rank	yeast_gene	cosine
1	YFL026W	0.92678
2	YML018C	0.92237
3	YER039C	0.92073
4	YOL162W	0.9196
5	YEL064C	0.91943
6	YPL246C	0.91884
7	YLL063C	0.91763
8	YHL016C	0.91762
9	YEL065W	0.91718
10	YCR098C	0.91715
11	YMR034C	0.91641
12	YDR090C	0.91613
13	YPR138C	0.91603
14	YHL040C	0.91517
15	YHL047C	0.91502
16	YCL073C	0.91462
17	YKR106W	0.91437
18	YGR121C	0.91422
19	YMR221C	0.91399
20	YGL225W	0.91368
21	YOL158C	0.91303
22	YER119C	0.91243
23	YLR034C	0.91235
24	YIL088C	0.91226
25	YJR124C	0.9122
26	YML116W	0.91195
27	YKL146W	0.91046
28	YDR536W	0.91011
29	YOR380W	0.91
30	YOR061W	0.90967
31	YMR279C	0.90946
32	YLR092W	0.90925
33	YOL122C	0.90836
34	YML123C	0.90821
35	YHR050W	0.90818
36	YLR152C	0.9081
37	YBR294W	0.90781
38	YGR055W	0.90749
39	YJR001W	0.90747
40	YJL214W	0.90728
41	YOR378W	0.90718
42	YGL087C	0.90715
43	YHR218W	0.90705
44	YNR055C	0.90684
45	YBR132C	0.9067
46	YGL077C	0.9064
47	YMR071C	0.90629
48	YDL210W	0.90625
49	YNL270C	0.90594
50	YMR015C	0.90586
51	YNL125C	0.90549
52	YNR072W	0.90534
53	YBL111C	0.90522
54	YBL042C	0.90518
55	YEL069C	0.90496
56	YGR191W	0.90445
57	YDR497C	0.90429
58	YCR028C	0.90399
59	YER056C	0.90398
60	YEL063C	0.90377
61	YIL121W	0.90362
62	YOL137W	0.90359
63	YPL175W	0.90344
64	YER060W	0.90329
65	YGR065C	0.90328
66	YNL095C	0.90327
67	YJR160C	0.90324
68	YNL123W	0.90313
69	YDL245C	0.90295
70	YJR158W	0.9029
71	YER185W	0.90285
72	YHL036W	0.90284
73	YPL265W	0.90214
74	YFL055W	0.90185
75	YBR298C	0.9018
76	YDL247W	0.90177
77	YNL142W	0.90177
78	YPL221W	0.90175
79	YBR241C	0.90164
80	YGR040W	0.90152
81	YJL219W	0.90129
82	YLR130C	0.90107
83	YIR028W	0.90097
84	YIL035C	0.90088
85	YKL161C	0.90085
86	YEL013W	0.90067
87	YER145C	0.90066
88	YIL170W	0.90065
89	YNL268W	0.90062
90	YIL166C	0.90052
91	YDR038C	0.90015
92	YOL156W	0.90015
93	YGL186C	0.90007
94	YBR287W	0.90002
95	YGR213C	0.89995
96	YBR296C	0.89994
97	YEL077C	0.89994
98	YBR164C	0.89935
99	YLR237W	0.89928
100	YDR039C	0.89922
101	YOL092W	0.89921
102	YLL067C	0.89919
103	YOR192C	0.89912
104	YOR094W	0.89905
105	YBL040C	0.89888
106	YER060W-A	0.89882
107	YBR235W	0.89879
108	YGR197C	0.89874
109	YIL120W	0.89874
110	YBR021W	0.89871
111	YNL275W	0.89864
112	YOR092W	0.89856
113	YDR040C	0.89852
114	YLR241W	0.89843
115	YPR131C	0.89838
116	YBR068C	0.89837
117	YOR348C	0.89821
118	YDR046C	0.89812
119	YFL011W	0.89805
120	YGR289C	0.898
121	YPR194C	0.89799
122	YEL031W	0.89798
123	YML133C	0.89795
124	YHR094C	0.89792
125	YPR003C	0.89786
126	YOR071C	0.89784
127	YKL217W	0.89782
128	YOL103W	0.89776
129	YAL026C	0.89773
130	YCL025C	0.89762
131	YDR011W	0.8976
132	YPL264C	0.89741
133	YLL055W	0.89741
134	YDR321W	0.89734
135	YKR093W	0.89692
136	YMR243C	0.89686
137	YOR241W	0.89678
138	YLR081W	0.89678
139	YOR087W	0.89639
140	YMR011W	0.89631
141	YJL108C	0.89629
142	YMR266W	0.89623
143	YKR039W	0.89597
144	YGR224W	0.89579
145	YLR466W	0.89577
146	YNR002C	0.89567
147	YLL066C	0.89566
148	YFL017W-A	0.89564
149	YPR201W	0.89564
150	YML064C	0.89557
151	YJR015W	0.89544
152	YOR328W	0.89529
153	YPL274W	0.89516
154	Q0085	0.8951
155	YOL002C	0.8951
156	YGL255W	0.89506
157	YER052C	0.89499
158	YCR017C	0.89486
159	YMR084W	0.89485
160	YPL244C	0.89467
161	YBR295W	0.89464
162	YPL051W	0.8946
163	YBR220C	0.8945
164	YBL016W	0.89446
165	YHR096C	0.89443
166	YDR021W	0.8944
167	YDR508C	0.89435
168	YGL139W	0.89416
169	YBR080C	0.89407
170	YEL004W	0.89399
171	YKR105C	0.89398
172	YGL115W	0.89395
173	YPR113W	0.89392
174	YKL107W	0.89389
175	YCR011C	0.89384
176	YHR007C	0.89356
177	YER081W	0.89355
178	YIL177C	0.89326
179	YJL225C	0.89309
180	YIL048W	0.89308
181	YAL067C	0.89282
182	YDR406W	0.89273
183	YKL004W	0.89255
184	YLL061W	0.89248
185	YNR070W	0.89239
186	YJL198W	0.89231
187	YDR135C	0.8922
188	YBR029C	0.89211
189	YJR152W	0.89207
190	YAL053W	0.89207
191	YLR058C	0.89203
192	YOR153W	0.89191
193	YBL089W	0.89189
194	YDR033W	0.89187
195	YKR053C	0.89178
196	YJL094C	0.89177
197	YNL090W	0.89177
198	YER026C	0.89168
199	YGL167C	0.8916
200	YLR411W	0.89114
201	YHR092C	0.89113
202	YDR384C	0.89081
203	YNR026C	0.89051
204	YOR257W	0.89028
205	YPR204W	0.89026
206	YCR061W	0.89023
207	YLR004C	0.8902
208	YCL069W	0.89008
209	YDR345C	0.89003
210	YER171W	0.88997
211	YOR384W	0.88997
212	YHR030C	0.88985
213	YDR438W	0.88962
214	YDL108W	0.88953
215	YKL166C	0.8895
216	YER012W	0.88936
217	YOR049C	0.88929
218	YPL058C	0.88926
219	YPR183W	0.88919
220	YER019W	0.88907
221	YDL006W	0.88899
222	YJL212C	0.8889
223	YOR161C	0.88886
224	YLR113W	0.88858
225	YGR060W	0.88857
226	YLR056W	0.88845
227	YOR381W	0.88841
228	YGR288W	0.88841
229	YER090W	0.88841
230	YMR288W	0.88832
231	YLR213C	0.8883
232	YDR456W	0.8883
233	YER190W	0.88825
234	YHR032W	0.8882
235	YOR270C	0.88817
236	YOL163W	0.88815
237	YJL134W	0.88815
238	YDR375C	0.88811
239	YCR037C	0.88811
240	YKL190W	0.88805
241	YBR043C	0.88795
242	YIL074C	0.88795
243	YPL092W	0.88787
244	YDR373W	0.8878
245	YLR046C	0.88777
246	YDR342C	0.88761
247	YKL104C	0.88752
248	YNL044W	0.88747
249	YJR156C	0.88743
250	YPL006W	0.8874
251	YNR060W	0.88739
252	YJR116W	0.88734
253	YOL075C	0.8873
254	YKL039W	0.88706
255	YKR026C	0.887
256	YDR540C	0.8869
257	YNR019W	0.88689
258	YLR220W	0.88651
259	YDR343C	0.88648
260	YOR316C	0.88648
261	YFL052W	0.88647
262	YIL009W	0.88632
263	YBR038W	0.88629
264	YDR100W	0.88627
265	YBR243C	0.886
266	YGR281W	0.8859
267	YHR026W	0.88588
268	YMR085W	0.88587
269	YDL244W	0.88585
270	YDR264C	0.88574
271	YBR069C	0.88569
272	YDL137W	0.88568
273	YOL084W	0.88568
274	YDL001W	0.88565
275	YKR080W	0.88561
276	YHL050C	0.8855
277	YNL332W	0.8855
278	YMR202W	0.88547
279	YEL046C	0.88542
280	YLR214W	0.88532
281	YPL276W	0.88512
282	YGL114W	0.88503
283	YOR011W	0.88501
284	YER133W	0.885
285	YMR058W	0.88499
286	YFL058W	0.88497
287	YOR357C	0.88497
288	YGR125W	0.88494
289	YDR001C	0.88491
290	YCR008W	0.8849
291	YPL050C	0.88484
292	YDR545W	0.8848
293	YOR396W	0.8848
294	YLR467W	0.8848
295	YBR286W	0.88478
296	YDL222C	0.88478
297	YNL194C	0.88477
298	YGL006W	0.88475
299	YPR192W	0.88466
300	YHR110W	0.8845
301	YER152C	0.8843
302	YGR260W	0.88428
303	YPL031C	0.88425
304	YOR339C	0.88404
305	YGL252C	0.88403
306	YBR187W	0.88397
307	YDR331W	0.88372
308	YML001W	0.88371
309	YKL129C	0.8836
310	YDL131W	0.88352
311	YGL012W	0.8834
312	YMR080C	0.88329
313	YGL200C	0.88323
314	YKL220C	0.88316
315	YDR402C	0.88315
316	YGR138C	0.88308
317	YIL001W	0.88299
318	YCR010C	0.88298
319	YJL171C	0.88287
320	YHL003C	0.88282
321	YDL138W	0.88282
322	YAL022C	0.88281
323	YKR059W	0.88274
324	YLR451W	0.88268
325	YHR175W	0.88249
326	YBR222C	0.88243
327	YBR160W	0.88235
328	YAL023C	0.88228
329	YDL052C	0.88227
330	YLR268W	0.8822
331	YKR051W	0.88217
332	YDR519W	0.88215
333	YMR292W	0.88215
334	YHR057C	0.88215
335	YPR128C	0.88205
336	YCR027C	0.882
337	YEL042W	0.88199
338	YNL130C	0.88199
339	YLR170C	0.88197
340	YAL054C	0.88195
341	YNL237W	0.8819
342	YEL060C	0.88181
343	YPR054W	0.8818
344	YBR034C	0.88178
345	YNL339C	0.88178
346	YDR062W	0.88172
347	YPL283C	0.88172
348	YGR296W	0.88171
349	YLL028W	0.88163
350	YLR193C	0.88156
351	YMR138W	0.88127
352	YOR311C	0.88127
353	YMR205C	0.8812
354	YGL210W	0.88106
355	YOR273C	0.88106
356	YDR522C	0.88105
357	YDR111C	0.88104
358	YBL041W	0.88104
359	YHR039C	0.88098
360	YGL002W	0.88098
361	YPR156C	0.88097
362	YDL144C	0.88079
363	YNL010W	0.88072
364	YHL017W	0.88068
365	YNL108C	0.88067
366	YOL011W	0.88066
367	YNR013C	0.88063
368	YFL056C	0.88058
369	YNL065W	0.88055
370	YLR209C	0.88052
371	YHR012W	0.88045
372	YJL218W	0.88036
373	YDL128W	0.88023
374	YOL119C	0.88022
375	YIL003W	0.88017
376	YJL001W	0.88008
377	YOR306C	0.88001
378	YHR123W	0.87995
379	YDL188C	0.87986
380	YDR492W	0.87984
381	YER166W	0.87983
382	YOR157C	0.87981
383	YBR001C	0.87976
384	YDR352W	0.87976
385	YPR035W	0.87971
386	YDL047W	0.87968
387	YLR244C	0.87965
388	YJL213W	0.87962
389	YOL112W	0.87961
390	YDR196C	0.8796
391	YHR128W	0.87948
392	YPR193C	0.87945
393	YJL055W	0.87939
394	YOR307C	0.87938
395	YKL069W	0.87933
396	YIL162W	0.87925
397	YPL036W	0.87923
398	YBR054W	0.8792
399	YMR008C	0.87914
400	YJR065C	0.87913
401	YLR121C	0.879
402	YCR023C	0.87899
403	YDR304C	0.87897
404	YHR142W	0.8789
405	YML075C	0.87874
406	YPR051W	0.87871
407	YMR246W	0.87859
408	YHR181W	0.87858
409	YOR013W	0.87857
410	YIL116W	0.87851
411	YGR175C	0.87843
412	YPL208W	0.87837
413	YLR138W	0.87833
414	YNR048W	0.8783
415	YIR022W	0.87829
416	YEL040W	0.87826
417	YMR006C	0.87818
418	YLR324W	0.87807
419	YGL022W	0.87805
420	YPR103W	0.87803
421	YMR301C	0.87797
422	YML086C	0.87793
423	YOR317W	0.87789
424	YOL020W	0.87787
425	YJL093C	0.87779
426	YNL288W	0.87777
427	YFL041W	0.87765
428	YGR100W	0.87757
429	YNL330C	0.87753
430	YNL099C	0.8775
431	YJR073C	0.87749
432	YIR042C	0.87742
433	YEL011W	0.87739
434	YPL204W	0.87739
435	YDL134C	0.87736
436	YOR326W	0.87731
437	YKR002W	0.87726
438	YOR155C	0.87721
439	YJR143C	0.87719
440	YKR043C	0.87715
441	YLR307W	0.87714
442	YOR388C	0.87708
443	YGR132C	0.87707
444	YDL182W	0.87707
445	YJL196C	0.87694
446	YKL051W	0.87693
447	YKR068C	0.87691
448	YOR321W	0.8769
449	YKL216W	0.87686
450	YKL221W	0.87673
451	YMR253C	0.87665
452	YLR343W	0.87664
453	YGR240C	0.87663
454	YER086W	0.8766
455	YER015W	0.87658
456	YCR101C	0.87657
457	YFL038C	0.87645
458	YBR183W	0.8764
459	YGL047W	0.87636
460	YGR135W	0.87629
461	YFL066C	0.87628
462	YDR075W	0.87626
463	YKR038C	0.87619
464	YHR132C	0.87609
465	YER020W	0.87607
466	YGL001C	0.87601
467	YLR229C	0.87599
468	YPL094C	0.87589
469	YGR152C	0.87587
470	YBL026W	0.87583
471	YNL277W	0.87582
472	YML038C	0.87579
473	YGR163W	0.87579
474	YMR054W	0.87577
475	YDL095W	0.87564
476	YBR008C	0.8756
477	YJL164C	0.87559
478	YBR210W	0.87558
479	YLL058W	0.87556
480	YLR153C	0.87556
481	YGL100W	0.87552
482	YKL033W-A	0.87544
483	YBR114W	0.87531
484	YMR146C	0.87524
485	YHR005C	0.87523
486	YPL245W	0.87522
487	YBR166C	0.87516
488	YHR144C	0.87509
489	YNL329C	0.87505
490	YOR197W	0.87497
491	YIL013C	0.87488
492	YOR283W	0.87485
493	YDL080C	0.87484
494	YOL066C	0.87481
495	YDL194W	0.87479
496	YNL264C	0.87475
497	YMR109W	0.87472
498	YMR056C	0.8747
499	YIL020C	0.87466
500	YBR046C	0.87466
501	YNR034W	0.87465
502	YNL021W	0.87452
503	YJR095W	0.87452
504	YDR294C	0.87446
505	YNL202W	0.87443
506	YJR107W	0.8744
507	YLR420W	0.87438
508	YDL160C	0.87435
509	YDL192W	0.87434
510	YBR207W	0.87434
511	YER031C	0.87432
512	YLR397C	0.87423
513	YCR068W	0.87418
514	YJL167W	0.87406
515	YLR137W	0.87392
516	YNL274C	0.87384
517	YMR079W	0.87379
518	YDR541C	0.87377
519	YOL165C	0.87374
520	YDR093W	0.87368
521	YDR465C	0.87367
522	YBR126C	0.87359
523	YBR263W	0.87358
524	YMR063W	0.87354
525	YLR158C	0.87352
526	YLR157C	0.87352
527	YLR155C	0.87352
528	YLR160C	0.87352
529	YOL132W	0.8735
530	YAL029C	0.8735
531	YDR404C	0.87348
532	YOL068C	0.87347
533	YHR190W	0.87342
534	YOR131C	0.87335
535	YNL191W	0.87331
536	YEL041W	0.87331
537	YDR328C	0.87324
538	YGR007W	0.87323
539	YER089C	0.87323
540	YPL206C	0.87323
541	YOR003W	0.87318
542	YBR297W	0.87314
543	YDR297W	0.87312
544	YOL038W	0.87305
545	YPL236C	0.87295
546	YKL078W	0.87294
547	YER094C	0.8729
548	YFR047C	0.87287
549	YKL218C	0.87285
550	YLR203C	0.87285
551	YBR115C	0.87284
552	YDR516C	0.87273
553	YOL151W	0.87272
554	YOR351C	0.87272
555	YGR155W	0.87265
556	YKL024C	0.87264
557	YIL118W	0.87258
558	YNR056C	0.87255
559	YGR004W	0.87254
560	YGL008C	0.87253
561	YHR003C	0.87249
562	YJR040W	0.87244
563	YJL060W	0.87242
564	YDR459C	0.87237
565	YKR088C	0.87235
566	YIL103W	0.87234
567	YJR049C	0.87233
568	YFR006W	0.8723
569	YBR088C	0.87229
570	YDR270W	0.87227
571	YGL253W	0.87223
572	YER125W	0.87223
573	YDR185C	0.87218
574	YKL094W	0.87217
575	YIL143C	0.87213
576	YGR252W	0.87212
577	YGL224C	0.87211
578	YPL046C	0.87208
579	YNL307C	0.87205
580	YEL020C	0.87203
581	YCR107W	0.87202
582	Q0045	0.87201
583	YNR064C	0.87198
584	YGL039W	0.87196
585	YFL017C	0.87186
586	YGR010W	0.87185
587	YJL128C	0.87183
588	YOR175C	0.87178
589	YKR050W	0.87174
590	YMR022W	0.87174
591	YOL154W	0.87164
592	YFR021W	0.87161
593	YJR024C	0.87157
594	YLR017W	0.87155
595	YKL035W	0.87146
596	YDR055W	0.87145
597	YNL323W	0.87145
598	YNL290W	0.87144
599	YJL174W	0.87144
600	YNL189W	0.87144
601	YLR014C	0.87143
602	YFL005W	0.87143
603	YMR238W	0.87141
604	YHL026C	0.87133
605	YNR032W	0.87129
606	YAR073W	0.87121
607	YBR019C	0.8712
608	YGL202W	0.87114
609	YCR073W-A	0.87114
610	YLR005W	0.87113
611	YMR322C	0.8711
612	YDR341C	0.87106
613	YBR082C	0.87103
614	YGL055W	0.87102
615	YPR176C	0.87096
616	YPL113C	0.87093
617	YMR296C	0.8709
618	YNL101W	0.87089
619	YMR178W	0.87087
620	YDR144C	0.87083
621	YIL108W	0.87081
622	YGR267C	0.87078
623	YNL056W	0.8707
624	YKL174C	0.87067
625	YKL001C	0.87062
626	YBR117C	0.87061
627	YJL012C	0.87047
628	YBR264C	0.87046
629	YKR018C	0.87039
630	YOR126C	0.87039
631	YOR291W	0.87035
632	YCR048W	0.87028
633	YOR391C	0.87026
634	YJR072C	0.8702
635	YPL280W	0.87018
636	YDR099W	0.87018
637	YKL184W	0.87009
638	YHL011C	0.87009
639	YPL203W	0.87009
640	YBR153W	0.87009
641	YLR433C	0.87004
642	YAL064C-A	0.86994
643	YLR195C	0.86989
644	YLR328W	0.86987
645	YGL011C	0.86985
646	Q0250	0.86985
647	YFR055W	0.86981
648	YDL097C	0.86977
649	YHR043C	0.86974
650	YKL027W	0.86972
651	YDL243C	0.86972
652	YDR074W	0.86971
653	YBR293W	0.86964
654	YFR053C	0.8696
655	YMR319C	0.86958
656	YGR199W	0.8695
657	YOR110W	0.86946
658	YIL160C	0.86946
659	YKL046C	0.86946
660	YJR112W-A	0.86946
661	YHR202W	0.86945
662	YJR025C	0.86943
663	YDR338C	0.86942
664	YBR180W	0.8694
665	YDL093W	0.8694
666	YPL218W	0.8694
667	YER053C	0.86937
668	YIL064W	0.86924
669	YNR065C	0.86923
670	YCR009C	0.86921
671	YHR044C	0.86918
672	YLR447C	0.86909
673	YOL016C	0.86907
674	YOR109W	0.86905
675	YOR347C	0.86904
676	YJR130C	0.869
677	YFL057C	0.86897
678	YBL011W	0.86895
679	YCR044C	0.8689
680	YPR173C	0.86888
681	YKL120W	0.86883
682	YLR253W	0.86876
683	YDL155W	0.86874
684	YHR047C	0.86868
685	YNL287W	0.86868
686	YMR215W	0.86866
687	YBL106C	0.86866
688	YNL231C	0.86863
689	YKL181W	0.86859
690	YBR214W	0.86856
691	YKR102W	0.86853
692	YDL166C	0.86851
693	YMR300C	0.86846
694	YBR020W	0.8684
695	YDR232W	0.86839
696	YBR256C	0.86832
697	YMR217W	0.86832
698	YMR306W	0.86823
699	YDL212W	0.8682
700	YPL227C	0.86809
701	YBR248C	0.86807
702	YLR189C	0.86806
703	YKL193C	0.86802
704	YDR415C	0.86802
705	YJL068C	0.86791
706	YDL086W	0.86788
707	YHR046C	0.86783
708	YDR291W	0.86782
709	YIL053W	0.86779
710	YDL007W	0.86775
711	YKR001C	0.86768
712	YKL211C	0.86767
713	YFR014C	0.86766
714	YBR265W	0.86765
715	YLR432W	0.86765
716	YLR126C	0.86763
717	YCL017C	0.86757
718	YOR101W	0.86752
719	YBR006W	0.86746
720	YBR137W	0.86745
721	YPR196W	0.86741
722	YPR160W	0.86738
723	YGR028W	0.86736
724	YJL155C	0.86735
725	YGR172C	0.86735
726	YHR112C	0.86731
727	YOR172W	0.86728
728	YHR106W	0.86722
729	YNL222W	0.86722
730	YLR146C	0.86722
731	YOR034C	0.86722
732	YBL029C-A	0.86713
733	YBR085W	0.86711
734	YML092C	0.8671
735	YBR087W	0.86707
736	YPR082C	0.86706
737	YOR128C	0.86706
738	YMR241W	0.86703
739	YNL098C	0.86699
740	YBL078C	0.86684
741	YOR108W	0.86678
742	YAL007C	0.86678
743	YNL280C	0.86676
744	YAL061W	0.86671
745	YPR121W	0.86669
746	YAL060W	0.86665
747	YDL046W	0.86664
748	Q0065	0.86662
749	YOL129W	0.86658
750	YOL080C	0.86658
751	YLL023C	0.86657
752	YLR120C	0.86656
753	YMR262W	0.86655
754	YNL331C	0.86654
755	YBR208C	0.8665
756	YPL259C	0.86648
757	YEL058W	0.86647
758	Q0130	0.86646
759	YJL050W	0.86643
760	YML056C	0.86643
761	YOR250C	0.86642
762	YBR023C	0.86641
763	YBL039C	0.86637
764	YMR155W	0.86636
765	YMR200W	0.86636
766	YHR216W	0.86628
767	YGL017W	0.86626
768	YDL049C	0.86622
769	YML052W	0.86619
770	YDR059C	0.86619
771	YLR372W	0.86619
772	YMR210W	0.86615
773	YPR145W	0.86615
774	YBR159W	0.86614
775	YHR129C	0.86614
776	YOL030W	0.86612
777	YEL036C	0.8661
778	YNL200C	0.86609
779	YOR303W	0.86609
780	YLR231C	0.86608
781	YPR198W	0.86604
782	YER055C	0.86603
783	YML067C	0.86597
784	YFR015C	0.86594
785	YJR153W	0.86594
786	YGR036C	0.86592
787	YGR019W	0.86591
788	YNR032C-A	0.8659
789	YKL135C	0.86589
790	YHR135C	0.86584
791	YLR410W	0.86582
792	YLL060C	0.86577
793	YKL157W	0.86575
794	YFR044C	0.86571
795	YDR129C	0.86569
796	YCL040W	0.86563
797	YOL157C	0.86562
798	YIR026C	0.86562
799	YGL119W	0.86561
800	YLR262C	0.8656
801	YIL014W	0.8656
802	YGR264C	0.86559
803	YJL221C	0.86558
804	YIL172C	0.86558
805	YOL073C	0.86554
806	YMR009W	0.86552
807	YPR002W	0.86547
808	YML080W	0.86547
809	YOL065C	0.86533
810	YLR083C	0.86533
811	YNL141W	0.86531
812	YCR100C	0.8653
813	YPR025C	0.86527
814	YDR380W	0.86524
815	YNL336W	0.86523
816	YMR088C	0.86521
817	YJL163C	0.86521
818	YPL122C	0.86514
819	YIL099W	0.86513
820	YCL038C	0.86508
821	Q0120	0.86508
822	YDR109C	0.86507
823	YBR015C	0.86504
824	YEL030W	0.865
825	YBR218C	0.86499
826	YPL087W	0.86498
827	YFL039C	0.86498
828	YDL125C	0.86492
829	YNL223W	0.86487
830	YER072W	0.86485
831	YGL120C	0.86483
832	YPL169C	0.8648
833	YLR277C	0.86476
834	YPL015C	0.86475
835	YOR163W	0.86474
836	YER069W	0.86473
837	YDL102W	0.86467
838	YDR084C	0.86467
839	YPL119C	0.86464
840	YPR016C	0.86461
841	YNL093W	0.86454
842	YDR214W	0.86449
843	YKL008C	0.86448
844	YOR390W	0.86443
845	YGL140C	0.86442
846	YCR075C	0.8644
847	YDL174C	0.86439
848	YML082W	0.86437
849	YCR045C	0.86437
850	YPR157W	0.86434
851	YHR218W-A	0.86434
852	YBL112C	0.86434
853	YDL057W	0.86428
854	YPL184C	0.86426
855	YCR002C	0.86425
856	YJR068W	0.86425
857	YMR272C	0.8642
858	YAL009W	0.86416
859	YLR011W	0.86415
860	YLR291C	0.86411
861	YER044C	0.86411
862	YPL061W	0.86408
863	YGL130W	0.86404
864	YDR378C	0.86391
865	YNR012W	0.86381
866	YER066W	0.86379
867	YPR165W	0.86376
868	YGR287C	0.86375
869	YPL153C	0.86374
870	YMR290C	0.8637
871	YMR244W	0.8637
872	YGR012W	0.86367
873	YNL181W	0.86365
874	YPR032W	0.8636
875	YKL126W	0.86355
876	YMR139W	0.86351
877	YDR411C	0.86349
878	YGL091C	0.86347
879	YOL133W	0.86347
880	YGR253C	0.86339
881	YPR172W	0.86338
882	YER110C	0.86329
883	YJL121C	0.86326
884	YOR236W	0.86325
885	YGR141W	0.86323
886	YBR035C	0.8632
887	YDR238C	0.86319
888	YOL130W	0.86314
889	YHR027C	0.86313
890	YOL094C	0.86308
891	YDL193W	0.86305
892	YLR446W	0.86304
893	YCR105W	0.863
894	YDR092W	0.86294
895	YPL226W	0.86292
896	YBR073W	0.86287
897	YGL054C	0.86283
898	YBR096W	0.8628
899	YPL258C	0.86279
900	YFR028C	0.86276
901	YDR287W	0.86275
902	YPR019W	0.86267
903	YGR124W	0.86265
904	YNR003C	0.86265
905	YGR217W	0.86265
906	YIR027C	0.86262
907	YJR131W	0.86259
908	YJL087C	0.86259
909	YLR246W	0.86257
910	YGR123C	0.86256
911	YPL279C	0.86255
912	YML012W	0.86255
913	YGR282C	0.86251
914	YGR032W	0.86251
915	YLR070C	0.86248
916	YNR067C	0.86246
917	YLL056C	0.86243
918	YOR079C	0.86241
919	YHR213W	0.86239
920	YAR062W	0.86239
921	YCR021C	0.86239
922	YML132W	0.86238
923	YBR302C	0.86238
924	YNL006W	0.86234
925	YMR304W	0.86227
926	YJR109C	0.86221
927	YER062C	0.8622
928	YBL068W	0.86218
929	YBL022C	0.86215
930	YDR481C	0.86212
931	YPR108W	0.86209
932	YHR025W	0.86208
933	YPR062W	0.86203
934	YDL064W	0.86195
935	YOR046C	0.86193
936	YDL124W	0.86192
937	YGL157W	0.86189
938	YLL029W	0.86188
939	YBR154C	0.86181
940	YOR099W	0.8618
941	YMR308C	0.86178
942	YHR048W	0.86174
943	YHL042W	0.86168
944	YPL275W	0.86166
945	YPR056W	0.86166
946	YJL222W	0.86166
947	YER177W	0.86161
948	YLR347C	0.86153
949	YCR047C	0.86145
950	YIL015W	0.86144
951	YFR010W	0.86144
952	YGR189C	0.86143
953	YGL062W	0.86139
954	YML008C	0.86138
955	YKR066C	0.86136
956	YIL173W	0.86134
957	YDR514C	0.86133
958	YNL192W	0.86129
959	YBL017C	0.86127
960	YBR170C	0.86124
961	YML106W	0.8612
962	YFL050C	0.8612
963	YDR007W	0.86116
964	YLL015W	0.86115
965	YNL106C	0.86115
966	YPL183C	0.86114
967	YGL026C	0.86114
968	YHR029C	0.86113
969	YJR020W	0.86112
970	YJR032W	0.86112
971	YPR153W	0.86109
972	YML126C	0.86102
973	YER099C	0.86101
974	YMR250W	0.86097
975	YDL042C	0.86092
976	YLR345W	0.86084
977	YBL036C	0.86082
978	YJR103W	0.86076
979	YKR067W	0.86076
980	YJL002C	0.86071
981	YJL160C	0.8607
982	YOR362C	0.86069
983	YLR326W	0.86069
984	YJR155W	0.86068
985	YMR169C	0.8606
986	YHR100C	0.86057
987	YBR053C	0.86057
988	YKR055W	0.86055
989	YGR043C	0.86054
990	YDL100C	0.86054
991	YJL208C	0.8605
992	YDR539W	0.86049
993	YML057W	0.86047
994	YBL056W	0.86047
995	YDR306C	0.86044
996	YDR140W	0.86043
997	YGL190C	0.86043
998	YBR242W	0.86043
999	YLR188W	0.86043
1000	YIL067C	0.86042
1001	YBR078W	0.86039
1002	YLR398C	0.86038
1003	YNR043W	0.86036
1004	YJR161C	0.86036
1005	YER175C	0.86035
1006	YMR113W	0.86031
1007	YLR450W	0.86028
1008	YOL055C	0.86027
1009	YDL238C	0.86024
1010	YCR057C	0.86023
1011	YLL048C	0.86021
1012	YNL321W	0.8602
1013	YCR069W	0.8602
1014	YLR008C	0.86018
1015	YML125C	0.86016
1016	YJL145W	0.86016
1017	YJR058C	0.86016
1018	YKR104W	0.86014
1019	YOR162C	0.86014
1020	YKL145W	0.86012
1021	YER023W	0.86012
1022	YBR092C	0.86011
1023	YKL210W	0.86011
1024	YMR314W	0.86008
1025	YOR209C	0.86007
1026	YGR218W	0.85996
1027	YMR268C	0.85995
1028	YMR101C	0.85993
1029	YFL061W	0.85991
1030	YNL335W	0.85991
1031	YDR394W	0.85983
1032	YGR208W	0.85976
1033	YER039C-A	0.85972
1034	YHL039W	0.8597
1035	YPL111W	0.85967
1036	YIL142W	0.85967
1037	YIL124W	0.85965
1038	YOR246C	0.8595
1039	YER142C	0.85949
1040	YPL235W	0.85946
1041	YKR074W	0.85946
1042	YDL164C	0.85945
1043	YJL216C	0.85935
1044	YCR072C	0.85931
1045	YLR413W	0.85928
1046	YPR140W	0.85923
1047	YBL057C	0.85922
1048	YLR285W	0.85918
1049	YBL105C	0.85909
1050	YBR291C	0.85898
1051	YNL132W	0.85892
1052	YMR220W	0.85891
1053	YJR069C	0.85889
1054	YMR041C	0.85888
1055	YHR063C	0.85888
1056	YNL066W	0.85887
1057	YKL113C	0.85884
1058	YCR094W	0.85883
1059	YBR041W	0.8588
1060	YNL154C	0.8588
1061	YAR002C-A	0.85877
1062	YDR211W	0.85877
1063	YLR216C	0.8587
1064	YOR095C	0.85868
1065	YAL042W	0.85866
1066	YOL125W	0.85864
1067	YLR377C	0.85863
1068	YBR058C	0.85862
1069	YLR168C	0.85861
1070	YNL014W	0.85859
1071	YFR005C	0.85859
1072	YHR042W	0.85856
1073	YHR200W	0.85856
1074	YDL103C	0.85855
1075	YDL022W	0.8585
1076	YIR031C	0.85848
1077	YLR047C	0.85844
1078	YPR069C	0.85842
1079	YGL028C	0.8584
1080	YDR483W	0.85837
1081	YJL088W	0.85836
1082	YKR097W	0.85835
1083	YAL049C	0.85833
1084	YDL248W	0.85831
1085	YDR284C	0.85827
1086	YOR323C	0.85824
1087	YPR159W	0.85824
1088	YML121W	0.85822
1089	YNL087W	0.8582
1090	YFR031C	0.85819
1091	YNL229C	0.85818
1092	YLR386W	0.85818
1093	YPR024W	0.85818
1094	YHR074W	0.85808
1095	YOR084W	0.85807
1096	YIL164C	0.85807
1097	YDR009W	0.85806
1098	YDL201W	0.85795
1099	YLR342W	0.85791
1100	YFR048W	0.8579
1101	YPL154C	0.85786
1102	YLR100W	0.85781
1103	YDR047W	0.85777
1104	YGL048C	0.85776
1105	YAL016W	0.85775
1106	YGR087C	0.85772
1107	YPR182W	0.85769
1108	YOL153C	0.85766
1109	YLR438C-A	0.85764
1110	YDR107C	0.85754
1111	YGR286C	0.85751
1112	YMR170C	0.85748
1113	YIL008W	0.85747
1114	YOR222W	0.85746
1115	YGR094W	0.85746
1116	YDL017W	0.85744
1117	YOR016C	0.85742
1118	YER176W	0.85742
1119	YGR210C	0.85738
1120	YHR178W	0.85736
1121	YHR031C	0.85734
1122	YBR245C	0.85732
1123	YDL018C	0.85732
1124	YER013W	0.85725
1125	YIR039C	0.85719
1126	YGR200C	0.85714
1127	YPL147W	0.85712
1128	Q0105	0.8571
1129	YKL196C	0.85709
1130	YDR058C	0.85708
1131	YDL079C	0.85704
1132	YPR180W	0.85703
1133	YBR011C	0.85699
1134	YAR023C	0.85694
1135	YBR147W	0.85691
1136	YDR105C	0.8569
1137	YJR010C-A	0.85688
1138	YOL060C	0.85688
1139	YAL062W	0.85686
1140	YPL234C	0.85683
1141	YPL176C	0.85683
1142	YMR271C	0.85676
1143	YCL048W	0.85672
1144	YMR285C	0.85671
1145	YNL020C	0.85671
1146	YBR283C	0.8567
1147	YDL168W	0.8567
1148	YGL163C	0.8567
1149	YLR089C	0.85669
1150	YEL066W	0.85668
1151	YDR158W	0.85668
1152	YDR120C	0.85665
1153	YJL183W	0.85664
1154	YNL238W	0.85661
1155	YHL008C	0.85661
1156	YCR106W	0.85656
1157	YJL035C	0.85655
1158	YOL115W	0.85654
1159	YDR177W	0.8565
1160	YLR361C	0.85648
1161	YLR210W	0.85641
1162	YLR330W	0.85637
1163	YFR009W	0.85637
1164	YDL039C	0.85636
1165	YHR215W	0.85631
1166	YMR297W	0.85626
1167	YPL012W	0.85622
1168	YJL172W	0.85619
1169	YOR086C	0.85619
1170	YLR059C	0.85618
1171	YLR186W	0.85618
1172	YGL154C	0.85617
1173	YMR123W	0.85615
1174	YDR300C	0.85614
1175	YKR056W	0.85614
1176	YKL222C	0.85612
1177	YHR037W	0.85611
1178	YOL059W	0.85609
1179	YGR029W	0.85608
1180	YLR245C	0.85606
1181	YBL091C	0.85605
1182	YDR397C	0.85605
1183	YJR096W	0.85604
1184	YBR093C	0.856
1185	YKL144C	0.85597
1186	YAR018C	0.85597
1187	YLR369W	0.85596
1188	YCR067C	0.85592
1189	YLR303W	0.85591
1190	YLR378C	0.85586
1191	YKL091C	0.85585
1192	YMR162C	0.85582
1193	YNL104C	0.85577
1194	YBR094W	0.85577
1195	YGL171W	0.85575
1196	YGR295C	0.85571
1197	YAR071W	0.85568
1198	YHR064C	0.85567
1199	YPL010W	0.85565
1200	YPL133C	0.85563
1201	YJL030W	0.85562
1202	YOR204W	0.85562
1203	YJR075W	0.85557
1204	YER148W	0.85556
1205	YCL036W	0.85556
1206	YDL236W	0.85553
1207	YOR089C	0.85553
1208	YFL062W	0.85552
1209	YDR127W	0.8554
1210	YPR111W	0.8554
1211	YBL030C	0.85536
1212	YEL001C	0.85535
1213	YOR142W	0.85532
1214	YCL075W	0.85531
1215	YGL221C	0.85525
1216	YJL059W	0.85524
1217	YER100W	0.85521
1218	YJL082W	0.85519
1219	YNR075W	0.85518
1220	YOL021C	0.85517
1221	YNL241C	0.85516
1222	YBR234C	0.85516
1223	YML021C	0.85516
1224	YDR452W	0.855
1225	YLR289W	0.85498
1226	YLR348C	0.85488
1227	YLL001W	0.85482
1228	YAL048C	0.85481
1229	YGR180C	0.85481
1230	YBR162C	0.85479
1231	YGR256W	0.85479
1232	YLR055C	0.85479
1233	YGR292W	0.85478
1234	YLL052C	0.85476
1235	YHR002W	0.85474
1236	YLR020C	0.85473
1237	YOR292C	0.85466
1238	YFL045C	0.85466
1239	YML072C	0.8546
1240	YML079W	0.85455
1241	YCR034W	0.85454
1242	YKL114C	0.85453
1243	YML078W	0.85448
1244	YEL071W	0.85439
1245	YCL033C	0.85438
1246	YMR027W	0.85434
1247	YHR183W	0.85432
1248	YBR299W	0.85426
1249	YHR013C	0.85424
1250	YOL009C	0.85424
1251	YML051W	0.85421
1252	YLR286C	0.85417
1253	YBR018C	0.85415
1254	YBR002C	0.85412
1255	YIL109C	0.8541
1256	YLL012W	0.85408
1257	YDL132W	0.85402
1258	YMR315W	0.85401
1259	YDL036C	0.85397
1260	YFL054C	0.8539
1261	YDR346C	0.85388
1262	YDL055C	0.85386
1263	YKR009C	0.85383
1264	YML115C	0.8538
1265	YDL109C	0.85378
1266	YER003C	0.85377
1267	YIL047C	0.85377
1268	YPL088W	0.85367
1269	YGL201C	0.85362
1270	YLR108C	0.85358
1271	YGR092W	0.85357
1272	YML005W	0.85355
1273	YGL053W	0.85352
1274	YGR024C	0.85347
1275	YNR020C	0.85342
1276	YPL117C	0.85341
1277	YBR052C	0.85339
1278	YDR490C	0.85339
1279	YGL104C	0.85336
1280	YMR307W	0.85335
1281	YCL030C	0.85335
1282	YGL084C	0.85333
1283	YHR176W	0.85332
1284	YNL025C	0.85332
1285	YNR008W	0.85329
1286	YGR248W	0.85323
1287	YLR412W	0.85323
1288	YOR226C	0.8532
1289	YER172C	0.8532
1290	YPL214C	0.85319
1291	YPL170W	0.85319
1292	YBL113C	0.85319
1293	YPL095C	0.85313
1294	YDL230W	0.85311
1295	YDR448W	0.85309
1296	YPR127W	0.85309
1297	YNL312W	0.85307
1298	YNL117W	0.85306
1299	YNR011C	0.85304
1300	YPR167C	0.85301
1301	YOL062C	0.853
1302	YDR067C	0.85299
1303	YHR107C	0.85295
1304	YER070W	0.85295
1305	YIL039W	0.85294
1306	YOL124C	0.85291
1307	YPR149W	0.85291
1308	YFR018C	0.85289
1309	YML035C	0.85285
1310	YML124C	0.85284
1311	YDR477W	0.85283
1312	YLL006W	0.85282
1313	YNL281W	0.85282
1314	YJR057W	0.85278
1315	YMR001C	0.85276
1316	YBL018C	0.85269
1317	YPR081C	0.85267
1318	YDR063W	0.85264
1319	YGR231C	0.85263
1320	YIL066C	0.85262
1321	YKL197C	0.85262
1322	YGL196W	0.85257
1323	YMR318C	0.85256
1324	YNL334C	0.85254
1325	YDR272W	0.85253
1326	YIR034C	0.8525
1327	YPR086W	0.85248
1328	YMR108W	0.85246
1329	YER183C	0.85245
1330	YGR271W	0.85243
1331	YDR349C	0.8524
1332	YJL116C	0.85233
1333	YML054C	0.85231
1334	YKR017C	0.85229
1335	YOL152W	0.85228
1336	YNR050C	0.85227
1337	YDL141W	0.85225
1338	YML131W	0.85224
1339	YJR154W	0.85219
1340	YLR308W	0.85218
1341	YLR384C	0.85216
1342	YCR053W	0.85216
1343	YEL002C	0.8521
1344	YLR258W	0.8521
1345	YKL165C	0.85207
1346	YOL034W	0.85207
1347	YJR118C	0.85206
1348	YLR181C	0.85203
1349	YLR028C	0.85203
1350	YML077W	0.85201
1351	YGR284C	0.85201
1352	YKL182W	0.852
1353	YAL018C	0.852
1354	YOL098C	0.85198
1355	YJR077C	0.85196
1356	YDR091C	0.85187
1357	YKL213C	0.85186
1358	YDR398W	0.85185
1359	YLR060W	0.85183
1360	YIR029W	0.85183
1361	YPL042C	0.8518
1362	YBR111C	0.8518
1363	YBR149W	0.85179
1364	YJL024C	0.85175
1365	YHL048W	0.85173
1366	YOR117W	0.85171
1367	YBR139W	0.85169
1368	YDR258C	0.85167
1369	YJR151C	0.85167
1370	YML087C	0.85165
1371	YOR365C	0.85161
1372	YHR111W	0.85157
1373	YDR037W	0.85153
1374	YPR074C	0.85151
1375	YHR163W	0.85149
1376	YJR132W	0.85146
1377	YER043C	0.85143
1378	YGR105W	0.8514
1379	YBR177C	0.85137
1380	YGR133W	0.85135
1381	YGL164C	0.85135
1382	YHR139C	0.85132
1383	YNR027W	0.8513
1384	YJR013W	0.85127
1385	YNL129W	0.85122
1386	YDL029W	0.85122
1387	YIL168W	0.85121
1388	YLR389C	0.85121
1389	YIL155C	0.85121
1390	YPR124W	0.8512
1391	YOR074C	0.8512
1392	YER136W	0.85119
1393	YBL068W-A	0.85113
1394	YPL213W	0.85107
1395	YIR002C	0.85105
1396	YNL112W	0.85092
1397	YMR196W	0.85086
1398	YLR382C	0.85083
1399	YPR118W	0.85081
1400	YBR192W	0.85081
1401	YDR387C	0.85077
1402	YOR185C	0.85077
1403	YJL005W	0.85069
1404	YGL206C	0.85068
1405	YFL060C	0.85067
1406	YDR236C	0.85067
1407	YOR196C	0.85065
1408	YOR165W	0.85061
1409	YGL256W	0.85059
1410	YGR131W	0.85053
1411	YLR251W	0.85052
1412	YOR374W	0.85051
1413	YER159C	0.8505
1414	YPL157W	0.8505
1415	YER005W	0.85045
1416	YBR254C	0.85042
1417	YDL147W	0.8504
1418	YLR172C	0.8504
1419	YIL145C	0.85039
1420	YKL178C	0.85038
1421	YER165W	0.85037
1422	YFL034C-B	0.85036
1423	YLL053C	0.85031
1424	YMR239C	0.85027
1425	YKL151C	0.85027
1426	YPL140C	0.85026
1427	YDL178W	0.85025
1428	YMR305C	0.85024
1429	YJL078C	0.85021
1430	YAR035W	0.85019
1431	YJL125C	0.85018
1432	YBR236C	0.85018
1433	YGR185C	0.85018
1434	YER009W	0.85015
1435	YFR025C	0.85015
1436	YIL075C	0.85014
1437	YNL326C	0.85012
1438	YER143W	0.8501
1439	YPR120C	0.85008
1440	YNL207W	0.85007
1441	YLR222C	0.85006
1442	YDR479C	0.85006
1443	YKR095W-A	0.85
1444	YER017C	0.85
1445	YPL151C	0.85
1446	YER057C	0.84999
1447	YLR414C	0.84999
1448	YPR181C	0.84997
1449	YOL097C	0.84995
1450	YLR249W	0.84992
1451	YJL033W	0.84988
1452	YPR147C	0.84987
1453	YKL191W	0.84987
1454	YPL179W	0.84985
1455	YKL073W	0.84981
1456	YGL194C	0.84979
1457	YER134C	0.84979
1458	YNL318C	0.84978
1459	YGR229C	0.84974
1460	YIL002C	0.84969
1461	YBR169C	0.84967
1462	YOR262W	0.84963
1463	YLR088W	0.84963
1464	YFR027W	0.84955
1465	YIL114C	0.84947
1466	YOL090W	0.84943
1467	YHR028C	0.84942
1468	YJR117W	0.84941
1469	YHR019C	0.84935
1470	YDR013W	0.84931
1471	Q0275	0.84919
1472	YER073W	0.84915
1473	YDR280W	0.84912
1474	YDR525W-A	0.84902
1475	YER010C	0.84902
1476	YDR142C	0.84895
1477	YML102W	0.8489
1478	YDR523C	0.8489
1479	YDR400W	0.84885
1480	YBR200W	0.84884
1481	YNR016C	0.84876
1482	YHR068W	0.84876
1483	YFL040W	0.84875
1484	YKL127W	0.84875
1485	YOR154W	0.84872
1486	YNL024C	0.84867
1487	YOL061W	0.84867
1488	YCL018W	0.84865
1489	YHL012W	0.84857
1490	YKL098W	0.84854
1491	YGL251C	0.84853
1492	YLR069C	0.8485
1493	YBR202W	0.84847
1494	YLR134W	0.84845
1495	YBR101C	0.84842
1496	YMR120C	0.84839
1497	YKL154W	0.84838
1498	YLR272C	0.84835
1499	YHR204W	0.84831
1500	YAR042W	0.84829
1501	YPL008W	0.84828
1502	YBR198C	0.84825
1503	YJR005W	0.84824
1504	YKR084C	0.84817
1505	YOR375C	0.84815
1506	YOR358W	0.84815
1507	YKL022C	0.84811
1508	YFL030W	0.8481
1509	YBR175W	0.84809
1510	YDR421W	0.84806
1511	YIL043C	0.84803
1512	YNL111C	0.848
1513	YBL098W	0.848
1514	YNL305C	0.84798
1515	YHR211W	0.84796
1516	YLR375W	0.84796
1517	YLR351C	0.84795
1518	YOR103C	0.84792
1519	YDR191W	0.84792
1520	YDR324C	0.84791
1521	YCL009C	0.84789
1522	YGR143W	0.84786
1523	YLR208W	0.84784
1524	YCL074W	0.84783
1525	YGL044C	0.84782
1526	YIL068C	0.84782
1527	YKR103W	0.8478
1528	YHR018C	0.8478
1529	YJR017C	0.8478
1530	YJL097W	0.84776
1531	YHR137W	0.84773
1532	YPL231W	0.84772
1533	YGR244C	0.84771
1534	YOR295W	0.84771
1535	YGL184C	0.8477
1536	YDR292C	0.84769
1537	YHR194W	0.84765
1538	YDR441C	0.84762
1539	YKL128C	0.8476
1540	YGL240W	0.84758
1541	YBR127C	0.84756
1542	YJR016C	0.84754
1543	YHR033W	0.84748
1544	YBR205W	0.84747
1545	YMR090W	0.84744
1546	YKL212W	0.84743
1547	YGR111W	0.84742
1548	YLR306W	0.84741
1549	YIR036C	0.84738
1550	YJL008C	0.84737
1551	YPL017C	0.84734
1552	YPR011C	0.84734
1553	YGL208W	0.84734
1554	YDR061W	0.84733
1555	YIR023W	0.84729
1556	YNL082W	0.84724
1557	YMR203W	0.84719
1558	YPR188C	0.84718
1559	YBL021C	0.84715
1560	YDR051C	0.84714
1561	YPL199C	0.84713
1562	YMR089C	0.84712
1563	YGL205W	0.84712
1564	YOR224C	0.84711
1565	YOR304W	0.84711
1566	YGR266W	0.8471
1567	YML068W	0.84705
1568	YJL045W	0.84701
1569	YDL037C	0.84699
1570	YLL043W	0.84692
1571	YMR166C	0.84688
1572	YDL215C	0.84688
1573	YJR148W	0.84687
1574	YNL293W	0.84686
1575	YGL241W	0.84683
1576	YHR208W	0.84682
1577	YIL123W	0.84681
1578	YPL266W	0.84681
1579	YCL050C	0.84678
1580	YIL065C	0.84671
1581	YHR219W	0.84668
1582	YLR426W	0.84668
1583	YJL193W	0.84665
1584	YEL052W	0.84664
1585	YGL097W	0.84663
1586	YHR065C	0.84662
1587	YDR305C	0.84658
1588	YLR405W	0.84658
1589	YDR205W	0.84655
1590	YNL333W	0.84652
1591	YLR354C	0.84648
1592	YBR201W	0.84646
1593	YGR095C	0.8464
1594	YBR145W	0.84637
1595	YIL147C	0.84636
1596	YER007C-A	0.84636
1597	YKL003C	0.84635
1598	YDL126C	0.84633
1599	YLR099C	0.84633
1600	YDL090C	0.84627
1601	YPL224C	0.84626
1602	YPR119W	0.84621
1603	YHR020W	0.84621
1604	YML085C	0.84619
1605	YPL091W	0.84617
1606	YGR187C	0.84614
1607	YER164W	0.84614
1608	YLR243W	0.84612
1609	YKL018W	0.84609
1610	YGL220W	0.84606
1611	YPL110C	0.84606
1612	YCR102C	0.84605
1613	YBR070C	0.84605
1614	YNR046W	0.84601
1615	YBR062C	0.84601
1616	YJL143W	0.84601
1617	YMR183C	0.84599
1618	YGR093W	0.84596
1619	YLR443W	0.84592
1620	YDR170C	0.84592
1621	YNL045W	0.84592
1622	YDR531W	0.84583
1623	YER049W	0.84582
1624	YFL037W	0.84582
1625	YGL101W	0.84578
1626	YLR460C	0.84577
1627	YGR279C	0.84574
1628	YBL007C	0.84574
1629	YJR004C	0.84574
1630	YAL012W	0.84572
1631	YMR226C	0.84569
1632	YEL029C	0.84569
1633	YFL053W	0.84569
1634	YJL034W	0.84565
1635	YPL160W	0.84564
1636	YGR261C	0.84564
1637	YHR151C	0.84563
1638	YGL148W	0.84561
1639	YDR368W	0.84559
1640	YBR003W	0.84553
1641	YJR125C	0.84552
1642	YBR221C	0.84548
1643	YOR168W	0.84545
1644	YLR027C	0.84544
1645	YDL231C	0.84542
1646	YNL088W	0.84542
1647	YLR429W	0.84542
1648	YML070W	0.84536
1649	YDL167C	0.84534
1650	YPL134C	0.84533
1651	YBR103W	0.84533
1652	YDR503C	0.8453
1653	YGL009C	0.8453
1654	YBR042C	0.84529
1655	YJR149W	0.84525
1656	YDL072C	0.84524
1657	YHR091C	0.84521
1658	YDR243C	0.84519
1659	YMR038C	0.84518
1660	YLR284C	0.84516
1661	YAR028W	0.84516
1662	YJL124C	0.84512
1663	YHR108W	0.84508
1664	YFR004W	0.84506
1665	YOR118W	0.84506
1666	YGR048W	0.84502
1667	YJL081C	0.84502
1668	YGL179C	0.84501
1669	YOR361C	0.845
1670	YOR048C	0.84494
1671	YMR105C	0.84494
1672	YPR033C	0.84491
1673	YNL113W	0.84489
1674	YKL148C	0.84488
1675	YOR021C	0.84486
1676	YPR110C	0.84481
1677	YGL207W	0.8448
1678	YAR007C	0.84479
1679	YDR391C	0.84479
1680	YPL116W	0.84476
1681	YBR237W	0.84468
1682	YIR032C	0.84466
1683	YHR164C	0.84464
1684	YKL219W	0.8446
1685	YBL075C	0.8446
1686	YKL017C	0.84459
1687	YGL234W	0.84453
1688	YMR167W	0.84451
1689	YGR026W	0.84448
1690	YMR323W	0.84443
1691	YOR393W	0.84443
1692	YPL281C	0.84443
1693	YJL186W	0.84443
1694	YLR144C	0.84442
1695	YOR187W	0.84439
1696	YPR058W	0.84434
1697	YNR062C	0.84433
1698	YJL014W	0.84432
1699	YLR452C	0.8443
1700	YMR321C	0.84425
1701	YDR339C	0.84424
1702	YDR399W	0.84421
1703	YML004C	0.8442
1704	YLR023C	0.84419
1705	YGR031W	0.84419
1706	YMR235C	0.84419
1707	YFL028C	0.84416
1708	YCR020C	0.8441
1709	YGL004C	0.8441
1710	YEL032W	0.84408
1711	YMR278W	0.84406
1712	YGR246C	0.84406
1713	YDR533C	0.844
1714	YNR029C	0.84399
1715	YHR104W	0.84399
1716	YBR199W	0.84398
1717	YDR257C	0.84394
1718	YDL104C	0.84394
1719	YOR173W	0.84392
1720	YER001W	0.84392
1721	YDR336W	0.84388
1722	YHR161C	0.84383
1723	YGL248W	0.84383
1724	YNL134C	0.84382
1725	YBR125C	0.8438
1726	YGR242W	0.84379
1727	YDR160W	0.84376
1728	YLL034C	0.84376
1729	YMR224C	0.84375
1730	YCL001W-B	0.84373
1731	YFR050C	0.84373
1732	YCR079W	0.84365
1733	YOR040W	0.84364
1734	YFL059W	0.84364
1735	YER178W	0.84364
1736	YJR144W	0.84359
1737	YOR035C	0.84357
1738	YNL327W	0.84357
1739	YAR015W	0.84355
1740	YLR438W	0.84354
1741	YOL023W	0.84348
1742	YOR370C	0.84348
1743	YGL156W	0.84348
1744	YBL015W	0.84347
1745	YFL034W	0.84342
1746	YCL010C	0.84338
1747	YDR313C	0.84334
1748	YJR105W	0.84329
1749	YDR165W	0.84325
1750	YML022W	0.84324
1751	YKR094C	0.84323
1752	YIL148W	0.84323
1753	YNR017W	0.84322
1754	YLR355C	0.8432
1755	YGL238W	0.84311
1756	YFL008W	0.8431
1757	YDL054C	0.84304
1758	YOR120W	0.84302
1759	YKL209C	0.84301
1760	YKR013W	0.843
1761	YPL195W	0.84299
1762	YDR530C	0.84299
1763	YMR208W	0.84288
1764	YMR062C	0.84286
1765	YBL023C	0.84285
1766	YBR155W	0.84282
1767	YOL008W	0.84282
1768	YEL038W	0.8428
1769	YCR059C	0.84279
1770	YMR150C	0.84278
1771	YNR058W	0.84278
1772	YLL009C	0.84275
1773	YBL076C	0.84274
1774	YLR212C	0.84272
1775	YPR073C	0.84272
1776	YHR207C	0.84266
1777	YLR409C	0.84262
1778	YDR388W	0.84262
1779	YBL067C	0.84258
1780	YPL232W	0.84256
1781	YDR454C	0.84252
1782	YEL047C	0.8425
1783	YLR359W	0.84248
1784	YFR051C	0.84245
1785	YAL063C	0.84244
1786	YNL138W	0.84243
1787	YOR164C	0.8424
1788	YOR259C	0.84236
1789	YPR114W	0.84233
1790	YHL018W	0.84232
1791	YKL103C	0.84232
1792	YHR072W	0.84225
1793	YJL091C	0.84224
1794	YAL038W	0.84224
1795	YGL065C	0.84223
1796	YCR005C	0.84223
1797	YBL050W	0.84221
1798	YLR318W	0.84219
1799	YCR007C	0.84217
1800	YNL003C	0.84215
1801	YBR110W	0.84215
1802	YDR164C	0.84214
1803	YBL082C	0.84204
1804	YFL044C	0.84197
1805	YGL144C	0.8419
1806	YMR095C	0.84189
1807	YMR261C	0.84187
1808	YNL291C	0.84187
1809	YGR083C	0.84186
1810	YKL189W	0.84186
1811	YJL074C	0.84184
1812	YGR276C	0.84184
1813	YPL282C	0.84182
1814	YOR394W	0.84182
1815	YLL057C	0.84181
1816	YPL086C	0.84181
1817	YBR274W	0.84177
1818	YBR213W	0.84175
1819	YOR217W	0.84173
1820	YJL158C	0.84171
1821	YIR009W	0.84168
1822	YJL168C	0.84167
1823	YMR265C	0.84166
1824	YFL067W	0.84165
1825	YDR325W	0.84163
1826	YDR234W	0.84161
1827	YDR506C	0.84159
1828	YBR056W	0.84154
1829	YOR274W	0.84153
1830	YDR263C	0.84152
1831	YDL035C	0.8415
1832	YOL113W	0.84147
1833	YBR196C	0.84146
1834	YPR028W	0.84142
1835	YPR088C	0.84142
1836	YNR057C	0.84141
1837	YFL048C	0.84136
1838	YGL095C	0.84136
1839	YMR104C	0.84135
1840	YHR210C	0.84135
1841	YNL040W	0.8413
1842	YDL190C	0.8413
1843	YMR189W	0.84129
1844	YGL263W	0.84128
1845	YGL259W	0.84127
1846	YBR074W	0.84126
1847	YOR327C	0.84126
1848	YOR335C	0.84125
1849	YNL048W	0.84125
1850	YOL010W	0.84124
1851	YJL178C	0.84115
1852	YNL163C	0.84114
1853	YNL083W	0.84112
1854	YFL047W	0.84109
1855	YML127W	0.84107
1856	YLR304C	0.84106
1857	YFL042C	0.84102
1858	YGR216C	0.841
1859	YDR139C	0.84098
1860	YER065C	0.84096
1861	YCL002C	0.84096
1862	YLR019W	0.84094
1863	YFR030W	0.84091
1864	YPL273W	0.84083
1865	YJR045C	0.84083
1866	YHR209W	0.84082
1867	YLR390W	0.84081
1868	YJR070C	0.84081
1869	YDR353W	0.8408
1870	YDR282C	0.8408
1871	YDL154W	0.84079
1872	YGR262C	0.84076
1873	YOL052C	0.84076
1874	YER168C	0.84075
1875	YIL113W	0.84075
1876	YMR234W	0.84075
1877	YKL132C	0.84074
1878	YNL209W	0.84074
1879	YER036C	0.84073
1880	YPL194W	0.8407
1881	YBR104W	0.8407
1882	YHR001W	0.84062
1883	YIR035C	0.84057
1884	YDR468C	0.84056
1885	YGL155W	0.84056
1886	YPL135W	0.84056
1887	YDL140C	0.84056
1888	YGR277C	0.84042
1889	YGL040C	0.84037
1890	YLR300W	0.84037
1891	YKL100C	0.84034
1892	YMR010W	0.8403
1893	YPL164C	0.84029
1894	YDR372C	0.84027
1895	YHR187W	0.84026
1896	YGR195W	0.84025
1897	YJR007W	0.84025
1898	YNL023C	0.84023
1899	YEL056W	0.84023
1900	YNR074C	0.84021
1901	YML069W	0.84021
1902	YML065W	0.8402
1903	YNL061W	0.8402
1904	YDR408C	0.84015
1905	YJR008W	0.84011
1906	YDL135C	0.84008
1907	YDL101C	0.84005
1908	YLL062C	0.84005
1909	YCL045C	0.83998
1910	YPR161C	0.83995
1911	YBL091C-A	0.83994
1912	YBR106W	0.83989
1913	YKL215C	0.83989
1914	YDR173C	0.83987
1915	YIL010W	0.83986
1916	YJR139C	0.83981
1917	YPL171C	0.83979
1918	YHR205W	0.83977
1919	YDR182W	0.83973
1920	YGL058W	0.83972
1921	YIL083C	0.83972
1922	YHR165W-A	0.8397
1923	YPL082C	0.8397
1924	YFR020W	0.8397
1925	YNL299W	0.83961
1926	YLR293C	0.83961
1927	YLR270W	0.83959
1928	YER188W	0.83958
1929	YMR317W	0.83957
1930	YPL152W	0.83946
1931	YJL117W	0.83943
1932	YAL021C	0.83937
1933	YHR140W	0.83936
1934	YKL164C	0.83931
1935	YOL128C	0.8393
1936	YOR231W	0.83929
1937	Q0050	0.83928
1938	YPR190C	0.83928
1939	YJR133W	0.83927
1940	YKL059C	0.83927
1941	YOR052C	0.83927
1942	YPR041W	0.83921
1943	YGL262W	0.8392
1944	YGL010W	0.83919
1945	YLR133W	0.83913
1946	YOL139C	0.83911
1947	YFR024C-A	0.8391
1948	YLR044C	0.83907
1949	YOL164W	0.83907
1950	YLR117C	0.83905
1951	YIL030C	0.83904
1952	YAR003W	0.83903
1953	YDR189W	0.839
1954	YLR066W	0.8389
1955	YOL058W	0.83888
1956	YNL049C	0.83886
1957	YNR052C	0.83884
1958	YHR124W	0.83879
1959	YDL200C	0.83875
1960	YDR035W	0.83874
1961	YJR054W	0.83873
1962	YDL205C	0.83872
1963	YCR096C	0.83871
1964	YGR263C	0.83871
1965	YKR003W	0.83865
1966	YPL162C	0.83864
1967	YGR020C	0.83862
1968	YKR014C	0.83859
1969	YDR424C	0.83855
1970	YBL032W	0.83853
1971	YNL232W	0.83851
1972	YNL037C	0.83848
1973	YGL198W	0.83848
1974	YDR358W	0.83846
1975	YNL325C	0.83844
1976	YNL316C	0.83842
1977	YER004W	0.8384
1978	YER037W	0.83839
1979	YKL187C	0.83827
1980	YGL032C	0.83824
1981	YKR079C	0.83821
1982	YNL313C	0.83813
1983	YDR498C	0.8381
1984	YNL072W	0.8381
1985	YGR157W	0.83809
1986	YJL200C	0.83807
1987	YCR020C-A	0.83806
1988	YDL240W	0.83804
1989	YDL123W	0.83802
1990	YNL063W	0.838
1991	YMR228W	0.838
1992	YCR004C	0.83798
1993	YLR129W	0.83796
1994	YGL020C	0.83796
1995	YDL015C	0.83779
1996	YOR100C	0.83778
1997	YKR024C	0.83775
1998	YDL019C	0.83774
1999	YDR167W	0.83773
2000	YKL021C	0.83767
2001	YER051W	0.83762
2002	YGR194C	0.83761
2003	YBR227C	0.83758
2004	YDR518W	0.83758
2005	YIL169C	0.83757
2006	YMR149W	0.83754
2007	YEL021W	0.83749
2008	YJL111W	0.83748
2009	YML066C	0.83743
2010	YGL045W	0.83741
2011	YKR052C	0.83739
2012	YOR202W	0.83736
2013	YOR005C	0.83731
2014	YOR151C	0.83731
2015	YLR399C	0.83729
2016	YOR184W	0.83728
2017	YDL241W	0.83724
2018	YOR389W	0.83723
2019	YBR261C	0.83721
2020	YJR099W	0.83717
2021	YDR155C	0.83716
2022	YMR083W	0.83716
2023	YMR177W	0.83712
2024	YHR076W	0.83711
2025	YLR114C	0.83709
2026	YOR001W	0.83707
2027	YBL102W	0.83705
2028	YER146W	0.83704
2029	YPL053C	0.83704
2030	YFL025C	0.83701
2031	YJL130C	0.83696
2032	YFL003C	0.83696
2033	YDR362C	0.83693
2034	YBL069W	0.83692
2035	YOL047C	0.83687
2036	YLR072W	0.83683
2037	YPR004C	0.83682
2038	YFL004W	0.83682
2039	YML019W	0.8368
2040	YOR258W	0.83677
2041	YLR078C	0.83672
2042	YIR008C	0.83669
2043	YOR367W	0.83667
2044	YLL014W	0.83665
2045	YBR014C	0.83665
2046	YEL027W	0.83665
2047	YNL243W	0.83664
2048	YOL126C	0.83663
2049	YKR086W	0.83658
2050	YDL229W	0.83658
2051	YPL207W	0.83655
2052	YPR034W	0.83655
2053	YKL119C	0.83654
2054	YCR084C	0.83651
2055	YOL064C	0.83651
2056	YOR296W	0.83647
2057	YMR092C	0.83643
2058	YGL027C	0.83642
2059	YGL173C	0.83641
2060	YPL060W	0.83631
2061	YKL029C	0.83631
2062	YAR031W	0.83629
2063	YDL078C	0.83629
2064	YIL140W	0.83629
2065	YMR223W	0.83626
2066	YBR017C	0.83625
2067	YER098W	0.83622
2068	YML133W-A	0.83618
2069	YER190C-A	0.83618
2070	YPL283W-A	0.83618
2071	YGR296C-A	0.83618
2072	YNL339W-A	0.83618
2073	YMR218C	0.83617
2074	YJR052W	0.83616
2075	YDL159W	0.83613
2076	YFL001W	0.83611
2077	YOR219C	0.83609
2078	YLR274W	0.83608
2079	YGR247W	0.83608
2080	YIL034C	0.83601
2081	YLR418C	0.83591
2082	YIL106W	0.83588
2083	YER014W	0.83588
2084	YBL071W-A	0.83584
2085	YEL024W	0.83581
2086	YPL209C	0.83579
2087	YPR006C	0.83578
2088	YGR061C	0.83577
2089	YOL140W	0.83576
2090	YIL094C	0.8357
2091	YOR239W	0.8357
2092	YOR006C	0.83567
2093	YLL018C	0.83564
2094	YJL139C	0.83563
2095	YGL185C	0.83559
2096	YJL006C	0.83556
2097	YIL165C	0.83554
2098	YOL001W	0.83554
2099	YFR022W	0.83554
2100	YOL110W	0.83552
2101	YDR023W	0.8355
2102	YNL212W	0.8355
2103	YLL026W	0.83547
2104	YMR222C	0.83547
2105	YNR061C	0.83542
2106	YFR038W	0.83538
2107	YAR033W	0.83536
2108	YMR020W	0.83536
2109	YBR228W	0.83534
2110	YKL007W	0.83521
2111	YGL243W	0.8352
2112	YOR377W	0.83519
2113	YMR033W	0.83515
2114	YIR012W	0.83513
2115	YGL033W	0.8351
2116	YPL002C	0.83508
2117	YDL085W	0.83502
2118	YGR211W	0.83502
2119	YHR115C	0.83501
2120	YOR363C	0.835
2121	YJR141W	0.835
2122	YOR244W	0.83497
2123	YML031W	0.83496
2124	YOL056W	0.83493
2125	YPL277C	0.83481
2126	YNL001W	0.83477
2127	YDR097C	0.83474
2128	YDR512C	0.83468
2129	YFR007W	0.83466
2130	YPL100W	0.83464
2131	YJR064W	0.83463
2132	YLR266C	0.83462
2133	YFR041C	0.83459
2134	YLL036C	0.83457
2135	YDR132C	0.83456
2136	YNL256W	0.83447
2137	YMR096W	0.83447
2138	YIL016W	0.83439
2139	YNL160W	0.83434
2140	YMR055C	0.83432
2141	YPL196W	0.83429
2142	YDR434W	0.83427
2143	YKR070W	0.83427
2144	YBL001C	0.83412
2145	YJL026W	0.83411
2146	YJL004C	0.83407
2147	YDR420W	0.83407
2148	YNR069C	0.83405
2149	YLR086W	0.83404
2150	YOL141W	0.83403
2151	YLR085C	0.83402
2152	YEL006W	0.83402
2153	YAR050W	0.83401
2154	YEL012W	0.83395
2155	YBR223C	0.83394
2156	YGL050W	0.83394
2157	YOR233W	0.83389
2158	YLR383W	0.83379
2159	YGL078C	0.83371
2160	YGR232W	0.8337
2161	YOR212W	0.83368
2162	YNR030W	0.83368
2163	YGL083W	0.83366
2164	YER016W	0.83365
2165	YOL049W	0.83365
2166	YOR090C	0.83363
2167	YJL079C	0.8336
2168	YOL143C	0.83358
2169	YDR476C	0.83357
2170	YOR145C	0.83352
2171	YIL023C	0.8335
2172	YJR078W	0.83349
2173	YML014W	0.83339
2174	YPR184W	0.83335
2175	YNL022C	0.83329
2176	YJL042W	0.83328
2177	YCL011C	0.83326
2178	YOR243C	0.83326
2179	YJR010W	0.83324
2180	YJL080C	0.83324
2181	YPL249C	0.83322
2182	YPL106C	0.83322
2183	YDL171C	0.8332
2184	YGR207C	0.83316
2185	YHR113W	0.83313
2186	YFL009W	0.83313
2187	YJR137C	0.83312
2188	YIR043C	0.83311
2189	YNL169C	0.8331
2190	YOR171C	0.83309
2191	YDL177C	0.83308
2192	YLR357W	0.83307
2193	YBR281C	0.83304
2194	YNL121C	0.83303
2195	YMR152W	0.83303
2196	YPR137W	0.83302
2197	YOR039W	0.83302
2198	YBR086C	0.83301
2199	YNL161W	0.83296
2200	YDL059C	0.83294
2201	YJL217W	0.83293
2202	YJL197W	0.83293
2203	YLL027W	0.83293
2204	YBR109C	0.83289
2205	YOL096C	0.83287
2206	YPR098C	0.83286
2207	YLR143W	0.83279
2208	YHR114W	0.83278
2209	YOR271C	0.83275
2210	YLR421C	0.83273
2211	YOR353C	0.83273
2212	YER059W	0.83269
2213	YPR066W	0.83268
2214	YNL328C	0.83268
2215	YOR332W	0.83267
2216	YGL143C	0.83267
2217	YDL084W	0.83263
2218	YJR063W	0.83259
2219	YNR041C	0.83249
2220	YDR444W	0.83248
2221	YMR093W	0.83245
2222	YER025W	0.83241
2223	YDR212W	0.83237
2224	YHR121W	0.83236
2225	YMR132C	0.83236
2226	YLR456W	0.83236
2227	YGL242C	0.83227
2228	YAL005C	0.83224
2229	YAL039C	0.83224
2230	YHR070W	0.83218
2231	YCL064C	0.83216
2232	YMR236W	0.83215
2233	YER006W	0.83215
2234	YPL125W	0.83213
2235	YLR226W	0.83211
2236	YPL030W	0.8321
2237	YHL032C	0.8321
2238	YAL036C	0.83208
2239	YDR395W	0.83204
2240	YIL046W	0.83204
2241	YBR037C	0.83203
2242	YLR179C	0.83202
2243	YNR033W	0.83202
2244	YKL070W	0.83202
2245	YDR510W	0.83201
2246	YKR069W	0.83201
2247	YGL181W	0.83198
2248	YML090W	0.83196
2249	YGR001C	0.83195
2250	Q0070	0.83194
2251	YPL262W	0.83191
2252	YOR181W	0.8319
2253	YDR427W	0.8319
2254	YDR172W	0.83189
2255	YNR015W	0.83186
2256	YNL246W	0.8318
2257	YAL058W	0.83178
2258	YJL153C	0.83176
2259	YML097C	0.83168
2260	YNL255C	0.83167
2261	YAL030W	0.83166
2262	YGR149W	0.83165
2263	YOR132W	0.83162
2264	YOR176W	0.83161
2265	YGL211W	0.8316
2266	YMR099C	0.8316
2267	YPL112C	0.8316
2268	YHR180W	0.83158
2269	YER123W	0.83158
2270	YDR148C	0.83157
2271	YPL097W	0.83156
2272	YBL019W	0.83155
2273	YHR024C	0.83154
2274	YBR121C	0.83153
2275	YGL258W	0.83151
2276	YIL059C	0.83149
2277	YIL021W	0.83147
2278	YPR144C	0.83144
2279	YDR332W	0.83143
2280	YNR051C	0.83138
2281	YIL050W	0.83136
2282	YIL151C	0.83131
2283	YOR018W	0.83127
2284	YNL251C	0.83127
2285	YIL107C	0.83123
2286	YNL219C	0.8312
2287	YDL143W	0.83119
2288	YGR268C	0.83117
2289	YAL033W	0.83117
2290	YNL155W	0.83113
2291	YBR271W	0.83109
2292	YBL024W	0.83109
2293	YGR257C	0.83108
2294	YPL129W	0.83106
2295	YOL142W	0.831
2296	YLR107W	0.831
2297	YDR364C	0.83097
2298	YJR031C	0.83094
2299	YJR044C	0.8309
2300	YKL175W	0.8309
2301	YOR160W	0.83088
2302	YBL061C	0.83086
2303	YGL070C	0.83084
2304	YER162C	0.83084
2305	YJR035W	0.83084
2306	YOR159C	0.83082
2307	YIL171W	0.83081
2308	YGR241C	0.83079
2309	YDL024C	0.83079
2310	YJR085C	0.83078
2311	YDR419W	0.83076
2312	YER027C	0.83076
2313	YGR044C	0.83074
2314	YHR069C	0.83073
2315	YPR047W	0.83072
2316	YAR027W	0.83072
2317	YAL051W	0.83069
2318	YOR356W	0.83069
2319	YAL019W	0.83068
2320	YDR248C	0.83067
2321	YKL202W	0.8306
2322	YJR129C	0.83059
2323	YIL130W	0.83057
2324	YLR419W	0.83053
2325	YOR054C	0.83049
2326	YPR189W	0.83049
2327	YOR254C	0.83049
2328	YKR042W	0.83046
2329	YHR179W	0.83042
2330	YDL217C	0.8304
2331	YOR004W	0.83039
2332	YJL036W	0.83037
2333	YER179W	0.83025
2334	YGR021W	0.83025
2335	YOL067C	0.83019
2336	YMR145C	0.83017
2337	YIL110W	0.83016
2338	YIL095W	0.83014
2339	YGR177C	0.83011
2340	YOR285W	0.83008
2341	YDR190C	0.83006
2342	YER157W	0.83006
2343	YGL051W	0.83006
2344	YIL078W	0.83004
2345	YDR435C	0.83003
2346	YPL212C	0.83002
2347	YOR134W	0.82996
2348	YDR487C	0.82993
2349	YDR293C	0.82992
2350	YKL064W	0.82991
2351	YPL045W	0.8299
2352	YOL145C	0.82986
2353	YDL110C	0.82986
2354	YIL033C	0.82986
2355	YNL032W	0.82985
2356	YOR067C	0.82985
2357	YGL043W	0.82984
2358	YEL048C	0.82979
2359	YLR401C	0.82979
2360	YLL054C	0.82974
2361	YGL094C	0.82967
2362	YBR249C	0.82966
2363	YJR074W	0.82964
2364	YMR302C	0.82958
2365	YHR168W	0.82955
2366	YGL082W	0.82954
2367	YMR076C	0.82954
2368	YOR057W	0.8295
2369	YLR259C	0.82947
2370	YNL016W	0.82941
2371	YDR403W	0.8294
2372	YPL001W	0.82937
2373	YCR073C	0.82935
2374	YKL198C	0.82934
2375	YML118W	0.82925
2376	YLR196W	0.82924
2377	YDR513W	0.8292
2378	YPL172C	0.82916
2379	YKR058W	0.8291
2380	YLR225C	0.82909
2381	YOR059C	0.82895
2382	YHR150W	0.82893
2383	YLR240W	0.82891
2384	YNR001C	0.82887
2385	YKL125W	0.82886
2386	YDR161W	0.82883
2387	YHR166C	0.82883
2388	YLR215C	0.8288
2389	YCL047C	0.82876
2390	YNR073C	0.82874
2391	YEL070W	0.82874
2392	Q0060	0.82873
2393	YDR019C	0.82865
2394	YGR086C	0.82865
2395	YGL166W	0.82859
2396	YLR430W	0.82856
2397	YGL137W	0.82854
2398	YEL039C	0.82853
2399	YIL125W	0.82848
2400	YBR030W	0.82848
2401	YPR023C	0.82845
2402	YLR065C	0.82845
2403	YHR009C	0.82842
2404	YDL246C	0.82839
2405	YER076C	0.82838
2406	YLR362W	0.82835
2407	YGL003C	0.82832
2408	YPL215W	0.8283
2409	YKL085W	0.82826
2410	YER103W	0.82819
2411	YOL155C	0.82816
2412	YNL059C	0.82815
2413	YNL036W	0.82814
2414	YBR229C	0.82814
2415	YNL007C	0.82812
2416	YIL128W	0.82811
2417	YJR033C	0.82811
2418	YJL085W	0.82809
2419	YER156C	0.82808
2420	YHR201C	0.82804
2421	YPL019C	0.82803
2422	YPL028W	0.82797
2423	YPL093W	0.82796
2424	YDR436W	0.82794
2425	YGL246C	0.82793
2426	YHR098C	0.8279
2427	YGR054W	0.8279
2428	YDL207W	0.82789
2429	YIL126W	0.82786
2430	YDL010W	0.82786
2431	YER107C	0.82784
2432	YDR117C	0.82783
2433	YGL141W	0.8278
2434	YIL153W	0.82779
2435	YOR261C	0.82767
2436	YNL247W	0.82763
2437	YDL063C	0.82761
2438	YJR159W	0.82761
2439	YMR127C	0.8276
2440	YDL040C	0.82759
2441	YJL156C	0.82756
2442	YJL129C	0.82754
2443	YBL037W	0.82754
2444	YCR026C	0.82752
2445	YOR036W	0.8275
2446	YCR051W	0.8275
2447	YOR038C	0.82749
2448	YCR042C	0.82749
2449	YHL002W	0.82748
2450	YOR341W	0.82748
2451	YDR392W	0.82744
2452	YOR070C	0.82741
2453	YPR010C	0.8274
2454	YEL019C	0.82738
2455	YMR197C	0.82736
2456	YGR047C	0.82728
2457	YOR027W	0.82724
2458	YOR207C	0.82722
2459	YNL071W	0.82721
2460	YPL145C	0.82719
2461	YPL072W	0.82719
2462	YAL046C	0.82718
2463	YKL080W	0.82715
2464	YFL002C	0.82714
2465	YKL071W	0.82711
2466	YDL111C	0.82711
2467	YNL186W	0.82708
2468	YOR275C	0.82701
2469	YPR017C	0.82701
2470	YMR303C	0.82699
2471	YNL217W	0.82697
2472	YJR048W	0.82697
2473	YGR201C	0.82697
2474	YGL232W	0.8269
2475	YJR084W	0.82687
2476	YEL051W	0.82679
2477	YJL062W	0.82678
2478	YDR106W	0.82677
2479	YIL051C	0.82673
2480	YDR162C	0.82673
2481	YKL065C	0.8267
2482	YMR126C	0.8267
2483	YKL163W	0.82668
2484	YMR040W	0.82668
2485	YMR128W	0.82664
2486	YOR253W	0.82662
2487	YLR234W	0.8266
2488	YHR049W	0.8266
2489	YER080W	0.82655
2490	YHR173C	0.82655
2491	YFL022C	0.82651
2492	YNL147W	0.82646
2493	YKL010C	0.82646
2494	YLR178C	0.82645
2495	YDR265W	0.82641
2496	YBR176W	0.82641
2497	YHR117W	0.82635
2498	YIR007W	0.82632
2499	YKR064W	0.8262
2500	YBL049W	0.8262
2501	YER141W	0.82612
2502	YPR107C	0.82612
2503	YLR371W	0.82609
2504	YDR054C	0.82606
2505	YMR102C	0.82604
2506	YML100W	0.82602
2507	YOR007C	0.82601
2508	YOR206W	0.82595
2509	YMR216C	0.82591
2510	YPR037C	0.82587
2511	YJR067C	0.82584
2512	YNL094W	0.82582
2513	YLR115W	0.82579
2514	YDR098C	0.82572
2515	YHL004W	0.82566
2516	YJL206C	0.82564
2517	YBR158W	0.82562
2518	YDR386W	0.82562
2519	YML094W	0.82561
2520	YML110C	0.8256
2521	YPR186C	0.82559
2522	YAL015C	0.82559
2523	YDR440W	0.82559
2524	YMR154C	0.82558
2525	YLR205C	0.82557
2526	YGL106W	0.82557
2527	YDL087C	0.82557
2528	YOL006C	0.82556
2529	YGL257C	0.82556
2530	YDL033C	0.82553
2531	YLR239C	0.82552
2532	YPL109C	0.82551
2533	YPL119C-A	0.82549
2534	YMR004W	0.82546
2535	YLL024C	0.82542
2536	YNL102W	0.82538
2537	YDR410C	0.82526
2538	YDR517W	0.82524
2539	YMR277W	0.82523
2540	YDL133W	0.82522
2541	YGL213C	0.82519
2542	YOR301W	0.82519
2543	YOR179C	0.82517
2544	YBR055C	0.82516
2545	YHR016C	0.82514
2546	YDR128W	0.82513
2547	YOR111W	0.8251
2548	YDR004W	0.8251
2549	YNL116W	0.82509
2550	YJR061W	0.82507
2551	YPL187W	0.82504
2552	YNL220W	0.82503
2553	YPL189W	0.82496
2554	YJR006W	0.82482
2555	YGR238C	0.8248
2556	YJL053W	0.82478
2557	YJR098C	0.82478
2558	YGL250W	0.82478
2559	YOR256C	0.82478
2560	YJL133W	0.82476
2561	YOR025W	0.82475
2562	YGL099W	0.82475
2563	YHR028W-A	0.82475
2564	YIL091C	0.82473
2565	YBR143C	0.82468
2566	YKL084W	0.82466
2567	YLR003C	0.82466
2568	YBR022W	0.82464
2569	YIL063C	0.82464
2570	YGL037C	0.82463
2571	YPR060C	0.8246
2572	YGL063W	0.82459
2573	YGL178W	0.82455
2574	YBR280C	0.82451
2575	YCR092C	0.8245
2576	YJL102W	0.82446
2577	YFR002W	0.82445
2578	YOL093W	0.82443
2579	YNL317W	0.82441
2580	YPL101W	0.82441
2581	YKR061W	0.82439
2582	YML010W	0.82439
2583	YER101C	0.82436
2584	YHR133C	0.82431
2585	YPL096W	0.82424
2586	YNL298W	0.82421
2587	YKL028W	0.82415
2588	YIR038C	0.82412
2589	YPR179C	0.82409
2590	YJR142W	0.82407
2591	YPL239W	0.82406
2592	YLR455W	0.82402
2593	YMR231W	0.82401
2594	YGL112C	0.82401
2595	YEL016C	0.82398
2596	YKL173W	0.82398
2597	YMR069W	0.82396
2598	YLR080W	0.82394
2599	YDR083W	0.82394
2600	YBR024W	0.82393
2601	YGL231C	0.8239
2602	YBR060C	0.82389
2603	YOR340C	0.82384
2604	YKL047W	0.82383
2605	YOR136W	0.82382
2606	YLL051C	0.82381
2607	YNR071C	0.82375
2608	YDL119C	0.82375
2609	YCR035C	0.82374
2610	YOL114C	0.82368
2611	YGL056C	0.82368
2612	YKL201C	0.82367
2613	YOR360C	0.82363
2614	YGL064C	0.82357
2615	YML101C	0.82357
2616	YOR223W	0.82355
2617	YNL289W	0.82354
2618	YOR141C	0.82351
2619	YIL085C	0.82349
2620	YOR022C	0.82349
2621	YDL008W	0.82348
2622	YJL100W	0.82343
2623	Q0055	0.82342
2624	YPL023C	0.82337
2625	YNL206C	0.82335
2626	YLL050C	0.82331
2627	YGL161C	0.8233
2628	YAL044W-A	0.8233
2629	YGL089C	0.82328
2630	YNL092W	0.82325
2631	YLR275W	0.82317
2632	Q0160	0.82316
2633	YJL154C	0.82311
2634	YHR134W	0.82311
2635	YHL035C	0.82304
2636	YOL057W	0.82303
2637	YKR060W	0.82302
2638	YER163C	0.82299
2639	YOL116W	0.82297
2640	YOR272W	0.82294
2641	YPR162C	0.82292
2642	YOL043C	0.82291
2643	YMR013C	0.82291
2644	YBR185C	0.82289
2645	YML055W	0.82287
2646	YHR062C	0.82284
2647	YMR078C	0.82283
2648	YFL031W	0.82279
2649	YFL029C	0.82277
2650	YLR316C	0.82276
2651	YOL072W	0.82275
2652	YLR368W	0.82275
2653	YAL001C	0.82273
2654	YOR014W	0.8227
2655	YBR151W	0.82268
2656	YOL147C	0.82259
2657	YOR008C	0.82254
2658	YNL180C	0.82251
2659	YFL018C	0.82247
2660	YIL073C	0.82247
2661	YNL119W	0.82241
2662	YPL103C	0.82238
2663	YOR280C	0.82237
2664	YKL077W	0.82233
2665	YIL082W-A	0.82232
2666	YDR393W	0.82232
2667	YDR032C	0.8223
2668	YPL270W	0.82228
2669	YMR259C	0.82227
2670	YOR130C	0.82223
2671	YGR110W	0.82219
2672	YPL067C	0.82219
2673	YBR036C	0.82217
2674	YOR002W	0.82206
2675	YML130C	0.82201
2676	YEL003W	0.82199
2677	YNR066C	0.82197
2678	YOL048C	0.82195
2679	YHL028W	0.82194
2680	YGL122C	0.82189
2681	YJR146W	0.82184
2682	YCR030C	0.82177
2683	YGR169C	0.82176
2684	YAR066W	0.82168
2685	YHR214W	0.82168
2686	YKR076W	0.82167
2687	YOR213C	0.82166
2688	YJL010C	0.82158
2689	YMR230W	0.82152
2690	YMR110C	0.82147
2691	YKL040C	0.82147
2692	YPR104C	0.82147
2693	YLR105C	0.82143
2694	YLR084C	0.82139
2695	YLR050C	0.82133
2696	YNL004W	0.82132
2697	YHL031C	0.82128
2698	YER074W-A	0.82126
2699	YKL019W	0.8212
2700	YKL139W	0.82119
2701	YER174C	0.82117
2702	YOR293W	0.82116
2703	YBR267W	0.82116
2704	YLR435W	0.82114
2705	YOL086C	0.82113
2706	YDL185W	0.82109
2707	YHR206W	0.82109
2708	YNL286W	0.82108
2709	YDR041W	0.82103
2710	YMR251W	0.82103
2711	YPL029W	0.82102
2712	YBR112C	0.82101
2713	YLR064W	0.82099
2714	YLR016C	0.82098
2715	YDL233W	0.82097
2716	YPR178W	0.82096
2717	YBL099W	0.82092
2718	YKL013C	0.82087
2719	YNL107W	0.82085
2720	YJR036C	0.82075
2721	YJL192C	0.82072
2722	YJL165C	0.82072
2723	YOR330C	0.82071
2724	YHR034C	0.82065
2725	YKL168C	0.82064
2726	YPL268W	0.82064
2727	YJR088C	0.82064
2728	YDL145C	0.82061
2729	YHR085W	0.82059
2730	YDR242W	0.82058
2731	YKL140W	0.82054
2732	YOR138C	0.82053
2733	YNL175C	0.82052
2734	YPR135W	0.82052
2735	YMR049C	0.82052
2736	YIL167W	0.82052
2737	YDL195W	0.82051
2738	YLR175W	0.8205
2739	YBR084W	0.82049
2740	YDL165W	0.82048
2741	YIL090W	0.82043
2742	YHR120W	0.82042
2743	YPR091C	0.82041
2744	YBR040W	0.82039
2745	YPL004C	0.82037
2746	YJR126C	0.82033
2747	YBL008W	0.82029
2748	YDL051W	0.82029
2749	YJR100C	0.82029
2750	YCL035C	0.82028
2751	YGR204W	0.82027
2752	YEL049W	0.82027
2753	YIL004C	0.82026
2754	YLR026C	0.82023
2755	YHR086W	0.82022
2756	YDR116C	0.82021
2757	YGR283C	0.82015
2758	YHR045W	0.82008
2759	YPL007C	0.82
2760	YHR075C	0.81998
2761	YKR062W	0.81995
2762	YMR289W	0.81995
2763	YKR071C	0.81994
2764	YOL077C	0.81993
2765	YPL104W	0.8199
2766	YHR162W	0.81983
2767	YGR066C	0.81981
2768	YNL294C	0.8198
2769	YDR370C	0.81979
2770	YMR194C-B	0.81978
2771	YHR041C	0.81977
2772	YML061C	0.81976
2773	YPR200C	0.8197
2774	YNL248C	0.81967
2775	YBR141C	0.81966
2776	YHL007C	0.81962
2777	YFL051C	0.81962
2778	YIL102C	0.8196
2779	YCL049C	0.81958
2780	YDR428C	0.81957
2781	YDR330W	0.81957
2782	YAL020C	0.81954
2783	YJR076C	0.81954
2784	YPL022W	0.81954
2785	YDR086C	0.81954
2786	YGR117C	0.81952
2787	YKL207W	0.81945
2788	YHL046C	0.8194
2789	YPL003W	0.8194
2790	YPL190C	0.81939
2791	YER021W	0.81935
2792	YCL032W	0.81934
2793	YPR029C	0.81932
2794	YBR061C	0.81932
2795	YCR036W	0.81931
2796	YLR427W	0.81931
2797	YDR045C	0.8193
2798	YLR218C	0.81929
2799	YGL158W	0.81926
2800	YNL085W	0.81924
2801	YOR119C	0.81924
2802	YAR075W	0.81918
2803	YGR128C	0.81917
2804	YOR387C	0.81915
2805	YDR289C	0.8191
2806	YER170W	0.81909
2807	YNL320W	0.81907
2808	YMR313C	0.81906
2809	YER182W	0.81898
2810	YLL008W	0.81897
2811	YDR188W	0.81895
2812	YDR268W	0.81894
2813	YCR089W	0.81894
2814	YNL263C	0.8189
2815	YMR035W	0.81887
2816	YKL053C-A	0.81886
2817	YGR294W	0.81886
2818	YKL194C	0.81885
2819	YDR319C	0.81885
2820	YGR173W	0.81876
2821	YJL179W	0.81874
2822	YDR267C	0.81873
2823	YLL031C	0.81869
2824	YIL009C-A	0.81865
2825	YML096W	0.81864
2826	YLR200W	0.8186
2827	YOL146W	0.81858
2828	YIL007C	0.81858
2829	YLR248W	0.81844
2830	YNL062C	0.8184
2831	YLR380W	0.81838
2832	YIR021W	0.81836
2833	YDR302W	0.81831
2834	YGR109W-B	0.81827
2835	YGR181W	0.81823
2836	YOR334W	0.8182
2837	YOL105C	0.81819
2838	YGL180W	0.81817
2839	YAL035W	0.81817
2840	YNL242W	0.81814
2841	YOR124C	0.8181
2842	YNL015W	0.81809
2843	YML042W	0.81806
2844	YBL104C	0.81806
2845	YDR247W	0.81805
2846	YJL031C	0.81801
2847	YHR080C	0.81797
2848	YLR276C	0.81795
2849	YER140W	0.81793
2850	YDR031W	0.8179
2851	YJR022W	0.81785
2852	YDR080W	0.81782
2853	YIR019C	0.81781
2854	YLR425W	0.81779
2855	YBR301W	0.81777
2856	YBL101C	0.81776
2857	YOL018C	0.81772
2858	YCR039C	0.81763
2859	YCL067C	0.81763
2860	YBR273C	0.81754
2861	YNL064C	0.81754
2862	YOR299W	0.81749
2863	YPR052C	0.81748
2864	YER116C	0.81747
2865	YHR088W	0.81745
2866	YNL267W	0.81745
2867	YGR223C	0.81743
2868	YKL034W	0.81742
2869	YPR175W	0.81736
2870	YDR390C	0.81729
2871	YAR019C	0.81729
2872	YKR063C	0.81729
2873	YKL060C	0.81728
2874	YLL037W	0.81727
2875	YJR042W	0.81727
2876	YKL203C	0.81719
2877	YGR080W	0.81718
2878	YNR034W-A	0.81713
2879	YDR256C	0.81711
2880	YBL055C	0.8171
2881	YMR042W	0.8171
2882	YLL010C	0.81708
2883	YBR288C	0.81702
2884	YMR024W	0.81701
2885	YGR170W	0.817
2886	YER113C	0.817
2887	YDR060W	0.81696
2888	YJL043W	0.81696
2889	YMR310C	0.81693
2890	YDL161W	0.81693
2891	YOL014W	0.81692
2892	YIL176C	0.81689
2893	YJL223C	0.81689
2894	YDR271C	0.81688
2895	YIL157C	0.81686
2896	YNL292W	0.81684
2897	YMR229C	0.81677
2898	YLL041C	0.81676
2899	YDL021W	0.81676
2900	YDR407C	0.81674
2901	YMR180C	0.81673
2902	YPL191C	0.81672
2903	YJL072C	0.81672
2904	YPL032C	0.81671
2905	YPL167C	0.8167
2906	YKR072C	0.81667
2907	YAL068C	0.81666
2908	YBL108C-A	0.81666
2909	YGL261C	0.81666
2910	YBR233W	0.81666
2911	YKR028W	0.81664
2912	YGR078C	0.81663
2913	YKL033W	0.81663
2914	YOR133W	0.81662
2915	YLR118C	0.81662
2916	YNR053C	0.81659
2917	YDL198C	0.81659
2918	YDL202W	0.81655
2919	YDR472W	0.81655
2920	YPR108W-A	0.81649
2921	YPR105C	0.81648
2922	YIL006W	0.81647
2923	YOR156C	0.81647
2924	YKR096W	0.81644
2925	YBR252W	0.81635
2926	YLR207W	0.81635
2927	YEL055C	0.81634
2928	YHR118C	0.8163
2929	YIL131C	0.81626
2930	YGL049C	0.81624
2931	YDL025C	0.81622
2932	YLL064C	0.81618
2933	YNR076W	0.81618
2934	YDR126W	0.81618
2935	YLR387C	0.81618
2936	YLR319C	0.81617
2937	YNL279W	0.81615
2938	YKL066W	0.81614
2939	YER151C	0.81608
2940	YGR255C	0.81607
2941	YLR007W	0.81601
2942	YLR461W	0.81598
2943	YBR059C	0.81597
2944	YNL306W	0.81594
2945	YDR018C	0.81593
2946	YDR288W	0.81588
2947	YDR502C	0.81586
2948	YEL015W	0.81582
2949	YDL120W	0.81581
2950	YHR122W	0.81578
2951	YDL122W	0.81577
2952	YDL156W	0.81572
2953	YHL014C	0.81571
2954	YMR114C	0.81569
2955	YMR309C	0.81562
2956	YLR116W	0.81561
2957	YHR126C	0.81561
2958	YMR312W	0.8156
2959	YOL149W	0.81558
2960	YIL027C	0.81558
2961	YAL002W	0.81557
2962	YLR299W	0.81557
2963	YGR014W	0.81549
2964	YJL151C	0.8154
2965	YJR046W	0.81527
2966	YNL322C	0.81526
2967	YER144C	0.81525
2968	YCR014C	0.81522
2969	YDR430C	0.81522
2970	YGR059W	0.81521
2971	YNL272C	0.81518
2972	YPL247C	0.81518
2973	YHR196W	0.81517
2974	YJR079W	0.81512
2975	YBR025C	0.81512
2976	YHR191C	0.81511
2977	YLR449W	0.81501
2978	YLR045C	0.815
2979	YDR145W	0.81486
2980	YOL042W	0.81484
2981	YGR158C	0.81482
2982	YER105C	0.81482
2983	YJL137C	0.81481
2984	YDR245W	0.81468
2985	YOR122C	0.81465
2986	YDL218W	0.81464
2987	YLR035C	0.81454
2988	YOL161C	0.81452
2989	YOL108C	0.81448
2990	YDR122W	0.81446
2991	YDL146W	0.81441
2992	YOL013C	0.81441
2993	YDL014W	0.8144
2994	YHR077C	0.81436
2995	YCR054C	0.81433
2996	YKL142W	0.81432
2997	YGR212W	0.81431
2998	YML120C	0.8143
2999	YIL017C	0.81427
3000	YKL067W	0.81425
3001	YLR002C	0.81423
3002	YHL049C	0.81423
3003	YNL168C	0.81423
3004	YLR286W-A	0.81418
3005	YNR038W	0.81416
3006	YCR019W	0.81415
3007	YPL237W	0.81412
3008	YKL188C	0.81411
3009	YMR131C	0.8141
3010	YDR020C	0.8141
3011	YCL034W	0.81408
3012	YPL137C	0.81407
3013	YOR267C	0.81406
3014	YLR093C	0.81405
3015	YKL096W	0.81403
3016	YOR278W	0.81402
3017	YOL135C	0.81395
3018	YNL236W	0.81394
3019	YJL141C	0.81393
3020	YOR201C	0.81391
3021	YDR301W	0.81391
3022	YGR188C	0.81388
3023	YKL087C	0.81379
3024	YOR026W	0.81378
3025	YNL273W	0.81377
3026	YFR052W	0.81377
3027	YOR290C	0.81377
3028	YPL148C	0.81374
3029	YLR090W	0.81374
3030	YLR197W	0.81374
3031	YEL022W	0.81368
3032	YLR305C	0.81364
3033	YBR144C	0.8136
3034	YGR127W	0.81354
3035	YPL065W	0.81353
3036	YDL234C	0.81352
3037	YGR090W	0.81349
3038	YDR198C	0.81349
3039	YDR542W	0.81344
3040	YNR044W	0.81344
3041	YLL011W	0.81341
3042	YHR192W	0.8134
3043	YPL024W	0.81333
3044	YLR290C	0.81333
3045	YGR099W	0.81333
3046	YMR201C	0.81329
3047	YOL005C	0.81326
3048	YGR103W	0.81326
3049	YLR379W	0.8132
3050	YER042W	0.81319
3051	YLR287C	0.81317
3052	YMR225C	0.81313
3053	YBL035C	0.81309
3054	YOR245C	0.81306
3055	YNL249C	0.81306
3056	YNL118C	0.81298
3057	YBL064C	0.81298
3058	YKL090W	0.81293
3059	YFR032C	0.81291
3060	YGL068W	0.81287
3061	YLR103C	0.81285
3062	YLR335W	0.81284
3063	YDR182W-A	0.81282
3064	YNL260C	0.81282
3065	YCR104W	0.8128
3066	YPR133C	0.81278
3067	YLR032W	0.81278
3068	YDL226C	0.81277
3069	YHR090C	0.81275
3070	YNL182C	0.81267
3071	YER095W	0.81263
3072	YER007W	0.81263
3073	YPL084W	0.81263
3074	YLR001C	0.81262
3075	YBR161W	0.81258
3076	YPL057C	0.81258
3077	YDR367W	0.81256
3078	YLL018C-A	0.81253
3079	YMR125W	0.81251
3080	YHR022C	0.81251
3081	YNL218W	0.81249
3082	YLR022C	0.81249
3083	YDL232W	0.81247
3084	YGR234W	0.81246
3085	YBR039W	0.81245
3086	YNL261W	0.81242
3087	YDL026W	0.8124
3088	YNL216W	0.81237
3089	YDR206W	0.81236
3090	YMR291W	0.81235
3091	YJL041W	0.81231
3092	YGR243W	0.81231
3093	YPL222W	0.81229
3094	YBR204C	0.81228
3095	YEL059C-A	0.81226
3096	YCR071C	0.81221
3097	YDR072C	0.81219
3098	YGL019W	0.81215
3099	YBR146W	0.81214
3100	YOR286W	0.81205
3101	YOR322C	0.81201
3102	YEL076C	0.81199
3103	YCL008C	0.81198
3104	YPL211W	0.81196
3105	YFL036W	0.81195
3106	YGL212W	0.81193
3107	YGL067W	0.81191
3108	YNL055C	0.81188
3109	YGR070W	0.81187
3110	YPL128C	0.81185
3111	YPL059W	0.81185
3112	YJL011C	0.81184
3113	YDR056C	0.81183
3114	YMR097C	0.81182
3115	YGR162W	0.81174
3116	YHL015W	0.8117
3117	YNL283C	0.8117
3118	YJL098W	0.81168
3119	YBR028C	0.81161
3120	YCL042W	0.8115
3121	YBL058W	0.8115
3122	YOR024W	0.81149
3123	YOR056C	0.81148
3124	YPL009C	0.81145
3125	YEL076C-A	0.81145
3126	YLR464W	0.81145
3127	YLR021W	0.81142
3128	YLR063W	0.81135
3129	YOL101C	0.81134
3130	YER078C	0.8112
3131	YHR052W-A	0.81118
3132	YHR054W-A	0.81118
3133	YGR003W	0.81118
3134	YDR237W	0.81114
3135	YLR183C	0.81111
3136	YMR165C	0.81104
3137	YLR260W	0.81103
3138	YNL084C	0.81099
3139	YHL043W	0.81092
3140	YNL135C	0.81085
3141	YPL248C	0.81085
3142	YJR051W	0.81084
3143	YHR186C	0.8108
3144	YDL225W	0.81075
3145	YDR218C	0.81069
3146	YLR269C	0.81068
3147	YCL016C	0.81057
3148	YJL101C	0.81056
3149	YLR233C	0.81054
3150	YLR364W	0.8105
3151	YNL259C	0.81049
3152	YPL063W	0.81049
3153	YDL092W	0.81049
3154	YJR071W	0.81048
3155	YMR168C	0.81044
3156	YHL044W	0.81042
3157	YLR077W	0.81041
3158	YPL083C	0.8104
3159	YFR026C	0.81034
3160	YLR250W	0.81033
3161	YHR078W	0.81032
3162	YNL239W	0.81031
3163	YGL098W	0.81027
3164	YGL216W	0.81026
3165	YGL169W	0.81023
3166	YPR112C	0.81022
3167	YGR109C	0.81021
3168	YLR301W	0.8102
3169	YMR263W	0.81018
3170	YPL074W	0.81015
3171	YDR276C	0.81013
3172	YMR116C	0.81012
3173	YLR180W	0.81002
3174	YGR154C	0.81002
3175	YGL111W	0.81002
3176	YML049C	0.80999
3177	YDR261C	0.80997
3178	YLR174W	0.80996
3179	YKR048C	0.80993
3180	YDL175C	0.80991
3181	YJL203W	0.80988
3182	YMR212C	0.80986
3183	YDR266C	0.80986
3184	YDL058W	0.80984
3185	YNL124W	0.80981
3186	YBL013W	0.8098
3187	YHL010C	0.80978
3188	YHR079C	0.80975
3189	YIL105C	0.80974
3190	YGR144W	0.80973
3191	YIL041W	0.80962
3192	YGR109W-A	0.80956
3193	YGR056W	0.80949
3194	YFR016C	0.80949
3195	YDR194C	0.80948
3196	YGL160W	0.80947
3197	YJL106W	0.80945
3198	YIL038C	0.80941
3199	YGR058W	0.8094
3200	YIL082W	0.80938
3201	YGL245W	0.80937
3202	YMR233W	0.80936
3203	YJR115W	0.80935
3204	YDL060W	0.80929
3205	YGL195W	0.80929
3206	YJL007C	0.80925
3207	YIR005W	0.80925
3208	YDR121W	0.80923
3209	YKR087C	0.80922
3210	YOR065W	0.8092
3211	YDL208W	0.80919
3212	YIL137C	0.80916
3213	YHR084W	0.80916
3214	YOR216C	0.80913
3215	YGL183C	0.80912
3216	YNR059W	0.80904
3217	YHR040W	0.80903
3218	YML074C	0.80903
3219	YBR260C	0.80902
3220	YNL038W	0.80901
3221	YOR139C	0.80895
3222	YBR097W	0.80893
3223	YMR325W	0.80893
3224	YLR164W	0.80891
3225	YGR136W	0.8088
3226	YOR232W	0.80878
3227	YJL173C	0.80875
3228	YDR180W	0.80874
3229	YNL190W	0.80873
3230	YNL128W	0.80873
3231	YHL030W	0.8087
3232	YDR283C	0.80868
3233	YDR244W	0.80868
3234	Q0142	0.80868
3235	YCL059C	0.80868
3236	YDR453C	0.80856
3237	YDR226W	0.80854
3238	YNL258C	0.80854
3239	YIR006C	0.80853
3240	YER120W	0.80851
3241	YOL071W	0.8085
3242	YDR262W	0.80848
3243	YOR310C	0.80846
3244	YKL124W	0.80845
3245	YHR116W	0.80845
3246	YBL095W	0.80844
3247	YKL006C-A	0.80841
3248	YOL045W	0.80834
3249	YPR016W-A	0.80827
3250	YDL214C	0.80827
3251	YLR054C	0.80826
3252	YHR148W	0.80825
3253	YMR267W	0.80825
3254	YJL025W	0.80818
3255	YOR166C	0.80814
3256	YGL228W	0.80804
3257	YHR073C-B	0.80803
3258	YHR170W	0.80801
3259	YGL236C	0.80801
3260	YDR311W	0.808
3261	YIR041W	0.808
3262	YOR237W	0.80798
3263	YIL115C	0.80794
3264	YGL125W	0.80793
3265	YNL240C	0.80785
3266	YGR145W	0.80783
3267	YNL012W	0.80782
3268	YDL162C	0.80777
3269	YLR038C	0.80775
3270	YOR205C	0.80773
3271	YKL224C	0.80771
3272	YDR036C	0.8077
3273	YOR191W	0.80765
3274	YDR002W	0.80758
3275	YCL076W	0.80755
3276	YJL071W	0.8075
3277	YNL303W	0.80737
3278	YJL046W	0.80734
3279	YPL048W	0.80733
3280	YDR538W	0.80731
3281	YHR188C	0.80726
3282	YPL165C	0.80723
3283	YGR082W	0.80722
3284	YOR125C	0.8072
3285	YCL054W	0.8072
3286	YKL160W	0.80711
3287	YDR334W	0.80709
3288	YDR174W	0.80707
3289	YBR246W	0.80704
3290	YLR163C	0.80702
3291	YBR179C	0.807
3292	YMR087W	0.80696
3293	YPL064C	0.80695
3294	YDR423C	0.80689
3295	YLR363C	0.80686
3296	YMR269W	0.80683
3297	YPL210C	0.80678
3298	YER061C	0.80677
3299	YJL126W	0.80675
3300	YGR088W	0.80672
3301	YFL016C	0.80663
3302	YGR278W	0.8066
3303	YDL203C	0.80658
3304	YDR178W	0.80652
3305	YIL079C	0.8065
3306	YBL020W	0.8065
3307	YJL047C	0.80648
3308	YJL127C	0.80637
3309	YPR001W	0.80636
3310	YOR069W	0.80633
3311	YNL184C	0.8063
3312	YOR180C	0.80628
3313	YKL012W	0.80625
3314	YHR015W	0.80625
3315	YLR406C-A	0.80624
3316	YLR037C	0.80622
3317	YPR048W	0.80622
3318	YBR105C	0.8062
3319	YFL020C	0.80614
3320	YGR203W	0.80614
3321	YDR409W	0.80614
3322	YDL179W	0.80597
3323	YAR008W	0.80594
3324	YKR021W	0.80585
3325	YGL016W	0.80582
3326	YCL004W	0.80579
3327	YIL134W	0.80579
3328	YKL002W	0.80577
3329	YNL137C	0.80573
3330	YEL023C	0.80573
3331	YPL132W	0.80572
3332	YFL064C	0.80568
3333	YHR131W-A	0.80568
3334	YDR501W	0.80568
3335	YJL159W	0.80564
3336	YKL015W	0.80563
3337	YGR101W	0.80558
3338	YHR169W	0.80549
3339	YJR066W	0.80547
3340	YNL271C	0.80546
3341	YDR006C	0.80545
3342	YNL080C	0.80543
3343	YJL104W	0.80541
3344	YMR207C	0.80535
3345	YBR251W	0.80527
3346	YDR534C	0.80525
3347	YLR314C	0.80522
3348	YGR006W	0.80517
3349	YKL043W	0.80515
3350	YHR171W	0.80514
3351	YCR040W	0.80509
3352	YCL066W	0.80509
3353	YAL047W-A	0.80508
3354	YOR382W	0.80508
3355	YER029C	0.80506
3356	YIL005W	0.80503
3357	YIL022W	0.80501
3358	YML111W	0.805
3359	YOL076W	0.80492
3360	YML060W	0.80487
3361	YKL081W	0.80482
3362	YBR284W	0.80481
3363	YOR344C	0.80478
3364	YDR171W	0.80476
3365	YHR073W	0.80475
3366	YPR055W	0.80474
3367	YOL033W	0.80473
3368	YFL027C	0.8047
3369	YER024W	0.80465
3370	YDR213W	0.80464
3371	YIL150C	0.80464
3372	YDL237W	0.80461
3373	YOR368W	0.80456
3374	YJL197C-A	0.80445
3375	YLL038C	0.80444
3376	YNR021W	0.80443
3377	YGR073C	0.80441
3378	YNL173C	0.80439
3379	YBR079C	0.80439
3380	YHR158C	0.80439
3381	YDR026C	0.80433
3382	YLR292C	0.80427
3383	YBR186W	0.80425
3384	YOL012C	0.80425
3385	YIL156W-B	0.80424
3386	YHL019C	0.80422
3387	YLR097C	0.8042
3388	YOL111C	0.80417
3389	YOR251C	0.80416
3390	YER064C	0.80413
3391	YDR112W	0.80413
3392	YKR089C	0.80411
3393	YNL158W	0.80401
3394	YHR147C	0.80401
3395	YER082C	0.804
3396	YLR417W	0.80395
3397	YML104C	0.80392
3398	YBR226C	0.80392
3399	YCL055W	0.80391
3400	YPR139C	0.80391
3401	YML099C	0.8039
3402	YDL105W	0.80389
3403	YGL014W	0.80384
3404	YOR017W	0.80382
3405	YCR077C	0.80377
3406	YOR211C	0.80377
3407	YJR019C	0.80376
3408	YLR124W	0.80374
3409	YER091C	0.80371
3410	YNL131W	0.80366
3411	YOL088C	0.80366
3412	YOR112W	0.80363
3413	YNR028W	0.80361
3414	YHR197W	0.80357
3415	YGR038W	0.80356
3416	YOR051C	0.80353
3417	YGR062C	0.80353
3418	YBL066C	0.80352
3419	YLR132C	0.80352
3420	YDR119W	0.80349
3421	YOR386W	0.80343
3422	YNL250W	0.80341
3423	YHR138C	0.80341
3424	YPL260W	0.80341
3425	YCL043C	0.8034
3426	YGR254W	0.80337
3427	YGR193C	0.80329
3428	YDL028C	0.80328
3429	YPL217C	0.80327
3430	YDL209C	0.80325
3431	YPL123C	0.80323
3432	YGL092W	0.80323
3433	YCR093W	0.80322
3434	YPR092W	0.80322
3435	YDR323C	0.80317
3436	YGL110C	0.80316
3437	YAR053W	0.80311
3438	YMR275C	0.80308
3439	YLL025W	0.80306
3440	YJL194W	0.80299
3441	YPL240C	0.80295
3442	YJL039C	0.80291
3443	YPR026W	0.80289
3444	YFR056C	0.80287
3445	YBR091C	0.80283
3446	YNL009W	0.80283
3447	YKL026C	0.80279
3448	R0010W	0.8027
3449	YPR152C	0.8027
3450	YJR039W	0.80269
3451	YBR005W	0.80261
3452	YDR003W	0.8026
3453	YJL065C	0.80258
3454	YDR316W	0.8025
3455	YOL022C	0.80248
3456	YKL206C	0.80239
3457	YDL157C	0.80238
3458	YER096W	0.80232
3459	YDR179W-A	0.8023
3460	YDR354W	0.80227
3461	YOR116C	0.80225
3462	YPL188W	0.80222
3463	YLR166C	0.8022
3464	YGR052W	0.8022
3465	YKL115C	0.80219
3466	YGR074W	0.80212
3467	YCL052C	0.80209
3468	YMR129W	0.80198
3469	YPR115W	0.80183
3470	YPR169W	0.80177
3471	YCR091W	0.80174
3472	YKL186C	0.8017
3473	YBL047C	0.80166
3474	YDR326C	0.80162
3475	YDR101C	0.80155
3476	YEL053C	0.8015
3477	YDR504C	0.80149
3478	YJR119C	0.80144
3479	YPR085C	0.80143
3480	YOR093C	0.80141
3481	YDL043C	0.80138
3482	YOR215C	0.80137
3483	YMR214W	0.80133
3484	YBL070C	0.80131
3485	YDL030W	0.80131
3486	YEL034W	0.80128
3487	YNL324W	0.80125
3488	YLL016W	0.80121
3489	YJL057C	0.8012
3490	YKR082W	0.80119
3491	YPL138C	0.80112
3492	YMR130W	0.8011
3493	YDR520C	0.80106
3494	YOR149C	0.80106
3495	YPR079W	0.80104
3496	YMR281W	0.80104
3497	YCR076C	0.801
3498	YOR302W	0.80098
3499	YBL086C	0.80097
3500	YGL203C	0.80097
3501	YML032C	0.80097
3502	YBL079W	0.80096
3503	YPL043W	0.80095
3504	YIR004W	0.80091
3505	YMR209C	0.8009
3506	YAL044C	0.80084
3507	YNR018W	0.8008
3508	YNL253W	0.80079
3509	YKL179C	0.80078
3510	YJR151W-A	0.80076
3511	YJR135W-A	0.8007
3512	YOR029W	0.80063
3513	YMR254C	0.80062
3514	YEL062W	0.80062
3515	YLR329W	0.80061
3516	YDR251W	0.80052
3517	YKL057C	0.80052
3518	YPR168W	0.80036
3519	YJR055W	0.80032
3520	YJL120W	0.80026
3521	YFR037C	0.80024
3522	YKL116C	0.80019
3523	YML020W	0.80017
3524	YPL263C	0.80014
3525	YER145C-A	0.80012
3526	YMR067C	0.8001
3527	YJR097W	0.80004
3528	YML025C	0.80004
3529	YER187W	0.79997
3530	YJR038C	0.79996
3531	YML088W	0.79993
3532	YNR023W	0.7999
3533	YBR116C	0.79989
3534	YKL095W	0.79983
3535	YFR045W	0.79983
3536	YLR104W	0.7998
3537	YJR111C	0.79974
3538	YGL233W	0.7997
3539	YAL056W	0.79969
3540	YPL038W	0.79969
3541	YGR166W	0.79963
3542	YPR057W	0.79962
3543	YDR027C	0.79962
3544	YML013W	0.79961
3545	YAL014C	0.79959
3546	YAL067W-A	0.79959
3547	YJL009W	0.79954
3548	YPR036W	0.79953
3549	YIL104C	0.7995
3550	YNL029C	0.7995
3551	YPR063C	0.79947
3552	YOR281C	0.7994
3553	YER008C	0.79916
3554	YGR259C	0.79916
3555	YCL058C	0.79916
3556	YDL116W	0.79915
3557	YKL005C	0.79914
3558	YNL047C	0.79913
3559	YMR012W	0.79912
3560	YDR137W	0.79908
3561	YGL146C	0.79907
3562	YML002W	0.79906
3563	YHR089C	0.79904
3564	YDR208W	0.79904
3565	YLR206W	0.79904
3566	YML098W	0.79901
3567	YGR045C	0.79901
3568	YGL085W	0.79899
3569	YOR075W	0.79899
3570	YGR033C	0.79894
3571	YOR288C	0.79891
3572	YMR053C	0.79889
3573	YOL123W	0.79888
3574	YDR204W	0.79883
3575	YJL132W	0.79882
3576	YAL042C-A	0.79882
3577	YLR399W-A	0.79881
3578	YDL118W	0.7988
3579	YPR031W	0.79879
3580	YOR081C	0.79878
3581	YDL227C	0.79877
3582	YCR028C-A	0.79877
3583	YHR011W	0.79872
3584	YDL068W	0.79869
3585	YMR171C	0.79869
3586	YGL080W	0.79869
3587	YHR005C-A	0.79864
3588	YOL019W	0.79863
3589	YGR245C	0.7986
3590	YGR050C	0.7986
3591	YIR040C	0.7986
3592	YNL282W	0.79858
3593	YPL185W	0.79856
3594	YGR068W-A	0.79855
3595	YER014C-A	0.79851
3596	YMR298W	0.79848
3597	YOR009W	0.79847
3598	YHR063W-A	0.79844
3599	YGL254W	0.79843
3600	YLR087C	0.7984
3601	YDR290W	0.79836
3602	YOL159C	0.79832
3603	YHL022C	0.79832
3604	YGR202C	0.7983
3605	YDR183W	0.79827
3606	YDL127W	0.79826
3607	YBL107W-A	0.79822
3608	YGR205W	0.79821
3609	YOR010C	0.79818
3610	YHR199C	0.79816
3611	YIL029C	0.79815
3612	YGR069W	0.79813
3613	YKL152C	0.79811
3614	YER138W-A	0.7981
3615	YLR074C	0.79807
3616	YML011C	0.79806
3617	YML046W	0.79806
3618	YLR096W	0.79799
3619	YPR072W	0.79793
3620	YGR220C	0.79793
3621	YDR437W	0.79785
3622	YMR290W-A	0.79783
3623	YBL077W	0.79781
3624	YDL066W	0.79781
3625	YML084W	0.79781
3626	YDL117W	0.79781
3627	YNL035C	0.7978
3628	YPR155C	0.79779
3629	YNL278W	0.79779
3630	YMR186W	0.79776
3631	YGR097W	0.79773
3632	YAL065C	0.79772
3633	YOR227W	0.79772
3634	YHR049C-A	0.7977
3635	YCR086W	0.79765
3636	YPR045C	0.79765
3637	YHR081W	0.79763
3638	YDR463W	0.79757
3639	YKL037W	0.79755
3640	YOR319W	0.79752
3641	YDR150W	0.79751
3642	YOR200W	0.79748
3643	YNL257C	0.79747
3644	YGL187C	0.79746
3645	YBR206W	0.79741
3646	YLL020C	0.7974
3647	YGR122W	0.79738
3648	YHR101C	0.79737
3649	YMR026C	0.79734
3650	YJR090C	0.79731
3651	YLR159W	0.79731
3652	YLR156W	0.79731
3653	YLR161W	0.79731
3654	YHL013C	0.79727
3655	YEL044W	0.79724
3656	YLR071C	0.79721
3657	YIR017C	0.7972
3658	YCR075W-A	0.79719
3659	YOL150C	0.79715
3660	YBR027C	0.79714
3661	YPR125W	0.79714
3662	YDR470C	0.79708
3663	YAR029W	0.79707
3664	YGL153W	0.79705
3665	YBL004W	0.797
3666	YOL095C	0.79697
3667	YOR190W	0.79694
3668	YLL007C	0.7969
3669	YGR068C	0.79689
3670	YOR305W	0.79689
3671	YCR088W	0.79688
3672	YDR376W	0.79678
3673	YOR188W	0.79678
3674	YOR015W	0.79673
3675	YLR025W	0.79673
3676	YOR249C	0.7967
3677	YJL210W	0.7967
3678	YLR145W	0.79669
3679	YER071C	0.79667
3680	YDR230W	0.79666
3681	YLR140W	0.79665
3682	YPL228W	0.7966
3683	YGR046W	0.7966
3684	YBL033C	0.79656
3685	YKL036C	0.79655
3686	YML105C	0.79654
3687	YPR202W	0.7965
3688	YDR496C	0.7965
3689	YNL148C	0.79649
3690	YMR156C	0.79647
3691	YIL026C	0.79645
3692	YGR182C	0.79643
3693	YDL112W	0.79642
3694	YKL150W	0.79638
3695	YJL052W	0.79631
3696	YPR050C	0.7963
3697	YDR147W	0.79625
3698	YPL149W	0.79625
3699	YNL077W	0.79625
3700	YMR157C	0.79621
3701	YGR178C	0.79618
3702	YGL024W	0.79614
3703	YGR159C	0.79614
3704	YLR194C	0.79614
3705	YBR276C	0.79609
3706	YKL137W	0.79607
3707	YGR116W	0.79596
3708	YML048W	0.79595
3709	YIL087C	0.79594
3710	YPL076W	0.79588
3711	YDL031W	0.79587
3712	YGR009C	0.79587
3713	YJL029C	0.79584
3714	YLR312W-A	0.79582
3715	YDR432W	0.79582
3716	YBR191W-A	0.79579
3717	YKL030W	0.79566
3718	YMR115W	0.79562
3719	YIL060W	0.79562
3720	YBL074C	0.79555
3721	YJR121W	0.79555
3722	YJL077C	0.79552
3723	YER154W	0.79551
3724	YDR222W	0.79551
3725	YLR199C	0.79549
3726	YMR182W-A	0.79549
3727	YLR346C	0.79549
3728	YGR119C	0.79546
3729	YKL117W	0.79537
3730	YCL021W	0.79533
3731	YGR106C	0.79533
3732	YGL105W	0.79532
3733	YCR090C	0.79531
3734	YOR077W	0.7953
3735	YHL005C	0.79527
3736	YNL221C	0.79525
3737	YGR042W	0.79524
3738	YLR337C	0.79523
3739	YKL055C	0.79522
3740	YPR071W	0.79522
3741	YML071C	0.79521
3742	YMR244C-A	0.79513
3743	YMR237W	0.79511
3744	YJR014W	0.79511
3745	YDR049W	0.79508
3746	YCL057C-A	0.79507
3747	YLR125W	0.79507
3748	YOR242C	0.79501
3749	YER128W	0.79499
3750	YLL035W	0.79496
3751	YJL123C	0.79492
3752	YGR285C	0.79489
3753	YPR022C	0.79489
3754	YHR109W	0.79488
3755	YKR044W	0.79487
3756	YLR039C	0.79483
3757	YIL062C	0.79478
3758	YGL134W	0.79471
3759	YDR221W	0.7947
3760	YBR089C-A	0.79469
3761	YNR040W	0.79468
3762	YLR149C-A	0.79459
3763	YBR178W	0.79459
3764	YDR527W	0.79453
3765	YGL116W	0.79447
3766	YML047C	0.79446
3767	YDR225W	0.79445
3768	YML095C	0.79443
3769	YBR026C	0.79442
3770	YBR119W	0.79439
3771	YPL182C	0.79434
3772	YGR096W	0.79432
3773	YDL022C-A	0.79425
3774	YBR162W-A	0.79423
3775	YHR052W	0.79422
3776	YPR141C	0.79419
3777	YBL003C	0.79416
3778	YBR111W-A	0.79413
3779	YOL087C	0.79413
3780	YDR081C	0.79412
3781	YLL006W-A	0.79412
3782	YJR034W	0.79407
3783	YGR156W	0.79406
3784	YBR102C	0.79402
3785	YDL114W	0.79402
3786	YLR390W-A	0.79399
3787	YHR172W	0.79396
3788	YKR081C	0.79393
3789	YDR389W	0.79389
3790	YHL021C	0.79388
3791	YGL199C	0.79387
3792	YNL244C	0.7938
3793	YDR286C	0.79379
3794	YOL166C	0.79375
3795	YPR097W	0.79375
3796	YKL121W	0.79374
3797	YPL163C	0.79373
3798	YMR044W	0.79365
3799	YDR308C	0.79363
3800	YGR063C	0.79362
3801	YOR012W	0.7936
3802	YIL076W	0.79359
3803	YNL089C	0.79357
3804	YJL061W	0.79356
3805	YPL141C	0.79349
3806	YDR335W	0.79346
3807	YGL132W	0.79344
3808	YDR347W	0.79341
3809	YGR293C	0.79341
3810	YER093C	0.7934
3811	YER063W	0.79338
3812	YBR129C	0.79333
3813	YOR247W	0.79333
3814	YGL126W	0.7933
3815	YBL002W	0.79327
3816	YBR065C	0.79323
3817	YBR058C-A	0.79319
3818	YGL131C	0.79313
3819	YDR168W	0.79312
3820	YPR077C	0.79303
3821	YNR006W	0.79303
3822	YDL114W-A	0.793
3823	YHR051W	0.79298
3824	YNL262W	0.79297
3825	YNL126W	0.79296
3826	YJR140C	0.79295
3827	YKR030W	0.79294
3828	YJR136C	0.79293
3829	YDR405W	0.79292
3830	YNL153C	0.79289
3831	YLR015W	0.79286
3832	YDL160C-A	0.79286
3833	YJR091C	0.79283
3834	YOL041C	0.7928
3835	YLL032C	0.7928
3836	YDR279W	0.7927
3837	YPR040W	0.79265
3838	YGR017W	0.79265
3839	YJR009C	0.7926
3840	YAL017W	0.7926
3841	YPR018W	0.79257
3842	YPR154W	0.79257
3843	YMR021C	0.79255
3844	YOR320C	0.79254
3845	YIL014C-A	0.79253
3846	YOL063C	0.79252
3847	YGR108W	0.79252
3848	YEL037C	0.79247
3849	YBL080C	0.79247
3850	YGR192C	0.79246
3851	YDR340W	0.79237
3852	YOR033C	0.79227
3853	YMR192W	0.79225
3854	YLL059C	0.79223
3855	YGR104C	0.79223
3856	YMR161W	0.79219
3857	YPR195C	0.79219
3858	YKR040C	0.79218
3859	YLR171W	0.79218
3860	YDR363W	0.79218
3861	YMR306C-A	0.79216
3862	YIR037W	0.79216
3863	YIR036W-A	0.79215
3864	YER053C-A	0.79213
3865	YIR021W-A	0.79212
3866	YDL142C	0.79208
3867	YDL003W	0.79206
3868	YNR031C	0.79204
3869	YDR071C	0.79203
3870	YHR155W	0.79201
3871	YOR371C	0.79199
3872	YKR073C	0.79196
3873	YMR068W	0.79191
3874	YER011W	0.79186
3875	YNL051W	0.79181
3876	YPR038W	0.7918
3877	YGR121W-A	0.79179
3878	YNL170W	0.79178
3879	YGL060W	0.79175
3880	YNL143C	0.79173
3881	YLR122C	0.79171
3882	YOR008C-A	0.79169
3883	YGR112W	0.79168
3884	YGR225W	0.7916
3885	YNL201C	0.79154
3886	YMR276W	0.79153
3887	YGL109W	0.79152
3888	YHR174W	0.79152
3889	YBR064W	0.79151
3890	YKL072W	0.7915
3891	YDR108W	0.79147
3892	YPL020C	0.79143
3893	YEL020W-A	0.79139
3894	YDL045C	0.79137
3895	YPR093C	0.79137
3896	YJR062C	0.79136
3897	YGR057C	0.79131
3898	YKL083W	0.79127
3899	YIL025C	0.79126
3900	YMR211W	0.79124
3901	Q0075	0.79122
3902	YDR110W	0.79122
3903	YNL073W	0.79121
3904	YMR287C	0.79116
3905	YIL072W	0.79114
3906	YGL142C	0.79109
3907	YGL133W	0.79108
3908	YNL103W-A	0.79104
3909	YPL026C	0.79101
3910	YPR094W	0.79095
3911	YOR135C	0.79094
3912	YPR199C	0.7909
3913	YDR359C	0.7909
3914	YER068C-A	0.79086
3915	YFL023W	0.7908
3916	YPL115C	0.79079
3917	YLR317W	0.79077
3918	YOL027C	0.79075
3919	YDR157W	0.79074
3920	YAL034W-A	0.79072
3921	YIL029W-A	0.79066
3922	YNL019C	0.79064
3923	YIR001C	0.79052
3924	YKL009W	0.79052
3925	YOR082C	0.7905
3926	YLR247C	0.7905
3927	YNL193W	0.79049
3928	YMR030W-A	0.79047
3929	YGR091W	0.79045
3930	YDR253C	0.79042
3931	YBR109W-A	0.79041
3932	YGL088W	0.79038
3933	YMR274C	0.79035
3934	YPR148C	0.79034
3935	YGR235C	0.79032
3936	YIL171W-A	0.79029
3937	YJL220W	0.79029
3938	YLR202C	0.79026
3939	YMR258C	0.79025
3940	YPL150W	0.79024
3941	YGR025W	0.7902
3942	YHL024W	0.79018
3943	YPR143W	0.79018
3944	YJL202C	0.79016
3945	YKL134C	0.79014
3946	YGL247W	0.7901
3947	YBR292C	0.79009
3948	YGL041C-B	0.79008
3949	YDL149W	0.79007
3950	YDL011C	0.79007
3951	YLR311C	0.79006
3952	YGL129C	0.79006
3953	YPL013C	0.79004
3954	YJL067W	0.79002
3955	YLL017W	0.79001
3956	YIL054W	0.79001
3957	YKL136W	0.79
3958	YEL026W	0.78996
3959	YER184C	0.78994
3960	YML031C-A	0.78988
3961	YER023C-A	0.78984
3962	YDR224C	0.78984
3963	YMR013C-A	0.78983
3964	YPR099C	0.78981
3965	YMR158W	0.7898
3966	YML030W	0.78979
3967	YCR087C-A	0.78978
3968	YPL069C	0.7897
3969	YOL083C-A	0.7897
3970	YHR198C	0.78969
3971	YGR146C-A	0.78969
3972	YCL026C-B	0.78967
3973	YIL056W	0.78966
3974	YKR049C	0.78961
3975	YKL223W	0.78959
3976	YML117W	0.78957
3977	YNL252C	0.78956
3978	YDR416W	0.78955
3979	YJL109C	0.78955
3980	YER135C	0.78954
3981	YOR041C	0.78951
3982	YLR147C	0.78949
3983	YPL114W	0.78948
3984	YGL030W	0.78948
3985	YLR041W	0.78944
3986	YCR095C	0.78937
3987	YGR227W	0.78936
3988	YMR175W-A	0.78934
3989	YBR167C	0.7893
3990	YDR312W	0.78929
3991	YMR247C	0.78928
3992	YDR273W	0.78927
3993	YBR221W-A	0.78926
3994	YAR069C	0.78925
3995	YHR214C-D	0.78925
3996	YPL242C	0.78921
3997	YOL026C	0.78921
3998	YER119C-A	0.7892
3999	YLR169W	0.78919
4000	YKR098C	0.78912
4001	YIL161W	0.7891
4002	YGL038C	0.7891
4003	YMR185W	0.78909
4004	YER114C	0.78903
4005	YBR216C	0.789
4006	YPR129W	0.78897
4007	YDR429C	0.78893
4008	YHR214C-C	0.78889
4009	YIL154C	0.78885
4010	YHR066W	0.78874
4011	YGR011W	0.78871
4012	YMR122W-A	0.78866
4013	YLR349W	0.78863
4014	YBR290W	0.78863
4015	YDL113C	0.78862
4016	YMR031W-A	0.78861
4017	YNR005C	0.78859
4018	YHL034C	0.78857
4019	YOR238W	0.78855
4020	YBR142W	0.78851
4021	YBR067C	0.78851
4022	YGL177W	0.7885
4023	YCL056C	0.78847
4024	YMR307C-A	0.78847
4025	YDR449C	0.78844
4026	YDR220C	0.78843
4027	YGL168W	0.78843
4028	YDR507C	0.78842
4029	YOL107W	0.78841
4030	YOL003C	0.7884
4031	YOR194C	0.78839
4032	YBL073W	0.78837
4033	YPR042C	0.78835
4034	YNR054C	0.78835
4035	YPR150W	0.78835
4036	YEL009C	0.78834
4037	YGL127C	0.78829
4038	YOR338W	0.78827
4039	YOR263C	0.78824
4040	YPL127C	0.78824
4041	YLR101C	0.78823
4042	YCL048W-A	0.78823
4043	YER047C	0.78818
4044	YGL217C	0.78817
4045	YIL096C	0.78817
4046	YLR356W	0.78811
4047	Q0080	0.7881
4048	YHR071W	0.788
4049	YDL196W	0.788
4050	YDR426C	0.78798
4051	YKL169C	0.78794
4052	YDL187C	0.7879
4053	YER150W	0.78788
4054	YCR060W	0.78788
4055	YOL035C	0.78782
4056	YMR005W	0.7878
4057	YOL102C	0.78779
4058	YDR365C	0.78778
4059	YPL278C	0.78777
4060	YDR460W	0.78775
4061	YDR366C	0.78774
4062	YIR018C-A	0.78773
4063	YFR013W	0.78773
4064	YLR392C	0.7877
4065	YEL053W-A	0.78767
4066	YBR044C	0.78767
4067	YDR114C	0.78763
4068	YMR091C	0.78762
4069	YPR089W	0.78759
4070	YNR039C	0.78758
4071	YNL310C	0.78757
4072	YDR087C	0.7875
4073	YER068W	0.78748
4074	YNR068C	0.78748
4075	YBR278W	0.78739
4076	YML089C	0.78736
4077	YGR258C	0.78735
4078	YPL241C	0.78735
4079	YHR214C-E	0.78733
4080	YMR227C	0.78733
4081	YMR264W	0.78731
4082	YLR428C	0.78729
4083	YGR122C-A	0.78727
4084	YNL033W	0.78726
4085	YBR193C	0.78725
4086	YHR021W-A	0.78722
4087	YMR137C	0.7872
4088	YER078W-A	0.7872
4089	YGR184C	0.78719
4090	YDR233C	0.78718
4091	YEL073C	0.78715
4092	YBR150C	0.78713
4093	YLR323C	0.78711
4094	YCL026C-A	0.7871
4095	YOR230W	0.78703
4096	YLR459W	0.78693
4097	YPL126W	0.78693
4098	YKR032W	0.78691
4099	YDR052C	0.78689
4100	YHR125W	0.78685
4101	YKL192C	0.78684
4102	YDR008C	0.78683
4103	YGR270W	0.78683
4104	YER107W-A	0.78681
4105	YLR177W	0.78679
4106	YFL065C	0.78674
4107	YLR336C	0.7867
4108	YIL068W-A	0.78668
4109	YPL025C	0.78666
4110	YHR038W	0.7866
4111	YOR174W	0.78657
4112	YNL179C	0.78654
4113	YNL150W	0.78643
4114	YMR283C	0.78642
4115	YKL106W	0.78637
4116	YBL060W	0.78636
4117	YMR008C-A	0.78632
4118	YPL098C	0.78631
4119	YKR004C	0.78627
4120	YMR106C	0.78626
4121	YDR050C	0.78622
4122	YOR229W	0.78619
4123	YLL040C	0.78615
4124	YCR047W-A	0.78615
4125	YDL221W	0.78608
4126	YOR277C	0.78606
4127	YOR080W	0.78604
4128	YCL057W	0.78602
4129	YFL015C	0.78602
4130	YKL079W	0.78601
4131	YER046W-A	0.786
4132	YHR083W	0.786
4133	YOR060C	0.78597
4134	YMR029C	0.78595
4135	YGL118C	0.78594
4136	YLL013C	0.78594
4137	YER189W	0.78592
4138	YDL009C	0.7859
4139	YJL201W	0.78588
4140	YGL150C	0.78587
4141	YOR064C	0.78584
4142	YBR085C-A	0.78583
4143	YIL100C-A	0.78579
4144	YBL014C	0.78574
4145	YOR143C	0.78573
4146	YGR051C	0.78573
4147	YDR183C-A	0.78572
4148	YJL112W	0.78571
4149	YGR005C	0.78571
4150	YGL007C-A	0.7857
4151	YDL091C	0.78569
4152	YOR345C	0.78567
4153	YIL028W	0.78566
4154	YKL104W-A	0.78564
4155	YIL061C	0.78563
4156	YMR061W	0.78562
4157	YDR371C-A	0.78561
4158	YDR535C	0.7856
4159	YOL166W-A	0.78559
4160	YJL096W	0.78559
4161	YLR148W	0.78558
4162	YNL127W	0.78551
4163	YEL020C-B	0.7855
4164	YPL144W	0.78543
4165	YJR122W	0.78542
4166	YGL135W	0.78542
4167	YPL220W	0.78542
4168	YLL002W	0.78541
4169	YNL043C	0.7853
4170	YOR265W	0.78529
4171	YNL284C	0.78527
4172	YER048C	0.78525
4173	YDR152W	0.78523
4174	YGR219W	0.78522
4175	YLR157W-E	0.78518
4176	YDL023C	0.78518
4177	YLR396C	0.78517
4178	YDR141C	0.78517
4179	YER087W	0.78516
4180	YJL182C	0.78515
4181	YML034C-A	0.78514
4182	YJR150C	0.78511
4183	Q0110	0.78507
4184	YPR160C-A	0.785
4185	YDR246W	0.785
4186	YLR006C	0.785
4187	YDL077C	0.78496
4188	YER165C-A	0.78491
4189	YOR282W	0.78486
4190	YDR524C-A	0.78486
4191	YLR187W	0.78485
4192	YGR290W	0.78484
4193	YIL024C	0.78481
4194	YGR102C	0.7848
4195	YHR189W	0.78477
4196	YLR402W	0.78474
4197	YER147C	0.7847
4198	YGL260W	0.78463
4199	YDL041W	0.7846
4200	YKL167C	0.78457
4201	YER118C	0.78455
4202	YOL155W-A	0.7845
4203	YKL088W	0.78448
4204	YPL155C	0.78445
4205	YOR376W-A	0.78444
4206	YEL010W	0.78442
4207	YDR278C	0.78442
4208	YDR537C	0.7844
4209	YPR080W	0.7844
4210	YKR036C	0.78436
4211	YBR212W	0.78436
4212	YDR489W	0.78434
4213	YOL054W	0.78432
4214	YJR102C	0.78429
4215	YIL012W	0.78428
4216	YGL258W-A	0.78423
4217	YPL038W-A	0.78423
4218	YBL045C	0.7842
4219	YGR186W	0.78419
4220	YIR044C	0.78417
4221	YMR013W-A	0.78417
4222	YOR293C-A	0.78415
4223	YMR272W-B	0.78414
4224	YOR337W	0.78413
4225	YMR316W	0.78401
4226	YJL204C	0.784
4227	YNL139C	0.78398
4228	YDR102C	0.78395
4229	YLL004W	0.78394
4230	YML047W-A	0.78394
4231	YGR018C	0.78382
4232	YHL034W-A	0.7838
4233	YBR244W	0.78377
4234	YKL156W	0.78374
4235	YGL018C	0.78372
4236	YLR422W	0.78371
4237	YJL136W-A	0.7837
4238	YJL157C	0.78362
4239	YBR107C	0.78359
4240	YIL141W	0.78358
4241	YMR190C	0.78357
4242	YPL243W	0.78355
4243	YJR112W	0.78354
4244	YBR076C-A	0.78352
4245	YLR128W	0.78348
4246	YMR039C	0.78339
4247	YKL089W	0.78334
4248	YBL071C	0.78334
4249	YLR393W	0.78333
4250	YMR047C	0.78333
4251	YHR067W	0.78331
4252	YLR167W	0.7833
4253	YOR183W	0.7833
4254	YPR027C	0.78327
4255	YDR187C	0.78327
4256	YHR180W-A	0.78325
4257	YAL034C-B	0.78318
4258	YKR075W-A	0.78317
4259	YER006C-A	0.78317
4260	YMR172C-A	0.78316
4261	YOR050C	0.78315
4262	YER139C	0.78314
4263	YJR047C	0.78314
4264	YBR247C	0.78312
4265	YDR274C	0.78312
4266	YGR204C-A	0.7831
4267	YMR086C-A	0.783
4268	YLR149C	0.78298
4269	YCL012C	0.78298
4270	YDR365W-B	0.78296
4271	YFR029W	0.78291
4272	YOR106W	0.78286
4273	YOR336W	0.7828
4274	YMR001C-A	0.78276
4275	YML076C	0.7827
4276	YHR004C	0.7827
4277	YKL131W	0.78267
4278	YBL108W	0.78266
4279	YMR019W	0.78264
4280	YLR232W	0.78264
4281	YDR495C	0.78261
4282	YJR110W	0.78255
4283	YHR105W	0.78252
4284	YOR269W	0.78246
4285	YOR325W	0.78245
4286	YDR003W-A	0.78244
4287	YAR070C	0.78233
4288	YCR001W	0.78229
4289	YJL070C	0.78227
4290	YBL039C-A	0.78225
4291	YAL056C-A	0.78224
4292	YEL017C-A	0.78224
4293	YOL164W-A	0.78223
4294	YGR270C-A	0.78221
4295	YLR176C	0.7822
4296	YIL115W-A	0.78219
4297	YGL145W	0.78218
4298	YHR154W	0.78217
4299	YPL005W	0.78215
4300	YLR332W	0.78212
4301	YIL132C	0.78211
4302	YKL155C	0.78209
4303	YGL192W	0.78207
4304	YCR032W	0.78206
4305	YNL297C	0.78206
4306	YHR039C-A	0.78197
4307	YKL045W	0.78196
4308	YPL044C	0.78188
4309	YPL041C	0.78184
4310	YGR198W	0.78183
4311	YAL013W	0.7818
4312	YNL110C	0.78176
4313	YOR346W	0.78175
4314	YLR278C	0.78175
4315	YBR253W	0.78173
4316	YER172C-A	0.78171
4317	YDL096C	0.7817
4318	YOL079W	0.78169
4319	YGL172W	0.78159
4320	YJL190C	0.78159
4321	YNL234W	0.78157
4322	YDR521W	0.78155
4323	YLR400W	0.78154
4324	YBR123C	0.78151
4325	YOR072W	0.78148
4326	YOL028C	0.78144
4327	YDR314C	0.78143
4328	YNR003W-A	0.7814
4329	YER077C	0.78137
4330	YBR098W	0.78132
4331	YIR015W	0.7813
4332	YOR289W	0.78129
4333	YER083C	0.78125
4334	YBR300C	0.78124
4335	YLR256W-B/YLR256W-C	0.78124
4336	YOR228C	0.78124
4337	YLR010C	0.78124
4338	YJL115W	0.78122
4339	YMR245W	0.78119
4340	Q0017	0.7811
4341	YNL224C	0.78109
4342	YHR095W	0.78107
4343	YAL043C	0.78103
4344	YOL103W-B	0.78102
4345	YDR281C	0.78101
4346	YMR213W	0.78098
4347	YPR109W	0.78093
4348	YDR417C	0.78092
4349	YER138C	0.7809
4350	YPL257W-B	0.78079
4351	YLL046C	0.78074
4352	YLR154C	0.78073
4353	YPL181W	0.78071
4354	YGR228W	0.7807
4355	YIL156W	0.78069
4356	YMR028W	0.78068
4357	YOL097W-A	0.78062
4358	YIL142C-A	0.78061
4359	YKL208W	0.7806
4360	YPR030W	0.78058
4361	YPR203W	0.78058
4362	YMR065W	0.78055
4363	YMR133W	0.78054
4364	YNR042W	0.78046
4365	YMR140W	0.78043
4366	YLR157C-B	0.78042
4367	YGL013C	0.78041
4368	YHL037C	0.7804
4369	YDR199W	0.7804
4370	YGR038C-B	0.7804
4371	YPL252C	0.7804
4372	YNL039W	0.78037
4373	YML045W	0.78036
4374	YJR113C	0.78034
4375	YBL029W	0.78033
4376	YJR104C	0.7803
4377	YLR141W	0.7803
4378	YPR053C	0.78017
4379	YLR302C	0.78017
4380	YML016C	0.78016
4381	YCR085W	0.78012
4382	YDL183C	0.78011
4383	YKL049C	0.78011
4384	YDL004W	0.78008
4385	YJR027W	0.78008
4386	YMR316C-A	0.78005
4387	YGL041C	0.78005
4388	YJL086C	0.78003
4389	YKR008W	0.78003
4390	YOR260W	0.77999
4391	YMR141C	0.77996
4392	YPR177C	0.77995
4393	YIL011W	0.77995
4394	YBR255C-A	0.77995
4395	YMR182C	0.77994
4396	YNL304W	0.77991
4397	YDR098C-B	0.77991
4398	YJL022W	0.77989
4399	YPL135C-A	0.77986
4400	YCL046W	0.77983
4401	YHR086W-A	0.77981
4402	YHR214C-B	0.77978
4403	YJL099W	0.77974
4404	YLR191W	0.77974
4405	YHR006W	0.77974
4406	YDR159W	0.77972
4407	YLL030C	0.77971
4408	YDR048C	0.77969
4409	YBR195C	0.77959
4410	YLR136C	0.77955
4411	YOR043W	0.77954
4412	YDR414C	0.77952
4413	YEL050C	0.77952
4414	YDR318W	0.7795
4415	YBR272C	0.77949
4416	YHR008C	0.77947
4417	YGL074C	0.77945
4418	YNL300W	0.77944
4419	YJL037W	0.77942
4420	YGR064W	0.7794
4421	YDR077W	0.77935
4422	YFR043C	0.77935
4423	YKR007W	0.77931
4424	YOR225W	0.77927
4425	YJL015C	0.77927
4426	YML039W	0.77927
4427	YLR255C	0.77926
4428	YPR137C-B	0.77926
4429	YMR260C	0.77926
4430	YLR036C	0.77922
4431	YDR442W	0.77922
4432	YDR131C	0.7792
4433	YGR190C	0.77916
4434	YFR012W	0.77916
4435	Q0115	0.77913
4436	YPR158C-D	0.7791
4437	YGL227W	0.7791
4438	YGR161C-D	0.77909
4439	YHR193C	0.77908
4440	YJL038C	0.77906
4441	YPL186C	0.77905
4442	YBR089W	0.77893
4443	YJR041C	0.77893
4444	YIL049W	0.77887
4445	YLR367W	0.77887
4446	YAR009C	0.77885
4447	YEL075C	0.77884
4448	YPL257W	0.77881
4449	YKR027W	0.77881
4450	YHR139C-A	0.7788
4451	YNL067W-B	0.77877
4452	YEL072W	0.77877
4453	YML107C	0.77875
4454	YFL012W-A	0.77869
4455	YHR102W	0.77869
4456	YDL213C	0.77868
4457	YNL114C	0.77867
4458	YDR316W-B	0.77865
4459	YOR142W-B	0.77865
4460	YMR074C	0.77864
4461	YEL007W	0.7786
4462	YKL025C	0.77857
4463	YLR350W	0.77855
4464	YOL052C-A	0.77854
4465	YPR130C	0.77851
4466	YJL054W	0.77849
4467	YIL105W-A	0.77848
4468	YLR198C	0.77845
4469	YEL018C-A	0.77844
4470	YDL034W	0.77842
4471	YGR237C	0.77842
4472	YHR146W	0.77842
4473	YLR227W-B	0.77841
4474	YMR105W-A	0.77839
4475	YDR484W	0.77837
4476	YOL078W	0.77837
4477	YGR233C	0.77836
4478	YKR005C	0.77835
4479	YGR037C	0.77832
4480	YDR315C	0.7783
4481	YEL074W	0.77829
4482	YJL084C	0.77829
4483	YDR360W	0.77829
4484	YEL061C	0.77825
4485	YGL123C-A	0.77825
4486	YJL169W	0.77825
4487	YJR029W	0.77823
4488	YLR238W	0.77821
4489	YPR012W	0.7782
4490	YNL011C	0.77817
4491	YAL069W	0.77814
4492	YCL014W	0.77812
4493	YDR320C	0.77812
4494	YER091C-A	0.77812
4495	YMR176W	0.77809
4496	YER041W	0.77805
4497	YMR050C	0.77801
4498	YLR366W	0.77799
4499	YLR228C	0.77799
4500	YFL046W	0.77792
4501	YJR059W	0.77789
4502	YDR261C-D	0.77788
4503	YOL083W	0.77787
4504	YBR012W-B	0.77787
4505	YLR342W-A	0.77785
4506	YDL148C	0.7778
4507	YBR217W	0.77778
4508	YOR392W	0.77778
4509	YJL092W	0.77777
4510	YLR095C	0.77773
4511	YBR032W	0.77772
4512	YJL047C-A	0.77766
4513	YBR133C	0.77765
4514	YNL174W	0.77763
4515	YGR027W-B	0.77762
4516	YPL105C	0.7776
4517	YJL131C	0.7776
4518	YIL156W-A	0.77757
4519	YDR210C-D	0.77756
4520	YPR158W-B	0.77756
4521	YDR089W	0.77755
4522	YMR057C	0.77753
4523	YDR197W	0.77751
4524	YHR212W-A	0.77749
4525	YAR061W	0.77749
4526	YKL205W	0.77746
4527	YJR023C	0.77744
4528	YBL083C	0.77743
4529	YKL086W	0.77742
4530	YDR401W	0.77738
4531	YMR060C	0.77737
4532	YFR042W	0.77736
4533	YKR012C	0.77733
4534	YOR085W	0.77733
4535	YDR445C	0.77732
4536	YOR115C	0.77731
4537	YER169W	0.77731
4538	YHR022C-A	0.77728
4539	YNL144W-A	0.77721
4540	YIL021C-A	0.77719
4541	YDR544C	0.77716
4542	YDR431W	0.77705
4543	YDR034C-A	0.77705
4544	YDR478W	0.77691
4545	YNL162W-A	0.7769
4546	YOL051W	0.7769
4547	YBR190W	0.77689
4548	YCR081C-A	0.77689
4549	YPL139C	0.77683
4550	YKL044W	0.7768
4551	YDR229W	0.77679
4552	YML028W	0.77678
4553	YKR025W	0.77675
4554	YML050W	0.7767
4555	YOL050C	0.77661
4556	YLR370C	0.77661
4557	YKL110C	0.77655
4558	YLR013W	0.77655
4559	YOL148C	0.77654
4560	YCL065W	0.77653
4561	YLR416C	0.77652
4562	YGL226C-A	0.77651
4563	YHR143W	0.77647
4564	YMR184W	0.77644
4565	YJL020C	0.77644
4566	YJR128W	0.77639
4567	YHL002C-A	0.77635
4568	YDR524C-B	0.77635
4569	YGL124C	0.77634
4570	YKR092C	0.77631
4571	YAL037W	0.7763
4572	YDR057W	0.77628
4573	YCR064C	0.77623
4574	YNL075W	0.77623
4575	YBL038W	0.77619
4576	YPR116W	0.77619
4577	YBR077C	0.77618
4578	YPR075C	0.77618
4579	YBL085W	0.77617
4580	YBR163W	0.77616
4581	YLL019C	0.77615
4582	YOL004W	0.77613
4583	YIL089W	0.7761
4584	YLR442C	0.77609
4585	YNL017C	0.77602
4586	YOL136C	0.77598
4587	YLR407W	0.77591
4588	YDR175C	0.77587
4589	YER160C	0.77586
4590	YNL269W	0.77584
4591	YLR264C-A	0.7758
4592	YGR002C	0.77579
4593	YOR127W	0.77578
4594	YGL188C	0.77577
4595	YLR035C-A	0.7757
4596	YJL069C	0.7757
4597	YKL014C	0.77567
4598	YFL010W-A	0.77561
4599	YPR014C	0.77561
4600	YNL097C	0.7756
4601	YDL094C	0.77558
4602	YGR031C-A	0.77555
4603	YBL008W-A	0.77554
4604	YLR067C	0.77554
4605	YDR295C	0.77552
4606	YLR127C	0.77552
4607	YNL177C	0.77551
4608	YOR316C-A	0.7755
4609	YML094C-A	0.77547
4610	YGR206W	0.77543
4611	YNL054W-B	0.77541
4612	YCL024W	0.7754
4613	YNL120C	0.77537
4614	YJL222W-A	0.77535
4615	YIL174W	0.77535
4616	YBL094C	0.77532
4617	YOL160W	0.77531
4618	YLR123C	0.77531
4619	YJL136C	0.77528
4620	YNL081C	0.77525
4621	YKL214C	0.77524
4622	YKL032C	0.77518
4623	YDL219W	0.77516
4624	YAR030C	0.77516
4625	YLR340W	0.77509
4626	YDR125C	0.77508
4627	YGR171C	0.77501
4628	YAR064W	0.77501
4629	YBR072W	0.77499
4630	YDR228C	0.77497
4631	YKL011C	0.77497
4632	YGL244W	0.77493
4633	YJL135W	0.77491
4634	YOR068C	0.77488
4635	YAR019W-A	0.77485
4636	YJL127W-A	0.77484
4637	YPL178W	0.7748
4638	YFR023W	0.7748
4639	YDR124W	0.77478
4640	YOL053W	0.77477
4641	YPL107W	0.77474
4642	YEL025C	0.77473
4643	YCR024C	0.77471
4644	YLR358C	0.77468
4645	YEL067C	0.77466
4646	YPR146C	0.77465
4647	YER002W	0.77464
4648	YKR099W	0.77462
4649	YFR010W-A	0.77462
4650	YPR158C-C	0.77458
4651	YOR152C	0.77458
4652	YNL138W-A	0.77455
4653	YDR255C	0.77448
4654	YHR050W-A	0.77445
4655	YPL238C	0.77445
4656	YMR304C-A	0.77439
4657	YLR142W	0.77438
4658	YNR063W	0.77437
4659	YJL003W	0.77434
4660	R0020C	0.77433
4661	YDR344C	0.77433
4662	YJL016W	0.77425
4663	YBL005W-B	0.77425
4664	YOL103W-A	0.7742
4665	YDR261C-C	0.77419
4666	YKL195W	0.77415
4667	YJL013C	0.77414
4668	YPL161C	0.77413
4669	YNL146C-A	0.77408
4670	YDL159C-B	0.77408
4671	YKR023W	0.77407
4672	YKR090W	0.77404
4673	YDR303C	0.77397
4674	YDR337W	0.77397
4675	YBR259W	0.77395
4676	YCR052W	0.77382
4677	YLR444C	0.77379
4678	YNL067W	0.77379
4679	YDR322C-A	0.77375
4680	YLR463C	0.77375
4681	YGL193C	0.77372
4682	YOR199W	0.77368
4683	YAL026C-A	0.77365
4684	YHR035W	0.77363
4685	YIL042C	0.77362
4686	YDR473C	0.77362
4687	YAL031W-A	0.77361
4688	YDR458C	0.7736
4689	YLR024C	0.77355
4690	YNL284C-B	0.77353
4691	YGL165C	0.77352
4692	YMR077C	0.77352
4693	YNL149C	0.77351
4694	YPR100W	0.77351
4695	YDR209C	0.7735
4696	YBR219C	0.77346
4697	YCR024C-A	0.77344
4698	YBL084C	0.77335
4699	YKL133C	0.77335
4700	YHR059W	0.77335
4701	YLR466C-B	0.77331
4702	YMR100W	0.77329
4703	YDR464C-A	0.77325
4704	YHR217C	0.77324
4705	YCR099C	0.77324
4706	YJL064W	0.77321
4707	YNL026W	0.7732
4708	YJR138W	0.77317
4709	YMR045C	0.77311
4710	YBR240C	0.77311
4711	YOR037W	0.77309
4712	YBL059C-A	0.773
4713	YBR012C	0.77297
4714	YGR226C	0.77293
4715	YOR335W-A	0.77291
4716	YOR098C	0.77289
4717	YOR108C-A	0.77288
4718	YKL147C	0.77286
4719	YNR007C	0.77285
4720	YOR198C	0.77284
4721	YNL226W	0.7728
4722	YMR188C	0.77277
4723	YML023C	0.77276
4724	YLR322W	0.77275
4725	YER115C	0.77273
4726	YDR365W-A	0.77267
4727	YPL257W-A	0.77267
4728	YLR157C-A	0.77267
4729	YER137C-A	0.77267
4730	YBR134W	0.77266
4731	YEL030C-A	0.77258
4732	YBL097W	0.77258
4733	YDL002C	0.77246
4734	YAL016C-A	0.77242
4735	YDL158C	0.7724
4736	YML100W-A	0.77236
4737	YIL020C-A	0.77235
4738	YOR091W	0.77227
4739	YNL183C	0.77226
4740	YBL044W	0.77226
4741	YGL218W	0.77223
4742	YER019C-A	0.77223
4743	YCL001W-A	0.7722
4744	YKL183W	0.77218
4745	YJL152W	0.77217
4746	YDR455C	0.7721
4747	YMR119W-A	0.77209
4748	YIR020C	0.77208
4749	YNL109W	0.77207
4750	YCR022C	0.77202
4751	YJL148W	0.77201
4752	YDR461W	0.77201
4753	YCR041W	0.772
4754	YBR168W	0.77199
4755	YNL151C	0.77198
4756	YHR023W	0.77197
4757	YOL013W-A	0.77197
4758	YIR030W-A	0.77196
4759	YDR317W	0.77195
4760	YKL183C-A	0.77193
4761	YLR365W	0.77193
4762	YGR265W	0.77192
4763	YJL211C	0.7719
4764	YKL149C	0.7719
4765	YDL150W	0.77189
4766	YCR097W-A	0.77186
4767	YDR118W	0.77184
4768	YER046W	0.77183
4769	YML029W	0.7718
4770	YCL037C	0.77179
4771	YMR320W	0.77179
4772	YML036W	0.77178
4773	YDL216C	0.77176
4774	YPR170W-B	0.77166
4775	YML045W-A	0.77162
4776	YGL063C-A	0.77161
4777	YEL075W-A	0.77161
4778	YFL007W	0.77159
4779	YLR217W	0.77159
4780	YDL107W	0.77158
4781	YOR314W	0.77158
4782	YJL140W	0.77157
4783	YLR163W-A	0.77154
4784	YKL096W-A	0.77149
4785	YBL010C	0.77147
4786	YPR106W	0.77147
4787	YEL017W	0.77144
4788	YMR251W-A	0.77141
4789	YPR163C	0.77139
4790	YKL038W	0.77137
4791	YLR192C	0.77135
4792	YLR154W-C	0.77135
4793	YFL013C	0.77133
4794	YLR256W-A	0.77132
4795	YBR141W-A	0.77129
4796	YDR524W-C	0.77126
4797	YJL023C	0.77125
4798	YBR012W-A	0.77124
4799	YKL177W	0.77121
4800	YIR013C	0.77119
4801	YPL205C	0.77114
4802	YBR258C	0.77113
4803	YMR153C-A	0.77104
4804	YDL247W-A	0.77103
4805	YMR324C	0.77103
4806	YPL080C	0.77101
4807	YLR310C	0.771
4808	YER076W-A	0.771
4809	YJR120W	0.77099
4810	YER030W	0.77098
4811	YLR224W	0.77097
4812	YOR034C-A	0.77096
4813	YNL204C	0.77095
4814	YBR200W-A	0.77093
4815	YDR200C	0.77089
4816	YGR114C	0.77089
4817	YNL079C	0.77079
4818	YBR196C-A	0.77078
4819	YKL102C	0.77075
4820	YBL065W	0.77074
4821	YHL038C	0.77071
4822	YAL055W	0.77067
4823	YER180C-A	0.77064
4824	YDR307W	0.77064
4825	YOR366W	0.77059
4826	YNL205C	0.77058
4827	YDR509W	0.77056
4828	YPR122W	0.77055
4829	YKR033C	0.77054
4830	YER084W	0.77048
4831	YKL118W	0.77047
4832	YER147C-A	0.77039
4833	YGL239C	0.77035
4834	YEL050W-A	0.77035
4835	YJL044C	0.77034
4836	YOR193W	0.77033
4837	YKR065C	0.7703
4838	YEL035C	0.77029
4839	YPR137C-A	0.77028
4840	YAR010C	0.77028
4841	YDR098C-A	0.77027
4842	YDR320C-A	0.77027
4843	YOR020W-A	0.77025
4844	YJL215C	0.77018
4845	YHR137C-A	0.77017
4846	YAL045C	0.77017
4847	YKR029C	0.77014
4848	YML040W	0.77014
4849	YJR026W	0.77014
4850	YLR227W-A	0.77014
4851	YHR069C-A	0.77014
4852	YHR213W-B	0.77011
4853	YDR316W-A	0.77011
4854	YGR161C-C	0.77011
4855	YMR051C	0.77011
4856	YLR035C-B	0.77011
4857	YER159C-A	0.77011
4858	YDR269C	0.77011
4859	YOL100W	0.7701
4860	YNL187W	0.77009
4861	YIR030C	0.76999
4862	YEL028W	0.76998
4863	YDR363W-A	0.76993
4864	YHR060W	0.76992
4865	YER087C-B	0.76992
4866	YFL013W-A	0.76991
4867	YOL089C	0.7699
4868	YNL265C	0.76986
4869	YLR462W	0.76986
4870	YER137W-A	0.76982
4871	YIL070C	0.76981
4872	YCR012W	0.7698
4873	YKL058W	0.7698
4874	YPL034W	0.76979
4875	YMR193C-A	0.76974
4876	YER186C	0.76967
4877	YJL187C	0.76965
4878	YER058W	0.76965
4879	YKR101W	0.76959
4880	YAL037C-A	0.76955
4881	YFL021C-A	0.76955
4882	YPR067W	0.76952
4883	YPL261C	0.7695
4884	YGR271C-A	0.7695
4885	YOR146W	0.76949
4886	YOL017W	0.76941
4887	YIR011C	0.76939
4888	YML007C-A	0.76938
4889	YAL041W	0.76936
4890	YAL064W	0.76932
4891	YCR015C	0.76929
4892	YFR009W-A	0.76925
4893	YDR194W-A	0.76924
4894	YLR109W	0.76923
4895	YLL005C	0.76916
4896	YNL096C	0.76911
4897	YLR439W	0.76904
4898	YDR241W	0.76904
4899	YBR232C	0.76903
4900	YLR288C	0.76903
4901	YIL102C-A	0.76901
4902	YIL044C	0.76899
4903	YNL337W	0.76899
4904	YIL084C	0.76893
4905	YDR485C	0.76893
4906	YPL131W	0.76892
4907	YHL045W	0.76892
4908	YPL216W	0.7689
4909	YGL197W	0.76889
4910	YGR107W	0.76887
4911	YPR158W-A	0.76879
4912	YOR142W-A	0.76879
4913	YNL227C	0.7687
4914	YFL032W	0.76868
4915	YDR169C-A	0.76856
4916	YMR247W-A	0.76854
4917	YJR127C	0.76849
4918	YGR167W	0.76846
4919	YOR011W-A	0.76845
4920	YBR239C	0.76843
4921	YDR526C	0.76842
4922	YKR041W	0.76841
4923	YOR379C	0.76835
4924	YGL152C	0.76832
4925	YDR327W	0.76828
4926	YKR011C	0.76828
4927	YDR355C	0.76825
4928	YIL030W-A	0.76823
4929	YHL019W-A	0.76821
4930	YOL144W	0.7682
4931	YBR128C	0.76818
4932	YNL319W	0.76811
4933	YML116W-A	0.76811
4934	YPR009W	0.76811
4935	YJL032W	0.76809
4936	YPL047W	0.76808
4937	YER092W	0.76798
4938	YEL008W	0.76794
4939	YER127W	0.76793
4940	YDR510C-A	0.7679
4941	YGL159W	0.76789
4942	YBL005W	0.76789
4943	YPL156C	0.76789
4944	YIL129C	0.76786
4945	YDL240C-A	0.76783
4946	YNL156C	0.76781
4947	YML057C-A	0.76781
4948	YAL066W	0.7677
4949	YLR120W-A	0.76769
4950	YLR296W	0.76763
4951	YMR111C	0.76761
4952	YDR079C-A	0.76759
4953	YDR246W-A	0.76759
4954	YLL066W-B	0.76758
4955	YGL069C	0.76755
4956	YJR028W	0.76753
4957	YPR117W	0.76752
4958	YDR192C	0.76748
4959	YPL251W	0.76748
4960	YOR329C	0.76746
4961	YJR080C	0.76739
4962	YHR130C	0.76738
4963	YLR440C	0.76735
4964	YOR298C-A	0.76734
4965	YJR108W	0.76728
4966	YMR119W	0.76724
4967	YCR013C	0.76723
4968	YML122C	0.76721
4969	YDR079W	0.76719
4970	YBL025W	0.76718
4971	YBR174C	0.76717
4972	YGR038C-A	0.76716
4973	YBR224W	0.76716
4974	YLR453C	0.76712
4975	YDL081C	0.76712
4976	YKL076C	0.76711
4977	YPL062W	0.76711
4978	YPL040C	0.7671
4979	YDR104C	0.76707
4980	YDR298C	0.76707
4981	YDR136C	0.76706
4982	YDR005C	0.76703
4983	YFL010C	0.76703
4984	YGL147C	0.76702
4985	YDL045W-A	0.76698
4986	YLR242C	0.76696
4987	YHR175W-A	0.76695
4988	YBL096C	0.76695
4989	YDR379C-A	0.76693
4990	YDR250C	0.76683
4991	YDR210C-C	0.76683
4992	YNL172W	0.76683
4993	YER133W-A	0.76682
4994	YHL009C	0.76682
4995	YPL016W	0.7668
4996	YJL077W-A	0.76679
4997	YCL022C	0.76678
4998	YJL073W	0.76669
4999	YHR073W-A	0.76662
5000	YIL040W	0.7666
5001	YHR021C	0.76659
5002	YPR169W-A	0.76657
5003	YJR157W	0.76656
5004	YAR047C	0.76655
5005	YHL048C-A	0.76654
5006	YBR124W	0.76644
5007	YLR309C	0.76644
5008	YDL106C	0.76643
5009	YNL254C	0.76643
5010	YER038W-A	0.7664
5011	YIL066W-A	0.76637
5012	YBR099C	0.76636
5013	YPL073C	0.76634
5014	YDL070W	0.76632
5015	YPL225W	0.7663
5016	YGR049W	0.76625
5017	YNL058C	0.76622
5018	YKR035W-A	0.76619
5019	YGL204C	0.76618
5020	YFR034C	0.76617
5021	YCL031C	0.76609
5022	YNL235C	0.76606
5023	YML083C	0.76602
5024	YLR434C	0.76601
5025	YHL046W-A	0.76598
5026	YGR035W-A	0.76596
5027	YNL008C	0.76596
5028	YJL195C	0.76594
5029	YGR176W	0.76587
5030	YBR279W	0.76585
5031	YAL003W	0.76583
5032	YDR094W	0.7658
5033	YJL156W-A	0.76579
5034	YGR280C	0.76579
5035	YBR231C	0.76577
5036	YGR027W-A	0.76576
5037	YDR068W	0.76576
5038	YGL215W	0.76576
5039	YOL046C	0.76572
5040	YHR017W	0.76571
5041	YJR087W	0.76567
5042	YIL139C	0.76565
5043	YLR339C	0.76565
5044	YLR098C	0.76564
5045	YNR035C	0.76563
5046	YGL052W	0.76563
5047	YNR001W-A	0.76556
5048	YAL068W-A	0.76553
5049	YDR475C	0.76549
5050	YNL315C	0.76549
5051	YJL114W	0.76547
5052	YDL074C	0.76547
5053	YDL170W	0.76535
5054	YMR043W	0.76533
5055	YBR051W	0.76533
5056	YMR046W-A	0.76531
5057	YDL099W	0.76531
5058	YFL034C-A	0.76529
5059	YER188C-A	0.76523
5060	YCL054W-A	0.7652
5061	YPL256C	0.76513
5062	YOR373W	0.76501
5063	YML081C-A	0.76493
5064	YIL111W	0.76489
5065	YNL041C	0.76484
5066	YNR075C-A	0.76482
5067	YHL027W	0.76482
5068	YLR297W	0.76481
5069	YML059C	0.7648
5070	YOR318C	0.76479
5071	YLR162W-A	0.76478
5072	YMR134W	0.76476
5073	R0040C	0.76473
5074	YDR231C	0.76472
5075	YJR050W	0.76469
5076	YDL025W-A	0.76468
5077	YDR488C	0.76462
5078	YJL105W	0.76456
5079	YOR058C	0.76455
5080	YOL037C	0.76455
5081	YOR369C	0.76454
5082	YNR047W	0.7645
5083	YLR381W	0.7645
5084	YKR031C	0.76446
5085	YDR493W	0.76445
5086	YPL254W	0.76443
5087	YOR073W-A	0.76438
5088	YJR082C	0.76435
5089	YMR135W-A	0.76435
5090	YER088C-A	0.76428
5091	YEL059W	0.76426
5092	YBR103C-A	0.76417
5093	YOR031W	0.76414
5094	YMR002W	0.7641
5095	YNL097C-B	0.76409
5096	YCL005W-A	0.76409
5097	YJR114W	0.76408
5098	YNL215W	0.76398
5099	YDR138W	0.76396
5100	YHR145C	0.76391
5101	YNL277W-A	0.76389
5102	YJL188C	0.76388
5103	YCL039W	0.76385
5104	YPR170C	0.76384
5105	YIR020C-B	0.7638
5106	YMR242W-A	0.76372
5107	YBL051C	0.76371
5108	YDL016C	0.76366
5109	YJL107C	0.76365
5110	YNL276C	0.76365
5111	YGL230C	0.76364
5112	YHR071C-A	0.76364
5113	YMR070W	0.76361
5114	YDL153C	0.76358
5115	YJR002W	0.76355
5116	YGL149W	0.76354
5117	YGL072C	0.76354
5118	YGL042C	0.76351
5119	YDR024W	0.76348
5120	YER137C	0.76335
5121	YCR018C-A	0.76334
5122	YKL074C	0.76329
5123	YLL021W	0.76326
5124	YDL065C	0.76326
5125	YBR171W	0.76326
5126	YPL102C	0.76325
5127	YHL009W-A	0.76324
5128	YER087C-A	0.76321
5129	YKL041W	0.76319
5130	YOR220W	0.76318
5131	YBR004C	0.76315
5132	YHR119W	0.76309
5133	YBL048W	0.76307
5134	YDL086C-A	0.76304
5135	YIL077C	0.76302
5136	YGR075C	0.76297
5137	YGR274C	0.76297
5138	YNL166C	0.76296
5139	YDR042C	0.76285
5140	YJR018W	0.76282
5141	YAR002W	0.76281
5142	YOL134C	0.76279
5143	YPL202C	0.76273
5144	YOR097C	0.76271
5145	YKL156C-A	0.76269
5146	YNL171C	0.76268
5147	YDR543C	0.76268
5148	YAR035C-A	0.76261
5149	YKL068W	0.76259
5150	YML108W	0.76258
5151	YOR355W	0.76251
5152	YDR215C	0.76251
5153	YOR218C	0.76247
5154	YLR111W	0.76245
5155	YMR117C	0.76238
5156	YDR134C	0.76232
5157	YBR033W	0.76231
5158	YGL249W	0.76231
5159	YDL163W	0.76231
5160	YGR053C	0.76225
5161	YBR081C	0.76223
5162	YPL021W	0.76223
5163	YKR057W	0.76221
5164	YDR078C	0.76221
5165	YOR170W	0.7622
5166	YMR293C	0.7622
5167	YDR374W-A	0.76217
5168	YLR040C	0.76214
5169	YEL054C	0.76211
5170	YDR418W	0.76211
5171	YGR013W	0.76209
5172	YNL185C	0.76208
5173	YDR170W-A	0.76206
5174	YKR016W	0.76206
5175	YCL019W	0.76203
5176	YFR039C	0.76202
5177	YFR035C	0.76182
5178	YFR032C-B	0.76175
5179	YMR023C	0.76172
5180	YBR266C	0.7617
5181	YBR296C-A	0.76169
5182	YOR221C	0.76167
5183	YGL136C	0.76159
5184	YIL071C	0.76158
5185	YLR256W	0.76157
5186	YGL235W	0.76154
5187	YIR014W	0.76151
5188	YFL063W	0.76146
5189	YML034W	0.76144
5190	YDR073W	0.76139
5191	YPR010C-A	0.76136
5192	YPR197C	0.76135
5193	YMR052C-A	0.76133
5194	YNL284C-A	0.76129
5195	YCR095W-A	0.76116
5196	YGR164W	0.76115
5197	YOR394C-A	0.76113
5198	YPR136C	0.76109
5199	YHR070C-A	0.76109
5200	YNL338W	0.76108
5201	YDR467C	0.76104
5202	YLL049W	0.76098
5203	YLR057W	0.76097
5204	YLR173W	0.76088
5205	YFL002W-A	0.76085
5206	YGR161W-B	0.76085
5207	YAR060C	0.76085
5208	YHR212C	0.76085
5209	YHL020C	0.76083
5210	YDR466W	0.76073
5211	YER173W	0.76071
5212	YDR203W	0.76062
5213	YCR038W-A	0.76061
5214	YMR272W-A	0.76052
5215	YMR193W	0.7605
5216	YPL060C-A	0.76049
5217	YKR006C	0.76043
5218	YDL048C	0.7604
5219	YGR030C	0.76035
5220	YIL159W	0.76033
5221	YNL285W	0.7603
5222	YBR298C-A	0.7603
5223	YOR019W	0.76029
5224	YHL006W-A	0.76028
5225	YJL199C	0.76022
5226	YGR147C	0.76021
5227	YNL068C	0.7602
5228	YJR043C	0.76015
5229	YPL035C	0.76015
5230	YDL199C	0.76013
5231	YGL214W	0.76013
5232	YKL096C-B	0.76012
5233	YDR015C	0.76005
5234	YER085C	0.76005
5235	YIL112W	0.76005
5236	YML103C	0.75999
5237	YOR032W-A	0.75998
5238	YDR333C	0.75995
5239	YLR165C	0.75992
5240	YDR261W-B	0.75992
5241	YPR187W	0.7599
5242	YCR066W	0.75985
5243	YOR192C-B	0.75984
5244	YMR032W	0.75983
5245	YDL172C	0.7598
5246	YDR034C-D	0.75977
5247	YDR254W	0.75976
5248	YCR024C-B	0.75974
5249	YDL204W	0.75971
5250	YOR297C	0.75971
5251	YDR076W	0.75969
5252	YDR499W	0.75968
5253	YGR038C-D/YGR038C-C	0.75964
5254	YLL022C	0.75958
5255	YAL019W-A	0.75957
5256	YKL092C	0.75953
5257	YJL019W	0.75952
5258	YKR047W	0.75943
5259	YBR269C	0.75936
5260	YCL023C	0.75932
5261	YIL177W-A	0.75929
5262	YJL225W-A	0.75929
5263	YBR172C	0.75927
5264	YOR042W	0.75923
5265	YJL142C	0.75923
5266	YOL013W-B	0.75922
5267	YLR338W	0.75922
5268	YBL071C-B	0.75922
5269	YDR357C	0.75919
5270	YPL173W	0.75912
5271	YDR095C	0.75911
5272	YJR140W-A	0.75898
5273	YLR415C	0.75898
5274	YMR141W-A	0.75897
5275	YLR073C	0.75883
5276	YPR039W	0.75881
5277	YDR406W-A	0.75881
5278	YDR179C	0.75881
5279	YOR020C	0.75877
5280	YOR123C	0.75875
5281	YMR018W	0.75873
5282	YLR162W	0.75872
5283	YPL152W-A	0.75872
5284	YOL138C	0.75869
5285	YOR364W	0.75855
5286	YOR314W-A	0.75854
5287	YGL093W	0.75852
5288	YOL019W-A	0.75852
5289	YDR320W-B	0.75849
5290	YKL176C	0.75848
5291	YLR454W	0.7584
5292	YER066C-A	0.75833
5293	YBR257W	0.75829
5294	YMR147W	0.7582
5295	YNL165W	0.75819
5296	YLR408C	0.75819
5297	YPL177C	0.75816
5298	YBR066C	0.75815
5299	YBR289W	0.75803
5300	YLR285C-A	0.75802
5301	YER067C-A	0.7579
5302	YMR143W	0.75782
5303	YDL083C	0.75782
5304	YJL113W	0.75775
5305	YJL150W	0.75772
5306	YNL054W-A	0.7577
5307	YGL090W	0.7577
5308	YJL146W	0.75767
5309	YGL107C	0.75767
5310	YAL059C-A	0.75766
5311	YDR210W-B	0.75764
5312	YDR511W	0.75761
5313	YJL063C	0.7576
5314	YDL173W	0.7576
5315	YML099W-A	0.75759
5316	YIL163C	0.75754
5317	YLR410W-B	0.75751
5318	YIR023C-A	0.7575
5319	YOR300W	0.75749
5320	YGL113W	0.75745
5321	YLR403W	0.75743
5322	YKL130C	0.75742
5323	YJR060W	0.75735
5324	YFL068W	0.75732
5325	YLL067W-A	0.75732
5326	YLL066W-A	0.75732
5327	YGL188C-A	0.75722
5328	YLR151C	0.75722
5329	YBL100W-B	0.75721
5330	YER148W-A	0.75719
5331	YEL068C	0.75717
5332	YMR280C	0.75714
5333	YMR112C	0.75712
5334	YDL013W	0.7571
5335	YMR326C	0.7571
5336	YPL222C-A	0.7571
5337	YDL098C	0.75708
5338	YER097W	0.75707
5339	YHL041W	0.75704
5340	YBR250W	0.757
5341	YBL005W-A	0.75693
5342	YHL009W-B	0.75693
5343	YGR165W	0.75692
5344	YDL242W	0.75685
5345	YLR466C-A	0.75681
5346	YOR396C-A	0.75681
5347	YLR467C-A	0.75681
5348	YJL052C-A	0.75673
5349	YIR020W-A	0.75672
5350	YOR385W	0.75672
5351	YCR063W	0.75663
5352	YPR021C	0.75661
5353	YIL057C	0.75659
5354	YOR294W	0.75658
5355	YLR404W	0.7565
5356	YMR194C-A	0.75647
5357	YPL108W	0.75646
5358	YMR046C	0.75643
5359	YDL220C	0.75642
5360	YJL048C	0.75642
5361	YGR269W	0.75639
5362	YPR015C	0.75639
5363	YGR039W	0.75628
5364	YKR083C	0.75628
5365	YOR186C-A	0.75627
5366	YCR016W	0.75626
5367	YBR215W	0.75625
5368	YNL122C	0.75622
5369	YPR191W	0.75621
5370	YBL062W	0.75615
5371	YCR046C	0.75611
5372	YIL058W	0.75607
5373	YOL159C-A	0.75606
5374	YHR219C-A	0.75603
5375	YNL339W-B	0.75603
5376	YML133W-B	0.75603
5377	YMR294W-A	0.756
5378	YMR230W-A	0.75596
5379	YCR006C	0.75596
5380	YOL117W	0.75591
5381	YPL272C	0.75577
5382	YJR106W	0.75574
5383	YLR374C	0.75574
5384	YBL100C	0.75565
5385	YLR106C	0.75559
5386	YDL152W	0.75556
5387	YGR072W	0.75548
5388	YGL059W	0.75543
5389	YPR061C	0.75543
5390	YMR158W-B	0.7554
5391	YOL077W-A	0.75537
5392	YMR098C	0.75532
5393	YBL100W-C	0.75527
5394	YGR016W	0.75523
5395	YOR169C	0.75522
5396	YLR458W	0.75519
5397	YOR343W-B	0.75519
5398	YPR049C	0.75509
5399	YFR057W	0.75505
5400	YAL063C-A	0.75502
5401	YHR007C-A	0.755
5402	YPR204C-A	0.755
5403	YGR296C-B	0.755
5404	YPL283W-B	0.755
5405	YER190C-B	0.755
5406	YEL077W-A	0.755
5407	YMR159C	0.755
5408	YER054C	0.75493
5409	YCR025C	0.7549
5410	YDR545C-A	0.75489
5411	YKL048C	0.75488
5412	YFR040W	0.75487
5413	YLR423C	0.75487
5414	YOR383C	0.75483
5415	YHL050W-A	0.75483
5416	YLR364C-A	0.75483
5417	YDR396W	0.75475
5418	YMR198W	0.75464
5419	YHR153C	0.75458
5420	YCR018C	0.75455
5421	YLR033W	0.75448
5422	YCR038C	0.75441
5423	YOL069W	0.75439
5424	YKR015C	0.75433
5425	YKR085C	0.75428
5426	YNR004W	0.75424
5427	YMR118C	0.75423
5428	YOR140W	0.75415
5429	YNL130C-A	0.75414
5430	YOL024W	0.75411
5431	YDL211C	0.7541
5432	YNR077C	0.75408
5433	YOR129C	0.75404
5434	YBL113W-A	0.75401
5435	YJL127C-B	0.75397
5436	YNL203C	0.75396
5437	YNL296W	0.75393
5438	YOR186W	0.75387
5439	YPR068C	0.75386
5440	YOR203W	0.75372
5441	YNL145W	0.75365
5442	YJL049W	0.7536
5443	YGR098C	0.7536
5444	YMR284W	0.75356
5445	YLR313C	0.7535
5446	YDR299W	0.7535
5447	YNR022C	0.75342
5448	YMR103C	0.75337
5449	YNR025C	0.75323
5450	YKL162C	0.75319
5451	YML012C-A	0.75317
5452	YMR073C	0.75315
5453	YOR331C	0.75314
5454	YIL031W	0.75309
5455	YDR491C	0.75308
5456	YPL120W	0.75304
5457	YDR296W	0.75302
5458	YJR135C	0.75301
5459	YGR214W	0.75297
5460	YGR089W	0.75296
5461	YGR291C	0.75293
5462	YBR270C	0.75292
5463	YKL031W	0.75277
5464	YNL136W	0.75276
5465	YJR147W	0.75272
5466	YGR137W	0.75269
5467	YNL198C	0.75267
5468	YHR056C	0.75259
5469	YDR371W	0.75256
5470	YLR157W-D	0.75253
5471	YNL308C	0.7525
5472	YBL043W	0.75246
5473	YMR191W	0.75235
5474	YOR298W	0.75235
5475	YOL032W	0.75233
5476	YLR042C	0.75229
5477	YHR082C	0.75229
5478	YBR083W	0.75227
5479	YKL165C-A	0.7522
5480	YNL228W	0.75218
5481	YGL182C	0.75214
5482	YDR156W	0.7521
5483	YMR017W	0.75204
5484	YDL213W-A	0.752
5485	YBR122C	0.75195
5486	YER161C	0.75194
5487	YHL006C	0.75193
5488	YDR153C	0.75186
5489	YDR053W	0.75183
5490	YLL039C	0.75181
5491	YAL004W	0.75176
5492	YMR064W	0.75173
5493	YHR136C	0.75172
5494	YDL044C	0.75165
5495	YOR231C-A	0.75161
5496	YMR075C-A	0.75156
5497	YCR020W-B	0.75156
5498	YNL230C	0.75153
5499	YCL001W	0.75147
5500	YDR034C-C	0.75141
5501	YDR034C	0.75139
5502	YBR277C	0.75135
5503	YDL005C	0.75131
5504	YDR369C	0.7513
5505	YIL071W-A	0.75125
5506	YKL123W	0.7512
5507	YGL081W	0.7512
5508	YAL008W	0.7511
5509	YNL013C	0.75106
5510	YOR107W	0.75104
5511	YLR222C-A	0.75093
5512	YLR376C	0.7509
5513	YOR354C	0.75087
5514	YCR102W-A	0.75086
5515	YHR131C	0.75084
5516	YDR082W	0.75077
5517	YNL314W	0.75074
5518	YAL016C-B	0.75072
5519	YOL104C	0.75055
5520	YMR240C	0.75053
5521	YPR166C	0.75049
5522	YIL086C	0.75045
5523	YMR153W	0.75042
5524	YGR174C	0.75036
5525	YOL082W	0.75034
5526	YGL174W	0.75026
5527	YMR059W	0.75018
5528	YKL170W	0.75015
5529	YOL038C-A	0.75008
5530	YMR025W	0.75004
5531	YIL158W	0.75003
5532	YDR118W-A	0.75002
5533	YGR139W	0.75
5534	YIR018W	0.74993
5535	YIL117C	0.74986
5536	YLR227C	0.74983
5537	YDR043C	0.74977
5538	YLR211C	0.74973
5539	YOR072W-B	0.74949
5540	YMR048W	0.74943
5541	YBR238C	0.74938
5542	YPL075W	0.74931
5543	YLR154W-E	0.74928
5544	YLR182W	0.74926
5545	YKL141W	0.74926
5546	YNL052W	0.74924
5547	YJR037W	0.74923
5548	YDL071C	0.74923
5549	YPR170W-A	0.74919
5550	YKR020W	0.74911
5551	YJL184W	0.74909
5552	YPR070W	0.74904
5553	YHR058C	0.74901
5554	YDR017C	0.74901
5555	YML058W-A	0.74899
5556	YDL062W	0.74894
5557	YOR192C-A	0.7489
5558	YNL050C	0.74885
5559	YAL034C	0.74876
5560	YKL075C	0.74871
5561	YJR093C	0.7487
5562	YEL045C	0.74859
5563	YCL020W	0.74856
5564	YIL175W	0.74849
5565	YJL222W-B	0.74849
5566	YLR294C	0.74846
5567	YDR176W	0.74846
5568	YIR033W	0.74845
5569	YOR308C	0.74841
5570	YKL101W	0.74841
5571	YDR202C	0.74835
5572	YLR379W-A	0.74834
5573	YGL025C	0.7483
5574	YMR007W	0.74827
5575	YJL083W	0.74826
5576	YMR014W	0.7482
5577	YOR189W	0.74816
5578	YDR044W	0.74815
5579	YBR131W	0.74813
5580	YKR046C	0.74807
5581	YLR082C	0.74802
5582	YHR097C	0.74799
5583	YLR360W	0.74794
5584	YGL226W	0.74789
5585	YFR054C	0.74786
5586	YBR188C	0.74784
5587	YDR413C	0.74783
5588	YDR210W	0.74782
5589	YOR210W	0.74777
5590	YNL024C-A	0.74777
5591	YBR268W	0.74772
5592	YKL143W	0.74771
5593	YJL077W-B	0.74769
5594	YHR182W	0.74769
5595	YLR265C	0.74766
5596	YLR321C	0.7476
5597	YNL002C	0.74751
5598	YFL019C	0.74747
5599	YGL034C	0.74746
5600	YDR381W	0.7474
5601	YER022W	0.7474
5602	YDR261W-A	0.74733
5603	YOR137C	0.74732
5604	YPL192C	0.74722
5605	YAL011W	0.7472
5606	YBR233W-A	0.74717
5607	YPL039W	0.74716
5608	YJL176C	0.74716
5609	YGL229C	0.74714
5610	YMR031C	0.74713
5611	YLR135W	0.74708
5612	YGL162W	0.747
5613	YIL138C	0.74693
5614	YDR064W	0.74686
5615	YBL012C	0.74679
5616	YOR144C	0.74678
5617	YMR187C	0.74676
5618	YER048W-A	0.74675
5619	YER109C	0.74668
5620	YDR240C	0.74667
5621	YFR011C	0.74666
5622	YLR424C-A	0.74666
5623	YFL041W-A	0.74664
5624	YLR424W	0.74659
5625	YNL115C	0.74658
5626	YML114C	0.74657
5627	YPR142C	0.74655
5628	YGL176C	0.74651
5629	YOR333C	0.74648
5630	YJL209W	0.74642
5631	YDR010C	0.74628
5632	YCR097W	0.74627
5633	YKL172W	0.74621
5634	YKL122C	0.74615
5635	YIL149C	0.74613
5636	YBL053W	0.74612
5637	YGR084C	0.74607
5638	YDR451C	0.74603
5639	YLL019W-A	0.74596
5640	YMR295C	0.74582
5641	YDR383C	0.74582
5642	YDL053C	0.74581
5643	YIL037C	0.74578
5644	YGR222W	0.74566
5645	YFL002W-B	0.74565
5646	YGR161W-A	0.74565
5647	YNL295W	0.74562
5648	YNL210W	0.74558
5649	YER129W	0.74552
5650	YOL085W-A	0.74551
5651	YMR199W	0.74549
5652	YHL030W-A	0.74523
5653	YPR159C-A	0.74521
5654	YFR034W-A	0.74511
5655	YLR119W	0.74504
5656	YER090C-A	0.74498
5657	YHR127W	0.74497
5658	YKL082C	0.74495
5659	YDL073W	0.7449
5660	YLR410W-A	0.74489
5661	YOR235W	0.74488
5662	YFR033C	0.7448
5663	YMR158C-A	0.74478
5664	YDR235W	0.74472
5665	YCR043C	0.74466
5666	YOR102W	0.74464
5667	YGR183C	0.74462
5668	YGR038C-E	0.74459
5669	YDR322W	0.74459
5670	YPL166W	0.74457
5671	YHR032C-A	0.7445
5672	YBR182C-A	0.74441
5673	YHL015W-A	0.74437
5674	YOL044W	0.74436
5675	YER112W	0.74435
5676	YOR030W	0.7443
5677	YKR054C	0.74418
5678	YOR096W	0.74416
5679	YIL055C	0.7441
5680	YMR082C	0.74408
5681	YAL059W	0.74404
5682	YEL009C-A	0.74381
5683	YDR379W	0.74374
5684	YMR172W	0.74374
5685	YDL032W	0.74352
5686	Q0143	0.74351
5687	YDR412W	0.7435
5688	YDL235C	0.74349
5689	YBL093C	0.74346
5690	YBR282W	0.74346
5691	YMR052W	0.7434
5692	YBR136W	0.74335
5693	YPR096C	0.74334
5694	YPL219W	0.74324
5695	YIL092W	0.74323
5696	YDR447C	0.74303
5697	YPL085W	0.743
5698	YLR048W	0.74299
5699	YOR161W-B	0.74297
5700	YLR263W	0.7429
5701	YDR350C	0.74287
5702	YDR469W	0.74285
5703	YGL123W	0.74283
5704	YDR329C	0.74282
5705	YDL185C-A	0.7428
5706	YPR002C-A	0.74269
5707	YKR019C	0.74266
5708	YLR051C	0.74265
5709	YFL024C	0.74264
5710	YPR095C	0.74262
5711	YML081W	0.74253
5712	YBR209W	0.7425
5713	YFR036W-A	0.74242
5714	YGR130C	0.74229
5715	YJL207C	0.74224
5716	YGR250C	0.74221
5717	YML128C	0.74221
5718	YHR167W	0.74214
5719	YJL180C	0.74212
5720	YBL100W-A	0.74211
5721	YDL121C	0.74205
5722	YDL067C	0.74202
5723	YLR110C	0.74198
5724	YNL042W-B	0.74196
5725	YGL041W-A	0.74196
5726	YJL075C	0.74191
5727	YDR464W	0.74191
5728	YPL130W	0.7419
5729	YGL209W	0.74189
5730	YMR151W	0.74188
5731	YGR077C	0.74188
5732	YCL029C	0.74185
5733	YDR525W	0.74184
5734	YML101C-A	0.74183
5735	YGR115C	0.74149
5736	YDR166C	0.74143
5737	YHR099W	0.74125
5738	YER122C	0.74124
5739	YOR161W-A	0.74115
5740	YKL020C	0.74101
5741	YBR108W	0.7409
5742	YOL118C	0.74074
5743	YDL206W	0.74067
5744	YDR285W	0.74064
5745	YJL062W-A	0.74061
5746	YOR329W-A	0.74057
5747	YHL023C	0.74056
5748	YOL086W-A	0.74048
5749	YHR180C-B	0.74043
5750	YPL078C	0.7404
5751	YPL193W	0.74035
5752	YPR087W	0.74034
5753	YDR354C-A	0.74027
5754	YKL054C	0.74022
5755	YBL090W	0.7402
5756	YOR028C	0.7402
5757	YGL151W	0.74015
5758	YJL175W	0.74015
5759	YBR121C-A	0.74013
5760	YPL056C	0.74006
5761	YPL011C	0.74003
5762	YPR064W	0.73997
5763	YLR320W	0.73989
5764	YMR286W	0.73986
5765	YPR074W-A	0.73986
5766	YHR072W-A	0.73986
5767	YNL266W	0.73985
5768	YAL025C	0.73984
5769	YOR083W	0.73983
5770	YPR123C	0.7398
5771	YDR066C	0.73979
5772	YER084W-A	0.73974
5773	YDR169C	0.73973
5774	YKL159C	0.73968
5775	YMR257C	0.73965
5776	YMR094W	0.7396
5777	YBL107C	0.73955
5778	YDR486C	0.73949
5779	YHR199C-A	0.73944
5780	YHR087W	0.73942
5781	YFR052C-A	0.73942
5782	YLR267W	0.73941
5783	YGL073W	0.73939
5784	YLR361C-A	0.73937
5785	YGL096W	0.73933
5786	YML024W	0.73932
5787	YHR132W-A	0.7393
5788	YBR225W	0.73927
5789	YPL018W	0.73919
5790	YGL007W	0.73916
5791	YBR184W	0.73908
5792	YEL034C-A	0.73902
5793	YBL052C	0.73894
5794	YLR299C-A	0.73892
5795	YJR101W	0.73861
5796	YNR036C	0.73855
5797	YCR049C	0.73853
5798	YLL042C	0.73848
5799	YEL018W	0.73848
5800	YHR056W-A	0.73848
5801	YGL117W	0.73842
5802	YJL020W-A	0.73842
5803	YPR133W-A	0.7384
5804	YDR210W-A	0.73829
5805	YMR016C	0.7382
5806	YOR208W	0.73816
5807	YHR149C	0.73809
5808	YGR150C	0.73808
5809	YNL067W-A	0.73807
5810	YGR085C	0.73803
5811	YBR135W	0.73793
5812	YPL033C	0.73776
5813	YCR083W	0.7377
5814	YLR424C-B	0.73764
5815	YNL164C	0.73755
5816	YKL061W	0.73753
5817	YHR001W-A	0.73743
5818	YBR090C	0.73742
5819	YBR131C-A	0.7374
5820	YHR165C	0.73736
5821	YNL070W	0.73726
5822	YMR173W	0.73721
5823	YBR196C-B	0.73719
5824	YOL015W	0.73715
5825	YDL129W	0.73715
5826	YOR266W	0.73714
5827	YLR465C	0.73711
5828	YGL006W-A	0.73705
5829	YOR376W	0.73703
5830	YMR066W	0.73695
5831	YBR072C-A	0.73689
5832	YDR154C	0.73686
5833	YNL028W	0.73686
5834	YDR505C	0.73683
5835	YDL159W-A	0.73676
5836	YGR236C	0.73671
5837	YPL096C-A	0.73649
5838	YJL076W	0.73648
5839	YMR294W	0.73631
5840	YPL198W	0.7362
5841	YOR343W-A	0.73614
5842	YMR232W	0.73614
5843	YDL056W	0.73614
5844	YBL063W	0.7361
5845	YLR154W-B	0.73609
5846	YIR003W	0.73608
5847	YML129C	0.73607
5848	YGL108C	0.73604
5849	YJR134C	0.73598
5850	YDL130W	0.73591
5851	YLR353W	0.73589
5852	YAL010C	0.73586
5853	YNL208W	0.73581
5854	YPR185W	0.73576
5855	YNL213C	0.73571
5856	YJL170C	0.73559
5857	YCL021W-A	0.73554
5858	YBL109W	0.7355
5859	YHR193C-A	0.73543
5860	YFL015W-A	0.73543
5861	YHR053C	0.73541
5862	YHR055C	0.73541
5863	YPL200W	0.73534
5864	YGL219C	0.73529
5865	YJL095W	0.73522
5866	YOR104W	0.73519
5867	YOL007C	0.73519
5868	YOR252W	0.73516
5869	YML007W	0.73513
5870	YER050C	0.7351
5871	YDR146C	0.735
5872	YGR067C	0.73499
5873	YPR007C	0.73477
5874	YHR159W	0.73475
5875	YDL020C	0.73468
5876	YOR287C	0.73462
5877	YMR148W	0.73457
5878	YOR268C	0.73455
5879	YOR192C-C	0.73452
5880	YPR134W	0.73452
5881	YGR140W	0.73452
5882	YBR182C	0.73452
5883	YOR161C-C	0.7345
5884	YGL014C-A	0.73447
5885	YHR143W-A	0.73446
5886	YDR103W	0.73445
5887	YJL058C	0.73438
5888	YLL045C	0.73436
5889	YJL122W	0.73432
5890	YOR072W-A	0.73431
5891	YCR081W	0.73429
5892	YCL041C	0.73428
5893	Q0010	0.73427
5894	YDR524C	0.73422
5895	YIL047C-A	0.73421
5896	YPR164W	0.73414
5897	YER152W-A	0.73411
5898	YNL005C	0.73405
5899	YBL039W-B	0.73403
5900	YPL142C	0.734
5901	YDR217C	0.73397
5902	YFL049W	0.73392
5903	YAL027W	0.73388
5904	YJL166W	0.73384
5905	YCL007C	0.73378
5906	YKL056C	0.73368
5907	YOR150W	0.73349
5908	YHR213W-A	0.73349
5909	YGR134W	0.73346
5910	YDR123C	0.7334
5911	YMR282C	0.73332
5912	YPL174C	0.73328
5913	YBL059W	0.73326
5914	YIL032C	0.73326
5915	YMR122C	0.7332
5916	YGR079W	0.73318
5917	YKL106C-A	0.73307
5918	YIL002W-A	0.73302
5919	YBL103C	0.733
5920	YML054C-A	0.73299
5921	YNL105W	0.73297
5922	YJL119C	0.73285
5923	YLR281C	0.73285
5924	YMR315W-A	0.73283
5925	YKL171W	0.73274
5926	YFR001W	0.73269
5927	YML017W	0.73255
5928	YOR304C-A	0.73246
5929	YLR201C	0.73246
5930	YBR049C	0.73245
5931	YGR015C	0.73239
5932	YIL144W	0.73238
5933	YJL103C	0.73225
5934	YDR348C	0.73224
5935	YGL075C	0.73224
5936	YLR271W	0.7322
5937	YEL014C	0.73217
5938	YAL040C	0.73216
5939	YPL168W	0.73208
5940	YLR075W	0.73203
5941	YGR041W	0.73203
5942	YCR033W	0.73195
5943	YNL159C	0.7319
5944	YPL027W	0.73187
5945	YMR311C	0.73183
5946	YNL053W	0.73181
5947	YGL191W	0.73179
5948	YCR003W	0.73178
5949	YDR069C	0.73175
5950	YML093W	0.73173
5951	YDR532C	0.73169
5952	YER093C-A	0.73164
5953	YDL139C	0.73159
5954	YJR092W	0.73159
5955	YOR214C	0.73159
5956	YGL066W	0.73155
5957	YFR049W	0.73132
5958	YPR102C	0.73126
5959	YOL031C	0.73112
5960	YNL144C	0.73109
5961	YIR017W-A	0.73106
5962	YKR095W	0.73102
5963	YJL027C	0.731
5964	YLR325C	0.73088
5965	YCL061C	0.73081
5966	YER079C-A	0.73072
5967	YJR086W	0.7307
5968	YCR108C	0.7307
5969	YPL233W	0.73066
5970	YER028C	0.7306
5971	YDL088C	0.73039
5972	YHR093W	0.73038
5973	YGR249W	0.73036
5974	YAR014C	0.73036
5975	YDR381C-A	0.73031
5976	YER175W-A	0.7302
5977	Q0182	0.73016
5978	YGR240C-A	0.73002
5979	YEL033W	0.72993
5980	YEL005C	0.72993
5981	YPR084W	0.7299
5982	YKL225W	0.72973
5983	YNL245C	0.72972
5984	YPL052W	0.72971
5985	YKL097C	0.72958
5986	YPL189C-A	0.72952
5987	YLR280C	0.72951
5988	YLR159C-A	0.72949
5989	YLR157C-C	0.72949
5990	YLR154C-H	0.72949
5991	YLR156C-A	0.72949
5992	YGL071W	0.72929
5993	YBR262C	0.72924
5994	YDL115C	0.72923
5995	YDR149C	0.7292
5996	YOL131W	0.72914
5997	YBR016W	0.72907
5998	YIL097W	0.72905
5999	YGL138C	0.72897
6000	YDR163W	0.72884
6001	YER075C	0.72874
6002	YLR252W	0.72854
6003	YLR154W-F	0.72838
6004	YDR016C	0.72826
6005	YER045C	0.72812
6006	YHR036W	0.72812
6007	YCL068C	0.72797
6008	YHR184W	0.72793
6009	YDL197C	0.72793
6010	YNL054W	0.72792
6011	YLR204W	0.72792
6012	YJR162C	0.72791
6013	YPL143W	0.72779
6014	YDL012C	0.72778
6015	YMR107W	0.7277
6016	YOL070C	0.72766
6017	YMR030W	0.72765
6018	YFR003C	0.72763
6019	YKL100W-A	0.72763
6020	YPR020W	0.72756
6021	YLR385C	0.72746
6022	YIR024C	0.72746
6023	YOR121C	0.72732
6024	YPR160W-A	0.72727
6025	YIL019W	0.72722
6026	YKL016C	0.72721
6027	YJR012C	0.72721
6028	YLR154W-A	0.72712
6029	YGL086W	0.72703
6030	YOR078W	0.727
6031	YJR053W	0.7268
6032	YBL088C	0.7268
6033	YPL271W	0.72678
6034	YGL005C	0.72677
6035	YMR164C	0.72673
6036	YGR168C	0.72666
6037	YMR072W	0.72665
6038	YKL018C-A	0.72664
6039	YNL133C	0.72661
6040	YNL157W	0.72657
6041	YPL070W	0.72655
6042	YGL237C	0.72654
6043	YCR082W	0.72651
6044	YDR361C	0.72643
6045	YDR482C	0.72639
6046	YAR020C	0.72639
6047	YGL076C	0.72629
6048	YNL196C	0.72628
6049	YKR035C	0.72623
6050	YGR227C-A	0.72607
6051	YOR234C	0.72591
6052	YDR450W	0.72582
6053	YML026C	0.72582
6054	YGR129W	0.72574
6055	YOL099C	0.72566
6056	YGR230W	0.72558
6057	YJL028W	0.72557
6058	YLR091W	0.72546
6059	YOR177C	0.72544
6060	YHR182C-A	0.72532
6061	YMR163C	0.72528
6062	YOR047C	0.72521
6063	YLR184W	0.72518
6064	YKR034W	0.72469
6065	YBR120C	0.72468
6066	YJR089W	0.72453
6067	YLR139C	0.72447
6068	YGR161W-C	0.72446
6069	YCL005W	0.72445
6070	YLL047W	0.72393
6071	YCR045W-A	0.72384
6072	YLR282C	0.72375
6073	YPL099C	0.72361
6074	YML027W	0.72359
6075	YFL033C	0.72353
6076	YBR009C	0.72351
6077	YPL253C	0.72351
6078	YLR431C	0.7235
6079	YLR009W	0.7235
6080	YGL121C	0.72348
6081	YFR019W	0.72343
6082	YOR055W	0.72326
6083	YPR076W	0.72326
6084	YDR143C	0.72297
6085	YLR373C	0.72291
6086	YDR529C	0.72289
6087	YGR142W	0.72287
6088	YLL003W	0.72287
6089	YBR140C	0.72287
6090	YHL029C	0.72283
6091	YNL152W	0.72278
6092	YJR021C	0.72276
6093	YEL008C-A	0.72272
6094	YKL108W	0.72268
6095	YKL138C	0.72264
6096	YPL183W-A	0.72258
6097	YLR062C	0.72256
6098	YIL134C-A	0.72255
6099	YOR008W-B	0.72254
6100	YER132C	0.72248
6101	YOR032C	0.72246
6102	YPR013C	0.72236
6103	YJR003C	0.72232
6104	YBL006C	0.72229
6105	YML043C	0.72229
6106	YBR031W	0.72222
6107	YMR299C	0.72218
6108	YJR107C-A	0.72218
6109	YJL149W	0.72215
6110	YML041C	0.72202
6111	YDR252W	0.72201
6112	YBR275C	0.722
6113	YPL250W-A	0.72199
6114	YOR349W	0.72195
6115	YLR298C	0.72192
6116	YGR081C	0.72187
6117	YNL097W-A	0.7218
6118	YOR147W	0.72172
6119	YGR023W	0.72167
6120	YBR197C	0.72158
6121	YOR276W	0.72144
6122	YOR350C	0.72142
6123	YHR156C	0.72121
6124	YOR309C	0.7212
6125	YGR275W	0.72099
6126	YPR126C	0.72092
6127	YJL026C-A	0.72083
6128	YIL098C	0.72081
6129	YNR037C	0.72079
6130	YDL176W	0.72071
6131	YKL050C	0.72065
6132	YDR443C	0.72058
6133	YDR012W	0.72045
6134	YCL028W	0.72029
6135	YOR113W	0.72014
6136	YML037C	0.72013
6137	YJL056C	0.72007
6138	YHL033C	0.71992
6139	YAL064W-B	0.71989
6140	YGL079W	0.71989
6141	YGL061C	0.71967
6142	YGR196C	0.71948
6143	YOL081W	0.71946
6144	YML113W	0.71938
6145	YBL054W	0.71917
6146	YBR057C	0.71906
6147	YLR061W	0.71899
6148	YJL181W	0.71858
6149	YNL167C	0.71858
6150	YDR014W-A	0.71849
6151	YOL039W	0.71825
6152	YJR030C	0.71818
6153	YDR422C	0.71817
6154	YHR103W	0.71815
6155	YPR059C	0.71788
6156	YPL146C	0.71784
6157	YOR076C	0.71775
6158	YBR126W-A	0.71772
6159	YLR235C	0.71758
6160	YNL046W	0.71753
6161	YJL205C	0.71748
6162	YHR032W-A	0.71731
6163	YER181C	0.71718
6164	YLR264W	0.71699
6165	YLR395C	0.71693
6166	YDL189W	0.71667
6167	YKL053W	0.71658
6168	YKR078W	0.71643
6169	YPR174C	0.71635
6170	YLR307C-A	0.7163
6171	YJL066C	0.71596
6172	YPR044C	0.71595
6173	R0030W	0.71594
6174	YNL086W	0.7159
6175	YLR295C	0.71589
6176	YOL029C	0.71585
6177	YLR068W	0.71579
6178	YHR079C-A	0.71579
6179	YDR151C	0.71574
6180	YDL050C	0.71574
6181	YPR101W	0.7157
6182	YNL225C	0.71555
6183	YNL211C	0.71551
6184	YER038C	0.71548
6185	YEL043W	0.71545
6186	YER034W	0.71544
6187	YIL101C	0.71542
6188	YDL085C-A	0.71512
6189	YLR334C	0.7151
6190	YOR148C	0.71494
6191	YPL136W	0.71477
6192	YCR087W	0.7147
6193	YNR024W	0.71454
6194	YPR005C	0.71453
6195	YDR096W	0.71453
6196	YLR437C	0.71445
6197	YBL009W	0.71424
6198	YDL224C	0.71417
6199	YGR071C	0.71416
6200	YOR114W	0.71414
6201	YER044C-A	0.71407
6202	YLR436C	0.71399
6203	YHR203C	0.71377
6204	YJR145C	0.71377
6205	YIL036W	0.71346
6206	YPR151C	0.71345
6207	YER088C	0.71328
6208	YOR045W	0.71309
6209	YLL065W	0.71298
6210	YOR167C	0.71295
6211	YIL093C	0.71293
6212	YBR230C	0.71271
6213	YDR461C-A	0.71261
6214	YDR457W	0.71242
6215	YBR148W	0.71237
6216	YOR343C	0.71234
6217	YHR177W	0.7123
6218	YDL027C	0.71228
6219	YKR091W	0.71227
6220	YLR112W	0.71224
6221	YLR012C	0.71221
6222	YGR174W-A	0.71212
6223	YLR094C	0.71211
6224	YBR056W-A	0.71211
6225	YNL176C	0.71209
6226	YNR045W	0.71201
6227	YLR076C	0.712
6228	YKL023W	0.712
6229	YER149C	0.71176
6230	YDL239C	0.71171
6231	YCL058W-A	0.71162
6232	YHL025W	0.71152
6233	YGL194C-A	0.71148
6234	YGR027C	0.71129
6235	YNL091W	0.71128
6236	YDR374C	0.71128
6237	YNL057W	0.71125
6238	YOR264W	0.71075
6239	YDR310C	0.71066
6240	YLR052W	0.7106
6241	YBL006W-A	0.71059
6242	YDL089W	0.71057
6243	YLR219W	0.71026
6244	YPL054W	0.71026
6245	YBR007C	0.71002
6246	YDR195W	0.70998
6247	YBR173C	0.70992
6248	YOR381W-A	0.7099
6249	YLR347W-A	0.70989
6250	YKL063C	0.70986
6251	YDR515W	0.70984
6252	YLR352W	0.70982
6253	YOR313C	0.70973
6254	YOR342C	0.70966
6255	YCL027W	0.70962
6256	YDR029W	0.70956
6257	YNL309W	0.70941
6258	YMR204C	0.70933
6259	YBR010W	0.70928
6260	YFR012W-A	0.70927
6261	YNL199C	0.70927
6262	YGR160W	0.70922
6263	YLR221C	0.70917
6264	YLR146W-A	0.70916
6265	YKL162C-A	0.70903
6266	YDR462W	0.70902
6267	YDR115W	0.70902
6268	YLR079W	0.70901
6269	YBR063C	0.70869
6270	YPL269W	0.70859
6271	YBL028C	0.70858
6272	YJL133C-A	0.70858
6273	YER067W	0.70849
6274	YGR008C	0.70845
6275	YLR236C	0.70837
6276	YKR100C	0.70802
6277	YGR161C	0.70792
6278	YBR076W	0.70789
6279	YMR242C	0.70785
6280	YOR312C	0.70785
6281	YBR013C	0.70774
6282	YKR045C	0.70759
6283	YDL151C	0.70752
6284	YNL197C	0.70738
6285	YOR284W	0.70733
6286	YDR216W	0.70703
6287	YDR260C	0.70669
6288	YKL052C	0.70653
6289	YER117W	0.7064
6290	YBL087C	0.7064
6291	YLR312C	0.70636
6292	YML015C	0.70614
6293	YOL121C	0.70614
6294	YOL091W	0.70613
6295	YDR014W	0.70572
6296	YML062C	0.70566
6297	YAL024C	0.70564
6298	YFR008W	0.70528
6299	YJR123W	0.70525
6300	YPL049C	0.70523
6301	YIR016W	0.70469
6302	YNR009W	0.70463
6303	YLR031W	0.70456
6304	YLR333C	0.70445
6305	YER121W	0.7042
6306	YPL201C	0.70402
6307	Q0255	0.70401
6308	YDR446W	0.704
6309	YAL028W	0.70398
6310	YDR377W	0.70372
6311	YBL034C	0.70356
6312	YMR179W	0.70346
6313	YPL158C	0.70343
6314	YDL069C	0.70333
6315	YOR105W	0.70323
6316	YNR014W	0.70322
6317	YKL111C	0.7032
6318	YLR099W-A	0.70316
6319	YGR076C	0.7028
6320	YLR341W	0.7028
6321	YAL031C	0.70277
6322	YHR195W	0.70275
6323	YML063W	0.70272
6324	YDR181C	0.70263
6325	YCL051W	0.70237
6326	YGR209C	0.70227
6327	YBR152W	0.70221
6328	YCR050C	0.70192
6329	YJL110C	0.70175
6330	YDL169C	0.70167
6331	YLR131C	0.70163
6332	YNL034W	0.7016
6333	YNL302C	0.70157
6334	YKL099C	0.70155
6335	YEL057C	0.701
6336	YER158W-A	0.70098
6337	YDL076C	0.70081
6338	YOR178C	0.70078
6339	YDR201W	0.70075
6340	YNL018C	0.70069
6341	YOR073W	0.70047
6342	YIL136W	0.70016
6343	YER155C	0.70011
6344	YBR203W	0.69988
6345	YJR011C	0.69954
6346	YKL062W	0.69934
6347	YLR154C-G	0.69931
6348	YIR010W	0.6993
6349	YKR010C	0.69927
6350	YLR254C	0.69927
6351	YNL100W	0.69915
6352	YKL138C-A	0.69895
6353	YDR034W-B	0.69874
6354	YER111C	0.69873
6355	YAL037C-B	0.69854
6356	YNR049C	0.69844
6357	YKR037C	0.69833
6358	YLR279W	0.69831
6359	YDR425W	0.698
6360	YGL102C	0.69799
6361	YGR153W	0.69796
6362	YNL027W	0.69794
6363	YIL119C	0.69769
6364	YLR441C	0.69759
6365	YPR036W-A	0.69756
6366	YGR118W	0.69745
6367	YPR132W	0.69745
6368	YJL090C	0.69744
6369	YMR075W	0.69698
6370	YPL230W	0.69685
6371	YDR227W	0.69677
6372	YLR273C	0.69661
6373	YDR277C	0.69656
6374	YLR190W	0.69656
6375	YPR171W	0.69656
6376	YMR270C	0.69641
6377	YLR018C	0.69631
6378	YNL069C	0.6963
6379	YDR382W	0.69618
6380	YOR062C	0.6961
6381	YJL185C	0.69595
6382	YDR065W	0.69592
6383	YDR030C	0.69582
6384	YBR194W	0.69561
6385	YGL103W	0.69557
6386	YOR255W	0.69526
6387	YMR086W	0.69509
6388	YDR119W-A	0.69509
6389	YGR179C	0.69459
6390	YNL103W	0.69458
6391	YCL044C	0.69454
6392	YMR135C	0.69431
6393	YAL032C	0.6943
6394	YPL250C	0.69411
6395	YIL045W	0.69409
6396	YBL046W	0.69396
6397	YLR230W	0.69395
6398	YER035W	0.69388
6399	YMR219W	0.69337
6400	YDR239C	0.69331
6401	YML073C	0.69329
6402	YPL197C	0.69311
6403	YNL042W	0.69311
6404	YOL025W	0.69286
6405	Q0144	0.69286
6406	YDR275W	0.69264
6407	YGR251W	0.69256
6408	YMR160W	0.6925
6409	YLR412C-A	0.69229
6410	YOR359W	0.69224
6411	YMR124W	0.69224
6412	YDL223C	0.69208
6413	YER040W	0.69184
6414	YOR195W	0.69183
6415	YHR054C	0.69183
6416	YGR273C	0.69145
6417	YGL175C	0.69137
6418	YML009C-A	0.69135
6419	YKL153W	0.69133
6420	YBR050C	0.69128
6421	YLR327C	0.69115
6422	YER126C	0.69109
6423	YGR113W	0.69085
6424	YOL085C	0.69081
6425	YFL021W	0.69059
6426	YGL223C	0.69051
6427	YJL191W	0.69041
6428	YLR283W	0.6904
6429	YLR448W	0.6903
6430	YPR158W	0.68992
6431	YFL031C-A	0.68982
6432	YKL204W	0.68972
6433	YFR017C	0.68961
6434	YLL033W	0.68947
6435	YGR215W	0.68933
6436	YDR259C	0.68925
6437	YOR352W	0.68921
6438	YKL093W	0.68917
6439	YBR047W	0.68905
6440	YMR195W	0.68881
6441	YDR219C	0.68865
6442	YNL311C	0.68856
6443	YJL051W	0.68844
6444	YKL185W	0.68843
6445	YLR262C-A	0.68837
6446	YLR388W	0.68823
6447	YCR065W	0.68798
6448	YLR030W	0.68796
6449	YBR255W	0.68792
6450	YHR160C	0.68786
6451	YLR150W	0.68771
6452	YJR056C	0.68768
6453	YER018C	0.68758
6454	YGL023C	0.6873
6455	YML091C	0.68698
6456	YNL195C	0.6866
6457	YDR351W	0.68652
6458	YCR031C	0.68649
6459	YDL228C	0.68626
6460	YDL130W-A	0.68591
6461	YMR316C-B	0.68583
6462	YMR003W	0.68581
6463	YBR223W-A	0.68577
6464	YDR223W	0.68563
6465	YIL052C	0.68531
6466	YER158C	0.68479
6467	YLR394W	0.68469
6468	YDR356W	0.68464
6469	YFL012W	0.68441
6470	YJL118W	0.68428
6471	YDR025W	0.6841
6472	YBR048W	0.6841
6473	YMR256C	0.68405
6474	YER088W-B	0.68381
6475	YDR088C	0.68379
6476	Q0297	0.68353
6477	YML058W	0.68346
6478	YER056C-A	0.68339
6479	YPR078C	0.68336
6480	YDL181W	0.68294
6481	YLR261C	0.68293
6482	YHR152W	0.68292
6483	YDR207C	0.6817
6484	YGR126W	0.68129
6485	YGL035C	0.68036
6486	YPL037C	0.67964
6487	YGL057C	0.67952
6488	YIL127C	0.67933
6489	YPL014W	0.67874
6490	YPL079W	0.67867
6491	YJL144W	0.67845
6492	YNL233W	0.67829
6493	YDR439W	0.67825
6494	YIL018W	0.67812
6495	YFR031C-A	0.67812
6496	YDR471W	0.67782
6497	YBR130C	0.67762
6498	YGL029W	0.67761
6499	YGL021W	0.6776
6500	YDR113C	0.67754
6501	YOR023C	0.67754
6502	Q0092	0.67729
6503	YLR043C	0.67729
6504	YGR120C	0.67656
6505	YBR126W-B	0.67631
6506	YIL100W	0.67572
6507	YIL146C	0.6756
6508	YHR010W	0.67528
6509	YBR201C-A	0.67521
6510	YBR045C	0.67507
6511	YHR014W	0.67506
6512	YFR046C	0.67463
6513	YDR249C	0.67455
6514	YOR066W	0.67403
6515	YPL066W	0.67402
6516	YER130C	0.67391
6517	YNL140C	0.67389
6518	YGR022C	0.67375
6519	YBR191W	0.67362
6520	YJR083C	0.67353
6521	YPL118W	0.67347
6522	YBR156C	0.67345
6523	YLR223C	0.67337
6524	YBR095C	0.67292
6525	YIL122W	0.67275
6526	YBR230W-A	0.67271
6527	YGL031C	0.67217
6528	YPL068C	0.67216
6529	YAL047C	0.67198
6530	YJL162C	0.67176
6531	YOL040C	0.67175
6532	YGR035C	0.6713
6533	YCL063W	0.67105
6534	YPL081W	0.671
6535	YKL112W	0.67092
6536	YNL214W	0.67089
6537	YKL105C	0.67075
6538	YOL036W	0.6707
6539	YOR324C	0.67024
6540	YLL044W	0.66997
6541	YDR028C	0.66974
6542	YKL042W	0.66966
6543	YPL077C	0.6694
6544	YER124C	0.66917
6545	YDL061C	0.66877
6546	YNL076W	0.66877
6547	YLR053C	0.66838
6548	YBR189W	0.66821
6549	YLR445W	0.66816
6550	YPL071C	0.66803
6551	YBR165W	0.66791
6552	YFL014W	0.6679
6553	YGR221C	0.66789
6554	YKL068W-A	0.66763
6555	YER106W	0.66743
6556	YLR331C	0.66685
6557	YDL191W	0.6666
6558	YDL136W	0.6666
6559	YOR158W	0.66647
6560	YML109W	0.66605
6561	YPR145C-A	0.66574
6562	YHR157W	0.66556
6563	YDL180W	0.66556
6564	YPL089C	0.6655
6565	YGL128C	0.66535
6566	YER167W	0.66532
6567	YOR248W	0.66529
6568	YIL133C	0.6652
6569	YDR022C	0.66518
6570	YPR008W	0.66419
6571	YGR239C	0.66419
6572	YDR130C	0.66404
6573	YDR494W	0.6637
6574	YBR113W	0.66343
6575	YKR022C	0.66336
6576	YKL065W-A	0.6633
6577	YMR144W	0.66304
6578	YOR044W	0.6629
6579	YLR257W	0.6628
6580	YDL186W	0.6624
6581	YDR528W	0.66217
6582	YOL109W	0.66155
6583	YOL106W	0.66138
6584	YNL074C	0.66136
6585	YMR273C	0.66102
6586	YNL178W	0.66097
6587	YLR102C	0.66094
6588	YLR049C	0.66088
6589	YJL089W	0.6608
6590	YDR133C	0.65991
6591	YMR036C	0.65932
6592	YDL075W	0.65923
6593	YOL127W	0.65908
6594	YJL161W	0.65815
6595	YMR255W	0.658
6596	YJL147C	0.65752
6597	YLR406C	0.65743
6598	YDR186C	0.65697
6599	YER074W	0.65696
6600	YIL069C	0.65696
6601	YMR174C	0.65649
6602	YLR315W	0.65643
6603	YOR372C	0.65639
6604	YGL222C	0.65601
6605	YMR173W-A	0.656
6606	YHL001W	0.65564
6607	YDR085C	0.65562
6608	YDR184C	0.65529
6609	YML053C	0.65474
6610	YBR285W	0.654
6611	YGL015C	0.65392
6612	YOR279C	0.65387
6613	YKL006W	0.65368
6614	YER104W	0.65347
6615	YGR148C	0.65346
6616	YPL055C	0.65269
6617	YPL180W	0.65258
6618	YNL188W	0.65147
6619	YOR063W	0.65117
6620	YBL072C	0.65089
6621	YER102W	0.65089
6622	YPL267W	0.65081
6623	YMR037C	0.65075
6624	YNL078W	0.6504
6625	YBR056C-B	0.6497
6626	YPL255W	0.64912
6627	YER033C	0.64888
6628	YMR194W	0.64852
6629	YIL135C	0.6475
6630	YPR065W	0.64678
6631	YPL121C	0.64658
6632	YML119W	0.6464
6633	YDR193W	0.64614
6634	YBR071W	0.64597
6635	YDR309C	0.64597
6636	YML006C	0.64554
6637	YBL031W	0.645
6638	YKR077W	0.64498
6639	YNL146W	0.64469
6640	YKL145W-A	0.64466
6641	YHR061C	0.64459
6642	YPR046W	0.64453
6643	YDR070C	0.64368
6644	YBL092W	0.64274
6645	YGR169C-A	0.64154
6646	YOR315W	0.64133
6647	YPL159C	0.64103
6648	YDR500C	0.63964
6649	YPL124W	0.63933
6650	YER180C	0.63861
6651	YIR025W	0.63794
6652	YER153C	0.63747
6653	YPL249C-A	0.63683
6654	YPL090C	0.63676
6655	YBR181C	0.63676
6656	YNL301C	0.63624
6657	YOL120C	0.63624
6658	YEL032C-A	0.63619
6659	YDR480W	0.63563
6660	YER032W	0.6343
6661	YLR185W	0.63383
6662	YBR211C	0.63254
6663	YML112W	0.63254
6664	YMR206W	0.63235
6665	YLR457C	0.63177
6666	YGL036W	0.63091
6667	YGL189C	0.63068
6668	YKL023C-A	0.63042
6669	YPL229W	0.62807
6670	YER131W	0.62767
6671	YMR181C	0.62748
6672	YMR136W	0.62694
6673	YLR029C	0.62605
6674	YHR185C	0.62575
6675	YMR121C	0.62451
6676	YPR083W	0.62413
6677	YGR034W	0.62324
6678	YJL189W	0.62307
6679	YML003W	0.623
6680	YLR344W	0.62282
6681	YIL046W-A	0.62275
6682	YHR054C-B	0.62254
6683	YHR052C-B	0.62254
6684	YNR010W	0.62129
6685	YML009C	0.62004
6686	YKL109W	0.61972
6687	YGL170C	0.61955
6688	YBL027W	0.61615
6689	YBR084C-A	0.61615
6690	YJR005C-A	0.61525
6691	YPL223C	0.61473
6692	YNL162W	0.61432
6693	YHR141C	0.61432
6694	YBL081W	0.61331
6695	YER079W	0.61296
6696	YLR437C-A	0.61132
6697	YBR157C	0.61078
6698	YOR053W	0.60439
6699	YLR363W-A	0.60398
6700	YGR151C	0.6028
6701	YBR138C	0.60174
6702	YIL152W	0.60057
6703	YFR032C-A	0.59975
6704	YMR252C	0.59789
6705	YJL177W	0.59636
6706	YFR036W	0.59607
6707	YMR081C	0.59575
6708	Q0140	0.59375
6709	YDL082W	0.59299
6710	YDL007C-A	0.59128
6711	YKL180W	0.59115
6712	YMR175W	0.59062
6713	YMR142C	0.58871
6714	Q0032	0.58453
6715	YDR433W	0.58322
6716	YLR287C-A	0.58218
6717	YOR182C	0.58218
6718	YKR075C	0.58142
6719	YJR094W-A	0.57987
6720	YPR043W	0.57987
6721	YGR146C	0.57331
6722	YJR094C	0.5722
6723	YHR214W-A	0.54383
6724	YAR068W	0.54049
6725	YDL184C	0.52899
6726	YDL133C-A	0.52899
6727	YML009W-B	0.50705
6728	YFR035W-A	0.31258
6729	YGR016C-A	0.31258
6730	YMR106W-A	0.31258
6731	YNL155C-A	0.31258
6732	YDL204W-A	0.31258
6733	YNL040C-A	0.31258
