rank	yeast_gene	cosine
1	YDL084W	0.94917
2	YHR169W	0.94402
3	YPL218W	0.944
4	YLR293C	0.94365
5	YOR185C	0.93813
6	YDL126C	0.93741
7	YER095W	0.93694
8	YDL229W	0.93626
9	YNL209W	0.93373
10	YGL008C	0.93093
11	YPL036W	0.92898
12	YAL020C	0.92795
13	YGL058W	0.92672
14	YLR234W	0.926
15	YGR105W	0.9253
16	YLR258W	0.9247
17	YGL211W	0.92447
18	YNL148C	0.92361
19	YJL034W	0.9235
20	YER072W	0.92307
21	YER036C	0.92227
22	YOR224C	0.92183
23	YML102W	0.92181
24	YDR086C	0.92147
25	YLR249W	0.92132
26	YMR116C	0.92094
27	YGR214W	0.92079
28	YKL190W	0.91913
29	YDL192W	0.91897
30	YLR147C	0.91894
31	YLR048W	0.91836
32	YBR109C	0.91817
33	YOR133W	0.91772
34	YNL014W	0.91769
35	YMR186W	0.91765
36	YGL054C	0.91696
37	YPL203W	0.91672
38	YGR231C	0.91613
39	YER103W	0.91529
40	YLL024C	0.91525
41	YPL240C	0.91522
42	YOR204W	0.91509
43	YKR059W	0.91468
44	YKL145W	0.91351
45	YAR002C-A	0.91337
46	YLL026W	0.91263
47	YPL106C	0.91234
48	YOL110W	0.91191
49	YPR080W	0.91164
50	YPL067C	0.91151
51	YMR290C	0.91109
52	YNL189W	0.91088
53	YOR046C	0.91061
54	YPR182W	0.91049
55	YJR047C	0.91035
56	YPL017C	0.91033
57	YPR192W	0.91022
58	YDR185C	0.91008
59	YBR261C	0.90965
60	YNL112W	0.90947
61	YBL075C	0.90919
62	YDR394W	0.90919
63	YER074W-A	0.90909
64	YMR222C	0.90896
65	YOL005C	0.90889
66	YAL005C	0.90883
67	YDL029W	0.90832
68	YOL147C	0.90809
69	YGL078C	0.90805
70	YER107C	0.90789
71	YOR117W	0.90775
72	YDL064W	0.90737
73	YNL064C	0.90699
74	YML012W	0.90667
75	YOR259C	0.90655
76	YDL137W	0.90653
77	YGL048C	0.90592
78	YHR030C	0.90564
79	YEL051W	0.90537
80	YOR089C	0.90535
81	YEL034W	0.90521
82	YHR200W	0.90514
83	YGR218W	0.90463
84	YGR123C	0.90442
85	YER177W	0.90426
86	YER166W	0.90419
87	YIL021W	0.90401
88	YGR211W	0.904
89	YFR015C	0.90372
90	YHR065C	0.90367
91	YDR424C	0.9036
92	YBR241C	0.90359
93	YLL008W	0.90358
94	YNL098C	0.90341
95	YDL055C	0.90338
96	YPR086W	0.90337
97	YPR204W	0.90336
98	YLR113W	0.90325
99	YDL166C	0.9029
100	YBL003C	0.90289
101	YGL137W	0.90277
102	YPR173C	0.90275
103	YBL021C	0.9026
104	YBR164C	0.90259
105	YFR004W	0.90243
106	YDR225W	0.90235
107	YLL053C	0.90225
108	YML101C	0.90197
109	YHR107C	0.90184
110	YCR010C	0.90182
111	YDR129C	0.90175
112	YGL120C	0.90169
113	YDR418W	0.9016
114	YEL054C	0.9016
115	YNL307C	0.90157
116	YDR373W	0.90128
117	YGL126W	0.90112
118	YJL050W	0.90063
119	YHL006C	0.90047
120	YBR169C	0.90038
121	YPR041W	0.90037
122	YER148W	0.90033
123	YJL030W	0.90027
124	YDR238C	0.90013
125	YMR230W	0.90008
126	YJL164C	0.89995
127	YBR252W	0.89985
128	YGL070C	0.8994
129	YAL038W	0.8993
130	YHL050C	0.89909
131	YDL014W	0.89898
132	YOR122C	0.89885
133	YMR109W	0.89878
134	YPL119C	0.89862
135	YPL245W	0.89857
136	YOR020C	0.89852
137	YDR155C	0.89834
138	YEL066W	0.89834
139	YGL099W	0.8983
140	YBL091C-A	0.89825
141	YLR340W	0.89813
142	YER020W	0.89808
143	YHL047C	0.89797
144	YOR270C	0.89742
145	YNL135C	0.89725
146	YGR207C	0.89709
147	YOR293W	0.89706
148	YJL014W	0.89656
149	YJR063W	0.89654
150	YBR160W	0.89646
151	YDR190C	0.89636
152	YDL222C	0.89612
153	YER159C	0.89608
154	YKL217W	0.89596
155	YGR253C	0.89594
156	YDR388W	0.89592
157	YER125W	0.89592
158	YFR014C	0.89578
159	YDR172W	0.89575
160	YOL084W	0.89557
161	YER179W	0.89525
162	YOR094W	0.89512
163	Q0275	0.89491
164	YPR113W	0.89483
165	YLR200W	0.89471
166	YIL065C	0.89402
167	YHR110W	0.894
168	YJR045C	0.89394
169	YDL097C	0.89373
170	YLR186W	0.89373
171	YKL086W	0.89369
172	YJR074W	0.89347
173	YDL047W	0.89336
174	YDR510W	0.89335
175	YNL330C	0.89328
176	YNL185C	0.89316
177	YHR189W	0.89271
178	YCR020C-A	0.8925
179	YKR002W	0.89228
180	YDR345C	0.89193
181	YOR187W	0.89193
182	YKL129C	0.89182
183	YFL058W	0.89171
184	YDR429C	0.89142
185	YGL255W	0.89126
186	YNL332W	0.89101
187	YHR092C	0.89086
188	YGL043W	0.89077
189	YJL111W	0.89059
190	YHR193C	0.89056
191	YGL106W	0.89056
192	YDL087C	0.89054
193	YKL196C	0.89046
194	YBR106W	0.89044
195	YFL039C	0.89035
196	YBL071W-A	0.88985
197	YNL255C	0.88984
198	YPR165W	0.88977
199	YOR096W	0.88977
200	YOR161C	0.88975
201	YDR045C	0.88951
202	YKL207W	0.88933
203	YML085C	0.88928
204	YCR057C	0.88926
205	YIL078W	0.88922
206	YDL244W	0.88922
207	YLR347C	0.88893
208	YDL022W	0.88883
209	YMR300C	0.88874
210	YLR168C	0.88867
211	YMR034C	0.88866
212	YOL143C	0.88857
213	YLR438C-A	0.88852
214	YDR381W	0.8885
215	YDR212W	0.88836
216	YJR156C	0.88829
217	YOR036W	0.88823
218	YFR009W	0.88816
219	YKL024C	0.88804
220	YNL290W	0.88793
221	YPR108W	0.88768
222	YEL037C	0.88768
223	YNL067W	0.88765
224	YNR003C	0.8876
225	YER146W	0.88753
226	YGR063C	0.8875
227	YER031C	0.88738
228	YHR218W-A	0.88715
229	YBL112C	0.88715
230	YOR362C	0.88714
231	YDR021W	0.88703
232	YLR229C	0.88672
233	YPL211W	0.88649
234	YMR292W	0.88648
235	YDL160C	0.88642
236	YNL096C	0.8864
237	YML124C	0.8862
238	YGL147C	0.88618
239	YGR204W	0.88592
240	YDL145C	0.88591
241	YHR068W	0.88585
242	YGL253W	0.88546
243	YDR343C	0.88545
244	YBL030C	0.88533
245	YMR079W	0.88528
246	YNL288W	0.88522
247	YOL058W	0.88518
248	YHR070W	0.88518
249	YDR099W	0.88507
250	YFR053C	0.88507
251	YBL102W	0.88506
252	YLR384C	0.88496
253	YPR062W	0.88491
254	YNL090W	0.88482
255	YGL256W	0.8848
256	YBL113C	0.88471
257	YMR260C	0.88471
258	YBL016W	0.8846
259	YLR326W	0.88449
260	YGL091C	0.88427
261	YPL058C	0.88424
262	YPL266W	0.88424
263	YDL140C	0.88415
264	YGR210C	0.88412
265	YGL063W	0.884
266	YDL108W	0.88394
267	YHR143W-A	0.8839
268	YJL108C	0.88378
269	YLR170C	0.88378
270	YDR342C	0.8837
271	YIL143C	0.88335
272	YFL037W	0.88327
273	YBR054W	0.88325
274	YCR012W	0.88319
275	YJR105W	0.88274
276	YOR361C	0.88274
277	YJR058C	0.88259
278	YER190W	0.88243
279	YBL099W	0.88222
280	YPL051W	0.88218
281	YNL055C	0.88218
282	YPR149W	0.88214
283	YBR080C	0.8821
284	YLL067C	0.88205
285	YEL070W	0.88204
286	YNR073C	0.88204
287	YOL038W	0.88203
288	YCR021C	0.88198
289	YEL077C	0.88173
290	YER110C	0.88164
291	YBL076C	0.88157
292	YPL232W	0.88155
293	YCL036W	0.8815
294	YBR127C	0.88149
295	YDL134C	0.8814
296	YDR226W	0.88134
297	YHR021C	0.8812
298	YBL078C	0.88111
299	YJL196C	0.88108
300	YBR089C-A	0.88099
301	YNR053C	0.88094
302	YGL210W	0.88092
303	YPL237W	0.88088
304	YHR170W	0.8808
305	YPL129W	0.88073
306	YBR187W	0.88068
307	YLR466W	0.88067
308	YDR116C	0.88066
309	YNL232W	0.8805
310	YGR285C	0.8805
311	YJR009C	0.88023
312	YBR296C	0.88021
313	YGL200C	0.88013
314	YMR214W	0.88011
315	YJL026W	0.87995
316	YOR145C	0.8799
317	YPL226W	0.87977
318	YNR002C	0.87974
319	YAL042W	0.8797
320	YLR069C	0.87969
321	YJL052W	0.87962
322	YFL034C-A	0.87958
323	YBL050W	0.87952
324	YGR281W	0.87951
325	YOL139C	0.87941
326	YDR093W	0.87937
327	YER043C	0.87937
328	YML069W	0.87937
329	YKL220C	0.87926
330	YLR061W	0.87925
331	YJL153C	0.87924
332	YLL060C	0.8792
333	YLR338W	0.87919
334	YPL213W	0.87918
335	YMR183C	0.87899
336	YLR378C	0.87899
337	YHL040C	0.87891
338	YKL160W	0.87883
339	YOR086C	0.87866
340	YNL113W	0.87864
341	YGR131W	0.87862
342	YER060W-A	0.8786
343	YFR018C	0.87845
344	YHR219W	0.87841
345	YCR009C	0.87838
346	YDR040C	0.87835
347	YDR258C	0.87826
348	YPR183W	0.87803
349	YJL214W	0.87798
350	YDR404C	0.87789
351	YER165W	0.87787
352	YJR121W	0.87787
353	YBL024W	0.87774
354	YMR246W	0.87771
355	YHR094C	0.8777
356	YPL093W	0.87769
357	YGR234W	0.87755
358	YCR051W	0.87751
359	YDR056C	0.87738
360	YDR300C	0.87733
361	YJL210W	0.87721
362	YHR057C	0.87719
363	YMR314W	0.87719
364	YGL022W	0.87715
365	YPL043W	0.87714
366	YML067C	0.87712
367	YDL182W	0.87696
368	YGL123W	0.87695
369	YJR014W	0.87695
370	YOR084W	0.87686
371	YOR381W	0.87684
372	YKL067W	0.87679
373	YMR146C	0.87677
374	YAL026C	0.87676
375	YGL245W	0.87674
376	YLR216C	0.87668
377	YAL064W-B	0.87664
378	YLR081W	0.8765
379	YPL061W	0.87643
380	YJR158W	0.87641
381	YLR197W	0.87637
382	YKL156W	0.87634
383	YDL245C	0.87633
384	YMR203W	0.87633
385	YKL060C	0.87619
386	YPL131W	0.87602
387	YHR096C	0.87602
388	YNL281W	0.87595
389	YGL122C	0.87583
390	YML001W	0.87582
391	YDR039C	0.87578
392	YDR075W	0.87575
393	YGR192C	0.87574
394	YJR104C	0.87573
395	YPR103W	0.87568
396	YOL133W	0.87558
397	YBL002W	0.87555
398	YNL075W	0.87543
399	YLL066C	0.87533
400	YDR092W	0.87527
401	YJR065C	0.87516
402	YER147C	0.87509
403	YGL220W	0.87501
404	YDR339C	0.87495
405	YOR375C	0.87492
406	YOR116C	0.8747
407	YGL062W	0.87468
408	YIL148W	0.87462
409	YKR094C	0.87462
410	YOR347C	0.87446
411	YGR252W	0.87438
412	YKL009W	0.87436
413	YFL002C	0.87415
414	YDL123W	0.87413
415	YKR040C	0.87411
416	YLR264W	0.87411
417	YBL091C	0.87396
418	YNL241C	0.87394
419	YOR159C	0.87388
420	YFL059W	0.87385
421	YOL021C	0.8738
422	YJR017C	0.87376
423	YJR025C	0.87374
424	YOR167C	0.87374
425	YDR276C	0.87369
426	YGL097W	0.87358
427	YNR034W-A	0.87357
428	YGR020C	0.87353
429	YPL031C	0.87345
430	YGR247W	0.87324
431	YAR073W	0.87311
432	YDR167W	0.87309
433	YKR039W	0.873
434	YDR224C	0.87268
435	YER089C	0.87266
436	YCL010C	0.87265
437	YHR019C	0.87257
438	YOR257W	0.87243
439	YOR103C	0.87223
440	YGR246C	0.87211
441	YDR540C	0.87207
442	YIL062C	0.87197
443	YMR236W	0.87193
444	YLR289W	0.87189
445	YFL022C	0.87185
446	YLR342W	0.87182
447	YJL191W	0.8718
448	YOL158C	0.87177
449	YIL177C	0.87174
450	YNL244C	0.87167
451	YJL065C	0.87162
452	YDR038C	0.87161
453	YKR012C	0.87158
454	YNL220W	0.87156
455	YJL225C	0.87155
456	YKR057W	0.87148
457	YDR488C	0.87146
458	YKL152C	0.87145
459	YJL001W	0.87142
460	YHL003C	0.87137
461	YDR139C	0.87131
462	YDR313C	0.87076
463	YDL230W	0.87073
464	YNL240C	0.87072
465	YKL002W	0.87071
466	YOR310C	0.8707
467	YML133C	0.87068
468	YGL011C	0.87061
469	YAL061W	0.87057
470	YNL323W	0.87055
471	YHR064C	0.87028
472	YDR084C	0.87027
473	YNL333W	0.87026
474	YMR015C	0.87024
475	YPL275W	0.87018
476	YGL225W	0.87014
477	YIL114C	0.87002
478	YDR033W	0.87002
479	YBR210W	0.86991
480	YLL018C	0.86987
481	YGL171W	0.86983
482	YJL033W	0.86977
483	YMR069W	0.86975
484	YCR060W	0.86963
485	YPL220W	0.86953
486	YGL135W	0.86953
487	YGR296W	0.86952
488	YPL283C	0.8695
489	YBL023C	0.86946
490	YCR075W-A	0.86946
491	YCR031C	0.86934
492	YNL138W	0.86933
493	YNL339C	0.86931
494	YEL031W	0.8693
495	YLR153C	0.86923
496	YGL201C	0.86922
497	YDL049C	0.86916
498	YOL121C	0.86914
499	YDR002W	0.86914
500	YDL051W	0.86912
501	YOR027W	0.86904
502	YJL136C	0.86902
503	YLR467W	0.86885
504	YOR396W	0.86885
505	YDR545W	0.86885
506	YNR050C	0.8688
507	YIR036C	0.86878
508	YNL111C	0.86877
509	YJL121C	0.8686
510	YPL042C	0.8685
511	YCL040W	0.86849
512	YER133W	0.86843
513	YIL003W	0.86835
514	YGL163C	0.86826
515	YPL199C	0.86825
516	YKL080W	0.86824
517	YKL212W	0.86823
518	YBR121C	0.86821
519	YPL015C	0.86818
520	YEL069C	0.86812
521	YGR282C	0.86793
522	YNL302C	0.86792
523	YBR038W	0.86782
524	YEL058W	0.86764
525	YJR069C	0.8676
526	YPR052C	0.86748
527	YMR319C	0.86747
528	YJR112W-A	0.86743
529	YDR384C	0.86741
530	YER060W	0.86738
531	YCL035C	0.86735
532	YLR397C	0.86732
533	YMR205C	0.86724
534	YLR281C	0.86712
535	YER023W	0.8671
536	YEL030W	0.8671
537	YGR043C	0.8671
538	YHR148W	0.86703
539	YCL043C	0.86694
540	YOL012C	0.86693
541	YBR154C	0.86693
542	YNR072W	0.86688
543	YOL156W	0.86687
544	YCL033C	0.86685
545	YOR045W	0.86679
546	YJR109C	0.86672
547	YBR218C	0.86669
548	YDL092W	0.86668
549	YKL013C	0.86662
550	YMR054W	0.86658
551	YIR042C	0.86652
552	YOL129W	0.86647
553	YDL006W	0.86622
554	YBR202W	0.86621
555	YDR519W	0.86618
556	YKL216W	0.86617
557	YHL033C	0.86615
558	YPR088C	0.86604
559	YOR369C	0.86583
560	YDL031W	0.86583
561	YPR110C	0.86583
562	YGL167C	0.86579
563	YOL097C	0.86579
564	YGR180C	0.86574
565	YFL038C	0.86572
566	YPL048W	0.86571
567	YOR157C	0.86568
568	YPR160W	0.86566
569	YGL212W	0.86553
570	YML024W	0.86546
571	YJL198W	0.86544
572	YBR085W	0.86542
573	YOR061W	0.86536
574	YDR447C	0.86535
575	YLR130C	0.86526
576	YPR069C	0.86525
577	YBL026W	0.86518
578	YER056C	0.86516
579	YGL206C	0.86515
580	YNL006W	0.86515
581	YDL218W	0.86513
582	YJR139C	0.86512
583	YJL094C	0.86507
584	YGR032W	0.86504
585	YHL016C	0.86492
586	YDL185W	0.86484
587	YGR040W	0.86477
588	YGL002W	0.86477
589	YKL081W	0.86471
590	YPL013C	0.8647
591	YDL188C	0.86458
592	YCR073W-A	0.86457
593	YEL059C-A	0.86457
594	YGR173W	0.86453
595	YOR332W	0.86445
596	YNL010W	0.86444
597	YML123C	0.8644
598	YPL081W	0.86429
599	YBL029C-A	0.86426
600	YBR234C	0.8642
601	YLR259C	0.86419
602	YCL009C	0.86418
603	YOL164W	0.86414
604	YEL001C	0.86412
605	YMR307W	0.86412
606	YML008C	0.86409
607	YKR018C	0.86409
608	YBR009C	0.86408
609	YGR208W	0.864
610	YPL235W	0.86396
611	YLR193C	0.86391
612	YLR074C	0.8639
613	YHR218W	0.86388
614	YOL016C	0.86386
615	YJL008C	0.86386
616	YGL221C	0.86381
617	YPR163C	0.86379
618	YAL035W	0.8637
619	YML026C	0.8637
620	YDR450W	0.8637
621	YLL045C	0.86365
622	YML094W	0.86354
623	YNL142W	0.86354
624	YMR266W	0.86351
625	YLR276C	0.86341
626	YLR157C	0.86341
627	YLR160C	0.86341
628	YLR158C	0.86341
629	YLR155C	0.86341
630	YMR011W	0.86341
631	YEL032W	0.86319
632	YGL130W	0.86312
633	YIR012W	0.86306
634	YAL003W	0.863
635	YDR328C	0.86299
636	YNL178W	0.86298
637	YLR180W	0.86298
638	YML057W	0.86289
639	YMR197C	0.86284
640	YDR105C	0.86276
641	YOR197W	0.86276
642	YGR152C	0.86272
643	YKL128C	0.86264
644	YJL130C	0.86263
645	YFL061W	0.86261
646	YNL335W	0.86261
647	YJR143C	0.86245
648	YKL104C	0.86241
649	YJL219W	0.86232
650	YLR058C	0.8623
651	YHL042W	0.86229
652	YDR502C	0.86225
653	YPL004C	0.8621
654	YNR074C	0.86206
655	YNL093W	0.86198
656	YNL268W	0.86193
657	YKL078W	0.86192
658	YAR007C	0.86179
659	YHR183W	0.86179
660	YBR082C	0.86177
661	YGL087C	0.86176
662	YFR051C	0.86166
663	YHR163W	0.86161
664	YFL067W	0.8616
665	YPR028W	0.86159
666	YGL105W	0.86153
667	YBL015W	0.86146
668	YFL056C	0.8614
669	YHR174W	0.86138
670	YDL018C	0.86137
671	YLL014W	0.86132
672	YBR155W	0.86129
673	YDR297W	0.86126
674	YLR043C	0.86103
675	YCR098C	0.86093
676	YDR059C	0.8609
677	YLR208W	0.86087
678	YDR456W	0.86087
679	YLR291C	0.86085
680	YJR145C	0.86084
681	YHR203C	0.86084
682	YCR059C	0.86084
683	YBR263W	0.86079
684	YDR188W	0.86077
685	YLR011W	0.8607
686	YFL066C	0.86069
687	YDL212W	0.86054
688	YIL043C	0.86052
689	YDR023W	0.86022
690	YPL127C	0.86018
691	YAL062W	0.86016
692	YDL072C	0.86016
693	YLL050C	0.86004
694	YPL135W	0.8599
695	YNR060W	0.85977
696	YDR148C	0.85967
697	YOR283W	0.85961
698	YEL026W	0.85959
699	YNL061W	0.85949
700	YER091C	0.85937
701	YPL169C	0.85928
702	YAL007C	0.85925
703	YLR433C	0.8592
704	YHR005C-A	0.85917
705	YGR209C	0.85915
706	YBR189W	0.85914
707	YGL020C	0.85907
708	YGR135W	0.85904
709	YFL011W	0.85901
710	YOR265W	0.85895
711	YGR138C	0.85891
712	YPL094C	0.85891
713	YDL208W	0.85886
714	YJL151C	0.85879
715	YMR235C	0.85878
716	YDL001W	0.85878
717	YOL075C	0.85877
718	YFL005W	0.85869
719	YBR228W	0.8586
720	YPL234C	0.85857
721	YLR167W	0.85852
722	YCR047C	0.85839
723	YEL021W	0.85834
724	YPR082C	0.8583
725	YIL009W	0.85821
726	YGR132C	0.85817
727	YBR010W	0.85813
728	YJR153W	0.8581
729	YML063W	0.85808
730	YML010W	0.85794
731	YOR153W	0.85779
732	YDR454C	0.85777
733	YFL045C	0.85777
734	YBL111C	0.85775
735	YKL028W	0.85768
736	YHR034C	0.85748
737	YKL146W	0.8574
738	YLR066W	0.85739
739	YDL100C	0.85736
740	YHR040W	0.85728
741	YGR248W	0.85722
742	YDR353W	0.85722
743	YGR245C	0.85721
744	YEL024W	0.85713
745	YBR143C	0.8571
746	YBR221C	0.85688
747	YPL151C	0.85687
748	YBR025C	0.85679
749	YGR082W	0.85672
750	YLR441C	0.85671
751	YER174C	0.85669
752	YKR097W	0.8565
753	YLL028W	0.85646
754	YBR079C	0.85638
755	YML018C	0.85636
756	YEL046C	0.85633
757	YOL122C	0.85608
758	YCL059C	0.85607
759	YMR180C	0.85603
760	YGR256W	0.85602
761	YGR065C	0.85598
762	YKL218C	0.85575
763	YMR056C	0.85568
764	YIR009W	0.85565
765	YER099C	0.85558
766	YPL143W	0.8555
767	YOL086W-A	0.85533
768	YLR195C	0.8553
769	YNL117W	0.85528
770	YFL018C	0.85526
771	YER145C	0.85509
772	YJR159W	0.85508
773	YLR367W	0.85502
774	YDL135C	0.85496
775	YKL056C	0.85484
776	YPR035W	0.85473
777	YBR298C	0.85463
778	YDR121W	0.85461
779	YHR018C	0.8546
780	YBR039W	0.85458
781	YHL011C	0.85441
782	YOR341W	0.85439
783	YLR134W	0.85435
784	YNL007C	0.85433
785	YDR196C	0.85427
786	YPR170W-B	0.85423
787	YKL181W	0.8542
788	YDL007W	0.85415
789	YLR044C	0.85412
790	YER120W	0.8541
791	YKL053C-A	0.85401
792	YJL167W	0.854
793	YBR267W	0.85396
794	YLR364W	0.85396
795	YOR348C	0.85392
796	YPR024W	0.85391
797	YIL001W	0.8539
798	YDL227C	0.8539
799	YJL115W	0.85389
800	YLR432W	0.85387
801	YML079W	0.85387
802	YIR031C	0.85386
803	YDR267C	0.85379
804	YDR406W	0.85374
805	YKL113C	0.85373
806	YER171W	0.85373
807	YLR237W	0.85365
808	YBR223W-A	0.85364
809	YOR234C	0.85363
810	YEL039C	0.85354
811	YCR076C	0.85348
812	YOR367W	0.85346
813	YKL163W	0.85345
814	YHR005C	0.85341
815	YJR073C	0.85335
816	YML125C	0.85333
817	YLR447C	0.85328
818	YMR263W	0.8531
819	YNR071C	0.85309
820	YDL246C	0.85297
821	YPR102C	0.85289
822	YPR181C	0.85287
823	YBR162W-A	0.85287
824	YML098W	0.85277
825	YDL102W	0.85277
826	YBR112C	0.85277
827	YKR026C	0.85276
828	YPR034W	0.85274
829	YER006W	0.85272
830	YDR177W	0.85267
831	YEL011W	0.85263
832	YNR020C	0.85262
833	YOR339C	0.85259
834	YJR010C-A	0.85252
835	YNL162W-A	0.85249
836	YBR019C	0.85247
837	YER009W	0.85246
838	YLR268W	0.85245
839	YKL117W	0.85229
840	YBR107C	0.85227
841	YDR050C	0.85226
842	YER026C	0.85224
843	YPL207W	0.85222
844	YNL264C	0.85222
845	YDL147W	0.85219
846	YNL104C	0.8521
847	YGR085C	0.85209
848	YLR411W	0.85209
849	YGL207W	0.85208
850	YJL190C	0.85204
851	YIR004W	0.85201
852	YKL041W	0.85201
853	YDR304C	0.85198
854	YJL055W	0.85195
855	YHL015W	0.85193
856	YLR398C	0.8519
857	YMR315W	0.85177
858	YDL131W	0.85176
859	YER086W	0.85168
860	Q0045	0.8516
861	YMR090W	0.85146
862	YJL012C	0.85141
863	YCR048W	0.85139
864	YER019W	0.85137
865	YOR055W	0.85136
866	YIR035C	0.85133
867	YER025W	0.85131
868	YNR032W	0.85131
869	YPR074C	0.8513
870	YOR317W	0.85129
871	YJR084W	0.85124
872	YGR296C-A	0.85117
873	YPL283W-A	0.85117
874	YNL339W-A	0.85117
875	YML133W-A	0.85117
876	YER190C-A	0.85117
877	YOR388C	0.85116
878	YNR036C	0.85116
879	YGR279C	0.85113
880	YBR170C	0.85101
881	YGR048W	0.851
882	YPR188C	0.851
883	YMR276W	0.85091
884	YML028W	0.85089
885	YOL066C	0.85087
886	YKL166C	0.85084
887	YCR034W	0.85083
888	YBR078W	0.85083
889	YIL170W	0.85078
890	YHL018W	0.85072
891	YKL094W	0.85072
892	YPR197C	0.85072
893	YOR087W	0.85071
894	YOR321W	0.8507
895	YHL034C	0.85064
896	YKL164C	0.8506
897	YNL087W	0.85057
898	YGR254W	0.85049
899	YFL017W-A	0.85034
900	YJR077C	0.85032
901	YKR081C	0.85029
902	YOR252W	0.85026
903	YJL124C	0.85023
904	YGR100W	0.85022
905	YKR080W	0.84993
906	YHR106W	0.84991
907	YDR525W-A	0.84985
908	YJR007W	0.84982
909	YDR516C	0.84982
910	YER073W	0.84968
911	YMR242C	0.84966
912	YOR312C	0.84966
913	YNR032C-A	0.84964
914	YDL128W	0.84961
915	YDR272W	0.84958
916	YPL246C	0.84957
917	YML056C	0.84947
918	YEL020W-A	0.84947
919	YHR135C	0.84942
920	YPR037C	0.84938
921	YER062C	0.84925
922	YDR536W	0.8491
923	YDL095W	0.84904
924	YER012W	0.84903
925	YGR236C	0.84896
926	YCL025C	0.84893
927	YLR174W	0.84893
928	YLR354C	0.84891
929	YDR397C	0.84891
930	YLR065C	0.8489
931	YDL168W	0.84885
932	YGL030W	0.8488
933	YGL157W	0.8487
934	YER052C	0.84869
935	YML068W	0.84866
936	YLR005W	0.84856
937	YHR216W	0.84854
938	YGL001C	0.84834
939	YMR093W	0.8483
940	YER057C	0.84824
941	YJL159W	0.84823
942	YOL030W	0.84822
943	YOR007C	0.84821
944	YCR087C-A	0.84816
945	YBR245C	0.84808
946	YJR124C	0.84805
947	YNL024C	0.848
948	YBR248C	0.84798
949	YCR068W	0.84793
950	YDR091C	0.8478
951	YLR141W	0.84778
952	YJL213W	0.84773
953	YGR021W	0.8477
954	YOL094C	0.84763
955	YBL032W	0.84761
956	YPR064W	0.84757
957	YGR029W	0.84752
958	YFR032C	0.84744
959	YEL027W	0.84742
960	YJR049C	0.84738
961	YDR182W-A	0.84728
962	YBR091C	0.84725
963	YMR071C	0.84717
964	YOR161W-B	0.84712
965	YEL063C	0.84712
966	YLR303W	0.84709
967	YJL174W	0.84706
968	YLR448W	0.84701
969	YKL039W	0.84695
970	YAL023C	0.84692
971	YOR253W	0.84682
972	YIL109C	0.84682
973	YOR358W	0.84676
974	YIR013C	0.84676
975	YOR196C	0.84675
976	YJL035C	0.84672
977	YOR298C-A	0.84667
978	YLR244C	0.84661
979	YJL179W	0.84653
980	YLR348C	0.84637
981	YIR026C	0.8463
982	YFL055W	0.84613
983	YDR063W	0.84608
984	YOL151W	0.84607
985	YOR378W	0.84588
986	YOL055C	0.84585
987	YML055W	0.84584
988	YLR078C	0.84583
989	YGR144W	0.84573
990	YGR055W	0.8457
991	YER074W	0.84562
992	YIL069C	0.84562
993	YOL039W	0.84557
994	YEL013W	0.84554
995	YHR007C	0.84551
996	YDR508C	0.8454
997	YDL075W	0.8454
998	YFL028C	0.8454
999	YPL012W	0.84538
1000	YDR037W	0.84531
1001	YPL221W	0.84525
1002	YJR070C	0.84517
1003	YJL080C	0.84516
1004	YLR192C	0.84515
1005	YCR069W	0.84513
1006	YPL244C	0.84497
1007	YFL026W	0.84495
1008	YKR038C	0.8449
1009	YHR020W	0.84482
1010	YPL206C	0.84482
1011	YGR007W	0.84481
1012	YNL057W	0.84473
1013	YPL282C	0.8447
1014	YOR394W	0.8447
1015	YPL095C	0.84466
1016	YDL081C	0.84462
1017	YOR024W	0.84458
1018	YOR261C	0.84451
1019	YNL095C	0.8445
1020	YDR490C	0.84447
1021	YPR138C	0.84445
1022	YFL016C	0.84442
1023	YKL059C	0.84441
1024	YHR041C	0.84441
1025	YOR004W	0.84437
1026	YJR020W	0.84425
1027	YHR027C	0.84423
1028	YLR034C	0.84411
1029	YGR027C	0.84409
1030	YIL121W	0.84409
1031	YPL160W	0.84407
1032	YKL021C	0.84404
1033	YPL276W	0.84404
1034	YLR279W	0.84403
1035	YPL154C	0.84398
1036	YLR449W	0.84397
1037	YDR046C	0.84395
1038	YLR333C	0.84394
1039	YJR152W	0.8439
1040	YGR121C	0.84384
1041	YLL023C	0.84382
1042	YML075C	0.84381
1043	YLR038C	0.84378
1044	YOR323C	0.84374
1045	YDR011W	0.84371
1046	YFR033C	0.84358
1047	YDR193W	0.84354
1048	YLR406C	0.84336
1049	YIL106W	0.84328
1050	YMR210W	0.84324
1051	YOL142W	0.84319
1052	YIL100W	0.84313
1053	YKL029C	0.84313
1054	YOR048C	0.84307
1055	YJL212C	0.84305
1056	YBR295W	0.84305
1057	YDR120C	0.84302
1058	YLR129W	0.84298
1059	YBR031W	0.84298
1060	YJR048W	0.84292
1061	YAR035W	0.84288
1062	YHR050W	0.84281
1063	YMR288W	0.84278
1064	YJR068W	0.84274
1065	YDL164C	0.84271
1066	YDR012W	0.84253
1067	YDR074W	0.84251
1068	YNL134C	0.84251
1069	YIR015W	0.84239
1070	YGR240C	0.84236
1071	YDR064W	0.84233
1072	YOR168W	0.8423
1073	YBR159W	0.84229
1074	YMR132C	0.84226
1075	YDL144C	0.84217
1076	YLR330W	0.84216
1077	YOR226C	0.84216
1078	YIL165C	0.84214
1079	YPR033C	0.84213
1080	YJL079C	0.84213
1081	YLR429W	0.84212
1082	YDR321W	0.84211
1083	YBR113W	0.84211
1084	YER119C	0.84211
1085	YNL125C	0.84202
1086	YNL274C	0.84193
1087	YBL057C	0.84189
1088	YKL213C	0.84185
1089	YCR046C	0.84178
1090	YIR022W	0.84176
1091	YML073C	0.84168
1092	YAL036C	0.84167
1093	YJL218W	0.8416
1094	YDR341C	0.84153
1095	YBR117C	0.84151
1096	YFL048C	0.84149
1097	YMR308C	0.84144
1098	YKL035W	0.84137
1099	YML074C	0.84136
1100	YGR037C	0.84129
1101	YDR112W	0.84128
1102	YER081W	0.84126
1103	YJR085C	0.84126
1104	YLR325C	0.84118
1105	YBL068W	0.84118
1106	YPL259C	0.84118
1107	YDR392W	0.84116
1108	YLR092W	0.84116
1109	YIR028W	0.84113
1110	YLR277C	0.84101
1111	Q0130	0.841
1112	YHL017W	0.84099
1113	YNR034W	0.84095
1114	YAL039C	0.84092
1115	YFR010W	0.84085
1116	YOL006C	0.84077
1117	YLR075W	0.84075
1118	YER039C	0.84075
1119	YLL018C-A	0.84068
1120	YGL017W	0.84067
1121	YBR126C	0.84066
1122	YGR289C	0.84065
1123	YDL057W	0.84058
1124	YPR145W	0.84055
1125	YNL069C	0.84052
1126	YMR194C-B	0.84036
1127	YOR326W	0.84035
1128	YDR382W	0.84035
1129	YDR158W	0.84032
1130	YDR487C	0.84031
1131	YPL037C	0.84029
1132	YMR285C	0.84026
1133	YGL198W	0.84017
1134	YJL063C	0.84015
1135	YML092C	0.84011
1136	YIR008C	0.8401
1137	YNL132W	0.83994
1138	YBR265W	0.83993
1139	YPL212C	0.8399
1140	YOR034C	0.83989
1141	YBL096C	0.83974
1142	YDL083C	0.8396
1143	YMR143W	0.8396
1144	YLL056C	0.83958
1145	YGL039W	0.83956
1146	YER055C	0.83954
1147	YOL062C	0.83941
1148	YDR044W	0.83937
1149	YNR026C	0.83933
1150	YGR191W	0.83932
1151	YMR279C	0.83928
1152	YOR207C	0.83928
1153	YER004W	0.83927
1154	YGL069C	0.83911
1155	YIL133C	0.83898
1156	YKL135C	0.83893
1157	YGR267C	0.83884
1158	YNL154C	0.83883
1159	YOR268C	0.83871
1160	YMR305C	0.8387
1161	YNR055C	0.83867
1162	YGR175C	0.83866
1163	YMR264W	0.83863
1164	YNR046W	0.83861
1165	YGR185C	0.83858
1166	YHR039C-A	0.8385
1167	YKR066C	0.83848
1168	YNL326C	0.83841
1169	YNL121C	0.83837
1170	YPL187W	0.83835
1171	YCR004C	0.83832
1172	YPR010C	0.8382
1173	YDL132W	0.83816
1174	YGR060W	0.83813
1175	YBR196C	0.83802
1176	YPL010W	0.83802
1177	YLR255C	0.838
1178	YBR204C	0.838
1179	YNL312W	0.83798
1180	YPR087W	0.83798
1181	YDR453C	0.83793
1182	YER178W	0.83792
1183	YOR092W	0.83789
1184	YJL217W	0.83785
1185	YGR203W	0.83784
1186	YOL077C	0.83783
1187	YER185W	0.83781
1188	YIL094C	0.83774
1189	YER002W	0.8376
1190	YBR222C	0.83759
1191	YPL134C	0.83755
1192	YLR213C	0.83752
1193	YPL231W	0.83749
1194	YBR249C	0.83742
1195	YGR163W	0.83739
1196	YDR135C	0.83736
1197	YML078W	0.83729
1198	YBR115C	0.83724
1199	YKR068C	0.83721
1200	YMR089C	0.83712
1201	YBL100C	0.8371
1202	YBR190W	0.8371
1203	YGR213C	0.83708
1204	YDR375C	0.83707
1205	YLR126C	0.837
1206	YDL130W	0.837
1207	YIL103W	0.83695
1208	YKL186C	0.83694
1209	YMR095C	0.83693
1210	YOR151C	0.8369
1211	YLR292C	0.83687
1212	YHR066W	0.83685
1213	YDR001C	0.83685
1214	YDR411C	0.83684
1215	YBL036C	0.83684
1216	YER142C	0.83682
1217	YDL045W-A	0.83681
1218	YCR013C	0.83671
1219	YKR043C	0.83668
1220	YLR059C	0.83668
1221	YER048C	0.83668
1222	YOR327C	0.83664
1223	YOL080C	0.8366
1224	YNL270C	0.83659
1225	YCR072C	0.83653
1226	YER017C	0.83652
1227	YLR138W	0.83651
1228	YMR316C-B	0.83647
1229	YBL006W-A	0.83646
1230	YOR243C	0.83644
1231	YEL038W	0.83636
1232	YMR092C	0.83634
1233	YJL024C	0.83625
1234	YAR015W	0.83624
1235	YJL027C	0.83623
1236	YLR409C	0.8362
1237	YNR043W	0.83612
1238	YMR297W	0.83602
1239	YOR150W	0.83599
1240	YBR283C	0.83596
1241	YJR072C	0.83596
1242	YGR264C	0.83594
1243	YAL049C	0.83591
1244	YPR156C	0.83588
1245	YDR100W	0.83588
1246	YOR119C	0.83587
1247	YBR242W	0.83582
1248	YDR032C	0.83563
1249	YKL033W-A	0.8356
1250	YBR023C	0.8356
1251	YNL044W	0.8356
1252	YMR202W	0.83559
1253	YKR035W-A	0.83556
1254	YDR465C	0.83552
1255	YLR179C	0.83542
1256	YMR096W	0.83538
1257	YGL034C	0.83535
1258	YNL079C	0.83533
1259	YPL217C	0.8353
1260	YDR094W	0.83522
1261	YAL054C	0.83507
1262	YGR022C	0.83505
1263	YLR099C	0.83498
1264	YPL092W	0.83492
1265	YHR063C	0.83485
1266	YKL191W	0.8348
1267	YMR226C	0.83475
1268	YFL053W	0.83474
1269	YAL060W	0.83473
1270	YHR210C	0.83469
1271	YLR055C	0.83468
1272	YPL258C	0.83465
1273	YOL086C	0.83464
1274	YGR047C	0.8346
1275	YMR057C	0.83459
1276	YOL162W	0.83457
1277	YDR497C	0.83455
1278	YJL002C	0.83451
1279	YIL053W	0.83445
1280	YCR006C	0.83444
1281	YAL044W-A	0.83433
1282	YOR091W	0.83416
1283	YOR304W	0.83411
1284	YJR001W	0.8341
1285	YLR218C	0.83407
1286	YDL213C	0.83397
1287	YDR256C	0.83385
1288	YOL127W	0.83383
1289	YPR051W	0.83379
1290	YKL157W	0.83376
1291	YDL110C	0.83376
1292	YCR024C-A	0.8337
1293	YBR181C	0.8336
1294	YPL090C	0.8336
1295	YMR108W	0.83359
1296	YPR100W	0.83358
1297	YBR090C	0.83342
1298	YML080W	0.83341
1299	YOR155C	0.8334
1300	YER090W	0.83328
1301	YGL252C	0.8332
1302	YDR468C	0.8332
1303	YMR271C	0.83318
1304	YHR128W	0.83318
1305	YLR028C	0.83318
1306	YBR264C	0.83312
1307	YMR217W	0.83306
1308	YEL044W	0.83288
1309	YBR014C	0.83281
1310	YHR175W	0.83263
1311	YER143W	0.83261
1312	YBL022C	0.83253
1313	YJR064W	0.83248
1314	YNR048W	0.83247
1315	YOR273C	0.8324
1316	YGL234W	0.83236
1317	YLR418C	0.83234
1318	YPR121W	0.83229
1319	YPL175W	0.83219
1320	YKL031W	0.83216
1321	YER007C-A	0.83208
1322	YNL081C	0.83208
1323	YDR209C	0.83204
1324	YLR245C	0.83198
1325	YLR379W-A	0.83197
1326	YDR090C	0.83197
1327	YNL072W	0.83195
1328	YGR200C	0.83193
1329	YDR214W	0.83189
1330	YLR339C	0.83184
1331	YOL018C	0.8318
1332	YML021C	0.83174
1333	YOR108W	0.83172
1334	YJR123W	0.83171
1335	YOR077W	0.83171
1336	YMR272C	0.8316
1337	YGL076C	0.83152
1338	YGR244C	0.8313
1339	YDR533C	0.83118
1340	YHR042W	0.83112
1341	YOR131C	0.83107
1342	YGL047W	0.83104
1343	YGR092W	0.83104
1344	YEL040W	0.83102
1345	YMR310C	0.83101
1346	YOR217W	0.83096
1347	YKL127W	0.83096
1348	YNL259C	0.83092
1349	YHR190W	0.83091
1350	YML035C	0.83087
1351	YBL042C	0.83078
1352	YAL030W	0.83078
1353	YAL019W	0.83072
1354	YLR390W	0.83072
1355	YNL175C	0.83063
1356	YNL108C	0.83061
1357	YER065C	0.83059
1358	YFL060C	0.83059
1359	YPL028W	0.83055
1360	YOR101W	0.83055
1361	YHR168W	0.83043
1362	YER044C	0.83037
1363	YPR016C	0.83032
1364	YJL145W	0.83025
1365	YJL052C-A	0.83017
1366	YOR192C	0.83006
1367	YLL036C	0.82998
1368	YGL026C	0.82994
1369	YNR062C	0.8299
1370	YOL067C	0.82989
1371	YBR126W-B	0.82985
1372	YMR080C	0.82984
1373	YNL277W	0.82979
1374	YHR191C	0.82977
1375	YLR072W	0.82969
1376	YOR165W	0.82968
1377	YJL119C	0.82966
1378	YML022W	0.82964
1379	YLR145W	0.82959
1380	YFR035C	0.82951
1381	YPR059C	0.82944
1382	YIL155C	0.82937
1383	YAL025C	0.82936
1384	YDL046W	0.82934
1385	YCL011C	0.82923
1386	YBR236C	0.82923
1387	YNL149C	0.82915
1388	YJL208C	0.82914
1389	YOL103W	0.82913
1390	YIL169C	0.82912
1391	YNL203C	0.8291
1392	YOR126C	0.82909
1393	YDR541C	0.82904
1394	YOL065C	0.829
1395	YLR008C	0.82897
1396	YDR298C	0.82895
1397	YOR303W	0.82894
1398	YOR206W	0.82893
1399	YCR027C	0.82889
1400	YKR093W	0.82888
1401	YIL074C	0.82884
1402	YBR034C	0.82876
1403	YGL009C	0.82873
1404	YER015W	0.8286
1405	YOR380W	0.82859
1406	YBR011C	0.82856
1407	YGR181W	0.82848
1408	YKL046C	0.82839
1409	YGL100W	0.8283
1410	YHR012W	0.8282
1411	YIL126W	0.82818
1412	YDR164C	0.82815
1413	YPR004C	0.82811
1414	YDR448W	0.8281
1415	YFL017C	0.82807
1416	YCL073C	0.82807
1417	YLR280C	0.82806
1418	YLL025W	0.82799
1419	YOR099W	0.82789
1420	YDR378C	0.82786
1421	YML052W	0.8278
1422	YIL120W	0.82777
1423	YKR025W	0.82767
1424	YJL171C	0.82763
1425	YOR384W	0.82756
1426	YER029C	0.82754
1427	YNL202W	0.82748
1428	YOR163W	0.82748
1429	YGR095C	0.82748
1430	YDL011C	0.82747
1431	YBR020W	0.82745
1432	YDR264C	0.82733
1433	YKL097C	0.82733
1434	YPL046C	0.82733
1435	YGR224W	0.82729
1436	YFR050C	0.82723
1437	YBR177C	0.8272
1438	YER187W	0.82717
1439	YLR347W-A	0.82713
1440	YNR064C	0.82712
1441	YBR235W	0.82712
1442	YLR009W	0.82712
1443	YOR328W	0.8271
1444	YDR398W	0.8271
1445	YGL139W	0.82693
1446	YCL005W-A	0.82692
1447	YPL198W	0.82685
1448	YDL023C	0.82683
1449	YDL190C	0.82681
1450	YOR162C	0.82681
1451	YNL207W	0.82679
1452	YOR370C	0.82678
1453	YML087C	0.82671
1454	YDR534C	0.82658
1455	YPL170W	0.82657
1456	YPR056W	0.82651
1457	YJR160C	0.82642
1458	YIR002C	0.82639
1459	YPL091W	0.82633
1460	YBR015C	0.82632
1461	YLR037C	0.82622
1462	YLR196W	0.82619
1463	YOR102W	0.82615
1464	YPR153W	0.82615
1465	YIL075C	0.82612
1466	YPL002C	0.82609
1467	YDR483W	0.82603
1468	YNL334C	0.82586
1469	YDR062W	0.82586
1470	YDR471W	0.82581
1471	YBL072C	0.82576
1472	YER102W	0.82576
1473	YMR225C	0.82574
1474	YOR335C	0.82574
1475	YCR011C	0.82572
1476	YLR157C-C	0.82569
1477	YLR154C-H	0.82569
1478	YLR159C-A	0.82569
1479	YLR156C-A	0.82569
1480	YBR230W-A	0.82562
1481	YER039C-A	0.82555
1482	YDR399W	0.82548
1483	YKR106W	0.82548
1484	YLR222C	0.82547
1485	YKR013W	0.82547
1486	YDL201W	0.82546
1487	YIL162W	0.82545
1488	YOL093W	0.82541
1489	YEL056W	0.82541
1490	YNL246W	0.8254
1491	YDR294C	0.82536
1492	YKL084W	0.8253
1493	YOR250C	0.82528
1494	YBR243C	0.82527
1495	YML057C-A	0.82522
1496	YMR318C	0.82518
1497	YER003C	0.82517
1498	YPL086C	0.82516
1499	YLR251W	0.82515
1500	YEL003W	0.82515
1501	YNR057C	0.82502
1502	YKL030W	0.82501
1503	YHR117W	0.82495
1504	YHR010W	0.82491
1505	YML077W	0.82488
1506	YDR493W	0.82481
1507	YFL004W	0.8248
1508	YEL034C-A	0.82476
1509	YOR071C	0.82474
1510	YBL038W	0.82474
1511	YGR124W	0.82465
1512	YHR089C	0.82458
1513	YOR222W	0.82456
1514	YJR129C	0.82454
1515	YBR029C	0.82453
1516	YNR011C	0.82452
1517	YOR161W-A	0.82451
1518	YBR145W	0.82441
1519	YJL104W	0.82438
1520	YIR037W	0.82436
1521	YBR294W	0.82429
1522	YAL016W	0.82421
1523	YLR060W	0.8242
1524	YOR040W	0.82411
1525	YNL194C	0.82408
1526	YNL023C	0.8239
1527	YPL225W	0.82387
1528	YHR087W	0.82385
1529	YBL018C	0.8238
1530	YDR337W	0.82376
1531	YOR074C	0.82369
1532	YMR303C	0.82369
1533	YPR019W	0.82369
1534	YBL087C	0.82368
1535	YER117W	0.82368
1536	YIR034C	0.82363
1537	YOR172W	0.82362
1538	YLR399C	0.82361
1539	YAL056C-A	0.82357
1540	YEL064C	0.82354
1541	YDR232W	0.82351
1542	YGR086C	0.82346
1543	YJR095W	0.82342
1544	YCR075C	0.82341
1545	YLR150W	0.82337
1546	YNL243W	0.82336
1547	YNL331C	0.82336
1548	YOR128C	0.82336
1549	YAL021C	0.82312
1550	YBR052C	0.82312
1551	YGR271W	0.82297
1552	YLR175W	0.82295
1553	YAL016C-A	0.82294
1554	YBR021W	0.82289
1555	YBL082C	0.82289
1556	YIL016W	0.82287
1557	YML065W	0.82286
1558	YLR209C	0.82281
1559	YHR013C	0.82273
1560	YCR106W	0.8227
1561	YKR053C	0.82265
1562	YHR182C-A	0.82264
1563	YPR128C	0.82262
1564	YPR112C	0.8226
1565	YLR188W	0.82258
1566	YOL085C	0.82258
1567	YFR034W-A	0.82257
1568	YIL124W	0.82253
1569	YAL053W	0.82253
1570	YNL313C	0.82252
1571	YFL021C-A	0.8225
1572	YGR005C	0.82245
1573	YKL210W	0.82244
1574	YPR133C	0.82243
1575	YMR325W	0.82238
1576	YGL012W	0.82235
1577	YDL125C	0.82232
1578	YDR051C	0.82231
1579	YHL026C	0.8223
1580	YCL042W	0.82229
1581	YOR039W	0.82227
1582	YDL243C	0.82209
1583	YHR147C	0.82201
1584	YGR243W	0.822
1585	YPR094W	0.822
1586	YCR028C	0.82199
1587	YHR180C-B	0.82198
1588	YKR042W	0.82197
1589	YKR014C	0.82195
1590	YDR312W	0.82193
1591	YHL001W	0.82191
1592	YCL041C	0.82191
1593	YOR294W	0.82183
1594	YHR201C	0.8218
1595	YGR220C	0.82179
1596	YGL006W	0.82173
1597	YGR026W	0.82161
1598	YIR041W	0.82161
1599	YLR152C	0.82161
1600	YBR088C	0.8216
1601	YIL160C	0.82148
1602	YNR051C	0.82144
1603	YER162C	0.82144
1604	YMR008C	0.82139
1605	YKL065C	0.82132
1606	YMR123W	0.82129
1607	YJL177W	0.82125
1608	YFL015W-A	0.82124
1609	YKL027W	0.82122
1610	YAR019W-A	0.82119
1611	YOR239W	0.82114
1612	YML014W	0.82109
1613	YBR137W	0.82107
1614	YEL065W	0.82106
1615	YGR155W	0.82104
1616	YNL231C	0.82094
1617	YHR026W	0.82093
1618	YJR137C	0.82091
1619	YCL030C	0.82086
1620	YGL095C	0.82081
1621	YLR137W	0.8208
1622	YHR142W	0.82079
1623	YBR087W	0.82078
1624	YMR243C	0.82075
1625	YGL044C	0.82072
1626	YLR026C	0.82072
1627	YBR072W	0.82071
1628	YKL022C	0.82068
1629	YPR144C	0.82064
1630	YAR023C	0.8206
1631	YPL281C	0.82052
1632	YOR393W	0.82052
1633	YGR094W	0.82046
1634	YAL009W	0.82045
1635	YFR031C	0.82031
1636	YBR114W	0.82025
1637	Q0050	0.82024
1638	YOR213C	0.82012
1639	YMR196W	0.81998
1640	YAL004W	0.81997
1641	YLR287C	0.81996
1642	YMR224C	0.81994
1643	YGR103W	0.81991
1644	YDL004W	0.81988
1645	YDL052C	0.81987
1646	YER053C	0.81983
1647	YJR042W	0.81979
1648	YDR368W	0.81977
1649	YFR041C	0.81971
1650	YDR491C	0.8196
1651	YPR038W	0.8196
1652	YGR074W	0.81959
1653	YJR015W	0.81955
1654	YPL142C	0.8195
1655	YOL154W	0.81946
1656	YNL287W	0.81939
1657	YKL224C	0.81934
1658	YBR286W	0.81933
1659	YKL006W	0.81927
1660	YJL117W	0.81922
1661	YHR008C	0.81921
1662	YPL204W	0.81916
1663	YGR197C	0.81915
1664	YER082C	0.81912
1665	YER063W	0.8191
1666	YLR236C	0.8191
1667	YCR005C	0.81906
1668	YML131W	0.81904
1669	YER070W	0.819
1670	YKL180W	0.819
1671	YOL124C	0.81899
1672	YBR183W	0.81895
1673	YPL173W	0.81893
1674	YLL058W	0.81892
1675	YBL039C	0.81883
1676	YOL059W	0.81878
1677	YGL040C	0.81878
1678	YML072C	0.81856
1679	YGL119W	0.81856
1680	YBL007C	0.81849
1681	YGL208W	0.81849
1682	YHR129C	0.81845
1683	YGL240W	0.81838
1684	YGR087C	0.81838
1685	YJL158C	0.81838
1686	YLR007W	0.81833
1687	YMR009W	0.8183
1688	YKL148C	0.81828
1689	YBL105C	0.81823
1690	YGL019W	0.81823
1691	YGR031W	0.8182
1692	YDL103C	0.8182
1693	YEL035C	0.81818
1694	YGL205W	0.81814
1695	YKL069W	0.81813
1696	YBL041W	0.81804
1697	YDR055W	0.81797
1698	YFR038W	0.81796
1699	YDR280W	0.81794
1700	YLR100W	0.81792
1701	YPR190C	0.81792
1702	YOL073C	0.8179
1703	YCL023C	0.81782
1704	YKL001C	0.81778
1705	YBR037C	0.81778
1706	YDR461W	0.81778
1707	YPR159C-A	0.8177
1708	YMR323W	0.8177
1709	YNR070W	0.81761
1710	YPL122C	0.81755
1711	YER088C-A	0.81754
1712	YBR048W	0.81753
1713	YDR025W	0.81753
1714	YDR243C	0.81752
1715	YPL265W	0.81735
1716	YKR062W	0.81735
1717	YCR037C	0.81732
1718	YPR193C	0.81731
1719	YFR028C	0.8173
1720	YIL154C	0.81729
1721	YGR058W	0.81728
1722	YEL041W	0.81723
1723	YER164W	0.81719
1724	YIL068C	0.81718
1725	YCR028C-A	0.81712
1726	YOR210W	0.8171
1727	YCR050C	0.8171
1728	YMR105C	0.81705
1729	YHR071C-A	0.81702
1730	YLR181C	0.81698
1731	YKR084C	0.81695
1732	YLR324W	0.81693
1733	YDR374W-A	0.81692
1734	YGL165C	0.81691
1735	YPL111W	0.81691
1736	YHR052W	0.81691
1737	YPR111W	0.81684
1738	YHR088W	0.81664
1739	YOR202W	0.81656
1740	YDR098C	0.81653
1741	YBR043C	0.8165
1742	YGR088W	0.81649
1743	YHR047C	0.81639
1744	YGR187C	0.81637
1745	YBR092C	0.81637
1746	YCR104W	0.81636
1747	YNL123W	0.81635
1748	YER147C-A	0.81627
1749	YER018C	0.81623
1750	YMR242W-A	0.81622
1751	YDR322C-A	0.81621
1752	YOR387C	0.8162
1753	YOR164C	0.8162
1754	YPL274W	0.81619
1755	YDR334W	0.81617
1756	YPR178W	0.81617
1757	YMR306W	0.81611
1758	YJR132W	0.81605
1759	YGR107W	0.81595
1760	YCL037C	0.81594
1761	YOR223W	0.81594
1762	YHR179W	0.81593
1763	YJL087C	0.81591
1764	YMR241W	0.81591
1765	YNL001W	0.81588
1766	YKL085W	0.81584
1767	YDL040C	0.81584
1768	YHR044C	0.81579
1769	YER180C-A	0.81578
1770	YDL124W	0.81569
1771	YKL184W	0.81568
1772	YPL222C-A	0.81561
1773	YIL076W	0.8156
1774	YBR006W	0.81559
1775	YCR061W	0.81558
1776	YPL153C	0.81557
1777	YKR105C	0.81556
1778	YMR302C	0.81549
1779	YDR513W	0.81548
1780	YHR032W	0.81548
1781	YDL061C	0.81542
1782	YIL022W	0.81542
1783	YCL049C	0.8154
1784	YNR029C	0.81538
1785	YLR275W	0.81536
1786	YNL130C-A	0.81523
1787	YJR016C	0.8152
1788	YLR355C	0.8152
1789	YGL232W	0.81517
1790	YOR013W	0.81516
1791	YGL190C	0.81512
1792	YPR194C	0.81512
1793	YML126C	0.81505
1794	YLR041W	0.81495
1795	YER176W	0.81492
1796	YBR058C	0.81491
1797	YIL064W	0.81481
1798	YEL073C	0.81475
1799	YMR161W	0.81473
1800	YLR359W	0.8147
1801	YLR220W	0.81461
1802	YLR420W	0.81457
1803	YLR019W	0.81456
1804	YFR055W	0.81454
1805	YNR019W	0.81454
1806	YMR086C-A	0.81454
1807	YGR283C	0.81452
1808	YDR047W	0.81451
1809	YBL068W-A	0.81445
1810	YOL125W	0.81445
1811	YOR209C	0.81437
1812	YML106W	0.81436
1813	YFR030W	0.81434
1814	YKL170W	0.81434
1815	YNR065C	0.81429
1816	YOR011W	0.81427
1817	YDR542W	0.81424
1818	YKR024C	0.81418
1819	YNL275W	0.81415
1820	YFL020C	0.81411
1821	YMR145C	0.81408
1822	YJL216C	0.81407
1823	YPL239W	0.81404
1824	YJL064W	0.81396
1825	YJR141W	0.81396
1826	YLR388W	0.81394
1827	YML100W-A	0.8139
1828	YHR132C	0.8139
1829	YNL071W	0.81388
1830	YIL142W	0.81388
1831	YHR213W-B	0.81386
1832	YMR286W	0.81383
1833	YPR170C	0.8138
1834	YMR084W	0.8138
1835	YGR286C	0.81376
1836	YDR270W	0.81374
1837	YDR007W	0.81372
1838	YPL006W	0.81362
1839	YMR301C	0.8136
1840	YDL236W	0.81358
1841	YKL182W	0.81356
1842	YCL017C	0.81354
1843	YNR076W	0.81341
1844	YLL064C	0.81341
1845	YFR024C-A	0.8134
1846	YLR461W	0.81339
1847	YNL282W	0.81338
1848	YDR362C	0.81333
1849	YOL132W	0.81332
1850	YBR146W	0.81331
1851	YBR068C	0.81325
1852	YHR029C	0.81325
1853	YGR004W	0.81321
1854	YDL155W	0.81321
1855	YCR038W-A	0.81315
1856	YBR256C	0.81314
1857	YMR306C-A	0.81311
1858	YJR146W	0.81309
1859	YMR027W	0.81303
1860	YGR260W	0.81296
1861	YER069W	0.81282
1862	YDL118W	0.81281
1863	YGL037C	0.8128
1864	YLR121C	0.81272
1865	YLR412C-A	0.81271
1866	YAL029C	0.81267
1867	YKR079C	0.81263
1868	YGR172C	0.81261
1869	YGL166W	0.81261
1870	YDL210W	0.81261
1871	YPL079W	0.81258
1872	YJL068C	0.81257
1873	YEL033W	0.81247
1874	YOL072W	0.81245
1875	YOR006C	0.81239
1876	YKL156C-A	0.81233
1877	YJR113C	0.8123
1878	YIL020C	0.8123
1879	YMR040W	0.8123
1880	YIR023C-A	0.81229
1881	YOL040C	0.81224
1882	YNL237W	0.8122
1883	YMR020W	0.81218
1884	YCL026C-A	0.81214
1885	YOR034C-A	0.81209
1886	YBR191W	0.81208
1887	YPL208W	0.81208
1888	YOL041C	0.81206
1889	YDR237W	0.81205
1890	YHR043C	0.81201
1891	YOR072W-A	0.81193
1892	YHR181W	0.81188
1893	YIL156W-B	0.81183
1894	YJR155W	0.8118
1895	YNL305C	0.8118
1896	YJL175W	0.81178
1897	YER013W	0.81177
1898	YEL017C-A	0.81165
1899	YLR435W	0.81165
1900	YFL057C	0.81164
1901	YDL174C	0.81161
1902	YBR167C	0.8116
1903	YPR168W	0.81154
1904	YGR242W	0.81151
1905	YEL071W	0.8115
1906	YPR160W-A	0.8115
1907	YNR001C	0.8115
1908	YMR278W	0.81146
1909	YDR041W	0.81145
1910	YDR031W	0.81144
1911	YKL114C	0.8114
1912	YPL271W	0.8114
1913	YHR123W	0.81137
1914	YMR169C	0.81133
1915	YER087C-B	0.81131
1916	YNL322C	0.8113
1917	YAL068C	0.8113
1918	YGL261C	0.8113
1919	YBL108C-A	0.8113
1920	YMR324C	0.81128
1921	YOR236W	0.81127
1922	YBR141W-A	0.81127
1923	YNL059C	0.81127
1924	YEL053W-A	0.81125
1925	YPL171C	0.81124
1926	YLR172C	0.8111
1927	YNL153C	0.81105
1928	YLR261C	0.81103
1929	YDR170C	0.8109
1930	YFL042C	0.81087
1931	YFL008W	0.81087
1932	YNR016C	0.81087
1933	YPR133W-A	0.81085
1934	YPR129W	0.81075
1935	YLR214W	0.81073
1936	YDR510C-A	0.81068
1937	YGL242C	0.81068
1938	YLR401C	0.81067
1939	YLR250W	0.81064
1940	YPL024W	0.8106
1941	YIL066C	0.81053
1942	YFR044C	0.81052
1943	YNL160W	0.81051
1944	YFL052W	0.81051
1945	YMR120C	0.8105
1946	YOR063W	0.81048
1947	YDL060W	0.81047
1948	YIL142C-A	0.81047
1949	YLR022C	0.81044
1950	YHR108W	0.81035
1951	YDL202W	0.81031
1952	YAL012W	0.81028
1953	YKL008C	0.81027
1954	YHR033W	0.81018
1955	YPR011C	0.81017
1956	YIL116W	0.81015
1957	YKR088C	0.81015
1958	YBR223C	0.81014
1959	YJL222W-B	0.81012
1960	YIL175W	0.81012
1961	YJL081C	0.81009
1962	YPR025C	0.81009
1963	YKL098W	0.81005
1964	YCL069W	0.80999
1965	YML030W	0.80991
1966	YMR262W	0.80987
1967	YAL022C	0.80979
1968	YOR295W	0.8097
1969	YJR125C	0.8097
1970	YDL247W	0.80959
1971	YGL262W	0.80956
1972	YLR349W	0.80955
1973	YJL116C	0.80953
1974	YLL009C	0.80952
1975	YBR198C	0.80948
1976	YBR174C	0.80945
1977	YDL136W	0.80944
1978	YDL191W	0.80944
1979	YHR052C-B	0.80943
1980	YHR054C-B	0.80943
1981	YER100W	0.80943
1982	YHR062C	0.80942
1983	YHR208W	0.80938
1984	YLR304C	0.80935
1985	YEL050C	0.80935
1986	YLR154C-G	0.80931
1987	YER119C-A	0.8093
1988	YOR356W	0.80923
1989	YMR049C	0.80923
1990	YFR031C-A	0.80918
1991	YIL018W	0.80918
1992	YMR221C	0.80914
1993	YOR254C	0.80908
1994	YHL046C	0.80906
1995	YMR215W	0.80903
1996	YNL130C	0.80902
1997	YJL045W	0.809
1998	YBR254C	0.80891
1999	YCL074W	0.8089
2000	YIL100C-A	0.80885
2001	YDL096C	0.80882
2002	YBR221W-A	0.80881
2003	YLR021W	0.80875
2004	YDR482C	0.80872
2005	YKL172W	0.80865
2006	YBR084C-A	0.80859
2007	YBL027W	0.80859
2008	YLR296W	0.80859
2009	YNL067W-B	0.80857
2010	YJL128C	0.80839
2011	YLR410W	0.80832
2012	YGL074C	0.80813
2013	YJL143W	0.80811
2014	YDL079C	0.80808
2015	YEL045C	0.80807
2016	YBR073W	0.80803
2017	YDR537C	0.80802
2018	YGL235W	0.80801
2019	YBL011W	0.808
2020	YGR276C	0.80799
2021	YPL251W	0.80799
2022	YGR121W-A	0.80798
2023	YDR320W-B	0.80791
2024	YDL036C	0.80789
2025	YPR131C	0.80779
2026	YNL191W	0.80773
2027	YDR291W	0.80772
2028	YNL222W	0.80769
2029	YLL041C	0.80768
2030	YMR074C	0.80767
2031	YBR101C	0.80763
2032	YLR109W	0.80756
2033	YER156C	0.80751
2034	YKL075C	0.80747
2035	YML009C	0.8074
2036	YMR194W	0.80735
2037	YGR061C	0.80734
2038	YLR212C	0.80734
2039	YHL002W	0.80733
2040	YMR251W	0.80732
2041	YJL028W	0.80732
2042	YPL264C	0.80726
2043	YKL153W	0.80718
2044	YLL052C	0.80711
2045	YLR235C	0.80709
2046	YOL112W	0.80704
2047	YPL132W	0.80699
2048	YML054C	0.80698
2049	YGR083C	0.80692
2050	YBR162C	0.80688
2051	YDR145W	0.80684
2052	YJL184W	0.80684
2053	YAL044C	0.80679
2054	YBR001C	0.8067
2055	YMR178W	0.80666
2056	YPL249C-A	0.80661
2057	YNL137C	0.80654
2058	YJL077W-A	0.80652
2059	YMR238W	0.80647
2060	YGR176W	0.80647
2061	YPR081C	0.8064
2062	YAL064C-A	0.8064
2063	YIL145C	0.80637
2064	YJR055W	0.80636
2065	YLL029W	0.80634
2066	YGR186W	0.80633
2067	YER094C	0.80627
2068	YMR265C	0.80618
2069	YCL018W	0.80614
2070	YKR009C	0.80612
2071	YBR103W	0.80609
2072	YOR285W	0.80608
2073	YIL058W	0.806
2074	YMR295C	0.80598
2075	YBR251W	0.80594
2076	YOR318C	0.80591
2077	YHR032C-A	0.80588
2078	YJR148W	0.80584
2079	YDL093W	0.8057
2080	YER153C	0.80566
2081	YMR272W-A	0.80561
2082	YGL186C	0.8056
2083	YKL058W	0.80559
2084	YLR372W	0.8055
2085	YFL001W	0.80547
2086	YIL118W	0.80547
2087	YBR008C	0.80546
2088	YLR412W	0.80545
2089	YIL176C	0.80544
2090	YJL223C	0.80544
2091	YOL161C	0.80535
2092	YIL057C	0.80531
2093	YAR066W	0.80528
2094	YHR214W	0.80528
2095	YGL010W	0.80526
2096	YGR263C	0.80525
2097	YAL037C-B	0.80524
2098	YDR464C-A	0.80524
2099	YNL163C	0.80519
2100	YPR107C	0.80516
2101	YLR122C	0.80514
2102	YDR408C	0.80513
2103	YDR417C	0.80504
2104	YPR127W	0.80496
2105	YAR064W	0.80495
2106	YHR144C	0.80493
2107	YJL134W	0.80493
2108	YMR058W	0.80491
2109	YBL040C	0.80488
2110	YML105C	0.80487
2111	YPR176C	0.80481
2112	YPL262W	0.80474
2113	YGR294W	0.80471
2114	YOL137W	0.80469
2115	YHR213W-A	0.80465
2116	YIL048W	0.80463
2117	YMR244C-A	0.80459
2118	YEL042W	0.80459
2119	YKL119C	0.80454
2120	YDR436W	0.80446
2121	YDR236C	0.80444
2122	YOL019W-A	0.80442
2123	YNL248C	0.80442
2124	YOR345C	0.80441
2125	YLR369W	0.80425
2126	YAL018C	0.80422
2127	YKL154W	0.80415
2128	YNL086W	0.80415
2129	YLR262C	0.80411
2130	YGL024W	0.80398
2131	YNL247W	0.80397
2132	YFL034W	0.80397
2133	YMR006C	0.80392
2134	YGL111W	0.80388
2135	YOL046C	0.80388
2136	YJR032W	0.80388
2137	YDR013W	0.80382
2138	YJR096W	0.80376
2139	YKL161C	0.80373
2140	YGL181W	0.80373
2141	YML116W	0.80372
2142	YNL099C	0.8037
2143	YER067W	0.80368
2144	YLR243W	0.80366
2145	YLR146C	0.80366
2146	YKR047W	0.80365
2147	YML122C	0.80362
2148	YPR093C	0.80361
2149	YER134C	0.80361
2150	YJL011C	0.80352
2151	YLR344W	0.80351
2152	YNL223W	0.80346
2153	YDR079C-A	0.80344
2154	YLR108C	0.80342
2155	YBR301W	0.80339
2156	YKR050W	0.80338
2157	YOR142W	0.80332
2158	YHR121W	0.80326
2159	YER001W	0.80326
2160	YCR017C	0.80322
2161	R0020C	0.80315
2162	YBR227C	0.80313
2163	YLR046C	0.80311
2164	YKL107W	0.80297
2165	YIL014W	0.80297
2166	YAR003W	0.80293
2167	YDL217C	0.80287
2168	YDR336W	0.80273
2169	YJL160C	0.80269
2170	YHR031C	0.80248
2171	YBL017C	0.8024
2172	YNL110C	0.80239
2173	YOR110W	0.8023
2174	YFL015C	0.80226
2175	YGR195W	0.80225
2176	YIL164C	0.80222
2177	YGL258W	0.80216
2178	YKL037W	0.80213
2179	YCR102C	0.80207
2180	YNL301C	0.80207
2181	YOL120C	0.80207
2182	YMR085W	0.80206
2183	YIL010W	0.80201
2184	YNL028W	0.80197
2185	YHR161C	0.80197
2186	YLL039C	0.80196
2187	YBL001C	0.80195
2188	YLL055W	0.80193
2189	YJL078C	0.8018
2190	YPR180W	0.8018
2191	YGR009C	0.80179
2192	YGR034W	0.80161
2193	YOR382W	0.80161
2194	YLR328W	0.80158
2195	YLR189C	0.80155
2196	YDL150W	0.80155
2197	YIL138C	0.80154
2198	YLR377C	0.80147
2199	YCR002C	0.80143
2200	YIL108W	0.80142
2201	YBR291C	0.8014
2202	YNR052C	0.8014
2203	YIL161W	0.80132
2204	YJL127W-A	0.80126
2205	YGR078C	0.80125
2206	YNL284C	0.80121
2207	YOR065W	0.80117
2208	YLR262C-A	0.80112
2209	YMR218C	0.80106
2210	YNL200C	0.80105
2211	YKR095W-A	0.801
2212	YGL115W	0.80098
2213	YGL068W	0.80091
2214	YDR154C	0.8009
2215	YHR187W	0.80085
2216	YDR433W	0.80084
2217	YML025C	0.80081
2218	YJR034W	0.80078
2219	YGR159C	0.80078
2220	YBR085C-A	0.80077
2221	YBR046C	0.80071
2222	YLL022C	0.80067
2223	YMR138W	0.80066
2224	YGR162W	0.80065
2225	YPR161C	0.8006
2226	YKR067W	0.80057
2227	YEL047C	0.80056
2228	YKR048C	0.80055
2229	YMR158W	0.80046
2230	YDR083W	0.80038
2231	YBL108W	0.80031
2232	YCL054W	0.8003
2233	YOR139C	0.8003
2234	YMR128W	0.80019
2235	YLR241W	0.80013
2236	YPL062W	0.8001
2237	YNL066W	0.80005
2238	YDL226C	0.79987
2239	YEL049W	0.79984
2240	YBR220C	0.7998
2241	YJL222W	0.79975
2242	YIL041W	0.79971
2243	YDR204W	0.7997
2244	YLR004C	0.79969
2245	YGR012W	0.79967
2246	YIR019C	0.79965
2247	YDR127W	0.79963
2248	YPR125W	0.7996
2249	YJR116W	0.79956
2250	YHL030W-A	0.79954
2251	YHL015W-A	0.79952
2252	YPL059W	0.79952
2253	YOR016C	0.79951
2254	YOR120W	0.79949
2255	YDL159C-B	0.79949
2256	YLR382C	0.79943
2257	YJL082W	0.79939
2258	YGR148C	0.79937
2259	YNL173C	0.79935
2260	YOR277C	0.79933
2261	YAL055W	0.79931
2262	YKL095W	0.79926
2263	YGL103W	0.79922
2264	YJL195C	0.79899
2265	YOR290C	0.79899
2266	YLL061W	0.79898
2267	YJL152W	0.79896
2268	YMR244W	0.79896
2269	YNL328C	0.79896
2270	YGR073C	0.79894
2271	YLR062C	0.79891
2272	YDR060W	0.7989
2273	YCR008W	0.79889
2274	YCR090C	0.79885
2275	YDR161W	0.79883
2276	YIL035C	0.79881
2277	YLL011W	0.79877
2278	YDR530C	0.79875
2279	YGR271C-A	0.79872
2280	YIL173W	0.7987
2281	YLR162W	0.79866
2282	YDL080C	0.7986
2283	YBR002C	0.79848
2284	YMR193W	0.79846
2285	YDL141W	0.79845
2286	YIL054W	0.79844
2287	YMR250W	0.79843
2288	YNL037C	0.79843
2289	YDR118W-A	0.79832
2290	YEL052W	0.79832
2291	YOR056C	0.7983
2292	YMR290W-A	0.79823
2293	YLR413W	0.79819
2294	YDL143W	0.79805
2295	YNL021W	0.79798
2296	YOR079C	0.79795
2297	YKL102C	0.79793
2298	YLR351C	0.79791
2299	YLR438W	0.7979
2300	YMR296C	0.79781
2301	YDL163W	0.79777
2302	YPR054W	0.79774
2303	YDR308C	0.79769
2304	YJR050W	0.79759
2305	YEL008W	0.79758
2306	YDR324C	0.79758
2307	YOL114C	0.79751
2308	YMR229C	0.79744
2309	YPR098C	0.79742
2310	YOR246C	0.79739
2311	YMR213W	0.79739
2312	YOR198C	0.79729
2313	YOL027C	0.79728
2314	YDL034W	0.79725
2315	YEL060C	0.79717
2316	YIL028W	0.79717
2317	YHR072W-A	0.79716
2318	YIL123W	0.79716
2319	YPL222W	0.79713
2320	YLR027C	0.7971
2321	YER172C	0.79708
2322	YER175C	0.79704
2323	YGL101W	0.7969
2324	YNR013C	0.79687
2325	YIL047C	0.79685
2326	YJL142C	0.79684
2327	YOR271C	0.79676
2328	YMR309C	0.79675
2329	YMR304W	0.79669
2330	YDR009W	0.79667
2331	YGL080W	0.79667
2332	YLR003C	0.79666
2333	YLL034C	0.79665
2334	YBR151W	0.79662
2335	YBR196C-B	0.79658
2336	YKL144C	0.79655
2337	YOR292C	0.79651
2338	YMR149W	0.7965
2339	YMR182W-A	0.7965
2340	YIL052C	0.79646
2341	YLR426W	0.79643
2342	YMR099C	0.79641
2343	YDR175C	0.7964
2344	YDL086C-A	0.79638
2345	YOR021C	0.79637
2346	YAL067C	0.79627
2347	YPR186C	0.79625
2348	YOL002C	0.79625
2349	YJR024C	0.7962
2350	YJL220W	0.79619
2351	YIL171W-A	0.79619
2352	YDL082W	0.79617
2353	YLR017W	0.79616
2354	YFL041W	0.79616
2355	YMR112C	0.79606
2356	YMR142C	0.79596
2357	YML081C-A	0.79595
2358	YER027C	0.79593
2359	YML048W	0.79589
2360	YER056C-A	0.79588
2361	YIL091C	0.79586
2362	YGL031C	0.79586
2363	YLR421C	0.79585
2364	YMR220W	0.79583
2365	YDL200C	0.79579
2366	YPR187W	0.79562
2367	YIL125W	0.79554
2368	YJR133W	0.79554
2369	YGL004C	0.79544
2370	YOR203W	0.79542
2371	YOR095C	0.79541
2372	YGL050W	0.79539
2373	YDL053C	0.79527
2374	YPR092W	0.79525
2375	YCR020C	0.7952
2376	YJL085W	0.795
2377	YGR028W	0.79488
2378	YDR191W	0.79471
2379	YPR076W	0.79464
2380	YBR053C	0.79455
2381	YJR088C	0.79452
2382	YHR074W	0.7945
2383	YIL004C	0.79449
2384	YHR192W	0.79448
2385	YIL099W	0.79446
2386	YBR035C	0.79444
2387	YKL187C	0.79441
2388	YCR105W	0.7944
2389	YDR514C	0.79435
2390	YOR391C	0.79434
2391	YCR101C	0.79434
2392	YPR014C	0.79431
2393	YKL051W	0.79425
2394	YOL009C	0.79411
2395	YOR184W	0.79408
2396	YAR075W	0.79407
2397	YNL043C	0.79403
2398	YPR147C	0.79395
2399	YKR017C	0.79395
2400	YMR245W	0.79392
2401	YCR045W-A	0.79391
2402	YBR287W	0.79388
2403	YPL136W	0.7938
2404	YLR215C	0.79375
2405	YGR269W	0.79375
2406	YGL224C	0.79367
2407	YOL165C	0.79363
2408	YNL212W	0.79361
2409	YOL130W	0.7936
2410	YFL044C	0.79358
2411	YLL043W	0.79357
2412	YLR437C-A	0.79355
2413	YKR056W	0.79355
2414	YBR121C-A	0.79347
2415	YNL181W	0.79344
2416	YHR025W	0.79342
2417	YDL193W	0.79339
2418	YOL090W	0.79338
2419	YGL148W	0.79336
2420	YLR149C-A	0.79329
2421	YAR050W	0.79327
2422	YDR111C	0.79314
2423	YGR054W	0.7931
2424	YGL260W	0.79309
2425	YJR094W-A	0.79308
2426	YPR043W	0.79308
2427	YLR140W	0.79307
2428	YMR170C	0.79304
2429	YNL147W	0.79303
2430	YDR358W	0.79298
2431	YGR145W	0.79295
2432	YMR227C	0.79294
2433	YDL187C	0.79289
2434	YDL120W	0.79283
2435	YPR003C	0.79278
2436	YDL041W	0.79273
2437	YMR277W	0.79272
2438	YBR247C	0.7927
2439	YOR357C	0.79266
2440	YPL183C	0.79266
2441	YFR012W-A	0.79265
2442	YLR460C	0.7926
2443	YPL210C	0.7926
2444	YDL008W	0.79255
2445	YBR084W	0.79252
2446	YHR116W	0.79243
2447	YDR117C	0.79234
2448	YPL179W	0.79231
2449	YER152W-A	0.7923
2450	YBR237W	0.79229
2451	YGL051W	0.79225
2452	YGL029W	0.79223
2453	YLR185W	0.79221
2454	YER168C	0.79215
2455	YBL058W	0.79209
2456	YOR050C	0.79204
2457	YLR154C	0.79198
2458	YHL045W	0.79196
2459	YER016W	0.7919
2460	YOR296W	0.79188
2461	YBR149W	0.79186
2462	YMR119W-A	0.79184
2463	YOR109W	0.7918
2464	YPR137W	0.79177
2465	YMR239C	0.79173
2466	YMR188C	0.79171
2467	YNL102W	0.79168
2468	YAR035C-A	0.79167
2469	YPR053C	0.79167
2470	YLR117C	0.79164
2471	YFR021W	0.79162
2472	YIR020W-A	0.79158
2473	YNL107W	0.79156
2474	YGR287C	0.79149
2475	YFL054C	0.79127
2476	YBR201W	0.79121
2477	YML086C	0.79121
2478	YLR012C	0.79119
2479	YMR139W	0.79116
2480	YBR231C	0.79114
2481	YDL071C	0.79107
2482	Q0105	0.79106
2483	YKL167C	0.79105
2484	YEL019C	0.79084
2485	YMR101C	0.79082
2486	YPR032W	0.79078
2487	YNL292W	0.79077
2488	YMR022W	0.7907
2489	YOL099C	0.79061
2490	YNL161W	0.79046
2491	YKL189W	0.79044
2492	YFR052C-A	0.79042
2493	YDR274C	0.79038
2494	YPR120C	0.79035
2495	YLR076C	0.79035
2496	YJR149W	0.79034
2497	YOR331C	0.79034
2498	YNL016W	0.79033
2499	YNL263C	0.79031
2500	YKL120W	0.79019
2501	YJL053W	0.79011
2502	YHR127W	0.7901
2503	YAR042W	0.79002
2504	YIL059C	0.78996
2505	YJR151C	0.78991
2506	YIL030C	0.78982
2507	YOL157C	0.78982
2508	YOR351C	0.78981
2509	YDL160C-A	0.78978
2510	YHR001W	0.78967
2511	YHL036W	0.78964
2512	YBL106C	0.78962
2513	YOR200W	0.78956
2514	YOR280C	0.78946
2515	YER034W	0.7894
2516	YDR019C	0.78932
2517	YBR244W	0.78931
2518	YDL233W	0.7893
2519	YPL233W	0.78927
2520	YCL026C-B	0.78922
2521	YAL058W	0.7892
2522	YDR459C	0.78911
2523	YPL108W	0.7891
2524	YEL059W	0.78906
2525	YOL050C	0.78906
2526	YHR070C-A	0.78904
2527	YGR169C-A	0.789
2528	YHR090C	0.78899
2529	YBR017C	0.78895
2530	YGL033W	0.78894
2531	YIL021C-A	0.78882
2532	YCR107W	0.78877
2533	YML064C	0.7887
2534	YMR167W	0.78869
2535	YPR200C	0.78868
2536	YCL046W	0.78868
2537	YNR027W	0.78856
2538	YOL145C	0.78854
2539	YOL150C	0.78854
2540	YOR008W-B	0.78851
2541	YLR374C	0.78846
2542	YGR295C	0.78844
2543	YIL172C	0.78844
2544	YJL221C	0.78844
2545	YHR173C	0.78844
2546	YDL068W	0.78839
2547	YLR301W	0.78836
2548	YGL049C	0.78836
2549	YER136W	0.78836
2550	YPR132W	0.78835
2551	YGR118W	0.78835
2552	YDR114C	0.78834
2553	YIL128W	0.78832
2554	YPR191W	0.78831
2555	YDR442W	0.7883
2556	YOL140W	0.78822
2557	YKL003C	0.78821
2558	YIL134C-A	0.7881
2559	YLR343W	0.78805
2560	YBL056W	0.78802
2561	YKL103C	0.78796
2562	YBL044W	0.78793
2563	YDR352W	0.78791
2564	YGL191W	0.7879
2565	YIL032C	0.78788
2566	YOR262W	0.78783
2567	YKL214C	0.78773
2568	YOR049C	0.78765
2569	YPL215W	0.78763
2570	YBR199W	0.78745
2571	YLR112W	0.78742
2572	YOR325W	0.78738
2573	YHR162W	0.78733
2574	YDR169C-A	0.78725
2575	YAL034W-A	0.78723
2576	YDL085W	0.78723
2577	YHR098C	0.78721
2578	YGL154C	0.78716
2579	YFL050C	0.78715
2580	YJR103W	0.78713
2581	YDR525W	0.7871
2582	YDR305C	0.78708
2583	YDL086W	0.78706
2584	YKL126W	0.78697
2585	YAL059W	0.78693
2586	YMR272W-B	0.78693
2587	YBR093C	0.78692
2588	YBR208C	0.78687
2589	YCR023C	0.78682
2590	YPL113C	0.78676
2591	YMR162C	0.78673
2592	YKL223W	0.78672
2593	YJL178C	0.7867
2594	YOR072W	0.78668
2595	YLR286C	0.78667
2596	YIL088C	0.78663
2597	YDL109C	0.78662
2598	YJR117W	0.78654
2599	YDR467C	0.78652
2600	YGL161C	0.78652
2601	YDR452W	0.78646
2602	YDR438W	0.78641
2603	YGL053W	0.7864
2604	YNL140C	0.78638
2605	YGR277C	0.78637
2606	YDR444W	0.78631
2607	YJR046W	0.7863
2608	YHR046C	0.78627
2609	YPL080C	0.78626
2610	YCR041W	0.78626
2611	YGL055W	0.78626
2612	YDL241W	0.78623
2613	YKR051W	0.78622
2614	YAR033W	0.78621
2615	YBR109W-A	0.78616
2616	YDR500C	0.78607
2617	YLL019W-A	0.78606
2618	YDL171C	0.78604
2619	YOR374W	0.78604
2620	YBR134W	0.78599
2621	YFR005C	0.78598
2622	YIL153W	0.78598
2623	YBR069C	0.78598
2624	YNL065W	0.7859
2625	YLR383W	0.78589
2626	YER042W	0.78584
2627	YNL280C	0.7858
2628	YER014W	0.78577
2629	YLR203C	0.78575
2630	YCR084C	0.78562
2631	YBR003W	0.78558
2632	YMR105W-A	0.78552
2633	YPL280W	0.78543
2634	YDR233C	0.78542
2635	YKL197C	0.7854
2636	YNL329C	0.78539
2637	YPL238C	0.78535
2638	YCL048W-A	0.78529
2639	YOL047C	0.78528
2640	YLR178C	0.78526
2641	YNL131W	0.78521
2642	YNR015W	0.78513
2643	YJR071W	0.78511
2644	YBR139W	0.785
2645	YPL138C	0.78499
2646	YNL088W	0.78498
2647	YOR314W-A	0.78495
2648	YHR207C	0.78492
2649	YHR111W	0.78487
2650	YMR173W-A	0.78485
2651	YHL019C	0.78483
2652	YPL157W	0.78479
2653	YKL147C	0.78474
2654	YPL050C	0.78471
2655	YJL155C	0.78469
2656	YCR063W	0.78466
2657	YDL078C	0.78463
2658	YGR189C	0.78461
2659	YCL045C	0.78461
2660	YJL192C	0.78451
2661	YAR028W	0.78451
2662	YCR053W	0.78449
2663	YER131W	0.78447
2664	YBR288C	0.78441
2665	YNL192W	0.78439
2666	YLR272C	0.78432
2667	YCR088W	0.78429
2668	YIL063C	0.78428
2669	YMR042W	0.78426
2670	YOR068C	0.78416
2671	YDR211W	0.78411
2672	YNL002C	0.78411
2673	YMR001C	0.78406
2674	YML129C	0.78402
2675	YER048W-A	0.78398
2676	YLR086W	0.78398
2677	YDR355C	0.78398
2678	YER157W	0.78395
2679	YGR288W	0.78393
2680	YGL129C	0.78391
2681	YOL148C	0.78391
2682	YDR250C	0.7839
2683	YKL179C	0.78374
2684	YNL155W	0.78374
2685	YOR335W-A	0.78374
2686	YMR122C	0.7837
2687	YIR040C	0.78369
2688	YDR539W	0.78369
2689	YOL077W-A	0.78365
2690	YGR183C	0.78365
2691	YLR399W-A	0.78364
2692	YER116C	0.78361
2693	YJR040W	0.78361
2694	YER126C	0.78361
2695	YJR128W	0.7836
2696	YPL001W	0.78358
2697	YBL062W	0.78346
2698	YGL189C	0.78345
2699	YLR002C	0.78341
2700	YIR030W-A	0.78335
2701	YAL063C	0.78334
2702	YCL057C-A	0.78333
2703	YFR006W	0.78332
2704	YNR037C	0.78331
2705	YKL066W	0.78327
2706	YDR053W	0.78326
2707	YDR498C	0.78325
2708	YGL246C	0.78324
2709	YDR364C	0.78324
2710	YOL034W	0.78319
2711	YGL238W	0.78315
2712	YGL063C-A	0.7831
2713	YFL034C-B	0.78307
2714	YLR287C-A	0.78304
2715	YOR182C	0.78304
2716	YCR086W	0.78302
2717	YGL143C	0.78297
2718	YDR183W	0.78296
2719	YER076C	0.78294
2720	YIR036W-A	0.78286
2721	YOR183W	0.78281
2722	YML066C	0.7828
2723	YML084W	0.78277
2724	YER058W	0.78276
2725	YER152C	0.78273
2726	YJL003W	0.78255
2727	YIR044C	0.78255
2728	YLR451W	0.78249
2729	YDR402C	0.78248
2730	YLR013W	0.78245
2731	YLR205C	0.78244
2732	YEL008C-A	0.78241
2733	YJL010C	0.78234
2734	YGL089C	0.7823
2735	YDR107C	0.78225
2736	YHR022C-A	0.78213
2737	YMR083W	0.78211
2738	YKL087C	0.7821
2739	YMR201C	0.78199
2740	YBR132C	0.78193
2741	YDR269C	0.78185
2742	YDR263C	0.78185
2743	YJR010W	0.78184
2744	YGR141W	0.78175
2745	YCR007C	0.78171
2746	YOR301W	0.78169
2747	YIL102C	0.78169
2748	YCL058W-A	0.78168
2749	YNR017W	0.7816
2750	YDR178W	0.78157
2751	YCR081C-A	0.7815
2752	YLR083C	0.78144
2753	YML094C-A	0.78143
2754	YKL193C	0.78136
2755	YJR005W	0.78134
2756	YOR073W-A	0.78133
2757	YMR322C	0.78129
2758	YFL051C	0.78117
2759	YDR478W	0.78116
2760	YNL146C-A	0.78116
2761	YMR012W	0.78114
2762	YEL002C	0.78111
2763	YPL184C	0.78105
2764	YJL042W	0.78105
2765	YPR058W	0.78101
2766	YOR232W	0.78097
2767	YFL046W	0.78093
2768	YFL031C-A	0.7809
2769	YHR215W	0.78089
2770	YGL204C	0.78086
2771	YML070W	0.78079
2772	YLR286W-A	0.78075
2773	YMR127C	0.78075
2774	YPR140W	0.78073
2775	YNL260C	0.7807
2776	YMR131C	0.78069
2777	YHR104W	0.78068
2778	YBR062C	0.78067
2779	YDR296W	0.78066
2780	YOL092W	0.78064
2781	Q0297	0.78063
2782	YBR214W	0.78063
2783	YAR018C	0.78058
2784	YOR181W	0.78053
2785	YBR070C	0.78053
2786	YGR093W	0.78052
2787	YCR049C	0.78045
2788	YNL056W	0.78039
2789	YDR354C-A	0.78035
2790	YOR343C	0.78026
2791	YPR195C	0.78019
2792	YOL153C	0.78006
2793	YNR041C	0.78002
2794	YKR102W	0.78001
2795	YLR443W	0.78
2796	YGL244W	0.77999
2797	YNL106C	0.77999
2798	YAR071W	0.77984
2799	YLL063C	0.77983
2800	YAL001C	0.77983
2801	YGL003C	0.77978
2802	YLR419W	0.77972
2803	YIL051C	0.77955
2804	YDL090C	0.77945
2805	YDR110W	0.77944
2806	YDR140W	0.77943
2807	YKR001C	0.77942
2808	YER030W	0.7794
2809	YPR130C	0.77933
2810	YPL236C	0.77929
2811	YMR152W	0.77929
2812	YOR175C	0.77926
2813	YNR038W	0.77925
2814	YGR066C	0.77925
2815	YPL214C	0.77914
2816	YGR190C	0.77905
2817	YPL025C	0.77903
2818	YNL022C	0.77901
2819	YJL005W	0.77898
2820	YLR319C	0.77897
2821	YLR345W	0.77895
2822	YDL165W	0.77892
2823	YJR078W	0.77889
2824	YGL140C	0.77888
2825	YOR241W	0.77888
2826	YOR010C	0.77888
2827	YCL001W-B	0.77887
2828	YJL199C	0.77883
2829	YHL004W	0.77883
2830	YNL252C	0.77882
2831	YNL269W	0.7788
2832	YML011C	0.77876
2833	YDL026W	0.77866
2834	YKR076W	0.77866
2835	YGR080W	0.77865
2836	YAR020C	0.77863
2837	YDL032W	0.77861
2838	YGR270C-A	0.77859
2839	YJR131W	0.77859
2840	YJL172W	0.77848
2841	YIR021W	0.77847
2842	YBR207W	0.77846
2843	YNR008W	0.77841
2844	YHR095W	0.77838
2845	YDR187C	0.77837
2846	YGL258W-A	0.77836
2847	YHR165W-A	0.77816
2848	YGR051C	0.77813
2849	YBR200W-A	0.77812
2850	YOR201C	0.77811
2851	YFR001W	0.77809
2852	YKL077W	0.77805
2853	YGL077C	0.778
2854	YJR150C	0.778
2855	YEL053C	0.77799
2856	YMR261C	0.77797
2857	YIL046W-A	0.77794
2858	YOL038C-A	0.77792
2859	YOR059C	0.7779
2860	YDL213W-A	0.7779
2861	YIR017C	0.77789
2862	YJL072C	0.77778
2863	YBR268W	0.77776
2864	YBL064C	0.77774
2865	YAR031W	0.77773
2866	YGR024C	0.77762
2867	YGR139W	0.7776
2868	YKL151C	0.77757
2869	YDR194C	0.7775
2870	YDL138W	0.77742
2871	YPL100W	0.77739
2872	YKR003W	0.77737
2873	YHR199C	0.77735
2874	YDL030W	0.77724
2875	YHR176W	0.77723
2876	YNL129W	0.77723
2877	YGR199W	0.77716
2878	YNL190W	0.77715
2879	YJL168C	0.77713
2880	YHL049C	0.77706
2881	YDR171W	0.77705
2882	YNL216W	0.77701
2883	YHR194W	0.777
2884	YLR070C	0.77693
2885	YAL045C	0.77692
2886	YDL010W	0.77691
2887	YCR045C	0.77687
2888	YKR049C	0.77685
2889	YKL007W	0.7768
2890	YDL156W	0.7768
2891	YFL030W	0.77679
2892	YBR116C	0.77657
2893	YDL148C	0.77656
2894	YDL221W	0.77655
2895	YKR060W	0.77654
2896	YIL007C	0.77653
2897	YIL011W	0.77651
2898	YCL050C	0.77643
2899	YDL022C-A	0.7764
2900	YIL013C	0.77639
2901	YBR055C	0.77638
2902	YLR050C	0.77637
2903	YPR023C	0.77637
2904	YIL034C	0.77631
2905	YGL082W	0.7763
2906	YOR082C	0.77629
2907	YOL037C	0.77628
2908	YEL075C	0.77623
2909	YIR043C	0.77623
2910	YGR262C	0.77619
2911	YIL157C	0.77618
2912	YDR320C-A	0.77618
2913	YOL135C	0.77615
2914	YHR211W	0.7761
2915	YIL171W	0.77609
2916	YDL019C	0.77609
2917	YDR163W	0.77607
2918	YOL011W	0.77605
2919	YER080W	0.77595
2920	YLR118C	0.77594
2921	YBR067C	0.77594
2922	YDR512C	0.77592
2923	YJR120W	0.77589
2924	YOR136W	0.77585
2925	YMR031W-A	0.77573
2926	YLR210W	0.77558
2927	YFR032C-A	0.77556
2928	YMR007W	0.77555
2929	YOR379C	0.77537
2930	YOL052C	0.77537
2931	YEL020C	0.77535
2932	YCR073C	0.77534
2933	YPL249C	0.77533
2934	YHR037W	0.77533
2935	YJR118C	0.77526
2936	YOL061W	0.77524
2937	YNL308C	0.77523
2938	YKL004W	0.77522
2939	YOR389W	0.77518
2940	YOR316C-A	0.77509
2941	YIR018C-A	0.77497
2942	YLR068W	0.77496
2943	YNR040W	0.77495
2944	YCR030C	0.77492
2945	YDR286C	0.77488
2946	YBR105C	0.77487
2947	YJL074C	0.77487
2948	YKR070W	0.77487
2949	YGL241W	0.77484
2950	YGR177C	0.77481
2951	YKL096W-A	0.77479
2952	YJL125C	0.77479
2953	YLR090W	0.77476
2954	YML038C	0.77475
2955	YLR246W	0.77474
2956	YHR112C	0.7747
2957	YBR111C	0.77468
2958	YHR114W	0.77465
2959	YNL144W-A	0.77463
2960	YDR010C	0.77459
2961	YNL229C	0.77454
2962	YGR201C	0.77453
2963	YHR180W	0.77452
2964	YMR076C	0.77447
2965	YOR022C	0.77442
2966	YHR049W	0.7744
2967	YOR306C	0.77433
2968	YKL091C	0.77428
2969	YER188W	0.77421
2970	YCR085W	0.7742
2971	YHR164C	0.77419
2972	YDR061W	0.77418
2973	YKL100W-A	0.77417
2974	YDR265W	0.77416
2975	YLR335W	0.77415
2976	YGL144C	0.77405
2977	YLR386W	0.77405
2978	YGR050C	0.77404
2979	YER165C-A	0.77401
2980	YGL173C	0.77401
2981	YCR064C	0.774
2982	YMR113W	0.77399
2983	YNL097W-A	0.77398
2984	YDR344C	0.77398
2985	YJL203W	0.77396
2986	YDL085C-A	0.77382
2987	YCR024C-B	0.77382
2988	YLL015W	0.77379
2989	YDR067C	0.77378
2990	YHR051W	0.77375
2991	YHR202W	0.77368
2992	YDR331W	0.77362
2993	YKL100C	0.77361
2994	YJR018W	0.77359
2995	YLR331C	0.77346
2996	YOR229W	0.77345
2997	YCL075W	0.77343
2998	YEL029C	0.77334
2999	YPR063C	0.7733
3000	YER182W	0.77326
3001	YIL033C	0.77321
3002	YEL055C	0.77316
3003	YOR218C	0.77316
3004	YJR039W	0.77311
3005	YGR265W	0.77305
3006	YNL162W	0.77304
3007	YHR141C	0.77304
3008	YPR203W	0.77303
3009	YFR048W	0.77302
3010	YNR075C-A	0.77301
3011	YHR039C	0.77301
3012	YDR168W	0.77298
3013	YFL065C	0.77296
3014	YDR517W	0.77296
3015	YJL197W	0.7729
3016	YGR266W	0.77286
3017	YDL157C	0.77284
3018	YBR103C-A	0.77281
3019	YKR086W	0.77276
3020	YGR019W	0.77275
3021	YNL317W	0.77274
3022	YGL250W	0.77267
3023	YOR173W	0.77267
3024	YLR393W	0.77266
3025	YCR094W	0.77265
3026	R0040C	0.77261
3027	YJL093C	0.77256
3028	YGR125W	0.7725
3029	YGL121C	0.77247
3030	YOL155C	0.77245
3031	YMR078C	0.77244
3032	YPR126C	0.77236
3033	YOL146W	0.77234
3034	YLR124W	0.77233
3035	YDR253C	0.77224
3036	YBR180W	0.7722
3037	YER170W	0.77218
3038	YOR316C	0.77209
3039	YCR036W	0.77209
3040	YDL161W	0.77204
3041	YMR114C	0.77201
3042	YOL013W-A	0.772
3043	YJL188C	0.77197
3044	YOL123W	0.77196
3045	YNL082W	0.77189
3046	YBR153W	0.77188
3047	YBR297W	0.77186
3048	YMR247W-A	0.77173
3049	YGR284C	0.77171
3050	YLR361C-A	0.7717
3051	YDR395W	0.7717
3052	YDR215C	0.77168
3053	YJL036W	0.77163
3054	YLL012W	0.7716
3055	YOL096C	0.7716
3056	YKL096W	0.77158
3057	YJL088W	0.77157
3058	YIL073C	0.77156
3059	YKL211C	0.77156
3060	YPR167C	0.77156
3061	YKR032W	0.7715
3062	YOR272W	0.77147
3063	YDR477W	0.77136
3064	YLR430W	0.7713
3065	YLR106C	0.7713
3066	YFL013W-A	0.77128
3067	YPR057W	0.77127
3068	YDL228C	0.77125
3069	YER079C-A	0.77122
3070	YGL218W	0.77121
3071	YPR116W	0.77121
3072	YMR268C	0.77121
3073	YJR035W	0.7712
3074	YBL047C	0.77117
3075	YBL083C	0.77114
3076	YJR013W	0.77113
3077	YDL066W	0.77109
3078	YGR229C	0.77108
3079	YML090W	0.77108
3080	YNR035C	0.77107
3081	YKL017C	0.77105
3082	YLR029C	0.77105
3083	YDR518W	0.771
3084	YDR372C	0.77098
3085	YBR200W	0.77097
3086	YMR121C	0.77094
3087	YBR253W	0.7709
3088	YBL089W	0.7709
3089	YIL089W	0.77082
3090	YGR292W	0.77076
3091	YLR389C	0.77072
3092	YIL156W-A	0.77068
3093	YLL059C	0.77061
3094	YOR377W	0.7706
3095	YIR027C	0.77059
3096	YMR038C	0.77055
3097	YDR301W	0.77052
3098	YLR014C	0.7705
3099	YNL017C	0.77047
3100	YER189W	0.77044
3101	YOL042W	0.77036
3102	YPL003W	0.77036
3103	YBR232C	0.77034
3104	YGL199C	0.77032
3105	YNR054C	0.77027
3106	YPL056C	0.77026
3107	YLR085C	0.77026
3108	YCR087W	0.77022
3109	YDR476C	0.77022
3110	YBR005W	0.77022
3111	YJL047C	0.7702
3112	YER183C	0.7702
3113	YMR234W	0.77012
3114	YIL166C	0.76994
3115	YDL215C	0.76994
3116	YKL192C	0.76993
3117	YLR104W	0.76989
3118	YLR318W	0.76989
3119	YJL043W	0.76988
3120	YNL177C	0.76987
3121	YKL076C	0.76986
3122	YIR020C	0.76984
3123	YOR135C	0.76984
3124	YBR185C	0.76975
3125	YOL026C	0.76962
3126	YGR010W	0.76962
3127	YOL155W-A	0.76958
3128	YJR144W	0.76956
3129	YPL277C	0.76953
3130	YBR041W	0.76952
3131	YOR309C	0.76949
3132	YOR031W	0.76943
3133	YLR025W	0.76938
3134	YLR415C	0.76935
3135	YPL082C	0.76933
3136	YDL238C	0.76932
3137	YDR234W	0.76929
3138	YMR294W-A	0.76928
3139	YDL195W	0.76926
3140	YDR346C	0.76926
3141	YLR414C	0.76916
3142	YLR317W	0.76916
3143	YDL063C	0.76914
3144	YDL194W	0.76913
3145	YOR330C	0.76904
3146	YGR232W	0.76904
3147	YBR086C	0.76895
3148	YHR139C	0.76889
3149	YHL034W-A	0.76885
3150	YJL041W	0.76879
3151	YGL236C	0.76877
3152	YDR287W	0.76876
3153	YKL073W	0.76874
3154	YLR253W	0.76857
3155	YNL277W-A	0.76856
3156	YEL030C-A	0.7685
3157	YGL109W	0.76849
3158	YLR154W-B	0.76834
3159	YOL144W	0.76834
3160	YPL181W	0.76834
3161	YHR003C	0.76833
3162	Q0142	0.7683
3163	YBR299W	0.76829
3164	YHR139C-A	0.76828
3165	YHL031C	0.76828
3166	YMR230W-A	0.76823
3167	YJL215C	0.76816
3168	YDR035W	0.76815
3169	YCR100C	0.76806
3170	YBL013W	0.76806
3171	YGL112C	0.76801
3172	YPL007C	0.768
3173	YLR020C	0.76797
3174	YGL114W	0.76796
3175	YNL306W	0.76789
3176	YGR117C	0.76788
3177	YOL068C	0.76787
3178	YDR415C	0.76783
3179	YER163C	0.76772
3180	YOR009W	0.76772
3181	YGR241C	0.76771
3182	YDR432W	0.76764
3183	YHL048W	0.76761
3184	YER019C-A	0.7676
3185	YHR076W	0.76756
3186	YKL006C-A	0.76755
3187	YGR215W	0.76754
3188	YLR231C	0.7675
3189	YER107W-A	0.7675
3190	YCL068C	0.76745
3191	YKL040C	0.76745
3192	YPL009C	0.76743
3193	YDL042C	0.76743
3194	YPR172W	0.7674
3195	YHR178W	0.76738
3196	YBR096W	0.76733
3197	YLR405W	0.76728
3198	YJL060W	0.76722
3199	YOR383C	0.76721
3200	YHL002C-A	0.7672
3201	YNR001W-A	0.7672
3202	YPL019C	0.76718
3203	YER011W	0.76712
3204	YOL020W	0.76706
3205	YMR043W	0.76702
3206	YKL123W	0.76693
3207	YGL072C	0.76692
3208	YLR064W	0.76691
3209	YLR125W	0.76682
3210	YPL008W	0.76673
3211	YPR060C	0.7667
3212	YML089C	0.7667
3213	YGR193C	0.76664
3214	YBR258C	0.76662
3215	YOR020W-A	0.76656
3216	YGL195W	0.76655
3217	YJL154C	0.76647
3218	YPR157W	0.7664
3219	YDR363W-A	0.76637
3220	YBR226C	0.76634
3221	YCR025C	0.76632
3222	YPR159W	0.76628
3223	YJL222W-A	0.76624
3224	YIL174W	0.76624
3225	YHR048W	0.76614
3226	YNL097C-B	0.7661
3227	YOR274W	0.76608
3228	YOR340C	0.76605
3229	YER150W	0.76603
3230	YER090C-A	0.76602
3231	YPL103C	0.76602
3232	YLR157W-E	0.76598
3233	YHR180W-A	0.76596
3234	YOR212W	0.76592
3235	YFR047C	0.76589
3236	YPR189W	0.76586
3237	YMR316W	0.7658
3238	YCR093W	0.76572
3239	YDL248W	0.7656
3240	YBL065W	0.76558
3241	YLR105C	0.76556
3242	YGL187C	0.76553
3243	YFL013C	0.76551
3244	YML031C-A	0.7655
3245	YJL062W-A	0.7655
3246	YGR169C	0.76545
3247	YPR010C-A	0.76544
3248	YIR029W	0.76539
3249	YIL111W	0.76536
3250	YDR522C	0.76529
3251	YKL099C	0.76528
3252	YOR035C	0.76525
3253	YLR307W	0.76523
3254	YLR357W	0.76519
3255	YBR018C	0.76518
3256	YDR405W	0.76515
3257	YDR386W	0.76514
3258	YHR028W-A	0.76514
3259	YLR080W	0.76509
3260	YNR021W	0.76508
3261	YLR264C-A	0.76504
3262	YIR038C	0.76502
3263	YDL177C	0.76501
3264	YDR292C	0.765
3265	YLR462W	0.76499
3266	YGL110C	0.76497
3267	YDR370C	0.76495
3268	YNL052W	0.76488
3269	YDR506C	0.76476
3270	YHR150W	0.76474
3271	YGR133W	0.76474
3272	YKR007W	0.76473
3273	YBL055C	0.76467
3274	YGL183C	0.76464
3275	YHL039W	0.76464
3276	YJL062W	0.76463
3277	YOR376W-A	0.76459
3278	YOR286W	0.76457
3279	YPL135C-A	0.76456
3280	YOR311C	0.76455
3281	YNL062C	0.76452
3282	YLR375W	0.7645
3283	YAL011W	0.76447
3284	YOR052C	0.76444
3285	YBR119W	0.76442
3286	YBR032W	0.76438
3287	YFR037C	0.76426
3288	YDR210W	0.76426
3289	YJR112W	0.76423
3290	YJL097W	0.76423
3291	YIL082W-A	0.7642
3292	YLR051C	0.76416
3293	YOL023W	0.76416
3294	YEL012W	0.76412
3295	YOR141C	0.76403
3296	YML127W	0.76394
3297	YKL198C	0.76392
3298	YPL192C	0.76389
3299	YML031W	0.76384
3300	YCR097W-A	0.76378
3301	YDR230W	0.76378
3302	YIL147C	0.76376
3303	YHR146W	0.76375
3304	YML120C	0.76366
3305	YPR123C	0.76361
3306	YGR268C	0.76361
3307	YIL012W	0.76357
3308	YMR063W	0.7635
3309	YOR275C	0.76348
3310	YIL002C	0.76334
3311	YHL019W-A	0.76332
3312	YBR110W	0.76324
3313	YDR189W	0.76321
3314	YDR347W	0.76321
3315	YNL239W	0.76318
3316	YGR167W	0.76318
3317	YDR220C	0.76317
3318	YFR020W	0.76315
3319	YDR379C-A	0.76304
3320	YDR481C	0.76302
3321	YHR151C	0.76294
3322	YNL141W	0.76286
3323	YDR122W	0.7627
3324	YPL045W	0.76268
3325	YLR302C	0.7626
3326	YEL015W	0.76257
3327	YGL153W	0.76257
3328	YDL196W	0.76251
3329	YDR330W	0.76245
3330	YOR299W	0.76244
3331	YBR282W	0.76243
3332	YNR012W	0.76241
3333	YBR192W	0.76235
3334	YHR140W	0.76233
3335	YAL059C-A	0.76231
3336	YBR056W	0.76227
3337	YNL049C	0.76215
3338	YJL169W	0.76213
3339	YNL004W	0.76213
3340	YIL046W	0.76213
3341	YPL097W	0.76212
3342	YOL115W	0.7621
3343	YLR056W	0.76209
3344	YDR077W	0.76202
3345	YPL194W	0.76202
3346	YHR086W-A	0.76191
3347	YGL064C	0.76188
3348	YJR161C	0.76186
3349	YGR102C	0.76181
3350	YDL232W	0.76179
3351	YPL164C	0.76178
3352	YLR446W	0.76175
3353	YPL243W	0.76171
3354	YLR123C	0.7617
3355	YLR159W	0.76163
3356	YLR156W	0.76163
3357	YLR161W	0.76163
3358	YDL178W	0.7616
3359	YDR165W	0.76158
3360	YJL166W	0.76151
3361	YPL152W-A	0.76147
3362	YHR118C	0.76147
3363	YPR036W	0.76142
3364	YLR285W	0.76141
3365	YLL010C	0.7614
3366	YOL111C	0.76132
3367	YLR323C	0.7613
3368	YOR176W	0.76121
3369	YHR081W	0.76119
3370	YNL015W	0.76118
3371	YGL088W	0.76118
3372	YPR135W	0.76117
3373	YNL193W	0.76117
3374	YPR118W	0.76114
3375	YGL231C	0.76114
3376	YPL098C	0.76112
3377	YLR370C	0.76111
3378	YHR113W	0.7611
3379	YMR005W	0.76106
3380	YIL038C	0.76093
3381	YJL037W	0.76089
3382	YGR136W	0.76088
3383	YLR455W	0.76083
3384	YGR109W-B	0.76079
3385	YNL103W-A	0.76076
3386	YPL110C	0.76063
3387	YKL053W	0.76055
3388	YIL083C	0.76053
3389	YOL008W	0.76053
3390	YNL097C	0.76052
3391	YJR140C	0.76048
3392	YEL067C	0.76045
3393	YMR125W	0.76044
3394	YNL211C	0.76044
3395	YPL205C	0.76037
3396	YBR104W	0.76035
3397	YBR166C	0.76034
3398	YDL039C	0.76033
3399	YOR029W	0.76031
3400	YNL276C	0.7603
3401	YOR244W	0.76027
3402	YKL131W	0.76014
3403	YBR024W	0.76009
3404	YLR111W	0.76004
3405	YPL250W-A	0.76004
3406	YJR107W	0.75996
3407	YDR325W	0.75993
3408	YER083C	0.75988
3409	Q0065	0.75987
3410	YPL084W	0.75986
3411	Q0250	0.75983
3412	YGR206W	0.75974
3413	YNL273W	0.75966
3414	YPL147W	0.75962
3415	YJL096W	0.75959
3416	YDR302W	0.75953
3417	YKL150W	0.75952
3418	YHR016C	0.75951
3419	YCR079W	0.75943
3420	YNL336W	0.75942
3421	YDR441C	0.75938
3422	YNR067C	0.75937
3423	YGL028C	0.75932
3424	YPL053C	0.75932
3425	YNL327W	0.75929
3426	YNL206C	0.75928
3427	YJR154W	0.75915
3428	YBL037W	0.75915
3429	YGR038W	0.75915
3430	YER066W	0.75904
3431	YGL141W	0.75902
3432	YGR064W	0.75902
3433	YBR278W	0.75901
3434	YPR077C	0.759
3435	YMR102C	0.75899
3436	YEL036C	0.7589
3437	YPL087W	0.75881
3438	YER053C-A	0.7587
3439	YHR073C-B	0.75869
3440	YHR131W-A	0.75867
3441	YNL116W	0.75859
3442	YBR111W-A	0.75857
3443	YIR020C-B	0.75857
3444	YLR266C	0.75856
3445	YHL048C-A	0.75854
3446	YKL137W	0.7584
3447	YHR205W	0.75838
3448	YHR055C	0.75834
3449	YHR053C	0.75834
3450	YDR288W	0.75827
3451	YLL048C	0.75827
3452	YLR361C	0.75821
3453	YLR380W	0.75819
3454	YBL069W	0.75811
3455	YER051W	0.7581
3456	YEL004W	0.75806
3457	YDL105W	0.75801
3458	YMR317W	0.758
3459	YOR353C	0.75787
3460	YDR524C-B	0.75785
3461	YLR226W	0.75783
3462	YDR306C	0.75783
3463	YGL018C	0.75782
3464	YKR074W	0.75781
3465	YDR380W	0.75778
3466	YDL153C	0.75778
3467	YMR316C-A	0.75777
3468	YDR311W	0.75775
3469	YPR097W	0.75772
3470	YGR226C	0.75771
3471	YLR416C	0.75767
3472	YDR134C	0.75765
3473	YFL064C	0.75764
3474	YGR008C	0.75756
3475	YGL216W	0.75748
3476	YJL200C	0.75747
3477	YBR262C	0.75725
3478	YJL156W-A	0.75721
3479	YMR082C	0.75717
3480	YLR306W	0.75714
3481	YHR072W	0.75713
3482	YDR524W-C	0.75712
3483	YNL089C	0.75708
3484	YHL006W-A	0.75706
3485	YGL155W	0.75702
3486	YPL060W	0.757
3487	YEL076C	0.757
3488	YHL013C	0.75699
3489	YLR206W	0.75695
3490	YMR315W-A	0.75692
3491	YOL113W	0.75691
3492	YHR133C	0.7569
3493	YOR001W	0.75687
3494	YPR196W	0.75684
3495	YKR055W	0.75682
3496	YKL036C	0.75681
3497	YOR138C	0.75666
3498	YNL042W-B	0.75657
3499	YMR194C-A	0.75652
3500	YJR067C	0.75651
3501	YHR073W-A	0.75641
3502	YIL079C	0.75636
3503	YDR434W	0.75636
3504	YJL067W	0.75635
3505	YPL022W	0.75634
3506	YHR166C	0.75627
3507	YFL010C	0.75624
3508	YER010C	0.75623
3509	YKL018C-A	0.75619
3510	YGL123C-A	0.75615
3511	YBR012C	0.75615
3512	YLR387C	0.75606
3513	YGL228W	0.75606
3514	YDR492W	0.75606
3515	YOR125C	0.75606
3516	YFR025C	0.75604
3517	YBL101C	0.75597
3518	YBR131C-A	0.75596
3519	YLL027W	0.75595
3520	YGR261C	0.75588
3521	YNL321W	0.75586
3522	YOR118W	0.75582
3523	YDR293C	0.75582
3524	YBR273C	0.75578
3525	Q0055	0.75575
3526	YHR126C	0.75575
3527	YLR385C	0.75571
3528	YGL213C	0.75569
3529	YML132W	0.75564
3530	YBR302C	0.75564
3531	YEL075W-A	0.75555
3532	YHR085W	0.75548
3533	YIL039W	0.7554
3534	YDR213W	0.75537
3535	YDR142C	0.75535
3536	YGL118C	0.75535
3537	YLR452C	0.75531
3538	YKL019W	0.75529
3539	YNR075W	0.75522
3540	YML100W	0.75518
3541	YFL010W-A	0.75518
3542	YOR051C	0.75517
3543	YNL182C	0.75516
3544	YFR016C	0.75514
3545	YHL008C	0.75513
3546	YAR060C	0.75511
3547	YHR212C	0.75511
3548	YMR135W-A	0.75508
3549	YNL236W	0.75506
3550	YOL098C	0.75505
3551	YHL010C	0.75504
3552	YGL102C	0.75501
3553	YGR166W	0.755
3554	YHL005C	0.75499
3555	YKL183C-A	0.75497
3556	YPL186C	0.75494
3557	YBR141C	0.75493
3558	YJL077W-B	0.75487
3559	Q0120	0.75483
3560	YHR115C	0.75475
3561	YPR166C	0.75473
3562	YDR133C	0.75472
3563	YDR244W	0.75472
3564	YKR104W	0.7547
3565	YNL040W	0.75465
3566	YPL083C	0.75465
3567	YOL051W	0.75458
3568	YPL117C	0.75445
3569	YPL063W	0.7544
3570	YBR193C	0.75436
3571	YPL064C	0.75435
3572	YMR013W-A	0.75434
3573	YIL067C	0.75432
3574	YER049W	0.75426
3575	YFR027W	0.75426
3576	YBR125C	0.75424
3577	YNL227C	0.75418
3578	YFR049W	0.75413
3579	YHL007C	0.75412
3580	YLR115W	0.75409
3581	YKR085C	0.75408
3582	YOL116W	0.75406
3583	YBR280C	0.754
3584	YOR215C	0.75397
3585	YOL052C-A	0.75392
3586	YKL222C	0.75391
3587	YGL164C	0.75389
3588	YMR157C	0.75389
3589	YCL007C	0.75387
3590	YER127W	0.75383
3591	YLL004W	0.75381
3592	YOR363C	0.75381
3593	YMR240C	0.75376
3594	YDR095C	0.75375
3595	YDR015C	0.75372
3596	YGL226W	0.7537
3597	YGR116W	0.75367
3598	YPL088W	0.75365
3599	YBR059C	0.75361
3600	YDL025W-A	0.75359
3601	YOR199W	0.75356
3602	YDR365C	0.75355
3603	YFR002W	0.75354
3604	YOR146W	0.75352
3605	YCL054W-A	0.75352
3606	YML130C	0.75346
3607	YKL142W	0.75345
3608	YNL145W	0.75344
3609	YLR427W	0.7534
3610	YPL140C	0.75338
3611	YMR228W	0.75335
3612	YKR041W	0.7533
3613	YLR368W	0.75328
3614	YJL136W-A	0.75327
3615	YJR114W	0.75319
3616	YKL044W	0.75318
3617	YNL101W	0.75317
3618	YJL186W	0.75308
3619	YNL184C	0.75307
3620	YNL261W	0.75304
3621	YKL070W	0.75303
3622	YKL194C	0.75294
3623	YPL152W	0.75294
3624	YBR175W	0.75294
3625	YAL034C-B	0.75293
3626	YLR093C	0.75283
3627	YOR003W	0.75281
3628	YBL039C-A	0.75277
3629	YHR204W	0.75271
3630	YBL012C	0.75269
3631	YBR209W	0.75267
3632	YDL111C	0.75266
3633	YAR053W	0.75266
3634	YOR132W	0.7526
3635	YCR077C	0.75256
3636	YGL177W	0.75254
3637	YMR097C	0.75254
3638	YPL078C	0.75251
3639	R0010W	0.75251
3640	YDR136C	0.7525
3641	YPL133C	0.75245
3642	YOR248W	0.75238
3643	YLR463C	0.75226
3644	YEL006W	0.75225
3645	YGR111W	0.75221
3646	YLR120W-A	0.75219
3647	YBL006C	0.75218
3648	YNL324W	0.75214
3649	YML009W-B	0.75209
3650	YOL163W	0.75199
3651	YPL182C	0.75194
3652	YCL038C	0.75194
3653	YJL123C	0.7519
3654	YOL119C	0.75187
3655	YMR039C	0.75182
3656	YOR258W	0.75178
3657	YNL296W	0.75178
3658	YLR300W	0.75178
3659	YJL009W	0.75173
3660	YOR054C	0.75171
3661	YOR179C	0.75169
3662	YOR291W	0.75169
3663	YGL098W	0.75162
3664	YOL010W	0.75162
3665	YBL092W	0.75156
3666	YDR079W	0.75153
3667	YMR269W	0.75153
3668	YMR001C-A	0.75151
3669	YKL145W-A	0.75149
3670	YGR157W	0.75148
3671	YLR316C	0.75139
3672	YMR041C	0.75137
3673	YFL062W	0.75136
3674	YJR052W	0.75136
3675	YGL027C	0.75136
3676	YLR464W	0.75133
3677	YEL076C-A	0.75133
3678	YIL082W	0.75133
3679	YLR364C-A	0.7513
3680	YKL122C	0.75126
3681	YAR029W	0.75126
3682	YDR419W	0.75123
3683	YGR202C	0.75121
3684	YOL013C	0.75117
3685	YPR162C	0.75116
3686	YJL075C	0.75114
3687	YCR102W-A	0.7511
3688	YCR047W-A	0.75107
3689	YMR247C	0.75105
3690	YHR196W	0.75101
3691	YDR496C	0.75096
3692	YPR119W	0.75096
3693	YDR137W	0.75095
3694	YKR064W	0.75082
3695	YPL227C	0.75077
3696	YNL169C	0.75073
3697	YDR173C	0.75073
3698	YER140W	0.75069
3699	YLL054C	0.75068
3700	YGL179C	0.75057
3701	YHR021W-A	0.75056
3702	YHR007C-A	0.75054
3703	YGR204C-A	0.75053
3704	YPR105C	0.75052
3705	YHR206W	0.75045
3706	YGL156W	0.75045
3707	YGL202W	0.75044
3708	YKR075W-A	0.75039
3709	YML004C	0.75032
3710	YDR523C	0.75031
3711	YOL108C	0.7503
3712	YJL148W	0.75029
3713	YAL046C	0.75028
3714	YCR052W	0.75026
3715	YNL009W	0.75025
3716	YBR296C-A	0.75023
3717	YNL310C	0.75019
3718	YIR006C	0.75018
3719	YDR052C	0.75011
3720	YER128W	0.75002
3721	YCL076W	0.75001
3722	YOL056W	0.75
3723	YLL001W	0.75
3724	YCL047C	0.74993
3725	YDR206W	0.74991
3726	YAL042C-A	0.74978
3727	YLR015W	0.74975
3728	YJR099W	0.74972
3729	YER046W-A	0.74971
3730	YNR023W	0.7497
3731	YPL195W	0.74961
3732	YDL205C	0.7496
3733	YCR042C	0.7496
3734	YGR109W-A	0.74957
3735	YAL051W	0.74957
3736	YGR130C	0.74956
3737	YGR151C	0.74956
3738	YDL101C	0.74954
3739	YAL067W-A	0.74953
3740	YKL082C	0.74946
3741	YIL151C	0.74945
3742	YHR024C	0.74943
3743	YER148W-A	0.74933
3744	YCL012C	0.74933
3745	YIL140W	0.74929
3746	YDL209C	0.74928
3747	YCL008C	0.74913
3748	YGR178C	0.74905
3749	YBR094W	0.74897
3750	YPR018W	0.74896
3751	YNR018W	0.74895
3752	YLL044W	0.74893
3753	YKL202W	0.74889
3754	YHR032W-A	0.74885
3755	YLR270W	0.7488
3756	YMR200W	0.74877
3757	YOR300W	0.74876
3758	YJL183W	0.74876
3759	YJR022W	0.74875
3760	YGL196W	0.7487
3761	YGL052W	0.74863
3762	YNL286W	0.74856
3763	YBL104C	0.74853
3764	YLL057C	0.74853
3765	YNL138W-A	0.74844
3766	YKR073C	0.74844
3767	YGR165W	0.7484
3768	YFL047W	0.74837
3769	YML095C	0.74833
3770	YHL043W	0.74832
3771	YNL187W	0.74831
3772	YBR076C-A	0.74828
3773	Q0085	0.74827
3774	YMR208W	0.74824
3775	YLR194C	0.74822
3776	YPL073C	0.7482
3777	YHR172W	0.74818
3778	YER088W-B	0.74818
3779	YLR116W	0.7481
3780	YBL004W	0.7481
3781	YHR028C	0.74805
3782	YBR144C	0.74798
3783	YML019W	0.74789
3784	YLL037W	0.7478
3785	YML058W-A	0.74777
3786	YIL029W-A	0.74769
3787	YDL017W	0.74765
3788	YCR044C	0.74759
3789	YIL070C	0.74757
3790	YPR201W	0.74753
3791	YCR096C	0.74748
3792	YLR114C	0.74747
3793	YDL172C	0.74745
3794	YPR114W	0.74739
3795	YIL047C-A	0.74739
3796	YLR110C	0.74737
3797	YDL240W	0.74736
3798	YDR360W	0.7473
3799	YKL206C	0.74727
3800	YDR401W	0.74722
3801	YDR284C	0.74719
3802	YHR171W	0.74718
3803	YKL125W	0.74718
3804	YNL085W	0.7471
3805	YOR075W	0.74709
3806	YFR010W-A	0.74701
3807	YIL115C	0.74701
3808	YJR008W	0.74694
3809	YAL048C	0.74692
3810	YMR088C	0.74688
3811	YLR120C	0.74679
3812	YIL150C	0.74677
3813	YHR214C-E	0.74676
3814	YLR071C	0.74671
3815	YOL048C	0.74669
3816	YER101C	0.74669
3817	YBR255C-A	0.74667
3818	YOR018W	0.74664
3819	YHL032C	0.7466
3820	YJL022W	0.74657
3821	YNL299W	0.74657
3822	YOR174W	0.7464
3823	YCR067C	0.74639
3824	YOR105W	0.74638
3825	YHL025W	0.74637
3826	YGL045W	0.74634
3827	YNL316C	0.74631
3828	YGL237C	0.74631
3829	YML110C	0.74628
3830	YGR072W	0.74622
3831	YDR152W	0.74622
3832	YBL028C	0.74612
3833	YEL020C-B	0.74604
3834	YGL243W	0.74602
3835	YLR362W	0.74597
3836	YLR077W	0.74593
3837	YIL061C	0.74589
3838	YNL242W	0.74587
3839	YHR209W	0.74582
3840	YIL107C	0.74581
3841	YJR075W	0.74578
3842	YPR091C	0.74577
3843	YOL054W	0.74569
3844	YLR285C-A	0.74565
3845	YNL293W	0.74563
3846	YPR006C	0.74563
3847	YPL038W	0.74562
3848	YOL097W-A	0.74561
3849	YBR298C-A	0.7456
3850	YKL016C	0.74559
3851	YBR178W	0.74556
3852	YDL015C	0.74548
3853	YGR174C	0.74535
3854	YBL095W	0.74531
3855	YOR251C	0.74528
3856	YMR028W	0.74527
3857	YPL270W	0.74526
3858	YJL006C	0.74525
3859	YGR235C	0.74523
3860	YAL014C	0.74523
3861	YPR073C	0.7452
3862	YMR189W	0.74519
3863	YJL135W	0.74516
3864	YLL046C	0.74515
3865	YNL119W	0.74514
3866	YJL129C	0.74507
3867	YLR154W-A	0.74503
3868	YER151C	0.74501
3869	YCR071C	0.745
3870	YBL098W	0.74499
3871	YPL104W	0.74497
3872	YNL271C	0.74497
3873	YJR135W-A	0.74492
3874	YPR040W	0.7449
3875	YKL221W	0.74477
3876	YOL064C	0.74477
3877	YAR070C	0.74469
3878	YDR097C	0.74463
3879	YDL198C	0.74462
3880	YGR001C	0.74461
3881	YHL014C	0.74459
3882	YOR314W	0.74457
3883	YDR327W	0.74455
3884	YJR002W	0.74451
3885	YOR008C-A	0.74447
3886	YLR016C	0.74446
3887	YGR182C	0.74444
3888	YLR274W	0.74438
3889	YDR246W-A	0.74433
3890	YOR366W	0.7442
3891	YHL012W	0.74419
3892	YDR332W	0.74416
3893	YFR022W	0.74416
3894	YKL173W	0.74413
3895	YOR072W-B	0.74411
3896	YPL107W	0.7441
3897	YEL048C	0.74402
3898	YDR087C	0.74399
3899	YDR106W	0.7439
3900	YHR077C	0.7439
3901	YOR154W	0.74383
3902	YMR254C	0.74382
3903	YDL154W	0.74381
3904	YJL109C	0.7438
3905	YGL108C	0.74379
3906	YPL114W	0.74376
3907	YHR086W	0.74373
3908	YML005W	0.74371
3909	YMR103C	0.74368
3910	YBR274W	0.74362
3911	YMR298W	0.7436
3912	YDR174W	0.7436
3913	YGR174W-A	0.74358
3914	YGR255C	0.74357
3915	YLR107W	0.74354
3916	YNL258C	0.74347
3917	YEL050W-A	0.74346
3918	YOR123C	0.74344
3919	YLL002W	0.74341
3920	YMR062C	0.74337
3921	YGL065C	0.74322
3922	YDR427W	0.74321
3923	YLR365W	0.74318
3924	YLL006W-A	0.74316
3925	YBR176W	0.74316
3926	YCL065W	0.74315
3927	YDR268W	0.74308
3928	YML071C	0.74306
3929	YIL131C	0.74296
3930	YFR034C	0.74289
3931	YAL064W	0.74284
3932	YKL063C	0.74284
3933	YKL219W	0.74283
3934	YGR217W	0.74283
3935	YOL128C	0.74282
3936	YBL061C	0.74272
3937	YDL175C	0.74262
3938	YNL045W	0.74251
3939	YDR412W	0.74248
3940	YDR316W	0.7424
3941	YGL239C	0.74239
3942	YML082W	0.74238
3943	YDL219W	0.74233
3944	YPL047W	0.74229
3945	YJR079W	0.74226
3946	YMR253C	0.7422
3947	YLR089C	0.7422
3948	YHR038W	0.74218
3949	YLL006W	0.74207
3950	YIL017C	0.74197
3951	YDL104C	0.74192
3952	YFL009W	0.7419
3953	YNL036W	0.74187
3954	YFL003C	0.74183
3955	YGL104C	0.7418
3956	YLR379W	0.74171
3957	YKL018W	0.74171
3958	YKR033C	0.7417
3959	YFL031W	0.74169
3960	YDL207W	0.74167
3961	YML032C	0.74166
3962	YHR214W-A	0.74166
3963	YOR057W	0.74166
3964	YNL124W	0.74161
3965	YJL039C	0.74156
3966	YJL163C	0.74154
3967	YOR307C	0.74153
3968	YGR143W	0.74151
3969	YMR168C	0.74145
3970	YIL027C	0.74143
3971	YGL254W	0.74143
3972	YHR214C-D	0.74141
3973	YAR069C	0.74141
3974	YDL099W	0.74139
3975	YML049C	0.74139
3976	YGR227C-A	0.74137
3977	YKL057C	0.74135
3978	YJL197C-A	0.74132
3979	YML007C-A	0.74127
3980	YDR366C	0.74126
3981	YLR346C	0.74123
3982	YPL101W	0.74121
3983	YPL273W	0.74116
3984	YHR188C	0.74114
3985	YGR290W	0.74113
3986	YFR013W	0.74111
3987	YOL076W	0.7411
3988	YDL037C	0.74109
3989	YJL127C-B	0.74108
3990	YLR342W-A	0.74103
3991	YCL016C	0.74103
3992	YML116W-A	0.74101
3993	YNL020C	0.74098
3994	YEL018C-A	0.74098
3995	YKR023W	0.74093
3996	YIL168W	0.74087
3997	YNL114C	0.74082
3998	YNL150W	0.74075
3999	YER105C	0.74072
4000	YBR213W	0.74065
4001	YBR099C	0.74064
4002	YNL092W	0.74061
4003	YER059W	0.74061
4004	YBR205W	0.7406
4005	YKL054C	0.7406
4006	YER145C-A	0.74059
4007	YJL026C-A	0.74055
4008	YNL238W	0.74054
4009	YAL026C-A	0.74048
4010	YAR068W	0.74046
4011	YER172C-A	0.74044
4012	YLR450W	0.74043
4013	YDR314C	0.74043
4014	YMR008C-A	0.74039
4015	YHR100C	0.74038
4016	YLR164W	0.74035
4017	YML034C-A	0.74035
4018	YNL080C	0.74029
4019	YMR312W	0.74025
4020	YMR150C	0.74023
4021	YCL002C	0.74018
4022	YDL009C	0.74004
4023	YPR002W	0.73997
4024	YPL190C	0.73993
4025	YDR266C	0.73991
4026	YPR124W	0.7399
4027	YOL014W	0.73989
4028	YAL033W	0.73989
4029	YGL083W	0.73985
4030	YHR134W	0.73977
4031	YOR281C	0.73976
4032	YGR146C-A	0.7397
4033	YKL090W	0.73965
4034	YNL251C	0.73953
4035	YNR069C	0.73952
4036	YMR126C	0.73948
4037	YDR182W	0.73946
4038	YNL094W	0.73943
4039	YGL149W	0.73939
4040	YDR073W	0.73937
4041	YIL085C	0.73934
4042	YHR060W	0.73926
4043	YER085C	0.73925
4044	YER115C	0.73923
4045	YGL217C	0.73921
4046	YML097C	0.7392
4047	YGR068W-A	0.7391
4048	YGR154C	0.73909
4049	YOL083C-A	0.73906
4050	YPL096W	0.73905
4051	YPR154W	0.73903
4052	YPL224C	0.73899
4053	YKL165C	0.73898
4054	YDR521W	0.73896
4055	YOR267C	0.73894
4056	YGL184C	0.73888
4057	YEL028W	0.73885
4058	YPL228W	0.73883
4059	YJR082C	0.73877
4060	YDR527W	0.73875
4061	YDL225W	0.73869
4062	YOL160W	0.73865
4063	YHR056W-A	0.73865
4064	YDR289C	0.73862
4065	YGL248W	0.73854
4066	YOL087C	0.73852
4067	YPL044C	0.7385
4068	YJL120W	0.73845
4069	YGR259C	0.73835
4070	YIL134W	0.73835
4071	YER005W	0.73833
4072	YPR096C	0.73832
4073	YGL188C-A	0.73829
4074	YJL140W	0.73829
4075	YDR102C	0.73827
4076	YPR184W	0.73823
4077	YOR005C	0.7382
4078	YML115C	0.73819
4079	YKL209C	0.73818
4080	YIL115W-A	0.73815
4081	YEL009C	0.73813
4082	YIL008W	0.73805
4083	YBL070C	0.73804
4084	YMR291W	0.73804
4085	YJR061W	0.73798
4086	YMR141C	0.73787
4087	YOR026W	0.73786
4088	YMR104C	0.73784
4089	YPL116W	0.73776
4090	YKL111C	0.73773
4091	YDR472W	0.73765
4092	YLR207W	0.73764
4093	YNL279W	0.73763
4094	YKR063C	0.73762
4095	YMR251W-A	0.73755
4096	YBR044C	0.73753
4097	YML121W	0.73749
4098	YHR058C	0.73747
4099	YER092W	0.73745
4100	YOL126C	0.73738
4101	YLR239C	0.73732
4102	YNL291C	0.73731
4103	YNR030W	0.73726
4104	YFL036W	0.73723
4105	YML088W	0.73721
4106	YMR115W	0.7372
4107	YBR277C	0.7371
4108	YDR109C	0.73709
4109	YPR152C	0.73707
4110	YJL038C	0.73703
4111	YLR097C	0.73702
4112	YPR108W-A	0.737
4113	YDR349C	0.73697
4114	YKL049C	0.73696
4115	YBR126W-A	0.73696
4116	YJL015C	0.73695
4117	YLR390W-A	0.73695
4118	YGL007W	0.73693
4119	YGL150C	0.73686
4120	YOR230W	0.73685
4121	YJR031C	0.73684
4122	YPL112C	0.73684
4123	YOR225W	0.73681
4124	YKL043W	0.73678
4125	YGL094C	0.73669
4126	YJR098C	0.73669
4127	YOR189W	0.73666
4128	YPR143W	0.73666
4129	YER035W	0.73663
4130	YNL083W	0.73661
4131	YKR052C	0.73656
4132	YPL263C	0.73648
4133	YGR031C-A	0.73646
4134	YDR241W	0.73645
4135	YGL133W	0.73643
4136	YGR216C	0.73634
4137	YPL247C	0.7363
4138	YBL071C-B	0.73623
4139	YLR371W	0.73621
4140	YNL051W	0.73616
4141	YDR479C	0.73609
4142	YOL149W	0.73609
4143	YNL298W	0.73606
4144	YDL112W	0.73603
4145	YGR293C	0.73602
4146	YDR435C	0.736
4147	YMR307C-A	0.73591
4148	YJL059W	0.73591
4149	YKL177W	0.73586
4150	YDR338C	0.73585
4151	YOL088C	0.73584
4152	YPL125W	0.73582
4153	YDR257C	0.73581
4154	YNR068C	0.73579
4155	YNL003C	0.73573
4156	YLR144C	0.73563
4157	YIL093C	0.73563
4158	YCR092C	0.73557
4159	YBR122C	0.73556
4160	YPR169W	0.73554
4161	YOR216C	0.73546
4162	YDR026C	0.73542
4163	YMR184W	0.73541
4164	YPR104C	0.73541
4165	YHR069C	0.7354
4166	YNL221C	0.73539
4167	YDR371C-A	0.73532
4168	YIL087C	0.73532
4169	YGL025C	0.7353
4170	YDL167C	0.73529
4171	YJR057W	0.73519
4172	YLR444C	0.73515
4173	YPR085C	0.73515
4174	YPL137C	0.73505
4175	YGR099W	0.735
4176	YKR058W	0.73491
4177	YPL119C-A	0.73489
4178	YDR034W-B	0.73487
4179	YKR021W	0.73482
4180	YPR071W	0.73481
4181	YBR060C	0.73473
4182	YBR216C	0.73469
4183	YML118W	0.73468
4184	YGL016W	0.73461
4185	YNR033W	0.73461
4186	YMR259C	0.73452
4187	YDR473C	0.7345
4188	YKL026C	0.73445
4189	YHL037C	0.73441
4190	YDR144C	0.7344
4191	YBR120C	0.73434
4192	YOL152W	0.73433
4193	YNL077W	0.73428
4194	YGR006W	0.73428
4195	YOL022C	0.73424
4196	YNL219C	0.73424
4197	YLR284C	0.73418
4198	YBR279W	0.73411
4199	YPL176C	0.73399
4200	YDR004W	0.7338
4201	YPL030W	0.7338
4202	YDL033C	0.73379
4203	YDR282C	0.73376
4204	YMR077C	0.73364
4205	YDR323C	0.7335
4206	YGR003W	0.73349
4207	YCR082W	0.73347
4208	YJR006W	0.73345
4209	YLR314C	0.73341
4210	YDR218C	0.73337
4211	YMR013C-A	0.73323
4212	YDR526C	0.73323
4213	YJL189W	0.73314
4214	YGL145W	0.73311
4215	Q0060	0.7331
4216	YPL029W	0.73309
4217	YPR139C	0.73303
4218	YHR083W	0.73295
4219	YOL085W-A	0.73284
4220	YOR390W	0.7328
4221	YJL137C	0.73269
4222	YHR022C	0.73268
4223	YJL165C	0.73268
4224	YDR504C	0.73265
4225	YIR039C	0.73264
4226	YGR128C	0.73263
4227	YHR001W-A	0.73257
4228	YGR036C	0.73253
4229	YPR198W	0.73252
4230	YOL049W	0.73247
4231	YJL173C	0.73243
4232	YBR206W	0.73232
4233	YDR252W	0.73226
4234	YLR101C	0.73224
4235	YEL032C-A	0.73221
4236	YDR221W	0.73217
4237	YDL059C	0.73216
4238	YPL023C	0.73208
4239	YLL030C	0.73204
4240	YLR428C	0.73203
4241	YPR148C	0.73202
4242	YIL110W	0.73201
4243	YKR101W	0.73201
4244	YPL209C	0.73196
4245	YPL197C	0.7319
4246	YGR068C	0.73189
4247	YLR305C	0.73185
4248	YCR014C	0.73179
4249	YJR004C	0.73178
4250	YJR038C	0.73172
4251	YGL146C	0.73169
4252	YBR089W	0.73162
4253	YJR151W-A	0.73156
4254	YPL196W	0.73155
4255	YGL188C	0.73151
4256	YPR017C	0.73145
4257	YFL023W	0.73144
4258	YOR194C	0.73134
4259	YNL250W	0.73127
4260	YDR162C	0.73125
4261	YDR003W-A	0.7312
4262	YGL032C	0.73118
4263	YLR311C	0.73111
4264	YGR045C	0.73105
4265	YNL180C	0.73095
4266	YER161C	0.73095
4267	YOR014W	0.73094
4268	YER067C-A	0.73074
4269	YKL165C-A	0.73072
4270	YGR101W	0.73072
4271	YER084W	0.73066
4272	YDR460W	0.73064
4273	YLR154W-F	0.73061
4274	YNL294C	0.73059
4275	YPR155C	0.73057
4276	YNL025C	0.7305
4277	YPR047W	0.73043
4278	YPR160C-A	0.73042
4279	YIL026C	0.73038
4280	YER068C-A	0.73037
4281	YDR149C	0.73037
4282	YLR103C	0.73031
4283	YJL131C	0.73028
4284	YNL256W	0.73024
4285	YDR407C	0.73022
4286	YHL030W	0.73022
4287	YHR198C	0.73018
4288	YAL015C	0.73014
4289	YPL038W-A	0.73013
4290	YER141W	0.7301
4291	YNL019C	0.73009
4292	YLR425W	0.73009
4293	YJR076C	0.73002
4294	YNR003W-A	0.72997
4295	YER021W	0.72996
4296	YLR143W	0.72992
4297	YER023C-A	0.7299
4298	YDL003W	0.72987
4299	YNL143C	0.72985
4300	YMR212C	0.7297
4301	YCL056C	0.7297
4302	YNL033W	0.72968
4303	YKR006C	0.72966
4304	YMR321C	0.72965
4305	YDR400W	0.72957
4306	YKL010C	0.72957
4307	YOR205C	0.72953
4308	YHR080C	0.7295
4309	YOR364W	0.72947
4310	YLR248W	0.7294
4311	YLR088W	0.7294
4312	YHR213W	0.72926
4313	YAR062W	0.72926
4314	YGR069W	0.72922
4315	YBR150C	0.72916
4316	YDR278C	0.72914
4317	YOL109W	0.72912
4318	YOR108C-A	0.72908
4319	YLL007C	0.72901
4320	YIL072W	0.72884
4321	YNL158W	0.72882
4322	YJR033C	0.72867
4323	YGL194C	0.72867
4324	YLR184W	0.72866
4325	YPL279C	0.72856
4326	YMR275C	0.72855
4327	YNL217W	0.72849
4328	YKR071C	0.72848
4329	YLR162W-A	0.72838
4330	YBR036C	0.72828
4331	YKL143W	0.72826
4332	YPL183W-A	0.72822
4333	YIL084C	0.7282
4334	YER014C-A	0.72814
4335	YMR182C	0.72813
4336	YAL013W	0.72811
4337	YHR137W	0.7281
4338	YDL231C	0.72807
4339	YOR276W	0.72807
4340	YKL201C	0.72802
4341	YFR045W	0.72797
4342	YJL025W	0.72795
4343	YDL159W	0.72789
4344	YOR376W	0.72783
4345	YMR159C	0.72778
4346	YER091C-A	0.72777
4347	YHL022C	0.72776
4348	YDL185C-A	0.72769
4349	YDR180W	0.72758
4350	YLR204W	0.72748
4351	YHR165C	0.7272
4352	YLR233C	0.7272
4353	YPR016W-A	0.72717
4354	YDR445C	0.72716
4355	YGR137W	0.72714
4356	YOL079W	0.72713
4357	YLR157W-D	0.72712
4358	YDL122W	0.72704
4359	YKL195W	0.72698
4360	YAR030C	0.72696
4361	YNL218W	0.72696
4362	YOL166W-A	0.72696
4363	YOR231W	0.72692
4364	YML042W	0.72687
4365	YJL211C	0.7268
4366	YJR023C	0.72679
4367	YBR135W	0.72678
4368	YDL146W	0.72677
4369	YBR064W	0.72676
4370	YPR074W-A	0.72675
4371	YBR123C	0.7267
4372	YLR322W	0.72668
4373	YKL188C	0.72662
4374	YAL043C	0.72658
4375	YGL233W	0.7265
4376	YJR044C	0.72642
4377	YBR284W	0.72642
4378	YLR133W	0.72639
4379	YPL074W	0.72636
4380	YDL058W	0.72635
4381	YDR428C	0.72633
4382	YML108W	0.72631
4383	YBL033C	0.72628
4384	YML051W	0.72623
4385	YCL048W	0.72621
4386	YOL043C	0.7262
4387	YCR038C	0.72609
4388	YLR269C	0.72608
4389	YGR090W	0.72607
4390	YLL038C	0.72599
4391	YPL065W	0.72596
4392	YDR003W	0.72596
4393	YIR017W-A	0.72588
4394	YPR174C	0.72583
4395	YJL023C	0.72583
4396	YER098W	0.72582
4397	YPL148C	0.72581
4398	YBR158W	0.72579
4399	YER137C	0.72576
4400	YJL020C	0.72575
4401	YDR126W	0.7257
4402	YIR023W	0.72566
4403	YIL015W	0.72559
4404	YGR129W	0.72559
4405	YEL018W	0.72556
4406	YGL185C	0.72556
4407	YJL139C	0.72551
4408	YKL203C	0.72531
4409	YFL007W	0.72531
4410	YOR156C	0.72529
4411	YOR282W	0.72529
4412	YOR069W	0.72514
4413	YDR150W	0.72509
4414	YAL019W-A	0.72509
4415	YJR090C	0.72507
4416	YGL180W	0.72505
4417	YBR233W	0.72503
4418	YBL059C-A	0.72499
4419	YCL058C	0.72497
4420	YDR535C	0.72493
4421	YDL204W	0.72489
4422	YAL008W	0.72478
4423	YMR320W	0.72477
4424	YOL057W	0.72475
4425	YNL267W	0.72466
4426	YJR130C	0.72465
4427	YBL025W	0.72456
4428	YNR042W	0.72449
4429	YML036W	0.72448
4430	YKR035C	0.72446
4431	YJL182C	0.72445
4432	YGR112W	0.72433
4433	YGR291C	0.72426
4434	YOR060C	0.72423
4435	YML111W	0.7241
4436	YMR033W	0.72406
4437	YCR026C	0.72397
4438	YGR062C	0.72394
4439	YHR124W	0.72393
4440	YIL020C-A	0.72393
4441	YOR038C	0.72392
4442	YBL019W	0.7239
4443	YPR039W	0.72385
4444	YOR100C	0.72383
4445	YLR096W	0.7238
4446	YBL035C	0.7238
4447	YOR134W	0.72379
4448	YNL151C	0.72378
4449	YOR219C	0.72372
4450	YBR102C	0.72366
4451	YHR120W	0.72365
4452	YBR027C	0.72363
4453	YNR061C	0.72357
4454	YMR177W	0.72353
4455	YGL152C	0.72349
4456	YKL005C	0.72344
4457	YNR005C	0.72339
4458	YMR155W	0.72332
4459	Q0017	0.72329
4460	YGL259W	0.72329
4461	YLL049W	0.72328
4462	YMR107W	0.72326
4463	YDR381C-A	0.72304
4464	YGL251C	0.72302
4465	YOR161C-C	0.723
4466	YGR025W	0.72289
4467	YLR392C	0.72285
4468	YJL141C	0.72284
4469	YML050W	0.72283
4470	YDR248C	0.72273
4471	YIL014C-A	0.72269
4472	YCL032W	0.72253
4473	YLR288C	0.72251
4474	YFR009W-A	0.7225
4475	YML013W	0.72247
4476	YMR024W	0.72245
4477	YDR036C	0.72244
4478	YMR231W	0.7224
4479	YBL008W	0.72236
4480	YBR065C	0.72228
4481	YMR233W	0.72224
4482	YJL071W	0.72222
4483	YDR018C	0.72222
4484	YJL031C	0.72218
4485	YKL139W	0.72218
4486	YGL014C-A	0.72217
4487	YDR058C	0.72215
4488	YBL097W	0.72214
4489	YIL068W-A	0.72213
4490	YGR042W	0.7221
4491	YDR273W	0.72207
4492	YJL102W	0.72202
4493	YOR233W	0.72198
4494	YJL194W	0.72194
4495	YDR390C	0.72193
4496	YFR056C	0.72193
4497	YDR462W	0.72183
4498	YBL074C	0.7218
4499	YPL191C	0.72168
4500	YOR130C	0.72165
4501	YKL089W	0.72164
4502	YPR045C	0.72152
4503	YPL145C	0.72151
4504	YFR026C	0.72141
4505	YLR363W-A	0.72139
4506	YCL052C	0.72136
4507	YIR032C	0.72129
4508	YGL263W	0.72128
4509	YHR075C	0.72124
4510	YNL283C	0.72124
4511	YLR045C	0.72123
4512	YMR175W-A	0.72118
4513	YAL047W-A	0.72117
4514	YNL179C	0.72116
4515	YPR029C	0.72112
4516	YBR272C	0.72104
4517	YDL065C	0.721
4518	YFR007W	0.72095
4519	YPL162C	0.72093
4520	YNL048W	0.72093
4521	YGR257C	0.72093
4522	YLR146W-A	0.72086
4523	YJR005C-A	0.72086
4524	YKL104W-A	0.72082
4525	YCL031C	0.72078
4526	YHR067W	0.72073
4527	YPL167C	0.72072
4528	YFL029C	0.72068
4529	YKL215C	0.72066
4530	YOR106W	0.72065
4531	YLR047C	0.72065
4532	YHR059W	0.72065
4533	YHR199C-A	0.72058
4534	YGR059W	0.72054
4535	YKL064W	0.72052
4536	YAL002W	0.72048
4537	YOR008C	0.72043
4538	YGR114C	0.72037
4539	YOL028C	0.72033
4540	YLR402W	0.72026
4541	YLR337C	0.72022
4542	YGR110W	0.72021
4543	YDL067C	0.72018
4544	YCR054C	0.72016
4545	YNL024C-A	0.72016
4546	YJL061W	0.72013
4547	YMR158W-B	0.72012
4548	YHL020C	0.72011
4549	YBR030W	0.7199
4550	YIL113W	0.71977
4551	YHR153C	0.71975
4552	YJL202C	0.71975
4553	YMR294W	0.71971
4554	YBR042C	0.7197
4555	YLR396C	0.71967
4556	YNL285W	0.71959
4557	YGR158C	0.71951
4558	YIL177W-A	0.7195
4559	YJL225W-A	0.7195
4560	YOR191W	0.71939
4561	YNL228W	0.71939
4562	YKL132C	0.71936
4563	YIL060W	0.71929
4564	YDL013W	0.71926
4565	YDR119W-A	0.71925
4566	YHR002W	0.71923
4567	YKL174C	0.71922
4568	YOR160W	0.71914
4569	YOR042W	0.71908
4570	YDL021W	0.71904
4571	YNL186W	0.71902
4572	YHL038C	0.719
4573	YOR025W	0.71896
4574	YAR027W	0.71894
4575	YHR045W	0.71891
4576	YOL053W	0.71885
4577	YHR049C-A	0.71882
4578	YGR149W	0.7188
4579	YIL104C	0.71869
4580	YDL043C	0.71864
4581	YER123W	0.71863
4582	YPR066W	0.71863
4583	YDR281C	0.71861
4584	YKL047W	0.71849
4585	YPL005W	0.71837
4586	YOR080W	0.71836
4587	YNL272C	0.71834
4588	YHR197W	0.71826
4589	YLR039C	0.71803
4590	YDR157W	0.71802
4591	YML117W	0.71792
4592	YDL133W	0.71792
4593	YCR095W-A	0.71791
4594	YDR132C	0.71787
4595	YOR293C-A	0.71783
4596	YPR146C	0.71782
4597	YJR136C	0.71775
4598	YNL063W	0.71761
4599	YPR177C	0.71759
4600	YLL062C	0.71751
4601	YDR128W	0.71748
4602	YDR391C	0.71744
4603	YHR011W	0.7174
4604	YDL162C	0.7174
4605	YHR212W-A	0.71739
4606	YAR061W	0.71739
4607	YOR269W	0.71727
4608	YGR076C	0.71722
4609	YMR192W	0.7172
4610	YGR097W	0.71691
4611	YGL257C	0.71689
4612	YDL114W-A	0.71689
4613	YGR035W-A	0.71684
4614	YBR056W-A	0.71683
4615	YMR026C	0.71674
4616	YPR072W	0.71673
4617	YGR184C	0.71672
4618	YEL068C	0.7167
4619	YPR175W	0.7166
4620	YNL325C	0.71656
4621	YDL234C	0.71656
4622	YDL247W-A	0.71646
4623	YPL172C	0.71631
4624	YPL072W	0.7163
4625	YNL084C	0.71627
4626	YKL034W	0.71625
4627	YMR002W	0.71619
4628	YDR262W	0.71618
4629	YHR186C	0.71616
4630	YGR194C	0.71613
4631	YIL002W-A	0.71603
4632	YLR308W	0.71591
4633	YGL060W	0.71585
4634	YBR260C	0.71577
4635	YMR091C	0.71575
4636	YPR055W	0.71562
4637	YGR122W	0.71559
4638	YDR027C	0.71555
4639	YNL166C	0.71545
4640	YLR010C	0.71545
4641	YMR209C	0.71544
4642	YHL050W-A	0.71532
4643	YGL125W	0.7152
4644	YOL060C	0.71515
4645	YKR092C	0.71512
4646	YJL205C	0.71508
4647	YOL063C	0.71505
4648	YFL040W	0.71504
4649	YBR028C	0.71504
4650	YLR171W	0.71483
4651	YKL124W	0.71483
4652	YGR002C	0.71481
4653	YGR164W	0.71478
4654	YPR030W	0.71476
4655	YOR064C	0.71476
4656	YLL016W	0.71476
4657	YER139C	0.71474
4658	YBL080C	0.71464
4659	YPR109W	0.71464
4660	YIR011C	0.71453
4661	YKR087C	0.71431
4662	YKL088W	0.71426
4663	YPL185W	0.71421
4664	YLR240W	0.71403
4665	YBL045C	0.71401
4666	YKR069W	0.7139
4667	YDR199W	0.71361
4668	YPL254W	0.71359
4669	YLL066W-A	0.71355
4670	YLL067W-A	0.71355
4671	YFL068W	0.71355
4672	YOR090C	0.71353
4673	YOL102C	0.71351
4674	YOR322C	0.71348
4675	YDR393W	0.71343
4676	YKR015C	0.71338
4677	YHR052W-A	0.71335
4678	YHR054W-A	0.71335
4679	YDR108W	0.71332
4680	YER008C	0.71328
4681	YOR083W	0.71328
4682	YPL144W	0.71328
4683	YJL133C-A	0.71328
4684	YBR229C	0.71326
4685	YGR270W	0.71325
4686	YNL170W	0.71323
4687	YPR099C	0.7132
4688	YML060W	0.71319
4689	YGL227W	0.71308
4690	YER154W	0.71306
4691	YML061C	0.71304
4692	YER077C	0.71302
4693	YDR101C	0.71301
4694	YMR289W	0.71294
4695	YMR198W	0.7129
4696	YKL115C	0.71279
4697	YLR095C	0.71277
4698	YJR054W	0.71273
4699	YBR259W	0.71273
4700	YML133W-B	0.71265
4701	YHR219C-A	0.71265
4702	YNL339W-B	0.71265
4703	YIR007W	0.71261
4704	YCL066W	0.71259
4705	YCR040W	0.71259
4706	YCR035C	0.71257
4707	YIR005W	0.71252
4708	YDL062W	0.71251
4709	YDR054C	0.71249
4710	YNL289W	0.71249
4711	YMR014W	0.71248
4712	YCR022C	0.71235
4713	YCR003W	0.71224
4714	YEL017W	0.71214
4715	YMR122W-A	0.71203
4716	YIR001C	0.71203
4717	YNL315C	0.71193
4718	YDR008C	0.71186
4719	YJL100W	0.71183
4720	YKL033W	0.71178
4721	YDR545C-A	0.71177
4722	YDL121C	0.71174
4723	YNL226W	0.71173
4724	YNL174W	0.71172
4725	YDR509W	0.7116
4726	YKL055C	0.7116
4727	YMR004W	0.71157
4728	YBR142W	0.71155
4729	YDR464W	0.71147
4730	YIL025C	0.71143
4731	YLR032W	0.71139
4732	YDR430C	0.71137
4733	YMR047C	0.71128
4734	YPR169W-A	0.71122
4735	YMR216C	0.71121
4736	YLR183C	0.71112
4737	YMR070W	0.7111
4738	YLR467C-A	0.7111
4739	YOR396C-A	0.7111
4740	YLR466C-A	0.7111
4741	YBR266C	0.71109
4742	YLR453C	0.711
4743	YDR529C	0.71094
4744	YDR049W	0.71091
4745	YBL107C	0.71087
4746	YER024W	0.71068
4747	YDR449C	0.71058
4748	YNL039W	0.71058
4749	YIL132C	0.71056
4750	YDR503C	0.71054
4751	YER037W	0.71053
4752	YDR290W	0.71053
4753	YLR407W	0.71052
4754	YBR061C	0.71044
4755	YBL010C	0.71036
4756	YPL257W	0.71032
4757	YLR035C	0.71031
4758	YLR350W	0.71024
4759	YDL116W	0.71004
4760	YJR019C	0.71003
4761	YLR202C	0.70998
4762	YMR165C	0.70995
4763	YGR188C	0.70987
4764	YPR202W	0.70987
4765	YFL012W-A	0.70984
4766	YOR302W	0.70984
4767	YGR212W	0.70982
4768	YDR231C	0.7097
4769	YOL071W	0.70964
4770	YOR227W	0.70953
4771	YDR359C	0.70922
4772	YGR170W	0.7091
4773	YOR041C	0.70902
4774	YEL077W-A	0.70898
4775	YPL283W-B	0.70898
4776	YPR204C-A	0.70898
4777	YGR296C-B	0.70898
4778	YER190C-B	0.70898
4779	YIL029C	0.70898
4780	YJL029C	0.70891
4781	YKL136W	0.7089
4782	YDR403W	0.70885
4783	YLR312W-A	0.70883
4784	YBR271W	0.70883
4785	YGR018C	0.70877
4786	YER038W-A	0.70873
4787	YLR177W	0.70873
4788	YJL077C	0.70872
4789	YNL295W	0.70869
4790	YNL205C	0.70868
4791	YKL061W	0.70859
4792	YKR103W	0.70859
4793	YNL067W-A	0.70859
4794	YOR032W-A	0.70844
4795	YGR223C	0.70834
4796	YAR019C	0.70829
4797	YDL091C	0.70829
4798	YGR084C	0.70823
4799	YDL002C	0.70818
4800	YBL086C	0.70815
4801	YCR001W	0.70811
4802	YKR005C	0.70809
4803	YDR421W	0.70809
4804	YMR060C	0.70806
4805	YFL025C	0.70804
4806	YNR022C	0.7079
4807	YMR154C	0.70789
4808	YOR098C	0.70788
4809	YEL074W	0.70785
4810	YLR417W	0.70777
4811	YLL020C	0.70767
4812	YFR003C	0.70767
4813	YHL009W-A	0.7076
4814	YLR091W	0.70759
4815	YKR065C	0.70753
4816	YLR166C	0.70748
4817	YIL077C	0.70748
4818	YDL025C	0.7074
4819	YOR188W	0.7074
4820	YDR335W	0.70727
4821	YNL165W	0.70726
4822	YOL033W	0.70709
4823	YMR087W	0.70708
4824	YER144C	0.70702
4825	YCR020W-B	0.70698
4826	YPL242C	0.70691
4827	YOR067C	0.7069
4828	YMR148W	0.70689
4829	YKL169C	0.70689
4830	YDR340W	0.70683
4831	YOR373W	0.70677
4832	YOR263C	0.7067
4833	YLR437C	0.70669
4834	YDR387C	0.70662
4835	YNL319W	0.70656
4836	YCL034W	0.7065
4837	YDR020C	0.70648
4838	YBL008W-A	0.70644
4839	YBR171W	0.70631
4840	YGR219W	0.70615
4841	YDR179W-A	0.70608
4842	YJL114W	0.70605
4843	YHR122W	0.70596
4844	YMR030W-A	0.70595
4845	YBR074W	0.70593
4846	YHR101C	0.70592
4847	YGR091W	0.70592
4848	YOL141W	0.70589
4849	YBR230C	0.70584
4850	YIL095W	0.70582
4851	YMR313C	0.70576
4852	YLR309C	0.70572
4853	YMR044W	0.70571
4854	YLR128W	0.70569
4855	YFL032W	0.70567
4856	YMR106C	0.70565
4857	YDR538W	0.70565
4858	YKL014C	0.70564
4859	YBL049W	0.70564
4860	YML023C	0.70563
4861	YDR531W	0.70562
4862	YJL101C	0.70559
4863	YLR154W-E	0.70555
4864	YDL024C	0.70551
4865	YPR089W	0.70547
4866	YGL172W	0.70536
4867	YBL067C	0.70533
4868	YBL077W	0.70531
4869	YLR199C	0.70518
4870	YJL122W	0.70516
4871	YDL129W	0.70515
4872	YIL023C	0.70514
4873	YDR470C	0.70513
4874	YDR377W	0.7051
4875	YHL046W-A	0.70503
4876	YMR267W	0.705
4877	YDL151C	0.70499
4878	YHR063W-A	0.70495
4879	YLR366W	0.70491
4880	YMR111C	0.70473
4881	YGR070W	0.70471
4882	YLR154W-C	0.70454
4883	YPL252C	0.70451
4884	YDR440W	0.70444
4885	YOR381W-A	0.70438
4886	YLR163W-A	0.70428
4887	YGL092W	0.70417
4888	YML104C	0.70417
4889	YBR300C	0.70413
4890	YLR439W	0.70407
4891	YCL064C	0.70395
4892	YLR163C	0.70391
4893	YLR052W	0.70366
4894	YGL084C	0.70363
4895	YDR153C	0.70361
4896	YHR193C-A	0.70358
4897	YOL032W	0.7035
4898	YJR066W	0.70347
4899	YLR247C	0.70339
4900	YGR014W	0.70335
4901	YJL046W	0.7033
4902	YOR368W	0.70329
4903	YGR119C	0.70303
4904	YNL208W	0.70303
4905	YER078W-A	0.70293
4906	YMR048W	0.70291
4907	YIR024C	0.7029
4908	YBL094C	0.70288
4909	YER186C	0.70282
4910	YBR197C	0.7027
4911	YBR269C	0.7027
4912	YDL197C	0.70269
4913	YBR129C	0.70268
4914	YDR283C	0.70253
4915	YNL038W	0.70252
4916	YDR251W	0.70246
4917	YDR014W-A	0.70245
4918	YNL164C	0.70242
4919	YJR060W	0.70237
4920	YBR056C-B	0.70233
4921	YHR125W	0.70227
4922	YPL096C-A	0.70226
4923	YMR055C	0.70216
4924	YNL120C	0.70215
4925	YCR039C	0.70214
4926	YCL067C	0.70214
4927	YPR136C	0.70208
4928	YAL037C-A	0.70204
4929	YDR511W	0.70199
4930	YDR333C	0.70193
4931	YMR134W	0.70189
4932	YPL032C	0.70188
4933	YNR007C	0.70184
4934	YHR091C	0.70179
4935	YCR016W	0.70179
4936	YHR069C-A	0.70178
4937	YOR171C	0.70175
4938	YGL041C-B	0.70171
4939	YLR225C	0.70171
4940	YEL025C	0.70167
4941	YFL014W	0.70164
4942	Q0070	0.70161
4943	YKL183W	0.70161
4944	YIL167W	0.70155
4945	YOL166C	0.70154
4946	YNL118C	0.70154
4947	YNL278W	0.70153
4948	YOL024W	0.70152
4949	YNL122C	0.70142
4950	YBR188C	0.7014
4951	YKL130C	0.70119
4952	YGL013C	0.70118
4953	YMR031C	0.70117
4954	YPL102C	0.7011
4955	YKL208W	0.70098
4956	YOR033C	0.70097
4957	YMR035W	0.70095
4958	YDR383C	0.70094
4959	YJR115W	0.70094
4960	YNL050C	0.70091
4961	YGR258C	0.70088
4962	YIL009C-A	0.70083
4963	YGR033C	0.70082
4964	YPR150W	0.70081
4965	YOL019W	0.70079
4966	YJR122W	0.70078
4967	YDR156W	0.70063
4968	YGR274C	0.70061
4969	YKL012W	0.7006
4970	YNL035C	0.70057
4971	YOL045W	0.70053
4972	YPR141C	0.7005
4973	YPL109C	0.70043
4974	YKL175W	0.7004
4975	YER113C	0.7004
4976	YKL071W	0.70038
4977	YIL096C	0.70032
4978	YKR061W	0.70029
4979	YDR138W	0.70029
4980	YOR305W	0.70019
4981	YFL027C	0.70011
4982	YLR054C	0.70009
4983	YBR289W	0.70007
4984	YJL004C	0.69998
4985	YDR141C	0.69997
4986	YJL054W	0.69991
4987	YDR192C	0.69988
4988	YMR061W	0.69983
4989	YNR028W	0.69982
4990	YPL163C	0.69981
4991	YPL188W	0.69972
4992	YAR047C	0.69972
4993	YNL215W	0.69968
4994	YBR191W-A	0.69967
4995	YER050C	0.69962
4996	Q0160	0.69956
4997	YPL126W	0.69951
4998	YBL090W	0.69948
4999	YDL220C	0.69947
5000	YHR084W	0.69945
5001	YBL079W	0.69895
5002	YGR237C	0.69887
5003	YER068W	0.69886
5004	YMR019W	0.69874
5005	YLR440C	0.69871
5006	YAR002W	0.69865
5007	YBR246W	0.69857
5008	YOR124C	0.69852
5009	YJL069C	0.69839
5010	YJR036C	0.69833
5011	YOR093C	0.69831
5012	YKL045W	0.6983
5013	YDR455C	0.69818
5014	YML029W	0.69806
5015	YLR136C	0.69788
5016	YNL262W	0.69784
5017	YEL016C	0.69769
5018	YGL178W	0.69762
5019	YKL155C	0.69755
5020	YKL140W	0.69734
5021	YJR100C	0.69733
5022	YNL300W	0.69731
5023	YBR281C	0.6973
5024	YDR501W	0.69729
5025	YDR437W	0.69718
5026	YJR107C-A	0.6971
5027	YOR334W	0.69709
5028	YEL061C	0.69702
5029	YOR111W	0.69701
5030	YER158W-A	0.69698
5031	YKL096C-B	0.6969
5032	YOR193W	0.69684
5033	YPR001W	0.69679
5034	YMR147W	0.69674
5035	YOR078W	0.69669
5036	YLR422W	0.69664
5037	YLR228C	0.69664
5038	YBL113W-A	0.69663
5039	YOL004W	0.69663
5040	YHR136C	0.69652
5041	YPR179C	0.69649
5042	YDL035C	0.69644
5043	YKR072C	0.69643
5044	YDL054C	0.69641
5045	YLR132C	0.69639
5046	YOR017W	0.69638
5047	YHR099W	0.69638
5048	YKR046C	0.69632
5049	YLR363C	0.69629
5050	YNL303W	0.69628
5051	YMR129W	0.69625
5052	YKR082W	0.69622
5053	YGR077C	0.6962
5054	YJR142W	0.69619
5055	YNR058W	0.69614
5056	YPR050C	0.69612
5057	YDR426C	0.69608
5058	YOR249C	0.69604
5059	YGR049W	0.69591
5060	YCR083W	0.69579
5061	YJR041C	0.69576
5062	YAL032C	0.69573
5063	YJR102C	0.69561
5064	YLR442C	0.69546
5065	YNL230C	0.69545
5066	YMR166C	0.69538
5067	YKL083W	0.69534
5068	YGR198W	0.69533
5069	YOL035C	0.69526
5070	YNL109W	0.6952
5071	YLR084C	0.69517
5072	YOL164W-A	0.69507
5073	YCL004W	0.69501
5074	YJL091C	0.69485
5075	YOR247W	0.69473
5076	YNL304W	0.69466
5077	YOR002W	0.69456
5078	YLR006C	0.69447
5079	YPR027C	0.69447
5080	YJR147W	0.69446
5081	YPL139C	0.6944
5082	YIL024C	0.69432
5083	YNL168C	0.69421
5084	YMR067C	0.69412
5085	YOR360C	0.69412
5086	YKR008W	0.69378
5087	YJL107C	0.69377
5088	YOR392W	0.69376
5089	YPL278C	0.6937
5090	YBL093C	0.6937
5091	YPR048W	0.69364
5092	YJR059W	0.6936
5093	YMR223W	0.69357
5094	YJL086C	0.69354
5095	YKR054C	0.69352
5096	YOR354C	0.69347
5097	YOL104C	0.69345
5098	YMR256C	0.69344
5099	YPL105C	0.69337
5100	YDR080W	0.69335
5101	YBR293W	0.69329
5102	YLR406C-A	0.69328
5103	YGR238C	0.69325
5104	YIL130W	0.69313
5105	YDR486C	0.69301
5106	YDL181W	0.69297
5107	YDR205W	0.6929
5108	YOR070C	0.69289
5109	YJL193W	0.69286
5110	YIL098C	0.69286
5111	YDR524C-A	0.69282
5112	YGR228W	0.69273
5113	YLR336C	0.69272
5114	YGL127C	0.69271
5115	YDR048C	0.6927
5116	YHR073W	0.69267
5117	YGL132W	0.69267
5118	YJL133W	0.69267
5119	YDL074C	0.69262
5120	YML012C-A	0.69257
5121	YJL112W	0.69251
5122	YMR190C	0.69248
5123	YDL203C	0.69246
5124	YAL056W	0.69234
5125	YNR031C	0.69228
5126	YML047W-A	0.69225
5127	YHR158C	0.69213
5128	YDL173W	0.69209
5129	YBR179C	0.69206
5130	YFR043C	0.692
5131	YDR081C	0.69187
5132	YLR067C	0.69179
5133	YML107C	0.69169
5134	YDR006C	0.69169
5135	YDR357C	0.69167
5136	YDR245W	0.69161
5137	YOR011W-A	0.69157
5138	YLR329W	0.6914
5139	YOR152C	0.69138
5140	YIR016W	0.69134
5141	YLR299W	0.69126
5142	YHR009C	0.69118
5143	YJL156C	0.69112
5144	YBR128C	0.69111
5145	YML083C	0.6911
5146	YEL072W	0.69099
5147	YOR386W	0.69097
5148	YDR507C	0.69095
5149	YJL157C	0.69077
5150	YOL159C	0.69076
5151	YDL044C	0.69074
5152	YKR096W	0.6906
5153	YHR132W-A	0.69057
5154	YLL040C	0.69056
5155	YOR186C-A	0.69046
5156	YNL253W	0.69044
5157	YNL318C	0.69037
5158	YBR219C	0.69027
5159	YBR022W	0.69011
5160	YER093C	0.69011
5161	YGR056W	0.69003
5162	YMR156C	0.69
5163	YJL126W	0.68998
5164	YDR494W	0.68981
5165	YOR287C	0.68975
5166	YDR326C	0.68968
5167	YLL017W	0.68967
5168	YOL083W	0.68962
5169	YOR278W	0.68952
5170	YGL158W	0.6894
5171	YDR201W	0.68937
5172	YMR021C	0.6893
5173	YMR029C	0.68923
5174	YOL078W	0.68916
5175	YBR292C	0.68914
5176	YGR251W	0.68905
5177	YJL007C	0.68892
5178	YOR365C	0.68891
5179	YML046W	0.68891
5180	YJL047C-A	0.68889
5181	YLR149C	0.68888
5182	YNR006W	0.68883
5183	YGL193C	0.68881
5184	YNL126W	0.68869
5185	YLR087C	0.68868
5186	YIL042C	0.68868
5187	YMR211W	0.68867
5188	YER109C	0.68864
5189	YGR278W	0.68863
5190	YGL014W	0.68861
5191	YLR082C	0.68851
5192	YER078C	0.68848
5193	YLR036C	0.68832
5194	YBR016W	0.68823
5195	YDR068W	0.68818
5196	YGR081C	0.68815
5197	YDR413C	0.68806
5198	YKR083C	0.68805
5199	YPL241C	0.68802
5200	YGL174W	0.688
5201	YKL079W	0.68798
5202	YBR196C-A	0.68795
5203	YLR356W	0.68795
5204	YIL006W	0.6879
5205	YDR409W	0.68787
5206	YLR127C	0.68786
5207	YPL041C	0.68784
5208	YIL040W	0.6878
5209	YMR185W	0.68777
5210	YIL136W	0.68764
5211	YJR087W	0.6876
5212	YDR194W-A	0.68758
5213	YGR046W	0.68755
5214	YJL206C	0.68754
5215	YOL131W	0.68746
5216	YLR217W	0.68746
5217	YOR237W	0.68735
5218	YER007W	0.68727
5219	YCL029C	0.68702
5220	YML096W	0.68697
5221	YKL178C	0.68695
5222	YPL149W	0.68684
5223	YHR078W	0.68681
5224	YAL037W	0.6868
5225	YDR431W	0.68678
5226	YMR053C	0.68666
5227	YPR031W	0.68661
5228	YNL127W	0.6866
5229	YGR280C	0.68657
5230	YJR037W	0.68655
5231	YLR400W	0.68655
5232	YCL001W-A	0.68654
5233	YHR105W	0.68644
5234	YOL105C	0.68633
5235	YMR137C	0.68632
5236	YML093W	0.68625
5237	YJR093C	0.68624
5238	YNL029C	0.68614
5239	YNL265C	0.68612
5240	YJR126C	0.68608
5241	YDR520C	0.68598
5242	YHR097C	0.68587
5243	YBR240C	0.68586
5244	YGR147C	0.68579
5245	YPL189C-A	0.68576
5246	YGL192W	0.68574
5247	YJR140W-A	0.68552
5248	YNR004W	0.68551
5249	YHL021C	0.6855
5250	YEL022W	0.68534
5251	YML099W-A	0.68531
5252	YPL268W	0.68506
5253	YBR026C	0.685
5254	YOR338W	0.685
5255	YBR147W	0.68493
5256	YJR135C	0.6849
5257	YDL183C	0.68484
5258	YNR056C	0.68481
5259	YIR014W	0.68481
5260	YMR287C	0.68481
5261	YDR279W	0.68476
5262	YPR115W	0.68476
5263	YGL131C	0.68472
5264	YOR228C	0.68468
5265	YOR313C	0.6845
5266	YLR321C	0.68439
5267	YHR214C-C	0.68432
5268	YGR053C	0.68425
5269	YGL203C	0.68421
5270	YOR012W	0.68417
5271	YAR008W	0.68413
5272	YER076W-A	0.68391
5273	YMR010W	0.68383
5274	YER118C	0.68373
5275	YAL069W	0.68364
5276	YNL224C	0.6836
5277	YPL260W	0.68357
5278	YPL150W	0.68351
5279	YER135C	0.68348
5280	YGR156W	0.68342
5281	YOR245C	0.68332
5282	YMR237W	0.68331
5283	YPL178W	0.68326
5284	YLR063W	0.6832
5285	YOR288C	0.6831
5286	YDR242W	0.68304
5287	YHR119W	0.68303
5288	YIL156W	0.68302
5289	YGR057C	0.68294
5290	YOL101C	0.68287
5291	YKL106C-A	0.68285
5292	YLR458W	0.68278
5293	YJL106W	0.68278
5294	YDL012C	0.68276
5295	YGR127W	0.68272
5296	YBR051W	0.68267
5297	YDL214C	0.68257
5298	YHR149C	0.6825
5299	YHR035W	0.6825
5300	YNL136W	0.68234
5301	YBL066C	0.68224
5302	Q0182	0.68219
5303	YIL019W	0.68189
5304	YJL066C	0.68188
5305	YGL007C-A	0.6818
5306	YJR097W	0.6817
5307	YDR485C	0.68169
5308	YDR367W	0.68168
5309	YMR172C-A	0.68163
5310	YBL107W-A	0.68158
5311	YCR091W	0.68151
5312	YDR423C	0.68133
5313	YLR381W	0.68133
5314	YIL163C	0.68133
5315	YOR329C	0.6813
5316	YBL060W	0.68129
5317	YMR110C	0.68127
5318	YCR089W	0.68126
5319	YGL247W	0.68123
5320	YPL123C	0.68112
5321	YKL038W	0.68107
5322	YGL067W	0.68098
5323	YKL138C	0.68075
5324	YNL245C	0.68066
5325	YOR097C	0.68066
5326	YIL105C	0.68065
5327	YGL169W	0.68041
5328	YOR333C	0.68027
5329	YLR023C	0.68013
5330	YLL013C	0.68006
5331	YJR119C	0.68005
5332	YBR194W	0.68004
5333	YDR285W	0.67997
5334	YCR095C	0.6799
5335	YBR186W	0.67986
5336	YGL056C	0.67982
5337	YER087W	0.6797
5338	YMR075C-A	0.67954
5339	YMR281W	0.67931
5340	YDR271C	0.67925
5341	YPL248C	0.67914
5342	YFR011C	0.67911
5343	YDL098C	0.67906
5344	YBR290W	0.67899
5345	YCL055W	0.67879
5346	YGL134W	0.67878
5347	YLR290C	0.67877
5348	YNL128W	0.67872
5349	YKL138C-A	0.67865
5350	YJL127C	0.67863
5351	YER133W-A	0.67854
5352	YKL032C	0.67847
5353	YPL128C	0.67842
5354	YDR420W	0.67839
5355	YER121W	0.67824
5356	YJR012C	0.6782
5357	YJL070C	0.67816
5358	YLR297W	0.67809
5359	YNL073W	0.678
5360	YDR202C	0.678
5361	YLR294C	0.67796
5362	YLL032C	0.67784
5363	YOR319W	0.67782
5364	YKL168C	0.67779
5365	YDL094C	0.67776
5366	YDR255C	0.67774
5367	YDL242W	0.67771
5368	YGL006W-A	0.67769
5369	YPL261C	0.67762
5370	YFR042W	0.67762
5371	YGL226C-A	0.67756
5372	YJL073W	0.67753
5373	YHR155W	0.67752
5374	YGR222W	0.67748
5375	YDR261C	0.67721
5376	YDR475C	0.6772
5377	YOR115C	0.67717
5378	YGR275W	0.67706
5379	YMR207C	0.67705
5380	YDR319C	0.67699
5381	YER097W	0.67693
5382	YKR027W	0.67693
5383	YIL050W	0.67688
5384	YIL137C	0.67685
5385	YBR233W-A	0.67675
5386	YKR044W	0.67675
5387	YLR327C	0.67671
5388	YDR484W	0.67665
5389	YMR140W	0.67663
5390	YOL159C-A	0.67661
5391	YJL098W	0.67658
5392	YDL077C	0.67644
5393	YDL005C	0.6764
5394	YBR057C	0.67637
5395	YOR015W	0.67635
5396	YJL209W	0.67634
5397	YLR358C	0.67629
5398	YGR044C	0.67618
5399	YOR344C	0.67604
5400	YGR104C	0.67587
5401	YNL005C	0.67578
5402	YLR456W	0.67577
5403	YDR416W	0.67573
5404	YBR182C-A	0.67572
5405	YOR112W	0.67566
5406	YBR081C	0.67563
5407	YPL035C	0.67562
5408	YLR320W	0.67554
5409	YMR304C-A	0.67551
5410	YLR169W	0.67548
5411	YOR256C	0.67547
5412	YFR039C	0.67545
5413	YGL116W	0.67541
5414	YJR051W	0.67538
5415	YJL057C	0.67535
5416	YKL205W	0.67525
5417	YJL201W	0.67511
5418	YPL021W	0.67494
5419	YJL044C	0.67481
5420	YNL337W	0.67467
5421	YBL100W-C	0.67449
5422	YKL074C	0.67443
5423	YBR098W	0.67442
5424	YLR232W	0.67439
5425	YBR270C	0.67433
5426	YMR141W-A	0.6743
5427	YER047C	0.67425
5428	YJL020W-A	0.6741
5429	YDL237W	0.67384
5430	YCL001W	0.6738
5431	YKR028W	0.67374
5432	YIL030W-A	0.67372
5433	YFR029W	0.67366
5434	YNL041C	0.67358
5435	YBR215W	0.67345
5436	YEL009C-A	0.67334
5437	YNL139C	0.67333
5438	YDR329C	0.67332
5439	YDL113C	0.67331
5440	YKL023W	0.6733
5441	YKR090W	0.67328
5442	YLL021W	0.67326
5443	YOL001W	0.67321
5444	YPL020C	0.67314
5445	YAL017W	0.67304
5446	YGL209W	0.67303
5447	YMR065W	0.673
5448	YML020W	0.6729
5449	YHL027W	0.67287
5450	YBL020W	0.67284
5451	YOR144C	0.67282
5452	YJL019W	0.67281
5453	YMR174C	0.6728
5454	YOL017W	0.6727
5455	YJR053W	0.67267
5456	YGL041C	0.67266
5457	YER006C-A	0.67252
5458	YNL032W	0.6725
5459	YGL041W-A	0.67247
5460	YBR040W	0.67244
5461	YIL127C	0.67244
5462	YDR247W	0.67234
5463	YGL249W	0.67233
5464	YOL044W	0.67233
5465	YCL021W	0.67232
5466	YLR408C	0.67228
5467	YKR089C	0.67224
5468	YHR079C	0.67224
5469	YDR458C	0.6722
5470	YDR410C	0.67218
5471	YOR180C	0.67218
5472	YJL132W	0.67216
5473	YMR064W	0.67204
5474	YAL027W	0.6719
5475	YLR033W	0.67181
5476	YLR265C	0.67173
5477	YPR075C	0.6716
5478	YDR208W	0.67159
5479	YDR254W	0.67141
5480	YDL240C-A	0.6714
5481	YLR466C-B	0.67125
5482	YPL165C	0.67121
5483	YFL041W-A	0.67119
5484	YPL155C	0.67117
5485	YOR394C-A	0.67114
5486	YDL119C	0.67106
5487	YGL168W	0.67096
5488	YLL051C	0.67087
5489	YLR073C	0.67083
5490	YOL095C	0.67077
5491	YIL139C	0.67063
5492	YAL031W-A	0.67063
5493	YNL314W	0.67061
5494	YAL066W	0.6706
5495	YLR191W	0.67059
5496	YPL189W	0.67038
5497	YMR117C	0.67038
5498	YGR106C	0.67036
5499	YPR020W	0.67033
5500	YJL118W	0.6703
5501	YKL015W	0.67011
5502	YGR096W	0.67011
5503	YHL044W	0.66999
5504	YHL028W	0.66997
5505	YNR059W	0.66992
5506	YMR311C	0.66992
5507	YJL146W	0.6699
5508	YHR050W-A	0.66979
5509	YDR299W	0.66966
5510	YJR043C	0.66959
5511	YER137W-A	0.66957
5512	YIL141W	0.6695
5513	YMR017W	0.66945
5514	YER061C	0.66937
5515	YNL196C	0.66928
5516	YIL090W	0.66927
5517	YLL031C	0.66925
5518	YDR303C	0.66909
5519	YGL090W	0.66903
5520	YPL118W	0.66899
5521	YIR021W-A	0.66895
5522	YMR032W	0.66893
5523	YDR160W	0.66881
5524	YML114C	0.66862
5525	YDR197W	0.66852
5526	YIR003W	0.66852
5527	YMR133W	0.66846
5528	YLR395C	0.66844
5529	YDR200C	0.66839
5530	YHL024W	0.66832
5531	YNL254C	0.66832
5532	YDR396W	0.66824
5533	YIL086C	0.66818
5534	YIL066W-A	0.66808
5535	YJR127C	0.66801
5536	YGL085W	0.668
5537	YIL149C	0.66796
5538	YBL071C	0.66791
5539	YLR299C-A	0.66789
5540	YOR304C-A	0.66782
5541	YJR021C	0.66773
5542	YHR137C-A	0.66769
5543	YOL118C	0.66747
5544	YIL129C	0.66727
5545	YOR043W	0.66716
5546	YDL028C	0.66714
5547	YML054C-A	0.66697
5548	YDR260C	0.66696
5549	YKL116C	0.66688
5550	YNL159C	0.66686
5551	YCR099C	0.66684
5552	YKL141W	0.6668
5553	YFR052W	0.66671
5554	YOR371C	0.66669
5555	YGR075C	0.66666
5556	YJR080C	0.6666
5557	YMR013C	0.66654
5558	YLL066W-B	0.66654
5559	YDL117W	0.66649
5560	YNR066C	0.66647
5561	YDR318W	0.66636
5562	YER184C	0.66634
5563	YGL093W	0.66631
5564	YNL198C	0.66629
5565	YGR030C	0.66626
5566	YFL049W	0.66623
5567	YML099C	0.66611
5568	YNL320W	0.66607
5569	YMR283C	0.66604
5570	YOR308C	0.66595
5571	YKR020W	0.66581
5572	YGL230C	0.66579
5573	YMR153C-A	0.66578
5574	YJR138W	0.66574
5575	YBR108W	0.66568
5576	YDR183C-A	0.66554
5577	YOR260W	0.66552
5578	YLR119W	0.66541
5579	YDR499W	0.66529
5580	YER087C-A	0.66524
5581	YMR158C-A	0.66523
5582	YCR108C	0.66508
5583	YML101C-A	0.66505
5584	YCL021W-A	0.66502
5585	YDL184C	0.66501
5586	YDL133C-A	0.66501
5587	YNL257C	0.66499
5588	YDR118W	0.66493
5589	YKL011C	0.66492
5590	YNR044W	0.66491
5591	YHL041W	0.66487
5592	YIL158W	0.66487
5593	YLR260W	0.66484
5594	YEL010W	0.66482
5595	YKR036C	0.66482
5596	YLL035W	0.66464
5597	YER096W	0.66456
5598	YDR143C	0.66455
5599	YML002W	0.66438
5600	YDR354W	0.66436
5601	YJL092W	0.66425
5602	YIL005W	0.66419
5603	YLR295C	0.66414
5604	YJR086W	0.66396
5605	YJL170C	0.66395
5606	YCR018C	0.66387
5607	YMR173W	0.6638
5608	YNL204C	0.66375
5609	YNL235C	0.66374
5610	YDR363W	0.66373
5611	YMR052C-A	0.66343
5612	YNL008C	0.66343
5613	YOR140W	0.66327
5614	YPR158C-C	0.66317
5615	YML076C	0.66304
5616	YHR138C	0.663
5617	YGR196C	0.66293
5618	YKL121W	0.66287
5619	YKL133C	0.66273
5620	YGR052W	0.66273
5621	YHR093W	0.66273
5622	YOL134C	0.66263
5623	YOR242C	0.66263
5624	YKL050C	0.66259
5625	YMR258C	0.66254
5626	YER054C	0.66252
5627	YDR261C-C	0.6625
5628	YKL118W	0.66246
5629	YMR068W	0.66235
5630	YLR256W	0.66222
5631	YJR111C	0.66219
5632	YML128C	0.66212
5633	YCL028W	0.66208
5634	YPR151C	0.66206
5635	YPL257W-A	0.66196
5636	YDR365W-A	0.66196
5637	YLR157C-A	0.66196
5638	YER137C-A	0.66196
5639	YOR346W	0.66187
5640	YHR015W	0.66176
5641	YGR016W	0.66173
5642	YOR231C-A	0.66166
5643	YBR172C	0.66161
5644	YOL103W-A	0.6616
5645	YDL158C	0.66157
5646	YHL035C	0.66151
5647	YNL070W	0.66149
5648	YBR195C	0.66147
5649	YER066C-A	0.66143
5650	YKL106W	0.66141
5651	YKR029C	0.66141
5652	YBL014C	0.66138
5653	YBL005W	0.66126
5654	YGR160W	0.66123
5655	YGR011W	0.66121
5656	YER138W-A	0.6612
5657	YKR019C	0.66113
5658	YDR389W	0.66106
5659	YDR246W	0.661
5660	YBR238C	0.66095
5661	YPR134W	0.6609
5662	YDR125C	0.66086
5663	YCL039W	0.66076
5664	YER122C	0.66074
5665	YJL016W	0.6605
5666	YDR176W	0.66043
5667	YNL338W	0.66043
5668	YLR256W-A	0.6604
5669	YBR212W	0.66034
5670	YOR385W	0.66034
5671	YDR131C	0.66031
5672	YPL146C	0.66031
5673	YLR313C	0.66026
5674	YAL065C	0.66016
5675	YDR463W	0.66014
5676	YDR376W	0.66013
5677	YPL216W	0.6601
5678	YBR097W	0.66006
5679	YJR101W	0.66005
5680	YGR205W	0.65987
5681	YDR350C	0.65967
5682	YDR489W	0.65964
5683	YOL015W	0.65956
5684	YDR228C	0.65949
5685	YNL012W	0.65944
5686	YBL039W-B	0.65942
5687	YLR227W-A	0.65936
5688	YJR026W	0.65936
5689	YML040W	0.65936
5690	YLR187W	0.65929
5691	YBR257W	0.65922
5692	YGL182C	0.65921
5693	YDR115W	0.65915
5694	YKR011C	0.65902
5695	YJR062C	0.65898
5696	YPR022C	0.65895
5697	YDR170W-A	0.65891
5698	YOR211C	0.6588
5699	YOR166C	0.65875
5700	YJL013C	0.65868
5701	YHR023W	0.65867
5702	YNL249C	0.65859
5703	YHR056C	0.65855
5704	YDR495C	0.65854
5705	YGL151W	0.65834
5706	YPR015C	0.65832
5707	YNL047C	0.65822
5708	YPR007C	0.65821
5709	YLR219W	0.6582
5710	YDL216C	0.65816
5711	YNL100W	0.65813
5712	YPL161C	0.65801
5713	YDR057W	0.65777
5714	YLR094C	0.65772
5715	YGR013W	0.65766
5716	YBR276C	0.65763
5717	YNL068C	0.65763
5718	YNL171C	0.65756
5719	YHR109W	0.65749
5720	YJR134C	0.65744
5721	YGR122C-A	0.65729
5722	YCL022C	0.65715
5723	YGL160W	0.65714
5724	YER169W	0.65702
5725	YDR229W	0.65695
5726	YER041W	0.65691
5727	YPR079W	0.6568
5728	YDR295C	0.65678
5729	YLR148W	0.65674
5730	YJR091C	0.65667
5731	YOR121C	0.65661
5732	YFL024C	0.65657
5733	YGL113W	0.65651
5734	YAL068W-A	0.65647
5735	YDR461C-A	0.65641
5736	YMR094W	0.65626
5737	YJL204C	0.65625
5738	YMR176W	0.65624
5739	YMR098C	0.65624
5740	YKL149C	0.65587
5741	YIL105W-A	0.65583
5742	YMR118C	0.65578
5743	YLR315W	0.65567
5744	YDR198C	0.65565
5745	YOL117W	0.65562
5746	YNL133C	0.65559
5747	YBR163W	0.6554
5748	YPL168W	0.65532
5749	YNL297C	0.6552
5750	YMR171C	0.65509
5751	YKL134C	0.65504
5752	YLR224W	0.65501
5753	YAR010C	0.65491
5754	YPR137C-A	0.65491
5755	YNR045W	0.65485
5756	YNR047W	0.65484
5757	YMR073C	0.65482
5758	YJL105W	0.65463
5759	YHR154W	0.65462
5760	YLR310C	0.65458
5761	YPR199C	0.65452
5762	YHR071W	0.65431
5763	YML016C	0.654
5764	YJL084C	0.65386
5765	YOL082W	0.65346
5766	YDL179W	0.65344
5767	YGL124C	0.65336
5768	YJR108W	0.65336
5769	YPL027W	0.65317
5770	YLR079W	0.65288
5771	YPL115C	0.65287
5772	YKR098C	0.65275
5773	YLR227C	0.65256
5774	YER114C	0.65255
5775	YJL099W	0.65252
5776	Q0075	0.65231
5777	YCL024W	0.65229
5778	YJL113W	0.65211
5779	YDR042C	0.65211
5780	YLR024C	0.65209
5781	YGL107C	0.65206
5782	YBR058C-A	0.65205
5783	YDR119W	0.65188
5784	YJR028W	0.65177
5785	YDR024W	0.65174
5786	YDR098C-A	0.65166
5787	YNL026W	0.6516
5788	YHR143W	0.65158
5789	YDR034C-A	0.65154
5790	YGR225W	0.65152
5791	YKR016W	0.65143
5792	YEL007W	0.65142
5793	YMR257C	0.65137
5794	YML045W-A	0.65135
5795	YNL284C-A	0.65135
5796	YMR025W	0.65127
5797	YGR027W-A	0.65105
5798	YGR109C	0.65105
5799	YOR329W-A	0.65099
5800	YLR222C-A	0.65096
5801	YHL009W-B	0.6508
5802	YBR012W-A	0.65077
5803	YIL044C	0.65052
5804	YDR203W	0.65049
5805	YJL083W	0.65042
5806	YDR005C	0.65036
5807	YOR320C	0.65028
5808	YOR337W	0.65023
5809	YOR081C	0.65021
5810	YMR100W	0.65011
5811	YCR043C	0.65011
5812	YJL176C	0.65009
5813	YPL174C	0.64993
5814	YDR124W	0.64986
5815	YGR038C-A	0.6498
5816	YNL058C	0.64979
5817	YGL066W	0.64976
5818	YGR161C-C	0.64975
5819	YMR051C	0.64975
5820	YLR035C-B	0.64975
5821	YDR316W-A	0.64975
5822	YER159C-A	0.64975
5823	YNL234W	0.6497
5824	YJL150W	0.6496
5825	YPL039W	0.64953
5826	YPR117W	0.64945
5827	YNR025C	0.64943
5828	YLR434C	0.64924
5829	YCR032W	0.6492
5830	YMR280C	0.64889
5831	YKL068W	0.64866
5832	YDL149W	0.64858
5833	YER064C	0.64847
5834	YEL023C	0.64834
5835	YLR423C	0.64829
5836	YML113W	0.64825
5837	YDR361C	0.6481
5838	YFR036W-A	0.64803
5839	YIL112W	0.6479
5840	YJL049W	0.64788
5841	YDL070W	0.64768
5842	YPL057C	0.64765
5843	YLR173W	0.64751
5844	YPL177C	0.64744
5845	YMR274C	0.64738
5846	YGL142C	0.64734
5847	YBR217W	0.64727
5848	YDR078C	0.64727
5849	YOL089C	0.64723
5850	YML103C	0.64716
5851	YDL169C	0.64689
5852	YMR130W	0.64683
5853	YNR024W	0.64675
5854	YMR153W	0.64665
5855	YDL130W-A	0.64661
5856	YLR142W	0.64646
5857	YGR171C	0.64642
5858	YOR142W-A	0.64632
5859	YPR158W-A	0.64632
5860	YOR220W	0.64622
5861	YMR172W	0.64612
5862	YKL025C	0.6461
5863	YER071C	0.64606
5864	YDL107W	0.64606
5865	YDR315C	0.64605
5866	YPR012W	0.64584
5867	YLR278C	0.64574
5868	YOR350C	0.64573
5869	YPL130W	0.64562
5870	YLR263W	0.64549
5871	YJL076W	0.64529
5872	YGR017W	0.64518
5873	YDL142C	0.64505
5874	YLR099W-A	0.64495
5875	YKL110C	0.64493
5876	YHR102W	0.64486
5877	YBR224W	0.64462
5878	YMR191W	0.64454
5879	YKR004C	0.64444
5880	YDL115C	0.64443
5881	YGL117W	0.64423
5882	YHR145C	0.64417
5883	YDR317W	0.64412
5884	YDR210C-C	0.64407
5885	YOR104W	0.64402
5886	YIR018W	0.64402
5887	YIL056W	0.64401
5888	YDR147W	0.64366
5889	YNL213C	0.64361
5890	YMR046C	0.64347
5891	YHR167W	0.64345
5892	YPR042C	0.64344
5893	YDL139C	0.64338
5894	Q0092	0.64311
5895	YML017W	0.64272
5896	YGR142W	0.64269
5897	YBL005W-A	0.64268
5898	YOR149C	0.64259
5899	YBR133C	0.64253
5900	YOR127W	0.64242
5901	YOR238W	0.6423
5902	YBR173C	0.64222
5903	YJR110W	0.64221
5904	YOR336W	0.64218
5905	YML037C	0.64215
5906	YCL020W	0.64207
5907	YOR019W	0.64199
5908	YER188C-A	0.6419
5909	YPR026W	0.64177
5910	YMR052W	0.64174
5911	YDR088C	0.64172
5912	YPL026C	0.64163
5913	YDR348C	0.64154
5914	YOR129C	0.64147
5915	YFR032C-B	0.64143
5916	YOR284W	0.64142
5917	YOL100W	0.64142
5918	YDR544C	0.64136
5919	YLL019C	0.64128
5920	YDR034C-C	0.64122
5921	YDL073W	0.64095
5922	YGR161W-C	0.64089
5923	YKR095W	0.64086
5924	YDR261W-A	0.64069
5925	YFL019C	0.64064
5926	YBL051C	0.64058
5927	YGR039W	0.64051
5928	YLR001C	0.64048
5929	YDR089W	0.64047
5930	YML034W	0.6404
5931	YMR018W	0.64035
5932	YGR230W	0.6402
5933	YCR066W	0.63969
5934	YDR159W	0.63967
5935	YER112W	0.63965
5936	YBR033W	0.63951
5937	YDL016C	0.63946
5938	YNL201C	0.63925
5939	YDR320C	0.63924
5940	YDR072C	0.63908
5941	YDL045C	0.63907
5942	YDR065W	0.63904
5943	YDR543C	0.63897
5944	YNL199C	0.63877
5945	YPL076W	0.63872
5946	YBL059W	0.63868
5947	YJL032W	0.63868
5948	YLR211C	0.63864
5949	YPR049C	0.63859
5950	YMR282C	0.63824
5951	YBR161W	0.63824
5952	YNL011C	0.63805
5953	YNR039C	0.63782
5954	YBR152W	0.63779
5955	YAL028W	0.63776
5956	YMR030W	0.63775
5957	YGR233C	0.63767
5958	YOR107W	0.63754
5959	YLR165C	0.63752
5960	YML059C	0.63749
5961	YBL043W	0.63747
5962	YBL085W	0.63738
5963	YGR150C	0.63737
5964	YIL071W-A	0.63728
5965	YOL003C	0.63725
5966	YDR414C	0.63723
5967	YCL057W	0.6371
5968	YCR019W	0.63704
5969	YKL159C	0.63659
5970	YOR192C-A	0.6365
5971	YJR092W	0.63639
5972	YDR322W	0.63623
5973	YPL272C	0.63608
5974	YPL016W	0.63603
5975	YLR454W	0.63588
5976	YGR134W	0.63582
5977	YPL018W	0.63577
5978	YOR053W	0.6357
5979	YKL052C	0.63566
5980	YLR182W	0.63563
5981	YLR151C	0.63558
5982	YLR135W	0.63554
5983	YDR365W-B	0.6355
5984	YKL101W	0.63543
5985	YJL056C	0.63532
5986	YPL069C	0.63524
5987	YPL060C-A	0.63519
5988	YOR169C	0.635
5989	YEL062W	0.63493
5990	YPR036W-A	0.63476
5991	YOR190W	0.63475
5992	YDL050C	0.63469
5993	YHR214C-B	0.63451
5994	YMR066W	0.63448
5995	YBR072C-A	0.63446
5996	YIL092W	0.63444
5997	YLR403W	0.63441
5998	YDR179C	0.63441
5999	YPR021C	0.63436
6000	YGR079W	0.63422
6001	YDR240C	0.63415
6002	YLL033W	0.63413
6003	YLR459W	0.63369
6004	YKL072W	0.63361
6005	YMR299C	0.63359
6006	YER093C-A	0.63343
6007	YGL059W	0.63317
6008	YNL054W-A	0.63308
6009	YGL042C	0.63292
6010	YGL086W	0.63289
6011	YHR217C	0.63288
6012	YHL009C	0.63285
6013	YJL187C	0.63282
6014	YLR332W	0.63272
6015	YGL214W	0.63254
6016	YPL049C	0.63252
6017	Q0080	0.63244
6018	YBL100W-A	0.63239
6019	YLR256W-B/YLR256W-C	0.63236
6020	YNL013C	0.6322
6021	YFL002W-B	0.63211
6022	YGR161W-A	0.63211
6023	YLR424W	0.63202
6024	YKR030W	0.63175
6025	YPL141C	0.63166
6026	YKR045C	0.63152
6027	YDR070C	0.63134
6028	YER138C	0.63113
6029	YHR159W	0.63096
6030	YML045W	0.63073
6031	YCR024C	0.63072
6032	YOL103W-B	0.63059
6033	YMR164C	0.63046
6034	YNL172W	0.63033
6035	YJL048C	0.63029
6036	YPL257W-B	0.63028
6037	YKR031C	0.63026
6038	YGL215W	0.63025
6039	YKR099W	0.6302
6040	YJR027W	0.63019
6041	YBR012W-B	0.63018
6042	YDR222W	0.63011
6043	YBR250W	0.6299
6044	YMR050C	0.6299
6045	YLR410W-A	0.62986
6046	YLR057W	0.62985
6047	YGR161C-D	0.62982
6048	YIL055C	0.62981
6049	YJR029W	0.62981
6050	YML039W	0.6298
6051	R0030W	0.62976
6052	YGR038C-B	0.62973
6053	YGR168C	0.62971
6054	YHR130C	0.62964
6055	YDR098C-B	0.62959
6056	YKL068W-A	0.62943
6057	YGR038C-E	0.6294
6058	YPR137C-B	0.62937
6059	YLR157C-B	0.62932
6060	YNL054W-B	0.62931
6061	YJR003C	0.62926
6062	YOR266W	0.62922
6063	YGR227W	0.62922
6064	Q0143	0.62921
6065	YHR082C	0.62919
6066	YBR049C	0.629
6067	YDR195W	0.62899
6068	YDR422C	0.62878
6069	YIL102C-A	0.62878
6070	YBR077C	0.62876
6071	YGR115C	0.62875
6072	YPR158C-D	0.62867
6073	YGR027W-B	0.62853
6074	YNL309W	0.62836
6075	YBR124W	0.62835
6076	YDL106C	0.62829
6077	YNL054W	0.62826
6078	YDL114W	0.62814
6079	YMR059W	0.6281
6080	YLR035C-A	0.62808
6081	YBL103C	0.62801
6082	YOR142W-B	0.62801
6083	YER160C	0.62786
6084	YOL138C	0.62765
6085	YLR227W-B	0.62758
6086	YNR049C	0.62757
6087	YMR119W	0.62741
6088	YBR136W	0.62717
6089	YDR210C-D	0.62714
6090	YDR316W-B	0.62713
6091	YPR158W-B	0.62708
6092	YLR376C	0.62704
6093	YDR532C	0.62702
6094	YPL040C	0.62692
6095	YBL084C	0.62692
6096	YPR061C	0.62685
6097	YDL056W	0.62617
6098	YOR177C	0.62606
6099	YOR355W	0.62601
6100	YPR106W	0.62599
6101	YCL014W	0.62577
6102	YCL061C	0.62576
6103	YDR469W	0.62569
6104	YDR505C	0.62569
6105	YAL063C-A	0.62549
6106	YDR261C-D	0.62549
6107	YBR239C	0.62544
6108	YBL005W-B	0.62541
6109	YML041C	0.62522
6110	YNL284C-B	0.6252
6111	YER022W	0.62504
6112	YIL159W	0.62502
6113	YLR238W	0.625
6114	YMR045C	0.62486
6115	YLR176C	0.62482
6116	YDR066C	0.62481
6117	YOR235W	0.62477
6118	YHR006W	0.62468
6119	YNL156C	0.62455
6120	YNL105W	0.62411
6121	YPL085W	0.62393
6122	YDL152W	0.62379
6123	YML058W	0.62359
6124	YKR034W	0.62353
6125	YAL041W	0.6233
6126	YOR047C	0.62324
6127	YBR182C	0.62312
6128	YDR406W-A	0.6231
6129	YGR108W	0.62279
6130	YMR163C	0.62273
6131	YGR015C	0.62256
6132	YOR343W-A	0.62234
6133	YKR037C	0.62228
6134	YDL176W	0.62222
6135	YDR466W	0.6222
6136	YGL075C	0.62216
6137	YGL197W	0.62194
6138	YPL253C	0.62175
6139	YGL136C	0.62168
6140	YCL005W	0.62162
6141	YOR058C	0.62145
6142	YML047C	0.62142
6143	YDR210W-A	0.62142
6144	YLR424C-B	0.62141
6145	YPL156C	0.62136
6146	YOL136C	0.62123
6147	YDR082W	0.62118
6148	YER175W-A	0.62091
6149	YMR072W	0.62088
6150	YOR113W	0.62083
6151	YMR284W	0.62081
6152	YGL061C	0.62079
6153	YPL011C	0.62051
6154	YIR010W	0.62048
6155	YGL176C	0.62029
6156	YBL073W	0.62014
6157	YOR028C	0.61999
6158	YBR225W	0.61977
6159	YDR457W	0.61951
6160	YCL019W	0.61949
6161	YGL096W	0.61948
6162	YJL058C	0.61936
6163	YPR142C	0.61865
6164	YER173W	0.61849
6165	YLL042C	0.61846
6166	YPL219W	0.61835
6167	YGL162W	0.61818
6168	YPR101W	0.61799
6169	YNL195C	0.61794
6170	YGL194C-A	0.6179
6171	YER129W	0.6179
6172	YPL120W	0.61787
6173	YBR131W	0.61781
6174	YBL048W	0.61764
6175	YAR009C	0.61762
6176	YOR297C	0.61761
6177	YPR067W	0.61743
6178	YLR190W	0.61743
6179	YNL157W	0.6173
6180	YGR250C	0.6172
6181	YER046W	0.61717
6182	YLR271W	0.61694
6183	YBR201C-A	0.61676
6184	YAL034C	0.61672
6185	YOR143C	0.61654
6186	YDR034C	0.61627
6187	YJL180C	0.61625
6188	YPR070W	0.61622
6189	YOR030W	0.6162
6190	YCR097W	0.61618
6191	YBL088C	0.61612
6192	YMR326C	0.61608
6193	YDR104C	0.61605
6194	YFL002W-A	0.61586
6195	YGR161W-B	0.61586
6196	YDR261W-B	0.6158
6197	YDR369C	0.61565
6198	YBL052C	0.61559
6199	YKL108W	0.61524
6200	YOR289W	0.6152
6201	YGR140W	0.61519
6202	YGL038C	0.61509
6203	YAL016C-B	0.61507
6204	YDR076W	0.61497
6205	YGR038C-D/YGR038C-C	0.61495
6206	YLR360W	0.61484
6207	YOL069W	0.61484
6208	YFR008W	0.61469
6209	YHR004C	0.61466
6210	YLR198C	0.6146
6211	YFL063W	0.6146
6212	YNR063W	0.61458
6213	YHR182W	0.6145
6214	YHR017W	0.61449
6215	YPR009W	0.61435
6216	YMR195W	0.61434
6217	YOL070C	0.61431
6218	YDR169C	0.61426
6219	YKR100C	0.61407
6220	YML062C	0.61403
6221	YOR192C-B	0.61403
6222	YPL034W	0.61392
6223	YDL127W	0.61384
6224	YPR170W-A	0.61376
6225	YDR071C	0.61375
6226	YLR465C	0.61373
6227	YFR017C	0.61368
6228	YOR158W	0.61367
6229	YPL166W	0.61366
6230	YDL159W-A	0.61358
6231	YGL005C	0.61341
6232	YLR312C	0.61335
6233	YDR034C-D	0.61329
6234	YOR298W	0.61328
6235	YLR031W	0.6132
6236	YKL176C	0.61318
6237	YCR081W	0.61308
6238	YAR014C	0.61276
6239	YNL183C	0.61269
6240	YPL099C	0.61267
6241	YHR131C	0.6126
6242	YHR175W-A	0.61251
6243	YDL170W	0.61244
6244	YHR184W	0.61228
6245	YNL046W	0.61226
6246	YLR410W-B	0.61182
6247	YDR210W-B	0.61176
6248	YOR037W	0.61165
6249	YOR186W	0.61162
6250	YBL100W-B	0.61152
6251	YBR168W	0.61135
6252	YBR083W	0.61093
6253	YCR018C-A	0.61057
6254	Q0110	0.61048
6255	YOL107W	0.61047
6256	YGL081W	0.61014
6257	YLR267W	0.61004
6258	YLR242C	0.60992
6259	YOL013W-B	0.60943
6260	YER028C	0.60901
6261	YEL005C	0.60897
6262	YKR091W	0.6088
6263	YHR103W	0.60879
6264	YOR221C	0.6086
6265	YDR146C	0.6082
6266	YOR343W-B	0.60813
6267	YIL031W	0.60813
6268	YLR040C	0.60797
6269	YIL117C	0.60792
6270	YMR046W-A	0.60783
6271	YJL207C	0.6076
6272	YBR066C	0.6074
6273	YMR193C-A	0.60716
6274	YNL225C	0.60714
6275	YML043C	0.60686
6276	YDR043C	0.60685
6277	YML081W	0.60681
6278	YDL189W	0.60679
6279	YGL073W	0.60678
6280	YBR148W	0.60647
6281	YMR187C	0.60645
6282	YDR181C	0.60625
6283	YLR018C	0.60612
6284	YPR068C	0.60591
6285	YML007W	0.60577
6286	YMR270C	0.60559
6287	YNL210W	0.60546
6288	YDR017C	0.60545
6289	YNR014W	0.60472
6290	YBR184W	0.60466
6291	YPR164W	0.60464
6292	YPL158C	0.60459
6293	YCR015C	0.6045
6294	YLR201C	0.60416
6295	YOR148C	0.60401
6296	YMR016C	0.60394
6297	YER149C	0.60389
6298	YGR098C	0.60382
6299	YLR307C-A	0.60379
6300	YOR170W	0.60363
6301	YNL144C	0.60324
6302	YBR013C	0.60321
6303	YOR085W	0.6031
6304	YLR098C	0.60293
6305	YPR095C	0.6029
6306	YLR221C	0.60287
6307	YDR307W	0.60284
6308	YHR156C	0.60283
6309	YOR255W	0.60275
6310	YDR123C	0.60259
6311	Q0115	0.6025
6312	YPL256C	0.60241
6313	YGR179C	0.60226
6314	YDR379W	0.60217
6315	YDR277C	0.60209
6316	YEL014C	0.60192
6317	YOR264W	0.60167
6318	YIL049W	0.60154
6319	YLR298C	0.60139
6320	YIL097W	0.60136
6321	YIL045W	0.60076
6322	YIL101C	0.60075
6323	YPR185W	0.60035
6324	YPL075W	0.60017
6325	YBR275C	0.60009
6326	YPR013C	0.60002
6327	YMR219W	0.59995
6328	YPL250C	0.59985
6329	YGR249W	0.59975
6330	YPL200W	0.59926
6331	YBL029W	0.59917
6332	YDR235W	0.59915
6333	YLR254C	0.59908
6334	YDL020C	0.59886
6335	YOR114W	0.59881
6336	YLR404W	0.59875
6337	YIL037C	0.59866
6338	YJR089W	0.59861
6339	YDR016C	0.59834
6340	YDR310C	0.59813
6341	YDL048C	0.59805
6342	YGR089W	0.59787
6343	YGR153W	0.59776
6344	YDL239C	0.59747
6345	YPL052W	0.5974
6346	YIL036W	0.59701
6347	YKL048C	0.59698
6348	YJL103C	0.59687
6349	YBR050C	0.59685
6350	YIL071C	0.59675
6351	YDR451C	0.5965
6352	YOR349W	0.59642
6353	YDR113C	0.59641
6354	YCR033W	0.59631
6355	YIR033W	0.59629
6356	YIR030C	0.59626
6357	YGR067C	0.59567
6358	YJR106W	0.59546
6359	YKL062W	0.59525
6360	YDR028C	0.59513
6361	YFL033C	0.59512
6362	YMR151W	0.59507
6363	YFR040W	0.59477
6364	YLR431C	0.5945
6365	YHR036W	0.59427
6366	YKL020C	0.59413
6367	YDL211C	0.59398
6368	YDR166C	0.59393
6369	YNL266W	0.59382
6370	YPL077C	0.59374
6371	YFR019W	0.59364
6372	YFR054C	0.59361
6373	YGR161C	0.59351
6374	YHL023C	0.59341
6375	YLR139C	0.59304
6376	YLR424C-A	0.5929
6377	YPR171W	0.59284
6378	YDL186W	0.59257
6379	YBR140C	0.59221
6380	YBL046W	0.59208
6381	YDL088C	0.59186
6382	YOR032C	0.59174
6383	YPL201C	0.59162
6384	YGL159W	0.59159
6385	YPR122W	0.59157
6386	YLR353W	0.59145
6387	YLR230W	0.59096
6388	YDL223C	0.59093
6389	YPL055C	0.59085
6390	YDR030C	0.59048
6391	YKL204W	0.59041
6392	YMR124W	0.59031
6393	YKL171W	0.59028
6394	YER104W	0.59013
6395	YNR077C	0.58997
6396	YMR023C	0.58959
6397	YBL063W	0.58948
6398	YFR012W	0.58945
6399	YDR443C	0.58934
6400	YFR023W	0.58917
6401	YGL175C	0.58897
6402	YJR011C	0.58892
6403	YJL095W	0.58815
6404	YHR152W	0.58754
6405	YER045C	0.58701
6406	YBR255W	0.58684
6407	YKR010C	0.58683
6408	YKL162C-A	0.5867
6409	YDL027C	0.58657
6410	YLL003W	0.58655
6411	YGR041W	0.58618
6412	YMR273C	0.58618
6413	YDR356W	0.58579
6414	YPL223C	0.58555
6415	YDR217C	0.58545
6416	YJR157W	0.58541
6417	YDL199C	0.58529
6418	YMR293C	0.58514
6419	YGL229C	0.5847
6420	YGL071W	0.58462
6421	YPL193W	0.58434
6422	YPL202C	0.58412
6423	YER084W-A	0.58375
6424	YNR009W	0.58362
6425	YDL224C	0.58357
6426	YDL089W	0.58339
6427	YHR195W	0.58337
6428	YIR025W	0.58306
6429	YOL081W	0.58234
6430	YPR044C	0.58231
6431	YKL092C	0.58225
6432	YNL152W	0.58169
6433	YER181C	0.5816
6434	YGR273C	0.5815
6435	YDR207C	0.58141
6436	YJL144W	0.58099
6437	YDR239C	0.58064
6438	YGL223C	0.58054
6439	YKL162C	0.58043
6440	YLR436C	0.58042
6441	YCL051W	0.58035
6442	YNL115C	0.5803
6443	YOL091W	0.58018
6444	YDR103W	0.58011
6445	YER038C	0.58009
6446	YGL057C	0.57997
6447	YBR047W	0.57989
6448	YEL057C	0.57943
6449	YAL031C	0.57936
6450	YHR079C-A	0.57913
6451	YJL110C	0.57913
6452	YJR030C	0.57912
6453	YGL219C	0.57903
6454	YOL031C	0.57891
6455	YOR324C	0.5788
6456	YEL043W	0.57866
6457	YNL042W	0.57864
6458	YNL091W	0.57837
6459	YOL007C	0.57806
6460	YBL009W	0.57798
6461	Q0010	0.57762
6462	YFL021W	0.57732
6463	YDR524C	0.57728
6464	YIL144W	0.57724
6465	YOR192C-C	0.57721
6466	YOL029C	0.5772
6467	YGL035C	0.57694
6468	YDR216W	0.57652
6469	YER040W	0.57647
6470	YBL054W	0.57602
6471	YMR086W	0.57602
6472	YOR137C	0.57595
6473	YPR002C-A	0.57593
6474	YOR342C	0.57571
6475	YGR240C-A	0.5756
6476	YLR042C	0.57531
6477	YDR515W	0.57501
6478	YLR131C	0.57402
6479	YML015C	0.57384
6480	YJL149W	0.5732
6481	YOR066W	0.57283
6482	YGR126W	0.57264
6483	YFR046C	0.5724
6484	YNL197C	0.57234
6485	YOL025W	0.57233
6486	YGL079W	0.57228
6487	YLR030W	0.57189
6488	YOR208W	0.57167
6489	YBR004C	0.57131
6490	YER158C	0.57065
6491	YER075C	0.5703
6492	YDR151C	0.57027
6493	YGL138C	0.56978
6494	YJR083C	0.56944
6495	YLL005C	0.56938
6496	YPR084W	0.56898
6497	YER044C-A	0.56836
6498	YOR352W	0.56817
6499	YLR373C	0.56811
6500	YKL093W	0.56794
6501	YOR073W	0.56722
6502	YDL235C	0.56688
6503	YGR035C	0.56616
6504	YHR177W	0.56591
6505	YOR195W	0.56562
6506	YLR282C	0.5655
6507	YIL122W	0.56517
6508	YML009C-A	0.56512
6509	YMR232W	0.56509
6510	YLR273C	0.56495
6511	YNL076W	0.56487
6512	YHR160C	0.56476
6513	YMR199W	0.5647
6514	YDL069C	0.56412
6515	YGL222C	0.56331
6516	YDR371W	0.56307
6517	YBL053W	0.56285
6518	YPR078C	0.56283
6519	YNL214W	0.56258
6520	YOR076C	0.56227
6521	YAL010C	0.56211
6522	YDL206W	0.56121
6523	YKL112W	0.56111
6524	YMR179W	0.56077
6525	YGL023C	0.56068
6526	YPL070W	0.5603
6527	YKL065W-A	0.55993
6528	YMR175W	0.55963
6529	YKL042W	0.55962
6530	YLR223C	0.55945
6531	YDR029W	0.55939
6532	YCR065W	0.55883
6533	YER088C	0.55878
6534	YKR078W	0.55877
6535	YML027W	0.5587
6536	YDR022C	0.55868
6537	YML109W	0.55841
6538	YDR227W	0.55835
6539	YDR096W	0.55829
6540	YBL109W	0.55795
6541	YBR203W	0.55787
6542	YAL040C	0.55782
6543	YNL167C	0.55758
6544	YPL068C	0.55757
6545	YPL014W	0.55734
6546	YOR147W	0.55691
6547	YDR439W	0.55671
6548	YLR341W	0.55657
6549	YGR113W	0.55569
6550	YLR283W	0.55568
6551	YOR178C	0.55543
6552	YMR255W	0.55529
6553	YBR095C	0.55489
6554	YPL230W	0.55471
6555	YNL018C	0.55452
6556	YDR219C	0.55433
6557	YJL185C	0.55415
6558	YOR062C	0.55396
6559	YBR063C	0.55394
6560	YNL053W	0.55386
6561	YMR160W	0.55378
6562	YLR352W	0.55352
6563	YLR102C	0.55338
6564	YAL024C	0.55312
6565	YPL269W	0.55301
6566	YOR214C	0.55292
6567	YJR056C	0.55287
6568	YBR130C	0.55282
6569	YMR144W	0.55256
6570	YDR014W	0.55247
6571	YBL034C	0.55236
6572	YPR005C	0.55168
6573	YLR252W	0.55124
6574	YLL047W	0.55088
6575	YLR257W	0.55059
6576	YDR069C	0.55058
6577	YDR446W	0.55021
6578	YCL063W	0.55017
6579	YNL103W	0.55006
6580	YDR130C	0.55003
6581	YNL311C	0.54993
6582	YPL033C	0.54979
6583	YJL162C	0.54918
6584	YNL034W	0.54805
6585	YCL044C	0.54778
6586	YPL255W	0.54761
6587	YFR057W	0.54718
6588	YDL076C	0.54706
6589	YGR071C	0.54703
6590	YER132C	0.54679
6591	YPL054W	0.54669
6592	YML091C	0.54633
6593	YJL051W	0.54625
6594	YNL233W	0.54614
6595	YMR204C	0.54578
6596	YOL036W	0.54397
6597	YGR120C	0.54373
6598	YAL047C	0.54311
6599	YPR145C-A	0.54294
6600	YPL180W	0.54276
6601	YOR023C	0.54187
6602	YHR014W	0.54062
6603	YDR275W	0.5402
6604	YNL027W	0.53988
6605	YDR223W	0.53984
6606	YPR158W	0.5395
6607	YHL029C	0.53905
6608	YDR259C	0.53884
6609	YKL023C-A	0.53866
6610	YHR054C	0.53862
6611	YLR445W	0.53773
6612	YLR334C	0.53755
6613	YPR046W	0.53746
6614	YKL185W	0.53705
6615	YER167W	0.53688
6616	YER130C	0.53628
6617	YMR135C	0.5362
6618	YPL159C	0.53588
6619	YER155C	0.5346
6620	YJR162C	0.534
6621	YPL071C	0.53381
6622	YKR022C	0.5336
6623	YJL181W	0.53245
6624	YGL021W	0.53187
6625	YLR053C	0.53173
6626	YDR351W	0.53145
6627	YCL027W	0.53019
6628	YDR184C	0.52893
6629	YKL105C	0.52817
6630	YDR186C	0.5278
6631	YJL161W	0.5275
6632	YBR007C	0.52703
6633	YJL147C	0.52629
6634	YBR156C	0.52399
6635	YBR045C	0.52389
6636	YGR239C	0.5238
6637	YDR374C	0.52285
6638	YBR076W	0.52246
6639	YMR075W	0.52233
6640	YNL074C	0.52217
6641	YKL225W	0.52181
6642	YIL146C	0.52174
6643	YMR003W	0.5217
6644	YIL135C	0.52162
6645	YML053C	0.5207
6646	YOR359W	0.52048
6647	YER111C	0.51999
6648	YIL119C	0.51979
6649	YOR044W	0.51826
6650	YLR394W	0.51816
6651	YOR372C	0.51812
6652	YDR249C	0.51789
6653	YER106W	0.51746
6654	YBR165W	0.51648
6655	YKR077W	0.5159
6656	Q0255	0.5149
6657	YGR023W	0.51452
6658	YPL267W	0.513
6659	YNL188W	0.51296
6660	YGR221C	0.51075
6661	YML119W	0.51007
6662	YFL012W	0.50955
6663	YPL089C	0.50789
6664	YDR085C	0.50775
6665	YNL176C	0.50738
6666	YBL031W	0.50726
6667	YMR206W	0.50621
6668	YHR157W	0.50561
6669	YER124C	0.50355
6670	YBR071W	0.50304
6671	YLR457C	0.50221
6672	YBR211C	0.50213
6673	YGL128C	0.49883
6674	YOR279C	0.49669
6675	YPR008W	0.49666
6676	YHR061C	0.49528
6677	YMR037C	0.49518
6678	YML112W	0.49463
6679	YPL124W	0.49312
6680	YPL121C	0.49311
6681	YDL180W	0.49283
6682	YJL090C	0.49257
6683	YNL078W	0.4924
6684	YDR480W	0.49133
6685	YDR528W	0.49049
6686	YLL065W	0.49041
6687	YER033C	0.4899
6688	YGL015C	0.48948
6689	Q0144	0.48826
6690	YLR049C	0.48813
6691	YBR285W	0.48768
6692	YDR425W	0.48595
6693	YDR309C	0.48248
6694	YER180C	0.47806
6695	YMR036C	0.47642
6696	YPL066W	0.47453
6697	YJL089W	0.47336
6698	YKL109W	0.47196
6699	YML006C	0.47071
6700	YMR136W	0.47049
6701	YOR315W	0.46961
6702	YPR065W	0.46904
6703	YPR083W	0.46452
6704	YPL229W	0.46313
6705	YNL146W	0.46268
6706	YFR036W	0.45795
6707	YBL081W	0.45266
6708	YGL170C	0.44972
6709	YHR185C	0.44669
6710	YNR010W	0.44415
6711	Q0140	0.44367
6712	YER032W	0.44355
6713	YML003W	0.44081
6714	YER079W	0.43981
6715	YMR181C	0.4389
6716	YIL152W	0.43817
6717	YGL036W	0.43795
6718	YOL106W	0.43575
6719	YBR157C	0.43151
6720	YMR252C	0.41622
6721	YMR081C	0.40641
6722	YKR075C	0.40374
6723	YBR138C	0.39836
6724	Q0032	0.37272
6725	YJR094C	0.36073
6726	YGR146C	0.35663
6727	YDL007C-A	0.34949
6728	YNL155C-A	0.30542
6729	YNL040C-A	0.30542
6730	YFR035W-A	0.30542
6731	YDL204W-A	0.30542
6732	YGR016C-A	0.30542
6733	YMR106W-A	0.30542
