rank	yeast_gene	cosine
1	YLR229C	0.92632
2	YDL137W	0.92579
3	YDL192W	0.92429
4	YPR165W	0.92377
5	YBR241C	0.92241
6	YDR345C	0.92094
7	YBR164C	0.91956
8	YHR092C	0.91878
9	YHR094C	0.91863
10	YOR378W	0.91848
11	YKR059W	0.91783
12	YFL039C	0.91717
13	YJL108C	0.91704
14	YMR011W	0.91701
15	YDR343C	0.91611
16	YDR342C	0.91604
17	YIL170W	0.91445
18	YFL011W	0.91439
19	YPL218W	0.91416
20	YLR081W	0.91403
21	YGL256W	0.91343
22	YDL006W	0.91301
23	YPL203W	0.91252
24	YJL214W	0.91251
25	YPR183W	0.91221
26	YHR096C	0.9113
27	YGL225W	0.90989
28	YER039C	0.90948
29	YOL156W	0.90885
30	YDL245C	0.90872
31	YJR158W	0.90777
32	YNR072W	0.90761
33	YDL047W	0.90741
34	YJL219W	0.90737
35	YOR257W	0.90707
36	YJL164C	0.90704
37	YER009W	0.90657
38	YEL069C	0.9064
39	YFL055W	0.90533
40	YER072W	0.90529
41	YNL090W	0.90519
42	YKL190W	0.90479
43	YGL008C	0.90351
44	YKL024C	0.90336
45	YFL038C	0.90322
46	YOR094W	0.90307
47	YHL047C	0.90276
48	YMR034C	0.90218
49	YKR039W	0.9017
50	YJL167W	0.90155
51	YPL036W	0.9015
52	YNL189W	0.90088
53	YER133W	0.90079
54	YLR113W	0.90067
55	YML018C	0.8999
56	YDR021W	0.89947
57	YHL040C	0.89892
58	YHR128W	0.89889
59	YBR160W	0.89844
60	YGL255W	0.89829
61	YDR536W	0.89802
62	YMR109W	0.89777
63	YDL128W	0.8976
64	YBR082C	0.89719
65	YDR075W	0.89689
66	YPR182W	0.89659
67	YDL134C	0.89623
68	YNL290W	0.89613
69	YPL234C	0.89572
70	YER060W-A	0.89543
71	YPL264C	0.8951
72	YMR015C	0.89482
73	YKL218C	0.89475
74	YNL268W	0.89473
75	YEL027W	0.89469
76	YBL016W	0.89427
77	YER119C	0.89426
78	YEL063C	0.89378
79	YMR079W	0.89307
80	YDR155C	0.89302
81	YPL266W	0.8926
82	YDR373W	0.89187
83	YNL112W	0.8918
84	YNL270C	0.89163
85	YCR098C	0.89151
86	YOL094C	0.8914
87	YOR089C	0.89128
88	YHR218W-A	0.89118
89	YBL112C	0.89118
90	YDR059C	0.89118
91	YMR290C	0.89088
92	YPL031C	0.89067
93	YER060W	0.89054
94	YDR196C	0.88957
95	YHL016C	0.88946
96	YBR187W	0.88924
97	YER056C	0.88915
98	YLL050C	0.88908
99	YDR040C	0.88879
100	YPR192W	0.88858
101	YGR282C	0.88797
102	YCL025C	0.88758
103	YBR109C	0.88756
104	YPR138C	0.8872
105	YMR246W	0.88697
106	YER031C	0.88689
107	YJR065C	0.88683
108	YDL126C	0.88668
109	YDR039C	0.88639
110	YGL001C	0.88622
111	YOR046C	0.88616
112	YGL167C	0.88607
113	YOR204W	0.88585
114	YGR252W	0.88584
115	YKL166C	0.88578
116	YLL028W	0.88572
117	YGL210W	0.88558
118	YER177W	0.88553
119	YDL166C	0.88536
120	YBR008C	0.88536
121	YNL010W	0.88499
122	YLR234W	0.88482
123	YIL121W	0.88481
124	YBL075C	0.8848
125	YDL108W	0.88458
126	YHR018C	0.88457
127	YKL196C	0.88449
128	YER081W	0.88447
129	YGR191W	0.88447
130	YML123C	0.88437
131	YGR123C	0.88437
132	YDR038C	0.88434
133	YMR279C	0.88425
134	YAL005C	0.88382
135	YFL066C	0.88362
136	YPR204W	0.88356
137	YOR348C	0.88347
138	YHR007C	0.88343
139	YER125W	0.88341
140	YBR261C	0.88324
141	YCR010C	0.88293
142	YPL058C	0.88282
143	YDR353W	0.88269
144	YHR106W	0.88264
145	YKL033W-A	0.88262
146	YKL129C	0.8825
147	YPR113W	0.88249
148	YNL209W	0.88243
149	YOR153W	0.88241
150	YBL026W	0.88225
151	YHR030C	0.88206
152	YLR347C	0.88196
153	YNL135C	0.88193
154	YML012W	0.88172
155	YLL024C	0.88167
156	YDR341C	0.88167
157	YGR040W	0.88154
158	YDL229W	0.88154
159	YDR099W	0.88137
160	YER020W	0.88126
161	YDR406W	0.88114
162	YNL142W	0.88077
163	YLR438C-A	0.8807
164	YDR046C	0.88052
165	YGR105W	0.88048
166	YNL006W	0.88041
167	YPL246C	0.88015
168	YDL188C	0.88012
169	Q0130	0.88012
170	YLR466W	0.88011
171	YFL005W	0.87991
172	YFL058W	0.87985
173	YDL244W	0.8797
174	YPL061W	0.87965
175	YDL168W	0.87961
176	YDR129C	0.87934
177	YGR055W	0.87919
178	YJR156C	0.87897
179	YNL332W	0.87891
180	YOR197W	0.87889
181	YML001W	0.87886
182	YJL213W	0.87881
183	YER103W	0.87848
184	YNR002C	0.87845
185	YNR055C	0.87834
186	YOR122C	0.87833
187	YJL014W	0.87828
188	YOR317W	0.87818
189	YDR497C	0.87799
190	YPL119C	0.87798
191	YKL146W	0.87791
192	YEL077C	0.87772
193	YJL001W	0.87766
194	YDR519W	0.87765
195	YFL045C	0.87759
196	YAL026C	0.87734
197	YEL065W	0.87732
198	YDR454C	0.87719
199	YDL055C	0.87716
200	YOL162W	0.87715
201	YGR218W	0.87708
202	YOL158C	0.87702
203	YGR281W	0.8769
204	YGR138C	0.87664
205	YLR034C	0.87652
206	YNL098C	0.87648
207	YOL038W	0.87644
208	YDR404C	0.87634
209	YPL051W	0.87631
210	YGR121C	0.87631
211	YDL125C	0.8762
212	YDR091C	0.8762
213	YOR061W	0.87618
214	YGR152C	0.87577
215	YDR011W	0.87572
216	YOR161C	0.87548
217	YLR303W	0.87542
218	YLL060C	0.87532
219	YBL030C	0.87527
220	YPR173C	0.87494
221	YLR130C	0.87476
222	YGR208W	0.87464
223	YJL050W	0.87441
224	YGL253W	0.87426
225	YEL064C	0.8738
226	YDR226W	0.8738
227	YPR052C	0.87375
228	YGR060W	0.8737
229	YDR092W	0.87363
230	YER026C	0.87358
231	YKR002W	0.87351
232	YJL034W	0.87351
233	YMR292W	0.87338
234	YJR105W	0.87329
235	YER094C	0.87328
236	YPR069C	0.87322
237	YJL026W	0.8732
238	YEL046C	0.8732
239	YJR124C	0.87312
240	YOL075C	0.87304
241	YER057C	0.87298
242	YLR147C	0.87285
243	YFL026W	0.87274
244	YHR070W	0.87254
245	YBR085W	0.87249
246	YLL053C	0.87234
247	YBR296C	0.87215
248	YDL100C	0.87198
249	YMR056C	0.87193
250	YHR057C	0.87181
251	YIL116W	0.87173
252	YDR508C	0.87166
253	YEL031W	0.87165
254	YGL087C	0.87165
255	YNL274C	0.87162
256	YDL084W	0.87157
257	YCR009C	0.87147
258	YNR070W	0.87104
259	YIR036C	0.87103
260	YOL151W	0.87094
261	YIL120W	0.87092
262	YGR231C	0.87088
263	YBR126C	0.87085
264	YIL074C	0.87084
265	YJR068W	0.87078
266	YOR388C	0.87042
267	YOL021C	0.87039
268	YBR298C	0.87034
269	YMR226C	0.87027
270	YDL210W	0.87009
271	YGL091C	0.87006
272	YPL154C	0.87002
273	YOR185C	0.86989
274	YOL103W	0.86988
275	YNL093W	0.86988
276	YAR002C-A	0.86981
277	YPL244C	0.86978
278	YFL017W-A	0.86964
279	YER185W	0.86948
280	YER148W	0.8694
281	YIL009W	0.86938
282	YBR080C	0.8691
283	YER171W	0.86906
284	YLR058C	0.86881
285	YJR148W	0.86877
286	YIL148W	0.86877
287	YKR094C	0.86877
288	YPR051W	0.86875
289	YER052C	0.86863
290	YER099C	0.86862
291	YLR397C	0.86857
292	YLR438W	0.86849
293	YHR110W	0.86838
294	YOR157C	0.86826
295	YDL097C	0.86818
296	YJR095W	0.86809
297	YGL058W	0.86807
298	YFR053C	0.86806
299	YPL274W	0.86787
300	YAL020C	0.86784
301	YAL061W	0.8678
302	YDR135C	0.8678
303	YEL066W	0.86778
304	YMR300C	0.86771
305	YAL038W	0.86738
306	YLR293C	0.86733
307	YGL120C	0.86708
308	YJR153W	0.86683
309	YLR193C	0.86669
310	YKR093W	0.86666
311	YER190W	0.8666
312	YOL030W	0.86658
313	YEL013W	0.86656
314	YKL104C	0.86656
315	YML116W	0.86648
316	YJR152W	0.86645
317	YAL060W	0.86637
318	YGR224W	0.8662
319	YPR145W	0.86618
320	YDL164C	0.86618
321	YMR222C	0.86615
322	YOR328W	0.86597
323	YKR105C	0.86592
324	YGL011C	0.86582
325	YBR145W	0.86567
326	YML022W	0.86556
327	YHR200W	0.86542
328	YOR380W	0.8654
329	YDL022W	0.86533
330	YER089C	0.86522
331	YBR068C	0.86522
332	YOR347C	0.86521
333	YOR270C	0.8651
334	YER012W	0.8651
335	YER178W	0.86506
336	YDR540C	0.86498
337	YMR243C	0.86495
338	YER019W	0.86488
339	YLR237W	0.86481
340	YPL106C	0.8646
341	YHR032W	0.8645
342	YEL026W	0.86437
343	YBR089C-A	0.86432
344	YOL122C	0.86428
345	YOR273C	0.86427
346	YOR131C	0.86427
347	YNL202W	0.86425
348	YBR019C	0.86423
349	YCR047C	0.86421
350	YPL265W	0.86418
351	YGR132C	0.86415
352	YKL046C	0.86411
353	YLR170C	0.86411
354	YMR108W	0.86403
355	YBR222C	0.86395
356	YDR185C	0.86393
357	YHR163W	0.86385
358	YER062C	0.86381
359	YKR080W	0.86376
360	YDR424C	0.86376
361	YDR139C	0.86371
362	YOR381W	0.86338
363	YJR045C	0.86324
364	YER090W	0.86306
365	YER023W	0.86301
366	YLL061W	0.86297
367	YLR092W	0.86281
368	YGR248W	0.86278
369	YKL216W	0.8627
370	YJR073C	0.86267
371	YDR090C	0.86267
372	YDL001W	0.86263
373	YJL121C	0.86261
374	YPL028W	0.86261
375	YAL023C	0.8626
376	YBR169C	0.86258
377	YPR156C	0.86241
378	YDL160C	0.86235
379	YDR375C	0.86215
380	YCL017C	0.86213
381	YOL086C	0.86201
382	YHR208W	0.86198
383	YCL073C	0.86197
384	YIL053W	0.86194
385	YDR002W	0.86186
386	YIL118W	0.86185
387	YDL029W	0.86184
388	YER025W	0.86179
389	YJR159W	0.86156
390	YDR328C	0.86136
391	YNL288W	0.86122
392	YCR028C	0.86115
393	YGR210C	0.86115
394	YEL030W	0.8611
395	YKR106W	0.86105
396	YLL067C	0.86097
397	YDR541C	0.86096
398	YEL058W	0.86094
399	YPL275W	0.86082
400	YML069W	0.86076
401	YIL003W	0.86076
402	YPR016C	0.86075
403	YJL143W	0.86069
404	YBR154C	0.86066
405	YBL071W-A	0.86052
406	YBR243C	0.86042
407	YGR124W	0.86037
408	YDR456W	0.86028
409	YLL063C	0.86024
410	YGR213C	0.8602
411	YBR043C	0.86019
412	YBR252W	0.86017
413	YOL143C	0.86015
414	YGL039W	0.86009
415	YMR303C	0.86006
416	YGL200C	0.86006
417	YBL036C	0.85998
418	YDL246C	0.85975
419	YBL041W	0.85975
420	YIL143C	0.85972
421	YHR050W	0.85957
422	YHR218W	0.85942
423	YER055C	0.85941
424	YLR348C	0.85941
425	YER166W	0.8594
426	YHL003C	0.85936
427	YHL011C	0.8593
428	YDR384C	0.85925
429	YER107C	0.85906
430	YGL157W	0.85904
431	YIL043C	0.85884
432	YML102W	0.85871
433	YDL086W	0.8586
434	YJL196C	0.85852
435	YGL077C	0.85851
436	YDL064W	0.85847
437	YLR359W	0.85846
438	YPL276W	0.8584
439	YBR294W	0.85826
440	YDR510W	0.85825
441	YBR034C	0.8581
442	YGR175C	0.85804
443	YAL064C-A	0.85793
444	YIR042C	0.85789
445	YMR146C	0.85784
446	YIR028W	0.85783
447	YEL021W	0.85778
448	YIR035C	0.85761
449	YOR323C	0.85759
450	YFL056C	0.85755
451	YIL020C	0.85753
452	YGR211W	0.85753
453	YBL068W	0.8575
454	YPL259C	0.85746
455	YLL056C	0.85743
456	YNR053C	0.85721
457	YIL078W	0.85716
458	YJR058C	0.85713
459	YLR011W	0.85707
460	YMR221C	0.85706
461	YBR287W	0.85693
462	YBR106W	0.85679
463	YNL244C	0.85667
464	YNL014W	0.85664
465	YDL222C	0.85661
466	YLL039C	0.85659
467	YNR032W	0.85654
468	YGR185C	0.85648
469	YMR071C	0.85643
470	YNL044W	0.85641
471	YMR307W	0.85635
472	YHR026W	0.85631
473	YER073W	0.85628
474	YOR192C	0.85622
475	YDL052C	0.85615
476	YJL055W	0.85595
477	YMR058W	0.85592
478	YIL177C	0.85589
479	YHL050C	0.85588
480	YBR114W	0.85583
481	YOR362C	0.85582
482	YJR160C	0.85572
483	YNL241C	0.85569
484	YIR037W	0.85566
485	YOR326W	0.85565
486	YPL175W	0.85557
487	YGL047W	0.85554
488	YGL234W	0.8555
489	YJR049C	0.85541
490	YJL225C	0.85539
491	YDR304C	0.85537
492	YAL049C	0.85534
493	YIL048W	0.85534
494	YOL163W	0.85513
495	YER036C	0.85475
496	YDL230W	0.85474
497	YDL182W	0.85471
498	YNR073C	0.85456
499	YEL070W	0.85456
500	YGL054C	0.85456
501	YCL069W	0.85455
502	YER086W	0.85449
503	YNR060W	0.85435
504	YLR134W	0.85434
505	YLR153C	0.85432
506	YDR297W	0.85431
507	YGR260W	0.85422
508	YER145C	0.85421
509	YNL330C	0.85421
510	YNL113W	0.8542
511	YGL012W	0.85418
512	YDR294C	0.85412
513	YOR283W	0.85407
514	YML057W	0.85407
515	YOR126C	0.85401
516	YKL217W	0.85399
517	YER159C	0.85396
518	YBR249C	0.85392
519	YMR318C	0.85391
520	YFR044C	0.85389
521	YLR249W	0.85384
522	YPL199C	0.8537
523	YGR289C	0.85366
524	YLR168C	0.85363
525	YKL094W	0.85361
526	YML124C	0.85345
527	YLR208W	0.85344
528	YGL062W	0.85342
529	YKL127W	0.85333
530	YCR073W-A	0.85331
531	YOR071C	0.85329
532	YHR135C	0.85328
533	YPL086C	0.85326
534	YBL024W	0.85317
535	YJR077C	0.8531
536	YKL220C	0.85301
537	YER165W	0.85293
538	YML078W	0.85284
539	YLL066C	0.85282
540	YAL054C	0.85277
541	YCL040W	0.85277
542	YPR035W	0.85269
543	YMR271C	0.85263
544	YIL124W	0.85257
545	YIL088C	0.85244
546	YER003C	0.85241
547	YHR005C	0.85232
548	YOR159C	0.85231
549	YBR020W	0.8523
550	YBR159W	0.8522
551	YLR216C	0.85219
552	YLR213C	0.85217
553	YBR088C	0.85216
554	YJL094C	0.85209
555	YCR059C	0.85184
556	YOR187W	0.85184
557	YNL095C	0.8518
558	YJR001W	0.85173
559	YPL111W	0.8517
560	YGR256W	0.85162
561	YKL001C	0.85146
562	YER110C	0.85141
563	YLR044C	0.85134
564	YMR278W	0.85132
565	YML133C	0.85132
566	YGL097W	0.85124
567	YNL191W	0.85124
568	YOR092W	0.85123
569	YGL002W	0.85119
570	YPR033C	0.85117
571	YHR044C	0.85115
572	YDL243C	0.85106
573	YJL218W	0.85101
574	YML085C	0.85101
575	YNL125C	0.851
576	YKL211C	0.85099
577	YNR032C-A	0.85098
578	YBL113C	0.85097
579	YGR296C-A	0.85093
580	YNL339W-A	0.85093
581	YER190C-A	0.85093
582	YPL283W-A	0.85093
583	YML133W-A	0.85093
584	YBR218C	0.85092
585	YHR048W	0.85082
586	YGR043C	0.8507
587	YDR545W	0.85069
588	YLR467W	0.85069
589	YOR396W	0.85069
590	YMR105C	0.85065
591	YDR339C	0.85064
592	YHR183W	0.85059
593	YHR043C	0.85059
594	YGR253C	0.85056
595	YBL042C	0.85044
596	YJR025C	0.85044
597	YML008C	0.85042
598	YOR236W	0.85035
599	YEL011W	0.85032
600	YML106W	0.8503
601	YGL070C	0.85018
602	YLL055W	0.85013
603	YBR256C	0.85013
604	YDL102W	0.85007
605	YLR268W	0.85004
606	YMR080C	0.85
607	YGR065C	0.85
608	YMR202W	0.84993
609	YJR104C	0.84989
610	YMR301C	0.84972
611	YLR158C	0.84966
612	YLR157C	0.84966
613	YLR160C	0.84966
614	YLR155C	0.84966
615	YPR103W	0.84959
616	YDR270W	0.84943
617	YPL129W	0.84941
618	YBR132C	0.84937
619	YMR238W	0.84934
620	YDL131W	0.84927
621	YKR053C	0.84927
622	YJR015W	0.84926
623	YDR272W	0.84923
624	YHR065C	0.84923
625	YPR194C	0.84919
626	YNL275W	0.84915
627	YOL132W	0.84906
628	YGR279C	0.84904
629	YMR305C	0.84896
630	YOL133W	0.84883
631	YMR138W	0.84882
632	YPR062W	0.84877
633	YDL144C	0.84873
634	YDL236W	0.84872
635	YIL064W	0.84853
636	YER174C	0.84847
637	YBR006W	0.84841
638	YGR267C	0.84836
639	YNR050C	0.84827
640	YEL051W	0.8482
641	YDR394W	0.84819
642	YLR245C	0.84811
643	YCL035C	0.84807
644	YBL078C	0.84806
645	YLR027C	0.84806
646	YJR007W	0.84805
647	YDR062W	0.84792
648	YNL264C	0.84792
649	YOR327C	0.84782
650	YLL018C	0.84772
651	YLR433C	0.84768
652	YDR232W	0.84764
653	YFR009W	0.84762
654	YOL002C	0.84754
655	YLR004C	0.84749
656	YGL221C	0.84747
657	YDR402C	0.84744
658	YNR064C	0.84731
659	YER007C-A	0.84727
660	YLR200W	0.84725
661	YJL212C	0.84722
662	YAR007C	0.84717
663	YNL339C	0.84714
664	YER004W	0.84712
665	YAL012W	0.8471
666	YPL283C	0.84706
667	YGR296W	0.84702
668	YIL162W	0.84696
669	YOR027W	0.84695
670	YER143W	0.84689
671	YEL038W	0.84683
672	YGL048C	0.8468
673	YDR050C	0.84679
674	YHL036W	0.84671
675	YLL026W	0.84669
676	YLR121C	0.84668
677	YLR251W	0.84651
678	YDR238C	0.84651
679	YIR022W	0.84645
680	YBR235W	0.84635
681	YJR143C	0.84629
682	YOL090W	0.8462
683	YDL247W	0.8462
684	YOR224C	0.84618
685	YGL186C	0.84611
686	YMR169C	0.8461
687	YGL026C	0.84605
688	YHR042W	0.84603
689	YOL084W	0.84602
690	YNL331C	0.84593
691	YBR196C	0.84585
692	YKL152C	0.84581
693	YDR047W	0.84572
694	YKL210W	0.84571
695	YER069W	0.84571
696	YNL307C	0.8457
697	YLR005W	0.84569
698	YFL041W	0.84563
699	YHR132C	0.8456
700	YJL035C	0.84558
701	YOL055C	0.84557
702	YBL102W	0.84553
703	YFL017C	0.84553
704	YDR033W	0.84535
705	YJL012C	0.84531
706	YFR014C	0.84526
707	YNL123W	0.84524
708	YGR286C	0.84523
709	YBR021W	0.8452
710	YBL111C	0.8452
711	YML021C	0.84518
712	YIL160C	0.84518
713	YJL216C	0.84513
714	YOR128C	0.84509
715	YBL050W	0.84508
716	YJR017C	0.84507
717	YBR263W	0.84505
718	YMR205C	0.84503
719	YEL042W	0.84502
720	YCL009C	0.84495
721	YLR060W	0.84494
722	YOR321W	0.84493
723	YJL030W	0.84486
724	YLR059C	0.84475
725	YBR221C	0.84469
726	YHR074W	0.8446
727	YDL095W	0.84458
728	YNR003C	0.84451
729	YNL130C	0.84443
730	YDR177W	0.84441
731	YNL255C	0.84441
732	YLR244C	0.8444
733	YAR050W	0.84423
734	YJL198W	0.84422
735	YOR117W	0.84418
736	YDR438W	0.84413
737	YBR295W	0.84413
738	YDL103C	0.8441
739	YOR101W	0.84402
740	YOR202W	0.84397
741	YJL134W	0.84395
742	YBR038W	0.84394
743	YDR516C	0.84392
744	YBR264C	0.84389
745	YKL157W	0.84388
746	YMR241W	0.84387
747	YPL046C	0.84383
748	YHR019C	0.84383
749	YPR193C	0.84382
750	YBR035C	0.8438
751	YPL017C	0.84379
752	YDR408C	0.84377
753	YDR388W	0.84374
754	YER053C	0.84373
755	YER015W	0.84372
756	YMR022W	0.84366
757	YCR012W	0.84356
758	YLR126C	0.84355
759	YNR034W	0.84349
760	YDR001C	0.84344
761	YMR183C	0.8433
762	YJR096W	0.84322
763	YCL074W	0.84316
764	YPL169C	0.84313
765	YHR025W	0.84296
766	YMR203W	0.84292
767	YNL277W	0.84288
768	YOL092W	0.84283
769	YBR143C	0.84282
770	YGR234W	0.8428
771	YHR047C	0.84273
772	YOR084W	0.84271
773	YOR306C	0.8427
774	YMR236W	0.84266
775	YBR078W	0.84259
776	YMR315W	0.8425
777	YNL231C	0.8425
778	YCR027C	0.84248
779	YGL119W	0.84248
780	YGL006W	0.8424
781	YOL066C	0.84234
782	YOL137W	0.84228
783	YKL145W	0.84224
784	YMR276W	0.84223
785	YKL148C	0.84217
786	YHR169W	0.84214
787	YKR026C	0.84211
788	YJR112W-A	0.84206
789	YMR266W	0.84205
790	YDR158W	0.84202
791	YLR028C	0.84201
792	YGL115W	0.84201
793	YDR074W	0.84196
794	YOL097C	0.8419
795	YJL217W	0.84188
796	YMR008C	0.8418
797	YOR095C	0.84165
798	YOL139C	0.84153
799	YMR297W	0.84152
800	YEL034W	0.8415
801	YDL201W	0.84146
802	YOL119C	0.84145
803	YGR197C	0.84138
804	YBR265W	0.84137
805	YDR098C	0.84134
806	YFR047C	0.84131
807	YNL259C	0.84122
808	YHR123W	0.84111
809	YIL010W	0.84108
810	YHR175W	0.84105
811	YAR073W	0.84104
812	YDR111C	0.841
813	YCL018W	0.84094
814	YNL024C	0.84093
815	YCR011C	0.84092
816	YIL109C	0.84085
817	YDR120C	0.84078
818	YBR046C	0.84073
819	YFL018C	0.84072
820	YOR339C	0.84057
821	YCR020C-A	0.84056
822	YKL184W	0.8404
823	YJR116W	0.84031
824	YPL204W	0.84017
825	YBL089W	0.84016
826	YMR308C	0.84011
827	YNL281W	0.84003
828	YLR355C	0.83999
829	YNL154C	0.83986
830	YLR243W	0.83985
831	YLR354C	0.83969
832	YBR286W	0.83964
833	YFR018C	0.83948
834	YML080W	0.83947
835	YBR069C	0.83947
836	YEL040W	0.83929
837	YNR057C	0.83928
838	YDL046W	0.83923
839	YNL108C	0.83922
840	YGR163W	0.83919
841	YGL078C	0.83915
842	YDR368W	0.83908
843	YJL060W	0.83902
844	YOR316C	0.83901
845	YKL078W	0.83876
846	YBL091C	0.83876
847	YPR176C	0.8386
848	YIL001W	0.83859
849	YFL067W	0.83855
850	YMR215W	0.83854
851	YDR397C	0.83852
852	YPL232W	0.83842
853	YBL021C	0.83842
854	YMR170C	0.83839
855	YJR074W	0.83834
856	YIL142W	0.83833
857	YOR259C	0.83823
858	YAL063C	0.83823
859	YPL221W	0.8382
860	YEL041W	0.83817
861	YAR035W	0.83814
862	YLR069C	0.83809
863	YKR038C	0.8379
864	YDR084C	0.83776
865	YJL045W	0.83771
866	YPL092W	0.8377
867	YFL053W	0.83766
868	YNR043W	0.83764
869	YDR140W	0.83761
870	YMR178W	0.83755
871	YCR057C	0.83753
872	YMR095C	0.8375
873	YMR235C	0.83749
874	YPL245W	0.83748
875	YGL100W	0.83746
876	YBL022C	0.83746
877	YGL063W	0.83745
878	YIL166C	0.83722
879	Q0275	0.83722
880	YLR146C	0.83707
881	YLR258W	0.83702
882	YDR093W	0.83697
883	YEL037C	0.83686
884	YGR028W	0.83685
885	YDR037W	0.83682
886	YPL010W	0.83675
887	YMR084W	0.83674
888	YOL020W	0.83671
889	YJR139C	0.83668
890	YLR209C	0.83664
891	YER095W	0.83656
892	YCR105W	0.83648
893	YHR211W	0.83641
894	YKL120W	0.83641
895	YFR055W	0.8364
896	YPL006W	0.83637
897	YPL235W	0.83632
898	YGL106W	0.83629
899	YPL091W	0.83625
900	YNL104C	0.83623
901	YBR054W	0.83611
902	YPR011C	0.83609
903	YGR087C	0.83608
904	YBR291C	0.83606
905	YAL030W	0.83604
906	YGL220W	0.83603
907	YFL061W	0.83595
908	YNL335W	0.83595
909	YMR120C	0.83591
910	YLR220W	0.83586
911	YLR277C	0.83583
912	YMR116C	0.83579
913	YNL071W	0.83579
914	YOR013W	0.83575
915	YLR152C	0.83575
916	YCR021C	0.83575
917	YDR023W	0.83554
918	YER175C	0.83552
919	YOR108W	0.83545
920	YJR069C	0.8354
921	YLR017W	0.83534
922	YNL064C	0.83531
923	Q0085	0.83517
924	YPL015C	0.83516
925	YNL021W	0.83513
926	YHR013C	0.83511
927	YPL258C	0.83504
928	YKR014C	0.83494
929	YFL037W	0.83491
930	YML094W	0.83485
931	YGR203W	0.83483
932	YOR087W	0.83476
933	YBR153W	0.83475
934	YNL323W	0.83474
935	YDR533C	0.83468
936	YIL035C	0.83459
937	YIL094C	0.83458
938	YDR258C	0.83455
939	YDL124W	0.83453
940	YNL222W	0.83442
941	YGR207C	0.83439
942	YAL044W-A	0.83435
943	YNL134C	0.83427
944	YLR420W	0.83424
945	YFR031C	0.83424
946	YLR262C	0.83424
947	YLR137W	0.83422
948	YMR210W	0.83413
949	YDR276C	0.83409
950	YNL200C	0.83406
951	YLR195C	0.83406
952	YLR289W	0.83404
953	YPR149W	0.83404
954	YAL067C	0.83392
955	YMR083W	0.83378
956	YDR214W	0.83376
957	YML079W	0.83375
958	YGR100W	0.83373
959	YJL024C	0.83372
960	YHR190W	0.83369
961	YGL252C	0.83368
962	YDR267C	0.83367
963	YLR070C	0.83366
964	YMR253C	0.83366
965	YGR031W	0.83357
966	YFR015C	0.83345
967	YOR011W	0.8334
968	YER179W	0.83339
969	YBR244W	0.83338
970	YDL057W	0.83335
971	YNL065W	0.83334
972	YPR181C	0.83333
973	YKL164C	0.8333
974	YGR287C	0.83297
975	YCL010C	0.83292
976	YOL164W	0.83291
977	YPR028W	0.8329
978	YDR300C	0.83289
979	YCR048W	0.83271
980	YLL029W	0.83249
981	YML038C	0.83246
982	YNR013C	0.83245
983	YHR144C	0.83239
984	YLR286C	0.8323
985	YLR351C	0.83225
986	YML014W	0.83224
987	YMR260C	0.83218
988	YOL157C	0.83214
989	YLR328W	0.83213
990	YOR222W	0.8321
991	YHR112C	0.83205
992	YDR063W	0.83198
993	YIL155C	0.83193
994	YNL111C	0.83193
995	YNL237W	0.8319
996	YHR111W	0.83186
997	YPR131C	0.83184
998	YPL094C	0.83168
999	YPR003C	0.83166
1000	YGL163C	0.83165
1001	YMR217W	0.83164
1002	YLL018C-A	0.83163
1003	YNL072W	0.83162
1004	YIL065C	0.83155
1005	YJR024C	0.83152
1006	YBR137W	0.83149
1007	YOR006C	0.83141
1008	YKL069W	0.83141
1009	YEL060C	0.83137
1010	YMR027W	0.83128
1011	YFR004W	0.831
1012	YER043C	0.83098
1013	YJL111W	0.83096
1014	YPR041W	0.83092
1015	YGR135W	0.83088
1016	YLR188W	0.83083
1017	YHR107C	0.83082
1018	YBL039C	0.83076
1019	YDL174C	0.83063
1020	YDR321W	0.83062
1021	YGL017W	0.83061
1022	YHR063C	0.83058
1023	YPL220W	0.83055
1024	YGL135W	0.83055
1025	YPL226W	0.83042
1026	YCR053W	0.8304
1027	YDR280W	0.83037
1028	YJL171C	0.83034
1029	YDR291W	0.83031
1030	YBR180W	0.83027
1031	YGR180C	0.83026
1032	YJL145W	0.83017
1033	YAL016W	0.8301
1034	YDL238C	0.83007
1035	YIL172C	0.82997
1036	YJL221C	0.82997
1037	YLR172C	0.82984
1038	YBR242W	0.82975
1039	YER152C	0.82973
1040	YJR155W	0.82963
1041	YFL060C	0.82961
1042	YDR448W	0.82955
1043	YKL107W	0.82944
1044	YBR029C	0.82943
1045	YJL079C	0.82939
1046	YJL208C	0.82937
1047	YGL224C	0.82937
1048	YOR142W	0.82921
1049	YER136W	0.8292
1050	YPR081C	0.82918
1051	YOR374W	0.82918
1052	YDR007W	0.82908
1053	YMR323W	0.82905
1054	YKL128C	0.82904
1055	YGR155W	0.82902
1056	YNR048W	0.82894
1057	YBR121C	0.82893
1058	YNL334C	0.82892
1059	YLR432W	0.82887
1060	YOR246C	0.82885
1061	YOR393W	0.82883
1062	YPL281C	0.82883
1063	YBL076C	0.82876
1064	YIL145C	0.82871
1065	YDR411C	0.82869
1066	YPL187W	0.82867
1067	YCR068W	0.82858
1068	YCR061W	0.82856
1069	YDR086C	0.82851
1070	YHR129C	0.82849
1071	YOR120W	0.82847
1072	YPR180W	0.8284
1073	YPR121W	0.82834
1074	YKL151C	0.8283
1075	YPL050C	0.82821
1076	YAL062W	0.8282
1077	YHR064C	0.82813
1078	YMR285C	0.82798
1079	YGL130W	0.82787
1080	YPR086W	0.82784
1081	YOL065C	0.82777
1082	YMR197C	0.82766
1083	YKR068C	0.82764
1084	YKR013W	0.82756
1085	YBL057C	0.82754
1086	YNR015W	0.8275
1087	YNR071C	0.82746
1088	YPR074C	0.82728
1089	YLR175W	0.8272
1090	YJL008C	0.82717
1091	YOR099W	0.82716
1092	YLR326W	0.82713
1093	YBR220C	0.82711
1094	YDL007W	0.82704
1095	YLR186W	0.82702
1096	YOR375C	0.82699
1097	YKR043C	0.82694
1098	YBL091C-A	0.82692
1099	YPL206C	0.82684
1100	YOR384W	0.82683
1101	YOR040W	0.8267
1102	YGL139W	0.82669
1103	YPR004C	0.82665
1104	YAL042W	0.82661
1105	YEL047C	0.82657
1106	YIL165C	0.82649
1107	YIR019C	0.82646
1108	YAR015W	0.82644
1109	YGR240C	0.82633
1110	YMR090W	0.82631
1111	YLR241W	0.8263
1112	YJL033W	0.82623
1113	YJR047C	0.82609
1114	YKL114C	0.82607
1115	YGR020C	0.82606
1116	YJL155C	0.82606
1117	YOL124C	0.82604
1118	YIR027C	0.82602
1119	YKL004W	0.82601
1120	YOR163W	0.82598
1121	YML056C	0.8259
1122	YMR314W	0.82585
1123	YLR118C	0.82585
1124	YGR007W	0.82561
1125	YDL212W	0.82554
1126	YBL082C	0.82553
1127	YFL057C	0.82548
1128	YPR108W	0.82543
1129	YER183C	0.82537
1130	YPL160W	0.82535
1131	YKL035W	0.82534
1132	YKL039W	0.82529
1133	YCR017C	0.82527
1134	YDL135C	0.82524
1135	YNL329C	0.82509
1136	YKR104W	0.82508
1137	YLR411W	0.82494
1138	YIR026C	0.82493
1139	YJR131W	0.82489
1140	YGR010W	0.82486
1141	YDR148C	0.82483
1142	YNR026C	0.82474
1143	YGR131W	0.82473
1144	YDR465C	0.82473
1145	YPL067C	0.82466
1146	YPR088C	0.82465
1147	YPR082C	0.82461
1148	YBR170C	0.82459
1149	YKL113C	0.82456
1150	YMR054W	0.82448
1151	YMR113W	0.82447
1152	YCR034W	0.82438
1153	Q0045	0.82433
1154	YDR055W	0.82431
1155	YLR330W	0.82428
1156	YNR041C	0.82426
1157	YCR023C	0.82424
1158	YDR009W	0.82424
1159	YBR117C	0.82418
1160	YDL155W	0.82416
1161	YML064C	0.82413
1162	YCL033C	0.82412
1163	YHR046C	0.8241
1164	YOL147C	0.82404
1165	YIR012W	0.82398
1166	YBL105C	0.82394
1167	YIL169C	0.82392
1168	YBR139W	0.82386
1169	YML125C	0.82381
1170	YDR019C	0.82378
1171	YFR028C	0.82377
1172	YNL138W	0.8237
1173	YLR291C	0.82369
1174	YPL208W	0.82366
1175	YJL068C	0.82361
1176	YBR115C	0.82354
1177	YER146W	0.82354
1178	YOR241W	0.82348
1179	YDL018C	0.82343
1180	YDR287W	0.82339
1181	YNL099C	0.82326
1182	YCR060W	0.82324
1183	YNL055C	0.82322
1184	YGR244C	0.82319
1185	YEL020W-A	0.82296
1186	YHR029C	0.82295
1187	YIL051C	0.82295
1188	YMR288W	0.82294
1189	YLR307W	0.82293
1190	YDR035W	0.82292
1191	YOL112W	0.82291
1192	YER074W-A	0.82286
1193	YHR005C-A	0.82276
1194	YLR167W	0.82273
1195	YDL208W	0.82262
1196	YDR045C	0.82262
1197	YGL099W	0.82261
1198	YKL008C	0.82253
1199	YOL034W	0.8224
1200	YMR224C	0.82238
1201	YKL213C	0.82237
1202	YGL022W	0.82236
1203	YBR015C	0.82235
1204	YOL125W	0.82235
1205	YGR200C	0.82235
1206	YPR110C	0.82214
1207	YGL137W	0.82213
1208	YFR010W	0.82211
1209	YEL039C	0.82209
1210	YDL138W	0.82206
1211	YCL030C	0.82205
1212	YOL140W	0.82198
1213	YGL201C	0.82191
1214	YLR046C	0.8219
1215	YCR075C	0.82186
1216	YJL128C	0.82185
1217	YER044C	0.82178
1218	YPL134C	0.82175
1219	YGL211W	0.82154
1220	YNL132W	0.82146
1221	YMR099C	0.82135
1222	YCR072C	0.82121
1223	YDR453C	0.8211
1224	YEL020C	0.82109
1225	YNR027W	0.82101
1226	YDL147W	0.82089
1227	YBR037C	0.82081
1228	YJR117W	0.82073
1229	YPR167C	0.82073
1230	YHR216W	0.82069
1231	YCR107W	0.82066
1232	YMR006C	0.82054
1233	YDR492W	0.82051
1234	YLR259C	0.82051
1235	YGR019W	0.82044
1236	YPR128C	0.82043
1237	YHR210C	0.82036
1238	YBR087W	0.82035
1239	YPL237W	0.82028
1240	YKR009C	0.82022
1241	YAL029C	0.82022
1242	YIR034C	0.82021
1243	YOR357C	0.82019
1244	YJR048W	0.82015
1245	YHR039C	0.82013
1246	YNR019W	0.82012
1247	YLR377C	0.8201
1248	YMR272C	0.82003
1249	YFR006W	0.81997
1250	YJL159W	0.81987
1251	YNR020C	0.81984
1252	YBR001C	0.81983
1253	YEL071W	0.81981
1254	YOR217W	0.8198
1255	YOR004W	0.81975
1256	YLR214W	0.81972
1257	YOR358W	0.81971
1258	YLR253W	0.81966
1259	YLR369W	0.81964
1260	YOR293W	0.81954
1261	YMR230W	0.81951
1262	YHR068W	0.81951
1263	YOR332W	0.81948
1264	YCR036W	0.81947
1265	YPL093W	0.81939
1266	YER017C	0.81923
1267	YCR004C	0.81923
1268	YPL135W	0.81922
1269	YKL021C	0.81919
1270	YDR513W	0.81916
1271	YOR133W	0.81916
1272	YBR003W	0.8191
1273	YGR254W	0.81909
1274	YJR132W	0.81909
1275	YGR172C	0.81909
1276	YKR018C	0.81899
1277	YBR210W	0.81897
1278	YOL059W	0.81894
1279	YGL043W	0.81887
1280	YKR050W	0.81884
1281	YGL202W	0.8188
1282	YKR051W	0.81874
1283	YCR037C	0.81865
1284	YBL029C-A	0.8186
1285	YNL312W	0.8186
1286	YKL067W	0.81859
1287	YIL114C	0.81853
1288	YKL091C	0.81836
1289	YOL016C	0.81816
1290	YCR051W	0.81808
1291	YPR160W	0.81804
1292	YOR243C	0.81799
1293	YBR183W	0.81785
1294	YKL027W	0.81767
1295	YLR120C	0.81763
1296	YDR100W	0.81758
1297	YML092C	0.81754
1298	YOR086C	0.8175
1299	YCR008W	0.81745
1300	YGL207W	0.81744
1301	YNL280C	0.81742
1302	YGL037C	0.81734
1303	YPL214C	0.81734
1304	YOR168W	0.81727
1305	YMR009W	0.81726
1306	YKL221W	0.81724
1307	YGR277C	0.81717
1308	YPL113C	0.81708
1309	YOR049C	0.81707
1310	YPR058W	0.81699
1311	YJR013W	0.81697
1312	YNL194C	0.81697
1313	YDL194W	0.81695
1314	YLL023C	0.81691
1315	YPL095C	0.81684
1316	YOL165C	0.81679
1317	YPL212C	0.81675
1318	YLR398C	0.81672
1319	YBR053C	0.81662
1320	YML086C	0.81661
1321	YDR032C	0.81657
1322	YAR062W	0.81652
1323	YHR213W	0.81652
1324	YAL053W	0.81649
1325	YML028W	0.81646
1326	YNL141W	0.81645
1327	YOL080C	0.8164
1328	YBR073W	0.81637
1329	YBR202W	0.81627
1330	YPR080W	0.81625
1331	YHR031C	0.81624
1332	YKR097W	0.81621
1333	YDL132W	0.81617
1334	YGR292W	0.81614
1335	YPR024W	0.81612
1336	YNR046W	0.81608
1337	YCL043C	0.81606
1338	YKL002W	0.81604
1339	YMR220W	0.816
1340	YOR103C	0.81599
1341	YGL101W	0.81595
1342	YDR264C	0.81586
1343	YHR089C	0.81586
1344	YHR012W	0.81583
1345	YPL213W	0.81581
1346	YKL207W	0.81569
1347	YIL013C	0.81565
1348	YJR072C	0.81565
1349	YLR384C	0.81557
1350	YAL022C	0.81544
1351	YFR051C	0.81538
1352	YPL236C	0.81536
1353	YBL040C	0.81536
1354	YLR304C	0.81531
1355	YBR254C	0.81524
1356	YKL053C-A	0.81523
1357	YHR174W	0.81516
1358	YDR481C	0.81509
1359	YKR066C	0.81508
1360	YBR058C	0.81507
1361	YJL179W	0.81505
1362	YJR070C	0.81498
1363	YDL087C	0.81494
1364	YML087C	0.81488
1365	YOR335C	0.81487
1366	YOL005C	0.81484
1367	YBR011C	0.81481
1368	YLR285W	0.81479
1369	YOR311C	0.81479
1370	YMR194C-B	0.81471
1371	YBR002C	0.81468
1372	YHR100C	0.81467
1373	YAL007C	0.81465
1374	YMR145C	0.81463
1375	YKL117W	0.81462
1376	YDL140C	0.81459
1377	YPL059W	0.81451
1378	YBR299W	0.8145
1379	YDR172W	0.81448
1380	YOR265W	0.81433
1381	YOL073C	0.81426
1382	YCR020C	0.81422
1383	YDL049C	0.81421
1384	YLR426W	0.8142
1385	YKR102W	0.81419
1386	YJR129C	0.81416
1387	YHL017W	0.81399
1388	YFL030W	0.8139
1389	YBR041W	0.81389
1390	YIR002C	0.81381
1391	YGR246C	0.81378
1392	YDR378C	0.81375
1393	YBR092C	0.81372
1394	YOR155C	0.81367
1395	YEL052W	0.81361
1396	YJR063W	0.81343
1397	YPR073C	0.81341
1398	YGR094W	0.81341
1399	YPL170W	0.81329
1400	YDL205C	0.81328
1401	YNL153C	0.81324
1402	YOR003W	0.81321
1403	YDR352W	0.81313
1404	YBR155W	0.81312
1405	YOR391C	0.8131
1406	YKL126W	0.8131
1407	YLR055C	0.81309
1408	YDL080C	0.81309
1409	YPR127W	0.81304
1410	YDR116C	0.81304
1411	YPR054W	0.81287
1412	YLL052C	0.81286
1413	YBR228W	0.81273
1414	YOL011W	0.81268
1415	YIL021W	0.8126
1416	YOL129W	0.81258
1417	YJL002C	0.81257
1418	YDL217C	0.81255
1419	YBR234C	0.81248
1420	YML067C	0.81236
1421	YBL011W	0.81223
1422	YNL007C	0.81223
1423	YOR351C	0.81213
1424	YGR095C	0.81205
1425	YML070W	0.81201
1426	YKL059C	0.81201
1427	YGR125W	0.812
1428	YOR184W	0.81199
1429	YHR189W	0.81198
1430	YPL171C	0.81192
1431	YDR331W	0.81188
1432	YPL153C	0.81186
1433	YMR319C	0.81185
1434	YJR103W	0.81183
1435	YDR415C	0.81179
1436	YIR009W	0.81179
1437	YGR199W	0.81176
1438	YOL058W	0.81165
1439	YGL055W	0.81162
1440	YNR011C	0.81161
1441	YPL227C	0.8115
1442	YGL105W	0.81141
1443	YGL104C	0.81126
1444	YML068W	0.81126
1445	YER168C	0.81125
1446	YGR247W	0.81123
1447	YLR372W	0.81116
1448	YGL114W	0.81116
1449	YPL043W	0.81114
1450	YKR001C	0.81113
1451	YGR264C	0.81106
1452	YDR212W	0.81105
1453	YDR127W	0.81098
1454	YHR104W	0.81097
1455	YOR079C	0.81088
1456	YMR296C	0.81085
1457	YLL008W	0.81079
1458	YLR300W	0.81079
1459	YOR292C	0.81078
1460	YBR245C	0.81069
1461	YBL056W	0.81068
1462	YGR048W	0.81066
1463	YMR250W	0.81065
1464	YLR378C	0.81065
1465	YPL042C	0.81064
1466	YML101C	0.81063
1467	YJR040W	0.81057
1468	YKL163W	0.81053
1469	Q0250	0.81041
1470	YCL036W	0.81041
1471	YGR189C	0.81038
1472	YIL108W	0.81015
1473	YLR231C	0.81014
1474	YDL014W	0.81012
1475	YML131W	0.81012
1476	YLR364W	0.81008
1477	YHR020W	0.81006
1478	YMR089C	0.81006
1479	YKL080W	0.81006
1480	YBR177C	0.81001
1481	YNL037C	0.81
1482	YOR020C	0.80999
1483	YMR214W	0.80997
1484	YHR179W	0.80996
1485	YHR219W	0.80995
1486	YKL191W	0.80993
1487	YBR248C	0.80988
1488	YOR226C	0.80981
1489	YJL174W	0.8097
1490	YJR151C	0.80951
1491	YDR483W	0.8094
1492	YPR188C	0.80934
1493	YPL280W	0.80931
1494	YDR441C	0.80931
1495	YLR340W	0.80931
1496	YOR007C	0.80914
1497	YOR048C	0.8091
1498	YGL156W	0.80908
1499	YHR170W	0.80904
1500	YDL123W	0.80893
1501	YLR179C	0.80888
1502	YGL010W	0.80886
1503	YOR303W	0.80884
1504	YIL103W	0.80876
1505	YGL122C	0.80874
1506	YOR285W	0.80872
1507	YOL093W	0.80871
1508	YER006W	0.80868
1509	YHR142W	0.80867
1510	YOL110W	0.80863
1511	YMR085W	0.80861
1512	YOR250C	0.80844
1513	YKL135C	0.80838
1514	YPR198W	0.80835
1515	YKL161C	0.80831
1516	YIL099W	0.80821
1517	YBR127C	0.80821
1518	YPL122C	0.8082
1519	YPR201W	0.80818
1520	YDL051W	0.80814
1521	YJR010C-A	0.80801
1522	YJL087C	0.808
1523	YMR167W	0.80797
1524	YBR111C	0.80792
1525	YPR019W	0.80778
1526	YIL033C	0.80766
1527	YOR036W	0.80759
1528	YHR191C	0.80759
1529	YGL171W	0.80757
1530	YLR383W	0.80751
1531	YGR021W	0.80746
1532	YNL229C	0.80742
1533	YLR189C	0.80737
1534	YDR284C	0.80731
1535	YEL004W	0.8073
1536	YGL028C	0.80727
1537	YLR129W	0.80726
1538	YLL034C	0.80726
1539	YMR262W	0.8072
1540	YMR322C	0.807
1541	YDR105C	0.80699
1542	YML075C	0.80696
1543	YDR525W-A	0.80693
1544	YPL151C	0.80692
1545	YGL148W	0.80687
1546	YHL018W	0.8068
1547	YGR262C	0.80671
1548	YCR102C	0.80668
1549	YGR209C	0.80667
1550	YLR412W	0.80663
1551	YPL240C	0.80659
1552	YML077W	0.80659
1553	YDR305C	0.80645
1554	YGL126W	0.80642
1555	YKR056W	0.80642
1556	YER134C	0.80641
1557	YOL142W	0.80637
1558	YOR175C	0.80634
1559	YBR101C	0.80633
1560	YDR190C	0.80631
1561	YHL026C	0.80629
1562	YOL009C	0.80628
1563	YGR229C	0.80625
1564	YGL206C	0.80594
1565	YLR008C	0.8058
1566	YMR186W	0.8057
1567	YLR447C	0.80565
1568	YKL197C	0.80563
1569	YHR108W	0.80559
1570	YKR095W-A	0.80555
1571	YER142C	0.8055
1572	YLR100W	0.80549
1573	YJR032W	0.80534
1574	YLL015W	0.80533
1575	YOR196C	0.80532
1576	YDR234W	0.80529
1577	YOL064C	0.80526
1578	YKL181W	0.80526
1579	YER013W	0.80523
1580	YOL062C	0.80507
1581	YDR392W	0.80498
1582	YJL190C	0.80495
1583	YIL164C	0.80494
1584	YOL153C	0.80494
1585	YER170W	0.80494
1586	YLR367W	0.80484
1587	YLR429W	0.80473
1588	YGR271W	0.80465
1589	YMR101C	0.80461
1590	YLR056W	0.80455
1591	YLL009C	0.80454
1592	YBL032W	0.80444
1593	YNL003C	0.80434
1594	YOL008W	0.80432
1595	YGR159C	0.80431
1596	YDR211W	0.80424
1597	YNL016W	0.80421
1598	YOR304W	0.80409
1599	YPL012W	0.80408
1600	YLL058W	0.804
1601	YHR027C	0.80398
1602	YDR313C	0.80392
1603	YLR043C	0.80385
1604	YGR092W	0.80368
1605	YBL003C	0.80365
1606	YBL023C	0.8036
1607	YGL190C	0.80358
1608	YLR338W	0.80352
1609	YDR225W	0.80348
1610	YPL231W	0.80346
1611	YDR167W	0.80339
1612	YJL059W	0.80331
1613	YLR382C	0.80326
1614	YLR389C	0.80324
1615	YJL116C	0.80324
1616	YBR214W	0.80318
1617	YKL060C	0.80317
1618	YGL020C	0.80317
1619	YEL032W	0.80315
1620	YLR460C	0.80304
1621	YFL052W	0.80294
1622	YBL007C	0.80293
1623	YDR144C	0.80289
1624	YGR012W	0.80285
1625	YML052W	0.8028
1626	YOR298C-A	0.80277
1627	YGR204W	0.80274
1628	YOR356W	0.80258
1629	YMR244W	0.80253
1630	YNL061W	0.80248
1631	YKR088C	0.80242
1632	YOR361C	0.80241
1633	YOR232W	0.80235
1634	YMR208W	0.80234
1635	YDL085W	0.80214
1636	YJL172W	0.80212
1637	YJL088W	0.80206
1638	YLR342W	0.80204
1639	YNL305C	0.80191
1640	YAL044C	0.8019
1641	YJL052W	0.80179
1642	YKL144C	0.80176
1643	YNL223W	0.80174
1644	YLR210W	0.80172
1645	YDR530C	0.80172
1646	YER070W	0.80169
1647	YDR083W	0.80166
1648	YEL024W	0.80163
1649	YNL240C	0.8016
1650	YJR014W	0.80158
1651	YDR263C	0.80157
1652	YGR032W	0.80155
1653	YBR236C	0.80148
1654	YEL036C	0.80148
1655	YJL041W	0.80145
1656	YBL015W	0.8014
1657	YJL125C	0.80139
1658	YJR009C	0.80139
1659	YER156C	0.80138
1660	YEL001C	0.80136
1661	YNL056W	0.80136
1662	YNL087W	0.80135
1663	YDR468C	0.8013
1664	YLR138W	0.80125
1665	YGR195W	0.80117
1666	YGR029W	0.80107
1667	YCR069W	0.80094
1668	YDL141W	0.80085
1669	YHR024C	0.80082
1670	YOL068C	0.80079
1671	YGL205W	0.80075
1672	YPR107C	0.80073
1673	YHR193C	0.80073
1674	YIL063C	0.80073
1675	YJL124C	0.80067
1676	YNL066W	0.80065
1677	YGL208W	0.80055
1678	YFR025C	0.80052
1679	YBL001C	0.80049
1680	YKL013C	0.80048
1681	YBR017C	0.80046
1682	YDL093W	0.80044
1683	YJR016C	0.80042
1684	YIR008C	0.8004
1685	YPR034W	0.80032
1686	YBL099W	0.80031
1687	YLR324W	0.80031
1688	YNL220W	0.8003
1689	YCL011C	0.8003
1690	YFL028C	0.80023
1691	YBR208C	0.80018
1692	YJR020W	0.80007
1693	YDR534C	0.80007
1694	YLR343W	0.80002
1695	YDR487C	0.80002
1696	YIR031C	0.79998
1697	YBR149W	0.79992
1698	YOR262W	0.79989
1699	YOR110W	0.79985
1700	YIL153W	0.79985
1701	YMR062C	0.79984
1702	YLR181C	0.79984
1703	YJR109C	0.7998
1704	YBR014C	0.79971
1705	YLR399C	0.79963
1706	YNL082W	0.7996
1707	YOL154W	0.79958
1708	YLR218C	0.79952
1709	YPR120C	0.79948
1710	YLR078C	0.79944
1711	YKL029C	0.79943
1712	YAL021C	0.79943
1713	YGL238W	0.79937
1714	YLR446W	0.79931
1715	YKR042W	0.79928
1716	YDR399W	0.79915
1717	YIL066C	0.79914
1718	YML010W	0.79909
1719	YHR002W	0.79898
1720	YNL117W	0.79896
1721	YLL048C	0.79886
1722	YHR148W	0.7988
1723	YLR038C	0.79875
1724	YPL087W	0.79847
1725	YNR065C	0.7984
1726	YDR490C	0.79828
1727	YMR088C	0.7982
1728	YDR257C	0.79814
1729	YHR215W	0.79812
1730	YGR288W	0.79794
1731	YPL184C	0.79791
1732	YDR522C	0.79782
1733	YFR024C-A	0.79776
1734	YGR276C	0.79767
1735	YNL287W	0.79766
1736	YHR037W	0.79752
1737	YKL085W	0.79739
1738	YOR034C	0.7973
1739	YKR070W	0.79726
1740	YAR042W	0.79724
1741	YDR539W	0.79713
1742	YJR107W	0.79703
1743	YKL017C	0.79702
1744	YDL036C	0.797
1745	YBR112C	0.79694
1746	YGR004W	0.79692
1747	YBR093C	0.79684
1748	YLR203C	0.79682
1749	YHR205W	0.7968
1750	YAL039C	0.7968
1751	YAR071W	0.79678
1752	YBR166C	0.79677
1753	YKR055W	0.79669
1754	YOR074C	0.79666
1755	YFL042C	0.79661
1756	YNL148C	0.79654
1757	YAL064W-B	0.79641
1758	YPR118W	0.79639
1759	YHR181W	0.79639
1760	YGR284C	0.79637
1761	YCR045C	0.7963
1762	YOR280C	0.7963
1763	YKL028W	0.7963
1764	YNL045W	0.79621
1765	YML054C	0.79615
1766	YGL241W	0.79609
1767	YAR018C	0.79605
1768	YKL084W	0.79596
1769	YBR283C	0.79592
1770	YDR243C	0.79587
1771	YOR109W	0.79587
1772	YDR398W	0.79586
1773	YDL190C	0.79584
1774	YNR052C	0.79581
1775	YJL074C	0.79577
1776	YJR057W	0.79566
1777	YMR093W	0.79558
1778	YOR172W	0.79555
1779	YER065C	0.79541
1780	YDR338C	0.79538
1781	YML035C	0.79534
1782	YPR002W	0.79524
1783	YKL051W	0.79522
1784	YBR192W	0.79516
1785	YGR037C	0.79509
1786	YPR163C	0.79506
1787	YOR065W	0.79505
1788	YER176W	0.79504
1789	YBR162C	0.795
1790	YGL242C	0.79498
1791	YNR074C	0.79488
1792	YNL232W	0.79476
1793	YJR085C	0.79473
1794	YEL003W	0.7947
1795	YER120W	0.79469
1796	YDR121W	0.79469
1797	YPR025C	0.79469
1798	YBL098W	0.79459
1799	YLR410W	0.79458
1800	YLR222C	0.79434
1801	YML121W	0.79432
1802	YMR020W	0.7943
1803	YGL068W	0.79427
1804	YCR094W	0.79426
1805	YBR023C	0.79379
1806	YGR036C	0.79375
1807	YIL075C	0.79373
1808	YLR401C	0.79369
1809	YDL110C	0.79359
1810	YML126C	0.79349
1811	YGL095C	0.79337
1812	YGR192C	0.7933
1813	YOL096C	0.7932
1814	YJR149W	0.7932
1815	YKR024C	0.79316
1816	YBR052C	0.79305
1817	YJL093C	0.79296
1818	YPR056W	0.79294
1819	YNL101W	0.79293
1820	YEL056W	0.79281
1821	YDR051C	0.79269
1822	YFR050C	0.79268
1823	YNL022C	0.79262
1824	YAL003W	0.79259
1825	YCR002C	0.79259
1826	YIL039W	0.7925
1827	YCL038C	0.7925
1828	YMR251W	0.79249
1829	YLR405W	0.79247
1830	YOR209C	0.79242
1831	YDL072C	0.79239
1832	YHR176W	0.79237
1833	YPL183C	0.79235
1834	YIR029W	0.79215
1835	YKL026C	0.79211
1836	YLR178C	0.79211
1837	YBR104W	0.79206
1838	YOR367W	0.79183
1839	YDR236C	0.79178
1840	YER010C	0.79176
1841	YPR172W	0.79175
1842	YFL002C	0.79169
1843	YOR274W	0.79167
1844	YGL232W	0.79164
1845	YMR038C	0.79156
1846	YFL008W	0.79152
1847	YDL090C	0.79143
1848	YER091C	0.7914
1849	YJL065C	0.7914
1850	YPR111W	0.79139
1851	YJL136C	0.79136
1852	YLR276C	0.79129
1853	YBR096W	0.79126
1854	YGR001C	0.79112
1855	YML004C	0.79111
1856	YFR030W	0.7909
1857	YPL013C	0.79087
1858	YFL001W	0.79083
1859	YMR304W	0.79074
1860	YOR239W	0.7907
1861	YLR451W	0.79067
1862	YDR013W	0.7906
1863	YDL178W	0.79057
1864	YFL059W	0.79054
1865	YNL121C	0.79054
1866	YIR038C	0.79052
1867	YNL333W	0.79049
1868	YMR139W	0.79044
1869	YMR268C	0.79042
1870	YGL033W	0.7903
1871	YOR016C	0.79029
1872	YNL040W	0.79029
1873	YGL212W	0.79021
1874	YNL260C	0.7902
1875	YJR125C	0.79016
1876	YPR157W	0.79015
1877	YDR097C	0.79006
1878	YLL041C	0.79001
1879	YJR133W	0.78999
1880	YMR143W	0.78998
1881	YDL083C	0.78998
1882	YPL239W	0.78997
1883	YFR032C	0.78989
1884	YHR201C	0.78987
1885	YDR400W	0.78979
1886	YGL154C	0.78979
1887	YPR186C	0.78979
1888	YBL064C	0.78978
1889	YLR108C	0.78977
1890	YKL193C	0.78976
1891	YGL198W	0.78976
1892	YMR123W	0.78974
1893	YIL062C	0.78972
1894	YBR025C	0.78968
1895	YBR110W	0.78962
1896	YLR409C	0.78961
1897	YOR119C	0.78961
1898	YFR021W	0.78955
1899	YGL044C	0.78938
1900	YDL037C	0.78927
1901	YDR477W	0.78926
1902	YMR092C	0.78925
1903	YLL001W	0.78921
1904	YOR370C	0.7892
1905	YNL175C	0.78919
1906	YJR084W	0.78917
1907	YLR089C	0.78893
1908	YCR044C	0.78887
1909	YBR198C	0.78885
1910	YKL212W	0.78885
1911	YML005W	0.78875
1912	YOL077C	0.7887
1913	YKR076W	0.78869
1914	YIL014W	0.78869
1915	YLR375W	0.78867
1916	YLL014W	0.7886
1917	YNL049C	0.78859
1918	YNL181W	0.78858
1919	YPL211W	0.78858
1920	YNL190W	0.78854
1921	YGL245W	0.78851
1922	YPL004C	0.78847
1923	YHR049W	0.78847
1924	YOR165W	0.78846
1925	YIL083C	0.78843
1926	YOR390W	0.78831
1927	YGR181W	0.78826
1928	YAL046C	0.7881
1929	YPL262W	0.7881
1930	YGL009C	0.78809
1931	YBL068W-A	0.78809
1932	YGL196W	0.78808
1933	YNL129W	0.78807
1934	YGR266W	0.78802
1935	YOR162C	0.78794
1936	YGR133W	0.78794
1937	YFL022C	0.78782
1938	YKL209C	0.78781
1939	YBR293W	0.78781
1940	YCL075W	0.78779
1941	YLR014C	0.78773
1942	YCL047C	0.78769
1943	YEL029C	0.78767
1944	YNL321W	0.78754
1945	YBR018C	0.7875
1946	YJL082W	0.78748
1947	YAR023C	0.78742
1948	YMR132C	0.78742
1949	YDR380W	0.78738
1950	YIL068C	0.78732
1951	YLR099C	0.78731
1952	YGL050W	0.78729
1953	YKL081W	0.78728
1954	YDR182W-A	0.78722
1955	YFL048C	0.78718
1956	YDL120W	0.78713
1957	YOL130W	0.78711
1958	YOR291W	0.7871
1959	YCL050C	0.7871
1960	YJL080C	0.78709
1961	YHR168W	0.78701
1962	YGR082W	0.78699
1963	YDR358W	0.78696
1964	YPR147C	0.78695
1965	YFL044C	0.78675
1966	YEL006W	0.78668
1967	YKR067W	0.78667
1968	YLR117C	0.78663
1969	YPL127C	0.78662
1970	YCR106W	0.7866
1971	YER027C	0.7866
1972	YNL316C	0.7866
1973	YER016W	0.78655
1974	YMR306W	0.78654
1975	YJL097W	0.78649
1976	YHL042W	0.78643
1977	YPR066W	0.78641
1978	YOL098C	0.78626
1979	YER039C-A	0.78625
1980	YMR069W	0.78624
1981	YKR057W	0.78623
1982	YPL088W	0.78619
1983	YPR153W	0.78615
1984	YNL207W	0.78611
1985	YFR048W	0.78611
1986	YLR272C	0.78608
1987	YNR008W	0.78607
1988	YBR062C	0.78601
1989	YKL202W	0.78599
1990	YGR085C	0.78598
1991	YHR202W	0.78595
1992	Q0120	0.78593
1993	YIR039C	0.78592
1994	YNL075W	0.7859
1995	YOR223W	0.78584
1996	YMR277W	0.78584
1997	YBR267W	0.78582
1998	YNR017W	0.7858
1999	YOR024W	0.78574
2000	YLR345W	0.78572
2001	YGR024C	0.78572
2002	YML065W	0.78569
2003	YFR038W	0.78565
2004	YNR033W	0.78563
2005	YLR074C	0.78562
2006	YJL178C	0.7856
2007	YDR191W	0.7856
2008	YOR145C	0.78555
2009	YNL243W	0.78551
2010	YBL018C	0.78549
2011	YPL279C	0.78547
2012	YCR101C	0.78537
2013	YHR028C	0.78531
2014	YER100W	0.78527
2015	YKL154W	0.78522
2016	YPL048W	0.7852
2017	YDR224C	0.78501
2018	YPR159W	0.78501
2019	YJL062W	0.78501
2020	YHR040W	0.78501
2021	YBL002W	0.785
2022	YMR001C	0.78498
2023	YIL007C	0.78495
2024	YMR225C	0.78493
2025	YFR005C	0.78488
2026	YLR421C	0.7848
2027	YNL192W	0.78478
2028	YLR086W	0.78475
2029	YDR056C	0.78466
2030	YOR271C	0.78466
2031	YDR518W	0.78463
2032	YOR307C	0.78457
2033	YDL202W	0.78456
2034	YML110C	0.78453
2035	YBL106C	0.78442
2036	YML098W	0.78438
2037	YPR140W	0.78437
2038	YOL060C	0.78432
2039	YHL015W	0.78421
2040	YJL163C	0.78415
2041	YFL034C-B	0.78412
2042	YIL123W	0.78411
2043	YOR206W	0.78408
2044	YGL143C	0.78404
2045	YOR261C	0.78398
2046	YLR019W	0.78393
2047	YBR056W	0.78386
2048	YNL313C	0.78386
2049	YNL161W	0.78381
2050	YOR286W	0.78381
2051	YLR390W	0.78379
2052	YLR308W	0.78374
2053	YNL326C	0.78355
2054	YJL210W	0.78349
2055	YKR052C	0.78343
2056	YKL160W	0.78342
2057	YGR263C	0.78342
2058	YJL160C	0.78339
2059	YNL318C	0.78335
2060	YGR078C	0.78328
2061	YBR061C	0.78325
2062	YML072C	0.78324
2063	YLR449W	0.78311
2064	YLR022C	0.78293
2065	YPR102C	0.78291
2066	YMR239C	0.78282
2067	YGL140C	0.78267
2068	YBL013W	0.78249
2069	YNR012W	0.78249
2070	YER163C	0.78248
2071	YJL081C	0.78243
2072	YDR429C	0.7824
2073	Q0065	0.78239
2074	YBR223C	0.78221
2075	YDR109C	0.78216
2076	YIL047C	0.78216
2077	YBL017C	0.78214
2078	YBR024W	0.78213
2079	YBR091C	0.78208
2080	YJL104W	0.78207
2081	YMR104C	0.78207
2082	YKL182W	0.78206
2083	YLR072W	0.78205
2084	YGR243W	0.78203
2085	YHR091C	0.78202
2086	YOR100C	0.78199
2087	YDR182W	0.78192
2088	YDR502C	0.78191
2089	YPR112C	0.78186
2090	YGR242W	0.78183
2091	YOR021C	0.78179
2092	YHL034C	0.78166
2093	YGR093W	0.78163
2094	YNR067C	0.7816
2095	YPR178W	0.78159
2096	YHR137W	0.78158
2097	YOR151C	0.78145
2098	YGR187C	0.78144
2099	YBR204C	0.78143
2100	YCR005C	0.78142
2101	YMR155W	0.78123
2102	YLR435W	0.78117
2103	YLR287C	0.78114
2104	YAL009W	0.78109
2105	YMR152W	0.78105
2106	YDR248C	0.78104
2107	YDR161W	0.78103
2108	YBR039W	0.78097
2109	YHL039W	0.78097
2110	YIL113W	0.78093
2111	YJL153C	0.78092
2112	YLR144C	0.78085
2113	YGR214W	0.78085
2114	YDR459C	0.78085
2115	YGL084C	0.7808
2116	YDL101C	0.78073
2117	YER164W	0.78071
2118	YKL022C	0.78065
2119	YNL096C	0.78063
2120	YIL016W	0.78061
2121	YHR178W	0.78055
2122	YFL016C	0.78054
2123	YOL155C	0.78054
2124	YFL003C	0.78049
2125	YGR173W	0.78048
2126	YMR200W	0.78041
2127	YLR413W	0.78033
2128	YNL185C	0.7803
2129	YDL078C	0.78023
2130	YFL050C	0.78021
2131	YDL104C	0.78017
2132	YJR078W	0.78013
2133	YMR162C	0.78012
2134	YKR079C	0.78004
2135	YOL006C	0.78003
2136	YLR212C	0.77999
2137	YDL177C	0.77997
2138	YJL200C	0.77989
2139	YKL189W	0.7798
2140	YOR181W	0.77965
2141	YJR064W	0.7796
2142	YKL070W	0.77955
2143	YLR109W	0.77954
2144	YCR028C-A	0.77953
2145	YDR387C	0.77952
2146	YKL003C	0.77948
2147	YOR118W	0.77945
2148	YPL097W	0.77943
2149	YOR176W	0.77935
2150	YKL165C	0.77924
2151	YHR039C-A	0.7792
2152	YHR187W	0.77918
2153	YNL088W	0.77914
2154	YOL115W	0.77911
2155	YNL023C	0.77907
2156	YHR001W	0.77905
2157	YNL292W	0.77904
2158	YML074C	0.77901
2159	YOR136W	0.77895
2160	YEL019C	0.77892
2161	YJR130C	0.77887
2162	YGR083C	0.77886
2163	YAL019W	0.77883
2164	YJR067C	0.77881
2165	YLR380W	0.77878
2166	YLR065C	0.77875
2167	YHR161C	0.77874
2168	YPR047W	0.77872
2169	YDR452W	0.77868
2170	YDR170C	0.77865
2171	YJL158C	0.77864
2172	YHR209W	0.77863
2173	YDR292C	0.77849
2174	YBL055C	0.77845
2175	YLR026C	0.77838
2176	YLR361C	0.77831
2177	YIL067C	0.77825
2178	YDR188W	0.77812
2179	YNR056C	0.77811
2180	YDL042C	0.77803
2181	YGR245C	0.77793
2182	YDR395W	0.77791
2183	YPL152W	0.77789
2184	YJL151C	0.77784
2185	YHR151C	0.77783
2186	YLR066W	0.77773
2187	YJR146W	0.77773
2188	YHR033W	0.77771
2189	YOR164C	0.77764
2190	YLL036C	0.77764
2191	YKL194C	0.77761
2192	YPL001W	0.77757
2193	YKL009W	0.77756
2194	YDR476C	0.77753
2195	YDR324C	0.77747
2196	YHR003C	0.77742
2197	YBR070C	0.77742
2198	YBR125C	0.77731
2199	YIL015W	0.7773
2200	YBR237W	0.77724
2201	YPL224C	0.77718
2202	YKR084C	0.77716
2203	YER014W	0.77713
2204	YOL012C	0.77696
2205	YPL060W	0.77688
2206	YML055W	0.77685
2207	YBR229C	0.77683
2208	YPR200C	0.77683
2209	YLR306W	0.77669
2210	YOL113W	0.77668
2211	YGL155W	0.77659
2212	YNL020C	0.77655
2213	YGL065C	0.77648
2214	YLR083C	0.77638
2215	YBR094W	0.7763
2216	YKL065C	0.77629
2217	YPR190C	0.77629
2218	YJL186W	0.77618
2219	YER172C	0.77615
2220	YLR205C	0.77611
2221	YDL081C	0.77609
2222	YDL004W	0.77593
2223	YOL067C	0.77593
2224	YCR084C	0.77592
2225	YDR381W	0.77589
2226	YNL059C	0.77588
2227	YHR162W	0.77577
2228	YOL052C	0.77576
2229	YNR001C	0.77572
2230	YGR111W	0.77571
2231	YPL008W	0.7757
2232	YOR173W	0.77565
2233	YFL054C	0.7756
2234	YDL145C	0.77556
2235	YNL067W	0.77551
2236	YER049W	0.7755
2237	YHR204W	0.77547
2238	YNL001W	0.7754
2239	YDL079C	0.77537
2240	YLR180W	0.77529
2241	YGR141W	0.77516
2242	YLR335W	0.77508
2243	YML082W	0.77507
2244	YPL222W	0.77505
2245	YHR117W	0.775
2246	YDL017W	0.77495
2247	YHR072W	0.77494
2248	YDR164C	0.77493
2249	YHR194W	0.77492
2250	YBR297W	0.77488
2251	YHR147C	0.7748
2252	YNL106C	0.77479
2253	YGR026W	0.77477
2254	YPL157W	0.77469
2255	YHR165W-A	0.77466
2256	YHR051W	0.77463
2257	YAL036C	0.7746
2258	YPL002C	0.77453
2259	YAL048C	0.77449
2260	YGR255C	0.77436
2261	YDR142C	0.77434
2262	YBR151W	0.77433
2263	YDR514C	0.77431
2264	YKL186C	0.77431
2265	YIL034C	0.77418
2266	YKR081C	0.77416
2267	Q0050	0.77411
2268	YDL218W	0.77408
2269	YJL222W	0.77404
2270	YNL293W	0.77401
2271	YPR144C	0.774
2272	YJR144W	0.774
2273	YGL262W	0.77399
2274	YOR213C	0.77391
2275	YGL240W	0.7739
2276	YEL059C-A	0.77387
2277	YDR117C	0.77382
2278	YMR244C-A	0.77381
2279	YPR032W	0.77377
2280	YJR008W	0.77376
2281	YHL013C	0.77372
2282	YLR145W	0.77372
2283	YER066W	0.77368
2284	YMR321C	0.77362
2285	YOR096W	0.77361
2286	YDL193W	0.7736
2287	YIL168W	0.77359
2288	YMR161W	0.77348
2289	YER162C	0.77336
2290	YIL173W	0.77331
2291	YNL107W	0.77331
2292	YJR141W	0.77328
2293	YKL073W	0.77328
2294	YGL185C	0.77328
2295	YPL282C	0.77327
2296	YOR394W	0.77327
2297	YLL011W	0.77322
2298	YIL046W	0.77319
2299	YOL018C	0.77311
2300	YNL025C	0.77311
2301	YMR063W	0.77308
2302	YGL040C	0.77304
2303	YPR124W	0.77303
2304	YER061C	0.77299
2305	YBR103W	0.77296
2306	YBR227C	0.77292
2307	YPL117C	0.7729
2308	YBR175W	0.77284
2309	YGL184C	0.77283
2310	YIL082W-A	0.77278
2311	YER051W	0.77277
2312	YBR274W	0.77271
2313	YDR531W	0.77266
2314	YCL064C	0.77256
2315	YIL126W	0.77252
2316	YPL140C	0.7725
2317	YOL061W	0.77244
2318	YMR114C	0.77241
2319	YNR058W	0.7724
2320	YDR041W	0.77237
2321	YLR050C	0.77235
2322	YGR086C	0.77221
2323	YKR003W	0.77221
2324	YGL259W	0.77207
2325	YNL102W	0.77205
2326	YOR207C	0.77198
2327	YNR051C	0.77195
2328	YGR144W	0.77193
2329	YKL019W	0.77181
2330	YNL079C	0.77176
2331	YNR062C	0.77164
2332	YPR161C	0.77162
2333	YBR042C	0.77159
2334	YOR369C	0.77157
2335	YPL172C	0.77156
2336	YPL270W	0.77153
2337	YCL045C	0.77138
2338	YNR016C	0.77136
2339	YDL154W	0.77136
2340	YDR265W	0.77134
2341	YPL082C	0.77132
2342	YPR114W	0.77129
2343	YHR098C	0.77128
2344	YGL030W	0.77126
2345	YML120C	0.77123
2346	YMR041C	0.7711
2347	YNL219C	0.77107
2348	YHR113W	0.77104
2349	YPR133C	0.77103
2350	YGL236C	0.77099
2351	YGL181W	0.77098
2352	YGL183C	0.77094
2353	YER059W	0.77092
2354	YCL048W	0.77086
2355	YER123W	0.7708
2356	YMR180C	0.77077
2357	YDR523C	0.77076
2358	YOR253W	0.77072
2359	YPL164C	0.77069
2360	YDL063C	0.77063
2361	YJL078C	0.77062
2362	YNL256W	0.77051
2363	YKL174C	0.77051
2364	YNL155W	0.77039
2365	YLR284C	0.77035
2366	YLR197W	0.77033
2367	YLR386W	0.77029
2368	YHR114W	0.77027
2369	Q0105	0.77026
2370	YHR041C	0.77018
2371	YCL042W	0.77016
2372	YAL035W	0.77016
2373	YEL002C	0.77013
2374	YDR390C	0.77012
2375	YPR196W	0.77011
2376	YOL126C	0.77007
2377	YLL043W	0.76996
2378	YMR263W	0.76996
2379	YLR020C	0.76994
2380	YDR145W	0.7699
2381	YCR092C	0.7699
2382	YGL251C	0.76989
2383	YCR100C	0.76985
2384	YGR080W	0.76984
2385	YDR336W	0.76982
2386	YHL032C	0.76981
2387	YER063W	0.76979
2388	YEL054C	0.76975
2389	YDR418W	0.76975
2390	YGL147C	0.76974
2391	YPR010C	0.76973
2392	YDL213C	0.76973
2393	YMR218C	0.76959
2394	YDR435C	0.76951
2395	YPR098C	0.76951
2396	YLR048W	0.76951
2397	YOR039W	0.7695
2398	YOR251C	0.76949
2399	YDR386W	0.76945
2400	YOR125C	0.76943
2401	YKR040C	0.76941
2402	YHR076W	0.76941
2403	YNL246W	0.76938
2404	YPR119W	0.76937
2405	YMR150C	0.76936
2406	YPL179W	0.76936
2407	YLR270W	0.7693
2408	YHR088W	0.76927
2409	YHR171W	0.76923
2410	YNL036W	0.76919
2411	YNL322C	0.76914
2412	YKR017C	0.76903
2413	YOR301W	0.76903
2414	YLR196W	0.76893
2415	YBR147W	0.76885
2416	YAL015C	0.76885
2417	YHR069C	0.76883
2418	YMR040W	0.7688
2419	YKR012C	0.76875
2420	YOL114C	0.7687
2421	YDL207W	0.76867
2422	YDR173C	0.7686
2423	YMR196W	0.76859
2424	YPR137W	0.76857
2425	YPL147W	0.76855
2426	YGR285C	0.76853
2427	YDL200C	0.76852
2428	YLR215C	0.76849
2429	YOL072W	0.76845
2430	YHL031C	0.76835
2431	YOR295W	0.76834
2432	YOR056C	0.7683
2433	YLR143W	0.76829
2434	YBR207W	0.76825
2435	YLL057C	0.76821
2436	YPL133C	0.76818
2437	YGR232W	0.76817
2438	YBR201W	0.76815
2439	YDR325W	0.76815
2440	YDR506C	0.76812
2441	YJL117W	0.76811
2442	YOR377W	0.76811
2443	YLR274W	0.76809
2444	YFL034W	0.76799
2445	YNL168C	0.76798
2446	YLR418C	0.76793
2447	YDR112W	0.76793
2448	YOR001W	0.76793
2449	YDR165W	0.76785
2450	YMR166C	0.76783
2451	YPL273W	0.76776
2452	YDR332W	0.76767
2453	YGR162W	0.76764
2454	YPL131W	0.76758
2455	YLL006W	0.76753
2456	YDR436W	0.76752
2457	YLR414C	0.76751
2458	YLR003C	0.7675
2459	YBL019W	0.76747
2460	YKR086W	0.76745
2461	YAL018C	0.76741
2462	YDL241W	0.76739
2463	YML090W	0.76739
2464	YGR201C	0.76729
2465	YJR099W	0.76723
2466	YDL019C	0.76716
2467	YNL248C	0.76715
2468	YBR167C	0.7671
2469	YNL169C	0.76706
2470	YIL171W	0.76703
2471	YGL194C	0.76702
2472	YGR257C	0.76699
2473	YOR057W	0.76697
2474	YDL039C	0.76695
2475	YOR130C	0.76694
2476	YLR085C	0.76691
2477	YBR199W	0.76689
2478	YOL056W	0.7668
2479	YGR241C	0.76677
2480	YOR341W	0.76675
2481	YHR034C	0.76674
2482	YMR264W	0.76672
2483	YGL082W	0.76671
2484	YJL010C	0.76667
2485	YDR067C	0.76656
2486	YML060W	0.76654
2487	YDL109C	0.76652
2488	YOL123W	0.76649
2489	YNL015W	0.76644
2490	YNL247W	0.76642
2491	YNL180C	0.76641
2492	YLL027W	0.76629
2493	YDR107C	0.76629
2494	YPL194W	0.76621
2495	YKL187C	0.76619
2496	YJR010W	0.76611
2497	YJL036W	0.7661
2498	YGL004C	0.7661
2499	YHR016C	0.76596
2500	YHR120W	0.76595
2501	YPL030W	0.76589
2502	YIL110W	0.76587
2503	YHR121W	0.7658
2504	YHR066W	0.76579
2505	YLR357W	0.76578
2506	YHR140W	0.76573
2507	YJL137C	0.76571
2508	YDR364C	0.7657
2509	YLR174W	0.76567
2510	YLL012W	0.76562
2511	YDR432W	0.76557
2512	YNR034W-A	0.76553
2513	YDR346C	0.76548
2514	YDR268W	0.76547
2515	YMR228W	0.76542
2516	YMR131C	0.76532
2517	YKR062W	0.76528
2518	YGR109W-B	0.76526
2519	YHR134W	0.76524
2520	YGR194C	0.76512
2521	YGR063C	0.7651
2522	YHR203C	0.76508
2523	YJR145C	0.76508
2524	YGL089C	0.76503
2525	YKR074W	0.76479
2526	YGL173C	0.76478
2527	YNR030W	0.76473
2528	YNL048W	0.76464
2529	YPL207W	0.76463
2530	YMR310C	0.76459
2531	YKL222C	0.76458
2532	YDR330W	0.76451
2533	YPL103C	0.76441
2534	YFR027W	0.7644
2535	YIL023C	0.76438
2536	YER001W	0.76436
2537	YDL160C-A	0.76436
2538	YIL106W	0.76434
2539	YDR391C	0.76433
2540	YDR447C	0.7643
2541	YOL041C	0.76424
2542	YER005W	0.76422
2543	YER116C	0.76409
2544	YGR268C	0.76409
2545	YPR037C	0.76402
2546	YDR058C	0.76396
2547	YJR121W	0.76396
2548	YJL126W	0.76394
2549	YGR220C	0.76386
2550	YJL168C	0.76385
2551	YML019W	0.76382
2552	YDR077W	0.76378
2553	YCL026C-A	0.76377
2554	YDR031W	0.76373
2555	YFR007W	0.76373
2556	YGL049C	0.76364
2557	YPR184W	0.76361
2558	YAR003W	0.76358
2559	YBR200W	0.76357
2560	YFR041C	0.76355
2561	YMR149W	0.76353
2562	YGL018C	0.76349
2563	YDR312W	0.76345
2564	YDL040C	0.76336
2565	YNL238W	0.76335
2566	YNR029C	0.76334
2567	YJL130C	0.76333
2568	YNL083W	0.76323
2569	YPR038W	0.76322
2570	YIL004C	0.7632
2571	YCR075W-A	0.76314
2572	YOR160W	0.76311
2573	YDL092W	0.76308
2574	YOR275C	0.76307
2575	YDR256C	0.76305
2576	YKR103W	0.76294
2577	YDR488C	0.76291
2578	YOR258W	0.76286
2579	YHR173C	0.76283
2580	YNL063W	0.76282
2581	YER141W	0.76281
2582	YKL192C	0.76276
2583	YJL005W	0.76274
2584	YGR177C	0.76273
2585	YDR061W	0.76271
2586	YDR060W	0.76264
2587	YML024W	0.76263
2588	YOR278W	0.76257
2589	YCL026C-B	0.76256
2590	YOR310C	0.76256
2591	YGR074W	0.76247
2592	YCL054W	0.76243
2593	YGL164C	0.76242
2594	YDR498C	0.76241
2595	YNL206C	0.76238
2596	YPL024W	0.76236
2597	YDR183W	0.76227
2598	YKL086W	0.76224
2599	YJR075W	0.76214
2600	YNL328C	0.76211
2601	YMR173W-A	0.76207
2602	YOL049W	0.76205
2603	YGR061C	0.76202
2604	YNL299W	0.762
2605	YLR452C	0.762
2606	YDR189W	0.76185
2607	YJL091C	0.76183
2608	YKL150W	0.76181
2609	YIL030C	0.76176
2610	YLR239C	0.76175
2611	YKL041W	0.7617
2612	YIR023W	0.76168
2613	YFL004W	0.76167
2614	YJL072C	0.76158
2615	YOR002W	0.76156
2616	YOR254C	0.76155
2617	YOL023W	0.76152
2618	YDL130W	0.76152
2619	YKL103C	0.76145
2620	YLR047C	0.76143
2621	YPL209C	0.76138
2622	YDR428C	0.76134
2623	YJL133W	0.76127
2624	YOL039W	0.76126
2625	YDR286C	0.76113
2626	YDR349C	0.76112
2627	YAL004W	0.761
2628	YCR087C-A	0.76099
2629	YPL110C	0.76095
2630	YIL022W	0.76093
2631	YLR450W	0.7609
2632	YLR088W	0.76087
2633	YGL027C	0.76087
2634	YIL125W	0.76082
2635	YJL031C	0.76079
2636	YMR078C	0.76069
2637	YHR164C	0.76068
2638	YPR123C	0.76066
2639	YOR154W	0.76063
2640	YOR201C	0.76063
2641	YBR146W	0.76062
2642	YML118W	0.7606
2643	YKL087C	0.76057
2644	YCR030C	0.76052
2645	YML115C	0.7605
2646	YLR037C	0.76037
2647	YBR213W	0.76027
2648	YER082C	0.76012
2649	YOR382W	0.76002
2650	YKR087C	0.75998
2651	YBR176W	0.75991
2652	YCR076C	0.75969
2653	YJL085W	0.75964
2654	YPL196W	0.75941
2655	YPL109C	0.75939
2656	YBR055C	0.75938
2657	YER029C	0.75938
2658	YHR182C-A	0.75935
2659	YGL166W	0.75924
2660	YIR032C	0.75923
2661	YCL001W-B	0.75923
2662	YDR362C	0.75919
2663	YOR272W	0.75913
2664	YHR116W	0.75908
2665	YPL190C	0.75905
2666	YGL144C	0.75904
2667	YLR318W	0.75902
2668	YCR079W	0.75902
2669	YLR246W	0.75897
2670	YPR017C	0.75892
2671	YIL167W	0.7589
2672	YPL176C	0.7589
2673	YBR205W	0.75869
2674	YGR143W	0.75869
2675	YPR100W	0.75867
2676	YBR141C	0.75863
2677	YJR118C	0.75862
2678	YNL279W	0.75861
2679	YJL183W	0.75858
2680	YKL071W	0.75856
2681	YPL096W	0.7585
2682	YIL008W	0.75847
2683	YLL025W	0.75843
2684	YIL157C	0.75842
2685	YPR162C	0.75836
2686	YGR169C	0.75835
2687	YNL317W	0.75826
2688	YER042W	0.75815
2689	YOL141W	0.75806
2690	YDR132C	0.758
2691	YHR207C	0.75797
2692	YDL226C	0.75796
2693	YDR194C	0.75792
2694	YNL239W	0.75789
2695	YGL112C	0.75788
2696	YDL185W	0.75784
2697	YHL002W	0.75784
2698	YDL033C	0.75783
2699	YMR302C	0.75781
2700	YDL031W	0.7578
2701	YGL243W	0.75777
2702	YNL163C	0.75766
2703	YKL178C	0.75763
2704	YLR275W	0.75763
2705	YJR154W	0.75761
2706	YOL152W	0.75754
2707	YIL134W	0.75754
2708	YHR115C	0.75748
2709	YDR306C	0.75743
2710	YHR008C	0.75742
2711	YDR282C	0.75731
2712	YHL004W	0.75722
2713	YBL058W	0.75715
2714	YKL156W	0.75715
2715	YJL154C	0.75714
2716	YML097C	0.75712
2717	YMR325W	0.75707
2718	YOL042W	0.75699
2719	Q0142	0.75695
2720	YHR062C	0.7569
2721	YHR139C	0.75677
2722	YGR136W	0.75676
2723	YMR201C	0.75674
2724	YLR133W	0.75671
2725	YER147C	0.75668
2726	YOR022C	0.7566
2727	YFL046W	0.75656
2728	YML051W	0.75653
2729	YHL008C	0.75653
2730	YFL040W	0.75645
2731	YLR163C	0.75645
2732	YER080W	0.75641
2733	YOL145C	0.75639
2734	YNL092W	0.75638
2735	YJL011C	0.75628
2736	YOR215C	0.7562
2737	YCR104W	0.75618
2738	YJR137C	0.75614
2739	YFL034C-A	0.75608
2740	YGL053W	0.75596
2741	YGR103W	0.75589
2742	YDR430C	0.75581
2743	YKL119C	0.7558
2744	YIL147C	0.75555
2745	YER157W	0.75536
2746	YLR105C	0.75527
2747	YHR166C	0.75526
2748	YOR059C	0.75524
2749	YOR052C	0.75515
2750	YHR086W	0.75512
2751	YGR047C	0.75511
2752	YBR079C	0.75503
2753	YOL043C	0.75489
2754	YMR177W	0.75488
2755	YER011W	0.75484
2756	YPL249C	0.75483
2757	YBL061C	0.75482
2758	YDL167C	0.75479
2759	YDL143W	0.75473
2760	YPL125W	0.75471
2761	YHR075C	0.75469
2762	YPR060C	0.75463
2763	YIR041W	0.75459
2764	YOL010W	0.75457
2765	YDL119C	0.75456
2766	YHL046C	0.75456
2767	YDR054C	0.7545
2768	YLR064W	0.75443
2769	YDR293C	0.75437
2770	YPR168W	0.75436
2771	YLL064C	0.75435
2772	YNR076W	0.75435
2773	YIL073C	0.75432
2774	YCL032W	0.75431
2775	YCL008C	0.75427
2776	YDR210W	0.75427
2777	YOL086W-A	0.75425
2778	YML025C	0.75421
2779	YOR018W	0.75414
2780	YOR010C	0.75402
2781	YOR231W	0.75398
2782	YOR077W	0.75392
2783	YOR009W	0.75387
2784	YIL091C	0.75387
2785	YBL108C-A	0.75377
2786	YAL068C	0.75377
2787	YGL261C	0.75377
2788	YIL128W	0.75375
2789	YJR042W	0.75365
2790	YDR427W	0.75365
2791	YIL041W	0.75362
2792	YHL006C	0.7536
2793	YDL008W	0.75356
2794	YGR294W	0.75356
2795	YOR219C	0.75356
2796	YDL010W	0.75348
2797	YJR035W	0.75346
2798	YHR085W	0.75346
2799	YMR049C	0.75334
2800	YDR542W	0.7533
2801	YDL015C	0.75328
2802	YNL147W	0.75327
2803	YML042W	0.75321
2804	YDR298C	0.75316
2805	YKR048C	0.75315
2806	YMR110C	0.75309
2807	YDR517W	0.75306
2808	YMR127C	0.7529
2809	YDL161W	0.75286
2810	YPL101W	0.75286
2811	YDL159W	0.75284
2812	YKL224C	0.75281
2813	YDL054C	0.75275
2814	YLR461W	0.75268
2815	YER076C	0.75265
2816	YPL116W	0.75263
2817	YEL034C-A	0.75261
2818	YCR096C	0.75258
2819	YDL011C	0.75252
2820	YMR055C	0.75246
2821	YBR162W-A	0.75243
2822	YGL083W	0.75235
2823	YOR091W	0.75231
2824	YLR007W	0.75229
2825	YFL047W	0.75229
2826	YLR114C	0.75218
2827	YIR004W	0.75212
2828	YGL141W	0.75202
2829	YBR084W	0.752
2830	YBR273C	0.75199
2831	YPL104W	0.75196
2832	YKR069W	0.75195
2833	YEL055C	0.75192
2834	YGR217W	0.75192
2835	YOR116C	0.75185
2836	YAL058W	0.75184
2837	YER098W	0.75182
2838	YER037W	0.7518
2839	YGR062C	0.75173
2840	YHR021C	0.75171
2841	YDR503C	0.7517
2842	YDR538W	0.75164
2843	YGL248W	0.75157
2844	YDR479C	0.75156
2845	YKL018W	0.75155
2846	YMR229C	0.75151
2847	YOR055W	0.75149
2848	YJL223C	0.75131
2849	YIL176C	0.75131
2850	YOR005C	0.75128
2851	YCL059C	0.75127
2852	YEL049W	0.75125
2853	YNL320W	0.75122
2854	YFR022W	0.75115
2855	YLR316C	0.75114
2856	YBR301W	0.75112
2857	YHR206W	0.7511
2858	YOR318C	0.75106
2859	YLR002C	0.75104
2860	YGL179C	0.75089
2861	YCL057C-A	0.75087
2862	YKL095W	0.75087
2863	YNL251C	0.75087
2864	YGL231C	0.75086
2865	YIL050W	0.75075
2866	YBR271W	0.75073
2867	YER188W	0.75071
2868	YHR214W	0.75065
2869	YAR066W	0.75065
2870	YKL098W	0.75064
2871	YGR145W	0.75062
2872	YBR031W	0.75062
2873	YPL003W	0.75061
2874	YNL218W	0.75059
2875	YNL212W	0.7505
2876	YHL010C	0.75049
2877	YBL087C	0.75033
2878	YER117W	0.75033
2879	YGL003C	0.75023
2880	YOR244W	0.75012
2881	YLR443W	0.75011
2882	YKL096W	0.75008
2883	YGL064C	0.75004
2884	YJR046W	0.74994
2885	YJR135W-A	0.74989
2886	YIL107C	0.74989
2887	YKL007W	0.74987
2888	YNL327W	0.74983
2889	YIL006W	0.74982
2890	YNL291C	0.74981
2891	YGL045W	0.74978
2892	YLR339C	0.74976
2893	YJL139C	0.74976
2894	YPR023C	0.74973
2895	YDR419W	0.7496
2896	YIR007W	0.74959
2897	YMR035W	0.74958
2898	YJR052W	0.74953
2899	YDL215C	0.74953
2900	YNL062C	0.74948
2901	YJR055W	0.74936
2902	YKL132C	0.74934
2903	YOL161C	0.74932
2904	YDR018C	0.74932
2905	YDR012W	0.7493
2906	YFL020C	0.74929
2907	YOR067C	0.74922
2908	YLL045C	0.74921
2909	YLL010C	0.74919
2910	YEL048C	0.74911
2911	YJR006W	0.74909
2912	YJR019C	0.74908
2913	YOL111C	0.74904
2914	YLR362W	0.74899
2915	YDR036C	0.74892
2916	YBR251W	0.74892
2917	YPL138C	0.7488
2918	YDR493W	0.74865
2919	YDR372C	0.74861
2920	YOR132W	0.74841
2921	YAR075W	0.74832
2922	YEL012W	0.74828
2923	YLR025W	0.74828
2924	YFL031W	0.7482
2925	YPL217C	0.74812
2926	YMR096W	0.74811
2927	YPL145C	0.7481
2928	YOR025W	0.74797
2929	YNL250W	0.74797
2930	YOR290C	0.74797
2931	YOL135C	0.74789
2932	YOR008C	0.74785
2933	YDL060W	0.74777
2934	YNL263C	0.74775
2935	YPL098C	0.74771
2936	YDR393W	0.74768
2937	YBR072W	0.74764
2938	YPR154W	0.74762
2939	YML066C	0.74752
2940	YOR035C	0.74746
2941	YAL033W	0.74745
2942	YGR101W	0.74744
2943	YOR387C	0.74739
2944	YNL160W	0.74729
2945	YPR197C	0.74728
2946	YDL105W	0.74725
2947	YKR035W-A	0.74724
2948	YOR054C	0.7472
2949	YNL032W	0.74717
2950	YPR006C	0.74713
2951	YPL063W	0.74693
2952	YJL192C	0.7469
2953	YGR193C	0.74686
2954	YMR261C	0.74679
2955	YNL298W	0.74673
2956	YDR410C	0.74669
2957	YGR283C	0.74666
2958	YMR234W	0.74665
2959	YNL094W	0.74663
2960	YPR094W	0.74653
2961	YJL042W	0.74651
2962	YDL165W	0.7465
2963	YBR185C	0.74649
2964	YER182W	0.74648
2965	YJR076C	0.74637
2966	YNR038W	0.74636
2967	YHL014C	0.74634
2968	YLR292C	0.74633
2969	YCR013C	0.7463
2970	YML061C	0.7462
2971	YNL057W	0.74619
2972	YHR192W	0.74609
2973	YDL198C	0.74609
2974	YBL037W	0.74608
2975	YGL258W	0.74607
2976	YNL116W	0.74597
2977	YGL246C	0.74586
2978	YOR111W	0.74586
2979	YJR161C	0.74579
2980	YDR178W	0.74576
2981	YNL124W	0.7456
2982	YDR205W	0.74558
2983	YDR204W	0.74553
2984	YPR092W	0.7455
2985	YIL011W	0.74545
2986	YOL001W	0.74541
2987	YJR071W	0.74537
2988	YMR269W	0.74534
2989	YER140W	0.74534
2990	YEL044W	0.74526
2991	YPR104C	0.74526
2992	YIL002C	0.74526
2993	YDL023C	0.74525
2994	YNL286W	0.74523
2995	YLR455W	0.74519
2996	YBR030W	0.74509
2997	YMR223W	0.74505
2998	YHR038W	0.74504
2999	YDL248W	0.74503
3000	YOR233W	0.74498
3001	YDR421W	0.74488
3002	YDL111C	0.74485
3003	YOR296W	0.74485
3004	YDR162C	0.74484
3005	YMR312W	0.74479
3006	YDR237W	0.74475
3007	YOR090C	0.74475
3008	YJL197W	0.74474
3009	YGR261C	0.74472
3010	YOL057W	0.74469
3011	YNL004W	0.74468
3012	YJR088C	0.74457
3013	YDL233W	0.74455
3014	YCL002C	0.7445
3015	YMR074C	0.74448
3016	YDR434W	0.74446
3017	YDL021W	0.74446
3018	YGR054W	0.74444
3019	YER154W	0.74436
3020	YOL013C	0.74434
3021	YPL162C	0.74433
3022	YFR020W	0.74429
3023	YPL188W	0.74422
3024	YJL194W	0.7442
3025	YJL129C	0.74414
3026	YCL048W-A	0.74414
3027	YML031W	0.74405
3028	YBR233W	0.74401
3029	YKL006C-A	0.74393
3030	YAR028W	0.74392
3031	YOR212W	0.74389
3032	YOR161W-B	0.74388
3033	YJL077W-A	0.74379
3034	YNL110C	0.74377
3035	YKL215C	0.74369
3036	YKR060W	0.74367
3037	YBL069W	0.74365
3038	YOR216C	0.74352
3039	YGL069C	0.74346
3040	YIL140W	0.74345
3041	YJR005W	0.7434
3042	YMR128W	0.74336
3043	YIL082W	0.7433
3044	YER002W	0.7433
3045	YDR319C	0.74329
3046	YGR109W-A	0.74323
3047	YOR383C	0.74322
3048	YBR060C	0.74321
3049	YNL306W	0.74321
3050	YPL029W	0.7432
3051	YKL139W	0.74319
3052	YOR245C	0.74316
3053	YDL096C	0.74315
3054	YPL045W	0.74314
3055	YBR288C	0.74307
3056	YLR430W	0.74305
3057	YLR090W	0.74303
3058	YGR119C	0.74301
3059	YHR124W	0.74297
3060	YMR189W	0.74294
3061	YCR007C	0.7428
3062	YIR015W	0.74279
3063	YNL131W	0.74278
3064	YLR250W	0.74272
3065	YLR080W	0.74272
3066	YGR073C	0.74267
3067	YFR002W	0.74266
3068	YML127W	0.74262
3069	YJL193W	0.74261
3070	YOR141C	0.74253
3071	YLR399W-A	0.74251
3072	YHL019C	0.74242
3073	YER144C	0.74242
3074	YGL250W	0.74239
3075	YPL112C	0.74228
3076	YGL016W	0.74218
3077	YMR004W	0.74217
3078	YHR143W-A	0.7421
3079	YHR011W	0.74209
3080	YHL033C	0.74201
3081	YOR139C	0.74199
3082	YGL123W	0.74199
3083	YML030W	0.74182
3084	YHR199C	0.74181
3085	YGL103W	0.74174
3086	YMR002W	0.74169
3087	YMR309C	0.74168
3088	YBR074W	0.74167
3089	YIL100C-A	0.74162
3090	YMR097C	0.74151
3091	YIL076W	0.74144
3092	YNL203C	0.74138
3093	YPL215W	0.74137
3094	YPR129W	0.74124
3095	YJR034W	0.74119
3096	YDL231C	0.74107
3097	YOR389W	0.74103
3098	YMR188C	0.741
3099	YMR289W	0.74097
3100	YNL283C	0.74097
3101	YDR289C	0.74091
3102	YPL238C	0.74085
3103	YCR024C-A	0.74082
3104	YNR021W	0.74077
3105	YPL022W	0.74074
3106	YGR157W	0.74073
3107	YHR028W-A	0.74072
3108	YLR116W	0.74071
3109	YDR269C	0.7407
3110	YOR376W-A	0.74055
3111	YDR302W	0.7405
3112	YFR033C	0.74048
3113	YPL195W	0.74048
3114	YLR240W	0.74037
3115	YIL142C-A	0.74022
3116	YCR090C	0.74022
3117	YLR061W	0.74022
3118	YHL035C	0.74022
3119	YKL030W	0.74018
3120	YMR265C	0.74014
3121	YDR512C	0.74011
3122	YGR058W	0.74007
3123	YPR091C	0.74002
3124	YLR266C	0.73998
3125	YGL216W	0.73998
3126	YBL020W	0.73994
3127	YLR045C	0.73993
3128	YHR188C	0.73991
3129	YPL142C	0.73988
3130	YGL161C	0.73986
3131	YOR386W	0.73983
3132	YKL055C	0.73978
3133	YKR025W	0.73976
3134	YLL062C	0.73966
3135	YBR105C	0.73964
3136	YJL063C	0.73959
3137	YML132W	0.73958
3138	YBR302C	0.73958
3139	YIL151C	0.73947
3140	YIR013C	0.73946
3141	YOR331C	0.73946
3142	YDR322C-A	0.73943
3143	YOR134W	0.73941
3144	YDR496C	0.73935
3145	YDL240W	0.73934
3146	YPR048W	0.73932
3147	YER165C-A	0.73931
3148	YGR088W	0.73928
3149	YLR427W	0.73925
3150	YNL282W	0.73921
3151	YDL195W	0.73916
3152	YGL169W	0.73915
3153	YPL069C	0.73913
3154	YKL064W	0.73903
3155	YDR004W	0.73899
3156	YLR419W	0.73892
3157	YMR047C	0.7389
3158	YGR003W	0.73885
3159	YOR150W	0.73884
3160	YBL095W	0.7388
3161	YJR051W	0.73877
3162	YLR075W	0.73872
3163	YDR440W	0.73868
3164	YDR334W	0.73868
3165	YPL277C	0.7386
3166	YGR295C	0.73851
3167	YPR189W	0.73849
3168	YAR033W	0.73847
3169	YGL125W	0.73846
3170	YNR075W	0.73844
3171	YGR066C	0.73843
3172	YLR393W	0.73841
3173	YDL156W	0.7384
3174	YDR382W	0.73837
3175	YBR067C	0.73823
3176	YKR061W	0.73822
3177	YLR207W	0.73817
3178	YMR216C	0.73815
3179	YAL037C-B	0.73814
3180	YMR102C	0.73812
3181	YLR032W	0.73803
3182	YMR317W	0.73801
3183	YKL167C	0.738
3184	YOR330C	0.738
3185	YPL263C	0.73792
3186	YOR014W	0.73791
3187	YOR070C	0.73791
3188	YHR052W	0.73786
3189	YDR134C	0.73778
3190	YJR098C	0.73774
3191	YPL053C	0.73773
3192	YBL038W	0.73773
3193	YNL258C	0.73767
3194	YHR009C	0.73766
3195	YMR042W	0.73762
3196	YFL029C	0.73762
3197	YNL336W	0.73746
3198	Q0060	0.73745
3199	YOR363C	0.73744
3200	YJL096W	0.73743
3201	YNR036C	0.73743
3202	YBL049W	0.7374
3203	YEL050C	0.73736
3204	YBR119W	0.73735
3205	YML096W	0.73728
3206	YGR216C	0.73724
3207	YPL023C	0.73721
3208	YGR154C	0.73717
3209	YLR107W	0.73709
3210	YPL119C-A	0.73707
3211	YLR077W	0.73707
3212	YLR299W	0.73706
3213	YPL143W	0.73701
3214	YER078C	0.73697
3215	YLR290C	0.73693
3216	YKR063C	0.73692
3217	YJL195C	0.73684
3218	YBL101C	0.7366
3219	YER150W	0.73656
3220	YGR212W	0.73646
3221	YDL041W	0.73638
3222	YNL289W	0.7363
3223	YOR353C	0.73629
3224	YHL007C	0.73628
3225	YHR077C	0.73627
3226	YMR233W	0.73623
3227	YJR113C	0.73619
3228	YOR334W	0.73614
3229	YNR054C	0.73614
3230	YGL111W	0.73613
3231	YBL067C	0.73609
3232	YPL084W	0.73607
3233	YGL051W	0.73603
3234	YPL100W	0.736
3235	YCR071C	0.73594
3236	YJR036C	0.73592
3237	YDL159C-B	0.73589
3238	YBL096C	0.73586
3239	YOR360C	0.73581
3240	YGR005C	0.73578
3241	YLR319C	0.73578
3242	YIL171W-A	0.73572
3243	YJL220W	0.73572
3244	YJL102W	0.73568
3245	YMR033W	0.73556
3246	YIL102C	0.73555
3247	YCL016C	0.73554
3248	YDL024C	0.73551
3249	YNL119W	0.73547
3250	YMR076C	0.73545
3251	YDR209C	0.73535
3252	YGL187C	0.73533
3253	YKL100C	0.73526
3254	YLR115W	0.73523
3255	YNL081C	0.73517
3256	YGR110W	0.73509
3257	YGR009C	0.73507
3258	YIL059C	0.735
3259	YBR028C	0.73496
3260	YBL108W	0.73495
3261	YHL022C	0.73485
3262	YGL080W	0.73484
3263	YLR192C	0.73482
3264	YBR281C	0.73478
3265	YLR023C	0.73473
3266	YLR371W	0.73471
3267	YCR073C	0.73469
3268	YOL046C	0.73469
3269	YPR141C	0.73469
3270	YDL234C	0.73467
3271	YOR051C	0.73465
3272	YBR246W	0.7346
3273	YGL172W	0.73458
3274	YDR152W	0.73455
3275	YFL025C	0.73453
3276	YNL184C	0.73451
3277	YOR340C	0.73448
3278	YKL206C	0.7344
3279	YLR093C	0.7344
3280	YPR125W	0.73431
3281	YFL009W	0.7343
3282	YDR524C-B	0.73427
3283	YNL035C	0.73426
3284	YKL040C	0.73426
3285	YDR094W	0.73424
3286	YDR288W	0.73422
3287	YKL179C	0.73413
3288	YMR254C	0.73409
3289	YIL131C	0.73409
3290	YHR090C	0.73406
3291	YOR033C	0.73405
3292	YHR131W-A	0.73404
3293	YAL016C-A	0.73402
3294	YDR171W	0.73401
3295	YMR156C	0.734
3296	YJL004C	0.73396
3297	YLR248W	0.73389
3298	YDR444W	0.73385
3299	YOR252W	0.73379
3300	YOL047C	0.73369
3301	YOR171C	0.73366
3302	YDR471W	0.73359
3303	YJR142W	0.73353
3304	YDR174W	0.73353
3305	YPL268W	0.73352
3306	YDR450W	0.73337
3307	YML026C	0.73337
3308	YOR234C	0.73334
3309	YJL043W	0.7333
3310	YJL064W	0.73327
3311	YJR100C	0.73326
3312	YPL019C	0.73318
3313	YLR041W	0.73312
3314	YGL165C	0.73308
3315	YHR010W	0.73307
3316	YFL015C	0.73301
3317	YJR150C	0.733
3318	YIL054W	0.73298
3319	YJL025W	0.73297
3320	YJR044C	0.73296
3321	YJL115W	0.73291
3322	YDR370C	0.73288
3323	YPL181W	0.73287
3324	YCR083W	0.73284
3325	YIL095W	0.73282
3326	YOR281C	0.73273
3327	YML094C-A	0.73273
3328	YOL116W	0.73272
3329	YOR267C	0.73272
3330	YCR035C	0.7327
3331	YLR164W	0.73269
3332	YOL149W	0.73264
3333	YNL149C	0.7325
3334	YPR105C	0.73248
3335	YKL010C	0.73247
3336	YPR135W	0.73236
3337	YPL247C	0.73229
3338	YOL146W	0.73227
3339	YBR260C	0.73225
3340	YAL056C-A	0.73221
3341	YJR004C	0.73221
3342	YPL065W	0.73215
3343	YDL171C	0.73207
3344	YOL014W	0.73203
3345	YDR311W	0.73202
3346	YLR286W-A	0.73198
3347	YGR117C	0.73197
3348	YER187W	0.73195
3349	YHR198C	0.73194
3350	YGL178W	0.73194
3351	YDL228C	0.73192
3352	YAL051W	0.7319
3353	YLR103C	0.73189
3354	YLL031C	0.73177
3355	YOR325W	0.73177
3356	YFL010C	0.73168
3357	YCR042C	0.73166
3358	YOR200W	0.73162
3359	YFL013W-A	0.73156
3360	YCR086W	0.73153
3361	YOL050C	0.73151
3362	YNL261W	0.73144
3363	YMR316C-B	0.73136
3364	YCR014C	0.73135
3365	YPL252C	0.73129
3366	YCR046C	0.73122
3367	YEL016C	0.73115
3368	YKR058W	0.73105
3369	YMR087W	0.73105
3370	YOR237W	0.73105
3371	YGR183C	0.73101
3372	YEL053W-A	0.73098
3373	YAL001C	0.73081
3374	YPL083C	0.7308
3375	YKL125W	0.73072
3376	YPL009C	0.73068
3377	YAR031W	0.73057
3378	YFL036W	0.73054
3379	YLR128W	0.73049
3380	YBL035C	0.73046
3381	YPR108W-A	0.73046
3382	YPL210C	0.73044
3383	YOL048C	0.73041
3384	YDR337W	0.7304
3385	YML105C	0.73038
3386	YKL173W	0.73034
3387	YOR365C	0.73027
3388	YKL047W	0.73026
3389	YGL074C	0.73017
3390	YDR308C	0.73016
3391	YOL128C	0.73015
3392	YFL062W	0.7301
3393	YCR067C	0.7301
3394	YEL015W	0.73001
3395	YJL053W	0.72998
3396	YNL186W	0.72995
3397	YJL206C	0.72994
3398	YJL003W	0.72981
3399	YGL094C	0.72976
3400	YHL048W	0.72971
3401	YNL217W	0.72967
3402	YMR010W	0.72966
3403	YGR271C-A	0.72961
3404	YBR221W-A	0.7296
3405	YMR259C	0.72956
3406	YGR118W	0.72953
3407	YPR132W	0.72953
3408	YOR156C	0.72951
3409	YDR160W	0.72949
3410	YOR038C	0.72946
3411	YKL096W-A	0.72942
3412	YDL227C	0.7294
3413	YKR072C	0.72939
3414	YKL140W	0.72938
3415	YHR067W	0.72937
3416	YML100W	0.72926
3417	YBL047C	0.72925
3418	YHL012W	0.72922
3419	YOL102C	0.72916
3420	YER018C	0.72915
3421	YER101C	0.72914
3422	YCR038W-A	0.72913
3423	YPL222C-A	0.72913
3424	YDL066W	0.72913
3425	YMR125W	0.72911
3426	YNL193W	0.7291
3427	YDR242W	0.72909
3428	YGR121W-A	0.72908
3429	YOL105C	0.72907
3430	YIL130W	0.72906
3431	YHR180W	0.72905
3432	YPL189W	0.72897
3433	Q0160	0.7289
3434	YEL017C-A	0.72885
3435	YGR014W	0.72882
3436	YBR086C	0.72878
3437	YKL037W	0.72874
3438	YOR299W	0.72872
3439	YKL033W	0.72858
3440	YJL141C	0.72856
3441	YHR196W	0.7285
3442	YKL198C	0.7285
3443	YDL035C	0.72849
3444	YPR018W	0.72837
3445	YDL058W	0.72833
3446	YMR251W-A	0.72833
3447	YBR226C	0.7283
3448	YDR403W	0.72828
3449	YMR306C-A	0.72823
3450	YPL132W	0.72822
3451	YDR472W	0.72819
3452	YDL045W-A	0.72814
3453	YOR031W	0.72808
3454	YGR099W	0.72804
3455	YKL175W	0.72801
3456	YIR006C	0.728
3457	YNL310C	0.72799
3458	YFR056C	0.7279
3459	YER014C-A	0.7279
3460	YBR280C	0.72786
3461	YPL148C	0.72783
3462	YER151C	0.72782
3463	YMR291W	0.72774
3464	YGR149W	0.72773
3465	YBL033C	0.72767
3466	YMR242W-A	0.72762
3467	YDR266C	0.72758
3468	YBL080C	0.72755
3469	YIR036W-A	0.72754
3470	YLR390W-A	0.72751
3471	YGR223C	0.72748
3472	YKR064W	0.72747
3473	YPR093C	0.72742
3474	YDL209C	0.72729
3475	YGR027C	0.72728
3476	YKL012W	0.72728
3477	YHL034W-A	0.72727
3478	YML013W	0.72726
3479	YPL064C	0.72725
3480	YBR109W-A	0.72723
3481	YBL008W	0.72719
3482	YPL191C	0.72716
3483	YGL213C	0.72713
3484	YMR182W-A	0.72712
3485	YLR149C-A	0.72709
3486	YFR045W	0.72699
3487	YOR190W	0.72694
3488	YKL170W	0.72692
3489	YGR205W	0.72685
3490	YDR150W	0.72685
3491	YBR190W	0.72679
3492	YOL022C	0.72679
3493	YCR088W	0.72673
3494	YGL024W	0.7266
3495	YAL042C-A	0.72658
3496	YNL273W	0.7265
3497	YOL052C-A	0.72649
3498	YDR354W	0.72642
3499	YLR021W	0.72637
3500	YLR009W	0.72635
3501	YJR097W	0.7263
3502	YMR173W	0.72627
3503	YER021W	0.72627
3504	YKL147C	0.72621
3505	YGL056C	0.72621
3506	YBR116C	0.72615
3507	YDL022C-A	0.7261
3508	YOR294W	0.72608
3509	YLR225C	0.72601
3510	YNL137C	0.72598
3511	YNL252C	0.72595
3512	YPR175W	0.72594
3513	YGR033C	0.72586
3514	YPL072W	0.72584
3515	YDR379C-A	0.72581
3516	YGL067W	0.7258
3517	YNL216W	0.72577
3518	YNR069C	0.7257
3519	YDL068W	0.7257
3520	YDR365C	0.72567
3521	YDR244W	0.72566
3522	YJR112W	0.72555
3523	YKL153W	0.72554
3524	YNL325C	0.72551
3525	YML081C-A	0.72546
3526	YML057C-A	0.72538
3527	YDL026W	0.72532
3528	YOL108C	0.72524
3529	YHR133C	0.72524
3530	YCR026C	0.72518
3531	YBR036C	0.7251
3532	YKL090W	0.72508
3533	YLL054C	0.72508
3534	YJR033C	0.72506
3535	YLR141W	0.72504
3536	YIL038C	0.72504
3537	YOR138C	0.72504
3538	YBR174C	0.72502
3539	YNL182C	0.72498
3540	YOR218C	0.72493
3541	YIL052C	0.72488
3542	YHR118C	0.72486
3543	YKL201C	0.72483
3544	YKR071C	0.72483
3545	YOL077W-A	0.72477
3546	YAR019W-A	0.7247
3547	YGL218W	0.72465
3548	YDR193W	0.72465
3549	YLL022C	0.72462
3550	YLL038C	0.72458
3551	YDR261C	0.72457
3552	YDR020C	0.72449
3553	YPR170W-B	0.72446
3554	YIL017C	0.72445
3555	YDR122W	0.72441
3556	YLR206W	0.7244
3557	YNL242W	0.72438
3558	YMR013C	0.72435
3559	YCL049C	0.72435
3560	YAL034W-A	0.72433
3561	YIL085C	0.72431
3562	YMR324C	0.72423
3563	YGL019W	0.72414
3564	Q0055	0.72411
3565	YMR231W	0.72411
3566	YBL062W	0.72409
3567	YER056C-A	0.72405
3568	YPR016W-A	0.72401
3569	YJL175W	0.72401
3570	YFR035C	0.72399
3571	YJL006C	0.72398
3572	YIL138C	0.72396
3573	YDL030W	0.72388
3574	YOR269W	0.72377
3575	YJL047C	0.72377
3576	YKL188C	0.72374
3577	YDL091C	0.72367
3578	YIL021C-A	0.72365
3579	YGR050C	0.72364
3580	YDR407C	0.72358
3581	YPL167C	0.72356
3582	YIL079C	0.72354
3583	YLR104W	0.72354
3584	YDL118W	0.72345
3585	YDR192C	0.72339
3586	YLR387C	0.72338
3587	YGL257C	0.72333
3588	YGR186W	0.72326
3589	YJR111C	0.72317
3590	YJR031C	0.72316
3591	YDL003W	0.72311
3592	YNL043C	0.72309
3593	YBR158W	0.72307
3594	YBR107C	0.72302
3595	YMR290W-A	0.72301
3596	YHR080C	0.72295
3597	YGL110C	0.72287
3598	YOR026W	0.72282
3599	YDR355C	0.72282
3600	YKR047W	0.72278
3601	YOR102W	0.72278
3602	YLR333C	0.72276
3603	YDR233C	0.72275
3604	YFL051C	0.72275
3605	YCL057W	0.7227
3606	YKL077W	0.7227
3607	YOL150C	0.72258
3608	YER030W	0.72256
3609	YLR016C	0.72252
3610	YDR080W	0.72242
3611	YJR079W	0.72242
3612	YLR063W	0.72241
3613	YGL153W	0.72232
3614	YDR316W	0.72229
3615	YIR040C	0.72227
3616	YKL066W	0.72226
3617	YLL037W	0.72216
3618	YGL260W	0.72197
3619	YMR057C	0.72196
3620	YDR347W	0.72193
3621	YNL303W	0.72191
3622	YOR082C	0.7219
3623	YGR112W	0.7218
3624	YNR040W	0.72172
3625	YDL034W	0.72167
3626	YOR149C	0.72161
3627	YLR301W	0.7216
3628	YML084W	0.72159
3629	YJL156C	0.72154
3630	YMR028W	0.72148
3631	YIL156W-B	0.72146
3632	YIL137C	0.72138
3633	YNR018W	0.72133
3634	YDR208W	0.72128
3635	YDR464C-A	0.72119
3636	YDL157C	0.72118
3637	YJL009W	0.72118
3638	YLR448W	0.72115
3639	YMR213W	0.72111
3640	YNL272C	0.72108
3641	YML089C	0.72096
3642	YML130C	0.72092
3643	YIL096C	0.72083
3644	YHR122W	0.72082
3645	YGL098W	0.72081
3646	YDR510C-A	0.72079
3647	YDR087C	0.72079
3648	YOR277C	0.72078
3649	YIL028W	0.72067
3650	YKL106W	0.72066
3651	YBR005W	0.72065
3652	YHR126C	0.72063
3653	YDL232W	0.72058
3654	YIL105C	0.72056
3655	YLR076C	0.72055
3656	YJR061W	0.72046
3657	YLR349W	0.72044
3658	YNL221C	0.72041
3659	YCR081C-A	0.72037
3660	YNL067W-B	0.72036
3661	YNL173C	0.72034
3662	YKL115C	0.72032
3663	YGR006W	0.72017
3664	YBL100C	0.72014
3665	YOR198C	0.72013
3666	YNL276C	0.72009
3667	YGR158C	0.71997
3668	YNL028W	0.71995
3669	YAL014C	0.71994
3670	YCR054C	0.71993
3671	YOR305W	0.71993
3672	YIR043C	0.71991
3673	YKL219W	0.7199
3674	YDL122W	0.71987
3675	YDR537C	0.71986
3676	YER180C-A	0.71985
3677	YDR363W-A	0.71973
3678	YBR010W	0.7197
3679	YPR036W	0.71957
3680	YEL073C	0.71956
3681	YEL053C	0.71954
3682	YIR023C-A	0.71949
3683	YGL032C	0.71945
3684	YNL009W	0.71935
3685	YBL070C	0.71935
3686	YPR029C	0.71934
3687	YJR022W	0.71929
3688	YGL180W	0.71929
3689	YGL085W	0.71928
3690	YKR049C	0.71926
3691	YCL055W	0.71923
3692	YHR052W-A	0.71918
3693	YHR054W-A	0.71918
3694	YLR194C	0.71918
3695	YKL142W	0.71918
3696	YDR417C	0.71914
3697	YHL048C-A	0.71911
3698	YBR099C	0.7191
3699	YGR270C-A	0.71908
3700	YER083C	0.71907
3701	YGR128C	0.719
3702	YLR110C	0.71897
3703	YMR245W	0.71896
3704	YJL106W	0.71878
3705	YDL085C-A	0.71878
3706	YBR059C	0.71877
3707	YDR003W	0.71877
3708	YPR170C	0.71874
3709	YLR269C	0.71867
3710	YHR081W	0.71856
3711	YHR060W	0.71856
3712	YLR124W	0.71846
3713	YDR106W	0.71839
3714	YDL175C	0.71838
3715	YNL284C	0.71835
3716	YLR368W	0.71832
3717	YCL037C	0.71831
3718	YPL165C	0.7182
3719	YPL248C	0.71813
3720	YHL030W-A	0.71809
3721	YIL111W	0.71806
3722	YDR461W	0.71804
3723	YCL004W	0.71803
3724	YLL051C	0.71788
3725	YMR024W	0.71788
3726	YOR029W	0.71786
3727	YNL085W	0.71775
3728	YML095C	0.71775
3729	YML100W-A	0.71773
3730	YPR077C	0.7177
3731	YOL076W	0.71768
3732	YMR105W-A	0.7176
3733	YPL198W	0.71759
3734	YGL244W	0.71757
3735	YMR227C	0.71755
3736	YCL005W-A	0.71754
3737	YPL079W	0.71753
3738	YDR114C	0.71751
3739	YIL058W	0.71748
3740	YLR140W	0.71748
3741	YPR045C	0.71746
3742	YGR166W	0.71744
3743	YBR026C	0.71743
3744	YOR256C	0.71742
3745	YIL087C	0.71742
3746	YDL116W	0.71735
3747	YHR186C	0.71734
3748	YLR122C	0.71733
3749	YOR345C	0.71728
3750	YOR075W	0.71728
3751	Q0070	0.71726
3752	YOR020W-A	0.71722
3753	YER119C-A	0.7172
3754	YPR087W	0.7172
3755	YFR016C	0.7172
3756	YGR090W	0.71715
3757	YGL152C	0.71714
3758	YNL089C	0.71707
3759	YKL137W	0.71701
3760	YJR090C	0.717
3761	YLR255C	0.717
3762	YGR188C	0.71698
3763	YIL150C	0.71694
3764	YDR187C	0.71693
3765	YDR168W	0.71692
3766	YDR064W	0.71691
3767	YOR322C	0.71683
3768	YHL002C-A	0.71681
3769	YPR057W	0.71681
3770	YNL236W	0.71678
3771	YNL267W	0.71676
3772	YOL054W	0.71671
3773	YGL158W	0.71662
3774	YMR281W	0.71655
3775	YGR116W	0.71653
3776	YNL130C-A	0.71653
3777	YBR141W-A	0.71645
3778	YDR409W	0.71643
3779	YAR053W	0.71642
3780	YOL027C	0.71636
3781	YDR274C	0.71632
3782	YPR169W	0.71629
3783	YML111W	0.71623
3784	YOL099C	0.71623
3785	YML073C	0.7162
3786	YPL250W-A	0.71618
3787	YJR136C	0.71618
3788	YDL142C	0.71617
3789	YFL010W-A	0.7161
3790	YEL076C-A	0.7161
3791	YLR464W	0.7161
3792	YHL001W	0.71605
3793	YIR017C	0.71605
3794	YJL165C	0.71597
3795	YAR029W	0.71585
3796	YDR301W	0.71584
3797	YBR022W	0.71583
3798	YGL127C	0.7158
3799	YGR102C	0.7158
3800	YFL065C	0.7156
3801	YKR021W	0.71556
3802	YOL051W	0.71555
3803	YOR180C	0.71551
3804	YMR168C	0.71547
3805	YMR272W-A	0.71542
3806	YHR197W	0.71538
3807	YKR092C	0.7153
3808	YER048C	0.71529
3809	YOL148C	0.71529
3810	YEL018C-A	0.71529
3811	YBR111W-A	0.71519
3812	YCR019W	0.71511
3813	YKL043W	0.7151
3814	YKR032W	0.71507
3815	YMR043W	0.71507
3816	YLR325C	0.71507
3817	YPL114W	0.71506
3818	YAL045C	0.71506
3819	YDL150W	0.71502
3820	YLR379W	0.71501
3821	YLR281C	0.71498
3822	YLR314C	0.71493
3823	YKL031W	0.71485
3824	YKL203C	0.71485
3825	YBL097W	0.71485
3826	YDR206W	0.71472
3827	YBR191W	0.71471
3828	YDL086C-A	0.71468
3829	YDL172C	0.71466
3830	YMR039C	0.71465
3831	YLR097C	0.71461
3832	YGL118C	0.71456
3833	YKL172W	0.71455
3834	YNR023W	0.71453
3835	YDR253C	0.71452
3836	YOL033W	0.71451
3837	YGR068C	0.7145
3838	YGR056W	0.71449
3839	YDR026C	0.71438
3840	YBR144C	0.71424
3841	YGR127W	0.71415
3842	YHR213W-B	0.71406
3843	YOL071W	0.71406
3844	YMR272W-B	0.71402
3845	YGR096W	0.71401
3846	YJL046W	0.71395
3847	YEL076C	0.71391
3848	YGR107W	0.7139
3849	YFL021C-A	0.71389
3850	YER087W	0.71383
3851	YAR064W	0.71381
3852	YDL148C	0.71368
3853	YAL002W	0.71366
3854	YIR021W	0.71361
3855	YKL045W	0.71351
3856	YGR109C	0.7135
3857	YKL006W	0.71348
3858	YAL067W-A	0.71339
3859	YER058W	0.71334
3860	YOR288C	0.71331
3861	YOR124C	0.71324
3862	YDR527W	0.71322
3863	YBR186W	0.7132
3864	YBR032W	0.71318
3865	YDL187C	0.71306
3866	YBR231C	0.71298
3867	YHR172W	0.71296
3868	YGL254W	0.71295
3869	YCR041W	0.71292
3870	YLR317W	0.71291
3871	YOR045W	0.71291
3872	YCR093W	0.7129
3873	YDR290W	0.71289
3874	YJL191W	0.71289
3875	YGL076C	0.71288
3876	YDR374W-A	0.71285
3877	YNL118C	0.71278
3878	YMR112C	0.71277
3879	YEL035C	0.7127
3880	YPL007C	0.71269
3881	YAR008W	0.71266
3882	YHR095W	0.71266
3883	YGL109W	0.71263
3884	YLR226W	0.71263
3885	YHR073C-B	0.71263
3886	YEL008W	0.71262
3887	YLR456W	0.71256
3888	YGR278W	0.71256
3889	YML049C	0.71251
3890	YOR135C	0.71249
3891	YBR089W	0.71247
3892	YPR203W	0.71244
3893	YCR006C	0.71242
3894	YJL197C-A	0.7124
3895	YLL059C	0.71237
3896	YKR075W-A	0.71233
3897	YHR032C-A	0.71223
3898	YJR054W	0.71222
3899	YJL100W	0.71219
3900	YLR323C	0.71219
3901	YDR053W	0.71218
3902	YKL134C	0.71215
3903	YFR037C	0.71212
3904	YKL131W	0.712
3905	YDR491C	0.71197
3906	YDR126W	0.71189
3907	YCL034W	0.71188
3908	YGR190C	0.71187
3909	YDR218C	0.71185
3910	YML088W	0.71181
3911	YDR405W	0.71179
3912	YDR420W	0.71175
3913	YCL041C	0.71171
3914	YJR128W	0.71171
3915	YIL068W-A	0.71168
3916	YGR238C	0.71165
3917	YHL028W	0.71159
3918	YOR034C-A	0.71158
3919	YOR161W-A	0.71156
3920	YOL083C-A	0.71155
3921	YGR070W	0.71153
3922	YBL104C	0.71152
3923	YBR009C	0.71145
3924	YOR106W	0.71145
3925	YIL061C	0.71138
3926	YDL225W	0.71138
3927	YJL123C	0.71132
3928	YHL045W	0.71132
3929	YGR170W	0.71131
3930	YBR200W-A	0.71127
3931	YJL075C	0.71122
3932	YDR198C	0.71114
3933	YKL057C	0.71109
3934	YOR166C	0.71108
3935	YPL243W	0.711
3936	YBR142W	0.71097
3937	YCR077C	0.71097
3938	YHR150W	0.71096
3939	YJL203W	0.71086
3940	YMR086C-A	0.71086
3941	YER147C-A	0.71083
3942	YPR076W	0.71082
3943	YAR027W	0.71082
3944	YPR064W	0.71081
3945	YPR050C	0.7108
3946	YGL228W	0.71078
3947	YDL146W	0.71078
3948	YPL032C	0.71077
3949	YPR001W	0.71065
3950	YHR073W	0.71065
3951	YMR130W	0.71061
3952	YPR014C	0.71058
3953	YPR053C	0.71055
3954	YDL025C	0.71053
3955	YOR344C	0.71049
3956	YMR158W	0.71048
3957	YIL115C	0.71046
3958	YOL088C	0.71044
3959	YNL162W-A	0.71042
3960	YGL129C	0.71037
3961	YLR166C	0.71029
3962	YMR013C-A	0.71027
3963	YJL222W-B	0.71022
3964	YIL175W	0.71022
3965	YKL223W	0.7102
3966	YNL249C	0.71019
3967	YDR320W-B	0.71019
3968	YOR050C	0.71016
3969	YHR022C	0.71015
3970	YHL019W-A	0.71014
3971	YKL156C-A	0.71011
3972	YJL127W-A	0.71011
3973	YLR183C	0.70998
3974	YNL158W	0.70985
3975	YIL026C	0.70983
3976	YJL142C	0.70979
3977	YGR038W	0.70978
3978	YOL121C	0.70973
3979	YCR031C	0.7097
3980	YLR161W	0.70962
3981	YLR156W	0.70962
3982	YLR159W	0.70962
3983	YMR126C	0.70958
3984	YHL030W	0.70956
3985	YMR275C	0.70953
3986	YOL019W-A	0.70951
3987	YGL203C	0.70948
3988	YIL115W-A	0.70945
3989	YDL162C	0.70945
3990	YLR035C	0.70939
3991	YGL199C	0.70937
3992	YAR019C	0.70929
3993	YBL039C-A	0.70929
3994	YAL013W	0.7092
3995	YCL052C	0.70916
3996	YOR335W-A	0.70911
3997	YNL294C	0.70911
3998	YNL208W	0.70908
3999	YLR071C	0.70906
4000	YKL076C	0.70905
4001	YHR071C-A	0.70904
4002	Q0080	0.70903
4003	YMR158W-B	0.70889
4004	YOR191W	0.70885
4005	YPL025C	0.70885
4006	YDR049W	0.70884
4007	YDR180W	0.70882
4008	YPR179C	0.70879
4009	YJL029C	0.70877
4010	YDL059C	0.70874
4011	YMR008C-A	0.70871
4012	YPR059C	0.7087
4013	YDR175C	0.70867
4014	YMR106C	0.70863
4015	YJL027C	0.70861
4016	YHR070C-A	0.70857
4017	YGL235W	0.70855
4018	YEL045C	0.70847
4019	YEL059W	0.70842
4020	YCL058C	0.70836
4021	YMR067C	0.70835
4022	YDL237W	0.70835
4023	YLR199C	0.70832
4024	YGR146C-A	0.70827
4025	YDR478W	0.70826
4026	YDR250C	0.70823
4027	YNL017C	0.70818
4028	YER007W	0.70811
4029	YBR121C-A	0.7081
4030	YML031C-A	0.70807
4031	YHR022C-A	0.70807
4032	YPL041C	0.70806
4033	YGR290W	0.70801
4034	YGL123C-A	0.70799
4035	YMR157C	0.70798
4036	YLR374C	0.70795
4037	YIL105W-A	0.70794
4038	YMR012W	0.7079
4039	YHR125W	0.7079
4040	YNR005C	0.70785
4041	YGR044C	0.70776
4042	YMR274C	0.70773
4043	YHR045W	0.70773
4044	YJL052C-A	0.70773
4045	YPR072W	0.70771
4046	YER087C-B	0.70768
4047	YKR028W	0.70767
4048	YML032C	0.70763
4049	YHR138C	0.70762
4050	YPL173W	0.70756
4051	YPL260W	0.70751
4052	YER048W-A	0.7075
4053	YNL084C	0.70749
4054	YFR034W-A	0.70747
4055	YCL023C	0.70741
4056	YBR179C	0.70737
4057	YML011C	0.70737
4058	YMR026C	0.70737
4059	YIL104C	0.70732
4060	YOR008C-A	0.70732
4061	YKL034W	0.70731
4062	YKL036C	0.70729
4063	YML122C	0.70727
4064	YLL017W	0.70726
4065	YFR013W	0.70726
4066	YNL077W	0.70725
4067	YPL128C	0.70724
4068	YNL271C	0.70724
4069	YMR005W	0.70721
4070	YKL214C	0.7072
4071	YGL192W	0.70719
4072	YKL116C	0.70716
4073	YMR154C	0.70714
4074	YLR425W	0.70714
4075	YOR379C	0.70712
4076	YLR015W	0.7071
4077	YJL098W	0.70708
4078	YER152W-A	0.70707
4079	YNL177C	0.70705
4080	YIL161W	0.707
4081	YOR268C	0.70698
4082	YJR038C	0.70694
4083	YER107W-A	0.70687
4084	YGR167W	0.70679
4085	YBR268W	0.70669
4086	YBR232C	0.70669
4087	YOR069W	0.70657
4088	YLR157W-E	0.70657
4089	YBL074C	0.70655
4090	YPR159C-A	0.70651
4091	YJR050W	0.7065
4092	YGR031C-A	0.70648
4093	YDR101C	0.70648
4094	YDR230W	0.70648
4095	YGR202C	0.70642
4096	YFR010W-A	0.70629
4097	YFR052W	0.70621
4098	YPR155C	0.70617
4099	YER148W-A	0.70614
4100	YCR085W	0.70613
4101	YFR026C	0.70611
4102	YLR062C	0.70603
4103	YPL135C-A	0.70601
4104	YDR442W	0.70595
4105	YNL302C	0.70593
4106	YNL103W-A	0.70588
4107	YPR139C	0.70581
4108	YOL155W-A	0.70581
4109	YPL062W	0.70574
4110	YGR022C	0.70573
4111	YBR027C	0.70568
4112	YMR286W	0.70559
4113	YNL052W	0.70557
4114	YKL102C	0.70557
4115	YPL137C	0.70556
4116	YPL038W	0.70553
4117	YPL044C	0.70552
4118	YOR205C	0.7055
4119	YJL120W	0.70541
4120	YDR072C	0.70541
4121	YNL324W	0.70537
4122	YDR344C	0.70532
4123	YPR010C-A	0.70531
4124	YNL146C-A	0.70527
4125	YMR267W	0.70525
4126	YML129C	0.7052
4127	YFL027C	0.70517
4128	YDR482C	0.70516
4129	YHR180W-A	0.70514
4130	YOR179C	0.70506
4131	YOR364W	0.70503
4132	YER127W	0.705
4133	YGR051C	0.70498
4134	YEL020C-B	0.70492
4135	YPR191W	0.70482
4136	YER105C	0.70475
4137	YBR040W	0.70473
4138	YLR331C	0.70473
4139	YDL163W	0.70472
4140	YEL067C	0.70468
4141	YGL191W	0.70466
4142	YGR059W	0.70459
4143	YGL034C	0.70458
4144	YER128W	0.70451
4145	YGL263W	0.70449
4146	YKL205W	0.70447
4147	YOL095C	0.7044
4148	YDR128W	0.70436
4149	YGL014W	0.70434
4150	YOR146W	0.70432
4151	YMR013W-A	0.70428
4152	YPR177C	0.70426
4153	YKL005C	0.70425
4154	YKR096W	0.70415
4155	YGL217C	0.70411
4156	YOL097W-A	0.70411
4157	YBR253W	0.70408
4158	YPL074W	0.70405
4159	YEL030C-A	0.70404
4160	YJL077C	0.70401
4161	YIL072W	0.70401
4162	YJL152W	0.70395
4163	YCR039C	0.70385
4164	YCL067C	0.70385
4165	YKL015W	0.7038
4166	YNR007C	0.70376
4167	YNL051W	0.70376
4168	YJL015C	0.70376
4169	YBL045C	0.70375
4170	YLR337C	0.70366
4171	YNL073W	0.70365
4172	YGL258W-A	0.70362
4173	YPL241C	0.70359
4174	YLR309C	0.70357
4175	YIL070C	0.70355
4176	YGR069W	0.70353
4177	YBR134W	0.70351
4178	YHL049C	0.7035
4179	YCR038C	0.70349
4180	YOR068C	0.70343
4181	YOR108C-A	0.70342
4182	YGR176W	0.70338
4183	YML071C	0.70333
4184	YCR097W-A	0.7033
4185	YAR070C	0.70325
4186	YJL071W	0.70324
4187	YHR214C-E	0.70321
4188	YDR323C	0.70314
4189	YJL069C	0.70311
4190	YER024W	0.70308
4191	YCR089W	0.70307
4192	YER145C-A	0.70305
4193	YER068W	0.70305
4194	YDL203C	0.70301
4195	YGR178C	0.70298
4196	YEL009C	0.70297
4197	YDL133W	0.70295
4198	YIR001C	0.70293
4199	YGR068W-A	0.7029
4200	YIL047C-A	0.70283
4201	YPL228W	0.70283
4202	YIL009C-A	0.70281
4203	YOL037C	0.70281
4204	YNL097C-B	0.70273
4205	YHR158C	0.70271
4206	YGL145W	0.70268
4207	YPL182C	0.70248
4208	YJL169W	0.70245
4209	YBR076C-A	0.70244
4210	YPR160W-A	0.70242
4211	YHR083W	0.70242
4212	YGL233W	0.70242
4213	YGR091W	0.70236
4214	YER053C-A	0.70232
4215	YDR504C	0.70227
4216	YGR042W	0.70227
4217	YCR064C	0.70223
4218	YLR264C-A	0.70222
4219	YGR122W	0.70216
4220	YBR090C	0.70216
4221	YOR112W	0.70211
4222	YDR137W	0.7021
4223	YOR314W-A	0.70208
4224	YCL065W	0.70207
4225	YBR161W	0.70205
4226	YNR061C	0.70203
4227	YMR115W	0.70202
4228	YKL124W	0.70197
4229	YCR087W	0.70183
4230	YBR223W-A	0.70182
4231	YGR259C	0.70181
4232	YLR459W	0.70176
4233	YDR169C-A	0.70176
4234	YPR195C	0.70167
4235	YNL228W	0.70164
4236	YDR102C	0.70162
4237	YAL047W-A	0.70162
4238	YNR044W	0.70157
4239	YNL128W	0.70153
4240	YJR023C	0.70151
4241	YBR056W-A	0.70148
4242	YJL119C	0.70139
4243	YJL173C	0.70132
4244	YGR226C	0.70126
4245	YBR278W	0.70126
4246	YIL154C	0.70125
4247	YKL056C	0.70124
4248	YOR072W	0.70123
4249	YIR020C-B	0.70123
4250	YMR313C	0.7012
4251	YKL083W	0.70114
4252	YDR006C	0.70114
4253	YGR269W	0.7011
4254	YPL080C	0.70097
4255	YDR426C	0.70093
4256	YOR368W	0.7009
4257	YLR084C	0.70084
4258	YDR335W	0.70084
4259	YGL102C	0.70083
4260	YKR065C	0.7008
4261	YDR367W	0.70073
4262	YMR247W-A	0.70072
4263	YCR050C	0.70071
4264	YNL296W	0.70068
4265	YDR213W	0.70064
4266	YIR017W-A	0.70061
4267	YKL168C	0.7006
4268	YPL155C	0.70054
4269	YMR137C	0.70053
4270	YBL044W	0.70053
4271	YLR191W	0.70047
4272	YCL076W	0.70045
4273	YDR247W	0.70042
4274	YLR233C	0.70037
4275	YDR271C	0.70034
4276	YIL042C	0.70032
4277	YLR162W	0.70031
4278	YIR005W	0.70031
4279	YDL213W-A	0.70023
4280	YAR009C	0.70023
4281	YNL150W	0.70005
4282	YLR123C	0.70004
4283	YLR302C	0.69997
4284	YJR126C	0.69993
4285	YJL007C	0.69991
4286	YKL183C-A	0.69991
4287	YHR214C-D	0.69991
4288	YAR069C	0.69991
4289	YPR085C	0.69988
4290	YJR122W	0.69985
4291	YGL088W	0.69979
4292	YLR132C	0.69977
4293	YKL097C	0.69977
4294	YCL012C	0.69972
4295	YEL023C	0.69966
4296	YIR018C-A	0.69962
4297	YBR193C	0.69958
4298	YOR346W	0.69956
4299	YGR171C	0.69956
4300	YDR220C	0.69954
4301	YDR052C	0.69954
4302	YDR044W	0.69952
4303	YLL020C	0.69946
4304	YML034C-A	0.69945
4305	YJL067W	0.69945
4306	YNL144W-A	0.69944
4307	YLR444C	0.69941
4308	YKR073C	0.69941
4309	YPL047W	0.69941
4310	YMR209C	0.69935
4311	YOR073W-A	0.69934
4312	YER172C-A	0.69932
4313	YFL064C	0.6993
4314	YDL025W-A	0.69926
4315	YKL089W	0.69925
4316	YPL163C	0.69915
4317	YHR053C	0.69912
4318	YHR055C	0.69912
4319	YOL045W	0.69911
4320	YDR354C-A	0.69909
4321	YPL185W	0.69909
4322	YHR180C-B	0.69905
4323	YPL225W	0.69904
4324	YER088C-A	0.69901
4325	YDR079W	0.69897
4326	YPR166C	0.69895
4327	YDR246W	0.6989
4328	YFR043C	0.69881
4329	YDR027C	0.69877
4330	YCL046W	0.69876
4331	YCR049C	0.69866
4332	YGL092W	0.69865
4333	YBR266C	0.69864
4334	YDR154C	0.69859
4335	YDL075W	0.69857
4336	YBR103C-A	0.69853
4337	YDL032W	0.69852
4338	YER023C-A	0.69851
4339	YMR211W	0.69847
4340	YDR179W-A	0.69845
4341	YCR024C-B	0.69843
4342	YDR437W	0.69842
4343	YHR217C	0.69837
4344	YPR063C	0.69835
4345	YPR152C	0.69825
4346	YLR013W	0.69818
4347	YKL177W	0.69809
4348	YJL156W-A	0.69807
4349	YJR140C	0.69807
4350	YHR059W	0.69806
4351	YBR102C	0.69805
4352	YHR079C	0.69803
4353	YLR417W	0.69803
4354	YFR052C-A	0.69801
4355	YOR041C	0.698
4356	YLR260W	0.69799
4357	YLR125W	0.69796
4358	YLR096W	0.69794
4359	YLR202C	0.69793
4360	YCR047W-A	0.69788
4361	YIL029W-A	0.69787
4362	YEL061C	0.69783
4363	YNL308C	0.69775
4364	YDR467C	0.69772
4365	YBL077W	0.69772
4366	YBR212W	0.6977
4367	YPR160C-A	0.69768
4368	YIR020C	0.69768
4369	YBR255C-A	0.69765
4370	YDL221W	0.69764
4371	YDL028C	0.69749
4372	YHR078W	0.69747
4373	YKL149C	0.69745
4374	YDL179W	0.69745
4375	YDR326C	0.69744
4376	YDR360W	0.69738
4377	YLR416C	0.69735
4378	YML050W	0.69728
4379	YHR084W	0.69723
4380	YJR102C	0.69723
4381	YHL043W	0.69722
4382	YJR110W	0.69721
4383	YDR073W	0.69719
4384	YMR287C	0.69712
4385	YOR203W	0.69706
4386	YNL338W	0.69704
4387	YLL004W	0.69702
4388	YJR115W	0.69702
4389	YOL013W-A	0.69701
4390	YHR086W-A	0.697
4391	YMR230W-A	0.69694
4392	YJR066W	0.69691
4393	YDR389W	0.69679
4394	YLR296W	0.69678
4395	YFL023W	0.69673
4396	YKL104W-A	0.69666
4397	YOR211C	0.69666
4398	YAL059C-A	0.69663
4399	YMR212C	0.69656
4400	YGR064W	0.69651
4401	YPL057C	0.69644
4402	YCR045W-A	0.69643
4403	YIL090W	0.69642
4404	YGR182C	0.69634
4405	YJL127C	0.69631
4406	YOR263C	0.6963
4407	YPL186C	0.6963
4408	YPR148C	0.69625
4409	YDL099W	0.69615
4410	YJR018W	0.69613
4411	YDR449C	0.69611
4412	YEL033W	0.6961
4413	YHL005C	0.69609
4414	YDL196W	0.69605
4415	YOR319W	0.69602
4416	YDR245W	0.69599
4417	YIL012W	0.69588
4418	YGR052W	0.69585
4419	YLR379W-A	0.69579
4420	YLR406C	0.69578
4421	YBR284W	0.69576
4422	YJR119C	0.69573
4423	YOR238W	0.69573
4424	YOR260W	0.69565
4425	YBR129C	0.69565
4426	YDR501W	0.69564
4427	YCR091W	0.69563
4428	YLR305C	0.69557
4429	YOR060C	0.69557
4430	YPL136W	0.69553
4431	YHR139C-A	0.69552
4432	YJL022W	0.69544
4433	YJR039W	0.69541
4434	YPL205C	0.6954
4435	YIR030W-A	0.69537
4436	YLR322W	0.69536
4437	YCR052W	0.69533
4438	YJL202C	0.69532
4439	YDR460W	0.69532
4440	YOR167C	0.69529
4441	YHR213W-A	0.69519
4442	YLL006W-A	0.69512
4443	YPR097W	0.69512
4444	YMR122C	0.69512
4445	YMR031W-A	0.6951
4446	YLR156C-A	0.6951
4447	YLR157C-C	0.6951
4448	YLR154C-H	0.6951
4449	YLR159C-A	0.6951
4450	YNL269W	0.69507
4451	YKL032C	0.69507
4452	YMR077C	0.69507
4453	YLR396C	0.69495
4454	YJL101C	0.69495
4455	YNR003W-A	0.69494
4456	YJR120W	0.69494
4457	YGR228W	0.69492
4458	YIR011C	0.69489
4459	YPL251W	0.69489
4460	YFL015W-A	0.69485
4461	YKR035C	0.69485
4462	YBR258C	0.69481
4463	YBL059C-A	0.69476
4464	YLR311C	0.69476
4465	YNL080C	0.69475
4466	YML020W	0.6947
4467	YMR001C-A	0.69467
4468	YOL144W	0.69464
4469	YER113C	0.69457
4470	YOR199W	0.69451
4471	YDR320C-A	0.6945
4472	YNR068C	0.69444
4473	YLR264W	0.69436
4474	YDR371C-A	0.69425
4475	YGL063C-A	0.69417
4476	YNL038W	0.69415
4477	YBR247C	0.69411
4478	YFR009W-A	0.6941
4479	YGL195W	0.69409
4480	YIR044C	0.69406
4481	YNL069C	0.69406
4482	YMR119W-A	0.69404
4483	YOL166W-A	0.69402
4484	YJL148W	0.69396
4485	YOR064C	0.69392
4486	YNL012W	0.6939
4487	YAL034C-B	0.69387
4488	YIL029C	0.69374
4489	YOR302W	0.69368
4490	YLR363C	0.69368
4491	YPR055W	0.69358
4492	YLR312W-A	0.69353
4493	YEL022W	0.69353
4494	YKL044W	0.69353
4495	YGR046W	0.69352
4496	YMR316C-A	0.69348
4497	YOL160W	0.69337
4498	YNL120C	0.69336
4499	YER046W-A	0.69335
4500	YDR278C	0.69329
4501	YGL116W	0.69318
4502	YGL133W	0.69315
4503	YIL156W-A	0.69314
4504	YMR307C-A	0.69308
4505	YER068C-A	0.69305
4506	YKR023W	0.69302
4507	YGL160W	0.69297
4508	YKL136W	0.69295
4509	YMR185W	0.69289
4510	YMR165C	0.69289
4511	YPL123C	0.69287
4512	YHL021C	0.69282
4513	YKL088W	0.69279
4514	YBR178W	0.69277
4515	YNL174W	0.69276
4516	YJL131C	0.69275
4517	YKL195W	0.69273
4518	YML046W	0.69269
4519	YLR236C	0.69269
4520	YBL086C	0.69267
4521	YDR315C	0.69266
4522	YNR006W	0.69259
4523	YGL247W	0.69246
4524	YDR526C	0.69241
4525	YML104C	0.69239
4526	YDR283C	0.69234
4527	YER139C	0.69234
4528	YGR235C	0.69233
4529	YDL071C	0.69233
4530	YGL072C	0.69232
4531	YDR071C	0.69231
4532	YBR064W	0.69229
4533	YKL169C	0.69224
4534	YHR146W	0.69222
4535	YBL006W-A	0.69221
4536	YGL150C	0.69217
4537	YDR118W-A	0.69216
4538	YOR183W	0.6921
4539	YMR175W-A	0.69208
4540	YLR120W-A	0.69202
4541	YKR082W	0.692
4542	YNL026W	0.69196
4543	YDR262W	0.69193
4544	YPR116W	0.69193
4545	YCL029C	0.69192
4546	YBR206W	0.69184
4547	YDL065C	0.69183
4548	YDL114W-A	0.69182
4549	YHR214C-C	0.6918
4550	YOL026C	0.69179
4551	YHL006W-A	0.69178
4552	YOR282W	0.69178
4553	YPL233W	0.69177
4554	YGR204C-A	0.69174
4555	YML048W	0.6917
4556	YLR162W-A	0.69166
4557	YDR149C	0.69165
4558	YBR196C-B	0.69163
4559	YNL097C	0.69159
4560	YOR225W	0.69154
4561	YPL038W-A	0.6915
4562	YIL174W	0.6915
4563	YJL222W-A	0.6915
4564	YPR099C	0.69145
4565	YPR150W	0.69145
4566	YHR214C-B	0.69145
4567	YAR035C-A	0.69143
4568	YGL142C	0.69138
4569	YJL136W-A	0.69134
4570	YMR061W	0.69132
4571	YOR309C	0.69128
4572	YNL029C	0.69127
4573	YJL135W	0.69125
4574	R0020C	0.69117
4575	YNL042W-B	0.69116
4576	YPL020C	0.69114
4577	YDL112W	0.69105
4578	YMR193W	0.69104
4579	YNL126W	0.69103
4580	YNR075C-A	0.69101
4581	YJL028W	0.69097
4582	R0010W	0.69091
4583	YLL016W	0.69089
4584	YBL066C	0.69082
4585	YML063W	0.69081
4586	YDR473C	0.69078
4587	YJR082C	0.69077
4588	YGR045C	0.69072
4589	YLR342W-A	0.69067
4590	YDL009C	0.69059
4591	YBR016W	0.69056
4592	YOL028C	0.69053
4593	YNL114C	0.69049
4594	YJL054W	0.69049
4595	YDL053C	0.69048
4596	YIL027C	0.69047
4597	YOR229W	0.69045
4598	YPL040C	0.69044
4599	YOR300W	0.69041
4600	YLL019W-A	0.6904
4601	YIL040W	0.69034
4602	YOR043W	0.69026
4603	YBL083C	0.69025
4604	YLR347W-A	0.69024
4605	YHR069C-A	0.69024
4606	YGR002C	0.69023
4607	YKR089C	0.69023
4608	YGR097W	0.6902
4609	YDR366C	0.69016
4610	YOR174W	0.69014
4611	YGL188C	0.69011
4612	YKR007W	0.69006
4613	YLR039C	0.69005
4614	YNR001W-A	0.69003
4615	YNR028W	0.69002
4616	YFR034C	0.69002
4617	YJR151W-A	0.69001
4618	YGL149W	0.69001
4619	YER008C	0.68998
4620	YLR054C	0.68998
4621	YKL058W	0.68993
4622	YOR080W	0.68993
4623	YNL187W	0.6899
4624	YOR194C	0.68984
4625	YDR246W-A	0.6898
4626	YNL047C	0.68965
4627	YJL057C	0.68964
4628	YLL030C	0.68957
4629	YJL140W	0.68954
4630	YLR142W	0.68952
4631	YJL204C	0.68948
4632	YIL049W	0.68945
4633	YNL170W	0.6894
4634	YDR251W	0.68939
4635	YNL277W-A	0.68937
4636	YHR021W-A	0.68925
4637	YJL061W	0.68925
4638	YMR044W	0.68923
4639	YER135C	0.6892
4640	YOR081C	0.6892
4641	YPR089W	0.68919
4642	YOL101C	0.68916
4643	YOL079W	0.68913
4644	YKL068W	0.68912
4645	YDR314C	0.6891
4646	YMR194C-A	0.68909
4647	YDR034W-B	0.68907
4648	YMR122W-A	0.68904
4649	YDR147W	0.68903
4650	YDR108W	0.689
4651	YDL074C	0.68885
4652	YDR376W	0.68882
4653	YLR441C	0.68862
4654	YDR365W-B	0.6886
4655	YPL078C	0.68859
4656	YBR065C	0.68858
4657	YPL144W	0.68855
4658	YPR026W	0.68847
4659	YLR336C	0.68841
4660	YGL146C	0.68836
4661	YAL043C	0.6883
4662	YOR227W	0.68827
4663	YLR415C	0.68819
4664	YCR024C	0.68818
4665	YDR279W	0.68817
4666	YNR059W	0.68811
4667	YHL024W	0.68806
4668	YNL179C	0.68801
4669	YDR524W-C	0.68799
4670	YBL065W	0.68798
4671	YDR215C	0.68791
4672	YNL304W	0.68782
4673	YNL227C	0.68781
4674	YHL037C	0.68779
4675	YOR098C	0.68775
4676	YNR066C	0.68771
4677	YDL013W	0.6877
4678	YGR270W	0.68761
4679	YDL214C	0.68744
4680	YGR265W	0.68732
4681	YDR327W	0.68732
4682	YJL062W-A	0.68731
4683	YLR001C	0.68729
4684	YDL183C	0.68719
4685	YLL035W	0.68703
4686	YLR406C-A	0.687
4687	YGL204C	0.68696
4688	YNL143C	0.68695
4689	YGR236C	0.68687
4690	YEL050W-A	0.68683
4691	YMR103C	0.68678
4692	YML116W-A	0.68675
4693	YPL056C	0.68669
4694	YPL152W-A	0.68668
4695	YER067C-A	0.68666
4696	YKL110C	0.68666
4697	YER138C	0.68665
4698	YDR535C	0.68659
4699	YPR133W-A	0.68648
4700	YML045W	0.68648
4701	YOR143C	0.68643
4702	YOL103W-B	0.68636
4703	YOL087C	0.68633
4704	YGR017W	0.68633
4705	YPL107W	0.68629
4706	YJL166W	0.68627
4707	YNL315C	0.68626
4708	YIL060W	0.68623
4709	YLR256W-B/YLR256W-C	0.68621
4710	YBR276C	0.68619
4711	YDR521W	0.68609
4712	YBR290W	0.68603
4713	YJR027W	0.68597
4714	YJR147W	0.68594
4715	YOR293C-A	0.68593
4716	YMR295C	0.68591
4717	YAL055W	0.68591
4718	YMR182C	0.68587
4719	YJL132W	0.68584
4720	YGL177W	0.68583
4721	YOR314W	0.68581
4722	YPL257W-B	0.68576
4723	YAL065C	0.68575
4724	YGR219W	0.68574
4725	YLR235C	0.68568
4726	YIL005W	0.68565
4727	YPR030W	0.68561
4728	YGR258C	0.68561
4729	YPR130C	0.68561
4730	YDL045C	0.68558
4731	YNL300W	0.68557
4732	YGR227W	0.68554
4733	YPL026C	0.68547
4734	YIL156W	0.68547
4735	YNL145W	0.68546
4736	YLR171W	0.68542
4737	YLR247C	0.68539
4738	YGR038C-B	0.68539
4739	YDR098C-B	0.68538
4740	YPR079W	0.68533
4741	YGR108W	0.68522
4742	YKL155C	0.68521
4743	YIL132C	0.6852
4744	YDR423C	0.68518
4745	YKL011C	0.68516
4746	YDR511W	0.68512
4747	YGL052W	0.68506
4748	YMR247C	0.68505
4749	YKR085C	0.68502
4750	YAL026C-A	0.68501
4751	YLR344W	0.68499
4752	YJR062C	0.68499
4753	YPL183W-A	0.68498
4754	YDL153C	0.68498
4755	YMR283C	0.68498
4756	YOR115C	0.68497
4757	YLR157C-B	0.68489
4758	YML047W-A	0.68487
4759	YDR231C	0.68482
4760	YDR157W	0.6848
4761	YMR135W-A	0.68476
4762	YGR174C	0.68474
4763	YBR279W	0.68474
4764	YOR072W-A	0.68472
4765	YPR136C	0.68469
4766	YMR190C	0.68466
4767	YJL039C	0.68463
4768	YMR050C	0.68462
4769	YDL043C	0.68455
4770	YPR158C-D	0.68452
4771	YGL060W	0.68451
4772	YML039W	0.68443
4773	YNR042W	0.68437
4774	YPR137C-B	0.68432
4775	YBR097W	0.6843
4776	YPR143W	0.6843
4777	YDR110W	0.68421
4778	YDR484W	0.68418
4779	YLR392C	0.68414
4780	YHR063W-A	0.68412
4781	YJL127C-B	0.68405
4782	YGR161C-D	0.68401
4783	YER041W	0.684
4784	YLR010C	0.68399
4785	YGL239C	0.68399
4786	YLR163W-A	0.68395
4787	YIR020W-A	0.68392
4788	YNL201C	0.68391
4789	YLR288C	0.68389
4790	YDR359C	0.68382
4791	YML016C	0.68381
4792	YJR029W	0.6838
4793	YCL031C	0.68378
4794	YDL002C	0.68378
4795	YHL015W-A	0.68376
4796	YBR277C	0.68373
4797	YDR210C-D	0.68368
4798	YKL123W	0.68363
4799	YDR221W	0.6835
4800	YJL211C	0.68349
4801	YML007C-A	0.68348
4802	YDR316W-B	0.68347
4803	YLR227W-B	0.68339
4804	YBR216C	0.68337
4805	YPR031W	0.68337
4806	YBR282W	0.68334
4807	YMR316W	0.68328
4808	YOR316C-A	0.68328
4809	YJL184W	0.68327
4810	YGR114C	0.68324
4811	YJL109C	0.68323
4812	YPR039W	0.6832
4813	YLR111W	0.68315
4814	YLR285C-A	0.68313
4815	YBR150C	0.68312
4816	YER160C	0.68311
4817	YGR293C	0.6831
4818	YBL010C	0.68296
4819	YER074W	0.68296
4820	YIL069C	0.68296
4821	YDR544C	0.68295
4822	YHR007C-A	0.6829
4823	YOR247W	0.68288
4824	YGR027W-B	0.68288
4825	YCR102W-A	0.68284
4826	YOR142W-B	0.68282
4827	YLR261C	0.68277
4828	YGL041C-B	0.68275
4829	YLR365W	0.68271
4830	YBR012W-B	0.68269
4831	YER078W-A	0.68269
4832	YAR030C	0.68268
4833	YIL020C-A	0.68263
4834	YMR192W	0.68261
4835	YLL046C	0.68261
4836	YMR141C	0.6826
4837	YLR279W	0.68254
4838	YBR085C-A	0.68251
4839	YIL089W	0.68249
4840	YBL004W	0.68247
4841	YNL278W	0.68246
4842	YEL074W	0.68245
4843	YDR015C	0.6824
4844	YDR520C	0.6824
4845	YLL032C	0.68237
4846	YKR041W	0.68236
4847	YMR007W	0.68236
4848	YLR035C-A	0.68234
4849	YNL109W	0.68231
4850	YPL141C	0.68222
4851	YOR123C	0.68217
4852	YER137W-A	0.68214
4853	YJL215C	0.68214
4854	YOL166C	0.68208
4855	YNL262W	0.682
4856	YIL134C-A	0.68198
4857	YPL197C	0.6819
4858	YKL079W	0.68188
4859	YCL068C	0.68186
4860	YDL114W	0.68184
4861	YDR241W	0.68181
4862	YLR329W	0.68155
4863	YGR034W	0.68153
4864	YGL134W	0.68149
4865	YJR114W	0.68147
4866	YBL094C	0.68145
4867	YMR065W	0.68144
4868	YBR298C-A	0.68134
4869	YKL075C	0.68133
4870	YIL056W	0.68128
4871	YAL064W	0.68126
4872	YJL188C	0.68123
4873	YNL054W-B	0.68121
4874	YHR073W-A	0.6812
4875	YLR428C	0.6812
4876	YGR160W	0.6811
4877	YOR017W	0.68105
4878	YMR129W	0.68104
4879	YBR044C	0.68097
4880	YLR177W	0.68092
4881	YLL019C	0.68089
4882	YDR199W	0.68084
4883	YPR158W-B	0.68084
4884	YBL079W	0.68073
4885	YGL041C	0.68073
4886	YER126C	0.68071
4887	YMR171C	0.68068
4888	YCR025C	0.68065
4889	YGL031C	0.68058
4890	YOR093C	0.68056
4891	YGL136C	0.68051
4892	YAL037C-A	0.68036
4893	YDR470C	0.68034
4894	YJR002W	0.68033
4895	YDL062W	0.68033
4896	YKL183W	0.68031
4897	YBL005W-B	0.68025
4898	YDR261C-D	0.68017
4899	YLR402W	0.68004
4900	YNL019C	0.68001
4901	YIL024C	0.67999
4902	YER115C	0.67984
4903	YKR044W	0.67984
4904	YMR045C	0.67982
4905	YDR333C	0.6798
4906	YDR136C	0.67978
4907	YGL226W	0.67967
4908	YNL284C-B	0.67964
4909	YGL025C	0.67952
4910	YLR204W	0.67952
4911	YHR101C	0.67949
4912	YNL033W	0.67936
4913	YNL139C	0.67928
4914	YDR003W-A	0.67915
4915	YIL133C	0.67915
4916	YGR057C	0.67907
4917	YMR070W	0.67906
4918	YDR414C	0.67899
4919	YOL038C-A	0.67893
4920	YKL054C	0.67892
4921	YGR035W-A	0.6789
4922	YOR338W	0.67889
4923	YLR127C	0.67886
4924	YDL136W	0.67881
4925	YDL191W	0.67881
4926	YDR416W	0.67879
4927	YLR350W	0.67878
4928	YHR109W	0.67872
4929	YMR019W	0.67872
4930	YPR071W	0.6787
4931	YDR222W	0.67863
4932	YDR010C	0.67855
4933	YLL066W-B	0.67847
4934	YMR023C	0.67843
4935	YKR004C	0.67835
4936	YPR146C	0.67834
4937	YDR486C	0.67818
4938	YLR154C	0.67818
4939	YER019C-A	0.67816
4940	YBR048W	0.67815
4941	YDR025W	0.67815
4942	YDR095C	0.678
4943	YHR154W	0.67799
4944	YPL081W	0.67795
4945	YMR207C	0.67775
4946	YBR269C	0.67774
4947	YDR413C	0.6777
4948	YIL077C	0.67769
4949	YNL138W-A	0.67767
4950	YOR228C	0.67765
4951	YJL092W	0.67761
4952	YAL056W	0.67752
4953	YNL039W	0.67723
4954	YMR293C	0.6772
4955	YMR029C	0.67707
4956	YBR217W	0.67707
4957	YLR112W	0.67704
4958	YLR029C	0.677
4959	YKL016C	0.67699
4960	YJL182C	0.67695
4961	YPR067W	0.67694
4962	YER091C-A	0.67686
4963	YBL071C-B	0.67683
4964	YDR445C	0.67683
4965	YOR312C	0.67681
4966	YMR242C	0.67681
4967	YLR150W	0.67677
4968	YPL126W	0.67674
4969	YJL044C	0.6767
4970	YOR042W	0.67667
4971	YPR022C	0.67663
4972	YOL164W-A	0.6766
4973	YCL054W-A	0.67655
4974	YHR001W-A	0.67653
4975	YGR280C	0.67652
4976	YLR154W-B	0.67645
4977	YOR249C	0.67641
4978	YGR165W	0.67641
4979	YGR104C	0.67635
4980	YOR188W	0.67633
4981	YML117W	0.67629
4982	YDR489W	0.67616
4983	YLR101C	0.67613
4984	YPL073C	0.67612
4985	YMR091C	0.67611
4986	YKL165C-A	0.67608
4987	YDR081C	0.6759
4988	YOL107W	0.6759
4989	YAR061W	0.67589
4990	YHR212W-A	0.67589
4991	YDL012C	0.67589
4992	YGR139W	0.67588
4993	YFR029W	0.67587
4994	YJR091C	0.67585
4995	Q0017	0.67584
4996	YMR320W	0.67576
4997	YDR401W	0.67574
4998	YBL008W-A	0.67553
4999	YPL149W	0.67553
5000	YHR049C-A	0.67551
5001	YHL044W	0.67547
5002	YNL178W	0.6754
5003	YDL247W-A	0.6754
5004	YBR098W	0.67537
5005	YCR001W	0.67527
5006	YKL082C	0.67525
5007	YLL007C	0.67523
5008	YLR364C-A	0.67519
5009	YCR095C	0.67518
5010	YGR025W	0.67514
5011	YLR463C	0.67507
5012	YNL151C	0.67507
5013	YDR194W-A	0.67504
5014	YBL107W-A	0.67502
5015	YBR296C-A	0.67499
5016	YEL075W-A	0.67492
5017	YBR012C	0.6749
5018	YMR053C	0.67481
5019	YIL057C	0.67478
5020	YAL069W	0.67474
5021	YOR337W	0.67457
5022	YIL084C	0.67445
5023	YJR043C	0.67441
5024	YLR154C-G	0.67437
5025	YBR133C	0.67436
5026	YMR237W	0.67432
5027	YLR051C	0.67431
5028	YLR154W-C	0.67429
5029	YOR072W-B	0.67428
5030	YKR033C	0.67421
5031	YMR240C	0.67419
5032	YDR485C	0.67419
5033	YGL132W	0.67415
5034	YEL008C-A	0.67414
5035	YNL253W	0.67412
5036	YHL041W	0.6741
5037	YER047C	0.67407
5038	YLR148W	0.67405
5039	YOR376W	0.67396
5040	YHR023W	0.67395
5041	YFL013C	0.67392
5042	YDR197W	0.67388
5043	YJL112W	0.67387
5044	YER090C-A	0.67379
5045	YDR008C	0.67378
5046	YOL053W	0.67372
5047	YGR018C	0.6737
5048	YCL066W	0.67369
5049	YCR040W	0.67369
5050	YGR011W	0.67368
5051	YMR121C	0.67361
5052	YHR015W	0.67355
5053	YEL062W	0.67349
5054	YLR087C	0.67345
5055	Q0075	0.67342
5056	YGL227W	0.67337
5057	YCL056C	0.67337
5058	YDR363W	0.67318
5059	YMR060C	0.67317
5060	YMR172C-A	0.67313
5061	YAL037W	0.67312
5062	YMR075C-A	0.67311
5063	YDR153C	0.67307
5064	YML058W-A	0.67303
5065	YOL035C	0.67301
5066	YIL018W	0.673
5067	YFR031C-A	0.673
5068	YOR366W	0.6729
5069	YPL115C	0.6729
5070	YPR040W	0.67286
5071	YPR202W	0.67283
5072	YOR161C-C	0.67282
5073	YDR433W	0.67281
5074	YLR280C	0.67281
5075	YLR400W	0.67281
5076	YDR228C	0.67278
5077	YGR206W	0.67262
5078	YPR096C	0.67257
5079	YGR156W	0.67255
5080	YLR006C	0.67254
5081	YGL038C	0.67251
5082	YMR194W	0.67247
5083	YFL068W	0.67247
5084	YLL066W-A	0.67247
5085	YLL067W-A	0.67247
5086	YBR131C-A	0.67246
5087	YMR068W	0.6724
5088	YBR123C	0.67238
5089	YMR159C	0.67233
5090	YOR230W	0.67221
5091	YIR030C	0.67219
5092	YKL100W-A	0.67213
5093	YBR189W	0.67211
5094	YDR340W	0.67208
5095	YML012C-A	0.67205
5096	YLR232W	0.67203
5097	YLR173W	0.67202
5098	YLL002W	0.67197
5099	YCL021W	0.67191
5100	YAL019W-A	0.67189
5101	YPL271W	0.67187
5102	YGL188C-A	0.67182
5103	YDR079C-A	0.67181
5104	YLR467C-A	0.67179
5105	YLR466C-A	0.67179
5106	YOR396C-A	0.67179
5107	YKL049C	0.6717
5108	YJR123W	0.6717
5109	YKL053W	0.67165
5110	YDR412W	0.67164
5111	YER034W	0.67162
5112	YOR015W	0.6716
5113	YGR164W	0.67158
5114	YDR255C	0.67158
5115	Q0110	0.67153
5116	YIL014C-A	0.67144
5117	YBL084C	0.6714
5118	YBR058C-A	0.67132
5119	YLR370C	0.67128
5120	YMR048W	0.67128
5121	YOR320C	0.67121
5122	YAL017W	0.67119
5123	YAL025C	0.67114
5124	YGL124C	0.67114
5125	YGR148C	0.67104
5126	YLL013C	0.67102
5127	YIL177W-A	0.67085
5128	YJL225W-A	0.67085
5129	YKL121W	0.67077
5130	YNL226W	0.67072
5131	YJL084C	0.6707
5132	YJR060W	0.6707
5133	YDL113C	0.67062
5134	YNR035C	0.67052
5135	YDL077C	0.67047
5136	YKR098C	0.6704
5137	YEL017W	0.67039
5138	YDL127W	0.67038
5139	YDR463W	0.67021
5140	YLR228C	0.67021
5141	YHR035W	0.67011
5142	YMR133W	0.67009
5143	YML133W-B	0.67006
5144	YNL339W-B	0.67006
5145	YHR219C-A	0.67006
5146	YNL265C	0.67004
5147	YHR127W	0.67004
5148	YER064C	0.67001
5149	YFL012W-A	0.67001
5150	YMR141W-A	0.66998
5151	YOL127W	0.6699
5152	YGR184C	0.66983
5153	YPR126C	0.66982
5154	YOL085W-A	0.6698
5155	YNL011C	0.66974
5156	YDR524C-A	0.66968
5157	YDR545C-A	0.66968
5158	YGL029W	0.66966
5159	YER190C-B	0.66962
5160	YPR204C-A	0.66962
5161	YGR296C-B	0.66962
5162	YPL283W-B	0.66962
5163	YEL077W-A	0.66962
5164	YPL278C	0.66962
5165	YIL025C	0.6696
5166	YNL122C	0.6695
5167	YFR001W	0.66947
5168	YOL085C	0.66929
5169	YKR030W	0.66928
5170	YBR240C	0.66926
5171	YER071C	0.66925
5172	YBR191W-A	0.6692
5173	YGR106C	0.66916
5174	YPR187W	0.66913
5175	YER131W	0.66905
5176	YER114C	0.66904
5177	YIL100W	0.66903
5178	YLR154W-A	0.66899
5179	YOR008W-B	0.66893
5180	YNL205C	0.66892
5181	YGL189C	0.66891
5182	YOR032W-A	0.66887
5183	YJL020C	0.66884
5184	YGL131C	0.66868
5185	YOL159C	0.66867
5186	YDR119W	0.66858
5187	YCR015C	0.6685
5188	YOR392W	0.66847
5189	YHR071W	0.66836
5190	YKL118W	0.66834
5191	YPR115W	0.66834
5192	YER066C-A	0.66833
5193	YOL004W	0.66827
5194	YOR012W	0.66826
5195	YPR109W	0.66825
5196	YDR068W	0.66824
5197	YNL337W	0.66823
5198	YJL201W	0.66822
5199	YCR095W-A	0.66809
5200	YNR031C	0.66806
5201	YMR153C-A	0.66802
5202	YLR385C	0.66801
5203	YAL041W	0.66797
5204	YER138W-A	0.66796
5205	YEL007W	0.66794
5206	YHR058C	0.66787
5207	YBL012C	0.66787
5208	YNL257C	0.66783
5209	YLR439W	0.66781
5210	YLR068W	0.6678
5211	YJL086C	0.66777
5212	YDL106C	0.66776
5213	YMR184W	0.66776
5214	YGR147C	0.6677
5215	YDL067C	0.66768
5216	YDR125C	0.66758
5217	YML099C	0.66756
5218	YHL050W-A	0.66746
5219	YKR008W	0.66746
5220	YGR291C	0.66723
5221	YHR155W	0.66714
5222	YBR122C	0.66713
5223	YPL178W	0.66712
5224	YOL136C	0.6671
5225	YLR346C	0.66708
5226	YER077C	0.66705
5227	YPL249C-A	0.66704
5228	YDR141C	0.66695
5229	YER093C	0.66688
5230	YLR095C	0.66688
5231	YCL019W	0.66686
5232	YBR289W	0.66681
5233	YML002W	0.66675
5234	YLR361C-A	0.66672
5235	YJR140W-A	0.66665
5236	YDR396W	0.66661
5237	YOR394C-A	0.66656
5238	YBL073W	0.66652
5239	YLL044W	0.66648
5240	YLR169W	0.66635
5241	YCL028W	0.66624
5242	YER084W	0.66623
5243	YOL019W	0.66622
5244	YLR356W	0.66611
5245	YDL216C	0.66606
5246	YBR196C-A	0.66581
5247	YDR525W	0.6658
5248	YBR195C	0.66578
5249	YBR113W	0.66575
5250	YLR278C	0.66569
5251	YER133W-A	0.66569
5252	YOL120C	0.66565
5253	YNL301C	0.66565
5254	YHR056W-A	0.66558
5255	Q0115	0.66555
5256	YLR157W-D	0.66555
5257	YER118C	0.66544
5258	YJR087W	0.66544
5259	YDR455C	0.66543
5260	YMR111C	0.66537
5261	YCL007C	0.66532
5262	YER096W	0.66529
5263	YDR318W	0.66526
5264	YJL077W-B	0.66518
5265	YER169W	0.66517
5266	YFR036W-A	0.66515
5267	YGL193C	0.66508
5268	YLL049W	0.66505
5269	YHR105W	0.66501
5270	YDR329C	0.66498
5271	YDL149W	0.66484
5272	YCR022C	0.66478
5273	YPL105C	0.66478
5274	YDR320C	0.66478
5275	YBR219C	0.66477
5276	YMR082C	0.66475
5277	YGR198W	0.66473
5278	YPR042C	0.66473
5279	YKR006C	0.66468
5280	YFL002W-A	0.66466
5281	YGR161W-B	0.66466
5282	YBL113W-A	0.66463
5283	YBR292C	0.66456
5284	YGR072W	0.6645
5285	YDL185C-A	0.66447
5286	YOR371C	0.66436
5287	YOR037W	0.66429
5288	YOR192C-B	0.66424
5289	YLL040C	0.66422
5290	YDL070W	0.66418
5291	YER079C-A	0.66418
5292	YBR259W	0.66414
5293	YDR261W-B	0.66411
5294	YIL032C	0.66401
5295	YHR032W-A	0.66398
5296	YPL257W	0.66393
5297	YBL014C	0.66391
5298	YDR048C	0.66382
5299	YBL092W	0.66379
5300	YPR199C	0.66376
5301	YER087C-A	0.66375
5302	YCL039W	0.66373
5303	YPL161C	0.6637
5304	YEL068C	0.66364
5305	YMR052C-A	0.66359
5306	YIL066W-A	0.66354
5307	R0040C	0.66352
5308	YBL071C	0.66346
5309	YDR281C	0.66345
5310	YLR412C-A	0.66343
5311	YGR038C-D/YGR038C-C	0.66341
5312	YDL151C	0.6634
5313	YDR273W	0.66333
5314	YPL108W	0.66333
5315	YDR431W	0.6633
5316	YLR434C	0.66325
5317	YGL168W	0.66309
5318	YMR298W	0.66307
5319	YGR053C	0.66302
5320	YDR034C-D	0.66297
5321	YOL003C	0.66297
5322	YDL094C	0.66293
5323	YER076W-A	0.66293
5324	YDR163W	0.66293
5325	YHL046W-A	0.66287
5326	YMR294W-A	0.66286
5327	YDR507C	0.66281
5328	YCR003W	0.66275
5329	YLR366W	0.66274
5330	YNL024C-A	0.66272
5331	YER189W	0.66268
5332	YNR022C	0.66266
5333	YMR140W	0.66266
5334	YOR329C	0.66265
5335	YEL028W	0.66265
5336	YER112W	0.66254
5337	YMR030W-A	0.66254
5338	YGR274C	0.6625
5339	YIL044C	0.66247
5340	YKL143W	0.66244
5341	YOR210W	0.66244
5342	YGR174W-A	0.66239
5343	YIL002W-A	0.66238
5344	YKL122C	0.66226
5345	YPR075C	0.66224
5346	YMR315W-A	0.66224
5347	YJL157C	0.66218
5348	YDR509W	0.6621
5349	YGL007C-A	0.66208
5350	YPL035C	0.66202
5351	YDL117W	0.66197
5352	YAL008W	0.66179
5353	YOR289W	0.66179
5354	YER137C	0.66164
5355	YGL007W	0.66159
5356	YPR169W-A	0.66155
5357	YBL100W-B	0.66147
5358	YOR011W-A	0.66131
5359	YDR296W	0.66126
5360	YDR210W-B	0.6612
5361	YLR410W-B	0.66112
5362	YOR221C	0.66094
5363	YER184C	0.66092
5364	YHR050W-A	0.66089
5365	YML076C	0.66076
5366	YDR200C	0.66075
5367	YHL020C	0.66075
5368	YNL097W-A	0.66068
5369	YGR233C	0.66066
5370	YNL285W	0.6606
5371	YNL002C	0.66057
5372	YGL041W-A	0.66053
5373	YBL060W	0.66051
5374	YPL037C	0.66045
5375	YEL010W	0.66043
5376	YGR049W	0.66036
5377	YDR203W	0.66034
5378	YJL205C	0.66029
5379	YBR300C	0.66029
5380	YOL069W	0.66029
5381	YOR231C-A	0.66023
5382	YBR004C	0.6602
5383	YGL159W	0.66002
5384	YGR122C-A	0.65997
5385	YAR047C	0.65996
5386	YGR227C-A	0.65975
5387	YLR466C-B	0.65972
5388	YAL066W	0.65971
5389	YCL058W-A	0.65966
5390	YLR154W-F	0.65953
5391	YKR036C	0.65947
5392	YDR159W	0.65946
5393	YAL068W-A	0.65943
5394	YJL037W	0.65937
5395	YNL224C	0.65936
5396	YCR066W	0.65932
5397	YOL063C	0.65931
5398	YKL141W	0.65929
5399	YJR059W	0.65926
5400	YKL025C	0.65922
5401	YOR083W	0.65919
5402	YOL104C	0.65913
5403	YER161C	0.65909
5404	YOR085W	0.65909
5405	YLR012C	0.65909
5406	YNL041C	0.65902
5407	YBR209W	0.65891
5408	YHL038C	0.65889
5409	YLR073C	0.65884
5410	YOR343W-B	0.65876
5411	YLR136C	0.65874
5412	YKR029C	0.6587
5413	YML099W-A	0.65867
5414	YKL018C-A	0.65864
5415	YOR105W	0.65846
5416	YLR440C	0.65844
5417	YKR083C	0.65836
5418	YNL215W	0.65834
5419	YML107C	0.65831
5420	YHR087W	0.65823
5421	YMR073C	0.6581
5422	YEL075C	0.65792
5423	YLR407W	0.65792
5424	YBR163W	0.65762
5425	YCR016W	0.65757
5426	YFR012W-A	0.65757
5427	YNR039C	0.65756
5428	YFR049W	0.65752
5429	YEL072W	0.6575
5430	YLR149C	0.65749
5431	YJR041C	0.65749
5432	YNL127W	0.65748
5433	YJL047C-A	0.65748
5434	YDR124W	0.65744
5435	YJL187C	0.65741
5436	YDL107W	0.65737
5437	YGL013C	0.65735
5438	YOR242C	0.65734
5439	YDL005C	0.6573
5440	YNL319W	0.65725
5441	YJL032W	0.65714
5442	YJL038C	0.65695
5443	YMR118C	0.65695
5444	YDR495C	0.65693
5445	YLR403W	0.65691
5446	YPL102C	0.65673
5447	YGL113W	0.6567
5448	YLR332W	0.6566
5449	YNL086W	0.65657
5450	YOR343C	0.65657
5451	YMR021C	0.65656
5452	YLR358C	0.65646
5453	YBR126W-B	0.65645
5454	YLR176C	0.65635
5455	YDR229W	0.65628
5456	YHR102W	0.65622
5457	YPL076W	0.65621
5458	YLR187W	0.65621
5459	YGR225W	0.65618
5460	YAL031W-A	0.65614
5461	YFL031C-A	0.65611
5462	YAL059W	0.65609
5463	YBR172C	0.65604
5464	YIR021W-A	0.656
5465	YPL254W	0.65591
5466	YPL005W	0.65589
5467	YNL136W	0.65589
5468	YOL017W	0.65582
5469	YKL133C	0.65575
5470	YML023C	0.65563
5471	YCL001W-A	0.65546
5472	YDR156W	0.65545
5473	YDR295C	0.65537
5474	YPR122W	0.65527
5475	YGL108C	0.65521
5476	YHR132W-A	0.65517
5477	YML029W	0.65504
5478	YER092W	0.65496
5479	YHL009C	0.65484
5480	YAL011W	0.65475
5481	YNR047W	0.65469
5482	YIL030W-A	0.65468
5483	YML047C	0.65456
5484	YDR089W	0.65449
5485	YGL014C-A	0.65448
5486	YNL166C	0.65447
5487	YGR137W	0.6544
5488	YDR261C-C	0.65437
5489	YER046W	0.65431
5490	YJL070C	0.6543
5491	YCL022C	0.6542
5492	YNL235C	0.65418
5493	YNL297C	0.65417
5494	YJL016W	0.65403
5495	YLR106C	0.6539
5496	YOR186C-A	0.65379
5497	YPL150W	0.65379
5498	YMR014W	0.65369
5499	YNL067W-A	0.65362
5500	YBR135W	0.65362
5501	YMR032W	0.6536
5502	YPL272C	0.65357
5503	YMR304C-A	0.65349
5504	YGL121C	0.65346
5505	YER173W	0.65345
5506	YPL242C	0.65335
5507	YJR037W	0.65335
5508	YFL032W	0.65327
5509	YDR299W	0.65322
5510	YPR074W-A	0.6532
5511	YGL090W	0.65319
5512	YBL029W	0.65315
5513	YOR248W	0.65303
5514	YDR285W	0.65302
5515	YPR020W	0.65299
5516	YLR238W	0.65298
5517	YLR165C	0.65295
5518	YLR098C	0.65293
5519	YPR015C	0.65293
5520	YDR143C	0.65284
5521	YDL235C	0.65271
5522	YHL027W	0.65265
5523	YLR321C	0.65263
5524	YPR158C-C	0.65261
5525	YBR128C	0.65254
5526	YMR198W	0.65252
5527	YDL158C	0.65245
5528	YKL072W	0.65244
5529	YHL009W-A	0.65242
5530	YER067W	0.6524
5531	YOR336W	0.65239
5532	YLR217W	0.65238
5533	YOL103W-A	0.65232
5534	YER137C-A	0.6521
5535	YPL257W-A	0.6521
5536	YDR365W-A	0.6521
5537	YLR157C-A	0.6521
5538	YKL038W	0.65202
5539	YKL074C	0.65199
5540	YJL019W	0.65198
5541	YDR183C-A	0.65198
5542	YHR212C	0.65189
5543	YAR060C	0.65189
5544	YMR258C	0.65177
5545	YJL049W	0.65172
5546	YKR046C	0.6516
5547	YOR152C	0.65157
5548	YJL199C	0.65156
5549	YLR242C	0.65136
5550	YPR068C	0.65128
5551	YGR130C	0.65125
5552	YLR036C	0.65121
5553	YNL204C	0.65117
5554	YKR090W	0.65116
5555	YIR014W	0.65112
5556	YJR093C	0.65101
5557	YJR134C	0.65099
5558	YLR256W-A	0.65097
5559	YNL165W	0.65095
5560	YLR265C	0.65093
5561	YLR262C-A	0.65087
5562	YBR257W	0.65084
5563	YER006C-A	0.65082
5564	YKL208W	0.65082
5565	YPL192C	0.65071
5566	YCL024W	0.6507
5567	YPR012W	0.65068
5568	YDL204W	0.65066
5569	YDL219W	0.65065
5570	YBR051W	0.6506
5571	YPL261C	0.65042
5572	YNL234W	0.65032
5573	YKR101W	0.6503
5574	YLR381W	0.65026
5575	YBL085W	0.65021
5576	YOL078W	0.65019
5577	YJL150W	0.65018
5578	YBL028C	0.65016
5579	YOR373W	0.65011
5580	YOL134C	0.6501
5581	YLR067C	0.64998
5582	YBR239C	0.64991
5583	YBL051C	0.64984
5584	YKL096C-B	0.64976
5585	YGL174W	0.64975
5586	YDL048C	0.64974
5587	YBR272C	0.64974
5588	YFR042W	0.64967
5589	YGL215W	0.64966
5590	YML054C-A	0.64958
5591	YKR027W	0.64956
5592	YCR063W	0.64953
5593	YKL014C	0.64949
5594	YOR127W	0.64941
5595	YLR154W-E	0.64939
5596	YER188C-A	0.64937
5597	YOL032W	0.64936
5598	YOR058C	0.64928
5599	YPR027C	0.64921
5600	YBR081C	0.64921
5601	YLR423C	0.64921
5602	YLR227W-A	0.64916
5603	YML040W	0.64916
5604	YJR026W	0.64916
5605	YGR075C	0.64914
5606	YJL013C	0.64913
5607	YNL050C	0.64909
5608	YJR012C	0.64908
5609	YIL141W	0.64902
5610	YBL107C	0.649
5611	YNL171C	0.64899
5612	YHR004C	0.64898
5613	YAR010C	0.64895
5614	YPR137C-A	0.64895
5615	YHR072W-A	0.64884
5616	YBR262C	0.64867
5617	YNL230C	0.64855
5618	YDL240C-A	0.64854
5619	YGR013W	0.64848
5620	YDR057W	0.64844
5621	YIL071W-A	0.64827
5622	YBR077C	0.64815
5623	YKL099C	0.64809
5624	YJR080C	0.64796
5625	YDR170W-A	0.64794
5626	YLR184W	0.64779
5627	YMR294W	0.64776
5628	YAR020C	0.64754
5629	YLR211C	0.64735
5630	YPR106W	0.64714
5631	YDR303C	0.64712
5632	YLR458W	0.6471
5633	YDR466W	0.64708
5634	YLR395C	0.64705
5635	YHR093W	0.64679
5636	YMR117C	0.64677
5637	YJR127C	0.64671
5638	YDL220C	0.64666
5639	YML045W-A	0.64651
5640	YPL016W	0.64645
5641	YJL114W	0.64641
5642	YKR031C	0.64638
5643	YDR357C	0.6463
5644	YGR015C	0.64618
5645	YDR543C	0.64617
5646	YLR422W	0.64603
5647	YGR030C	0.64603
5648	YDR138W	0.646
5649	YHR145C	0.64596
5650	YKR099W	0.64594
5651	YJR028W	0.64579
5652	YJL107C	0.64579
5653	YDR034C-A	0.64556
5654	YPL120W	0.64555
5655	YMR326C	0.64546
5656	YNL284C-A	0.6454
5657	YBR012W-A	0.64539
5658	YNL068C	0.64538
5659	YDR098C-A	0.64536
5660	YDR458C	0.64534
5661	YDR371W	0.64529
5662	YDR024W	0.64518
5663	YKL111C	0.64516
5664	YML036W	0.64512
5665	YMR147W	0.64512
5666	YGR237C	0.64507
5667	YER159C-A	0.64488
5668	YLR035C-B	0.64488
5669	YDR316W-A	0.64488
5670	YGR161C-C	0.64488
5671	YMR051C	0.64488
5672	YLL042C	0.64484
5673	YDL173W	0.64481
5674	YML114C	0.64476
5675	YJL146W	0.64471
5676	YLR388W	0.6447
5677	YDR133C	0.64468
5678	YFL007W	0.64462
5679	YER038W-A	0.64457
5680	YER085C	0.64455
5681	YDR131C	0.64454
5682	YPL096C-A	0.64451
5683	YOR220W	0.6445
5684	YLR256W	0.64447
5685	YNR063W	0.64445
5686	YKR016W	0.64442
5687	YOR144C	0.64435
5688	YMR176W	0.64428
5689	YDL098C	0.64414
5690	YLR198C	0.64413
5691	YDL242W	0.64411
5692	YMR284W	0.6441
5693	YIL149C	0.6441
5694	YLR119W	0.64402
5695	YNR037C	0.64399
5696	YIL163C	0.64396
5697	YLR442C	0.64371
5698	YBL025W	0.64361
5699	YJL048C	0.6436
5700	YJR108W	0.64354
5701	YJL026C-A	0.64352
5702	YLR294C	0.6435
5703	YLR040C	0.64348
5704	YGR016W	0.64344
5705	YBR233W-A	0.64343
5706	YIL139C	0.64343
5707	YBR126W-A	0.6434
5708	YMR017W	0.64339
5709	YPL090C	0.6433
5710	YBR181C	0.6433
5711	YGR027W-A	0.64318
5712	YGR038C-A	0.64304
5713	YDR119W-A	0.64304
5714	YKR020W	0.643
5715	YGL237C	0.64298
5716	YJR106W	0.64287
5717	YHR097C	0.64282
5718	YGL226C-A	0.64272
5719	YGR008C	0.64271
5720	YDR202C	0.6427
5721	YJL099W	0.64269
5722	YDR499W	0.64264
5723	YPL139C	0.64264
5724	YER088W-B	0.64262
5725	YOL100W	0.64261
5726	YBL100W-C	0.64252
5727	YHR199C-A	0.64244
5728	YMR072W	0.64231
5729	YDR176W	0.64222
5730	YDR179C	0.64217
5731	YMR046C	0.64217
5732	YCR108C	0.64217
5733	YOR308C	0.64212
5734	YOR189W	0.64211
5735	YCR099C	0.64206
5736	YFR039C	0.64202
5737	YPR158W-A	0.642
5738	YOR142W-A	0.642
5739	YDR118W	0.64197
5740	YHR137C-A	0.64196
5741	YJR135C	0.64195
5742	YDR042C	0.64187
5743	YIL112W	0.64186
5744	YLR424C-A	0.64178
5745	YPL034W	0.64161
5746	YGL230C	0.64159
5747	YOR193W	0.64158
5748	YPR021C	0.64155
5749	YKR005C	0.64154
5750	YMR193C-A	0.64152
5751	YDL170W	0.6415
5752	YHR175W-A	0.6415
5753	YFR011C	0.64128
5754	YBL048W	0.64127
5755	YOR333C	0.64125
5756	YJL105W	0.6412
5757	YKL106C-A	0.64118
5758	YLR462W	0.64113
5759	YKL159C	0.64112
5760	YIL093C	0.641
5761	YNL314W	0.64096
5762	YML034W	0.64088
5763	YMR280C	0.64082
5764	YBL005W-A	0.64078
5765	YOR287C	0.64078
5766	YHR143W	0.6407
5767	YBL090W	0.6406
5768	YDR210C-C	0.64048
5769	YJR138W	0.64045
5770	YDR377W	0.64044
5771	YBL005W	0.64044
5772	YNR025C	0.64042
5773	YDR076W	0.64016
5774	YFR040W	0.64016
5775	YGL093W	0.6401
5776	YMR158C-A	0.64003
5777	YNL213C	0.64002
5778	YNL070W	0.64
5779	YDR462W	0.63996
5780	YOL024W	0.63989
5781	YNL140C	0.63979
5782	YPR061C	0.63979
5783	YBR049C	0.63972
5784	YLR146W-A	0.63972
5785	YOL044W	0.63968
5786	YAL063C-A	0.63959
5787	YOL089C	0.63929
5788	YAR002W	0.63929
5789	YNL156C	0.63927
5790	YML093W	0.63923
5791	YGL042C	0.6392
5792	YOR385W	0.63914
5793	YDR469W	0.6391
5794	YCL001W	0.63908
5795	YCR018C-A	0.63908
5796	YGR077C	0.63893
5797	YIR018W	0.63891
5798	YKL130C	0.63889
5799	YBR224W	0.6388
5800	YLR437C	0.63859
5801	YJL020W-A	0.63849
5802	YMR100W	0.63849
5803	YDR254W	0.63824
5804	YLR024C	0.63804
5805	YMR025W	0.63793
5806	YOL083W	0.63791
5807	YCR082W	0.63762
5808	YNL198C	0.63761
5809	YBR120C	0.63746
5810	YBR270C	0.63736
5811	YDR252W	0.63723
5812	YLR310C	0.63706
5813	YGR084C	0.63702
5814	YIL031W	0.637
5815	YLR222C-A	0.63698
5816	YOR329W-A	0.63685
5817	YGR115C	0.63675
5818	YLR151C	0.63668
5819	YBR182C-A	0.63664
5820	YDL044C	0.63653
5821	YGL006W-A	0.63647
5822	YGL214W	0.63645
5823	YJL073W	0.6364
5824	YJL177W	0.63634
5825	YHR119W	0.63633
5826	YGL059W	0.63628
5827	YGL086W	0.63622
5828	YBL059W	0.63612
5829	YOL117W	0.63612
5830	YGL229C	0.63604
5831	YHR130C	0.63587
5832	YMR059W	0.63584
5833	YGL249W	0.63577
5834	YPR049C	0.63566
5835	YGL182C	0.6356
5836	YBL063W	0.63554
5837	YNL211C	0.63552
5838	YMR151W	0.63534
5839	YER186C	0.63532
5840	YFR032C-B	0.63527
5841	YLR297W	0.6352
5842	YIR024C	0.63517
5843	YML108W	0.63517
5844	YHR153C	0.6351
5845	YFR012W	0.6351
5846	YHL025W	0.63505
5847	YHR006W	0.63498
5848	YIL046W-A	0.63488
5849	YLR453C	0.63486
5850	YNL183C	0.63482
5851	YIL159W	0.63474
5852	YPR009W	0.63465
5853	YBR215W	0.63464
5854	YER097W	0.63457
5855	YNL058C	0.63454
5856	YMR256C	0.63445
5857	YOR169C	0.63441
5858	YBR168W	0.63439
5859	YCR032W	0.63435
5860	YDR322W	0.63426
5861	YHR136C	0.63424
5862	YPL256C	0.63415
5863	YLR033W	0.63413
5864	YER153C	0.63403
5865	YGR076C	0.63392
5866	YOR129C	0.6339
5867	YML083C	0.63385
5868	YOR276W	0.63384
5869	YDR381C-A	0.63372
5870	YEL018W	0.6337
5871	YOR297C	0.63361
5872	YDR115W	0.6336
5873	YKR011C	0.63357
5874	YBR171W	0.63347
5875	YDR005C	0.63329
5876	YHR082C	0.63323
5877	YMR148W	0.63321
5878	YMR098C	0.63319
5879	YDL181W	0.633
5880	YPR070W	0.63296
5881	YLL021W	0.63289
5882	YKL180W	0.63284
5883	YHL009W-B	0.63271
5884	YPR007C	0.6327
5885	YNL008C	0.63257
5886	YJL113W	0.63253
5887	YKR095W	0.63244
5888	YIL019W	0.63221
5889	YLR224W	0.63199
5890	YBR033W	0.63195
5891	YLR424W	0.63178
5892	YFR003C	0.63176
5893	YLR404W	0.63166
5894	YPR142C	0.6316
5895	YDL050C	0.63159
5896	YLR182W	0.63155
5897	YCR020W-B	0.63155
5898	YNL254C	0.63147
5899	YKR015C	0.63147
5900	YDR307W	0.63144
5901	YLR295C	0.63134
5902	YLR057W	0.63134
5903	YER122C	0.63126
5904	YLL005C	0.63119
5905	YEL025C	0.63106
5906	YNL054W-A	0.63091
5907	YFR023W	0.6309
5908	YBR230W-A	0.63089
5909	YOR170W	0.6308
5910	YOR235W	0.63069
5911	YDR369C	0.63061
5912	YOR063W	0.6306
5913	YPL156C	0.63055
5914	YOR355W	0.63054
5915	YER109C	0.63053
5916	YGR215W	0.63051
5917	YEL009C-A	0.63029
5918	YML128C	0.63001
5919	YPL060C-A	0.63
5920	YER054C	0.62991
5921	YER102W	0.62991
5922	YBL072C	0.62991
5923	YDR464W	0.62972
5924	YDR078C	0.62964
5925	YER093C-A	0.62959
5926	YDR475C	0.62958
5927	YDL061C	0.62946
5928	YDR317W	0.62945
5929	YBL093C	0.6294
5930	YPL021W	0.62939
5931	YMR046W-A	0.62938
5932	YDL206W	0.6292
5933	YOR078W	0.62917
5934	YJL176C	0.62913
5935	YML059C	0.62897
5936	YML017W	0.62892
5937	YIR003W	0.62879
5938	YLR437C-A	0.62872
5939	YOL013W-B	0.62858
5940	YKL176C	0.62856
5941	YNL013C	0.62851
5942	YCR097W	0.62847
5943	YBL006C	0.62842
5944	YBR238C	0.62838
5945	YBR188C	0.62838
5946	YPL177C	0.62823
5947	YJR086W	0.62817
5948	YMR172W	0.62812
5949	YIL102C-A	0.62804
5950	YOR381W-A	0.628
5951	YGR129W	0.628
5952	YMR164C	0.62797
5953	YLR091W	0.6277
5954	YPR117W	0.6277
5955	YJL122W	0.62765
5956	YFL024C	0.62763
5957	YLR299C-A	0.62752
5958	YOL118C	0.62748
5959	YIL071C	0.62744
5960	YHR017W	0.62739
5961	YDL016C	0.62733
5962	YJR101W	0.62721
5963	YBL039W-B	0.6272
5964	YPL018W	0.62683
5965	YPL189C-A	0.62677
5966	YOR208W	0.62675
5967	YPR174C	0.62664
5968	YOR298W	0.62659
5969	YFL063W	0.62658
5970	YLR227C	0.62647
5971	YGR081C	0.62647
5972	YLR408C	0.62645
5973	YMR311C	0.62642
5974	YDL152W	0.62617
5975	YLR360W	0.62616
5976	YIR033W	0.62616
5977	YPL216W	0.6261
5978	YNL105W	0.62605
5979	YMR119W	0.62585
5980	YMR134W	0.62578
5981	YOL159C-A	0.62578
5982	YMR018W	0.62569
5983	YNL266W	0.62564
5984	YDR017C	0.62558
5985	YML103C	0.62547
5986	YKL048C	0.6254
5987	YER158W-A	0.62536
5988	YKR019C	0.62534
5989	YHR193C-A	0.62534
5990	YER175W-A	0.62463
5991	YOL082W	0.62456
5992	YER022W	0.62456
5993	YGR039W	0.6245
5994	YOR354C	0.6244
5995	YDR383C	0.62439
5996	YGL107C	0.62439
5997	YOR107W	0.62415
5998	YCL014W	0.6241
5999	YDR104C	0.62407
6000	YIL129C	0.62399
6001	YPL174C	0.62397
6002	YER050C	0.62385
6003	YBL103C	0.62381
6004	YOR121C	0.62376
6005	YKL063C	0.62359
6006	YKL020C	0.6235
6007	YEL032C-A	0.62345
6008	YGR169C-A	0.62315
6009	YIL037C	0.62306
6010	YOR097C	0.62301
6011	YNL172W	0.62295
6012	YBR230C	0.62284
6013	YBR057C	0.62271
6014	YJL023C	0.62268
6015	YBR131W	0.62256
6016	YLR082C	0.62253
6017	YDR451C	0.62248
6018	YDR034C-C	0.62228
6019	YIL098C	0.62217
6020	YGR222W	0.62215
6021	YPL219W	0.6221
6022	YNL245C	0.6221
6023	YGL197W	0.62192
6024	YJL083W	0.62192
6025	YFL019C	0.62187
6026	YOR140W	0.62185
6027	YJL180C	0.62173
6028	YNL115C	0.62164
6029	YHR052C-B	0.62161
6030	YHR054C-B	0.62161
6031	YPR170W-A	0.62156
6032	YNL159C	0.62151
6033	YMR153W	0.62145
6034	YGL209W	0.62129
6035	YHR056C	0.62127
6036	YML113W	0.62093
6037	YOR304C-A	0.62089
6038	YIL158W	0.62084
6039	Q0143	0.62083
6040	YIL097W	0.62081
6041	YLR454W	0.62077
6042	YML009C	0.62067
6043	YBR108W	0.62057
6044	YIL144W	0.62054
6045	YPL011C	0.62039
6046	YLR376C	0.62037
6047	YKL145W-A	0.62017
6048	YDR261W-A	0.62012
6049	YKL061W	0.6201
6050	YDR379W	0.61995
6051	YER075C	0.61978
6052	YOR028C	0.61969
6053	YDL159W-A	0.61956
6054	YOL109W	0.61948
6055	YCL020W	0.61942
6056	YOL131W	0.61935
6057	YPL253C	0.61897
6058	YLR135W	0.61886
6059	YKR054C	0.61873
6060	YDR082W	0.61856
6061	YNL164C	0.61849
6062	YDR066C	0.61844
6063	YOR192C-A	0.61838
6064	YER084W-A	0.61815
6065	YJL066C	0.61812
6066	YHR149C	0.61807
6067	YNL210W	0.61805
6068	YMR031C	0.61791
6069	YLR201C	0.61789
6070	YDR406W-A	0.61783
6071	YNL295W	0.61766
6072	YHR182W	0.61766
6073	YGR089W	0.6175
6074	Q0297	0.61742
6075	YNR077C	0.61742
6076	YOL138C	0.61732
6077	YDR069C	0.61727
6078	YGL151W	0.61719
6079	YJL209W	0.61714
6080	YDL115C	0.6169
6081	YHR099W	0.61687
6082	YDL056W	0.61666
6083	YKL092C	0.61646
6084	YLR271W	0.61636
6085	YDR505C	0.61628
6086	YJL076W	0.61625
6087	YCR018C	0.61624
6088	YJR021C	0.61592
6089	YBR250W	0.61587
6090	YGR098C	0.61582
6091	YML101C-A	0.61581
6092	YPL075W	0.61581
6093	YBR066C	0.61569
6094	YMR016C	0.6156
6095	YGL073W	0.61558
6096	YDR348C	0.61541
6097	YHR214W-A	0.61539
6098	YBR197C	0.61536
6099	YGR250C	0.61535
6100	YOR186W	0.61535
6101	YPL202C	0.61523
6102	YEL014C	0.61522
6103	YGR038C-E	0.61513
6104	YPL166W	0.61507
6105	YBL109W	0.61498
6106	YFL014W	0.61495
6107	YHR131C	0.61492
6108	YML007W	0.61479
6109	YLR410W-A	0.61471
6110	YGR249W	0.61469
6111	YDR235W	0.61468
6112	YMR107W	0.61454
6113	YLR263W	0.61444
6114	YMR299C	0.6143
6115	YKL162C	0.61428
6116	YFL002W-B	0.61428
6117	YGR161W-A	0.61428
6118	YAL034C	0.61426
6119	YJR107C-A	0.61409
6120	YAL016C-B	0.61403
6121	YGL162W	0.61376
6122	YOL040C	0.61371
6123	YGL117W	0.61365
6124	YER035W	0.61354
6125	YBL100W-A	0.61346
6126	YLR313C	0.61339
6127	YLR465C	0.6133
6128	YJL056C	0.61296
6129	YMR064W	0.61287
6130	YLR042C	0.6126
6131	YDR169C	0.61243
6132	Q0182	0.6124
6133	YFL041W-A	0.61218
6134	YDR034C	0.61211
6135	YMR187C	0.61179
6136	YBR124W	0.61178
6137	YJL170C	0.6117
6138	YBL027W	0.61165
6139	YBR084C-A	0.61165
6140	YKL101W	0.61165
6141	YBR173C	0.61162
6142	YAR068W	0.61153
6143	YCL005W	0.61145
6144	YPL039W	0.6114
6145	YLR252W	0.61132
6146	YOR266W	0.61127
6147	YPR134W	0.61125
6148	YGR140W	0.61122
6149	YLR052W	0.61119
6150	YGL096W	0.61118
6151	YAL010C	0.61105
6152	YMR191W	0.61104
6153	YNL053W	0.61094
6154	YHR165C	0.61088
6155	YDL199C	0.61087
6156	YDL130W-A	0.61045
6157	YGL005C	0.61045
6158	YDL197C	0.61039
6159	YOR104W	0.61015
6160	YDR166C	0.61004
6161	YCL021W-A	0.60993
6162	YLR099W-A	0.60988
6163	YGR161W-C	0.60954
6164	YGR230W	0.6095
6165	YCR081W	0.60943
6166	YJR157W	0.60923
6167	YDR016C	0.60891
6168	YPR002C-A	0.60878
6169	YMR199W	0.60866
6170	YER129W	0.60861
6171	YKL108W	0.60856
6172	YIL055C	0.60851
6173	YDR350C	0.60847
6174	YIL086C	0.60843
6175	YDR043C	0.60837
6176	YGL081W	0.60821
6177	YPL193W	0.6082
6178	YDL121C	0.60807
6179	YDL129W	0.60804
6180	YNL157W	0.60795
6181	YKL138C-A	0.60786
6182	YLR320W	0.60776
6183	YAL027W	0.60766
6184	YDR529C	0.60755
6185	YJR053W	0.60749
6186	YBR072C-A	0.60724
6187	YDR123C	0.60723
6188	YHR159W	0.60721
6189	YHR167W	0.6072
6190	YKR034W	0.60692
6191	YGR275W	0.60686
6192	YHL023C	0.60636
6193	YMR257C	0.6062
6194	YNL309W	0.60617
6195	YGL176C	0.60575
6196	YPL146C	0.60563
6197	YLR424C-B	0.60559
6198	YOR284W	0.60557
6199	YPL085W	0.60547
6200	YCL061C	0.60541
6201	YDR210W-A	0.60535
6202	YJL058C	0.60519
6203	YPL200W	0.60507
6204	YOR343W-A	0.60504
6205	YNR004W	0.60502
6206	YGR150C	0.605
6207	YNL196C	0.60497
6208	YPL099C	0.60483
6209	YOR019W	0.60483
6210	YJL133C-A	0.6048
6211	YML081W	0.60458
6212	YKL171W	0.6045
6213	YFR057W	0.60446
6214	YLR254C	0.60432
6215	YOR313C	0.60429
6216	YGR151C	0.60421
6217	YDL088C	0.60419
6218	YMR052W	0.60416
6219	YGL219C	0.60404
6220	YBL043W	0.60392
6221	YIL136W	0.60388
6222	YOR349W	0.60378
6223	YJL103C	0.60357
6224	YLR327C	0.60356
6225	YLR079W	0.60292
6226	YGL075C	0.6028
6227	YGR240C-A	0.6028
6228	YLR139C	0.60248
6229	YDR260C	0.60238
6230	YBL052C	0.60234
6231	YNL100W	0.60227
6232	YDR240C	0.60227
6233	YDR201W	0.60218
6234	YNL199C	0.60218
6235	YDR146C	0.60206
6236	YHR079C-A	0.6019
6237	YNL005C	0.60176
6238	YFL049W	0.60176
6239	YCR043C	0.6016
6240	YOR177C	0.60155
6241	YCR033W	0.60142
6242	YKL052C	0.60135
6243	YDR532C	0.60113
6244	YBR083W	0.60053
6245	YDL073W	0.60051
6246	YPR084W	0.60026
6247	YDL189W	0.5992
6248	YHR036W	0.59908
6249	YLR315W	0.59902
6250	YGL066W	0.59899
6251	YPR044C	0.59898
6252	YDL211C	0.59892
6253	YKL023W	0.59885
6254	YOR137C	0.59876
6255	YIL092W	0.59872
6256	YBL053W	0.5984
6257	YBR182C	0.59808
6258	YPR185W	0.59793
6259	YGR168C	0.59785
6260	YBR136W	0.59783
6261	YOR113W	0.59782
6262	YAL032C	0.59709
6263	YNL054W	0.59704
6264	YGR134W	0.59698
6265	YAL040C	0.59686
6266	YFL033C	0.5968
6267	YML043C	0.59679
6268	YMR030W	0.59677
6269	YAR014C	0.59669
6270	YOL031C	0.59658
6271	YGR067C	0.59652
6272	YOR030W	0.59641
6273	YKL138C	0.59617
6274	Q0092	0.59606
6275	YDL020C	0.59603
6276	YIR016W	0.59573
6277	YNR045W	0.5957
6278	YNL133C	0.59566
6279	YLR267W	0.59563
6280	YPL168W	0.59559
6281	YDR524C	0.59545
6282	YDR217C	0.59536
6283	YBR184W	0.59482
6284	YER181C	0.59481
6285	YOL015W	0.59454
6286	YDR422C	0.59432
6287	YBR152W	0.59414
6288	YIL117C	0.59398
6289	YGL071W	0.59389
6290	YML027W	0.59373
6291	YPR013C	0.59369
6292	YDL139C	0.5936
6293	YGR079W	0.59337
6294	YBR225W	0.5933
6295	YML009W-B	0.59309
6296	YGL061C	0.59301
6297	YJL118W	0.59268
6298	YJR092W	0.59258
6299	R0030W	0.59239
6300	YOR192C-C	0.59228
6301	YPR095C	0.59226
6302	YFR054C	0.59222
6303	YMR282C	0.59215
6304	YDR014W-A	0.59195
6305	YNL167C	0.59193
6306	YNL152W	0.59164
6307	YIL101C	0.59136
6308	YPL052W	0.59132
6309	YNL144C	0.5913
6310	YHR177W	0.59088
6311	YDR361C	0.59068
6312	YER045C	0.59053
6313	YPR151C	0.59026
6314	YJR089W	0.59004
6315	YOL070C	0.58988
6316	YHR156C	0.58982
6317	YDR461C-A	0.58978
6318	YDR443C	0.58969
6319	YGR251W	0.58939
6320	YPL027W	0.58931
6321	YDL133C-A	0.58919
6322	YDL184C	0.58919
6323	YGR196C	0.58919
6324	YMR066W	0.5889
6325	YLR230W	0.58868
6326	YOR032C	0.58851
6327	YER028C	0.58803
6328	YBR013C	0.58794
6329	YFR008W	0.58787
6330	YDR500C	0.58787
6331	YBR056C-B	0.58761
6332	YMR094W	0.58755
6333	YLR185W	0.58736
6334	YMR232W	0.58716
6335	YJL207C	0.58699
6336	YDR103W	0.58677
6337	YOR195W	0.58673
6338	YHL029C	0.58672
6339	YPL033C	0.58631
6340	YOR147W	0.58617
6341	YDR374C	0.58612
6342	YPR101W	0.58604
6343	YNR024W	0.58563
6344	YJR162C	0.58556
6345	Q0010	0.58555
6346	YPL130W	0.58515
6347	YOR148C	0.585
6348	YPR164W	0.58478
6349	YER149C	0.58465
6350	YLR298C	0.58447
6351	YJL149W	0.58446
6352	YOR350C	0.58439
6353	YLR431C	0.5841
6354	YPL070W	0.5839
6355	YKR045C	0.58388
6356	YML037C	0.58372
6357	YNL225C	0.58364
6358	YER088C	0.58342
6359	YKL162C-A	0.58302
6360	YIL127C	0.58296
6361	YMR174C	0.58295
6362	YGL223C	0.58278
6363	YBL009W	0.58277
6364	YLR219W	0.58273
6365	YOR053W	0.58271
6366	YLR282C	0.58251
6367	YBL054W	0.58234
6368	YBL046W	0.58231
6369	YIL036W	0.58162
6370	YJL095W	0.58157
6371	YGL079W	0.58156
6372	YGR161C	0.58147
6373	YER121W	0.58143
6374	YEL043W	0.58141
6375	YGL194C-A	0.58135
6376	YML015C	0.58112
6377	YEL005C	0.58109
6378	YLL003W	0.58105
6379	YDL176W	0.5807
6380	YMR135C	0.58067
6381	YOL007C	0.58026
6382	YNL091W	0.58012
6383	YHR141C	0.57967
6384	YNL162W	0.57967
6385	YLR307C-A	0.57938
6386	YHR184W	0.57934
6387	YDR310C	0.57933
6388	YNR049C	0.57914
6389	YMR163C	0.57817
6390	YOR047C	0.57816
6391	YML041C	0.57813
6392	YDR096W	0.57801
6393	YKL050C	0.57687
6394	YLR373C	0.57633
6395	Q0255	0.5761
6396	YDR065W	0.57609
6397	YBR275C	0.57604
6398	YMR204C	0.57587
6399	YKR091W	0.57584
6400	YJL090C	0.57566
6401	YLR283W	0.57531
6402	YLR131C	0.57529
6403	YLR094C	0.57527
6404	YKL225W	0.5751
6405	YOR342C	0.57494
6406	YLR352W	0.57484
6407	YDR195W	0.57479
6408	YOR114W	0.57475
6409	YOR182C	0.57463
6410	YLR287C-A	0.57463
6411	YBR194W	0.57436
6412	YNL197C	0.5743
6413	YDL224C	0.57414
6414	YFR032C-A	0.57392
6415	YPL049C	0.5738
6416	YLL047W	0.57354
6417	YOR076C	0.57328
6418	YDR088C	0.57321
6419	YJR011C	0.57294
6420	YOR073W	0.57273
6421	YIR010W	0.5727
6422	YFR019W	0.5726
6423	YKL062W	0.57215
6424	YHR103W	0.57208
6425	YKL204W	0.57182
6426	YJR056C	0.57173
6427	YPR036W-A	0.57169
6428	YJR094W-A	0.5713
6429	YPR043W	0.5713
6430	YDR151C	0.57064
6431	YMR195W	0.57049
6432	YLR436C	0.57022
6433	YPL201C	0.57022
6434	YPL054W	0.57018
6435	YLR334C	0.5695
6436	YIL045W	0.56945
6437	YOR214C	0.56931
6438	YKR100C	0.56914
6439	YNL046W	0.56912
6440	YLR363W-A	0.56907
6441	YML062C	0.56893
6442	YGR179C	0.56889
6443	YJL110C	0.56887
6444	YKR037C	0.56873
6445	YJR003C	0.56852
6446	YGR023W	0.56816
6447	YDR494W	0.56806
6448	YGL138C	0.56789
6449	YLR018C	0.56787
6450	YBR148W	0.56773
6451	YHR195W	0.56737
6452	YBR201C-A	0.56736
6453	YLR353W	0.56695
6454	YAL028W	0.56689
6455	YGR041W	0.56658
6456	YBL034C	0.5664
6457	YDR030C	0.56633
6458	YDL239C	0.5659
6459	YNR014W	0.56585
6460	YOL025W	0.56563
6461	YNL195C	0.56549
6462	YDR356W	0.56545
6463	YDR029W	0.5646
6464	YFL021W	0.56451
6465	YDL169C	0.56436
6466	YNL103W	0.56421
6467	YDR457W	0.5638
6468	YCL027W	0.56377
6469	YLL033W	0.56368
6470	YJR030C	0.56361
6471	YPL269W	0.56361
6472	YLR312C	0.56359
6473	YDR014W	0.56358
6474	YKL068W-A	0.563
6475	YIL119C	0.56288
6476	YBL088C	0.56266
6477	YMR179W	0.5624
6478	YDL027C	0.56202
6479	YPL250C	0.56167
6480	YDR216W	0.56156
6481	YNR009W	0.5613
6482	YGL035C	0.56118
6483	YDR277C	0.56116
6484	YOL081W	0.561
6485	YJL189W	0.56096
6486	YDR259C	0.56071
6487	YOL029C	0.56048
6488	YDR070C	0.56046
6489	YKR010C	0.56012
6490	YNL042W	0.5601
6491	YKR078W	0.55989
6492	YGR142W	0.55967
6493	YCL051W	0.55963
6494	YLR031W	0.55959
6495	YDL069C	0.55907
6496	Q0144	0.55903
6497	YOR264W	0.55902
6498	YCR065W	0.55868
6499	YGR120C	0.55818
6500	YEL057C	0.55817
6501	YER132C	0.55794
6502	YDL089W	0.5579
6503	YML058W	0.55769
6504	YLR221C	0.55751
6505	YDL082W	0.55734
6506	YDR425W	0.55709
6507	YOR178C	0.55669
6508	YER111C	0.55658
6509	YNL176C	0.55648
6510	YOL091W	0.55641
6511	YLR190W	0.5564
6512	YBR140C	0.55622
6513	YLR341W	0.55612
6514	YBR007C	0.55602
6515	YJL144W	0.556
6516	YMR003W	0.55568
6517	YJL181W	0.55557
6518	YNL027W	0.55556
6519	YJR005C-A	0.55528
6520	YMR124W	0.55525
6521	YER038C	0.55512
6522	YPL077C	0.55502
6523	YFR017C	0.55488
6524	YDR446W	0.55485
6525	YLL065W	0.55419
6526	YER040W	0.55408
6527	YGL128C	0.55406
6528	YAL031C	0.55395
6529	YPL118W	0.55357
6530	YGL175C	0.55351
6531	YNL018C	0.55341
6532	YMR142C	0.55329
6533	YHR152W	0.55328
6534	YPR171W	0.55304
6535	YOR352W	0.55302
6536	YDR515W	0.55287
6537	YPL230W	0.55197
6538	YCL044C	0.55178
6539	YMR219W	0.5515
6540	YMR160W	0.55129
6541	YBR130C	0.55123
6542	YOR158W	0.55107
6543	YGR071C	0.55091
6544	YIL122W	0.55066
6545	YBR255W	0.55003
6546	YNL034W	0.54998
6547	YML009C-A	0.54975
6548	YDR181C	0.54967
6549	YDR439W	0.54896
6550	YDR113C	0.54893
6551	YKL112W	0.54887
6552	YLR273C	0.54879
6553	YER044C-A	0.54822
6554	YLR445W	0.54774
6555	YAL024C	0.54758
6556	YKL065W-A	0.54737
6557	YOR359W	0.54697
6558	YJR083C	0.54677
6559	YDL223C	0.54668
6560	YDR207C	0.54664
6561	YAL047C	0.54644
6562	YMR144W	0.54577
6563	YBR063C	0.54499
6564	YOR062C	0.54463
6565	YOR023C	0.54454
6566	YPL055C	0.54441
6567	YGR153W	0.54441
6568	YER158C	0.54434
6569	YMR270C	0.54432
6570	YGR113W	0.54424
6571	YGL057C	0.54373
6572	YOR255W	0.54359
6573	YOR066W	0.54294
6574	YPL014W	0.54292
6575	YDL186W	0.54271
6576	YBR047W	0.54267
6577	YGL021W	0.54244
6578	YBR050C	0.54155
6579	YLR394W	0.54141
6580	YKL093W	0.54089
6581	YLR030W	0.54053
6582	YNL311C	0.54044
6583	YER155C	0.5402
6584	YMR086W	0.54011
6585	YPL158C	0.53978
6586	YKL185W	0.53891
6587	YDL076C	0.53872
6588	YMR036C	0.5385
6589	YNL214W	0.53828
6590	YPL223C	0.53821
6591	YPR078C	0.53814
6592	YMR075W	0.53793
6593	YDR219C	0.53746
6594	YDR227W	0.53735
6595	YFR046C	0.53718
6596	YHR160C	0.53699
6597	YGL023C	0.53695
6598	YPR005C	0.5365
6599	YGR273C	0.53614
6600	YER104W	0.53604
6601	YBR076W	0.5359
6602	YBR203W	0.53587
6603	YDR351W	0.53531
6604	YHR054C	0.53486
6605	YCL063W	0.53384
6606	YDR130C	0.53333
6607	YML053C	0.53255
6608	YDR239C	0.53235
6609	YJL162C	0.53234
6610	YPL071C	0.53215
6611	YPR046W	0.53148
6612	YDR028C	0.53073
6613	YGR239C	0.53037
6614	YJL185C	0.53022
6615	YIL146C	0.52927
6616	YPR158W	0.52901
6617	YBR165W	0.52897
6618	YKL042W	0.52888
6619	YJL051W	0.52803
6620	YLR223C	0.52796
6621	YOR324C	0.52765
6622	YDR275W	0.52754
6623	YMR273C	0.52676
6624	YGR035C	0.52667
6625	YPL068C	0.52664
6626	YMR255W	0.52633
6627	YER130C	0.52565
6628	YLR053C	0.52527
6629	YGR126W	0.52522
6630	YDR022C	0.52519
6631	YLR102C	0.52407
6632	YPL066W	0.52355
6633	YPL255W	0.52312
6634	YBR095C	0.52283
6635	YKR022C	0.52233
6636	YDR184C	0.52192
6637	YHR157W	0.52141
6638	YML091C	0.5214
6639	YDR223W	0.52125
6640	YNL076W	0.52072
6641	YFL012W	0.52069
6642	YPL089C	0.5199
6643	YGL222C	0.519
6644	YDR249C	0.51759
6645	YOR372C	0.51698
6646	YPR065W	0.51624
6647	YOR044W	0.5157
6648	YOL036W	0.51566
6649	YML109W	0.51425
6650	YDL180W	0.51394
6651	YIL135C	0.51389
6652	YNL233W	0.51363
6653	YBR156C	0.51345
6654	YML112W	0.51198
6655	YBL031W	0.51179
6656	YJL089W	0.51167
6657	YMR175W	0.51105
6658	YNL074C	0.51068
6659	YER167W	0.51052
6660	YKL023C-A	0.50989
6661	YPR008W	0.50892
6662	YHR014W	0.5082
6663	YMR037C	0.50796
6664	YGR221C	0.50777
6665	YKR077W	0.50649
6666	YER124C	0.50595
6667	YER106W	0.50562
6668	YKL105C	0.50549
6669	YJL161W	0.5045
6670	YDR186C	0.50331
6671	YJL147C	0.50319
6672	YOL106W	0.50299
6673	YPL121C	0.5029
6674	YBR045C	0.50286
6675	YPR145C-A	0.50153
6676	YIR025W	0.50132
6677	YGL015C	0.50117
6678	YBR071W	0.50011
6679	YDR528W	0.49841
6680	YPL267W	0.49818
6681	YLR049C	0.49736
6682	YBR211C	0.49731
6683	YLR257W	0.49563
6684	YPL180W	0.49556
6685	YPL159C	0.49549
6686	YNL188W	0.49511
6687	YHR061C	0.49465
6688	YML003W	0.49366
6689	YNL078W	0.49157
6690	YMR206W	0.49139
6691	YDR085C	0.49074
6692	YML119W	0.48997
6693	YER033C	0.48539
6694	YDR480W	0.48526
6695	YML006C	0.48303
6696	YMR136W	0.48301
6697	YPL124W	0.48138
6698	YBR285W	0.48118
6699	YFR036W	0.48031
6700	YNR010W	0.4799
6701	YOR279C	0.47979
6702	YNL146W	0.47842
6703	YOR315W	0.47597
6704	YDR309C	0.47582
6705	YPL229W	0.47476
6706	YKL109W	0.47457
6707	YGL036W	0.474
6708	YBL081W	0.47152
6709	YPR083W	0.47075
6710	YLR457C	0.46976
6711	YER180C	0.46589
6712	YMR252C	0.46458
6713	YHR185C	0.46392
6714	YMR181C	0.46313
6715	Q0140	0.46298
6716	YER032W	0.46132
6717	YIL152W	0.46097
6718	YGL170C	0.45721
6719	Q0032	0.45036
6720	YKR075C	0.44546
6721	YER079W	0.4448
6722	YBR157C	0.43333
6723	YBR138C	0.4266
6724	YMR081C	0.42394
6725	YDL007C-A	0.41965
6726	YGR146C	0.40399
6727	YJR094C	0.3952
6728	YDL204W-A	0.30931
6729	YNL040C-A	0.30931
6730	YNL155C-A	0.30931
6731	YMR106W-A	0.30931
6732	YFR035W-A	0.30931
6733	YGR016C-A	0.30931
