rank	yeast_gene	cosine
1	YFL066C	0.96468
2	YER072W	0.94402
3	YEL013W	0.94329
4	YPR204W	0.9409
5	YGL008C	0.93801
6	YFL026W	0.93794
7	YPL036W	0.93748
8	YEL077C	0.93673
9	YIL143C	0.93501
10	YBL112C	0.93321
11	YHR218W-A	0.93321
12	YNL006W	0.93292
13	YKR059W	0.93202
14	YOR257W	0.93183
15	YER039C	0.93172
16	YLR466W	0.93132
17	YGL225W	0.9312
18	YLR229C	0.93098
19	YER148W	0.92983
20	YMR109W	0.92944
21	YPR165W	0.92896
22	YDR021W	0.92837
23	YPR016C	0.92793
24	YER025W	0.92757
25	YLR113W	0.92681
26	YGR252W	0.92644
27	YJR065C	0.9264
28	YKL190W	0.92615
29	YKL129C	0.92597
30	YNL290W	0.92558
31	YHR128W	0.92533
32	YER081W	0.92458
33	YOR061W	0.92452
34	YCR047C	0.9244
35	YER069W	0.92434
36	YDR091C	0.92409
37	YDR129C	0.92381
38	YER177W	0.92357
39	YPL266W	0.92342
40	YHR218W	0.92298
41	YOR046C	0.92257
42	YDR099W	0.92219
43	YAL064C-A	0.92169
44	YJL050W	0.92165
45	YBL026W	0.92073
46	YOR204W	0.92007
47	YHL016C	0.91936
48	YIL074C	0.91908
49	YPR182W	0.9189
50	YFL039C	0.9189
51	YFL058W	0.91886
52	YJR156C	0.91882
53	YNL332W	0.91878
54	YJL108C	0.91876
55	YKL146W	0.91844
56	YDL244W	0.9183
57	YOR378W	0.91809
58	YMR015C	0.91781
59	YOR270C	0.91778
60	YNR053C	0.91758
61	YPL119C	0.91697
62	YDL006W	0.91686
63	YGL255W	0.91586
64	YCL009C	0.91543
65	YER171W	0.91521
66	YGR210C	0.91487
67	YBR164C	0.9147
68	YDR339C	0.91458
69	YDR540C	0.91442
70	YLL067C	0.91381
71	YKL196C	0.91363
72	YEL027W	0.91351
73	YHR092C	0.91339
74	YBL016W	0.91333
75	YMR290C	0.91268
76	YDR343C	0.91261
77	YDR342C	0.91238
78	YJR007W	0.9123
79	YEL031W	0.91179
80	YCR098C	0.91177
81	YMR146C	0.91167
82	YER190W	0.91126
83	YDL192W	0.91124
84	YGL091C	0.91109
85	YBR080C	0.91085
86	YBL111C	0.91042
87	YNL112W	0.91041
88	YNL191W	0.91039
89	YDL137W	0.91035
90	YOR293W	0.91023
91	YOR327C	0.90999
92	YBR154C	0.90983
93	YCR009C	0.90975
94	YML012W	0.90959
95	YJL014W	0.90959
96	YDR345C	0.90955
97	YPL218W	0.90945
98	YPR173C	0.90925
99	YER052C	0.9092
100	YEL051W	0.90909
101	YKL218C	0.90906
102	YHR096C	0.90871
103	YBR114W	0.90865
104	YDL001W	0.90843
105	YLR081W	0.90792
106	YNR026C	0.90792
107	YPL086C	0.90791
108	YMR230W	0.90783
109	YLR330W	0.90728
110	YDL166C	0.90708
111	YBL030C	0.90666
112	YOL094C	0.90655
113	YAR062W	0.90639
114	YHR213W	0.90639
115	YML018C	0.9062
116	YLL066C	0.90588
117	YPL235W	0.90583
118	YJL214W	0.90564
119	YLR175W	0.90563
120	YNL189W	0.90559
121	YKR094C	0.90532
122	YIL148W	0.90532
123	YJL164C	0.90527
124	YML133C	0.90515
125	YIL177C	0.9051
126	YNL090W	0.90503
127	YHR030C	0.90478
128	YPL094C	0.9047
129	YPL050C	0.90463
130	YHR094C	0.90448
131	YJL225C	0.90441
132	YOR197W	0.90424
133	YAL005C	0.90424
134	YMR034C	0.90396
135	YFL017W-A	0.90393
136	YOL038W	0.90371
137	YMR011W	0.90369
138	YHL040C	0.90367
139	YDR341C	0.90367
140	YDL245C	0.90355
141	YHL047C	0.90331
142	YGL210W	0.90328
143	YBL075C	0.90328
144	YGL087C	0.90326
145	YPL203W	0.90315
146	YML123C	0.9031
147	YAL026C	0.90284
148	YCR057C	0.90271
149	YGL011C	0.90271
150	YBR082C	0.90264
151	YEL069C	0.90242
152	YFL011W	0.90212
153	YNR072W	0.90199
154	YJR158W	0.90198
155	YOR094W	0.90196
156	YLL024C	0.90186
157	YOL021C	0.9018
158	YOR157C	0.9018
159	YEL034W	0.90177
160	YKR002W	0.90177
161	YER055C	0.90171
162	YDR375C	0.90159
163	YKR039W	0.90154
164	YDL126C	0.90144
165	YJL219W	0.90139
166	YDR001C	0.90132
167	YGL120C	0.90128
168	YNR032C-A	0.90118
169	YER007C-A	0.90117
170	YOL156W	0.90114
171	YKR080W	0.90104
172	YGR282C	0.90104
173	YDR059C	0.90096
174	YJR153W	0.90094
175	YOL162W	0.90093
176	YPR183W	0.90074
177	YGR231C	0.9007
178	YPL093W	0.90063
179	YFL055W	0.90061
180	YJL012C	0.90027
181	YNL209W	0.90024
182	YKL104C	0.90009
183	YDR536W	0.89997
184	YHL050C	0.89996
185	YBR085W	0.89977
186	YPL129W	0.89976
187	YBR143C	0.89956
188	YBR296C	0.89946
189	YHR007C	0.89936
190	YDL055C	0.89909
191	YPL199C	0.899
192	YBL091C	0.89899
193	YER031C	0.89896
194	YCR010C	0.89895
195	YPR138C	0.89886
196	YIL048W	0.89883
197	YDL229W	0.89877
198	YGR040W	0.89862
199	YEL042W	0.89859
200	YIL170W	0.89857
201	YCL017C	0.89855
202	YER103W	0.89851
203	YBR106W	0.89844
204	YPL221W	0.89833
205	YNR003C	0.89827
206	YAL030W	0.89825
207	YBR160W	0.8981
208	YJL034W	0.89796
209	YGL062W	0.89792
210	YHR211W	0.8979
211	YER012W	0.89788
212	YPL245W	0.8978
213	YJL213W	0.89778
214	YNL132W	0.89775
215	YEL065W	0.89773
216	YBL022C	0.89772
217	YNL255C	0.8977
218	YER060W-A	0.89752
219	YGR132C	0.89741
220	YLR467W	0.89733
221	YOR396W	0.89733
222	YDR545W	0.89733
223	YBR235W	0.89732
224	YNL014W	0.89699
225	YLR375W	0.89693
226	YHR110W	0.89692
227	YML069W	0.89679
228	YLR438C-A	0.89676
229	YLL018C	0.89668
230	YOL066C	0.89644
231	YOR153W	0.89642
232	YML102W	0.89636
233	YGR267C	0.89636
234	YJR095W	0.8963
235	YLR130C	0.89619
236	YOR185C	0.8961
237	YOR092W	0.89601
238	YOR224C	0.89596
239	YLR005W	0.89587
240	YJR068W	0.89587
241	YER178W	0.89583
242	YHR200W	0.89582
243	YBR218C	0.89555
244	YDL140C	0.89547
245	YBR187W	0.89537
246	YDL182W	0.89506
247	YML001W	0.895
248	YBL078C	0.89493
249	YKL024C	0.8949
250	YNL010W	0.89484
251	YOL133W	0.8948
252	YER125W	0.89478
253	YLL050C	0.89476
254	YLR186W	0.89466
255	YBR241C	0.89463
256	YAR050W	0.89462
257	YJL128C	0.89461
258	YLR092W	0.89456
259	YLR058C	0.89455
260	YJL033W	0.89446
261	YMR080C	0.89441
262	YER159C	0.8944
263	YMR236W	0.89425
264	YGR152C	0.89418
265	YER056C	0.89417
266	YDL222C	0.89409
267	YDR353W	0.89401
268	YCR008W	0.89395
269	YJL001W	0.8939
270	YER145C	0.89387
271	YER020W	0.89382
272	YER133W	0.89379
273	YLR249W	0.89372
274	YNL339C	0.89368
275	YGR296W	0.89367
276	YPL283C	0.89366
277	YIL142W	0.89363
278	YHR148W	0.8936
279	YHR106W	0.89343
280	YLR293C	0.89335
281	YNL095C	0.89333
282	YDL047W	0.89326
283	YNL064C	0.89295
284	YMR241W	0.89275
285	YNR002C	0.89272
286	YLR359W	0.8927
287	YNL098C	0.89264
288	YGL167C	0.89258
289	YKR038C	0.89254
290	YLR289W	0.89248
291	YDR406W	0.89235
292	YDR232W	0.89227
293	YOL030W	0.89224
294	YPR052C	0.89222
295	YBR127C	0.89203
296	YMR203W	0.89196
297	YKL216W	0.89183
298	YNL113W	0.89179
299	YJR049C	0.89177
300	YKR042W	0.89169
301	YLR328W	0.89169
302	YER094C	0.89153
303	YLR028C	0.89152
304	YFL038C	0.89144
305	YBL041W	0.89136
306	YMR307W	0.89112
307	YDR373W	0.89112
308	YHR135C	0.8911
309	YOR326W	0.89109
310	YDR196C	0.89088
311	YDR172W	0.89081
312	YAL063C	0.89068
313	YNL066W	0.89055
314	YLR055C	0.89042
315	YDR238C	0.89042
316	YJR025C	0.89038
317	YGR121C	0.89026
318	YDL102W	0.89016
319	YGR286C	0.88995
320	YJL030W	0.88971
321	YEL011W	0.88965
322	YDR448W	0.88955
323	YDL201W	0.8895
324	YDL160C	0.8895
325	YLR167W	0.88939
326	YMR246W	0.88938
327	YMR300C	0.88927
328	YER060W	0.88919
329	YER107C	0.88899
330	YAR002C-A	0.88898
331	YER165W	0.88893
332	YNL268W	0.8888
333	YLR234W	0.88855
334	YDR075W	0.88838
335	YIL035C	0.88833
336	YBR294W	0.88833
337	YPR035W	0.88833
338	YCR073W-A	0.88827
339	YER166W	0.88825
340	YMR056C	0.88804
341	YGL256W	0.88799
342	YMR243C	0.8879
343	YJL198W	0.88787
344	YPL237W	0.88765
345	YGR229C	0.88761
346	YLR213C	0.88754
347	YGL099W	0.88746
348	YLR034C	0.88729
349	YOR006C	0.88727
350	YNL142W	0.88725
351	YOR004W	0.88714
352	YCL010C	0.88714
353	YDR388W	0.88712
354	YER009W	0.88702
355	YMR079W	0.88694
356	YDR011W	0.88678
357	YPL169C	0.88659
358	YGR105W	0.88654
359	YNL044W	0.88653
360	YGR218W	0.88648
361	YDR304C	0.88645
362	YDR510W	0.88637
363	YPR041W	0.88626
364	YPR194C	0.88621
365	YDR404C	0.88619
366	YNL277W	0.88618
367	YMR120C	0.88618
368	YPR033C	0.88614
369	YLR268W	0.88602
370	YJL026W	0.88596
371	YDR167W	0.88596
372	YMR205C	0.88595
373	YDR023W	0.88587
374	YOL097C	0.88586
375	YPL246C	0.88584
376	YLR397C	0.88583
377	YEL063C	0.88571
378	YML008C	0.88566
379	YJL008C	0.88564
380	YJL116C	0.8856
381	YGR211W	0.8855
382	YBL071W-A	0.88539
383	YNL288W	0.88536
384	YFR004W	0.8853
385	YPR103W	0.88515
386	YJL167W	0.8851
387	YDL097C	0.88507
388	YDR039C	0.88504
389	YLR326W	0.88504
390	YPL259C	0.88497
391	YBR222C	0.88495
392	YLR193C	0.88489
393	YIL123W	0.88475
394	YDR040C	0.88475
395	YDL210W	0.88473
396	YPR110C	0.8847
397	YLR355C	0.88466
398	Q0130	0.88461
399	YFR053C	0.88448
400	YBR121C	0.88448
401	YPR113W	0.88444
402	YFL045C	0.88439
403	YLR244C	0.88435
404	YHR018C	0.88431
405	YGL115W	0.88424
406	YMR221C	0.88421
407	YGL139W	0.8842
408	YMR305C	0.88419
409	YBR089C-A	0.88414
410	YOR380W	0.88407
411	YKL001C	0.88405
412	YEL026W	0.88401
413	YIL003W	0.884
414	YCL025C	0.88397
415	YBR287W	0.88392
416	YHR089C	0.88374
417	YKR102W	0.88372
418	YDR038C	0.88364
419	YKL113C	0.88364
420	YJL143W	0.88363
421	YDL131W	0.88361
422	YBL113C	0.8836
423	YKR068C	0.88356
424	YBR170C	0.88352
425	YPL051W	0.88351
426	YBR126C	0.88346
427	YDL084W	0.88346
428	YJR045C	0.88342
429	YDL014W	0.88341
430	YML064C	0.88336
431	YOR347C	0.88329
432	YJR047C	0.88326
433	YKL148C	0.88325
434	YLR258W	0.88315
435	YLR208W	0.88314
436	YNL123W	0.88313
437	YFR014C	0.88312
438	YDR155C	0.88311
439	YKL033W-A	0.88306
440	YNL104C	0.88297
441	YNL125C	0.88288
442	YPL175W	0.88285
443	YKL166C	0.88284
444	YBR043C	0.88281
445	YGR279C	0.88281
446	YLR121C	0.88279
447	YOL132W	0.88268
448	YGR185C	0.88266
449	YGR123C	0.88257
450	YIL009W	0.88256
451	YDR519W	0.88255
452	YFL005W	0.88252
453	YDL164C	0.88248
454	YNL241C	0.88247
455	YDL168W	0.88241
456	YJL045W	0.88239
457	YCR068W	0.88239
458	YJR072C	0.88234
459	YJL190C	0.88231
460	YGL253W	0.8823
461	YDR158W	0.88228
462	YHR057C	0.88227
463	YEL040W	0.88225
464	YEL030W	0.88223
465	YHR070W	0.88216
466	YNL270C	0.88213
467	YEL060C	0.88213
468	YOL122C	0.88213
469	YLR170C	0.88212
470	YPL058C	0.8821
471	YHR065C	0.88203
472	YOR089C	0.88202
473	YPL234C	0.88188
474	YLR277C	0.88177
475	YBR054W	0.88167
476	YOR108W	0.88161
477	YPL204W	0.88158
478	YPL244C	0.88158
479	YNL154C	0.88153
480	YNL330C	0.88149
481	YMR108W	0.88148
482	YBR001C	0.88144
483	YHR170W	0.88138
484	YNL244C	0.88137
485	YIL020C	0.88133
486	YPL276W	0.88133
487	YGL208W	0.88132
488	YIL078W	0.88129
489	YPL106C	0.88114
490	YDL100C	0.88107
491	YAL023C	0.88106
492	YKR097W	0.88097
493	YER119C	0.88097
494	YJR148W	0.88085
495	YLR200W	0.88081
496	YBR109C	0.88076
497	YPR086W	0.88074
498	YLR420W	0.88062
499	YER089C	0.88046
500	YLR367W	0.88044
501	YDL128W	0.88039
502	YER086W	0.88025
503	YDR185C	0.88016
504	YOL143C	0.88016
505	YDR190C	0.88014
506	YLL063C	0.88014
507	YOR328W	0.87998
508	YPL283W-A	0.87997
509	YNL339W-A	0.87997
510	YGR296C-A	0.87997
511	YER190C-A	0.87997
512	YML133W-A	0.87997
513	YLR303W	0.87995
514	YOR122C	0.8798
515	YKL003C	0.8798
516	YLR433C	0.87975
517	YGR246C	0.87953
518	YGL070C	0.87951
519	YFR015C	0.87946
520	YKL164C	0.87942
521	YJR143C	0.87939
522	YMR266W	0.87938
523	YOR317W	0.87934
524	YBR038W	0.87928
525	YIR019C	0.87903
526	YDL134C	0.87901
527	YLR324W	0.87892
528	YGL002W	0.8789
529	YOR027W	0.8789
530	YBR078W	0.87881
531	YJL055W	0.87876
532	YBR298C	0.87875
533	YOR161C	0.87859
534	YAL038W	0.87858
535	YOR362C	0.87855
536	YLR195C	0.87855
537	YDL208W	0.87854
538	YKR013W	0.87853
539	YLR152C	0.87853
540	YGR191W	0.87849
541	YPR062W	0.87845
542	YOR187W	0.87841
543	YJL218W	0.87841
544	YOR202W	0.87836
545	YGR020C	0.87826
546	YHR208W	0.87822
547	YDR397C	0.87813
548	YGR253C	0.87812
549	YIL169C	0.87804
550	YDR002W	0.87797
551	YOR298C-A	0.87784
552	YPL231W	0.87774
553	YHR019C	0.87768
554	YER070W	0.87764
555	YDR116C	0.8776
556	YGL252C	0.87756
557	YEL036C	0.87753
558	YER006W	0.87747
559	YJR077C	0.87743
560	YEL046C	0.87741
561	YMR008C	0.87734
562	YNR034W	0.87733
563	YKL217W	0.87723
564	YOR217W	0.8772
565	YBR169C	0.87717
566	YNR013C	0.87715
567	YJR001W	0.87708
568	YOR151C	0.87706
569	YER026C	0.87705
570	YBR249C	0.87702
571	YBL003C	0.87702
572	YLR438W	0.87695
573	YDR225W	0.87691
574	YDR454C	0.87688
575	YJL079C	0.87666
576	YGL048C	0.87666
577	YHR107C	0.87658
578	YFR009W	0.87656
579	YER090W	0.87654
580	YEL058W	0.87654
581	YHR005C	0.87649
582	YER099C	0.87648
583	YKL210W	0.87642
584	YHR012W	0.87638
585	YAR073W	0.87635
586	YGR055W	0.87634
587	YMR202W	0.87624
588	YGR208W	0.87622
589	YNL135C	0.87621
590	YGR100W	0.8762
591	YDL095W	0.87618
592	YDR033W	0.87615
593	YKL059C	0.87607
594	YML057W	0.87598
595	YGR060W	0.87596
596	YGL078C	0.87591
597	YAL042W	0.87589
598	YMR260C	0.87578
599	YOL084W	0.87571
600	YBR295W	0.87571
601	YKR050W	0.87568
602	YOL151W	0.87546
603	YDR090C	0.87545
604	YPL061W	0.87543
605	YPL226W	0.87538
606	YBR286W	0.87517
607	YBR034C	0.87511
608	YGL100W	0.8751
609	YBR196C	0.87493
610	YLR153C	0.8749
611	YKL035W	0.87477
612	YOR128C	0.8747
613	YCR021C	0.87458
614	YPL154C	0.87456
615	YGR043C	0.87452
616	YBL036C	0.87447
617	YBL029C-A	0.87439
618	YCR072C	0.87435
619	YDL022W	0.87432
620	YBL024W	0.87431
621	YOR259C	0.87428
622	YHR050W	0.87421
623	YOR323C	0.87418
624	YJL208C	0.87415
625	YGL119W	0.87414
626	YLL039C	0.87413
627	YGR240C	0.87411
628	YNL061W	0.87409
629	YDR037W	0.87393
630	YPL031C	0.87384
631	YLR060W	0.87377
632	YML106W	0.87371
633	YDL108W	0.87362
634	YGL200C	0.87357
635	YDR046C	0.87357
636	YGR010W	0.87356
637	YML080W	0.87349
638	YDR321W	0.87347
639	YJL159W	0.87341
640	YBR252W	0.87333
641	YHL011C	0.87321
642	YFR047C	0.8732
643	YLR237W	0.8731
644	YER036C	0.8731
645	YBR214W	0.87307
646	YBR263W	0.87303
647	YMR215W	0.87293
648	YIR042C	0.87287
649	YGL201C	0.87286
650	YMR244W	0.8728
651	YFL056C	0.87276
652	YLR286C	0.87262
653	YMR058W	0.87252
654	YOR099W	0.87248
655	YIL121W	0.87245
656	YGR281W	0.87241
657	YPL043W	0.87238
658	YGR048W	0.87236
659	YHR068W	0.87229
660	YLR134W	0.87216
661	YNL138W	0.87215
662	YBL021C	0.87209
663	YIL116W	0.87206
664	YIL021W	0.87205
665	YLR168C	0.87203
666	YOR357C	0.87197
667	YOL068C	0.87188
668	YOL158C	0.87186
669	YLR259C	0.87182
670	YBR234C	0.8718
671	YNR055C	0.87179
672	YGL122C	0.87177
673	YBL105C	0.87172
674	YJL121C	0.87164
675	YIL066C	0.87162
676	YGR207C	0.87158
677	YDR392W	0.87149
678	YDR424C	0.87138
679	YDL188C	0.87134
680	YER019W	0.87128
681	YOR117W	0.87122
682	YKR093W	0.87116
683	YDR394W	0.87111
684	YNL329C	0.87108
685	YLR172C	0.87107
686	YDR508C	0.87106
687	YOR388C	0.87101
688	YBR011C	0.87099
689	YLR120C	0.87087
690	YKL002W	0.87084
691	YGL097W	0.87084
692	YGL077C	0.87083
693	YJR073C	0.87072
694	YNR065C	0.8707
695	YMR084W	0.87066
696	YMR054W	0.87062
697	YDR041W	0.87058
698	YKR026C	0.87058
699	YOR358W	0.87051
700	YHR064C	0.8705
701	YML124C	0.87047
702	YHL015W	0.87044
703	YOR348C	0.87038
704	YJR152W	0.87036
705	YPL208W	0.87036
706	YOR087W	0.87032
707	YBR261C	0.87027
708	YPR069C	0.87016
709	YNL231C	0.87015
710	YMR276W	0.87013
711	YDR328C	0.8701
712	YPR019W	0.87008
713	YIL001W	0.87005
714	YEL021W	0.87005
715	YHR144C	0.87001
716	YLR147C	0.86993
717	YBR256C	0.86985
718	YBL057C	0.86985
719	YAL060W	0.86976
720	YDR398W	0.86975
721	YKL013C	0.86971
722	YDL052C	0.86964
723	YMR071C	0.86962
724	YEL066W	0.86958
725	YDR300C	0.86954
726	YIR028W	0.8694
727	YPL264C	0.86939
728	YPR080W	0.86939
729	YLR044C	0.86938
730	YAL061W	0.86937
731	YLR069C	0.86933
732	YDL064W	0.86912
733	YOL080C	0.8691
734	YOR168W	0.86904
735	YJL171C	0.86898
736	YGL001C	0.86895
737	YBL068W	0.86893
738	YDL086W	0.86892
739	YER027C	0.86892
740	YNL259C	0.86892
741	YNL202W	0.86881
742	YAL053W	0.86879
743	YCL040W	0.86875
744	YML075C	0.86869
745	YDR092W	0.86868
746	YMR303C	0.86866
747	YMR279C	0.86848
748	YDL243C	0.86837
749	YGR004W	0.86835
750	YNL175C	0.86831
751	YLR137W	0.86826
752	YPR145W	0.86821
753	YAR015W	0.8682
754	YOR381W	0.86819
755	YGR175C	0.86817
756	YDL125C	0.86812
757	YPL015C	0.86811
758	YJR063W	0.86808
759	YJL111W	0.86803
760	YDL007W	0.86802
761	YER179W	0.86801
762	YBL042C	0.86801
763	YKL145W	0.86797
764	YDR083W	0.86792
765	YMR116C	0.86791
766	YPL187W	0.86789
767	YDR497C	0.86788
768	YJL087C	0.86778
769	YOR131C	0.8677
770	YEL064C	0.86769
771	YPR088C	0.86769
772	YLL026W	0.86768
773	YKL027W	0.86767
774	YKL078W	0.86761
775	YIL109C	0.8676
776	YKL163W	0.86756
777	YMR285C	0.86752
778	YMR183C	0.86751
779	YHR029C	0.86751
780	YML085C	0.86741
781	YJL094C	0.86726
782	YLR447C	0.86722
783	YLR181C	0.86722
784	YGR155W	0.86715
785	YDR093W	0.86712
786	YFR044C	0.86711
787	YGR189C	0.86708
788	YCL073C	0.86703
789	YGL130W	0.867
790	YGR197C	0.86699
791	YLR216C	0.86695
792	YCR037C	0.86691
793	YIR031C	0.86688
794	YDL046W	0.86686
795	YBR015C	0.86683
796	YFR031C	0.86681
797	YFL067W	0.86679
798	YJL041W	0.86675
799	YLR304C	0.86673
800	YLR429W	0.86669
801	YBL099W	0.86669
802	YJL035C	0.86668
803	YOL086C	0.86667
804	YJR105W	0.86653
805	YPR081C	0.86651
806	YGL163C	0.86649
807	YBR162C	0.86642
808	YPL111W	0.8664
809	YGR065C	0.86637
810	YDR294C	0.86637
811	YNL222W	0.86625
812	YMR288W	0.86612
813	YKR106W	0.86605
814	YMR301C	0.86603
815	YNR060W	0.86601
816	YNR070W	0.86601
817	YDR264C	0.866
818	YFR028C	0.86597
819	YGL026C	0.86592
820	YLR384C	0.8659
821	YLR017W	0.86589
822	YGR256W	0.86583
823	YER057C	0.86576
824	YGR173W	0.86574
825	YGL190C	0.86571
826	YPR160W	0.86569
827	YMR217W	0.86567
828	YPR192W	0.86561
829	YHR027C	0.86558
830	YKL117W	0.86557
831	YNL331C	0.86555
832	YMR292W	0.86552
833	YOL129W	0.86539
834	YOR159C	0.86537
835	YOR196C	0.86534
836	YLR074C	0.86529
837	YDR291W	0.86526
838	YDR120C	0.86524
839	YGR289C	0.86518
840	YIL118W	0.86517
841	YLR347C	0.86515
842	YHL003C	0.86513
843	YPL131W	0.86513
844	YMR194C-B	0.86513
845	YHR132C	0.86503
846	YBR291C	0.86502
847	YHR183W	0.86501
848	YLR398C	0.86486
849	YBL039C	0.86483
850	YCR059C	0.86481
851	YDR234W	0.86471
852	YPR181C	0.86469
853	YPR108W	0.86467
854	YBR020W	0.86455
855	YER143W	0.86455
856	YLR059C	0.86453
857	YBR019C	0.86447
858	YGR028W	0.86443
859	YDR074W	0.8644
860	YDR062W	0.86436
861	YPR051W	0.86434
862	YHR074W	0.86434
863	YCR028C	0.86433
864	YBR245C	0.86429
865	YPL184C	0.86427
866	YDR055W	0.86413
867	YBL007C	0.86413
868	YKL220C	0.86412
869	YDR214W	0.86404
870	YPL265W	0.86399
871	YLR129W	0.86399
872	YML021C	0.86395
873	YNL264C	0.86393
874	YNR020C	0.8639
875	YIR002C	0.86379
876	YHR031C	0.86367
877	YLR138W	0.86362
878	YCL018W	0.86356
879	YJR160C	0.86351
880	YOR192C	0.86346
881	YJR151C	0.86344
882	YJR069C	0.86342
883	YGR163W	0.86341
884	YJR014W	0.86339
885	YNL099C	0.86338
886	YAL036C	0.86333
887	YGL022W	0.86321
888	YBR145W	0.86319
889	YOR321W	0.86318
890	YBR068C	0.86306
891	YPL212C	0.86302
892	YGR135W	0.863
893	YGL211W	0.86297
894	YIL053W	0.86291
895	YEL041W	0.86276
896	YGL224C	0.86275
897	YER062C	0.86274
898	YLL056C	0.86273
899	YPL274W	0.86269
900	YNL323W	0.86269
901	YKL039W	0.86267
902	YBR088C	0.86264
903	YMR268C	0.86262
904	YMR314W	0.86259
905	YNL093W	0.86259
906	YDR226W	0.86255
907	YFR055W	0.86246
908	YLL055W	0.86241
909	YAL062W	0.86237
910	YDL037C	0.86236
911	YIL010W	0.86232
912	YOR316C	0.86231
913	YIL043C	0.86227
914	YGR094W	0.86225
915	YPL232W	0.86224
916	YGL039W	0.86222
917	YMR224C	0.86219
918	YBR243C	0.86215
919	YDL049C	0.86214
920	YJR124C	0.86208
921	YBL076C	0.86207
922	YLR354C	0.86205
923	YJR017C	0.86201
924	YDR258C	0.86191
925	YER095W	0.8619
926	YGR124W	0.8618
927	YIL120W	0.86179
928	YLR189C	0.86177
929	YPR167C	0.86176
930	YNL108C	0.86167
931	YAL054C	0.86164
932	YDR045C	0.86163
933	YLR432W	0.86161
934	YKL107W	0.86156
935	YKL152C	0.86147
936	YJL136C	0.86146
937	YGL148W	0.86145
938	YFL041W	0.8614
939	YPL153C	0.86137
940	YIL162W	0.86129
941	YJR139C	0.86122
942	YGR087C	0.86119
943	YOL112W	0.86116
944	YER074W-A	0.86112
945	YML056C	0.86108
946	YNL232W	0.86098
947	YOR086C	0.86096
948	YOL058W	0.86094
949	YDR212W	0.86091
950	YDR224C	0.86087
951	YNR048W	0.86087
952	YIL088C	0.86085
953	YNR019W	0.86084
954	YMR271C	0.86081
955	YGL058W	0.86079
956	YHR042W	0.86078
957	YKR018C	0.86077
958	YAL067C	0.86075
959	YLR155C	0.86074
960	YLR160C	0.86074
961	YLR157C	0.86074
962	YLR158C	0.86074
963	YOR283W	0.86065
964	YOR007C	0.86062
965	YBR021W	0.8605
966	YCR011C	0.86049
967	YOR243C	0.86047
968	YGR264C	0.86047
969	YPL240C	0.86045
970	YMR226C	0.86037
971	YHR026W	0.86028
972	YBR132C	0.86019
973	YKR062W	0.86014
974	YNL275W	0.86013
975	YCR017C	0.86005
976	YGR159C	0.85995
977	YDR402C	0.85994
978	YLL060C	0.85991
979	YPL213W	0.85991
980	YOL139C	0.85987
981	YOL012C	0.85986
982	YPL010W	0.85971
983	YOL103W	0.8597
984	YBR117C	0.85967
985	YGL017W	0.85964
986	YOL125W	0.85961
987	YNL021W	0.8596
988	YGL137W	0.8596
989	YLR291C	0.85958
990	YMR143W	0.85952
991	YDL083C	0.85952
992	YOR241W	0.85948
993	YNR050C	0.85948
994	YOL005C	0.85948
995	YDL029W	0.85944
996	YOR155C	0.85939
997	YDR121W	0.85939
998	YNL117W	0.85938
999	YEL037C	0.85924
1000	YLR220W	0.85917
1001	YOR101W	0.85915
1002	YDL036C	0.85914
1003	YCL059C	0.85913
1004	YNR043W	0.8591
1005	YGL157W	0.85903
1006	YER043C	0.85903
1007	YBR159W	0.85903
1008	YLL008W	0.85895
1009	YBR267W	0.85894
1010	YBL002W	0.85893
1011	YNL274C	0.85889
1012	YML035C	0.85886
1013	YMR186W	0.85874
1014	YNR064C	0.85873
1015	YHR005C-A	0.8587
1016	YGL221C	0.85869
1017	YDR135C	0.85868
1018	YNL287W	0.85856
1019	YGL006W	0.85853
1020	YJR159W	0.85852
1021	YFR048W	0.8585
1022	YOL016C	0.85847
1023	YGL207W	0.85846
1024	YIL166C	0.85844
1025	YCL030C	0.8584
1026	YPL028W	0.85839
1027	YML078W	0.85838
1028	YLR008C	0.85838
1029	YDL212W	0.85831
1030	YDR541C	0.8583
1031	YJL174W	0.85819
1032	YDR483W	0.85815
1033	YAL020C	0.85814
1034	YDR456W	0.8581
1035	YHR193C	0.85807
1036	YPR186C	0.85806
1037	YOR145C	0.85805
1038	YBL106C	0.85804
1039	YKL213C	0.85803
1040	YCR027C	0.85799
1041	YER015W	0.85799
1042	YHR032W	0.85796
1043	YPR176C	0.85796
1044	YDL246C	0.85795
1045	YAL035W	0.85791
1046	YOR071C	0.8579
1047	YFR051C	0.85789
1048	YOL075C	0.85787
1049	YNL020C	0.8578
1050	YDR139C	0.85776
1051	YNL281W	0.85776
1052	YNL007C	0.85773
1053	YIL064W	0.85773
1054	YLR241W	0.85769
1055	YML067C	0.85768
1056	YNL335W	0.85757
1057	YFL061W	0.85757
1058	YOL110W	0.85746
1059	YGL171W	0.85743
1060	YOR375C	0.85733
1061	YLR451W	0.85728
1062	YBR008C	0.85725
1063	YML094W	0.85723
1064	YLR411W	0.85715
1065	YFR010W	0.85714
1066	YML010W	0.85709
1067	YOR095C	0.85708
1068	YNL111C	0.85704
1069	YHL036W	0.85703
1070	YML101C	0.85698
1071	YCR020C-A	0.85697
1072	YJL217W	0.85689
1073	YLR410W	0.85683
1074	YJR024C	0.85676
1075	YPR074C	0.85672
1076	YKR056W	0.85669
1077	YJL212C	0.85665
1078	YKL046C	0.85662
1079	YIL094C	0.85656
1080	YGR085C	0.85651
1081	YGL030W	0.85649
1082	YLR340W	0.85648
1083	YHR216W	0.85645
1084	YBL023C	0.85629
1085	YBR198C	0.85628
1086	YLR209C	0.85624
1087	YBR248C	0.85624
1088	YKR057W	0.85616
1089	YGL047W	0.85616
1090	YPR056W	0.85614
1091	YLR348C	0.85606
1092	YDR539W	0.85598
1093	YLR011W	0.85597
1094	YKL120W	0.85586
1095	YCL036W	0.85585
1096	YDR297W	0.85583
1097	YDR516C	0.85582
1098	YBR087W	0.8558
1099	YLL061W	0.85577
1100	YPR131C	0.85574
1101	YPL135W	0.85571
1102	YPL151C	0.85567
1103	YOR133W	0.8556
1104	YMR083W	0.85556
1105	YGL232W	0.85555
1106	YIL065C	0.85554
1107	YDL135C	0.85542
1108	YOR181W	0.85542
1109	YFL057C	0.85541
1110	YLR245C	0.85541
1111	YML092C	0.85541
1112	YKL028W	0.8554
1113	YOR361C	0.85537
1114	YBR202W	0.85529
1115	YPL281C	0.85526
1116	YOR393W	0.85526
1117	YLR399C	0.85524
1118	YMR239C	0.8551
1119	YOL077C	0.85508
1120	YBL032W	0.85508
1121	YKL184W	0.85506
1122	YPL127C	0.85506
1123	YPL013C	0.85505
1124	YLR243W	0.85503
1125	YBR264C	0.855
1126	YGL012W	0.85494
1127	YOR236W	0.8549
1128	YAL009W	0.85488
1129	YDL144C	0.85485
1130	YOL090W	0.85483
1131	YBR006W	0.85471
1132	YBR073W	0.8547
1133	YAL029C	0.85467
1134	YDR013W	0.85465
1135	YOR304W	0.85462
1136	YOR048C	0.85462
1137	YKL069W	0.85461
1138	YIR022W	0.85457
1139	YGL135W	0.85456
1140	YPL220W	0.85456
1141	YER110C	0.85449
1142	YHR169W	0.85449
1143	YOR074C	0.85446
1144	YGR181W	0.85445
1145	YDL042C	0.8544
1146	YOR109W	0.85438
1147	YJR015W	0.85435
1148	YER073W	0.85434
1149	YNL194C	0.85428
1150	YEL032W	0.85427
1151	YIL160C	0.85416
1152	YMR323W	0.85415
1153	YAL044W-A	0.85413
1154	YEL020C	0.85411
1155	YMR222C	0.85407
1156	YMR297W	0.85405
1157	YMR319C	0.85403
1158	YDL247W	0.85402
1159	YDR111C	0.85401
1160	YJL060W	0.85391
1161	YKL144C	0.85385
1162	YHR163W	0.85382
1163	YAL039C	0.85359
1164	YGL234W	0.85351
1165	YNL082W	0.85351
1166	YGL054C	0.85342
1167	YMR022W	0.8534
1168	YMR235C	0.85337
1169	YPR102C	0.85334
1170	YNL200C	0.85333
1171	YDR534C	0.85313
1172	YDL103C	0.85307
1173	YGL068W	0.85305
1174	YGR200C	0.85303
1175	YLR412W	0.85287
1176	YHR190W	0.85285
1177	YDL155W	0.85281
1178	YBL011W	0.85275
1179	YKL067W	0.85272
1180	YKL211C	0.85272
1181	YEL039C	0.85266
1182	YBR046C	0.85266
1183	YIR036C	0.85259
1184	YKL191W	0.85254
1185	YPL122C	0.85253
1186	YKL127W	0.85245
1187	YIL103W	0.85243
1188	YDR465C	0.8524
1189	YPR003C	0.85231
1190	YHR044C	0.85228
1191	YDR047W	0.85228
1192	YNL333W	0.85225
1193	YMR178W	0.85223
1194	YBR155W	0.85222
1195	YLR382C	0.85217
1196	YDR331W	0.85214
1197	YJL124C	0.8521
1198	YCR053W	0.85208
1199	YOR163W	0.85203
1200	YJL068C	0.85196
1201	YGR138C	0.85194
1202	YER162C	0.85191
1203	YPL236C	0.85187
1204	YDL147W	0.85185
1205	YDL174C	0.85185
1206	YIR026C	0.85178
1207	YPR137W	0.8517
1208	YKL126W	0.85165
1209	YKL160W	0.85161
1210	YFL059W	0.85156
1211	YLL009C	0.85153
1212	YHR020W	0.85149
1213	YJR103W	0.85149
1214	YLL027W	0.85143
1215	YDR447C	0.85136
1216	YOR351C	0.85135
1217	YJL134W	0.85131
1218	YOR142W	0.85129
1219	YJR155W	0.85125
1220	YMR006C	0.85121
1221	YDR035W	0.85121
1222	YPL006W	0.85117
1223	YEL001C	0.85103
1224	YPL012W	0.851
1225	YPL160W	0.85095
1226	YGL043W	0.85093
1227	YHR039C	0.85092
1228	YOR239W	0.85092
1229	YLL028W	0.85069
1230	YOR226C	0.85067
1231	YOL011W	0.85054
1232	YLR218C	0.85052
1233	YMR210W	0.8505
1234	YER003C	0.8505
1235	YLR253W	0.85048
1236	YOR084W	0.85039
1237	YGR125W	0.85039
1238	YER185W	0.85027
1239	YGR021W	0.85025
1240	YOR036W	0.85023
1241	YJL216C	0.8502
1242	YKR024C	0.85018
1243	YIL145C	0.85017
1244	YHR025W	0.85016
1245	YBR035C	0.85012
1246	YPR107C	0.85011
1247	YPL042C	0.85011
1248	YHR043C	0.85005
1249	YBR029C	0.84998
1250	YNL071W	0.84997
1251	YOL142W	0.84992
1252	YMR105C	0.8499
1253	YBR153W	0.84989
1254	YCR048W	0.84989
1255	YCR061W	0.84989
1256	YKL004W	0.84984
1257	YLR409C	0.84983
1258	YDR148C	0.84979
1259	YJR109C	0.84966
1260	YML024W	0.84959
1261	YDL193W	0.84956
1262	YPL091W	0.84952
1263	YHL017W	0.84952
1264	YAR035W	0.84951
1265	YOL124C	0.84943
1266	YIR034C	0.84936
1267	YAR007C	0.84933
1268	YML116W	0.84931
1269	YJL002C	0.84929
1270	YOR206W	0.84928
1271	YBR166C	0.84928
1272	YGL186C	0.84925
1273	YKL021C	0.84923
1274	YER023W	0.84919
1275	YKL157W	0.84912
1276	YDR267C	0.84911
1277	YOR332W	0.84908
1278	YNL307C	0.84902
1279	YFL034C-B	0.84893
1280	YMR123W	0.84891
1281	YHR175W	0.84891
1282	YBL017C	0.84884
1283	YGL220W	0.84881
1284	YDR481C	0.8488
1285	YEL024W	0.84876
1286	YCL033C	0.84871
1287	YGR248W	0.84866
1288	YOR250C	0.84849
1289	YOL041C	0.84848
1290	YIL063C	0.84846
1291	YBL015W	0.84846
1292	YMR318C	0.84844
1293	YGR244C	0.84837
1294	YIR009W	0.84834
1295	YOR384W	0.84831
1296	YDR007W	0.84819
1297	YCL011C	0.84811
1298	YDR177W	0.8481
1299	YER142C	0.84806
1300	YDR378C	0.84805
1301	YDR408C	0.84804
1302	YBR037C	0.84803
1303	YOR339C	0.84802
1304	YHR108W	0.84801
1305	YGR245C	0.84798
1306	YPR025C	0.84797
1307	YFL037W	0.84785
1308	YMR138W	0.84781
1309	YHR047C	0.8478
1310	YDR144C	0.84768
1311	YIL014W	0.84768
1312	YDR502C	0.84766
1313	YOL130W	0.84766
1314	YCR005C	0.84765
1315	YBR242W	0.84763
1316	YEL038W	0.84762
1317	YOR341W	0.84761
1318	YER013W	0.8476
1319	YER065C	0.84758
1320	YBR221C	0.84753
1321	YOL157C	0.84749
1322	YHR100C	0.84747
1323	YOL092W	0.84746
1324	YHR168W	0.84745
1325	YKL080W	0.84736
1326	YNL087W	0.84734
1327	YLR307W	0.84732
1328	YJR058C	0.84728
1329	YNL016W	0.84727
1330	YDL213C	0.84721
1331	YKL193C	0.84715
1332	YBL018C	0.8471
1333	YMR089C	0.84709
1334	YLR197W	0.84704
1335	YCR012W	0.84704
1336	YAL012W	0.84697
1337	YPR024W	0.84694
1338	YER176W	0.84686
1339	YMR214W	0.84681
1340	YIR012W	0.84677
1341	YER017C	0.84676
1342	YGL105W	0.84673
1343	YPR193C	0.84672
1344	YNR057C	0.84671
1345	YBL050W	0.84664
1346	YOR335C	0.84662
1347	YML079W	0.84659
1348	YGR029W	0.84659
1349	YPR032W	0.84658
1350	YDR384C	0.84654
1351	YNR032W	0.84652
1352	YIR027C	0.84652
1353	YKR053C	0.84644
1354	YPL275W	0.84644
1355	YIR035C	0.84642
1356	YLR343W	0.84641
1357	YBR208C	0.84633
1358	YHR191C	0.84632
1359	YER183C	0.84631
1360	YDR522C	0.84624
1361	YGR287C	0.84623
1362	YLR377C	0.84615
1363	YGR083C	0.84614
1364	YER053C	0.84611
1365	YFR021W	0.84604
1366	YGR103W	0.84599
1367	YOR273C	0.84598
1368	YDR063W	0.84594
1369	YKL053C-A	0.84593
1370	YDR452W	0.84589
1371	YPR104C	0.84589
1372	YAR042W	0.84577
1373	YBR237W	0.84576
1374	YMR167W	0.84575
1375	YMR238W	0.84574
1376	YGR213C	0.84574
1377	YGR007W	0.84562
1378	YDR490C	0.8456
1379	YDR514C	0.84557
1380	YNR046W	0.84551
1381	YOR310C	0.84549
1382	YBR112C	0.84548
1383	YJL221C	0.8454
1384	YIL172C	0.8454
1385	YDL057W	0.84528
1386	YOL163W	0.84523
1387	YKR001C	0.84523
1388	YML072C	0.84522
1389	YCR084C	0.84507
1390	YJL042W	0.84502
1391	YDR429C	0.84494
1392	YDL087C	0.8449
1393	YKR066C	0.84487
1394	YOL137W	0.84485
1395	YFR030W	0.84484
1396	YNL023C	0.8448
1397	YER120W	0.84469
1398	YDL051W	0.84467
1399	YLR203C	0.84466
1400	YGL050W	0.84463
1401	YGL206C	0.84459
1402	YOR119C	0.84459
1403	YJR116W	0.84458
1404	YDR533C	0.84453
1405	YGR224W	0.84451
1406	YIL124W	0.84446
1407	YOL164W	0.84442
1408	YPR112C	0.84436
1409	YHR112C	0.84435
1410	YPL206C	0.84423
1411	YDR270W	0.84421
1412	YPR128C	0.8442
1413	YJR144W	0.8442
1414	YNR073C	0.84419
1415	YEL070W	0.84419
1416	YDL230W	0.84413
1417	YOL034W	0.84407
1418	YJL160C	0.84405
1419	YGL114W	0.84404
1420	YML022W	0.84402
1421	YNL220W	0.84398
1422	YGL181W	0.84398
1423	YDR324C	0.84397
1424	YGR234W	0.84394
1425	YGL028C	0.84392
1426	YBR265W	0.84385
1427	YGR019W	0.84376
1428	YLL018C-A	0.84375
1429	YLR070C	0.84372
1430	YLR038C	0.84365
1431	YNL088W	0.84363
1432	YPL217C	0.8436
1433	YJL024C	0.84358
1434	YPR163C	0.8434
1435	YLR146C	0.8434
1436	YER174C	0.84335
1437	YFL001W	0.84329
1438	YOL055C	0.84328
1439	YNL207W	0.84318
1440	YHR066W	0.84315
1441	YNR015W	0.84311
1442	YCL054W	0.8431
1443	YNL148C	0.84308
1444	YOR003W	0.84304
1445	YDR280W	0.84304
1446	YOR207C	0.84298
1447	YNL096C	0.84291
1448	YPL067C	0.84286
1449	YMR197C	0.8428
1450	YNL223W	0.84279
1451	YJL093C	0.84272
1452	YLR180W	0.84268
1453	YPL004C	0.84266
1454	YKL197C	0.84263
1455	YDR381W	0.84262
1456	YNR011C	0.84261
1457	YML014W	0.84259
1458	YJL155C	0.84254
1459	YNL312W	0.8425
1460	YPL017C	0.8425
1461	YJL158C	0.84241
1462	YGR024C	0.8424
1463	YHR013C	0.84239
1464	YBR220C	0.84236
1465	YIL114C	0.84232
1466	YER152C	0.84231
1467	YPR004C	0.8422
1468	YER002W	0.84217
1469	YAL049C	0.84214
1470	YKR043C	0.84212
1471	YHR088W	0.84211
1472	YFL048C	0.8421
1473	YER136W	0.84203
1474	YDL217C	0.84199
1475	YGR254W	0.84197
1476	YHR161C	0.84195
1477	YGR005C	0.84195
1478	YOL006C	0.84194
1479	YFR024C-A	0.84193
1480	YOL062C	0.84192
1481	YKL119C	0.84183
1482	YOR303W	0.84182
1483	YOR126C	0.84181
1484	YLR078C	0.84177
1485	YOR172W	0.84151
1486	YOR369C	0.84148
1487	YBR251W	0.84146
1488	YGR204W	0.84145
1489	YLR369W	0.84128
1490	YLR027C	0.84126
1491	YDL092W	0.84124
1492	YBR058C	0.8412
1493	YGR032W	0.84113
1494	YDL018C	0.84109
1495	YPR156C	0.84098
1496	YMR250W	0.84091
1497	YDL238C	0.84091
1498	YDR140W	0.84088
1499	YIR029W	0.84085
1500	YNL072W	0.84084
1501	YLR004C	0.84079
1502	YPL211W	0.84078
1503	YJR107W	0.84073
1504	YCR051W	0.84062
1505	YIR008C	0.84062
1506	YGR220C	0.84056
1507	YMR093W	0.84053
1508	YLR214W	0.84049
1509	YHR111W	0.84049
1510	YOL115W	0.84047
1511	YNL055C	0.84043
1512	YML115C	0.84042
1513	YKL181W	0.84038
1514	YJL080C	0.84037
1515	YPL183C	0.84035
1516	YBL102W	0.84035
1517	YLL058W	0.84032
1518	YIL108W	0.84026
1519	YPR133C	0.84025
1520	YOL060C	0.84024
1521	YGL063W	0.84021
1522	YOR039W	0.84009
1523	YFL053W	0.84007
1524	YEL052W	0.84004
1525	YOL093W	0.84001
1526	YJR125C	0.84001
1527	YER164W	0.83998
1528	YJR070C	0.83995
1529	YJL153C	0.83989
1530	YJR048W	0.83987
1531	YDR145W	0.83986
1532	YOR065W	0.83985
1533	YOL119C	0.83984
1534	YEL020W-A	0.83983
1535	YOR110W	0.83982
1536	YNL024C	0.83981
1537	YDR060W	0.83977
1538	YHR124W	0.83964
1539	YDL207W	0.8396
1540	YMR269W	0.83957
1541	YML098W	0.83956
1542	YER082C	0.83951
1543	YKL114C	0.8395
1544	YOR306C	0.83937
1545	YBR137W	0.83934
1546	YLR342W	0.83934
1547	YFL002C	0.83928
1548	YBR228W	0.83926
1549	YMR049C	0.83923
1550	YPL092W	0.8392
1551	YMR169C	0.83914
1552	YPL046C	0.8391
1553	YCR105W	0.83908
1554	YJL222W	0.83907
1555	YBR023C	0.83904
1556	YLR378C	0.83901
1557	YMR062C	0.83901
1558	YFL018C	0.83898
1559	YLR262C	0.83894
1560	YGR271W	0.83892
1561	YDL194W	0.83891
1562	YNL190W	0.83891
1563	YOL009C	0.83886
1564	YOL002C	0.83886
1565	YDL185W	0.83885
1566	YHR181W	0.83884
1567	YER063W	0.83881
1568	YNL106C	0.83876
1569	YFL008W	0.83874
1570	YMR262W	0.83872
1571	YMR304W	0.83868
1572	YDR368W	0.83865
1573	YKL161C	0.83862
1574	YBR236C	0.83853
1575	YLL023C	0.83848
1576	YPR082C	0.83848
1577	YNL075W	0.83845
1578	YFR006W	0.83845
1579	YBR146W	0.83841
1580	YIL173W	0.83839
1581	YOR209C	0.83831
1582	YOL114C	0.83827
1583	YIR037W	0.83825
1584	YPR180W	0.83822
1585	YLR418C	0.83822
1586	Q0085	0.83821
1587	YNL243W	0.83815
1588	YKR088C	0.83805
1589	YLL029W	0.83802
1590	YMR278W	0.83799
1591	YDR312W	0.83794
1592	YBL056W	0.83794
1593	YCR087C-A	0.83792
1594	YLR014C	0.8379
1595	YER044C	0.83782
1596	YER004W	0.83777
1597	YMR095C	0.83777
1598	YOR056C	0.83774
1599	YLR117C	0.83772
1600	YOR091W	0.83766
1601	YMR315W	0.83758
1602	YNL248C	0.83751
1603	YLR108C	0.83751
1604	YGR247W	0.83751
1605	YKR105C	0.83749
1606	YML086C	0.83748
1607	YDR086C	0.83747
1608	YOL155C	0.83743
1609	YML121W	0.83742
1610	YKL135C	0.83742
1611	YLR285W	0.8374
1612	YPR010C	0.8374
1613	YLL045C	0.83737
1614	YDR346C	0.83737
1615	YOR391C	0.83736
1616	YDR415C	0.83736
1617	YMR196W	0.83735
1618	YDR411C	0.83728
1619	YEL071W	0.83723
1620	YJL005W	0.83721
1621	YGL020C	0.83715
1622	YFL050C	0.83712
1623	YML074C	0.8371
1624	YOR222W	0.8371
1625	YCR107W	0.83708
1626	YLL053C	0.83703
1627	YGR162W	0.83688
1628	YER146W	0.83687
1629	YMR113W	0.83679
1630	YBR115C	0.83677
1631	YLR449W	0.83661
1632	YOR262W	0.83657
1633	YOR011W	0.83657
1634	YKL182W	0.83647
1635	YDL236W	0.83645
1636	YIL155C	0.83637
1637	YKL094W	0.83634
1638	YDL124W	0.83626
1639	YBL091C-A	0.83626
1640	YJL200C	0.83619
1641	YBR069C	0.836
1642	YHR129C	0.83597
1643	YCR094W	0.83594
1644	YFL060C	0.83591
1645	YOL023W	0.83586
1646	YOR034C	0.83577
1647	Q0275	0.83574
1648	YKR074W	0.83573
1649	YAL007C	0.83569
1650	YML126C	0.83568
1651	YDL072C	0.83568
1652	YNL229C	0.83566
1653	YMR296C	0.83563
1654	YHR205W	0.83563
1655	YJL125C	0.83563
1656	YER029C	0.83562
1657	YJR112W-A	0.83562
1658	YNL037C	0.8356
1659	YDL138W	0.83555
1660	YOL065C	0.83548
1661	YLR276C	0.83544
1662	YDR056C	0.83543
1663	YCL035C	0.83543
1664	YPR157W	0.83542
1665	YLR003C	0.83536
1666	YBL001C	0.83536
1667	YGR172C	0.83531
1668	YPL258C	0.8353
1669	YJR032W	0.83528
1670	YPL133C	0.83526
1671	YMR092C	0.83521
1672	YBR003W	0.83518
1673	YMR220W	0.83516
1674	YBR254C	0.83512
1675	YOR052C	0.83511
1676	YOR162C	0.83509
1677	YDR191W	0.83502
1678	YDR336W	0.83502
1679	YKL207W	0.83498
1680	YIL075C	0.83498
1681	YJL145W	0.83495
1682	YER172C	0.83494
1683	YDL202W	0.83488
1684	YFL017C	0.83486
1685	YLR357W	0.83485
1686	YBL040C	0.83484
1687	YOR103C	0.83483
1688	YGL009C	0.8348
1689	YMR201C	0.8348
1690	YNL067W	0.83478
1691	YBR200W	0.83477
1692	YNL334C	0.83476
1693	YAL021C	0.83469
1694	YLR222C	0.83468
1695	YDR477W	0.83467
1696	YOR291W	0.83462
1697	YPL143W	0.83459
1698	YPL280W	0.83459
1699	YNR001C	0.83457
1700	YMR001C	0.83457
1701	YEL054C	0.83455
1702	YDR418W	0.83455
1703	YBR092C	0.83454
1704	YNR016C	0.83446
1705	YOR356W	0.83442
1706	YOR118W	0.8344
1707	YDL081C	0.83432
1708	YER175C	0.83432
1709	YPR159W	0.83428
1710	YNL321W	0.83428
1711	YDL110C	0.83425
1712	YAR018C	0.83424
1713	YNL101W	0.83412
1714	YIL016W	0.83411
1715	YMR145C	0.83411
1716	YLR345W	0.8341
1717	YDR098C	0.83406
1718	YOR394W	0.83404
1719	YPL282C	0.83404
1720	YFL042C	0.83403
1721	YLR401C	0.83402
1722	YJR074W	0.83402
1723	YDR276C	0.83401
1724	YGR001C	0.83399
1725	YOR020C	0.83397
1726	YFL022C	0.83395
1727	YKR009C	0.83394
1728	YHR142W	0.83393
1729	YDL109C	0.83386
1730	YNL293W	0.83384
1731	YDR237W	0.83384
1732	YGR276C	0.83383
1733	YFR032C	0.83379
1734	YNL130C	0.83376
1735	YOL165C	0.83375
1736	YML038C	0.83373
1737	YPR002W	0.83369
1738	YHR147C	0.83365
1739	YPL194W	0.83364
1740	YHR174W	0.83359
1741	YJR016C	0.83357
1742	YLR126C	0.8335
1743	YCR004C	0.83348
1744	Q0045	0.83334
1745	YEL047C	0.83333
1746	YHR203C	0.83328
1747	YJR145C	0.83328
1748	YGR199W	0.83325
1749	YNR008W	0.83323
1750	YPR149W	0.83322
1751	YEL050C	0.8332
1752	YMR322C	0.83315
1753	YLL041C	0.83314
1754	YKL085W	0.83313
1755	YJL196C	0.83311
1756	YJL104W	0.83309
1757	YPL190C	0.83306
1758	YPL157W	0.83302
1759	YML065W	0.83287
1760	YAL003W	0.83278
1761	YBL087C	0.83277
1762	YER117W	0.83277
1763	YPL134C	0.83266
1764	YPR190C	0.83266
1765	YFL028C	0.83264
1766	YFR018C	0.83261
1767	YMR009W	0.83259
1768	YKR067W	0.83257
1769	YKR084C	0.83256
1770	YMR027W	0.83254
1771	YHL018W	0.83242
1772	YHR040W	0.83233
1773	YDR313C	0.83232
1774	YOR096W	0.83229
1775	YDR019C	0.83228
1776	YKL022C	0.83224
1777	YER005W	0.83224
1778	YGR031W	0.83223
1779	YIR023W	0.83216
1780	YAL019W	0.83213
1781	YHL039W	0.83212
1782	YGL164C	0.8321
1783	YOR120W	0.8321
1784	YHR069C	0.83205
1785	YNL292W	0.83205
1786	YCR069W	0.83202
1787	YNR051C	0.83202
1788	YLL011W	0.832
1789	YBR002C	0.832
1790	YGR260W	0.83198
1791	YLR210W	0.83198
1792	YGL123W	0.83197
1793	YKR014C	0.83196
1794	YCR002C	0.83195
1795	YOR367W	0.83195
1796	YPR011C	0.83192
1797	YIL164C	0.83184
1798	YGR092W	0.83184
1799	YKL029C	0.83176
1800	YNL192W	0.83175
1801	YML125C	0.83164
1802	YDR084C	0.8316
1803	YMR306W	0.8316
1804	YJR131W	0.83155
1805	YDR468C	0.83147
1806	YKR081C	0.83141
1807	YDR263C	0.8314
1808	YOL059W	0.83135
1809	YBR167C	0.83134
1810	YHL026C	0.83133
1811	YOR234C	0.83132
1812	YDR362C	0.83124
1813	YDR243C	0.83121
1814	YLR335W	0.8312
1815	YBL061C	0.83119
1816	YLR075W	0.83116
1817	YDR487C	0.83115
1818	YJL168C	0.83114
1819	YDR109C	0.83113
1820	YBL089W	0.83113
1821	YGL147C	0.83112
1822	YGL044C	0.83108
1823	YDR498C	0.83098
1824	YMR272C	0.83096
1825	YEL004W	0.83093
1826	YDR306C	0.83092
1827	YNR054C	0.8309
1828	YLR188W	0.83082
1829	YCR023C	0.8308
1830	YKR051W	0.83073
1831	YOR311C	0.8307
1832	YGR268C	0.83068
1833	YHR034C	0.83067
1834	YGL106W	0.83066
1835	YDR127W	0.8306
1836	YGL202W	0.8306
1837	YHR003C	0.83055
1838	YOR021C	0.8305
1839	YFL034W	0.83043
1840	YGR285C	0.83039
1841	YNL137C	0.83038
1842	YMR132C	0.83034
1843	YHL008C	0.83032
1844	YNL185C	0.83028
1845	YDL132W	0.83023
1846	YGR292W	0.83021
1847	YLR231C	0.83017
1848	YOR010C	0.83013
1849	YOR001W	0.83008
1850	YNL237W	0.83004
1851	YPR120C	0.82999
1852	YLR056W	0.82998
1853	YGL143C	0.82995
1854	YDR009W	0.82989
1855	YMR200W	0.82964
1856	YML054C	0.82964
1857	YNL155W	0.82963
1858	YDR438W	0.8296
1859	YBR139W	0.82957
1860	YNR017W	0.82953
1861	YHL004W	0.82951
1862	YCL043C	0.82943
1863	YKL128C	0.82939
1864	YJL052W	0.82934
1865	YJL088W	0.8292
1866	YDR399W	0.82919
1867	YGR086C	0.82916
1868	YMR253C	0.82915
1869	YOR054C	0.82914
1870	YPR124W	0.82912
1871	YPR054W	0.8291
1872	YDR105C	0.82906
1873	YHR219W	0.82903
1874	YBR299W	0.82899
1875	YJL179W	0.82897
1876	YMR170C	0.82893
1877	YPL002C	0.8289
1878	YOR374W	0.82876
1879	YHR123W	0.82875
1880	YIL039W	0.82872
1881	YBR025C	0.8287
1882	YKL084W	0.82862
1883	YBR031W	0.82861
1884	YBR227C	0.82858
1885	YBL101C	0.82853
1886	YGR095C	0.82852
1887	YDR050C	0.82849
1888	YDL123W	0.82846
1889	YHR194W	0.82844
1890	YOR116C	0.82844
1891	YDR211W	0.82844
1892	YDL019C	0.8284
1893	YMR090W	0.82838
1894	YLR426W	0.82835
1895	YAL022C	0.82834
1896	YGL144C	0.82832
1897	YMR308C	0.8283
1898	YKL170W	0.82827
1899	YKL095W	0.82825
1900	YNL059C	0.82825
1901	YPL227C	0.82824
1902	YMR310C	0.82823
1903	YML068W	0.82812
1904	YGR012W	0.82811
1905	YOR175C	0.82809
1906	YNR052C	0.82808
1907	YGR009C	0.82807
1908	YJR104C	0.82801
1909	YIL033C	0.82799
1910	YHR051W	0.82794
1911	YPL059W	0.82792
1912	YGL049C	0.82791
1913	YOR077W	0.82791
1914	YJL183W	0.82788
1915	YOR261C	0.82785
1916	YML070W	0.82779
1917	YOR184W	0.82778
1918	YOR271C	0.82777
1919	YJR009C	0.82775
1920	YLR383W	0.82769
1921	YDL177C	0.8276
1922	YNL001W	0.82759
1923	YNL141W	0.82758
1924	YOR009W	0.82749
1925	YHR187W	0.82747
1926	YOL020W	0.82746
1927	YFR005C	0.82744
1928	YKL008C	0.82743
1929	YOR018W	0.82739
1930	YGL055W	0.82732
1931	YHR037W	0.82728
1932	YOR307C	0.82727
1933	YKL073W	0.82725
1934	YOR370C	0.82725
1935	YFR050C	0.82725
1936	YFL004W	0.8272
1937	YDR170C	0.82717
1938	YJR130C	0.82712
1939	YDR012W	0.82709
1940	YER030W	0.82708
1941	YPR058W	0.82707
1942	YOL154W	0.82693
1943	YNL102W	0.82692
1944	YDL205C	0.82683
1945	YMR096W	0.8268
1946	YNR067C	0.82672
1947	YMR099C	0.82671
1948	YLR009W	0.82669
1949	YKL151C	0.82667
1950	YDR293C	0.82666
1951	YCR045C	0.82665
1952	YPL095C	0.82665
1953	YPR111W	0.82661
1954	YJR064W	0.82657
1955	YNL306W	0.82655
1956	YLR022C	0.82655
1957	YHL033C	0.82654
1958	YLR452C	0.82647
1959	YNL163C	0.82641
1960	YBR103W	0.8263
1961	YHR121W	0.82628
1962	YCL069W	0.82625
1963	YGR082W	0.82625
1964	YLR427W	0.82623
1965	YJR096W	0.82622
1966	YHL034C	0.82619
1967	YDR292C	0.82619
1968	YBR014C	0.82616
1969	YHR039C-A	0.8261
1970	YPL170W	0.82609
1971	YNL299W	0.82608
1972	YCR028C-A	0.82605
1973	YOR232W	0.82604
1974	YBR094W	0.82591
1975	YGR141W	0.8259
1976	YIL165C	0.82589
1977	YNR074C	0.82585
1978	YGR195W	0.82583
1979	YDL031W	0.82582
1980	YPR121W	0.82577
1981	YLR066W	0.82573
1982	YPR006C	0.82567
1983	YLL001W	0.82567
1984	YNR027W	0.82565
1985	YEL003W	0.82559
1986	YLR196W	0.82558
1987	YDR100W	0.82556
1988	YMR225C	0.82555
1989	YIL008W	0.82552
1990	YML131W	0.82552
1991	YGR145W	0.82546
1992	YLR251W	0.82545
1993	YKL212W	0.82541
1994	YNL134C	0.82537
1995	YPR140W	0.82536
1996	YGR063C	0.82536
1997	YML077W	0.82533
1998	YCR060W	0.82529
1999	YDR358W	0.82528
2000	YMR085W	0.82521
2001	YGR180C	0.825
2002	YNL161W	0.82495
2003	YHR002W	0.82492
2004	YGL033W	0.82489
2005	YMR078C	0.82481
2006	YGL040C	0.8248
2007	YMR101C	0.82475
2008	YFL044C	0.82475
2009	YOR165W	0.82473
2010	YNL240C	0.82469
2011	YPR172W	0.82469
2012	YPL224C	0.82457
2013	YNL022C	0.82454
2014	YFR038W	0.82448
2015	YGR093W	0.82445
2016	YDR479C	0.8244
2017	YBR079C	0.82438
2018	YHR024C	0.82438
2019	YDR337W	0.82436
2020	YDR117C	0.82435
2021	YGL251C	0.82424
2022	YOR013W	0.82416
2023	YMR229C	0.82412
2024	YOR233W	0.82411
2025	YHR046C	0.82408
2026	YJR040W	0.82406
2027	YDR272W	0.82405
2028	YNL246W	0.82403
2029	YGL245W	0.82397
2030	YEL002C	0.8239
2031	YHR063C	0.82388
2032	YNL040W	0.82387
2033	YKL172W	0.82375
2034	YGR283C	0.82367
2035	YGR192C	0.82367
2036	YKR104W	0.82359
2037	YLR272C	0.82358
2038	YLR351C	0.82346
2039	YER016W	0.82325
2040	YFR041C	0.82324
2041	YIL099W	0.82321
2042	YLR047C	0.82321
2043	YBR111C	0.82319
2044	YOR150W	0.82314
2045	YHR215W	0.82309
2046	YDL190C	0.82302
2047	YKL202W	0.82295
2048	YIL126W	0.82291
2049	YAR071W	0.82281
2050	YDR405W	0.82274
2051	YDR058C	0.82265
2052	YJR057W	0.82263
2053	YNL065W	0.82263
2054	YML052W	0.82253
2055	YLR446W	0.82252
2056	YMR277W	0.8224
2057	YLR020C	0.82239
2058	YDL093W	0.82239
2059	YNL153C	0.82238
2060	YLR037C	0.82236
2061	YML005W	0.82233
2062	YPR144C	0.82233
2063	YBR183W	0.82232
2064	YNR012W	0.8223
2065	YPR132W	0.8223
2066	YGR118W	0.8223
2067	YKL009W	0.82228
2068	YAL001C	0.82225
2069	YGL101W	0.82219
2070	Q0250	0.82217
2071	YGR277C	0.82212
2072	YKL081W	0.82208
2073	YGR131W	0.82204
2074	YLR450W	0.82201
2075	YMR244C-A	0.82201
2076	YIL022W	0.82195
2077	YOR049C	0.82194
2078	YPL113C	0.8219
2079	YMR263W	0.82188
2080	YJR132W	0.8217
2081	YAL016W	0.82167
2082	YHL046C	0.82166
2083	YER168C	0.82163
2084	YGR203W	0.82162
2085	YIL051C	0.82162
2086	YPL198W	0.82162
2087	YPL262W	0.82159
2088	YGL173C	0.82159
2089	YKL017C	0.82158
2090	YEL044W	0.82157
2091	YBR093C	0.82155
2092	YLR361C	0.82154
2093	YPL008W	0.82151
2094	YLR086W	0.82148
2095	YIL046W	0.82147
2096	YER100W	0.82132
2097	YGR187C	0.82132
2098	YLL025W	0.82125
2099	YDL167C	0.82124
2100	YDR188W	0.82123
2101	YKR055W	0.82122
2102	YKL087C	0.82121
2103	YDR032C	0.82119
2104	YDL178W	0.82113
2105	YNL081C	0.82112
2106	YJL081C	0.82112
2107	YDL080C	0.82108
2108	YHR189W	0.82107
2109	YBR207W	0.82103
2110	YBL038W	0.82099
2111	YPL082C	0.82097
2112	YJL178C	0.82097
2113	YLL034C	0.82097
2114	YIL168W	0.82091
2115	YCR030C	0.82084
2116	YBR210W	0.82076
2117	YDL130W	0.82068
2118	YLR318W	0.82067
2119	YNL313C	0.82065
2120	YDL141W	0.82065
2121	YDL200C	0.82065
2122	YJL130C	0.82062
2123	YMR162C	0.82056
2124	YDL060W	0.82055
2125	YPR118W	0.82055
2126	YDR459C	0.82054
2127	YCL048W	0.82053
2128	YMR104C	0.82052
2129	YJL129C	0.82051
2130	YPR028W	0.8205
2131	YJR141W	0.82047
2132	YMR218C	0.82044
2133	YDR164C	0.82041
2134	YOR246C	0.82038
2135	YNL121C	0.82038
2136	YNL049C	0.82035
2137	YGR241C	0.82035
2138	YJR133W	0.82029
2139	YBR162W-A	0.82025
2140	YBR062C	0.82023
2141	YLL006W	0.82009
2142	YFL052W	0.82008
2143	YDL017W	0.82007
2144	YNL107W	0.82005
2145	YLR072W	0.82003
2146	YOR057W	0.81992
2147	YER011W	0.81982
2148	YLR083C	0.81981
2149	YFL016C	0.81974
2150	YBR223C	0.8197
2151	YGR262C	0.81969
2152	YOR274W	0.81966
2153	YGL261C	0.81965
2154	YBL108C-A	0.81965
2155	YAL068C	0.81965
2156	YGR294W	0.81961
2157	YLL064C	0.8196
2158	YNR076W	0.8196
2159	YER091C	0.8195
2160	YCL045C	0.8194
2161	YER049W	0.81933
2162	YPR034W	0.81933
2163	YDL150W	0.81931
2164	YJL074C	0.81926
2165	YML105C	0.81924
2166	YHR164C	0.81911
2167	YLR386W	0.81906
2168	YPR119W	0.81888
2169	YBR096W	0.81887
2170	YMR325W	0.81887
2171	YDL085W	0.81885
2172	YDL004W	0.81884
2173	YPR161C	0.8188
2174	YDR142C	0.81867
2175	YDL145C	0.81866
2176	Q0065	0.81859
2177	YHR202W	0.81857
2178	YDR097C	0.81856
2179	YOR295W	0.81856
2180	YDR287W	0.81851
2181	YOL073C	0.81851
2182	YBR039W	0.8185
2183	YOL153C	0.81848
2184	YDL105W	0.81847
2185	YNL328C	0.81845
2186	YFL030W	0.81841
2187	YIL067C	0.81837
2188	Q0050	0.81835
2189	YGR078C	0.81833
2190	YGR214W	0.81832
2191	YFL020C	0.81828
2192	YOL039W	0.8182
2193	YHR143W-A	0.8182
2194	YHR028C	0.8182
2195	YDR165W	0.81819
2196	YOL018C	0.81817
2197	YOL147C	0.81809
2198	YPL179W	0.81808
2199	YBR199W	0.81805
2200	YBR053C	0.81803
2201	YDL215C	0.81803
2202	YPL214C	0.81801
2203	YLR461W	0.81801
2204	YGL156W	0.818
2205	YJL172W	0.81794
2206	YKL224C	0.81792
2207	YLR389C	0.81785
2208	YPL171C	0.81783
2209	YBR301W	0.81776
2210	YOL113W	0.81774
2211	YJR010C-A	0.81774
2212	YBR244W	0.81767
2213	YOL067C	0.81757
2214	YBR055C	0.81753
2215	YGL037C	0.8175
2216	YIL083C	0.81746
2217	YNL251C	0.81739
2218	YBR061C	0.81733
2219	YGL076C	0.81729
2220	YEL049W	0.81719
2221	YIL034C	0.81716
2222	YKL154W	0.81708
2223	YJL065C	0.81702
2224	YLR435W	0.817
2225	YCR104W	0.81697
2226	YIR041W	0.81696
2227	YPL110C	0.81693
2228	YDR332W	0.8169
2229	YPL207W	0.8169
2230	Q0120	0.81689
2231	YOR201C	0.81689
2232	YPL048W	0.81686
2233	YIL068C	0.81682
2234	YGL178W	0.81678
2235	YDR453C	0.81677
2236	YOL140W	0.81676
2237	YKL051W	0.8166
2238	YGL140C	0.81656
2239	YKR070W	0.81653
2240	YDR051C	0.81648
2241	YPL176C	0.81647
2242	YKL060C	0.81645
2243	YMR038C	0.81644
2244	YGR047C	0.81641
2245	YOR294W	0.81641
2246	YOL010W	0.8164
2247	YCR096C	0.8163
2248	YIL176C	0.8163
2249	YJL223C	0.8163
2250	YLR145W	0.81628
2251	YLR274W	0.81623
2252	YOR132W	0.81618
2253	YJR113C	0.81612
2254	YDR064W	0.81607
2255	YDR542W	0.81606
2256	YOL064C	0.81595
2257	YBR180W	0.81594
2258	YLR105C	0.81594
2259	YNL206C	0.81587
2260	YLR421C	0.81584
2261	YJL082W	0.81584
2262	YDR432W	0.8158
2263	YDL226C	0.81578
2264	YLR390W	0.81576
2265	YIL150C	0.81575
2266	YLR308W	0.81574
2267	YCL074W	0.81572
2268	YDR257C	0.81571
2269	YKR079C	0.8157
2270	YNL212W	0.81564
2271	YPR047W	0.81547
2272	YIL052C	0.81546
2273	YKR072C	0.81546
2274	YHR033W	0.81539
2275	YPR127W	0.81536
2276	YER066W	0.8153
2277	YBL067C	0.81528
2278	YGL205W	0.81528
2279	YBR192W	0.81525
2280	YIL047C	0.81522
2281	YKL064W	0.81521
2282	YIL030C	0.8152
2283	YJR010W	0.81519
2284	YIL004C	0.81516
2285	YPL195W	0.81513
2286	YHR178W	0.81502
2287	YFR022W	0.81497
2288	YLL012W	0.81493
2289	YER001W	0.81479
2290	YMR102C	0.81479
2291	YER056C-A	0.81478
2292	YPR178W	0.81476
2293	YDL101C	0.81473
2294	YHR115C	0.81471
2295	YPR201W	0.81464
2296	YGR266W	0.81464
2297	YDR421W	0.81461
2298	YMR228W	0.81458
2299	YPR153W	0.81456
2300	YDR305C	0.81453
2301	YLR099C	0.81452
2302	YGL236C	0.81448
2303	YOR173W	0.81448
2304	YDR380W	0.81445
2305	YER059W	0.81444
2306	YIR039C	0.81443
2307	YLL036C	0.81436
2308	YLR179C	0.81434
2309	YHR210C	0.81434
2310	YOL135C	0.81429
2311	YKR048C	0.81424
2312	YIL011W	0.81416
2313	YDR236C	0.81413
2314	YNL169C	0.81412
2315	YPR073C	0.8141
2316	YDR364C	0.81406
2317	YML025C	0.81404
2318	YGR288W	0.81401
2319	YAL033W	0.81398
2320	YML087C	0.8138
2321	YLL057C	0.8138
2322	YOR213C	0.81378
2323	YKL156W	0.81376
2324	YCR100C	0.81371
2325	YHR179W	0.8137
2326	YER098W	0.81368
2327	YDR067C	0.81363
2328	YGL045W	0.81363
2329	YGL095C	0.8136
2330	YJR117W	0.81359
2331	YBR018C	0.81358
2332	YDR440W	0.81358
2333	YGR074W	0.81357
2334	YOR141C	0.81357
2335	YPL024W	0.81356
2336	YFL034C-A	0.81348
2337	YLR192C	0.81346
2338	YLR100W	0.81344
2339	YDR525W-A	0.81343
2340	YOL161C	0.81342
2341	YLR089C	0.81338
2342	YHR113W	0.81336
2343	YGL166W	0.81335
2344	YKR095W-A	0.81332
2345	YOR390W	0.81329
2346	YMR002W	0.81326
2347	YNL079C	0.81326
2348	YDL104C	0.81326
2349	YOR296W	0.81324
2350	YCR067C	0.81323
2351	YMR264W	0.81318
2352	YNL056W	0.81313
2353	YKL065C	0.81313
2354	YJL078C	0.81312
2355	YOR154W	0.81311
2356	YLR215C	0.81295
2357	YCR106W	0.81295
2358	YLR413W	0.81289
2359	YLR455W	0.81287
2360	YPL140C	0.81283
2361	YML082W	0.81277
2362	YDR173C	0.81277
2363	YOL145C	0.81269
2364	YNL260C	0.81267
2365	YBR177C	0.81266
2366	YKL091C	0.81261
2367	YPL083C	0.81261
2368	YIL013C	0.81258
2369	YPR188C	0.81258
2370	YJR137C	0.81257
2371	YGL004C	0.81249
2372	YNL110C	0.81246
2373	YHR001W	0.81245
2374	YDR162C	0.81245
2375	YOR340C	0.81239
2376	YBR060C	0.81236
2377	YDR182W	0.81236
2378	YDL085C-A	0.81234
2379	YGL212W	0.81234
2380	YLR300W	0.81231
2381	YER116C	0.8123
2382	YIL015W	0.8123
2383	YGL241W	0.81228
2384	YDL171C	0.81221
2385	YNL247W	0.81212
2386	YPL173W	0.8121
2387	YDR338C	0.81206
2388	YDR194C	0.81205
2389	YMR131C	0.81204
2390	YDR256C	0.81202
2391	YOL052C	0.81201
2392	YBR067C	0.81201
2393	YFR027W	0.81194
2394	YNL298W	0.81192
2395	YDR132C	0.81182
2396	YPL030W	0.81176
2397	YHR104W	0.81176
2398	YGL242C	0.81173
2399	YPL009C	0.81172
2400	YOR382W	0.81167
2401	YOR265W	0.81162
2402	YDL078C	0.81162
2403	YHR016C	0.81156
2404	YLR019W	0.81149
2405	YBL082C	0.81149
2406	YMR302C	0.81149
2407	YLR306W	0.81149
2408	YLR144C	0.81148
2409	YEL056W	0.81144
2410	YGR027C	0.81143
2411	YER134C	0.81141
2412	YKR092C	0.81135
2413	YOR016C	0.81128
2414	YIL153W	0.81127
2415	YIL106W	0.81115
2416	YNL129W	0.81115
2417	YFL054C	0.81115
2418	YBR205W	0.81109
2419	YPR143W	0.81093
2420	YMR155W	0.81092
2421	YDR531W	0.81089
2422	YHR134W	0.81085
2423	YDR352W	0.81083
2424	YDR513W	0.81079
2425	YNL177C	0.81077
2426	YGR186W	0.81062
2427	YAR023C	0.8106
2428	YDR436W	0.81058
2429	YJR129C	0.81049
2430	YNL280C	0.81047
2431	YDL120W	0.81041
2432	YPL279C	0.81038
2433	YLR026C	0.81037
2434	YOL123W	0.81036
2435	YGR054W	0.81032
2436	YMR139W	0.81027
2437	YDR471W	0.81027
2438	YLR048W	0.81027
2439	YGL003C	0.81025
2440	YPL239W	0.81016
2441	YER156C	0.81014
2442	YNL282W	0.81012
2443	YPL088W	0.81008
2444	YHR091C	0.80996
2445	YLR405W	0.80996
2446	YCR046C	0.80992
2447	YJR098C	0.8099
2448	YGL112C	0.8099
2449	YDL161W	0.80988
2450	YGR193C	0.80988
2451	YLR325C	0.80984
2452	YHR010W	0.80978
2453	YOR164C	0.80978
2454	YLR275W	0.80978
2455	YNL181W	0.80977
2456	YBR273C	0.80967
2457	YKL201C	0.80966
2458	YPR147C	0.80965
2459	YGR143W	0.80953
2460	YOR292C	0.80952
2461	YDR174W	0.80951
2462	YOR212W	0.8095
2463	YCL075W	0.80949
2464	YPL249C	0.80938
2465	YJL186W	0.80937
2466	YPR091C	0.80933
2467	YIL091C	0.80929
2468	YBR024W	0.80928
2469	YOR254C	0.80925
2470	YOR223W	0.80918
2471	YIL105C	0.80917
2472	YMR180C	0.8091
2473	YAR003W	0.80908
2474	YIL107C	0.80907
2475	YDL143W	0.80901
2476	YIL125W	0.80901
2477	YJR013W	0.80901
2478	YGL196W	0.809
2479	YJR052W	0.809
2480	YIR006C	0.80897
2481	YNL322C	0.80895
2482	YNL124W	0.80893
2483	YBR101C	0.80888
2484	YGL064C	0.80886
2485	YGR119C	0.80877
2486	YJR035W	0.80876
2487	YML028W	0.80873
2488	YDR492W	0.80871
2489	YOR040W	0.80871
2490	YOR280C	0.80868
2491	YDR365C	0.80864
2492	YBL058W	0.80864
2493	YLR270W	0.80856
2494	YKL222C	0.80853
2495	YAL048C	0.80852
2496	YGL154C	0.80847
2497	YHR176W	0.80845
2498	YPR100W	0.80844
2499	YNL131W	0.80844
2500	YBR141C	0.80843
2501	YGL089C	0.80837
2502	YOL111C	0.80835
2503	YCR034W	0.80835
2504	YLR250W	0.80827
2505	YKL098W	0.80819
2506	YDR077W	0.80815
2507	YDR325W	0.80815
2508	YOR176W	0.80814
2509	YNL062C	0.80812
2510	YLR372W	0.8081
2511	YOR100C	0.80807
2512	YPL116W	0.80806
2513	YMR074C	0.80805
2514	YBR041W	0.80804
2515	YML030W	0.80802
2516	YNR036C	0.80801
2517	YJR085C	0.808
2518	YLR114C	0.80794
2519	YMR128W	0.80793
2520	YFR025C	0.80792
2521	YGL103W	0.80792
2522	YHR081W	0.80787
2523	YBR151W	0.80785
2524	YDL079C	0.80777
2525	YDR530C	0.80776
2526	YPL060W	0.80774
2527	YNR071C	0.80772
2528	YGR136W	0.80768
2529	YER123W	0.80766
2530	YMR069W	0.80765
2531	YDL090C	0.80765
2532	YLR178C	0.80762
2533	YPL164C	0.8076
2534	YIL038C	0.80759
2535	YCR101C	0.80755
2536	YHR021C	0.80755
2537	YGL111W	0.8075
2538	YJR084W	0.80748
2539	YNL149C	0.80744
2540	YLL048C	0.80743
2541	YPR023C	0.80738
2542	YFL009W	0.80737
2543	YKR086W	0.80737
2544	YJL096W	0.80725
2545	YKR060W	0.80724
2546	YHR048W	0.80723
2547	YMR261C	0.80723
2548	YDR444W	0.80722
2549	YHR052W	0.80721
2550	YGL240W	0.8072
2551	YDL039C	0.80719
2552	YCR088W	0.80717
2553	YMR177W	0.80708
2554	YIL113W	0.80708
2555	YPL001W	0.80708
2556	YOR258W	0.80698
2557	YDR493W	0.80691
2558	YHR114W	0.80675
2559	YOR272W	0.80675
2560	YPL117C	0.80669
2561	YHR151C	0.80669
2562	YOR216C	0.80668
2563	YMR193W	0.80667
2564	YJL011C	0.80666
2565	YGL243W	0.80663
2566	YPL152W	0.80658
2567	YGR261C	0.80655
2568	YDR107C	0.80652
2569	YKR025W	0.8065
2570	YMR227C	0.80645
2571	YGR037C	0.80641
2572	YMR161W	0.80636
2573	YOR353C	0.80635
2574	YLR333C	0.80626
2575	YJR149W	0.80625
2576	YNL284C	0.8062
2577	YLL043W	0.80619
2578	YGL183C	0.80618
2579	YJL063C	0.80596
2580	YKL221W	0.80596
2581	YJL036W	0.80593
2582	YBR283C	0.80593
2583	YKL103C	0.80591
2584	YCL032W	0.80586
2585	YGL187C	0.80578
2586	YJR150C	0.80577
2587	YGL250W	0.80571
2588	YHR207C	0.80569
2589	YKL096W	0.80567
2590	YMR149W	0.80567
2591	YML061C	0.80566
2592	YJL117W	0.80559
2593	YMR317W	0.80558
2594	YHR117W	0.80554
2595	YLR337C	0.80552
2596	YPR129W	0.80551
2597	YLR065C	0.8055
2598	YOR022C	0.80549
2599	YAL046C	0.80547
2600	YGL194C	0.80544
2601	YBL019W	0.80537
2602	YGL238W	0.80537
2603	YBL098W	0.80533
2604	YIL095W	0.80529
2605	YGR243W	0.80529
2606	YIL157C	0.8052
2607	YBR149W	0.80517
2608	YFL031W	0.80515
2609	YJR121W	0.80513
2610	YJR061W	0.80511
2611	YOL008W	0.8051
2612	YDL040C	0.80509
2613	YER157W	0.80506
2614	YNL004W	0.80502
2615	YLR212C	0.80492
2616	YNL025C	0.80483
2617	YBR274W	0.80479
2618	YLR002C	0.80476
2619	YKR017C	0.80475
2620	YMR173W-A	0.8047
2621	YER010C	0.80452
2622	YDL045W-A	0.80449
2623	YMR188C	0.80438
2624	YIL041W	0.80429
2625	YEL019C	0.80428
2626	YDL156W	0.80425
2627	YPL097W	0.80424
2628	YBR052C	0.80423
2629	YKR076W	0.80423
2630	YCR102C	0.80421
2631	YBR091C	0.80416
2632	YDR061W	0.80406
2633	YCL037C	0.80405
2634	YDR175C	0.80404
2635	YMR005W	0.80402
2636	YOL148C	0.80402
2637	YIL062C	0.80385
2638	YPL063W	0.80381
2639	YIR015W	0.8037
2640	YNR029C	0.80367
2641	YHR206W	0.80367
2642	YOR079C	0.80366
2643	YDR330W	0.80366
2644	YDR189W	0.80364
2645	YPL101W	0.80349
2646	YDL233W	0.80344
2647	YGL179C	0.80341
2648	YOR285W	0.8033
2649	YMR208W	0.80318
2650	YKL007W	0.80317
2651	YOL096C	0.80316
2652	YJL165C	0.80313
2653	YPL145C	0.80311
2654	YDR393W	0.8031
2655	YOL061W	0.80305
2656	YOR008C	0.80295
2657	YJL010C	0.80294
2658	YLR448W	0.80292
2659	YOL098C	0.8029
2660	YGR061C	0.80289
2661	YLR319C	0.80289
2662	YER051W	0.80288
2663	YML055W	0.80285
2664	YNL238W	0.80285
2665	YDR210W	0.80284
2666	YER126C	0.80278
2667	YOR244W	0.80276
2668	YDL195W	0.80272
2669	YDR523C	0.80272
2670	YKR003W	0.80269
2671	YOR383C	0.80267
2672	YIL079C	0.80266
2673	YIL002C	0.80265
2674	YHL042W	0.8025
2675	YBR010W	0.80248
2676	YDR419W	0.80245
2677	YOR330C	0.80232
2678	YML097C	0.80231
2679	YNL272C	0.8023
2680	YGR232W	0.80228
2681	YNL325C	0.80225
2682	YML127W	0.80222
2683	YDL033C	0.80221
2684	YGR169C	0.80216
2685	YIL147C	0.8021
2686	YER141W	0.80207
2687	YNL045W	0.80205
2688	YGR271C-A	0.80205
2689	YHR090C	0.80201
2690	YLR460C	0.80199
2691	YJL163C	0.80194
2692	YER014W	0.80191
2693	YMR150C	0.80189
2694	YDR282C	0.80188
2695	YLL015W	0.80175
2696	YGL027C	0.80174
2697	YNL147W	0.80173
2698	YGR217W	0.80172
2699	YDR031W	0.80166
2700	YDR161W	0.80149
2701	YLR115W	0.80148
2702	YLR080W	0.80139
2703	YNL003C	0.80127
2704	YGL082W	0.80125
2705	YLR390W-A	0.80113
2706	YNL094W	0.80113
2707	YLR116W	0.8011
2708	YOR286W	0.8011
2709	YOR025W	0.80106
2710	YDL175C	0.80104
2711	YCR073C	0.80098
2712	YAL044C	0.80093
2713	YBR084W	0.80092
2714	YCL064C	0.8009
2715	YIL110W	0.80084
2716	YIL151C	0.80081
2717	YML073C	0.8008
2718	YDR450W	0.80078
2719	YML026C	0.80078
2720	YPL147W	0.80076
2721	YMR127C	0.80075
2722	YDR382W	0.80071
2723	YEL029C	0.80068
2724	YGR284C	0.80063
2725	YPL215W	0.80062
2726	YGL244W	0.80061
2727	YPL019C	0.80054
2728	YEL055C	0.80053
2729	YPL022W	0.80047
2730	YKL077W	0.80043
2731	YCL047C	0.80036
2732	YBR104W	0.80034
2733	YCR035C	0.80034
2734	YKL194C	0.80029
2735	YJR075W	0.80029
2736	YLR206W	0.80027
2737	YNL305C	0.80027
2738	YDL148C	0.80026
2739	YCL038C	0.80026
2740	YOL126C	0.80022
2741	YAL018C	0.8002
2742	YDL159W	0.80016
2743	YJR005W	0.80011
2744	YDR386W	0.80008
2745	YHL002W	0.80002
2746	YOR290C	0.8
2747	YKL041W	0.79998
2748	YJR078W	0.79994
2749	YMR213W	0.79993
2750	YLR443W	0.79991
2751	YNL119W	0.79987
2752	YMR063W	0.79978
2753	YPL137C	0.79975
2754	YNR041C	0.79967
2755	YLR133W	0.79965
2756	YNL118C	0.79963
2757	YHL007C	0.79956
2758	YMR234W	0.79955
2759	YBR056W	0.79955
2760	YJR067C	0.79948
2761	YPL079W	0.79947
2762	YBL064C	0.79943
2763	YLR284C	0.79941
2764	YBR213W	0.79941
2765	YCR071C	0.79921
2766	YHR098C	0.79921
2767	YBR175W	0.7992
2768	YJR054W	0.79918
2769	YIL140W	0.79912
2770	YPL112C	0.79911
2771	YPR018W	0.7991
2772	YER170W	0.79906
2773	YMR004W	0.79901
2774	YNL186W	0.79896
2775	YCR092C	0.79895
2776	YAL015C	0.79885
2777	YKR035W-A	0.79884
2778	YDR517W	0.79882
2779	YHR085W	0.79882
2780	YMR286W	0.7988
2781	YLR387C	0.79876
2782	YLR025W	0.79875
2783	YAL064W-B	0.79872
2784	YKL187C	0.79871
2785	YNL160W	0.79864
2786	YPR017C	0.79862
2787	YIR004W	0.79848
2788	YGR080W	0.79843
2789	YPR135W	0.79842
2790	YCR020C	0.79836
2791	YPR037C	0.79835
2792	YPL138C	0.79829
2793	YHR192W	0.79823
2794	YNL327W	0.79823
2795	YLR118C	0.79819
2796	YGR026W	0.79813
2797	YML004C	0.79812
2798	YPL087W	0.79812
2799	YCL050C	0.7981
2800	YDL063C	0.79805
2801	YJR008W	0.79803
2802	YLR371W	0.798
2803	YPL100W	0.79799
2804	YDL240W	0.79798
2805	YBR185C	0.79786
2806	YOR301W	0.79769
2807	YPR184W	0.79767
2808	YNL116W	0.79767
2809	YHR041C	0.79766
2810	YJR135W-A	0.79765
2811	YDR478W	0.79759
2812	YNL069C	0.79752
2813	YIL007C	0.79739
2814	YBR176W	0.79738
2815	YDR311W	0.79737
2816	YDR349C	0.7973
2817	YFL036W	0.79727
2818	YLR143W	0.79726
2819	YMR166C	0.79724
2820	YGL031C	0.79724
2821	YNL256W	0.79722
2822	YDR298C	0.7972
2823	YCR044C	0.79718
2824	YJR034W	0.79708
2825	YOR005C	0.79688
2826	YGR178C	0.79686
2827	YOR322C	0.79673
2828	YOR136W	0.79668
2829	YNL252C	0.79665
2830	YBR191W	0.79664
2831	YHR072W	0.79663
2832	YHR201C	0.79659
2833	YDR134C	0.79656
2834	YOR038C	0.79654
2835	YLR046C	0.79649
2836	YJL154C	0.7964
2837	YDL209C	0.79639
2838	YDL030W	0.79633
2839	YMR039C	0.79631
2840	YDR171W	0.79628
2841	YML031W	0.79626
2842	YHR116W	0.79624
2843	YMR275C	0.79619
2844	YJL072C	0.79618
2845	YGL019W	0.79617
2846	YIR032C	0.79616
2847	YFL047W	0.79615
2848	YKL040C	0.79615
2849	YJL151C	0.79609
2850	YNR034W-A	0.79601
2851	YNL316C	0.79593
2852	YFR007W	0.7959
2853	YNL326C	0.79589
2854	YIR017C	0.79587
2855	YML118W	0.79585
2856	YHL031C	0.79584
2857	YKL142W	0.79584
2858	YAR066W	0.79576
2859	YHR214W	0.79576
2860	YJR020W	0.79573
2861	YHR075C	0.79572
2862	YKL215C	0.79569
2863	YNL063W	0.79568
2864	YBR231C	0.79568
2865	YHR076W	0.7956
2866	YGR111W	0.79559
2867	YLR225C	0.79557
2868	YLR419W	0.79548
2869	YGL155W	0.79546
2870	YMR251W	0.79545
2871	YPL210C	0.79536
2872	YBR059C	0.79526
2873	YMR309C	0.79522
2874	YPL032C	0.79517
2875	YKL086W	0.79514
2876	YLR430W	0.79501
2877	YPL181W	0.79499
2878	YHR120W	0.79496
2879	YNL173C	0.79493
2880	YNL168C	0.79488
2881	YLL052C	0.79481
2882	YMR041C	0.79471
2883	YHR118C	0.7947
2884	YDR268W	0.79465
2885	YBR297W	0.79462
2886	YFL025C	0.7946
2887	YNR023W	0.79459
2888	YBR271W	0.79454
2889	YNL317W	0.79451
2890	YHL013C	0.79445
2891	YJL139C	0.79445
2892	YJL148W	0.79444
2893	YBR288C	0.79442
2894	YDR518W	0.79437
2895	YHR086W	0.79426
2896	YHR062C	0.79422
2897	YDR288W	0.79419
2898	YOR205C	0.79416
2899	YLR323C	0.79413
2900	YOR059C	0.79413
2901	YKR052C	0.79412
2902	YJL085W	0.79412
2903	YKR071C	0.79393
2904	YKR069W	0.79385
2905	YHR077C	0.79382
2906	YOL001W	0.79378
2907	YHR049W	0.79375
2908	YHR204W	0.79365
2909	YJR076C	0.79364
2910	YOR231W	0.79364
2911	YDR266C	0.79347
2912	YMR042W	0.79343
2913	YJL025W	0.79339
2914	YMR033W	0.7933
2915	YOL146W	0.79329
2916	YGL198W	0.79328
2917	YJL210W	0.79321
2918	YDL111C	0.7931
2919	YNL286W	0.79308
2920	YPL132W	0.79307
2921	YBR105C	0.79304
2922	YML111W	0.79302
2923	YER080W	0.79298
2924	YIL050W	0.79294
2925	YER042W	0.79291
2926	YDL227C	0.7929
2927	YLR090W	0.79289
2928	YOR014W	0.79288
2929	YLR287C	0.79284
2930	YHR165W-A	0.79281
2931	YML110C	0.79281
2932	YKL179C	0.79276
2933	YFR002W	0.79274
2934	YGL184C	0.79262
2935	YGL153W	0.79258
2936	YDR265W	0.79252
2937	YLR085C	0.79245
2938	YDR400W	0.79245
2939	YHR162W	0.79242
2940	YHL019C	0.7924
2941	YPL029W	0.79238
2942	YCR036W	0.79234
2943	YBR125C	0.79221
2944	YJR154W	0.79217
2945	YBR042C	0.79212
2946	YER163C	0.79212
2947	YCR079W	0.7921
2948	YOR252W	0.79203
2949	YOL116W	0.79202
2950	YFL023W	0.79197
2951	YOL043C	0.79197
2952	YMR114C	0.79195
2953	YDL035C	0.79192
2954	YCR042C	0.79192
2955	YGL246C	0.79177
2956	YKL178C	0.79171
2957	YOR219C	0.79163
2958	YDR524C-B	0.7916
2959	YGL053W	0.79156
2960	YGR036C	0.79142
2961	YDL154W	0.79137
2962	YJR042W	0.79119
2963	YLR316C	0.79117
2964	YHL010C	0.79115
2965	YGR194C	0.79112
2966	YHR038W	0.7911
2967	YKL173W	0.79107
2968	YDR178W	0.79098
2969	YDR284C	0.79094
2970	YNL032W	0.79093
2971	YER151C	0.79088
2972	YOR070C	0.79077
2973	YMR321C	0.79069
2974	YGL056C	0.79063
2975	YHR137W	0.79062
2976	YGR170W	0.79059
2977	YLR023C	0.79058
2978	YDL153C	0.79058
2979	YDR054C	0.79051
2980	YHR009C	0.79043
2981	YOR125C	0.79042
2982	YPR196W	0.79037
2983	YNR058W	0.79037
2984	YGR006W	0.79035
2985	YJL197W	0.79031
2986	YNL308C	0.79029
2987	YHL032C	0.79028
2988	YBR086C	0.79028
2989	YLR007W	0.79019
2990	YLR246W	0.79018
2991	YGL084C	0.79016
2992	YKL100C	0.7901
2993	YPR154W	0.79008
2994	YBL068W-A	0.79007
2995	YOR275C	0.79005
2996	YER037W	0.79
2997	YJL003W	0.78997
2998	YNL267W	0.78995
2999	YPR168W	0.78981
3000	YJL191W	0.78979
3001	YHR196W	0.78978
3002	YMR158W	0.78977
3003	YDL165W	0.78973
3004	YDR322C-A	0.78972
3005	YLR248W	0.78972
3006	YDL010W	0.78968
3007	YMR265C	0.78968
3008	YLL014W	0.78966
3009	YIL082W-A	0.78965
3010	YKL125W	0.7896
3011	YDR434W	0.78949
3012	YPL222W	0.78947
3013	YDR168W	0.78946
3014	YLR183C	0.78946
3015	YER127W	0.78946
3016	YLR364W	0.78931
3017	YMR047C	0.7893
3018	YNR056C	0.7893
3019	YPR060C	0.78929
3020	YKR021W	0.78917
3021	YOR198C	0.78902
3022	YDR441C	0.78902
3023	YNR069C	0.789
3024	YPL053C	0.78897
3025	YJR118C	0.78895
3026	YFL003C	0.78891
3027	YKL175W	0.7889
3028	YOR334W	0.78888
3029	YGL126W	0.78887
3030	YGL110C	0.78886
3031	YJR161C	0.78883
3032	YDR334W	0.78877
3033	YDR372C	0.78876
3034	YOL141W	0.78875
3035	YBL008W	0.78871
3036	YLR107W	0.78866
3037	YKL082C	0.78861
3038	YNR033W	0.78858
3039	YKL018W	0.78853
3040	YDR122W	0.7885
3041	YOL049W	0.78848
3042	YPL247C	0.7884
3043	YPR166C	0.78839
3044	YBR072W	0.78831
3045	YKL096W-A	0.78831
3046	YDR527W	0.7883
3047	YGL098W	0.78825
3048	YMR165C	0.78819
3049	YLR077W	0.78818
3050	YGL180W	0.7881
3051	YDL119C	0.78809
3052	YPL064C	0.78805
3053	YJL131C	0.78802
3054	YPL109C	0.78802
3055	YKL165C	0.788
3056	YBR070C	0.78799
3057	YGL010W	0.78796
3058	YJL059W	0.78792
3059	YLR174W	0.78787
3060	YCR076C	0.78785
3061	YEL006W	0.78783
3062	YPR189W	0.78782
3063	YLR281C	0.78781
3064	YNL336W	0.78771
3065	YPR169W	0.78769
3066	YLR088W	0.78768
3067	YBR158W	0.78766
3068	YDR183W	0.78766
3069	YBR030W	0.78765
3070	YNL291C	0.78759
3071	YAL034W-A	0.78758
3072	YOR188W	0.78757
3073	YBR229C	0.78756
3074	YGL141W	0.78756
3075	YKL174C	0.78755
3076	YOR134W	0.78749
3077	YBR302C	0.78749
3078	YML132W	0.78749
3079	YPR125W	0.78744
3080	YNL271C	0.78743
3081	YMR076C	0.78738
3082	YGL083W	0.78737
3083	YHR166C	0.78736
3084	YBR074W	0.78734
3085	YGL172W	0.78734
3086	YML100W	0.78734
3087	YER182W	0.78728
3088	YGR117C	0.78726
3089	YML019W	0.78724
3090	YOR344C	0.78723
3091	YMR043W	0.78721
3092	YPL196W	0.78703
3093	YLR051C	0.78699
3094	YKL090W	0.78696
3095	YKR063C	0.78693
3096	YMR233W	0.78691
3097	YGR133W	0.78686
3098	YFR033C	0.78685
3099	YBL047C	0.78685
3100	YPR066W	0.78681
3101	YCL048W-A	0.78679
3102	YNL273W	0.78667
3103	YOR389W	0.78665
3104	YCR031C	0.78664
3105	YOL056W	0.78656
3106	YNL283C	0.78655
3107	YLR061W	0.78655
3108	YBR110W	0.7865
3109	YIL161W	0.78635
3110	YPL209C	0.78632
3111	YOR090C	0.78626
3112	YLR110C	0.78622
3113	YPL263C	0.78621
3114	YHL001W	0.78619
3115	YPR094W	0.78618
3116	YGR295C	0.78618
3117	YDR128W	0.78616
3118	YPR098C	0.78602
3119	YNR021W	0.78602
3120	YBR119W	0.78599
3121	YJL192C	0.78596
3122	YGR209C	0.78596
3123	YJR055W	0.78586
3124	YGR097W	0.78585
3125	YML120C	0.78583
3126	YOR035C	0.78581
3127	YKR023W	0.78576
3128	YNL216W	0.7856
3129	YHR080C	0.78559
3130	YLL010C	0.78553
3131	YPR179C	0.78548
3132	YFR037C	0.78524
3133	YMR040W	0.78516
3134	YML063W	0.78515
3135	YDR403W	0.78508
3136	YOL144W	0.78508
3137	YOL051W	0.78492
3138	YDR359C	0.78478
3139	YOR253W	0.78475
3140	YLR239C	0.78473
3141	YER150W	0.78468
3142	YJR088C	0.78462
3143	YPL104W	0.78459
3144	YJR033C	0.78457
3145	YDR248C	0.78453
3146	YMR189W	0.78453
3147	YNL036W	0.78447
3148	YDR208W	0.78447
3149	YLR362W	0.78446
3150	YPL098C	0.78445
3151	YKL006W	0.7844
3152	YNL221C	0.78433
3153	YNL218W	0.78417
3154	YLR016C	0.78414
3155	YGR088W	0.78413
3156	YDL248W	0.78406
3157	YMR152W	0.78397
3158	YHR084W	0.78397
3159	YJR006W	0.78397
3160	YHR188C	0.78396
3161	YJR004C	0.78395
3162	YGR255C	0.78386
3163	YKL150W	0.78384
3164	YOR215C	0.78382
3165	YDR289C	0.78382
3166	YDR390C	0.78375
3167	YOL057W	0.78369
3168	YGR238C	0.78368
3169	YBL055C	0.78365
3170	YMR216C	0.78356
3171	YKR087C	0.78355
3172	YDL075W	0.78353
3173	YNL083W	0.78353
3174	YGR148C	0.78352
3175	YBR268W	0.78352
3176	YDR026C	0.78347
3177	YCR075W-A	0.78347
3178	YMR088C	0.78335
3179	YDL218W	0.78333
3180	YBR017C	0.78317
3181	YNL180C	0.78317
3182	YCR075C	0.78313
3183	YJL123C	0.78309
3184	YGL248W	0.78298
3185	YPL167C	0.78292
3186	YIL131C	0.7829
3187	YLR240W	0.78288
3188	YOR267C	0.78282
3189	YLR045C	0.78279
3190	YDR004W	0.78272
3191	YDR412W	0.7827
3192	YGR056W	0.78268
3193	YBR204C	0.78267
3194	YCL016C	0.78266
3195	YOR156C	0.78264
3196	YHL012W	0.78264
3197	YNR038W	0.78253
3198	YLR441C	0.78251
3199	YCR077C	0.78251
3200	Q0160	0.78249
3201	YPL096W	0.78245
3202	YLR314C	0.78244
3203	YNL048W	0.78243
3204	YMR020W	0.78241
3205	YGR099W	0.78239
3206	YLR032W	0.78229
3207	YDR407C	0.78226
3208	YGL231C	0.78223
3209	YNL239W	0.78221
3210	YLR406C	0.78205
3211	YEL015W	0.78199
3212	YDL231C	0.78194
3213	YPR198W	0.78188
3214	YHR008C	0.78184
3215	YHR139C	0.78181
3216	YOL027C	0.78176
3217	YDR052C	0.78173
3218	YJL097W	0.78169
3219	YDR347W	0.78163
3220	YFR016C	0.78161
3221	YDR370C	0.78153
3222	YJL053W	0.78145
3223	YGR109W-B	0.78142
3224	YPR162C	0.7814
3225	YCR090C	0.7813
3226	YHR158C	0.78127
3227	YJR002W	0.78126
3228	YDL225W	0.78126
3229	YOL072W	0.78116
3230	YIR007W	0.78113
3231	YKL026C	0.78109
3232	YLR338W	0.78107
3233	YHR171W	0.78086
3234	YDR379C-A	0.78086
3235	YLR029C	0.78077
3236	YAL051W	0.78077
3237	YBR293W	0.78074
3238	YKL139W	0.7807
3239	Q0105	0.78068
3240	YJR050W	0.78068
3241	YBL035C	0.78061
3242	YDR049W	0.78058
3243	YGL129C	0.78057
3244	YJR046W	0.78047
3245	YFL062W	0.78045
3246	YOR171C	0.78043
3247	YBR233W	0.78041
3248	YBL013W	0.78038
3249	YPL273W	0.78034
3250	YIL128W	0.78029
3251	YGL094C	0.78028
3252	YDR473C	0.78027
3253	YJL115W	0.78024
3254	YAL058W	0.78013
3255	YJL062W	0.7801
3256	YMR097C	0.78008
3257	YKL070W	0.78006
3258	YML130C	0.78002
3259	YCL001W-B	0.77992
3260	YGR110W	0.77991
3261	YFR001W	0.77987
3262	YOR017W	0.77981
3263	YGR058W	0.77966
3264	YKL043W	0.77952
3265	YDR430C	0.7795
3266	YCL008C	0.77949
3267	YHR150W	0.77948
3268	YNL242W	0.77934
3269	YBL069W	0.77931
3270	YFR013W	0.77926
3271	YLR207W	0.77926
3272	YMR012W	0.77926
3273	YJR036C	0.77922
3274	YHR122W	0.77917
3275	YBR009C	0.77911
3276	YDL122W	0.77905
3277	YGR242W	0.77905
3278	YIR038C	0.77902
3279	YPL045W	0.77897
3280	YLR380W	0.77897
3281	YGR144W	0.7789
3282	YKL167C	0.77888
3283	YAR028W	0.77882
3284	YGR090W	0.77882
3285	YMR126C	0.77877
3286	YDR427W	0.7787
3287	YGL104C	0.77869
3288	YOL152W	0.77868
3289	YNL318C	0.77861
3290	YCR007C	0.77861
3291	YOR130C	0.7786
3292	YDR150W	0.77852
3293	YGR263C	0.77842
3294	YDR472W	0.77839
3295	YHR197W	0.77834
3296	YBL037W	0.77834
3297	YPL072W	0.77832
3298	YPR175W	0.77831
3299	YAL013W	0.77831
3300	YER128W	0.77822
3301	YJR031C	0.77819
3302	YKL033W	0.77817
3303	YDR460W	0.77814
3304	YAL014C	0.77813
3305	YKL189W	0.77812
3306	YPL103C	0.77811
3307	YKL137W	0.77811
3308	YKL198C	0.7781
3309	YBR122C	0.77809
3310	YDR308C	0.77799
3311	YMR055C	0.77796
3312	YPL172C	0.77795
3313	YNL182C	0.7779
3314	YDR205W	0.77785
3315	YDL008W	0.77771
3316	YNL263C	0.77768
3317	YOR363C	0.77764
3318	YER039C-A	0.77762
3319	YOR256C	0.77761
3320	YCL055W	0.7776
3321	YJL203W	0.77758
3322	YBR005W	0.77747
3323	YNR075W	0.77741
3324	YNL162W-A	0.77739
3325	YBL104C	0.77738
3326	YPR105C	0.77737
3327	YKL032C	0.77735
3328	YOL022C	0.77731
3329	YPR097W	0.77726
3330	YLL062C	0.77722
3331	YMR173W	0.77718
3332	YHL014C	0.77717
3333	YCR026C	0.77706
3334	YHL048W	0.77705
3335	YLR414C	0.77704
3336	YGR066C	0.77702
3337	YLR205C	0.777
3338	Q0060	0.777
3339	YIL096C	0.77698
3340	YJL137C	0.77697
3341	YGR257C	0.77681
3342	YDR244W	0.7767
3343	YOR051C	0.77664
3344	YNL092W	0.77664
3345	YER161C	0.77663
3346	YJR099W	0.77662
3347	YOR281C	0.77659
3348	YNL039W	0.77658
3349	YIL133C	0.77654
3350	YLR103C	0.77649
3351	YMR121C	0.77648
3352	YEL009C	0.77646
3353	YNL002C	0.77642
3354	YMR231W	0.77628
3355	YJL133W	0.77624
3356	YPL065W	0.77622
3357	YDR435C	0.77612
3358	YPL268W	0.77609
3359	YER087C-B	0.77603
3360	YJL141C	0.77602
3361	YGR223C	0.776
3362	YDR363W-A	0.77598
3363	YKL192C	0.77595
3364	YDR286C	0.77585
3365	YDR506C	0.77581
3366	YDR420W	0.77581
3367	YKR061W	0.7758
3368	YJR100C	0.77577
3369	YHR146W	0.77576
3370	YPL084W	0.77576
3371	YOL105C	0.77569
3372	YGR042W	0.77564
3373	YDR476C	0.77563
3374	YLR141W	0.7756
3375	YPL277C	0.77557
3376	YDL059C	0.77557
3377	YBR193C	0.77551
3378	YGL029W	0.77549
3379	YPL023C	0.77542
3380	YBR147W	0.7753
3381	YMR312W	0.77528
3382	YGL065C	0.77524
3383	YOR227W	0.77523
3384	YKL124W	0.77519
3385	YKL214C	0.77487
3386	YGR188C	0.77486
3387	YEL048C	0.77472
3388	YKL006C-A	0.77469
3389	YNL310C	0.77458
3390	YKR058W	0.77456
3391	YGR166W	0.77452
3392	YGR116W	0.77439
3393	Q0055	0.77437
3394	YLR194C	0.77435
3395	YDR204W	0.77434
3396	YOL108C	0.77427
3397	YEL059C-A	0.77426
3398	YDR160W	0.77417
3399	YNL250W	0.77413
3400	YJL156C	0.77413
3401	YFR031C-A	0.77406
3402	YIL018W	0.77406
3403	YER048C	0.774
3404	YBR281C	0.77398
3405	YER074W	0.77391
3406	YIL069C	0.77391
3407	YIL115C	0.77391
3408	YKR085C	0.7739
3409	YPL128C	0.77382
3410	YAR033W	0.77381
3411	YDR512C	0.77374
3412	YGL213C	0.77372
3413	YNR018W	0.77372
3414	YGL216W	0.77371
3415	YNL015W	0.77365
3416	YPL270W	0.7736
3417	YOR067C	0.77359
3418	YML013W	0.77356
3419	YBR280C	0.77351
3420	YDL025C	0.7735
3421	YKL089W	0.7734
3422	YKL010C	0.77339
3423	YLR266C	0.77338
3424	YLR068W	0.77335
3425	YKL168C	0.77328
3426	YAR075W	0.77328
3427	YER083C	0.77327
3428	YGL228W	0.77325
3429	YHR011W	0.77314
3430	YJR123W	0.7731
3431	YLR163C	0.77309
3432	YLR425W	0.77308
3433	YBR142W	0.77301
3434	YJL194W	0.773
3435	YGR157W	0.77299
3436	YNL047C	0.77297
3437	YMR291W	0.77294
3438	YGR167W	0.77294
3439	YOR377W	0.77288
3440	YDL099W	0.77288
3441	YNL261W	0.77287
3442	YJL102W	0.77286
3443	YOR237W	0.77283
3444	YDR409W	0.77282
3445	YOR365C	0.77275
3446	YKL054C	0.77274
3447	YGR062C	0.77272
3448	YGL051W	0.77271
3449	YJL091C	0.77259
3450	YKR096W	0.7725
3451	YPR114W	0.77247
3452	YOL102C	0.77243
3453	YOL045W	0.7724
3454	YGR002C	0.77233
3455	YDR488C	0.77233
3456	YOR069W	0.77232
3457	YPL188W	0.77231
3458	YPR001W	0.77228
3459	YGR033C	0.77227
3460	YDR501W	0.77225
3461	YKL209C	0.77223
3462	YDR006C	0.77222
3463	YGR102C	0.77217
3464	YEL012W	0.77212
3465	YKL140W	0.77211
3466	YCL057C-A	0.77205
3467	YDR137W	0.77195
3468	YOL077W-A	0.77195
3469	YDR395W	0.77182
3470	YFL010C	0.77178
3471	YDL028C	0.77177
3472	YKL155C	0.77174
3473	YML032C	0.77172
3474	YDR152W	0.7717
3475	YGR014W	0.7717
3476	YDR326C	0.77167
3477	YOR174W	0.77161
3478	YNL278W	0.77158
3479	YDL003W	0.77154
3480	YER154W	0.77145
3481	YDL058W	0.77145
3482	YPR029C	0.77142
3483	YDR496C	0.77135
3484	YLR043C	0.77132
3485	YIL167W	0.77122
3486	YOR033C	0.77121
3487	YOL054W	0.77121
3488	YDR301W	0.7712
3489	YDR112W	0.77117
3490	YOR020W-A	0.77109
3491	YDL133W	0.77108
3492	YOR123C	0.77106
3493	YLR393W	0.77091
3494	YLR290C	0.77088
3495	YOL071W	0.77079
3496	YIL073C	0.77076
3497	YPR200C	0.77068
3498	YMR067C	0.77061
3499	YKL012W	0.77056
3500	YPL191C	0.7705
3501	YJL031C	0.77041
3502	YBL095W	0.7704
3503	YPR115W	0.77039
3504	YKL047W	0.77025
3505	YAR031W	0.77022
3506	YGR128C	0.77021
3507	YER147C	0.77016
3508	YMR212C	0.77015
3509	YGL257C	0.77014
3510	YML042W	0.77011
3511	YIL072W	0.77003
3512	YML051W	0.76998
3513	YJR112W	0.76981
3514	YBR048W	0.76972
3515	YDR025W	0.76972
3516	YBR028C	0.76969
3517	YGL185C	0.76964
3518	YPL074W	0.76964
3519	YML060W	0.76961
3520	YGR059W	0.76958
3521	YGL259W	0.76956
3522	YDL160C-A	0.76951
3523	YNL258C	0.76941
3524	YHR073W	0.7694
3525	YDR387C	0.76938
3526	YGR216C	0.76927
3527	YKR064W	0.76916
3528	YOR299W	0.76904
3529	YNL217W	0.76902
3530	YNL289W	0.76899
3531	YNL279W	0.76897
3532	YAR008W	0.7688
3533	YFL046W	0.76879
3534	YPL228W	0.76876
3535	YDR391C	0.76872
3536	YHR186C	0.7686
3537	YJL098W	0.76856
3538	YPL260W	0.76854
3539	YOR111W	0.76851
3540	YJR019C	0.76851
3541	YGR091W	0.76849
3542	YMR035W	0.76846
3543	YCL026C-B	0.76839
3544	YBR065C	0.76838
3545	YMR091C	0.76835
3546	YBL086C	0.76823
3547	YOR075W	0.76821
3548	YIL085C	0.76819
3549	YDR251W	0.76818
3550	YCL042W	0.76818
3551	YDR003W	0.76815
3552	YDL198C	0.76806
3553	YJL100W	0.76806
3554	YDR316W	0.76789
3555	YPR148C	0.76789
3556	YBR260C	0.76782
3557	YBR102C	0.76766
3558	YER058W	0.7676
3559	YPL007C	0.7674
3560	YIL061C	0.76735
3561	YER068W	0.76731
3562	YNL151C	0.76727
3563	YKR028W	0.76726
3564	YDR079W	0.76726
3565	YNR030W	0.76724
3566	YDR182W-A	0.76719
3567	YBR278W	0.76718
3568	YKL019W	0.76718
3569	YMR240C	0.76717
3570	YDR323C	0.76708
3571	YOR160W	0.76707
3572	YHR209W	0.76701
3573	YOR288C	0.76697
3574	YER021W	0.76689
3575	YLR177W	0.76687
3576	YDR206W	0.76686
3577	YGR177C	0.7668
3578	YDR218C	0.76678
3579	YOR338W	0.76671
3580	YCR039C	0.76666
3581	YCL067C	0.76666
3582	YOL149W	0.76658
3583	YER061C	0.76655
3584	YIL138C	0.76654
3585	YHR140W	0.76644
3586	YDL136W	0.76643
3587	YDL191W	0.76643
3588	YLL054C	0.76637
3589	YLR164W	0.76635
3590	YER048W-A	0.76635
3591	YDR538W	0.76634
3592	YMR044W	0.76629
3593	YCR086W	0.76628
3594	YLR150W	0.76628
3595	YER101C	0.76627
3596	YIL171W	0.76622
3597	YER140W	0.7662
3598	YKL071W	0.76615
3599	YNL084C	0.76612
3600	YMR024W	0.7661
3601	YNL085W	0.76606
3602	YDR482C	0.76603
3603	YNL219C	0.76599
3604	YMR125W	0.76596
3605	YIR001C	0.76596
3606	YOR211C	0.7659
3607	YDR080W	0.76585
3608	YCL034W	0.76582
3609	YLR015W	0.76574
3610	YOL121C	0.76574
3611	YGR068C	0.76572
3612	YMR287C	0.76562
3613	YMR289W	0.76556
3614	YOR278W	0.76554
3615	YHR199C	0.76552
3616	YPR116W	0.76552
3617	YBL080C	0.76547
3618	YGL169W	0.76543
3619	YIL154C	0.76541
3620	YPL125W	0.76541
3621	YBR282W	0.76531
3622	YIL130W	0.76524
3623	YIL111W	0.76516
3624	YGR165W	0.76497
3625	YLR456W	0.76494
3626	YER078C	0.76494
3627	YGL018C	0.76491
3628	YLR262C-A	0.76488
3629	YGR070W	0.76479
3630	YCL052C	0.76477
3631	YMR267W	0.76462
3632	YNL208W	0.7646
3633	YMR223W	0.76457
3634	YGR101W	0.76457
3635	YJL126W	0.7645
3636	YDL015C	0.7645
3637	YOR251C	0.76448
3638	YDL234C	0.76437
3639	YGR044C	0.76431
3640	YNL077W	0.76429
3641	YGL161C	0.76422
3642	YBL049W	0.76421
3643	YKR103W	0.76414
3644	YBL097W	0.76412
3645	YKR012C	0.7641
3646	YLR035C	0.76408
3647	YML096W	0.76391
3648	YPL141C	0.7639
3649	YPL162C	0.7639
3650	YIR013C	0.76386
3651	YNL236W	0.76381
3652	YPR057W	0.7638
3653	YLR096W	0.76376
3654	YNL302C	0.76357
3655	YGL158W	0.76351
3656	YNR062C	0.76342
3657	YJL071W	0.76333
3658	YGL133W	0.76333
3659	YGR258C	0.76329
3660	YDR233C	0.76326
3661	YDR253C	0.76324
3662	YJR142W	0.76321
3663	YGL014W	0.7632
3664	YGR280C	0.76311
3665	YGL092W	0.76305
3666	YJL106W	0.76297
3667	YCL058W-A	0.76294
3668	YIL076W	0.76277
3669	YDL054C	0.76273
3670	YDR485C	0.76271
3671	YBR247C	0.76254
3672	YIL134W	0.76232
3673	YMR259C	0.76232
3674	YPL081W	0.76231
3675	YGL203C	0.76231
3676	YGR149W	0.76223
3677	YIL017C	0.76222
3678	YOL087C	0.76219
3679	YMR129W	0.76215
3680	YOR024W	0.76213
3681	YMR295C	0.76209
3682	YHL028W	0.76204
3683	YJR022W	0.76197
3684	YKL099C	0.76194
3685	YML066C	0.76192
3686	YOL128C	0.76185
3687	YJL054W	0.76184
3688	YCR014C	0.76184
3689	YPL163C	0.76181
3690	YKL203C	0.76179
3691	YOR026W	0.76177
3692	YNL301C	0.76166
3693	YOL120C	0.76166
3694	YHR045W	0.7616
3695	YGR274C	0.76159
3696	YLR226W	0.76159
3697	YPR072W	0.76159
3698	YGL189C	0.76155
3699	YGR158C	0.76139
3700	YPR123C	0.76125
3701	YAL056W	0.76121
3702	YNR044W	0.76118
3703	YJL006C	0.76116
3704	YML049C	0.76114
3705	YGR112W	0.76112
3706	YOR042W	0.7611
3707	YNL035C	0.76109
3708	YDR389W	0.76105
3709	YMR028W	0.761
3710	YDR192C	0.7609
3711	YOR002W	0.76088
3712	YBL059C-A	0.76086
3713	YOR305W	0.76085
3714	YKL034W	0.76085
3715	YFL013C	0.76082
3716	YKL143W	0.76078
3717	YER144C	0.76075
3718	YCR089W	0.76074
3719	YLL038C	0.76073
3720	YPL020C	0.76073
3721	YJL127C	0.76063
3722	YNL050C	0.76058
3723	YPL148C	0.76058
3724	YGL067W	0.76048
3725	YOR360C	0.76047
3726	YKR007W	0.76045
3727	YER105C	0.76045
3728	YER131W	0.76042
3729	YBR279W	0.76042
3730	YEL053C	0.76022
3731	YNR022C	0.76021
3732	YKL005C	0.7602
3733	YPR079W	0.7602
3734	YDR213W	0.7602
3735	YOL033W	0.7601
3736	YHR060W	0.7601
3737	YBR189W	0.7601
3738	YOL127W	0.76008
3739	YPR055W	0.75996
3740	YGR072W	0.75996
3741	YAL059W	0.75987
3742	YKL045W	0.75979
3743	YGL262W	0.75972
3744	YML081C-A	0.75972
3745	Q0070	0.75971
3746	YDL116W	0.75969
3747	YHL024W	0.75967
3748	YLR097C	0.75963
3749	YDR314C	0.75961
3750	YJR146W	0.75959
3751	YPL105C	0.75953
3752	YCR013C	0.75949
3753	YDR363W	0.75947
3754	YOR166C	0.75941
3755	YNR068C	0.75927
3756	YBR284W	0.75917
3757	YLR109W	0.75916
3758	YIL023C	0.75909
3759	YER114C	0.75905
3760	YMR251W-A	0.75901
3761	YMR010W	0.759
3762	YJR051W	0.75878
3763	YGL080W	0.75872
3764	YER188W	0.75857
3765	YJL193W	0.75849
3766	YHR133C	0.75835
3767	YPR030W	0.75834
3768	YPR045C	0.75829
3769	YBR246W	0.75826
3770	YIL026C	0.75824
3771	YJL020C	0.75824
3772	YLR264W	0.75823
3773	YNL097C	0.75811
3774	YLL046C	0.75784
3775	YOR386W	0.75781
3776	YKL219W	0.75777
3777	YDL146W	0.75775
3778	YAR027W	0.75771
3779	YPL107W	0.75769
3780	YIL082W	0.75768
3781	YOR309C	0.75747
3782	YOR191W	0.75739
3783	YOR098C	0.75739
3784	YML020W	0.75739
3785	YKR089C	0.75735
3786	YGR109W-A	0.75727
3787	YOR138C	0.75718
3788	YDR320C-A	0.75708
3789	YOL048C	0.75707
3790	YER180C-A	0.75702
3791	YKL049C	0.75696
3792	YLR305C	0.75682
3793	YMR053C	0.75671
3794	YOL076W	0.7566
3795	YNL320W	0.75647
3796	YPR141C	0.75643
3797	YIL006W	0.75632
3798	YDL024C	0.75629
3799	YJR097W	0.75627
3800	YEL016C	0.75626
3801	YDL157C	0.75624
3802	YKL132C	0.75623
3803	YBR179C	0.75619
3804	YOR194C	0.75619
3805	YML117W	0.75617
3806	YPL238C	0.75616
3807	Q0142	0.75612
3808	YKL122C	0.75609
3809	YFR034C	0.75604
3810	YPL078C	0.75603
3811	YLR417W	0.75601
3812	YOL086W-A	0.75597
3813	YDL021W	0.75596
3814	YJL140W	0.75593
3815	YGL085W	0.75593
3816	YLR063W	0.7559
3817	YBR107C	0.75589
3818	YOL042W	0.75586
3819	YML071C	0.75584
3820	YJL046W	0.75583
3821	YDR180W	0.75583
3822	YPR085C	0.75582
3823	YPR048W	0.75579
3824	YCR040W	0.75565
3825	YCL066W	0.75565
3826	YNL294C	0.75563
3827	YOL013C	0.75562
3828	YLR050C	0.75557
3829	YGR046W	0.75548
3830	YER008C	0.75542
3831	YJR082C	0.75531
3832	YGL125W	0.75529
3833	YOR167C	0.75521
3834	YBR022W	0.75519
3835	YDR463W	0.75517
3836	YLR292C	0.75514
3837	YBR186W	0.75502
3838	YDR101C	0.75487
3839	YCL026C-A	0.75471
3840	YEL022W	0.7547
3841	YHR079C	0.75468
3842	YMR209C	0.75462
3843	YBR201W	0.75458
3844	YJR140C	0.75443
3845	YBR016W	0.75443
3846	YNL193W	0.75443
3847	YKL088W	0.7541
3848	YNL227C	0.75409
3849	YDL013W	0.75409
3850	YDR036C	0.75405
3851	YJL004C	0.75402
3852	YHR059W	0.75386
3853	YAR009C	0.75385
3854	YNR040W	0.75364
3855	YJL206C	0.75361
3856	YPR155C	0.75356
3857	YIR043C	0.75353
3858	YER139C	0.7535
3859	YAL004W	0.7535
3860	YDR503C	0.75336
3861	YHL006C	0.75334
3862	YPL243W	0.7533
3863	YER076C	0.75321
3864	YGR201C	0.7532
3865	YNL051W	0.75313
3866	YOL052C-A	0.75307
3867	YOR064C	0.75307
3868	YOR031W	0.75306
3869	YLR166C	0.75306
3870	YDR198C	0.75306
3871	YKL057C	0.75303
3872	YMR077C	0.75302
3873	YPL003W	0.75302
3874	YDL011C	0.753
3875	YPL252C	0.75283
3876	YMR014W	0.75275
3877	YCL004W	0.75274
3878	YLR339C	0.75264
3879	YLR336C	0.75263
3880	YPL115C	0.7526
3881	YML088W	0.75258
3882	YDL241W	0.75256
3883	YDR302W	0.75252
3884	YGL191W	0.75241
3885	YAL017W	0.75241
3886	YGR237C	0.75237
3887	YDL091C	0.75233
3888	YBL092W	0.75233
3889	YJR044C	0.7523
3890	YLL031C	0.75227
3891	YHL030W	0.75222
3892	YGL032C	0.75217
3893	YMR313C	0.75214
3894	YBR212W	0.75208
3895	YIL104C	0.75198
3896	YGL108C	0.75188
3897	YMR154C	0.75181
3898	YML095C	0.75173
3899	YOR124C	0.7517
3900	YIL005W	0.75169
3901	YCL012C	0.75157
3902	YLR071C	0.75156
3903	YML104C	0.75155
3904	YOR043W	0.75153
3905	YOR245C	0.75151
3906	YCL049C	0.7515
3907	YDR428C	0.75143
3908	YLR191W	0.75138
3909	YDR020C	0.75136
3910	YCR052W	0.75132
3911	YPL038W	0.75126
3912	YNL052W	0.75124
3913	YJL069C	0.75123
3914	YOR139C	0.75114
3915	YPR092W	0.7511
3916	YNR006W	0.75107
3917	YCR054C	0.75104
3918	YOL047C	0.75087
3919	YPR093C	0.75085
3920	YNL178W	0.75083
3921	YMR194W	0.75072
3922	YKL188C	0.75071
3923	YBR253W	0.75071
3924	YDR247W	0.7507
3925	YGL131C	0.75067
3926	YGL025C	0.7506
3927	YOL088C	0.75052
3928	YGR154C	0.75052
3929	YHL022C	0.75049
3930	YLR093C	0.75044
3931	YMR171C	0.75043
3932	YGL116W	0.75039
3933	YNL262W	0.75031
3934	YGR183C	0.75019
3935	YLR309C	0.75019
3936	YGR174C	0.75014
3937	YPR197C	0.75007
3938	YOL019W	0.75006
3939	YAL002W	0.75002
3940	YBR026C	0.75
3941	YOL078W	0.74999
3942	YAL011W	0.74993
3943	YGL195W	0.7499
3944	YGL254W	0.74981
3945	YOR269W	0.74974
3946	YNL080C	0.74959
3947	YHR198C	0.74944
3948	YHR173C	0.74941
3949	YLR344W	0.74938
3950	YLR064W	0.74935
3951	YLR187W	0.74934
3952	YKL030W	0.74923
3953	YLR260W	0.74915
3954	YGL263W	0.74913
3955	YLR054C	0.74909
3956	YGR278W	0.74904
3957	YDR163W	0.74893
3958	YBR111W-A	0.74891
3959	YGL233W	0.74889
3960	YBR123C	0.74884
3961	YDL053C	0.74859
3962	YMR115W	0.74859
3963	YDL043C	0.74858
3964	YNL215W	0.74847
3965	YHR172W	0.74846
3966	YMR110C	0.74845
3967	YKL195W	0.74844
3968	YDR018C	0.74844
3969	YLR001C	0.74841
3970	YKL121W	0.74838
3971	YPR152C	0.74837
3972	YLR013W	0.74822
3973	YOL028C	0.74818
3974	YGR034W	0.74811
3975	YDL066W	0.7481
3976	YNL224C	0.74808
3977	YDL023C	0.74797
3978	YHR015W	0.74793
3979	YCL031C	0.74789
3980	YIL070C	0.74787
3981	YLR233C	0.7478
3982	YPL165C	0.74778
3983	YLL035W	0.74775
3984	YER064C	0.74764
3985	YOR287C	0.74753
3986	YJR122W	0.74752
3987	YKL206C	0.74742
3988	YPR031W	0.74741
3989	YOR081C	0.74739
3990	YBL033C	0.74738
3991	YKL068W	0.74736
3992	YOR106W	0.74722
3993	YMR070W	0.74711
3994	YDL203C	0.74706
3995	YJL061W	0.74694
3996	YLR363C	0.74685
3997	YLR039C	0.7468
3998	YLR368W	0.74664
3999	YGR109C	0.74664
4000	YER034W	0.74663
4001	YKR040C	0.74662
4002	YIR021W	0.74649
4003	YCR095C	0.74644
4004	YDR108W	0.74643
4005	YML046W	0.74642
4006	YGL150C	0.74618
4007	YBL066C	0.74617
4008	YKL186C	0.74615
4009	YKR065C	0.74613
4010	YMR157C	0.74608
4011	YEL062W	0.74595
4012	YER024W	0.74592
4013	YFR052W	0.7459
4014	YER019C-A	0.74577
4015	YMR068W	0.74567
4016	YJR043C	0.74564
4017	YBL010C	0.74559
4018	YBL028C	0.74549
4019	YDL113C	0.74545
4020	YDR222W	0.74544
4021	YMR112C	0.74532
4022	YCR093W	0.74531
4023	YDR507C	0.7453
4024	YNL315C	0.74527
4025	YGR127W	0.7452
4026	YNL128W	0.74518
4027	YMR290W-A	0.74517
4028	YOR229W	0.7451
4029	YFR020W	0.74506
4030	YER007W	0.745
4031	YFL029C	0.745
4032	YAR002W	0.745
4033	YNL122C	0.74497
4034	YGR235C	0.7449
4035	YIL087C	0.7449
4036	YHL034W-A	0.74485
4037	YPR191W	0.74481
4038	YMR106C	0.7448
4039	YJR126C	0.74475
4040	YMR026C	0.7447
4041	YGR202C	0.74468
4042	YIR005W	0.74465
4043	YGR270W	0.74462
4044	YHL035C	0.7446
4045	YDR262W	0.74455
4046	YPL123C	0.74451
4047	YBR097W	0.74439
4048	YBR289W	0.74438
4049	YDR027C	0.74437
4050	YDR106W	0.74437
4051	YDR087C	0.74429
4052	YMR156C	0.74423
4053	YKR006C	0.74413
4054	YCR016W	0.74411
4055	YNR007C	0.74408
4056	YDR269C	0.74407
4057	YHR127W	0.74403
4058	YDL179W	0.74402
4059	YBR221W-A	0.74402
4060	YBL004W	0.74399
4061	YKR082W	0.74397
4062	YJR091C	0.74395
4063	YMR087W	0.7439
4064	YMR211W	0.74388
4065	YOR247W	0.74383
4066	YNR031C	0.74373
4067	YLR084C	0.74369
4068	YDL012C	0.74366
4069	YKR090W	0.74359
4070	YPL249C-A	0.74346
4071	YKL116C	0.7434
4072	YDR283C	0.74339
4073	YPL248C	0.74327
4074	YIL100C-A	0.74324
4075	YPL155C	0.7432
4076	YPR075C	0.74319
4077	YPR089W	0.74315
4078	YAL043C	0.74314
4079	YPR010C-A	0.74309
4080	YOR387C	0.74303
4081	YDL237W	0.74301
4082	YPR038W	0.74301
4083	YJL039C	0.743
4084	YOR320C	0.74297
4085	YGL024W	0.74295
4086	YMR140W	0.74294
4087	YLR204W	0.74293
4088	YCL002C	0.74292
4089	YNL300W	0.74289
4090	YKR044W	0.74283
4091	YDR475C	0.74268
4092	YGR038W	0.74264
4093	YJR090C	0.74261
4094	YDR461W	0.74256
4095	YOR346W	0.74252
4096	YAR019C	0.74251
4097	YIL077C	0.74249
4098	YJL084C	0.74249
4099	YDR354W	0.74238
4100	YDR110W	0.74233
4101	YLR299W	0.7423
4102	YIL059C	0.74221
4103	YIL137C	0.74213
4104	YHR126C	0.74208
4105	YER077C	0.74207
4106	YGR003W	0.74201
4107	YBR129C	0.74191
4108	YDR410C	0.74185
4109	YOR078W	0.74177
4110	YKL055C	0.74176
4111	YKL066W	0.74173
4112	YOR329C	0.74171
4113	YPL186C	0.74168
4114	YJR066W	0.74167
4115	YIL009C-A	0.74163
4116	YDR221W	0.74155
4117	YGL258W	0.74153
4118	YGL227W	0.74153
4119	YML093W	0.74152
4120	YML048W	0.74146
4121	YDR423C	0.74145
4122	YHR028W-A	0.74144
4123	YIL027C	0.74142
4124	YPL005W	0.74136
4125	YNL012W	0.74129
4126	YGR212W	0.74125
4127	YLR312W-A	0.74117
4128	YML090W	0.7411
4129	YJR039W	0.74096
4130	YBL085W	0.74067
4131	YFL027C	0.74063
4132	YGR156W	0.74063
4133	YOR112W	0.74063
4134	YLR149C-A	0.74062
4135	YBR258C	0.74056
4136	YGL174W	0.74055
4137	YBR181C	0.74054
4138	YPL090C	0.74054
4139	YDL117W	0.74047
4140	YMR137C	0.74047
4141	YGR104C	0.74038
4142	YJL057C	0.74035
4143	YDL214C	0.74034
4144	YDL065C	0.74027
4145	YNL073W	0.74027
4146	YLR021W	0.74014
4147	YMR029C	0.73999
4148	YNL127W	0.73992
4149	YOL004W	0.73992
4150	YDR279W	0.73992
4151	YMR185W	0.7399
4152	YMR207C	0.73989
4153	YBL045C	0.73988
4154	YJR071W	0.73988
4155	YNL139C	0.73982
4156	YOL026C	0.73982
4157	YCR019W	0.73982
4158	YJL101C	0.7398
4159	YLL022C	0.73976
4160	YLR104W	0.73971
4161	YPR139C	0.73969
4162	YDR072C	0.73964
4163	YJL029C	0.73962
4164	YKL016C	0.7396
4165	YCR003W	0.73956
4166	YNL166C	0.73954
4167	YBL074C	0.73949
4168	YFL040W	0.73948
4169	YPL126W	0.73947
4170	YJR060W	0.73941
4171	YPR026W	0.7394
4172	YHR078W	0.73939
4173	YAL025C	0.73933
4174	YGL069C	0.73929
4175	YNL257C	0.73924
4176	YHR101C	0.73921
4177	YDR489W	0.73913
4178	YDR299W	0.73913
4179	YJR119C	0.73906
4180	YNL009W	0.73902
4181	YNL126W	0.73901
4182	YOR060C	0.73899
4183	YBL079W	0.73897
4184	YGR073C	0.73893
4185	YDR231C	0.73888
4186	YBR255C-A	0.73885
4187	YBR040W	0.73872
4188	YDL002C	0.73864
4189	YJL109C	0.73849
4190	YCR091W	0.73845
4191	YHR214C-B	0.73838
4192	YIL090W	0.73835
4193	YHR067W	0.73833
4194	YKR029C	0.73825
4195	YOR371C	0.73823
4196	YPL254W	0.73819
4197	YPR036W	0.73818
4198	YHL049C	0.73813
4199	YMR192W	0.73812
4200	YDR470C	0.73812
4201	YOR190W	0.73804
4202	YOL095C	0.73794
4203	YDL127W	0.73793
4204	YGL016W	0.73792
4205	YPL041C	0.73791
4206	YJL047C	0.73786
4207	YOR368W	0.73783
4208	YOR312C	0.73778
4209	YMR242C	0.73778
4210	YBR276C	0.73776
4211	YJL107C	0.73772
4212	YOR180C	0.73769
4213	YLR247C	0.73763
4214	YDR511W	0.73755
4215	YDL112W	0.73753
4216	YDL106C	0.73751
4217	YJR111C	0.73748
4218	YKL072W	0.73745
4219	YER113C	0.73744
4220	YDR365W-B	0.73744
4221	YJL062W-A	0.73741
4222	YKR047W	0.7373
4223	YBR098W	0.73727
4224	YLL013C	0.73726
4225	YPR187W	0.73722
4226	YBR044C	0.73718
4227	YER096W	0.73715
4228	YDR449C	0.73711
4229	YLR199C	0.73703
4230	YLR006C	0.73698
4231	YIR011C	0.73698
4232	YLL051C	0.73697
4233	YLR403W	0.73696
4234	YCR024C-A	0.73684
4235	YBL014C	0.73684
4236	YNL203C	0.73683
4237	YBR081C	0.73681
4238	YDR376W	0.73676
4239	YBL051C	0.73672
4240	YDR245W	0.73667
4241	YER087W	0.73659
4242	YKL015W	0.73658
4243	YLR439W	0.73655
4244	YDR318W	0.73636
4245	YNL029C	0.73634
4246	YMR247C	0.73632
4247	YLR095C	0.73627
4248	YNR059W	0.73626
4249	YHL020C	0.73626
4250	YEL023C	0.73623
4251	YMR190C	0.73623
4252	YDL074C	0.73619
4253	YGR205W	0.73615
4254	YGL192W	0.73614
4255	YMR182C	0.73613
4256	YIL084C	0.73602
4257	YJR115W	0.73598
4258	YLL004W	0.73589
4259	YPR042C	0.73587
4260	YDR261C	0.73584
4261	YOR093C	0.73573
4262	YDR179W-A	0.73567
4263	YOR149C	0.73567
4264	YOR063W	0.73565
4265	YER138C	0.7356
4266	YKR049C	0.73557
4267	YBR172C	0.73554
4268	YLR392C	0.73552
4269	YOL103W-B	0.73543
4270	YPL189W	0.73543
4271	YLR256W-B/YLR256W-C	0.73535
4272	YNR066C	0.73532
4273	YPL257W-B	0.73526
4274	YLL016W	0.7352
4275	YHR022C	0.73519
4276	YIL056W	0.73514
4277	YHR055C	0.73511
4278	YHR053C	0.73511
4279	YIL156W	0.73506
4280	YJL112W	0.73503
4281	YPL233W	0.73489
4282	YER047C	0.73485
4283	YPL183W-A	0.73478
4284	YLR149C	0.73477
4285	YPL119C-A	0.73468
4286	YNL249C	0.73467
4287	YMR168C	0.73456
4288	YLR157C-B	0.73456
4289	YGR038C-B	0.73454
4290	YIL057C	0.73452
4291	YIL102C	0.7345
4292	YDR242W	0.73448
4293	YML045W	0.73447
4294	YNL158W	0.73445
4295	YJR027W	0.73445
4296	YDL183C	0.73443
4297	YLR332W	0.73439
4298	YDR319C	0.73432
4299	YMR130W	0.73432
4300	YGL160W	0.73427
4301	YOR319W	0.7341
4302	YDL149W	0.73409
4303	YMR182W-A	0.73406
4304	YDR068W	0.73406
4305	YDR520C	0.73402
4306	YDR098C-B	0.73401
4307	YDR246W	0.73398
4308	YDL041W	0.73395
4309	YDR320W-B	0.73391
4310	YOR179C	0.73384
4311	YOR161W-B	0.73374
4312	YDR320C	0.73371
4313	YPR137C-B	0.73369
4314	YNL253W	0.73359
4315	YMR013C	0.73358
4316	YER187W	0.73348
4317	YER169W	0.73348
4318	YBR163W	0.73345
4319	YNL136W	0.73343
4320	YBL060W	0.73342
4321	YDL048C	0.73331
4322	YLR132C	0.73323
4323	YML039W	0.73304
4324	YLR255C	0.73295
4325	YJR102C	0.7328
4326	YGR108W	0.73278
4327	YMR283C	0.73257
4328	YGL134W	0.73251
4329	YHR214C-C	0.7325
4330	YJR029W	0.73249
4331	YDR273W	0.73248
4332	YGR161C-D	0.73231
4333	YMR122W-A	0.7323
4334	YJL166W	0.73229
4335	YKR041W	0.73223
4336	YBL090W	0.73222
4337	YDR079C-A	0.7322
4338	YLL007C	0.7322
4339	YMR050C	0.73219
4340	YMR281W	0.73211
4341	YHR095W	0.73211
4342	YPR022C	0.73209
4343	YHR083W	0.73205
4344	YHR097C	0.73196
4345	YDR316W-B	0.73186
4346	YAL016C-A	0.73184
4347	YPR158C-D	0.73182
4348	YPL241C	0.73181
4349	YHR154W	0.73175
4350	YOR277C	0.73169
4351	YDR159W	0.73168
4352	YOR142W-B	0.73166
4353	YJR110W	0.73154
4354	YOR045W	0.73153
4355	R0010W	0.73153
4356	YDR229W	0.73151
4357	YLR227W-B	0.7315
4358	YDR210C-D	0.73145
4359	YGR027W-B	0.73137
4360	YCL028W	0.73134
4361	YNL213C	0.7313
4362	YDL098C	0.73112
4363	YOR127W	0.73104
4364	YPL057C	0.73083
4365	YER041W	0.73077
4366	YBR217W	0.73076
4367	YDR486C	0.73063
4368	YGR129W	0.73063
4369	YDL096C	0.73058
4370	YIL019W	0.73056
4371	YHR155W	0.73047
4372	YJR136C	0.73047
4373	YML084W	0.73044
4374	YOR249C	0.73039
4375	YNL184C	0.73036
4376	YMR316C-B	0.73033
4377	YPL150W	0.73009
4378	YDR261C-D	0.73005
4379	YCL057W	0.73003
4380	YBR012W-B	0.72999
4381	YLR087C	0.72992
4382	YJL173C	0.72989
4383	YFR045W	0.7298
4384	YER160C	0.72977
4385	YDR374W-A	0.72971
4386	YDR209C	0.72961
4387	YKL134C	0.72954
4388	YDR081C	0.72954
4389	YBR085C-A	0.72948
4390	YOR242C	0.72948
4391	YPR158W-B	0.72937
4392	YLR136C	0.72934
4393	YOL063C	0.72931
4394	YEL007W	0.7293
4395	YNL054W-B	0.72924
4396	YLR140W	0.72922
4397	YJL201W	0.72916
4398	YPR087W	0.72914
4399	YLR035C-A	0.72911
4400	YMR237W	0.72905
4401	YBR215W	0.72905
4402	YOR238W	0.72899
4403	YGR057C	0.72897
4404	YKR099W	0.72896
4405	YLR286W-A	0.72896
4406	YPL037C	0.72892
4407	YBR161W	0.72873
4408	YHR102W	0.7287
4409	YEL061C	0.7287
4410	YMR306C-A	0.72869
4411	YOR037W	0.72867
4412	YBR269C	0.72866
4413	YMR048W	0.72834
4414	YFL010W-A	0.7282
4415	YFL024C	0.72813
4416	YKL110C	0.72813
4417	YLR396C	0.72808
4418	YDR464W	0.72801
4419	YBR216C	0.72795
4420	YLL017W	0.72795
4421	YGR225W	0.72793
4422	YIL044C	0.72788
4423	YLR399W-A	0.72787
4424	YDR176W	0.72785
4425	YOR080W	0.72782
4426	YPL242C	0.72777
4427	YOR115C	0.72773
4428	YGL060W	0.72772
4429	YBL100C	0.7276
4430	YPL047W	0.72755
4431	YJL122W	0.72749
4432	YBL005W-B	0.72745
4433	YDL068W	0.72739
4434	YLR288C	0.72735
4435	YDL067C	0.72727
4436	YFR049W	0.72724
4437	YEL034C-A	0.72723
4438	YNL038W	0.72721
4439	YGL146C	0.72718
4440	YDL142C	0.72715
4441	YIL042C	0.72712
4442	YLR176C	0.72712
4443	YGL113W	0.72704
4444	YHR087W	0.72703
4445	YLR407W	0.72702
4446	YBR056W-A	0.72699
4447	YMR045C	0.72697
4448	YBR290W	0.72696
4449	YML050W	0.72696
4450	YNL284C-B	0.7269
4451	YML114C	0.7269
4452	YPL069C	0.72682
4453	YFL064C	0.72681
4454	YNR028W	0.72675
4455	YHR073C-B	0.72673
4456	YPR133W-A	0.72668
4457	YMR086C-A	0.72657
4458	YJR062C	0.72653
4459	YDR200C	0.72632
4460	YOR260W	0.72625
4461	YOR308C	0.72622
4462	YOR230W	0.72618
4463	YPR067W	0.72614
4464	YEL053W-A	0.72612
4465	YKR098C	0.72605
4466	YDR228C	0.72599
4467	YML099C	0.72596
4468	YBL020W	0.72593
4469	YOR355W	0.72586
4470	YKR083C	0.72583
4471	YIL156W-B	0.72582
4472	YLR125W	0.7258
4473	YMR111C	0.72572
4474	YKL011C	0.7257
4475	YLR388W	0.72566
4476	YOR210W	0.72562
4477	YHL021C	0.7256
4478	YER093C	0.72543
4479	YML016C	0.72532
4480	YOR082C	0.72531
4481	YIL093C	0.72526
4482	YLL032C	0.72519
4483	YBL072C	0.72516
4484	YER102W	0.72516
4485	YBL029W	0.72509
4486	YKL075C	0.72499
4487	YNL230C	0.72495
4488	YGL127C	0.72494
4489	YGL124C	0.7249
4490	YGR081C	0.72487
4491	YOR335W-A	0.72476
4492	YDR333C	0.72474
4493	YDL045C	0.72459
4494	YKL056C	0.72456
4495	YDR044W	0.7245
4496	YOR331C	0.72449
4497	YLL019C	0.72438
4498	YHR132W-A	0.72429
4499	YDR295C	0.72416
4500	YPR108W-A	0.72413
4501	YGR122W	0.72412
4502	YMR159C	0.72412
4503	YJL092W	0.72397
4504	YDL172C	0.72385
4505	YNL304W	0.72383
4506	YGL038C	0.72377
4507	YJL204C	0.72367
4508	YJL157C	0.72365
4509	YOL150C	0.7236
4510	YBR150C	0.72359
4511	YFL015C	0.72359
4512	YMR061W	0.72354
4513	YNR039C	0.72353
4514	YGR169C-A	0.72351
4515	YML002W	0.72339
4516	YIR023C-A	0.7233
4517	YJR138W	0.72329
4518	YDR089W	0.72328
4519	YHL044W	0.72315
4520	YJL070C	0.72314
4521	YCL076W	0.72311
4522	YNL245C	0.72303
4523	YHR006W	0.72303
4524	YPL146C	0.72295
4525	YBR116C	0.72293
4526	YJL064W	0.72282
4527	YLR238W	0.72277
4528	YIR018C-A	0.72271
4529	YGR017W	0.72265
4530	YHR180W	0.72264
4531	YOR083W	0.72263
4532	YLR041W	0.72226
4533	YNL011C	0.72216
4534	YNR061C	0.72212
4535	YAL065C	0.72202
4536	YEL017C-A	0.72201
4537	YCL014W	0.72197
4538	YOL136C	0.7219
4539	YKL147C	0.72184
4540	YFR011C	0.72183
4541	YNL067W-B	0.72177
4542	YLR301W	0.72174
4543	YMR057C	0.72166
4544	YJL142C	0.72124
4545	YDR034W-B	0.72117
4546	YCR063W	0.72111
4547	YLR228C	0.72107
4548	YJL187C	0.72106
4549	YKL037W	0.72098
4550	YJR079W	0.7209
4551	YFL013W-A	0.72088
4552	YCL024W	0.72088
4553	YBL096C	0.7207
4554	YKL149C	0.72067
4555	YML129C	0.72065
4556	YER165C-A	0.72053
4557	YKL079W	0.72048
4558	YFL051C	0.72042
4559	YNL103W-A	0.72042
4560	YDR484W	0.72041
4561	YCL029C	0.72029
4562	YPR077C	0.72028
4563	YKR008W	0.72012
4564	YDR073W	0.72011
4565	YHR182C-A	0.7201
4566	YJL043W	0.7201
4567	YPR170W-B	0.72005
4568	YLR154C	0.72001
4569	YGR130C	0.71998
4570	YNL043C	0.71996
4571	YGR184C	0.71991
4572	YAL037C-B	0.71986
4573	YOR276W	0.71984
4574	YBR190W	0.71984
4575	YNL058C	0.71983
4576	YDR126W	0.71977
4577	YFR043C	0.71976
4578	YIL054W	0.7197
4579	YIL024C	0.71951
4580	YPL149W	0.71949
4581	YHR131W-A	0.71946
4582	YDR193W	0.71945
4583	YDR141C	0.71944
4584	YML100W-A	0.71944
4585	YOR102W	0.7194
4586	YBL025W	0.71927
4587	YMR272W-B	0.71927
4588	YDR537C	0.71925
4589	YMR133W	0.71925
4590	YGR013W	0.71915
4591	YDR335W	0.7191
4592	YBR133C	0.71905
4593	YNL026W	0.71902
4594	YOL046C	0.71901
4595	YGR076C	0.71891
4596	YER173W	0.71882
4597	YER050C	0.71875
4598	YHL043W	0.71874
4599	YIR044C	0.71872
4600	YIL112W	0.71872
4601	YPL108W	0.71871
4602	YNL265C	0.71865
4603	YGR051C	0.71859
4604	YOR200W	0.71858
4605	YML011C	0.71857
4606	R0020C	0.71856
4607	YDR433W	0.71855
4608	YOR325W	0.71847
4609	YFL021C-A	0.71844
4610	YLR128W	0.71835
4611	YNL057W	0.71825
4612	YGR215W	0.71823
4613	YOR055W	0.71818
4614	YOR161W-A	0.71816
4615	YJR059W	0.71816
4616	YPL016W	0.71814
4617	YGL145W	0.71802
4618	YDR315C	0.71797
4619	YMR316W	0.7179
4620	YPL142C	0.71789
4621	YGR050C	0.71789
4622	YKL106W	0.71787
4623	YOL014W	0.71783
4624	YDL187C	0.71775
4625	YOL017W	0.71775
4626	YLR278C	0.71762
4627	YDR255C	0.71759
4628	YMR065W	0.71758
4629	YGL074C	0.71755
4630	YBR134W	0.71741
4631	YCR024C	0.71738
4632	YAL055W	0.71732
4633	YIL142C-A	0.7173
4634	YER071C	0.71726
4635	YPL026C	0.71726
4636	YDR147W	0.71723
4637	YJL175W	0.71719
4638	YBR084C-A	0.71718
4639	YBL027W	0.71718
4640	YDR462W	0.71718
4641	YOR376W-A	0.71708
4642	YLR148W	0.71705
4643	YLR296W	0.71703
4644	YGR171C	0.71701
4645	YNL089C	0.71659
4646	YJL077W-A	0.71656
4647	YDR417C	0.71653
4648	YLR124W	0.71633
4649	YDR416W	0.71625
4650	YNL187W	0.71621
4651	YLL040C	0.7162
4652	YDR187C	0.71606
4653	YJL132W	0.71601
4654	YHR143W	0.716
4655	YJL195C	0.71591
4656	YER088C-A	0.71582
4657	YPL034W	0.71568
4658	YOR135C	0.71566
4659	YOL050C	0.71566
4660	YIR036W-A	0.71563
4661	YNL201C	0.71561
4662	YGL247W	0.71559
4663	YGR228W	0.71553
4664	YEL076C-A	0.7155
4665	YLR464W	0.7155
4666	YFR029W	0.71547
4667	YGR096W	0.71539
4668	YML047C	0.71528
4669	YPR040W	0.71527
4670	YOR019W	0.71526
4671	YMR021C	0.71515
4672	YDL070W	0.7151
4673	YDR254W	0.7151
4674	YBR144C	0.71506
4675	YGR290W	0.71505
4676	YLR406C-A	0.71493
4677	YGL152C	0.71485
4678	Q0075	0.71479
4679	YHR138C	0.71465
4680	YOR143C	0.71462
4681	YOR302W	0.71459
4682	YPR109W	0.71453
4683	YGL218W	0.71441
4684	YML034W	0.71436
4685	YBL108W	0.71432
4686	YDL077C	0.71431
4687	YDR458C	0.71427
4688	YOL053W	0.71424
4689	YEL076C	0.71409
4690	YAL042C-A	0.71408
4691	YDL114W	0.71408
4692	YGR121W-A	0.71403
4693	YBR226C	0.71402
4694	YKR036C	0.714
4695	YHR109W	0.71394
4696	YPL192C	0.71394
4697	YLR346C	0.71388
4698	YHR023W	0.71385
4699	YDL173W	0.71385
4700	YOR068C	0.71382
4701	YER119C-A	0.71381
4702	YJL019W	0.71381
4703	YHR032C-A	0.71375
4704	YNL150W	0.71369
4705	YJR093C	0.71361
4706	YDL216C	0.7136
4707	YGR147C	0.71341
4708	YLR122C	0.71338
4709	YER018C	0.71334
4710	YJL136W-A	0.71325
4711	YLR142W	0.71318
4712	YDL044C	0.71316
4713	YDL118W	0.71312
4714	YFR034W-A	0.71309
4715	YDL005C	0.71307
4716	YKL076C	0.71306
4717	YKL131W	0.71298
4718	YKL031W	0.71295
4719	YER148W-A	0.71292
4720	YMR311C	0.71284
4721	YMR242W-A	0.71273
4722	YCL019W	0.71269
4723	YDL022C-A	0.71265
4724	YLR321C	0.71263
4725	YCL058C	0.71256
4726	YJL197C-A	0.71253
4727	YEL033W	0.71252
4728	YDR057W	0.71249
4729	YNL028W	0.71248
4730	YAR035C-A	0.71243
4731	YPL178W	0.71234
4732	YDR124W	0.71227
4733	YDR367W	0.71223
4734	YDL232W	0.71211
4735	R0040C	0.71205
4736	YGL217C	0.71203
4737	YGL136C	0.71189
4738	YJL016W	0.71187
4739	YML009C	0.71183
4740	YJL052C-A	0.71172
4741	YHR217C	0.7116
4742	YDR094W	0.71155
4743	YDL061C	0.71147
4744	YJR080C	0.71146
4745	YDL086C-A	0.71144
4746	YBR108W	0.71143
4747	YER145C-A	0.71142
4748	YGR206W	0.71142
4749	YGR198W	0.71135
4750	YBR257W	0.71131
4751	YNL068C	0.71129
4752	YLR067C	0.71128
4753	YOR336W	0.71121
4754	YPL225W	0.71119
4755	YLR356W	0.71119
4756	YPL040C	0.71108
4757	YKL025C	0.71108
4758	YCR066W	0.71104
4759	YGL197W	0.71102
4760	YLL002W	0.711
4761	YNL277W-A	0.71092
4762	YAL067W-A	0.71084
4763	YOL100W	0.71084
4764	YER137C	0.71073
4765	YCR038W-A	0.7107
4766	YFL002W-A	0.71062
4767	YGR161W-B	0.71062
4768	YLR033W	0.7106
4769	YHL027W	0.71049
4770	YOR034C-A	0.71047
4771	YHL009C	0.71044
4772	YMR245W	0.71037
4773	YFR035C	0.71036
4774	YPR016W-A	0.71024
4775	YBR141W-A	0.71023
4776	YLR379W	0.71021
4777	YAL056C-A	0.71014
4778	YIR030W-A	0.71012
4779	YDR261W-B	0.71009
4780	YPL202C	0.70999
4781	YGL237C	0.70998
4782	YLL059C	0.70997
4783	YBR036C	0.70997
4784	YML017W	0.70997
4785	YGR052W	0.70993
4786	YKR004C	0.70991
4787	YGR106C	0.70973
4788	YJL177W	0.70973
4789	YGL165C	0.70972
4790	YPR009W	0.7097
4791	YIR040C	0.70966
4792	YOR192C-B	0.70965
4793	YKR031C	0.70959
4794	YKL038W	0.70956
4795	YMR060C	0.70947
4796	YLL021W	0.70946
4797	YDR451C	0.70938
4798	YDR071C	0.70936
4799	YPR061C	0.70932
4800	YGR038C-D/YGR038C-C	0.70915
4801	YLR422W	0.7091
4802	YHR213W-B	0.70904
4803	YOR144C	0.70903
4804	YAL041W	0.70901
4805	YOR228C	0.70896
4806	YEL018C-A	0.70894
4807	YGR053C	0.70887
4808	YOR337W	0.70887
4809	YGL226W	0.70884
4810	YDR034C-D	0.70884
4811	YMR031C	0.70857
4812	YFL065C	0.70854
4813	YOR058C	0.70847
4814	YHR105W	0.70845
4815	YMR153W	0.70844
4816	YBR120C	0.70841
4817	YER046W	0.7084
4818	YCL023C	0.7084
4819	YHR149C	0.70839
4820	YPL144W	0.70839
4821	YDR274C	0.70836
4822	YOR318C	0.70833
4823	YNL145W	0.70833
4824	YDR357C	0.70832
4825	YAR053W	0.7083
4826	YIR003W	0.70828
4827	YOR140W	0.70825
4828	YBR239C	0.7082
4829	YGR139W	0.70817
4830	YER147C-A	0.70817
4831	YER109C	0.70812
4832	YGL109W	0.70805
4833	YLR350W	0.708
4834	YPL062W	0.70799
4835	YPL139C	0.70797
4836	Q0080	0.70796
4837	YNL041C	0.70792
4838	YPL114W	0.70792
4839	YML094C-A	0.70786
4840	YBR090C	0.70783
4841	YDR005C	0.70773
4842	YKL133C	0.70768
4843	YJL013C	0.70768
4844	YDR495C	0.70764
4845	YHR071W	0.70763
4846	YKL058W	0.70762
4847	YHR022C-A	0.7076
4848	YAR029W	0.70754
4849	YNL130C-A	0.70751
4850	YNL234W	0.70746
4851	YDR114C	0.70744
4852	YDL107W	0.70743
4853	YDR210W-B	0.70738
4854	YBR128C	0.70733
4855	YPL156C	0.70729
4856	YHR004C	0.70724
4857	YLR120W-A	0.70723
4858	YJL184W	0.70723
4859	YIR024C	0.70717
4860	YPR064W	0.70716
4861	YOR041C	0.70713
4862	YGR233C	0.70712
4863	YNL324W	0.70706
4864	YIL031W	0.70695
4865	YKL223W	0.70691
4866	YOR146W	0.70691
4867	YPR063C	0.70688
4868	YPL044C	0.70688
4869	YMR272W-A	0.70685
4870	YMR023C	0.70676
4871	YLR349W	0.70674
4872	YLR410W-B	0.70667
4873	YBR064W	0.70663
4874	YDL159C-B	0.70659
4875	YMR117C	0.70656
4876	YNL017C	0.70653
4877	YPR076W	0.70652
4878	YBR232C	0.70648
4879	YKR016W	0.70641
4880	YAR064W	0.70639
4881	YJL075C	0.70621
4882	YHR052W-A	0.70621
4883	YHR054W-A	0.70621
4884	YEL030C-A	0.7062
4885	YDL162C	0.70619
4886	YDR510C-A	0.70613
4887	YJL083W	0.70612
4888	YPR014C	0.70611
4889	YEL017W	0.70605
4890	YDR197W	0.70601
4891	YGR107W	0.70601
4892	YKL183W	0.70601
4893	YPR203W	0.70598
4894	YOR373W	0.70597
4895	YOR220W	0.70593
4896	YAL026C-A	0.70593
4897	YNR047W	0.70592
4898	YDR169C	0.70591
4899	YNL144W-A	0.7059
4900	YML107C	0.70589
4901	YLR156W	0.70589
4902	YLR159W	0.70589
4903	YLR161W	0.70589
4904	YBL100W-B	0.70586
4905	YDR153C	0.70583
4906	YCL041C	0.70578
4907	YLR459W	0.70573
4908	YHR180W-A	0.70563
4909	YFR052C-A	0.70563
4910	YNL338W	0.70562
4911	YGR160W	0.70561
4912	YJR053W	0.7056
4913	YJR151W-A	0.7055
4914	YPR160W-A	0.70547
4915	YKR019C	0.70546
4916	YML057C-A	0.70546
4917	YPR053C	0.70541
4918	YKL063C	0.70539
4919	YBL084C	0.70533
4920	YLR127C	0.7053
4921	YGL093W	0.70527
4922	YPR177C	0.70515
4923	YHR119W	0.70509
4924	YHR082C	0.70507
4925	YDR138W	0.70501
4926	YGL199C	0.70499
4927	YPL182C	0.70497
4928	YKL180W	0.70494
4929	YGL215W	0.70494
4930	YKL136W	0.7048
4931	YDR118W-A	0.70479
4932	YOR072W	0.70477
4933	YDR348C	0.70463
4934	YFR023W	0.70449
4935	YAL008W	0.70446
4936	YJL152W	0.70437
4937	YGL260W	0.70434
4938	YOL138C	0.70434
4939	YMR105W-A	0.70431
4940	YNL269W	0.70427
4941	YER054C	0.70426
4942	YMR176W	0.7042
4943	YOR343W-B	0.70419
4944	YBR121C-A	0.70411
4945	YGR068W-A	0.70405
4946	YBR049C	0.70402
4947	YLL006W-A	0.70397
4948	YOR289W	0.70388
4949	YPR199C	0.70388
4950	YHR180C-B	0.70381
4951	YOR345C	0.70381
4952	YLR317W	0.70377
4953	YAL059C-A	0.70374
4954	YLR269C	0.70367
4955	YGR008C	0.70366
4956	YDR156W	0.70364
4957	YLR310C	0.70361
4958	YBR233W-A	0.70351
4959	YPL193W	0.70349
4960	YLR106C	0.70347
4961	YDL121C	0.70332
4962	YAR019W-A	0.70331
4963	YDR360W	0.70329
4964	YGL249W	0.70325
4965	YGR182C	0.70321
4966	YKR032W	0.70319
4967	YHR072W-A	0.70314
4968	YMR184W	0.70314
4969	YHL002C-A	0.70313
4970	YGL142C	0.7031
4971	YJL105W	0.70306
4972	YKR020W	0.70305
4973	YKL156C-A	0.70304
4974	YKL205W	0.70301
4975	YCL061C	0.70292
4976	YLR412C-A	0.70272
4977	YEL075C	0.70272
4978	YPR170C	0.70265
4979	YER189W	0.70261
4980	YDR017C	0.70233
4981	YGR259C	0.70228
4982	YFL007W	0.70225
4983	YJR023C	0.70222
4984	YDR296W	0.7022
4985	YPR130C	0.70214
4986	YAL034C	0.70212
4987	YOR268C	0.70212
4988	YNL146C-A	0.70196
4989	YOL155W-A	0.70184
4990	YDL114W-A	0.70182
4991	YGL090W	0.70177
4992	YNL183C	0.70172
4993	YLR073C	0.70172
4994	YPR195C	0.70171
4995	YLR442C	0.70168
4996	YHR063W-A	0.70165
4997	YKL014C	0.70158
4998	YER112W	0.70156
4999	YKR027W	0.70156
5000	YBR270C	0.70152
5001	YKL123W	0.70147
5002	YEL073C	0.70146
5003	YBL062W	0.70137
5004	YDL115C	0.70135
5005	YMR013W-A	0.70132
5006	YIR018W	0.70129
5007	YMR274C	0.70122
5008	YER122C	0.70119
5009	YOR314W-A	0.70118
5010	YER022W	0.70118
5011	YOL083C-A	0.7011
5012	YPR059C	0.70101
5013	YNL297C	0.70099
5014	YLR256W	0.70098
5015	YNR005C	0.70096
5016	YGR222W	0.70093
5017	YLR157W-E	0.70091
5018	YMR254C	0.7009
5019	YDR271C	0.70089
5020	YOL037C	0.70087
5021	YPL278C	0.70083
5022	YGL041W-A	0.70072
5023	YBR109W-A	0.70071
5024	YHR007C-A	0.7007
5025	YDR369C	0.70062
5026	YOR073W-A	0.70062
5027	YBR195C	0.70061
5028	YKL074C	0.70047
5029	YCR083W	0.7004
5030	YNL005C	0.70035
5031	YIL132C	0.70033
5032	YJR135C	0.70031
5033	YDL213W-A	0.70026
5034	YDL034W	0.70022
5035	YJR128W	0.70011
5036	YLL037W	0.70008
5037	YLR381W	0.70001
5038	YPL011C	0.69999
5039	YPL205C	0.69998
5040	YLR379W-A	0.69995
5041	YJL009W	0.69994
5042	YGR069W	0.69983
5043	YDR290W	0.69977
5044	YIR020W-A	0.69968
5045	YKR075W-A	0.6996
5046	YBR200W-A	0.69953
5047	YDR104C	0.69953
5048	YKL036C	0.69945
5049	YGR270C-A	0.6994
5050	YOR203W	0.69938
5051	YPR117W	0.69936
5052	YEL074W	0.69931
5053	YMR258C	0.69928
5054	YNL097C-B	0.69927
5055	YHR001W-A	0.69924
5056	YGL123C-A	0.69921
5057	YDL026W	0.69919
5058	YGR265W	0.69919
5059	YJL135W	0.69915
5060	YGR236C	0.69915
5061	YPL038W-A	0.6991
5062	YJL007C	0.69909
5063	YJL037W	0.69899
5064	YGL258W-A	0.69897
5065	YBR089W	0.69896
5066	YHL025W	0.69895
5067	YGL177W	0.69891
5068	YBR266C	0.69888
5069	YPR050C	0.69886
5070	YDL221W	0.69885
5071	YOR029W	0.69884
5072	YNL143C	0.69873
5073	YJL156W-A	0.69873
5074	YIL159W	0.69867
5075	YLR423C	0.69861
5076	YDR491C	0.6986
5077	YEL045C	0.69856
5078	YNL086W	0.69851
5079	YFR003C	0.69849
5080	YJL127W-A	0.69848
5081	YDL196W	0.69843
5082	YOR316C-A	0.6984
5083	YKL044W	0.69838
5084	YER014C-A	0.69834
5085	YGR146C-A	0.69826
5086	YDR504C	0.69824
5087	YHR071C-A	0.69824
5088	YOR148C	0.69815
5089	YDR125C	0.69812
5090	YLR440C	0.69806
5091	YCR006C	0.69801
5092	YBR103C-A	0.69799
5093	YGL013C	0.69798
5094	YKL176C	0.69797
5095	YDR329C	0.69792
5096	YHL048C-A	0.69783
5097	YOL069W	0.69781
5098	YMR298W	0.69777
5099	YOL109W	0.69771
5100	YGL118C	0.69766
5101	YML089C	0.69765
5102	YOR105W	0.69751
5103	Q0110	0.69746
5104	YPR015C	0.69742
5105	YML031C-A	0.69742
5106	YML076C	0.69741
5107	YKL208W	0.69736
5108	YMR019W	0.69723
5109	YCL046W	0.69715
5110	YDR169C-A	0.69715
5111	YNR003W-A	0.69707
5112	YGR251W	0.69703
5113	YJL044C	0.69697
5114	YOR263C	0.69695
5115	YNL303W	0.69684
5116	YIL115W-A	0.69682
5117	YLR264C-A	0.69682
5118	YJR041C	0.69681
5119	YNL174W	0.69678
5120	YOR183W	0.69675
5121	YEL059W	0.69669
5122	YOL097W-A	0.69663
5123	YNR024W	0.69662
5124	YGR030C	0.6966
5125	YMR008C-A	0.69657
5126	YBR206W	0.6965
5127	YJR134C	0.69649
5128	YER023C-A	0.69648
5129	YGR190C	0.69642
5130	YNL164C	0.69633
5131	YLL049W	0.69633
5132	YPL085W	0.69629
5133	YIL149C	0.69628
5134	YMR294W	0.69626
5135	YNL170W	0.69618
5136	YDR322W	0.69615
5137	YLR162W	0.69612
5138	YDR303C	0.69606
5139	YMR032W	0.69604
5140	YDL219W	0.69598
5141	YBR240C	0.69597
5142	YGR176W	0.69592
5143	YER092W	0.69592
5144	YAL032C	0.69588
5145	YMR280C	0.6958
5146	YIL068W-A	0.69579
5147	YBL044W	0.69578
5148	YIL129C	0.69576
5149	YPR020W	0.69567
5150	YBR188C	0.6956
5151	YDR157W	0.69559
5152	YNL276C	0.69548
5153	YPR122W	0.69548
5154	YOR008C-A	0.69539
5155	YOR085W	0.69536
5156	YBL077W	0.69535
5157	YGL034C	0.69527
5158	YPR049C	0.69525
5159	YKL083W	0.69521
5160	YCR032W	0.69521
5161	YEL035C	0.69517
5162	YLR165C	0.69513
5163	YLR453C	0.69512
5164	YNR037C	0.69511
5165	YKR030W	0.69506
5166	YPL120W	0.69506
5167	YIL012W	0.69505
5168	YMR135W-A	0.69492
5169	YMR158W-B	0.6949
5170	YBR196C-B	0.69487
5171	YIL002W-A	0.69487
5172	YLR010C	0.69487
5173	YDR355C	0.69483
5174	YKL102C	0.69478
5175	YCR047W-A	0.69475
5176	YPL256C	0.69461
5177	YHL005C	0.69456
5178	YBR099C	0.69454
5179	YJL169W	0.69453
5180	YJL027C	0.69427
5181	YDL204W	0.69426
5182	YNR075C-A	0.69419
5183	YDR078C	0.69419
5184	YIL139C	0.69412
5185	YJL049W	0.6941
5186	YEL020C-B	0.69407
5187	YPL136W	0.69399
5188	YLR311C	0.69398
5189	YBR174C	0.69397
5190	YBL039C-A	0.69396
5191	YMR247W-A	0.69392
5192	YMR172W	0.69386
5193	YHR049C-A	0.69383
5194	YMR324C	0.69378
5195	YDR544C	0.69378
5196	YGL209W	0.69377
5197	YDR366C	0.69375
5198	YDR230W	0.69364
5199	YDR115W	0.69362
5200	YLR365W	0.69358
5201	YOR379C	0.69356
5202	YKR073C	0.69355
5203	YOR028C	0.69353
5204	YDR003W-A	0.69352
5205	YDR344C	0.69348
5206	YML029W	0.69348
5207	YHL030W-A	0.69344
5208	YNL228W	0.69343
5209	YDR371C-A	0.69343
5210	YLR302C	0.69341
5211	YHR021W-A	0.69341
5212	YHL045W	0.69333
5213	YDR464C-A	0.6933
5214	YER067W	0.69328
5215	YLR462W	0.69315
5216	YDR285W	0.69313
5217	YKR101W	0.69308
5218	YDR261C-C	0.69305
5219	YDL139C	0.69305
5220	Q0017	0.69303
5221	YJL176C	0.69302
5222	YPR160C-A	0.693
5223	YPL216W	0.69295
5224	YIL029W-A	0.69295
5225	YGL088W	0.69294
5226	YKR005C	0.6929
5227	YPR007C	0.69281
5228	YLL030C	0.69279
5229	YPL021W	0.69279
5230	YEL072W	0.69272
5231	YJL119C	0.69271
5232	YPR070W	0.6927
5233	YCR099C	0.69264
5234	YHR035W	0.69263
5235	YHL009W-A	0.69258
5236	YDR466W	0.69257
5237	YPL152W-A	0.69257
5238	YAL045C	0.69255
5239	YPR202W	0.69251
5240	YIR033W	0.69247
5241	YPL185W	0.69246
5242	YMR017W	0.69242
5243	YMR073C	0.69239
5244	YHR214C-E	0.69237
5245	YBR191W-A	0.69234
5246	YJL120W	0.69233
5247	YMR307C-A	0.69233
5248	YHL015W-A	0.69233
5249	YLR265C	0.69229
5250	YOL166W-A	0.69224
5251	YJR120W	0.69206
5252	YMR164C	0.69203
5253	YIL156W-A	0.69202
5254	YGR227W	0.692
5255	YJL076W	0.69197
5256	YDR199W	0.69197
5257	YDR220C	0.69197
5258	YHR199C-A	0.69183
5259	YNL138W-A	0.69182
5260	YCL039W	0.6918
5261	YDR053W	0.69177
5262	YBR135W	0.69173
5263	YFR039C	0.69169
5264	YKL183C-A	0.69165
5265	YJR086W	0.69162
5266	YJL099W	0.69154
5267	YOL103W-A	0.69153
5268	YAL047W-A	0.69151
5269	YJL222W-B	0.69146
5270	YIL175W	0.69146
5271	YCR015C	0.69141
5272	YCR041W	0.69139
5273	YKL101W	0.69137
5274	YER115C	0.69134
5275	YFL015W-A	0.69131
5276	YGL162W	0.6913
5277	YGL235W	0.69128
5278	YPR158C-C	0.69126
5279	YLR374C	0.69122
5280	YDL228C	0.6912
5281	YPL025C	0.69116
5282	YGL066W	0.69115
5283	YDR095C	0.69113
5284	YJL073W	0.69111
5285	YOR050C	0.69109
5286	YAL037W	0.69108
5287	YMR031W-A	0.69105
5288	YIL047C-A	0.69104
5289	YHL019W-A	0.69095
5290	YDL009C	0.69093
5291	YBR032W	0.69087
5292	YLR211C	0.69086
5293	YNL314W	0.69082
5294	YLR157C-A	0.69078
5295	YER137C-A	0.69078
5296	YPL257W-A	0.69078
5297	YDR365W-A	0.69078
5298	YDR154C	0.69077
5299	YHR159W	0.69072
5300	YBL103C	0.69072
5301	YHR125W	0.69072
5302	YOR225W	0.69071
5303	YGL073W	0.69059
5304	YLR123C	0.69056
5305	YDR076W	0.69056
5306	YLR415C	0.69044
5307	YLR261C	0.69043
5308	YMR098C	0.69042
5309	YPL076W	0.69031
5310	YLL020C	0.69028
5311	YBR076C-A	0.69028
5312	YEL025C	0.69027
5313	YHR139C-A	0.69024
5314	YNL133C	0.69022
5315	YDR250C	0.69011
5316	YCR038C	0.68999
5317	YLR057W	0.68996
5318	YER184C	0.68995
5319	YGL107C	0.68989
5320	YNL109W	0.68987
5321	YCR033W	0.68985
5322	YPL080C	0.68979
5323	YPL177C	0.68978
5324	YNR035C	0.68976
5325	YBR027C	0.68973
5326	YDL247W-A	0.6897
5327	YDR379W	0.68969
5328	YLR454W	0.68967
5329	YNR001W-A	0.68963
5330	YCL054W-A	0.68962
5331	YGR031C-A	0.68957
5332	YGR089W	0.68948
5333	YDR469W	0.68941
5334	YDR525W	0.68939
5335	YEL008W	0.68931
5336	YJL023C	0.68926
5337	YKL108W	0.68923
5338	YOR193W	0.68923
5339	YGR293C	0.68917
5340	YLR416C	0.68916
5341	YDR505C	0.68914
5342	YDR377W	0.68906
5343	YLR347W-A	0.68905
5344	YJR038C	0.68904
5345	YNL179C	0.68891
5346	YIL174W	0.68888
5347	YJL222W-A	0.68888
5348	YDL220C	0.68884
5349	YBR058C-A	0.68883
5350	YLR256W-A	0.68878
5351	YAL034C-B	0.68874
5352	YOL032W	0.68867
5353	YOL070C	0.68859
5354	YMR175W-A	0.68855
5355	YMR198W	0.68848
5356	YHR086W-A	0.68847
5357	YPL166W	0.68847
5358	YCR045W-A	0.68844
5359	YGR269W	0.68842
5360	YMR293C	0.6884
5361	YMR316C-A	0.68836
5362	YJL028W	0.68832
5363	YGR204C-A	0.68831
5364	YKL153W	0.68829
5365	YJR026W	0.68828
5366	YLR227W-A	0.68828
5367	YML040W	0.68828
5368	YBR077C	0.68818
5369	YDR442W	0.68809
5370	YOR282W	0.68808
5371	YNL165W	0.68796
5372	YKR095W	0.68789
5373	YAR010C	0.68783
5374	YPR137C-A	0.68783
5375	YCR085W	0.68776
5376	YAR070C	0.6877
5377	YLR437C	0.68758
5378	YLR424C-A	0.68756
5379	YLR322W	0.68755
5380	YOL160W	0.6874
5381	YEL050W-A	0.68737
5382	YPL075W	0.68734
5383	YCR024C-B	0.68733
5384	YML122C	0.68732
5385	YOL107W	0.6873
5386	YBR083W	0.68721
5387	YML059C	0.68718
5388	YKL177W	0.68712
5389	YLL066W-B	0.68711
5390	YLR062C	0.68705
5391	YNL162W	0.68704
5392	YHR141C	0.68704
5393	YPR106W	0.68696
5394	YJL114W	0.68695
5395	YPR136C	0.6869
5396	YOL040C	0.68683
5397	YMR284W	0.68678
5398	YIL058W	0.68674
5399	YGL188C	0.68672
5400	YNL204C	0.68672
5401	YJL048C	0.68661
5402	YFR026C	0.68656
5403	YNL172W	0.68651
5404	YER107W-A	0.68648
5405	YMR016C	0.68648
5406	YIL021C-A	0.68644
5407	YCR025C	0.68638
5408	YER046W-A	0.68637
5409	YMR072W	0.68635
5410	YGL052W	0.68634
5411	YDR524W-C	0.68632
5412	YDL184C	0.68632
5413	YDL133C-A	0.68632
5414	YPL222C-A	0.68626
5415	YFR012W-A	0.68625
5416	Q0115	0.6862
5417	YDR467C	0.68619
5418	YCR087W	0.68616
5419	YJR127C	0.68597
5420	YOR199W	0.68593
5421	YPL056C	0.68582
5422	YER129W	0.68578
5423	YLR135W	0.68575
5424	YML045W-A	0.6857
5425	YOR293C-A	0.68565
5426	YKL092C	0.68561
5427	YML083C	0.6856
5428	YLR024C	0.6856
5429	YOL099C	0.6856
5430	YAR069C	0.68557
5431	YHR214C-D	0.68557
5432	YBR178W	0.68555
5433	YHL023C	0.68553
5434	YNL008C	0.68548
5435	YJL199C	0.68547
5436	YCL056C	0.68544
5437	YFL049W	0.6854
5438	YGL059W	0.6854
5439	YCL021W	0.68539
5440	YIR030C	0.68528
5441	YMR230W-A	0.68524
5442	YJL202C	0.68517
5443	YJR147W	0.68517
5444	YMR320W	0.68511
5445	YGL159W	0.68503
5446	YMR001C-A	0.68502
5447	YGL149W	0.68501
5448	YBR171W	0.68501
5449	YJR028W	0.68494
5450	YLR361C-A	0.68475
5451	YDL163W	0.68464
5452	YOR012W	0.6846
5453	YCR064C	0.68456
5454	YMR294W-A	0.68455
5455	YDR526C	0.68453
5456	YLR444C	0.68451
5457	YIL032C	0.68441
5458	YBL008W-A	0.68429
5459	YDR098C-A	0.68429
5460	YOL038C-A	0.68421
5461	YJL067W	0.6842
5462	YJL182C	0.68415
5463	YOR189W	0.68414
5464	YNL295W	0.68409
5465	YPL251W	0.68406
5466	YML007C-A	0.68405
5467	YBR012W-A	0.68397
5468	YDR119W	0.68396
5469	YJL188C	0.6839
5470	YIL049W	0.6839
5471	YDR499W	0.68387
5472	YNL254C	0.68387
5473	YLR076C	0.68379
5474	YCR050C	0.68372
5475	YMR051C	0.68371
5476	YLR035C-B	0.68371
5477	YER159C-A	0.68371
5478	YGR161C-C	0.68371
5479	YDR316W-A	0.68371
5480	YNL120C	0.68369
5481	YDR008C	0.68362
5482	YKL115C	0.6836
5483	YDR278C	0.68354
5484	YKL141W	0.68348
5485	YHL006W-A	0.68348
5486	YJL038C	0.68345
5487	YLL019W-A	0.68344
5488	YBL070C	0.68342
5489	YER172C-A	0.68333
5490	YGR064W	0.6833
5491	YCR081C-A	0.6833
5492	YGR038C-A	0.68329
5493	YMR030W-A	0.68325
5494	YOL003C	0.68314
5495	YHL037C	0.68311
5496	YNR042W	0.68311
5497	YBL083C	0.6831
5498	YDL088C	0.68308
5499	YFR009W-A	0.68304
5500	YLR342W-A	0.68301
5501	YLR463C	0.68289
5502	YGR045C	0.68287
5503	YPL060C-A	0.68286
5504	YLR173W	0.68286
5505	YOL089C	0.68285
5506	YIL025C	0.68281
5507	YMR018W	0.68277
5508	YLR331C	0.68277
5509	YDR118W	0.68275
5510	YOL019W-A	0.68272
5511	YHR058C	0.68268
5512	YIL127C	0.68258
5513	YNL296W	0.68258
5514	YPR174C	0.6825
5515	YML128C	0.6825
5516	YKL020C	0.68249
5517	YDL197C	0.68245
5518	YER152W-A	0.68244
5519	YER078W-A	0.68244
5520	YGL239C	0.68241
5521	YPR071W	0.6824
5522	YGR027W-A	0.68239
5523	YBR223W-A	0.68238
5524	YOL013W-A	0.68237
5525	YIL117C	0.68235
5526	YHR070C-A	0.68235
5527	YML034C-A	0.68228
5528	YER084W	0.68217
5529	YMR100W	0.68206
5530	YPL135C-A	0.68204
5531	YER053C-A	0.68198
5532	YBR259W	0.68197
5533	YJL015C	0.68196
5534	YBL065W	0.68193
5535	YLR271W	0.68192
5536	YLR098C	0.68189
5537	YLR402W	0.6818
5538	YIL020C-A	0.68176
5539	YOR300W	0.68172
5540	YML108W	0.68172
5541	YDR426C	0.68164
5542	YDR170W-A	0.68159
5543	YLR428C	0.68155
5544	YDR383C	0.68155
5545	YDR146C	0.68149
5546	YER135C	0.68145
5547	YML036W	0.68142
5548	YGR084C	0.6814
5549	YGL063C-A	0.68139
5550	YMR013C-A	0.68136
5551	YPL189C-A	0.68136
5552	YLR219W	0.68134
5553	YML007W	0.68131
5554	YHL038C	0.68125
5555	YLR079W	0.68116
5556	YBR238C	0.68115
5557	YJL146W	0.68113
5558	YBR292C	0.68102
5559	YLR182W	0.68096
5560	YBR262C	0.68095
5561	YDR131C	0.68093
5562	YGL071W	0.68092
5563	YFR040W	0.68086
5564	YDR414C	0.68083
5565	YPR158W-A	0.68083
5566	YOR142W-A	0.68083
5567	YLR111W	0.68081
5568	YGR022C	0.68074
5569	YDL071C	0.68062
5570	YOL166C	0.68056
5571	YGR049W	0.68048
5572	YDR143C	0.68043
5573	YOR364W	0.68035
5574	YBL107W-A	0.68035
5575	YCR097W-A	0.68034
5576	YLR012C	0.68034
5577	YBL006C	0.68028
5578	YJR018W	0.68025
5579	YHR165C	0.68013
5580	YBR298C-A	0.68009
5581	YPR185W	0.68008
5582	YHR017W	0.68001
5583	YIL158W	0.67996
5584	YPL161C	0.67996
5585	YMR007W	0.67996
5586	YEL075W-A	0.67993
5587	YDL181W	0.67987
5588	YNL054W	0.6798
5589	YBL071C-B	0.67978
5590	YER090C-A	0.67978
5591	YJL215C	0.67976
5592	YIR020C-B	0.67975
5593	YPL271W	0.67961
5594	YOR072W-A	0.6796
5595	YIL098C	0.67951
5596	YCR001W	0.67948
5597	YEL067C	0.67946
5598	YOR104W	0.67945
5599	YIL040W	0.6794
5600	YIL060W	0.67939
5601	YCR018C	0.67938
5602	YIL055C	0.67931
5603	YCR095W-A	0.6793
5604	YIL144W	0.67929
5605	YKL097C	0.67928
5606	YER038W-A	0.67926
5607	YAL064W	0.67923
5608	YGR025W	0.67919
5609	YDR215C	0.67911
5610	YMR141C	0.67906
5611	YBR168W	0.67902
5612	YNL211C	0.67902
5613	YGR018C	0.67899
5614	YIR017W-A	0.67893
5615	YPL250W-A	0.6789
5616	YDR210C-C	0.67887
5617	YOR366W	0.67885
5618	YLR329W	0.67876
5619	YOR208W	0.6786
5620	YLR156C-A	0.67857
5621	YLR157C-C	0.67857
5622	YLR154C-H	0.67857
5623	YLR159C-A	0.67857
5624	YDR102C	0.67856
5625	YOL083W	0.6785
5626	YGR226C	0.67832
5627	YLR163W-A	0.67831
5628	YMR147W	0.67829
5629	YHR131C	0.67828
5630	YIL100W	0.67819
5631	YLR295C	0.67818
5632	YKL048C	0.67809
5633	YJL077C	0.67807
5634	YGL132W	0.678
5635	YDR437W	0.67795
5636	YNL284C-A	0.67789
5637	YNL019C	0.67788
5638	YIL028W	0.67783
5639	YCR049C	0.67779
5640	YHL009W-B	0.67779
5641	YDL129W	0.67777
5642	YKR011C	0.67772
5643	YDR281C	0.67764
5644	YLR370C	0.67762
5645	YOL044W	0.67758
5646	YPR099C	0.67757
5647	YJL113W	0.67755
5648	YOL164W-A	0.67753
5649	YBR066C	0.67748
5650	YLR395C	0.67741
5651	YNL157W	0.67734
5652	YBR033W	0.67731
5653	YDR401W	0.67728
5654	YBL006W-A	0.67724
5655	YER118C	0.67722
5656	YLR235C	0.67718
5657	YFR056C	0.67718
5658	YNL309W	0.67717
5659	YJR101W	0.67716
5660	YML012C-A	0.67714
5661	YGL086W	0.67708
5662	YHR073W-A	0.67705
5663	YIL089W	0.67701
5664	YML113W	0.67696
5665	YDR149C	0.67693
5666	YGR075C	0.67685
5667	YOR108C-A	0.67683
5668	YJL220W	0.67681
5669	YIL171W-A	0.67681
5670	YNL114C	0.67635
5671	YKR035C	0.67632
5672	YDL020C	0.6763
5673	YGR196C	0.67627
5674	YGR150C	0.67624
5675	YIL105W-A	0.67623
5676	YJL180C	0.67621
5677	YLR280C	0.67616
5678	YLR151C	0.67615
5679	YLR082C	0.67613
5680	YGL041C-B	0.67612
5681	YJL205C	0.67609
5682	YDR340W	0.67599
5683	YMR119W	0.67598
5684	YOR354C	0.67591
5685	YPR021C	0.67582
5686	YML027W	0.67582
5687	YOL117W	0.67582
5688	YJL209W	0.6758
5689	YNL033W	0.67579
5690	YBR113W	0.67577
5691	YML116W-A	0.67574
5692	YGR250C	0.67571
5693	YBR131W	0.6757
5694	YML041C	0.67567
5695	YOR015W	0.6756
5696	YIL014C-A	0.67558
5697	YOL101C	0.67556
5698	YCL005W-A	0.67554
5699	YDL032W	0.67554
5700	YLR040C	0.67537
5701	YLR320W	0.67536
5702	YNL042W-B	0.67533
5703	YML103C	0.67528
5704	YGL007C-A	0.67516
5705	YDL025W-A	0.67513
5706	YDR043C	0.67497
5707	YAL037C-A	0.67493
5708	YOR304C-A	0.67487
5709	YKR015C	0.67484
5710	YDR509W	0.67476
5711	YBR272C	0.67475
5712	YPR150W	0.67475
5713	YPR096C	0.67471
5714	YBR152W	0.67463
5715	YDR413C	0.67462
5716	YPR095C	0.6746
5717	YGL096W	0.67449
5718	YLL005C	0.67445
5719	YIR020C	0.67444
5720	YMR103C	0.67439
5721	YBL043W	0.67432
5722	YER068C-A	0.67431
5723	YDR015C	0.67429
5724	YBR250W	0.67429
5725	YOR297C	0.67428
5726	YMR134W	0.67423
5727	YJL077W-B	0.6742
5728	YLR171W	0.67416
5729	YHR213W-A	0.67402
5730	YOR218C	0.67401
5731	YGL061C	0.674
5732	YOL079W	0.6739
5733	YAR060C	0.6739
5734	YHR212C	0.6739
5735	YPR039W	0.67388
5736	YLR424W	0.67385
5737	YGR035W-A	0.67373
5738	YOR129C	0.6737
5739	YBR012C	0.67354
5740	YJR092W	0.67353
5741	YAR014C	0.67345
5742	YLR279W	0.6734
5743	YOR248W	0.6734
5744	YBR057C	0.67337
5745	YPL219W	0.67333
5746	YGL041C	0.67322
5747	YNL156C	0.67321
5748	YBL005W	0.67306
5749	YER138W-A	0.67296
5750	YJL022W	0.67294
5751	YMR107W	0.67291
5752	YCR020W-B	0.67277
5753	YKL100W-A	0.67277
5754	YNL337W	0.67259
5755	YOR392W	0.67229
5756	YMR025W	0.6722
5757	YOR221C	0.67218
5758	YBL093C	0.67214
5759	YFL014W	0.67203
5760	YKL061W	0.67198
5761	YCR097W	0.67198
5762	YMR064W	0.67198
5763	YMR075C-A	0.67196
5764	YJL127C-B	0.67191
5765	YDL056W	0.67183
5766	YLR232W	0.67175
5767	YER035W	0.67167
5768	YHR136C	0.6716
5769	YHR056C	0.67159
5770	YLR313C	0.67154
5771	YMR046C	0.67153
5772	YJL066C	0.6715
5773	YAR030C	0.6715
5774	YHR156C	0.67148
5775	YCL065W	0.67143
5776	YBR296C-A	0.67142
5777	YER091C-A	0.67135
5778	YML023C	0.67133
5779	YLR146W-A	0.67133
5780	YPL073C	0.67118
5781	YBL005W-A	0.67117
5782	YDR535C	0.67115
5783	YIL029C	0.67101
5784	YKL159C	0.67095
5785	YBR277C	0.67087
5786	YJR012C	0.67086
5787	YDR066C	0.67083
5788	YOR298W	0.6708
5789	YOR314W	0.67071
5790	YLR101C	0.67068
5791	YLR202C	0.67062
5792	YDR381C-A	0.67061
5793	YDR048C	0.67051
5794	YHR050W-A	0.67047
5795	YDR246W-A	0.67039
5796	YFR010W-A	0.67039
5797	YOL035C	0.67032
5798	YGL188C-A	0.67031
5799	YGR291C	0.67023
5800	YLR242C	0.67013
5801	YDR524C-A	0.67009
5802	YBL071C	0.66998
5803	YDR183C-A	0.66996
5804	YNL053W	0.66977
5805	YKL104W-A	0.66975
5806	YLR119W	0.66968
5807	YDR016C	0.66966
5808	YBL094C	0.66962
5809	YNL205C	0.66958
5810	YKR046C	0.66955
5811	YJR087W	0.66954
5812	YER085C	0.6695
5813	YOR152C	0.66949
5814	YAL069W	0.66949
5815	YNL054W-A	0.66933
5816	YGR249W	0.6692
5817	YMR066W	0.66904
5818	YBR131C-A	0.669
5819	YDR241W	0.66899
5820	YLR360W	0.66888
5821	YNR004W	0.66886
5822	YMR118C	0.66886
5823	YMR119W-A	0.66879
5824	YMR052W	0.66878
5825	YLR162W-A	0.6687
5826	YGL219C	0.66865
5827	YDR422C	0.66862
5828	YNL140C	0.6685
5829	YPL168W	0.66848
5830	YIL071C	0.66839
5831	YLR285C-A	0.66838
5832	YDR396W	0.66838
5833	YCL068C	0.66836
5834	YBL054W	0.66836
5835	YBR197C	0.66832
5836	YDL170W	0.66821
5837	YLR139C	0.6682
5838	YKL165C-A	0.6679
5839	YDR455C	0.66782
5840	YGL168W	0.66782
5841	YNL196C	0.66772
5842	YPR159C-A	0.66769
5843	YDR136C	0.6676
5844	YMR304C-A	0.66751
5845	YDR354C-A	0.66746
5846	YLR185W	0.66743
5847	YPL018W	0.66731
5848	YDR445C	0.66725
5849	YLR154W-C	0.66709
5850	YGR219W	0.667
5851	YOR231C-A	0.66693
5852	YLR298C	0.66686
5853	YER186C	0.6666
5854	YFL012W-A	0.66659
5855	YLR154W-B	0.66654
5856	YNL097W-A	0.66654
5857	YBL052C	0.6665
5858	YCL007C	0.66645
5859	YPL099C	0.66637
5860	YER075C	0.66632
5861	YOL159C	0.6663
5862	YKL171W	0.66618
5863	YNR063W	0.6661
5864	YDR133C	0.66603
5865	YMR199W	0.66601
5866	YKR034W	0.66591
5867	YLR434C	0.66568
5868	YDR194W-A	0.66566
5869	YJR114W	0.66552
5870	YML047W-A	0.6655
5871	YLR169W	0.66548
5872	YMR122C	0.66547
5873	YEL018W	0.66547
5874	YBR004C	0.66546
5875	YIR021W-A	0.6654
5876	YDR065W	0.66534
5877	YAR020C	0.66524
5878	YGR114C	0.66519
5879	YLR366W	0.66517
5880	YKR033C	0.66509
5881	YJL026C-A	0.66495
5882	YGL229C	0.66489
5883	YDR317W	0.66486
5884	YOR385W	0.66479
5885	YDR088C	0.66464
5886	YDR500C	0.66449
5887	YER079C-A	0.66448
5888	YJL211C	0.66444
5889	YER093C-A	0.66444
5890	YLR263W	0.66436
5891	YOR113W	0.66433
5892	YDR217C	0.66431
5893	YDR350C	0.6643
5894	YER088C	0.66404
5895	YGR230W	0.66402
5896	YLR364C-A	0.66402
5897	YKL023W	0.66395
5898	YOR107W	0.66392
5899	YDL062W	0.66385
5900	YJL020W-A	0.66382
5901	YDR371W	0.66379
5902	YAL066W	0.66378
5903	YPR146C	0.66367
5904	YOR266W	0.66366
5905	YNL167C	0.6636
5906	YJL047C-A	0.66359
5907	YLR052W	0.66348
5908	YGR115C	0.66348
5909	YJL095W	0.66347
5910	YGR077C	0.66341
5911	YGR122C-A	0.66339
5912	YER006C-A	0.66339
5913	YOR008W-B	0.66333
5914	YJR106W	0.66332
5915	YLR466C-B	0.66327
5916	YNL070W	0.66322
5917	YJL058C	0.66317
5918	YDR123C	0.66312
5919	YCL001W-A	0.66309
5920	YOR011W-A	0.66304
5921	YDR034C-C	0.66304
5922	YMR082C	0.66296
5923	YAL068W-A	0.66285
5924	YLR363W-A	0.66283
5925	YCR022C	0.66275
5926	YMR153C-A	0.66261
5927	YIR014W	0.66246
5928	YDL130W-A	0.66237
5929	YPR068C	0.66233
5930	YLR154C-G	0.66231
5931	YGR098C	0.66224
5932	YDR307W	0.6622
5933	YGL121C	0.66212
5934	YGR011W	0.66204
5935	YDR521W	0.66198
5936	YEL010W	0.66198
5937	YDR327W	0.66197
5938	YAR047C	0.66181
5939	YGL204C	0.66174
5940	YJL103C	0.66173
5941	YPR027C	0.66169
5942	YGL151W	0.66163
5943	YKR045C	0.66151
5944	YER045C	0.66144
5945	YKL050C	0.66143
5946	YBL063W	0.66142
5947	YKR091W	0.6614
5948	YNL226W	0.6614
5949	YGR016W	0.66125
5950	YOR376W	0.66114
5951	YBL073W	0.66113
5952	YKL096C-B	0.66111
5953	YHR099W	0.6611
5954	YDR261W-A	0.66098
5955	YDL073W	0.66093
5956	YDR201W	0.66069
5957	YDR082W	0.66065
5958	YEL068C	0.66049
5959	YGL102C	0.66049
5960	YEL008C-A	0.66032
5961	YDR119W-A	0.66029
5962	YIL071W-A	0.66024
5963	YDR532C	0.66022
5964	YCL020W	0.6602
5965	YDL189W	0.66018
5966	YCR102W-A	0.66018
5967	YOL085W-A	0.66009
5968	YPR012W	0.66007
5969	YDR014W-A	0.66001
5970	YOR192C-A	0.66001
5971	YHR093W	0.65998
5972	YDR034C	0.65993
5973	YIL097W	0.65989
5974	YDR179C	0.65982
5975	YBR182C	0.65972
5976	YLR404W	0.65967
5977	YHR036W	0.65965
5978	YLR294C	0.65953
5979	YAL010C	0.6595
5980	YER137W-A	0.6594
5981	YOR343C	0.6594
5982	YIL036W	0.65939
5983	YKL052C	0.65937
5984	YLR112W	0.65937
5985	YIL101C	0.65931
5986	YIL066W-A	0.65925
5987	Q0297	0.65909
5988	YIL030W-A	0.65899
5989	YDR494W	0.65892
5990	YMR172C-A	0.65868
5991	YGL193C	0.65862
5992	YGL014C-A	0.65855
5993	YAL040C	0.65846
5994	YJL086C	0.65834
5995	YIR010W	0.65831
5996	YIL136W	0.65819
5997	YMR257C	0.65815
5998	YNL091W	0.65814
5999	YBR300C	0.65804
6000	YDR310C	0.65803
6001	YGR164W	0.65794
6002	YBR126W-B	0.65789
6003	YKL169C	0.65787
6004	YMR256C	0.65786
6005	YPR084W	0.65785
6006	YNL144C	0.65772
6007	YGL005C	0.65768
6008	YPL261C	0.65759
6009	YPL174C	0.65743
6010	YOL024W	0.65741
6011	YGR015C	0.65728
6012	YDR166C	0.65724
6013	YAL019W-A	0.65724
6014	YLR224W	0.65724
6015	YBR126W-A	0.65724
6016	YLL042C	0.65722
6017	YKL130C	0.65715
6018	YJR005C-A	0.65708
6019	YER188C-A	0.65708
6020	YHR182W	0.65707
6021	YLR327C	0.65706
6022	YDR431W	0.65705
6023	YDL094C	0.65695
6024	YLR236C	0.65688
6025	YMR315W-A	0.65682
6026	YKR054C	0.65671
6027	YGL072C	0.65643
6028	YPL039W	0.6564
6029	YML081W	0.65633
6030	YLR408C	0.65622
6031	YGR137W	0.65612
6032	YDL235C	0.6561
6033	YLR400W	0.65607
6034	YBR209W	0.65594
6035	YNL115C	0.6559
6036	YLR385C	0.65567
6037	YBR225W	0.65567
6038	YIL092W	0.65562
6039	YFL002W-B	0.65556
6040	YGR161W-A	0.65556
6041	YPR171W	0.65555
6042	YPR074W-A	0.65553
6043	YLR157W-D	0.65553
6044	YEL028W	0.65552
6045	YDR235W	0.65527
6046	YJL056C	0.65513
6047	YHL046W-A	0.65513
6048	YBR230W-A	0.65512
6049	YEL043W	0.65511
6050	YFR019W	0.65497
6051	YMR282C	0.65491
6052	YHR153C	0.65487
6053	YOL085C	0.65484
6054	YHR056W-A	0.65478
6055	YGR038C-E	0.65472
6056	YHR069C-A	0.65468
6057	YMR148W	0.65466
6058	YML043C	0.65464
6059	YDL151C	0.65454
6060	YOL082W	0.65447
6061	YLR410W-A	0.65437
6062	YJR089W	0.65425
6063	YDL240C-A	0.65425
6064	YBL012C	0.65422
6065	YLR358C	0.65382
6066	YDR529C	0.65372
6067	YLR297W	0.65365
6068	YPR013C	0.65349
6069	YPL272C	0.65342
6070	YML099W-A	0.6534
6071	YKL204W	0.65338
6072	YJR094W-A	0.65331
6073	YPR043W	0.65331
6074	YBL100W-A	0.65324
6075	YAR061W	0.65323
6076	YHR212W-A	0.65323
6077	YJR021C	0.65301
6078	YGL176C	0.65287
6079	YKL162C	0.65285
6080	YPL257W	0.6528
6081	YLR198C	0.65269
6082	YER133W-A	0.65265
6083	YML058W-A	0.65265
6084	YHR167W	0.65264
6085	YGR161C	0.65261
6086	YPL253C	0.65258
6087	YOR161C-C	0.65258
6088	YOR394C-A	0.65255
6089	YLR184W	0.65253
6090	YOR073W	0.65253
6091	YKL118W	0.65249
6092	YHL041W	0.65238
6093	YJL207C	0.65236
6094	YNR049C	0.65233
6095	YFR036W-A	0.65229
6096	YFR032C-A	0.65205
6097	YOR072W-B	0.65203
6098	YPL049C	0.65202
6099	YOL007C	0.65201
6100	YOR137C	0.65175
6101	YFR042W	0.65164
6102	YMR141W-A	0.6514
6103	YDL206W	0.65132
6104	YBL100W-C	0.6513
6105	YLL003W	0.65119
6106	YBL059W	0.65116
6107	YGL182C	0.65111
6108	YBL009W	0.65109
6109	YOR097C	0.65099
6110	YOL159C-A	0.65098
6111	YDR543C	0.65095
6112	YDR252W	0.65093
6113	YLR036C	0.65087
6114	YGL226C-A	0.65076
6115	YER067C-A	0.65075
6116	YNL235C	0.65063
6117	YBR051W	0.65052
6118	YJL170C	0.6503
6119	YNR025C	0.65013
6120	YGR140W	0.65011
6121	YJL225W-A	0.65011
6122	YIL177W-A	0.65011
6123	YDR195W	0.64997
6124	YPR126C	0.64981
6125	YDR103W	0.64972
6126	YGR227C-A	0.6497
6127	YCR082W	0.64963
6128	YOR032C	0.64963
6129	YLR217W	0.64927
6130	YLR353W	0.64924
6131	YMR030W	0.64913
6132	YPR151C	0.649
6133	YMR191W	0.64898
6134	YAL031W-A	0.64894
6135	YLR131C	0.64893
6136	YGL081W	0.6489
6137	YER028C	0.64884
6138	YPL070W	0.64868
6139	YMR052C-A	0.64866
6140	YDL211C	0.64859
6141	YDR203W	0.64842
6142	YDR010C	0.64839
6143	YDR210W-A	0.64825
6144	YLR227C	0.64824
6145	YNL210W	0.64807
6146	YNL152W	0.64796
6147	YLR201C	0.64793
6148	YOR158W	0.64771
6149	YMR194C-A	0.6477
6150	YER076W-A	0.64761
6151	YNL067W-A	0.64759
6152	YOR186C-A	0.64758
6153	YLR424C-B	0.6475
6154	YIL141W	0.64743
6155	YHR103W	0.6474
6156	YDL185C-A	0.64735
6157	YFL032W	0.64725
6158	YLR154W-F	0.64723
6159	YPL035C	0.64712
6160	YGL006W-A	0.64708
6161	YLL066W-A	0.64705
6162	YLL067W-A	0.64705
6163	YFL068W	0.64705
6164	YLR221C	0.64697
6165	YJR140W-A	0.64693
6166	YDR202C	0.64686
6167	YNL319W	0.64679
6168	YIR016W	0.64678
6169	YKL138C-A	0.64669
6170	YJL032W	0.64657
6171	YDL158C	0.6465
6172	YGL075C	0.64624
6173	YHL050W-A	0.64617
6174	YGL007W	0.64616
6175	YOR343W-A	0.64604
6176	YLR431C	0.64591
6177	YCR081W	0.64588
6178	YHR145C	0.64578
6179	YOR177C	0.64574
6180	YLR467C-A	0.64565
6181	YLR466C-A	0.64565
6182	YOR396C-A	0.64565
6183	YDR069C	0.64563
6184	YER066C-A	0.64562
6185	YDL016C	0.64557
6186	YBR182C-A	0.64547
6187	YLR094C	0.64532
6188	YML133W-B	0.64528
6189	YNL339W-B	0.64528
6190	YHR219C-A	0.64528
6191	YPL118W	0.64522
6192	YFL031C-A	0.64516
6193	YDR545C-A	0.64488
6194	YOL104C	0.64481
6195	YLR287C-A	0.6447
6196	YOR182C	0.6447
6197	YNR009W	0.64466
6198	YML037C	0.64453
6199	YGL230C	0.64449
6200	YHR137C-A	0.64442
6201	YDR240C	0.64424
6202	YOR032W-A	0.64417
6203	YMR163C	0.64416
6204	YNL285W	0.64415
6205	YMR232W	0.64412
6206	YGR275W	0.64412
6207	YNL199C	0.64408
6208	YMR124W	0.64407
6209	YIL163C	0.64403
6210	YER132C	0.64388
6211	YOL015W	0.64383
6212	YOR264W	0.64374
6213	YJR107C-A	0.64349
6214	YGR179C	0.64345
6215	YER097W	0.64342
6216	YKL018C-A	0.64331
6217	YNL042W	0.64312
6218	YMR086W	0.64305
6219	YPL283W-B	0.64298
6220	YGR296C-B	0.64298
6221	YEL077W-A	0.64298
6222	YPR204C-A	0.64298
6223	YER190C-B	0.64298
6224	YJL150W	0.64281
6225	YMR326C	0.64269
6226	YML015C	0.64262
6227	YAL028W	0.6425
6228	YDR443C	0.64239
6229	YER149C	0.64238
6230	YMR187C	0.64236
6231	YHR214W-A	0.64227
6232	YNL266W	0.64222
6233	YDR034C-A	0.64215
6234	YPL102C	0.64213
6235	YLR376C	0.64212
6236	YML062C	0.6421
6237	YLR154W-E	0.64206
6238	YLR458W	0.64194
6239	YGR174W-A	0.6419
6240	YPL054W	0.64189
6241	YKL053W	0.64168
6242	YOL131W	0.64167
6243	YNL198C	0.64155
6244	YLR099W-A	0.64147
6245	YGR041W	0.64125
6246	YDR515W	0.64124
6247	YNL171C	0.64124
6248	YGR142W	0.64124
6249	YDL242W	0.64102
6250	YHR184W	0.64082
6251	YGR134W	0.64072
6252	YHL029C	0.6406
6253	YBL039W-B	0.64055
6254	YLL044W	0.64054
6255	YBR224W	0.64053
6256	YPL130W	0.6405
6257	YGR023W	0.64042
6258	YOR076C	0.64019
6259	YFL033C	0.64012
6260	YAR068W	0.64006
6261	YBR136W	0.64005
6262	YKL138C	0.63979
6263	YLR154W-A	0.6397
6264	YBR230C	0.63951
6265	YIL045W	0.63934
6266	YER087C-A	0.63934
6267	YLR091W	0.63931
6268	YBR184W	0.63928
6269	YFL063W	0.63918
6270	YMR179W	0.63901
6271	YKR100C	0.639
6272	YDR524C	0.63891
6273	YNL024C-A	0.63889
6274	YIL134C-A	0.63885
6275	YDR374C	0.63881
6276	YCL021W-A	0.63857
6277	YBL113W-A	0.6385
6278	YGR113W	0.63833
6279	YDL050C	0.6383
6280	YAL027W	0.638
6281	YGL214W	0.63787
6282	YOL031C	0.63779
6283	YCL051W	0.63778
6284	YHR032W-A	0.63774
6285	YMR204C	0.63772
6286	YDR461C-A	0.63759
6287	Q0182	0.63737
6288	YEL009C-A	0.63735
6289	YPR142C	0.63721
6290	YOR147W	0.63703
6291	YDR151C	0.63682
6292	YDL152W	0.63665
6293	YGL079W	0.63631
6294	YDR042C	0.63628
6295	YOR030W	0.63622
6296	YBR196C-A	0.63619
6297	YDR446W	0.63616
6298	YGR079W	0.63614
6299	YHR130C	0.63612
6300	YOR047C	0.63599
6301	YDR361C	0.63571
6302	YOR350C	0.6355
6303	YBL107C	0.63543
6304	YHR079C-A	0.63541
6305	YJR056C	0.63538
6306	YGR151C	0.63524
6307	YDR024W	0.63521
6308	YBR219C	0.63519
6309	YDR406W-A	0.63493
6310	YJL189W	0.63466
6311	YMR299C	0.63425
6312	YPR036W-A	0.63408
6313	YKR010C	0.63395
6314	YJL133C-A	0.63393
6315	YHR175W-A	0.63385
6316	YIL086C	0.63377
6317	YPR169W-A	0.63376
6318	YLR190W	0.63369
6319	YMR094W	0.63366
6320	YMR193C-A	0.63365
6321	YBR007C	0.63354
6322	YOR114W	0.63353
6323	YPL197C	0.63351
6324	YFR032C-B	0.63328
6325	YML054C-A	0.63325
6326	YBL053W	0.63292
6327	YCL022C	0.63288
6328	YMR046W-A	0.6325
6329	YHR177W	0.63248
6330	YDL082W	0.63245
6331	YFR012W	0.63245
6332	YIL037C	0.63244
6333	YFL041W-A	0.63242
6334	YOR178C	0.63234
6335	YCL001W	0.63226
6336	YNL197C	0.63216
6337	YPL158C	0.6321
6338	YDR239C	0.63202
6339	YCR108C	0.6319
6340	YPL027W	0.63184
6341	YLR042C	0.63173
6342	YLR254C	0.63138
6343	YJR037W	0.63113
6344	YMR158C-A	0.63091
6345	YBR148W	0.63079
6346	YPR164W	0.6306
6347	YMR075W	0.63056
6348	YJR003C	0.63042
6349	YNR045W	0.63033
6350	YOL118C	0.63022
6351	YLR222C-A	0.63018
6352	YNR077C	0.63015
6353	YMR142C	0.63013
6354	YGR067C	0.62984
6355	YKL062W	0.62971
6356	YJL090C	0.62944
6357	YLR436C	0.62935
6358	YGL035C	0.62912
6359	YDL199C	0.62907
6360	YKL111C	0.629
6361	YFR008W	0.62895
6362	YOR235W	0.62884
6363	YDR181C	0.62881
6364	YER040W	0.62857
6365	YOR170W	0.62822
6366	YEL005C	0.6282
6367	YDL224C	0.62796
6368	YNR014W	0.62789
6369	YOL134C	0.62782
6370	YBR255W	0.62781
6371	YNL103W	0.62779
6372	YKL185W	0.62774
6373	YOR313C	0.62754
6374	YBR275C	0.62742
6375	YJR030C	0.62724
6376	YHR152W	0.62724
6377	YDL089W	0.62705
6378	YLR018C	0.62697
6379	YDR277C	0.62669
6380	YNL159C	0.62637
6381	YLL033W	0.62635
6382	YKL106C-A	0.62618
6383	YNL225C	0.62609
6384	YPL033C	0.62592
6385	YLR352W	0.62592
6386	YLR273C	0.62566
6387	YJR108W	0.62551
6388	YER111C	0.62548
6389	YER088W-B	0.62547
6390	YHR193C-A	0.62545
6391	YMR059W	0.62515
6392	YNL100W	0.62498
6393	YOR195W	0.62484
6394	YIL102C-A	0.62464
6395	YOR381W-A	0.62444
6396	YDR096W	0.62442
6397	YAL063C-A	0.62438
6398	YOR053W	0.62423
6399	YJL110C	0.62422
6400	YPL269W	0.62415
6401	YDL176W	0.62396
6402	YML009W-B	0.62373
6403	YLR299C-A	0.62325
6404	Q0143	0.62319
6405	YCL027W	0.62293
6406	YGL042C	0.6228
6407	YGR161W-C	0.62277
6408	YOR066W	0.62275
6409	YCR018C-A	0.62244
6410	YPR134W	0.62215
6411	YBL046W	0.62198
6412	YLR267W	0.62186
6413	YAL024C	0.62148
6414	YAL016C-B	0.6214
6415	YNL027W	0.62117
6416	YCL005W	0.6211
6417	YLR312C	0.62102
6418	YNL013C	0.62087
6419	YML101C-A	0.62061
6420	YBR130C	0.62023
6421	YDR113C	0.62015
6422	YDL223C	0.62011
6423	YEL032C-A	0.62
6424	YJL149W	0.61977
6425	YMR219W	0.61974
6426	YOR359W	0.61971
6427	YDR425W	0.61953
6428	YHR052C-B	0.61944
6429	YHR054C-B	0.61944
6430	YBL048W	0.61933
6431	YGR039W	0.61925
6432	YAL031C	0.61914
6433	YDL239C	0.61905
6434	YDR227W	0.6187
6435	YFL021W	0.61866
6436	YLR307C-A	0.61864
6437	YKR037C	0.61851
6438	YBR072C-A	0.6185
6439	YIL046W-A	0.61846
6440	YGL175C	0.61836
6441	YER153C	0.61832
6442	YDL159W-A	0.61829
6443	YCR043C	0.61826
6444	YOR349W	0.61804
6445	YBR173C	0.618
6446	YER158W-A	0.6179
6447	YIL119C	0.61782
6448	YLR283W	0.61769
6449	YOR023C	0.61764
6450	YBR203W	0.61719
6451	YJR157W	0.61698
6452	YJR083C	0.61692
6453	YMR135C	0.6168
6454	YOR333C	0.61673
6455	YPL230W	0.6166
6456	YER158C	0.61642
6457	YGR168C	0.61631
6458	YGL117W	0.61627
6459	YBR194W	0.61622
6460	YMR255W	0.61593
6461	YFR017C	0.61591
6462	YDL169C	0.61525
6463	YER175W-A	0.61522
6464	YDR356W	0.61515
6465	YPR101W	0.61513
6466	YDR457W	0.61487
6467	YOL013W-B	0.61479
6468	YOL091W	0.61464
6469	YFL019C	0.61457
6470	YPL052W	0.61456
6471	YOR186W	0.61452
6472	YOR169C	0.61443
6473	YDR030C	0.61427
6474	YBR124W	0.614
6475	YCR065W	0.61384
6476	YFR057W	0.61378
6477	YGL023C	0.61374
6478	YBL109W	0.61352
6479	YDL027C	0.61324
6480	YOL029C	0.61312
6481	YIL122W	0.61286
6482	YOR342C	0.6128
6483	YDR014W	0.61278
6484	YMR174C	0.61265
6485	YER038C	0.61258
6486	YDR207C	0.61255
6487	YOR329W-A	0.61246
6488	YPL200W	0.61228
6489	YPL096C-A	0.61228
6490	YDR259C	0.61171
6491	YLR373C	0.61163
6492	YDR439W	0.6113
6493	YKL145W-A	0.61051
6494	YMR270C	0.61048
6495	YMR151W	0.61044
6496	YBL088C	0.61036
6497	YKR078W	0.60971
6498	YNL046W	0.60956
6499	YMR003W	0.6094
6500	YDR216W	0.60911
6501	YFR054C	0.609
6502	YML058W	0.609
6503	Q0255	0.60879
6504	YLR465C	0.60866
6505	YLR394W	0.60834
6506	YOR214C	0.60767
6507	YNL176C	0.60719
6508	YLR031W	0.60713
6509	YOR284W	0.60696
6510	YBR156C	0.60688
6511	YNL195C	0.60669
6512	YBL034C	0.60622
6513	YOR192C-C	0.60593
6514	YBR140C	0.6059
6515	YPR005C	0.60563
6516	YKR022C	0.60561
6517	YER155C	0.6049
6518	YBR095C	0.60431
6519	YLR223C	0.60406
6520	YDR219C	0.60373
6521	YJL118W	0.60343
6522	YKL112W	0.60304
6523	YGR126W	0.60276
6524	YDR028C	0.60272
6525	YBR056C-B	0.60263
6526	YEL014C	0.60259
6527	YER084W-A	0.60259
6528	YNL233W	0.60219
6529	YMR160W	0.60214
6530	YGL021W	0.60208
6531	YKL093W	0.6012
6532	YHR160C	0.60114
6533	YGR071C	0.60026
6534	YER121W	0.60009
6535	YGL223C	0.59993
6536	YOL081W	0.5996
6537	YCL044C	0.59939
6538	YPL014W	0.5993
6539	YDR260C	0.59907
6540	YPR002C-A	0.59894
6541	YPR078C	0.59869
6542	Q0010	0.59866
6543	YML109W	0.59848
6544	YDR351W	0.59848
6545	YKL068W-A	0.59832
6546	YLR437C-A	0.59809
6547	YJL181W	0.59801
6548	YLR030W	0.59785
6549	YGR153W	0.5976
6550	YPL055C	0.5973
6551	YOR255W	0.59723
6552	YPR044C	0.59721
6553	YMR273C	0.59713
6554	YPR170W-A	0.59705
6555	YBR201C-A	0.59675
6556	YOR352W	0.59654
6557	YFR046C	0.59653
6558	YNL076W	0.59645
6559	YJL051W	0.59641
6560	YBR076W	0.59633
6561	YDL069C	0.59606
6562	YLR315W	0.59605
6563	YJL162C	0.5958
6564	YOR372C	0.59568
6565	YDR070C	0.59539
6566	YBR050C	0.5951
6567	YDR130C	0.59497
6568	YPL223C	0.59434
6569	YPL201C	0.5943
6570	YCL063W	0.59364
6571	YOR121C	0.59363
6572	YGL138C	0.59353
6573	YOR324C	0.59346
6574	YGL222C	0.59316
6575	YGR240C-A	0.59261
6576	R0030W	0.59247
6577	YJR162C	0.59116
6578	YPL077C	0.5908
6579	YAL047C	0.59072
6580	YKL105C	0.59035
6581	YER167W	0.58988
6582	YLR341W	0.58985
6583	YKL042W	0.5896
6584	YHR195W	0.58939
6585	YER104W	0.58938
6586	YOL036W	0.58902
6587	YER130C	0.5889
6588	YHR014W	0.5886
6589	YPL089C	0.58853
6590	YPL250C	0.58837
6591	YKL225W	0.5881
6592	YGR273C	0.58787
6593	YNL018C	0.58783
6594	YMR144W	0.58766
6595	YER044C-A	0.58725
6596	YPL068C	0.58711
6597	Q0144	0.58691
6598	YER181C	0.58624
6599	YNL034W	0.5852
6600	Q0092	0.58418
6601	YDR528W	0.58416
6602	YBR047W	0.58373
6603	YIL135C	0.58351
6604	YLR252W	0.58342
6605	YNL074C	0.58315
6606	YNL105W	0.58311
6607	YGL057C	0.58287
6608	YPR065W	0.58275
6609	YMR036C	0.58227
6610	YDR184C	0.58183
6611	YGR035C	0.58182
6612	YOL025W	0.58162
6613	YBR013C	0.58134
6614	YGL194C-A	0.58092
6615	YGR221C	0.58081
6616	YLR257W	0.58059
6617	YNL311C	0.58049
6618	YMR195W	0.58029
6619	YLL047W	0.57993
6620	YKL065W-A	0.5799
6621	YDR223W	0.57983
6622	YGR239C	0.57944
6623	YEL057C	0.57937
6624	YPL066W	0.57865
6625	YPR008W	0.57848
6626	YKR077W	0.57725
6627	YJR011C	0.57649
6628	YGR120C	0.57644
6629	YPL180W	0.57611
6630	YIL146C	0.57608
6631	YBL031W	0.57489
6632	YPL255W	0.57468
6633	YLR282C	0.57464
6634	YJL185C	0.57451
6635	YPL071C	0.57365
6636	YPL159C	0.57333
6637	YML091C	0.5733
6638	YBR045C	0.57217
6639	YBR063C	0.57214
6640	YKL162C-A	0.57207
6641	YDL186W	0.57204
6642	YML053C	0.57198
6643	YPL267W	0.5704
6644	YDR186C	0.56967
6645	YMR175W	0.56828
6646	YDL076C	0.56733
6647	YHR061C	0.56719
6648	YLL065W	0.56713
6649	YNL214W	0.56657
6650	YER106W	0.5663
6651	YLR230W	0.56627
6652	YBR071W	0.56606
6653	YHR054C	0.56586
6654	YMR037C	0.56583
6655	YDR309C	0.5657
6656	YOR062C	0.56549
6657	YFL012W	0.56528
6658	YLR102C	0.56496
6659	YGL128C	0.56471
6660	YDR029W	0.56414
6661	YPL121C	0.56372
6662	YIR025W	0.56286
6663	YER033C	0.56271
6664	YPR158W	0.5625
6665	YDR275W	0.56198
6666	YPR145C-A	0.56173
6667	YNL188W	0.56014
6668	YJL144W	0.55971
6669	YDR249C	0.55961
6670	YLR334C	0.55956
6671	YML119W	0.55912
6672	YLR053C	0.55904
6673	YER124C	0.55875
6674	YOR279C	0.55873
6675	YBR165W	0.55799
6676	YPR046W	0.5578
6677	YLR445W	0.5576
6678	YJL089W	0.55603
6679	YDR085C	0.55577
6680	YNL078W	0.55504
6681	YDR022C	0.55367
6682	YDR480W	0.55214
6683	YBR211C	0.5508
6684	YHR157W	0.54971
6685	YPL124W	0.54961
6686	YLR049C	0.54957
6687	YJL147C	0.5493
6688	YOR315W	0.54918
6689	YML009C-A	0.5456
6690	YLR457C	0.54448
6691	YJL161W	0.5431
6692	YML006C	0.54214
6693	YMR206W	0.54164
6694	YKL109W	0.54116
6695	YKL023C-A	0.54104
6696	YER032W	0.54068
6697	YGL015C	0.53962
6698	YDL180W	0.53849
6699	YMR136W	0.53245
6700	YOR044W	0.52798
6701	YPL229W	0.52625
6702	YER180C	0.52448
6703	YBL081W	0.52439
6704	YBR285W	0.52369
6705	YML112W	0.51989
6706	Q0140	0.51972
6707	YNR010W	0.516
6708	YMR181C	0.51113
6709	YHR185C	0.51095
6710	YPR083W	0.5098
6711	YBR157C	0.50836
6712	YBR138C	0.50678
6713	YGL170C	0.50664
6714	YGL036W	0.50329
6715	YER079W	0.50272
6716	YIL152W	0.49355
6717	YNL146W	0.49091
6718	YML003W	0.48414
6719	YMR081C	0.4828
6720	YOL106W	0.48019
6721	YFR036W	0.47988
6722	YKR075C	0.46715
6723	YGR146C	0.46447
6724	Q0032	0.46399
6725	YMR252C	0.46104
6726	YJR094C	0.44316
6727	YDL007C-A	0.43464
6728	YFR035W-A	0.31349
6729	YNL040C-A	0.31349
6730	YMR106W-A	0.31349
6731	YDL204W-A	0.31349
6732	YGR016C-A	0.31349
6733	YNL155C-A	0.31349
