rank	yeast_gene	cosine
1	YFL026W	0.92549
2	YLL063C	0.92308
3	YEL064C	0.92213
4	YML018C	0.92196
5	YER039C	0.92039
6	YPR138C	0.91944
7	YIL088C	0.91806
8	YGR121C	0.91704
9	YDR090C	0.91642
10	YPL246C	0.91594
11	YMR221C	0.91537
12	YGL077C	0.91503
13	YBR132C	0.91473
14	YEL065W	0.91451
15	YKR106W	0.91218
16	YCL073C	0.91189
17	YLR034C	0.91155
18	YER119C	0.91119
19	YML116W	0.91091
20	YDL210W	0.91061
21	YOL162W	0.91021
22	YKL146W	0.91012
23	Q0085	0.90987
24	YLR152C	0.90973
25	YMR034C	0.90946
26	YHL016C	0.90909
27	YMR071C	0.90889
28	YGL225W	0.90874
29	YBR294W	0.9079
30	YHR050W	0.90784
31	YNL270C	0.90755
32	YOL092W	0.9074
33	YJR001W	0.90698
34	YPR201W	0.90666
35	YOR380W	0.90651
36	YBR287W	0.90649
37	YJR124C	0.90647
38	YPL265W	0.90646
39	YOL122C	0.90624
40	YLR092W	0.90623
41	YGR191W	0.90582
42	YHL036W	0.90539
43	YBR068C	0.90494
44	YHL040C	0.90489
45	YCR098C	0.90469
46	YNL142W	0.90409
47	YOL137W	0.90365
48	YBL042C	0.90355
49	YPR003C	0.90342
50	YEL063C	0.90309
51	YGL087C	0.90303
52	YGL186C	0.90295
53	YMR279C	0.90291
54	YFL055W	0.90277
55	YNL095C	0.90252
56	YOL158C	0.90235
57	YBR235W	0.90203
58	YPL264C	0.90134
59	YGR055W	0.9013
60	YHL047C	0.90127
61	YLL061W	0.90105
62	YMR243C	0.90102
63	YDR536W	0.9009
64	YER185W	0.90061
65	YLR241W	0.90054
66	YDR046C	0.90031
67	YBL089W	0.9001
68	YPL221W	0.90008
69	YPL274W	0.90001
70	YOL002C	0.89993
71	YPR194C	0.89986
72	YIL166C	0.89976
73	YKL004W	0.89972
74	YBR220C	0.89957
75	YNL123W	0.89945
76	YOR378W	0.8994
77	YEL004W	0.89933
78	YER056C	0.89921
79	YOR348C	0.89893
80	YNL268W	0.89892
81	YOR241W	0.89892
82	YLR130C	0.89885
83	YNR055C	0.89877
84	YBR021W	0.89863
85	YER145C	0.89859
86	YGR197C	0.89858
87	YOR092W	0.89852
88	YOR071C	0.89834
89	YPL175W	0.89825
90	YER060W	0.89823
91	YNL125C	0.8982
92	YOR192C	0.89805
93	YIR028W	0.8977
94	YGR213C	0.89727
95	YBL040C	0.89712
96	YCL025C	0.89705
97	YCR017C	0.89698
98	YDR497C	0.89673
99	YNL275W	0.89667
100	YKR093W	0.89655
101	YIL121W	0.89651
102	YIL048W	0.89605
103	YCR028C	0.89603
104	YHR218W	0.89596
105	YOR061W	0.8957
106	YML064C	0.89552
107	YOR316C	0.89517
108	YDR508C	0.89511
109	YGL114W	0.89482
110	YGL139W	0.8948
111	YMR084W	0.8948
112	YLR237W	0.89472
113	YIL120W	0.89471
114	YBR069C	0.89468
115	YJR015W	0.89456
116	YEL013W	0.89445
117	YJL214W	0.89442
118	YDL247W	0.89385
119	YIL035C	0.89351
120	YML123C	0.89346
121	YDR038C	0.89342
122	YBR295W	0.89337
123	YBL111C	0.89309
124	YOL163W	0.89307
125	YJR160C	0.89281
126	YDR321W	0.89278
127	YEL077C	0.89274
128	YKR105C	0.89271
129	YDR438W	0.89271
130	YBR296C	0.89269
131	YKL161C	0.89259
132	YGR224W	0.89226
133	YOR328W	0.89226
134	YJL108C	0.89215
135	YCR061W	0.89206
136	YNR072W	0.89184
137	YDR011W	0.89181
138	YNR056C	0.89177
139	YDR492W	0.89173
140	YDR039C	0.8917
141	YEL069C	0.89152
142	YER060W-A	0.89131
143	YAL053W	0.89129
144	YPR131C	0.89122
145	YIL170W	0.89096
146	YKR039W	0.8908
147	YMR015C	0.89075
148	YNR002C	0.89075
149	YNR070W	0.89074
150	YOL103W	0.89069
151	YDR331W	0.8906
152	YDR040C	0.8906
153	YLR220W	0.89023
154	YKL107W	0.8902
155	YGR065C	0.89004
156	YOR049C	0.88986
157	YLR056W	0.88986
158	YLL055W	0.88973
159	YDR144C	0.8897
160	YKR053C	0.88966
161	YJL219W	0.88961
162	YCL069W	0.88953
163	YER052C	0.88934
164	YAL067C	0.88931
165	YCR011C	0.8892
166	YBR241C	0.88906
167	YJL134W	0.88901
168	YDR456W	0.88895
169	YDR135C	0.88875
170	YJR116W	0.88874
171	YLR466W	0.88865
172	YPL244C	0.88864
173	YBR164C	0.88855
174	YBR029C	0.88854
175	YOL020W	0.88852
176	YGL115W	0.88828
177	YHR175W	0.88824
178	YMR058W	0.88823
179	YLR046C	0.88804
180	YBR298C	0.88801
181	YMR253C	0.88782
182	YOL156W	0.88781
183	YLL067C	0.88769
184	YML133C	0.88756
185	YOR087W	0.88752
186	YDL245C	0.88742
187	YOR094W	0.8874
188	YPL092W	0.88729
189	YJR158W	0.88728
190	YAL026C	0.88725
191	YHR026W	0.88708
192	YLR411W	0.88704
193	YLR120C	0.887
194	YOR357C	0.88682
195	YOR161C	0.88679
196	YOL119C	0.88679
197	YJL212C	0.88677
198	YBR043C	0.88673
199	YLR121C	0.88671
200	YHR032W	0.88669
201	YFL011W	0.88666
202	YOR307C	0.88655
203	YEL031W	0.88649
204	YGR125W	0.88646
205	YGL255W	0.88645
206	YGR288W	0.88636
207	YDR384C	0.88635
208	YCR008W	0.88615
209	YJL171C	0.88612
210	YDL006W	0.88607
211	YLR004C	0.88606
212	YOL011W	0.88599
213	YDL138W	0.88595
214	YGL167C	0.88594
215	YNR013C	0.88591
216	YPL051W	0.88589
217	YDR406W	0.88584
218	YOR384W	0.8858
219	YNL044W	0.88577
220	YGR289C	0.88568
221	YBR243C	0.88558
222	YGR040W	0.88557
223	YER026C	0.88552
224	YGR060W	0.8855
225	YKR051W	0.88548
226	YHR094C	0.88537
227	YCR037C	0.88533
228	YMR138W	0.88533
229	YLR214W	0.88528
230	YIL177C	0.88486
231	YMR011W	0.88481
232	YBR293W	0.8848
233	YDR100W	0.88475
234	YAR062W	0.88467
235	YHR213W	0.88467
236	YOR306C	0.88465
237	YLL066C	0.88465
238	YDR375C	0.8846
239	YJL225C	0.88456
240	YER081W	0.88455
241	YER152C	0.88444
242	YNL130C	0.8844
243	YNL237W	0.88435
244	YHR039C	0.88424
245	YAL022C	0.88395
246	YOR153W	0.88381
247	YNR019W	0.88381
248	YOR311C	0.88373
249	YKR102W	0.88351
250	YPL006W	0.88341
251	YPL050C	0.88335
252	YLR081W	0.88334
253	YEL040W	0.88319
254	YER090W	0.88306
255	YHR123W	0.88299
256	YMR085W	0.88298
257	YNL194C	0.88297
258	YMR266W	0.88267
259	YPR113W	0.88263
260	YLR451W	0.88263
261	YDR522C	0.88262
262	YDR352W	0.88261
263	YJR152W	0.88241
264	YHR007C	0.88232
265	Q0250	0.88223
266	YHR096C	0.88209
267	YBR080C	0.88209
268	YER171W	0.88207
269	YJL198W	0.88203
270	YMR063W	0.88202
271	YNR026C	0.88196
272	YCR023C	0.88179
273	YDR264C	0.88178
274	YJL094C	0.88161
275	YML038C	0.88151
276	YKL221W	0.8815
277	YEL042W	0.88146
278	YLR213C	0.8814
279	YNL090W	0.88135
280	YDR519W	0.8813
281	YJL093C	0.88128
282	YFL052W	0.88106
283	YBR034C	0.88103
284	YGL012W	0.881
285	YDR111C	0.881
286	YOL075C	0.88093
287	YGL006W	0.88081
288	YOR011W	0.88074
289	YKL174C	0.88054
290	YEL060C	0.88053
291	YOR381W	0.88048
292	YMR006C	0.88048
293	YDR033W	0.88047
294	YIL074C	0.88037
295	YLR307W	0.88034
296	YNR060W	0.8803
297	YDL128W	0.88011
298	YER019W	0.87997
299	YIL015W	0.87997
300	YER190W	0.87996
301	YNL101W	0.87994
302	YDR001C	0.87993
303	YNL065W	0.87989
304	YBR001C	0.87963
305	YOR390W	0.87938
306	YGR260W	0.87929
307	YMR008C	0.87926
308	YJR107W	0.87923
309	YOR003W	0.87918
310	YPR204W	0.87904
311	YML086C	0.87902
312	YDL194W	0.87895
313	YKL166C	0.87894
314	YLR343W	0.87876
315	YFL041W	0.87864
316	YBR153W	0.87851
317	YAL023C	0.87849
318	YFR047C	0.87846
319	YKL051W	0.87838
320	YFL017W-A	0.87825
321	YER012W	0.87818
322	YNL329C	0.87815
323	YIL162W	0.87811
324	YIL118W	0.87808
325	YER133W	0.87806
326	YOR257W	0.87805
327	YDL137W	0.878
328	YPR128C	0.87775
329	YPL279C	0.87771
330	YBR207W	0.87767
331	YPL236C	0.87766
332	YHR142W	0.87764
333	YDR402C	0.87758
334	YBR187W	0.87757
335	YBL041W	0.87755
336	YJR130C	0.8775
337	YKL039W	0.87745
338	YOR291W	0.87744
339	YKR026C	0.87734
340	YHR132C	0.87714
341	YOR197W	0.87711
342	YMR202W	0.87709
343	YBL016W	0.87703
344	YLR058C	0.87699
345	YML001W	0.87698
346	YPL276W	0.87683
347	YHR128W	0.87674
348	YDR021W	0.87671
349	YBR222C	0.87669
350	YPR183W	0.87667
351	YIL009W	0.87665
352	YLR467W	0.87658
353	YDR545W	0.87658
354	YOR396W	0.87658
355	YDR270W	0.87652
356	YIL013C	0.87636
357	YGR036C	0.87631
358	YHR181W	0.87625
359	YCR027C	0.87623
360	YMR080C	0.87622
361	YPL058C	0.87619
362	YPR156C	0.87616
363	YOL068C	0.87611
364	YBR038W	0.87602
365	YBR008C	0.87599
366	YAL064C-A	0.87595
367	YOR273C	0.87584
368	YKL104C	0.87579
369	YDR338C	0.87573
370	YDL001W	0.8757
371	YBR166C	0.87569
372	YCR044C	0.87563
373	YMR238W	0.87562
374	YHR144C	0.8756
375	YGR138C	0.87546
376	YLR268W	0.87537
377	YBR286W	0.87537
378	YPR054W	0.87526
379	YLL028W	0.87522
380	YMR215W	0.87514
381	YEL046C	0.87509
382	YDR062W	0.87503
383	YMR288W	0.87503
384	YDR459C	0.87491
385	YJL218W	0.87489
386	YJL163C	0.87482
387	YNL021W	0.8748
388	YBR183W	0.8748
389	YDR294C	0.87476
390	YGL210W	0.87461
391	YOR339C	0.87455
392	YIL116W	0.87449
393	YLR138W	0.87449
394	YGR199W	0.87447
395	YHR092C	0.87441
396	YKR080W	0.87439
397	YOL112W	0.87437
398	YDL052C	0.87435
399	YNL191W	0.87421
400	YKR088C	0.87416
401	YJL060W	0.87408
402	YDL131W	0.87403
403	YJL001W	0.87402
404	YLR324W	0.87396
405	YOR157C	0.87395
406	YCR010C	0.8739
407	YPL204W	0.8739
408	YGL252C	0.87389
409	YNR067C	0.87389
410	YFL038C	0.87387
411	YAL054C	0.87384
412	YJR095W	0.8738
413	YDL188C	0.87378
414	YPR198W	0.87373
415	YKL069W	0.87353
416	YKL220C	0.87335
417	YIR039C	0.87326
418	YOL132W	0.87324
419	YPR035W	0.87324
420	YDR345C	0.87322
421	YFR021W	0.87319
422	YDR373W	0.87314
423	YMR200W	0.87313
424	YLR253W	0.87313
425	YJR131W	0.87312
426	YHL017W	0.87307
427	YMR155W	0.87304
428	YNL339C	0.87295
429	YGR189C	0.87293
430	YPL283C	0.87292
431	YGR296W	0.87291
432	YMR022W	0.87288
433	YGL202W	0.87287
434	YHL003C	0.87282
435	YCR101C	0.87254
436	YDL108W	0.87252
437	YDR196C	0.87246
438	YNR048W	0.87238
439	YOR317W	0.87236
440	YDL222C	0.87235
441	YLR209C	0.87232
442	YKL190W	0.87226
443	YJR040W	0.87225
444	YKL217W	0.87219
445	YMR292W	0.87215
446	YKR050W	0.87214
447	YOR270C	0.87208
448	YGL028C	0.87198
449	YBR297W	0.87198
450	YHR057C	0.87184
451	YLR017W	0.87181
452	YBR114W	0.87181
453	YDL039C	0.87169
454	YER094C	0.87168
455	YGR010W	0.87167
456	YPL087W	0.87166
457	YJR073C	0.87158
458	YJL128C	0.87141
459	YDR342C	0.87134
460	YDL047W	0.87132
461	YGL002W	0.87129
462	YPL031C	0.8712
463	YFL056C	0.87116
464	YPR193C	0.87115
465	YDR109C	0.87113
466	YKL120W	0.87108
467	YGR172C	0.87108
468	YJR065C	0.87103
469	YPL227C	0.87098
470	YGR004W	0.87096
471	YEL020C	0.87085
472	YEL036C	0.87084
473	YLR113W	0.87078
474	YGR028W	0.87073
475	YEL041W	0.87069
476	YDR055W	0.87067
477	YNL321W	0.87066
478	YMR301C	0.87054
479	YPL208W	0.87043
480	YLR014C	0.8704
481	YOR326W	0.8704
482	YIR022W	0.87038
483	YDR075W	0.87031
484	YJL213W	0.87024
485	YMR088C	0.87023
486	YER086W	0.87021
487	YJL174W	0.87014
488	YFR006W	0.87013
489	YDL134C	0.87012
490	YCR068W	0.87012
491	YIL020C	0.87012
492	YJL055W	0.87008
493	YCL038C	0.87001
494	YHR202W	0.87
495	YGL200C	0.86999
496	YNL099C	0.86996
497	YHR012W	0.86982
498	YMR056C	0.8698
499	YHL050C	0.86978
500	YDR343C	0.86974
501	YHR100C	0.86972
502	YPR196W	0.8697
503	YHR046C	0.86967
504	YGL100W	0.86964
505	YNL288W	0.86962
506	YOR321W	0.86961
507	YDL080C	0.86954
508	YEL011W	0.86953
509	YBR147W	0.86948
510	YOL084W	0.86939
511	YBR126C	0.86933
512	YHR003C	0.86932
513	YHR110W	0.8693
514	YOR155C	0.86928
515	YFL005W	0.86921
516	YBR180W	0.86913
517	YGL047W	0.86909
518	YOR013W	0.86907
519	Q0065	0.86905
520	YGR132C	0.86899
521	YJR024C	0.86898
522	YKL046C	0.86896
523	YLR193C	0.8689
524	YIL001W	0.86888
525	YKL211C	0.86887
526	YPR192W	0.86884
527	YBR256C	0.86883
528	YER015W	0.86871
529	YKL129C	0.86866
530	YDR287W	0.8686
531	YBL106C	0.86859
532	YOR109W	0.86854
533	YIL003W	0.86852
534	YER125W	0.86851
535	YGR281W	0.86842
536	YML075C	0.8684
537	YBR264C	0.86839
538	YNL277W	0.86838
539	YLR146C	0.86829
540	YDL095W	0.86827
541	YPR002W	0.86824
542	YPL113C	0.86823
543	YGL055W	0.86817
544	YER066W	0.86817
545	YGR152C	0.86815
546	YBR088C	0.86812
547	YOR175C	0.86807
548	YOL060C	0.86806
549	YHR030C	0.86803
550	YDR415C	0.868
551	YIL108W	0.86783
552	YNL280C	0.86781
553	YAL029C	0.86774
554	YBR082C	0.86774
555	YKL184W	0.86772
556	YBR214W	0.86772
557	YLR170C	0.86771
558	YDL037C	0.8677
559	YOR131C	0.86764
560	YDR380W	0.8676
561	YDR481C	0.86746
562	YLR203C	0.86741
563	YPR159W	0.86729
564	YDL093W	0.86729
565	YMR296C	0.86725
566	YCR100C	0.86722
567	YLR137W	0.86718
568	YLR244C	0.86704
569	YML082W	0.86702
570	YMR244W	0.86693
571	YGR175C	0.86693
572	YNL108C	0.86692
573	YPL206C	0.8669
574	YKR055W	0.86687
575	YNL010W	0.86685
576	YNR034W	0.86684
577	YOR101W	0.8668
578	YBR046C	0.86673
579	YIL067C	0.86672
580	YDL144C	0.86663
581	YPL184C	0.86663
582	YCR107W	0.86659
583	YLR047C	0.86659
584	YLR397C	0.86657
585	YKR104W	0.86656
586	YJR049C	0.86652
587	YOL154W	0.86649
588	YDR349C	0.86647
589	YER020W	0.86644
590	YPR051W	0.8664
591	YLR446W	0.8664
592	YJR143C	0.8664
593	YOR283W	0.86639
594	YMR178W	0.86638
595	YGL022W	0.86638
596	YLR189C	0.86631
597	YCR075C	0.86623
598	YPR176C	0.86619
599	YNL192W	0.86615
600	YKL218C	0.86614
601	YGR163W	0.86614
602	Q0120	0.86611
603	YHR112C	0.86596
604	YGL224C	0.86594
605	YFL066C	0.86592
606	YKR001C	0.8659
607	YMR246W	0.86589
608	YNR012W	0.86588
609	YDR304C	0.86585
610	YHR002W	0.86574
611	YNR032W	0.86569
612	YER031C	0.86563
613	YGR100W	0.86563
614	YKR068C	0.86561
615	YPR103W	0.86558
616	YNL056W	0.86557
617	YDR284C	0.86555
618	YHR211W	0.8655
619	YDR058C	0.86549
620	YMR205C	0.86524
621	YMR322C	0.86521
622	YDL046W	0.8652
623	YER053C	0.86514
624	YOL165C	0.86509
625	YHR129C	0.86502
626	YIR027C	0.865
627	YLR328W	0.86496
628	YKR043C	0.86492
629	YLR083C	0.86491
630	YLR450W	0.86485
631	YJR151C	0.86476
632	YPL094C	0.86474
633	YOL030W	0.86472
634	YOL129W	0.86465
635	YOR351C	0.86463
636	YLR262C	0.86455
637	YPL176C	0.8645
638	YPL046C	0.86447
639	YLR246W	0.86447
640	YJL167W	0.86445
641	YGR019W	0.86444
642	YNL222W	0.86444
643	YNL330C	0.86444
644	YBR006W	0.86442
645	YNL223W	0.86438
646	YDL238C	0.86438
647	YJR156C	0.86434
648	YOL073C	0.86433
649	YKL178C	0.8643
650	YJL155C	0.8642
651	YPL280W	0.86415
652	YBR210W	0.86413
653	YIL008W	0.86413
654	YLR231C	0.864
655	YDR059C	0.86395
656	YBR115C	0.86393
657	YOR079C	0.86392
658	YLL058W	0.86378
659	YHR047C	0.86376
660	YGR135W	0.86375
661	YDR328C	0.86373
662	YJR153W	0.86372
663	YIL168W	0.86369
664	YKL035W	0.86363
665	YMR054W	0.86362
666	YPR124W	0.86362
667	YGR217W	0.86361
668	YPR157W	0.86355
669	YHR048W	0.86355
670	YDR516C	0.86354
671	YER039C-A	0.86353
672	YHL026C	0.86351
673	YLR286C	0.86348
674	YBR096W	0.86347
675	YLR372W	0.86345
676	YMR113W	0.86341
677	YCL075W	0.86334
678	YLL029W	0.86334
679	YJL068C	0.86329
680	YLR420W	0.86323
681	YOR391C	0.8632
682	YHR043C	0.8632
683	YDL155W	0.86318
684	YNL066W	0.86318
685	YGL140C	0.86318
686	YIL099W	0.86314
687	YJL196C	0.86314
688	YCL017C	0.86313
689	YGR267C	0.86308
690	YDR411C	0.86308
691	YER089C	0.86306
692	YIL160C	0.86304
693	YNR065C	0.86302
694	YCL048W	0.86299
695	YBL011W	0.86297
696	YDL174C	0.86294
697	YPL133C	0.86289
698	YML052W	0.86288
699	YKR059W	0.86287
700	YLR160C	0.86287
701	YLR158C	0.86287
702	YLR155C	0.86287
703	YLR157C	0.86287
704	YOR365C	0.86285
705	YOL066C	0.86267
706	YCR009C	0.86265
707	YPR032W	0.86263
708	YKL078W	0.86258
709	YDL244W	0.86245
710	YGR155W	0.86244
711	YHL008C	0.86242
712	YNL020C	0.86241
713	YOL065C	0.86239
714	YGR012W	0.86239
715	YGL001C	0.86235
716	YDL192W	0.86234
717	YPR172W	0.86225
718	YNL141W	0.8622
719	YDR541C	0.86219
720	YIL014W	0.86216
721	YJL160C	0.86213
722	YBL056W	0.86206
723	YAL009W	0.86201
724	YCR067C	0.86201
725	YHR044C	0.86198
726	YOR388C	0.86194
727	YLR153C	0.86194
728	YDL086W	0.86192
729	YKL008C	0.86191
730	YKR038C	0.8619
731	YBR054W	0.86186
732	YIL172C	0.86186
733	YJL221C	0.86186
734	YHR190W	0.86184
735	YGR007W	0.86184
736	YDR291W	0.86175
737	YPR153W	0.8617
738	YOL157C	0.86169
739	YDR160W	0.86169
740	YNL332W	0.86168
741	YDR232W	0.86167
742	YKL033W-A	0.86167
743	YBR160W	0.86166
744	YIL103W	0.86162
745	YGR240C	0.86158
746	YHR005C	0.86155
747	YNL106C	0.86154
748	YLR308W	0.86152
749	YBR087W	0.86148
750	YBR208C	0.86147
751	YGL084C	0.86147
752	YHL011C	0.86138
753	YDL243C	0.86133
754	YHR074W	0.86131
755	YDL042C	0.8613
756	YER166W	0.8613
757	YMR241W	0.86128
758	YKL126W	0.86127
759	YHR106W	0.86124
760	YFL058W	0.8612
761	YCR073W-A	0.86119
762	YJL059W	0.86119
763	YNL202W	0.86115
764	YDR465C	0.86111
765	YLR005W	0.86108
766	YKL157W	0.86105
767	YOL130W	0.86103
768	YHR178W	0.86102
769	YKL094W	0.861
770	YNL200C	0.86092
771	YOR236W	0.86087
772	YJR112W-A	0.86075
773	YLR089C	0.86069
774	YNL238W	0.86068
775	YML121W	0.86067
776	YLL015W	0.8606
777	YLR229C	0.8605
778	YDR099W	0.86049
779	YFL017C	0.86048
780	YIL064W	0.86041
781	YHR025W	0.8604
782	YDL182W	0.86033
783	YJL012C	0.86023
784	YNL274C	0.86016
785	YLR413W	0.8601
786	YLR245C	0.86005
787	YOR128C	0.86003
788	YOL152W	0.86002
789	YBR020W	0.85999
790	YOL038W	0.85993
791	YKL027W	0.8599
792	YMR041C	0.85989
793	YPL154C	0.85988
794	YOR110W	0.85985
795	YDR306C	0.85981
796	YJL183W	0.85981
797	YOR034C	0.85979
798	YMR166C	0.85978
799	YMR319C	0.85977
800	YGL039W	0.85971
801	YCR105W	0.8596
802	YMR306W	0.85951
803	YDR387C	0.85943
804	YOR172W	0.85941
805	YGL104C	0.85937
806	YKL024C	0.85935
807	YMR109W	0.85932
808	YCR045C	0.85931
809	YDR341C	0.85929
810	YJR072C	0.85925
811	YER069W	0.85925
812	YBR019C	0.85925
813	YGL196W	0.85924
814	YDR074W	0.85924
815	Q0130	0.85922
816	YBR085W	0.85921
817	YGR282C	0.8592
818	YMR079W	0.85919
819	YDR007W	0.85915
820	YBR053C	0.85912
821	Q0045	0.85909
822	YLL048C	0.85906
823	YLR410W	0.85906
824	YNL093W	0.85904
825	YKR002W	0.85902
826	YAL063C	0.85902
827	YPL111W	0.85901
828	YGR287C	0.85898
829	YDR093W	0.85894
830	YGL017W	0.85892
831	YNL229C	0.85892
832	YDR084C	0.85891
833	YFR044C	0.85891
834	YNL336W	0.8589
835	YBL029C-A	0.85888
836	YOR246C	0.85886
837	YGR141W	0.85884
838	YBL026W	0.85883
839	YGR143W	0.85881
840	YNL323W	0.85879
841	YNL318C	0.85878
842	YCR094W	0.85871
843	YGL119W	0.85871
844	YLR023C	0.85867
845	YPR019W	0.85866
846	YBR035C	0.85865
847	YJR103W	0.85864
848	YBR117C	0.85859
849	YBR023C	0.85856
850	YMR250W	0.85854
851	YML132W	0.85853
852	YBR302C	0.85853
853	YDL167C	0.85849
854	YFL050C	0.85848
855	YOL151W	0.85847
856	YGL194C	0.85846
857	YHR135C	0.85845
858	YMR262W	0.85845
859	YNL264C	0.85845
860	YDR404C	0.85838
861	YKL165C	0.85835
862	YLR070C	0.8583
863	YLR126C	0.85826
864	YDL160C	0.85819
865	YDR205W	0.85812
866	YKL193C	0.85811
867	YDR211W	0.85811
868	YBR162C	0.85811
869	YLR375W	0.85809
870	YFR055W	0.85807
871	YGL154C	0.85807
872	YFR048W	0.85805
873	Q0105	0.85795
874	YBR094W	0.85792
875	YLL001W	0.8579
876	YPR121W	0.85789
877	YLL006W	0.85788
878	YML115C	0.85784
879	YBR263W	0.85784
880	YML005W	0.85781
881	YJR057W	0.85773
882	YLL023C	0.8577
883	YLR144C	0.8577
884	YCR002C	0.85768
885	YPR016C	0.85767
886	YNL231C	0.85766
887	YAL060W	0.85766
888	YOR095C	0.85765
889	YBR073W	0.85762
890	YPL259C	0.85762
891	YBR015C	0.85762
892	YPL169C	0.85761
893	YER183C	0.8576
894	YDR531W	0.8576
895	YLR361C	0.85751
896	YNL287W	0.85746
897	YJR004C	0.85744
898	YOL153C	0.85743
899	YMR220W	0.85738
900	YEL058W	0.85736
901	YBL039C	0.85731
902	YOR108W	0.8573
903	YHR215W	0.85728
904	YDR297W	0.85721
905	YDL049C	0.8572
906	YDR140W	0.85719
907	YPR145W	0.85719
908	YOR292C	0.85719
909	YDR400W	0.85718
910	YPL036W	0.85706
911	YJL208C	0.85702
912	YCR048W	0.85699
913	YDR540C	0.85696
914	YPR082C	0.85691
915	YKL181W	0.85691
916	YLR345W	0.85688
917	YGL190C	0.85685
918	YLR447C	0.85675
919	YHR091C	0.85675
920	YHR037W	0.85671
921	YJR032W	0.85669
922	YFR028C	0.85667
923	YKL222C	0.85663
924	YBR291C	0.85662
925	YOR250C	0.85659
926	YKR074W	0.85659
927	YAR071W	0.8565
928	YPL234C	0.85649
929	YDL193W	0.85648
930	YML092C	0.85639
931	YJL222W	0.85639
932	YLR285W	0.85638
933	YIR042C	0.85637
934	YDL017W	0.85636
935	YBR192W	0.85635
936	YBR093C	0.85633
937	YKL001C	0.85631
938	YDR503C	0.8563
939	YNL290W	0.85628
940	YFL057C	0.85628
941	YFL039C	0.85625
942	YPL183C	0.8562
943	YIL173W	0.85613
944	YDL102W	0.85613
945	YDR479C	0.8561
946	YMR217W	0.8561
947	YGR124W	0.85606
948	YKL216W	0.85604
949	YGR252W	0.85598
950	YKL091C	0.85595
951	YNR058W	0.85585
952	YJR068W	0.85581
953	YMR101C	0.85581
954	YMR268C	0.8558
955	YIL143C	0.85572
956	YGL011C	0.85569
957	YHR028C	0.85564
958	YKR067W	0.85563
959	YBR139W	0.85559
960	YML051W	0.85558
961	YGR284C	0.85555
962	YOR126C	0.85549
963	YPL122C	0.85543
964	YJL087C	0.85539
965	YLR386W	0.85539
966	YBR041W	0.85538
967	YLR277C	0.85538
968	YLR088W	0.85535
969	YGL259W	0.85533
970	YMR210W	0.85532
971	YIR023W	0.85531
972	YMR170C	0.85531
973	YJL193W	0.85529
974	YBL017C	0.85528
975	YOL080C	0.85524
976	YMR169C	0.85523
977	YNL331C	0.85522
978	YMR162C	0.85522
979	YGL253W	0.85521
980	YAL048C	0.85519
981	YHL039W	0.85516
982	YER175C	0.85516
983	YLR433C	0.85512
984	YBR092C	0.85512
985	YNR064C	0.8551
986	YDR107C	0.85507
987	YFL054C	0.85501
988	YMR300C	0.85501
989	YJL091C	0.855
990	YJR075W	0.85496
991	YLL052C	0.85496
992	YGR133W	0.85495
993	YDL212W	0.85494
994	YEL030W	0.85491
995	YOL125W	0.8549
996	YDR421W	0.85488
997	YER005W	0.85488
998	YBR137W	0.85487
999	YDL164C	0.85475
1000	YDL125C	0.85473
1001	YJL172W	0.85473
1002	YNL181W	0.8547
1003	YKL135C	0.85465
1004	YDL007W	0.85464
1005	YIL039W	0.8546
1006	YML080W	0.85457
1007	YGL251C	0.8545
1008	YOL094C	0.85448
1009	YHR151C	0.85446
1010	YDR105C	0.85443
1011	YHR029C	0.85439
1012	YOR222W	0.85435
1013	YAL007C	0.8543
1014	YMR009W	0.85423
1015	YDR214W	0.85415
1016	YBR078W	0.85415
1017	YDL100C	0.85411
1018	YNL327W	0.85404
1019	YJL164C	0.85404
1020	YDR539W	0.85403
1021	YOR303W	0.85403
1022	YER055C	0.85402
1023	YDL109C	0.85399
1024	YBL068W	0.85398
1025	YGR229C	0.85398
1026	YJL078C	0.85394
1027	YBR159W	0.85391
1028	YIL047C	0.85391
1029	YBR111C	0.85391
1030	YER099C	0.85381
1031	YIR026C	0.85379
1032	YJL005W	0.85375
1033	YBR248C	0.85374
1034	YPL214C	0.85367
1035	YOR347C	0.85365
1036	YMR146C	0.85362
1037	YKR018C	0.85359
1038	YJR013W	0.85355
1039	YNR008W	0.85348
1040	YLR008C	0.85342
1041	YPR165W	0.85339
1042	YHR139C	0.85339
1043	YJL088W	0.85338
1044	YPL224C	0.85336
1045	YOR099W	0.85332
1046	YOR016C	0.8533
1047	YOR374W	0.85328
1048	YNL305C	0.85327
1049	YMR305C	0.85326
1050	YGR264C	0.85315
1051	YPL245W	0.85314
1052	YDL057W	0.85311
1053	YOL115W	0.85305
1054	YBR265W	0.85304
1055	YMR297W	0.85303
1056	YIL164C	0.853
1057	YJR161C	0.853
1058	YDR009W	0.85298
1059	YDR420W	0.85295
1060	YNL025C	0.85292
1061	YNL003C	0.85289
1062	YHR031C	0.85289
1063	YNL098C	0.85282
1064	YGL184C	0.85279
1065	YKR103W	0.85278
1066	YLR377C	0.85269
1067	YIL053W	0.85262
1068	YJR117W	0.85258
1069	YDR378C	0.85256
1070	YLR210W	0.85254
1071	YLR369W	0.85251
1072	YGR292W	0.85245
1073	YLR020C	0.85244
1074	YOR209C	0.8524
1075	YNL154C	0.85237
1076	YDL103C	0.85236
1077	YAL061W	0.85236
1078	YMR321C	0.85231
1079	YFR053C	0.85227
1080	YOR162C	0.85225
1081	YGL164C	0.85222
1082	YBR175W	0.85219
1083	YDR346C	0.85217
1084	YBR299W	0.8521
1085	YLR432W	0.85209
1086	YDL178W	0.85206
1087	YPR118W	0.85203
1088	YFR025C	0.85202
1089	YBL105C	0.85201
1090	YMR272C	0.852
1091	YIL142W	0.85197
1092	YKR066C	0.85196
1093	YML125C	0.85194
1094	YFR027W	0.85193
1095	YLR414C	0.85192
1096	YER044C	0.8519
1097	YLR188W	0.85183
1098	YLR195C	0.85182
1099	YFL040W	0.85167
1100	YMR139W	0.85163
1101	YPR140W	0.85162
1102	YDR514C	0.85155
1103	YBL022C	0.85147
1104	YNL189W	0.85145
1105	YOL098C	0.85144
1106	YBR242W	0.85144
1107	YBR170C	0.85143
1108	YJL116C	0.85143
1109	YJL216C	0.85143
1110	YJL143W	0.85142
1111	YPL258C	0.85139
1112	YMR123W	0.85133
1113	YPL147W	0.8513
1114	YOR163W	0.85129
1115	YGL026C	0.85125
1116	YBR074W	0.85124
1117	YDR185C	0.85121
1118	YPR173C	0.8512
1119	YDL248W	0.85118
1120	YDR477W	0.85114
1121	YDL054C	0.85111
1122	YPL140C	0.8511
1123	YPL153C	0.85109
1124	YKL210W	0.85106
1125	YDL236W	0.85103
1126	YDL097C	0.85101
1127	YGR286C	0.85101
1128	YML056C	0.851
1129	YPR025C	0.851
1130	YHL012W	0.85096
1131	YBL067C	0.85096
1132	YCR053W	0.85093
1133	YPL117C	0.85092
1134	YLR389C	0.85091
1135	YOL016C	0.85083
1136	YBR018C	0.85081
1137	YJR155W	0.85078
1138	YJL082W	0.85077
1139	YOL061W	0.85077
1140	YNL291C	0.85075
1141	YPL088W	0.85075
1142	YCL040W	0.85073
1143	YJL002C	0.85072
1144	YAR018C	0.8507
1145	YHR216W	0.85069
1146	YPL119C	0.85068
1147	YKL197C	0.85065
1148	YLR251W	0.85065
1149	YHR137W	0.85065
1150	YMR304W	0.85059
1151	YER010C	0.85057
1152	YBL057C	0.85054
1153	YGR024C	0.85052
1154	YHR165W-A	0.85051
1155	YLL012W	0.85047
1156	YLR326W	0.85046
1157	YPL061W	0.85043
1158	YNL006W	0.85042
1159	YOL009C	0.85041
1160	YIL124W	0.8503
1161	YBR058C	0.85027
1162	YER136W	0.85024
1163	YAR073W	0.85019
1164	YDL141W	0.85016
1165	YBR002C	0.85016
1166	YHR204W	0.85014
1167	YMR062C	0.85012
1168	YNR075W	0.85007
1169	YDR127W	0.85004
1170	YKL151C	0.85004
1171	YDR525W-A	0.85
1172	YCL002C	0.84995
1173	YBR200W	0.84984
1174	YDR092W	0.84983
1175	YDL166C	0.84982
1176	YPL110C	0.84982
1177	YHR042W	0.84978
1178	YBR205W	0.84978
1179	YBL036C	0.84976
1180	YNL293W	0.84976
1181	YHR111W	0.84975
1182	YHR218W-A	0.84972
1183	YBL112C	0.84972
1184	YFR022W	0.84971
1185	YJL035C	0.84964
1186	YPL162C	0.84962
1187	YBR042C	0.84958
1188	YPR056W	0.84957
1189	YPR011C	0.84954
1190	YFR031C	0.84951
1191	YJR096W	0.84951
1192	YKR056W	0.84951
1193	YFL034C-B	0.84946
1194	YIL066C	0.84942
1195	YDR142C	0.84942
1196	YLR059C	0.84935
1197	YMR027W	0.84933
1198	YLR011W	0.84933
1199	YIL123W	0.84932
1200	YML072C	0.8493
1201	YDR129C	0.84928
1202	YAR050W	0.84921
1203	YLL043W	0.8492
1204	YBR062C	0.84919
1205	YJR148W	0.84919
1206	YDR047W	0.84917
1207	YBL098W	0.84916
1208	YGL091C	0.84914
1209	YPL179W	0.84911
1210	YNR032C-A	0.8491
1211	YDL035C	0.84908
1212	YDR177W	0.84903
1213	YBR254C	0.84901
1214	YBR125C	0.84899
1215	YJL097W	0.84894
1216	YGL008C	0.84893
1217	YGR094W	0.84887
1218	YGL130W	0.84886
1219	YDR523C	0.84883
1220	YLR405W	0.84881
1221	YJR154W	0.8488
1222	YPR167C	0.84873
1223	YPR081C	0.84872
1224	YPR024W	0.8487
1225	YML067C	0.84866
1226	YHR176W	0.84866
1227	YMR307W	0.84862
1228	YFL062W	0.84859
1229	YNR043W	0.84857
1230	YFR005C	0.84852
1231	YJR020W	0.84851
1232	YER013W	0.84848
1233	YLR284C	0.84839
1234	YLL056C	0.84831
1235	YPL203W	0.8483
1236	YLR300W	0.8483
1237	YGR032W	0.84828
1238	YER100W	0.84828
1239	YML078W	0.84822
1240	YMR308C	0.8482
1241	YOR154W	0.84819
1242	YLR443W	0.84817
1243	YPR160W	0.84816
1244	YPL008W	0.84815
1245	YPL015C	0.84814
1246	YDR452W	0.84814
1247	YOL034W	0.84809
1248	YJL145W	0.84795
1249	YNL045W	0.84795
1250	YCR069W	0.84792
1251	YJR054W	0.84788
1252	YER177W	0.84785
1253	YDL104C	0.84784
1254	YNR027W	0.84783
1255	YGL156W	0.84777
1256	YDR397C	0.84776
1257	YER070W	0.84773
1258	YDR120C	0.84772
1259	YML106W	0.84771
1260	YIL109C	0.84763
1261	YML126C	0.84762
1262	YGL179C	0.84758
1263	YMR223W	0.84756
1264	YOL133W	0.84755
1265	YOR100C	0.84755
1266	YIR029W	0.84755
1267	YPR180W	0.84755
1268	YJL125C	0.84752
1269	YJL050W	0.84739
1270	YKL132C	0.84737
1271	YDL231C	0.84731
1272	YBL078C	0.84731
1273	YPR147C	0.84723
1274	YJR025C	0.84722
1275	YDL124W	0.8472
1276	YMR038C	0.84712
1277	YLR348C	0.84712
1278	YML012W	0.84711
1279	YNL082W	0.84705
1280	YOL001W	0.84705
1281	YEL071W	0.84703
1282	YOL055C	0.84702
1283	YCR021C	0.84702
1284	YHR208W	0.84701
1285	YIL113W	0.847
1286	YFL025C	0.84698
1287	YNL312W	0.84692
1288	YML008C	0.8469
1289	YBR218C	0.84686
1290	YDR191W	0.84679
1291	YLR306W	0.84676
1292	YML057W	0.84673
1293	YPR073C	0.8467
1294	YIR032C	0.8467
1295	YAL049C	0.84663
1296	YNL132W	0.8466
1297	YLR100W	0.84654
1298	YBR011C	0.84654
1299	YFR010W	0.84653
1300	YLR382C	0.8465
1301	YER003C	0.84646
1302	YFL030W	0.84638
1303	YCR072C	0.84637
1304	YDR280W	0.84636
1305	YER176W	0.84636
1306	YMR317W	0.84636
1307	YOR118W	0.84629
1308	YDR182W	0.84626
1309	YGL120C	0.84626
1310	YNL087W	0.84625
1311	YGL053W	0.84621
1312	YPR062W	0.84614
1313	YBR201W	0.84613
1314	YKR097W	0.8461
1315	YJL121C	0.84609
1316	YPL010W	0.84605
1317	YMR150C	0.84602
1318	YMR208W	0.84602
1319	YML021C	0.846
1320	YHR124W	0.84598
1321	YER172C	0.84594
1322	YNL083W	0.84592
1323	YPR058W	0.84591
1324	YGR087C	0.84587
1325	YDR483W	0.84587
1326	YER009W	0.84587
1327	YJL186W	0.84583
1328	YPR120C	0.84582
1329	YLR351C	0.84579
1330	YGR216C	0.84578
1331	YHR161C	0.84576
1332	YIL147C	0.84576
1333	YBR283C	0.84575
1334	YFL061W	0.84566
1335	YNL335W	0.84566
1336	YHR027C	0.84564
1337	YLR291C	0.84562
1338	YLL062C	0.84561
1339	YAL042W	0.8456
1340	YKL209C	0.84559
1341	YOL126C	0.84559
1342	YPL194W	0.84558
1343	YAL016W	0.84557
1344	YGL157W	0.84555
1345	YFL067W	0.84554
1346	YOR142W	0.84552
1347	YCL064C	0.84548
1348	YBL007C	0.84545
1349	YLR055C	0.84543
1350	YGR266W	0.84541
1351	YHR194W	0.8454
1352	YML004C	0.84539
1353	YKR017C	0.84537
1354	YPR119W	0.84535
1355	YMR010W	0.84534
1356	YKL073W	0.84528
1357	YDL201W	0.84527
1358	YAR023C	0.84525
1359	YOL062C	0.84524
1360	YEL002C	0.84521
1361	YAR042W	0.84521
1362	YHR205W	0.8452
1363	YPL116W	0.84519
1364	YIL002C	0.84517
1365	YJR010C-A	0.84516
1366	YCR106W	0.84516
1367	YKR013W	0.84513
1368	YKL114C	0.84513
1369	YER062C	0.84507
1370	YLR452C	0.845
1371	YDR282C	0.84499
1372	YAL018C	0.84496
1373	YOL059W	0.84496
1374	YGR208W	0.84495
1375	YDR391C	0.84494
1376	YLR181C	0.84493
1377	YJR118C	0.8449
1378	YKR052C	0.84489
1379	YER072W	0.84489
1380	YBR154C	0.84485
1381	YOL090W	0.84483
1382	YOR231W	0.84482
1383	YPL218W	0.8448
1384	YCL074W	0.84468
1385	YFR015C	0.84466
1386	YDL230W	0.84464
1387	YHR063C	0.84463
1388	YBR003W	0.84459
1389	YBL113C	0.84458
1390	YDR448W	0.84436
1391	YKL215C	0.84432
1392	YJR044C	0.84427
1393	YIL023C	0.84426
1394	YBR070C	0.84423
1395	YNR011C	0.84421
1396	YLL060C	0.8442
1397	YKR009C	0.84419
1398	YKL018W	0.84418
1399	YNL063W	0.84418
1400	YNL040W	0.84417
1401	YGR261C	0.84415
1402	YLR398C	0.84407
1403	YPR149W	0.84406
1404	YNR069C	0.84402
1405	YGR200C	0.84401
1406	YDR173C	0.84396
1407	YNR017W	0.84395
1408	YGL248W	0.84394
1409	YML087C	0.84391
1410	YHL028W	0.84387
1411	YLR108C	0.84385
1412	YLR172C	0.84378
1413	YML035C	0.84377
1414	YNL307C	0.84377
1415	YGR111W	0.84376
1416	YGR029W	0.84374
1417	YPL164C	0.8437
1418	YDR067C	0.84367
1419	YLR330W	0.84364
1420	YDR292C	0.84364
1421	YNR020C	0.84361
1422	YCR047C	0.84361
1423	YOR274W	0.84359
1424	YGR279C	0.84359
1425	YPR069C	0.84358
1426	YGL032C	0.84358
1427	Q0070	0.84353
1428	YDL079C	0.84353
1429	YCL050C	0.84352
1430	YPR127W	0.84349
1431	YJR008W	0.84341
1432	YOR018W	0.84339
1433	YOR362C	0.84338
1434	YML054C	0.84338
1435	YER143W	0.84337
1436	YHR072W	0.84334
1437	YER134C	0.84332
1438	YPL273W	0.84328
1439	YMR108W	0.84327
1440	YOR262W	0.84327
1441	YMR278W	0.84326
1442	YMR314W	0.84326
1443	YNR003C	0.8432
1444	YKL196C	0.84317
1445	YKL175W	0.84313
1446	YPL157W	0.84312
1447	YDL215C	0.84311
1448	YCR079W	0.84309
1449	YPL152W	0.84307
1450	YKL182W	0.84307
1451	YDL090C	0.84305
1452	YDL168W	0.84304
1453	YDR236C	0.84303
1454	YJR058C	0.84301
1455	YPL283W-A	0.84301
1456	YML133W-A	0.84301
1457	YGR296C-A	0.84301
1458	YER190C-A	0.84301
1459	YNL339W-A	0.84301
1460	YNL316C	0.84299
1461	YGR257C	0.84299
1462	YOR233W	0.84297
1463	YGL045W	0.84297
1464	YML077W	0.84293
1465	YGL155W	0.84288
1466	YPL170W	0.84286
1467	YGL054C	0.84285
1468	YFL047W	0.84277
1469	YNL325C	0.84272
1470	YLR027C	0.84272
1471	YLR456W	0.84271
1472	YOR358W	0.84269
1473	YGL208W	0.84268
1474	YML124C	0.84266
1475	YDR257C	0.84266
1476	YDR158W	0.84264
1477	YLR426W	0.8426
1478	YMR318C	0.84248
1479	YLR168C	0.84247
1480	YMR104C	0.84246
1481	YIR031C	0.84243
1482	YGR253C	0.84234
1483	YPL235W	0.84234
1484	YLR060W	0.84233
1485	YIL155C	0.84233
1486	YLR303W	0.84229
1487	YER057C	0.84229
1488	YOL008W	0.84227
1489	YCR034W	0.84227
1490	YDR063W	0.84224
1491	YMR177W	0.84223
1492	YBR229C	0.84223
1493	YGL241W	0.84219
1494	YJL178C	0.84217
1495	YKL144C	0.84214
1496	YMR228W	0.84208
1497	YOR219C	0.84206
1498	YMR001C	0.84205
1499	YMR285C	0.84204
1500	YEL052W	0.84201
1501	YGL263W	0.84197
1502	YHR140W	0.84194
1503	YER098W	0.84193
1504	YIL114C	0.84192
1505	YAL062W	0.84191
1506	YJR077C	0.84184
1507	YDL064W	0.84183
1508	YLR412W	0.84177
1509	YLR133W	0.84176
1510	YBL030C	0.84176
1511	YBR149W	0.84176
1512	YJR144W	0.84176
1513	YGR271W	0.84173
1514	YOL105C	0.84172
1515	YER023W	0.84168
1516	YLR342W	0.84168
1517	YKL022C	0.84167
1518	YOR070C	0.84166
1519	YBR274W	0.84164
1520	YPR114W	0.84159
1521	YOL113W	0.84159
1522	YPR111W	0.84157
1523	YOL010W	0.84153
1524	YDL018C	0.84153
1525	YFL045C	0.84152
1526	YBR056W	0.8415
1527	YGR295C	0.84148
1528	YGL101W	0.84148
1529	YGL144C	0.84148
1530	YGL062W	0.84147
1531	YBR104W	0.84145
1532	YLR347C	0.84145
1533	YDR234W	0.84144
1534	YFR014C	0.84139
1535	YER017C	0.84136
1536	YKL219W	0.84135
1537	YIL145C	0.84132
1538	YOR323C	0.84126
1539	YGR194C	0.84126
1540	YJR125C	0.84126
1541	YML070W	0.84125
1542	YOL141W	0.84124
1543	YKL127W	0.84123
1544	YAR028W	0.84121
1545	YCL018W	0.8412
1546	YDL036C	0.84119
1547	YDR398W	0.84119
1548	YJR132W	0.84117
1549	YOR173W	0.84116
1550	YPL226W	0.84115
1551	YGR248W	0.84112
1552	YOR165W	0.84112
1553	YIL095W	0.84108
1554	YMR271C	0.84108
1555	YEL006W	0.84107
1556	YPR066W	0.84107
1557	YOR090C	0.84104
1558	YGR043C	0.84099
1559	YIL050W	0.84099
1560	YJL045W	0.84099
1561	YKL213C	0.84098
1562	YOR226C	0.84097
1563	YHR209W	0.84095
1564	YGR044C	0.84092
1565	YNL104C	0.84088
1566	YOL124C	0.84087
1567	YMR261C	0.84085
1568	YHR164C	0.84084
1569	YGL243W	0.84084
1570	YPL275W	0.84082
1571	YNR052C	0.84077
1572	YDL159W	0.84076
1573	YLR212C	0.84075
1574	YNL334C	0.84074
1575	YHR033W	0.84071
1576	YNL129W	0.84069
1577	YNL049C	0.84065
1578	YOR005C	0.84061
1579	YHL042W	0.84061
1580	YOR040W	0.84059
1581	YLR378C	0.84057
1582	YNL048W	0.84056
1583	YMR234W	0.8405
1584	YDR272W	0.84047
1585	YGR123C	0.84042
1586	YER110C	0.84036
1587	YGL163C	0.84033
1588	YER073W	0.84031
1589	YBR110W	0.8403
1590	YNL241C	0.84027
1591	YIL169C	0.84027
1592	YJR016C	0.84027
1593	YGL065C	0.84025
1594	YLR270W	0.84024
1595	YLR274W	0.84023
1596	YHR200W	0.84022
1597	YLR438W	0.84022
1598	YJL004C	0.84021
1599	YOL064C	0.84016
1600	YOR171C	0.84013
1601	YGL044C	0.84013
1602	YDR324C	0.84007
1603	YIR002C	0.84006
1604	YIL140W	0.84002
1605	YKL098W	0.84002
1606	YDL154W	0.84001
1607	YNR044W	0.84
1608	YKL113C	0.83995
1609	YMR189W	0.83994
1610	YOL155C	0.83992
1611	YDR394W	0.83989
1612	YDR189W	0.83986
1613	YHR163W	0.83986
1614	YJL200C	0.83985
1615	YOR008C	0.83975
1616	YDR305C	0.83972
1617	YOL021C	0.83969
1618	YPR181C	0.83968
1619	YML019W	0.83964
1620	YMR105C	0.83963
1621	YHR009C	0.83962
1622	YAR035W	0.83959
1623	YOR089C	0.83959
1624	YGL221C	0.83958
1625	YGR131W	0.83957
1626	YNR061C	0.83954
1627	YJR109C	0.83954
1628	YHR104W	0.83952
1629	YNR016C	0.83947
1630	YGL148W	0.83943
1631	YDR238C	0.83941
1632	YNL111C	0.8394
1633	YGL201C	0.83936
1634	YIL130W	0.83935
1635	YGR277C	0.83935
1636	YKL191W	0.83935
1637	YEL029C	0.83935
1638	YJL156C	0.83935
1639	YNL326C	0.83935
1640	YBR198C	0.83934
1641	YHL048W	0.83931
1642	YCL030C	0.83928
1643	YEL001C	0.83927
1644	YHR013C	0.83926
1645	YBR101C	0.83923
1646	YLR272C	0.83919
1647	YGR092W	0.83915
1648	YHR108W	0.83915
1649	YOR084W	0.83912
1650	YMR167W	0.83911
1651	YDR506C	0.8391
1652	YJR005W	0.8391
1653	YBR236C	0.83909
1654	YFR007W	0.83905
1655	Q0275	0.83897
1656	YGR095C	0.83894
1657	YPR184W	0.83894
1658	YGR093W	0.83893
1659	YER049W	0.83892
1660	YLL034C	0.8389
1661	YOR086C	0.83888
1662	YDR061W	0.83886
1663	YIL083C	0.83883
1664	YMR196W	0.83881
1665	YBR245C	0.83879
1666	YDR263C	0.83877
1667	YJL024C	0.83877
1668	YLR028C	0.83875
1669	YGL178W	0.83874
1670	YNL088W	0.83869
1671	YDL024C	0.83866
1672	YDR441C	0.83861
1673	YCR089W	0.83859
1674	YLR318W	0.83857
1675	YOR204W	0.83857
1676	YGR218W	0.83855
1677	YGR268C	0.83855
1678	YDR165W	0.83852
1679	YBR052C	0.83851
1680	YER123W	0.83845
1681	YKL145W	0.83839
1682	YDL022W	0.83839
1683	YGL205W	0.83836
1684	YFR024C-A	0.83835
1685	YDL205C	0.83834
1686	YDR325W	0.83831
1687	YER059W	0.8383
1688	YBR213W	0.83826
1689	YDL119C	0.83821
1690	YDR013W	0.8382
1691	YPL095C	0.83819
1692	YBR234C	0.83817
1693	YNL207W	0.83816
1694	YLR243W	0.83813
1695	YDR051C	0.83808
1696	YNR046W	0.83807
1697	YDR530C	0.83805
1698	YGR244C	0.83803
1699	YPL199C	0.83803
1700	YLR216C	0.83798
1701	YMR120C	0.83798
1702	YIL043C	0.83795
1703	YPL172C	0.83791
1704	YGL048C	0.8379
1705	YLL051C	0.83789
1706	YOR181W	0.83788
1707	YBR177C	0.83783
1708	YJL133W	0.83782
1709	YPL012W	0.83781
1710	YPL091W	0.83776
1711	YBR271W	0.83773
1712	YOR134W	0.8377
1713	YKL017C	0.83769
1714	YFL060C	0.83769
1715	YOL052C	0.83762
1716	YDL240W	0.83761
1717	YMR239C	0.83761
1718	YBR281C	0.83758
1719	YMR055C	0.83756
1720	YDR035W	0.83755
1721	YLR114C	0.83747
1722	YNL299W	0.83745
1723	YPL195W	0.83741
1724	YOR074C	0.8374
1725	YML031W	0.8374
1726	YOL023W	0.83734
1727	YDL132W	0.83727
1728	YMR013C	0.83723
1729	YOR327C	0.83722
1730	YLR222C	0.83718
1731	YOL049W	0.83702
1732	YCR084C	0.83702
1733	YDR091C	0.83701
1734	YKL154W	0.83699
1735	YNL036W	0.83695
1736	YGL234W	0.83693
1737	YGR149W	0.8369
1738	YDR372C	0.8369
1739	YDR170C	0.83689
1740	YHR076W	0.83688
1741	YHR210C	0.83681
1742	YOR256C	0.83681
1743	YBR199W	0.83675
1744	YGR210C	0.83674
1745	YCL033C	0.83674
1746	YKR095W-A	0.83672
1747	YNL281W	0.83665
1748	YLR143W	0.83664
1749	YAR002C-A	0.83664
1750	YMR224C	0.83664
1751	YDL123W	0.83663
1752	YDR434W	0.83663
1753	YFL034W	0.8366
1754	YKL148C	0.83657
1755	YLR438C-A	0.83654
1756	YNL094W	0.8365
1757	YHR114W	0.8365
1758	YML131W	0.83648
1759	YMR290C	0.83643
1760	YNL117W	0.83643
1761	YJL074C	0.83643
1762	YDR300C	0.83633
1763	YPL134C	0.83632
1764	YLR460C	0.83631
1765	YJL139C	0.8363
1766	YDR097C	0.83629
1767	YOR353C	0.83628
1768	YGL083W	0.83625
1769	YCL045C	0.83624
1770	YBR145W	0.83624
1771	YPR006C	0.83622
1772	YIL030C	0.8362
1773	YJL158C	0.8362
1774	YEL012W	0.83613
1775	YAL012W	0.83611
1776	YPL196W	0.8361
1777	YPL209C	0.83609
1778	YGR256W	0.83605
1779	YIR034C	0.83605
1780	YKL187C	0.83604
1781	YHR115C	0.83601
1782	YIL068C	0.836
1783	YMR203W	0.836
1784	YEL027W	0.83594
1785	YOR052C	0.8359
1786	YPR108W	0.8359
1787	YOR196C	0.83587
1788	YER142C	0.83587
1789	YNL219C	0.83577
1790	YNR033W	0.83575
1791	YGR241C	0.8357
1792	YGL185C	0.8357
1793	YFL042C	0.83569
1794	YDR410C	0.83568
1795	YKL202W	0.83566
1796	YLR304C	0.83559
1797	YPL231W	0.83553
1798	YBL061C	0.8355
1799	YGR195W	0.8355
1800	YJR149W	0.83549
1801	YCR057C	0.83549
1802	YJL081C	0.83548
1803	YHR018C	0.83546
1804	YCR102C	0.83546
1805	YCR007C	0.83545
1806	YPL082C	0.83542
1807	YLL053C	0.83542
1808	YNL256W	0.8354
1809	YDR132C	0.83536
1810	YNR030W	0.83534
1811	YPR047W	0.83532
1812	YNL032W	0.83526
1813	YOR046C	0.83526
1814	YOR120W	0.83525
1815	YGL238W	0.83525
1816	YJR069C	0.83524
1817	YBR237W	0.83523
1818	YDL101C	0.83523
1819	YCL009C	0.8352
1820	YGR031W	0.8352
1821	YDR490C	0.83518
1822	YFL003C	0.83517
1823	YFL037W	0.83516
1824	YCL001W-B	0.83512
1825	YIL167W	0.83509
1826	YLL057C	0.83509
1827	YLR359W	0.83504
1828	YBR103W	0.83503
1829	YGR185C	0.83503
1830	YKL064W	0.83502
1831	YIL075C	0.83499
1832	YGR157W	0.83499
1833	YKL189W	0.83497
1834	YML127W	0.83496
1835	YNL024C	0.83496
1836	YCR026C	0.83492
1837	YGL240W	0.83492
1838	YDL177C	0.8349
1839	YHR183W	0.8349
1840	YER037W	0.83486
1841	YMR089C	0.83482
1842	YFR020W	0.83481
1843	YPR182W	0.83481
1844	YKL003C	0.83479
1845	YOR035C	0.83478
1846	YFR018C	0.83478
1847	YBR022W	0.83476
1848	YKL164C	0.83475
1849	YLR099C	0.83474
1850	YIL010W	0.83472
1851	YLR289W	0.83468
1852	YIL090W	0.83468
1853	YOR054C	0.83464
1854	YOL140W	0.83463
1855	YDR468C	0.83462
1856	YNL169C	0.83459
1857	YML079W	0.83458
1858	YDR258C	0.83457
1859	YDR518W	0.83456
1860	Q0060	0.83455
1861	YOR103C	0.83451
1862	YLR019W	0.83451
1863	YCR020C	0.8345
1864	YER168C	0.8345
1865	YBL068W-A	0.83446
1866	YER164W	0.83444
1867	YGL181W	0.83437
1868	YMR083W	0.83434
1869	YGL010W	0.83432
1870	YDL019C	0.83429
1871	YDR332W	0.83427
1872	YOR258W	0.83421
1873	YKR084C	0.83416
1874	YFL053W	0.83416
1875	YFL009W	0.83416
1876	YDR435C	0.83414
1877	YOR048C	0.83414
1878	YGR232W	0.83413
1879	YNR062C	0.83413
1880	YGR014W	0.83413
1881	YBL018C	0.83413
1882	YOL056W	0.83411
1883	YER051W	0.83411
1884	YFR050C	0.8341
1885	YDR368W	0.83409
1886	YNR066C	0.83407
1887	YIL110W	0.83406
1888	YHL035C	0.83406
1889	YLR225C	0.83402
1890	YCR059C	0.83399
1891	YGR276C	0.83398
1892	YPL042C	0.83398
1893	YNL251C	0.83396
1894	YBL049W	0.83394
1895	YEL016C	0.83394
1896	YLR240W	0.83388
1897	YML085C	0.83386
1898	YBL082C	0.83381
1899	YBL091C	0.83379
1900	YLR371W	0.83379
1901	YOR067C	0.83379
1902	YEL047C	0.83374
1903	YJR099W	0.83372
1904	YMR033W	0.83371
1905	YJL129C	0.8337
1906	YDR403W	0.8337
1907	YOR132W	0.8337
1908	YNL037C	0.83368
1909	YMR323W	0.83368
1910	YOL096C	0.83368
1911	YER159C	0.83366
1912	YIR036C	0.83365
1913	YKR014C	0.83361
1914	YJR017C	0.83361
1915	YER178W	0.8336
1916	YML068W	0.83355
1917	YNL112W	0.83352
1918	YPL109C	0.8335
1919	YGR262C	0.8335
1920	YOR001W	0.83348
1921	YPR028W	0.83347
1922	YER014W	0.83341
1923	YCR005C	0.8334
1924	YPL189W	0.83339
1925	YHR024C	0.83338
1926	YIR007W	0.83337
1927	YNL320W	0.83334
1928	YGL206C	0.83331
1929	YMR216C	0.83327
1930	YKR069W	0.83327
1931	YLR357W	0.83326
1932	YDL029W	0.83321
1933	YNR050C	0.83321
1934	YJR100C	0.8332
1935	YPL112C	0.83319
1936	YDL015C	0.83319
1937	YPL281C	0.83318
1938	YOR393W	0.83318
1939	YHR016C	0.83318
1940	YDR037W	0.83316
1941	YJL030W	0.83315
1942	YHL032C	0.83313
1943	YBL019W	0.83312
1944	YLL009C	0.83307
1945	YGL095C	0.83302
1946	YKR070W	0.83302
1947	YDR440W	0.83301
1948	YMR315W	0.83299
1949	YER188W	0.83296
1950	YFR009W	0.83293
1951	YPL268W	0.83291
1952	YIL046W	0.8329
1953	YPL100W	0.83285
1954	YLR186W	0.83283
1955	YPL072W	0.83281
1956	YGL171W	0.83277
1957	YLR208W	0.83271
1958	YGL056C	0.83269
1959	YDR293C	0.83264
1960	YBR040W	0.83261
1961	YHR064C	0.83261
1962	YGR105W	0.83259
1963	YER141W	0.83255
1964	YOR021C	0.83249
1965	YOR002W	0.83248
1966	YNL161W	0.83246
1967	YFL048C	0.83243
1968	YGL027C	0.83242
1969	YDR358W	0.83237
1970	YOR160W	0.83233
1971	YML066C	0.83232
1972	YDR533C	0.83232
1973	YER016W	0.83227
1974	YOR025W	0.83226
1975	YKL071W	0.83226
1976	YDR243C	0.83224
1977	YML096W	0.8322
1978	YDR498C	0.83217
1979	YPR179C	0.83217
1980	YPL086C	0.83216
1981	YPR074C	0.83204
1982	YKL100C	0.83202
1983	YMR110C	0.83197
1984	YMR004W	0.83192
1985	YHR001W	0.83191
1986	YNL298W	0.8319
1987	YIL107C	0.83187
1988	YPL060W	0.83185
1989	YER148W	0.83185
1990	YDR248C	0.83183
1991	YJR052W	0.83181
1992	YKL128C	0.83177
1993	YHR187W	0.83177
1994	YOR217W	0.83176
1995	YAL046C	0.83175
1996	YDL055C	0.83174
1997	YJL006C	0.83173
1998	YAR015W	0.83173
1999	YHR069C	0.8317
2000	YKL070W	0.83169
2001	YNR041C	0.83168
2002	YPL097W	0.83167
2003	YMR035W	0.83167
2004	YKL010C	0.83164
2005	YGR238C	0.83161
2006	YER001W	0.83161
2007	YNL116W	0.83161
2008	YOL128C	0.83159
2009	YDL059C	0.83158
2010	YPL213W	0.83156
2011	YPL266W	0.83152
2012	YCL036W	0.83152
2013	YGL198W	0.83148
2014	YFL044C	0.83147
2015	YGL173C	0.83146
2016	YJL168C	0.83144
2017	YER007C-A	0.83144
2018	YDR054C	0.83141
2019	YJL042W	0.83137
2020	YPL282C	0.83137
2021	YOR394W	0.83137
2022	YNL186W	0.83135
2023	YNL014W	0.83131
2024	YDL241W	0.8313
2025	YLR069C	0.83127
2026	YNL289W	0.83125
2027	YNL243W	0.83125
2028	YMR226C	0.83117
2029	YPL030W	0.83114
2030	YKL168C	0.83112
2031	YGR187C	0.83112
2032	YGL009C	0.83112
2033	YDL147W	0.8311
2034	YJR036C	0.83107
2035	YAL021C	0.83105
2036	YJL206C	0.83101
2037	YNR015W	0.83101
2038	YBR223C	0.83097
2039	YCR096C	0.83094
2040	YGR001C	0.83093
2041	YJL079C	0.83092
2042	YOR111W	0.8309
2043	YAL051W	0.83085
2044	YKL103C	0.83083
2045	YIL006W	0.83078
2046	YGL082W	0.83073
2047	YFL031W	0.83072
2048	YNR057C	0.83071
2049	YOR304W	0.8307
2050	YDR393W	0.83069
2051	YJR078W	0.83065
2052	YKR086W	0.83063
2053	YDR336W	0.83058
2054	YOR271C	0.83058
2055	YHR207C	0.83056
2056	YLR355C	0.83056
2057	YAR027W	0.83056
2058	YLR239C	0.83054
2059	YLR084C	0.83054
2060	YDL085W	0.83054
2061	YAL033W	0.83049
2062	YOR363C	0.83047
2063	YIL051C	0.83046
2064	YPL053C	0.83045
2065	YOR360C	0.83045
2066	YDR388W	0.83045
2067	YMR154C	0.83041
2068	YBR221C	0.83039
2069	YOR244W	0.83036
2070	YML097C	0.83031
2071	YDR319C	0.83029
2072	YJR033C	0.83027
2073	YJR142W	0.83027
2074	YCR019W	0.83023
2075	YMR090W	0.83016
2076	YLL027W	0.83013
2077	YOR212W	0.83005
2078	YIL151C	0.82998
2079	YKL140W	0.82997
2080	YLR085C	0.82996
2081	YMR289W	0.82995
2082	YJL008C	0.82993
2083	YDR162C	0.82991
2084	YOR375C	0.8299
2085	YOR164C	0.82988
2086	YHR107C	0.82987
2087	YOR117W	0.82987
2088	YGL004C	0.82986
2089	YBR017C	0.82983
2090	YGR231C	0.82981
2091	YOR370C	0.8298
2092	YGL256W	0.82977
2093	YOR377W	0.82976
2094	YDR004W	0.82975
2095	YDL217C	0.82975
2096	YNL016W	0.82974
2097	YFL008W	0.82973
2098	YPR033C	0.82973
2099	YGR083C	0.8297
2100	YBR202W	0.82969
2101	YLL031C	0.82968
2102	YPL151C	0.82966
2103	YGL094C	0.82963
2104	YBL069W	0.82959
2105	YNR029C	0.82958
2106	YLR134W	0.82946
2107	YDL033C	0.82945
2108	YOR296W	0.82945
2109	YOR285W	0.8294
2110	YKR003W	0.8294
2111	YGR048W	0.82939
2112	YHR019C	0.82936
2113	YDR128W	0.82934
2114	YGR263C	0.82932
2115	YOR295W	0.82928
2116	YLR266C	0.82928
2117	YCL032W	0.82922
2118	YER027C	0.82922
2119	YBR176W	0.8292
2120	YDR164C	0.8292
2121	YLR072W	0.82916
2122	YBL021C	0.82916
2123	YLR383W	0.82912
2124	YDL072C	0.82909
2125	YJR133W	0.82905
2126	YPL125W	0.82903
2127	YHR020W	0.82899
2128	YIR035C	0.82897
2129	Q0050	0.82897
2130	YOR168W	0.82891
2131	YOR038C	0.82888
2132	YGL143C	0.82888
2133	YEL038W	0.82887
2134	YOR057W	0.82887
2135	YDL133W	0.82885
2136	YBR280C	0.82878
2137	YPR161C	0.8287
2138	YDR353W	0.82869
2139	YIL065C	0.82869
2140	YIL034C	0.82869
2141	YHR113W	0.82869
2142	YMR020W	0.82868
2143	YLR354C	0.82868
2144	YJR126C	0.82863
2145	YLR384C	0.82861
2146	YHR219W	0.82861
2147	YGR026W	0.8286
2148	YOL097C	0.8286
2149	YDL078C	0.82857
2150	YEL066W	0.82856
2151	YOL047C	0.82852
2152	YHR098C	0.82852
2153	YLR429W	0.82851
2154	YBR086C	0.82851
2155	YML110C	0.82849
2156	YCL010C	0.82848
2157	YJR098C	0.82847
2158	YHR086W	0.82842
2159	YMR099C	0.8284
2160	YGR180C	0.82839
2161	YOR335C	0.82839
2162	YJR141W	0.82837
2163	YNL163C	0.82836
2164	YHR206W	0.82835
2165	YDR436W	0.82831
2166	YGL097W	0.82829
2167	YOL116W	0.82827
2168	YPR017C	0.82826
2169	YPR086W	0.82824
2170	YKR061W	0.8282
2171	YNL283C	0.82819
2172	YJL036W	0.82817
2173	YGL207W	0.82816
2174	YNL168C	0.82816
2175	YJR031C	0.82814
2176	YOR389W	0.82812
2177	YOR006C	0.82808
2178	YPR188C	0.82803
2179	YNL217W	0.82803
2180	YPL032C	0.82802
2181	YMR126C	0.82801
2182	YDR408C	0.82801
2183	YAR007C	0.82798
2184	YBR161W	0.82788
2185	YKL119C	0.82782
2186	YKR024C	0.82782
2187	YLR107W	0.82779
2188	YPL135W	0.8277
2189	YPL190C	0.82768
2190	YKR058W	0.82765
2191	YDR476C	0.82765
2192	YAR003W	0.82761
2193	YOR184W	0.82758
2194	YDR242W	0.82758
2195	YMR149W	0.82758
2196	YDR247W	0.82758
2197	YPL249C	0.82753
2198	YPL101W	0.82752
2199	YPL171C	0.82751
2200	YBL050W	0.82751
2201	YBR036C	0.82751
2202	YJL197W	0.82738
2203	YDL207W	0.82736
2204	YLR086W	0.82735
2205	YIL105C	0.82735
2206	YDR427W	0.82732
2207	YLR399C	0.82727
2208	YMR152W	0.82727
2209	YER165W	0.82726
2210	YGL141W	0.82724
2211	YDL190C	0.82724
2212	YDR454C	0.82723
2213	YFR051C	0.82723
2214	YLR390W	0.82723
2215	YKR042W	0.82722
2216	YIR019C	0.82721
2217	YJR067C	0.82721
2218	YDR419W	0.82716
2219	YGR242W	0.82714
2220	YMR265C	0.82712
2221	YPL160W	0.82711
2222	YJL102W	0.82709
2223	YKR028W	0.82708
2224	YFL028C	0.82708
2225	YPR004C	0.82707
2226	YBR014C	0.82702
2227	Q0160	0.82701
2228	YML118W	0.82696
2229	YBL075C	0.82695
2230	YLR001C	0.82695
2231	YBR127C	0.82694
2232	YOR014W	0.82694
2233	YGL257C	0.82689
2234	YBR169C	0.82688
2235	YBR227C	0.82687
2236	YBL101C	0.82687
2237	YEL032W	0.82685
2238	YOR130C	0.82682
2239	YNR074C	0.82676
2240	YJR006W	0.82667
2241	YBR158W	0.82659
2242	YBL102W	0.82651
2243	YNL249C	0.8265
2244	YKL007W	0.82645
2245	YDR444W	0.82645
2246	YER043C	0.82642
2247	YNL138W	0.82641
2248	YER065C	0.82634
2249	YNL180C	0.82628
2250	YIL094C	0.82626
2251	YLR117C	0.82625
2252	YPL096W	0.82623
2253	YEL048C	0.8262
2254	YNL160W	0.8262
2255	YPL045W	0.82619
2256	YHR134W	0.82616
2257	YFR004W	0.82615
2258	YGL242C	0.82615
2259	YOR176W	0.82605
2260	YDR399W	0.82602
2261	YML102W	0.82602
2262	YDR072C	0.82598
2263	YBR196C	0.82596
2264	YIL153W	0.82594
2265	YIL016W	0.82589
2266	YML100W	0.82587
2267	YDR019C	0.82582
2268	YGR061C	0.82577
2269	YBR061C	0.82573
2270	YDR517W	0.82569
2271	YOR059C	0.82569
2272	YIL033C	0.82567
2273	YMR218C	0.82562
2274	YFR030W	0.8256
2275	YDR139C	0.82558
2276	YBL015W	0.82558
2277	YHR080C	0.82557
2278	YEL056W	0.82557
2279	YAL030W	0.82555
2280	YDL111C	0.82554
2281	YBL037W	0.82553
2282	YMR095C	0.82551
2283	YLR258W	0.82549
2284	YOR202W	0.82546
2285	YDR512C	0.82545
2286	YGL166W	0.82544
2287	YKL125W	0.82539
2288	YKR072C	0.82537
2289	YDL171C	0.82537
2290	YJL117W	0.82532
2291	YLR299W	0.82531
2292	YKL198C	0.82529
2293	YNL134C	0.82527
2294	YDR362C	0.82521
2295	YIL009C-A	0.8252
2296	YGR110W	0.82516
2297	YLR316C	0.82516
2298	YJR061W	0.82516
2299	YPR023C	0.82514
2300	YHR068W	0.82514
2301	YGL033W	0.82512
2302	YNL328C	0.8251
2303	YMR183C	0.8251
2304	YGL050W	0.8251
2305	YCR092C	0.82508
2306	YMR102C	0.82507
2307	YGL003C	0.82507
2308	YNL023C	0.82502
2309	YJL014W	0.825
2310	YAL058W	0.82498
2311	YDR106W	0.82496
2312	YNL155W	0.82494
2313	YHR133C	0.82493
2314	YAR031W	0.82493
2315	YBR030W	0.82491
2316	YPR110C	0.82488
2317	YOL057W	0.82487
2318	YOR322C	0.82486
2319	YKL059C	0.8248
2320	YNL118C	0.82479
2321	YDL025C	0.82472
2322	YDR395W	0.82471
2323	YPL262W	0.82471
2324	YER144C	0.82469
2325	YER113C	0.82469
2326	YOR156C	0.82468
2327	YDR313C	0.82467
2328	YFL001W	0.82463
2329	YPR190C	0.82463
2330	YNL092W	0.82463
2331	YKL139W	0.82463
2332	YJL100W	0.82459
2333	YLR430W	0.82459
2334	YLL054C	0.82456
2335	YKL034W	0.82456
2336	YJR070C	0.82454
2337	YPR088C	0.82453
2338	YJL033W	0.82436
2339	YKL047W	0.82431
2340	YLR362W	0.82427
2341	YDR265W	0.82426
2342	YLR078C	0.82421
2343	YKR079C	0.82419
2344	YML022W	0.82418
2345	YNL113W	0.82418
2346	YBL023C	0.82417
2347	YJL062W	0.82416
2348	YKL212W	0.82415
2349	YKR094C	0.82413
2350	YIL148W	0.82413
2351	YPL057C	0.82409
2352	YJR085C	0.82407
2353	YCR042C	0.82403
2354	YLR409C	0.82401
2355	YGR127W	0.824
2356	YPL128C	0.82399
2357	YMR231W	0.82396
2358	YPR189W	0.82396
2359	YGL040C	0.82391
2360	YOR278W	0.82386
2361	YBR060C	0.82381
2362	YPR098C	0.82379
2363	YIR008C	0.82379
2364	YNL072W	0.82378
2365	YBL001C	0.82377
2366	YPR104C	0.82375
2367	YDR167W	0.82371
2368	YDR080W	0.8237
2369	YPL277C	0.82367
2370	YCL047C	0.82353
2371	YDR289C	0.82349
2372	YNL022C	0.82348
2373	YJL053W	0.82346
2374	YPL145C	0.82346
2375	YHR166C	0.82345
2376	YOR275C	0.82344
2377	YJR045C	0.82339
2378	YGL220W	0.82339
2379	YKL201C	0.82337
2380	YHR150W	0.82336
2381	YGR177C	0.82333
2382	YML065W	0.8233
2383	YCR035C	0.8233
2384	YER004W	0.82328
2385	YAL065C	0.82316
2386	YJL165C	0.82309
2387	YHR028W-A	0.82302
2388	YNL212W	0.82302
2389	YNL279W	0.82301
2390	YDL140C	0.82297
2391	YJR105W	0.82294
2392	YBR106W	0.82294
2393	YFR041C	0.82288
2394	YOR187W	0.82288
2395	YNL313C	0.82281
2396	YJR010W	0.82279
2397	YNR051C	0.82278
2398	YGR109C	0.82277
2399	YNL294C	0.82275
2400	YJR076C	0.82275
2401	YDL143W	0.82273
2402	YIR043C	0.82271
2403	YAR033W	0.82269
2404	YKR096W	0.82267
2405	YBR024W	0.82267
2406	YPL248C	0.82266
2407	YCR030C	0.82266
2408	YPL017C	0.8226
2409	YHL044W	0.82259
2410	YJR007W	0.82252
2411	YER061C	0.82251
2412	YHR180W	0.8225
2413	YHL031C	0.82249
2414	Q0055	0.82248
2415	YJL034W	0.82245
2416	YML069W	0.82237
2417	YDL135C	0.82237
2418	YGR086C	0.82236
2419	YDR198C	0.82234
2420	YJR051W	0.82224
2421	YKR064W	0.82218
2422	YLR418C	0.82217
2423	YLR115W	0.82215
2424	YOR239W	0.8221
2425	YLR421C	0.82207
2426	YDL063C	0.822
2427	YFR002W	0.82199
2428	YBR037C	0.82196
2429	YMR313C	0.8219
2430	YGL067W	0.82185
2431	YPL019C	0.82181
2432	YCR073C	0.82173
2433	YDL010W	0.82172
2434	YBL076C	0.82169
2435	YAL039C	0.82169
2436	YEL024W	0.82167
2437	YGL158W	0.82167
2438	YPL002C	0.82163
2439	YGR170W	0.82156
2440	YHL007C	0.82155
2441	YIL171W	0.82155
2442	YBL008W	0.82154
2443	YKR087C	0.82154
2444	YNL333W	0.82153
2445	YNL071W	0.82152
2446	YOR151C	0.8215
2447	YOR136W	0.8215
2448	YFL029C	0.82149
2449	YGL262W	0.82149
2450	YFL004W	0.82148
2451	YGR246C	0.82144
2452	YEL019C	0.8214
2453	YIL106W	0.8214
2454	YDR428C	0.82138
2455	YMR312W	0.82135
2456	YDL126C	0.82133
2457	YDL161W	0.8213
2458	YER076C	0.82126
2459	YCR004C	0.82124
2460	YPL001W	0.82124
2461	YLR260W	0.82123
2462	YPL232W	0.82121
2463	YNL272C	0.82114
2464	YOR245C	0.82114
2465	YJR035W	0.82109
2466	YLR290C	0.82108
2467	YJR064W	0.82106
2468	YHR075C	0.82106
2469	YAL038W	0.82105
2470	YER078C	0.82102
2471	YDL233W	0.821
2472	YOL014W	0.82097
2473	YLR419W	0.82095
2474	YGL161C	0.82088
2475	YKL029C	0.82086
2476	YGL231C	0.82082
2477	YDR513W	0.82074
2478	YLR425W	0.82073
2479	YDR302W	0.82069
2480	YMR259C	0.82069
2481	YOL164W	0.82069
2482	YPL029W	0.82063
2483	YIL165C	0.82063
2484	YMR092C	0.82055
2485	YMR145C	0.82052
2486	YOR039W	0.82051
2487	YJR137C	0.82051
2488	YNL004W	0.82048
2489	YLR226W	0.82047
2490	YDL179W	0.82046
2491	YNL242W	0.82044
2492	YEL023C	0.82043
2493	YGL160W	0.82041
2494	YDR364C	0.82036
2495	YGL213C	0.82036
2496	YLR427W	0.82034
2497	YER157W	0.82032
2498	YCL034W	0.8203
2499	YFR038W	0.8203
2500	YBL032W	0.82029
2501	YDR409W	0.82029
2502	YBR155W	0.82025
2503	YHL018W	0.82017
2504	YJL141C	0.82014
2505	YDR339C	0.82012
2506	YLL036C	0.8201
2507	YJL098W	0.82007
2508	YPL270W	0.82007
2509	YOL145C	0.82004
2510	YLR044C	0.82002
2511	YOR367W	0.82
2512	YGL020C	0.81998
2513	YPR137W	0.8199
2514	YPR034W	0.81989
2515	YOR334W	0.81986
2516	YDR155C	0.81984
2517	YDR390C	0.81981
2518	YIL004C	0.81981
2519	YBR273C	0.81981
2520	YGR223C	0.8198
2521	YJL085W	0.81978
2522	YGL058W	0.81978
2523	YLR080W	0.81973
2524	YLR401C	0.81971
2525	YKR071C	0.8197
2526	YOL067C	0.81966
2527	YHR120W	0.81965
2528	YDL195W	0.81963
2529	YDR098C	0.81963
2530	YMR235C	0.81961
2531	YKL096W	0.81961
2532	YDR430C	0.81959
2533	YLR207W	0.81959
2534	YPR162C	0.81959
2535	YBR233W	0.81953
2536	YPL191C	0.81944
2537	YKL173W	0.81942
2538	YKL203C	0.81933
2539	YER151C	0.81933
2540	YER007W	0.81928
2541	YDR261C	0.81924
2542	YPR026W	0.81923
2543	YLR249W	0.81921
2544	YOR166C	0.81918
2545	YDR407C	0.81916
2546	YOR185C	0.81916
2547	Q0080	0.81913
2548	YNL206C	0.81913
2549	YOR301W	0.81911
2550	YNL102W	0.81909
2551	YDL200C	0.81905
2552	YDR245W	0.81904
2553	YHL002W	0.81903
2554	YKL163W	0.81903
2555	YLR368W	0.81902
2556	YMR078C	0.81902
2557	YEL021W	0.819
2558	YPR091C	0.81897
2559	YOR022C	0.81895
2560	YOR356W	0.81894
2561	YEL049W	0.81893
2562	YDR268W	0.81889
2563	YCL011C	0.81879
2564	YLL014W	0.81877
2565	YOR179C	0.81875
2566	YOR124C	0.81874
2567	YER080W	0.81872
2568	YAR019C	0.81872
2569	YGR128C	0.81871
2570	YAL015C	0.81865
2571	YGR070W	0.81864
2572	YHR045W	0.81863
2573	YPL023C	0.81862
2574	YBL104C	0.81861
2575	YHR162W	0.8186
2576	YDR386W	0.8186
2577	YMR087W	0.8186
2578	YJR139C	0.81859
2579	YPR175W	0.81857
2580	YPL103C	0.81854
2581	YJL124C	0.81853
2582	YIL073C	0.81852
2583	YPL247C	0.81851
2584	YIL059C	0.81851
2585	YMR165C	0.81848
2586	YML042W	0.81847
2587	YBR151W	0.81847
2588	YMR040W	0.81846
2589	YJL154C	0.81846
2590	YJL217W	0.81844
2591	YAR066W	0.81843
2592	YHR214W	0.81843
2593	YHR049W	0.81838
2594	YHR065C	0.81837
2595	YGL250W	0.81833
2596	YBL091C-A	0.81832
2597	YHR138C	0.8183
2598	YGL246C	0.8183
2599	YLR066W	0.81829
2600	YNL263C	0.81828
2601	YNL267W	0.81823
2602	YHR084W	0.81823
2603	YNL007C	0.8182
2604	YBR055C	0.81818
2605	YML061C	0.81816
2606	YER101C	0.81815
2607	YIL007C	0.81808
2608	YOL043C	0.81802
2609	YOR254C	0.818
2610	YGR158C	0.81798
2611	YOR299W	0.81789
2612	YHR079C	0.81784
2613	YLR205C	0.81784
2614	YDR148C	0.81783
2615	YFL059W	0.81781
2616	YPL119C-A	0.81775
2617	YJR129C	0.81773
2618	YBR059C	0.81773
2619	YOL139C	0.81771
2620	YAL002W	0.8177
2621	YLR179C	0.81769
2622	YDR367W	0.81767
2623	YNL322C	0.81764
2624	YPR186C	0.81763
2625	YLR063W	0.81757
2626	YPL167C	0.81755
2627	YPR029C	0.81753
2628	YML014W	0.81752
2629	YPL028W	0.8175
2630	YGR255C	0.81747
2631	YNL317W	0.81747
2632	YMR277W	0.81739
2633	YDL021W	0.81737
2634	YBR260C	0.81737
2635	YGL051W	0.81737
2636	YGL037C	0.81733
2637	YOR223W	0.81732
2638	YDR330W	0.81728
2639	YLR045C	0.81724
2640	YGL169W	0.81722
2641	YKL085W	0.81716
2642	YHR078W	0.81707
2643	YOR340C	0.81706
2644	YNR001C	0.81701
2645	YLR050C	0.81698
2646	YMR302C	0.81697
2647	YER156C	0.81697
2648	YOR259C	0.81694
2649	YDR472W	0.81693
2650	YDR006C	0.81692
2651	YIL131C	0.81683
2652	YNL061W	0.81681
2653	YEL022W	0.81681
2654	YPL215W	0.81678
2655	YOR243C	0.81678
2656	YBR249C	0.81678
2657	YOR267C	0.81676
2658	YCL067C	0.81676
2659	YCR039C	0.81676
2660	YGR294W	0.81675
2661	YPR135W	0.81671
2662	YDR020C	0.81669
2663	YGL112C	0.81668
2664	YDR392W	0.81667
2665	YNL119W	0.81667
2666	YLR178C	0.81666
2667	YIR006C	0.81666
2668	YHL046C	0.81664
2669	YGR136W	0.81664
2670	YDR161W	0.81664
2671	YIR009W	0.81659
2672	YFR052W	0.81659
2673	YGL089C	0.81659
2674	YKL033W	0.81658
2675	YPL187W	0.81654
2676	YDL146W	0.81652
2677	YKL021C	0.81648
2678	YOR344C	0.81648
2679	YNL047C	0.81648
2680	YIL085C	0.81646
2681	YDL110C	0.81645
2682	YOR224C	0.81643
2683	YOL114C	0.8164
2684	YOL048C	0.81637
2685	YLR183C	0.81633
2686	YDL237W	0.8163
2687	YKL194C	0.8163
2688	YGL180W	0.81628
2689	YLR105C	0.81628
2690	YLR064W	0.81624
2691	YLR116W	0.8162
2692	YIL082W-A	0.8162
2693	YOR361C	0.81619
2694	YER021W	0.81618
2695	YMR076C	0.81615
2696	YGR188C	0.81615
2697	YBR097W	0.81614
2698	YDR424C	0.81612
2699	YPR060C	0.81612
2700	YER025W	0.81603
2701	YMR171C	0.81602
2702	YNL015W	0.81601
2703	YLL010C	0.816
2704	YDL214C	0.81597
2705	YPL137C	0.81592
2706	YBR301W	0.8159
2707	YLR093C	0.81588
2708	YGR056W	0.81585
2709	YLR032W	0.81584
2710	YIL063C	0.81584
2711	YLR129W	0.81578
2712	YLR215C	0.81578
2713	YDR423C	0.81576
2714	YGR212W	0.81575
2715	YMR236W	0.81574
2716	YKL006C-A	0.81573
2717	YGR059W	0.81573
2718	YMR303C	0.81572
2719	YOR332W	0.8157
2720	YIL125W	0.8157
2721	YML130C	0.81567
2722	YNL001W	0.81567
2723	YJL031C	0.81564
2724	YDR126W	0.81559
2725	YGR080W	0.81557
2726	YDL198C	0.81553
2727	YJL127C	0.81552
2728	YML111W	0.81551
2729	YGL014W	0.81549
2730	YNL247W	0.81549
2731	YKL065C	0.81549
2732	YNL121C	0.81547
2733	YKL090W	0.81539
2734	YDL165W	0.81537
2735	YER105C	0.81534
2736	YBR109C	0.81533
2737	YDR487C	0.81532
2738	YKL019W	0.81531
2739	YMR096W	0.81531
2740	YGL258W	0.81522
2741	YJL111W	0.81518
2742	YLR035C	0.81515
2743	YOR138C	0.81515
2744	YHR201C	0.81512
2745	YHR186C	0.81512
2746	YMR197C	0.81506
2747	YIL137C	0.81503
2748	YLL050C	0.81495
2749	YCR036W	0.81492
2750	YHL004W	0.81487
2751	YER170W	0.81486
2752	YOR180C	0.81485
2753	YNR059W	0.81483
2754	YDR117C	0.81483
2755	YOR272W	0.81481
2756	YGR117C	0.8148
2757	YAL019W	0.81478
2758	YPR079W	0.81476
2759	YDL122W	0.81476
2760	YDL127W	0.81475
2761	YCR020C-A	0.81475
2762	YDL234C	0.81474
2763	YHR122W	0.81469
2764	YML090W	0.81464
2765	YPR001W	0.81464
2766	YPL207W	0.81462
2767	YHR022C	0.8146
2768	YNL124W	0.81455
2769	YOL013C	0.81455
2770	YJR115W	0.81455
2771	YMR127C	0.81454
2772	YHR121W	0.81454
2773	YBR185C	0.81452
2774	YIL176C	0.81447
2775	YJL223C	0.81447
2776	YIR038C	0.81429
2777	YPL148C	0.81428
2778	YOR141C	0.81427
2779	YOR330C	0.81426
2780	YLR455W	0.81425
2781	YAL036C	0.81424
2782	YPL165C	0.81421
2783	YGR020C	0.81415
2784	YAL001C	0.81407
2785	YEL062W	0.81405
2786	YHR179W	0.81403
2787	YOR007C	0.81402
2788	YOR211C	0.81402
2789	YIL128W	0.81399
2790	YKR089C	0.81398
2791	YNL218W	0.81397
2792	YLR380W	0.81394
2793	YLR118C	0.81394
2794	YIL005W	0.81393
2795	YLR196W	0.81393
2796	YLR016C	0.81387
2797	YBL020W	0.81381
2798	YNL085W	0.81379
2799	YER162C	0.81379
2800	Q0142	0.81378
2801	YDR208W	0.81376
2802	YJL130C	0.81374
2803	YOR149C	0.81373
2804	YER064C	0.8137
2805	YIR012W	0.81367
2806	YMR275C	0.81364
2807	YDL203C	0.81363
2808	YDL028C	0.81355
2809	YGL064C	0.81354
2810	YMR093W	0.8135
2811	YPL065W	0.81349
2812	YPL104W	0.81347
2813	YOL101C	0.81345
2814	YPR200C	0.81344
2815	YOR004W	0.81343
2816	YOL149W	0.8133
2817	YNL059C	0.81326
2818	YDR370C	0.81324
2819	YOR386W	0.81323
2820	YBL066C	0.81323
2821	YER140W	0.81322
2822	YNL012W	0.81322
2823	YPR041W	0.81317
2824	YHR118C	0.81316
2825	YGR201C	0.81313
2826	YCL008C	0.81312
2827	YAL068C	0.81312
2828	YGL261C	0.81312
2829	YBL108C-A	0.81312
2830	YLR248W	0.81311
2831	YDR326C	0.81311
2832	YCR054C	0.81311
2833	YJL046W	0.81305
2834	YMR267W	0.81303
2835	YBR246W	0.81297
2836	YNL209W	0.81296
2837	YOR190W	0.81296
2838	YER116C	0.81296
2839	YDR018C	0.81294
2840	YBR186W	0.81294
2841	YNR071C	0.81293
2842	YJL041W	0.81291
2843	YNL084C	0.81287
2844	YJR048W	0.81278
2845	YLR319C	0.81277
2846	YMR291W	0.81275
2847	YDL008W	0.81272
2848	YOL110W	0.81266
2849	YGR247W	0.81265
2850	YNL286W	0.81265
2851	YBR141C	0.81253
2852	YNL190W	0.81253
2853	YKL124W	0.8125
2854	YDR271C	0.8125
2855	YJL192C	0.8125
2856	YDR023W	0.81246
2857	YKL077W	0.81241
2858	YGR003W	0.81238
2859	YPR115W	0.81237
2860	YIL134W	0.81233
2861	YJL106W	0.8123
2862	YKL040C	0.81223
2863	YBR121C	0.81222
2864	YPL123C	0.81222
2865	YHR158C	0.81216
2866	YCL055W	0.81214
2867	YDR222W	0.81211
2868	YHR073W	0.81211
2869	YBL024W	0.8121
2870	YIL091C	0.81209
2871	YKL015W	0.81209
2872	YAL005C	0.81204
2873	YPR144C	0.812
2874	YGR054W	0.81199
2875	YGR109W-B	0.81197
2876	YOL058W	0.81187
2877	YLR305C	0.81185
2878	YDL120W	0.81182
2879	YGR205W	0.81176
2880	YDR145W	0.81175
2881	YLL064C	0.81175
2882	YNR076W	0.81175
2883	YOR081C	0.81174
2884	YKL087C	0.81171
2885	YCR051W	0.81169
2886	YPL141C	0.81168
2887	YDL040C	0.81167
2888	YPL239W	0.81166
2889	YPR105C	0.81165
2890	YBR228W	0.81165
2891	YDR510W	0.81164
2892	YKR076W	0.81159
2893	YDR463W	0.81158
2894	YER182W	0.81155
2895	YKL043W	0.8115
2896	YLR103C	0.81149
2897	YPL022W	0.81145
2898	YOR207C	0.81143
2899	YOL161C	0.81142
2900	YMR130W	0.81141
2901	YOR237W	0.81137
2902	YJL080C	0.81135
2903	YDR122W	0.81133
2904	YGR211W	0.81133
2905	YIL027C	0.81131
2906	YPL007C	0.81127
2907	YBL064C	0.81125
2908	YPL074W	0.81125
2909	YGL092W	0.81123
2910	YPR010C	0.81121
2911	YDR206W	0.81121
2912	YJL126W	0.8112
2913	YHR117W	0.8112
2914	YNL107W	0.8112
2915	YBR179C	0.81116
2916	YEL039C	0.81113
2917	YER163C	0.81112
2918	YDR354W	0.8111
2919	YGL203C	0.81109
2920	YLR461W	0.81107
2921	YKR060W	0.81107
2922	YLR065C	0.81104
2923	YOL142W	0.81103
2924	YDR218C	0.81101
2925	YDR119W	0.81101
2926	YBR028C	0.81092
2927	YDR288W	0.81091
2928	YMR207C	0.81089
2929	YBR261C	0.81088
2930	YGR021W	0.81087
2931	YOR261C	0.81085
2932	YOL045W	0.81085
2933	YHR168W	0.81084
2934	YOL071W	0.81082
2935	YNL232W	0.81082
2936	YGR169C	0.81075
2937	YNL306W	0.81075
2938	YKR021W	0.81064
2939	YMR132C	0.81063
2940	YLR259C	0.81063
2941	YGR101W	0.81062
2942	YBL055C	0.81061
2943	YHR126C	0.81061
2944	YHR070W	0.8106
2945	YDL232W	0.81058
2946	YMR024W	0.81055
2947	YGR052W	0.8105
2948	YGR066C	0.8105
2949	YJL026W	0.81046
2950	YDR501W	0.81046
2951	YDR031W	0.81044
2952	YBL071W-A	0.81034
2953	YNL038W	0.81027
2954	YBL035C	0.81021
2955	YNL246W	0.81014
2956	YGR099W	0.81014
2957	YBR084W	0.81011
2958	YBL086C	0.81009
2959	YPR048W	0.81008
2960	YDL246C	0.81001
2961	YDR179W-A	0.81
2962	YIL017C	0.80998
2963	YLR163C	0.80994
2964	YMR212C	0.80993
2965	YNL255C	0.80992
2966	YPL188W	0.8099
2967	YFL036W	0.8099
2968	YHR062C	0.8099
2969	YAR075W	0.80989
2970	YOR216C	0.80986
2971	YDR389W	0.80985
2972	YAL044W-A	0.80977
2973	YOL042W	0.80976
2974	YMR114C	0.80973
2975	YOL072W	0.80972
2976	YJL151C	0.8097
2977	YDL058W	0.80964
2978	YJL101C	0.80963
2979	YER096W	0.80961
2980	YER006W	0.80955
2981	YLR003C	0.80953
2982	YLR090W	0.80953
2983	YDR212W	0.80953
2984	YLL018C	0.80952
2985	YPL129W	0.80951
2986	YGL049C	0.80948
2987	YML047C	0.80947
2988	YDR036C	0.80946
2989	YPL003W	0.80946
2990	YGR119C	0.80944
2991	YJR091C	0.80942
2992	YOR280C	0.80941
2993	YML120C	0.8094
2994	YJL137C	0.80939
2995	YBR288C	0.80938
2996	YDR251W	0.80936
2997	YBR112C	0.80933
2998	YOR341W	0.80933
2999	YDR542W	0.80931
3000	YIL078W	0.80929
3001	YOR026W	0.80929
3002	YGL232W	0.80924
3003	YOR368W	0.80923
3004	YGR181W	0.80921
3005	YHR077C	0.8092
3006	YKR063C	0.80915
3007	YGL070C	0.80911
3008	YOR027W	0.80907
3009	YNL278W	0.80903
3010	YJR066W	0.80902
3011	YLL037W	0.80902
3012	YML020W	0.80901
3013	YFL051C	0.80901
3014	YOR112W	0.809
3015	YAR008W	0.80899
3016	YLR054C	0.80893
3017	YJR159W	0.80892
3018	YJR088C	0.80887
3019	YOL019W	0.80883
3020	YJR111C	0.80879
3021	YPR107C	0.80875
3022	YHL043W	0.80872
3023	YDL175C	0.8087
3024	YOR286W	0.80869
3025	YPR050C	0.80869
3026	YDR283C	0.80868
3027	YMR068W	0.80867
3028	YJR084W	0.80866
3029	YHR054W-A	0.80862
3030	YHR052W-A	0.80862
3031	YLL041C	0.80855
3032	YLR435W	0.80854
3033	YJR097W	0.80853
3034	YPL084W	0.80852
3035	YCR104W	0.80849
3036	YLR337C	0.80848
3037	YMR194C-B	0.80848
3038	YNL128W	0.80844
3039	YOR247W	0.80842
3040	YMR042W	0.80834
3041	YJR063W	0.8083
3042	YOL143C	0.80829
3043	YOL146W	0.80826
3044	YJL057C	0.80825
3045	YLR077W	0.80819
3046	YCR014C	0.80817
3047	YIL157C	0.80811
3048	YDL229W	0.80805
3049	YPL212C	0.80804
3050	YCL004W	0.80802
3051	YGR096W	0.80798
3052	YPL260W	0.80797
3053	YGR278W	0.80797
3054	YDR538W	0.80796
3055	YNL062C	0.80789
3056	YLR164W	0.80788
3057	YEL015W	0.80787
3058	YLR026C	0.80786
3059	YFL027C	0.80786
3060	YGR097W	0.80786
3061	YML099C	0.80776
3062	YLR387C	0.80775
3063	YMR281W	0.80773
3064	YGR090W	0.80767
3065	YKL116C	0.80767
3066	YER179W	0.80767
3067	YOL086C	0.80763
3068	YPL076W	0.80761
3069	YML010W	0.80761
3070	YLR363C	0.80758
3071	YJL132W	0.80757
3072	YJR046W	0.80756
3073	YIL126W	0.80755
3074	YHR196W	0.80752
3075	YNL236W	0.8075
3076	YKL084W	0.8075
3077	YDR266C	0.80748
3078	YHR173C	0.80741
3079	YNL147W	0.8074
3080	YGL125W	0.80732
3081	YDL225W	0.80728
3082	YMR168C	0.80728
3083	YMR053C	0.80724
3084	YLR175W	0.80723
3085	YJL007C	0.80721
3086	YDR172W	0.80721
3087	YDR003W	0.80719
3088	YPL063W	0.80716
3089	YDR083W	0.80708
3090	YMR128W	0.80707
3091	YOR382W	0.80703
3092	YLL026W	0.80702
3093	YPL163C	0.80695
3094	YEL055C	0.80694
3095	YAL056W	0.80692
3096	YLR286W-A	0.8069
3097	YER036C	0.80688
3098	YNL273W	0.80677
3099	YOR009W	0.80676
3100	YPL115C	0.80672
3101	YKR030W	0.8067
3102	YDR276C	0.8066
3103	YPL004C	0.8066
3104	YFL018C	0.80656
3105	YML002W	0.80653
3106	YOL095C	0.80653
3107	YOL135C	0.8065
3108	YPR022C	0.80643
3109	YDL142C	0.80641
3110	YCR071C	0.8064
3111	YOL093W	0.80639
3112	YGR047C	0.80638
3113	YHR085W	0.80637
3114	YHR015W	0.80631
3115	YNL182C	0.80622
3116	YGL098W	0.80621
3117	YNL261W	0.8062
3118	YKL188C	0.80612
3119	YEL003W	0.80608
3120	YNL258C	0.80607
3121	YGR062C	0.80606
3122	YKL026C	0.80604
3123	YDR180W	0.80594
3124	YMR097C	0.80593
3125	Q0110	0.80591
3126	YLR335W	0.8059
3127	YCR091W	0.8059
3128	YOR017W	0.80589
3129	YML101C	0.80587
3130	YOR191W	0.80586
3131	YMR251W	0.8058
3132	YOR125C	0.80577
3133	YLR417W	0.80577
3134	YNL260C	0.80574
3135	YBL079W	0.80573
3136	YMR222C	0.80572
3137	YNL216W	0.80572
3138	YDR213W	0.80572
3139	YMR129W	0.80568
3140	YLR233C	0.80568
3141	YGR108W	0.80567
3142	YIL056W	0.8056
3143	YER107C	0.8056
3144	YDR244W	0.80559
3145	YDR262W	0.80557
3146	YGR038W	0.80557
3147	YOR065W	0.80556
3148	YPL069C	0.80555
3149	YML094W	0.80554
3150	YML104C	0.80554
3151	YKL072W	0.8055
3152	YDR041W	0.80547
3153	YLR293C	0.80547
3154	YML060W	0.80545
3155	YOR145C	0.80541
3156	YNL080C	0.8054
3157	YPL093W	0.80539
3158	YPL106C	0.80538
3159	YLR390W-A	0.8053
3160	YDR174W	0.8053
3161	YER103W	0.80529
3162	YDR032C	0.80528
3163	YDL117W	0.80523
3164	YOR036W	0.80521
3165	YMR125W	0.80512
3166	YLL038C	0.8051
3167	YIL038C	0.80508
3168	YJL010C	0.80507
3169	YOR159C	0.80502
3170	YGR068C	0.80502
3171	YMR233W	0.80499
3172	YDL114W	0.80498
3173	YGL216W	0.8049
3174	YLR194C	0.80489
3175	YDL226C	0.80484
3176	YGL068W	0.80482
3177	YER114C	0.80482
3178	YCL016C	0.80482
3179	YGR106C	0.80481
3180	YGL043W	0.80481
3181	YHL014C	0.80481
3182	YBR290W	0.80472
3183	YNL253W	0.80471
3184	YJL072C	0.8047
3185	YDR150W	0.80468
3186	YER024W	0.80463
3187	YJR119C	0.80457
3188	YKL053C-A	0.80453
3189	YHR171W	0.80453
3190	YJR019C	0.80442
3191	YMR049C	0.80441
3192	YKL013C	0.80438
3193	YBR284W	0.80436
3194	YOR232W	0.80433
3195	YPR042C	0.80432
3196	YDR147W	0.8043
3197	YDR520C	0.80424
3198	YKL012W	0.80423
3199	YLR234W	0.80423
3200	YML049C	0.8042
3201	YIL021W	0.80417
3202	YOR205C	0.80414
3203	YIL115C	0.80413
3204	YKR082W	0.80409
3205	YOR069W	0.80403
3206	YDR534C	0.80403
3207	YNL271C	0.80398
3208	YKL121W	0.80396
3209	YPR178W	0.80393
3210	YGL016W	0.80392
3211	YBL095W	0.80389
3212	YJR074W	0.80387
3213	YNR073C	0.80387
3214	YEL070W	0.80387
3215	YLR087C	0.80385
3216	YJL025W	0.80383
3217	YJL071W	0.80381
3218	YHL030W	0.8038
3219	YKR062W	0.80376
3220	YER174C	0.80376
3221	YOR206W	0.80374
3222	YLR406C-A	0.80373
3223	YDL202W	0.80373
3224	YPR037C	0.80371
3225	YJL153C	0.80369
3226	YOL006C	0.80367
3227	YHR188C	0.80361
3228	YDR311W	0.80359
3229	YGL078C	0.80359
3230	YGR207C	0.80358
3231	YMR201C	0.80356
3232	YMR325W	0.80356
3233	YDL218W	0.80351
3234	YKL080W	0.80344
3235	YOR188W	0.80343
3236	YLR206W	0.8034
3237	YDR301W	0.80336
3238	YBL013W	0.80336
3239	YPR108W-A	0.80335
3240	YLR332W	0.80332
3241	YOL107W	0.80332
3242	YJL197C-A	0.80327
3243	YLR132C	0.80326
3244	YNL158W	0.80324
3245	YER138W-A	0.80316
3246	YNR039C	0.8031
3247	YCL035C	0.803
3248	YOR093C	0.80297
3249	YOL033W	0.80295
3250	YNL257C	0.80293
3251	YOR371C	0.80292
3252	YPL009C	0.80291
3253	YGL228W	0.80291
3254	YER071C	0.80289
3255	YNR038W	0.80288
3256	YGL085W	0.80286
3257	YKL028W	0.80283
3258	YGR078C	0.80283
3259	YKL142W	0.80281
3260	YJL173C	0.80279
3261	YKR044W	0.80279
3262	YKL134C	0.80279
3263	YNL248C	0.80277
3264	YPL026C	0.80276
3265	YOL018C	0.80275
3266	YKL224C	0.80274
3267	YJL179W	0.80274
3268	YNR028W	0.80273
3269	YBR058C-A	0.8027
3270	YDR171W	0.80269
3271	YOR290C	0.80268
3272	YHL024W	0.80266
3273	YPR055W	0.80264
3274	YPR154W	0.80259
3275	YEL051W	0.80258
3276	YLL024C	0.80258
3277	YER042W	0.80256
3278	YGR243W	0.80255
3279	YIR041W	0.80255
3280	YGL038C	0.80252
3281	YGL063W	0.80252
3282	YAL020C	0.80248
3283	YGL106W	0.80248
3284	YCR077C	0.80246
3285	YOR213C	0.80242
3286	YOR302W	0.80238
3287	YCL057W	0.80236
3288	YOR288C	0.80232
3289	YER146W	0.80229
3290	YMR209C	0.80227
3291	YMR067C	0.80224
3292	YDR178W	0.80213
3293	YHR073C-B	0.8021
3294	YHR063W-A	0.80209
3295	YBR143C	0.80204
3296	YLR166C	0.80204
3297	YDL156W	0.80199
3298	YGR162W	0.80193
3299	YOR387C	0.80192
3300	YIL079C	0.80189
3301	YNL201C	0.80183
3302	YCL021W	0.80183
3303	YBL058W	0.80177
3304	YAL042C-A	0.80175
3305	YGR046W	0.80175
3306	YER154W	0.80174
3307	YGL236C	0.80172
3308	YHR041C	0.80172
3309	YGL122C	0.80171
3310	YNL239W	0.80168
3311	YOR227W	0.80167
3312	YMR069W	0.80167
3313	YJR042W	0.80165
3314	YOL108C	0.80164
3315	YNL220W	0.80162
3316	YDR190C	0.80154
3317	YIL041W	0.80153
3318	YDR194C	0.80152
3319	YHR192W	0.80149
3320	YEL007W	0.80148
3321	YDR060W	0.80147
3322	YHR090C	0.80146
3323	YJR135W-A	0.80144
3324	YAL047W-A	0.80143
3325	YFR026C	0.80141
3326	YOR119C	0.80136
3327	YDR376W	0.80132
3328	YMR269W	0.80131
3329	YGR006W	0.80131
3330	YMR131C	0.80131
3331	YIR005W	0.8013
3332	YGL116W	0.80125
3333	YMR156C	0.80124
3334	YBR005W	0.80124
3335	YFR012W	0.80122
3336	YGR156W	0.80119
3337	YML088W	0.80118
3338	YHR034C	0.80105
3339	YFL020C	0.80105
3340	YOL088C	0.80102
3341	YGR227W	0.801
3342	YOL159C	0.80099
3343	YNL250W	0.80088
3344	YBL107W-A	0.80087
3345	YGR033C	0.80084
3346	YLR037C	0.80083
3347	YCL058C	0.80082
3348	YPL020C	0.80077
3349	YOR201C	0.80076
3350	YNL029C	0.80074
3351	YJL159W	0.80073
3352	YDR323C	0.80062
3353	YFL002C	0.80056
3354	YPL083C	0.80056
3355	YBR276C	0.80054
3356	YCL049C	0.80052
3357	YPL059W	0.80049
3358	YNL292W	0.80046
3359	YLR096W	0.80046
3360	YDR027C	0.80042
3361	YGR122W	0.80036
3362	YLR218C	0.80028
3363	YOR010C	0.80026
3364	YAL014C	0.80025
3365	Q0115	0.80024
3366	YCL052C	0.80023
3367	YGR283C	0.80022
3368	YOR139C	0.80021
3369	YOR305W	0.80019
3370	YBL077W	0.80017
3371	YPR141C	0.80015
3372	YOR143C	0.80012
3373	YDL087C	0.8001
3374	YKL207W	0.80006
3375	YGL137W	0.80006
3376	YPR155C	0.80004
3377	YJL194W	0.80004
3378	YGL247W	0.79997
3379	YOL076W	0.79992
3380	YGR122C-A	0.79992
3381	YNR006W	0.79991
3382	YDL105W	0.79985
3383	YMR237W	0.7998
3384	YLR314C	0.79979
3385	YDR256C	0.79978
3386	YDL149W	0.79976
3387	YHR011W	0.79974
3388	YCL076W	0.79967
3389	YKL057C	0.79965
3390	YLR097C	0.79964
3391	YIL102C	0.79962
3392	YHL010C	0.79959
3393	YML055W	0.79957
3394	YBL047C	0.79952
3395	YDR026C	0.79951
3396	YLL018C-A	0.79948
3397	YLR176C	0.79946
3398	YDL116W	0.79941
3399	YPR199C	0.79941
3400	YDR363W	0.79938
3401	YLR187W	0.79936
3402	YLL035W	0.79931
3403	YML013W	0.7993
3404	YHR197W	0.79928
3405	YER008C	0.79927
3406	YFR045W	0.7992
3407	YER074W-A	0.7992
3408	YMR211W	0.79912
3409	YPL024W	0.79912
3410	YOL022C	0.79912
3411	YHR214C-C	0.7991
3412	YPR031W	0.7991
3413	YNL035C	0.79908
3414	YGR109W-A	0.79891
3415	YOL123W	0.79891
3416	YLR275W	0.7989
3417	YHR116W	0.7989
3418	YBL099W	0.79889
3419	YGL134W	0.79887
3420	YGR225W	0.79883
3421	YML032C	0.79877
3422	YOR320C	0.79867
3423	YJR090C	0.79865
3424	YDL185W	0.79861
3425	YGR178C	0.79859
3426	YDR071C	0.79852
3427	YNL077W	0.7985
3428	YKL106W	0.7985
3429	YGR203W	0.79848
3430	YPL149W	0.79846
3431	YAR053W	0.79844
3432	YKL066W	0.79842
3433	YBR212W	0.79842
3434	YDR045C	0.7984
3435	YLR007W	0.79839
3436	YML046W	0.79839
3437	YLR002C	0.79836
3438	YBL029W	0.79833
3439	YBR267W	0.79829
3440	YOR253W	0.79827
3441	YGR154C	0.79827
3442	YJR071W	0.79824
3443	YIL082W	0.79823
3444	YGR057C	0.79817
3445	YJR022W	0.79812
3446	YOR238W	0.79807
3447	YMR274C	0.79803
3448	YDR470C	0.79798
3449	YDL113C	0.79798
3450	YGR058W	0.79797
3451	YDR081C	0.79794
3452	YMR309C	0.79793
3453	YGR017W	0.79792
3454	YGL254W	0.79791
3455	YDR432W	0.79791
3456	YPR085C	0.7979
3457	YLR459W	0.79788
3458	YHR071W	0.79786
3459	YPR045C	0.79783
3460	YAL017W	0.79782
3461	YBR105C	0.7978
3462	YPL155C	0.79778
3463	YGL142C	0.79777
3464	YNL303W	0.79774
3465	YGR068W-A	0.79769
3466	YNL055C	0.79769
3467	YLL011W	0.79761
3468	YMR122W-A	0.79761
3469	YDR137W	0.79754
3470	YPR052C	0.79746
3471	YIL049W	0.79745
3472	YMR225C	0.79742
3473	YKL055C	0.7974
3474	YOL147C	0.79739
3475	YGR104C	0.79736
3476	YLL016W	0.7973
3477	YFL022C	0.79725
3478	YDL045C	0.79723
3479	YOR319W	0.79722
3480	YJR146W	0.79716
3481	YGL110C	0.79715
3482	YOR249C	0.79705
3483	YOR122C	0.79702
3484	YDL084W	0.79701
3485	YPR139C	0.79698
3486	YOR242C	0.79692
3487	YER011W	0.79692
3488	YHR191C	0.79691
3489	YHL021C	0.79689
3490	YKR098C	0.79686
3491	YLL025W	0.79683
3492	YNL259C	0.79682
3493	YLR287C	0.79672
3494	YMR026C	0.7967
3495	YIL150C	0.7967
3496	YNR018W	0.79665
3497	YHL022C	0.7966
3498	YOR056C	0.79658
3499	YJR062C	0.79657
3500	YBL073W	0.79649
3501	YJR079W	0.79649
3502	YJL039C	0.79629
3503	YDR101C	0.79629
3504	YGL183C	0.79626
3505	YGL099W	0.79621
3506	YNL135C	0.79621
3507	YHR004C	0.79616
3508	YMR229C	0.79611
3509	YPR072W	0.79608
3510	YPL222W	0.79606
3511	YDR188W	0.79604
3512	YOL003C	0.79603
3513	YIL104C	0.79601
3514	YLR171W	0.796
3515	YOL077C	0.79595
3516	YMR287C	0.79591
3517	YNL175C	0.79589
3518	YGR073C	0.79589
3519	YCL066W	0.79586
3520	YCR040W	0.79586
3521	YJR151W-A	0.79585
3522	Q0075	0.79584
3523	YDL112W	0.79583
3524	YFR016C	0.79578
3525	YPL210C	0.79574
3526	YOR033C	0.79571
3527	YDR365W-B	0.79567
3528	YDR267C	0.79561
3529	YHR109W	0.79558
3530	YLL017W	0.79552
3531	YML016C	0.79552
3532	YKL169C	0.79549
3533	YGL211W	0.79548
3534	YOR012W	0.79544
3535	YDL162C	0.79543
3536	YGL146C	0.79542
3537	YDL026W	0.79541
3538	YHR143W	0.7954
3539	YHR088W	0.79536
3540	YLR364W	0.79533
3541	YLR200W	0.79533
3542	YER068W	0.79527
3543	YGR166W	0.79527
3544	YGL233W	0.79525
3545	YLR379W	0.79524
3546	YBL014C	0.79515
3547	YHR155W	0.79514
3548	YLR191W	0.79507
3549	YPL150W	0.79507
3550	YBR204C	0.79506
3551	YHR101C	0.79506
3552	YMR047C	0.79503
3553	YOR251C	0.79502
3554	YNR031C	0.79492
3555	YDR246W	0.79491
3556	YKL005C	0.79485
3557	YBR129C	0.79484
3558	YBR102C	0.79472
3559	YOL111C	0.79465
3560	YOR051C	0.79464
3561	YNL221C	0.79462
3562	YBL070C	0.79459
3563	YJR110W	0.79457
3564	YJR038C	0.79455
3565	YLR329W	0.79453
3566	YNL126W	0.79452
3567	YIL087C	0.7945
3568	YDR315C	0.79449
3569	YBL033C	0.79448
3570	YGL131C	0.79441
3571	YLR025W	0.79435
3572	YBR026C	0.79434
3573	YKR004C	0.79429
3574	YBR144C	0.79427
3575	YOR215C	0.79426
3576	YDR453C	0.79423
3577	YPR152C	0.79423
3578	YJL029C	0.79422
3579	YLR256W-B/YLR256W-C	0.7942
3580	YDL003W	0.79419
3581	YER093C	0.79414
3582	YLL032C	0.79413
3583	YNR023W	0.7941
3584	YLR312W-A	0.79409
3585	YBR146W	0.79405
3586	YHR102W	0.79403
3587	YBR191W-A	0.79403
3588	YMR180C	0.79403
3589	YJL084C	0.79401
3590	YNL073W	0.79401
3591	YOL103W-B	0.79398
3592	YJL203W	0.79398
3593	YPL064C	0.79397
3594	YOL166C	0.79395
3595	YLL020C	0.79394
3596	YMR263W	0.79389
3597	YLR278C	0.79388
3598	YPL038W	0.79388
3599	YGR173W	0.79387
3600	YHR214C-B	0.79385
3601	YNL131W	0.79385
3602	YOR281C	0.79384
3603	YPR133C	0.79384
3604	YGR193C	0.79384
3605	YER047C	0.79382
3606	YPL257W-B	0.79382
3607	YER138C	0.7938
3608	YDL114W-A	0.79376
3609	YGR145W	0.79371
3610	YLR250W	0.7937
3611	YGR038C-B	0.79362
3612	YOR075W	0.79361
3613	YFR056C	0.7936
3614	YLR157C-B	0.79357
3615	YER150W	0.79356
3616	YML045W	0.79351
3617	YJL047C	0.79348
3618	YLR022C	0.79347
3619	YOR338W	0.79346
3620	YPR150W	0.79346
3621	YER145C-A	0.79343
3622	YKL083W	0.79338
3623	YMR258C	0.79337
3624	YAR009C	0.79336
3625	YDR359C	0.79333
3626	YCR093W	0.79332
3627	YLR038C	0.79332
3628	YPL263C	0.79327
3629	YBR252W	0.79321
3630	YLR449W	0.79316
3631	YFL016C	0.79306
3632	YDR098C-B	0.79306
3633	YNL324W	0.79304
3634	YDR316W	0.79302
3635	YDR077W	0.79301
3636	YGR103W	0.79299
3637	YOR337W	0.79299
3638	YDL043C	0.79299
3639	YDL209C	0.79298
3640	YJR027W	0.79296
3641	YKL032C	0.7929
3642	YML117W	0.79286
3643	YGR161C-D	0.79279
3644	YGL172W	0.79278
3645	YER087W	0.79278
3646	YJL043W	0.79277
3647	YMR254C	0.79275
3648	YGL212W	0.79275
3649	YLR269C	0.79274
3650	YHR006W	0.79268
3651	YMR065W	0.79263
3652	YLL013C	0.79263
3653	YJR136C	0.79261
3654	YMR021C	0.7926
3655	YNL300W	0.79252
3656	YGR204W	0.79251
3657	YPR158C-D	0.79245
3658	YDR335W	0.79244
3659	YDR116C	0.79242
3660	YBL060W	0.79237
3661	YPL182C	0.79237
3662	YLR177W	0.79233
3663	YLR199C	0.79232
3664	YIR021W	0.79229
3665	YKR099W	0.79228
3666	YPR030W	0.79222
3667	YML039W	0.7922
3668	YIL022W	0.79218
3669	YGL041C-B	0.79217
3670	YGL153W	0.79211
3671	YNR053C	0.79208
3672	YGR259C	0.79208
3673	YOR289W	0.79207
3674	YDR316W-B	0.79206
3675	YDR279W	0.79205
3676	YPR137C-B	0.792
3677	YLR356W	0.79197
3678	YOR142W-B	0.79195
3679	YDR437W	0.79193
3680	YER118C	0.79193
3681	YML095C	0.79188
3682	YGR011W	0.79186
3683	YER184C	0.79186
3684	R0010W	0.79181
3685	YGR112W	0.79176
3686	YLR227W-B	0.79173
3687	YFR032C	0.79172
3688	YDR261C-D	0.79172
3689	YBR027C	0.79168
3690	YKL025C	0.79168
3691	YGL019W	0.79168
3692	YOL087C	0.79167
3693	YNL240C	0.79161
3694	YJL201W	0.79155
3695	YBL085W	0.79152
3696	YHL019C	0.79148
3697	YNL064C	0.79148
3698	YDL091C	0.79148
3699	YDR229W	0.79143
3700	YNL139C	0.79142
3701	YLR039C	0.79137
3702	YKL079W	0.79136
3703	YKL206C	0.79136
3704	YCL054W	0.7913
3705	YGR042W	0.79128
3706	YBR012W-B	0.79128
3707	YBL074C	0.79125
3708	YGR009C	0.79124
3709	YNR034W-A	0.79123
3710	YMR161W	0.79123
3711	YJR029W	0.79122
3712	YDR414C	0.79122
3713	YMR137C	0.79117
3714	YGL195W	0.79114
3715	YDR320C	0.7911
3716	YPL278C	0.79107
3717	YDR210C-D	0.79089
3718	YIL068W-A	0.79087
3719	YJL061W	0.79086
3720	YNL262W	0.79084
3721	YHR199C	0.79083
3722	YMR050C	0.79083
3723	YGR027W-B	0.7908
3724	YPR169W	0.79075
3725	YIL029C	0.7907
3726	YOR336W	0.79068
3727	YNL009W	0.79067
3728	YPR158W-B	0.79066
3729	YJL009W	0.79065
3730	YNL183C	0.79063
3731	YLR198C	0.79062
3732	YGL060W	0.79059
3733	YLR238W	0.79049
3734	YKR048C	0.79048
3735	YLR301W	0.79041
3736	YPL138C	0.7904
3737	YLR071C	0.79039
3738	YLL007C	0.79038
3739	YLR104W	0.79035
3740	YJR039W	0.79031
3741	YOR041C	0.79031
3742	YHR081W	0.79026
3743	YAL044C	0.7902
3744	YLR021W	0.79017
3745	YMR192W	0.79016
3746	YBL080C	0.79015
3747	YKL150W	0.79011
3748	YMR175W-A	0.79011
3749	YOR127W	0.79007
3750	YEL076C-A	0.79006
3751	YLR464W	0.79006
3752	YDR221W	0.79006
3753	YDR108W	0.79004
3754	YDR527W	0.79
3755	YOR085W	0.78999
3756	YGR144W	0.78996
3757	YFR037C	0.78996
3758	YKL060C	0.78996
3759	YEL053C	0.78993
3760	YIL014C-A	0.78992
3761	YPL041C	0.78988
3762	YER120W	0.78986
3763	YNL051W	0.78986
3764	YDR502C	0.78982
3765	YLR399W-A	0.78978
3766	YDR416W	0.78976
3767	YDR237W	0.78974
3768	YHR217C	0.78973
3769	YMR157C	0.78972
3770	YGR091W	0.78972
3771	YBR067C	0.78972
3772	YOR015W	0.78965
3773	YJL120W	0.78964
3774	YPR089W	0.78964
3775	YHR198C	0.78963
3776	YDR049W	0.78962
3777	YAL035W	0.7896
3778	YDL157C	0.78959
3779	YPR036W	0.78955
3780	YJL104W	0.78955
3781	YNL011C	0.78955
3782	YFR029W	0.78955
3783	YDR089W	0.78954
3784	YDR086C	0.78949
3785	YKL179C	0.78948
3786	YIL060W	0.78947
3787	YDL145C	0.78944
3788	YMR283C	0.78944
3789	YMR310C	0.7894
3790	YLR148W	0.7894
3791	YDR504C	0.78934
3792	YER160C	0.78931
3793	YCL057C-A	0.78931
3794	YDR159W	0.7893
3795	YGR233C	0.78929
3796	YLR149C	0.78924
3797	YLR346C	0.78922
3798	YPL237W	0.7892
3799	YLR247C	0.78919
3800	YIL024C	0.78919
3801	YOR037W	0.78919
3802	YOL136C	0.78918
3803	YLR124W	0.78916
3804	YOR293W	0.78915
3805	YMR140W	0.78909
3806	YGL132W	0.78908
3807	YCL014W	0.78902
3808	YNR005C	0.78901
3809	YLR035C-A	0.789
3810	YPL185W	0.78898
3811	YBR217W	0.78897
3812	YNR021W	0.78896
3813	YDR034C-A	0.78894
3814	YBR206W	0.78891
3815	YGR069W	0.7889
3816	YIL156W	0.78889
3817	YMR185W	0.78887
3818	YIL026C	0.78886
3819	YLR169W	0.78884
3820	YMR230W	0.78882
3821	YNL234W	0.78878
3822	YEL076C	0.78876
3823	YHL013C	0.78871
3824	YOR346W	0.78868
3825	YDL068W	0.78866
3826	YPL228W	0.7886
3827	YER128W	0.78859
3828	YOL063C	0.78853
3829	YDL060W	0.78851
3830	YDR489W	0.78849
3831	YKL067W	0.78848
3832	YPL067C	0.78843
3833	YFL023W	0.7884
3834	YPL132W	0.78839
3835	YIR001C	0.78838
3836	YDL051W	0.78838
3837	YLR276C	0.78832
3838	YBL084C	0.78831
3839	YMR044W	0.78825
3840	YGL192W	0.78823
3841	YOR029W	0.78823
3842	YML076C	0.78815
3843	YNR068C	0.78815
3844	YGR088W	0.78814
3845	YGL041C	0.78814
3846	YPL242C	0.78812
3847	YNL054W-B	0.78809
3848	YKL115C	0.78809
3849	YDR183C-A	0.78809
3850	YER014C-A	0.78808
3851	YDR056C	0.78804
3852	YIL096C	0.78804
3853	YBL005W-B	0.78802
3854	YJL204C	0.78802
3855	YDL030W	0.78798
3856	YDL077C	0.78795
3857	YGL111W	0.78793
3858	YNL019C	0.78787
3859	YMR029C	0.78785
3860	YGR228W	0.78777
3861	YPR099C	0.78774
3862	YBR039W	0.78772
3863	YOL035C	0.78772
3864	YMR133W	0.78772
3865	YGL007C-A	0.7877
3866	YMR106C	0.78769
3867	YLR228C	0.78769
3868	YPL098C	0.78768
3869	YBR065C	0.78767
3870	YPR018W	0.78766
3871	YPR071W	0.78765
3872	YBR077C	0.78762
3873	YHL049C	0.78762
3874	YLR392C	0.78751
3875	YNL284C-B	0.7875
3876	YOR200W	0.78748
3877	YDR183W	0.78747
3878	YOR043W	0.78746
3879	YJR150C	0.78746
3880	YAL041W	0.78745
3881	YLL040C	0.78727
3882	YGL187C	0.78722
3883	YKL002W	0.7871
3884	YGL159W	0.78709
3885	YGR171C	0.78707
3886	YJR122W	0.78705
3887	YMR045C	0.78704
3888	YER078W-A	0.787
3889	YCR032W	0.787
3890	YPR168W	0.78693
3891	YDR286C	0.78689
3892	YHR089C	0.78688
3893	YGL215W	0.78688
3894	YCL048W-A	0.78688
3895	YGR045C	0.78687
3896	YJL157C	0.78685
3897	YDR507C	0.78682
3898	YMR190C	0.78677
3899	YNL089C	0.78663
3900	YPL241C	0.7866
3901	YDR002W	0.78659
3902	YHL015W	0.78659
3903	YER041W	0.78656
3904	YMR091C	0.78653
3905	YGL168W	0.78652
3906	YJL011C	0.78646
3907	YKR036C	0.78644
3908	YPR016W-A	0.7864
3909	YHR125W	0.78639
3910	YJR140C	0.78639
3911	YDR290W	0.78638
3912	YGL124C	0.78636
3913	YNL127W	0.78635
3914	YCR095C	0.78635
3915	YPL252C	0.78634
3916	YLR174W	0.78626
3917	YML071C	0.78623
3918	YDR121W	0.78616
3919	YDR426C	0.78616
3920	YHR051W	0.78615
3921	YGR234W	0.78613
3922	YLR350W	0.78612
3923	YGL127C	0.7861
3924	YOR024W	0.78608
3925	YOL102C	0.786
3926	YPR097W	0.78598
3927	YEL010W	0.78593
3928	YER023C-A	0.78591
3929	YJL077C	0.78591
3930	YJL123C	0.78591
3931	YHR131W-A	0.78588
3932	YPR112C	0.78587
3933	YMR005W	0.78586
3934	YHR172W	0.78583
3935	YJL112W	0.78582
3936	YEL020C-B	0.78582
3937	YNL026W	0.78581
3938	YGR182C	0.7858
3939	YBR251W	0.7858
3940	YDR226W	0.78578
3941	YBR195C	0.78577
3942	YDR544C	0.78576
3943	YDR204W	0.78573
3944	YHR049C-A	0.78563
3945	YDL066W	0.78559
3946	YPR148C	0.78559
3947	YLL008W	0.78557
3948	YGR258C	0.7855
3949	YMR298W	0.78546
3950	YJL016W	0.78542
3951	YDR449C	0.78536
3952	YHR154W	0.78534
3953	YNL297C	0.78532
3954	YPR177C	0.78527
3955	YCR088W	0.78525
3956	YDR495C	0.78523
3957	YBL004W	0.78523
3958	YDL106C	0.78523
3959	YHR005C-A	0.78514
3960	YBR133C	0.78514
3961	YIR017C	0.78513
3962	YPR063C	0.78512
3963	YIL072W	0.78512
3964	YGR082W	0.78511
3965	YNL033W	0.78507
3966	YPL114W	0.78502
3967	YNL173C	0.78501
3968	YEL009C	0.78495
3969	YJL099W	0.78493
3970	YLR202C	0.78489
3971	YCR024C	0.78488
3972	YGR116W	0.78485
3973	YML011C	0.78482
3974	YKL136W	0.78482
3975	YDL014W	0.7848
3976	YLR396C	0.78477
3977	YPR075C	0.78475
3978	YPR106W	0.78474
3979	YBR098W	0.78474
3980	YLL006W-A	0.78473
3981	YML074C	0.78473
3982	YNL304W	0.78473
3983	YOL078W	0.78471
3984	YGR159C	0.78468
3985	YHR040W	0.78467
3986	YBR044C	0.78464
3987	YIR030C	0.78462
3988	YBR142W	0.78459
3989	YIR021W-A	0.78458
3990	YDR460W	0.78444
3991	YPL126W	0.78443
3992	YLR006C	0.78439
3993	YHR105W	0.78438
3994	YKL192C	0.78436
3995	YLR336C	0.78435
3996	YMR115W	0.78424
3997	YMR172C-A	0.78424
3998	YDL160C-A	0.78419
3999	YNR063W	0.78417
4000	YLR422W	0.7841
4001	YNL156C	0.78406
4002	YJR055W	0.78404
4003	YBR091C	0.78399
4004	YBR064W	0.78397
4005	YHR147C	0.78391
4006	YNL170W	0.78391
4007	YPR009W	0.7839
4008	YPL144W	0.7839
4009	YJL065C	0.78389
4010	YCL012C	0.78388
4011	YLL005C	0.78388
4012	YFR023W	0.78386
4013	YMR002W	0.78381
4014	YHR214C-D	0.78379
4015	YAR069C	0.78379
4016	YBR226C	0.78374
4017	YOL164W-A	0.78372
4018	YJL202C	0.78369
4019	YCR015C	0.78367
4020	YDR307W	0.78366
4021	YDL048C	0.78365
4022	YLR232W	0.78365
4023	YNL224C	0.78357
4024	YDR347W	0.78356
4025	YMR244C-A	0.78353
4026	YOR064C	0.78351
4027	YBL051C	0.7835
4028	YDR141C	0.78347
4029	YER068C-A	0.78343
4030	YJR102C	0.78342
4031	YCR076C	0.78338
4032	YLR180W	0.78337
4033	YIL105W-A	0.78337
4034	YER169W	0.78334
4035	YDR182W-A	0.78334
4036	YOR133W	0.78331
4037	YML047W-A	0.78327
4038	YKL088W	0.78326
4039	YOR282W	0.78326
4040	YGR219W	0.78325
4041	YDR334W	0.78319
4042	YOR194C	0.78315
4043	YPR067W	0.78311
4044	YKL137W	0.78309
4045	YKL068W	0.78309
4046	YGL217C	0.78307
4047	YEL061C	0.78303
4048	YOR060C	0.78303
4049	YOR228C	0.78301
4050	YLL019C	0.78296
4051	YKR027W	0.78288
4052	YCR086W	0.78282
4053	YOL026C	0.7828
4054	YMR061W	0.78279
4055	YHL009C	0.78273
4056	YMR276W	0.78271
4057	YPR158C-C	0.78271
4058	YDL216C	0.7827
4059	YOL012C	0.78266
4060	YKL095W	0.78265
4061	YPR125W	0.78264
4062	YER137W-A	0.78263
4063	YML084W	0.78261
4064	YOR106W	0.78261
4065	YMR012W	0.78258
4066	YOL103W-A	0.78255
4067	YGL080W	0.78252
4068	YOL054W	0.78246
4069	YGR184C	0.78244
4070	YLR311C	0.78237
4071	YPR057W	0.78236
4072	YIL044C	0.78236
4073	YDR496C	0.78236
4074	YKL036C	0.78233
4075	YDR124W	0.78228
4076	YLR159W	0.78227
4077	YLR156W	0.78227
4078	YLR161W	0.78227
4079	YER046W	0.78226
4080	YGL133W	0.78223
4081	YBR004C	0.78223
4082	YDL208W	0.78221
4083	YER082C	0.78221
4084	YGR146C-A	0.7822
4085	YGR235C	0.78218
4086	YLR101C	0.78215
4087	YDR261C-C	0.78214
4088	YLR142W	0.78212
4089	YBL071C	0.78212
4090	YJL187C	0.78211
4091	YPL105C	0.78207
4092	YMR182C	0.78206
4093	YOR263C	0.78204
4094	YOL166W-A	0.78204
4095	YDR057W	0.78197
4096	YCR028C-A	0.78195
4097	YGR237C	0.78191
4098	YGL024W	0.78188
4099	YLR403W	0.78188
4100	YBR025C	0.78187
4101	YNL193W	0.78187
4102	YKL089W	0.78186
4103	YOR008C-A	0.78184
4104	YKR092C	0.78182
4105	YPR122W	0.78181
4106	YCL056C	0.78179
4107	YPL256C	0.78176
4108	YKL045W	0.78175
4109	YPR129W	0.78175
4110	YKL038W	0.78174
4111	YOR080W	0.78172
4112	YJL070C	0.78168
4113	YBR163W	0.78166
4114	YKL186C	0.78164
4115	YPL211W	0.78161
4116	YBR111W-A	0.7816
4117	YDR125C	0.78157
4118	YDL183C	0.78156
4119	YNL282W	0.78155
4120	YHR067W	0.78155
4121	YGR270W	0.78145
4122	YGR293C	0.78144
4123	YAL069W	0.78143
4124	YDR228C	0.78142
4125	YIL011W	0.78139
4126	YJR023C	0.78139
4127	YLR015W	0.78139
4128	YDR112W	0.78138
4129	YHL005C	0.78136
4130	YOR269W	0.78136
4131	YOR329C	0.78135
4132	YFR042W	0.78133
4133	YLR197W	0.78132
4134	YGL227W	0.78129
4135	YML045W-A	0.78128
4136	YKL104W-A	0.78126
4137	YHR148W	0.78126
4138	YDR295C	0.78119
4139	YLR128W	0.78116
4140	YKR090W	0.78113
4141	YMR046W-A	0.78111
4142	YDR253C	0.78109
4143	YAL067W-A	0.78104
4144	YBR150C	0.781
4145	YKL155C	0.78097
4146	YCL042W	0.78095
4147	YKL030W	0.78095
4148	YER095W	0.78094
4149	YGL199C	0.78093
4150	YBR168W	0.78092
4151	YIR036W-A	0.7809
4152	YNL184C	0.78089
4153	YKR073C	0.78088
4154	YMR193C-A	0.78086
4155	YPR109W	0.78086
4156	YHR170W	0.78084
4157	YPR027C	0.78082
4158	YDR197W	0.78077
4159	YLR157C-A	0.78068
4160	YDR365W-A	0.78068
4161	YPL257W-A	0.78068
4162	YER137C-A	0.78068
4163	YDR308C	0.78065
4164	YJL092W	0.78064
4165	YMR019W	0.78058
4166	YDR340W	0.78049
4167	YBR012W-A	0.78049
4168	YGR202C	0.78047
4169	YLR466C-B	0.78046
4170	YKL205W	0.78045
4171	YOR260W	0.78038
4172	YPL048W	0.78035
4173	YCL024W	0.78033
4174	YJR059W	0.78032
4175	YJL032W	0.78031
4176	YER135C	0.7803
4177	YBL045C	0.78024
4178	YGL197W	0.78018
4179	YLR402W	0.78017
4180	YNR040W	0.78014
4181	YKL110C	0.7801
4182	YIL029W-A	0.78007
4183	YDR157W	0.78006
4184	YGL226C-A	0.78005
4185	YHR083W	0.78005
4186	YLR040C	0.78004
4187	YDR104C	0.78004
4188	YPL016W	0.78004
4189	YGR074W	0.78003
4190	YLR024C	0.77999
4191	YCL043C	0.77999
4192	YDR168W	0.77999
4193	YMR023C	0.77998
4194	YDR278C	0.77996
4195	YDR192C	0.77994
4196	YGL013C	0.77993
4197	YOR230W	0.77992
4198	YIR037W	0.77988
4199	YBR193C	0.77988
4200	YOL005C	0.77986
4201	YMR307C-A	0.77983
4202	YNR003W-A	0.77981
4203	YGR198W	0.77979
4204	YJL067W	0.77979
4205	YHR175W-A	0.77977
4206	YDR098C-A	0.77975
4207	YOL051W	0.77974
4208	YLR400W	0.77973
4209	YIR040C	0.77971
4210	YOR355W	0.77967
4211	YMR051C	0.77966
4212	YLR035C-B	0.77966
4213	YER159C-A	0.77966
4214	YGR161C-C	0.77966
4215	YDR316W-A	0.77966
4216	YIL132C	0.77964
4217	YDR273W	0.77964
4218	YIL141W	0.77963
4219	YBR116C	0.77958
4220	YBR239C	0.77957
4221	YMR070W	0.77951
4222	YMR119W	0.77949
4223	YDR524C-A	0.77947
4224	YMR247C	0.77942
4225	YLR256W-A	0.77941
4226	YDL022C-A	0.7794
4227	YKL160W	0.7793
4228	YAL013W	0.77926
4229	YLR242C	0.77924
4230	YJL109C	0.77913
4231	YNL103W-A	0.77912
4232	YBR216C	0.779
4233	YLL066W-B	0.77898
4234	YOL079W	0.77897
4235	YOR115C	0.77895
4236	YMR214W	0.77892
4237	YDR318W	0.77891
4238	YPR160C-A	0.77884
4239	YPR137C-A	0.77883
4240	YAR010C	0.77883
4241	YEL020W-A	0.77883
4242	YPR143W	0.77867
4243	YDR230W	0.77857
4244	YBR292C	0.77854
4245	YPR158W-A	0.77847
4246	YOR142W-A	0.77847
4247	YER029C	0.77846
4248	YDR008C	0.77844
4249	YLR310C	0.77841
4250	YML040W	0.7784
4251	YJR026W	0.7784
4252	YLR227W-A	0.7784
4253	YOL150C	0.77833
4254	YHR023W	0.77829
4255	YKR049C	0.77828
4256	YFR043C	0.77826
4257	YHR017W	0.77823
4258	YEL034W	0.77819
4259	YNL137C	0.77818
4260	YIL156W-B	0.77818
4261	YKL037W	0.77814
4262	YBL039C-A	0.77804
4263	YJR138W	0.77803
4264	YIL102C-A	0.77803
4265	YOL028C	0.778
4266	YML034C-A	0.77792
4267	YMR176W	0.77791
4268	YPL040C	0.7779
4269	YGR018C	0.77789
4270	YIL061C	0.77788
4271	YNL058C	0.77782
4272	YOL004W	0.77781
4273	YPR195C	0.77779
4274	YER083C	0.77777
4275	YKL118W	0.77777
4276	YBR244W	0.77772
4277	YLR098C	0.77771
4278	YNL204C	0.77769
4279	YLR292C	0.77768
4280	YPL161C	0.77766
4281	YFR013W	0.77766
4282	YPL034W	0.77762
4283	YLR010C	0.77761
4284	YPR093C	0.77759
4285	YDR220C	0.77759
4286	YMR182W-A	0.77759
4287	YJL210W	0.77751
4288	YOR293C-A	0.77751
4289	YDR187C	0.77749
4290	YDL092W	0.77742
4291	YGR254W	0.77742
4292	YOR310C	0.77739
4293	YLR157W-E	0.77739
4294	YBR119W	0.77739
4295	YDR455C	0.77735
4296	YPL181W	0.77733
4297	YDR535C	0.7773
4298	YNL150W	0.77724
4299	YEL018C-A	0.7772
4300	YJR157W	0.77719
4301	YOR174W	0.77717
4302	YHR212W-A	0.77717
4303	YAR061W	0.77717
4304	YDR210C-C	0.77717
4305	YMR039C	0.77717
4306	YDR484W	0.77716
4307	YMR293C	0.77715
4308	YJL013C	0.77715
4309	YCR047W-A	0.77714
4310	YKL117W	0.77712
4311	YLR317W	0.7771
4312	YNL310C	0.77705
4313	YOL100W	0.77702
4314	YML098W	0.77699
4315	YKR029C	0.77696
4316	YJR041C	0.77692
4317	YIL071C	0.77691
4318	YNL120C	0.7769
4319	YCR099C	0.77688
4320	YHL027W	0.77687
4321	YDR131C	0.77686
4322	YDR371C-A	0.77684
4323	YDR365C	0.77674
4324	YBR300C	0.77673
4325	YEL044W	0.77672
4326	YDR200C	0.77664
4327	YOL052C-A	0.77663
4328	YCR075W-A	0.77663
4329	YDR405W	0.77661
4330	YGR038C-A	0.77659
4331	YER053C-A	0.77656
4332	YDR199W	0.77656
4333	YBR079C	0.77651
4334	YGR220C	0.7765
4335	YGL018C	0.77644
4336	YLR145W	0.77644
4337	YMR290W-A	0.77641
4338	YER187W	0.77639
4339	YJR028W	0.77637
4340	YAL043C	0.77632
4341	YGR204C-A	0.77628
4342	YIL025C	0.77628
4343	YJR034W	0.77623
4344	YOR135C	0.77621
4345	YNL252C	0.77621
4346	YDL107W	0.77621
4347	YKL149C	0.7762
4348	YER173W	0.7762
4349	YBR178W	0.77615
4350	YBR278W	0.77612
4351	YNL039W	0.77612
4352	YOL089C	0.77608
4353	YML025C	0.77602
4354	YMR013W-A	0.77598
4355	YDR255C	0.77598
4356	YGL245W	0.77594
4357	YGL145W	0.7759
4358	YPL202C	0.77589
4359	YLR125W	0.77589
4360	YOR116C	0.77579
4361	YER006C-A	0.77578
4362	YDR233C	0.77576
4363	YGL088W	0.77568
4364	YIL171W-A	0.77565
4365	YJL220W	0.77565
4366	YBR089W	0.77562
4367	YER063W	0.7756
4368	YLR149C-A	0.7756
4369	YOR221C	0.77556
4370	YDR524C-B	0.77551
4371	YDR110W	0.77549
4372	YFR057W	0.77547
4373	YKL011C	0.77546
4374	YLR140W	0.77544
4375	YML107C	0.77539
4376	YDR281C	0.77537
4377	YKL081W	0.77535
4378	YLR095C	0.77535
4379	YFL010C	0.77534
4380	YPR117W	0.77534
4381	YOR098C	0.77534
4382	YKR075W-A	0.77533
4383	YGL150C	0.77532
4384	YDR366C	0.7753
4385	YOR058C	0.77528
4386	YHR180W-A	0.77528
4387	YKR008W	0.77525
4388	YMR264W	0.77519
4389	YPL156C	0.77516
4390	YHR035W	0.77516
4391	YKL183W	0.77514
4392	YOL013W-B	0.77507
4393	YDR052C	0.77506
4394	YBR255C-A	0.77506
4395	YLR358C	0.77505
4396	YIL054W	0.77504
4397	YCL026C-B	0.77503
4398	YMR116C	0.77498
4399	YJL015C	0.77492
4400	YKL092C	0.77491
4401	YPR202W	0.77491
4402	YIL115W-A	0.7749
4403	YDR303C	0.77478
4404	YCL019W	0.77477
4405	Q0017	0.77477
4406	YBR219C	0.77476
4407	YFL064C	0.77469
4408	YJL054W	0.77469
4409	YGR027W-A	0.77469
4410	YAL034W-A	0.77463
4411	YPR040W	0.77458
4412	YER046W-A	0.77456
4413	YPR012W	0.77454
4414	YKL176C	0.77452
4415	YMR013C-A	0.77451
4416	YAR029W	0.7745
4417	YLR428C	0.77448
4418	YGL136C	0.77446
4419	YKR032W	0.77445
4420	YHL034W-A	0.77444
4421	YJL086C	0.77442
4422	YMR100W	0.77442
4423	YMR030W-A	0.77441
4424	YPL044C	0.77439
4425	YNL172W	0.77437
4426	YDL170W	0.77434
4427	YNL174W	0.77434
4428	YGR031C-A	0.77433
4429	YDR005C	0.77431
4430	YPR146C	0.77421
4431	YLR393W	0.7742
4432	YDR152W	0.77414
4433	YPL257W	0.77414
4434	YDL211C	0.77411
4435	YER139C	0.77401
4436	YLR127C	0.77398
4437	YKR031C	0.77396
4438	YEL059C-A	0.77394
4439	YOR082C	0.77392
4440	YGR161W-B	0.77391
4441	YFL002W-A	0.77391
4442	YOR220W	0.7739
4443	YML031C-A	0.77388
4444	YJR112W	0.77387
4445	YKL162C	0.77383
4446	YJL105W	0.77381
4447	YNL179C	0.7738
4448	YNR042W	0.77379
4449	YJL136W-A	0.77379
4450	YOR229W	0.77377
4451	YLR036C	0.77375
4452	YCR090C	0.77374
4453	YMR060C	0.77374
4454	YIL042C	0.77359
4455	YLR256W	0.77352
4456	YDL158C	0.77351
4457	YDR371W	0.77341
4458	YJR127C	0.77338
4459	YPL139C	0.77336
4460	YPL217C	0.77332
4461	YKL049C	0.77332
4462	YJL096W	0.77326
4463	YDR048C	0.77323
4464	YNL153C	0.77322
4465	YCR018C-A	0.77321
4466	YLR407W	0.7732
4467	YER087C-A	0.77318
4468	YBR240C	0.77317
4469	YOR192C-B	0.77313
4470	YIL076W	0.77312
4471	YAL031W-A	0.7731
4472	YDR317W	0.77298
4473	YDR261W-B	0.77297
4474	YEL037C	0.77297
4475	YGR102C	0.77294
4476	YER091C	0.77293
4477	YGL129C	0.77289
4478	YJR080C	0.77285
4479	YGL109W	0.77284
4480	YML050W	0.77281
4481	YDR475C	0.7728
4482	YHR214C-E	0.77279
4483	YNR047W	0.77278
4484	YDR431W	0.77278
4485	YCL026C-A	0.77276
4486	YKL133C	0.77273
4487	YDR034C-D	0.77273
4488	YEL017W	0.77265
4489	YER107W-A	0.77263
4490	YPR092W	0.77257
4491	YBL048W	0.77255
4492	YLL059C	0.77254
4493	YHR038W	0.77251
4494	YIR004W	0.77251
4495	YLR323C	0.77249
4496	YEL072W	0.77247
4497	YML029W	0.7724
4498	YGR038C-D/YGR038C-C	0.77236
4499	YML105C	0.77236
4500	YIL040W	0.77229
4501	YLR042C	0.77226
4502	YCL059C	0.77224
4503	YHR021W-A	0.7722
4504	YKL014C	0.7722
4505	YIR011C	0.77219
4506	YNL143C	0.77216
4507	YHR050W-A	0.7721
4508	YER172C-A	0.77209
4509	YLR136C	0.77198
4510	YIL028W	0.77198
4511	YLL004W	0.77198
4512	YBR123C	0.77197
4513	YJL069C	0.77197
4514	YBL094C	0.77194
4515	YOR077W	0.77191
4516	YNR007C	0.77185
4517	YML059C	0.77185
4518	YJR106W	0.77182
4519	YBR033W	0.77178
4520	YLR288C	0.77176
4521	YGL042C	0.77175
4522	YML048W	0.77174
4523	YLR322W	0.77163
4524	YJL044C	0.77163
4525	YDL070W	0.7716
4526	YJL020C	0.77159
4527	YKL096W-A	0.77157
4528	YOL148C	0.77156
4529	YER165C-A	0.77151
4530	YBR162W-A	0.7715
4531	YOL083W	0.7715
4532	YIL062C	0.77149
4533	YLR067C	0.77145
4534	YDL118W	0.77145
4535	YKL152C	0.77141
4536	YDL009C	0.77139
4537	YER077C	0.77138
4538	YBR124W	0.77136
4539	YCL065W	0.77123
4540	YCR001W	0.7712
4541	YDR114C	0.77117
4542	YOL083C-A	0.77109
4543	YMR251W-A	0.77108
4544	YDL041W	0.77108
4545	YKR007W	0.77103
4546	YBL010C	0.77099
4547	YOL027C	0.77094
4548	YKL131W	0.77092
4549	YIL100C-A	0.77083
4550	YDL199C	0.77081
4551	YMR272W-B	0.7708
4552	YLR410W-B	0.77079
4553	YOL017W	0.77076
4554	YFL063W	0.77076
4555	YEL017C-A	0.77074
4556	YDR210W-B	0.77073
4557	YDL096C	0.77068
4558	YDR118W	0.77056
4559	YOR297C	0.77056
4560	YBR172C	0.77055
4561	YDL221W	0.77053
4562	YHR069C-A	0.77051
4563	YBL100W-B	0.77049
4564	YMR304C-A	0.77041
4565	YIL066W-A	0.77039
4566	YGL123C-A	0.77039
4567	YNL284C-A	0.77036
4568	YNL008C	0.77035
4569	YHR130C	0.77035
4570	YOR170W	0.77032
4571	YPL186C	0.7703
4572	YOR152C	0.77029
4573	YBR076C-A	0.77029
4574	YGR290W	0.77026
4575	YDR466W	0.77024
4576	YGR002C	0.77017
4577	YFL010W-A	0.77016
4578	YPR169W-A	0.77016
4579	YGL152C	0.77015
4580	YPL005W	0.77014
4581	YBR109W-A	0.77008
4582	YKL223W	0.77002
4583	YMR111C	0.76999
4584	YDR170W-A	0.76991
4585	YJL131C	0.76991
4586	YDR087C	0.7699
4587	YHR052W	0.76988
4588	YDL094C	0.76985
4589	YOR277C	0.76982
4590	YJL048C	0.76978
4591	YBL002W	0.76976
4592	YPL178W	0.76976
4593	YFL046W	0.76975
4594	YMR028W	0.76973
4595	YNL097C	0.76965
4596	YDR458C	0.76961
4597	YDR102C	0.76961
4598	YOL138C	0.76954
4599	YDR360W	0.76952
4600	YML030W	0.76951
4601	YIL129C	0.76945
4602	YNR054C	0.76942
4603	YMR077C	0.76935
4604	YLR057W	0.76933
4605	YNL338W	0.76932
4606	YMR227C	0.76932
4607	YPL240C	0.76927
4608	YIL154C	0.7692
4609	YBR272C	0.7692
4610	YIL084C	0.76917
4611	YKR005C	0.76912
4612	YHR146W	0.76911
4613	YAL037W	0.7691
4614	YDR203W	0.76905
4615	YBR089C-A	0.769
4616	YFL012W-A	0.769
4617	YGR089W	0.76897
4618	YGL193C	0.7689
4619	YPL243W	0.76886
4620	YPL038W-A	0.76884
4621	YBL097W	0.76883
4622	YLR442C	0.7688
4623	YFR040W	0.76876
4624	YDR076W	0.76875
4625	YGR245C	0.76872
4626	YKL167C	0.76863
4627	YOR019W	0.76863
4628	YBR128C	0.76862
4629	YOR343W-B	0.76857
4630	YMR032W	0.76857
4631	YML034W	0.76856
4632	YLR381W	0.76842
4633	YPR015C	0.7684
4634	YKL048C	0.76836
4635	YGR025W	0.76833
4636	YDR445C	0.76832
4637	YNL068C	0.76822
4638	YPR094W	0.76819
4639	YLR163W-A	0.76818
4640	YDR225W	0.76817
4641	YBL053W	0.76815
4642	YBR072W	0.76813
4643	YLR309C	0.76812
4644	YER188C-A	0.76811
4645	YJL052W	0.76808
4646	YMR031W-A	0.76808
4647	YLR122C	0.76806
4648	YLR444C	0.76805
4649	YKL195W	0.76803
4650	YAR070C	0.76803
4651	YIL159W	0.76802
4652	YBR066C	0.76801
4653	YPR077C	0.768
4654	YBR224W	0.76797
4655	YGL105W	0.76788
4656	YPR061C	0.76787
4657	YNL054W-A	0.76785
4658	YKR016W	0.76784
4659	YJR108W	0.76783
4660	YJL038C	0.76776
4661	YBL003C	0.76774
4662	YNL043C	0.76774
4663	YJR104C	0.76773
4664	YPL043W	0.76768
4665	YHR131C	0.76762
4666	YPR130C	0.7675
4667	YER019C-A	0.76747
4668	YHR086W-A	0.76746
4669	YHL037C	0.76742
4670	YDR485C	0.76739
4671	YDL187C	0.76738
4672	YDR134C	0.76737
4673	YGL118C	0.76736
4674	YOR325W	0.76735
4675	YNL235C	0.76732
4676	YIL161W	0.7673
4677	YKR065C	0.76729
4678	YMR316W	0.76724
4679	YDL196W	0.76716
4680	YLR173W	0.76714
4681	YGR050C	0.76708
4682	YGR186W	0.76703
4683	YDL002C	0.76701
4684	YKR023W	0.767
4685	YJL037W	0.767
4686	YML094C-A	0.76695
4687	YPR038W	0.76688
4688	YAL034C-B	0.76685
4689	YDL227C	0.76684
4690	YDR269C	0.76683
4691	YHL002C-A	0.76681
4692	YGR049W	0.76681
4693	YOR394C-A	0.76681
4694	YOL155W-A	0.7668
4695	YNL151C	0.7668
4696	YOL053W	0.76676
4697	YDR312W	0.76674
4698	YJR014W	0.76674
4699	YJL073W	0.7667
4700	YIR033W	0.7667
4701	YER091C-A	0.7667
4702	YCL022C	0.76667
4703	YNL114C	0.76666
4704	YIL031W	0.7666
4705	YIL012W	0.76659
4706	YJL182C	0.76659
4707	YEL073C	0.76657
4708	YPR068C	0.76652
4709	YDR224C	0.76649
4710	YLR074C	0.76649
4711	YLR404W	0.76648
4712	YGL126W	0.76648
4713	YOR225W	0.76648
4714	YBL005W-A	0.76639
4715	YGR064W	0.76629
4716	YHR169W	0.7662
4717	YGR098C	0.76617
4718	YMR046C	0.7661
4719	YKL074C	0.7661
4720	YEL025C	0.76609
4721	YOL097W-A	0.76609
4722	YOR020W-A	0.76608
4723	YNL109W	0.76597
4724	YBR196C-A	0.76596
4725	YPR170W-A	0.76593
4726	YGR192C	0.76592
4727	YIR018C-A	0.76592
4728	YBL059C-A	0.7659
4729	YIL030W-A	0.76585
4730	YDR068W	0.76584
4731	YNL244C	0.7658
4732	YDR194W-A	0.76578
4733	YKL208W	0.76577
4734	YOL134C	0.76571
4735	YPL177C	0.76571
4736	YGR270C-A	0.7657
4737	YJL107C	0.76569
4738	YDR401W	0.76568
4739	YGL177W	0.76564
4740	YPL060C-A	0.76556
4741	YDL011C	0.76554
4742	YGR053C	0.76547
4743	YBL005W	0.7654
4744	YGL113W	0.76535
4745	YPL025C	0.76523
4746	YIL142C-A	0.7652
4747	YCL039W	0.76519
4748	YLR342W-A	0.76514
4749	YMR199W	0.76512
4750	YER076W-A	0.7651
4751	YFL032W	0.76506
4752	YCR064C	0.76505
4753	YFR034C	0.76504
4754	YMR316C-A	0.76502
4755	YLR454W	0.76502
4756	YMR043W	0.76501
4757	YBR167C	0.76501
4758	YJR121W	0.76501
4759	YAL066W	0.76499
4760	YCR066W	0.76495
4761	YLR366W	0.76485
4762	YDR314C	0.76483
4763	YOL041C	0.76481
4764	YHL019W-A	0.76478
4765	YJL047C-A	0.76476
4766	YMR184W	0.76468
4767	YPL107W	0.76465
4768	YBR253W	0.76463
4769	YDR521W	0.76456
4770	YOR265W	0.76454
4771	YIL117C	0.7645
4772	YMR001C-A	0.76448
4773	YDL016C	0.76445
4774	YDL004W	0.76441
4775	YLL021W	0.7644
4776	YHR137C-A	0.7644
4777	YAL068W-A	0.76439
4778	YIL020C-A	0.76436
4779	YDR050C	0.76432
4780	YMR306C-A	0.76427
4781	YGR114C	0.76425
4782	YDR179C	0.76423
4783	YHR082C	0.76416
4784	YNL337W	0.76415
4785	YCR087C-A	0.76411
4786	YML083C	0.7641
4787	YJR009C	0.76402
4788	YDL074C	0.76399
4789	YFL013W-A	0.76398
4790	YNL215W	0.76397
4791	YDR043C	0.76396
4792	YOR392W	0.76389
4793	YGR013W	0.76388
4794	YDR003W-A	0.76381
4795	YIR014W	0.7638
4796	YJL022W	0.76379
4797	YGR285C	0.76377
4798	YHL034C	0.76376
4799	YPL135C-A	0.76375
4800	YIL077C	0.76373
4801	YDL247W-A	0.7637
4802	YPL075W	0.76366
4803	YPL035C	0.76358
4804	YNL187W	0.76354
4805	YDR473C	0.76352
4806	YMR158W	0.76352
4807	YBR266C	0.7635
4808	YPL216W	0.76349
4809	YHR060W	0.76349
4810	YFR054C	0.76343
4811	YEL053W-A	0.76339
4812	YEL026W	0.76332
4813	YCR060W	0.76331
4814	YMR213W	0.76329
4815	YIL112W	0.76328
4816	YLR349W	0.76326
4817	YBR083W	0.76323
4818	YHR066W	0.76322
4819	YGL162W	0.76321
4820	YMR326C	0.7632
4821	YGR190C	0.76319
4822	YJL146W	0.76312
4823	YMR186W	0.76311
4824	YKL009W	0.7631
4825	YGL260W	0.76307
4826	YFR039C	0.76306
4827	YOR097C	0.76306
4828	YBR289W	0.76303
4829	YPR049C	0.76301
4830	YGR005C	0.76301
4831	YPL120W	0.763
4832	YCR085W	0.76298
4833	YJL019W	0.76292
4834	YLR224W	0.76289
4835	YOR146W	0.76287
4836	YNL115C	0.76287
4837	YFL065C	0.76283
4838	YDR320C-A	0.76283
4839	YLR302C	0.76282
4840	YGR147C	0.76278
4841	YML103C	0.76277
4842	YOR140W	0.76276
4843	YGL230C	0.76274
4844	YJR043C	0.76274
4845	YLR217W	0.76274
4846	YOR373W	0.76263
4847	YNL265C	0.76261
4848	YDL013W	0.76259
4849	YMR052C-A	0.76256
4850	YER133W-A	0.76251
4851	YGL059W	0.76248
4852	YMR141C	0.76245
4853	YJR082C	0.76245
4854	YML023C	0.76239
4855	YJL169W	0.76238
4856	YNL041C	0.76236
4857	YLR151C	0.76231
4858	YHR174W	0.76231
4859	YDR017C	0.7623
4860	YDR543C	0.76227
4861	YMR018W	0.76224
4862	YKR081C	0.76217
4863	YDR406W-A	0.76214
4864	YDR526C	0.7621
4865	YGR121W-A	0.76208
4866	YCR052W	0.76208
4867	YNL144W-A	0.76207
4868	YLR297W	0.76207
4869	YFL007W	0.76206
4870	YLR154C	0.76205
4871	YAR030C	0.76197
4872	YHL020C	0.76196
4873	YAL034C	0.76195
4874	YMR118C	0.76194
4875	YOR193W	0.7619
4876	YHR145C	0.76189
4877	YDL031W	0.76189
4878	YLR073C	0.76187
4879	YEL067C	0.76179
4880	YKL147C	0.76175
4881	YDR078C	0.7617
4882	YNL226W	0.76167
4883	YLL030C	0.76167
4884	YPL127C	0.76163
4885	YGR063C	0.76162
4886	YIL139C	0.76161
4887	YGR280C	0.7616
4888	YAR002W	0.7616
4889	YDL023C	0.76155
4890	YBR012C	0.7615
4891	YDR537C	0.7615
4892	YBR270C	0.76147
4893	YFL015C	0.76142
4894	YPL261C	0.76137
4895	YDL206W	0.76136
4896	YLR440C	0.76131
4897	YDL065C	0.76129
4898	YBL008W-A	0.76126
4899	YBR259W	0.76125
4900	YOR186W	0.76121
4901	YJR087W	0.76121
4902	YKR033C	0.76115
4903	YAL037C-A	0.76111
4904	YMR117C	0.76111
4905	YDR379W	0.7611
4906	YLR424C-A	0.76107
4907	YMR016C	0.76106
4908	YKL020C	0.76104
4909	YLR154W-C	0.76101
4910	YLR423C	0.761
4911	YGL218W	0.76099
4912	YDR231C	0.76098
4913	YER054C	0.76097
4914	YPL272C	0.76095
4915	YMR280C	0.76094
4916	YNL319W	0.76091
4917	YGR274C	0.76088
4918	YPL254W	0.76088
4919	YMR284W	0.76087
4920	YER147C	0.76083
4921	YCR097W-A	0.76083
4922	YML007C-A	0.76069
4923	YDR369C	0.76067
4924	YDL240C-A	0.76059
4925	YMR105W-A	0.76059
4926	YPL220W	0.76056
4927	YGL135W	0.76056
4928	YBR250W	0.7605
4929	YDR357C	0.76049
4930	YOR376W-A	0.76049
4931	YJL083W	0.76047
4932	YHR008C	0.76045
4933	YLR165C	0.76039
4934	YAL056C-A	0.76039
4935	YDR451C	0.76037
4936	YDR274C	0.76033
4937	YJL049W	0.76032
4938	YIL070C	0.76028
4939	YNL148C	0.76027
4940	YDL005C	0.76021
4941	YMR074C	0.7602
4942	YBR247C	0.76006
4943	YDR034C	0.76005
4944	YBR131W	0.76002
4945	YML012C-A	0.75998
4946	YEL050W-A	0.75994
4947	YOR137C	0.75988
4948	YNL315C	0.75987
4949	YML089C	0.75985
4950	YGL107C	0.75983
4951	YLR167W	0.75982
4952	YPR136C	0.75982
4953	YNR077C	0.75981
4954	YBR269C	0.75979
4955	YBR081C	0.75978
4956	YIL071W-A	0.75974
4957	YHR097C	0.75971
4958	YAL026C-A	0.75964
4959	YLR123C	0.75963
4960	YOR031W	0.7596
4961	YER119C-A	0.7596
4962	YDR073W	0.75957
4963	YMR153C-A	0.75956
4964	YER084W	0.75955
4965	YJL064W	0.75954
4966	YOR072W	0.7595
4967	YGL093W	0.75947
4968	YBL025W	0.75943
4969	YHL046W-A	0.75937
4970	YGL090W	0.75932
4971	YFR032C-B	0.7593
4972	YMR245W	0.75926
4973	YHR059W	0.75926
4974	YHR039C-A	0.75924
4975	YFR010W-A	0.75919
4976	YOR345C	0.75918
4977	YOR383C	0.75917
4978	YGR037C	0.75914
4979	YNL284C	0.7591
4980	YJL113W	0.7591
4981	YNL166C	0.759
4982	YGR016W	0.75898
4983	YGL229C	0.75893
4984	YDR417C	0.75892
4985	YDL159C-B	0.75891
4986	YDL173W	0.75891
4987	YEL030C-A	0.7589
4988	YBR099C	0.75888
4989	Q0010	0.75883
4990	YJL148W	0.7588
4991	YDR499W	0.75872
4992	YOR169C	0.7587
4993	YBL109W	0.75868
4994	YOR050C	0.75865
4995	YMR173W	0.75865
4996	YOR108C-A	0.75865
4997	YGR030C	0.75863
4998	YLR439W	0.75862
4999	YOR183W	0.75857
5000	YIL089W	0.75857
5001	YHL009W-B	0.75857
5002	YJL150W	0.75856
5003	YGR051C	0.75855
5004	YCR022C	0.75852
5005	YPR021C	0.75849
5006	YNL177C	0.75841
5007	YPR203W	0.75841
5008	YOL050C	0.7584
5009	YKL177W	0.75838
5010	YHR119W	0.75836
5011	YPR095C	0.75834
5012	YDL099W	0.75829
5013	YKL214C	0.75829
5014	YMR320W	0.75825
5015	YEL074W	0.75817
5016	YER189W	0.75816
5017	YMR098C	0.75816
5018	YCR081C-A	0.75814
5019	YMR008C-A	0.75811
5020	YHR182W	0.75808
5021	YPL021W	0.75807
5022	YNL171C	0.75805
5023	YIR044C	0.75804
5024	YOR107W	0.75803
5025	YJR128W	0.75803
5026	YOR199W	0.75801
5027	YMR134W	0.758
5028	YFR009W-A	0.758
5029	YJR060W	0.75799
5030	YER112W	0.75799
5031	YOR042W	0.75798
5032	YDR509W	0.75795
5033	YLR370C	0.75793
5034	YKR011C	0.75792
5035	YER087C-B	0.75788
5036	YML036W	0.75777
5037	YDR442W	0.75775
5038	YOL069W	0.75775
5039	YPR070W	0.75773
5040	YAL063C-A	0.75772
5041	YJL211C	0.75771
5042	YLR416C	0.75769
5043	YML028W	0.75765
5044	YGL244W	0.75763
5045	YDR024W	0.75751
5046	YDR396W	0.7575
5047	YDL034W	0.75749
5048	YLR453C	0.75746
5049	YLR033W	0.75745
5050	YGL074C	0.75742
5051	YGL249W	0.7574
5052	YGL258W-A	0.75739
5053	YNL165W	0.75735
5054	YGR075C	0.75734
5055	YGR226C	0.75732
5056	YMR073C	0.7573
5057	YHR189W	0.7572
5058	YBR032W	0.7572
5059	YLR147C	0.75718
5060	YJR140W-A	0.75717
5061	YJR113C	0.75709
5062	YPL047W	0.75707
5063	YER048C	0.757
5064	YGL073W	0.75696
5065	YOR385W	0.75688
5066	YBR051W	0.75683
5067	YAL055W	0.75682
5068	YJL003W	0.7568
5069	YDL152W	0.75675
5070	YBR258C	0.75672
5071	YDR034C-C	0.75671
5072	YDL148C	0.75664
5073	YIL156W-A	0.75663
5074	YPR116W	0.75662
5075	YCR024C-A	0.75661
5076	YMR172W	0.75658
5077	YEL050C	0.75657
5078	YEL028W	0.75656
5079	YMR075C-A	0.75655
5080	YMR141W-A	0.75652
5081	YMR086C-A	0.75649
5082	YDR138W	0.75648
5083	YBR215W	0.75647
5084	YOR129C	0.75646
5085	YLR376C	0.75645
5086	YGL030W	0.75642
5087	YDR333C	0.75639
5088	YGR167W	0.75636
5089	YDL235C	0.7563
5090	YGL188C	0.7563
5091	YLR360W	0.75629
5092	YLR182W	0.75626
5093	YOR068C	0.75623
5094	YOR335W-A	0.75622
5095	YIL021C-A	0.75613
5096	YLL002W	0.75613
5097	YPL102C	0.75611
5098	YKR040C	0.75611
5099	YGL025C	0.75604
5100	YOL160W	0.75603
5101	YNL276C	0.75599
5102	YBR107C	0.75598
5103	YKL044W	0.75593
5104	YDR254W	0.75588
5105	YDR246W-A	0.75587
5106	YBR232C	0.75587
5107	YER058W	0.75586
5108	YLL046C	0.75579
5109	YOR314W	0.75575
5110	YOR192C-A	0.75575
5111	YER129W	0.75573
5112	YBL065W	0.75567
5113	YLR109W	0.75565
5114	YBR171W	0.75549
5115	YMR017W	0.75546
5116	YDR429C	0.75545
5117	YIL037C	0.75544
5118	YBL043W	0.75543
5119	YBL083C	0.75541
5120	YKR041W	0.7554
5121	YDR478W	0.75539
5122	YNR025C	0.75534
5123	YJR047C	0.7553
5124	YOR032W-A	0.75528
5125	YPL013C	0.75522
5126	YOR218C	0.75516
5127	YBR200W-A	0.75509
5128	YGL063C-A	0.75501
5129	YIR020C	0.75495
5130	YOR208W	0.75494
5131	YDR363W-A	0.7549
5132	YLR313C	0.7549
5133	YDR175C	0.75484
5134	YIR015W	0.75483
5135	YJL115W	0.7548
5136	YLR013W	0.75468
5137	YOL117W	0.75465
5138	YNL017C	0.75463
5139	YPL193W	0.75463
5140	YDR069C	0.75459
5141	YDR082W	0.75457
5142	YNL205C	0.75455
5143	YOR028C	0.75444
5144	YHL023C	0.75442
5145	YLR211C	0.75442
5146	YER092W	0.75439
5147	YOL007C	0.75439
5148	YLR408C	0.75436
5149	YPL238C	0.75436
5150	YPL085W	0.75431
5151	YAL010C	0.7543
5152	YIL111W	0.7543
5153	YMR187C	0.75429
5154	YJL114W	0.75429
5155	YBL108W	0.75423
5156	YPR002C-A	0.75422
5157	YOR011W-A	0.75418
5158	YCL037C	0.75417
5159	YDR169C	0.75416
5160	YKL101W	0.7541
5161	YER038W-A	0.75398
5162	YCL020W	0.75397
5163	YKR083C	0.75397
5164	YER030W	0.75377
5165	YOR316C-A	0.75377
5166	YDR042C	0.75376
5167	YHR095W	0.75376
5168	YKR019C	0.75374
5169	YIR018W	0.75372
5170	YKL141W	0.7537
5171	YGR206W	0.75367
5172	YLL039C	0.7536
5173	YPR170W-B	0.75359
5174	YLR041W	0.75358
5175	YNL285W	0.7535
5176	YDR241W	0.75343
5177	YOR186C-A	0.75342
5178	YCL001W-A	0.75341
5179	YHL006W-A	0.7534
5180	YGL219C	0.75332
5181	YJR018W	0.75331
5182	YDL204W	0.7533
5183	YGL214W	0.75326
5184	YCR041W	0.75324
5185	YIR030W-A	0.75322
5186	YBR221W-A	0.7532
5187	YLR458W	0.75318
5188	YER127W	0.75318
5189	YBR238C	0.75317
5190	YER115C	0.75316
5191	YDR511W	0.75314
5192	YMR153W	0.75313
5193	YHR056C	0.75311
5194	YDR261W-A	0.75311
5195	YNL079C	0.75309
5196	YLR463C	0.75308
5197	YJR135C	0.75307
5198	YMR158W-B	0.75306
5199	YEL075W-A	0.75302
5200	YDR355C	0.75298
5201	YCL031C	0.75288
5202	YLR434C	0.75288
5203	YDL219W	0.75279
5204	YHL009W-A	0.75277
5205	YJL135W	0.75277
5206	YBR085C-A	0.75271
5207	YPR185W	0.75262
5208	YGL081W	0.7526
5209	YPL033C	0.75257
5210	YPR010C-A	0.75256
5211	YDL150W	0.75255
5212	YMR232W	0.75252
5213	YAL045C	0.75245
5214	YOR231C-A	0.75244
5215	YBR108W	0.75241
5216	YFL002W-B	0.75231
5217	YGR161W-A	0.75231
5218	YGL239C	0.75227
5219	YBR279W	0.75223
5220	YDR210W	0.75219
5221	YLR424W	0.75216
5222	YIL055C	0.75213
5223	YJR002W	0.75213
5224	YGR035W-A	0.75212
5225	YER109C	0.75211
5226	YJL190C	0.7521
5227	YPR053C	0.75207
5228	YDR469W	0.75206
5229	YGR023W	0.75206
5230	YGL165C	0.75199
5231	YNL149C	0.75196
5232	YHR139C-A	0.75195
5233	YGL176C	0.75193
5234	YNL067W-B	0.75191
5235	YDR505C	0.75181
5236	YOR298W	0.7518
5237	YML081W	0.75175
5238	YNL254C	0.75169
5239	YDR327W	0.75166
5240	YOR366W	0.75162
5241	YDR103W	0.75162
5242	YER186C	0.75161
5243	YJR093C	0.75161
5244	YFL013C	0.7516
5245	YDR176W	0.75157
5246	YLL049W	0.75155
5247	YML007W	0.75152
5248	YOR030W	0.75152
5249	YDR322C-A	0.75147
5250	YLR410W-A	0.75144
5251	YCR097W	0.75142
5252	YJL140W	0.75141
5253	YGR039W	0.75139
5254	YDR079W	0.75136
5255	YGR038C-E	0.75135
5256	YOR073W-A	0.75128
5257	YGL072C	0.75124
5258	YNL053W	0.75123
5259	YNL013C	0.75119
5260	YER022W	0.75117
5261	YMR247W-A	0.75114
5262	YAR047C	0.75113
5263	YDR344C	0.75108
5264	YGL209W	0.75106
5265	YKL102C	0.75098
5266	YLR353W	0.75095
5267	YEL068C	0.75091
5268	YDR524W-C	0.7509
5269	YER180C-A	0.75084
5270	YBL063W	0.75081
5271	YAL016C-B	0.7508
5272	YER084W-A	0.7508
5273	YBR231C	0.7507
5274	YAL019W-A	0.75058
5275	YIL158W	0.7505
5276	YKR025W	0.75047
5277	YGR249W	0.75042
5278	YNL227C	0.75038
5279	YDR299W	0.75036
5280	YMR191W	0.75035
5281	YJL222W-A	0.75034
5282	YIL174W	0.75034
5283	YLR141W	0.75032
5284	YNL314W	0.7503
5285	YNL266W	0.75023
5286	YDL088C	0.75022
5287	YGR250C	0.75021
5288	YGL149W	0.75021
5289	YKL058W	0.75019
5290	YCL046W	0.75016
5291	YBR182C	0.75013
5292	YEL075C	0.75009
5293	YPR142C	0.75004
5294	YPR100W	0.74999
5295	YPL039W	0.74991
5296	YBR257W	0.74986
5297	YKR101W	0.74982
5298	YLR162W-A	0.74981
5299	YJL127W-A	0.7498
5300	YDR235W	0.74979
5301	YOR198C	0.74977
5302	YER148W-A	0.74973
5303	YML128C	0.74972
5304	YOL144W	0.74971
5305	YPL219W	0.74969
5306	YKL076C	0.74969
5307	YOL082W	0.74969
5308	YDR169C-A	0.7496
5309	YPL073C	0.74955
5310	YDR379C-A	0.74952
5311	YPL166W	0.74951
5312	YOL032W	0.74949
5313	YJR114W	0.74948
5314	YHR159W	0.74948
5315	Q0143	0.74947
5316	YNL146C-A	0.74946
5317	YBR141W-A	0.74945
5318	YKL183C-A	0.74931
5319	YJL176C	0.7493
5320	YLR222C-A	0.74924
5321	YDR166C	0.74921
5322	YGL096W	0.74916
5323	YDR464C-A	0.74913
5324	YAL004W	0.74912
5325	YNL208W	0.74902
5326	YER067C-A	0.749
5327	YDR146C	0.74898
5328	YKR006C	0.74895
5329	YFR036W-A	0.74892
5330	YDR153C	0.74885
5331	YDR015C	0.7488
5332	YNL136W	0.74879
5333	YDR240C	0.74879
5334	YDL220C	0.74875
5335	YMR147W	0.74875
5336	YJL180C	0.74874
5337	YAL040C	0.74869
5338	YLR365W	0.74867
5339	YJL152W	0.74863
5340	YDL025W-A	0.74858
5341	YBL038W	0.74854
5342	YLL042C	0.74853
5343	YBL100W-A	0.74845
5344	YAR064W	0.74836
5345	YDR348C	0.74828
5346	YLR367W	0.74822
5347	YJL195C	0.74816
5348	YER028C	0.74815
5349	YPR080W	0.74814
5350	YKR046C	0.74807
5351	YDR209C	0.74805
5352	YML081C-A	0.74801
5353	YJR147W	0.748
5354	YOL046C	0.74798
5355	YPR163C	0.74797
5356	YER147C-A	0.74797
5357	YPL205C	0.74796
5358	YJL188C	0.74791
5359	YLR264C-A	0.7479
5360	YMR151W	0.74788
5361	YMR260C	0.74783
5362	YKL156W	0.74782
5363	YER075C	0.74781
5364	YBL103C	0.74768
5365	YOR364W	0.74767
5366	YJL058C	0.7476
5367	YDL020C	0.74758
5368	R0040C	0.7475
5369	YNL122C	0.74749
5370	YGL052W	0.74748
5371	YHL038C	0.74748
5372	YOR308C	0.74745
5373	YMR159C	0.74744
5374	YGL204C	0.74741
5375	YDL242W	0.74741
5376	YJL207C	0.7474
5377	YHR193C	0.74738
5378	YAL016C-A	0.74733
5379	YLR135W	0.74732
5380	YNL144C	0.74726
5381	YJL095W	0.74724
5382	YML116W-A	0.74717
5383	R0020C	0.74716
5384	YNL110C	0.74715
5385	YDR524C	0.74713
5386	YNL228W	0.74708
5387	YOR123C	0.74706
5388	YKR035W-A	0.74703
5389	YMR188C	0.74702
5390	YDL056W	0.747
5391	YDR202C	0.74696
5392	YLR265C	0.7469
5393	YBR134W	0.74689
5394	YJR120W	0.74682
5395	YDL213C	0.7468
5396	YHL041W	0.74664
5397	YMR064W	0.74664
5398	YNL230C	0.74659
5399	YMR230W-A	0.74654
5400	YGL041W-A	0.7465
5401	YOL013W-A	0.7465
5402	YMR025W	0.74644
5403	YNL269W	0.74643
5404	YIR020C-B	0.7464
5405	YDR123C	0.74639
5406	YOR396C-A	0.74638
5407	YLR466C-A	0.74638
5408	YLR467C-A	0.74638
5409	YER137C	0.74637
5410	YER045C	0.74634
5411	YGL069C	0.74629
5412	YBR136W	0.74626
5413	YCR018C	0.74617
5414	YGR164W	0.74611
5415	YKL130C	0.74609
5416	YOR379C	0.74608
5417	YPL070W	0.74601
5418	YKL171W	0.74599
5419	YMR119W-A	0.74597
5420	YIL149C	0.74592
5421	YDR250C	0.74589
5422	YMR158C-A	0.74585
5423	YCL001W	0.74585
5424	YFL024C	0.74582
5425	YGR265W	0.7458
5426	YBR190W	0.74572
5427	YDL073W	0.7457
5428	YDL098C	0.74569
5429	YGR041W	0.74569
5430	YKL159C	0.74567
5431	YPL080C	0.74566
5432	YDL153C	0.74563
5433	YCR033W	0.74559
5434	YIL177W-A	0.74556
5435	YJL225W-A	0.74556
5436	YGR115C	0.74552
5437	YOR091W	0.74552
5438	YDR413C	0.74551
5439	YMR059W	0.7455
5440	YHR132W-A	0.7455
5441	YOL037C	0.74547
5442	YNL138W-A	0.74547
5443	YLL066W-A	0.74542
5444	YFL068W	0.74542
5445	YLL067W-A	0.74542
5446	YNL210W	0.74541
5447	YDR210W-A	0.74541
5448	YOR144C	0.74536
5449	YEL008W	0.74535
5450	YBR225W	0.74535
5451	YOR354C	0.74532
5452	YKR020W	0.74525
5453	YGL071W	0.74525
5454	YLR110C	0.74523
5455	YAL008W	0.74521
5456	YMR048W	0.74512
5457	YBR016W	0.74511
5458	YBL071C-B	0.74509
5459	YNL157W	0.74509
5460	YAR019W-A	0.74508
5461	YLR321C	0.74507
5462	YMR198W	0.74504
5463	YGL174W	0.74502
5464	YDR337W	0.745
5465	YER122C	0.745
5466	YFL021C-A	0.74498
5467	YJL215C	0.74497
5468	YDL044C	0.74496
5469	YNL167C	0.74492
5470	YHR073W-A	0.74486
5471	YLR424C-B	0.74483
5472	YDL045W-A	0.74481
5473	YDR217C	0.74477
5474	YBL113W-A	0.74471
5475	YDR136C	0.7447
5476	YDR322W	0.74467
5477	YLR227C	0.74461
5478	YHR058C	0.74454
5479	YJL136C	0.74439
5480	YJL103C	0.74435
5481	YCR043C	0.74435
5482	YPR039W	0.74434
5483	YBR103C-A	0.74431
5484	YLR192C	0.74425
5485	YER066C-A	0.74425
5486	YDR545C-A	0.74421
5487	YPL200W	0.7442
5488	YJL023C	0.74417
5489	YMR057C	0.74412
5490	YOR298C-A	0.7441
5491	YML114C	0.74409
5492	YKL225W	0.74406
5493	YPL018W	0.74405
5494	YNL162W-A	0.74403
5495	YIL144W	0.74403
5496	YGR296C-B	0.74403
5497	YEL077W-A	0.74403
5498	YER190C-B	0.74403
5499	YPR204C-A	0.74403
5500	YPL283W-B	0.74403
5501	YDR066C	0.74402
5502	YFR011C	0.74398
5503	YKL096C-B	0.74395
5504	YPL152W-A	0.74393
5505	YNL070W	0.7439
5506	YML057C-A	0.74388
5507	YDR467C	0.74378
5508	YDL172C	0.74378
5509	YDR156W	0.74377
5510	YDL012C	0.74375
5511	YCR038C	0.74375
5512	YOL159C-A	0.74372
5513	YOL077W-A	0.74371
5514	YNL152W	0.74369
5515	YMR324C	0.74368
5516	YHR219C-A	0.74367
5517	YNL339W-B	0.74367
5518	YML133W-B	0.74367
5519	YOL044W	0.7436
5520	YIL163C	0.74354
5521	YGR137W	0.74347
5522	YBR233W-A	0.74344
5523	YOR104W	0.74338
5524	YPR084W	0.74332
5525	YBR174C	0.7433
5526	YAL064W	0.7433
5527	YLR462W	0.74329
5528	YJL209W	0.74322
5529	YNL296W	0.74313
5530	YHL029C	0.74311
5531	YPR014C	0.74309
5532	YOR343W-A	0.74306
5533	YEL059W	0.74306
5534	YML099W-A	0.74303
5535	YGR067C	0.74301
5536	YER161C	0.74299
5537	YLR340W	0.74295
5538	YMR164C	0.74295
5539	YDR298C	0.74279
5540	YML017W	0.74275
5541	YER002W	0.74271
5542	YHL050W-A	0.74259
5543	YPL011C	0.74257
5544	YBR049C	0.74253
5545	YDR079C-A	0.74247
5546	YNL176C	0.74246
5547	YOR083W	0.74244
5548	YCL029C	0.74244
5549	YLR285C-A	0.7424
5550	YDR350C	0.7423
5551	YCL028W	0.74229
5552	YGL182C	0.74214
5553	YNL081C	0.74214
5554	YDR510C-A	0.74209
5555	YCR095W-A	0.74197
5556	YHR149C	0.74196
5557	YNL024C-A	0.74194
5558	YMR031C	0.74194
5559	YLR255C	0.7419
5560	YHR213W-B	0.7419
5561	YER132C	0.74188
5562	YML027W	0.74169
5563	YGR271C-A	0.74161
5564	YBL044W	0.74161
5565	YMR135W-A	0.74153
5566	YNL050C	0.74147
5567	YNL054W	0.74139
5568	YBL052C	0.74137
5569	YCR016W	0.74135
5570	YJR050W	0.74111
5571	YCR081W	0.7411
5572	YOR034C-A	0.741
5573	YAR014C	0.74096
5574	YKR012C	0.74094
5575	YNR022C	0.74092
5576	YNL198C	0.7409
5577	YOL031C	0.74089
5578	YBL093C	0.74086
5579	YJR162C	0.74085
5580	YBR296C-A	0.74081
5581	YCR083W	0.74078
5582	YOR214C	0.74071
5583	YGR165W	0.7407
5584	YDR493W	0.74069
5585	YMR112C	0.74067
5586	YGR174C	0.74067
5587	YCR012W	0.74064
5588	YNL277W-A	0.74061
5589	YLR201C	0.74059
5590	YFL019C	0.74058
5591	YPR013C	0.74052
5592	YML108W	0.74047
5593	YDR329C	0.74044
5594	YJR134C	0.74042
5595	YDL067C	0.74037
5596	YAR035C-A	0.74034
5597	YCR024C-B	0.74031
5598	YDL086C-A	0.74022
5599	YML101C-A	0.7402
5600	YDR461W	0.74019
5601	YDR285W	0.74018
5602	YOL070C	0.74014
5603	YJL076W	0.74012
5604	YGR077C	0.74011
5605	YDR016C	0.74009
5606	YHL048C-A	0.74
5607	YMR257C	0.74
5608	YIL092W	0.73999
5609	YGL151W	0.73998
5610	YOL104C	0.73994
5611	YGL066W	0.73993
5612	YOR235W	0.73991
5613	YBL100W-C	0.73969
5614	YNL075W	0.73965
5615	YKL086W	0.73965
5616	YHR136C	0.73964
5617	YHR036W	0.73961
5618	YPR007C	0.7396
5619	YLR120W-A	0.73958
5620	YNL052W	0.73954
5621	YPL251W	0.73953
5622	YKL041W	0.73947
5623	YBR277C	0.7394
5624	YCL005W-A	0.73935
5625	YOR192C-C	0.73933
5626	YNL067W	0.73932
5627	YHL045W	0.73931
5628	YBR184W	0.73928
5629	YDR486C	0.73924
5630	YJL199C	0.73915
5631	YLR364C-A	0.73915
5632	YGL235W	0.73914
5633	YOR266W	0.73912
5634	YMR052W	0.73911
5635	YML122C	0.73904
5636	YCL054W-A	0.73903
5637	YJR037W	0.739
5638	YBR122C	0.73899
5639	YOL085W-A	0.73897
5640	YKR047W	0.73892
5641	YCR038W-A	0.73887
5642	YIR023C-A	0.73876
5643	YDL159W-A	0.73871
5644	YNL159C	0.7387
5645	YLR415C	0.7387
5646	YJR101W	0.73868
5647	YDL062W	0.73863
5648	YHR167W	0.73854
5649	YGR222W	0.73852
5650	YLR252W	0.73851
5651	YHR022C-A	0.73841
5652	YJL156W-A	0.73826
5653	YDR215C	0.73821
5654	YPR164W	0.73819
5655	YJL020W-A	0.73815
5656	YLR267W	0.73814
5657	YIL086C	0.73813
5658	YGL075C	0.73812
5659	YER097W	0.73805
5660	YLR296W	0.73801
5661	YDL163W	0.73788
5662	YDR374W-A	0.73777
5663	YER088C	0.73772
5664	YDL081C	0.73767
5665	YGR015C	0.73765
5666	YDR095C	0.73758
5667	YAL059C-A	0.73755
5668	YOR331C	0.73744
5669	YLR119W	0.7373
5670	YNR035C	0.73723
5671	YMR272W-A	0.73694
5672	YLR082C	0.73692
5673	YML100W-A	0.7369
5674	YNL097C-B	0.7369
5675	YBR188C	0.73681
5676	YGR176W	0.73678
5677	YBL096C	0.73673
5678	YLR263W	0.73672
5679	YLR339C	0.73672
5680	YIR013C	0.73672
5681	YNR001W-A	0.73671
5682	YKL054C	0.7367
5683	YFR019W	0.73669
5684	YEL014C	0.73662
5685	YKL143W	0.73661
5686	YOR032C	0.73659
5687	YOR318C	0.73655
5688	YEL035C	0.73653
5689	YJL181W	0.73651
5690	YNL105W	0.73646
5691	YDR143C	0.73641
5692	YJR086W	0.73629
5693	YFL033C	0.73623
5694	YBR298C-A	0.73622
5695	YKR095W	0.73615
5696	YDR096W	0.73608
5697	YGL005C	0.73601
5698	YOL024W	0.736
5699	YBL054W	0.73593
5700	YPR191W	0.73592
5701	YGL117W	0.7359
5702	YCL061C	0.73586
5703	YLR373C	0.73584
5704	YCL005W	0.73583
5705	YOR147W	0.73573
5706	YPL130W	0.73568
5707	YMR014W	0.73566
5708	YDR053W	0.73564
5709	YPR044C	0.73562
5710	YMR194C-A	0.73555
5711	YGR150C	0.73553
5712	YLR320W	0.73548
5713	YCR013C	0.73544
5714	YDR488C	0.73538
5715	YJL142C	0.73535
5716	YLR271W	0.73531
5717	YKR085C	0.73521
5718	YLL022C	0.7352
5719	YPL099C	0.73509
5720	YKR054C	0.73506
5721	YMR066W	0.73498
5722	YHR153C	0.73498
5723	YGR140W	0.73488
5724	YKL156C-A	0.73487
5725	YMR282C	0.73474
5726	YGR240C-A	0.73473
5727	YOR333C	0.73472
5728	YDL213W-A	0.73472
5729	YFR035C	0.73468
5730	YHR070C-A	0.73461
5731	YGR072W	0.73459
5732	YHR177W	0.73447
5733	YJL077W-A	0.73442
5734	YPL054W	0.73433
5735	YER093C-A	0.73425
5736	YLR465C	0.73418
5737	YLR111W	0.73409
5738	YPL062W	0.73407
5739	YLR294C	0.73405
5740	YIL058W	0.73402
5741	YIR003W	0.73401
5742	YJR030C	0.73399
5743	YCR020W-B	0.73397
5744	YBL059W	0.73397
5745	YBL039W-B	0.73394
5746	YJL127C-B	0.73388
5747	YLR431C	0.73383
5748	YIL097W	0.73383
5749	YDR383C	0.7338
5750	YLR334C	0.7338
5751	YGL226W	0.7337
5752	YOR314W-A	0.73368
5753	YDR094W	0.73362
5754	YNR004W	0.73361
5755	YNR075C-A	0.73352
5756	YEL043W	0.7335
5757	YBR072C-A	0.73349
5758	YGL086W	0.73343
5759	YHR071C-A	0.73337
5760	YPR170C	0.73324
5761	YDL189W	0.73322
5762	YNL213C	0.73314
5763	YLR106C	0.7331
5764	YGR183C	0.73303
5765	YAL003W	0.73302
5766	YMR193W	0.73299
5767	YFL041W-A	0.73293
5768	YLR338W	0.73292
5769	YOR113W	0.7329
5770	YDR374C	0.73288
5771	YHR001W-A	0.73287
5772	YGL079W	0.73285
5773	YJR092W	0.73277
5774	YCR108C	0.73273
5775	YGR084C	0.73258
5776	YER088C-A	0.73256
5777	YLR299C-A	0.73253
5778	YLR282C	0.73244
5779	YPR123C	0.7324
5780	YMR240C	0.73236
5781	YKL165C-A	0.73217
5782	YLR154W-E	0.73214
5783	YGR291C	0.73204
5784	YBR135W	0.73196
5785	YBR182C-A	0.73192
5786	YGR107W	0.73188
5787	YHR007C-A	0.73174
5788	YHR184W	0.73171
5789	YMR295C	0.73163
5790	YGL147C	0.73162
5791	YLL047W	0.73154
5792	YLL003W	0.73154
5793	YLR162W	0.73152
5794	YPL131W	0.7315
5795	YCL023C	0.73148
5796	YAR060C	0.73141
5797	YHR212C	0.73141
5798	YNL145W	0.73135
5799	YPR197C	0.73127
5800	YGL061C	0.73127
5801	YGR079W	0.73123
5802	YBL090W	0.73112
5803	YOR304C-A	0.73108
5804	YBL062W	0.73106
5805	YKR015C	0.73094
5806	YJR089W	0.73081
5807	YNL308C	0.73078
5808	YLR374C	0.73073
5809	YNL197C	0.7307
5810	YER181C	0.73065
5811	YDR532C	0.73064
5812	YPL096C-A	0.73064
5813	YDL139C	0.73062
5814	YJL149W	0.73058
5815	YJL170C	0.73048
5816	YDR464W	0.73041
5817	YDR443C	0.7303
5818	YLR157W-D	0.73029
5819	YNL164C	0.73023
5820	YKR034W	0.73012
5821	YOR329W-A	0.73003
5822	YMR030W	0.73001
5823	YBR007C	0.72995
5824	YCL021W-A	0.72993
5825	YMR163C	0.72985
5826	YPR020W	0.72981
5827	YOR020C	0.7298
5828	YLL019W-A	0.72978
5829	YGL138C	0.72977
5830	YDR320W-B	0.72973
5831	YPL078C	0.72961
5832	YCL027W	0.72958
5833	YER085C	0.72952
5834	YHR099W	0.72944
5835	YEL034C-A	0.7294
5836	YNL096C	0.72938
5837	YGL188C-A	0.72933
5838	YEL005C	0.72932
5839	YKR057W	0.72932
5840	YIL036W	0.72929
5841	YDR151C	0.72927
5842	YPL108W	0.72923
5843	YPL225W	0.72914
5844	YBL009W	0.7291
5845	YLR139C	0.72901
5846	YPR166C	0.72901
5847	YHR056W-A	0.72896
5848	YMR242W-A	0.72893
5849	YJL062W-A	0.72881
5850	YNL091W	0.72881
5851	YDL224C	0.72874
5852	YGR134W	0.72871
5853	YHR103W	0.7287
5854	YIL138C	0.72864
5855	YAL011W	0.72841
5856	YML113W	0.72841
5857	YMR094W	0.72831
5858	YKL108W	0.7283
5859	YPL174C	0.72828
5860	YCR025C	0.72818
5861	YMR204C	0.72817
5862	YCR049C	0.72815
5863	YLL065W	0.72809
5864	YPL189C-A	0.72806
5865	YHR021C	0.72806
5866	YPL192C	0.72804
5867	Q0255	0.72787
5868	YBL012C	0.72785
5869	Q0182	0.72785
5870	YEL018W	0.72785
5871	YMR294W-A	0.72784
5872	YPL173W	0.72765
5873	YHL030W-A	0.72757
5874	YDL115C	0.72754
5875	YOR177C	0.72746
5876	YJR053W	0.72744
5877	YBR140C	0.72739
5878	YPL142C	0.72736
5879	YML043C	0.72733
5880	YPR187W	0.72733
5881	YKL123W	0.72733
5882	YGL006W-A	0.7272
5883	YGR071C	0.72718
5884	YOL081W	0.72716
5885	YBR268W	0.72715
5886	YDL083C	0.72709
5887	YMR143W	0.72709
5888	YPL168W	0.72702
5889	YMR072W	0.72689
5890	YOR369C	0.72684
5891	YBR275C	0.72682
5892	YGR130C	0.72671
5893	YOL015W	0.72665
5894	YPL052W	0.72662
5895	YKL122C	0.72654
5896	Q0144	0.7265
5897	YML058W-A	0.72641
5898	YGR269W	0.72635
5899	YDL053C	0.72633
5900	YGR161W-C	0.72615
5901	YIL101C	0.72614
5902	YML093W	0.72613
5903	YNL046W	0.72609
5904	YEL009C-A	0.72604
5905	YOR047C	0.72599
5906	YJL052C-A	0.72597
5907	YER048W-A	0.72589
5908	YFL049W	0.72582
5909	YOR294W	0.72579
5910	YMR148W	0.72573
5911	YJL056C	0.72571
5912	YMR103C	0.72571
5913	YDR422C	0.72556
5914	YDL121C	0.72544
5915	YBR282W	0.72543
5916	YJR012C	0.7254
5917	YBL088C	0.72538
5918	YPL222C-A	0.72534
5919	YIL002W-A	0.72533
5920	YGR161C	0.72519
5921	YBL107C	0.72515
5922	YOR189W	0.72512
5923	YDR412W	0.72512
5924	YKL082C	0.72506
5925	YMR311C	0.72506
5926	YOR072W-B	0.725
5927	YGR230W	0.72499
5928	YCR063W	0.7248
5929	YHR156C	0.72469
5930	YIR017W-A	0.72461
5931	YPR134W	0.72456
5932	YOR076C	0.72455
5933	YML054C-A	0.72452
5934	YER175W-A	0.72443
5935	YKR078W	0.72436
5936	YLR051C	0.72424
5937	YOR300W	0.72416
5938	YPL250W-A	0.72414
5939	YOL118C	0.72404
5940	YCR102W-A	0.72389
5941	YEL045C	0.72381
5942	YGL108C	0.72375
5943	YDL185C-A	0.72366
5944	YPL253C	0.72362
5945	YHL006C	0.72353
5946	YLR436C	0.72333
5947	YOR203W	0.72327
5948	YOL019W-A	0.72316
5949	YHR055C	0.72313
5950	YHR053C	0.72313
5951	YBR056W-A	0.72312
5952	YDL176W	0.72308
5953	YNL245C	0.72298
5954	YNL309W	0.7229
5955	YPR005C	0.7229
5956	YJL063C	0.72281
5957	YBR057C	0.72273
5958	YNL295W	0.72269
5959	YLR204W	0.72266
5960	YGR168C	0.72254
5961	YFR033C	0.72253
5962	YOL029C	0.72252
5963	YJL222W-B	0.72249
5964	YIL175W	0.72249
5965	YOR349W	0.72249
5966	YHR193C-A	0.72235
5967	YKL075C	0.72234
5968	YER050C	0.7223
5969	YKR091W	0.72228
5970	YDR425W	0.72225
5971	YNL185C	0.72224
5972	YHR079C-A	0.72222
5973	YMR294W	0.72219
5974	YML129C	0.72212
5975	YFR003C	0.7221
5976	YOR287C	0.72207
5977	YLR307C-A	0.72205
5978	YJL075C	0.72199
5979	YJL090C	0.7219
5980	YCR046C	0.72186
5981	YNR009W	0.72181
5982	YFL034C-A	0.72181
5983	YLR352W	0.7214
5984	YJL166W	0.72133
5985	YDL071C	0.72129
5986	YDR310C	0.72128
5987	YPL269W	0.72121
5988	YDL032W	0.72113
5989	YDL129W	0.72108
5990	YML041C	0.72104
5991	YKL170W	0.72101
5992	YIL019W	0.72095
5993	YGL014C-A	0.72093
5994	YER149C	0.72083
5995	YMR299C	0.72081
5996	YDR491C	0.72068
5997	YKL031W	0.72065
5998	YER111C	0.72049
5999	YPL027W	0.72032
6000	YNL203C	0.72021
6001	YHR127W	0.72011
6002	YNL067W-A	0.72006
6003	YNL027W	0.72005
6004	YLR395C	0.71996
6005	YOR359W	0.71992
6006	YOL038C-A	0.71991
6007	YKR045C	0.71985
6008	YER090C-A	0.71957
6009	YPR159C-A	0.71945
6010	YDR515W	0.71936
6011	YGR139W	0.71924
6012	YJR021C	0.71914
6013	YOR121C	0.71912
6014	YDR154C	0.71906
6015	YPL230W	0.71906
6016	YNL130C-A	0.71906
6017	YDL089W	0.71894
6018	YGR196C	0.71893
6019	YIL047C-A	0.71892
6020	YNL196C	0.71889
6021	YLR131C	0.71888
6022	YJL175W	0.71882
6023	YJL184W	0.71872
6024	YOR078W	0.7187
6025	YDR010C	0.71865
6026	YAL024C	0.7186
6027	YKR035C	0.71829
6028	YKL106C-A	0.71828
6029	YKL061W	0.71825
6030	YOR264W	0.71822
6031	YFR049W	0.7182
6032	YIR020W-A	0.71813
6033	YNL199C	0.71807
6034	YGL007W	0.71796
6035	YOR342C	0.71786
6036	YCR006C	0.71777
6037	YJR003C	0.71765
6038	YPR133W-A	0.71763
6039	YCR003W	0.71758
6040	YBL100C	0.71748
6041	YER038C	0.71724
6042	YJL077W-B	0.71713
6043	YDR149C	0.71712
6044	YLR298C	0.71696
6045	YNR014W	0.71693
6046	YHR032C-A	0.7169
6047	YER155C	0.71682
6048	YDR118W-A	0.71667
6049	YBR076W	0.71667
6050	YCL051W	0.71667
6051	YDR361C	0.71663
6052	YOR178C	0.7166
6053	YNL005C	0.71656
6054	YNL133C	0.71649
6055	YDR044W	0.71634
6056	YAL027W	0.71631
6057	YPR101W	0.71631
6058	YIL119C	0.71628
6059	YIR024C	0.7162
6060	YDR014W	0.71619
6061	YOR148C	0.71616
6062	YHR182C-A	0.71616
6063	YHR165C	0.71604
6064	YOR161C-C	0.71603
6065	YML037C	0.71602
6066	YMR179W	0.71596
6067	YGL191W	0.71594
6068	YPL056C	0.71581
6069	YNL002C	0.71574
6070	YDR296W	0.71572
6071	YMR107W	0.71571
6072	YLR219W	0.71568
6073	YBR063C	0.71564
6074	YBR262C	0.71551
6075	YEL054C	0.71523
6076	YDR418W	0.71523
6077	YKL050C	0.71511
6078	YOL091W	0.71511
6079	YLR154W-B	0.71479
6080	YOR161W-B	0.71477
6081	YKL172W	0.71432
6082	YDR381C-A	0.71419
6083	YDR216W	0.71401
6084	YDL027C	0.71398
6085	YBR197C	0.71394
6086	YPR087W	0.71393
6087	YKR100C	0.71392
6088	YNL103W	0.71389
6089	YBR121C-A	0.71386
6090	YBR203W	0.71383
6091	YKL062W	0.71374
6092	YKL016C	0.71374
6093	YNL225C	0.71369
6094	YJL066C	0.71358
6095	YDR029W	0.71358
6096	YBR131C-A	0.71353
6097	YFR052C-A	0.71335
6098	YOR376W	0.71333
6099	YKL162C-A	0.71331
6100	YJL122W	0.71323
6101	YPR096C	0.71323
6102	YOR073W	0.71321
6103	YDR446W	0.71318
6104	YPL049C	0.71313
6105	YBR230C	0.7131
6106	YIL057C	0.71295
6107	YMR075W	0.71293
6108	YOR350C	0.71289
6109	YDR461C-A	0.71284
6110	YAL059W	0.71271
6111	YBL034C	0.71265
6112	YOR210W	0.71265
6113	YDR381W	0.71257
6114	YJL110C	0.71248
6115	YHL015W-A	0.71243
6116	YKL052C	0.71229
6117	YLR295C	0.71228
6118	YBR148W	0.71217
6119	YER079C-A	0.71203
6120	YGL194C-A	0.71201
6121	YHR199C-A	0.71199
6122	YER152W-A	0.71196
6123	YGL237C	0.71187
6124	YPL158C	0.71165
6125	YER040W	0.71154
6126	YPL183W-A	0.71153
6127	YDR457W	0.71153
6128	YOR102W	0.71151
6129	YLR437C	0.71129
6130	YGR129W	0.7112
6131	YNL042W	0.71118
6132	YMR082C	0.71115
6133	YDL197C	0.71098
6134	YLR341W	0.71092
6135	YBR209W	0.71091
6136	YOR161W-A	0.7107
6137	YMR135C	0.7107
6138	YLR099W-A	0.71068
6139	YOL131W	0.71068
6140	YPL201C	0.71052
6141	YNL097W-A	0.71046
6142	YMR007W	0.71038
6143	YAL031C	0.71035
6144	YOL086W-A	0.71028
6145	YOR114W	0.71018
6146	YGR142W	0.71016
6147	YJL205C	0.71003
6148	YLR361C-A	0.70993
6149	YLR079W	0.7099
6150	YLR385C	0.70985
6151	YGR275W	0.70976
6152	YLR379W-A	0.70964
6153	YNL034W	0.70948
6154	YDL069C	0.70947
6155	YDR259C	0.70924
6156	YNR024W	0.70921
6157	YPR074W-A	0.70917
6158	R0030W	0.70904
6159	YDL050C	0.70896
6160	YLR221C	0.70871
6161	YDL239C	0.70863
6162	YNR049C	0.70862
6163	YMR315W-A	0.70851
6164	YNL042W-B	0.70849
6165	YLR312C	0.70846
6166	YLR062C	0.70846
6167	YPL233W	0.70842
6168	YKL185W	0.70817
6169	YIL098C	0.70805
6170	YDR447C	0.70801
6171	YDL223C	0.70794
6172	YDR064W	0.70789
6173	YML015C	0.70789
6174	YDL076C	0.70785
6175	YDL130W	0.70781
6176	YCL007C	0.70779
6177	YBR013C	0.70778
6178	YNL028W	0.70772
6179	YGL034C	0.70766
6180	YMR124W	0.70764
6181	YDR525W	0.70758
6182	YNL018C	0.70732
6183	YNR045W	0.70731
6184	YDR195W	0.70724
6185	YGR113W	0.7072
6186	YDR354C-A	0.70718
6187	YFR008W	0.70707
6188	YAL028W	0.70706
6189	YHR093W	0.70688
6190	YFR034W-A	0.70648
6191	YLR254C	0.70636
6192	YDR115W	0.70635
6193	YFL021W	0.70621
6194	YOR276W	0.70616
6195	YGR081C	0.70612
6196	YLR018C	0.70608
6197	YPL146C	0.7059
6198	YHR180C-B	0.70581
6199	YKL093W	0.70571
6200	YML062C	0.70567
6201	YAR020C	0.70548
6202	YBR120C	0.70542
6203	YPR126C	0.7054
6204	YMR086W	0.70539
6205	YLR394W	0.70528
6206	YOR072W-A	0.70507
6207	YGR214W	0.70504
6208	YDR277C	0.70497
6209	YMR160W	0.70479
6210	YLR154W-F	0.70478
6211	YJL051W	0.70466
6212	YFR001W	0.70452
6213	YLR273C	0.7045
6214	YGR085C	0.70432
6215	YDR239C	0.70423
6216	YJR107C-A	0.70419
6217	YDR163W	0.70388
6218	YML024W	0.70386
6219	YDR529C	0.70383
6220	YGR160W	0.70383
6221	YDR351W	0.70378
6222	YDR275W	0.70366
6223	YPR036W-A	0.70365
6224	YGR236C	0.70364
6225	YPL250C	0.70361
6226	YLR094C	0.70349
6227	YOL099C	0.70328
6228	YKR010C	0.70315
6229	YBR255W	0.70304
6230	YER044C-A	0.70301
6231	YOR352W	0.70296
6232	YDR034W-B	0.70267
6233	YOR252W	0.70264
6234	YOR313C	0.70261
6235	YPR160W-A	0.70255
6236	YJR011C	0.70254
6237	YJL185C	0.70239
6238	YCR087W	0.70219
6239	YBR173C	0.70219
6240	YDR030C	0.70219
6241	YMR003W	0.70212
6242	YOR195W	0.70208
6243	YNR036C	0.70202
6244	YLR154W-A	0.70201
6245	YMR286W	0.7019
6246	YPR064W	0.70182
6247	YIR016W	0.70176
6248	YMR122C	0.7015
6249	YPR171W	0.70135
6250	YGL123W	0.70131
6251	YCL044C	0.70126
6252	YKL204W	0.70123
6253	YLR076C	0.70123
6254	YJR056C	0.70116
6255	YCR045W-A	0.70109
6256	YIL045W	0.70108
6257	YDR014W-A	0.7009
6258	YCR065W	0.70085
6259	YCL068C	0.70059
6260	YIR010W	0.70055
6261	YLR091W	0.70041
6262	YHR195W	0.70039
6263	YCR082W	0.70025
6264	YAL025C	0.70025
6265	YGL035C	0.70023
6266	YHL025W	0.70009
6267	YDR227W	0.69998
6268	YKL023W	0.69986
6269	YLR283W	0.69976
6270	YGL023C	0.69973
6271	YHR213W-A	0.69967
6272	YHR087W	0.69964
6273	YBL006C	0.69947
6274	YER158C	0.69927
6275	YGL102C	0.69922
6276	YCL041C	0.69906
6277	YOL025W	0.69902
6278	YOR096W	0.69901
6279	YHR054C	0.69889
6280	YPL198W	0.69889
6281	YHR072W-A	0.69882
6282	YBR152W	0.69833
6283	YKR037C	0.69827
6284	YDR252W	0.69825
6285	YBL046W	0.69824
6286	YKL100W-A	0.69819
6287	YEL008C-A	0.69812
6288	YIL134C-A	0.69809
6289	YFR017C	0.69798
6290	YGL121C	0.69778
6291	YBR126W-A	0.6976
6292	YKL138C-A	0.69727
6293	YBR196C-B	0.69725
6294	YPR174C	0.69724
6295	YJL027C	0.69714
6296	YML009C-A	0.69713
6297	YPR076W	0.69708
6298	YOR062C	0.69681
6299	YOR268C	0.6968
6300	YLR230W	0.69673
6301	YDR201W	0.69665
6302	YLR146W-A	0.69663
6303	YEL057C	0.69657
6304	YPR102C	0.69638
6305	YDR181C	0.69638
6306	YHR160C	0.6963
6307	YLR190W	0.69625
6308	YPL271W	0.69616
6309	YAL037C-B	0.69608
6310	YNL195C	0.6959
6311	YDR223W	0.69581
6312	YPL066W	0.69581
6313	YPR158W	0.69564
6314	YGR179C	0.69559
6315	YDR260C	0.69558
6316	YLR031W	0.69557
6317	YFL015W-A	0.69552
6318	YDR482C	0.69549
6319	YOR309C	0.69538
6320	YLR075W	0.69533
6321	YJL119C	0.69527
6322	YPR151C	0.69516
6323	YDR219C	0.69485
6324	YGL021W	0.69478
6325	YNL311C	0.69478
6326	YGL223C	0.69455
6327	YPL014W	0.69446
6328	YKL018C-A	0.69439
6329	YDR377W	0.69431
6330	YKL097C	0.6943
6331	YNL100W	0.69406
6332	YOR150W	0.69391
6333	YDR207C	0.69379
6334	YGR153W	0.69376
6335	YLR159C-A	0.69375
6336	YLR157C-C	0.69375
6337	YLR154C-H	0.69375
6338	YLR156C-A	0.69375
6339	YKL053W	0.69371
6340	YIL032C	0.69361
6341	YDL169C	0.69333
6342	YPL197C	0.69333
6343	YGR008C	0.69319
6344	YLR048W	0.69293
6345	YFL012W	0.69281
6346	YOR023C	0.69279
6347	YML091C	0.69276
6348	YIL093C	0.69258
6349	YOR284W	0.69252
6350	YIL136W	0.69246
6351	YGR227C-A	0.69233
6352	YEL033W	0.69229
6353	YBR090C	0.69228
6354	YPL089C	0.69206
6355	YLL045C	0.69203
6356	YDR356W	0.69199
6357	YKL138C	0.69197
6358	YLR281C	0.69195
6359	YNL086W	0.69193
6360	YAL064W-B	0.69185
6361	YGL175C	0.69174
6362	YMR219W	0.69163
6363	YHR032W-A	0.6915
6364	YNR037C	0.69146
6365	YDR462W	0.69146
6366	YDL151C	0.69141
6367	YLR184W	0.69108
6368	YER121W	0.691
6369	YBR130C	0.69099
6370	YMR195W	0.69095
6371	YHR143W-A	0.69094
6372	YOL106W	0.69084
6373	YLR068W	0.69073
6374	YOR066W	0.69068
6375	YBR047W	0.69063
6376	YDR439W	0.69062
6377	YLR327C	0.69059
6378	YKL063C	0.69058
6379	YLR030W	0.69039
6380	YLR235C	0.69031
6381	YJL133C-A	0.69026
6382	YIL122W	0.69011
6383	YNL233W	0.69004
6384	YKL111C	0.68967
6385	YJL028W	0.68965
6386	Q0092	0.6896
6387	YPR008W	0.68952
6388	YPL136W	0.68925
6389	YLR052W	0.68908
6390	YML058W	0.68842
6391	YBR009C	0.68825
6392	YOR055W	0.68821
6393	YLR325C	0.68815
6394	YER158W-A	0.68812
6395	YKL056C	0.68808
6396	YPR078C	0.68801
6397	YGR126W	0.68786
6398	YGR273C	0.68769
6399	YNL211C	0.68745
6400	YOL036W	0.68744
6401	YER034W	0.68741
6402	YGL076C	0.68736
6403	YOL039W	0.68732
6404	YBR050C	0.68729
6405	YER130C	0.68699
6406	YDL180W	0.68693
6407	YOR008W-B	0.68685
6408	YDR119W-A	0.68659
6409	YMR270C	0.68652
6410	YDL085C-A	0.68618
6411	YBR165W	0.68608
6412	YJL144W	0.68607
6413	YKL105C	0.68606
6414	YPL143W	0.68605
6415	YER167W	0.6859
6416	YHR152W	0.68552
6417	YJR083C	0.6855
6418	YER124C	0.6854
6419	YDL130W-A	0.68538
6420	YIL146C	0.68533
6421	YJL026C-A	0.68527
6422	YBR156C	0.68521
6423	YGR221C	0.6851
6424	YLR280C	0.68438
6425	YLR009W	0.68438
6426	YDL228C	0.68415
6427	YNL074C	0.68397
6428	YMR036C	0.68397
6429	YPR059C	0.68381
6430	YOR045W	0.68361
6431	YCL058W-A	0.68358
6432	YOR234C	0.68348
6433	YKL112W	0.68348
6434	YGR120C	0.68318
6435	YGL128C	0.68311
6436	YDR249C	0.68301
6437	YCL063W	0.68298
6438	YBR031W	0.68294
6439	YLR223C	0.68286
6440	YOR381W-A	0.6826
6441	YGR076C	0.68253
6442	YAL032C	0.68249
6443	YBR045C	0.68242
6444	YHR014W	0.6824
6445	YLL033W	0.682
6446	YDR528W	0.68198
6447	YDR450W	0.68193
6448	YML026C	0.68193
6449	YOR255W	0.68191
6450	YGR239C	0.68164
6451	YKL153W	0.68153
6452	YLR049C	0.68115
6453	YDR065W	0.68101
6454	YKL042W	0.68083
6455	YDR012W	0.68082
6456	YPL077C	0.68052
6457	YAL047C	0.68049
6458	YGR035C	0.68045
6459	YLR112W	0.68017
6460	YOR324C	0.67982
6461	YOR105W	0.67977
6462	YGR174W-A	0.67953
6463	YOR044W	0.67951
6464	YBL028C	0.67929
6465	YBR095C	0.67921
6466	YGR209C	0.67878
6467	YNL076W	0.67827
6468	YJL162C	0.67823
6469	YLR264W	0.67799
6470	YOR372C	0.67765
6471	YGL057C	0.67725
6472	YDR113C	0.67683
6473	YHR157W	0.6768
6474	YML109W	0.67661
6475	YMR037C	0.67659
6476	YFR046C	0.67632
6477	YNL214W	0.67616
6478	YLR445W	0.67608
6479	YBR201C-A	0.67537
6480	YHL033C	0.67532
6481	YGR027C	0.67531
6482	YDR088C	0.67524
6483	YDL181W	0.67511
6484	YDR028C	0.67496
6485	YMR256C	0.67483
6486	YML053C	0.67469
6487	YJL089W	0.67446
6488	YPL071C	0.67421
6489	YNL057W	0.67407
6490	YMR144W	0.6739
6491	YPR065W	0.67386
6492	YLR053C	0.67381
6493	YOR167C	0.6738
6494	YGR251W	0.67375
6495	YOR343C	0.67316
6496	YPL068C	0.67307
6497	YER067W	0.67295
6498	YJL118W	0.67291
6499	YKL065W-A	0.67276
6500	YKL099C	0.67217
6501	YLR236C	0.67196
6502	YER117W	0.67195
6503	YBL087C	0.67195
6504	YLR012C	0.67134
6505	YDR130C	0.6712
6506	YKR022C	0.67111
6507	YJR145C	0.67105
6508	YHR203C	0.67105
6509	YBR010W	0.67086
6510	YIL135C	0.67076
6511	YFR012W-A	0.67054
6512	YDR186C	0.67046
6513	YBL006W-A	0.67033
6514	YLR061W	0.66945
6515	YFL014W	0.66907
6516	YPL055C	0.66898
6517	YLR257W	0.6686
6518	YOR279C	0.66859
6519	YLR102C	0.66832
6520	YNL078W	0.6683
6521	YJL161W	0.66829
6522	YLR154C-G	0.66814
6523	YDR085C	0.66793
6524	YLR347W-A	0.66779
6525	YIL127C	0.66776
6526	YER106W	0.6677
6527	YER033C	0.66745
6528	YCR050C	0.66744
6529	YLR333C	0.66743
6530	YDR022C	0.66731
6531	YML006C	0.6672
6532	YMR273C	0.66599
6533	YBL031W	0.6659
6534	YLL044W	0.66576
6535	YPR132W	0.66545
6536	YGR118W	0.66545
6537	YJR123W	0.66516
6538	YJL147C	0.66504
6539	YDR309C	0.66478
6540	YBR194W	0.66439
6541	YNL146W	0.66399
6542	YKR077W	0.66381
6543	YPR145C-A	0.66354
6544	YHR061C	0.66349
6545	YGL015C	0.66291
6546	YGL103W	0.66284
6547	YBR071W	0.66282
6548	YPL180W	0.66252
6549	YDR184C	0.66244
6550	YNL188W	0.66204
6551	YDR382W	0.66186
6552	YBR285W	0.6617
6553	YER126C	0.66134
6554	YER035W	0.66115
6555	YOR158W	0.66081
6556	YGL222C	0.66063
6557	YKL068W-A	0.66042
6558	YML119W	0.65982
6559	YGR215W	0.65959
6560	YDL186W	0.6595
6561	YOL121C	0.65943
6562	YMR255W	0.65879
6563	YLR279W	0.65836
6564	YPL118W	0.65825
6565	YPL124W	0.65812
6566	YER018C	0.65803
6567	YER104W	0.65787
6568	YPL255W	0.6577
6569	YER088W-B	0.65722
6570	YPL121C	0.65717
6571	YMR316C-B	0.65644
6572	YPL267W	0.65637
6573	YER032W	0.65633
6574	YOR315W	0.6548
6575	YNL302C	0.65457
6576	YOR312C	0.65427
6577	YMR242C	0.65427
6578	YML063W	0.65319
6579	YPL229W	0.65291
6580	YDR480W	0.65177
6581	YPR046W	0.65177
6582	YLR388W	0.65108
6583	YGL036W	0.65078
6584	YFL031C-A	0.6506
6585	YNL069C	0.65012
6586	YLR150W	0.65011
6587	YIL052C	0.64924
6588	YLR262C-A	0.64806
6589	YMR181C	0.64763
6590	YDR494W	0.64757
6591	YMR206W	0.64752
6592	YLR441C	0.64746
6593	Q0297	0.64738
6594	YMR174C	0.64718
6595	YOL085C	0.64699
6596	YER056C-A	0.64671
6597	YLR043C	0.64644
6598	YBL081W	0.64565
6599	YMR136W	0.64556
6600	YOR248W	0.64514
6601	YPR083W	0.64462
6602	YJL191W	0.64446
6603	YER180C	0.64445
6604	YML073C	0.64438
6605	YLR315W	0.64251
6606	YOL109W	0.64222
6607	YML112W	0.642
6608	YBR211C	0.64175
6609	YLR448W	0.64101
6610	YLR457C	0.64099
6611	YCR031C	0.64079
6612	YMR173W-A	0.64032
6613	YKL023C-A	0.63998
6614	YHR185C	0.63997
6615	YLR412C-A	0.63924
6616	YPL159C	0.63909
6617	YBR223W-A	0.63888
6618	YDR070C	0.63873
6619	YBR126W-B	0.63847
6620	YIR025W	0.63836
6621	YPL079W	0.63777
6622	YGL029W	0.63761
6623	YBR056C-B	0.63752
6624	YIL018W	0.63719
6625	YFR031C-A	0.63719
6626	YKL109W	0.63714
6627	YER079W	0.63659
6628	YNR010W	0.63629
6629	YLR261C	0.63617
6630	YDR025W	0.63545
6631	YBR048W	0.63545
6632	YML003W	0.63503
6633	YLR331C	0.63414
6634	YPL037C	0.6335
6635	YGR022C	0.63343
6636	YDR471W	0.63262
6637	YGL170C	0.63249
6638	YBR191W	0.63211
6639	YGL031C	0.63205
6640	YBR157C	0.63199
6641	YDR133C	0.63152
6642	YNL140C	0.63121
6643	YHR010W	0.62963
6644	Q0032	0.6295
6645	YBR230W-A	0.62902
6646	YDL061C	0.62806
6647	YIL100W	0.62705
6648	YKL145W-A	0.62638
6649	YPL223C	0.62539
6650	YMR081C	0.62394
6651	YBR138C	0.62354
6652	YOL040C	0.62135
6653	Q0140	0.61872
6654	YPL081W	0.61856
6655	YDL191W	0.61802
6656	YDL136W	0.61802
6657	YDL007C-A	0.61799
6658	YIL152W	0.61639
6659	YBR189W	0.61627
6660	YMR252C	0.61577
6661	YIL133C	0.61521
6662	YEL032C-A	0.61505
6663	YFR036W	0.61263
6664	YBR113W	0.61243
6665	YGR148C	0.61078
6666	YHL001W	0.60788
6667	YOL127W	0.60636
6668	YMR175W	0.60633
6669	YDL075W	0.60581
6670	YNL178W	0.60534
6671	YKL006W	0.6051
6672	YBL092W	0.60483
6673	YOR063W	0.60436
6674	YGR169C-A	0.60413
6675	YDR193W	0.6041
6676	YLR406C	0.6038
6677	YMR194W	0.60281
6678	YER074W	0.60065
6679	YIL069C	0.60065
6680	YKR075C	0.59937
6681	YGR146C	0.59837
6682	YER102W	0.59785
6683	YBL072C	0.59785
6684	YOR053W	0.5962
6685	YER153C	0.59609
6686	YOL120C	0.59142
6687	YNL301C	0.59142
6688	YJR094C	0.59107
6689	YDR500C	0.59006
6690	YGL189C	0.59004
6691	YPL249C-A	0.5895
6692	YIL046W-A	0.58749
6693	YLR029C	0.58668
6694	YER131W	0.58667
6695	YMR121C	0.58486
6696	YJR005C-A	0.58443
6697	YLR185W	0.58371
6698	YBR181C	0.57912
6699	YPL090C	0.57912
6700	YLR437C-A	0.57446
6701	YJL189W	0.57401
6702	YHR052C-B	0.57342
6703	YHR054C-B	0.57342
6704	YGR034W	0.57297
6705	YLR344W	0.57228
6706	YGR151C	0.56362
6707	YML009C	0.56234
6708	YLR363W-A	0.56179
6709	YBR084C-A	0.56107
6710	YBL027W	0.56107
6711	YHR141C	0.5601
6712	YNL162W	0.5601
6713	YFR032C-A	0.5457
6714	YDR433W	0.53932
6715	YJL177W	0.53594
6716	YKL180W	0.52996
6717	YDL082W	0.52702
6718	YJR094W-A	0.52496
6719	YPR043W	0.52496
6720	YOR182C	0.52325
6721	YLR287C-A	0.52325
6722	YMR142C	0.52266
6723	YHR214W-A	0.50523
6724	YAR068W	0.50144
6725	YDL184C	0.49351
6726	YDL133C-A	0.49351
6727	YML009W-B	0.45938
6728	YMR106W-A	0.30758
6729	YNL155C-A	0.30758
6730	YFR035W-A	0.30758
6731	YDL204W-A	0.30758
6732	YGR016C-A	0.30758
6733	YNL040C-A	0.30758
