rank	yeast_gene	cosine
1	YPL218W	0.92606
2	YDL192W	0.92072
3	YDL137W	0.917
4	YKR059W	0.91434
5	YLR229C	0.91418
6	YPL203W	0.91411
7	YBR241C	0.91267
8	YBR164C	0.91022
9	YPR165W	0.91004
10	YGL256W	0.90963
11	YER072W	0.90806
12	YGL008C	0.90701
13	YKL190W	0.90638
14	YDR345C	0.90562
15	YFL039C	0.90377
16	YJL108C	0.90291
17	YHR092C	0.90267
18	YJL164C	0.90233
19	YPL036W	0.90211
20	YPR183W	0.90121
21	YNL189W	0.89974
22	YPR182W	0.8997
23	YDL047W	0.89967
24	YDR343C	0.89909
25	YHR094C	0.89902
26	YLR234W	0.8986
27	YDR342C	0.89841
28	YDL126C	0.89774
29	YLR147C	0.89543
30	YBR261C	0.89494
31	YGR105W	0.89453
32	YDR155C	0.89384
33	YLR081W	0.89376
34	YOR094W	0.89371
35	YBR160W	0.89369
36	YBR109C	0.89355
37	YHL047C	0.89325
38	YLR113W	0.89312
39	YMR290C	0.89307
40	YMR011W	0.89305
41	YNL090W	0.89302
42	YHR218W-A	0.89287
43	YBL112C	0.89287
44	YKL024C	0.89287
45	YOR257W	0.89271
46	YJL214W	0.89255
47	YDL006W	0.8925
48	YDL084W	0.89239
49	YDL229W	0.89236
50	YOR089C	0.89211
51	YPR192W	0.89179
52	YMR109W	0.89176
53	YNL209W	0.8917
54	YNL112W	0.89073
55	YFL011W	0.89047
56	YDR373W	0.89039
57	YDR021W	0.89003
58	YHR096C	0.88961
59	YMR034C	0.88924
60	YDL245C	0.88898
61	YER133W	0.88865
62	YOR378W	0.88833
63	YJR158W	0.88827
64	YIL170W	0.88826
65	YDL134C	0.88773
66	YOR046C	0.88673
67	YGL058W	0.88654
68	YPL266W	0.88652
69	YLR293C	0.88652
70	YOL156W	0.8863
71	YOR204W	0.88613
72	YER009W	0.88611
73	YOR185C	0.88592
74	YNR072W	0.88555
75	YDR075W	0.88545
76	YNL290W	0.88544
77	YDL166C	0.88463
78	YJL167W	0.88452
79	YGL225W	0.88443
80	YEL069C	0.8844
81	YFL038C	0.8842
82	YLL053C	0.88411
83	YAL020C	0.88411
84	YPR204W	0.88405
85	YMR079W	0.88383
86	YLL024C	0.88374
87	YHL040C	0.88362
88	YJL219W	0.88361
89	YOR122C	0.8832
90	YGR123C	0.88313
91	YBL016W	0.88254
92	YBL075C	0.88244
93	YGL255W	0.88243
94	YAL005C	0.88243
95	YHR030C	0.8821
96	YNL135C	0.88205
97	YPL031C	0.88191
98	YBR082C	0.88188
99	YPL234C	0.88125
100	YDL108W	0.88108
101	YKR039W	0.88097
102	YLR438C-A	0.88089
103	YER060W-A	0.88082
104	YER103W	0.88071
105	YJL014W	0.88033
106	YMR222C	0.88032
107	YML012W	0.87974
108	YDL128W	0.87959
109	YGR218W	0.87958
110	YDL055C	0.87953
111	YER177W	0.87946
112	YKL196C	0.87941
113	YMR015C	0.87936
114	YLL060C	0.87936
115	YPR113W	0.87927
116	YJL034W	0.87891
117	YER039C	0.87865
118	YAR002C-A	0.87851
119	YLR347C	0.87815
120	YFL055W	0.8781
121	YER125W	0.87785
122	YGR231C	0.87772
123	YBR187W	0.87764
124	YCR010C	0.87636
125	YDR040C	0.87592
126	YHR169W	0.87589
127	YLL050C	0.87583
128	YER020W	0.87574
129	YFL058W	0.87573
130	YKL218C	0.87548
131	YHR070W	0.87498
132	YKL129C	0.87491
133	YDL244W	0.87489
134	YDR226W	0.87479
135	YNL332W	0.87478
136	YPL058C	0.87466
137	YEL027W	0.87456
138	YDR129C	0.87445
139	YDR059C	0.87427
140	YNL098C	0.87414
141	YGR252W	0.87411
142	YEL066W	0.87405
143	YMR246W	0.874
144	YHR018C	0.87374
145	YML018C	0.87367
146	YJR156C	0.87364
147	YLR466W	0.8736
148	YER148W	0.87357
149	YDR196C	0.87349
150	YPL119C	0.87343
151	YDR424C	0.87339
152	YER031C	0.87339
153	YMR292W	0.87332
154	YER060W	0.87327
155	YBL026W	0.87263
156	YDR404C	0.8726
157	YDR039C	0.87252
158	YPR052C	0.8725
159	YPL061W	0.87241
160	YDR536W	0.87234
161	YHR128W	0.87231
162	YNL010W	0.87213
163	YNL268W	0.87213
164	YPL106C	0.87203
165	YGR282C	0.872
166	YPR173C	0.87193
167	YBR089C-A	0.87184
168	YDR185C	0.87174
169	YDR092W	0.87174
170	YEL077C	0.87146
171	YGR281W	0.87139
172	YLL028W	0.87128
173	YHR200W	0.87118
174	YER036C	0.87114
175	YER119C	0.87103
176	YJL026W	0.8708
177	YGL120C	0.87059
178	YJL050W	0.87056
179	YML102W	0.87045
180	YFL066C	0.87042
181	YBR252W	0.87035
182	YCR098C	0.87018
183	YOL038W	0.87015
184	YGL210W	0.87007
185	Q0130	0.87003
186	YDR353W	0.86969
187	YGL054C	0.86968
188	YER056C	0.86964
189	YOL094C	0.86962
190	YDL188C	0.86953
191	YDR038C	0.86936
192	YKR002W	0.8693
193	YGL167C	0.86927
194	YHL016C	0.86909
195	YJR105W	0.86902
196	YDL029W	0.86879
197	YKL166C	0.86872
198	YGL253W	0.86871
199	YDR099W	0.86852
200	YIL148W	0.86846
201	YKR094C	0.86846
202	YGR040W	0.86832
203	YAL038W	0.86788
204	YGL001C	0.86778
205	YOR161C	0.86773
206	YDL064W	0.86764
207	YEL063C	0.86758
208	YOL143C	0.86694
209	YJR065C	0.86692
210	YDL022W	0.86689
211	YML123C	0.86686
212	YBL071W-A	0.86672
213	YGR208W	0.86634
214	YEL026W	0.86628
215	YDR454C	0.86608
216	YMR300C	0.86593
217	YNR073C	0.86583
218	YEL070W	0.86583
219	YDL097C	0.86582
220	YPL051W	0.86578
221	YIR036C	0.86578
222	YER107C	0.86562
223	YPR069C	0.8656
224	YNR002C	0.86546
225	YGL091C	0.86541
226	YLR249W	0.86516
227	YHR106W	0.86515
228	YJL001W	0.86509
229	YOR224C	0.86505
230	YHR110W	0.86496
231	YCL025C	0.86464
232	YHL050C	0.86457
233	YBR169C	0.86457
234	YOL021C	0.86445
235	YNL014W	0.86438
236	YAL026C	0.86437
237	YIL121W	0.86433
238	YCR009C	0.8643
239	YBL030C	0.8642
240	YER190W	0.86409
241	YLR170C	0.86398
242	YOL158C	0.86378
243	YGR211W	0.86372
244	YJL196C	0.86372
245	YFL045C	0.86367
246	YDR510W	0.86343
247	YNL270C	0.86329
248	YNL006W	0.86316
249	YPL264C	0.86315
250	YJR058C	0.86304
251	YLL026W	0.86304
252	YML001W	0.86304
253	YDR540C	0.86301
254	YGR138C	0.863
255	YDR002W	0.86277
256	YGL070C	0.86269
257	YFR053C	0.86269
258	YDR519W	0.86265
259	YGR152C	0.86248
260	YNL244C	0.86247
261	YOR348C	0.8623
262	YOR153W	0.86226
263	YER095W	0.86213
264	YOL075C	0.86186
265	YPL017C	0.86184
266	YHR007C	0.8617
267	YPR138C	0.86156
268	YER159C	0.86154
269	YPL246C	0.86153
270	YDR341C	0.86128
271	YNL093W	0.86127
272	YDL160C	0.8611
273	YDR406W	0.86093
274	YDR091C	0.86081
275	YNL142W	0.86076
276	YDL168W	0.86074
277	YKL033W-A	0.8607
278	YDR139C	0.86058
279	YHR057C	0.86055
280	YER166W	0.86049
281	YFL005W	0.8604
282	YOR197W	0.86037
283	YNR053C	0.86015
284	YBR106W	0.86014
285	YOR061W	0.86013
286	YEL051W	0.86008
287	YBR296C	0.86004
288	YOR270C	0.85979
289	YER081W	0.85951
290	YPL275W	0.85951
291	YDL100C	0.85946
292	YJL213W	0.8594
293	YBR080C	0.85918
294	YLR168C	0.85912
295	YNL288W	0.8591
296	YDR394W	0.85908
297	YML069W	0.85907
298	YGR210C	0.85892
299	YFL017W-A	0.85888
300	YER099C	0.8588
301	YHR065C	0.85856
302	YJR045C	0.85851
303	YER023W	0.85846
304	YMR279C	0.85846
305	YNR055C	0.85819
306	YAL061W	0.85804
307	YBL113C	0.85798
308	YOR317W	0.85787
309	YLL067C	0.85779
310	YJR124C	0.85779
311	YIL078W	0.85764
312	YER026C	0.85754
313	YEL046C	0.85751
314	YGR191W	0.85742
315	YGR055W	0.85731
316	YLR397C	0.85707
317	YBR154C	0.85699
318	YGL048C	0.85695
319	YLR303W	0.85692
320	YER057C	0.85687
321	YCR047C	0.85687
322	YNL113W	0.85686
323	YGL087C	0.85669
324	YOR187W	0.85664
325	YOR347C	0.85658
326	YML124C	0.85648
327	YCR020C-A	0.85641
328	YML085C	0.85639
329	YLR058C	0.85628
330	YGL011C	0.85626
331	YOR159C	0.85618
332	YBL102W	0.85606
333	YLR193C	0.85604
334	YOR362C	0.85594
335	YBR008C	0.85591
336	YNL307C	0.85588
337	YDR328C	0.85568
338	YER089C	0.85568
339	YGL200C	0.85567
340	YEL031W	0.85554
341	YGR253C	0.85548
342	YML022W	0.85547
343	YEL034W	0.85547
344	YDR046C	0.85543
345	YNL255C	0.85518
346	YOL162W	0.85514
347	YPR051W	0.85512
348	YMR116C	0.85501
349	YKL104C	0.85499
350	YKL216W	0.85497
351	YOR381W	0.85476
352	YDR339C	0.85473
353	YDR086C	0.85473
354	YHL003C	0.85459
355	YBR085W	0.85442
356	YJL121C	0.85437
357	YPL129W	0.85421
358	YDL222C	0.85416
359	YMR226C	0.85412
360	YLR258W	0.85409
361	YGR248W	0.85404
362	YKL145W	0.85395
363	YOR117W	0.85391
364	YOR388C	0.85391
365	YLR034C	0.85384
366	YLR130C	0.85375
367	YJL030W	0.85362
368	YHR163W	0.85353
369	YDR011W	0.85344
370	YDR497C	0.85337
371	YMR056C	0.85332
372	YNL274C	0.85325
373	YIL009W	0.85323
374	YER171W	0.8532
375	YDL125C	0.85317
376	YIR042C	0.85313
377	YKL146W	0.85307
378	YOR157C	0.85291
379	YIL143C	0.85282
380	YGR234W	0.85277
381	YJR104C	0.85269
382	YBL024W	0.85266
383	YBL021C	0.85266
384	YKL217W	0.85263
385	YCR012W	0.85228
386	YNL330C	0.85224
387	YLR200W	0.85221
388	YGR060W	0.85213
389	YPR145W	0.85211
390	YLR011W	0.85193
391	YER012W	0.85185
392	YGR121C	0.85176
393	YGL063W	0.85173
394	YOL151W	0.85148
395	YIL177C	0.85146
396	YBR298C	0.85143
397	YDL230W	0.8514
398	YIL003W	0.85138
399	YDR238C	0.85116
400	YER019W	0.85113
401	YJL225C	0.85106
402	YEL021W	0.85102
403	YJR074W	0.85089
404	YDR384C	0.85079
405	YOR259C	0.85078
406	YHR218W	0.85078
407	YER165W	0.85073
408	YJR073C	0.85071
409	YEL058W	0.85045
410	YPL244C	0.85043
411	YDR135C	0.85041
412	YIL043C	0.8504
413	YEL037C	0.85035
414	YCR059C	0.8503
415	YJR159W	0.84987
416	YNL064C	0.84984
417	YDL164C	0.84983
418	YFR014C	0.84978
419	YHL011C	0.84975
420	YER062C	0.84965
421	YLL066C	0.84957
422	YDR508C	0.8495
423	YBR019C	0.8494
424	YGL062W	0.84931
425	YNL241C	0.8492
426	YBR126C	0.84915
427	YJR068W	0.84911
428	YBL078C	0.84901
429	YJR025C	0.84897
430	YFR009W	0.8488
431	YLR216C	0.84877
432	YMR146C	0.84871
433	YGL078C	0.84859
434	YMR260C	0.84846
435	YDL182W	0.84845
436	YER110C	0.84832
437	YPR062W	0.84831
438	YIL120W	0.84822
439	YPL067C	0.84815
440	YER185W	0.84806
441	YER025W	0.84794
442	YGR207C	0.8479
443	YEL030W	0.84787
444	YGR132C	0.84787
445	YCL040W	0.84782
446	YCL035C	0.84774
447	YOL030W	0.84757
448	YPL154C	0.84753
449	YDL246C	0.84752
450	YFR018C	0.84739
451	YJR153W	0.84738
452	YJR047C	0.84736
453	YOL133W	0.8472
454	YOL103W	0.84712
455	YNR032W	0.84709
456	YJR152W	0.84708
457	YOL122C	0.847
458	YEL065W	0.84695
459	YLR237W	0.84688
460	YOR396W	0.84682
461	YDR545W	0.84682
462	YLR467W	0.84682
463	YOL139C	0.84668
464	YML133C	0.84667
465	YDR297W	0.84665
466	Q0275	0.84662
467	YPL259C	0.84648
468	YBL068W	0.84646
469	YER090W	0.84643
470	YOR273C	0.84633
471	YKL152C	0.84633
472	YLR153C	0.84631
473	YKR080W	0.8463
474	YPL199C	0.84628
475	YGL097W	0.84627
476	YKL220C	0.84626
477	YMR183C	0.84612
478	YIR037W	0.84602
479	YDL001W	0.84602
480	YER174C	0.84589
481	YDR456W	0.84588
482	YER178W	0.84583
483	YOL147C	0.84579
484	YIR035C	0.84572
485	YER052C	0.84564
486	YGL106W	0.84564
487	YDR375C	0.84562
488	YNR003C	0.84549
489	YER004W	0.84546
490	YAL060W	0.84542
491	YOR084W	0.84523
492	YGL211W	0.84522
493	YER074W-A	0.84519
494	YFL056C	0.84517
495	YEL064C	0.84514
496	YML057W	0.84501
497	YER190C-A	0.845
498	YNL339W-A	0.845
499	YML133W-A	0.845
500	YGR296C-A	0.845
501	YPL283W-A	0.845
502	YAR007C	0.84495
503	YMR236W	0.84489
504	YPL028W	0.84485
505	YPL245W	0.84482
506	YBR243C	0.84472
507	YOR131C	0.84471
508	YBR218C	0.84467
509	YGL002W	0.84466
510	YMR276W	0.84464
511	YNR070W	0.84448
512	YNL339C	0.84444
513	YLR348C	0.84443
514	YBL050W	0.84443
515	YPL283C	0.84441
516	YGR296W	0.84437
517	YDR388W	0.84422
518	YKL046C	0.84415
519	YGR256W	0.84407
520	YER094C	0.84395
521	YMR271C	0.84393
522	YLL018C	0.84393
523	YGR124W	0.84385
524	YLR134W	0.84372
525	YMR307W	0.8437
526	YHR183W	0.84369
527	YPR103W	0.84363
528	YFL026W	0.84342
529	YOL086C	0.8434
530	YIL116W	0.84334
531	YOR323C	0.84329
532	YIL053W	0.84328
533	YCR060W	0.84326
534	YHR019C	0.84318
535	YOR283W	0.84312
536	YPL232W	0.84312
537	YGL157W	0.84301
538	YER146W	0.84301
539	YER055C	0.843
540	YHR189W	0.84294
541	YPR156C	0.84291
542	YJR017C	0.84281
543	YOL084W	0.84278
544	YBL036C	0.84274
545	YDR304C	0.84267
546	YGR043C	0.84265
547	YGL220W	0.84261
548	YOR027W	0.84249
549	YNR050C	0.84246
550	YBR145W	0.8424
551	YAL023C	0.84234
552	YGR224W	0.84231
553	YOR133W	0.84231
554	YIL074C	0.8423
555	YKL094W	0.84229
556	YNL202W	0.84228
557	YHR005C	0.84228
558	YFR015C	0.84188
559	YGR185C	0.84179
560	YOR380W	0.84172
561	YCR028C	0.84151
562	YJR112W-A	0.84142
563	YKR105C	0.84137
564	YAL049C	0.84129
565	YLR044C	0.84115
566	YKR093W	0.84113
567	YFL037W	0.84112
568	YOR126C	0.84103
569	YBL091C-A	0.84102
570	YLL039C	0.84088
571	YGL234W	0.84085
572	YDR541C	0.84085
573	YGR213C	0.84081
574	YLR208W	0.8408
575	YHR032W	0.84079
576	YDR050C	0.8407
577	YPR041W	0.84066
578	YER073W	0.84062
579	YNR060W	0.84062
580	YLL056C	0.8406
581	YEL013W	0.84058
582	YFL067W	0.8404
583	YML008C	0.84039
584	YCR073W-A	0.84034
585	YGR175C	0.84034
586	YHR135C	0.84031
587	YOR328W	0.84031
588	YJR095W	0.8403
589	YBR221C	0.84023
590	YOL097C	0.84021
591	YPL276W	0.84019
592	YER086W	0.84018
593	YBR249C	0.84014
594	YER179W	0.84011
595	YGL126W	0.84005
596	YER043C	0.83987
597	YJL055W	0.83983
598	YMR108W	0.83972
599	YMR071C	0.8395
600	YJL111W	0.83947
601	YIR028W	0.83945
602	YBR159W	0.83938
603	YAR073W	0.83938
604	YHR107C	0.83931
605	YNL281W	0.8393
606	YGL039W	0.83917
607	YGL221C	0.83907
608	YBR222C	0.83904
609	YPR035W	0.839
610	YPR080W	0.83896
611	YPR016C	0.83891
612	YMR230W	0.83886
613	YJL217W	0.83884
614	YHR050W	0.8388
615	YDR272W	0.83878
616	YDR276C	0.83878
617	YDR033W	0.83869
618	YOL005C	0.83864
619	YGL047W	0.83861
620	YIL065C	0.83856
621	YDR090C	0.83855
622	YBR143C	0.83842
623	YPR086W	0.83837
624	YFR004W	0.83829
625	YBR034C	0.83828
626	YOL164W	0.83818
627	YDR177W	0.83812
628	YLR186W	0.83805
629	YNR032C-A	0.83797
630	YGL135W	0.83796
631	YPL220W	0.83796
632	YGL012W	0.83795
633	YMR095C	0.83794
634	YNL024C	0.83794
635	YER145C	0.83793
636	YJL218W	0.83792
637	YLR155C	0.83785
638	YLR160C	0.83785
639	YLR157C	0.83785
640	YLR158C	0.83785
641	YCR057C	0.83784
642	YCL073C	0.83781
643	YJR069C	0.8378
644	YJL094C	0.83776
645	YOR293W	0.83766
646	YGR267C	0.83751
647	YDL102W	0.83749
648	YLR438W	0.83744
649	YDR084C	0.83718
650	YMR303C	0.83703
651	YOR326W	0.8368
652	YLR268W	0.83677
653	YDR300C	0.83675
654	YLR069C	0.83674
655	YHR026W	0.83673
656	YEL011W	0.83665
657	YNL264C	0.83661
658	YJR007W	0.8366
659	YGR065C	0.83654
660	YPL274W	0.83653
661	YNR064C	0.83648
662	YCL009C	0.83645
663	YLR433C	0.83642
664	YJR049C	0.83638
665	YKR106W	0.83625
666	YGR203W	0.83606
667	YDL052C	0.83604
668	YMR203W	0.83593
669	YGR020C	0.8359
670	YPL175W	0.8359
671	YMR205C	0.83589
672	YNL044W	0.83586
673	YLR005W	0.83582
674	YBL111C	0.83581
675	YKL127W	0.83578
676	YBR054W	0.83576
677	YJL143W	0.83575
678	YDL210W	0.83573
679	YDR258C	0.83568
680	YIR022W	0.83564
681	YLR092W	0.83562
682	YDL144C	0.8356
683	YML106W	0.83546
684	YBR196C	0.83537
685	YOR339C	0.83536
686	YKL001C	0.83528
687	YBL091C	0.83526
688	YML078W	0.83523
689	YNL323W	0.83522
690	YGR180C	0.83521
691	YBR263W	0.8352
692	YCR021C	0.83498
693	YBL041W	0.83486
694	YIL124W	0.83486
695	YDR093W	0.83486
696	YEL038W	0.83474
697	YBR038W	0.83472
698	YER007C-A	0.83471
699	YDR397C	0.83469
700	YDR045C	0.83469
701	YLR338W	0.83466
702	YPL235W	0.83464
703	YFL018C	0.83455
704	YNR057C	0.83453
705	YJR077C	0.8345
706	YFL017C	0.83447
707	YER143W	0.83445
708	YAL054C	0.83434
709	YCL010C	0.83423
710	YMR202W	0.83402
711	YOR192C	0.83394
712	YDR023W	0.83394
713	YPR033C	0.83386
714	YGL043W	0.83378
715	YML116W	0.83377
716	YGL099W	0.83363
717	YJR143C	0.83361
718	YGR289C	0.83358
719	YML094W	0.83353
720	YJR148W	0.83344
721	YDL131W	0.83342
722	YBR068C	0.8334
723	YBR088C	0.83339
724	YDR516C	0.83339
725	YPL265W	0.83336
726	YDR158W	0.83328
727	YPL046C	0.8332
728	YLR359W	0.83319
729	YLR213C	0.83288
730	YLR251W	0.83283
731	YMR235C	0.83268
732	YPL015C	0.83268
733	YOL055C	0.83265
734	YLR289W	0.83264
735	YNL095C	0.83255
736	YKL078W	0.8325
737	YPR149W	0.8325
738	YER003C	0.83234
739	YML021C	0.83234
740	YDL087C	0.83233
741	YMR318C	0.83232
742	YOR020C	0.8323
743	YDL014W	0.83224
744	YBR043C	0.83222
745	YJR160C	0.83218
746	YJL035C	0.83208
747	YGL163C	0.83204
748	YGR279C	0.83197
749	YJR139C	0.83188
750	YBL076C	0.83174
751	YMR315W	0.83166
752	YKR026C	0.83158
753	YJL012C	0.83154
754	YAL064C-A	0.83151
755	YKR053C	0.83146
756	YPL086C	0.83144
757	YIL001W	0.83142
758	YDL243C	0.83132
759	YGL137W	0.83125
760	YDR120C	0.83118
761	YAL064W-B	0.83114
762	YJL198W	0.83109
763	YFL061W	0.83108
764	YNL335W	0.83108
765	YMR243C	0.83106
766	YKL207W	0.83105
767	YCL033C	0.83102
768	YIL118W	0.83095
769	YCL069W	0.83091
770	YGR260W	0.83083
771	YCR048W	0.83076
772	YNL111C	0.83071
773	YJL212C	0.83064
774	YMR197C	0.83064
775	YLR245C	0.83061
776	YOR327C	0.83055
777	YLR043C	0.83042
778	YLR126C	0.8304
779	YCL074W	0.83039
780	YPL169C	0.83035
781	YCL017C	0.83034
782	YAR035W	0.83025
783	YLR340W	0.83021
784	YOR321W	0.8302
785	YMR080C	0.8302
786	YMR308C	0.83014
787	YIL109C	0.83013
788	YNL275W	0.83006
789	YBR114W	0.83006
790	YDR294C	0.82991
791	YOR202W	0.82991
792	YBR265W	0.82989
793	YBL003C	0.82987
794	YHR208W	0.82971
795	YJR001W	0.82971
796	YDL201W	0.82967
797	YPR088C	0.82966
798	YPR028W	0.82964
799	YPR082C	0.82964
800	YPL226W	0.8296
801	YIL064W	0.8296
802	YOL066C	0.82958
803	YBR020W	0.82953
804	YOR071C	0.82951
805	YMR314W	0.8295
806	YLL018C-A	0.82949
807	YDR225W	0.82949
808	YIL020C	0.82943
809	YNL125C	0.82933
810	YOR375C	0.82933
811	YOL110W	0.82913
812	YMR214W	0.82912
813	YKR038C	0.8291
814	YNL259C	0.82906
815	YLL061W	0.82895
816	YLR244C	0.82882
817	YML079W	0.8288
818	YIL165C	0.82878
819	YMR186W	0.82864
820	YMR266W	0.82863
821	YLR195C	0.8286
822	YDR074W	0.8286
823	YLL008W	0.8286
824	YPR108W	0.82859
825	YIL021W	0.82852
826	YKL128C	0.82843
827	YMR278W	0.8283
828	YNL148C	0.82826
829	YDL057W	0.82826
830	YBR256C	0.82816
831	YMR105C	0.82814
832	YMR301C	0.82813
833	YDL086W	0.82797
834	YLR167W	0.82794
835	YAL044W-A	0.82793
836	YPL240C	0.82788
837	YDR267C	0.82786
838	YLR028C	0.8278
839	YPL237W	0.82779
840	YLR059C	0.82776
841	YMR221C	0.82776
842	YPL010W	0.82775
843	YOR092W	0.82775
844	YJR015W	0.82768
845	YML101C	0.82765
846	YBL042C	0.82763
847	YOR013W	0.82745
848	YPL111W	0.82744
849	YLR060W	0.82742
850	YHR044C	0.82741
851	YMR058W	0.82736
852	YDR037W	0.82734
853	YMR305C	0.82731
854	YGR131W	0.82729
855	YKL067W	0.82722
856	YBR078W	0.82717
857	YHR219W	0.82716
858	YDR408C	0.82713
859	YDR063W	0.82713
860	YHR042W	0.82701
861	YOR236W	0.82696
862	YBR294W	0.82695
863	YPR181C	0.82688
864	YLR354C	0.82677
865	YDR062W	0.82675
866	YNL331C	0.82675
867	Q0045	0.82675
868	YHR132C	0.82668
869	YJL033W	0.82668
870	YOL132W	0.82659
871	YLR326W	0.82658
872	YHR175W	0.82657
873	YNL072W	0.82655
874	YHR170W	0.82655
875	YGL130W	0.8265
876	YBR264C	0.82649
877	YDL095W	0.82647
878	YBR006W	0.82644
879	YHR043C	0.82638
880	YDR047W	0.82635
881	YFR044C	0.82629
882	YCR027C	0.82609
883	YJL216C	0.826
884	YEL020W-A	0.82586
885	YKL002W	0.82575
886	YOR128C	0.82572
887	YJR063W	0.82567
888	YBR295W	0.82565
889	YGR163W	0.8256
890	YJL024C	0.82553
891	YGL026C	0.8255
892	YAL042W	0.82549
893	YJL008C	0.82548
894	YDL208W	0.82545
895	YKL164C	0.82543
896	YGR135W	0.8253
897	YDL103C	0.8253
898	YNL134C	0.82523
899	YDL018C	0.82522
900	YIR012W	0.82512
901	YDL236W	0.8251
902	YNL154C	0.82507
903	YKL157W	0.82507
904	YNR034W	0.82504
905	YPL043W	0.82504
906	YDR098C	0.82503
907	YML014W	0.82496
908	YHR068W	0.82493
909	YDR172W	0.82493
910	YMR238W	0.82486
911	YCR034W	0.82474
912	YPL094C	0.82467
913	YFL053W	0.82463
914	YFL060C	0.82457
915	YBR121C	0.82446
916	YIL160C	0.82441
917	YOR103C	0.82431
918	YKL210W	0.82422
919	YNL055C	0.82419
920	YOR265W	0.82412
921	YPR193C	0.82408
922	YLL063C	0.82394
923	YLL055W	0.82378
924	YDL007W	0.82374
925	YDR270W	0.82373
926	YAL062W	0.82371
927	YPL093W	0.82358
928	YOR101W	0.82356
929	YDR190C	0.82347
930	YLR004C	0.82347
931	YIL048W	0.82337
932	YCR051W	0.82334
933	YHR005C-A	0.82331
934	YBR287W	0.82326
935	YLR432W	0.82319
936	YLR243W	0.82297
937	YLR291C	0.82296
938	YPL092W	0.82292
939	YBR210W	0.82284
940	YGR209C	0.8228
941	YGR214W	0.82271
942	YHR013C	0.82268
943	YOR087W	0.82266
944	YEL039C	0.82266
945	YHR064C	0.82266
946	YNR071C	0.82265
947	YHR174W	0.82262
948	YBR021W	0.82253
949	YMR138W	0.82251
950	YNL334C	0.82247
951	YPL213W	0.82247
952	YNR043W	0.82241
953	YOL058W	0.82239
954	YMR090W	0.82236
955	YMR297W	0.82235
956	YPL187W	0.82225
957	YKR014C	0.82216
958	YDL212W	0.82214
959	YNL130C	0.82202
960	YDL135C	0.82197
961	YBR235W	0.82191
962	YPR194C	0.82184
963	YOL090W	0.82182
964	YNL191W	0.82181
965	YMR169C	0.82176
966	YIL162W	0.82175
967	YMR210W	0.82173
968	YPR074C	0.82171
969	YPL221W	0.82169
970	YDL140C	0.82167
971	YDR116C	0.82165
972	YHR047C	0.82164
973	YER015W	0.82162
974	YBR202W	0.8215
975	YIL094C	0.82149
976	YNL138W	0.82132
977	YGR100W	0.82126
978	YGL186C	0.82118
979	YAL012W	0.82113
980	YPR110C	0.82111
981	YKL113C	0.82108
982	YAL030W	0.821
983	YBR228W	0.821
984	YDR212W	0.82099
985	YLR027C	0.82096
986	YGL201C	0.82093
987	YGR204W	0.82091
988	YBL082C	0.82082
989	YOR036W	0.82081
990	YNL123W	0.82079
991	YGR031W	0.82077
992	YNL108C	0.82076
993	YHR048W	0.8207
994	YGR254W	0.82065
995	YML080W	0.82064
996	YOR006C	0.82057
997	YGL022W	0.82055
998	YCL036W	0.82054
999	YHR063C	0.82053
1000	YMR217W	0.82052
1001	YGR286C	0.8205
1002	YGL119W	0.8205
1003	YPL258C	0.82049
1004	YHR190W	0.82039
1005	YNL104C	0.82036
1006	YOR332W	0.82032
1007	YHR123W	0.82025
1008	YER053C	0.82022
1009	YNL277W	0.82021
1010	YJL134W	0.82021
1011	YBR137W	0.82021
1012	YGR247W	0.82014
1013	YDL247W	0.82008
1014	YJR096W	0.82007
1015	YIR026C	0.82006
1016	YMR054W	0.81996
1017	YLR384C	0.81993
1018	YIL155C	0.81992
1019	YOL002C	0.81988
1020	YDR232W	0.81982
1021	YOL163W	0.81981
1022	YBL057C	0.81979
1023	YNL231C	0.81976
1024	YPL206C	0.81971
1025	YDR001C	0.81971
1026	YFR055W	0.81969
1027	YGL006W	0.81968
1028	YDR411C	0.81965
1029	YLR355C	0.81959
1030	YML028W	0.81956
1031	YLR378C	0.81944
1032	YLR277C	0.81938
1033	YML056C	0.81932
1034	YDR368W	0.81928
1035	YHR193C	0.81926
1036	YNR048W	0.81926
1037	YLR259C	0.8191
1038	YPR160W	0.81905
1039	YPL091W	0.81895
1040	YJL052W	0.8189
1041	YGL017W	0.81888
1042	YDL046W	0.81885
1043	YKR068C	0.81872
1044	YPL204W	0.81872
1045	YGR197C	0.81867
1046	YLR367W	0.81863
1047	YLR209C	0.81863
1048	YDR402C	0.81848
1049	YDL051W	0.81843
1050	YJR009C	0.81839
1051	YKL148C	0.81833
1052	YPL135W	0.81826
1053	YCL043C	0.81823
1054	YFL041W	0.81816
1055	YLR137W	0.81811
1056	YIL088C	0.81805
1057	YBR242W	0.81804
1058	YJR048W	0.81803
1059	YPL160W	0.81799
1060	YFR051C	0.81799
1061	YCR011C	0.81797
1062	YGL100W	0.81795
1063	YDR148C	0.81794
1064	YBR035C	0.81794
1065	YMR022W	0.81794
1066	YKL080W	0.81792
1067	YDR533C	0.81777
1068	YJR014W	0.81773
1069	YIR009W	0.81768
1070	YGR007W	0.81767
1071	YMR285C	0.81764
1072	YGL252C	0.81761
1073	YMR241W	0.81742
1074	YML125C	0.81735
1075	YLR188W	0.81728
1076	YMR288W	0.81718
1077	YGL077C	0.81708
1078	YDR280W	0.81707
1079	YCR068W	0.81705
1080	YBR170C	0.81703
1081	YKR043C	0.81702
1082	YJL145W	0.817
1083	YMR008C	0.81698
1084	YKL039W	0.8169
1085	YJL190C	0.81689
1086	YKL117W	0.81683
1087	YIL010W	0.81678
1088	YDR448W	0.81677
1089	YHR074W	0.81662
1090	YIL145C	0.8166
1091	YBL022C	0.81659
1092	YOR004W	0.81659
1093	YPR121W	0.81656
1094	YDR321W	0.81655
1095	YJL159W	0.81651
1096	YIL142W	0.81649
1097	YKL184W	0.81643
1098	YHR025W	0.81641
1099	YEL041W	0.81638
1100	YOL016C	0.81637
1101	YCL018W	0.81636
1102	YKL021C	0.81633
1103	YMR120C	0.81625
1104	YDR453C	0.81622
1105	YJL179W	0.81619
1106	YAL016W	0.81608
1107	YDR214W	0.81603
1108	YEL040W	0.81598
1109	YER069W	0.81594
1110	YFR031C	0.81591
1111	YDR438W	0.81589
1112	YKL211C	0.81584
1113	YDL124W	0.81581
1114	YGR246C	0.81577
1115	YMR084W	0.81572
1116	YKL035W	0.8157
1117	YLR411W	0.81568
1118	YIL114C	0.81561
1119	YHR216W	0.8156
1120	YPL006W	0.81556
1121	YLR364W	0.81554
1122	YLR121C	0.81547
1123	YOR086C	0.81546
1124	YOL137W	0.81538
1125	YAR015W	0.81533
1126	YDR140W	0.81525
1127	YMR178W	0.81522
1128	YCR075C	0.81509
1129	YOR222W	0.81505
1130	YGL105W	0.81503
1131	YJR116W	0.81495
1132	YDL123W	0.81489
1133	YBL029C-A	0.81488
1134	YML068W	0.81481
1135	YOR393W	0.81481
1136	YPL281C	0.81481
1137	YKR018C	0.81479
1138	YPR011C	0.81479
1139	YOR358W	0.81468
1140	YAR050W	0.81458
1141	YNL007C	0.81458
1142	YOL124C	0.8145
1143	YBR286W	0.81449
1144	YDL147W	0.81445
1145	YBR046C	0.81441
1146	YJL079C	0.81437
1147	YOL065C	0.8143
1148	YMR323W	0.81423
1149	YCR004C	0.81421
1150	YGL122C	0.8142
1151	YDR313C	0.8142
1152	YBR244W	0.81419
1153	YBR155W	0.81411
1154	YJL065C	0.81406
1155	YNL237W	0.81404
1156	YHL018W	0.81401
1157	YHR089C	0.81397
1158	YGR087C	0.81383
1159	YHL036W	0.81381
1160	YML067C	0.8138
1161	YBL039C	0.81379
1162	YHR191C	0.81377
1163	YDL132W	0.81375
1164	YOR108W	0.81367
1165	YLR048W	0.81366
1166	YNL071W	0.81357
1167	YER044C	0.81348
1168	YDR465C	0.81338
1169	YKL013C	0.81337
1170	YNR020C	0.81331
1171	YNL222W	0.81326
1172	YGL115W	0.81321
1173	YOR361C	0.81313
1174	YNL075W	0.81307
1175	YMR027W	0.81307
1176	YKR097W	0.81306
1177	YER175C	0.81301
1178	YLR146C	0.813
1179	YPR180W	0.81299
1180	YPR004C	0.81298
1181	YOR040W	0.81298
1182	YPR188C	0.81291
1183	YPR131C	0.81285
1184	YKL053C-A	0.81281
1185	YPL042C	0.81281
1186	YDR032C	0.81279
1187	YBR127C	0.81278
1188	YGR240C	0.81269
1189	YGL207W	0.81265
1190	YAL007C	0.81264
1191	YBR029C	0.81263
1192	YNL153C	0.81262
1193	YOR163W	0.81255
1194	YJR155W	0.81254
1195	YOR011W	0.81253
1196	YDL049C	0.81248
1197	YNL185C	0.81243
1198	YBR117C	0.81207
1199	YIR034C	0.81205
1200	YFR010W	0.8119
1201	YPR024W	0.81182
1202	YLR342W	0.81175
1203	YKL060C	0.81168
1204	YPR163C	0.81164
1205	YLR262C	0.81152
1206	YPL211W	0.81148
1207	YJL045W	0.81148
1208	YNL132W	0.81138
1209	YNL312W	0.81136
1210	YOR095C	0.81133
1211	YGR200C	0.81132
1212	YKL059C	0.8113
1213	YBR132C	0.8113
1214	YMR224C	0.81126
1215	YJL171C	0.81124
1216	YJL136C	0.8112
1217	YNL240C	0.81114
1218	YHR148W	0.81114
1219	YOL129W	0.81112
1220	YLR330W	0.8111
1221	YPR081C	0.8111
1222	YHR129C	0.81099
1223	YGL171W	0.81089
1224	YMR272C	0.81084
1225	YJR010C-A	0.81081
1226	YLR152C	0.81078
1227	YMR194C-B	0.81077
1228	YFL057C	0.8106
1229	YOR243C	0.81059
1230	YLR398C	0.81059
1231	YPR176C	0.81057
1232	YNR046W	0.81051
1233	YJL208C	0.81042
1234	YLR175W	0.81035
1235	YNL220W	0.81033
1236	YOR384W	0.81032
1237	YLL023C	0.81031
1238	YOR298C-A	0.8103
1239	YPL134C	0.81029
1240	YEL042W	0.81022
1241	YGR028W	0.8102
1242	YBR291C	0.81011
1243	YOR246C	0.81011
1244	YMR170C	0.81004
1245	YLL029W	0.81002
1246	YKL069W	0.81002
1247	YLR351C	0.80992
1248	YER017C	0.80991
1249	YPL095C	0.80986
1250	YDR111C	0.80985
1251	YCR061W	0.80982
1252	YDR007W	0.80976
1253	YBL023C	0.80972
1254	YOR168W	0.80967
1255	YJR129C	0.8096
1256	YLR220W	0.80959
1257	YBL105C	0.80945
1258	YBR234C	0.80941
1259	YHR144C	0.80938
1260	YLR420W	0.80935
1261	YPL212C	0.80929
1262	YOR217W	0.80922
1263	YGL037C	0.80917
1264	YHR210C	0.80915
1265	YKR057W	0.80908
1266	YNL021W	0.80901
1267	YBR115C	0.80876
1268	YDR429C	0.80875
1269	YPL151C	0.80873
1270	YOL059W	0.8087
1271	YFR028C	0.8086
1272	YLR172C	0.80848
1273	YML087C	0.8084
1274	YGR192C	0.80828
1275	YDR291W	0.80828
1276	YGL020C	0.80819
1277	YCR105W	0.80813
1278	YER006W	0.80812
1279	YOR099W	0.80809
1280	YNL200C	0.80808
1281	YKL008C	0.80808
1282	YJL210W	0.80802
1283	YOR142W	0.80796
1284	YPL013C	0.80791
1285	YGR244C	0.80789
1286	YGR155W	0.80788
1287	YKL163W	0.80786
1288	YDR182W-A	0.80783
1289	YOL092W	0.80782
1290	YLR328W	0.80782
1291	YMR069W	0.80779
1292	YOR096W	0.80776
1293	YDR105C	0.80774
1294	YMR215W	0.80762
1295	YGR032W	0.8076
1296	YMR319C	0.80759
1297	YGL139W	0.80757
1298	YCR072C	0.80753
1299	YIL035C	0.80752
1300	YGR048W	0.80744
1301	YNL096C	0.80734
1302	YDR167W	0.80721
1303	YEL032W	0.80718
1304	YKL114C	0.80717
1305	YIL169C	0.80708
1306	YLR017W	0.80701
1307	YBR069C	0.80698
1308	YJL124C	0.80697
1309	YMR009W	0.8069
1310	YHL017W	0.80681
1311	YKL213C	0.80681
1312	YML092C	0.80669
1313	YGR085C	0.80667
1314	YKL107W	0.8066
1315	YAL003W	0.80654
1316	YHR111W	0.80651
1317	YKR013W	0.80649
1318	YNL065W	0.80634
1319	YOR306C	0.80624
1320	YOL125W	0.80621
1321	YGR021W	0.80617
1322	YGR287C	0.80598
1323	YJR132W	0.80586
1324	YJL068C	0.80586
1325	YJR024C	0.80583
1326	YDR525W-A	0.80578
1327	YDR381W	0.80571
1328	YOL080C	0.80571
1329	YPL170W	0.80568
1330	YBL099W	0.80564
1331	YLR447C	0.80561
1332	YNL232W	0.80559
1333	YJR070C	0.80558
1334	YOL142W	0.80545
1335	YKR012C	0.80541
1336	YKL086W	0.8054
1337	YDR513W	0.80537
1338	YAL063C	0.80535
1339	YOR007C	0.80532
1340	YGL010W	0.80532
1341	YBL015W	0.8053
1342	YCL030C	0.80529
1343	YKL181W	0.80526
1344	YBR025C	0.80522
1345	YPR102C	0.8052
1346	YAL067C	0.80519
1347	YDR100W	0.80508
1348	YBL002W	0.80502
1349	YGR095C	0.80502
1350	YLR046C	0.80501
1351	YGL212W	0.80499
1352	YDL155W	0.80498
1353	YLR118C	0.80498
1354	YGL206C	0.80492
1355	YNR026C	0.80489
1356	YDR224C	0.80488
1357	YOL093W	0.80485
1358	YOR226C	0.80485
1359	YBR245C	0.80483
1360	YDL174C	0.80476
1361	YKL120W	0.80471
1362	YDR487C	0.80471
1363	YOL157C	0.80468
1364	YOR024W	0.80464
1365	YDR392W	0.80462
1366	YEL054C	0.80461
1367	YDR418W	0.80461
1368	YNL061W	0.80458
1369	YIL062C	0.80455
1370	YOR048C	0.8045
1371	YBL089W	0.80446
1372	YEL024W	0.80441
1373	YDL083C	0.80434
1374	YMR143W	0.80434
1375	YBR037C	0.80432
1376	YLR286C	0.8043
1377	YML010W	0.80427
1378	YNR041C	0.80424
1379	YMR089C	0.80412
1380	YHR020W	0.80408
1381	YKL027W	0.80401
1382	YBR087W	0.80401
1383	YKL084W	0.80394
1384	YKR040C	0.80393
1385	YOL062C	0.80388
1386	YBR220C	0.80378
1387	YBR011C	0.80361
1388	YLR276C	0.8036
1389	YOR155C	0.80357
1390	YGR037C	0.80356
1391	YFR047C	0.80351
1392	YEL047C	0.80351
1393	YGL245W	0.80349
1394	YDR121W	0.80341
1395	YOR303W	0.80325
1396	YNR011C	0.80323
1397	YNL067W	0.80308
1398	YJR109C	0.80303
1399	YOR120W	0.80299
1400	YER136W	0.80296
1401	YOL073C	0.80288
1402	YKL135C	0.80288
1403	YNR015W	0.80287
1404	YKR066C	0.80285
1405	YJR020W	0.80274
1406	YLL052C	0.80268
1407	YIL172C	0.80262
1408	YJL221C	0.80262
1409	YLR038C	0.80262
1410	YLR074C	0.80254
1411	YIR019C	0.80252
1412	YER142C	0.80242
1413	YJL155C	0.80239
1414	YLR129W	0.80223
1415	YBR183W	0.80218
1416	YPL127C	0.80209
1417	YDR055W	0.80206
1418	YKL191W	0.80199
1419	YNL099C	0.80199
1420	YHR029C	0.80188
1421	YBR112C	0.80179
1422	YDR378C	0.80177
1423	YPR128C	0.80175
1424	YFL028C	0.80151
1425	YNR019W	0.8015
1426	YPL059W	0.80148
1427	YOL020W	0.80142
1428	YBR015C	0.80141
1429	YKL160W	0.8014
1430	YIR002C	0.80134
1431	YEL001C	0.80131
1432	YIL166C	0.8013
1433	YJR072C	0.80129
1434	YJR084W	0.80128
1435	YFL059W	0.80125
1436	YBR180W	0.80123
1437	YJL060W	0.80123
1438	YJL002C	0.8012
1439	YEL060C	0.80119
1440	YLR426W	0.80119
1441	YOL165C	0.80111
1442	YLR241W	0.80109
1443	YFL002C	0.80107
1444	YKL028W	0.80104
1445	YOL112W	0.80099
1446	YPR003C	0.80091
1447	YLR055C	0.80089
1448	YHR211W	0.80087
1449	YNR013C	0.80085
1450	YPR034W	0.80078
1451	YML077W	0.80075
1452	YBR248C	0.80073
1453	YLR179C	0.8007
1454	YPL208W	0.8006
1455	YGR172C	0.8006
1456	YLR070C	0.80055
1457	YLR377C	0.80051
1458	YOR145C	0.80044
1459	YBR254C	0.80036
1460	YDR009W	0.80034
1461	YIL103W	0.80025
1462	YCR036W	0.80025
1463	YOL119C	0.8002
1464	YML098W	0.80014
1465	YGL224C	0.80013
1466	YML038C	0.80008
1467	YGR029W	0.80006
1468	YBL040C	0.80001
1469	YFL022C	0.79995
1470	YMR099C	0.79994
1471	YOR335C	0.7999
1472	YKL009W	0.79989
1473	YNL194C	0.79989
1474	YHR012W	0.79982
1475	YNL333W	0.79982
1476	YOR316C	0.79977
1477	YDR056C	0.79971
1478	YAL029C	0.79968
1479	YGR092W	0.79968
1480	YMR083W	0.79959
1481	YER183C	0.79959
1482	YBR058C	0.79954
1483	YJL174W	0.79954
1484	YBR177C	0.79941
1485	YDR019C	0.79935
1486	YPL012W	0.79926
1487	YNR027W	0.79924
1488	YLL014W	0.79923
1489	YFR032C	0.79918
1490	YHL042W	0.79914
1491	YBR153W	0.79913
1492	YBL032W	0.79907
1493	YBR073W	0.79904
1494	YHR027C	0.79903
1495	YGR063C	0.79894
1496	YKL151C	0.79892
1497	YDR399W	0.79887
1498	YHR040W	0.79878
1499	YDR468C	0.79864
1500	YDL217C	0.79862
1501	YHR112C	0.79862
1502	YDR488C	0.79856
1503	YOR250C	0.79849
1504	YOR196C	0.79847
1505	YGL101W	0.79847
1506	YPL050C	0.79846
1507	YOR374W	0.79846
1508	YOL034W	0.79844
1509	YGR271W	0.79842
1510	YEL059C-A	0.7984
1511	YOR304W	0.79835
1512	YLR218C	0.79834
1513	YBR002C	0.79831
1514	YER152C	0.79825
1515	YBR092C	0.79825
1516	YKR009C	0.79824
1517	YLR078C	0.79821
1518	YGL147C	0.79816
1519	YKL029C	0.79804
1520	YKL081W	0.79802
1521	YPL153C	0.79793
1522	YOL012C	0.79785
1523	YKR095W-A	0.79779
1524	YCR020C	0.79775
1525	YLR429W	0.79772
1526	YIR008C	0.79764
1527	YER091C	0.79761
1528	YHR031C	0.79757
1529	YAL053W	0.79753
1530	YAL022C	0.79745
1531	YCR017C	0.79745
1532	YHR203C	0.79743
1533	YJR145C	0.79743
1534	YDR264C	0.79731
1535	YGR264C	0.7973
1536	YKL212W	0.7973
1537	YHR142W	0.79727
1538	YBR236C	0.7972
1539	YLR214W	0.79713
1540	YOR292C	0.79712
1541	YGR277C	0.79708
1542	YCR053W	0.79704
1543	YCR107W	0.79697
1544	YJR117W	0.79693
1545	YBR139W	0.79692
1546	YAL039C	0.7969
1547	YCL011C	0.79685
1548	YPL048W	0.79678
1549	YMR145C	0.79671
1550	YPL122C	0.79668
1551	YEL071W	0.79662
1552	YIR031C	0.7966
1553	YNL117W	0.79652
1554	YJL128C	0.7965
1555	YLR369W	0.79638
1556	YOR079C	0.79635
1557	YJR085C	0.79632
1558	YJL153C	0.79626
1559	YLR008C	0.79623
1560	YKR051W	0.79616
1561	YNL280C	0.79611
1562	YML052W	0.79607
1563	YLR412W	0.79592
1564	YOR367W	0.7959
1565	YCR069W	0.79589
1566	YJR131W	0.79587
1567	YNL305C	0.79583
1568	YCR023C	0.79581
1569	YHR179W	0.79578
1570	YHL006C	0.79567
1571	YDL072C	0.79559
1572	YHL015W	0.79555
1573	YPL171C	0.79555
1574	YOL140W	0.79553
1575	YDR490C	0.79551
1576	YMR093W	0.79551
1577	YGR245C	0.79545
1578	YEL020C	0.79539
1579	YHL026C	0.79529
1580	YLR372W	0.79524
1581	YCR037C	0.79524
1582	YML075C	0.79517
1583	YPR019W	0.79508
1584	YDR502C	0.79481
1585	YER120W	0.79473
1586	YHR046C	0.79469
1587	YPL004C	0.79466
1588	YPR127W	0.79458
1589	YNR074C	0.79456
1590	YKR050W	0.79453
1591	YAL044C	0.79451
1592	Q0085	0.79445
1593	YMR006C	0.79436
1594	YDL238C	0.79436
1595	YGR094W	0.7943
1596	YOR285W	0.7942
1597	YMR113W	0.79417
1598	YOR049C	0.79412
1599	YML131W	0.79408
1600	YDL145C	0.79407
1601	YDR483W	0.7939
1602	YNL087W	0.79383
1603	YEL052W	0.79376
1604	YPR167C	0.79372
1605	YOL077C	0.79371
1606	YKR081C	0.79363
1607	YMR085W	0.79334
1608	YKL004W	0.79328
1609	YGR010W	0.79322
1610	YDL080C	0.79314
1611	YLR100W	0.79311
1612	YPL113C	0.79307
1613	YML064C	0.79294
1614	YBR053C	0.79293
1615	YBR283C	0.79291
1616	YOR351C	0.79289
1617	YDL110C	0.79286
1618	YIL051C	0.79282
1619	YJR013W	0.79277
1620	YMR220W	0.79274
1621	YGL198W	0.79273
1622	YDR035W	0.79263
1623	YER156C	0.79251
1624	YLR304C	0.7924
1625	YBL011W	0.7924
1626	YGR173W	0.79239
1627	YOL086W-A	0.7923
1628	YDR534C	0.79225
1629	YPR054W	0.79225
1630	YMR132C	0.7922
1631	YNL329C	0.79219
1632	YGL208W	0.79218
1633	YOR055W	0.79214
1634	YBR091C	0.79202
1635	YBR101C	0.79198
1636	YPR058W	0.79197
1637	YGR082W	0.79196
1638	YOR357C	0.79184
1639	YOR369C	0.79183
1640	YLR307W	0.79168
1641	YIL108W	0.79165
1642	YBR001C	0.79158
1643	YBR014C	0.79156
1644	YFL034C-A	0.79154
1645	YMR262W	0.79152
1646	YER013W	0.79147
1647	YBR267W	0.79147
1648	YKL186C	0.79143
1649	YFR006W	0.79142
1650	YJL087C	0.79141
1651	YGR159C	0.79138
1652	YKL091C	0.79134
1653	YBR003W	0.79133
1654	YDL081C	0.79128
1655	YDR188W	0.79123
1656	YAL021C	0.7912
1657	YLL034C	0.79108
1658	YDR441C	0.79104
1659	YKL156W	0.79101
1660	YKR104W	0.79096
1661	YMR253C	0.7909
1662	YOR074C	0.79089
1663	YBL001C	0.79083
1664	YHR108W	0.79082
1665	YLR180W	0.79081
1666	YPL214C	0.7908
1667	YPL131W	0.7907
1668	YOR391C	0.79067
1669	YPR107C	0.79065
1670	YDL190C	0.79057
1671	YDR083W	0.7905
1672	YBL068W-A	0.79042
1673	YLR399C	0.79041
1674	YKL161C	0.79039
1675	YJL151C	0.79038
1676	YHL034C	0.79037
1677	YDR287W	0.79031
1678	YDR447C	0.79027
1679	YBL007C	0.79015
1680	YMR020W	0.79013
1681	YER168C	0.7901
1682	YIL013C	0.79009
1683	YNL057W	0.79009
1684	YIR027C	0.79006
1685	YOR253W	0.79
1686	YNL037C	0.78988
1687	YBR039W	0.78984
1688	YOR034C	0.78974
1689	YPL231W	0.78959
1690	YJR040W	0.78957
1691	YML024W	0.78954
1692	YBR204C	0.78946
1693	YGL055W	0.78942
1694	YLL009C	0.78941
1695	YLR145W	0.78931
1696	YHR021C	0.78926
1697	YCR008W	0.78908
1698	YIL153W	0.78908
1699	YER134C	0.78897
1700	YJR016C	0.78887
1701	YDR352W	0.78886
1702	YLR383W	0.78881
1703	YOL009C	0.78879
1704	YJR146W	0.78877
1705	YOL154W	0.78872
1706	YCR102C	0.78871
1707	YDR305C	0.78866
1708	YLR065C	0.78866
1709	YEL003W	0.78864
1710	YGR292W	0.78863
1711	YLL058W	0.78843
1712	YLR449W	0.78842
1713	YJR103W	0.78839
1714	YOR184W	0.78836
1715	YMR225C	0.78828
1716	YLR197W	0.78827
1717	YNL326C	0.78825
1718	YML086C	0.78817
1719	YGR195W	0.78817
1720	YOR241W	0.78817
1721	YBR041W	0.78806
1722	YDR127W	0.78805
1723	YOR356W	0.78802
1724	YDR530C	0.78797
1725	YKR088C	0.78788
1726	YGR262C	0.78783
1727	YFL016C	0.78775
1728	YMR296C	0.78766
1729	YLR138W	0.78759
1730	YGL030W	0.78759
1731	YLR253W	0.78745
1732	YOR261C	0.78741
1733	YMR250W	0.7874
1734	YGL148W	0.78738
1735	YDR492W	0.78737
1736	YGR276C	0.78736
1737	YKL126W	0.78731
1738	YDL138W	0.78729
1739	YFL052W	0.78729
1740	YOL006C	0.78726
1741	YPL236C	0.78726
1742	YDL218W	0.78711
1743	YDR243C	0.78706
1744	YBR052C	0.78699
1745	YGL095C	0.78697
1746	YML074C	0.78695
1747	YLR181C	0.78688
1748	YGR285C	0.78662
1749	YBR299W	0.78661
1750	YHR104W	0.78646
1751	YNL175C	0.78645
1752	YLR022C	0.78645
1753	YGR019W	0.78639
1754	YGL205W	0.78636
1755	YMR167W	0.78628
1756	YGL242C	0.78626
1757	YBR017C	0.78623
1758	YKR001C	0.78615
1759	YCL042W	0.78605
1760	YDR051C	0.78589
1761	YIL075C	0.78584
1762	YLR066W	0.78584
1763	YER070W	0.78578
1764	YBR023C	0.78578
1765	YJR032W	0.78575
1766	YNL223W	0.78573
1767	YMR101C	0.78569
1768	YOR119C	0.78563
1769	YHR039C	0.78561
1770	YHR182C-A	0.78556
1771	YGL232W	0.78555
1772	YBL018C	0.78555
1773	YAR023C	0.78549
1774	YIL164C	0.78548
1775	YFR024C-A	0.7854
1776	YBL056W	0.78539
1777	YEL056W	0.78531
1778	YPL280W	0.78523
1779	YJL080C	0.78517
1780	YHR143W-A	0.78517
1781	YJR133W	0.78515
1782	YGL190C	0.78512
1783	YMR251W	0.78504
1784	YER176W	0.78499
1785	YMR180C	0.78496
1786	YML035C	0.78495
1787	YGR144W	0.78495
1788	YER065C	0.78481
1789	YLR061W	0.78479
1790	YCR075W-A	0.78466
1791	YML070W	0.78444
1792	YMR263W	0.78443
1793	YNL056W	0.78438
1794	YDR112W	0.78435
1795	YOR151C	0.78432
1796	YNL016W	0.7843
1797	YFL030W	0.7843
1798	YIL099W	0.78427
1799	YLR409C	0.78427
1800	YDR398W	0.7842
1801	YFL042C	0.78418
1802	YIL063C	0.78417
1803	YOR280C	0.78417
1804	YOL039W	0.78416
1805	YPR111W	0.78415
1806	YOL008W	0.78413
1807	YER170W	0.7841
1808	YHR168W	0.78401
1809	YPR038W	0.784
1810	YMR173W-A	0.7839
1811	YDR263C	0.78389
1812	YLR099C	0.78388
1813	YFR050C	0.78386
1814	YOR110W	0.78378
1815	YPR056W	0.78373
1816	YOR175C	0.7837
1817	YER039C-A	0.78369
1818	YDR331W	0.78368
1819	YOR206W	0.78365
1820	YOR311C	0.78365
1821	YKL041W	0.78363
1822	YML065W	0.78361
1823	YJR151C	0.78358
1824	YJR121W	0.78347
1825	YJL116C	0.78345
1826	YLR189C	0.78344
1827	YKR042W	0.78343
1828	YNL121C	0.78334
1829	YLR460C	0.78329
1830	YNL141W	0.78327
1831	YHR039C-A	0.78327
1832	YKL144C	0.78324
1833	YOR223W	0.78324
1834	YOR172W	0.78321
1835	YLR285W	0.7832
1836	YHR201C	0.78313
1837	YGR181W	0.78296
1838	YNL079C	0.7828
1839	YHR181W	0.78271
1840	YKL085W	0.78267
1841	YMR322C	0.78262
1842	YOR213C	0.78257
1843	YLR222C	0.78242
1844	YDR211W	0.78241
1845	YDL213C	0.78236
1846	YDL092W	0.78233
1847	YNL260C	0.78226
1848	YLR287C	0.78225
1849	YGL009C	0.78225
1850	YNR034W-A	0.78215
1851	YIL066C	0.78202
1852	YDL036C	0.78202
1853	YOR165W	0.78202
1854	YPR112C	0.782
1855	YLR324W	0.782
1856	YDL194W	0.78191
1857	YLL041C	0.78185
1858	YKL221W	0.78177
1859	YGR004W	0.78169
1860	YLR108C	0.78167
1861	YLR019W	0.78165
1862	YNL229C	0.78164
1863	YJR149W	0.78163
1864	YLR390W	0.78158
1865	YIL033C	0.78153
1866	YER147C	0.7815
1867	YOL011W	0.78148
1868	YML126C	0.78143
1869	YOR370C	0.78132
1870	YDL205C	0.78129
1871	YNR065C	0.78126
1872	YDR415C	0.78121
1873	YGL104C	0.7812
1874	YKR024C	0.78103
1875	YDL093W	0.78103
1876	YLL015W	0.78102
1877	YGR199W	0.78097
1878	YAL035W	0.78091
1879	YGR012W	0.78089
1880	YPR120C	0.78089
1881	YLR382C	0.78083
1882	YJL104W	0.7808
1883	YFL008W	0.78074
1884	YKR056W	0.78066
1885	YIL068C	0.78065
1886	YLR231C	0.78064
1887	YPR073C	0.78064
1888	YDR013W	0.78059
1889	YGR125W	0.78055
1890	YGR242W	0.78052
1891	YFL048C	0.78045
1892	YOR232W	0.78042
1893	YGL068W	0.78039
1894	YML055W	0.78038
1895	YMR244W	0.78037
1896	YBR149W	0.78034
1897	YOR262W	0.7803
1898	YDL141W	0.78025
1899	YDL085W	0.78021
1900	YOR239W	0.7801
1901	YOR310C	0.7798
1902	YKR102W	0.77979
1903	YDL202W	0.77976
1904	YNL287W	0.77971
1905	YMR123W	0.77969
1906	YJR064W	0.77961
1907	YLR072W	0.77961
1908	YFR038W	0.77956
1909	YOR318C	0.77956
1910	YCR106W	0.77955
1911	YLR300W	0.77948
1912	YGL033W	0.77939
1913	YPR153W	0.77936
1914	YGR243W	0.77933
1915	YPL239W	0.77931
1916	YFL001W	0.77922
1917	YLR203C	0.77921
1918	YKL197C	0.77915
1919	YLR401C	0.77912
1920	YDL130W	0.77911
1921	YMR306W	0.77904
1922	YLR410W	0.77901
1923	YMR092C	0.77899
1924	YNL207W	0.77887
1925	YOR065W	0.77886
1926	YDR539W	0.77881
1927	YLR026C	0.77877
1928	YOR161W-B	0.77868
1929	YOR207C	0.77862
1930	YHR034C	0.77853
1931	YNR052C	0.77852
1932	YOR209C	0.77852
1933	YGL044C	0.77847
1934	YHR041C	0.77846
1935	YDR236C	0.77845
1936	YDR284C	0.77844
1937	YOL018C	0.7784
1938	YLR210W	0.77836
1939	YGL202W	0.77823
1940	YLL045C	0.77819
1941	YER117W	0.77817
1942	YBL087C	0.77817
1943	YNL243W	0.77816
1944	YML054C	0.77814
1945	YJL125C	0.77813
1946	YGR189C	0.77812
1947	YBR111C	0.77811
1948	YHR066W	0.77805
1949	YLR389C	0.77794
1950	YEL034C-A	0.77777
1951	YPR178W	0.77774
1952	YLR435W	0.77772
1953	YGL114W	0.77766
1954	YGL238W	0.77763
1955	YKL017C	0.77762
1956	YBR031W	0.77755
1957	YOR162C	0.77752
1958	YJL041W	0.7775
1959	YAL036C	0.77746
1960	YPR186C	0.77733
1961	YMR264W	0.77727
1962	YPR037C	0.77727
1963	YGR078C	0.77715
1964	YLL036C	0.77707
1965	Q0250	0.77702
1966	YCR087C-A	0.77701
1967	YLR174W	0.777
1968	YGL262W	0.777
1969	YPR025C	0.77697
1970	YPL227C	0.77695
1971	YGR288W	0.77684
1972	YAL019W	0.77676
1973	YMR161W	0.77674
1974	YGR026W	0.77671
1975	YBR167C	0.77671
1976	YJL059W	0.77663
1977	YDL031W	0.77663
1978	YOR016C	0.77655
1979	YDR481C	0.77645
1980	YDR012W	0.77643
1981	YJR125C	0.77642
1982	YGR263C	0.77642
1983	YAR018C	0.77638
1984	YJL088W	0.77637
1985	YGL123W	0.77627
1986	YAR042W	0.77594
1987	YCR002C	0.77592
1988	YNL066W	0.77589
1989	YPR197C	0.77583
1990	YNL313C	0.77583
1991	YLR421C	0.77582
1992	YBR223C	0.7757
1993	YFL044C	0.77564
1994	YHR147C	0.77561
1995	YCR076C	0.77554
1996	YHL033C	0.77549
1997	YMR310C	0.77543
1998	YOL153C	0.77543
1999	YNL022C	0.77542
2000	YBR214W	0.77535
2001	YPR010C	0.77526
2002	YGL040C	0.77523
2003	YIL106W	0.77516
2004	YKL154W	0.77513
2005	YER100W	0.77499
2006	YLR339C	0.77466
2007	YOR021C	0.77464
2008	YLR109W	0.7746
2009	YOR039W	0.77459
2010	YMR139W	0.77459
2011	YMR316C-B	0.77453
2012	YNL001W	0.7744
2013	YHR100C	0.77439
2014	YBR208C	0.77438
2015	YJL130C	0.77436
2016	YLR343W	0.77435
2017	YGL156W	0.77428
2018	YIL016W	0.77425
2019	YNL023C	0.77414
2020	YER027C	0.77413
2021	YGR284C	0.77413
2022	YBR093C	0.77409
2023	YCR028C-A	0.77404
2024	YJL082W	0.77402
2025	YBR162C	0.77387
2026	YHR215W	0.77385
2027	YBR162W-A	0.77378
2028	YGR187C	0.77374
2029	YPR201W	0.77372
2030	YOL067C	0.77367
2031	YPL002C	0.77362
2032	YCR094W	0.77357
2033	YCR101C	0.77356
2034	YGL241W	0.77346
2035	YLR446W	0.77338
2036	YJL074C	0.77335
2037	YOR003W	0.77334
2038	YIL126W	0.77332
2039	YAL004W	0.77332
2040	YKL051W	0.77329
2041	YIR013C	0.77325
2042	YPL262W	0.77313
2043	YBL013W	0.77313
2044	YPR100W	0.77303
2045	YCR045C	0.77301
2046	YPR133C	0.77301
2047	YHR088W	0.77299
2048	Q0050	0.77299
2049	YDR358W	0.77288
2050	YOR116C	0.77276
2051	YAL009W	0.77276
2052	YOR341W	0.7727
2053	YPR198W	0.77268
2054	YPL087W	0.77264
2055	YGL050W	0.77263
2056	YMR277W	0.77263
2057	YER163C	0.7725
2058	YMR304W	0.7725
2059	YDR312W	0.77244
2060	YKL065C	0.77243
2061	YAR071W	0.7724
2062	YOR295W	0.77238
2063	YNL181W	0.77232
2064	YJL077W-A	0.77227
2065	YPL143W	0.77223
2066	YOL068C	0.77222
2067	YGL240W	0.77212
2068	YKR070W	0.77209
2069	YPL207W	0.77203
2070	YPR144C	0.772
2071	YBR198C	0.77198
2072	YGL154C	0.77198
2073	YDL011C	0.77189
2074	YKR084C	0.77188
2075	YBR062C	0.77188
2076	YDR193W	0.77186
2077	YLR178C	0.77183
2078	YDR234W	0.77182
2079	YDL120W	0.77179
2080	YNL190W	0.77177
2081	YGR074W	0.77175
2082	YJL172W	0.77171
2083	YFR030W	0.77167
2084	YEL004W	0.77164
2085	YKR079C	0.77163
2086	YLR056W	0.7715
2087	YER162C	0.77131
2088	YOR164C	0.7712
2089	YGR229C	0.77119
2090	YGL028C	0.77107
2091	YIR004W	0.77105
2092	YOR109W	0.771
2093	YIL047C	0.771
2094	YEL019C	0.77089
2095	YKL022C	0.77089
2096	YER164W	0.77088
2097	YNR062C	0.77087
2098	YHR176W	0.77075
2099	YNL246W	0.77067
2100	YNL082W	0.77064
2101	YLR272C	0.77058
2102	YPR147C	0.77054
2103	YML026C	0.77052
2104	YDR450W	0.77052
2105	YNL129W	0.7705
2106	YDR164C	0.77049
2107	YNL203C	0.77045
2108	YPL282C	0.77035
2109	YOR394W	0.77035
2110	YCL059C	0.77032
2111	YHR033W	0.7703
2112	YIL014W	0.77023
2113	YER029C	0.77014
2114	YOR077W	0.77014
2115	YGL069C	0.77013
2116	YCL075W	0.77011
2117	YLL048C	0.77005
2118	YLR117C	0.77
2119	YPR200C	0.76997
2120	YEL029C	0.76992
2121	YLR120C	0.76992
2122	YIR038C	0.7699
2123	YFR025C	0.7698
2124	YCR013C	0.76979
2125	YBR110W	0.76978
2126	YPR190C	0.76973
2127	YOL072W	0.76967
2128	YER016W	0.76967
2129	YKR076W	0.76959
2130	YOR271C	0.76958
2131	YDR094W	0.76952
2132	YCR005C	0.7695
2133	YIL007C	0.76947
2134	YHR205W	0.76943
2135	YHR049W	0.76941
2136	YHR187W	0.7694
2137	YMR040W	0.76936
2138	YOL096C	0.76936
2139	YGR086C	0.76933
2140	YGR024C	0.76931
2141	YNL059C	0.76918
2142	YDL004W	0.76915
2143	YER018C	0.7691
2144	YDL079C	0.76908
2145	YDR256C	0.76907
2146	YOR234C	0.76907
2147	YKL189W	0.76907
2148	YLR212C	0.769
2149	YMR208W	0.76888
2150	YNL161W	0.76878
2151	YCR024C-A	0.76877
2152	YDL090C	0.76869
2153	YMR268C	0.7686
2154	YDL185W	0.7685
2155	YDR191W	0.76845
2156	YPR157W	0.76845
2157	YOR274W	0.76844
2158	YPL184C	0.7684
2159	YFR005C	0.76835
2160	YDL160C-A	0.76834
2161	YHR117W	0.76826
2162	YNR036C	0.76826
2163	YMR001C	0.76818
2164	YDR476C	0.76812
2165	YGR266W	0.76795
2166	YCL047C	0.76782
2167	YPR123C	0.76781
2168	YLR405W	0.76777
2169	YGR133W	0.76776
2170	YOL064C	0.76774
2171	YFR021W	0.76771
2172	YJL158C	0.76769
2173	YER063W	0.76765
2174	YPL183C	0.76765
2175	YKR055W	0.76759
2176	YMR244C-A	0.76758
2177	YDR161W	0.76751
2178	YKR067W	0.76751
2179	YJL178C	0.76745
2180	YDL200C	0.76745
2181	YJR107W	0.7674
2182	YML072C	0.76739
2183	YCL050C	0.7673
2184	YGR220C	0.76709
2185	YHR173C	0.76709
2186	YJL097W	0.76707
2187	YLL011W	0.76704
2188	YLR196W	0.76691
2189	YPL222W	0.76689
2190	YOR150W	0.76685
2191	YLR345W	0.76684
2192	YKL026C	0.76681
2193	YBL096C	0.76678
2194	YNL003C	0.76675
2195	YDR522C	0.76672
2196	YLR205C	0.76668
2197	YJR141W	0.76667
2198	YKL182W	0.76654
2199	YAR062W	0.76654
2200	YHR213W	0.76654
2201	YHR037W	0.76653
2202	YPR094W	0.76641
2203	YLR050C	0.7664
2204	YBR018C	0.76633
2205	YHR010W	0.76631
2206	YBL064C	0.76629
2207	YJL160C	0.76619
2208	YNR008W	0.76616
2209	YDR471W	0.76609
2210	YLR086W	0.76601
2211	YDR477W	0.76599
2212	YIR015W	0.76599
2213	YOR091W	0.76598
2214	YDR382W	0.76598
2215	YJL062W	0.76588
2216	YBR079C	0.76585
2217	YJL081C	0.7658
2218	YNL292W	0.76579
2219	YLR418C	0.76576
2220	YLR413W	0.76575
2221	YOL041C	0.76561
2222	YDR170C	0.7656
2223	YOL130W	0.76554
2224	YBL017C	0.76552
2225	YHR001W	0.76544
2226	YHR024C	0.76537
2227	YBR010W	0.76532
2228	YJL093C	0.7653
2229	YBR104W	0.76527
2230	YFL034C-B	0.76521
2231	YMR239C	0.76515
2232	YMR088C	0.76505
2233	YPR118W	0.76505
2234	YEL036C	0.76503
2235	YJR078W	0.76503
2236	YGL143C	0.76495
2237	YDR117C	0.76494
2238	YAL046C	0.7649
2239	YDR257C	0.76485
2240	YJL117W	0.76479
2241	YGL183C	0.76472
2242	YNR001C	0.76469
2243	YKR035W-A	0.76468
2244	YMR114C	0.76466
2245	YGR083C	0.76462
2246	YKL070W	0.76455
2247	YNL088W	0.76455
2248	YPL217C	0.76452
2249	YMR038C	0.76451
2250	YKL209C	0.76451
2251	YHR161C	0.76449
2252	YNR017W	0.76449
2253	YPR172W	0.76448
2254	YNR051C	0.76447
2255	YNL322C	0.76445
2256	YKL193C	0.76443
2257	YGR093W	0.76434
2258	YLR075W	0.76432
2259	YDR493W	0.76432
2260	YIR029W	0.76427
2261	YER082C	0.76415
2262	YHR162W	0.76414
2263	YML090W	0.76406
2264	YDR518W	0.76404
2265	YLR292C	0.76402
2266	YBR166C	0.7639
2267	YNL045W	0.76388
2268	YPR140W	0.76387
2269	YDL023C	0.76376
2270	YKL202W	0.76372
2271	YDR041W	0.76371
2272	YJR057W	0.76368
2273	YBL098W	0.76366
2274	YOR252W	0.76364
2275	YBR096W	0.76356
2276	YDR209C	0.76348
2277	YLR451W	0.76343
2278	YNL107W	0.76336
2279	YKL003C	0.76334
2280	YER010C	0.76325
2281	YIL083C	0.76324
2282	YBR070C	0.76319
2283	YNL248C	0.76314
2284	YIL039W	0.76309
2285	YDL241W	0.76306
2286	YCL026C-A	0.76295
2287	YPL001W	0.76295
2288	YDR097C	0.76294
2289	YHR202W	0.76282
2290	YNL049C	0.76277
2291	YNL102W	0.76268
2292	YDR395W	0.76251
2293	YDR459C	0.76245
2294	YHL013C	0.76239
2295	YGR001C	0.76237
2296	YPL088W	0.76232
2297	YOR286W	0.76226
2298	YKR062W	0.76223
2299	YDL078C	0.76207
2300	YPL024W	0.76204
2301	YBR146W	0.76203
2302	YJL191W	0.76201
2303	YMR218C	0.76191
2304	YBR192W	0.7619
2305	YPR161C	0.7619
2306	YPR092W	0.76179
2307	YPL157W	0.76172
2308	YCL038C	0.76167
2309	YBR201W	0.76166
2310	YGL140C	0.76165
2311	YIL123W	0.7616
2312	YHR121W	0.76158
2313	YOR056C	0.76156
2314	YNR029C	0.76154
2315	YOR301W	0.76152
2316	YGL165C	0.76152
2317	YDL096C	0.76145
2318	YDR436W	0.76141
2319	YMR062C	0.7614
2320	YMR196W	0.76137
2321	YBL106C	0.76135
2322	YLR215C	0.76134
2323	YGL181W	0.7613
2324	YJL011C	0.76127
2325	YCR044C	0.76126
2326	YBR223W-A	0.76123
2327	YLR275W	0.76122
2328	YBR103W	0.76121
2329	YDR265W	0.76111
2330	YMR162C	0.76104
2331	YOL121C	0.76104
2332	Q0065	0.76103
2333	YBR227C	0.76096
2334	YIL082W-A	0.76089
2335	YBR237W	0.76085
2336	YOR181W	0.76078
2337	YKR017C	0.76072
2338	Q0120	0.76072
2339	Q0142	0.7607
2340	YBR151W	0.76067
2341	YDL177C	0.76066
2342	YAL016C-A	0.76064
2343	YIL034C	0.76054
2344	YER172C	0.76054
2345	YNR016C	0.76053
2346	YGR162W	0.7605
2347	YDR324C	0.76045
2348	YJL063C	0.76036
2349	YNL192W	0.76031
2350	YDR386W	0.7603
2351	YDR145W	0.76019
2352	YFR048W	0.76019
2353	YML004C	0.76016
2354	Q0105	0.76009
2355	YGR047C	0.76005
2356	YGR036C	0.76003
2357	YBR056W	0.76001
2358	YGR022C	0.75998
2359	YPR098C	0.7599
2360	YLR007W	0.75988
2361	YMR152W	0.75976
2362	YML121W	0.75959
2363	YGR027C	0.75954
2364	YGL236C	0.75944
2365	YHR008C	0.75942
2366	YPL222C-A	0.75941
2367	YHR165W-A	0.75935
2368	YFR041C	0.75931
2369	YGR201C	0.75928
2370	YFR033C	0.75925
2371	YNL321W	0.75924
2372	YGL103W	0.75923
2373	YBR190W	0.75922
2374	YDR336W	0.75922
2375	YDL040C	0.75922
2376	YNL040W	0.75922
2377	YAR003W	0.75921
2378	YMR242W-A	0.75914
2379	YLR041W	0.75911
2380	YLL001W	0.75907
2381	YGR141W	0.75905
2382	YKL030W	0.75905
2383	YOL114C	0.75904
2384	YPL142C	0.75904
2385	YDR338C	0.75901
2386	YFL050C	0.7589
2387	YER116C	0.75888
2388	YER002W	0.75877
2389	YIL171W	0.75856
2390	YDR452W	0.75854
2391	YNL081C	0.7585
2392	YBL100C	0.75847
2393	YIL100C-A	0.75846
2394	YBL055C	0.75844
2395	YFL004W	0.75844
2396	YLR037C	0.75843
2397	YNR033W	0.75841
2398	YCR031C	0.75839
2399	YDR514C	0.75836
2400	YFL003C	0.75828
2401	YKR003W	0.75825
2402	YLR003C	0.75823
2403	YDR031W	0.7582
2404	YDR144C	0.75817
2405	YLR448W	0.75813
2406	YLR335W	0.7581
2407	YIL142C-A	0.75806
2408	YLL025W	0.75806
2409	YJL010C	0.75804
2410	YAL018C	0.75803
2411	YDL193W	0.75801
2412	YLR380W	0.75798
2413	YNL316C	0.75796
2414	YOR136W	0.75794
2415	YLR014C	0.75791
2416	YNL155W	0.7579
2417	YBL108W	0.75785
2418	YEL006W	0.7578
2419	YOL098C	0.7578
2420	YDR183W	0.75777
2421	YJL222W	0.75759
2422	YIL022W	0.75758
2423	YOR331C	0.75753
2424	YJR067C	0.75746
2425	YCL054W	0.75746
2426	YNL302C	0.75738
2427	YCR038W-A	0.75738
2428	YJL072C	0.75735
2429	YJR010W	0.75728
2430	YOL052C	0.75728
2431	YFL034W	0.7572
2432	YPR002W	0.75716
2433	YNL101W	0.75716
2434	YBR024W	0.75715
2435	YDL008W	0.75707
2436	YER014W	0.75696
2437	YCR046C	0.75692
2438	YHR002W	0.7569
2439	YOR045W	0.75689
2440	YAL056C-A	0.75684
2441	YIL173W	0.75674
2442	YFL054C	0.75673
2443	YPR168W	0.75672
2444	YPL060W	0.75668
2445	YLR333C	0.75663
2446	YHR209W	0.75659
2447	YNR012W	0.75659
2448	YEL044W	0.75652
2449	YHR098C	0.75649
2450	YJR042W	0.75645
2451	YGR103W	0.75644
2452	YOR254C	0.75636
2453	YNL328C	0.75634
2454	YML057C-A	0.75631
2455	YDR292C	0.7563
2456	YLL043W	0.75624
2457	YLR306W	0.75623
2458	YLR083C	0.75618
2459	YDL178W	0.75617
2460	YDL101C	0.75604
2461	YML005W	0.75603
2462	YDL159C-B	0.75594
2463	YFR035C	0.75592
2464	YJL064W	0.75585
2465	YOR118W	0.75583
2466	YKL187C	0.75574
2467	YGL089C	0.7557
2468	YHR003C	0.75568
2469	YGR061C	0.75561
2470	YDR298C	0.75561
2471	YHR062C	0.75558
2472	YJL078C	0.7555
2473	YPL238C	0.75548
2474	YGL166W	0.75548
2475	YCL045C	0.75547
2476	YKL095W	0.75547
2477	YKL194C	0.75545
2478	YJL195C	0.75535
2479	YMR325W	0.75521
2480	YDL037C	0.7552
2481	YLR009W	0.75519
2482	YLR281C	0.75518
2483	YBR009C	0.755
2484	YOR176W	0.7548
2485	YDL227C	0.75475
2486	YKR025W	0.75471
2487	YDR380W	0.75469
2488	YBR221W-A	0.75465
2489	YOL046C	0.75459
2490	YHR151C	0.75457
2491	YKL019W	0.75444
2492	YAR019W-A	0.75443
2493	YJL115W	0.75441
2494	YHR116W	0.75438
2495	YOR173W	0.75438
2496	YGR109W-B	0.75435
2497	YAL037C-B	0.75434
2498	YPR066W	0.75433
2499	YHR178W	0.75433
2500	YNL247W	0.75433
2501	YBR297W	0.75428
2502	YML025C	0.75426
2503	YHR051W	0.75425
2504	YHL002W	0.75423
2505	YNL110C	0.75423
2506	YLR375W	0.75419
2507	YGL004C	0.7541
2508	YER001W	0.7541
2509	YOR376W-A	0.75409
2510	YJL175W	0.75406
2511	YHR194W	0.75403
2512	YPR159W	0.75401
2513	YLR141W	0.75401
2514	YOR102W	0.75398
2515	YIL004C	0.75391
2516	YDR364C	0.75387
2517	YDL060W	0.75384
2518	YPL097W	0.75383
2519	YGL049C	0.75382
2520	YKR047W	0.75373
2521	YPL152W	0.75373
2522	YCL001W-B	0.7536
2523	YOL113W	0.75359
2524	YPR087W	0.75355
2525	YOL061W	0.75355
2526	YAR075W	0.75351
2527	YDR362C	0.75346
2528	YOL123W	0.75342
2529	YGL065C	0.7534
2530	YFL046W	0.75338
2531	YER165C-A	0.75334
2532	YLR089C	0.7533
2533	YOL155C	0.75329
2534	YIR041W	0.75325
2535	YKR086W	0.7532
2536	YKR048C	0.75315
2537	YPL179W	0.75314
2538	YCR104W	0.75314
2539	YDL042C	0.75309
2540	YMR057C	0.75305
2541	YML110C	0.75305
2542	YPR032W	0.75303
2543	YCR084C	0.75302
2544	YBR174C	0.75302
2545	YPL008W	0.75299
2546	YMR149W	0.75298
2547	YDR067C	0.75296
2548	YOR387C	0.75295
2549	YDR060W	0.75284
2550	YMR074C	0.75282
2551	YOR390W	0.75273
2552	YEL053W-A	0.75266
2553	YIL067C	0.75264
2554	YCL026C-B	0.7526
2555	YGL074C	0.75256
2556	YHL031C	0.75251
2557	YBL038W	0.7525
2558	YLR192C	0.75247
2559	YJR055W	0.75246
2560	YIL171W-A	0.75244
2561	YJL220W	0.75244
2562	YMR302C	0.75235
2563	YDR182W	0.75231
2564	YKL153W	0.75229
2565	YER051W	0.75228
2566	YPR137W	0.75227
2567	YDL041W	0.75225
2568	YOR291W	0.75225
2569	YHL039W	0.7522
2570	YDL226C	0.75217
2571	YFL015C	0.75211
2572	YJL163C	0.752
2573	YOL115W	0.752
2574	YOR382W	0.75196
2575	YGR121W-A	0.75193
2576	YCR100C	0.75192
2577	YGR080W	0.75192
2578	YDR400W	0.75188
2579	YDR506C	0.75178
2580	YMR063W	0.75175
2581	YMR096W	0.75172
2582	YGR073C	0.7517
2583	YHR028C	0.75168
2584	YNR067C	0.75159
2585	YNL147W	0.75159
2586	YMR324C	0.75157
2587	YOR377W	0.75145
2588	YDR107C	0.75144
2589	YGR283C	0.75142
2590	YMR131C	0.75138
2591	YLR361C	0.75135
2592	YCL005W-A	0.75133
2593	YNR076W	0.75133
2594	YLL064C	0.75133
2595	YGL196W	0.75128
2596	YEL017C-A	0.75122
2597	YGL018C	0.75116
2598	YKR052C	0.75111
2599	YLR414C	0.7511
2600	YIL030C	0.75107
2601	YDL063C	0.75104
2602	YML073C	0.75101
2603	YNL028W	0.75097
2604	YIL054W	0.75097
2605	YBL058W	0.75096
2606	YOR139C	0.75094
2607	YKL224C	0.75093
2608	YNL106C	0.75092
2609	YNL163C	0.75091
2610	YDR248C	0.75089
2611	YLR386W	0.75086
2612	YJL085W	0.75083
2613	YKL103C	0.75079
2614	YJR137C	0.75065
2615	YIL125W	0.75063
2616	YMR104C	0.75063
2617	YMR127C	0.7506
2618	YLR399W-A	0.75054
2619	YPR064W	0.75053
2620	YDR542W	0.7505
2621	YJL027C	0.75047
2622	YDR286C	0.75044
2623	YPL270W	0.75044
2624	YGR111W	0.75041
2625	YIL046W	0.75037
2626	YMR306C-A	0.75035
2627	YGL082W	0.75033
2628	YLR255C	0.75032
2629	YPL082C	0.75028
2630	YBR175W	0.75024
2631	YKL170W	0.75022
2632	YJR071W	0.75019
2633	YKL031W	0.75015
2634	YPR170W-B	0.75014
2635	YCL057C-A	0.75008
2636	YHL001W	0.75007
2637	YEL002C	0.75006
2638	YER049W	0.74994
2639	YHR072W	0.74991
2640	YER066W	0.74988
2641	YNL015W	0.74987
2642	YDR491C	0.74979
2643	YBR125C	0.74978
2644	YGL155W	0.74978
2645	YLR461W	0.74977
2646	YDL143W	0.74977
2647	YGL261C	0.74976
2648	YAL068C	0.74976
2649	YBL108C-A	0.74976
2650	YBR107C	0.74971
2651	YPL164C	0.74967
2652	YHR204W	0.74964
2653	YGL173C	0.74963
2654	YHR114W	0.74963
2655	YAL048C	0.74957
2656	YNL282W	0.74954
2657	YHR171W	0.74953
2658	YCR006C	0.74947
2659	YDR498C	0.74947
2660	YPL279C	0.74944
2661	YDR210W	0.7494
2662	YDL154W	0.7494
2663	YPL103C	0.74938
2664	YIL113W	0.74935
2665	YLR085C	0.7493
2666	YLR325C	0.74927
2667	YER076C	0.74922
2668	YHL046C	0.74921
2669	YHR140W	0.74916
2670	YBR061C	0.74901
2671	YMR200W	0.74897
2672	YKL165C	0.74894
2673	YJL036W	0.74892
2674	YMR201C	0.74891
2675	YGR241C	0.74878
2676	YMR049C	0.74877
2677	YKL087C	0.74876
2678	YDR432W	0.74869
2679	YDR204W	0.74866
2680	YDR325W	0.74864
2681	YBR274W	0.74851
2682	YNL130C-A	0.74846
2683	YDL104C	0.74845
2684	YGR177C	0.74843
2685	YAL058W	0.74842
2686	YOR268C	0.74838
2687	YOL050C	0.74833
2688	YER187W	0.74829
2689	YDR330W	0.74828
2690	YML120C	0.74824
2691	YDL017W	0.74823
2692	YBR199W	0.74816
2693	YJL168C	0.74815
2694	YPL147W	0.74814
2695	YGL185C	0.7481
2696	YKL006W	0.74807
2697	YGR088W	0.74806
2698	YHR113W	0.74791
2699	YBR072W	0.74788
2700	YDR461W	0.74783
2701	YDR464C-A	0.74783
2702	YJR008W	0.74778
2703	YGL053W	0.74774
2704	YDL109C	0.74774
2705	YER042W	0.74773
2706	YLR020C	0.74772
2707	YOR251C	0.74768
2708	YJL200C	0.74758
2709	YBL062W	0.74757
2710	YPR132W	0.74755
2711	YGR118W	0.74755
2712	YML100W-A	0.74755
2713	YGR058W	0.74754
2714	YGL258W	0.74753
2715	YOR201C	0.7475
2716	YPR059C	0.74749
2717	YJL137C	0.74747
2718	YJR046W	0.74745
2719	YDR142C	0.7474
2720	YPR170C	0.74733
2721	YDR510C-A	0.74731
2722	YDR269C	0.74722
2723	YMR078C	0.74722
2724	YHR207C	0.74719
2725	YKL073W	0.74718
2726	YGR294W	0.74708
2727	YHR134W	0.74702
2728	YOR325W	0.74698
2729	YDR064W	0.74694
2730	YJL186W	0.74687
2731	YIL052C	0.74684
2732	YPR114W	0.74684
2733	YDL075W	0.7468
2734	YCR090C	0.74679
2735	YGL034C	0.74675
2736	YPL117C	0.74668
2737	YPL079W	0.74668
2738	YPR047W	0.74662
2739	YBR055C	0.7466
2740	YJR144W	0.74657
2741	YIL091C	0.74657
2742	YNL219C	0.74653
2743	YLR144C	0.74653
2744	YDR334W	0.74652
2745	YBR141C	0.74652
2746	YDR061W	0.7465
2747	YMR188C	0.7465
2748	YGR268C	0.74648
2749	YCL041C	0.74638
2750	YPR196W	0.74635
2751	YDL045W-A	0.74633
2752	YEL050C	0.74628
2753	YDR109C	0.74627
2754	YER056C-A	0.7462
2755	YLR002C	0.74615
2756	YOR294W	0.74611
2757	YOR167C	0.74608
2758	YIL058W	0.74606
2759	YAL015C	0.74606
2760	YIL076W	0.74602
2761	YFL020C	0.74599
2762	YNL149C	0.74599
2763	YFR034W-A	0.74599
2764	YER188W	0.74595
2765	YJL223C	0.74594
2766	YIL176C	0.74594
2767	YOR161W-A	0.74584
2768	YKL098W	0.74581
2769	YFL021C-A	0.74578
2770	YLL012W	0.74577
2771	YLR357W	0.74576
2772	YIL157C	0.74569
2773	YDL228C	0.74562
2774	YLR331C	0.7456
2775	YPL140C	0.74554
2776	YML094C-A	0.74553
2777	YOL042W	0.74552
2778	YGR255C	0.74547
2779	YKL192C	0.74544
2780	YDR523C	0.74541
2781	YBR251W	0.74537
2782	YGR169C	0.74536
2783	YBR207W	0.74529
2784	YBR090C	0.74527
2785	YLR076C	0.74522
2786	YIL041W	0.74518
2787	YOR100C	0.74518
2788	YML082W	0.74518
2789	YJR034W	0.74516
2790	YOR307C	0.74515
2791	YBR084W	0.74512
2792	YLR250W	0.74508
2793	YBR094W	0.74503
2794	YPL194W	0.74497
2795	YPL003W	0.74495
2796	YLR308W	0.74493
2797	YCR092C	0.74477
2798	YIR023C-A	0.74474
2799	YJL119C	0.74473
2800	YLR349W	0.74467
2801	YIR039C	0.74466
2802	YBR191W	0.74466
2803	YPR159C-A	0.74465
2804	YDL118W	0.74462
2805	YOL161C	0.74462
2806	YBR301W	0.7446
2807	YDR435C	0.74459
2808	YOR275C	0.74457
2809	YOR125C	0.74457
2810	YGL259W	0.74457
2811	YHL030W-A	0.74454
2812	YNL317W	0.74453
2813	YHR016C	0.74451
2814	YOL145C	0.74444
2815	YLR264W	0.74443
2816	YHR137W	0.74441
2817	YMR321C	0.74423
2818	YDR322C-A	0.74423
2819	YGR145W	0.74422
2820	YKL037W	0.74418
2821	YNL067W-B	0.74415
2822	YKL119C	0.74415
2823	YLR406C	0.74415
2824	YDL019C	0.74415
2825	YDR237W	0.74414
2826	YEL035C	0.74412
2827	YLR064W	0.74402
2828	YJR118C	0.74401
2829	YJL154C	0.74399
2830	YDL207W	0.74387
2831	YML019W	0.74379
2832	YIR036W-A	0.74379
2833	YGR005C	0.74373
2834	YHR076W	0.7437
2835	YBR109W-A	0.74369
2836	YER180C-A	0.74367
2837	YOR290C	0.74366
2838	YEL049W	0.74364
2839	YNL025C	0.74363
2840	YPL138C	0.74356
2841	YJL222W-B	0.74351
2842	YIL175W	0.74351
2843	YHR032C-A	0.74347
2844	YLR318W	0.74346
2845	YCR050C	0.74342
2846	YLR246W	0.7434
2847	YJR113C	0.74334
2848	YMR229C	0.74325
2849	YIL102C	0.74321
2850	YMR182W-A	0.74317
2851	YGR232W	0.74314
2852	YNL212W	0.74313
2853	YOL019W-A	0.74299
2854	YGL084C	0.74298
2855	YOL099C	0.74298
2856	YJL052C-A	0.74296
2857	YMR265C	0.74292
2858	YHL019C	0.74273
2859	YNL180C	0.74273
2860	YFR027W	0.74269
2861	YLR274W	0.74264
2862	YIL156W-B	0.74254
2863	YPR119W	0.74251
2864	YIL073C	0.74245
2865	YKL097C	0.74242
2866	YGR107W	0.74239
2867	YML060W	0.74237
2868	YER157W	0.74237
2869	YDL034W	0.74233
2870	YIL021C-A	0.74233
2871	YIL082W	0.74228
2872	YJR099W	0.74226
2873	YLR270W	0.74223
2874	YPR129W	0.74221
2875	YOR218C	0.74221
2876	YOR010C	0.74217
2877	YLL022C	0.74217
2878	YIL128W	0.74216
2879	YPR093C	0.74211
2880	YPR124W	0.74209
2881	YCR030C	0.74194
2882	YMR155W	0.74193
2883	YDR387C	0.74189
2884	YDL039C	0.74189
2885	YDR537C	0.74189
2886	YHR164C	0.74188
2887	YMR041C	0.74186
2888	YHR052W	0.74184
2889	YOL056W	0.74184
2890	YHR131W-A	0.74182
2891	YML030W	0.74182
2892	YDR173C	0.74178
2893	YDL165W	0.74168
2894	YNL293W	0.74167
2895	YDR355C	0.74162
2896	YHR091C	0.74161
2897	YHR214W	0.74159
2898	YAR066W	0.74159
2899	YNL206C	0.74157
2900	YNL239W	0.74155
2901	YBL006W-A	0.74154
2902	YHR213W-B	0.74145
2903	YHR192W	0.74143
2904	YCL008C	0.74128
2905	YGR109W-A	0.74121
2906	YFL013W-A	0.7412
2907	YKR074W	0.74117
2908	YKL150W	0.74111
2909	YEL073C	0.74111
2910	YDR194C	0.7411
2911	YPR162C	0.74107
2912	YNR030W	0.74101
2913	YDR374W-A	0.74096
2914	YNL162W-A	0.74091
2915	YIL059C	0.74091
2916	YDR337W	0.7409
2917	YER119C-A	0.74083
2918	YER059W	0.74079
2919	YOR022C	0.74077
2920	YGL260W	0.74075
2921	YMR042W	0.74074
2922	YKL222C	0.74074
2923	YDR517W	0.74073
2924	YMR150C	0.74071
2925	YPL198W	0.7407
2926	YEL055C	0.74069
2927	YOR001W	0.74068
2928	YGL019W	0.74067
2929	YBR141W-A	0.74059
2930	YJL043W	0.74056
2931	YNL036W	0.74056
2932	YDR268W	0.74054
2933	YGL024W	0.74052
2934	YNL263C	0.7405
2935	YGL184C	0.74048
2936	YNL169C	0.74043
2937	YNL279W	0.74041
2938	YDR077W	0.7404
2939	YLR452C	0.74039
2940	YOR272W	0.74036
2941	YPL224C	0.74035
2942	YGR271C-A	0.74034
2943	YER152W-A	0.74032
2944	YCR081C-A	0.74029
2945	YLR149C-A	0.74027
2946	YMR272W-A	0.74026
2947	YMR228W	0.74024
2948	YDR417C	0.7402
2949	YJL192C	0.74016
2950	YKL056C	0.74011
2951	YDR390C	0.74009
2952	YOR258W	0.74006
2953	YMR128W	0.74004
2954	YHL032C	0.74003
2955	YDR346C	0.74
2956	YIL168W	0.74
2957	YHR085W	0.73998
2958	YOR057W	0.73997
2959	YDR189W	0.73996
2960	YDR165W	0.73982
2961	YBR293W	0.73981
2962	YNL020C	0.7398
2963	YOR277C	0.73977
2964	YHL004W	0.73966
2965	YOR200W	0.73965
2966	YBL019W	0.73956
2967	YKL167C	0.73948
2968	YGL112C	0.73944
2969	YPL133C	0.73939
2970	YDL010W	0.73933
2971	YER147C-A	0.73928
2972	YOL060C	0.73923
2973	YLL010C	0.73922
2974	YKL147C	0.73918
2975	YLR236C	0.73916
2976	YHR071C-A	0.73909
2977	YPL172C	0.73906
2978	YOR059C	0.73903
2979	YLR105C	0.73903
2980	YGL076C	0.739
2981	YDR372C	0.73892
2982	YLR157C-C	0.73883
2983	YLR156C-A	0.73883
2984	YLR159C-A	0.73883
2985	YLR154C-H	0.73883
2986	YHR028W-A	0.73882
2987	YMR309C	0.73881
2988	YNL318C	0.73881
2989	YPL273W	0.73879
2990	YJR088C	0.73875
2991	YHL010C	0.73873
2992	YER080W	0.73873
2993	YJR130C	0.73869
2994	YBR229C	0.73867
2995	YOR052C	0.73864
2996	YLR347W-A	0.73864
2997	YBR213W	0.73861
2998	YER011W	0.73856
2999	YKL156C-A	0.73856
3000	YGL164C	0.73856
3001	YEL008W	0.73854
3002	YML066C	0.7385
3003	YIL028W	0.73849
3004	YGL235W	0.73847
3005	YOL023W	0.73841
3006	YER123W	0.73839
3007	YAR064W	0.73838
3008	YOR034C-A	0.73836
3009	YOR345C	0.73834
3010	YJL005W	0.73821
3011	YPL098C	0.73814
3012	YOL135C	0.73813
3013	YOL126C	0.73809
3014	YNL083W	0.73808
3015	YCL023C	0.73807
3016	YMR245W	0.738
3017	YBR200W	0.73799
3018	YLR143W	0.73798
3019	YCL048W-A	0.73798
3020	YNL299W	0.73793
3021	YPL030W	0.73791
3022	YFR020W	0.73789
3023	YJR035W	0.73788
3024	YHL045W	0.73785
3025	YGL231C	0.73784
3026	YLL027W	0.73778
3027	YDR320W-B	0.73776
3028	YNL092W	0.73776
3029	YNL184C	0.73775
3030	YGR050C	0.73774
3031	YLR021W	0.7377
3032	YPR023C	0.73768
3033	YOR244W	0.73768
3034	YDL105W	0.7376
3035	YCR079W	0.73755
3036	YGL080W	0.73747
3037	YGR054W	0.73746
3038	YMR105W-A	0.73745
3039	YAR028W	0.73744
3040	YNL062C	0.73742
3041	YDR428C	0.7374
3042	YLR090W	0.73737
3043	YDR332W	0.73734
3044	YJL127W-A	0.73733
3045	YNL160W	0.73731
3046	YPR060C	0.73726
3047	YFL015W-A	0.73723
3048	YPL249C	0.73722
3049	YLR122C	0.73721
3050	YGL144C	0.7372
3051	YMR290W-A	0.7372
3052	YLR379W-A	0.73715
3053	YGL003C	0.73713
3054	YCR096C	0.73712
3055	YML105C	0.73707
3056	YDR391C	0.73707
3057	YLL006W	0.73701
3058	YDL161W	0.73695
3059	YJR075W	0.73694
3060	YNL256W	0.73689
3061	YHR120W	0.73686
3062	YPR076W	0.73668
3063	YEL045C	0.73661
3064	YER140W	0.7366
3065	YLL057C	0.73659
3066	YNR038W	0.7365
3067	YHR180C-B	0.73644
3068	YHR070C-A	0.73642
3069	YLR284C	0.73641
3070	YHR115C	0.73636
3071	YOL013C	0.73634
3072	YLR025W	0.73632
3073	YER048C	0.7363
3074	YBR226C	0.73629
3075	YDL086C-A	0.73621
3076	YHR069C	0.73601
3077	YGR066C	0.73588
3078	YHR139C	0.73582
3079	YML063W	0.73581
3080	YGL111W	0.7358
3081	YGL027C	0.73572
3082	YGL218W	0.73569
3083	YBR042C	0.73568
3084	YGL246C	0.73561
3085	YDL233W	0.7356
3086	YLR443W	0.73556
3087	YAL045C	0.7355
3088	YPL062W	0.73549
3089	YML118W	0.73548
3090	YGR136W	0.73545
3091	YPR160W-A	0.73541
3092	YGL051W	0.73537
3093	YHR213W-A	0.73535
3094	YBR116C	0.73533
3095	YJL142C	0.7353
3096	YLR286W-A	0.73528
3097	YAR033W	0.73528
3098	YNL131W	0.73527
3099	YIL138C	0.73524
3100	YLR374C	0.73523
3101	YHR166C	0.73521
3102	YIL011W	0.73515
3103	YDL022C-A	0.73514
3104	YGL251C	0.73511
3105	YKR060W	0.7351
3106	YPL209C	0.73504
3107	YCR007C	0.73504
3108	YOR215C	0.73495
3109	YBR273C	0.73493
3110	YCL048W	0.73492
3111	YDL015C	0.73488
3112	YGR295C	0.73488
3113	YOR130C	0.73487
3114	YPR017C	0.73477
3115	YIL015W	0.73472
3116	YGR183C	0.7347
3117	YBR176W	0.73467
3118	YJR154W	0.73464
3119	YNL043C	0.73455
3120	YBR119W	0.73453
3121	YIL134W	0.73453
3122	YEL012W	0.73438
3123	YDL068W	0.73436
3124	YBR121C-A	0.73432
3125	YBR288C	0.73426
3126	YDL026W	0.73426
3127	YMR254C	0.73418
3128	YOL150C	0.73417
3129	YJL031C	0.73414
3130	YIL110W	0.73411
3131	YKL007W	0.73411
3132	YLR441C	0.73401
3133	YPR014C	0.73399
3134	YML081C-A	0.73399
3135	YKL174C	0.73398
3136	YIR040C	0.73397
3137	YLR279W	0.73392
3138	YML089C	0.73392
3139	YOL111C	0.73391
3140	YDR178W	0.73391
3141	YOR296W	0.7339
3142	YFR007W	0.7339
3143	YLR393W	0.73388
3144	YDR308C	0.73386
3145	YHL048C-A	0.73383
3146	YMR086C-A	0.73381
3147	YDL248W	0.7338
3148	YOR154W	0.7338
3149	YBR185C	0.73372
3150	YLR239C	0.73372
3151	YER182W	0.73372
3152	YML122C	0.73371
3153	YGR257C	0.73365
3154	YJR161C	0.73364
3155	YHR199C	0.73363
3156	YOR009W	0.73353
3157	YCR041W	0.73347
3158	YNL069C	0.73347
3159	YOR160W	0.73343
3160	YIL069C	0.73343
3161	YER074W	0.73343
3162	YPR125W	0.73341
3163	YJL003W	0.73334
3164	YDR053W	0.73332
3165	YPR184W	0.73332
3166	YDL163W	0.73329
3167	YLR140W	0.73327
3168	YCL049C	0.7332
3169	YDR531W	0.73319
3170	YDR274C	0.73314
3171	YIL147C	0.73311
3172	YPL190C	0.73309
3173	YDR044W	0.73307
3174	YDL085C-A	0.73305
3175	YNL238W	0.73294
3176	YHR038W	0.73282
3177	YGR269W	0.73267
3178	YPL096W	0.73266
3179	YHL014C	0.73264
3180	YFL065C	0.73252
3181	YBR105C	0.73248
3182	YPL110C	0.73241
3183	YPL196W	0.7324
3184	YGL194C	0.73236
3185	YDR114C	0.73232
3186	YOR383C	0.73224
3187	YLR362W	0.73224
3188	YKL006C-A	0.73218
3189	YGR270C-A	0.73209
3190	YDR512C	0.73206
3191	YER088C-A	0.73202
3192	YGL064C	0.73201
3193	YGL243W	0.732
3194	YHR022C-A	0.732
3195	YHR090C	0.73199
3196	YML097C	0.73198
3197	YNL048W	0.73192
3198	YDR482C	0.73191
3199	YEL048C	0.7319
3200	YNL276C	0.73189
3201	YNL178W	0.73185
3202	YOR050C	0.73175
3203	YPL132W	0.73166
3204	YGR176W	0.73156
3205	YGR009C	0.73149
3206	YOL010W	0.73146
3207	YOL043C	0.73138
3208	YDR306C	0.73137
3209	YDL215C	0.73132
3210	YPL136W	0.7312
3211	YNR054C	0.73115
3212	YPR053C	0.73111
3213	YCR087W	0.73107
3214	YLR261C	0.73105
3215	YOR082C	0.73096
3216	YGL250W	0.73093
3217	YER141W	0.73086
3218	YPL125W	0.73086
3219	YIL100W	0.73083
3220	YJR135W-A	0.73083
3221	YLR088W	0.73066
3222	YJL096W	0.73065
3223	YCL064C	0.73064
3224	YML084W	0.73064
3225	YMR286W	0.73063
3226	YKL172W	0.73061
3227	YDR427W	0.73058
3228	YDR132C	0.73055
3229	YGL161C	0.73053
3230	YJR005W	0.73051
3231	YPR203W	0.73047
3232	YDR250C	0.73046
3233	YJR128W	0.73046
3234	YEL033W	0.73044
3235	YJL183W	0.73042
3236	YHL008C	0.73038
3237	YOL146W	0.73038
3238	YGL216W	0.73033
3239	YNL284C	0.73028
3240	YER005W	0.73022
3241	YPL081W	0.73018
3242	YBR196C-B	0.73015
3243	YDR538W	0.73011
3244	YGR186W	0.73009
3245	YPL181W	0.73009
3246	YNR056C	0.73007
3247	YDR018C	0.73003
3248	YMR269W	0.73002
3249	YKL096W	0.72997
3250	YPL101W	0.72993
3251	YNL286W	0.7299
3252	YGR194C	0.72989
3253	YJL197W	0.72983
3254	YDL156W	0.7298
3255	YOR389W	0.7298
3256	YEL059W	0.72979
3257	YOR379C	0.72974
3258	YLR455W	0.7297
3259	YPL277C	0.72967
3260	YGR236C	0.72966
3261	YLR080W	0.72963
3262	YOL047C	0.72959
3263	YJL028W	0.72952
3264	YLR062C	0.72951
3265	YCR086W	0.72943
3266	YDR293C	0.72943
3267	YKL102C	0.72939
3268	YDR379C-A	0.72939
3269	YGL141W	0.72937
3270	YIL023C	0.72935
3271	YKR103W	0.72934
3272	YNR021W	0.72933
3273	YHR095W	0.72929
3274	YPL104W	0.72924
3275	YDR054C	0.7292
3276	YPL215W	0.72916
3277	YBR200W-A	0.72914
3278	YDL187C	0.72914
3279	YNL063W	0.72907
3280	YJR052W	0.72895
3281	YOL049W	0.7289
3282	YPR108W-A	0.72886
3283	YHL034W-A	0.72882
3284	YLR450W	0.72881
3285	YJL042W	0.72877
3286	YBR205W	0.72877
3287	YDR354C-A	0.72877
3288	YDR302W	0.72872
3289	YLR162W	0.72869
3290	YNR058W	0.72856
3291	YLR114C	0.72854
3292	YJL075C	0.72853
3293	YIR032C	0.72848
3294	YGR193C	0.72844
3295	YJL152W	0.72839
3296	YOR035C	0.72839
3297	YNL004W	0.72835
3298	YPL045W	0.72833
3299	YBL037W	0.72828
3300	YLR316C	0.72824
3301	YPR077C	0.72822
3302	YJL126W	0.7282
3303	YMR261C	0.72819
3304	YDR349C	0.72819
3305	YMR234W	0.72811
3306	YBR067C	0.72808
3307	YGL118C	0.72803
3308	YNL116W	0.728
3309	YNL306W	0.72794
3310	YGR190C	0.72791
3311	YDL033C	0.72787
3312	YML115C	0.72786
3313	YMR122C	0.72775
3314	YKL076C	0.72774
3315	YNL327W	0.72772
3316	YHR086W	0.72768
3317	YDR433W	0.72766
3318	YMR272W-B	0.72765
3319	YKL018W	0.72764
3320	YHR206W	0.72756
3321	YIL008W	0.72756
3322	YBR147W	0.7275
3323	YCR045W-A	0.72749
3324	YML031W	0.72748
3325	YCL002C	0.7274
3326	YFL040W	0.72737
3327	YOL077W-A	0.72729
3328	YIL002C	0.72724
3329	YPL176C	0.72716
3330	YLR124W	0.72716
3331	YBR113W	0.72716
3332	YFL047W	0.72714
3333	YFR052C-A	0.72712
3334	YLR430W	0.72711
3335	YDR496C	0.72711
3336	YGR062C	0.72711
3337	YBR032W	0.7271
3338	YOR203W	0.72709
3339	YOL152W	0.72707
3340	YMR112C	0.72706
3341	YNR075W	0.72706
3342	YLR235C	0.72704
3343	YHL002C-A	0.72702
3344	YHR188C	0.72699
3345	YMR076C	0.72698
3346	YDR419W	0.72695
3347	YBL044W	0.72692
3348	YGL179C	0.7269
3349	YJR112W	0.72684
3350	YHR180W	0.72679
3351	YNL291C	0.72675
3352	YFL051C	0.7267
3353	YDR442W	0.72667
3354	YDR118W-A	0.72666
3355	YOR005C	0.72662
3356	YPL225W	0.7266
3357	YKR087C	0.72655
3358	YPL025C	0.72644
3359	YAR031W	0.72641
3360	YDR282C	0.72637
3361	YGL248W	0.72627
3362	YML042W	0.72624
3363	YDR187C	0.72619
3364	YLR419W	0.72613
3365	YKL179C	0.72602
3366	YAR029W	0.726
3367	YMR097C	0.726
3368	YGR143W	0.72596
3369	YPL022W	0.72593
3370	YPL250W-A	0.7259
3371	YNL137C	0.72588
3372	YNL251C	0.72584
3373	YCL037C	0.72582
3374	YML051W	0.7258
3375	YCL032W	0.72577
3376	YDR154C	0.72576
3377	YDR169C-A	0.72575
3378	YGR101W	0.72573
3379	YPL063W	0.72564
3380	YGL083W	0.72563
3381	YOR031W	0.72563
3382	YLR344W	0.72562
3383	YMR158W	0.72562
3384	YPL116W	0.72562
3385	YOR141C	0.72555
3386	YMR242C	0.72555
3387	YOR312C	0.72555
3388	YLR296W	0.7255
3389	YLR047C	0.72549
3390	YDR434W	0.72549
3391	YML127W	0.72547
3392	YKL066W	0.72546
3393	YDR171W	0.72545
3394	YNL218W	0.72542
3395	YDR058C	0.72533
3396	YNL146C-A	0.72533
3397	YAL034W-A	0.72529
3398	YAL033W	0.72525
3399	YOL085C	0.7252
3400	YNL250W	0.72514
3401	YMR213W	0.72509
3402	YHR075C	0.72508
3403	YLR319C	0.725
3404	YFL010W-A	0.72499
3405	YPL251W	0.72496
3406	YNL017C	0.7249
3407	YPL080C	0.72489
3408	YGR217W	0.72488
3409	YPR154W	0.72487
3410	YPL119C-A	0.72486
3411	YER061C	0.72485
3412	YOR198C	0.72485
3413	YOR212W	0.72482
3414	YFR002W	0.72479
3415	YOR132W	0.72475
3416	YDR344C	0.72474
3417	YFR056C	0.7247
3418	YLR266C	0.72468
3419	YCL046W	0.72462
3420	YIR023W	0.72458
3421	YDL198C	0.72454
3422	YBL069W	0.72447
3423	YKL132C	0.72446
3424	YKL223W	0.72446
3425	YER014C-A	0.72445
3426	YOR002W	0.72444
3427	YIL133C	0.72443
3428	YIL107C	0.72432
3429	YOR278W	0.72431
3430	YAL042C-A	0.72429
3431	YNL168C	0.72428
3432	YCR049C	0.72424
3433	YBL061C	0.72421
3434	YLR104W	0.72419
3435	YMR166C	0.72419
3436	YGL187C	0.72415
3437	YJR006W	0.72413
3438	YCR073C	0.72412
3439	YDL213W-A	0.72412
3440	YJL053W	0.72409
3441	YLR133W	0.72399
3442	YKR032W	0.72392
3443	YLR301W	0.7239
3444	YBR134W	0.72389
3445	YOR330C	0.72381
3446	YBR302C	0.72378
3447	YML132W	0.72378
3448	YFL010C	0.72368
3449	YDL172C	0.72366
3450	YOR314W-A	0.72365
3451	YPL210C	0.72359
3452	YIL167W	0.72354
3453	YOL037C	0.72349
3454	YBL095W	0.72347
3455	YGL109W	0.72341
3456	YDL032W	0.7234
3457	YGL045W	0.72338
3458	YJL194W	0.72331
3459	YDR152W	0.72328
3460	YLL037W	0.72325
3461	YKL206C	0.72323
3462	YBR189W	0.72322
3463	YDL066W	0.72321
3464	YDL171C	0.72319
3465	YNL336W	0.72319
3466	YOL141W	0.72308
3467	YOR018W	0.72304
3468	YNL097C-B	0.72297
3469	YBR099C	0.72296
3470	YCR085W	0.72287
3471	YOR231W	0.72277
3472	YPR016W-A	0.72274
3473	YNL124W	0.72273
3474	YOL014W	0.72269
3475	YOR054C	0.72266
3476	YLL059C	0.72264
3477	YDR370C	0.72263
3478	YCL016C	0.72258
3479	YGR003W	0.72254
3480	YBR060C	0.72249
3481	YBR232C	0.72241
3482	YER087C-B	0.72235
3483	YOR335W-A	0.72235
3484	YOL127W	0.72231
3485	YLR116W	0.7223
3486	YMR055C	0.72229
3487	YOR029W	0.72219
3488	YGL258W-A	0.72216
3489	YDL030W	0.72216
3490	YJL009W	0.72214
3491	YDR479C	0.72213
3492	YHL048W	0.72211
3493	YJR050W	0.7221
3494	YGR157W	0.7221
3495	YPL109C	0.72209
3496	YDL159W	0.72209
3497	YDL111C	0.72204
3498	YGL016W	0.72199
3499	YOR072W-A	0.72197
3500	YDR036C	0.72194
3501	YDL167C	0.72193
3502	YGR261C	0.72192
3503	YGR034W	0.72187
3504	YMR227C	0.72187
3505	YJR150C	0.72185
3506	YDL195W	0.72182
3507	YDR430C	0.72182
3508	YIL140W	0.72177
3509	YKL096W-A	0.72173
3510	YLR154C-G	0.72173
3511	YJR076C	0.72168
3512	YPL173W	0.72166
3513	YDR524C-B	0.7216
3514	YDR288W	0.72152
3515	YOR135C	0.7215
3516	YJL139C	0.72141
3517	YGL244W	0.72137
3518	YGL199C	0.72128
3519	YLR317W	0.72128
3520	YHL022C	0.72125
3521	YJL091C	0.72121
3522	YLR427W	0.7212
3523	YDL150W	0.72114
3524	YBL070C	0.72113
3525	YDR503C	0.72111
3526	YDR444W	0.72109
3527	YOR068C	0.72105
3528	YNL261W	0.72104
3529	YER098W	0.72103
3530	YIL151C	0.72099
3531	YNL089C	0.72098
3532	YJR019C	0.72092
3533	YDL232W	0.72089
3534	YNR040W	0.72085
3535	YNL193W	0.7208
3536	YMR233W	0.72078
3537	YIL047C-A	0.72073
3538	YER150W	0.72068
3539	YBR233W	0.72063
3540	YMR312W	0.7206
3541	YFL031W	0.72057
3542	YPR189W	0.72052
3543	YEL015W	0.72052
3544	YIR007W	0.72049
3545	YLR464W	0.72046
3546	YEL076C-A	0.72046
3547	YHL019W-A	0.72044
3548	YGR154C	0.72041
3549	YPL100W	0.72039
3550	YOR219C	0.72036
3551	YKR063C	0.72031
3552	YNL173C	0.7203
3553	YER037W	0.72028
3554	YKL100C	0.72027
3555	YGR051C	0.72017
3556	YLR093C	0.72014
3557	YER030W	0.72013
3558	YNL310C	0.72007
3559	YEL076C	0.72001
3560	YKL131W	0.71997
3561	YLR264C-A	0.71995
3562	YML031C-A	0.71992
3563	YBR231C	0.71987
3564	YPL064C	0.7198
3565	YLR280C	0.71976
3566	YDR134C	0.71976
3567	YAL001C	0.71974
3568	YOR051C	0.71973
3569	YKL071W	0.71966
3570	YPL084W	0.71965
3571	YOR072W	0.71963
3572	YFR022W	0.71962
3573	YJL047C	0.71961
3574	YOR363C	0.71958
3575	YDR311W	0.71956
3576	YDL071C	0.71956
3577	YCR071C	0.71952
3578	YPL053C	0.71942
3579	YDR289C	0.71941
3580	YKL214C	0.71941
3581	YIR043C	0.71941
3582	YDR233C	0.71939
3583	YPR057W	0.71935
3584	YOR299W	0.71931
3585	YKL055C	0.71928
3586	YJL133W	0.71928
3587	YOR340C	0.71926
3588	YCR088W	0.71923
3589	YIL161W	0.71921
3590	YNL094W	0.7192
3591	YMR189W	0.71917
3592	YMR177W	0.71917
3593	YGL102C	0.71916
3594	YNL258C	0.71913
3595	YER048W-A	0.71908
3596	YER107W-A	0.71908
3597	YKL040C	0.71907
3598	YNL298W	0.71907
3599	YKR075W-A	0.719
3600	YOL155W-A	0.71898
3601	YJR079W	0.71897
3602	YOL048C	0.71894
3603	YDR162C	0.71889
3604	YOR309C	0.71883
3605	YMR102C	0.71878
3606	YMR247W-A	0.71875
3607	YPL135C-A	0.71875
3608	YGL123C-A	0.71867
3609	YLR269C	0.71865
3610	YML129C	0.71863
3611	YLR207W	0.71862
3612	YPL263C	0.71862
3613	YPL195W	0.71859
3614	YBR103C-A	0.71856
3615	YMR119W-A	0.71854
3616	YDR467C	0.71853
3617	YLR128W	0.71851
3618	YIL134C-A	0.7185
3619	YHL015W-A	0.71849
3620	YIL154C	0.71847
3621	YOL052C-A	0.71836
3622	YPL145C	0.71833
3623	YJL129C	0.71833
3624	YKR069W	0.71831
3625	YPL112C	0.7183
3626	YFL029C	0.71828
3627	YPL009C	0.71818
3628	YHR077C	0.71813
3629	YOR073W-A	0.71801
3630	YJL156W-A	0.71788
3631	YEL067C	0.71788
3632	YOR025W	0.71787
3633	YEL030C-A	0.71787
3634	YDR025W	0.71785
3635	YBR048W	0.71785
3636	YNL296W	0.71783
3637	YMR008C-A	0.7178
3638	YBL039C-A	0.71773
3639	YPL023C	0.71765
3640	YPL114W	0.71764
3641	YPR091C	0.71761
3642	YDL021W	0.71761
3643	YHL007C	0.7176
3644	YOR281C	0.71748
3645	YKR049C	0.71747
3646	YMR002W	0.71746
3647	YPL019C	0.71735
3648	YCR064C	0.71734
3649	YOR067C	0.71731
3650	YNL252C	0.71731
3651	YAL067W-A	0.71726
3652	YDL240W	0.71722
3653	YPR018W	0.71719
3654	YDL157C	0.71714
3655	YCR083W	0.71713
3656	YDR363W-A	0.71708
3657	YMR043W	0.71702
3658	YKL139W	0.717
3659	YGR117C	0.71696
3660	YLR161W	0.71696
3661	YLR159W	0.71696
3662	YLR156W	0.71696
3663	YPL083C	0.71695
3664	YPR006C	0.71694
3665	YPR135W	0.71693
3666	YKL036C	0.71691
3667	YBR271W	0.71686
3668	YFL062W	0.71683
3669	YML061C	0.71681
3670	YKL178C	0.71679
3671	YGL125W	0.71679
3672	YBL033C	0.71676
3673	YKL198C	0.71675
3674	YLR115W	0.71674
3675	YDL209C	0.71671
3676	YJL169W	0.71668
3677	YOL027C	0.71666
3678	YPR195C	0.71662
3679	YLR107W	0.71655
3680	YOR216C	0.71654
3681	Q0060	0.71653
3682	YLR112W	0.71649
3683	YKL077W	0.71645
3684	YOL013W-A	0.7164
3685	YCR014C	0.71639
3686	YOL108C	0.71638
3687	YLR163C	0.71633
3688	YIR017C	0.71632
3689	YNL216W	0.71631
3690	YPL162C	0.71625
3691	YDL054C	0.71624
3692	YDL191W	0.71621
3693	YDL136W	0.71621
3694	YOL148C	0.71619
3695	YAL059C-A	0.71618
3696	YIR020C	0.71616
3697	YPR104C	0.71611
3698	YOL116W	0.71606
3699	YDR478W	0.71601
3700	YKL115C	0.71597
3701	YJL025W	0.71595
3702	YMR194W	0.71593
3703	YMR125W	0.71593
3704	YOL083C-A	0.71592
3705	YNR075C-A	0.71592
3706	YBR005W	0.71592
3707	YIL131C	0.7159
3708	YOR008C	0.71587
3709	YFR010W-A	0.71586
3710	YOR353C	0.71582
3711	YEL053C	0.71577
3712	YMR013C-A	0.71572
3713	YER053C-A	0.71572
3714	YIR021W	0.7157
3715	YCR097W-A	0.71566
3716	YGL152C	0.71565
3717	YOR014W	0.71558
3718	YGR216C	0.71555
3719	YDR004W	0.7155
3720	YMR317W	0.7155
3721	YLR077W	0.71548
3722	YPL029W	0.71548
3723	YLL019W-A	0.71548
3724	YMR035W	0.71546
3725	YIR020C-B	0.71546
3726	YNL273W	0.71544
3727	YOR146W	0.7154
3728	YKL183C-A	0.71537
3729	YNL269W	0.71535
3730	YBL047C	0.71533
3731	YGL110C	0.71528
3732	YNL042W-B	0.71527
3733	YCR024C-B	0.71527
3734	YML011C	0.71523
3735	YOL057W	0.71523
3736	YOR300W	0.71523
3737	YAR035C-A	0.71518
3738	YDR365C	0.71509
3739	YOR364W	0.71508
3740	YIR020W-A	0.71506
3741	YBR030W	0.71506
3742	YMR251W-A	0.71501
3743	YDR087C	0.71496
3744	YLR045C	0.71479
3745	YHR139C-A	0.71478
3746	YDR253C	0.71477
3747	YOL102C	0.71475
3748	YDL025W-A	0.71471
3749	YKL125W	0.71469
3750	YER154W	0.71466
3751	YHR126C	0.71466
3752	YEL018C-A	0.71458
3753	YBR111W-A	0.71458
3754	YDL148C	0.71449
3755	YIR018C-A	0.71445
3756	YBR144C	0.71443
3757	YOR267C	0.71443
3758	YBR268W	0.71441
3759	YHR060W	0.7144
3760	YHR067W	0.71424
3761	YPR105C	0.71418
3762	YDR175C	0.71418
3763	YDL231C	0.71415
3764	YHR118C	0.71414
3765	YGL063C-A	0.71411
3766	YDR230W	0.71411
3767	YNL283C	0.71409
3768	YOL128C	0.71403
3769	YBL049W	0.71402
3770	YAR053W	0.714
3771	YOR138C	0.71399
3772	YPR036W	0.71394
3773	YHR011W	0.71389
3774	YHR198C	0.71387
3775	YLR302C	0.71385
3776	YLR157W-E	0.71384
3777	YPL233W	0.71381
3778	YKL173W	0.7138
3779	YBR086C	0.71376
3780	YNL119W	0.7137
3781	YLR103C	0.71369
3782	YDR319C	0.71366
3783	YIL079C	0.71365
3784	YLR013W	0.71351
3785	YIR044C	0.71349
3786	YJR022W	0.71349
3787	YNL009W	0.71327
3788	YMR007W	0.71322
3789	YIL006W	0.71319
3790	R0020C	0.71318
3791	YER058W	0.71316
3792	YOL149W	0.71313
3793	YJR120W	0.71309
3794	YER144C	0.71306
3795	YKL137W	0.71305
3796	YJL184W	0.71305
3797	YGR212W	0.71304
3798	YOR183W	0.71303
3799	YPL249C-A	0.71297
3800	YGR290W	0.71295
3801	YHR180W-A	0.71291
3802	YPR133W-A	0.7129
3803	YDR168W	0.71289
3804	YNR001W-A	0.71287
3805	YDR122W	0.71281
3806	YJL203W	0.7128
3807	YNL144W-A	0.71278
3808	YMR110C	0.71278
3809	YHR133C	0.71272
3810	YKL215C	0.71267
3811	YJR018W	0.71265
3812	YLR248W	0.71265
3813	YOL097W-A	0.71263
3814	YBR126W-B	0.71258
3815	YLR123C	0.71257
3816	YMR289W	0.71248
3817	YMR047C	0.71248
3818	YJR044C	0.7124
3819	YLR412C-A	0.7124
3820	YLR016C	0.71235
3821	YGR226C	0.7123
3822	YGL153W	0.71226
3823	YLR120W-A	0.71223
3824	YDR393W	0.71223
3825	YGR102C	0.7122
3826	YOR108C-A	0.7122
3827	YLR164W	0.71219
3828	YJR098C	0.71214
3829	YDR174W	0.7121
3830	YHR124W	0.71205
3831	YDR347W	0.71204
3832	YBR089W	0.71201
3833	YIL111W	0.712
3834	YDL221W	0.71192
3835	YLR379W	0.71192
3836	YDL053C	0.71187
3837	YGL191W	0.71184
3838	YMR028W	0.71182
3839	YPL065W	0.71182
3840	YOR008C-A	0.71175
3841	YGR119C	0.71167
3842	YBL101C	0.71156
3843	YDL003W	0.71155
3844	YIL018W	0.71151
3845	YFR031C-A	0.71151
3846	YML095C	0.71148
3847	YMR013W-A	0.71147
3848	Q0055	0.71144
3849	YKR064W	0.7114
3850	YBR028C	0.71135
3851	YOR245C	0.71135
3852	YDR244W	0.71134
3853	YNL103W-A	0.71124
3854	YCR042C	0.71121
3855	YIL156W-A	0.71114
3856	YHR073C-B	0.7111
3857	YJL015C	0.71109
3858	YAR070C	0.71106
3859	YLR387C	0.71106
3860	YKL058W	0.71105
3861	YHR052W-A	0.71105
3862	YHR054W-A	0.71105
3863	YDR215C	0.71104
3864	YOR111W	0.71098
3865	YER101C	0.71098
3866	YER148W-A	0.71093
3867	YML100W	0.7109
3868	YLR125W	0.71078
3869	YMR223W	0.71076
3870	YLR032W	0.71075
3871	YGR031C-A	0.71071
3872	YMR004W	0.71067
3873	YIR017W-A	0.71064
3874	YLR240W	0.71063
3875	YMR158W-B	0.71051
3876	YHR196W	0.71047
3877	YMR194C-A	0.71046
3878	YDL234C	0.71046
3879	YGL031C	0.7104
3880	YIL115W-A	0.71038
3881	YDR266C	0.71037
3882	YIL038C	0.7103
3883	YOR134W	0.71019
3884	YMR291W	0.71018
3885	YPL188W	0.71018
3886	YBR253W	0.71018
3887	YGR116W	0.71015
3888	YOL054W	0.71013
3889	YNL182C	0.71009
3890	YOL038C-A	0.71005
3891	YCR038C	0.71004
3892	YNL035C	0.71
3893	YLR371W	0.70996
3894	YMR230W-A	0.70992
3895	YOL022C	0.70991
3896	YLL062C	0.70991
3897	YDR220C	0.7099
3898	YOR033C	0.70988
3899	YDR472W	0.70982
3900	YLL038C	0.70977
3901	YFR045W	0.70973
3902	YNL289W	0.70967
3903	YLR150W	0.70962
3904	YIL012W	0.70959
3905	YHL049C	0.70954
3906	YNL303W	0.70952
3907	YLR206W	0.70951
3908	YHR214C-E	0.70949
3909	YBR076C-A	0.70944
3910	YAL051W	0.70942
3911	YDR010C	0.70941
3912	YLR368W	0.70938
3913	YGL172W	0.70938
3914	YPL205C	0.70937
3915	YJL102W	0.70936
3916	YCL068C	0.70936
3917	YOR233W	0.70929
3918	YMR031W-A	0.70927
3919	YGL072C	0.70926
3920	YIR030W-A	0.70923
3921	YHR081W	0.7092
3922	YGL213C	0.70917
3923	YLR323C	0.70911
3924	YOR020W-A	0.70906
3925	YLR416C	0.70903
3926	YIL174W	0.70898
3927	YJL222W-A	0.70898
3928	YPL056C	0.70897
3929	YKL188C	0.70896
3930	YOR008W-B	0.70893
3931	YPR048W	0.70891
3932	YKL053W	0.70889
3933	YER083C	0.70882
3934	YHL012W	0.70881
3935	YNL320W	0.7088
3936	YJR123W	0.70878
3937	YEL008C-A	0.70875
3938	YOR199W	0.70859
3939	YHL006W-A	0.70851
3940	YAL025C	0.70844
3941	YKL010C	0.70837
3942	YDR301W	0.70834
3943	YGL129C	0.70833
3944	YDR410C	0.70825
3945	YOR386W	0.70823
3946	YDR405W	0.70817
3947	YPR141C	0.70814
3948	YOL120C	0.70813
3949	YNL301C	0.70813
3950	YCL065W	0.70811
3951	YPL044C	0.70805
3952	YKR058W	0.70803
3953	YBR036C	0.708
3954	YKL047W	0.70799
3955	YPR063C	0.70798
3956	YBL083C	0.70798
3957	YPL037C	0.70797
3958	YLR029C	0.70795
3959	YKL123W	0.7079
3960	YDL196W	0.70787
3961	YMR259C	0.70782
3962	YHR086W-A	0.70779
3963	YJL004C	0.70779
3964	YGR110W	0.70776
3965	YNL217W	0.70772
3966	YJL067W	0.70765
3967	YBL035C	0.7076
3968	YDR102C	0.70754
3969	YKL177W	0.70754
3970	YGR099W	0.70753
3971	YDR440W	0.70741
3972	YGR146C-A	0.70735
3973	YPL243W	0.70725
3974	YNL277W-A	0.70724
3975	YJL120W	0.70721
3976	YLR299W	0.7072
3977	YIL017C	0.70718
3978	YKR061W	0.70714
3979	YDL119C	0.70714
3980	YGL088W	0.70713
3981	YPL247C	0.70712
3982	YGR265W	0.7071
3983	YKL219W	0.70709
3984	YFR016C	0.70706
3985	YBR280C	0.70701
3986	YLL054C	0.707
3987	YKL064W	0.707
3988	YMR216C	0.70696
3989	YOR090C	0.70696
3990	YKR035C	0.70688
3991	YGL098W	0.70683
3992	YML130C	0.70681
3993	YDR316W	0.7068
3994	YGL094C	0.70679
3995	YPR010C-A	0.70678
3996	YGR064W	0.70674
3997	YMR103C	0.70674
3998	YFL009W	0.7067
3999	YNL324W	0.70667
4000	YJR038C	0.70663
4001	YHR055C	0.70661
4002	YHR053C	0.70661
4003	YMR087W	0.7066
4004	YBL020W	0.70659
4005	YLR415C	0.70658
4006	YNL032W	0.70655
4007	YML013W	0.70654
4008	YEL020C-B	0.70649
4009	YNL228W	0.70644
4010	YCR093W	0.70642
4011	YIL050W	0.70639
4012	YER172C-A	0.70636
4013	YAL014C	0.70635
4014	YER151C	0.70635
4015	YMR156C	0.7063
4016	YGR202C	0.70626
4017	YFL064C	0.70625
4018	YPL182C	0.7062
4019	YGL204C	0.70618
4020	YCR102W-A	0.70612
4021	YCR035C	0.70608
4022	YMR033W	0.70606
4023	YDR290W	0.70601
4024	YAL034C-B	0.70598
4025	YPL047W	0.70597
4026	YBR074W	0.70595
4027	YIL085C	0.70595
4028	YPL148C	0.70586
4029	YGR148C	0.70585
4030	YJL022W	0.70581
4031	YOL051W	0.7058
4032	YKL044W	0.70578
4033	YER131W	0.70574
4034	YLR444C	0.70568
4035	YBL065W	0.70563
4036	YKL100W-A	0.70559
4037	YER021W	0.70558
4038	YJR004C	0.70557
4039	YPR166C	0.70556
4040	YOR026W	0.70551
4041	YDR150W	0.70547
4042	YBL080C	0.70544
4043	YNL221C	0.70542
4044	YNL236W	0.7054
4045	YPL252C	0.70538
4046	YHR172W	0.70536
4047	YIL068W-A	0.70531
4048	YLR154W-B	0.70527
4049	YKL075C	0.70524
4050	YOR075W	0.7052
4051	YDR421W	0.70514
4052	YML034C-A	0.70513
4053	YDR106W	0.70513
4054	YOR360C	0.70507
4055	YMR121C	0.70504
4056	YGL217C	0.70503
4057	YGL189C	0.70501
4058	YLR390W-A	0.70491
4059	YIR006C	0.7049
4060	YJL193W	0.70488
4061	YNL150W	0.70487
4062	YMR039C	0.70483
4063	YLR111W	0.70482
4064	YMR135W-A	0.7048
4065	YOR156C	0.70477
4066	YBR260C	0.70466
4067	YDL024C	0.70464
4068	YJL197C-A	0.70463
4069	YCR025C	0.70462
4070	YHL005C	0.70458
4071	YGR006W	0.70451
4072	YIL087C	0.7045
4073	YFL036W	0.7045
4074	YKR073C	0.70446
4075	YGR112W	0.7044
4076	YNR018W	0.70438
4077	YDL175C	0.70438
4078	YPL271W	0.70436
4079	YNL242W	0.70431
4080	YCR047W-A	0.70428
4081	YGR166W	0.70428
4082	YKL142W	0.70424
4083	YDR360W	0.70422
4084	YMR001C-A	0.70419
4085	YBR246W	0.70415
4086	YBL097W	0.70415
4087	YDR524W-C	0.70413
4088	YOR038C	0.70408
4089	YPL152W-A	0.70404
4090	YGR167W	0.70401
4091	YNR005C	0.70398
4092	YIL029W-A	0.70396
4093	YMR316C-A	0.70393
4094	YIL150C	0.70387
4095	YJL006C	0.70386
4096	YER145C-A	0.70375
4097	YFR037C	0.70368
4098	YAR069C	0.70367
4099	YHR214C-D	0.70367
4100	YGR259C	0.70366
4101	YER126C	0.70365
4102	YNL145W	0.70364
4103	YIL057C	0.70363
4104	YMR193W	0.70352
4105	YOR269W	0.70351
4106	YGR149W	0.70342
4107	YBR027C	0.70338
4108	YKL090W	0.70336
4109	YIL061C	0.70324
4110	YLR012C	0.70322
4111	YPR130C	0.70321
4112	YNL308C	0.70321
4113	YJR036C	0.70316
4114	YBR085C-A	0.70313
4115	YOL160W	0.70312
4116	YLR097C	0.70311
4117	YDL162C	0.70311
4118	YPL191C	0.70304
4119	YNL186W	0.70296
4120	YLR110C	0.70291
4121	YER046W-A	0.7029
4122	YGR038W	0.70289
4123	YMR295C	0.70282
4124	YBR247C	0.70266
4125	YPR175W	0.70266
4126	Q0160	0.70264
4127	YGR068W-A	0.70258
4128	YOR334W	0.70256
4129	YPR191W	0.70255
4130	YJL141C	0.70253
4131	YFL031C-A	0.7025
4132	YCR067C	0.70245
4133	YDL091C	0.70244
4134	YNL177C	0.70238
4135	YLR290C	0.70227
4136	YML049C	0.70217
4137	YDR003W	0.70209
4138	YBR059C	0.70206
4139	YBL008W	0.70204
4140	YJL135W	0.70199
4141	YOR316C-A	0.70196
4142	YER127W	0.70196
4143	YMR168C	0.70193
4144	YDR205W	0.70192
4145	YBR056W-A	0.70185
4146	YNR069C	0.70185
4147	YML048W	0.70179
4148	YPL007C	0.70177
4149	YKL033W	0.70171
4150	YOL001W	0.70169
4151	YKR071C	0.70164
4152	YNL052W	0.70161
4153	YCL058C	0.7016
4154	YDR149C	0.70156
4155	YNR023W	0.70155
4156	YBR278W	0.70153
4157	YGR223C	0.70148
4158	YGL052W	0.70144
4159	YJL127C-B	0.7014
4160	YLR322W	0.70138
4161	YDR525W	0.70134
4162	YJR023C	0.7013
4163	YAL055W	0.70122
4164	YJL077C	0.70118
4165	YDR034W-B	0.7011
4166	YNL325C	0.70109
4167	YBR298C-A	0.70106
4168	YBR178W	0.70099
4169	YJR136C	0.70097
4170	YIL032C	0.70095
4171	YLR194C	0.70092
4172	YDR320C-A	0.70092
4173	YDR246W-A	0.70091
4174	YML116W-A	0.70089
4175	YDR407C	0.7008
4176	YFL025C	0.70074
4177	YGR069W	0.70074
4178	YLR015W	0.70072
4179	YPR160C-A	0.70071
4180	YJL215C	0.70064
4181	YFR026C	0.70062
4182	YLR071C	0.7006
4183	YJR090C	0.70058
4184	YDR504C	0.70053
4185	YPL038W	0.70051
4186	YLR162W-A	0.70049
4187	YJR033C	0.70045
4188	YGL254W	0.70035
4189	YDR327W	0.70033
4190	YGR033C	0.70033
4191	YKL012W	0.70027
4192	YDR020C	0.70022
4193	YOR070C	0.70018
4194	YBR158W	0.7001
4195	YHR073W-A	0.7001
4196	YHR125W	0.70008
4197	YEL016C	0.7
4198	YDR026C	0.69999
4199	YPR177C	0.69993
4200	YHR150W	0.6999
4201	YDL058W	0.69979
4202	YPL167C	0.69977
4203	YGL029W	0.69975
4204	YPR126C	0.6997
4205	YOR237W	0.69969
4206	YDR192C	0.69966
4207	YNL085W	0.69963
4208	YHL035C	0.69945
4209	YMR157C	0.69936
4210	YOL026C	0.69935
4211	YDR126W	0.69934
4212	YOR314W	0.69932
4213	YHR007C-A	0.6993
4214	YDR206W	0.69927
4215	YOR225W	0.69924
4216	YJR100C	0.69923
4217	YMR231W	0.69913
4218	YDR526C	0.69912
4219	YLR342W-A	0.69907
4220	YPR169W	0.69905
4221	YFR012W-A	0.69905
4222	YCR054C	0.69904
4223	YCR077C	0.69901
4224	YPR045C	0.69899
4225	YML088W	0.69899
4226	YGL228W	0.69896
4227	YJR031C	0.6989
4228	YJL188C	0.69889
4229	YDR073W	0.69889
4230	YGL188C	0.69888
4231	YGL032C	0.69873
4232	YJR142W	0.69869
4233	YOL144W	0.69868
4234	YDR527W	0.69867
4235	YMR012W	0.69866
4236	YGR139W	0.69865
4237	YPL090C	0.6986
4238	YBR181C	0.6986
4239	YJL136W-A	0.6986
4240	YJL177W	0.69858
4241	YNR003W-A	0.69849
4242	YBR258C	0.69848
4243	YGR182C	0.69845
4244	YOL076W	0.69844
4245	YGR068C	0.69844
4246	YMR005W	0.69839
4247	YER067C-A	0.69839
4248	YCL012C	0.69833
4249	YOR210W	0.69828
4250	YLR226W	0.69821
4251	YER090C-A	0.69813
4252	YCL054W-A	0.69813
4253	YFR013W	0.69806
4254	YGR158C	0.69794
4255	YDR403W	0.6979
4256	YER023C-A	0.69788
4257	YJR114W	0.69788
4258	YJL123C	0.69785
4259	YPL268W	0.69781
4260	YGL257C	0.69772
4261	YHR009C	0.69765
4262	YLR361C-A	0.69754
4263	YDR371C-A	0.69752
4264	YJR097W	0.69752
4265	YML096W	0.69749
4266	YJR051W	0.69748
4267	YKL203C	0.69742
4268	YLR285C-A	0.6974
4269	YBR281C	0.69739
4270	YGL169W	0.69739
4271	YFR009W-A	0.69731
4272	YBL067C	0.69729
4273	YGL177W	0.69728
4274	YPR050C	0.69727
4275	YOR365C	0.69722
4276	YKL043W	0.69718
4277	YAL013W	0.69712
4278	YGR014W	0.6971
4279	YOR171C	0.69706
4280	YCL076W	0.69701
4281	YER078C	0.69699
4282	YGR204C-A	0.69694
4283	YBR277C	0.69687
4284	YIL089W	0.6968
4285	YER034W	0.69679
4286	YDR079C-A	0.69673
4287	YGL149W	0.69671
4288	YKL057C	0.69668
4289	YER153C	0.69666
4290	YKL201C	0.69665
4291	YIL095W	0.69657
4292	YNL158W	0.69656
4293	YNL114C	0.69654
4294	YOR179C	0.69652
4295	YJL206C	0.69646
4296	YNL294C	0.69644
4297	YBR131C-A	0.69642
4298	YBR266C	0.69642
4299	YPL189W	0.69641
4300	YDR079W	0.69638
4301	YOR343C	0.69637
4302	YOR305W	0.69636
4303	YCR026C	0.69629
4304	YLL006W-A	0.69626
4305	YHR021W-A	0.69626
4306	YGR090W	0.69624
4307	YKL140W	0.69623
4308	YGL127C	0.69622
4309	YPL185W	0.69617
4310	YDR521W	0.69617
4311	YKL104W-A	0.69615
4312	YAL047W-A	0.69613
4313	YHR122W	0.69611
4314	YHR080C	0.6961
4315	YDR136C	0.69603
4316	YHR032W-A	0.69601
4317	YOR106W	0.69595
4318	YDR095C	0.69587
4319	YDR366C	0.69585
4320	YLR202C	0.69583
4321	YDR015C	0.69582
4322	YKL180W	0.6958
4323	YPL197C	0.69566
4324	YDR052C	0.69552
4325	YLR365W	0.69547
4326	YMR024W	0.69539
4327	YGR128C	0.69538
4328	YPL038W-A	0.69535
4329	YOL088C	0.69528
4330	YIL026C	0.69528
4331	YML032C	0.69526
4332	YDL122W	0.69522
4333	YMR010W	0.69521
4334	YPR116W	0.6952
4335	YPL072W	0.69516
4336	YLR314C	0.6951
4337	YNL077W	0.69509
4338	YER068C-A	0.69506
4339	YJR061W	0.69501
4340	YOR072W-B	0.695
4341	YCR052W	0.69493
4342	YDL116W	0.69489
4343	YML058W-A	0.6948
4344	YHR022C	0.69479
4345	YLR154W-A	0.69477
4346	YJR039W	0.69476
4347	YDL009C	0.69468
4348	Q0070	0.69465
4349	YAL064W	0.69465
4350	YNL138W-A	0.69464
4351	YEL050W-A	0.69463
4352	YIL096C	0.69461
4353	YBL074C	0.69457
4354	YHL043W	0.69456
4355	YPR096C	0.69456
4356	YLL030C	0.69453
4357	YHL037C	0.6945
4358	YML007C-A	0.69447
4359	YLR364C-A	0.69445
4360	YPL069C	0.69444
4361	YAL026C-A	0.69442
4362	YOR376W	0.6943
4363	YKL018C-A	0.69427
4364	YCL007C	0.69422
4365	YDR278C	0.69415
4366	YIL115C	0.6941
4367	YBR193C	0.69394
4368	YLL031C	0.69392
4369	YHR197W	0.69391
4370	YDR241W	0.69388
4371	YBL104C	0.69385
4372	YDR242W	0.69383
4373	YKR092C	0.69381
4374	YOL079W	0.6938
4375	YKR072C	0.69358
4376	YLR154C	0.69355
4377	YGL180W	0.69354
4378	YDL225W	0.69353
4379	YHR083W	0.69352
4380	YHR186C	0.69338
4381	YJL062W-A	0.69334
4382	YCL052C	0.69326
4383	YPR187W	0.69325
4384	YGR174W-A	0.69323
4385	YMR307C-A	0.69319
4386	YER079C-A	0.69314
4387	YER128W	0.69307
4388	YDL035C	0.693
4389	YGL239C	0.69297
4390	YDL146W	0.69288
4391	YPR139C	0.69287
4392	YJL202C	0.69283
4393	YLL004W	0.69283
4394	YBR296C-A	0.69279
4395	YOR229W	0.69278
4396	YPR029C	0.69278
4397	YJL140W	0.69276
4398	YAR027W	0.69261
4399	YOL033W	0.69246
4400	YJL165C	0.69246
4401	YNL271C	0.6924
4402	YOL105C	0.69238
4403	YDR426C	0.69228
4404	YBR255C-A	0.69228
4405	YLL017W	0.69225
4406	YIL072W	0.69224
4407	YHR127W	0.69223
4408	YML071C	0.69223
4409	YLR023C	0.69218
4410	YLR311C	0.69208
4411	YDR218C	0.69205
4412	YKL175W	0.69204
4413	YLL020C	0.692
4414	YPR039W	0.69199
4415	YIL130W	0.69198
4416	YMR141C	0.69196
4417	YMR082C	0.69195
4418	YLR063W	0.69193
4419	YLR225C	0.69186
4420	YDR437W	0.69184
4421	YCL004W	0.69183
4422	YGR045C	0.69175
4423	YKL165C-A	0.69171
4424	YMR316W	0.6917
4425	YKR041W	0.69166
4426	YGR188C	0.69163
4427	YMR126C	0.69163
4428	YNL086W	0.6916
4429	YKR021W	0.69157
4430	YKL083W	0.69156
4431	YNL097C	0.69154
4432	YNL267W	0.69153
4433	YNL272C	0.69152
4434	YOR282W	0.69151
4435	YJL211C	0.69137
4436	YPL073C	0.69135
4437	YMR106C	0.69133
4438	YPL228W	0.6913
4439	YGR278W	0.69124
4440	YOR041C	0.69123
4441	YML111W	0.69123
4442	YNL174W	0.69123
4443	YNL143C	0.6911
4444	YOL071W	0.69106
4445	YDR180W	0.69101
4446	YMR173W	0.691
4447	YHR087W	0.69094
4448	YNL227C	0.69093
4449	YGR042W	0.69093
4450	YNL208W	0.69084
4451	YIL070C	0.69081
4452	YDR110W	0.69075
4453	YER115C	0.69074
4454	YKL045W	0.69073
4455	YGR227C-A	0.69069
4456	YDR213W	0.69065
4457	YNL187W	0.69065
4458	YMR026C	0.69053
4459	YJL166W	0.69052
4460	YOR161C-C	0.69049
4461	YLR385C	0.69049
4462	YOL166W-A	0.69048
4463	YAL002W	0.69047
4464	YGL145W	0.69042
4465	YBL092W	0.69036
4466	YBR206W	0.69026
4467	YBR282W	0.69017
4468	YMR315W-A	0.69008
4469	YPL186C	0.69
4470	YNL097W-A	0.68999
4471	YDR080W	0.68992
4472	YJR140C	0.68982
4473	YMR077C	0.68982
4474	YJL077W-B	0.68979
4475	YBL012C	0.68976
4476	YLR262C-A	0.68974
4477	YNL051W	0.68973
4478	YGL188C-A	0.68963
4479	YMR115W	0.68963
4480	YGL085W	0.68961
4481	YNL140C	0.6896
4482	YIL105W-A	0.68957
4483	YDL059C	0.68939
4484	YPR152C	0.68935
4485	YGR178C	0.68931
4486	YPR072W	0.68929
4487	YIL104C	0.68928
4488	YPL183W-A	0.68925
4489	R0010W	0.68916
4490	YNR007C	0.68913
4491	YJL100W	0.68912
4492	YDR261C	0.68911
4493	YCL034W	0.68908
4494	YNR035C	0.689
4495	YEL075W-A	0.6889
4496	YLL046C	0.68888
4497	YHR069C-A	0.68887
4498	YJL156C	0.68882
4499	YJL148W	0.68876
4500	YLR233C	0.68873
4501	YIL046W-A	0.6887
4502	YHL030W	0.68865
4503	YGL178W	0.68854
4504	YNL179C	0.68847
4505	YIL029C	0.68843
4506	YLR463C	0.68843
4507	YOR191W	0.68841
4508	YJL173C	0.68837
4509	YGR114C	0.68828
4510	YER067W	0.68828
4511	YDR101C	0.68828
4512	YKR007W	0.68823
4513	YDR137W	0.68821
4514	YOR263C	0.6882
4515	YKL005C	0.68814
4516	YBL071C-B	0.68805
4517	YMR175W-A	0.68802
4518	YLR388W	0.68795
4519	YGR205W	0.68794
4520	YEL009C	0.68793
4521	YHR054C-B	0.68791
4522	YHR052C-B	0.68791
4523	YJL029C	0.68789
4524	YDR535C	0.68788
4525	YAR030C	0.68785
4526	YDR003W-A	0.68784
4527	YLR199C	0.68779
4528	YDR049W	0.68773
4529	YJR151W-A	0.68769
4530	YLR437C-A	0.68769
4531	YOR366W	0.68768
4532	YFR001W	0.68758
4533	YBR230W-A	0.68758
4534	YJL106W	0.68757
4535	YCL055W	0.68753
4536	YDL062W	0.68753
4537	YNR042W	0.68753
4538	YFR034C	0.68748
4539	YGL158W	0.68747
4540	YGR206W	0.68743
4541	YOR060C	0.68743
4542	YHR056W-A	0.68742
4543	YGL007W	0.6873
4544	YIL137C	0.6873
4545	YHR072W-A	0.68728
4546	YDR354W	0.6872
4547	YPR155C	0.68716
4548	YMR294W-A	0.68715
4549	YOR105W	0.6871
4550	YJL069C	0.68703
4551	YGL121C	0.68702
4552	YPL108W	0.68696
4553	YBR142W	0.68694
4554	YKR085C	0.68693
4555	YLR035C	0.68681
4556	YLR166C	0.6868
4557	YBL077W	0.68678
4558	YGL056C	0.68678
4559	YHR059W	0.68678
4560	YGR293C	0.68668
4561	YJR111C	0.68659
4562	YHR146W	0.68659
4563	YGL067W	0.68648
4564	YGL226W	0.68646
4565	YIR011C	0.68642
4566	YMR013C	0.6864
4567	YDR296W	0.68637
4568	YPR097W	0.6863
4569	YLR068W	0.68629
4570	YOR293C-A	0.68628
4571	YGL195W	0.68627
4572	YPR099C	0.68624
4573	YDR314C	0.6862
4574	YNL120C	0.68619
4575	YGR070W	0.68612
4576	YDR163W	0.6861
4577	YMR281W	0.68601
4578	YLR425W	0.686
4579	YIL020C-A	0.68598
4580	YDR409W	0.68592
4581	YOR322C	0.68592
4582	YKL136W	0.68584
4583	YBR064W	0.68576
4584	YBR209W	0.6857
4585	YIL060W	0.68558
4586	YNR061C	0.68555
4587	YKL089W	0.68555
4588	YGL233W	0.68552
4589	YGR035W-A	0.68548
4590	YIR005W	0.68535
4591	YPL041C	0.68527
4592	YDR323C	0.68526
4593	YKL106W	0.68517
4594	YMR275C	0.6851
4595	YNR068C	0.685
4596	YGL263W	0.68498
4597	YER139C	0.68496
4598	YER019C-A	0.68491
4599	YDR401W	0.68487
4600	YPL165C	0.68483
4601	YDL114W-A	0.68481
4602	YDL099W	0.6848
4603	YGR235C	0.68479
4604	YNL080C	0.68477
4605	YJL046W	0.68474
4606	YNL170W	0.68459
4607	YER105C	0.68451
4608	YLR183C	0.68442
4609	YIR001C	0.6844
4610	YOR205C	0.68437
4611	YPL248C	0.68432
4612	YBR022W	0.6843
4613	YLR163W-A	0.6843
4614	YLR428C	0.68425
4615	YGR170W	0.68421
4616	YLL044W	0.6842
4617	YAR008W	0.68419
4618	YOR069W	0.68415
4619	YJL007C	0.68413
4620	YAR019C	0.68412
4621	YGL150C	0.68411
4622	YKL034W	0.68406
4623	YPL078C	0.68402
4624	YKR033C	0.68394
4625	YER091C-A	0.68393
4626	YBR012C	0.68391
4627	YCL058W-A	0.6839
4628	YEL074W	0.68388
4629	YGL192W	0.68378
4630	YOR248W	0.68378
4631	YGR056W	0.68373
4632	YKR023W	0.6837
4633	YML050W	0.68365
4634	YJR147W	0.68365
4635	YDR473C	0.68359
4636	YDR335W	0.68359
4637	YKL169C	0.68352
4638	YOR174W	0.6835
4639	YJL071W	0.6835
4640	YDR208W	0.68339
4641	YGR122W	0.68339
4642	YER088W-B	0.68338
4643	YMR320W	0.68323
4644	YOR124C	0.68322
4645	YBR279W	0.68322
4646	YFR043C	0.6832
4647	YGR174C	0.68315
4648	YGR228W	0.68314
4649	YPR085C	0.68313
4650	YIL042C	0.68311
4651	YDL153C	0.68311
4652	YGR091W	0.68305
4653	YDR160W	0.68304
4654	YGR291C	0.68303
4655	YPL074W	0.68277
4656	YGR059W	0.68269
4657	YPL107W	0.68265
4658	YNL084C	0.68259
4659	YAL019W-A	0.68257
4660	YLL002W	0.68255
4661	YPL137C	0.68253
4662	YJR054W	0.6825
4663	YMR154C	0.68244
4664	YJR115W	0.68234
4665	YOR064C	0.68232
4666	YDR157W	0.68232
4667	YBL072C	0.6823
4668	YER102W	0.6823
4669	YOR149C	0.68223
4670	YGR096W	0.68222
4671	YOL085W-A	0.68216
4672	YHR045W	0.68214
4673	YER087W	0.68206
4674	YLR337C	0.68202
4675	YJL182C	0.68202
4676	YKR065C	0.68199
4677	YOR302W	0.68197
4678	YPL241C	0.68196
4679	YPR146C	0.68184
4680	YOR368W	0.68181
4681	YGR127W	0.68177
4682	YDR445C	0.68175
4683	YGL146C	0.68173
4684	YLR051C	0.68164
4685	YLR370C	0.68163
4686	YGL133W	0.68163
4687	YLR204W	0.68158
4688	YDR460W	0.68157
4689	YPR136C	0.68146
4690	YDR271C	0.68146
4691	YOR190W	0.68133
4692	YBR102C	0.68133
4693	YGR219W	0.68132
4694	YLR157W-D	0.68127
4695	YOL028C	0.68119
4696	YFL023W	0.68119
4697	YLR132C	0.68118
4698	YGR164W	0.68117
4699	YDL025C	0.68117
4700	YMR267W	0.68114
4701	YJL131C	0.6811
4702	YNL338W	0.68099
4703	YMR240C	0.68094
4704	R0040C	0.68087
4705	YLR396C	0.68085
4706	YLR101C	0.68082
4707	YBR186W	0.68072
4708	YAL037C-A	0.68072
4709	YJR082C	0.68071
4710	YBR026C	0.68064
4711	YDL013W	0.68058
4712	YGR025W	0.68058
4713	YOR123C	0.68057
4714	YDL185C-A	0.68055
4715	YJR102C	0.68052
4716	YFL027C	0.68049
4717	YIL009C-A	0.68037
4718	YCR039C	0.68035
4719	YCL067C	0.68035
4720	YLR010C	0.68027
4721	YBR284W	0.68013
4722	YER135C	0.68012
4723	YLL066W-A	0.68011
4724	YFL068W	0.68011
4725	YLL067W-A	0.68011
4726	YLR309C	0.68003
4727	YCL029C	0.68002
4728	YLL051C	0.67993
4729	YER024W	0.67987
4730	YHR073W	0.67981
4731	YLR402W	0.6796
4732	YKL124W	0.67959
4733	YLR096W	0.67957
4734	YBR179C	0.67956
4735	YKL195W	0.67948
4736	YPR150W	0.67945
4737	YDL151C	0.67942
4738	YOR194C	0.6794
4739	YOR288C	0.67939
4740	YLR171W	0.67938
4741	YLR154W-F	0.67936
4742	YNL118C	0.67932
4743	YDR133C	0.67926
4744	YPR001W	0.67923
4745	YDL065C	0.67916
4746	YML009C	0.67914
4747	YNL019C	0.67913
4748	YBL059C-A	0.67905
4749	YDR027C	0.67903
4750	YBL094C	0.67895
4751	YIL027C	0.67893
4752	YNL033W	0.67879
4753	YOR396C-A	0.67875
4754	YLR467C-A	0.67875
4755	YLR466C-A	0.67875
4756	YIL105C	0.67874
4757	YMR182C	0.6787
4758	YMR067C	0.67869
4759	YKL205W	0.67868
4760	YPL144W	0.67863
4761	YIL177W-A	0.67853
4762	YJL225W-A	0.67853
4763	YFL013C	0.67846
4764	YPR040W	0.67846
4765	YOR080W	0.6784
4766	YML047W-A	0.67839
4767	YDL061C	0.67814
4768	YDR449C	0.67811
4769	YPR148C	0.67804
4770	YNL038W	0.67804
4771	YBL008W-A	0.67792
4772	YOR180C	0.67792
4773	YPR071W	0.67792
4774	YPR179C	0.67788
4775	YML133W-B	0.67782
4776	YHR219C-A	0.67782
4777	YNL339W-B	0.67782
4778	YCL031C	0.67776
4779	YNL002C	0.67773
4780	YHR049C-A	0.67764
4781	YCR095W-A	0.67764
4782	YDL247W-A	0.67757
4783	YMR137C	0.67755
4784	YER068W	0.67753
4785	YAL043C	0.67742
4786	YDR199W	0.67737
4787	YJR066W	0.67734
4788	YDR367W	0.6773
4789	YLR288C	0.67729
4790	YDR545C-A	0.67722
4791	YBR129C	0.67701
4792	YDR179W-A	0.67694
4793	YDR128W	0.67692
4794	YMR313C	0.67691
4795	YPL032C	0.67689
4796	YHR001W-A	0.67687
4797	YGR238C	0.67674
4798	YCL057W	0.67673
4799	YMR212C	0.67667
4800	YPL283W-B	0.67664
4801	YPR204C-A	0.67664
4802	YGR296C-B	0.67664
4803	YEL077W-A	0.67664
4804	YER190C-B	0.67664
4805	YDL133W	0.67663
4806	YER189W	0.67654
4807	YJR002W	0.67652
4808	YNL128W	0.67637
4809	YNL109W	0.67635
4810	YMR274C	0.67632
4811	YGR160W	0.67631
4812	YOR256C	0.67621
4813	YHR058C	0.67617
4814	YMR209C	0.67616
4815	YER007W	0.67607
4816	YEL061C	0.67602
4817	YCR063W	0.67599
4818	YAL059W	0.67599
4819	YOL166C	0.67598
4820	YAR061W	0.67596
4821	YHR212W-A	0.67596
4822	YGL014C-A	0.67589
4823	YHL050W-A	0.67589
4824	Q0017	0.67583
4825	YIL132C	0.67573
4826	YKL082C	0.67557
4827	YLR456W	0.67548
4828	YBL045C	0.67545
4829	YGR165W	0.67545
4830	YIL040W	0.67539
4831	YHL028W	0.67524
4832	YLL016W	0.67521
4833	YDL142C	0.67517
4834	YBR065C	0.67515
4835	YPL260W	0.67513
4836	YER078W-A	0.67511
4837	YPR074W-A	0.67499
4838	YOR063W	0.67489
4839	YKL134C	0.67488
4840	YLR417W	0.67488
4841	YKL088W	0.67482
4842	YCL056C	0.67477
4843	YKL049C	0.6746
4844	YGR002C	0.67457
4845	YLR154W-C	0.67449
4846	YDL112W	0.67442
4847	YGL203C	0.6744
4848	YKL116C	0.67439
4849	YAR020C	0.67438
4850	YEL075C	0.67432
4851	YEL028W	0.67431
4852	YNL073W	0.67426
4853	YLR039C	0.67424
4854	YKR096W	0.67422
4855	YLR184W	0.67419
4856	YLR305C	0.67416
4857	YNR037C	0.67411
4858	YBR150C	0.67405
4859	YDL002C	0.67399
4860	YBR016W	0.67386
4861	YMR184W	0.67386
4862	YHR138C	0.67376
4863	YGR044C	0.67375
4864	YDL043C	0.67373
4865	YOR032W-A	0.67357
4866	YKL016C	0.67357
4867	YAR060C	0.67349
4868	YHR212C	0.67349
4869	YMR122W-A	0.67341
4870	YGL247W	0.67338
4871	YOR344C	0.6733
4872	YMR211W	0.67319
4873	YMR159C	0.67316
4874	YKL054C	0.67313
4875	YNL226W	0.67308
4876	YLR406C-A	0.67307
4877	YDL237W	0.67306
4878	YDR108W	0.67305
4879	YDR262W	0.67305
4880	YKL111C	0.67297
4881	YJR122W	0.67296
4882	YBL004W	0.67294
4883	YJL026C-A	0.67291
4884	YGR109C	0.6729
4885	YJL199C	0.67283
4886	YDL203C	0.6728
4887	YMR247C	0.67278
4888	YGR270W	0.67272
4889	YPR143W	0.67262
4890	YDR412W	0.67261
4891	YDR413C	0.67261
4892	YJL101C	0.67261
4893	YPL163C	0.67257
4894	YPR055W	0.67252
4895	YNL024C-A	0.67251
4896	YGL025C	0.67247
4897	YLR363C	0.67246
4898	YKL149C	0.67239
4899	YPL128C	0.67229
4900	YGL041C-B	0.67228
4901	YOR166C	0.67217
4902	YER113C	0.67213
4903	YNL315C	0.67211
4904	YDR420W	0.67207
4905	YDR245W	0.67207
4906	YNL205C	0.67203
4907	YER084W	0.67202
4908	YCR001W	0.67192
4909	YOL095C	0.6719
4910	YOR260W	0.67187
4911	YDR511W	0.67187
4912	YDR231C	0.67186
4913	YDR194W-A	0.67173
4914	YMR044W	0.67169
4915	YOL087C	0.67168
4916	YBR216C	0.6716
4917	YHR063W-A	0.67159
4918	YER137C	0.67158
4919	YJL098W	0.67153
4920	YLR106C	0.67146
4921	YIL025C	0.67136
4922	YKL015W	0.67133
4923	YNL249C	0.67133
4924	YGR018C	0.67131
4925	YML012C-A	0.67115
4926	YHL041W	0.67113
4927	YJR119C	0.67106
4928	YLR392C	0.67104
4929	YGL092W	0.67099
4930	YBR040W	0.67098
4931	YMR061W	0.67098
4932	YFL012W-A	0.67097
4933	YJL061W	0.6709
4934	YBR044C	0.67083
4935	YHR084W	0.67076
4936	YHR078W	0.67075
4937	YOR098C	0.67073
4938	YDR501W	0.67073
4939	YOR319W	0.67072
4940	YLR191W	0.67072
4941	YLR346C	0.67068
4942	YNL304W	0.67059
4943	YOL045W	0.67058
4944	YPR202W	0.67048
4945	YDR340W	0.67045
4946	YLR329W	0.67041
4947	YNR028W	0.67029
4948	YDR008C	0.67019
4949	YPR089W	0.67015
4950	YKL099C	0.67014
4951	YDR333C	0.67012
4952	YIL014C-A	0.67009
4953	YKL122C	0.67004
4954	YGL014W	0.66999
4955	YHR214C-C	0.66998
4956	YLR312W-A	0.66997
4957	YKR028W	0.66994
4958	YER008C	0.66993
4959	YJL109C	0.66992
4960	YCR091W	0.66992
4961	YDR509W	0.66991
4962	YFR049W	0.6699
4963	YLR084C	0.66987
4964	YKL183W	0.66986
4965	YMR130W	0.66984
4966	YCR022C	0.66978
4967	YFR052W	0.66978
4968	YJL039C	0.66976
4969	YNL285W	0.66971
4970	YLR054C	0.66955
4971	YBL027W	0.66936
4972	YBR084C-A	0.66936
4973	YBR126W-A	0.66935
4974	YGL060W	0.66916
4975	YDR006C	0.66915
4976	YPL192C	0.66913
4977	YOL101C	0.66905
4978	YBL113W-A	0.66893
4979	YOL164W-A	0.66883
4980	YOL053W	0.66881
4981	YDL074C	0.66869
4982	YOR112W	0.66867
4983	YGR072W	0.66857
4984	YBL010C	0.66855
4985	YML104C	0.66852
4986	YOR346W	0.66851
4987	YPL155C	0.66848
4988	YDR246W	0.6684
4989	YJR126C	0.66835
4990	YDR486C	0.66828
4991	YJL054W	0.66827
4992	YEL068C	0.66826
4993	YLR350W	0.66814
4994	YMR141W-A	0.66813
4995	YBL086C	0.66788
4996	YMR287C	0.66787
4997	YHR158C	0.66784
4998	YDR153C	0.66783
4999	YMR185W	0.66773
5000	YDR281C	0.66752
5001	YDR283C	0.66744
5002	YJL037W	0.66741
5003	YGR169C-A	0.66733
5004	YGL116W	0.66727
5005	Q0297	0.66727
5006	YCR019W	0.66724
5007	YOL040C	0.66709
5008	YLL049W	0.66709
5009	YGR137W	0.667
5010	YBL028C	0.66699
5011	Q0080	0.66692
5012	YAL011W	0.66691
5013	YER137W-A	0.66683
5014	YNR006W	0.66682
5015	YGL132W	0.66678
5016	YJL127C	0.66677
5017	YDR221W	0.66674
5018	YNL067W-A	0.6666
5019	YDR198C	0.6666
5020	YOR392W	0.66631
5021	YAL069W	0.66624
5022	YNL211C	0.6662
5023	YJL205C	0.66611
5024	YKL168C	0.6661
5025	YLR400W	0.66608
5026	YHR214W-A	0.66601
5027	YHR217C	0.66601
5028	YDR072C	0.66589
5029	YLL066W-B	0.66589
5030	YMR298W	0.66585
5031	YGL041C	0.66582
5032	YIL084C	0.66581
5033	YNL126W	0.6658
5034	YJR140W-A	0.66579
5035	YMR019W	0.66577
5036	YGR052W	0.66577
5037	YLR336C	0.66575
5038	YDR247W	0.66565
5039	YCR003W	0.66562
5040	YNL029C	0.66559
5041	YNL151C	0.66554
5042	YDR279W	0.66553
5043	YGR097W	0.66542
5044	YKR082W	0.66538
5045	YIL024C	0.66538
5046	YHL046W-A	0.6653
5047	YMR190C	0.66527
5048	YER066C-A	0.66526
5049	YHL021C	0.66524
5050	YMR048W	0.66519
5051	YPR030W	0.66514
5052	YER085C	0.66487
5053	YGR046W	0.66484
5054	YLR247C	0.66484
5055	YIL002W-A	0.66484
5056	YML046W	0.66478
5057	YLR459W	0.66476
5058	YCR089W	0.66466
5059	YMR192W	0.66464
5060	YOL035C	0.66452
5061	YHL038C	0.66436
5062	YIL077C	0.66425
5063	YBR196C-A	0.66424
5064	YPL123C	0.66411
5065	YOR227W	0.6641
5066	YMR075C-A	0.66402
5067	YKL145W-A	0.66392
5068	YEL032C-A	0.66381
5069	YJL086C	0.66379
5070	YGR258C	0.66373
5071	YDR524C-A	0.66365
5072	YLL007C	0.66363
5073	YLR127C	0.66357
5074	YLR366W	0.66357
5075	YNL262W	0.66355
5076	YDL183C	0.66355
5077	YBR122C	0.66353
5078	YDR359C	0.6635
5079	YHR079C	0.6634
5080	YDR326C	0.66337
5081	YOR043W	0.66332
5082	YIL090W	0.66328
5083	YMR165C	0.66326
5084	YBR269C	0.66326
5085	YNL300W	0.66322
5086	YPR169W-A	0.66314
5087	YOR042W	0.66306
5088	YML020W	0.66302
5089	YAR068W	0.66299
5090	YCL066W	0.66296
5091	YCR040W	0.66296
5092	YMR091C	0.66295
5093	YHR101C	0.66293
5094	YGL108C	0.66282
5095	YKL155C	0.66278
5096	YDL067C	0.66273
5097	YLR260W	0.6626
5098	YPL257W	0.66253
5099	YOR115C	0.66229
5100	YNL039W	0.66228
5101	YOR230W	0.66225
5102	YBR123C	0.66222
5103	YMR172C-A	0.66217
5104	YBR212W	0.66213
5105	YDL179W	0.66198
5106	YBL107W-A	0.66192
5107	YER092W	0.66177
5108	YIL156W	0.66173
5109	YGR008C	0.66167
5110	YGR171C	0.66163
5111	YBR161W	0.66159
5112	YBR135W	0.66154
5113	YBL066C	0.66143
5114	YER133W-A	0.66136
5115	YNL012W	0.66133
5116	YKR101W	0.66133
5117	YJR087W	0.66133
5118	YDL028C	0.66125
5119	YGL193C	0.66118
5120	YDR251W	0.6611
5121	YOR011W-A	0.6611
5122	YOR015W	0.66109
5123	YOR211C	0.66109
5124	YAR047C	0.66104
5125	YKL032C	0.66092
5126	YDL214C	0.6608
5127	YKL143W	0.6608
5128	YDR484W	0.66047
5129	YMR030W-A	0.66046
5130	YEL022W	0.66036
5131	YGR280C	0.66035
5132	YBR262C	0.66028
5133	YDR470C	0.66026
5134	YBR219C	0.66023
5135	YNL319W	0.66018
5136	YPL102C	0.66018
5137	YLR154W-E	0.66015
5138	YNL122C	0.66012
5139	YLR232W	0.66
5140	YDR315C	0.66
5141	YGL237C	0.6599
5142	YDL219W	0.65988
5143	YDR252W	0.65981
5144	YJL132W	0.65974
5145	YMR070W	0.65971
5146	YER076W-A	0.65961
5147	YNL265C	0.65959
5148	YML099W-A	0.65954
5149	YDL012C	0.65953
5150	YBR290W	0.65949
5151	YAL037W	0.6594
5152	YKL079W	0.65938
5153	YBL107C	0.65936
5154	YDR455C	0.6593
5155	YNR044W	0.65922
5156	YMR052C-A	0.65921
5157	YBR300C	0.65919
5158	YKL096C-B	0.65919
5159	YBR191W-A	0.65918
5160	YOR394C-A	0.65905
5161	YHR199C-A	0.65903
5162	YEL023C	0.65895
5163	YDR423C	0.65891
5164	YDR048C	0.65891
5165	YNL337W	0.65891
5166	YLL032C	0.65889
5167	YPL057C	0.65882
5168	YDR389W	0.6587
5169	YKL011C	0.65869
5170	YML009W-B	0.65864
5171	YBR240C	0.65863
5172	YPR031W	0.65861
5173	YOR083W	0.65861
5174	YOL104C	0.65857
5175	YCR082W	0.65856
5176	YOR228C	0.65853
5177	YJL038C	0.65849
5178	YDR544C	0.65849
5179	YDR396W	0.65849
5180	YBR259W	0.65848
5181	YJL044C	0.65845
5182	YJL047C-A	0.65843
5183	YPR109W	0.65834
5184	YAL008W	0.65831
5185	YGR130C	0.6583
5186	YEL017W	0.6582
5187	YJL020C	0.65816
5188	YLR177W	0.65813
5189	YMR283C	0.65809
5190	YLL035W	0.65809
5191	YDR431W	0.65807
5192	YPL020C	0.65806
5193	YJR110W	0.65785
5194	YML117W	0.65771
5195	YCL001W-A	0.65767
5196	YMR153C-A	0.65764
5197	YJL057C	0.6576
5198	YJL204C	0.65751
5199	YMR111C	0.65749
5200	YGR215W	0.65744
5201	YPL178W	0.65736
5202	YDR156W	0.65729
5203	YOR189W	0.65728
5204	YGL142C	0.65716
5205	YDL094C	0.65715
5206	YGL134W	0.65713
5207	YDR273W	0.65713
5208	YOR238W	0.65712
5209	YNL026W	0.65707
5210	YNR059W	0.657
5211	YGR184C	0.65697
5212	YLR462W	0.65691
5213	YGR011W	0.65687
5214	YPL278C	0.65675
5215	YJR060W	0.65671
5216	YAR009C	0.65666
5217	YKR006C	0.65663
5218	YOR186C-A	0.65662
5219	YFR029W	0.65659
5220	YOR338W	0.65655
5221	YJR037W	0.65637
5222	YKR089C	0.65634
5223	YER161C	0.65631
5224	YOL159C	0.6562
5225	YDR520C	0.65618
5226	YOR249C	0.65609
5227	YBR292C	0.65606
5228	YNR022C	0.65598
5229	YGL227W	0.65592
5230	YNL278W	0.65579
5231	YOR093C	0.65576
5232	YHL024W	0.65576
5233	YLR146W-A	0.65575
5234	YGR057C	0.6556
5235	YOR017W	0.65531
5236	YOR247W	0.65523
5237	YGL160W	0.65517
5238	YER041W	0.65513
5239	YDR376W	0.65506
5240	YHR093W	0.65495
5241	YNR066C	0.65477
5242	YFL032W	0.65473
5243	YDR416W	0.65465
5244	YPL126W	0.65464
5245	YBL079W	0.65464
5246	YCL021W	0.65446
5247	YOR012W	0.65443
5248	YAL066W	0.65431
5249	YPL096C-A	0.6543
5250	YHL009W-A	0.65427
5251	YER087C-A	0.65424
5252	YMR060C	0.65424
5253	YOR188W	0.65407
5254	YBL006C	0.65404
5255	YER077C	0.65396
5256	YDR081C	0.65389
5257	YHR214C-B	0.65384
5258	YBR276C	0.65381
5259	YGR151C	0.65377
5260	YLR095C	0.65365
5261	YHL020C	0.65361
5262	YHR035W	0.65356
5263	YMR198W	0.65354
5264	YDR485C	0.65341
5265	YLR169W	0.65331
5266	YAL056W	0.6533
5267	YGR017W	0.65317
5268	YPL026C	0.65313
5269	YOR231C-A	0.65312
5270	YLR142W	0.65304
5271	YAL065C	0.65304
5272	YLR173W	0.65303
5273	YKL110C	0.65302
5274	YBR098W	0.65301
5275	YML054C-A	0.65299
5276	YFR036W-A	0.65296
5277	YPL149W	0.65295
5278	YLR006C	0.65293
5279	YDR329C	0.65289
5280	YKL068W	0.65288
5281	YKL106C-A	0.65286
5282	YPL035C	0.65284
5283	YMR129W	0.65284
5284	YBL071C	0.65255
5285	YJR043C	0.65254
5286	YKL118W	0.65253
5287	YDR414C	0.65248
5288	YDR147W	0.65238
5289	YIL066W-A	0.65234
5290	YIL093C	0.65231
5291	YDL204W	0.6523
5292	YKR044W	0.65221
5293	YHL025W	0.65215
5294	YJR062C	0.65215
5295	YLR434C	0.65185
5296	YGL168W	0.65179
5297	YMR065W	0.65171
5298	YCR095C	0.6517
5299	YLR407W	0.65163
5300	YGR104C	0.65162
5301	YGR147C	0.65162
5302	YLR439W	0.65161
5303	YLR228C	0.65153
5304	YOL004W	0.65153
5305	YNL253W	0.65148
5306	YPL040C	0.65139
5307	YBR217W	0.65135
5308	YDL045C	0.65134
5309	YDR365W-B	0.65115
5310	YOR081C	0.65108
5311	YLR087C	0.65105
5312	YMR053C	0.651
5313	YCR024C	0.65085
5314	YML023C	0.6508
5315	YDR071C	0.65072
5316	YLR217W	0.65059
5317	YMR207C	0.65058
5318	YOR381W-A	0.65056
5319	YML016C	0.6505
5320	YIL030W-A	0.65047
5321	YJL092W	0.65021
5322	YBR289W	0.6502
5323	YLR358C	0.65019
5324	YER038W-A	0.65017
5325	YLR437C	0.65016
5326	YMR029C	0.65015
5327	YJL112W	0.65015
5328	YGL007C-A	0.65011
5329	YJL114W	0.64979
5330	YHR050W-A	0.64972
5331	YNL139C	0.6496
5332	YDR255C	0.6495
5333	YER138W-A	0.64946
5334	YMR237W	0.64939
5335	YKR008W	0.64932
5336	YMR294W	0.64924
5337	YDR462W	0.64918
5338	YOR333C	0.64917
5339	YGR274C	0.64916
5340	YER047C	0.64911
5341	YBR097W	0.64906
5342	YNL165W	0.64893
5343	YIL049W	0.64892
5344	YDR489W	0.64883
5345	YGR227W	0.64882
5346	YOL024W	0.64877
5347	YGR053C	0.64874
5348	YMR133W	0.64863
5349	YLR466C-B	0.6486
5350	YER138C	0.64855
5351	YBR058C-A	0.64855
5352	YGR049W	0.64849
5353	YHR105W	0.64843
5354	YNL201C	0.64839
5355	YLR256W-B/YLR256W-C	0.64838
5356	YML045W	0.64831
5357	YDR197W	0.64828
5358	YAL031W-A	0.64818
5359	YIL005W	0.64818
5360	YER035W	0.64811
5361	YPR079W	0.64808
5362	YER118C	0.64806
5363	YMR014W	0.64805
5364	YOL103W-B	0.64805
5365	YJR027W	0.64803
5366	YDR119W-A	0.64802
5367	YDL077C	0.64796
5368	YIL163C	0.64795
5369	YBR051W	0.64783
5370	YJR012C	0.64783
5371	YDR203W	0.6478
5372	YLL019C	0.64778
5373	YNL047C	0.64764
5374	YHR154W	0.6475
5375	YPL257W-B	0.64747
5376	YKR083C	0.64742
5377	YHR109W	0.64736
5378	YAL068W-A	0.64722
5379	YLR458W	0.64718
5380	YMR050C	0.64715
5381	YLR440C	0.64703
5382	YDR098C-B	0.647
5383	YGR038C-B	0.64692
5384	YHL044W	0.64691
5385	YER093C	0.6468
5386	YDR141C	0.64671
5387	YML036W	0.64658
5388	YEL072W	0.64658
5389	YDR068W	0.64656
5390	YML039W	0.64656
5391	YPR158C-D	0.64647
5392	YPR174C	0.64647
5393	YLR157C-B	0.64647
5394	YLR091W	0.64635
5395	YBL100W-C	0.64625
5396	YPR137C-B	0.64623
5397	YNL235C	0.64618
5398	YJR029W	0.64611
5399	YPL261C	0.64606
5400	YGR161C-D	0.64606
5401	YMR147W	0.64601
5402	YDL242W	0.64596
5403	YLL040C	0.64587
5404	YGL131C	0.64582
5405	YPL254W	0.64576
5406	YGR156W	0.64575
5407	YLR036C	0.64574
5408	YCL022C	0.64572
5409	YER160C	0.64571
5410	YOL063C	0.64566
5411	YDL240C-A	0.64565
5412	YEL010W	0.64561
5413	YER158W-A	0.64559
5414	YDL114W	0.64554
5415	YOR276W	0.64553
5416	YML107C	0.64543
5417	YNL215W	0.64541
5418	YDR210C-D	0.6454
5419	YBR012W-B	0.64535
5420	YDR228C	0.64529
5421	YIR021W-A	0.64527
5422	YLR035C-A	0.64519
5423	YOL032W	0.64518
5424	YLR227W-B	0.64517
5425	YGR027W-B	0.64517
5426	YLR001C	0.64511
5427	YCR016W	0.64507
5428	YMR304C-A	0.64494
5429	YDR316W-B	0.64493
5430	YNL136W	0.64488
5431	YLR185W	0.64472
5432	YPL005W	0.64472
5433	YGR198W	0.64471
5434	YMR148W	0.64469
5435	YPR026W	0.64468
5436	YDR500C	0.64467
5437	YNL054W-B	0.64467
5438	YOR142W-B	0.64459
5439	YOR182C	0.64444
5440	YLR287C-A	0.64444
5441	YLR148W	0.64444
5442	YML108W	0.64439
5443	YIR014W	0.64437
5444	YKR004C	0.64437
5445	YNR031C	0.64437
5446	YLR136C	0.64436
5447	YKR015C	0.6443
5448	YIL056W	0.64418
5449	YBR272C	0.64415
5450	YGL041W-A	0.64412
5451	YOR143C	0.64394
5452	YBL025W	0.64391
5453	YMR171C	0.64386
5454	YGR108W	0.64383
5455	YNL166C	0.64374
5456	YLR356W	0.64368
5457	YDR507C	0.64358
5458	YLR294C	0.64358
5459	Q0075	0.64348
5460	YKL208W	0.64344
5461	YOL134C	0.64342
5462	YGL136C	0.64341
5463	YJL157C	0.64337
5464	YNL050C	0.64328
5465	YJL201W	0.64324
5466	YHR015W	0.6431
5467	YBL005W-B	0.64303
5468	YLR073C	0.643
5469	YNL230C	0.64296
5470	YKL063C	0.64294
5471	YPR158W-B	0.64285
5472	YDL220C	0.64272
5473	YHR155W	0.64271
5474	YMR045C	0.64266
5475	YHR153C	0.6426
5476	YDR125C	0.64259
5477	YHR023W	0.64256
5478	YHR132W-A	0.64247
5479	YNL284C-B	0.64236
5480	YOL019W	0.64233
5481	YBR128C	0.64221
5482	YCR108C	0.64218
5483	YCL039W	0.64217
5484	YLL013C	0.64214
5485	YGL006W-A	0.64212
5486	YPL105C	0.6421
5487	YDR261C-D	0.64206
5488	YBR133C	0.64204
5489	YDR363W	0.64202
5490	YER006C-A	0.64181
5491	YBR120C	0.64178
5492	YHR136C	0.64163
5493	YDL158C	0.6416
5494	YCL028W	0.64152
5495	YBR182C-A	0.64144
5496	YJR059W	0.6414
5497	YPR022C	0.64133
5498	YMR021C	0.64128
5499	YOR337W	0.64125
5500	YPR075C	0.64124
5501	YMR158C-A	0.64118
5502	YJR093C	0.64112
5503	YGR106C	0.64111
5504	YLR321C	0.64109
5505	YDR377W	0.64099
5506	YOR373W	0.64095
5507	YAL017W	0.64095
5508	YIL141W	0.6409
5509	YGL124C	0.6406
5510	YGR075C	0.64057
5511	YDL216C	0.64055
5512	YOR329C	0.64041
5513	YFR003C	0.64031
5514	YGL013C	0.64031
5515	YCR020W-B	0.64029
5516	YMR073C	0.64026
5517	YHR193C-A	0.64017
5518	YEL018W	0.64006
5519	YJL020W-A	0.64003
5520	YML029W	0.64001
5521	YER186C	0.63997
5522	YJL150W	0.63989
5523	YJR041C	0.63957
5524	YFR042W	0.63944
5525	YGL174W	0.63928
5526	YBL073W	0.63923
5527	YNL224C	0.6392
5528	YGR122C-A	0.639
5529	YML099C	0.639
5530	YOL017W	0.63899
5531	YPR199C	0.63892
5532	YBR195C	0.63884
5533	YPR027C	0.63877
5534	YDR318W	0.63876
5535	YDL113C	0.63872
5536	YNL171C	0.63867
5537	YDR285W	0.63865
5538	YOR152C	0.63859
5539	YLR265C	0.63854
5540	YKR098C	0.63853
5541	YCL001W	0.63849
5542	YDL005C	0.63849
5543	YNL257C	0.63839
5544	YFL007W	0.63834
5545	YNL041C	0.63821
5546	YDR119W	0.63811
5547	YDR381C-A	0.63807
5548	YDR143C	0.63801
5549	YBR257W	0.63797
5550	YKR005C	0.63785
5551	YKL141W	0.63776
5552	YOL107W	0.63768
5553	YMR068W	0.63767
5554	YPR115W	0.63748
5555	YGL090W	0.63747
5556	YJL032W	0.63746
5557	YKL130C	0.63742
5558	YKL121W	0.63741
5559	YGR076C	0.63738
5560	YJR091C	0.63738
5561	YDL070W	0.63733
5562	YER184C	0.63732
5563	YMR256C	0.6373
5564	YKR046C	0.6373
5565	YHR071W	0.63729
5566	YDR357C	0.63727
5567	YPL242C	0.63717
5568	YER169W	0.63713
5569	YER097W	0.63697
5570	YOR329W-A	0.6368
5571	YMR140W	0.6368
5572	YDR183C-A	0.63671
5573	YDR024W	0.63661
5574	YJR094W-A	0.63637
5575	YPR043W	0.63637
5576	YDR222W	0.63622
5577	YLR119W	0.63621
5578	YOR287C	0.63614
5579	Q0110	0.63612
5580	YOL118C	0.63611
5581	YNL162W	0.6361
5582	YHR141C	0.6361
5583	YML002W	0.63609
5584	YBL060W	0.63591
5585	YOL109W	0.63585
5586	YPL141C	0.6358
5587	YBR233W-A	0.63576
5588	YEL009C-A	0.63574
5589	YNL127W	0.63572
5590	YML076C	0.63568
5591	YDR202C	0.63568
5592	YPL161C	0.63567
5593	YER071C	0.63566
5594	YJR108W	0.63562
5595	YDR261C-C	0.63539
5596	YGR129W	0.63529
5597	YNL011C	0.63521
5598	YNL198C	0.63518
5599	YMR118C	0.63516
5600	YER064C	0.63504
5601	YPR012W	0.63499
5602	YER112W	0.63496
5603	YLR381W	0.63496
5604	YBL014C	0.63494
5605	YPR015C	0.63479
5606	YJL019W	0.63467
5607	YOR320C	0.63465
5608	YER096W	0.63465
5609	YDR299W	0.63462
5610	YLR395C	0.63458
5611	YLR067C	0.63456
5612	YHR137C-A	0.63447
5613	YGL230C	0.63446
5614	YHR145C	0.63437
5615	YLR149C	0.63429
5616	YBL084C	0.63429
5617	YDR463W	0.63411
5618	YDR138W	0.63408
5619	YHL027W	0.63402
5620	YDR124W	0.63398
5621	YOR371C	0.63389
5622	YIR024C	0.63383
5623	YLR278C	0.63378
5624	YDR200C	0.63378
5625	YPR158C-C	0.63376
5626	YGR084C	0.63374
5627	YKL074C	0.63363
5628	YPL115C	0.63355
5629	YDL173W	0.63354
5630	YDR365W-A	0.6335
5631	YPL257W-A	0.6335
5632	YER137C-A	0.6335
5633	YLR157C-A	0.6335
5634	YNL314W	0.63339
5635	YDL117W	0.63334
5636	YJL084C	0.63333
5637	YDR042C	0.6333
5638	YDL098C	0.63322
5639	YLR442C	0.6332
5640	YGL113W	0.63319
5641	YCR066W	0.63319
5642	YKL014C	0.63312
5643	YJL070C	0.633
5644	YMR032W	0.63297
5645	YOL103W-A	0.63296
5646	YOL003C	0.63293
5647	YER188C-A	0.63287
5648	YKR029C	0.63285
5649	YOL131W	0.63283
5650	YKR036C	0.63281
5651	YLR256W-A	0.63262
5652	YOR193W	0.63254
5653	YJR135C	0.63243
5654	YFR032C-A	0.63238
5655	YGR077C	0.63235
5656	YOR242C	0.63225
5657	YEL007W	0.63224
5658	YCL019W	0.63224
5659	YPR020W	0.63215
5660	YKR030W	0.63214
5661	YDR170W-A	0.63198
5662	YDL181W	0.63196
5663	YDL149W	0.63185
5664	YBR188C	0.63183
5665	YEL062W	0.6318
5666	YNL204C	0.6318
5667	YBL090W	0.63159
5668	YJR107C-A	0.63155
5669	YMR017W	0.63137
5670	YMR258C	0.63121
5671	YNR025C	0.63101
5672	YDR543C	0.63099
5673	YJL107C	0.63096
5674	YGL182C	0.6309
5675	YIL044C	0.63086
5676	YCR099C	0.63086
5677	YJL122W	0.63079
5678	YML040W	0.63063
5679	YLR227W-A	0.63063
5680	YJR026W	0.63063
5681	YLR422W	0.63062
5682	YPR067W	0.6305
5683	YLR453C	0.63044
5684	YAL041W	0.63019
5685	YBR171W	0.63019
5686	YPL150W	0.63013
5687	YER114C	0.63013
5688	YOR144C	0.63007
5689	YKL133C	0.63001
5690	YOL083W	0.62994
5691	YDR495C	0.62989
5692	YLR299C-A	0.62983
5693	YIL139C	0.62968
5694	YDR464W	0.62967
5695	YBR172C	0.62959
5696	YBR081C	0.62959
5697	YOL044W	0.6295
5698	YGR161W-B	0.62949
5699	YFL002W-A	0.62949
5700	YMR117C	0.62943
5701	YKR027W	0.6294
5702	YNR047W	0.62937
5703	YDL106C	0.62923
5704	YOL069W	0.62922
5705	YAR010C	0.62918
5706	YPR137C-A	0.62918
5707	YGR016W	0.62907
5708	YDR261W-B	0.62898
5709	YOL078W	0.62896
5710	YML083C	0.62896
5711	YLR222C-A	0.62891
5712	YMR107W	0.62886
5713	YGR030C	0.62882
5714	YOR192C-B	0.6288
5715	YJL146W	0.62876
5716	YLR297W	0.62869
5717	YDR458C	0.62868
5718	YJL023C	0.62865
5719	YIL071W-A	0.62857
5720	YGR038C-D/YGR038C-C	0.62856
5721	YML093W	0.62841
5722	YBL093C	0.62831
5723	YPL272C	0.62813
5724	YBR163W	0.62792
5725	YAL063C-A	0.62783
5726	YKL038W	0.62774
5727	YDL050C	0.62774
5728	YLR165C	0.62772
5729	Q0115	0.62763
5730	YKL061W	0.62755
5731	YMR059W	0.62752
5732	YDR034C-D	0.62752
5733	YOR385W	0.62745
5734	YOR121C	0.62744
5735	YNL284C-A	0.62742
5736	YPL139C	0.62741
5737	YMR293C	0.62741
5738	YML114C	0.62737
5739	YGL226C-A	0.62734
5740	YJL049W	0.6273
5741	YDR115W	0.62722
5742	YOL136C	0.62709
5743	YCR015C	0.62708
5744	YOL159C-A	0.62704
5745	YJL016W	0.62704
5746	YHR097C	0.62703
5747	YDL107W	0.62702
5748	YDL082W	0.627
5749	YGL038C	0.62696
5750	YGR237C	0.62692
5751	YDR499W	0.62691
5752	YMR023C	0.62688
5753	YJL013C	0.62688
5754	YOR308C	0.62668
5755	YIR030C	0.62665
5756	YBL100W-B	0.62656
5757	YDR320C	0.6265
5758	YBR224W	0.62644
5759	YDR034C-A	0.62635
5760	YJR134C	0.62629
5761	YJR127C	0.62617
5762	YJR028W	0.62604
5763	YDR210W-B	0.62599
5764	YLR410W-B	0.62591
5765	YIL019W	0.62583
5766	YBR230C	0.62541
5767	YOR078W	0.62538
5768	YGR081C	0.62538
5769	YNL070W	0.62537
5770	YIL149C	0.62527
5771	YFR039C	0.62526
5772	YML045W-A	0.62514
5773	YGR233C	0.62508
5774	YDR295C	0.62499
5775	YKL025C	0.62497
5776	YGL249W	0.62488
5777	YDR159W	0.62478
5778	YGR225W	0.62478
5779	YAR002W	0.62473
5780	YDR098C-A	0.62469
5781	YKR020W	0.62469
5782	YBR012W-A	0.62448
5783	YKR090W	0.62447
5784	YLR052W	0.62435
5785	YDL127W	0.62435
5786	YDR131C	0.62432
5787	YNL254C	0.62432
5788	YOR289W	0.6243
5789	YDL044C	0.62419
5790	YMR046C	0.62418
5791	YLR423C	0.62413
5792	YHR119W	0.62407
5793	YNL297C	0.62403
5794	YMR326C	0.62402
5795	YCL024W	0.624
5796	YGL093W	0.62393
5797	YDR229W	0.62388
5798	YGR161C-C	0.62383
5799	YDR316W-A	0.62383
5800	YER159C-A	0.62383
5801	YMR051C	0.62383
5802	YLR035C-B	0.62383
5803	YGR027W-A	0.62383
5804	YPR042C	0.62359
5805	YGL042C	0.62349
5806	YGL214W	0.62345
5807	YOR343W-B	0.62342
5808	YHR165C	0.6234
5809	YGR015C	0.62332
5810	YNL234W	0.62316
5811	YER050C	0.62296
5812	YMR142C	0.62291
5813	YER046W	0.62286
5814	YJL133C-A	0.62275
5815	YBR197C	0.62272
5816	YBL005W-A	0.62268
5817	YNL295W	0.62266
5818	YGR038C-A	0.62266
5819	YLL042C	0.62264
5820	YFR032C-B	0.62263
5821	YDR303C	0.62262
5822	YKR011C	0.62256
5823	YKL159C	0.62246
5824	YPL076W	0.62239
5825	YOR085W	0.62239
5826	YBL059W	0.62232
5827	YIL098C	0.62229
5828	YDR179C	0.62229
5829	YDR118W	0.62225
5830	YDR254W	0.62223
5831	YLR082C	0.62219
5832	YJL187C	0.62216
5833	YLR224W	0.62209
5834	YMR025W	0.62207
5835	YEL025C	0.62204
5836	YGR115C	0.62202
5837	YBR056C-B	0.62182
5838	YDR057W	0.62179
5839	YOR169C	0.62177
5840	YGR013W	0.62165
5841	YLR187W	0.62163
5842	YJR080C	0.62161
5843	YNL164C	0.62158
5844	YFR011C	0.62155
5845	YHL009C	0.62153
5846	YMR134W	0.62135
5847	YLR403W	0.62128
5848	YOR221C	0.62115
5849	YDR176W	0.62109
5850	YPL021W	0.62098
5851	YKR054C	0.62098
5852	YLR242C	0.62094
5853	YDL133C-A	0.62088
5854	YDL184C	0.62088
5855	YPR158W-A	0.62076
5856	YOR142W-A	0.62076
5857	YNL068C	0.62071
5858	YBL005W	0.62067
5859	YDR089W	0.62066
5860	YOR097C	0.62062
5861	YLR211C	0.62048
5862	YJL073W	0.62046
5863	YOL117W	0.62028
5864	YLR256W	0.62015
5865	YBR270C	0.62014
5866	YLR408C	0.62006
5867	Q0182	0.61988
5868	YHR099W	0.61987
5869	YJL105W	0.61978
5870	YLR295C	0.6197
5871	YJL099W	0.61962
5872	YER175W-A	0.6196
5873	YBL039W-B	0.61957
5874	YBR239C	0.6195
5875	YOR235W	0.61947
5876	YOR037W	0.61943
5877	YNR039C	0.61941
5878	YBR215W	0.61935
5879	YIR018W	0.61933
5880	YNL213C	0.61923
5881	YPL189C-A	0.61921
5882	YBR077C	0.6192
5883	YDR383C	0.6191
5884	YOR336W	0.61908
5885	YMR176W	0.61903
5886	YJR138W	0.61897
5887	YER109C	0.61894
5888	YLR332W	0.61893
5889	YDR210C-C	0.6188
5890	YHR102W	0.61868
5891	YML047C	0.61865
5892	YHR130C	0.61835
5893	YER173W	0.61821
5894	YNL159C	0.61816
5895	YPR068C	0.61798
5896	YBL048W	0.61794
5897	YMR284W	0.61789
5898	YKL138C-A	0.61785
5899	YJL189W	0.6178
5900	YMR100W	0.61779
5901	YNL105W	0.61768
5902	YMR280C	0.61743
5903	YDL197C	0.61739
5904	YDR529C	0.61735
5905	YKL072W	0.61731
5906	YBR057C	0.61719
5907	YJR086W	0.61716
5908	YKL138C	0.61702
5909	YCR018C-A	0.61697
5910	YFL041W-A	0.61694
5911	YIL112W	0.6169
5912	YPR007C	0.61672
5913	YLR227C	0.61672
5914	YPR142C	0.61668
5915	YJL048C	0.61656
5916	YMR072W	0.61656
5917	YJR021C	0.61655
5918	YML101C-A	0.61643
5919	YNL013C	0.61636
5920	YLR033W	0.61626
5921	YOR058C	0.61616
5922	YDL129W	0.61616
5923	YLR198C	0.61615
5924	YMR193C-A	0.61615
5925	YDR466W	0.61605
5926	YHR175W-A	0.61593
5927	YLL021W	0.61588
5928	YOR220W	0.6156
5929	YIR003W	0.61558
5930	YLR315W	0.61555
5931	YDR260C	0.61553
5932	YMR311C	0.61553
5933	YER122C	0.61544
5934	YJL066C	0.61541
5935	YDL121C	0.6152
5936	YNL245C	0.61508
5937	YAL027W	0.61492
5938	YGR039W	0.61489
5939	YML034W	0.61479
5940	YGR275W	0.61467
5941	YPR122W	0.61451
5942	YFL019C	0.61434
5943	YFL014W	0.61433
5944	YJL113W	0.61433
5945	YOL082W	0.6142
5946	YBL051C	0.6142
5947	YLR098C	0.61414
5948	YBR049C	0.61405
5949	YPR021C	0.61401
5950	YOR304C-A	0.61386
5951	YIL158W	0.6138
5952	YMR151W	0.61369
5953	YLR238W	0.61368
5954	YHL009W-B	0.61364
5955	YJL118W	0.61361
5956	YPR106W	0.6136
5957	YLR040C	0.61338
5958	YKR031C	0.61332
5959	YPL120W	0.61331
5960	YPR134W	0.6133
5961	YOL100W	0.61321
5962	YLR176C	0.61303
5963	YGL215W	0.61302
5964	YLR363W-A	0.613
5965	YNL008C	0.61281
5966	YBR004C	0.61278
5967	YLR024C	0.61273
5968	YER093C-A	0.61269
5969	YCL021W-A	0.61256
5970	YOL089C	0.61252
5971	YBR173C	0.61249
5972	YDR469W	0.61241
5973	YDL016C	0.61231
5974	YOR354C	0.6123
5975	YML113W	0.61192
5976	YCR018C	0.61191
5977	YKR016W	0.61177
5978	YOR129C	0.61174
5979	YDL235C	0.61157
5980	YOR127W	0.61146
5981	YGL159W	0.61131
5982	YGL086W	0.61126
5983	YBR238C	0.6111
5984	YPL016W	0.61104
5985	YBL085W	0.61083
5986	YDL152W	0.61071
5987	YNL156C	0.61056
5988	YHR004C	0.61031
5989	YLR310C	0.6101
5990	YPL216W	0.61002
5991	YBL029W	0.60999
5992	YDR078C	0.60986
5993	YIL086C	0.60982
5994	YNL058C	0.60972
5995	YMR098C	0.60964
5996	YLR151C	0.60956
5997	YLR099W-A	0.60952
5998	YOR284W	0.60943
5999	YNL054W-A	0.60942
6000	YDL170W	0.60939
6001	YJL170C	0.60934
6002	YPL174C	0.6093
6003	YGR222W	0.60925
6004	Q0143	0.60923
6005	YNR063W	0.6092
6006	YOR313C	0.60918
6007	YJR101W	0.60896
6008	YGR161W-C	0.60888
6009	YLR424W	0.60873
6010	Q0092	0.60855
6011	YDR322W	0.60851
6012	YGL059W	0.60846
6013	YDR201W	0.60846
6014	YPL018W	0.60839
6015	YLR327C	0.60836
6016	YPL034W	0.60834
6017	YER054C	0.60833
6018	YDR475C	0.60831
6019	YDR317W	0.60818
6020	YML017W	0.60817
6021	YDR076W	0.60816
6022	YKR019C	0.60815
6023	YIL102C-A	0.60795
6024	YMR031C	0.60793
6025	YGL209W	0.6079
6026	YJL176C	0.60783
6027	YPR061C	0.60774
6028	YHR149C	0.60764
6029	YIR016W	0.60758
6030	YPL177C	0.60757
6031	YCR097W	0.60737
6032	YNL196C	0.60737
6033	YKR099W	0.60714
6034	YHR143W	0.60697
6035	YOR170W	0.6069
6036	YPR049C	0.60688
6037	YLR424C-A	0.60684
6038	YJR106W	0.60682
6039	YML128C	0.60671
6040	YDR005C	0.60658
6041	YGL117W	0.60653
6042	YNR004W	0.60643
6043	YFL024C	0.60643
6044	YPL060C-A	0.60635
6045	YOR053W	0.60625
6046	YJL209W	0.60618
6047	YDL159W-A	0.60615
6048	YFL063W	0.60604
6049	YDR034C-C	0.60601
6050	YDR014W-A	0.60587
6051	YIL129C	0.60568
6052	YDL048C	0.60568
6053	YOL013W-B	0.60561
6054	YOR107W	0.60557
6055	YMR172W	0.60547
6056	YKR095W	0.60543
6057	YLR182W	0.60533
6058	YAL032C	0.60532
6059	YHR082C	0.60525
6060	YDR261W-A	0.60497
6061	YCL020W	0.60492
6062	YBR033W	0.60486
6063	YKL023W	0.60486
6064	YML059C	0.60483
6065	YIL159W	0.60463
6066	YMR164C	0.60445
6067	YCR032W	0.60437
6068	YMR018W	0.60356
6069	YMR046W-A	0.60329
6070	YPL039W	0.60306
6071	YMR299C	0.60293
6072	YEL014C	0.60284
6073	YBR072C-A	0.60281
6074	YNL266W	0.6028
6075	YDR066C	0.60274
6076	YPR117W	0.60262
6077	YBR168W	0.60255
6078	YHR056C	0.60247
6079	YGR230W	0.6024
6080	YGR251W	0.60227
6081	YFR040W	0.60206
6082	YOR297C	0.60195
6083	YOR192C-A	0.60171
6084	YLR465C	0.6017
6085	YDR369C	0.60166
6086	YBR108W	0.60165
6087	YPR009W	0.60157
6088	YPR170W-A	0.60145
6089	YJL083W	0.60137
6090	YDL115C	0.60134
6091	YLR263W	0.60092
6092	YGL107C	0.60076
6093	YOR298W	0.60064
6094	YGL229C	0.60061
6095	YOR140W	0.60022
6096	YMR064W	0.60001
6097	YDR082W	0.59994
6098	YFR012W	0.59992
6099	YJR005C-A	0.5997
6100	YLR135W	0.59969
6101	YAL016C-B	0.59969
6102	YLR360W	0.59964
6103	YDL130W-A	0.59946
6104	YJR053W	0.59937
6105	YLR057W	0.59929
6106	YPL253C	0.5991
6107	YER084W-A	0.59902
6108	YGL151W	0.59898
6109	YLR376C	0.59891
6110	YLR404W	0.5989
6111	YPR070W	0.59881
6112	YMR153W	0.59879
6113	YBL063W	0.59871
6114	YIL031W	0.59864
6115	YDR371W	0.59864
6116	YCL005W	0.59848
6117	YBL100W-A	0.59838
6118	YJL056C	0.59825
6119	YLR313C	0.59823
6120	YML103C	0.59821
6121	YDR406W-A	0.59814
6122	YIL136W	0.59814
6123	YJL076W	0.59809
6124	YGR038C-E	0.598
6125	YNL100W	0.59797
6126	YGR161W-A	0.59787
6127	YFL002W-B	0.59787
6128	YLR410W-A	0.59773
6129	YBR194W	0.59771
6130	YPL011C	0.59768
6131	YHR006W	0.59733
6132	YOR186W	0.59713
6133	YBL103C	0.5971
6134	YNL210W	0.59706
6135	YLR320W	0.59691
6136	YLR271W	0.59688
6137	YPR151C	0.59675
6138	YPL146C	0.59653
6139	YIL037C	0.59648
6140	YLR079W	0.59604
6141	YCR043C	0.59596
6142	YER022W	0.59589
6143	YLR454W	0.59568
6144	YOR355W	0.59549
6145	YBR124W	0.5954
6146	YPL219W	0.59527
6147	YKL176C	0.59525
6148	YPL156C	0.59517
6149	YNL005C	0.59508
6150	YOL015W	0.59498
6151	YER121W	0.59479
6152	YMR191W	0.59459
6153	YPL256C	0.59458
6154	YHR017W	0.59454
6155	YOR104W	0.59452
6156	YMR119W	0.59415
6157	YNL183C	0.59392
6158	YDR461C-A	0.59372
6159	YMR174C	0.5937
6160	YDR307W	0.59365
6161	YDR350C	0.59353
6162	YIL097W	0.59338
6163	YDR348C	0.59332
6164	YHR167W	0.59318
6165	YNL172W	0.5931
6166	YFL049W	0.59303
6167	YPL027W	0.593
6168	YGR140W	0.59256
6169	YDR104C	0.59253
6170	R0030W	0.59251
6171	YDL056W	0.59241
6172	YNR045W	0.59239
6173	YJL180C	0.59217
6174	YKL052C	0.59147
6175	YBR250W	0.59145
6176	YIL071C	0.59093
6177	YGL081W	0.59082
6178	YDR017C	0.59076
6179	YNR077C	0.5906
6180	YKR034W	0.59058
6181	YGL096W	0.59017
6182	YGR168C	0.59006
6183	YNL199C	0.59001
6184	YBR131W	0.58996
6185	YLR201C	0.58986
6186	YPL166W	0.58979
6187	YMR257C	0.58967
6188	YFR023W	0.58942
6189	YOR028C	0.58941
6190	YKL048C	0.58938
6191	YNL309W	0.58931
6192	YOR343W-A	0.58914
6193	YIL127C	0.5889
6194	YKL101W	0.58883
6195	YLR424C-B	0.58867
6196	YHR182W	0.58851
6197	YLL005C	0.58846
6198	YCL014W	0.5883
6199	YDR210W-A	0.58827
6200	YGR250C	0.58814
6201	YDR451C	0.58796
6202	YIL092W	0.58784
6203	YGL197W	0.58779
6204	YGR079W	0.58776
6205	YBR066C	0.58775
6206	YMR187C	0.5877
6207	YGL162W	0.58768
6208	YKL108W	0.58762
6209	YDR361C	0.58748
6210	YLR254C	0.58746
6211	YIL055C	0.58694
6212	YMR052W	0.58689
6213	YNL133C	0.58685
6214	YIR033W	0.5866
6215	YHR131C	0.5865
6216	YPL200W	0.58634
6217	YDR505C	0.58631
6218	YMR094W	0.58626
6219	YBL043W	0.58619
6220	YBR152W	0.58591
6221	YOR266W	0.58589
6222	YAL034C	0.58582
6223	YDR240C	0.58565
6224	YOR177C	0.58563
6225	YKL020C	0.58552
6226	YPL168W	0.58551
6227	YCR081W	0.58547
6228	YLR252W	0.58515
6229	YGL005C	0.58508
6230	YDL206W	0.58507
6231	YMR030W	0.58506
6232	YGR150C	0.5849
6233	YOL138C	0.58487
6234	YGL176C	0.58432
6235	YPR002C-A	0.58426
6236	YOR208W	0.58413
6237	YNL115C	0.58382
6238	YGR134W	0.58327
6239	YGL066W	0.58305
6240	YIL144W	0.58295
6241	YDR379W	0.58293
6242	YDR235W	0.58264
6243	YLR230W	0.58261
6244	YGR249W	0.58238
6245	YDR123C	0.58229
6246	YDL073W	0.58218
6247	YCL061C	0.58216
6248	YDR034C	0.58207
6249	YHR159W	0.58204
6250	YDR016C	0.58182
6251	YGL075C	0.5818
6252	YBL052C	0.58167
6253	YER181C	0.58165
6254	YBR013C	0.58156
6255	YDR532C	0.58127
6256	YML007W	0.58123
6257	YGL194C-A	0.58107
6258	YDL139C	0.58099
6259	YPL099C	0.58085
6260	YJL058C	0.58065
6261	YGR098C	0.58063
6262	YGR240C-A	0.58049
6263	YGR196C	0.58045
6264	YDR169C	0.58044
6265	YER129W	0.5803
6266	YJR157W	0.58029
6267	YBR184W	0.57991
6268	YOR349W	0.57966
6269	YMR016C	0.57928
6270	YGR089W	0.57913
6271	YOR019W	0.57904
6272	YGL073W	0.57896
6273	YER075C	0.57865
6274	YNL157W	0.57863
6275	YLR267W	0.57859
6276	YPL075W	0.57853
6277	YML037C	0.5784
6278	YDL199C	0.57815
6279	YBL109W	0.57813
6280	YDR043C	0.57806
6281	YPR101W	0.578
6282	YLR094C	0.57794
6283	YBR182C	0.57751
6284	YDR422C	0.57736
6285	YBR136W	0.57735
6286	YDR494W	0.57732
6287	YOR030W	0.57667
6288	YPL130W	0.57662
6289	YPR044C	0.57643
6290	YDR166C	0.57603
6291	YMR282C	0.57603
6292	YKL162C	0.57595
6293	YLR042C	0.57573
6294	YML043C	0.57562
6295	YPL085W	0.57545
6296	YNR024W	0.57541
6297	YHL023C	0.57527
6298	YHR079C-A	0.57526
6299	YPL202C	0.57489
6300	YFR008W	0.57479
6301	YJR092W	0.57478
6302	YJL103C	0.57471
6303	YKL162C-A	0.57455
6304	YLR219W	0.57446
6305	YOR113W	0.57404
6306	YML081W	0.57356
6307	YPL193W	0.57345
6308	YDL189W	0.57344
6309	YKL068W-A	0.57329
6310	YNL054W	0.57326
6311	YKR045C	0.57317
6312	YKL092C	0.57269
6313	YDL169C	0.57268
6314	YLR298C	0.57268
6315	YOR350C	0.57242
6316	YDR069C	0.57231
6317	YPL052W	0.57227
6318	YLR307C-A	0.57222
6319	YHR036W	0.5718
6320	YGL061C	0.57173
6321	YLR139C	0.5717
6322	YKL171W	0.57104
6323	YDR146C	0.57049
6324	YDR088C	0.57048
6325	YOR192C-C	0.57028
6326	YFR054C	0.57003
6327	YGL219C	0.56958
6328	YDR065W	0.56954
6329	YBR083W	0.56932
6330	YDL088C	0.5692
6331	YDL176W	0.56914
6332	YNL225C	0.56909
6333	YGR067C	0.56896
6334	YCR033W	0.56873
6335	YFL033C	0.56836
6336	YBR225W	0.56834
6337	YAR014C	0.56831
6338	YPR185W	0.56822
6339	YPR036W-A	0.56804
6340	YKL050C	0.56788
6341	YDL211C	0.56782
6342	YBL046W	0.56778
6343	YPR013C	0.56777
6344	YAL010C	0.56777
6345	YMR195W	0.5677
6346	YIL101C	0.56728
6347	YNL053W	0.56723
6348	YHR156C	0.56716
6349	YNR049C	0.56685
6350	YMR066W	0.56632
6351	YEL005C	0.56609
6352	YBL053W	0.56576
6353	YDL020C	0.56568
6354	YOR047C	0.56543
6355	YBR201C-A	0.56503
6356	YPL049C	0.56499
6357	YIL117C	0.56498
6358	YFR057W	0.56483
6359	YMR199W	0.5647
6360	YPR084W	0.5645
6361	YKR037C	0.56447
6362	YOL070C	0.56439
6363	YDR217C	0.56412
6364	YJR089W	0.56395
6365	YDR443C	0.56378
6366	YNL144C	0.56364
6367	YDR195W	0.56356
6368	YOR137C	0.56353
6369	YOR114W	0.56348
6370	YOR148C	0.56313
6371	YML041C	0.56306
6372	YER028C	0.56304
6373	YDR524C	0.56267
6374	YPL118W	0.5626
6375	YMR163C	0.56255
6376	YIR010W	0.56249
6377	YOR032C	0.56245
6378	YLR282C	0.5623
6379	YOL031C	0.56184
6380	YPR164W	0.56169
6381	YDR070C	0.56082
6382	YNL152W	0.56019
6383	YGL223C	0.56017
6384	YML058W	0.55962
6385	YHR177W	0.55948
6386	YER149C	0.55914
6387	YLL033W	0.55898
6388	YPR095C	0.55892
6389	YER045C	0.55876
6390	YGL071W	0.55849
6391	YNL195C	0.55837
6392	YJR011C	0.55826
6393	YAL028W	0.55821
6394	Q0010	0.55798
6395	YGR161C	0.55789
6396	YJL149W	0.55752
6397	YHR184W	0.55748
6398	YML015C	0.55732
6399	YGR179C	0.55721
6400	YKR091W	0.55718
6401	YNL046W	0.55664
6402	YJL207C	0.55612
6403	YDR310C	0.55559
6404	YLR431C	0.55489
6405	YHR195W	0.55478
6406	YLR312C	0.55467
6407	YML027W	0.55462
6408	YOR195W	0.55451
6409	YAL040C	0.5543
6410	YGR142W	0.55409
6411	YLR018C	0.55384
6412	YJR162C	0.55379
6413	YLR031W	0.55373
6414	YKR100C	0.5537
6415	YIL036W	0.55351
6416	YGL079W	0.55285
6417	YBR275C	0.55248
6418	YBL009W	0.55233
6419	YLL003W	0.55214
6420	YJL144W	0.55211
6421	YML062C	0.55209
6422	YDR457W	0.55191
6423	YDR103W	0.55168
6424	YPL250C	0.55159
6425	YPL201C	0.55151
6426	YKL204W	0.55141
6427	YEL057C	0.551
6428	YIL045W	0.55095
6429	YBR148W	0.55084
6430	YNR014W	0.55017
6431	YMR232W	0.55014
6432	YJR003C	0.55011
6433	YKL062W	0.54976
6434	YOR342C	0.54951
6435	YDL239C	0.54949
6436	YOR147W	0.54923
6437	YNL167C	0.54841
6438	YNL091W	0.54778
6439	YHR103W	0.54767
6440	YDR277C	0.54762
6441	YLR283W	0.54754
6442	YEL043W	0.54754
6443	YBL054W	0.54748
6444	YDR029W	0.54722
6445	YJL095W	0.5472
6446	YDR030C	0.54695
6447	YJL110C	0.54668
6448	YFR017C	0.54665
6449	YOL007C	0.54641
6450	YOR255W	0.54639
6451	YLR190W	0.54632
6452	YPL077C	0.5463
6453	YGL138C	0.54628
6454	YFR019W	0.54598
6455	YPL033C	0.54588
6456	YLL047W	0.5455
6457	YBL088C	0.54532
6458	YDR356W	0.54528
6459	YLR131C	0.54525
6460	YDL186W	0.54497
6461	YDL224C	0.5447
6462	YOL025W	0.54459
6463	YOR073W	0.54422
6464	YLR373C	0.54394
6465	YJR056C	0.54391
6466	YDR181C	0.54373
6467	YFL021W	0.5435
6468	YER088C	0.54339
6469	YMR135C	0.54335
6470	YLR352W	0.54304
6471	YML009C-A	0.543
6472	YHR152W	0.54271
6473	YPL070W	0.54252
6474	YLR436C	0.54227
6475	YOR264W	0.54222
6476	YDR374C	0.5422
6477	YOR214C	0.54219
6478	YLR334C	0.5419
6479	YOL029C	0.54186
6480	YHL029C	0.54166
6481	YLR221C	0.54164
6482	YDR096W	0.54141
6483	YGL175C	0.54119
6484	YLR353W	0.54111
6485	YGR041W	0.54088
6486	YDR151C	0.54087
6487	YNL197C	0.54085
6488	YGR153W	0.5406
6489	YKR010C	0.54048
6490	YMR204C	0.54033
6491	YOR076C	0.54018
6492	YKL225W	0.5399
6493	YOL081W	0.53979
6494	YBR050C	0.53927
6495	YMR219W	0.53906
6496	YOR158W	0.53888
6497	YNR009W	0.53875
6498	YDL027C	0.53786
6499	YDR113C	0.53745
6500	YGL035C	0.53654
6501	YMR270C	0.53626
6502	YDR216W	0.53598
6503	YBR140C	0.5351
6504	YPL055C	0.53504
6505	YGR120C	0.53495
6506	YDL089W	0.53489
6507	YBL034C	0.53485
6508	YCL051W	0.53442
6509	YPL223C	0.53401
6510	YJR030C	0.53388
6511	YPR171W	0.53375
6512	YNL042W	0.53372
6513	YER044C-A	0.53367
6514	YNL018C	0.53336
6515	YER104W	0.53332
6516	Q0255	0.53311
6517	YOL091W	0.53303
6518	YDR014W	0.53294
6519	YCR065W	0.53291
6520	YPL269W	0.53271
6521	YMR124W	0.53266
6522	YMR179W	0.53247
6523	YNL103W	0.53223
6524	YLR445W	0.53206
6525	YOR062C	0.53192
6526	YAL031C	0.53177
6527	YIL122W	0.5317
6528	YER038C	0.53146
6529	YBR255W	0.53095
6530	YDL069C	0.53073
6531	YLR030W	0.53
6532	YOR352W	0.53
6533	YLR341W	0.5298
6534	YGR273C	0.52967
6535	YPL054W	0.52937
6536	YKR078W	0.52934
6537	YGL057C	0.52911
6538	YMR144W	0.52874
6539	YDR207C	0.52792
6540	YNL034W	0.52766
6541	YNL214W	0.52753
6542	YCL027W	0.52728
6543	YKL112W	0.52695
6544	YER040W	0.52678
6545	YDR259C	0.52628
6546	YDL223C	0.52606
6547	YBR063C	0.52557
6548	YFR046C	0.52528
6549	YKL065W-A	0.52528
6550	YDR446W	0.52523
6551	YBR047W	0.52487
6552	YJL090C	0.52482
6553	YDR515W	0.52446
6554	YDR439W	0.5244
6555	YPR078C	0.5243
6556	YJR083C	0.52424
6557	YER158C	0.52395
6558	YPL158C	0.5238
6559	YLR273C	0.5237
6560	YOR066W	0.52344
6561	YIL119C	0.52309
6562	YOR178C	0.52296
6563	YCL044C	0.52292
6564	YDR028C	0.52198
6565	YPL230W	0.52191
6566	YMR003W	0.52142
6567	YGL128C	0.52117
6568	YPL014W	0.52111
6569	Q0144	0.52105
6570	YMR160W	0.52101
6571	YMR273C	0.51984
6572	YKL093W	0.51949
6573	YBR130C	0.519
6574	YJL181W	0.5189
6575	YDR022C	0.51888
6576	YDR219C	0.51805
6577	YNL027W	0.51764
6578	YAL047C	0.51764
6579	YDR130C	0.51716
6580	YNL311C	0.51715
6581	YGR023W	0.51713
6582	YDL076C	0.51707
6583	YOR023C	0.51684
6584	YPR046W	0.51676
6585	YGR035C	0.51675
6586	YER132C	0.51665
6587	YGR113W	0.51663
6588	YLL065W	0.51619
6589	YAL024C	0.51615
6590	YGR071C	0.51509
6591	YPL071C	0.51491
6592	YHR160C	0.5146
6593	YBR007C	0.51443
6594	YCL063W	0.5144
6595	YGL021W	0.51379
6596	YPL068C	0.51361
6597	YMR086W	0.51352
6598	YGL023C	0.51301
6599	YMR175W	0.51288
6600	YER111C	0.51262
6601	YJL185C	0.51242
6602	YMR255W	0.51241
6603	YLR102C	0.51232
6604	YDR227W	0.51215
6605	YJL162C	0.51189
6606	YOR324C	0.51113
6607	YPR005C	0.51086
6608	YPR158W	0.51035
6609	YGL222C	0.51007
6610	YKL042W	0.50973
6611	YNL176C	0.50961
6612	YLR053C	0.50946
6613	YGR126W	0.50941
6614	YDR275W	0.50848
6615	YML053C	0.50789
6616	YDR239C	0.50754
6617	YHR054C	0.50742
6618	YLR223C	0.50741
6619	YPL255W	0.50686
6620	YBR203W	0.50685
6621	YDR425W	0.50601
6622	YIR025W	0.50551
6623	YLR394W	0.50537
6624	YOR359W	0.50419
6625	YBR095C	0.50411
6626	YER155C	0.5038
6627	YGR239C	0.50368
6628	YNL076W	0.50367
6629	YDR351W	0.50342
6630	YBR165W	0.50331
6631	YIL146C	0.50323
6632	YKL185W	0.50319
6633	YBR076W	0.50271
6634	YDR184C	0.50196
6635	YFL012W	0.49989
6636	YKR022C	0.49986
6637	YJL051W	0.49877
6638	YER130C	0.49866
6639	YDR223W	0.49848
6640	YHR157W	0.49811
6641	YOR044W	0.49764
6642	YMR075W	0.49629
6643	YKL023C-A	0.49567
6644	YMR036C	0.49511
6645	YML109W	0.49463
6646	YPR145C-A	0.49385
6647	YDR249C	0.49343
6648	YML112W	0.49257
6649	YML091C	0.49156
6650	YOL036W	0.49086
6651	YER106W	0.4884
6652	YNL233W	0.48804
6653	YIL135C	0.48771
6654	YHR014W	0.48667
6655	YBR156C	0.48597
6656	YBL031W	0.48524
6657	YOR372C	0.48418
6658	YPL089C	0.48353
6659	YER167W	0.48211
6660	YPL159C	0.48193
6661	YNL074C	0.48171
6662	YKR077W	0.48105
6663	YJL161W	0.48098
6664	YDL180W	0.48071
6665	YGL015C	0.47978
6666	YLR257W	0.47965
6667	YPL267W	0.47922
6668	YBR045C	0.47884
6669	YPL066W	0.47784
6670	YGR221C	0.47757
6671	YKL105C	0.47725
6672	YPL180W	0.47686
6673	YDR186C	0.4766
6674	YPL121C	0.47638
6675	YJL147C	0.4761
6676	YBR071W	0.47496
6677	YER124C	0.47471
6678	YBR211C	0.4747
6679	YPR008W	0.47351
6680	YMR206W	0.47304
6681	YNL188W	0.47209
6682	YPR065W	0.472
6683	YMR037C	0.47161
6684	YJL089W	0.4692
6685	YML003W	0.46689
6686	YDR085C	0.46662
6687	YHR061C	0.46649
6688	YNL078W	0.46558
6689	YML119W	0.46543
6690	YOL106W	0.4635
6691	YFR036W	0.46254
6692	YBR285W	0.46208
6693	YDR528W	0.46194
6694	YDR480W	0.46185
6695	YLR049C	0.46059
6696	YLR457C	0.4549
6697	YPL124W	0.45436
6698	YMR136W	0.45406
6699	YER033C	0.45191
6700	YOR279C	0.45183
6701	YNL146W	0.45134
6702	YML006C	0.44837
6703	YOR315W	0.44635
6704	YNR010W	0.44613
6705	YER180C	0.44569
6706	YKL109W	0.44347
6707	YDR309C	0.44259
6708	YPL229W	0.44186
6709	YPR083W	0.4415
6710	YBL081W	0.43647
6711	YHR185C	0.43608
6712	YIL152W	0.43539
6713	YGL036W	0.43495
6714	YMR252C	0.43479
6715	Q0140	0.43186
6716	YGL170C	0.42998
6717	YMR181C	0.4295
6718	YER032W	0.42184
6719	YKR075C	0.4197
6720	YER079W	0.41335
6721	Q0032	0.40793
6722	YBR157C	0.39883
6723	YMR081C	0.38447
6724	YBR138C	0.38413
6725	YDL007C-A	0.37604
6726	YGR146C	0.35943
6727	YJR094C	0.35717
6728	YNL155C-A	0.3068
6729	YFR035W-A	0.3068
6730	YGR016C-A	0.3068
6731	YNL040C-A	0.3068
6732	YDL204W-A	0.3068
6733	YMR106W-A	0.3068
