rank	yeast_gene	cosine
1	YER025W	0.92811
2	YPL086C	0.92582
3	YEL027W	0.92498
4	YAL064C-A	0.92401
5	YNR032C-A	0.92294
6	YEL026W	0.91434
7	YDR091C	0.91153
8	YLR167W	0.90777
9	YLR229C	0.90727
10	YFL066C	0.90631
11	YFL039C	0.90558
12	YNL006W	0.9038
13	YJR065C	0.90218
14	YPR165W	0.89986
15	YPL266W	0.89653
16	YLR175W	0.89557
17	YER072W	0.89503
18	YMR303C	0.8941
19	YPR016C	0.8934
20	YOL086C	0.89292
21	YLL050C	0.89188
22	YKL152C	0.89033
23	YKR059W	0.88981
24	YJL190C	0.88948
25	YBR143C	0.88693
26	YBL026W	0.88679
27	YJR007W	0.88573
28	YLR359W	0.88562
29	YNR053C	0.88479
30	YLR367W	0.8833
31	YGR252W	0.883
32	YER177W	0.88247
33	YLL024C	0.88073
34	YER069W	0.8807
35	YHR128W	0.88008
36	YDR353W	0.87912
37	YKL218C	0.87904
38	YER178W	0.87776
39	YLR044C	0.87776
40	YAL005C	0.87746
41	YEL013W	0.87645
42	YNL244C	0.87634
43	YPL036W	0.87628
44	YJR148W	0.87623
45	YOL094C	0.87603
46	YGL008C	0.87586
47	YOR378W	0.87556
48	YER148W	0.87346
49	YNL104C	0.87217
50	YLR134W	0.8718
51	YLL018C	0.87147
52	YJL026W	0.87136
53	YGL091C	0.87091
54	YER009W	0.87086
55	YIL074C	0.87071
56	YER103W	0.87054
57	YJR159W	0.87019
58	YDR129C	0.87001
59	YDL246C	0.86995
60	YBL030C	0.8682
61	YDL192W	0.86777
62	YER081W	0.86775
63	YGL225W	0.86723
64	YDR099W	0.86717
65	YEL034W	0.86657
66	YBR249C	0.86641
67	YDL083C	0.86598
68	YMR143W	0.86598
69	YAL038W	0.86506
70	YGL255W	0.8649
71	YDL229W	0.86471
72	YDL168W	0.86435
73	YCR012W	0.86431
74	YKL196C	0.86396
75	YFL045C	0.86385
76	YNL209W	0.86369
77	YIL143C	0.86305
78	YOR046C	0.86267
79	YMR146C	0.86214
80	YJL050W	0.86189
81	YCL017C	0.86185
82	YDR343C	0.86096
83	YNL135C	0.86024
84	YJL213W	0.85955
85	YDR454C	0.85951
86	YPR182W	0.85945
87	YDR342C	0.85933
88	YMR260C	0.8592
89	YIL148W	0.85856
90	YKR094C	0.85856
91	YBR145W	0.8583
92	YLR303W	0.85809
93	YER094C	0.85801
94	YNL290W	0.85786
95	YBL075C	0.8577
96	YPR033C	0.85726
97	YOR061W	0.85683
98	YPL028W	0.85657
99	YDR050C	0.85623
100	YGL135W	0.85564
101	YPL220W	0.85564
102	YMR108W	0.85482
103	YHR092C	0.85444
104	YDL055C	0.85437
105	YDL137W	0.85394
106	YDR341C	0.85346
107	YOR327C	0.8534
108	YAR062W	0.85332
109	YHR213W	0.85332
110	YLR340W	0.85332
111	YPR102C	0.85321
112	YOR293W	0.85291
113	YJR047C	0.85286
114	YGR210C	0.85269
115	YGR085C	0.8518
116	YLR113W	0.85162
117	YNL191W	0.85141
118	YDR021W	0.85124
119	YHR208W	0.85106
120	YGL256W	0.85083
121	YOR108W	0.85048
122	YDR345C	0.85041
123	YMR109W	0.85015
124	YER007C-A	0.84978
125	YOL133W	0.8496
126	YGL103W	0.84892
127	YLR208W	0.8489
128	YKL148C	0.84877
129	YKL129C	0.84876
130	YHR106W	0.84871
131	YGR087C	0.84857
132	YBR085W	0.84833
133	YDR155C	0.84796
134	YLR438W	0.84749
135	YJL045W	0.84696
136	YGR118W	0.8469
137	YPR132W	0.8469
138	YHR174W	0.84654
139	YDR226W	0.8465
140	YJR153W	0.84631
141	YIL142W	0.8462
142	YHR096C	0.84587
143	YBR164C	0.84494
144	YJL034W	0.84491
145	YLR200W	0.84421
146	YJR104C	0.84385
147	YNL189W	0.84377
148	YMR230W	0.84328
149	YGR254W	0.84328
150	YDL006W	0.84315
151	YER179W	0.84242
152	YDL126C	0.84237
153	YDR540C	0.84236
154	YHR018C	0.84228
155	YOR298C-A	0.84201
156	YDR059C	0.84176
157	YGL011C	0.84161
158	YBL016W	0.84144
159	YNL112W	0.84098
160	YEL042W	0.84089
161	YMR290C	0.84081
162	YDL166C	0.84072
163	YJL014W	0.84064
164	YBR121C	0.84054
165	YGL210W	0.84051
166	YKL190W	0.84029
167	YMR011W	0.84012
168	YFL026W	0.84008
169	YPR080W	0.83997
170	YIL078W	0.83972
171	YDR232W	0.83969
172	YNL259C	0.8396
173	YEL051W	0.83947
174	YDR339C	0.83937
175	YMR083W	0.83931
176	YJL108C	0.83927
177	YOR257W	0.83923
178	YHL016C	0.83913
179	YBL071W-A	0.83885
180	YKR042W	0.83884
181	YER039C	0.83873
182	YER031C	0.83836
183	YBR089C-A	0.83836
184	YNR026C	0.83813
185	YPR052C	0.83795
186	YKL024C	0.83771
187	YER057C	0.83751
188	YJR045C	0.83738
189	YOR204W	0.83721
190	YDL208W	0.83721
191	YBR196C	0.83701
192	YLR081W	0.83643
193	YDR002W	0.83642
194	YLR028C	0.83637
195	YPL106C	0.83636
196	YPR173C	0.83631
197	YEL021W	0.83611
198	YBR252W	0.83589
199	YNL090W	0.83549
200	YDR023W	0.83521
201	YKR039W	0.83505
202	YOR122C	0.83491
203	YER056C-A	0.83385
204	YBL091C	0.83356
205	YOR153W	0.83344
206	YHR094C	0.83335
207	YER055C	0.83319
208	YGL062W	0.83308
209	YPL093W	0.83307
210	YOR347C	0.83301
211	YIL052C	0.83288
212	YFL058W	0.83284
213	YJR068W	0.83278
214	YDL047W	0.83263
215	YDR510W	0.83259
216	YJR077C	0.83253
217	YAL012W	0.83248
218	YBL112C	0.83221
219	YHR218W-A	0.83221
220	YFL017W-A	0.8321
221	YLR355C	0.8321
222	YNL332W	0.83187
223	YBR082C	0.8317
224	YLR172C	0.83161
225	YLR249W	0.83158
226	YCR057C	0.83137
227	YLR147C	0.83071
228	YDL245C	0.83064
229	YMR246W	0.83064
230	YLL039C	0.83041
231	YML008C	0.83033
232	YOL151W	0.83027
233	YJR156C	0.82996
234	YJL214W	0.82979
235	YAL030W	0.8297
236	YCR010C	0.82961
237	YFR044C	0.82957
238	YKR080W	0.82917
239	YOR159C	0.82914
240	YGR132C	0.82912
241	YMR120C	0.82905
242	YER052C	0.82904
243	YDL244W	0.82898
244	YJR158W	0.82894
245	YNL241C	0.82886
246	YFL011W	0.8288
247	YDR001C	0.82843
248	YKL033W-A	0.82792
249	YOR393W	0.8278
250	YPL281C	0.8278
251	YBR154C	0.82727
252	YER107C	0.82722
253	YNL014W	0.82717
254	YKR057W	0.82715
255	YOL156W	0.82691
256	YML001W	0.82684
257	YML012W	0.82676
258	YJL001W	0.82672
259	YGR282C	0.82672
260	YEL069C	0.8257
261	YJR105W	0.82532
262	YDL182W	0.82518
263	YFR053C	0.82515
264	YPL231W	0.82514
265	YDR075W	0.82487
266	YLR293C	0.82468
267	YOR323C	0.82463
268	YJL219W	0.82462
269	YNR050C	0.82455
270	YOR094W	0.82444
271	YJL136C	0.8243
272	YLR438C-A	0.8243
273	YBR114W	0.82408
274	YLR354C	0.824
275	YMR323W	0.8238
276	YDR267C	0.82364
277	YMR318C	0.82363
278	YOR157C	0.8236
279	YOL143C	0.82355
280	YGR231C	0.82343
281	YNR072W	0.82332
282	YIL170W	0.82329
283	YJR145C	0.82324
284	YHR203C	0.82324
285	YER171W	0.82304
286	YJR025C	0.82274
287	YPL131W	0.82228
288	YLR304C	0.82227
289	YPR110C	0.82226
290	YBL087C	0.82201
291	YER117W	0.82201
292	YPL119C	0.8219
293	YEL066W	0.82189
294	YJL121C	0.82143
295	YCR073W-A	0.82119
296	YLR330W	0.82099
297	YHR007C	0.82083
298	YBR218C	0.82071
299	YER060W-A	0.82069
300	YGR043C	0.82058
301	YBR160W	0.82052
302	YPL061W	0.82035
303	YJL164C	0.82005
304	YMR116C	0.82004
305	YHR183W	0.81969
306	YLL056C	0.81968
307	YOR270C	0.8196
308	YCL018W	0.81957
309	YLR155C	0.81933
310	YLR160C	0.81933
311	YLR158C	0.81933
312	YLR157C	0.81933
313	YBR222C	0.81931
314	YJR139C	0.81911
315	YMR079W	0.81905
316	YML024W	0.81903
317	YCR098C	0.81898
318	YCR047C	0.81858
319	YDL084W	0.81854
320	YPR204W	0.81831
321	YDR447C	0.81819
322	YGL253W	0.81819
323	YBL022C	0.81815
324	YOR369C	0.81767
325	YOL038W	0.8176
326	YBR106W	0.81753
327	YKL216W	0.81751
328	YJL012C	0.81715
329	YIL020C	0.81704
330	YAR015W	0.81703
331	YGL157W	0.81692
332	YFL038C	0.81686
333	YPR062W	0.81674
334	YGL097W	0.81669
335	YCL009C	0.81666
336	YJL167W	0.81636
337	YMR300C	0.81626
338	YDR406W	0.81623
339	YGR286C	0.81598
340	YPL234C	0.81595
341	YMR015C	0.81534
342	YMR307W	0.81502
343	YOR185C	0.81501
344	YBR109C	0.81484
345	YML069W	0.81463
346	YER056C	0.8146
347	YGR211W	0.81451
348	YPR035W	0.81445
349	YGR279C	0.81445
350	YLR433C	0.8144
351	YNL064C	0.81439
352	YPL237W	0.81428
353	YEL031W	0.81424
354	YMR305C	0.81422
355	YLR420W	0.81406
356	YHR148W	0.81343
357	YLR153C	0.81343
358	YKR002W	0.81308
359	YGL026C	0.81296
360	YGL030W	0.81293
361	YPL218W	0.81288
362	YNL255C	0.8127
363	YFL005W	0.81254
364	YNL142W	0.81251
365	YGR185C	0.81233
366	YML028W	0.81223
367	YKL067W	0.8121
368	YPL203W	0.81198
369	YPR138C	0.81177
370	YGL001C	0.81172
371	YNL277W	0.81159
372	YAL003W	0.81145
373	YLR259C	0.81136
374	YHR057C	0.81104
375	YKL146W	0.81101
376	YBL041W	0.8108
377	YMR226C	0.81069
378	YBR127C	0.81067
379	YJL008C	0.81058
380	YDR533C	0.81005
381	YGR209C	0.81003
382	YBR169C	0.80992
383	YLR289W	0.80989
384	YGR123C	0.80973
385	YEL030W	0.8097
386	YER073W	0.80964
387	YOR202W	0.80932
388	YLR244C	0.80915
389	YPL129W	0.80912
390	YAR050W	0.80858
391	YPL276W	0.80828
392	YFL055W	0.80819
393	YOR027W	0.80808
394	YML102W	0.80801
395	YOR197W	0.8079
396	YOL039W	0.80779
397	YDR536W	0.80759
398	YNL331C	0.80749
399	YGR121C	0.80723
400	YGL039W	0.80699
401	YOR099W	0.80699
402	YGR256W	0.80697
403	YOL021C	0.80678
404	YKL210W	0.80662
405	YNL330C	0.8066
406	YBR191W	0.80653
407	YPR086W	0.80637
408	YML123C	0.80634
409	YPL079W	0.80617
410	YHR211W	0.80609
411	YDR471W	0.80601
412	YNL010W	0.806
413	YAL060W	0.80591
414	YLR075W	0.80581
415	YPR183W	0.80571
416	YDL001W	0.80556
417	YBR046C	0.80552
418	YPR069C	0.80546
419	YER060W	0.80473
420	YAR073W	0.80459
421	YLR130C	0.80454
422	YPL111W	0.80444
423	YMR241W	0.80422
424	YPL235W	0.804
425	YOR224C	0.80399
426	YGL078C	0.80372
427	YMR243C	0.80366
428	YOL066C	0.80365
429	YGL137W	0.80365
430	YDR238C	0.80361
431	YHR029C	0.80359
432	YIL003W	0.80348
433	YMR236W	0.80345
434	YLR029C	0.80339
435	YFL056C	0.8033
436	YGL070C	0.80328
437	YHL047C	0.80319
438	YHR064C	0.80311
439	YKL164C	0.80308
440	YGR040W	0.80307
441	YDL131W	0.80306
442	YDR373W	0.80298
443	YHR010W	0.80284
444	YBR126C	0.80284
445	YBL078C	0.80277
446	YHR070W	0.80255
447	YCR053W	0.80247
448	YIR035C	0.80233
449	YHL040C	0.80219
450	YGR229C	0.8021
451	YLR070C	0.80156
452	YNL096C	0.80148
453	YIR019C	0.80147
454	YNL268W	0.80144
455	YEL046C	0.80138
456	YBR261C	0.80126
457	YDR158W	0.80124
458	YDR035W	0.80119
459	YJL159W	0.80099
460	YDR382W	0.80095
461	YDL022W	0.80094
462	YDR045C	0.80092
463	YNL231C	0.80084
464	YEL063C	0.8008
465	YAL061W	0.80067
466	YIL009W	0.80063
467	YDR304C	0.80045
468	YOL030W	0.80016
469	YGR218W	0.80006
470	YHL011C	0.79996
471	YNR002C	0.79994
472	YFR047C	0.79993
473	YJR049C	0.79991
474	YBR298C	0.79991
475	YJL079C	0.7999
476	YBR080C	0.79982
477	YER012W	0.79979
478	YER095W	0.79976
479	YMR121C	0.79974
480	YER133W	0.79956
481	YNL066W	0.7995
482	YLR058C	0.7992
483	YGR155W	0.79908
484	YML018C	0.79896
485	YIL169C	0.79884
486	YNL202W	0.79879
487	YOR096W	0.79856
488	YML078W	0.79854
489	YMR056C	0.79837
490	YDL243C	0.79832
491	YBL076C	0.79807
492	YDL125C	0.79797
493	YHR200W	0.7979
494	YGL115W	0.7979
495	YAL063C	0.79789
496	YPL058C	0.79782
497	YDR011W	0.7977
498	YNL098C	0.79767
499	YHR074W	0.7976
500	YGR019W	0.79747
501	YIL010W	0.79741
502	YDR368W	0.79739
503	YLR069C	0.79737
504	YDR037W	0.79734
505	YIL116W	0.79718
506	YER165W	0.79716
507	YOR388C	0.79706
508	YGR253C	0.79692
509	YLR092W	0.79692
510	YMR105C	0.7969
511	YBL036C	0.79685
512	YOR317W	0.79681
513	YJL055W	0.79679
514	YNL274C	0.79675
515	YNR003C	0.79661
516	YLR060W	0.79654
517	YPR176C	0.79651
518	YNR034W	0.7965
519	YKL117W	0.79645
520	YAL026C	0.7964
521	YIR042C	0.79638
522	YDR234W	0.79622
523	YER062C	0.79622
524	YOL097C	0.79618
525	YMR186W	0.79572
526	YDL130W	0.79557
527	YGL221C	0.79548
528	YER099C	0.79544
529	YBR031W	0.79524
530	YGR020C	0.79514
531	YDR012W	0.79508
532	YBR234C	0.79504
533	YGR192C	0.79502
534	YGR173W	0.79482
535	YOR095C	0.79481
536	YER070W	0.79472
537	YEL077C	0.7947
538	YOR375C	0.79449
539	YBR296C	0.79436
540	YLR234W	0.79429
541	YIL053W	0.79422
542	YKL213C	0.7942
543	YBL024W	0.79401
544	YEL065W	0.79388
545	YNL138W	0.79387
546	YDL014W	0.79378
547	YJR009C	0.79375
548	YKR013W	0.79373
549	YJL116C	0.79361
550	YGL105W	0.79355
551	YAL062W	0.79353
552	YJR095W	0.79347
553	YGR207C	0.79346
554	YHR193C	0.79344
555	YPL240C	0.79296
556	YHR019C	0.79291
557	YPL212C	0.79273
558	YBR221C	0.79232
559	YPR041W	0.79228
560	YIL123W	0.79219
561	YBR078W	0.79212
562	YKL104C	0.79207
563	YIR037W	0.79195
564	YBR001C	0.7919
565	YJL143W	0.79183
566	YDR453C	0.79178
567	YGL099W	0.79158
568	YJL218W	0.79155
569	YNL108C	0.79135
570	YDL134C	0.79132
571	YGL087C	0.79131
572	Q0130	0.79131
573	YMR205C	0.79125
574	YDL164C	0.79125
575	YDL095W	0.79098
576	YHR068W	0.79082
577	YLL045C	0.79061
578	YDR404C	0.79059
579	YPL199C	0.79043
580	YML057W	0.79032
581	YFR030W	0.79014
582	YCL043C	0.78999
583	YBR294W	0.78994
584	YOR328W	0.78967
585	YOR089C	0.7896
586	YFR004W	0.78959
587	YBR286W	0.7895
588	YLR328W	0.78948
589	YDR190C	0.78946
590	YBR187W	0.78901
591	YER020W	0.78875
592	YNL071W	0.78874
593	YIL094C	0.78868
594	YDL102W	0.78848
595	YNL132W	0.78844
596	YOR120W	0.78839
597	YFL061W	0.78817
598	YNL335W	0.78817
599	YOR168W	0.78801
600	YDR032C	0.78794
601	YPL051W	0.78794
602	YDL097C	0.78792
603	YDL140C	0.7876
604	YJL052W	0.78756
605	YGL120C	0.78747
606	YKL163W	0.78731
607	YBL099W	0.78716
608	YBR020W	0.78714
609	YLR375W	0.78709
610	YHR042W	0.78703
611	YJL030W	0.78692
612	YDL100C	0.78682
613	YIL043C	0.78675
614	YLR277C	0.78669
615	YPR074C	0.78661
616	YDR519W	0.7866
617	YHR030C	0.78653
618	YJL033W	0.78651
619	YEL071W	0.7864
620	YAL036C	0.78616
621	YGR208W	0.78597
622	YOL058W	0.78597
623	YHL001W	0.78593
624	YDL210W	0.7859
625	YOR184W	0.78579
626	YKL127W	0.78571
627	YDL081C	0.78569
628	YDR172W	0.78545
629	YOR133W	0.78542
630	YEL039C	0.78536
631	YNL270C	0.78528
632	YFR055W	0.78522
633	YFL053W	0.78504
634	YJR063W	0.78492
635	YDR294C	0.7849
636	YLR466W	0.78485
637	YBR019C	0.78476
638	YOR142W	0.78471
639	YPL154C	0.78431
640	YER065C	0.78431
641	YCR105W	0.78428
642	YDR424C	0.7842
643	YOR004W	0.78408
644	YBR015C	0.78407
645	YLR186W	0.784
646	YDL086W	0.7839
647	YGL167C	0.78386
648	YEL058W	0.78382
649	YKL001C	0.78358
650	YFL018C	0.78347
651	YNL123W	0.7833
652	YAL023C	0.78327
653	YIL035C	0.78316
654	YDR139C	0.78304
655	YCR009C	0.78289
656	YPL013C	0.78282
657	YHR110W	0.78272
658	YHL033C	0.78256
659	YER036C	0.78243
660	YMR034C	0.78235
661	YDR116C	0.78233
662	YJR143C	0.78227
663	YHR170W	0.7821
664	YNL113W	0.78209
665	YOR128C	0.78192
666	YLR245C	0.78176
667	YIL066C	0.78164
668	YHR163W	0.7816
669	YBR117C	0.78157
670	YLR397C	0.78156
671	YML080W	0.78152
672	YGL147C	0.78145
673	YIR027C	0.78122
674	YPL160W	0.78109
675	YMR315W	0.78098
676	YIL164C	0.78085
677	YLR193C	0.78083
678	YGR246C	0.78075
679	YGL148W	0.78067
680	YKL006W	0.78061
681	YJR070C	0.78045
682	YGR152C	0.78016
683	YOL162W	0.78015
684	YBR241C	0.7801
685	YNL067W	0.77985
686	YGR027C	0.77977
687	YOR335C	0.77969
688	YJL111W	0.77956
689	YOR187W	0.77952
690	YHR179W	0.77946
691	YDR388W	0.77913
692	YER091C	0.77905
693	YEL054C	0.77893
694	YDR418W	0.77893
695	YLR347C	0.77878
696	YNL264C	0.77878
697	YIL160C	0.7787
698	YGR244C	0.77841
699	YBR256C	0.77821
700	YOR332W	0.7781
701	YLR027C	0.77795
702	YKL069W	0.77792
703	YGR094W	0.77791
704	YDR541C	0.77783
705	YLR333C	0.77768
706	YHR065C	0.77756
707	YIL048W	0.77737
708	YMR169C	0.77707
709	YMR203W	0.77705
710	YEL011W	0.77686
711	YMR215W	0.77682
712	YKR038C	0.77673
713	YDR448W	0.7766
714	YPL169C	0.77656
715	YKR102W	0.77648
716	YGR034W	0.77646
717	YGL123W	0.77645
718	YMR235C	0.77643
719	YHR218W	0.77643
720	YOR362C	0.77629
721	YDR148C	0.77623
722	YLR432W	0.7762
723	YKL166C	0.77617
724	YOR326W	0.77604
725	YKL060C	0.77597
726	YBR248C	0.77557
727	YPL094C	0.7755
728	YGR240C	0.77506
729	YCL030C	0.77487
730	YLR384C	0.77484
731	YAR002C-A	0.77479
732	YGL189C	0.77472
733	YLR170C	0.77462
734	YBL092W	0.77462
735	YLR344W	0.77448
736	YDR047W	0.77447
737	YBR244W	0.77445
738	YPL043W	0.7744
739	YER086W	0.77426
740	YCR072C	0.77421
741	YER003C	0.77392
742	YPL091W	0.77391
743	YGR267C	0.7738
744	YLR055C	0.77378
745	YPL050C	0.77375
746	YBL068W	0.77341
747	YBL039C	0.77337
748	YHR005C-A	0.77334
749	YPL171C	0.7732
750	YER166W	0.77303
751	YLR195C	0.773
752	YGR289C	0.77294
753	YGL048C	0.77293
754	YER131W	0.77282
755	YDR196C	0.77276
756	YFR009W	0.77237
757	YOR259C	0.77218
758	YPR193C	0.77214
759	YGR010W	0.7721
760	YER120W	0.77207
761	YKL113C	0.77199
762	YPR108W	0.77195
763	YBR263W	0.77192
764	YGR175C	0.77181
765	YGR060W	0.7718
766	YJL217W	0.77175
767	YER125W	0.77157
768	YML056C	0.7714
769	YGR191W	0.77139
770	YDR185C	0.77112
771	YPR103W	0.77111
772	YLR216C	0.77111
773	YGL119W	0.77104
774	YJL198W	0.77103
775	YHR039C-A	0.771
776	YLR448W	0.77096
777	YKL211C	0.77094
778	YMR266W	0.77087
779	YIR036C	0.77079
780	YBR011C	0.77074
781	YJL035C	0.77073
782	YGL076C	0.77067
783	YLR005W	0.77067
784	YPL259C	0.77039
785	YLR043C	0.77031
786	YAL020C	0.7703
787	YDL108W	0.77023
788	YMR092C	0.77006
789	YDL004W	0.77
790	YIR031C	0.76999
791	YMR279C	0.76997
792	YDL188C	0.76996
793	YGR159C	0.76982
794	YLR017W	0.76969
795	YFL059W	0.76964
796	YER089C	0.76962
797	YCR021C	0.76957
798	YJR160C	0.76954
799	YHR044C	0.76948
800	YGR264C	0.76938
801	YOR065W	0.76935
802	YOR348C	0.76934
803	YGR135W	0.76933
804	YML073C	0.76923
805	YDR483W	0.7692
806	YOR020C	0.76915
807	YIL162W	0.76893
808	YGR220C	0.76886
809	YML131W	0.76885
810	YEL040W	0.76864
811	YKR097W	0.76855
812	YMR314W	0.76849
813	YJL128C	0.76846
814	YGL077C	0.76839
815	YNR070W	0.76837
816	YDR046C	0.76835
817	YDR062W	0.76817
818	YGL234W	0.76817
819	YER159C	0.76809
820	YLR121C	0.76806
821	YGL224C	0.76804
822	YML064C	0.76801
823	YNL333W	0.76797
824	YPR051W	0.76792
825	YEL060C	0.76786
826	YEL070W	0.76776
827	YNR073C	0.76776
828	YEL037C	0.76773
829	YPL198W	0.76772
830	YCL025C	0.76759
831	YLL063C	0.76754
832	YOR357C	0.76741
833	YKR056W	0.76737
834	YOL139C	0.76735
835	YDR375C	0.76734
836	YBR170C	0.76733
837	YCL035C	0.76722
838	YMR008C	0.76696
839	YLR120C	0.76686
840	YDR212W	0.76678
841	YOR243C	0.76675
842	YMR217W	0.76665
843	YBR054W	0.76661
844	YNL055C	0.76645
845	YBR006W	0.76642
846	YKL002W	0.7664
847	YJL216C	0.7664
848	YKL217W	0.76634
849	YPL175W	0.76617
850	YOR321W	0.76611
851	YDR039C	0.76606
852	YLR129W	0.76599
853	YER006W	0.76596
854	YIL051C	0.76594
855	YOL164W	0.7657
856	YHR112C	0.76568
857	YLL067C	0.76568
858	YDL064W	0.76565
859	YBL111C	0.76565
860	YDR321W	0.76562
861	YGL211W	0.76555
862	YJR048W	0.7655
863	YHR051W	0.76544
864	YNL222W	0.76544
865	YER110C	0.76542
866	YNL134C	0.7654
867	YLR429W	0.76516
868	YCR008W	0.76515
869	YJR155W	0.76515
870	YNL329C	0.76508
871	YML094W	0.765
872	YPL135W	0.76486
873	YDR481C	0.76482
874	YDR040C	0.76481
875	YPL245W	0.76461
876	YPL226W	0.76451
877	YBR088C	0.76447
878	YBR034C	0.76441
879	YJR024C	0.76438
880	YPR145W	0.76427
881	YOR086C	0.76426
882	YEL036C	0.76417
883	YGL100W	0.76409
884	YEL038W	0.76408
885	YLR258W	0.76406
886	YOR196C	0.76393
887	YER015W	0.76393
888	YLR237W	0.76391
889	YLR074C	0.7638
890	YBR162C	0.76375
891	YGR287C	0.76365
892	YHR216W	0.76359
893	YKR093W	0.76341
894	YOL084W	0.76338
895	YER023W	0.76327
896	YFR014C	0.76326
897	YNL037C	0.76314
898	YML124C	0.76295
899	YMR058W	0.76295
900	YBL003C	0.76292
901	YOR361C	0.7629
902	YGR105W	0.76287
903	YAL042W	0.76286
904	YHR089C	0.76285
905	YDR276C	0.76276
906	YDR225W	0.76266
907	YGL031C	0.76261
908	YLR034C	0.76261
909	YOR007C	0.76259
910	YGR037C	0.76255
911	YOR092W	0.76242
912	YDR038C	0.76231
913	YGR234W	0.76229
914	YBR038W	0.76226
915	YBR035C	0.76222
916	YDL135C	0.7622
917	YMR244W	0.76214
918	YAL054C	0.7621
919	YOR226C	0.76208
920	YML092C	0.76208
921	YEL047C	0.76199
922	YMR170C	0.76197
923	YHR020W	0.76196
924	YJR144W	0.76195
925	YCL010C	0.76193
926	YCL040W	0.76185
927	YER136W	0.76184
928	YOR374W	0.76183
929	YDL236W	0.76174
930	YGR100W	0.76162
931	YCR004C	0.76157
932	YNL200C	0.76153
933	YIL021W	0.76145
934	YDR120C	0.76143
935	YIL064W	0.7612
936	YLR011W	0.76114
937	YJR072C	0.76104
938	YDL147W	0.76104
939	YNR064C	0.76102
940	YHL015W	0.76097
941	YPR004C	0.76095
942	YIR029W	0.7609
943	YGR214W	0.76088
944	YLR382C	0.76087
945	YJR014W	0.76077
946	YOL157C	0.76076
947	YKL184W	0.76067
948	YPR181C	0.76059
949	YMR202W	0.76052
950	YPL265W	0.7605
951	YOR161C	0.76049
952	YKL046C	0.76042
953	YNL117W	0.76032
954	YLR213C	0.76021
955	YPL143W	0.76013
956	YDL222C	0.76011
957	YMR062C	0.76008
958	YFR010W	0.76006
959	YDL144C	0.76003
960	YOR283W	0.75996
961	YER174C	0.7598
962	YDR092W	0.75978
963	YNL175C	0.75978
964	YDL174C	0.75974
965	YDR300C	0.7597
966	YIL118W	0.7597
967	YLR059C	0.75958
968	YPR192W	0.75952
969	YJL172W	0.75941
970	YLR268W	0.75939
971	YDL029W	0.75935
972	YPR113W	0.75935
973	YOL055C	0.75934
974	YMR276W	0.75929
975	YMR222C	0.75903
976	YOR217W	0.75894
977	YLR048W	0.75885
978	YAL049C	0.75881
979	YJL200C	0.75875
980	YHR043C	0.75875
981	YDR111C	0.75871
982	YKL053C-A	0.75854
983	YDR534C	0.75845
984	YGL245W	0.75837
985	YFL057C	0.75836
986	YOR241W	0.75829
987	YOR006C	0.75823
988	YJR109C	0.75785
989	YDL201W	0.75774
990	YJR152W	0.75774
991	YML079W	0.75761
992	YPL127C	0.7576
993	YGR148C	0.7574
994	YHL050C	0.75733
995	YDR394W	0.75726
996	YDL160C	0.75721
997	YDR398W	0.75706
998	YGL200C	0.757
999	YMR297W	0.75698
1000	YNR043W	0.75694
1001	YML085C	0.75684
1002	YJL221C	0.7568
1003	YIL172C	0.7568
1004	YPR194C	0.75674
1005	YOR131C	0.75665
1006	YDR041W	0.75665
1007	YER145C	0.75663
1008	YGR248W	0.75657
1009	YMR194C-B	0.75648
1010	YJL060W	0.75644
1011	YBL001C	0.75641
1012	YOL005C	0.75641
1013	YGL022W	0.75635
1014	YKL144C	0.75608
1015	YPL031C	0.75579
1016	YHR107C	0.75561
1017	YGR055W	0.75519
1018	YPR167C	0.75519
1019	YOR380W	0.75518
1020	YOL158C	0.75505
1021	YJR017C	0.75494
1022	YGL122C	0.75489
1023	YJR073C	0.75486
1024	YNL044W	0.75477
1025	YOR234C	0.7546
1026	YBR235W	0.75457
1027	YGR180C	0.75449
1028	YKL013C	0.75448
1029	YLR179C	0.75436
1030	YOR119C	0.75421
1031	YHR169W	0.75418
1032	YDR064W	0.75402
1033	YJR096W	0.754
1034	YCR068W	0.75382
1035	YLR348C	0.75379
1036	YDL178W	0.75377
1037	YDR033W	0.75377
1038	YML070W	0.75376
1039	YJR069C	0.75364
1040	YGR163W	0.75352
1041	YER190W	0.75351
1042	YJL094C	0.75348
1043	YOR356W	0.75344
1044	YKL085W	0.75329
1045	YJR151C	0.7532
1046	YER043C	0.7531
1047	YLL066C	0.75309
1048	YGR048W	0.75306
1049	YER053C	0.75299
1050	YPL244C	0.75293
1051	YFR015C	0.75291
1052	YGL252C	0.75288
1053	YKR026C	0.75286
1054	YOR117W	0.75284
1055	YKL035W	0.75283
1056	YCR059C	0.75281
1057	YDR214W	0.75273
1058	YLR146C	0.75268
1059	YLR109W	0.75256
1060	YDR450W	0.75255
1061	YML026C	0.75255
1062	YBR132C	0.75251
1063	YLR325C	0.75243
1064	YBR037C	0.7523
1065	YPL187W	0.75218
1066	YNL232W	0.75187
1067	YMR183C	0.75162
1068	YGL190C	0.75146
1069	YNL125C	0.7513
1070	YLR038C	0.7513
1071	YJL208C	0.7513
1072	YER190C-A	0.7512
1073	YNL339W-A	0.7512
1074	YML133W-A	0.7512
1075	YPL283W-A	0.7512
1076	YGR296C-A	0.7512
1077	YAL044W-A	0.7512
1078	YOR391C	0.75106
1079	YBR153W	0.75101
1080	YKL114C	0.75084
1081	YER074W	0.75081
1082	YIL069C	0.75081
1083	YMR084W	0.7507
1084	YEL041W	0.75068
1085	YML133C	0.75063
1086	YOR236W	0.75059
1087	YML022W	0.75048
1088	YOR150W	0.75045
1089	YPL274W	0.75035
1090	YGL207W	0.75032
1091	YMR278W	0.75027
1092	YKL220C	0.7501
1093	YHR012W	0.74998
1094	YKL157W	0.74994
1095	YOR151C	0.74964
1096	YNL061W	0.74962
1097	YDR090C	0.74955
1098	YPL232W	0.74948
1099	YDL185W	0.74939
1100	YJL158C	0.74925
1101	YFL034C-A	0.74925
1102	YJL087C	0.74922
1103	YOL122C	0.74916
1104	YGR189C	0.74913
1105	YDR167W	0.74904
1106	YMR080C	0.749
1107	YOL153C	0.7489
1108	YNR065C	0.74888
1109	YFL041W	0.74885
1110	YGL058W	0.7488
1111	YNL288W	0.74878
1112	YBR087W	0.74865
1113	YDR019C	0.74856
1114	YLR209C	0.74854
1115	YJL041W	0.74853
1116	YBL029C-A	0.74852
1117	YLR061W	0.7485
1118	YGL068W	0.74849
1119	YAL064W-B	0.74835
1120	YLL018C-A	0.74835
1121	YBR291C	0.74826
1122	YDR086C	0.74816
1123	YLL008W	0.74807
1124	YML106W	0.74799
1125	YHR135C	0.74797
1126	YBR068C	0.74784
1127	YGL017W	0.74769
1128	YOR381W	0.74763
1129	YMR096W	0.74762
1130	YOL120C	0.74761
1131	YNL301C	0.74761
1132	YBR208C	0.74752
1133	YDR291W	0.74748
1134	YDL075W	0.74746
1135	YDL103C	0.74744
1136	YDL046W	0.74742
1137	YLR406C	0.74734
1138	YDL247W	0.74726
1139	YNL185C	0.74721
1140	YJL171C	0.74719
1141	YDR497C	0.74718
1142	YCR031C	0.74715
1143	YMR090W	0.74713
1144	YNL281W	0.74706
1145	YLR110C	0.74705
1146	YOR316C	0.74702
1147	YPL204W	0.74694
1148	YIL008W	0.74682
1149	YDL124W	0.7468
1150	YDR098C	0.74659
1151	YDR502C	0.74656
1152	YIL177C	0.74648
1153	Q0275	0.74647
1154	YDR397C	0.74634
1155	YGR021W	0.74626
1156	YGL202W	0.74624
1157	YBL032W	0.74614
1158	YDL238C	0.74613
1159	YKR009C	0.74612
1160	YNR013C	0.74604
1161	YKL193C	0.74604
1162	YPL183C	0.7459
1163	YPR131C	0.74577
1164	YKL003C	0.74556
1165	YPR137W	0.74555
1166	YJR103W	0.74553
1167	YPR081C	0.74524
1168	YJL225C	0.74515
1169	YHR144C	0.74513
1170	YGR281W	0.74503
1171	YGR124W	0.74488
1172	YFL022C	0.74482
1173	YMR145C	0.74469
1174	YNL095C	0.74441
1175	YGL002W	0.74429
1176	YKL145W	0.74415
1177	YNR060W	0.74413
1178	YPL280W	0.74411
1179	YCR005C	0.74409
1180	YJL191W	0.74382
1181	YDR516C	0.74382
1182	YHR050W	0.74376
1183	YPL184C	0.74374
1184	YDR083W	0.74372
1185	YOL155C	0.74355
1186	YLR324W	0.74352
1187	YER119C	0.74351
1188	YLL026W	0.74349
1189	YOL142W	0.74325
1190	YDR408C	0.74321
1191	YMR285C	0.74316
1192	YDR508C	0.74314
1193	YBR251W	0.74306
1194	YDR224C	0.74303
1195	YBL050W	0.74301
1196	YCR107W	0.74279
1197	YAR007C	0.74276
1198	YML067C	0.74267
1199	YOR209C	0.74266
1200	YDR298C	0.74259
1201	YBR159W	0.74257
1202	YOR310C	0.74247
1203	YLL027W	0.74235
1204	YKL120W	0.74228
1205	YER002W	0.74222
1206	YNL111C	0.74222
1207	YER026C	0.74216
1208	YNL141W	0.74213
1209	YNL287W	0.74207
1210	YOR003W	0.74205
1211	YFR031C	0.74204
1212	YLR377C	0.74201
1213	YGR200C	0.74198
1214	YLR409C	0.74182
1215	YIR002C	0.74159
1216	YIL109C	0.74147
1217	YBR155W	0.74143
1218	YPL015C	0.74142
1219	YNL220W	0.7413
1220	YLR180W	0.7413
1221	YDR258C	0.74129
1222	YBL002W	0.74126
1223	YOL080C	0.74119
1224	YDR121W	0.74117
1225	YHR147C	0.7411
1226	YPL221W	0.74107
1227	YKL059C	0.74104
1228	YDR378C	0.74101
1229	YKL080W	0.74092
1230	YNR020C	0.74091
1231	YPL258C	0.7409
1232	YDR134C	0.74076
1233	YDR272W	0.74076
1234	YOR239W	0.7407
1235	YMR221C	0.74069
1236	YLR243W	0.74044
1237	YIL065C	0.74034
1238	YKL078W	0.74032
1239	YKL182W	0.74029
1240	YKR068C	0.74023
1241	YPR025C	0.74021
1242	YML116W	0.74018
1243	YDR055W	0.74017
1244	YBL042C	0.74016
1245	YLL009C	0.74015
1246	YDL128W	0.74013
1247	YHR005C	0.74012
1248	YER090W	0.74009
1249	YLR152C	0.74004
1250	YNL099C	0.74001
1251	YHR027C	0.73996
1252	YHR037W	0.73987
1253	YML021C	0.73976
1254	YDL205C	0.73965
1255	YGL201C	0.7396
1256	YOL112W	0.73945
1257	YLR286C	0.73944
1258	YBR295W	0.73942
1259	YML075C	0.73935
1260	YPL208W	0.73934
1261	YBR043C	0.7392
1262	YKR066C	0.73918
1263	YLL060C	0.73918
1264	YMR292W	0.73905
1265	YKL094W	0.73897
1266	YGL171W	0.73894
1267	YKL160W	0.73885
1268	YHR047C	0.73884
1269	YOL132W	0.73868
1270	YOL077C	0.73865
1271	YFR050C	0.73863
1272	YLR189C	0.73855
1273	YOR101W	0.73841
1274	YNR074C	0.73834
1275	YIL001W	0.73829
1276	YMR322C	0.73808
1277	YLR220W	0.73808
1278	YJR016C	0.73798
1279	YER074W-A	0.73795
1280	YPR127W	0.73791
1281	YKR018C	0.73788
1282	YER185W	0.73784
1283	YOL090W	0.73776
1284	YNL154C	0.73773
1285	YOR091W	0.7376
1286	YGR285C	0.73753
1287	YOR009W	0.73742
1288	YDR297W	0.73741
1289	YCR037C	0.73737
1290	YPL246C	0.73737
1291	YDL036C	0.73722
1292	YER019W	0.73721
1293	YCL026C-B	0.73715
1294	YOR163W	0.73713
1295	YNL069C	0.73704
1296	YOL041C	0.73697
1297	YIL133C	0.73694
1298	YBR242W	0.7369
1299	YDL133C-A	0.73686
1300	YDL184C	0.73686
1301	YBR264C	0.73686
1302	YMR099C	0.73669
1303	YGL220W	0.73654
1304	YLR401C	0.7365
1305	YNL087W	0.73641
1306	YBR267W	0.73639
1307	YLR398C	0.73638
1308	YDR381W	0.73634
1309	YGL106W	0.73623
1310	YBR245C	0.73614
1311	YFL030W	0.73606
1312	YOR192C	0.736
1313	YLL061W	0.73595
1314	YDL052C	0.73593
1315	YLR326W	0.73581
1316	YNL021W	0.73575
1317	YIL124W	0.73574
1318	YDR415C	0.73553
1319	YDR093W	0.73552
1320	YDR328C	0.73547
1321	YEL064C	0.73547
1322	YPL275W	0.73542
1323	YPL262W	0.73535
1324	YCR011C	0.73526
1325	YPR160W	0.73513
1326	YIR034C	0.73501
1327	YLR009W	0.7348
1328	YPL264C	0.73462
1329	YJL080C	0.73461
1330	YLL057C	0.73453
1331	YGL043W	0.73452
1332	YDR429C	0.73451
1333	YDR545W	0.7345
1334	YLR467W	0.7345
1335	YOR396W	0.7345
1336	YDR539W	0.73441
1337	YDR074W	0.7344
1338	YGL009C	0.73436
1339	YHR069C	0.73435
1340	YER143W	0.73432
1341	YMR022W	0.73428
1342	YCL054W	0.73427
1343	YCR017C	0.7342
1344	YDR127W	0.73419
1345	YMR173W-A	0.73396
1346	YKL081W	0.73392
1347	YLR285W	0.73387
1348	YMR238W	0.73384
1349	YDR465C	0.73383
1350	YFL037W	0.73381
1351	YFL067W	0.73377
1352	YDL049C	0.73374
1353	YBL113C	0.73369
1354	YBR287W	0.73365
1355	YNL082W	0.73365
1356	YIL121W	0.73355
1357	YJL212C	0.73347
1358	YGL130W	0.73341
1359	YBL021C	0.73336
1360	YER126C	0.73331
1361	YPR107C	0.73325
1362	YER152C	0.73321
1363	YCL073C	0.73318
1364	YMR071C	0.7329
1365	YOR358W	0.73284
1366	YEL001C	0.73271
1367	YPL211W	0.7326
1368	YOR394W	0.73253
1369	YPL282C	0.73253
1370	YOL140W	0.73252
1371	YOR071C	0.73244
1372	YHL034C	0.73238
1373	Q0250	0.73232
1374	YDR280W	0.73222
1375	YMR178W	0.73221
1376	YOR074C	0.7322
1377	YDL213C	0.73211
1378	YIL166C	0.73192
1379	YMR054W	0.73192
1380	YPR088C	0.73183
1381	YDR007W	0.73173
1382	YBL057C	0.7317
1383	YFL002C	0.73162
1384	YKR106W	0.73144
1385	YIR028W	0.73137
1386	YNL093W	0.73136
1387	YBR111C	0.73134
1388	YNR032W	0.73133
1389	YLR369W	0.7313
1390	YPL059W	0.73123
1391	YHR111W	0.73102
1392	YIR012W	0.73098
1393	YHR039C	0.73078
1394	YIL103W	0.73073
1395	YOL124C	0.73063
1396	YBR198C	0.73061
1397	YBR008C	0.73045
1398	YDL051W	0.7302
1399	YAL029C	0.73013
1400	YCR027C	0.73011
1401	YKL021C	0.73009
1402	YMR210W	0.72997
1403	YCL033C	0.72995
1404	YKL191W	0.72994
1405	YGR296W	0.72986
1406	YPL283C	0.72983
1407	YBR025C	0.72978
1408	YOL064C	0.72972
1409	YPL012W	0.72966
1410	YBR115C	0.72965
1411	YNL339C	0.72963
1412	YMR006C	0.72962
1413	YDL155W	0.72939
1414	YML125C	0.72935
1415	YER142C	0.72927
1416	YEL050C	0.72926
1417	YGR012W	0.72926
1418	YDR270W	0.72926
1419	YHR024C	0.72924
1420	YKL151C	0.72918
1421	YCR051W	0.72907
1422	YLR181C	0.72906
1423	YNL023C	0.72894
1424	YNL148C	0.72886
1425	YMR301C	0.72886
1426	YFL017C	0.72882
1427	YHR025W	0.72875
1428	YGR082W	0.72844
1429	YJL174W	0.72814
1430	YML035C	0.72813
1431	YLR197W	0.72799
1432	YEL003W	0.72791
1433	YNL075W	0.72781
1434	YKL028W	0.72762
1435	YDL230W	0.7276
1436	YLR222C	0.72759
1437	YDR077W	0.72737
1438	YNL323W	0.72736
1439	YLR168C	0.7272
1440	YLL055W	0.72699
1441	YPR149W	0.72696
1442	YLR231C	0.72688
1443	YGR213C	0.72685
1444	YGL163C	0.72669
1445	YOL016C	0.72615
1446	YLR218C	0.72601
1447	YCL059C	0.72592
1448	YBL064C	0.72589
1449	YCR020C-A	0.72588
1450	YNR001C	0.72571
1451	YOR109W	0.72569
1452	YJL002C	0.72558
1453	YPR006C	0.72552
1454	YCR028C-A	0.72543
1455	YGR065C	0.72523
1456	YKR043C	0.72518
1457	YKL009W	0.72517
1458	YBL015W	0.72517
1459	YGL232W	0.7251
1460	YER175C	0.72479
1461	YHR100C	0.72477
1462	YAL035W	0.72464
1463	YOR126C	0.72462
1464	YJL160C	0.72441
1465	YJR058C	0.72432
1466	YPR019W	0.72425
1467	YFR006W	0.72408
1468	YLR351C	0.72393
1469	YGR028W	0.72381
1470	YOL125W	0.72381
1471	YGR007W	0.72378
1472	YGR292W	0.72375
1473	YOR339C	0.72368
1474	YER146W	0.72364
1475	YNR015W	0.72359
1476	YDR177W	0.72356
1477	YOL093W	0.72345
1478	YJL155C	0.72343
1479	YHR046C	0.72336
1480	YMR027W	0.7233
1481	YMR319C	0.72329
1482	YHR013C	0.72312
1483	YMR167W	0.7231
1484	YML086C	0.72307
1485	YDR009W	0.723
1486	YBL106C	0.72294
1487	YCR102C	0.72287
1488	YIR022W	0.72283
1489	YIL145C	0.72273
1490	YDR392W	0.72272
1491	YNR046W	0.72269
1492	YIL063C	0.72268
1493	YOR232W	0.72264
1494	YKR062W	0.72263
1495	YML054C	0.72259
1496	YFL001W	0.72259
1497	YHR104W	0.72256
1498	YBL023C	0.72246
1499	YNR055C	0.72231
1500	YMR229C	0.72231
1501	YOL068C	0.72223
1502	YBR214W	0.72212
1503	YHR143W-A	0.72208
1504	YIL075C	0.72206
1505	YMR271C	0.72206
1506	YBR265W	0.72204
1507	YJL145W	0.72203
1508	YBR299W	0.72192
1509	YBR003W	0.72179
1510	YPL010W	0.72168
1511	YJR121W	0.72154
1512	YDL007W	0.72146
1513	YLL028W	0.72142
1514	YGL050W	0.72139
1515	YFR031C-A	0.72127
1516	YIL018W	0.72127
1517	YJR001W	0.72124
1518	YMR239C	0.7212
1519	YMR304W	0.72105
1520	YKR050W	0.72104
1521	YLL058W	0.72089
1522	YER063W	0.72088
1523	YIR009W	0.72086
1524	YEL020C	0.7208
1525	YHR021C	0.72065
1526	YML010W	0.72065
1527	YGL139W	0.72063
1528	YMR250W	0.72059
1529	YDR025W	0.72033
1530	YBR048W	0.72033
1531	YOL165C	0.72016
1532	YBR079C	0.72004
1533	YIL165C	0.72001
1534	YOR136W	0.72001
1535	YGL206C	0.71998
1536	YPL213W	0.71987
1537	YML072C	0.71976
1538	YGR204W	0.71975
1539	YHR129C	0.71972
1540	YLR291C	0.7197
1541	YDL080C	0.71955
1542	YLL025W	0.71951
1543	YHL036W	0.71942
1544	YHR190W	0.71931
1545	YBL091C-A	0.71931
1546	YBR052C	0.71927
1547	YBR021W	0.71905
1548	YBR058C	0.71904
1549	YKL197C	0.719
1550	YKL128C	0.71896
1551	YGL054C	0.71878
1552	YJL081C	0.71872
1553	YLL053C	0.71861
1554	YDL087C	0.71846
1555	YMR138W	0.71846
1556	YHR031C	0.71844
1557	YML126C	0.71842
1558	YLR441C	0.71834
1559	YNL081C	0.71832
1560	YDR324C	0.71824
1561	YOR145C	0.71817
1562	YKR024C	0.71811
1563	YOR087W	0.71808
1564	YKL107W	0.71788
1565	YOR341W	0.71783
1566	YNL207W	0.7178
1567	YDR402C	0.71778
1568	YPR056W	0.71765
1569	YJL153C	0.71754
1570	YLR037C	0.7175
1571	YLR138W	0.71724
1572	YNL020C	0.71715
1573	YJL088W	0.71714
1574	YFR028C	0.71706
1575	YBR166C	0.71703
1576	YML101C	0.71702
1577	YEL020W-A	0.71696
1578	YJL068C	0.71694
1579	YLL029W	0.71692
1580	YBL011W	0.71685
1581	YGL047W	0.71674
1582	YMR220W	0.71669
1583	YOR048C	0.71666
1584	YAL067C	0.71644
1585	YMR224C	0.71622
1586	YPR073C	0.71621
1587	YEL024W	0.7162
1588	YIL168W	0.71611
1589	YPR002W	0.71605
1590	YGR083C	0.71603
1591	YML063W	0.71599
1592	YNR071C	0.71596
1593	YDR456W	0.71594
1594	YDR337W	0.71591
1595	YLR343W	0.71585
1596	YOL103W	0.71575
1597	YDR237W	0.71559
1598	YGR197C	0.71557
1599	YLR399C	0.71557
1600	YLR460C	0.71554
1601	YDR264C	0.71554
1602	YOR206W	0.71547
1603	YDR384C	0.7154
1604	YPL004C	0.71532
1605	YLR126C	0.7153
1606	YOR262W	0.71524
1607	YPR118W	0.71522
1608	YHR088W	0.71491
1609	YNL137C	0.71487
1610	YGL006W	0.71487
1611	YBR189W	0.71485
1612	YMR049C	0.71467
1613	YGL196W	0.71465
1614	YIL120W	0.71455
1615	YLR137W	0.71431
1616	YGR199W	0.71428
1617	YGR138C	0.71426
1618	YOL092W	0.71418
1619	YOL060C	0.71393
1620	YPR032W	0.71391
1621	YBL017C	0.71368
1622	YPL048W	0.71358
1623	YIL062C	0.71347
1624	YDR060W	0.71335
1625	YJR074W	0.71322
1626	YKL172W	0.7132
1627	YCR087C-A	0.71316
1628	YDR380W	0.71302
1629	YLR451W	0.71292
1630	YNL178W	0.71291
1631	YML014W	0.71287
1632	YOL011W	0.7128
1633	YKR076W	0.71277
1634	YKL156W	0.71272
1635	YMR113W	0.71234
1636	YPR112C	0.71222
1637	YBR149W	0.71219
1638	YCR028C	0.71202
1639	YDR144C	0.71185
1640	YJL125C	0.71184
1641	YGR001C	0.71176
1642	YDL085C-A	0.71176
1643	YNL307C	0.71171
1644	YGR247W	0.71159
1645	YOL110W	0.71154
1646	YER044C	0.7115
1647	YOR265W	0.71144
1648	YGR005C	0.7114
1649	YDL212W	0.71137
1650	YPL173W	0.71133
1651	YOR306C	0.71116
1652	YDL092W	0.71116
1653	YJR032W	0.71106
1654	YOR116C	0.71093
1655	YER162C	0.71086
1656	YMR009W	0.71083
1657	YDL037C	0.71069
1658	YKL027W	0.71057
1659	YPL081W	0.71055
1660	YBL007C	0.7105
1661	YJR123W	0.71047
1662	YGR004W	0.71043
1663	YNL121C	0.71041
1664	YDR063W	0.7103
1665	YKL004W	0.71026
1666	YBR146W	0.71008
1667	YLR117C	0.70987
1668	YLR192C	0.70985
1669	YGL012W	0.70982
1670	YMR093W	0.70981
1671	YHR210C	0.70973
1672	YDR135C	0.70968
1673	YOL129W	0.70954
1674	YOR304W	0.70941
1675	YDL085W	0.70934
1676	YNL292W	0.70922
1677	YIL088C	0.70915
1678	YGR103W	0.70915
1679	YMR286W	0.70915
1680	YOR010C	0.70908
1681	YIR008C	0.70891
1682	YFR021W	0.70888
1683	YHR026W	0.70882
1684	YEL052W	0.70881
1685	YHR168W	0.70877
1686	YLR253W	0.70873
1687	YER134C	0.70861
1688	YNR016C	0.70861
1689	YNL072W	0.70851
1690	YJL179W	0.70851
1691	YFR051C	0.7085
1692	YFL020C	0.70848
1693	YJR124C	0.70847
1694	YPL134C	0.70845
1695	YKL170W	0.70837
1696	YOL119C	0.70835
1697	YDR287W	0.70835
1698	YJL222W	0.70834
1699	YOL114C	0.70817
1700	YDR513W	0.70805
1701	YMR132C	0.70803
1702	YLR411W	0.70792
1703	YBR092C	0.70788
1704	YBL056W	0.70788
1705	YBR073W	0.70784
1706	YHR132C	0.70778
1707	YDR452W	0.70774
1708	YPL046C	0.70771
1709	YPL095C	0.70771
1710	YOL154W	0.70761
1711	YGL156W	0.70754
1712	YDR056C	0.70748
1713	YKR081C	0.70743
1714	YOR036W	0.7074
1715	YIL173W	0.70727
1716	YMR268C	0.70725
1717	YOL012C	0.70722
1718	YAR035W	0.70715
1719	YGL208W	0.70676
1720	YLR262C	0.70671
1721	YJR015W	0.7067
1722	YKL126W	0.70665
1723	YDL136W	0.7066
1724	YDL191W	0.7066
1725	YOR222W	0.70657
1726	YMR288W	0.70646
1727	YIL155C	0.70628
1728	YBR039W	0.70619
1729	YBR237W	0.70613
1730	YCR002C	0.70611
1731	YPR163C	0.70608
1732	YHR214W	0.70599
1733	YAR066W	0.70599
1734	YKL029C	0.7059
1735	YJL024C	0.70588
1736	YPR003C	0.70583
1737	YPR156C	0.70571
1738	YOL075C	0.70566
1739	YMR325W	0.70554
1740	YLR178C	0.70553
1741	YGR245C	0.7055
1742	YDL138W	0.70546
1743	YLR014C	0.70541
1744	YOR001W	0.7054
1745	YJL005W	0.7054
1746	YBL105C	0.70534
1747	YCL026C-A	0.70518
1748	YOR040W	0.70511
1749	YGR224W	0.70505
1750	YMR296C	0.70503
1751	YOR384W	0.70501
1752	YKL181W	0.70498
1753	YML115C	0.70496
1754	YPL153C	0.70494
1755	YBR228W	0.70492
1756	YML004C	0.70479
1757	YLR307W	0.70478
1758	YDR013W	0.70477
1759	YPL151C	0.70474
1760	YGR181W	0.70468
1761	YLR410W	0.70466
1762	YER030W	0.70463
1763	YPR159W	0.7045
1764	YPL042C	0.7045
1765	YOR011W	0.7045
1766	YJR130C	0.70447
1767	YGL063W	0.70439
1768	YEL032W	0.70433
1769	YGR125W	0.70432
1770	YFL048C	0.7042
1771	YOL137W	0.70394
1772	YGL143C	0.70394
1773	YOR084W	0.70376
1774	YKR070W	0.70371
1775	YOR063W	0.7037
1776	YNR048W	0.70368
1777	YGL028C	0.70367
1778	YBR202W	0.70367
1779	YGR063C	0.70365
1780	YOR286W	0.70356
1781	YDL042C	0.70355
1782	YPL017C	0.70353
1783	YPL214C	0.70352
1784	YHL003C	0.70344
1785	YNL302C	0.70341
1786	YBR200W	0.7034
1787	YER082C	0.7033
1788	YDL141W	0.70321
1789	YNL007C	0.70317
1790	YPR121W	0.70315
1791	YAL039C	0.70311
1792	YOL059W	0.7031
1793	YGL114W	0.70307
1794	YHR066W	0.70306
1795	YLR447C	0.70297
1796	YDR165W	0.70295
1797	YLR056W	0.70294
1798	YIL033C	0.70286
1799	YKL224C	0.70273
1800	YJL130C	0.7025
1801	YGR260W	0.70243
1802	YJL104W	0.70241
1803	YER156C	0.70235
1804	YJL124C	0.70235
1805	YPL236C	0.70216
1806	YMR262W	0.70215
1807	YER011W	0.7021
1808	YNL016W	0.70207
1809	YNL106C	0.70197
1810	YCL036W	0.70196
1811	YOL163W	0.70175
1812	YMR308C	0.70171
1813	YGL101W	0.70161
1814	YOR110W	0.7016
1815	YLR214W	0.70148
1816	YMR038C	0.70115
1817	YER168C	0.70115
1818	YEL002C	0.70114
1819	YEL056W	0.70111
1820	YIR041W	0.70106
1821	YLL011W	0.70101
1822	YKR067W	0.70075
1823	YBR243C	0.70073
1824	YBR199W	0.70069
1825	YLR004C	0.70052
1826	YOR155C	0.7005
1827	YOL121C	0.70045
1828	YPR104C	0.70039
1829	YNL160W	0.70027
1830	YOL034W	0.70021
1831	YER183C	0.70016
1832	YKL207W	0.70012
1833	YNR034W-A	0.70011
1834	YKR104W	0.70004
1835	YKR074W	0.69996
1836	YGL037C	0.69988
1837	YFR048W	0.69979
1838	YPR186C	0.69972
1839	YPL067C	0.69971
1840	YNR027W	0.69962
1841	YOR370C	0.69954
1842	YOR367W	0.69949
1843	YGR029W	0.69938
1844	Q0085	0.69936
1845	YAL007C	0.6993
1846	YKL119C	0.69924
1847	YBR014C	0.6992
1848	YLR418C	0.69916
1849	YOR207C	0.69907
1850	YHR108W	0.69893
1851	YNL088W	0.69875
1852	YIL114C	0.69869
1853	YBL038W	0.69861
1854	YKL161C	0.69857
1855	YBR139W	0.69856
1856	YHR032W	0.69854
1857	YOL127W	0.69849
1858	YHR028C	0.69839
1859	YPR024W	0.69833
1860	YGR195W	0.69832
1861	YOR285W	0.69824
1862	YOR383C	0.6982
1863	YGL238W	0.69812
1864	YPL006W	0.69805
1865	YER164W	0.69802
1866	YNL312W	0.69797
1867	YFL008W	0.69794
1868	YDL194W	0.69782
1869	YIL014W	0.69776
1870	YNL293W	0.69771
1871	YGL205W	0.69764
1872	YHR113W	0.6975
1873	YOR181W	0.69742
1874	YPL170W	0.69735
1875	YOL023W	0.69734
1876	YLR449W	0.69731
1877	YGR031W	0.69728
1878	YDR140W	0.69717
1879	YGR187C	0.69717
1880	YPR054W	0.69708
1881	YDR400W	0.69702
1882	YPL239W	0.69701
1883	YML074C	0.69687
1884	YER172C	0.69677
1885	YFL060C	0.69675
1886	YDL093W	0.69668
1887	YOL115W	0.69664
1888	YAL053W	0.69662
1889	YBR067C	0.69653
1890	YAR042W	0.69641
1891	YGL186C	0.69635
1892	YLR196W	0.69634
1893	YKL091C	0.69632
1894	YOR351C	0.69628
1895	YCR104W	0.6961
1896	YNL001W	0.69594
1897	YIL125W	0.69579
1898	YGR145W	0.69574
1899	YBR029C	0.69573
1900	YNR019W	0.69573
1901	YMR214W	0.69568
1902	YMR251W	0.69551
1903	YNL040W	0.69547
1904	YGR232W	0.69543
1905	YER027C	0.69543
1906	YCR084C	0.69526
1907	YNL334C	0.69514
1908	YML121W	0.69513
1909	YDR522C	0.69507
1910	YPL227C	0.69506
1911	YKL039W	0.69505
1912	YIL099W	0.69495
1913	YLR163C	0.6949
1914	YNL247W	0.6949
1915	YOR273C	0.69489
1916	YDR346C	0.6948
1917	YER013W	0.69476
1918	YDR322C-A	0.69452
1919	YJR131W	0.69452
1920	YFR025C	0.69441
1921	YGL029W	0.69429
1922	YBR103W	0.69418
1923	YHL046C	0.69404
1924	YNL246W	0.69403
1925	YNL240C	0.69402
1926	YBR227C	0.69399
1927	YMR194W	0.69398
1928	YDR109C	0.69394
1929	YKL096W	0.69389
1930	YPR180W	0.69385
1931	YNL313C	0.69375
1932	YLL041C	0.69373
1933	YOR250C	0.69372
1934	YIR026C	0.69371
1935	YJR150C	0.69368
1936	YER004W	0.69343
1937	YDL019C	0.69337
1938	YDR490C	0.69329
1939	YBR053C	0.69328
1940	YFR005C	0.69323
1941	YDL110C	0.6932
1942	YHR008C	0.69314
1943	YPL110C	0.69314
1944	YML110C	0.69313
1945	YHR063C	0.69312
1946	YAL044C	0.69309
1947	YMR244C-A	0.69303
1948	YOR056C	0.69292
1949	YJR064W	0.69292
1950	YPL206C	0.69273
1951	YPL122C	0.69261
1952	YDR362C	0.69258
1953	YOL130W	0.69253
1954	YDR170C	0.69233
1955	YML025C	0.6923
1956	YBR137W	0.69228
1957	YMR095C	0.69218
1958	YDR331W	0.69209
1959	YLR378C	0.69187
1960	YDR487C	0.69177
1961	YLR210W	0.69161
1962	YGR024C	0.69156
1963	YJR137C	0.69156
1964	YOL002C	0.69154
1965	YGL055W	0.69145
1966	YER017C	0.69144
1967	YKR079C	0.69139
1968	YJR113C	0.69138
1969	YPL117C	0.69132
1970	YLR078C	0.6913
1971	YBL108C-A	0.69128
1972	YGL261C	0.69128
1973	YAL068C	0.69128
1974	YHL039W	0.69125
1975	YNL229C	0.69119
1976	YGR294W	0.69112
1977	YBR093C	0.69106
1978	YLR008C	0.69102
1979	YDR191W	0.69094
1980	YBR069C	0.69065
1981	YMR272C	0.69048
1982	YGR131W	0.69043
1983	YDL072C	0.69042
1984	YDR211W	0.6904
1985	YLR461W	0.69038
1986	YPR028W	0.69018
1987	YLR003C	0.68991
1988	YCR069W	0.68979
1989	YLR212C	0.68957
1990	YOR271C	0.68954
1991	YPL249C-A	0.68951
1992	YDL193W	0.68939
1993	YFL042C	0.68939
1994	YHR215W	0.68932
1995	YMR085W	0.68928
1996	YDR524C-B	0.68928
1997	YAR071W	0.68915
1998	YJR141W	0.68915
1999	YMR197C	0.68898
2000	YNL024C	0.68895
2001	YBR094W	0.68883
2002	YBR177C	0.68883
2003	YNL306W	0.68877
2004	YIL108W	0.68876
2005	YNL194C	0.68876
2006	YER042W	0.68875
2007	YOR125C	0.68875
2008	YNL022C	0.68867
2009	YMR123W	0.68865
2010	YDR542W	0.68862
2011	YBR301W	0.68856
2012	YMR131C	0.68854
2013	YKL073W	0.68854
2014	YNR076W	0.68852
2015	YLL064C	0.68852
2016	YJR116W	0.68851
2017	YOL049W	0.68848
2018	YER016W	0.68842
2019	YLR066W	0.68841
2020	YMR253C	0.6884
2021	YLR412W	0.68839
2022	YMR196W	0.68833
2023	YJL074C	0.68816
2024	YEL004W	0.68804
2025	YLR241W	0.68802
2026	YML005W	0.68767
2027	YPL113C	0.68756
2028	YMR152W	0.68755
2029	YPR128C	0.6875
2030	YCL011C	0.68742
2031	YER005W	0.68741
2032	YNL192W	0.6873
2033	YDR336W	0.68687
2034	YDR312W	0.68664
2035	YBR041W	0.68655
2036	YDL145C	0.68651
2037	YNL130C	0.68642
2038	YKR105C	0.68638
2039	YHL004W	0.68633
2040	YIL016W	0.68623
2041	YNL153C	0.68622
2042	YOR172W	0.68616
2043	YJR107W	0.6861
2044	YLR089C	0.68606
2045	YLR276C	0.68601
2046	YGR095C	0.686
2047	YKL135C	0.686
2048	YKR001C	0.68597
2049	YGL144C	0.68594
2050	YDR058C	0.68588
2051	YNR051C	0.68584
2052	YER049W	0.68583
2053	YNL059C	0.6858
2054	YMR193W	0.68577
2055	YAL016W	0.68574
2056	YNL177C	0.68568
2057	YJL134W	0.68558
2058	YJR125C	0.6855
2059	YNR054C	0.68548
2060	YLR100W	0.68537
2061	YML055W	0.68536
2062	YDL090C	0.68524
2063	YCL064C	0.6852
2064	YDL150W	0.68513
2065	YNR017W	0.68512
2066	YEL049W	0.685
2067	YLR174W	0.68481
2068	YML038C	0.68461
2069	YOR215C	0.6845
2070	YDR145W	0.68434
2071	YLR335W	0.68432
2072	YBR205W	0.68427
2073	YKL212W	0.6842
2074	YHR191C	0.68388
2075	YOR294W	0.68377
2076	YJL042W	0.68349
2077	YDR188W	0.68346
2078	YIL083C	0.68345
2079	YBR002C	0.68345
2080	YOR272W	0.68343
2081	YPR120C	0.68341
2082	YNL101W	0.68338
2083	YLR284C	0.68337
2084	YPR133C	0.68337
2085	YML030W	0.68331
2086	YPR010C	0.6832
2087	YNL248C	0.68317
2088	YBR236C	0.68315
2089	YKL150W	0.68315
2090	YLR345W	0.68306
2091	YOR291W	0.68304
2092	YNL223W	0.68303
2093	YLR275W	0.68301
2094	YPL088W	0.68297
2095	YGR162W	0.68293
2096	YIL011W	0.68272
2097	YMR089C	0.68265
2098	YDR514C	0.68255
2099	YOR303W	0.68251
2100	YPR047W	0.68249
2101	YJL223C	0.68246
2102	YIL176C	0.68246
2103	YCR075W-A	0.68244
2104	YFL050C	0.6824
2105	YDR105C	0.68233
2106	YDL078C	0.68225
2107	YOL062C	0.68219
2108	YMR208W	0.68211
2109	YDL031W	0.68209
2110	Q0045	0.68203
2111	YDL109C	0.68201
2112	YDR100W	0.682
2113	YMR200W	0.68189
2114	YGL187C	0.68188
2115	YDR313C	0.68182
2116	YOR162C	0.68181
2117	YDR243C	0.68176
2118	YBL061C	0.68176
2119	YPL002C	0.68175
2120	YHR187W	0.68172
2121	YGL044C	0.68162
2122	YCR061W	0.6816
2123	YNL243W	0.68146
2124	YHR121W	0.68142
2125	YDR332W	0.68138
2126	YNR057C	0.6812
2127	YPR082C	0.68111
2128	YFR018C	0.68107
2129	YNR011C	0.68091
2130	YNL275W	0.68083
2131	YMR225C	0.68081
2132	YHR123W	0.68079
2133	YDL057W	0.68068
2134	YFR038W	0.68058
2135	YLR086W	0.68057
2136	YGR193C	0.68055
2137	YPL217C	0.68053
2138	YLR364W	0.68046
2139	YBR023C	0.68032
2140	YLR203C	0.6802
2141	YPR058W	0.68014
2142	YLR435W	0.68011
2143	YKL215C	0.68009
2144	YDL104C	0.68007
2145	YOR307C	0.68004
2146	YNL049C	0.67998
2147	YBR167C	0.67997
2148	YOL010W	0.67995
2149	YJL177W	0.67994
2150	YKL202W	0.67991
2151	YDL190C	0.67991
2152	YFL044C	0.6799
2153	YER010C	0.67988
2154	YBL018C	0.67985
2155	YBL098W	0.67981
2156	YOR103C	0.6797
2157	YER170W	0.67957
2158	YGR276C	0.67944
2159	YHR052W	0.67923
2160	YPR011C	0.67915
2161	YHR033W	0.6791
2162	YKR014C	0.67907
2163	YDR257C	0.67901
2164	YMR317W	0.67901
2165	YIR038C	0.67901
2166	YDR084C	0.67888
2167	YDR236C	0.67883
2168	YCL048W-A	0.67871
2169	YLR361C	0.67867
2170	YHR034C	0.67859
2171	YBR192W	0.67856
2172	YER176W	0.67855
2173	YGR243W	0.67852
2174	YKL096W-A	0.67851
2175	YPL207W	0.67846
2176	YOR176W	0.67843
2177	YNL256W	0.6784
2178	YOR311C	0.67839
2179	YGR271W	0.67835
2180	YHR194W	0.67824
2181	YBL089W	0.67819
2182	YNL107W	0.67817
2183	YOR173W	0.67812
2184	YJR057W	0.67808
2185	YGL040C	0.67807
2186	YIL022W	0.67806
2187	YPR190C	0.67803
2188	YER150W	0.67801
2189	YOL009C	0.67799
2190	YLR118C	0.67795
2191	YAL021C	0.67794
2192	YPL224C	0.67789
2193	YGR172C	0.67788
2194	YOR054C	0.67782
2195	YKL022C	0.67778
2196	YHR002W	0.67777
2197	YOL020W	0.6775
2198	YJR154W	0.67747
2199	YOL161C	0.67739
2200	YBR254C	0.67729
2201	YLR389C	0.67721
2202	YCR023C	0.67719
2203	YLL023C	0.67712
2204	YKL180W	0.67711
2205	YPR100W	0.6771
2206	YKL084W	0.67706
2207	YBR220C	0.67689
2208	YPR119W	0.67668
2209	YDL120W	0.67665
2210	YGL004C	0.67665
2211	YFR024C-A	0.67659
2212	YGR262C	0.67658
2213	YFL004W	0.6764
2214	YOL065C	0.67631
2215	YPR140W	0.67623
2216	YIR039C	0.67611
2217	YDR399W	0.67605
2218	YJL186W	0.67584
2219	YIL091C	0.67584
2220	YNL079C	0.67583
2221	YDR164C	0.67581
2222	YAL019W	0.67579
2223	YHR161C	0.67574
2224	YDR117C	0.67571
2225	YAL009W	0.67566
2226	YKR053C	0.67561
2227	YIR023W	0.67542
2228	YDL132W	0.67538
2229	YPL008W	0.67537
2230	YML120C	0.67527
2231	YBR183W	0.67525
2232	YCL074W	0.67523
2233	YOR018W	0.67522
2234	YDR051C	0.67521
2235	YGR277C	0.6752
2236	YOR340C	0.67515
2237	YLR300W	0.67513
2238	YDL033C	0.67511
2239	YPL097W	0.67476
2240	YPR172W	0.67474
2241	YNR036C	0.67474
2242	YNR067C	0.67467
2243	YNL168C	0.67466
2244	YBR151W	0.67465
2245	YGL194C	0.6746
2246	YDR365C	0.67457
2247	YBR096W	0.67456
2248	YNL190W	0.67455
2249	YDR161W	0.67453
2250	YKL007W	0.6745
2251	YOR201C	0.67443
2252	YOR251C	0.67439
2253	YOR233W	0.67438
2254	YJL078C	0.67435
2255	YHR176W	0.67421
2256	YHR040W	0.67415
2257	YMR269W	0.67414
2258	YCR094W	0.67414
2259	YOR261C	0.67408
2260	YCR045C	0.67402
2261	YGR203W	0.67398
2262	YOL096C	0.67394
2263	YMR001C	0.67392
2264	YFL009W	0.67391
2265	YFL052W	0.6739
2266	YHR175W	0.67386
2267	YLR405W	0.6738
2268	YGL033W	0.67375
2269	YNL252C	0.67369
2270	YDL018C	0.67367
2271	YML068W	0.67367
2272	YLR421C	0.67366
2273	YNL163C	0.67363
2274	YLR357W	0.67355
2275	YDR293C	0.67346
2276	YGL111W	0.6734
2277	YJR112W-A	0.6734
2278	YMR228W	0.67337
2279	YBL101C	0.67335
2280	YIL015W	0.67335
2281	YLR188W	0.67328
2282	YHR076W	0.67323
2283	YDL217C	0.67321
2284	YNR012W	0.67321
2285	YHL018W	0.67312
2286	YHR124W	0.67312
2287	YDL171C	0.67311
2288	YPR060C	0.67311
2289	YDR433W	0.673
2290	YIL039W	0.6727
2291	YNL045W	0.67264
2292	YMR041C	0.67244
2293	YOR246C	0.67239
2294	YJR132W	0.67231
2295	YAL001C	0.67231
2296	YBR176W	0.67227
2297	YBR101C	0.67226
2298	YPL133C	0.67226
2299	YPL092W	0.67217
2300	YHR072W	0.67216
2301	YPL090C	0.67208
2302	YBR181C	0.67208
2303	YDL040C	0.672
2304	YHL032C	0.67198
2305	YCL069W	0.67184
2306	YFR032C	0.67175
2307	YGR093W	0.67169
2308	YHL017W	0.67169
2309	YOR034C	0.6716
2310	YMR201C	0.6716
2311	YDR432W	0.67159
2312	YBR024W	0.67153
2313	YML065W	0.67141
2314	YGL251C	0.6714
2315	YJR117W	0.67139
2316	YKL087C	0.67137
2317	YPR094W	0.67136
2318	YFL034C-B	0.67126
2319	YHR117W	0.67087
2320	YCR046C	0.67077
2321	YOR021C	0.67074
2322	YCR020C	0.67072
2323	YHR091C	0.6707
2324	YOL147C	0.67066
2325	YOR052C	0.67062
2326	YNL206C	0.67047
2327	YKL192C	0.67044
2328	YER014W	0.67039
2329	YLR270W	0.67024
2330	YPR178W	0.67016
2331	YGL112C	0.67013
2332	YGR047C	0.67005
2333	YKL103C	0.66997
2334	YDR531W	0.66992
2335	YKR025W	0.66986
2336	YOR164C	0.66986
2337	YOR274W	0.66983
2338	YDR306C	0.66971
2339	YHR049W	0.66971
2340	YPR144C	0.66965
2341	YLR150W	0.66961
2342	YML087C	0.66929
2343	YJL168C	0.66928
2344	YDR477W	0.66916
2345	YOR165W	0.66904
2346	YGL178W	0.66904
2347	YGL095C	0.66901
2348	YDR263C	0.669
2349	YGL049C	0.66891
2350	YNL129W	0.66879
2351	YIL126W	0.66876
2352	YKL154W	0.6687
2353	YHR164C	0.66864
2354	YIL110W	0.66863
2355	YDR444W	0.66851
2356	YOR382W	0.66841
2357	YGR078C	0.66839
2358	YPR153W	0.66839
2359	YDL202W	0.66835
2360	YNL237W	0.66835
2361	YBR010W	0.66831
2362	YFR033C	0.66823
2363	YNR008W	0.66812
2364	YMR302C	0.66811
2365	YDR518W	0.6681
2366	YCL045C	0.66804
2367	YLR338W	0.66793
2368	YMR277W	0.66787
2369	YBL067C	0.66784
2370	YLL034C	0.66783
2371	YOL067C	0.66781
2372	YLR083C	0.6678
2373	YLR215C	0.66764
2374	YLL036C	0.66764
2375	YOR057W	0.66762
2376	YHR137W	0.66758
2377	YDR193W	0.66757
2378	YLR250W	0.66753
2379	YLR383W	0.66747
2380	YGR086C	0.66722
2381	YNL110C	0.66719
2382	YPR034W	0.66706
2383	YDR194C	0.66705
2384	YLR251W	0.66681
2385	YML105C	0.66658
2386	YLR144C	0.66649
2387	YEL029C	0.66644
2388	YPL082C	0.6664
2389	YMR149W	0.6664
2390	YBR061C	0.66626
2391	YPL001W	0.66624
2392	YDR142C	0.66621
2393	YPL249C	0.66608
2394	YBL102W	0.66605
2395	YNR058W	0.66597
2396	YDL039C	0.66586
2397	YOR216C	0.66586
2398	Q0050	0.66583
2399	YML082W	0.66581
2400	YPR191W	0.66581
2401	YPR188C	0.6658
2402	YHR181W	0.66575
2403	YPR143W	0.6655
2404	YLR022C	0.66549
2405	YDR438W	0.66543
2406	YLR450W	0.6654
2407	YOR118W	0.66537
2408	YDR421W	0.66535
2409	YMR101C	0.66531
2410	YDR173C	0.66514
2411	YOL052C	0.66504
2412	YLR316C	0.66499
2413	YJL196C	0.66494
2414	YJR061W	0.66491
2415	YNL212W	0.66489
2416	YFL028C	0.66486
2417	YER059W	0.66484
2418	YGR054W	0.66473
2419	YDL215C	0.66472
2420	YGR080W	0.66471
2421	YHR201C	0.66471
2422	YBL068W-A	0.66464
2423	YNL149C	0.66464
2424	YPL157W	0.66455
2425	YOR141C	0.66452
2426	YNR052C	0.66442
2427	YFR041C	0.66436
2428	YOR013W	0.66435
2429	YPL152W	0.66424
2430	YDR468C	0.66418
2431	YFL034W	0.66415
2432	YKL026C	0.66402
2433	YDR419W	0.66391
2434	YHR001W	0.66385
2435	YGL020C	0.6638
2436	YJL063C	0.66376
2437	YDL143W	0.66375
2438	YOR258W	0.66372
2439	YDR405W	0.66371
2440	YDR364C	0.66365
2441	YDL111C	0.66352
2442	YIR032C	0.66347
2443	YNL280C	0.66345
2444	YIL050W	0.66339
2445	YBR112C	0.66324
2446	YOL098C	0.66305
2447	YCR088W	0.66289
2448	YDR358W	0.66282
2449	YOL111C	0.66282
2450	YGR092W	0.66273
2451	YBL058W	0.66268
2452	YNL169C	0.66267
2453	YMR261C	0.66252
2454	YKR084C	0.66235
2455	YNL181W	0.66232
2456	YPL009C	0.66227
2457	YKR072C	0.66227
2458	YFR022W	0.66216
2459	YBL027W	0.66215
2460	YBR084C-A	0.66215
2461	YNL065W	0.66212
2462	YIL013C	0.66202
2463	YCR048W	0.66199
2464	YOL006C	0.66199
2465	YER100W	0.66198
2466	YDR256C	0.66193
2467	YDR268W	0.66186
2468	YHR003C	0.66181
2469	YML098W	0.66177
2470	YOR039W	0.66173
2471	YPL030W	0.66171
2472	YEL044W	0.66168
2473	YKL194C	0.66163
2474	YFL036W	0.66158
2475	YPL104W	0.66154
2476	YJR099W	0.66149
2477	YLR105C	0.66148
2478	YKL040C	0.66139
2479	YCR067C	0.66128
2480	YER066W	0.66128
2481	YPR147C	0.6612
2482	YKR048C	0.66115
2483	YDL207W	0.66114
2484	YLR272C	0.66105
2485	YIL041W	0.66089
2486	YGR255C	0.66081
2487	YPL190C	0.66073
2488	YBR210W	0.66063
2489	YIL046W	0.66059
2490	YDR441C	0.66043
2491	YNL063W	0.66007
2492	YLR108C	0.66006
2493	YDR411C	0.66006
2494	YGL241W	0.66001
2495	YKR055W	0.65995
2496	YOR280C	0.65991
2497	YPR184W	0.65989
2498	YGL184C	0.65984
2499	YLR446W	0.65978
2500	YHR048W	0.65974
2501	YLR308W	0.65967
2502	YDR097C	0.65964
2503	YLR099C	0.65938
2504	YGL155W	0.65936
2505	YMR012W	0.65925
2506	YAR018C	0.65925
2507	YMR234W	0.6592
2508	YJR008W	0.65919
2509	YDL148C	0.65905
2510	YCL048W	0.65902
2511	YBR091C	0.65898
2512	YLL001W	0.65897
2513	YDR189W	0.65895
2514	YLR072W	0.6589
2515	YNR029C	0.65885
2516	YDL177C	0.65883
2517	YPL215W	0.65879
2518	YKL041W	0.65875
2519	YGL236C	0.65864
2520	YKR069W	0.65844
2521	YHL008C	0.65842
2522	YMR310C	0.65828
2523	YHR219W	0.65826
2524	YLR020C	0.65824
2525	YGL164C	0.65822
2526	YPL273W	0.65813
2527	YBR207W	0.65808
2528	YNL003C	0.65804
2529	YGR143W	0.65804
2530	YER029C	0.65803
2531	YGR009C	0.65795
2532	YJL178C	0.65792
2533	YPL176C	0.6579
2534	YNL238W	0.65787
2535	YDL167C	0.65787
2536	YDL227C	0.65778
2537	YDR248C	0.6577
2538	YMR177W	0.65769
2539	YGR288W	0.65765
2540	YDR031W	0.65765
2541	YMR150C	0.6576
2542	YIL004C	0.65756
2543	YAL022C	0.6575
2544	YGR111W	0.65732
2545	YCR060W	0.6572
2546	YMR162C	0.65716
2547	YER001W	0.65708
2548	YDR305C	0.65708
2549	YJL183W	0.65698
2550	YER141W	0.6569
2551	YPR111W	0.65685
2552	YPR129W	0.65682
2553	YML077W	0.6568
2554	YNL284C	0.65669
2555	YHR189W	0.65668
2556	YMR104C	0.65667
2557	YKR095W-A	0.65665
2558	YGL003C	0.65641
2559	YPL194W	0.65638
2560	YMR128W	0.65633
2561	YDL060W	0.65632
2562	YNL316C	0.65629
2563	YNL155W	0.65627
2564	YKR092C	0.65625
2565	YOR132W	0.65622
2566	YGL173C	0.65619
2567	YJR129C	0.65609
2568	YOR252W	0.65605
2569	YER061C	0.65603
2570	YDR175C	0.65599
2571	YBR018C	0.65595
2572	YGR186W	0.65593
2573	YMR321C	0.65583
2574	YLR390W-A	0.6558
2575	YHR202W	0.65574
2576	YDR174W	0.65574
2577	YGL027C	0.65559
2578	YPL195W	0.65555
2579	YOR212W	0.65552
2580	YOR077W	0.6555
2581	YKL221W	0.65548
2582	YJR085C	0.65539
2583	YHR205W	0.65534
2584	YNL299W	0.65522
2585	YLL006W	0.6552
2586	YLR427W	0.65508
2587	YBR268W	0.65495
2588	YIR006C	0.65465
2589	YDL153C	0.65463
2590	YKL201C	0.6546
2591	YJL093C	0.65447
2592	YKR051W	0.65425
2593	YBR229C	0.65423
2594	YLR274W	0.65416
2595	YDR492W	0.6541
2596	YGL181W	0.65407
2597	YOL056W	0.65402
2598	YKL071W	0.654
2599	YJL096W	0.65394
2600	YJL139C	0.6539
2601	YKL051W	0.65386
2602	YER080W	0.65377
2603	YFL054C	0.65361
2604	YFR027W	0.6536
2605	YGR194C	0.65354
2606	YOR175C	0.65353
2607	YCL037C	0.65348
2608	YLL048C	0.65347
2609	YCR036W	0.6534
2610	YPL116W	0.6531
2611	YGR266W	0.65307
2612	YNL056W	0.65301
2613	YIL107C	0.65299
2614	YIL068C	0.65288
2615	YJL197W	0.65286
2616	YPR157W	0.65274
2617	YOR330C	0.65273
2618	YLR133W	0.65268
2619	YLR386W	0.65263
2620	YBR026C	0.65227
2621	YDL123W	0.65225
2622	YGL243W	0.65222
2623	YOL145C	0.6521
2624	YDR178W	0.65204
2625	YOR090C	0.65197
2626	YOR254C	0.65194
2627	YBR084W	0.65193
2628	YNL322C	0.65188
2629	YOL043C	0.65185
2630	YKL056C	0.6517
2631	YGR032W	0.65153
2632	YPL145C	0.6515
2633	YGL246C	0.65141
2634	YPL063W	0.6514
2635	YHL026C	0.65128
2636	YNL239W	0.65108
2637	YBR009C	0.65099
2638	YHR178W	0.65096
2639	YDR393W	0.6509
2640	YLR342W	0.65086
2641	YCR030C	0.65079
2642	YMR139W	0.65066
2643	YCL050C	0.65065
2644	YKL095W	0.65063
2645	YPL179W	0.65056
2646	YMR002W	0.65036
2647	YIL002C	0.65035
2648	YGR283C	0.65023
2649	YDR292C	0.65016
2650	YKL017C	0.65014
2651	YPL140C	0.65008
2652	YOL001W	0.65006
2653	YGL154C	0.65005
2654	YDR162C	0.64995
2655	YGR141W	0.64987
2656	YFL016C	0.64985
2657	YPR161C	0.64981
2658	YOL057W	0.64966
2659	YJL117W	0.6496
2660	YBL040C	0.6495
2661	YBR042C	0.64947
2662	YJR035W	0.64932
2663	YAL015C	0.6493
2664	YMR227C	0.64923
2665	YKL064W	0.64904
2666	YDR479C	0.64898
2667	YLR047C	0.64894
2668	YLR419W	0.64892
2669	YBR056W	0.6489
2670	YJR067C	0.64888
2671	YOL126C	0.64887
2672	YPL029W	0.64884
2673	YIL007C	0.64884
2674	YOR296W	0.6488
2675	YNL173C	0.64879
2676	YMR078C	0.64867
2677	YGL089C	0.6486
2678	YMR218C	0.64845
2679	YDL101C	0.64844
2680	YHR114W	0.64842
2681	YBR062C	0.64834
2682	YGR261C	0.64815
2683	YDR530C	0.64804
2684	YDR525W-A	0.64786
2685	YIL105C	0.64785
2686	YNL124W	0.64778
2687	YGL141W	0.64769
2688	YAL046C	0.64765
2689	YHR196W	0.64764
2690	YGL064C	0.64757
2691	YJR010W	0.64757
2692	YGR061C	0.64757
2693	YLR002C	0.64756
2694	YDL079C	0.64754
2695	YNL102W	0.64748
2696	YDR282C	0.64745
2697	YLR281C	0.64736
2698	YNL119W	0.64734
2699	YOR049C	0.64727
2700	YGL242C	0.64726
2701	YGL169W	0.64711
2702	YDL017W	0.64709
2703	YKR012C	0.64704
2704	YJR034W	0.64702
2705	YDR338C	0.64702
2706	YHR162W	0.6469
2707	YER051W	0.64682
2708	YPL210C	0.64674
2709	YLR455W	0.64667
2710	YKL008C	0.64666
2711	YOR016C	0.64665
2712	YBR180W	0.64659
2713	YDR363W-A	0.64656
2714	YER157W	0.6463
2715	YDR325W	0.64615
2716	YHR009C	0.64606
2717	YDR182W	0.64604
2718	YBL055C	0.64604
2719	YOR154W	0.64601
2720	YMR213W	0.64599
2721	YGL191W	0.64597
2722	YMR189W	0.64591
2723	YNL321W	0.64586
2724	YGR271C-A	0.64581
2725	YGL240W	0.64579
2726	YIL128W	0.64568
2727	YLR426W	0.64568
2728	YHR041C	0.64565
2729	YHR011W	0.64564
2730	YIL034C	0.64564
2731	YPL024W	0.64563
2732	YHR142W	0.64547
2733	YHR081W	0.64542
2734	YPL100W	0.64535
2735	YDR352W	0.64535
2736	YCR106W	0.6453
2737	YBL019W	0.64522
2738	YOR223W	0.6452
2739	YKR088C	0.64519
2740	YIL100C-A	0.64496
2741	YMR264W	0.64496
2742	YAR003W	0.64495
2743	YBR072W	0.64493
2744	YML097C	0.64493
2745	YLR114C	0.64483
2746	YAL033W	0.64478
2747	YLR143W	0.64475
2748	YOR167C	0.64473
2749	YNL062C	0.64472
2750	YKL065C	0.64469
2751	YLR264W	0.64468
2752	YJR098C	0.64463
2753	YDR523C	0.64455
2754	YMR033W	0.64442
2755	YJR149W	0.64436
2756	YPR066W	0.64435
2757	YPR189W	0.6443
2758	YMR309C	0.64428
2759	YBR125C	0.64426
2760	YJL115W	0.64424
2761	YBR104W	0.64422
2762	YDR067C	0.6442
2763	YLR390W	0.64418
2764	YLL062C	0.64403
2765	YHR062C	0.64401
2766	YKR060W	0.6439
2767	YNL025C	0.64388
2768	YJL010C	0.64384
2769	YLR452C	0.64384
2770	YJR040W	0.64381
2771	YKR052C	0.64377
2772	YOL135C	0.64375
2773	YDR061W	0.64359
2774	YLR025W	0.64359
2775	YHR115C	0.64356
2776	YIL111W	0.64353
2777	YLL015W	0.64345
2778	YOR219C	0.64341
2779	YDL195W	0.64337
2780	YBR055C	0.64331
2781	YIL167W	0.64325
2782	YFL031W	0.64311
2783	YNL251C	0.6431
2784	YJR133W	0.64298
2785	YDR107C	0.64292
2786	YPL053C	0.64288
2787	YLL012W	0.64288
2788	YJL082W	0.64284
2789	YDL063C	0.64276
2790	YPL196W	0.64273
2791	YGL166W	0.6427
2792	YDR493W	0.64269
2793	YIL113W	0.64268
2794	YNL317W	0.64264
2795	YNL272C	0.64263
2796	YJR005W	0.64256
2797	YPR201W	0.64251
2798	YCR042C	0.64243
2799	YNR041C	0.6424
2800	YOR100C	0.64236
2801	YMR188C	0.64228
2802	YNL032W	0.64226
2803	YGR136W	0.64221
2804	YOL113W	0.64216
2805	YJR013W	0.64214
2806	YPL164C	0.64213
2807	YJR078W	0.64209
2808	YNL308C	0.64206
2809	YGL045W	0.64205
2810	YLR115W	0.64187
2811	YPR091C	0.64183
2812	YJR052W	0.64175
2813	YIR015W	0.64173
2814	YPR197C	0.64163
2815	YBR223C	0.64157
2816	YIL157C	0.64156
2817	YGR178C	0.64148
2818	YHR075C	0.64145
2819	YDR330W	0.64138
2820	YBR283C	0.6413
2821	YML052W	0.64121
2822	YLR380W	0.6412
2823	YMR102C	0.64115
2824	YDL200C	0.64114
2825	YDL045W-A	0.64112
2826	YGL250W	0.64104
2827	YKL082C	0.64101
2828	YPL019C	0.641
2829	YNL282W	0.64099
2830	YNL002C	0.64098
2831	YJL129C	0.64098
2832	YEL055C	0.64098
2833	YKR071C	0.64097
2834	YLR372W	0.64096
2835	YCR034W	0.64092
2836	YNL147W	0.64086
2837	YFL047W	0.64078
2838	YJL036W	0.64074
2839	YMR155W	0.64053
2840	YKL098W	0.64048
2841	YPL222W	0.64047
2842	YOR024W	0.64022
2843	YOR111W	0.64018
2844	YLR085C	0.64015
2845	YLR306W	0.64011
2846	YER098W	0.64009
2847	YCL075W	0.63995
2848	YGR242W	0.63987
2849	YER078C	0.63977
2850	YGL082W	0.63973
2851	YOR198C	0.63973
2852	YNL004W	0.63972
2853	YGR268C	0.63962
2854	YGR119C	0.63938
2855	YJR142W	0.6393
2856	YBL045C	0.63929
2857	YGL212W	0.63927
2858	YLR239C	0.63922
2859	YIL150C	0.63919
2860	YIL095W	0.63919
2861	YJR076C	0.63914
2862	YGR117C	0.63908
2863	YDR430C	0.63905
2864	YPR166C	0.63893
2865	YLR107W	0.63893
2866	YHR098C	0.63888
2867	YIL147C	0.63882
2868	YJR010C-A	0.63873
2869	YDL226C	0.63869
2870	YIL153W	0.63867
2871	YCR100C	0.63866
2872	YGR169C	0.63837
2873	YLR319C	0.63836
2874	YLR051C	0.63829
2875	YJR031C	0.63825
2876	YOR031W	0.63807
2877	YNL162W-A	0.638
2878	YDR390C	0.63794
2879	YDL240W	0.63787
2880	YPL083C	0.63754
2881	YKR003W	0.63746
2882	YOR312C	0.63737
2883	YMR242C	0.63737
2884	YPR023C	0.63737
2885	YHR207C	0.63727
2886	YKL179C	0.63719
2887	YOR059C	0.63715
2888	YPR017C	0.63715
2889	YOR295W	0.63714
2890	YJL011C	0.63707
2891	YNL048W	0.63706
2892	YAL048C	0.63704
2893	YGR144W	0.63689
2894	YNL036W	0.63676
2895	YJL148W	0.63664
2896	YJR006W	0.63663
2897	YJL003W	0.63659
2898	Q0120	0.6365
2899	YKL167C	0.63648
2900	YPL022W	0.63622
2901	YLL014W	0.63618
2902	YOR025W	0.63612
2903	YNL052W	0.63603
2904	YGR133W	0.63595
2905	YBR162W-A	0.63592
2906	YGR241C	0.63591
2907	YLR046C	0.63585
2908	YBR282W	0.63584
2909	YBR271W	0.63567
2910	YBR297W	0.63565
2911	YNL161W	0.63553
2912	YHR016C	0.63548
2913	YIL067C	0.63546
2914	YDL159W	0.63541
2915	YNL131W	0.63539
2916	YMR069W	0.63531
2917	YLR337C	0.63515
2918	YLR026C	0.6351
2919	YML061C	0.63501
2920	YDR286C	0.63501
2921	YCR092C	0.63493
2922	YOL018C	0.63493
2923	YDL058W	0.63482
2924	YPL096W	0.63481
2925	YOL061W	0.63475
2926	YMR074C	0.63474
2927	YMR004W	0.63474
2928	YOL027C	0.63472
2929	YPL263C	0.63467
2930	YKL018W	0.63466
2931	YPL138C	0.63463
2932	YBR273C	0.63439
2933	YNL298W	0.63429
2934	YHR171W	0.63424
2935	YCR101C	0.63421
2936	YCR035C	0.63415
2937	YHR086W	0.63411
2938	YGL067W	0.63395
2939	YMR173W	0.63385
2940	YPL137C	0.63379
2941	YDR459C	0.63378
2942	YBR281C	0.63377
2943	YOL123W	0.63366
2944	YOR275C	0.63363
2945	YMR005W	0.63348
2946	YOL141W	0.63347
2947	YPR169W	0.63343
2948	YBL069W	0.63341
2949	YHR204W	0.63339
2950	YLR116W	0.63337
2951	YHR085W	0.63327
2952	YMR180C	0.63323
2953	YLR065C	0.63323
2954	YOL073C	0.63317
2955	YML096W	0.63315
2956	YBR030W	0.63307
2957	YHR165W-A	0.63301
2958	YBR110W	0.63299
2959	YOR005C	0.63292
2960	YKL165C	0.63287
2961	YMR165C	0.63279
2962	YKR017C	0.63275
2963	YNL260C	0.63271
2964	YIL038C	0.63251
2965	YKR085C	0.63239
2966	YPL060W	0.63237
2967	YPR098C	0.63211
2968	YDR498C	0.63209
2969	YGL153W	0.63208
2970	YER123W	0.63203
2971	YCL032W	0.63202
2972	YBR060C	0.6319
2973	YCL038C	0.63189
2974	YPR124W	0.63179
2975	YMR166C	0.63165
2976	YIR004W	0.63164
2977	YGL129C	0.63141
2978	YOR390W	0.6314
2979	YBR017C	0.63139
2980	YKR021W	0.63134
2981	YGL248W	0.63125
2982	YJR075W	0.63111
2983	YBR288C	0.63111
2984	YNR069C	0.63105
2985	YJR135W-A	0.63093
2986	Q0065	0.63084
2987	YJR020W	0.63081
2988	YPR135W	0.63078
2989	YJL031C	0.63076
2990	YOR290C	0.63073
2991	YNL015W	0.63068
2992	YOR035C	0.63068
2993	YBR293W	0.63045
2994	YCR013C	0.63043
2995	YCR096C	0.63036
2996	YER102W	0.63033
2997	YBL072C	0.63033
2998	YHR166C	0.63029
2999	YPL078C	0.63027
3000	YMR263W	0.63026
3001	YNL094W	0.63025
3002	YPL147W	0.63023
3003	YPR168W	0.63023
3004	YMR306W	0.63019
3005	YDR183W	0.63016
3006	YNL118C	0.63013
3007	YOR205C	0.6301
3008	YKL019W	0.63006
3009	YBR175W	0.63005
3010	YHL031C	0.63002
3011	YDL161W	0.62988
3012	YML118W	0.62979
3013	YLR145W	0.62977
3014	YER151C	0.62972
3015	YGL140C	0.6297
3016	YML127W	0.62959
3017	YOR022C	0.62959
3018	YKL142W	0.62956
3019	YOR353C	0.62955
3020	YDL119C	0.62922
3021	YLR323C	0.62921
3022	YLR387C	0.62907
3023	YJL163C	0.62897
3024	YLR413W	0.6289
3025	YGL094C	0.62885
3026	YKL099C	0.62876
3027	YNR056C	0.62873
3028	YCR071C	0.62858
3029	YKR086W	0.62857
3030	YDR182W-A	0.62849
3031	YLR430W	0.62839
3032	YHR139C	0.62835
3033	YBL082C	0.62826
3034	YPL072W	0.62806
3035	YDR112W	0.62799
3036	YJR088C	0.62785
3037	YPR125W	0.62779
3038	YNL327W	0.62773
3039	YEL019C	0.62762
3040	YPL279C	0.62746
3041	YNL218W	0.62742
3042	YNL328C	0.6274
3043	YJR100C	0.62738
3044	YBL047C	0.62736
3045	YLR318W	0.62734
3046	YPR037C	0.62723
3047	YNL267W	0.62719
3048	YNR021W	0.62714
3049	YDR440W	0.62713
3050	YPL087W	0.62713
3051	YJR002W	0.62712
3052	YJL126W	0.62705
3053	YCL001W-B	0.62687
3054	YCR076C	0.62682
3055	YDR128W	0.62677
3056	YGL084C	0.62669
3057	YKR035W-A	0.62662
3058	YPR196W	0.62656
3059	YDR527W	0.62651
3060	YJR051W	0.62648
3061	YFL025C	0.62644
3062	YDR412W	0.6264
3063	YOR231W	0.62632
3064	YPL101W	0.62632
3065	YFR007W	0.62631
3066	YER127W	0.62628
3067	YFR037C	0.62621
3068	YPL007C	0.6262
3069	YHR120W	0.62606
3070	YHL012W	0.626
3071	YDL156W	0.62599
3072	YGR217W	0.62589
3073	YHR206W	0.62585
3074	YML009C	0.62581
3075	YDR132C	0.62576
3076	YDR311W	0.62555
3077	YBR274W	0.62536
3078	YPL109C	0.62523
3079	YGL213C	0.62515
3080	YHR146W	0.62499
3081	YOR038C	0.62496
3082	YHR158C	0.6249
3083	YFR002W	0.62468
3084	YHL042W	0.62464
3085	YLR226W	0.62444
3086	YAL034W-A	0.62433
3087	YGL195W	0.62425
3088	YDR301W	0.62414
3089	YKL222C	0.62414
3090	YDL233W	0.62409
3091	YOR244W	0.62406
3092	YKL100C	0.62403
3093	YKL090W	0.62403
3094	YBR070C	0.6239
3095	YHL014C	0.6238
3096	YGR074W	0.62377
3097	YOR322C	0.62374
3098	YDL010W	0.62369
3099	YGL179C	0.62357
3100	YOR134W	0.62356
3101	YDL122W	0.62355
3102	YJL133W	0.6235
3103	YCL047C	0.62345
3104	YHR038W	0.62344
3105	YDR427W	0.62327
3106	YDR168W	0.62319
3107	YDR379C-A	0.62319
3108	YOR281C	0.62316
3109	YHL013C	0.62316
3110	YOR171C	0.62315
3111	YOR213C	0.62315
3112	YFR016C	0.62313
3113	YDL023C	0.62312
3114	YDR210W	0.62306
3115	YNL286W	0.62305
3116	YHR087W	0.62304
3117	YDR435C	0.62303
3118	YDR308C	0.62285
3119	YCR073C	0.62281
3120	YNL318C	0.62278
3121	YGL183C	0.62275
3122	YHR080C	0.62272
3123	YOR335W-A	0.62264
3124	YBR107C	0.62246
3125	YBR280C	0.62222
3126	YMR088C	0.62217
3127	YLR225C	0.622
3128	YIL030C	0.62195
3129	YDR284C	0.62183
3130	YPL132W	0.62172
3131	YHR090C	0.62169
3132	YLR262C-A	0.62153
3133	YDR349C	0.62147
3134	YDR288W	0.62142
3135	YLR077W	0.62141
3136	YBL059C-A	0.62137
3137	YIL070C	0.62127
3138	YML051W	0.62125
3139	YNR018W	0.62122
3140	YOR130C	0.62099
3141	YER182W	0.62081
3142	YDR403W	0.62079
3143	YJL065C	0.62076
3144	YDR496C	0.62071
3145	YDR434W	0.6207
3146	YGR154C	0.62069
3147	YHL002W	0.62066
3148	YKL016C	0.62061
3149	YKL174C	0.62059
3150	YMR076C	0.62055
3151	YOL008W	0.62052
3152	YPR029C	0.6204
3153	YGR167W	0.62039
3154	YER163C	0.62017
3155	YHR151C	0.62009
3156	YJL165C	0.62009
3157	YER116C	0.62008
3158	YEL006W	0.62008
3159	YOR389W	0.61988
3160	YBR231C	0.61982
3161	YBL008W	0.61969
3162	YPL247C	0.61968
3163	YCR044C	0.61966
3164	YJR055W	0.61955
3165	YOR008C	0.61954
3166	YMR063W	0.61952
3167	YBR074W	0.6195
3168	YLR016C	0.61932
3169	YNR033W	0.61924
3170	YJL006C	0.61918
3171	YFL023W	0.61908
3172	YDL099W	0.61894
3173	YLR194C	0.61891
3174	YOR278W	0.61888
3175	YKL086W	0.61881
3176	YML042W	0.6188
3177	YNL325C	0.61876
3178	YCR079W	0.61871
3179	YHL007C	0.61868
3180	YHR077C	0.61863
3181	YPR179C	0.61833
3182	YAL051W	0.61833
3183	YMR039C	0.61825
3184	YBR185C	0.61822
3185	YLR088W	0.6182
3186	YER147C	0.61818
3187	YOR334W	0.61817
3188	YJL085W	0.61815
3189	YPL167C	0.61811
3190	YEL059C-A	0.61796
3191	YPR200C	0.61794
3192	YIR007W	0.61787
3193	YJR042W	0.61781
3194	Q0105	0.61779
3195	YGR238C	0.61763
3196	YOR069W	0.61759
3197	YOR288C	0.61752
3198	YPR018W	0.61733
3199	YJL166W	0.61724
3200	YLR371W	0.61722
3201	YGL244W	0.6172
3202	YMR316C-B	0.61719
3203	YGL083W	0.61717
3204	YER058W	0.61713
3205	YER037W	0.61702
3206	YPR001W	0.61695
3207	YML100W	0.61693
3208	YER039C-A	0.61682
3209	YER048C	0.61665
3210	YLR149C-A	0.61663
3211	YMR097C	0.61649
3212	YOL144W	0.61631
3213	YKL173W	0.61631
3214	YGL056C	0.61631
3215	YDR049W	0.61627
3216	YMR275C	0.61626
3217	YMR047C	0.61625
3218	YHR209W	0.61603
3219	YOR051C	0.61597
3220	YBR213W	0.61596
3221	YLL043W	0.61581
3222	YFL003C	0.61564
3223	YPL032C	0.61553
3224	YKR061W	0.61552
3225	YJL097W	0.6154
3226	YGR088W	0.61539
3227	YDR512C	0.61536
3228	YKL070W	0.6152
3229	YJL154C	0.6152
3230	YLR388W	0.61519
3231	YOR256C	0.61515
3232	YNL186W	0.61509
3233	YNL116W	0.61505
3234	YFR001W	0.61501
3235	YDR205W	0.61471
3236	YBR141C	0.61469
3237	YLR164W	0.61465
3238	YPL209C	0.61444
3239	YGL180W	0.61436
3240	YKR087C	0.61427
3241	YKL189W	0.61425
3242	YER101C	0.61419
3243	YJR033C	0.61413
3244	YGR284C	0.61399
3245	YLR183C	0.61397
3246	YDR436W	0.61395
3247	YDR198C	0.61391
3248	YJL192C	0.61389
3249	YDL209C	0.6138
3250	YLR019W	0.61373
3251	YMR067C	0.61372
3252	YBR142W	0.61367
3253	YDL225W	0.61367
3254	YPL084W	0.61364
3255	YDL105W	0.61364
3256	YGR177C	0.61359
3257	YEL009C	0.61345
3258	YOL152W	0.61332
3259	YDR036C	0.6133
3260	YAR023C	0.6131
3261	YGL018C	0.61307
3262	YBL035C	0.61303
3263	YLR314C	0.61289
3264	YDR004W	0.61288
3265	YDR160W	0.61284
3266	YIL047C	0.61283
3267	YNR038W	0.61283
3268	YNL216W	0.61282
3269	YPL188W	0.6128
3270	YOR070C	0.61257
3271	YLR240W	0.61233
3272	YJL123C	0.6123
3273	YDL059C	0.61229
3274	YMR312W	0.61228
3275	YGR128C	0.61225
3276	YNR023W	0.6122
3277	YFL046W	0.61218
3278	YDL154W	0.61214
3279	YCR090C	0.6121
3280	YHR134W	0.61209
3281	YDR152W	0.61208
3282	YOR377W	0.61205
3283	YCR026C	0.61203
3284	YMR161W	0.61189
3285	YDR208W	0.61182
3286	YLR305C	0.61176
3287	YHR116W	0.61165
3288	YBL104C	0.61162
3289	YHR122W	0.6116
3290	YGL262W	0.61155
3291	YLR287C	0.61154
3292	YLR206W	0.61149
3293	YIL115C	0.61144
3294	YMR035W	0.61136
3295	YNL182C	0.61123
3296	YHR045W	0.61117
3297	YDR334W	0.61107
3298	YBR122C	0.61091
3299	YJR054W	0.61088
3300	YPR160W-A	0.61084
3301	YDL218W	0.61076
3302	YMR129W	0.61075
3303	YMR158W	0.61074
3304	YKL125W	0.61064
3305	YGR170W	0.61062
3306	YJL210W	0.61045
3307	YMR110C	0.61037
3308	YLL052C	0.61024
3309	YGL098W	0.61016
3310	YJL102W	0.61007
3311	YGR099W	0.60995
3312	YPL037C	0.6099
3313	YDL021W	0.60989
3314	YKL066W	0.60978
3315	YEL012W	0.60978
3316	YPL103C	0.60978
3317	YJR084W	0.60974
3318	YDL061C	0.60953
3319	YIL079C	0.60933
3320	YDR137W	0.60923
3321	YGL198W	0.60919
3322	YIL106W	0.60919
3323	YIL161W	0.60917
3324	YIL140W	0.60916
3325	YMR231W	0.60915
3326	YER021W	0.6091
3327	YDR326C	0.60903
3328	YDL030W	0.60902
3329	YOL045W	0.60891
3330	YPL023C	0.60888
3331	YBL037W	0.60886
3332	YLR068W	0.60881
3333	YLR007W	0.60877
3334	Q0055	0.6087
3335	YPL191C	0.60863
3336	YKR023W	0.60862
3337	YPR198W	0.60855
3338	YER105C	0.60849
3339	YOR387C	0.6082
3340	YML081C-A	0.60814
3341	YOR079C	0.608
3342	YNL320W	0.608
3343	YJL091C	0.60798
3344	YDL175C	0.60779
3345	YKL139W	0.60772
3346	YIL076W	0.60769
3347	YMR265C	0.60768
3348	YCR075C	0.60759
3349	YML084W	0.60742
3350	YML060W	0.60736
3351	YDR266C	0.60732
3352	YLR443W	0.60719
3353	YKL077W	0.60714
3354	YKL043W	0.60711
3355	YAL018C	0.60691
3356	YDR460W	0.60689
3357	YOR344C	0.60689
3358	YDR407C	0.60688
3359	YJL062W	0.60686
3360	YMR024W	0.60681
3361	YMR216C	0.60664
3362	YMR127C	0.60661
3363	YML111W	0.60659
3364	YDR289C	0.60653
3365	YIL151C	0.60651
3366	YPL045W	0.60648
3367	YEL022W	0.60648
3368	YLR255C	0.60647
3369	YNL047C	0.60646
3370	YDR478W	0.60643
3371	YOR253W	0.60637
3372	YDR473C	0.60622
3373	YHR118C	0.60622
3374	YGR056W	0.60613
3375	YIL096C	0.6061
3376	YGL110C	0.60609
3377	YGR102C	0.60595
3378	YGR090W	0.6059
3379	YIR017C	0.60584
3380	YOR161W-B	0.60563
3381	YJR118C	0.60561
3382	YGR183C	0.60559
3383	YKR058W	0.60558
3384	YHR192W	0.60554
3385	YIL085C	0.60547
3386	YKR028W	0.60542
3387	YHL010C	0.60533
3388	YLR246W	0.60531
3389	YDR218C	0.6053
3390	YBR059C	0.60525
3391	YPR043W	0.60511
3392	YJR094W-A	0.60511
3393	YLR080W	0.60509
3394	YMR125W	0.60475
3395	YBL080C	0.60471
3396	YMR212C	0.60467
3397	YDR171W	0.60466
3398	YDL165W	0.60462
3399	YDR395W	0.60458
3400	YNL310C	0.60454
3401	YJL151C	0.60449
3402	YER154W	0.60448
3403	YDR054C	0.60443
3404	YAR008W	0.60438
3405	YGR165W	0.60438
3406	YGR036C	0.60434
3407	YKL140W	0.60425
3408	YDR386W	0.60418
3409	YPL125W	0.60415
3410	YPR123C	0.60415
3411	YKL033W	0.60411
3412	YNR044W	0.60406
3413	YGR097W	0.60404
3414	YGL019W	0.60391
3415	YOL076W	0.60386
3416	YPL268W	0.60385
3417	YNL273W	0.60385
3418	YIL082W-A	0.60372
3419	YER048W-A	0.60366
3420	YJL131C	0.6034
3421	YIL138C	0.60335
3422	YPR148C	0.60335
3423	YJL203W	0.60332
3424	YDR080W	0.60332
3425	YDR323C	0.60327
3426	YPL064C	0.60326
3427	YOR180C	0.60325
3428	YLR248W	0.60312
3429	YMR251W-A	0.60297
3430	YLR045C	0.60285
3431	YJL046W	0.60283
3432	YGL080W	0.60282
3433	YNL326C	0.60274
3434	YJR019C	0.60268
3435	YOL148C	0.60267
3436	YOL077W-A	0.6026
3437	YDL133W	0.60257
3438	YPR064W	0.60238
3439	YLR023C	0.60228
3440	YDR391C	0.60196
3441	YMR223W	0.60196
3442	YNL250W	0.60194
3443	YDR347W	0.60191
3444	YDR517W	0.60189
3445	YLR090W	0.6017
3446	YER128W	0.60164
3447	YJL054W	0.60163
3448	YLR393W	0.6016
3449	YNL221C	0.60158
3450	YPR154W	0.60157
3451	YDL066W	0.60147
3452	YBR147W	0.60146
3453	YDR244W	0.60146
3454	YPR105C	0.6014
3455	YNL271C	0.60133
3456	YNL039W	0.60123
3457	YNL291C	0.60114
3458	YMR114C	0.60097
3459	YGR263C	0.60084
3460	YJL098W	0.60081
3461	YPL172C	0.60074
3462	YLR032W	0.60069
3463	YMR295C	0.60067
3464	YMR091C	0.60056
3465	YJL109C	0.60054
3466	YDR506C	0.60045
3467	YMR040W	0.60043
3468	YDR122W	0.60025
3469	YHR199C	0.60005
3470	YMR020W	0.60005
3471	YOR014W	0.60001
3472	YOR174W	0.59995
3473	YOR188W	0.59984
3474	YDR354W	0.59969
3475	YNL092W	0.59968
3476	YMR247C	0.59968
3477	YGR006W	0.59966
3478	YDR420W	0.59945
3479	YLL054C	0.59938
3480	YOL042W	0.59934
3481	YPL098C	0.59926
3482	YDL035C	0.59923
3483	YJR050W	0.59903
3484	YGR110W	0.59898
3485	YNL278W	0.59895
3486	YKL155C	0.59893
3487	YHL030W	0.59885
3488	YHR197W	0.59877
3489	YJR004C	0.59874
3490	YPR162C	0.59872
3491	YCR089W	0.5987
3492	YOL116W	0.59867
3493	YOR020W-A	0.59867
3494	YCR019W	0.59865
3495	YOL071W	0.59862
3496	YNL242W	0.59848
3497	YLR339C	0.59837
3498	YOR026W	0.59837
3499	YOR017W	0.59835
3500	YPR048W	0.5983
3501	YOR363C	0.59825
3502	Q0160	0.59822
3503	YOL052C-A	0.5982
3504	YMR272W-B	0.59815
3505	YHR084W	0.59799
3506	YGR257C	0.59788
3507	YNL151C	0.59778
3508	YJR036C	0.59776
3509	YBR158W	0.59769
3510	YBR119W	0.59765
3511	YJL072C	0.59764
3512	YGL172W	0.59752
3513	YKL012W	0.59749
3514	YER007W	0.59746
3515	YMR259C	0.5974
3516	YHL019C	0.59732
3517	YDR370C	0.59731
3518	YNL084C	0.59729
3519	YKL010C	0.59724
3520	YPR097W	0.59721
3521	YBR204C	0.59717
3522	YMR055C	0.59708
3523	YDR387C	0.59706
3524	YAL059W	0.59706
3525	YPR085C	0.59699
3526	YIL131C	0.59692
3527	YJL053W	0.59691
3528	YGL203C	0.59684
3529	YCL016C	0.59684
3530	YBR193C	0.5968
3531	YGL069C	0.59679
3532	YBR233W	0.59677
3533	YDR265W	0.59667
3534	YIL100W	0.59666
3535	YGL257C	0.5966
3536	YOR161W-A	0.59652
3537	YBL004W	0.5965
3538	YNR062C	0.59647
3539	YGR059W	0.59645
3540	YAL058W	0.59644
3541	YOR160W	0.59644
3542	YKL178C	0.5964
3543	YIL005W	0.59634
3544	YKL005C	0.59632
3545	YOL022C	0.59623
3546	YDR359C	0.59623
3547	YPR175W	0.59602
3548	YIL130W	0.59601
3549	YOR124C	0.59601
3550	YPL065W	0.59598
3551	YGR201C	0.59589
3552	YNL263C	0.59588
3553	YLR425W	0.59586
3554	YGR002C	0.59586
3555	YPR115W	0.59571
3556	YGL010W	0.59566
3557	YPL181W	0.59555
3558	YCL041C	0.59554
3559	YOR002W	0.59551
3560	YLR301W	0.59544
3561	YDR150W	0.59541
3562	YHR073W	0.59537
3563	YPL277C	0.59535
3564	YOR292C	0.59528
3565	YMR267W	0.5951
3566	YBR105C	0.59509
3567	YGR157W	0.59506
3568	YCR086W	0.59505
3569	YML019W	0.59504
3570	YOL087C	0.59492
3571	YGL065C	0.59482
3572	YER083C	0.59467
3573	YDL024C	0.59445
3574	YOL149W	0.59435
3575	YDR538W	0.59431
3576	YDR026C	0.59427
3577	YJR122W	0.59424
3578	YKL030W	0.59422
3579	YKL175W	0.59404
3580	YOR082C	0.594
3581	YLR456W	0.59395
3582	YCR077C	0.5939
3583	YGR026W	0.59389
3584	YIL061C	0.59382
3585	YJL059W	0.59378
3586	YBR086C	0.59378
3587	YGR116W	0.59366
3588	YBR246W	0.59364
3589	YML031W	0.59348
3590	YDL011C	0.59342
3591	YOL108C	0.59339
3592	YDR204W	0.59337
3593	YDR242W	0.59335
3594	YGR258C	0.59331
3595	YNL217W	0.5932
3596	YJR022W	0.59316
3597	YGR188C	0.59315
3598	YPR116W	0.59306
3599	YJR039W	0.59291
3600	YKL032C	0.59284
3601	YPL141C	0.59274
3602	YGR046W	0.59267
3603	YDR316W	0.59266
3604	YPL112C	0.59265
3605	YML032C	0.59261
3606	YGR109W-B	0.5926
3607	YCL049C	0.59256
3608	YDR233C	0.59252
3609	YAR075W	0.5925
3610	YPL163C	0.59245
3611	YPR114W	0.59242
3612	YDL028C	0.59241
3613	YNL085W	0.59232
3614	YEL053C	0.59231
3615	Q0060	0.5922
3616	YJL039C	0.5922
3617	YCL042W	0.59205
3618	YJL071W	0.59203
3619	YGL258W	0.59187
3620	YKL187C	0.59181
3621	YNL300W	0.59179
3622	YGR166W	0.59174
3623	YMR240C	0.59169
3624	YBL013W	0.59164
3625	YNL258C	0.59155
3626	YNR030W	0.5915
3627	YDL008W	0.59144
3628	YPL260W	0.59139
3629	YHR150W	0.59128
3630	YHR188C	0.59124
3631	YMR209C	0.59121
3632	YMR233W	0.59118
3633	YGL014W	0.59115
3634	YIL073C	0.59106
3635	YGL231C	0.59101
3636	YOR156C	0.59096
3637	YGL104C	0.59095
3638	YKR065C	0.59095
3639	YDR372C	0.59089
3640	YJR146W	0.59085
3641	YLR103C	0.59077
3642	YML130C	0.5907
3643	YOR268C	0.59058
3644	YBR247C	0.59053
3645	YAL004W	0.59049
3646	YDR320W-B	0.59042
3647	YNL219C	0.59028
3648	YOL072W	0.59028
3649	YGL053W	0.59023
3650	YPL252C	0.59018
3651	YKL054C	0.59015
3652	YER161C	0.5901
3653	YML013W	0.59008
3654	YEL048C	0.59
3655	YBR022W	0.58996
3656	YKL124W	0.58979
3657	YKL031W	0.58976
3658	YOR227W	0.58968
3659	YOR067C	0.58941
3660	YGL161C	0.58939
3661	YGL125W	0.58937
3662	YNL305C	0.58934
3663	YER187W	0.58932
3664	YKR064W	0.58917
3665	YOR237W	0.58914
3666	YLR266C	0.58913
3667	YDR221W	0.58897
3668	YGR091W	0.58892
3669	YKL137W	0.58881
3670	YIL057C	0.5888
3671	YAL013W	0.58874
3672	YKR103W	0.58866
3673	YHR059W	0.58858
3674	YPR067W	0.58844
3675	YPL148C	0.58841
3676	YJR126C	0.5884
3677	YKR063C	0.58829
3678	YDL025C	0.58825
3679	YOR123C	0.58811
3680	YGR109C	0.58804
3681	YER087W	0.58791
3682	YOR075W	0.58782
3683	YOR309C	0.5877
3684	YML132W	0.58753
3685	YBR302C	0.58753
3686	YOR386W	0.58741
3687	YJL025W	0.58729
3688	YGR158C	0.58727
3689	YLR362W	0.58727
3690	YCR007C	0.58718
3691	YEL015W	0.58713
3692	YPL074W	0.58701
3693	YLR312W-A	0.58696
3694	YJL141C	0.58694
3695	YBL095W	0.58689
3696	YKL006C-A	0.58679
3697	YHR073C-B	0.58666
3698	YMR182W-A	0.58653
3699	YLR207W	0.58648
3700	YDR501W	0.58648
3701	YNL336W	0.58643
3702	YJR140C	0.5863
3703	YMR086C-A	0.58626
3704	YBR123C	0.5857
3705	YGL228W	0.58562
3706	YNL180C	0.58555
3707	YDL198C	0.58551
3708	YJL194W	0.58544
3709	YNL289W	0.58542
3710	YDR428C	0.5854
3711	YPL270W	0.58539
3712	YMR044W	0.58533
3713	YOL051W	0.5853
3714	YMR289W	0.58518
3715	YIR013C	0.58515
3716	YFL013C	0.58499
3717	YER068W	0.58495
3718	YCL057W	0.5848
3719	YLR309C	0.58476
3720	YBR028C	0.58467
3721	YDR079W	0.58459
3722	YDL112W	0.58442
3723	YBR260C	0.58441
3724	YAR028W	0.5844
3725	YGL024W	0.58434
3726	YLR205C	0.58409
3727	YGL185C	0.58407
3728	YOL128C	0.58399
3729	YER114C	0.5839
3730	YOL146W	0.58377
3731	YCL055W	0.58376
3732	YDR472W	0.58374
3733	YEL033W	0.58374
3734	YIL171W	0.58372
3735	YNL208W	0.58359
3736	YGR223C	0.58358
3737	YIL023C	0.58345
3738	YGL092W	0.58342
3739	YMR287C	0.58339
3740	YOR042W	0.58335
3741	YKL143W	0.58331
3742	YPL128C	0.58321
3743	YMR028W	0.58319
3744	YIL017C	0.58311
3745	YEL016C	0.58301
3746	YHL006C	0.58281
3747	YBR065C	0.58277
3748	YGR076C	0.58267
3749	YDR251W	0.58254
3750	YGR295C	0.58251
3751	YGR280C	0.58247
3752	YAL014C	0.58232
3753	YDL231C	0.58226
3754	YNL283C	0.58225
3755	YML071C	0.58223
3756	YGR205W	0.58218
3757	YGR274C	0.58206
3758	YMR057C	0.58193
3759	YLR290C	0.58182
3760	YOL102C	0.58149
3761	YLR035C	0.58145
3762	YBR005W	0.58142
3763	YGR014W	0.58141
3764	YFR052W	0.58136
3765	YGL133W	0.58135
3766	YOL040C	0.5813
3767	YKL198C	0.58122
3768	YLR336C	0.5811
3769	YGR139W	0.58096
3770	YKL168C	0.58091
3771	YPL115C	0.58088
3772	YOL033W	0.58088
3773	YDR269C	0.58087
3774	YPR170W-B	0.58081
3775	YGL259W	0.58078
3776	YGR216C	0.58076
3777	YMR029C	0.58069
3778	YOR055W	0.58066
3779	YLR417W	0.58046
3780	YBR221W-A	0.58044
3781	YIR021W	0.58041
3782	YBL086C	0.5804
3783	YLR286W-A	0.58038
3784	YPR055W	0.58027
3785	YGR066C	0.5801
3786	YMR126C	0.58001
3787	YPL105C	0.57983
3788	YDR192C	0.5798
3789	YPL186C	0.5798
3790	YGL032C	0.57972
3791	YDR206W	0.57962
3792	YCR016W	0.57962
3793	YNL057W	0.5796
3794	YPL228W	0.57957
3795	YCL008C	0.57954
3796	YDR389W	0.5795
3797	YPL119C-A	0.57944
3798	YBR279W	0.57941
3799	YLR412C-A	0.57923
3800	YLR015W	0.57921
3801	YBL028C	0.57911
3802	YPR031W	0.57909
3803	YDR363W	0.57905
3804	YNL261W	0.57905
3805	YML046W	0.57894
3806	YML117W	0.57891
3807	YNL162W	0.57881
3808	YHR141C	0.57881
3809	YGL126W	0.57881
3810	YNL236W	0.57875
3811	YPR141C	0.57873
3812	YDR006C	0.57861
3813	YGR042W	0.57838
3814	YJL061W	0.57828
3815	YER144C	0.57827
3816	YCL058W-A	0.5782
3817	YDR482C	0.57819
3818	YDR463W	0.57818
3819	YML093W	0.57817
3820	YKR096W	0.57814
3821	YFL010C	0.57813
3822	YJL193W	0.5781
3823	YOR166C	0.57807
3824	YLR187W	0.57804
3825	YOR247W	0.57803
3826	YJL106W	0.57796
3827	YAL002W	0.57794
3828	YLR097C	0.57793
3829	YGR072W	0.57782
3830	YGR033C	0.57774
3831	YOL105C	0.57772
3832	YJL156C	0.57766
3833	YJR097W	0.57766
3834	YOR190W	0.57765
3835	YDL234C	0.57748
3836	YHR186C	0.57746
3837	YLR021W	0.57745
3838	YJL136W-A	0.57742
3839	YOR194C	0.57728
3840	YGR127W	0.57726
3841	YBR141W-A	0.57715
3842	YMR042W	0.57713
3843	YJR046W	0.57712
3844	YGR058W	0.5771
3845	YFR013W	0.57701
3846	YIL104C	0.57692
3847	YKR049C	0.57682
3848	YDL015C	0.57661
3849	YLR122C	0.57661
3850	YNL193W	0.57644
3851	YMR230W-A	0.57625
3852	YEL045C	0.57617
3853	YOR138C	0.57612
3854	YGL131C	0.57608
3855	YBR102C	0.57606
3856	YGR073C	0.57604
3857	YDL113C	0.57602
3858	YBR186W	0.57595
3859	YPL225W	0.57592
3860	YNL083W	0.57591
3861	YPL020C	0.57583
3862	YDR376W	0.57579
3863	YGL216W	0.57577
3864	YOR267C	0.57577
3865	YDL160C-A	0.57576
3866	YAL025C	0.57573
3867	YER188W	0.57573
3868	YDR209C	0.57568
3869	YNL122C	0.57566
3870	YLR379W-A	0.5756
3871	YKL132C	0.57559
3872	YOR127W	0.57555
3873	YML009W-B	0.57555
3874	YIL154C	0.57551
3875	YMR154C	0.57542
3876	YOR102W	0.5754
3877	YJL137C	0.57534
3878	YAL037C-B	0.57533
3879	YHR180W-A	0.57515
3880	YLR177W	0.57511
3881	YLR084C	0.57509
3882	YDR052C	0.57502
3883	YKL089W	0.575
3884	YGL158W	0.57487
3885	YPR087W	0.57473
3886	YDR283C	0.57471
3887	YCL052C	0.57462
3888	YKL209C	0.57439
3889	YBR201W	0.57425
3890	Q0142	0.57425
3891	YNL203C	0.57415
3892	YOR033C	0.57407
3893	YLR141W	0.57405
3894	YJR112W	0.57403
3895	YBL049W	0.57396
3896	YIL046W-A	0.57381
3897	YBR085C-A	0.57378
3898	YNL144W-A	0.57375
3899	YHR173C	0.57373
3900	YDR180W	0.57372
3901	YLR093C	0.5737
3902	YDR247W	0.57359
3903	YKL088W	0.57349
3904	YOR191W	0.57338
3905	YIL026C	0.57323
3906	YDR410C	0.57313
3907	YPL162C	0.57313
3908	YLR292C	0.57305
3909	YLR414C	0.57287
3910	YGR169C-A	0.57286
3911	YHR079C	0.57282
3912	YDR485C	0.57281
3913	YMR272W-A	0.57277
3914	YDR020C	0.57276
3915	YPR026W	0.57273
3916	YDR087C	0.5727
3917	YER180C-A	0.57267
3918	YCR014C	0.57258
3919	YCL023C	0.5725
3920	YPR057W	0.57249
3921	YIL102C	0.57244
3922	YFL015C	0.57242
3923	YKL122C	0.57241
3924	YGL051W	0.57241
3925	YPL165C	0.5724
3926	YNL315C	0.57231
3927	YBR253W	0.57218
3928	YLR439W	0.57218
3929	YKR006C	0.57217
3930	YOR245C	0.57217
3931	YJL020C	0.57215
3932	YDL116W	0.57206
3933	YJR111C	0.57205
3934	YDR320C-A	0.57201
3935	YJR082C	0.57197
3936	YKR082W	0.57191
3937	YOR360C	0.57185
3938	YDL203C	0.5717
3939	YOR299W	0.5717
3940	YDL157C	0.57165
3941	YCR054C	0.5716
3942	YOR301W	0.57146
3943	YGR070W	0.57144
3944	YJL127C	0.57144
3945	YKR007W	0.57142
3946	YBL079W	0.57142
3947	YOR269W	0.57141
3948	YGR044C	0.57132
3949	YML090W	0.57117
3950	YAR033W	0.57113
3951	YAL017W	0.57109
3952	YPR187W	0.57102
3953	YLR063W	0.57099
3954	YJR161C	0.57094
3955	YAL056W	0.57093
3956	YLL046C	0.57086
3957	YMR192W	0.57086
3958	YEL062W	0.57084
3959	YNL035C	0.5708
3960	YOR139C	0.5708
3961	YOR320C	0.57076
3962	YMR130W	0.57075
3963	YBR116C	0.57067
3964	YHL034W-A	0.57061
3965	YCR039C	0.57055
3966	YCL067C	0.57055
3967	YAR031W	0.57051
3968	YBL097W	0.57047
3969	YOR045W	0.57043
3970	YHL024W	0.57032
3971	YLL010C	0.57029
3972	YJL077W-A	0.57021
3973	YML049C	0.57016
3974	YCR093W	0.57013
3975	YPL126W	0.57007
3976	YPL243W	0.57004
3977	YHL048W	0.57002
3978	YML048W	0.57
3979	YDL248W	0.5699
3980	YKR089C	0.56988
3981	YIR001C	0.56984
3982	YDL054C	0.56981
3983	YOR302W	0.56969
3984	YKR040C	0.56968
3985	YDR503C	0.56961
3986	YJL173C	0.56957
3987	YKL034W	0.56957
3988	YOR093C	0.56954
3989	YIL134W	0.56933
3990	YIR043C	0.56917
3991	YER008C	0.56911
3992	YOL088C	0.56909
3993	YHR095W	0.56907
3994	YML104C	0.569
3995	YER087C-B	0.56894
3996	YDR488C	0.56881
3997	YNL249C	0.56877
3998	YBR134W	0.56873
3999	YKL110C	0.56871
4000	YDR409W	0.56867
4001	YHL035C	0.5686
4002	YNR022C	0.56854
4003	YDL118W	0.56847
4004	YBR284W	0.56846
4005	YNR040W	0.5684
4006	YDR044W	0.5683
4007	YBR111W-A	0.56825
4008	YML020W	0.56817
4009	YOL078W	0.56817
4010	YMR290W-A	0.56812
4011	YNL103W-A	0.56812
4012	YKL206C	0.56794
4013	YLR154C	0.56789
4014	YKL045W	0.56785
4015	YBR179C	0.56782
4016	YER024W	0.56781
4017	YJL101C	0.56766
4018	YLR299W	0.56738
4019	YNL166C	0.56733
4020	YOR034C-A	0.5673
4021	YDL065C	0.56717
4022	YGR062C	0.56715
4023	YPR155C	0.5671
4024	YPR030W	0.56708
4025	YJR110W	0.56704
4026	YDL127W	0.56704
4027	YOR112W	0.56697
4028	YGR149W	0.56693
4029	YKL047W	0.56683
4030	YER076C	0.56668
4031	YGL227W	0.56665
4032	YFL062W	0.56659
4033	YOR305W	0.56658
4034	YNL215W	0.56658
4035	YLR096W	0.56658
4036	YPR045C	0.56647
4037	YMR291W	0.56639
4038	YNR007C	0.56633
4039	YDR114C	0.5663
4040	YMR014W	0.56616
4041	YKL037W	0.56615
4042	YBR269C	0.56615
4043	YNL073W	0.56612
4044	YDL146W	0.56609
4045	YJL206C	0.56606
4046	YAR009C	0.56602
4047	YDL068W	0.56595
4048	YHR140W	0.56588
4049	YKL223W	0.56586
4050	YMR068W	0.56585
4051	YLR166C	0.56575
4052	YMR313C	0.5657
4053	YOR098C	0.56569
4054	YHL049C	0.56565
4055	YDL237W	0.5656
4056	YLR001C	0.56559
4057	YCL057C-A	0.56556
4058	YML066C	0.56548
4059	YBL096C	0.56532
4060	YBR097W	0.56525
4061	YGL233W	0.56524
4062	YPL069C	0.56523
4063	YIL072W	0.56522
4064	YGR112W	0.56519
4065	YAR002W	0.56494
4066	YIR023C-A	0.56462
4067	YDR314C	0.56456
4068	YMR207C	0.56443
4069	YJL084C	0.56437
4070	YNL009W	0.5643
4071	YNL043C	0.56428
4072	YHR032C-A	0.56416
4073	YDR253C	0.56414
4074	YPR038W	0.56412
4075	YGR003W	0.56411
4076	YKL121W	0.56407
4077	YKL186C	0.56396
4078	YPL003W	0.56367
4079	YHR015W	0.56356
4080	YGL016W	0.56351
4081	YJL062W-A	0.56346
4082	YLR039C	0.56342
4083	YBR278W	0.56335
4084	YPR072W	0.56323
4085	YPL183W-A	0.56322
4086	YNL050C	0.56314
4087	YKL068W	0.56308
4088	YDL091C	0.56305
4089	YIL006W	0.56297
4090	YDL241W	0.56295
4091	YGR237C	0.5629
4092	YMR043W	0.5627
4093	YHR198C	0.56267
4094	YOR287C	0.56261
4095	YMR156C	0.56244
4096	YOR338W	0.5624
4097	YCR024C-B	0.56237
4098	YGR068C	0.56236
4099	YJR091C	0.56227
4100	YOR200W	0.56222
4101	YPR059C	0.56222
4102	YPR092W	0.56217
4103	YIR040C	0.56202
4104	YDR476C	0.56196
4105	YBL085W	0.56196
4106	YMR171C	0.56186
4107	YGR108W	0.56183
4108	YOR210W	0.56182
4109	YFR011C	0.56175
4110	YOL054W	0.56163
4111	YDR068W	0.56162
4112	YIR018C-A	0.56152
4113	YDR262W	0.56147
4114	YCR095C	0.56147
4115	YKL057C	0.56145
4116	YPL146C	0.56144
4117	YLL031C	0.56142
4118	YBL090W	0.56139
4119	YOR238W	0.5613
4120	YEL073C	0.56129
4121	YIL059C	0.56127
4122	YCL034W	0.56124
4123	YNL067W-B	0.56123
4124	YMR185W	0.5612
4125	YBR212W	0.56116
4126	YNR031C	0.56113
4127	YKL214C	0.56099
4128	YPL107W	0.56091
4129	YJL052C-A	0.56088
4130	YGR101W	0.56085
4131	YLR247C	0.56076
4132	YJR071W	0.56074
4133	YIL156W-B	0.56072
4134	YIL054W	0.56066
4135	YJL057C	0.56061
4136	YOR078W	0.56049
4137	YML100W-A	0.56045
4138	YGR121W-A	0.56032
4139	YDL187C	0.56021
4140	YDR003W	0.56009
4141	YDR510C-A	0.55995
4142	YCR040W	0.55991
4143	YCL066W	0.55991
4144	YDR106W	0.5599
4145	YDR213W	0.55985
4146	YDR027C	0.55982
4147	YNL051W	0.55976
4148	YDR163W	0.55969
4149	YDR110W	0.55959
4150	YNL077W	0.55959
4151	YBR216C	0.55957
4152	YHR053C	0.55951
4153	YHR055C	0.55951
4154	YPR079W	0.5595
4155	YOR365C	0.55945
4156	YLR124W	0.55939
4157	YLR260W	0.55924
4158	YAR019C	0.55923
4159	YJR151W-A	0.5592
4160	YMR115W	0.55915
4161	YOR211C	0.55906
4162	YKL195W	0.55902
4163	YJL100W	0.559
4164	YIL142C-A	0.55895
4165	YLR140W	0.55892
4166	YPL005W	0.55874
4167	YNR075W	0.55859
4168	YNL227C	0.55855
4169	YGR107W	0.55848
4170	YOL019W	0.55845
4171	YFR035C	0.55837
4172	YBR223W-A	0.55834
4173	YLR013W	0.55819
4174	YNL224C	0.55817
4175	YNR066C	0.55814
4176	YOR230W	0.55807
4177	YOR179C	0.55804
4178	YKR090W	0.55803
4179	YCL031C	0.55801
4180	YOL063C	0.55799
4181	YNL128W	0.55791
4182	YOL166W-A	0.55785
4183	YPR152C	0.55778
4184	YHL021C	0.55776
4185	YPR010C-A	0.55776
4186	YFL040W	0.55775
4187	YPR042C	0.5577
4188	YML088W	0.55764
4189	YDR299W	0.5576
4190	YLR185W	0.55749
4191	YDR302W	0.55735
4192	YCR006C	0.55731
4193	YKR032W	0.55725
4194	YEL059W	0.55718
4195	YHR133C	0.55717
4196	YNL097C	0.55715
4197	YML095C	0.55711
4198	YER088C-A	0.55693
4199	YDR511W	0.55693
4200	YGL085W	0.55687
4201	YDR449C	0.55674
4202	YPL155C	0.55674
4203	YJR060W	0.55673
4204	YJL142C	0.55668
4205	YBR113W	0.55664
4206	YDR261C	0.55659
4207	YER077C	0.55656
4208	YGR182C	0.5565
4209	YDR101C	0.55646
4210	YFR034W-A	0.5563
4211	YLL051C	0.5563
4212	YBR044C	0.55626
4213	YPL123C	0.55612
4214	YKL134C	0.55608
4215	YMR306C-A	0.55601
4216	YLL004W	0.55599
4217	YGR171C	0.55593
4218	YHL028W	0.55589
4219	YDR320C	0.5556
4220	YBR191W-A	0.55559
4221	YMR157C	0.55554
4222	YGR174C	0.55554
4223	YER096W	0.5555
4224	YNL029C	0.55545
4225	YJL047C	0.55537
4226	YDL074C	0.55528
4227	YJR090C	0.55522
4228	YMR283C	0.5552
4229	YDR222W	0.55518
4230	YPR139C	0.55514
4231	YGR215W	0.55491
4232	YDL067C	0.55491
4233	YPR093C	0.5549
4234	YLL059C	0.55488
4235	YMR140W	0.55486
4236	YML050W	0.55481
4237	YNL127W	0.55463
4238	YPR036W	0.5546
4239	YIL137C	0.55441
4240	YAL011W	0.55434
4241	YBR258C	0.55433
4242	YKL203C	0.5543
4243	YMR293C	0.55428
4244	YKL116C	0.55427
4245	YDR154C	0.55427
4246	YGR236C	0.55426
4247	YNL028W	0.55421
4248	YOR314W-A	0.55416
4249	YGR156W	0.55416
4250	YIL093C	0.55416
4251	YNL139C	0.55407
4252	YOR368W	0.55402
4253	YJL029C	0.55401
4254	YOR346W	0.55395
4255	YBR064W	0.55391
4256	YNR006W	0.55386
4257	YMR023C	0.5538
4258	YNL253W	0.55376
4259	YLR399W-A	0.55371
4260	YBR276C	0.5537
4261	YER119C-A	0.55368
4262	YHR060W	0.55366
4263	YBL100C	0.55359
4264	YLR204W	0.55356
4265	YBL060W	0.55355
4266	YAL056C-A	0.55355
4267	YDR504C	0.55351
4268	YDR489W	0.55338
4269	YGL260W	0.55335
4270	YGR235C	0.55327
4271	YMR010W	0.55314
4272	YHR180W	0.5531
4273	YGL254W	0.5531
4274	Q0070	0.55298
4275	YOR081C	0.55298
4276	YNL126W	0.55294
4277	YGL150C	0.55294
4278	YOR037W	0.55293
4279	YLR363C	0.55283
4280	YKL156C-A	0.5527
4281	YDR318W	0.55268
4282	YMR053C	0.55265
4283	YOR371C	0.55251
4284	YHR028W-A	0.55231
4285	YDR094W	0.55217
4286	YHR180C-B	0.55211
4287	YEL075C	0.55207
4288	YJL069C	0.55196
4289	YJL112W	0.55191
4290	YDR461W	0.55186
4291	YNL011C	0.5518
4292	YMR211W	0.55156
4293	YJR079W	0.55156
4294	YBL010C	0.5515
4295	YIL058W	0.55137
4296	YAR027W	0.55122
4297	YHR102W	0.55094
4298	YHR172W	0.55092
4299	YLR296W	0.55091
4300	YLR071C	0.55085
4301	YPL248C	0.55069
4302	YAR035C-A	0.55065
4303	YDR018C	0.5506
4304	YDL117W	0.5506
4305	YNL257C	0.55058
4306	YDR279W	0.55051
4307	YLR157W-E	0.55044
4308	YOR319W	0.55039
4309	YLL013C	0.55036
4310	YER064C	0.55034
4311	YAR053W	0.55031
4312	YMR061W	0.55027
4313	YHR213W-B	0.55025
4314	YGL263W	0.55025
4315	YIL027C	0.55023
4316	YAL016C-A	0.55023
4317	YJL027C	0.55012
4318	YMR070W	0.55012
4319	YIR005W	0.55005
4320	YER067W	0.55001
4321	YLR279W	0.54998
4322	YPL142C	0.54997
4323	YDL003W	0.54988
4324	YKL106W	0.5497
4325	YDL022C-A	0.54968
4326	YEL034C-A	0.54967
4327	YDR141C	0.54967
4328	YOR064C	0.5496
4329	YOL150C	0.54955
4330	YMR087W	0.54951
4331	YFL027C	0.54938
4332	YEL008W	0.54936
4333	YFR052C-A	0.54933
4334	YDR079C-A	0.54932
4335	YFL029C	0.54931
4336	YDL159C-B	0.54929
4337	YMR281W	0.54926
4338	YMR077C	0.54924
4339	YNL262W	0.54919
4340	YLL007C	0.54908
4341	YLR368W	0.54908
4342	YGL038C	0.54899
4343	YGL088W	0.54888
4344	YOR229W	0.54874
4345	YFL051C	0.54873
4346	YBR289W	0.54865
4347	YGL025C	0.54861
4348	YOR203W	0.54846
4349	YBR226C	0.54834
4350	YKL014C	0.54827
4351	YDR467C	0.54823
4352	YDL179W	0.54823
4353	YLR064W	0.54821
4354	YGR270C-A	0.54816
4355	YCR038W-A	0.54816
4356	YNL184C	0.54812
4357	YMR324C	0.54809
4358	YGL116W	0.54806
4359	YMR168C	0.54799
4360	YDR071C	0.54795
4361	YEL023C	0.54794
4362	YMR137C	0.54787
4363	YGL174W	0.54782
4364	YKR047W	0.54769
4365	YBR190W	0.54764
4366	YDR108W	0.54763
4367	YDL043C	0.5475
4368	YGL108C	0.54743
4369	YPL149W	0.54727
4370	YJL119C	0.54726
4371	YIR030W-A	0.54725
4372	YMR112C	0.54724
4373	YNR068C	0.54715
4374	R0020C	0.54709
4375	YLR191W	0.54701
4376	YER189W	0.54693
4377	YPL254W	0.54692
4378	YFR020W	0.5468
4379	YER034W	0.54671
4380	YFR032C-A	0.54667
4381	YGR184C	0.54664
4382	YKR099W	0.54664
4383	YBR163W	0.54655
4384	YHR143W	0.54654
4385	YLR142W	0.5465
4386	YDR229W	0.5465
4387	YJR062C	0.54648
4388	YLR238W	0.54645
4389	YGR225W	0.54644
4390	YHR067W	0.54643
4391	YCR097W-A	0.54641
4392	YGR270W	0.54636
4393	YGR278W	0.54629
4394	YDR273W	0.54629
4395	YOL047C	0.54618
4396	YLL006W-A	0.54618
4397	YDL098C	0.54614
4398	YER139C	0.54611
4399	YDL114W-A	0.54605
4400	YCL014W	0.54605
4401	YDR423C	0.54601
4402	YOL086W-A	0.54595
4403	YJL107C	0.5459
4404	YLR199C	0.54583
4405	YPL040C	0.54581
4406	YKL075C	0.54572
4407	YPL242C	0.54562
4408	YGL060W	0.54558
4409	YPR022C	0.54558
4410	YKL015W	0.54555
4411	YGR057C	0.54553
4412	YCL028W	0.54551
4413	YGR212W	0.5455
4414	YJL140W	0.54549
4415	YDR507C	0.54548
4416	YBR016W	0.54544
4417	YBL108W	0.54536
4418	YHR132W-A	0.54536
4419	YDR537C	0.54529
4420	YBR090C	0.5452
4421	YKR098C	0.54517
4422	YHR214W-A	0.54508
4423	YNR059W	0.54491
4424	YHR022C	0.54491
4425	YCR024C	0.54488
4426	YIL175W	0.54477
4427	YJL222W-B	0.54477
4428	YKL055C	0.54472
4429	YLR050C	0.54459
4430	YMR013W-A	0.54456
4431	YLR176C	0.54443
4432	YJL004C	0.54442
4433	YCR050C	0.54433
4434	YKL219W	0.54428
4435	YDR520C	0.5442
4436	YGR022C	0.54419
4437	YBR081C	0.54418
4438	YEL053W-A	0.54408
4439	YMR060C	0.54378
4440	YMR245W	0.54372
4441	YLL035W	0.54368
4442	YBL066C	0.54364
4443	YLR349W	0.54351
4444	YIL087C	0.54341
4445	YOL155W-A	0.5434
4446	YLR233C	0.54339
4447	YGR146C-A	0.54336
4448	YAR068W	0.54331
4449	YJL152W	0.54312
4450	YJR043C	0.54312
4451	YOL109W	0.54302
4452	YER165C-A	0.54299
4453	YDL013W	0.54295
4454	YNL269W	0.54283
4455	YMR026C	0.54283
4456	YDL045C	0.54276
4457	YNL012W	0.54274
4458	YOR143C	0.54273
4459	YOR029W	0.54269
4460	YDL214C	0.54263
4461	YPL150W	0.54261
4462	YOL028C	0.5426
4463	YNL130C-A	0.54252
4464	YNL279W	0.5425
4465	YGR008C	0.54249
4466	YDR274C	0.54236
4467	YER140W	0.54232
4468	YOL046C	0.54229
4469	YDR475C	0.54226
4470	YLR149C	0.54205
4471	YHL005C	0.54198
4472	YBL074C	0.54197
4473	YLL016W	0.54192
4474	YMR122W-A	0.5418
4475	YJR119C	0.54172
4476	YPL038W	0.54158
4477	YBR121C-A	0.54151
4478	YMR242W-A	0.54142
4479	YPR089W	0.54139
4480	YHL015W-A	0.54139
4481	YBL033C	0.54135
4482	YGL192W	0.54126
4483	YLR087C	0.54114
4484	YGL160W	0.5411
4485	YJL197C-A	0.54106
4486	YOR336W	0.541
4487	YNL324W	0.5409
4488	YBL051C	0.54089
4489	YOL095C	0.54077
4490	YHR006W	0.54073
4491	YMR031C	0.54069
4492	YDR295C	0.54068
4493	YDL041W	0.54053
4494	YCL004W	0.54047
4495	YLR311C	0.5402
4496	YAR019W-A	0.54019
4497	YML002W	0.54018
4498	YIL009C-A	0.5401
4499	YPL233W	0.54004
4500	YGR013W	0.53996
4501	YCR052W	0.53992
4502	YGR038W	0.53991
4503	YPL241C	0.53986
4504	YMR237W	0.53983
4505	YHL022C	0.53981
4506	YLR095C	0.5398
4507	YBL014C	0.53979
4508	YGR104C	0.53963
4509	YCR041W	0.53962
4510	YHR126C	0.53956
4511	YKR044W	0.53943
4512	YDR366C	0.53933
4513	YFL007W	0.53932
4514	YGR204C-A	0.53929
4515	YJR044C	0.53928
4516	YHR022C-A	0.53917
4517	YDR147W	0.53914
4518	YDL096C	0.53908
4519	YBR174C	0.539
4520	YLR396C	0.53898
4521	YLR006C	0.53893
4522	YLR403W	0.5389
4523	YLL038C	0.53881
4524	YOR183W	0.53879
4525	YDL106C	0.53869
4526	YKL188C	0.53861
4527	YLR392C	0.5386
4528	YDR159W	0.53832
4529	YOL004W	0.5383
4530	YPL238C	0.53826
4531	YGL074C	0.53826
4532	YEL007W	0.53825
4533	YIL084C	0.53825
4534	YAL067W-A	0.53814
4535	YDL149W	0.53813
4536	YDR365W-B	0.5381
4537	YFR049W	0.53802
4538	YHR023W	0.53793
4539	YFL064C	0.5379
4540	YCR063W	0.53789
4541	YMR142C	0.53788
4542	YML057C-A	0.53763
4543	YKL058W	0.5376
4544	YNL277W-A	0.53756
4545	YJL009W	0.53745
4546	YGR198W	0.5374
4547	YIL156W	0.5374
4548	YPL108W	0.5373
4549	YNL213C	0.53719
4550	YOR249C	0.53711
4551	YPR170C	0.53704
4552	YPL189W	0.53703
4553	YDL002C	0.53695
4554	YLR148W	0.53692
4555	R0010W	0.53691
4556	YDR200C	0.53679
4557	YGL136C	0.53679
4558	YLR406C-A	0.5367
4559	YOL103W-B	0.53667
4560	YEL061C	0.53666
4561	YEL035C	0.53661
4562	YAR064W	0.53657
4563	YPL257W-B	0.53656
4564	YHR217C	0.53653
4565	YDL142C	0.53653
4566	YER138C	0.53651
4567	YHR214C-B	0.53643
4568	YHR154W	0.53633
4569	YFR034C	0.53632
4570	YKR029C	0.53627
4571	YAL043C	0.53627
4572	YLR156W	0.53626
4573	YLR159W	0.53626
4574	YLR161W	0.53626
4575	YKR036C	0.53621
4576	YBR129C	0.53608
4577	YOR182C	0.53604
4578	YLR287C-A	0.53604
4579	YLR256W-B/YLR256W-C	0.536
4580	YLR157C-B	0.53593
4581	YOR345C	0.53586
4582	YER093C	0.53584
4583	YMR105W-A	0.53584
4584	YGR038C-B	0.5358
4585	YFL014W	0.53562
4586	YCR032W	0.53558
4587	YKR008W	0.53551
4588	YOR043W	0.53532
4589	YDR187C	0.53531
4590	YCR003W	0.53527
4591	YLR462W	0.53519
4592	YHR127W	0.53511
4593	YOR331C	0.53506
4594	YMR106C	0.53504
4595	YPL139C	0.53499
4596	YHR155W	0.53497
4597	YHR072W-A	0.53496
4598	YNR039C	0.53496
4599	YDL183C	0.53495
4600	YML045W	0.53492
4601	YPL057C	0.53484
4602	YGL258W-A	0.53477
4603	YDR098C-B	0.53471
4604	YOR149C	0.53448
4605	YAL055W	0.53439
4606	YDL181W	0.53434
4607	YHR214C-D	0.53429
4608	YAR069C	0.53429
4609	YAL065C	0.53429
4610	YBR144C	0.53426
4611	YJL175W	0.53421
4612	YER071C	0.5342
4613	YJR027W	0.53412
4614	YBR120C	0.53411
4615	YPR137C-B	0.53409
4616	YBR255C-A	0.53399
4617	YHR071C-A	0.53399
4618	YDR057W	0.53398
4619	YKL149C	0.53369
4620	YDR254W	0.53367
4621	YML011C	0.53365
4622	YNL080C	0.53358
4623	YNL297C	0.53345
4624	YLR054C	0.53342
4625	YDR417C	0.53338
4626	YFR045W	0.5333
4627	YBR172C	0.53329
4628	YOR106W	0.53308
4629	YER113C	0.53307
4630	YKL025C	0.53307
4631	YML039W	0.53305
4632	YJR102C	0.53302
4633	YGR129W	0.53298
4634	YPR053C	0.53296
4635	YBR133C	0.5329
4636	YHR131W-A	0.53275
4637	YNL158W	0.53274
4638	YPR108W-A	0.53266
4639	YCR083W	0.53255
4640	YBR200W-A	0.53252
4641	YBR161W	0.53244
4642	YIL019W	0.5323
4643	YPL062W	0.53229
4644	YOR072W	0.53218
4645	YDR316W-B	0.53214
4646	YIL044C	0.53214
4647	YKL072W	0.53188
4648	YFL024C	0.53187
4649	YMR316C-A	0.53184
4650	YDR246W	0.5318
4651	YMR031W-A	0.53176
4652	YDL082W	0.53168
4653	YOR142W-B	0.53167
4654	YPR133W-A	0.53166
4655	YOR277C	0.53163
4656	YPL251W	0.53162
4657	YHR101C	0.53152
4658	YHR083W	0.53148
4659	YPL152W-A	0.53147
4660	YGR161C-D	0.53145
4661	YJR029W	0.53145
4662	YDR500C	0.5314
4663	Q0075	0.53139
4664	YFL021C-A	0.53134
4665	YPR195C	0.53125
4666	YJR066W	0.53116
4667	YGR017W	0.53113
4668	YPR158C-D	0.53113
4669	YKL076C	0.53113
4670	YDR462W	0.53109
4671	YLR227W-B	0.53101
4672	YDL048C	0.53095
4673	YGR081C	0.53082
4674	YJL070C	0.53074
4675	YML122C	0.53071
4676	YDR210C-D	0.5307
4677	YMR065W	0.53067
4678	YPR077C	0.53066
4679	YOR105W	0.53065
4680	YOR242C	0.53061
4681	YOL083C-A	0.5306
4682	YBR290W	0.5305
4683	YDR470C	0.53045
4684	YKL011C	0.53042
4685	YJR128W	0.53033
4686	YLR041W	0.53031
4687	YGL034C	0.53029
4688	YMR190C	0.5302
4689	YDR416W	0.53012
4690	YAL026C-A	0.53004
4691	YMR050C	0.53004
4692	YBL020W	0.53002
4693	YGR051C	0.53002
4694	YGL109W	0.52998
4695	YGR176W	0.52993
4696	YJR018W	0.52991
4697	YCR091W	0.5299
4698	YGR109W-A	0.5299
4699	YPR016W-A	0.52981
4700	YOR318C	0.5298
4701	YGR027W-B	0.52976
4702	YMR013C	0.52973
4703	YIL056W	0.52971
4704	YGL134W	0.5297
4705	YIL082W	0.5296
4706	YJL092W	0.5296
4707	YOL136C	0.52956
4708	YGR069W	0.52948
4709	YDR157W	0.52947
4710	YGL145W	0.5294
4711	YBR109W-A	0.52932
4712	YLR379W	0.52928
4713	YPR158W-B	0.52928
4714	YDR081C	0.52923
4715	YDR179W-A	0.52918
4716	YKR016W	0.52918
4717	YLL032C	0.52913
4718	YJL122W	0.52906
4719	YML099C	0.52896
4720	YGL159W	0.52896
4721	YDL221W	0.52883
4722	YLR317W	0.52872
4723	YGL127C	0.5286
4724	YEL030C-A	0.52847
4725	YHR109W	0.52846
4726	YHR182C-A	0.52842
4727	YER050C	0.52841
4728	YOR308C	0.52824
4729	YIL077C	0.52824
4730	YGL149W	0.52821
4731	YBR012W-B	0.52819
4732	YJR134C	0.52812
4733	YGR233C	0.52809
4734	YJL199C	0.52803
4735	YER147C-A	0.528
4736	YNL017C	0.52799
4737	YJL184W	0.52798
4738	YMR175W-A	0.52777
4739	YGL124C	0.52775
4740	YOL048C	0.52774
4741	YML031C-A	0.52763
4742	YDL012C	0.52763
4743	YAL042C-A	0.52754
4744	YDR255C	0.52751
4745	YJL204C	0.52743
4746	YJL201W	0.52708
4747	YKL044W	0.52703
4748	YLR422W	0.52686
4749	YKL102C	0.52674
4750	YGR122W	0.52672
4751	YJL157C	0.52671
4752	YER169W	0.5267
4753	YLL022C	0.52667
4754	YJL064W	0.52664
4755	YGL041C-B	0.52658
4756	YLR288C	0.52656
4757	YDR228C	0.52656
4758	YNL026W	0.5265
4759	YEL025C	0.52633
4760	Q0017	0.52631
4761	YDR176W	0.52628
4762	YBR150C	0.52626
4763	YGL165C	0.52624
4764	YPL205C	0.5261
4765	YDR261C-D	0.52602
4766	YPR076W	0.52597
4767	YDR335W	0.52588
4768	YCL002C	0.52587
4769	YLR132C	0.52583
4770	YER160C	0.5258
4771	YOR329C	0.52578
4772	YOL050C	0.52561
4773	YPR020W	0.52551
4774	YOR115C	0.52548
4775	YLR347W-A	0.52543
4776	YHL048C-A	0.52541
4777	YBL025W	0.5254
4778	YDL034W	0.52539
4779	YDL196W	0.52527
4780	YNL146C-A	0.52526
4781	YJR120W	0.52515
4782	YNL054W-B	0.52495
4783	YML016C	0.52494
4784	YNL201C	0.52494
4785	YBR195C	0.52491
4786	YNR028W	0.52489
4787	YLR035C-A	0.52484
4788	YGR202C	0.52479
4789	YDL114W	0.52476
4790	YKR073C	0.52464
4791	YHR138C	0.52462
4792	YDL053C	0.52453
4793	YER019C-A	0.52449
4794	YCR024C-A	0.52447
4795	YDR231C	0.52439
4796	YKL079W	0.5243
4797	YOR072W-A	0.52429
4798	YKL049C	0.52423
4799	YDR245W	0.52422
4800	YJR136C	0.52421
4801	YNR061C	0.52407
4802	YER047C	0.52403
4803	YGL226W	0.52396
4804	YLR033W	0.52383
4805	YOL013C	0.52382
4806	YIL021C-A	0.52375
4807	YDR315C	0.52373
4808	YDR089W	0.5235
4809	YJL187C	0.52346
4810	YPL271W	0.5234
4811	YDR495C	0.52338
4812	YJL007C	0.52337
4813	YLL040C	0.52335
4814	YJR115W	0.52335
4815	YEL076C-A	0.52309
4816	YLR464W	0.52309
4817	YCL076W	0.52306
4818	YLR261C	0.52306
4819	YJR080C	0.52296
4820	YBR098W	0.52289
4821	YBR040W	0.52286
4822	YHR097C	0.52278
4823	YBR272C	0.52278
4824	YCL012C	0.52261
4825	YCR047W-A	0.52249
4826	YDL044C	0.52246
4827	YJL023C	0.52244
4828	YGR106C	0.5224
4829	YDL219W	0.52239
4830	YJR138W	0.52234
4831	YIR030C	0.52223
4832	YCR085W	0.52221
4833	YOR376W-A	0.5222
4834	YIR044C	0.52214
4835	YBL005W-B	0.52206
4836	YDR230W	0.52201
4837	YKR004C	0.52199
4838	YLR067C	0.52196
4839	YPR014C	0.52185
4840	YOR135C	0.52174
4841	YDR377W	0.52174
4842	YNL136W	0.52173
4843	YNL284C-B	0.52159
4844	YOL166C	0.52157
4845	YDL247W-A	0.52146
4846	YMR045C	0.52139
4847	YNL245C	0.52138
4848	YMR247W-A	0.52137
4849	YML108W	0.52134
4850	YDR464W	0.52129
4851	YOR316C-A	0.52124
4852	YOR080W	0.52111
4853	YKL147C	0.52106
4854	YBR012C	0.521
4855	YBR215W	0.52096
4856	YLL019C	0.52095
4857	YHR007C-A	0.52093
4858	YNL187W	0.52089
4859	YBL039C-A	0.52081
4860	YDL162C	0.52074
4861	YKL038W	0.52068
4862	YLR332W	0.52053
4863	YAL045C	0.5204
4864	YGL218W	0.52037
4865	YDL009C	0.5203
4866	YDL107W	0.52026
4867	YDR072C	0.52016
4868	YJL195C	0.51999
4869	YGL235W	0.51997
4870	YEL076C	0.51997
4871	YFR012W-A	0.51996
4872	YEL050W-A	0.51991
4873	YIL047C-A	0.51985
4874	YMR048W	0.51975
4875	YLR437C-A	0.5197
4876	YOR050C	0.51969
4877	YCL046W	0.51969
4878	YDR484W	0.51964
4879	YGL177W	0.51964
4880	YJR041C	0.51964
4881	YMR182C	0.51957
4882	YOR355W	0.51947
4883	YPL034W	0.51934
4884	YDR371C-A	0.51933
4885	YOR289W	0.51899
4886	YCL021W	0.51888
4887	YLR154C-H	0.51883
4888	YLR159C-A	0.51883
4889	YLR156C-A	0.51883
4890	YLR157C-C	0.51883
4891	YNL294C	0.51875
4892	YGL013C	0.5186
4893	YFL015W-A	0.51857
4894	YNL038W	0.51855
4895	YJR059W	0.51852
4896	YGR050C	0.51851
4897	YDL086C-A	0.51848
4898	YLR302C	0.51845
4899	YDR486C	0.51836
4900	YLR402W	0.51826
4901	YKR020W	0.51816
4902	YHR078W	0.51814
4903	YNL089C	0.51803
4904	YLR162W	0.51802
4905	YCL024W	0.51794
4906	YPR130C	0.51776
4907	YER078W-A	0.51774
4908	YOR060C	0.51757
4909	YDR138W	0.51749
4910	YKR027W	0.51747
4911	YIL112W	0.51744
4912	YHR071W	0.51741
4913	YJL016W	0.51738
4914	YDR271C	0.51731
4915	YCL058C	0.51729
4916	YIL090W	0.51721
4917	YPL056C	0.51717
4918	YMR176W	0.51708
4919	YJL120W	0.51705
4920	YMR316W	0.51701
4921	YDL077C	0.51665
4922	YNL114C	0.51664
4923	YML114C	0.51662
4924	YJL028W	0.51659
4925	YKR083C	0.51645
4926	YKL097C	0.51645
4927	YBL006W-A	0.51641
4928	YHR001W-A	0.51633
4929	YOR008C-A	0.51631
4930	YMR254C	0.51622
4931	YLR123C	0.51606
4932	YFR043C	0.51603
4933	YDR118W-A	0.51603
4934	YOR019W	0.51599
4935	YER041W	0.51585
4936	YEL020C-B	0.51579
4937	YPL038W-A	0.51577
4938	YHL044W	0.5157
4939	YPL016W	0.51551
4940	YOR337W	0.51533
4941	YLR356W	0.51524
4942	YOR068C	0.51517
4943	YCR081C-A	0.51517
4944	YLR310C	0.51508
4945	YGR130C	0.51505
4946	YGR064W	0.51504
4947	YDR250C	0.51503
4948	YOL026C	0.51502
4949	YBR206W	0.51486
4950	YBR076C-A	0.51483
4951	YER148W-A	0.51475
4952	YFR023W	0.51459
4953	YBR027C	0.5145
4954	YGL118C	0.5144
4955	YGL217C	0.51434
4956	YLR104W	0.51428
4957	YMR021C	0.5142
4958	YML029W	0.51417
4959	YER173W	0.51417
4960	YNR037C	0.51381
4961	YLR136C	0.5138
4962	YIR024C	0.51375
4963	YDR220C	0.51375
4964	YGR068W-A	0.51352
4965	YJL188C	0.51346
4966	YMR311C	0.51332
4967	YIL012W	0.5131
4968	YOL019W-A	0.51306
4969	YLR264C-A	0.51301
4970	YJL043W	0.51294
4971	YLR269C	0.51288
4972	YLR321C	0.51268
4973	YMR117C	0.51268
4974	YEL018C-A	0.51264
4975	YER014C-A	0.51261
4976	YOL097W-A	0.51243
4977	YNL041C	0.51234
4978	YJL135W	0.5123
4979	YDL070W	0.51225
4980	YCR001W	0.51221
4981	YHR054W-A	0.51218
4982	YHR052W-A	0.51218
4983	YGR226C	0.51191
4984	YIL031W	0.51179
4985	YDL216C	0.51178
4986	YER145C-A	0.51173
4987	YPL025C	0.51161
4988	YKL123W	0.51154
4989	YJL132W	0.51152
4990	YOR073W-A	0.51145
4991	YKL205W	0.51132
4992	YER022W	0.51119
4993	YFL013W-A	0.51117
4994	YKL133C	0.51109
4995	YPR075C	0.51106
4996	YLR128W	0.51086
4997	YPL041C	0.51085
4998	YOL164W-A	0.51084
4999	YOL138C	0.51083
5000	YDR290W	0.51081
5001	YGL142C	0.51076
5002	YDL172C	0.51076
5003	YGR096W	0.51073
5004	YBR178W	0.51071
5005	YHR214C-C	0.5107
5006	YOR140W	0.51057
5007	YML089C	0.51054
5008	YKL131W	0.51049
5009	YHR139C-A	0.51043
5010	YER092W	0.5103
5011	YPL080C	0.5102
5012	YMR030W-A	0.51018
5013	YPR063C	0.51004
5014	YDR491C	0.50993
5015	YOR199W	0.50989
5016	YPL156C	0.50984
5017	YHR086W-A	0.50975
5018	YBL029W	0.50963
5019	YNL005C	0.50962
5020	YBL044W	0.50959
5021	YPL085W	0.50958
5022	YLR453C	0.50952
5023	YHL045W	0.50949
5024	YHR021W-A	0.50947
5025	YKR031C	0.50943
5026	YPL222C-A	0.5094
5027	YDL232W	0.50938
5028	YLR423C	0.50937
5029	YHL020C	0.50931
5030	YIL042C	0.50908
5031	YHR214C-E	0.50907
5032	YFL010W-A	0.50904
5033	YGL113W	0.50898
5034	YOL100W	0.50891
5035	YGL146C	0.50891
5036	YNL338W	0.50883
5037	YOL014W	0.50883
5038	YMR159C	0.5088
5039	YMR298W	0.50879
5040	YCR045W-A	0.50871
5041	YML129C	0.50863
5042	YGR265W	0.50846
5043	YDR278C	0.50844
5044	YNR075C-A	0.50843
5045	YOR148C	0.50841
5046	YDL025W-A	0.5083
5047	YLR442C	0.5083
5048	YKR095W	0.50826
5049	YLL019W-A	0.50819
5050	YBL071C-B	0.50816
5051	YNL183C	0.50812
5052	YNL234W	0.50805
5053	YBL065W	0.50801
5054	YOR276W	0.50776
5055	YBR217W	0.50771
5056	YHR063W-A	0.5076
5057	YMR307C-A	0.50757
5058	YJL067W	0.50728
5059	YOR293C-A	0.50722
5060	YHL009C	0.50722
5061	YLR125W	0.50721
5062	YPR040W	0.50719
5063	YDR333C	0.50718
5064	YDR322W	0.50711
5065	YAR020C	0.50709
5066	YKL092C	0.507
5067	YPR117W	0.50694
5068	YHL043W	0.50687
5069	YIL028W	0.50673
5070	YGL197W	0.50672
5071	YBR126W-B	0.5067
5072	YKL153W	0.50665
5073	YIR020W-A	0.50664
5074	R0040C	0.50657
5075	YLR280C	0.50655
5076	YBR232C	0.50652
5077	YDR383C	0.50652
5078	YLL021W	0.50647
5079	YGR052W	0.50645
5080	YDR344C	0.50635
5081	YMR008C-A	0.50627
5082	YLR459W	0.50627
5083	YLR416C	0.50605
5084	Q0080	0.50604
5085	YLR057W	0.50598
5086	YOR325W	0.50584
5087	YKL036C	0.50575
5088	YMR098C	0.50568
5089	YDR303C	0.50556
5090	YER054C	0.50541
5091	YBL084C	0.50541
5092	YBL062W	0.5054
5093	YNL265C	0.50538
5094	YOL035C	0.50534
5095	YBR292C	0.50533
5096	YKL208W	0.5053
5097	YLL030C	0.5053
5098	YPR109W	0.50519
5099	YDL005C	0.50505
5100	YLR331C	0.50505
5101	YNL179C	0.50503
5102	YGR222W	0.50498
5103	YLR101C	0.50494
5104	YLL020C	0.50488
5105	YLR024C	0.50466
5106	YDR357C	0.50465
5107	YOL099C	0.5046
5108	YBL107W-A	0.50458
5109	YHL037C	0.5045
5110	YAL047W-A	0.50441
5111	YER090C-A	0.50441
5112	YOR260W	0.50427
5113	YDR442W	0.50427
5114	YPL026C	0.50423
5115	YGR030C	0.50417
5116	YDR197W	0.50414
5117	YNL304W	0.50412
5118	YPL135C-A	0.50396
5119	YBR108W	0.50394
5120	YLR228C	0.50393
5121	YCR015C	0.5038
5122	YHR125W	0.50379
5123	YER112W	0.50371
5124	YPL185W	0.50358
5125	YJL037W	0.50356
5126	YGL007C-A	0.50353
5127	YML007C-A	0.50352
5128	YPR070W	0.5035
5129	YMR119W-A	0.50349
5130	YIL032C	0.50346
5131	YML094C-A	0.50342
5132	YGR045C	0.50341
5133	YML107C	0.50339
5134	YCR064C	0.50336
5135	YPL202C	0.5033
5136	YNL068C	0.5033
5137	YGR269W	0.50318
5138	YOR248W	0.50315
5139	YLR278C	0.50306
5140	YLR370C	0.50302
5141	YGL215W	0.503
5142	YIL014C-A	0.50298
5143	YKL100W-A	0.50284
5144	YHR004C	0.50265
5145	YGL107C	0.50265
5146	YPR049C	0.50259
5147	YLR346C	0.50257
5148	YKL141W	0.50256
5149	YOR225W	0.50252
5150	YDR451C	0.50252
5151	YIL149C	0.50246
5152	YCR066W	0.50243
5153	YPR061C	0.50241
5154	YBL083C	0.50241
5155	YCL019W	0.50238
5156	YNL097C-B	0.50231
5157	YDR017C	0.50225
5158	YBR036C	0.5022
5159	YGL199C	0.50218
5160	YGR190C	0.50215
5161	YIR003W	0.50205
5162	YIL020C-A	0.50195
5163	YJL013C	0.50192
5164	YDR319C	0.50189
5165	YGR259C	0.50188
5166	YFL065C	0.50188
5167	YLR342W-A	0.50185
5168	YGR293C	0.50178
5169	YNR024W	0.50171
5170	YDR126W	0.50169
5171	YEL074W	0.50164
5172	YGR206W	0.50154
5173	YLL037W	0.50147
5174	YIL024C	0.50147
5175	YOL037C	0.50144
5176	YOR058C	0.50143
5177	YOR354C	0.50141
5178	YDL026W	0.50137
5179	YIL174W	0.50132
5180	YJL222W-A	0.50132
5181	YPL182C	0.5013
5182	YPR203W	0.50119
5183	YGR228W	0.50115
5184	YLR440C	0.50112
5185	YML076C	0.50092
5186	YLL017W	0.50086
5187	YML036W	0.50082
5188	YFL002W-A	0.5005
5189	YGR161W-B	0.5005
5190	YPR009W	0.50039
5191	YER109C	0.50036
5192	YOL013W-A	0.50034
5193	YBR196C-B	0.50032
5194	YJL127W-A	0.50013
5195	YIL029W-A	0.50011
5196	YPL114W	0.50011
5197	YNL172W	0.50007
5198	YAR029W	0.50005
5199	YLR415C	0.50002
5200	YNL140C	0.49992
5201	YAR070C	0.49987
5202	YAL041W	0.49987
5203	YDR261W-B	0.49986
5204	YNL230C	0.49983
5205	YBR103C-A	0.49982
5206	YGR227W	0.49979
5207	YBL077W	0.49974
5208	YGL063C-A	0.49974
5209	YHL002C-A	0.49973
5210	YLR165C	0.4997
5211	YOL017W	0.4997
5212	YIL129C	0.49956
5213	YPL076W	0.49953
5214	YCL061C	0.49931
5215	YMR111C	0.49927
5216	YGR122C-A	0.49917
5217	YDR464C-A	0.4991
5218	YLR395C	0.49909
5219	YMR133W	0.49908
5220	YLR463C	0.49906
5221	YGL073W	0.49896
5222	YGL072C	0.49893
5223	YOR192C-B	0.49887
5224	YNL170W	0.49886
5225	YMR001C-A	0.49885
5226	YDR034C-D	0.4988
5227	YLR154C-G	0.49868
5228	YNL303W	0.49856
5229	YPL161C	0.49854
5230	YLR106C	0.49847
5231	YNL086W	0.49842
5232	YDR183C-A	0.49841
5233	YHR213W-A	0.49831
5234	YER107W-A	0.49827
5235	YIR011C	0.49827
5236	YEL017C-A	0.49824
5237	YGR038C-D/YGR038C-C	0.49818
5238	YHR119W	0.49804
5239	YJL176C	0.49789
5240	YPL047W	0.49781
5241	YDR544C	0.49771
5242	YOL069W	0.49766
5243	YDR296W	0.4976
5244	YLR407W	0.49748
5245	YKL074C	0.49745
5246	YDR374W-A	0.49745
5247	YDR458C	0.49744
5248	YIL068W-A	0.49744
5249	YEL075W-A	0.49741
5250	YLR322W	0.49741
5251	YOR379C	0.49734
5252	YHL030W-A	0.49723
5253	YCR099C	0.49715
5254	YMR072W	0.49711
5255	YGR290W	0.49709
5256	YDR102C	0.49708
5257	YDR340W	0.49705
5258	YML103C	0.49686
5259	YLR295C	0.49686
5260	YNL143C	0.49681
5261	YPR202W	0.49679
5262	YDR199W	0.49677
5263	YPR199C	0.49676
5264	YJL049W	0.49667
5265	YKR030W	0.49666
5266	YAL069W	0.49664
5267	YIL115W-A	0.49662
5268	YDR355C	0.49658
5269	YDL163W	0.49631
5270	YGR084C	0.49627
5271	YIR036W-A	0.49626
5272	YLR127C	0.49624
5273	YER084W	0.49623
5274	YDR125C	0.49621
5275	YJL156W-A	0.49601
5276	YER046W	0.49588
5277	YBR230W-A	0.4958
5278	YDR104C	0.49571
5279	YDR210W-B	0.49568
5280	YLR374C	0.49568
5281	YCL054W-A	0.49549
5282	YML034W	0.4954
5283	YDR169C	0.4953
5284	YLR365W	0.49521
5285	YLR410W-B	0.49518
5286	YJL182C	0.49505
5287	YNR005C	0.49503
5288	YNL058C	0.49496
5289	YLR062C	0.49493
5290	YPL044C	0.49482
5291	YKL136W	0.49468
5292	YOR373W	0.49468
5293	YPL256C	0.49459
5294	YBR239C	0.49455
5295	YDR169C-A	0.49452
5296	YDR119W-A	0.49438
5297	YMR294W	0.49428
5298	YGL093W	0.49417
5299	YHR149C	0.49406
5300	YDR379W	0.49404
5301	YNR035C	0.49396
5302	YNR001W-A	0.49393
5303	YER184C	0.49388
5304	YGL188C	0.49387
5305	YLR285C-A	0.49379
5306	YBR089W	0.49357
5307	YDR003W-A	0.49354
5308	YNL097W-A	0.49344
5309	YLR381W	0.49343
5310	YDR015C	0.49335
5311	YPL278C	0.49335
5312	YEL072W	0.49333
5313	YLR151C	0.49331
5314	YKL183W	0.49326
5315	YBL100W-B	0.49324
5316	YGL059W	0.49319
5317	YMR320W	0.49313
5318	YML047C	0.49307
5319	YPL144W	0.49304
5320	YLR256W	0.493
5321	YMR134W	0.49298
5322	YDR005C	0.49297
5323	YPL193W	0.49291
5324	YDL071C	0.49285
5325	YOR028C	0.49283
5326	YER023C-A	0.4927
5327	YOR146W	0.49269
5328	YDR133C	0.4926
5329	YDL173W	0.49257
5330	YKR075W-A	0.49245
5331	YJL215C	0.49242
5332	YKR041W	0.49238
5333	YMR153W	0.49238
5334	YLR211C	0.49231
5335	YGR147C	0.49229
5336	YDR095C	0.49225
5337	YGL090W	0.4922
5338	YNL150W	0.49219
5339	YNL157W	0.49216
5340	YJR038C	0.49214
5341	YOR144C	0.49211
5342	YJR101W	0.49185
5343	YGL152C	0.4918
5344	YER138W-A	0.4918
5345	YDR118W	0.49176
5346	YAL034C-B	0.4917
5347	YLL002W	0.49163
5348	YJL169W	0.49161
5349	YIL159W	0.49141
5350	YDR524C-A	0.4913
5351	YNL133C	0.49117
5352	YJL099W	0.49115
5353	YOR343W-B	0.49111
5354	YOL160W	0.49099
5355	YDR053W	0.49097
5356	YLR120W-A	0.49086
5357	YBR128C	0.49084
5358	YMR066W	0.49073
5359	YIL132C	0.4907
5360	YCL005W-A	0.49061
5361	YLL066W-B	0.4906
5362	YML017W	0.49057
5363	YDL130W-A	0.49054
5364	YHR105W	0.49048
5365	YPL216W	0.49038
5366	YDL121C	0.49025
5367	YPL192C	0.49004
5368	YCL065W	0.49003
5369	YIR020C	0.49002
5370	YOR220W	0.49001
5371	YGR053C	0.48992
5372	YMR016C	0.48983
5373	YPR050C	0.48958
5374	YIR033W	0.48947
5375	YDL115C	0.48947
5376	YMR294W-A	0.48933
5377	YMR256C	0.48929
5378	YLR428C	0.48924
5379	YIL025C	0.48889
5380	YJL207C	0.48884
5381	YGL249W	0.48882
5382	YGR219W	0.48875
5383	YPL120W	0.48865
5384	YKL169C	0.48837
5385	YLR010C	0.48833
5386	YDR524W-C	0.48825
5387	YMR172C-A	0.48821
5388	YNL295W	0.48806
5389	YBR257W	0.48805
5390	YPR160C-A	0.48802
5391	YDR535C	0.48797
5392	YDR367W	0.48793
5393	YDR348C	0.48784
5394	YDR115W	0.48775
5395	YDR073W	0.48774
5396	YER018C	0.48772
5397	YHL019W-A	0.48771
5398	YBL070C	0.48762
5399	YNL337W	0.48762
5400	YER137C	0.4876
5401	YLR236C	0.4876
5402	YDR078C	0.48759
5403	YKL177W	0.48754
5404	YDR076W	0.48749
5405	YMR032W	0.48748
5406	YNR047W	0.48748
5407	YJR093C	0.48744
5408	YBR032W	0.48725
5409	YKL183C-A	0.48714
5410	YFR009W-A	0.48713
5411	YMR258C	0.4871
5412	YHR082C	0.48702
5413	YOR085W	0.48682
5414	YOR008W-B	0.48679
5415	YDR369C	0.48679
5416	YIL139C	0.48678
5417	YOL032W	0.48674
5418	YAL008W	0.48671
5419	YPR122W	0.48671
5420	YHL009W-B	0.48654
5421	YGL123C-A	0.48653
5422	YDR285W	0.48649
5423	YDL139C	0.48646
5424	YHR035W	0.48628
5425	YDL032W	0.48622
5426	YMR141C	0.48613
5427	YAL032C	0.48609
5428	YMR184W	0.48609
5429	YDL228C	0.48603
5430	Q0110	0.48597
5431	YPL075W	0.48594
5432	YMR304C-A	0.48582
5433	YKL083W	0.48565
5434	YCL029C	0.48565
5435	YHR049C-A	0.48561
5436	YDR426C	0.48542
5437	YER068C-A	0.4854
5438	YGL052W	0.48526
5439	YOL089C	0.48512
5440	YLL049W	0.4851
5441	YCR025C	0.48508
5442	YFR039C	0.48501
5443	YLR454W	0.48497
5444	YDR401W	0.48495
5445	YJL202C	0.4848
5446	YMR007W	0.48471
5447	YBR259W	0.4847
5448	YJL113W	0.48461
5449	YBR270C	0.48453
5450	YOR221C	0.48449
5451	YPL136W	0.48446
5452	YGR025W	0.48445
5453	YFR010W-A	0.48445
5454	YCR033W	0.48444
5455	YOR041C	0.48425
5456	YIL156W-A	0.48424
5457	YJL019W	0.48424
5458	YCL039W	0.48422
5459	YLR171W	0.48415
5460	YLR235C	0.48415
5461	YGR018C	0.48411
5462	YJL105W	0.4841
5463	YAL037C-A	0.48404
5464	YOR083W	0.48399
5465	YBR099C	0.48397
5466	YNR004W	0.48395
5467	YEL008C-A	0.48388
5468	YOR263C	0.48378
5469	YOR012W	0.48378
5470	YML128C	0.48373
5471	YJL015C	0.48359
5472	YJL180C	0.48352
5473	YOL053W	0.48346
5474	YJR135C	0.48336
5475	YHL027W	0.48325
5476	YDR124W	0.48311
5477	YER186C	0.48299
5478	YBR083W	0.48276
5479	YOR282W	0.48274
5480	YDR360W	0.48255
5481	YIL029C	0.48255
5482	YOL085C	0.48247
5483	YOL038C-A	0.48245
5484	YIL002W-A	0.48231
5485	YDR469W	0.48226
5486	YJL038C	0.48223
5487	YJL073W	0.48221
5488	YJR023C	0.48214
5489	YPL178W	0.48204
5490	YJL220W	0.482
5491	YIL171W-A	0.482
5492	YER115C	0.48197
5493	YEL017W	0.48194
5494	YGL168W	0.4817
5495	YKR101W	0.48153
5496	YBR233W-A	0.48148
5497	YFL049W	0.48146
5498	YBR262C	0.48138
5499	YKL115C	0.48135
5500	YMR064W	0.48112
5501	YGL041W-A	0.48111
5502	YPL060C-A	0.48106
5503	YDR136C	0.48105
5504	YNL276C	0.48093
5505	YMR118C	0.48091
5506	YMR135W-A	0.4809
5507	YPR150W	0.48085
5508	YOR108C-A	0.48076
5509	YBR056W-A	0.4807
5510	YDR119W	0.48055
5511	YHR070C-A	0.48053
5512	YAR030C	0.48034
5513	YDR466W	0.4803
5514	YLR350W	0.48001
5515	YER006C-A	0.47992
5516	YMR274C	0.47986
5517	YJL083W	0.47985
5518	YDR131C	0.47984
5519	YLR320W	0.47966
5520	YAL059C-A	0.47958
5521	YER046W-A	0.47954
5522	YGL247W	0.47954
5523	YKL101W	0.47941
5524	YEL067C	0.47924
5525	YHR156C	0.47915
5526	YDR034C-A	0.47914
5527	YJL044C	0.47893
5528	YML041C	0.47888
5529	YGR160W	0.4788
5530	YBR131C-A	0.47878
5531	YNL008C	0.47866
5532	YMR172W	0.47865
5533	YJL077W-B	0.47857
5534	YPR095C	0.47851
5535	YDR146C	0.47849
5536	YGR150C	0.47844
5537	YGL239C	0.47829
5538	YPR039W	0.47814
5539	YBR077C	0.47811
5540	YOR193W	0.4781
5541	YFR029W	0.47806
5542	YER172C-A	0.47801
5543	YFR040W	0.47799
5544	YBR296C-A	0.4779
5545	YOR228C	0.47782
5546	YOR366W	0.47779
5547	YOL070C	0.47777
5548	YMR280C	0.47769
5549	YPR106W	0.47767
5550	YER152W-A	0.47765
5551	YGR089W	0.4776
5552	YDR525W	0.47753
5553	YDR505C	0.4775
5554	YJL077C	0.4775
5555	YMR119W	0.47743
5556	YHR073W-A	0.47739
5557	YAL034C	0.47737
5558	YFL012W-A	0.47729
5559	YPR177C	0.47728
5560	YPR099C	0.47711
5561	YJL075C	0.47705
5562	YKR019C	0.47703
5563	YDL213W-A	0.47694
5564	YOL083W	0.47691
5565	YMR019W	0.47686
5566	YKR033C	0.47673
5567	YHR050W-A	0.47664
5568	YBR131W	0.47662
5569	YBR171W	0.47657
5570	YHR056C	0.47656
5571	YMR284W	0.47656
5572	YIR018W	0.47651
5573	YMR013C-A	0.47644
5574	YML007W	0.47641
5575	YIL105W-A	0.4764
5576	YBL008W-A	0.47638
5577	Q0115	0.47637
5578	YIL060W	0.47635
5579	YHR159W	0.47633
5580	YLR162W-A	0.47632
5581	YLR169W	0.47628
5582	YMR073C	0.47618
5583	YBR049C	0.47614
5584	YCR095W-A	0.47613
5585	YER188C-A	0.47611
5586	YNL120C	0.47604
5587	YAL068W-A	0.47586
5588	YER122C	0.47573
5589	YLR076C	0.47569
5590	YGR031C-A	0.47564
5591	YJL209W	0.47541
5592	YOR208W	0.47512
5593	YDR354C-A	0.47511
5594	YMR198W	0.47498
5595	YOR015W	0.47493
5596	YGR098C	0.47492
5597	YAR014C	0.47488
5598	YHR165C	0.47481
5599	YLR182W	0.47477
5600	YDR048C	0.47477
5601	YFR056C	0.47457
5602	YKL104W-A	0.47444
5603	YMR018W	0.47443
5604	YDR008C	0.47442
5605	YBL103C	0.47424
5606	YKL176C	0.4742
5607	YDR246W-A	0.47398
5608	YNL145W	0.47386
5609	YLR111W	0.47383
5610	YJL048C	0.47381
5611	YNL019C	0.47375
5612	YOR394C-A	0.47339
5613	YOR231C-A	0.47326
5614	YLR098C	0.47319
5615	YDR307W	0.47311
5616	YAL064W	0.47306
5617	YJL086C	0.47304
5618	YJL022W	0.47295
5619	YER053C-A	0.47293
5620	YKL063C	0.47287
5621	YER135C	0.47287
5622	YMR100W	0.47247
5623	YJR053W	0.47245
5624	YNR003W-A	0.47242
5625	YOR218C	0.47229
5626	YBR033W	0.47223
5627	YDR381C-A	0.4721
5628	YMR158W-B	0.47201
5629	YDR215C	0.47183
5630	YOR189W	0.47181
5631	YLR466C-B	0.47181
5632	YJR005C-A	0.47167
5633	YGR250C	0.47162
5634	YFR026C	0.47159
5635	YDR143C	0.4714
5636	YPR071W	0.47137
5637	YER079C-A	0.47134
5638	YPL011C	0.47133
5639	YOL107W	0.47131
5640	YOR392W	0.47127
5641	YDR371W	0.4712
5642	YGL066W	0.47105
5643	YLR202C	0.47082
5644	YNL033W	0.4708
5645	YIL071C	0.4708
5646	YJR127C	0.47073
5647	YBR250W	0.47073
5648	YDR499W	0.47067
5649	YNR042W	0.47064
5650	YNR063W	0.47057
5651	YMR122C	0.47043
5652	YIR020C-B	0.47041
5653	YJR092W	0.47041
5654	YKR046C	0.47037
5655	YLR112W	0.47031
5656	YNL205C	0.47029
5657	YGL209W	0.46995
5658	YOR266W	0.46994
5659	YOR297C	0.46989
5660	YGL041C	0.46974
5661	YHR153C	0.46965
5662	YIL136W	0.46959
5663	YGL071W	0.46959
5664	YOL159C	0.46948
5665	YLR400W	0.46945
5666	YPL073C	0.46945
5667	YNL164C	0.46942
5668	YHR212C	0.46934
5669	YAR060C	0.46934
5670	YER129W	0.46933
5671	YBL005W	0.4693
5672	YLR364C-A	0.46925
5673	YGL086W	0.46925
5674	YHR052C-B	0.46923
5675	YHR054C-B	0.46923
5676	YAL037W	0.46917
5677	YHL025W	0.46917
5678	YKL050C	0.46897
5679	YLR329W	0.46864
5680	YML116W-A	0.46844
5681	YGR251W	0.4684
5682	YAR047C	0.46834
5683	YDR317W	0.4683
5684	YKL020C	0.46827
5685	YPR027C	0.46827
5686	YML034C-A	0.46824
5687	YIL144W	0.46812
5688	YGR151C	0.46809
5689	YIL049W	0.46806
5690	YBR188C	0.46797
5691	YLR361C-A	0.4679
5692	YNL109W	0.46764
5693	YLR135W	0.46763
5694	YML023C	0.46761
5695	YLR424C-A	0.4675
5696	YNL174W	0.4675
5697	YGR077C	0.46749
5698	YLR313C	0.46749
5699	YNL138W-A	0.46741
5700	YOR314W	0.4673
5701	YJL047C-A	0.46725
5702	YGR196C	0.46715
5703	YKL048C	0.46715
5704	YDR010C	0.46684
5705	YLR012C	0.46675
5706	YDR034W-B	0.46672
5707	YJL076W	0.46665
5708	YPR126C	0.46662
5709	YGL151W	0.46659
5710	YDR016C	0.46656
5711	YMR082C	0.46647
5712	YKL061W	0.46639
5713	YHL009W-A	0.46637
5714	YLR444C	0.46635
5715	YNL053W	0.46625
5716	YDR153C	0.46619
5717	YAL019W-A	0.46614
5718	YBR240C	0.46594
5719	YGR049W	0.46593
5720	YPR007C	0.46593
5721	YJL095W	0.4659
5722	YPL021W	0.46581
5723	YDR509W	0.4658
5724	YER085C	0.46579
5725	YDR543C	0.46566
5726	YGL188C-A	0.46562
5727	YBR004C	0.4656
5728	YMR025W	0.4655
5729	YDR327W	0.46531
5730	YPL166W	0.46519
5731	YIL098C	0.46518
5732	YHL006W-A	0.46513
5733	YNL054W	0.4651
5734	YMR164C	0.46509
5735	YNL204C	0.46509
5736	YPL250W-A	0.46503
5737	YBR298C-A	0.46503
5738	YDR532C	0.46491
5739	YDR350C	0.46488
5740	YKR005C	0.46473
5741	YDR494W	0.46451
5742	YLR154W-B	0.4644
5743	YOR011W-A	0.46424
5744	YDL088C	0.46411
5745	YJL114W	0.46399
5746	YML047W-A	0.4639
5747	YDR194W-A	0.46389
5748	YPR158C-C	0.46387
5749	YOL103W-A	0.46385
5750	YDR261C-C	0.46353
5751	YOR300W	0.46338
5752	YJR003C	0.46336
5753	YGL132W	0.46333
5754	YDR431W	0.46328
5755	YKL108W	0.4631
5756	YGL162W	0.46309
5757	YMR199W	0.46302
5758	YOL003C	0.46282
5759	YMR052W	0.46265
5760	YOL079W	0.46264
5761	YDR526C	0.46259
5762	YLR271W	0.46254
5763	YCR087W	0.46239
5764	YIR021W-A	0.46237
5765	YPL177C	0.46233
5766	YNL042W-B	0.46232
5767	YER091C-A	0.46231
5768	YIL117C	0.4623
5769	YGR011W	0.46228
5770	YLR082C	0.4622
5771	YBR266C	0.46218
5772	YEL018W	0.46208
5773	YPR021C	0.46201
5774	YNL226W	0.46196
5775	YOL101C	0.46183
5776	YML083C	0.46176
5777	YCL056C	0.46175
5778	YOL117W	0.46175
5779	YKL130C	0.46169
5780	YPL189C-A	0.46166
5781	YBR238C	0.46162
5782	YDL220C	0.46144
5783	YJL211C	0.46144
5784	YLR198C	0.46127
5785	YNL167C	0.46119
5786	YPL257W-A	0.46113
5787	YLR157C-A	0.46113
5788	YDR365W-A	0.46113
5789	YER137C-A	0.46113
5790	YER118C	0.46111
5791	YMR257C	0.46105
5792	YLR366W	0.46099
5793	YLR163W-A	0.46096
5794	YBR300C	0.46082
5795	YPR012W	0.46067
5796	YNL285W	0.46063
5797	YLR265C	0.4606
5798	YOR343C	0.46056
5799	YBR135W	0.46048
5800	YMR194C-A	0.46042
5801	YGR035W-A	0.46032
5802	YER075C	0.46029
5803	YLR434C	0.46016
5804	YNL254C	0.46006
5805	YLR424W	0.4599
5806	YDR445C	0.45975
5807	YDR043C	0.45969
5808	YHR058C	0.45965
5809	YPR159C-A	0.45964
5810	YFL063W	0.45958
5811	YLR327C	0.45955
5812	YEL010W	0.45954
5813	YDR034C	0.45946
5814	YML045W-A	0.45941
5815	YDL235C	0.4594
5816	YPR068C	0.45939
5817	YDR235W	0.45929
5818	YBR168W	0.45922
5819	YGR114C	0.45915
5820	YML059C	0.4589
5821	YLR139C	0.45879
5822	YHR017W	0.45878
5823	YGL193C	0.45871
5824	YML027W	0.45868
5825	YHL038C	0.45866
5826	YIL127C	0.4586
5827	YDR065W	0.45855
5828	YBR066C	0.45853
5829	YPL219W	0.45829
5830	YLR154W-C	0.45827
5831	YDR406W-A	0.4581
5832	YLR256W-A	0.45809
5833	YDR156W	0.45804
5834	YDL204W	0.45799
5835	YOR364W	0.45794
5836	YOR304C-A	0.45793
5837	YML040W	0.45792
5838	YLR227W-A	0.45792
5839	YJR026W	0.45792
5840	YLR073C	0.45773
5841	YKR015C	0.45761
5842	YBL071C	0.45742
5843	YDR217C	0.45736
5844	YHL023C	0.45734
5845	YMR326C	0.4571
5846	YGL237C	0.45706
5847	YIL030W-A	0.45697
5848	YDR098C-A	0.45687
5849	YPR137C-A	0.45675
5850	YAR010C	0.45675
5851	YBR012W-A	0.4567
5852	YBL006C	0.45661
5853	YGL061C	0.45639
5854	YER067C-A	0.45631
5855	YDL170W	0.45612
5856	YDR241W	0.4561
5857	YGR161C-C	0.45588
5858	YMR051C	0.45588
5859	YDR316W-A	0.45588
5860	YLR035C-B	0.45588
5861	YER159C-A	0.45588
5862	YPR015C	0.45557
5863	Q0297	0.45537
5864	YOR129C	0.45519
5865	YMR075C-A	0.45498
5866	YDR529C	0.45497
5867	YDL158C	0.4549
5868	YMR103C	0.45468
5869	YPR185W	0.45461
5870	YNL165W	0.45461
5871	YKR011C	0.4546
5872	YDR088C	0.45437
5873	YDL197C	0.45431
5874	YPR136C	0.45414
5875	YDL056W	0.45407
5876	YNL228W	0.45401
5877	YHR131C	0.45397
5878	YGR038C-A	0.45392
5879	YBL054W	0.45389
5880	YNL296W	0.45385
5881	YAL066W	0.45375
5882	YPR146C	0.45373
5883	YDL073W	0.45373
5884	YLR294C	0.45371
5885	YDL094C	0.45368
5886	YBL063W	0.45366
5887	YGL204C	0.4536
5888	YDL020C	0.45354
5889	YER137W-A	0.4535
5890	YEL028W	0.45349
5891	YJL146W	0.45347
5892	YMR046W-A	0.45334
5893	YDR179C	0.45321
5894	YLR360W	0.45308
5895	YJR028W	0.45306
5896	YDR166C	0.45306
5897	YJR114W	0.45306
5898	YLL005C	0.45293
5899	YOR152C	0.4529
5900	YBR152W	0.45284
5901	YIL089W	0.45274
5902	YDR149C	0.45263
5903	YDR329C	0.45242
5904	YPR158W-A	0.45235
5905	YOR142W-A	0.45235
5906	YDL129W	0.45231
5907	YLR217W	0.45203
5908	YDR521W	0.45201
5909	YHR167W	0.45197
5910	YML062C	0.45163
5911	YBL052C	0.45155
5912	YML058W-A	0.4514
5913	YGR075C	0.45139
5914	YJR087W	0.45129
5915	YIL134C-A	0.45121
5916	YMR017W	0.4512
5917	YPL174C	0.45094
5918	YOL044W	0.45087
5919	YHR212W-A	0.45078
5920	YAR061W	0.45078
5921	YDR210C-C	0.45077
5922	YKL145W-A	0.4507
5923	YLR363W-A	0.45068
5924	YBL073W	0.45068
5925	YBL094C	0.45064
5926	YLR157W-D	0.45043
5927	YGL102C	0.45035
5928	YGR027W-A	0.45032
5929	YGR137W	0.45031
5930	YGL229C	0.44998
5931	YOL085W-A	0.44998
5932	YLR219W	0.44994
5933	YPL070W	0.44962
5934	YDR455C	0.44955
5935	YHR130C	0.4493
5936	YLR232W	0.44924
5937	YGR291C	0.44921
5938	YBL043W	0.44899
5939	YJR086W	0.44884
5940	YHR199C-A	0.44881
5941	YDL240C-A	0.44877
5942	YJL205C	0.44871
5943	YJR089W	0.44864
5944	YLL044W	0.44862
5945	YCR102W-A	0.44854
5946	YCR018C	0.44848
5947	YIL055C	0.44838
5948	YNL070W	0.44835
5949	YEL032C-A	0.44833
5950	YNL144C	0.44787
5951	YGR164W	0.44785
5952	YCR049C	0.44784
5953	YOR158W	0.44771
5954	YHR175W-A	0.44756
5955	YAL040C	0.44746
5956	YDR437W	0.4474
5957	YGL226C-A	0.44738
5958	YGL005C	0.44733
5959	YCL007C	0.44732
5960	YER133W-A	0.44703
5961	YIL071W-A	0.44694
5962	YGR249W	0.4468
5963	YML081W	0.44678
5964	YMR107W	0.44665
5965	YPL118W	0.44644
5966	YLR221C	0.44625
5967	YCL001W-A	0.44617
5968	YPR096C	0.44604
5969	YHR103W	0.44595
5970	YOR298W	0.44561
5971	YLR079W	0.4456
5972	YNR077C	0.44552
5973	YKL118W	0.44552
5974	YDR069C	0.44541
5975	YDR066C	0.44527
5976	YIL141W	0.44523
5977	YOL159C-A	0.44521
5978	YNL171C	0.44518
5979	YPL272C	0.44501
5980	YIL036W	0.4449
5981	YKL165C-A	0.44489
5982	YPL168W	0.44482
5983	YOR137C	0.44479
5984	YDR281C	0.44471
5985	YHR182W	0.44457
5986	YBR196C-A	0.44455
5987	YCR022C	0.44451
5988	YLR263W	0.44413
5989	YDR170W-A	0.44393
5990	YBR225W	0.44384
5991	YOR072W-B	0.44368
5992	YER035W	0.44361
5993	YPR169W-A	0.44353
5994	YKL171W	0.44349
5995	YOR113W	0.44333
5996	YJL127C-B	0.44331
5997	YEL068C	0.44327
5998	YIL097W	0.44325
5999	YIL040W	0.44317
6000	YDR413C	0.44313
6001	YLR201C	0.44284
6002	YPL035C	0.4427
6003	YLR408C	0.44269
6004	YDR103W	0.44268
6005	YMR282C	0.44248
6006	YPL018W	0.44236
6007	YLR119W	0.44229
6008	YLR431C	0.44203
6009	Q0182	0.442
6010	YGL176C	0.44169
6011	YBL012C	0.44167
6012	YJL103C	0.44155
6013	YNL284C-A	0.44151
6014	YCR038C	0.44144
6015	YDR310C	0.44141
6016	YIL177W-A	0.44118
6017	YJL225W-A	0.44118
6018	YML099W-A	0.44114
6019	YER088C	0.4411
6020	YBR136W	0.44108
6021	YKL159C	0.44089
6022	YPR171W	0.44076
6023	YKL162C	0.4407
6024	YDR414C	0.44041
6025	YOR161C-C	0.44041
6026	YNL091W	0.4404
6027	YIL158W	0.44037
6028	YER132C	0.44017
6029	YPL102C	0.44014
6030	YGL121C	0.44012
6031	YKR035C	0.43972
6032	YBR277C	0.43966
6033	YGR016W	0.43963
6034	YPL261C	0.43957
6035	YHR032W-A	0.43957
6036	YFR003C	0.43947
6037	YLR173W	0.43946
6038	YNL319W	0.43919
6039	YAL010C	0.439
6040	YGL014C-A	0.43892
6041	YLR376C	0.43889
6042	YMR153C-A	0.43887
6043	YNL156C	0.43885
6044	YBR058C-A	0.43882
6045	YLR154W-E	0.43866
6046	YPL099C	0.43858
6047	YPR084W	0.43854
6048	YOR032W-A	0.43824
6049	YJL058C	0.43814
6050	YHR099W	0.43807
6051	YKR054C	0.43799
6052	YJL026C-A	0.4377
6053	YER045C	0.43759
6054	YGR015C	0.43757
6055	YIR017W-A	0.4372
6056	YHR136C	0.4372
6057	YMR315W-A	0.43704
6058	YAL031W-A	0.43684
6059	YKL096C-B	0.43682
6060	YCR020W-B	0.43678
6061	YBR051W	0.43655
6062	YCR097W	0.43643
6063	YFR032C-B	0.43641
6064	YDR201W	0.43632
6065	YLR404W	0.4362
6066	YEL043W	0.43606
6067	YBL093C	0.43576
6068	YBR224W	0.4356
6069	YDL189W	0.43559
6070	YFL031C-A	0.43527
6071	YOL031C	0.43525
6072	YCL068C	0.43513
6073	YCR082W	0.43487
6074	YNL054W-A	0.43483
6075	YJR157W	0.43482
6076	YHL046W-A	0.43477
6077	YDL206W	0.43453
6078	YCR108C	0.43451
6079	YBR209W	0.43446
6080	YFR019W	0.43443
6081	YER076W-A	0.43438
6082	YNL115C	0.43431
6083	YNL314W	0.43423
6084	YLL003W	0.43412
6085	YHR056W-A	0.43403
6086	YLR224W	0.43402
6087	YNL235C	0.43397
6088	YGR134W	0.43394
6089	YLR358C	0.4338
6090	YLR242C	0.43373
6091	YLR154W-A	0.43363
6092	YDR422C	0.43361
6093	YPR074W-A	0.43357
6094	YMR191W	0.43344
6095	YLR052W	0.43314
6096	YBR057C	0.43279
6097	YIL066W-A	0.43264
6098	YOR104W	0.43254
6099	YGL006W-A	0.43254
6100	YOR376W	0.4323
6101	YGL219C	0.43226
6102	YGL096W	0.43222
6103	YBR197C	0.43219
6104	YKR091W	0.43211
6105	YDR396W	0.43162
6106	YER149C	0.43147
6107	YBL109W	0.43137
6108	YDR082W	0.43128
6109	YHR069C-A	0.43124
6110	YER038W-A	0.43123
6111	YNL309W	0.43117
6112	YDR239C	0.43116
6113	YNL067W-A	0.43094
6114	YPR174C	0.4307
6115	YDR195W	0.4306
6116	YBL005W-A	0.43059
6117	YJR012C	0.43048
6118	YOR350C	0.43047
6119	YMR046C	0.43014
6120	YER066C-A	0.43012
6121	YGR174W-A	0.42974
6122	YMR141W-A	0.42971
6123	YJL133C-A	0.42971
6124	YNL198C	0.42967
6125	YPL257W	0.42967
6126	YGL182C	0.42958
6127	YOL013W-B	0.4294
6128	YMR075W	0.42934
6129	YGR142W	0.4293
6130	YJL066C	0.42912
6131	YDR515W	0.42907
6132	YPR164W	0.42906
6133	YOR076C	0.42897
6134	YJR106W	0.42897
6135	YDR034C-C	0.42894
6136	YMR193C-A	0.42878
6137	YDL211C	0.4287
6138	YBR275C	0.42864
6139	YLR437C	0.42837
6140	YLR385C	0.42818
6141	YJR030C	0.42817
6142	YHL041W	0.42817
6143	YHL029C	0.42804
6144	YDR252W	0.42797
6145	YKL053W	0.42797
6146	YDR202C	0.42792
6147	YER097W	0.42785
6148	YLR297W	0.42755
6149	YER028C	0.42751
6150	YHR184W	0.42734
6151	YMR086W	0.4273
6152	Q0143	0.42724
6153	YHR145C	0.42723
6154	YIR014W	0.42718
6155	YPL033C	0.42715
6156	YER093C-A	0.42707
6157	YLR298C	0.4269
6158	YJL032W	0.42662
6159	YDR024W	0.42654
6160	YDR374C	0.42651
6161	YDL062W	0.42646
6162	YHR137C-A	0.42644
6163	YMR094W	0.4264
6164	YKR034W	0.4264
6165	YDL185C-A	0.42636
6166	YJR147W	0.42591
6167	YPL253C	0.42589
6168	YOR385W	0.42585
6169	YMR232W	0.42579
6170	YCR081W	0.4257
6171	YOR107W	0.42559
6172	YCR018C-A	0.42557
6173	YBR182C	0.42548
6174	YFL032W	0.42535
6175	YPR013C	0.42534
6176	YDR361C	0.42526
6177	YLR040C	0.42526
6178	YLR222C-A	0.42524
6179	YML043C	0.42503
6180	YDR123C	0.42493
6181	YLR184W	0.42493
6182	YHR079C-A	0.42484
6183	YHL050W-A	0.42483
6184	YDR240C	0.42471
6185	YIL092W	0.42461
6186	YGR227C-A	0.42458
6187	YNL196C	0.42453
6188	YIL086C	0.42434
6189	YOR192C-A	0.4243
6190	YOL104C	0.42429
6191	YOR170W	0.42416
6192	Q0010	0.42415
6193	YJL150W	0.42412
6194	YFR042W	0.42408
6195	YLR146W-A	0.42399
6196	YDL242W	0.42384
6197	YLR131C	0.42384
6198	YNL339W-B	0.42371
6199	YHR219C-A	0.42371
6200	YML133W-B	0.42371
6201	YOR032C	0.4236
6202	YPL054W	0.42349
6203	YOL082W	0.42343
6204	YDR524C	0.42329
6205	YFL068W	0.42325
6206	YLL067W-A	0.42325
6207	YLL066W-A	0.42325
6208	YHR036W	0.42323
6209	YLR036C	0.4232
6210	YLR154W-F	0.42319
6211	YOL007C	0.42317
6212	YBL088C	0.42298
6213	YML054C-A	0.42283
6214	YGR230W	0.42279
6215	YOL024W	0.42253
6216	YDR261W-A	0.42242
6217	YGL007W	0.42239
6218	YBR182C-A	0.42232
6219	YOR195W	0.42228
6220	YDR014W-A	0.42199
6221	YGR023W	0.42192
6222	YCL020W	0.42189
6223	YJL189W	0.42188
6224	YBL009W	0.42188
6225	YML012C-A	0.42174
6226	YGL042C	0.42167
6227	YIL163C	0.42155
6228	YFL041W-A	0.42119
6229	YGL075C	0.42118
6230	YDL016C	0.42106
6231	YER087C-A	0.42062
6232	YLR227C	0.41989
6233	YLR466C-A	0.41975
6234	YOR396C-A	0.41975
6235	YLR467C-A	0.41975
6236	YOR073W	0.41965
6237	YBL048W	0.41963
6238	YDR203W	0.41948
6239	YLR353W	0.41907
6240	YPL197C	0.41876
6241	YLR299C-A	0.41855
6242	YBR219C	0.41854
6243	YMR163C	0.41853
6244	YNL152W	0.41851
6245	YLL042C	0.41847
6246	YPL039W	0.41841
6247	YER190C-B	0.4183
6248	YPL283W-B	0.4183
6249	YPR204C-A	0.4183
6250	YGR296C-B	0.4183
6251	YEL077W-A	0.4183
6252	YKL204W	0.41819
6253	YJR140W-A	0.4181
6254	YIR010W	0.41802
6255	YPL130W	0.41796
6256	YGR161W-A	0.41782
6257	YFL002W-B	0.41782
6258	YDR545C-A	0.41771
6259	YGR115C	0.41763
6260	YMR124W	0.41752
6261	YNL210W	0.41749
6262	YFL033C	0.41743
6263	YGR067C	0.41688
6264	YLR410W-A	0.41661
6265	YGR038C-E	0.41634
6266	YOR147W	0.41611
6267	YMR052C-A	0.41599
6268	YPR151C	0.41598
6269	YNL042W	0.41597
6270	YOR097C	0.41585
6271	YJL090C	0.41574
6272	YDR042C	0.41569
6273	YCL022C	0.41567
6274	YKL111C	0.41513
6275	YGL230C	0.41487
6276	YOL015W	0.41484
6277	YKL023W	0.41475
6278	YOR186C-A	0.41469
6279	YNR025C	0.4145
6280	YLR458W	0.41432
6281	YOR177C	0.41428
6282	YAL027W	0.41411
6283	YGL214W	0.41404
6284	YML113W	0.41402
6285	YBL100W-C	0.41402
6286	YAL016C-B	0.41393
6287	YMR030W	0.41384
6288	YDR443C	0.41366
6289	YBR230C	0.41357
6290	YGR161C	0.41327
6291	YFR012W	0.41323
6292	YIL101C	0.41323
6293	YGR039W	0.41286
6294	YKL052C	0.41269
6295	YKL138C-A	0.41263
6296	YER111C	0.4121
6297	YIL045W	0.41184
6298	YPL158C	0.41161
6299	YJR108W	0.41159
6300	YBL100W-A	0.41156
6301	YMR158C-A	0.41154
6302	YHR093W	0.41148
6303	YFR036W-A	0.41129
6304	YML037C	0.41081
6305	YOR047C	0.41075
6306	YBL113W-A	0.41066
6307	YDR446W	0.41063
6308	YAL063C-A	0.41051
6309	YGR113W	0.40984
6310	YDR425W	0.40976
6311	YBR007C	0.40973
6312	YNL211C	0.40968
6313	YNR049C	0.40962
6314	YOR264W	0.40958
6315	YOR178C	0.40918
6316	YAL024C	0.409
6317	YMR179W	0.40897
6318	YLR094C	0.40895
6319	YNR009W	0.40894
6320	YNL197C	0.40891
6321	YFR057W	0.40879
6322	YJR021C	0.40851
6323	YGR041W	0.40849
6324	YGR140W	0.40816
6325	YGL081W	0.40806
6326	YML015C	0.40786
6327	YDL199C	0.4078
6328	YJR107C-A	0.40777
6329	YBR148W	0.40775
6330	YJL056C	0.40763
6331	YOR235W	0.40751
6332	YDR210W-A	0.4073
6333	YMR147W	0.40719
6334	YGR179C	0.40709
6335	YBR140C	0.40705
6336	YMR299C	0.40698
6337	YOL134C	0.4069
6338	YPL049C	0.40675
6339	YBR130C	0.40673
6340	YAL028W	0.40661
6341	YDR457W	0.40632
6342	YKR100C	0.40632
6343	YJL020W-A	0.40631
6344	YDL176W	0.40623
6345	YLR424C-B	0.40603
6346	YEL009C-A	0.406
6347	YDR151C	0.40599
6348	YCL051W	0.40591
6349	YIL102C-A	0.40531
6350	YDL151C	0.40529
6351	YGL079W	0.40515
6352	YLR436C	0.40464
6353	YDL224C	0.40453
6354	YLL033W	0.40436
6355	YNL199C	0.40426
6356	YER038C	0.40422
6357	YBL107C	0.40341
6358	YFL019C	0.40325
6359	YKL185W	0.40316
6360	YOR343W-A	0.40297
6361	YKL106C-A	0.40285
6362	YBL059W	0.40281
6363	YDR227W	0.40274
6364	YMR187C	0.40237
6365	YDR096W	0.4023
6366	YGR275W	0.402
6367	YNR045W	0.4017
6368	YKR078W	0.40151
6369	YOR359W	0.40146
6370	YKR010C	0.4014
6371	YBR184W	0.40137
6372	YOL118C	0.40131
6373	YLR042C	0.40125
6374	YJL170C	0.40119
6375	YJR037W	0.4009
6376	YLR190W	0.4003
6377	YOR333C	0.40025
6378	YBL053W	0.40017
6379	Q0255	0.39996
6380	YMR059W	0.39992
6381	YNL266W	0.39987
6382	YOR169C	0.39931
6383	YPL269W	0.39914
6384	YMR219W	0.39898
6385	YDL223C	0.39835
6386	YNL024C-A	0.39834
6387	YNL013C	0.39827
6388	YDL027C	0.39818
6389	YLR373C	0.39806
6390	YGL117W	0.39783
6391	YDL152W	0.3978
6392	YMR204C	0.39778
6393	Q0144	0.39775
6394	YEL005C	0.3977
6395	YBR126W-A	0.39738
6396	YOL131W	0.39723
6397	YGR071C	0.39687
6398	YKL018C-A	0.39683
6399	YPR170W-A	0.39681
6400	YPL052W	0.39659
6401	YOR030W	0.39657
6402	YFR008W	0.39623
6403	YPR134W	0.39622
6404	YER040W	0.39612
6405	YNL027W	0.39607
6406	YMR174C	0.39605
6407	YKR045C	0.39593
6408	YMR270C	0.39558
6409	YER088W-B	0.39547
6410	YHR177W	0.39516
6411	YDL159W-A	0.39473
6412	YLR091W	0.39455
6413	YLR273C	0.39451
6414	YOR349W	0.39449
6415	YJR056C	0.39427
6416	YLR267W	0.3939
6417	YBR072C-A	0.39371
6418	YBR203W	0.39347
6419	YHR193C-A	0.39346
6420	YER155C	0.39339
6421	YKL138C	0.39313
6422	Q0092	0.39254
6423	YOR381W-A	0.3925
6424	YIR016W	0.39208
6425	YNL225C	0.39207
6426	YDR014W	0.39197
6427	YNL103W	0.39173
6428	YBL039W-B	0.39169
6429	YPR002C-A	0.39158
6430	YDR461C-A	0.39128
6431	YBR124W	0.39119
6432	YPR142C	0.39117
6433	YOL091W	0.39086
6434	YMR151W	0.39072
6435	YMR135C	0.39055
6436	YJL181W	0.38992
6437	YDL239C	0.3899
6438	YDR259C	0.38954
6439	YLR352W	0.38913
6440	YPR036W-A	0.38894
6441	YHR160C	0.38881
6442	YKL225W	0.38861
6443	YKL062W	0.38849
6444	YOR342C	0.38843
6445	YDL069C	0.3882
6446	YNL159C	0.38805
6447	YNL100W	0.38788
6448	YGR240C-A	0.38767
6449	YJR162C	0.38754
6450	YER153C	0.38748
6451	YPR005C	0.38741
6452	YDR216W	0.38694
6453	YAL031C	0.38672
6454	YPL200W	0.38667
6455	YBL034C	0.38658
6456	YDL089W	0.38653
6457	YDR181C	0.38633
6458	YCR043C	0.386
6459	YBR255W	0.38583
6460	YDR030C	0.38583
6461	YGL035C	0.38578
6462	YDR070C	0.38577
6463	YOR313C	0.38557
6464	YFR054C	0.38496
6465	YDL050C	0.38457
6466	YER158W-A	0.38444
6467	YDR356W	0.38338
6468	YLR254C	0.38284
6469	YJL149W	0.38235
6470	YOL081W	0.38227
6471	YMR148W	0.38172
6472	YOR114W	0.3816
6473	YLR465C	0.3815
6474	YNL233W	0.38095
6475	YIL119C	0.38064
6476	YKR037C	0.38064
6477	YBR047W	0.38038
6478	YBL046W	0.38032
6479	YJL110C	0.38029
6480	YLR307C-A	0.38026
6481	YBR095C	0.37973
6482	YGL175C	0.37941
6483	YLR018C	0.37927
6484	YCL027W	0.37918
6485	YML101C-A	0.37917
6486	YOR329W-A	0.37905
6487	YEL014C	0.37887
6488	YIL037C	0.37837
6489	YBR156C	0.37831
6490	YER175W-A	0.37811
6491	YBR076W	0.37737
6492	YJR083C	0.377
6493	YKR022C	0.37678
6494	YNL176C	0.3763
6495	YLR031W	0.37616
6496	YGR079W	0.37612
6497	YMR160W	0.37601
6498	YDR113C	0.37596
6499	YNR014W	0.37591
6500	YFR017C	0.37512
6501	YML091C	0.37485
6502	YDR277C	0.37472
6503	YOR053W	0.37471
6504	YCL001W	0.37471
6505	YLR283W	0.37436
6506	YPL027W	0.37413
6507	YCL021W-A	0.37406
6508	YGL023C	0.37401
6509	YOR186W	0.37388
6510	YOR192C-C	0.37366
6511	YPR101W	0.37352
6512	YDR439W	0.37351
6513	YPL230W	0.37279
6514	YGR161W-C	0.3727
6515	YML109W	0.37234
6516	YOR066W	0.37192
6517	YLR223C	0.37181
6518	YDL169C	0.37082
6519	YHR152W	0.37013
6520	YGL223C	0.37013
6521	YBR194W	0.36978
6522	YPL201C	0.36973
6523	YLR341W	0.3695
6524	YGR126W	0.36859
6525	YLR394W	0.36826
6526	YCR065W	0.36803
6527	YAL047C	0.36751
6528	YCL044C	0.36674
6529	YER121W	0.36646
6530	YJL051W	0.36612
6531	YKL112W	0.36596
6532	YOR121C	0.36595
6533	YOR023C	0.36583
6534	YDR351W	0.36517
6535	YLL047W	0.36508
6536	YFL021W	0.36466
6537	YMR003W	0.36454
6538	YPL096C-A	0.36447
6539	YLL065W	0.36433
6540	YOL025W	0.36343
6541	YLR252W	0.36305
6542	YNL195C	0.36258
6543	YOR352W	0.36256
6544	YOL029C	0.36233
6545	YLR099W-A	0.36174
6546	YGL138C	0.36164
6547	YDR207C	0.36146
6548	YKL105C	0.36052
6549	YOR214C	0.36047
6550	YNL046W	0.36018
6551	YER167W	0.35999
6552	YGR168C	0.35981
6553	YOR284W	0.35972
6554	YMR255W	0.35923
6555	YER084W-A	0.35789
6556	YDR219C	0.35747
6557	YBR173C	0.35632
6558	YER158C	0.35632
6559	YER044C-A	0.35589
6560	YDR028C	0.35566
6561	YOR372C	0.35556
6562	YOR324C	0.3552
6563	YIL122W	0.35244
6564	YCL005W	0.35182
6565	YPL066W	0.35104
6566	YER130C	0.35101
6567	YPL089C	0.35072
6568	YDR528W	0.3504
6569	YOL036W	0.35018
6570	YBR201C-A	0.35017
6571	YDR260C	0.35014
6572	YPR044C	0.34999
6573	YJR011C	0.34907
6574	YHR054C	0.34899
6575	YPR065W	0.34894
6576	YHR014W	0.34882
6577	YFR046C	0.34876
6578	YMR036C	0.34868
6579	YLR312C	0.34861
6580	YOR255W	0.34826
6581	YLR282C	0.34824
6582	YGR153W	0.34787
6583	YGL021W	0.34754
6584	YNL076W	0.34749
6585	YLR257W	0.34604
6586	YKL065W-A	0.34558
6587	YGL057C	0.34412
6588	YDR223W	0.34379
6589	YJL162C	0.34324
6590	YKL042W	0.34262
6591	YNL311C	0.3426
6592	YPR078C	0.34242
6593	YKL093W	0.34166
6594	YNL105W	0.34159
6595	YJL147C	0.34093
6596	YJL089W	0.34034
6597	YMR273C	0.33972
6598	YBR063C	0.33953
6599	YDR130C	0.33872
6600	YPL014W	0.33811
6601	YDR186C	0.33804
6602	YLR030W	0.33761
6603	YHR195W	0.3372
6604	YGR221C	0.33714
6605	YGR120C	0.33713
6606	YPL180W	0.33655
6607	YNL074C	0.33633
6608	YPL250C	0.33531
6609	YML058W	0.33511
6610	R0030W	0.33485
6611	YNL034W	0.33436
6612	YBR045C	0.3343
6613	YDL076C	0.33413
6614	YNL018C	0.3341
6615	YBR056C-B	0.33279
6616	YPR008W	0.33278
6617	YLR049C	0.33252
6618	YPL068C	0.33227
6619	YPL055C	0.33154
6620	YGR273C	0.33122
6621	YER124C	0.33096
6622	YKL162C-A	0.33029
6623	YMR195W	0.33018
6624	YJL185C	0.33003
6625	YPL159C	0.3299
6626	YLR315W	0.32977
6627	YOR279C	0.32976
6628	YBR050C	0.32954
6629	YCL063W	0.3295
6630	YPL223C	0.32875
6631	YPL077C	0.32838
6632	YGR239C	0.32686
6633	YPR158W	0.32663
6634	YGL194C-A	0.32632
6635	YEL057C	0.32617
6636	YMR175W	0.32597
6637	YER104W	0.32594
6638	YER033C	0.32585
6639	YBR013C	0.32573
6640	YER181C	0.32547
6641	YMR037C	0.32488
6642	YMR144W	0.32381
6643	YBL031W	0.32361
6644	YDR309C	0.32332
6645	YDR184C	0.32317
6646	YIL135C	0.32266
6647	YKR077W	0.32182
6648	YGL128C	0.32107
6649	YKL068W-A	0.32103
6650	YPL121C	0.32043
6651	YPL267W	0.31999
6652	YLR334C	0.31883
6653	YDR029W	0.31701
6654	YPL255W	0.31684
6655	YJL118W	0.31639
6656	YNL188W	0.31524
6657	YER106W	0.31514
6658	YOR062C	0.31486
6659	YDR022C	0.31442
6660	YHR061C	0.31427
6661	YLR102C	0.31417
6662	YGL222C	0.31403
6663	YIL146C	0.31191
6664	YDR249C	0.31053
6665	YIR025W	0.30978
6666	YLR230W	0.30902
6667	YPL071C	0.30878
6668	YML119W	0.30819
6669	YDR275W	0.30815
6670	YLR053C	0.30782
6671	YJL161W	0.30772
6672	YDR085C	0.30721
6673	YML053C	0.30688
6674	YBR211C	0.3067
6675	YBR165W	0.30436
6676	YGR035C	0.30371
6677	YER032W	0.30285
6678	YNL214W	0.30214
6679	YOR315W	0.30159
6680	YPR046W	0.30037
6681	YLR445W	0.29943
6682	YML006C	0.29935
6683	YBR071W	0.29768
6684	YFL012W	0.29745
6685	YJL144W	0.29545
6686	YPL124W	0.29539
6687	YDL180W	0.2945
6688	YPR145C-A	0.29423
6689	YNL078W	0.29252
6690	YHR157W	0.29037
6691	YDR480W	0.29018
6692	YDL186W	0.28936
6693	YGR016C-A	0.28886
6694	YDL204W-A	0.28886
6695	YNL040C-A	0.28886
6696	YMR106W-A	0.28886
6697	YNL155C-A	0.28886
6698	YFR035W-A	0.28886
6699	YKL109W	0.28865
6700	Q0140	0.28649
6701	YML009C-A	0.27916
6702	YKL023C-A	0.27854
6703	YGL015C	0.27332
6704	YLR457C	0.27145
6705	YBR138C	0.27085
6706	YMR136W	0.26901
6707	YER180C	0.2679
6708	YGL036W	0.2646
6709	YPL229W	0.26449
6710	YBR285W	0.26443
6711	YBR157C	0.26348
6712	YNR010W	0.26271
6713	YBL081W	0.26179
6714	YPR083W	0.26108
6715	YMR206W	0.25788
6716	YOR044W	0.25104
6717	YMR181C	0.25072
6718	YER079W	0.25032
6719	YOL106W	0.25013
6720	YHR185C	0.24747
6721	YML112W	0.24712
6722	YGL170C	0.24386
6723	YNL146W	0.23069
6724	YMR081C	0.22635
6725	Q0032	0.22298
6726	YML003W	0.20971
6727	YGR146C	0.20959
6728	YIL152W	0.20793
6729	YFR036W	0.2073
6730	YMR252C	0.18815
6731	YKR075C	0.18488
6732	YJR094C	0.17744
6733	YDL007C-A	0.17455
