rank	yeast_gene	cosine
1	YLR229C	0.95457
2	YPR165W	0.95135
3	YKR059W	0.94833
4	YLR113W	0.94794
5	YPL203W	0.94569
6	YOR378W	0.94281
7	YDR345C	0.94242
8	YHR092C	0.9424
9	YGL008C	0.9417
10	YBL016W	0.94071
11	YDR343C	0.94016
12	YDR342C	0.93996
13	YPL036W	0.93948
14	YBR160W	0.93927
15	YHR094C	0.93923
16	YER072W	0.9392
17	YLR081W	0.93818
18	YFL039C	0.93787
19	YDR021W	0.93782
20	YNL290W	0.93756
21	YNL090W	0.93728
22	YDL192W	0.93679
23	YMR109W	0.93643
24	YDL137W	0.93631
25	YJL214W	0.93628
26	YHL047C	0.9355
27	YBR164C	0.93522
28	YHR096C	0.9351
29	YPL218W	0.93459
30	YJL164C	0.93439
31	YMR011W	0.93425
32	YBR241C	0.93424
33	YGL225W	0.93421
34	YFL011W	0.93383
35	YDL245C	0.93363
36	YOR257W	0.93361
37	YDL006W	0.93347
38	YEL069C	0.93307
39	YNR072W	0.93299
40	YJR158W	0.93257
41	YJL108C	0.93181
42	YNL006W	0.93174
43	YMR290C	0.93136
44	YOL156W	0.93113
45	YHL040C	0.93104
46	YIL170W	0.93093
47	YJL219W	0.93062
48	YDL047W	0.92971
49	YOR046C	0.92905
50	YER039C	0.92903
51	YHR030C	0.92873
52	YOR061W	0.92688
53	YER133W	0.92659
54	YJR065C	0.92625
55	YKL129C	0.92605
56	YOL094C	0.92598
57	YNL189W	0.92568
58	YPL266W	0.92485
59	YKL190W	0.92472
60	YBL075C	0.92456
61	YML018C	0.92436
62	YDL126C	0.924
63	YPR182W	0.92385
64	YJL050W	0.92385
65	YER177W	0.9237
66	YGL255W	0.9232
67	YDR536W	0.92309
68	YGR252W	0.92268
69	YNL112W	0.92267
70	YDR075W	0.92239
71	YNL209W	0.92229
72	YGR040W	0.92221
73	YDR129C	0.92143
74	YDL229W	0.92139
75	YPL031C	0.92112
76	YHL016C	0.92107
77	YAL005C	0.92095
78	YOR094W	0.92076
79	YOR204W	0.92035
80	YPR173C	0.91962
81	YLL024C	0.91925
82	YER081W	0.91894
83	YDR099W	0.91887
84	YGL256W	0.91877
85	YER148W	0.91849
86	YMR034C	0.91846
87	YBL030C	0.91816
88	YEL013W	0.91801
89	YER103W	0.91793
90	YDL134C	0.91786
91	YIL143C	0.91781
92	YPL119C	0.91768
93	YKL146W	0.91768
94	YGR152C	0.91767
95	YFL026W	0.9172
96	YKL218C	0.91719
97	YKR039W	0.91716
98	YMR015C	0.91705
99	YPR183W	0.91703
100	YER031C	0.91695
101	YCR098C	0.91693
102	YDL108W	0.91685
103	YKL024C	0.91681
104	YJL034W	0.9166
105	YDL166C	0.91659
106	YHR128W	0.91656
107	YGL210W	0.91652
108	YFL038C	0.91626
109	YPR204W	0.91608
110	YFL058W	0.91607
111	YJR156C	0.91599
112	YNL098C	0.91595
113	YBR082C	0.91591
114	YDL244W	0.9159
115	YNL332W	0.91565
116	YGR123C	0.91498
117	YKL196C	0.91471
118	YKL166C	0.91447
119	YGL120C	0.91444
120	YML123C	0.91436
121	YFL066C	0.91433
122	YLR234W	0.91426
123	YNL268W	0.91376
124	YLR438C-A	0.91359
125	YDR091C	0.91325
126	YER020W	0.9132
127	YMR079W	0.91299
128	YEL027W	0.91298
129	YBR085W	0.91287
130	YHR218W-A	0.91265
131	YBL112C	0.91265
132	YOR089C	0.91261
133	YDR155C	0.9125
134	YGL167C	0.91237
135	YKR002W	0.91224
136	YOR185C	0.91213
137	YBR080C	0.91211
138	YDL084W	0.912
139	YOL021C	0.9115
140	YLR466W	0.91147
141	YFL055W	0.91128
142	YJL167W	0.91123
143	YMR056C	0.91116
144	YER171W	0.91114
145	YBL026W	0.91111
146	YMR246W	0.91103
147	YCR047C	0.91066
148	YEL077C	0.91059
149	YKL104C	0.91056
150	YER125W	0.91049
151	YDR040C	0.91049
152	YAL026C	0.91046
153	YEL065W	0.91023
154	YGR231C	0.9102
155	YHR007C	0.90962
156	YJR068W	0.90955
157	YER060W-A	0.90954
158	YDR059C	0.90953
159	YPR113W	0.90925
160	YDL128W	0.90923
161	YDR039C	0.90917
162	YIL074C	0.90917
163	YIL121W	0.90911
164	YBR187W	0.90885
165	YER025W	0.90884
166	YDR373W	0.90874
167	YCR010C	0.90869
168	YML001W	0.90865
169	YJL014W	0.90832
170	YDR196C	0.90831
171	YDL188C	0.9083
172	YLR293C	0.90812
173	YML012W	0.90811
174	YEL063C	0.90783
175	YDR404C	0.90769
176	YGR218W	0.90755
177	YER119C	0.90749
178	YOR153W	0.90736
179	YDL097C	0.90725
180	YDR038C	0.90716
181	YPR016C	0.90708
182	YOL162W	0.90693
183	YDR406W	0.90641
184	YOR270C	0.90624
185	YPR192W	0.90622
186	YEL031W	0.90611
187	YHR106W	0.90596
188	YDL055C	0.90592
189	YNL270C	0.90562
190	YBR126C	0.90517
191	YMR146C	0.90498
192	YCR009C	0.90496
193	YOL158C	0.90491
194	YLR397C	0.9049
195	YHR135C	0.90466
196	YPL058C	0.90457
197	YDL160C	0.90453
198	YDL001W	0.9045
199	YOL038W	0.90445
200	YHR018C	0.90436
201	YER056C	0.90434
202	YLL028W	0.9043
203	YER060W	0.90429
204	YMR279C	0.90422
205	YOR197W	0.90417
206	YGR210C	0.90412
207	YGL091C	0.90405
208	YER052C	0.90399
209	YJL213W	0.90356
210	YLR130C	0.90352
211	YJR049C	0.90317
212	YHR218W	0.90289
213	YNL010W	0.9028
214	YGR105W	0.90277
215	YOR317W	0.90258
216	YJR095W	0.90247
217	YDL029W	0.90238
218	YPL051W	0.90226
219	YNL014W	0.90206
220	YIL009W	0.90194
221	YML102W	0.9019
222	YBR296C	0.90189
223	YFL005W	0.90185
224	YBR008C	0.90185
225	YNR002C	0.90167
226	YER178W	0.90145
227	YBR114W	0.90142
228	YGL062W	0.90142
229	YDL168W	0.90137
230	YCL025C	0.90135
231	YER009W	0.90134
232	YBR298C	0.90134
233	YER190W	0.90116
234	YER089C	0.90115
235	YPR138C	0.90112
236	YFR053C	0.90106
237	YDR375C	0.90094
238	YJR045C	0.90084
239	YGR138C	0.90083
240	YDR497C	0.9008
241	YLL050C	0.90072
242	YDL222C	0.90053
243	YDR341C	0.90047
244	YMR108W	0.90044
245	YLL067C	0.90036
246	YBR261C	0.90034
247	YFL017W-A	0.90032
248	YJL026W	0.90018
249	YPL234C	0.90004
250	YBR109C	0.89999
251	YEL030W	0.89993
252	YDR353W	0.89993
253	YER107C	0.89988
254	YBR218C	0.89981
255	YGR191W	0.89978
256	YLR034C	0.89977
257	YOR157C	0.8997
258	YJR153W	0.89962
259	YPL175W	0.89958
260	YBR043C	0.89955
261	YKR080W	0.89952
262	YBL078C	0.89943
263	YPL061W	0.89941
264	YEL051W	0.89928
265	YBR169C	0.89927
266	YGL253W	0.89926
267	YBR222C	0.89924
268	YOR122C	0.89916
269	YDR185C	0.89904
270	YNL288W	0.89902
271	YGL087C	0.89897
272	YNR053C	0.8988
273	YML057W	0.89878
274	YKR093W	0.89876
275	YPL086C	0.89871
276	YLR258W	0.89862
277	YER099C	0.89851
278	YAL020C	0.89827
279	YMR300C	0.89823
280	YHR057C	0.89817
281	YOR348C	0.8981
282	YIL120W	0.89801
283	YKL216W	0.89792
284	YLR347C	0.89791
285	YGL001C	0.89771
286	YLR249W	0.89749
287	YLR359W	0.89744
288	YPL106C	0.89736
289	YGL058W	0.89724
290	YDL022W	0.89713
291	YHR200W	0.89711
292	YGR281W	0.89709
293	YGR132C	0.89705
294	YNR055C	0.89703
295	YCL009C	0.89702
296	YNL330C	0.89701
297	YPL264C	0.89695
298	YLR058C	0.89695
299	YIL148W	0.89685
300	YKR094C	0.89685
301	YDR011W	0.89676
302	YOL143C	0.89674
303	YMR243C	0.89666
304	YCR057C	0.89655
305	YPR052C	0.89647
306	YJR152W	0.89642
307	YDR339C	0.89616
308	YOR347C	0.89605
309	YER166W	0.896
310	YIL116W	0.89598
311	YCL017C	0.89592
312	YER026C	0.89582
313	YNL125C	0.8958
314	YNL142W	0.89573
315	YDR510W	0.89569
316	YFL056C	0.89566
317	YBR019C	0.89565
318	YHR065C	0.89559
319	YNL135C	0.89547
320	YEL058W	0.89537
321	YEL046C	0.89536
322	YAL061W	0.89535
323	YIL003W	0.89524
324	YPL244C	0.89523
325	YJR105W	0.8952
326	YDR092W	0.89514
327	YDR238C	0.89512
328	YGR282C	0.895
329	YEL066W	0.89499
330	YDR519W	0.89498
331	YDL102W	0.89496
332	YOR187W	0.89488
333	YJR007W	0.89486
334	YOR326W	0.89469
335	YHR110W	0.89456
336	YIR042C	0.89447
337	YAL038W	0.89439
338	YOL103W	0.89439
339	YIL177C	0.89436
340	YFR014C	0.89432
341	YER012W	0.89428
342	YLL060C	0.89426
343	YHR070W	0.89422
344	YNL093W	0.89415
345	YPL204W	0.89406
346	YNL154C	0.89406
347	YJL001W	0.89403
348	YEL011W	0.89391
349	YJL225C	0.89391
350	YLR092W	0.89387
351	YCR028C	0.89382
352	YFL045C	0.89381
353	YKL217W	0.89375
354	YPL154C	0.89356
355	YDR328C	0.89343
356	YLL066C	0.89342
357	YDL182W	0.89319
358	YDL052C	0.89319
359	YFR015C	0.89306
360	YBR235W	0.89295
361	YDR424C	0.89294
362	YLR011W	0.89291
363	YBR252W	0.89284
364	YLR433C	0.89283
365	YAR002C-A	0.89277
366	YOR117W	0.89277
367	YOL066C	0.89269
368	YPR145W	0.89267
369	YIL048W	0.89266
370	YOL122C	0.89247
371	YDR232W	0.89246
372	YER086W	0.89237
373	YOL151W	0.89232
374	YLR170C	0.89225
375	YDR046C	0.89224
376	YLR193C	0.89213
377	YOL133W	0.8921
378	YKL145W	0.89205
379	YOR381W	0.89197
380	YLR147C	0.89196
381	YJL198W	0.89191
382	YML133C	0.89188
383	YGR055W	0.89184
384	YBL111C	0.89183
385	YER055C	0.8918
386	YHL003C	0.89174
387	YCL073C	0.89172
388	YPL245W	0.89171
389	YAL023C	0.89167
390	YOR161C	0.89163
391	YML069W	0.89162
392	YDR508C	0.89154
393	YEL064C	0.89152
394	YDL210W	0.8915
395	YNR003C	0.89144
396	YNL191W	0.89142
397	YOR224C	0.89134
398	YPR051W	0.89132
399	YGR211W	0.89131
400	YOR328W	0.89128
401	YMR226C	0.89127
402	YIR036C	0.89118
403	YGR208W	0.89108
404	YBL022C	0.89098
405	YJL121C	0.8909
406	YGR121C	0.89087
407	YKR038C	0.89082
408	YLR303W	0.89081
409	YER069W	0.89076
410	YPL259C	0.89068
411	YNL307C	0.89065
412	YLR153C	0.89063
413	YER019W	0.89063
414	YGL011C	0.8905
415	YLR005W	0.89046
416	YKR106W	0.89037
417	YMR205C	0.89034
418	YMR221C	0.89028
419	YNL113W	0.89026
420	YHL011C	0.89023
421	YGL048C	0.89022
422	YJL055W	0.8902
423	YJR077C	0.8902
424	YPR069C	0.89019
425	YER145C	0.89018
426	YLR208W	0.89017
427	YBL091C	0.89016
428	YPL246C	0.89005
429	YNL095C	0.89005
430	YOR273C	0.89004
431	YBL068W	0.89
432	YCR073W-A	0.88997
433	YCL040W	0.88991
434	YGR060W	0.8899
435	YHR005C	0.88989
436	YKL148C	0.88973
437	YJL012C	0.88973
438	YPL199C	0.88966
439	YHL050C	0.88948
440	YGL078C	0.88936
441	YNR032C-A	0.88921
442	YJR160C	0.88918
443	YKL033W-A	0.88916
444	YNL241C	0.88908
445	YBR089C-A	0.8888
446	YLR289W	0.88878
447	YER036C	0.88871
448	YLR438W	0.88871
449	YLR348C	0.88867
450	YGR289C	0.88852
451	YOR092W	0.88844
452	YHR169W	0.88834
453	YNR032W	0.88832
454	YJL030W	0.88825
455	YGR267C	0.88824
456	YJR124C	0.8882
457	YMR080C	0.88816
458	YDL100C	0.88814
459	YNL277W	0.88812
460	YLR244C	0.88812
461	YDR545W	0.88806
462	YOR396W	0.88806
463	YLR467W	0.88806
464	YDR394W	0.88805
465	YBR154C	0.888
466	YEL026W	0.88799
467	YLL026W	0.88795
468	YPL129W	0.88784
469	YLL018C	0.8878
470	YML124C	0.88776
471	YHR050W	0.8877
472	YIL078W	0.88767
473	YLR200W	0.88767
474	YDL164C	0.88767
475	YPR156C	0.88764
476	YER094C	0.88764
477	YJL035C	0.88749
478	YLR216C	0.88743
479	YBR159W	0.88741
480	YPL015C	0.88733
481	YML085C	0.88728
482	YBR294W	0.88714
483	YDR540C	0.88713
484	YNL202W	0.8871
485	YDR001C	0.8871
486	YOR380W	0.88708
487	YGL070C	0.88705
488	YDL131W	0.88702
489	YEL034W	0.88688
490	YPR062W	0.88685
491	YIL118W	0.88658
492	YDR304C	0.88657
493	YDL230W	0.88657
494	YDL064W	0.8865
495	YAL054C	0.88642
496	YPR103W	0.88642
497	YLR277C	0.88638
498	YAL060W	0.88636
499	YJL094C	0.88636
500	YMR222C	0.88632
501	YPL265W	0.88613
502	YKL220C	0.88606
503	YFR009W	0.88603
504	YDR135C	0.88601
505	YKR026C	0.88599
506	YDL125C	0.88596
507	YJR143C	0.88595
508	YIL035C	0.88594
509	YJR001W	0.8859
510	YML008C	0.88587
511	YLR134W	0.88582
512	YHR107C	0.88581
513	YBL024W	0.88578
514	YDR454C	0.88574
515	YGR124W	0.88569
516	YFR004W	0.88567
517	YLR213C	0.8856
518	YBR143C	0.8856
519	YNL339C	0.88557
520	YGR296W	0.88557
521	YPL283C	0.88556
522	YOL075C	0.88555
523	YJL045W	0.8855
524	YBR034C	0.88543
525	YLR121C	0.88536
526	YNR060W	0.88521
527	YGL115W	0.88521
528	YGL119W	0.88509
529	YER095W	0.88491
530	YNR070W	0.88484
531	YIL043C	0.88471
532	YDR139C	0.8847
533	YOL084W	0.88466
534	YGL163C	0.88459
535	YOR101W	0.88453
536	YCR027C	0.88447
537	YBR145W	0.88439
538	YPL221W	0.88431
539	YLR195C	0.88428
540	YPL235W	0.8842
541	YML064C	0.88404
542	YJL218W	0.88399
543	YJL208C	0.88397
544	YER090W	0.88395
545	YGR286C	0.88394
546	YJL033W	0.88393
547	YGR175C	0.88386
548	YOR362C	0.88376
549	YDR541C	0.88376
550	YDR258C	0.88371
551	YNL104C	0.88371
552	YDR090C	0.88364
553	YOR259C	0.88362
554	YHR032W	0.88362
555	YPL017C	0.88362
556	YOR388C	0.88357
557	YGL077C	0.88355
558	YER165W	0.88353
559	YKL078W	0.88348
560	YMR058W	0.88343
561	YGR065C	0.88343
562	YIL142W	0.88343
563	YOL030W	0.88337
564	YGL097W	0.88336
565	YER057C	0.88325
566	YIR028W	0.88325
567	YOR128C	0.8832
568	YDR062W	0.88296
569	YBR038W	0.88294
570	YML116W	0.88286
571	YDR300C	0.88282
572	YGR224W	0.88281
573	YER159C	0.88275
574	YLR237W	0.88258
575	YJR025C	0.88257
576	YGL200C	0.88254
577	YPL276W	0.88251
578	YJR017C	0.8825
579	YHR208W	0.88246
580	YLR168C	0.88245
581	YOR202W	0.88239
582	YLL056C	0.88235
583	YMR241W	0.88234
584	YAR035W	0.88234
585	YLR328W	0.88233
586	YOR084W	0.88222
587	YJR073C	0.88222
588	YGR253C	0.88219
589	YOR131C	0.88208
590	YOL086C	0.88198
591	YNL274C	0.88177
592	YGR185C	0.88174
593	YEL041W	0.88162
594	YIL020C	0.88159
595	YBL071W-A	0.88158
596	YOR323C	0.88158
597	YMR203W	0.88153
598	YJR148W	0.88147
599	YDR294C	0.88145
600	YOR108W	0.88126
601	YGL234W	0.88123
602	YPL169C	0.88119
603	YPL274W	0.88117
604	YOR327C	0.88114
605	YNL264C	0.88105
606	YDL247W	0.88105
607	YKL001C	0.88099
608	YGL047W	0.88096
609	YER185W	0.88089
610	YLR044C	0.88084
611	YOL097C	0.8808
612	YER073W	0.88077
613	YOR283W	0.88076
614	YCL035C	0.88074
615	YGR256W	0.88069
616	YBR249C	0.8806
617	YBR243C	0.88057
618	YPR035W	0.88055
619	YLR268W	0.88047
620	YER179W	0.88047
621	YGL099W	0.88045
622	YNL123W	0.88044
623	YBL113C	0.88039
624	YBL041W	0.88033
625	YER015W	0.88029
626	YMR210W	0.88028
627	YBR263W	0.88019
628	YLR059C	0.88019
629	YMR116C	0.88017
630	YEL042W	0.88017
631	YBR088C	0.88008
632	YDR388W	0.88006
633	YMR303C	0.88005
634	YLR245C	0.88
635	YDR074W	0.87994
636	YGL201C	0.87994
637	YJR159W	0.87981
638	YGL100W	0.8798
639	YER007C-A	0.87958
640	YAR073W	0.87953
641	YML133W-A	0.87952
642	YNL339W-A	0.87952
643	YER190C-A	0.87952
644	YPL283W-A	0.87952
645	YGR296C-A	0.87952
646	YKR105C	0.87946
647	YDR226W	0.87943
648	YML080W	0.87943
649	YNL064C	0.87938
650	YML021C	0.87936
651	YDL201W	0.87933
652	YDR321W	0.87927
653	YBR068C	0.87925
654	YGL026C	0.87914
655	YBL036C	0.87913
656	YMR301C	0.87912
657	YAL064C-A	0.87908
658	YGL211W	0.87904
659	YFR044C	0.879
660	YGL039W	0.879
661	YLR291C	0.8789
662	YCR020C-A	0.87884
663	YDR456W	0.87882
664	YPR033C	0.87875
665	YGR043C	0.87869
666	YLR175W	0.87867
667	YPR086W	0.8786
668	YDL095W	0.8786
669	YMR266W	0.87851
670	YJR069C	0.87846
671	YLL053C	0.87836
672	YDR297W	0.87834
673	YDL246C	0.87828
674	YKL035W	0.87825
675	YBR295W	0.87805
676	YHR163W	0.87799
677	YIR022W	0.87774
678	YDL086W	0.87772
679	YLR186W	0.87757
680	YIL124W	0.87748
681	YHR183W	0.87745
682	YDR516C	0.87744
683	YGR163W	0.87743
684	YNR026C	0.87737
685	YBR132C	0.87729
686	YGL221C	0.87722
687	YDR158W	0.87711
688	YNR043W	0.87706
689	YER174C	0.87704
690	YOR321W	0.87702
691	YML078W	0.877
692	YNR034W	0.87697
693	YMR202W	0.87696
694	YLL055W	0.87694
695	YLR420W	0.87691
696	YMR307W	0.87684
697	YGL157W	0.87681
698	YNL132W	0.87679
699	YCL010C	0.87678
700	YPR181C	0.87668
701	YBR287W	0.87664
702	YGR248W	0.87664
703	YFR018C	0.87661
704	YGR100W	0.87659
705	YPL111W	0.87658
706	YKL210W	0.87657
707	YNR050C	0.87657
708	YHR132C	0.87651
709	YDR093W	0.87648
710	YBL042C	0.87645
711	YOL132W	0.87644
712	YJL008C	0.87639
713	YHR013C	0.87635
714	YPL093W	0.87629
715	YOR087W	0.87622
716	YNL244C	0.87619
717	YNL231C	0.87616
718	YNR013C	0.8761
719	YMR084W	0.87604
720	YLR330W	0.87598
721	YLR155C	0.87596
722	YLR158C	0.87596
723	YLR157C	0.87596
724	YLR160C	0.87596
725	YLR028C	0.87588
726	YLR069C	0.87588
727	YBL050W	0.87578
728	YKR068C	0.87575
729	YHR190W	0.87575
730	YMR236W	0.87573
731	YGL002W	0.87568
732	YNL255C	0.87566
733	YJL143W	0.87562
734	YPR041W	0.87554
735	YJR058C	0.87554
736	YHR019C	0.87554
737	YPR131C	0.87553
738	YCR072C	0.87552
739	YEL060C	0.87547
740	YLL063C	0.87544
741	YMR271C	0.87542
742	YOR027W	0.87541
743	YBR265W	0.8754
744	YBR121C	0.8754
745	YGR028W	0.87531
746	YER023W	0.87529
747	YPL226W	0.8752
748	YLL039C	0.87514
749	YDL155W	0.87505
750	YPR176C	0.87483
751	YKL127W	0.87474
752	YIR035C	0.87471
753	YPL028W	0.87456
754	YBR006W	0.87456
755	YMR230W	0.87455
756	YEL021W	0.87451
757	YLL061W	0.87451
758	YHR144C	0.87451
759	YKL184W	0.8745
760	YBL021C	0.87449
761	YPL094C	0.87446
762	YOR293W	0.87428
763	YCR068W	0.87422
764	YIL109C	0.87417
765	YBR020W	0.87416
766	YBL105C	0.87415
767	YMR297W	0.87403
768	YDR448W	0.87401
769	YOL090W	0.87394
770	YBR291C	0.87388
771	YFL041W	0.87388
772	YJL128C	0.8738
773	Q0130	0.87379
774	YDL007W	0.87374
775	YOR192C	0.87372
776	YLR055C	0.87365
777	YIR037W	0.8736
778	YDL243C	0.8736
779	YDR002W	0.87356
780	YIL001W	0.87332
781	YER062C	0.87327
782	YDL046W	0.87326
783	YKL152C	0.8732
784	YPL135W	0.87319
785	YLR152C	0.87315
786	YHR074W	0.87308
787	YJR047C	0.87293
788	YGL252C	0.87289
789	YPR194C	0.87288
790	YGR213C	0.87274
791	YDR120C	0.87272
792	YGR240C	0.87269
793	YGL220W	0.87265
794	YER053C	0.87263
795	YCR008W	0.87253
796	YBR221C	0.87242
797	YFR028C	0.87226
798	YBR054W	0.87218
799	YER143W	0.87214
800	YMR183C	0.87212
801	YMR217W	0.87211
802	YJL196C	0.87206
803	YHR042W	0.87206
804	YLR004C	0.87205
805	YMR292W	0.87204
806	YJL217W	0.87192
807	YBR286W	0.87184
808	YOL016C	0.8718
809	YMR288W	0.87173
810	YAL030W	0.87172
811	YGL054C	0.8717
812	YER110C	0.87169
813	YKL113C	0.87166
814	YMR178W	0.87159
815	YBR106W	0.87158
816	YJR024C	0.87157
817	YDR384C	0.87154
818	YKL046C	0.87141
819	YIL162W	0.87135
820	YMR285C	0.87132
821	YKR050W	0.8713
822	YHR064C	0.8713
823	YGL063W	0.87129
824	YBR202W	0.87121
825	YGL006W	0.87118
826	YHR026W	0.87113
827	YGL139W	0.87109
828	YPL275W	0.87108
829	YMR318C	0.87104
830	YBR021W	0.87097
831	YDR291W	0.87093
832	YDR402C	0.87087
833	YDR037W	0.87084
834	YOR159C	0.87083
835	YDR047W	0.87083
836	YLR326W	0.87077
837	YEL070W	0.87073
838	YNR073C	0.87073
839	YIL088C	0.8707
840	YAR007C	0.87067
841	YHR148W	0.87062
842	YBR127C	0.87059
843	YDL144C	0.87054
844	YNL329C	0.87052
845	YJL111W	0.87043
846	YLR398C	0.8704
847	YPL067C	0.8704
848	YPL042C	0.87027
849	YGL137W	0.87025
850	YKR053C	0.87012
851	YDR033W	0.87009
852	YNL275W	0.87002
853	YNR057C	0.86999
854	YLR060W	0.86995
855	YFR031C	0.86991
856	YMR095C	0.8699
857	YIL053W	0.86985
858	YML106W	0.86982
859	YPR108W	0.86979
860	YBR196C	0.86978
861	YOR196C	0.8697
862	YNL331C	0.86969
863	YJR072C	0.86968
864	YOR004W	0.86964
865	YBL039C	0.86959
866	YBR264C	0.86957
867	YKL157W	0.86952
868	YGR087C	0.86947
869	YOR071C	0.86943
870	YDL057W	0.86941
871	YCR059C	0.86939
872	YOL137W	0.86937
873	YPL151C	0.86936
874	YEL040W	0.86933
875	YOL005C	0.86933
876	YAL067C	0.86924
877	YHR025W	0.8692
878	YPL208W	0.86904
879	YGL190C	0.86898
880	YFL067W	0.86897
881	YCR011C	0.86894
882	YIL064W	0.86892
883	YNL044W	0.86889
884	YCL074W	0.86887
885	YHR068W	0.86884
886	YDR177W	0.86875
887	YGR260W	0.86875
888	YMR120C	0.8687
889	YIL166C	0.8687
890	YGR155W	0.8687
891	YGR246C	0.86862
892	YLR017W	0.86861
893	YOL164W	0.86847
894	YNR064C	0.8684
895	YPL091W	0.8683
896	YDL140C	0.86826
897	YER004W	0.86818
898	YGL130W	0.86813
899	YMR105C	0.86813
900	YGR279C	0.86807
901	YPR160W	0.86807
902	YNL021W	0.86805
903	YPL050C	0.86803
904	YDR190C	0.86797
905	YPL232W	0.86793
906	YKL094W	0.8679
907	YIL155C	0.8679
908	YPR080W	0.86784
909	YCL069W	0.8678
910	YPR110C	0.86775
911	YBR234C	0.8677
912	YOR306C	0.86766
913	YGR197C	0.86762
914	YNL099C	0.86756
915	YDR172W	0.86755
916	YDR111C	0.86755
917	YMR305C	0.86751
918	YKL211C	0.86749
919	YOL055C	0.86748
920	YPL213W	0.86747
921	YBL057C	0.86746
922	YOR236W	0.86739
923	YOR316C	0.86739
924	YMR054W	0.86735
925	YGR207C	0.86724
926	YDR267C	0.86723
927	YBR170C	0.86718
928	YIL065C	0.86718
929	YLR259C	0.86717
930	YKL027W	0.86712
931	YCL033C	0.86709
932	YDL103C	0.86706
933	YKL120W	0.86693
934	YOR339C	0.86678
935	YLR209C	0.86674
936	YIL160C	0.86663
937	YMR138W	0.86663
938	YMR008C	0.86657
939	YGL022W	0.86655
940	YER003C	0.86653
941	YNL259C	0.86649
942	YLR243W	0.86647
943	YFL018C	0.86647
944	YNL111C	0.86641
945	YOL080C	0.8664
946	YKR097W	0.8664
947	YLR355C	0.86639
948	YOR133W	0.86635
949	YMR071C	0.86634
950	YGR031W	0.86633
951	YBR001C	0.86623
952	YAL042W	0.86623
953	YDR214W	0.86621
954	YHR047C	0.86618
955	YBR087W	0.86598
956	YOR126C	0.86598
957	YPR011C	0.86592
958	YJL212C	0.8659
959	YJR015W	0.86587
960	YGR010W	0.86584
961	YAL029C	0.86583
962	YBR256C	0.86583
963	YNL222W	0.8658
964	YGR020C	0.86575
965	YLR384C	0.86575
966	YHR012W	0.86568
967	YMR260C	0.8656
968	YOR163W	0.86554
969	YHL036W	0.86545
970	YGR200C	0.86536
971	YML014W	0.86534
972	YGL012W	0.86532
973	YOL163W	0.86524
974	YGR234W	0.86517
975	YCR012W	0.86515
976	YOR217W	0.86513
977	YCR037C	0.86513
978	YIR009W	0.86509
979	YLR432W	0.86508
980	YAL049C	0.865
981	YDR270W	0.86499
982	YML022W	0.86498
983	YBL091C-A	0.86498
984	YFR055W	0.86491
985	YNL281W	0.86489
986	YPR003C	0.86476
987	YOL112W	0.86475
988	YCR021C	0.86474
989	YDR023W	0.86473
990	YKR018C	0.86468
991	YJL079C	0.86465
992	YJR074W	0.86465
993	YDR212W	0.86454
994	YBR245C	0.8645
995	YBL003C	0.86447
996	YPR081C	0.86441
997	YIL094C	0.86436
998	YOL139C	0.86435
999	YDR225W	0.86431
1000	YPL043W	0.86431
1001	YML056C	0.86426
1002	YLR220W	0.86423
1003	YDL174C	0.86416
1004	YBL099W	0.86415
1005	YLR354C	0.86409
1006	YOL119C	0.86409
1007	YFL061W	0.86393
1008	YNL335W	0.86393
1009	YNL194C	0.86392
1010	YKR014C	0.86391
1011	YER146W	0.86386
1012	YEL020C	0.86386
1013	YPR128C	0.86382
1014	YIR026C	0.86375
1015	YLR137W	0.86375
1016	YLL008W	0.8637
1017	YAL012W	0.86369
1018	YNL200C	0.86367
1019	YBL076C	0.86362
1020	YMR278W	0.86359
1021	YFR047C	0.86358
1022	YPR019W	0.86354
1023	YIR002C	0.86354
1024	YJR139C	0.86352
1025	YDR438W	0.8635
1026	YDL087C	0.86342
1027	YPR024W	0.86341
1028	YNL323W	0.86332
1029	YER043C	0.86331
1030	YDR408C	0.86329
1031	YMR083W	0.86326
1032	YOR086C	0.86326
1033	YEL038W	0.86321
1034	YCL030C	0.8632
1035	YDL014W	0.86319
1036	YOR384W	0.86315
1037	YCL018W	0.86305
1038	YOR226C	0.86301
1039	YFL037W	0.86289
1040	YOR246C	0.86289
1041	YDL138W	0.86288
1042	YMR235C	0.86287
1043	YDR264C	0.8628
1044	YKL107W	0.86278
1045	YLR126C	0.86278
1046	YOR095C	0.86267
1047	YDR272W	0.86265
1048	YGR135W	0.8626
1049	YHR048W	0.86257
1050	YFL060C	0.86257
1051	YNR048W	0.86249
1052	YML075C	0.86248
1053	YML094W	0.86236
1054	YNL061W	0.86232
1055	YGL186C	0.86228
1056	YFL017C	0.86226
1057	YIL021W	0.86225
1058	YJR116W	0.86224
1059	YLR027C	0.86217
1060	YLR241W	0.86205
1061	YMR022W	0.86194
1062	YLR426W	0.86192
1063	YEL032W	0.86192
1064	YBR078W	0.86189
1065	YDR397C	0.86189
1066	YLR377C	0.86185
1067	YLR188W	0.86178
1068	YMR169C	0.86177
1069	YMR224C	0.86167
1070	YKL213C	0.86166
1071	YER017C	0.86165
1072	YOR006C	0.86144
1073	YBR242W	0.86132
1074	YHR129C	0.86132
1075	YBR073W	0.86116
1076	YBR117C	0.86111
1077	YDL238C	0.86111
1078	YDR167W	0.86108
1079	YPR149W	0.86104
1080	YBL029C-A	0.86102
1081	YLR129W	0.86102
1082	YOR222W	0.86096
1083	YDR045C	0.86096
1084	YAL053W	0.86088
1085	YIL010W	0.86088
1086	YJL134W	0.86087
1087	YGL171W	0.86086
1088	YDL147W	0.86083
1089	YCL036W	0.86054
1090	YGR007W	0.86047
1091	YPR074C	0.86047
1092	YJR063W	0.86046
1093	YLR172C	0.86046
1094	YPL206C	0.86037
1095	YNL334C	0.86034
1096	YHR031C	0.86034
1097	YPL010W	0.86032
1098	YKL067W	0.86026
1099	YHR216W	0.86023
1100	YDL208W	0.86021
1101	YDR098C	0.86015
1102	YKL039W	0.86012
1103	YJL060W	0.86011
1104	YOR357C	0.86004
1105	YOL059W	0.86001
1106	YCR048W	0.85997
1107	YOL110W	0.85994
1108	YIL145C	0.85992
1109	YIR027C	0.85979
1110	YER006W	0.85978
1111	YPL236C	0.85976
1112	YLR367W	0.85968
1113	YKL126W	0.85968
1114	YHR170W	0.85967
1115	YJL190C	0.85958
1116	YMR272C	0.85949
1117	YPL281C	0.85946
1118	YOR393W	0.85946
1119	YNL108C	0.85944
1120	YPL258C	0.85933
1121	YPL046C	0.8593
1122	YLR447C	0.85928
1123	YOL002C	0.85928
1124	YOR099W	0.8592
1125	YOL124C	0.85917
1126	YOR241W	0.85907
1127	YJL216C	0.85904
1128	YOR351C	0.85903
1129	YDR533C	0.859
1130	YBR035C	0.85897
1131	YNL072W	0.85897
1132	YGL017W	0.85892
1133	YLR070C	0.85884
1134	YDR116C	0.85881
1135	YMR323W	0.85879
1136	YDR148C	0.85876
1137	YOR358W	0.85872
1138	YHR029C	0.85869
1139	YLR253W	0.85867
1140	YLR369W	0.85867
1141	YPL006W	0.85861
1142	YBR137W	0.85858
1143	YGL043W	0.85854
1144	YHR044C	0.85854
1145	YLR251W	0.85852
1146	YMR308C	0.85852
1147	YNL130C	0.85842
1148	YBL023C	0.85841
1149	YNR015W	0.85841
1150	YGR203W	0.8584
1151	YOR304W	0.85839
1152	YML079W	0.85836
1153	YCR105W	0.85835
1154	YOR011W	0.85834
1155	YPR193C	0.85828
1156	YDR050C	0.85827
1157	YPL134C	0.85826
1158	YHR043C	0.85825
1159	YGL224C	0.8581
1160	YKL128C	0.85809
1161	YML125C	0.85809
1162	YJR112W-A	0.85804
1163	YGL207W	0.85801
1164	YLR304C	0.85793
1165	YJL024C	0.85784
1166	YAL044W-A	0.8578
1167	YMR314W	0.8578
1168	YBR220C	0.85779
1169	YPL240C	0.85772
1170	YDL236W	0.85766
1171	YNL071W	0.85756
1172	YLR167W	0.85751
1173	YPR054W	0.85751
1174	YJL145W	0.85747
1175	YMR215W	0.85745
1176	YBR115C	0.85744
1177	YLR262C	0.8574
1178	YAL062W	0.85734
1179	YOL125W	0.85724
1180	YBR029C	0.85723
1181	YBR046C	0.85723
1182	YBR069C	0.85723
1183	YDR392W	0.85721
1184	YPR082C	0.85716
1185	YBR139W	0.85716
1186	YBL015W	0.85716
1187	YJR155W	0.85711
1188	YER136W	0.85693
1189	YNL024C	0.85691
1190	YNL065W	0.8569
1191	YLR351C	0.85687
1192	YOL058W	0.85685
1193	YFR051C	0.85679
1194	YJR096W	0.85676
1195	YPL092W	0.85675
1196	YOL065C	0.85673
1197	YOL092W	0.85672
1198	YAL016W	0.85671
1199	YPL095C	0.85669
1200	YKR013W	0.8566
1201	YMR089C	0.85657
1202	YKL021C	0.85656
1203	Q0275	0.85654
1204	YPL212C	0.85646
1205	YEL039C	0.85645
1206	YEL047C	0.85643
1207	YPL153C	0.8564
1208	YHR210C	0.8563
1209	YOR303W	0.85615
1210	YLR146C	0.85611
1211	YLR189C	0.85608
1212	YMR194C-B	0.85604
1213	YIR031C	0.85598
1214	YJR104C	0.85594
1215	YGR244C	0.85589
1216	YOR168W	0.85583
1217	YBR248C	0.85579
1218	YMR315W	0.85579
1219	YPR121W	0.85576
1220	YGR048W	0.85573
1221	YNR020C	0.8557
1222	YPR004C	0.85564
1223	YNR071C	0.85562
1224	YMR238W	0.85561
1225	YDL135C	0.85559
1226	YGR092W	0.85555
1227	YKL181W	0.85552
1228	YGR264C	0.85549
1229	YNL232W	0.85546
1230	YHR063C	0.85542
1231	YOR142W	0.85539
1232	YHR111W	0.85534
1233	YJR103W	0.8553
1234	YMR186W	0.8553
1235	YAR015W	0.8552
1236	YDR086C	0.85514
1237	YKR009C	0.85509
1238	YLR214W	0.85504
1239	YDL194W	0.85503
1240	YHR189W	0.85499
1241	YBR153W	0.85495
1242	YHR123W	0.85492
1243	YNL117W	0.85489
1244	YLR286C	0.85485
1245	YJL068C	0.85485
1246	YPR088C	0.85484
1247	YHR027C	0.85484
1248	YNL134C	0.85483
1249	YMR113W	0.85481
1250	YLR120C	0.8548
1251	YNR011C	0.85479
1252	YDR007W	0.85472
1253	YIL114C	0.85472
1254	YDR368W	0.85471
1255	YOR375C	0.85465
1256	YDR063W	0.85462
1257	YNR019W	0.85454
1258	YBR214W	0.85452
1259	YKL008C	0.85449
1260	YMR090W	0.85447
1261	YML092C	0.85444
1262	YDL036C	0.85438
1263	YAR050W	0.85432
1264	YCR053W	0.85419
1265	YER070W	0.85417
1266	YDR481C	0.85412
1267	YJL155C	0.8541
1268	YDL018C	0.8541
1269	YOR036W	0.85407
1270	YOL157C	0.85404
1271	YBR015C	0.85404
1272	YLL029W	0.85402
1273	YMR250W	0.85401
1274	YBR037C	0.8539
1275	YKL161C	0.85385
1276	YBL032W	0.85383
1277	YGL206C	0.8537
1278	YLL018C-A	0.85368
1279	YKL069W	0.85365
1280	YLR429W	0.85353
1281	YHR175W	0.85347
1282	YKL059C	0.85346
1283	YDL132W	0.85346
1284	YPL231W	0.85338
1285	YBL089W	0.85336
1286	YBR228W	0.8533
1287	YBR003W	0.85329
1288	YJR131W	0.85323
1289	YPL184C	0.85322
1290	YOL020W	0.85321
1291	YNL138W	0.85319
1292	YIR012W	0.85318
1293	YIL103W	0.85311
1294	YEL052W	0.85309
1295	YJL087C	0.85306
1296	YGL106W	0.85305
1297	YPR058W	0.85305
1298	YPL237W	0.85304
1299	YLR411W	0.85295
1300	YJR109C	0.85292
1301	YHR039C	0.85292
1302	YPR167C	0.85291
1303	YBR180W	0.85289
1304	YMR170C	0.85289
1305	YER152C	0.85287
1306	YMR145C	0.85281
1307	YOL068C	0.8528
1308	YDR490C	0.85278
1309	YMR197C	0.85274
1310	YGR287C	0.85267
1311	YPL160W	0.85264
1312	YOR155C	0.8526
1313	YML067C	0.85253
1314	YER013W	0.85252
1315	YNL148C	0.85247
1316	YMR167W	0.85244
1317	YDR465C	0.85237
1318	YGL135W	0.85236
1319	YPL220W	0.85236
1320	YDR140W	0.85236
1321	YIL172C	0.85226
1322	YJL221C	0.85226
1323	YOR013W	0.85218
1324	YOR361C	0.85213
1325	YGR271W	0.85208
1326	YIL165C	0.85206
1327	YOL062C	0.85206
1328	YGR131W	0.85203
1329	YEL071W	0.852
1330	YKL197C	0.85198
1331	YGR247W	0.85185
1332	YML101C	0.85177
1333	YJL124C	0.85167
1334	YGR094W	0.85161
1335	YPR180W	0.85154
1336	YBL011W	0.85154
1337	YMR093W	0.85145
1338	YKL135C	0.8514
1339	YHR211W	0.85128
1340	YJR048W	0.85125
1341	YPL211W	0.85114
1342	YOL142W	0.85114
1343	YMR214W	0.85102
1344	YBR002C	0.85099
1345	YLR375W	0.85097
1346	YOR250C	0.85094
1347	YBL082C	0.85089
1348	YGL122C	0.85084
1349	YHR020W	0.85076
1350	YPL122C	0.85072
1351	YBR155W	0.85069
1352	YOR374W	0.85068
1353	YCR060W	0.85065
1354	YDL124W	0.85064
1355	YGL208W	0.85061
1356	YFR006W	0.85058
1357	YNL055C	0.85058
1358	YIR034C	0.85056
1359	YML035C	0.85055
1360	YKL114C	0.85049
1361	YMR319C	0.85046
1362	YFL057C	0.85041
1363	YJR070C	0.8503
1364	YKL151C	0.85027
1365	YNL287W	0.85024
1366	YCR023C	0.8502
1367	YHR112C	0.85019
1368	YGR254W	0.85013
1369	YFL053W	0.8501
1370	YHL017W	0.85005
1371	YER183C	0.85004
1372	YGR204W	0.85001
1373	YKL013C	0.85
1374	YFR010W	0.84999
1375	YDR331W	0.84999
1376	YOR243C	0.84996
1377	YGR173W	0.84992
1378	YER175C	0.84992
1379	YLR276C	0.8499
1380	YKR056W	0.84984
1381	YKL144C	0.8498
1382	YKL053C-A	0.84975
1383	YKR043C	0.84969
1384	YML087C	0.84963
1385	YIL066C	0.84962
1386	YAL063C	0.84962
1387	YGR180C	0.84942
1388	YKL164C	0.84936
1389	YDR378C	0.84933
1390	YEL024W	0.84928
1391	YFL028C	0.84924
1392	YBL056W	0.84922
1393	YGL055W	0.84917
1394	YBR177C	0.84908
1395	YDR035W	0.84907
1396	YML038C	0.84901
1397	YCR051W	0.84897
1398	YCR004C	0.84897
1399	YNL312W	0.84893
1400	YDL049C	0.8489
1401	YBR208C	0.84883
1402	YKL117W	0.84881
1403	YOR048C	0.84878
1404	YCR017C	0.84876
1405	YPL059W	0.84871
1406	YAL021C	0.84858
1407	YOL012C	0.84856
1408	YDL080C	0.84854
1409	YDR009W	0.8485
1410	YNL007C	0.84844
1411	YKL002W	0.84841
1412	YPR056W	0.84837
1413	YLR138W	0.84833
1414	YDR055W	0.84823
1415	YDR280W	0.84819
1416	YMR262W	0.84819
1417	YJL171C	0.84813
1418	YOR034C	0.8481
1419	YDL212W	0.84807
1420	YBL040C	0.84798
1421	YLL041C	0.84796
1422	YOL034W	0.84791
1423	YNL087W	0.8479
1424	YPR111W	0.84787
1425	YOR145C	0.84784
1426	YHR005C-A	0.84782
1427	YKL004W	0.8478
1428	YOR120W	0.84779
1429	YHL018W	0.84772
1430	YBR198C	0.84757
1431	YLR210W	0.84756
1432	YDL051W	0.84753
1433	YKR024C	0.84729
1434	YMR099C	0.84728
1435	YLR409C	0.84726
1436	YLR410W	0.84723
1437	YGL037C	0.84718
1438	YKR001C	0.84716
1439	YMR253C	0.84713
1440	YOL129W	0.84712
1441	YGR125W	0.84707
1442	YLR324W	0.84703
1443	YMR027W	0.847
1444	YMR220W	0.84696
1445	YKL191W	0.84692
1446	YLR218C	0.84692
1447	YBL102W	0.8468
1448	YAL022C	0.84673
1449	YDR234W	0.84671
1450	YLR340W	0.84667
1451	YOL130W	0.84656
1452	YHR046C	0.84656
1453	YDR084C	0.84649
1454	YBR244W	0.84647
1455	YKL080W	0.84645
1456	YBR011C	0.84631
1457	YDR276C	0.84628
1458	YNL229C	0.84624
1459	YNL082W	0.84624
1460	YKL003C	0.84615
1461	YOR049C	0.84613
1462	YPR107C	0.84609
1463	YMR009W	0.84609
1464	YLR222C	0.84596
1465	YOR151C	0.84593
1466	YOR020C	0.84591
1467	YOL147C	0.84591
1468	YDR415C	0.84588
1469	YEL037C	0.84584
1470	YNL207W	0.8458
1471	YCR061W	0.84574
1472	YFL002C	0.84564
1473	YLR100W	0.84557
1474	YGR019W	0.84554
1475	YDR313C	0.84551
1476	YGL148W	0.84537
1477	YOR335C	0.84532
1478	YMR069W	0.84521
1479	YOR356W	0.8452
1480	YNR027W	0.84515
1481	YGL105W	0.84513
1482	YGR189C	0.84513
1483	YGR021W	0.84511
1484	YIL164C	0.8451
1485	YKL029C	0.84507
1486	YOR391C	0.84504
1487	YDR019C	0.84503
1488	YEL036C	0.84503
1489	YPL013C	0.84499
1490	YNL220W	0.84497
1491	YBR112C	0.84497
1492	YOR040W	0.84495
1493	YPL012W	0.84486
1494	YJR032W	0.84478
1495	YDR398W	0.84478
1496	YML086C	0.84476
1497	YCR069W	0.84473
1498	YIL108W	0.84459
1499	YNL240C	0.84453
1500	YKR066C	0.84452
1501	YCR107W	0.8445
1502	YNL037C	0.84449
1503	YDR127W	0.84448
1504	YCL011C	0.84447
1505	YLL034C	0.84439
1506	YLR451W	0.84436
1507	YLR382C	0.84433
1508	YER074W-A	0.84428
1509	YJL179W	0.84428
1510	YLR307W	0.84426
1511	YKL085W	0.84423
1512	YDR513W	0.84422
1513	YDR243C	0.8442
1514	YPR120C	0.84415
1515	YML054C	0.84409
1516	YIL033C	0.84408
1517	YBR236C	0.84394
1518	YHR219W	0.84394
1519	YDR032C	0.84391
1520	YDR483W	0.84389
1521	YOR119C	0.84385
1522	YPR025C	0.84381
1523	YGR029W	0.8438
1524	YFR024C-A	0.84379
1525	YPL187W	0.84378
1526	YOR003W	0.84376
1527	YJL052W	0.84351
1528	YGR095C	0.84349
1529	YAR042W	0.84349
1530	YPR034W	0.84348
1531	YPL262W	0.84345
1532	YJR014W	0.84339
1533	YAR018C	0.84338
1534	YPR186C	0.84335
1535	YAL007C	0.84331
1536	YGL205W	0.84328
1537	YNL243W	0.84324
1538	YNR065C	0.84323
1539	YHR174W	0.84318
1540	YAR062W	0.84314
1541	YHR213W	0.84314
1542	Q0085	0.84296
1543	YMR001C	0.84295
1544	YML052W	0.84295
1545	YCR034W	0.84292
1546	YML010W	0.84285
1547	Q0045	0.84282
1548	YGR004W	0.8427
1549	YJL174W	0.84268
1550	YJL002C	0.84257
1551	YER176W	0.8425
1552	YOR065W	0.84247
1553	YLL058W	0.84245
1554	YEL020W-A	0.84238
1555	YGR012W	0.84227
1556	YMR006C	0.84227
1557	YKR055W	0.84224
1558	YGR229C	0.84214
1559	YFR048W	0.84211
1560	YHR089C	0.84203
1561	YAL036C	0.842
1562	YMR085W	0.84199
1563	YOR109W	0.84197
1564	YNL141W	0.84196
1565	YJR040W	0.84194
1566	YLR038C	0.8419
1567	YKL221W	0.8419
1568	YER065C	0.84188
1569	YJL116C	0.84182
1570	YPR028W	0.84175
1571	YHR100C	0.84167
1572	YLL023C	0.84164
1573	YDR539W	0.84159
1574	YPL170W	0.8415
1575	YIL075C	0.8415
1576	YMR101C	0.84146
1577	YLR181C	0.84138
1578	YDR121W	0.84136
1579	YHL015W	0.84132
1580	YMR276W	0.84129
1581	YLR099C	0.84119
1582	YJL159W	0.84115
1583	YER168C	0.84115
1584	YLR378C	0.84112
1585	YPL280W	0.84107
1586	YML077W	0.84101
1587	YMR296C	0.84099
1588	YDR083W	0.84094
1589	YOR311C	0.84082
1590	YKL091C	0.84079
1591	YGR199W	0.84079
1592	YNL153C	0.84076
1593	YFL059W	0.8407
1594	YBR210W	0.84069
1595	YIR008C	0.8406
1596	YOR332W	0.84056
1597	YNL333W	0.84051
1598	YDR411C	0.84047
1599	Q0250	0.84045
1600	YNR052C	0.84044
1601	YFL001W	0.84038
1602	YNR074C	0.84034
1603	YER044C	0.84032
1604	YJR129C	0.84027
1605	YJR009C	0.84025
1606	YGL126W	0.84022
1607	YJR016C	0.8402
1608	YJL093C	0.84019
1609	YHR168W	0.84015
1610	YHR205W	0.84015
1611	YMR268C	0.84014
1612	YBR023C	0.84013
1613	YPL214C	0.84007
1614	YLL011W	0.84002
1615	YDR453C	0.84
1616	YDR477W	0.83999
1617	YGL114W	0.83995
1618	YNL223W	0.83987
1619	YDR487C	0.83984
1620	YOR298C-A	0.83982
1621	YKL212W	0.83981
1622	YCL043C	0.83975
1623	YPL227C	0.83974
1624	YFR021W	0.83974
1625	YOL140W	0.83973
1626	YDR051C	0.83969
1627	YHR108W	0.83964
1628	YBR183W	0.8396
1629	YLR074C	0.83959
1630	YEL001C	0.83957
1631	YLR008C	0.83956
1632	YDR287W	0.83952
1633	YML126C	0.83947
1634	YML068W	0.83945
1635	YMR322C	0.83945
1636	YOR239W	0.83939
1637	YGR292W	0.83938
1638	YLR399C	0.83925
1639	YJR132W	0.83924
1640	YEL056W	0.83924
1641	YBR254C	0.83918
1642	YKR042W	0.83916
1643	YNL066W	0.83914
1644	YGL101W	0.83914
1645	YBR092C	0.83911
1646	YIL169C	0.83909
1647	YMR244W	0.83904
1648	YOL011W	0.83903
1649	YOL077C	0.83893
1650	YFL050C	0.83886
1651	YKR104W	0.83882
1652	YLR412W	0.83874
1653	YIR019C	0.83871
1654	YIR029W	0.83867
1655	YDL085W	0.83859
1656	YNL175C	0.83853
1657	YPR178W	0.83848
1658	YGR032W	0.83848
1659	YER142C	0.83848
1660	YKR088C	0.83845
1661	YNL020C	0.83843
1662	YKL084W	0.83831
1663	YKL028W	0.83827
1664	YNR046W	0.83825
1665	YCR005C	0.83822
1666	YOR079C	0.83822
1667	YBR058C	0.83822
1668	YKR102W	0.83822
1669	YDR144C	0.83813
1670	YOR172W	0.83811
1671	YJR013W	0.8381
1672	YDR263C	0.83809
1673	YKR051W	0.83807
1674	YGL202W	0.83805
1675	YLR342W	0.83803
1676	YKL160W	0.83786
1677	YJR117W	0.83784
1678	YAL019W	0.83783
1679	YBR299W	0.83782
1680	YLR078C	0.83779
1681	YIL099W	0.83777
1682	YKL022C	0.83756
1683	YBR014C	0.83755
1684	YBL002W	0.83753
1685	YNR041C	0.83751
1686	YCR036W	0.8375
1687	YFR030W	0.83749
1688	YIL013C	0.83741
1689	YDR013W	0.8374
1690	YLR046C	0.83735
1691	YEL004W	0.83714
1692	YDR224C	0.83709
1693	YKL163W	0.83707
1694	YDR191W	0.83705
1695	YBR267W	0.83704
1696	YBL007C	0.837
1697	YHR193C	0.83699
1698	YBR166C	0.83699
1699	YDL145C	0.83699
1700	YAL035W	0.83697
1701	YOR261C	0.83697
1702	YLR231C	0.83694
1703	YGR277C	0.83693
1704	YJL153C	0.83691
1705	YOL093W	0.8368
1706	YLR197W	0.83677
1707	YGR262C	0.83674
1708	YGL156W	0.83674
1709	YHR002W	0.83669
1710	YBR111C	0.83666
1711	YOR007C	0.83655
1712	YLR056W	0.83642
1713	YBR041W	0.83635
1714	YJR084W	0.83629
1715	YDL042C	0.83628
1716	YPL004C	0.83627
1717	YMR139W	0.83627
1718	YFR038W	0.8362
1719	YBR053C	0.83618
1720	YGL212W	0.83617
1721	YDL123W	0.83615
1722	YGR192C	0.83609
1723	YMR304W	0.83606
1724	YNL237W	0.83604
1725	YDL141W	0.83604
1726	YPR112C	0.836
1727	YGR276C	0.83592
1728	YGR083C	0.83591
1729	YOR110W	0.83589
1730	YOR367W	0.83582
1731	YLR117C	0.83577
1732	YPL183C	0.8357
1733	YLR118C	0.83567
1734	YKL207W	0.83554
1735	YML028W	0.8354
1736	YFR032C	0.83535
1737	YCR002C	0.83534
1738	YLR383W	0.83517
1739	YDL093W	0.83514
1740	YLR014C	0.83511
1741	YDR211W	0.83506
1742	YPR002W	0.83505
1743	YOR209C	0.835
1744	YLR389C	0.83499
1745	YFL052W	0.83497
1746	YDR305C	0.83495
1747	YGL009C	0.83492
1748	YMR239C	0.83492
1749	YDL090C	0.8349
1750	YHR191C	0.83488
1751	YOL165C	0.83484
1752	YFL030W	0.8348
1753	YLR401C	0.83477
1754	YDR525W-A	0.83472
1755	YJL065C	0.8347
1756	YFL042C	0.83466
1757	YJL088W	0.83461
1758	YKL017C	0.8346
1759	YML065W	0.83459
1760	YNL016W	0.83457
1761	YDR041W	0.83457
1762	YPL157W	0.83452
1763	YGL242C	0.83449
1764	YML131W	0.83447
1765	YHR037W	0.83445
1766	YGL020C	0.83445
1767	YER027C	0.83435
1768	YDR514C	0.8343
1769	YDL205C	0.83424
1770	YDR188W	0.83418
1771	YCR045C	0.83418
1772	YER164W	0.834
1773	YBR237W	0.83393
1774	YFL048C	0.83385
1775	YMR092C	0.83381
1776	YBR192W	0.8338
1777	YNL101W	0.83379
1778	YDL217C	0.83377
1779	YPL171C	0.83375
1780	YGR159C	0.83369
1781	YNR008W	0.83368
1782	YOL006C	0.83358
1783	YDR324C	0.83357
1784	YFL008W	0.83353
1785	YDR109C	0.83348
1786	YCR084C	0.83347
1787	YDR100W	0.83346
1788	YPL113C	0.83341
1789	YLR285W	0.83337
1790	YBL018C	0.83333
1791	YJR107W	0.8333
1792	YOR184W	0.83328
1793	YHR104W	0.83309
1794	YOR103C	0.83306
1795	YNL023C	0.83297
1796	YIL051C	0.83296
1797	YML072C	0.83294
1798	YOR074C	0.83269
1799	YNL056W	0.83268
1800	YER120W	0.83262
1801	YFL034C-B	0.8326
1802	YHR033W	0.83254
1803	YOR206W	0.83251
1804	YOR162C	0.83248
1805	YDR182W-A	0.83248
1806	YLL009C	0.83244
1807	YDL072C	0.83227
1808	YOR165W	0.83226
1809	YOR265W	0.83225
1810	YFL022C	0.83223
1811	YDL190C	0.83223
1812	YGR172C	0.83219
1813	YAL039C	0.83215
1814	YBR223C	0.83213
1815	YKL060C	0.83199
1816	YJL080C	0.83191
1817	YLR343W	0.83186
1818	YPR147C	0.83186
1819	YIL014W	0.83182
1820	YCR102C	0.8318
1821	YGR181W	0.83171
1822	YGR085C	0.83169
1823	YNL161W	0.83169
1824	YNL185C	0.83163
1825	YOR262W	0.83157
1826	YDR468C	0.83149
1827	YMR143W	0.83149
1828	YDL083C	0.83149
1829	YMR062C	0.83145
1830	YIL068C	0.83138
1831	YJL125C	0.83134
1832	YJR064W	0.83131
1833	YNL321W	0.83125
1834	Q0050	0.83121
1835	YOR292C	0.83115
1836	YBR025C	0.83108
1837	YKR084C	0.83097
1838	YEL003W	0.83097
1839	YDL110C	0.83084
1840	YJL074C	0.83083
1841	YJR010C-A	0.83079
1842	YGR195W	0.83079
1843	YNL075W	0.83078
1844	YMR196W	0.83072
1845	YPL131W	0.83067
1846	YBR227C	0.83061
1847	YHR179W	0.83053
1848	YLR020C	0.83052
1849	YML121W	0.8305
1850	YOR370C	0.83049
1851	YOR207C	0.83044
1852	YCL042W	0.83042
1853	YER172C	0.83041
1854	YDR142C	0.83036
1855	YOR175C	0.8303
1856	YMR104C	0.83029
1857	YOL064C	0.83027
1858	YAL009W	0.83027
1859	YIL046W	0.83026
1860	YER162C	0.83022
1861	YML098W	0.83021
1862	YLR405W	0.83021
1863	YOL009C	0.83013
1864	YMR123W	0.83009
1865	YPL179W	0.83009
1866	YKR067W	0.83008
1867	YLL012W	0.83003
1868	YMR251W	0.83003
1869	YGR214W	0.82998
1870	YKL193C	0.82996
1871	YGR242W	0.82978
1872	YLR345W	0.82972
1873	YJL136C	0.82972
1874	YER082C	0.8297
1875	YNR001C	0.82965
1876	YOR285W	0.82961
1877	YJR149W	0.82958
1878	YDL193W	0.82954
1879	YLR108C	0.82948
1880	YDL079C	0.82946
1881	YGL240W	0.82946
1882	YMR132C	0.82937
1883	YHR040W	0.82931
1884	YGL232W	0.82928
1885	YPR188C	0.82926
1886	YPR073C	0.82925
1887	YGL095C	0.82924
1888	YDR452W	0.82923
1889	YDR429C	0.82922
1890	YPR127W	0.82921
1891	YFR050C	0.82913
1892	YPR201W	0.82912
1893	YML070W	0.82911
1894	YLL001W	0.82906
1895	YIL123W	0.82906
1896	YBR103W	0.82905
1897	YNL106C	0.82905
1898	YPR140W	0.82902
1899	YJL081C	0.82898
1900	YCR106W	0.82896
1901	YLR460C	0.82886
1902	YLR372W	0.82886
1903	YBL001C	0.82877
1904	YNL067W	0.82872
1905	YOR310C	0.82871
1906	YKL051W	0.82865
1907	YLR203C	0.82864
1908	YPL127C	0.82862
1909	YNL022C	0.82857
1910	YHR142W	0.82856
1911	YNL293W	0.82852
1912	YBL106C	0.82849
1913	YPR102C	0.82845
1914	YOR341W	0.82843
1915	YLR072W	0.82842
1916	YOR307C	0.8284
1917	YGR245C	0.8284
1918	YHL042W	0.82839
1919	YOL115W	0.82838
1920	YGL245W	0.82837
1921	YGL044C	0.82834
1922	YNL326C	0.82832
1923	YNL181W	0.82825
1924	YDL078C	0.82822
1925	YNL280C	0.82817
1926	YLR272C	0.82816
1927	YOR274W	0.82812
1928	YDR530C	0.8281
1929	YKL182W	0.82801
1930	YNL003C	0.82799
1931	YOR291W	0.82799
1932	YDR236C	0.82797
1933	YLR390W	0.82797
1934	YER134C	0.82796
1935	YNR012W	0.82794
1936	YBR101C	0.82784
1937	YIL063C	0.82781
1938	YDL178W	0.82781
1939	YBL098W	0.8278
1940	YCR094W	0.82779
1941	YOL153C	0.82777
1942	YLR179C	0.82773
1943	YJL082W	0.82773
1944	YIL126W	0.82767
1945	YBR162C	0.82765
1946	YCR075C	0.82765
1947	YGL030W	0.82764
1948	YMR277W	0.82761
1949	YDL017W	0.82758
1950	YDR459C	0.82752
1951	YPR118W	0.82741
1952	YOR280C	0.82739
1953	YLR364W	0.82736
1954	YNL096C	0.82734
1955	YJL172W	0.82732
1956	YNL192W	0.8273
1957	YNL088W	0.82729
1958	YDR502C	0.82728
1959	YAR023C	0.82727
1960	YDL109C	0.82727
1961	YOL113W	0.82725
1962	YLR449W	0.82707
1963	YHR181W	0.82705
1964	YBR018C	0.82692
1965	YLR446W	0.82691
1966	YDR105C	0.8269
1967	YOL073C	0.82687
1968	YLL015W	0.82681
1969	YHR024C	0.82681
1970	YDR257C	0.82679
1971	YHL026C	0.82673
1972	YGR288W	0.82672
1973	YOR039W	0.82671
1974	YPR161C	0.82669
1975	YOL060C	0.82667
1976	YDR492W	0.82661
1977	YPR010C	0.82655
1978	YKR076W	0.82652
1979	YGL140C	0.82651
1980	YJR151C	0.8265
1981	YJL130C	0.82648
1982	YJR146W	0.82637
1983	YHR034C	0.82635
1984	YLR019W	0.82627
1985	YHL039W	0.82625
1986	YBR104W	0.82622
1987	YDR522C	0.8262
1988	YDR358W	0.8261
1989	YCL059C	0.82606
1990	YGL040C	0.82603
1991	YBR149W	0.82601
1992	YDL101C	0.826
1993	YGR266W	0.82591
1994	YJR020W	0.82591
1995	YDR436W	0.82587
1996	YDR170C	0.82585
1997	YBR096W	0.82581
1998	YHR147C	0.82573
1999	YIL039W	0.82563
2000	YNR016C	0.82563
2001	YFL044C	0.82555
2002	YGR024C	0.82544
2003	YBL017C	0.82542
2004	YDR380W	0.82526
2005	YKR057W	0.82526
2006	YNL313C	0.82526
2007	YOL008W	0.82524
2008	YDL202W	0.82523
2009	YBR052C	0.82521
2010	YGR001C	0.8252
2011	YKR070W	0.82518
2012	YFL016C	0.82515
2013	YGL104C	0.82503
2014	YDR292C	0.82498
2015	YPR172W	0.82496
2016	YKR095W-A	0.82492
2017	YIL113W	0.82488
2018	YPR144C	0.82482
2019	YDR336W	0.82481
2020	YMR306W	0.8248
2021	YER091C	0.82478
2022	YNL292W	0.82472
2023	YGL004C	0.8247
2024	YDR352W	0.82469
2025	YKR062W	0.82463
2026	YNL121C	0.82458
2027	YLR086W	0.82449
2028	YJL200C	0.82441
2029	YGR187C	0.82441
2030	YHR003C	0.82439
2031	YFL034W	0.82438
2032	YGR078C	0.82434
2033	YMR225C	0.82428
2034	YPR163C	0.82424
2035	YEL006W	0.82424
2036	YPR190C	0.82422
2037	YLL048C	0.82422
2038	YER170W	0.824
2039	YGR093W	0.82389
2040	YBR039W	0.82383
2041	YGL181W	0.82382
2042	YPR137W	0.82377
2043	YLR180W	0.82366
2044	YJR085C	0.82364
2045	YJR125C	0.82357
2046	YPL002C	0.8235
2047	YOR176W	0.82347
2048	YNR051C	0.82336
2049	YGL147C	0.82334
2050	YBR093C	0.82332
2051	YDR418W	0.8233
2052	YEL054C	0.8233
2053	YJR144W	0.82319
2054	YJL005W	0.82318
2055	YIL083C	0.82317
2056	YNL059C	0.82315
2057	YOR232W	0.82301
2058	YHR215W	0.82298
2059	YHR176W	0.82297
2060	YLR089C	0.82296
2061	YOL018C	0.82295
2062	YNL102W	0.8229
2063	YMR162C	0.82287
2064	YLR022C	0.82287
2065	YLR300W	0.82284
2066	YDL031W	0.82283
2067	YLR338W	0.82281
2068	YPL239W	0.82281
2069	YML074C	0.8228
2070	YDL092W	0.82278
2071	YLR386W	0.82272
2072	YNL001W	0.82272
2073	YDR058C	0.82272
2074	YNL049C	0.82268
2075	YLL052C	0.82264
2076	YKR079C	0.82264
2077	YLL036C	0.82259
2078	YDR364C	0.82257
2079	YGL028C	0.8225
2080	YMR208W	0.82248
2081	YDR399W	0.82245
2082	YGL238W	0.82245
2083	YHR201C	0.82243
2084	YBR200W	0.82242
2085	YAR071W	0.82241
2086	YDR447C	0.82236
2087	YGL050W	0.82212
2088	YEL059C-A	0.8221
2089	YDL185W	0.82209
2090	YCR028C-A	0.82181
2091	YDR097C	0.82179
2092	YHR028C	0.82175
2093	YPL207W	0.82175
2094	YLR026C	0.82172
2095	YMR020W	0.82166
2096	YMR263W	0.82159
2097	YPL224C	0.82149
2098	YER059W	0.82148
2099	YDR067C	0.82146
2100	YCR020C	0.82143
2101	YLR196W	0.82142
2102	YPR159W	0.82139
2103	YGL143C	0.82137
2104	YPR198W	0.82131
2105	YGL236C	0.82129
2106	YJR010W	0.82129
2107	YLR048W	0.82126
2108	YER016W	0.82124
2109	YPR133C	0.82124
2110	YFR005C	0.82121
2111	YHR178W	0.82117
2112	YGL154C	0.82114
2113	YER156C	0.82111
2114	YGR086C	0.82107
2115	YDR164C	0.82106
2116	YPL060W	0.82102
2117	YMR180C	0.821
2118	YOR271C	0.82099
2119	YLR066W	0.82096
2120	YGL241W	0.82095
2121	YJR078W	0.82094
2122	YJR057W	0.82092
2123	YGL068W	0.82092
2124	YER100W	0.82089
2125	YPR157W	0.82081
2126	YIL047C	0.82079
2127	YNL040W	0.82077
2128	YJR145C	0.8207
2129	YHR203C	0.8207
2130	YDR338C	0.82065
2131	YDR332W	0.82064
2132	YBR094W	0.82063
2133	Q0120	0.82063
2134	YMR049C	0.82057
2135	YNL045W	0.82054
2136	YPL133C	0.82049
2137	YOL041C	0.82049
2138	YBR061C	0.82047
2139	YML024W	0.82046
2140	YHR066W	0.82046
2141	YJL168C	0.82041
2142	YIL153W	0.82034
2143	YFL004W	0.82034
2144	YHR161C	0.82031
2145	YHR001W	0.82024
2146	YDR056C	0.82023
2147	YOR001W	0.82008
2148	YFR025C	0.82006
2149	YMR038C	0.82005
2150	YOR213C	0.81999
2151	YJL104W	0.81995
2152	YPL048W	0.8199
2153	YPL082C	0.81989
2154	YDR381W	0.81989
2155	YAL044C	0.81988
2156	YLR215C	0.81985
2157	YMR310C	0.81984
2158	YOL096C	0.81982
2159	YGR103W	0.81982
2160	YOL023W	0.81972
2161	YPR119W	0.81943
2162	YPL088W	0.8194
2163	YER029C	0.81938
2164	YDL120W	0.81936
2165	YOL067C	0.81928
2166	YEL029C	0.81925
2167	YKL009W	0.81923
2168	YNL155W	0.81911
2169	YOR096W	0.81905
2170	YKL073W	0.81902
2171	YNL129W	0.81901
2172	YKR086W	0.81883
2173	YOR021C	0.81874
2174	YBR204C	0.81868
2175	YIL082W-A	0.81867
2176	YKL081W	0.81863
2177	YGL144C	0.81862
2178	YBL064C	0.81859
2179	YDL019C	0.81858
2180	YDR534C	0.81833
2181	YDR284C	0.81833
2182	YPL008W	0.81832
2183	YBR283C	0.81821
2184	YML005W	0.81814
2185	YPR153W	0.81814
2186	YDL104C	0.81812
2187	YNL317W	0.81812
2188	YJR121W	0.81809
2189	YAR003W	0.81806
2190	YBR110W	0.81805
2191	YJL222W	0.81804
2192	YER010C	0.818
2193	YHR202W	0.81793
2194	YGL155W	0.81793
2195	YMR078C	0.8179
2196	YER123W	0.81788
2197	YNR017W	0.81786
2198	YPL117C	0.81786
2199	YMR155W	0.81783
2200	YHR187W	0.81769
2201	YPL222W	0.8176
2202	YDR362C	0.81754
2203	YKL026C	0.81748
2204	YIL106W	0.81745
2205	YDR523C	0.81743
2206	YIL173W	0.81741
2207	YOR024W	0.81737
2208	YHR194W	0.81732
2209	YJL210W	0.81732
2210	YER066W	0.81726
2211	YPR032W	0.81723
2212	YDL177C	0.8172
2213	YOL154W	0.81715
2214	YGR285C	0.81711
2215	YDR145W	0.81705
2216	YER014W	0.81703
2217	YGR209C	0.81702
2218	YGR082W	0.817
2219	YOR118W	0.81696
2220	YGR074W	0.81695
2221	YKR052C	0.81693
2222	YGL033W	0.81689
2223	YOR016C	0.81688
2224	YLR361C	0.81683
2225	YBR024W	0.81676
2226	YAL048C	0.8167
2227	YFL054C	0.81669
2228	YDR117C	0.81668
2229	YCL038C	0.81666
2230	YLR178C	0.81665
2231	YPL140C	0.81648
2232	YOR100C	0.81647
2233	YNL107W	0.81642
2234	YOL061W	0.81639
2235	YDR312W	0.81637
2236	YNL305C	0.81637
2237	YDL200C	0.81628
2238	YPL097W	0.81626
2239	YHR113W	0.81625
2240	YNR067C	0.81618
2241	YHL032C	0.81611
2242	YJL041W	0.81605
2243	YNL163C	0.816
2244	YMR131C	0.816
2245	YAL003W	0.81597
2246	YHR164C	0.81596
2247	YGL196W	0.8159
2248	YCL047C	0.81588
2249	YIL016W	0.81586
2250	YLL027W	0.81585
2251	YAL064W-B	0.8158
2252	YHL004W	0.81578
2253	YKL154W	0.81577
2254	YIR023W	0.81575
2255	YDL213C	0.81567
2256	YBR146W	0.81561
2257	YHR114W	0.81558
2258	YMR218C	0.81558
2259	YLR418C	0.81557
2260	YHR088W	0.81555
2261	YMR088C	0.81554
2262	YOL114C	0.81543
2263	YGR263C	0.8154
2264	YLR274W	0.81532
2265	YPL164C	0.81524
2266	YBR017C	0.81518
2267	YHR072W	0.81517
2268	YML004C	0.81509
2269	YJL163C	0.81508
2270	YLR212C	0.81498
2271	YKR017C	0.81497
2272	YDR182W	0.81487
2273	YGR220C	0.81486
2274	YBR125C	0.81483
2275	YNL248C	0.81476
2276	YKR081C	0.81473
2277	YCL054W	0.81472
2278	YJL059W	0.81468
2279	YKL086W	0.81463
2280	YGR063C	0.81459
2281	YCL050C	0.81459
2282	YJL042W	0.81458
2283	YGR232W	0.81451
2284	YOR056C	0.81442
2285	YGR047C	0.81431
2286	YIL168W	0.81429
2287	YLR085C	0.81427
2288	YDR060W	0.81426
2289	YHR069C	0.81426
2290	YPL194W	0.81419
2291	YDL037C	0.81399
2292	YNL299W	0.81397
2293	YJR133W	0.81393
2294	YHR117W	0.81387
2295	YOL098C	0.81384
2296	YIR039C	0.81382
2297	YNL025C	0.81379
2298	YJL151C	0.81378
2299	YOR390W	0.81373
2300	YBL061C	0.81371
2301	YLR275W	0.81366
2302	YOR272W	0.81364
2303	YOR116C	0.81362
2304	YBR207W	0.81358
2305	YLR452C	0.81357
2306	YLR357W	0.8135
2307	YKR012C	0.81346
2308	YNL316C	0.81342
2309	YBR070C	0.81342
2310	YPL110C	0.81342
2311	YNL328C	0.81341
2312	YGR061C	0.81331
2313	YIL125W	0.81322
2314	YBR091C	0.81303
2315	YKR003W	0.81303
2316	YGR141W	0.81298
2317	YBR274W	0.81295
2318	YKL119C	0.81292
2319	YOR164C	0.81289
2320	YHR121W	0.81286
2321	YJL160C	0.8128
2322	YJR141W	0.81278
2323	YDL004W	0.81278
2324	YBR167C	0.81272
2325	YOR173W	0.81268
2326	YHR049W	0.81264
2327	YKL098W	0.81261
2328	YDR531W	0.81254
2329	YBR251W	0.81248
2330	YJL036W	0.81242
2331	YDR306C	0.81242
2332	YDR498C	0.81234
2333	YER049W	0.81225
2334	YMR244C-A	0.81215
2335	YKR040C	0.8121
2336	YJR130C	0.81207
2337	YGL251C	0.81205
2338	YHR098C	0.812
2339	YLR306W	0.81196
2340	YOR077W	0.81193
2341	YIL062C	0.81192
2342	YOR057W	0.8119
2343	YDL207W	0.81188
2344	YIL015W	0.81187
2345	YIL007C	0.81187
2346	YAL046C	0.81187
2347	YOR181W	0.81185
2348	YCL075W	0.81183
2349	YML110C	0.81182
2350	YDR256C	0.81179
2351	YDR194C	0.81178
2352	YGL003C	0.81175
2353	YOR369C	0.81171
2354	YJR008W	0.81171
2355	YKL156W	0.81171
2356	YBR151W	0.81168
2357	YER005W	0.81167
2358	YBL055C	0.81165
2359	YOR059C	0.81157
2360	YHL034C	0.81157
2361	YGR109W-B	0.81156
2362	YBR079C	0.81148
2363	YLR308W	0.81147
2364	Q0065	0.81144
2365	YOL126C	0.81135
2366	YER163C	0.81133
2367	YPR100W	0.81132
2368	YLR144C	0.81129
2369	YDL040C	0.81125
2370	YOR136W	0.81124
2371	YLR380W	0.8112
2372	YHR204W	0.81117
2373	YLR003C	0.81113
2374	YGL198W	0.81111
2375	YMR096W	0.8111
2376	YMR229C	0.81108
2377	YBR175W	0.81102
2378	YKL194C	0.811
2379	YER157W	0.811
2380	YPL087W	0.81096
2381	YGR169C	0.81092
2382	YDR346C	0.81089
2383	YMR063W	0.81088
2384	YJL010C	0.81083
2385	YNL180C	0.81079
2386	YDR112W	0.81072
2387	YDR400W	0.8107
2388	YML120C	0.81068
2389	YOR301W	0.81065
2390	YPL279C	0.81064
2391	YPR047W	0.81063
2392	YDL218W	0.81062
2393	YLR287C	0.81058
2394	YNL190W	0.81058
2395	YPL217C	0.81056
2396	YGL010W	0.81052
2397	YLR421C	0.81051
2398	YHR016C	0.81049
2399	YCR101C	0.81047
2400	YLR450W	0.81047
2401	YLR145W	0.81034
2402	YLL043W	0.81028
2403	YKL103C	0.81023
2404	YOR201C	0.81019
2405	YNL260C	0.81008
2406	YKR074W	0.81008
2407	YER001W	0.81006
2408	YPL001W	0.81
2409	YLL057C	0.80999
2410	YGR145W	0.80994
2411	YNL169C	0.80991
2412	YML115C	0.80983
2413	YDR441C	0.80979
2414	YPR037C	0.80979
2415	YDL143W	0.80975
2416	YGR194C	0.80962
2417	YKL189W	0.80961
2418	YNL247W	0.80958
2419	YLR435W	0.80958
2420	YGR255C	0.80956
2421	YER051W	0.80952
2422	YOR253W	0.80947
2423	YGR133W	0.8094
2424	YJR137C	0.80937
2425	YCL045C	0.80936
2426	YBR055C	0.80935
2427	YBR297W	0.80934
2428	YGL173C	0.80931
2429	YGL194C	0.80927
2430	YOR394W	0.80924
2431	YPL282C	0.80924
2432	YHR151C	0.80918
2433	YBL013W	0.80917
2434	YHR091C	0.80915
2435	YGL184C	0.80911
2436	YGR283C	0.80906
2437	YCR087C-A	0.80903
2438	YHR076W	0.80899
2439	YLR083C	0.8089
2440	YJR035W	0.80881
2441	YIR038C	0.80876
2442	YOL052C	0.80872
2443	YGR036C	0.80856
2444	YOL010W	0.80851
2445	YDR488C	0.8085
2446	YHL008C	0.8085
2447	YLR043C	0.80847
2448	YJL078C	0.80846
2449	YEL044W	0.80844
2450	YML082W	0.80839
2451	YLR318W	0.8083
2452	YMR166C	0.80823
2453	YHR207C	0.80817
2454	YMR127C	0.80817
2455	YJL129C	0.80817
2456	YJL117W	0.80815
2457	YPL143W	0.80804
2458	YHR051W	0.80785
2459	YHR115C	0.80783
2460	YLR174W	0.80782
2461	YOR212W	0.80782
2462	YFL003C	0.80781
2463	YEL002C	0.80776
2464	YPL147W	0.80775
2465	YER039C-A	0.80768
2466	YDR173C	0.80767
2467	YBR199W	0.80764
2468	YCR092C	0.80763
2469	YDR061W	0.80757
2470	YIL147C	0.80751
2471	YDL154W	0.8075
2472	YKL202W	0.8075
2473	YNR029C	0.80748
2474	YMR150C	0.80747
2475	YDR165W	0.80742
2476	YNR034W-A	0.80741
2477	YOR295W	0.80738
2478	YDR518W	0.80732
2479	YMR152W	0.80726
2480	YOR018W	0.8072
2481	YOR286W	0.80712
2482	YBR056W	0.8071
2483	YER002W	0.80709
2484	YNL238W	0.80701
2485	YGR162W	0.80699
2486	YCR030C	0.80699
2487	YJL063C	0.80696
2488	YHR021C	0.80688
2489	YMR302C	0.80685
2490	YJL158C	0.80669
2491	YKL065C	0.80665
2492	YOL072W	0.80663
2493	YDR161W	0.80663
2494	YGR241C	0.80656
2495	YBR084W	0.80652
2496	YCR044C	0.80638
2497	YHR165W-A	0.80631
2498	YOR054C	0.80628
2499	YHR039C-A	0.80626
2500	YDR031W	0.80619
2501	YOR022C	0.80617
2502	YDR325W	0.80616
2503	YGR026W	0.80615
2504	YNL036W	0.80605
2505	YGL123W	0.80601
2506	YGR080W	0.806
2507	YHR116W	0.80599
2508	YEL019C	0.80583
2509	YMR128W	0.80582
2510	YLR413W	0.80577
2511	YGL045W	0.80575
2512	YMR261C	0.80571
2513	YHL002W	0.8056
2514	YJL178C	0.80559
2515	YML055W	0.8055
2516	YDL159W	0.80546
2517	YOL145C	0.80544
2518	YNL206C	0.80543
2519	YBR293W	0.80543
2520	YNL298W	0.80542
2521	YPR006C	0.80533
2522	YPL152W	0.8053
2523	YGL262W	0.80524
2524	YMR200W	0.80522
2525	YOR234C	0.80516
2526	YHR120W	0.80511
2527	YDR506C	0.80508
2528	YOR233W	0.80504
2529	YPR066W	0.80501
2530	YGL179C	0.80498
2531	YGL064C	0.80497
2532	YMR228W	0.80495
2533	YNL083W	0.8049
2534	YOR254C	0.8049
2535	YJL085W	0.80487
2536	YJL072C	0.80484
2537	YNR033W	0.80483
2538	YLL045C	0.80479
2539	YPL249C	0.80479
2540	YOR275C	0.80477
2541	YJR042W	0.80472
2542	YER063W	0.80471
2543	YDL033C	0.8047
2544	YHR137W	0.80465
2545	YIL008W	0.80461
2546	YLL014W	0.80459
2547	YPR197C	0.80456
2548	YGR284C	0.80456
2549	YDR334W	0.8045
2550	YOR052C	0.80447
2551	YKL209C	0.80445
2552	YDR237W	0.80443
2553	YDR293C	0.80442
2554	YHR041C	0.80441
2555	YNL318C	0.80437
2556	YHR143W-A	0.80429
2557	YDR387C	0.80427
2558	YNL256W	0.80427
2559	YIR015W	0.80418
2560	YLR047C	0.80418
2561	YFR027W	0.80417
2562	YML025C	0.80415
2563	YPL103C	0.80414
2564	YOR244W	0.8041
2565	YMR102C	0.80408
2566	YLR284C	0.80405
2567	YOR125C	0.80403
2568	YPL270W	0.80392
2569	YDR183W	0.80389
2570	YDL215C	0.80388
2571	YDL156W	0.80379
2572	YNL212W	0.80377
2573	YBR141C	0.80367
2574	YPR092W	0.80362
2575	YDR386W	0.80359
2576	YIL107C	0.80352
2577	YGR243W	0.80347
2578	YOR141C	0.80343
2579	YIL157C	0.8034
2580	YNL147W	0.80334
2581	YMR041C	0.80333
2582	YCR013C	0.80328
2583	YGR005C	0.80325
2584	YGL065C	0.80323
2585	YGR037C	0.80318
2586	YFR022W	0.80314
2587	YJR005W	0.80313
2588	YGR111W	0.80302
2589	YIL091C	0.80302
2590	YDR419W	0.80301
2591	YMR114C	0.803
2592	YBR105C	0.80296
2593	YJL062W	0.80291
2594	YDL060W	0.80288
2595	YBR072W	0.80285
2596	YOR330C	0.80281
2597	YOR091W	0.8028
2598	YJL186W	0.80279
2599	YKL222C	0.80274
2600	YPR038W	0.8027
2601	YKL064W	0.80264
2602	YNL110C	0.80258
2603	YNL246W	0.80256
2604	YHR062C	0.80254
2605	YJR075W	0.80249
2606	YOR258W	0.80247
2607	YGL164C	0.80246
2608	YPL024W	0.80241
2609	YEL050C	0.80238
2610	YLR270W	0.80231
2611	YBR176W	0.80231
2612	YMR234W	0.80229
2613	YMR201C	0.80228
2614	YDR248C	0.80221
2615	YCR100C	0.80215
2616	YDL167C	0.80215
2617	YGL166W	0.80213
2618	YIL022W	0.80209
2619	YIL034C	0.80209
2620	YPL190C	0.802
2621	YHR075C	0.802
2622	YMR177W	0.80199
2623	YCR096C	0.80199
2624	YGL246C	0.80196
2625	YBR229C	0.80195
2626	YGL053W	0.80192
2627	YPL209C	0.80191
2628	YGL027C	0.80184
2629	YKL087C	0.80183
2630	YER098W	0.80181
2631	YBR221W-A	0.80177
2632	YKL187C	0.80162
2633	YGR268C	0.80156
2634	YPR104C	0.80151
2635	YIL067C	0.8015
2636	YGL049C	0.80145
2637	YFR041C	0.80144
2638	YPR196W	0.80143
2639	YBR062C	0.80142
2640	YKL018W	0.80139
2641	YBR031W	0.80134
2642	YGR054W	0.80132
2643	YGL243W	0.8013
2644	YPR200C	0.80121
2645	YCL064C	0.80119
2646	YDR107C	0.80119
2647	YLR455W	0.80116
2648	YDR286C	0.80113
2649	YGL112C	0.80112
2650	YOR290C	0.80104
2651	YNL239W	0.80103
2652	YLR143W	0.801
2653	YLR065C	0.80099
2654	YPR184W	0.80092
2655	YGR144W	0.80089
2656	YHR173C	0.80089
2657	YKL165C	0.80088
2658	YGR257C	0.80077
2659	YOR154W	0.80071
2660	YKL095W	0.8006
2661	YBL101C	0.80059
2662	YLL006W	0.80059
2663	YBL019W	0.80047
2664	YCR079W	0.80045
2665	YBR042C	0.80041
2666	YPL109C	0.80038
2667	YKL150W	0.80037
2668	YML118W	0.80035
2669	YIR004W	0.80035
2670	YNR036C	0.80034
2671	YLR335W	0.80031
2672	YHR166C	0.80028
2673	YGR261C	0.80025
2674	YJL053W	0.80025
2675	YNR056C	0.80024
2676	YDR268W	0.80022
2677	YJL154C	0.80022
2678	YFL009W	0.80022
2679	YER116C	0.80019
2680	YLR414C	0.80013
2681	YHR086W	0.80009
2682	YKL019W	0.80007
2683	YCL048W	0.79997
2684	YNR062C	0.79996
2685	YDR330W	0.79995
2686	YDR012W	0.79982
2687	YIL110W	0.79981
2688	YOR130C	0.79979
2689	YIL002C	0.79973
2690	YLR419W	0.79971
2691	YLR246W	0.79963
2692	YOL056W	0.79962
2693	YPR023C	0.79961
2694	YHR124W	0.7996
2695	YFL034C-A	0.79959
2696	YLR007W	0.79939
2697	YHR206W	0.79939
2698	YER042W	0.79938
2699	YFR007W	0.79928
2700	YOR025W	0.79924
2701	YGL084C	0.79918
2702	YHL006C	0.79917
2703	YLR362W	0.79915
2704	YOR132W	0.7991
2705	YDR444W	0.79904
2706	YJL097W	0.79903
2707	YNL306W	0.79894
2708	YDR282C	0.79894
2709	YNR058W	0.79888
2710	YJR067C	0.79887
2711	YAL018C	0.79885
2712	YDL011C	0.79884
2713	YHL019C	0.79883
2714	YPL172C	0.79876
2715	YOR231W	0.79871
2716	YPR124W	0.79865
2717	YJR046W	0.79854
2718	YDR476C	0.79854
2719	YDL045W-A	0.79854
2720	YKL174C	0.79853
2721	YML090W	0.7985
2722	YDR421W	0.79847
2723	YGR143W	0.79843
2724	YBR205W	0.79841
2725	YMR188C	0.79835
2726	YGL082W	0.79835
2727	YDL063C	0.79833
2728	YDR189W	0.79831
2729	YPL116W	0.79826
2730	YHR171W	0.79824
2731	YOR223W	0.79816
2732	YAL033W	0.79811
2733	YJL183W	0.7981
2734	YDR265W	0.79801
2735	YJR154W	0.79789
2736	YDL171C	0.79786
2737	YHL033C	0.7978
2738	YLR105C	0.7978
2739	YOR377W	0.79776
2740	YKL070W	0.79776
2741	YIL134W	0.79775
2742	YOL135C	0.79758
2743	YDR493W	0.79754
2744	YNL137C	0.79752
2745	YLR205C	0.79747
2746	YPL138C	0.79745
2747	YNL063W	0.79744
2748	YGR193C	0.79739
2749	YER182W	0.79737
2750	YBL068W-A	0.79737
2751	YOR296W	0.79736
2752	YGR009C	0.79731
2753	YBR273C	0.79728
2754	YLL010C	0.79728
2755	YIL004C	0.79719
2756	YPR098C	0.79714
2757	YKL178C	0.79712
2758	YPL195W	0.79699
2759	YNL251C	0.79696
2760	YNL168C	0.79692
2761	YJL137C	0.7969
2762	YPR162C	0.7968
2763	YNL004W	0.79677
2764	YML061C	0.7967
2765	YPL029W	0.79649
2766	YHL031C	0.79639
2767	YDL010W	0.79631
2768	YOL086W-A	0.7963
2769	YLR114C	0.79621
2770	YNL048W	0.79619
2771	YER141W	0.79614
2772	YGR066C	0.79613
2773	YHR134W	0.79607
2774	YDR132C	0.79603
2775	YNR038W	0.79599
2776	YHL013C	0.79597
2777	YGL183C	0.79589
2778	YPL030W	0.79583
2779	YFL047W	0.79578
2780	YGL248W	0.79576
2781	YOR150W	0.79576
2782	YDR372C	0.79574
2783	YER147C	0.79574
2784	YML127W	0.7957
2785	YLR443W	0.79564
2786	YJR071W	0.79554
2787	YJR098C	0.79548
2788	YHL007C	0.79548
2789	YDL226C	0.79545
2790	YAL001C	0.79535
2791	YCL032W	0.79533
2792	YNL218W	0.79532
2793	YPL176C	0.79528
2794	YAL015C	0.79527
2795	YBR288C	0.79525
2796	YGR058W	0.79516
2797	YJR055W	0.79515
2798	YPL022W	0.79512
2799	YGR217W	0.79508
2800	YBR213W	0.79507
2801	YDR395W	0.79502
2802	YDL240W	0.79496
2803	YNL184C	0.79492
2804	YER117W	0.79489
2805	YBL087C	0.79489
2806	YOL152W	0.79487
2807	YDR298C	0.79479
2808	YDR479C	0.79473
2809	YPL247C	0.79473
2810	YLR339C	0.79472
2811	YLR133W	0.7947
2812	YIL030C	0.7947
2813	YIL151C	0.79468
2814	YBR185C	0.79464
2815	YGL259W	0.79458
2816	YLR141W	0.79451
2817	YHR192W	0.79447
2818	YGR177C	0.79446
2819	YKR060W	0.79443
2820	YAL058W	0.79442
2821	YIL128W	0.79437
2822	YHR209W	0.79437
2823	YNL322C	0.7943
2824	YCR075W-A	0.79428
2825	YIL041W	0.79428
2826	YNL282W	0.7942
2827	YDR517W	0.79416
2828	YIR032C	0.79409
2829	YPL100W	0.79406
2830	YDR349C	0.79405
2831	YJL133W	0.79396
2832	YCL001W-B	0.79396
2833	YMR265C	0.79391
2834	YBR233W	0.7939
2835	YML097C	0.79388
2836	YPL096W	0.79383
2837	YPR114W	0.79373
2838	YLR316C	0.7937
2839	YOR340C	0.79367
2840	YLR075W	0.79365
2841	YMR149W	0.79365
2842	YDR390C	0.79363
2843	YDL039C	0.79362
2844	YNL203C	0.79361
2845	YER080W	0.79361
2846	YMR264W	0.79358
2847	YMR161W	0.79347
2848	YLR430W	0.79337
2849	YLR002C	0.79335
2850	YKL041W	0.79332
2851	Q0105	0.79332
2852	YHL010C	0.79331
2853	YBR060C	0.79329
2854	YLR090W	0.79323
2855	YLR240W	0.79322
2856	YCR046C	0.7931
2857	YNR054C	0.79298
2858	YOL042W	0.79285
2859	YKL186C	0.79282
2860	YNL062C	0.79279
2861	YOL155C	0.79275
2862	YEL055C	0.79274
2863	YIL050W	0.79271
2864	YDL105W	0.79271
2865	YGL111W	0.7927
2866	YKR048C	0.79264
2867	YOR353C	0.79259
2868	YMR269W	0.79257
2869	YPL215W	0.79254
2870	YGL051W	0.79238
2871	YGL141W	0.79233
2872	YAR033W	0.79224
2873	YJR019C	0.79223
2874	YMR189W	0.79218
2875	YHR008C	0.79217
2876	YGL083W	0.79216
2877	YPL188W	0.79216
2878	YPL101W	0.79206
2879	YOR251C	0.79196
2880	YKR035W-A	0.79195
2881	YCR007C	0.79193
2882	YGL178W	0.79193
2883	YDR538W	0.7919
2884	YCR073C	0.79187
2885	YOR005C	0.79182
2886	YBL037W	0.79179
2887	YMR309C	0.79176
2888	YOL049W	0.79172
2889	YNL079C	0.7916
2890	YBL096C	0.79157
2891	YNL116W	0.79154
2892	YDL233W	0.79142
2893	YBR162W-A	0.79142
2894	YMR040W	0.79128
2895	YGL185C	0.79125
2896	YPR091C	0.79123
2897	YDR512C	0.79122
2898	YOL123W	0.79121
2899	YMR042W	0.79119
2900	YDR428C	0.79116
2901	YDR440W	0.79115
2902	YJL197W	0.7911
2903	YDR427W	0.79104
2904	YDR337W	0.79097
2905	YJL011C	0.79097
2906	YMR216C	0.79095
2907	YCR076C	0.79093
2908	YLR248W	0.7909
2909	YPL132W	0.7909
2910	YLR080W	0.79088
2911	YHR140W	0.79085
2912	YDR435C	0.79076
2913	YKL215C	0.79071
2914	YJR052W	0.79071
2915	YBL038W	0.79069
2916	YKL040C	0.79069
2917	YHR162W	0.79061
2918	YOR219C	0.79056
2919	YFR002W	0.79053
2920	YDL161W	0.79051
2921	YPL045W	0.79048
2922	YDL160C-A	0.79047
2923	YKL140W	0.79047
2924	YDL081C	0.79045
2925	YLR239C	0.79043
2926	YMR173W-A	0.79042
2927	YAR028W	0.79039
2928	YJR088C	0.79038
2929	YPL273W	0.79037
2930	YFL036W	0.79033
2931	YLR115W	0.79028
2932	YDR064W	0.79027
2933	YPL019C	0.79022
2934	YML031W	0.79017
2935	YNL092W	0.79016
2936	YML042W	0.79014
2937	YJL191W	0.79012
2938	YIL095W	0.79007
2939	YDR162C	0.79006
2940	YKL007W	0.79004
2941	YLR371W	0.79003
2942	YIR013C	0.79002
2943	YKL139W	0.79002
2944	YOL001W	0.7899
2945	YNL286W	0.78988
2946	YLR107W	0.78979
2947	YDL227C	0.78972
2948	YAR075W	0.78969
2949	YKL170W	0.78964
2950	YDL119C	0.78963
2951	YJR006W	0.78963
2952	YDL195W	0.78948
2953	YJR076C	0.78944
2954	YNL219C	0.78932
2955	YDR432W	0.78928
2956	YGL216W	0.78927
2957	YPL009C	0.78922
2958	YNL032W	0.78922
2959	YCR042C	0.78921
2960	YDR430C	0.78918
2961	YGL019W	0.78914
2962	YLR037C	0.78908
2963	YHR085W	0.78906
2964	YOL043C	0.78904
2965	YML100W	0.789
2966	YDR204W	0.78899
2967	YLR427W	0.78892
2968	YCL008C	0.78888
2969	YKR072C	0.78883
2970	YIL006W	0.78876
2971	YBL069W	0.78875
2972	YBR030W	0.78871
2973	YGR088W	0.7887
2974	YNL094W	0.78866
2975	YKL066W	0.78865
2976	YMR321C	0.78864
2977	YOL141W	0.78863
2978	YBL058W	0.78862
2979	YHR052W	0.78862
2980	YGR201C	0.7884
2981	YBL067C	0.78837
2982	YPR168W	0.78832
2983	YLR319C	0.78825
2984	YDL231C	0.78817
2985	YMR055C	0.78817
2986	YDL096C	0.78811
2987	YLR116W	0.78808
2988	YOR035C	0.78802
2989	YPL145C	0.78799
2990	YHR009C	0.78794
2991	YMR076C	0.78792
2992	YGL250W	0.78788
2993	YER061C	0.78783
2994	YBL008W	0.78772
2995	YLR088W	0.78766
2996	YAL004W	0.78765
2997	YDL008W	0.7876
2998	YBR086C	0.78742
2999	YOR161W-B	0.78738
3000	YDR370C	0.78737
3001	YKL198C	0.78736
3002	YPL104W	0.78733
3003	YOL146W	0.78728
3004	YFL031W	0.78726
3005	YDR171W	0.78725
3006	YPR135W	0.78722
3007	YNL160W	0.7872
3008	YML019W	0.78718
3009	YKL192C	0.78717
3010	YGR271C-A	0.78715
3011	YMR097C	0.78709
3012	YML030W	0.78705
3013	YGL069C	0.78704
3014	YBR271W	0.78699
3015	YDR004W	0.78695
3016	YKR087C	0.78692
3017	YJL031C	0.78679
3018	YML105C	0.78678
3019	YOR134W	0.78669
3020	YML060W	0.78669
3021	YLR292C	0.78662
3022	YNR030W	0.78661
3023	YIL171W	0.78659
3024	YPL196W	0.78652
3025	YOR267C	0.78652
3026	YOR160W	0.78651
3027	YGR110W	0.78648
3028	YPR125W	0.78648
3029	YPL112C	0.78641
3030	YMR057C	0.78636
3031	YGR136W	0.78624
3032	YLL025W	0.78624
3033	YDR288W	0.78622
3034	YOR334W	0.78621
3035	YPL210C	0.78619
3036	YLR399W-A	0.78618
3037	YNL289W	0.78616
3038	YNL081C	0.78615
3039	YJL126W	0.78613
3040	YPR094W	0.78611
3041	YDL248W	0.78606
3042	YCR031C	0.78594
3043	YNL261W	0.78586
3044	YJR113C	0.78585
3045	YOR318C	0.78585
3046	YER037W	0.78574
3047	YJR161C	0.78569
3048	YPR189W	0.78567
3049	YOR139C	0.78564
3050	YMR213W	0.78559
3051	YKL030W	0.78555
3052	YDR450W	0.78541
3053	YML026C	0.78541
3054	YOL128C	0.78533
3055	YLR109W	0.78531
3056	YGR295C	0.7853
3057	YPL003W	0.7852
3058	YOR090C	0.78515
3059	YOR382W	0.78514
3060	YDR405W	0.78512
3061	YOR216C	0.78509
3062	YPR017C	0.78504
3063	YMR325W	0.78504
3064	YPL063W	0.78501
3065	YKR025W	0.78501
3066	YDL111C	0.78499
3067	YNL119W	0.78498
3068	YPR123C	0.78495
3069	YAR031W	0.7849
3070	YOR294W	0.78488
3071	YDL023C	0.78486
3072	YLR250W	0.78483
3073	YHR090C	0.78476
3074	YJL139C	0.7847
3075	YBR010W	0.78468
3076	YJL025W	0.78465
3077	YKL173W	0.78458
3078	YBR059C	0.78457
3079	YMR004W	0.78454
3080	YBL095W	0.78453
3081	YOL111C	0.78433
3082	YJR118C	0.78428
3083	YJR135W-A	0.78426
3084	YJL194W	0.78426
3085	YPR105C	0.78426
3086	YCR067C	0.78424
3087	YBR119W	0.78422
3088	YIL140W	0.78421
3089	YOR067C	0.78415
3090	YOR014W	0.78414
3091	YOR278W	0.78401
3092	YCR090C	0.78396
3093	YDL165W	0.7838
3094	YGR118W	0.78371
3095	YPR132W	0.78371
3096	YOR376W-A	0.78369
3097	YPL083C	0.78359
3098	YKR069W	0.7835
3099	YDL209C	0.78332
3100	YIR041W	0.78329
3101	YOR363C	0.78326
3102	YDR054C	0.78317
3103	YJL115W	0.78314
3104	YMR306C-A	0.78313
3105	YDL054C	0.78311
3106	YPL084W	0.78308
3107	YLR393W	0.78308
3108	YCR104W	0.78307
3109	Q0055	0.78306
3110	YLR009W	0.78302
3111	YMR033W	0.78299
3112	YIL131C	0.78296
3113	YNL131W	0.78296
3114	YDR269C	0.78296
3115	YGL180W	0.78292
3116	YJL064W	0.7829
3117	YIL076W	0.78284
3118	YHR077C	0.78277
3119	YDL198C	0.78276
3120	YLR077W	0.78275
3121	YKL224C	0.78272
3122	YLR163C	0.78271
3123	YIL038C	0.78268
3124	YGR117C	0.78243
3125	YGL018C	0.78243
3126	YDR178W	0.78238
3127	YHL014C	0.78235
3128	YDR122W	0.7823
3129	YKR103W	0.78229
3130	YJR034W	0.78225
3131	YKL167C	0.78225
3132	YJL141C	0.78223
3133	YBR028C	0.78222
3134	YIL073C	0.78219
3135	YJL165C	0.78218
3136	YHL046C	0.78217
3137	YDR311W	0.78211
3138	YDR393W	0.7821
3139	YGR027C	0.78209
3140	YKR063C	0.78207
3141	YPR060C	0.78207
3142	YOR171C	0.78206
3143	YMR035W	0.782
3144	YPL238C	0.78199
3145	YNL325C	0.78196
3146	YLL064C	0.78195
3147	YNR076W	0.78195
3148	YCR071C	0.78191
3149	YLR032W	0.78189
3150	YKL071W	0.78189
3151	YGL089C	0.78186
3152	YMR290W-A	0.78179
3153	YEL048C	0.78178
3154	YEL015W	0.78177
3155	YGL024W	0.78169
3156	YOR070C	0.78165
3157	YLR266C	0.78157
3158	YEL012W	0.78155
3159	YML051W	0.78155
3160	YJL096W	0.78154
3161	YBR280C	0.78149
3162	YMR291W	0.78149
3163	YCL026C-A	0.7814
3164	YER140W	0.78137
3165	YPL125W	0.78133
3166	YNL252C	0.78126
3167	YGR073C	0.78126
3168	YNL250W	0.7812
3169	YHR028W-A	0.78117
3170	YPL119C-A	0.78114
3171	YBR147W	0.78106
3172	YOR252W	0.78106
3173	YDR205W	0.78103
3174	YAL068C	0.78102
3175	YBL108C-A	0.78102
3176	YGL261C	0.78102
3177	YPL023C	0.781
3178	YNL186W	0.78091
3179	YPL198W	0.78086
3180	YOR331C	0.78086
3181	YDR542W	0.78084
3182	YIL167W	0.78084
3183	YDR471W	0.78082
3184	YLR461W	0.78082
3185	YKL100C	0.78081
3186	YHL012W	0.78073
3187	YAL051W	0.78072
3188	YML132W	0.78069
3189	YBR302C	0.78069
3190	YDR174W	0.78066
3191	YHR010W	0.78059
3192	YNL015W	0.78059
3193	YGR062C	0.78055
3194	YGL094C	0.78055
3195	YHR038W	0.78053
3196	YOR010C	0.78052
3197	YGR050C	0.78052
3198	YGR157W	0.78051
3199	YDR496C	0.7805
3200	YDR289C	0.78047
3201	YGL213C	0.78047
3202	YMR074C	0.78038
3203	YIR007W	0.78037
3204	YOR156C	0.78032
3205	YDL030W	0.78031
3206	YNR075W	0.78028
3207	YGR294W	0.78025
3208	YFR033C	0.78024
3209	YNL327W	0.78015
3210	YBR190W	0.78014
3211	YNL216W	0.78013
3212	YLR281C	0.7801
3213	YJR099W	0.78009
3214	YOR111W	0.78004
3215	YPL167C	0.78002
3216	YHR118C	0.78002
3217	YLR016C	0.77995
3218	YIL105C	0.77988
3219	YDR391C	0.77987
3220	YNL284C	0.77981
3221	YNL267W	0.77967
3222	YCL016C	0.77962
3223	YNL336W	0.77958
3224	YOR002W	0.77956
3225	YDR018C	0.77955
3226	YHR139C	0.77942
3227	YFL020C	0.77942
3228	YOR008C	0.77936
3229	YIL142C-A	0.77929
3230	YPL268W	0.7791
3231	YNL320W	0.77902
3232	YGL056C	0.77896
3233	YDR434W	0.7789
3234	YER078C	0.77884
3235	YCL026C-B	0.77881
3236	YIL023C	0.77878
3237	YFL046W	0.77873
3238	YOL057W	0.77871
3239	YIL176C	0.77868
3240	YJL223C	0.77868
3241	YKL179C	0.77867
3242	YPL181W	0.77865
3243	YFL025C	0.77846
3244	YLR050C	0.77831
3245	YBR301W	0.7783
3246	YFL040W	0.77824
3247	YML066C	0.77817
3248	YKR021W	0.77814
3249	YLR061W	0.77812
3250	YEL049W	0.77807
3251	YKL077W	0.77807
3252	YGR186W	0.778
3253	YIL150C	0.778
3254	YER151C	0.77791
3255	YER101C	0.7779
3256	YPL263C	0.77785
3257	YDR266C	0.7778
3258	YNL124W	0.77772
3259	YPR154W	0.77763
3260	YOR360C	0.77753
3261	YMR158W	0.77747
3262	YBR009C	0.77745
3263	YLR333C	0.77742
3264	YKL096W	0.77737
3265	YNR069C	0.77737
3266	YJL102W	0.77729
3267	YLR025W	0.77728
3268	YPL098C	0.77728
3269	YLR045C	0.77727
3270	YNL182C	0.77727
3271	YBR158W	0.77723
3272	YMR312W	0.77723
3273	YKL175W	0.77717
3274	YPL053C	0.77714
3275	YBR109W-A	0.77711
3276	YFR037C	0.7771
3277	YDR208W	0.7771
3278	YLR387C	0.77709
3279	YDL015C	0.77708
3280	YPR129W	0.77707
3281	YNL217W	0.77698
3282	YGL076C	0.77697
3283	YBR074W	0.77691
3284	YLR192C	0.7769
3285	YIL079C	0.77688
3286	YHR067W	0.77678
3287	YMR286W	0.77677
3288	YJL193W	0.77677
3289	YKL090W	0.77674
3290	YOL148C	0.77672
3291	YDR175C	0.77672
3292	YKL125W	0.77665
3293	YML111W	0.77662
3294	YBL100C	0.7766
3295	YGL187C	0.77657
3296	YOR038C	0.77655
3297	YLL054C	0.77654
3298	YDR026C	0.77653
3299	YER011W	0.77652
3300	YJR033C	0.77652
3301	YBR201W	0.77651
3302	YLR448W	0.77651
3303	YGR154C	0.77642
3304	YDR094W	0.77638
3305	YNL057W	0.77638
3306	YBR281C	0.77618
3307	YER144C	0.77618
3308	YKR064W	0.77614
3309	YBR246W	0.77614
3310	YOL161C	0.77612
3311	YDR036C	0.7761
3312	YIL052C	0.7761
3313	YJR061W	0.77606
3314	YJR036C	0.77604
3315	YGR223C	0.77602
3316	YMR275C	0.77599
3317	YBL104C	0.77595
3318	YJL091C	0.77586
3319	YHL048W	0.77578
3320	YOL039W	0.77574
3321	YPL173W	0.77574
3322	YCR088W	0.77573
3323	YLR023C	0.77569
3324	YGL231C	0.77568
3325	YAL016C-A	0.77567
3326	YLL062C	0.77567
3327	YKL132C	0.77566
3328	YHR182C-A	0.7756
3329	YGR170W	0.7756
3330	YJR051W	0.77559
3331	YLR103C	0.77559
3332	YER056C-A	0.77558
3333	YLR325C	0.77549
3334	YPL064C	0.77546
3335	YNR021W	0.77546
3336	YPR169W	0.77544
3337	YBL049W	0.7754
3338	YOR322C	0.77529
3339	YHR131W-A	0.77518
3340	YNL043C	0.77516
3341	YGR068C	0.77508
3342	YMR289W	0.775
3343	YAL056C-A	0.77494
3344	YMR242W-A	0.77494
3345	YOR389W	0.77479
3346	YPR093C	0.7747
3347	YNL263C	0.77462
3348	YJL195C	0.77458
3349	YGL103W	0.77456
3350	YDR407C	0.77449
3351	YMR231W	0.77445
3352	YGR099W	0.77437
3353	YGR166W	0.77433
3354	YHL034W-A	0.77427
3355	YLR290C	0.77426
3356	YGL125W	0.77417
3357	YPL065W	0.77414
3358	YHR196W	0.77413
3359	YIL102C	0.77409
3360	YBL080C	0.774
3361	YDR077W	0.77399
3362	YNL173C	0.77395
3363	YOR215C	0.77394
3364	YDR347W	0.77393
3365	YDL175C	0.77393
3366	YOR009W	0.77393
3367	YBL035C	0.77392
3368	YNL258C	0.77391
3369	YJL192C	0.77387
3370	YJL006C	0.77382
3371	YHR199C	0.77378
3372	YNL291C	0.77377
3373	YGL129C	0.77377
3374	YHR011W	0.77377
3375	Q0142	0.77374
3376	YML089C	0.77371
3377	YDL130W	0.77367
3378	YOR026W	0.77365
3379	YDL035C	0.77363
3380	YPR048W	0.77352
3381	YKL201C	0.77348
3382	Q0060	0.77345
3383	Q0160	0.77343
3384	YMR317W	0.77338
3385	YLR207W	0.77338
3386	YFL062W	0.77334
3387	YJL077W-A	0.77332
3388	YOR299W	0.77331
3389	YDR503C	0.77329
3390	YCR035C	0.77328
3391	YIL082W	0.77317
3392	YMR254C	0.77316
3393	YOR386W	0.77312
3394	YKR058W	0.77306
3395	YPR175W	0.77304
3396	YGR121W-A	0.77304
3397	YAL042C-A	0.77304
3398	YER021W	0.77299
3399	YPL137C	0.77299
3400	YDR537C	0.77294
3401	YIL154C	0.77288
3402	YHR081W	0.77288
3403	YIR021W	0.77286
3404	YHR080C	0.77285
3405	YNL272C	0.77285
3406	YJL100W	0.77284
3407	YNL242W	0.7728
3408	YNL283C	0.77279
3409	YGR109W-A	0.77277
3410	YKL043W	0.77276
3411	YOR200W	0.77276
3412	YGL161C	0.77268
3413	YGL165C	0.77265
3414	YML073C	0.77262
3415	YOR055W	0.77262
3416	YKL012W	0.77261
3417	YDL021W	0.77257
3418	YOR245C	0.77257
3419	YHR188C	0.77252
3420	YGR101W	0.77247
3421	YPL252C	0.77235
3422	YLR225C	0.77233
3423	YIL156W-B	0.77231
3424	YGL244W	0.77221
3425	YDR379C-A	0.7722
3426	YNL177C	0.7722
3427	YMR086C-A	0.77216
3428	YNL279W	0.77199
3429	YIL017C	0.77196
3430	YOL027C	0.77193
3431	YNL162W-A	0.77193
3432	YPL148C	0.77188
3433	YBR260C	0.77187
3434	YOR033C	0.77185
3435	YAL034W-A	0.77182
3436	YOR269W	0.77175
3437	YOL013C	0.77171
3438	YPR108W-A	0.77169
3439	YJR142W	0.77166
3440	YMR227C	0.77165
3441	YPR018W	0.77158
3442	YKL033W	0.77157
3443	YKL147C	0.77153
3444	YDL068W	0.77152
3445	YKL010C	0.77149
3446	YNL221C	0.77143
3447	YDR308C	0.77141
3448	YLR021W	0.77138
3449	YJR054W	0.77128
3450	YHR186C	0.77123
3451	YBL047C	0.77122
3452	YMR259C	0.77121
3453	YCL037C	0.77118
3454	YBL033C	0.77118
3455	YNL085W	0.77116
3456	YOL116W	0.77116
3457	YFR016C	0.7711
3458	YJR031C	0.77104
3459	YNL273W	0.77099
3460	YGR216C	0.77097
3461	YKL142W	0.77093
3462	YML096W	0.77091
3463	YFL029C	0.77084
3464	YMR126C	0.77082
3465	YHL048C-A	0.77081
3466	YKL055C	0.77073
3467	YGL169W	0.7707
3468	YER048C	0.77069
3469	YCL057C-A	0.77066
3470	YIL011W	0.77066
3471	YPR029C	0.77065
3472	YEL053W-A	0.77065
3473	YPL072W	0.77061
3474	YDL148C	0.77059
3475	YIL130W	0.77057
3476	YJL106W	0.77053
3477	YMR110C	0.77051
3478	YOR198C	0.77049
3479	YCR014C	0.77046
3480	YJL043W	0.77046
3481	YIL100C-A	0.77043
3482	YDL234C	0.77042
3483	YDR160W	0.7703
3484	YAL067W-A	0.77029
3485	YDL025C	0.77027
3486	YPL079W	0.77026
3487	YOR102W	0.77022
3488	YGR003W	0.77016
3489	YLR255C	0.77014
3490	YML013W	0.7701
3491	YOL046C	0.77009
3492	YMR233W	0.77008
3493	YDR472W	0.77002
3494	YKR061W	0.76991
3495	YDR478W	0.76974
3496	YCR038W-A	0.76973
3497	YER030W	0.76967
3498	YKL172W	0.76966
3499	YDR244W	0.76962
3500	YCR026C	0.76962
3501	YLR041W	0.76959
3502	YGL110C	0.76959
3503	YDR209C	0.76953
3504	YDL066W	0.76948
3505	YOL108C	0.76947
3506	YNL035C	0.76947
3507	YDR365C	0.76946
3508	YMR002W	0.76945
3509	YGR006W	0.76943
3510	YBL108W	0.76942
3511	YLR464W	0.76935
3512	YEL076C-A	0.76935
3513	YML094C-A	0.76934
3514	YPR077C	0.76933
3515	YDR128W	0.7693
3516	YOR051C	0.76926
3517	YHR122W	0.76919
3518	YDL150W	0.76914
3519	YDR253C	0.76905
3520	YGL158W	0.76898
3521	YBR231C	0.76898
3522	YCR086W	0.76897
3523	YDL241W	0.7689
3524	YPL191C	0.76889
3525	YDL041W	0.76888
3526	YCL002C	0.76879
3527	YBR226C	0.76875
3528	YOR229W	0.7687
3529	YGL074C	0.76864
3530	YMR012W	0.76864
3531	YPL277C	0.76861
3532	YOL150C	0.76856
3533	YJR100C	0.76853
3534	YLR093C	0.76851
3535	YKL206C	0.76851
3536	YMR182W-A	0.76846
3537	YDR316W	0.76843
3538	YPL142C	0.76838
3539	YGL098W	0.76838
3540	YOR281C	0.76837
3541	YDR403W	0.76836
3542	YMR043W	0.76834
3543	YER119C-A	0.76834
3544	YBR142W	0.76825
3545	YHL022C	0.76819
3546	YOL102C	0.76813
3547	YDR301W	0.76813
3548	YBR067C	0.76804
3549	YBR191W	0.76804
3550	YKL047W	0.76803
3551	YIL096C	0.76802
3552	YOL047C	0.76794
3553	YKL037W	0.76793
3554	YFL065C	0.76781
3555	YPL074W	0.76776
3556	YOR237W	0.76764
3557	YBR144C	0.76763
3558	YDR302W	0.76761
3559	YGR238C	0.7676
3560	YKL188C	0.76757
3561	YMR125W	0.76755
3562	YJL047C	0.76753
3563	YLR314C	0.76752
3564	YPL032C	0.76749
3565	YLR286W-A	0.76736
3566	YLR323C	0.76734
3567	YML032C	0.76726
3568	YGR212W	0.76722
3569	YLR064W	0.76721
3570	YOL149W	0.76721
3571	YER048W-A	0.76719
3572	YOR205C	0.76717
3573	YDR409W	0.76717
3574	YLR368W	0.76715
3575	YDR218C	0.76714
3576	YIL085C	0.76713
3577	YGR176W	0.76712
3578	YFL013W-A	0.76707
3579	YLR206W	0.76703
3580	YKL006C-A	0.76701
3581	YMR039C	0.76696
3582	YHL001W	0.7669
3583	YDR410C	0.76685
3584	YNL271C	0.76684
3585	YGR107W	0.76684
3586	YJR022W	0.76683
3587	YLR015W	0.76666
3588	YJL206C	0.7666
3589	YDL225W	0.76654
3590	YGR090W	0.76649
3591	YOR365C	0.76649
3592	YDR150W	0.76643
3593	YOL050C	0.76642
3594	YOL083C-A	0.76642
3595	YJL003W	0.76635
3596	YML130C	0.76634
3597	YLR264W	0.76633
3598	YGL254W	0.76627
3599	YCL004W	0.76626
3600	YBR107C	0.76622
3601	YMR005W	0.76622
3602	YMR087W	0.76619
3603	YAR066W	0.76618
3604	YHR214W	0.76618
3605	YDR152W	0.76605
3606	YIR006C	0.76604
3607	YDL075W	0.76595
3608	YFL015C	0.76592
3609	YDR052C	0.7659
3610	YNL149C	0.76589
3611	YGL218W	0.76583
3612	YNL236W	0.76581
3613	YDR020C	0.7658
3614	YDR168W	0.76579
3615	YBR116C	0.76578
3616	YMR193W	0.76575
3617	YER088C-A	0.76568
3618	YHL049C	0.76567
3619	YLR164W	0.76566
3620	YHR095W	0.76559
3621	YGR128C	0.76555
3622	YDL034W	0.76554
3623	YAR019W-A	0.76554
3624	YJL052C-A	0.7655
3625	YPR141C	0.76546
3626	YMR223W	0.76544
3627	YKR047W	0.76543
3628	YOR075W	0.7654
3629	YDR374W-A	0.76538
3630	YDR137W	0.76537
3631	YJR004C	0.76531
3632	YNL069C	0.76525
3633	YNL028W	0.76524
3634	YOR325W	0.76524
3635	YGR070W	0.76512
3636	YNL193W	0.76502
3637	YKL137W	0.76501
3638	YLR379W	0.765
3639	YGR116W	0.765
3640	YBR186W	0.76499
3641	YPL007C	0.76499
3642	YNR023W	0.76499
3643	YNL067W-B	0.76489
3644	YLL022C	0.76482
3645	YPR203W	0.76481
3646	YEL035C	0.76477
3647	YKL006W	0.76476
3648	YML057C-A	0.76474
3649	YDL122W	0.76468
3650	YNL118C	0.76466
3651	YLR425W	0.76464
3652	YJR050W	0.76456
3653	YOL048C	0.76454
3654	YPL243W	0.76452
3655	YIL061C	0.76452
3656	YAL014C	0.76445
3657	YCL055W	0.76441
3658	YHR045W	0.76437
3659	YLR349W	0.76437
3660	YDL059C	0.76434
3661	YDR206W	0.76431
3662	YMR028W	0.76431
3663	YHR172W	0.76425
3664	YEL016C	0.76423
3665	YLR097C	0.76421
3666	YPR170C	0.76421
3667	YIR017C	0.76416
3668	YLR149C-A	0.76408
3669	YER187W	0.76405
3670	YEL034C-A	0.76403
3671	YHR022C	0.76399
3672	YDL058W	0.76394
3673	YPL062W	0.7639
3674	YDR210W	0.76387
3675	YKL203C	0.76384
3676	YOR288C	0.76378
3677	YGR188C	0.76373
3678	YDL022C-A	0.76366
3679	YDR274C	0.76364
3680	YML084W	0.76362
3681	YPL162C	0.7636
3682	YHR150W	0.76357
3683	YLR140W	0.76356
3684	YML049C	0.76348
3685	YPR036W	0.7634
3686	YCR006C	0.76338
3687	YMR024W	0.76331
3688	YDL187C	0.76331
3689	YJL071W	0.76326
3690	YDR322C-A	0.76321
3691	YLR226W	0.76311
3692	YLR406C	0.76308
3693	YDR080W	0.76305
3694	YOR383C	0.76304
3695	YGL016W	0.76302
3696	YMR010W	0.7629
3697	YGL067W	0.76289
3698	YGR112W	0.76286
3699	YDL085C-A	0.76274
3700	YMR316C-B	0.76273
3701	YER154W	0.76263
3702	YPR014C	0.7626
3703	YER014C-A	0.76253
3704	YNL089C	0.76251
3705	YEL053C	0.76251
3706	YJL156C	0.7625
3707	YPR166C	0.76247
3708	YNL276C	0.76233
3709	YOL045W	0.76227
3710	YLR013W	0.76227
3711	YOR167C	0.76226
3712	YKL131W	0.76225
3713	YCR077C	0.76225
3714	YJR079W	0.76223
3715	YDR323C	0.7622
3716	YFR035C	0.76219
3717	YKR092C	0.76211
3718	YOR277C	0.76211
3719	YMR008C-A	0.76209
3720	YBR005W	0.76208
3721	YAR027W	0.76206
3722	YMR245W	0.76205
3723	YKL219W	0.76204
3724	YDR106W	0.76201
3725	YGL257C	0.76194
3726	YOR138C	0.76192
3727	YLR269C	0.76188
3728	YOL033W	0.76187
3729	YKR071C	0.76181
3730	YIR043C	0.76177
3731	YHL035C	0.76175
3732	YLR035C	0.76173
3733	YOR345C	0.76172
3734	YDR101C	0.76168
3735	YDL024C	0.76166
3736	YFL010W-A	0.76162
3737	YKL214C	0.76159
3738	YFR034W-A	0.76155
3739	YDL086C-A	0.76152
3740	YER148W-A	0.76149
3741	YFL021C-A	0.76146
3742	YPR053C	0.76142
3743	YDR049W	0.76136
3744	YEL076C	0.76131
3745	YNL310C	0.76124
3746	YLL038C	0.76119
3747	YHR073W	0.76118
3748	YLR183C	0.7611
3749	YLR122C	0.76104
3750	YHL002C-A	0.76103
3751	YNL009W	0.76102
3752	YDR491C	0.76091
3753	YNL130C-A	0.76089
3754	YER147C-A	0.76088
3755	YCL023C	0.76087
3756	YGR056W	0.76085
3757	YHR198C	0.76082
3758	YPR001W	0.76073
3759	YPR116W	0.76072
3760	YOL022C	0.76067
3761	YPR087W	0.76065
3762	YLR390W-A	0.76063
3763	YDL133W	0.76061
3764	YOL051W	0.76058
3765	YOR034C-A	0.76057
3766	YDL118W	0.76057
3767	YIR040C	0.76057
3768	YGL203C	0.76054
3769	YGR149W	0.76049
3770	YNL084C	0.76046
3771	YDL162C	0.76041
3772	YDR527W	0.7604
3773	YDR320W-B	0.76038
3774	YGL258W	0.76038
3775	YGR102C	0.76035
3776	YDR187C	0.76033
3777	YML100W-A	0.76031
3778	YCL049C	0.76028
3779	YLR124W	0.76026
3780	YPR076W	0.76025
3781	YFR045W	0.76021
3782	YBR174C	0.76001
3783	YHR213W-B	0.75998
3784	YPR016W-A	0.75996
3785	YLR299W	0.75995
3786	YHR197W	0.75994
3787	YKR096W	0.75993
3788	YPL222C-A	0.75987
3789	YGR097W	0.75986
3790	YER188W	0.75977
3791	YOR069W	0.75976
3792	YGR051C	0.75976
3793	YPR097W	0.75974
3794	YOR387C	0.75973
3795	YGR059W	0.75972
3796	YIL026C	0.75969
3797	YOL054W	0.75966
3798	YCR054C	0.75961
3799	YGL153W	0.75953
3800	YDR482C	0.75946
3801	YER128W	0.75943
3802	YDL159C-B	0.75939
3803	YDR242W	0.75935
3804	YGR033C	0.75932
3805	YAL002W	0.75925
3806	YJL046W	0.75922
3807	YDL116W	0.75915
3808	YAR064W	0.75914
3809	YJR120W	0.7591
3810	YHR022C-A	0.7591
3811	YDR180W	0.75909
3812	YPL228W	0.75907
3813	YIL054W	0.75902
3814	YER076C	0.759
3815	YHR158C	0.759
3816	YOL088C	0.75898
3817	YCR024C-A	0.75896
3818	YAR053W	0.75888
3819	YPL260W	0.75886
3820	YLR071C	0.75875
3821	YLR166C	0.7587
3822	YNR040W	0.75862
3823	YCR093W	0.7586
3824	YLR456W	0.75859
3825	YPR179C	0.75857
3826	YGR119C	0.75854
3827	YOL121C	0.75854
3828	YNL269W	0.75847
3829	YIR036W-A	0.75838
3830	YJL142C	0.75833
3831	YOL076W	0.75832
3832	YPL114W	0.75826
3833	YER024W	0.75823
3834	YOR191W	0.75821
3835	YKL168C	0.75812
3836	YOR256C	0.75812
3837	YMR165C	0.7581
3838	YDR464C-A	0.75805
3839	YAR019C	0.75803
3840	YNL303W	0.75801
3841	YOL105C	0.75795
3842	YHR073C-B	0.75792
3843	YJR150C	0.75787
3844	YJL175W	0.75787
3845	YOR068C	0.75787
3846	YIL161W	0.75786
3847	YBR278W	0.75784
3848	YML122C	0.75782
3849	YKL031W	0.75777
3850	YHR071C-A	0.75765
3851	YGL014W	0.75764
3852	YCL048W-A	0.75761
3853	YER105C	0.75755
3854	YPL081W	0.75754
3855	YPR059C	0.75753
3856	YMR313C	0.75753
3857	YNL077W	0.75753
3858	YJL203W	0.7575
3859	YML071C	0.75746
3860	YER018C	0.75741
3861	YGL260W	0.75731
3862	YDR290W	0.75726
3863	YNR018W	0.75725
3864	YML063W	0.75721
3865	YFR013W	0.75721
3866	YOR135C	0.75716
3867	YBR134W	0.75715
3868	YDR114C	0.75711
3869	YPL038W	0.75706
3870	YGR042W	0.75701
3871	YDR006C	0.757
3872	YOR305W	0.75694
3873	YML095C	0.75693
3874	YFL064C	0.75692
3875	YOR379C	0.75686
3876	YER068W	0.75681
3877	YHR060W	0.75679
3878	YMR156C	0.75677
3879	YDR382W	0.75676
3880	YBR232C	0.75675
3881	YDR087C	0.75671
3882	YLL059C	0.7567
3883	YDR134C	0.75662
3884	YPR085C	0.75656
3885	YBR090C	0.75655
3886	YKL057C	0.75652
3887	YDR126W	0.75646
3888	YGR158C	0.75645
3889	YDL028C	0.75641
3890	YDL146W	0.75639
3891	YER145C-A	0.75635
3892	YGL080W	0.75635
3893	YLR296W	0.75624
3894	Q0070	0.75623
3895	YJR128W	0.75613
3896	YBR223W-A	0.75613
3897	YGL199C	0.75609
3898	YDR213W	0.75603
3899	YEL030C-A	0.75601
3900	YJR112W	0.75594
3901	YNL324W	0.75592
3902	YHR084W	0.7559
3903	YOR017W	0.75588
3904	YJL009W	0.75587
3905	YHR052W-A	0.75586
3906	YHR054W-A	0.75586
3907	YGR202C	0.75586
3908	YGR290W	0.75586
3909	YGL109W	0.75583
3910	YOR072W	0.75582
3911	YOL077W-A	0.75581
3912	YPR045C	0.75581
3913	YHR125W	0.75581
3914	YHR083W	0.75576
3915	YOR082C	0.75573
3916	YCL034W	0.75569
3917	YKL045W	0.75566
3918	YOR344C	0.75563
3919	YPR170W-B	0.75562
3920	YKL124W	0.75559
3921	YMR067C	0.75552
3922	YLR063W	0.75547
3923	YJL152W	0.7554
3924	YNL302C	0.75539
3925	YJL127W-A	0.75534
3926	YLR096W	0.75527
3927	YGR109C	0.75524
3928	YIR018C-A	0.7552
3929	YDR233C	0.75519
3930	YPR072W	0.75514
3931	YMR154C	0.75513
3932	YDR198C	0.75511
3933	YLR305C	0.75509
3934	YKR049C	0.75506
3935	YGL085W	0.75503
3936	YLR054C	0.75493
3937	YMR287C	0.75493
3938	YHL030W	0.75492
3939	YOR161W-A	0.75487
3940	YOR050C	0.75483
3941	YDR417C	0.75481
3942	YDR193W	0.75473
3943	YDR363W-A	0.75471
3944	YMR168C	0.75466
3945	YPR064W	0.75462
3946	YGL152C	0.75462
3947	YIL072W	0.7546
3948	YLR162W	0.75457
3949	YGL258W-A	0.75457
3950	YHR133C	0.75456
3951	YBR102C	0.75454
3952	YPR155C	0.75446
3953	YGL150C	0.75444
3954	YBR179C	0.75442
3955	YEL018C-A	0.75436
3956	YLR104W	0.7543
3957	YLR417W	0.75428
3958	YLR441C	0.75428
3959	YJL027C	0.75426
3960	YGL233W	0.7542
3961	YDL091C	0.75418
3962	YER150W	0.75418
3963	YKL223W	0.75415
3964	YJR090C	0.75413
3965	YDR420W	0.75411
3966	YPL069C	0.75407
3967	YPR152C	0.75401
3968	YJL131C	0.75398
3969	YAL013W	0.75395
3970	YNL294C	0.75394
3971	YBR099C	0.75389
3972	YPL165C	0.75386
3973	YLR317W	0.75385
3974	YHL030W-A	0.75383
3975	YDR355C	0.75382
3976	YDR461W	0.75375
3977	YGL195W	0.75374
3978	YIL137C	0.75372
3979	YNL017C	0.75362
3980	YDR524C-B	0.75358
3981	YPR055W	0.75357
3982	YML088W	0.75343
3983	YFR020W	0.75338
3984	YHR032C-A	0.75337
3985	YDR314C	0.75319
3986	YHR180W	0.75315
3987	YOR268C	0.75309
3988	YKL115C	0.75297
3989	YLL051C	0.75297
3990	YOR108C-A	0.75291
3991	YCR039C	0.75286
3992	YCL067C	0.75286
3993	YMR272W-A	0.75281
3994	YBR026C	0.75271
3995	YOR179C	0.7527
3996	YDR027C	0.7527
3997	YFL010C	0.7527
3998	YOR227W	0.75268
3999	YJL119C	0.75263
4000	YNL047C	0.75259
4001	YJR111C	0.75242
4002	YGL034C	0.75241
4003	YLL031C	0.75237
4004	YGR270C-A	0.75235
4005	YLR337C	0.75234
4006	YIR001C	0.75234
4007	YHR180C-B	0.7523
4008	YOL019W-A	0.75228
4009	YBR022W	0.75227
4010	YLR374C	0.75227
4011	YGL228W	0.75225
4012	YDR247W	0.75224
4013	YDL026W	0.75218
4014	YFR034C	0.75214
4015	YBL044W	0.75213
4016	YOR073W-A	0.75211
4017	YOR124C	0.7521
4018	YLL017W	0.75206
4019	YBL020W	0.75206
4020	YJL029C	0.75204
4021	YCL041C	0.75203
4022	YMR209C	0.75201
4023	YDR110W	0.75201
4024	YBR284W	0.75199
4025	YPL025C	0.75197
4026	YDL003W	0.75189
4027	YDL157C	0.75188
4028	YPR057W	0.75186
4029	YJL123C	0.75186
4030	YJL148W	0.75181
4031	YNL097C	0.7518
4032	YMR105W-A	0.75179
4033	YMR281W	0.75177
4034	YBR189W	0.75175
4035	YOR166C	0.75169
4036	YPR195C	0.75166
4037	YJR039W	0.7516
4038	YDR359C	0.75158
4039	YBR032W	0.75155
4040	YLR264C-A	0.75155
4041	YIL115W-A	0.75147
4042	YGR259C	0.75147
4043	YLR233C	0.75142
4044	YKL156C-A	0.7513
4045	YIR023C-A	0.75126
4046	YGL217C	0.75126
4047	YIL068W-A	0.75124
4048	YNL146C-A	0.7512
4049	YJL220W	0.75119
4050	YIL171W-A	0.75119
4051	YOR072W-A	0.75118
4052	YJR044C	0.75116
4053	YJL007C	0.75114
4054	YIL115C	0.75114
4055	YNL051W	0.75111
4056	YDR354W	0.75108
4057	YBR089W	0.75105
4058	YOR020W-A	0.75105
4059	YGR031C-A	0.75104
4060	YBR065C	0.75103
4061	YOR029W	0.75103
4062	YJL098W	0.751
4063	YNL150W	0.751
4064	YLL004W	0.751
4065	YLR347W-A	0.75096
4066	YER058W	0.75093
4067	YMR115W	0.75092
4068	YPR191W	0.75087
4069	YKL116C	0.75086
4070	YPL248C	0.75082
4071	YDR460W	0.75077
4072	YDR003W	0.75074
4073	YGR014W	0.75064
4074	YMR157C	0.75064
4075	YDR473C	0.75063
4076	YMR272W-B	0.75063
4077	YER087C-B	0.75062
4078	YBL097W	0.75062
4079	YDR319C	0.75056
4080	YDL172C	0.75055
4081	YML081C-A	0.75051
4082	YBR268W	0.7505
4083	YKR089C	0.75049
4084	YLR260W	0.75048
4085	YGR278W	0.75046
4086	YPL189W	0.7504
4087	YNR068C	0.75031
4088	YMR013C	0.75028
4089	YOR183W	0.75024
4090	YOR106W	0.75023
4091	YLR161W	0.75022
4092	YLR156W	0.75022
4093	YLR159W	0.75022
4094	YIR005W	0.75022
4095	YKL177W	0.7502
4096	YJR140C	0.75018
4097	YNL249C	0.75007
4098	YMR212C	0.75006
4099	YFL023W	0.75004
4100	YDR326C	0.75004
4101	YLR301W	0.75003
4102	YGR002C	0.75002
4103	YBR129C	0.75
4104	YJR097W	0.75
4105	YGR068W-A	0.74993
4106	YEL045C	0.74988
4107	YER074W	0.7498
4108	YIL069C	0.7498
4109	YGR044C	0.74979
4110	YBR200W-A	0.74976
4111	YML020W	0.74972
4112	YJL069C	0.7497
4113	YER007W	0.74965
4114	YAR008W	0.7496
4115	YIR020C-B	0.74958
4116	YGL172W	0.74957
4117	YGL263W	0.74953
4118	YGR265W	0.74946
4119	YOR309C	0.74945
4120	YKR075W-A	0.74942
4121	YPR030W	0.74938
4122	YCL058C	0.74937
4123	YOL144W	0.74937
4124	YOL087C	0.74936
4125	YNL103W-A	0.74934
4126	YER083C	0.74934
4127	YKL089W	0.7493
4128	YIL009C-A	0.74929
4129	YKL088W	0.74925
4130	YMR267W	0.74925
4131	YLR379W-A	0.74921
4132	YPR143W	0.74918
4133	YEL033W	0.74916
4134	YNL277W-A	0.74908
4135	YGR178C	0.74907
4136	YEL073C	0.74906
4137	YML031C-A	0.74899
4138	YER126C	0.74895
4139	YPL044C	0.74892
4140	YOR314W-A	0.74886
4141	YGR091W	0.74885
4142	YJL197C-A	0.74885
4143	YBL006W-A	0.74884
4144	YHL019W-A	0.74881
4145	YPR139C	0.74878
4146	YML011C	0.74878
4147	YKR028W	0.74874
4148	YIL057C	0.74873
4149	YER127W	0.74864
4150	YBR141W-A	0.74851
4151	YDR510C-A	0.7484
4152	YBR247C	0.74839
4153	YDL053C	0.74837
4154	YDR230W	0.74832
4155	YGL145W	0.74832
4156	YPR177C	0.74831
4157	YDR250C	0.7483
4158	YDR449C	0.7481
4159	YBL086C	0.74807
4160	YAL059C-A	0.74805
4161	YGR190C	0.74805
4162	YPL128C	0.74796
4163	YOL155W-A	0.74793
4164	YIL138C	0.74792
4165	YOR211C	0.74792
4166	YMR324C	0.7479
4167	YDL203C	0.74784
4168	YLL046C	0.7478
4169	YIL021C-A	0.74772
4170	YBL059C-A	0.74771
4171	YBR111W-A	0.74768
4172	YCR091W	0.74767
4173	YOR316C-A	0.74764
4174	YIL059C	0.74762
4175	YAL037C-B	0.74761
4176	YAR009C	0.74759
4177	YDR360W	0.74758
4178	YIL133C	0.74756
4179	YLR039C	0.74756
4180	YHR146W	0.74755
4181	YOR180C	0.74754
4182	YGL133W	0.74749
4183	YGL192W	0.74749
4184	YNL128W	0.74748
4185	YLR302C	0.74747
4186	YBR212W	0.74744
4187	YDR501W	0.74743
4188	YMR106C	0.74741
4189	YPR148C	0.74737
4190	YIL104C	0.74728
4191	YBR193C	0.74728
4192	YDR251W	0.74724
4193	YKL096W-A	0.74722
4194	YGL116W	0.74715
4195	YNL308C	0.74711
4196	YGR127W	0.74705
4197	YCR083W	0.74704
4198	YDR442W	0.74702
4199	YOR319W	0.74702
4200	YEL009C	0.7469
4201	YPL020C	0.74688
4202	YEL067C	0.74685
4203	YGR096W	0.74682
4204	YLL016W	0.7468
4205	YGR182C	0.74678
4206	YMR242C	0.74677
4207	YOR312C	0.74677
4208	YJL127C	0.74676
4209	YKR023W	0.74672
4210	YCR041W	0.74668
4211	YJR066W	0.74666
4212	YJR119C	0.74659
4213	YLR416C	0.74659
4214	YDR118W-A	0.74655
4215	YMR047C	0.74645
4216	YDR283C	0.74644
4217	YCR081C-A	0.74638
4218	YMR031W-A	0.74638
4219	YJR023C	0.74632
4220	YBL062W	0.74629
4221	YKL036C	0.74625
4222	YER180C-A	0.74613
4223	YDR053W	0.74611
4224	YJL077C	0.74608
4225	YIL042C	0.74607
4226	YMR112C	0.74602
4227	YKL015W	0.74595
4228	YOR368W	0.74593
4229	YDL071C	0.74592
4230	YOL071W	0.74588
4231	YJR136C	0.74586
4232	YML046W	0.74583
4233	YOL099C	0.74583
4234	YJL169W	0.74582
4235	YGR122W	0.74577
4236	YMR158W-B	0.74574
4237	YGR183C	0.74574
4238	YBR103C-A	0.74572
4239	R0010W	0.74572
4240	YDL179W	0.7457
4241	YNL073W	0.74563
4242	YDR261C	0.7456
4243	YDL228C	0.74544
4244	YLR415C	0.74542
4245	YPL080C	0.74542
4246	YFL027C	0.74542
4247	YOR230W	0.74541
4248	YDR389W	0.74539
4249	YPL155C	0.74538
4250	YIR030W-A	0.74538
4251	YKR032W	0.74537
4252	YHR079C	0.74529
4253	YCR049C	0.74527
4254	YLR157W-E	0.74525
4255	YHL024W	0.74518
4256	YIL111W	0.74518
4257	YJL028W	0.74517
4258	YER087W	0.74505
4259	YEL017C-A	0.74502
4260	YIR020W-A	0.74499
4261	YOL095C	0.74498
4262	YOR346W	0.74496
4263	YML048W	0.74492
4264	YOL037C	0.74492
4265	YGR046W	0.74489
4266	YAR029W	0.74486
4267	YPL205C	0.74484
4268	YOR335W-A	0.74479
4269	YLR194C	0.74471
4270	YJL004C	0.74471
4271	YFL015W-A	0.74458
4272	YLR125W	0.74457
4273	YEL023C	0.74449
4274	YMR026C	0.74448
4275	YJL140W	0.74442
4276	YKL106W	0.74441
4277	YMR013W-A	0.74441
4278	YLR128W	0.74437
4279	YBL066C	0.74435
4280	YKL005C	0.74427
4281	YDR215C	0.74413
4282	YJL156W-A	0.74412
4283	YOL013W-A	0.74409
4284	YJL135W	0.744
4285	YNL227C	0.74394
4286	YMR182C	0.74393
4287	YNR005C	0.74383
4288	YDL196W	0.74381
4289	YLR177W	0.7438
4290	YOR093C	0.7438
4291	YLR123C	0.74371
4292	YDR320C-A	0.74366
4293	YLL037W	0.74366
4294	YJR110W	0.74365
4295	YMR137C	0.74362
4296	YIL087C	0.74362
4297	YFL013C	0.7436
4298	YKL155C	0.7436
4299	YHR127W	0.7436
4300	YML104C	0.74359
4301	YCR052W	0.74359
4302	YBR253W	0.74348
4303	YGR064W	0.74342
4304	YIL156W-A	0.74338
4305	YCR019W	0.74337
4306	YKL044W	0.74325
4307	YOR203W	0.74325
4308	YGR167W	0.74325
4309	YNL296W	0.74322
4310	YGR205W	0.7432
4311	YDR354C-A	0.74319
4312	YDR169C-A	0.74312
4313	YFR052W	0.74311
4314	YDL237W	0.74308
4315	YEL059W	0.74308
4316	YDR079C-A	0.74302
4317	YDL214C	0.743
4318	YPL182C	0.74298
4319	YCL052C	0.74298
4320	YML117W	0.74292
4321	YNL187W	0.74288
4322	YLL006W-A	0.74286
4323	YKR041W	0.74286
4324	YBL045C	0.74281
4325	YER046W-A	0.74281
4326	YOR190W	0.74278
4327	YDR344C	0.74275
4328	YHR139C-A	0.74269
4329	YOR060C	0.74269
4330	YGL191W	0.74263
4331	YNL097C-B	0.74262
4332	YKL032C	0.74259
4333	YCR045W-A	0.74257
4334	YJR122W	0.74255
4335	YGL118C	0.74247
4336	YLR463C	0.74247
4337	YDR108W	0.74243
4338	YER008C	0.74243
4339	YJR126C	0.7424
4340	YGR270W	0.74235
4341	YGR235C	0.74233
4342	YEL075W-A	0.7423
4343	YFR056C	0.7423
4344	YOR064C	0.74227
4345	YOR081C	0.74223
4346	YMR247W-A	0.74221
4347	YOR008C-A	0.74217
4348	YMR122C	0.74209
4349	YMR013C-A	0.74206
4350	YEL020C-B	0.74204
4351	YHR070C-A	0.74204
4352	YOR188W	0.74203
4353	YLR199C	0.74203
4354	YJL057C	0.74201
4355	YJR082C	0.742
4356	YAR035C-A	0.74197
4357	YPR031W	0.74193
4358	YJL188C	0.7418
4359	YER165C-A	0.74179
4360	YLR392C	0.74179
4361	YPR089W	0.74178
4362	YBR196C-B	0.74173
4363	YEL074W	0.7417
4364	YAL043C	0.74167
4365	YEL022W	0.74166
4366	YNL262W	0.74166
4367	YIR044C	0.74165
4368	YFR052C-A	0.74165
4369	YBR040W	0.74165
4370	YOR149C	0.74165
4371	YBL077W	0.74163
4372	YER023C-A	0.74163
4373	R0020C	0.74159
4374	YLR132C	0.74155
4375	YKL134C	0.74148
4376	YLR076C	0.74144
4377	YER139C	0.74133
4378	YDR044W	0.7413
4379	YDR025W	0.7413
4380	YBR048W	0.7413
4381	YER107W-A	0.74126
4382	YGL235W	0.74124
4383	YLR396C	0.74124
4384	YLR029C	0.74117
4385	YPR050C	0.74114
4386	YMR044W	0.74106
4387	YMR130W	0.74105
4388	YLR279W	0.74103
4389	YBL074C	0.74102
4390	YER135C	0.74101
4391	YPR160C-A	0.74096
4392	YKL102C	0.74096
4393	YIL058W	0.74095
4394	YHL005C	0.74094
4395	YML050W	0.74094
4396	YKL034W	0.74093
4397	YGL063C-A	0.74093
4398	YOR112W	0.74087
4399	YLR110C	0.74079
4400	YHR180W-A	0.74076
4401	YCL057W	0.74074
4402	YGR022C	0.74073
4403	YOR146W	0.74067
4404	YGL092W	0.74058
4405	YDL213W-A	0.7405
4406	YGR069W	0.7405
4407	YGR258C	0.7405
4408	YDR079W	0.74044
4409	YGR269W	0.74042
4410	YBR044C	0.74039
4411	YKL136W	0.74037
4412	YBR178W	0.74034
4413	YNR006W	0.74032
4414	YNL126W	0.74031
4415	YBR121C-A	0.74031
4416	YNL158W	0.74031
4417	YBR036C	0.74028
4418	YHR086W-A	0.74027
4419	YJR038C	0.74024
4420	YHR214C-E	0.74023
4421	YLR365W	0.74021
4422	YIL028W	0.74018
4423	YGL123C-A	0.74014
4424	YJR115W	0.74009
4425	YKR085C	0.74008
4426	YPL186C	0.74004
4427	YGL227W	0.74
4428	YGR165W	0.73999
4429	YAL047W-A	0.73994
4430	YPL107W	0.73991
4431	YEL008W	0.73989
4432	YLR247C	0.73987
4433	YPL185W	0.73979
4434	YNL178W	0.73971
4435	YIL029W-A	0.73968
4436	YBR150C	0.73963
4437	YCR047W-A	0.7396
4438	YMR307C-A	0.7396
4439	YHL045W	0.73959
4440	YNL002C	0.73957
4441	YAL045C	0.73955
4442	YKL153W	0.73953
4443	YJL101C	0.7395
4444	YPR010C-A	0.73949
4445	YLR280C	0.73945
4446	YOR338W	0.73943
4447	YMR070W	0.73943
4448	YHL028W	0.73936
4449	YNL143C	0.73934
4450	YOR263C	0.73932
4451	YPR115W	0.7393
4452	YDL142C	0.7393
4453	YNR075C-A	0.7393
4454	YJL061W	0.73929
4455	YAL056W	0.73924
4456	YCL076W	0.7392
4457	YFL051C	0.73918
4458	YKL058W	0.73912
4459	YPL135C-A	0.73909
4460	YBR097W	0.73905
4461	YPR160W-A	0.73901
4462	YMR135W-A	0.73894
4463	YPL141C	0.73889
4464	YJR123W	0.73883
4465	YJL075C	0.73882
4466	YOL127W	0.73876
4467	YDR271C	0.73872
4468	YDR246W	0.73869
4469	YMR103C	0.73859
4470	YJL222W-B	0.73854
4471	YIL175W	0.73854
4472	YDL112W	0.73852
4473	YDR102C	0.73851
4474	YNL080C	0.7385
4475	YBR276C	0.73848
4476	YOR174W	0.73848
4477	YBR076C-A	0.73831
4478	YNL138W-A	0.73829
4479	YOR045W	0.73825
4480	YKL183C-A	0.73825
4481	YKR073C	0.73824
4482	YGR226C	0.73824
4483	YMR316W	0.73823
4484	YNL039W	0.73821
4485	YKL076C	0.73819
4486	YOR080W	0.73818
4487	YEL061C	0.73817
4488	YBL004W	0.73815
4489	YBR266C	0.73799
4490	YOL097W-A	0.73799
4491	YMR121C	0.73798
4492	YER152W-A	0.73796
4493	YDL136W	0.73793
4494	YDL191W	0.73793
4495	YDR154C	0.73792
4496	YCR038C	0.73792
4497	YGL177W	0.73789
4498	YDL153C	0.73788
4499	YGR139W	0.73788
4500	YAL034C-B	0.73787
4501	YNR061C	0.73785
4502	YIL156W	0.73782
4503	YBR064W	0.73779
4504	YHL037C	0.73774
4505	YHR214C-B	0.73773
4506	YDR426C	0.73772
4507	YBL065W	0.73772
4508	YMR001C-A	0.73771
4509	YCL031C	0.73766
4510	YJL136W-A	0.73766
4511	YLR157C-C	0.73765
4512	YLR154C-H	0.73765
4513	YLR159C-A	0.73765
4514	YLR156C-A	0.73765
4515	YDR095C	0.73764
4516	YCR085W	0.73763
4517	YER115C	0.73763
4518	YOR031W	0.73762
4519	YJL215C	0.7376
4520	YPL056C	0.73757
4521	YPL250W-A	0.73757
4522	YDR262W	0.73751
4523	YJL112W	0.73749
4524	YDR371C-A	0.73747
4525	YCL046W	0.73746
4526	YLR363C	0.73744
4527	YJR102C	0.73744
4528	YGR038W	0.73743
4529	YER113C	0.73739
4530	YNL278W	0.73734
4531	YOR199W	0.73728
4532	YLR344W	0.73726
4533	YGL160W	0.73725
4534	YNL304W	0.73718
4535	YPR130C	0.73718
4536	YPL038W-A	0.73717
4537	YER077C	0.73714
4538	YCL065W	0.73712
4539	YGL146C	0.73708
4540	YDL099W	0.73707
4541	YIL027C	0.73707
4542	YPL126W	0.73702
4543	YMR190C	0.737
4544	YIL012W	0.73696
4545	YNL144W-A	0.73694
4546	YGL031C	0.73686
4547	YKL195W	0.73686
4548	YKL082C	0.7368
4549	YNL170W	0.73678
4550	YKR082W	0.73677
4551	YLR288C	0.73673
4552	YDR511W	0.73669
4553	YLR312W-A	0.73669
4554	YCR025C	0.73668
4555	YNL038W	0.73666
4556	YKL056C	0.73663
4557	YBR206W	0.73662
4558	YGL088W	0.73662
4559	YML034C-A	0.73661
4560	YMR251W-A	0.73659
4561	YLR309C	0.73658
4562	YAL017W	0.73657
4563	YBL070C	0.73655
4564	YLR006C	0.73654
4565	YBL083C	0.73654
4566	YDR376W	0.73641
4567	YBR027C	0.73639
4568	YMR192W	0.73639
4569	YDR179W-A	0.73638
4570	YIR017W-A	0.73633
4571	YDL009C	0.73632
4572	YJL202C	0.73631
4573	YNL120C	0.73631
4574	YLR311C	0.73627
4575	YKL097C	0.73624
4576	YGL032C	0.73622
4577	YHR078W	0.73621
4578	YOR123C	0.7362
4579	YJL039C	0.73617
4580	YPL047W	0.73617
4581	YJL109C	0.73607
4582	YDL183C	0.73606
4583	YCR024C-B	0.73605
4584	YDL114W	0.73604
4585	YJR002W	0.73594
4586	YDR365W-B	0.73587
4587	YDR525W	0.73585
4588	YAR070C	0.73582
4589	YNL052W	0.7358
4590	YIR011C	0.73574
4591	YJR062C	0.73571
4592	YER047C	0.7357
4593	YDL221W	0.73569
4594	YHR021W-A	0.73559
4595	YCR095C	0.73557
4596	YMR129W	0.73554
4597	YOL028C	0.73553
4598	YBR255C-A	0.73552
4599	YNR028W	0.73551
4600	YNL228W	0.73548
4601	YLL035W	0.73543
4602	YIL174W	0.73542
4603	YJL222W-A	0.73542
4604	YCR064C	0.73539
4605	YOR041C	0.73539
4606	YMR185W	0.73534
4607	YGR146C-A	0.73533
4608	YJL120W	0.73531
4609	YCR050C	0.73526
4610	YBR085C-A	0.73522
4611	YMR091C	0.7352
4612	YDL032W	0.73519
4613	YIL070C	0.73519
4614	YMR207C	0.73513
4615	YPL136W	0.7351
4616	YOR225W	0.7351
4617	YMR247C	0.7351
4618	YHL021C	0.7351
4619	YFR031C-A	0.73508
4620	YIL018W	0.73508
4621	YMR316C-A	0.73496
4622	YNL042W-B	0.73496
4623	YOR302W	0.73493
4624	YDR149C	0.73485
4625	YOR300W	0.73484
4626	YGL239C	0.73482
4627	YCL012C	0.73478
4628	YDR245W	0.73474
4629	YBL010C	0.73468
4630	YNR003W-A	0.73467
4631	YGR034W	0.73463
4632	YDR220C	0.73462
4633	YLR051C	0.7346
4634	YPL057C	0.73458
4635	YAL055W	0.73457
4636	YKL049C	0.73454
4637	YLR236C	0.73453
4638	YPR063C	0.7345
4639	YMR007W	0.73445
4640	YCL005W-A	0.73441
4641	YLR444C	0.73439
4642	YDR412W	0.73434
4643	YLR406C-A	0.73432
4644	YGL052W	0.7343
4645	YHL015W-A	0.73428
4646	YJL173C	0.73426
4647	YDR504C	0.73413
4648	YDR335W	0.7341
4649	YMR068W	0.73408
4650	YJL015C	0.73405
4651	YKR035C	0.73403
4652	YOR260W	0.73397
4653	YCR097W-A	0.73387
4654	YDL043C	0.73386
4655	YNL253W	0.73383
4656	YLL019C	0.7337
4657	YDR221W	0.73365
4658	YNR007C	0.73362
4659	YMR211W	0.7336
4660	YLR256W-B/YLR256W-C	0.73359
4661	YLL019W-A	0.73352
4662	YMR240C	0.73352
4663	YER138C	0.73349
4664	YLR336C	0.73346
4665	YNR001W-A	0.73346
4666	YMR173W	0.73345
4667	YGL127C	0.73343
4668	YPL123C	0.73338
4669	YDR520C	0.73335
4670	YNL029C	0.73334
4671	YGR228W	0.73333
4672	YCL066W	0.73325
4673	YCR040W	0.73325
4674	YKR007W	0.73323
4675	YKL121W	0.73319
4676	YML045W	0.73316
4677	YOL103W-B	0.73314
4678	YKL149C	0.73313
4679	YJL067W	0.73313
4680	YOL014W	0.73309
4681	YKL075C	0.73308
4682	YGR052W	0.73305
4683	YBR279W	0.73304
4684	YGL131C	0.73304
4685	YIL005W	0.73301
4686	YPL144W	0.73296
4687	YLR428C	0.73291
4688	YPL225W	0.73291
4689	YMR061W	0.73289
4690	YPL241C	0.73286
4691	YKL104W-A	0.73279
4692	YBR258C	0.73278
4693	YPL257W-B	0.73277
4694	YBR161W	0.73277
4695	YGR293C	0.73277
4696	YPR026W	0.73275
4697	YDL232W	0.73266
4698	YLR191W	0.73265
4699	YOR282W	0.73262
4700	YJR027W	0.7326
4701	YOR218C	0.7326
4702	YCL068C	0.73259
4703	YIL105W-A	0.73258
4704	YHR007C-A	0.73252
4705	YKR044W	0.7325
4706	YDR098C-B	0.73249
4707	YGR038C-B	0.73249
4708	YDL074C	0.73244
4709	YDR278C	0.73243
4710	YDR524W-C	0.73234
4711	YLL030C	0.73232
4712	YLR163W-A	0.7323
4713	YGR204C-A	0.73229
4714	YPR040W	0.73223
4715	YML016C	0.7322
4716	YDR526C	0.73218
4717	YNL174W	0.73217
4718	YMR077C	0.73213
4719	YCR089W	0.73205
4720	YLR157C-B	0.732
4721	YPL041C	0.73197
4722	YIL047C-A	0.73193
4723	YHR126C	0.73193
4724	YLR068W	0.73188
4725	YDR246W-A	0.7318
4726	YGR108W	0.73175
4727	YMR050C	0.73173
4728	YPR137C-B	0.7317
4729	YIR020C	0.7317
4730	YGR161C-D	0.73158
4731	YEL050W-A	0.73157
4732	YML039W	0.73152
4733	YDL002C	0.7315
4734	YLR120W-A	0.73148
4735	YBL079W	0.73146
4736	YLR331C	0.73144
4737	YLL007C	0.73141
4738	YBR123C	0.73138
4739	YHR015W	0.73138
4740	YDR484W	0.73137
4741	YOL166W-A	0.73137
4742	YPL251W	0.73133
4743	YOL160W	0.73129
4744	YIL032C	0.73126
4745	YPL073C	0.73123
4746	YMR053C	0.73123
4747	YJR091C	0.73123
4748	YPR136C	0.73123
4749	YDR241W	0.7312
4750	YJR029W	0.73118
4751	YCR087W	0.73096
4752	YBL039C-A	0.73095
4753	YDL113C	0.73092
4754	YNL179C	0.73091
4755	YKL123W	0.7309
4756	YDR463W	0.7309
4757	YLR062C	0.73086
4758	YJR114W	0.73076
4759	YAL025C	0.73076
4760	YJR018W	0.73075
4761	YER172C-A	0.73074
4762	YPR158C-D	0.73071
4763	YGL134W	0.73067
4764	YLL013C	0.73067
4765	YPL233W	0.73062
4766	YGR171C	0.73056
4767	YMR283C	0.73056
4768	YER053C-A	0.73053
4769	YOR238W	0.73051
4770	YPR022C	0.7305
4771	YBR012W-B	0.73046
4772	YML129C	0.73041
4773	YDR316W-B	0.73038
4774	YML116W-A	0.73038
4775	YNL054W-B	0.73037
4776	YHL043W	0.73033
4777	YOR210W	0.73026
4778	YOR142W-B	0.73023
4779	YPL115C	0.73023
4780	YDR210C-D	0.73019
4781	YGR027W-B	0.73016
4782	YER160C	0.73016
4783	YNL026W	0.73016
4784	YAL059W	0.73012
4785	YDR072C	0.7301
4786	YGR072W	0.73009
4787	YFR009W-A	0.73002
4788	YOL019W	0.72994
4789	YMR141C	0.72987
4790	YDL163W	0.72985
4791	YJL084C	0.72984
4792	Q0017	0.72984
4793	YFR010W-A	0.72981
4794	YPR079W	0.72981
4795	YLR227W-B	0.7298
4796	YDR147W	0.7298
4797	YAL026C-A	0.72975
4798	YLR035C-A	0.72973
4799	YDR366C	0.72968
4800	YER064C	0.72962
4801	YKR065C	0.72958
4802	YGL188C	0.72958
4803	YDR470C	0.72954
4804	YMR171C	0.72952
4805	YBR277C	0.7295
4806	YKL054C	0.7295
4807	YJL020C	0.72943
4808	YHR063W-A	0.7294
4809	YHR214C-C	0.72938
4810	YGR236C	0.72937
4811	YDR073W	0.72937
4812	YPL152W-A	0.72926
4813	YLL032C	0.72924
4814	YPL005W	0.72921
4815	YJL022W	0.72921
4816	YHR073W-A	0.7292
4817	YBR282W	0.72918
4818	YDL114W-A	0.72917
4819	YPL026C	0.72917
4820	YJL204C	0.72908
4821	YGR045C	0.72904
4822	YHR213W-A	0.72902
4823	YMR029C	0.72898
4824	YNL012W	0.72897
4825	YNR059W	0.72897
4826	YDR279W	0.72891
4827	YDR199W	0.7289
4828	YKL079W	0.72876
4829	YKL011C	0.72874
4830	YLL002W	0.72872
4831	YPR158W-B	0.72869
4832	YIL020C-A	0.72866
4833	YPR159C-A	0.72863
4834	YLR342W-A	0.72863
4835	YAL064W	0.72855
4836	YHR109W	0.72855
4837	YGL149W	0.72854
4838	YER096W	0.72852
4839	YMR230W-A	0.72851
4840	YPL078C	0.72848
4841	YPR187W	0.72847
4842	YBR216C	0.7284
4843	YHR059W	0.72836
4844	YFR001W	0.72835
4845	YIL060W	0.72835
4846	YOR293C-A	0.72825
4847	YOR043W	0.72822
4848	YOR314W	0.7282
4849	YLR084C	0.72818
4850	YDR136C	0.72818
4851	YDR363W	0.72816
4852	YKL083W	0.72807
4853	YDR507C	0.72806
4854	YJL132W	0.72804
4855	YER034W	0.728
4856	YGR174C	0.72792
4857	YNR022C	0.7279
4858	YLL020C	0.72787
4859	YKL205W	0.72785
4860	YNR031C	0.7278
4861	YMR294W-A	0.72775
4862	YGR148C	0.72767
4863	YLR204W	0.72765
4864	YHR087W	0.72764
4865	YJL182C	0.72759
4866	YJL092W	0.72757
4867	YLR111W	0.72752
4868	YPR099C	0.7274
4869	YHL006W-A	0.72739
4870	YNR044W	0.72738
4871	YDR467C	0.72737
4872	YLR261C	0.72735
4873	YNL122C	0.72732
4874	YLR149C	0.72729
4875	YHR154W	0.72728
4876	YNL284C-B	0.72725
4877	YDR261C-D	0.72715
4878	YMR019W	0.72713
4879	YDR157W	0.72712
4880	YBL005W-B	0.72705
4881	YDR485C	0.72699
4882	YIL084C	0.72698
4883	YMR045C	0.72694
4884	YOL063C	0.72682
4885	YOR249C	0.7268
4886	YNL301C	0.72679
4887	YOL120C	0.72679
4888	YLR412C-A	0.72675
4889	YPL149W	0.7267
4890	YDL013W	0.72667
4891	YDR081C	0.72666
4892	YIL056W	0.72658
4893	YJL211C	0.72656
4894	YDR416W	0.72656
4895	YOR194C	0.7265
4896	YEL062W	0.72648
4897	YJR151W-A	0.72642
4898	YMR175W-A	0.72631
4899	YDR401W	0.7263
4900	YER041W	0.72622
4901	YBR126W-B	0.72619
4902	YNL151C	0.72614
4903	YOR115C	0.72611
4904	YHR049C-A	0.72607
4905	YDR367W	0.72607
4906	YGL060W	0.72595
4907	YCL054W-A	0.72595
4908	YMR060C	0.72588
4909	YMR119W-A	0.72587
4910	YCL029C	0.72584
4911	YOL053W	0.72579
4912	YER019C-A	0.72577
4913	YOL166C	0.72575
4914	YDR296W	0.72558
4915	YGL189C	0.72557
4916	YMR295C	0.72555
4917	YDR437W	0.72551
4918	YER131W	0.72546
4919	YNL139C	0.72545
4920	YHL044W	0.72533
4921	YDL045C	0.72531
4922	YGL029W	0.72527
4923	YLR154C	0.72524
4924	YLR154W-B	0.72521
4925	YAR069C	0.72516
4926	YHR214C-D	0.72516
4927	YFR029W	0.72514
4928	YOL026C	0.72511
4929	YBR122C	0.72507
4930	YOL004W	0.72504
4931	YNL257C	0.72499
4932	YDR222W	0.72486
4933	YLR095C	0.72486
4934	YOR364W	0.72485
4935	YAL037C-A	0.72485
4936	YDR255C	0.72485
4937	YNL315C	0.72482
4938	YGR274C	0.72481
4939	YMR237W	0.72475
4940	YHR155W	0.72471
4941	YGR104C	0.72462
4942	YOL052C-A	0.72461
4943	YER114C	0.72461
4944	YDR423C	0.72455
4945	YJL054W	0.72444
4946	YLR364C-A	0.72441
4947	YOL078W	0.72434
4948	YML007C-A	0.72434
4949	YER093C	0.72432
4950	YGL025C	0.72431
4951	YLR148W	0.72421
4952	YMR274C	0.72419
4953	YDR489W	0.72414
4954	YPR039W	0.72392
4955	YDL025W-A	0.72389
4956	YIL025C	0.72379
4957	YLR439W	0.72376
4958	YIL024C	0.72374
4959	YKL110C	0.72374
4960	YGR237C	0.72372
4961	YNL114C	0.72371
4962	YER169W	0.72368
4963	YDR192C	0.72367
4964	YDR535C	0.72355
4965	YDR327W	0.72352
4966	YMR320W	0.72344
4967	YPL163C	0.7234
4968	YLR127C	0.72338
4969	YPL254W	0.72325
4970	YNL205C	0.72324
4971	YLR087C	0.72319
4972	YLR235C	0.72313
4973	YGR025W	0.72311
4974	YOL038C-A	0.72309
4975	YNL109W	0.72306
4976	YLR162W-A	0.72304
4977	YDR197W	0.72299
4978	YBR195C	0.72294
4979	YNL011C	0.72292
4980	YML099C	0.72285
4981	YBR289W	0.72283
4982	YER189W	0.72281
4983	YLR228C	0.72276
4984	YBL008W-A	0.7227
4985	YDL077C	0.72266
4986	YDL127W	0.72264
4987	YOR371C	0.72264
4988	YBR098W	0.72257
4989	YLR001C	0.72247
4990	YOR042W	0.72244
4991	YPR202W	0.72239
4992	YAR030C	0.72238
4993	YDR333C	0.72237
4994	YCR001W	0.72237
4995	YKR029C	0.72232
4996	YGR057C	0.72223
4997	YPL242C	0.72211
4998	YDL117W	0.72195
4999	YDR445C	0.72193
5000	YJL127C-B	0.72192
5001	YKR036C	0.72184
5002	YNL338W	0.72179
5003	YPL271W	0.72177
5004	YPL150W	0.72174
5005	YPR042C	0.72173
5006	YDR413C	0.7217
5007	YCL058W-A	0.72163
5008	YPR150W	0.72163
5009	YER078W-A	0.72159
5010	YAL011W	0.72157
5011	YJR060W	0.72147
5012	YBR296C-A	0.72147
5013	YDL216C	0.72147
5014	YPL183W-A	0.72145
5015	YHR105W	0.7214
5016	YDL062W	0.7214
5017	YFR043C	0.7214
5018	YLR154W-C	0.72135
5019	YEL075C	0.72135
5020	YJL062W-A	0.7213
5021	YLR285C-A	0.7213
5022	YGR280C	0.72128
5023	YLR402W	0.72125
5024	YGR017W	0.72123
5025	YKR006C	0.72116
5026	YMR082C	0.72112
5027	YNL208W	0.72111
5028	YNR042W	0.7211
5029	YER090C-A	0.72106
5030	YOR098C	0.72106
5031	YPL090C	0.72105
5032	YBR181C	0.72105
5033	YDR231C	0.72102
5034	YFR026C	0.72096
5035	YKL208W	0.72091
5036	YNL145W	0.72087
5037	YGR184C	0.72073
5038	YBL060W	0.72068
5039	YHR217C	0.72063
5040	YKR008W	0.72058
5041	YDR125C	0.72058
5042	YMR140W	0.72052
5043	YKL100W-A	0.72051
5044	YKR004C	0.7205
5045	YFR012W-A	0.72041
5046	YDR315C	0.7204
5047	YCR024C	0.72039
5048	YMR159C	0.72031
5049	YLR112W	0.72027
5050	YBR298C-A	0.72026
5051	YIL090W	0.72018
5052	YMR194W	0.72016
5053	YJL184W	0.72014
5054	YPL040C	0.72012
5055	YBL071C-B	0.72008
5056	YPL105C	0.72007
5057	YLR361C-A	0.72005
5058	YPL108W	0.72
5059	YOR320C	0.71998
5060	YDR003W-A	0.71996
5061	R0040C	0.71996
5062	YIL132C	0.71983
5063	YIL029C	0.71978
5064	YDR228C	0.71978
5065	YBR133C	0.71974
5066	YKR098C	0.7197
5067	YNL265C	0.71965
5068	YHR138C	0.71959
5069	YLR150W	0.71955
5070	YNR035C	0.71949
5071	YJR147W	0.71949
5072	YGL136C	0.71946
5073	YCR003W	0.7194
5074	YJR087W	0.71926
5075	YNL201C	0.71914
5076	YIL089W	0.71912
5077	YLR171W	0.71908
5078	YBR217W	0.71908
5079	YIL077C	0.71906
5080	YCR095W-A	0.71906
5081	YJL044C	0.71906
5082	YGL142C	0.71905
5083	YBR113W	0.71904
5084	YLR142W	0.719
5085	YLR459W	0.71893
5086	YGL124C	0.71889
5087	YNL166C	0.71885
5088	YGL247W	0.71884
5089	YNR066C	0.71883
5090	YJR059W	0.71879
5091	YJL201W	0.71867
5092	YGL108C	0.71864
5093	Q0080	0.71857
5094	YGR206W	0.71857
5095	YGR156W	0.71851
5096	YOR337W	0.71845
5097	YHL020C	0.71843
5098	YDL106C	0.71831
5099	YGL072C	0.7183
5100	YOR343C	0.71826
5101	YHR101C	0.71823
5102	YBL094C	0.71806
5103	YCL007C	0.71803
5104	YPR096C	0.71792
5105	YDR008C	0.71787
5106	YMR014W	0.71781
5107	YOL085C	0.7178
5108	YLR202C	0.7178
5109	YER161C	0.71779
5110	YER068C-A	0.71764
5111	YGR225W	0.71762
5112	YDR015C	0.71757
5113	YGR219W	0.71756
5114	YIL100W	0.71745
5115	YLR067C	0.71744
5116	YDR273W	0.7174
5117	YLR370C	0.71735
5118	YLL040C	0.71735
5119	YHR023W	0.71731
5120	YCL019W	0.71718
5121	YLR136C	0.71702
5122	YML002W	0.71693
5123	YOR228C	0.71691
5124	YAR060C	0.71689
5125	YHR212C	0.71689
5126	YBR163W	0.71683
5127	YOL164W-A	0.71681
5128	YLR322W	0.7168
5129	YLR434C	0.71678
5130	YML012C-A	0.71675
5131	YOL136C	0.7167
5132	YDR163W	0.71661
5133	YGR164W	0.71654
5134	YDL065C	0.71653
5135	YJL077W-B	0.7165
5136	YLR366W	0.71632
5137	YBL014C	0.71619
5138	YJL157C	0.71616
5139	YML047W-A	0.71609
5140	YOR143C	0.71601
5141	YDR071C	0.71601
5142	YKL016C	0.71599
5143	YKL122C	0.71589
5144	YGR035W-A	0.71583
5145	YNL041C	0.71574
5146	YOR392W	0.71573
5147	YNL136W	0.71572
5148	YDR318W	0.71571
5149	YJL166W	0.71568
5150	YMR298W	0.71567
5151	YCR063W	0.71563
5152	YOR037W	0.7156
5153	YMR030W-A	0.7155
5154	YHR072W-A	0.71547
5155	YOR242C	0.71535
5156	YLR106C	0.71533
5157	YBR259W	0.71521
5158	YNL127W	0.71513
5159	YFL002W-A	0.71509
5160	YGR161W-B	0.71509
5161	YDR229W	0.71508
5162	YHR071W	0.71506
5163	YHR035W	0.71505
5164	YLR232W	0.71505
5165	YOR161C-C	0.71504
5166	YOR373W	0.71487
5167	YBR128C	0.71485
5168	YCL039W	0.7148
5169	YGL041C-B	0.71475
5170	YLR010C	0.71471
5171	YOL085W-A	0.71467
5172	YPR133W-A	0.71464
5173	YEL007W	0.71463
5174	YBL092W	0.71453
5175	YMR075C-A	0.71453
5176	YDL247W-A	0.71452
5177	YKL099C	0.7145
5178	YER137W-A	0.7145
5179	YMR133W	0.7145
5180	YDR261W-B	0.71447
5181	YPR146C	0.71444
5182	YPL249C-A	0.71441
5183	YJR043C	0.71436
5184	YOR083W	0.71436
5185	YLR278C	0.71432
5186	YOR366W	0.7143
5187	YMR153C-A	0.71415
5188	YJL070C	0.71409
5189	YAL037W	0.71408
5190	YGL038C	0.71405
5191	YDL149W	0.71403
5192	YGL237C	0.714
5193	YNL337W	0.71397
5194	Q0075	0.71395
5195	YOR329C	0.71393
5196	YNL215W	0.71392
5197	YGR038C-D/YGR038C-C	0.71391
5198	YPL139C	0.7139
5199	YFL012W-A	0.71385
5200	YOR192C-B	0.71381
5201	YMR184W	0.71377
5202	YHL027W	0.71374
5203	YDR200C	0.71371
5204	YPL178W	0.71357
5205	YMR065W	0.71351
5206	YMR111C	0.71347
5207	YIL134C-A	0.71345
5208	YDR159W	0.71341
5209	YLR403W	0.7134
5210	YPR067W	0.71335
5211	YPL192C	0.71334
5212	YMR048W	0.71323
5213	YGL013C	0.71312
5214	YIL044C	0.71311
5215	YJL187C	0.71307
5216	YDR034C-D	0.71296
5217	YNL224C	0.71294
5218	YMR194C-A	0.71294
5219	YAL069W	0.7129
5220	YGL204C	0.71282
5221	YEL017W	0.71275
5222	YHR056W-A	0.71274
5223	YDR010C	0.71274
5224	YBR081C	0.71273
5225	YLR262C-A	0.7127
5226	YHR053C	0.71267
5227	YHR055C	0.71267
5228	YMR023C	0.71267
5229	YLR346C	0.71266
5230	YGR053C	0.71249
5231	YBL028C	0.71237
5232	YDR141C	0.71234
5233	YDL048C	0.71233
5234	YDR340W	0.71221
5235	YGL132W	0.7122
5236	YGL188C-A	0.71218
5237	YLR187W	0.71216
5238	YKR090W	0.71211
5239	YCL021W	0.71206
5240	YER091C-A	0.71206
5241	YBR292C	0.71198
5242	YCL024W	0.71195
5243	YBL107W-A	0.71184
5244	YKR031C	0.71178
5245	YDR210W-B	0.71177
5246	YGR198W	0.71168
5247	YBR131C-A	0.71168
5248	YOR008W-B	0.71162
5249	YGR130C	0.7116
5250	YJL086C	0.7116
5251	YHR102W	0.71157
5252	YLR101C	0.71154
5253	YAL019W-A	0.71148
5254	YOL079W	0.71145
5255	YLR329W	0.71142
5256	YPR075C	0.7114
5257	YBR290W	0.71138
5258	YLR410W-B	0.71137
5259	YKL165C-A	0.71137
5260	YGL226W	0.71135
5261	YHL038C	0.7113
5262	YML107C	0.71124
5263	YLR462W	0.71123
5264	YJL199C	0.71114
5265	YNL086W	0.71113
5266	YBL100W-B	0.71093
5267	YBR016W	0.71089
5268	YDR544C	0.71089
5269	YBR209W	0.71088
5270	YOR144C	0.71087
5271	YER067W	0.7108
5272	YCL056C	0.71079
5273	YNL230C	0.71076
5274	YDR153C	0.71073
5275	YCR016W	0.71072
5276	YNL226W	0.71065
5277	YLL066W-B	0.71062
5278	YML076C	0.71059
5279	YDL070W	0.71055
5280	YLR388W	0.71054
5281	YOL101C	0.71047
5282	YMR315W-A	0.71046
5283	YDR295C	0.71046
5284	YLR400W	0.7104
5285	YAL041W	0.71032
5286	YDR521W	0.7103
5287	YLR176C	0.71023
5288	YBL084C	0.71018
5289	YKL038W	0.71017
5290	YDR320C	0.71016
5291	YOR376W	0.71011
5292	YIL177W-A	0.71
5293	YJL225W-A	0.71
5294	YNR047W	0.70996
5295	YFL068W	0.7099
5296	YLL067W-A	0.7099
5297	YLL066W-A	0.7099
5298	YBL071C	0.7099
5299	YNL234W	0.70985
5300	YGR291C	0.70985
5301	YBR240C	0.7098
5302	YCR102W-A	0.7097
5303	YLR407W	0.70965
5304	YDR048C	0.70963
5305	YDR396W	0.70951
5306	YML058W-A	0.70943
5307	YDL220C	0.70936
5308	YPL037C	0.70933
5309	YGL102C	0.70926
5310	YBL025W	0.70913
5311	YER084W	0.70904
5312	YDR455C	0.70895
5313	YGL193C	0.70895
5314	YGL041C	0.7089
5315	YGR011W	0.70888
5316	YGR018C	0.70885
5317	YGR233C	0.70884
5318	YOR343W-B	0.70881
5319	YER137C	0.70874
5320	YKL143W	0.70873
5321	YBL085W	0.70864
5322	YGR160W	0.70854
5323	YHL041W	0.70837
5324	YDR475C	0.70832
5325	YFL007W	0.7083
5326	YKL025C	0.70826
5327	YOR072W-B	0.70825
5328	YLR184W	0.70824
5329	YER071C	0.70821
5330	YGL113W	0.70821
5331	YKL183W	0.70814
5332	YLL049W	0.70812
5333	YER067C-A	0.70811
5334	YNR039C	0.70791
5335	YOL017W	0.70788
5336	YHR219C-A	0.70787
5337	YNL339W-B	0.70787
5338	YML133W-B	0.70787
5339	YLR356W	0.70775
5340	YOL035C	0.70774
5341	YBR191W-A	0.70765
5342	YMR293C	0.70756
5343	YHR058C	0.70755
5344	YOR105W	0.70752
5345	YHL046W-A	0.7075
5346	YLR422W	0.70746
5347	YLR440C	0.70741
5348	YLR467C-A	0.70738
5349	YOR396C-A	0.70738
5350	YLR466C-A	0.70738
5351	YOR063W	0.70737
5352	YGL007C-A	0.70737
5353	YPR071W	0.70735
5354	YFR049W	0.70728
5355	YDR089W	0.70723
5356	YHL050W-A	0.70714
5357	YBR269C	0.70693
5358	YDR156W	0.70692
5359	YGR147C	0.7069
5360	YMR021C	0.70687
5361	YAR047C	0.70683
5362	YHR069C-A	0.70673
5363	YDR495C	0.70671
5364	YDL185C-A	0.70662
5365	YDR486C	0.70648
5366	YLR453C	0.70647
5367	YMR122W-A	0.70639
5368	YEL072W	0.70627
5369	YOR015W	0.70627
5370	YJL037W	0.70624
5371	YLR154C-G	0.70623
5372	YBL012C	0.70622
5373	YKR033C	0.70621
5374	YDR545C-A	0.70617
5375	YGR114C	0.70611
5376	YEL008C-A	0.70611
5377	YDR433W	0.70609
5378	YJL107C	0.70607
5379	YBL051C	0.70597
5380	YKR083C	0.70593
5381	YER138W-A	0.70582
5382	YOR247W	0.70576
5383	YIL066W-A	0.70566
5384	YKL133C	0.70562
5385	YDR509W	0.7056
5386	YOL100W	0.70555
5387	YML023C	0.70551
5388	YKR099W	0.70549
5389	YER079C-A	0.70544
5390	YDR431W	0.7054
5391	YDR068W	0.70531
5392	YML114C	0.70521
5393	YEL010W	0.70517
5394	YBR135W	0.70515
5395	YDR119W	0.705
5396	YMR073C	0.70499
5397	YPL283W-B	0.70496
5398	YER190C-B	0.70496
5399	YEL077W-A	0.70496
5400	YPR204C-A	0.70496
5401	YGR296C-B	0.70496
5402	YHR050W-A	0.70489
5403	YOR394C-A	0.70468
5404	YDR194W-A	0.70466
5405	YOR127W	0.70465
5406	YLR169W	0.70464
5407	YLR442C	0.70462
5408	YLR350W	0.7046
5409	YLR385C	0.70439
5410	YLR157W-D	0.70438
5411	YCR066W	0.70428
5412	YPR015C	0.70423
5413	YBR172C	0.70421
5414	YAL065C	0.70414
5415	YMR172C-A	0.70411
5416	YOR011W-A	0.70401
5417	YDR124W	0.70399
5418	YMR032W	0.70395
5419	YGR227W	0.70394
5420	YOR012W	0.70389
5421	YLR321C	0.70389
5422	YLR238W	0.70384
5423	YJR080C	0.70368
5424	YDR524C-A	0.70364
5425	YKR101W	0.70353
5426	YKL118W	0.70351
5427	YLR154W-E	0.7034
5428	YLR154W-A	0.70319
5429	YER006C-A	0.70318
5430	YLR154W-F	0.70317
5431	YJL105W	0.70307
5432	YER184C	0.70305
5433	YBR056W-A	0.70298
5434	YOR287C	0.70298
5435	YGL174W	0.70297
5436	YPR012W	0.70296
5437	YBR257W	0.70292
5438	YNL050C	0.70287
5439	YNL140C	0.70279
5440	YGR075C	0.70279
5441	YJR138W	0.70279
5442	YJL016W	0.70278
5443	YBR300C	0.70273
5444	YPL261C	0.70272
5445	YLR073C	0.70268
5446	YMR017W	0.70268
5447	YNL068C	0.70267
5448	YNL019C	0.70267
5449	YER092W	0.70258
5450	YML047C	0.70252
5451	YPR109W	0.70249
5452	YAL008W	0.70245
5453	YMR176W	0.70243
5454	YER173W	0.70238
5455	YKL169C	0.70228
5456	YKL072W	0.70214
5457	YDL044C	0.70213
5458	YFR036W-A	0.70213
5459	YBL072C	0.70209
5460	YER102W	0.70209
5461	YHR119W	0.70209
5462	YLR165C	0.70209
5463	YJR127C	0.70205
5464	YDL061C	0.70199
5465	YHL009W-A	0.70196
5466	YMR304C-A	0.70191
5467	YGL121C	0.70187
5468	YKL068W	0.70182
5469	YOR032W-A	0.70181
5470	YDR303C	0.70178
5471	YIL112W	0.70175
5472	YHR006W	0.70161
5473	YDL098C	0.7016
5474	YNL297C	0.70158
5475	YHR004C	0.70155
5476	YNL300W	0.70153
5477	Q0110	0.70152
5478	YIL071W-A	0.70145
5479	YGL168W	0.70144
5480	YDR464W	0.70142
5481	YJL019W	0.70138
5482	YPR074W-A	0.70137
5483	YDR458C	0.70136
5484	YDL219W	0.70128
5485	YDR183C-A	0.70116
5486	YER066C-A	0.70114
5487	YJL013C	0.70111
5488	YNL067W-A	0.70094
5489	YOL003C	0.70077
5490	YHR001W-A	0.70068
5491	YDL151C	0.70067
5492	YAL066W	0.70061
5493	YKL018C-A	0.7006
5494	YNL314W	0.70054
5495	YGR013W	0.70052
5496	YDL067C	0.70042
5497	YKR027W	0.70041
5498	YNL033W	0.7004
5499	YAL068W-A	0.70038
5500	YER050C	0.70036
5501	YML099W-A	0.70035
5502	YBR239C	0.70024
5503	YDL094C	0.70019
5504	YIL049W	0.70018
5505	YFL031C-A	0.70013
5506	YDL173W	0.70012
5507	YIR030C	0.70005
5508	YNL097W-A	0.7
5509	YER133W-A	0.7
5510	YOR248W	0.69986
5511	YER054C	0.69979
5512	YER076W-A	0.69975
5513	YLR466C-B	0.69966
5514	YNL295W	0.69957
5515	YJR140W-A	0.69956
5516	YJR041C	0.69954
5517	YBR012C	0.69948
5518	YDR299W	0.69942
5519	YBL113W-A	0.69942
5520	YML036W	0.69925
5521	YGL090W	0.69916
5522	YDL204W	0.69915
5523	YOR336W	0.69915
5524	YLR332W	0.69908
5525	YPL035C	0.69906
5526	YER085C	0.69903
5527	YLR256W	0.69899
5528	YBL029W	0.69893
5529	YBL090W	0.69889
5530	YMR280C	0.69877
5531	YDL107W	0.69876
5532	YGR106C	0.69873
5533	YCL001W-A	0.69871
5534	YER118C	0.69871
5535	YEL025C	0.69868
5536	YJL177W	0.69865
5537	YLR310C	0.69862
5538	YJL047C-A	0.69859
5539	YAR002W	0.69851
5540	YLR012C	0.69848
5541	YOR193W	0.69847
5542	YLR294C	0.69827
5543	YNL165W	0.69821
5544	YLR265C	0.69821
5545	YKL053W	0.69815
5546	YCR022C	0.6981
5547	YML034W	0.69803
5548	YPL102C	0.69799
5549	YMR198W	0.69796
5550	YDR138W	0.69796
5551	YGL215W	0.69795
5552	YDR176W	0.6979
5553	YOR289W	0.69787
5554	YNR037C	0.69786
5555	YMR258C	0.69785
5556	YGR227C-A	0.69777
5557	YLR381W	0.69776
5558	YHR212W-A	0.69763
5559	YAR061W	0.69763
5560	YPR021C	0.69757
5561	YHR032W-A	0.69753
5562	YKL074C	0.69725
5563	YDL012C	0.69722
5564	YGR122C-A	0.69721
5565	YPL161C	0.6972
5566	YFL032W	0.69716
5567	YCR015C	0.697
5568	YPL016W	0.69689
5569	YOR186C-A	0.69687
5570	YHR097C	0.69684
5571	YOR308C	0.69683
5572	YNL213C	0.69671
5573	YPR199C	0.69669
5574	YDR466W	0.69668
5575	YBR215W	0.69655
5576	YMR141W-A	0.69652
5577	YGR129W	0.69648
5578	YOR220W	0.69643
5579	YJR093C	0.69642
5580	YBR272C	0.69639
5581	YMR294W	0.69637
5582	YBR120C	0.69635
5583	YJR135C	0.69631
5584	YDR414C	0.69617
5585	YPR106W	0.69609
5586	YBR262C	0.69606
5587	YGR222W	0.69605
5588	YBR058C-A	0.696
5589	YIL093C	0.69596
5590	YML093W	0.6959
5591	YGL182C	0.69585
5592	YGR030C	0.69571
5593	YLR217W	0.69567
5594	YDR329C	0.6956
5595	YDR034W-B	0.69551
5596	YML029W	0.69545
5597	YBR049C	0.6954
5598	YGL007W	0.69539
5599	YJL023C	0.69532
5600	YDR261C-C	0.69529
5601	YOR231C-A	0.69527
5602	YML009C	0.69521
5603	YKL014C	0.69521
5604	YGR049W	0.69511
5605	YJL114W	0.69502
5606	YJL026C-A	0.69497
5607	YIL139C	0.69497
5608	YKL180W	0.69496
5609	YKR005C	0.69492
5610	YML083C	0.69486
5611	YJL150W	0.69484
5612	YBL073W	0.69479
5613	YBR051W	0.69477
5614	YOR058C	0.69462
5615	YHR199C-A	0.69461
5616	YGL014C-A	0.6946
5617	YDR078C	0.69459
5618	YJL038C	0.69446
5619	YGL093W	0.69439
5620	YKR030W	0.69431
5621	YAL031W-A	0.69431
5622	YHR132W-A	0.6943
5623	YER188C-A	0.69424
5624	YPL197C	0.69422
5625	YDR118W	0.69418
5626	YGL041W-A	0.69414
5627	YLR098C	0.69413
5628	YNL198C	0.69403
5629	YBL006C	0.69401
5630	YJL113W	0.69392
5631	YHL009W-B	0.69392
5632	YOR276W	0.69381
5633	YFR011C	0.69378
5634	YGR137W	0.6937
5635	YLL021W	0.69361
5636	YPR158C-C	0.69357
5637	YOL104C	0.69354
5638	YDR357C	0.69345
5639	YPL257W-A	0.6933
5640	YLR157C-A	0.6933
5641	YDR365W-A	0.6933
5642	YER137C-A	0.6933
5643	YIL031W	0.69329
5644	YOL103W-A	0.69327
5645	YDR203W	0.69327
5646	YBR084C-A	0.69322
5647	YBL027W	0.69322
5648	YLR358C	0.69311
5649	YIR021W-A	0.69298
5650	YKL141W	0.69289
5651	YBL005W	0.69286
5652	YPR122W	0.69285
5653	YDR254W	0.69283
5654	YPL257W	0.6928
5655	YKR015C	0.69268
5656	YJL073W	0.69259
5657	YNL211C	0.69237
5658	YIL002W-A	0.69231
5659	YJL049W	0.6923
5660	YFL024C	0.69223
5661	YKR019C	0.69213
5662	YHL009C	0.69208
5663	YLR424C-A	0.69207
5664	YER109C	0.69205
5665	YER097W	0.69202
5666	YGR084C	0.692
5667	YKL096C-B	0.69197
5668	YDR131C	0.69195
5669	YLR256W-A	0.69177
5670	YOR189W	0.6917
5671	YER046W	0.6916
5672	YIL030W-A	0.69156
5673	YNL235C	0.69145
5674	YDR285W	0.69145
5675	YPL278C	0.69141
5676	YOR221C	0.6914
5677	YLR173W	0.69134
5678	YNL254C	0.69129
5679	YOL089C	0.69123
5680	YIL163C	0.69121
5681	YCL014W	0.6912
5682	Q0115	0.69118
5683	YPR117W	0.69108
5684	YOL107W	0.69099
5685	YJL122W	0.69098
5686	YGL159W	0.69097
5687	YMR117C	0.69094
5688	YJL099W	0.69089
5689	YER038W-A	0.69088
5690	YBR230W-A	0.69081
5691	YOL069W	0.6908
5692	YHL025W	0.69075
5693	YML040W	0.69072
5694	YLR227W-A	0.69072
5695	YJR026W	0.69072
5696	YIL159W	0.69064
5697	YIL014C-A	0.69059
5698	YDR281C	0.69059
5699	YJL032W	0.69058
5700	YGL249W	0.69047
5701	YDR499W	0.69044
5702	YNL285W	0.69038
5703	YDR543C	0.69035
5704	YDR057W	0.69031
5705	YPR137C-A	0.69029
5706	YAR010C	0.69029
5707	YIL040W	0.69026
5708	YNL319W	0.69022
5709	YOR355W	0.69017
5710	YDR133C	0.69005
5711	YGR015C	0.69005
5712	YNL245C	0.69004
5713	YPL156C	0.68996
5714	YMR098C	0.6899
5715	YEL028W	0.68977
5716	YOR152C	0.68975
5717	YML059C	0.68975
5718	YJL146W	0.68972
5719	YPR126C	0.68971
5720	YIL141W	0.68962
5721	YNL183C	0.68953
5722	YBR233W-A	0.68933
5723	YDR005C	0.68924
5724	YIR018W	0.68923
5725	YER112W	0.68922
5726	YOR078W	0.68921
5727	YNL204C	0.68921
5728	YPL120W	0.68917
5729	YLR033W	0.68913
5730	YIL019W	0.68896
5731	YOL024W	0.68895
5732	YPL177C	0.68887
5733	YLR423C	0.68884
5734	YER035W	0.68882
5735	YPL021W	0.68879
5736	YDL158C	0.68875
5737	YEL018W	0.68859
5738	YML054C-A	0.68851
5739	YBR270C	0.68846
5740	YPL076W	0.6884
5741	YJL048C	0.68835
5742	YJL083W	0.68832
5743	YPL060C-A	0.68823
5744	YOR354C	0.68817
5745	YJR134C	0.68815
5746	YMR100W	0.68815
5747	YFR023W	0.68815
5748	YGR174W-A	0.68813
5749	YBR077C	0.68808
5750	YGL059W	0.68807
5751	YOL159C	0.68793
5752	YPL034W	0.68788
5753	YDL240C-A	0.68788
5754	YDR024W	0.68785
5755	YLR458W	0.68784
5756	YHR136C	0.68783
5757	YPR068C	0.68782
5758	YDR462W	0.68768
5759	YGR008C	0.68762
5760	YHR082C	0.6876
5761	YLR151C	0.68753
5762	YJR028W	0.68744
5763	YKR016W	0.68738
5764	YGL197W	0.68736
5765	YIR003W	0.6872
5766	YLR024C	0.68717
5767	YJR037W	0.68711
5768	YGL209W	0.6871
5769	YPR174C	0.68707
5770	YDR170W-A	0.68705
5771	YPL272C	0.68705
5772	YMR153W	0.687
5773	YOR140W	0.68684
5774	YNL058C	0.68679
5775	YKL111C	0.68676
5776	YFR039C	0.68676
5777	YPR009W	0.68675
5778	YJL209W	0.68672
5779	YDL005C	0.68668
5780	YML045W-A	0.68667
5781	YPL216W	0.68655
5782	YOL032W	0.68653
5783	YPR061C	0.68645
5784	YGR215W	0.68618
5785	YER087C-A	0.68612
5786	YOL138C	0.6861
5787	YGL006W-A	0.68607
5788	YDR017C	0.68603
5789	YDL242W	0.68599
5790	YCR108C	0.68591
5791	YJR012C	0.68577
5792	YDR098C-A	0.68575
5793	YNL024C-A	0.68573
5794	YBR012W-A	0.68573
5795	YLR211C	0.68571
5796	YDR322W	0.68566
5797	YCR032W	0.68566
5798	YPR049C	0.68561
5799	YIL149C	0.6856
5800	YLR057W	0.68558
5801	YJL020W-A	0.68552
5802	YKR020W	0.68536
5803	YDR316W-A	0.68529
5804	YGR161C-C	0.68529
5805	YMR051C	0.68529
5806	YER159C-A	0.68529
5807	YLR035C-B	0.68529
5808	YGR027W-A	0.68519
5809	YHR165C	0.68517
5810	YOR385W	0.68515
5811	YHR145C	0.68515
5812	YBR238C	0.6851
5813	YNL284C-A	0.68508
5814	YJL176C	0.68504
5815	YBL100W-C	0.6849
5816	YGR076C	0.68484
5817	YOR085W	0.68479
5818	YIL129C	0.68479
5819	YBR033W	0.68478
5820	YNL171C	0.68473
5821	YGR077C	0.68452
5822	YGR038C-A	0.68429
5823	YKL130C	0.68424
5824	YKL063C	0.68423
5825	YML108W	0.68423
5826	YDR252W	0.68416
5827	YJL205C	0.68404
5828	YMR172W	0.68393
5829	YOR129C	0.68392
5830	YGR081C	0.68391
5831	YMR147W	0.68389
5832	YMR118C	0.68382
5833	YLL044W	0.68375
5834	YDL197C	0.6837
5835	YKR046C	0.68341
5836	YKR011C	0.68338
5837	YKL106C-A	0.68337
5838	YDR076W	0.68336
5839	YMR031C	0.68315
5840	YER122C	0.68313
5841	YHR137C-A	0.68291
5842	YOL044W	0.68281
5843	YPL256C	0.68272
5844	YCR082W	0.68271
5845	YMR284W	0.68269
5846	YGR169C-A	0.68267
5847	YMR064W	0.68239
5848	YBR196C-A	0.68223
5849	YOL117W	0.68221
5850	YOR142W-A	0.68221
5851	YPR158W-A	0.68221
5852	YOR019W	0.6822
5853	YJR101W	0.68191
5854	YEL068C	0.68189
5855	YGL107C	0.68171
5856	YER186C	0.68161
5857	YDR034C-A	0.6816
5858	YDR042C	0.68153
5859	YNL172W	0.68147
5860	YBR250W	0.68142
5861	YDR469W	0.68134
5862	YLR424W	0.68131
5863	YLR036C	0.6813
5864	YDR317W	0.68116
5865	YGL214W	0.68116
5866	YDL170W	0.68099
5867	YLR437C	0.68099
5868	YDR210C-C	0.68087
5869	YFR003C	0.68076
5870	YIR024C	0.68071
5871	YAL034C	0.6806
5872	YNR063W	0.68058
5873	YER088W-B	0.68056
5874	YLR182W	0.68055
5875	YPL011C	0.6805
5876	YJR053W	0.68042
5877	YPR169W-A	0.68041
5878	YHR153C	0.68034
5879	YNL008C	0.68025
5880	YDR104C	0.68024
5881	YOL134C	0.68009
5882	YMR046C	0.67996
5883	YIL098C	0.67996
5884	YHR017W	0.67985
5885	YOL083W	0.67976
5886	YBR188C	0.67973
5887	YKL159C	0.6797
5888	YLR119W	0.67969
5889	YJL076W	0.67966
5890	YLR454W	0.67952
5891	YOR208W	0.67951
5892	YHR143W	0.6795
5893	YHR056C	0.67946
5894	YMR326C	0.67931
5895	YNR025C	0.67918
5896	YGR115C	0.67913
5897	YNL005C	0.67906
5898	YDR383C	0.67905
5899	YLR091W	0.67894
5900	YMR072W	0.67891
5901	YMR018W	0.67864
5902	YER022W	0.67862
5903	YOL040C	0.67858
5904	YCR020W-B	0.67857
5905	YDL016C	0.67856
5906	YLR082C	0.67849
5907	YGL086W	0.67846
5908	YER129W	0.67846
5909	YDR381C-A	0.67842
5910	YBR224W	0.67837
5911	YBR126W-A	0.67834
5912	YPR020W	0.67833
5913	YER153C	0.67831
5914	YDR369C	0.67822
5915	YBR219C	0.67813
5916	YPR027C	0.6781
5917	YMR052C-A	0.6781
5918	YBL005W-A	0.67805
5919	Q0297	0.67802
5920	YLL042C	0.67791
5921	YHR093W	0.67791
5922	YBR004C	0.6779
5923	YLR052W	0.67785
5924	YFR040W	0.67773
5925	YDR451C	0.67752
5926	YBR171W	0.67752
5927	YMR025W	0.67737
5928	YKL176C	0.67733
5929	YDL121C	0.67733
5930	YOR298W	0.67713
5931	YBR197C	0.677
5932	YKR054C	0.67689
5933	YML017W	0.67687
5934	YKL048C	0.67675
5935	YAR020C	0.67672
5936	YCR018C	0.67671
5937	YNL164C	0.67665
5938	YPR070W	0.67645
5939	YDL129W	0.67637
5940	YBR108W	0.67614
5941	YML113W	0.67602
5942	YMR311C	0.67597
5943	YCL028W	0.67596
5944	YLR242C	0.67593
5945	YFR042W	0.67588
5946	YPL202C	0.67581
5947	YPR007C	0.67578
5948	YMR164C	0.67574
5949	YKL101W	0.67567
5950	YIR033W	0.67565
5951	YEL009C-A	0.67564
5952	YLR313C	0.67548
5953	YPL146C	0.67545
5954	YKL061W	0.67533
5955	YPL219W	0.67526
5956	YMR107W	0.67525
5957	YHR099W	0.67515
5958	YDR169C	0.67514
5959	YLR224W	0.67509
5960	YDR202C	0.67505
5961	YLL005C	0.67496
5962	YJR086W	0.67472
5963	YIR014W	0.67472
5964	YDR379W	0.67467
5965	YBR168W	0.67455
5966	YFR032C-B	0.67454
5967	YKL020C	0.67443
5968	YBR057C	0.67443
5969	YLR146W-A	0.67436
5970	YJR106W	0.67426
5971	YLR222C-A	0.67409
5972	YLR360W	0.67406
5973	YGR016W	0.67404
5974	YBL103C	0.67392
5975	YCL022C	0.67386
5976	YOR107W	0.67383
5977	YML103C	0.67377
5978	YML128C	0.67377
5979	YHR149C	0.67361
5980	YGR150C	0.67355
5981	YBL107C	0.67354
5982	YBR182C-A	0.67351
5983	YDR371W	0.67342
5984	YHR052C-B	0.67341
5985	YHR054C-B	0.67341
5986	YJL056C	0.67339
5987	YBL059W	0.67299
5988	YNL054W-A	0.67296
5989	YMR134W	0.67296
5990	YBR066C	0.67284
5991	YGL230C	0.67267
5992	YPL174C	0.67265
5993	YHR130C	0.67262
5994	YBL093C	0.67261
5995	YLR135W	0.67206
5996	YJL066C	0.67205
5997	YGL162W	0.67198
5998	YPR142C	0.67197
5999	YKR095W	0.67191
6000	YDR505C	0.67162
6001	YLR297W	0.67144
6002	YLR227C	0.67138
6003	YGL226C-A	0.67136
6004	YOR028C	0.67127
6005	YMR059W	0.67122
6006	YDR350C	0.67118
6007	YPL075W	0.67118
6008	YGR250C	0.67111
6009	YGL151W	0.67102
6010	YMR016C	0.67101
6011	YFL049W	0.671
6012	YDL115C	0.67082
6013	YPL166W	0.67071
6014	YDR377W	0.6707
6015	YIL097W	0.67068
6016	YLR320W	0.67052
6017	YER075C	0.67041
6018	YHR131C	0.67032
6019	YJL180C	0.67032
6020	YCR097W	0.67022
6021	YHR175W-A	0.6702
6022	YIL055C	0.67014
6023	YPL189C-A	0.67014
6024	YGL073W	0.67011
6025	YOL082W	0.67004
6026	YBR083W	0.6699
6027	YPL039W	0.66989
6028	YLR408C	0.66986
6029	YHR193C-A	0.66974
6030	YNR004W	0.6696
6031	YDL050C	0.6695
6032	YLR395C	0.66947
6033	YBL063W	0.66923
6034	YDR115W	0.66922
6035	YGR089W	0.6692
6036	YDR179C	0.66915
6037	YGL229C	0.66905
6038	YPL096C-A	0.66893
6039	YPL018W	0.6689
6040	YBR131W	0.66885
6041	YCR099C	0.66879
6042	YFL063W	0.66876
6043	YDR034C-C	0.66873
6044	YIR016W	0.66858
6045	YBR072C-A	0.66853
6046	YDL056W	0.66853
6047	YDL235C	0.66843
6048	YNL013C	0.6684
6049	YOR381W-A	0.66838
6050	YIL158W	0.66832
6051	YNL156C	0.66808
6052	YOR297C	0.66805
6053	YCL020W	0.6679
6054	YDR261W-A	0.66768
6055	YMR257C	0.66766
6056	YGL066W	0.66753
6057	YOR097C	0.66737
6058	YBL048W	0.66736
6059	YDR014W-A	0.66732
6060	YDR043C	0.66723
6061	YDR307W	0.66723
6062	YCL001W	0.6672
6063	YMR151W	0.66712
6064	YHL023C	0.66702
6065	YHR182W	0.66699
6066	YOL118C	0.66679
6067	YDR529C	0.66673
6068	YDR500C	0.66671
6069	YGL042C	0.66669
6070	YKL092C	0.66664
6071	YHR159W	0.66621
6072	YGL096W	0.6661
6073	YDL152W	0.66599
6074	YGR039W	0.66562
6075	YAL063C-A	0.66548
6076	YMR193C-A	0.66544
6077	YCL061C	0.66544
6078	YOL131W	0.66543
6079	YDR348C	0.66536
6080	YDR406W-A	0.66534
6081	YMR158C-A	0.66532
6082	YKR034W	0.66529
6083	YMR191W	0.66528
6084	YOR192C-A	0.66511
6085	YOL159C-A	0.66501
6086	YDR143C	0.66499
6087	YLR263W	0.6649
6088	YLR198C	0.66483
6089	YGR151C	0.66477
6090	YDR082W	0.66464
6091	YIL144W	0.66455
6092	YDR034C	0.66454
6093	YAL027W	0.66438
6094	YMR046W-A	0.66435
6095	YDR066C	0.66428
6096	YLR185W	0.66418
6097	YBL052C	0.66418
6098	YDR235W	0.66415
6099	YMR119W	0.6641
6100	YER158W-A	0.66405
6101	YLR299C-A	0.66389
6102	YML081W	0.66384
6103	YOR170W	0.66361
6104	YJR108W	0.66355
6105	YOR266W	0.66342
6106	YLR271W	0.66341
6107	YOR333C	0.66341
6108	YGR098C	0.66337
6109	YDL073W	0.66328
6110	YIL071C	0.66328
6111	YER093C-A	0.663
6112	YNL053W	0.663
6113	YCR018C-A	0.66281
6114	YOR235W	0.66268
6115	YDR119W-A	0.66267
6116	YDL020C	0.66254
6117	YJR021C	0.66221
6118	YCR033W	0.66203
6119	YGR161W-A	0.66201
6120	YFL002W-B	0.66201
6121	YKL171W	0.66201
6122	YBR230C	0.66195
6123	YPL168W	0.6619
6124	YLR404W	0.66184
6125	YJL103C	0.66171
6126	YPL085W	0.66171
6127	YFL041W-A	0.66154
6128	YNL054W	0.66153
6129	YOR329W-A	0.66152
6130	YBL100W-A	0.66144
6131	YMR148W	0.6612
6132	YGR249W	0.66105
6133	YKL108W	0.66103
6134	YJL170C	0.66099
6135	Q0143	0.66098
6136	YEL032C-A	0.66074
6137	YLR410W-A	0.66074
6138	YGR038C-E	0.66068
6139	YDL181W	0.66055
6140	YPL253C	0.6605
6141	YIL092W	0.66046
6142	YGR140W	0.6604
6143	YIL086C	0.66029
6144	YAL032C	0.66028
6145	YKL023W	0.66018
6146	YNL070W	0.66006
6147	YMR282C	0.66001
6148	YFR012W	0.65995
6149	YOL015W	0.6598
6150	YDR166C	0.65974
6151	YNL266W	0.65962
6152	YFL019C	0.65946
6153	YMR256C	0.65919
6154	YNL210W	0.65918
6155	YLR040C	0.65912
6156	YAR014C	0.65902
6157	YDL206W	0.65902
6158	YMR066W	0.65901
6159	YDR146C	0.65898
6160	YPR095C	0.65885
6161	YBL043W	0.65855
6162	YJR107C-A	0.65846
6163	YNL196C	0.65829
6164	YDL088C	0.65828
6165	YOR169C	0.65819
6166	YML007W	0.65818
6167	YHR141C	0.65813
6168	YNL162W	0.65813
6169	YGR230W	0.65782
6170	YLR376C	0.65773
6171	YJL133C-A	0.65753
6172	YIL046W-A	0.65742
6173	YMR030W	0.65726
6174	YKL138C	0.65725
6175	YGL071W	0.65722
6176	YBL039W-B	0.65714
6177	YNL133C	0.65703
6178	YMR199W	0.65702
6179	YCL021W-A	0.65697
6180	YDL139C	0.65691
6181	YNR077C	0.65689
6182	YLR295C	0.65663
6183	YCR081W	0.65655
6184	YLR094C	0.65638
6185	YOR104W	0.65621
6186	YNL309W	0.65614
6187	YDL159W-A	0.65604
6188	YML101C-A	0.65604
6189	YDR422C	0.65587
6190	YAL010C	0.65583
6191	YMR052W	0.65578
6192	YBR225W	0.65578
6193	YOR304C-A	0.65577
6194	YPR134W	0.65543
6195	YGL176C	0.65514
6196	YLR079W	0.65505
6197	YGL005C	0.65504
6198	YGR251W	0.65495
6199	YGR134W	0.65492
6200	YNL115C	0.6549
6201	YLR219W	0.65483
6202	YJL058C	0.65461
6203	YIL101C	0.65448
6204	YGL117W	0.65442
6205	YJR092W	0.65439
6206	YLR139C	0.65428
6207	YDR123C	0.6541
6208	YPR151C	0.65405
6209	YGR275W	0.65403
6210	YDR240C	0.65399
6211	YDR201W	0.65395
6212	YHR214W-A	0.65394
6213	YLR298C	0.6539
6214	YDR210W-A	0.65389
6215	YLR424C-B	0.65387
6216	YMR299C	0.65387
6217	YKL162C	0.65382
6218	YDL199C	0.65373
6219	YPR185W	0.65366
6220	YPR013C	0.65355
6221	YOL013W-B	0.65312
6222	YAL040C	0.65293
6223	YOR343W-A	0.65293
6224	YBR173C	0.65291
6225	YOR113W	0.65291
6226	YOR350C	0.65266
6227	YKL145W-A	0.65249
6228	YPL193W	0.65242
6229	YDR069C	0.65235
6230	YDR016C	0.65233
6231	YAR068W	0.65233
6232	YNL144C	0.65218
6233	YOR137C	0.65212
6234	YFL014W	0.65182
6235	YPR084W	0.65182
6236	YNR045W	0.65167
6237	YHR167W	0.65158
6238	YGL219C	0.65154
6239	YIL127C	0.65153
6240	YBR182C	0.6513
6241	YJL118W	0.65122
6242	YIL136W	0.651
6243	YGL081W	0.65099
6244	YER028C	0.65093
6245	YIL117C	0.65086
6246	YML041C	0.65077
6247	YBR152W	0.65072
6248	YNL199C	0.65072
6249	YLR465C	0.65065
6250	YER175W-A	0.65058
6251	YBR136W	0.65055
6252	YGR079W	0.65054
6253	YJR089W	0.65015
6254	YLR201C	0.65005
6255	YKL050C	0.65001
6256	YDR532C	0.65
6257	YKL052C	0.64999
6258	YOR177C	0.64993
6259	YDR524C	0.64983
6260	YMR094W	0.64967
6261	YBL054W	0.64963
6262	YOR121C	0.64954
6263	YFL033C	0.64944
6264	YDR217C	0.64944
6265	YMR187C	0.64943
6266	YGR196C	0.64941
6267	YFR032C-A	0.64904
6268	YNR024W	0.64867
6269	YGL061C	0.64853
6270	YJR157W	0.64848
6271	YML043C	0.64838
6272	YNL157W	0.64828
6273	YGL075C	0.64795
6274	YOL109W	0.64788
6275	YML027W	0.64749
6276	YOL070C	0.64735
6277	YPL099C	0.64725
6278	YJL095W	0.64693
6279	YPR170W-A	0.64692
6280	YGR067C	0.64661
6281	YOR148C	0.64656
6282	YLR327C	0.6463
6283	YHR156C	0.6459
6284	Q0182	0.64557
6285	YDL189W	0.64542
6286	YOR030W	0.64532
6287	YIL036W	0.64524
6288	YNL105W	0.64522
6289	YOR313C	0.64488
6290	YDR461C-A	0.64488
6291	YAL016C-B	0.64487
6292	YDR065W	0.64468
6293	YER088C	0.64447
6294	YHR036W	0.64446
6295	YBR184W	0.64427
6296	YOR284W	0.64423
6297	YGR168C	0.64411
6298	YMR232W	0.64398
6299	YNL152W	0.6436
6300	YER045C	0.64336
6301	YLL003W	0.64302
6302	YBR194W	0.64299
6303	YBR124W	0.64277
6304	YIL045W	0.64271
6305	YIL102C-A	0.64254
6306	YNL100W	0.64253
6307	YPR043W	0.64242
6308	YJR094W-A	0.64242
6309	YJL207C	0.6422
6310	YPL052W	0.64217
6311	YDR088C	0.64191
6312	YBL009W	0.6418
6313	YOR032C	0.64178
6314	YLR287C-A	0.64176
6315	YOR182C	0.64176
6316	YML037C	0.64156
6317	YDR195W	0.64151
6318	YDR361C	0.6415
6319	YGR161W-C	0.64148
6320	YOR186W	0.64146
6321	YEL014C	0.64132
6322	YOR349W	0.64121
6323	YPL027W	0.64119
6324	YIL037C	0.64104
6325	YDL176W	0.64073
6326	YMR163C	0.64063
6327	YLR363W-A	0.6404
6328	YDL211C	0.64034
6329	YLR267W	0.64029
6330	YKR045C	0.64027
6331	YAL028W	0.6401
6332	YOR192C-C	0.64008
6333	YOL031C	0.63996
6334	YCL005W	0.63985
6335	YLR437C-A	0.63978
6336	YLR254C	0.6396
6337	YPR164W	0.63957
6338	YDL130W-A	0.63957
6339	YDR310C	0.6393
6340	YLR431C	0.63924
6341	YBL109W	0.63923
6342	YFR054C	0.63921
6343	YBL053W	0.63916
6344	YNL167C	0.63907
6345	YER149C	0.63881
6346	YDL133C-A	0.63878
6347	YDL184C	0.63878
6348	YPL049C	0.63863
6349	YFR019W	0.63845
6350	YDR030C	0.6382
6351	R0030W	0.63788
6352	YPL033C	0.63782
6353	YDR103W	0.63781
6354	YNL159C	0.63765
6355	YPL130W	0.63763
6356	YKL138C-A	0.63733
6357	YOR114W	0.63732
6358	YPR002C-A	0.63716
6359	YEL005C	0.63688
6360	YGR161C	0.63676
6361	YIR010W	0.6366
6362	YLR307C-A	0.63657
6363	YHR177W	0.63647
6364	YCR043C	0.63638
6365	YJR003C	0.63618
6366	YGR240C-A	0.6357
6367	YDR260C	0.63564
6368	YDR443C	0.6356
6369	YKR091W	0.63528
6370	YHR103W	0.6347
6371	YHR184W	0.63467
6372	YOR047C	0.63441
6373	YLL033W	0.63439
6374	YER121W	0.63416
6375	YHL029C	0.63371
6376	YDL082W	0.6336
6377	YFR008W	0.63358
6378	YLR131C	0.63308
6379	YLR252W	0.63303
6380	YPR044C	0.63298
6381	YER084W-A	0.63288
6382	YLR099W-A	0.63287
6383	YOR076C	0.63279
6384	YBL046W	0.63268
6385	YJL189W	0.63262
6386	YML015C	0.63261
6387	YBR056C-B	0.63253
6388	YOR053W	0.63221
6389	YEL043W	0.63179
6390	YGR142W	0.63156
6391	YDR494W	0.63155
6392	YDL224C	0.63136
6393	YMR142C	0.63133
6394	YJL149W	0.63132
6395	YPR101W	0.63012
6396	YDL169C	0.6299
6397	YBR275C	0.62951
6398	YJL110C	0.6294
6399	YLR436C	0.62938
6400	YNL197C	0.62934
6401	YFR057W	0.62912
6402	YDR374C	0.62906
6403	YOR147W	0.62892
6404	YPL070W	0.62857
6405	YDR151C	0.62849
6406	YOR342C	0.62817
6407	YOL007C	0.62803
6408	YLR042C	0.62795
6409	YKR010C	0.62755
6410	YML009W-B	0.62729
6411	YOR264W	0.62708
6412	YNL225C	0.627
6413	YGL223C	0.62683
6414	YKL062W	0.6268
6415	YLR373C	0.62679
6416	YNL091W	0.62679
6417	YGL079W	0.62678
6418	YLR353W	0.62672
6419	YBR148W	0.62665
6420	YLR230W	0.62646
6421	YPR036W-A	0.62641
6422	YPL118W	0.62601
6423	YOR073W	0.62589
6424	YGR041W	0.62585
6425	YJR030C	0.62573
6426	YDR096W	0.62566
6427	YNR009W	0.62558
6428	YLR352W	0.62501
6429	YMR135C	0.62501
6430	YBL088C	0.6249
6431	YGR179C	0.62427
6432	YPL200W	0.62386
6433	YDR216W	0.62382
6434	YOR178C	0.62366
6435	YHR079C-A	0.62357
6436	YDR457W	0.62351
6437	YKR037C	0.62338
6438	YNR014W	0.62333
6439	YKR100C	0.62303
6440	YMR204C	0.62226
6441	YER132C	0.62217
6442	YPL054W	0.62211
6443	YLR315W	0.62202
6444	YDR181C	0.6219
6445	YOR195W	0.6216
6446	YML062C	0.62095
6447	YNR049C	0.62075
6448	YGL035C	0.62071
6449	YFL021W	0.62046
6450	YJR162C	0.62046
6451	YLR273C	0.61991
6452	YPL269W	0.6199
6453	YNL042W	0.61944
6454	YLR312C	0.61927
6455	YPR171W	0.61894
6456	YLR283W	0.61882
6457	YNL046W	0.61861
6458	YLR190W	0.61843
6459	YPL201C	0.61821
6460	YHR195W	0.61818
6461	YNL195C	0.61769
6462	YDL239C	0.61731
6463	YLR018C	0.61696
6464	YOR158W	0.61693
6465	YMR179W	0.61682
6466	YCL051W	0.61681
6467	YMR219W	0.61659
6468	YLR221C	0.61619
6469	YJR005C-A	0.61615
6470	YLL047W	0.6158
6471	YJL090C	0.61569
6472	YKR078W	0.61561
6473	YOR255W	0.61533
6474	YBR007C	0.61528
6475	YBR013C	0.61517
6476	YBR140C	0.61512
6477	YMR270C	0.61499
6478	YDL027C	0.61495
6479	YPL230W	0.61481
6480	YKL204W	0.61467
6481	YOL081W	0.61451
6482	YLR031W	0.6145
6483	YCL027W	0.61415
6484	YGL194C-A	0.61393
6485	YKL162C-A	0.6138
6486	YMR124W	0.61378
6487	YJR056C	0.61372
6488	YCR065W	0.61359
6489	YDR356W	0.61357
6490	YLR282C	0.61334
6491	YER181C	0.61325
6492	YDL089W	0.61305
6493	YPL158C	0.61301
6494	YBL034C	0.613
6495	YMR174C	0.61277
6496	YDR277C	0.61264
6497	YMR160W	0.61258
6498	YDR515W	0.61245
6499	YDR014W	0.61237
6500	YNL027W	0.61222
6501	YOL091W	0.61218
6502	YBR050C	0.61197
6503	YAL031C	0.61195
6504	YGR071C	0.61154
6505	YER038C	0.61152
6506	YGL175C	0.61101
6507	YDR207C	0.61091
6508	YNL103W	0.61053
6509	YMR195W	0.61049
6510	YDL069C	0.61013
6511	Q0255	0.61011
6512	YAL024C	0.61003
6513	YJR011C	0.60973
6514	YBR130C	0.60937
6515	YER111C	0.60882
6516	YKL225W	0.60849
6517	YBR255W	0.60822
6518	YBR203W	0.60813
6519	YER044C-A	0.60771
6520	YER040W	0.60752
6521	YOL029C	0.60749
6522	YMR086W	0.60722
6523	Q0092	0.60714
6524	YKL185W	0.60591
6525	YFR017C	0.60587
6526	YHR152W	0.60566
6527	YIL119C	0.60525
6528	YDR070C	0.60523
6529	YOR023C	0.60518
6530	YPL077C	0.60499
6531	YDR227W	0.6049
6532	YJL181W	0.60487
6533	YDR113C	0.60464
6534	Q0010	0.60464
6535	YOL025W	0.60458
6536	YDR425W	0.60458
6537	YGR023W	0.60456
6538	YER158C	0.6045
6539	YOR066W	0.60448
6540	YGL138C	0.60418
6541	YKL112W	0.60398
6542	YKL068W-A	0.60393
6543	YMR075W	0.60382
6544	YBR201C-A	0.60372
6545	YDR259C	0.60362
6546	YDL223C	0.60296
6547	YEL057C	0.60288
6548	YPR005C	0.6026
6549	YNL018C	0.60216
6550	YGL023C	0.60188
6551	YPL250C	0.60181
6552	YJR083C	0.60176
6553	YDR239C	0.60136
6554	YDR446W	0.60136
6555	YOR359W	0.60126
6556	YER155C	0.6006
6557	YDR439W	0.60043
6558	YGR113W	0.6004
6559	YLR341W	0.60018
6560	YOR214C	0.59997
6561	YOR352W	0.59994
6562	YDR029W	0.59942
6563	YDR219C	0.59895
6564	YNL034W	0.59892
6565	YGR153W	0.59872
6566	YMR003W	0.59867
6567	YDR028C	0.59829
6568	YOR062C	0.59744
6569	YGL057C	0.59734
6570	YGL021W	0.59717
6571	YML058W	0.59701
6572	YNL311C	0.59682
6573	YKL093W	0.59668
6574	YLR394W	0.59647
6575	YAL047C	0.59596
6576	YIL122W	0.59553
6577	YDL186W	0.59515
6578	YPL055C	0.59437
6579	YCL044C	0.59435
6580	YLR030W	0.5939
6581	YJL144W	0.59383
6582	YGR120C	0.59328
6583	YPL068C	0.59325
6584	YFR046C	0.59312
6585	YOR324C	0.59304
6586	YJL162C	0.59281
6587	YPL014W	0.59277
6588	YBR063C	0.59277
6589	YBR047W	0.59177
6590	YPR078C	0.5917
6591	YKL042W	0.59123
6592	YGR273C	0.59018
6593	YMR144W	0.59017
6594	YNL176C	0.59005
6595	YER104W	0.58995
6596	YDR351W	0.58986
6597	YBR076W	0.58975
6598	YGR126W	0.58936
6599	YMR273C	0.58905
6600	YML009C-A	0.58694
6601	YGL128C	0.58676
6602	YDL076C	0.58577
6603	YCL063W	0.58563
6604	YLR223C	0.58539
6605	YER130C	0.58514
6606	YDR130C	0.58464
6607	YDR223W	0.58441
6608	YMR255W	0.58386
6609	YJL051W	0.5838
6610	YHR160C	0.58358
6611	YML091C	0.58316
6612	YNL076W	0.58289
6613	YLL065W	0.5823
6614	YLR334C	0.5822
6615	YGR035C	0.5821
6616	YJL185C	0.58203
6617	YKL065W-A	0.58103
6618	YHR054C	0.5806
6619	YGL222C	0.57924
6620	YNL233W	0.57899
6621	YMR036C	0.57822
6622	YBR095C	0.57803
6623	YML053C	0.57775
6624	YML109W	0.57765
6625	YPL066W	0.57622
6626	YDR022C	0.5762
6627	YOL036W	0.5761
6628	YBR156C	0.57578
6629	YHR014W	0.57547
6630	YPL255W	0.57526
6631	YLR102C	0.57481
6632	YDR184C	0.57463
6633	YGR239C	0.57311
6634	YPL071C	0.57303
6635	YPR158W	0.57302
6636	YDR249C	0.57285
6637	YIL146C	0.57273
6638	YPL223C	0.57252
6639	YKR022C	0.57243
6640	YKL105C	0.57203
6641	YOR372C	0.57198
6642	YDR275W	0.57179
6643	YNL214W	0.57159
6644	YER124C	0.57119
6645	YPL089C	0.57092
6646	YBR165W	0.5707
6647	YLR445W	0.56976
6648	YER167W	0.5695
6649	YPR065W	0.56899
6650	Q0144	0.56881
6651	YPR046W	0.56863
6652	YBR045C	0.56776
6653	YPL180W	0.5658
6654	YLR053C	0.5655
6655	YDR186C	0.56506
6656	YPR145C-A	0.56494
6657	YJL147C	0.56446
6658	YGR221C	0.56433
6659	YER106W	0.56417
6660	YNL074C	0.5634
6661	YPR008W	0.56251
6662	YHR157W	0.56243
6663	YIL135C	0.56206
6664	YJL089W	0.56189
6665	YFL012W	0.56146
6666	YLR257W	0.56112
6667	YKR077W	0.56061
6668	YBL031W	0.5598
6669	YMR037C	0.5595
6670	YIR025W	0.5571
6671	YPL159C	0.55645
6672	YDR528W	0.55529
6673	YPL267W	0.55487
6674	YLR049C	0.55424
6675	YKL023C-A	0.5539
6676	YDR085C	0.55356
6677	YNL078W	0.55277
6678	YOR044W	0.5521
6679	YJL161W	0.55184
6680	YML119W	0.55071
6681	YMR206W	0.55016
6682	YNL188W	0.55014
6683	YBR071W	0.5501
6684	YMR175W	0.54958
6685	YDL180W	0.54852
6686	YML112W	0.54831
6687	YHR061C	0.54734
6688	YBR211C	0.54689
6689	YER033C	0.54531
6690	YGL015C	0.54443
6691	YPL121C	0.54192
6692	YDR480W	0.54041
6693	YPL124W	0.53848
6694	YMR136W	0.53789
6695	YDR309C	0.53746
6696	YOR279C	0.53719
6697	YML006C	0.53719
6698	YLR457C	0.53668
6699	YBR285W	0.533
6700	YOR315W	0.5307
6701	YKL109W	0.52928
6702	YER180C	0.52403
6703	YPR083W	0.52103
6704	YPL229W	0.51909
6705	YBL081W	0.5175
6706	YER032W	0.51725
6707	YNR010W	0.51626
6708	YGL036W	0.51612
6709	Q0140	0.51602
6710	YML003W	0.51532
6711	YNL146W	0.51402
6712	YOL106W	0.51367
6713	YHR185C	0.51047
6714	YFR036W	0.50949
6715	YGL170C	0.50827
6716	YIL152W	0.50382
6717	YMR181C	0.50371
6718	YER079W	0.50023
6719	YBR157C	0.49065
6720	YMR252C	0.48709
6721	YBR138C	0.4853
6722	YKR075C	0.4813
6723	YMR081C	0.47565
6724	Q0032	0.46693
6725	YGR146C	0.45991
6726	YJR094C	0.4435
6727	YDL007C-A	0.43317
6728	YMR106W-A	0.32374
6729	YNL155C-A	0.32374
6730	YDL204W-A	0.32374
6731	YNL040C-A	0.32374
6732	YGR016C-A	0.32374
6733	YFR035W-A	0.32374
