rank	yeast_gene	cosine
1	YPL218W	0.93108
2	YBR241C	0.93075
3	YDL192W	0.92558
4	YDL137W	0.92502
5	YPL203W	0.92383
6	YBR164C	0.92081
7	YKR059W	0.91786
8	YDR345C	0.91606
9	YKL190W	0.9151
10	YPR183W	0.9143
11	YJL164C	0.91424
12	YHR092C	0.91399
13	YLR229C	0.91395
14	YHR094C	0.91249
15	YDL047W	0.91177
16	YPR165W	0.91143
17	YGL256W	0.91059
18	YNL189W	0.90928
19	YGL008C	0.90927
20	YDR343C	0.90908
21	YOR094W	0.90903
22	YDR342C	0.90876
23	YJL214W	0.90876
24	YPR192W	0.90868
25	YMR034C	0.90815
26	YLR081W	0.9079
27	YJL108C	0.90776
28	YHL047C	0.90734
29	YPL036W	0.90713
30	YDL006W	0.90693
31	YOR089C	0.90671
32	YMR011W	0.90648
33	YNL090W	0.90618
34	YKL024C	0.90574
35	YER072W	0.90567
36	YDR373W	0.90547
37	YDL245C	0.9052
38	YFL011W	0.90506
39	YFL039C	0.90491
40	YLR234W	0.90481
41	YJR158W	0.90468
42	YDL134C	0.90465
43	YLR113W	0.90428
44	YPR182W	0.90428
45	YBR160W	0.90412
46	YHR096C	0.90399
47	YDL126C	0.90378
48	YIL170W	0.90274
49	YOL156W	0.90243
50	YER133W	0.90238
51	YNR072W	0.90236
52	YGR105W	0.90223
53	YEL069C	0.90135
54	YPR204W	0.90122
55	YMR290C	0.9011
56	YOR257W	0.90064
57	YPL031C	0.90063
58	YMR109W	0.90052
59	YBR109C	0.90041
60	YDR021W	0.90016
61	YJL219W	0.90015
62	YFL038C	0.8998
63	YDR040C	0.89949
64	YBR261C	0.89932
65	YGL058W	0.89931
66	YDL084W	0.89922
67	YHR030C	0.89901
68	YDR075W	0.89849
69	YNL112W	0.89848
70	YDL108W	0.89847
71	YBL112C	0.8984
72	YHR218W-A	0.8984
73	YHL040C	0.8982
74	YER125W	0.89811
75	YGR123C	0.89805
76	YLL053C	0.8977
77	YMR079W	0.89768
78	YDR155C	0.89767
79	YOR204W	0.89685
80	YOR185C	0.89684
81	YDR039C	0.89657
82	YAL020C	0.89631
83	YDL128W	0.89617
84	YOR378W	0.8958
85	YGL225W	0.89579
86	YKR039W	0.89566
87	YPR113W	0.89551
88	YGL255W	0.89527
89	YLL060C	0.89513
90	YDL166C	0.89501
91	YLR347C	0.89495
92	YJL167W	0.89492
93	YER020W	0.89492
94	YML018C	0.89484
95	YFL055W	0.89483
96	YNL209W	0.8948
97	YLR293C	0.8948
98	YDL229W	0.89461
99	YBL016W	0.89449
100	YMR015C	0.89439
101	YLL028W	0.89417
102	YDR038C	0.89408
103	YNL290W	0.89397
104	YLR466W	0.89384
105	YGR281W	0.8938
106	YER119C	0.89347
107	YOR046C	0.89327
108	YER060W-A	0.89303
109	YBR082C	0.89273
110	YMR222C	0.89264
111	YEL077C	0.89229
112	YBR187W	0.89192
113	YGR218W	0.89184
114	YNL098C	0.89175
115	YDR196C	0.89098
116	YDR536W	0.89085
117	YPL058C	0.8907
118	YMR292W	0.89065
119	YER009W	0.8906
120	YKL166C	0.8904
121	YER039C	0.89037
122	YNL268W	0.89034
123	YCR010C	0.8903
124	YMR246W	0.89013
125	YAR002C-A	0.89005
126	YGL167C	0.88962
127	YOL075C	0.88952
128	YER031C	0.88933
129	YDL188C	0.88926
130	YML012W	0.88897
131	YLR147C	0.88871
132	YFL058W	0.88869
133	YPL119C	0.88849
134	YNL010W	0.88838
135	YDL244W	0.88835
136	YDR404C	0.88834
137	YBL075C	0.88834
138	YER060W	0.88834
139	YKL129C	0.88807
140	YHL050C	0.888
141	YLR438C-A	0.88795
142	YNL332W	0.88793
143	YOR161C	0.8879
144	YDR092W	0.88782
145	YER190W	0.88758
146	YIL121W	0.88752
147	YCR098C	0.88742
148	YJL196C	0.88741
149	YGR138C	0.8874
150	YJR156C	0.88738
151	YPL234C	0.88732
152	YER177W	0.8873
153	YNL135C	0.88716
154	YPL051W	0.88713
155	YDR185C	0.88671
156	YEL063C	0.88668
157	YDL064W	0.88662
158	YPL246C	0.8865
159	YJL034W	0.88649
160	YGL210W	0.8864
161	YHR070W	0.88638
162	YDL055C	0.88627
163	YKR002W	0.88626
164	YGL054C	0.88617
165	YOL158C	0.88594
166	YPL266W	0.88586
167	YDL029W	0.88583
168	YDR059C	0.88576
169	YCL025C	0.88572
170	YPL061W	0.88551
171	YEL066W	0.88531
172	YJL014W	0.8853
173	YDR519W	0.88529
174	YGL120C	0.88529
175	YER056C	0.8851
176	YAL005C	0.88509
177	YGR040W	0.88506
178	YML102W	0.88487
179	YLL024C	0.88486
180	YNR002C	0.88475
181	YGL253W	0.8847
182	YAL026C	0.88467
183	YPR173C	0.88462
184	YGR231C	0.88445
185	YLL067C	0.88421
186	YOR348C	0.88416
187	YNL093W	0.88416
188	YGL001C	0.88407
189	YML123C	0.88387
190	YDR129C	0.88375
191	YKL218C	0.88372
192	YGR282C	0.88368
193	YOR122C	0.88366
194	YHR169W	0.88357
195	YDR424C	0.88356
196	YNL270C	0.88345
197	YER103W	0.88344
198	YOL038W	0.88343
199	YPL264C	0.88336
200	YER036C	0.88329
201	YGR208W	0.88312
202	YDL097C	0.88311
203	YKL196C	0.88305
204	YHL016C	0.88252
205	YER166W	0.8825
206	YNL307C	0.88247
207	YHR110W	0.88238
208	YML001W	0.88226
209	YJL050W	0.88222
210	YJR124C	0.88217
211	YGR152C	0.88217
212	YDL160C	0.88214
213	YNR055C	0.88213
214	YIR036C	0.88203
215	YHR200W	0.88147
216	YJR058C	0.88141
217	YGR055W	0.88134
218	YJL001W	0.88125
219	YGR252W	0.88124
220	YGL087C	0.88106
221	YPL017C	0.88105
222	YMR279C	0.88096
223	YHR057C	0.88084
224	YER026C	0.88084
225	YJR105W	0.88071
226	YHR128W	0.88068
227	YLR170C	0.88063
228	YPL275W	0.88059
229	YBL113C	0.88053
230	YCR009C	0.88021
231	YPL106C	0.88019
232	YBR080C	0.88014
233	YDR099W	0.88013
234	YGR191W	0.88009
235	YMR300C	0.88002
236	YPR069C	0.87987
237	YFL005W	0.87984
238	YPR138C	0.87983
239	YER089C	0.87965
240	YHL003C	0.87947
241	YNL288W	0.87942
242	YBR296C	0.87935
243	YNL142W	0.8793
244	YDR497C	0.87927
245	YDL022W	0.87884
246	YDR046C	0.87881
247	YBR169C	0.87868
248	YOR381W	0.87863
249	YIL177C	0.87854
250	YOR317W	0.8785
251	YDR394W	0.87844
252	YNL014W	0.8784
253	YJL225C	0.87824
254	YFR053C	0.87784
255	YDR328C	0.87764
256	YLR397C	0.87753
257	YDR226W	0.87743
258	YHR106W	0.87742
259	YLR130C	0.8774
260	YDR384C	0.87738
261	YER148W	0.87737
262	YKL033W-A	0.87728
263	YLL066C	0.87719
264	YER159C	0.87715
265	YJR065C	0.87692
266	YHR018C	0.87691
267	YLR249W	0.87685
268	YDR135C	0.87682
269	YDR139C	0.87676
270	YOR197W	0.87675
271	YLL026W	0.87671
272	YER185W	0.8767
273	YOR153W	0.87668
274	YER019W	0.87667
275	YOL021C	0.87666
276	YAL061W	0.87657
277	YDR406W	0.87657
278	YLL050C	0.87636
279	YLR034C	0.87629
280	YOR270C	0.87626
281	YDL222C	0.87619
282	YGL200C	0.87618
283	YDL230W	0.87615
284	YKL145W	0.87612
285	YAL038W	0.87605
286	YLR168C	0.87599
287	YBR252W	0.87578
288	YEL046C	0.87577
289	YEL031W	0.87577
290	YGR248W	0.87569
291	YGR211W	0.87554
292	YER023W	0.87548
293	YHR007C	0.87545
294	YHR218W	0.87539
295	YBR008C	0.8752
296	YOL094C	0.87506
297	YBL026W	0.87505
298	YML133C	0.87503
299	YOR061W	0.87491
300	YKL217W	0.87487
301	YDR456W	0.87482
302	YDR508C	0.87473
303	YLR193C	0.87469
304	YEL070W	0.87466
305	YNR073C	0.87466
306	YDR540C	0.87451
307	YIL009W	0.8744
308	YOL103W	0.87438
309	YOR362C	0.87437
310	YHR065C	0.87425
311	YPR052C	0.87423
312	YGL048C	0.87422
313	YIL120W	0.87418
314	YKL146W	0.87412
315	YGL091C	0.8741
316	Q0130	0.87407
317	YIL148W	0.87403
318	YKR094C	0.87403
319	YER107C	0.87399
320	YOR388C	0.87392
321	YDL100C	0.87391
322	YOR224C	0.87387
323	YDR454C	0.87386
324	YDR353W	0.87376
325	YDR545W	0.87374
326	YLR467W	0.87374
327	YOR396W	0.87374
328	YOR273C	0.87373
329	YBL102W	0.87367
330	YFL066C	0.87347
331	YBL071W-A	0.8733
332	YKL104C	0.87325
333	YLR058C	0.87322
334	YOR117W	0.8732
335	YJR074W	0.87315
336	YHR163W	0.87312
337	YOL122C	0.87309
338	YFR014C	0.87298
339	YJL026W	0.8729
340	YDR011W	0.87285
341	YGL070C	0.87283
342	YOL162W	0.87281
343	YCR020C-A	0.87276
344	YDR341C	0.87242
345	YER099C	0.87238
346	YOL143C	0.87221
347	YGR224W	0.87218
348	YNL339C	0.8719
349	YPL283C	0.87185
350	YGR296W	0.87181
351	YEL064C	0.8718
352	YER110C	0.87179
353	YNL274C	0.87175
354	YFL045C	0.87172
355	YOR157C	0.87168
356	YPR051W	0.87154
357	YNR032W	0.8715
358	YOR347C	0.87142
359	YER081W	0.8714
360	YML124C	0.87137
361	YBL021C	0.87126
362	YGR121C	0.87122
363	YER090W	0.87116
364	YFL017W-A	0.87097
365	YKR105C	0.87097
366	YKL220C	0.87092
367	YPL244C	0.87087
368	YEL058W	0.87084
369	YBR298C	0.8708
370	YBR019C	0.87079
371	YML085C	0.87076
372	YPR156C	0.87059
373	YER062C	0.87054
374	YNL330C	0.87053
375	YGR213C	0.8705
376	YIL003W	0.87049
377	YML022W	0.87043
378	YGR253C	0.87041
379	YDL125C	0.87039
380	YGL063W	0.87035
381	YOR283W	0.87031
382	YJL213W	0.87028
383	YOL084W	0.87028
384	YLR258W	0.87015
385	YML069W	0.87015
386	YOR084W	0.87015
387	YER057C	0.87009
388	YIR042C	0.86991
389	YDR510W	0.86988
390	YJL121C	0.86988
391	YOR380W	0.86988
392	YLR011W	0.86973
393	YJR045C	0.86966
394	YFR018C	0.86965
395	YNL006W	0.8696
396	YBR089C-A	0.86953
397	YOR187W	0.8695
398	YDL168W	0.86941
399	YLR216C	0.86937
400	YGR060W	0.86927
401	YPR145W	0.86917
402	YCR059C	0.86916
403	YOL151W	0.8691
404	YJR112W-A	0.86906
405	YER095W	0.86901
406	YJL030W	0.86891
407	YGL011C	0.86861
408	YKL094W	0.86861
409	YNL113W	0.86854
410	YKL216W	0.86848
411	YLR237W	0.86847
412	YOR131C	0.86846
413	YGR210C	0.86846
414	YJR152W	0.86842
415	YCL040W	0.86833
416	YEL027W	0.86832
417	YFR009W	0.86829
418	YDL164C	0.86797
419	YHR032W	0.86784
420	YCR047C	0.86775
421	YBR154C	0.86756
422	YBL030C	0.86752
423	YMR071C	0.86743
424	YJL094C	0.8672
425	YLR303W	0.86715
426	YER165W	0.86707
427	YJR073C	0.86703
428	YDR002W	0.86698
429	YNR060W	0.86687
430	YBL024W	0.86687
431	YDR297W	0.86684
432	YIL043C	0.86681
433	YBR106W	0.86681
434	YIL078W	0.86681
435	YOR259C	0.86672
436	YER052C	0.86667
437	YBR126C	0.86662
438	YDR238C	0.86656
439	YPL154C	0.86656
440	YER171W	0.86652
441	YPR103W	0.86641
442	YDR090C	0.86625
443	YGL220W	0.86612
444	YEL065W	0.8661
445	YDL182W	0.86601
446	YBR243C	0.86598
447	YDL001W	0.86594
448	YDR084C	0.86585
449	YNL024C	0.86576
450	YAR007C	0.86572
451	YHR005C	0.86561
452	YPR062W	0.86553
453	YGL002W	0.8655
454	YOL147C	0.86544
455	YHL011C	0.86536
456	YFL056C	0.86534
457	YGL047W	0.86534
458	YIL053W	0.86524
459	YNR003C	0.86523
460	YHR050W	0.86517
461	YNR070W	0.86512
462	YEL030W	0.86512
463	YPL067C	0.86482
464	YPL245W	0.86481
465	YBL050W	0.86478
466	YOR126C	0.86466
467	YOR159C	0.86458
468	YOL139C	0.86447
469	YER012W	0.86446
470	YMR056C	0.86437
471	YIR028W	0.86434
472	YIL143C	0.86433
473	YGL106W	0.8643
474	YBL091C-A	0.86424
475	YDR272W	0.86424
476	YNL255C	0.86415
477	YMR226C	0.86413
478	YGR065C	0.8641
479	YJR017C	0.86404
480	YBL111C	0.86393
481	YBL078C	0.86391
482	YOL030W	0.8639
483	YMR116C	0.86375
484	YMR146C	0.86375
485	YJR068W	0.86373
486	YAL060W	0.86371
487	YFL026W	0.8637
488	YPL129W	0.8636
489	YLR153C	0.86354
490	YKL046C	0.86353
491	YKR080W	0.86347
492	YDR375C	0.86345
493	YAL023C	0.86339
494	YNL241C	0.86333
495	YJR025C	0.86332
496	YCL073C	0.86326
497	YMR271C	0.86321
498	YAL049C	0.86312
499	YER086W	0.86312
500	YDR388W	0.86309
501	YGL078C	0.86308
502	YKR093W	0.86293
503	YFR015C	0.8629
504	YNL281W	0.86289
505	YCR028C	0.86271
506	YOR339C	0.86267
507	YLR092W	0.86266
508	YDR033W	0.86265
509	YER004W	0.86263
510	YDR177W	0.86254
511	YDR541C	0.8625
512	YBL068W	0.86239
513	YDR304C	0.86236
514	YJL055W	0.86228
515	YER145C	0.86223
516	YIR035C	0.86216
517	YBR222C	0.86212
518	YML057W	0.8621
519	YGR234W	0.8621
520	YGL097W	0.86206
521	YKR106W	0.86201
522	YBL036C	0.86199
523	YGR124W	0.86193
524	YPL274W	0.86192
525	YEL051W	0.86191
526	YCL069W	0.86191
527	Q0275	0.86183
528	YPL259C	0.8618
529	YCL035C	0.86179
530	YDR086C	0.86179
531	YDR093W	0.86174
532	YGL157W	0.8617
533	YGR132C	0.8615
534	YGR296C-A	0.86148
535	YPL283W-A	0.86148
536	YML133W-A	0.86148
537	YNL339W-A	0.86148
538	YER190C-A	0.86148
539	YBR085W	0.86145
540	YBR034C	0.86144
541	YPL199C	0.86143
542	YKR053C	0.86119
543	YER174C	0.86113
544	YPL276W	0.86108
545	YMR183C	0.8609
546	YDR091C	0.86076
547	YHR026W	0.86075
548	YGL039W	0.86073
549	YHR135C	0.86072
550	YNL202W	0.86054
551	YML116W	0.86045
552	YCR073W-A	0.86045
553	YGL012W	0.86041
554	YIL116W	0.86036
555	YOR328W	0.86036
556	YGR175C	0.86034
557	YEL021W	0.86023
558	YJR153W	0.86019
559	YHR019C	0.86019
560	YFL037W	0.85993
561	YBR068C	0.85989
562	YGR207C	0.85987
563	YEL037C	0.85986
564	YLR213C	0.85985
565	YER146W	0.85975
566	YGL211W	0.85971
567	YGR043C	0.85968
568	YLR348C	0.85963
569	YNL095C	0.85933
570	YGL126W	0.85931
571	YCR048W	0.85927
572	YHR107C	0.85925
573	YOR326W	0.85924
574	YNL323W	0.85923
575	YGR260W	0.85915
576	YBR295W	0.85913
577	YBR038W	0.85913
578	YDR516C	0.85899
579	YGL062W	0.85898
580	YEL013W	0.85896
581	YJR001W	0.8589
582	YLR126C	0.85888
583	YDL144C	0.85887
584	YMR308C	0.85886
585	YPL265W	0.85882
586	YDL210W	0.8588
587	YFL067W	0.85867
588	YKL078W	0.85864
589	YPL175W	0.85862
590	YPL232W	0.85862
591	YFL017C	0.85858
592	YNL264C	0.85847
593	YDR339C	0.85845
594	YIL001W	0.8584
595	YIL065C	0.85838
596	YGL221C	0.85835
597	YNL044W	0.85824
598	YJR015W	0.85818
599	YOR192C	0.85813
600	YHR219W	0.85805
601	YOL055C	0.85805
602	YMR307W	0.85801
603	YAL054C	0.85799
604	YER073W	0.85791
605	YGL234W	0.8579
606	YHR175W	0.85789
607	YMR080C	0.85783
608	YPL046C	0.85777
609	YEL011W	0.85768
610	YBR159W	0.85762
611	YOR013W	0.85761
612	YCR060W	0.8576
613	YLR268W	0.85756
614	YNL125C	0.85748
615	YNL064C	0.85748
616	YMR095C	0.85733
617	YLL056C	0.8573
618	YDL052C	0.85729
619	YNR050C	0.85726
620	YJR049C	0.85722
621	YDL102W	0.8572
622	YPR149W	0.85717
623	YLR200W	0.85716
624	YAR073W	0.85712
625	YNR053C	0.85705
626	YBR043C	0.85703
627	YOL133W	0.85702
628	YPL015C	0.85702
629	YMR205C	0.85702
630	YDL057W	0.85701
631	YPR041W	0.85692
632	YLR251W	0.8569
633	YKR026C	0.8568
634	YBR054W	0.85677
635	YGR256W	0.85674
636	YPR035W	0.85671
637	YJL218W	0.85669
638	YOR323C	0.85668
639	YDL131W	0.85668
640	YMR266W	0.85665
641	YDR258C	0.8566
642	YNL275W	0.85652
643	YJR104C	0.85638
644	YHR183W	0.85625
645	YMR243C	0.85625
646	YLR208W	0.85624
647	YBR218C	0.85622
648	YNL244C	0.85618
649	YJR159W	0.85614
650	YJL198W	0.8561
651	YJR143C	0.85607
652	YIL124W	0.85606
653	YGR289C	0.85605
654	YPL092W	0.85604
655	YER043C	0.85594
656	YIL074C	0.85592
657	YGL163C	0.8559
658	YIL118W	0.85578
659	YER143W	0.85571
660	YJL035C	0.85563
661	YML021C	0.85563
662	YJL212C	0.85561
663	YBR264C	0.85557
664	YKL128C	0.85552
665	YER055C	0.85547
666	YCL074W	0.85542
667	YJR069C	0.85541
668	YGR185C	0.85541
669	YLR157C	0.85531
670	YLR158C	0.85531
671	YLR155C	0.85531
672	YLR160C	0.85531
673	YIR022W	0.8553
674	YBR263W	0.85511
675	YOR027W	0.85509
676	YLL061W	0.85505
677	YEL038W	0.85503
678	YCR021C	0.85502
679	YCL010C	0.85498
680	YJR160C	0.85496
681	YNR064C	0.85492
682	YGR203W	0.85481
683	YFR004W	0.8548
684	YJR095W	0.85473
685	YOR071C	0.85471
686	YEL034W	0.85469
687	YDR300C	0.85468
688	YPR082C	0.85464
689	YLR069C	0.85453
690	YPL226W	0.8545
691	YHR189W	0.8545
692	YLR005W	0.85445
693	YNR057C	0.85444
694	YPR086W	0.85438
695	YBR294W	0.85432
696	YCL033C	0.85421
697	YPL169C	0.85421
698	YMR236W	0.85419
699	YHR044C	0.85417
700	YDL246C	0.85417
701	YEL026W	0.85413
702	YGR267C	0.85411
703	YGL043W	0.8541
704	YBR020W	0.85406
705	YGR131W	0.85403
706	YBL042C	0.85402
707	YCR034W	0.85401
708	YBR265W	0.85385
709	YLR433C	0.85385
710	YJL111W	0.85383
711	YGR180C	0.8538
712	YER003C	0.85372
713	YHR043C	0.85371
714	YMR203W	0.8537
715	YMR315W	0.8537
716	YDR074W	0.85366
717	YKL127W	0.85362
718	YDR397C	0.85358
719	YPR028W	0.85355
720	YDR120C	0.85352
721	YNL111C	0.8535
722	YOR321W	0.85343
723	YOR092W	0.85331
724	YLR186W	0.85321
725	YDR270W	0.85314
726	YMR221C	0.85306
727	YML078W	0.85305
728	YAR035W	0.85301
729	YMR235C	0.85301
730	YML008C	0.85292
731	YCR057C	0.85287
732	YBR221C	0.85278
733	YHR132C	0.85272
734	YML106W	0.85266
735	YBR145W	0.85262
736	YOR236W	0.85245
737	YML079W	0.85231
738	YOL097C	0.85231
739	YBR210W	0.85229
740	YIL109C	0.85202
741	YGL130W	0.85197
742	YER094C	0.85193
743	YOR087W	0.8519
744	YMR278W	0.8519
745	YER074W-A	0.85185
746	YOL066C	0.85183
747	YLR245C	0.85174
748	YKL157W	0.85172
749	YLR059C	0.85161
750	YDL018C	0.8516
751	YPL206C	0.85159
752	YBL041W	0.85151
753	YPL028W	0.8515
754	YMR108W	0.85149
755	YFL061W	0.85142
756	YNL335W	0.85142
757	YKL001C	0.85133
758	YDR294C	0.85131
759	YIL064W	0.85124
760	YCR027C	0.85122
761	YMR202W	0.8512
762	YDR063W	0.85112
763	YBR088C	0.85108
764	YGL006W	0.85107
765	YOR133W	0.85106
766	YCR011C	0.85085
767	YNL130C	0.85084
768	YIR012W	0.85064
769	YOL110W	0.85064
770	YLL063C	0.85061
771	YOL002C	0.85059
772	YMR301C	0.85054
773	YOR101W	0.85049
774	YOL132W	0.85041
775	YIR026C	0.85039
776	YPR108W	0.85022
777	YDL007W	0.8502
778	YBL076C	0.8502
779	YDL087C	0.85017
780	YLL018C	0.85007
781	YLR326W	0.85004
782	YER178W	0.85004
783	YMR138W	0.84991
784	YBR021W	0.8499
785	YJL134W	0.84989
786	YMR276W	0.84985
787	YCR012W	0.84984
788	YBR256C	0.84976
789	YOL164W	0.84974
790	YFL018C	0.84968
791	YDR411C	0.84966
792	YDL095W	0.84963
793	YIR037W	0.8496
794	YHR063C	0.84959
795	YGL186C	0.84957
796	YLR134W	0.84953
797	YDL212W	0.8495
798	YCL036W	0.8495
799	YDL236W	0.84941
800	YPR193C	0.84934
801	YMR314W	0.84932
802	YCL009C	0.84931
803	YGR197C	0.8493
804	YML094W	0.84912
805	YNR034W	0.84911
806	YLR244C	0.84911
807	YMR238W	0.84905
808	YNR071C	0.84905
809	YOR103C	0.84893
810	YBR006W	0.84889
811	YDL201W	0.84887
812	YHR123W	0.84887
813	YPL258C	0.84876
814	YDR062W	0.84873
815	YPL010W	0.84873
816	YER015W	0.84867
817	YIL162W	0.84864
818	YIL020C	0.84863
819	YLR137W	0.8486
820	YMR058W	0.84857
821	YDR045C	0.84855
822	YLR338W	0.84855
823	YDL103C	0.84853
824	YBL091C	0.84853
825	YGR279C	0.84852
826	YIL088C	0.84849
827	YBR235W	0.84847
828	YJL024C	0.84845
829	YLL055W	0.84839
830	YDR276C	0.84836
831	YKR043C	0.84834
832	YMR197C	0.84831
833	YER179W	0.8483
834	YJL217W	0.8483
835	YPL221W	0.8483
836	YJL012C	0.84816
837	YMR318C	0.84816
838	YAL042W	0.84815
839	YLR004C	0.84813
840	YOL137W	0.84812
841	YKR014C	0.84812
842	YCR075C	0.8481
843	YLR411W	0.84809
844	YHR042W	0.84793
845	YPL213W	0.84792
846	YBR287W	0.84788
847	YFL060C	0.84784
848	YGR135W	0.84773
849	YHR047C	0.8477
850	YLR195C	0.84768
851	YMR210W	0.84766
852	YBR114W	0.84766
853	YGL137W	0.84766
854	YNL072W	0.84763
855	YPR121W	0.84757
856	YOL065C	0.84756
857	YDL243C	0.84756
858	YNL154C	0.84748
859	YML101C	0.84745
860	YGL099W	0.84736
861	YJR139C	0.84736
862	YLL008W	0.84727
863	Q0045	0.84719
864	YKL039W	0.84714
865	YGL017W	0.84714
866	YKR038C	0.84712
867	YIL165C	0.8471
868	YCR051W	0.84706
869	YGR100W	0.84701
870	YOL005C	0.84693
871	YPL235W	0.84684
872	YAL016W	0.84684
873	YOL086C	0.84677
874	YIL160C	0.84673
875	YGR247W	0.84673
876	YNL134C	0.84668
877	YGR163W	0.84666
878	YJL216C	0.84662
879	YOR128C	0.8466
880	YBR137W	0.84654
881	YKL207W	0.84645
882	YNL237W	0.84641
883	YDR313C	0.8464
884	YER025W	0.84639
885	YGR007W	0.84636
886	YDR438W	0.84632
887	YNL334C	0.84627
888	YOL016C	0.84625
889	YIL048W	0.84622
890	YPL111W	0.84619
891	YKL152C	0.84617
892	YMR288W	0.84615
893	YMR297W	0.84611
894	YDR050C	0.8461
895	YLR289W	0.84608
896	YPL006W	0.84607
897	YLR291C	0.84601
898	YDR098C	0.84584
899	YGL201C	0.84583
900	YMR054W	0.84582
901	YHR048W	0.84579
902	YNL108C	0.84579
903	YDL086W	0.84579
904	YLR044C	0.84578
905	YBR202W	0.84577
906	YOR375C	0.8457
907	YLR438W	0.8457
908	YJR148W	0.84561
909	YPR033C	0.84557
910	YIL021W	0.84552
911	YBR249C	0.84549
912	YPR088C	0.84542
913	YMR105C	0.84533
914	YDL123W	0.84533
915	YPL094C	0.8453
916	YMR169C	0.84527
917	YJR047C	0.84523
918	YDR158W	0.84521
919	YIL155C	0.84517
920	YDL247W	0.84514
921	YNR048W	0.8451
922	YDR408C	0.84504
923	YDR037W	0.84498
924	YGL022W	0.84491
925	YBL057C	0.84487
926	YNR043W	0.84482
927	YBR242W	0.8448
928	YML125C	0.84479
929	YLR209C	0.84476
930	YMR090W	0.84468
931	YJR063W	0.84463
932	YHR190W	0.8446
933	YGR031W	0.8446
934	YLR354C	0.84454
935	YMR305C	0.84452
936	YPR181C	0.84451
937	YPR194C	0.8445
938	YLR188W	0.84448
939	YNL123W	0.84445
940	YML014W	0.84442
941	YJL033W	0.84439
942	YGL100W	0.84435
943	YHR064C	0.84432
944	YBR078W	0.84432
945	YBL082C	0.84431
946	YDR047W	0.84427
947	YGR020C	0.84425
948	YNL148C	0.84418
949	YML068W	0.84417
950	YFL053W	0.84416
951	YCL017C	0.84412
952	YJR077C	0.8441
953	YPR016C	0.844
954	YLR432W	0.84395
955	YJL145W	0.84394
956	YBR228W	0.84392
957	YDR214W	0.84391
958	YGL252C	0.84391
959	YML080W	0.8439
960	YMR285C	0.8439
961	YDR023W	0.84381
962	YLR060W	0.84378
963	YBR196C	0.84375
964	YHR013C	0.84374
965	YPR188C	0.84369
966	YGL026C	0.8436
967	YPL204W	0.84358
968	YJR116W	0.84352
969	YLR046C	0.84348
970	YDR321W	0.84348
971	YHR208W	0.84332
972	YPR160W	0.84327
973	YDR402C	0.84327
974	YBR029C	0.84325
975	YKL184W	0.84324
976	YJL143W	0.8431
977	YJR020W	0.84309
978	YOR011W	0.84309
979	YMR084W	0.84308
980	YIL114C	0.84307
981	YHL036W	0.84305
982	YNL331C	0.84301
983	YJR096W	0.84291
984	YAL044W-A	0.84291
985	YLR384C	0.84285
986	YDR465C	0.84278
987	YMR214W	0.84273
988	YCR061W	0.8427
989	YDR267C	0.84266
990	YDR001C	0.84258
991	YER007C-A	0.84257
992	YOR040W	0.84255
993	YAL007C	0.84253
994	YEL041W	0.84251
995	YOL090W	0.84242
996	YDL132W	0.8424
997	YKL210W	0.84238
998	YMR022W	0.84236
999	YKR018C	0.84232
1000	YMR303C	0.8423
1001	YMR260C	0.84224
1002	YLL018C-A	0.84217
1003	YFR044C	0.84215
1004	YDL124W	0.84212
1005	YLR342W	0.84196
1006	YNL138W	0.84195
1007	YBR115C	0.8419
1008	YAL062W	0.84189
1009	YDL135C	0.84185
1010	YNL277W	0.84181
1011	YLR277C	0.84168
1012	YKL164C	0.84161
1013	YDL049C	0.84159
1014	YFR051C	0.84158
1015	YHR068W	0.84155
1016	YBL029C-A	0.84151
1017	YCR068W	0.84149
1018	YHR025W	0.84136
1019	YJR007W	0.84129
1020	YLR364W	0.84128
1021	YNL055C	0.84127
1022	YLR262C	0.84126
1023	YLL052C	0.84115
1024	YGL077C	0.84111
1025	YMR008C	0.84111
1026	YNL231C	0.84109
1027	YKL021C	0.84107
1028	YNR032C-A	0.84105
1029	YLR378C	0.84104
1030	YPR024W	0.841
1031	YPL187W	0.84099
1032	YPL042C	0.84098
1033	YMR027W	0.84093
1034	YOR086C	0.84093
1035	YDL046W	0.84092
1036	YML056C	0.84089
1037	YOR384W	0.84083
1038	YMR217W	0.84074
1039	YLR152C	0.84073
1040	YBR035C	0.84069
1041	YBR170C	0.84064
1042	YEL040W	0.84052
1043	YNL312W	0.84052
1044	YMR178W	0.84047
1045	YKL113C	0.84044
1046	YFL041W	0.84043
1047	YOR036W	0.84042
1048	YFR031C	0.84039
1049	YLR121C	0.84038
1050	YML067C	0.84033
1051	YDR172W	0.8403
1052	YLL029W	0.84025
1053	YDR140W	0.84019
1054	YDR280W	0.84014
1055	YJR010C-A	0.84002
1056	YOR163W	0.84002
1057	YDR007W	0.83996
1058	YDR368W	0.83993
1059	YLR146C	0.83977
1060	YMR319C	0.83965
1061	YLL023C	0.8395
1062	YMR230W	0.83948
1063	YER053C	0.83947
1064	YOR246C	0.83945
1065	YPL237W	0.83943
1066	YHR210C	0.83939
1067	YGR032W	0.83936
1068	YLR028C	0.83935
1069	YLR027C	0.83933
1070	YPR011C	0.83926
1071	YPR074C	0.83923
1072	YBR286W	0.83921
1073	YLR398C	0.83902
1074	YOL163W	0.83901
1075	YKR068C	0.83898
1076	YJR129C	0.83897
1077	YOR202W	0.83891
1078	YDR100W	0.83889
1079	YOR265W	0.83889
1080	YDR148C	0.83889
1081	YKL069W	0.83886
1082	YPR080W	0.83885
1083	YBR143C	0.83884
1084	YFR010W	0.83884
1085	YGL171W	0.83876
1086	YPL095C	0.83874
1087	YER175C	0.83864
1088	YGR204W	0.83864
1089	YPL240C	0.83862
1090	YOL092W	0.83862
1091	YBR069C	0.83858
1092	YML087C	0.83855
1093	YLR220W	0.83853
1094	YHL018W	0.83851
1095	YDL051W	0.83851
1096	YBR155W	0.83849
1097	YKL211C	0.83848
1098	YIL094C	0.83848
1099	YPR180W	0.83845
1100	YPL091W	0.83842
1101	YDR212W	0.83838
1102	YPR131C	0.83837
1103	YJL171C	0.83836
1104	YOR024W	0.83833
1105	YDL140C	0.83827
1106	YMR186W	0.83826
1107	YHL017W	0.83815
1108	YGL119W	0.83812
1109	YMR272C	0.83807
1110	YNR020C	0.83803
1111	YHR129C	0.83798
1112	YNL065W	0.83796
1113	YOR020C	0.83796
1114	YDL014W	0.83794
1115	YKL035W	0.83792
1116	YKL008C	0.83789
1117	YBR121C	0.83787
1118	YJL008C	0.83778
1119	YLL039C	0.83775
1120	YLR243W	0.8376
1121	YOR293W	0.83754
1122	YPL160W	0.83754
1123	YGR200C	0.83749
1124	YOR332W	0.83748
1125	YOR358W	0.83748
1126	YHR216W	0.83744
1127	YDR525W-A	0.83731
1128	YGR240C	0.83709
1129	YHL042W	0.83708
1130	YOL058W	0.83706
1131	YGR246C	0.83703
1132	YNL021W	0.83702
1133	YGL020C	0.83701
1134	YDR232W	0.83699
1135	YBR132C	0.83692
1136	YER017C	0.83678
1137	YNL222W	0.83677
1138	YJR132W	0.83675
1139	YKL080W	0.83669
1140	YBL089W	0.83668
1141	YOL129W	0.83666
1142	YNR046W	0.83662
1143	YIL010W	0.83655
1144	YLR359W	0.83653
1145	YIL145C	0.8365
1146	YJL065C	0.83649
1147	YIR009W	0.83645
1148	YNL259C	0.83627
1149	YOL073C	0.83615
1150	YJL208C	0.83614
1151	YLR351C	0.83613
1152	YGL122C	0.83613
1153	YNL191W	0.83611
1154	YOR361C	0.83609
1155	YGR286C	0.83604
1156	YOL124C	0.83603
1157	YOR222W	0.83603
1158	YEL039C	0.83601
1159	YDR105C	0.83599
1160	YDL147W	0.83594
1161	YDR533C	0.83593
1162	YNL007C	0.83589
1163	YKL067W	0.83584
1164	YMR069W	0.83583
1165	YPL151C	0.83581
1166	YDR116C	0.8358
1167	YKL107W	0.83579
1168	YOR155C	0.83577
1169	YKR040C	0.83574
1170	YPL043W	0.83574
1171	YHR144C	0.83567
1172	YJL179W	0.83565
1173	YBL022C	0.83558
1174	YGL206C	0.83556
1175	YGL139W	0.83555
1176	YEL020W-A	0.83554
1177	YOR327C	0.83551
1178	YPL170W	0.8355
1179	YJL068C	0.83548
1180	YBL105C	0.83541
1181	YBR046C	0.83532
1182	YDR448W	0.8353
1183	YGL135W	0.83529
1184	YPL220W	0.83529
1185	YPR110C	0.83519
1186	YMR170C	0.83518
1187	YAL064C-A	0.83509
1188	YAL012W	0.83507
1189	YOR006C	0.83502
1190	YGL207W	0.83495
1191	YDR111C	0.83488
1192	YFR028C	0.83484
1193	YBR220C	0.83481
1194	YBL003C	0.83479
1195	YOR306C	0.83475
1196	YBR183W	0.83474
1197	YBR117C	0.83471
1198	YNL240C	0.83471
1199	YDR225W	0.83454
1200	YPR004C	0.83452
1201	YOL080C	0.83448
1202	YPL135W	0.83446
1203	YDR182W-A	0.83445
1204	YGL115W	0.83435
1205	YMR224C	0.83433
1206	YNL200C	0.83431
1207	YCL043C	0.8343
1208	YOL125W	0.83428
1209	YKL181W	0.83425
1210	YJR048W	0.83423
1211	YNR019W	0.83421
1212	YPR176C	0.83419
1213	YIR034C	0.83417
1214	YGR028W	0.83413
1215	YBR180W	0.8341
1216	YCR072C	0.83408
1217	YHR170W	0.83407
1218	YKR097W	0.83385
1219	YDR190C	0.83379
1220	YKL135C	0.83378
1221	YDR291W	0.83377
1222	YFR055W	0.83375
1223	YEL032W	0.83371
1224	YLR241W	0.83367
1225	YER044C	0.83363
1226	YBL023C	0.83347
1227	YPL086C	0.83343
1228	YBL039C	0.83337
1229	YNL104C	0.83324
1230	YOL059W	0.83324
1231	YLR330W	0.83321
1232	YMR009W	0.83316
1233	YBR245C	0.83307
1234	YGR095C	0.83305
1235	YAL022C	0.83305
1236	YMR215W	0.833
1237	YAL067C	0.83298
1238	YNL194C	0.83293
1239	YOR292C	0.83289
1240	YGR172C	0.83288
1241	YNR011C	0.83283
1242	YHR074W	0.83282
1243	YKL114C	0.83266
1244	YDL155W	0.83265
1245	YPL093W	0.83258
1246	YPR003C	0.83256
1247	YKL213C	0.83256
1248	YPL134C	0.83253
1249	YPR081C	0.83252
1250	YOR095C	0.83251
1251	YCL018W	0.83247
1252	YPR034W	0.83244
1253	YGL010W	0.83241
1254	YJL210W	0.83231
1255	YBR234C	0.83223
1256	YKL002W	0.83217
1257	YOR048C	0.83216
1258	YDR513W	0.83213
1259	YJR155W	0.83212
1260	YML092C	0.83211
1261	YLR447C	0.83207
1262	YHR142W	0.83202
1263	YHL026C	0.83197
1264	YCR004C	0.83196
1265	YGR092W	0.83196
1266	YOR243C	0.83194
1267	YFL028C	0.83194
1268	YLR017W	0.83194
1269	YDR264C	0.83191
1270	YHR191C	0.83186
1271	YGL037C	0.83185
1272	YDL208W	0.83184
1273	YEL042W	0.83175
1274	YHR005C-A	0.83175
1275	YPR128C	0.8317
1276	YOR004W	0.83169
1277	YKL059C	0.83168
1278	YOR303W	0.83165
1279	YPL208W	0.83165
1280	YML038C	0.83164
1281	YKL060C	0.83162
1282	YIL035C	0.83151
1283	YFL057C	0.83147
1284	YDL174C	0.83144
1285	YOL062C	0.83142
1286	YLR259C	0.83138
1287	YOL020W	0.83137
1288	YAR015W	0.83136
1289	YNL071W	0.83132
1290	YBR058C	0.83129
1291	YMR241W	0.83121
1292	YMR089C	0.83118
1293	YLR420W	0.83103
1294	YDR453C	0.83098
1295	YJL079C	0.83095
1296	YBL040C	0.83089
1297	YJR084W	0.83083
1298	YJL124C	0.8307
1299	YHR111W	0.83067
1300	YGR155W	0.83065
1301	YNL099C	0.83065
1302	YIL103W	0.83065
1303	YJL174W	0.83059
1304	YKR066C	0.83056
1305	YNL232W	0.83056
1306	YCR020C	0.83054
1307	YOR168W	0.83054
1308	YKL191W	0.83052
1309	YCR105W	0.83047
1310	YBR112C	0.83047
1311	YLR355C	0.83045
1312	YCR069W	0.83032
1313	YAL064W-B	0.83028
1314	YBR177C	0.83026
1315	YGR287C	0.83022
1316	YKL148C	0.83022
1317	YLL014W	0.83003
1318	YJR014W	0.83001
1319	YDR009W	0.82994
1320	YJL002C	0.82991
1321	YOR108W	0.8299
1322	YGL105W	0.82986
1323	YER142C	0.82983
1324	YKL027W	0.82981
1325	YHR012W	0.82966
1326	YLR372W	0.82963
1327	YGR048W	0.82962
1328	YKL053C-A	0.8296
1329	YOR217W	0.82958
1330	YCR017C	0.82957
1331	YAL029C	0.82956
1332	YOR099W	0.82955
1333	YEL001C	0.82953
1334	YLR214W	0.82952
1335	YOR049C	0.82946
1336	YGR029W	0.82944
1337	YNL132W	0.82944
1338	YEL059C-A	0.82943
1339	YOL157C	0.82938
1340	YDR378C	0.82932
1341	YBR053C	0.8293
1342	YGR244C	0.82929
1343	YAL053W	0.82924
1344	YOL112W	0.8291
1345	YER069W	0.82908
1346	YOR079C	0.82906
1347	YBR254C	0.82902
1348	YKR051W	0.82901
1349	YDR490C	0.82899
1350	YML077W	0.82894
1351	YBR127C	0.82893
1352	YJR070C	0.82891
1353	YLR340W	0.82878
1354	YCR023C	0.82866
1355	YJL155C	0.82865
1356	YBR073W	0.82865
1357	YNL220W	0.82864
1358	YLR328W	0.8286
1359	YDR167W	0.82858
1360	YPL153C	0.8285
1361	YNL305C	0.82848
1362	YPL212C	0.82847
1363	YIR002C	0.82846
1364	YOR316C	0.82842
1365	YNR026C	0.82841
1366	YMR120C	0.8284
1367	YBR248C	0.82837
1368	YOR250C	0.82833
1369	YHR020W	0.82832
1370	YGL212W	0.82829
1371	YDR055W	0.82826
1372	YKL212W	0.82825
1373	YGR277C	0.82821
1374	YLR118C	0.82817
1375	YOR393W	0.82812
1376	YPL281C	0.82812
1377	YKR012C	0.82811
1378	YJR024C	0.82805
1379	YMR323W	0.828
1380	YNR013C	0.828
1381	YGL224C	0.82798
1382	YEL060C	0.82793
1383	YBR015C	0.82792
1384	YBR087W	0.82782
1385	YIL172C	0.8278
1386	YJL221C	0.8278
1387	YBR011C	0.82777
1388	YNL061W	0.82769
1389	YLR276C	0.82758
1390	YML052W	0.82757
1391	YBL015W	0.82752
1392	YAR050W	0.82746
1393	YPL113C	0.82743
1394	YEL024W	0.82743
1395	YGR021W	0.82737
1396	YOL119C	0.82731
1397	YGR087C	0.82719
1398	YAL030W	0.82713
1399	YPL012W	0.82705
1400	YDR399W	0.82704
1401	YJR072C	0.82701
1402	YBR153W	0.82697
1403	YIL142W	0.8269
1404	YNR041C	0.82689
1405	YBR291C	0.82688
1406	YCR036W	0.82688
1407	YPL211W	0.82679
1408	YBL032W	0.82677
1409	YGL198W	0.82674
1410	YFL002C	0.82672
1411	YER152C	0.8267
1412	YCL030C	0.82665
1413	YML028W	0.82663
1414	YJL159W	0.82663
1415	YGR271W	0.82656
1416	YKR013W	0.8265
1417	YLR179C	0.82649
1418	YML075C	0.82648
1419	YNL153C	0.82633
1420	YJL060W	0.82632
1421	YER006W	0.8263
1422	YML010W	0.8263
1423	YOL165C	0.82629
1424	YOL142W	0.82628
1425	YIL166C	0.82627
1426	YFR032C	0.82624
1427	YDR352W	0.82621
1428	YGR254W	0.82618
1429	YNR015W	0.82608
1430	YNR027W	0.82605
1431	YBR002C	0.82605
1432	YOL034W	0.82603
1433	YHR031C	0.82599
1434	YDR487C	0.82599
1435	YHR193C	0.82595
1436	YHR046C	0.82594
1437	YOR120W	0.82593
1438	YOL093W	0.8259
1439	YGL101W	0.82589
1440	YOR145C	0.82584
1441	YCR037C	0.82582
1442	YKL120W	0.82576
1443	YOR304W	0.82573
1444	YMR020W	0.82572
1445	YHR174W	0.82571
1446	YMR194C-B	0.82568
1447	YPL122C	0.82568
1448	YEL047C	0.82563
1449	YER183C	0.82559
1450	YHR029C	0.82558
1451	YKL084W	0.82556
1452	YNL280C	0.82555
1453	YLR008C	0.8255
1454	YBR092C	0.82546
1455	YBR236C	0.82545
1456	YLR412W	0.82544
1457	YOR034C	0.82542
1458	YOR142W	0.82542
1459	YIL169C	0.82542
1460	YMR099C	0.82541
1461	YPR163C	0.82541
1462	YGR264C	0.82539
1463	YHR027C	0.82539
1464	YKL186C	0.82532
1465	YLR426W	0.82524
1466	YKR009C	0.82522
1467	YMR085W	0.82521
1468	YDR488C	0.82506
1469	YJR131W	0.82503
1470	YPR054W	0.82503
1471	YIL062C	0.82498
1472	YBR037C	0.82494
1473	YOR226C	0.82493
1474	YNL326C	0.82492
1475	YIL108W	0.82486
1476	YJR109C	0.82483
1477	YJR117W	0.82477
1478	YLR286C	0.82475
1479	YJL128C	0.82472
1480	YDR032C	0.82466
1481	YBR101C	0.82464
1482	YOR007C	0.8246
1483	YFL052W	0.82457
1484	YKL161C	0.82452
1485	YBR139W	0.82443
1486	YJL045W	0.82441
1487	YKL163W	0.82437
1488	YMR006C	0.82433
1489	YAR023C	0.8243
1490	YHR040W	0.82419
1491	YIR008C	0.82418
1492	YKR095W-A	0.82416
1493	YGR214W	0.82414
1494	YKL117W	0.82403
1495	YNL087W	0.824
1496	YKL151C	0.82396
1497	YBR283C	0.8239
1498	YDR468C	0.82388
1499	YOR367W	0.82384
1500	YLR172C	0.82378
1501	YFR047C	0.82374
1502	YLR129W	0.8237
1503	YMR262W	0.82365
1504	YDL072C	0.82363
1505	YJR146W	0.8236
1506	YKL028W	0.82356
1507	YOR351C	0.82342
1508	YMR113W	0.82341
1509	YMR220W	0.82341
1510	YIL013C	0.82334
1511	YDL145C	0.82331
1512	YLR055C	0.82329
1513	YHR089C	0.82318
1514	YKL029C	0.82317
1515	YBR204C	0.82312
1516	YJL052W	0.82308
1517	YDR392W	0.82308
1518	YLR369W	0.82307
1519	YOR374W	0.82301
1520	YBR244W	0.82298
1521	YDR492W	0.82293
1522	YLR100W	0.82292
1523	YER136W	0.82279
1524	Q0085	0.82278
1525	YPR127W	0.82276
1526	YHR112C	0.82274
1527	YDR056C	0.82264
1528	YLR167W	0.8226
1529	YKL086W	0.82251
1530	YBL011W	0.8225
1531	YNL117W	0.82241
1532	YOR285W	0.8224
1533	YDL138W	0.82236
1534	YOR335C	0.82231
1535	YLR078C	0.82229
1536	YKL004W	0.82229
1537	YGL245W	0.82219
1538	YDR287W	0.82219
1539	YNR074C	0.8221
1540	YPR019W	0.82208
1541	YFR006W	0.82198
1542	YLR429W	0.82192
1543	YOR196C	0.82191
1544	YLL034C	0.82189
1545	YJR009C	0.82189
1546	YKR050W	0.82188
1547	YIR031C	0.82185
1548	YLR377C	0.82178
1549	YPL050C	0.82169
1550	YDR019C	0.82161
1551	YEL052W	0.82154
1552	YCR107W	0.82153
1553	YLR307W	0.82147
1554	YBR014C	0.82146
1555	YER013W	0.82133
1556	YBL099W	0.82128
1557	YCL011C	0.82127
1558	YLL058W	0.82126
1559	YAL063C	0.82125
1560	YML086C	0.8212
1561	YKL013C	0.82112
1562	YAL021C	0.82107
1563	YBR023C	0.82104
1564	YOR253W	0.821
1565	YMR093W	0.82095
1566	YMR253C	0.82094
1567	YOR241W	0.82093
1568	YAL039C	0.82091
1569	YBR025C	0.82087
1570	YLR070C	0.82084
1571	YGR094W	0.82081
1572	YNL329C	0.82081
1573	YHL006C	0.82079
1574	YBL068W-A	0.82076
1575	YJR040W	0.82075
1576	YLR043C	0.82075
1577	YDL080C	0.82073
1578	YER039C-A	0.8207
1579	YJL151C	0.8207
1580	YPL048W	0.82068
1581	YJR013W	0.82065
1582	YDR429C	0.82065
1583	YDL238C	0.82065
1584	YKL081W	0.82064
1585	YER176W	0.82062
1586	YKL091C	0.82058
1587	YER134C	0.82052
1588	YOL140W	0.82048
1589	YDL110C	0.82047
1590	YBR017C	0.8203
1591	YPL214C	0.82029
1592	YDL190C	0.82024
1593	YDR530C	0.82024
1594	YDR051C	0.82023
1595	YML131W	0.82023
1596	YFL022C	0.82019
1597	YDR121W	0.82015
1598	YGR242W	0.82012
1599	YKR104W	0.82009
1600	YDR112W	0.82005
1601	YDR483W	0.82002
1602	YPR038W	0.81978
1603	YOR172W	0.81974
1604	YER168C	0.81966
1605	YDR305C	0.81965
1606	YKL126W	0.81954
1607	YDL217C	0.81952
1608	YMR296C	0.8195
1609	YOR357C	0.81935
1610	YKR088C	0.81929
1611	YBR003W	0.81927
1612	YHR108W	0.81923
1613	YOL009C	0.81923
1614	YLR390W	0.81923
1615	YBR001C	0.81923
1616	YCR008W	0.8192
1617	YMR101C	0.81919
1618	YKL160W	0.81918
1619	YNL075W	0.81912
1620	YEL071W	0.81905
1621	YLR138W	0.81905
1622	YJL087C	0.81902
1623	YPL059W	0.81899
1624	YFL059W	0.81898
1625	YNL223W	0.81898
1626	YIL099W	0.81888
1627	YJL153C	0.81886
1628	YCR053W	0.81881
1629	YDR127W	0.81879
1630	YJR032W	0.8186
1631	YJR085C	0.81854
1632	YML064C	0.81851
1633	YGL208W	0.81849
1634	YPR111W	0.81848
1635	YCR102C	0.81845
1636	YDR243C	0.81845
1637	YDR441C	0.81839
1638	YEL020C	0.81828
1639	YBL007C	0.81826
1640	YPL171C	0.81824
1641	YNL333W	0.81821
1642	YIL153W	0.81819
1643	YNL056W	0.81811
1644	YLR399C	0.81808
1645	YKR001C	0.81808
1646	YER156C	0.81791
1647	YCR106W	0.81779
1648	YGR209C	0.81778
1649	YPL004C	0.81775
1650	YMR145C	0.81773
1651	YGR276C	0.81772
1652	YMR132C	0.8177
1653	YCL042W	0.81766
1654	YOL154W	0.81764
1655	YML098W	0.81758
1656	YGL242C	0.81757
1657	YNL185C	0.81751
1658	YLR019W	0.81751
1659	YOR110W	0.81747
1660	YBL056W	0.81745
1661	YLR218C	0.81743
1662	YGL205W	0.81739
1663	YHR179W	0.81726
1664	YOR391C	0.81722
1665	YLR099C	0.81716
1666	YGR010W	0.81715
1667	YHR211W	0.81709
1668	YLR383W	0.81708
1669	YGL055W	0.81703
1670	YIR019C	0.81697
1671	YMR180C	0.81697
1672	YDL218W	0.81693
1673	YOR175C	0.81686
1674	YPL236C	0.81686
1675	YBR041W	0.81683
1676	YMR306W	0.81665
1677	YHR181W	0.81654
1678	YLR065C	0.81649
1679	YLR287C	0.81617
1680	YMR250W	0.81617
1681	YER120W	0.8161
1682	YGL095C	0.81608
1683	YGL104C	0.81606
1684	YBL002W	0.81604
1685	YAL044C	0.81602
1686	YGR262C	0.81601
1687	YDL194W	0.81595
1688	YFL042C	0.81591
1689	YDR331W	0.8159
1690	YLL015W	0.81588
1691	YLR038C	0.81574
1692	YOR165W	0.81574
1693	YIL051C	0.81572
1694	YGR195W	0.81548
1695	YHR201C	0.81548
1696	YGR292W	0.81542
1697	YHR039C	0.8154
1698	YOR311C	0.81534
1699	YGR263C	0.81523
1700	YLR449W	0.8152
1701	YGL262W	0.81512
1702	YNL121C	0.81511
1703	YHR148W	0.81508
1704	YOL006C	0.81507
1705	YFL016C	0.81506
1706	YCR101C	0.81505
1707	YPL013C	0.81505
1708	YLR181C	0.815
1709	YEL056W	0.81496
1710	YOL008W	0.8149
1711	YDR188W	0.81489
1712	YOR261C	0.81486
1713	YOR074C	0.81485
1714	YBR091C	0.81484
1715	YGR288W	0.81474
1716	YPR058W	0.81473
1717	YOR162C	0.81473
1718	YDR224C	0.81471
1719	YHR104W	0.81469
1720	YLR108C	0.81468
1721	YLR048W	0.81466
1722	YGR144W	0.81463
1723	YIR027C	0.81459
1724	YLR074C	0.81433
1725	YDL093W	0.8143
1726	YMR083W	0.81429
1727	YLL009C	0.81428
1728	YPR167C	0.81424
1729	YJR133W	0.81421
1730	YML065W	0.81414
1731	YOR223W	0.814
1732	YML035C	0.81394
1733	YLR189C	0.81393
1734	YMR263W	0.8139
1735	YKL009W	0.81386
1736	YJL080C	0.81386
1737	YOR055W	0.81385
1738	YLR072W	0.81384
1739	YGR037C	0.81379
1740	YBR267W	0.81378
1741	YLR253W	0.81375
1742	YLR460C	0.81368
1743	YER091C	0.81366
1744	YNR034W-A	0.81364
1745	YDL141W	0.81364
1746	YGR192C	0.81364
1747	YIL068C	0.81362
1748	YBR299W	0.81361
1749	YBR052C	0.81355
1750	YPL127C	0.81355
1751	YLR175W	0.81349
1752	YDR263C	0.81335
1753	YGR082W	0.81328
1754	YJR149W	0.81316
1755	YOL011W	0.81311
1756	YDR236C	0.81307
1757	YBL018C	0.81301
1758	YER147C	0.81299
1759	YKL051W	0.81298
1760	YHR041C	0.81295
1761	YNR062C	0.81292
1762	YOR370C	0.81281
1763	YDR211W	0.81278
1764	YLR145W	0.81277
1765	YIL075C	0.81275
1766	YNL229C	0.81265
1767	YLR222C	0.81263
1768	YPR056W	0.81258
1769	YGR004W	0.81258
1770	YPL280W	0.8125
1771	YAL003W	0.81243
1772	YBR149W	0.81233
1773	YMR251W	0.81228
1774	YKL221W	0.81225
1775	YLR410W	0.81223
1776	YLR203C	0.81222
1777	YMR167W	0.81216
1778	YLR324W	0.8121
1779	YFR024C-A	0.81209
1780	YGL044C	0.81206
1781	YOR280C	0.81197
1782	YOR213C	0.81195
1783	YOR016C	0.81179
1784	YDR398W	0.81174
1785	YPR120C	0.81172
1786	YML074C	0.81172
1787	YDR502C	0.8117
1788	YNL287W	0.8116
1789	YPR107C	0.81154
1790	YFL030W	0.81148
1791	YGR125W	0.81143
1792	YGR012W	0.8114
1793	YPL239W	0.81132
1794	YLR285W	0.81131
1795	YGR026W	0.81127
1796	YJR103W	0.81123
1797	YLR066W	0.81123
1798	YEL003W	0.81119
1799	YGR063C	0.81117
1800	YGR199W	0.81115
1801	YDR284C	0.81115
1802	YJR016C	0.81114
1803	YER170W	0.81104
1804	YPR153W	0.81093
1805	YMR123W	0.81092
1806	YLL036C	0.81084
1807	YOL012C	0.81079
1808	YER100W	0.81078
1809	YML070W	0.81077
1810	YLR409C	0.8107
1811	YDR083W	0.81067
1812	YGL154C	0.81064
1813	YCR075W-A	0.81064
1814	YNL016W	0.81055
1815	YGR245C	0.81054
1816	YFR038W	0.81047
1817	YBR039W	0.81046
1818	YFL048C	0.81045
1819	YGL190C	0.81042
1820	YMR322C	0.81039
1821	YMR139W	0.81038
1822	YDR381W	0.81022
1823	YNL141W	0.81016
1824	YNR052C	0.81007
1825	YBR223C	0.81004
1826	YKL197C	0.81002
1827	YDL036C	0.80993
1828	YML126C	0.80988
1829	YIL106W	0.80986
1830	YHR168W	0.80986
1831	YPR037C	0.80984
1832	YNL037C	0.80983
1833	YLR304C	0.80976
1834	YGL009C	0.80968
1835	YPR025C	0.80965
1836	YFL008W	0.80962
1837	YKR056W	0.8096
1838	YNR065C	0.80955
1839	YKR024C	0.8095
1840	YJR151C	0.80945
1841	YJR125C	0.80936
1842	YNL096C	0.80934
1843	YOR184W	0.80932
1844	YDR534C	0.80927
1845	YPL231W	0.80926
1846	YCL075W	0.80924
1847	YJL082W	0.80921
1848	YLR389C	0.80916
1849	YNL313C	0.80915
1850	YHL034C	0.80913
1851	YGL232W	0.80907
1852	YKL017C	0.809
1853	YML055W	0.80899
1854	YJL136C	0.80897
1855	YEL054C	0.80896
1856	YDR418W	0.80896
1857	YHR034C	0.80882
1858	YPR198W	0.80881
1859	YLR343W	0.80873
1860	YLR210W	0.8087
1861	YGR284C	0.8087
1862	YOL077C	0.8087
1863	YNL067W	0.80863
1864	YAL019W	0.80861
1865	YLR446W	0.80856
1866	YMR225C	0.80854
1867	YHL015W	0.80848
1868	YNL260C	0.80848
1869	YDR035W	0.80847
1870	YHR173C	0.80839
1871	YLR197W	0.80839
1872	YLR382C	0.80835
1873	YGL241W	0.80831
1874	YMR092C	0.80825
1875	YGL033W	0.80814
1876	YAR018C	0.80809
1877	YGR285C	0.80806
1878	YLR022C	0.80806
1879	YOR298C-A	0.80804
1880	YGR019W	0.80799
1881	YOR239W	0.80798
1882	YHR182C-A	0.80794
1883	YIL063C	0.80794
1884	YGL240W	0.80791
1885	YDR415C	0.80776
1886	YKR081C	0.80773
1887	YBL001C	0.80771
1888	YFR050C	0.8077
1889	YOL067C	0.8077
1890	YLR231C	0.80769
1891	YIL164C	0.80765
1892	YJL125C	0.80761
1893	YOR119C	0.80756
1894	YDL079C	0.80754
1895	YPR201W	0.80754
1896	YGL238W	0.80748
1897	YOR318C	0.80747
1898	YKL144C	0.80745
1899	YOR356W	0.80743
1900	YPL227C	0.8074
1901	YPL087W	0.80735
1902	YOR209C	0.80734
1903	YML054C	0.8073
1904	YGL202W	0.80725
1905	YIL047C	0.80722
1906	YIL033C	0.8072
1907	YBR111C	0.80717
1908	YKL156W	0.80717
1909	YGL114W	0.80716
1910	YAR042W	0.80715
1911	YKR102W	0.80714
1912	YLR180W	0.80709
1913	YLR367W	0.80703
1914	YDR013W	0.80701
1915	YCR076C	0.80698
1916	YDL241W	0.80698
1917	YNL243W	0.80691
1918	YLR300W	0.80685
1919	YJL059W	0.80684
1920	YBR214W	0.80672
1921	YNL175C	0.80662
1922	YOL086W-A	0.80658
1923	YPL207W	0.80655
1924	YCR045C	0.80648
1925	YKL154W	0.80646
1926	YLR435W	0.80637
1927	YNL207W	0.80631
1928	YOR206W	0.80629
1929	YML090W	0.80628
1930	YOR262W	0.80622
1931	YPR073C	0.80619
1932	YGL148W	0.80611
1933	YIL016W	0.8061
1934	YCR002C	0.80606
1935	YER070W	0.80606
1936	YFL001W	0.80604
1937	YER065C	0.806
1938	YJR064W	0.8059
1939	YHR176W	0.80588
1940	YKL189W	0.80583
1941	YKL022C	0.80579
1942	YPR200C	0.80578
1943	YDL011C	0.80575
1944	YLR401C	0.8057
1945	YJL190C	0.80568
1946	YNL057W	0.80568
1947	YOL018C	0.80557
1948	YGR133W	0.80557
1949	YDL202W	0.80554
1950	YOL072W	0.80551
1951	YIL126W	0.80542
1952	YLR026C	0.80534
1953	YOL153C	0.80526
1954	YDL092W	0.80523
1955	YGR187C	0.8052
1956	YEL034C-A	0.80514
1957	YMR304W	0.80509
1958	YDR164C	0.80509
1959	YKR084C	0.80504
1960	YMR244W	0.80501
1961	YGR189C	0.80499
1962	YNL022C	0.80499
1963	YDL085W	0.80498
1964	YKR079C	0.80498
1965	YBR062C	0.80492
1966	YHR215W	0.80489
1967	YBR093C	0.80488
1968	YPR186C	0.80486
1969	YNL023C	0.80486
1970	YLR421C	0.80484
1971	YER164W	0.80482
1972	YDR476C	0.80482
1973	YKR057W	0.80476
1974	YKL085W	0.80471
1975	YLL048C	0.80469
1976	YGR181W	0.80468
1977	YNL181W	0.80461
1978	YOR164C	0.80456
1979	YOR295W	0.80455
1980	YPR147C	0.80455
1981	YAL009W	0.80451
1982	YFL044C	0.80448
1983	YPR178W	0.80448
1984	YOR096W	0.80439
1985	YEL004W	0.80432
1986	YPR190C	0.80428
1987	YGR159C	0.80425
1988	YDL205C	0.80419
1989	YOR109W	0.80415
1990	YPR157W	0.80403
1991	YAL035W	0.80402
1992	YNL079C	0.80396
1993	YOL068C	0.80396
1994	YBL013W	0.80386
1995	YOR003W	0.80386
1996	YEL019C	0.80381
1997	YJL088W	0.80375
1998	YDR358W	0.80367
1999	YGL028C	0.80364
2000	YHR117W	0.80361
2001	YIL014W	0.80358
2002	YGL156W	0.80354
2003	YAR071W	0.80344
2004	YGL147C	0.80328
2005	Q0250	0.80328
2006	YLR174W	0.80328
2007	YIL066C	0.80324
2008	YOR232W	0.80322
2009	YER163C	0.8032
2010	YMR161W	0.80318
2011	YLR205C	0.80315
2012	YKL065C	0.80311
2013	YOR021C	0.80311
2014	YMR277W	0.803
2015	YGR078C	0.80294
2016	YNL129W	0.80294
2017	YJL116C	0.80294
2018	YKR055W	0.80293
2019	YMR088C	0.80289
2020	Q0050	0.80288
2021	YDR094W	0.80282
2022	YJR121W	0.80278
2023	YJL093C	0.80261
2024	YCR094W	0.8026
2025	YPL002C	0.80256
2026	YJL130C	0.80254
2027	YPR144C	0.80253
2028	YGR173W	0.80246
2029	YDL090C	0.80245
2030	YDL031W	0.80242
2031	YHR205W	0.80241
2032	YOR151C	0.8024
2033	YBR198C	0.80239
2034	YHR021C	0.80238
2035	YLR272C	0.80238
2036	YMR264W	0.80237
2037	YLR413W	0.80235
2038	YCL050C	0.80232
2039	YKR070W	0.80228
2040	YIR004W	0.80227
2041	YDR481C	0.80227
2042	YLR339C	0.80226
2043	YLL041C	0.80225
2044	YNL161W	0.80221
2045	YBR110W	0.80213
2046	YDR161W	0.80213
2047	YJL074C	0.8021
2048	YFR025C	0.80203
2049	YDR522C	0.80202
2050	YMR040W	0.80197
2051	YPR112C	0.80192
2052	YBR208C	0.8019
2053	YHR033W	0.80182
2054	YLR056W	0.80182
2055	YJR107W	0.80179
2056	YHR100C	0.80177
2057	YPR197C	0.80177
2058	YFR005C	0.80176
2059	YMR208W	0.80173
2060	YLR292C	0.80172
2061	YLR178C	0.80164
2062	YFR021W	0.80161
2063	YDR191W	0.80157
2064	YPR010C	0.80157
2065	YLR050C	0.80148
2066	YML072C	0.80134
2067	YKR067W	0.80132
2068	YDR459C	0.80128
2069	YGR243W	0.80123
2070	YOR161W-B	0.80119
2071	YPL282C	0.80118
2072	YOR394W	0.80118
2073	YDR539W	0.80111
2074	YPL183C	0.80111
2075	YER016W	0.80105
2076	YOR207C	0.80105
2077	YJL172W	0.80103
2078	YIR013C	0.80093
2079	YGL040C	0.80091
2080	YNL246W	0.80088
2081	YAL004W	0.80081
2082	YHR049W	0.80079
2083	YBR201W	0.80076
2084	YJL097W	0.80075
2085	YPR172W	0.80073
2086	YJL117W	0.80073
2087	YDL120W	0.80071
2088	YJL104W	0.8007
2089	YGL068W	0.80066
2090	YNR051C	0.80066
2091	YOR341W	0.80061
2092	YJL178C	0.80059
2093	YGL069C	0.80058
2094	YHR187W	0.80052
2095	YNL001W	0.80049
2096	YOR274W	0.80044
2097	YKL202W	0.80039
2098	YBL096C	0.80032
2099	YDR170C	0.80032
2100	YMR001C	0.80026
2101	YGR266W	0.80022
2102	YEL029C	0.80021
2103	YLR405W	0.80021
2104	YJL077W-A	0.8002
2105	YIL007C	0.80019
2106	YJL081C	0.80018
2107	YOR039W	0.80015
2108	YDR395W	0.80013
2109	YER027C	0.8001
2110	YOL096C	0.80009
2111	YJR141W	0.80005
2112	YGL050W	0.80002
2113	YDL200C	0.80002
2114	YGL140C	0.7999
2115	YOL130W	0.79989
2116	YDR477W	0.79984
2117	YNL082W	0.79972
2118	YJL062W	0.79967
2119	YHR202W	0.79966
2120	YMR310C	0.79963
2121	YKL209C	0.79946
2122	YBR162C	0.79931
2123	YJL160C	0.79928
2124	YLR345W	0.79928
2125	YDR209C	0.79925
2126	YLR451W	0.79924
2127	YLR212C	0.79921
2128	YHR165W-A	0.79916
2129	YPL184C	0.79887
2130	YGL165C	0.79877
2131	YER162C	0.79876
2132	YGR086C	0.79872
2133	YKR017C	0.79867
2134	YNL203C	0.79866
2135	YLR418C	0.79836
2136	YDR518W	0.79833
2137	YBR096W	0.79831
2138	YLR086W	0.79821
2139	YPR161C	0.79814
2140	YCR044C	0.79813
2141	YBR070C	0.79811
2142	YJR078W	0.79807
2143	YHR161C	0.79806
2144	YPL222C-A	0.79803
2145	YCL047C	0.798
2146	YKL182W	0.79788
2147	YDL023C	0.79787
2148	YOR310C	0.79784
2149	YNL066W	0.79783
2150	YMR162C	0.7978
2151	YFR030W	0.79778
2152	YBL017C	0.7977
2153	YKL070W	0.79763
2154	YPR133C	0.79762
2155	YCR024C-A	0.79759
2156	YDR436W	0.79758
2157	YFL034C-A	0.79753
2158	YFL034C-B	0.79752
2159	YER010C	0.7975
2160	YPL222W	0.79749
2161	YGR141W	0.79744
2162	YMR038C	0.79744
2163	YHR039C-A	0.79741
2164	YDL096C	0.7974
2165	YBR018C	0.79739
2166	YBL108W	0.79732
2167	YNL059C	0.79731
2168	YCR087C-A	0.79724
2169	YDR256C	0.79723
2170	YNR029C	0.7972
2171	YLR196W	0.79717
2172	YAL056C-A	0.79717
2173	YGR093W	0.79716
2174	YLR117C	0.79716
2175	YGR074W	0.79698
2176	YMR268C	0.79698
2177	YPR118W	0.79697
2178	YGR036C	0.79692
2179	YCL038C	0.79684
2180	YKL030W	0.79682
2181	YKL193C	0.79681
2182	YAL018C	0.7968
2183	YHR001W	0.79678
2184	YDL081C	0.79678
2185	YMR218C	0.79673
2186	YNL045W	0.79666
2187	YBL106C	0.79662
2188	YKR076W	0.79655
2189	YKR042W	0.79654
2190	YIR038C	0.79653
2191	YKL041W	0.7965
2192	YGR229C	0.79648
2193	YIL171W	0.79641
2194	YCR013C	0.79632
2195	YIL142C-A	0.79632
2196	YOR369C	0.79626
2197	YPR140W	0.79618
2198	YHR037W	0.79616
2199	YMR114C	0.79612
2200	YGR024C	0.7961
2201	Q0120	0.7961
2202	Q0105	0.79599
2203	YOL064C	0.79598
2204	YOR301W	0.79596
2205	YLR120C	0.79594
2206	YNR008W	0.79593
2207	YCR005C	0.79586
2208	YPL024W	0.79584
2209	YGR083C	0.7957
2210	YOR116C	0.7957
2211	YDR257C	0.79569
2212	YBR103W	0.79564
2213	YGR085C	0.79562
2214	YFL054C	0.7956
2215	YAL016C-A	0.79559
2216	YIL039W	0.79559
2217	YBR190W	0.79559
2218	Q0142	0.79547
2219	YJL041W	0.79547
2220	YDR117C	0.79545
2221	YBR297W	0.79543
2222	YBR167C	0.7953
2223	YFL015C	0.7953
2224	YBR162W-A	0.79529
2225	YNL190W	0.79528
2226	YLL043W	0.79525
2227	YBR056W	0.79524
2228	YAL046C	0.79521
2229	YPL001W	0.79515
2230	YBR166C	0.79512
2231	YMR239C	0.79506
2232	YOR271C	0.79501
2233	YDL213C	0.79498
2234	YGR201C	0.79496
2235	YMR196W	0.79493
2236	YHR066W	0.79493
2237	YDR265W	0.79493
2238	YDR338C	0.79491
2239	YDL160C-A	0.7949
2240	YAR003W	0.79482
2241	YDR514C	0.79478
2242	YIL083C	0.79478
2243	YLR014C	0.79469
2244	YBR104W	0.79468
2245	YPL262W	0.79464
2246	YPR092W	0.79464
2247	YNL192W	0.79457
2248	YJL220W	0.79454
2249	YIL171W-A	0.79454
2250	YBR151W	0.79447
2251	YHR178W	0.79447
2252	YPL157W	0.79446
2253	YDL083C	0.79445
2254	YMR143W	0.79445
2255	YLR007W	0.79442
2256	YFL050C	0.79436
2257	YIL054W	0.79404
2258	YDL008W	0.79401
2259	YJL158C	0.79392
2260	YNL102W	0.79391
2261	YFR041C	0.79388
2262	YHR209W	0.79384
2263	YGR073C	0.79384
2264	YFR035C	0.79376
2265	YIL082W-A	0.79374
2266	YDR234W	0.79373
2267	Q0065	0.79372
2268	YIL100C-A	0.79372
2269	YER172C	0.79366
2270	YOR065W	0.79366
2271	YER029C	0.7936
2272	YGL143C	0.79355
2273	YDL185W	0.79352
2274	YMR152W	0.79347
2275	YNL049C	0.79347
2276	YNL322C	0.7934
2277	YER076C	0.7934
2278	YLR109W	0.79336
2279	YLL001W	0.79334
2280	YGL166W	0.79334
2281	YJR057W	0.7933
2282	YDR386W	0.79327
2283	YAR019W-A	0.79324
2284	YER116C	0.79321
2285	YNL003C	0.79314
2286	YAL036C	0.79313
2287	YPR102C	0.79309
2288	YLR041W	0.79304
2289	YER165C-A	0.79295
2290	YNR016C	0.79293
2291	YDR097C	0.79289
2292	YOL098C	0.79278
2293	YNL040W	0.79277
2294	YDL177C	0.79275
2295	YML057C-A	0.79274
2296	YNL316C	0.7927
2297	YBR237W	0.79265
2298	YHR147C	0.79265
2299	YER063W	0.79264
2300	YNR033W	0.79262
2301	YNL292W	0.79262
2302	YNL321W	0.7926
2303	YPL131W	0.79259
2304	YPL179W	0.79258
2305	YJR071W	0.79257
2306	YNL107W	0.79255
2307	YDL040C	0.79252
2308	YOR387C	0.79251
2309	YHR088W	0.79246
2310	YEL036C	0.79245
2311	YJL078C	0.79237
2312	YGL074C	0.79237
2313	YKL187C	0.79236
2314	YDL159C-B	0.79236
2315	YGL181W	0.79233
2316	YEL053W-A	0.79233
2317	YFR048W	0.79233
2318	YDR324C	0.79233
2319	YBL064C	0.79229
2320	YJR042W	0.79223
2321	YOR139C	0.79221
2322	YHR121W	0.7922
2323	YCR028C-A	0.7922
2324	YGL183C	0.79213
2325	YBL098W	0.79206
2326	YJL195C	0.79205
2327	YOL061W	0.79205
2328	YBR192W	0.792
2329	YHR098C	0.79194
2330	YNL088W	0.79193
2331	YDR336W	0.79192
2332	YBL055C	0.7919
2333	YDL078C	0.7919
2334	YGR047C	0.79189
2335	YIL034C	0.79188
2336	YJL222W	0.79187
2337	YLR083C	0.79185
2338	YDL193W	0.79164
2339	YJL064W	0.79162
2340	YOR377W	0.79158
2341	YDR292C	0.79148
2342	YGR061C	0.79145
2343	YML005W	0.79136
2344	YER014W	0.79134
2345	YNR012W	0.79132
2346	YLR306W	0.7913
2347	YPL088W	0.7913
2348	YFL004W	0.79125
2349	YIL173W	0.79112
2350	YKL026C	0.7911
2351	YKR003W	0.79107
2352	YGL053W	0.79105
2353	YPR098C	0.79103
2354	YOL052C	0.79095
2355	YNL101W	0.79092
2356	YBR227C	0.79092
2357	YOR254C	0.7909
2358	YER001W	0.79089
2359	YIR029W	0.79087
2360	YFL003C	0.79081
2361	YHL002W	0.79077
2362	YML004C	0.79077
2363	YGL258W	0.79075
2364	YOR181W	0.79069
2365	YDR312W	0.79069
2366	YOR077W	0.79066
2367	YMR057C	0.79063
2368	YGL065C	0.79059
2369	YHR151C	0.79059
2370	YJR067C	0.79059
2371	YDR144C	0.79058
2372	YFL034W	0.79048
2373	YMR063W	0.79047
2374	YBR079C	0.79045
2375	YMR324C	0.79044
2376	YCR100C	0.79044
2377	YDR506C	0.79041
2378	YDR145W	0.79041
2379	YDR452W	0.79041
2380	YHR140W	0.79039
2381	YLR414C	0.79037
2382	YHR024C	0.79036
2383	YNR001C	0.79034
2384	YNL248C	0.79027
2385	YLR275W	0.79022
2386	YER188W	0.7902
2387	YGL030W	0.79019
2388	YNR017W	0.79018
2389	YCL045C	0.79016
2390	YOR390W	0.79005
2391	YDL041W	0.79004
2392	YNL155W	0.79003
2393	YMR306C-A	0.78995
2394	YKL037W	0.78994
2395	YHR003C	0.78993
2396	YBR174C	0.78991
2397	YMR244C-A	0.78991
2398	YGL004C	0.78989
2399	YGR121W-A	0.78978
2400	YKR086W	0.78978
2401	YBR125C	0.78975
2402	YHR162W	0.78967
2403	YLR399W-A	0.78967
2404	YJL011C	0.78966
2405	YBR175W	0.78955
2406	YPR032W	0.78953
2407	YEL006W	0.78951
2408	YDL101C	0.7895
2409	YCL001W-B	0.7895
2410	YLR215C	0.78948
2411	YDR031W	0.78946
2412	YHR062C	0.78945
2413	YIL030C	0.78935
2414	YHL039W	0.78922
2415	YLR003C	0.78914
2416	YMR242W-A	0.78906
2417	YOL113W	0.78899
2418	YOL046C	0.78897
2419	YOR325W	0.78895
2420	YLR380W	0.78894
2421	YNL247W	0.78888
2422	YHL013C	0.78884
2423	YJL072C	0.78882
2424	YOR291W	0.78882
2425	YDR464C-A	0.7888
2426	YCL059C	0.78879
2427	YDR067C	0.78878
2428	YCR084C	0.78878
2429	YGR162W	0.78868
2430	YDR362C	0.78859
2431	YIL067C	0.78858
2432	YOR173W	0.78858
2433	YER066W	0.78855
2434	YKR062W	0.78855
2435	YPL142C	0.7885
2436	YKL019W	0.78849
2437	YIR015W	0.78843
2438	YOR056C	0.78841
2439	YPR170C	0.7884
2440	YJL010C	0.7884
2441	YHR204W	0.78834
2442	YJR010W	0.78832
2443	YCR038W-A	0.78829
2444	YGR109W-B	0.78829
2445	YJL163C	0.78824
2446	YNL328C	0.78811
2447	YDL042C	0.78808
2448	YJL085W	0.78804
2449	YOR286W	0.78801
2450	YPR159W	0.78796
2451	YDR380W	0.7879
2452	YML121W	0.78778
2453	YHR116W	0.78775
2454	YHR143W-A	0.78772
2455	YLR386W	0.78771
2456	YPR196W	0.78769
2457	YER051W	0.78764
2458	YBL100C	0.78762
2459	YDR107C	0.78761
2460	YPL238C	0.78759
2461	YDL063C	0.78759
2462	YPR100W	0.78754
2463	YGL089C	0.7875
2464	YPL152W	0.78746
2465	YGR177C	0.78741
2466	YLR335W	0.78738
2467	YOR376W-A	0.78738
2468	YJR055W	0.78737
2469	YLR246W	0.78736
2470	YOL050C	0.78736
2471	YDL118W	0.78725
2472	YOR118W	0.78722
2473	YGR001C	0.78716
2474	YNL106C	0.78708
2475	YGR111W	0.78706
2476	YLL011W	0.78701
2477	YPL279C	0.787
2478	YPR168W	0.78699
2479	YPR123C	0.78698
2480	YBR024W	0.78691
2481	YGL155W	0.78689
2482	YLR089C	0.78676
2483	YCL005W-A	0.78676
2484	YCL026C-A	0.78676
2485	YPL103C	0.78674
2486	YMR062C	0.7867
2487	YPL060W	0.78667
2488	YPL008W	0.78667
2489	YIR036W-A	0.78666
2490	YPR002W	0.78666
2491	YHR207C	0.78663
2492	YPL097W	0.78663
2493	YOL115W	0.78655
2494	YPL164C	0.78649
2495	YGL196W	0.78643
2496	YMR149W	0.78643
2497	YPL217C	0.78634
2498	YLR361C	0.78633
2499	YLR349W	0.78631
2500	YOL114C	0.78629
2501	YEL017C-A	0.78624
2502	YGR080W	0.78621
2503	YPL082C	0.78616
2504	YHR114W	0.78611
2505	YJL115W	0.7861
2506	YNL015W	0.7861
2507	YIL021C-A	0.78603
2508	YAL058W	0.78591
2509	YOR331C	0.78589
2510	YDR447C	0.78581
2511	YAR075W	0.78581
2512	YNR067C	0.78577
2513	YKL098W	0.78574
2514	YML094C-A	0.7857
2515	YPR114W	0.78564
2516	YGL082W	0.78564
2517	YGL185C	0.78562
2518	YDR400W	0.78557
2519	YCR006C	0.78553
2520	YER187W	0.78549
2521	YKL165C	0.78541
2522	YGR058W	0.78539
2523	YKL031W	0.78529
2524	YJR137C	0.78528
2525	YMR104C	0.78528
2526	YDL004W	0.78528
2527	YHR028C	0.78525
2528	YKR047W	0.7851
2529	YDR364C	0.7851
2530	YBR274W	0.78509
2531	YGL049C	0.78504
2532	YOR176W	0.78495
2533	YKL003C	0.78494
2534	YIL059C	0.78489
2535	YDR183W	0.78487
2536	YJL175W	0.78482
2537	YPL270W	0.78482
2538	YFR020W	0.78481
2539	YOR136W	0.78475
2540	YGL259W	0.78472
2541	YMR316C-B	0.7847
2542	YHR002W	0.78469
2543	YDR510C-A	0.78461
2544	YPR066W	0.78456
2545	YLR085C	0.78452
2546	YLR255C	0.78446
2547	YJR046W	0.78444
2548	YJR118C	0.78443
2549	YDL034W	0.78442
2550	YDR182W	0.78442
2551	YDL154W	0.78442
2552	YPL147W	0.78439
2553	YHR194W	0.78439
2554	YML024W	0.78438
2555	YBL062W	0.78436
2556	YDR061W	0.78436
2557	YAL048C	0.78434
2558	YDR041W	0.7843
2559	YDL227C	0.78426
2560	YMR302C	0.7842
2561	YIL046W	0.78415
2562	YPL140C	0.78406
2563	YDL226C	0.78403
2564	YOR200W	0.78403
2565	YKL194C	0.78399
2566	YGL260W	0.78396
2567	YNL163C	0.7839
2568	YOR218C	0.78386
2569	YNL067W-B	0.78382
2570	YIL102C	0.78382
2571	YBR207W	0.78381
2572	YOL042W	0.78378
2573	YDL017W	0.78378
2574	YNL130C-A	0.78377
2575	YMR265C	0.78373
2576	YML066C	0.78373
2577	YLR061W	0.78372
2578	YLR141W	0.78372
2579	YGL173C	0.78372
2580	YNL147W	0.78368
2581	YDR325W	0.78366
2582	YBR221W-A	0.78366
2583	YDR491C	0.78361
2584	YIL123W	0.78359
2585	YOR102W	0.78359
2586	YJL027C	0.78357
2587	YBR107C	0.78357
2588	YHR008C	0.78347
2589	YLR064W	0.78347
2590	YER082C	0.78347
2591	YDL178W	0.78346
2592	YEL044W	0.78342
2593	YMR200W	0.78338
2594	YDR498C	0.78332
2595	YLL012W	0.78332
2596	YHR072W	0.78331
2597	YDR523C	0.7833
2598	YDR355C	0.7833
2599	YOL041C	0.78322
2600	YHR203C	0.78322
2601	YJR145C	0.78322
2602	YFL021C-A	0.78317
2603	YEL035C	0.78315
2604	YDR493W	0.78312
2605	YPL003W	0.78309
2606	YDR142C	0.78308
2607	YHR028W-A	0.78304
2608	YER018C	0.78303
2609	YER049W	0.78301
2610	YOL123W	0.783
2611	YPR094W	0.783
2612	YJL186W	0.783
2613	YDL109C	0.78296
2614	YHR213W-B	0.78295
2615	YDR248C	0.78293
2616	YMR245W	0.78291
2617	YKR035W-A	0.78288
2618	YDR334W	0.78284
2619	YLR020C	0.78284
2620	YLR286W-A	0.7828
2621	YGR107W	0.78278
2622	YGR220C	0.78277
2623	YMR127C	0.78274
2624	YBR109W-A	0.78268
2625	YIL058W	0.7826
2626	YPR064W	0.78253
2627	YBR146W	0.7825
2628	YGL236C	0.78244
2629	YJL137C	0.78241
2630	YIL073C	0.78234
2631	YKL103C	0.78233
2632	YBR199W	0.7823
2633	YJL043W	0.78223
2634	YPR170W-B	0.7822
2635	YJL168C	0.78217
2636	YKL222C	0.78216
2637	YMR182W-A	0.78213
2638	YDL037C	0.78212
2639	YGR283C	0.78208
2640	YML100W-A	0.78205
2641	YOR307C	0.78198
2642	YER119C-A	0.78198
2643	YHR213W	0.78196
2644	YAR062W	0.78196
2645	YIL022W	0.78194
2646	YPR087W	0.78189
2647	YLR318W	0.78189
2648	YEL002C	0.78187
2649	YNL219C	0.78186
2650	YOR345C	0.7818
2651	YML082W	0.7817
2652	YMR321C	0.78164
2653	YJL036W	0.78164
2654	YML110C	0.78162
2655	YGL034C	0.78161
2656	YAR064W	0.7816
2657	YDR269C	0.78159
2658	YGR241C	0.78159
2659	YGR088W	0.78153
2660	YKL147C	0.78153
2661	YKR048C	0.7815
2662	YAR028W	0.78147
2663	YKL073W	0.78144
2664	YIR039C	0.78134
2665	YBL058W	0.7813
2666	YHL031C	0.78128
2667	YPL194W	0.78126
2668	YIL113W	0.78117
2669	YDR417C	0.78113
2670	YIL076W	0.78098
2671	YOR290C	0.78097
2672	YOR091W	0.78095
2673	YDL039C	0.78089
2674	YGR103W	0.78087
2675	YDL130W	0.78085
2676	YHR131W-A	0.78083
2677	YIL128W	0.78067
2678	YDR537C	0.78064
2679	YML019W	0.78063
2680	YCR081C-A	0.78061
2681	YOR277C	0.78057
2682	YDR109C	0.78057
2683	YDL022C-A	0.78057
2684	YGL024W	0.78054
2685	YDL143W	0.78054
2686	YBR116C	0.78053
2687	YPR137W	0.78053
2688	YLR375W	0.78051
2689	YDR274C	0.78046
2690	YCR079W	0.78045
2691	YDR330W	0.78043
2692	YHL045W	0.78039
2693	YJR008W	0.78037
2694	YIR023C-A	0.78035
2695	YDL026W	0.78028
2696	YBR055C	0.78027
2697	YLR122C	0.78027
2698	YPL117C	0.78027
2699	YHR076W	0.78026
2700	YLR037C	0.78025
2701	YOR252W	0.78023
2702	YLR021W	0.78021
2703	YMR155W	0.78021
2704	YOR268C	0.78019
2705	YOL039W	0.78018
2706	YDR286C	0.78016
2707	YFR027W	0.78016
2708	YGR232W	0.78016
2709	YDR435C	0.78009
2710	YIL028W	0.78004
2711	YGL018C	0.77994
2712	YIR040C	0.77991
2713	YDL060W	0.77991
2714	YHR171W	0.77982
2715	YDR387C	0.77977
2716	YDR060W	0.77976
2717	YMR041C	0.77975
2718	YHR137W	0.77971
2719	YCR007C	0.77967
2720	YDR204W	0.77965
2721	YCL041C	0.77964
2722	YDL019C	0.77964
2723	YHL030W-A	0.77962
2724	YDR517W	0.77962
2725	YDL104C	0.77961
2726	YBR094W	0.77958
2727	YIL156W-B	0.77957
2728	YLR144C	0.77953
2729	YOL145C	0.77949
2730	YFL013W-A	0.77948
2731	YKL095W	0.77943
2732	YCL057C-A	0.77942
2733	YHR164C	0.7794
2734	YGR295C	0.77935
2735	YMR131C	0.77924
2736	YLR357W	0.77921
2737	YGR169C	0.77917
2738	YLR149C-A	0.77912
2739	YOL155C	0.77912
2740	YLL025W	0.7791
2741	YHR071C-A	0.7791
2742	YOR275C	0.77903
2743	YHR134W	0.77896
2744	YJR099W	0.77889
2745	YNL025C	0.77887
2746	YDL248W	0.77887
2747	YBR090C	0.77884
2748	YLR308W	0.7788
2749	YNL282W	0.77878
2750	YLL045C	0.77877
2751	YOL150C	0.77877
2752	YBR141W-A	0.77873
2753	YER147C-A	0.77869
2754	YMR290W-A	0.77865
2755	YMR105W-A	0.77864
2756	YDR165W	0.77863
2757	YOR034C-A	0.77858
2758	YJR161C	0.77857
2759	YBR226C	0.77855
2760	YNL083W	0.77853
2761	YPR124W	0.77852
2762	YIL125W	0.77851
2763	YMR325W	0.77851
2764	YNL180C	0.77848
2765	YAR033W	0.77847
2766	YOL056W	0.77843
2767	YKL153W	0.7784
2768	YOR251C	0.77833
2769	YGL123W	0.77832
2770	YGL235W	0.77828
2771	YPL273W	0.77828
2772	YJL063C	0.77826
2773	YIL175W	0.7782
2774	YJL222W-B	0.7782
2775	YCL054W	0.77815
2776	YEL073C	0.77815
2777	YFL046W	0.77811
2778	YKR052C	0.77811
2779	YJL154C	0.7781
2780	YPR119W	0.77805
2781	YPR093C	0.77802
2782	YDL068W	0.77797
2783	YKR025W	0.7779
2784	YMR254C	0.77789
2785	YOR382W	0.77787
2786	YCR090C	0.77783
2787	YDL165W	0.77782
2788	YGL051W	0.77777
2789	YGR268C	0.77775
2790	YNL028W	0.77775
2791	YML120C	0.77772
2792	YLR140W	0.77772
2793	YCR104W	0.77769
2794	YMR201C	0.77768
2795	YHR192W	0.77768
2796	YKL119C	0.77765
2797	YJL127W-A	0.77763
2798	YKL097C	0.77758
2799	YNR036C	0.77758
2800	YIL004C	0.77755
2801	YDR461W	0.77754
2802	YIL091C	0.77751
2803	YER080W	0.77747
2804	YDL010W	0.77745
2805	YBR084W	0.77739
2806	YGL184C	0.77738
2807	YMR078C	0.77735
2808	YOR201C	0.77735
2809	YCR030C	0.77732
2810	YDR173C	0.77731
2811	YGR050C	0.7773
2812	YIL082W	0.77729
2813	YFR033C	0.77729
2814	YFR034W-A	0.77722
2815	YCR092C	0.77721
2816	YNL036W	0.7772
2817	YAL015C	0.77718
2818	YHR139C	0.77717
2819	YBR141C	0.77709
2820	YDR391C	0.77695
2821	YMR272W-A	0.77692
2822	YPR047W	0.7769
2823	YDR372C	0.7769
2824	YER042W	0.77689
2825	YLR452C	0.77689
2826	YCL049C	0.77687
2827	YDR114C	0.77682
2828	YLL010C	0.77681
2829	YKL087C	0.7768
2830	YPR162C	0.77677
2831	YIR041W	0.77676
2832	YNL263C	0.77676
2833	YPL138C	0.77674
2834	YHR180W	0.77674
2835	YLR270W	0.77672
2836	YOL019W-A	0.77665
2837	YGR109W-A	0.77665
2838	YBR223W-A	0.77658
2839	YER157W	0.77656
2840	YDR346C	0.77654
2841	YNR030W	0.77653
2842	YMR128W	0.77649
2843	YBR293W	0.77645
2844	YPR053C	0.77645
2845	YBR061C	0.77643
2846	YJL192C	0.77642
2847	YNL184C	0.77634
2848	YJL052C-A	0.77633
2849	YEL008W	0.77625
2850	YGR270C-A	0.77621
2851	YOR022C	0.7762
2852	YPL133C	0.77619
2853	YCR041W	0.77618
2854	YAL037C-B	0.77614
2855	YNR076W	0.77611
2856	YLL064C	0.77611
2857	YLR076C	0.77606
2858	YOL047C	0.77605
2859	YKL156C-A	0.77604
2860	YMR074C	0.77604
2861	YDR432W	0.77603
2862	YJR088C	0.77603
2863	YMR042W	0.77598
2864	YGR255C	0.77598
2865	YMR049C	0.77597
2866	YNL043C	0.7759
2867	YOL099C	0.77589
2868	YOR050C	0.77587
2869	YNL317W	0.77586
2870	YLL022C	0.77585
2871	YOR082C	0.77585
2872	YCL008C	0.77584
2873	YIL041W	0.77582
2874	YML025C	0.77577
2875	YNL212W	0.77573
2876	YHR113W	0.77571
2877	YNR038W	0.7757
2878	YIL147C	0.7757
2879	YNL206C	0.77567
2880	YML089C	0.77566
2881	YJL119C	0.77565
2882	YER059W	0.77565
2883	YAL045C	0.77564
2884	YHL019C	0.77561
2885	YHR070C-A	0.7756
2886	YLR002C	0.77559
2887	YHR016C	0.77555
2888	YMR096W	0.77552
2889	YDR189W	0.7755
2890	YJL005W	0.77548
2891	YLR443W	0.77545
2892	YBR213W	0.7754
2893	YEL055C	0.77539
2894	YOL013C	0.77537
2895	YOR059C	0.77536
2896	YDL187C	0.77531
2897	YPR159C-A	0.7753
2898	YGL084C	0.77523
2899	YDR542W	0.77522
2900	YPR023C	0.77522
2901	YLL037W	0.77522
2902	YPR014C	0.77519
2903	YHL032C	0.77514
2904	YJR128W	0.77514
2905	YOR100C	0.77511
2906	YCL026C-B	0.77507
2907	YKR074W	0.77505
2908	YOR045W	0.77504
2909	YGR022C	0.77496
2910	YMR086C-A	0.77495
2911	YNL318C	0.77493
2912	YLR250W	0.77492
2913	YDL233W	0.77491
2914	YLR374C	0.77485
2915	YEL045C	0.77475
2916	YJR144W	0.77475
2917	YDL207W	0.77468
2918	YLR143W	0.77465
2919	YNL279W	0.77463
2920	YAR066W	0.77461
2921	YHR214W	0.77461
2922	YLR461W	0.7746
2923	YDL163W	0.77458
2924	YOR258W	0.77456
2925	YGR054W	0.77454
2926	YNL293W	0.77453
2927	YBL108C-A	0.77452
2928	YAL068C	0.77452
2929	YGL261C	0.77452
2930	YOL126C	0.77448
2931	YJR075W	0.77441
2932	YJR035W	0.77441
2933	YER152W-A	0.77438
2934	YHL033C	0.77435
2935	YDR428C	0.77435
2936	YDL086C-A	0.77433
2937	YML122C	0.77431
2938	YHR032C-A	0.77431
2939	YIL168W	0.77429
2940	YPL209C	0.77426
2941	YGL218W	0.77426
2942	YKL174C	0.77425
2943	YDR390C	0.77421
2944	YNL092W	0.77421
2945	YHL046C	0.7742
2946	YLR274W	0.77416
2947	YLL006W	0.77416
2948	YEL012W	0.77415
2949	YKL224C	0.77414
2950	YCL023C	0.77413
2951	YDR053W	0.77408
2952	YDL015C	0.77407
2953	YBR200W	0.77406
2954	YJL200C	0.77404
2955	YIL157C	0.774
2956	YMR150C	0.77396
2957	YIL015W	0.77394
2958	YPR059C	0.77393
2959	YFL015W-A	0.7739
2960	YBR072W	0.77386
2961	YDR512C	0.77381
2962	YML084W	0.7738
2963	YJR130C	0.77375
2964	YPL249C	0.77373
2965	YMR228W	0.77372
2966	YDR298C	0.77361
2967	YNR075W	0.77358
2968	YOR161W-A	0.77352
2969	YPL224C	0.77352
2970	YHR115C	0.77347
2971	YGR066C	0.77341
2972	YNL020C	0.77341
2973	YPL030W	0.77341
2974	YOR052C	0.7733
2975	YOR001W	0.77326
2976	YGL112C	0.77324
2977	YLR090W	0.77323
2978	YFL051C	0.77321
2979	YOR272W	0.77319
2980	YPL119C-A	0.77317
2981	YBL019W	0.77317
2982	YNL169C	0.77314
2983	YPL172C	0.77311
2984	YOR296W	0.77311
2985	YLR124W	0.77305
2986	YLR192C	0.77301
2987	YEL059W	0.773
2988	YKL102C	0.773
2989	YOR244W	0.77296
2990	YPR129W	0.77296
2991	YOR057W	0.77292
2992	YOR029W	0.77286
2993	YDR250C	0.77281
2994	YML118W	0.77278
2995	YPL025C	0.77274
2996	YDR442W	0.77272
2997	YAR031W	0.77269
2998	YNL239W	0.77265
2999	YLR105C	0.77264
3000	YHR051W	0.77255
3001	YGL164C	0.77251
3002	YOR154W	0.77249
3003	YHR085W	0.77244
3004	YHR091C	0.77244
3005	YML060W	0.77241
3006	YER002W	0.77236
3007	YDR374W-A	0.77236
3008	YGR294W	0.77235
3009	YPL277C	0.77234
3010	YNL110C	0.77232
3011	YDR320W-B	0.77231
3012	YNL299W	0.77223
3013	YBR031W	0.77222
3014	YOR160W	0.77217
3015	YCR096C	0.77214
3016	YOL060C	0.77212
3017	YPR108W-A	0.77211
3018	YDR194C	0.77208
3019	YGL144C	0.77208
3020	YGL231C	0.77207
3021	YFR007W	0.77195
3022	YGR190C	0.77194
3023	YJL152W	0.77187
3024	YIL176C	0.77186
3025	YJL223C	0.77186
3026	YBR229C	0.77186
3027	YLR362W	0.77177
3028	YHR166C	0.77174
3029	YNL238W	0.77173
3030	YER123W	0.77172
3031	YGL118C	0.7717
3032	YNL256W	0.77169
3033	YHL010C	0.77164
3034	YGL019W	0.77164
3035	YJR154W	0.77152
3036	YKL192C	0.77152
3037	YLR317W	0.77151
3038	YDR302W	0.77151
3039	YOL023W	0.77143
3040	YLR239C	0.77139
3041	YDR306C	0.77139
3042	YPR060C	0.77139
3043	YDR193W	0.77138
3044	YHR120W	0.77136
3045	YER140W	0.77134
3046	YCR046C	0.77134
3047	YDR344C	0.77132
3048	YCL002C	0.77131
3049	YDR187C	0.77127
3050	YDL161W	0.77126
3051	YBR042C	0.77126
3052	YOR035C	0.77125
3053	YNL160W	0.77123
3054	YMR229C	0.77121
3055	YMR309C	0.77119
3056	YFR056C	0.77119
3057	YOR389W	0.77118
3058	YDR268W	0.77113
3059	YLR162W	0.77111
3060	YGL161C	0.77105
3061	YFL040W	0.77104
3062	YOL161C	0.77103
3063	YCL048W	0.77102
3064	YDR012W	0.77099
3065	YPL062W	0.77096
3066	YOR125C	0.77096
3067	YFL065C	0.77092
3068	YGR269W	0.77092
3069	YNL162W-A	0.7709
3070	YGL003C	0.7709
3071	YKR032W	0.77085
3072	YGL109W	0.77085
3073	YPR017C	0.77081
3074	YHR052W	0.77079
3075	YGR176W	0.77079
3076	YGL246C	0.77077
3077	YGL027C	0.77075
3078	YPL110C	0.77072
3079	YJL142C	0.77071
3080	YJR034W	0.77071
3081	YDR349C	0.7707
3082	YJL197W	0.7707
3083	YGL251C	0.77063
3084	YDL228C	0.77062
3085	YNL062C	0.77059
3086	YBR288C	0.77057
3087	YKL223W	0.77055
3088	YJL009W	0.77055
3089	YHR213W-A	0.77054
3090	YHR095W	0.77034
3091	YKR103W	0.7703
3092	YLR156C-A	0.77029
3093	YLR159C-A	0.77029
3094	YLR154C-H	0.77029
3095	YLR157C-C	0.77029
3096	YBR301W	0.77029
3097	YNL081C	0.77028
3098	YGL243W	0.77023
3099	YER180C-A	0.7701
3100	YDR450W	0.77001
3101	YML026C	0.77001
3102	YLR301W	0.76998
3103	YER014C-A	0.76992
3104	YEL049W	0.76987
3105	YDR237W	0.76986
3106	YMR188C	0.76982
3107	YOL135C	0.76982
3108	YPL125W	0.76981
3109	YDR332W	0.76978
3110	YBR302C	0.76973
3111	YML132W	0.76973
3112	YJL183W	0.7697
3113	YNL276C	0.76967
3114	YNL336W	0.76966
3115	YPL080C	0.76966
3116	YGL179C	0.76964
3117	YHL004W	0.76963
3118	YJR005W	0.76963
3119	YLR430W	0.76961
3120	YKL007W	0.76959
3121	YBL038W	0.76958
3122	YHR199C	0.76957
3123	YAL042C-A	0.76956
3124	YBR200W-A	0.76952
3125	YEL048C	0.76951
3126	YMR173W-A	0.76945
3127	YBR185C	0.76942
3128	YPL096W	0.7694
3129	YOR379C	0.76936
3130	YPR184W	0.76936
3131	YHR090C	0.76934
3132	YIL110W	0.76932
3133	YLR284C	0.76923
3134	YPR076W	0.76914
3135	YDL045W-A	0.76906
3136	YOL014W	0.76903
3137	YLR088W	0.769
3138	YBL070C	0.76899
3139	YER048C	0.76898
3140	YBR273C	0.76895
3141	YGL111W	0.76887
3142	YNL048W	0.76884
3143	YBR032W	0.76883
3144	YGL216W	0.76879
3145	YBL006W-A	0.76879
3146	YBR105C	0.76877
3147	YKL150W	0.76877
3148	YLR266C	0.76875
3149	YPR077C	0.76873
3150	YGR145W	0.76871
3151	YNL017C	0.76866
3152	YPL045W	0.76862
3153	YBL037W	0.76862
3154	YHL002C-A	0.76858
3155	YGL141W	0.76854
3156	YGR136W	0.76851
3157	YGL250W	0.7685
3158	YLR236C	0.76848
3159	YPR203W	0.76846
3160	YML031W	0.76844
3161	YLL027W	0.76843
3162	YFL020C	0.76843
3163	YAR029W	0.76842
3164	YER088C-A	0.76841
3165	YBL044W	0.76837
3166	YER182W	0.76833
3167	YNR056C	0.76832
3168	YDL215C	0.76826
3169	YLL057C	0.76825
3170	YMR234W	0.76825
3171	YJL031C	0.7682
3172	YLL059C	0.76816
3173	YOL152W	0.76813
3174	YGL064C	0.7681
3175	YNL327W	0.76806
3176	YOR135C	0.768
3177	YHR180C-B	0.76797
3178	YDR427W	0.76796
3179	YML127W	0.76792
3180	YGR257C	0.76791
3181	YGL080W	0.7679
3182	YHL008C	0.76786
3183	YLR281C	0.76785
3184	YLR450W	0.76781
3185	YNL116W	0.76779
3186	YKR060W	0.76779
3187	YHL034W-A	0.76778
3188	YML051W	0.76778
3189	YOR150W	0.76777
3190	YNL146C-A	0.76774
3191	YGL194C	0.76759
3192	YGL199C	0.76755
3193	YPL196W	0.76753
3194	YCR085W	0.76749
3195	YHL048C-A	0.76749
3196	YHL048W	0.76748
3197	YNL149C	0.76747
3198	YKL167C	0.76744
3199	YHR022C-A	0.76741
3200	YKL132C	0.7674
3201	YMR272W-B	0.76737
3202	YMR261C	0.76728
3203	YML097C	0.76711
3204	YOL111C	0.76711
3205	YJR079W	0.76705
3206	YCR086W	0.76693
3207	YPL215W	0.76691
3208	YBR121C-A	0.76691
3209	YIL134W	0.76681
3210	YJR052W	0.7668
3211	YPL101W	0.7668
3212	YHR206W	0.76669
3213	YDL105W	0.76668
3214	YPL143W	0.76667
3215	YPL251W	0.76664
3216	YEL067C	0.76664
3217	YDR230W	0.76663
3218	YCR050C	0.76661
3219	YBR251W	0.7666
3220	YPR016W-A	0.76656
3221	YDR018C	0.76643
3222	YIL002C	0.76642
3223	YGR217W	0.7664
3224	YLR379W-A	0.76636
3225	YGL083W	0.76636
3226	YLR104W	0.76636
3227	YBR119W	0.76634
3228	YLR296W	0.76631
3229	YLR419W	0.76624
3230	YLR062C	0.76616
3231	YLR455W	0.76613
3232	YFL047W	0.7661
3233	YIL023C	0.76602
3234	YDR354C-A	0.76601
3235	YPL135C-A	0.76598
3236	YGR051C	0.76592
3237	YDR044W	0.76592
3238	YKL066W	0.7659
3239	YER107W-A	0.76575
3240	YLR114C	0.76573
3241	YNL291C	0.76568
3242	YBR147W	0.76565
3243	YNL089C	0.76557
3244	YLR080W	0.76557
3245	YIR043C	0.76556
3246	YBR010W	0.76552
3247	YOL146W	0.7655
3248	YGL248W	0.76548
3249	YLR159W	0.76544
3250	YLR156W	0.76544
3251	YLR161W	0.76544
3252	YOR005C	0.7654
3253	YKL018W	0.76535
3254	YPR125W	0.76534
3255	YDR322C-A	0.76531
3256	YBR176W	0.76524
3257	YER005W	0.76518
3258	YDR308C	0.76516
3259	YGR143W	0.76514
3260	YOR215C	0.7651
3261	YGL123C-A	0.7651
3262	YML031C-A	0.76504
3263	YDR531W	0.76501
3264	YDR293C	0.76501
3265	YJL042W	0.76498
3266	YPL132W	0.76496
3267	YOR203W	0.76494
3268	YDR434W	0.76494
3269	YHL014C	0.76492
3270	YMR076C	0.76492
3271	YCL046W	0.76491
3272	YOR130C	0.76488
3273	YEL076C	0.76486
3274	YFL010W-A	0.76486
3275	YOR072W	0.76486
3276	YBL069W	0.7648
3277	YBR099C	0.7648
3278	YDR132C	0.76479
3279	YDL032W	0.76478
3280	YLR316C	0.76473
3281	YHR086W	0.76471
3282	YNL063W	0.76469
3283	YJL047C	0.76469
3284	YDR370C	0.76469
3285	YPL104W	0.76467
3286	YCR073C	0.76465
3287	YJL028W	0.76463
3288	YOL037C	0.76463
3289	YNL286W	0.76462
3290	YLR025W	0.7646
3291	YOL043C	0.76457
3292	YNL131W	0.76457
3293	YGR005C	0.76448
3294	YBR205W	0.76448
3295	YDR169C-A	0.76446
3296	YML105C	0.76439
3297	YBR134W	0.76435
3298	YLR047C	0.76431
3299	YJL053W	0.7643
3300	YOL049W	0.76423
3301	YMR122C	0.76419
3302	YCL064C	0.76417
3303	YDR282C	0.76414
3304	YHL019W-A	0.76413
3305	YDL213W-A	0.76411
3306	YJR113C	0.76405
3307	YPL190C	0.764
3308	YDR054C	0.76399
3309	YOR363C	0.76398
3310	YFR010W-A	0.76398
3311	YKL076C	0.76396
3312	YPL116W	0.7639
3313	YGL016W	0.76389
3314	YKL056C	0.76388
3315	YDL156W	0.76387
3316	YKR075W-A	0.76387
3317	YKL131W	0.76385
3318	YOR234C	0.76383
3319	YLR464W	0.76376
3320	YEL076C-A	0.76376
3321	YEL033W	0.76371
3322	YIR020C	0.7637
3323	YOR299W	0.76367
3324	YOR231W	0.76366
3325	YHR069C	0.76364
3326	YGR194C	0.7636
3327	YDR154C	0.76359
3328	YLR279W	0.76355
3329	YCR064C	0.76355
3330	YOL010W	0.76352
3331	YDR210W	0.76348
3332	YKL036C	0.76346
3333	YBR009C	0.76344
3334	YGR271C-A	0.76333
3335	YPL114W	0.76326
3336	YCR087W	0.76304
3337	YPR195C	0.76301
3338	YFL062W	0.76296
3339	YGR003W	0.76284
3340	YKL115C	0.7628
3341	YPL176C	0.76278
3342	YOR068C	0.76277
3343	YDL167C	0.76273
3344	YIL151C	0.76267
3345	YDR419W	0.76266
3346	YKL198C	0.76266
3347	YJL075C	0.76266
3348	YKL006C-A	0.76265
3349	YML030W	0.76263
3350	YNL004W	0.76262
3351	YGL258W-A	0.7626
3352	YIL107C	0.76258
3353	YLR133W	0.76258
3354	YNR021W	0.76256
3355	YLR393W	0.76256
3356	YNL251C	0.76243
3357	YPL225W	0.76242
3358	YDR178W	0.76241
3359	YAR053W	0.7624
3360	YKL100C	0.76238
3361	YIL138C	0.76237
3362	YBR232C	0.76236
3363	YDR118W-A	0.76236
3364	YBL087C	0.76235
3365	YER117W	0.76235
3366	YDR171W	0.76232
3367	YGR157W	0.76229
3368	YOR314W-A	0.76226
3369	YBR103C-A	0.76224
3370	YPL136W	0.76222
3371	YPL181W	0.76219
3372	YOL155W-A	0.76216
3373	YPL100W	0.76213
3374	YAL067W-A	0.7621
3375	YHL022C	0.76202
3376	YML115C	0.76202
3377	YDR503C	0.762
3378	YOR212W	0.76198
3379	YLR157W-E	0.76188
3380	YIR032C	0.76184
3381	YDL221W	0.76172
3382	YOR294W	0.76168
3383	YIR023W	0.76165
3384	YMR312W	0.76165
3385	YNL097C-B	0.76165
3386	YER141W	0.76164
3387	YNR058W	0.76163
3388	YGL045W	0.76158
3389	YLR269C	0.76155
3390	YML042W	0.76155
3391	YDR467C	0.76153
3392	YNL250W	0.76152
3393	YPL210C	0.76143
3394	YOR278W	0.76136
3395	YEL050C	0.76134
3396	YPL250W-A	0.76133
3397	YLR075W	0.76127
3398	YNL193W	0.76126
3399	YBL039C-A	0.76125
3400	YDL159W	0.76124
3401	YKL206C	0.76123
3402	YIL140W	0.76119
3403	YPR189W	0.76117
3404	YDL071C	0.76115
3405	YGR261C	0.76115
3406	YIR021W	0.761
3407	YOL048C	0.76099
3408	YGR062C	0.76096
3409	YLR319C	0.76083
3410	YCL032W	0.76082
3411	YOR008C-A	0.7608
3412	YDL232W	0.76078
3413	YMR247W-A	0.76077
3414	YLR347W-A	0.76077
3415	YDL172C	0.76076
3416	YOL121C	0.76073
3417	YLR093C	0.7607
3418	YDR077W	0.76068
3419	YDL111C	0.76067
3420	YJL091C	0.76065
3421	YFL029C	0.76061
3422	YJL169W	0.76056
3423	YOL116W	0.76056
3424	YDR382W	0.76054
3425	YFR002W	0.76052
3426	YDL033C	0.76051
3427	YKL179C	0.76048
3428	YKL183C-A	0.76047
3429	YFR052C-A	0.76044
3430	YLR264C-A	0.76036
3431	YPL022W	0.76034
3432	YGR146C-A	0.76032
3433	YOR132W	0.7603
3434	YJL126W	0.76029
3435	YGR186W	0.76027
3436	YDR337W	0.76025
3437	YOR141C	0.76022
3438	YMR013C-A	0.76017
3439	YDL195W	0.76016
3440	YHR188C	0.76013
3441	YOR335W-A	0.7601
3442	YNL258C	0.76008
3443	YCR049C	0.76008
3444	YPL098C	0.76007
3445	YMR097C	0.76006
3446	YLR302C	0.76002
3447	YDR289C	0.76001
3448	YHR038W	0.76
3449	YKL096W	0.75999
3450	YLR379W	0.75987
3451	YHR180W-A	0.75984
3452	YOL141W	0.75977
3453	YOR002W	0.75975
3454	YBR076C-A	0.75974
3455	YBR144C	0.75972
3456	YCR024C-B	0.75972
3457	YOL013W-A	0.75971
3458	YCR097W-A	0.7597
3459	YOR010C	0.7597
3460	YBL061C	0.75969
3461	YOR138C	0.75967
3462	YOR018W	0.75964
3463	YMR119W-A	0.75957
3464	YGR193C	0.75953
3465	YBR196C-B	0.75952
3466	YIR020C-B	0.75951
3467	YER053C-A	0.75944
3468	YJR006W	0.75942
3469	YLR123C	0.7594
3470	YDR058C	0.75937
3471	YOR219C	0.75935
3472	YOR054C	0.75934
3473	YPL162C	0.7593
3474	YOR167C	0.75929
3475	YEL018C-A	0.75926
3476	YJL120W	0.75924
3477	YNL261W	0.75922
3478	YNL216W	0.75915
3479	YMR112C	0.75914
3480	YGR101W	0.7591
3481	YNL124W	0.75908
3482	YDR444W	0.75907
3483	YOR146W	0.75906
3484	YER098W	0.75903
3485	YGR226C	0.75903
3486	YJR112W	0.75901
3487	YPR057W	0.75899
3488	YGR216C	0.75893
3489	YDR479C	0.75893
3490	YMR055C	0.75892
3491	YEL015W	0.7589
3492	YPR160W-A	0.75887
3493	YFL031W	0.75887
3494	YDR220C	0.75887
3495	YCR045W-A	0.75886
3496	YLR416C	0.75886
3497	YOR330C	0.75885
3498	YLR331C	0.75884
3499	YDL196W	0.75882
3500	YAL033W	0.7588
3501	YER037W	0.75877
3502	YHR086W-A	0.75874
3503	YNL173C	0.75872
3504	YKR063C	0.75871
3505	YHR073C-B	0.75867
3506	YNL218W	0.75864
3507	YDR538W	0.75861
3508	YHR075C	0.7586
3509	YDL066W	0.75858
3510	YKR087C	0.75858
3511	YPL053C	0.75854
3512	YOR031W	0.75851
3513	YGR117C	0.75847
3514	YFR022W	0.75846
3515	YPL084W	0.75843
3516	YAR070C	0.75843
3517	YBL095W	0.75838
3518	YLR264W	0.75833
3519	YOR073W-A	0.75833
3520	YDL198C	0.75832
3521	YCL016C	0.75829
3522	YJL194W	0.75827
3523	YGL063C-A	0.75826
3524	YOR051C	0.75825
3525	YLR116W	0.75824
3526	YMR008C-A	0.75823
3527	YGR009C	0.75822
3528	YGR154C	0.75821
3529	YHR054W-A	0.75821
3530	YHR052W-A	0.75821
3531	YPR154W	0.75815
3532	YLR235C	0.75814
3533	YHR139C-A	0.75813
3534	YCL037C	0.75805
3535	YNL168C	0.75805
3536	YOL097W-A	0.75802
3537	YNR040W	0.75802
3538	YJL067W	0.75801
3539	YJL156W-A	0.75801
3540	YPL112C	0.75801
3541	YEL053C	0.758
3542	YBR036C	0.75795
3543	YDR288W	0.75793
3544	YBR233W	0.7579
3545	YML011C	0.75785
3546	YDL171C	0.75783
3547	YAL034W-A	0.75782
3548	YHL007C	0.75777
3549	YAL001C	0.75776
3550	YJR135W-A	0.75773
3551	YKR049C	0.75771
3552	YDR036C	0.7577
3553	YOR364W	0.75766
3554	YOR072W-A	0.75765
3555	YIL167W	0.75763
3556	YHR214C-E	0.75761
3557	YDR496C	0.75761
3558	YHR133C	0.75755
3559	YGL088W	0.75755
3560	YIL008W	0.75754
3561	YMR269W	0.75748
3562	YMR166C	0.75744
3563	YKL071W	0.75738
3564	YER011W	0.75736
3565	YDL025W-A	0.75729
3566	YJR038C	0.75726
3567	YNL306W	0.75721
3568	YPL205C	0.7572
3569	YKL055C	0.75719
3570	YIR007W	0.75719
3571	YLR207W	0.75718
3572	YMR125W	0.75717
3573	YOR353C	0.75708
3574	YOL128C	0.75707
3575	YCL048W-A	0.75707
3576	YNL269W	0.75705
3577	YIL156W-A	0.75704
3578	YNL094W	0.75701
3579	YBR060C	0.75698
3580	YIL131C	0.75697
3581	YCR014C	0.75697
3582	YMR102C	0.7569
3583	YPL182C	0.75689
3584	YCL065W	0.75688
3585	YMR031W-A	0.75686
3586	YPL063W	0.75685
3587	YDL231C	0.75683
3588	YML081C-A	0.75677
3589	YDL030W	0.75676
3590	YKL077W	0.75675
3591	YBR271W	0.7567
3592	YPR135W	0.75668
3593	YNL296W	0.75665
3594	YLR427W	0.75662
3595	YBR086C	0.75659
3596	YNL298W	0.75657
3597	YEL030C-A	0.75655
3598	YNL302C	0.75653
3599	YIL154C	0.75652
3600	YJR120W	0.7565
3601	YJR018W	0.75649
3602	YGR236C	0.75647
3603	YNR075C-A	0.75643
3604	YKL170W	0.75642
3605	YJL139C	0.75642
3606	YKR069W	0.7564
3607	YOR183W	0.75639
3608	YLR368W	0.75639
3609	YDL240W	0.75639
3610	YJL015C	0.75638
3611	YNL324W	0.75635
3612	YDL021W	0.75634
3613	YGL072C	0.75633
3614	YIL115W-A	0.75623
3615	YER061C	0.75623
3616	YJL022W	0.7562
3617	YDR162C	0.7562
3618	YHR126C	0.75619
3619	YER087C-B	0.75618
3620	YDR152W	0.75617
3621	YPL195W	0.75616
3622	YDR253C	0.75615
3623	YNL103W-A	0.75613
3624	YIR018C-A	0.75611
3625	YDL054C	0.7561
3626	YIL012W	0.75608
3627	YGR064W	0.75602
3628	YKL219W	0.756
3629	YKR064W	0.75591
3630	YLL019W-A	0.75584
3631	YGR290W	0.7558
3632	YLR009W	0.75578
3633	YJL222W-A	0.75577
3634	YIL174W	0.75577
3635	YMR189W	0.75576
3636	YOL083C-A	0.75575
3637	YPL019C	0.75571
3638	YBR089W	0.7557
3639	YBL083C	0.75566
3640	YMR213W	0.75565
3641	YJL096W	0.75557
3642	R0020C	0.75555
3643	YDR004W	0.75552
3644	YMR194C-A	0.75551
3645	YJL197C-A	0.7554
3646	YNL284C	0.7554
3647	YKL178C	0.7554
3648	YER172C-A	0.75538
3649	YOR267C	0.75538
3650	YNL042W-B	0.75538
3651	YKR073C	0.75537
3652	YBL047C	0.75535
3653	YOL108C	0.75533
3654	YLR107W	0.75528
3655	YHL049C	0.75526
3656	YPR036W	0.75526
3657	YER144C	0.75524
3658	YDR430C	0.75524
3659	YGL152C	0.75523
3660	YNL273W	0.75522
3661	Q0060	0.7552
3662	YLR115W	0.75518
3663	YDR102C	0.75516
3664	YOR009W	0.7551
3665	YJR019C	0.75507
3666	YOR067C	0.75505
3667	YOL149W	0.75501
3668	YOR340C	0.75501
3669	YKL040C	0.755
3670	YDR215C	0.75499
3671	YNR001W-A	0.75498
3672	YMR013W-A	0.75492
3673	YGR212W	0.75485
3674	YDR311W	0.75478
3675	YNL137C	0.75472
3676	YIL134C-A	0.75471
3677	YGR069W	0.75468
3678	YPL023C	0.75464
3679	YMR158W	0.75463
3680	YEL020C-B	0.75461
3681	YDR122W	0.75457
3682	YBR030W	0.75456
3683	YHR077C	0.75454
3684	YNL144W-A	0.75454
3685	YMR233W	0.75453
3686	YOR198C	0.75448
3687	YPL109C	0.75446
3688	YPR063C	0.75445
3689	YOR014W	0.75442
3690	YIL161W	0.75437
3691	YMR289W	0.75434
3692	YIR044C	0.75432
3693	YIR020W-A	0.75431
3694	YMR177W	0.7543
3695	YDR319C	0.75426
3696	YKL139W	0.75423
3697	YHR118C	0.75423
3698	YKL044W	0.75415
3699	YDL157C	0.75413
3700	YIL011W	0.7541
3701	YPR105C	0.7541
3702	YAL051W	0.75409
3703	YMR317W	0.75409
3704	YCR047W-A	0.75404
3705	YHL006W-A	0.75404
3706	YDR233C	0.75402
3707	YBL033C	0.75398
3708	YGL213C	0.75396
3709	YAL059C-A	0.75395
3710	YPL064C	0.75395
3711	YOR025W	0.7539
3712	YNL303W	0.75389
3713	YLR128W	0.75388
3714	YGR183C	0.75386
3715	YLR112W	0.75383
3716	YJR044C	0.75379
3717	YCR071C	0.75375
3718	YGR027C	0.75372
3719	YIR030W-A	0.7537
3720	YJL191W	0.75368
3721	YBR027C	0.75367
3722	YPL145C	0.75363
3723	YML034C-A	0.75358
3724	YJL129C	0.75352
3725	YOR199W	0.75351
3726	YHL005C	0.75349
3727	YJR076C	0.75344
3728	YKR058W	0.75342
3729	YGL110C	0.75339
3730	YMR316C-A	0.75334
3731	YER145C-A	0.75332
3732	YLR125W	0.75329
3733	YMR223W	0.75328
3734	YLR045C	0.75328
3735	YJL003W	0.75324
3736	YCR088W	0.75323
3737	YOL085C	0.75323
3738	YKL058W	0.7532
3739	YLR280C	0.75316
3740	YAR035C-A	0.75315
3741	YLR077W	0.75307
3742	YMR001C-A	0.75305
3743	YIL047C-A	0.75302
3744	YNR054C	0.75295
3745	YPR091C	0.75294
3746	YIL029W-A	0.75294
3747	YGR031C-A	0.75292
3748	YBL049W	0.75289
3749	YGL102C	0.75289
3750	YKL125W	0.75285
3751	YLR444C	0.75274
3752	YDL162C	0.7527
3753	YML061C	0.75266
3754	YLR448W	0.75265
3755	YPL083C	0.75265
3756	YPL044C	0.75257
3757	YAR069C	0.75256
3758	YHR214C-D	0.75256
3759	YAL034C-B	0.75254
3760	YER101C	0.75244
3761	YCL058C	0.75243
3762	YPL009C	0.75243
3763	YOL057W	0.75243
3764	YDR504C	0.75235
3765	YLR248W	0.75235
3766	YPL029W	0.75232
3767	YPL056C	0.7523
3768	YJR022W	0.75228
3769	YMR007W	0.75227
3770	YMR227C	0.75219
3771	YHL015W-A	0.75214
3772	YNL182C	0.75206
3773	YLR154C-G	0.75202
3774	YMR291W	0.75198
3775	YMR259C	0.75195
3776	YPL263C	0.75194
3777	YNL310C	0.75192
3778	YBR280C	0.75191
3779	YMR230W-A	0.75189
3780	YER046W-A	0.75188
3781	YFR026C	0.75187
3782	YIR017C	0.75186
3783	YLL054C	0.75185
3784	YIL068W-A	0.75178
3785	YDR064W	0.75172
3786	YKL214C	0.75169
3787	YOR108C-A	0.75166
3788	YBR005W	0.75165
3789	YDR246W-A	0.75162
3790	YHR198C	0.75154
3791	YPR018W	0.75154
3792	YOR008C	0.7515
3793	YGR259C	0.75147
3794	Q0055	0.75146
3795	YDR010C	0.75145
3796	YNL009W	0.75133
3797	YML100W	0.75133
3798	YFL010C	0.7513
3799	YNL283C	0.75128
3800	YNL119W	0.75125
3801	YGR265W	0.7512
3802	YGL204C	0.7512
3803	YIL017C	0.75119
3804	YOR216C	0.75108
3805	YLR120W-A	0.751
3806	YDR471W	0.75098
3807	YLR325C	0.75095
3808	YIL079C	0.75095
3809	YLL062C	0.7509
3810	YMR035W	0.75087
3811	YNR005C	0.75085
3812	YOL077W-A	0.75082
3813	YOR300W	0.75077
3814	YDR524W-C	0.75077
3815	YGL187C	0.75076
3816	YDR106W	0.75076
3817	YOL160W	0.75068
3818	YDR244W	0.75065
3819	YOR134W	0.75061
3820	YHR010W	0.7506
3821	YBR028C	0.75059
3822	YNL150W	0.75056
3823	YLR111W	0.75052
3824	YLR013W	0.75051
3825	YJL203W	0.75051
3826	YLR371W	0.75049
3827	YBL065W	0.75047
3828	YJL077C	0.75044
3829	YML095C	0.75042
3830	YOL027C	0.75041
3831	YMR087W	0.7504
3832	YHR124W	0.75036
3833	YCR042C	0.75035
3834	YKL010C	0.75033
3835	YKL177W	0.75032
3836	YOR281C	0.75029
3837	YMR110C	0.75026
3838	YGL125W	0.75021
3839	YLR333C	0.75018
3840	YPR104C	0.75017
3841	YJL025W	0.75015
3842	YDR290W	0.75009
3843	YFL064C	0.75007
3844	YMR168C	0.75006
3845	YCR093W	0.75002
3846	YDR482C	0.75001
3847	YCR031C	0.75
3848	YKL047W	0.74998
3849	YJL133W	0.74997
3850	YGR068W-A	0.74994
3851	YJL004C	0.74992
3852	YDL209C	0.74992
3853	YJR004C	0.74988
3854	YHL012W	0.74983
3855	YMR158W-B	0.74977
3856	YNL236W	0.74977
3857	YDR360W	0.74975
3858	YLR261C	0.74972
3859	YKL173W	0.74967
3860	YLR103C	0.74964
3861	YJL102W	0.74963
3862	YGL217C	0.74958
3863	YBR178W	0.74957
3864	YIL038C	0.74957
3865	YHR196W	0.74955
3866	YER148W-A	0.74949
3867	YNL217W	0.74948
3868	YJL006C	0.74948
3869	YDR087C	0.74946
3870	YJL184W	0.7494
3871	YCR102W-A	0.74929
3872	YMR135W-A	0.74923
3873	YCR025C	0.74923
3874	YDR327W	0.74921
3875	YNL277W-A	0.7492
3876	YDL003W	0.74919
3877	YJR050W	0.74915
3878	YIL006W	0.74913
3879	YDR472W	0.74908
3880	YLR415C	0.74908
3881	YDL234C	0.74903
3882	YCR038C	0.74898
3883	YPL148C	0.74897
3884	YHR067W	0.74895
3885	YLR387C	0.7489
3886	YLL038C	0.74889
3887	YLR240W	0.74884
3888	YLR032W	0.74878
3889	YBL101C	0.7487
3890	YOL022C	0.74868
3891	YJL215C	0.74864
3892	YPR130C	0.74862
3893	YNL114C	0.74859
3894	YHR021W-A	0.74855
3895	YFR016C	0.74851
3896	YDR521W	0.74849
3897	YMR103C	0.74847
3898	YBR231C	0.74847
3899	YDR168W	0.74841
3900	YDR301W	0.74828
3901	YOL148C	0.74827
3902	YLR162W-A	0.74827
3903	YGL244W	0.74826
3904	YLR202C	0.74826
3905	YNL289W	0.74825
3906	YOR314W	0.74819
3907	YPR006C	0.74817
3908	YPL065W	0.74816
3909	YOR316C-A	0.74812
3910	YDR347W	0.7481
3911	YDR266C	0.7481
3912	YAL047W-A	0.74809
3913	YKL215C	0.74802
3914	YNL252C	0.74793
3915	YMR216C	0.74793
3916	YML130C	0.74792
3917	YBR067C	0.74781
3918	YIR017W-A	0.74781
3919	YML129C	0.74779
3920	YER151C	0.74771
3921	YKL188C	0.74768
3922	YJR098C	0.74767
3923	YGR038W	0.74766
3924	YOR090C	0.74763
3925	YGR202C	0.74761
3926	YDR379C-A	0.7476
3927	YGR099W	0.74757
3928	YOR179C	0.74757
3929	YNL242W	0.74756
3930	YDR174W	0.74753
3931	YIL085C	0.74752
3932	YNL035C	0.74751
3933	YDR205W	0.7475
3934	YHR011W	0.74744
3935	YGL032C	0.74743
3936	YOR383C	0.74741
3937	YBR111W-A	0.7474
3938	YOR245C	0.74739
3939	YDR393W	0.74738
3940	YJL193W	0.74735
3941	YGL094C	0.74731
3942	YOR156C	0.74727
3943	YNL228W	0.74725
3944	YMR004W	0.74724
3945	YLL006W-A	0.74722
3946	YJL135W	0.7472
3947	YER150W	0.74719
3948	YML073C	0.74718
3949	YOR233W	0.74718
3950	YCR067C	0.74713
3951	YFL009W	0.74712
3952	YGL177W	0.74709
3953	YOR360C	0.74709
3954	YPL007C	0.74709
3955	YOL038C-A	0.74709
3956	YML116W-A	0.74706
3957	YOR111W	0.74694
3958	YDR278C	0.74693
3959	YDR126W	0.74693
3960	YOR225W	0.7469
3961	YBR113W	0.74689
3962	YLR016C	0.74682
3963	YDR150W	0.7468
3964	YDL150W	0.7468
3965	YOL054W	0.74677
3966	YJR114W	0.74676
3967	YMR043W	0.74676
3968	YGL149W	0.74675
3969	YJR023C	0.7467
3970	YLR311C	0.7467
3971	YPR160C-A	0.74667
3972	YLR342W-A	0.74656
3973	YDL053C	0.74656
3974	YGR166W	0.74656
3975	YMR156C	0.74655
3976	YCL068C	0.74653
3977	YGR110W	0.74646
3978	YKL053W	0.74646
3979	YDL009C	0.74645
3980	YGL254W	0.7464
3981	YLR226W	0.74632
3982	YOL102C	0.74631
3983	YLR299W	0.74625
3984	YMR033W	0.74625
3985	YEL008C-A	0.74624
3986	YLL020C	0.74622
3987	YGR182C	0.7462
3988	YLR322W	0.7462
3989	YPR141C	0.74614
3990	YBR260C	0.74609
3991	YHR060W	0.74608
3992	YDR526C	0.74604
3993	YKL104W-A	0.74604
3994	YGL153W	0.74599
3995	YKL075C	0.74597
3996	YGR204C-A	0.74596
3997	YER154W	0.74596
3998	YFR045W	0.74595
3999	YDR478W	0.74591
4000	YOR033C	0.74582
4001	YKL137W	0.74582
4002	YMR028W	0.7458
4003	YLR163C	0.7458
4004	YBR074W	0.74571
4005	YGR149W	0.74567
4006	YML048W	0.74564
4007	YHR073W-A	0.74559
4008	YJL188C	0.74558
4009	YPL188W	0.74558
4010	YLR164W	0.74555
4011	YPR048W	0.74551
4012	YJR150C	0.74549
4013	YPL247C	0.74547
4014	YJL202C	0.74545
4015	YER083C	0.74544
4016	YOR386W	0.74537
4017	YBL035C	0.74535
4018	YPL185W	0.74534
4019	YOR026W	0.74529
4020	YDL024C	0.74525
4021	YAL055W	0.74522
4022	YIL089W	0.7452
4023	YOL079W	0.74519
4024	YER067C-A	0.74517
4025	YGR102C	0.74516
4026	YGL052W	0.74513
4027	YGR116W	0.74511
4028	YKL172W	0.74507
4029	YLR206W	0.74504
4030	YPL243W	0.74503
4031	YCR083W	0.74502
4032	YJL141C	0.74501
4033	YNR003W-A	0.74499
4034	YLL030C	0.74499
4035	YHR172W	0.74493
4036	YPL152W-A	0.74489
4037	YOR038C	0.74486
4038	YER068C-A	0.74486
4039	YNL186W	0.74482
4040	YGR045C	0.74477
4041	YDR421W	0.74473
4042	YPL038W	0.74469
4043	YLR154W-B	0.74466
4044	YDR440W	0.74463
4045	YKL123W	0.74463
4046	YDR410C	0.74462
4047	YER023C-A	0.74452
4048	YKL090W	0.7445
4049	YDR206W	0.74446
4050	YBL020W	0.74438
4051	YDR316W	0.74437
4052	YNR069C	0.74437
4053	YIL100W	0.74436
4054	YHL043W	0.74434
4055	YPL198W	0.74433
4056	YDR366C	0.74428
4057	YMR047C	0.74416
4058	YHR007C-A	0.74416
4059	YDR015C	0.74413
4060	YOL052C-A	0.74412
4061	YER030W	0.74411
4062	YML013W	0.74405
4063	YHR150W	0.74403
4064	YDR363W-A	0.74396
4065	YKR061W	0.74392
4066	YJR136C	0.74383
4067	YLR285C-A	0.74382
4068	YER021W	0.74382
4069	YBR246W	0.74381
4070	YKL064W	0.74377
4071	YGL188C	0.74376
4072	YDR136C	0.74372
4073	YBR298C-A	0.74371
4074	YBR253W	0.7437
4075	YGL103W	0.7437
4076	YOR282W	0.74363
4077	YCR054C	0.7436
4078	YEL050W-A	0.74359
4079	YGR006W	0.74356
4080	YML088W	0.74351
4081	YHL037C	0.74346
4082	YIR006C	0.74344
4083	YPR177C	0.74338
4084	YER058W	0.74334
4085	YBR059C	0.74328
4086	YJR090C	0.74328
4087	YBR085C-A	0.74328
4088	YCL076W	0.74325
4089	YML049C	0.7432
4090	YAL064W	0.74317
4091	YGL129C	0.74316
4092	YPR050C	0.74314
4093	YKL142W	0.74311
4094	YPR039W	0.74303
4095	YNL320W	0.74303
4096	YPL173W	0.74301
4097	YFR009W-A	0.74296
4098	YBR206W	0.74293
4099	YOR269W	0.74293
4100	YJR036C	0.74291
4101	YKL083W	0.7429
4102	YBR158W	0.74285
4103	YNL085W	0.74274
4104	YJR033C	0.74272
4105	YNL158W	0.74271
4106	YOL051W	0.74269
4107	YDL175C	0.74266
4108	YPL191C	0.74266
4109	YNL179C	0.74259
4110	YKR035C	0.74255
4111	YHR125W	0.74254
4112	YCR035C	0.74253
4113	YDR175C	0.74252
4114	YPR133W-A	0.74252
4115	YLR097C	0.74252
4116	YBL008W	0.74246
4117	YBR247C	0.74246
4118	YDR407C	0.7424
4119	YGL098W	0.74233
4120	YLR071C	0.74233
4121	YMR157C	0.74227
4122	YPL038W-A	0.74225
4123	YAL014C	0.74222
4124	YHR022C	0.74209
4125	YMR141C	0.74205
4126	YOR072W-B	0.74202
4127	YOR075W	0.74196
4128	YKR071C	0.74194
4129	YDR095C	0.74192
4130	YJR031C	0.74191
4131	YGR112W	0.74191
4132	YGL228W	0.74185
4133	YLR365W	0.74183
4134	YDR365C	0.74181
4135	YOL026C	0.7418
4136	YOR312C	0.74179
4137	YMR242C	0.74179
4138	YGR223C	0.74169
4139	YPL233W	0.74168
4140	YOL076W	0.74167
4141	YNL221C	0.74166
4142	YIL029C	0.74165
4143	YJL211C	0.74164
4144	YGL239C	0.74163
4145	YDR371C-A	0.74158
4146	YMR307C-A	0.74153
4147	YJR039W	0.74148
4148	YDL058W	0.74144
4149	YFL036W	0.74138
4150	YIL050W	0.74128
4151	YIL087C	0.74127
4152	YMR231W	0.74121
4153	YJL136W-A	0.74119
4154	YDR535C	0.74115
4155	YKL096W-A	0.74114
4156	YDR525W	0.7411
4157	YDR149C	0.74108
4158	YHR081W	0.74107
4159	YKL033W	0.74107
4160	YNL143C	0.74103
4161	YGR128C	0.74103
4162	YGL076C	0.74102
4163	YEL016C	0.74102
4164	YDR403W	0.74101
4165	YKL203C	0.74094
4166	YKL057C	0.74092
4167	YJL206C	0.7409
4168	YBR277C	0.74079
4169	YGR119C	0.74072
4170	YMR286W	0.74063
4171	YNL032W	0.74059
4172	YNR023W	0.74053
4173	YDR426C	0.74052
4174	YOR008W-B	0.74047
4175	YJL127C-B	0.74046
4176	YDL148C	0.74044
4177	YKL100W-A	0.74034
4178	YOR020W-A	0.74033
4179	YOL166W-A	0.74032
4180	YPL047W	0.7403
4181	YNL325C	0.74029
4182	YGR158C	0.74027
4183	YFR037C	0.74013
4184	YAR030C	0.74009
4185	YIL032C	0.74009
4186	YHR069C-A	0.73998
4187	YGR114C	0.73997
4188	YDR003W	0.73997
4189	YAR027W	0.73994
4190	YPR175W	0.73993
4191	YML063W	0.73993
4192	YGL172W	0.73992
4193	YPR126C	0.73987
4194	YOR171C	0.73982
4195	YPR045C	0.73967
4196	YLR323C	0.73966
4197	YAL025C	0.73962
4198	YCR026C	0.73961
4199	YOR365C	0.73958
4200	YBR278W	0.73952
4201	YPR099C	0.73952
4202	YML007C-A	0.7395
4203	YER048W-A	0.73947
4204	YOR070C	0.73947
4205	YDR020C	0.73946
4206	YPL252C	0.73946
4207	Q0160	0.73944
4208	YHR080C	0.73943
4209	YLR154W-A	0.73942
4210	YCL054W-A	0.73942
4211	YFL025C	0.7394
4212	YMR039C	0.73937
4213	YBR266C	0.73934
4214	YOR376W	0.73934
4215	YNL145W	0.73932
4216	YGL257C	0.73931
4217	YHR053C	0.7393
4218	YHR055C	0.7393
4219	YGR293C	0.73923
4220	YIL115C	0.73922
4221	YDL091C	0.73911
4222	YKL165C-A	0.73904
4223	YNL294C	0.73898
4224	YHL035C	0.73896
4225	YOR041C	0.73896
4226	YMR010W	0.7389
4227	YOR263C	0.73887
4228	YIL060W	0.73886
4229	YLR364C-A	0.73883
4230	YKL169C	0.7388
4231	YDL119C	0.73879
4232	YLR015W	0.73873
4233	YDR437W	0.73868
4234	YNR042W	0.73859
4235	YEL075W-A	0.73857
4236	YMR175W-A	0.73857
4237	YBL067C	0.73857
4238	YBR126W-B	0.73843
4239	YBL080C	0.73841
4240	YER090C-A	0.73839
4241	YBL012C	0.73837
4242	YOL001W	0.73836
4243	YCR077C	0.73832
4244	YML058W-A	0.73824
4245	YPL167C	0.73819
4246	YBR281C	0.73819
4247	YBL077W	0.73815
4248	YIL061C	0.73809
4249	YGR068C	0.73808
4250	YMR012W	0.73803
4251	YDR026C	0.73799
4252	YIL150C	0.73797
4253	YIL111W	0.73797
4254	YHL001W	0.73795
4255	YPL271W	0.73793
4256	YJR151W-A	0.73787
4257	YNR018W	0.73786
4258	YOL088C	0.73782
4259	YBR258C	0.73779
4260	YPL072W	0.73777
4261	YPL073C	0.73774
4262	YNL174W	0.73773
4263	YCL012C	0.73772
4264	YDR073W	0.7377
4265	YDR241W	0.73769
4266	YDL122W	0.7376
4267	YJL123C	0.73758
4268	YDR401W	0.73751
4269	YKR033C	0.7375
4270	YFR013W	0.73744
4271	YKL043W	0.73744
4272	YDR213W	0.7374
4273	YLR463C	0.73735
4274	YGR090W	0.7373
4275	YLR441C	0.7373
4276	YDL035C	0.73729
4277	YGR014W	0.73729
4278	YIL095W	0.73729
4279	YER115C	0.73711
4280	YBR131C-A	0.7371
4281	YLR154C	0.73709
4282	YIL130W	0.73706
4283	YMR251W-A	0.73701
4284	YOR334W	0.737
4285	YML096W	0.73691
4286	YPR096C	0.73688
4287	YMR316W	0.73687
4288	YIL020C-A	0.73685
4289	YBR296C-A	0.73684
4290	YGR035W-A	0.73683
4291	YNR035C	0.73682
4292	YBL097W	0.7368
4293	YLR290C	0.73674
4294	YKL012W	0.73665
4295	YAL026C-A	0.73659
4296	YOR237W	0.73658
4297	YML032C	0.73655
4298	YIL026C	0.73652
4299	YGL127C	0.73651
4300	YLR428C	0.7365
4301	YOR309C	0.73646
4302	YLR194C	0.73645
4303	YJR142W	0.73645
4304	YPR010C-A	0.73643
4305	YDL114W-A	0.7364
4306	YDR524C-B	0.73635
4307	YPR169W	0.73633
4308	YKL201C	0.73632
4309	YKL136W	0.73625
4310	YOR293C-A	0.73625
4311	YLR361C-A	0.7362
4312	YJR097W	0.73617
4313	YNR061C	0.73614
4314	YPL189W	0.73613
4315	YPL268W	0.73609
4316	YDR157W	0.73607
4317	YBL104C	0.73603
4318	YIL105W-A	0.73595
4319	YOR305W	0.73594
4320	YDL146W	0.73593
4321	YAL002W	0.73587
4322	YJL156C	0.73584
4323	YKL006W	0.73583
4324	YHR009C	0.7358
4325	YKL175W	0.7358
4326	YNL077W	0.73572
4327	YGL169W	0.7357
4328	YMR024W	0.73568
4329	R0010W	0.73568
4330	YDL085C-A	0.73567
4331	YIL057C	0.73564
4332	YLR023C	0.73551
4333	YGL180W	0.73548
4334	YNL170W	0.73546
4335	YDR445C	0.73543
4336	YJL173C	0.73538
4337	YGR167W	0.73536
4338	YMR082C	0.73526
4339	YGL263W	0.73522
4340	YHR083W	0.7351
4341	YOR106W	0.73505
4342	YDR180W	0.73502
4343	YGR139W	0.73499
4344	YLL017W	0.73497
4345	YDR192C	0.7349
4346	YPR139C	0.73488
4347	YDR405W	0.73485
4348	YER091C-A	0.73484
4349	YDR110W	0.73484
4350	YHR122W	0.73477
4351	YJL100W	0.73477
4352	YBL074C	0.73476
4353	YDL075W	0.7347
4354	YJR140C	0.73467
4355	YLR412C-A	0.73466
4356	YOR191W	0.73465
4357	YJL165C	0.73463
4358	YMR002W	0.73462
4359	YPR150W	0.73456
4360	YMR126C	0.73455
4361	YHR032W-A	0.73453
4362	YDL059C	0.73453
4363	YLR233C	0.73449
4364	YNL138W-A	0.73448
4365	YER079C-A	0.73446
4366	YNL120C	0.73442
4367	YOR229W	0.73439
4368	YDR134C	0.73436
4369	YGR033C	0.73432
4370	YLR101C	0.7343
4371	YBR268W	0.73428
4372	YGR219W	0.73427
4373	YPR152C	0.73422
4374	YLL031C	0.73419
4375	YOR343C	0.73419
4376	YCR052W	0.73413
4377	YMR005W	0.7341
4378	YDR052C	0.73403
4379	YJR061W	0.73401
4380	YPL197C	0.73399
4381	YDL116W	0.73398
4382	YHR186C	0.73396
4383	YDR079C-A	0.73392
4384	YDR527W	0.73392
4385	YLL004W	0.73388
4386	YLR171W	0.73386
4387	YGL145W	0.7338
4388	YLR225C	0.7338
4389	YDR003W-A	0.73378
4390	YCL007C	0.73377
4391	YHR197W	0.73376
4392	YOL105C	0.73368
4393	YMR315W-A	0.7336
4394	YPR029C	0.73359
4395	YBR064W	0.73358
4396	YJR100C	0.73352
4397	YAL019W-A	0.73347
4398	YER128W	0.73342
4399	YGR188C	0.7334
4400	YML071C	0.73339
4401	YLR012C	0.73338
4402	YMR294W-A	0.73333
4403	YLR199C	0.73328
4404	YDR242W	0.73325
4405	YPL186C	0.73325
4406	YML047W-A	0.73324
4407	YOR366W	0.73317
4408	YPL228W	0.73316
4409	YCL052C	0.73312
4410	YGL188C-A	0.73306
4411	YFL031C-A	0.73304
4412	YJR115W	0.73299
4413	YMR295C	0.73299
4414	YAR019C	0.73293
4415	YHL030W	0.73291
4416	YPL079W	0.73286
4417	YDL062W	0.73283
4418	YNL069C	0.73278
4419	YNL019C	0.73276
4420	YLR063W	0.73276
4421	YJL182C	0.73274
4422	YJR051W	0.73272
4423	YDR320C-A	0.73271
4424	YLR402W	0.73267
4425	YKL140W	0.73264
4426	YNL271C	0.73264
4427	YPR072W	0.7325
4428	YBL071C-B	0.73247
4429	YOL033W	0.73243
4430	YOR161C-C	0.73241
4431	Q0070	0.73239
4432	YGR206W	0.73234
4433	YKR041W	0.73232
4434	YER078C	0.73232
4435	YBR012C	0.73228
4436	YLR314C	0.73226
4437	YLL066W-A	0.73223
4438	YLL067W-A	0.73223
4439	YFL068W	0.73223
4440	YLR390W-A	0.7322
4441	YNL033W	0.73219
4442	YDL225W	0.73219
4443	YLR370C	0.73218
4444	YMR115W	0.73199
4445	YIL177W-A	0.73197
4446	YJL225W-A	0.73197
4447	YKR021W	0.73194
4448	YNL097C	0.7319
4449	YLR406C	0.73189
4450	YMR013C	0.73174
4451	YAL013W	0.73171
4452	YIL072W	0.73167
4453	YJL007C	0.73166
4454	YPR116W	0.73166
4455	YGL007W	0.7316
4456	YMR026C	0.73159
4457	YPR071W	0.73158
4458	YPR191W	0.73157
4459	YCL004W	0.73156
4460	YDR261C	0.73155
4461	YBR193C	0.73155
4462	YDR218C	0.73153
4463	YNL080C	0.73152
4464	YGL191W	0.73143
4465	YLR385C	0.73142
4466	YMR106C	0.73136
4467	YLR425W	0.73136
4468	YMR320W	0.73136
4469	YIL052C	0.73133
4470	YNL272C	0.73133
4471	YOR302W	0.73132
4472	YOR396C-A	0.73122
4473	YLR467C-A	0.73122
4474	YLR466C-A	0.73122
4475	YGR025W	0.73119
4476	YLR035C	0.73115
4477	YIL137C	0.73109
4478	YGR042W	0.73106
4479	YPR146C	0.73106
4480	YGR174W-A	0.73094
4481	YDR271C	0.73086
4482	YNL267W	0.73086
4483	YDR101C	0.73081
4484	YIL104C	0.73079
4485	YER127W	0.73078
4486	YNL097W-A	0.73076
4487	YDL185C-A	0.73075
4488	YML111W	0.73075
4489	YIL009C-A	0.7307
4490	YDR080W	0.73069
4491	YGL158W	0.73065
4492	YBL094C	0.73064
4493	YHR056W-A	0.73059
4494	YPR132W	0.73049
4495	YGR118W	0.73049
4496	YJL077W-B	0.73048
4497	YKR007W	0.73047
4498	YNL339W-B	0.73045
4499	YML133W-B	0.73045
4500	YHR219C-A	0.73045
4501	YNL187W	0.73044
4502	YOL144W	0.7304
4503	YOR210W	0.73039
4504	YNL051W	0.73035
4505	YKL005C	0.73034
4506	YGL195W	0.73033
4507	YBR191W	0.73026
4508	YPR187W	0.73025
4509	YER056C-A	0.73022
4510	YNL308C	0.73017
4511	YER105C	0.73007
4512	YKL034W	0.73006
4513	YPL248C	0.73001
4514	YEL074W	0.72993
4515	YLL002W	0.72992
4516	YGR122W	0.72987
4517	YOR060C	0.72984
4518	YDR545C-A	0.7298
4519	YCL034W	0.72965
4520	YER078W-A	0.72963
4521	YOL071W	0.72961
4522	YDR199W	0.72959
4523	YIL096C	0.72958
4524	YHR049C-A	0.72953
4525	YER190C-B	0.72952
4526	YGR296C-B	0.72952
4527	YPL283W-B	0.72952
4528	YPR204C-A	0.72952
4529	YEL077W-A	0.72952
4530	YDR137W	0.72952
4531	YFR012W-A	0.72945
4532	YBR209W	0.72935
4533	YIL027C	0.72933
4534	YGR070W	0.72927
4535	YGR164W	0.72921
4536	YJL029C	0.72912
4537	YKL018C-A	0.72908
4538	YGL178W	0.72908
4539	YBR255C-A	0.72907
4540	YLR010C	0.72906
4541	YMR154C	0.72906
4542	YGR227C-A	0.72902
4543	YGL146C	0.729
4544	YGR278W	0.7289
4545	YKR072C	0.7289
4546	YPL081W	0.7289
4547	YLR154W-C	0.72873
4548	YDR323C	0.7287
4549	YJL106W	0.72866
4550	YOL085W-A	0.72865
4551	YOR124C	0.72863
4552	YPL069C	0.7286
4553	YBR022W	0.72858
4554	YDR409W	0.72854
4555	YNL177C	0.72852
4556	YHL050W-A	0.72849
4557	YNL227C	0.72837
4558	YHR212W-A	0.7283
4559	YAR061W	0.7283
4560	YGR018C	0.72825
4561	YDR335W	0.72823
4562	YNL178W	0.72814
4563	YNR068C	0.72808
4564	YPR085C	0.72806
4565	YGR205W	0.728
4566	YPR155C	0.72797
4567	YGR228W	0.72794
4568	YIR005W	0.72788
4569	YFR034C	0.72786
4570	YOR322C	0.72774
4571	YGR291C	0.72768
4572	YER084W	0.72746
4573	YPL144W	0.72746
4574	YLR163W-A	0.72738
4575	YGL233W	0.72737
4576	YDR296W	0.7273
4577	YOL166C	0.72727
4578	YEL009C	0.72727
4579	YNL052W	0.72726
4580	YLR157W-D	0.72716
4581	YGL056C	0.72716
4582	YMR281W	0.72707
4583	YLR166C	0.72702
4584	YLR183C	0.727
4585	YIL070C	0.72696
4586	YHR127W	0.72695
4587	YBL008W-A	0.72692
4588	YGR178C	0.72686
4589	YGL041C-B	0.72684
4590	YPL037C	0.72683
4591	YPL074W	0.72682
4592	YNL226W	0.72676
4593	YGL150C	0.72673
4594	YKL045W	0.7267
4595	YPR040W	0.72654
4596	YER135C	0.72654
4597	YGL067W	0.72649
4598	YPL165C	0.72648
4599	YDR079W	0.72647
4600	YIR011C	0.72646
4601	YCR022C	0.72643
4602	YGL085W	0.7264
4603	YLR132C	0.72631
4604	YJL046W	0.72631
4605	YHR146W	0.72623
4606	YBR056W-A	0.7262
4607	YJR111C	0.7262
4608	YDR008C	0.72619
4609	YJR147W	0.72613
4610	YPL108W	0.72605
4611	YDR354W	0.72602
4612	YGL121C	0.72601
4613	YPL241C	0.72596
4614	YOR032W-A	0.72596
4615	YPR136C	0.72596
4616	YAL037C-A	0.72589
4617	YPR097W	0.72587
4618	YLR406C-A	0.72586
4619	YDL025C	0.72585
4620	YGR170W	0.72584
4621	YER019C-A	0.72574
4622	YJL140W	0.7257
4623	YER034W	0.72563
4624	YHR063W-A	0.72562
4625	YML050W	0.72558
4626	YGR127W	0.72557
4627	YLR154W-F	0.72546
4628	YMR275C	0.72546
4629	YPL137C	0.72546
4630	YGL133W	0.72545
4631	YCR001W	0.72542
4632	YNL109W	0.72532
4633	YOR064C	0.72528
4634	YFL012W-A	0.72523
4635	YOR069W	0.72514
4636	YNL084C	0.72511
4637	YNL086W	0.72509
4638	YJL071W	0.72502
4639	YCL067C	0.72502
4640	YCR039C	0.72502
4641	YCL055W	0.72501
4642	YIL132C	0.725
4643	YNL338W	0.7249
4644	YOR368W	0.72482
4645	YLR096W	0.72476
4646	YMR193W	0.72475
4647	R0040C	0.72475
4648	YLR329W	0.72464
4649	YFL027C	0.72461
4650	YFR043C	0.72457
4651	YHR045W	0.72456
4652	YMR182C	0.72451
4653	YGR056W	0.72444
4654	YDR160W	0.72443
4655	YBR142W	0.72442
4656	YDL247W-A	0.72441
4657	Q0017	0.72436
4658	YLL051C	0.72432
4659	YGR059W	0.72431
4660	YMR077C	0.72427
4661	YLL046C	0.72422
4662	YDR314C	0.72418
4663	YIR001C	0.72414
4664	YNL038W	0.72405
4665	YGL192W	0.72391
4666	YER024W	0.72391
4667	YOL028C	0.72386
4668	YBR284W	0.72384
4669	YEL028W	0.72376
4670	YPL107W	0.72376
4671	YKL106W	0.72375
4672	YER189W	0.72374
4673	YLR396C	0.72369
4674	YOR080W	0.72364
4675	YIL025C	0.72362
4676	YJR054W	0.72359
4677	YKL089W	0.72349
4678	YDR367W	0.72348
4679	YDR049W	0.72346
4680	YOR205C	0.7234
4681	YLL016W	0.72337
4682	YMR184W	0.72317
4683	YDR179W-A	0.72296
4684	YCR095W-A	0.72291
4685	YER139C	0.72277
4686	YNL205C	0.72276
4687	YGR235C	0.72276
4688	YBL113W-A	0.72271
4689	YDR034W-B	0.72269
4690	YKL124W	0.72263
4691	YER074W	0.7226
4692	YIL069C	0.7226
4693	YCL056C	0.72256
4694	YDL112W	0.72255
4695	YJR066W	0.72249
4696	YDR027C	0.72247
4697	YOR174W	0.72236
4698	YPL041C	0.72234
4699	YLR150W	0.72225
4700	YAR008W	0.72224
4701	YOR194C	0.72222
4702	YBR186W	0.72221
4703	YDL133W	0.72217
4704	YBR189W	0.72213
4705	YHR058C	0.72206
4706	YHR087W	0.72194
4707	YNR007C	0.72192
4708	YOL035C	0.72182
4709	YJL069C	0.7218
4710	YOL164W-A	0.72178
4711	YJL062W-A	0.72177
4712	YDL099W	0.72172
4713	YBR150C	0.72164
4714	YHR072W-A	0.72144
4715	YPR166C	0.72142
4716	YGR044C	0.72142
4717	YGR096W	0.72137
4718	YDL043C	0.72137
4719	YMR267W	0.72131
4720	YDR194W-A	0.72128
4721	YLR400W	0.72124
4722	YMR212C	0.72123
4723	YDR340W	0.72118
4724	YKL195W	0.72116
4725	YPR179C	0.72116
4726	YBR102C	0.72114
4727	YOL101C	0.72111
4728	YLR305C	0.7211
4729	YER007W	0.72109
4730	YNL024C-A	0.72109
4731	YGL132W	0.72106
4732	YNL118C	0.72102
4733	YBR196C-A	0.721
4734	YMR313C	0.72097
4735	YAR060C	0.72095
4736	YHR212C	0.72095
4737	YKR092C	0.72088
4738	YMR172C-A	0.72076
4739	YGL226W	0.72064
4740	YKL205W	0.72061
4741	YER087W	0.72058
4742	YGR238C	0.72055
4743	YIL014C-A	0.72053
4744	YJR102C	0.7204
4745	YHR073W	0.72039
4746	YDR509W	0.72037
4747	YEL075C	0.72035
4748	YLL044W	0.72033
4749	YDR128W	0.7203
4750	YBR129C	0.72022
4751	YDL203C	0.72007
4752	YIL042C	0.72001
4753	YOR149C	0.71998
4754	YAL043C	0.71998
4755	YDR262W	0.71996
4756	YPR202W	0.71996
4757	YGR091W	0.71995
4758	YLR337C	0.71995
4759	YIL040W	0.71995
4760	YKR096W	0.71992
4761	YLR456W	0.71986
4762	YDR449C	0.71983
4763	YER067W	0.71982
4764	YHR059W	0.71978
4765	YHL041W	0.71976
4766	YMR067C	0.71972
4767	YDR420W	0.71971
4768	YAL069W	0.7197
4769	YOR392W	0.71963
4770	YHR138C	0.71962
4771	YER153C	0.7196
4772	YLR309C	0.71951
4773	YPR148C	0.71948
4774	YBR216C	0.71948
4775	YBR179C	0.71947
4776	YMR209C	0.71945
4777	YLR039C	0.71939
4778	YKR023W	0.71938
4779	YHL028W	0.71934
4780	YIL133C	0.71933
4781	YEL061C	0.71929
4782	YER088W-B	0.71925
4783	YDR245W	0.7192
4784	YFL023W	0.7192
4785	YMR137C	0.71914
4786	YLR346C	0.71907
4787	YPL032C	0.71897
4788	YJL101C	0.71896
4789	YDR413C	0.71891
4790	YMR247C	0.7189
4791	YDR208W	0.71889
4792	YDR460W	0.71888
4793	YDR025W	0.71876
4794	YBR048W	0.71876
4795	YLR417W	0.71872
4796	YBR040W	0.7186
4797	YJL086C	0.71855
4798	YJL199C	0.71834
4799	YPR074W-A	0.71831
4800	YJL148W	0.71829
4801	YER137W-A	0.71827
4802	YJR082C	0.71825
4803	YLR366W	0.71823
4804	YGR137W	0.71819
4805	YMR141W-A	0.71807
4806	YDL151C	0.71802
4807	YNL285W	0.71798
4808	YMR298W	0.71792
4809	YER068W	0.71791
4810	YLR288C	0.71783
4811	YMR274C	0.71778
4812	YOR015W	0.71776
4813	YER113C	0.71775
4814	YHL046W-A	0.71774
4815	YOL127W	0.71771
4816	YNR028W	0.71762
4817	YKL116C	0.71755
4818	YHR214C-C	0.71753
4819	YLR363C	0.71747
4820	YDR281C	0.71744
4821	YGR270W	0.71738
4822	YDL013W	0.71737
4823	YPR169W-A	0.71733
4824	YNL128W	0.71732
4825	YFL013C	0.71731
4826	YGL193C	0.7173
4827	YOR190W	0.71729
4828	YGL041C	0.71726
4829	YOL087C	0.71723
4830	YGL014C-A	0.71722
4831	YDL065C	0.71718
4832	YOR180C	0.71711
4833	YLR184W	0.7171
4834	YGL060W	0.71709
4835	YPR001W	0.71702
4836	YPL128C	0.717
4837	YJR140W-A	0.71697
4838	YBR279W	0.71696
4839	YLR084C	0.71693
4840	YBL004W	0.71691
4841	YKL111C	0.7169
4842	YBR065C	0.7169
4843	YML012C-A	0.71689
4844	YJR123W	0.71679
4845	YLR392C	0.71677
4846	YDR524C-A	0.71675
4847	YJL039C	0.71671
4848	YEL068C	0.71665
4849	YCR091W	0.71664
4850	YDR473C	0.71659
4851	YDR108W	0.71655
4852	YJL131C	0.71652
4853	YKL088W	0.71646
4854	YBR300C	0.71646
4855	YOL053W	0.71644
4856	YHR078W	0.7164
4857	YJL037W	0.71634
4858	YOL095C	0.7163
4859	YOR256C	0.71626
4860	YJR122W	0.71625
4861	YCL029C	0.71623
4862	YDL237W	0.71622
4863	YGL092W	0.71604
4864	YOR288C	0.71598
4865	YKL015W	0.71596
4866	YKL183W	0.71596
4867	YLR106C	0.71595
4868	YMR019W	0.71582
4869	YCR063W	0.7157
4870	YPL257W	0.71565
4871	YGR052W	0.71562
4872	YDR501W	0.71558
4873	YBR044C	0.71553
4874	YMR211W	0.7155
4875	YBR282W	0.71549
4876	YLR054C	0.71538
4877	YNL073W	0.71537
4878	YLL066W-B	0.71532
4879	YGL014W	0.71527
4880	YBR026C	0.71526
4881	YER133W-A	0.71524
4882	YNL067W-A	0.71523
4883	YBL107W-A	0.71519
4884	YJL109C	0.71517
4885	YNL304W	0.71515
4886	YGL247W	0.71514
4887	YLR350W	0.71509
4888	YGR174C	0.71509
4889	YMR030W-A	0.715
4890	YBR219C	0.715
4891	YJL061W	0.71499
4892	YKR085C	0.71499
4893	YDR006C	0.71498
4894	YJR119C	0.71484
4895	YDR048C	0.71481
4896	YDR163W	0.71477
4897	YPR055W	0.71471
4898	YDR221W	0.7147
4899	YIL105C	0.71462
4900	YPL260W	0.71454
4901	YLR110C	0.71452
4902	YHR084W	0.71425
4903	YOR166C	0.7142
4904	YDR283C	0.71411
4905	YNL208W	0.71404
4906	YNL319W	0.71399
4907	YCL031C	0.71397
4908	YDR431W	0.71396
4909	YER008C	0.71393
4910	YOR112W	0.71393
4911	YLR169W	0.71392
4912	YMR044W	0.71389
4913	YGL203C	0.71385
4914	YER066C-A	0.71383
4915	YDL142C	0.71383
4916	YGR109C	0.71379
4917	YDR455C	0.71379
4918	YKR028W	0.71373
4919	YJL098W	0.71372
4920	YOR344C	0.71369
4921	YLR312W-A	0.71362
4922	YAR047C	0.71356
4923	YPR089W	0.71356
4924	YOL045W	0.71355
4925	YMR159C	0.71353
4926	YHR217C	0.7135
4927	YOR105W	0.7135
4928	YKL134C	0.7135
4929	YOR123C	0.71349
4930	YBL086C	0.7134
4931	YMR061W	0.71335
4932	YER076W-A	0.7132
4933	YDL153C	0.7132
4934	YER137C	0.71318
4935	YKL049C	0.71317
4936	YDL002C	0.71317
4937	YJL026C-A	0.71316
4938	YNL249C	0.71314
4939	YHL038C	0.71314
4940	YIL024C	0.71306
4941	YPL102C	0.71301
4942	YDL136W	0.71299
4943	YDL191W	0.71299
4944	YOR011W-A	0.71298
4945	YLL007C	0.71293
4946	YML104C	0.71289
4947	YOR098C	0.71273
4948	YCL057W	0.71272
4949	YFR001W	0.71265
4950	YBL045C	0.71258
4951	YGR011W	0.71239
4952	YKR065C	0.71233
4953	YMR240C	0.71223
4954	YNL140C	0.71216
4955	YBR292C	0.71214
4956	YMR052C-A	0.71214
4957	YBR191W-A	0.71213
4958	YFR052W	0.71209
4959	YJL166W	0.71205
4960	YMR122W-A	0.71203
4961	YLR232W	0.712
4962	YOR260W	0.71188
4963	YDR433W	0.71183
4964	YIL090W	0.71183
4965	YOL159C	0.71174
4966	YJR087W	0.71172
4967	YBR230W-A	0.71166
4968	YKL168C	0.71163
4969	YMR130W	0.71152
4970	YOR394C-A	0.71147
4971	YGL025C	0.71144
4972	YNL337W	0.71137
4973	YOR319W	0.71137
4974	YHR158C	0.71134
4975	YML099W-A	0.71127
4976	YPL183W-A	0.7112
4977	YCR089W	0.71111
4978	YPL163C	0.71111
4979	YPL192C	0.71108
4980	YJR126C	0.71103
4981	YDR247W	0.71092
4982	YMR075C-A	0.71091
4983	YDR333C	0.71089
4984	YLR247C	0.71088
4985	YKR082W	0.71082
4986	YNR006W	0.71075
4987	YDR544C	0.71072
4988	YJL127C	0.71066
4989	YJR037W	0.71044
4990	YBL059C-A	0.71039
4991	YNR037C	0.71038
4992	YMR173W	0.71032
4993	YMR185W	0.71025
4994	YPL155C	0.71018
4995	YNL029C	0.71013
4996	YER087C-A	0.71012
4997	YJL038C	0.71012
4998	YMR190C	0.71007
4999	YGR002C	0.71006
5000	YOL104C	0.71006
5001	YOR248W	0.71004
5002	YAR020C	0.71001
5003	YAL059W	0.70998
5004	YDL094C	0.70997
5005	YDR072C	0.70986
5006	YJR002W	0.70985
5007	YMR192W	0.70985
5008	YER085C	0.70984
5009	YDR279W	0.70978
5010	YHL021C	0.70975
5011	YDR153C	0.7097
5012	YIL018W	0.70967
5013	YFR031C-A	0.70967
5014	YGR165W	0.70958
5015	YKR101W	0.70957
5016	YLL049W	0.70955
5017	YOR230W	0.70953
5018	YBL066C	0.7094
5019	YDR198C	0.70936
5020	YBL010C	0.70935
5021	YCR019W	0.70927
5022	YDL074C	0.70918
5023	YML046W	0.7091
5024	YAL037W	0.70907
5025	YIL084C	0.70906
5026	YMR153C-A	0.709
5027	YDR231C	0.70893
5028	YBR259W	0.70889
5029	YPL078C	0.70881
5030	YCL066W	0.7088
5031	YCR040W	0.7088
5032	YLR154W-E	0.70874
5033	YNL315C	0.70872
5034	YMR194W	0.70865
5035	YNL126W	0.7086
5036	YER092W	0.70859
5037	YPL123C	0.70857
5038	YOR346W	0.7085
5039	YLR127C	0.70844
5040	YHR079C	0.70843
5041	YBR240C	0.70833
5042	YGL116W	0.70831
5043	YBL107C	0.7083
5044	YDL214C	0.70826
5045	YGR097W	0.7082
5046	YPR030W	0.70815
5047	YKL149C	0.70814
5048	YOR186C-A	0.70814
5049	YFL032W	0.70812
5050	YDR326C	0.70806
5051	YMR287C	0.70802
5052	YCL058W-A	0.70793
5053	YCL021W	0.70785
5054	YHR101C	0.70785
5055	YNL262W	0.70774
5056	YDR423C	0.70772
5057	YOR227W	0.7077
5058	YDR246W	0.70769
5059	Q0080	0.7076
5060	YLR051C	0.70756
5061	YLR068W	0.70754
5062	YBR126W-A	0.70753
5063	YDR133C	0.70737
5064	YDL219W	0.70735
5065	YKL122C	0.70733
5066	YPL035C	0.70717
5067	YGL168W	0.70709
5068	YKL118W	0.70709
5069	YHR001W-A	0.70707
5070	YKL096C-B	0.70703
5071	YJL132W	0.70699
5072	YLR358C	0.70692
5073	YKL054C	0.70691
5074	YIL066W-A	0.70684
5075	YMR165C	0.70677
5076	YLR204W	0.70672
5077	YJL054W	0.70658
5078	YLR260W	0.70657
5079	YBR161W	0.70639
5080	YKL079W	0.70624
5081	YLR344W	0.7062
5082	YIL156W	0.70616
5083	YDR396W	0.70612
5084	YDR273W	0.70604
5085	YBR135W	0.70603
5086	YJL047C-A	0.70603
5087	YEL022W	0.706
5088	YEL017W	0.70592
5089	YLR437C-A	0.70589
5090	YLR191W	0.70578
5091	YAL011W	0.70575
5092	YLR336C	0.70574
5093	YDR470C	0.70572
5094	YGR160W	0.70566
5095	YBL071C	0.7056
5096	YGR184C	0.70556
5097	YAL066W	0.70554
5098	YBR123C	0.70549
5099	YCL001W-A	0.70548
5100	YPR109W	0.70548
5101	YDR251W	0.70544
5102	YGL134W	0.70535
5103	YHR054C-B	0.7053
5104	YHR052C-B	0.7053
5105	YCL022C	0.7052
5106	YOR012W	0.70519
5107	YGR258C	0.70515
5108	YLR217W	0.70508
5109	YNL012W	0.70507
5110	YPL278C	0.70501
5111	YIL030W-A	0.70498
5112	YFR049W	0.7049
5113	YAL031W-A	0.70485
5114	YPR143W	0.70485
5115	YHR050W-A	0.70484
5116	YLR462W	0.70482
5117	YDR520C	0.7048
5118	YLL032C	0.7047
5119	YFR029W	0.7047
5120	YML020W	0.70468
5121	YGL007C-A	0.70466
5122	YGL031C	0.70464
5123	YNR066C	0.70462
5124	YMR048W	0.70456
5125	YDR359C	0.70455
5126	YDR315C	0.70454
5127	YML023C	0.70454
5128	YLR459W	0.70453
5129	YER138W-A	0.70445
5130	YBR051W	0.70437
5131	YGL029W	0.70429
5132	YJL044C	0.70427
5133	YGR072W	0.70426
5134	YPL249C-A	0.70419
5135	YMR070W	0.70419
5136	YER126C	0.70418
5137	YLR466C-B	0.70416
5138	YKL082C	0.70414
5139	YML117W	0.70414
5140	YLR458W	0.70412
5141	YDL179W	0.70407
5142	YJL057C	0.70403
5143	YEL023C	0.70397
5144	YNL002C	0.70391
5145	YPL057C	0.70382
5146	YDR511W	0.7038
5147	YDR081C	0.70377
5148	YDL183C	0.70364
5149	YGR046W	0.70357
5150	YPR031W	0.7035
5151	YBR212W	0.70346
5152	YKL016C	0.70344
5153	YOR043W	0.70343
5154	YOR228C	0.7034
5155	YJL020C	0.70339
5156	YLR262C-A	0.70328
5157	YOR093C	0.7032
5158	YMR111C	0.70309
5159	YNR059W	0.70307
5160	YOR115C	0.70307
5161	YOR189W	0.70306
5162	YGR171C	0.70293
5163	YLR177W	0.7029
5164	YIL077C	0.70284
5165	YOR249C	0.70283
5166	YGR034W	0.70282
5167	YDR252W	0.70281
5168	YLR388W	0.70278
5169	YLR036C	0.70274
5170	YNL151C	0.70268
5171	YNR044W	0.70254
5172	YBL079W	0.70247
5173	YDR484W	0.70245
5174	YDL028C	0.70245
5175	YLR087C	0.70243
5176	YIL002W-A	0.70229
5177	YGL142C	0.70227
5178	YBR290W	0.70224
5179	YFR036W-A	0.70224
5180	YOR211C	0.70222
5181	YIL046W-A	0.70215
5182	YPL096C-A	0.70213
5183	YER118C	0.70211
5184	YMR091C	0.70199
5185	YDR389W	0.70189
5186	YNL211C	0.70184
5187	YCR082W	0.7018
5188	YGR130C	0.70177
5189	YLR228C	0.7016
5190	YLR095C	0.70159
5191	YHR093W	0.70141
5192	YNL235C	0.70139
5193	YLL035W	0.70139
5194	YMR304C-A	0.70135
5195	YAL068W-A	0.70132
5196	YNL039W	0.70116
5197	YNL253W	0.70112
5198	YEL010W	0.70109
5199	YPL020C	0.70098
5200	YJL204C	0.70096
5201	YLR006C	0.70096
5202	YGL160W	0.70089
5203	YOR247W	0.70088
5204	YHR035W	0.70085
5205	YOR042W	0.70083
5206	YKL032C	0.70076
5207	YML054C-A	0.7007
5208	YPL126W	0.70065
5209	YNL278W	0.70064
5210	YPL178W	0.70063
5211	YMR060C	0.70061
5212	YDR203W	0.7006
5213	YIR021W-A	0.7006
5214	YMR198W	0.70053
5215	YOR338W	0.7005
5216	YPL149W	0.70049
5217	YKR089C	0.70046
5218	YKL155C	0.70042
5219	YAL056W	0.70041
5220	YGR057C	0.70037
5221	YGL227W	0.70028
5222	YBR262C	0.70026
5223	YOR333C	0.70026
5224	YIL163C	0.70022
5225	YGL237C	0.70017
5226	YDR416W	0.70017
5227	YMR283C	0.70016
5228	YER038W-A	0.70015
5229	YDR412W	0.69992
5230	YDR156W	0.6998
5231	YKL011C	0.69963
5232	YER041W	0.69961
5233	YBR269C	0.69961
5234	YPL261C	0.69961
5235	YOR083W	0.69955
5236	YDL240C-A	0.69943
5237	YKL106C-A	0.69939
5238	YOR231C-A	0.69929
5239	YAL008W	0.69925
5240	YBR016W	0.69924
5241	YHL009W-A	0.69917
5242	YOL024W	0.69908
5243	YBR098W	0.69903
5244	YPL090C	0.69898
5245	YBR181C	0.69898
5246	YOL134C	0.6989
5247	YMR237W	0.69885
5248	YNL265C	0.69884
5249	YIL141W	0.69883
5250	YLR434C	0.6987
5251	YDR486C	0.69857
5252	YHL024W	0.69844
5253	YNL026W	0.69841
5254	YLR407W	0.69837
5255	YOR238W	0.69836
5256	YDR414C	0.69836
5257	YDR147W	0.69835
5258	YER077C	0.6982
5259	YOR017W	0.69817
5260	YGR104C	0.69817
5261	YBR276C	0.69815
5262	YJL205C	0.69811
5263	YGR148C	0.69799
5264	YBL100W-C	0.69797
5265	YHL044W	0.69791
5266	YML036W	0.69789
5267	YPL026C	0.69784
5268	YJR062C	0.69778
5269	YMR147W	0.69766
5270	YOR188W	0.69755
5271	YMR133W	0.6975
5272	YNL165W	0.69749
5273	YEL072W	0.69748
5274	YDL158C	0.69741
5275	YHR105W	0.69736
5276	YMR129W	0.69735
5277	YOL004W	0.69732
5278	YHR109W	0.69731
5279	YDL242W	0.69725
5280	YBL006C	0.69721
5281	YAL065C	0.69711
5282	YLR173W	0.69707
5283	YGR017W	0.69698
5284	YOL063C	0.69695
5285	YJR110W	0.69684
5286	YMR065W	0.69682
5287	YKR008W	0.69674
5288	YHR199C-A	0.69673
5289	YGR049W	0.69665
5290	YKR044W	0.6966
5291	YGR122C-A	0.69656
5292	YDR376W	0.69656
5293	YBR272C	0.6965
5294	YER047C	0.69648
5295	YDL204W	0.69648
5296	YMR029C	0.69638
5297	YMR053C	0.69629
5298	YBR058C-A	0.69622
5299	YJL112W	0.69618
5300	YNL300W	0.69611
5301	YGL108C	0.69611
5302	YKL143W	0.6961
5303	YER006C-A	0.69603
5304	YHR214C-B	0.696
5305	YML016C	0.69597
5306	YKR006C	0.69589
5307	YCR095C	0.69587
5308	YDL077C	0.69578
5309	YLR439W	0.69574
5310	YBR122C	0.6957
5311	YOL032W	0.69558
5312	YJL092W	0.69553
5313	YNL139C	0.69548
5314	YJL114W	0.69548
5315	Q0297	0.69547
5316	YPR027C	0.69546
5317	YDR141C	0.69543
5318	YMR207C	0.69531
5319	YIR014W	0.69531
5320	YGR156W	0.69526
5321	YMR148W	0.69519
5322	YMR021C	0.69516
5323	YBL073W	0.69501
5324	YNL171C	0.69499
5325	YHL020C	0.69497
5326	YJR060W	0.69486
5327	YLR136C	0.69482
5328	YLL040C	0.69474
5329	YGR227W	0.69474
5330	YLR294C	0.69473
5331	YLR091W	0.6947
5332	YBR097W	0.6946
5333	YCR003W	0.69459
5334	YHR153C	0.69458
5335	YER158W-A	0.69443
5336	YOR081C	0.6944
5337	YGR198W	0.69434
5338	YOL120C	0.69423
5339	YNL301C	0.69423
5340	YDR365W-B	0.6942
5341	YLR146W-A	0.69419
5342	YGL013C	0.69416
5343	YLR142W	0.69413
5344	YML107C	0.69409
5345	YNL201C	0.69404
5346	YDR183C-A	0.69394
5347	YGR280C	0.69389
5348	YDR024W	0.69386
5349	YOR381W-A	0.69382
5350	YER093C	0.69382
5351	YLR440C	0.69372
5352	YOR152C	0.69365
5353	YDR329C	0.69363
5354	YAR009C	0.6935
5355	YML029W	0.69345
5356	YDL220C	0.69342
5357	YJL150W	0.6934
5358	YJL032W	0.69336
5359	YDR485C	0.69336
5360	YHR154W	0.69325
5361	YDR197W	0.69321
5362	YDR255C	0.69314
5363	YER186C	0.69301
5364	YLR356W	0.69295
5365	YBR289W	0.69277
5366	YDL045C	0.69276
5367	YJR041C	0.69275
5368	YKL110C	0.69275
5369	YGR147C	0.69263
5370	YJR043C	0.69261
5371	YKR005C	0.69251
5372	YGR053C	0.69249
5373	YKL208W	0.69247
5374	YIL056W	0.69245
5375	YHL025W	0.69242
5376	YER102W	0.69233
5377	YBL072C	0.69233
5378	YNR031C	0.69222
5379	YNL122C	0.69221
5380	YKR004C	0.69219
5381	YDL067C	0.69212
5382	YDR119W	0.69206
5383	YBR217W	0.69191
5384	YPR079W	0.69189
5385	YJL157C	0.69187
5386	YIL005W	0.69169
5387	YLR256W-B/YLR256W-C	0.69161
5388	YCR108C	0.6916
5389	YER138C	0.69154
5390	YGR106C	0.69152
5391	YJR059W	0.69149
5392	YML045W	0.69146
5393	YIL049W	0.69146
5394	YOR373W	0.69145
5395	YKL145W-A	0.6914
5396	YGL131C	0.6914
5397	YDL061C	0.69139
5398	YGR008C	0.69137
5399	YPL005W	0.69123
5400	YKL068W	0.69121
5401	YCL001W	0.69116
5402	YGL006W-A	0.69116
5403	YJR108W	0.69116
5404	YER184C	0.69116
5405	YOL103W-B	0.69115
5406	YDR071C	0.69105
5407	YNR022C	0.69103
5408	YJR027W	0.69098
5409	YHR145C	0.69098
5410	YCR024C	0.69095
5411	YER161C	0.69093
5412	YLR001C	0.69091
5413	YPR199C	0.69085
5414	YFR042W	0.69084
5415	YKR015C	0.6908
5416	YJL201W	0.69074
5417	YOR337W	0.69073
5418	YLL019C	0.69068
5419	YKL130C	0.69066
5420	YPL257W-B	0.69057
5421	YMR158C-A	0.69053
5422	YLL013C	0.69046
5423	YDR489W	0.69039
5424	YDR507C	0.69033
5425	YMR050C	0.69032
5426	YDR098C-B	0.69028
5427	YPL040C	0.69027
5428	YHR137C-A	0.69027
5429	YGR038C-B	0.69019
5430	YML099C	0.69016
5431	YEL032C-A	0.69013
5432	YHR015W	0.69012
5433	YBR182C-A	0.69007
5434	YPR026W	0.68999
5435	YBL028C	0.68996
5436	YDR202C	0.68996
5437	YER097W	0.68991
5438	YJR012C	0.68986
5439	YHR136C	0.68984
5440	YPR158C-D	0.68983
5441	Q0075	0.6898
5442	YML039W	0.68973
5443	YMR171C	0.68971
5444	YBL025W	0.68967
5445	YOL019W	0.68967
5446	YLR157C-B	0.68967
5447	YHR155W	0.6896
5448	YGR161C-D	0.68955
5449	YMR294W	0.68953
5450	YML108W	0.68952
5451	YPR022C	0.68951
5452	YDR228C	0.6895
5453	YPR174C	0.68946
5454	YPR137C-B	0.68945
5455	YPL254W	0.68942
5456	YJR029W	0.68934
5457	YLR437C	0.68929
5458	YDR042C	0.68922
5459	YHR193C-A	0.68914
5460	YCL039W	0.68903
5461	YNL047C	0.68898
5462	YLR073C	0.68896
5463	YBR012W-B	0.68895
5464	YNL198C	0.68891
5465	YDR068W	0.6889
5466	YER160C	0.68886
5467	YEL018W	0.68885
5468	YER131W	0.68883
5469	YGL230C	0.68878
5470	YNL166C	0.68869
5471	YDR210C-D	0.68854
5472	YLR227W-B	0.68854
5473	YOR329W-A	0.68846
5474	YGR027W-B	0.68843
5475	YLR035C-A	0.68843
5476	YGR075C	0.68837
5477	YBR128C	0.68835
5478	YGL189C	0.68835
5479	YDR316W-B	0.68834
5480	YDR125C	0.6883
5481	YEL009C-A	0.6882
5482	YOR142W-B	0.68819
5483	YPL161C	0.68818
5484	YHR023W	0.68808
5485	YER188C-A	0.68803
5486	YOL040C	0.68796
5487	YLR148W	0.68788
5488	YML002W	0.6878
5489	YJL020W-A	0.68779
5490	YDR261C-C	0.68758
5491	YNL054W-B	0.68754
5492	YAL017W	0.68743
5493	YKL099C	0.6874
5494	YML076C	0.68739
5495	YDL012C	0.68736
5496	YCR020W-B	0.68731
5497	YFL007W	0.68717
5498	YPL105C	0.68708
5499	YOL017W	0.68705
5500	YNR025C	0.68703
5501	YNL215W	0.68684
5502	YDR285W	0.68677
5503	YHR071W	0.68674
5504	YOL083W	0.6867
5505	YOR329C	0.68662
5506	YDL114W	0.68661
5507	YPR158W-B	0.68655
5508	YOR143C	0.68653
5509	YGR274C	0.68648
5510	YBR224W	0.68645
5511	YPR158C-C	0.68642
5512	YPL242C	0.68636
5513	YPR012W	0.68634
5514	YOL118C	0.68633
5515	YBL005W-B	0.68626
5516	YCR016W	0.68625
5517	YLR265C	0.68623
5518	YKR098C	0.68622
5519	YNL230C	0.68613
5520	YKR046C	0.68603
5521	YDR261C-D	0.68603
5522	YDR363W	0.68598
5523	YBR133C	0.68595
5524	YLR157C-A	0.68583
5525	YPL257W-A	0.68583
5526	YER137C-A	0.68583
5527	YDR365W-A	0.68583
5528	YDR543C	0.68583
5529	YJR093C	0.68579
5530	YMR045C	0.68576
5531	YNL224C	0.68574
5532	YOL103W-A	0.68571
5533	YJL177W	0.68567
5534	YDR034C-A	0.68567
5535	YNL284C-B	0.68549
5536	YGL124C	0.68548
5537	YOL003C	0.6854
5538	YMR014W	0.68538
5539	YKR083C	0.68527
5540	YLR256W-A	0.685
5541	YLR381W	0.68498
5542	YGR108W	0.68495
5543	YPR115W	0.68494
5544	YLR029C	0.68489
5545	YKL121W	0.68484
5546	YMR068W	0.68479
5547	YLR222C-A	0.6847
5548	YMR073C	0.68466
5549	YDL216C	0.68461
5550	YNL257C	0.68459
5551	YKL014C	0.68453
5552	YNL136W	0.68439
5553	YGL041W-A	0.68437
5554	YJR091C	0.68432
5555	YLR442C	0.6843
5556	YDL005C	0.6843
5557	YDR318W	0.68429
5558	YOR371C	0.68427
5559	YGR215W	0.68424
5560	YMR258C	0.68424
5561	YPR015C	0.6842
5562	YGR077C	0.68418
5563	YBR195C	0.68418
5564	YHL027W	0.68403
5565	YER096W	0.68403
5566	YGL226C-A	0.68394
5567	YIL093C	0.68383
5568	YLR321C	0.68367
5569	YPR075C	0.68367
5570	YNL204C	0.68367
5571	YBL060W	0.68355
5572	YOR276W	0.68349
5573	YLR278C	0.68347
5574	YDR170W-A	0.68346
5575	YOL107W	0.68344
5576	YER035W	0.68342
5577	YKL074C	0.68324
5578	YDR138W	0.68321
5579	YMR140W	0.68318
5580	YLR119W	0.68311
5581	YGL090W	0.68309
5582	YLR149C	0.68309
5583	YER064C	0.68308
5584	YML083C	0.68308
5585	YML040W	0.68303
5586	YLR227W-A	0.68303
5587	YJR026W	0.68303
5588	YOR193W	0.68298
5589	YDR463W	0.68293
5590	YDR143C	0.68281
5591	YLR299C-A	0.68279
5592	YDR381C-A	0.68279
5593	YBR171W	0.68279
5594	YER071C	0.68274
5595	YDL113C	0.68271
5596	YLR422W	0.68264
5597	YMR121C	0.6825
5598	YKL180W	0.68234
5599	YDR124W	0.68233
5600	YGL182C	0.68231
5601	YLR067C	0.68228
5602	YER169W	0.68227
5603	YLR297W	0.6822
5604	YBL014C	0.68218
5605	YGR084C	0.68217
5606	YNL127W	0.68216
5607	YOR121C	0.68215
5608	YNL041C	0.68205
5609	YDR222W	0.68197
5610	YGL042C	0.68195
5611	YDR200C	0.68175
5612	YKR027W	0.68167
5613	YFR003C	0.68163
5614	YAL063C-A	0.68158
5615	YPR137C-A	0.6815
5616	YAR010C	0.6815
5617	YDL070W	0.68129
5618	YDL117W	0.68115
5619	YBL084C	0.68112
5620	YCR099C	0.68103
5621	YOR169C	0.68101
5622	YKL063C	0.681
5623	YOR242C	0.68096
5624	YPL150W	0.68095
5625	YOL131W	0.68094
5626	YNL050C	0.68092
5627	YMR032W	0.68073
5628	YLR453C	0.68064
5629	YEL007W	0.68062
5630	YJL070C	0.68054
5631	YPL115C	0.68048
5632	YFR032C-B	0.68047
5633	YDL173W	0.68047
5634	YKL038W	0.68044
5635	YJR127C	0.68033
5636	YGL136C	0.68023
5637	YDR357C	0.68022
5638	YNL314W	0.68022
5639	YJL023C	0.68016
5640	YDR119W-A	0.68007
5641	YKR036C	0.68003
5642	YMR326C	0.68002
5643	YHR132W-A	0.67992
5644	YIL071W-A	0.67981
5645	YDR495C	0.67979
5646	YBR120C	0.67978
5647	YOL159C-A	0.67973
5648	YOR320C	0.67962
5649	YJR135C	0.67962
5650	YGR169C-A	0.67961
5651	YGL214W	0.67959
5652	YJL019W	0.6795
5653	YMR059W	0.67946
5654	YDR462W	0.67944
5655	YJL084C	0.67941
5656	YOL044W	0.67917
5657	YBL093C	0.67916
5658	YPL141C	0.67909
5659	YNL284C-A	0.67901
5660	YDR131C	0.67897
5661	YBR257W	0.67887
5662	YPL272C	0.67873
5663	YJL146W	0.67867
5664	YLR198C	0.67862
5665	YOR385W	0.67845
5666	YJR028W	0.67842
5667	YML045W-A	0.67839
5668	YKR030W	0.67838
5669	YEL062W	0.6783
5670	YOR235W	0.67825
5671	YGL174W	0.67823
5672	YGL113W	0.67821
5673	YJR107C-A	0.67818
5674	Q0110	0.67815
5675	YCR066W	0.67805
5676	YDR098C-A	0.67789
5677	YBR012W-A	0.67787
5678	YNR047W	0.67779
5679	YKR029C	0.67776
5680	YBL092W	0.67775
5681	YGR016W	0.67773
5682	YKL133C	0.67756
5683	YIL139C	0.67747
5684	YOR063W	0.67741
5685	YBR188C	0.6774
5686	YLR224W	0.67736
5687	YGR161C-C	0.67708
5688	YER159C-A	0.67708
5689	YLR035C-B	0.67708
5690	YMR051C	0.67708
5691	YDR316W-A	0.67708
5692	YIL044C	0.67697
5693	YML009C	0.67692
5694	YHR130C	0.67691
5695	YMR193C-A	0.67682
5696	YMR118C	0.67666
5697	YKL141W	0.67648
5698	YER114C	0.67639
5699	YGR027W-A	0.67637
5700	YEL025C	0.67621
5701	YPL139C	0.67617
5702	YJL016W	0.67608
5703	YKR011C	0.67607
5704	YDR499W	0.67606
5705	YDR458C	0.67596
5706	YDL149W	0.67595
5707	YMR046C	0.67593
5708	YAL041W	0.67593
5709	YBL048W	0.6759
5710	YHR175W-A	0.67581
5711	YNL011C	0.67568
5712	YOR097C	0.67568
5713	YDR303C	0.67558
5714	YFR039C	0.67558
5715	YHR119W	0.67556
5716	YGR038C-A	0.67554
5717	YER112W	0.67551
5718	YNL013C	0.6755
5719	YJL107C	0.67547
5720	YCL019W	0.67545
5721	YGR030C	0.67542
5722	YDL050C	0.67534
5723	YDR464W	0.67532
5724	YMR134W	0.67526
5725	YMR017W	0.67521
5726	YMR117C	0.67515
5727	YBL005W	0.67501
5728	YMR107W	0.67499
5729	YJL013C	0.6749
5730	YNL254C	0.67485
5731	YOL078W	0.67479
5732	YBL005W-A	0.67479
5733	YBR172C	0.67469
5734	YBR163W	0.67464
5735	YOR144C	0.67453
5736	YCR018C-A	0.67445
5737	YNL297C	0.67441
5738	YCR015C	0.67433
5739	YPR158W-A	0.67432
5740	YOR142W-A	0.67432
5741	YBR233W-A	0.67429
5742	YBR081C	0.67427
5743	YDL107W	0.67411
5744	YPL076W	0.674
5745	YDR118W	0.67388
5746	YJL073W	0.6738
5747	YDR295C	0.67378
5748	YPL021W	0.67359
5749	YLR408C	0.67353
5750	YIL149C	0.67341
5751	YOL136C	0.67336
5752	YGL249W	0.67335
5753	YDR299W	0.67313
5754	YGR233C	0.67308
5755	YGR237C	0.673
5756	YGR161W-B	0.67283
5757	YFL002W-A	0.67283
5758	YGR225W	0.67282
5759	YKR054C	0.67271
5760	YNL105W	0.6726
5761	YDR320C	0.67257
5762	YBR230C	0.67255
5763	YML101C-A	0.67254
5764	YDR261W-B	0.67246
5765	YDL106C	0.67243
5766	YLR082C	0.67242
5767	YJL099W	0.67237
5768	YDR210C-C	0.67237
5769	YKL061W	0.67236
5770	YGR039W	0.67234
5771	YPR042C	0.67227
5772	YCL024W	0.67223
5773	YOR192C-B	0.67217
5774	YKL025C	0.6721
5775	YKR090W	0.67209
5776	YGL093W	0.67192
5777	YGR038C-D/YGR038C-C	0.67189
5778	YGL038C	0.67185
5779	YCL028W	0.67183
5780	YDR159W	0.67181
5781	YPR067W	0.67178
5782	YFL019C	0.67173
5783	YLR165C	0.67173
5784	YIR024C	0.67166
5785	YJL049W	0.6716
5786	YNL234W	0.67158
5787	YPR142C	0.67145
5788	Q0115	0.67135
5789	YHR099W	0.67132
5790	YMR100W	0.67127
5791	YGR115C	0.67122
5792	YHR165C	0.67119
5793	YJR134C	0.67116
5794	YGR151C	0.67105
5795	YDR034C-D	0.67094
5796	YGR129W	0.67093
5797	YER175W-A	0.67082
5798	YBR197C	0.67077
5799	YNL159C	0.67076
5800	YDL098C	0.67069
5801	YLR256W	0.67061
5802	YDR057W	0.67052
5803	YMR176W	0.67045
5804	YDL016C	0.67044
5805	YAR002W	0.67042
5806	YML114C	0.67029
5807	YIR030C	0.67022
5808	YBR270C	0.67021
5809	YOR221C	0.67011
5810	YJL122W	0.67007
5811	YNL068C	0.67005
5812	YNL295W	0.66995
5813	YOR289W	0.6699
5814	YBL100W-B	0.6698
5815	YLR227C	0.66979
5816	YOL117W	0.66976
5817	YLR423C	0.66974
5818	YDR377W	0.66958
5819	YDR229W	0.66957
5820	YGR013W	0.66948
5821	YOL069W	0.66947
5822	YDR210W-B	0.6694
5823	YLR410W-B	0.66939
5824	YJR080C	0.66926
5825	YHR097C	0.66912
5826	YBR077C	0.669
5827	YMR025W	0.66897
5828	YDR179C	0.66885
5829	YLR187W	0.66882
5830	YLR242C	0.66876
5831	YNL070W	0.66871
5832	YLL042C	0.66869
5833	YOL082W	0.66865
5834	YHL009C	0.66862
5835	YJL105W	0.66861
5836	YER109C	0.6686
5837	YDR254W	0.66857
5838	YKR020W	0.66854
5839	YHR102W	0.66851
5840	YDL044C	0.66849
5841	YJL187C	0.66841
5842	YOR308C	0.66828
5843	YNL164C	0.66824
5844	YLR052W	0.66819
5845	YBL059W	0.66816
5846	YER046W	0.66816
5847	YOR287C	0.66811
5848	YDR089W	0.66808
5849	YNR039C	0.66782
5850	YBL039W-B	0.6678
5851	YDR383C	0.66768
5852	YDL127W	0.66765
5853	Q0182	0.66762
5854	YPR020W	0.66761
5855	YMR280C	0.66749
5856	YOR220W	0.66731
5857	YGR076C	0.66729
5858	YKL159C	0.66717
5859	YLR211C	0.66716
5860	YDL152W	0.66715
5861	YOR336W	0.66711
5862	YFL041W-A	0.66706
5863	YBR215W	0.66695
5864	YPR106W	0.66692
5865	YOR343W-B	0.66691
5866	YPR134W	0.66688
5867	YMR151W	0.66686
5868	YBL090W	0.66677
5869	YDL129W	0.6666
5870	YMR293C	0.66647
5871	YGR015C	0.66638
5872	YOR085W	0.66601
5873	YMR023C	0.66598
5874	YDR466W	0.66598
5875	YHR214W-A	0.66581
5876	YAL027W	0.66578
5877	YBR239C	0.6657
5878	YLR395C	0.66568
5879	YOL089C	0.66562
5880	YLL021W	0.66561
5881	YJR138W	0.66553
5882	YIL086C	0.66543
5883	YDL197C	0.66536
5884	YIR018W	0.66535
5885	YMR256C	0.6653
5886	YLR403W	0.66524
5887	YLR024C	0.66524
5888	YKL072W	0.66522
5889	YNL008C	0.66503
5890	YJL133C-A	0.66496
5891	YIL102C-A	0.66494
5892	YCL021W-A	0.66493
5893	YLR332W	0.66479
5894	YDR176W	0.6647
5895	YFL063W	0.66465
5896	YOR170W	0.66463
5897	YIL098C	0.66462
5898	YDR260C	0.66443
5899	YML047C	0.66436
5900	YBR084C-A	0.66433
5901	YBL027W	0.66433
5902	YJR021C	0.66428
5903	Q0143	0.66412
5904	YNR063W	0.6641
5905	YLR176C	0.66407
5906	YOL013W-B	0.66401
5907	YOR354C	0.66382
5908	YOR058C	0.66374
5909	YJL048C	0.6635
5910	YLR033W	0.66349
5911	YDR529C	0.66348
5912	YMR046W-A	0.66342
5913	YIL112W	0.66341
5914	YIL158W	0.66337
5915	YGR275W	0.66335
5916	YBR057C	0.66327
5917	YLR310C	0.66319
5918	YPR007C	0.66317
5919	YOR129C	0.66317
5920	YOL100W	0.6631
5921	YJL066C	0.66305
5922	YDL159W-A	0.66301
5923	YLR098C	0.66299
5924	YPL189C-A	0.66294
5925	YLR238W	0.66284
5926	YPR068C	0.6628
5927	YNL054W-A	0.6627
5928	YBR238C	0.66268
5929	YFR011C	0.66265
5930	YML093W	0.66233
5931	YDR317W	0.66231
5932	YAR068W	0.66226
5933	YGL215W	0.66223
5934	YIL019W	0.6622
5935	YJL113W	0.66196
5936	YPL216W	0.66188
5937	YBR056C-B	0.66184
5938	YMR284W	0.66181
5939	YHR004C	0.66181
5940	YDR500C	0.66172
5941	YCR018C	0.66167
5942	YOR037W	0.66158
5943	YPR021C	0.66155
5944	YPR170W-A	0.6615
5945	YOR078W	0.66147
5946	YHL009W-B	0.66137
5947	YNL156C	0.66134
5948	YPR122W	0.66122
5949	YER173W	0.6612
5950	YIR003W	0.6612
5951	YEL014C	0.66119
5952	YJR086W	0.66109
5953	YKL138C	0.66108
5954	YPL174C	0.661
5955	YLR040C	0.6609
5956	YGL117W	0.66089
5957	YML034W	0.6608
5958	YDR115W	0.66058
5959	YPL016W	0.66052
5960	YJL118W	0.66049
5961	YDL121C	0.66042
5962	YER122C	0.6604
5963	YOR304C-A	0.66036
5964	YGR081C	0.66035
5965	YOR127W	0.6603
5966	YJL170C	0.66023
5967	YGR161W-C	0.66015
5968	YDL170W	0.65997
5969	YBR033W	0.65992
5970	YBL051C	0.65992
5971	YLR295C	0.6599
5972	YLR465C	0.65974
5973	YKR016W	0.65973
5974	YKR031C	0.65948
5975	YLR185W	0.65935
5976	YGL209W	0.6593
5977	YMR098C	0.65919
5978	YBR173C	0.65918
5979	YDR469W	0.65917
5980	YDR034C-C	0.65914
5981	YDR406W-A	0.65914
5982	YLR151C	0.65912
5983	YPL177C	0.65896
5984	YER084W-A	0.65884
5985	YPL018W	0.65882
5986	YBL085W	0.6586
5987	YER054C	0.65852
5988	YCR032W	0.65851
5989	YGL159W	0.65837
5990	YOR284W	0.6583
5991	YOR107W	0.65829
5992	YML113W	0.65817
5993	YBL029W	0.6581
5994	YBR004C	0.65802
5995	YIL129C	0.65798
5996	YDR261W-A	0.65791
5997	YNR004W	0.65782
5998	YCL020W	0.65774
5999	YDL181W	0.65758
6000	YOR313C	0.65752
6001	YDR078C	0.65749
6002	YLR182W	0.6574
6003	YOL109W	0.65738
6004	YKL138C-A	0.65734
6005	YPL120W	0.65732
6006	YDR005C	0.65715
6007	YBR072C-A	0.65713
6008	YER050C	0.6571
6009	YDR076W	0.65708
6010	YJL209W	0.657
6011	YPL034W	0.6569
6012	YGL086W	0.65688
6013	YPR049C	0.65687
6014	YAL016C-B	0.65684
6015	YNL213C	0.65675
6016	YHR056C	0.65673
6017	YHR143W	0.65673
6018	YJR106W	0.65659
6019	YML059C	0.65649
6020	YLR424W	0.65645
6021	YBR124W	0.65641
6022	YMR311C	0.65637
6023	YNL058C	0.65632
6024	YBR049C	0.65626
6025	YKR099W	0.65611
6026	YKR019C	0.65597
6027	YNL196C	0.65597
6028	YLR315W	0.65585
6029	YJL176C	0.65584
6030	YMR172W	0.65578
6031	YIR016W	0.65574
6032	YFR012W	0.65569
6033	YNL266W	0.65568
6034	YMR031C	0.65548
6035	YCR097W	0.65541
6036	YPL060C-A	0.65521
6037	YOR192C-A	0.65517
6038	YJR101W	0.6551
6039	YDR475C	0.6551
6040	YPR117W	0.65498
6041	YDR014W-A	0.65497
6042	YGR222W	0.65483
6043	YLR263W	0.65466
6044	YMR072W	0.65455
6045	YPL039W	0.65451
6046	YGL059W	0.65431
6047	YMR064W	0.65427
6048	YBR168W	0.65416
6049	YNL245C	0.65412
6050	YMR018W	0.65392
6051	YOR186W	0.65388
6052	YHR149C	0.65384
6053	YHR082C	0.65384
6054	YGL151W	0.65365
6055	YDL235C	0.65348
6056	YCR043C	0.65345
6057	YLR376C	0.65316
6058	YLR099W-A	0.65301
6059	YML128C	0.65296
6060	YDR322W	0.65293
6061	YPR009W	0.65275
6062	YER093C-A	0.65262
6063	YKR095W	0.65259
6064	YMR299C	0.65244
6065	YPR061C	0.6523
6066	YDR201W	0.65227
6067	YIL159W	0.6522
6068	YLR424C-A	0.6522
6069	YLR320W	0.65205
6070	YLR313C	0.65198
6071	YDR082W	0.65188
6072	YGL107C	0.6518
6073	YOR140W	0.65163
6074	YCL005W	0.6516
6075	YML103C	0.6515
6076	YFL002W-B	0.65128
6077	YGR161W-A	0.65128
6078	YGR038C-E	0.65128
6079	YMR164C	0.65127
6080	YBL100W-A	0.65124
6081	YDR369C	0.65121
6082	YLR410W-A	0.65121
6083	YMR191W	0.6512
6084	YLR135W	0.65116
6085	YKL023W	0.65098
6086	YML017W	0.65097
6087	YNR077C	0.65096
6088	YFL024C	0.65091
6089	YNL210W	0.65057
6090	YBR108W	0.65055
6091	YJL056C	0.65038
6092	YGR230W	0.65024
6093	YOL015W	0.65014
6094	YOR182C	0.65012
6095	YLR287C-A	0.65012
6096	YDL048C	0.65004
6097	YIL037C	0.65
6098	YJL083W	0.64999
6099	YFR040W	0.64913
6100	YDR066C	0.64902
6101	YOR298W	0.6489
6102	YLR057W	0.64877
6103	YLR360W	0.64873
6104	YLR404W	0.6487
6105	YDR350C	0.64865
6106	YMR119W	0.64848
6107	YHR006W	0.64834
6108	YJL076W	0.64828
6109	YMR153W	0.6482
6110	YLR454W	0.64815
6111	YPR070W	0.64815
6112	YOR297C	0.64804
6113	YPL253C	0.64793
6114	YBL063W	0.64782
6115	Q0092	0.64777
6116	YIL031W	0.64744
6117	YGL229C	0.64706
6118	YPL027W	0.64684
6119	YML009W-B	0.64684
6120	YNL183C	0.64657
6121	YER121W	0.64644
6122	YHR167W	0.64643
6123	R0030W	0.64639
6124	YLR327C	0.64604
6125	YKL176C	0.64568
6126	YOR355W	0.64567
6127	YDL115C	0.64551
6128	YPL200W	0.64549
6129	YNL172W	0.64545
6130	YPL219W	0.64544
6131	YNL100W	0.64536
6132	YPL156C	0.64523
6133	YDR307W	0.64498
6134	YNR045W	0.64485
6135	YAL032C	0.64483
6136	YGL081W	0.6448
6137	YDR371W	0.64476
6138	YJR053W	0.64474
6139	YPL256C	0.64446
6140	YDR240C	0.64444
6141	YHR141C	0.64442
6142	YNL162W	0.64442
6143	YGR168C	0.64441
6144	YHR017W	0.64432
6145	YGR140W	0.64425
6146	YGR079W	0.64425
6147	YBR250W	0.64424
6148	YBL103C	0.64411
6149	YDL056W	0.64388
6150	YFL049W	0.64372
6151	YPR151C	0.64343
6152	YBR194W	0.64342
6153	YER022W	0.64287
6154	YMR257C	0.64286
6155	YIL071C	0.64285
6156	YOR343W-A	0.64276
6157	YFR032C-A	0.64247
6158	YIL092W	0.64245
6159	YDR104C	0.64241
6160	YLR424C-B	0.64236
6161	YPR002C-A	0.6423
6162	YBR131W	0.6422
6163	YDR461C-A	0.64218
6164	YDR210W-A	0.64203
6165	YLR079W	0.64201
6166	YHR182W	0.64193
6167	YOR104W	0.64186
6168	YKR034W	0.64185
6169	YMR187C	0.64184
6170	YPL011C	0.64176
6171	YKL048C	0.64174
6172	YNL199C	0.64168
6173	YIL136W	0.64166
6174	YJR157W	0.64154
6175	YCL014W	0.64153
6176	YDR361C	0.64121
6177	YBR066C	0.64112
6178	YKL101W	0.64092
6179	YGL096W	0.64082
6180	YLR271W	0.64068
6181	YGL176C	0.64066
6182	YDL082W	0.64049
6183	YBL043W	0.64037
6184	YMR094W	0.64035
6185	YGR251W	0.64034
6186	YGL197W	0.64023
6187	YMR052W	0.64023
6188	YNL005C	0.63993
6189	YJL180C	0.63984
6190	YER181C	0.63964
6191	YLR252W	0.63963
6192	YIL055C	0.63943
6193	YGR240C-A	0.6393
6194	YFL014W	0.63927
6195	YCR081W	0.6392
6196	YOR028C	0.63917
6197	YGL162W	0.63914
6198	YHR131C	0.63891
6199	YOR177C	0.63886
6200	YIL097W	0.6387
6201	YPL166W	0.63842
6202	YGR250C	0.63834
6203	YFR023W	0.63834
6204	YMR030W	0.63815
6205	YGR134W	0.63811
6206	YDR348C	0.63801
6207	YKL052C	0.63792
6208	YBL109W	0.6378
6209	YPR043W	0.63774
6210	YJR094W-A	0.63774
6211	YLL005C	0.63757
6212	YBR013C	0.63754
6213	YDR034C	0.63738
6214	YLR230W	0.63738
6215	YDR505C	0.63721
6216	YJL189W	0.63708
6217	YPL168W	0.63679
6218	YGL075C	0.6367
6219	YDR017C	0.63666
6220	YLR267W	0.63649
6221	YDL073W	0.6363
6222	YOR266W	0.63623
6223	YLR201C	0.63619
6224	YLR254C	0.63612
6225	YMR142C	0.63604
6226	YOL138C	0.63588
6227	YIR033W	0.63582
6228	YAL034C	0.63568
6229	YGR098C	0.63553
6230	YBR184W	0.63545
6231	YNL309W	0.63544
6232	YKL020C	0.63511
6233	YDL206W	0.63433
6234	YGL005C	0.63412
6235	YNL115C	0.63405
6236	YJL058C	0.63402
6237	YGL194C-A	0.63401
6238	YDR451C	0.63397
6239	YDR235W	0.63385
6240	YGR150C	0.63381
6241	YDL199C	0.63378
6242	YGL066W	0.63365
6243	YOR349W	0.63364
6244	YDR123C	0.63362
6245	YPR044C	0.63348
6246	YGR089W	0.63333
6247	YKL108W	0.63297
6248	YBR136W	0.63293
6249	YOR030W	0.63287
6250	YBR182C	0.63282
6251	YLR363W-A	0.6328
6252	YML037C	0.63277
6253	YDR532C	0.63263
6254	YGR249W	0.6326
6255	YDL130W-A	0.6326
6256	YDR379W	0.63258
6257	YBL052C	0.63251
6258	YNL133C	0.63241
6259	YOR208W	0.63228
6260	YPL146C	0.63217
6261	YER129W	0.63214
6262	YPL130W	0.63204
6263	YPL075W	0.63201
6264	YFR054C	0.63193
6265	YHR159W	0.63176
6266	YLR042C	0.63138
6267	YML007W	0.63126
6268	YMR174C	0.63123
6269	YDR043C	0.6311
6270	YKL162C-A	0.63105
6271	YPR101W	0.63058
6272	YOR053W	0.63058
6273	YBR152W	0.63027
6274	YDR169C	0.63024
6275	YLR094C	0.63009
6276	YGR196C	0.63003
6277	YML081W	0.62988
6278	YKL162C	0.62986
6279	YOR019W	0.62967
6280	YMR282C	0.62962
6281	YCL061C	0.62891
6282	YIL127C	0.6289
6283	YDL139C	0.62886
6284	YGL073W	0.62882
6285	YMR016C	0.62863
6286	YPL052W	0.6283
6287	YPL085W	0.62817
6288	YOR192C-C	0.62775
6289	YIL144W	0.62765
6290	YJR092W	0.62752
6291	YDR422C	0.62736
6292	YPL099C	0.62727
6293	YOR350C	0.62709
6294	YOR113W	0.62703
6295	YML043C	0.62687
6296	YGR067C	0.6268
6297	YER075C	0.62666
6298	YDR166C	0.62641
6299	YJL103C	0.62629
6300	YNL157W	0.62625
6301	YBR225W	0.62606
6302	YPL202C	0.62524
6303	YDL211C	0.62513
6304	YDL176W	0.62513
6305	YNL054W	0.6249
6306	YLR307C-A	0.6246
6307	YNL225C	0.62455
6308	YDL189W	0.62431
6309	YBL053W	0.62422
6310	YFR008W	0.62411
6311	YLR282C	0.62406
6312	YEL005C	0.62386
6313	YKL171W	0.62382
6314	YDL169C	0.62373
6315	YHL023C	0.62366
6316	YLR219W	0.62359
6317	YBR083W	0.62353
6318	YKL092C	0.6235
6319	YKR045C	0.62319
6320	YDR016C	0.62318
6321	YOR047C	0.62315
6322	YFR057W	0.62306
6323	YFL033C	0.62274
6324	YMR195W	0.62236
6325	YDR069C	0.62229
6326	YDR146C	0.62199
6327	YHR036W	0.62159
6328	YJR005C-A	0.6211
6329	YPR013C	0.6211
6330	YLR139C	0.62109
6331	YPL193W	0.62105
6332	YGL061C	0.62064
6333	YDR494W	0.62041
6334	YHR079C-A	0.62041
6335	YIL101C	0.62032
6336	YGL219C	0.62024
6337	YER028C	0.6202
6338	YAR014C	0.61998
6339	YPR164W	0.61976
6340	YKL050C	0.61965
6341	YDL088C	0.61943
6342	YKL068W-A	0.61903
6343	YNR024W	0.61897
6344	YPR036W-A	0.61888
6345	YDR443C	0.61882
6346	YDR524C	0.61858
6347	YMR066W	0.61853
6348	YCR033W	0.61841
6349	YLR298C	0.6184
6350	YPR185W	0.61787
6351	YDL020C	0.61761
6352	YKR037C	0.61755
6353	YMR163C	0.61747
6354	YNL144C	0.61737
6355	YJR089W	0.61731
6356	YAL010C	0.61707
6357	YDR217C	0.61688
6358	YPL049C	0.61665
6359	YIL117C	0.61664
6360	YDR195W	0.61656
6361	YDR065W	0.61648
6362	YNR049C	0.61629
6363	YBL046W	0.61625
6364	YMR199W	0.61609
6365	YNL053W	0.61578
6366	Q0010	0.6157
6367	YOR032C	0.61551
6368	YJR162C	0.61531
6369	YOR137C	0.61526
6370	YPR084W	0.61522
6371	YNL046W	0.61514
6372	YOL031C	0.61498
6373	YOR114W	0.61417
6374	YHR184W	0.61396
6375	YJR011C	0.61393
6376	YOL070C	0.61376
6377	YJL149W	0.61312
6378	YPR095C	0.6131
6379	YER045C	0.61309
6380	YER149C	0.61286
6381	YAL028W	0.61278
6382	YHR156C	0.61248
6383	YGL223C	0.61218
6384	YNL152W	0.61186
6385	YML041C	0.61137
6386	YDR088C	0.61118
6387	YHR177W	0.61118
6388	YJL207C	0.61109
6389	YBR275C	0.61091
6390	YGL071W	0.61091
6391	YGR142W	0.61079
6392	YHR195W	0.61077
6393	YIR010W	0.61056
6394	YNL195C	0.61029
6395	YPL201C	0.60995
6396	YLL033W	0.60948
6397	YBR201C-A	0.60947
6398	YLR312C	0.60946
6399	YDR029W	0.60932
6400	YLR431C	0.60932
6401	YDR457W	0.609
6402	YGR161C	0.60897
6403	YLR031W	0.60894
6404	YML058W	0.60891
6405	YPL250C	0.60882
6406	YDR103W	0.60864
6407	YLL047W	0.60849
6408	YPL118W	0.60845
6409	YGL138C	0.60775
6410	YDR310C	0.60771
6411	YKR091W	0.60762
6412	YNR014W	0.60738
6413	YEL057C	0.60733
6414	YBR148W	0.60699
6415	YDL239C	0.60692
6416	YKR100C	0.60685
6417	YAL040C	0.60651
6418	YJL144W	0.60633
6419	YLR018C	0.60602
6420	YOR342C	0.6059
6421	YBL088C	0.60567
6422	YIL036W	0.60523
6423	YOR195W	0.60521
6424	YGR179C	0.60518
6425	YGL079W	0.60518
6426	YOR148C	0.60507
6427	YJR003C	0.60503
6428	YML015C	0.60462
6429	YML062C	0.60446
6430	YMR232W	0.60446
6431	YLL003W	0.60414
6432	YBL009W	0.604
6433	YKL062W	0.60384
6434	YML027W	0.60371
6435	YDL224C	0.60343
6436	YKL225W	0.60313
6437	YML009C-A	0.60307
6438	YJL095W	0.60302
6439	YDR277C	0.60254
6440	YJL110C	0.60243
6441	YHR103W	0.60231
6442	YEL043W	0.60186
6443	YLR334C	0.60162
6444	YLR373C	0.60157
6445	YOR214C	0.60141
6446	YFR017C	0.60099
6447	YIL045W	0.60075
6448	YDR070C	0.6007
6449	YLR190W	0.6006
6450	YOR255W	0.60049
6451	YFR019W	0.60044
6452	YOL029C	0.60041
6453	YNL167C	0.60041
6454	YOL025W	0.60027
6455	YKL204W	0.60021
6456	YNL091W	0.60016
6457	YOL081W	0.60012
6458	YBL054W	0.5997
6459	YOR147W	0.59966
6460	YOL007C	0.59964
6461	YFL021W	0.59864
6462	YLR353W	0.59841
6463	YDL186W	0.59819
6464	YPL033C	0.59811
6465	YOR264W	0.59794
6466	YPL077C	0.59793
6467	YDR151C	0.59779
6468	YGR041W	0.59748
6469	YLR436C	0.59721
6470	YGR153W	0.59674
6471	YLR352W	0.59673
6472	YPL070W	0.59668
6473	YDR181C	0.59662
6474	YDL027C	0.5966
6475	YNL197C	0.59658
6476	YDR030C	0.59653
6477	YBR140C	0.59651
6478	YDR356W	0.5965
6479	YHL029C	0.59646
6480	YLR131C	0.59636
6481	YDR096W	0.59615
6482	YGL175C	0.59562
6483	YER088C	0.59531
6484	YLR283W	0.59525
6485	YOR073W	0.59475
6486	YBR050C	0.59437
6487	YKR010C	0.59433
6488	YLR221C	0.59407
6489	YOR076C	0.59379
6490	YMR204C	0.59361
6491	YMR219W	0.59344
6492	YNL018C	0.59341
6493	YDR216W	0.59319
6494	YMR135C	0.59267
6495	YER044C-A	0.59247
6496	YJR056C	0.59185
6497	YDL184C	0.59156
6498	YDL133C-A	0.59156
6499	YHR152W	0.59126
6500	YER038C	0.59108
6501	YNR009W	0.59093
6502	YJR030C	0.59089
6503	YOL091W	0.59068
6504	YDR374C	0.59042
6505	YAL031C	0.59031
6506	YDL089W	0.59025
6507	YCL051W	0.58966
6508	YDR113C	0.58945
6509	YMR270C	0.58936
6510	YLR341W	0.58934
6511	YBL034C	0.58917
6512	YNL034W	0.58836
6513	YGL035C	0.58821
6514	YDR014W	0.58813
6515	YOR062C	0.58733
6516	YPL269W	0.58731
6517	YOR352W	0.58709
6518	YMR179W	0.58647
6519	YPL055C	0.58617
6520	YDL069C	0.58596
6521	YGL057C	0.58593
6522	YGR120C	0.58586
6523	YCR065W	0.58586
6524	YBR063C	0.58572
6525	YGR273C	0.58561
6526	YNL042W	0.58552
6527	YLR030W	0.58526
6528	YKR078W	0.58519
6529	YNL103W	0.58499
6530	YMR124W	0.5849
6531	YPR171W	0.58454
6532	YOR158W	0.58429
6533	YLR445W	0.58424
6534	YDR207C	0.5838
6535	YBR255W	0.5836
6536	YER104W	0.58316
6537	YIL122W	0.58312
6538	YER040W	0.5828
6539	YPL054W	0.58255
6540	YCL027W	0.58254
6541	Q0255	0.58216
6542	YBR047W	0.58216
6543	YPL158C	0.58082
6544	YNL214W	0.58048
6545	YLL065W	0.58044
6546	YCL044C	0.58016
6547	YDR259C	0.58004
6548	YDR515W	0.58
6549	YDR446W	0.57971
6550	YPR078C	0.57962
6551	YKL093W	0.57955
6552	YMR144W	0.57951
6553	YJL181W	0.57915
6554	YER158C	0.57912
6555	YKL112W	0.57902
6556	YFR046C	0.579
6557	YDL076C	0.57829
6558	YDR439W	0.57826
6559	YDL223C	0.57816
6560	YPL230W	0.57777
6561	YOR178C	0.57772
6562	YLR273C	0.57756
6563	YIL119C	0.57743
6564	YDR028C	0.5769
6565	YPL014W	0.57665
6566	YMR160W	0.57612
6567	YNL311C	0.57612
6568	YOR066W	0.57578
6569	YJR083C	0.57539
6570	YGR071C	0.57511
6571	YKL065W-A	0.57496
6572	YMR003W	0.57446
6573	YJL185C	0.57408
6574	YJL090C	0.57387
6575	YER132C	0.57347
6576	YDR022C	0.57273
6577	YDR219C	0.57268
6578	YMR273C	0.57259
6579	YGL128C	0.57248
6580	YPR005C	0.57224
6581	YNL027W	0.57212
6582	YAL024C	0.57193
6583	YAL047C	0.57183
6584	YBR130C	0.5712
6585	YDR227W	0.57052
6586	YGR023W	0.57038
6587	YGR035C	0.57028
6588	YBR007C	0.57005
6589	YHR160C	0.56999
6590	YPR158W	0.56995
6591	YPL223C	0.5699
6592	YOR023C	0.56949
6593	YPL068C	0.56944
6594	YCL063W	0.56932
6595	YDR130C	0.56923
6596	YMR086W	0.56915
6597	YLR102C	0.56901
6598	YPR046W	0.56892
6599	YHR054C	0.56887
6600	YGL023C	0.56841
6601	YOR324C	0.56827
6602	YDR275W	0.5681
6603	Q0144	0.56769
6604	YGR113W	0.56725
6605	YER111C	0.56716
6606	YPL071C	0.5667
6607	YNL176C	0.56666
6608	YJL162C	0.56617
6609	YGL021W	0.56592
6610	YLR053C	0.56497
6611	YDR239C	0.56492
6612	YGR126W	0.56454
6613	YKL042W	0.56453
6614	YBR203W	0.56427
6615	YGL222C	0.56363
6616	YLR223C	0.56276
6617	YBR076W	0.5625
6618	YBR165W	0.56198
6619	YMR255W	0.56184
6620	YER155C	0.56145
6621	YML053C	0.56131
6622	YLR394W	0.56131
6623	YIL146C	0.56112
6624	YNL076W	0.56085
6625	YDR351W	0.56027
6626	YPL255W	0.55979
6627	YDR223W	0.55965
6628	YOR359W	0.559
6629	YJL051W	0.55862
6630	YKL185W	0.55838
6631	YBR095C	0.55817
6632	YFL012W	0.55793
6633	YGR239C	0.55714
6634	YIR025W	0.55697
6635	YOR044W	0.55625
6636	YDR425W	0.55612
6637	YER130C	0.55533
6638	YHR157W	0.55476
6639	YDR184C	0.55435
6640	YDR249C	0.55295
6641	YML091C	0.55261
6642	YKR022C	0.55142
6643	YML109W	0.5513
6644	YMR075W	0.55073
6645	YOL036W	0.54936
6646	YKL023C-A	0.54894
6647	YPR145C-A	0.54831
6648	YHR014W	0.5471
6649	YML112W	0.54653
6650	YMR036C	0.54615
6651	YNL233W	0.54592
6652	YER106W	0.54497
6653	YIL135C	0.54192
6654	YMR175W	0.54148
6655	YDL180W	0.54135
6656	YBR156C	0.54095
6657	YER167W	0.5408
6658	YNL074C	0.5402
6659	YPL089C	0.53991
6660	YBR045C	0.53929
6661	YJL161W	0.53914
6662	YOR372C	0.53871
6663	YGL015C	0.53843
6664	YBL031W	0.5376
6665	YLR257W	0.53656
6666	YKL105C	0.53592
6667	YPL159C	0.53576
6668	YKR077W	0.53548
6669	YJL147C	0.53542
6670	YGR221C	0.53535
6671	YPL180W	0.53493
6672	YDR186C	0.53464
6673	YPL066W	0.53437
6674	YPL267W	0.53407
6675	YER124C	0.53328
6676	YPR008W	0.53067
6677	YMR206W	0.5301
6678	YPL121C	0.5296
6679	YBR071W	0.529
6680	YMR037C	0.5289
6681	YNL188W	0.5288
6682	YBR211C	0.5273
6683	YJL089W	0.52661
6684	YOL106W	0.52655
6685	YDR085C	0.52621
6686	YML119W	0.52512
6687	YNL078W	0.52421
6688	YPR065W	0.52412
6689	YHR061C	0.5224
6690	YBR285W	0.52187
6691	YML003W	0.52174
6692	YLR049C	0.52085
6693	YDR528W	0.51947
6694	YDR480W	0.51794
6695	YFR036W	0.51474
6696	YNL146W	0.51447
6697	YER033C	0.51186
6698	YMR136W	0.51183
6699	YOR279C	0.51135
6700	YPL124W	0.51124
6701	YLR457C	0.50935
6702	YML006C	0.50749
6703	YER180C	0.50524
6704	YOR315W	0.50459
6705	YNR010W	0.50281
6706	YPL229W	0.50172
6707	YDR309C	0.5013
6708	YPR083W	0.50119
6709	YKL109W	0.5007
6710	YHR185C	0.49679
6711	YGL036W	0.49584
6712	YBL081W	0.49477
6713	YIL152W	0.49251
6714	YMR252C	0.49213
6715	YGL170C	0.49051
6716	YMR181C	0.4892
6717	YER032W	0.48356
6718	Q0140	0.47729
6719	YER079W	0.47343
6720	YKR075C	0.47281
6721	YBR157C	0.4602
6722	Q0032	0.45872
6723	YMR081C	0.44933
6724	YBR138C	0.44443
6725	YDL007C-A	0.43756
6726	YJR094C	0.42018
6727	YGR146C	0.41811
6728	YDL204W-A	0.30777
6729	YNL155C-A	0.30777
6730	YNL040C-A	0.30777
6731	YFR035W-A	0.30777
6732	YMR106W-A	0.30777
6733	YGR016C-A	0.30777
