rank	yeast_gene	cosine
1	YFL066C	0.95515
2	YEL013W	0.94359
3	YFL026W	0.93426
4	YER039C	0.92292
5	YHR128W	0.92267
6	YPR016C	0.92213
7	YER069W	0.92181
8	YAL064C-A	0.92031
9	YNL006W	0.91901
10	YHR213W	0.91842
11	YAR062W	0.91842
12	YER081W	0.91825
13	YOR378W	0.91811
14	YCR047C	0.91734
15	YIL074C	0.91511
16	YEL077C	0.91504
17	YHR218W	0.91484
18	YOR061W	0.91403
19	YPL050C	0.91342
20	YER072W	0.91307
21	YNL191W	0.91243
22	YGL225W	0.91198
23	YPR204W	0.91144
24	YLR229C	0.91144
25	YLR466W	0.91111
26	YIL143C	0.90979
27	YDR021W	0.90901
28	YPR165W	0.90851
29	YDL006W	0.90814
30	YOR257W	0.90656
31	YBL112C	0.90649
32	YHR218W-A	0.90649
33	YHL016C	0.90594
34	YDR091C	0.90591
35	YBR114W	0.90263
36	YDR540C	0.90262
37	YGR252W	0.90236
38	YBL111C	0.9022
39	YKL146W	0.9021
40	YLR113W	0.90156
41	YMR015C	0.90146
42	YGL008C	0.9012
43	YNL290W	0.90107
44	YKL129C	0.90091
45	YKR059W	0.9004
46	YER025W	0.90018
47	YEL065W	0.90002
48	YMR109W	0.90002
49	YIL048W	0.89989
50	YPL036W	0.89982
51	YCR098C	0.89964
52	YML018C	0.89944
53	YLR375W	0.89892
54	YBL026W	0.89877
55	YER171W	0.8983
56	YLL063C	0.89774
57	YER148W	0.89769
58	YJR065C	0.89744
59	YER052C	0.8968
60	YNR026C	0.89672
61	YJR156C	0.89647
62	YPL086C	0.89645
63	YPR138C	0.89625
64	YNL332W	0.89562
65	YDL244W	0.89547
66	YDL001W	0.89542
67	YCR008W	0.89525
68	YEL042W	0.89525
69	YIL035C	0.89523
70	YOL162W	0.8951
71	YFL058W	0.89505
72	YKL218C	0.89472
73	YBL016W	0.894
74	YGL087C	0.89353
75	YBR235W	0.89334
76	YGL255W	0.8932
77	YDR375C	0.89311
78	YDR001C	0.89298
79	YFL017W-A	0.89284
80	YEL027W	0.8927
81	YPL266W	0.89248
82	YJL128C	0.89242
83	YFL011W	0.89212
84	YCL017C	0.89166
85	YFL055W	0.89154
86	YDR342C	0.89151
87	YLR328W	0.89127
88	YDR129C	0.89127
89	YBL041W	0.89119
90	YLL067C	0.89093
91	YDR343C	0.8909
92	YDR341C	0.89076
93	YKL190W	0.89061
94	YER094C	0.89054
95	YHR092C	0.89044
96	YJL108C	0.8904
97	YEL031W	0.89029
98	YMR011W	0.89013
99	YMR146C	0.89
100	YGR210C	0.88981
101	YBR080C	0.8897
102	YGL091C	0.88951
103	YDR099W	0.88949
104	YLR081W	0.88944
105	YHR096C	0.88943
106	YJL050W	0.8891
107	YDR536W	0.88893
108	YIL170W	0.88873
109	YOL094C	0.88856
110	YEL069C	0.88844
111	YBR287W	0.88838
112	YHL040C	0.88829
113	YER190W	0.88821
114	YNR072W	0.8881
115	YOL066C	0.88792
116	YGL115W	0.88784
117	YER007C-A	0.8877
118	YER055C	0.88752
119	YGR229C	0.88745
120	YMR080C	0.88722
121	YOR157C	0.88712
122	YJL214W	0.88702
123	YHR007C	0.88694
124	YML064C	0.88693
125	YNL090W	0.88692
126	YJL219W	0.8869
127	YBR154C	0.88685
128	YKL104C	0.88663
129	YPL221W	0.88654
130	YDL210W	0.88652
131	YER012W	0.88649
132	YHR094C	0.88621
133	YLR330W	0.88612
134	YEL036C	0.8861
135	YKR080W	0.88597
136	YLR092W	0.88587
137	YDL245C	0.88566
138	YPR182W	0.88564
139	YOR270C	0.88562
140	YMR221C	0.88553
141	YKR038C	0.88552
142	YJR007W	0.88535
143	YOL156W	0.88526
144	YGR121C	0.88516
145	YML133C	0.88514
146	YFR047C	0.88441
147	YOR046C	0.88438
148	YLL066C	0.88433
149	YGL077C	0.8843
150	YOR380W	0.88429
151	YDR345C	0.88423
152	YIL177C	0.88415
153	YMR243C	0.88414
154	YPL119C	0.88414
155	YEL060C	0.88412
156	YGR040W	0.88404
157	YOR092W	0.88387
158	YCL009C	0.88373
159	YJR158W	0.88359
160	YGR010W	0.88345
161	YJL225C	0.88344
162	YDL201W	0.8833
163	YER177W	0.88329
164	YJL012C	0.88326
165	YJL213W	0.88319
166	YNL123W	0.88307
167	YBR082C	0.88301
168	YLR359W	0.88298
169	YOL038W	0.88284
170	YLR120C	0.88283
171	YLR175W	0.88273
172	YDR339C	0.88252
173	YHL047C	0.88233
174	YBR164C	0.88228
175	YHR211W	0.88221
176	YBR294W	0.88213
177	YER133W	0.88183
178	YOR327C	0.88167
179	YHR106W	0.88136
180	YPL094C	0.88131
181	YMR034C	0.8811
182	YBL022C	0.88106
183	YGL011C	0.88104
184	YOL068C	0.88089
185	YNL132W	0.88083
186	YLR005W	0.88067
187	YNL095C	0.88057
188	YGR286C	0.88052
189	YPR183W	0.88047
190	YML123C	0.88046
191	YGR267C	0.88044
192	YPL235W	0.88028
193	YJR068W	0.88026
194	YDR059C	0.88019
195	YBR043C	0.88007
196	YBR001C	0.87971
197	YNR032C-A	0.87971
198	YIL142W	0.87968
199	YDL137W	0.87956
200	YFL039C	0.87948
201	YPR194C	0.87946
202	YIL148W	0.87935
203	YKR094C	0.87935
204	YKL196C	0.87929
205	YJL001W	0.87914
206	YAL026C	0.87897
207	YNL066W	0.87894
208	YKR039W	0.87884
209	YPL246C	0.87876
210	YDR232W	0.87874
211	YOR204W	0.87869
212	YCR009C	0.87868
213	YPL175W	0.87841
214	YGR152C	0.87832
215	YDL166C	0.87817
216	YKL001C	0.87815
217	YBR222C	0.87771
218	YJR049C	0.8777
219	YOR396W	0.87747
220	YLR467W	0.87747
221	YDR545W	0.87747
222	YLR130C	0.87729
223	YLR213C	0.87722
224	YNL277W	0.87719
225	YOL021C	0.87717
226	YLR420W	0.87717
227	YJL045W	0.8771
228	YMR120C	0.87698
229	YJR153W	0.87693
230	YMR290C	0.87667
231	YKL003C	0.87662
232	YER119C	0.87648
233	YER056C	0.87646
234	YOR153W	0.87641
235	YLR121C	0.87638
236	YLR058C	0.87626
237	YLR028C	0.87617
238	YDL086W	0.87605
239	YLR034C	0.87585
240	YGL210W	0.87577
241	YBR214W	0.87576
242	YER060W-A	0.87564
243	YEL011W	0.87553
244	YNR013C	0.87545
245	YNL010W	0.87538
246	YGL139W	0.87527
247	YBR296C	0.87526
248	YLR055C	0.87526
249	YER178W	0.87514
250	YOR197W	0.87501
251	YNR053C	0.87489
252	YBL078C	0.8746
253	YOR326W	0.87459
254	YIL020C	0.87459
255	YNL125C	0.87455
256	YDL192W	0.87447
257	YER145C	0.87444
258	YKL148C	0.87408
259	YDL222C	0.87378
260	YGR132C	0.87363
261	YPR173C	0.87361
262	YDR406W	0.8736
263	YOL132W	0.87327
264	YJR095W	0.87317
265	YNL270C	0.87308
266	YOR357C	0.87303
267	YEL063C	0.87282
268	YOR006C	0.87281
269	YNL329C	0.87276
270	YNL142W	0.87272
271	YNL339C	0.87261
272	YCR057C	0.87257
273	YNR002C	0.87257
274	YJL164C	0.87253
275	YPL283C	0.8725
276	YGR296W	0.8725
277	Q0130	0.87245
278	YBR218C	0.87237
279	YPL204W	0.87237
280	YDR011W	0.87236
281	YDR075W	0.87212
282	YLR152C	0.87207
283	YBL091C	0.87206
284	YOR094W	0.87202
285	YGL062W	0.87155
286	YDR090C	0.8715
287	YKR002W	0.87145
288	YDR196C	0.87143
289	YJL014W	0.87139
290	YBR160W	0.8712
291	YGL167C	0.87113
292	YDL102W	0.87112
293	YER060W	0.87082
294	YJL116C	0.87069
295	YML012W	0.87067
296	YJR148W	0.87052
297	YBR126C	0.87049
298	YDR353W	0.87046
299	YKL033W-A	0.87045
300	YHR030C	0.87041
301	YPR035W	0.87035
302	YKR102W	0.87018
303	YFL038C	0.86997
304	YAL030W	0.86979
305	YIL123W	0.86975
306	YDL047W	0.86974
307	YMR058W	0.86969
308	YML001W	0.86965
309	YAL063C	0.8694
310	YKR050W	0.86936
311	YAR050W	0.86934
312	YJR001W	0.8693
313	YLR438W	0.86926
314	YPL276W	0.86924
315	YCR010C	0.86916
316	YPL264C	0.86912
317	YNL268W	0.86912
318	YLR438C-A	0.86909
319	YGL208W	0.86893
320	YOL122C	0.86875
321	YIL088C	0.8687
322	YDR448W	0.86867
323	YNL112W	0.86859
324	YGR282C	0.86854
325	YIL116W	0.8685
326	YCR073W-A	0.86831
327	YCL025C	0.8682
328	YOR202W	0.86819
329	YOR328W	0.868
330	YKL166C	0.86796
331	YKL216W	0.86787
332	YLR244C	0.8678
333	YCR072C	0.86776
334	YMR241W	0.86767
335	YNL044W	0.86756
336	YBR295W	0.86744
337	YBR132C	0.86731
338	YNL020C	0.86726
339	YPR103W	0.86725
340	YBR034C	0.86719
341	YIL009W	0.86712
342	YLR324W	0.86709
343	YGL252C	0.86701
344	YBR286W	0.86697
345	YPL245W	0.86694
346	YNR003C	0.86686
347	YKR042W	0.86679
348	YOR316C	0.86667
349	YMR268C	0.86651
350	YGL100W	0.8663
351	YGR191W	0.86628
352	YMR008C	0.86626
353	YDL182W	0.86615
354	YER031C	0.8659
355	YMR084W	0.86579
356	YDR402C	0.86571
357	YMR108W	0.8656
358	YHR144C	0.86559
359	YER090W	0.86558
360	YDR404C	0.86553
361	YNL189W	0.86545
362	YJR072C	0.86544
363	YCR068W	0.86542
364	YBR241C	0.86537
365	YMR279C	0.86537
366	YAL023C	0.86528
367	YOR241W	0.86527
368	YOR108W	0.86527
369	YHR135C	0.86524
370	YPL203W	0.86512
371	YDR321W	0.86504
372	YIL166C	0.86495
373	YMR244W	0.86495
374	YGL120C	0.86491
375	YBR170C	0.86488
376	YOR293W	0.86477
377	YOR128C	0.86474
378	YLR277C	0.86474
379	YIL003W	0.86474
380	YKR068C	0.86473
381	YHL050C	0.86471
382	YGR055W	0.86467
383	YKL107W	0.86463
384	YJL198W	0.86457
385	YLL018C	0.8645
386	YPL129W	0.86445
387	YLR355C	0.8644
388	YHR012W	0.86437
389	YEL051W	0.86432
390	YER086W	0.86431
391	YHL036W	0.86426
392	YFL005W	0.86425
393	YDL131W	0.86425
394	YOL030W	0.86423
395	YPL208W	0.86421
396	YEL064C	0.86414
397	YKL210W	0.86397
398	YOL151W	0.86385
399	YPL199C	0.86381
400	YNR034W	0.8638
401	YOL133W	0.86379
402	YPL184C	0.86371
403	YJL218W	0.86369
404	YMR300C	0.86369
405	YGR197C	0.86362
406	YML069W	0.86362
407	YJL055W	0.8634
408	YHR208W	0.86338
409	YDR039C	0.86338
410	YBR143C	0.86338
411	YEL040W	0.86329
412	YPL259C	0.86301
413	YJL033W	0.86295
414	YML106W	0.86295
415	YOR004W	0.8629
416	YDR038C	0.86289
417	YNL099C	0.86282
418	YJL167W	0.86275
419	YLR268W	0.86272
420	YLR017W	0.86265
421	YDR304C	0.86258
422	YKL024C	0.86256
423	YCL073C	0.86255
424	YHR050W	0.86255
425	YDR234W	0.8625
426	YPL093W	0.86249
427	YNR065C	0.86241
428	YKR106W	0.86239
429	YHR089C	0.86232
430	YMR246W	0.86229
431	YMR236W	0.86225
432	YHR148W	0.8622
433	YDL052C	0.86215
434	YLR397C	0.86213
435	YEL020C	0.8621
436	YLL050C	0.86207
437	YDL055C	0.86201
438	YDR040C	0.86201
439	YBR187W	0.86196
440	YHR018C	0.86193
441	YPL234C	0.86192
442	YFR048W	0.86184
443	YFL041W	0.86183
444	YJR025C	0.86179
445	YMR230W	0.86179
446	YLR208W	0.86165
447	YDR144C	0.86153
448	YDL168W	0.86148
449	YDR158W	0.86145
450	YIL118W	0.8614
451	YNL202W	0.86137
452	YNL021W	0.86136
453	YPL169C	0.86129
454	YHR132C	0.86126
455	YER125W	0.86126
456	YLR289W	0.86125
457	YIL121W	0.86122
458	YMR071C	0.86115
459	YPR176C	0.86112
460	YLR137W	0.86106
461	YKL035W	0.86098
462	YCL010C	0.86089
463	YPR167C	0.86082
464	YOR317W	0.8608
465	YLR193C	0.86075
466	YJL143W	0.86066
467	YER026C	0.86055
468	YPR081C	0.86052
469	YGL224C	0.86049
470	YDL037C	0.86045
471	YMR205C	0.86044
472	YER070W	0.86041
473	YDL164C	0.8603
474	YLR451W	0.86028
475	YHR110W	0.86028
476	YKL113C	0.86021
477	YER019W	0.86008
478	YEL046C	0.86001
479	YER009W	0.86001
480	YCR017C	0.85988
481	YGR004W	0.85974
482	YJR107W	0.85959
483	YGR028W	0.85958
484	YDL042C	0.85958
485	YDR046C	0.85957
486	YDR497C	0.85939
487	YIR028W	0.85939
488	YKL211C	0.85939
489	YBL042C	0.85928
490	YDL128W	0.85924
491	YHR074W	0.85923
492	YPR019W	0.85919
493	YNL275W	0.85918
494	YNL222W	0.85914
495	YPL244C	0.85911
496	YPR131C	0.85903
497	YBR298C	0.859
498	YDR519W	0.8589
499	YMR022W	0.85889
500	YLR186W	0.85881
501	YPL111W	0.85874
502	YMR202W	0.85855
503	YBR256C	0.85838
504	YBL105C	0.85829
505	YHR026W	0.85829
506	YKR026C	0.85827
507	YAL060W	0.85822
508	YFR044C	0.85818
509	YPL218W	0.85813
510	YNL104C	0.8581
511	YLL055W	0.8581
512	YDL140C	0.85806
513	YPL265W	0.85806
514	YLR195C	0.85799
515	YLR303W	0.85792
516	YNL194C	0.85792
517	YPR033C	0.85771
518	YBL036C	0.85769
519	YDR291W	0.85766
520	YOL163W	0.85764
521	YNL231C	0.8576
522	YHR100C	0.85758
523	YBL106C	0.85751
524	YPL236C	0.85749
525	YFR028C	0.85745
526	YNL154C	0.85743
527	YBR068C	0.85741
528	YGL256W	0.85734
529	YBR085W	0.85733
530	YOR131C	0.85727
531	YNR055C	0.85724
532	YDL125C	0.85718
533	YFR053C	0.85715
534	YER099C	0.85715
535	YIL066C	0.85706
536	YAL053W	0.85705
537	YOL060C	0.85688
538	YJL008C	0.85686
539	YDR264C	0.85683
540	YKR097W	0.85682
541	YNR070W	0.85679
542	YLR172C	0.85676
543	YHR029C	0.85675
544	YJL087C	0.85669
545	YBL075C	0.85666
546	YGR155W	0.85657
547	YBR127C	0.85649
548	YFL045C	0.85647
549	YCR028C	0.85637
550	YER027C	0.85636
551	YBL030C	0.85627
552	YGL119W	0.85626
553	YPR052C	0.85625
554	YMR307W	0.85622
555	YOR217W	0.85621
556	YDR331W	0.85617
557	YJR143C	0.85611
558	YCR037C	0.8561
559	YIL064W	0.8561
560	YGR185C	0.8561
561	YKR093W	0.85609
562	YOR347C	0.85595
563	YAL067C	0.85595
564	YLR241W	0.85592
565	YPL051W	0.85588
566	YDL134C	0.85588
567	YLR189C	0.85587
568	YML080W	0.85586
569	YNL330C	0.8558
570	YGR125W	0.85579
571	YIL120W	0.85574
572	YJL060W	0.85567
573	YNL014W	0.85557
574	YLR286C	0.85556
575	YIR042C	0.85549
576	YIR029W	0.85548
577	YNL200C	0.85545
578	YDL095W	0.85529
579	YDR508C	0.85527
580	YOR003W	0.85526
581	YGR231C	0.85518
582	YLR237W	0.85511
583	YLR307W	0.85508
584	YHR031C	0.85507
585	YDL160C	0.85501
586	YEL041W	0.85497
587	YOR099W	0.85497
588	YML116W	0.85496
589	YOR151C	0.85491
590	YMR266W	0.85478
591	YKL027W	0.85477
592	YGL253W	0.85475
593	YAL005C	0.85468
594	YGR100W	0.85467
595	YPL274W	0.85466
596	YDR481C	0.85466
597	YBR153W	0.85464
598	YFR031C	0.85463
599	YOL011W	0.85457
600	YOR351C	0.85453
601	YLL061W	0.85447
602	YMR285C	0.85438
603	YNL241C	0.85437
604	YER089C	0.85437
605	YOL119C	0.85436
606	YER159C	0.85431
607	YML008C	0.85429
608	YMR215W	0.85428
609	YDL036C	0.85425
610	YPR003C	0.85419
611	YHR057C	0.85416
612	YMR288W	0.85415
613	YLR433C	0.85411
614	YDR033W	0.8541
615	YHL011C	0.85406
616	YAR073W	0.85404
617	YNL098C	0.85399
618	YDR539W	0.85397
619	YNL082W	0.8539
620	YBR021W	0.85386
621	YGR240C	0.85383
622	YEL034W	0.85382
623	YOL158C	0.85379
624	YPR051W	0.85377
625	YGL001C	0.85375
626	YER020W	0.85374
627	YBR243C	0.85372
628	YOR388C	0.8537
629	YDL243C	0.85363
630	YDR023W	0.85362
631	YHR039C	0.8536
632	YHR032W	0.8536
633	YJL030W	0.85359
634	YOL112W	0.85355
635	YGL148W	0.85352
636	YMR301C	0.85351
637	YBR008C	0.8535
638	YDR214W	0.85342
639	YDL188C	0.8534
640	YBR166C	0.85335
641	YML102W	0.85323
642	YPL231W	0.85322
643	YOR192C	0.85319
644	YNL113W	0.85318
645	YBR020W	0.8531
646	YMR303C	0.85301
647	YML133W-A	0.853
648	YGR296C-A	0.853
649	YNL339W-A	0.853
650	YPL283W-A	0.853
651	YER190C-A	0.853
652	YOL143C	0.8529
653	YBL039C	0.85289
654	YLR060W	0.85289
655	YJL208C	0.85288
656	YPR062W	0.85284
657	YMR079W	0.85284
658	YJR160C	0.8527
659	YDR083W	0.85265
660	YIL001W	0.8526
661	YBR249C	0.85254
662	YNL288W	0.85247
663	YOL097C	0.85242
664	YBR054W	0.85239
665	YOL080C	0.85219
666	YPL058C	0.85217
667	YGR189C	0.85208
668	YIL008W	0.85207
669	YGR175C	0.85203
670	YHR200W	0.85197
671	YER183C	0.85187
672	YMR305C	0.85187
673	YMR217W	0.85184
674	YLR220W	0.85173
675	YPL153C	0.85169
676	YLR170C	0.85169
677	YOR087W	0.85156
678	YPR110C	0.85152
679	YGL002W	0.8515
680	YLR167W	0.85144
681	YOL090W	0.85142
682	YOR323C	0.8514
683	YIL010W	0.8514
684	YDL097C	0.85139
685	YDR398W	0.85138
686	YDR294C	0.85138
687	YDR373W	0.85137
688	YBL068W	0.85127
689	YJR024C	0.8512
690	YDL126C	0.85114
691	YBR121C	0.85113
692	YOR348C	0.85112
693	YKR056W	0.85099
694	YOL103W	0.85096
695	YPR145W	0.85089
696	YLR153C	0.85089
697	YGR060W	0.85087
698	YOR095C	0.85083
699	YBR145W	0.85075
700	YNL255C	0.85071
701	YMR083W	0.85068
702	YGL186C	0.85067
703	YBR088C	0.85061
704	YML115C	0.85058
705	YNL331C	0.85055
706	YER166W	0.85051
707	YFR055W	0.85048
708	YJL171C	0.85046
709	YNL108C	0.85046
710	YML075C	0.85042
711	YBR106W	0.85036
712	YCL018W	0.8503
713	YLR304C	0.8503
714	YER165W	0.85026
715	YJR152W	0.85023
716	YCR011C	0.85016
717	YKL069W	0.85008
718	YDR035W	0.85003
719	YKL004W	0.85002
720	YGL190C	0.85001
721	YJL035C	0.84992
722	YJR103W	0.84983
723	YDL100C	0.84981
724	YDR109C	0.84978
725	YEL058W	0.84976
726	YHR025W	0.84974
727	YBR196C	0.84974
728	YOL137W	0.84972
729	YDR037W	0.84971
730	YHR005C	0.8496
731	YEL030W	0.84956
732	YIR027C	0.84953
733	YLL056C	0.84947
734	YDR522C	0.84942
735	YDR238C	0.84934
736	YBR015C	0.84934
737	YLR253W	0.84922
738	YDR041W	0.84921
739	YBR038W	0.84918
740	YDR111C	0.84916
741	YDR062W	0.84913
742	YPL031C	0.84905
743	YMR056C	0.84901
744	YHR124W	0.84891
745	YGR208W	0.84887
746	YJL034W	0.84882
747	YLL024C	0.84873
748	YLL039C	0.84866
749	YBR234C	0.84864
750	YGR124W	0.84864
751	YDR140W	0.84859
752	YOR161C	0.84858
753	YDR541C	0.84858
754	YDR328C	0.84846
755	YOR109W	0.84842
756	YBR011C	0.84838
757	YNR019W	0.84838
758	YBR019C	0.84838
759	YOR071C	0.84834
760	YDR397C	0.84834
761	YLR249W	0.84833
762	YKL039W	0.84833
763	YGL026C	0.84832
764	YLR181C	0.84828
765	YOR362C	0.8482
766	YPL154C	0.84812
767	YGL006W	0.84809
768	YNR048W	0.84801
769	YLR410W	0.84794
770	YJL068C	0.84793
771	YOR224C	0.84789
772	YDL247W	0.84771
773	YJL134W	0.84763
774	YDR454C	0.84761
775	YGL114W	0.84753
776	YGL047W	0.84744
777	YFL056C	0.84743
778	YML121W	0.84738
779	YLR134W	0.84738
780	YKR001C	0.84732
781	YDR055W	0.84729
782	YBL057C	0.84724
783	YKL126W	0.84723
784	YPR113W	0.84716
785	YJR015W	0.84713
786	YIR002C	0.84713
787	YLR412W	0.84712
788	YML057W	0.84711
789	YAL054C	0.84707
790	YBR046C	0.84702
791	YGR281W	0.84692
792	YMR271C	0.84692
793	YLR245C	0.84689
794	YGL201C	0.84679
795	YMR239C	0.84675
796	YPR002W	0.84655
797	YDR013W	0.84654
798	YBR208C	0.8465
799	YOL125W	0.84648
800	YPR104C	0.84646
801	YOL086C	0.84638
802	YBL029C-A	0.84637
803	YCL040W	0.8463
804	YOR306C	0.84626
805	YGR087C	0.84626
806	YLR447C	0.84623
807	YMR062C	0.84623
808	Q0085	0.84619
809	YNL209W	0.84619
810	YGR289C	0.84618
811	YOL092W	0.84605
812	YEL026W	0.84603
813	YBR078W	0.84599
814	YDL046W	0.84598
815	YDR167W	0.84595
816	YOR185C	0.84591
817	YER107C	0.84573
818	YIL053W	0.84569
819	YLR070C	0.84559
820	YHR019C	0.84555
821	YBR006W	0.84555
822	YGR279C	0.8455
823	YOR393W	0.84541
824	YPL281C	0.84541
825	YNR064C	0.84539
826	YKL059C	0.84537
827	YAL061W	0.84535
828	YLR326W	0.8453
829	YJR124C	0.8453
830	YNL287W	0.84525
831	YMR323W	0.84525
832	YDL108W	0.84522
833	YER103W	0.84521
834	YDR135C	0.8452
835	YKL144C	0.84518
836	YDL007W	0.84513
837	YLR209C	0.84512
838	YHR027C	0.84503
839	YPL061W	0.84503
840	YDR074W	0.84499
841	YIR019C	0.84487
842	YOL130W	0.84486
843	YAR015W	0.84483
844	YIR023W	0.84483
845	YDL238C	0.84478
846	YKR013W	0.84477
847	YMR138W	0.84475
848	YNL064C	0.84467
849	YBR263W	0.84463
850	YBR162C	0.8446
851	YGR246C	0.84457
852	YJL093C	0.84453
853	YAL042W	0.84432
854	YFR014C	0.8442
855	YBR198C	0.84418
856	YGR218W	0.84414
857	YPR041W	0.84414
858	YMR178W	0.84413
859	YOR196C	0.84411
860	YLL027W	0.8441
861	YHL015W	0.84409
862	YOR168W	0.84404
863	YOR283W	0.84399
864	YPL006W	0.84399
865	YFR004W	0.84395
866	YGR043C	0.84393
867	YLR014C	0.84389
868	YGL039W	0.84379
869	YGL017W	0.84371
870	YDL208W	0.84368
871	YKL184W	0.84365
872	YBR035C	0.84364
873	YFR015C	0.84363
874	YJR073C	0.8436
875	YGL070C	0.8436
876	YBR073W	0.84356
877	YHR112C	0.8435
878	YOR155C	0.84348
879	YFL057C	0.8434
880	YDL155W	0.84338
881	YGR123C	0.8433
882	YJL190C	0.84329
883	YBR117C	0.84328
884	YCR021C	0.84326
885	YOR101W	0.84326
886	YKL078W	0.84325
887	YOR321W	0.84322
888	YLR203C	0.84321
889	YCR053W	0.84319
890	YMR224C	0.84318
891	YGR048W	0.84317
892	YDR120C	0.8431
893	YLR343W	0.84307
894	YDL229W	0.84305
895	YGR019W	0.84303
896	YPR186C	0.843
897	YBL071W-A	0.84297
898	YDR452W	0.84293
899	YIL162W	0.84286
900	YHR044C	0.84282
901	YBR264C	0.84281
902	YGR163W	0.84281
903	YHR043C	0.84279
904	YOR089C	0.84276
905	YKL217W	0.84263
906	YJR130C	0.84261
907	YIL160C	0.8426
908	YER015W	0.84257
909	YAR002C-A	0.84251
910	YPR157W	0.84245
911	YCR061W	0.8424
912	YFL034C-B	0.84238
913	YPL226W	0.84229
914	YCL030C	0.84223
915	YOR358W	0.84221
916	YIL169C	0.8422
917	YMR253C	0.84219
918	YML021C	0.84215
919	YDR510W	0.84215
920	YDL194W	0.84215
921	YIL109C	0.84213
922	YDR392W	0.84209
923	YGR065C	0.84209
924	YCR027C	0.84208
925	YJL026W	0.84208
926	YIR031C	0.84204
927	YJL121C	0.84203
928	YGR094W	0.84202
929	YIL145C	0.84195
930	YMR203W	0.84194
931	YPL237W	0.84191
932	YAL029C	0.84185
933	YPL015C	0.84181
934	YOR236W	0.84166
935	YOL157C	0.8416
936	YPR069C	0.84158
937	YGR211W	0.84155
938	YLR138W	0.84152
939	YOR291W	0.8415
940	YNL274C	0.84148
941	YHR070W	0.84147
942	YDL014W	0.84147
943	YJL094C	0.84143
944	YML056C	0.84141
945	YER185W	0.84136
946	YDR415C	0.84134
947	YER006W	0.84134
948	YGR253C	0.84132
949	YLR047C	0.84127
950	YDR047W	0.8412
951	YDR092W	0.8412
952	YLR382C	0.84118
953	YNR060W	0.84113
954	YPR032W	0.84113
955	YDR172W	0.84112
956	YPR086W	0.84109
957	YHR042W	0.84107
958	YBR087W	0.84098
959	YGR256W	0.8409
960	YMR054W	0.84084
961	YGL099W	0.84082
962	YNR043W	0.8407
963	YDL193W	0.84069
964	YPR137W	0.84063
965	YKR074W	0.8406
966	YER005W	0.84053
967	YEL021W	0.84051
968	YBL089W	0.84049
969	YER152C	0.84046
970	YLR285W	0.84042
971	YNL264C	0.84042
972	YBR291C	0.84036
973	YLR011W	0.84035
974	YDR516C	0.84029
975	YER062C	0.84028
976	YLR432W	0.84023
977	YNL061W	0.84023
978	YKL193C	0.84023
979	YBL113C	0.84018
980	YBR089C-A	0.84009
981	YDR155C	0.84008
982	YOL084W	0.84007
983	YML035C	0.84007
984	YOL034W	0.84002
985	YLR044C	0.83998
986	YOR163W	0.83996
987	YHR170W	0.83995
988	YPR160W	0.83987
989	YGR200C	0.83982
990	YIL172C	0.83981
991	YJL221C	0.83981
992	YNL293W	0.83968
993	YJL155C	0.83962
994	YGL130W	0.83958
995	YLR377C	0.83958
996	YNL175C	0.83955
997	YFR009W	0.83951
998	YBR248C	0.83951
999	YNL259C	0.83951
1000	YIL078W	0.83947
1001	YML092C	0.83942
1002	YIL103W	0.83939
1003	YMR226C	0.83938
1004	YGR264C	0.83931
1005	YDR058C	0.83931
1006	YLR367W	0.83929
1007	YJL217W	0.83926
1008	YLR258W	0.83925
1009	YMR113W	0.83924
1010	YLR059C	0.83918
1011	YDL138W	0.83915
1012	YFR021W	0.83913
1013	YNL101W	0.83905
1014	YAL036C	0.83905
1015	YGR020C	0.83899
1016	YDR388W	0.83895
1017	YGL048C	0.83895
1018	YBL011W	0.83891
1019	YIL014W	0.8389
1020	YGL200C	0.83888
1021	YOR181W	0.83888
1022	YMR322C	0.83883
1023	YJR116W	0.83883
1024	YDR408C	0.83881
1025	YPL010W	0.8387
1026	YDL103C	0.83867
1027	YMR006C	0.8386
1028	YAR042W	0.83859
1029	YOR391C	0.83856
1030	YPR193C	0.83854
1031	YBR159W	0.83852
1032	YOL115W	0.83851
1033	YJL041W	0.83849
1034	YPR056W	0.83844
1035	YPL280W	0.83842
1036	YJR155W	0.83842
1037	YCR059C	0.83838
1038	YER143W	0.83838
1039	YHR111W	0.83836
1040	YBL017C	0.83833
1041	YLR398C	0.83832
1042	YKL213C	0.83826
1043	YLR293C	0.83825
1044	YFR006W	0.83819
1045	YLR129W	0.83818
1046	YPL227C	0.83805
1047	YMR167W	0.83804
1048	YNL093W	0.838
1049	YAL038W	0.83798
1050	YKL046C	0.83795
1051	YGR287C	0.83791
1052	YBR245C	0.83788
1053	YHR065C	0.83787
1054	YDR514C	0.83783
1055	YLR146C	0.83781
1056	YLR234W	0.83775
1057	YKR053C	0.83775
1058	YGL012W	0.8377
1059	YDR185C	0.83769
1060	YOR381W	0.83767
1061	YDR002W	0.83764
1062	YKL164C	0.83762
1063	YKL120W	0.83757
1064	YOR074C	0.83757
1065	YGL097W	0.83755
1066	YDR300C	0.83754
1067	YCR105W	0.83753
1068	YDR007W	0.83749
1069	YPR025C	0.83746
1070	YDL207W	0.83741
1071	YNL229C	0.8374
1072	YOR298C-A	0.83731
1073	YDL022W	0.83726
1074	YHR216W	0.83723
1075	YLR243W	0.8372
1076	YOL129W	0.83711
1077	YLR429W	0.83706
1078	YOL002C	0.83703
1079	YPL028W	0.83699
1080	YHR183W	0.83683
1081	YGL232W	0.83683
1082	YGR135W	0.83678
1083	YDL174C	0.83673
1084	YGR105W	0.83671
1085	YER057C	0.83662
1086	YJL079C	0.83662
1087	YCR094W	0.83657
1088	YJR045C	0.83654
1089	YLR200W	0.83647
1090	YPL183C	0.83646
1091	YNL323W	0.83636
1092	YFL067W	0.83634
1093	YJR144W	0.83633
1094	YBR069C	0.83631
1095	YHL003C	0.83626
1096	YNL138W	0.83626
1097	YMR200W	0.83625
1098	YHR205W	0.8362
1099	YOR187W	0.83615
1100	YEL066W	0.83607
1101	YHR064C	0.83603
1102	YIL108W	0.83602
1103	YKL197C	0.83578
1104	YFL050C	0.83573
1105	YOL075C	0.83573
1106	YKR062W	0.83565
1107	YEL004W	0.83565
1108	YJR151C	0.83565
1109	YOR122C	0.8356
1110	YBR220C	0.83558
1111	YIL063C	0.83557
1112	YGR224W	0.83544
1113	YDL144C	0.8354
1114	YGL022W	0.83533
1115	YJL212C	0.83525
1116	YHR047C	0.83524
1117	YPL133C	0.8352
1118	YDR306C	0.83519
1119	YOR307C	0.83514
1120	YML038C	0.83511
1121	YBL024W	0.8351
1122	YFR010W	0.83509
1123	YOR118W	0.83503
1124	YJR077C	0.83502
1125	YNL106C	0.83501
1126	YPL122C	0.835
1127	YAL009W	0.83497
1128	YLR291C	0.83495
1129	YNL244C	0.8348
1130	YDR093W	0.83478
1131	YJL183W	0.83467
1132	YMR318C	0.83461
1133	YBR237W	0.83456
1134	YGL157W	0.83449
1135	YGL163C	0.83449
1136	YML124C	0.83446
1137	YDR190C	0.83445
1138	YGR213C	0.83443
1139	YKR024C	0.8344
1140	YNL321W	0.83438
1141	YBL007C	0.83433
1142	YOR384W	0.83415
1143	YDR477W	0.83414
1144	YMR220W	0.83413
1145	YGR024C	0.83403
1146	YGL234W	0.83398
1147	YNR015W	0.83396
1148	YIR034C	0.83395
1149	YDR346C	0.83394
1150	YOR243C	0.8339
1151	YMR238W	0.83381
1152	YGL028C	0.83368
1153	YHR069C	0.83366
1154	YDR324C	0.83364
1155	YDR483W	0.83361
1156	YMR314W	0.83359
1157	YGL221C	0.83355
1158	YGL202W	0.83353
1159	YCR084C	0.83352
1160	YNL223W	0.83351
1161	YLR354C	0.83341
1162	YOR142W	0.8334
1163	YPL194W	0.83336
1164	YDL064W	0.83334
1165	YER162C	0.83328
1166	YAL062W	0.83324
1167	YHR190W	0.83323
1168	YLR155C	0.83318
1169	YLR158C	0.83318
1170	YLR160C	0.83318
1171	YLR157C	0.83318
1172	YIR026C	0.83313
1173	YER176W	0.83313
1174	YJR069C	0.83311
1175	YOR311C	0.83309
1176	YOL023W	0.83308
1177	YDR378C	0.83307
1178	YOL020W	0.83305
1179	YBR169C	0.83303
1180	YIL124W	0.83303
1181	YMR210W	0.83302
1182	YKR105C	0.83294
1183	YOR027W	0.83292
1184	YBR252W	0.8329
1185	YPL157W	0.83288
1186	YML086C	0.83279
1187	YHL039W	0.8327
1188	YGR001C	0.8327
1189	YJL216C	0.83264
1190	YIL039W	0.83259
1191	YJL005W	0.83259
1192	YLR357W	0.83251
1193	YMR292W	0.83243
1194	YKL191W	0.83239
1195	YLR259C	0.83235
1196	YPL187W	0.83231
1197	YMR001C	0.8323
1198	YLR345W	0.83229
1199	YJL042W	0.83228
1200	YDL212W	0.83224
1201	YLR384C	0.83221
1202	YJL125C	0.83221
1203	YKL220C	0.83217
1204	YNL117W	0.83207
1205	YMR269W	0.83206
1206	YDR270W	0.83202
1207	YOL124C	0.83199
1208	YHL017W	0.83195
1209	YMR250W	0.83191
1210	YER136W	0.83185
1211	YPR181C	0.83185
1212	YLL060C	0.83185
1213	YER013W	0.83182
1214	YOR273C	0.83181
1215	YKL161C	0.83177
1216	YJL200C	0.83171
1217	YGR173W	0.8317
1218	YKR018C	0.83165
1219	YPL212C	0.83164
1220	YIL043C	0.8316
1221	YGR199W	0.83154
1222	YBL018C	0.83154
1223	YOR110W	0.83153
1224	YBL056W	0.83152
1225	YBR200W	0.8315
1226	YDR421W	0.83146
1227	YMR155W	0.83145
1228	YJR057W	0.83142
1229	YDR465C	0.83138
1230	YLL001W	0.83136
1231	YNR020C	0.83134
1232	YDR438W	0.83127
1233	YLR409C	0.83126
1234	YGL050W	0.83125
1235	YBL061C	0.83124
1236	YHR002W	0.8312
1237	YOR304W	0.83118
1238	YKL127W	0.83115
1239	YCR020C-A	0.83114
1240	YHR068W	0.83114
1241	YMR105C	0.8311
1242	YPR172W	0.83109
1243	YNR008W	0.83108
1244	YJR131W	0.83105
1245	YGL251C	0.83103
1246	YKR051W	0.83097
1247	YAR018C	0.83095
1248	YNL016W	0.83094
1249	YLR308W	0.8309
1250	YLR446W	0.83087
1251	YBR061C	0.83085
1252	YLR004C	0.83081
1253	YOR233W	0.83076
1254	YIR036C	0.83073
1255	YJR105W	0.83059
1256	YNL335W	0.83057
1257	YFL061W	0.83057
1258	YBR029C	0.83052
1259	YPL043W	0.83048
1260	YJL222W	0.83035
1261	YML078W	0.83028
1262	YML014W	0.83025
1263	YLR168C	0.83025
1264	YLR210W	0.83018
1265	YLR214W	0.8301
1266	YNL088W	0.83009
1267	YLR399C	0.83007
1268	YLR231C	0.83007
1269	YPR180W	0.83005
1270	YBR094W	0.83002
1271	YOR250C	0.83002
1272	YMR262W	0.83
1273	YAR035W	0.82998
1274	YPL091W	0.82996
1275	YNR057C	0.82992
1276	YIL173W	0.82988
1277	YOR052C	0.82985
1278	YBR242W	0.82982
1279	YOL009C	0.82982
1280	YCR107W	0.82969
1281	YDR225W	0.82961
1282	YLR069C	0.82959
1283	YLR411W	0.82957
1284	YKR072C	0.82956
1285	YOL016C	0.82956
1286	YOR054C	0.82955
1287	YJL124C	0.82954
1288	YBL003C	0.82951
1289	YLR056W	0.8295
1290	YIL168W	0.82946
1291	YPL151C	0.82936
1292	YHL008C	0.82934
1293	YPR159W	0.82931
1294	YGR159C	0.82926
1295	YLR347C	0.82925
1296	YDR116C	0.82924
1297	YJR159W	0.82921
1298	YLR216C	0.8292
1299	YNL237W	0.82917
1300	YDL246C	0.82915
1301	YOR226C	0.82912
1302	YDL057W	0.82904
1303	YBL040C	0.829
1304	YDR121W	0.82894
1305	YLR262C	0.82889
1306	YPR124W	0.82885
1307	YOR001W	0.82883
1308	YPL190C	0.82882
1309	YJL174W	0.82879
1310	YLL029W	0.82878
1311	YDR456W	0.82872
1312	YMR319C	0.82872
1313	YLL028W	0.82867
1314	YKR104W	0.82866
1315	YER003C	0.82859
1316	YNL135C	0.82858
1317	YNL141W	0.82855
1318	YBR261C	0.82851
1319	YML005W	0.8285
1320	YDR479C	0.8285
1321	YEL052W	0.82849
1322	YOL012C	0.82846
1323	YPR074C	0.82845
1324	YGR207C	0.82839
1325	YCL048W	0.82837
1326	YGL164C	0.82833
1327	YPL092W	0.82831
1328	YDR191W	0.8283
1329	YBL067C	0.82822
1330	YMR304W	0.8282
1331	YKL064W	0.82818
1332	YGL178W	0.82816
1333	YHR003C	0.82815
1334	YML085C	0.82812
1335	YCR023C	0.82812
1336	YDL205C	0.8281
1337	YDR440W	0.82806
1338	YGR292W	0.82802
1339	YHR107C	0.82795
1340	YLR450W	0.82782
1341	YKL157W	0.82782
1342	YHR191C	0.82776
1343	YNL299W	0.82772
1344	YDR267C	0.82772
1345	YPR107C	0.82771
1346	YPL106C	0.8277
1347	YLR008C	0.82769
1348	YPR192W	0.82766
1349	YJR017C	0.82764
1350	YJR047C	0.82753
1351	YDR533C	0.82751
1352	YNR032W	0.8275
1353	YOR339C	0.82749
1354	YBR058C	0.82749
1355	YHR142W	0.82749
1356	YGL078C	0.82745
1357	YBR003W	0.82744
1358	YMR123W	0.82741
1359	YOR390W	0.82739
1360	YGR141W	0.82737
1361	YIL094C	0.82737
1362	YBR299W	0.82736
1363	YOL165C	0.82735
1364	YPR201W	0.82735
1365	YLL058W	0.82723
1366	YML072C	0.8272
1367	YDR142C	0.82711
1368	YLR108C	0.82711
1369	YCR005C	0.8271
1370	YER175C	0.82706
1371	YGL156W	0.82702
1372	YJR063W	0.82698
1373	YPL176C	0.82698
1374	YDR177W	0.82697
1375	YOR159C	0.82695
1376	YIR022W	0.82691
1377	YPL135W	0.82687
1378	YBL032W	0.82684
1379	YGR083C	0.82681
1380	YAL012W	0.8267
1381	YHR091C	0.82667
1382	YOR259C	0.82662
1383	YDR139C	0.8266
1384	YBL021C	0.82658
1385	YFL001W	0.82658
1386	YDL049C	0.82656
1387	YKL151C	0.82652
1388	YHR175W	0.82647
1389	YKL021C	0.82642
1390	YMR297W	0.82638
1391	YGR138C	0.82636
1392	YLR027C	0.82631
1393	YDR394W	0.82631
1394	YDR531W	0.8263
1395	YJL088W	0.82622
1396	YOR239W	0.82618
1397	YGL207W	0.82616
1398	YDL167C	0.8261
1399	YHR163W	0.82604
1400	YKL013C	0.82596
1401	YGL122C	0.82593
1402	YHR028C	0.82592
1403	YDL017W	0.82592
1404	YNL040W	0.82591
1405	YNL111C	0.82584
1406	YBL076C	0.82579
1407	YOR117W	0.82578
1408	YER073W	0.82572
1409	YMR104C	0.8257
1410	YIR035C	0.82562
1411	YMR196W	0.82557
1412	YOR018W	0.82554
1413	YGR248W	0.82546
1414	YPL279C	0.8254
1415	YBR137W	0.8254
1416	YKR043C	0.82539
1417	YHR108W	0.82534
1418	YJL002C	0.82526
1419	YDR292C	0.82521
1420	YDR257C	0.82517
1421	YJL160C	0.82517
1422	YDR424C	0.82513
1423	YMR169C	0.8251
1424	YKR055W	0.82505
1425	YOR126C	0.82505
1426	YER066W	0.82505
1427	YAL049C	0.82502
1428	YJR032W	0.82502
1429	YPL012W	0.82497
1430	YDR045C	0.82495
1431	YOL077C	0.82495
1432	YLR361C	0.82484
1433	YAL022C	0.82484
1434	YFL008W	0.82467
1435	YPR006C	0.82467
1436	YGL171W	0.8246
1437	YPL206C	0.82455
1438	YNL207W	0.82447
1439	YHR013C	0.82447
1440	YOR086C	0.82447
1441	YGR007W	0.82443
1442	YLR452C	0.82435
1443	YMR278W	0.82424
1444	YDL109C	0.82421
1445	YCL033C	0.82418
1446	YGL030W	0.82414
1447	YER179W	0.82403
1448	YPL213W	0.82398
1449	YOR262W	0.82397
1450	YPL224C	0.82397
1451	YPR054W	0.82394
1452	YNL023C	0.8239
1453	YCR045C	0.82388
1454	YIL105C	0.82383
1455	YDR384C	0.82382
1456	YLL009C	0.8238
1457	YMR183C	0.82371
1458	YGR244C	0.8237
1459	YPL046C	0.82367
1460	YOR303W	0.82367
1461	YNR050C	0.82367
1462	YKL145W	0.82366
1463	YDR338C	0.82365
1464	YJL159W	0.82361
1465	YKL163W	0.8236
1466	YOR209C	0.82356
1467	YPR108W	0.82344
1468	YFR030W	0.82338
1469	YLR117C	0.82337
1470	YEL047C	0.82337
1471	YNR012W	0.82334
1472	YDR258C	0.82332
1473	YOR011W	0.8232
1474	YBR265W	0.82317
1475	YOR048C	0.82307
1476	YMR194C-B	0.82304
1477	YKR088C	0.82297
1478	YIL164C	0.82287
1479	YHR181W	0.8228
1480	YFR051C	0.82278
1481	YHR046C	0.82268
1482	YPR088C	0.82266
1483	YKR009C	0.82266
1484	YMR095C	0.82261
1485	YFL017C	0.8226
1486	YNL334C	0.8225
1487	YNL281W	0.8225
1488	YDR263C	0.82248
1489	YNL130C	0.82243
1490	YLR426W	0.82242
1491	YER065C	0.82241
1492	YDL177C	0.82238
1493	YBL023C	0.82238
1494	YPR047W	0.82238
1495	YLR020C	0.82231
1496	YLR369W	0.82229
1497	YGL220W	0.82223
1498	YDR009W	0.82219
1499	YMR085W	0.82215
1500	YHR020W	0.8221
1501	YDR280W	0.82209
1502	YCL059C	0.82207
1503	YDR287W	0.82206
1504	YBL101C	0.822
1505	YAL044W-A	0.82192
1506	YNL071W	0.82181
1507	YEL038W	0.82181
1508	YNL232W	0.82179
1509	YOL064C	0.82179
1510	YIL046W	0.82178
1511	YPR156C	0.82178
1512	YFL060C	0.82175
1513	YER172C	0.82174
1514	YHR037W	0.82173
1515	YML126C	0.82164
1516	YKL119C	0.82159
1517	YOR172W	0.82159
1518	Q0250	0.82158
1519	YDR490C	0.82158
1520	YML070W	0.82156
1521	YOL113W	0.8215
1522	YPR120C	0.8215
1523	YPL113C	0.82148
1524	YCR048W	0.82142
1525	YJL111W	0.8214
1526	YMR260C	0.82135
1527	YDL083C	0.82135
1528	YMR143W	0.82135
1529	YCL069W	0.82133
1530	YML067C	0.82132
1531	YBR202W	0.82131
1532	YOR049C	0.82127
1533	YDR211W	0.82124
1534	YOL001W	0.82115
1535	YOL139C	0.82113
1536	YNR056C	0.82108
1537	YNL087W	0.82108
1538	YFR005C	0.82107
1539	YGL068W	0.82105
1540	YOL058W	0.82103
1541	YPR118W	0.82097
1542	YKL202W	0.82093
1543	YJR139C	0.82088
1544	YKL073W	0.82084
1545	YBR002C	0.82081
1546	YOR145C	0.82079
1547	YIL067C	0.82076
1548	YMR276W	0.82075
1549	YOR039W	0.82074
1550	YDR097C	0.82069
1551	YPR119W	0.82063
1552	YDL019C	0.82061
1553	YDL084W	0.82057
1554	YKL114C	0.82056
1555	YGL144C	0.82054
1556	YEL032W	0.82053
1557	YIL021W	0.82047
1558	YBL001C	0.82045
1559	YGR271W	0.82043
1560	YDL230W	0.82034
1561	YOR175C	0.82031
1562	YER059W	0.82029
1563	YNR027W	0.82028
1564	YFR027W	0.82027
1565	YIL113W	0.82026
1566	YGL181W	0.82019
1567	YIL015W	0.82018
1568	YOL055C	0.82018
1569	YOR246C	0.82015
1570	YLL006W	0.82014
1571	YMR235C	0.82006
1572	YBR139W	0.82004
1573	YER049W	0.82003
1574	YER043C	0.81995
1575	YCL011C	0.8199
1576	YJL168C	0.81983
1577	YDR224C	0.81981
1578	YOL062C	0.8198
1579	YNR011C	0.8198
1580	YDR132C	0.81974
1581	YGL045W	0.81974
1582	YER142C	0.81972
1583	YCL036W	0.81965
1584	YOR375C	0.81955
1585	YDR297W	0.81951
1586	YOR335C	0.81951
1587	YOL065C	0.81946
1588	YHR168W	0.81946
1589	YML079W	0.81945
1590	YFL042C	0.81944
1591	YBR109C	0.81934
1592	YJL129C	0.81934
1593	YER098W	0.8193
1594	YBR254C	0.8192
1595	YKL221W	0.81918
1596	YAL039C	0.81917
1597	YML082W	0.81915
1598	YDR380W	0.81913
1599	YDL135C	0.81913
1600	YDR127W	0.81908
1601	YER110C	0.81903
1602	YML094W	0.81903
1603	Q0065	0.81895
1604	YNL022C	0.81891
1605	YNR067C	0.81887
1606	YOR084W	0.81883
1607	YBR267W	0.81882
1608	YBR111C	0.81881
1609	YHR161C	0.81881
1610	YHR202W	0.81876
1611	YNL192W	0.81875
1612	YMR170C	0.81873
1613	YEL071W	0.81869
1614	YER036C	0.81859
1615	YPL160W	0.81854
1616	YBR037C	0.81851
1617	YLR427W	0.8185
1618	YPL030W	0.81847
1619	YNL248C	0.81846
1620	YML022W	0.81841
1621	YOR206W	0.81841
1622	YMR049C	0.81834
1623	YGR268C	0.81833
1624	YCL054W	0.81832
1625	YPR140W	0.81825
1626	YPL275W	0.81825
1627	YPR073C	0.81818
1628	YHR024C	0.81816
1629	YLR351C	0.81816
1630	YIR039C	0.81815
1631	YOL142W	0.81814
1632	YMR027W	0.81813
1633	YER164W	0.81812
1634	YKR067W	0.81808
1635	YMR101C	0.81791
1636	YCR096C	0.8179
1637	YNL065W	0.81789
1638	YPR128C	0.81789
1639	YDL147W	0.81777
1640	YGR260W	0.81767
1641	YOR057W	0.8176
1642	YHR178W	0.8176
1643	YFR024C-A	0.81755
1644	YPL232W	0.81748
1645	YGR262C	0.81743
1646	YHR088W	0.81742
1647	YKL117W	0.81741
1648	YDR212W	0.8174
1649	YER053C	0.81739
1650	YDR063W	0.81738
1651	YOR374W	0.81736
1652	YKL182W	0.81735
1653	YEL001C	0.8173
1654	YKL017C	0.81727
1655	YLR274W	0.81726
1656	YGR093W	0.81725
1657	YGL194C	0.81722
1658	YDL124W	0.81719
1659	YBL002W	0.81718
1660	YMR063W	0.81717
1661	YBR115C	0.81716
1662	YNL007C	0.81715
1663	YGL055W	0.81708
1664	YPR004C	0.81707
1665	YGR276C	0.81703
1666	YDR182W	0.81701
1667	YGR031W	0.81701
1668	YFL053W	0.81697
1669	YDR368W	0.81695
1670	YNR016C	0.81695
1671	YOL010W	0.81694
1672	YPL042C	0.81694
1673	YOR361C	0.81691
1674	YBR103W	0.8169
1675	YMR296C	0.81683
1676	YOL114C	0.81682
1677	YIL099W	0.81679
1678	YGR172C	0.81672
1679	YBR205W	0.81668
1680	YOR013W	0.81666
1681	YIL033C	0.81663
1682	YKL152C	0.81663
1683	YIR012W	0.81663
1684	YBR023C	0.8165
1685	YDL101C	0.81648
1686	YDR019C	0.81641
1687	YLR126C	0.8164
1688	YDR293C	0.81638
1689	YBR251W	0.81631
1690	YKL051W	0.81626
1691	YMR116C	0.81626
1692	YAL033W	0.81625
1693	YNL049C	0.81623
1694	YJR040W	0.81622
1695	YBR228W	0.81618
1696	YBL099W	0.81618
1697	YPL082C	0.81618
1698	YLR383W	0.81611
1699	YKL178C	0.8161
1700	YLL026W	0.81601
1701	YIR009W	0.816
1702	YLR074C	0.816
1703	YMR201C	0.81596
1704	YDL104C	0.81596
1705	Q0120	0.81591
1706	YPL140C	0.81591
1707	YNL025C	0.81589
1708	YDR498C	0.81588
1709	YER017C	0.81587
1710	YER123W	0.81583
1711	YNL312W	0.81581
1712	YNL298W	0.8158
1713	YDL236W	0.81574
1714	YBR180W	0.81572
1715	YIL095W	0.81571
1716	YPL258C	0.81565
1717	YLR386W	0.81563
1718	YLR023C	0.8156
1719	YEL039C	0.81556
1720	YDR165W	0.81555
1721	YHR123W	0.81554
1722	YBL019W	0.81552
1723	YGR277C	0.81546
1724	YBR155W	0.81542
1725	YNL251C	0.81535
1726	YMR089C	0.81533
1727	YDR362C	0.81532
1728	YDR067C	0.81531
1729	YCL064C	0.81527
1730	YNR046W	0.81525
1731	YDL178W	0.81523
1732	YDR492W	0.81517
1733	YKL002W	0.81516
1734	YGR029W	0.81516
1735	YNL037C	0.81496
1736	YLR348C	0.81495
1737	YDR060W	0.81494
1738	YAR007C	0.81488
1739	YDR173C	0.81485
1740	YJL136C	0.81482
1741	YGR103W	0.8148
1742	YJR109C	0.81475
1743	YGR181W	0.81466
1744	YFR022W	0.81465
1745	YJL024C	0.81461
1746	YOR120W	0.81454
1747	YNL325C	0.81446
1748	YOL041C	0.81443
1749	YOR341W	0.81439
1750	YHR215W	0.81438
1751	YNL072W	0.81423
1752	YNL306W	0.81423
1753	YBR236C	0.81422
1754	YAR071W	0.81418
1755	YOR034C	0.81416
1756	YBR092C	0.81411
1757	YLR306W	0.81409
1758	YGR012W	0.81406
1759	YML010W	0.81404
1760	YPL110C	0.81402
1761	YEL002C	0.81401
1762	YPL008W	0.814
1763	YOR056C	0.814
1764	YNL292W	0.814
1765	YNL155W	0.81399
1766	YLR144C	0.81398
1767	YLR003C	0.81394
1768	YJR014W	0.81392
1769	YLL011W	0.81391
1770	YIL050W	0.81388
1771	YOR119C	0.81387
1772	YLR089C	0.81386
1773	YDR459C	0.81385
1774	YBL015W	0.81385
1775	YBR018C	0.81382
1776	YLL057C	0.81382
1777	YDR332W	0.8138
1778	YLR222C	0.81371
1779	YGL243W	0.81362
1780	YKL094W	0.81362
1781	YJR133W	0.81361
1782	YIL083C	0.81356
1783	YOR007C	0.81355
1784	YNL333W	0.81353
1785	YLR318W	0.81352
1786	YPL116W	0.8135
1787	YJL145W	0.81347
1788	YOR162C	0.81344
1789	YNL032W	0.8134
1790	YJR112W-A	0.81338
1791	YPL195W	0.81337
1792	YGL140C	0.81331
1793	YPL013C	0.81325
1794	YMR038C	0.81321
1795	YAL035W	0.8132
1796	YIL075C	0.81314
1797	YKL181W	0.81314
1798	YDL080C	0.81314
1799	YOL059W	0.81312
1800	YCR100C	0.81311
1801	YHR194W	0.81311
1802	YML052W	0.8131
1803	YPR024W	0.8131
1804	YFL044C	0.81308
1805	YPR017C	0.81301
1806	YDR162C	0.81297
1807	YDR100W	0.81297
1808	YAL001C	0.81296
1809	YMR099C	0.81293
1810	YHR115C	0.81287
1811	YPR082C	0.81283
1812	YMR092C	0.81282
1813	YLR218C	0.81282
1814	YMR009W	0.81277
1815	YHL026C	0.81276
1816	YOL153C	0.81271
1817	YPR112C	0.81271
1818	YDR226W	0.8127
1819	YBR096W	0.81268
1820	YLR083C	0.81266
1821	YKR066C	0.81262
1822	YJR016C	0.81261
1823	YGL058W	0.81259
1824	YOR021C	0.81254
1825	YOR132W	0.81249
1826	YPL214C	0.81248
1827	YKL135C	0.81246
1828	YNL243W	0.81244
1829	YLL012W	0.81243
1830	YLR389C	0.81236
1831	YFL028C	0.81236
1832	YDR145W	0.81234
1833	YDR411C	0.81232
1834	YNL024C	0.8123
1835	YDR336W	0.81228
1836	YAL020C	0.81228
1837	YFL009W	0.81213
1838	YGR092W	0.81207
1839	YKR014C	0.81206
1840	YHR121W	0.81206
1841	YJR058C	0.81206
1842	YHR164C	0.81204
1843	YOR207C	0.81202
1844	YPR080W	0.812
1845	YPL131W	0.81192
1846	YBR221C	0.81191
1847	YLR272C	0.81186
1848	YJL172W	0.81179
1849	YHR129C	0.81177
1850	YJR070C	0.81177
1851	YCR002C	0.81174
1852	YFL030W	0.81172
1853	YMR306W	0.81155
1854	YEL024W	0.81144
1855	YGR195W	0.81142
1856	YBR146W	0.81141
1857	YJL163C	0.81133
1858	YER004W	0.8113
1859	YJR096W	0.81127
1860	YGL143C	0.81126
1861	YBR167C	0.81118
1862	YPL088W	0.81116
1863	YFL059W	0.81112
1864	YOR356W	0.81112
1865	YAL048C	0.81111
1866	YGR247W	0.81106
1867	YGL196W	0.81105
1868	YER044C	0.81103
1869	YGL173C	0.81099
1870	YER023W	0.81099
1871	YBR053C	0.81095
1872	YOR154W	0.81089
1873	YGL101W	0.81083
1874	YMR093W	0.81082
1875	YJL074C	0.81079
1876	YNL102W	0.81076
1877	YGL056C	0.81072
1878	YNL238W	0.81072
1879	YIL155C	0.8106
1880	YBR060C	0.81059
1881	YDR098C	0.81055
1882	YKL067W	0.81049
1883	YFR025C	0.81048
1884	YOR173W	0.81046
1885	YLR225C	0.8104
1886	YMR078C	0.81034
1887	YOR274W	0.81033
1888	YOR065W	0.81029
1889	YAL021C	0.81025
1890	YBR274W	0.81023
1891	YLR086W	0.8102
1892	YPR111W	0.81019
1893	YNL056W	0.81018
1894	YLL048C	0.81012
1895	YNL206C	0.8101
1896	YKL008C	0.81009
1897	YIR008C	0.81008
1898	YIL013C	0.81007
1899	YML061C	0.81
1900	YGL211W	0.81
1901	YDL141W	0.80997
1902	YPL152W	0.80995
1903	YBR207W	0.80993
1904	YMR228W	0.80991
1905	YPL145C	0.80991
1906	YOR184W	0.8099
1907	YKL028W	0.80985
1908	YER082C	0.80983
1909	YGR220C	0.80983
1910	YGR254W	0.80975
1911	YGL206C	0.80974
1912	YLR401C	0.80972
1913	YDR117C	0.80969
1914	YKR084C	0.80967
1915	YOL155C	0.80961
1916	YDR170C	0.8096
1917	YGL009C	0.80953
1918	YPR190C	0.80951
1919	YJR125C	0.8095
1920	YHR187W	0.80945
1921	YDR243C	0.80936
1922	YNL190W	0.80935
1923	YNL168C	0.80931
1924	YDL029W	0.80926
1925	YLR078C	0.80926
1926	YML054C	0.80924
1927	YGR266W	0.80915
1928	YOL093W	0.80911
1929	YGL137W	0.80909
1930	YNL307C	0.80909
1931	YLR270W	0.80905
1932	YBR141C	0.80902
1933	YFL034W	0.809
1934	YJR098C	0.80898
1935	YMR004W	0.80896
1936	YDL159W	0.80894
1937	YGL033W	0.80894
1938	YOL164W	0.80879
1939	YHR009C	0.80879
1940	YMR162C	0.80877
1941	YGR021W	0.80877
1942	YKL022C	0.80871
1943	YHR113W	0.8087
1944	YGL241W	0.80869
1945	YDL217C	0.80861
1946	YNR058W	0.80858
1947	YMR102C	0.80858
1948	YDL093W	0.80857
1949	YIL107C	0.80857
1950	YLR405W	0.80853
1951	YBR062C	0.80853
1952	YJL158C	0.80853
1953	YDL200C	0.80852
1954	YCR067C	0.8085
1955	YJR061W	0.80849
1956	YCL032W	0.80842
1957	YBR271W	0.80841
1958	YKL222C	0.80834
1959	YLR188W	0.80832
1960	YJR010W	0.80828
1961	YOR025W	0.80823
1962	YPR010C	0.80816
1963	YKL201C	0.80814
1964	YCR035C	0.80813
1965	YLR147C	0.80813
1966	YGR085C	0.80812
1967	YFL048C	0.8081
1968	YHL004W	0.80809
1969	YNR054C	0.80808
1970	YDR305C	0.80803
1971	YIL016W	0.80802
1972	YLR105C	0.80801
1973	YKR070W	0.80792
1974	YLL023C	0.80786
1975	YJL186W	0.80784
1976	YBR093C	0.80781
1977	YGR143W	0.80777
1978	YDL110C	0.80776
1979	YDR358W	0.80776
1980	YCL045C	0.80776
1981	YCL075W	0.80775
1982	YLR133W	0.80774
1983	YMR315W	0.80769
1984	YPL217C	0.80769
1985	YBR183W	0.80762
1986	YNL161W	0.80751
1987	YML065W	0.8075
1988	YGL040C	0.8075
1989	YIR037W	0.80742
1990	YPR149W	0.80737
1991	YHR134W	0.80735
1992	YHL018W	0.80734
1993	YBR175W	0.80732
1994	YCR030C	0.8073
1995	YMR272C	0.80727
1996	YBL098W	0.80717
1997	YNR001C	0.80717
1998	YKL085W	0.80714
1999	YER174C	0.8071
2000	YDR502C	0.80702
2001	YHR048W	0.807
2002	YPR133C	0.80698
2003	YKL215C	0.80696
2004	YDR399W	0.80695
2005	YER016W	0.80694
2006	YMR177W	0.80671
2007	YDL018C	0.8067
2008	YPL164C	0.80668
2009	YCL047C	0.80667
2010	YPL117C	0.80662
2011	YGR095C	0.80659
2012	YDL035C	0.80649
2013	YKL084W	0.80648
2014	YLL034C	0.80638
2015	YKL091C	0.80625
2016	YMR218C	0.80622
2017	YIL065C	0.8062
2018	YLR455W	0.80617
2019	YOL006C	0.80613
2020	YDL215C	0.80613
2021	YKR057W	0.80611
2022	YNR051C	0.80604
2023	YPR121W	0.806
2024	YKL160W	0.80596
2025	YLL008W	0.80595
2026	YNR052C	0.80595
2027	YNR017W	0.80587
2028	YOL110W	0.80574
2029	YKL080W	0.80571
2030	YEL050C	0.8057
2031	YGR162W	0.80561
2032	YGR288W	0.80561
2033	YGR217W	0.80556
2034	YDR148C	0.80556
2035	YPL179W	0.80554
2036	YPL127C	0.80546
2037	YNL045W	0.80546
2038	YFL052W	0.80546
2039	YGR194C	0.80542
2040	YNL169C	0.80542
2041	YKL174C	0.80539
2042	YBL050W	0.80537
2043	YNL163C	0.80537
2044	YFR007W	0.80537
2045	Q0045	0.80536
2046	YMR308C	0.80529
2047	YLL041C	0.80524
2048	YBR293W	0.80513
2049	YDR312W	0.80511
2050	YOL126C	0.80509
2051	YMR166C	0.80501
2052	YIL150C	0.80498
2053	YGL043W	0.80496
2054	YHR066W	0.80492
2055	YOR212W	0.80484
2056	YOR036W	0.80484
2057	YNL063W	0.80481
2058	YPL002C	0.80481
2059	YER168C	0.80479
2060	YCR004C	0.80475
2061	YNL129W	0.80472
2062	YOR322C	0.80464
2063	YFL025C	0.80463
2064	YDR237W	0.80459
2065	YDR487C	0.80458
2066	YER029C	0.80455
2067	YFL037W	0.80453
2068	YFR050C	0.80451
2069	YDL202W	0.80447
2070	YIR032C	0.80443
2071	YGL179C	0.80442
2072	YDL105W	0.80433
2073	YDL132W	0.80422
2074	YNL186W	0.80418
2075	YBR227C	0.80412
2076	YNL001W	0.80412
2077	YML131W	0.8041
2078	YLR418C	0.80409
2079	YOR258W	0.80404
2080	YLR335W	0.80403
2081	YJL080C	0.80401
2082	YIL034C	0.804
2083	YJL165C	0.804
2084	YNL256W	0.80395
2085	YLR284C	0.8039
2086	YGR241C	0.80389
2087	YDR468C	0.80387
2088	YLR143W	0.80386
2089	YJR052W	0.80385
2090	YPL101W	0.80379
2091	YJR141W	0.80375
2092	YHR005C-A	0.80374
2093	YLR300W	0.80367
2094	YAL016W	0.80366
2095	YGR032W	0.80365
2096	YJL082W	0.80364
2097	YDR282C	0.80354
2098	YGL049C	0.80354
2099	YJR013W	0.80352
2100	YHR151C	0.80352
2101	YMR145C	0.80351
2102	YPL060W	0.80347
2103	YNL137C	0.80338
2104	YDR523C	0.80333
2105	YGL004C	0.80331
2106	YOR340C	0.80329
2107	YJR048W	0.80328
2108	YCR044C	0.80325
2109	YGR187C	0.80324
2110	YPL004C	0.80323
2111	YML118W	0.8032
2112	YMR229C	0.80311
2113	YIL047C	0.8031
2114	YNL272C	0.80309
2115	YGR232W	0.80307
2116	YPR102C	0.80306
2117	YEL037C	0.80301
2118	YMR222C	0.80294
2119	YGL236C	0.80292
2120	YKL175W	0.80291
2121	YIL110W	0.8029
2122	YGL044C	0.80287
2123	YOL141W	0.80286
2124	YOR070C	0.80284
2125	YKR069W	0.80283
2126	YIL051C	0.80283
2127	YER100W	0.8028
2128	YGR261C	0.80278
2129	YGR145W	0.80274
2130	YDL213C	0.80273
2131	YGR005C	0.80273
2132	YBR055C	0.80272
2133	YLR114C	0.80271
2134	YPR184W	0.80271
2135	YDR534C	0.80267
2136	YDL033C	0.80259
2137	YOL005C	0.80256
2138	YJL178C	0.80256
2139	YBR041W	0.80253
2140	YDR325W	0.80253
2141	YJR008W	0.80251
2142	YOL098C	0.80244
2143	YPR058W	0.80242
2144	YGR245C	0.8024
2145	YBR074W	0.80233
2146	YJR132W	0.80231
2147	YOR008C	0.8023
2148	YDR051C	0.80226
2149	YPL170W	0.80223
2150	YNL260C	0.8022
2151	YDL090C	0.80211
2152	YOL008W	0.80207
2153	YBR112C	0.80206
2154	YHR120W	0.80197
2155	YCR092C	0.80197
2156	YIL165C	0.8019
2157	YML068W	0.80188
2158	YDR054C	0.80187
2159	YPR011C	0.80184
2160	YCR101C	0.80181
2161	YDL092W	0.80178
2162	YMR277W	0.80177
2163	YOR367W	0.80172
2164	YMR310C	0.80169
2165	YER010C	0.80165
2166	YPL083C	0.80162
2167	YHR075C	0.80156
2168	YDR405W	0.80155
2169	YLL018C-A	0.80154
2170	YHR147C	0.80152
2171	YPR147C	0.80151
2172	YGL027C	0.8015
2173	YMR150C	0.80146
2174	YML125C	0.80145
2175	YBR273C	0.80134
2176	YOR370C	0.80133
2177	YIL153W	0.80126
2178	YOR231W	0.80124
2179	YPL262W	0.80123
2180	YOR222W	0.80122
2181	YDL171C	0.80122
2182	YDL051W	0.80115
2183	YML077W	0.80114
2184	YGR170W	0.80109
2185	YAL019W	0.80105
2186	YOR100C	0.80105
2187	YPL059W	0.80104
2188	YMR208W	0.80102
2189	YKR092C	0.80101
2190	YNL153C	0.801
2191	YEL070W	0.80097
2192	YNR073C	0.80097
2193	YDR364C	0.80091
2194	YOR141C	0.80088
2195	YJR054W	0.80085
2196	YGR036C	0.80085
2197	YER095W	0.80083
2198	YCL038C	0.80081
2199	YDR236C	0.80079
2200	YGL054C	0.80079
2201	YNL107W	0.80077
2202	YGL105W	0.80073
2203	YOR272W	0.80071
2204	YCL074W	0.80065
2205	YGR283C	0.80062
2206	YOL135C	0.80062
2207	YER120W	0.8006
2208	YFL018C	0.80058
2209	YBR223C	0.80058
2210	YIL002C	0.80056
2211	YGL154C	0.80049
2212	YER146W	0.80049
2213	YGL037C	0.80037
2214	YLR337C	0.80031
2215	YIL151C	0.80027
2216	YIL147C	0.80026
2217	YER063W	0.80022
2218	YDL087C	0.80021
2219	YOR165W	0.80019
2220	YGR086C	0.80018
2221	YPR161C	0.80017
2222	YBR199W	0.80015
2223	YOR005C	0.80009
2224	YGL112C	0.80001
2225	YLR196W	0.79999
2226	YJR067C	0.79999
2227	YOR038C	0.79997
2228	YKL029C	0.79997
2229	YOR332W	0.79989
2230	YPL095C	0.79988
2231	YDL185W	0.79987
2232	YFL004W	0.79983
2233	YAL015C	0.79982
2234	YOR201C	0.79978
2235	YBR213W	0.79978
2236	YHR104W	0.79978
2237	YGR078C	0.79971
2238	YJR075W	0.79971
2239	YMR090W	0.79968
2240	YCR069W	0.79965
2241	YPL147W	0.79964
2242	YDR419W	0.79962
2243	YLR180W	0.79955
2244	YDR400W	0.79953
2245	YNL118C	0.79953
2246	YFR018C	0.79949
2247	YNL212W	0.79946
2248	YIL068C	0.79946
2249	YLR022C	0.79941
2250	YDL078C	0.79932
2251	YGL020C	0.79932
2252	YHR176W	0.79931
2253	YOR256C	0.79929
2254	YOR244W	0.79924
2255	YOR271C	0.79921
2256	YPR091C	0.7992
2257	YBR042C	0.79911
2258	YPR153W	0.79909
2259	YDR160W	0.79901
2260	YHR016C	0.79894
2261	YDR272W	0.79891
2262	YAL007C	0.79887
2263	YML074C	0.79887
2264	YKR095W-A	0.79886
2265	YNL220W	0.79884
2266	YBR192W	0.79882
2267	YLR449W	0.79881
2268	YOR176W	0.7988
2269	YER002W	0.79877
2270	YJR035W	0.79872
2271	YKL095W	0.7987
2272	YML127W	0.79869
2273	YGL184C	0.79861
2274	YLR371W	0.79859
2275	YPL112C	0.79856
2276	YBR014C	0.79855
2277	YPL032C	0.79854
2278	YOL052C	0.79852
2279	YMR197C	0.79851
2280	YGR169C	0.7985
2281	YNL318C	0.79836
2282	YGL084C	0.79835
2283	YGL155W	0.79831
2284	YGL205W	0.79828
2285	YOR296W	0.79826
2286	YML004C	0.79824
2287	YPR127W	0.79821
2288	YPL171C	0.7982
2289	YDR349C	0.79812
2290	YLR072W	0.7981
2291	YNL134C	0.79809
2292	YKL128C	0.79806
2293	YLR421C	0.79805
2294	YNL059C	0.79804
2295	YJR149W	0.79803
2296	YCR051W	0.79803
2297	YIL030C	0.798
2298	YGR111W	0.798
2299	YLR342W	0.79799
2300	YKL170W	0.79797
2301	YKR079C	0.79795
2302	YOR353C	0.79791
2303	YOR334W	0.7979
2304	YOL154W	0.79784
2305	YDR107C	0.7978
2306	YML101C	0.79777
2307	YPL087W	0.79777
2308	YOL073C	0.79775
2309	YMR214W	0.79768
2310	YOR232W	0.79765
2311	YJL139C	0.79759
2312	YHR063C	0.79757
2313	YMR096W	0.79749
2314	YDR208W	0.79745
2315	YHR206W	0.79744
2316	YJL081C	0.79743
2317	YER001W	0.79743
2318	YMR139W	0.7974
2319	YMR261C	0.79735
2320	YLR197W	0.79733
2321	YDR352W	0.79733
2322	YOR133W	0.7973
2323	YMR131C	0.79729
2324	YGL063W	0.79729
2325	YOL140W	0.79727
2326	YER074W-A	0.79724
2327	YPL211W	0.79717
2328	YHR207C	0.79716
2329	YNL313C	0.79713
2330	YLR115W	0.79711
2331	YMR132C	0.7971
2332	YDR061W	0.79709
2333	YFR038W	0.79707
2334	YPL240C	0.79704
2335	YER051W	0.79703
2336	YLL015W	0.79698
2337	YGL064C	0.7969
2338	YER037W	0.79689
2339	YHR114W	0.79688
2340	YKR086W	0.79688
2341	YJL179W	0.79685
2342	YGL250W	0.79685
2343	YNL119W	0.79676
2344	YJR064W	0.79675
2345	YHR033W	0.79675
2346	YHR001W	0.79672
2347	YFL002C	0.79665
2348	YDR284C	0.79664
2349	YFL054C	0.79656
2350	YLR183C	0.79656
2351	YLR100W	0.79652
2352	YFR032C	0.7964
2353	YGR203W	0.79638
2354	YCL035C	0.79633
2355	YKL087C	0.7962
2356	YHR051W	0.79617
2357	YDL119C	0.79617
2358	YNL246W	0.79615
2359	YDL190C	0.79613
2360	YDR447C	0.79612
2361	YPL009C	0.79611
2362	YAL046C	0.79611
2363	YLR275W	0.79601
2364	YPR023C	0.79601
2365	YMR033W	0.79596
2366	YDR313C	0.79594
2367	YBL091C-A	0.79594
2368	YLR413W	0.79593
2369	YAR003W	0.79593
2370	YNL181W	0.79591
2371	YOL043C	0.79587
2372	YPL001W	0.79584
2373	YGL003C	0.79584
2374	YOR216C	0.7958
2375	YOR219C	0.79579
2376	YOR310C	0.79569
2377	YDL240W	0.79563
2378	YOR077W	0.79562
2379	YGR131W	0.79555
2380	YDR174W	0.79554
2381	YER134C	0.79548
2382	YMR041C	0.79537
2383	YER141W	0.79534
2384	YNL124W	0.79517
2385	YLR215C	0.79512
2386	YGR054W	0.79512
2387	YDR436W	0.79503
2388	YBR176W	0.79498
2389	YHR193C	0.79498
2390	YBL008W	0.79496
2391	YHR085W	0.79494
2392	YML097C	0.79493
2393	YDL085W	0.79492
2394	YPL220W	0.79492
2395	YGL135W	0.79492
2396	Q0050	0.79482
2397	YPL097W	0.79481
2398	YOR292C	0.7948
2399	YOR079C	0.79476
2400	YEL029C	0.7947
2401	YNL280C	0.79457
2402	YDR205W	0.79456
2403	YBR229C	0.79456
2404	YLR088W	0.79454
2405	YKL103C	0.79453
2406	YLR038C	0.79448
2407	YHR072W	0.79446
2408	YGL183C	0.79439
2409	YPR144C	0.79425
2410	YPL137C	0.79424
2411	YPL249C	0.79409
2412	YER030W	0.79407
2413	YOL111C	0.79403
2414	YMR275C	0.79393
2415	YML087C	0.79393
2416	Q0275	0.79389
2417	YMR055C	0.79385
2418	YDR403W	0.79384
2419	YJR117W	0.79381
2420	YFL047W	0.79374
2421	YJL196C	0.79373
2422	YLR340W	0.79372
2423	YMR216C	0.7937
2424	YKL154W	0.7937
2425	YBR056W	0.79369
2426	YIL140W	0.79367
2427	YGR119C	0.79366
2428	YML024W	0.79354
2429	YPL109C	0.79341
2430	YJL156C	0.79338
2431	YOR016C	0.79334
2432	YBR125C	0.79333
2433	YHL007C	0.79333
2434	YEL003W	0.79331
2435	YGR234W	0.7933
2436	YPR179C	0.79328
2437	YLR046C	0.79325
2438	YJL036W	0.79325
2439	YMR186W	0.79325
2440	YMR234W	0.79324
2441	YDL079C	0.79322
2442	YDR393W	0.79322
2443	YOR010C	0.79319
2444	YBR030W	0.79303
2445	YLR443W	0.79296
2446	YML098W	0.79291
2447	YLR276C	0.7929
2448	YER116C	0.79288
2449	YNL062C	0.79286
2450	YLR456W	0.79284
2451	YDR084C	0.79283
2452	YKL053C-A	0.79283
2453	YNL004W	0.7928
2454	YDR248C	0.79274
2455	YHR137W	0.79272
2456	YNL328C	0.79271
2457	YFR041C	0.79268
2458	YOR280C	0.79268
2459	YDR444W	0.79267
2460	YOR369C	0.79263
2461	YCR012W	0.79261
2462	YPR178W	0.7926
2463	YDL072C	0.79259
2464	YOR213C	0.79254
2465	YJL059W	0.79246
2466	YNL316C	0.79244
2467	YMR321C	0.79241
2468	YGR238C	0.7924
2469	YDL154W	0.79238
2470	YHR174W	0.79233
2471	YDL039C	0.79226
2472	YJL025W	0.79225
2473	YNL003C	0.79218
2474	YKR076W	0.79213
2475	YDL143W	0.79213
2476	YLR251W	0.79211
2477	YNR033W	0.79209
2478	YGR056W	0.79208
2479	YCR106W	0.79208
2480	YOR261C	0.79206
2481	YJL153C	0.79206
2482	YOR171C	0.79205
2483	YMR225C	0.79203
2484	YDR330W	0.79201
2485	YFL036W	0.792
2486	YBR024W	0.79197
2487	YPL067C	0.7919
2488	YHR210C	0.79184
2489	YHL032C	0.79166
2490	YBR158W	0.79166
2491	YDR032C	0.79163
2492	YPR198W	0.79155
2493	YPL017C	0.79155
2494	YBR177C	0.79151
2495	YJR078W	0.79146
2496	YGR204W	0.79144
2497	YPL134C	0.79141
2498	YLR378C	0.79136
2499	YHR204W	0.79133
2500	YLR248W	0.79129
2501	YHR034C	0.79125
2502	YML111W	0.79125
2503	YLR435W	0.79119
2504	YOR009W	0.79111
2505	YAR023C	0.7911
2506	YIL038C	0.79107
2507	YIL114C	0.79107
2508	YDL060W	0.79106
2509	YOR103C	0.79102
2510	YOL061W	0.7909
2511	YCR087C-A	0.79089
2512	YOR394W	0.79085
2513	YPL282C	0.79085
2514	YBL102W	0.79084
2515	YKL018W	0.79082
2516	YNL267W	0.79074
2517	YHR040W	0.79071
2518	YKL007W	0.79067
2519	YBR244W	0.7906
2520	YGL242C	0.7906
2521	YPR143W	0.79057
2522	YMR244C-A	0.79057
2523	YML105C	0.7905
2524	YLR240W	0.79046
2525	YOR365C	0.79034
2526	YNL047C	0.79033
2527	YKL165C	0.79031
2528	YHR179W	0.79031
2529	YBR101C	0.79028
2530	YNL048W	0.79027
2531	YCR036W	0.79024
2532	YDR432W	0.79022
2533	YNL094W	0.79021
2534	YDL175C	0.79017
2535	YOR295W	0.79016
2536	YOR014W	0.79015
2537	YDR105C	0.79008
2538	YLR460C	0.79005
2539	YCR073C	0.79001
2540	YLR080W	0.78999
2541	YLL043W	0.78996
2542	YBR297W	0.78993
2543	YOR040W	0.78991
2544	YKR003W	0.7899
2545	YPL143W	0.78984
2546	YJR154W	0.7898
2547	YOR091W	0.7898
2548	YJR036C	0.78979
2549	YOR330C	0.78973
2550	YGL238W	0.78971
2551	YKL194C	0.7897
2552	YKR060W	0.7897
2553	YBR147W	0.78964
2554	YMR127C	0.78962
2555	YDR128W	0.78962
2556	YIL126W	0.78958
2557	YKR071C	0.78957
2558	YDR164C	0.7895
2559	YPR196W	0.78948
2560	YOL096C	0.78946
2561	YPR135W	0.78943
2562	YCR102C	0.78939
2563	YPR066W	0.78937
2564	YPL022W	0.78936
2565	YIL125W	0.78929
2566	YEL020W-A	0.78926
2567	YMR165C	0.78925
2568	YNR074C	0.78921
2569	YLR316C	0.7892
2570	YOR344C	0.78916
2571	YGL248W	0.78909
2572	YDR189W	0.78904
2573	YKR081C	0.78904
2574	YOR134W	0.78903
2575	YDR530C	0.78899
2576	YKL168C	0.78896
2577	YPL024W	0.78895
2578	YPL019C	0.78893
2579	Q0160	0.78893
2580	YPL268W	0.78893
2581	YDL111C	0.78892
2582	YNL116W	0.78889
2583	YHR081W	0.78888
2584	YGR284C	0.7888
2585	YGL240W	0.78875
2586	YDL231C	0.78875
2587	YNR069C	0.78869
2588	YLR178C	0.78865
2589	YHR169W	0.7886
2590	YDR194C	0.78859
2591	YDR050C	0.78855
2592	YOL145C	0.78836
2593	YCL055W	0.78836
2594	YGL180W	0.78833
2595	YDR386W	0.78828
2596	YLR116W	0.78825
2597	YKR017C	0.78822
2598	YCR079W	0.78816
2599	YBR149W	0.7881
2600	YDL156W	0.78807
2601	YEL044W	0.78804
2602	YGL082W	0.78804
2603	YNL282W	0.78796
2604	YOR237W	0.78795
2605	YOR090C	0.78791
2606	YGR009C	0.78788
2607	YMR002W	0.78786
2608	YLR387C	0.78785
2609	YML019W	0.78778
2610	YJR005W	0.78777
2611	YCR020C	0.78775
2612	YLR099C	0.78766
2613	YLL062C	0.78761
2614	YHR086W	0.7876
2615	YOR205C	0.78757
2616	YJR074W	0.78756
2617	YHR158C	0.78752
2618	YER157W	0.7875
2619	YPL196W	0.78735
2620	YDL209C	0.78734
2621	YGR133W	0.7873
2622	YEL055C	0.78727
2623	YJL104W	0.78717
2624	YLL036C	0.78713
2625	YDR276C	0.7871
2626	YPL029W	0.78695
2627	YLR145W	0.78691
2628	YLL053C	0.78688
2629	YMR088C	0.78686
2630	YCR042C	0.78686
2631	YFL031W	0.78678
2632	YIR006C	0.78678
2633	YIL079C	0.78677
2634	YIR007W	0.78676
2635	YHR080C	0.78673
2636	YFL003C	0.78668
2637	YPL209C	0.78663
2638	YLR118C	0.7866
2639	YBL082C	0.78658
2640	YCR071C	0.78656
2641	YER061C	0.78656
2642	YMR005W	0.78652
2643	YBR281C	0.78649
2644	YDL123W	0.78648
2645	YNL075W	0.78643
2646	YML031W	0.7864
2647	YOR022C	0.78631
2648	YMR128W	0.78627
2649	YPL239W	0.78625
2650	YDL063C	0.78621
2651	YER117W	0.78618
2652	YBL087C	0.78618
2653	YLR066W	0.78618
2654	YOR234C	0.78615
2655	YJR033C	0.78615
2656	YKL173W	0.78613
2657	YKR096W	0.78612
2658	YJR129C	0.78611
2659	YDR420W	0.7861
2660	YHR077C	0.78606
2661	YKL033W	0.78601
2662	YOR017W	0.78595
2663	YLR107W	0.78595
2664	YOL049W	0.78591
2665	YKL212W	0.7859
2666	YPR169W	0.78587
2667	YKL098W	0.78586
2668	YJL010C	0.78586
2669	YHR084W	0.78584
2670	YBR025C	0.78568
2671	YDR268W	0.78566
2672	YNL081C	0.78565
2673	YLR016C	0.78563
2674	YLR372W	0.78557
2675	YOR188W	0.78556
2676	YPL100W	0.78554
2677	YEL056W	0.78548
2678	YOL018C	0.78539
2679	YDR453C	0.78538
2680	YPL141C	0.7853
2681	YGR047C	0.78526
2682	YDR004W	0.7852
2683	YDL028C	0.78518
2684	YDR289C	0.78513
2685	YGL166W	0.78509
2686	YPL167C	0.78502
2687	YPL128C	0.78494
2688	YDR517W	0.7849
2689	YGR223C	0.78486
2690	YBR210W	0.78477
2691	YKL096W	0.78476
2692	YLR019W	0.78474
2693	YGL104C	0.78473
2694	YLR246W	0.78466
2695	YCL050C	0.78465
2696	YER163C	0.78463
2697	YJL117W	0.7846
2698	YNL177C	0.78459
2699	YJR076C	0.78456
2700	YML132W	0.78455
2701	YBR302C	0.78455
2702	YBR151W	0.78452
2703	YPL072W	0.7845
2704	YGL083W	0.7845
2705	YGR193C	0.7845
2706	YNL147W	0.78449
2707	YJR006W	0.78443
2708	YOL105C	0.78439
2709	YKL077W	0.78421
2710	YKR048C	0.7842
2711	YHR076W	0.78417
2712	YDR311W	0.78417
2713	YBR110W	0.7841
2714	YER014W	0.78396
2715	YPR163C	0.78394
2716	YDR365C	0.78388
2717	YDL150W	0.78386
2718	YML110C	0.78378
2719	YDR266C	0.78375
2720	YBR052C	0.78375
2721	YDR387C	0.78373
2722	YLR239C	0.78371
2723	YER011W	0.78365
2724	YIL091C	0.78361
2725	YEL019C	0.78361
2726	YPL207W	0.78356
2727	YJR010C-A	0.7835
2728	YJR161C	0.78341
2729	YPL247C	0.7834
2730	YOR286W	0.78331
2731	YIL007C	0.78323
2732	YNL336W	0.78321
2733	YER156C	0.78317
2734	YGL095C	0.78315
2735	YOR301W	0.78314
2736	YHR098C	0.78313
2737	YKR061W	0.78306
2738	YML025C	0.78306
2739	YDR390C	0.78304
2740	YDL161W	0.78302
2741	YDL120W	0.78295
2742	YNL283C	0.78281
2743	YOL123W	0.7828
2744	YKL070W	0.78279
2745	YFL022C	0.78278
2746	YDR407C	0.78278
2747	YJL072C	0.78277
2748	YGR110W	0.78274
2749	YKL142W	0.78273
2750	YNL291C	0.78273
2751	YMR233W	0.7827
2752	YNL221C	0.7827
2753	YGR006W	0.7827
2754	YJL096W	0.78266
2755	YPR132W	0.78262
2756	YGR118W	0.78262
2757	YHR219W	0.78262
2758	YGR097W	0.78261
2759	YDR430C	0.7826
2760	YLR032W	0.7825
2761	YNL067W	0.78248
2762	YNL180C	0.78246
2763	YDR288W	0.78243
2764	YOR116C	0.78238
2765	YKR063C	0.78235
2766	YNL317W	0.78224
2767	YHR118C	0.78223
2768	YJL126W	0.78221
2769	YLR290C	0.78221
2770	YLR045C	0.7822
2771	YOR067C	0.78209
2772	YGL111W	0.78206
2773	YNL247W	0.78206
2774	YNL286W	0.78205
2775	YBR059C	0.78204
2776	YDR056C	0.78203
2777	YOR211C	0.78202
2778	YDR518W	0.78201
2779	YDR409W	0.78197
2780	YOL057W	0.78195
2781	YLR419W	0.78194
2782	YJR104C	0.7819
2783	YGR061C	0.78185
2784	YKL090W	0.78185
2785	YKL125W	0.78184
2786	YMR317W	0.78181
2787	YAR009C	0.78178
2788	YGR136W	0.78178
2789	YAR008W	0.78174
2790	YOR164C	0.78174
2791	YDR434W	0.7817
2792	YCL016C	0.78169
2793	YOL152W	0.78168
2794	YHR122W	0.78167
2795	YKR021W	0.78165
2796	YLR179C	0.78165
2797	YKR028W	0.78156
2798	YPL138C	0.78153
2799	YOL146W	0.78145
2800	YGL089C	0.78143
2801	YDR441C	0.78139
2802	YKL026C	0.78133
2803	YER151C	0.7813
2804	YLR002C	0.78127
2805	YJL098W	0.78125
2806	YPR175W	0.78123
2807	YGL169W	0.78119
2808	YOR285W	0.78118
2809	YGR074W	0.78117
2810	YPL273W	0.78116
2811	YOR254C	0.78113
2812	YNL218W	0.78113
2813	YCR028C-A	0.78106
2814	YJL154C	0.78096
2815	YBR031W	0.78093
2816	YGR080W	0.78087
2817	YHR196W	0.78087
2818	YDR337W	0.78077
2819	YBR233W	0.78077
2820	YNR029C	0.78076
2821	YLR430W	0.78071
2822	YNR041C	0.78071
2823	YMR149W	0.78069
2824	YHL046C	0.78069
2825	YJL011C	0.78068
2826	YJL091C	0.78061
2827	YGR099W	0.7806
2828	YHL012W	0.78059
2829	YLR085C	0.78059
2830	YOL056W	0.78058
2831	YLR414C	0.78055
2832	YJL130C	0.78053
2833	YDR326C	0.7805
2834	YKL139W	0.78044
2835	YJL078C	0.78043
2836	YDR525W-A	0.78042
2837	YDR513W	0.78034
2838	YDL195W	0.78031
2839	YLR212C	0.78031
2840	YNL148C	0.78019
2841	YDR429C	0.78015
2842	YJR051W	0.78013
2843	YNL121C	0.78012
2844	YLR319C	0.78009
2845	YHR203C	0.78009
2846	YJR145C	0.78009
2847	YMR114C	0.78008
2848	YDL233W	0.78005
2849	YKL140W	0.78003
2850	YOR278W	0.78001
2851	YFR002W	0.78001
2852	YLR075W	0.78
2853	YOR223W	0.77995
2854	YDR188W	0.77989
2855	YLR362W	0.77987
2856	YCL043C	0.77985
2857	YBR104W	0.77979
2858	YHR049W	0.77967
2859	YGR294W	0.77964
2860	YMR231W	0.77963
2861	YOR059C	0.77961
2862	YKL071W	0.77951
2863	YHL013C	0.77947
2864	YBL058W	0.77943
2865	YHR197W	0.77943
2866	YJL197W	0.77941
2867	YNL320W	0.7794
2868	YGL187C	0.77938
2869	YDL025C	0.77927
2870	YML096W	0.77927
2871	YOR111W	0.77925
2872	YJR031C	0.77921
2873	YLR250W	0.7792
2874	YGL053W	0.77919
2875	YNR023W	0.77917
2876	YPR034W	0.77909
2877	YMR189W	0.77905
2878	YHL034C	0.77904
2879	YOR156C	0.77901
2880	YNL096C	0.77897
2881	YDR012W	0.77896
2882	YLL045C	0.77894
2883	YJL106W	0.77886
2884	YOR275C	0.77885
2885	YEL049W	0.77883
2886	YOL067C	0.77881
2887	YKL124W	0.77878
2888	YBL049W	0.77875
2889	YIL004C	0.77873
2890	YMR069W	0.77867
2891	YKL040C	0.77867
2892	YMR263W	0.77862
2893	YDR359C	0.77862
2894	YBR288C	0.77861
2895	YOR288C	0.77856
2896	YJR137C	0.77851
2897	YDR391C	0.77848
2898	YDR161W	0.77848
2899	YPR115W	0.77842
2900	YIL131C	0.77841
2901	YGL123W	0.77837
2902	YBR105C	0.77837
2903	YBL064C	0.77836
2904	YPL188W	0.77836
2905	YGL094C	0.7783
2906	YHL010C	0.77826
2907	YBL038W	0.77823
2908	YLR390W-A	0.7782
2909	YBR301W	0.77814
2910	YHL031C	0.77808
2911	YGR090W	0.77807
2912	YHR038W	0.77807
2913	YKL187C	0.77807
2914	YJR100C	0.77806
2915	YBR084W	0.77802
2916	YDR198C	0.77799
2917	YPL096W	0.77794
2918	YNL289W	0.77793
2919	YNL092W	0.77793
2920	YGR117C	0.7778
2921	YML100W	0.77774
2922	YPR018W	0.77772
2923	YPL260W	0.77761
2924	YGR178C	0.77759
2925	YGR180C	0.77755
2926	YGL147C	0.77752
2927	YNL083W	0.77744
2928	YIL022W	0.77741
2929	YKL065C	0.77739
2930	YHR039C-A	0.77739
2931	YJL100W	0.77738
2932	YBR185C	0.77737
2933	YKR052C	0.77735
2934	YDR501W	0.77731
2935	YMR223W	0.77729
2936	YNL036W	0.77729
2937	YGL065C	0.77724
2938	YLR390W	0.77723
2939	YOR035C	0.77712
2940	YOR267C	0.77709
2941	YLL052C	0.77704
2942	YBL108C-A	0.77703
2943	YGL261C	0.77703
2944	YAL068C	0.77703
2945	YDR049W	0.77703
2946	YDL054C	0.77691
2947	YDL226C	0.7769
2948	YDR265W	0.77688
2949	YOL116W	0.77688
2950	YHR166C	0.77686
2951	YGL185C	0.77685
2952	YFL016C	0.77684
2953	YBL035C	0.77683
2954	YDR222W	0.77681
2955	YMR302C	0.77681
2956	YCR026C	0.77671
2957	YOL045W	0.7767
2958	YDR006C	0.77667
2959	YDL081C	0.77665
2960	YIL167W	0.7766
2961	YDR435C	0.77658
2962	YDL248W	0.7765
2963	YPL053C	0.77647
2964	YKL172W	0.77646
2965	YOR150W	0.77644
2966	YDR256C	0.77643
2967	YHR073W	0.77641
2968	YFL062W	0.77635
2969	YIL096C	0.77628
2970	YPL104W	0.77621
2971	YIL157C	0.77621
2972	YER170W	0.77618
2973	YJL052W	0.77615
2974	YJR135W-A	0.77609
2975	YPL063W	0.77605
2976	YHR188C	0.77599
2977	YLL064C	0.77598
2978	YNR076W	0.77598
2979	YJR118C	0.77598
2980	YPL172C	0.77579
2981	YFL023W	0.77577
2982	YDR122W	0.77576
2983	YNR071C	0.7757
2984	YHR090C	0.77566
2985	YDL122W	0.77565
2986	YML051W	0.77561
2987	YIL176C	0.77556
2988	YJL223C	0.77556
2989	YHL019C	0.77553
2990	YLR026C	0.77548
2991	YOR166C	0.77547
2992	YGL158W	0.77544
2993	YDR527W	0.77544
2994	YDL133W	0.77539
2995	YCL008C	0.7753
2996	YJR084W	0.77529
2997	YDR026C	0.77528
2998	YDR427W	0.77526
2999	YNL305C	0.77523
3000	YPL215W	0.77519
3001	YDL165W	0.77519
3002	YDR064W	0.77519
3003	YLR090W	0.77518
3004	YER080W	0.77509
3005	YAL051W	0.77509
3006	YGL245W	0.77508
3007	YGR255C	0.77506
3008	YLR037C	0.77506
3009	YCR060W	0.77505
3010	YDR080W	0.77498
3011	YNL217W	0.77485
3012	YDL031W	0.77481
3013	YMR126C	0.77476
3014	YKR103W	0.77475
3015	YGR044C	0.77474
3016	YLR461W	0.77473
3017	YKL081W	0.77463
3018	YIL106W	0.77461
3019	YJR019C	0.7746
3020	YOR338W	0.77457
3021	YIL130W	0.77457
3022	YGL067W	0.77456
3023	YDR389W	0.77455
3024	YGR188C	0.77454
3025	YOR389W	0.77446
3026	YNL273W	0.77445
3027	YGL257C	0.77443
3028	YGL141W	0.77441
3029	YPR189W	0.77426
3030	YIL011W	0.77416
3031	YJL085W	0.77411
3032	YGR042W	0.77409
3033	YKR087C	0.77406
3034	YIL052C	0.77402
3035	YKL100C	0.77402
3036	YGL106W	0.77401
3037	YOR294W	0.77401
3038	YAL018C	0.77399
3039	YGL246C	0.7739
3040	YGR063C	0.77376
3041	YJL137C	0.77367
3042	YPL023C	0.77365
3043	YCR104W	0.7735
3044	YHR062C	0.7735
3045	YDL004W	0.77349
3046	YOR136W	0.77348
3047	YNL240C	0.77344
3048	YKL010C	0.77343
3049	YMR227C	0.77338
3050	YJL141C	0.77333
3051	YJR004C	0.7733
3052	YGL110C	0.7733
3053	YNL110C	0.77321
3054	YNL284C	0.77319
3055	YOR360C	0.77316
3056	YJR113C	0.77315
3057	YNL327W	0.77312
3058	YMR067C	0.77312
3059	YPR028W	0.7731
3060	YAL056W	0.77306
3061	YDL040C	0.77305
3062	YPR001W	0.77301
3063	YER042W	0.77295
3064	YPR060C	0.77292
3065	YOL148C	0.77289
3066	YDR372C	0.77287
3067	YBR070C	0.77287
3068	YDR538W	0.77286
3069	YPR079W	0.77283
3070	YMR325W	0.77279
3071	YER056C-A	0.77275
3072	YMR287C	0.77273
3073	YBR079C	0.77272
3074	YDR542W	0.77271
3075	YKL012W	0.7726
3076	YMR289W	0.77257
3077	YEL048C	0.77253
3078	YGR186W	0.7725
3079	YHR201C	0.77242
3080	YER091C	0.77238
3081	YKL032C	0.77235
3082	YKL224C	0.77233
3083	YNL055C	0.7723
3084	YHL024W	0.7723
3085	YHR165W-A	0.77227
3086	YNL271C	0.77212
3087	YJR142W	0.7721
3088	YDR418W	0.77208
3089	YEL054C	0.77208
3090	YLR009W	0.77206
3091	YFL020C	0.77203
3092	YER078C	0.77199
3093	YDR031W	0.77194
3094	YMR251W	0.77194
3095	YDL059C	0.77191
3096	YLL025W	0.77188
3097	YBR246W	0.77184
3098	YLR077W	0.77182
3099	YJR009C	0.77181
3100	YPL065W	0.77175
3101	YKL209C	0.77174
3102	YBR283C	0.77174
3103	YBR067C	0.77172
3104	YOR290C	0.77169
3105	YLR425W	0.77168
3106	YGL085W	0.77165
3107	YPL198W	0.77163
3108	YJL127C	0.77156
3109	YDL145C	0.77151
3110	YHL002W	0.77149
3111	YMR180C	0.77147
3112	YOL161C	0.77145
3113	YDR478W	0.77144
3114	YHR171W	0.77144
3115	YLR103C	0.77143
3116	YPL064C	0.77141
3117	YOL102C	0.77139
3118	YIL082W-A	0.77135
3119	YPL263C	0.77131
3120	YOR227W	0.77129
3121	YMR312W	0.77122
3122	YDL148C	0.77119
3123	YCR034W	0.77118
3124	YJL131C	0.77114
3125	YOR160W	0.77114
3126	YGL213C	0.7711
3127	YMR010W	0.77103
3128	YIR041W	0.77103
3129	YOR363C	0.77101
3130	YMR039C	0.77098
3131	YDL010W	0.77097
3132	YNL242W	0.77095
3133	YLR207W	0.77094
3134	YER114C	0.77092
3135	YDR370C	0.77091
3136	YJR085C	0.77089
3137	YHR189W	0.77088
3138	YGR082W	0.77087
3139	YCR088W	0.77083
3140	YDR381W	0.77079
3141	YLL010C	0.77077
3142	YJL133W	0.77077
3143	YAL003W	0.77077
3144	YBL037W	0.77065
3145	YBR086C	0.77063
3146	YDL030W	0.77063
3147	YGR285C	0.7706
3148	YOR125C	0.77056
3149	YGL098W	0.77051
3150	YGR295C	0.77048
3151	YLR323C	0.77048
3152	YLR001C	0.77048
3153	YPL210C	0.77047
3154	YBL069W	0.77047
3155	YBR028C	0.77038
3156	YMR035W	0.77032
3157	YKR089C	0.77031
3158	YMR076C	0.77024
3159	YKL047W	0.77017
3160	YDR472W	0.77012
3161	YHR117W	0.77009
3162	YEL015W	0.77007
3163	YPL173W	0.76992
3164	YNL278W	0.76982
3165	YKL198C	0.76979
3166	YMR152W	0.76976
3167	YCR019W	0.76974
3168	YBR022W	0.76971
3169	YGR070W	0.76967
3170	YPL191C	0.76964
3171	YJL102W	0.7696
3172	YJL031C	0.76954
3173	YGR109C	0.76941
3174	YGL172W	0.76933
3175	YHL042W	0.76932
3176	YDR171W	0.76927
3177	YHR192W	0.76922
3178	YDR175C	0.76922
3179	YLR163C	0.7692
3180	YOR033C	0.76913
3181	YPL181W	0.76911
3182	YGL203C	0.76911
3183	YBR039W	0.76903
3184	YGR192C	0.76898
3185	YBL055C	0.76898
3186	YBR142W	0.76896
3187	YHL014C	0.76891
3188	YPL048W	0.76882
3189	YPR162C	0.76881
3190	YNR075W	0.76878
3191	YBL068W-A	0.76872
3192	Q0070	0.76871
3193	YLR025W	0.7687
3194	YML042W	0.76869
3195	Q0105	0.76866
3196	YKL207W	0.76863
3197	YPL045W	0.76851
3198	YOL022C	0.76847
3199	YML013W	0.76842
3200	YPR105C	0.76838
3201	YJL193W	0.76835
3202	YNL039W	0.76824
3203	YMR188C	0.76818
3204	YHL028W	0.76816
3205	YEL006W	0.76814
3206	YNL131W	0.76814
3207	YPL103C	0.76811
3208	YKL155C	0.76807
3209	YBR260C	0.76805
3210	YKL060C	0.76804
3211	YPR100W	0.76798
3212	YCL067C	0.76795
3213	YCR039C	0.76795
3214	YBR119W	0.76792
3215	YPR029C	0.76787
3216	YCL034W	0.76786
3217	YPR154W	0.76784
3218	YGR026W	0.76782
3219	YML020W	0.7677
3220	YGR257C	0.7677
3221	YDR506C	0.76765
3222	YMR193W	0.76765
3223	YPL115C	0.76758
3224	YEL062W	0.76756
3225	YML060W	0.76755
3226	YHR186C	0.76755
3227	YBL104C	0.76753
3228	YHR011W	0.76751
3229	YBR280C	0.76747
3230	YJL004C	0.76747
3231	YKR058W	0.76745
3232	YGL019W	0.76744
3233	YPL020C	0.76736
3234	YGR128C	0.76736
3235	YJR097W	0.76729
3236	YPR188C	0.76728
3237	YJR099W	0.76727
3238	YOR002W	0.76726
3239	YBR186W	0.76721
3240	YLR314C	0.7672
3241	YHR079C	0.76714
3242	YGR271C-A	0.76711
3243	YMR171C	0.76705
3244	YOR386W	0.76698
3245	YDR363W	0.76697
3246	YFR037C	0.76693
3247	YNL252C	0.76692
3248	YNL185C	0.76692
3249	YHR139C	0.7669
3250	YLL031C	0.7669
3251	YJL148W	0.7669
3252	YER144C	0.76687
3253	YJL097W	0.76683
3254	YHL048W	0.76676
3255	YAR028W	0.76667
3256	Q0060	0.76667
3257	YNL035C	0.76661
3258	YPR048W	0.76655
3259	YMR161W	0.76651
3260	YHR052W	0.76637
3261	YNL250W	0.76635
3262	YIL041W	0.76634
3263	YEL022W	0.76634
3264	YCR007C	0.76634
3265	YMR097C	0.76631
3266	YNL322C	0.76617
3267	YJL194W	0.76612
3268	YNL182C	0.76606
3269	YGL244W	0.76605
3270	YMR265C	0.76604
3271	YLR287C	0.76603
3272	YJL065C	0.76601
3273	YPR026W	0.76597
3274	YJL062W	0.76586
3275	YDR072C	0.76585
3276	YDR247W	0.76581
3277	Q0055	0.7658
3278	YER127W	0.76577
3279	YHR209W	0.76573
3280	YDR086C	0.76572
3281	YOR382W	0.76568
3282	YKL009W	0.76568
3283	YHL035C	0.76565
3284	YMR042W	0.76564
3285	YMR129W	0.76555
3286	YPL277C	0.76551
3287	YBL086C	0.7655
3288	YIR017C	0.76549
3289	YOR130C	0.76544
3290	YGR033C	0.76543
3291	YNL160W	0.76542
3292	YJL053W	0.7654
3293	YPL165C	0.76538
3294	YIL005W	0.76535
3295	YHR116W	0.76527
3296	YBL013W	0.76524
3297	YOR020C	0.7652
3298	YGL259W	0.76519
3299	YBR017C	0.76518
3300	YNR021W	0.76516
3301	YER182W	0.76512
3302	YBR162W-A	0.76508
3303	YIR038C	0.76505
3304	YDR463W	0.76501
3305	YLR266C	0.765
3306	YMR047C	0.76499
3307	YAL014C	0.76496
3308	YDL127W	0.76488
3309	YDR503C	0.76477
3310	YEL016C	0.76476
3311	YMR309C	0.76473
3312	YNL216W	0.7647
3313	YOR305W	0.7647
3314	YIR015W	0.7647
3315	YMR158W	0.76469
3316	YMR212C	0.76468
3317	YGL212W	0.76461
3318	YCL001W-B	0.76451
3319	YDR473C	0.76449
3320	YMR213W	0.7644
3321	YML028W	0.7643
3322	YLR035C	0.76418
3323	YGL153W	0.76417
3324	YHR045W	0.76407
3325	YLR260W	0.76399
3326	YDR150W	0.76398
3327	YMR264W	0.76396
3328	YOR069W	0.76395
3329	YNL239W	0.76394
3330	YHL033C	0.76393
3331	YNL326C	0.76392
3332	YOR377W	0.76383
3333	YLR206W	0.76378
3334	YGL014W	0.76374
3335	YCR046C	0.76371
3336	YDR460W	0.76371
3337	YDL179W	0.76364
3338	YCR077C	0.7636
3339	YNL015W	0.76351
3340	YOR081C	0.76348
3341	YJL206C	0.76347
3342	YHR015W	0.76345
3343	YBR097W	0.76345
3344	YDR251W	0.76342
3345	YPR114W	0.76342
3346	YGR109W-B	0.76338
3347	YGL076C	0.76329
3348	YHR150W	0.76327
3349	YPL162C	0.76325
3350	YKR023W	0.76315
3351	YER064C	0.76314
3352	YDL225W	0.76313
3353	YCL052C	0.76306
3354	YFR013W	0.76305
3355	YGR157W	0.76296
3356	YFR016C	0.76296
3357	YOL149W	0.76288
3358	YBR040W	0.76287
3359	YKL150W	0.76285
3360	YDR323C	0.76285
3361	YDR168W	0.76275
3362	YPL222W	0.76274
3363	YBR212W	0.76274
3364	YLR065C	0.76273
3365	YDL024C	0.76266
3366	YPL074W	0.76266
3367	YBR065C	0.76265
3368	YJR150C	0.76265
3369	YDL058W	0.76264
3370	YAL058W	0.76263
3371	YML130C	0.76259
3372	YOR320C	0.76257
3373	YLR063W	0.76251
3374	YKL043W	0.76248
3375	YDR183W	0.76242
3376	YJR042W	0.76233
3377	YGR091W	0.76231
3378	YKL156W	0.76224
3379	YGR216C	0.76221
3380	YGR068C	0.7622
3381	YER068W	0.76212
3382	YAL034W-A	0.76211
3383	YMR291W	0.76203
3384	YML120C	0.76199
3385	YNL219C	0.76198
3386	YMR267W	0.76192
3387	YDR476C	0.76189
3388	YNL084C	0.76188
3389	YKL034W	0.76185
3390	YKL179C	0.7618
3391	YEL012W	0.7618
3392	YIL085C	0.76178
3393	YPL125W	0.76175
3394	YOR281C	0.76172
3395	YMR068W	0.7617
3396	YCR075C	0.76167
3397	YDL085C-A	0.76159
3398	YGR166W	0.76154
3399	YDR493W	0.76153
3400	YMR044W	0.76148
3401	YKR025W	0.76146
3402	YKR064W	0.76144
3403	YIL128W	0.76141
3404	YGR059W	0.7613
3405	YPL270W	0.76125
3406	YDR077W	0.76125
3407	YJR088C	0.76121
3408	YJL192C	0.76118
3409	YPR129W	0.76108
3410	YGR066C	0.76106
3411	YAR027W	0.76104
3412	YDR052C	0.761
3413	YER101C	0.76091
3414	YDL234C	0.76088
3415	YDL130W	0.76085
3416	YMR091C	0.76078
3417	YLR380W	0.76077
3418	YMR286W	0.76071
3419	YMR074C	0.76055
3420	YMR024W	0.76055
3421	YNL173C	0.76054
3422	YAR066W	0.76047
3423	YHR214W	0.76047
3424	YKL132C	0.76045
3425	YDL008W	0.76044
3426	YDL153C	0.76041
3427	YGR014W	0.76037
3428	YOR096W	0.76036
3429	YBR193C	0.76036
3430	YER021W	0.76036
3431	YMR154C	0.76031
3432	YNL279W	0.76015
3433	YMR110C	0.76012
3434	YKL121W	0.76008
3435	YDR244W	0.76003
3436	YAL013W	0.76002
3437	YNL258C	0.75996
3438	YAL017W	0.75992
3439	YOR245C	0.75991
3440	YOL071W	0.75988
3441	YNL079C	0.75987
3442	YPL084W	0.75987
3443	YBL080C	0.75986
3444	YBR102C	0.75979
3445	YNR030W	0.75979
3446	YKL203C	0.75975
3447	YKL189W	0.75974
3448	YJR020W	0.75971
3449	YHR041C	0.75966
3450	YML055W	0.75963
3451	YNL261W	0.75956
3452	YKL089W	0.75955
3453	YGL010W	0.75954
3454	YOR043W	0.75953
3455	YJL006C	0.75953
3456	YLR417W	0.75947
3457	YIL072W	0.75947
3458	YDR003W	0.75944
3459	YOR215C	0.75939
3460	YJL123C	0.7593
3461	YLL035W	0.75914
3462	YKL082C	0.75911
3463	YOR051C	0.75902
3464	YGL116W	0.75901
3465	YAL044C	0.759
3466	YER007W	0.75894
3467	YBR179C	0.75893
3468	YJL071W	0.75882
3469	YDR485C	0.75881
3470	YOL033W	0.75878
3471	YIL023C	0.75877
3472	YMR040W	0.75874
3473	YGR108W	0.75872
3474	YPR166C	0.7587
3475	YDR395W	0.75869
3476	YLR007W	0.75866
3477	YMR053C	0.75864
3478	YPL148C	0.75851
3479	YNR038W	0.75844
3480	YMR020W	0.75837
3481	YPR072W	0.75832
3482	YOL128C	0.75823
3483	YKL116C	0.75819
3484	YBL047C	0.7581
3485	YGR258C	0.7581
3486	YML049C	0.75806
3487	YPR168W	0.75803
3488	YGL198W	0.75803
3489	YDR137W	0.75794
3490	YGR127W	0.75794
3491	YMR259C	0.75793
3492	YCR014C	0.75786
3493	YDR347W	0.75783
3494	YCL037C	0.75773
3495	YGL216W	0.75771
3496	YGR002C	0.7577
3497	YNR044W	0.75762
3498	YJR002W	0.7576
3499	YJR022W	0.75757
3500	YER126C	0.75752
3501	YPL228W	0.75739
3502	YML032C	0.75727
3503	YKL019W	0.75723
3504	YLR187W	0.75723
3505	YJR046W	0.75714
3506	YGR263C	0.75712
3507	YHR214C-B	0.7571
3508	YBL095W	0.75709
3509	YDL003W	0.75709
3510	YOL108C	0.75705
3511	YPR097W	0.75703
3512	YDR301W	0.75699
3513	YJR126C	0.75698
3514	YIL017C	0.75697
3515	YLR205C	0.75695
3516	YLL054C	0.75685
3517	YNL012W	0.75684
3518	YGL131C	0.75681
3519	YOL144W	0.75674
3520	YNL128W	0.7567
3521	YGR149W	0.75667
3522	YDR365W-B	0.75651
3523	YOR265W	0.75651
3524	YGR062C	0.75643
3525	YGR158C	0.7564
3526	YOL147C	0.75637
3527	YGL231C	0.75637
3528	YNL249C	0.75634
3529	YJL063C	0.75621
3530	YLR096W	0.75613
3531	YDR286C	0.75609
3532	YLR325C	0.75609
3533	YOR149C	0.75604
3534	YFR052W	0.75604
3535	YGL103W	0.75603
3536	YOR124C	0.75603
3537	YMR173W	0.75602
3538	YGR242W	0.75599
3539	YOR383C	0.75599
3540	YIL115C	0.75591
3541	YLR177W	0.75588
3542	YDL116W	0.75584
3543	YDL048C	0.75584
3544	YOL051W	0.75583
3545	YLR363C	0.75565
3546	YOR026W	0.75563
3547	YDR512C	0.75561
3548	YAR031W	0.75556
3549	YPR098C	0.75556
3550	YER128W	0.75553
3551	YEL023C	0.75548
3552	YER138C	0.7554
3553	YOL103W-B	0.75534
3554	YPL257W-B	0.7552
3555	YGR116W	0.75509
3556	YGR243W	0.75506
3557	YLR256W-B/YLR256W-C	0.75503
3558	YBR276C	0.75501
3559	YAR033W	0.75498
3560	YOR253W	0.75498
3561	YML030W	0.75497
3562	YJL057C	0.75496
3563	YIL006W	0.7549
3564	YGR038C-B	0.75474
3565	YJR055W	0.75474
3566	YBR284W	0.75473
3567	YLR157C-B	0.7547
3568	YGR177C	0.75469
3569	YJR034W	0.75463
3570	YBR091C	0.75462
3571	YPR055W	0.75456
3572	YNR036C	0.7545
3573	YOR251C	0.75432
3574	YJL046W	0.75432
3575	YML045W	0.75422
3576	YJR027W	0.7542
3577	YHR162W	0.75419
3578	YCR040W	0.75417
3579	YCL066W	0.75417
3580	YDR098C-B	0.75412
3581	YBR005W	0.75405
3582	YBL066C	0.75402
3583	YOR299W	0.75398
3584	YLR097C	0.75394
3585	YHR143W-A	0.75386
3586	YGL092W	0.75384
3587	YJL203W	0.75378
3588	YDL045W-A	0.75372
3589	YDR152W	0.7537
3590	YGR046W	0.75367
3591	YPR137C-B	0.75362
3592	YDR496C	0.7536
3593	YOR190W	0.75356
3594	YGR280C	0.75352
3595	YDR334W	0.7535
3596	YDR101C	0.75348
3597	YDR210W	0.75347
3598	YOR075W	0.75345
3599	YGR274C	0.75344
3600	YDL146W	0.75341
3601	YMR012W	0.75338
3602	YGR037C	0.75338
3603	YCL004W	0.75337
3604	YPR037C	0.75333
3605	YBR231C	0.75331
3606	YMR313C	0.75329
3607	YDR206W	0.75321
3608	YDR354W	0.7531
3609	YNR066C	0.7531
3610	YPR031W	0.753
3611	YIL056W	0.75294
3612	YDR410C	0.75293
3613	YIR001C	0.7529
3614	YOL072W	0.7529
3615	YPL132W	0.75289
3616	YDL106C	0.75285
3617	YBL085W	0.75283
3618	YIL161W	0.75275
3619	YML039W	0.7527
3620	YGR278W	0.7527
3621	YDL015C	0.75268
3622	YOL054W	0.75267
3623	YKL005C	0.75266
3624	YMR209C	0.75264
3625	YDR489W	0.75264
3626	YCR054C	0.75263
3627	YLR054C	0.75259
3628	YNL262W	0.75255
3629	YCR095C	0.75253
3630	YDR428C	0.75252
3631	YHR140W	0.75252
3632	YPR141C	0.75251
3633	YKR044W	0.75249
3634	YPR200C	0.75249
3635	YNL257C	0.75246
3636	YGL133W	0.75245
3637	YJR091C	0.75238
3638	YGR161C-D	0.75238
3639	YMR043W	0.75237
3640	YCR090C	0.75236
3641	YMR173W-A	0.75224
3642	YNL294C	0.75224
3643	YJR110W	0.75224
3644	YMR013C	0.75223
3645	YIL137C	0.75222
3646	YDR316W-B	0.7522
3647	YNR006W	0.75219
3648	YPL007C	0.75219
3649	YJR029W	0.75218
3650	YBR161W	0.75216
3651	YLR192C	0.75213
3652	YGR102C	0.75211
3653	YJR111C	0.7521
3654	YOR142W-B	0.75203
3655	YOR346W	0.75198
3656	YMR130W	0.75197
3657	YMR050C	0.75187
3658	YPR085C	0.75183
3659	YML066C	0.75179
3660	YIL009C-A	0.75174
3661	YDL021W	0.75164
3662	YOR371C	0.75164
3663	YKL045W	0.75163
3664	YDL227C	0.75162
3665	YDR210C-D	0.75157
3666	YPR158C-D	0.75156
3667	YMR087W	0.75151
3668	YLR227W-B	0.75145
3669	YMR125W	0.75145
3670	YGL051W	0.75144
3671	YJL151C	0.75143
3672	YBR026C	0.75136
3673	YDL237W	0.75134
3674	YCR089W	0.75129
3675	YLR305C	0.75127
3676	YDR471W	0.75126
3677	YDR218C	0.75126
3678	YGR027W-B	0.75121
3679	YHR021C	0.7512
3680	YNL236W	0.7512
3681	YKL219W	0.75119
3682	YDR319C	0.75118
3683	YEL009C	0.75114
3684	YOR174W	0.75109
3685	YER140W	0.75108
3686	YPL248C	0.75103
3687	YDR178W	0.75101
3688	YLR336C	0.75093
3689	YOL019W	0.75083
3690	YPL155C	0.75082
3691	YPR030W	0.75082
3692	YDR261C-D	0.75081
3693	YOR037W	0.7508
3694	YLR015W	0.7508
3695	YNL085W	0.75075
3696	YDR180W	0.75075
3697	YJL084C	0.75068
3698	YDL113C	0.75068
3699	YNL151C	0.75068
3700	YFL034C-A	0.75066
3701	YJR044C	0.75055
3702	YMR156C	0.75054
3703	YPL123C	0.75054
3704	YLR166C	0.75047
3705	YDR412W	0.75043
3706	YHR010W	0.75043
3707	YER139C	0.75036
3708	YBR122C	0.75035
3709	YDL214C	0.75034
3710	YPL057C	0.7503
3711	YOR191W	0.75026
3712	YLR299W	0.75022
3713	YDR020C	0.75021
3714	YKL072W	0.75008
3715	YGL125W	0.75008
3716	YOL078W	0.75006
3717	YOL039W	0.75006
3718	YDR376W	0.75004
3719	YDR314C	0.75003
3720	YDL117W	0.75001
3721	YKL137W	0.75
3722	YGL228W	0.74996
3723	YNL077W	0.74993
3724	YLR051C	0.74993
3725	YLL038C	0.74988
3726	YNL310C	0.74987
3727	YER160C	0.7498
3728	YMR207C	0.74979
3729	YNL308C	0.74975
3730	YER096W	0.74972
3731	YER105C	0.74965
3732	YIL073C	0.7496
3733	YGL129C	0.74954
3734	YPL105C	0.74947
3735	YML046W	0.74946
3736	YKL167C	0.74945
3737	YLL051C	0.74942
3738	YBR012W-B	0.74937
3739	YJL069C	0.74932
3740	YDR316W	0.74929
3741	YDL203C	0.74924
3742	YPR158W-B	0.74917
3743	YOR238W	0.74915
3744	YOR269W	0.74912
3745	YML117W	0.74906
3746	YGR088W	0.74905
3747	YLR233C	0.74904
3748	YGR112W	0.74904
3749	YIL062C	0.74901
3750	YJR119C	0.7489
3751	YOL087C	0.74885
3752	YLR035C-A	0.74885
3753	YLR226W	0.74877
3754	YLR364W	0.74871
3755	YGL160W	0.74844
3756	YLR332W	0.74836
3757	YNL054W-B	0.74833
3758	YGL038C	0.74832
3759	YGR027C	0.74827
3760	YAL002W	0.74809
3761	YOR180C	0.74798
3762	YPR045C	0.74795
3763	YNR059W	0.74792
3764	YER154W	0.7479
3765	YNR068C	0.74785
3766	YNR034W-A	0.7478
3767	YDR524C-B	0.74778
3768	YML104C	0.74774
3769	YLR403W	0.7477
3770	YLR176C	0.7477
3771	YIL090W	0.74769
3772	YKR035W-A	0.74765
3773	YBL097W	0.74756
3774	YNL263C	0.74743
3775	YPR148C	0.74738
3776	YOR064C	0.7473
3777	YKL015W	0.7473
3778	YER024W	0.74725
3779	YAR075W	0.74719
3780	YDL091C	0.74713
3781	YGR205W	0.74691
3782	YGL263W	0.7469
3783	YDR134C	0.7469
3784	YMR045C	0.74678
3785	YBR129C	0.74678
3786	YBL005W-B	0.74664
3787	YNL284C-B	0.7466
3788	YFL029C	0.74649
3789	YGR237C	0.74649
3790	YGR104C	0.74646
3791	YIL104C	0.74643
3792	YOR198C	0.74643
3793	YIL026C	0.74642
3794	YHR146W	0.7464
3795	YIL061C	0.7464
3796	YMR211W	0.74639
3797	YER161C	0.74639
3798	YJL054W	0.74624
3799	YOR112W	0.74613
3800	YNL149C	0.74609
3801	YPR042C	0.74608
3802	YJR112W	0.74596
3803	YLL014W	0.74589
3804	YER008C	0.74588
3805	YBR278W	0.74588
3806	YNL224C	0.74579
3807	YKL088W	0.74553
3808	YNR018W	0.7455
3809	YOL095C	0.74549
3810	YPL098C	0.74544
3811	YJL003W	0.74542
3812	YBR204C	0.74537
3813	YKL055C	0.74514
3814	YAR019C	0.74507
3815	YKL006C-A	0.74505
3816	YER039C-A	0.74504
3817	YNR031C	0.74497
3818	YCL002C	0.74497
3819	YIR004W	0.74489
3820	YOL136C	0.74475
3821	YBR217W	0.74474
3822	YHR078W	0.74473
3823	YGR154C	0.74466
3824	YNL139C	0.74462
3825	YHR154W	0.74462
3826	YDR318W	0.74446
3827	YBR010W	0.74441
3828	YPR075C	0.7443
3829	YGR165W	0.74427
3830	YPR022C	0.74425
3831	YDR283C	0.74424
3832	YDR242W	0.74417
3833	YDR507C	0.74414
3834	YPL069C	0.74409
3835	YDL099W	0.74399
3836	YDL045C	0.74393
3837	YPL189W	0.7439
3838	YNL253W	0.74388
3839	YOL048C	0.74385
3840	YHL022C	0.74381
3841	YDR308C	0.74377
3842	YGR101W	0.74368
3843	YOL042W	0.74363
3844	YPR094W	0.74361
3845	YDR246W	0.7436
3846	YHL030W	0.74359
3847	YPL034W	0.74356
3848	YKR082W	0.74356
3849	YNL073W	0.74355
3850	YDR245W	0.74349
3851	YBL014C	0.74344
3852	YMR028W	0.74341
3853	YLR039C	0.74333
3854	YDR018C	0.74331
3855	YGR212W	0.74324
3856	YKR085C	0.74324
3857	YDR159W	0.74323
3858	YPR125W	0.7432
3859	YMR140W	0.74319
3860	YPL252C	0.74318
3861	YLR084C	0.74317
3862	YLR393W	0.74302
3863	YOL076W	0.74297
3864	YBL029W	0.74296
3865	YDR520C	0.74286
3866	YML088W	0.74283
3867	YDR036C	0.74282
3868	YER188W	0.74281
3869	YLR238W	0.74274
3870	YOR123C	0.74261
3871	YOR127W	0.74259
3872	YMR283C	0.74258
3873	YJR050W	0.7424
3874	YMR106C	0.74239
3875	YJL020C	0.74237
3876	YNL050C	0.74236
3877	YKR029C	0.74235
3878	YDR302W	0.74231
3879	YLL046C	0.74231
3880	YLR191W	0.7422
3881	YDR379C-A	0.74218
3882	YCL057W	0.74216
3883	YDR298C	0.74214
3884	YKR099W	0.74214
3885	YKL110C	0.74213
3886	YKL041W	0.742
3887	YHR133C	0.74196
3888	YPL079W	0.74195
3889	YGR225W	0.74191
3890	YIL171W	0.74188
3891	YDR279W	0.74185
3892	YJR066W	0.74183
3893	YKL188C	0.74174
3894	YMR185W	0.74167
3895	YER113C	0.74166
3896	YDL149W	0.7416
3897	YOR319W	0.74152
3898	YJR043C	0.74149
3899	YDL160C-A	0.74145
3900	YDL198C	0.74133
3901	YLR333C	0.74132
3902	YDL043C	0.74124
3903	YBR163W	0.74121
3904	YOR143C	0.7412
3905	YCR076C	0.74115
3906	YOR368W	0.74112
3907	YJR121W	0.74109
3908	YCL014W	0.74109
3909	YNL029C	0.74104
3910	YLR164W	0.74103
3911	YDR450W	0.74101
3912	YML026C	0.74101
3913	YJL101C	0.74099
3914	YDR027C	0.74098
3915	YNL127W	0.74095
3916	YCR091W	0.74092
3917	YDR423C	0.74089
3918	YGR214W	0.74086
3919	YOL013C	0.74084
3920	YIL134W	0.74081
3921	YBR279W	0.74078
3922	YDR262W	0.74067
3923	YMR281W	0.74064
3924	YNL126W	0.74064
3925	YOL088C	0.74058
3926	YFL040W	0.7405
3927	YKL192C	0.74043
3928	YER150W	0.74037
3929	YPR057W	0.74033
3930	YLR174W	0.74031
3931	YMR137C	0.74031
3932	YJR122W	0.74026
3933	YER047C	0.74023
3934	YLL017W	0.74016
3935	YKL057C	0.74007
3936	YNR022C	0.74001
3937	YKR098C	0.73993
3938	YGL018C	0.73989
3939	YHR060W	0.7398
3940	YDR229W	0.73978
3941	YGR058W	0.73978
3942	YKL134C	0.73974
3943	YPL126W	0.7397
3944	YDR108W	0.73969
3945	YGL134W	0.73966
3946	YDL013W	0.73964
3947	YJR062C	0.73955
3948	YDR320C	0.73955
3949	YDR475C	0.73946
3950	YER169W	0.73941
3951	YNL069C	0.73936
3952	YBL051C	0.7393
3953	YOR138C	0.73927
3954	YKR090W	0.73926
3955	YJL140W	0.73913
3956	YKL049C	0.73904
3957	YDR213W	0.73896
3958	YIL156W	0.73891
3959	YDR253C	0.73878
3960	YER041W	0.73862
3961	YOR242C	0.73854
3962	YIL082W	0.7385
3963	YER083C	0.7385
3964	YOR093C	0.73838
3965	YGR109W-A	0.73836
3966	YGR017W	0.73827
3967	YNL011C	0.73826
3968	YDR106W	0.73815
3969	YBR191W	0.73814
3970	YBR268W	0.73812
3971	YHR102W	0.73807
3972	YJR115W	0.73802
3973	YGL233W	0.73798
3974	YMR240C	0.73796
3975	YEL053C	0.73787
3976	YGL161C	0.73785
3977	YML071C	0.73781
3978	YMR029C	0.73778
3979	YER087W	0.73769
3980	YBL060W	0.73757
3981	YPR116W	0.73755
3982	YLL019C	0.73754
3983	YBR098W	0.73754
3984	YML016C	0.7375
3985	YDR363W-A	0.7374
3986	YLR448W	0.73734
3987	YBR123C	0.73732
3988	YLR194C	0.73731
3989	YDR147W	0.73729
3990	YFR034C	0.73729
3991	YOR252W	0.73727
3992	YDR192C	0.7372
3993	YCR086W	0.73711
3994	YGR156W	0.73709
3995	YFL027C	0.737
3996	YPR089W	0.73694
3997	YOR042W	0.73693
3998	YJL061W	0.73689
3999	YML073C	0.73688
4000	YGR201C	0.73682
4001	YBR072W	0.73675
4002	YDR071C	0.73667
4003	YHR155W	0.73664
4004	YPR067W	0.73664
4005	YPR155C	0.73664
4006	YDR204W	0.7366
4007	YLR087C	0.7366
4008	YLR199C	0.73656
4009	YGL031C	0.73649
4010	YML099C	0.73644
4011	YJR090C	0.73642
4012	YKL214C	0.73639
4013	YBL059C-A	0.73637
4014	YJL210W	0.73636
4015	YNL002C	0.73634
4016	YKL068W	0.7363
4017	YDL218W	0.73629
4018	YLR368W	0.73622
4019	YOR098C	0.736
4020	YGL192W	0.73596
4021	YLR071C	0.73591
4022	YNL051W	0.73583
4023	YBL079W	0.73582
4024	YNL080C	0.73562
4025	YDL114W	0.73552
4026	YOR287C	0.73547
4027	YPL107W	0.7354
4028	YFR001W	0.73529
4029	YOL028C	0.73528
4030	YNR007C	0.73528
4031	YAL064W-B	0.73527
4032	YDR089W	0.73527
4033	YGR003W	0.73526
4034	YKL096W-A	0.73525
4035	YNR039C	0.73525
4036	YJL187C	0.73514
4037	YNR062C	0.73512
4038	YCL057C-A	0.7351
4039	Q0142	0.73509
4040	YGL227W	0.73508
4041	YIR005W	0.73508
4042	YFR023W	0.73501
4043	YOR355W	0.73499
4044	YOL004W	0.73499
4045	YBL020W	0.73495
4046	YKL143W	0.73492
4047	YLR149C	0.7347
4048	YPR152C	0.7347
4049	YGL032C	0.73469
4050	YMR026C	0.73461
4051	YLR006C	0.7346
4052	YLR110C	0.73458
4053	YHR006W	0.73457
4054	YPL163C	0.73452
4055	YNL038W	0.73451
4056	YBR081C	0.73451
4057	YGR167W	0.73446
4058	YDR261C	0.73433
4059	YML047C	0.73432
4060	YGR270W	0.73432
4061	YOR106W	0.7343
4062	YPL202C	0.7343
4063	YCL026C-B	0.7343
4064	YBR133C	0.73426
4065	YHL044W	0.73423
4066	YMR023C	0.7342
4067	YJR102C	0.73419
4068	YGL124C	0.73416
4069	YGL254W	0.73414
4070	YLL013C	0.73413
4071	YLR050C	0.73411
4072	YJL029C	0.73406
4073	YLR247C	0.73403
4074	YKL206C	0.73401
4075	YNL201C	0.73392
4076	YLR093C	0.7338
4077	YHR008C	0.73371
4078	YPL241C	0.73361
4079	YBL033C	0.73361
4080	YJL112W	0.73358
4081	YKL149C	0.73352
4082	YBL074C	0.73347
4083	YKL054C	0.73344
4084	YNL208W	0.73342
4085	YPL119C-A	0.73334
4086	YHR199C	0.73333
4087	YGL262W	0.73311
4088	YEL007W	0.73299
4089	YER173W	0.73299
4090	YLR309C	0.73297
4091	YBL010C	0.73295
4092	YPL038W	0.73288
4093	YGR057C	0.73286
4094	YDR299W	0.7327
4095	YOR329C	0.73268
4096	YOR194C	0.73259
4097	YGR144W	0.73258
4098	YPR009W	0.73254
4099	YBR201W	0.73253
4100	YLL016W	0.73243
4101	YGR072W	0.73242
4102	YMR190C	0.73241
4103	YMR070W	0.73233
4104	YPL243W	0.73227
4105	YIR043C	0.73226
4106	YBR282W	0.73205
4107	YCL048W-A	0.73204
4108	YNL097C	0.73193
4109	YJL204C	0.73171
4110	YPL026C	0.73152
4111	YER076C	0.73151
4112	YNL122C	0.73151
4113	YLR048W	0.7315
4114	YNL215W	0.73138
4115	YKL086W	0.7313
4116	YOR260W	0.73127
4117	YCR024C	0.73122
4118	YPL150W	0.73119
4119	YLR132C	0.73118
4120	YDL142C	0.73117
4121	YML002W	0.73116
4122	YIL044C	0.7311
4123	YGL126W	0.73107
4124	YFL010C	0.73104
4125	YJR146W	0.73101
4126	YHR172W	0.73088
4127	YDR315C	0.73087
4128	YFL013C	0.73074
4129	YMR237W	0.73066
4130	YMR014W	0.73064
4131	YER046W	0.73058
4132	YNL213C	0.73057
4133	YJL201W	0.73053
4134	YOR060C	0.73052
4135	YBR172C	0.7305
4136	YJR140C	0.73037
4137	YGL195W	0.73029
4138	YOL027C	0.73018
4139	YJL132W	0.73015
4140	YPL003W	0.73005
4141	YCR016W	0.73001
4142	YER071C	0.72999
4143	YPR123C	0.72998
4144	YLR278C	0.72985
4145	YCL031C	0.72981
4146	YKR007W	0.7298
4147	YPR139C	0.72965
4148	YDR228C	0.7296
4149	YCL024W	0.72956
4150	YHR198C	0.72949
4151	YJR082C	0.72943
4152	YLR141W	0.72932
4153	YFR031C-A	0.7293
4154	YIL018W	0.7293
4155	YCL019W	0.72928
4156	YER077C	0.72927
4157	YHR022C	0.7291
4158	YOR115C	0.72906
4159	YHR067W	0.72895
4160	YNL193W	0.72893
4161	YMR077C	0.72885
4162	YGL113W	0.72876
4163	YHR173C	0.72875
4164	YHR004C	0.72869
4165	YNR061C	0.72852
4166	YJL039C	0.72848
4167	YBR289W	0.72843
4168	YDR221W	0.72841
4169	YIL154C	0.72828
4170	YFR020W	0.72824
4171	YHR101C	0.72821
4172	YHR214C-C	0.728
4173	YGL150C	0.72799
4174	YIR011C	0.72798
4175	YGR161W-B	0.72796
4176	YFL002W-A	0.72796
4177	YER093C	0.72796
4178	YOR249C	0.72795
4179	YJR136C	0.72792
4180	YPL005W	0.72788
4181	YDR382W	0.72776
4182	YLR392C	0.72775
4183	YML090W	0.72768
4184	YLR064W	0.72762
4185	YDL002C	0.72761
4186	YDR295C	0.72758
4187	YLR312W-A	0.72745
4188	YDR261W-B	0.72743
4189	YNL162W-A	0.72724
4190	YOR192C-B	0.72722
4191	YPL149W	0.72721
4192	YDR179W-A	0.72716
4193	YIL027C	0.72714
4194	YKL011C	0.72712
4195	YFL024C	0.72709
4196	YDR449C	0.72709
4197	YCL012C	0.72708
4198	YML095C	0.72707
4199	YLR148W	0.72704
4200	YAL043C	0.72702
4201	YMR115W	0.72699
4202	YJL107C	0.72695
4203	YBR009C	0.72691
4204	YDR200C	0.72691
4205	YOR336W	0.72689
4206	YJL092W	0.72684
4207	YER087C-B	0.72684
4208	YHR059W	0.72684
4209	YGL016W	0.72678
4210	YAR002W	0.72678
4211	YNL227C	0.72673
4212	YDR451C	0.72666
4213	YHR109W	0.72666
4214	YDR087C	0.72658
4215	YCL042W	0.72652
4216	YNL166C	0.72648
4217	YNL158W	0.72647
4218	YOR289W	0.72647
4219	YNL026W	0.72641
4220	YDR112W	0.7264
4221	YDR081C	0.72639
4222	YGR038C-D/YGR038C-C	0.72637
4223	YMR192W	0.7262
4224	YBL004W	0.72602
4225	YDR034C-D	0.72601
4226	YDR322C-A	0.72598
4227	YDL074C	0.7259
4228	YLL032C	0.72589
4229	YJL191W	0.72587
4230	YGR171C	0.72579
4231	YBR247C	0.72573
4232	YCR075W-A	0.72562
4233	YJL115W	0.72559
4234	YPL254W	0.72547
4235	YJR138W	0.72538
4236	YPR122W	0.72532
4237	YGL197W	0.72531
4238	YKL122C	0.7253
4239	YJL070C	0.72527
4240	YAL041W	0.72524
4241	YDR210W-B	0.7252
4242	YCR052W	0.72515
4243	YDR079W	0.72514
4244	YOR020W-A	0.72512
4245	YIL112W	0.72504
4246	YGL136C	0.72495
4247	YDL241W	0.72493
4248	YLR459W	0.72489
4249	YFL046W	0.72454
4250	YDR470C	0.72443
4251	YDR182W-A	0.72439
4252	YMR251W-A	0.7243
4253	YLR410W-B	0.7243
4254	YGL174W	0.72418
4255	YDL183C	0.72412
4256	YKL106W	0.72407
4257	YML093W	0.72396
4258	YHR138C	0.72393
4259	YNL136W	0.72392
4260	YLR068W	0.72389
4261	YKR031C	0.72376
4262	YNL315C	0.72373
4263	YOL047C	0.72369
4264	YIR021W	0.72366
4265	YIL031W	0.7236
4266	YLR109W	0.72358
4267	YPL040C	0.72351
4268	YBR290W	0.72348
4269	YML063W	0.72345
4270	YML114C	0.72344
4271	YFR029W	0.72335
4272	YCR031C	0.72332
4273	YMR168C	0.7232
4274	YBL100W-B	0.72318
4275	Q0080	0.72293
4276	YNL304W	0.72291
4277	YDR176W	0.72286
4278	YPL016W	0.72284
4279	YDL112W	0.72283
4280	YOR024W	0.72278
4281	YER048C	0.72271
4282	YOL063C	0.72266
4283	YLR029C	0.72259
4284	YLR095C	0.72259
4285	YDL098C	0.72244
4286	YKR004C	0.72241
4287	YOR247W	0.72237
4288	YOR343W-B	0.7223
4289	YOR019W	0.72228
4290	YOR058C	0.72218
4291	YJR039W	0.72213
4292	YGR202C	0.72213
4293	YGR052W	0.722
4294	YKL195W	0.72198
4295	YLR439W	0.72189
4296	YMR293C	0.72185
4297	YHL001W	0.72151
4298	YPR093C	0.72148
4299	YHL021C	0.72142
4300	YDL070W	0.72134
4301	YDR254W	0.72133
4302	YER058W	0.72128
4303	YOL100W	0.72122
4304	YGR209C	0.72114
4305	YER048W-A	0.72112
4306	YBR016W	0.72104
4307	YCR093W	0.72099
4308	YLR013W	0.72092
4309	YJL157C	0.72089
4310	YPR036W	0.72089
4311	YGL146C	0.72086
4312	YOR078W	0.72084
4313	YIL077C	0.72083
4314	YBR253W	0.72062
4315	YBR215W	0.72062
4316	YNL183C	0.72058
4317	YBR239C	0.72047
4318	YJR060W	0.72036
4319	YML034W	0.7202
4320	YMR133W	0.7202
4321	YCR066W	0.72002
4322	YIL087C	0.7199
4323	YAL065C	0.71987
4324	YOR229W	0.71987
4325	YOR337W	0.71986
4326	YHR028W-A	0.71975
4327	YOR179C	0.71972
4328	YDL216C	0.71972
4329	YPR092W	0.71971
4330	YDR104C	0.71966
4331	YNL184C	0.71965
4332	YNR028W	0.71964
4333	YNL009W	0.71962
4334	YOR080W	0.71951
4335	YGR038W	0.71951
4336	YLL007C	0.71944
4337	YIL042C	0.71941
4338	YJL109C	0.71936
4339	YKL006W	0.71931
4340	YBL045C	0.71928
4341	YNR040W	0.71906
4342	YLR441C	0.71902
4343	YPL156C	0.7189
4344	YDL077C	0.71882
4345	YDL157C	0.71874
4346	YKR036C	0.71865
4347	YDR320C-A	0.71853
4348	YKL099C	0.71851
4349	YDR484W	0.71851
4350	Q0110	0.71819
4351	YOR308C	0.71817
4352	YNL058C	0.71814
4353	YOL017W	0.71813
4354	YBL084C	0.71812
4355	YDR367W	0.71811
4356	YLR288C	0.71809
4357	YDR511W	0.71807
4358	YBR111W-A	0.71802
4359	YHL049C	0.718
4360	YOR085W	0.71799
4361	YGL060W	0.7179
4362	YJL173C	0.71786
4363	YDR017C	0.71773
4364	YLR142W	0.71772
4365	YMR157C	0.71764
4366	YPL242C	0.71763
4367	YGR148C	0.71761
4368	YGR013W	0.71752
4369	YPL041C	0.71748
4370	YDR233C	0.71746
4371	YAL004W	0.71746
4372	YMR121C	0.71745
4373	YMR048W	0.71738
4374	YGR233C	0.71738
4375	YJL016W	0.7173
4376	YKL025C	0.71724
4377	YDR255C	0.71722
4378	YGL127C	0.71711
4379	YDL066W	0.71708
4380	YGR122W	0.71707
4381	YEL061C	0.71707
4382	YCR015C	0.71705
4383	YDR416W	0.71702
4384	YIL024C	0.71699
4385	YGL025C	0.71692
4386	YIL111W	0.71674
4387	YOR309C	0.71673
4388	YDR124W	0.71661
4389	YOL077W-A	0.7166
4390	YHR071W	0.71654
4391	YBR048W	0.71653
4392	YDR025W	0.71653
4393	YFR033C	0.7164
4394	YDR068W	0.71634
4395	YIL019W	0.71617
4396	YHR083W	0.71615
4397	YNL234W	0.71613
4398	Q0075	0.71602
4399	YIR013C	0.71602
4400	YMR065W	0.71588
4401	YDL075W	0.71586
4402	YHR217C	0.71584
4403	YPL256C	0.71576
4404	YAL034C	0.71576
4405	YKL066W	0.71575
4406	YKR065C	0.71559
4407	YLL040C	0.71548
4408	YBR044C	0.71548
4409	YPR108W-A	0.71542
4410	YOR139C	0.71535
4411	YHR082C	0.71534
4412	YEL059C-A	0.71531
4413	YGL108C	0.71522
4414	YIL076W	0.71521
4415	YDR488C	0.71521
4416	YMR182C	0.71498
4417	YAL059W	0.71488
4418	YPL146C	0.71486
4419	YMR247C	0.71476
4420	YPL238C	0.7147
4421	YDR335W	0.71469
4422	YDR169C	0.71454
4423	YIL138C	0.71448
4424	YKR008W	0.71446
4425	YLR136C	0.71445
4426	YOR031W	0.71442
4427	YPL186C	0.71429
4428	YJL047C	0.71418
4429	YBR221W-A	0.71417
4430	YLR406C	0.71415
4431	YER147C	0.71401
4432	YCR003W	0.71381
4433	YDR141C	0.71373
4434	YDR495C	0.71363
4435	YDR057W	0.71356
4436	YOL138C	0.71352
4437	YLR396C	0.71349
4438	YGL215W	0.71341
4439	YDR273W	0.71329
4440	YJR059W	0.71324
4441	YHR023W	0.71314
4442	YNL300W	0.71314
4443	YDR369C	0.71306
4444	YIL084C	0.71298
4445	YNL297C	0.71291
4446	YHL009C	0.71286
4447	YLR228C	0.7128
4448	YKR083C	0.71279
4449	YIL070C	0.71274
4450	YFR043C	0.71256
4451	YDR269C	0.71252
4452	YLR338W	0.71243
4453	YDR110W	0.71242
4454	YGL142C	0.71241
4455	YDR333C	0.71235
4456	YCL026C-A	0.71233
4457	YGR235C	0.71229
4458	YJR123W	0.71218
4459	YLR281C	0.71215
4460	YPL011C	0.7121
4461	YER022W	0.71201
4462	YMR111C	0.71192
4463	YBR216C	0.71189
4464	YPR117W	0.7118
4465	YHR097C	0.71167
4466	YGL029W	0.71153
4467	YNL068C	0.71149
4468	YLR406C-A	0.71149
4469	YNL230C	0.71146
4470	YBR150C	0.71142
4471	YLR061W	0.7114
4472	YBR049C	0.71137
4473	YCL058W-A	0.71117
4474	YMR061W	0.71115
4475	YLL004W	0.71104
4476	YAL011W	0.71102
4477	YGR096W	0.711
4478	YLR310C	0.71098
4479	YKL176C	0.71095
4480	YKL092C	0.71089
4481	YDL107W	0.71086
4482	YHR126C	0.71085
4483	YMR290W-A	0.71072
4484	YMR021C	0.71069
4485	YPL193W	0.71068
4486	YCL049C	0.71043
4487	YMR176W	0.71041
4488	YGR228W	0.71041
4489	YKL030W	0.71041
4490	YHR052W-A	0.7104
4491	YHR054W-A	0.7104
4492	R0010W	0.71039
4493	YOR230W	0.71037
4494	YIL133C	0.71033
4495	YJR071W	0.7102
4496	YJL019W	0.70994
4497	YDL065C	0.70991
4498	YKR006C	0.70977
4499	YGL024W	0.7095
4500	YBR257W	0.70949
4501	YKR012C	0.70943
4502	YLR104W	0.70939
4503	YFL064C	0.70937
4504	YKL079W	0.70935
4505	YGR106C	0.70931
4506	YDR076W	0.7093
4507	YNL265C	0.70923
4508	YIR030C	0.70914
4509	YOL069W	0.70899
4510	YGR184C	0.70897
4511	YDR482C	0.70887
4512	YGL247W	0.70884
4513	YDR231C	0.70871
4514	YMR258C	0.70866
4515	YJL013C	0.7086
4516	YLR292C	0.70848
4517	YOL052C-A	0.70846
4518	YMR274C	0.7084
4519	YDR126W	0.70838
4520	YHL034W-A	0.70831
4521	YGR174C	0.70829
4522	YIL100C-A	0.70826
4523	YHR127W	0.70824
4524	YBL028C	0.70806
4525	YPR061C	0.708
4526	YGL159W	0.70783
4527	YHL027W	0.70783
4528	YJL105W	0.70783
4529	YGR089W	0.70773
4530	YIL159W	0.70772
4531	YOR082C	0.70771
4532	YPL178W	0.7077
4533	YDR458C	0.70763
4534	YMR122W-A	0.70755
4535	YDL011C	0.70744
4536	YDL012C	0.70734
4537	YNR047W	0.70733
4538	YLR033W	0.70733
4539	YHR132W-A	0.70732
4540	YOL107W	0.70721
4541	YIR033W	0.7072
4542	YOR220W	0.70709
4543	YCL029C	0.70706
4544	YLR422W	0.70702
4545	YLR407W	0.70688
4546	YPR038W	0.70684
4547	YOL026C	0.70667
4548	YDR466W	0.70652
4549	YGR073C	0.70648
4550	YGL080W	0.70648
4551	YLR424C-A	0.70647
4552	YHL020C	0.70633
4553	YJR080C	0.70622
4554	YDR197W	0.70609
4555	YDR005C	0.70606
4556	YKL038W	0.706
4557	YOR208W	0.70598
4558	YIL059C	0.70597
4559	YBR195C	0.70583
4560	YFL010W-A	0.70577
4561	YHR143W	0.70562
4562	YMR153W	0.70557
4563	YPR070W	0.70552
4564	YPL047W	0.70547
4565	YBR128C	0.70542
4566	Q0115	0.7054
4567	YLR128W	0.7054
4568	YDR271C	0.70511
4569	YKR030W	0.70501
4570	YPL078C	0.705
4571	YNL041C	0.70496
4572	YLL005C	0.70492
4573	YPR199C	0.7049
4574	YGR081C	0.70484
4575	YJL122W	0.70483
4576	YML084W	0.70481
4577	YML050W	0.70478
4578	YGR227W	0.70474
4579	YER054C	0.70462
4580	YML081C-A	0.70459
4581	YCL058C	0.70451
4582	YBR258C	0.70442
4583	YJL007C	0.70442
4584	YDR078C	0.70439
4585	YPR106W	0.70438
4586	YLR067C	0.70436
4587	YER180C-A	0.70435
4588	YLR149C-A	0.70431
4589	YBR077C	0.70426
4590	YBR255C-A	0.70417
4591	YER019C-A	0.70409
4592	YGL258W	0.70409
4593	YJL083W	0.70402
4594	YDR379W	0.70399
4595	YHR105W	0.70398
4596	YIL102C	0.70398
4597	YBR036C	0.70391
4598	YLR021W	0.70387
4599	YMR295C	0.7038
4600	YLR165C	0.70377
4601	YDR464W	0.70369
4602	YKL133C	0.70368
4603	YCR032W	0.70367
4604	YGL093W	0.70363
4605	YJR079W	0.70361
4606	YPL120W	0.70361
4607	YIL049W	0.70354
4608	YML017W	0.70353
4609	YKR041W	0.70348
4610	YPL144W	0.70346
4611	YBR107C	0.70343
4612	YFR011C	0.70339
4613	YIL069C	0.70331
4614	YER074W	0.70331
4615	YML076C	0.70314
4616	YDL041W	0.703
4617	YDL053C	0.70298
4618	YLL021W	0.7028
4619	YBL090W	0.70278
4620	YOR148C	0.70271
4621	YER165C-A	0.70259
4622	YHL043W	0.70257
4623	YBL092W	0.70257
4624	YER112W	0.70244
4625	YOR144C	0.70242
4626	YOR140W	0.70221
4627	YDL162C	0.70219
4628	YDL068W	0.70213
4629	YHL023C	0.70211
4630	YDR125C	0.70211
4631	YNL187W	0.7021
4632	YGL162W	0.7021
4633	YOR228C	0.70203
4634	YBL025W	0.70201
4635	YLR204W	0.70195
4636	YHR095W	0.70188
4637	YLR454W	0.70177
4638	YPR077C	0.70175
4639	YMR112C	0.70166
4640	YPL076W	0.70161
4641	YDL191W	0.70147
4642	YDL136W	0.70147
4643	YML107C	0.70147
4644	YPL075W	0.70146
4645	YLR043C	0.70145
4646	YDR163W	0.70144
4647	YLR098C	0.70129
4648	YCL061C	0.70128
4649	YCL028W	0.70126
4650	YKL205W	0.70121
4651	YBR144C	0.70115
4652	YOR302W	0.70111
4653	YCR033W	0.70111
4654	YPL139C	0.70105
4655	YPR049C	0.70104
4656	YDR486C	0.70102
4657	YGL189C	0.70098
4658	YGR053C	0.70097
4659	YLR286W-A	0.70096
4660	YHR073C-B	0.7009
4661	YKR049C	0.70085
4662	YLR423C	0.70084
4663	YMR117C	0.70081
4664	YKR027W	0.70061
4665	YNL245C	0.70055
4666	YMR280C	0.70054
4667	YKR019C	0.70045
4668	YHR131W-A	0.70035
4669	YGR198W	0.70033
4670	YKL048C	0.70008
4671	YLR057W	0.70007
4672	YLR321C	0.70004
4673	YKL186C	0.70003
4674	YKR047W	0.69998
4675	YML048W	0.69996
4676	YFR040W	0.69992
4677	YAL067W-A	0.69991
4678	YOR083W	0.69974
4679	YGL145W	0.69964
4680	YLR356W	0.6996
4681	YER129W	0.69954
4682	YGL249W	0.6995
4683	YNL052W	0.69944
4684	YAL042C-A	0.69944
4685	YNL053W	0.69942
4686	YMR284W	0.69934
4687	YGL073W	0.69931
4688	YER131W	0.69928
4689	YDR322W	0.69923
4690	YLR256W	0.69915
4691	YOL014W	0.69907
4692	YLR127C	0.69906
4693	YGL071W	0.69882
4694	YPR016W-A	0.69882
4695	YOL121C	0.69878
4696	YPR109W	0.69877
4697	YNL172W	0.69857
4698	YLR262C-A	0.69852
4699	YGL090W	0.69831
4700	YCL076W	0.69828
4701	YKL020C	0.69827
4702	YKR016W	0.69827
4703	YPL085W	0.69816
4704	YBR269C	0.69808
4705	YDR544C	0.69806
4706	YLR381W	0.69795
4707	YIL144W	0.69792
4708	YPL216W	0.69791
4709	YKL183W	0.69775
4710	YML027W	0.69775
4711	YLR264W	0.69771
4712	YNL338W	0.69754
4713	YMR060C	0.69745
4714	YDL115C	0.69741
4715	YIR018W	0.6974
4716	YGR030C	0.69737
4717	YML059C	0.69736
4718	YOL120C	0.69732
4719	YNL301C	0.69732
4720	YOL086W-A	0.6973
4721	YDR371W	0.69718
4722	YFR045W	0.69709
4723	YLL022C	0.69702
4724	YDL044C	0.69683
4725	YOR041C	0.69672
4726	YKL101W	0.69665
4727	YLR269C	0.69654
4728	YMR159C	0.69637
4729	YLR379W	0.69629
4730	YBR168W	0.69629
4731	YHR119W	0.69624
4732	YOR387C	0.69617
4733	YGR129W	0.69595
4734	YLR464W	0.69588
4735	YEL076C-A	0.69588
4736	YJR093C	0.69586
4737	YBR116C	0.69585
4738	YBR108W	0.69582
4739	YKL074C	0.6958
4740	YPL166W	0.69577
4741	YJL044C	0.69572
4742	YDL005C	0.69571
4743	YNL302C	0.69569
4744	YCR013C	0.69541
4745	YDR469W	0.69536
4746	YIL139C	0.69531
4747	YPR191W	0.69513
4748	YOL003C	0.69506
4749	YDR119W	0.69504
4750	YKL136W	0.69504
4751	YLR350W	0.69499
4752	YJL099W	0.69495
4753	YDL023C	0.69485
4754	YKR040C	0.6946
4755	YIR003W	0.69459
4756	YIL129C	0.69457
4757	YBR083W	0.69444
4758	YDL173W	0.69443
4759	YKL016C	0.69434
4760	YBR270C	0.69434
4761	YJL043W	0.6943
4762	YMR073C	0.69412
4763	YJL048C	0.69412
4764	YER050C	0.69399
4765	YPL278C	0.69399
4766	YCL039W	0.69394
4767	YMR182W-A	0.69394
4768	YBR004C	0.69391
4769	YPR015C	0.69388
4770	YGL152C	0.69387
4771	YLR399W-A	0.69374
4772	YOR167C	0.69367
4773	YOL053W	0.69363
4774	YOR277C	0.6936
4775	YPL183W-A	0.69358
4776	YOR028C	0.69356
4777	YDR348C	0.69355
4778	YDL088C	0.69353
4779	YMR172W	0.6935
4780	YNL303W	0.6935
4781	YER014C-A	0.69347
4782	YGR050C	0.69338
4783	YBR226C	0.69334
4784	YER109C	0.69333
4785	YJL049W	0.69325
4786	YHR180W	0.6931
4787	YMR032W	0.69305
4788	YLR010C	0.69296
4789	YDR303C	0.69295
4790	YLR125W	0.69292
4791	YKL083W	0.69292
4792	YHR017W	0.69291
4793	YPR197C	0.69272
4794	YLR442C	0.69265
4795	YBR064W	0.69263
4796	YPR040W	0.69261
4797	YER184C	0.69255
4798	YLR150W	0.69248
4799	YER145C-A	0.69241
4800	YHR131C	0.69234
4801	YLR211C	0.69232
4802	YMR016C	0.69231
4803	YFL015C	0.69221
4804	YMR311C	0.69219
4805	YNL324W	0.69217
4806	YMR199W	0.69211
4807	YEL076C	0.6921
4808	YGL191W	0.69209
4809	YDR414C	0.69208
4810	YLR140W	0.69207
4811	YLR073C	0.69204
4812	YOL127W	0.69197
4813	YOR373W	0.69191
4814	YFL013W-A	0.69169
4815	YHR035W	0.69168
4816	YPR010C-A	0.69167
4817	YHR063W-A	0.69166
4818	YPR050C	0.69158
4819	YGR160W	0.69151
4820	YDL172C	0.69151
4821	YMR306C-A	0.69141
4822	YBR233W-A	0.69137
4823	YIL071C	0.69136
4824	YER075C	0.69132
4825	YIL117C	0.69131
4826	YJL176C	0.69128
4827	YNR024W	0.69115
4828	YLR024C	0.69105
4829	YKL108W	0.69103
4830	YDR320W-B	0.69089
4831	YBR240C	0.69083
4832	YJR151W-A	0.6907
4833	YDR461W	0.6907
4834	YBR066C	0.69055
4835	YOL150C	0.69053
4836	YER034W	0.69041
4837	YJL197C-A	0.6904
4838	YPL021W	0.69009
4839	YDR504C	0.69009
4840	YLR301W	0.69001
4841	YDR357C	0.68999
4842	YDR079C-A	0.68995
4843	YMR316W	0.68985
4844	YLR124W	0.68985
4845	YNL089C	0.68975
4846	YDR505C	0.68974
4847	YGL219C	0.6897
4848	YGR069W	0.68958
4849	YIL057C	0.68957
4850	YDR261C-C	0.68957
4851	YEL072W	0.68954
4852	YPL233W	0.68952
4853	YIL054W	0.68947
4854	YKL147C	0.68947
4855	YNL150W	0.68944
4856	YOL089C	0.68943
4857	YEL018C-A	0.68928
4858	YJR135C	0.68922
4859	YGR259C	0.68921
4860	YPL081W	0.68916
4861	YOR376W-A	0.68916
4862	YLR173W	0.68907
4863	YER122C	0.68906
4864	YPR177C	0.68905
4865	YDR290W	0.68895
4866	YKL014C	0.68894
4867	YNL103W-A	0.68891
4868	YMR100W	0.68889
4869	YPR187W	0.68887
4870	YDR073W	0.68885
4871	YGR147C	0.68884
4872	YMR019W	0.68883
4873	YLL002W	0.68876
4874	YKL037W	0.68874
4875	YIL132C	0.68862
4876	YMR164C	0.68862
4877	YHR055C	0.68857
4878	YHR053C	0.68857
4879	YLR339C	0.68857
4880	YPR095C	0.68846
4881	YCR024C-A	0.68842
4882	YKR020W	0.68838
4883	YMR018W	0.68836
4884	YDL096C	0.68833
4885	YMR242C	0.68828
4886	YOR312C	0.68828
4887	YOL103W-A	0.68826
4888	YIR018C-A	0.68812
4889	YJL076W	0.68777
4890	YGR290W	0.68777
4891	YGL013C	0.68773
4892	YPL177C	0.68773
4893	YBR189W	0.68758
4894	YCR099C	0.68754
4895	YPR158C-C	0.68749
4896	YBL103C	0.68746
4897	YLR271W	0.68741
4898	YJR041C	0.68734
4899	YLR157C-A	0.68724
4900	YPL257W-A	0.68724
4901	YER137C-A	0.68724
4902	YDR365W-A	0.68724
4903	YDL187C	0.68718
4904	YML011C	0.68716
4905	YBR191W-A	0.68716
4906	YPL182C	0.68714
4907	YMR272W-B	0.68709
4908	YLR311C	0.68708
4909	YHR159W	0.68702
4910	YHR149C	0.687
4911	YMR254C	0.68699
4912	YGL217C	0.68696
4913	YLR151C	0.68688
4914	YMR086C-A	0.68685
4915	YLR255C	0.68684
4916	YDL139C	0.68667
4917	YLL006W-A	0.68662
4918	YOR335W-A	0.68661
4919	YJR134C	0.68661
4920	YDR131C	0.68647
4921	YOL083C-A	0.68646
4922	YPR185W	0.68641
4923	YGR183C	0.68638
4924	YHR125W	0.68634
4925	YPL060C-A	0.68632
4926	YDL114W-A	0.68631
4927	YMR017W	0.68623
4928	YOL070C	0.68623
4929	YDR138W	0.68621
4930	YGL069C	0.68619
4931	YIR040C	0.68609
4932	YMR098C	0.68604
4933	YJR053W	0.686
4934	YGL059W	0.68597
4935	YBL077W	0.68584
4936	YGR051C	0.68579
4937	YDR146C	0.68578
4938	YLL037W	0.68577
4939	YPL114W	0.68574
4940	YGL107C	0.68562
4941	YGL066W	0.68554
4942	YOR146W	0.68548
4943	YOR276W	0.68547
4944	YJR023C	0.68546
4945	YAR010C	0.68546
4946	YPR137C-A	0.68546
4947	YLR256W-A	0.68542
4948	YIR036W-A	0.6854
4949	YJR026W	0.68522
4950	YML040W	0.68522
4951	YLR227W-A	0.68522
4952	YDR209C	0.68518
4953	YLL020C	0.68518
4954	YBR033W	0.68515
4955	YGL229C	0.68514
4956	YOR263C	0.68499
4957	YIL156W-B	0.68491
4958	YPL185W	0.68489
4959	YNL314W	0.68488
4960	YFL007W	0.68483
4961	YGR068W-A	0.68481
4962	YAR053W	0.6848
4963	YDL020C	0.68477
4964	YMR031C	0.68476
4965	YJL073W	0.68459
4966	YPR007C	0.68459
4967	YLR265C	0.68457
4968	YHR049C-A	0.68452
4969	YEL074W	0.6845
4970	YOR221C	0.68448
4971	YOR200W	0.68447
4972	YLR322W	0.68441
4973	YPL161C	0.68441
4974	YAL047W-A	0.68438
4975	YDR329C	0.68429
4976	YKL208W	0.68426
4977	YML045W-A	0.68426
4978	YML007W	0.68418
4979	YOR298W	0.68411
4980	YNR005C	0.68401
4981	YDR118W	0.68393
4982	YER088C	0.6839
4983	YBR131W	0.68374
4984	YDR157W	0.68372
4985	YKL171W	0.68371
4986	YLR242C	0.6837
4987	YAL016C-A	0.68367
4988	YGR250C	0.6836
4989	YNL174W	0.68355
4990	YER137C	0.68355
4991	YLR182W	0.68353
4992	YPL044C	0.68349
4993	YPR084W	0.68348
4994	YGR182C	0.68346
4995	YBR056W-A	0.68345
4996	YLR135W	0.68343
4997	YNL204C	0.68327
4998	YJL180C	0.68324
4999	YCL021W	0.68322
5000	YJR028W	0.68317
5001	YBL054W	0.68317
5002	YJR127C	0.68313
5003	YBR058C-A	0.6831
5004	YIL093C	0.68309
5005	YFL051C	0.68306
5006	YDL022C-A	0.68299
5007	YDR153C	0.6829
5008	YEL034C-A	0.68283
5009	YCR083W	0.6827
5010	YDR098C-A	0.68267
5011	YMR194W	0.68264
5012	YBR012W-A	0.68258
5013	YLR360W	0.68255
5014	YEL017W	0.68248
5015	YLR035C-B	0.68247
5016	YGR161C-C	0.68247
5017	YER159C-A	0.68247
5018	YMR051C	0.68247
5019	YDR316W-A	0.68247
5020	YBL108W	0.68247
5021	YDR274C	0.68244
5022	YEL025C	0.68237
5023	YOR029W	0.68235
5024	YAL040C	0.68233
5025	YIL149C	0.68232
5026	YOR325W	0.68231
5027	YGL209W	0.68223
5028	YKL131W	0.68222
5029	YOR012W	0.68216
5030	YGR222W	0.68212
5031	YNL156C	0.68207
5032	YBR134W	0.68206
5033	YGR038C-A	0.68206
5034	YPL219W	0.68205
5035	YNL167C	0.68198
5036	YLR440C	0.68197
5037	YDR043C	0.6819
5038	YBR250W	0.68189
5039	YGR076C	0.68187
5040	YJL120W	0.68176
5041	YAR029W	0.68175
5042	YJL009W	0.68174
5043	YJL136W-A	0.68167
5044	YER187W	0.68165
5045	YDL067C	0.68162
5046	YAL037W	0.68161
5047	YNL143C	0.68159
5048	YPR202W	0.68158
5049	YLL059C	0.68153
5050	YFL065C	0.68151
5051	YEL017C-A	0.68121
5052	YMR057C	0.68121
5053	YDR066C	0.6812
5054	YIL055C	0.68117
5055	YOR135C	0.68109
5056	YLR346C	0.68106
5057	YHR180W-A	0.68095
5058	YNL005C	0.68093
5059	YGR146C-A	0.68091
5060	YNL008C	0.68088
5061	YLR317W	0.68075
5062	YML029W	0.6807
5063	YNR063W	0.68066
5064	YHL006C	0.68055
5065	YGR027W-A	0.68052
5066	YDR217C	0.68048
5067	YLR159W	0.68048
5068	YLR156W	0.68048
5069	YLR161W	0.68048
5070	YPR068C	0.68039
5071	YMR119W	0.68035
5072	YGR121W-A	0.68029
5073	YGL218W	0.68028
5074	YJL064W	0.68027
5075	YPR130C	0.68027
5076	YNL054W	0.68026
5077	YLR298C	0.68026
5078	YDR156W	0.68025
5079	YDR187C	0.68023
5080	YDR499W	0.68021
5081	YIL105W-A	0.68011
5082	YBR266C	0.68001
5083	YDR307W	0.67997
5084	YPR158W-A	0.67994
5085	YOR142W-A	0.67994
5086	YML041C	0.67982
5087	YBR085C-A	0.67978
5088	YER135C	0.67977
5089	YDL232W	0.67971
5090	YKR095W	0.67969
5091	YDL196W	0.67966
5092	YIR023C-A	0.67949
5093	YLL066W-B	0.67937
5094	YCR063W	0.67935
5095	YIR044C	0.67929
5096	YGL096W	0.67921
5097	YBR027C	0.6792
5098	YAL026C-A	0.67913
5099	YCR097W	0.67907
5100	YLR344W	0.67903
5101	YBL073W	0.67897
5102	R0020C	0.67896
5103	YJR106W	0.67896
5104	YER148W-A	0.67894
5105	YAL025C	0.67893
5106	YFR039C	0.67892
5107	YDR210C-C	0.67886
5108	YGL074C	0.67885
5109	YNL170W	0.6788
5110	YGL041W-A	0.6788
5111	YOL050C	0.67876
5112	YKL115C	0.67874
5113	YNL179C	0.67872
5114	YDR199W	0.6787
5115	YIL068W-A	0.67861
5116	YHR022C-A	0.6786
5117	YAR014C	0.67858
5118	YGL109W	0.67847
5119	YDL235C	0.67847
5120	YGR034W	0.67838
5121	YLR041W	0.67836
5122	YJL062W-A	0.67835
5123	YLR040C	0.67835
5124	YDR426C	0.6783
5125	YOR068C	0.67825
5126	YMR008C-A	0.67815
5127	YLR424W	0.67812
5128	YDR366C	0.6781
5129	YNL043C	0.67805
5130	YDL170W	0.67801
5131	YMR030W-A	0.67797
5132	YKL223W	0.67792
5133	YNL067W-B	0.67786
5134	YMR072W	0.67785
5135	YKL044W	0.67764
5136	YOL166C	0.67756
5137	YHR156C	0.67751
5138	YGR206W	0.67745
5139	YOR063W	0.67742
5140	YFR049W	0.6774
5141	YDL056W	0.67729
5142	YJL166W	0.67725
5143	YPR203W	0.67721
5144	YEL053W-A	0.6772
5145	YNL133C	0.67711
5146	YHL009W-B	0.67708
5147	YNL115C	0.67706
5148	YDR462W	0.67703
5149	YNL203C	0.677
5150	YLR453C	0.67698
5151	YBL052C	0.67697
5152	YJL142C	0.67675
5153	YPL038W-A	0.67671
5154	YOL117W	0.67659
5155	YKR005C	0.67656
5156	YPL205C	0.67649
5157	YGR130C	0.67645
5158	YBL107W-A	0.67641
5159	YGL177W	0.6764
5160	YOR015W	0.67631
5161	YGR098C	0.67626
5162	YJL113W	0.67625
5163	YHR021W-A	0.67615
5164	YMR245W	0.67614
5165	YKR073C	0.67613
5166	YDR114C	0.67608
5167	YAL055W	0.6759
5168	YDR285W	0.67586
5169	YPL108W	0.67583
5170	YDR537C	0.67568
5171	YGL199C	0.67563
5172	YBR089W	0.67552
5173	YLR404W	0.67545
5174	YKR032W	0.67544
5175	YDL121C	0.67537
5176	YBR232C	0.67536
5177	YLR120W-A	0.67534
5178	YKL036C	0.67534
5179	YOR129C	0.67531
5180	YJL095W	0.67531
5181	YDL220C	0.67526
5182	YER189W	0.6752
5183	YLR122C	0.67516
5184	YER078W-A	0.67511
5185	YOR331C	0.67506
5186	YGR249W	0.67501
5187	YDR360W	0.67499
5188	YPL192C	0.67497
5189	YOR193W	0.67493
5190	YNL017C	0.67491
5191	YOR282W	0.67487
5192	YNL109W	0.67486
5193	YER138W-A	0.67484
5194	YOR008C-A	0.67483
5195	YJL077C	0.67483
5196	YNL277W-A	0.67479
5197	YOR210W	0.67464
5198	YBR206W	0.67449
5199	YFL049W	0.67442
5200	YML103C	0.67432
5201	YPR021C	0.6743
5202	YOR137C	0.67428
5203	YAL010C	0.67427
5204	YNL164C	0.67426
5205	YDL118W	0.67422
5206	YMR013W-A	0.67406
5207	YNL254C	0.67397
5208	YNL284C-A	0.67395
5209	YCR018C	0.67387
5210	YBR292C	0.67387
5211	YMR184W	0.67386
5212	YLR296W	0.67382
5213	YDL206W	0.67379
5214	YGL260W	0.67378
5215	YDR170W-A	0.67371
5216	YJL077W-A	0.6737
5217	YDR230W	0.67368
5218	YNL157W	0.67363
5219	YDR371C-A	0.67363
5220	YML083C	0.67339
5221	YGR150C	0.67336
5222	YOL166W-A	0.67331
5223	YBR109W-A	0.67323
5224	Q0017	0.67322
5225	YDR278C	0.6732
5226	YEL075C	0.67312
5227	YGL061C	0.67307
5228	YDL219W	0.67305
5229	YNL228W	0.67303
5230	YJR086W	0.67301
5231	YFL021C-A	0.67295
5232	YCL056C	0.67289
5233	YKL076C	0.67275
5234	YOL101C	0.67272
5235	YLR157W-E	0.67272
5236	YPL249C-A	0.67266
5237	YJL103C	0.6726
5238	YKR075W-A	0.67255
5239	YIL158W	0.67252
5240	YJL195C	0.67244
5241	YLR388W	0.67235
5242	YDR115W	0.67234
5243	YGL123C-A	0.67229
5244	YPR195C	0.67227
5245	YER119C-A	0.67226
5246	YLR139C	0.67221
5247	YMR135W-A	0.67211
5248	YGL118C	0.67211
5249	YDR069C	0.67207
5250	YCR047W-A	0.67199
5251	YPR053C	0.67191
5252	YDR016C	0.6719
5253	YDR034W-B	0.67187
5254	YLR198C	0.67187
5255	YDR374W-A	0.67181
5256	YBR076C-A	0.67181
5257	YER118C	0.6718
5258	YKL075C	0.67173
5259	YHL048C-A	0.67172
5260	YPL018W	0.67168
5261	YDL009C	0.67165
5262	YKR011C	0.6716
5263	R0040C	0.6716
5264	YIL025C	0.67154
5265	YMR298W	0.67154
5266	YML100W-A	0.67153
5267	YHL009W-A	0.67151
5268	YJR038C	0.67151
5269	YMR105W-A	0.6715
5270	YIR024C	0.67148
5271	YNR003W-A	0.6714
5272	YNL144C	0.67138
5273	YPR170W-B	0.67134
5274	YJL146W	0.67134
5275	YLL030C	0.67133
5276	YCR038C	0.67127
5277	YMR175W-A	0.67125
5278	YJR147W	0.67124
5279	YJL175W	0.67122
5280	YAL037C-B	0.67115
5281	YHL005C	0.67113
5282	YJL152W	0.67113
5283	YLL049W	0.67112
5284	YOL046C	0.67106
5285	YNL269W	0.671
5286	YKL159C	0.67094
5287	YPR160C-A	0.67091
5288	YBR238C	0.67089
5289	YER115C	0.67084
5290	YJL202C	0.67078
5291	YBL063W	0.67068
5292	YML031C-A	0.67066
5293	YLR169W	0.67059
5294	YGR075C	0.67058
5295	YOL155W-A	0.67056
5296	YEL059W	0.67053
5297	YOR379C	0.67044
5298	YGL086W	0.67041
5299	YLR329W	0.67031
5300	YDR317W	0.6703
5301	YDR003W-A	0.67018
5302	YPL142C	0.67007
5303	YNL165W	0.66999
5304	YLR313C	0.66999
5305	YML113W	0.66998
5306	YEL030C-A	0.66994
5307	YDR166C	0.66988
5308	YGL165C	0.66986
5309	YIL115W-A	0.66986
5310	YBR120C	0.6698
5311	YNL054W-A	0.66979
5312	YOR225W	0.66979
5313	YHR007C-A	0.66969
5314	YLR434C	0.66969
5315	YGR270C-A	0.66961
5316	YOR293C-A	0.66958
5317	YBL008W-A	0.66953
5318	YHL029C	0.6695
5319	YGL041C-B	0.66949
5320	YML094C-A	0.66949
5321	YJL135W	0.66948
5322	YIL142C-A	0.66941
5323	YJR128W	0.6694
5324	YPR150W	0.66935
5325	YLR154C	0.66933
5326	YMR158W-B	0.66929
5327	YBL005W	0.66925
5328	YBL096C	0.66925
5329	YNL120C	0.66925
5330	YLR365W	0.66914
5331	YJL090C	0.66912
5332	YNL146C-A	0.66902
5333	YEL020C-B	0.66898
5334	YDR374C	0.66895
5335	YGR293C	0.66894
5336	YOL164W-A	0.66893
5337	YIL097W	0.66892
5338	YOL032W	0.66888
5339	YOR161W-B	0.66885
5340	YJR092W	0.66884
5341	YGR018C	0.66882
5342	YPR063C	0.66881
5343	YHR214C-D	0.66875
5344	YAR069C	0.66875
5345	YPL062W	0.66868
5346	YHR182C-A	0.66867
5347	YBL043W	0.66866
5348	YPR014C	0.66866
5349	YOL097W-A	0.66863
5350	YBR181C	0.66861
5351	YPL090C	0.66861
5352	YER023C-A	0.66857
5353	YHR214C-E	0.66847
5354	YKL177W	0.66846
5355	YDR123C	0.66845
5356	YGL149W	0.66842
5357	YJL023C	0.66838
5358	YGL088W	0.66836
5359	YCR001W	0.66834
5360	YOR364W	0.66831
5361	YKL162C	0.6683
5362	YJR101W	0.66822
5363	YJL075C	0.66818
5364	YML081W	0.66809
5365	YFR056C	0.66804
5366	YDL221W	0.66804
5367	YLR402W	0.66792
5368	YOR034C-A	0.6679
5369	YNL145W	0.66786
5370	YDR082W	0.66776
5371	YDL034W	0.6677
5372	YER132C	0.66767
5373	YHR056C	0.66766
5374	YML089C	0.66763
5375	YFR026C	0.66762
5376	YIL029W-A	0.66759
5377	YER045C	0.66756
5378	YGL237C	0.66755
5379	YPR087W	0.66752
5380	YIL060W	0.66742
5381	YDR235W	0.66738
5382	YGR265W	0.66735
5383	YDR183C-A	0.66735
5384	YGL007C-A	0.66726
5385	YBR200W-A	0.66721
5386	YAR035C-A	0.66719
5387	YKR101W	0.66714
5388	YOR316C-A	0.66712
5389	YMR316C-B	0.66704
5390	YMR046C	0.66704
5391	YGR251W	0.66702
5392	YAL008W	0.66695
5393	YGR031C-A	0.66693
5394	YBR188C	0.66693
5395	YGR139W	0.66691
5396	YPR136C	0.66689
5397	YGL132W	0.66687
5398	YFR012W	0.66682
5399	YOL037C	0.66673
5400	YDR422C	0.6666
5401	YOR072W	0.66657
5402	YGR045C	0.66644
5403	YBR259W	0.66632
5404	YML047W-A	0.66623
5405	YPR071W	0.6662
5406	YJL058C	0.66611
5407	YJL015C	0.6661
5408	YML012C-A	0.66609
5409	YDR143C	0.66607
5410	YJL037W	0.66607
5411	YGL258W-A	0.66604
5412	YBL005W-A	0.66602
5413	YGR204C-A	0.66601
5414	YMR025W	0.66598
5415	YNL178W	0.66592
5416	YHL002C-A	0.66591
5417	YBL100C	0.66586
5418	YHL037C	0.66576
5419	YDR034C	0.66576
5420	YPL070W	0.66574
5421	YLR416C	0.66571
5422	YDR437W	0.6657
5423	YKR034W	0.66567
5424	YAL032C	0.66565
5425	YOL035C	0.66563
5426	YNL144W-A	0.66562
5427	YJR089W	0.66562
5428	YAL056C-A	0.66559
5429	YMR316C-A	0.66554
5430	YAR064W	0.66551
5431	YBL070C	0.66544
5432	YFR003C	0.66544
5433	YDL026W	0.66543
5434	YLR302C	0.66541
5435	YLR123C	0.66541
5436	YOR297C	0.66539
5437	YIL029C	0.66535
5438	YDR103W	0.66535
5439	YNL309W	0.66529
5440	YGR122C-A	0.66529
5441	YIR030W-A	0.66528
5442	YJL067W	0.66528
5443	YGR190C	0.66528
5444	YMR272W-A	0.66524
5445	YOL083W	0.66523
5446	YLR444C	0.66522
5447	YOR318C	0.66521
5448	YLR079W	0.66511
5449	YGL041C	0.66504
5450	YMR304C-A	0.66501
5451	YNL295W	0.66499
5452	YLR106C	0.66497
5453	YDR417C	0.66489
5454	YBR190W	0.66487
5455	YGL168W	0.66484
5456	YJL156W-A	0.66483
5457	YLR232W	0.66482
5458	YBL071C	0.6648
5459	YHR050W-A	0.66477
5460	YDR524C-A	0.6647
5461	YMR294W	0.66467
5462	YJL182C	0.66457
5463	YEL050W-A	0.66452
5464	YLL042C	0.66447
5465	YAL059C-A	0.66445
5466	YHR213W-B	0.66443
5467	YOL044W	0.66422
5468	YGR011W	0.6642
5469	YER092W	0.66419
5470	YBL039C-A	0.66417
5471	YER088C-A	0.66412
5472	YMR232W	0.66409
5473	YHR086W-A	0.66403
5474	YOR107W	0.66385
5475	YMR307C-A	0.66383
5476	YGL188C	0.66382
5477	YBR099C	0.66382
5478	YBR178W	0.66381
5479	YGR023W	0.66379
5480	YDL247W-A	0.66374
5481	YFR035C	0.66366
5482	YMR013C-A	0.66362
5483	YFR019W	0.66361
5484	YKL031W	0.66355
5485	YIL036W	0.66351
5486	YDR008C	0.6635
5487	YMR320W	0.6635
5488	YML057C-A	0.66346
5489	YKL183C-A	0.66345
5490	YNL337W	0.66343
5491	YIL101C	0.66342
5492	YJL209W	0.66335
5493	YOL160W	0.66334
5494	YGR115C	0.66332
5495	YDR510C-A	0.66331
5496	YJL114W	0.6633
5497	YPL039W	0.66329
5498	YAR070C	0.66321
5499	YPL025C	0.6632
5500	YHR087W	0.66318
5501	YOR392W	0.66306
5502	YLR264C-A	0.66298
5503	YAL069W	0.66297
5504	YHR036W	0.66291
5505	YMR198W	0.66287
5506	YBL062W	0.66285
5507	YOR073W-A	0.66278
5508	YIL002W-A	0.66274
5509	YCR024C-B	0.66272
5510	YMR242W-A	0.66268
5511	YPR012W	0.66265
5512	YHR182W	0.66261
5513	YNL114C	0.66259
5514	YDR310C	0.66258
5515	YMR172C-A	0.66257
5516	YBL009W	0.66257
5517	YEL033W	0.66252
5518	YEL043W	0.66251
5519	YNR042W	0.66248
5520	YLR463C	0.66246
5521	YOR385W	0.66226
5522	YBR171W	0.66221
5523	YLR462W	0.6622
5524	YKL058W	0.6622
5525	YEL010W	0.66214
5526	YDR355C	0.66204
5527	YBL044W	0.66202
5528	YHL019W-A	0.66199
5529	YOR183W	0.66197
5530	YMR066W	0.66195
5531	YDR344C	0.66194
5532	YDL086C-A	0.6619
5533	YML043C	0.66189
5534	YDR526C	0.66186
5535	YDL204W	0.66182
5536	YIL012W	0.66176
5537	YIL020C-A	0.66175
5538	YJL207C	0.66173
5539	YOR108C-A	0.66162
5540	YDR220C	0.66161
5541	YCL054W-A	0.66159
5542	YDR095C	0.66158
5543	YIR021W-A	0.66149
5544	YLR263W	0.66139
5545	YMR230W-A	0.66138
5546	YDL073W	0.66125
5547	YER147C-A	0.66123
5548	YBR103C-A	0.66119
5549	YLR349W	0.66118
5550	YDR048C	0.66115
5551	YAR019W-A	0.66113
5552	YJL169W	0.66112
5553	YNL276C	0.66104
5554	YPL272C	0.66103
5555	YOR113W	0.66097
5556	YLR202C	0.66089
5557	YGR016W	0.66087
5558	YBR141W-A	0.66082
5559	YOR231C-A	0.66076
5560	YPR099C	0.66074
5561	YDR118W-A	0.66073
5562	YER084W	0.66072
5563	YGR015C	0.66071
5564	YFR052C-A	0.66069
5565	YDR340W	0.66067
5566	YOR104W	0.66061
5567	YIL071W-A	0.66061
5568	YOR073W	0.66056
5569	YDR044W	0.66044
5570	YDL189W	0.66041
5571	YML128C	0.66032
5572	YLR320W	0.66025
5573	YOR345C	0.66019
5574	YDL159C-B	0.66017
5575	YER172C-A	0.66013
5576	YAL037C-A	0.66012
5577	YNL028W	0.66007
5578	YHR032C-A	0.66006
5579	YCL023C	0.65991
5580	YER107W-A	0.65983
5581	YLR171W	0.65981
5582	YIL040W	0.65974
5583	YDR094W	0.65972
5584	YNL138W-A	0.65965
5585	YNL130C-A	0.65965
5586	YML036W	0.65954
5587	YNL152W	0.65954
5588	YLR353W	0.65951
5589	YGR107W	0.65951
5590	YLR342W-A	0.6595
5591	YAL034C-B	0.65947
5592	YER046W-A	0.65946
5593	YHL038C	0.6593
5594	YNL091W	0.65921
5595	YHR139C-A	0.65914
5596	YOR199W	0.65911
5597	YPR076W	0.6591
5598	YBR135W	0.65906
5599	YMR052W	0.65901
5600	YGL226W	0.65897
5601	YLR119W	0.65895
5602	YEL075W-A	0.65894
5603	YEL045C	0.6589
5604	YOR102W	0.65889
5605	YMR204C	0.65885
5606	YAL068W-A	0.6588
5607	YDR509W	0.65878
5608	YCR095W-A	0.65876
5609	YOL007C	0.65876
5610	YOR314W-A	0.65876
5611	YDL213W-A	0.65873
5612	YCL041C	0.65866
5613	YLR219W	0.65862
5614	YBR272C	0.65861
5615	YDR532C	0.65859
5616	YHR093W	0.65855
5617	YDR524C	0.65851
5618	YER102W	0.65846
5619	YBL072C	0.65846
5620	YBR225W	0.65844
5621	YGR049W	0.6584
5622	YAL066W	0.65836
5623	YPR170C	0.6583
5624	YBL053W	0.65826
5625	YLL003W	0.65824
5626	YHL045W	0.65821
5627	YCR038W-A	0.6582
5628	YNL097C-B	0.65818
5629	YBR007C	0.6581
5630	YKL063C	0.65809
5631	YIL047C-A	0.65805
5632	YML007C-A	0.65796
5633	YBR032W	0.65796
5634	YPR020W	0.65796
5635	YPR133W-A	0.6579
5636	YGL176C	0.65789
5637	YMR031W-A	0.65787
5638	YDR383C	0.65787
5639	YCR041W	0.65784
5640	YDR425W	0.65784
5641	YEL067C	0.65783
5642	YLR082C	0.65778
5643	YGR025W	0.65771
5644	YLR131C	0.65769
5645	YGR215W	0.65768
5646	YDR413C	0.65767
5647	YGL005C	0.65762
5648	YBR152W	0.65761
5649	YIL066W-A	0.6576
5650	YGL081W	0.65756
5651	YCL046W	0.65755
5652	YGR035W-A	0.65744
5653	YKL056C	0.65737
5654	YDR396W	0.65719
5655	YER188C-A	0.65719
5656	YMR134W	0.65718
5657	YGR114C	0.65713
5658	YIL127C	0.6571
5659	YML034C-A	0.65708
5660	YLR163W-A	0.65704
5661	YLR428C	0.65699
5662	YER028C	0.65697
5663	YMR064W	0.65691
5664	YBR182C	0.65686
5665	YOR203W	0.65676
5666	YDL211C	0.65676
5667	YIL156W-A	0.65675
5668	YOL079W	0.65673
5669	YMR247W-A	0.65672
5670	YKL102C	0.65669
5671	YML108W	0.65669
5672	YDR535C	0.65667
5673	YER006C-A	0.65661
5674	YPR013C	0.65656
5675	YGR196C	0.65654
5676	YDR296W	0.65648
5677	YNR075C-A	0.65643
5678	YCR081C-A	0.65642
5679	YDR102C	0.65639
5680	YKL104W-A	0.65627
5681	YMR153C-A	0.65627
5682	YGR219W	0.65618
5683	YKR091W	0.65617
5684	YOR266W	0.65615
5685	YHL006W-A	0.65603
5686	YCR064C	0.65603
5687	YJR087W	0.65598
5688	YGR176W	0.65592
5689	YOR032C	0.65583
5690	YIL174W	0.65574
5691	YJL222W-A	0.65574
5692	YDR281C	0.65574
5693	YIL030W-A	0.65562
5694	YLR224W	0.65559
5695	YFR009W-A	0.65555
5696	YFR034W-A	0.65551
5697	YLR437C	0.65545
5698	YDR179C	0.65539
5699	YKL123W	0.65538
5700	YHL025W	0.65531
5701	YJR120W	0.65531
5702	YMR147W	0.6553
5703	YCR097W-A	0.65528
5704	YAR030C	0.65518
5705	YPR039W	0.65514
5706	YAL045C	0.65502
5707	YER053C-A	0.655
5708	YDR455C	0.65494
5709	YER038W-A	0.65491
5710	YIR020W-A	0.6549
5711	YOR055W	0.65489
5712	YOR105W	0.65483
5713	YMR001C-A	0.65477
5714	YDR034C-C	0.6547
5715	YER186C	0.6547
5716	YNL266W	0.65466
5717	YLR415C	0.65464
5718	YMR141C	0.65463
5719	YOR050C	0.65458
5720	YIL092W	0.65448
5721	YLR101C	0.65439
5722	YNL210W	0.65431
5723	YNL057W	0.65424
5724	YPL152W-A	0.65423
5725	YGL052W	0.65422
5726	YJL022W	0.65422
5727	YFL012W-A	0.6542
5728	YNL019C	0.65414
5729	YOL031C	0.65414
5730	YHR072W-A	0.65411
5731	YML023C	0.6541
5732	YJL127W-A	0.65408
5733	YOR354C	0.65406
5734	YGL239C	0.65398
5735	YLR366W	0.65397
5736	YDL094C	0.65397
5737	YLR162W	0.65395
5738	YCR085W	0.65392
5739	YMR075C-A	0.65391
5740	YKL141W	0.65385
5741	YGR161C	0.65383
5742	YJL047C-A	0.65378
5743	YMR052C-A	0.65374
5744	YJL052C-A	0.65374
5745	YHR071C-A	0.65368
5746	YDL197C	0.65361
5747	YOR192C-A	0.6536
5748	YLR466C-B	0.65359
5749	YDR261W-A	0.65352
5750	YPL225W	0.65344
5751	YEL008W	0.65343
5752	YDR401W	0.65322
5753	YGR064W	0.65319
5754	YLR154W-C	0.65317
5755	YOR161W-A	0.65317
5756	YGR041W	0.65309
5757	YMR075W	0.65308
5758	YFR036W-A	0.65307
5759	YDR524W-C	0.653
5760	YNL205C	0.65295
5761	YCR025C	0.65285
5762	YNR001W-A	0.65282
5763	YLR400W	0.6528
5764	YLR358C	0.65277
5765	YPL168W	0.65277
5766	YJL038C	0.65276
5767	YJL086C	0.65274
5768	YLR374C	0.65273
5769	YPL054W	0.65273
5770	YGR008C	0.6527
5771	YDR053W	0.65265
5772	YAL064W	0.65265
5773	YDR442W	0.65265
5774	YDR443C	0.65259
5775	YDR065W	0.65258
5776	YMR324C	0.65249
5777	YPL099C	0.65246
5778	YER137W-A	0.65245
5779	YML129C	0.65238
5780	YJL188C	0.65232
5781	YOR300W	0.65231
5782	YCL065W	0.65231
5783	YDR350C	0.6523
5784	YOR304C-A	0.65225
5785	YBL083C	0.6522
5786	YDL061C	0.6522
5787	YKR045C	0.652
5788	YKR015C	0.65194
5789	YGR230W	0.65187
5790	YDR169C-A	0.65165
5791	YPL080C	0.65149
5792	YNR004W	0.65147
5793	YNR025C	0.65143
5794	YGL151W	0.65142
5795	YMR282C	0.65138
5796	YCL020W	0.65137
5797	YBL094C	0.65134
5798	YOL159C	0.65124
5799	YER018C	0.65118
5800	YJL032W	0.65116
5801	YER111C	0.65112
5802	YJL184W	0.65112
5803	YLR431C	0.6511
5804	YNL033W	0.65109
5805	YPL056C	0.65108
5806	YJR018W	0.65102
5807	YMR257C	0.65079
5808	YOR076C	0.65077
5809	YOL013W-A	0.65067
5810	YIL098C	0.65066
5811	YCR087W	0.65058
5812	YBR174C	0.65054
5813	YDL228C	0.65052
5814	YDR464C-A	0.65052
5815	YKL204W	0.65052
5816	YCR022C	0.65034
5817	YDR250C	0.65032
5818	YHR165C	0.65027
5819	YPR171W	0.65026
5820	YKL156C-A	0.65023
5821	YMR193C-A	0.65021
5822	YMR179W	0.6502
5823	YGL079W	0.65014
5824	YBL065W	0.65009
5825	YCR081W	0.65004
5826	YDR467C	0.64987
5827	YGR140W	0.64986
5828	YDR088C	0.6497
5829	YOR147W	0.64969
5830	YEL073C	0.64965
5831	YKL052C	0.64965
5832	YIR014W	0.64963
5833	YMR187C	0.64958
5834	YDR246W-A	0.64957
5835	YER068C-A	0.64952
5836	YIR020C-B	0.64948
5837	YHR058C	0.64945
5838	YHR199C-A	0.64942
5839	YGR084C	0.64941
5840	YOR011W-A	0.64937
5841	YGL193C	0.64932
5842	YMR326C	0.64932
5843	YBR090C	0.64925
5844	YPL174C	0.64921
5845	YNR035C	0.64917
5846	YDR543C	0.64915
5847	YNR009W	0.64911
5848	YOR189W	0.64897
5849	YGR161W-A	0.64889
5850	YFL002W-B	0.64889
5851	YDR194W-A	0.64887
5852	YAL031W-A	0.64887
5853	YLR111W	0.64886
5854	YOR366W	0.64878
5855	YNL235C	0.64876
5856	YHL041W	0.64871
5857	YOR152C	0.64871
5858	YBR300C	0.64869
5859	YDR445C	0.64865
5860	YCL027W	0.6486
5861	YCL001W-A	0.6486
5862	YGR038C-E	0.64854
5863	YML015C	0.6485
5864	YIR020C	0.64838
5865	YEL035C	0.64835
5866	YMR118C	0.64833
5867	YGR226C	0.64831
5868	YPL250W-A	0.64831
5869	YJL020W-A	0.64825
5870	YDR215C	0.6482
5871	YBR057C	0.64815
5872	YJR056C	0.64808
5873	YJL056C	0.64808
5874	YBR121C-A	0.64808
5875	YIR010W	0.64807
5876	YLR162W-A	0.64804
5877	YLR410W-A	0.64804
5878	YOR314W	0.64803
5879	YDR431W	0.648
5880	YDL240C-A	0.64786
5881	YDR525W	0.64768
5882	YKL118W	0.64763
5883	YPL261C	0.64761
5884	YIR017W-A	0.64761
5885	YHR145C	0.64757
5886	YKL169C	0.64754
5887	YIL021C-A	0.64749
5888	YHR136C	0.64747
5889	YGR269W	0.64745
5890	YPL033C	0.64734
5891	YHR103W	0.64731
5892	YMR294W-A	0.64726
5893	YFL033C	0.64712
5894	YLR376C	0.64711
5895	YJR012C	0.64709
5896	YGR169C-A	0.64703
5897	YJL199C	0.64686
5898	YGR077C	0.64685
5899	YPR174C	0.64671
5900	YBL100W-A	0.6467
5901	YDR015C	0.64661
5902	YGR113W	0.64657
5903	YNL296W	0.64654
5904	YDR491C	0.64652
5905	YLR201C	0.64651
5906	YNL196C	0.6465
5907	YOR268C	0.64648
5908	YPL136W	0.64647
5909	YGL075C	0.64641
5910	YDL158C	0.64637
5911	YBL071C-B	0.64629
5912	YPL037C	0.64628
5913	YPR064W	0.64623
5914	YMR103C	0.64621
5915	YPR160W-A	0.6462
5916	YOR394C-A	0.64618
5917	YJL211C	0.64614
5918	YER091C-A	0.64611
5919	YPL189C-A	0.64609
5920	YPL253C	0.64608
5921	YDL129W	0.64603
5922	YHR177W	0.64591
5923	YIL014C-A	0.6459
5924	YHR070C-A	0.6459
5925	YJL215C	0.64586
5926	YER093C-A	0.64584
5927	YDL025W-A	0.64578
5928	YOR045W	0.64576
5929	YHR167W	0.64574
5930	YPR146C	0.64568
5931	YOR030W	0.64565
5932	YIL089W	0.64562
5933	YER076W-A	0.6456
5934	YKL185W	0.64558
5935	YCR006C	0.64555
5936	YLR352W	0.64553
5937	YFL063W	0.64552
5938	YGR179C	0.64541
5939	YBR184W	0.64537
5940	YHL030W-A	0.64532
5941	YDR515W	0.64531
5942	YDR446W	0.64519
5943	YBL093C	0.64516
5944	YDR203W	0.64513
5945	YLR295C	0.64512
5946	YML116W-A	0.64484
5947	YNL042W	0.64484
5948	YOL082W	0.64481
5949	YNL197C	0.64479
5950	YHR175W-A	0.64479
5951	YJL222W-B	0.64473
5952	YIL175W	0.64473
5953	YDL199C	0.64471
5954	YHR073W-A	0.64468
5955	YNL226W	0.64468
5956	YJL150W	0.64466
5957	YGL235W	0.64456
5958	YPR096C	0.64441
5959	YBR224W	0.64435
5960	YMR007W	0.64432
5961	YML122C	0.64426
5962	YDR240C	0.64426
5963	YJL066C	0.64424
5964	YDR241W	0.64424
5965	YDL016C	0.64417
5966	YPR142C	0.64415
5967	YDR210W-A	0.64414
5968	YHR130C	0.64407
5969	YHR099W	0.64406
5970	YPL251W	0.644
5971	YPL073C	0.64381
5972	YHR212C	0.64376
5973	YAR060C	0.64376
5974	YMR086W	0.64369
5975	YPL135C-A	0.64368
5976	YDR034C-A	0.6436
5977	YKL165C-A	0.64358
5978	YAR047C	0.64354
5979	YPR027C	0.64353
5980	YDR195W	0.64347
5981	YKR033C	0.64341
5982	YLR062C	0.64339
5983	YDR406W-A	0.64326
5984	YFR057W	0.64315
5985	YMR046W-A	0.64312
5986	YOR178C	0.64308
5987	YIL058W	0.64302
5988	YOR264W	0.64301
5989	YCR020W-B	0.64301
5990	YLR424C-B	0.64296
5991	YBR084C-A	0.64285
5992	YBL027W	0.64285
5993	YIL045W	0.64284
5994	YER085C	0.64282
5995	YIL028W	0.64279
5996	YML009C	0.64266
5997	YHR001W-A	0.64265
5998	YER133W-A	0.64253
5999	YFR010W-A	0.64253
6000	YDR151C	0.64252
6001	YLR361C-A	0.64244
6002	YLR036C	0.6424
6003	YLR227C	0.6423
6004	YPL049C	0.64224
6005	YBR196C-B	0.64216
6006	YMR030W	0.64214
6007	YBL006C	0.64207
6008	YMR163C	0.64204
6009	YMR141W-A	0.64201
6010	YLR221C	0.64199
6011	YKL050C	0.64198
6012	YOR170W	0.64189
6013	YOR218C	0.64188
6014	YDR149C	0.64182
6015	YER152W-A	0.64179
6016	YJL027C	0.64166
6017	YLR294C	0.64159
6018	YIL141W	0.64158
6019	YDR377W	0.64155
6020	YDR154C	0.64148
6021	YKL096C-B	0.64145
6022	YMR191W	0.64145
6023	YER066C-A	0.64126
6024	YJL220W	0.6412
6025	YIL171W-A	0.6412
6026	YMR124W	0.64115
6027	YLR297W	0.64107
6028	YBL100W-C	0.64092
6029	YLR370C	0.64091
6030	YNL103W	0.64088
6031	YHR184W	0.64076
6032	YBR298C-A	0.64075
6033	YLR408C	0.6407
6034	YGL063C-A	0.64069
6035	YFL015W-A	0.64067
6036	YOR343W-A	0.64065
6037	YNL086W	0.64064
6038	YBR197C	0.64059
6039	YHR180C-B	0.64052
6040	YBR012C	0.64051
6041	YBR136W	0.64049
6042	YGL182C	0.64043
6043	YJL127C-B	0.64035
6044	YBR296C-A	0.6403
6045	YKL061W	0.64023
6046	YLR395C	0.64021
6047	YPL269W	0.64009
6048	YJR030C	0.63997
6049	YHR069C-A	0.63988
6050	YKL023W	0.63974
6051	YKR010C	0.6397
6052	YJR114W	0.63966
6053	YBL059W	0.63948
6054	YOR359W	0.63947
6055	YIL119C	0.6394
6056	YCL051W	0.63937
6057	YPL035C	0.63928
6058	YAL019W-A	0.63928
6059	YGL214W	0.63928
6060	YNL042W-B	0.63921
6061	YOR376W	0.63915
6062	YBR051W	0.63899
6063	YDL163W	0.63882
6064	YGR134W	0.63879
6065	YKR035C	0.63874
6066	YMR107W	0.63865
6067	YGR067C	0.63862
6068	YLR436C	0.63856
6069	YNR077C	0.63855
6070	YML062C	0.63847
6071	YDR521W	0.63836
6072	YHR079C-A	0.63836
6073	YPR164W	0.63831
6074	YLR458W	0.63829
6075	YHL046W-A	0.63822
6076	YER149C	0.63818
6077	YDL224C	0.63806
6078	YHL015W-A	0.63793
6079	YOL159C-A	0.63781
6080	YER067W	0.63777
6081	YLR217W	0.63776
6082	YIL032C	0.63763
6083	YPL222C-A	0.6376
6084	YGR291C	0.63758
6085	YKR054C	0.63749
6086	YGL226C-A	0.63746
6087	YDR024W	0.63742
6088	YLR285C-A	0.63734
6089	YLR379W-A	0.63731
6090	YLR042C	0.63729
6091	YMR135C	0.63718
6092	YJL028W	0.63714
6093	YHR137C-A	0.63693
6094	YLR076C	0.63693
6095	YKL153W	0.63691
6096	YDL062W	0.63686
6097	YDR327W	0.63683
6098	YGL188C-A	0.63678
6099	YGL014C-A	0.63669
6100	YIL037C	0.63665
6101	YAL024C	0.63651
6102	YJL170C	0.6365
6103	YDR136C	0.63647
6104	YOR097C	0.63645
6105	YLR412C-A	0.63642
6106	YDR433W	0.6364
6107	YOR177C	0.63632
6108	YBL048W	0.6362
6109	YDR096W	0.63606
6110	YGR164W	0.63599
6111	YKL130C	0.63593
6112	YNL070W	0.63588
6113	YIL163C	0.63558
6114	YKR100C	0.6355
6115	YBR277C	0.6354
6116	YML037C	0.63535
6117	YML099W-A	0.63527
6118	YFR042W	0.63522
6119	YER087C-A	0.63485
6120	YPL257W	0.63483
6121	YNR037C	0.63478
6122	YOL099C	0.63475
6123	YPR151C	0.63474
6124	YJL119C	0.63467
6125	YDR193W	0.63456
6126	YOR235W	0.63455
6127	YOL019W-A	0.63446
6128	YNL027W	0.63441
6129	YCL022C	0.6344
6130	YOR114W	0.63434
6131	YOL038C-A	0.6343
6132	YGL034C	0.63413
6133	YBR203W	0.63398
6134	YAL028W	0.63398
6135	YJL149W	0.6339
6136	YNL198C	0.63383
6137	YDL152W	0.63383
6138	YOL015W	0.63381
6139	YKR046C	0.63377
6140	YBR275C	0.63366
6141	YER035W	0.63351
6142	YOR186C-A	0.63341
6143	Q0255	0.63317
6144	YLR364C-A	0.63309
6145	YGL230C	0.63307
6146	YOR195W	0.63301
6147	YHR141C	0.63288
6148	YNL162W	0.63288
6149	YDL184C	0.63285
6150	YDL133C-A	0.63285
6151	YGL072C	0.63282
6152	YJL077W-B	0.63263
6153	YDR202C	0.63259
6154	YGR137W	0.63259
6155	YGR079W	0.63249
6156	YDR239C	0.63247
6157	YFR032C-B	0.63247
6158	YDR381C-A	0.63239
6159	YER090C-A	0.63237
6160	YOL085W-A	0.63237
6161	YDL071C	0.63223
6162	YHR056W-A	0.63217
6163	YLR273C	0.63204
6164	YOL024W	0.63202
6165	YNL171C	0.63199
6166	YNL199C	0.63194
6167	YJR021C	0.63173
6168	YER097W	0.63165
6169	YJL110C	0.6315
6170	YCR018C-A	0.63144
6171	YDL089W	0.63114
6172	YER040W	0.63096
6173	YJL205C	0.63092
6174	YJR157W	0.63074
6175	YPR059C	0.6307
6176	YBR196C-A	0.63049
6177	YCR049C	0.63038
6178	YFL032W	0.63031
6179	YNR049C	0.63029
6180	YJL225W-A	0.63021
6181	YIL177W-A	0.63021
6182	YER067C-A	0.63015
6183	YOR047C	0.63014
6184	YDR042C	0.63014
6185	YLL019W-A	0.63006
6186	YDL032W	0.62996
6187	YEL068C	0.62994
6188	YNL176C	0.62993
6189	YLR331C	0.62991
6190	YDL181W	0.62988
6191	YLR394W	0.62983
6192	YMR094W	0.62981
6193	YLR154W-B	0.62968
6194	YEL018W	0.62965
6195	YDR201W	0.62949
6196	YGL006W-A	0.62947
6197	YAL063C-A	0.62945
6198	YGL035C	0.62941
6199	YJL177W	0.6292
6200	YLR052W	0.62889
6201	YBL046W	0.62884
6202	YIL102C-A	0.62879
6203	YOR072W-A	0.62869
6204	YDR227W	0.62867
6205	YGR236C	0.62861
6206	YLR094C	0.62851
6207	YGL042C	0.62848
6208	YDL130W-A	0.62821
6209	YDL176W	0.62814
6210	YHR153C	0.62798
6211	YLR327C	0.62789
6212	YOL013W-B	0.62779
6213	YCR045W-A	0.62775
6214	YLL066W-A	0.6277
6215	YFL068W	0.6277
6216	YLL067W-A	0.6277
6217	YOR396C-A	0.62766
6218	YLR467C-A	0.62766
6219	YLR466C-A	0.62766
6220	YOR158W	0.62765
6221	YMR299C	0.62746
6222	YLR254C	0.62743
6223	YPL158C	0.62731
6224	YMR119W-A	0.62728
6225	YDL242W	0.62727
6226	YBR182C-A	0.6272
6227	YCL007C	0.62695
6228	YMR059W	0.62694
6229	YCL021W-A	0.62682
6230	YMR082C	0.62677
6231	YDR014W	0.6267
6232	YBL109W	0.62662
6233	YNL339W-B	0.62655
6234	YML133W-B	0.62655
6235	YHR219C-A	0.62655
6236	YPL102C	0.62634
6237	YDR545C-A	0.62627
6238	YPR074W-A	0.62615
6239	YBR255W	0.62609
6240	YOR023C	0.62607
6241	YER155C	0.62597
6242	YEL005C	0.62595
6243	YJR140W-A	0.62594
6244	YPL283W-B	0.62594
6245	YPR204C-A	0.62594
6246	YEL077W-A	0.62594
6247	YER190C-B	0.62594
6248	YGR296C-B	0.62594
6249	YHR212W-A	0.6259
6250	YAR061W	0.6259
6251	YHR213W-A	0.6259
6252	YPL230W	0.62588
6253	YOL104C	0.62576
6254	YNL319W	0.62574
6255	YNL211C	0.62569
6256	YDR014W-A	0.62568
6257	YDL050C	0.62537
6258	YHL050W-A	0.62525
6259	YBR130C	0.62513
6260	YOR161C-C	0.625
6261	YNR014W	0.62492
6262	YFL021W	0.62491
6263	YCL068C	0.62482
6264	YMR151W	0.62478
6265	YMR122C	0.6247
6266	YLR267W	0.62468
6267	YBL113W-A	0.62468
6268	YBR262C	0.62466
6269	YPL130W	0.62455
6270	YOL109W	0.62452
6271	YAL031C	0.62451
6272	YGR142W	0.6245
6273	YLR157W-D	0.62444
6274	YKR078W	0.62432
6275	YBR148W	0.62425
6276	YOR349W	0.62425
6277	YOR032W-A	0.62402
6278	YLR146W-A	0.62401
6279	YNL097W-A	0.62399
6280	YBL012C	0.62395
6281	YOR342C	0.6239
6282	YKL062W	0.62389
6283	YJL181W	0.62386
6284	YLR184W	0.62376
6285	YCL005W-A	0.62364
6286	YKL100W-A	0.62347
6287	YDR181C	0.62339
6288	YKL180W	0.62332
6289	YDR361C	0.62315
6290	YBR076W	0.62312
6291	YML054C-A	0.62309
6292	YLR154W-E	0.623
6293	YCR102W-A	0.62296
6294	YFR054C	0.6229
6295	YNL013C	0.6228
6296	YMR148W	0.62271
6297	YIR016W	0.62254
6298	YPR005C	0.6221
6299	YBL039W-B	0.62208
6300	Q0182	0.62203
6301	YNL067W-A	0.622
6302	YGL023C	0.62199
6303	YBR156C	0.62189
6304	YCR065W	0.62178
6305	YDR030C	0.62133
6306	YMR003W	0.62129
6307	YDR259C	0.62127
6308	YNL225C	0.62114
6309	YOR066W	0.62109
6310	YOR186W	0.62106
6311	YLR190W	0.62099
6312	YLR373C	0.6209
6313	YDR354C-A	0.62081
6314	YNL285W	0.62074
6315	YFL041W-A	0.62065
6316	YKL097C	0.62053
6317	YBR219C	0.62046
6318	YFR008W	0.62043
6319	YCL001W	0.62039
6320	YEL009C-A	0.6202
6321	YAL016C-B	0.62016
6322	YFR012W-A	0.6201
6323	YIL086C	0.61991
6324	YDL151C	0.6199
6325	YLR012C	0.61987
6326	YOR169C	0.61987
6327	YLR235C	0.61984
6328	YER038C	0.61983
6329	YGL007W	0.61974
6330	YOL134C	0.61965
6331	YEL028W	0.61964
6332	YBL034C	0.61963
6333	YOR072W-B	0.61947
6334	YOR192C-C	0.61927
6335	YOL040C	0.61926
6336	YAL027W	0.61922
6337	YBR131C-A	0.61916
6338	YOR214C	0.6191
6339	YDR277C	0.61898
6340	YLR283W	0.61898
6341	Q0143	0.61893
6342	YGL102C	0.61864
6343	YDR461C-A	0.61855
6344	YJL026C-A	0.61833
6345	YOR248W	0.61829
6346	YOL118C	0.61822
6347	YDL159W-A	0.61795
6348	YLR222C-A	0.61794
6349	YPL052W	0.61794
6350	YDL185C-A	0.61794
6351	YHR152W	0.61777
6352	YLR307C-A	0.61771
6353	YER084W-A	0.61767
6354	YOL091W	0.61758
6355	YLR018C	0.61755
6356	YLR099W-A	0.61734
6357	YDR216W	0.61717
6358	YKL138C	0.617
6359	YGR275W	0.61691
6360	YPR169W-A	0.61683
6361	YER079C-A	0.61682
6362	YPL118W	0.61679
6363	YER158C	0.61674
6364	YML058W-A	0.61673
6365	YCL005W	0.61673
6366	YGR039W	0.61649
6367	YBR072C-A	0.61644
6368	YPL066W	0.61644
6369	YMR219W	0.61636
6370	YOR350C	0.61634
6371	YJR108W	0.61628
6372	YGL021W	0.61621
6373	YPR036W-A	0.61611
6374	YDR457W	0.61599
6375	YBR124W	0.6159
6376	YJR003C	0.61585
6377	YGL204C	0.61584
6378	YOL029C	0.61579
6379	YMR255W	0.61576
6380	YDL239C	0.61569
6381	YBR140C	0.61538
6382	YBR209W	0.61533
6383	YLR112W	0.61525
6384	YER175W-A	0.61523
6385	YMR160W	0.61503
6386	YOL131W	0.61501
6387	YMR194C-A	0.61495
6388	YLR280C	0.61492
6389	YPL027W	0.61476
6390	YGR071C	0.61423
6391	YLR312C	0.61423
6392	YKL053W	0.61399
6393	YPL200W	0.61396
6394	YDR439W	0.61393
6395	YDR351W	0.61389
6396	YLR347W-A	0.61379
6397	YEL014C	0.61376
6398	YLR465C	0.61373
6399	YJR162C	0.61369
6400	YCR050C	0.61366
6401	YKL225W	0.61355
6402	YKR022C	0.61347
6403	YBR223W-A	0.61344
6404	YCR108C	0.61313
6405	YOL081W	0.61311
6406	YGL175C	0.61294
6407	YGR168C	0.61281
6408	YKL112W	0.61264
6409	YML101C-A	0.6126
6410	YKL138C-A	0.61259
6411	YMR158C-A	0.61259
6412	Q0144	0.61258
6413	YLR261C	0.61238
6414	YLR154C-H	0.61212
6415	YLR157C-C	0.61212
6416	YLR156C-A	0.61212
6417	YLR159C-A	0.61212
6418	YIL136W	0.6121
6419	YNR045W	0.61204
6420	YDR494W	0.61199
6421	YDR207C	0.6119
6422	YLR279W	0.61189
6423	YFL014W	0.61188
6424	YBR095C	0.61149
6425	YJR037W	0.61135
6426	YDR010C	0.61135
6427	YDL027C	0.61134
6428	YMR315W-A	0.61132
6429	YDR219C	0.61115
6430	YJR107C-A	0.61108
6431	YGR227C-A	0.61091
6432	YPR002C-A	0.61086
6433	YMR036C	0.61082
6434	YGL121C	0.61054
6435	YGL117W	0.6105
6436	YGR022C	0.61032
6437	Q0010	0.61025
6438	YIL122W	0.6102
6439	YNL159C	0.60996
6440	YNL046W	0.6098
6441	YDR356W	0.60968
6442	YOR343C	0.60961
6443	YJR083C	0.60959
6444	YDR133C	0.60928
6445	YCR043C	0.60928
6446	YBL088C	0.60888
6447	YFL019C	0.60866
6448	YNL233W	0.60856
6449	YBR126W-A	0.60855
6450	YKR037C	0.6085
6451	YBL006W-A	0.60808
6452	YKL106C-A	0.60779
6453	YPR126C	0.60778
6454	YDR500C	0.60764
6455	YLL033W	0.60764
6456	YLR252W	0.60763
6457	YCR082W	0.60749
6458	YLR091W	0.6073
6459	YLR185W	0.60724
6460	YNL024C-A	0.60706
6461	YDR529C	0.60684
6462	YDL223C	0.6063
6463	YJL051W	0.60612
6464	YMR256C	0.6061
6465	YDR113C	0.60604
6466	YLR223C	0.60579
6467	YDR252W	0.60578
6468	YPR134W	0.60547
6469	YCL044C	0.60539
6470	YEL008C-A	0.60522
6471	YLR363W-A	0.60518
6472	YKL018C-A	0.60506
6473	YPL271W	0.60501
6474	YLR154W-F	0.60497
6475	YLL047W	0.60496
6476	YGL138C	0.60481
6477	YLR385C	0.60481
6478	YPL089C	0.6048
6479	YPR065W	0.6047
6480	YPR170W-A	0.60449
6481	YOR053W	0.60448
6482	YLR299C-A	0.60438
6483	YOR333C	0.60398
6484	YLR154W-A	0.60368
6485	YPR159C-A	0.60363
6486	YOR329W-A	0.60318
6487	YOR372C	0.60298
6488	YGR161W-C	0.60287
6489	YNL140C	0.60284
6490	YBR173C	0.60272
6491	YPR044C	0.60265
6492	YIL100W	0.6026
6493	YLR154C-G	0.60255
6494	YDR119W-A	0.60245
6495	YOR352W	0.60234
6496	Q0297	0.60223
6497	YFR017C	0.60218
6498	YDR528W	0.60186
6499	YGR126W	0.60184
6500	YKL093W	0.60171
6501	YAR020C	0.60143
6502	YPR101W	0.60138
6503	YER158W-A	0.60132
6504	YMR270C	0.60127
6505	YPR078C	0.60092
6506	YHR193C-A	0.60088
6507	YDL069C	0.60075
6508	YLR341W	0.60064
6509	YKL105C	0.60052
6510	YPL201C	0.60008
6511	YHR032W-A	0.59993
6512	YML109W	0.59989
6513	YGR240C-A	0.59959
6514	YPL197C	0.59958
6515	YOR008W-B	0.59949
6516	YJL162C	0.59927
6517	YBR113W	0.59926
6518	YPR008W	0.59902
6519	YER130C	0.59902
6520	YLL044W	0.59838
6521	YNL018C	0.59818
6522	YHR160C	0.59765
6523	YOR255W	0.5974
6524	YER044C-A	0.59719
6525	YNL034W	0.59717
6526	YPL014W	0.59711
6527	YDL169C	0.59703
6528	YLL065W	0.59698
6529	YLR030W	0.59692
6530	YGL223C	0.59652
6531	YAL047C	0.59641
6532	YDR130C	0.59625
6533	YBL107C	0.596
6534	YGR221C	0.59597
6535	YDR028C	0.59596
6536	YCL063W	0.59587
6537	YLR031W	0.59529
6538	YKL111C	0.59521
6539	YER167W	0.59442
6540	YBR230C	0.59407
6541	YLR282C	0.59371
6542	YDR223W	0.59365
6543	YOL036W	0.59354
6544	YHR014W	0.59311
6545	YNL100W	0.5931
6546	YNL311C	0.59298
6547	YNL195C	0.59296
6548	YGR153W	0.59275
6549	YLR236C	0.59269
6550	YBR126W-B	0.5925
6551	YBR050C	0.59208
6552	YNL076W	0.59186
6553	YER181C	0.5917
6554	YOR324C	0.59162
6555	YIL146C	0.5915
6556	YOR284W	0.59148
6557	YFR046C	0.59104
6558	YIL135C	0.59087
6559	YHR195W	0.58983
6560	YMR144W	0.58959
6561	YOL085C	0.58934
6562	YNL074C	0.58901
6563	YMR273C	0.58886
6564	YGR174W-A	0.58856
6565	YPL096C-A	0.58838
6566	YPL068C	0.58834
6567	YOR313C	0.58824
6568	YBR194W	0.58748
6569	YDR184C	0.58737
6570	YJR005C-A	0.58684
6571	YOR381W-A	0.58673
6572	YIL134C-A	0.58664
6573	YKL042W	0.58633
6574	YER088W-B	0.58544
6575	YGR239C	0.5854
6576	YOL025W	0.58517
6577	YJL133C-A	0.58481
6578	YGL222C	0.5848
6579	YJL118W	0.58412
6580	YGL128C	0.58385
6581	YBR045C	0.5837
6582	YBL031W	0.58305
6583	YML058W	0.58244
6584	YKR077W	0.5823
6585	YHR061C	0.58227
6586	YJL185C	0.58201
6587	YER124C	0.58198
6588	YPL055C	0.58196
6589	YPL180W	0.5815
6590	YGR120C	0.58135
6591	YBR063C	0.58113
6592	YDR309C	0.58106
6593	YJL089W	0.58105
6594	YFL031C-A	0.58046
6595	YOR121C	0.58038
6596	YPL267W	0.58029
6597	YGR273C	0.58025
6598	YBR230W-A	0.57977
6599	YFL012W	0.57947
6600	R0030W	0.57944
6601	YPL071C	0.57913
6602	YFR032C-A	0.57889
6603	YPL250C	0.57874
6604	YML053C	0.57863
6605	YEL057C	0.57856
6606	YPL077C	0.57854
6607	YOR062C	0.57836
6608	YLR257W	0.5783
6609	YNL105W	0.5782
6610	YHR054C	0.5782
6611	YMR037C	0.57797
6612	YER033C	0.57785
6613	YPR043W	0.57654
6614	YJR094W-A	0.57654
6615	YJR011C	0.5763
6616	YBR165W	0.57625
6617	YDR186C	0.57513
6618	YDR249C	0.57505
6619	YPL121C	0.57463
6620	YER106W	0.57449
6621	YML091C	0.57434
6622	YDL076C	0.57433
6623	YGR035C	0.57391
6624	YBR047W	0.57382
6625	YDR029W	0.57381
6626	YPL159C	0.57372
6627	YNL078W	0.57347
6628	YOR279C	0.57342
6629	YKL162C-A	0.57329
6630	YGL194C-A	0.57281
6631	YJL189W	0.5727
6632	YDR275W	0.5723
6633	YLR334C	0.57215
6634	YGL057C	0.57197
6635	YPR158W	0.57187
6636	YDR260C	0.57139
6637	YBR071W	0.57095
6638	YPL255W	0.57086
6639	YOR315W	0.57054
6640	YER104W	0.57023
6641	YDR085C	0.57023
6642	YEL032C-A	0.5696
6643	YBR013C	0.56867
6644	Q0092	0.56852
6645	YNL188W	0.56842
6646	YER032W	0.56801
6647	YER121W	0.56754
6648	YLR049C	0.5673
6649	YLR287C-A	0.5672
6650	YOR182C	0.5672
6651	YML119W	0.56674
6652	YLR102C	0.56568
6653	YKL068W-A	0.56558
6654	YDL186W	0.5653
6655	YLR230W	0.56511
6656	YML006C	0.5649
6657	YHR157W	0.56448
6658	YLR053C	0.56358
6659	YKL065W-A	0.56319
6660	YHR214W-A	0.56263
6661	YDR480W	0.56228
6662	YBR201C-A	0.56184
6663	YPR145C-A	0.56177
6664	YGR151C	0.56164
6665	YNL214W	0.56156
6666	YDL180W	0.56131
6667	YBR211C	0.5611
6668	YAR068W	0.56028
6669	YMR195W	0.55977
6670	YMR174C	0.55919
6671	YLR445W	0.55896
6672	YJL144W	0.55869
6673	YLR315W	0.55782
6674	YPR046W	0.55774
6675	YPL124W	0.55741
6676	YIL046W-A	0.5571
6677	YBR056C-B	0.55639
6678	YDR070C	0.5559
6679	YPL223C	0.55515
6680	YGL015C	0.55488
6681	YKL145W-A	0.55423
6682	YKL109W	0.55382
6683	YLR457C	0.55357
6684	YDR022C	0.55351
6685	YJL147C	0.55086
6686	YMR136W	0.54943
6687	YML009C-A	0.54924
6688	YIR025W	0.54806
6689	YMR206W	0.54688
6690	YDL082W	0.54518
6691	YBR138C	0.54224
6692	YMR142C	0.54156
6693	YBL081W	0.54017
6694	YBR285W	0.54009
6695	YPL229W	0.53844
6696	YML009W-B	0.5383
6697	YER180C	0.53702
6698	YOR044W	0.53642
6699	Q0140	0.53641
6700	YNR010W	0.53573
6701	YJL161W	0.53546
6702	YMR175W	0.5353
6703	YHR052C-B	0.53409
6704	YHR054C-B	0.53409
6705	YER153C	0.53217
6706	YBR157C	0.53152
6707	YPR083W	0.52955
6708	YGL036W	0.52825
6709	YHR185C	0.52812
6710	YLR437C-A	0.52798
6711	YMR181C	0.52763
6712	YKL023C-A	0.52463
6713	YER079W	0.52442
6714	YML112W	0.52425
6715	YGL170C	0.52299
6716	YNL146W	0.51484
6717	YIL152W	0.51114
6718	YOL106W	0.51054
6719	YMR081C	0.50987
6720	YML003W	0.50924
6721	YGR146C	0.49794
6722	YFR036W	0.49515
6723	YKR075C	0.49498
6724	Q0032	0.49331
6725	YMR252C	0.48562
6726	YJR094C	0.47112
6727	YDL007C-A	0.46749
6728	YNL040C-A	0.30257
6729	YGR016C-A	0.30257
6730	YDL204W-A	0.30257
6731	YFR035W-A	0.30257
6732	YMR106W-A	0.30257
6733	YNL155C-A	0.30257
