rank	yeast_gene	cosine
1	YFL026W	0.94951
2	YHR213W	0.94686
3	YAR062W	0.94686
4	YEL013W	0.94554
5	YLR375W	0.93808
6	YNL191W	0.93553
7	YPL050C	0.93518
8	YFL066C	0.93509
9	YER069W	0.93303
10	YER039C	0.9313
11	YPR016C	0.92817
12	YKL146W	0.92811
13	YGR229C	0.9276
14	YEL036C	0.92747
15	YIL048W	0.92617
16	YIL074C	0.92515
17	YCR008W	0.92449
18	YEL042W	0.92422
19	YBR114W	0.92392
20	YHR128W	0.92306
21	YER081W	0.92293
22	YBR235W	0.92271
23	YNR026C	0.92256
24	YLL063C	0.92136
25	YOR061W	0.92115
26	YML064C	0.92095
27	YER171W	0.92064
28	YIL143C	0.92052
29	YJL128C	0.91955
30	YLR120C	0.91898
31	YLR328W	0.91863
32	YER052C	0.9183
33	YDR001C	0.91809
34	YEL077C	0.91738
35	YBR001C	0.91683
36	YHR218W	0.91654
37	YGL225W	0.91652
38	YIL035C	0.91608
39	YGR010W	0.91591
40	YGL115W	0.9152
41	YML018C	0.91507
42	YPL221W	0.91446
43	YOR357C	0.91444
44	YMR243C	0.91424
45	YEL065W	0.91391
46	YBR287W	0.91354
47	YDR375C	0.91347
48	YOR092W	0.91337
49	YHL016C	0.91319
50	YMR221C	0.91295
51	YLR466W	0.91279
52	YNL066W	0.91212
53	YDL001W	0.91211
54	YNR013C	0.91199
55	YAL064C-A	0.91198
56	YJR065C	0.91187
57	YOL068C	0.91132
58	YBR294W	0.91121
59	YNL329C	0.91071
60	YNL123W	0.91063
61	YOR257W	0.90995
62	YBL111C	0.90961
63	YNL006W	0.90956
64	YLR092W	0.90942
65	YFR047C	0.90924
66	YBL041W	0.90917
67	YLR324W	0.90915
68	YNL095C	0.90908
69	YLR152C	0.90879
70	YGL077C	0.90872
71	YEL031W	0.90872
72	YNL020C	0.90856
73	YGL139W	0.9082
74	YEL060C	0.908
75	YHR211W	0.90761
76	YPR194C	0.90724
77	YJL012C	0.90709
78	YER094C	0.90705
79	YCL017C	0.90695
80	YNL132W	0.90675
81	YPL184C	0.90673
82	YPR138C	0.90671
83	YDL006W	0.90637
84	YOR241W	0.90635
85	YPL175W	0.90631
86	YDL210W	0.90622
87	YBR214W	0.90609
88	YCR047C	0.90596
89	YOR378W	0.90563
90	YOR316C	0.90561
91	YOR380W	0.90547
92	YPR204W	0.90523
93	YGL087C	0.905
94	YKR102W	0.90495
95	YMR080C	0.90489
96	YBL022C	0.90476
97	YOL162W	0.90449
98	YDR144C	0.90443
99	YIL142W	0.9044
100	YER145C	0.90433
101	YPL094C	0.90421
102	YGR252W	0.90393
103	YOL060C	0.90363
104	YOR197W	0.90342
105	YLR055C	0.90332
106	YDR099W	0.90307
107	YCR098C	0.90304
108	YNL277W	0.90272
109	YLR130C	0.90229
110	YGR121C	0.90207
111	YHR144C	0.90204
112	YKR050W	0.90202
113	YOR327C	0.90199
114	YPL086C	0.90194
115	YLR121C	0.90191
116	YDR091C	0.90191
117	YLR451W	0.90178
118	YDR021W	0.90162
119	YIL123W	0.90159
120	YLR330W	0.90153
121	YOL066C	0.90152
122	YML115C	0.9014
123	YMR244W	0.90124
124	YFL017W-A	0.90121
125	YKR080W	0.9012
126	YLR005W	0.90096
127	YKL129C	0.90082
128	YBR080C	0.90064
129	YBR132C	0.90044
130	YGR004W	0.90028
131	YJR049C	0.90013
132	YOR270C	0.90011
133	YNR065C	0.9
134	YOR157C	0.89976
135	YJL116C	0.89941
136	YGL114W	0.89939
137	YBL026W	0.89934
138	YDR331W	0.89933
139	YER055C	0.89919
140	YLR034C	0.8991
141	YAL026C	0.89888
142	YBR043C	0.89872
143	YOL132W	0.89872
144	YKL104C	0.89871
145	YJR072C	0.89852
146	YDR090C	0.89842
147	YGR267C	0.89813
148	YNL290W	0.8981
149	YER012W	0.89802
150	YOR328W	0.89785
151	YOR326W	0.89774
152	YMR015C	0.89752
153	YHR124W	0.89747
154	YBL106C	0.89733
155	YFR048W	0.89716
156	YER025W	0.89715
157	YOR003W	0.89706
158	YLR113W	0.89695
159	YDR448W	0.89692
160	YPL204W	0.89686
161	YDR232W	0.89686
162	YJR130C	0.89686
163	YIL088C	0.89673
164	YGL255W	0.89666
165	YLL067C	0.89664
166	YGR286C	0.89655
167	YPL236C	0.8965
168	YMR084W	0.89631
169	YDR536W	0.89623
170	YCR068W	0.8962
171	YOL094C	0.89619
172	YGR125W	0.89616
173	YCL009C	0.89612
174	YJR001W	0.8961
175	YCR037C	0.8961
176	YOR153W	0.89606
177	YCR017C	0.89591
178	YGR132C	0.8958
179	YJR068W	0.89577
180	YOL122C	0.89571
181	YGL100W	0.89569
182	YDR011W	0.89566
183	YNL125C	0.89556
184	YGR197C	0.8955
185	YLR017W	0.89543
186	YBL016W	0.89542
187	YPR019W	0.89538
188	YFL055W	0.89527
189	YMR268C	0.8952
190	YIL020C	0.89517
191	YOR109W	0.89507
192	YLR220W	0.89507
193	YDL102W	0.89501
194	YDR481C	0.89496
195	YAL063C	0.89495
196	YDL042C	0.89489
197	YHR007C	0.89475
198	YJL108C	0.8947
199	YDR406W	0.89469
200	YDR341C	0.89467
201	YML133C	0.89462
202	YOL011W	0.89457
203	YMR058W	0.89455
204	YMR109W	0.89454
205	YIL166C	0.89453
206	YER070W	0.89449
207	YHR050W	0.89444
208	YJR007W	0.89439
209	YLR189C	0.89437
210	YGR040W	0.89435
211	YLR175W	0.89422
212	YHR100C	0.8941
213	YDL037C	0.89409
214	YDR321W	0.89394
215	YMR008C	0.89391
216	YBR166C	0.89373
217	YOR006C	0.89373
218	YEL040W	0.89367
219	YLR268W	0.89359
220	YBR154C	0.89355
221	YDR234W	0.89352
222	YLR420W	0.89348
223	YJL050W	0.89348
224	YGR028W	0.89338
225	YIL066C	0.89337
226	YGR189C	0.89327
227	YGL210W	0.8932
228	YGL208W	0.89315
229	YHR074W	0.89303
230	YBR153W	0.89284
231	YER190W	0.89279
232	YAL053W	0.89274
233	YGL190C	0.89273
234	YOL112W	0.8926
235	YKL003C	0.89259
236	YLL066C	0.89244
237	YMR215W	0.89243
238	YNL044W	0.89239
239	YBR295W	0.89234
240	YLR277C	0.89231
241	YIL177C	0.89227
242	YKL004W	0.89226
243	YOL092W	0.89225
244	YHR012W	0.89214
245	YJL087C	0.89205
246	YLR241W	0.89199
247	YNL270C	0.89191
248	YHL040C	0.89188
249	YKL218C	0.89188
250	YKR068C	0.89188
251	YOR108W	0.89184
252	YNL021W	0.89179
253	YPL208W	0.89175
254	YJL225C	0.89167
255	YJL198W	0.89143
256	YAL030W	0.89123
257	YHR039C	0.89121
258	YJR095W	0.89121
259	YDR109C	0.89118
260	YBR126C	0.89109
261	YHL036W	0.89108
262	YPL133C	0.89094
263	YFR021W	0.89092
264	YNL222W	0.89092
265	YBR296C	0.89082
266	YML001W	0.8908
267	YGL252C	0.89079
268	YBR034C	0.89075
269	YMR034C	0.8904
270	YAR050W	0.8904
271	YOR291W	0.89037
272	YAL023C	0.89028
273	YNL099C	0.89024
274	YNL082W	0.89024
275	YLR343W	0.89011
276	YBR170C	0.89007
277	YKL107W	0.89
278	YLR213C	0.88997
279	YBR222C	0.88975
280	YDR291W	0.88962
281	YML123C	0.88961
282	YIL118W	0.88955
283	YDR058C	0.88952
284	YDR522C	0.88946
285	YDR129C	0.88946
286	YGR152C	0.88943
287	YER005W	0.88926
288	YJL045W	0.88925
289	YBR256C	0.8892
290	YPL235W	0.88915
291	YJL213W	0.88902
292	YEL064C	0.88901
293	YGL011C	0.88894
294	YLR253W	0.88878
295	YOL038W	0.88877
296	YPR003C	0.88877
297	YPR104C	0.88848
298	YNL101W	0.88847
299	YMR146C	0.88846
300	YEL063C	0.88845
301	YCR009C	0.88842
302	YMR241W	0.88837
303	YER177W	0.88837
304	YLR172C	0.88837
305	YGL091C	0.8883
306	YDR264C	0.88816
307	YPL265W	0.88814
308	YLR229C	0.88805
309	YIR023W	0.88802
310	YJL055W	0.888
311	YPR165W	0.88796
312	YKR042W	0.88789
313	YLR307W	0.88784
314	YJR107W	0.88772
315	YER007C-A	0.88766
316	YKR038C	0.88758
317	YMR120C	0.88757
318	YNL090W	0.88754
319	YGR210C	0.88751
320	YOR099W	0.8875
321	YBR286W	0.88741
322	YGR191W	0.88741
323	YPL246C	0.8874
324	YGL224C	0.88735
325	YGL119W	0.88734
326	YML121W	0.88733
327	YLR359W	0.8873
328	YKR106W	0.8872
329	YEL011W	0.88711
330	YBR164C	0.88705
331	YHR031C	0.88704
332	YCL073C	0.88698
333	YOR396W	0.88697
334	YDR545W	0.88697
335	YLR467W	0.88697
336	YEL041W	0.88695
337	YHR132C	0.88688
338	YFL041W	0.88679
339	YPL119C	0.88677
340	YNR034W	0.88674
341	YBL112C	0.88671
342	YHR218W-A	0.88671
343	YBR068C	0.88667
344	YJR153W	0.88655
345	YHR069C	0.88643
346	YJL001W	0.8864
347	YDR059C	0.8864
348	YKR039W	0.8864
349	YKR059W	0.88635
350	YJL218W	0.88632
351	YLR244C	0.88625
352	YPL169C	0.88621
353	YER119C	0.88618
354	YIR029W	0.88616
355	YAL067C	0.88615
356	YKL190W	0.88609
357	YER148W	0.88605
358	YIL008W	0.88605
359	YDR398W	0.88604
360	YPR032W	0.88604
361	YER056C	0.88602
362	YDR196C	0.88591
363	YNL106C	0.88589
364	YJR103W	0.88589
365	YBR082C	0.88586
366	YPR167C	0.88574
367	YKL210W	0.88568
368	YBL042C	0.88566
369	YJL171C	0.88561
370	YIR027C	0.88554
371	YMR062C	0.88547
372	YEL020C	0.88545
373	YNL142W	0.88545
374	YDL164C	0.88543
375	YGR100W	0.88531
376	YDL201W	0.88522
377	YLR181C	0.88522
378	YLL027W	0.88522
379	YDL086W	0.8852
380	YLR028C	0.88518
381	YNR002C	0.88518
382	YER027C	0.88515
383	YDR294C	0.88515
384	YER072W	0.88514
385	YNR070W	0.8851
386	YDL131W	0.8851
387	YJR144W	0.88506
388	YOR233W	0.88499
389	YKL001C	0.88497
390	YJL219W	0.88493
391	YBR162C	0.88491
392	YNR019W	0.88487
393	YHR096C	0.88482
394	YNL268W	0.8848
395	YGL167C	0.88475
396	YKR093W	0.88465
397	YDR111C	0.88459
398	YNL293W	0.88459
399	YJL060W	0.88457
400	YLR138W	0.88443
401	YKR056W	0.88443
402	YOR128C	0.88421
403	YJR148W	0.88421
404	YDL095W	0.88419
405	YJL214W	0.88417
406	YPR159W	0.88417
407	YIL116W	0.88416
408	YEL069C	0.88413
409	YFL011W	0.88411
410	YCL025C	0.88404
411	Q0085	0.88404
412	YPR131C	0.88401
413	YEL027W	0.88381
414	YLR137W	0.88375
415	YJL208C	0.88373
416	YER086W	0.88368
417	YGL251C	0.88365
418	YER090W	0.88358
419	YKR074W	0.88355
420	YNR072W	0.88353
421	YLR397C	0.88352
422	YPL266W	0.88351
423	YHR106W	0.88348
424	YLR014C	0.88346
425	YJL143W	0.88344
426	YCR073W-A	0.88334
427	YBR038W	0.88334
428	YMR200W	0.88326
429	YPL259C	0.88324
430	YKL211C	0.88318
431	YKL148C	0.88312
432	YLL061W	0.88311
433	YMR022W	0.88308
434	YML075C	0.88307
435	YBR015C	0.88307
436	YDR479C	0.88307
437	YBL061C	0.88299
438	YOR181W	0.88292
439	YKL035W	0.8829
440	YLR081W	0.88283
441	YJL093C	0.88276
442	YOL133W	0.88271
443	YHR135C	0.88268
444	YOL030W	0.88268
445	YOL125W	0.88267
446	YPL244C	0.88258
447	YPL274W	0.88257
448	YKR026C	0.88256
449	YIL009W	0.88256
450	YKR002W	0.88253
451	YFR028C	0.88253
452	YOL156W	0.88251
453	YHL047C	0.88249
454	YDR421W	0.88237
455	YIL170W	0.8823
456	YHR208W	0.88229
457	YPR081C	0.88227
458	YGL148W	0.88225
459	YOL021C	0.88222
460	YMR071C	0.88214
461	YOR307C	0.8821
462	YNL321W	0.8821
463	YJR024C	0.88201
464	YBR021W	0.882
465	YPR176C	0.88193
466	YPR173C	0.88191
467	YPL276W	0.88184
468	YKL027W	0.88183
469	YPL176C	0.88181
470	YHL008C	0.8818
471	YNL339C	0.88179
472	YGR296W	0.88177
473	YBR187W	0.88176
474	YPL283C	0.88176
475	YKL126W	0.88175
476	YNL287W	0.88175
477	YMR011W	0.88174
478	YER178W	0.88173
479	YFL038C	0.88171
480	YDR046C	0.88171
481	YKL166C	0.88165
482	YEL004W	0.88164
483	YBL105C	0.88162
484	YBR208C	0.88161
485	YBL017C	0.88159
486	YFL005W	0.88156
487	YIL003W	0.8815
488	YIL014W	0.8815
489	YBL067C	0.8815
490	YCR011C	0.88144
491	YER031C	0.88143
492	YKL196C	0.8814
493	YER183C	0.8814
494	YPR035W	0.88137
495	YOR217W	0.88127
496	YOL130W	0.88122
497	YJL005W	0.88118
498	YPL111W	0.88117
499	YPL264C	0.88112
500	YPL231W	0.88108
501	YLR193C	0.88108
502	YBR218C	0.88106
503	YFR044C	0.881
504	YDR304C	0.88097
505	YDL193W	0.88095
506	YGL164C	0.88081
507	YLR410W	0.88076
508	YJR143C	0.88061
509	YLR450W	0.88058
510	YLR047C	0.88051
511	YDL238C	0.88035
512	YBR200W	0.88029
513	YPL199C	0.88025
514	YBR087W	0.88024
515	YGR055W	0.88024
516	YJR156C	0.88022
517	YMR205C	0.88021
518	YLL055W	0.88019
519	YCR057C	0.88018
520	YER133W	0.88017
521	YHR029C	0.88012
522	YOR094W	0.88005
523	YMR266W	0.88005
524	YMR138W	0.88002
525	YPR002W	0.87998
526	YOL119C	0.87996
527	YOL115W	0.87994
528	YFL039C	0.87992
529	YDR540C	0.8799
530	YGL178W	0.87989
531	YDL036C	0.87986
532	YDL194W	0.87983
533	YBR298C	0.87983
534	YIR028W	0.87978
535	YAL009W	0.87978
536	YER152C	0.87974
537	YNR003C	0.87971
538	YGR155W	0.87971
539	YPR103W	0.87966
540	YDR415C	0.87964
541	YDR531W	0.87962
542	YGL002W	0.87959
543	YIL168W	0.87947
544	YLR286C	0.87947
545	YLR058C	0.87942
546	YNL231C	0.87942
547	YFR031C	0.8794
548	YDR452W	0.87939
549	YDL245C	0.87937
550	YOR095C	0.87935
551	YDR519W	0.87933
552	YKL193C	0.87929
553	YNL154C	0.87929
554	YDR402C	0.87926
555	YGR240C	0.87921
556	YER060W	0.8792
557	YBR198C	0.8792
558	YDL167C	0.87914
559	YPL051W	0.87911
560	YGR163W	0.8791
561	YBR088C	0.87907
562	YOR317W	0.87905
563	YJR160C	0.87904
564	YOR087W	0.87898
565	YLR382C	0.87894
566	YBL039C	0.87892
567	YLR433C	0.87891
568	YOR018W	0.87888
569	YHR094C	0.87876
570	YDL052C	0.87874
571	YCR072C	0.87871
572	YMR202W	0.87864
573	YJL183W	0.87862
574	YPL036W	0.87861
575	YIL105C	0.87857
576	YPR006C	0.87853
577	YKL144C	0.87853
578	YAL029C	0.87849
579	YML080W	0.87843
580	YDL243C	0.87837
581	YKR001C	0.87831
582	YBR220C	0.87831
583	YDR306C	0.87824
584	YBL091C	0.87822
585	YER026C	0.87816
586	YJR158W	0.87811
587	YDL244W	0.87811
588	YHR110W	0.87809
589	YER019W	0.87805
590	YJL042W	0.87802
591	YBR094W	0.87801
592	YDR075W	0.87797
593	YER060W-A	0.87793
594	YKL069W	0.87788
595	YOR151C	0.87785
596	YFL034C-B	0.87784
597	YBL011W	0.87782
598	YDR508C	0.8778
599	YKL184W	0.8778
600	YDL109C	0.87768
601	YDR038C	0.87765
602	YMR239C	0.87761
603	YNL332W	0.87761
604	YDR062W	0.8776
605	YDR013W	0.87758
606	YOL137W	0.87758
607	YDL247W	0.87754
608	YMR006C	0.87754
609	YNL200C	0.87749
610	YOR118W	0.87745
611	YGR199W	0.87744
612	YDR339C	0.8774
613	YIL162W	0.8774
614	YHR030C	0.87737
615	YDR342C	0.87732
616	YDL100C	0.87728
617	YKR072C	0.87722
618	YNL104C	0.8772
619	YIL064W	0.87717
620	YNL288W	0.87709
621	YER125W	0.87705
622	YCR053W	0.87703
623	YFL058W	0.877
624	YGL062W	0.87697
625	YDR035W	0.87691
626	YJL222W	0.87691
627	YDR346C	0.87673
628	YDL166C	0.87672
629	YNR048W	0.87669
630	YIL173W	0.87669
631	YOR101W	0.87666
632	YIL001W	0.87666
633	YMR301C	0.87666
634	YJL200C	0.87665
635	YNL192W	0.87664
636	YJL155C	0.87662
637	YPR137W	0.87659
638	YBR073W	0.87657
639	YDR039C	0.87646
640	YCL048W	0.87644
641	YHR112C	0.87641
642	YML116W	0.87641
643	YNL223W	0.87633
644	YOR004W	0.87633
645	YGR094W	0.87631
646	YLR203C	0.87629
647	YOR204W	0.87628
648	YNR032C-A	0.87623
649	YMR305C	0.87617
650	YHR092C	0.87612
651	YML012W	0.87603
652	YDR343C	0.87602
653	YDL137W	0.876
654	YJR015W	0.87599
655	YGL186C	0.87598
656	YNL010W	0.87594
657	YMR108W	0.8759
658	YBL078C	0.87589
659	YOR192C	0.87589
660	YJL134W	0.87588
661	YLR060W	0.87582
662	YLL006W	0.87581
663	YGL028C	0.8758
664	YCR028C	0.87574
665	YGR289C	0.87573
666	YDL155W	0.87571
667	YMR279C	0.87569
668	YKL113C	0.87566
669	YCR061W	0.8756
670	YJR057W	0.87557
671	YLR304C	0.87556
672	YMR253C	0.87553
673	YBL057C	0.8755
674	YJR131W	0.87543
675	YOR001W	0.8754
676	YOL080C	0.87536
677	YPL190C	0.87535
678	YPL227C	0.87534
679	YOR054C	0.87534
680	YGL006W	0.87534
681	YDR539W	0.87533
682	YOR351C	0.87532
683	YHR091C	0.87532
684	YCR027C	0.87531
685	YLR438W	0.87529
686	YBL007C	0.87518
687	YPL006W	0.87512
688	YHR003C	0.87509
689	YCR094W	0.87506
690	YLR289W	0.87505
691	YHR002W	0.87505
692	YKL197C	0.87502
693	YER020W	0.87501
694	YFL050C	0.875
695	YOR358W	0.87497
696	YNR008W	0.87494
697	YIL121W	0.8749
698	YPR183W	0.87487
699	YGR060W	0.87486
700	YAR042W	0.87479
701	YKL078W	0.87478
702	YPL183C	0.87477
703	YOR306C	0.87475
704	YML035C	0.87466
705	YDL207W	0.87466
706	YLR285W	0.87462
707	YLR245C	0.87462
708	YBL056W	0.87459
709	YOR155C	0.87456
710	YMR113W	0.87456
711	YLR345W	0.87455
712	YMR167W	0.87452
713	YNL275W	0.8745
714	YLR056W	0.87446
715	YJL125C	0.87443
716	YPR056W	0.87431
717	YDL138W	0.87428
718	YBR243C	0.87427
719	YLR237W	0.87427
720	YML008C	0.87423
721	YPL093W	0.87421
722	YOR071C	0.87415
723	YML005W	0.87414
724	YFL056C	0.87409
725	YBL101C	0.87408
726	YGR019W	0.87405
727	YIL015W	0.87404
728	YIR002C	0.87403
729	YDL182W	0.87397
730	YDR497C	0.87397
731	YDR397C	0.87396
732	YIL120W	0.87392
733	YKL039W	0.87377
734	YJL008C	0.87376
735	YGR001C	0.87374
736	YOR131C	0.87373
737	YPL245W	0.87373
738	YPR033C	0.87373
739	YMR178W	0.87372
740	YPL224C	0.87371
741	YLR195C	0.87368
742	YHL039W	0.87366
743	YCR010C	0.87363
744	YGL120C	0.87362
745	YNL331C	0.87359
746	YEL030W	0.87358
747	YPL194W	0.87355
748	YFR022W	0.87353
749	YCR084C	0.87343
750	YER089C	0.8734
751	YDR040C	0.87339
752	YHR028C	0.87334
753	YGL144C	0.8733
754	YOR321W	0.87328
755	YBR085W	0.87325
756	YOR202W	0.87324
757	YMR224C	0.87318
758	YOR348C	0.87317
759	YNR012W	0.87315
760	YOL163W	0.87309
761	YDR214W	0.87308
762	YGL202W	0.87304
763	YJL041W	0.87302
764	YIL039W	0.873
765	YDR167W	0.87293
766	YBR020W	0.87288
767	YHR026W	0.87283
768	YKL059C	0.87279
769	YNL229C	0.87279
770	YGR024C	0.87272
771	YJL033W	0.87271
772	YNR055C	0.87267
773	YNR067C	0.87265
774	YDR055W	0.87262
775	YKL064W	0.87258
776	YKL161C	0.87253
777	YLR355C	0.87253
778	YOR046C	0.87252
779	YDR324C	0.87243
780	YMR054W	0.87236
781	YBR264C	0.87232
782	YHR005C	0.87231
783	YDL140C	0.87226
784	YEL046C	0.87226
785	YDL047W	0.87221
786	YAL042W	0.8722
787	YLR361C	0.87218
788	YLR308W	0.87217
789	YDR440W	0.87216
790	YDR293C	0.87214
791	YDL046W	0.8721
792	YMR056C	0.87209
793	YLR231C	0.87205
794	YLR357W	0.87204
795	YBL036C	0.87193
796	YML082W	0.87188
797	YPL153C	0.87184
798	YML086C	0.8718
799	YIL109C	0.87179
800	YBR237W	0.87178
801	YBR205W	0.87176
802	YPR124W	0.87175
803	YFR006W	0.87169
804	YDR483W	0.87168
805	YHR027C	0.87168
806	YHR032W	0.87165
807	Q0250	0.87161
808	YPL122C	0.87159
809	YGL008C	0.87155
810	YKL033W-A	0.87153
811	YHR025W	0.87146
812	YOL023W	0.87143
813	YGR048W	0.8714
814	YNL330C	0.87139
815	YDR404C	0.87135
816	YJR152W	0.87134
817	YHR057C	0.8713
818	YOR311C	0.87124
819	YBR069C	0.87119
820	YIR039C	0.87112
821	YDR345C	0.8711
822	YPR157W	0.87109
823	YPR110C	0.87107
824	YOL001W	0.87107
825	YNL088W	0.87105
826	YNL194C	0.87105
827	YIL095W	0.87103
828	YOL090W	0.87101
829	YOR262W	0.871
830	YDL128W	0.871
831	YER015W	0.87099
832	YDR074W	0.87097
833	YGL194C	0.87097
834	YBR160W	0.87085
835	YML069W	0.87084
836	YMR285C	0.87082
837	YLR411W	0.87076
838	YKR097W	0.87076
839	YBR035C	0.87074
840	YGR282C	0.87069
841	YPR051W	0.87068
842	YLR144C	0.87063
843	YBL089W	0.87063
844	YPL110C	0.87063
845	YBR046C	0.87057
846	YLR170C	0.87056
847	YGL201C	0.87055
848	YML038C	0.87053
849	YKL120W	0.87043
850	YGR185C	0.87039
851	YMR288W	0.87036
852	YMR246W	0.8703
853	YAL054C	0.87028
854	YLR070C	0.8702
855	YML106W	0.87007
856	YLL001W	0.87007
857	YDR135C	0.87005
858	YBR207W	0.87005
859	YPR025C	0.86998
860	YLR427W	0.86998
861	YOL002C	0.86992
862	YKR013W	0.86992
863	YCR107W	0.86986
864	YNL299W	0.86983
865	YBR011C	0.86978
866	YJL014W	0.86977
867	YGL017W	0.86974
868	YMR155W	0.8696
869	YDL174C	0.86959
870	YNL202W	0.86959
871	YLR209C	0.86954
872	YBR234C	0.86953
873	YJL035C	0.86948
874	YMR300C	0.86947
875	YMR307W	0.86946
876	YOL034W	0.86943
877	YJR124C	0.86929
878	YNL108C	0.86924
879	YOR347C	0.86922
880	YBR029C	0.86919
881	YJR025C	0.86917
882	YHR111W	0.86909
883	YDR270W	0.86904
884	YPL058C	0.86903
885	YJL212C	0.86902
886	YEL058W	0.86898
887	YML092C	0.86897
888	YCL030C	0.86897
889	YDR120C	0.86896
890	YMR217W	0.86894
891	YBR291C	0.86889
892	YIL108W	0.86888
893	YDR007W	0.86885
894	YHR181W	0.8688
895	YPR182W	0.86879
896	YIL103W	0.86879
897	YOR384W	0.86878
898	YHL011C	0.86868
899	YLR146C	0.86868
900	YIL160C	0.86866
901	YIL067C	0.86864
902	YGL050W	0.86861
903	YKR104W	0.8686
904	YDR514C	0.86859
905	YAL060W	0.86859
906	YLR214W	0.86858
907	YMR236W	0.86856
908	YOR236W	0.86855
909	YCL010C	0.86854
910	YDR373W	0.86854
911	YLR377C	0.86853
912	YER143W	0.86852
913	YDR083W	0.86849
914	YMR250W	0.86845
915	YGR143W	0.86842
916	YDR041W	0.86842
917	YOL157C	0.8684
918	YJL068C	0.86839
919	YHR042W	0.86837
920	YJL164C	0.86836
921	YML057W	0.86832
922	YER066W	0.86831
923	YLR274W	0.86829
924	YHR161C	0.86829
925	YGR175C	0.86827
926	YOL158C	0.86823
927	YDR191W	0.86822
928	YNL040W	0.8682
929	YOR168W	0.86818
930	YER013W	0.86816
931	YKL216W	0.86808
932	YKL073W	0.86804
933	YOR196C	0.86803
934	YLR186W	0.86802
935	YGR268C	0.86802
936	YMR220W	0.86799
937	YDR158W	0.86799
938	YMR304W	0.86794
939	YLR059C	0.86793
940	YCR067C	0.86786
941	YKL024C	0.86782
942	YIL172C	0.86781
943	YJL221C	0.86781
944	YER136W	0.86776
945	YCR023C	0.86775
946	YOR052C	0.86775
947	YMR083W	0.86773
948	YJL129C	0.8677
949	YLR452C	0.86765
950	YBR143C	0.86761
951	YPL008W	0.86759
952	YCR002C	0.86759
953	YHR194W	0.86757
954	YER166W	0.86753
955	YDL222C	0.86752
956	YDR477W	0.86746
957	YLR208W	0.86738
958	YPR201W	0.86737
959	YMR238W	0.86736
960	YFL025C	0.86723
961	YMR123W	0.86717
962	YMR262W	0.86715
963	YOR390W	0.86713
964	YOL151W	0.86708
965	YNL189W	0.86705
966	YHR205W	0.86703
967	YIL010W	0.86701
968	YDL019C	0.867
969	YCL018W	0.86697
970	YNR053C	0.86693
971	YKL213C	0.86693
972	YDR380W	0.86686
973	YDL188C	0.86682
974	YER099C	0.8668
975	YER172C	0.86676
976	YOL010W	0.86664
977	YJR054W	0.86663
978	YBR006W	0.86662
979	YKR051W	0.86661
980	YJL167W	0.86659
981	YLR210W	0.86657
982	YKR055W	0.86654
983	YGR264C	0.86653
984	YGL181W	0.86648
985	YJR073C	0.86647
986	YLR243W	0.86644
987	YOR154W	0.86634
988	YKL119C	0.86628
989	YKR024C	0.86623
990	YBL029C-A	0.86618
991	YGL026C	0.86615
992	YOR110W	0.86612
993	YNR020C	0.8661
994	YJR032W	0.86604
995	YNL325C	0.86597
996	YGR246C	0.86594
997	YOR250C	0.86591
998	YKL191W	0.86589
999	YDR037W	0.86587
1000	YLR412W	0.86584
1001	YGL047W	0.86582
1002	YJR151C	0.86582
1003	YHR200W	0.8658
1004	YGR279C	0.86577
1005	YDR465C	0.86576
1006	YDL007W	0.86575
1007	YDL160C	0.86573
1008	YJR116W	0.86571
1009	YNL118C	0.86566
1010	YPL279C	0.8656
1011	YJL094C	0.86556
1012	YNL238W	0.86549
1013	YFL057C	0.86548
1014	YIL050W	0.86542
1015	YLR438C-A	0.8654
1016	YJR155W	0.86537
1017	YLR446W	0.86532
1018	YDR332W	0.86531
1019	YNL251C	0.86528
1020	YFR055W	0.86524
1021	YDR238C	0.86523
1022	YOL103W	0.86521
1023	YGR065C	0.86519
1024	YFR027W	0.86515
1025	YHR108W	0.86512
1026	YBR127C	0.86512
1027	YEL052W	0.86509
1028	Q0130	0.86506
1029	YNR056C	0.86505
1030	YPL234C	0.86494
1031	YDL103C	0.86493
1032	YNL141W	0.86491
1033	YGL130W	0.86491
1034	YPR186C	0.86488
1035	YNL098C	0.86486
1036	YDR516C	0.86482
1037	YPR193C	0.8648
1038	YNL016W	0.86477
1039	YHR037W	0.86471
1040	YOL020W	0.8647
1041	YDR140W	0.86469
1042	YML021C	0.86468
1043	YNL112W	0.86468
1044	YDL104C	0.86465
1045	YKR067W	0.86464
1046	YDL097C	0.86464
1047	YNR060W	0.86463
1048	YDR211W	0.86461
1049	YDR392W	0.86459
1050	YJL030W	0.86457
1051	YML072C	0.86456
1052	YDL178W	0.86454
1053	YMR269W	0.86451
1054	YDR338C	0.8645
1055	YLR083C	0.86446
1056	YDR328C	0.86446
1057	YGR200C	0.86443
1058	YFR010W	0.86442
1059	YLR153C	0.86438
1060	YLR398C	0.86437
1061	YPR047W	0.86437
1062	YDL134C	0.86426
1063	YHR009C	0.86422
1064	YGR124W	0.86421
1065	YOL009C	0.8642
1066	YHR047C	0.8642
1067	YAR018C	0.86419
1068	YPR119W	0.86418
1069	YGR135W	0.86418
1070	YGR287C	0.86415
1071	YOL129W	0.8641
1072	YBL068W	0.86409
1073	YHL017W	0.86408
1074	YLR023C	0.86403
1075	YDR378C	0.86401
1076	YKR088C	0.86393
1077	YGL196W	0.86393
1078	YPR145W	0.86391
1079	YLR369W	0.86387
1080	YDL192W	0.86386
1081	YDL017W	0.86382
1082	YKR053C	0.86378
1083	YIL145C	0.86372
1084	YLR429W	0.86371
1085	YLL058W	0.8637
1086	YPL116W	0.86369
1087	YLR020C	0.86363
1088	YMR290C	0.86361
1089	YHR175W	0.86358
1090	YER059W	0.86356
1091	YDR173C	0.86352
1092	YGL012W	0.86352
1093	YNL241C	0.86345
1094	YLR008C	0.86341
1095	YPR118W	0.86329
1096	YFL045C	0.86329
1097	YBR117C	0.86323
1098	YGL045W	0.86323
1099	YBR003W	0.8632
1100	YAR015W	0.86318
1101	YLR089C	0.86316
1102	YGR083C	0.86314
1103	YDR182W	0.86311
1104	YLL029W	0.86311
1105	YPR172W	0.86306
1106	YOR161C	0.86303
1107	YOR132W	0.86299
1108	YAL033W	0.86299
1109	YLR386W	0.86292
1110	YPR113W	0.86292
1111	YMR296C	0.86286
1112	YJR098C	0.86284
1113	YHR190W	0.8628
1114	YHR043C	0.86271
1115	YDL168W	0.86271
1116	YLR326W	0.8627
1117	YPL195W	0.86266
1118	YDL125C	0.86263
1119	YLR447C	0.86263
1120	YER185W	0.86262
1121	YGR087C	0.86259
1122	YIR022W	0.86259
1123	YPL154C	0.86258
1124	YHR044C	0.86257
1125	YCR105W	0.86255
1126	YKR062W	0.86254
1127	YKL046C	0.86254
1128	YBR078W	0.86253
1129	YOR057W	0.86252
1130	YNL049C	0.86251
1131	YMR079W	0.8625
1132	YBR061C	0.86249
1133	YMR322C	0.86248
1134	YER006W	0.86246
1135	YDR142C	0.86244
1136	YLR262C	0.86241
1137	YCL064C	0.86239
1138	YLR399C	0.86237
1139	YPL129W	0.86235
1140	YGL200C	0.86234
1141	YNR043W	0.86234
1142	YHL050C	0.86227
1143	YBR241C	0.86227
1144	YDR093W	0.86224
1145	YCR045C	0.86214
1146	YDL205C	0.86208
1147	YPL280W	0.86207
1148	YDR393W	0.86207
1149	YOL064C	0.86202
1150	YMR001C	0.86201
1151	YJR061W	0.86197
1152	YIR042C	0.86194
1153	YER098W	0.86192
1154	YPR054W	0.86188
1155	YDR541C	0.86187
1156	YPR181C	0.8618
1157	YNL298W	0.8617
1158	YCR005C	0.8617
1159	YDR287W	0.86161
1160	YBL030C	0.8616
1161	YNL272C	0.86152
1162	YDR280W	0.86151
1163	YMR104C	0.86145
1164	YNL207W	0.86145
1165	YER049W	0.86144
1166	YBR058C	0.86143
1167	YGL156W	0.86142
1168	YCR100C	0.86141
1169	YDR132C	0.86137
1170	YDR162C	0.86133
1171	YOR074C	0.86131
1172	YAL036C	0.86129
1173	YPL030W	0.86129
1174	YOR243C	0.86129
1175	YBR245C	0.86129
1176	YKL201C	0.86125
1177	YOR323C	0.86122
1178	YNL113W	0.86118
1179	YCL032W	0.86113
1180	YOL097C	0.8611
1181	YFR053C	0.8611
1182	YIL046W	0.86109
1183	YLL018C	0.86095
1184	YFL009W	0.86087
1185	YJL088W	0.86082
1186	YGL022W	0.8608
1187	YLR117C	0.8608
1188	YOR391C	0.86078
1189	YKL215C	0.86077
1190	YIR031C	0.86075
1191	YEL002C	0.86074
1192	YOL124C	0.86071
1193	YJL002C	0.86069
1194	YJL163C	0.86068
1195	YHR164C	0.86067
1196	YBR074W	0.86064
1197	YGR172C	0.86059
1198	YER009W	0.86057
1199	YBR263W	0.8605
1200	YGL143C	0.86045
1201	YDR047W	0.86045
1202	YML056C	0.86044
1203	YDR033W	0.8604
1204	YHR178W	0.86039
1205	YOR388C	0.86036
1206	YMR203W	0.86029
1207	YGR141W	0.86027
1208	YBR121C	0.86026
1209	YDR353W	0.86024
1210	YHR129C	0.8602
1211	YLR004C	0.86016
1212	YBR249C	0.86012
1213	YOR142W	0.86011
1214	YEL051W	0.8601
1215	YMR004W	0.86004
1216	YOR172W	0.86003
1217	YOR011W	0.85999
1218	YKR018C	0.85999
1219	YCL040W	0.85999
1220	YHR202W	0.85994
1221	YMR228W	0.85993
1222	YOR239W	0.85992
1223	YNR058W	0.85988
1224	YDR160W	0.85988
1225	YDR438W	0.85985
1226	YOR381W	0.85982
1227	YDR282C	0.85979
1228	YLR432W	0.85976
1229	YOR283W	0.85975
1230	YNR015W	0.85971
1231	YDL108W	0.8597
1232	YER162C	0.8597
1233	YDR292C	0.85969
1234	YBR248C	0.85966
1235	YOR070C	0.85964
1236	YPR140W	0.85962
1237	YOR025W	0.85961
1238	YHR046C	0.8596
1239	YBR002C	0.85959
1240	YGR213C	0.85959
1241	YFL001W	0.85946
1242	YGL056C	0.85946
1243	YMR177W	0.85943
1244	YIR026C	0.85938
1245	YNL264C	0.85937
1246	YNL032W	0.85933
1247	YGL039W	0.85933
1248	YPL010W	0.85932
1249	YOR209C	0.8593
1250	YGL232W	0.85925
1251	YDR456W	0.85923
1252	YDL177C	0.85923
1253	YLL050C	0.85918
1254	YGL001C	0.85917
1255	YOR256C	0.85914
1256	YDR257C	0.85914
1257	YIL113W	0.85909
1258	YFR005C	0.85906
1259	YGR012W	0.85905
1260	YBR008C	0.85902
1261	YBR106W	0.85901
1262	YLR270W	0.85895
1263	YGL243W	0.85892
1264	YBR019C	0.85891
1265	YPR062W	0.85887
1266	YOR322C	0.85884
1267	YDR097C	0.85884
1268	YBL040C	0.85884
1269	YBL019W	0.85881
1270	YOL084W	0.85877
1271	YDR263C	0.85876
1272	YGR288W	0.85875
1273	YGL253W	0.85875
1274	YPL032C	0.85862
1275	YLR129W	0.85852
1276	YGR292W	0.85852
1277	YMR085W	0.85837
1278	YPL031C	0.85836
1279	YIL063C	0.85834
1280	YCR059C	0.85833
1281	YDL033C	0.85832
1282	YMR162C	0.85831
1283	YJL186W	0.85831
1284	YDR165W	0.85827
1285	YPL140C	0.85826
1286	YDR459C	0.85822
1287	YBR299W	0.85821
1288	YJL160C	0.85819
1289	YBR111C	0.85818
1290	YAL022C	0.85812
1291	YJR125C	0.85812
1292	YPL157W	0.8581
1293	YBR060C	0.85809
1294	YBL018C	0.85808
1295	YLR114C	0.85805
1296	YNL138W	0.85804
1297	YFR004W	0.85797
1298	YPR120C	0.85796
1299	YLR133W	0.85787
1300	YGR007W	0.85783
1301	YNL169C	0.85782
1302	YOR163W	0.85781
1303	YAL048C	0.85779
1304	YKL178C	0.85773
1305	YBL075C	0.85768
1306	YMR201C	0.85766
1307	YHR024C	0.85764
1308	YIL169C	0.8576
1309	YIL110W	0.85758
1310	YNL323W	0.85755
1311	YHR216W	0.85753
1312	YKL151C	0.85751
1313	YBR139W	0.8575
1314	YLR409C	0.85745
1315	YIL107C	0.85744
1316	YER176W	0.85741
1317	YNL094W	0.85738
1318	YDL144C	0.85737
1319	YMR297W	0.85736
1320	YNR016C	0.85736
1321	YOR274W	0.85732
1322	YJL168C	0.85732
1323	YBR096W	0.85732
1324	YBR159W	0.85731
1325	YPL015C	0.85727
1326	YPL226W	0.85727
1327	YBR271W	0.85725
1328	YIR019C	0.85725
1329	YPR179C	0.85725
1330	YJR040W	0.85716
1331	YFL034W	0.85715
1332	YOL113W	0.85714
1333	YGR261C	0.85712
1334	YOR339C	0.85711
1335	YNL025C	0.8571
1336	YDR492W	0.8571
1337	YKL157W	0.85708
1338	YPL082C	0.85704
1339	YER165W	0.85701
1340	YIL099W	0.85699
1341	YKL182W	0.85696
1342	YOR048C	0.85696
1343	YAR073W	0.85695
1344	YPL203W	0.85693
1345	YDR023W	0.85693
1346	YER159C	0.85692
1347	YNL306W	0.85688
1348	YPL152W	0.85688
1349	YIR032C	0.85686
1350	YMR166C	0.85684
1351	YGR241C	0.85677
1352	YER175C	0.85673
1353	YIL083C	0.85671
1354	YPL012W	0.85671
1355	YLR225C	0.8567
1356	YPR128C	0.85669
1357	YJL174W	0.85667
1358	YBR242W	0.85653
1359	YNR064C	0.8565
1360	YNL061W	0.85642
1361	YNL093W	0.85642
1362	YMR323W	0.85639
1363	YCR035C	0.85636
1364	YLR303W	0.85635
1365	YJL139C	0.8563
1366	YPL281C	0.85629
1367	YOR393W	0.85629
1368	YGR218W	0.85629
1369	YOL114C	0.85629
1370	YNL168C	0.85626
1371	YOR362C	0.85623
1372	YGR208W	0.85623
1373	YMR102C	0.85621
1374	YOR173W	0.85611
1375	YOL153C	0.85608
1376	Q0065	0.85604
1377	YMR196W	0.85601
1378	YLL057C	0.85592
1379	YLR108C	0.85588
1380	YNL130C	0.8558
1381	YNL237W	0.85572
1382	YLR284C	0.85572
1383	YNL023C	0.85571
1384	YOR008C	0.85569
1385	YFR024C-A	0.85563
1386	YMR078C	0.8556
1387	YHL003C	0.85558
1388	YDL093W	0.85556
1389	YGL173C	0.85555
1390	YOL016C	0.85554
1391	YKL114C	0.85552
1392	YHR018C	0.85552
1393	YJL079C	0.85551
1394	YGR093W	0.85549
1395	YBR023C	0.85547
1396	YML124C	0.85545
1397	YDL215C	0.85544
1398	YER164W	0.85544
1399	YOR175C	0.85542
1400	YOR216C	0.85534
1401	YMR165C	0.85523
1402	YOR374W	0.85515
1403	YPR073C	0.85515
1404	YNL243W	0.85513
1405	YGR281W	0.85509
1406	YGR119C	0.85503
1407	YDL035C	0.85502
1408	YGL055W	0.85501
1409	YGR231C	0.855
1410	YFL052W	0.85494
1411	YLR337C	0.8549
1412	YKL222C	0.8549
1413	YML102W	0.85488
1414	YNL155W	0.85487
1415	YKL217W	0.85485
1416	YGR238C	0.85483
1417	YOR304W	0.8548
1418	YBR196C	0.85479
1419	YKL220C	0.85477
1420	YBR062C	0.85475
1421	YBR254C	0.85469
1422	YFR015C	0.85466
1423	YOL126C	0.85458
1424	YGL163C	0.85457
1425	YER003C	0.85454
1426	YMR210W	0.85448
1427	YDL159W	0.85447
1428	YDR498C	0.85444
1429	YNR017W	0.85444
1430	YFL008W	0.85443
1431	YOL075C	0.85443
1432	YER123W	0.85443
1433	YKL175W	0.85442
1434	YNR011C	0.8544
1435	YOR005C	0.85437
1436	YHR115C	0.85436
1437	YJL216C	0.85435
1438	YNL175C	0.85433
1439	YNL274C	0.85433
1440	YBR273C	0.85429
1441	YGR043C	0.85424
1442	YMR319C	0.85424
1443	YML061C	0.85422
1444	YDR127W	0.85417
1445	YNR027W	0.85411
1446	YJL074C	0.85408
1447	YFR025C	0.85408
1448	YAL039C	0.85406
1449	YJR052W	0.85406
1450	YPR180W	0.85405
1451	YHR019C	0.854
1452	YPL117C	0.854
1453	YLR291C	0.85399
1454	YPL113C	0.85396
1455	YML070W	0.85395
1456	YMR049C	0.85388
1457	YPR160W	0.85386
1458	YFL042C	0.85384
1459	YBR054W	0.85379
1460	YMR101C	0.85379
1461	YLL056C	0.85375
1462	YDL141W	0.85371
1463	YIL164C	0.85369
1464	YNL206C	0.85363
1465	YNL312W	0.85363
1466	YJL172W	0.85354
1467	YOL141W	0.85348
1468	YOL165C	0.85346
1469	YDR009W	0.8534
1470	YBR199W	0.85338
1471	YNR069C	0.85336
1472	YML078W	0.85333
1473	YNR046W	0.8533
1474	YER016W	0.85329
1475	YCL054W	0.85327
1476	YLR272C	0.85326
1477	YNL063W	0.85323
1478	YPR184W	0.85321
1479	YGR217W	0.85321
1480	YDR060W	0.8532
1481	YPR107C	0.85317
1482	YLR371W	0.85315
1483	YAL001C	0.85315
1484	YNL047C	0.85311
1485	YBR227C	0.85309
1486	YBR103W	0.85301
1487	YGL207W	0.85301
1488	YPL164C	0.85295
1489	YOR340C	0.85295
1490	YGL068W	0.85293
1491	YOR007C	0.85286
1492	YDR145W	0.85285
1493	YHR215W	0.85284
1494	YML126C	0.85284
1495	YDL212W	0.85281
1496	YDR349C	0.8528
1497	YLR384C	0.85278
1498	YDR170C	0.85277
1499	YBR145W	0.85275
1500	YMR038C	0.85274
1501	YLR155C	0.85266
1502	YLR158C	0.85266
1503	YLR157C	0.85266
1504	YLR160C	0.85266
1505	YER065C	0.85265
1506	YKR069W	0.85263
1507	YPL145C	0.85259
1508	YHL004W	0.85256
1509	YBR042C	0.85255
1510	YAR071W	0.85254
1511	YBL098W	0.85254
1512	YIL053W	0.85236
1513	YGR224W	0.85235
1514	YML067C	0.85232
1515	YIL002C	0.85229
1516	YLR105C	0.85229
1517	YHR148W	0.85228
1518	YGR271W	0.85225
1519	YML097C	0.85225
1520	YLR318W	0.85218
1521	YLR027C	0.85215
1522	YLR306W	0.85211
1523	YLR143W	0.85207
1524	YLL012W	0.85205
1525	YFL044C	0.85201
1526	YKL221W	0.85199
1527	YPL088W	0.85197
1528	YAL061W	0.85197
1529	YHR151C	0.85191
1530	YPL046C	0.85191
1531	YBR236C	0.85185
1532	YHR107C	0.85183
1533	YOR038C	0.85183
1534	YNL124W	0.85182
1535	YHR123W	0.85181
1536	YDR128W	0.85179
1537	YMR271C	0.85178
1538	YGL179C	0.85175
1539	YGR029W	0.85175
1540	YGR253C	0.85174
1541	YHR187W	0.85172
1542	YNL014W	0.85169
1543	YOR219C	0.85168
1544	YDR388W	0.85167
1545	YGR276C	0.85164
1546	YIR006C	0.85163
1547	YFR014C	0.85161
1548	YLR389C	0.85159
1549	YPL141C	0.85159
1550	YKL022C	0.85155
1551	YDL080C	0.85154
1552	YOR090C	0.85153
1553	YMR150C	0.85153
1554	YMR261C	0.85151
1555	YCL045C	0.85151
1556	YJL165C	0.85151
1557	YOR049C	0.85146
1558	YJR077C	0.85145
1559	Q0120	0.85144
1560	YHR134W	0.85139
1561	YGR195W	0.85136
1562	YOL062C	0.85133
1563	YKL174C	0.8513
1564	YIL013C	0.85128
1565	YBL023C	0.85127
1566	YLR401C	0.85125
1567	YPL212C	0.85123
1568	YLR069C	0.85122
1569	YOR353C	0.85119
1570	YGL140C	0.85119
1571	YOR212W	0.85115
1572	YPL101W	0.85114
1573	YLR259C	0.85114
1574	YLR086W	0.85113
1575	YIL075C	0.85113
1576	YOR162C	0.85111
1577	YJR008W	0.8511
1578	YOR258W	0.85106
1579	YGL234W	0.85103
1580	YLR222C	0.85103
1581	YDR208W	0.85102
1582	YIL150C	0.851
1583	YJR075W	0.85093
1584	YDR358W	0.85091
1585	YKR009C	0.8509
1586	YPR091C	0.85089
1587	YMR027W	0.85089
1588	YNL163C	0.85088
1589	YMR105C	0.85087
1590	YEL071W	0.85084
1591	YDR189W	0.85083
1592	YDR185C	0.85077
1593	YNL037C	0.85074
1594	YFR030W	0.85073
1595	YLL009C	0.8507
1596	YIL033C	0.85065
1597	YGL044C	0.85057
1598	YOR027W	0.85056
1599	YBR293W	0.85054
1600	YPL137C	0.85053
1601	YPR017C	0.85052
1602	YDL101C	0.85051
1603	YOR335C	0.85049
1604	YNL255C	0.85048
1605	YFR009W	0.85042
1606	YMR041C	0.85041
1607	YKL135C	0.85037
1608	YNL117W	0.85036
1609	YJR076C	0.85035
1610	YLR383W	0.85034
1611	YDR362C	0.85034
1612	YKL127W	0.85033
1613	YGR244C	0.85028
1614	YNL065W	0.85028
1615	YMR194C-B	0.85026
1616	YML054C	0.8502
1617	YKL051W	0.85016
1618	YMR063W	0.85015
1619	YOR231W	0.85014
1620	YDR403W	0.85009
1621	YDR419W	0.85009
1622	YOL065C	0.85008
1623	YNL256W	0.85
1624	YER017C	0.84997
1625	YHR064C	0.84994
1626	YBR115C	0.84991
1627	YCL038C	0.8499
1628	YHR158C	0.84987
1629	YDR336W	0.84985
1630	YLR088W	0.84985
1631	YNR032W	0.84984
1632	YMR275C	0.84982
1633	YIL043C	0.84978
1634	YDL240W	0.84978
1635	YDR400W	0.84977
1636	YBL001C	0.84977
1637	YNL022C	0.84974
1638	YDR325W	0.8497
1639	YDR177W	0.84968
1640	YMR278W	0.84966
1641	YMR314W	0.84958
1642	YGR170W	0.84956
1643	YGR277C	0.84956
1644	YNR052C	0.84954
1645	YFL048C	0.84942
1646	YIL094C	0.84942
1647	YHR016C	0.8494
1648	YDL057W	0.8494
1649	YFR051C	0.84935
1650	YPR086W	0.84933
1651	YOR056C	0.84932
1652	YPL214C	0.8493
1653	YBR192W	0.84929
1654	YEL032W	0.84927
1655	YCR030C	0.84925
1656	YMR009W	0.84924
1657	YDR523C	0.84923
1658	YLR183C	0.84923
1659	YIL124W	0.84922
1660	YBR137W	0.8492
1661	YOR273C	0.84918
1662	YNL087W	0.84908
1663	YLR405W	0.84908
1664	YNL102W	0.84907
1665	YKR105C	0.84907
1666	YKL087C	0.84902
1667	YGR194C	0.84902
1668	YDR092W	0.84901
1669	YCR044C	0.84901
1670	YOR039W	0.849
1671	YPL091W	0.84899
1672	YDL236W	0.84898
1673	YNL267W	0.84894
1674	YMR303C	0.84891
1675	YBR018C	0.84889
1676	YGL084C	0.84886
1677	YKR043C	0.84885
1678	YGL221C	0.84885
1679	YOR344C	0.84884
1680	YLL048C	0.84876
1681	YPL128C	0.84876
1682	YOR034C	0.84873
1683	YPL092W	0.84873
1684	YNL056W	0.84872
1685	YFR007W	0.84872
1686	YGR181W	0.84869
1687	YBR176W	0.84857
1688	YNL071W	0.84855
1689	YAL005C	0.84855
1690	YOR100C	0.84847
1691	YPL206C	0.84846
1692	YJR100C	0.84844
1693	YGL003C	0.84844
1694	YDR420W	0.84843
1695	YBR037C	0.84841
1696	YPR088C	0.8484
1697	YOL052C	0.84838
1698	YDR107C	0.84838
1699	YCR096C	0.84835
1700	YPR041W	0.84835
1701	YKL181W	0.84833
1702	YLR168C	0.84829
1703	YJR045C	0.84825
1704	YHR075C	0.84818
1705	YHR142W	0.84816
1706	YOR246C	0.84814
1707	YHR089C	0.84811
1708	YOL155C	0.84801
1709	YJL178C	0.84799
1710	YPL061W	0.84798
1711	YIL147C	0.84796
1712	YBR093C	0.84795
1713	YHR084W	0.84792
1714	YNL186W	0.84791
1715	YMR033W	0.84791
1716	YGL097W	0.8479
1717	YGL027C	0.84785
1718	YPR024W	0.84783
1719	YHR113W	0.8478
1720	YGL099W	0.84775
1721	YJL121C	0.84771
1722	YPL268W	0.84767
1723	YML111W	0.84762
1724	YAL012W	0.84761
1725	YLR003C	0.8476
1726	YGR266W	0.8476
1727	YOR141C	0.84754
1728	YFL036W	0.84751
1729	YER053C	0.8475
1730	YDL147W	0.84749
1731	YFL054C	0.84745
1732	YLR300W	0.84741
1733	YDR300C	0.8474
1734	YEL047C	0.84736
1735	YOR206W	0.8473
1736	YMR169C	0.84729
1737	YPL249C	0.84729
1738	YNL161W	0.84729
1739	YPL237W	0.84722
1740	YKR070W	0.84715
1741	YOR171C	0.84711
1742	YGR103W	0.8471
1743	YDL049C	0.84709
1744	YOL049W	0.84708
1745	YNL248C	0.84702
1746	YBR274W	0.84702
1747	YHR013C	0.84702
1748	YEL021W	0.847
1749	YMR089C	0.84698
1750	YGL184C	0.84698
1751	YFL047W	0.8469
1752	YKL168C	0.8469
1753	YDL119C	0.8469
1754	YBR175W	0.84687
1755	YOL098C	0.84685
1756	YIL034C	0.84685
1757	YOR271C	0.84684
1758	YPR143W	0.84682
1759	YNL111C	0.8468
1760	YML085C	0.84674
1761	YAR002C-A	0.84668
1762	YER141W	0.84668
1763	YFL030W	0.84667
1764	YHR020W	0.84667
1765	YKL091C	0.84658
1766	YDR067C	0.84656
1767	YER057C	0.84653
1768	YHR168W	0.84653
1769	YOR065W	0.84651
1770	YJR016C	0.8465
1771	YDL055C	0.84647
1772	YBR183W	0.84646
1773	YOR134W	0.84645
1774	YBR055C	0.84639
1775	YGR260W	0.84635
1776	YPR196W	0.84632
1777	YFR050C	0.84631
1778	YAL062W	0.84631
1779	YGR123C	0.8463
1780	YJL082W	0.8463
1781	YGR145W	0.84628
1782	YJL034W	0.84627
1783	YOR226C	0.84626
1784	YLR418C	0.84624
1785	YMR170C	0.84623
1786	YPR069C	0.84617
1787	YIR034C	0.84616
1788	YPL109C	0.84616
1789	YFL031W	0.84615
1790	YOR293W	0.846
1791	YNL259C	0.84595
1792	YHR170W	0.84592
1793	YBR229C	0.8459
1794	YGL154C	0.84589
1795	YGL049C	0.84583
1796	YDR172W	0.84581
1797	YOR303W	0.8458
1798	YMR321C	0.8458
1799	YMR208W	0.84579
1800	YMR318C	0.84578
1801	YJR036C	0.84577
1802	YOR089C	0.84574
1803	YFL061W	0.84574
1804	YNL335W	0.84574
1805	YLR134W	0.84572
1806	YPR190C	0.84572
1807	YBR147W	0.84572
1808	YNL291C	0.84571
1809	YKR066C	0.84568
1810	YNL119W	0.84568
1811	YIL016W	0.84567
1812	YGL241W	0.84566
1813	YOR119C	0.84561
1814	YDR174W	0.84559
1815	YOR188W	0.84557
1816	YBR092C	0.84553
1817	YAR035W	0.84553
1818	YBR267W	0.84552
1819	YLR426W	0.8455
1820	YDR408C	0.84549
1821	YGL033W	0.84546
1822	YGR211W	0.84544
1823	YLR216C	0.84543
1824	YOR086C	0.84542
1825	YER100W	0.8454
1826	YDL090C	0.84538
1827	YLR011W	0.84535
1828	YDR444W	0.84535
1829	YKL017C	0.84532
1830	YDR352W	0.84526
1831	YPR156C	0.84518
1832	YDL022W	0.84515
1833	YOR126C	0.84513
1834	YPL097W	0.84511
1835	YJR141W	0.84506
1836	YPL009C	0.84506
1837	YMR234W	0.84504
1838	YKL165C	0.84503
1839	YKR028W	0.84503
1840	YGR296C-A	0.84502
1841	YPL283W-A	0.84502
1842	YML133W-A	0.84502
1843	YER190C-A	0.84502
1844	YNL339W-A	0.84502
1845	YLR456W	0.84502
1846	YGR020C	0.84496
1847	YLR115W	0.84494
1848	YKR071C	0.84492
1849	YGR159C	0.84491
1850	YLR354C	0.84484
1851	YBL008W	0.84484
1852	YGR162W	0.84481
1853	YLR316C	0.84477
1854	YBL032W	0.84475
1855	YKL164C	0.84474
1856	YCR021C	0.84474
1857	YDR454C	0.84473
1858	YMR183C	0.84472
1859	YBR053C	0.84471
1860	YHR080C	0.84469
1861	YBR202W	0.84468
1862	YLR351C	0.84464
1863	YPR023C	0.84464
1864	YKR084C	0.84463
1865	YDL028C	0.84463
1866	YGL101W	0.84458
1867	YGR056W	0.84458
1868	YGL112C	0.84458
1869	YHR206W	0.84453
1870	YBR281C	0.8445
1871	YBR297W	0.84445
1872	YIR008C	0.84443
1873	YJL024C	0.84443
1874	YGR256W	0.84439
1875	YDR258C	0.84439
1876	YOL135C	0.84433
1877	YIL047C	0.84432
1878	YCL075W	0.84431
1879	YER010C	0.84431
1880	YDR054C	0.84428
1881	YDR205W	0.84427
1882	YPR108W	0.84426
1883	YPL213W	0.84424
1884	YPL187W	0.84424
1885	YGL082W	0.84423
1886	YJL081C	0.84422
1887	YDR490C	0.84422
1888	YOL105C	0.84421
1889	YOR334W	0.8442
1890	YGL048C	0.84417
1891	YHR176W	0.84416
1892	YNL292W	0.84413
1893	YCL011C	0.84408
1894	YIL078W	0.84406
1895	YOR356W	0.84406
1896	YPL179W	0.84401
1897	YKR061W	0.84401
1898	YML010W	0.84398
1899	YOR120W	0.84397
1900	YEL001C	0.84393
1901	YLL062C	0.84393
1902	YFL017C	0.84391
1903	YGL155W	0.84391
1904	YER062C	0.84387
1905	YJR069C	0.84385
1906	YGR138C	0.84382
1907	YDL161W	0.84376
1908	YJL026W	0.84376
1909	YOR021C	0.84376
1910	YOR365C	0.84374
1911	YJR017C	0.84369
1912	YIL140W	0.84365
1913	YDR019C	0.84365
1914	YLR116W	0.84365
1915	YPL029W	0.84363
1916	YGR232W	0.8436
1917	YPL083C	0.84356
1918	YGL157W	0.84355
1919	YDR411C	0.84351
1920	YAL021C	0.84348
1921	YPR147C	0.84343
1922	YPL087W	0.84334
1923	YNL316C	0.84334
1924	YPL060W	0.84333
1925	YLR335W	0.84328
1926	YBR265W	0.84328
1927	YMR230W	0.84327
1928	YGR262C	0.84326
1929	YBR155W	0.84325
1930	YHR137W	0.84323
1931	YER073W	0.84323
1932	YJL098W	0.84319
1933	YMR306W	0.84319
1934	YJR154W	0.84316
1935	YLR240W	0.84314
1936	YKL013C	0.84312
1937	YBL024W	0.84312
1938	YNL045W	0.84311
1939	YBL071W-A	0.84307
1940	YPL002C	0.84299
1941	YHR072W	0.84292
1942	YPL072W	0.84292
1943	YPL028W	0.84291
1944	YML004C	0.84291
1945	YOR207C	0.84291
1946	YJR033C	0.84288
1947	YMR292W	0.84286
1948	YCR092C	0.84286
1949	YLR078C	0.84285
1950	YMR226C	0.84283
1951	YML118W	0.84279
1952	YPL151C	0.84277
1953	YLR126C	0.84277
1954	YOR017W	0.84274
1955	YER114C	0.84271
1956	YLR455W	0.8427
1957	YPL160W	0.84267
1958	YDR384C	0.84266
1959	YHL012W	0.84264
1960	YNL107W	0.84263
1961	YOL154W	0.84261
1962	YGL171W	0.84261
1963	YOR341W	0.84257
1964	YMR277W	0.84256
1965	YBR041W	0.8425
1966	YLL034C	0.84247
1967	YMR002W	0.8424
1968	YGR173W	0.84235
1969	YNL212W	0.84232
1970	YPR079W	0.84232
1971	YDL124W	0.84229
1972	YER107C	0.8422
1973	YML014W	0.84219
1974	YOR187W	0.84212
1975	YBR213W	0.8421
1976	YPL147W	0.84207
1977	YPL196W	0.84206
1978	YML127W	0.84204
1979	YNL004W	0.84203
1980	YHR121W	0.84203
1981	YLL011W	0.842
1982	YOR244W	0.84199
1983	YOL061W	0.84197
1984	YKL008C	0.84195
1985	YDL126C	0.84194
1986	YPL167C	0.84192
1987	YOL077C	0.84191
1988	YNL116W	0.84191
1989	YGL250W	0.84186
1990	YDR394W	0.84186
1991	YDR243C	0.84186
1992	YGR111W	0.84186
1993	YPR115W	0.84186
1994	YDR364C	0.84185
1995	YOR014W	0.8418
1996	YER051W	0.84178
1997	YCR048W	0.84176
1998	Q0160	0.84174
1999	YKL018W	0.84171
2000	YNL129W	0.84162
2001	YPL258C	0.84162
2002	YBR169C	0.84155
2003	YNR001C	0.84155
2004	YMR216C	0.84155
2005	YER142C	0.84153
2006	YHR183W	0.84153
2007	YML096W	0.8415
2008	YOR296W	0.84149
2009	YJL156C	0.84148
2010	YDL135C	0.84147
2011	YHR068W	0.84145
2012	YOR272W	0.84143
2013	YGR036C	0.84135
2014	YDL105W	0.84133
2015	YKL154W	0.84131
2016	YDL171C	0.84126
2017	YLR443W	0.84125
2018	YPL019C	0.84114
2019	YDL085W	0.84111
2020	YKL007W	0.84109
2021	YDR468C	0.84105
2022	YLL028W	0.84103
2023	YOR224C	0.84102
2024	YNL281W	0.84102
2025	YPR066W	0.841
2026	YFL004W	0.84098
2027	YJL145W	0.84097
2028	YGL070C	0.84097
2029	YOR165W	0.84097
2030	YIL038C	0.8409
2031	YHR065C	0.84088
2032	YDR326C	0.84087
2033	YBR180W	0.84086
2034	YMR218C	0.84084
2035	YJR010W	0.84077
2036	YLL023C	0.84076
2037	YDR100W	0.84074
2038	YOL059W	0.84068
2039	YHL032C	0.84065
2040	YKR094C	0.84065
2041	YIL148W	0.84065
2042	YDL111C	0.84065
2043	YIL030C	0.84062
2044	YPL100W	0.84062
2045	YLR107W	0.8406
2046	YGL248W	0.84045
2047	YBR024W	0.84042
2048	YDR510W	0.84041
2049	YCL069W	0.84041
2050	YPR010C	0.8404
2051	YKL125W	0.84038
2052	YBR158W	0.84033
2053	YOL145C	0.84033
2054	YDR330W	0.84033
2055	YDL217C	0.84031
2056	YIL004C	0.8403
2057	YNR057C	0.84028
2058	YBR251W	0.84028
2059	YGL122C	0.84028
2060	YNL059C	0.84022
2061	YLR249W	0.84021
2062	YHR086W	0.84019
2063	YBL113C	0.84017
2064	YPL112C	0.84016
2065	YNL007C	0.84014
2066	YML077W	0.84011
2067	YOL055C	0.84011
2068	YBR030W	0.84009
2069	YDR268W	0.84008
2070	YDR004W	0.83997
2071	YNR054C	0.83995
2072	YGR009C	0.83992
2073	YJR035W	0.83991
2074	YGR187C	0.83986
2075	YIL151C	0.83983
2076	YPR058W	0.83982
2077	YOL142W	0.83981
2078	YNL280C	0.83981
2079	YLR319C	0.83981
2080	YDR368W	0.83976
2081	YLR188W	0.83975
2082	YDR434W	0.83973
2083	YDR359C	0.83972
2084	YAR008W	0.83971
2085	YBR223C	0.83969
2086	YJL036W	0.83968
2087	YIL155C	0.83963
2088	YGL009C	0.83962
2089	YKL002W	0.83962
2090	YHR114W	0.8396
2091	YOR205C	0.83957
2092	YAL046C	0.83956
2093	YBR125C	0.83954
2094	YKR092C	0.83952
2095	YDR061W	0.83951
2096	YCR042C	0.83949
2097	YFR002W	0.83949
2098	YPL232W	0.83943
2099	YPL135W	0.8394
2100	YJR006W	0.83939
2101	YGR097W	0.83937
2102	YMR092C	0.83935
2103	YNL278W	0.8393
2104	YHR204W	0.83927
2105	YHR076W	0.83924
2106	YOR330C	0.83924
2107	YPL042C	0.83918
2108	YPR111W	0.83917
2109	YLR212C	0.83915
2110	YHR104W	0.83914
2111	YKL028W	0.83912
2112	YOR370C	0.83911
2113	YJL091C	0.83908
2114	YGR136W	0.83907
2115	YEL038W	0.83903
2116	YDR063W	0.83903
2117	YJL217W	0.83902
2118	YPL218W	0.83901
2119	YKR021W	0.83901
2120	YKL140W	0.83898
2121	YER103W	0.83898
2122	YJR096W	0.83895
2123	YDR117C	0.83893
2124	YLL024C	0.83887
2125	YHR070W	0.83885
2126	YBR141C	0.83877
2127	YJR067C	0.83876
2128	YGR178C	0.83875
2129	YGR031W	0.83869
2130	YER037W	0.83869
2131	YOL086C	0.83868
2132	YLL015W	0.83868
2133	YNL334C	0.83865
2134	YNL181W	0.83861
2135	YOL043C	0.83861
2136	YCL055W	0.83859
2137	YGR095C	0.83857
2138	YHR163W	0.83856
2139	YOR016C	0.83855
2140	YIR007W	0.83853
2141	YJR109C	0.83852
2142	YDL154W	0.83849
2143	YHL026C	0.83849
2144	YPR052C	0.83848
2145	YPL022W	0.83845
2146	YOR184W	0.83845
2147	YDR297W	0.83844
2148	YMR145C	0.83843
2149	YGR021W	0.83843
2150	YER168C	0.83843
2151	YDL143W	0.83841
2152	YPR011C	0.83839
2153	YAL015C	0.83837
2154	YNL062C	0.83836
2155	YOR117W	0.83834
2156	YAL044W-A	0.83832
2157	YNL072W	0.83824
2158	YOL093W	0.83823
2159	YGL067W	0.83818
2160	YOL057W	0.83818
2161	YHL007C	0.83816
2162	YLR196W	0.83815
2163	YLR258W	0.83813
2164	YDL175C	0.83812
2165	YPR135W	0.83808
2166	YDL039C	0.83808
2167	YFL053W	0.83807
2168	YJR005W	0.83806
2169	YGL094C	0.83806
2170	YKL090W	0.83802
2171	YML031W	0.83802
2172	YCR026C	0.83801
2173	YNL328C	0.83801
2174	YHR081W	0.838
2175	YNL003C	0.83796
2176	YNL048W	0.83794
2177	YBL076C	0.83793
2178	YPR004C	0.83792
2179	YGL180W	0.83792
2180	YLR044C	0.83791
2181	YLR348C	0.8379
2182	YKL033W	0.83785
2183	YPL170W	0.83785
2184	YHR001W	0.83784
2185	YLR215C	0.83782
2186	YCR101C	0.83775
2187	YJL111W	0.83772
2188	YNR051C	0.83771
2189	YLR347C	0.83771
2190	YHR120W	0.83765
2191	YPR121W	0.83764
2192	YNL318C	0.83764
2193	YOL152W	0.83762
2194	YNL064C	0.83762
2195	YLR218C	0.83761
2196	YJR013W	0.8376
2197	YPL247C	0.8376
2198	YJR070C	0.83751
2199	YER044C	0.83747
2200	YDL133W	0.83747
2201	YKL173W	0.83744
2202	YPR133C	0.83744
2203	YLR032W	0.83735
2204	YAL049C	0.83726
2205	YKR096W	0.83726
2206	YPR001W	0.83724
2207	YKR086W	0.8372
2208	YAR007C	0.83719
2209	YDR190C	0.83712
2210	YGR092W	0.83707
2211	YOR022C	0.83703
2212	YOR166C	0.83701
2213	YDL195W	0.837
2214	YDR365C	0.83697
2215	YLR387C	0.83689
2216	YDR389W	0.83688
2217	YLR001C	0.83686
2218	YPL260W	0.83685
2219	YMR223W	0.83685
2220	YMR099C	0.83679
2221	YPR074C	0.83677
2222	YDR405W	0.83674
2223	YOR176W	0.83674
2224	YKR014C	0.83671
2225	YMR055C	0.83653
2226	YDR533C	0.83653
2227	YLR080W	0.83651
2228	YNL218W	0.83648
2229	YHL015W	0.83647
2230	YDL110C	0.83642
2231	YLR421C	0.83642
2232	YJR117W	0.8364
2233	YPR153W	0.83639
2234	YEL029C	0.83636
2235	YGL004C	0.83633
2236	YGL083W	0.83631
2237	YJL124C	0.83631
2238	YPL115C	0.83629
2239	YML125C	0.83629
2240	YGR248W	0.83624
2241	YFL060C	0.83621
2242	YML094W	0.8362
2243	YHR073W	0.83618
2244	YMR093W	0.83617
2245	YHR088W	0.83617
2246	YKL021C	0.83616
2247	YFL037W	0.83611
2248	YPL001W	0.83604
2249	YNL001W	0.83602
2250	YDL078C	0.83602
2251	YOR211C	0.83602
2252	YOR201C	0.83601
2253	YJR031C	0.83601
2254	YPR175W	0.83599
2255	YBR059C	0.83599
2256	YGL238W	0.83586
2257	YNL232W	0.83582
2258	YOL096C	0.83582
2259	YDR266C	0.83581
2260	YDR236C	0.8358
2261	YLR200W	0.83579
2262	YEL062W	0.83575
2263	YPL053C	0.83572
2264	YLL043W	0.8357
2265	YHR122W	0.83565
2266	YPR112C	0.83562
2267	YDR212W	0.83562
2268	YDR198C	0.83561
2269	YDL230W	0.83561
2270	YOL143C	0.83558
2271	YIL051C	0.83553
2272	YDL190C	0.83552
2273	YER179W	0.83551
2274	YHR033W	0.8355
2275	YDR006C	0.8355
2276	YIR036C	0.83549
2277	YJR063W	0.8354
2278	YML065W	0.83537
2279	YJR078W	0.83537
2280	YIL153W	0.83536
2281	YMR229C	0.83536
2282	YKL010C	0.83534
2283	YML110C	0.83534
2284	YGL169W	0.83534
2285	YHR077C	0.83532
2286	YOL116W	0.83529
2287	YDR284C	0.83529
2288	YJR142W	0.8352
2289	YBR146W	0.83519
2290	YPL191C	0.83512
2291	YKR087C	0.83505
2292	YCL033C	0.83503
2293	YER151C	0.83502
2294	YDR407C	0.83502
2295	YGL206C	0.83501
2296	YDR363W	0.835
2297	YMR231W	0.83499
2298	YBR056W	0.83493
2299	YDR080W	0.8349
2300	YOR156C	0.83486
2301	YDR409W	0.83484
2302	YCR079W	0.83481
2303	YPR161C	0.8348
2304	YBL021C	0.8348
2305	YGL141W	0.8348
2306	YGR086C	0.8348
2307	YDL231C	0.83475
2308	YNL209W	0.83475
2309	YKR017C	0.83475
2310	YFR041C	0.83473
2311	YIL091C	0.83471
2312	YER078C	0.83469
2313	YGR110W	0.83467
2314	YMR171C	0.83465
2315	YJR132W	0.83462
2316	YJR064W	0.83458
2317	YOR013W	0.83454
2318	YHR051W	0.83452
2319	YPL096W	0.83448
2320	YJL158C	0.83446
2321	YPL063W	0.83445
2322	YOL140W	0.83444
2323	YEL034W	0.83436
2324	YML079W	0.83434
2325	YCR069W	0.83434
2326	YDR222W	0.83432
2327	YER061C	0.83427
2328	YAL007C	0.83422
2329	YCR073C	0.83415
2330	YDR305C	0.83413
2331	YDR289C	0.83408
2332	YGR099W	0.83408
2333	YOR222W	0.83405
2334	YMR067C	0.83404
2335	YNL313C	0.83401
2336	YJR004C	0.83397
2337	YIL021W	0.83396
2338	YAL038W	0.83396
2339	YNR050C	0.83396
2340	YLR246W	0.83395
2341	YDR311W	0.83394
2342	YOL045W	0.83393
2343	YMR129W	0.83382
2344	YIR035C	0.83379
2345	YOR111W	0.83373
2346	YLR239C	0.83373
2347	YOL008W	0.8337
2348	YKL032C	0.8337
2349	YER157W	0.83369
2350	YMR272C	0.83367
2351	YCL047C	0.83366
2352	YBL099W	0.83364
2353	YER082C	0.83363
2354	YER001W	0.83356
2355	YGL236C	0.83355
2356	YOL139C	0.83354
2357	YKL085W	0.83351
2358	YGR044C	0.83351
2359	YFL023W	0.83347
2360	YCR019W	0.83345
2361	YGL205W	0.83345
2362	YDR116C	0.83344
2363	YIL005W	0.83344
2364	YML100W	0.83342
2365	YKL098W	0.8334
2366	YIL167W	0.83328
2367	YGR188C	0.83323
2368	YKR089C	0.83323
2369	YOR084W	0.83322
2370	YMR139W	0.83315
2371	YDR248C	0.83314
2372	YNL320W	0.83314
2373	YJL127C	0.83313
2374	YKL194C	0.8331
2375	YLL041C	0.83308
2376	YIL065C	0.83307
2377	YDR194C	0.83304
2378	YMR126C	0.83303
2379	YJR051W	0.83302
2380	YDL208W	0.83296
2381	YHL031C	0.83295
2382	YMR276W	0.83293
2383	YGR133W	0.83292
2384	YDL025C	0.83287
2385	YJL025W	0.83286
2386	YOR237W	0.83277
2387	YDL064W	0.83272
2388	YOL056W	0.83271
2389	YLR187W	0.83269
2390	YOR227W	0.83265
2391	YOL073C	0.83264
2392	YLR045C	0.83263
2393	YKL163W	0.83251
2394	YOR159C	0.83251
2395	YGL095C	0.8325
2396	YKL145W	0.83248
2397	YDR463W	0.83246
2398	YGR005C	0.83246
2399	YDR501W	0.83245
2400	YGR223C	0.83244
2401	YDR237W	0.83244
2402	YML131W	0.83242
2403	YMR005W	0.8324
2404	YOR361C	0.83239
2405	YHR079C	0.83236
2406	YGL064C	0.83231
2407	YGL040C	0.83227
2408	YML019W	0.83227
2409	YMR189W	0.83227
2410	YKL103C	0.83224
2411	YMR131C	0.83218
2412	YGL256W	0.83216
2413	YGR105W	0.83216
2414	YDR049W	0.83215
2415	YDR121W	0.83212
2416	YKL117W	0.83209
2417	YNL283C	0.83208
2418	YGR006W	0.83204
2419	YPL273W	0.83201
2420	YDR527W	0.83198
2421	YDR430C	0.83193
2422	YAL035W	0.83191
2423	YKL094W	0.8319
2424	YNR033W	0.83189
2425	YER110C	0.83184
2426	YML132W	0.83183
2427	YBR302C	0.83183
2428	YDR051C	0.83182
2429	YDR517W	0.83181
2430	YDL018C	0.83181
2431	YKL124W	0.83178
2432	YLR413W	0.83178
2433	YBR014C	0.83177
2434	YBL058W	0.83171
2435	YHL028W	0.8317
2436	YDL059C	0.8317
2437	YOR232W	0.83163
2438	YKL139W	0.83161
2439	YHR207C	0.83159
2440	YMR035W	0.83157
2441	YJR139C	0.83157
2442	YIR009W	0.83155
2443	YKR052C	0.83151
2444	YDR164C	0.8315
2445	YNL024C	0.8315
2446	YDR098C	0.83148
2447	YML051W	0.83144
2448	YDR390C	0.83141
2449	YGR054W	0.8314
2450	YLR290C	0.83137
2451	YNL271C	0.83136
2452	YOR259C	0.83135
2453	YIL068C	0.83133
2454	YGR169C	0.83133
2455	YPL262W	0.83129
2456	YIL130W	0.83128
2457	YLR430W	0.83128
2458	YOL041C	0.83124
2459	YDL127W	0.83121
2460	YDL225W	0.83118
2461	YLR206W	0.83118
2462	YPR127W	0.83118
2463	YHR166C	0.83118
2464	YDL132W	0.83115
2465	YHR098C	0.83115
2466	YIL125W	0.83109
2467	YJR135W-A	0.83109
2468	YAR003W	0.83107
2469	YER014W	0.83105
2470	YGL203C	0.83103
2471	YGL257C	0.83102
2472	YDL209C	0.83088
2473	YHR191C	0.83081
2474	YDR432W	0.8308
2475	YDL072C	0.83071
2476	YDR251W	0.83068
2477	YDL063C	0.83065
2478	YIL079C	0.83062
2479	YML052W	0.83062
2480	YMR235C	0.83057
2481	YLR248W	0.83054
2482	YER134C	0.83053
2483	YPL209C	0.83049
2484	YDL233W	0.83047
2485	YKR079C	0.83041
2486	YMR088C	0.8304
2487	YFR038W	0.8304
2488	YLR419W	0.83039
2489	YPL020C	0.83036
2490	YPR026W	0.83034
2491	YGR284C	0.83033
2492	YCR071C	0.83023
2493	YJL059W	0.83022
2494	YJR105W	0.83012
2495	YJR149W	0.8301
2496	YCL050C	0.83006
2497	YMR308C	0.82999
2498	YIL007C	0.82999
2499	YJL080C	0.82998
2500	YKL142W	0.82998
2501	YKR003W	0.82991
2502	YDR045C	0.8299
2503	YGL098W	0.82989
2504	YDR435C	0.82986
2505	YOR145C	0.82979
2506	YDL122W	0.82977
2507	YOR185C	0.82975
2508	YFL003C	0.82972
2509	YDL229W	0.82972
2510	YOR059C	0.8297
2511	YEL022W	0.8297
2512	YBL035C	0.82966
2513	YOR067C	0.82962
2514	YJR133W	0.82962
2515	YDL029W	0.8296
2516	YAL019W	0.8296
2517	YBR022W	0.82951
2518	YMR287C	0.82949
2519	YKR060W	0.82948
2520	YKL071W	0.82947
2521	YDR148C	0.82943
2522	YJR058C	0.82934
2523	YOR332W	0.82934
2524	YEL055C	0.82927
2525	YER116C	0.82927
2526	YBL104C	0.82926
2527	YHR118C	0.8292
2528	YPR192W	0.82919
2529	YPR082C	0.82919
2530	YLR207W	0.82915
2531	YML068W	0.82914
2532	YOL111C	0.82914
2533	YOR288C	0.82912
2534	YLR072W	0.8291
2535	YNL336W	0.82909
2536	YKL040C	0.82908
2537	YPR029C	0.82907
2538	YLR100W	0.82907
2539	YBR149W	0.82904
2540	YJL133W	0.82899
2541	YBR221C	0.82898
2542	YJL154C	0.82894
2543	YBL015W	0.8289
2544	YNL327W	0.82889
2545	YJL197W	0.82889
2546	YDL202W	0.82889
2547	YGL014W	0.82888
2548	YML020W	0.82888
2549	YGR059W	0.82886
2550	YHR005C-A	0.82884
2551	YLR314C	0.82884
2552	YPR144C	0.8288
2553	YJL102W	0.82878
2554	YHL024W	0.82869
2555	YKL029C	0.82862
2556	YGR080W	0.82862
2557	YDR518W	0.82855
2558	YLR435W	0.82853
2559	YNL092W	0.82849
2560	YLR425W	0.82848
2561	YAL051W	0.82847
2562	YJR126C	0.82843
2563	YDR105C	0.82842
2564	YDL200C	0.8284
2565	YGL246C	0.82839
2566	YBL050W	0.82833
2567	YOR009W	0.82827
2568	YBR151W	0.82826
2569	YDR530C	0.82825
2570	YLR234W	0.82815
2571	YOR375C	0.82813
2572	YGL153W	0.82812
2573	YER023W	0.82801
2574	YCL036W	0.828
2575	YOR275C	0.82788
2576	YGR078C	0.82782
2577	YNL242W	0.82778
2578	YDR288W	0.82778
2579	YKL095W	0.82777
2580	YPR189W	0.82776
2581	YNR023W	0.82771
2582	YKL053C-A	0.82768
2583	YGL092W	0.82763
2584	YKL043W	0.82762
2585	YIL131C	0.82762
2586	YGR032W	0.82761
2587	YNL286W	0.82754
2588	YGL172W	0.82752
2589	YNL246W	0.82749
2590	YBR110W	0.82748
2591	YNL289W	0.82741
2592	YOR164C	0.8274
2593	YMR289W	0.82739
2594	YDR387C	0.82737
2595	YOR069W	0.82736
2596	YGL078C	0.82734
2597	YBR112C	0.82732
2598	YGL166W	0.82731
2599	YGR109C	0.82729
2600	YLR103C	0.82726
2601	YKR076W	0.82721
2602	YOR298C-A	0.8272
2603	YEL024W	0.82719
2604	YDR436W	0.82718
2605	YOR254C	0.82714
2606	YPL188W	0.82713
2607	YCL034W	0.82712
2608	YFL028C	0.8271
2609	YMR302C	0.8271
2610	YOR081C	0.8271
2611	YCR106W	0.82707
2612	YKR095W-A	0.82705
2613	YHR197W	0.82704
2614	YMR068W	0.82697
2615	YMR149W	0.82694
2616	YPL023C	0.82694
2617	YJL141C	0.82692
2618	YJL104W	0.8269
2619	YPL095C	0.82686
2620	YNL247W	0.82685
2621	YDR386W	0.82682
2622	YER030W	0.82679
2623	YEL003W	0.82679
2624	YKL072W	0.82678
2625	YJL159W	0.82676
2626	YOR367W	0.82671
2627	YMR053C	0.82671
2628	YOR278W	0.82665
2629	YPL106C	0.82658
2630	YBR101C	0.82656
2631	YGR216C	0.82655
2632	YLR016C	0.82652
2633	YLR085C	0.82645
2634	YIR012W	0.82644
2635	YNL137C	0.82643
2636	YHR196W	0.8264
2637	YHR186C	0.82637
2638	YHR048W	0.82636
2639	YOR036W	0.82635
2640	YDR472W	0.82633
2641	YER064C	0.82633
2642	YNL036W	0.82631
2643	YDR155C	0.82629
2644	YBR104W	0.82627
2645	YGR090W	0.82627
2646	YDL226C	0.82626
2647	Q0050	0.82613
2648	YDR372C	0.82612
2649	YDL156W	0.8261
2650	YLR025W	0.82608
2651	YDR247W	0.826
2652	YBL085W	0.82598
2653	YEL066W	0.82595
2654	YGR283C	0.82592
2655	YNL333W	0.82588
2656	YJR097W	0.82587
2657	YMR197C	0.82582
2658	YFL067W	0.82581
2659	YPR198W	0.82581
2660	YLL018C-A	0.82579
2661	YPL065W	0.82576
2662	YPL059W	0.82569
2663	YBR280C	0.82569
2664	YPR018W	0.82569
2665	YPL104W	0.82568
2666	YHR085W	0.82567
2667	YGR070W	0.82565
2668	YDL058W	0.82564
2669	YOL006C	0.82557
2670	YPL162C	0.82556
2671	YNL039W	0.82556
2672	YLR077W	0.82552
2673	YKR103W	0.82551
2674	YNL273W	0.8255
2675	YDR312W	0.82548
2676	YHR063C	0.82543
2677	YDL120W	0.82542
2678	YGR193C	0.8254
2679	YOR338W	0.8254
2680	YPL171C	0.82534
2681	YOR035C	0.82533
2682	YGR257C	0.82529
2683	YMR233W	0.82527
2684	YBR097W	0.82526
2685	YNL217W	0.82525
2686	YMR212C	0.82524
2687	YKL121W	0.8252
2688	YBL049W	0.82518
2689	YDR139C	0.82509
2690	YKL155C	0.82503
2691	YMR267W	0.82502
2692	YEL019C	0.825
2693	YMR096W	0.82493
2694	YOL123W	0.82489
2695	YMR091C	0.82488
2696	YDR427W	0.82487
2697	YBL086C	0.82487
2698	YNL190W	0.82485
2699	YBR186W	0.82484
2700	YKL080W	0.82484
2701	YEL016C	0.8248
2702	YGL110C	0.82477
2703	YCR051W	0.82471
2704	YBR070C	0.82471
2705	YLR002C	0.8247
2706	YKL100C	0.82468
2707	Q0060	0.82466
2708	YOR389W	0.82466
2709	YOR010C	0.82462
2710	YDL054C	0.82458
2711	YGR117C	0.82458
2712	YAL016W	0.82455
2713	YCL016C	0.82454
2714	YNR029C	0.82451
2715	YOR136W	0.8245
2716	YPL215W	0.82449
2717	YDR026C	0.82447
2718	YNL221C	0.82446
2719	YOR295W	0.82445
2720	YJR091C	0.82444
2721	YDR267C	0.82444
2722	YOR040W	0.82444
2723	YGL158W	0.82443
2724	YOR079C	0.82443
2725	YDR122W	0.82443
2726	YCR077C	0.82436
2727	YNR044W	0.82432
2728	YMR047C	0.82431
2729	YKL077W	0.82429
2730	YDR460W	0.82427
2731	YPL172C	0.82422
2732	YMR317W	0.8242
2733	YDR424C	0.82418
2734	YLR038C	0.82417
2735	YPL043W	0.82409
2736	YDL165W	0.82399
2737	YER063W	0.82397
2738	YDL079C	0.82395
2739	YMR154C	0.82391
2740	YGR047C	0.82391
2741	YOL164W	0.82389
2742	YDR084C	0.82385
2743	YAR009C	0.82384
2744	YJL193W	0.82384
2745	YDR002W	0.82381
2746	YOR280C	0.82377
2747	Q0070	0.82371
2748	YDL060W	0.8237
2749	YAL056W	0.82369
2750	YJR161C	0.82369
2751	YNL317W	0.82362
2752	YEL056W	0.82362
2753	YDL246C	0.82358
2754	YHR188C	0.82355
2755	YLL031C	0.82351
2756	YOL110W	0.82349
2757	YLR260W	0.82348
2758	YBR233W	0.82347
2759	YGR258C	0.82343
2760	YGR127W	0.8234
2761	YGL240W	0.8234
2762	YKL047W	0.82338
2763	YGL242C	0.82335
2764	YDR265W	0.82335
2765	YPL004C	0.82334
2766	YLR460C	0.82331
2767	YOL058W	0.8233
2768	YIL157C	0.82328
2769	YKR048C	0.82327
2770	YHR011W	0.8232
2771	YIL022W	0.82311
2772	YPR060C	0.82309
2773	YOR223W	0.82297
2774	YHR147C	0.82295
2775	YOR292C	0.82294
2776	YJL190C	0.82291
2777	YMR132C	0.8229
2778	YLL060C	0.82289
2779	YJR099W	0.82281
2780	YFL062W	0.82281
2781	YPL263C	0.82281
2782	YPR169W	0.82274
2783	YKL084W	0.82272
2784	YIL114C	0.82271
2785	YDR218C	0.82267
2786	YCR102C	0.82265
2787	YDL014W	0.82264
2788	YGL220W	0.82262
2789	YKL012W	0.82262
2790	YGR046W	0.82261
2791	YML022W	0.82258
2792	YHR066W	0.82252
2793	YMR095C	0.82246
2794	YJR159W	0.82243
2795	YMR312W	0.82242
2796	YNL260C	0.8224
2797	YER156C	0.82238
2798	YJL106W	0.82236
2799	YKL034W	0.82234
2800	YJL126W	0.82232
2801	YLR046C	0.82224
2802	YLR099C	0.82221
2803	YGR255C	0.8222
2804	YER068W	0.82217
2805	YGL137W	0.82215
2806	YCL067C	0.82214
2807	YCR039C	0.82214
2808	YOL071W	0.82213
2809	YBR109C	0.82212
2810	YIL096C	0.82211
2811	YJR137C	0.8221
2812	YHR049W	0.82209
2813	YOR320C	0.82207
2814	YOR261C	0.82206
2815	YDL179W	0.82206
2816	YJL010C	0.82205
2817	YCL074W	0.82203
2818	YLR066W	0.82203
2819	YFL059W	0.82195
2820	YPR178W	0.82191
2821	YER007W	0.82189
2822	YEL039C	0.82188
2823	YLR163C	0.82187
2824	YBL037W	0.82186
2825	YLL036C	0.82185
2826	YLL039C	0.82184
2827	YHR045W	0.82184
2828	YPL074W	0.82182
2829	YBR179C	0.82181
2830	YMR128W	0.82181
2831	YBR246W	0.82178
2832	YGR149W	0.82176
2833	YBR228W	0.82175
2834	YGR091W	0.82168
2835	YPL045W	0.82167
2836	YDL113C	0.82162
2837	YKR063C	0.8216
2838	YMR127C	0.82157
2839	YIL126W	0.82144
2840	YDR161W	0.82143
2841	YML013W	0.82141
2842	YBR185C	0.8214
2843	YBR288C	0.82137
2844	YER021W	0.82137
2845	YLR022C	0.82132
2846	YJL031C	0.82131
2847	YJL100W	0.82125
2848	YML087C	0.82109
2849	YGR220C	0.82107
2850	YOR127W	0.821
2851	YAL017W	0.82099
2852	YGL187C	0.82097
2853	YBR177C	0.82096
2854	YNR066C	0.82092
2855	YOR360C	0.8209
2856	YLR372W	0.82089
2857	YKL128C	0.82087
2858	YKL096W	0.82077
2859	YCR004C	0.82075
2860	YBR260C	0.82069
2861	YHL010C	0.82068
2862	YER120W	0.82064
2863	YNL084C	0.82062
2864	YOR160W	0.82053
2865	YLR063W	0.82052
2866	YNL083W	0.82052
2867	YDR487C	0.82051
2868	YHR210C	0.82048
2869	YOL067C	0.82047
2870	YLR035C	0.82047
2871	YLR167W	0.82039
2872	YJL078C	0.82031
2873	YDR399W	0.82029
2874	YLR362W	0.82026
2875	YDR150W	0.82025
2876	YDL010W	0.82023
2877	YLR178C	0.82021
2878	YLR251W	0.8202
2879	YKL065C	0.8202
2880	YDR534C	0.82019
2881	YOL146W	0.82018
2882	YLR390W-A	0.82018
2883	YJL131C	0.82017
2884	YKR023W	0.82016
2885	YOR002W	0.82011
2886	YDR391C	0.82008
2887	YGR014W	0.82007
2888	YGR128C	0.82002
2889	YDL024C	0.81999
2890	YOR281C	0.81997
2891	YCL059C	0.81995
2892	YPR154W	0.81994
2893	YGR158C	0.81994
2894	YDL040C	0.81993
2895	YER080W	0.81986
2896	YNR074C	0.81985
2897	YGR033C	0.81984
2898	YML101C	0.81984
2899	YDR272W	0.81983
2900	YPL134C	0.81982
2901	YPL165C	0.81968
2902	YJL046W	0.81968
2903	YGR207C	0.81965
2904	YGR108W	0.81965
2905	YJR112W-A	0.81963
2906	YFR037C	0.8196
2907	YEL006W	0.81959
2908	YER011W	0.81951
2909	YER144C	0.81944
2910	YNL131W	0.81942
2911	YOR386W	0.81938
2912	YER043C	0.81937
2913	YGL213C	0.81929
2914	YBR142W	0.81927
2915	YNL180C	0.81926
2916	YJL206C	0.81922
2917	YPL275W	0.8192
2918	YPL105C	0.8192
2919	YNL244C	0.81919
2920	YDL185W	0.81918
2921	YKR058W	0.81917
2922	YLR026C	0.81914
2923	YPR042C	0.81914
2924	YLR342W	0.81911
2925	YHR090C	0.81911
2926	YDL237W	0.81911
2927	YFL002C	0.81909
2928	YOR125C	0.81908
2929	YML130C	0.81907
2930	YDL117W	0.81906
2931	YKR099W	0.81904
2932	YPL217C	0.81896
2933	YHR034C	0.81896
2934	YMR010W	0.81896
2935	YGR157W	0.81894
2936	YPR162C	0.81891
2937	YHL035C	0.81884
2938	YMR076C	0.8188
2939	YLR019W	0.8188
2940	YMR090W	0.81877
2941	YOR124C	0.81875
2942	YMR244C-A	0.81874
2943	YGL183C	0.81873
2944	YHR150W	0.81872
2945	YBR212W	0.81865
2946	YNL121C	0.8186
2947	YLR074C	0.8186
2948	YDL048C	0.81858
2949	YMR039C	0.81852
2950	YMR315W	0.81849
2951	YAL014C	0.81842
2952	YOR033C	0.81841
2953	YNL249C	0.81835
2954	YDL150W	0.81824
2955	YPL024W	0.81823
2956	YBR028C	0.8182
2957	YCL052C	0.8182
2958	YGR247W	0.81818
2959	YJL084C	0.81817
2960	YLR293C	0.81817
2961	YGR061C	0.8181
2962	YLR367W	0.81805
2963	YFR052W	0.81805
2964	YPL138C	0.81805
2965	YLR177W	0.81804
2966	YOR363C	0.81798
2967	YNL177C	0.81797
2968	YER105C	0.81789
2969	YHR171W	0.81786
2970	YDR503C	0.81783
2971	YLR417W	0.8178
2972	YIL023C	0.81779
2973	YLR378C	0.81777
2974	YGL043W	0.81777
2975	YJL085W	0.81775
2976	YJL004C	0.81774
2977	YOR037W	0.81773
2978	YOR394W	0.81767
2979	YPL282C	0.81767
2980	YHL002W	0.81767
2981	YNL147W	0.81764
2982	YKL179C	0.81764
2983	YER036C	0.81763
2984	YDL248W	0.81756
2985	YGL020C	0.81756
2986	YFR018C	0.81751
2987	YJL071W	0.81746
2988	YKL160W	0.8174
2989	YGL065C	0.81738
2990	YGL037C	0.81737
2991	YEL049W	0.81735
2992	YEL026W	0.81732
2993	YOL018C	0.8173
2994	YBR102C	0.81728
2995	YPL125W	0.81727
2996	YDL030W	0.81725
2997	YOL022C	0.81723
2998	YEL048C	0.81723
2999	YBL064C	0.81721
3000	YGR245C	0.81719
3001	YDR323C	0.81716
3002	YGL116W	0.81712
3003	YGL053W	0.81711
3004	YBR084W	0.8171
3005	YBL069W	0.81709
3006	YER004W	0.81708
3007	YJL117W	0.81705
3008	YDR003W	0.81703
3009	YLR191W	0.817
3010	YDR244W	0.81696
3011	YCR089W	0.81693
3012	YJR048W	0.81691
3013	YMR209C	0.81688
3014	YLR323C	0.81688
3015	YPL210C	0.81676
3016	YNL307C	0.81676
3017	YER096W	0.81675
3018	YML042W	0.81673
3019	YIL041W	0.81666
3020	YML105C	0.81664
3021	Q0045	0.81662
3022	YCL008C	0.81655
3023	YKL132C	0.81654
3024	YCR020C-A	0.81653
3025	YHL046C	0.81648
3026	YJR118C	0.81648
3027	YOR267C	0.81645
3028	YGR294W	0.8164
3029	YLL035W	0.81638
3030	YJL057C	0.81631
3031	YLR090W	0.81629
3032	YPR105C	0.81629
3033	YPL064C	0.81627
3034	YER042W	0.81626
3035	YMR024W	0.81624
3036	YOR103C	0.81624
3037	YGL085W	0.81622
3038	YBR252W	0.81614
3039	YHR209W	0.8161
3040	YOL019W	0.81605
3041	YMR207C	0.81605
3042	YOR077W	0.81599
3043	YLR449W	0.81598
3044	YCR088W	0.81594
3045	YDR485C	0.81586
3046	YMR140W	0.81581
3047	YHR015W	0.81577
3048	YMR110C	0.81572
3049	YHR062C	0.81572
3050	YPR048W	0.81571
3051	YEL012W	0.8157
3052	YHL018W	0.81565
3053	YLL026W	0.81563
3054	YER174C	0.81558
3055	YPL155C	0.81553
3056	YHL013C	0.81552
3057	YBL047C	0.8155
3058	YGL131C	0.81548
3059	YPL239W	0.81545
3060	YIL085C	0.81544
3061	YPL084W	0.81542
3062	YDR313C	0.81538
3063	YDL149W	0.81535
3064	YGL089C	0.81534
3065	YDL087C	0.81534
3066	YBR261C	0.81532
3067	YMR313C	0.81532
3068	YJL006C	0.81532
3069	YNL257C	0.8153
3070	YOR130C	0.8153
3071	YMR097C	0.81527
3072	YDR320C	0.81526
3073	YOR301W	0.81525
3074	YBR301W	0.81523
3075	YAR023C	0.81523
3076	YGL231C	0.81523
3077	YNR006W	0.81522
3078	YLR176C	0.81521
3079	YHR139C	0.81519
3080	YPL123C	0.81516
3081	YBL051C	0.81515
3082	YKL212W	0.81513
3083	YGR002C	0.81504
3084	Q0055	0.81502
3085	YNL220W	0.81494
3086	YEL044W	0.8149
3087	YDL234C	0.81488
3088	YDR137W	0.81487
3089	YKL203C	0.81483
3090	YBR086C	0.8148
3091	YDR370C	0.81476
3092	YMR227C	0.81469
3093	YBR089C-A	0.81468
3094	YDR473C	0.81466
3095	YER170W	0.81466
3096	YLR084C	0.81463
3097	YPR055W	0.81461
3098	YEL023C	0.81461
3099	YML104C	0.8146
3100	YOR290C	0.81458
3101	YOR285W	0.81457
3102	YLR332W	0.81456
3103	YJR129C	0.81448
3104	YLR336C	0.81447
3105	YLR118C	0.81446
3106	YLR305C	0.81445
3107	YIL115C	0.81437
3108	YGR042W	0.81437
3109	YDR072C	0.8142
3110	YMR259C	0.81419
3111	YGL038C	0.81415
3112	YOR286W	0.81412
3113	YDL203C	0.8141
3114	YJR019C	0.81408
3115	YDR502C	0.81405
3116	YNL250W	0.81404
3117	YER182W	0.814
3118	YGL111W	0.814
3119	YML032C	0.814
3120	YOR190W	0.81395
3121	YNL216W	0.81394
3122	YDL116W	0.81393
3123	YDR171W	0.81392
3124	YNL135C	0.8139
3125	YDL106C	0.81387
3126	YLR403W	0.81387
3127	YOL078W	0.81385
3128	YDR489W	0.81385
3129	YMR309C	0.81384
3130	YKL070W	0.81379
3131	YDR441C	0.81378
3132	YJL097W	0.81365
3133	YDR229W	0.8136
3134	YJL072C	0.81355
3135	YOR305W	0.81348
3136	YDL146W	0.81347
3137	YNR059W	0.81345
3138	YNR075W	0.81345
3139	YNL012W	0.8134
3140	YLR250W	0.8134
3141	YKR044W	0.81339
3142	YNL182C	0.81336
3143	YBL014C	0.81335
3144	YGL185C	0.81335
3145	YKL116C	0.81333
3146	YLL051C	0.81332
3147	YHR117W	0.8133
3148	YLR238W	0.81329
3149	YOR245C	0.81329
3150	YGL104C	0.81329
3151	YBR052C	0.81327
3152	YPL181W	0.81317
3153	YBR276C	0.81312
3154	YMR114C	0.81308
3155	YAL018C	0.81308
3156	YLR275W	0.81308
3157	YFL018C	0.81307
3158	YHL014C	0.81305
3159	YJR002W	0.81305
3160	YIL090W	0.81303
3161	YML060W	0.81303
3162	YBR065C	0.81296
3163	YNL224C	0.81289
3164	YOR371C	0.81284
3165	YOL033W	0.81283
3166	YIL165C	0.81282
3167	YBL080C	0.81271
3168	YER128W	0.8127
3169	YEL015W	0.81267
3170	YPR031W	0.81262
3171	YPL148C	0.81262
3172	YLR096W	0.81261
3173	YBR161W	0.81255
3174	YHR192W	0.81251
3175	YBR105C	0.81251
3176	YDR031W	0.81243
3177	YNL252C	0.81243
3178	YDL148C	0.81235
3179	YML120C	0.81234
3180	YJL148W	0.81233
3181	YJL223C	0.81229
3182	YIL176C	0.81229
3183	YER029C	0.81227
3184	YJR014W	0.81226
3185	YOR122C	0.81226
3186	YEL050C	0.81225
3187	YJL192C	0.81224
3188	YKL209C	0.81222
3189	YDR159W	0.81222
3190	YNL134C	0.81219
3191	YJL123C	0.81218
3192	YGR274C	0.81218
3193	YOR180C	0.81216
3194	YBL055C	0.81215
3195	YMR130W	0.81215
3196	YBL108C-A	0.81204
3197	YAL068C	0.81204
3198	YGL261C	0.81204
3199	YNL219C	0.812
3200	YLR266C	0.81197
3201	YGR205W	0.81195
3202	YKL187C	0.81194
3203	YBL066C	0.81193
3204	YER163C	0.8119
3205	YCR020C	0.81187
3206	YMR044W	0.81179
3207	YER002W	0.81176
3208	YML074C	0.81175
3209	YDR354W	0.81175
3210	YER008C	0.81173
3211	YGR225W	0.81173
3212	YKL089W	0.81169
3213	YMR225C	0.81169
3214	YMR310C	0.81164
3215	YGR237C	0.81163
3216	YBL082C	0.81162
3217	YPL248C	0.81148
3218	YHR179W	0.81138
3219	YDR506C	0.81138
3220	YPR067W	0.81137
3221	YLR363C	0.81135
3222	YPR030W	0.81129
3223	YAL013W	0.81124
3224	YDR376W	0.81119
3225	YKL067W	0.81117
3226	YNL139C	0.81116
3227	YNL305C	0.81116
3228	YNL128W	0.81114
3229	YER127W	0.81112
3230	YMR152W	0.81109
3231	YIR017C	0.81109
3232	YKR090W	0.81107
3233	YAL002W	0.81107
3234	YEL037C	0.81107
3235	YOL102C	0.81102
3236	YGR068C	0.81101
3237	YIL056W	0.811
3238	YIL006W	0.81098
3239	YOR043W	0.81096
3240	YPR097W	0.81095
3241	YJL179W	0.81093
3242	YHR102W	0.81092
3243	YOR091W	0.81082
3244	YNR030W	0.81082
3245	YLL010C	0.81073
3246	YPL057C	0.81067
3247	YKL005C	0.81067
3248	Q0105	0.81064
3249	YCR028C-A	0.8106
3250	YJR010C-A	0.81059
3251	YLR097C	0.81055
3252	YPL103C	0.81052
3253	YGR186W	0.8105
3254	YDR410C	0.81049
3255	YBR193C	0.81045
3256	YLL008W	0.81043
3257	YJL062W	0.81042
3258	YGR295C	0.81033
3259	YJR110W	0.81031
3260	YKL026C	0.8103
3261	YOR238W	0.8103
3262	YOL148C	0.81027
3263	YDR538W	0.81019
3264	YNL035C	0.81016
3265	YMR211W	0.81015
3266	YDR168W	0.81013
3267	YOL149W	0.81012
3268	YLR197W	0.81011
3269	YOR346W	0.81009
3270	YPR034W	0.80999
3271	YJR111C	0.80997
3272	YKL068W	0.80991
3273	YLR299W	0.80987
3274	YLL064C	0.80986
3275	YNR076W	0.80986
3276	YBR210W	0.80984
3277	YJL194W	0.80975
3278	YJL054W	0.80974
3279	YHR006W	0.80972
3280	YLL054C	0.80972
3281	YOR310C	0.80969
3282	YOR213C	0.80969
3283	YCL014W	0.80967
3284	YMR291W	0.80955
3285	YPL277C	0.80955
3286	YPR022C	0.80952
3287	YNR039C	0.80947
3288	YDL213C	0.80941
3289	YPL207W	0.80938
3290	YBR026C	0.80936
3291	YDR513W	0.80936
3292	YJL053W	0.80933
3293	YDR283C	0.80926
3294	YBR284W	0.80922
3295	YKL202W	0.80915
3296	YDR020C	0.80913
3297	YOR112W	0.80913
3298	YNL011C	0.80911
3299	YKR064W	0.80911
3300	YOR191W	0.80908
3301	YBL079W	0.80907
3302	YOR026W	0.80906
3303	YER154W	0.80898
3304	YGR280C	0.80895
3305	YGR278W	0.80891
3306	YMR260C	0.8089
3307	YEL020W-A	0.80886
3308	YKL198C	0.80877
3309	YNR031C	0.80876
3310	YGR203W	0.80867
3311	YJL096W	0.80863
3312	YIL072W	0.80861
3313	YBR040W	0.80853
3314	YDR423C	0.80851
3315	YDL021W	0.8085
3316	YHR040W	0.80848
3317	YDR206W	0.80846
3318	YKR082W	0.80842
3319	YNL239W	0.80842
3320	YGR156W	0.8084
3321	YJL130C	0.80838
3322	YNL127W	0.80832
3323	YOL051W	0.80824
3324	YNR041C	0.80823
3325	YHL048W	0.80818
3326	YBR167C	0.80817
3327	YJL011C	0.80816
3328	YNL153C	0.80814
3329	YDR301W	0.80811
3330	YML117W	0.80809
3331	YDR242W	0.80801
3332	YDL214C	0.80792
3333	YLR461W	0.80789
3334	YOL128C	0.80789
3335	YHR201C	0.80789
3336	YOL161C	0.80788
3337	YOR174W	0.80787
3338	YGL160W	0.80784
3339	YOL087C	0.80781
3340	YDR365W-B	0.80779
3341	YOR075W	0.80777
3342	YIL106W	0.80775
3343	YCR036W	0.80761
3344	YNL261W	0.80761
3345	YOL012C	0.8076
3346	YBR067C	0.80759
3347	YBR005W	0.80758
3348	YPR129W	0.80751
3349	YOR215C	0.8075
3350	YDR475C	0.80749
3351	YDL153C	0.80743
3352	YGL263W	0.80742
3353	YML046W	0.8074
3354	YOR149C	0.8074
3355	YKL006C-A	0.80739
3356	YPR072W	0.80738
3357	YOR051C	0.80733
3358	YGL244W	0.80729
3359	YBL029W	0.80727
3360	YER101C	0.80727
3361	YDL091C	0.80725
3362	YGL228W	0.80724
3363	YJR088C	0.80724
3364	YNR021W	0.80722
3365	YDL045C	0.80722
3366	YIL011W	0.80717
3367	YAR027W	0.80716
3368	YBR283C	0.80713
3369	YER113C	0.80712
3370	YPR141C	0.80712
3371	YNL151C	0.80705
3372	YNL282W	0.80705
3373	YLR180W	0.80696
3374	YJL136C	0.80689
3375	YAL058W	0.80685
3376	YCL001W-B	0.80684
3377	YDL123W	0.80684
3378	YMR173W	0.80682
3379	YNL160W	0.80682
3380	YHR214C-B	0.80676
3381	YPR075C	0.80676
3382	YGR116W	0.80674
3383	YKL045W	0.80672
3384	YPL228W	0.80672
3385	YCL057W	0.80668
3386	YEL009C	0.80666
3387	YPL257W-B	0.80664
3388	YOL103W-B	0.80663
3389	YBR079C	0.80661
3390	YIL082W-A	0.80661
3391	YDL051W	0.80661
3392	YGL259W	0.80658
3393	YLR256W-B/YLR256W-C	0.80658
3394	YIL128W	0.80644
3395	YER138C	0.80643
3396	YPR114W	0.80637
3397	YLR157C-B	0.80633
3398	YNL085W	0.80631
3399	YDL084W	0.8063
3400	YBR163W	0.8063
3401	YBL091C-A	0.80628
3402	YGL063W	0.80625
3403	YGR062C	0.80624
3404	YGR082W	0.80622
3405	YGR104C	0.80617
3406	YDR542W	0.80616
3407	YDR180W	0.80615
3408	YPR155C	0.80615
3409	YGR038C-B	0.80614
3410	YCR095C	0.8061
3411	YJR044C	0.80607
3412	YNL077W	0.80606
3413	YLR166C	0.80605
3414	YGL211W	0.80602
3415	YCR054C	0.806
3416	YBL095W	0.80598
3417	YMR283C	0.80597
3418	YIL104C	0.80595
3419	YEL007W	0.80595
3420	YDR183W	0.8059
3421	YBR017C	0.80579
3422	YLR380W	0.80577
3423	YNL263C	0.80565
3424	YER173W	0.80556
3425	YOL108C	0.80556
3426	YDR188W	0.80555
3427	YDR089W	0.80546
3428	YNR018W	0.80543
3429	YML045W	0.80539
3430	YKL019W	0.80538
3431	YAR028W	0.80535
3432	YMR013C	0.80534
3433	YDR098C-B	0.80531
3434	YNL258C	0.8053
3435	YNL240C	0.80528
3436	YMR213W	0.80513
3437	YPR045C	0.80511
3438	YJR027W	0.80509
3439	YAL020C	0.80507
3440	YGR166W	0.80502
3441	YDR525W-A	0.805
3442	YHR162W	0.80498
3443	YLR414C	0.80492
3444	YCR007C	0.80491
3445	YJR047C	0.8049
3446	YOR355W	0.80488
3447	YOL136C	0.80488
3448	YKL150W	0.80485
3449	YKL110C	0.8048
3450	YLR179C	0.80474
3451	YOR377W	0.80472
3452	YCR104W	0.8047
3453	YKL189W	0.8047
3454	YML047C	0.80468
3455	YGL125W	0.80468
3456	YPR137C-B	0.8046
3457	YPL007C	0.80455
3458	YHL030W	0.80454
3459	YJL196C	0.80452
3460	YBR217W	0.80443
3461	YDL003W	0.80429
3462	YJL137C	0.80425
3463	YOL095C	0.80418
3464	YGR180C	0.80417
3465	YML039W	0.80416
3466	YNL029C	0.80415
3467	YGR161C-D	0.80414
3468	YBL102W	0.80413
3469	YOR299W	0.80409
3470	YMR265C	0.80405
3471	YIR037W	0.80392
3472	YDR316W-B	0.80384
3473	YOR142W-B	0.80383
3474	YJL153C	0.8038
3475	YFR013W	0.80378
3476	YGL058W	0.80375
3477	YMR251W	0.80374
3478	YPL013C	0.80373
3479	YMR125W	0.80372
3480	YKL152C	0.80369
3481	YPL189W	0.80369
3482	YDL015C	0.80367
3483	YIL137C	0.80367
3484	YJR029W	0.80365
3485	YFL020C	0.80359
3486	YHR116W	0.80358
3487	YPR148C	0.80358
3488	YDR032C	0.80349
3489	YPL270W	0.80335
3490	YPR158C-D	0.80335
3491	YPR085C	0.80334
3492	YDR256C	0.80334
3493	YDR347W	0.80333
3494	YNL262W	0.80331
3495	YLR227W-B	0.80328
3496	YGL216W	0.80324
3497	YML049C	0.80323
3498	YOR143C	0.80321
3499	YDR056C	0.8032
3500	YDR318W	0.80315
3501	YMR222C	0.80315
3502	YDR261C-D	0.80315
3503	YBR244W	0.80309
3504	YHL019C	0.80307
3505	YOR382W	0.80306
3506	YKL224C	0.80305
3507	YJL203W	0.80304
3508	YKL134C	0.80303
3509	YML098W	0.80302
3510	YGR066C	0.80302
3511	YGL054C	0.80292
3512	YGR027W-B	0.80292
3513	YIR001C	0.80289
3514	YDR210C-D	0.80288
3515	YDR507C	0.80284
3516	YBR290W	0.80279
3517	YFR016C	0.80279
3518	YPR149W	0.80271
3519	YDL092W	0.80268
3520	YOL005C	0.80265
3521	YBL060W	0.80258
3522	YNL294C	0.80258
3523	YFL022C	0.80254
3524	YMR185W	0.80253
3525	YNL073W	0.80252
3526	YOR368W	0.80252
3527	YFL016C	0.80246
3528	YMR214W	0.80246
3529	YCR014C	0.80236
3530	YDR245W	0.80235
3531	YKR098C	0.80232
3532	YNL126W	0.80224
3533	YPR188C	0.80222
3534	YMR050C	0.8022
3535	YAL034W-A	0.8022
3536	YMR161W	0.80217
3537	YDR175C	0.80203
3538	YIL073C	0.80196
3539	YML030W	0.80196
3540	YKR029C	0.80195
3541	YLR037C	0.80191
3542	YGL105W	0.80185
3543	YOR329C	0.80181
3544	YFL027C	0.8018
3545	YMR325W	0.80176
3546	YER087W	0.80174
3547	YCL035C	0.8017
3548	YBR012W-B	0.80168
3549	YJR122W	0.80168
3550	YOR242C	0.80167
3551	YLR390W	0.80165
3552	YPR158W-B	0.80163
3553	YGR057C	0.80163
3554	YLR276C	0.80162
3555	YMR074C	0.80161
3556	YDR152W	0.8016
3557	YMR029C	0.80158
3558	YOL054W	0.80156
3559	YJR119C	0.80156
3560	YDR316W	0.80152
3561	YKL088W	0.80145
3562	YER074W-A	0.80143
3563	YJR150C	0.80141
3564	YDR226W	0.80141
3565	YGR112W	0.8014
3566	YNL015W	0.8014
3567	YKL015W	0.80139
3568	YLL038C	0.80135
3569	YHR078W	0.80135
3570	YCR040W	0.80126
3571	YCL066W	0.80126
3572	YDR279W	0.80121
3573	YIR038C	0.80119
3574	YNL236W	0.80115
3575	YDR395W	0.80115
3576	YIL044C	0.80106
3577	YNL215W	0.801
3578	YFR032C	0.80097
3579	YGL133W	0.80095
3580	YJR046W	0.80094
3581	YMR012W	0.8009
3582	YIL017C	0.80085
3583	YGL124C	0.80082
3584	YCL004W	0.80082
3585	YIL009C-A	0.80075
3586	YDR246W	0.80064
3587	YDR027C	0.80063
3588	YKL082C	0.80063
3589	YGL030W	0.80062
3590	YIR041W	0.80057
3591	YHR038W	0.80052
3592	YOL076W	0.80047
3593	YKL219W	0.80044
3594	YPL220W	0.80044
3595	YGL135W	0.80044
3596	YNR038W	0.80035
3597	YJR066W	0.80031
3598	YER161C	0.80027
3599	YBR231C	0.80025
3600	YER024W	0.8002
3601	YMR042W	0.80015
3602	YGR109W-B	0.80012
3603	YML088W	0.80011
3604	YMR137C	0.80011
3605	YLR054C	0.80011
3606	YER160C	0.8001
3607	YER169W	0.80003
3608	YBR172C	0.8
3609	YDL099W	0.79978
3610	YLL013C	0.79978
3611	YOR116C	0.79976
3612	YML025C	0.79976
3613	YDR052C	0.79959
3614	YJR043C	0.79959
3615	YPR028W	0.79951
3616	YDR261C	0.79951
3617	YDR101C	0.79949
3618	YMR264W	0.79945
3619	YLR035C-A	0.79939
3620	YNL326C	0.79936
3621	YBL013W	0.79932
3622	YJR113C	0.79931
3623	YPL202C	0.79929
3624	YJL187C	0.79928
3625	YOR042W	0.79927
3626	YAR066W	0.79926
3627	YHR214W	0.79926
3628	YMR023C	0.79922
3629	YNL279W	0.79921
3630	YLR149C	0.79917
3631	YLR145W	0.79915
3632	YPL150W	0.79914
3633	YBL005W-B	0.79914
3634	YJL061W	0.79913
3635	YML099C	0.79908
3636	YHL044W	0.79906
3637	YNL054W-B	0.79905
3638	YDR108W	0.799
3639	YDR337W	0.79897
3640	YPR168W	0.79895
3641	YCR087C-A	0.79894
3642	YDR428C	0.79889
3643	YPL017C	0.79886
3644	YMR045C	0.7988
3645	YPL240C	0.79879
3646	YNL284C-B	0.79876
3647	YPL132W	0.79874
3648	YDR036C	0.79871
3649	YJR085C	0.79871
3650	YOR336W	0.79871
3651	YHR165W-A	0.79869
3652	YGL198W	0.79868
3653	YOR133W	0.79862
3654	YLR226W	0.79845
3655	YGR074W	0.79835
3656	YNL201C	0.7982
3657	YLL025W	0.79818
3658	YBL059C-A	0.79814
3659	YDR077W	0.79809
3660	YMR281W	0.79808
3661	YHR155W	0.79803
3662	YOL004W	0.79802
3663	YHR193C	0.79799
3664	YBR133C	0.79795
3665	YJR062C	0.79794
3666	YDR225W	0.79791
3667	YDR213W	0.79788
3668	YOR093C	0.79788
3669	YDR178W	0.79786
3670	YDR520C	0.79784
3671	YIL061C	0.79782
3672	YPL131W	0.79777
3673	YKR081C	0.79777
3674	YER095W	0.79771
3675	YGR254W	0.7977
3676	YDR512C	0.7977
3677	YML002W	0.79766
3678	YJR034W	0.79766
3679	YGL019W	0.79761
3680	YBR039W	0.79754
3681	YJR042W	0.79746
3682	YPL069C	0.7974
3683	YLL052C	0.79738
3684	YMR087W	0.79737
3685	YBL003C	0.79733
3686	YDR224C	0.7973
3687	YNR068C	0.7973
3688	YAR019C	0.79728
3689	YIL026C	0.79726
3690	YBL002W	0.79726
3691	YGR101W	0.79723
3692	YBR098W	0.79723
3693	YNL050C	0.79722
3694	YOR194C	0.79718
3695	YPL222W	0.79716
3696	YAR002W	0.79715
3697	YJL020C	0.79714
3698	YDR299W	0.79714
3699	YER146W	0.79711
3700	YDR496C	0.79711
3701	YPR098C	0.79705
3702	YKL207W	0.79702
3703	YER071C	0.79697
3704	YLR309C	0.79688
3705	YFR023W	0.79685
3706	YHR039C-A	0.79672
3707	YOR098C	0.79667
3708	YBL097W	0.79662
3709	YPL163C	0.79659
3710	YHR154W	0.79657
3711	YNL253W	0.79657
3712	YKL137W	0.79651
3713	YMR237W	0.7965
3714	YER047C	0.7965
3715	YOR123C	0.79646
3716	YJR084W	0.79644
3717	YPL098C	0.79644
3718	YDR147W	0.79639
3719	YMR156C	0.79634
3720	YMR026C	0.79632
3721	YDR478W	0.79631
3722	YOR138C	0.7963
3723	Q0275	0.79627
3724	YER140W	0.79625
3725	YJL069C	0.79625
3726	YPR089W	0.79621
3727	YJR138W	0.79617
3728	YIL156W	0.79614
3729	YJR074W	0.79603
3730	YDR295C	0.79598
3731	YER041W	0.79597
3732	YGR017W	0.79596
3733	YGR177C	0.79591
3734	YML016C	0.7959
3735	YNR007C	0.79586
3736	YDR262W	0.79581
3737	YNL183C	0.79581
3738	YHR133C	0.79575
3739	YNL173C	0.79566
3740	YOL088C	0.79564
3741	YDL004W	0.79564
3742	YHR004C	0.79564
3743	YHR140W	0.79562
3744	YBR119W	0.79561
3745	YMR263W	0.7956
3746	YLR065C	0.79556
3747	YMR020W	0.79555
3748	YCR075C	0.79554
3749	YMR040W	0.79554
3750	YHR052W	0.79548
3751	YBR025C	0.79548
3752	YGR026W	0.79542
3753	YCR091W	0.79537
3754	YER083C	0.79532
3755	YGL197W	0.79531
3756	YPL127C	0.79529
3757	YGR204W	0.79528
3758	YNR073C	0.79528
3759	YEL070W	0.79528
3760	YJL107C	0.79527
3761	YOL144W	0.79524
3762	YGL134W	0.79523
3763	YPR125W	0.7952
3764	YLR247C	0.7952
3765	YMR116C	0.79513
3766	YER139C	0.79505
3767	YDL013W	0.79487
3768	YPL034W	0.79483
3769	YJL201W	0.79477
3770	YPL126W	0.79474
3771	YDR228C	0.79474
3772	YBR289W	0.79472
3773	YJL101C	0.79471
3774	YDR412W	0.7947
3775	YFL029C	0.79469
3776	YLR164W	0.79467
3777	YKL172W	0.79463
3778	YLR015W	0.79457
3779	YJL112W	0.79456
3780	YDR429C	0.79456
3781	YGL227W	0.79452
3782	YPL149W	0.79451
3783	YMR192W	0.7945
3784	YDR071C	0.79439
3785	YGL233W	0.79434
3786	YMR143W	0.79429
3787	YDL083C	0.79429
3788	YDR221W	0.79428
3789	YCR024C	0.79426
3790	YLR312W-A	0.79423
3791	YKL025C	0.79419
3792	YCL043C	0.79417
3793	YPR009W	0.79414
3794	YDR200C	0.79414
3795	YDR192C	0.79397
3796	YDR315C	0.79396
3797	YIL134W	0.79396
3798	YGL161C	0.79395
3799	YLR205C	0.79392
3800	YDL114W	0.79384
3801	YOR064C	0.79374
3802	YDR308C	0.79369
3803	YDL142C	0.79368
3804	YOR319W	0.79363
3805	YBR122C	0.79357
3806	YMR106C	0.79356
3807	YAL044C	0.79355
3808	YNL051W	0.79353
3809	YKR057W	0.79343
3810	YLR093C	0.79337
3811	YAR033W	0.79335
3812	YLR087C	0.79332
3813	YGR003W	0.79332
3814	YLR051C	0.79326
3815	YKL057C	0.79324
3816	YLR007W	0.79321
3817	YMR190C	0.7932
3818	YDR179W-A	0.79316
3819	YAR031W	0.79316
3820	YNL310C	0.79313
3821	YGL136C	0.79311
3822	YGL212W	0.79306
3823	YNL322C	0.79306
3824	YNL058C	0.79304
3825	YCR034W	0.79303
3826	YOR249C	0.7929
3827	YMR186W	0.79289
3828	YGR243W	0.79287
3829	YBL010C	0.79273
3830	YDR451C	0.79271
3831	YBR123C	0.79267
3832	YNL080C	0.79262
3833	YLR233C	0.79252
3834	YPL016W	0.7925
3835	YHR041C	0.79248
3836	YJR112W	0.79244
3837	YOR289W	0.79236
3838	YGR171C	0.79235
3839	YDR057W	0.79234
3840	YPL252C	0.79227
3841	YER093C	0.79225
3842	YFL024C	0.79218
3843	YMR028W	0.79215
3844	YGR102C	0.79209
3845	YDR106W	0.79207
3846	YHL009C	0.79206
3847	YOR269W	0.79206
3848	YPL193W	0.79202
3849	YFL040W	0.79192
3850	YMR065W	0.7919
3851	YGL192W	0.79182
3852	YDR476C	0.79178
3853	YGR131W	0.79176
3854	YDR104C	0.79166
3855	YPL211W	0.79162
3856	YER046W	0.79161
3857	YLR148W	0.79157
3858	YBR129C	0.79147
3859	YLR039C	0.79147
3860	YOR019W	0.79143
3861	YJL132W	0.79143
3862	YGL129C	0.79134
3863	YJL039C	0.79134
3864	YCL024W	0.79126
3865	YDR018C	0.79114
3866	YDL008W	0.79114
3867	YML071C	0.79107
3868	YDR319C	0.79099
3869	YPR200C	0.79094
3870	YDR453C	0.7909
3871	YGR271C-A	0.79089
3872	YNL149C	0.79085
3873	YGR233C	0.79082
3874	YGL010W	0.7908
3875	YNR071C	0.79076
3876	YMR180C	0.79073
3877	YGR234W	0.79071
3878	YMR043W	0.79064
3879	YHR146W	0.79063
3880	YJL029C	0.79056
3881	YGL106W	0.79055
3882	YDR286C	0.79043
3883	YGR167W	0.79041
3884	YCL002C	0.79039
3885	YIL031W	0.79012
3886	YHR101C	0.7901
3887	YGR013W	0.79005
3888	YGL113W	0.79004
3889	YBR081C	0.78996
3890	YER039C-A	0.78996
3891	YAL041W	0.78995
3892	YJR102C	0.78992
3893	YML093W	0.78992
3894	YGR263C	0.78987
3895	YHL021C	0.7898
3896	YKR025W	0.78977
3897	YLR006C	0.78972
3898	YHL034C	0.78972
3899	YLR194C	0.78971
3900	YGR154C	0.78964
3901	YHL042W	0.78964
3902	YOR058C	0.78953
3903	YKL055C	0.78945
3904	YDR470C	0.78943
3905	YGR212W	0.78937
3906	YDL198C	0.78932
3907	YOL072W	0.78932
3908	YLR132C	0.78932
3909	YOR251C	0.7893
3910	YGR285C	0.78928
3911	YDR176W	0.78927
3912	YMR188C	0.78923
3913	YPL156C	0.78915
3914	YPR061C	0.78904
3915	YBL068W-A	0.78892
3916	YJR082C	0.7889
3917	YPL026C	0.78883
3918	YKL143W	0.78877
3919	YHR138C	0.78876
3920	YGL051W	0.78867
3921	YJL204C	0.7886
3922	YPL040C	0.78857
3923	YJR060W	0.78856
3924	YDR017C	0.78852
3925	YML055W	0.78849
3926	YKR004C	0.78849
3927	YNL038W	0.78845
3928	YJL092W	0.78845
3929	YJR090C	0.78841
3930	YLL019C	0.78839
3931	YOR115C	0.78821
3932	YDR302W	0.78817
3933	YHR219W	0.78816
3934	YJL070C	0.78815
3935	YKR031C	0.78804
3936	YAL065C	0.78801
3937	YDL183C	0.78799
3938	YGL032C	0.78799
3939	YOL042W	0.78799
3940	YPR163C	0.78795
3941	YDL216C	0.78792
3942	YNL308C	0.78783
3943	YOR106W	0.7878
3944	YKL149C	0.7878
3945	YLR278C	0.78776
3946	YBR239C	0.78776
3947	YKL092C	0.7877
3948	YDL031W	0.78769
3949	YNL055C	0.78766
3950	YKL188C	0.78765
3951	YLR199C	0.78763
3952	YDL074C	0.78755
3953	YBL074C	0.78754
3954	YHL022C	0.7874
3955	YBR278W	0.78739
3956	YDR068W	0.7873
3957	YNL026W	0.78725
3958	YPL256C	0.78721
3959	YPL067C	0.78721
3960	YCL037C	0.78715
3961	YDR081C	0.78715
3962	YGR270W	0.78714
3963	YJL016W	0.78705
3964	YJR022W	0.78703
3965	YNL110C	0.78703
3966	YPL241C	0.78702
3967	YKR007W	0.78696
3968	YPL242C	0.78695
3969	YDL043C	0.78695
3970	YML095C	0.78692
3971	YPR152C	0.78688
3972	YLR340W	0.78688
3973	YML034W	0.78686
3974	YOL028C	0.7868
3975	YBL084C	0.78674
3976	YJR140C	0.78672
3977	YLL053C	0.78664
3978	YJL003W	0.78663
3979	YIL112W	0.78661
3980	YDL145C	0.7866
3981	YKR036C	0.78657
3982	YOL138C	0.78655
3983	YMR077C	0.78648
3984	YPL107W	0.78642
3985	YNL284C	0.78639
3986	YLL032C	0.78637
3987	YBL038W	0.7863
3988	YOR085W	0.78628
3989	YMR193W	0.78621
3990	YGL174W	0.78617
3991	YBR279W	0.78611
3992	YDR449C	0.7861
3993	YOR294W	0.78603
3994	YBL004W	0.78599
3995	YEL053C	0.78596
3996	YIR005W	0.78592
3997	YHR023W	0.78583
3998	YDL112W	0.78581
3999	YOR247W	0.78575
4000	YMR070W	0.78574
4001	YHR097C	0.78564
4002	YJR055W	0.78561
4003	YGL215W	0.78561
4004	YNL315C	0.78556
4005	YGL159W	0.78549
4006	YBR091C	0.78547
4007	YOL013C	0.78547
4008	YDR416W	0.78547
4009	YCR090C	0.78547
4010	YLR287C	0.7854
4011	YNL213C	0.78538
4012	YOR308C	0.78527
4013	YGL254W	0.78523
4014	YDR210W	0.78523
4015	YKL011C	0.7852
4016	Q0110	0.78509
4017	YKL192C	0.78503
4018	YMR014W	0.785
4019	YLR368W	0.7849
4020	YER077C	0.7849
4021	YPR037C	0.78485
4022	YBL020W	0.78477
4023	YHR071W	0.78471
4024	YMR293C	0.7847
4025	YLR071C	0.7847
4026	YGL018C	0.78469
4027	YGR165W	0.78466
4028	YJL157C	0.78466
4029	YHR022C	0.78459
4030	YDR447C	0.78446
4031	YLR393W	0.78438
4032	YKR085C	0.78437
4033	YNR028W	0.78429
4034	YFL010C	0.78428
4035	YHR198C	0.78419
4036	YKL106W	0.78418
4037	YIL077C	0.78412
4038	YDR314C	0.78408
4039	YOR198C	0.78402
4040	YOL048C	0.78396
4041	YOR337W	0.7839
4042	YMR115W	0.78386
4043	YOR287C	0.78379
4044	YNL166C	0.78363
4045	YAR075W	0.78356
4046	YMR158W	0.78353
4047	YNL158W	0.78339
4048	YCL019W	0.78335
4049	YPR080W	0.78329
4050	YBR162W-A	0.78328
4051	YNR022C	0.78326
4052	YAL043C	0.78318
4053	YLR392C	0.78316
4054	YMR069W	0.78313
4055	YKL079W	0.78302
4056	YOL100W	0.783
4057	YDR169C	0.78299
4058	YPL173W	0.78297
4059	YGR106C	0.78287
4060	YIR033W	0.78277
4061	YOR383C	0.78277
4062	YNL234W	0.78271
4063	YKL049C	0.7827
4064	YLR142W	0.78264
4065	YML066C	0.78257
4066	YOL027C	0.78255
4067	YNL148C	0.78253
4068	YKL176C	0.78247
4069	YFL002W-A	0.78242
4070	YGR161W-B	0.78242
4071	YJR115W	0.78232
4072	YCL012C	0.7823
4073	YDL002C	0.78227
4074	YPL005W	0.78209
4075	YDR379W	0.78202
4076	YHR109W	0.78192
4077	YLR147C	0.78187
4078	YMR240C	0.78187
4079	YDR261W-B	0.78184
4080	YDR134C	0.78179
4081	YOR192C-B	0.78171
4082	YDL070W	0.78168
4083	YCR086W	0.78163
4084	YDL081C	0.78163
4085	YHR060W	0.78154
4086	YBR016W	0.78149
4087	YCR015C	0.78145
4088	YNL075W	0.78137
4089	YGR085C	0.78136
4090	YCR016W	0.78129
4091	YDR524C-B	0.78118
4092	YHR199C	0.78113
4093	YGL245W	0.78112
4094	YHR143W	0.78112
4095	YAL034C	0.7811
4096	YKL054C	0.78109
4097	YHR214C-C	0.78107
4098	YER150W	0.78106
4099	YLL016W	0.78105
4100	YDR334W	0.78105
4101	YDR363W-A	0.781
4102	YKR030W	0.78093
4103	YDR034C-D	0.78083
4104	YMR061W	0.78082
4105	YNL097C	0.78081
4106	YIL171W	0.7808
4107	YCR066W	0.78075
4108	YKL009W	0.78068
4109	YLR192C	0.78066
4110	YGR063C	0.78063
4111	YML024W	0.78059
4112	YKR065C	0.78056
4113	YHR172W	0.78056
4114	YPR139C	0.78055
4115	YLR095C	0.78053
4116	YPR122W	0.78049
4117	YDR141C	0.78047
4118	YGR038C-D/YGR038C-C	0.78042
4119	YHR132W-A	0.78041
4120	YPL003W	0.78041
4121	YGL016W	0.78041
4122	YDL077C	0.78033
4123	YER022W	0.78022
4124	YIL027C	0.78007
4125	YDR005C	0.78007
4126	YIR030C	0.78004
4127	YBR201W	0.78002
4128	YPL254W	0.77994
4129	YKL081W	0.77993
4130	YPL038W	0.77992
4131	YNR061C	0.77982
4132	YGL060W	0.77976
4133	YDR495C	0.77972
4134	YDL098C	0.77961
4135	YGL195W	0.77961
4136	YEL061C	0.77956
4137	YDR255C	0.77948
4138	YDR210W-B	0.77948
4139	YOL063C	0.77947
4140	YNL297C	0.7794
4141	YDL107W	0.7794
4142	YJL109C	0.77935
4143	YDL065C	0.77934
4144	YPL076W	0.77934
4145	YGL247W	0.77929
4146	Q0075	0.77928
4147	YGR058W	0.77925
4148	YPR100W	0.77922
4149	YKL167C	0.77921
4150	YFR011C	0.77917
4151	YJR080C	0.77914
4152	YLL007C	0.77908
4153	YPL041C	0.77906
4154	YCR032W	0.77902
4155	YLR459W	0.77901
4156	YDR369C	0.77896
4157	YLR410W-B	0.77891
4158	YCR093W	0.77879
4159	YKL170W	0.77873
4160	YDR124W	0.77869
4161	YNL081C	0.77868
4162	YCL031C	0.77858
4163	YJL013C	0.77854
4164	YBL045C	0.77854
4165	YMR133W	0.7785
4166	YDR511W	0.77835
4167	YHR174W	0.77828
4168	YLL040C	0.77827
4169	YBL033C	0.77826
4170	YGR089W	0.77818
4171	YOR078W	0.77817
4172	YKR083C	0.77815
4173	YNL193W	0.77806
4174	YKL206C	0.77803
4175	YPR117W	0.77802
4176	YPL048W	0.77796
4177	YGR088W	0.77794
4178	YPR166C	0.77793
4179	YBL100W-B	0.77788
4180	YOR060C	0.7778
4181	YIL159W	0.77767
4182	YBR111W-A	0.77764
4183	YCR033W	0.77761
4184	YBR215W	0.77758
4185	YGR052W	0.77756
4186	YKR035W-A	0.77753
4187	YPL085W	0.77747
4188	YDR320C-A	0.77747
4189	YDL160C-A	0.77739
4190	YIL161W	0.7773
4191	YIR011C	0.77725
4192	YGL073W	0.77722
4193	YPR057W	0.77716
4194	YER091C	0.77713
4195	YER188W	0.77711
4196	YLR396C	0.77709
4197	YDR204W	0.77698
4198	YJL173C	0.77695
4199	YBR044C	0.7769
4200	YDR050C	0.77686
4201	YLR310C	0.77685
4202	YPR116W	0.77678
4203	YNL208W	0.77677
4204	YHR082C	0.77677
4205	YCL028W	0.77676
4206	YNL304W	0.77673
4207	YOR343W-B	0.77666
4208	YJL083W	0.7766
4209	YLL017W	0.77657
4210	YJR136C	0.77645
4211	YNL136W	0.77643
4212	YGR038W	0.77641
4213	YBR195C	0.77633
4214	YMR176W	0.77624
4215	YIR043C	0.77618
4216	YGR096W	0.77616
4217	YDR379C-A	0.77615
4218	YIR015W	0.77612
4219	YOR369C	0.77611
4220	YDR276C	0.77608
4221	YDR348C	0.77606
4222	YDR079W	0.77604
4223	YJL065C	0.77601
4224	YMR168C	0.77593
4225	YFR034C	0.77579
4226	YLR439W	0.77579
4227	YPR199C	0.77578
4228	YPL120W	0.77574
4229	YKL195W	0.77574
4230	YLL014W	0.77562
4231	YJL151C	0.77547
4232	YNL172W	0.77545
4233	YHR067W	0.77543
4234	YIL084C	0.77538
4235	YPL075W	0.77532
4236	YDR335W	0.7753
4237	YDL012C	0.77496
4238	YOR020W-A	0.77491
4239	YGR184C	0.77491
4240	YDR484W	0.77487
4241	YMR016C	0.77485
4242	YGL142C	0.77482
4243	YDR076W	0.77478
4244	YFL046W	0.77473
4245	YIL062C	0.7747
4246	YML114C	0.77464
4247	YOR260W	0.77462
4248	YOL017W	0.77457
4249	YDL045W-A	0.77444
4250	YIL117C	0.77443
4251	YPL243W	0.77441
4252	YPR070W	0.7744
4253	YDR254W	0.77439
4254	YNL096C	0.77436
4255	Q0080	0.7742
4256	YMR111C	0.77417
4257	YNL300W	0.77413
4258	YKL060C	0.77405
4259	YGR122W	0.77403
4260	YNL068C	0.77401
4261	YLR422W	0.774
4262	YIL019W	0.77399
4263	YLR228C	0.77393
4264	YNL079C	0.77388
4265	YPR102C	0.7738
4266	YJR050W	0.77378
4267	YDR367W	0.77377
4268	YBR108W	0.77376
4269	YGL150C	0.77375
4270	YGL025C	0.77371
4271	YIL087C	0.77367
4272	YJL140W	0.77364
4273	YDR253C	0.77361
4274	YHL020C	0.77355
4275	YLR057W	0.77355
4276	YPR049C	0.77354
4277	YFR043C	0.7735
4278	YCR060W	0.77348
4279	YOR140W	0.77341
4280	YCL061C	0.77339
4281	YDR493W	0.77338
4282	YKR016W	0.77336
4283	YOL107W	0.77326
4284	YCL057C-A	0.77323
4285	YOR220W	0.77319
4286	YOR028C	0.77318
4287	YLR288C	0.7731
4288	YKL038W	0.77308
4289	YFL013C	0.77308
4290	YMR247C	0.77306
4291	YER058W	0.77305
4292	YDR458C	0.77299
4293	Q0115	0.77275
4294	YIL042C	0.77249
4295	YBR077C	0.77248
4296	YMR157C	0.77235
4297	YKL133C	0.77234
4298	YLR064W	0.77231
4299	YLR423C	0.77227
4300	YMR153W	0.77224
4301	YKL096W-A	0.77206
4302	YCR052W	0.77206
4303	YOL070C	0.77197
4304	YCR076C	0.7719
4305	YGR109W-A	0.7719
4306	YAL003W	0.77171
4307	YGR227W	0.77169
4308	YLR033W	0.77166
4309	YIL070C	0.77165
4310	YDL085C-A	0.77155
4311	YBR268W	0.7714
4312	YHR059W	0.77135
4313	YNL067W	0.77129
4314	YJL019W	0.77127
4315	YGL146C	0.77111
4316	YJR059W	0.7711
4317	YGL127C	0.77101
4318	YDR231C	0.77098
4319	YIL082W	0.77098
4320	YOR148C	0.77091
4321	YGR235C	0.77072
4322	YIL024C	0.77067
4323	YCL048W-A	0.77066
4324	YKL020C	0.77063
4325	YOL069W	0.77058
4326	YOR265W	0.77054
4327	YMR117C	0.77053
4328	YNR062C	0.77052
4329	YLR050C	0.7705
4330	YFR029W	0.77038
4331	YMR182C	0.77036
4332	YBR253W	0.77033
4333	YKR006C	0.77032
4334	YMR048W	0.77031
4335	YKL214C	0.7703
4336	YHR083W	0.77028
4337	YNR047W	0.77026
4338	YKR019C	0.77021
4339	YHR169W	0.76995
4340	YPR094W	0.76994
4341	YML027W	0.76978
4342	YJL105W	0.76978
4343	YHR159W	0.76975
4344	YGR201C	0.76971
4345	YOR080W	0.76966
4346	YJR020W	0.76962
4347	YBR083W	0.76954
4348	YPR036W	0.76953
4349	YDL088C	0.76942
4350	YGR072W	0.76941
4351	YFR040W	0.7694
4352	YMR021C	0.76937
4353	YJL052W	0.76933
4354	YHL023C	0.76928
4355	YPR106W	0.76927
4356	YOL047C	0.76927
4357	YPL146C	0.76922
4358	YKR008W	0.7692
4359	YNL053W	0.76914
4360	YKL041W	0.76909
4361	YKR027W	0.76905
4362	YJL049W	0.76893
4363	YLL005C	0.76892
4364	YGL093W	0.76889
4365	YPR185W	0.76887
4366	YDR087C	0.76887
4367	YMR258C	0.76881
4368	YLL021W	0.76876
4369	YER112W	0.76871
4370	YML017W	0.76868
4371	YGR192C	0.76853
4372	YBR072W	0.76849
4373	YIR004W	0.76838
4374	YMR199W	0.76838
4375	YER054C	0.76835
4376	YGR198W	0.76833
4377	YJL048C	0.76827
4378	YDR197W	0.76818
4379	YDR273W	0.76818
4380	YIL144W	0.76815
4381	YGR174C	0.76805
4382	YJR039W	0.76803
4383	YDR125C	0.76798
4384	YLR256W	0.76794
4385	YML076C	0.76787
4386	YKL048C	0.76782
4387	YLR024C	0.7678
4388	YGL162W	0.76772
4389	YDR298C	0.76766
4390	YBR049C	0.7676
4391	YOR230W	0.76758
4392	YIL111W	0.76757
4393	YBR204C	0.7675
4394	YDR333C	0.7675
4395	YLR067C	0.76738
4396	YLR407W	0.76738
4397	YLR356W	0.76737
4398	YBL090W	0.76736
4399	YOR179C	0.76732
4400	YHL027W	0.76719
4401	YLR098C	0.7671
4402	YNL265C	0.76707
4403	YBR247C	0.76705
4404	YLR136C	0.76703
4405	YDL157C	0.76695
4406	YNL245C	0.76691
4407	YBR269C	0.76679
4408	YLR009W	0.76675
4409	YBR216C	0.76674
4410	YLR110C	0.76672
4411	YHR105W	0.76659
4412	YDR371W	0.76653
4413	YGL071W	0.76644
4414	YNL230C	0.76641
4415	YPR095C	0.76638
4416	YGR037C	0.76637
4417	YJR009C	0.76628
4418	YDR466W	0.76622
4419	YFR020W	0.76609
4420	YGR242W	0.76604
4421	YPL011C	0.76601
4422	YNL227C	0.76595
4423	YPL139C	0.76593
4424	YMR284W	0.76573
4425	YIL071C	0.76569
4426	YDR486C	0.76556
4427	YOR229W	0.76555
4428	YNL167C	0.76544
4429	YER129W	0.76528
4430	YIL129C	0.76523
4431	YPL198W	0.76522
4432	YML050W	0.76521
4433	YDR322C-A	0.76517
4434	YJR104C	0.76512
4435	YLR454W	0.76499
4436	YDR086C	0.76493
4437	YGL090W	0.76485
4438	YHR017W	0.76474
4439	YDR078C	0.76471
4440	YDR146C	0.76469
4441	YGL147C	0.76467
4442	YOR208W	0.76437
4443	YDR505C	0.76434
4444	YMR119W	0.7643
4445	YLR364W	0.7643
4446	YNL041C	0.76426
4447	YHR008C	0.76421
4448	YLR424C-A	0.76415
4449	YKL101W	0.76409
4450	YNL122C	0.76405
4451	YNL002C	0.76399
4452	YJL063C	0.76394
4453	YIL049W	0.76393
4454	YCR012W	0.76391
4455	YGL059W	0.76388
4456	YJL099W	0.76382
4457	YOL147C	0.76367
4458	YDR322W	0.76363
4459	YBR168W	0.76356
4460	YPR109W	0.76349
4461	YDR357C	0.76347
4462	YDL115C	0.7633
4463	YLR174W	0.76328
4464	YJR134C	0.7631
4465	YMR274C	0.76309
4466	YER087C-B	0.763
4467	YDL066W	0.76298
4468	YNL157W	0.76298
4469	YLR381W	0.76296
4470	YLL004W	0.76293
4471	YBR255C-A	0.76292
4472	YBL103C	0.76281
4473	YMR060C	0.7628
4474	YDL044C	0.76275
4475	YPL278C	0.76269
4476	YPL166W	0.76269
4477	YDR381W	0.76267
4478	YNR040W	0.76253
4479	YMR172W	0.76251
4480	YMR032W	0.76246
4481	YIL154C	0.76229
4482	YNL009W	0.76222
4483	YGL108C	0.76218
4484	YBR128C	0.76208
4485	YIR018W	0.76205
4486	YML007W	0.76204
4487	YHR131C	0.76202
4488	YKL074C	0.76194
4489	YMR122W-A	0.76187
4490	YLL046C	0.76183
4491	YDR119W	0.76181
4492	YJR121W	0.76181
4493	YDR469W	0.76169
4494	YBR270C	0.76159
4495	YGR053C	0.76158
4496	YDL005C	0.76158
4497	YLR321C	0.76157
4498	YNR034W-A	0.76147
4499	YCL026C-B	0.76147
4500	YLR165C	0.76136
4501	YPL186C	0.76135
4502	YMR251W-A	0.76133
4503	YLR075W	0.76116
4504	YDL227C	0.76115
4505	YHR149C	0.76112
4506	YCR046C	0.76106
4507	YBR004C	0.76088
4508	YLR211C	0.76088
4509	YMR098C	0.76068
4510	YDR016C	0.76065
4511	YER076C	0.76064
4512	YBR150C	0.76046
4513	YML107C	0.76029
4514	YDL241W	0.76016
4515	YOR144C	0.76015
4516	YGL107C	0.75986
4517	YJL180C	0.7598
4518	YDR126W	0.75967
4519	YPL078C	0.75966
4520	YJL210W	0.7596
4521	YJR093C	0.75959
4522	YJL176C	0.75948
4523	YML028W	0.75942
4524	YJL047C	0.75921
4525	YKR095W	0.75916
4526	YBR282W	0.75914
4527	YDR110W	0.75911
4528	YER019C-A	0.75906
4529	YBR131W	0.75903
4530	YGL219C	0.75902
4531	YBR258C	0.75898
4532	YML059C	0.75892
4533	R0010W	0.75881
4534	YDR307W	0.75878
4535	YGR030C	0.7587
4536	YFR001W	0.75859
4537	YHR189W	0.75831
4538	YER184C	0.75828
4539	YOR253W	0.75824
4540	YKR020W	0.75819
4541	YKL205W	0.75805
4542	YBR233W-A	0.758
4543	YPL178W	0.75796
4544	YDR043C	0.75765
4545	YKL108W	0.75752
4546	YKL014C	0.7575
4547	YIR003W	0.75748
4548	YNL156C	0.75743
4549	YDL130W	0.75738
4550	YER126C	0.75737
4551	YGR147C	0.75735
4552	YKL183W	0.75712
4553	YOL089C	0.7571
4554	YER122C	0.75699
4555	YMR031C	0.75682
4556	YIL076W	0.75679
4557	YBR257W	0.75676
4558	YIL149C	0.75676
4559	YAR014C	0.7567
4560	YOR020C	0.75668
4561	YMR018W	0.75667
4562	YIL139C	0.75656
4563	YOL003C	0.75654
4564	YER075C	0.75654
4565	YDR233C	0.75653
4566	YGL066W	0.75648
4567	YDR303C	0.75632
4568	YOR228C	0.75627
4569	YLR350W	0.75625
4570	YMR311C	0.75609
4571	YBR036C	0.75607
4572	YFR045W	0.75601
4573	YLR271W	0.75601
4574	YER088C	0.75597
4575	YER109C	0.75589
4576	YBL025W	0.75578
4577	YPL216W	0.75575
4578	YJL095W	0.75563
4579	YOL026C	0.75547
4580	YMR164C	0.75545
4581	YLR127C	0.75544
4582	YDL139C	0.75536
4583	YHR156C	0.75531
4584	YGR202C	0.75531
4585	YGR098C	0.75517
4586	YOR150W	0.75513
4587	YNL185C	0.75508
4588	YLR128W	0.75499
4589	YDR138W	0.75486
4590	YJR135C	0.75486
4591	YKL122C	0.75479
4592	YNL008C	0.75478
4593	YDR217C	0.75462
4594	YBL054W	0.7546
4595	YDR064W	0.7546
4596	YGR081C	0.75446
4597	YCL029C	0.75443
4598	YBR066C	0.75441
4599	YMR286W	0.75431
4600	YPL060C-A	0.7543
4601	YGL076C	0.75419
4602	YMR073C	0.75406
4603	YNR063W	0.75394
4604	YOR221C	0.75392
4605	YLR068W	0.75386
4606	YHR119W	0.75382
4607	YAL011W	0.75379
4608	YNL187W	0.75364
4609	YPL144W	0.75362
4610	YDL173W	0.75354
4611	YGR144W	0.75352
4612	YJR053W	0.75329
4613	YPL177C	0.75325
4614	YLR073C	0.75322
4615	YLR151C	0.75322
4616	YMR280C	0.75313
4617	YCL076W	0.75312
4618	YCL039W	0.75311
4619	YNR024W	0.7531
4620	YDL170W	0.7531
4621	YPR093C	0.75306
4622	YKL162C	0.75305
4623	YOR137C	0.75302
4624	YPR015C	0.75301
4625	YMR159C	0.75299
4626	YGL145W	0.75278
4627	YOL052C-A	0.75276
4628	YNL052W	0.75276
4629	YGR129W	0.75275
4630	YLR442C	0.75259
4631	YGR250C	0.75253
4632	YPL070W	0.75249
4633	YGR249W	0.75247
4634	YDL020C	0.7524
4635	YCR075W-A	0.75236
4636	YCR099C	0.75231
4637	YDR464W	0.75223
4638	YOL077W-A	0.75222
4639	YJR041C	0.75203
4640	YGL249W	0.75199
4641	YER050C	0.75189
4642	YGL123W	0.75184
4643	YAL010C	0.75181
4644	YOR083W	0.75181
4645	YHR035W	0.75175
4646	YER048W-A	0.75172
4647	YPR132W	0.7517
4648	YGR118W	0.7517
4649	YKL156W	0.7517
4650	YER132C	0.75166
4651	YNL204C	0.75164
4652	YAL040C	0.75161
4653	YLL045C	0.7516
4654	YDR414C	0.75121
4655	YNL054W	0.7512
4656	YLR360W	0.7512
4657	YDL218W	0.75117
4658	YHR126C	0.75094
4659	YGL061C	0.75089
4660	YGL229C	0.75079
4661	YCR003W	0.75072
4662	YFR039C	0.75063
4663	YHL043W	0.75062
4664	YLR182W	0.75049
4665	YDR118W	0.75038
4666	YPR084W	0.75033
4667	YBR033W	0.75026
4668	YKL171W	0.75018
4669	YGL080W	0.75011
4670	YBR058C-A	0.75007
4671	YNL115C	0.75006
4672	YPL143W	0.75006
4673	YER048C	0.74976
4674	YGL013C	0.74973
4675	YML103C	0.7497
4676	YOL103W-A	0.74956
4677	YDR261C-C	0.74954
4678	YBL087C	0.74903
4679	YER117W	0.74903
4680	YJL073W	0.74903
4681	YOR373W	0.74903
4682	YPR158C-C	0.74885
4683	YFL007W	0.7488
4684	YBR250W	0.74872
4685	YGR023W	0.74855
4686	YML045W-A	0.74851
4687	YGR222W	0.74843
4688	YLR135W	0.74839
4689	YGL209W	0.74825
4690	YIL138C	0.74817
4691	YIR021W	0.74815
4692	YLR440C	0.74784
4693	YOL007C	0.74779
4694	YPL161C	0.74776
4695	YLR157C-A	0.74765
4696	YPL257W-A	0.74765
4697	YER137C-A	0.74765
4698	YDR365W-A	0.74765
4699	YLR141W	0.74763
4700	YPL119C-A	0.74757
4701	YGL041W-A	0.74753
4702	YJL044C	0.74746
4703	YMR295C	0.74744
4704	YLR242C	0.74743
4705	YPL047W	0.74741
4706	YNL091W	0.74736
4707	YJL115W	0.74732
4708	YJL076W	0.74728
4709	YOR234C	0.7472
4710	YDR066C	0.74716
4711	YGL096W	0.74715
4712	YLR404W	0.74711
4713	YML041C	0.74709
4714	YHR217C	0.74707
4715	YLR424W	0.74706
4716	YPR007C	0.74691
4717	YDR069C	0.74684
4718	YPR068C	0.74677
4719	YJR106W	0.74667
4720	YDL056W	0.74654
4721	YAR010C	0.74653
4722	YPR137C-A	0.74653
4723	YML029W	0.74645
4724	YKR049C	0.74643
4725	YIL055C	0.74632
4726	YMR017W	0.74632
4727	YDR098C-A	0.74625
4728	YMR100W	0.74624
4729	YLR204W	0.74615
4730	YIL132C	0.74614
4731	YGR161C-C	0.74606
4732	YER159C-A	0.74606
4733	YLR035C-B	0.74606
4734	YDR316W-A	0.74606
4735	YMR051C	0.74606
4736	YBR012W-A	0.74605
4737	YDL206W	0.74583
4738	YKL099C	0.7458
4739	YDR103W	0.74579
4740	YJR127C	0.74577
4741	YEL054C	0.74572
4742	YDR418W	0.74572
4743	YKL016C	0.74566
4744	YOR012W	0.74555
4745	YKR041W	0.74554
4746	YLR256W-A	0.74549
4747	YLR227W-A	0.74549
4748	YML040W	0.74549
4749	YJR026W	0.74549
4750	YER045C	0.74547
4751	YPL219W	0.74526
4752	YDR374C	0.74513
4753	YFL034C-A	0.74512
4754	YEL017W	0.74512
4755	YER180C-A	0.745
4756	YJL122W	0.74497
4757	YOR096W	0.74477
4758	YDR131C	0.74472
4759	YJL103C	0.74469
4760	YGR038C-A	0.74468
4761	YEL043W	0.74445
4762	YGR150C	0.74438
4763	YHL009W-B	0.74428
4764	Q0142	0.74424
4765	YCL049C	0.74419
4766	YBR031W	0.74419
4767	YJR028W	0.74414
4768	YNL144C	0.74408
4769	YNL133C	0.74407
4770	YDR499W	0.74407
4771	YLR013W	0.74406
4772	YDL067C	0.74401
4773	YDL211C	0.744
4774	YJL207C	0.74396
4775	YOR142W-A	0.74395
4776	YPR158W-A	0.74395
4777	YDR210C-C	0.74383
4778	YGL262W	0.74375
4779	YDL235C	0.74371
4780	YDR166C	0.74363
4781	YBL063W	0.74361
4782	YFR033C	0.74352
4783	YCL026C-A	0.74351
4784	YHR036W	0.74328
4785	YOL014W	0.74321
4786	YJL113W	0.74301
4787	YOL053W	0.74279
4788	YFR019W	0.74274
4789	YGL086W	0.74268
4790	YOR297C	0.74262
4791	YJR086W	0.74248
4792	YLR139C	0.74242
4793	YLR406C-A	0.74232
4794	YDR329C	0.74232
4795	YOL039W	0.74226
4796	YLR040C	0.74215
4797	YDR012W	0.74208
4798	YLR173W	0.74207
4799	YLR353W	0.74202
4800	YLR104W	0.74199
4801	YGR027W-A	0.74198
4802	YPL054W	0.74191
4803	YHR028W-A	0.74189
4804	YPL021W	0.74175
4805	YMR072W	0.74166
4806	YJL058C	0.74163
4807	YDR034C	0.74152
4808	YEL025C	0.74152
4809	YHL049C	0.74109
4810	YDR235W	0.7409
4811	YBL052C	0.74048
4812	YMR112C	0.74046
4813	YOR104W	0.7404
4814	YOR031W	0.74039
4815	YJL146W	0.74035
4816	YIL036W	0.74029
4817	YJR092W	0.74025
4818	YAL059W	0.74014
4819	YDL189W	0.74012
4820	YMR019W	0.74
4821	YNR036C	0.73983
4822	YMR232W	0.73964
4823	YLR265C	0.73937
4824	YLL003W	0.73923
4825	YDR285W	0.73923
4826	YEL072W	0.7392
4827	YOR129C	0.73916
4828	YML048W	0.73915
4829	YJL090C	0.73902
4830	YMR066W	0.73895
4831	YJR101W	0.73884
4832	YBL043W	0.73877
4833	YBR240C	0.73873
4834	YBR238C	0.73848
4835	YHL029C	0.73841
4836	YKL066W	0.7384
4837	YBR007C	0.73824
4838	YNL152W	0.73812
4839	YOL117W	0.738
4840	YLR109W	0.73798
4841	YCR097W	0.73798
4842	YBL009W	0.73779
4843	YDR163W	0.73761
4844	YHR182W	0.73759
4845	YDR123C	0.73748
4846	YER118C	0.73745
4847	YOR252W	0.73743
4848	YNL162W-A	0.73721
4849	YOR298W	0.7372
4850	YPL099C	0.73716
4851	YLR313C	0.73706
4852	YNL005C	0.73696
4853	YPR021C	0.7367
4854	YGL005C	0.73667
4855	YDR317W	0.73658
4856	YOR302W	0.73623
4857	YIL158W	0.73622
4858	YML081W	0.73619
4859	YDR170W-A	0.73613
4860	YDR153C	0.73612
4861	YIL052C	0.73612
4862	YLR292C	0.73608
4863	YNL284C-A	0.73607
4864	YDR310C	0.73605
4865	YDR073W	0.73583
4866	YNL314W	0.73572
4867	YPR010C-A	0.73563
4868	YML081C-A	0.73538
4869	YMR075W	0.73534
4870	YKR091W	0.73515
4871	YHR173C	0.73511
4872	YHR021C	0.73507
4873	YDR082W	0.735
4874	YDR425W	0.73491
4875	YJR089W	0.73472
4876	YGR041W	0.73468
4877	YHR143W-A	0.7345
4878	YGR113W	0.73445
4879	YPL018W	0.73442
4880	YNL309W	0.7344
4881	YLR431C	0.73433
4882	YGR027C	0.73429
4883	YNL054W-A	0.73427
4884	YDR422C	0.73414
4885	YGL258W	0.73414
4886	YER056C-A	0.73395
4887	YIL059C	0.73395
4888	YIL097W	0.73392
4889	YLR346C	0.73362
4890	YML128C	0.73354
4891	YGR161C	0.73347
4892	YLR325C	0.73347
4893	YKL159C	0.73343
4894	YPR013C	0.73337
4895	YOL031C	0.7333
4896	YLR131C	0.73329
4897	YML011C	0.73311
4898	YIR024C	0.73309
4899	YFL049W	0.73303
4900	YDR179C	0.73281
4901	YOR113W	0.73279
4902	YJL007C	0.73265
4903	YOR073W	0.73264
4904	YHL033C	0.73263
4905	YLR453C	0.7326
4906	YER028C	0.73241
4907	YGL176C	0.73223
4908	YGL191W	0.73221
4909	YOR147W	0.73215
4910	YDR143C	0.73197
4911	YBL028C	0.73186
4912	YHR180W	0.73179
4913	YER147C	0.7316
4914	YJR145C	0.73154
4915	YHR203C	0.73154
4916	YPR191W	0.73138
4917	YCL058W-A	0.73135
4918	YMR052W	0.73132
4919	YHR056C	0.73131
4920	YPL033C	0.73121
4921	YOR107W	0.7311
4922	YHR103W	0.73098
4923	YGR183C	0.73096
4924	YNL164C	0.73084
4925	YML043C	0.73067
4926	YHR127W	0.73062
4927	YLR021W	0.73057
4928	YPR171W	0.73053
4929	YOR266W	0.73051
4930	YBR182C	0.7305
4931	YDR532C	0.73036
4932	YNL042W	0.73035
4933	YDR482C	0.73031
4934	YMR025W	0.73023
4935	YMR046C	0.73015
4936	YOR032C	0.73012
4937	YMR316W	0.73003
4938	YDR271C	0.72997
4939	YDL073W	0.72985
4940	YJL062W-A	0.72978
4941	YMR204C	0.72975
4942	YBL005W-A	0.72966
4943	YOR193W	0.72938
4944	YKL208W	0.72935
4945	YER111C	0.72935
4946	YAL037W	0.72915
4947	YLL042C	0.72905
4948	YLR010C	0.72903
4949	YOL101C	0.72901
4950	YLR219W	0.72895
4951	YDR524C	0.72893
4952	YDR515W	0.72892
4953	YGL079W	0.7289
4954	YNL165W	0.72883
4955	YNR009W	0.72869
4956	YPR108W-A	0.72865
4957	YJL209W	0.7286
4958	YDR544C	0.72859
4959	YLR079W	0.72845
4960	YAL008W	0.72831
4961	YBL005W	0.72826
4962	YOR359W	0.72808
4963	YMR086W	0.7278
4964	YPR020W	0.72773
4965	YGR196C	0.72764
4966	YLL049W	0.72736
4967	YOL032W	0.72719
4968	YLR320W	0.72709
4969	YBR225W	0.72708
4970	YGR016W	0.727
4971	YMR294W	0.72694
4972	YFR049W	0.72678
4973	YML090W	0.72669
4974	YIL093C	0.72665
4975	YOR076C	0.7265
4976	YHR073C-B	0.7264
4977	YCR018C	0.7264
4978	YDL121C	0.72634
4979	YPL183W-A	0.72616
4980	YHR054W-A	0.72603
4981	YHR052W-A	0.72603
4982	YLR333C	0.72596
4983	YOL044W	0.72588
4984	YML083C	0.72586
4985	YMR124W	0.72564
4986	YKL185W	0.72561
4987	YGL103W	0.72557
4988	YBR188C	0.72555
4989	YLR298C	0.72553
4990	YGR076C	0.7255
4991	YIL101C	0.7251
4992	YKR034W	0.72506
4993	YMR064W	0.72495
4994	YPR040W	0.72489
4995	YKR005C	0.72478
4996	YOR354C	0.72469
4997	YDR446W	0.72465
4998	YFR012W	0.72437
4999	YHR063W-A	0.72427
5000	YDL232W	0.72427
5001	YMR257C	0.72421
5002	YMR179W	0.7242
5003	YJR030C	0.72416
5004	YKL204W	0.72414
5005	YML113W	0.72409
5006	YKL141W	0.72405
5007	YBR171W	0.72385
5008	YOR304C-A	0.72379
5009	YOR387C	0.72376
5010	YDR462W	0.72375
5011	YNL197C	0.72375
5012	YBR152W	0.72368
5013	YMR282C	0.72366
5014	YLR201C	0.72353
5015	YDL220C	0.72346
5016	YGR228W	0.72341
5017	YJL166W	0.7233
5018	YDR350C	0.72327
5019	YBR144C	0.72324
5020	YMR118C	0.7231
5021	YHR177W	0.723
5022	YKR045C	0.72284
5023	YIL002W-A	0.72279
5024	YGR130C	0.72271
5025	YBR107C	0.7227
5026	YDR383C	0.72265
5027	YOR276W	0.72235
5028	YBR191W-A	0.72229
5029	YPR050C	0.72218
5030	YHL009W-A	0.72211
5031	YDR034C-C	0.7221
5032	YCL027W	0.72202
5033	YER093C-A	0.72199
5034	YLL022C	0.72196
5035	YDR443C	0.72195
5036	YOR192C-A	0.7217
5037	YGR015C	0.72158
5038	YPL233W	0.72139
5039	YLR301W	0.72137
5040	YJR056C	0.72129
5041	YGL031C	0.72122
5042	YFL033C	0.72084
5043	YDR239C	0.72079
5044	YLR281C	0.72077
5045	YGL075C	0.72072
5046	YER137C	0.72066
5047	YDR096W	0.72047
5048	YDR156W	0.72044
5049	YCL021W	0.72038
5050	YMR198W	0.72033
5051	YLR125W	0.72032
5052	YAL024C	0.72031
5053	YOL083W	0.72031
5054	YHR079C-A	0.72021
5055	YCL051W	0.7202
5056	YDL053C	0.72018
5057	YBL073W	0.72009
5058	YLR286W-A	0.72004
5059	YNL338W	0.71998
5060	YKL050C	0.71994
5061	YAL032C	0.71988
5062	YER138W-A	0.71984
5063	YGL029W	0.71976
5064	YPL272C	0.71959
5065	YER149C	0.71956
5066	YBR056W-A	0.71954
5067	YBR272C	0.71944
5068	YLR376C	0.71943
5069	YCR083W	0.71938
5070	YLR329W	0.71934
5071	YJR071W	0.71923
5072	YDR261W-A	0.71911
5073	YAL042C-A	0.71907
5074	YDR382W	0.71907
5075	YFL064C	0.71888
5076	YNL254C	0.71885
5077	YOR178C	0.71876
5078	YMR187C	0.71868
5079	YPL168W	0.71867
5080	YML026C	0.71867
5081	YDR450W	0.71867
5082	YCL058C	0.71853
5083	YOR385W	0.71847
5084	YDL199C	0.71832
5085	YCL020W	0.71827
5086	YOR139C	0.71815
5087	YLR379W	0.71815
5088	YNL103W	0.71812
5089	YKL052C	0.71804
5090	YLR263W	0.71804
5091	YGL126W	0.71791
5092	YBR136W	0.7178
5093	YAL055W	0.71777
5094	YMR298W	0.71775
5095	YGL151W	0.71769
5096	YPL039W	0.71745
5097	YKR011C	0.71743
5098	YCR081W	0.71735
5099	YGR049W	0.71733
5100	YMR134W	0.71732
5101	YJR151W-A	0.71725
5102	YDR151C	0.71722
5103	YBR259W	0.717
5104	YFL002W-B	0.71698
5105	YGR161W-A	0.71698
5106	YGR214W	0.71694
5107	YLR221C	0.71694
5108	YJR079W	0.7168
5109	YDR088C	0.71675
5110	YBL107W-A	0.71675
5111	YNL027W	0.71674
5112	R0040C	0.71673
5113	YFL051C	0.71671
5114	YDL162C	0.71666
5115	YDR488C	0.71665
5116	YIR010W	0.7164
5117	YIL040W	0.71632
5118	YHR167W	0.71602
5119	YGR038C-E	0.71602
5120	YOR041C	0.71601
5121	YPL269W	0.71598
5122	YLR352W	0.71585
5123	YDL114W-A	0.71581
5124	YGR122C-A	0.71579
5125	YCL056C	0.71578
5126	YDR115W	0.71574
5127	YKL186C	0.71566
5128	YGR068W-A	0.7156
5129	YGL081W	0.71549
5130	YFR057W	0.71549
5131	YBR120C	0.71549
5132	YLR410W-A	0.71545
5133	YBR064W	0.71535
5134	YJL114W	0.71534
5135	YJL197C-A	0.71527
5136	YER034W	0.71523
5137	YJR146W	0.71511
5138	YNL176C	0.71503
5139	YKL086W	0.71502
5140	YML062C	0.71458
5141	YPL189C-A	0.71435
5142	YBL077W	0.71428
5143	YLR042C	0.71398
5144	YDR079C-A	0.71387
5145	YIL102C	0.71381
5146	YPR187W	0.71376
5147	YLR082C	0.71362
5148	YBR057C	0.71357
5149	YLR119W	0.7133
5150	YOR264W	0.71329
5151	YDL224C	0.71329
5152	YMR184W	0.71323
5153	YHR184W	0.71318
5154	YPL079W	0.7131
5155	YKR100C	0.71291
5156	YMR163C	0.71288
5157	YGR075C	0.71286
5158	YDL204W	0.71271
5159	YBL100W-A	0.71251
5160	YFR003C	0.71231
5161	Q0255	0.71205
5162	YDR210W-A	0.71202
5163	YAL047W-A	0.71194
5164	YPR164W	0.71194
5165	YNR049C	0.7119
5166	YGL226W	0.71183
5167	YLR436C	0.71178
5168	YNL069C	0.71162
5169	YER092W	0.71155
5170	YPL049C	0.71149
5171	YIR013C	0.71146
5172	YDR471W	0.71114
5173	YJL037W	0.71113
5174	YPL174C	0.7111
5175	YIL092W	0.71104
5176	YGR140W	0.71099
5177	YGL007C-A	0.71093
5178	YLR464W	0.71091
5179	YEL076C-A	0.71091
5180	YGR084C	0.71089
5181	YLR424C-B	0.71085
5182	YDR240C	0.71073
5183	YFL010W-A	0.71071
5184	YHR053C	0.7107
5185	YHR055C	0.7107
5186	YLL066W-B	0.71069
5187	YNL210W	0.71068
5188	YDR112W	0.71059
5189	YPL253C	0.71057
5190	YBR203W	0.71053
5191	YGR073C	0.71053
5192	YOR152C	0.71045
5193	YML015C	0.71043
5194	YGR251W	0.71042
5195	YLR154C	0.7102
5196	YML036W	0.71009
5197	YNL103W-A	0.70995
5198	YER040W	0.7099
5199	YNL184C	0.70968
5200	YIL119C	0.70964
5201	YGR230W	0.70962
5202	YMR290W-A	0.70956
5203	YGL024W	0.7095
5204	YOL159C	0.70944
5205	YHL034W-A	0.70938
5206	YBR275C	0.70938
5207	YJR123W	0.70929
5208	YDL089W	0.70924
5209	YDR259C	0.70914
5210	YIR014W	0.70906
5211	YEL076C	0.709
5212	YHR010W	0.70899
5213	YLR295C	0.70896
5214	YHR049C-A	0.70895
5215	YJL043W	0.70882
5216	YEL059C-A	0.70881
5217	YJR147W	0.70863
5218	YPL108W	0.70863
5219	YLR394W	0.70857
5220	YLR149C-A	0.70852
5221	YBR255W	0.70841
5222	YGR179C	0.70832
5223	YNL303W	0.70793
5224	YER155C	0.70789
5225	YBR191W	0.70788
5226	YIL045W	0.70778
5227	YPR071W	0.70775
5228	YOL166C	0.70775
5229	YDL219W	0.70771
5230	YOR343W-A	0.7076
5231	YPR202W	0.70759
5232	YGR182C	0.70756
5233	YPR092W	0.70743
5234	YPL158C	0.70733
5235	YMR135C	0.70724
5236	YIL127C	0.70724
5237	YLR124W	0.70723
5238	YOR030W	0.70719
5239	YGR077C	0.70708
5240	YGR067C	0.70705
5241	YBR135W	0.70702
5242	YJL038C	0.70699
5243	YKR101W	0.70691
5244	YIL098C	0.7069
5245	YGR259C	0.70686
5246	YPR177C	0.70679
5247	YAR053W	0.70678
5248	YOR195W	0.70675
5249	YDR183C-A	0.70674
5250	YBR130C	0.70671
5251	YPL192C	0.70656
5252	YDR014W	0.70646
5253	YDR182W-A	0.70646
5254	YLL002W	0.70642
5255	YGL217C	0.7064
5256	YJL136W-A	0.70627
5257	YML023C	0.70612
5258	YDR281C	0.70605
5259	YER145C-A	0.70603
5260	YML084W	0.70595
5261	YML073C	0.70586
5262	YDL068W	0.70585
5263	Q0017	0.70567
5264	YLL037W	0.70566
5265	YLR048W	0.70558
5266	YMR175W-A	0.70555
5267	YOR177C	0.70552
5268	YJL181W	0.70546
5269	YAL067W-A	0.70545
5270	YLR224W	0.70545
5271	YLL006W-A	0.70542
5272	YOL082W	0.7054
5273	YCL042W	0.70507
5274	YMR191W	0.70507
5275	YPL230W	0.70486
5276	YGL035C	0.70479
5277	YBL093C	0.70477
5278	YBR206W	0.70476
5279	YKL136W	0.70453
5280	YLL020C	0.7043
5281	YLR269C	0.70419
5282	YMR030W	0.70418
5283	YGR206W	0.70407
5284	YDL197C	0.70404
5285	YPL185W	0.70398
5286	YHR131W-A	0.70369
5287	YLR399W-A	0.70364
5288	YDR269C	0.70364
5289	YDR065W	0.70362
5290	YPR123C	0.70362
5291	YKR010C	0.70346
5292	YPL182C	0.70336
5293	YLR232W	0.70332
5294	YPR027C	0.70331
5295	YNL070W	0.7032
5296	YHR125W	0.70315
5297	YFR026C	0.70306
5298	YKR078W	0.70306
5299	YDR437W	0.70305
5300	YJR012C	0.70302
5301	YNR005C	0.70288
5302	YNL019C	0.70279
5303	YNL324W	0.70277
5304	YIR018C-A	0.70274
5305	YDR290W	0.70273
5306	YBR156C	0.70272
5307	YBL053W	0.70271
5308	YOR015W	0.70251
5309	YBR010W	0.70248
5310	YLR373C	0.70247
5311	YGL132W	0.70236
5312	YGL237C	0.7023
5313	YLR273C	0.70222
5314	YDR195W	0.702
5315	YKR046C	0.70199
5316	YGL168W	0.70199
5317	YNL150W	0.70187
5318	YLR140W	0.70187
5319	YNL089C	0.70186
5320	YDR426C	0.70173
5321	YLR395C	0.70168
5322	YHL025W	0.70167
5323	YGR069W	0.70167
5324	YLR448W	0.70163
5325	YER078W-A	0.7015
5326	YER189W	0.7015
5327	YPL114W	0.70145
5328	YLR159W	0.70133
5329	YLR161W	0.70133
5330	YLR156W	0.70133
5331	YGL041C-B	0.70125
5332	YIL068W-A	0.70113
5333	YBR184W	0.70082
5334	YBL071C	0.70079
5335	YEL010W	0.70059
5336	YLR437C	0.70057
5337	YGL152C	0.70056
5338	YGR134W	0.70054
5339	YGL226C-A	0.70053
5340	YBR292C	0.7005
5341	YLR408C	0.70021
5342	YBR009C	0.70019
5343	YFR042W	0.70017
5344	YOR263C	0.70016
5345	YPR016W-A	0.70015
5346	YDR227W	0.69997
5347	YOR024W	0.69993
5348	YJL066C	0.6999
5349	YHR001W-A	0.69976
5350	YAL028W	0.69976
5351	YOL166W-A	0.69968
5352	YNR004W	0.69968
5353	YIL037C	0.69961
5354	YNL143C	0.69957
5355	YDL129W	0.69953
5356	YIL014C-A	0.69948
5357	YNL033W	0.69929
5358	YKL030W	0.69928
5359	YER135C	0.69925
5360	YJL149W	0.69925
5361	YJL023C	0.69921
5362	YGR011W	0.69913
5363	YDR371C-A	0.69907
5364	YBL059W	0.69905
5365	YNL295W	0.69904
5366	YMR182W-A	0.69897
5367	YBR085C-A	0.69893
5368	YJL110C	0.69886
5369	YGR071C	0.69877
5370	YNL196C	0.69875
5371	YOR023C	0.69871
5372	YAL004W	0.69847
5373	YOR158W	0.69846
5374	YBR148W	0.69843
5375	YJR003C	0.6984
5376	YMR046W-A	0.69825
5377	YPL238C	0.69821
5378	YGL023C	0.69815
5379	YMR003W	0.69811
5380	YGR148C	0.69809
5381	YBR116C	0.69806
5382	YDR340W	0.69797
5383	YPR012W	0.69791
5384	YNL170W	0.69778
5385	YPR063C	0.6977
5386	YIR021W-A	0.69763
5387	YMR272W-B	0.69752
5388	YMR030W-A	0.69748
5389	YJR023C	0.69737
5390	YEL075C	0.69737
5391	YMR254C	0.69723
5392	YBR226C	0.69717
5393	YOR047C	0.69716
5394	R0020C	0.69715
5395	YMR147W	0.69697
5396	YLR150W	0.69689
5397	YEL017C-A	0.69688
5398	YNL199C	0.69684
5399	YDR034C-A	0.69683
5400	YDR351W	0.69682
5401	YGL041C	0.69676
5402	YOL086W-A	0.69673
5403	YGR209C	0.69671
5404	YCR063W	0.69667
5405	YOL091W	0.69663
5406	YDR455C	0.69658
5407	YBR027C	0.69657
5408	YJL120W	0.69649
5409	YOR293C-A	0.6964
5410	YLR297W	0.6964
5411	YLR198C	0.69633
5412	YJL009W	0.69628
5413	YJL056C	0.6962
5414	YMR013W-A	0.69612
5415	YLR283W	0.69606
5416	YHR050W-A	0.696
5417	YJR021C	0.69599
5418	YOL164W-A	0.69597
5419	YKL062W	0.69596
5420	YPL038W-A	0.6959
5421	YER038W-A	0.69587
5422	YOL035C	0.69582
5423	YDR201W	0.69577
5424	YDL130W-A	0.69574
5425	YBR076W	0.69569
5426	YHR058C	0.69559
5427	YER014C-A	0.69551
5428	YIL025C	0.69547
5429	YAL031C	0.69545
5430	YOR342C	0.69544
5431	YPR005C	0.69541
5432	YLR466C-B	0.69537
5433	YNR003W-A	0.69533
5434	YML129C	0.69531
5435	YGR293C	0.69528
5436	YNL233W	0.69521
5437	YLR169W	0.69521
5438	YDR374W-A	0.69503
5439	YLR018C	0.69493
5440	YIL018W	0.69486
5441	YFR031C-A	0.69486
5442	YDR157W	0.69485
5443	YDR034W-B	0.69483
5444	YGL199C	0.69479
5445	YOR282W	0.69478
5446	YOR135C	0.69471
5447	YDL022C-A	0.69468
5448	YOL083C-A	0.6946
5449	YER187W	0.6945
5450	YBL034C	0.69449
5451	YDR277C	0.69446
5452	YOR097C	0.69442
5453	YJL170C	0.69435
5454	YOR008C-A	0.69435
5455	YOR066W	0.69434
5456	YJR038C	0.6943
5457	YLR190W	0.69425
5458	YNR014W	0.69424
5459	YER038C	0.69419
5460	YOR200W	0.69416
5461	YDL041W	0.6941
5462	YLR311C	0.69409
5463	YLR171W	0.69406
5464	YER006C-A	0.69401
5465	YPR150W	0.69399
5466	YPR077C	0.69384
5467	YDL011C	0.69381
5468	YCR038C	0.69377
5469	YKR022C	0.69375
5470	YER023C-A	0.69369
5471	YLR262C-A	0.69366
5472	YEL020C-B	0.69363
5473	YIR044C	0.69351
5474	YCR065W	0.69341
5475	YKL083W	0.69334
5476	YKL058W	0.69334
5477	YIL100C-A	0.69331
5478	YDR003W-A	0.69323
5479	YLR462W	0.69321
5480	YOR214C	0.69317
5481	YBR197C	0.69312
5482	YLR227C	0.69304
5483	YML037C	0.69304
5484	YIL102C-A	0.69281
5485	YLR157W-E	0.69278
5486	YMR299C	0.6927
5487	YOR082C	0.69269
5488	YHR175W-A	0.69262
5489	YPL130W	0.69262
5490	YKL061W	0.69256
5491	YDR439W	0.69253
5492	YJL051W	0.69252
5493	YDR030C	0.69251
5494	YDR528W	0.69245
5495	YDR504C	0.69236
5496	YER158C	0.69232
5497	YNL174W	0.69223
5498	YAR029W	0.6922
5499	YMR307C-A	0.69218
5500	YBR221W-A	0.69218
5501	YDL247W-A	0.69216
5502	YAL026C-A	0.69213
5503	YKR073C	0.69211
5504	YGL021W	0.69207
5505	YJR083C	0.69201
5506	YCR024C-A	0.692
5507	YGR290W	0.69197
5508	YKL075C	0.69196
5509	YIL060W	0.69191
5510	YPL089C	0.69189
5511	YML108W	0.69181
5512	YDR360W	0.69172
5513	YDR524C-A	0.69172
5514	YGR008C	0.69164
5515	YDR377W	0.69155
5516	YDR199W	0.69154
5517	YML063W	0.69154
5518	YKL036C	0.69135
5519	YMR304C-A	0.69132
5520	YLR106C	0.69131
5521	YNL109W	0.6913
5522	YHR136C	0.69119
5523	YOR029W	0.69116
5524	YIR040C	0.69112
5525	YHR095W	0.69108
5526	YER188C-A	0.69105
5527	YGR045C	0.69105
5528	YOL150C	0.6908
5529	YFR008W	0.6908
5530	YIL029W-A	0.69079
5531	YGR204C-A	0.69072
5532	YKL063C	0.69064
5533	YBR089W	0.69055
5534	YJR157W	0.69054
5535	YMR160W	0.69042
5536	YLR061W	0.6904
5537	YIL122W	0.69038
5538	YDR008C	0.69033
5539	YCR047W-A	0.69031
5540	YDR048C	0.69027
5541	YDL176W	0.69026
5542	YPR195C	0.69024
5543	YOR277C	0.69022
5544	YIL156W-B	0.68997
5545	YKL023W	0.68985
5546	YCR020W-B	0.68965
5547	YLR254C	0.68964
5548	YFL065C	0.68963
5549	YOR114W	0.68962
5550	YMR107W	0.68959
5551	YIL071W-A	0.68954
5552	YHR160C	0.68944
5553	YHR180W-A	0.68933
5554	YIL105W-A	0.68932
5555	YJL032W	0.68924
5556	YEL074W	0.68924
5557	YGR142W	0.68907
5558	YBR266C	0.68905
5559	YOR350C	0.68905
5560	YAL025C	0.68902
5561	YHR165C	0.68894
5562	YLL059C	0.68893
5563	YGL109W	0.68891
5564	YOR335W-A	0.68888
5565	YMR036C	0.68888
5566	YEL018C-A	0.68886
5567	YNL120C	0.68886
5568	YHL005C	0.6888
5569	YKR054C	0.68874
5570	YER186C	0.6887
5571	YPL066W	0.68867
5572	YHL006C	0.68857
5573	YBR095C	0.68855
5574	YHL038C	0.68855
5575	YMR173W-A	0.68852
5576	YAR069C	0.68851
5577	YHR214C-D	0.68851
5578	YOR349W	0.68842
5579	YDL027C	0.6884
5580	YNL225C	0.68839
5581	YDL181W	0.6883
5582	YPR065W	0.68821
5583	YPR160C-A	0.68819
5584	YGR160W	0.68819
5585	YPL044C	0.68813
5586	YDL094C	0.68812
5587	YDR278C	0.68811
5588	YLR402W	0.68804
5589	YDR356W	0.68778
5590	YOR210W	0.68769
5591	YDL187C	0.68763
5592	YKL130C	0.68762
5593	YDL026W	0.68758
5594	YGL177W	0.68758
5595	YGR018C	0.68749
5596	YGR051C	0.68735
5597	YPR099C	0.68734
5598	YAL069W	0.68732
5599	YCR001W	0.68725
5600	YBL046W	0.68725
5601	YDL223C	0.68723
5602	YLR317W	0.68716
5603	YGR050C	0.68714
5604	YNL337W	0.68711
5605	YFL063W	0.68711
5606	YBL008W-A	0.68707
5607	YEL005C	0.68704
5608	YGR146C-A	0.68704
5609	YML031C-A	0.687
5610	YKL131W	0.68692
5611	YFL021W	0.68691
5612	YJL047C-A	0.68688
5613	YKL115C	0.68679
5614	YOR225W	0.68678
5615	YDR202C	0.68677
5616	YJL077C	0.68675
5617	YMR193C-A	0.68674
5618	YJL191W	0.68672
5619	YNL043C	0.68663
5620	YDR366C	0.68658
5621	YPR133W-A	0.68657
5622	YDL239C	0.68656
5623	YOR372C	0.68648
5624	YKL105C	0.68646
5625	YOR170W	0.6864
5626	YHR152W	0.68633
5627	YDL096C	0.68632
5628	YKL223W	0.68621
5629	YNL266W	0.68614
5630	YGL230C	0.68611
5631	YGR219W	0.68603
5632	YPR203W	0.686
5633	YLR441C	0.6859
5634	YDR216W	0.68589
5635	YHR214C-E	0.68583
5636	YAL068W-A	0.68579
5637	YML012C-A	0.68575
5638	YDR230W	0.68569
5639	YIL029C	0.6856
5640	YDL009C	0.68553
5641	YJL202C	0.68546
5642	YKR032W	0.68534
5643	YFL013W-A	0.68528
5644	YDL023C	0.68509
5645	YOR189W	0.68504
5646	YKL118W	0.68495
5647	YIL066W-A	0.68487
5648	YPR008W	0.68479
5649	YNR042W	0.68477
5650	YPR038W	0.68471
5651	YHR099W	0.68465
5652	YER167W	0.6844
5653	YPR036W-A	0.68425
5654	YDR219C	0.68423
5655	YER137W-A	0.68419
5656	YCR031C	0.68408
5657	YJL182C	0.68407
5658	YKL169C	0.68405
5659	YDR381C-A	0.68403
5660	YOR309C	0.68402
5661	YLR267W	0.68401
5662	YNL144W-A	0.68399
5663	YDR187C	0.68389
5664	YLR036C	0.68387
5665	YIL115W-A	0.68382
5666	YHR021W-A	0.68376
5667	YBL088C	0.68371
5668	YOL097W-A	0.68364
5669	YDR181C	0.6836
5670	YGR221C	0.6835
5671	YOL155W-A	0.68345
5672	YBR140C	0.68344
5673	YOR392W	0.68339
5674	YIL136W	0.68338
5675	YMR219W	0.68334
5676	YER115C	0.68322
5677	YDL158C	0.68316
5678	YOL029C	0.68315
5679	YMR094W	0.68313
5680	YIL141W	0.68308
5681	YEL018W	0.68292
5682	YGR115C	0.68291
5683	YLR400W	0.68277
5684	YLR029C	0.68274
5685	YJL199C	0.68256
5686	YLR223C	0.68253
5687	YJL067W	0.68252
5688	YML109W	0.68252
5689	YLR327C	0.68251
5690	YPR136C	0.68249
5691	YDR461W	0.68245
5692	YMR326C	0.68243
5693	YHR199C-A	0.68232
5694	YNR077C	0.68214
5695	YMR320W	0.68204
5696	YMR172C-A	0.682
5697	YDR114C	0.68192
5698	YKR015C	0.68189
5699	YOL159C-A	0.68188
5700	YDR396W	0.68185
5701	YLR434C	0.68185
5702	YAL031W-A	0.68179
5703	YNL179C	0.68179
5704	YKL037W	0.68178
5705	YDR543C	0.68178
5706	YGR031C-A	0.68177
5707	YGL175C	0.68174
5708	YFR056C	0.68169
5709	YDR207C	0.68168
5710	YHL001W	0.68167
5711	YLR163W-A	0.68165
5712	YGL218W	0.68165
5713	YOL036W	0.68158
5714	YHR130C	0.68157
5715	YLR101C	0.68148
5716	YDL016C	0.68144
5717	YMR306C-A	0.68136
5718	YHR137C-A	0.68135
5719	YDR025W	0.6813
5720	YBR048W	0.6813
5721	YLR120W-A	0.68118
5722	YDR361C	0.6811
5723	YAL037C-A	0.68108
5724	YDR535C	0.68101
5725	YOR316C-A	0.681
5726	YLR094C	0.6809
5727	YAL066W	0.68089
5728	YER119C-A	0.68086
5729	YPL200W	0.68086
5730	YLR122C	0.68083
5731	YER148W-A	0.68078
5732	YDR194W-A	0.68073
5733	YPR130C	0.68057
5734	YCL044C	0.68054
5735	YLR099W-A	0.68051
5736	YBR178W	0.68047
5737	YOL013W-B	0.6804
5738	YLL030C	0.68034
5739	YFR017C	0.6802
5740	YDL196W	0.68017
5741	YBR262C	0.68012
5742	YDR457W	0.68011
5743	YCL005W	0.68009
5744	YKL112W	0.68007
5745	YKR075W-A	0.67994
5746	YPL257W	0.67986
5747	YNL145W	0.67983
5748	YOL081W	0.67982
5749	YDR406W-A	0.67976
5750	YMR086C-A	0.67973
5751	YGL118C	0.6797
5752	YKL147C	0.67969
5753	YOL015W	0.67964
5754	YLR358C	0.67956
5755	YKL104W-A	0.67955
5756	YGL193C	0.67952
5757	YPR170W-B	0.67941
5758	YOL121C	0.6794
5759	YGR025W	0.6793
5760	YHL037C	0.67924
5761	YBL039C-A	0.67922
5762	YMR316C-A	0.67921
5763	YDL069C	0.67915
5764	YPR174C	0.67914
5765	YIR036W-A	0.67913
5766	YGL088W	0.67912
5767	YKL006W	0.67912
5768	YDL240C-A	0.6791
5769	YLR264W	0.67909
5770	YNL235C	0.67906
5771	YEL030C-A	0.67904
5772	YLR312C	0.67903
5773	YIL054W	0.67899
5774	YMR121C	0.6789
5775	YJL135W	0.67885
5776	YNL138W-A	0.67879
5777	YIL030W-A	0.67874
5778	YOR352W	0.67858
5779	YDL172C	0.67851
5780	YPR146C	0.67842
5781	YIL057C	0.67841
5782	YDR220C	0.67829
5783	YAL034C-B	0.67822
5784	YBR300C	0.67818
5785	YKR047W	0.67814
5786	YOR376W-A	0.67803
5787	YAR070C	0.67798
5788	YER068C-A	0.67789
5789	YOR146W	0.67778
5790	YOR186W	0.67772
5791	YNL046W	0.67769
5792	YER076W-A	0.67769
5793	YGR079W	0.67769
5794	YCR018C-A	0.67768
5795	YNR035C	0.67766
5796	YGL188C	0.67754
5797	YIL012W	0.67751
5798	YNL074C	0.67748
5799	YJL150W	0.67746
5800	YMR031W-A	0.67745
5801	YKL093W	0.67742
5802	YBR076C-A	0.67738
5803	YHR145C	0.67736
5804	YGR215W	0.67735
5805	YJL086C	0.67724
5806	YBL070C	0.67715
5807	YER172C-A	0.67714
5808	YBR012C	0.67704
5809	YKR040C	0.67692
5810	YDR203W	0.67689
5811	YDR537C	0.67683
5812	YHR087W	0.67662
5813	YOR068C	0.67652
5814	YJL205C	0.67649
5815	YNL302C	0.67642
5816	YDL191W	0.67642
5817	YDL136W	0.67642
5818	YBL109W	0.67637
5819	YHL002C-A	0.67631
5820	YKL076C	0.67626
5821	YJR087W	0.67607
5822	YCR013C	0.67601
5823	YDR431W	0.67601
5824	YLR428C	0.67578
5825	YDR102C	0.67569
5826	YNL067W-B	0.67566
5827	YOR394C-A	0.67561
5828	YMR255W	0.67556
5829	YLR366W	0.67554
5830	YLR302C	0.67552
5831	YPL261C	0.67552
5832	YDR461C-A	0.67541
5833	YDL221W	0.67537
5834	YBR232C	0.67532
5835	YER107W-A	0.67529
5836	YDR113C	0.67524
5837	YPL014W	0.6752
5838	YML007C-A	0.6752
5839	YOR183W	0.67518
5840	YML047W-A	0.67517
5841	YGR121W-A	0.67517
5842	YLR342W-A	0.67511
5843	YDL118W	0.67508
5844	YER165C-A	0.67485
5845	YBL094C	0.67473
5846	YMR105W-A	0.67465
5847	YBR134W	0.67464
5848	YLR123C	0.6746
5849	YGR190C	0.67458
5850	YER130C	0.67452
5851	YKR012C	0.67451
5852	YGR126W	0.67446
5853	YAL047C	0.67446
5854	YNL277W-A	0.67446
5855	YLR370C	0.6744
5856	YCL021W-A	0.67439
5857	YIL133C	0.67436
5858	YKR037C	0.67436
5859	YOR325W	0.67431
5860	YMR008C-A	0.67426
5861	YOL050C	0.67426
5862	YFR054C	0.67419
5863	YOR366W	0.67418
5864	YGR239C	0.67411
5865	YBR124W	0.6741
5866	YER046W-A	0.67408
5867	YIR016W	0.67407
5868	YGL042C	0.674
5869	YGL260W	0.67399
5870	YLR444C	0.67399
5871	YNL017C	0.67397
5872	YLR202C	0.67395
5873	YGL123C-A	0.67389
5874	YPL025C	0.67389
5875	YKL138C-A	0.67386
5876	YMR075C-A	0.67384
5877	YJR128W	0.67377
5878	YBL048W	0.67377
5879	YLR341W	0.67369
5880	YLR322W	0.67367
5881	YBR224W	0.67356
5882	YLR255C	0.67348
5883	YAL064W-B	0.67346
5884	YBL039W-B	0.67343
5885	YLR154W-C	0.67341
5886	YLR416C	0.67339
5887	YKL044W	0.67338
5888	YER091C-A	0.67335
5889	YJL015C	0.67335
5890	YDR296W	0.67334
5891	YER084W	0.67326
5892	YML034C-A	0.67323
5893	YMR141C	0.67321
5894	YOR231C-A	0.67317
5895	YHR086W-A	0.67312
5896	YHR153C	0.67311
5897	YNL086W	0.67307
5898	YBL006C	0.67299
5899	YFL012W-A	0.67297
5900	YDR274C	0.67293
5901	Q0010	0.67288
5902	YOR011W-A	0.67286
5903	YGL258W-A	0.6728
5904	YBR032W	0.67271
5905	YEL050W-A	0.67269
5906	YFR032C-B	0.67266
5907	YHR014W	0.67263
5908	YLR365W	0.67257
5909	YOR167C	0.67257
5910	YIL135C	0.67252
5911	YCL001W-A	0.6725
5912	YMR158W-B	0.6725
5913	YIL020C-A	0.67249
5914	YJL162C	0.67215
5915	YDL075W	0.67214
5916	YLR463C	0.67212
5917	YAL016C-B	0.67187
5918	YNR045W	0.67184
5919	YFL032W	0.6717
5920	YJL169W	0.67163
5921	YMR245W	0.6716
5922	YKL177W	0.67157
5923	YDR014W-A	0.67155
5924	YBL092W	0.67155
5925	YPR142C	0.67155
5926	YNL146C-A	0.67153
5927	YHL019W-A	0.6715
5928	YDR309C	0.67147
5929	YJL184W	0.67146
5930	YMR153C-A	0.67144
5931	YJL064W	0.67142
5932	YNL228W	0.67131
5933	YDR320W-B	0.67128
5934	YFL015C	0.67119
5935	YCL063W	0.67112
5936	YER053C-A	0.6711
5937	YLR041W	0.67109
5938	YGR270C-A	0.67103
5939	YEL073C	0.671
5940	YGL189C	0.671
5941	YCR095W-A	0.67098
5942	YER133W-A	0.67096
5943	YOL160W	0.6709
5944	YPR101W	0.67088
5945	YEL068C	0.67086
5946	YPR197C	0.67079
5947	YPL052W	0.67067
5948	YLR406C	0.67044
5949	YGL069C	0.67041
5950	YOR072W	0.6704
5951	YAL016C-A	0.67034
5952	YGL052W	0.67033
5953	YML094C-A	0.67019
5954	YBR141W-A	0.67018
5955	YNL159C	0.67013
5956	YAR030C	0.67004
5957	YEL053W-A	0.67
5958	YOR199W	0.66998
5959	YDR044W	0.66996
5960	YBR200W-A	0.66985
5961	YOR108C-A	0.66978
5962	YBR109W-A	0.66972
5963	YMR135W-A	0.66972
5964	YLR338W	0.66966
5965	YOR192C-C	0.66966
5966	YOR324C	0.66949
5967	YDR494W	0.66948
5968	YNL205C	0.66929
5969	YPL118W	0.66923
5970	YDR024W	0.66917
5971	YDL152W	0.66913
5972	YPR151C	0.66908
5973	YNL076W	0.66893
5974	YLL033W	0.66892
5975	YPL035C	0.66891
5976	YEL075W-A	0.66884
5977	YJL188C	0.66872
5978	YJL152W	0.66866
5979	YGL214W	0.66865
5980	YLR217W	0.66863
5981	YHR139C-A	0.66862
5982	YIL089W	0.66862
5983	YBL031W	0.66856
5984	YPR053C	0.6685
5985	YCL046W	0.6684
5986	YDR509W	0.66832
5987	YML089C	0.66831
5988	YNL269W	0.66828
5989	YLR146W-A	0.66826
5990	YLR307C-A	0.66825
5991	YFR009W-A	0.66812
5992	YPL225W	0.668
5993	YPR078C	0.66798
5994	YKL042W	0.66794
5995	YER131W	0.66794
5996	YMR001C-A	0.66792
5997	YDR445C	0.66782
5998	YLR296W	0.66781
5999	YPL201C	0.66776
6000	YDR130C	0.66775
6001	YNL114C	0.66773
6002	YDR401W	0.66772
6003	YBL108W	0.66754
6004	YCL054W-A	0.66753
6005	YAL056C-A	0.66746
6006	YMR270C	0.66743
6007	YCR064C	0.6673
6008	YGR035W-A	0.66727
6009	YIR030W-A	0.66723
6010	YLR264C-A	0.66706
6011	Q0144	0.66704
6012	YDR526C	0.66701
6013	YLR415C	0.66701
6014	YLR339C	0.66693
6015	YMR013C-A	0.66685
6016	YDR209C	0.66675
6017	YKL096C-B	0.66672
6018	YGL138C	0.66661
6019	YCR085W	0.66645
6020	YOR073W-A	0.66643
6021	YBR051W	0.66641
6022	YBL071C-B	0.66629
6023	YMR247W-A	0.66629
6024	YLR257W	0.66624
6025	YOL079W	0.66623
6026	YGL074C	0.66621
6027	YNL226W	0.66612
6028	YGR064W	0.66611
6029	YGL182C	0.66603
6030	YPL152W-A	0.66597
6031	YCR043C	0.66578
6032	YNR025C	0.66578
6033	YCL065W	0.66574
6034	YNL276C	0.66569
6035	YPL205C	0.66565
6036	YDR223W	0.66558
6037	YJR108W	0.66557
6038	YIL142C-A	0.66555
6039	YHR212W-A	0.66544
6040	YAR061W	0.66544
6041	YOL024W	0.66532
6042	YFR036W-A	0.66531
6043	YDR529C	0.66527
6044	Q0143	0.66524
6045	YOR186C-A	0.66523
6046	YPR002C-A	0.66516
6047	YML100W-A	0.66514
6048	YBR099C	0.6651
6049	YDL242W	0.66477
6050	YHR022C-A	0.66475
6051	YMR057C	0.66446
6052	YFL014W	0.66442
6053	YBR103C-A	0.66422
6054	YGL117W	0.66421
6055	YOL104C	0.66421
6056	YCR022C	0.66411
6057	YCR097W-A	0.66405
6058	YER087C-A	0.66398
6059	YBL065W	0.66391
6060	YOR279C	0.6639
6061	YBR189W	0.6638
6062	YDR028C	0.6638
6063	YKL183C-A	0.6638
6064	YJL022W	0.66378
6065	YER033C	0.66377
6066	YHL048C-A	0.66376
6067	YFR046C	0.66376
6068	YIR023C-A	0.66373
6069	YHR061C	0.66363
6070	YPL081W	0.66357
6071	YBL083C	0.66357
6072	YHL046W-A	0.66355
6073	YDR413C	0.66354
6074	YMR037C	0.66352
6075	YMR230W-A	0.66339
6076	YGR275W	0.66335
6077	YKR077W	0.66325
6078	YDR524W-C	0.66324
6079	YIL156W-A	0.66323
6080	YFL041W-A	0.6631
6081	YAL045C	0.66308
6082	YJR120W	0.66302
6083	YML091C	0.663
6084	YDR169C-A	0.66299
6085	YGL239C	0.66294
6086	YAR047C	0.66277
6087	YAL063C-A	0.66275
6088	YKL225W	0.66269
6089	YNL171C	0.66265
6090	YAR035C-A	0.66262
6091	YDR095C	0.66248
6092	YEL067C	0.66248
6093	YKL102C	0.66243
6094	YLR031W	0.6624
6095	YPL142C	0.66239
6096	YDR246W-A	0.66234
6097	YNL034W	0.66226
6098	YHR069C-A	0.66225
6099	YDR042C	0.66224
6100	YLR030W	0.66222
6101	YFL021C-A	0.66215
6102	YPR014C	0.66206
6103	YMR059W	0.66196
6104	YGL223C	0.66188
6105	YJL156W-A	0.66179
6106	YBR219C	0.66171
6107	YLR162W-A	0.66163
6108	YER124C	0.66161
6109	YMR052C-A	0.6616
6110	YJL142C	0.66159
6111	YDR241W	0.66158
6112	YJL215C	0.66158
6113	YMR272W-A	0.66154
6114	YCL001W	0.66148
6115	YBR045C	0.66146
6116	YAR064W	0.66143
6117	YMR148W	0.66131
6118	YIL146C	0.66125
6119	YGR265W	0.66118
6120	YOR314W	0.66114
6121	YLR388W	0.6611
6122	YHR007C-A	0.6611
6123	YOL046C	0.66109
6124	YDL034W	0.66101
6125	YBR190W	0.66098
6126	YBL100W-C	0.66095
6127	YBL044W	0.66095
6128	YJR018W	0.66091
6129	YLR349W	0.66069
6130	YOL037C	0.66069
6131	YIL174W	0.66069
6132	YJL222W-A	0.66069
6133	YJL195C	0.66064
6134	YOR345C	0.66047
6135	YGR226C	0.66046
6136	YER088C-A	0.6604
6137	YHL006W-A	0.66036
6138	YGR168C	0.66034
6139	YMR144W	0.66029
6140	YNL018C	0.66019
6141	YDR442W	0.66017
6142	YOR331C	0.66013
6143	YJL020W-A	0.66012
6144	YNL311C	0.66009
6145	YOR050C	0.65997
6146	YER085C	0.65997
6147	YJL211C	0.65994
6148	YOR034C-A	0.65994
6149	YOL013W-A	0.65989
6150	YKR033C	0.65988
6151	YOL025W	0.65982
6152	YLR052W	0.65979
6153	YIL086C	0.65972
6154	YAL064W	0.65966
6155	YML116W-A	0.65964
6156	YNL097C-B	0.65963
6157	YNL319W	0.65961
6158	YGR039W	0.65956
6159	YHR073W-A	0.65956
6160	YDR417C	0.65952
6161	YDR510C-A	0.65948
6162	YEL034C-A	0.65947
6163	YPL062W	0.65945
6164	YNL195C	0.65916
6165	YLR043C	0.6591
6166	YPL180W	0.65901
6167	YDR344C	0.65899
6168	YML101C-A	0.65892
6169	YJR162C	0.65865
6170	YPL121C	0.65857
6171	YGR169C-A	0.65842
6172	YPR044C	0.65808
6173	YMR158C-A	0.65792
6174	YGR161W-C	0.65783
6175	YAR060C	0.65769
6176	YHR212C	0.65769
6177	YBR182C-A	0.65762
6178	YIL028W	0.65757
6179	YER147C-A	0.65757
6180	YHR213W-B	0.65752
6181	YOL134C	0.65749
6182	YPL135C-A	0.65746
6183	YDR186C	0.65746
6184	YNL198C	0.65743
6185	YMR273C	0.65739
6186	YOL120C	0.65737
6187	YNL301C	0.65737
6188	YJL127W-A	0.65732
6189	YGR120C	0.65723
6190	YLR294C	0.65716
6191	YLR049C	0.65696
6192	YOR235W	0.65693
6193	YPL102C	0.65691
6194	YNL100W	0.65684
6195	YER032W	0.65681
6196	YNR001W-A	0.65677
6197	YDL159W-A	0.65668
6198	YGR139W	0.65667
6199	YPL027W	0.6566
6200	YLL047W	0.65658
6201	YPL055C	0.65657
6202	YMR151W	0.65653
6203	YGL063C-A	0.65653
6204	YPR134W	0.65637
6205	YMR141W-A	0.65634
6206	YAL059C-A	0.65629
6207	YGL165C	0.6562
6208	YKL123W	0.65613
6209	YDL086C-A	0.65588
6210	YJL089W	0.65586
6211	YBR296C-A	0.65584
6212	YOR314W-A	0.65584
6213	YBR072C-A	0.65571
6214	YGL128C	0.65568
6215	YDR184C	0.65565
6216	YCR041W	0.65561
6217	YIL163C	0.65561
6218	YMR256C	0.65557
6219	YDL025W-A	0.65552
6220	YML099W-A	0.65542
6221	YOL109W	0.65536
6222	YHL041W	0.65534
6223	YNR037C	0.6552
6224	YPL080C	0.65509
6225	YJL185C	0.65504
6226	YLR458W	0.65492
6227	YER074W	0.65477
6228	YIL069C	0.65477
6229	YGR153W	0.65452
6230	YPL267W	0.65452
6231	YOR379C	0.65451
6232	YDR015C	0.65443
6233	YGL149W	0.65424
6234	YPR039W	0.65422
6235	YEL008W	0.65414
6236	YBR298C-A	0.65404
6237	YBR063C	0.65393
6238	YGR291C	0.65389
6239	YBR196C-A	0.65385
6240	YDR521W	0.65381
6241	YLR222C-A	0.65373
6242	YGR114C	0.65372
6243	YPR169W-A	0.65368
6244	YPR170W-A	0.65362
6245	YIR020C-B	0.65355
6246	YMR194W	0.65352
6247	YNL296W	0.65344
6248	YPL077C	0.65336
6249	YPL073C	0.65335
6250	YNL285W	0.65321
6251	YHR072W-A	0.6532
6252	YOR169C	0.65315
6253	YER097W	0.65312
6254	YMR294W-A	0.65307
6255	YBR071W	0.65306
6256	YJR140W-A	0.65294
6257	YDR355C	0.6529
6258	YJL077W-A	0.65279
6259	YJL220W	0.65273
6260	YIL171W-A	0.65273
6261	YBL096C	0.65272
6262	YDL159C-B	0.65271
6263	YCL022C	0.65271
6264	YGR176W	0.65266
6265	YPL124W	0.65247
6266	YMR242W-A	0.65239
6267	YFR010W-A	0.65237
6268	YCR025C	0.6522
6269	YJL075C	0.65208
6270	YDR250C	0.65207
6271	YAR019W-A	0.65192
6272	YEL059W	0.65189
6273	YFL019C	0.65183
6274	YNR075C-A	0.65179
6275	YBR047W	0.65176
6276	YCR081C-A	0.65171
6277	YAL027W	0.65127
6278	YJR114W	0.65096
6279	YIR020C	0.65095
6280	YOR364W	0.65093
6281	YNL013C	0.65093
6282	YOR063W	0.65091
6283	YPL255W	0.65089
6284	YDL169C	0.65088
6285	YDR327W	0.65061
6286	YIL021C-A	0.65056
6287	YML057C-A	0.65053
6288	YML006C	0.65047
6289	YOR161W-B	0.65045
6290	YHR054C	0.6504
6291	YEL028W	0.65036
6292	YGR164W	0.6502
6293	YDL076C	0.65017
6294	YBR230C	0.65007
6295	YGL006W-A	0.65
6296	YKL165C-A	0.64993
6297	YNL188W	0.64979
6298	YKL156C-A	0.64971
6299	YDR085C	0.64961
6300	YDR119W-A	0.64956
6301	YML058W	0.64942
6302	YDR249C	0.64941
6303	YBR165W	0.64936
6304	YHR093W	0.64935
6305	YHL045W	0.64914
6306	YCR024C-B	0.6491
6307	YAL037C-B	0.64909
6308	YOR315W	0.64909
6309	YDR118W-A	0.64906
6310	YDR215C	0.64899
6311	YNL078W	0.64895
6312	YNL211C	0.64887
6313	YER066C-A	0.64887
6314	YDR467C	0.64886
6315	YGR240C-A	0.64884
6316	YOR032W-A	0.64869
6317	YLR465C	0.64863
6318	YGL188C-A	0.64856
6319	YDR136C	0.64855
6320	YCL023C	0.64843
6321	YOR318C	0.64842
6322	YJR107C-A	0.64821
6323	YGR137W	0.64814
6324	YOL131W	0.64799
6325	Q0182	0.64797
6326	YJL127C-B	0.64784
6327	YCR038W-A	0.64782
6328	YAL019W-A	0.64779
6329	YEL014C	0.6476
6330	YHR195W	0.64756
6331	YDR094W	0.64753
6332	YBR174C	0.64742
6333	YHR071C-A	0.64728
6334	YPL250W-A	0.64727
6335	YDR275W	0.64719
6336	YMR324C	0.64704
6337	YER104W	0.64699
6338	YMR242C	0.64697
6339	YOR312C	0.64697
6340	YLR111W	0.64687
6341	YLR162W	0.64678
6342	YGR035C	0.64672
6343	YHR032C-A	0.64671
6344	YNL203C	0.64655
6345	YIR020W-A	0.64647
6346	YOR045W	0.646
6347	YLR364C-A	0.64583
6348	YJL052C-A	0.64578
6349	YER018C	0.64561
6350	YDL062W	0.64549
6351	YER084W-A	0.64533
6352	YPL251W	0.64527
6353	YLR361C-A	0.64521
6354	YER044C-A	0.64518
6355	YGR273C	0.64513
6356	YLR285C-A	0.64502
6357	YEL035C	0.64502
6358	YDR480W	0.64493
6359	YPL071C	0.64489
6360	YPL068C	0.64481
6361	YKL065W-A	0.64476
6362	YNL024C-A	0.6446
6363	YLL065W	0.64455
6364	YDR464C-A	0.64454
6365	YPR158W	0.6444
6366	YPR170C	0.64436
6367	YGL222C	0.64434
6368	YOR203W	0.64432
6369	YKL056C	0.64415
6370	YPL250C	0.64415
6371	YLR374C	0.64409
6372	YOL127W	0.64406
6373	YBR173C	0.64402
6374	YLR252W	0.64358
6375	YDL180W	0.64356
6376	YBL100C	0.64349
6377	YML119W	0.64347
6378	YGR269W	0.64328
6379	YIL047C-A	0.64304
6380	YLR154W-E	0.64301
6381	YER175W-A	0.64293
6382	YLR157W-D	0.64288
6383	YML122C	0.64282
6384	YOL085W-A	0.64278
6385	YFL012W	0.64273
6386	YEL009C-A	0.64273
6387	YPR096C	0.64243
6388	YIL177W-A	0.64241
6389	YJL225W-A	0.64241
6390	YDL213W-A	0.64237
6391	YGL057C	0.64234
6392	YOR313C	0.64228
6393	YLR334C	0.64224
6394	YHR070C-A	0.64212
6395	YFR052C-A	0.6419
6396	YML053C	0.64189
6397	YNL130C-A	0.64172
6398	YGL204C	0.64164
6399	YER090C-A	0.64156
6400	YFR035C	0.64139
6401	YPR076W	0.64136
6402	YIR017W-A	0.64136
6403	YOR161W-A	0.64132
6404	YCR108C	0.64127
6405	YMR103C	0.64112
6406	YGR107W	0.64111
6407	YGL072C	0.64093
6408	YJR037W	0.64069
6409	YLR299C-A	0.64045
6410	YJL147C	0.6404
6411	YPL159C	0.64019
6412	YPL249C-A	0.64017
6413	YJR011C	0.64004
6414	YBR211C	0.64003
6415	YGL014C-A	0.63955
6416	YBR277C	0.63952
6417	YLR282C	0.63935
6418	YOR102W	0.63915
6419	YGL235W	0.63912
6420	YKL031W	0.63911
6421	YOL038C-A	0.63904
6422	YBR050C	0.63899
6423	YML054C-A	0.63896
6424	YER106W	0.63862
6425	YJL077W-B	0.63831
6426	YPL037C	0.6383
6427	YNL178W	0.63804
6428	YNL214W	0.63803
6429	YOL118C	0.63791
6430	YHR182C-A	0.63779
6431	YLR062C	0.63769
6432	YOR300W	0.63767
6433	YBR121C-A	0.63763
6434	YDL061C	0.63754
6435	YHL015W-A	0.63752
6436	YOR396C-A	0.63748
6437	YLR466C-A	0.63748
6438	YLR467C-A	0.63748
6439	YDL163W	0.63741
6440	YOR105W	0.63723
6441	YDR525W	0.6372
6442	YLL067W-A	0.63716
6443	YLL066W-A	0.63716
6444	YFL068W	0.63716
6445	YIL058W	0.63704
6446	YGR236C	0.63685
6447	YGR034W	0.63684
6448	YJL175W	0.63681
6449	YDR053W	0.63677
6450	YHL050W-A	0.63661
6451	YBL113W-A	0.63657
6452	YIL175W	0.63653
6453	YJL222W-B	0.63653
6454	YLR102C	0.6365
6455	YDL050C	0.63642
6456	YML133W-B	0.63638
6457	YHR219C-A	0.63638
6458	YNL339W-B	0.63638
6459	YLR344W	0.63631
6460	YCR082W	0.63609
6461	YBL062W	0.63608
6462	YPR087W	0.63605
6463	YPR160W-A	0.63602
6464	YOR255W	0.63586
6465	YPL283W-B	0.63563
6466	YPR204C-A	0.63563
6467	YGR296C-B	0.63563
6468	YER190C-B	0.63563
6469	YEL077W-A	0.63563
6470	YLR379W-A	0.63559
6471	YHL030W-A	0.6352
6472	YDR545C-A	0.63509
6473	YLR385C	0.63507
6474	YDR491C	0.63466
6475	YMR119W-A	0.6344
6476	YFR034W-A	0.63423
6477	YLL019W-A	0.63418
6478	YCL068C	0.63396
6479	YER067C-A	0.63394
6480	YGL121C	0.63393
6481	YHR157W	0.63365
6482	YOR333C	0.63337
6483	YCR049C	0.63331
6484	YDR149C	0.6329
6485	YOR062C	0.63281
6486	YML058W-A	0.63213
6487	YEL045C	0.63206
6488	YKL138C	0.6318
6489	YNL067W-A	0.63179
6490	YHR180C-B	0.63173
6491	YNL028W	0.6317
6492	YHR193C-A	0.63147
6493	YKR035C	0.63137
6494	YOR376W	0.63124
6495	YKL109W	0.63121
6496	YEL057C	0.63116
6497	YBR131C-A	0.63101
6498	YLR457C	0.63097
6499	YAR020C	0.63086
6500	YER067W	0.63083
6501	YPR074W-A	0.63079
6502	YOR329W-A	0.63062
6503	YER035W	0.63047
6504	YLR445W	0.63041
6505	YPR046W	0.63039
6506	YDR154C	0.63035
6507	YCR102W-A	0.63034
6508	YOR161C-C	0.63034
6509	YOR284W	0.63019
6510	YPL056C	0.63009
6511	YBL107C	0.63001
6512	YBR126W-A	0.62993
6513	YLR053C	0.62986
6514	YCR006C	0.62975
6515	YBR138C	0.62968
6516	YBL012C	0.6295
6517	YNL042W-B	0.62921
6518	YMR007W	0.62917
6519	YDR252W	0.62882
6520	YBR196C-B	0.62862
6521	R0030W	0.62812
6522	YHR056W-A	0.62797
6523	YOR218C	0.62795
6524	YBR201C-A	0.62789
6525	YGL007W	0.62787
6526	YDL228C	0.62779
6527	YKL106C-A	0.62778
6528	YBL072C	0.62744
6529	YER102W	0.62744
6530	YPL229W	0.62715
6531	YLR091W	0.627
6532	YPR145C-A	0.627
6533	YCL007C	0.62678
6534	YBR157C	0.6266
6535	YPL090C	0.62616
6536	YBR181C	0.62616
6537	YER181C	0.62614
6538	YJL161W	0.62613
6539	YBL081W	0.62609
6540	YDL185C-A	0.62553
6541	YCL005W-A	0.62544
6542	YMR194C-A	0.62516
6543	YLR154W-B	0.6251
6544	YMR082C	0.62509
6545	YMR136W	0.62471
6546	YOL019W-A	0.62414
6547	YOR072W-B	0.62366
6548	YEL033W	0.62361
6549	YPL096C-A	0.62316
6550	YPL136W	0.62315
6551	YPL222C-A	0.62306
6552	YDL032W	0.62277
6553	YKL162C-A	0.62261
6554	YJL133C-A	0.62258
6555	YPL223C	0.62232
6556	YNL105W	0.62205
6557	YLR012C	0.62194
6558	YLR076C	0.62192
6559	YGL194C-A	0.62162
6560	YDL071C	0.62162
6561	YBR090C	0.62109
6562	YOR072W-A	0.62091
6563	YGL015C	0.62086
6564	YIL032C	0.62082
6565	YPR064W	0.62046
6566	YKL100W-A	0.62035
6567	YGL034C	0.62032
6568	YKL068W-A	0.62012
6569	YMR195W	0.61964
6570	YDR022C	0.61872
6571	YBR013C	0.6183
6572	YNL097W-A	0.61823
6573	YIR025W	0.61815
6574	YDR029W	0.6179
6575	YBR209W	0.61789
6576	YMR206W	0.61773
6577	YNR010W	0.61759
6578	YDL186W	0.61713
6579	YER121W	0.61701
6580	YMR316C-B	0.61675
6581	YCL041C	0.61647
6582	YMR181C	0.61633
6583	YPL271W	0.61613
6584	YJL027C	0.61587
6585	YER152W-A	0.61578
6586	YFL015W-A	0.61563
6587	YMR315W-A	0.61554
6588	YOR268C	0.6155
6589	YJL026C-A	0.61499
6590	YDR354C-A	0.61447
6591	YKL153W	0.61445
6592	YPR083W	0.6144
6593	YDR260C	0.61435
6594	YLR184W	0.61428
6595	YJL119C	0.61404
6596	YDR070C	0.61389
6597	YDR010C	0.61375
6598	YJL144W	0.61328
6599	YCR087W	0.61315
6600	YLR154W-F	0.6128
6601	YOR044W	0.61279
6602	YER079W	0.61261
6603	YER180C	0.61257
6604	YCR045W-A	0.61237
6605	YGL036W	0.61107
6606	YFR012W-A	0.61031
6607	YGL102C	0.61023
6608	YOR121C	0.60985
6609	YOL099C	0.60981
6610	YGR227C-A	0.60961
6611	YBL027W	0.60955
6612	YBR084C-A	0.60955
6613	YHR213W-A	0.60924
6614	Q0140	0.60914
6615	YNL057W	0.60882
6616	YBR285W	0.60875
6617	YEL008C-A	0.60851
6618	YBR194W	0.60848
6619	YJR005C-A	0.6072
6620	YHR185C	0.60688
6621	YMR122C	0.60618
6622	YER079C-A	0.6061
6623	YOR055W	0.60608
6624	YJL028W	0.60547
6625	YPR159C-A	0.60543
6626	YLR230W	0.60503
6627	YLR154W-A	0.60496
6628	YPL197C	0.60493
6629	YGL170C	0.60413
6630	YMR174C	0.60411
6631	YPR059C	0.60403
6632	YKL018C-A	0.60396
6633	YOR381W-A	0.6029
6634	YPR126C	0.6029
6635	YML009C	0.60163
6636	YKL023C-A	0.60137
6637	YDL151C	0.60075
6638	YOL040C	0.60058
6639	YMR081C	0.60055
6640	YLR157C-C	0.59978
6641	YLR159C-A	0.59978
6642	YLR156C-A	0.59978
6643	YLR154C-H	0.59978
6644	YJL118W	0.59935
6645	YLR280C	0.59933
6646	YLL044W	0.59876
6647	YOR008W-B	0.59861
6648	YLR235C	0.59796
6649	YLR412C-A	0.59694
6650	YHR032W-A	0.59608
6651	YOR343C	0.59592
6652	Q0297	0.59575
6653	YKL097C	0.59483
6654	YOR248W	0.59446
6655	YLR315W	0.59377
6656	YLR363W-A	0.59358
6657	YLR347W-A	0.59353
6658	YGR174W-A	0.59208
6659	YMR175W	0.59114
6660	YML112W	0.5904
6661	YKL111C	0.58936
6662	Q0092	0.58931
6663	YLR112W	0.58846
6664	YNL146W	0.58833
6665	YHR141C	0.58798
6666	YNL162W	0.58798
6667	YML009C-A	0.58735
6668	YER158W-A	0.58696
6669	YCR050C	0.586
6670	YGR146C	0.5857
6671	YOL106W	0.58556
6672	YBL006W-A	0.58484
6673	YLR331C	0.5837
6674	YIL134C-A	0.58082
6675	YLR154C-G	0.5799
6676	YIL152W	0.57955
6677	YKL053W	0.57928
6678	YJL177W	0.57811
6679	YNL140C	0.57565
6680	YLR261C	0.57524
6681	YLR279W	0.57524
6682	YDL184C	0.57397
6683	YDL133C-A	0.57397
6684	YLR236C	0.57273
6685	YDR500C	0.57212
6686	YKL180W	0.57138
6687	YLR185W	0.57105
6688	YER088W-B	0.56978
6689	YBR230W-A	0.5695
6690	YIL100W	0.56843
6691	YBR126W-B	0.56818
6692	YML003W	0.56758
6693	YFL031C-A	0.56719
6694	YDR193W	0.56719
6695	YDR133C	0.56716
6696	YBR056C-B	0.56618
6697	YOR053W	0.56608
6698	YDR433W	0.56535
6699	YGR022C	0.56396
6700	Q0032	0.56239
6701	YBR223W-A	0.56156
6702	YDL007C-A	0.56055
6703	YOL085C	0.55928
6704	YKR075C	0.55859
6705	YFR036W	0.55629
6706	YJR094C	0.55461
6707	YJL189W	0.55307
6708	YMR252C	0.55287
6709	YBR113W	0.54664
6710	YKL145W-A	0.54232
6711	YFR032C-A	0.53736
6712	YEL032C-A	0.53628
6713	YPR043W	0.53095
6714	YJR094W-A	0.53095
6715	YER153C	0.53026
6716	YGR151C	0.52165
6717	YOR182C	0.51414
6718	YLR287C-A	0.51414
6719	YIL046W-A	0.5113
6720	YDL082W	0.50936
6721	YMR142C	0.50664
6722	YHR052C-B	0.49618
6723	YHR054C-B	0.49618
6724	YLR437C-A	0.49053
6725	YHR214W-A	0.48644
6726	YAR068W	0.48366
6727	YML009W-B	0.45822
6728	YFR035W-A	0.30995
6729	YMR106W-A	0.30995
6730	YDL204W-A	0.30995
6731	YGR016C-A	0.30995
6732	YNL155C-A	0.30995
6733	YNL040C-A	0.30995
