rank	yeast_gene	cosine
1	YBR241C	0.9493
2	YDL128W	0.93683
3	YPL264C	0.93652
4	YER119C	0.93498
5	YHR094C	0.93479
6	YIL170W	0.9339
7	YFL011W	0.93271
8	YMR011W	0.93199
9	YDL137W	0.93175
10	YJL214W	0.93174
11	YFL055W	0.93167
12	YMR034C	0.93156
13	YML018C	0.93148
14	YPR183W	0.93138
15	YBR164C	0.93128
16	YDR345C	0.93041
17	YLR081W	0.93035
18	YDL006W	0.92986
19	YLL028W	0.92952
20	YPL203W	0.9293
21	YOL156W	0.92908
22	YIL121W	0.929
23	YJL219W	0.92873
24	YNR072W	0.92801
25	YHR092C	0.92794
26	YER039C	0.92775
27	YJL108C	0.92765
28	YER133W	0.92751
29	YFL038C	0.92744
30	YDL047W	0.92708
31	YNL270C	0.92692
32	YDR536W	0.92682
33	YHR096C	0.9266
34	YEL069C	0.92656
35	YDR040C	0.92645
36	YDL134C	0.92617
37	YDL245C	0.92606
38	YPL031C	0.92589
39	YJL164C	0.92574
40	YJR158W	0.92559
41	YBR008C	0.92548
42	YNL268W	0.92542
43	YCL025C	0.92534
44	YEL063C	0.92524
45	YDR039C	0.92472
46	YDR196C	0.92425
47	YOL075C	0.92416
48	YDR038C	0.92391
49	YHL047C	0.92391
50	YNR055C	0.92389
51	YDR342C	0.9236
52	YGR191W	0.92321
53	YGR138C	0.92306
54	YOR257W	0.92283
55	YHL040C	0.92283
56	YDR343C	0.92283
57	YKL166C	0.92274
58	YNL090W	0.92205
59	YDL192W	0.92204
60	YOR378W	0.92153
61	YKR039W	0.92147
62	YOR094W	0.92132
63	YEL064C	0.92121
64	YJL167W	0.92078
65	YDR135C	0.92061
66	YJR124C	0.92061
67	YIL120W	0.92053
68	YDR075W	0.92053
69	YBR187W	0.92048
70	YDR046C	0.92036
71	YOR348C	0.92032
72	YGL167C	0.92032
73	YGR055W	0.9202
74	YDR497C	0.9201
75	YGL225W	0.92005
76	YDL108W	0.91902
77	YMR279C	0.91896
78	YKR105C	0.91855
79	YKL024C	0.91843
80	YER026C	0.91803
81	YBR160W	0.91784
82	YPL246C	0.91784
83	YLR034C	0.91779
84	YPL218W	0.91768
85	YOL103W	0.91708
86	YDL188C	0.91703
87	YDR373W	0.91699
88	YGR281W	0.91697
89	YER125W	0.91687
90	YHR032W	0.91683
91	YDR508C	0.91647
92	YGR224W	0.91619
93	YKR059W	0.91613
94	YOR273C	0.91517
95	YER185W	0.91501
96	YMR015C	0.91468
97	YLR113W	0.91445
98	YPR113W	0.91403
99	YOR089C	0.91379
100	YPR165W	0.91347
101	YLR229C	0.91338
102	YOL158C	0.91315
103	YPR138C	0.91312
104	YPL274W	0.9131
105	YPR192W	0.91306
106	YPR156C	0.91303
107	YAL026C	0.91291
108	YBL016W	0.91266
109	YCR098C	0.91263
110	YER060W	0.91261
111	YNL093W	0.9125
112	YER020W	0.91249
113	YMR079W	0.91246
114	YBR068C	0.91225
115	YNR070W	0.91222
116	YOR317W	0.91168
117	YLL061W	0.91164
118	YNL189W	0.91162
119	YPL058C	0.91155
120	YKL190W	0.91151
121	YBR243C	0.9115
122	YDR021W	0.91139
123	YFL039C	0.91128
124	YGR040W	0.91106
125	YER060W-A	0.911
126	YKL146W	0.91056
127	YML116W	0.91051
128	YDR456W	0.91048
129	YPL234C	0.91047
130	YBR082C	0.9103
131	YHR030C	0.91025
132	YER056C	0.91024
133	YDR011W	0.91023
134	YCL069W	0.91016
135	YGL255W	0.90981
136	YPL051W	0.90975
137	YOL122C	0.90968
138	YPL244C	0.90954
139	YDR406W	0.90945
140	YNL290W	0.9093
141	YPL265W	0.90926
142	YEL065W	0.90911
143	YLR130C	0.90896
144	YGR060W	0.90879
145	YLR347C	0.90862
146	YGR213C	0.90846
147	YML123C	0.90835
148	YMR246W	0.90832
149	YGL256W	0.90829
150	YMR109W	0.90828
151	YGL001C	0.90824
152	YGR260W	0.90822
153	YER019W	0.90814
154	YHL003C	0.908
155	YHR128W	0.90767
156	YCL073C	0.90765
157	YFL005W	0.90765
158	YKR093W	0.90752
159	YOL162W	0.90744
160	YGR152C	0.90732
161	YKR106W	0.90723
162	YGL210W	0.90704
163	YDL210W	0.90701
164	YHR048W	0.90693
165	YCR028C	0.90685
166	YER031C	0.90679
167	YGR123C	0.90672
168	YOR380W	0.90666
169	YHL016C	0.90665
170	YOR153W	0.90653
171	YHR050W	0.90634
172	YJR152W	0.90628
173	YBR043C	0.90624
174	YDR090C	0.90612
175	YDR519W	0.90605
176	YIL088C	0.90584
177	YKR053C	0.90566
178	YOR197W	0.90564
179	YHR007C	0.90551
180	YER090W	0.90543
181	YOL002C	0.90514
182	YPR051W	0.90508
183	YOR161C	0.90494
184	YML001W	0.90479
185	YNL010W	0.90476
186	YDR092W	0.9047
187	YLR397C	0.90458
188	YDL100C	0.90452
189	YIL118W	0.90446
190	YNR032W	0.9044
191	YLR466W	0.90437
192	YNR002C	0.90421
193	YJL196C	0.90413
194	YGR121C	0.90413
195	YMR292W	0.90391
196	YER009W	0.90386
197	YNL142W	0.90371
198	YIR028W	0.90327
199	YOR328W	0.90324
200	YER089C	0.90322
201	YMR243C	0.90313
202	YOR131C	0.90313
203	YBR287W	0.90298
204	YOR381W	0.90283
205	YJR001W	0.90276
206	YDR059C	0.90264
207	YNL130C	0.90248
208	YMR221C	0.90233
209	YNL275W	0.90232
210	YBR126C	0.90224
211	YOL094C	0.90213
212	YDR270W	0.90206
213	YIL009W	0.90204
214	YDR438W	0.90202
215	YEL031W	0.90194
216	YHR026W	0.90194
217	YDR404C	0.90183
218	YGR208W	0.90182
219	YNL112W	0.9017
220	YPR145W	0.90168
221	YBR296C	0.90168
222	YGL012W	0.90152
223	YJR015W	0.90135
224	YMR138W	0.90122
225	YGL047W	0.90094
226	YGR124W	0.90072
227	YBR298C	0.90071
228	YJL134W	0.90062
229	YGL087C	0.90046
230	YOL163W	0.90045
231	YDL164C	0.90041
232	YAL023C	0.90039
233	YEL046C	0.90036
234	YLR237W	0.90018
235	YKR002W	0.9001
236	YHR123W	0.90005
237	YDL125C	0.89994
238	YLR092W	0.89991
239	YNL098C	0.89981
240	YIL116W	0.8997
241	YOR192C	0.8997
242	YGR218W	0.89962
243	YKL033W-A	0.89952
244	YBL089W	0.89946
245	YLR004C	0.8994
246	YLL060C	0.89939
247	YDR384C	0.89938
248	YGL077C	0.89931
249	YDL052C	0.89913
250	YMR290C	0.89912
251	YOL092W	0.89895
252	YLR234W	0.89888
253	YEL077C	0.89883
254	YDR375C	0.89863
255	YBR294W	0.89855
256	YBR069C	0.89835
257	YBR080C	0.89833
258	YNL288W	0.89828
259	YOR071C	0.89825
260	YMR071C	0.89818
261	YCR009C	0.89815
262	YHL036W	0.89813
263	YKL046C	0.8981
264	YGL186C	0.89802
265	YDR328C	0.898
266	YBR034C	0.89798
267	YIL048W	0.89793
268	YJL001W	0.89786
269	YKL104C	0.8978
270	YLR170C	0.89777
271	YOR126C	0.89774
272	YER190W	0.89765
273	YDL166C	0.89757
274	YHR132C	0.89757
275	YOL038W	0.89752
276	YHR110W	0.89749
277	YJR058C	0.89746
278	YER171W	0.89733
279	YKL218C	0.89729
280	YLR251W	0.89724
281	YGR065C	0.89724
282	YER052C	0.89691
283	YLL063C	0.89688
284	YOL137W	0.89685
285	YLR193C	0.89681
286	YLL055W	0.89676
287	YDL160C	0.89674
288	YNL274C	0.89663
289	YPL119C	0.89661
290	YPL175W	0.89656
291	YNR060W	0.89654
292	YER081W	0.89653
293	YHR175W	0.89648
294	YDL097C	0.89646
295	YOR204W	0.89646
296	YHR057C	0.89646
297	YPL036W	0.89643
298	YNL095C	0.8964
299	YBR132C	0.8964
300	YER145C	0.89639
301	YBL042C	0.89637
302	YOL020W	0.89632
303	YJR068W	0.89628
304	YOR306C	0.89621
305	YCR010C	0.89621
306	YKL129C	0.89607
307	YHR106W	0.89601
308	YDL230W	0.89597
309	YHR005C	0.89595
310	YLL053C	0.89595
311	YCL074W	0.89593
312	YPL154C	0.89589
313	YML012W	0.8958
314	YOR388C	0.89579
315	YGL006W	0.89574
316	YGR105W	0.89568
317	YGR282C	0.89568
318	YNL065W	0.89552
319	YGL200C	0.89549
320	YIR036C	0.89535
321	YDL001W	0.89531
322	YBR021W	0.89514
323	YJL094C	0.89511
324	YMR058W	0.89507
325	YOR326W	0.89501
326	YGL120C	0.89474
327	YPL061W	0.89472
328	YOL021C	0.89471
329	YNL125C	0.89464
330	YDL029W	0.89463
331	YDR341C	0.89462
332	YBR019C	0.8946
333	YMR301C	0.89459
334	YJR073C	0.89453
335	YPR182W	0.89441
336	YER166W	0.89437
337	YFL026W	0.89436
338	YDR402C	0.89427
339	YPR204W	0.89413
340	YML022W	0.89411
341	YJR160C	0.89408
342	YER099C	0.89406
343	YGR248W	0.89401
344	YOL119C	0.89401
345	YLR438C-A	0.89396
346	YGL008C	0.89392
347	YPL259C	0.89383
348	YDR297W	0.89382
349	YGR197C	0.89363
350	YOL132W	0.89356
351	YMR056C	0.89355
352	YMR238W	0.89351
353	YOR092W	0.89339
354	YMR278W	0.8933
355	YJL212C	0.89317
356	YBR235W	0.89312
357	YJR116W	0.8931
358	YKL094W	0.89308
359	YPL006W	0.89306
360	YBR180W	0.89305
361	YJR095W	0.89293
362	YIL124W	0.89286
363	YJR065C	0.89284
364	YPL092W	0.89275
365	YMR080C	0.89271
366	YEL058W	0.89267
367	YGR252W	0.89266
368	YHR218W-A	0.89261
369	YBL112C	0.89261
370	YBR109C	0.89256
371	YPR173C	0.89251
372	YOR236W	0.8925
373	YAL054C	0.89246
374	YPL275W	0.89241
375	YOR061W	0.89239
376	YOR157C	0.89234
377	YGL002W	0.89216
378	YIR022W	0.8921
379	YDL126C	0.89206
380	YDR294C	0.89202
381	YBR222C	0.89199
382	YPR069C	0.89192
383	YGR289C	0.89189
384	YGL253W	0.89184
385	YLR126C	0.8917
386	YOR101W	0.89159
387	YGR175C	0.89149
388	YER023W	0.89145
389	YHR135C	0.89141
390	YAL061W	0.89139
391	YPR194C	0.89139
392	YCR011C	0.89136
393	YER072W	0.8913
394	YKL220C	0.89122
395	YMR253C	0.89119
396	YNL044W	0.89112
397	YJR049C	0.89111
398	YBR264C	0.89109
399	YDR541C	0.89095
400	YCR027C	0.89093
401	YML038C	0.89092
402	YBR088C	0.8909
403	YLR058C	0.89076
404	YOR283W	0.89076
405	YAR002C-A	0.89071
406	YLR348C	0.89043
407	YOR316C	0.89037
408	YAL060W	0.89035
409	YOL090W	0.89034
410	YMR271C	0.89015
411	YDL247W	0.89009
412	YDL236W	0.89009
413	YNL202W	0.89
414	YLR268W	0.88998
415	YER143W	0.88991
416	YBR295W	0.88987
417	YFL017C	0.88981
418	YER086W	0.88979
419	YPL046C	0.88978
420	YLL067C	0.88965
421	YDR185C	0.88963
422	Q0130	0.8896
423	Q0085	0.8896
424	YDR155C	0.88958
425	YBL075C	0.88954
426	YOR046C	0.88953
427	YIL177C	0.88951
428	YBR261C	0.88937
429	YJL225C	0.8893
430	YOR011W	0.88928
431	YDR099W	0.88927
432	YJL055W	0.88916
433	YHR043C	0.88914
434	YNL024C	0.88907
435	YBR159W	0.88901
436	YOR270C	0.88898
437	YBL041W	0.88887
438	YMR022W	0.88881
439	YHR163W	0.88877
440	YJL213W	0.88862
441	YMR308C	0.88862
442	YLR168C	0.88852
443	YLR262C	0.88847
444	YBL068W	0.8884
445	YDR062W	0.8884
446	YJL014W	0.88838
447	YKL211C	0.88827
448	YER012W	0.88821
449	YDR272W	0.8882
450	YIL003W	0.88814
451	YDL086W	0.88814
452	YCR059C	0.88811
453	YPR003C	0.88806
454	YMR300C	0.88799
455	YHR047C	0.88796
456	YFL041W	0.88793
457	YGR028W	0.8879
458	YDR177W	0.88788
459	YBL036C	0.88788
460	YIL053W	0.88787
461	YER094C	0.88785
462	YML057W	0.88782
463	YPR011C	0.88781
464	YOR084W	0.8878
465	YEL030W	0.88779
466	YOR396W	0.88775
467	YLR467W	0.88775
468	YDR545W	0.88775
469	YBR220C	0.88771
470	YDR074W	0.88768
471	YHR025W	0.8876
472	YDR084C	0.88753
473	YER015W	0.88748
474	YKL196C	0.8874
475	YDR492W	0.88734
476	YHR018C	0.88732
477	YLR213C	0.88728
478	YOR013W	0.88727
479	YKR014C	0.88724
480	YOL030W	0.88723
481	YLR188W	0.8872
482	YOR246C	0.88707
483	YAL067C	0.88705
484	YHR218W	0.88705
485	YCR023C	0.88701
486	YHR044C	0.88696
487	YDR516C	0.88696
488	YKR080W	0.88694
489	YAR007C	0.88688
490	YHR070W	0.88688
491	YGL058W	0.88682
492	YAL049C	0.8868
493	YER062C	0.88679
494	YOR321W	0.88679
495	YCR048W	0.88668
496	YDL102W	0.88666
497	YEL041W	0.88659
498	YGL234W	0.88658
499	YPL266W	0.88654
500	YMR222C	0.8865
501	YNL307C	0.8865
502	YJL050W	0.88644
503	YBR029C	0.8864
504	YNL237W	0.88639
505	YER003C	0.88638
506	YCL040W	0.88628
507	YIL064W	0.88626
508	YBR256C	0.88623
509	YMR226C	0.88617
510	YML021C	0.88613
511	YKR026C	0.88593
512	YLR046C	0.88583
513	YBR038W	0.8858
514	YKL078W	0.88579
515	YFL017W-A	0.88575
516	YIL162W	0.88574
517	YMR178W	0.8857
518	YLR220W	0.88564
519	YLR241W	0.88559
520	YIL109C	0.88559
521	YBR265W	0.88554
522	YBR114W	0.88552
523	YIL166C	0.88545
524	YBR020W	0.88544
525	YML124C	0.88542
526	YHL011C	0.8854
527	YOR339C	0.88539
528	YOL151W	0.88535
529	YOR087W	0.88535
530	YDL144C	0.88531
531	YJR112W-A	0.88514
532	YDR304C	0.88512
533	YKL157W	0.88511
534	YNL021W	0.88511
535	YDR140W	0.8851
536	YLR216C	0.8851
537	YLL029W	0.88508
538	YKL008C	0.88504
539	YDL103C	0.88503
540	YDL057W	0.88502
541	YLR152C	0.885
542	YIL043C	0.88498
543	YKL184W	0.88497
544	YHR200W	0.88496
545	YFL056C	0.88486
546	YCR075C	0.88485
547	YOR362C	0.88484
548	YDL244W	0.8848
549	YFR018C	0.88468
550	YIL074C	0.88468
551	YNL339C	0.88468
552	YLL066C	0.88466
553	YJR156C	0.88463
554	YGR132C	0.88462
555	YDL022W	0.88462
556	YDL168W	0.88461
557	YFL045C	0.88459
558	YPL283C	0.88457
559	YOL065C	0.88456
560	YGR296W	0.88453
561	YBR006W	0.88451
562	YLR011W	0.88447
563	YKL217W	0.88446
564	YJL198W	0.88439
565	YOR347C	0.88438
566	YML133C	0.88433
567	YJR105W	0.88411
568	YJL035C	0.88409
569	YPL204W	0.88406
570	YGR163W	0.88406
571	YER177W	0.88404
572	YCR061W	0.88402
573	YDR111C	0.88402
574	YDR129C	0.88402
575	YKR104W	0.88393
576	YER004W	0.88389
577	YML106W	0.88388
578	YIL001W	0.88378
579	YJR131W	0.88373
580	YDR411C	0.8837
581	YFR053C	0.8837
582	YIL020C	0.88354
583	YBR169C	0.88347
584	YFL058W	0.88344
585	YLL050C	0.88335
586	YKR051W	0.8832
587	YBL082C	0.8831
588	YJR143C	0.883
589	YLR059C	0.88296
590	YBR153W	0.88286
591	YLR245C	0.88283
592	YNL332W	0.88281
593	YPL221W	0.88275
594	YKL127W	0.88275
595	YEL011W	0.88244
596	YMR202W	0.88243
597	YHR063C	0.88242
598	YNR057C	0.88242
599	YGL039W	0.8824
600	YDR093W	0.88237
601	YLR005W	0.88237
602	YML085C	0.88234
603	YPR103W	0.88234
604	YBR035C	0.88232
605	YAL020C	0.88232
606	YHR129C	0.88229
607	YOL084W	0.88221
608	YNL123W	0.8822
609	YNL154C	0.88215
610	YER057C	0.88215
611	YJL218W	0.88207
612	YAR035W	0.88207
613	YLR243W	0.88207
614	YOL055C	0.88204
615	YGL104C	0.88203
616	YJL024C	0.88202
617	YBL102W	0.88197
618	YHR190W	0.88181
619	YHR144C	0.88167
620	YGR031W	0.88164
621	YNR013C	0.88161
622	YDL222C	0.88156
623	YMR084W	0.88153
624	YER110C	0.8815
625	YBL050W	0.88146
626	YJL060W	0.88144
627	YLR137W	0.88133
628	YGL011C	0.88129
629	YPL276W	0.88127
630	YLR303W	0.88125
631	YMR210W	0.88121
632	YPL111W	0.8811
633	YIL155C	0.88105
634	YIL160C	0.88099
635	YMR266W	0.88095
636	YBL026W	0.88095
637	YOR384W	0.88091
638	YDR280W	0.88076
639	YER175C	0.88059
640	YLR121C	0.88053
641	YDR424C	0.88051
642	YAL016W	0.88041
643	YDR120C	0.88031
644	YIL013C	0.88026
645	YHR111W	0.88025
646	YML069W	0.8801
647	YDL095W	0.88009
648	YLR146C	0.88007
649	YJL143W	0.88006
650	YOR049C	0.88005
651	YGR267C	0.88
652	YNL264C	0.87992
653	YNL330C	0.8799
654	YGL119W	0.87989
655	YHR013C	0.87989
656	YGL100W	0.87983
657	YER152C	0.87982
658	YPR180W	0.87981
659	YPR121W	0.87981
660	YAL005C	0.8798
661	YIR042C	0.87979
662	YJR096W	0.87978
663	YJL155C	0.87967
664	YDL064W	0.87963
665	YDL131W	0.87962
666	YLR027C	0.87961
667	YDR353W	0.87953
668	YHR074W	0.8794
669	YKL004W	0.87939
670	YBR085W	0.87938
671	YFR031C	0.87934
672	YBR137W	0.8793
673	YDR352W	0.8793
674	YLR438W	0.87924
675	YNR048W	0.87922
676	YDR291W	0.87916
677	YKL001C	0.87913
678	YPL010W	0.87907
679	YPR193C	0.87906
680	YMR108W	0.87894
681	YGR185C	0.87889
682	YMR113W	0.87887
683	YDL138W	0.87887
684	YML078W	0.87885
685	YMR297W	0.87881
686	YMR027W	0.87876
687	YJR117W	0.87873
688	YCL017C	0.87872
689	YKL221W	0.87863
690	YGR231C	0.87862
691	YJR013W	0.8786
692	YMR169C	0.87859
693	YJL034W	0.87858
694	YHR042W	0.87854
695	YCR047C	0.8784
696	YKL216W	0.87837
697	YER073W	0.87836
698	YPR198W	0.87834
699	YJR040W	0.87832
700	YCR034W	0.87822
701	YFR009W	0.87821
702	YGL054C	0.87816
703	YKL107W	0.87813
704	YDL243C	0.87813
705	YPL017C	0.87803
706	YJL216C	0.87799
707	YOR128C	0.87798
708	YAL022C	0.87791
709	YER183C	0.87789
710	YLR017W	0.87788
711	YHR208W	0.87787
712	YLR351C	0.87787
713	YOR292C	0.87779
714	YOR040W	0.87777
715	YNL072W	0.87776
716	YNL280C	0.87776
717	YPL258C	0.87773
718	YNR041C	0.87772
719	YLR433C	0.8777
720	YDR287W	0.87766
721	YBL111C	0.87762
722	YBR139W	0.87761
723	YBR183W	0.87757
724	YIR026C	0.87752
725	YEL038W	0.87752
726	YDR394W	0.8775
727	YMR105C	0.87748
728	YER055C	0.87744
729	YNR019W	0.87742
730	YDR139C	0.8774
731	YNL113W	0.87735
732	YLR307W	0.87724
733	YNL006W	0.87722
734	YJR148W	0.8772
735	YDL238C	0.87713
736	YPL169C	0.8771
737	YMR008C	0.87708
738	YKL039W	0.87703
739	YPL199C	0.87697
740	YJR017C	0.87697
741	YNL323W	0.87688
742	YGR100W	0.87687
743	YDR454C	0.87685
744	YNL222W	0.87682
745	YDR284C	0.87682
746	YLR411W	0.87679
747	YNL209W	0.87673
748	YJL121C	0.87671
749	YGR203W	0.87669
750	YLR118C	0.87669
751	YGR172C	0.87663
752	YPL206C	0.87663
753	YOR079C	0.8766
754	YGL139W	0.87651
755	YDR047W	0.87651
756	YNR064C	0.87651
757	YOL034W	0.87647
758	YEL013W	0.87639
759	YFR044C	0.87635
760	YNL334C	0.87631
761	YOR185C	0.87626
762	YDL018C	0.87615
763	YER053C	0.87611
764	YOR095C	0.87607
765	YNR043W	0.87605
766	YLR209C	0.87602
767	YKL151C	0.87602
768	YIR035C	0.87601
769	YBL024W	0.87599
770	YDR098C	0.87595
771	YDL084W	0.8759
772	YBR154C	0.87588
773	YHL050C	0.87581
774	YFL060C	0.87573
775	YDR408C	0.87573
776	YFR014C	0.87571
777	YMR205C	0.8757
778	YMR170C	0.87569
779	YHR046C	0.87566
780	YGL252C	0.87554
781	YGR277C	0.87554
782	YMR095C	0.87551
783	YGL115W	0.87551
784	YOL073C	0.87533
785	YER159C	0.87528
786	YDL194W	0.87527
787	YOR117W	0.87519
788	YEL027W	0.87517
789	YLR153C	0.87516
790	YKL091C	0.87514
791	YCR073W-A	0.87508
792	YGL163C	0.87505
793	YDL046W	0.87502
794	YJL145W	0.87499
795	YHR112C	0.87495
796	YLR060W	0.87492
797	YNR034W	0.87481
798	YDL055C	0.87478
799	YGL017W	0.87478
800	YKL145W	0.87472
801	YMR183C	0.87466
802	YGL063W	0.87464
803	YGR007W	0.87464
804	YBL105C	0.87462
805	YJL012C	0.87461
806	YDL155W	0.87458
807	YLR214W	0.87456
808	YLR277C	0.87456
809	YJR132W	0.87453
810	YKL120W	0.87451
811	YOR323C	0.87446
812	YMR215W	0.87441
813	YNL200C	0.8744
814	YOR187W	0.8744
815	YBR242W	0.87437
816	YOR311C	0.87435
817	YJR153W	0.87433
818	YGL157W	0.87429
819	YPR131C	0.87426
820	YDR063W	0.87424
821	YPL113C	0.87423
822	YML080W	0.8742
823	YER103W	0.87417
824	YDL201W	0.87415
825	YJR045C	0.87415
826	YJL026W	0.87415
827	YPL015C	0.87408
828	YDR397C	0.87408
829	YCR036W	0.87403
830	YDL229W	0.874
831	YDR007W	0.87395
832	YOL066C	0.87392
833	YKL210W	0.87391
834	YDL174C	0.87388
835	YNL277W	0.87381
836	YML102W	0.87378
837	YHR065C	0.87377
838	YLL024C	0.87372
839	YLL015W	0.87371
840	YNR027W	0.8737
841	YLR253W	0.8737
842	YDR009W	0.87367
843	YGL091C	0.87364
844	YNL281W	0.8736
845	YBR002C	0.87358
846	YBR263W	0.87349
847	YIL143C	0.87345
848	YER174C	0.87345
849	YDR033W	0.87343
850	YBL040C	0.87337
851	YCR017C	0.87336
852	YOL112W	0.87325
853	YBL057C	0.87314
854	YPR028W	0.87314
855	YIL035C	0.87311
856	YFR006W	0.87309
857	YBR041W	0.8729
858	YFR028C	0.87288
859	YFL037W	0.87286
860	YJL059W	0.87284
861	YNR015W	0.87279
862	YMR272C	0.87275
863	YOL125W	0.87269
864	YBL113C	0.87265
865	YER036C	0.87265
866	YFR047C	0.87265
867	YLR372W	0.87265
868	YNL329C	0.87263
869	YNL231C	0.87249
870	YEL066W	0.87248
871	YML014W	0.87244
872	YGR211W	0.87235
873	YNL191W	0.87233
874	YAL029C	0.87232
875	YDR091C	0.87222
876	YOR222W	0.87215
877	YJL208C	0.87204
878	YER017C	0.87198
879	YBR286W	0.87194
880	YDR214W	0.8719
881	YDR331W	0.87189
882	YKL128C	0.87185
883	YPR128C	0.87182
884	YLR244C	0.87181
885	YDL182W	0.87179
886	YPR201W	0.87179
887	YLR426W	0.87169
888	YMR224C	0.87168
889	YGL221C	0.87167
890	YJR024C	0.87163
891	YPL106C	0.8716
892	YBL030C	0.8716
893	YJR129C	0.87157
894	YDL007W	0.87155
895	YOR241W	0.87147
896	YBR003W	0.8714
897	YDR001C	0.87126
898	YOL124C	0.87124
899	YPR054W	0.87123
900	YDR465C	0.87122
901	YDL124W	0.87121
902	YPR181C	0.87118
903	YDR258C	0.87113
904	YPL236C	0.87109
905	YLL056C	0.87108
906	YER165W	0.87108
907	YDL132W	0.87104
908	YBR254C	0.871
909	YEL042W	0.87098
910	YPR035W	0.87097
911	YGR253C	0.87095
912	YNL312W	0.87094
913	YNR003C	0.87092
914	YPL227C	0.8709
915	YBR115C	0.87089
916	YNL241C	0.8708
917	YHR039C	0.87079
918	YBR053C	0.8706
919	YBR145W	0.87058
920	YGL130W	0.87056
921	YPR176C	0.87055
922	YNL135C	0.87054
923	YPR081C	0.87046
924	YKR043C	0.87045
925	YPL208W	0.87044
926	YGL097W	0.87044
927	YMR197C	0.87041
928	YOR374W	0.8704
929	YGL224C	0.87039
930	YNL331C	0.87037
931	YMR054W	0.87037
932	YMR318C	0.87033
933	YKR050W	0.87027
934	YCR037C	0.87025
935	YPL214C	0.87024
936	YJR074W	0.87021
937	YFL066C	0.87017
938	YOR175C	0.87017
939	YIL145C	0.87013
940	YNL099C	0.87007
941	YLL026W	0.87006
942	YGL114W	0.87002
943	YEL060C	0.87002
944	YOL157C	0.86992
945	YNR011C	0.86988
946	YER136W	0.86987
947	YDR321W	0.86977
948	YDR238C	0.86976
949	YAL053W	0.86974
950	YEL040W	0.86972
951	YHL017W	0.8697
952	YBR073W	0.86968
953	YGR286C	0.86962
954	YGR125W	0.86959
955	YGL101W	0.86956
956	YLR369W	0.86948
957	YGR199W	0.86936
958	YGR287C	0.86932
959	YGL048C	0.86927
960	YGR210C	0.86925
961	YNL108C	0.86922
962	YPL232W	0.86915
963	YCL035C	0.86914
964	YPL091W	0.86911
965	YMR307W	0.86908
966	YBL056W	0.86908
967	YGL055W	0.86904
968	YGL026C	0.86898
969	YIL172C	0.86895
970	YJL221C	0.86895
971	YDR264C	0.86895
972	YMR285C	0.86887
973	YPL087W	0.86886
974	YKR001C	0.86884
975	YCR068W	0.86884
976	YMR088C	0.86881
977	YBR291C	0.8688
978	YKL126W	0.86864
979	YKL114C	0.86861
980	YER178W	0.86857
981	YLR328W	0.86852
982	YCR105W	0.86847
983	YJL068C	0.86842
984	YKR068C	0.86839
985	YPR052C	0.86838
986	YOR163W	0.86838
987	YDR232W	0.86836
988	YMR220W	0.86834
989	YMR101C	0.86829
990	YDR100W	0.86824
991	YOL139C	0.86823
992	YMR146C	0.86821
993	YML008C	0.8682
994	YHR210C	0.86814
995	YMR288W	0.86814
996	YHR019C	0.86801
997	YNL014W	0.868
998	YJL030W	0.86798
999	YOL059W	0.86789
1000	YML087C	0.86786
1001	YLL052C	0.86784
1002	YDL212W	0.86776
1003	YLL034C	0.86762
1004	YDR448W	0.86762
1005	YHR031C	0.86748
1006	YBR218C	0.86746
1007	YLR291C	0.86744
1008	YBL022C	0.86743
1009	YEL004W	0.86737
1010	YLR293C	0.86736
1011	YGL010W	0.86728
1012	YML125C	0.86726
1013	YBR087W	0.86725
1014	YER148W	0.86722
1015	YER107C	0.8672
1016	YOL140W	0.86714
1017	YIL078W	0.86708
1018	YPL028W	0.86705
1019	YLR383W	0.86699
1020	YAL038W	0.86692
1021	YEL052W	0.86688
1022	YOR122C	0.86683
1023	YNL111C	0.86673
1024	YML086C	0.86671
1025	YBL039C	0.86664
1026	YGR135W	0.86664
1027	YML077W	0.86663
1028	YGR036C	0.86662
1029	YPR024W	0.86657
1030	YBR210W	0.86655
1031	YGL220W	0.86651
1032	YMR296C	0.8665
1033	YDR226W	0.86645
1034	YGR095C	0.86632
1035	YML064C	0.86631
1036	YEL020C	0.86625
1037	YCR020C	0.86625
1038	YLR300W	0.86621
1039	YBL021C	0.86621
1040	YOL008W	0.86619
1041	YLR158C	0.86619
1042	YLR160C	0.86619
1043	YLR155C	0.86619
1044	YLR157C	0.86619
1045	YPL050C	0.86617
1046	YPR082C	0.86613
1047	YGR256W	0.86605
1048	YKL069W	0.86604
1049	YIL010W	0.86604
1050	YGR010W	0.86599
1051	YJR025C	0.86596
1052	YKR038C	0.86596
1053	YBL078C	0.86595
1054	YMR203W	0.86594
1055	YBR046C	0.86593
1056	YJL171C	0.86592
1057	YKL027W	0.8659
1058	YEL021W	0.86586
1059	YLR195C	0.86584
1060	YGL201C	0.86583
1061	YNL194C	0.86581
1062	YGR043C	0.8658
1063	YLL023C	0.8658
1064	YIL108W	0.86579
1065	YPR058W	0.86574
1066	YBR017C	0.86573
1067	YBL011W	0.86571
1068	YGR200C	0.86569
1069	YMR009W	0.86569
1070	YHR100C	0.86558
1071	YFR015C	0.86552
1072	YJR069C	0.8655
1073	YBR058C	0.86547
1074	YOR357C	0.86543
1075	YEL070W	0.86536
1076	YNR073C	0.86536
1077	YGL202W	0.8653
1078	YKR088C	0.86528
1079	YLR208W	0.86523
1080	YML068W	0.8652
1081	YLL048C	0.86514
1082	YPL245W	0.86505
1083	YPL095C	0.86498
1084	YOR027W	0.86495
1085	YGL062W	0.86495
1086	YAL012W	0.86492
1087	YOR351C	0.86491
1088	YPR062W	0.86484
1089	YBR202W	0.86484
1090	YDR441C	0.86482
1091	YBR221C	0.86479
1092	YMR235C	0.86474
1093	YCR107W	0.86473
1094	YFL052W	0.86472
1095	YCL009C	0.8647
1096	YOR006C	0.86469
1097	YDR388W	0.86468
1098	YGR288W	0.86466
1099	YHR107C	0.86461
1100	YBL071W-A	0.86457
1101	YNL305C	0.86455
1102	YMR315W	0.86453
1103	YGR284C	0.86447
1104	YNR071C	0.86446
1105	YNL229C	0.86443
1106	YMR006C	0.86435
1107	YMR085W	0.86431
1108	YOL016C	0.86427
1109	YDR037W	0.86417
1110	YMR217W	0.86416
1111	YFL053W	0.86414
1112	YKL209C	0.86414
1113	YPL094C	0.86412
1114	YOL011W	0.8641
1115	YLR069C	0.86405
1116	YAL042W	0.86403
1117	YOR155C	0.86401
1118	YBR106W	0.86399
1119	YPR073C	0.86397
1120	YCR020C-A	0.86397
1121	YAL007C	0.86397
1122	YDR211W	0.86395
1123	YML079W	0.86392
1124	YIR027C	0.86391
1125	YPL170W	0.86386
1126	YDR338C	0.86384
1127	YGL106W	0.86375
1128	YOR250C	0.86373
1129	YPR033C	0.86372
1130	YDR305C	0.86371
1131	YIL065C	0.86369
1132	YKL135C	0.86367
1133	YKL161C	0.86365
1134	YMR241W	0.86363
1135	YOL009C	0.86359
1136	YNL056W	0.86357
1137	YFL018C	0.86356
1138	YLR389C	0.86348
1139	YMR089C	0.86346
1140	YPL226W	0.86334
1141	YPL122C	0.8633
1142	YGL156W	0.86328
1143	YEL047C	0.86327
1144	YHR142W	0.86321
1145	YIL099W	0.8632
1146	YBR177C	0.86317
1147	YDR300C	0.86315
1148	YOR003W	0.86314
1149	YIR037W	0.86312
1150	YJR155W	0.86312
1151	YDR263C	0.86306
1152	YBR101C	0.86306
1153	YER168C	0.86298
1154	YNL071W	0.86278
1155	YLR446W	0.86273
1156	YNR020C	0.86273
1157	YDR368W	0.86268
1158	YLR377C	0.8626
1159	YOL143C	0.86259
1160	YMR208W	0.86257
1161	YLR398C	0.86255
1162	YMR020W	0.86254
1163	YAL044W-A	0.86253
1164	YGR271W	0.86249
1165	YGR240C	0.86243
1166	YER013W	0.86241
1167	YJR010C-A	0.8624
1168	YDR019C	0.86238
1169	YLR070C	0.86228
1170	YDL080C	0.86225
1171	Q0045	0.86223
1172	YCR053W	0.86214
1173	YJR032W	0.8621
1174	YMR305C	0.86207
1175	YOL097C	0.86204
1176	YLL018C-A	0.86203
1177	YKR009C	0.86199
1178	YDR540C	0.86191
1179	YPR016C	0.86186
1180	YGL070C	0.8618
1181	YML094W	0.86174
1182	YGR180C	0.86173
1183	YDR530C	0.86172
1184	YGR292W	0.86166
1185	YKL035W	0.86157
1186	YMR250W	0.86155
1187	YJL128C	0.86154
1188	YOR159C	0.86154
1189	YFR010W	0.86149
1190	YPL129W	0.86147
1191	YHR183W	0.86146
1192	YKR018C	0.86136
1193	Q0250	0.86135
1194	YCR044C	0.86134
1195	YGR279C	0.86133
1196	YCL010C	0.86127
1197	YLR285W	0.86126
1198	YGR092W	0.86115
1199	YHL026C	0.86114
1200	YLR326W	0.86111
1201	YCL038C	0.86108
1202	YLR249W	0.86101
1203	YNR046W	0.861
1204	YOR202W	0.86099
1205	YOR358W	0.86098
1206	YFR051C	0.86082
1207	YPR188C	0.86078
1208	YIL153W	0.86064
1209	YBR170C	0.86063
1210	YNL003C	0.86052
1211	YBL091C-A	0.86051
1212	YBR299W	0.86045
1213	YMR262W	0.8604
1214	YPR167C	0.86039
1215	YNR050C	0.86035
1216	YKL197C	0.86035
1217	YDR481C	0.86032
1218	YLR231C	0.86027
1219	YBR015C	0.86024
1220	YMR099C	0.8602
1221	YNL141W	0.86019
1222	YDR510W	0.86017
1223	YDR513W	0.86011
1224	YIR002C	0.86002
1225	YNL134C	0.86001
1226	YOR259C	0.86001
1227	YPL134C	0.86001
1228	YDR415C	0.85999
1229	YDL093W	0.85992
1230	YGR262C	0.85991
1231	YPL153C	0.85989
1232	YMR167W	0.85986
1233	YCL018W	0.85986
1234	YBR001C	0.85986
1235	YBR092C	0.85984
1236	YNL223W	0.85984
1237	YOL133W	0.8598
1238	YIL094C	0.85978
1239	YJR077C	0.85972
1240	YDR002W	0.8597
1241	YLR147C	0.85967
1242	YIL165C	0.85966
1243	YGL037C	0.85965
1244	YOL062C	0.8596
1245	YLR420W	0.85957
1246	YJR072C	0.85953
1247	YGR155W	0.85951
1248	YLR056W	0.8595
1249	YPR149W	0.85945
1250	YFR055W	0.85944
1251	YIL114C	0.8593
1252	YPR088C	0.85926
1253	YLR100W	0.85922
1254	YLR210W	0.85913
1255	YPR019W	0.85903
1256	YPL283W-A	0.85902
1257	YER190C-A	0.85902
1258	YML133W-A	0.85902
1259	YNL339W-A	0.85902
1260	YGR296C-A	0.85902
1261	YKR055W	0.859
1262	YCR008W	0.85896
1263	YLR359W	0.85889
1264	YDR127W	0.8588
1265	YOR103C	0.8587
1266	YLR258W	0.85861
1267	YJL002C	0.85857
1268	YDL205C	0.8585
1269	YDR158W	0.8584
1270	YOL080C	0.85838
1271	YOR099W	0.85838
1272	YIL033C	0.85834
1273	YJL093C	0.8583
1274	YNL335W	0.85828
1275	YFL061W	0.85828
1276	YKL051W	0.85824
1277	YLR432W	0.85824
1278	YBR054W	0.85815
1279	YAR073W	0.85813
1280	YPR120C	0.85803
1281	YIR012W	0.858
1282	YMR236W	0.85785
1283	YHR108W	0.85782
1284	YOR217W	0.85778
1285	YPL042C	0.85771
1286	YKL021C	0.85771
1287	YER044C	0.85765
1288	YLR189C	0.85765
1289	YHR002W	0.8576
1290	YHR104W	0.8576
1291	YMR090W	0.85756
1292	YFL030W	0.85756
1293	YBR037C	0.85756
1294	YOR048C	0.85755
1295	YPR004C	0.85753
1296	YGR195W	0.85751
1297	YLR286C	0.8575
1298	YBR252W	0.85745
1299	YDL141W	0.85742
1300	YDR378C	0.85738
1301	YCL033C	0.85735
1302	YBR236C	0.85726
1303	YKL017C	0.85725
1304	YGL022W	0.85722
1305	YGR131W	0.85721
1306	YPL160W	0.85721
1307	YIL142W	0.85721
1308	YHR012W	0.8572
1309	YDR525W-A	0.85713
1310	YKR095W-A	0.85712
1311	YBR110W	0.85711
1312	YOR142W	0.85708
1313	YER170W	0.85697
1314	YHR205W	0.85697
1315	YLR412W	0.85695
1316	YKL191W	0.85694
1317	YAR018C	0.85692
1318	YKL148C	0.8569
1319	YJL111W	0.85687
1320	YOR390W	0.85686
1321	YFR025C	0.85681
1322	YGL207W	0.8568
1323	YKL113C	0.85674
1324	YIL103W	0.85673
1325	YBR078W	0.85672
1326	YOR120W	0.8567
1327	YJR103W	0.85669
1328	YDL217C	0.85666
1329	YCL030C	0.85666
1330	YCR045C	0.85664
1331	YOR303W	0.85654
1332	YJR057W	0.85643
1333	YDR055W	0.85641
1334	YDL135C	0.85635
1335	YDL147W	0.85632
1336	YML056C	0.85632
1337	YPL213W	0.85625
1338	YFL057C	0.8562
1339	YGL241W	0.85613
1340	YLR289W	0.85611
1341	YGR133W	0.85611
1342	YBR293W	0.8561
1343	YNL101W	0.85603
1344	YJL125C	0.85598
1345	YML052W	0.85596
1346	YBR249C	0.85582
1347	YOR243C	0.85581
1348	YER007C-A	0.85579
1349	YGR234W	0.85574
1350	YNL132W	0.85574
1351	YER069W	0.85572
1352	YER134C	0.85565
1353	YLR343W	0.85562
1354	YDR257C	0.85562
1355	YOR274W	0.85553
1356	YML092C	0.85552
1357	YJR159W	0.8555
1358	YOL165C	0.85547
1359	YLR028C	0.85543
1360	YCR051W	0.8554
1361	YMR276W	0.85536
1362	YOL064C	0.85531
1363	YJL062W	0.8553
1364	YIL039W	0.85528
1365	YKL181W	0.85525
1366	YGL154C	0.85525
1367	YJL163C	0.85525
1368	YOR016C	0.85515
1369	YOR034C	0.85508
1370	YBR245C	0.85506
1371	YPR108W	0.85485
1372	YHR181W	0.85482
1373	YJL217W	0.85479
1374	YNL045W	0.85479
1375	YPL279C	0.8547
1376	YCR057C	0.85469
1377	YLR172C	0.85462
1378	YHR176W	0.85462
1379	YCR021C	0.85458
1380	YNL321W	0.85456
1381	YML067C	0.85449
1382	YJL045W	0.85447
1383	YBL098W	0.85442
1384	YOR262W	0.85439
1385	YGL242C	0.85434
1386	YOL147C	0.85433
1387	YGR012W	0.85433
1388	YDL246C	0.85418
1389	YJR149W	0.85415
1390	YMR145C	0.85411
1391	YMR319C	0.85411
1392	YJL074C	0.8541
1393	YJL087C	0.8541
1394	YCR069W	0.8541
1395	YBL091C	0.85408
1396	YDR339C	0.85407
1397	YGR276C	0.85407
1398	YGL078C	0.85406
1399	YIR034C	0.85405
1400	YOR108W	0.85403
1401	YAL021C	0.85401
1402	YMR139W	0.85392
1403	YPL235W	0.85386
1404	YOR110W	0.85385
1405	YCR094W	0.85385
1406	YBR111C	0.85384
1407	YDR468C	0.85381
1408	YGL238W	0.85378
1409	YPR034W	0.85377
1410	YMR314W	0.85375
1411	YPR066W	0.85375
1412	YGL205W	0.85374
1413	YLL001W	0.85373
1414	YGL095C	0.85368
1415	YNR052C	0.85368
1416	YDR387C	0.85368
1417	YNR033W	0.85368
1418	YPR160W	0.85366
1419	YOL164W	0.85362
1420	YKR066C	0.85361
1421	YBR228W	0.85361
1422	YNL318C	0.85356
1423	YDL085W	0.85354
1424	YLR405W	0.8535
1425	YOR327C	0.85345
1426	YAR042W	0.85342
1427	YCR072C	0.85338
1428	YDR522C	0.85336
1429	YKL213C	0.85334
1430	YJL033W	0.85329
1431	YBR096W	0.85311
1432	YLR008C	0.85299
1433	YEL006W	0.85296
1434	YGR244C	0.85292
1435	YOR280C	0.85289
1436	YML075C	0.85289
1437	Q0120	0.85286
1438	YJR107W	0.85279
1439	YEL071W	0.85278
1440	YLR120C	0.85278
1441	YFR004W	0.8527
1442	YDR144C	0.85268
1443	YOR304W	0.85268
1444	YOL068C	0.85266
1445	YLL058W	0.85265
1446	YGR266W	0.85262
1447	YJL082W	0.85256
1448	YLR354C	0.85254
1449	YDR097C	0.85252
1450	YEL032W	0.85249
1451	YDR105C	0.85245
1452	YPR127W	0.85243
1453	YDR243C	0.85241
1454	YCR060W	0.8524
1455	YBR192W	0.85237
1456	YOR285W	0.85236
1457	YNL316C	0.85236
1458	YJL097W	0.85234
1459	YIL051C	0.85234
1460	YBR117C	0.85233
1461	YHR216W	0.85228
1462	YIL047C	0.85228
1463	YOR172W	0.85222
1464	YBR283C	0.85219
1465	YKL165C	0.85205
1466	YLR138W	0.85204
1467	YOL096C	0.85203
1468	YLR203C	0.85198
1469	YBR089C-A	0.85196
1470	YOR224C	0.85195
1471	YML070W	0.85192
1472	YDL190C	0.85188
1473	YBR155W	0.85186
1474	YGR032W	0.85182
1475	YPR111W	0.8518
1476	YGR094W	0.85173
1477	YML121W	0.8517
1478	YBR104W	0.8517
1479	YGL198W	0.85164
1480	YER010C	0.85162
1481	YHR215W	0.85158
1482	YMR303C	0.85156
1483	YOL093W	0.85149
1484	YER025W	0.85145
1485	YGL140C	0.85145
1486	YNL049C	0.85139
1487	YBR023C	0.85135
1488	YNL082W	0.85134
1489	YKR070W	0.85124
1490	YFL003C	0.85123
1491	YMR120C	0.8512
1492	YHR064C	0.85119
1493	YDL090C	0.85114
1494	YOR391C	0.85113
1495	YOR291W	0.85112
1496	YHR169W	0.85112
1497	YJR007W	0.85111
1498	Q0275	0.85108
1499	YEL051W	0.85107
1500	YLR134W	0.85105
1501	YJL088W	0.85103
1502	YNL016W	0.85103
1503	YNL153C	0.85101
1504	YFR024C-A	0.85095
1505	YOL086C	0.85085
1506	YIR008C	0.8508
1507	YHR029C	0.85073
1508	YOL098C	0.85072
1509	YBR196C	0.85069
1510	YGR019W	0.85064
1511	YPR041W	0.85061
1512	YLR055C	0.85059
1513	YPR118W	0.85059
1514	YCR002C	0.85055
1515	YFL042C	0.8505
1516	YBR214W	0.85049
1517	YER043C	0.85049
1518	YDR035W	0.85045
1519	YEL020W-A	0.85042
1520	YDL123W	0.85037
1521	YGL084C	0.85037
1522	YCR102C	0.85035
1523	YNL326C	0.85033
1524	YDR533C	0.85033
1525	YPL067C	0.85032
1526	YOR086C	0.85031
1527	YAR071W	0.85029
1528	YGR029W	0.85027
1529	YER146W	0.85023
1530	YBL076C	0.85016
1531	YBL029C-A	0.85013
1532	YOL153C	0.85011
1533	YLR342W	0.85009
1534	YDR182W	0.84998
1535	YNL255C	0.84994
1536	YGR263C	0.84994
1537	YOR109W	0.8499
1538	YCL050C	0.84987
1539	YLR378C	0.84986
1540	YHR209W	0.84983
1541	YGL043W	0.8498
1542	YBL023C	0.8498
1543	YFL028C	0.84979
1544	YGL020C	0.84978
1545	YGL190C	0.84976
1546	YPR157W	0.84961
1547	YBR244W	0.84959
1548	YBL013W	0.84959
1549	YLR355C	0.84958
1550	YPL280W	0.84952
1551	YER176W	0.8495
1552	YCL047C	0.8495
1553	YPL151C	0.84949
1554	YJL008C	0.84945
1555	YNL007C	0.84944
1556	YKL189W	0.84944
1557	YDL087C	0.8494
1558	YBR093C	0.84938
1559	YNL040W	0.84935
1560	YDR051C	0.84933
1561	YBR166C	0.84929
1562	YDR148C	0.84925
1563	YDR483W	0.84918
1564	YDR400W	0.84917
1565	YDR477W	0.84912
1566	YKL059C	0.84907
1567	YDR313C	0.84903
1568	YHR202W	0.84903
1569	YJL179W	0.849
1570	YPL187W	0.84896
1571	YNR053C	0.84896
1572	YPR147C	0.84894
1573	YGL028C	0.84893
1574	YDR459C	0.84889
1575	YNL181W	0.84881
1576	YPR172W	0.84879
1577	YGR004W	0.84878
1578	YML005W	0.84875
1579	YPL059W	0.84874
1580	YGL065C	0.84873
1581	YBR149W	0.84873
1582	YOL129W	0.84871
1583	YEL029C	0.8487
1584	YMR322C	0.8486
1585	YLR460C	0.84856
1586	YGR264C	0.84851
1587	YLR410W	0.84847
1588	YPL184C	0.84845
1589	YPL012W	0.84844
1590	YNL192W	0.84843
1591	YMR306W	0.84841
1592	YER156C	0.84834
1593	YOR335C	0.84833
1594	YGL206C	0.84829
1595	YHL018W	0.84825
1596	YNR012W	0.8482
1597	YMR155W	0.84818
1598	YJR139C	0.84817
1599	YNR008W	0.84811
1600	YKL207W	0.84809
1601	YLL018C	0.84806
1602	YIL007C	0.84805
1603	YMR162C	0.84801
1604	YDR236C	0.84797
1605	YJR084W	0.84796
1606	YBR070C	0.84795
1607	YIL068C	0.84793
1608	YLR272C	0.84793
1609	YAR050W	0.84793
1610	YKR056W	0.84791
1611	YDR490C	0.84781
1612	YLR364W	0.84777
1613	YIL083C	0.84776
1614	YBR223C	0.84774
1615	YGR048W	0.84771
1616	YEL036C	0.8477
1617	YCR101C	0.84769
1618	YEL037C	0.84767
1619	YHR049W	0.84765
1620	YLR447C	0.84761
1621	YOR168W	0.84761
1622	YMR083W	0.8476
1623	YNL129W	0.84759
1624	YLR089C	0.84746
1625	YAL062W	0.84744
1626	YBL007C	0.84739
1627	YCL011C	0.84739
1628	YNR026C	0.84737
1629	YGL033W	0.84735
1630	YNR056C	0.84734
1631	YHR024C	0.84732
1632	YER100W	0.84724
1633	YCL036W	0.8472
1634	YDR358W	0.84719
1635	YCR106W	0.84719
1636	YNL161W	0.84718
1637	YLR382C	0.84717
1638	YOR165W	0.84716
1639	Q0065	0.84716
1640	YGR087C	0.84716
1641	YAL030W	0.84708
1642	YDR395W	0.84703
1643	YNL022C	0.84702
1644	YFR021W	0.84702
1645	YLR108C	0.8469
1646	YGL171W	0.84688
1647	YBR014C	0.8468
1648	YNL240C	0.84678
1649	YBR125C	0.84676
1650	YNL138W	0.84666
1651	YLR308W	0.84665
1652	YAL063C	0.84664
1653	YNL219C	0.84661
1654	YLR324W	0.84655
1655	YAR023C	0.84651
1656	YLR078C	0.8465
1657	YIR009W	0.84643
1658	YGL185C	0.84643
1659	YLR186W	0.84643
1660	YLR345W	0.84641
1661	YLR019W	0.84638
1662	YDR476C	0.84636
1663	YLR205C	0.84624
1664	YPL086C	0.84616
1665	YBR056W	0.84614
1666	YIR039C	0.84611
1667	YLR399C	0.8461
1668	YHR027C	0.84594
1669	YMR277W	0.84591
1670	YIL014W	0.84591
1671	YNL259C	0.8459
1672	YLR384C	0.84589
1673	YBR011C	0.84585
1674	YHR204W	0.84584
1675	YJR125C	0.84579
1676	YBR297W	0.84573
1677	YER142C	0.84569
1678	YOR307C	0.84567
1679	YGL208W	0.84567
1680	YCL075W	0.84565
1681	YHR191C	0.84564
1682	YHR037W	0.84563
1683	YDR267C	0.84557
1684	YHR178W	0.84557
1685	YGR246C	0.84556
1686	YOR004W	0.84556
1687	YFL067W	0.84551
1688	YNL037C	0.84551
1689	YLR200W	0.84549
1690	YPL212C	0.84546
1691	YGR247W	0.84544
1692	YPR086W	0.84532
1693	YHR151C	0.84524
1694	YBR018C	0.84523
1695	YHR137W	0.84516
1696	YJL172W	0.84515
1697	YLR181C	0.84509
1698	YGL044C	0.84504
1699	YMR104C	0.84499
1700	YLR099C	0.84494
1701	YJR070C	0.84492
1702	YMR038C	0.84487
1703	YHR201C	0.84484
1704	YPR074C	0.84477
1705	YNL287W	0.84474
1706	YML054C	0.8447
1707	YLR144C	0.84465
1708	YEL019C	0.84462
1709	YDR392W	0.84457
1710	YAL046C	0.84455
1711	YKL144C	0.84455
1712	YIL067C	0.84455
1713	YBR147W	0.84452
1714	YOR332W	0.84451
1715	YLR044C	0.8445
1716	YKL029C	0.84441
1717	YKL053C-A	0.84438
1718	YKL154W	0.84438
1719	YER016W	0.84431
1720	YDL154W	0.84429
1721	YNL104C	0.84429
1722	YOR036W	0.84429
1723	YNL260C	0.84426
1724	YHR219W	0.84425
1725	YDR191W	0.84421
1726	YPR002W	0.84419
1727	YJR078W	0.84415
1728	YHR091C	0.84415
1729	YDL036C	0.84412
1730	YER163C	0.84411
1731	YLR451W	0.84411
1732	YOR162C	0.84409
1733	YHR028C	0.84399
1734	YHR020W	0.84398
1735	YHR211W	0.84395
1736	YPR114W	0.84392
1737	YBR229C	0.8439
1738	YLR014C	0.84389
1739	YBR062C	0.84389
1740	YPR140W	0.84379
1741	YBR208C	0.84378
1742	YPR196W	0.84378
1743	YKR067W	0.84372
1744	YGL099W	0.8437
1745	YGR021W	0.84367
1746	YPR107C	0.84363
1747	YLR330W	0.84362
1748	YFL008W	0.8436
1749	YDR399W	0.8436
1750	YOL154W	0.84358
1751	YJR133W	0.84356
1752	YOL130W	0.8435
1753	YIL113W	0.84346
1754	YDL101C	0.84345
1755	YML004C	0.84345
1756	YPL172C	0.84344
1757	YNR065C	0.84343
1758	YGL126W	0.84341
1759	YGR189C	0.84335
1760	YKL174C	0.84334
1761	YKR052C	0.84332
1762	YKL080W	0.84331
1763	YGL196W	0.84331
1764	YLR086W	0.84329
1765	YAR015W	0.84328
1766	YER039C-A	0.84324
1767	YMR123W	0.84323
1768	YOL142W	0.84321
1769	YMR062C	0.84321
1770	YPR110C	0.8432
1771	YPL270W	0.84316
1772	YJL178C	0.84316
1773	YMR304W	0.84313
1774	YEL056W	0.84312
1775	YDR380W	0.84309
1776	YDR023W	0.84308
1777	YKL026C	0.84307
1778	YPL152W	0.84304
1779	YAL048C	0.84298
1780	YMR194C-B	0.84297
1781	YPR056W	0.84295
1782	YDR518W	0.84292
1783	YIL075C	0.84292
1784	YMR001C	0.84288
1785	YKR094C	0.84288
1786	YIL148W	0.84288
1787	YKR024C	0.84287
1788	YPL060W	0.84281
1789	YNL087W	0.84277
1790	YDR265W	0.84277
1791	YCR004C	0.84261
1792	YOL113W	0.8426
1793	YOR223W	0.84259
1794	YLR222C	0.84258
1795	YKR097W	0.84258
1796	YGR229C	0.84258
1797	YML035C	0.84244
1798	YFL044C	0.84243
1799	YNL244C	0.84243
1800	YHR005C-A	0.84237
1801	YIL023C	0.84236
1802	YBL032W	0.84229
1803	YLR129W	0.84211
1804	YMR323W	0.84209
1805	YGL155W	0.84206
1806	YBR248C	0.84205
1807	YOR100C	0.84202
1808	YBR024W	0.84191
1809	YLL039C	0.8419
1810	YGR001C	0.84186
1811	YGR093W	0.84178
1812	YBR112C	0.84176
1813	YLR380W	0.84176
1814	YPL088W	0.84171
1815	YJL124C	0.84167
1816	YDR248C	0.84165
1817	YPL097W	0.84162
1818	YPR159W	0.84157
1819	YLR306W	0.84157
1820	YLR050C	0.84153
1821	YBR121C	0.84145
1822	YAL044C	0.84145
1823	YFL034C-B	0.84139
1824	YLR401C	0.84137
1825	YIR038C	0.84137
1826	YOR118W	0.84136
1827	YHR003C	0.84125
1828	YFR048W	0.8412
1829	YDL104C	0.84119
1830	YNL243W	0.84118
1831	YDL049C	0.84115
1832	YKR103W	0.84112
1833	YDL017W	0.84111
1834	YFR038W	0.84109
1835	YJR067C	0.84107
1836	YJR048W	0.84105
1837	YNL064C	0.84099
1838	YDR292C	0.84098
1839	YPL135W	0.84097
1840	YLR361C	0.84092
1841	YGR207C	0.84089
1842	YOL061W	0.84086
1843	YOR356W	0.84082
1844	YBR274W	0.84078
1845	YBR204C	0.84078
1846	YJR020W	0.84077
1847	YFL054C	0.84076
1848	YMR251W	0.84073
1849	YIL063C	0.84067
1850	YPL281C	0.84066
1851	YOR393W	0.84066
1852	YBL055C	0.84065
1853	YML082W	0.84059
1854	YHR140W	0.84055
1855	YBR061C	0.84055
1856	YKL070W	0.84051
1857	YDL072C	0.84051
1858	YER095W	0.8405
1859	YER006W	0.84049
1860	YDR109C	0.84049
1861	YPL008W	0.84048
1862	YMR214W	0.84043
1863	YBR201W	0.84043
1864	YOR375C	0.84042
1865	YGL212W	0.84039
1866	YOR232W	0.84039
1867	YJR016C	0.84033
1868	YDR506C	0.84033
1869	YPR025C	0.84033
1870	YBR143C	0.84032
1871	YML131W	0.84031
1872	YDR013W	0.84029
1873	YML065W	0.84028
1874	YOL060C	0.84028
1875	YDR435C	0.84026
1876	YKL084W	0.8402
1877	YER051W	0.84018
1878	YDR212W	0.84015
1879	YGR111W	0.84014
1880	YKR013W	0.8401
1881	YOR370C	0.84005
1882	YOR196C	0.84003
1883	YIL021W	0.83989
1884	YDL177C	0.83989
1885	YOR184W	0.83983
1886	YGL143C	0.83979
1887	YBR042C	0.83977
1888	YPL171C	0.83974
1889	YLR083C	0.83973
1890	YHR001W	0.83971
1891	YLL014W	0.83969
1892	YPL164C	0.83959
1893	YAL039C	0.83956
1894	YJL186W	0.83956
1895	YML110C	0.83954
1896	YFR005C	0.8395
1897	YOR007C	0.83946
1898	YGL148W	0.83945
1899	YNR030W	0.83945
1900	YMR093W	0.83944
1901	YIL082W-A	0.83942
1902	YBR234C	0.83938
1903	YGL137W	0.8393
1904	YOL110W	0.83924
1905	YLR421C	0.83921
1906	YKL019W	0.83918
1907	YLR429W	0.83918
1908	YFL001W	0.83916
1909	YPR200C	0.83915
1910	YPL183C	0.83915
1911	YGL184C	0.83908
1912	YDL110C	0.83907
1913	YLR287C	0.83905
1914	YML126C	0.839
1915	YGR024C	0.83895
1916	YFL050C	0.83894
1917	YOR265W	0.83888
1918	YKL194C	0.83887
1919	YML010W	0.83881
1920	YGR257C	0.8388
1921	YNL025C	0.83878
1922	YGL211W	0.83877
1923	YDL120W	0.8387
1924	YDR487C	0.83868
1925	YHL039W	0.83868
1926	YHR068W	0.83866
1927	YOR301W	0.83866
1928	YJR130C	0.83865
1929	YLL043W	0.83858
1930	YHR189W	0.83857
1931	YDR523C	0.83854
1932	YLR117C	0.83853
1933	YBR198C	0.83848
1934	YDR083W	0.83838
1935	YDR386W	0.83835
1936	YJL079C	0.83835
1937	YKL022C	0.83828
1938	YPR047W	0.83828
1939	YLR304C	0.83826
1940	YLR212C	0.83825
1941	YBR175W	0.83823
1942	YOL052C	0.83821
1943	YDR531W	0.8382
1944	YHR098C	0.8382
1945	YER179W	0.83817
1946	YMR268C	0.8379
1947	YMR063W	0.83785
1948	YNL061W	0.83784
1949	YJR008W	0.83782
1950	YOL115W	0.83782
1951	YDR390C	0.83778
1952	YDR167W	0.83776
1953	YJL174W	0.83769
1954	YKR003W	0.83766
1955	YDL140C	0.83762
1956	YPL224C	0.8376
1957	YBR094W	0.83757
1958	YFL040W	0.83755
1959	YPR153W	0.83754
1960	YLR259C	0.83753
1961	YMR114C	0.83747
1962	YML101C	0.83745
1963	YDR234W	0.83743
1964	YPL239W	0.83742
1965	YER014W	0.83742
1966	YJL091C	0.83738
1967	YOR377W	0.83729
1968	YER123W	0.83727
1969	YKL212W	0.83722
1970	YCR092C	0.83722
1971	YNL083W	0.83721
1972	YPL140C	0.83717
1973	YDR161W	0.83717
1974	YGR020C	0.83713
1975	YER066W	0.83711
1976	YDR045C	0.83701
1977	YMR321C	0.837
1978	YPL001W	0.83696
1979	YER061C	0.83687
1980	YLL009C	0.83687
1981	YOR160W	0.83682
1982	YLR179C	0.8368
1983	YEL001C	0.83674
1984	YDL079C	0.83673
1985	YHR072W	0.83667
1986	YNL207W	0.83661
1987	YJL081C	0.8366
1988	YNL121C	0.83657
1989	YOR367W	0.83657
1990	YBL106C	0.83653
1991	YKL222C	0.83652
1992	YOR002W	0.83651
1993	YLL008W	0.83643
1994	YHL042W	0.83642
1995	YKR076W	0.8364
1996	YNR017W	0.83639
1997	YDL178W	0.83636
1998	YNL055C	0.83635
1999	YKR017C	0.83632
2000	YLR274W	0.8363
2001	YKL193C	0.83625
2002	YGR141W	0.83624
2003	YLR143W	0.83618
2004	YBL018C	0.83611
2005	YAL009W	0.83609
2006	YOL126C	0.83609
2007	YGR255C	0.83609
2008	YLR413W	0.83606
2009	YLR386W	0.83605
2010	YPL147W	0.83605
2011	YNR062C	0.83603
2012	YOR164C	0.83602
2013	YLR026C	0.836
2014	YDR276C	0.83592
2015	YIL046W	0.8359
2016	YOL072W	0.8359
2017	YPR178W	0.83589
2018	YDR086C	0.83581
2019	YCR100C	0.83579
2020	YJL065C	0.83579
2021	YNL036W	0.83578
2022	YPR186C	0.83577
2023	YML060W	0.83577
2024	YGR026W	0.83577
2025	YOR173W	0.83575
2026	YJR085C	0.83574
2027	YKL028W	0.83571
2028	YDR391C	0.83571
2029	YHR194W	0.83563
2030	YNL313C	0.83562
2031	YJL137C	0.8356
2032	YBL015W	0.83559
2033	YDL051W	0.83557
2034	YOR021C	0.83555
2035	YFL048C	0.83552
2036	YGL050W	0.8355
2037	Q0105	0.8355
2038	YFR050C	0.83548
2039	YHR161C	0.83548
2040	YOR226C	0.83547
2041	YDR398W	0.83544
2042	YML019W	0.83542
2043	YEL039C	0.83541
2044	YLR072W	0.83541
2045	YHR168W	0.8354
2046	YGL251C	0.83538
2047	YKR086W	0.83535
2048	YMR200W	0.83534
2049	YKR084C	0.83529
2050	YPL222W	0.83528
2051	YDR325W	0.83518
2052	YDR170C	0.83513
2053	YER164W	0.83505
2054	YGL240W	0.83504
2055	YGR078C	0.83504
2056	YLR178C	0.83504
2057	YNL180C	0.83503
2058	YIL015W	0.83501
2059	YGL259W	0.83498
2060	YIL034C	0.83485
2061	YKR079C	0.83481
2062	YGL122C	0.83476
2063	YDR050C	0.8347
2064	YNR058W	0.8347
2065	YBR207W	0.83468
2066	YDR142C	0.83468
2067	YDR428C	0.83465
2068	YLR414C	0.83462
2069	YIR029W	0.8346
2070	YOR261C	0.83459
2071	YNL102W	0.83457
2072	YBL017C	0.83455
2073	YLL041C	0.8345
2074	YNR067C	0.83448
2075	YHR187W	0.83448
2076	YER172C	0.83446
2077	YIL066C	0.83445
2078	YIL164C	0.83441
2079	YLL006W	0.83439
2080	YER027C	0.83429
2081	YGR187C	0.83424
2082	YGL082W	0.83424
2083	YMR041C	0.83424
2084	YHL013C	0.83423
2085	YLR020C	0.83421
2086	YMR150C	0.83419
2087	YGR109W-B	0.83419
2088	YDR539W	0.83416
2089	YCL048W	0.83415
2090	YEL003W	0.83413
2091	YKL002W	0.83411
2092	YOR176W	0.83411
2093	YOR209C	0.8341
2094	YPL103C	0.83409
2095	YLR088W	0.83407
2096	YKL065C	0.83404
2097	YAL018C	0.834
2098	YLR218C	0.83389
2099	YNL106C	0.83384
2100	YHR134W	0.83383
2101	YER049W	0.83383
2102	YDL063C	0.83382
2103	YMR152W	0.83377
2104	YHR171W	0.83376
2105	YDR164C	0.83375
2106	YDL078C	0.83374
2107	YER070W	0.8337
2108	YDR173C	0.83363
2109	YJR104C	0.83361
2110	YPL209C	0.83361
2111	YHR114W	0.83359
2112	YLR085C	0.83353
2113	YDR452W	0.83351
2114	YOR074C	0.83347
2115	YBL001C	0.83344
2116	YOR278W	0.83338
2117	YPL082C	0.83336
2118	YGL194C	0.83334
2119	YHR120W	0.8333
2120	YMR040W	0.83329
2121	YPR190C	0.83323
2122	YKR102W	0.83321
2123	YOR239W	0.83321
2124	YKL164C	0.83307
2125	YGL232W	0.83299
2126	YBL019W	0.83299
2127	YHR033W	0.83293
2128	YHL032C	0.83292
2129	YBR151W	0.83291
2130	YDL042C	0.83284
2131	YLR390W	0.83284
2132	YHR179W	0.83278
2133	YJR063W	0.83272
2134	YLR435W	0.8327
2135	YOL005C	0.83263
2136	YLR270W	0.83262
2137	YNL048W	0.83261
2138	YMR244W	0.83259
2139	YIL171W	0.83258
2140	YHL031C	0.83254
2141	YOL056W	0.83252
2142	YNL088W	0.83251
2143	YFR007W	0.83248
2144	YDR107C	0.83239
2145	YMR132C	0.83239
2146	YKL073W	0.83239
2147	YOR271C	0.83238
2148	YEL026W	0.83238
2149	YPL273W	0.83236
2150	YPR124W	0.83234
2151	YMR166C	0.83232
2152	YPR161C	0.83221
2153	YLR246W	0.83219
2154	YOR275C	0.83219
2155	YEL024W	0.83209
2156	YLR276C	0.83207
2157	YPL093W	0.83204
2158	YOL152W	0.83204
2159	YJL210W	0.83202
2160	YPL157W	0.83195
2161	YNL256W	0.83194
2162	YPL179W	0.83193
2163	YJR075W	0.83189
2164	YML072C	0.83187
2165	YPL133C	0.83181
2166	YNL092W	0.83176
2167	YMR069W	0.83173
2168	YAL019W	0.83173
2169	YKL178C	0.83172
2170	YBR052C	0.83167
2171	YDR503C	0.83166
2172	YCL064C	0.83166
2173	YHR076W	0.83164
2174	YMR239C	0.83164
2175	YJL036W	0.83163
2176	YCR079W	0.83162
2177	YGR241C	0.83162
2178	YNL059C	0.83157
2179	YPL117C	0.83156
2180	YPR162C	0.83155
2181	YLR409C	0.83149
2182	YDL160C-A	0.83143
2183	YNL107W	0.8314
2184	YLR284C	0.83134
2185	YNL293W	0.83134
2186	YBR237W	0.83126
2187	YJR064W	0.83125
2188	YKR087C	0.83118
2189	YPL096W	0.83114
2190	YLR065C	0.83111
2191	YBR227C	0.83106
2192	YNR074C	0.83103
2193	YNL238W	0.83101
2194	YIL110W	0.83099
2195	YLL036C	0.8309
2196	YDR453C	0.83087
2197	YLL012W	0.83083
2198	YER074W-A	0.83083
2199	YOR133W	0.83081
2200	YOR361C	0.83078
2201	YDL241W	0.83073
2202	YJL041W	0.83069
2203	YDL202W	0.83067
2204	YLR022C	0.83061
2205	YGR080W	0.83057
2206	YHR117W	0.83053
2207	YOL018C	0.83048
2208	YER059W	0.83045
2209	YPL109C	0.83043
2210	YDR436W	0.83042
2211	YCL045C	0.83042
2212	YHR016C	0.83038
2213	YBL068W-A	0.83035
2214	YNL155W	0.83032
2215	YNL279W	0.8303
2216	YBR213W	0.83029
2217	YCL043C	0.83028
2218	YPL237W	0.83024
2219	YGR177C	0.83016
2220	YDL193W	0.83014
2221	YBL064C	0.83014
2222	YOR213C	0.83013
2223	YDR332W	0.83012
2224	YGR201C	0.82995
2225	YJL031C	0.82994
2226	YNL020C	0.82993
2227	YAL015C	0.82992
2228	YJR099W	0.82988
2229	YMR116C	0.82979
2230	YFR027W	0.82975
2231	YPR184W	0.82975
2232	YLR239C	0.82972
2233	YFL016C	0.82963
2234	YKL085W	0.82954
2235	YPR119W	0.82953
2236	YIL134W	0.82951
2237	YDL015C	0.8295
2238	YOR119C	0.82949
2239	YAL064C-A	0.82946
2240	YNL169C	0.82943
2241	YHR040W	0.82939
2242	YNL168C	0.82933
2243	YDR514C	0.82931
2244	YFL002C	0.82931
2245	YDR116C	0.8293
2246	YCR084C	0.82926
2247	YGR194C	0.82922
2248	YOR130C	0.8292
2249	YDL054C	0.82906
2250	YDR172W	0.82906
2251	YMR218C	0.82906
2252	YDR189W	0.82902
2253	YJR109C	0.82901
2254	YIL016W	0.82898
2255	YNL117W	0.82896
2256	YDR061W	0.82895
2257	YPL125W	0.82894
2258	YDR268W	0.82893
2259	YGL181W	0.82893
2260	YPL030W	0.82875
2261	YIL030C	0.82873
2262	YIR031C	0.82869
2263	YOR154W	0.82868
2264	YDR032C	0.82866
2265	YPR144C	0.82863
2266	YDL109C	0.82863
2267	YGR181W	0.82859
2268	YJL126W	0.82858
2269	YJL151C	0.82856
2270	YBR091C	0.82854
2271	YKL132C	0.82851
2272	YKL186C	0.82845
2273	YFL034W	0.82839
2274	YDR330W	0.82838
2275	YGL173C	0.82832
2276	YGL183C	0.82826
2277	YDR018C	0.82826
2278	YGL009C	0.82823
2279	YLR175W	0.82822
2280	YPL196W	0.82815
2281	YDR117C	0.82814
2282	YLR452C	0.82812
2283	YOR181W	0.82806
2284	YGR204W	0.82805
2285	YJL222W	0.82802
2286	YOL067C	0.82799
2287	YPL194W	0.82791
2288	YLR064W	0.82787
2289	YDR067C	0.82786
2290	YDR324C	0.82783
2291	YDR282C	0.82779
2292	YOL042W	0.82776
2293	YJL085W	0.82776
2294	YPL002C	0.82776
2295	Q0050	0.82761
2296	YIL173W	0.8276
2297	YML120C	0.8276
2298	YDR349C	0.82756
2299	YNR032C-A	0.82756
2300	YJL072C	0.82756
2301	YLR450W	0.82752
2302	YOL006C	0.82745
2303	YML051W	0.82744
2304	YKL187C	0.82744
2305	YJL010C	0.82742
2306	YMR110C	0.82736
2307	YPR032W	0.82736
2308	YNL220W	0.82734
2309	YML118W	0.82727
2310	YGR083C	0.82725
2311	YIL126W	0.82722
2312	YHR162W	0.82709
2313	YNL292W	0.82708
2314	YDR058C	0.82705
2315	YJR118C	0.827
2316	YKL117W	0.82695
2317	YPL003W	0.82681
2318	YOL141W	0.82679
2319	YJR141W	0.82677
2320	YIL168W	0.82677
2321	YOR258W	0.82677
2322	YDR364C	0.82673
2323	YMR161W	0.82663
2324	YLR215C	0.82662
2325	YOR057W	0.82661
2326	YNL299W	0.82661
2327	YMR228W	0.8266
2328	YDR410C	0.82655
2329	YEL034W	0.82653
2330	YHR170W	0.82649
2331	YDR319C	0.82645
2332	YNL001W	0.82639
2333	YDL207W	0.82633
2334	YGL164C	0.8263
2335	YPL043W	0.82623
2336	YKL152C	0.82622
2337	YLR038C	0.82614
2338	YGR242W	0.82613
2339	YOR206W	0.82609
2340	YHR166C	0.82609
2341	YIL006W	0.82602
2342	YPL162C	0.826
2343	YML097C	0.82593
2344	YBR103W	0.8259
2345	YCL008C	0.8259
2346	YIL073C	0.82589
2347	YGL243W	0.82588
2348	YIL167W	0.82587
2349	YGL053W	0.82585
2350	YLR318W	0.82581
2351	YNL063W	0.82579
2352	YJL133W	0.8257
2353	YGL027C	0.82565
2354	YLR357W	0.8256
2355	YJL154C	0.82556
2356	YDL019C	0.82554
2357	YER005W	0.82548
2358	YLR047C	0.82542
2359	YER001W	0.82531
2360	YOR022C	0.8252
2361	YDR132C	0.8252
2362	YFR032C	0.82512
2363	YLR375W	0.82511
2364	YOR136W	0.8251
2365	YGL018C	0.8251
2366	YDR183W	0.82503
2367	YNL328C	0.82498
2368	YNL023C	0.82492
2369	YPL176C	0.82491
2370	YOR059C	0.82488
2371	YCL002C	0.82485
2372	YER116C	0.82484
2373	YGR143W	0.82472
2374	YOR065W	0.82468
2375	YPL262W	0.82468
2376	YOR001W	0.82467
2377	YNL320W	0.82467
2378	YMR055C	0.82462
2379	YOR067C	0.82451
2380	YAR003W	0.82448
2381	YJR010W	0.82444
2382	YDR188W	0.82439
2383	YKL182W	0.82438
2384	YNR029C	0.82436
2385	YGL236C	0.82432
2386	YMR078C	0.82428
2387	YBR199W	0.82428
2388	YOR254C	0.82424
2389	YHR164C	0.82418
2390	YPL220W	0.82417
2391	YGL135W	0.82417
2392	YOR005C	0.82411
2393	YGL083W	0.82409
2394	YOL013C	0.82407
2395	YOL058W	0.82401
2396	YBR162C	0.824
2397	YDR054C	0.82399
2398	YMR223W	0.82394
2399	YOR231W	0.82394
2400	YNL015W	0.82385
2401	YER140W	0.82379
2402	YHR089C	0.82378
2403	YIL106W	0.82375
2404	YPL231W	0.82373
2405	YNL317W	0.82372
2406	YOR219C	0.82371
2407	YDR498C	0.82371
2408	YIL169C	0.82364
2409	YJL117W	0.8236
2410	YJR151C	0.82356
2411	YNL232W	0.82352
2412	YLR335W	0.82349
2413	YMR180C	0.82345
2414	YLR133W	0.82342
2415	YMR035W	0.8234
2416	YJL200C	0.82339
2417	YBR127C	0.82337
2418	YJL080C	0.82331
2419	YLR066W	0.82327
2420	YGL068W	0.82326
2421	YPL110C	0.82323
2422	YJL168C	0.82322
2423	YGR159C	0.82322
2424	YOL049W	0.82319
2425	YDR165W	0.82317
2426	YPR017C	0.82316
2427	YBR055C	0.82312
2428	YER065C	0.82311
2429	YHR041C	0.8231
2430	YDR336W	0.82308
2431	YGR062C	0.82304
2432	YNL206C	0.82298
2433	YGR086C	0.82297
2434	YER141W	0.82297
2435	YGR169C	0.82295
2436	YKL067W	0.82295
2437	YOR286W	0.82293
2438	YIL147C	0.82292
2439	YGL004C	0.82289
2440	YEL002C	0.82287
2441	YDR427W	0.82281
2442	YGR217W	0.8228
2443	YML098W	0.82279
2444	YKL071W	0.82276
2445	YDL200C	0.82271
2446	YOL123W	0.82269
2447	YGL105W	0.82258
2448	YJL116C	0.82257
2449	YPL004C	0.82253
2450	YML042W	0.82247
2451	YDR430C	0.82242
2452	YGR232W	0.82241
2453	YBL020W	0.8224
2454	YOR295W	0.82233
2455	YIR019C	0.82233
2456	YMR225C	0.82226
2457	YJL104W	0.82225
2458	YGL141W	0.82225
2459	YPR098C	0.82211
2460	YBR267W	0.82209
2461	YHL008C	0.82208
2462	YNL218W	0.82207
2463	YIR023W	0.82205
2464	YGL248W	0.82198
2465	YBR205W	0.82191
2466	YGR268C	0.82189
2467	YHR075C	0.82184
2468	YMR196W	0.82181
2469	YFL047W	0.8218
2470	YLR362W	0.82175
2471	YHR113W	0.82174
2472	YPR112C	0.8217
2473	YBR141C	0.82168
2474	YGR243W	0.82153
2475	YDR517W	0.8215
2476	YCL001W-B	0.82148
2477	YHL035C	0.82143
2478	YDL033C	0.82143
2479	YLR114C	0.82142
2480	YOR245C	0.82141
2481	YDR372C	0.82138
2482	YNR016C	0.82138
2483	YER037W	0.82138
2484	YHR069C	0.82136
2485	YLR449W	0.82131
2486	YOL077C	0.82122
2487	YHL002W	0.82118
2488	YOR125C	0.82116
2489	YNL291C	0.82115
2490	YEL048C	0.82112
2491	YPL101W	0.82112
2492	YCL032W	0.82111
2493	YDR346C	0.82107
2494	YER144C	0.821
2495	YGL144C	0.82098
2496	YKL018W	0.82094
2497	YBR176W	0.82089
2498	YIR007W	0.82085
2499	YJL193W	0.82085
2500	YJL183W	0.82083
2501	YMR177W	0.82071
2502	YGL231C	0.82069
2503	YMR092C	0.82065
2504	YOR039W	0.8206
2505	YDL010W	0.82057
2506	YOL145C	0.82053
2507	YCR005C	0.82045
2508	YHR207C	0.82044
2509	YAL058W	0.82042
2510	YGR061C	0.82039
2511	YLL011W	0.82035
2512	YDL040C	0.82033
2513	YDR145W	0.82026
2514	YNL247W	0.82026
2515	YDL159W	0.82026
2516	YOR251C	0.82017
2517	YDL208W	0.82013
2518	YDR121W	0.82003
2519	YPR010C	0.82003
2520	YHR115C	0.82001
2521	YJR046W	0.81993
2522	YBR200W	0.81991
2523	YNL250W	0.81991
2524	YHR213W	0.8199
2525	YAR062W	0.8199
2526	YPL116W	0.81987
2527	YNR051C	0.81984
2528	YOL043C	0.81983
2529	YER162C	0.81976
2530	YML115C	0.81974
2531	YGR101W	0.81971
2532	YGL262W	0.81968
2533	YCR030C	0.8196
2534	YER157W	0.81958
2535	YGL016W	0.81953
2536	YBR271W	0.81946
2537	YGR082W	0.81946
2538	YLR145W	0.81945
2539	YGR003W	0.81943
2540	YDL231C	0.81933
2541	YNL066W	0.81924
2542	YCR012W	0.81923
2543	YJL005W	0.81918
2544	YOR056C	0.81914
2545	YLL010C	0.81913
2546	YLR196W	0.81913
2547	YNL094W	0.81912
2548	YPR037C	0.81912
2549	YLR443W	0.81911
2550	YJR006W	0.81907
2551	YJR154W	0.81907
2552	YMR289W	0.81902
2553	YOR244W	0.819
2554	YPR133C	0.81897
2555	YGL179C	0.81895
2556	YJR019C	0.81884
2557	YFR041C	0.81879
2558	YHR086W	0.81879
2559	YJL139C	0.81873
2560	YML090W	0.81868
2561	YIR032C	0.81868
2562	YEL012W	0.81866
2563	YDL021W	0.81863
2564	YKL013C	0.81862
2565	YMR260C	0.81859
2566	YDR205W	0.81857
2567	YOR207C	0.81854
2568	YDR479C	0.81854
2569	YLR003C	0.81847
2570	YLR299W	0.81844
2571	YGL049C	0.81843
2572	YBR039W	0.81841
2573	YKR074W	0.81838
2574	YDL167C	0.81836
2575	YOR145C	0.81832
2576	YFL029C	0.81832
2577	YOR025W	0.8182
2578	YDR306C	0.8182
2579	YFR030W	0.81812
2580	YDL037C	0.81804
2581	YIL062C	0.81804
2582	YDL119C	0.81802
2583	YBR273C	0.81801
2584	YGL040C	0.81799
2585	YKL055C	0.81796
2586	YDL161W	0.81794
2587	YDR036C	0.81794
2588	YMR149W	0.8179
2589	YHR116W	0.81788
2590	YML055W	0.81785
2591	YOR386W	0.81773
2592	YBL037W	0.81771
2593	YGL112C	0.81768
2594	YHL010C	0.81767
2595	YPL024W	0.81761
2596	YKR069W	0.81758
2597	YDR194C	0.81758
2598	YFL004W	0.81757
2599	YER080W	0.81752
2600	YGR216C	0.81749
2601	YNL148C	0.81743
2602	YDR293C	0.81735
2603	YKL087C	0.81733
2604	YBL099W	0.81729
2605	YLR418C	0.81725
2606	YNL190W	0.81724
2607	YJR161C	0.81723
2608	YDL226C	0.81721
2609	YLR316C	0.8172
2610	YHR165W-A	0.81719
2611	YPL190C	0.81717
2612	YMR127C	0.81716
2613	YPL045W	0.81715
2614	YOL023W	0.81714
2615	YIL004C	0.81712
2616	YDR031W	0.81709
2617	YJR035W	0.81708
2618	YHR034C	0.81708
2619	YLR105C	0.81703
2620	YDR302W	0.81702
2621	YHR121W	0.81698
2622	YNL163C	0.81698
2623	YJR052W	0.81697
2624	YPL249C	0.81694
2625	YHR206W	0.81693
2626	YDL218W	0.81691
2627	YML031W	0.81688
2628	YKL103C	0.81686
2629	YNL263C	0.8168
2630	YJR014W	0.81679
2631	YDL248W	0.81675
2632	YMR131C	0.81668
2633	YIL107C	0.81667
2634	YFL046W	0.81666
2635	YNL175C	0.81663
2636	YNL239W	0.81659
2637	YOR201C	0.81658
2638	YDL165W	0.81656
2639	YHR062C	0.81651
2640	YJR076C	0.81646
2641	YGR162W	0.8164
2642	YMR263W	0.81638
2643	YGR144W	0.81637
2644	YJR144W	0.81634
2645	YNL248C	0.81633
2646	YDR190C	0.81625
2647	YER098W	0.8162
2648	YNR001C	0.81614
2649	YNL246W	0.81611
2650	YDR056C	0.81608
2651	YOR111W	0.81601
2652	YPL104W	0.81595
2653	YHL022C	0.81594
2654	YKL060C	0.81594
2655	YGR212W	0.81593
2656	YPR023C	0.81592
2657	YPL188W	0.81592
2658	YNL251C	0.81591
2659	YPL069C	0.81589
2660	YJL194W	0.81586
2661	YOR151C	0.81585
2662	YIL128W	0.81585
2663	YKL139W	0.81581
2664	YLR207W	0.81575
2665	YDR538W	0.81567
2666	YBL061C	0.81565
2667	YOR253W	0.81561
2668	YMR244C-A	0.81544
2669	YER120W	0.8153
2670	YBR233W	0.81524
2671	YJR042W	0.81521
2672	YGR157W	0.81519
2673	YPR163C	0.81518
2674	YBR025C	0.81514
2675	YGL166W	0.81513
2676	YGR109W-A	0.81513
2677	YOL114C	0.81507
2678	YLL057C	0.81505
2679	YOR035C	0.81504
2680	YOL010W	0.81502
2681	YLR007W	0.81501
2682	YOR018W	0.81495
2683	YIL157C	0.81493
2684	YDL145C	0.81491
2685	YDR393W	0.8149
2686	YMR312W	0.81485
2687	YBR074W	0.8148
2688	YDL143W	0.81474
2689	YOR360C	0.81473
2690	YML066C	0.81471
2691	YIL082W	0.81471
2692	YGL045W	0.8147
2693	YJL004C	0.81465
2694	YLR240W	0.8146
2695	YLR266C	0.81459
2696	YML074C	0.81459
2697	YKL003C	0.81456
2698	YFL022C	0.81455
2699	YDL008W	0.81443
2700	YDR419W	0.81441
2701	YFR002W	0.81439
2702	YDR434W	0.81434
2703	YGR074W	0.81414
2704	YBR030W	0.81412
2705	YPL189W	0.814
2706	YPL240C	0.81394
2707	YNL116W	0.81394
2708	YFR022W	0.81394
2709	YOR272W	0.81382
2710	YAL033W	0.81367
2711	YBL049W	0.81366
2712	YEL055C	0.81362
2713	YJR036C	0.81361
2714	YGR136W	0.81357
2715	YOR090C	0.81357
2716	YHR173C	0.81344
2717	YNL032W	0.81343
2718	YLL031C	0.81342
2719	YKL098W	0.81336
2720	YCR096C	0.81336
2721	YDR286C	0.81335
2722	YKR061W	0.81329
2723	YHR192W	0.81324
2724	YPR137W	0.81322
2725	YBL058W	0.81319
2726	YPR048W	0.81302
2727	YNR038W	0.81302
2728	YIL091C	0.81301
2729	YIL050W	0.81299
2730	YPL029W	0.81291
2731	YNL298W	0.8129
2732	YDR004W	0.81286
2733	YLR032W	0.81285
2734	YGR261C	0.81285
2735	YGL003C	0.81278
2736	YMR156C	0.81276
2737	YOR132W	0.81275
2738	YMR302C	0.81272
2739	YMR201C	0.81262
2740	YML061C	0.81261
2741	YJL192C	0.81259
2742	YGL216W	0.81256
2743	YAR028W	0.81254
2744	YPL048W	0.8125
2745	YMR264W	0.81248
2746	YHL014C	0.81241
2747	YLR430W	0.81237
2748	YDR289C	0.81229
2749	YOR134W	0.81225
2750	YNL062C	0.81216
2751	YHR085W	0.81214
2752	YMR004W	0.81214
2753	YJL159W	0.8121
2754	YGL125W	0.81201
2755	YDR432W	0.81199
2756	YIL002C	0.81197
2757	Q0060	0.81194
2758	YOR290C	0.81192
2759	YLR045C	0.81186
2760	YHL004W	0.8118
2761	YNR075W	0.8118
2762	YPL112C	0.81178
2763	YMR087W	0.81172
2764	YJL102W	0.8117
2765	YCR007C	0.81168
2766	YLR128W	0.81161
2767	YPR168W	0.81158
2768	YLR080W	0.81154
2769	YOR020C	0.8115
2770	YMR097C	0.81146
2771	YKL006C-A	0.81145
2772	YPL207W	0.81139
2773	YPL138C	0.81133
2774	YML096W	0.81133
2775	YGL246C	0.81126
2776	YDR362C	0.81125
2777	YJL160C	0.81124
2778	YLR090W	0.81124
2779	YER182W	0.81113
2780	YPR141C	0.81111
2781	YDL215C	0.81111
2782	YBL095W	0.8111
2783	YDR182W-A	0.8111
2784	YER188W	0.8111
2785	YJR044C	0.81106
2786	YPR060C	0.81106
2787	YKL010C	0.81104
2788	YNL286W	0.81104
2789	YPL145C	0.81102
2790	YOL001W	0.81093
2791	YEL016C	0.81093
2792	YDL234C	0.8109
2793	YML028W	0.81089
2794	YLR002C	0.81087
2795	YKL163W	0.81084
2796	YLR093C	0.81084
2797	YER154W	0.81081
2798	YDL024C	0.81078
2799	YGR149W	0.81073
2800	YBR246W	0.81073
2801	YNL147W	0.81072
2802	YBR302C	0.81071
2803	YML132W	0.81071
2804	YDL105W	0.8107
2805	YJL129C	0.81069
2806	YHR188C	0.81068
2807	YBR028C	0.81055
2808	YMR261C	0.81053
2809	YJR146W	0.81048
2810	YGL161C	0.81047
2811	YKL150W	0.81047
2812	YMR186W	0.81041
2813	YBR185C	0.81038
2814	YOR363C	0.81037
2815	YJL206C	0.81035
2816	YOL057W	0.81018
2817	YER076C	0.81015
2818	YDL198C	0.81015
2819	YOL048C	0.81005
2820	YGR047C	0.80997
2821	YMR234W	0.80993
2822	YOR033C	0.8099
2823	YNL258C	0.80989
2824	YMR216C	0.80986
2825	YKL047W	0.80985
2826	YGR066C	0.80983
2827	YGR245C	0.8098
2828	YIL125W	0.80978
2829	YOR070C	0.80978
2830	YLR290C	0.80975
2831	YIL151C	0.80974
2832	YLL027W	0.8097
2833	YJR135W-A	0.8097
2834	YGL064C	0.80968
2835	YOR014W	0.80966
2836	YKL007W	0.80959
2837	YDR060W	0.80959
2838	YNL289W	0.80958
2839	YPL023C	0.80958
2840	YOR365C	0.80955
2841	YJR005W	0.80954
2842	YJL011C	0.80953
2843	YAR033W	0.80953
2844	YBR084W	0.80948
2845	YFR020W	0.80948
2846	YBR036C	0.80942
2847	YDL240W	0.80942
2848	YML127W	0.80942
2849	YBR060C	0.8094
2850	YMR010W	0.80938
2851	YJR051W	0.80936
2852	YHR139C	0.80931
2853	YPL084W	0.80928
2854	YCR028C-A	0.80928
2855	YDR204W	0.80923
2856	YDR421W	0.8092
2857	YBL069W	0.80919
2858	YER042W	0.80918
2859	YGL089C	0.80916
2860	YPL268W	0.80914
2861	YJL153C	0.80912
2862	YMR013C	0.80909
2863	YOR341W	0.80907
2864	YKL119C	0.80906
2865	YIL140W	0.80905
2866	YGR254W	0.80903
2867	YDL111C	0.80895
2868	YOR052C	0.8089
2869	YOL047C	0.80886
2870	YPL022W	0.80877
2871	YFL031W	0.80877
2872	YOR233W	0.80877
2873	YLR163C	0.80874
2874	YPL211W	0.80873
2875	YKL081W	0.8087
2876	YGR110W	0.80869
2877	YNL035C	0.8086
2878	YPL063W	0.80859
2879	YJL197W	0.80853
2880	YPR154W	0.80851
2881	YLR023C	0.80849
2882	YLR116W	0.80846
2883	YOL135C	0.80839
2884	YHR011W	0.80837
2885	YKL206C	0.80837
2886	YCR014C	0.80833
2887	YCL057C-A	0.80831
2888	YBR260C	0.80823
2889	YFL025C	0.80815
2890	YJR047C	0.80812
2891	YER078C	0.80801
2892	YHR088W	0.80799
2893	YNL004W	0.80798
2894	YBR288C	0.80795
2895	YDR256C	0.80791
2896	YNL261W	0.80787
2897	YDL233W	0.80784
2898	YDR162C	0.80784
2899	YIL022W	0.80781
2900	YLL062C	0.80775
2901	YJR088C	0.80774
2902	YNL124W	0.80769
2903	YLR107W	0.80766
2904	YGL245W	0.8076
2905	YKL160W	0.80747
2906	YOR008C	0.80747
2907	YAR075W	0.80741
2908	YOR389W	0.80738
2909	YCR076C	0.80737
2910	YKR063C	0.80728
2911	YNL212W	0.80728
2912	YOR296W	0.80727
2913	YLR371W	0.80724
2914	YLR103C	0.80722
2915	YDR440W	0.8072
2916	YIL041W	0.80718
2917	YMR189W	0.80717
2918	YIL131C	0.80715
2919	YNL333W	0.80714
2920	YOR171C	0.80709
2921	YDR242W	0.80709
2922	YNL336W	0.80691
2923	YOL128C	0.80688
2924	YPL277C	0.80686
2925	YHL019C	0.80685
2926	YLR025W	0.80684
2927	YHR009C	0.80682
2928	YMR310C	0.80673
2929	YGR205W	0.8067
2930	YHR198C	0.80667
2931	YDR488C	0.80665
2932	YOR212W	0.80665
2933	YHR077C	0.80662
2934	YLR455W	0.80661
2935	YJR055W	0.80656
2936	YKR048C	0.80648
2937	YPL053C	0.80645
2938	YJR098C	0.8063
2939	YKR040C	0.80629
2940	YPL148C	0.80625
2941	YPL065W	0.80611
2942	YPR091C	0.8061
2943	YDR160W	0.80609
2944	YCL016C	0.80606
2945	YGL250W	0.806
2946	YKR062W	0.80597
2947	YHR067W	0.80597
2948	YJR137C	0.80593
2949	YNL217W	0.80576
2950	YBR281C	0.80571
2951	YEL059C-A	0.80566
2952	YGR295C	0.80566
2953	YGL051W	0.80558
2954	YPL195W	0.80555
2955	YFL059W	0.80553
2956	YGL169W	0.80545
2957	YGR058W	0.80534
2958	YDL014W	0.80526
2959	YOR141C	0.80523
2960	YJL025W	0.80518
2961	YBR105C	0.80517
2962	YKL215C	0.80516
2963	YOR216C	0.80515
2964	YDR261C	0.80511
2965	YOR334W	0.80511
2966	YHR199C	0.8051
2967	YLR077W	0.80507
2968	YMR259C	0.80507
2969	YLR419W	0.80505
2970	YJR097W	0.80505
2971	YDR020C	0.80504
2972	YJR100C	0.805
2973	YOL149W	0.80498
2974	YJR142W	0.80491
2975	YOR156C	0.8049
2976	YKL140W	0.80487
2977	YKR060W	0.80486
2978	YOR054C	0.80475
2979	YKL192C	0.80475
2980	YLR292C	0.80462
2981	YIL130W	0.80448
2982	YDR370C	0.80448
2983	YPR105C	0.80445
2984	YGR154C	0.80439
2985	YDL039C	0.80437
2986	YMR230W	0.80435
2987	YLL038C	0.80434
2988	YPL263C	0.8043
2989	YDR472W	0.80429
2990	YOR237W	0.80427
2991	YHR124W	0.80423
2992	YMR102C	0.80422
2993	YHR193C	0.80418
2994	YJL078C	0.80417
2995	YMR076C	0.80412
2996	YMR033W	0.80407
2997	YKL202W	0.80405
2998	YOR215C	0.80401
2999	YPL191C	0.80393
3000	YKL125W	0.80373
3001	YKL100C	0.80372
3002	YOR267C	0.80361
3003	YOR190W	0.8036
3004	YDR312W	0.80359
3005	YPR189W	0.80354
3006	YPL098C	0.80344
3007	YBL033C	0.80339
3008	YAL035W	0.80337
3009	YMR233W	0.80337
3010	YAL051W	0.80333
3011	YLR174W	0.80331
3012	YJL141C	0.80329
3013	YHR147C	0.80329
3014	YMR265C	0.80322
3015	YJL042W	0.80322
3016	YNL283C	0.8032
3017	YOR353C	0.80317
3018	YDR496C	0.80316
3019	YOR299W	0.80313
3020	YOL014W	0.80312
3021	YMR291W	0.80309
3022	YCL054W	0.80306
3023	YKL175W	0.80306
3024	YLR248W	0.80301
3025	YKR081C	0.80299
3026	YGR145W	0.80298
3027	YNR021W	0.80294
3028	YFL062W	0.8029
3029	YOL116W	0.8029
3030	YKL064W	0.80287
3031	YGL094C	0.80285
3032	YGR223C	0.80274
3033	YDL035C	0.80274
3034	YOR149C	0.80273
3035	YHL007C	0.80273
3036	YPL100W	0.80272
3037	YLL051C	0.8027
3038	YKL095W	0.80263
3039	YHL034C	0.80262
3040	Q0160	0.80256
3041	YKL033W	0.80252
3042	YLR115W	0.80251
3043	YKR064W	0.80249
3044	YDR041W	0.80246
3045	YMR309C	0.80242
3046	YDR534C	0.80236
3047	YKL188C	0.80226
3048	YLR275W	0.80225
3049	YOR293W	0.80217
3050	YKL173W	0.8021
3051	YCR073C	0.80209
3052	YOR330C	0.80204
3053	YIL137C	0.80203
3054	YJR111C	0.80203
3055	YDR288W	0.80202
3056	YDL091C	0.80193
3057	YJL130C	0.80189
3058	YMR128W	0.80188
3059	YNL075W	0.80183
3060	YOR281C	0.80179
3061	YAR031W	0.80172
3062	YGR037C	0.80172
3063	YDR403W	0.8017
3064	YDL156W	0.80169
3065	YIL095W	0.80168
3066	YKL009W	0.80167
3067	YCR035C	0.80163
3068	YMR125W	0.8016
3069	YBL035C	0.80148
3070	YFR045W	0.80148
3071	YPR175W	0.80148
3072	YDL195W	0.80139
3073	YDL060W	0.80137
3074	YDR502C	0.80137
3075	YLR427W	0.80136
3076	YKL106W	0.80132
3077	YDR429C	0.80131
3078	YER082C	0.80125
3079	YOL146W	0.80124
3080	YHL048W	0.80119
3081	YMR049C	0.80118
3082	YHR133C	0.80117
3083	YLR319C	0.80109
3084	YDR512C	0.80108
3085	YNL119W	0.80085
3086	YGR119C	0.80077
3087	YHR066W	0.80071
3088	YDR152W	0.80066
3089	YKR058W	0.80066
3090	YIL123W	0.80062
3091	YOR051C	0.80061
3092	YKR042W	0.8006
3093	YML013W	0.8006
3094	YNL193W	0.80058
3095	YLR063W	0.80049
3096	YPL215W	0.80045
3097	YHR148W	0.80041
3098	YIR004W	0.8004
3099	YGL257C	0.80037
3100	YEL015W	0.80036
3101	YPL247C	0.80033
3102	YPL248C	0.80031
3103	YOR138C	0.80026
3104	YJL047C	0.80024
3105	YOL111C	0.80021
3106	YPL019C	0.80021
3107	YPR135W	0.8002
3108	YDR354W	0.80017
3109	YCR090C	0.80013
3110	YIL076W	0.80008
3111	YMR281W	0.80005
3112	YER091C	0.79995
3113	YER029C	0.79992
3114	YDR126W	0.79986
3115	YBL080C	0.79979
3116	YGL067W	0.79976
3117	YER021W	0.79975
3118	YHR051W	0.79975
3119	YGR099W	0.79973
3120	YLR393W	0.79969
3121	YER063W	0.79968
3122	YDR106W	0.79968
3123	YKL012W	0.79968
3124	YCR042C	0.79966
3125	YHL012W	0.79964
3126	YGR054W	0.79963
3127	YOR038C	0.79963
3128	YHR174W	0.79962
3129	YML100W	0.79953
3130	YCR026C	0.79953
3131	YGR103W	0.79952
3132	YNL131W	0.79949
3133	YOR024W	0.79942
3134	YNL327W	0.79933
3135	YBL067C	0.7993
3136	YCR054C	0.79928
3137	YGR096W	0.79928
3138	YNL242W	0.79912
3139	YLL054C	0.79908
3140	YCL057W	0.79906
3141	YBL008W	0.79883
3142	YKL041W	0.79879
3143	YPL252C	0.79879
3144	YDR080W	0.7987
3145	YLR197W	0.7987
3146	YIL085C	0.79858
3147	YJR033C	0.79857
3148	YPL072W	0.7985
3149	YKL198C	0.7985
3150	YGR283C	0.7985
3151	YLR074C	0.79848
3152	YGR158C	0.79844
3153	YBR280C	0.79843
3154	YDR311W	0.79839
3155	YBR167C	0.79838
3156	YOL102C	0.79836
3157	Q0142	0.79828
3158	YJL156C	0.79827
3159	YGL172W	0.7982
3160	YLR338W	0.79811
3161	YPL165C	0.7981
3162	YER147C	0.79807
3163	YDL142C	0.79805
3164	YNL273W	0.79803
3165	YOR269W	0.79802
3166	YDR266C	0.79802
3167	YJR136C	0.79797
3168	YDR150W	0.79791
3169	YDR334W	0.79791
3170	YIL008W	0.79788
3171	YOL086W-A	0.79784
3172	YDR225W	0.7978
3173	YMR231W	0.79779
3174	YDL058W	0.79765
3175	YMR042W	0.79765
3176	YGR112W	0.79765
3177	YHR038W	0.79763
3178	YPL167C	0.79762
3179	YBL003C	0.79762
3180	YNL325C	0.79759
3181	YOL022C	0.79752
3182	YPR080W	0.79751
3183	YJL006C	0.7975
3184	YLR368W	0.79744
3185	YOR077W	0.7974
3186	YDL003W	0.79731
3187	YPR104C	0.79729
3188	YMR047C	0.79727
3189	YBR146W	0.79721
3190	Q0070	0.79718
3191	YHL015W	0.79716
3192	YOR305W	0.79712
3193	YNL186W	0.79707
3194	YMR274C	0.79706
3195	YPR006C	0.79704
3196	YHR028W-A	0.79703
3197	YJL052W	0.79697
3198	YCR071C	0.79689
3199	YKL179C	0.79687
3200	YDL031W	0.79685
3201	YER101C	0.79681
3202	YCR083W	0.79678
3203	YGR193C	0.79674
3204	YGR033C	0.79674
3205	YOR026W	0.7967
3206	YOL155C	0.7967
3207	YKL219W	0.79662
3208	YGR127W	0.79658
3209	YML095C	0.7965
3210	YGL127C	0.7965
3211	YJL053W	0.79648
3212	YBR119W	0.79646
3213	YPR038W	0.79645
3214	YIL017C	0.79643
3215	YOL105C	0.79642
3216	YHR186C	0.79618
3217	YIL171W-A	0.79606
3218	YJL220W	0.79606
3219	YBR086C	0.79605
3220	YKL090W	0.79604
3221	YDR407C	0.79599
3222	YDR244W	0.79598
3223	YAL036C	0.79594
3224	YPL064C	0.7959
3225	YCL004W	0.79584
3226	YNL079C	0.79581
3227	YMR074C	0.79581
3228	YDL116W	0.79579
3229	YPL181W	0.79577
3230	YCR086W	0.79577
3231	YGR117C	0.79576
3232	YMR168C	0.79574
3233	YHR090C	0.79569
3234	YNR069C	0.79564
3235	YFL009W	0.79561
3236	YPR036W	0.79558
3237	YKL040C	0.79552
3238	YDR171W	0.79534
3239	YJR090C	0.79532
3240	YER151C	0.7953
3241	YKL203C	0.79529
3242	YBL101C	0.79529
3243	YBR158W	0.79528
3244	YDR444W	0.79527
3245	YGL085W	0.79523
3246	YJR009C	0.79517
3247	YFL036W	0.79506
3248	YPR125W	0.79504
3249	YJR071W	0.79488
3250	YMR269W	0.79477
3251	YGR278W	0.79476
3252	YHR039C-A	0.79475
3253	YDR316W	0.79474
3254	YBR022W	0.79474
3255	YPL013C	0.79469
3256	YML130C	0.79468
3257	YPR045C	0.7946
3258	YGL056C	0.79454
3259	YDR122W	0.79453
3260	YLR225C	0.7945
3261	YKL134C	0.79444
3262	YJL043W	0.79436
3263	YGL213C	0.79432
3264	YLR180W	0.79431
3265	YNL306W	0.79412
3266	YOL108C	0.79412
3267	YJL106W	0.79397
3268	YDR178W	0.7939
3269	YCL055W	0.7938
3270	YHR080C	0.79378
3271	YJR004C	0.79376
3272	YCL042W	0.79374
3273	Q0055	0.79371
3274	YNR034W-A	0.79369
3275	YMR028W	0.79356
3276	YLR164W	0.79349
3277	YPL083C	0.79347
3278	YLR340W	0.79346
3279	YDL066W	0.79342
3280	YCR075W-A	0.79335
3281	YFR056C	0.79334
3282	YJR112W	0.79333
3283	YGR173W	0.79332
3284	YNL216W	0.7933
3285	YCR019W	0.79324
3286	YGR285C	0.79316
3287	YGL158W	0.79316
3288	YDR003W	0.79308
3289	YMR229C	0.793
3290	YBR186W	0.79297
3291	YDL209C	0.79297
3292	YPR093C	0.79295
3293	YOL041C	0.79293
3294	YGR188C	0.79287
3295	YHR172W	0.79285
3296	YAL002W	0.7928
3297	YPL282C	0.79279
3298	YOR394W	0.79279
3299	YGL258W	0.79273
3300	YOR340C	0.7927
3301	YEL044W	0.79267
3302	YHR118C	0.79266
3303	YER087W	0.79263
3304	YGL178W	0.79252
3305	YNL182C	0.79252
3306	YLR109W	0.7925
3307	YNL249C	0.79245
3308	YJR034W	0.79244
3309	YCL034W	0.79241
3310	YLR097C	0.79238
3311	YJR031C	0.79238
3312	YPR029C	0.79237
3313	YMR254C	0.79235
3314	YNL158W	0.79225
3315	YGR088W	0.79219
3316	YCL026C-A	0.7921
3317	YNL322C	0.79206
3318	YLR250W	0.79199
3319	YBR079C	0.79194
3320	YJL046W	0.79193
3321	YOL033W	0.79188
3322	YOR298C-A	0.79187
3323	YDR409W	0.7918
3324	YDR208W	0.79174
3325	YPL009C	0.79173
3326	YOR166C	0.7917
3327	YJL158C	0.79168
3328	YMR130W	0.79164
3329	YNL009W	0.79163
3330	YNL085W	0.7916
3331	YOR124C	0.79151
3332	YGR109C	0.79146
3333	YGL110C	0.79145
3334	YHR022C	0.79129
3335	YOR256C	0.79126
3336	YOL054W	0.79125
3337	YBL047C	0.7912
3338	YKR035W-A	0.79119
3339	YDR087C	0.79115
3340	YHR008C	0.79111
3341	YHR122W	0.79109
3342	YOR075W	0.79109
3343	YDR367W	0.79108
3344	YDR174W	0.79105
3345	YDL237W	0.79103
3346	YPL119C-A	0.79102
3347	YKL045W	0.79082
3348	YDL030W	0.79078
3349	YGR070W	0.79078
3350	YPR018W	0.79078
3351	YDR112W	0.79073
3352	YNL294C	0.79064
3353	YML088W	0.79064
3354	YHR180W	0.79054
3355	YGR006W	0.79049
3356	YOR180C	0.79047
3357	YKR071C	0.79046
3358	YNL303W	0.79039
3359	YDL146W	0.79024
3360	YGL192W	0.79021
3361	YDL122W	0.79016
3362	YLR104W	0.7901
3363	YML025C	0.79002
3364	YGL180W	0.78998
3365	YGL098W	0.78998
3366	YKL201C	0.78993
3367	YHR138C	0.78992
3368	YLR387C	0.78987
3369	YOL076W	0.78985
3370	YNL236W	0.78982
3371	YBR072W	0.78976
3372	YDR308C	0.78974
3373	YLR166C	0.78968
3374	YPR129W	0.78967
3375	YFL027C	0.78964
3376	YOR106W	0.78962
3377	YMR106C	0.78962
3378	YIL096C	0.78962
3379	YDL004W	0.78953
3380	YCR093W	0.78953
3381	YJL029C	0.78951
3382	YGR116W	0.7895
3383	YKR072C	0.78948
3384	YIL079C	0.78947
3385	YDL213C	0.78942
3386	YDL232W	0.7894
3387	YHL006C	0.78936
3388	YEL053C	0.78935
3389	YBR161W	0.78932
3390	YDR072C	0.7892
3391	YMR026C	0.7891
3392	YPR100W	0.78902
3393	YIL038C	0.78899
3394	YNL272C	0.78896
3395	YBL074C	0.78891
3396	YKL205W	0.78888
3397	YDR218C	0.78882
3398	YNL267W	0.78881
3399	YDR347W	0.78878
3400	YGR192C	0.78874
3401	YAR019C	0.78874
3402	YPL210C	0.7887
3403	YMR024W	0.78869
3404	YOL095C	0.78868
3405	YAR027W	0.78857
3406	YLR199C	0.78856
3407	YDR206W	0.78853
3408	YBR162W-A	0.78852
3409	YLL022C	0.78848
3410	YLR206W	0.78846
3411	YAL014C	0.78843
3412	YDL026W	0.78841
3413	YNL221C	0.7884
3414	YGR090W	0.78837
3415	YNL310C	0.78828
3416	Q0080	0.78825
3417	YBR179C	0.78818
3418	YAR008W	0.78815
3419	YPL132W	0.78807
3420	YGR068C	0.78805
3421	YBR059C	0.78803
3422	YHR196W	0.78799
3423	YPL127C	0.78796
3424	YGR128C	0.78792
3425	YCR024C-A	0.78787
3426	YBR040W	0.78786
3427	YOR191W	0.78786
3428	YBL002W	0.78786
3429	YLR456W	0.78785
3430	YHR060W	0.78775
3431	YJL100W	0.78774
3432	YGR056W	0.78774
3433	YKL116C	0.78773
3434	YML111W	0.78769
3435	YMR126C	0.78757
3436	YOL012C	0.78752
3437	YAL003W	0.7875
3438	YGL080W	0.78735
3439	YLR035C	0.78734
3440	YJR121W	0.78731
3441	YIL104C	0.78725
3442	YOR382W	0.78723
3443	YDL092W	0.78721
3444	YGL254W	0.78721
3445	YKL167C	0.7872
3446	YDR180W	0.78717
3447	YMR154C	0.78709
3448	YHR073W	0.78699
3449	YDR335W	0.78697
3450	YPR108W-A	0.78695
3451	YKL057C	0.78692
3452	YDL171C	0.78677
3453	YCR067C	0.7867
3454	YAL001C	0.7867
3455	YLR459W	0.78667
3456	YJR054W	0.78661
3457	YPL041C	0.7866
3458	YLR399W-A	0.78659
3459	YKL034W	0.78658
3460	YMR188C	0.78652
3461	YDL175C	0.7865
3462	YDR026C	0.7865
3463	YLL017W	0.78648
3464	YEL017C-A	0.78647
3465	YLR314C	0.78645
3466	YNL282W	0.78632
3467	YIR043C	0.78631
3468	YHR197W	0.78629
3469	YBL097W	0.78627
3470	YOR387C	0.78623
3471	YER007W	0.7862
3472	YLL037W	0.78618
3473	YIL087C	0.78618
3474	YGR122W	0.78617
3475	YIR006C	0.78614
3476	YDR224C	0.78611
3477	YFL010C	0.78609
3478	YML049C	0.78608
3479	YKL043W	0.78602
3480	YKL077W	0.78601
3481	YPL241C	0.78598
3482	YDL157C	0.78597
3483	YGR063C	0.78596
3484	YJR022W	0.78594
3485	YGL153W	0.78592
3486	YGR009C	0.78592
3487	YIL026C	0.78588
3488	YLR016C	0.78587
3489	YPR092W	0.78582
3490	YPL217C	0.78578
3491	YOL088C	0.78578
3492	YGR038W	0.78576
3493	YKL115C	0.7857
3494	YGR238C	0.78562
3495	YGR166W	0.7856
3496	YMR002W	0.7856
3497	YOR310C	0.78558
3498	YDR210W	0.78557
3499	YDL025C	0.78546
3500	YPR072W	0.78537
3501	YGL203C	0.78536
3502	YPR155C	0.78533
3503	YPL128C	0.78531
3504	YBL104C	0.78529
3505	YLR132C	0.78526
3506	YGR052W	0.78517
3507	YGL263W	0.78509
3508	YML030W	0.78502
3509	YNR040W	0.78499
3510	YBR111W-A	0.78493
3511	YGR014W	0.7849
3512	YIL042C	0.78482
3513	YDR198C	0.78476
3514	YBR005W	0.78473
3515	YKL015W	0.78467
3516	YOR376W-A	0.78464
3517	YNL077W	0.78457
3518	YIL105C	0.78456
3519	YDL225W	0.78447
3520	YGL111W	0.78443
3521	YGL247W	0.78441
3522	YDR179W-A	0.7844
3523	YHL030W	0.78434
3524	YAL042C-A	0.7843
3525	YLR071C	0.78428
3526	YCL052C	0.78428
3527	YCR038C	0.78426
3528	YOR322C	0.78423
3529	YDR192C	0.7842
3530	YMR137C	0.78413
3531	YER083C	0.78411
3532	YCR087C-A	0.78409
3533	YOR318C	0.78401
3534	YJR061W	0.78397
3535	YOR368W	0.78395
3536	YFR052W	0.78391
3537	YKR028W	0.78389
3538	YNL073W	0.78386
3539	YCL026C-B	0.78386
3540	YHR131W-A	0.78385
3541	YGR171C	0.78383
3542	YPR057W	0.78381
3543	YFR043C	0.78377
3544	YKR049C	0.78375
3545	YJL098W	0.7836
3546	YOR116C	0.78356
3547	YHR078W	0.78353
3548	YPL260W	0.7835
3549	YNL185C	0.78347
3550	YHR150W	0.78347
3551	YEL023C	0.78343
3552	YAL034W-A	0.78343
3553	YKR021W	0.78337
3554	YJL165C	0.78335
3555	YDL185W	0.78334
3556	YPR139C	0.78327
3557	YDL203C	0.78323
3558	YGR073C	0.78322
3559	YMR313C	0.78317
3560	YOL071W	0.78316
3561	YGR170W	0.78311
3562	YNR018W	0.78308
3563	YNR061C	0.78302
3564	YNL118C	0.78294
3565	YDR237W	0.78292
3566	YOR112W	0.78292
3567	YDL011C	0.78291
3568	YIR015W	0.78289
3569	YGL145W	0.78289
3570	YPL057C	0.78275
3571	YGR044C	0.78272
3572	YIL049W	0.78262
3573	YIL009C-A	0.78258
3574	YIL090W	0.78255
3575	YKR025W	0.78251
3576	YPR179C	0.78245
3577	YER014C-A	0.7824
3578	YLR425W	0.78232
3579	YDR315C	0.78231
3580	YMR211W	0.78218
3581	YHR083W	0.78212
3582	YDR493W	0.78211
3583	YGR059W	0.7821
3584	YPL243W	0.78207
3585	YDR245W	0.78204
3586	YDR301W	0.78196
3587	YAL004W	0.78193
3588	YKL142W	0.78193
3589	YNL160W	0.78191
3590	YPL155C	0.78186
3591	YKR096W	0.78185
3592	YPR001W	0.78185
3593	YIL059C	0.78181
3594	YDL059C	0.78174
3595	YHR182C-A	0.78173
3596	YOR346W	0.78172
3597	YCR077C	0.78169
3598	YGL228W	0.78169
3599	YHR052W-A	0.78167
3600	YHR054W-A	0.78167
3601	YKL137W	0.78162
3602	YLR021W	0.78159
3603	YIL061C	0.78159
3604	YPR123C	0.78145
3605	YLR167W	0.78137
3606	YJR066W	0.78136
3607	YOR288C	0.78134
3608	YNL128W	0.7813
3609	YDR101C	0.78128
3610	YDR437W	0.78127
3611	YKL149C	0.78121
3612	YDR527W	0.78121
3613	YMR157C	0.78105
3614	YNL084C	0.78101
3615	YNL051W	0.78099
3616	YOL101C	0.78094
3617	YER113C	0.78092
3618	YDR253C	0.78079
3619	YGL233W	0.78076
3620	YGR220C	0.78072
3621	YOL051W	0.78063
3622	YHL028W	0.78063
3623	YGL142C	0.78059
3624	YGR209C	0.78057
3625	YNR054C	0.78057
3626	YNL110C	0.78056
3627	YMR067C	0.78056
3628	YEL061C	0.78053
3629	YCL067C	0.78053
3630	YCR039C	0.78053
3631	YDR246W	0.78051
3632	YML011C	0.7805
3633	YER024W	0.78047
3634	YMR267W	0.78047
3635	YBR251W	0.78047
3636	YCL076W	0.78038
3637	YJL096W	0.78037
3638	YNR023W	0.78037
3639	YOR139C	0.78033
3640	YLR260W	0.78033
3641	YDR027C	0.78031
3642	YHR052W	0.7803
3643	YJR126C	0.7803
3644	YJL136C	0.78029
3645	YPL032C	0.78021
3646	YBR142W	0.78021
3647	YGL019W	0.7802
3648	YFR026C	0.78012
3649	YKL096W	0.78008
3650	YPL074W	0.77997
3651	YLR191W	0.77996
3652	YGL014W	0.77996
3653	YKL086W	0.77996
3654	YML032C	0.77992
3655	YGR202C	0.7799
3656	YLR226W	0.77989
3657	YPR094W	0.77988
3658	YER105C	0.77983
3659	YNL184C	0.77982
3660	YJR079W	0.77981
3661	YHR079C	0.7798
3662	YNR007C	0.77976
3663	YIL102C	0.77975
3664	YNL271C	0.77971
3665	YJR102C	0.7797
3666	YLR183C	0.77965
3667	YDL096C	0.77964
3668	YDR365C	0.77962
3669	YLR396C	0.77957
3670	YDR247W	0.77951
3671	YKL005C	0.77946
3672	YHR045W	0.77937
3673	YML094C-A	0.77932
3674	YDR049W	0.77929
3675	YDL133W	0.7792
3676	YJL071W	0.7791
3677	YDR168W	0.779
3678	YPL038W	0.77896
3679	YBR144C	0.77896
3680	YJR119C	0.77889
3681	YMR115W	0.77888
3682	YPR016W-A	0.77873
3683	YLR141W	0.77873
3684	YLR015W	0.77872
3685	YIL040W	0.77871
3686	YOR069W	0.77866
3687	YMR275C	0.77849
3688	YCR091W	0.77847
3689	YDR006C	0.7784
3690	YNL038W	0.77834
3691	YLR233C	0.7783
3692	YIL150C	0.77826
3693	YEL049W	0.77824
3694	YGR294W	0.77823
3695	YKL168C	0.77822
3696	YJL195C	0.77815
3697	YIL072W	0.77814
3698	YPL007C	0.77813
3699	YGL187C	0.7781
3700	YIR005W	0.77809
3701	YHL046C	0.77802
3702	YOR238W	0.77802
3703	YLL064C	0.77798
3704	YNR076W	0.77798
3705	YER068W	0.77794
3706	YPR169W	0.77792
3707	YJL069C	0.77785
3708	YIR036W-A	0.77781
3709	YOR344C	0.77779
3710	YOR091W	0.77778
3711	YGL092W	0.77774
3712	YLR269C	0.77754
3713	YIL115C	0.77751
3714	YFR037C	0.77751
3715	YNL012W	0.77744
3716	YDL179W	0.7774
3717	YAL013W	0.77738
3718	YKL124W	0.77737
3719	YDR449C	0.77735
3720	YIL176C	0.77734
3721	YJL223C	0.77734
3722	YFR013W	0.77732
3723	YML050W	0.7772
3724	YCR088W	0.7772
3725	YBR226C	0.77715
3726	YGL160W	0.77714
3727	YPL047W	0.77702
3728	YGL261C	0.77701
3729	YBL108C-A	0.77701
3730	YAL068C	0.77701
3731	YMR213W	0.77701
3732	YPL228W	0.77698
3733	YGR227W	0.77696
3734	YMR209C	0.77692
3735	YOR260W	0.77688
3736	YMR039C	0.77685
3737	YLR363C	0.77684
3738	YLR379W	0.77684
3739	YGR091W	0.77684
3740	YCR104W	0.77681
3741	YIR013C	0.77676
3742	YFL051C	0.77675
3743	YDR381W	0.77672
3744	YOR325W	0.77671
3745	YNR028W	0.7767
3746	YJL009W	0.77664
3747	YDR420W	0.77664
3748	YLR309C	0.77663
3749	YJR110W	0.77661
3750	YJL203W	0.77652
3751	YDR323C	0.77645
3752	YOR179C	0.7764
3753	YGL244W	0.77635
3754	YJL127C	0.77634
3755	YLR417W	0.7763
3756	YDR414C	0.7763
3757	YLR084C	0.77628
3758	YMR112C	0.77627
3759	YDR542W	0.77626
3760	YBR026C	0.77625
3761	YBR301W	0.77625
3762	YNL252C	0.77623
3763	YIR017C	0.77622
3764	YFL065C	0.77622
3765	YDR128W	0.77622
3766	YAR066W	0.77621
3767	YHR214W	0.77621
3768	YOL161C	0.7762
3769	YHR081W	0.77611
3770	YEL076C	0.77604
3771	YJL123C	0.77603
3772	YCL049C	0.77598
3773	YBL070C	0.77598
3774	YML071C	0.77591
3775	YLR286W-A	0.7759
3776	YML020W	0.77589
3777	YDL022C-A	0.77587
3778	YNL026W	0.77584
3779	YOR200W	0.77583
3780	YLR041W	0.7758
3781	YML105C	0.77577
3782	YNL029C	0.77572
3783	YEL076C-A	0.77571
3784	YLR464W	0.77571
3785	YJL173C	0.77567
3786	YHR126C	0.77564
3787	YDR233C	0.77558
3788	YKR012C	0.77552
3789	YLR461W	0.7755
3790	YBR032W	0.77548
3791	YGR271C-A	0.77548
3792	YPR050C	0.77543
3793	YFR016C	0.77542
3794	YLR367W	0.77532
3795	YOR211C	0.77526
3796	YIR011C	0.77511
3797	YJL190C	0.77509
3798	YAR029W	0.77495
3799	YGL032C	0.7749
3800	YMR061W	0.77489
3801	YJL003W	0.77487
3802	YOR319W	0.77486
3803	YPR152C	0.77476
3804	YJR122W	0.77471
3805	YNL126W	0.77467
3806	YJL204C	0.77467
3807	YJL132W	0.77463
3808	YER011W	0.77456
3809	YDR389W	0.77456
3810	YDR374W-A	0.77455
3811	YPL123C	0.77453
3812	YAR009C	0.77453
3813	YPL238C	0.77453
3814	YNL096C	0.77448
3815	YFL013W-A	0.77448
3816	YNR059W	0.77445
3817	YDR213W	0.77444
3818	YLR096W	0.77433
3819	YHL043W	0.7743
3820	YMR325W	0.77426
3821	YGR183C	0.77426
3822	YCL012C	0.7742
3823	YDR290W	0.77419
3824	YOR060C	0.77415
3825	YGR102C	0.77414
3826	YLR037C	0.77397
3827	YLR043C	0.77391
3828	YHL021C	0.77386
3829	YHR158C	0.77384
3830	YEL034C-A	0.77383
3831	YNR006W	0.77381
3832	YGL116W	0.77376
3833	YMR287C	0.77373
3834	YBR129C	0.77372
3835	YOL050C	0.77372
3836	YPL040C	0.77371
3837	YDR283C	0.7737
3838	YNL149C	0.77353
3839	YGR005C	0.77348
3840	YML104C	0.77347
3841	YBR109W-A	0.77346
3842	YML089C	0.77341
3843	YDR147W	0.7734
3844	YLR301W	0.77339
3845	YIL142C-A	0.77339
3846	YNL080C	0.77336
3847	YDL028C	0.77336
3848	YJL101C	0.77333
3849	YIR021W	0.77328
3850	YOL148C	0.77322
3851	YMR185W	0.77321
3852	YDR077W	0.7732
3853	YCL059C	0.77316
3854	YLL004W	0.77309
3855	YMR096W	0.77306
3856	YNL067W	0.77302
3857	YLR323C	0.77299
3858	YOR081C	0.77297
3859	YER018C	0.77297
3860	YER128W	0.77292
3861	YIL068W-A	0.77287
3862	YDR073W	0.77286
3863	YBR102C	0.77285
3864	YJL115W	0.77284
3865	YBR212W	0.77276
3866	YIR041W	0.77273
3867	YMR043W	0.77268
3868	YDR071C	0.77267
3869	YBR099C	0.77263
3870	YNL304W	0.7726
3871	YPL144W	0.77258
3872	YGR050C	0.77255
3873	YOR205C	0.77255
3874	YGR186W	0.77253
3875	YOR143C	0.7725
3876	YHR214C-B	0.77248
3877	YOL045W	0.77244
3878	YIR001C	0.77242
3879	YJL063C	0.77235
3880	YPR203W	0.77229
3881	YPL137C	0.77216
3882	YIL028W	0.7721
3883	YOL027C	0.77207
3884	YDR137W	0.77196
3885	YFR033C	0.77195
3886	YIL132C	0.77194
3887	YOL046C	0.77184
3888	YCL029C	0.77182
3889	YKL089W	0.77181
3890	YDL041W	0.7718
3891	YGL218W	0.77179
3892	YCR024C	0.77179
3893	YKR089C	0.77177
3894	YNL201C	0.77169
3895	YDR298C	0.77169
3896	YDR108W	0.77165
3897	YPR055W	0.77157
3898	YBL066C	0.7715
3899	YPR089W	0.7714
3900	YLL016W	0.77139
3901	YBR284W	0.77138
3902	YDL162C	0.77137
3903	YDL081C	0.77136
3904	YBR290W	0.7713
3905	YMR227C	0.7713
3906	YJL057C	0.77126
3907	YAR053W	0.77124
3908	YJR115W	0.77119
3909	YDL045C	0.77112
3910	YKR082W	0.77108
3911	YOR080W	0.77103
3912	YKL224C	0.77096
3913	YIL021C-A	0.77094
3914	YBL108W	0.77089
3915	YBR278W	0.77087
3916	YPL020C	0.77086
3917	YPR085C	0.77077
3918	YPL026C	0.77071
3919	YPR026W	0.7707
3920	YHR214C-C	0.77065
3921	YGL146C	0.77059
3922	YKL066W	0.77057
3923	YGR214W	0.77054
3924	YGR017W	0.77049
3925	YML046W	0.77049
3926	YDR326C	0.77048
3927	YBR255C-A	0.77044
3928	YOR020W-A	0.77043
3929	YJR147W	0.77037
3930	YBR089W	0.77036
3931	YDR365W-B	0.77033
3932	YIL115W-A	0.77032
3933	YOR198C	0.7703
3934	YOL107W	0.77027
3935	YLL025W	0.77021
3936	YLL035W	0.77019
3937	YGL165C	0.77019
3938	YGR046W	0.77016
3939	YHL002C-A	0.77012
3940	YNR066C	0.77004
3941	YOR331C	0.77
3942	YGR042W	0.76999
3943	YHR125W	0.76996
3944	YKR057W	0.76988
3945	YBR253W	0.76986
3946	YER180C-A	0.76986
3947	YER041W	0.7698
3948	YDR426C	0.76973
3949	YNR068C	0.76971
3950	YER008C	0.76963
3951	YJL197C-A	0.76962
3952	YER187W	0.7696
3953	YAL056C-A	0.76958
3954	YLR054C	0.76957
3955	YLR142W	0.76956
3956	YIL105W-A	0.76951
3957	YJL064W	0.76943
3958	YLR305C	0.76941
3959	YER165C-A	0.76939
3960	YJL077W-A	0.76937
3961	YEL022W	0.76933
3962	YJR140C	0.76933
3963	YBR231C	0.7693
3964	YDR484W	0.76922
3965	YOR115C	0.76919
3966	YML016C	0.76911
3967	YGL152C	0.76911
3968	YHR084W	0.76904
3969	YOR064C	0.76903
3970	YMR212C	0.76901
3971	YOR010C	0.76901
3972	YIL138C	0.769
3973	YDR379C-A	0.76896
3974	YDL214C	0.76891
3975	YOR043W	0.76889
3976	YKL079W	0.76889
3977	YER139C	0.76882
3978	YNL276C	0.76881
3979	YMR190C	0.76881
3980	YAL047W-A	0.76873
3981	YDR501W	0.76871
3982	R0010W	0.76861
3983	YNL187W	0.7686
3984	YML045W	0.76851
3985	YKL214C	0.76847
3986	YPL114W	0.76843
3987	YNL089C	0.76842
3988	YDR279W	0.76841
3989	YER138C	0.76839
3990	YMR013C-A	0.76835
3991	YLR312W-A	0.76834
3992	YOL077W-A	0.76834
3993	YKL147C	0.76834
3994	YMR065W	0.76832
3995	YLR256W-B/YLR256W-C	0.76828
3996	YPL142C	0.76823
3997	YCR052W	0.7682
3998	YMR283C	0.76819
3999	YOL103W-B	0.76819
4000	YDL074C	0.7681
4001	YMR173W	0.76799
4002	YDL183C	0.76799
4003	YOR218C	0.76793
4004	YJR027W	0.76791
4005	YLR001C	0.76784
4006	YJR113C	0.76783
4007	YGR121W-A	0.76782
4008	YGL199C	0.7678
4009	YKL011C	0.76777
4010	YER058W	0.76776
4011	YLR247C	0.76774
4012	YKL088W	0.76769
4013	YBR058C-A	0.76766
4014	YNL173C	0.76765
4015	YIL156W	0.76764
4016	YPL257W-B	0.76763
4017	YOL083C-A	0.76761
4018	YMR077C	0.7676
4019	YIL011W	0.76759
4020	YJR062C	0.76756
4021	YBL086C	0.76751
4022	YLR124W	0.7675
4023	YBR276C	0.7675
4024	YDR098C-B	0.76747
4025	YGL150C	0.76743
4026	YDR363W-A	0.76742
4027	YKR004C	0.76739
4028	YGR038C-B	0.76737
4029	YJL077C	0.76734
4030	YDR322C-A	0.76729
4031	YNL043C	0.76724
4032	YOL150C	0.76718
4033	YOR135C	0.76715
4034	YPR158C-D	0.76711
4035	YGR270W	0.76702
4036	YAL067W-A	0.76702
4037	YDR460W	0.76695
4038	YAL043C	0.76695
4039	YJL007C	0.7669
4040	YLR157C-B	0.76688
4041	YER053C-A	0.76687
4042	YDR376W	0.76685
4043	YMR050C	0.76685
4044	YIL027C	0.7668
4045	YMR306C-A	0.76673
4046	YML039W	0.76673
4047	YLR336C	0.76667
4048	YGR161C-D	0.76666
4049	YNR005C	0.76659
4050	YIR040C	0.76656
4051	YBR097W	0.76655
4052	YLL032C	0.76653
4053	YDR269C	0.76647
4054	YCR081C-A	0.76647
4055	YDL045W-A	0.76646
4056	YLR339C	0.76643
4057	YDL112W	0.76643
4058	YGL129C	0.76642
4059	YPR079W	0.76638
4060	YPR137C-B	0.76638
4061	YBR116C	0.76629
4062	YJR029W	0.76627
4063	YDR210C-D	0.76625
4064	YFL010W-A	0.76625
4065	YDL068W	0.76624
4066	YDR052C	0.76623
4067	YDR262W	0.7662
4068	YEL053W-A	0.76614
4069	YDL114W	0.76608
4070	YBR258C	0.76604
4071	YLR227W-B	0.76603
4072	YGR190C	0.76602
4073	YHL048C-A	0.76602
4074	YBR012W-B	0.76601
4075	YAL016C-A	0.76597
4076	YDR316W-B	0.76595
4077	YBL096C	0.76591
4078	YLR127C	0.7659
4079	YDR416W	0.7659
4080	YMR005W	0.76589
4081	YGR108W	0.76581
4082	YER160C	0.76579
4083	YGL133W	0.76578
4084	YGL118C	0.76577
4085	YKL110C	0.76574
4086	YDL023C	0.76571
4087	YFL020C	0.7657
4088	YHL049C	0.76568
4089	YGR167W	0.76561
4090	YGR027W-B	0.76557
4091	YGR057C	0.76544
4092	YOR142W-B	0.76544
4093	YJL044C	0.76543
4094	YDR271C	0.76535
4095	YGL136C	0.76534
4096	YGL060W	0.76533
4097	YKL183W	0.7653
4098	YCL058C	0.7653
4099	YIL054W	0.76529
4100	YDL034W	0.76525
4101	YJL061W	0.76525
4102	YMR290W-A	0.76524
4103	YLR035C-A	0.76515
4104	YER107W-A	0.76511
4105	YBL077W	0.7651
4106	YDL148C	0.76507
4107	YLR350W	0.76502
4108	YPR097W	0.76491
4109	YBR027C	0.76489
4110	YKR044W	0.7648
4111	YDR251W	0.7647
4112	YDR423C	0.76467
4113	YBR193C	0.76465
4114	YGL147C	0.76461
4115	YOR029W	0.76456
4116	YDR520C	0.76455
4117	YML081C-A	0.7645
4118	YDL065C	0.76449
4119	YJR038C	0.76443
4120	YGR031C-A	0.76443
4121	YMR171C	0.76441
4122	YMR317W	0.76434
4123	YOR228C	0.76434
4124	YML129C	0.76431
4125	YKL030W	0.76423
4126	YJL092W	0.7642
4127	YER002W	0.76419
4128	YNL139C	0.76417
4129	YLR202C	0.76416
4130	YKR075W-A	0.76415
4131	YMR019W	0.76415
4132	YOL028C	0.76412
4133	YDL227C	0.76411
4134	YDL159C-B	0.76411
4135	YNL054W-B	0.7641
4136	YLR039C	0.76406
4137	YKL156W	0.76405
4138	YGL069C	0.76405
4139	YDR333C	0.76402
4140	YFR010W-A	0.76402
4141	YPR158W-B	0.76398
4142	YOL052C-A	0.76397
4143	Q0110	0.76395
4144	YBL005W-B	0.76394
4145	YLR329W	0.76389
4146	YDR355C	0.76389
4147	YHL044W	0.76387
4148	YMR251W-A	0.76386
4149	YBR107C	0.76383
4150	YNL097C	0.76378
4151	YHR109W	0.76374
4152	YPL185W	0.76374
4153	YJR082C	0.76364
4154	YLR392C	0.76361
4155	YOR009W	0.76361
4156	YPR148C	0.7636
4157	YOR008C-A	0.76357
4158	YGL134W	0.76355
4159	YMR182C	0.76347
4160	YGR235C	0.76346
4161	YMR045C	0.76345
4162	YIL005W	0.76344
4163	YPR077C	0.76333
4164	YNL284C-B	0.76332
4165	YOR108C-A	0.7633
4166	YMR012W	0.7633
4167	YDR261C-D	0.76325
4168	YOR031W	0.76325
4169	YOR194C	0.76325
4170	YPR177C	0.76322
4171	YBL038W	0.76317
4172	YGL074C	0.76316
4173	YGL260W	0.76314
4174	YIL056W	0.76312
4175	YLR140W	0.76311
4176	YBR150C	0.7631
4177	YKL131W	0.76309
4178	YKL032C	0.76307
4179	YLL019C	0.76304
4180	YDR102C	0.76304
4181	YER119C-A	0.763
4182	YDR464C-A	0.76298
4183	YKL104W-A	0.76295
4184	YLR161W	0.76294
4185	YLR159W	0.76294
4186	YLR156W	0.76294
4187	YHL024W	0.76292
4188	YNL047C	0.76292
4189	YOR227W	0.7629
4190	YDR094W	0.7629
4191	YPL250W-A	0.76286
4192	YKR030W	0.76286
4193	YEL073C	0.76282
4194	YOR337W	0.76281
4195	YKL195W	0.76279
4196	YBL079W	0.76277
4197	YGL109W	0.76276
4198	YLR173W	0.76274
4199	YLR288C	0.76273
4200	YHR035W	0.76269
4201	YEL018C-A	0.76265
4202	YGR270C-A	0.76257
4203	YER127W	0.76255
4204	YHL019W-A	0.76254
4205	YFR029W	0.76251
4206	YPR031W	0.76247
4207	YGR178C	0.76242
4208	YLR192C	0.7624
4209	YEL009C	0.76233
4210	YIL024C	0.76231
4211	YOR263C	0.7623
4212	YKL036C	0.76226
4213	YIL111W	0.76225
4214	YMR165C	0.76219
4215	YER048C	0.76217
4216	YJR050W	0.76216
4217	YDR470C	0.76211
4218	YKR065C	0.76209
4219	YGL024W	0.76208
4220	YLR010C	0.76207
4221	YGR258C	0.76206
4222	YPL025C	0.76204
4223	YNL137C	0.76203
4224	YML034C-A	0.76202
4225	YOR229W	0.762
4226	YDL228C	0.76192
4227	YPL222C-A	0.76188
4228	YHR214C-E	0.76183
4229	YPR197C	0.76182
4230	YNL262W	0.76175
4231	YDR197W	0.76175
4232	YDL013W	0.76174
4233	YGR290W	0.76173
4234	YBR190W	0.76168
4235	YDR209C	0.76164
4236	YAR070C	0.76163
4237	YCL065W	0.76159
4238	YGR068W-A	0.76154
4239	YIL156W-B	0.76152
4240	YBR174C	0.76148
4241	YJL015C	0.76148
4242	YCL005W-A	0.76145
4243	YCL048W-A	0.76141
4244	YJL120W	0.76137
4245	YML031C-A	0.76135
4246	YAR019W-A	0.76122
4247	YBL045C	0.76118
4248	YBR065C	0.76118
4249	YMR044W	0.76115
4250	YEL067C	0.7611
4251	YIL154C	0.76109
4252	YMR192W	0.76109
4253	YHL034W-A	0.76101
4254	YFL023W	0.76099
4255	YMR182W-A	0.76098
4256	YJL169W	0.76095
4257	YDL118W	0.76092
4258	YBL084C	0.76088
4259	YDL002C	0.76081
4260	YER135C	0.76077
4261	YPR150W	0.76072
4262	YIL070C	0.7607
4263	YDR231C	0.76067
4264	YKL037W	0.76067
4265	YHR023W	0.76065
4266	YHR069C-A	0.76064
4267	YBL010C	0.76059
4268	YBR217W	0.76057
4269	YOR161W-B	0.76054
4270	YER087C-B	0.76043
4271	YJR039W	0.76038
4272	YDR079W	0.76037
4273	YMR105W-A	0.76036
4274	YHR154W	0.76032
4275	YPL186C	0.76031
4276	YDR119W	0.7603
4277	YBR098W	0.76026
4278	YMR242W-A	0.76019
4279	Q0115	0.76018
4280	YGR002C	0.76017
4281	YKR041W	0.76015
4282	YKR023W	0.76014
4283	YEL020C-B	0.7601
4284	YBR044C	0.76009
4285	YNL203C	0.76007
4286	YDR405W	0.76005
4287	YLR125W	0.76004
4288	YJL054W	0.76001
4289	YOL026C	0.75993
4290	YPR030W	0.75991
4291	YIR030C	0.75987
4292	YBR133C	0.75986
4293	YDR230W	0.75986
4294	YMR023C	0.75984
4295	YLR349W	0.75983
4296	YLR317W	0.75981
4297	Q0075	0.7598
4298	YIR020C-B	0.75975
4299	YMR158W	0.75972
4300	YGR069W	0.75971
4301	YDR418W	0.75971
4302	YEL054C	0.75971
4303	YPR022C	0.75968
4304	YDR221W	0.75966
4305	YHR101C	0.75966
4306	YMR207C	0.75965
4307	YBL059C-A	0.75963
4308	YDR320C-A	0.75958
4309	YGR085C	0.75955
4310	YIL029C	0.75951
4311	YKL068W	0.75949
4312	YDR222W	0.75947
4313	YOR252W	0.75947
4314	YGR259C	0.75942
4315	YMR324C	0.7594
4316	YPR010C-A	0.75938
4317	YMR143W	0.7593
4318	YDL083C	0.7593
4319	YLR337C	0.75929
4320	YOR249C	0.75927
4321	YDR153C	0.75926
4322	YPL149W	0.75918
4323	YOL097W-A	0.75918
4324	YLR390W-A	0.75908
4325	YGR097W	0.75906
4326	YOR093C	0.75905
4327	YBL062W	0.75905
4328	YOL003C	0.75904
4329	YJL131C	0.75898
4330	YDR473C	0.75896
4331	YDR114C	0.75895
4332	YER145C-A	0.75893
4333	YPR099C	0.75884
4334	YER118C	0.75874
4335	YDR537C	0.7587
4336	YPL141C	0.75869
4337	YMR158W-B	0.75865
4338	YDR125C	0.75862
4339	YLR148W	0.75859
4340	YMR008C-A	0.75859
4341	YNL120C	0.75857
4342	YBR056W-A	0.75857
4343	YOR041C	0.75857
4344	YCR015C	0.75849
4345	YGL217C	0.75849
4346	YMR245W	0.75843
4347	YBR216C	0.75841
4348	YDR478W	0.75841
4349	YER023C-A	0.75834
4350	YKL169C	0.75831
4351	YMR237W	0.7583
4352	YPR071W	0.7583
4353	YDR314C	0.75826
4354	YDL043C	0.75825
4355	YFL064C	0.75822
4356	YAL045C	0.75819
4357	YLL020C	0.75819
4358	YML057C-A	0.75816
4359	YOR364W	0.75809
4360	YPR170W-B	0.75809
4361	YDR228C	0.75795
4362	YOL087C	0.75794
4363	YJL140W	0.75793
4364	YJL202C	0.75791
4365	YLR194C	0.7579
4366	YER030W	0.75789
4367	YER172C-A	0.75788
4368	YPR063C	0.75787
4369	YDR489W	0.75784
4370	YGR104C	0.75782
4371	YOR096W	0.7578
4372	YAL037W	0.75771
4373	YCR085W	0.75768
4374	YEL050C	0.75767
4375	YGL124C	0.75764
4376	YDR081C	0.75764
4377	YFL015C	0.7576
4378	YLL059C	0.75753
4379	YMR053C	0.75752
4380	YKR007W	0.75746
4381	YCL037C	0.75742
4382	YHR217C	0.7574
4383	YDR187C	0.75732
4384	YDL077C	0.75725
4385	YFR034C	0.75723
4386	YCR013C	0.75723
4387	YOR174W	0.7572
4388	YOR369C	0.75719
4389	YAL064W-B	0.75717
4390	YMR316W	0.75714
4391	YNL067W-B	0.75713
4392	YDR255C	0.75708
4393	YPL107W	0.75706
4394	YMR293C	0.75702
4395	YLR048W	0.75701
4396	YDR442W	0.75696
4397	YDR360W	0.75687
4398	YGR226C	0.75687
4399	YKL183C-A	0.75685
4400	YNL228W	0.75685
4401	YKL155C	0.75684
4402	YLR013W	0.7568
4403	YBR221W-A	0.75674
4404	YDR371C-A	0.75673
4405	YJL039C	0.75671
4406	YJR091C	0.7567
4407	YER150W	0.75669
4408	YDL099W	0.75668
4409	YOR050C	0.75665
4410	YER068C-A	0.75661
4411	YHR070C-A	0.75661
4412	YOR098C	0.75659
4413	YJR023C	0.75654
4414	YDR337W	0.75652
4415	YAL041W	0.75651
4416	YKR032W	0.75649
4417	YGL038C	0.75646
4418	YNL227C	0.75641
4419	YER047C	0.75639
4420	YPR160C-A	0.75636
4421	YBR247C	0.75635
4422	YNL150W	0.75634
4423	YKR092C	0.75634
4424	YEL017W	0.75629
4425	YHR073C-B	0.75627
4426	YOR277C	0.75626
4427	YOL053W	0.75618
4428	YDR511W	0.75616
4429	YDL150W	0.75612
4430	YDR359C	0.75604
4431	YGL195W	0.75597
4432	YNL338W	0.75594
4433	YPR014C	0.75593
4434	YBR067C	0.75591
4435	YLR076C	0.75591
4436	YLR122C	0.7559
4437	YNL296W	0.75588
4438	YJR128W	0.75585
4439	YLR444C	0.7558
4440	YHR071W	0.75578
4441	YJL022W	0.75577
4442	YNL278W	0.75568
4443	YPL182C	0.75567
4444	YPL044C	0.75566
4445	YLR177W	0.75564
4446	YGL030W	0.75561
4447	YOR345C	0.75559
4448	YGR045C	0.75554
4449	YOR012W	0.75551
4450	YNL019C	0.7555
4451	YNL315C	0.75547
4452	YIL161W	0.75545
4453	YBR266C	0.75536
4454	YHR059W	0.75532
4455	YMR129W	0.75531
4456	YNL284C	0.7553
4457	YDR175C	0.7553
4458	YFL034C-A	0.75527
4459	YOR055W	0.75521
4460	YER071C	0.75521
4461	YGL123C-A	0.75518
4462	YJL127W-A	0.75515
4463	YEL062W	0.75512
4464	YDL172C	0.75508
4465	YOL155W-A	0.75507
4466	YLR149C-A	0.755
4467	YLR264C-A	0.75492
4468	YGR106C	0.75492
4469	YNL033W	0.75484
4470	YML048W	0.75482
4471	YPR170C	0.75481
4472	YJL112W	0.75476
4473	YML084W	0.75476
4474	YPL131W	0.75474
4475	YPL135C-A	0.75469
4476	YMR001C-A	0.75468
4477	YNL011C	0.75464
4478	YPR116W	0.75464
4479	YBR004C	0.75463
4480	YCL031C	0.75461
4481	YHL030W-A	0.75458
4482	YJL067W	0.75456
4483	YPL278C	0.75454
4484	YDR250C	0.75454
4485	YHL045W	0.75454
4486	YCR089W	0.75452
4487	YDL216C	0.75442
4488	YER137W-A	0.75437
4489	YAL034C-B	0.75432
4490	YMR060C	0.75432
4491	YKL177W	0.7543
4492	YIL029W-A	0.75428
4493	YOR017W	0.75425
4494	YNL265C	0.75425
4495	YKR098C	0.75424
4496	YOR221C	0.75418
4497	YKL083W	0.75414
4498	YOR294W	0.75401
4499	YDR274C	0.75401
4500	YDR417C	0.754
4501	YLL007C	0.75399
4502	YDR510C-A	0.75398
4503	YDR110W	0.75393
4504	YPR067W	0.75392
4505	YBR076C-A	0.75384
4506	YIL084C	0.7538
4507	YBL039C-A	0.75378
4508	YDR329C	0.75376
4509	YOR338W	0.75375
4510	YIL077C	0.75374
4511	YJL075C	0.75372
4512	YBL004W	0.75365
4513	YPR102C	0.75364
4514	YNL103W-A	0.75364
4515	YCR046C	0.75359
4516	YPL038W-A	0.75359
4517	YMR307C-A	0.75357
4518	YMR247C	0.75357
4519	YHR105W	0.75354
4520	YCL056C	0.75346
4521	YIL089W	0.75344
4522	YNL146C-A	0.75343
4523	YJL201W	0.75339
4524	YLR087C	0.75339
4525	YEL035C	0.75336
4526	YBR240C	0.75334
4527	YDR220C	0.75332
4528	YGR184C	0.75331
4529	YNL324W	0.7533
4530	YLR162W-A	0.75325
4531	YCL019W	0.75322
4532	YKR073C	0.75314
4533	YKL223W	0.75314
4534	YBR195C	0.75313
4535	YNL170W	0.75312
4536	YIR017W-A	0.75309
4537	YDR344C	0.75303
4538	YNL208W	0.75301
4539	YMR013W-A	0.753
4540	YMR133W	0.75299
4541	YBR232C	0.75298
4542	YIL100C-A	0.7529
4543	YLR228C	0.75283
4544	YER046W-A	0.75282
4545	YLR171W	0.75281
4546	YCL039W	0.75281
4547	YJR043C	0.75277
4548	YGR051C	0.75275
4549	YDR486C	0.75274
4550	YAR064W	0.75271
4551	YGL204C	0.75269
4552	YBR178W	0.75268
4553	YPR053C	0.75267
4554	YLR374C	0.75267
4555	YCR095C	0.75265
4556	YML002W	0.75257
4557	YNL253W	0.75249
4558	YKL121W	0.7524
4559	YOR383C	0.7524
4560	YOR282W	0.75233
4561	YLR157W-E	0.75229
4562	YBR279W	0.75225
4563	YML099C	0.75221
4564	YJL109C	0.75219
4565	YMR068W	0.75218
4566	YNL057W	0.75203
4567	YLR302C	0.75201
4568	YER093C	0.75199
4569	YDL187C	0.75198
4570	YNL017C	0.75196
4571	YCR041W	0.75186
4572	YOL136C	0.75174
4573	YNR003W-A	0.75174
4574	YGR219W	0.75172
4575	YPR195C	0.75171
4576	YML100W-A	0.75168
4577	YPR199C	0.75162
4578	YPL178W	0.75162
4579	YOL160W	0.75161
4580	YGR156W	0.75159
4581	YMR029C	0.75157
4582	YGL188C	0.7515
4583	YDL149W	0.7515
4584	YCR038W-A	0.75149
4585	YBR064W	0.75146
4586	YGL258W-A	0.75144
4587	YHR021C	0.75139
4588	YER048W-A	0.75135
4589	YLL013C	0.75135
4590	YGR161W-B	0.75133
4591	YFL002W-A	0.75133
4592	YPR109W	0.75127
4593	YDR491C	0.75126
4594	YHR155W	0.75125
4595	YDR482C	0.75122
4596	YER184C	0.75122
4597	YGR147C	0.7512
4598	YAL056W	0.75116
4599	YPL126W	0.75116
4600	YOR192C-B	0.75111
4601	YNL143C	0.7511
4602	YCR064C	0.7511
4603	YGR146C-A	0.75108
4604	YGR174C	0.75107
4605	YOR289W	0.75103
4606	YPL115C	0.75103
4607	YPL161C	0.751
4608	YBR206W	0.75098
4609	YAL055W	0.75094
4610	YPR159C-A	0.75092
4611	YDR261W-B	0.7509
4612	YER064C	0.75089
4613	YOL013W-A	0.75085
4614	YJR150C	0.75079
4615	YOR379C	0.75074
4616	YPL233W	0.75071
4617	YIL060W	0.75068
4618	YDR363W	0.75066
4619	YOL144W	0.75064
4620	YOR225W	0.75057
4621	YDR053W	0.75055
4622	YDL113C	0.75054
4623	YKL136W	0.75051
4624	YJL084C	0.75048
4625	YLR416C	0.75048
4626	YLR006C	0.75047
4627	YEL007W	0.75046
4628	YLR123C	0.75045
4629	YER148W-A	0.75043
4630	YLR406C-A	0.75038
4631	YMR159C	0.75036
4632	YNL257C	0.7503
4633	YNR044W	0.75029
4634	YGR038C-D/YGR038C-C	0.75023
4635	YOL004W	0.75022
4636	YPL076W	0.75022
4637	YDL025W-A	0.7501
4638	YMR057C	0.75001
4639	YDR034C-D	0.74994
4640	YOR320C	0.74986
4641	YGR011W	0.74981
4642	YHR139C-A	0.74978
4643	YDR535C	0.74978
4644	YMR048W	0.74971
4645	YMR175W-A	0.74966
4646	YMR070W	0.74966
4647	YOR085W	0.74966
4648	YDR447C	0.74964
4649	YGL041C	0.74961
4650	YBR141W-A	0.74961
4651	YGL159W	0.74961
4652	YLR278C	0.74958
4653	YNL097C-B	0.74955
4654	YDL127W	0.74955
4655	YGR233C	0.74951
4656	YPL257W	0.74943
4657	YLR073C	0.74943
4658	YDL070W	0.74937
4659	YAL017W	0.74937
4660	YPL080C	0.74933
4661	YGR182C	0.74929
4662	YML076C	0.74929
4663	YOR123C	0.74927
4664	YML117W	0.74927
4665	YOL159C	0.74926
4666	YHR214C-D	0.74926
4667	YAR069C	0.74926
4668	YBR259W	0.74925
4669	YOL099C	0.74913
4670	YGR064W	0.74913
4671	YLR232W	0.74911
4672	YMR111C	0.7491
4673	YNL174W	0.74903
4674	YHR015W	0.74903
4675	YBL100W-B	0.749
4676	YLR342W-A	0.74898
4677	YLL006W-A	0.74895
4678	YBR200W-A	0.74894
4679	YLL040C	0.74894
4680	YBR103C-A	0.74893
4681	YEL030C-A	0.74887
4682	YGR053C	0.74886
4683	YKL102C	0.74884
4684	YDR246W-A	0.74883
4685	YMR091C	0.74883
4686	YGL227W	0.74882
4687	YLL049W	0.74882
4688	YDR504C	0.74882
4689	YDL086C-A	0.74878
4690	YDR241W	0.74876
4691	YDR521W	0.74876
4692	YOR293C-A	0.74873
4693	YCR047W-A	0.74871
4694	YKR047W	0.7486
4695	YLR242C	0.74857
4696	YLR120W-A	0.7485
4697	YOR314W	0.74849
4698	YER169W	0.74848
4699	YNL130C-A	0.74848
4700	YLR410W-B	0.74842
4701	YNR042W	0.74841
4702	YOR102W	0.7484
4703	YBL094C	0.74837
4704	YOR199W	0.74833
4705	YPL163C	0.7483
4706	YDR210W-B	0.7483
4707	YML116W-A	0.74825
4708	YBL014C	0.74821
4709	YHR213W-B	0.7482
4710	YDR461W	0.7482
4711	YNR031C	0.74818
4712	YDR278C	0.74805
4713	YFL021C-A	0.74803
4714	YML122C	0.74802
4715	YNL052W	0.74798
4716	YML047W-A	0.74795
4717	YJR060W	0.7479
4718	YKR008W	0.74789
4719	YDR485C	0.74783
4720	YDR327W	0.74782
4721	YDR544C	0.74781
4722	YAL065C	0.74781
4723	YDR320C	0.74778
4724	YKL153W	0.74777
4725	YDR141C	0.74769
4726	YGR198W	0.74765
4727	YJL211C	0.74757
4728	YPR076W	0.74754
4729	YHR063W-A	0.74753
4730	YPR146C	0.7475
4731	YBR016W	0.74749
4732	YNR036C	0.74748
4733	YDL106C	0.74745
4734	YJL156W-A	0.74743
4735	YCL068C	0.74741
4736	YDR124W	0.7474
4737	YHR095W	0.7474
4738	YHL005C	0.7474
4739	YMR073C	0.74739
4740	YNL177C	0.74737
4741	YFR009W-A	0.74734
4742	YLR356W	0.74734
4743	YBL073W	0.74734
4744	YIL012W	0.74731
4745	YFR035C	0.7473
4746	YPR068C	0.74728
4747	YOR082C	0.74721
4748	YPL272C	0.7472
4749	YIR018C-A	0.74719
4750	YAL037C-B	0.74718
4751	YHR022C-A	0.74713
4752	YJL148W	0.74712
4753	YOL037C	0.7471
4754	YOL069W	0.74709
4755	YIL156W-A	0.74707
4756	YGL131C	0.74706
4757	YNL308C	0.74701
4758	YNL039W	0.74698
4759	YMR140W	0.74696
4760	YDR524C-B	0.74696
4761	YBL044W	0.74695
4762	YAL037C-A	0.74684
4763	YER096W	0.74676
4764	YOL166W-A	0.74671
4765	YEL008W	0.74667
4766	YCR049C	0.74665
4767	YOR230W	0.74664
4768	YKL058W	0.74663
4769	YOL019W-A	0.74662
4770	YIR020C	0.74659
4771	YOL166C	0.74654
4772	YML047C	0.74653
4773	YHR086W-A	0.74646
4774	YOR072W	0.74643
4775	YHL037C	0.74643
4776	YKL025C	0.74638
4777	YCL046W	0.74638
4778	YBR219C	0.74638
4779	YMR247W-A	0.74636
4780	YGL025C	0.74636
4781	YKL118W	0.74635
4782	YOR343W-B	0.74634
4783	YGL132W	0.7463
4784	YER147C-A	0.74629
4785	YLR095C	0.74628
4786	YDR463W	0.74628
4787	YER114C	0.74626
4788	YML024W	0.74618
4789	YOR302W	0.74614
4790	YIL058W	0.74613
4791	YLR098C	0.74612
4792	YMR194C-A	0.74608
4793	YPR042C	0.74606
4794	YIL044C	0.74601
4795	YDR318W	0.74599
4796	YIR044C	0.74599
4797	YER112W	0.74599
4798	YNL109W	0.74597
4799	YOR068C	0.74591
4800	YDL117W	0.74587
4801	YJR120W	0.7458
4802	YDL009C	0.74576
4803	YGR280C	0.74573
4804	YDL130W	0.74568
4805	YMR141C	0.74564
4806	YDL163W	0.74564
4807	YDR281C	0.74559
4808	YER019C-A	0.74556
4809	YOR188W	0.74555
4810	YCR097W-A	0.74552
4811	YHR058C	0.7455
4812	YPR136C	0.7454
4813	YLR163W-A	0.7454
4814	YJL157C	0.74535
4815	YKR036C	0.74534
4816	YOR037W	0.74533
4817	YHR071C-A	0.7453
4818	YBR269C	0.74529
4819	YDR068W	0.74527
4820	YNL081C	0.74525
4821	YGR269W	0.74525
4822	YBR123C	0.74524
4823	YGR293C	0.74524
4824	YMR272W-A	0.74519
4825	YDR169C-A	0.74517
4826	YPR122W	0.74515
4827	R0020C	0.74515
4828	YJL135W	0.74513
4829	YPR202W	0.74513
4830	YLR311C	0.74511
4831	YDL062W	0.7451
4832	YOR371C	0.74509
4833	YDL114W-A	0.74507
4834	YDL235C	0.74505
4835	YMR031W-A	0.745
4836	YOR146W	0.74496
4837	YLL030C	0.74491
4838	YDR159W	0.74481
4839	YGL226W	0.74479
4840	YGL088W	0.74472
4841	YNL204C	0.74467
4842	YCR040W	0.74466
4843	YCL066W	0.74466
4844	YGR228W	0.74466
4845	YMR316C-A	0.74459
4846	YHR212W-A	0.74458
4847	YAR061W	0.74458
4848	YDR526C	0.74457
4849	YOR034C-A	0.74453
4850	YCR066W	0.74453
4851	YDR003W-A	0.7445
4852	YLR440C	0.74444
4853	YNR039C	0.7443
4854	YPL062W	0.74426
4855	YBR289W	0.74415
4856	YDR495C	0.74414
4857	YMR272W-B	0.74406
4858	YBL100C	0.74406
4859	YKL133C	0.74405
4860	YGR204C-A	0.74398
4861	YDR194W-A	0.74397
4862	YER076W-A	0.74395
4863	YHR021W-A	0.74392
4864	YLL042C	0.7439
4865	YDR524W-C	0.74387
4866	YDL107W	0.74381
4867	YJL049W	0.74379
4868	YOR042W	0.74376
4869	YKL076C	0.74371
4870	YKL096W-A	0.74369
4871	YGR107W	0.74364
4872	YOL079W	0.74363
4873	YIL174W	0.74362
4874	YJL222W-A	0.74362
4875	YLR062C	0.74362
4876	YAR030C	0.74362
4877	YML107C	0.7436
4878	YJL127C-B	0.74357
4879	YFR042W	0.74353
4880	YOL019W	0.74349
4881	YDL196W	0.74342
4882	YGL063C-A	0.74337
4883	YMR032W	0.74333
4884	YIR014W	0.74331
4885	YHR146W	0.7433
4886	YGL041W-A	0.74323
4887	YPR040W	0.74321
4888	YHL009C	0.74319
4889	YNL041C	0.74315
4890	YER067C-A	0.74311
4891	YDR200C	0.74306
4892	YJL152W	0.74306
4893	YAL059C-A	0.743
4894	YMR119W-A	0.74299
4895	YNR001W-A	0.74292
4896	YNL151C	0.74289
4897	YNL138W-A	0.74285
4898	YGL239C	0.74275
4899	YNR047W	0.7427
4900	YER077C	0.74269
4901	YNL042W-B	0.74265
4902	YCR102W-A	0.74265
4903	YHR055C	0.74262
4904	YHR053C	0.74262
4905	YPR075C	0.74261
4906	YDR354C-A	0.7426
4907	YOL104C	0.74256
4908	YBL083C	0.74253
4909	YDR445C	0.74251
4910	YGR176W	0.7425
4911	YER173W	0.74247
4912	YKL049C	0.74245
4913	YGL052W	0.74245
4914	YDR340W	0.74238
4915	YLR400W	0.74237
4916	YHL041W	0.74236
4917	YJR106W	0.74236
4918	YGL041C-B	0.74232
4919	YKL156C-A	0.74231
4920	YLR154W-C	0.7423
4921	YER152W-A	0.74225
4922	YGR015C	0.74223
4923	YKR035C	0.74219
4924	YNL162W-A	0.74218
4925	YMR122W-A	0.74204
4926	YGR035W-A	0.74201
4927	YOL017W	0.74199
4928	YJL182C	0.74195
4929	YMR086C-A	0.74192
4930	YER046W	0.74192
4931	YJL187C	0.74184
4932	YGL235W	0.74181
4933	YJL062W-A	0.7418
4934	YJR041C	0.74179
4935	YOR015W	0.74175
4936	YDL094C	0.74174
4937	YOR152C	0.74174
4938	YJR059W	0.74174
4939	YJR114W	0.7417
4940	YEL072W	0.74167
4941	YDR507C	0.7416
4942	YML023C	0.74155
4943	YGR225W	0.74151
4944	YGR049W	0.74151
4945	YBL008W-A	0.74143
4946	YHR049C-A	0.74137
4947	YOR329C	0.74132
4948	YCR006C	0.74131
4949	YJL016W	0.74128
4950	YBR277C	0.74121
4951	YDL053C	0.74119
4952	YGL090W	0.74117
4953	YBR268W	0.74113
4954	YBR163W	0.74111
4955	YJL222W-B	0.74108
4956	YIL175W	0.74108
4957	YPR115W	0.74104
4958	YBL060W	0.74101
4959	YPR191W	0.741
4960	YMR258C	0.74096
4961	YDR089W	0.74092
4962	YBL107W-A	0.74081
4963	YDR261C-C	0.74071
4964	YNL179C	0.74067
4965	YDR008C	0.74063
4966	YHR180W-A	0.74061
4967	YDR371W	0.74061
4968	YDR455C	0.7406
4969	YLL066W-B	0.7406
4970	YBR077C	0.7406
4971	YER078W-A	0.74058
4972	YPL225W	0.74057
4973	YER091C-A	0.74057
4974	YNL024C-A	0.74051
4975	YGR025W	0.74046
4976	YKL072W	0.74043
4977	YLR165C	0.74041
4978	YNR063W	0.74038
4979	YNL145W	0.74036
4980	YLR439W	0.74036
4981	YAL064W	0.74035
4982	YGL177W	0.74031
4983	YNL127W	0.74023
4984	YMR118C	0.74022
4985	YOR183W	0.74021
4986	YER115C	0.74015
4987	YEL074W	0.74015
4988	YOR242C	0.74015
4989	YIR023C-A	0.74013
4990	YKR029C	0.74003
4991	YGL113W	0.73999
4992	YDR366C	0.73999
4993	YJR002W	0.73998
4994	YDR149C	0.73993
4995	YGR016W	0.73991
4996	YJL215C	0.73991
4997	YIL002W-A	0.73991
4998	YGL013C	0.73989
4999	YLR428C	0.73984
5000	YBL071C	0.73981
5001	YDR229W	0.73979
5002	YKR083C	0.7397
5003	YDR179C	0.73968
5004	Q0017	0.73964
5005	YER138W-A	0.73963
5006	YDL170W	0.73955
5007	YGL191W	0.73954
5008	YBR128C	0.73952
5009	YNL224C	0.73949
5010	YNL114C	0.73941
5011	YAL008W	0.7394
5012	YBR239C	0.73937
5013	YGL072C	0.73935
5014	YEL010W	0.73933
5015	YDR295C	0.73932
5016	YPR158C-C	0.73931
5017	YBL065W	0.73931
5018	YNL297C	0.73928
5019	YJL019W	0.73918
5020	YDR215C	0.73917
5021	YOL103W-A	0.73908
5022	YMR103C	0.73908
5023	YOR314W-A	0.73898
5024	YLR176C	0.73898
5025	YLR381W	0.73897
5026	YLR415C	0.73895
5027	YHL006W-A	0.73892
5028	YGR164W	0.73891
5029	YLR407W	0.73889
5030	YDR034W-B	0.73886
5031	YKL074C	0.73883
5032	YLR149C	0.73876
5033	YDR365W-A	0.73874
5034	YPL257W-A	0.73874
5035	YLR157C-A	0.73874
5036	YER137C-A	0.73874
5037	YML029W	0.73871
5038	YMR284W	0.73869
5039	YMR122C	0.73864
5040	YKL165C-A	0.73862
5041	YPR106W	0.73857
5042	YHR102W	0.73852
5043	YNL269W	0.73846
5044	YDL221W	0.73844
5045	YLR162W	0.73841
5046	YHL020C	0.73841
5047	YOR300W	0.73836
5048	YBR298C-A	0.73827
5049	YHR073W-A	0.73827
5050	YLR423C	0.73827
5051	YBR134W	0.73821
5052	YNL165W	0.73821
5053	YOR336W	0.73818
5054	YDR524C-A	0.73816
5055	YIL014C-A	0.73811
5056	YPL205C	0.7381
5057	YOR396C-A	0.73809
5058	YLR466C-A	0.73809
5059	YLR467C-A	0.73809
5060	YMR198W	0.73805
5061	YLL066W-A	0.73803
5062	YLL067W-A	0.73803
5063	YFL068W	0.73803
5064	YNL226W	0.73799
5065	YOR073W-A	0.73799
5066	YHR004C	0.73797
5067	YJR151W-A	0.73794
5068	YMR021C	0.73793
5069	YLR265C	0.73793
5070	YPR015C	0.73792
5071	YGL102C	0.7379
5072	YLR256W-A	0.73786
5073	YPL105C	0.73784
5074	YLL046C	0.73779
5075	YJL020C	0.73779
5076	YLL002W	0.73775
5077	YKL172W	0.73775
5078	YOR058C	0.73773
5079	YHR001W-A	0.73771
5080	YLR036C	0.73765
5081	YNL144W-A	0.7376
5082	YLR255C	0.73754
5083	YJL086C	0.7375
5084	YKL044W	0.73747
5085	YDR134C	0.73746
5086	YJL175W	0.73745
5087	YLR385C	0.73743
5088	YJL013C	0.73742
5089	YDL032W	0.7374
5090	YDR136C	0.73737
5091	YLR238W	0.73736
5092	YLR321C	0.73732
5093	YDR396W	0.73729
5094	YLR322W	0.73725
5095	YMR184W	0.73725
5096	YDR285W	0.73713
5097	YOL039W	0.73713
5098	YGR114C	0.73713
5099	YJL070C	0.73712
5100	YER066C-A	0.73712
5101	YBR196C-A	0.73704
5102	YGL193C	0.73703
5103	YEL068C	0.73703
5104	YIL066W-A	0.73698
5105	YHR143W-A	0.73698
5106	YDL012C	0.73696
5107	YMR075C-A	0.73692
5108	YDR170W-A	0.73692
5109	YDR413C	0.7369
5110	YLR285C-A	0.73685
5111	YMR153C-A	0.73678
5112	YJL032W	0.73677
5113	YLR370C	0.73672
5114	YJL038C	0.73664
5115	YPR143W	0.7366
5116	YNL234W	0.73657
5117	YDR044W	0.73656
5118	YCR001W	0.73656
5119	YJR127C	0.73653
5120	YOR392W	0.73653
5121	YJL142C	0.73652
5122	YEL050W-A	0.73651
5123	YPR137C-A	0.73649
5124	YAR010C	0.73649
5125	YPL035C	0.73648
5126	YNR035C	0.73648
5127	YLR365W	0.73648
5128	YOL164W-A	0.73647
5129	YLR281C	0.73642
5130	YCL021W	0.73639
5131	YJR140W-A	0.73635
5132	YDR157W	0.73634
5133	YIL020C-A	0.73631
5134	YEL077W-A	0.7363
5135	YPR204C-A	0.7363
5136	YPL283W-B	0.7363
5137	YGR296C-B	0.7363
5138	YER190C-B	0.7363
5139	YNL156C	0.7363
5140	YMR135W-A	0.73629
5141	YDL153C	0.73625
5142	YHL027W	0.73624
5143	YFL013C	0.73621
5144	YJR026W	0.7361
5145	YML040W	0.7361
5146	YLR227W-A	0.7361
5147	YMR240C	0.73609
5148	YPL242C	0.73608
5149	YDR057W	0.73607
5150	YDR466W	0.73605
5151	YML012C-A	0.736
5152	YPL120W	0.736
5153	YHL009W-A	0.7359
5154	YNL339W-B	0.73587
5155	YHR219C-A	0.73587
5156	YML133W-B	0.73587
5157	YLR346C	0.73586
5158	YDR199W	0.73584
5159	YDL213W-A	0.73584
5160	YDR545C-A	0.73571
5161	YLR403W	0.7357
5162	YDL005C	0.73563
5163	YIL025C	0.73563
5164	YMR298W	0.7356
5165	YER133W-A	0.73557
5166	YGL168W	0.73557
5167	YMR320W	0.73556
5168	YLR136C	0.73555
5169	YOR366W	0.7355
5170	YKL075C	0.73548
5171	YHL038C	0.73545
5172	YKR027W	0.7354
5173	YOL035C	0.73539
5174	YLR211C	0.73539
5175	YDR203W	0.73533
5176	YJL048C	0.73532
5177	YPR039W	0.73529
5178	YBR012C	0.73527
5179	YPL150W	0.73525
5180	YNL337W	0.73524
5181	YCL024W	0.73523
5182	YKR031C	0.73522
5183	YJL146W	0.73516
5184	YOL063C	0.73515
5185	YGR206W	0.73513
5186	YPL197C	0.73506
5187	YJR012C	0.73499
5188	YML045W-A	0.73496
5189	YGR274C	0.7349
5190	YNL284C-A	0.73489
5191	YBL029W	0.73489
5192	YOR316C-A	0.73482
5193	YLR111W	0.73476
5194	YNL205C	0.73475
5195	YKL159C	0.73463
5196	YKL141W	0.73461
5197	YJL225W-A	0.73457
5198	YIL177W-A	0.73457
5199	YJR134C	0.73456
5200	YBR172C	0.73456
5201	YDR131C	0.73444
5202	YPL073C	0.73439
5203	YBR296C-A	0.73438
5204	YNR075C-A	0.73437
5205	YGL215W	0.73433
5206	YNL028W	0.73431
5207	YPR021C	0.7343
5208	YGR165W	0.7343
5209	YPR166C	0.73424
5210	YFL032W	0.7342
5211	YLR187W	0.73418
5212	YOR083W	0.73408
5213	YLR119W	0.73408
5214	YER087C-A	0.73405
5215	YIL139C	0.73401
5216	YOR032W-A	0.73398
5217	YBL113W-A	0.73394
5218	YDR431W	0.73392
5219	YOR072W-B	0.73388
5220	YBR012W-A	0.73381
5221	YGR265W	0.73377
5222	YDR098C-A	0.73375
5223	YJR028W	0.73371
5224	YBR257W	0.73371
5225	YGL034C	0.73368
5226	YGR013W	0.73362
5227	YKL038W	0.73359
5228	YLR402W	0.73357
5229	YKL170W	0.73349
5230	YMR051C	0.73346
5231	YGR161C-C	0.73346
5232	YER159C-A	0.73346
5233	YDR316W-A	0.73346
5234	YLR035C-B	0.73346
5235	YHL046W-A	0.73339
5236	YDR273W	0.73337
5237	YOR385W	0.73325
5238	YJL099W	0.73322
5239	YMR052C-A	0.73316
5240	YOR150W	0.73313
5241	YJR018W	0.7331
5242	YGR030C	0.7331
5243	YLR101C	0.73308
5244	YML058W-A	0.73305
5245	YOR045W	0.733
5246	YGR075C	0.73297
5247	YJR087W	0.73294
5248	YOR247W	0.73292
5249	YML007C-A	0.73286
5250	YDR303C	0.73285
5251	YJL184W	0.73284
5252	YGL230C	0.73284
5253	YKL054C	0.73283
5254	YMR046C	0.73281
5255	YDR499W	0.73281
5256	YNL319W	0.7328
5257	YHL050W-A	0.7328
5258	YOR161C-C	0.73279
5259	YJR080C	0.73278
5260	YLR154C	0.73268
5261	YLR067C	0.73266
5262	YDR118W	0.73265
5263	YOR011W-A	0.73258
5264	YFR040W	0.73257
5265	YFR034W-A	0.73249
5266	YBR135W	0.73247
5267	YAL026C-A	0.7324
5268	YJR093C	0.73239
5269	YFR039C	0.73238
5270	YDR143C	0.73238
5271	YLR424C-A	0.73237
5272	YDR401W	0.73236
5273	YLR296W	0.73233
5274	YPR169W-A	0.73233
5275	YMR176W	0.73233
5276	YMR141W-A	0.73231
5277	YAL031W-A	0.7323
5278	YKR085C	0.7323
5279	YNL215W	0.73229
5280	YGL188C-A	0.73227
5281	YJL136W-A	0.73221
5282	YJL188C	0.73213
5283	YLR256W	0.73212
5284	YKR006C	0.7321
5285	YIR021W-A	0.73207
5286	YNL136W	0.73207
5287	YAL069W	0.73203
5288	YDR357C	0.732
5289	YLR169W	0.732
5290	YBL071C-B	0.73199
5291	YIR030W-A	0.73193
5292	YOR373W	0.73192
5293	YDL071C	0.73187
5294	YCR095W-A	0.73185
5295	YMR017W	0.73178
5296	YMR117C	0.73178
5297	YLR463C	0.73177
5298	YGR122C-A	0.73177
5299	YDR138W	0.73176
5300	YPR027C	0.73175
5301	YFR036W-A	0.73173
5302	YMR172C-A	0.73172
5303	YEL059W	0.73172
5304	YDL220C	0.73169
5305	YPL254W	0.73165
5306	R0040C	0.73163
5307	YPL173W	0.73159
5308	YCL023C	0.73156
5309	YBR292C	0.73153
5310	YHR032C-A	0.73153
5311	YNL277W-A	0.73148
5312	YGR027W-A	0.73144
5313	YHR050W-A	0.73139
5314	YGL229C	0.73138
5315	YLL045C	0.73138
5316	YGR038C-A	0.7313
5317	YBL005W-A	0.73129
5318	YDL247W-A	0.73128
5319	YGL007C-A	0.73127
5320	YPL016W	0.73127
5321	YDR048C	0.73127
5322	YPR133W-A	0.73126
5323	YLR332W	0.73123
5324	YDR458C	0.73122
5325	YGL226C-A	0.73121
5326	YBL063W	0.73114
5327	YMR147W	0.7311
5328	YLR024C	0.73107
5329	YKR046C	0.731
5330	YIL149C	0.731
5331	YOR142W-A	0.731
5332	YPR158W-A	0.731
5333	YER137C	0.73092
5334	YOR376W	0.73089
5335	YPR096C	0.73088
5336	YFL012W-A	0.73085
5337	YDR076W	0.73085
5338	YKR090W	0.73081
5339	YER088C-A	0.73078
5340	YCR087W	0.73078
5341	YMR295C	0.73077
5342	YJR135C	0.73075
5343	YPL078C	0.73074
5344	YLR422W	0.73074
5345	YEL075W-A	0.73071
5346	YDR202C	0.73068
5347	YJL150W	0.73065
5348	YBL059W	0.73059
5349	YPL251W	0.73051
5350	YFR012W	0.73049
5351	YLR434C	0.73043
5352	YOR144C	0.73043
5353	YOR394C-A	0.73042
5354	YJL047C-A	0.73042
5355	YOR203W	0.7304
5356	YJL205C	0.73034
5357	YJR037W	0.73031
5358	YHR132W-A	0.73028
5359	YDR210C-C	0.73028
5360	YOL089C	0.73028
5361	YLR404W	0.73026
5362	YBL051C	0.73023
5363	YLR366W	0.73014
5364	YLR204W	0.73013
5365	YBR168W	0.73013
5366	YBL085W	0.73012
5367	YKL031W	0.73
5368	YCL001W	0.72999
5369	YDR156W	0.72999
5370	YPR061C	0.72995
5371	YOL044W	0.72991
5372	YNL068C	0.7299
5373	YDR320W-B	0.72989
5374	YPL102C	0.72986
5375	YOR127W	0.72982
5376	YPL005W	0.72976
5377	YBR196C-B	0.72974
5378	YOR220W	0.72974
5379	YOL032W	0.72972
5380	YDR299W	0.72971
5381	YGR291C	0.72954
5382	YOL134C	0.72951
5383	YDL204W	0.72947
5384	YDL206W	0.72946
5385	YBL005W	0.72945
5386	YDL158C	0.72944
5387	YGL059W	0.72943
5388	YCL054W-A	0.72943
5389	YBR121C-A	0.72941
5390	YJL052C-A	0.72937
5391	YPR012W	0.7293
5392	YMR025W	0.72925
5393	YGR018C	0.72919
5394	YLR364C-A	0.72913
5395	YPL183W-A	0.72904
5396	YCR025C	0.72903
5397	YAL068W-A	0.72897
5398	YHR213W-A	0.72897
5399	YML099W-A	0.72889
5400	YDR010C	0.72884
5401	YOL100W	0.72884
5402	YDR467C	0.7288
5403	YKR099W	0.7288
5404	YJL105W	0.72872
5405	YLR157W-D	0.72871
5406	YMR294W	0.72868
5407	YNL285W	0.72858
5408	YKL014C	0.72851
5409	YDR469W	0.72846
5410	YNL230C	0.72845
5411	YJL114W	0.7284
5412	YOR186C-A	0.72829
5413	YDR307W	0.72829
5414	YDL048C	0.72824
5415	YLR358C	0.72818
5416	YLR009W	0.72814
5417	YCR024C-B	0.72813
5418	YMR230W-A	0.72811
5419	YOR129C	0.7281
5420	YCL001W-A	0.72808
5421	YLR151C	0.72807
5422	YJL027C	0.728
5423	YDR118W-A	0.72799
5424	YDL185C-A	0.72796
5425	YPL096C-A	0.72781
5426	YOL117W	0.72781
5427	YIL134C-A	0.72766
5428	YDR095C	0.72763
5429	YML034W	0.7276
5430	YGL123W	0.72758
5431	YEL028W	0.72755
5432	YOR335W-A	0.72755
5433	YJL037W	0.72754
5434	YBR300C	0.72749
5435	YKR033C	0.72741
5436	YCL028W	0.72736
5437	YGL086W	0.72725
5438	YBR272C	0.72725
5439	YBR081C	0.72717
5440	YLR442C	0.72713
5441	YNL300W	0.72709
5442	YHR203C	0.72708
5443	YJR145C	0.72708
5444	YMR007W	0.72706
5445	YKL143W	0.72704
5446	YDL085C-A	0.727
5447	YJR108W	0.72697
5448	YGL093W	0.72697
5449	YIL112W	0.72684
5450	YJR138W	0.72682
5451	YLR466C-B	0.72677
5452	YMR100W	0.72677
5453	YKR016W	0.72675
5454	YLL005C	0.72664
5455	YAL066W	0.72664
5456	YMR030W-A	0.72662
5457	YPL136W	0.7266
5458	YLR217W	0.7266
5459	YPR130C	0.72652
5460	YIR018W	0.72649
5461	YNL235C	0.72644
5462	YBR191W-A	0.72643
5463	YKL208W	0.72639
5464	YOR193W	0.72631
5465	YGL174W	0.72624
5466	YNL314W	0.72623
5467	YBR233W-A	0.72617
5468	YBL012C	0.72615
5469	YCR022C	0.72611
5470	YJL166W	0.72594
5471	YBL107C	0.72588
5472	YMR280C	0.72586
5473	YDL067C	0.72586
5474	YIL141W	0.72585
5475	YHR127W	0.72584
5476	YLR424W	0.72584
5477	YLR040C	0.72579
5478	YER092W	0.72574
5479	YBR051W	0.72574
5480	YOL038C-A	0.7257
5481	YPR059C	0.72559
5482	YBR031W	0.72559
5483	YIL159W	0.72556
5484	YOL078W	0.72553
5485	YJL073W	0.72553
5486	YDR015C	0.7255
5487	YJL119C	0.72549
5488	YBR049C	0.72548
5489	YNR022C	0.72544
5490	YER006C-A	0.72543
5491	YPR049C	0.72523
5492	YBR131C-A	0.72522
5493	YAR047C	0.7252
5494	YCR099C	0.72513
5495	YIR020W-A	0.72495
5496	YPL152W-A	0.72488
5497	YDR176W	0.72487
5498	YAL019W-A	0.72486
5499	YCR016W	0.7248
5500	YDL240C-A	0.72478
5501	YPL261C	0.72472
5502	YBR270C	0.72467
5503	YIL047C-A	0.72466
5504	YML114C	0.72462
5505	YKR101W	0.7246
5506	YKR020W	0.72454
5507	YCR003W	0.7245
5508	YNL166C	0.72448
5509	YHL009W-B	0.72446
5510	YGR077C	0.72446
5511	YNL008C	0.72442
5512	YKL016C	0.72438
5513	YGR160W	0.7242
5514	YKL082C	0.72419
5515	YDR509W	0.72419
5516	YDR412W	0.72413
5517	YDL173W	0.72408
5518	YER038W-A	0.72405
5519	YJL113W	0.72405
5520	YGR072W	0.72401
5521	YDR024W	0.724
5522	YDR012W	0.72393
5523	YFL007W	0.72389
5524	YBL048W	0.72387
5525	YER034W	0.72387
5526	YBR085C-A	0.72376
5527	YPL256C	0.72374
5528	YMR014W	0.72372
5529	YLL019W-A	0.7237
5530	YOR308C	0.72367
5531	YDR079C-A	0.72365
5532	YIL031W	0.72357
5533	YNL122C	0.72355
5534	YPL034W	0.72345
5535	YNL183C	0.72345
5536	YLR154W-A	0.72343
5537	YLR061W	0.72336
5538	YLR310C	0.72329
5539	YLR331C	0.72326
5540	YLR360W	0.72326
5541	YKL123W	0.72319
5542	YER093C-A	0.72313
5543	YHR175W-A	0.72311
5544	YKL096C-B	0.72309
5545	YHR180C-B	0.72305
5546	YLR297W	0.72301
5547	YGL149W	0.72295
5548	YCR018C-A	0.72286
5549	YOR161W-A	0.72285
5550	YIL102C-A	0.72276
5551	YHR137C-A	0.72261
5552	YIL071C	0.72259
5553	YFL015W-A	0.72259
5554	YJL107C	0.72258
5555	YLR379W-A	0.7225
5556	YDR005C	0.72249
5557	YPL060C-A	0.72247
5558	YPL139C	0.72246
5559	YEL045C	0.72235
5560	YDR183C-A	0.72231
5561	YAL063C-A	0.7223
5562	YDL242W	0.72222
5563	YLR051C	0.72219
5564	YDR317W	0.72217
5565	YDR042C	0.72211
5566	YBR090C	0.72209
5567	YML036W	0.72198
5568	YLR182W	0.72197
5569	YNL054W-A	0.72196
5570	YMR119W	0.72181
5571	YLR075W	0.72176
5572	YGL042C	0.72171
5573	YIL030W-A	0.72152
5574	YHR017W	0.7215
5575	YCR032W	0.72148
5576	YPR087W	0.72146
5577	YIL037C	0.72145
5578	YNL171C	0.72138
5579	YKL130C	0.72133
5580	YHR145C	0.7213
5581	YBR282W	0.72122
5582	YBR033W	0.72117
5583	YHR007C-A	0.72113
5584	YPR020W	0.72111
5585	YOR297C	0.72107
5586	YGR237C	0.72106
5587	YLR057W	0.72106
5588	YCR097W	0.72104
5589	YDR450W	0.72103
5590	YML026C	0.72103
5591	YDR034C-A	0.72103
5592	YBL025W	0.72103
5593	YHL033C	0.72102
5594	YNL115C	0.72099
5595	YLR236C	0.72098
5596	YLR224W	0.72069
5597	YHR119W	0.72067
5598	YPR070W	0.72058
5599	YOR329W-A	0.72056
5600	YPL018W	0.72055
5601	YPL108W	0.72052
5602	YER188C-A	0.72046
5603	YPR007C	0.72044
5604	YER090C-A	0.72038
5605	YFR052C-A	0.72034
5606	YMR098C	0.72022
5607	YMR304C-A	0.7202
5608	YOL085W-A	0.72009
5609	YER161C	0.72008
5610	YML059C	0.71998
5611	YMR072W	0.71992
5612	YNL070W	0.71987
5613	YMR316C-B	0.71974
5614	YDL098C	0.7197
5615	YGR130C	0.71969
5616	YKL097C	0.7196
5617	YHR097C	0.71959
5618	YMR151W	0.7195
5619	YGL007W	0.71947
5620	YKL176C	0.71944
5621	YHR082C	0.71943
5622	YKR005C	0.71936
5623	YER189W	0.71934
5624	YDR322W	0.71933
5625	YPR187W	0.7192
5626	YOR107W	0.71915
5627	YKR095W	0.71906
5628	YDR369C	0.71905
5629	YDR543C	0.71904
5630	YNL058C	0.71901
5631	YMR193C-A	0.719
5632	YMR193W	0.71899
5633	YLR159C-A	0.71897
5634	YLR157C-C	0.71897
5635	YLR156C-A	0.71897
5636	YLR154C-H	0.71897
5637	YPR009W	0.71896
5638	YBR262C	0.71895
5639	YDR078C	0.71889
5640	YCL022C	0.71876
5641	YOR170W	0.71875
5642	YLR154W-B	0.71872
5643	YER122C	0.71864
5644	YOL083W	0.71864
5645	YBR238C	0.71863
5646	YMR326C	0.71855
5647	YGR174W-A	0.71853
5648	YNL105W	0.71849
5649	YKL048C	0.71848
5650	YDR296W	0.71846
5651	YMR059W	0.71837
5652	YBR122C	0.7183
5653	YML054C-A	0.71828
5654	YIL071W-A	0.71823
5655	YML083C	0.71818
5656	YLR376C	0.71817
5657	YBR209W	0.71801
5658	YKR011C	0.718
5659	YOR298W	0.71799
5660	YGL249W	0.71799
5661	YLR227C	0.71799
5662	YMR018W	0.71798
5663	YPL177C	0.71794
5664	YMR173W-A	0.7179
5665	YDL044C	0.71782
5666	YLR154W-F	0.71772
5667	YIR033W	0.71771
5668	YPR064W	0.71754
5669	YOR333C	0.71749
5670	YOR072W-A	0.71748
5671	YLR361C-A	0.71748
5672	YBL039W-B	0.7174
5673	YCL007C	0.71734
5674	YHR006W	0.71728
5675	YPL156C	0.71717
5676	YAL011W	0.71716
5677	YLR154W-E	0.71712
5678	YBR171W	0.71709
5679	YOL024W	0.71702
5680	YIL163C	0.71695
5681	YGR084C	0.71694
5682	YGR227C-A	0.71689
5683	YJR086W	0.71677
5684	YGL121C	0.71677
5685	YMR158C-A	0.71674
5686	YMR082C	0.71666
5687	YGL108C	0.71659
5688	YJL077W-B	0.71654
5689	YDR254W	0.71641
5690	YKL020C	0.71635
5691	YLR106C	0.71627
5692	YCL041C	0.71625
5693	YDR154C	0.71625
5694	YFR049W	0.71624
5695	YOR169C	0.71623
5696	YGR236C	0.71616
5697	YKL018C-A	0.71608
5698	YFR011C	0.71602
5699	YBR009C	0.71586
5700	YOR268C	0.71566
5701	YMR172W	0.71565
5702	YPL143W	0.71561
5703	YJL176C	0.71559
5704	YDR163W	0.71557
5705	YAR035C-A	0.71557
5706	YLR033W	0.7155
5707	YFR023W	0.71542
5708	YPR074W-A	0.71542
5709	YBR131W	0.71541
5710	YNL050C	0.71539
5711	YHL015W-A	0.71531
5712	YHR182W	0.71529
5713	YPR117W	0.71527
5714	YIL097W	0.71525
5715	YBL100W-C	0.71517
5716	YDR104C	0.71507
5717	YHR056W-A	0.71506
5718	YJR101W	0.71503
5719	YOL082W	0.71503
5720	YPL056C	0.715
5721	YNL067W-A	0.71495
5722	YKL122C	0.7149
5723	YDR069C	0.71489
5724	YPL174C	0.71488
5725	YPL253C	0.71484
5726	YLR222C-A	0.71482
5727	YLR408C	0.71476
5728	YFR032C-B	0.71473
5729	YDL219W	0.7147
5730	YER084W	0.71468
5731	YMR148W	0.71461
5732	YCR045W-A	0.71457
5733	YNL172W	0.71457
5734	YLL021W	0.71443
5735	YOL013W-B	0.71437
5736	YLR235C	0.71437
5737	YEL018W	0.71429
5738	YOR208W	0.71424
5739	YML103C	0.71424
5740	YJL180C	0.71419
5741	YKL162C	0.71415
5742	YJL028W	0.7141
5743	YDR034C-C	0.71402
5744	YDR082W	0.71391
5745	YEL008C-A	0.71388
5746	YNL213C	0.71385
5747	YPL219W	0.71377
5748	YPL192C	0.71371
5749	YER054C	0.71363
5750	YPL216W	0.71357
5751	YLR453C	0.71353
5752	YHR130C	0.7135
5753	YCL005W	0.71341
5754	YBL093C	0.71339
5755	YNL198C	0.71323
5756	YLR458W	0.71319
5757	YPL021W	0.71317
5758	YDR017C	0.71317
5759	YMR187C	0.7131
5760	YER117W	0.7131
5761	YBL087C	0.7131
5762	YHR032W-A	0.71307
5763	YIL144W	0.71307
5764	YNL254C	0.71305
5765	YOR234C	0.71301
5766	YDR066C	0.71299
5767	YKL106C-A	0.71297
5768	YNL210W	0.71282
5769	YGL214W	0.71271
5770	YPL198W	0.71268
5771	YLR146W-A	0.71268
5772	YMR299C	0.71265
5773	YBR182C-A	0.71264
5774	YMR315W-A	0.71263
5775	YMR286W	0.71257
5776	YBL103C	0.71253
5777	YNL159C	0.71242
5778	YOR355W	0.71231
5779	YGL237C	0.71229
5780	YKR019C	0.71225
5781	YAR002W	0.71204
5782	YLR201C	0.71204
5783	YMR294W-A	0.71189
5784	YDR261W-A	0.71186
5785	YMR164C	0.71185
5786	YOR186W	0.71182
5787	YLR395C	0.71165
5788	YGL107C	0.71164
5789	YGR137W	0.71157
5790	YIL129C	0.71157
5791	YGR098C	0.7115
5792	YCR020W-B	0.71145
5793	YEL075C	0.71142
5794	YCL020W	0.71141
5795	YER075C	0.71137
5796	YLR110C	0.71136
5797	YKL100W-A	0.71135
5798	YHR153C	0.71134
5799	YDL199C	0.71114
5800	YDR379W	0.711
5801	YHR136C	0.71096
5802	YPR142C	0.71092
5803	YLR454W	0.71088
5804	YDR235W	0.71088
5805	YBR224W	0.71085
5806	YNL086W	0.71079
5807	YER022W	0.71076
5808	YOR192C-A	0.71067
5809	YGL182C	0.71062
5810	YBL006W-A	0.7106
5811	YML128C	0.71057
5812	YBR057C	0.71055
5813	YBR215W	0.71053
5814	YMR046W-A	0.71053
5815	YBR126W-A	0.7103
5816	YDR382W	0.71027
5817	YDL056W	0.71026
5818	YLR112W	0.71014
5819	YLR437C	0.71012
5820	YJL083W	0.71006
5821	YDR381C-A	0.70988
5822	YML017W	0.70979
5823	YIL158W	0.70976
5824	YHR199C-A	0.70968
5825	YOR097C	0.70968
5826	YFL024C	0.70966
5827	YAR060C	0.70963
5828	YHR212C	0.70963
5829	YOR231C-A	0.70952
5830	YKL056C	0.7093
5831	YOR189W	0.70929
5832	YCR050C	0.70929
5833	YLR068W	0.70915
5834	YDL151C	0.70908
5835	YBR188C	0.70897
5836	YOR235W	0.70894
5837	YGR039W	0.70887
5838	YLR271W	0.70883
5839	YHR056C	0.7088
5840	YEL025C	0.70876
5841	YLR347W-A	0.70876
5842	YDR475C	0.70872
5843	YNL013C	0.70859
5844	YJL199C	0.70851
5845	YML093W	0.70845
5846	YAL025C	0.70838
5847	YPR170W-A	0.70835
5848	YGR140W	0.70834
5849	YBR010W	0.70822
5850	YGR038C-E	0.7082
5851	YGR022C	0.70808
5852	YGR089W	0.70804
5853	YCR082W	0.70803
5854	YER109C	0.70802
5855	YLR294C	0.70801
5856	YAL010C	0.70781
5857	YFL019C	0.70778
5858	YLR410W-A	0.7077
5859	YHR131C	0.7077
5860	YDR525W	0.70764
5861	YOR028C	0.70764
5862	YER085C	0.7076
5863	YGL197W	0.70747
5864	YIR024C	0.70746
5865	YMR134W	0.70742
5866	YIR003W	0.70739
5867	YCR081W	0.70735
5868	YGR249W	0.70735
5869	YER097W	0.70732
5870	YGR027C	0.70727
5871	YPL189C-A	0.70727
5872	YLR135W	0.70719
5873	YFR001W	0.70716
5874	YGR161W-A	0.70707
5875	YFL002W-B	0.70707
5876	YER175W-A	0.70707
5877	YOL159C-A	0.70706
5878	YBR250W	0.70701
5879	YOR121C	0.70697
5880	YER186C	0.70693
5881	YDR034C	0.70691
5882	YOR008W-B	0.70685
5883	YLR082C	0.70683
5884	YGL005C	0.70675
5885	YGL117W	0.70673
5886	YKL092C	0.70668
5887	YBL090W	0.70666
5888	YNR025C	0.70664
5889	YPL011C	0.70663
5890	YHR093W	0.70658
5891	YHL025W	0.7065
5892	YOR354C	0.70641
5893	YKL053W	0.70632
5894	YBL100W-A	0.70625
5895	YML113W	0.70617
5896	YGL151W	0.70607
5897	YJL170C	0.70599
5898	YIL057C	0.70586
5899	YOR287C	0.70586
5900	YGL209W	0.70585
5901	YBR066C	0.70583
5902	YPR126C	0.70581
5903	YEL033W	0.70579
5904	YDR166C	0.70577
5905	YLR198C	0.70577
5906	YOR304C-A	0.70574
5907	YMR153W	0.70573
5908	YPL075W	0.70572
5909	YJR021C	0.70571
5910	YDL016C	0.70569
5911	YCR108C	0.70563
5912	YDR064W	0.7056
5913	YLR012C	0.70552
5914	YPL271W	0.70551
5915	YDR505C	0.70528
5916	YDR451C	0.70525
5917	YCL014W	0.70512
5918	YFR003C	0.70509
5919	YEL009C-A	0.70509
5920	YGL014C-A	0.70501
5921	YDL152W	0.70497
5922	YIL019W	0.70489
5923	YPL166W	0.70467
5924	YFR057W	0.70462
5925	YGR250C	0.70457
5926	YOL138C	0.70446
5927	YDR383C	0.70446
5928	YLR184W	0.70426
5929	YNL266W	0.70422
5930	YMR311C	0.7042
5931	YOR210W	0.70417
5932	YJL209W	0.7039
5933	YBR124W	0.70387
5934	YOR349W	0.70387
5935	YGL076C	0.70384
5936	YGL096W	0.7038
5937	YGL073W	0.70375
5938	YLR263W	0.70373
5939	YKR015C	0.70363
5940	YDL159W-A	0.7036
5941	YPR160W-A	0.70353
5942	YOR140W	0.70353
5943	YAL016C-B	0.70346
5944	YAL034C	0.70333
5945	YJL066C	0.70332
5946	YNL211C	0.70327
5947	YGR222W	0.70323
5948	YML007W	0.70322
5949	YLR299C-A	0.70314
5950	YGR139W	0.70308
5951	YGL081W	0.70299
5952	YMR199W	0.70295
5953	YGL176C	0.70271
5954	YIL098C	0.70269
5955	YMR016C	0.70264
5956	YKR054C	0.70259
5957	YDL115C	0.70253
5958	YOR104W	0.70252
5959	YBR230C	0.7023
5960	YDL050C	0.70228
5961	YGL162W	0.70222
5962	YOL118C	0.70203
5963	Q0143	0.70185
5964	YDR016C	0.7018
5965	YJL056C	0.70179
5966	YGR115C	0.70178
5967	YGL006W-A	0.70175
5968	YCR018C	0.70174
5969	YLR313C	0.70162
5970	YDR123C	0.70157
5971	YGL075C	0.70138
5972	YDR252W	0.70132
5973	YLR295C	0.70117
5974	YLR280C	0.70112
5975	YLR333C	0.70109
5976	YLL044W	0.70106
5977	YHR079C-A	0.70103
5978	YMR064W	0.701
5979	YOL121C	0.70094
5980	YDR464W	0.70093
5981	YHR193C-A	0.70089
5982	YJL058C	0.70085
5983	YNL002C	0.70079
5984	YNL164C	0.70064
5985	YDR043C	0.70058
5986	YFL063W	0.70056
5987	YMR191W	0.70055
5988	YPL202C	0.70052
5989	YLR462W	0.70051
5990	YLR091W	0.70046
5991	YBR120C	0.70043
5992	YML101C-A	0.70034
5993	YPL039W	0.70031
5994	YIL032C	0.70031
5995	YOR266W	0.70022
5996	YGL103W	0.70019
5997	YDR348C	0.70008
5998	YCL021W-A	0.69999
5999	YLR042C	0.69995
6000	YAL059W	0.69993
6001	YJL103C	0.69985
6002	YLR424C-B	0.69972
6003	YNL053W	0.69963
6004	YML081W	0.69961
6005	YBR108W	0.6996
6006	YHR143W	0.69956
6007	YPR002C-A	0.69939
6008	YKL101W	0.69934
6009	YEL014C	0.69933
6010	YDR210W-A	0.69923
6011	YER084W-A	0.69917
6012	YCL058W-A	0.69906
6013	YJL076W	0.69905
6014	YOR343W-A	0.69891
6015	YDR462W	0.6989
6016	YLR254C	0.69889
6017	YHR167W	0.6988
6018	YNL245C	0.69878
6019	YHR036W	0.69873
6020	YPR134W	0.69873
6021	YHL023C	0.69872
6022	YLR099W-A	0.69863
6023	YGL219C	0.69831
6024	YPL200W	0.6983
6025	YCR063W	0.69822
6026	YHR099W	0.69821
6027	YOR381W-A	0.69815
6028	YOR177C	0.69805
6029	YKL061W	0.69804
6030	YGR008C	0.69797
6031	YHR149C	0.69797
6032	YOR137C	0.69795
6033	YMR257C	0.69787
6034	YLR465C	0.69777
6035	YDR350C	0.69773
6036	YML108W	0.69759
6037	YKL171W	0.6975
6038	YOL031C	0.69741
6039	YIL093C	0.69738
6040	YDR119W-A	0.69734
6041	YER129W	0.69733
6042	YPR174C	0.6973
6043	YIL055C	0.6973
6044	YNL157W	0.69724
6045	YPL099C	0.69717
6046	YBR197C	0.69716
6047	YLR264W	0.69711
6048	YLR252W	0.69697
6049	YOR276W	0.69694
6050	YBR223W-A	0.69691
6051	YMR052W	0.6968
6052	YLR325C	0.69679
6053	YDR240C	0.69679
6054	YER079C-A	0.69671
6055	YOR343C	0.69668
6056	YDR169C	0.6966
6057	YGR129W	0.69659
6058	YKR034W	0.69644
6059	YOR167C	0.69641
6060	YNR077C	0.69601
6061	YBR173C	0.69598
6062	YBL052C	0.69579
6063	YHR159W	0.69577
6064	YBR136W	0.69574
6065	YOR309C	0.69573
6066	YNL302C	0.69572
6067	YJL020W-A	0.69566
6068	YJR157W	0.6955
6069	YER050C	0.69532
6070	YKL108W	0.69514
6071	YGR150C	0.69514
6072	YGR168C	0.69501
6073	YLR320W	0.69501
6074	YPR084W	0.695
6075	YPL193W	0.69488
6076	YDR524C	0.69484
6077	YOR030W	0.69475
6078	YDL088C	0.69472
6079	YOR284W	0.69464
6080	YGR081C	0.6944
6081	YOR078W	0.69434
6082	YNL100W	0.6943
6083	YFL033C	0.69425
6084	YFL041W-A	0.69414
6085	YGR230W	0.69409
6086	YDR471W	0.69404
6087	YFL031C-A	0.69401
6088	YDL189W	0.69399
6089	YBL028C	0.69394
6090	YMR031C	0.69389
6091	YOL131W	0.69385
6092	YDR115W	0.69381
6093	YKL052C	0.69376
6094	YML043C	0.69372
6095	YNL199C	0.69363
6096	YDR406W-A	0.69337
6097	YHR010W	0.69322
6098	YLR448W	0.69312
6099	YNL309W	0.69307
6100	YCR043C	0.693
6101	YDR377W	0.69292
6102	YBL043W	0.69287
6103	YDL211C	0.69283
6104	YDL073W	0.6928
6105	YDR532C	0.69249
6106	YHR177W	0.69236
6107	YMR256C	0.69232
6108	YLR139C	0.6922
6109	YOL085C	0.69217
6110	YGR161W-C	0.69211
6111	YGR240C-A	0.692
6112	YLR267W	0.69199
6113	YGR067C	0.69194
6114	YBL006C	0.69191
6115	YML073C	0.69188
6116	YDR146C	0.69177
6117	YJR053W	0.69165
6118	YJL026C-A	0.69159
6119	YCR033W	0.69127
6120	YJL122W	0.69125
6121	YKL111C	0.69118
6122	YPR185W	0.69055
6123	YBR083W	0.69049
6124	YBL109W	0.69035
6125	YPR044C	0.6902
6126	YCL061C	0.6902
6127	YPL085W	0.69005
6128	YNL152W	0.68983
6129	YAL040C	0.68978
6130	YBR072C-A	0.68975
6131	YGR134W	0.6896
6132	YMR107W	0.68951
6133	YDR217C	0.68945
6134	YOR313C	0.68923
6135	YIL092W	0.68917
6136	YNR037C	0.68912
6137	YMR030W	0.6891
6138	YDR193W	0.68884
6139	YDL197C	0.68878
6140	YNL295W	0.68859
6141	YNR045W	0.68858
6142	YOR113W	0.68845
6143	YLR279W	0.68833
6144	YNL196C	0.68827
6145	YLR154C-G	0.68814
6146	YBR182C	0.68804
6147	R0030W	0.68791
6148	YOR019W	0.68786
6149	YIL086C	0.6877
6150	YJR107C-A	0.68762
6151	YAR014C	0.6876
6152	YBR184W	0.68753
6153	YDR443C	0.68752
6154	YPR013C	0.68751
6155	YKL063C	0.68747
6156	YKL138C-A	0.68742
6157	YBR225W	0.68703
6158	YAR020C	0.68695
6159	YPL033C	0.6868
6160	YLR079W	0.6867
6161	YOR147W	0.68648
6162	YGR118W	0.68632
6163	YPR132W	0.68632
6164	YDR374C	0.68624
6165	YGR275W	0.68611
6166	YMR232W	0.68597
6167	YDR201W	0.68597
6168	YLR261C	0.68582
6169	YER088W-B	0.68581
6170	YDR260C	0.68573
6171	YDR529C	0.68567
6172	YMR282C	0.68554
6173	YFR008W	0.68552
6174	YDR422C	0.68548
6175	YJL149W	0.68547
6176	YLR052W	0.68541
6177	YPR101W	0.68539
6178	YGL066W	0.68538
6179	YJL191W	0.6853
6180	YGR076C	0.68514
6181	YIL101C	0.68507
6182	YDL020C	0.68493
6183	YNL054W	0.68488
6184	YNL097W-A	0.68487
6185	YLR150W	0.68467
6186	YDL129W	0.68466
6187	YNL144C	0.68457
6188	YFL049W	0.68457
6189	YDL181W	0.68456
6190	YIL117C	0.68448
6191	YAL027W	0.68436
6192	YPL079W	0.68434
6193	YFR012W-A	0.68425
6194	YOR192C-C	0.68422
6195	YPL168W	0.68411
6196	YPL052W	0.68392
6197	YNL167C	0.68391
6198	YGL061C	0.68384
6199	YJL023C	0.68361
6200	YDR103W	0.68348
6201	YPR095C	0.68315
6202	YDL121C	0.68314
6203	YLR431C	0.68306
6204	YJR089W	0.68303
6205	YKL099C	0.68296
6206	YER045C	0.68288
6207	YHR156C	0.68287
6208	YML027W	0.68273
6209	YHR072W-A	0.68268
6210	YHL029C	0.68254
6211	YGL071W	0.68251
6212	YHR087W	0.68236
6213	YBR013C	0.68235
6214	YHR165C	0.68223
6215	YER149C	0.68217
6216	YER067W	0.68209
6217	YNR004W	0.68207
6218	YOR032C	0.68206
6219	YGL079W	0.68191
6220	YGL223C	0.68191
6221	YKL023W	0.6819
6222	YOR195W	0.68188
6223	YIL052C	0.68164
6224	YNL225C	0.68146
6225	YPL070W	0.68144
6226	YER028C	0.68127
6227	YJR092W	0.6812
6228	YBR152W	0.68098
6229	YIL136W	0.68093
6230	YPR164W	0.68082
6231	YCR031C	0.68079
6232	YLR327C	0.68072
6233	YLR230W	0.68066
6234	YER181C	0.68051
6235	YDR361C	0.68025
6236	YER056C-A	0.68011
6237	YHL001W	0.68007
6238	YLR315W	0.67989
6239	YOL015W	0.67989
6240	YDR096W	0.67975
6241	YBR191W	0.67968
6242	YNL133C	0.67939
6243	YIR016W	0.67935
6244	YGR079W	0.67932
6245	YDL139C	0.67925
6246	YER126C	0.67921
6247	YLR373C	0.67897
6248	Q0255	0.67891
6249	YBL046W	0.67888
6250	YBL009W	0.67885
6251	YOL070C	0.67883
6252	YLL003W	0.67863
6253	YJL207C	0.67849
6254	YMR135C	0.67817
6255	YKL006W	0.67811
6256	YNL069C	0.67794
6257	YER153C	0.6778
6258	YLR283W	0.67774
6259	YOR350C	0.67761
6260	YNL005C	0.67747
6261	YOR105W	0.67739
6262	YDL130W-A	0.67739
6263	YML063W	0.67695
6264	YEL043W	0.67685
6265	YLR334C	0.67664
6266	YGR161C	0.67648
6267	YOR342C	0.67636
6268	YLR282C	0.6763
6269	YLR352W	0.67626
6270	YOL007C	0.67613
6271	YMR066W	0.67601
6272	YNL091W	0.67579
6273	YPL130W	0.67545
6274	YKL162C-A	0.67536
6275	YBL053W	0.67514
6276	YML015C	0.67511
6277	YDL176W	0.67506
6278	YKR045C	0.67458
6279	YFR054C	0.67453
6280	YMR094W	0.67443
6281	YEL005C	0.67441
6282	YJL095W	0.67433
6283	YHR184W	0.67408
6284	YMR204C	0.67397
6285	YGL194C-A	0.67395
6286	YPL027W	0.67378
6287	YJR011C	0.67351
6288	YER088C	0.6735
6289	YGL029W	0.67331
6290	YIL036W	0.67319
6291	YOR312C	0.67317
6292	YMR242C	0.67317
6293	Q0182	0.67291
6294	YBL054W	0.67283
6295	YER158W-A	0.67272
6296	YBR275C	0.67256
6297	YLR441C	0.67249
6298	YJL090C	0.67228
6299	YDR461C-A	0.67222
6300	YGR196C	0.6719
6301	YML037C	0.67186
6302	YJR162C	0.67181
6303	YOR076C	0.6717
6304	YPL146C	0.67141
6305	YDR310C	0.67141
6306	YAL032C	0.67123
6307	YMR163C	0.67101
6308	YNR049C	0.67098
6309	YPL201C	0.67076
6310	YNL197C	0.67065
6311	YBR126W-B	0.67064
6312	YJR056C	0.67044
6313	YLR131C	0.67031
6314	YDL224C	0.67028
6315	YOR047C	0.67013
6316	YFR019W	0.66973
6317	YPL037C	0.66962
6318	YLR298C	0.66925
6319	YOL025W	0.66919
6320	YJL118W	0.66911
6321	YLR436C	0.66894
6322	YBL034C	0.6689
6323	YGL138C	0.66881
6324	YJR123W	0.66861
6325	YOR214C	0.66855
6326	YLL047W	0.6684
6327	YOR114W	0.66837
6328	YPL054W	0.66793
6329	YDR014W-A	0.66785
6330	YLR412C-A	0.66769
6331	YDR151C	0.66725
6332	YPR151C	0.66719
6333	YDR014W	0.66712
6334	YGR215W	0.66699
6335	YKL062W	0.66682
6336	YLR018C	0.6664
6337	YHR103W	0.66624
6338	Q0010	0.66619
6339	YNL046W	0.66596
6340	YKR091W	0.66591
6341	YDR030C	0.66585
6342	YJL110C	0.66579
6343	YOR073W	0.66576
6344	YKR100C	0.66561
6345	YDL075W	0.66533
6346	YER121W	0.66526
6347	YGR120C	0.66512
6348	YBR148W	0.66492
6349	YKR037C	0.66475
6350	YOR148C	0.66472
6351	YDR356W	0.66467
6352	YHR195W	0.66464
6353	YPL049C	0.66461
6354	YLR219W	0.66448
6355	YIR010W	0.66444
6356	YML041C	0.6644
6357	YKL050C	0.66429
6358	YGR041W	0.66416
6359	YJL133C-A	0.66387
6360	YCL027W	0.66374
6361	YPL269W	0.66344
6362	YDL239C	0.66334
6363	YIL045W	0.66323
6364	YLR353W	0.66297
6365	YLR307C-A	0.66263
6366	YNL103W	0.66262
6367	YDR259C	0.66261
6368	YPL081W	0.66223
6369	YNR024W	0.6622
6370	YMR195W	0.66217
6371	YGL128C	0.66211
6372	YGR179C	0.66207
6373	YJR030C	0.66179
6374	YDR195W	0.66174
6375	YLR312C	0.66173
6376	YLR406C	0.66171
6377	YKL204W	0.66132
6378	YDL027C	0.66125
6379	YKL225W	0.66122
6380	YIL100W	0.66108
6381	YER035W	0.66103
6382	YIL119C	0.66083
6383	YDL069C	0.66074
6384	YKR078W	0.66063
6385	YOL081W	0.66024
6386	YLR094C	0.66009
6387	YOR248W	0.66003
6388	YDR088C	0.65997
6389	YLR262C-A	0.65967
6390	YFL021W	0.65954
6391	YCR065W	0.6595
6392	YDL089W	0.65943
6393	YKL138C	0.6594
6394	YDR216W	0.6594
6395	YGR251W	0.65922
6396	YDL136W	0.65915
6397	YDL191W	0.65915
6398	YDR277C	0.65905
6399	YDR029W	0.65901
6400	YJL181W	0.659
6401	YML062C	0.65898
6402	YDR457W	0.65848
6403	YMR179W	0.65845
6404	YLR341W	0.65809
6405	YJR003C	0.65795
6406	YAL028W	0.65785
6407	YNR014W	0.65776
6408	YBL088C	0.65756
6409	YPR036W-A	0.65749
6410	YIL127C	0.65738
6411	YDR065W	0.65733
6412	YOL029C	0.65731
6413	YPL077C	0.65729
6414	YBR048W	0.65725
6415	YDR025W	0.65725
6416	YEL057C	0.65681
6417	YOL091W	0.65652
6418	YLR031W	0.65648
6419	YNL042W	0.65645
6420	YGL031C	0.65635
6421	YGL035C	0.65629
6422	YDR425W	0.65592
6423	YOR352W	0.65572
6424	YBR113W	0.65572
6425	YGR023W	0.65572
6426	YNL195C	0.65563
6427	YBR189W	0.65541
6428	YLR388W	0.65521
6429	YMR003W	0.65509
6430	YPL250C	0.65507
6431	YER111C	0.65497
6432	YNR009W	0.65492
6433	YCL051W	0.65489
6434	YNL140C	0.65484
6435	YBR007C	0.65477
6436	YFL014W	0.65473
6437	YER038C	0.65447
6438	YIL018W	0.65418
6439	YFR031C-A	0.65418
6440	YBR201C-A	0.65415
6441	YLL033W	0.65413
6442	YGR071C	0.65409
6443	YCL044C	0.65398
6444	YMR160W	0.65389
6445	YNL027W	0.65358
6446	YER132C	0.65356
6447	YBR230W-A	0.65352
6448	YLR445W	0.6535
6449	YKR010C	0.65304
6450	YNL178W	0.65247
6451	YOR178C	0.65244
6452	YIL133C	0.65242
6453	YDR446W	0.65241
6454	YDL169C	0.65203
6455	YAL031C	0.65202
6456	Q0297	0.65171
6457	YNL018C	0.65156
6458	YPL230W	0.65119
6459	YJL144W	0.65118
6460	YOR264W	0.65106
6461	YMR194W	0.65082
6462	YKL068W-A	0.6504
6463	YBR140C	0.65039
6464	YGL175C	0.65028
6465	Q0092	0.65024
6466	YAL047C	0.64939
6467	YNL034W	0.64939
6468	YIL122W	0.64918
6469	YDR439W	0.64918
6470	YMR124W	0.64908
6471	YDR133C	0.64903
6472	YFR017C	0.64896
6473	YBR255W	0.64891
6474	YDR515W	0.64871
6475	YNL176C	0.64862
6476	YMR174C	0.64852
6477	YLR190W	0.64834
6478	YKL112W	0.64834
6479	YER040W	0.64826
6480	YAL024C	0.64826
6481	YBR063C	0.64819
6482	YBR130C	0.64816
6483	YGR142W	0.64759
6484	YLR221C	0.64754
6485	YMR144W	0.64722
6486	YHR152W	0.64684
6487	YOR359W	0.6461
6488	YKL065W-A	0.64598
6489	YJR083C	0.64538
6490	YLR273C	0.64516
6491	YOR062C	0.64504
6492	YOL109W	0.64502
6493	YBR056C-B	0.64478
6494	YGL021W	0.64467
6495	YBR194W	0.64463
6496	YNL214W	0.64445
6497	YGR169C-A	0.64443
6498	YMR219W	0.64435
6499	YML058W	0.64426
6500	YGL057C	0.64417
6501	YPR171W	0.64401
6502	YPL014W	0.64384
6503	YDR207C	0.64376
6504	YOR023C	0.64368
6505	YIL069C	0.64349
6506	YER074W	0.64349
6507	YDL076C	0.64338
6508	YPL055C	0.6432
6509	YNL311C	0.64291
6510	YDR113C	0.6429
6511	YER155C	0.64281
6512	YLR394W	0.64276
6513	YPL249C-A	0.64269
6514	YER158C	0.64226
6515	YGR148C	0.64224
6516	YER044C-A	0.64223
6517	YMR036C	0.64222
6518	YDR181C	0.64214
6519	YGR113W	0.64188
6520	YLL065W	0.64143
6521	YBR047W	0.64068
6522	YDR219C	0.6401
6523	YKL093W	0.63987
6524	YOL127W	0.63972
6525	YDL186W	0.63942
6526	YML009C-A	0.63928
6527	YMR270C	0.63926
6528	YDR351W	0.63886
6529	YGR153W	0.63862
6530	YKL145W-A	0.6386
6531	YHR054C	0.63833
6532	YHR160C	0.63826
6533	YPR046W	0.63817
6534	YGR239C	0.63811
6535	YBR165W	0.63786
6536	YDR494W	0.6375
6537	YBR076W	0.63748
6538	YFR046C	0.63744
6539	YDR070C	0.6374
6540	YLR030W	0.63734
6541	YLR344W	0.63728
6542	YER104W	0.63719
6543	YPR078C	0.63657
6544	YKL185W	0.63638
6545	YOR066W	0.63601
6546	YCL063W	0.636
6547	YMR075W	0.63596
6548	YDL061C	0.63582
6549	Q0144	0.6358
6550	YOR158W	0.63561
6551	YJL162C	0.63535
6552	YDL223C	0.63498
6553	YGL023C	0.63488
6554	YPL071C	0.63486
6555	YBR203W	0.63415
6556	YDR275W	0.63399
6557	YDR130C	0.63398
6558	YIL146C	0.63367
6559	YGR034W	0.63362
6560	YGR273C	0.63356
6561	YPR158W	0.6333
6562	YKL042W	0.63321
6563	YMR086W	0.63287
6564	YBR050C	0.63274
6565	YPR005C	0.63257
6566	YDR227W	0.63222
6567	YJL185C	0.63185
6568	YPL158C	0.63156
6569	YJL051W	0.63125
6570	YML053C	0.63075
6571	YPL255W	0.63051
6572	YEL032C-A	0.63047
6573	YOR255W	0.63006
6574	YOR044W	0.62888
6575	YPL118W	0.62884
6576	YGL189C	0.62844
6577	YER131W	0.62817
6578	YGR035C	0.62789
6579	YHR157W	0.62752
6580	YLR053C	0.62747
6581	YLR102C	0.62735
6582	YLR029C	0.62723
6583	YNL301C	0.62702
6584	YOL120C	0.62702
6585	YLR223C	0.62686
6586	YOR324C	0.62662
6587	YDR249C	0.6266
6588	YER130C	0.62652
6589	YHR052C-B	0.62646
6590	YHR054C-B	0.62646
6591	YDR028C	0.62609
6592	YPL066W	0.62609
6593	YER102W	0.62588
6594	YBL072C	0.62588
6595	YDR239C	0.62579
6596	YDL180W	0.62526
6597	YMR121C	0.62472
6598	YBL092W	0.62446
6599	YML091C	0.62429
6600	YDR022C	0.62416
6601	YBR181C	0.62402
6602	YPL090C	0.62402
6603	YDR184C	0.62337
6604	YKR022C	0.62335
6605	YPL089C	0.62323
6606	YMR273C	0.62268
6607	YPL068C	0.62154
6608	YBR095C	0.6212
6609	YML112W	0.62116
6610	YDR223W	0.62114
6611	YNL076W	0.62053
6612	YFL012W	0.61988
6613	YGR126W	0.61985
6614	YOL036W	0.61882
6615	YPL223C	0.61867
6616	YPR065W	0.61765
6617	YMR255W	0.61756
6618	YDR433W	0.61685
6619	YOL040C	0.6163
6620	YBL031W	0.61609
6621	YIL135C	0.6158
6622	YOR372C	0.61579
6623	YLR437C-A	0.61543
6624	YGR221C	0.61378
6625	YNL233W	0.6137
6626	YOL106W	0.61348
6627	YJL089W	0.61346
6628	YOR063W	0.61345
6629	YIL046W-A	0.61343
6630	YML109W	0.61294
6631	YNL074C	0.61285
6632	YBR156C	0.61281
6633	YJL161W	0.61271
6634	YPR008W	0.61234
6635	YMR037C	0.61232
6636	YGL222C	0.61214
6637	YKL023C-A	0.61186
6638	YER167W	0.61136
6639	YPL121C	0.61093
6640	YOR053W	0.61004
6641	YER124C	0.60987
6642	YJL147C	0.60969
6643	YHR014W	0.60959
6644	YER106W	0.60768
6645	YKR077W	0.60749
6646	YGR151C	0.60748
6647	YKL105C	0.60725
6648	YBR045C	0.60668
6649	YML003W	0.60666
6650	YGL015C	0.60599
6651	YDR186C	0.6058
6652	YLR049C	0.60579
6653	YBR071W	0.60562
6654	YBR211C	0.60531
6655	YML009C	0.60284
6656	YDR528W	0.60243
6657	YPR145C-A	0.60239
6658	YNL188W	0.60146
6659	YPL267W	0.60119
6660	YLR363W-A	0.59891
6661	YIR025W	0.59872
6662	YDR085C	0.59856
6663	YHR061C	0.59793
6664	YJL177W	0.59779
6665	YLR257W	0.59743
6666	YMR206W	0.59741
6667	YPL180W	0.59624
6668	YNL078W	0.596
6669	YKL180W	0.59334
6670	YML119W	0.59313
6671	YDR480W	0.593
6672	YPL124W	0.59284
6673	YPL159C	0.59267
6674	YNL146W	0.59247
6675	YNR010W	0.59219
6676	YMR136W	0.59163
6677	YML006C	0.59128
6678	YER033C	0.59047
6679	YDR500C	0.58965
6680	YFR036W	0.58939
6681	YJR005C-A	0.58839
6682	YBR285W	0.58836
6683	YJL189W	0.58727
6684	YBR084C-A	0.58699
6685	YBL027W	0.58699
6686	YOR279C	0.58632
6687	YGL036W	0.58519
6688	YPL229W	0.58427
6689	YPR083W	0.58258
6690	YLR185W	0.58177
6691	YDR309C	0.58133
6692	YOR315W	0.58076
6693	YKL109W	0.57976
6694	YBL081W	0.57794
6695	YMR252C	0.57789
6696	YMR175W	0.57781
6697	YLR457C	0.57637
6698	YER180C	0.57511
6699	YHR185C	0.57465
6700	YMR181C	0.57433
6701	YHR214W-A	0.57157
6702	YIL152W	0.56995
6703	YER032W	0.56946
6704	YGL170C	0.56935
6705	YNL162W	0.56759
6706	YHR141C	0.56759
6707	YAR068W	0.56699
6708	YFR032C-A	0.56381
6709	Q0140	0.56191
6710	YER079W	0.5568
6711	YKR075C	0.55608
6712	YLR287C-A	0.55463
6713	YOR182C	0.55463
6714	Q0032	0.54882
6715	YDL082W	0.54839
6716	YBR157C	0.54627
6717	YMR142C	0.54279
6718	YPR043W	0.54116
6719	YJR094W-A	0.54116
6720	YDL007C-A	0.53976
6721	YMR081C	0.5376
6722	YBR138C	0.53682
6723	YML009W-B	0.53676
6724	YGR146C	0.51746
6725	YDL133C-A	0.51401
6726	YDL184C	0.51401
6727	YJR094C	0.51156
6728	YNL040C-A	0.31217
6729	YFR035W-A	0.31217
6730	YDL204W-A	0.31217
6731	YMR106W-A	0.31217
6732	YGR016C-A	0.31217
6733	YNL155C-A	0.31217
