rank	yeast_gene	cosine
1	YKR059W	0.93062
2	YLR229C	0.92859
3	YHL047C	0.92806
4	YPR204W	0.92546
5	YBR164C	0.92407
6	YLR113W	0.92392
7	YOR061W	0.92385
8	YOR378W	0.92372
9	YDR021W	0.92358
10	YNL090W	0.92301
11	YJL214W	0.92263
12	YHL040C	0.92219
13	YPL036W	0.92176
14	YGL008C	0.92146
15	YEL077C	0.92079
16	YDR345C	0.92042
17	YBL016W	0.92038
18	YHR092C	0.92035
19	YHL016C	0.92012
20	YHR094C	0.9201
21	YBR241C	0.92005
22	YHL050C	0.91956
23	YDL245C	0.91912
24	YLL067C	0.91893
25	YJR158W	0.91882
26	YKL190W	0.91854
27	YPL203W	0.9185
28	YMR034C	0.91828
29	YBR160W	0.91812
30	YDL137W	0.91798
31	YBL112C	0.91785
32	YHR218W-A	0.91785
33	YNR072W	0.91759
34	YDR343C	0.91749
35	YDR342C	0.91748
36	YLR081W	0.91746
37	YLR466W	0.91736
38	YEL069C	0.91725
39	YDL192W	0.91716
40	YPL218W	0.91688
41	YHR218W	0.91654
42	YFL011W	0.91597
43	YPR165W	0.91552
44	YHR030C	0.91543
45	YKL129C	0.91527
46	YOR094W	0.91512
47	YMR109W	0.91504
48	YPR192W	0.91491
49	YGL255W	0.91478
50	YMR011W	0.91436
51	YMR015C	0.91423
52	YDL006W	0.914
53	YIL170W	0.91392
54	YJL108C	0.91392
55	YGR040W	0.91383
56	YGL225W	0.91365
57	YDL108W	0.91342
58	YOL156W	0.91337
59	YLL066C	0.91331
60	YHR096C	0.91318
61	YML123C	0.91286
62	YOR257W	0.91282
63	YML133C	0.91267
64	YCR098C	0.91256
65	YPR183W	0.91256
66	YDL047W	0.91239
67	YJL219W	0.91236
68	YER072W	0.9121
69	YNL332W	0.91205
70	YFL058W	0.91201
71	YJR156C	0.91198
72	YMR290C	0.91173
73	YDL244W	0.91151
74	YNL189W	0.91138
75	YFL039C	0.91129
76	YPR182W	0.91083
77	YIL177C	0.91072
78	YOL162W	0.91033
79	YJL225C	0.91032
80	YFL017W-A	0.91028
81	YDR536W	0.91023
82	YJL164C	0.90996
83	YDR373W	0.90956
84	YML018C	0.90951
85	YER190W	0.90922
86	YBL111C	0.90915
87	YOL158C	0.9091
88	YPL058C	0.909
89	YDL166C	0.90897
90	YER039C	0.90887
91	YER081W	0.90875
92	YEL013W	0.90873
93	YNL290W	0.90847
94	YFL026W	0.90845
95	YPR138C	0.90824
96	YER060W-A	0.90817
97	YER148W	0.90759
98	YJL050W	0.90739
99	YOR046C	0.90692
100	YJR065C	0.90672
101	YER060W	0.90653
102	YDR040C	0.90635
103	YBL026W	0.90634
104	YFL066C	0.90605
105	YGL087C	0.90595
106	YKR039W	0.90591
107	YPL031C	0.90586
108	YBR080C	0.90579
109	YNL006W	0.90541
110	YNL014W	0.90532
111	YDR540C	0.90523
112	YFL056C	0.90514
113	YDR039C	0.90513
114	YKL218C	0.90508
115	YEL065W	0.90487
116	YKL024C	0.90482
117	YDR129C	0.90453
118	YER056C	0.90444
119	YDR404C	0.90442
120	YGR252W	0.90435
121	YKL146W	0.90427
122	YOR153W	0.9041
123	YHR128W	0.90398
124	YER133W	0.90388
125	YDR038C	0.90382
126	YMR146C	0.90378
127	YIL143C	0.90377
128	YDL126C	0.90367
129	YKL166C	0.90354
130	YGL091C	0.90345
131	YLR058C	0.90345
132	YPL266W	0.90324
133	YPR173C	0.90319
134	YER119C	0.90302
135	YNL010W	0.90301
136	YEL066W	0.90286
137	YDR406W	0.90273
138	YEL031W	0.90271
139	YMR079W	0.90257
140	YOR185C	0.9025
141	YKL104C	0.90246
142	YGL256W	0.90246
143	YOR270C	0.90245
144	YDR075W	0.90241
145	YMR246W	0.9024
146	YPR113W	0.90224
147	YNL268W	0.90194
148	YGR121C	0.90182
149	YKR002W	0.90177
150	YLR249W	0.90157
151	YAL026C	0.90146
152	YCR010C	0.90145
153	YDL134C	0.90142
154	YNL142W	0.90141
155	YKL217W	0.90126
156	YHR007C	0.90125
157	YEL063C	0.90118
158	YMR279C	0.90103
159	YBR296C	0.90095
160	YFL055W	0.9009
161	YHR106W	0.90042
162	YEL046C	0.90032
163	YOR396W	0.89963
164	YDR545W	0.89963
165	YLR467W	0.89963
166	YKR080W	0.89955
167	YGR152C	0.89942
168	YGL120C	0.89935
169	YER177W	0.89928
170	YDL055C	0.89911
171	YNL098C	0.89901
172	YLR130C	0.899
173	YIL074C	0.89899
174	YDR011W	0.89898
175	YBR298C	0.89893
176	YBR082C	0.89883
177	YJL213W	0.89876
178	YER171W	0.89873
179	YNR032C-A	0.89867
180	YJR025C	0.89867
181	YGR231C	0.89866
182	YNR002C	0.89865
183	YGL167C	0.89857
184	YFR053C	0.89854
185	YPL119C	0.89854
186	YNL209W	0.89852
187	YAL064C-A	0.8985
188	YIR042C	0.8985
189	YPL051W	0.89841
190	YGL253W	0.89841
191	YPL175W	0.89833
192	YMR300C	0.89833
193	YML102W	0.89825
194	YDR519W	0.89818
195	YDR185C	0.89813
196	YDL222C	0.89811
197	YOR204W	0.89808
198	YER052C	0.89797
199	YNL270C	0.89796
200	YGL210W	0.89792
201	YLR170C	0.89791
202	YNL339C	0.8977
203	YGR210C	0.89767
204	YPL283C	0.89766
205	YGR296W	0.89764
206	YOR380W	0.89758
207	YPL276W	0.89757
208	YNL330C	0.89752
209	YAR073W	0.8975
210	YAL061W	0.8974
211	YIL121W	0.8974
212	YOR348C	0.89737
213	YLR293C	0.89736
214	YPL246C	0.89732
215	YIL009W	0.89723
216	YLL060C	0.89719
217	YDL229W	0.89716
218	YDL022W	0.89705
219	YIL003W	0.897
220	YCR047C	0.89697
221	YOL094C	0.89689
222	YNL112W	0.89686
223	YOR347C	0.89673
224	YLR438C-A	0.89665
225	YPR035W	0.89654
226	YJR124C	0.89647
227	YGR123C	0.89647
228	YLR034C	0.89647
229	YLR092W	0.89626
230	YBL078C	0.89622
231	YKL196C	0.89622
232	YLR153C	0.89618
233	YOL133W	0.89617
234	YPR062W	0.89583
235	YOL038W	0.8958
236	YDR091C	0.89562
237	YOR157C	0.89559
238	YML001W	0.8955
239	YDR497C	0.89547
240	YJL167W	0.89541
241	YDR196C	0.89534
242	YDR099W	0.8953
243	YLL063C	0.89527
244	YDL084W	0.89525
245	YNL307C	0.89521
246	YOR224C	0.89514
247	YER166W	0.89511
248	YKL216W	0.89509
249	YPR131C	0.89505
250	YHR057C	0.89499
251	YDL188C	0.89489
252	YKR094C	0.89488
253	YIL148W	0.89488
254	YER031C	0.89487
255	YPL245W	0.89483
256	YBR222C	0.89469
257	YGR281W	0.89466
258	YKL033W-A	0.89456
259	YGL001C	0.8945
260	YOL122C	0.89447
261	YGR055W	0.89432
262	YNR055C	0.89424
263	YDL160C	0.89423
264	YER125W	0.89409
265	YEL064C	0.89401
266	YOR089C	0.894
267	YMR205C	0.89396
268	YGR191W	0.89392
269	YLR213C	0.89389
270	YER089C	0.89378
271	YJL001W	0.89355
272	YGL048C	0.89351
273	YHR110W	0.89349
274	YPL061W	0.89345
275	YER020W	0.89345
276	YLR258W	0.89344
277	YDL182W	0.89332
278	YDL064W	0.89332
279	YGL062W	0.89317
280	YOL066C	0.89316
281	YER086W	0.89313
282	YCL073C	0.893
283	YOR381W	0.89299
284	YDR341C	0.89294
285	YJL034W	0.89294
286	YER012W	0.89291
287	YBR187W	0.89282
288	YOR328W	0.89282
289	YEL011W	0.8928
290	YML012W	0.89266
291	YFL038C	0.89262
292	YDL097C	0.89259
293	YPR051W	0.89242
294	YJL014W	0.89237
295	YFR014C	0.89232
296	YLR244C	0.89229
297	YER019W	0.89221
298	YDR155C	0.89216
299	YDR090C	0.89214
300	YJL121C	0.89213
301	YLR234W	0.89212
302	YKR038C	0.89209
303	YBL113C	0.89205
304	YNL123W	0.89204
305	YBR261C	0.89203
306	YLR397C	0.89196
307	YBR218C	0.89195
308	YLR193C	0.89188
309	YKR106W	0.89169
310	YDR059C	0.89159
311	YDR339C	0.89153
312	YCL025C	0.89151
313	YCR073W-A	0.89138
314	YGR132C	0.89135
315	YER185W	0.89135
316	YDL168W	0.89126
317	YDR321W	0.89119
318	YAR002C-A	0.89119
319	YGL011C	0.89119
320	YJR160C	0.89105
321	YLL028W	0.89103
322	YAL038W	0.89096
323	YER036C	0.8909
324	YBR295W	0.89089
325	YFR015C	0.89089
326	YMR084W	0.89068
327	YPR016C	0.89068
328	YNR003C	0.89067
329	YGL200C	0.89066
330	YER026C	0.89064
331	YPR103W	0.89064
332	YBL030C	0.8906
333	YDL001W	0.89045
334	YGR218W	0.8904
335	YDR238C	0.89025
336	YCL033C	0.89023
337	YLL053C	0.89017
338	YNL095C	0.89005
339	YBR019C	0.89002
340	YOL084W	0.88999
341	YCR028C	0.88998
342	YBL075C	0.88998
343	YGL070C	0.88997
344	YKL145W	0.88989
345	YOR161C	0.88978
346	YOR317W	0.88977
347	YKL220C	0.8897
348	YNL264C	0.88965
349	YJL218W	0.88964
350	YNL125C	0.88953
351	YPR086W	0.88939
352	YBR294W	0.88925
353	YCR057C	0.88918
354	YDR394W	0.88908
355	YHR050W	0.8889
356	YOR283W	0.88885
357	YOL021C	0.88877
358	YDR375C	0.8887
359	YJL055W	0.88869
360	YOR388C	0.88865
361	YLR011W	0.88853
362	YCR009C	0.88849
363	YHL011C	0.88844
364	YDR033W	0.88822
365	YDR001C	0.88822
366	YLR237W	0.88821
367	YOR187W	0.88813
368	YDL210W	0.8881
369	YMR288W	0.88809
370	YER090W	0.88807
371	YGR065C	0.88803
372	YHR200W	0.888
373	YNR070W	0.88788
374	YGL220W	0.88788
375	YDL029W	0.88781
376	YOL075C	0.88781
377	YGR253C	0.88765
378	YBR085W	0.88757
379	YAL054C	0.88757
380	YGR213C	0.88755
381	YFL045C	0.88752
382	YKR093W	0.88749
383	YEL058W	0.88739
384	YKR026C	0.88733
385	YNL288W	0.88733
386	YNL202W	0.8873
387	YPR069C	0.88728
388	YGR138C	0.88714
389	YLR186W	0.8871
390	YJL030W	0.88708
391	YDR092W	0.88697
392	YGR208W	0.88696
393	YDR046C	0.88695
394	YBR154C	0.88692
395	YDR304C	0.88689
396	YPL015C	0.88686
397	YOL143C	0.88678
398	YMR056C	0.88675
399	YIL120W	0.88673
400	YGR105W	0.88664
401	YML116W	0.88664
402	YMR266W	0.88648
403	YIL035C	0.88648
404	YPL017C	0.88635
405	YCL040W	0.88629
406	YGR289C	0.88627
407	YOL151W	0.88625
408	YIR028W	0.88624
409	YOL103W	0.88622
410	YIL116W	0.88607
411	YAL060W	0.88606
412	YNL274C	0.88603
413	YER145C	0.88598
414	YMR221C	0.8859
415	YJL198W	0.88586
416	YOR197W	0.88586
417	YGR175C	0.88581
418	YER099C	0.88581
419	YGL058W	0.88575
420	YBL091C	0.88573
421	YFR009W	0.88571
422	YER055C	0.88569
423	YDL131W	0.88566
424	YDL128W	0.88563
425	YOR013W	0.88563
426	YPL235W	0.88561
427	YAL020C	0.88557
428	YJR152W	0.88552
429	YBR263W	0.88551
430	YPR145W	0.88541
431	YBR169C	0.88539
432	YDR353W	0.88537
433	YNR060W	0.88533
434	YBL071W-A	0.88527
435	YBR054W	0.88525
436	YLR347C	0.88523
437	YJR001W	0.88516
438	YHL003C	0.88506
439	YNR026C	0.88494
440	YJR068W	0.88485
441	YJL094C	0.88482
442	YPL275W	0.88474
443	YPL221W	0.88464
444	YJR153W	0.88461
445	YAL005C	0.88455
446	YPL244C	0.8845
447	YML124C	0.88449
448	YHR018C	0.88449
449	YLR289W	0.88436
450	YJR105W	0.88424
451	YBR114W	0.8842
452	YFL005W	0.88418
453	YER043C	0.88414
454	YJR049C	0.88412
455	YHR065C	0.88409
456	YDL247W	0.88408
457	YBR252W	0.88401
458	YNL255C	0.88395
459	YDL144C	0.88384
460	YDR300C	0.88384
461	YIR036C	0.8838
462	YGR267C	0.88373
463	YGR282C	0.88361
464	YBR235W	0.88357
465	YAL023C	0.88357
466	YJR143C	0.88346
467	YLR209C	0.88346
468	YBR038W	0.88344
469	YEL030W	0.88341
470	YER062C	0.88335
471	YLR433C	0.88333
472	YNL277W	0.88327
473	YLR005W	0.88323
474	YOR117W	0.88323
475	YLL024C	0.88319
476	YMR243C	0.88316
477	YLR157C	0.88313
478	YLR155C	0.88313
479	YLR160C	0.88313
480	YLR158C	0.88313
481	YER103W	0.88307
482	YBR126C	0.88303
483	YLR303W	0.88299
484	YGL252C	0.88295
485	YDR062W	0.88293
486	YFL061W	0.88286
487	YNL335W	0.88286
488	YKL078W	0.88285
489	YDR508C	0.88268
490	YPL106C	0.88265
491	YLL056C	0.88264
492	YJL026W	0.88251
493	YEL051W	0.88251
494	YMR080C	0.8825
495	YOR131C	0.88242
496	YGL211W	0.88238
497	YGL097W	0.88238
498	YOR362C	0.88235
499	YER107C	0.88233
500	YDR510W	0.88224
501	YCL017C	0.8822
502	YGR256W	0.88215
503	YPL265W	0.88212
504	YML008C	0.88208
505	YGL002W	0.88202
506	YDR232W	0.88195
507	YML085C	0.88195
508	YCR027C	0.88191
509	YER159C	0.88185
510	YMR292W	0.88185
511	YBL042C	0.88184
512	YER178W	0.88183
513	YBL021C	0.88176
514	YPL086C	0.88175
515	YNL241C	0.88174
516	YGL022W	0.88173
517	YGR043C	0.88168
518	YLR152C	0.88168
519	YOR339C	0.88166
520	YOR092W	0.88155
521	YIL001W	0.88154
522	YHR183W	0.88153
523	YMR202W	0.88147
524	YDR328C	0.88146
525	YCR020C-A	0.88141
526	YER025W	0.8814
527	YDL102W	0.88136
528	YNR064C	0.88129
529	YIL053W	0.88127
530	YJL196C	0.88126
531	YLR195C	0.88124
532	YPL234C	0.88116
533	YPL226W	0.88115
534	YKL001C	0.88114
535	YDR384C	0.88114
536	YDR135C	0.88112
537	YMR222C	0.88109
538	YMR217W	0.88084
539	YEL027W	0.88071
540	YCL036W	0.88071
541	YER094C	0.88064
542	YPL264C	0.88062
543	YLR208W	0.88059
544	YNR034W	0.8805
545	YER095W	0.88049
546	YBR034C	0.88044
547	YNR050C	0.88043
548	YOR326W	0.8804
549	YGL077C	0.8804
550	YHR070W	0.88039
551	YGR060W	0.88032
552	YGL115W	0.88028
553	YJL035C	0.88025
554	YBR145W	0.88022
555	YNL191W	0.88016
556	YDR139C	0.88012
557	YHR019C	0.88005
558	YOR273C	0.88001
559	YLR432W	0.87992
560	YJL012C	0.87988
561	YOR087W	0.87986
562	YLR134W	0.87986
563	YKR043C	0.87979
564	YDR516C	0.87976
565	YCL009C	0.87976
566	YGR240C	0.87971
567	YOR323C	0.87969
568	YBL068W	0.87969
569	YOR128C	0.87968
570	YCR068W	0.87968
571	YMR071C	0.87957
572	YNL093W	0.87947
573	YHR032W	0.87917
574	YJR058C	0.87912
575	YKL094W	0.87906
576	YOR192C	0.87906
577	YGL026C	0.87899
578	YNL104C	0.87893
579	YLR168C	0.87889
580	YML056C	0.87888
581	YMR108W	0.87875
582	YDL125C	0.87874
583	YDR454C	0.87871
584	YML057W	0.8787
585	YBL041W	0.87867
586	YKL035W	0.87863
587	YHR005C	0.87862
588	YHR219W	0.87862
589	YOR024W	0.87851
590	YGL078C	0.8785
591	YJR069C	0.87848
592	YOR375C	0.8783
593	YLL018C	0.87826
594	YPR160W	0.87821
595	YOR108W	0.8782
596	YDL052C	0.8782
597	YBR109C	0.87819
598	YDR541C	0.87818
599	YMR058W	0.87817
600	YPR082C	0.87816
601	YFR004W	0.87806
602	YGL221C	0.87806
603	YNR053C	0.87805
604	YDR158W	0.87801
605	YGL047W	0.87796
606	YIL020C	0.87795
607	YDR093W	0.87791
608	YCR011C	0.87788
609	YLR069C	0.87782
610	YHR135C	0.87781
611	YAL062W	0.8778
612	YFL017C	0.87777
613	YDR424C	0.87774
614	YNR032W	0.87772
615	YML064C	0.87771
616	YJR017C	0.87769
617	YJR045C	0.87762
618	YDL201W	0.87761
619	YOR321W	0.87759
620	YGR224W	0.87758
621	YJR095W	0.87754
622	YPR041W	0.87748
623	YBR132C	0.87747
624	YHR216W	0.87747
625	YGR211W	0.87743
626	YOR084W	0.87742
627	YKL069W	0.87741
628	YGL054C	0.8774
629	YER023W	0.87738
630	YLR420W	0.87732
631	YKL161C	0.87729
632	YDL095W	0.87724
633	YOR259C	0.87723
634	YHR169W	0.87722
635	YBR234C	0.87717
636	YKR068C	0.87715
637	YDL057W	0.87712
638	YOL137W	0.87699
639	YHR068W	0.87698
640	YGL163C	0.87697
641	YER179W	0.87686
642	YJL008C	0.87674
643	YIL048W	0.8767
644	YBR043C	0.87659
645	YLR121C	0.87657
646	YJR007W	0.87647
647	YGR124W	0.87647
648	YPL259C	0.87647
649	YGL100W	0.87646
650	YNL108C	0.8764
651	YEL042W	0.87632
652	YOL016C	0.87632
653	YJR073C	0.87631
654	YNL323W	0.87627
655	YER009W	0.87623
656	YKL148C	0.87622
657	YJR015W	0.87621
658	YKR097W	0.8762
659	YPR156C	0.87613
660	YHR107C	0.87612
661	YPR193C	0.87606
662	YGL130W	0.87604
663	YPL154C	0.87601
664	YCR072C	0.876
665	YPR108W	0.87596
666	YER057C	0.87592
667	YPL206C	0.87592
668	YLR245C	0.87591
669	YBR021W	0.87585
670	YLR268W	0.87584
671	YDL230W	0.87583
672	YER007C-A	0.8758
673	YIR022W	0.87577
674	YNL231C	0.87572
675	YLR216C	0.87571
676	YDR294C	0.87568
677	YJL033W	0.87564
678	Q0130	0.8756
679	YIL043C	0.8756
680	YGR100W	0.87557
681	YKR053C	0.87554
682	YDL243C	0.8755
683	YDR182W-A	0.87549
684	YBR008C	0.87546
685	YDL007W	0.87545
686	YPL094C	0.87543
687	YMR116C	0.87542
688	YDL164C	0.87541
689	YFL067W	0.87538
690	YIL088C	0.87537
691	YDR297W	0.87536
692	YNL275W	0.87536
693	YER110C	0.87533
694	YBR068C	0.87532
695	YFR018C	0.87524
696	YGR248W	0.87521
697	YKR105C	0.8752
698	YIL078W	0.87519
699	YPR052C	0.87513
700	YOR071C	0.87513
701	YPL204W	0.87511
702	YPL151C	0.87505
703	YLR411W	0.87503
704	YBR020W	0.875
705	YBL036C	0.87497
706	YIL142W	0.87497
707	YEL021W	0.87494
708	YBR243C	0.8749
709	YMR226C	0.8749
710	YDR258C	0.87489
711	YDR456W	0.87481
712	YBR248C	0.87481
713	YML069W	0.87479
714	YOR122C	0.87477
715	YEL041W	0.87474
716	YOR226C	0.87471
717	YPL274W	0.87465
718	YDR190C	0.87464
719	YML075C	0.87464
720	YER069W	0.87462
721	YDL140C	0.87446
722	YEL034W	0.87445
723	YML080W	0.87441
724	YGR135W	0.87438
725	Q0275	0.87436
726	YER015W	0.87436
727	YJR159W	0.87435
728	YBL029C-A	0.87432
729	YER146W	0.87428
730	YOL030W	0.87424
731	YBR286W	0.87424
732	YNL113W	0.87423
733	YCL010C	0.87415
734	YDL049C	0.87414
735	YGL039W	0.87414
736	YLL055W	0.87405
737	YBR117C	0.87402
738	YJL045W	0.87398
739	YGL063W	0.87397
740	YLR028C	0.87394
741	YKL113C	0.87393
742	YGR197C	0.87393
743	YBR159W	0.87389
744	YDL246C	0.87386
745	YNL331C	0.87385
746	YGL186C	0.87383
747	YFR055W	0.87379
748	YDR120C	0.87377
749	YBR265W	0.87376
750	YBR221C	0.87374
751	YPL111W	0.87366
752	YGL157W	0.87358
753	YOL097C	0.87358
754	YMR054W	0.87354
755	YJR020W	0.87348
756	YPR176C	0.87347
757	YLL050C	0.87344
758	YLR359W	0.87343
759	YMR230W	0.87333
760	YLL026W	0.87333
761	YCR021C	0.87331
762	YPL129W	0.8733
763	YER165W	0.87325
764	YHR044C	0.8732
765	YDL086W	0.87319
766	YPL135W	0.87319
767	YMR301C	0.87317
768	YMR318C	0.87313
769	YOR303W	0.8731
770	YOR293W	0.87305
771	YJR109C	0.87301
772	YHR190W	0.87301
773	YMR314W	0.873
774	YOL058W	0.87299
775	YNL135C	0.87297
776	YER073W	0.8729
777	YBR127C	0.87284
778	YGR007W	0.87279
779	YKL046C	0.87277
780	YBL091C-A	0.87272
781	YOR163W	0.8727
782	YOR155C	0.87266
783	YGR286C	0.87265
784	YHR163W	0.87252
785	YOR196C	0.87252
786	YOL055C	0.8725
787	YCR008W	0.87244
788	YOR384W	0.87242
789	YBL039C	0.87233
790	YLR277C	0.87231
791	YDR045C	0.87227
792	YBL022C	0.87218
793	YHR064C	0.87212
794	YMR271C	0.87205
795	YLR384C	0.87204
796	YIL162W	0.87204
797	YLR291C	0.87204
798	YOR241W	0.87201
799	YOR126C	0.87198
800	YLR044C	0.87197
801	YOR159C	0.87196
802	YBR006W	0.8719
803	YFL041W	0.87184
804	YLR137W	0.87181
805	YNR043W	0.87178
806	YIR031C	0.87177
807	YIL064W	0.87173
808	YML079W	0.87167
809	YLR330W	0.87163
810	YEL070W	0.87158
811	YNR073C	0.87158
812	YBR046C	0.87146
813	YIL160C	0.87144
814	YJR146W	0.87139
815	YGR207C	0.87135
816	YOL164W	0.87134
817	YDL014W	0.87133
818	YLR147C	0.87129
819	YNL339W-A	0.87112
820	YML133W-A	0.87112
821	YER190C-A	0.87112
822	YPL283W-A	0.87112
823	YGR296C-A	0.87112
824	YKL107W	0.87111
825	YMR210W	0.87108
826	YGR155W	0.87108
827	YHR043C	0.87107
828	YAL049C	0.87103
829	YDR037W	0.87101
830	YOR133W	0.87097
831	YMR095C	0.87093
832	YKL181W	0.87092
833	YHL036W	0.87091
834	YGL201C	0.87087
835	YML021C	0.87087
836	YPL213W	0.87086
837	YBR170C	0.87078
838	YGR163W	0.87074
839	YJR063W	0.87069
840	YLR328W	0.87065
841	YNL222W	0.87064
842	YJR074W	0.87058
843	YLR017W	0.87055
844	YHR144C	0.87054
845	YGL171W	0.87039
846	YLR004C	0.87039
847	YHR026W	0.87029
848	YGL012W	0.87028
849	YIR035C	0.87013
850	YEL040W	0.87012
851	YFR044C	0.87011
852	YGL139W	0.87005
853	YBR249C	0.87005
854	YNL232W	0.87003
855	YGR242W	0.87003
856	YPL199C	0.86991
857	YBR001C	0.86983
858	YLL061W	0.86975
859	Q0045	0.86974
860	YJL171C	0.86974
861	YAL042W	0.86971
862	YCL069W	0.8697
863	YOL080C	0.86966
864	YNL099C	0.86965
865	YJL212C	0.8696
866	YJR024C	0.86958
867	YIL103W	0.86958
868	YMR307W	0.86954
869	YOR361C	0.86954
870	YOL086C	0.86953
871	YLR398C	0.86951
872	YPR194C	0.8695
873	YKR018C	0.86943
874	YNR048W	0.8694
875	YPR033C	0.86939
876	YOR202W	0.86938
877	YGR020C	0.86938
878	YGR180C	0.86935
879	YGL017W	0.86935
880	YDR047W	0.86927
881	YBR115C	0.86917
882	YBR143C	0.86916
883	YBL024W	0.86915
884	YPR110C	0.86914
885	YHR029C	0.86913
886	YJR112W-A	0.86908
887	YLR348C	0.86906
888	YPR121W	0.86906
889	YDL100C	0.86903
890	YKL184W	0.86898
891	YJR077C	0.86898
892	YCR059C	0.86898
893	YBR196C	0.86897
894	YNL333W	0.86893
895	YMR303C	0.8689
896	YJL111W	0.86886
897	YFL037W	0.86885
898	YBL076C	0.86882
899	YML078W	0.86882
900	YDR074W	0.8688
901	YLR200W	0.86876
902	YPR074C	0.86876
903	YDR465C	0.8687
904	YMR236W	0.86868
905	YHR012W	0.86867
906	YGR185C	0.86859
907	YFL059W	0.86856
908	YHL042W	0.86838
909	YNL194C	0.86837
910	YNL117W	0.86837
911	YAR035W	0.86833
912	YBR256C	0.86825
913	YNL064C	0.86824
914	YBR088C	0.86822
915	YBR264C	0.8682
916	YMR285C	0.86819
917	YBR202W	0.86818
918	YOR011W	0.86817
919	YKL039W	0.86817
920	YHR132C	0.86811
921	YIL165C	0.86809
922	YOL110W	0.86806
923	YFL057C	0.86805
924	YKL210W	0.86804
925	YBR121C	0.86803
926	YGL099W	0.8679
927	YGR246C	0.86789
928	YPL258C	0.86783
929	YMR085W	0.8678
930	YDR388W	0.8678
931	YLR059C	0.86773
932	YGR264C	0.86772
933	YBL057C	0.86768
934	YPL093W	0.86765
935	YDL155W	0.86762
936	YPR181C	0.86747
937	YFR047C	0.86744
938	YDR023W	0.86739
939	YNL132W	0.86734
940	YPL067C	0.86731
941	YIR034C	0.8673
942	YML106W	0.86729
943	YLR438W	0.86729
944	YDR397C	0.86728
945	YGL006W	0.86726
946	YMR235C	0.86725
947	YIL166C	0.86723
948	YNL281W	0.8672
949	YOR357C	0.86716
950	YLR326W	0.86715
951	YDR111C	0.86715
952	YIR009W	0.86714
953	YLR447C	0.8671
954	YBR029C	0.86707
955	YEL060C	0.86705
956	YEL039C	0.86704
957	YHR042W	0.86703
958	YBR242W	0.86701
959	YGR260W	0.86697
960	YDR402C	0.86696
961	YOL132W	0.8669
962	YJL068C	0.86678
963	YPL169C	0.86675
964	YGL234W	0.86675
965	YJL208C	0.86669
966	YIR026C	0.86664
967	YFL060C	0.8666
968	YBR287W	0.8666
969	YJL174W	0.8666
970	YOR101W	0.86659
971	YPL042C	0.86657
972	YNL154C	0.86654
973	YOR086C	0.86654
974	YCR105W	0.86646
975	YKL127W	0.86645
976	YDR264C	0.86641
977	YKL128C	0.86639
978	YIL164C	0.86638
979	YKL157W	0.86637
980	YEL026W	0.86635
981	YGR087C	0.86626
982	YGL137W	0.86625
983	YPL050C	0.86623
984	YIL118W	0.86623
985	YDR272W	0.86618
986	YLR060W	0.86615
987	YPL046C	0.86605
988	YDR086C	0.86591
989	YML067C	0.86591
990	YPL092W	0.86588
991	YGR200C	0.86582
992	YCL035C	0.86578
993	YGL119W	0.86577
994	YCR017C	0.86572
995	YOL139C	0.86569
996	YNL044W	0.86569
997	YJL128C	0.86567
998	YEL024W	0.86566
999	YDR313C	0.86563
1000	YPR054W	0.8656
1001	YIL065C	0.86554
1002	YNL334C	0.8655
1003	YBR089C-A	0.8654
1004	YOL165C	0.86538
1005	YPL006W	0.86534
1006	YPL281C	0.86513
1007	YOR393W	0.86513
1008	YML125C	0.86511
1009	YMR008C	0.86506
1010	YLR070C	0.86504
1011	YDR291W	0.865
1012	YDR226W	0.86498
1013	YJL216C	0.86493
1014	YML022W	0.86484
1015	YLR354C	0.86484
1016	YAR007C	0.86482
1017	YMR319C	0.86481
1018	YBL015W	0.8648
1019	YIL124W	0.86479
1020	YKL027W	0.86479
1021	YML092C	0.86476
1022	YKL211C	0.86474
1023	YOR099W	0.86468
1024	YOL059W	0.86465
1025	YGR247W	0.8646
1026	YOL163W	0.86458
1027	YDL087C	0.86455
1028	YJR072C	0.86453
1029	YLR126C	0.86449
1030	YCL074W	0.86442
1031	YPR024W	0.86441
1032	YJR155W	0.86439
1033	YMR120C	0.86436
1034	YGL043W	0.86435
1035	YJL217W	0.86432
1036	YJR047C	0.86426
1037	YBR220C	0.86419
1038	YHR074W	0.86413
1039	YPL028W	0.8641
1040	YGL224C	0.86404
1041	YDR172W	0.86389
1042	YNL200C	0.86387
1043	YBR011C	0.86386
1044	YDR214W	0.86384
1045	YDR177W	0.86381
1046	YMR323W	0.86381
1047	YER053C	0.8638
1048	YOL112W	0.86376
1049	YPR149W	0.86375
1050	YJR139C	0.86374
1051	YBR137W	0.86373
1052	YLR241W	0.86363
1053	YCR061W	0.8636
1054	YNL329C	0.8636
1055	YMR297W	0.86358
1056	YJR148W	0.86357
1057	YDR448W	0.86354
1058	YNL111C	0.86352
1059	YJR116W	0.86351
1060	YMR315W	0.86347
1061	YJL134W	0.86342
1062	YMR138W	0.86342
1063	YLR046C	0.86339
1064	YMR241W	0.86336
1065	YCR048W	0.86328
1066	YDR212W	0.86328
1067	YLR146C	0.86327
1068	YMR169C	0.86326
1069	YMR203W	0.86325
1070	YMR178W	0.86322
1071	YIL021W	0.86322
1072	YKL164C	0.86319
1073	YBR228W	0.86314
1074	YBR245C	0.86314
1075	YBR106W	0.86314
1076	YOR236W	0.86306
1077	YDL174C	0.863
1078	YMR069W	0.863
1079	YFR028C	0.86295
1080	YCR037C	0.8629
1081	YNL061W	0.86285
1082	YAL067C	0.86284
1083	YDR270W	0.86283
1084	YMR090W	0.86278
1085	YAL029C	0.86275
1086	YPR003C	0.86273
1087	YCL018W	0.8626
1088	YHR208W	0.8626
1089	YBR087W	0.86258
1090	YPL232W	0.86252
1091	YOL005C	0.86251
1092	YGR010W	0.86248
1093	YDR007W	0.86236
1094	YOL002C	0.86232
1095	YHR027C	0.86229
1096	YMR183C	0.86225
1097	YMR009W	0.86224
1098	YNR057C	0.86219
1099	YCL042W	0.86217
1100	YKL067W	0.86216
1101	YNR020C	0.86215
1102	YDL046W	0.86213
1103	YHR025W	0.86209
1104	YER004W	0.86204
1105	YOR351C	0.86199
1106	YAL053W	0.86196
1107	YJR048W	0.86194
1108	YDR267C	0.8619
1109	YNL024C	0.86189
1110	YPL095C	0.86188
1111	YPL208W	0.86183
1112	YHR175W	0.86177
1113	YBL050W	0.86165
1114	YPL091W	0.86159
1115	YLR220W	0.86157
1116	YLR342W	0.86153
1117	YER152C	0.86151
1118	YIL155C	0.8615
1119	YHR129C	0.86144
1120	YPR080W	0.86138
1121	YER003C	0.86137
1122	YOR142W	0.8613
1123	YLR055C	0.8613
1124	YLL058W	0.86126
1125	YOR004W	0.86125
1126	YER142C	0.86117
1127	YAR015W	0.86115
1128	YFR010W	0.86115
1129	YMR308C	0.86115
1130	YDR063W	0.86115
1131	YIL109C	0.86112
1132	YPL160W	0.86112
1133	YLR355C	0.86112
1134	YCL030C	0.86106
1135	YMR238W	0.86106
1136	YPL211W	0.86105
1137	YHR020W	0.86104
1138	YHR047C	0.86088
1139	YOR168W	0.86083
1140	YNL134C	0.86073
1141	YLR259C	0.86067
1142	YFL053W	0.86064
1143	YGR032W	0.86058
1144	YMR022W	0.86057
1145	YDL103C	0.86053
1146	YPL231W	0.86051
1147	YEL038W	0.86044
1148	YNL021W	0.86042
1149	YIR012W	0.86042
1150	YKR066C	0.86036
1151	YDR002W	0.86033
1152	YER070W	0.86029
1153	YGR204W	0.86024
1154	YMR272C	0.86018
1155	YBR035C	0.86015
1156	YGR279C	0.86013
1157	YLR172C	0.86013
1158	YOR145C	0.86009
1159	YGR131W	0.86006
1160	YNR019W	0.86
1161	YEL032W	0.85998
1162	YHL018W	0.85996
1163	YDL212W	0.85979
1164	YKL213C	0.85977
1165	YBL040C	0.85977
1166	YOL157C	0.85977
1167	YBL003C	0.85963
1168	YLR214W	0.85962
1169	YDR225W	0.85961
1170	YNL138W	0.85958
1171	YBR210W	0.85955
1172	YER174C	0.85954
1173	YOR327C	0.85948
1174	YHR013C	0.85946
1175	YLL052C	0.85938
1176	YPR019W	0.85931
1177	YMR305C	0.85922
1178	YNL244C	0.8592
1179	YFL052W	0.85917
1180	YKL004W	0.8591
1181	YJL145W	0.85905
1182	YLL008W	0.85895
1183	YLR377C	0.85893
1184	YGR234W	0.85891
1185	YOL125W	0.85888
1186	YER143W	0.85886
1187	YDR490C	0.85885
1188	YJL221C	0.85883
1189	YIL172C	0.85883
1190	YML087C	0.85881
1191	YPR128C	0.85878
1192	YEL059C-A	0.85869
1193	YBL023C	0.85866
1194	YAL012W	0.8586
1195	YBL105C	0.85857
1196	YMR105C	0.85855
1197	YIL108W	0.85849
1198	YHR148W	0.85849
1199	YDL080C	0.85848
1200	YNL130C	0.85846
1201	YDL208W	0.85845
1202	YNL237W	0.85841
1203	YGR287C	0.85836
1204	YGR244C	0.85834
1205	YOL154W	0.85832
1206	YOR095C	0.85832
1207	YJR096W	0.85832
1208	YHR063C	0.85831
1209	YPR081C	0.85831
1210	YGR031W	0.85831
1211	YML086C	0.8583
1212	YCR004C	0.8583
1213	YHL017W	0.85822
1214	YKL135C	0.85813
1215	YDR116C	0.85812
1216	YGR028W	0.8581
1217	YKL152C	0.8581
1218	YOR049C	0.85809
1219	YKL021C	0.85809
1220	YDR533C	0.858
1221	YBR073W	0.858
1222	YIL010W	0.85797
1223	YKR050W	0.85795
1224	YNR013C	0.85794
1225	YDR140W	0.85786
1226	YEL020C	0.85782
1227	YDL018C	0.85782
1228	YBR078W	0.85769
1229	YPL010W	0.85768
1230	YGR029W	0.85764
1231	YKL212W	0.85764
1232	YCR107W	0.85762
1233	YOR391C	0.8576
1234	YCR069W	0.85759
1235	YDR408C	0.85755
1236	YFR031C	0.85754
1237	YIR002C	0.85751
1238	YBL099W	0.85745
1239	YGR019W	0.85744
1240	YKR012C	0.85744
1241	YML014W	0.85738
1242	YIL094C	0.85729
1243	YHR039C	0.85728
1244	YDL036C	0.85727
1245	YGL190C	0.85727
1246	YOR246C	0.85724
1247	YIL145C	0.85722
1248	YDL236W	0.85707
1249	YBR015C	0.85694
1250	YJL143W	0.85694
1251	YJL124C	0.8569
1252	YIR027C	0.85687
1253	YLR129W	0.85684
1254	YDR378C	0.85683
1255	YIL066C	0.85681
1256	YOR316C	0.8567
1257	YGR094W	0.85666
1258	YDL138W	0.85665
1259	YFL018C	0.85659
1260	YAL007C	0.85655
1261	YLR188W	0.85655
1262	YEL071W	0.85654
1263	YOL092W	0.85641
1264	YEL001C	0.85638
1265	YOL124C	0.85636
1266	YGR092W	0.85632
1267	YDR438W	0.85632
1268	YJR103W	0.85602
1269	YFL028C	0.85599
1270	YKR009C	0.8559
1271	YGR048W	0.85588
1272	YMR262W	0.85583
1273	YLR138W	0.85577
1274	YNL087W	0.85567
1275	YLR175W	0.85566
1276	YJR070C	0.85564
1277	YML068W	0.85562
1278	YOR358W	0.85559
1279	YPR004C	0.85549
1280	YLR304C	0.85548
1281	YLR203C	0.85547
1282	YGL009C	0.85545
1283	YDL147W	0.85536
1284	YLR429W	0.85536
1285	YGL206C	0.85535
1286	YKL156W	0.85534
1287	YPL212C	0.85528
1288	YOL068C	0.85525
1289	YMR244W	0.85525
1290	YLL029W	0.85514
1291	YJL087C	0.85512
1292	YHR123W	0.85509
1293	YJL153C	0.85509
1294	YBR153W	0.85508
1295	YOR217W	0.85506
1296	YML126C	0.85506
1297	YDL124W	0.85498
1298	YJL002C	0.85497
1299	YOR250C	0.8549
1300	YOL065C	0.85483
1301	YNL072W	0.85483
1302	YOR027W	0.85481
1303	YFR006W	0.85481
1304	YDL132W	0.8548
1305	YMR170C	0.85477
1306	YDL135C	0.85474
1307	YDR148C	0.85466
1308	YPR056W	0.85465
1309	YOR209C	0.85464
1310	YHR170W	0.8546
1311	YOL012C	0.85453
1312	YDR368W	0.85443
1313	YOR110W	0.8544
1314	YDR112W	0.85438
1315	YBR069C	0.85437
1316	YBR291C	0.85434
1317	YER006W	0.85432
1318	YBR208C	0.85429
1319	YPL280W	0.8542
1320	YNL148C	0.85418
1321	YGR012W	0.85417
1322	YPL237W	0.85404
1323	YBR052C	0.85404
1324	YJL155C	0.85403
1325	YAL016W	0.854
1326	YDR331W	0.854
1327	YML101C	0.85398
1328	YGR271W	0.85398
1329	YMR083W	0.85397
1330	YKR040C	0.85392
1331	YOL129W	0.85391
1332	YGL262W	0.85388
1333	YPL153C	0.85385
1334	YML052W	0.85384
1335	YKR056W	0.85382
1336	YKL191W	0.85373
1337	YMR322C	0.8537
1338	YBL089W	0.85362
1339	YLR410W	0.8536
1340	YKL114C	0.85358
1341	YBR155W	0.85358
1342	YOR151C	0.85355
1343	YOR034C	0.85355
1344	YDR009W	0.85351
1345	YOL090W	0.85351
1346	YLR307W	0.85348
1347	YPL170W	0.85344
1348	YHR031C	0.85342
1349	YGL207W	0.85337
1350	YLR189C	0.85334
1351	YKL013C	0.85332
1352	YFR051C	0.85325
1353	YPL012W	0.85324
1354	YHR112C	0.85322
1355	YDR483W	0.85321
1356	YGL106W	0.85321
1357	YOL062C	0.85316
1358	YDR539W	0.85312
1359	YER065C	0.85312
1360	YBR183W	0.8531
1361	YBL068W-A	0.85307
1362	YLR027C	0.85305
1363	YPL236C	0.85301
1364	YDR100W	0.85297
1365	YJL060W	0.85296
1366	YJL130C	0.85295
1367	YMR250W	0.85288
1368	YMR278W	0.85287
1369	YDR127W	0.85286
1370	YKL059C	0.85283
1371	YBL011W	0.85265
1372	YER044C	0.85262
1373	YNL065W	0.8526
1374	YOR332W	0.85258
1375	YPR025C	0.85257
1376	YKL029C	0.85256
1377	YDR032C	0.85253
1378	YKL120W	0.85246
1379	YKL060C	0.85241
1380	YNR011C	0.85241
1381	YHR046C	0.85241
1382	YMR215W	0.85237
1383	YBR023C	0.85236
1384	YMR027W	0.85235
1385	YCR034W	0.85235
1386	YPR088C	0.85232
1387	YLR324W	0.85229
1388	YOR048C	0.85227
1389	YOR306C	0.85224
1390	YMR006C	0.85221
1391	YLR351C	0.85217
1392	YER175C	0.85215
1393	YOR006C	0.85212
1394	YNL287W	0.85208
1395	YBR177C	0.85201
1396	YGR288W	0.85198
1397	YML131W	0.85195
1398	YPR111W	0.85194
1399	YHR111W	0.8519
1400	YDR084C	0.85186
1401	YJR016C	0.85182
1402	YOR040W	0.85177
1403	YNL056W	0.85175
1404	YNL259C	0.85171
1405	YGR173W	0.85164
1406	Q0085	0.85162
1407	YKL080W	0.85153
1408	YOL142W	0.85149
1409	YOR074C	0.85148
1410	YHR173C	0.85144
1411	YOR103C	0.85144
1412	YPL122C	0.85143
1413	YJL079C	0.85138
1414	YNR065C	0.85137
1415	YNL220W	0.85132
1416	YLR167W	0.85127
1417	YDR051C	0.85124
1418	YHR210C	0.85118
1419	YLR409C	0.85111
1420	YAL044W-A	0.85111
1421	YDR280W	0.85105
1422	YKL163W	0.85099
1423	YMR220W	0.85099
1424	YML035C	0.85097
1425	YPR180W	0.85092
1426	YLR251W	0.85088
1427	YLR378C	0.85079
1428	YKL084W	0.85075
1429	YOR304W	0.85075
1430	YNL312W	0.85074
1431	YDR415C	0.85069
1432	YDR055W	0.85062
1433	YIL114C	0.85054
1434	YER183C	0.85051
1435	YFL002C	0.8505
1436	YPL043W	0.85046
1437	YGL148W	0.85043
1438	YEL047C	0.8504
1439	YJL024C	0.85034
1440	YAL030W	0.85033
1441	YOR243C	0.85026
1442	YAL022C	0.85026
1443	YDR167W	0.85024
1444	Q0250	0.85022
1445	YER176W	0.85015
1446	YAR023C	0.85015
1447	YHR189W	0.85014
1448	YLR262C	0.85014
1449	YCR101C	0.85012
1450	YOL147C	0.85012
1451	YHR142W	0.8501
1452	YNL023C	0.85007
1453	YAL036C	0.85002
1454	YKL126W	0.84997
1455	YNL223W	0.84986
1456	YGL055W	0.84979
1457	YPL113C	0.84975
1458	YOR367W	0.84971
1459	YMR260C	0.84968
1460	YFL022C	0.84966
1461	YMR296C	0.84963
1462	YKL144C	0.84962
1463	YIL013C	0.84959
1464	YGR254W	0.84952
1465	YCR051W	0.84949
1466	YNL066W	0.84943
1467	YPL013C	0.84939
1468	YLR056W	0.84939
1469	YJL190C	0.84934
1470	YER017C	0.84934
1471	YPR167C	0.84929
1472	YKR013W	0.84925
1473	YBR092C	0.84924
1474	YGR125W	0.84924
1475	YMR113W	0.84924
1476	YBL032W	0.84923
1477	YDR487C	0.84923
1478	YNR046W	0.8492
1479	YDL238C	0.84913
1480	YPL171C	0.84912
1481	YHL026C	0.84909
1482	YJL116C	0.84908
1483	YBR058C	0.84906
1484	YPR127W	0.84902
1485	YGR095C	0.84899
1486	YJL160C	0.84889
1487	YDL145C	0.84886
1488	YLR343W	0.84885
1489	YFR021W	0.84884
1490	YDR398W	0.84881
1491	YER136W	0.84871
1492	YOR222W	0.84866
1493	YNL207W	0.84865
1494	YLR222C	0.8486
1495	YER013W	0.84859
1496	YOL119C	0.84855
1497	YLR253W	0.84853
1498	YPL187W	0.8485
1499	YMR093W	0.84848
1500	YLR367W	0.84847
1501	YKR051W	0.84844
1502	YMR224C	0.84842
1503	YPL207W	0.8484
1504	YGL122C	0.8484
1505	YLR451W	0.84839
1506	YNL141W	0.84837
1507	YHR033W	0.84835
1508	YDL093W	0.84832
1509	YOL011W	0.8483
1510	YKL008C	0.84828
1511	YPL240C	0.84826
1512	YLR243W	0.84824
1513	YGR004W	0.84822
1514	YDR399W	0.8482
1515	YOR335C	0.84809
1516	YDL185W	0.848
1517	YNR074C	0.84796
1518	YCR023C	0.84776
1519	YJR107W	0.8476
1520	YDR287W	0.84758
1521	YNR071C	0.84755
1522	YDL079C	0.84751
1523	YGL040C	0.84748
1524	YKL182W	0.8474
1525	YKR102W	0.84737
1526	YBR214W	0.84719
1527	YHR048W	0.84712
1528	YIL075C	0.84707
1529	YGR021W	0.84706
1530	YHL015W	0.84705
1531	YCR053W	0.84704
1532	YML094W	0.84701
1533	YBR002C	0.84699
1534	YBR236C	0.84686
1535	YMR194C-B	0.84683
1536	YMR306W	0.84677
1537	YLL023C	0.84674
1538	YOL020W	0.84665
1539	YPL134C	0.84661
1540	YMR092C	0.84659
1541	YML090W	0.84658
1542	YJR131W	0.8465
1543	YKL003C	0.84644
1544	YLR382C	0.84642
1545	YLR008C	0.84638
1546	YLR369W	0.84637
1547	YDR502C	0.84628
1548	YLR412W	0.84625
1549	YDL051W	0.84624
1550	YGL240W	0.84623
1551	YHR021C	0.84621
1552	YDR514C	0.8462
1553	YDR392W	0.84619
1554	YNL326C	0.84613
1555	YGL245W	0.84612
1556	YMR186W	0.84601
1557	YBL102W	0.84597
1558	YER134C	0.84591
1559	YNR016C	0.84589
1560	YDL194W	0.84577
1561	YDR453C	0.84576
1562	YBL018C	0.84572
1563	YMR089C	0.84572
1564	YOR311C	0.8457
1565	YCR005C	0.8457
1566	YOR120W	0.84561
1567	YOR109W	0.84558
1568	YLR340W	0.84558
1569	YGR203W	0.84555
1570	YBL106C	0.84553
1571	YPL183C	0.8455
1572	YLR074C	0.8455
1573	YLR100W	0.84549
1574	YOR036W	0.84549
1575	YBL056W	0.84545
1576	YDR481C	0.84542
1577	YEL052W	0.84542
1578	YOR374W	0.8454
1579	YBR166C	0.84537
1580	YDR098C	0.84524
1581	YPR038W	0.84524
1582	YML054C	0.84523
1583	YEL056W	0.84519
1584	YBR053C	0.84508
1585	YBR139W	0.84499
1586	YLR231C	0.84499
1587	YJR032W	0.84499
1588	Q0050	0.84498
1589	YDR105C	0.84494
1590	YDR243C	0.84493
1591	YAL009W	0.84492
1592	YPR188C	0.84491
1593	YMR304W	0.84489
1594	YPR092W	0.84482
1595	YBR037C	0.84481
1596	YDR236C	0.84474
1597	YHR174W	0.8447
1598	YBR162C	0.84468
1599	YMR268C	0.84465
1600	YGL208W	0.8446
1601	YHR181W	0.8446
1602	YPR153W	0.84458
1603	YKL051W	0.84455
1604	YBR025C	0.84454
1605	YLR390W	0.84453
1606	YLR038C	0.84446
1607	YGR292W	0.84434
1608	YER039C-A	0.84431
1609	YCL075W	0.8443
1610	YIR008C	0.84429
1611	YOL130W	0.84427
1612	YKL151C	0.84426
1613	YLR276C	0.84425
1614	YCR012W	0.84423
1615	YLL009C	0.84423
1616	YMR132C	0.84421
1617	YLL018C-A	0.84419
1618	YPL214C	0.84409
1619	YGR262C	0.84405
1620	YDR411C	0.84404
1621	YKR001C	0.84402
1622	YKL160W	0.844
1623	YOR356W	0.8439
1624	YMR096W	0.84385
1625	YBL002W	0.84384
1626	YMR001C	0.84381
1627	YOR394W	0.84377
1628	YPL282C	0.84377
1629	YPR201W	0.84375
1630	YHR179W	0.84371
1631	YLR180W	0.84369
1632	YDL042C	0.84368
1633	YLR179C	0.84365
1634	YDR050C	0.84364
1635	YGL114W	0.84354
1636	YIL099W	0.84352
1637	YDR035W	0.84348
1638	YIR029W	0.84346
1639	YJL052W	0.84345
1640	YOR341W	0.84339
1641	YMR101C	0.84338
1642	YJR104C	0.84335
1643	YOR172W	0.84334
1644	YGL020C	0.84323
1645	YKR024C	0.8432
1646	YLR108C	0.84319
1647	YOR003W	0.84315
1648	YLR286C	0.84314
1649	YKL193C	0.84314
1650	YBR180W	0.84313
1651	YBR111C	0.84312
1652	YEL004W	0.84311
1653	YCR075C	0.8431
1654	YER074W-A	0.8431
1655	YDR013W	0.84308
1656	YPR011C	0.84308
1657	YLR099C	0.84307
1658	YJR014W	0.84305
1659	YDL141W	0.84303
1660	YBR003W	0.84302
1661	YBR299W	0.843
1662	YLR197W	0.8429
1663	YCR102C	0.84286
1664	YNR027W	0.8428
1665	YNL037C	0.84273
1666	YLR210W	0.84268
1667	YPL220W	0.84261
1668	YGL135W	0.84261
1669	YNR034W-A	0.84249
1670	YKL091C	0.84248
1671	YPL157W	0.84239
1672	YKR042W	0.84239
1673	YBR221W-A	0.84229
1674	YFL001W	0.84225
1675	YGR199W	0.84222
1676	YPR157W	0.84213
1677	YDL092W	0.84209
1678	YML010W	0.84207
1679	YNL240C	0.84204
1680	YPL184C	0.84201
1681	YKL197C	0.84198
1682	YKL053C-A	0.84194
1683	YPR107C	0.84193
1684	YHR213W	0.8419
1685	YAR062W	0.8419
1686	YNL007C	0.84186
1687	YJL179W	0.84184
1688	YDR188W	0.84184
1689	YDR121W	0.84179
1690	YMR196W	0.84175
1691	YDL123W	0.84175
1692	YHR191C	0.84169
1693	YLR218C	0.84166
1694	YNL071W	0.84165
1695	YGL101W	0.84154
1696	YJR010C-A	0.84153
1697	YDR224C	0.84149
1698	YPL262W	0.84149
1699	YBL082C	0.84133
1700	YOR370C	0.84132
1701	YIL169C	0.84131
1702	YML038C	0.84123
1703	YJL125C	0.84122
1704	YDR191W	0.84119
1705	YGR141W	0.84116
1706	YGL202W	0.84115
1707	YIL014W	0.84113
1708	YBR014C	0.84112
1709	YLR120C	0.84112
1710	YLR285W	0.84108
1711	YDR234W	0.84107
1712	YMR099C	0.84093
1713	YGL126W	0.84091
1714	YGL205W	0.8409
1715	YGR063C	0.84089
1716	YGL105W	0.84087
1717	YPL004C	0.84085
1718	YLR426W	0.84083
1719	YDR513W	0.84074
1720	YHR168W	0.84073
1721	YDL072C	0.8407
1722	YNL055C	0.84065
1723	YFL050C	0.84064
1724	YDR019C	0.84064
1725	YGL037C	0.84059
1726	YOR207C	0.84058
1727	YFL030W	0.84057
1728	YFR030W	0.84055
1729	YGR189C	0.84054
1730	YMR214W	0.84052
1731	YER066W	0.84052
1732	YLR181C	0.84048
1733	YJR040W	0.84047
1734	YJR009C	0.84042
1735	YOR253W	0.84034
1736	YFR050C	0.84032
1737	YKL085W	0.84029
1738	YAL039C	0.84029
1739	YAL035W	0.84029
1740	YNL229C	0.84011
1741	YNL181W	0.8401
1742	YMR057C	0.84007
1743	YOR184W	0.84003
1744	YJL080C	0.84
1745	YML072C	0.83998
1746	YHR003C	0.83998
1747	YCR002C	0.83995
1748	YBR041W	0.83994
1749	YOR285W	0.83993
1750	YHR211W	0.83993
1751	YBR267W	0.83989
1752	YDR525W-A	0.83986
1753	YNR015W	0.83984
1754	YBL001C	0.83984
1755	YKL037W	0.83984
1756	YLR460C	0.8398
1757	YIL100C-A	0.83974
1758	YJL088W	0.83973
1759	YPL119C-A	0.83972
1760	YML065W	0.8397
1761	YOL077C	0.83963
1762	YJL159W	0.83958
1763	YBL108W	0.83955
1764	YKR084C	0.83953
1765	YOL034W	0.83939
1766	YGR024C	0.83933
1767	YKR014C	0.83931
1768	YGL030W	0.8393
1769	YCR060W	0.83926
1770	YAL021C	0.83921
1771	YMR167W	0.83918
1772	YPR120C	0.83918
1773	YDL193W	0.83917
1774	YPR028W	0.83916
1775	YLR364W	0.8391
1776	YDL200C	0.83909
1777	YEL036C	0.83906
1778	YER164W	0.83898
1779	YHR037W	0.83896
1780	YDR459C	0.83896
1781	YBR198C	0.83888
1782	YDR522C	0.83887
1783	YLR372W	0.83886
1784	YMR139W	0.83883
1785	YKR055W	0.83881
1786	YPR032W	0.83879
1787	YPL227C	0.83876
1788	YKL221W	0.83874
1789	YGR172C	0.83869
1790	YKL202W	0.83866
1791	YOL153C	0.83863
1792	YMR182W-A	0.83853
1793	YCL043C	0.8385
1794	YDR352W	0.83844
1795	YOR162C	0.83844
1796	YOR165W	0.83843
1797	YMR063W	0.83843
1798	YMR197C	0.83842
1799	YER091C	0.83837
1800	YHR202W	0.83837
1801	YDL090C	0.83826
1802	YPR034W	0.83826
1803	YOR175C	0.83825
1804	YLR255C	0.83817
1805	YCR106W	0.83814
1806	YJR064W	0.8381
1807	YML077W	0.83809
1808	YOR239W	0.83797
1809	YCR020C	0.83796
1810	YAR050W	0.83794
1811	YOR295W	0.83794
1812	YOL073C	0.83792
1813	YGL154C	0.83792
1814	YBR254C	0.83792
1815	YLR338W	0.83791
1816	YLL041C	0.8379
1817	YDL110C	0.83788
1818	YIR037W	0.83786
1819	YPR186C	0.83785
1820	YKR067W	0.83784
1821	YEL037C	0.83782
1822	YER172C	0.83782
1823	YIL102C	0.83777
1824	YBR149W	0.83777
1825	YDR109C	0.83774
1826	YHR100C	0.83773
1827	YIL123W	0.83772
1828	YOR119C	0.83769
1829	YGL004C	0.83769
1830	YGR192C	0.83765
1831	YDR276C	0.83762
1832	YJR071W	0.83759
1833	YPR010C	0.83759
1834	YLR345W	0.83757
1835	YCL059C	0.83755
1836	YJL093C	0.83751
1837	YPR140W	0.83747
1838	YGR276C	0.83742
1839	YKR095W-A	0.83741
1840	YDR305C	0.83738
1841	YGR144W	0.83735
1842	YOR039W	0.8373
1843	YKL030W	0.83728
1844	YKL081W	0.83728
1845	YPL059W	0.8372
1846	YKL098W	0.83719
1847	YJL158C	0.83715
1848	YJL172W	0.83706
1849	YDR492W	0.837
1850	YBL017C	0.837
1851	YLR014C	0.83698
1852	YMR145C	0.83697
1853	YBR112C	0.83691
1854	YKL028W	0.83689
1855	YOR310C	0.83687
1856	YPR002W	0.83679
1857	YDR144C	0.83679
1858	YLR375W	0.83679
1859	YLR286W-A	0.83678
1860	YGR121W-A	0.83676
1861	YER162C	0.8367
1862	YAL063C	0.83664
1863	YJR084W	0.83664
1864	YLL036C	0.83659
1865	YLL034C	0.83658
1866	YGR187C	0.83658
1867	YKR104W	0.83656
1868	YOR079C	0.83642
1869	YOL093W	0.83641
1870	YDR211W	0.83637
1871	YFR032C	0.83636
1872	YJR129C	0.83634
1873	YNL280C	0.83633
1874	YJR121W	0.83631
1875	YJR151C	0.8363
1876	YAR018C	0.83627
1877	YCL001W-B	0.83626
1878	YER168C	0.83623
1879	YDL118W	0.83617
1880	YPL002C	0.83617
1881	YOL006C	0.83615
1882	YFL015C	0.83615
1883	YFR005C	0.83615
1884	YMR251W	0.83612
1885	YBL007C	0.83611
1886	YLR149C-A	0.83609
1887	YJR133W	0.83605
1888	YHR089C	0.83596
1889	YDR441C	0.83595
1890	YNL106C	0.83594
1891	YLR399C	0.83593
1892	YJR132W	0.8359
1893	YNR012W	0.83587
1894	YGR277C	0.83586
1895	YBR116C	0.83586
1896	YBR103W	0.83585
1897	YLR446W	0.83582
1898	YMR253C	0.8358
1899	YMR123W	0.83577
1900	YMR306C-A	0.83575
1901	YKL002W	0.83571
1902	YJL077W-A	0.8357
1903	YDR094W	0.83569
1904	YJL081C	0.83566
1905	YKR017C	0.83564
1906	YNL082W	0.83564
1907	YKL022C	0.83561
1908	YLR174W	0.83561
1909	YER100W	0.83559
1910	YHR040W	0.83558
1911	YGR195W	0.83549
1912	YML070W	0.83532
1913	YDR324C	0.83532
1914	YJL222W	0.83519
1915	YBR237W	0.83515
1916	YKR088C	0.83508
1917	YDR083W	0.83502
1918	YLR078C	0.83497
1919	YNL184C	0.83495
1920	YDL190C	0.8349
1921	YHR165W-A	0.83488
1922	YJR149W	0.83488
1923	Q0120	0.83486
1924	YKL086W	0.83475
1925	YCR045C	0.83474
1926	YPR197C	0.8347
1927	YIL173W	0.83462
1928	YGR220C	0.83461
1929	YFL008W	0.83459
1930	YDR336W	0.83457
1931	YPL048W	0.83451
1932	YPR058W	0.83449
1933	YBR297W	0.83448
1934	YLR399W-A	0.83448
1935	YOR116C	0.83448
1936	YCL011C	0.83443
1937	YML028W	0.83442
1938	YIL068C	0.8344
1939	YLR405W	0.83433
1940	YDR452W	0.83424
1941	YPR190C	0.83419
1942	YFR048W	0.83419
1943	YPR147C	0.83414
1944	YBR018C	0.83413
1945	YLR389C	0.83411
1946	YNL175C	0.8341
1947	YHR034C	0.83408
1948	YHR104W	0.83405
1949	YOR292C	0.834
1950	YNL001W	0.83399
1951	YOR139C	0.83399
1952	YLR196W	0.83396
1953	YOL067C	0.83388
1954	YNR001C	0.83387
1955	YOR262W	0.83386
1956	YIL168W	0.83385
1957	YDR362C	0.83378
1958	YAR003W	0.83376
1959	YNL067W	0.83374
1960	YKL207W	0.83368
1961	Q0065	0.83365
1962	YDL011C	0.83359
1963	YOR007C	0.83346
1964	YPL127C	0.83345
1965	YBR093C	0.83341
1966	YKL066W	0.8334
1967	YIR040C	0.83332
1968	YDL227C	0.83329
1969	YKL009W	0.83328
1970	YHR215W	0.83326
1971	YGR061C	0.83326
1972	YNL243W	0.83324
1973	YPL131W	0.8332
1974	YMR265C	0.83316
1975	YDR067C	0.8331
1976	YPL088W	0.83307
1977	YMR180C	0.83305
1978	YNL313C	0.833
1979	YAL056C-A	0.83297
1980	YBR190W	0.83296
1981	YDR041W	0.8329
1982	YAR042W	0.83287
1983	YMR239C	0.83287
1984	YNL088W	0.83287
1985	YGR083C	0.83282
1986	YFR038W	0.83273
1987	YHR176W	0.83272
1988	YNR008W	0.8327
1989	YLR349W	0.83269
1990	YJL082W	0.83266
1991	YLR019W	0.83264
1992	YCR094W	0.83263
1993	YLR122C	0.83261
1994	YOR318C	0.83256
1995	YGL140C	0.83255
1996	YDR263C	0.83252
1997	YIL054W	0.8325
1998	YOL009C	0.8325
1999	YOR021C	0.83249
2000	YNR029C	0.83248
2001	YDR142C	0.83243
2002	YJL136C	0.83239
2003	YHR108W	0.83238
2004	YNL185C	0.83233
2005	YKR079C	0.83232
2006	YDL178W	0.83231
2007	YPR172W	0.8323
2008	YDR477W	0.83227
2009	YAR071W	0.83222
2010	YOL140W	0.83215
2011	YPR037C	0.83213
2012	YLR401C	0.83208
2013	YFL048C	0.83205
2014	YBR109W-A	0.83199
2015	YHR147C	0.83196
2016	YFR024C-A	0.83196
2017	YLR418C	0.83195
2018	YHR041C	0.83194
2019	YGR073C	0.83192
2020	YGR285C	0.8319
2021	YDR512C	0.83184
2022	YDR380W	0.83181
2023	YLR072W	0.83175
2024	YBR227C	0.83174
2025	YJL065C	0.83167
2026	YHR187W	0.83167
2027	YAL019W	0.83166
2028	YBL096C	0.83166
2029	YJR144W	0.8316
2030	YBR283C	0.83159
2031	YBR101C	0.83159
2032	YPR161C	0.83158
2033	YIL156W-B	0.83155
2034	YDR530C	0.83151
2035	YPR178W	0.83148
2036	YBR223C	0.8314
2037	YOR261C	0.8314
2038	YER120W	0.83136
2039	YLR124W	0.83128
2040	YOR020C	0.8312
2041	YNL129W	0.83118
2042	YOR065W	0.83111
2043	YMR225C	0.8311
2044	YNL022C	0.8311
2045	YPR159W	0.8311
2046	YLR066W	0.83107
2047	YGR229C	0.83099
2048	YNL096C	0.83098
2049	YLR212C	0.83097
2050	YLR140W	0.83092
2051	YDL187C	0.8309
2052	YBR226C	0.8309
2053	YIL106W	0.83087
2054	YDR429C	0.83087
2055	YFL044C	0.83086
2056	YML084W	0.83085
2057	YPL117C	0.83082
2058	YGR245C	0.83077
2059	YFL042C	0.83075
2060	YDR164C	0.83065
2061	YIL126W	0.83057
2062	YOR291W	0.83056
2063	YOR307C	0.83052
2064	YDL023C	0.83052
2065	YLR275W	0.83049
2066	YMR062C	0.83047
2067	YDL017W	0.83044
2068	YMR143W	0.83043
2069	YDL083C	0.83043
2070	YPR118W	0.8304
2071	YDL205C	0.83037
2072	YPR108W-A	0.83037
2073	YDR274C	0.83036
2074	YNL075W	0.83033
2075	YHR131W-A	0.83018
2076	YER010C	0.83017
2077	YNL163C	0.83016
2078	YDR056C	0.83015
2079	YJR013W	0.83012
2080	YIL008W	0.83012
2081	YGL260W	0.83011
2082	YDR468C	0.83011
2083	YEL029C	0.8301
2084	YBR039W	0.83008
2085	YJL078C	0.83003
2086	YDL078C	0.83001
2087	YGL212W	0.82996
2088	YGL156W	0.82994
2089	YMR086C-A	0.8299
2090	YLR449W	0.82983
2091	YOR016C	0.82982
2092	YJR010W	0.82977
2093	YOR376W-A	0.82977
2094	YHR095W	0.82971
2095	YDL109C	0.82968
2096	YNL020C	0.82966
2097	YCR013C	0.82956
2098	YLR117C	0.82956
2099	YBR096W	0.82953
2100	YKL154W	0.82953
2101	YOR206W	0.82953
2102	YGL024W	0.82946
2103	YFL054C	0.82945
2104	YPR137W	0.82939
2105	YER156C	0.82938
2106	YMR310C	0.82935
2107	YEL003W	0.82934
2108	YLR246W	0.82934
2109	YKL103C	0.82914
2110	YIL051C	0.82912
2111	YLL012W	0.8291
2112	YJR154W	0.82907
2113	YJR141W	0.82906
2114	YEL054C	0.82898
2115	YDR418W	0.82898
2116	YNL101W	0.82892
2117	YGL147C	0.82888
2118	YLR361C	0.82887
2119	YAR019W-A	0.82884
2120	YDR170C	0.82879
2121	YBR175W	0.82879
2122	YOL115W	0.82878
2123	YHR005C-A	0.82877
2124	YHR028W-A	0.82869
2125	YJR137C	0.82866
2126	YBR207W	0.82859
2127	YLR272C	0.82858
2128	YBL098W	0.82857
2129	YKL117W	0.82856
2130	YOR082C	0.82855
2131	YHR193C	0.82848
2132	YGL044C	0.82845
2133	YIR013C	0.82845
2134	YIL047C	0.82844
2135	YHR088W	0.82841
2136	YJL210W	0.82834
2137	YGL232W	0.82826
2138	YMR245W	0.82818
2139	Q0105	0.82816
2140	YIL142C-A	0.82815
2141	YMR290W-A	0.82814
2142	YMR162C	0.82814
2143	YER119C-A	0.8281
2144	YDL096C	0.82801
2145	YGR133W	0.82794
2146	YFR035C	0.82788
2147	YGL050W	0.82785
2148	YDL085W	0.82778
2149	YLR089C	0.82771
2150	YGR266W	0.8276
2151	YKL017C	0.82759
2152	YGL196W	0.82756
2153	YKR062W	0.82752
2154	YLL015W	0.82751
2155	YGR214W	0.82751
2156	YPR077C	0.82751
2157	YPR073C	0.82751
2158	YNL067W-B	0.8275
2159	YML082W	0.82745
2160	YJR117W	0.82742
2161	YGL259W	0.82742
2162	YIL016W	0.82741
2163	YNR062C	0.82734
2164	YLL011W	0.82732
2165	YDR061W	0.8273
2166	YEL053W-A	0.82729
2167	YOR029W	0.82723
2168	YHR073C-B	0.82721
2169	YOR213C	0.82721
2170	YOL061W	0.82718
2171	YMR200W	0.82717
2172	YJR085C	0.82716
2173	YGL095C	0.82716
2174	YDR364C	0.82714
2175	YHR207C	0.82712
2176	YAL067W-A	0.8271
2177	YLR022C	0.82709
2178	YPL179W	0.82706
2179	YLR083C	0.82704
2180	YLR386W	0.82704
2181	YDL217C	0.82703
2182	YER082C	0.82702
2183	YOR034C-A	0.82699
2184	YKR081C	0.82694
2185	YML005W	0.82692
2186	YKR074W	0.82691
2187	YOR200W	0.82687
2188	YKL070W	0.82686
2189	YJL200C	0.82683
2190	YCR100C	0.82682
2191	YPR053C	0.82682
2192	YLL014W	0.8268
2193	YHL039W	0.82678
2194	YIL062C	0.82677
2195	YGL033W	0.82675
2196	YGR086C	0.82674
2197	YGL198W	0.82668
2198	YGL074C	0.82666
2199	YBR146W	0.82664
2200	YHR213W-B	0.82664
2201	YNL305C	0.82662
2202	YLR413W	0.8266
2203	YOL008W	0.82656
2204	YOR345C	0.8265
2205	YIR019C	0.82646
2206	YGR107W	0.82644
2207	YKL223W	0.82642
2208	YMR038C	0.82637
2209	YPR144C	0.82637
2210	YGR263C	0.82636
2211	YJL117W	0.82627
2212	YOR298C-A	0.82623
2213	YBR062C	0.8262
2214	YPL217C	0.82619
2215	YGL028C	0.82618
2216	YJL005W	0.82614
2217	YFR025C	0.82605
2218	YGR093W	0.82601
2219	YDL022C-A	0.826
2220	YCR075W-A	0.82593
2221	YNL246W	0.82589
2222	YDR537C	0.82588
2223	YLR339C	0.82586
2224	YKR057W	0.82585
2225	YML004C	0.82584
2226	YKR070W	0.82583
2227	YML074C	0.82583
2228	YLL027W	0.82581
2229	YPL133C	0.82581
2230	YOR164C	0.82574
2231	YHR121W	0.82574
2232	YIL153W	0.82573
2233	YDR256C	0.82571
2234	YCR044C	0.8257
2235	YAR064W	0.82568
2236	YPR112C	0.82568
2237	YJR125C	0.82567
2238	YHR201C	0.82562
2239	YOR265W	0.82561
2240	YFL034C-B	0.82561
2241	YJR130C	0.8256
2242	YAR075W	0.8256
2243	YLR020C	0.82555
2244	YPL239W	0.82554
2245	YMR020W	0.82554
2246	YDR114C	0.82551
2247	YGL242C	0.82547
2248	YGL053W	0.82541
2249	YJL052C-A	0.8254
2250	YMR272W-B	0.82536
2251	YLL048C	0.82536
2252	YIL039W	0.82533
2253	YOR274W	0.82531
2254	YJR078W	0.8253
2255	YGL166W	0.82528
2256	YKR076W	0.82523
2257	YIL125W	0.8252
2258	YHR001W	0.82519
2259	YNL121C	0.82519
2260	YGL069C	0.82515
2261	YMR263W	0.82512
2262	YCR087C-A	0.8251
2263	YFL034W	0.8251
2264	YBR070C	0.82508
2265	YPR094W	0.82506
2266	YOL023W	0.82505
2267	YNR041C	0.82504
2268	YDL171C	0.82501
2269	YDL031W	0.825
2270	YDR338C	0.82493
2271	YER001W	0.82488
2272	YNR051C	0.82488
2273	YDR523C	0.82488
2274	YJL074C	0.82486
2275	YDR292C	0.82475
2276	YNL045W	0.82475
2277	YOL114C	0.82474
2278	YLL059C	0.82467
2279	YKL031W	0.82462
2280	YFL004W	0.8246
2281	YNL321W	0.82455
2282	YOR369C	0.82452
2283	YMR049C	0.82444
2284	YOR052C	0.8244
2285	YBR204C	0.82439
2286	YNL192W	0.82439
2287	YHR164C	0.82436
2288	YFL016C	0.82431
2289	YBR174C	0.82418
2290	YJL152W	0.82417
2291	YDR107C	0.82411
2292	YJR057W	0.8241
2293	YPL082C	0.82408
2294	YDL202W	0.82407
2295	YCR036W	0.824
2296	YIL015W	0.82399
2297	YDR306C	0.82391
2298	YDR117C	0.8239
2299	YGR047C	0.8239
2300	YEL002C	0.82386
2301	YPL147W	0.82384
2302	YML089C	0.82383
2303	YDL215C	0.82381
2304	YCL050C	0.82378
2305	YML098W	0.82373
2306	YMR041C	0.8237
2307	YOL064C	0.8237
2308	YJR128W	0.82369
2309	YML121W	0.82368
2310	YPL087W	0.82367
2311	YMR324C	0.82358
2312	YIL083C	0.82354
2313	YLR317W	0.82346
2314	YNL059C	0.82336
2315	YHR072W	0.82335
2316	YGR176W	0.82335
2317	YIL063C	0.82335
2318	YGR181W	0.82327
2319	YCL023C	0.82317
2320	YDR320W-B	0.82315
2321	YFR027W	0.82314
2322	YPR196W	0.82314
2323	YNL040W	0.82314
2324	YBR094W	0.82313
2325	YGR283C	0.8231
2326	YPR170C	0.82307
2327	YHR002W	0.82305
2328	YMR254C	0.82299
2329	YDR284C	0.82299
2330	YGR050C	0.8229
2331	YGR295C	0.8229
2332	YGL165C	0.82287
2333	YBR091C	0.82281
2334	YHR028C	0.82279
2335	YOL113W	0.82277
2336	YPR119W	0.82274
2337	YOR050C	0.82269
2338	YER188W	0.82267
2339	YGL143C	0.82265
2340	YDR346C	0.82263
2341	YLR383W	0.8226
2342	YLR086W	0.82258
2343	YJL168C	0.82255
2344	YER163C	0.82252
2345	YHR178W	0.82249
2346	YLR159W	0.82249
2347	YLR161W	0.82249
2348	YLR156W	0.82249
2349	YOR271C	0.82248
2350	YGL109W	0.82248
2351	YJR079W	0.82246
2352	YGL010W	0.82242
2353	YDL039C	0.82236
2354	YBR200W	0.8223
2355	YDL143W	0.82216
2356	YBL100C	0.82214
2357	YLR450W	0.82212
2358	YML100W-A	0.82209
2359	YAL064W-B	0.82206
2360	YEL020W-A	0.82204
2361	YNL203C	0.82202
2362	YEL035C	0.82201
2363	YER027C	0.82199
2364	YKR086W	0.82195
2365	YLL001W	0.82191
2366	YIR004W	0.8219
2367	YPL140C	0.82187
2368	YPL008W	0.82183
2369	YEL059W	0.82182
2370	YEL050C	0.82176
2371	YLL057C	0.82176
2372	YDR237W	0.82174
2373	YNL081C	0.82171
2374	YKL189W	0.8217
2375	YNL248C	0.82167
2376	YBR141W-A	0.82164
2377	YCR038W-A	0.82163
2378	YNR067C	0.82158
2379	YER049W	0.82157
2380	YGL238W	0.82157
2381	YHR205W	0.82153
2382	YDL068W	0.82152
2383	YMR105W-A	0.82147
2384	YOL098C	0.82147
2385	YIL113W	0.82133
2386	YGR082W	0.82129
2387	YHR161C	0.82127
2388	YGR026W	0.82124
2389	YGR232W	0.82121
2390	YER170W	0.82119
2391	YNL017C	0.82118
2392	YPR198W	0.82117
2393	YHR204W	0.82117
2394	YBR192W	0.82114
2395	YHR113W	0.82113
2396	Q0142	0.82102
2397	YOL150C	0.82101
2398	YBR134W	0.82098
2399	YNL292W	0.82098
2400	YCR084C	0.82095
2401	YNR075W	0.82093
2402	YLR178C	0.82092
2403	YIL059C	0.8209
2404	YIL033C	0.82088
2405	YBR084W	0.82086
2406	YPL164C	0.82086
2407	YOL060C	0.82083
2408	YBR199W	0.8208
2409	YOL096C	0.82075
2410	YAL048C	0.82069
2411	YNR052C	0.82066
2412	YLR118C	0.82061
2413	YLR048W	0.82061
2414	YDL034W	0.82055
2415	YMR276W	0.82055
2416	YDR400W	0.82054
2417	YML057C-A	0.82053
2418	YNL328C	0.82053
2419	YMR128W	0.82053
2420	YPL062W	0.82052
2421	YJL009W	0.82048
2422	YOR173W	0.82043
2423	YGR051C	0.82042
2424	YBR079C	0.8204
2425	YIL067C	0.82037
2426	YPR016W-A	0.82037
2427	YML055W	0.82037
2428	YLR145W	0.82028
2429	YPL025C	0.8202
2430	YIL046W	0.8202
2431	YDL040C	0.82019
2432	YCR006C	0.82017
2433	YDL008W	0.82017
2434	YER147C-A	0.8201
2435	YDR358W	0.82005
2436	YLR421C	0.82003
2437	YMR242W-A	0.82001
2438	YAL003W	0.81992
2439	YER088C-A	0.8199
2440	YGR078C	0.81988
2441	YOR335W-A	0.81987
2442	YOL010W	0.81986
2443	YAL058W	0.81985
2444	YER016W	0.81984
2445	YPR064W	0.81984
2446	YDR230W	0.81981
2447	YGR085C	0.8198
2448	YPR195C	0.81975
2449	YDL120W	0.81974
2450	YGL155W	0.81969
2451	YDR518W	0.81968
2452	YJR161C	0.81967
2453	YGL241W	0.81965
2454	YGR270C-A	0.81964
2455	YMR208W	0.81964
2456	YBR251W	0.81962
2457	YLR007W	0.81961
2458	YOR096W	0.81957
2459	YHR022C-A	0.81957
2460	YNL247W	0.81951
2461	YLR300W	0.81951
2462	YNL161W	0.81946
2463	YBR017C	0.81944
2464	YKL073W	0.81943
2465	YCL045C	0.81942
2466	YFL034C-A	0.81941
2467	YBR151W	0.81939
2468	YNL336W	0.81939
2469	YOR136W	0.81937
2470	YCR041W	0.81933
2471	YER014C-A	0.81932
2472	YGL068W	0.81931
2473	YCL038C	0.81928
2474	YPL222C-A	0.81925
2475	YLR296W	0.8192
2476	YML025C	0.81917
2477	YDL241W	0.81917
2478	YNL102W	0.81913
2479	YGR054W	0.81913
2480	YLR085C	0.81912
2481	YDL248W	0.81912
2482	YLR041W	0.81911
2483	YPR200C	0.8191
2484	YKL186C	0.81908
2485	YLR435W	0.81907
2486	YAL044C	0.81907
2487	YNL212W	0.81906
2488	YEL045C	0.819
2489	YDL177C	0.81896
2490	YBR125C	0.81896
2491	YKR032W	0.81895
2492	YLL043W	0.81891
2493	YAR028W	0.81889
2494	YNL025C	0.81889
2495	YOL052C	0.81888
2496	YLR464W	0.81883
2497	YEL076C-A	0.81883
2498	YNL293W	0.81881
2499	YDR257C	0.81879
2500	YOR176W	0.81876
2501	YGL104C	0.81875
2502	YLR306W	0.81873
2503	YJL163C	0.81869
2504	YMR218C	0.81866
2505	YHR194W	0.81864
2506	YDR165W	0.81863
2507	YHR180W-A	0.81862
2508	YHR071C-A	0.81862
2509	YMR088C	0.81859
2510	YLR157W-E	0.81857
2511	YLL037W	0.81856
2512	YOR268C	0.81851
2513	YMR104C	0.81844
2514	YIR015W	0.81843
2515	YLR379W	0.81842
2516	YPL110C	0.81837
2517	YNL043C	0.81833
2518	YAL046C	0.81829
2519	YNL155W	0.81829
2520	YDL037C	0.81828
2521	YNL238W	0.81827
2522	YDL104C	0.81823
2523	YDL041W	0.81821
2524	YHR052W-A	0.81821
2525	YHR054W-A	0.81821
2526	YOR280C	0.8182
2527	YBR110W	0.81817
2528	YDR436W	0.81814
2529	YCL054W	0.81814
2530	YDR534C	0.81813
2531	YGL173C	0.81813
2532	YNL153C	0.81812
2533	YDR488C	0.81811
2534	YBR144C	0.8181
2535	YAR031W	0.81806
2536	YIL002C	0.81806
2537	YML115C	0.81802
2538	YBR056W	0.81797
2539	YNR017W	0.81796
2540	YER029C	0.81794
2541	YGR001C	0.81793
2542	YOR077W	0.81792
2543	YDL218W	0.81788
2544	YGL258W-A	0.81787
2545	YHL008C	0.81787
2546	YAL016C-A	0.81786
2547	YLR215C	0.81786
2548	YDR510C-A	0.81785
2549	YOR118W	0.81783
2550	YCR096C	0.8178
2551	YDR209C	0.81778
2552	YEL008W	0.81777
2553	YMR127C	0.8177
2554	YER014W	0.8177
2555	YGL184C	0.8177
2556	YMR155W	0.8177
2557	YIL147C	0.8177
2558	YJL151C	0.81767
2559	YPR014C	0.81765
2560	YML122C	0.81764
2561	YLR318W	0.81763
2562	YDR464C-A	0.8176
2563	YHR024C	0.8176
2564	YMR277W	0.81758
2565	YFL021C-A	0.81756
2566	YML031C-A	0.81755
2567	YIR039C	0.81754
2568	YLR452C	0.81753
2569	YOR072W	0.81753
2570	YBR302C	0.81746
2571	YML132W	0.81746
2572	YPR133C	0.81743
2573	YMR272W-A	0.81743
2574	YGL181W	0.81742
2575	YFR041C	0.81741
2576	YOR277C	0.81741
2577	YIR043C	0.81737
2578	YDL159C-B	0.81737
2579	YEL076C	0.81737
2580	YMR150C	0.81723
2581	YGR103W	0.81723
2582	YJL064W	0.81716
2583	YLR065C	0.81714
2584	YOR390W	0.81712
2585	YOR181W	0.81706
2586	YLR021W	0.81704
2587	YGL003C	0.81703
2588	YLR003C	0.817
2589	YMR149W	0.81698
2590	YDR506C	0.81695
2591	YNL049C	0.8169
2592	YGR146C-A	0.81688
2593	YKR003W	0.81685
2594	YDL162C	0.8168
2595	YGL019W	0.81679
2596	YIR018C-A	0.81676
2597	YLL039C	0.81675
2598	YOR183W	0.8167
2599	YCR079W	0.81669
2600	YMR031W-A	0.81663
2601	YGL118C	0.81661
2602	YGL258W	0.8166
2603	YGL236C	0.8166
2604	YHR032C-A	0.8166
2605	YIR036W-A	0.81654
2606	YJR005W	0.81654
2607	YMR229C	0.81653
2608	YDL019C	0.81653
2609	YBR167C	0.81647
2610	YGL179C	0.81639
2611	YNL324W	0.81639
2612	YOR056C	0.81638
2613	YER116C	0.81638
2614	YIL082W-A	0.81635
2615	YDR031W	0.81635
2616	YJL043W	0.81633
2617	YKL156C-A	0.81632
2618	YNL317W	0.81631
2619	YHR117W	0.81628
2620	YDL221W	0.81627
2621	YBL044W	0.81627
2622	YAR053W	0.81622
2623	YOL018C	0.8162
2624	YGR169C	0.81618
2625	YPR102C	0.81616
2626	YNL269W	0.81615
2627	YLR308W	0.81612
2628	YCR007C	0.8161
2629	YMR234W	0.8161
2630	YKR047W	0.81609
2631	YER051W	0.81603
2632	YCL049C	0.816
2633	YHR066W	0.816
2634	YBR104W	0.81598
2635	YNL063W	0.81594
2636	YCR081C-A	0.81592
2637	YMR321C	0.81592
2638	YAL045C	0.81589
2639	YLR269C	0.81589
2640	YOR286W	0.81587
2641	YPL194W	0.81585
2642	YDR447C	0.81584
2643	YBR274W	0.81583
2644	YDR442W	0.8158
2645	YDL196W	0.8157
2646	YDR269C	0.8157
2647	YIL058W	0.81563
2648	YIL021C-A	0.81561
2649	YNL147W	0.81559
2650	YJL183W	0.81558
2651	YER187W	0.81558
2652	YBL064C	0.81556
2653	YHR062C	0.81555
2654	YGR217W	0.81554
2655	YOL041C	0.8155
2656	YDR097C	0.8155
2657	YDR417C	0.81549
2658	YJR075W	0.81542
2659	YDL101C	0.81542
2660	YER076C	0.81536
2661	YNL137C	0.81532
2662	YMR152W	0.8153
2663	YJL104W	0.81526
2664	YJL059W	0.81524
2665	YPL060W	0.81522
2666	YJL120W	0.81522
2667	YGR111W	0.81521
2668	YHR049W	0.8152
2669	YAL018C	0.81519
2670	YJL142C	0.81518
2671	YKL036C	0.81508
2672	YFL065C	0.81504
2673	YLR162W	0.81504
2674	YNL016W	0.81503
2675	YNL103W-A	0.81498
2676	YNL316C	0.81497
2677	YBR200W-A	0.81497
2678	YPR098C	0.81497
2679	YDR476C	0.81494
2680	YOL019W-A	0.81494
2681	YJL178C	0.81491
2682	YHR143W-A	0.81491
2683	YDL060W	0.81488
2684	YOR161W-A	0.81488
2685	YJL127W-A	0.81485
2686	YHR180W	0.81485
2687	YMR189W	0.81484
2688	YDL213C	0.81483
2689	YOR161W-B	0.81479
2690	YLR292C	0.81478
2691	YOR001W	0.81476
2692	YER165C-A	0.81476
2693	YHL034C	0.81475
2694	YKL174C	0.81474
2695	YNR056C	0.81472
2696	YDR334W	0.81471
2697	YKL119C	0.81469
2698	YFR034W-A	0.81443
2699	YMR302C	0.81438
2700	YIL034C	0.81437
2701	YPL001W	0.81433
2702	YIL171W	0.81431
2703	YOR379C	0.8143
2704	YJR008W	0.81429
2705	YDL026W	0.81428
2706	YPL279C	0.81427
2707	YGL144C	0.81424
2708	YMR008C-A	0.81424
2709	YGL251C	0.81424
2710	YPR006C	0.81417
2711	YNL130C-A	0.8141
2712	YOR387C	0.81407
2713	YNL282W	0.81406
2714	YML024W	0.81403
2715	YLR414C	0.81403
2716	YPL152W	0.81399
2717	YGL235W	0.81398
2718	YDR498C	0.81398
2719	YPL024W	0.81392
2720	YOR232W	0.8139
2721	YIR021W	0.8139
2722	YML127W	0.8139
2723	YHL048C-A	0.81389
2724	YNL146C-A	0.81385
2725	YAR033W	0.81382
2726	YGR088W	0.81379
2727	YDR344C	0.81379
2728	YGL111W	0.81379
2729	YGL034C	0.81375
2730	YFR020W	0.81369
2731	YDR161W	0.81368
2732	YOR254C	0.81356
2733	YER005W	0.81353
2734	YBR244W	0.8135
2735	YJL027C	0.81349
2736	YHR039C-A	0.81346
2737	YHL032C	0.81342
2738	YHR091C	0.81342
2739	YGL051W	0.81341
2740	YPL080C	0.81336
2741	YPL097W	0.81336
2742	YDR058C	0.81335
2743	YNL107W	0.81335
2744	YBR090C	0.81333
2745	YPL116W	0.81329
2746	YPR203W	0.81326
2747	YOR008C-A	0.81325
2748	YKL018W	0.81324
2749	YNL003C	0.81323
2750	YHL045W	0.81322
2751	YOL126C	0.81322
2752	YMR261C	0.81317
2753	YLR026C	0.81314
2754	YOR212W	0.81313
2755	YAL042C-A	0.81309
2756	YEL044W	0.81308
2757	YNL160W	0.81302
2758	YEL073C	0.81301
2759	YPL222W	0.81288
2760	YOR272W	0.81284
2761	YGR037C	0.81283
2762	YLR357W	0.81281
2763	YCR076C	0.81279
2764	YIL091C	0.81278
2765	YOR244W	0.81276
2766	YPL103C	0.81275
2767	YDR325W	0.81275
2768	YGL089C	0.81273
2769	YHL049C	0.81271
2770	YGR074W	0.81271
2771	YJL186W	0.8127
2772	YLR047C	0.81267
2773	YCL041C	0.81265
2774	YJR035W	0.81263
2775	YGR036C	0.81263
2776	YJL097W	0.81261
2777	YHL005C	0.81256
2778	YMR228W	0.81254
2779	YPR100W	0.81253
2780	YBR213W	0.81251
2781	YER145C-A	0.81244
2782	YJL042W	0.81239
2783	YER147C	0.81236
2784	YGR201C	0.81235
2785	YMR131C	0.81233
2786	YOL072W	0.81231
2787	YDR386W	0.8123
2788	YDR491C	0.8123
2789	YJL010C	0.8123
2790	YNL083W	0.81228
2791	YBR205W	0.81226
2792	YKR073C	0.81226
2793	YNL260C	0.81223
2794	YOL083C-A	0.81221
2795	YCR047W-A	0.81218
2796	YDR187C	0.81217
2797	YOL155W-A	0.81216
2798	YLR141W	0.81215
2799	YKL222C	0.81208
2800	YGL088W	0.81204
2801	YNL299W	0.81204
2802	YGL194C	0.81202
2803	YGR159C	0.81199
2804	YIR032C	0.81196
2805	YEL019C	0.81196
2806	YPL224C	0.81195
2807	YGL199C	0.8119
2808	YLR302C	0.81189
2809	YCL047C	0.81187
2810	YHR076W	0.81184
2811	YGR182C	0.81184
2812	YBL070C	0.81183
2813	YHR069C	0.81181
2814	YLR416C	0.8118
2815	YOR377W	0.81178
2816	YNL144W-A	0.81174
2817	YPL114W	0.8117
2818	YOL050C	0.81165
2819	YDR250C	0.81162
2820	YOR296W	0.8116
2821	YAL001C	0.81158
2822	YPL215W	0.81156
2823	YIR038C	0.81155
2824	YOL056W	0.81151
2825	YCR085W	0.8115
2826	YDR372C	0.81132
2827	YHR086W-A	0.81129
2828	YER059W	0.81115
2829	YNL089C	0.8111
2830	YPR163C	0.81108
2831	YHL048W	0.81103
2832	YDR312W	0.81097
2833	YJL136W-A	0.81097
2834	YDR332W	0.81091
2835	YLR419W	0.81089
2836	YGR109W-B	0.81087
2837	YGL246C	0.81085
2838	YER042W	0.81085
2839	YCR028C-A	0.81084
2840	YKL044W	0.8108
2841	YPR047W	0.81074
2842	YMR042W	0.8107
2843	YBR061C	0.81069
2844	YDR182W	0.81064
2845	YNL284C	0.81063
2846	YKL102C	0.81062
2847	YBR055C	0.81061
2848	YPL205C	0.8106
2849	YBL013W	0.81059
2850	YDL154W	0.81057
2851	YGR069W	0.81057
2852	YLR123C	0.81056
2853	YKL215C	0.81055
2854	YIL007C	0.81045
2855	YGR284C	0.81045
2856	YHL002W	0.81044
2857	YHR115C	0.81038
2858	YLL006W-A	0.81038
2859	YBR107C	0.81035
2860	YNL162W-A	0.81035
2861	YHR151C	0.81034
2862	YMR316C-A	0.81031
2863	YHR098C	0.81026
2864	YOR135C	0.81025
2865	YNL028W	0.81023
2866	YDR504C	0.81017
2867	YJR038C	0.81014
2868	YDR060W	0.81012
2869	YHR114W	0.81012
2870	YBL038W	0.8101
2871	YDR444W	0.81003
2872	YDR248C	0.80998
2873	YLR301W	0.80991
2874	YNR033W	0.80987
2875	YDR173C	0.80987
2876	YHL006C	0.80985
2877	YGR243W	0.80984
2878	YNL322C	0.80983
2879	YMR201C	0.80982
2880	YOR325W	0.80981
2881	YBR024W	0.80974
2882	YOR201C	0.80971
2883	YHL004W	0.8097
2884	YIL012W	0.8097
2885	YLR443W	0.80969
2886	YGL065C	0.80965
2887	YML094C-A	0.80956
2888	YPL135C-A	0.80955
2889	YHR209W	0.80953
2890	YJL222W-B	0.80951
2891	YIL175W	0.80951
2892	YJR120W	0.80946
2893	YFL062W	0.80945
2894	YCL046W	0.80941
2895	YER002W	0.80941
2896	YBR027C	0.80936
2897	YBR162W-A	0.80933
2898	YMR247W-A	0.80925
2899	YAL015C	0.80918
2900	YOR223W	0.80913
2901	YNL169C	0.80912
2902	YJL197W	0.80911
2903	YLR274W	0.80907
2904	YOR330C	0.80907
2905	YGL248W	0.80902
2906	YCR024C-B	0.809
2907	YGR259C	0.80897
2908	YJR042W	0.80896
2909	YKL007W	0.80893
2910	YLR287C	0.80891
2911	YLR374C	0.80886
2912	YBR031W	0.80875
2913	YGL177W	0.80874
2914	YGL123W	0.80873
2915	YKL209C	0.80873
2916	YKR052C	0.80871
2917	YMR013W-A	0.80866
2918	YJL067W	0.80865
2919	YNR036C	0.80859
2920	YHR180C-B	0.80859
2921	YMR078C	0.80855
2922	YPR023C	0.80855
2923	YBR293W	0.80855
2924	YKL065C	0.80853
2925	YDL004W	0.80852
2926	YLL006W	0.8085
2927	YNL256W	0.80846
2928	YGR143W	0.80845
2929	YJL119C	0.80842
2930	YBL055C	0.80841
2931	YBL069W	0.80835
2932	YGL243W	0.80835
2933	YCR104W	0.80831
2934	YDR355C	0.8083
2935	YCR067C	0.80829
2936	YLR037C	0.80827
2937	YBR076C-A	0.80825
2938	YKL165C	0.80824
2939	YML110C	0.80823
2940	YOR154W	0.8082
2941	YPL273W	0.80817
2942	YBR141C	0.80817
2943	YKL198C	0.80811
2944	YDR349C	0.80808
2945	YGR058W	0.80807
2946	YML066C	0.80804
2947	YGR068W-A	0.80803
2948	YMR244C-A	0.80802
2949	YOR102W	0.808
2950	YGR268C	0.80797
2951	YGR064W	0.80796
2952	YLR250W	0.8079
2953	YOR258W	0.8079
2954	YLR379W-A	0.80789
2955	YCL048W	0.80787
2956	YCR097W-A	0.80784
2957	YOR203W	0.80783
2958	YOR091W	0.80783
2959	YFL003C	0.80781
2960	YJL036W	0.80779
2961	YMR325W	0.80779
2962	YAR066W	0.80778
2963	YHR214W	0.80778
2964	YHR139C-A	0.80776
2965	YIL030C	0.80775
2966	YDL086C-A	0.80774
2967	YLR284C	0.80771
2968	YBR178W	0.8077
2969	YGL164C	0.8077
2970	YHR214C-D	0.8077
2971	YAR069C	0.8077
2972	YGR177C	0.80767
2973	YLR205C	0.8076
2974	YKL187C	0.80759
2975	YDR145W	0.80756
2976	YPR066W	0.80752
2977	YKL131W	0.80749
2978	YJR151W-A	0.80749
2979	YJR055W	0.80745
2980	YPL030W	0.80745
2981	YDR265W	0.80742
2982	YAR029W	0.8074
2983	YDR419W	0.80739
2984	YDR012W	0.80736
2985	YPL143W	0.80726
2986	Q0055	0.80725
2987	YHR116W	0.80722
2988	YHR139C	0.8072
2989	YPL249C	0.80715
2990	YIL029W-A	0.80714
2991	YJL011C	0.80713
2992	YBR201W	0.80712
2993	YOL046C	0.80709
2994	YJR067C	0.80708
2995	YPL251W	0.80708
2996	YCR073C	0.80702
2997	YBR176W	0.80698
2998	YGR194C	0.80697
2999	YNR076W	0.80696
3000	YLL064C	0.80696
3001	YDR118W-A	0.80696
3002	YMR040W	0.80692
3003	YGR261C	0.80692
3004	YIR023C-A	0.8069
3005	YHL046C	0.8069
3006	YGL064C	0.80689
3007	YKL170W	0.80686
3008	YJR145C	0.80685
3009	YHR203C	0.80685
3010	YER107W-A	0.8068
3011	YBL019W	0.80677
3012	YDR290W	0.80677
3013	YKL076C	0.80674
3014	YML051W	0.80673
3015	YDR531W	0.8067
3016	YFL051C	0.80668
3017	YPR184W	0.80665
3018	YLR270W	0.80665
3019	YHR124W	0.80661
3020	YLL045C	0.8066
3021	YDR064W	0.80659
3022	YHR070C-A	0.80655
3023	YML118W	0.8065
3024	YLR461W	0.8065
3025	YJR052W	0.8065
3026	YOR316C-A	0.80649
3027	YKL194C	0.80646
3028	YBL083C	0.80645
3029	YNL036W	0.80641
3030	YLR144C	0.8064
3031	YJL220W	0.80634
3032	YIL171W-A	0.80634
3033	YOR302W	0.80634
3034	YOR035C	0.80631
3035	YIR041W	0.80631
3036	YGR265W	0.8063
3037	YHR137W	0.80629
3038	YFL015W-A	0.80629
3039	YLL025W	0.80627
3040	YDL167C	0.80627
3041	YPL100W	0.80626
3042	YDR387C	0.80621
3043	YKL147C	0.80621
3044	YBL039C-A	0.80614
3045	YPR087W	0.80613
3046	YOL145C	0.80611
3047	YPL185W	0.80607
3048	YNL306W	0.80606
3049	YKR060W	0.80604
3050	YOR054C	0.80604
3051	YHR214C-E	0.806
3052	YGR145W	0.80599
3053	YPL277C	0.80598
3054	YDR467C	0.80595
3055	YOR314W-A	0.80594
3056	YOR055W	0.80592
3057	YLR430W	0.80591
3058	YHR051W	0.8059
3059	YJR046W	0.8059
3060	YCL026C-A	0.80588
3061	YEL030C-A	0.80579
3062	YLR415C	0.80579
3063	YMR114C	0.80578
3064	YIL128W	0.80578
3065	YFL009W	0.80573
3066	YAL068C	0.80573
3067	YGL261C	0.80573
3068	YBL108C-A	0.80573
3069	YKL132C	0.80571
3070	YDL033C	0.80571
3071	YHL012W	0.80568
3072	YKL019W	0.80568
3073	YNL277W-A	0.80566
3074	YDR517W	0.80566
3075	YGL185C	0.80565
3076	YGL183C	0.80564
3077	YGR269W	0.80559
3078	YOR389W	0.80558
3079	YJR018W	0.80554
3080	YOL152W	0.80549
3081	YEL006W	0.80549
3082	YDL207W	0.80546
3083	YOR290C	0.80543
3084	YCR046C	0.8054
3085	YOL097W-A	0.80539
3086	YDL010W	0.80534
3087	YOR301W	0.80534
3088	YKL115C	0.80534
3089	YDR391C	0.8053
3090	YLR264C-A	0.80528
3091	YOL043C	0.80527
3092	YHR085W	0.80522
3093	YEL067C	0.80519
3094	YKL087C	0.80516
3095	YDL009C	0.80516
3096	YOR057W	0.80512
3097	YKL224C	0.80511
3098	YJL085W	0.80509
3099	YPL195W	0.80508
3100	YDR282C	0.80506
3101	YDR542W	0.80498
3102	YHL034W-A	0.80495
3103	YHR140W	0.80493
3104	YBR206W	0.80492
3105	YJL072C	0.8049
3106	YJL053W	0.80489
3107	YOR068C	0.80489
3108	YGL027C	0.80485
3109	YMR317W	0.80485
3110	YDR435C	0.80484
3111	YIL174W	0.80482
3112	YJL222W-A	0.80482
3113	YLR075W	0.80482
3114	YLR105C	0.80481
3115	YIR023W	0.80481
3116	YFR007W	0.80481
3117	YNR075C-A	0.80481
3118	YGR294W	0.80479
3119	YJL115W	0.80476
3120	YDR278C	0.80476
3121	YPL209C	0.80475
3122	YDR220C	0.80472
3123	YOR234C	0.80472
3124	YGR080W	0.80461
3125	YIL028W	0.80458
3126	YLR380W	0.8045
3127	YPL176C	0.8045
3128	YJL195C	0.80446
3129	YDR381W	0.80444
3130	YER157W	0.80444
3131	YPL238C	0.80443
3132	YIR020C	0.80438
3133	YCL058C	0.80437
3134	YEL033W	0.80436
3135	YLR455W	0.80432
3136	YLR316C	0.8043
3137	YNL190W	0.8043
3138	YNL206C	0.8042
3139	YLR311C	0.80412
3140	YKL177W	0.80405
3141	YCL064C	0.80404
3142	YOR059C	0.80404
3143	YDR169C-A	0.80403
3144	YDR366C	0.80403
3145	YOR072W-A	0.80394
3146	YGL112C	0.80393
3147	YGR293C	0.80392
3148	YAR035C-A	0.8039
3149	YEL020C-B	0.8039
3150	YFR056C	0.80387
3151	YGL084C	0.80387
3152	YKL097C	0.80376
3153	YGR066C	0.80376
3154	YDR189W	0.80371
3155	YGL045W	0.80368
3156	YOR231W	0.80366
3157	YDL156W	0.80363
3158	YLR002C	0.8036
3159	YKL095W	0.80359
3160	YFL064C	0.80359
3161	YLR362W	0.80356
3162	YOL013W-A	0.80355
3163	YDR337W	0.80347
3164	YEL049W	0.80346
3165	YER123W	0.80346
3166	YOL155C	0.80338
3167	YLR107W	0.80337
3168	YDR157W	0.80332
3169	YJL007C	0.80332
3170	YOR005C	0.80329
3171	YIR030W-A	0.8032
3172	YER063W	0.80319
3173	YGL049C	0.80318
3174	YKL040C	0.80315
3175	YJL223C	0.80312
3176	YIL176C	0.80312
3177	YBR301W	0.80311
3178	YOR340C	0.80308
3179	YDL240W	0.80304
3180	YJR118C	0.80303
3181	YDR493W	0.803
3182	YNL062C	0.803
3183	YDL114W-A	0.80299
3184	YPL132W	0.80296
3185	YGR045C	0.80295
3186	YPR060C	0.80295
3187	YGR204C-A	0.80292
3188	YJL077C	0.80288
3189	YKL026C	0.80287
3190	YJR099W	0.80284
3191	YER080W	0.80284
3192	YHL037C	0.80282
3193	YOR251C	0.80282
3194	YML105C	0.80281
3195	YDL165W	0.80271
3196	YDR395W	0.80268
3197	YML120C	0.80266
3198	YJL063C	0.80257
3199	YOR141C	0.80255
3200	YLR090W	0.80255
3201	YGL123C-A	0.80254
3202	YNL179C	0.80253
3203	YNL015W	0.80253
3204	YPR114W	0.80252
3205	YOR150W	0.80252
3206	YNR058W	0.8025
3207	YJL156W-A	0.80247
3208	YGR255C	0.80243
3209	YPR093C	0.80243
3210	YAR070C	0.80243
3211	YGR162W	0.8024
3212	YPL182C	0.80239
3213	YLR143W	0.80236
3214	YDL159W	0.80233
3215	YMR013C-A	0.80231
3216	YGL213C	0.8023
3217	YLL020C	0.80225
3218	YGL063C-A	0.80225
3219	YOR100C	0.80224
3220	YHR090C	0.80224
3221	YJL135W	0.8022
3222	YOL047C	0.8022
3223	YPR124W	0.80215
3224	YDR286C	0.80214
3225	YBR185C	0.8021
3226	YHR016C	0.80209
3227	YMR102C	0.80201
3228	YOL166W-A	0.802
3229	YNL048W	0.80199
3230	YOR233W	0.80198
3231	YGL218W	0.80198
3232	YNL114C	0.8019
3233	YCR064C	0.80188
3234	YGL250W	0.80185
3235	YOR125C	0.80184
3236	YBL061C	0.80183
3237	YNL110C	0.80183
3238	YOL128C	0.80181
3239	YDR370C	0.80178
3240	YHR008C	0.80178
3241	YDL081C	0.80178
3242	YGR190C	0.8017
3243	YOL161C	0.80169
3244	YIL022W	0.80168
3245	YOL146W	0.80167
3246	YKL219W	0.80163
3247	YJR088C	0.8016
3248	YCR092C	0.80159
3249	YJL062W	0.80148
3250	YGL082W	0.80145
3251	YOR132W	0.80141
3252	YMR158W	0.80138
3253	YCL026C-B	0.80135
3254	YOR331C	0.80131
3255	YPL003W	0.80129
3256	YIL156W-A	0.80127
3257	YOR108C-A	0.80126
3258	YAL033W	0.80126
3259	YOR199W	0.80122
3260	YIL157C	0.80122
3261	YLR365W	0.80119
3262	YMR076C	0.80117
3263	YHR134W	0.80114
3264	YLR109W	0.80113
3265	YJL197C-A	0.80111
3266	YLR239C	0.80106
3267	YNL327W	0.80105
3268	YAL034C-B	0.80103
3269	YPL138C	0.80097
3270	YFL047W	0.80092
3271	YIL107C	0.80091
3272	YPR130C	0.80089
3273	YDR293C	0.80088
3274	YHR021W-A	0.80082
3275	YMR135W-A	0.80079
3276	YPL152W-A	0.80078
3277	YEL075W-A	0.80077
3278	YKR075W-A	0.80077
3279	YAL047W-A	0.80074
3280	YDL233W	0.80071
3281	YNL318C	0.80069
3282	YDR102C	0.80061
3283	YBR042C	0.80058
3284	YJL041W	0.80058
3285	YBR103C-A	0.80058
3286	YJR113C	0.80054
3287	YLR088W	0.8005
3288	YJL028W	0.8005
3289	YPL196W	0.80045
3290	YMR230W-A	0.80043
3291	YFL010W-A	0.80043
3292	YIL110W	0.80043
3293	YPR160C-A	0.8004
3294	YJL188C	0.8004
3295	YFR052C-A	0.8004
3296	YKR048C	0.8004
3297	YMR166C	0.80038
3298	YCR090C	0.80038
3299	YDL063C	0.80038
3300	YLR463C	0.80037
3301	YHR162W	0.80035
3302	YHL015W-A	0.80035
3303	YLL030C	0.80033
3304	YDR154C	0.80022
3305	YEL012W	0.8002
3306	YIR020W-A	0.80016
3307	YKR069W	0.80013
3308	YDL071C	0.80011
3309	YJR034W	0.80011
3310	YPR189W	0.80004
3311	YEL055C	0.8
3312	YKL183C-A	0.8
3313	YGR241C	0.79998
3314	YFR010W-A	0.79997
3315	YGR005C	0.79992
3316	YFL020C	0.7999
3317	YIR044C	0.79988
3318	YER182W	0.79985
3319	YNL057W	0.79985
3320	YER098W	0.79981
3321	YPL270W	0.79981
3322	YNL251C	0.79981
3323	YER172C-A	0.79979
3324	YER117W	0.79972
3325	YBL087C	0.79972
3326	YNL116W	0.7997
3327	YCL065W	0.79965
3328	YPR017C	0.79962
3329	YBR232C	0.7996
3330	YNL325C	0.7996
3331	YHL002C-A	0.79959
3332	YLR016C	0.79956
3333	YLR114C	0.79952
3334	YOL037C	0.79951
3335	YPL104W	0.7995
3336	YPL053C	0.79946
3337	YCR030C	0.79944
3338	YMR188C	0.79944
3339	YLR133W	0.7994
3340	YIL151C	0.79939
3341	YLR154C-H	0.79939
3342	YLR159C-A	0.79939
3343	YLR157C-C	0.79939
3344	YLR156C-A	0.79939
3345	YNL239W	0.79939
3346	YGL149W	0.79935
3347	YDL226C	0.7993
3348	YGR226C	0.7993
3349	YDL163W	0.79929
3350	YMR175W-A	0.79924
3351	YPR160W-A	0.79923
3352	YER048C	0.79923
3353	YPL056C	0.79922
3354	YMR001C-A	0.79918
3355	YBL065W	0.79917
3356	YDL045W-A	0.79914
3357	YBR229C	0.79913
3358	YOL135C	0.79912
3359	YJL175W	0.79909
3360	YCR025C	0.79907
3361	YDR215C	0.79906
3362	YKL077W	0.79905
3363	YHL033C	0.79901
3364	YER046W-A	0.799
3365	YOR225W	0.799
3366	YMR309C	0.79899
3367	YLL062C	0.79896
3368	YBR032W	0.79893
3369	YPL101W	0.79891
3370	YDR524W-C	0.79887
3371	YEL050W-A	0.79886
3372	YPL045W	0.79883
3373	YNL097C-B	0.79881
3374	YBL058W	0.79876
3375	YJL139C	0.79873
3376	YOR179C	0.79872
3377	YHR049C-A	0.79868
3378	YDR204W	0.79867
3379	YBR271W	0.79862
3380	YNL092W	0.79857
3381	YCR042C	0.79853
3382	YOL042W	0.79852
3383	YOR022C	0.7985
3384	YOR275C	0.7985
3385	YJL215C	0.79846
3386	YFR022W	0.79839
3387	YNL150W	0.79834
3388	YLR115W	0.79828
3389	YBR288C	0.79828
3390	YDR194C	0.79828
3391	YOL049W	0.79827
3392	YDR271C	0.79826
3393	YHR052W	0.79824
3394	YDR461W	0.79813
3395	YDL231C	0.79809
3396	YBL006W-A	0.79806
3397	YAL004W	0.79803
3398	YDR450W	0.79802
3399	YML026C	0.79802
3400	YDR095C	0.79802
3401	YNL303W	0.79796
3402	YNL143C	0.79796
3403	YJL154C	0.79795
3404	YOR073W-A	0.7979
3405	YMR177W	0.79784
3406	YGL072C	0.79777
3407	YDR479C	0.79771
3408	YDR434W	0.79766
3409	YDL111C	0.79764
3410	YDR162C	0.79762
3411	YHL014C	0.7976
3412	YHR166C	0.7976
3413	YKL100C	0.79758
3414	YBR273C	0.79756
3415	YGL217C	0.79754
3416	YIL004C	0.79751
3417	YOR018W	0.79749
3418	YFL013W-A	0.79748
3419	YDR268W	0.79748
3420	YGR290W	0.79748
3421	YLR013W	0.79739
3422	YIL041W	0.79737
3423	YER101C	0.79735
3424	YCR071C	0.79732
3425	YLR427W	0.79732
3426	YIL154C	0.79731
3427	YJL169W	0.7973
3428	YPL172C	0.79728
3429	YNR038W	0.79721
3430	YIL060W	0.7972
3431	YHR125W	0.79707
3432	YNL180C	0.79704
3433	YDR535C	0.79703
3434	YLR402W	0.79702
3435	YGR117C	0.79698
3436	YML031W	0.79693
3437	YLR279W	0.79687
3438	YDR330W	0.79684
3439	YMR269W	0.79683
3440	YKR103W	0.79681
3441	YJL006C	0.79681
3442	YKR025W	0.79674
3443	YHR007C-A	0.79665
3444	YHR120W	0.79665
3445	YPR168W	0.79664
3446	YGL141W	0.79663
3447	YOR025W	0.79662
3448	YFL040W	0.79659
3449	YER141W	0.79655
3450	YER053C-A	0.79653
3451	YHL031C	0.79644
3452	YML019W	0.79638
3453	YDR538W	0.79635
3454	YLR428C	0.79634
3455	YPR104C	0.79633
3456	YNL173C	0.79629
3457	YKL064W	0.79628
3458	YNR030W	0.79628
3459	YBL067C	0.79626
3460	YHR213W-A	0.79621
3461	YJL129C	0.7962
3462	YDR183W	0.79619
3463	YOR353C	0.79618
3464	YNL219C	0.79616
3465	YPL038W-A	0.79616
3466	YLR226W	0.79612
3467	YPR135W	0.7961
3468	YBL037W	0.79607
3469	YPL019C	0.79607
3470	YMR264W	0.79606
3471	YNR069C	0.79606
3472	YNL004W	0.79602
3473	YDR298C	0.79597
3474	YER037W	0.79597
3475	YDR421W	0.79596
3476	YGR139W	0.79589
3477	YGL052W	0.79581
3478	YPL022W	0.79579
3479	YLR125W	0.79576
3480	YER078W-A	0.79574
3481	YDR132C	0.79573
3482	YLR335W	0.79571
3483	YDR004W	0.7957
3484	YJL015C	0.7957
3485	YGL187C	0.79566
3486	YHR171W	0.79559
3487	YDR405W	0.79558
3488	YPR162C	0.79555
3489	YMR055C	0.79555
3490	YPL210C	0.79552
3491	YHR192W	0.79549
3492	YMR119W-A	0.79548
3493	YNR001W-A	0.79548
3494	YLR325C	0.79544
3495	YBR060C	0.79543
3496	YDL015C	0.7954
3497	YMR141C	0.79539
3498	YLR406C-A	0.79538
3499	YJL096W	0.79538
3500	YPR059C	0.79537
3501	YBL062W	0.79536
3502	YKL178C	0.79534
3503	YPL145C	0.79528
3504	YHL019C	0.79526
3505	YOR219C	0.79521
3506	YJL192C	0.7952
3507	YML007C-A	0.79519
3508	YLL010C	0.79517
3509	YNL276C	0.79509
3510	YHL030W-A	0.79499
3511	YKL167C	0.79498
3512	YDR246W-A	0.79495
3513	YLL019W-A	0.79492
3514	YJL202C	0.79489
3515	YHL007C	0.79488
3516	YLR050C	0.79484
3517	YJL137C	0.79483
3518	YIL167W	0.79482
3519	YNL298W	0.7948
3520	YNL286W	0.79479
3521	YBR121C-A	0.79477
3522	YDR401W	0.79476
3523	YOR282W	0.79472
3524	YDL025W-A	0.79467
3525	YER115C	0.79464
3526	YNL079C	0.79463
3527	YER023C-A	0.79459
3528	YOR299W	0.79456
3529	YNL291C	0.79455
3530	YBR223W-A	0.79453
3531	YEL034C-A	0.79448
3532	YJR022W	0.79445
3533	YGL032C	0.79443
3534	YPL173W	0.79439
3535	YOR363C	0.79439
3536	YPL198W	0.79438
3537	YDR427W	0.79436
3538	YLR111W	0.79434
3539	YOL160W	0.7943
3540	YLR266C	0.79426
3541	YNR005C	0.79425
3542	YKL173W	0.79423
3543	YDR428C	0.79423
3544	YOL141W	0.79422
3545	YPL023C	0.79421
3546	YJL022W	0.79417
3547	YDR354C-A	0.79416
3548	YGL094C	0.79416
3549	YGL083W	0.79409
3550	YHL019W-A	0.79408
3551	YML097C	0.79405
3552	YDR371C-A	0.79397
3553	YGR193C	0.79396
3554	YMR286W	0.79381
3555	YBR085C-A	0.79378
3556	YOR293C-A	0.79375
3557	YBR086C	0.79373
3558	YGR154C	0.79372
3559	YPL096W	0.79372
3560	YMR007W	0.79369
3561	YDR178W	0.79363
3562	YLR061W	0.79357
3563	YEL074W	0.79354
3564	YBR280C	0.79353
3565	YNL170W	0.79352
3566	YEL048C	0.79351
3567	YPR039W	0.7935
3568	YIL020C-A	0.79346
3569	YPR063C	0.79346
3570	YPL029W	0.79342
3571	YGR257C	0.7933
3572	YOL166C	0.79328
3573	YGL216W	0.79324
3574	YOR300W	0.79323
3575	YMR307C-A	0.79322
3576	YHR073W-A	0.7932
3577	YML034C-A	0.79318
3578	YHR118C	0.79316
3579	YMR097C	0.79315
3580	YPL044C	0.7931
3581	YLR080W	0.79307
3582	YGR157W	0.79305
3583	YOR294W	0.79299
3584	YKL150W	0.79293
3585	YFR016C	0.79292
3586	YPL009C	0.79292
3587	YBR030W	0.79291
3588	YDL032W	0.79289
3589	YBL077W	0.79288
3590	YJR115W	0.79285
3591	YIL082W	0.79285
3592	YDR136C	0.79284
3593	YOL001W	0.7928
3594	YML061C	0.79278
3595	YLR281C	0.79275
3596	YLR319C	0.79273
3597	YIR020C-B	0.79272
3598	YIL115W-A	0.79269
3599	YCL002C	0.79266
3600	YBR105C	0.79265
3601	YLR387C	0.79262
3602	YPL007C	0.79262
3603	YDL195W	0.79259
3604	YML116W-A	0.79254
3605	YDR525W	0.79251
3606	YMR103C	0.79247
3607	YJR004C	0.79236
3608	YEL018C-A	0.79233
3609	R0020C	0.79231
3610	YOL108C	0.79231
3611	YBR158W	0.7923
3612	YMR213W	0.79229
3613	YFL031W	0.79228
3614	YBR147W	0.79228
3615	YCL008C	0.7922
3616	YOR382W	0.7922
3617	YNL168C	0.79218
3618	YIL025C	0.79215
3619	YDR288W	0.79213
3620	YDL160C-A	0.79212
3621	YIL140W	0.79211
3622	YER068C-A	0.79209
3623	YDR503C	0.79208
3624	YLR116W	0.79207
3625	YOL111C	0.79206
3626	YOL057W	0.79205
3627	YJR098C	0.79203
3628	YCL005W-A	0.79202
3629	YML100W	0.79201
3630	YBR196C-B	0.792
3631	YJL182C	0.79199
3632	YGR109W-A	0.79198
3633	YNL182C	0.79188
3634	YLR101C	0.79187
3635	YDR122W	0.79184
3636	YAR030C	0.79183
3637	YOR314W	0.79182
3638	YLR342W-A	0.79181
3639	YIL029C	0.79178
3640	YLR192C	0.79177
3641	YKL096W	0.79168
3642	YBR064W	0.79164
3643	YMR122C	0.79155
3644	YBL008W	0.79154
3645	YGL041C-B	0.79151
3646	YOR134W	0.79148
3647	YEL015W	0.79146
3648	YOR146W	0.79144
3649	YDR301W	0.79142
3650	YBL033C	0.79141
3651	YIL073C	0.79141
3652	YDR015C	0.79141
3653	YCL016C	0.79139
3654	YMR033W	0.79136
3655	YDR053W	0.79135
3656	YLR248W	0.79133
3657	YPR170W-B	0.79131
3658	YOR090C	0.7913
3659	YIR007W	0.79128
3660	YIL068W-A	0.79127
3661	YLR371W	0.79124
3662	YFR002W	0.79122
3663	YBR009C	0.79122
3664	YOL116W	0.79118
3665	YJR006W	0.79108
3666	YMR216C	0.79106
3667	YAL026C-A	0.79104
3668	YLR368W	0.79102
3669	YHR075C	0.79097
3670	YHL010C	0.79096
3671	YCR001W	0.79095
3672	YBR089W	0.79092
3673	YGR216C	0.79092
3674	YBL101C	0.79091
3675	YML042W	0.79091
3676	YDR327W	0.79075
3677	YBL049W	0.79075
3678	Q0060	0.79072
3679	YGR025W	0.79072
3680	YLR280C	0.79062
3681	YDR403W	0.79061
3682	YKL071W	0.79057
3683	YNL216W	0.79056
3684	YNL217W	0.79053
3685	YIL050W	0.79052
3686	YCL032W	0.7905
3687	YGR209C	0.7905
3688	YHR206W	0.79045
3689	YLR240W	0.79043
3690	YBR119W	0.79039
3691	YBR233W	0.79036
3692	YJR114W	0.79023
3693	YJL211C	0.79018
3694	YDL066W	0.79016
3695	YCL054W-A	0.79014
3696	YDR308C	0.79013
3697	YDR302W	0.79008
3698	YOL086W-A	0.78995
3699	YNR003W-A	0.78994
3700	YPL190C	0.78993
3701	YIL085C	0.78991
3702	YAL064W	0.78988
3703	YLR236C	0.78982
3704	YNL261W	0.78978
3705	YOR038C	0.78978
3706	YMR161W	0.78976
3707	YNL032W	0.78972
3708	YHR009C	0.78969
3709	YDR175C	0.78968
3710	YPL083C	0.78967
3711	YOR252W	0.78966
3712	YOR130C	0.78966
3713	YDR390C	0.78964
3714	YDL059C	0.78958
3715	YHL006W-A	0.78957
3716	YDR199W	0.78956
3717	YMR320W	0.78954
3718	YCR024C-A	0.78954
3719	YIL131C	0.78952
3720	YDR440W	0.78951
3721	YKL104W-A	0.78951
3722	YKL125W	0.78949
3723	YJR039W	0.78948
3724	YHR086W	0.78939
3725	YDL213W-A	0.78938
3726	YPL125W	0.78938
3727	YDR360W	0.78934
3728	YGL076C	0.78929
3729	YNL119W	0.78927
3730	YIL095W	0.7892
3731	YCR045W-A	0.7892
3732	YGL188C	0.78916
3733	YOR218C	0.78909
3734	YGL195W	0.78909
3735	YGL263W	0.789
3736	YIL057C	0.78897
3737	YHL013C	0.78893
3738	YFL036W	0.78892
3739	YOL164W-A	0.78887
3740	YGR219W	0.78886
3741	YOL014W	0.78883
3742	YDR426C	0.78882
3743	YLR347W-A	0.7888
3744	YJR061W	0.78878
3745	YJL102W	0.78872
3746	YPR125W	0.7887
3747	YKL139W	0.7887
3748	YAL051W	0.78869
3749	YOR138C	0.78867
3750	YKR064W	0.78865
3751	YDR010C	0.78859
3752	YIL032C	0.78857
3753	YJR033C	0.78856
3754	YMR294W-A	0.78854
3755	YBL095W	0.7885
3756	YDL030W	0.7885
3757	YGR027C	0.78849
3758	YGR031C-A	0.78848
3759	YJR031C	0.78846
3760	YIL047C-A	0.78845
3761	YJL203W	0.78843
3762	YGR018C	0.78839
3763	YGR271C-A	0.78836
3764	YHR199C	0.78833
3765	YIL079C	0.78825
3766	YLR444C	0.78824
3767	YPL247C	0.78822
3768	YMR223W	0.7882
3769	YPL167C	0.78818
3770	YKR058W	0.78817
3771	YPR099C	0.78811
3772	YPR123C	0.78811
3773	YER152W-A	0.7881
3774	YAL059C-A	0.78798
3775	Q0160	0.78797
3776	YDR205W	0.78796
3777	YDR521W	0.78796
3778	YDR106W	0.78793
3779	YDR054C	0.78791
3780	YAR027W	0.78788
3781	YPL148C	0.78786
3782	YNL094W	0.78776
3783	YNL218W	0.78772
3784	YJL031C	0.78771
3785	YKL041W	0.78771
3786	YAL019W-A	0.7877
3787	YOR171C	0.78763
3788	YER084W	0.78762
3789	YGL239C	0.78759
3790	YLL054C	0.78758
3791	YHR122W	0.78754
3792	YNL289W	0.78754
3793	YIL076W	0.78751
3794	YLR120W-A	0.78749
3795	YLR264W	0.78741
3796	YOL038C-A	0.78733
3797	YGR186W	0.78723
3798	YBR191W-A	0.78718
3799	YLR322W	0.78716
3800	YBR010W	0.78714
3801	YJL047C	0.78711
3802	YDL209C	0.78711
3803	YOR111W	0.7871
3804	YMR004W	0.78708
3805	YPL112C	0.78704
3806	YCR035C	0.78698
3807	YPL225W	0.78696
3808	YOR365C	0.78684
3809	YGR044C	0.78681
3810	YDR044W	0.78678
3811	YLR171W	0.78671
3812	YEL017C-A	0.7867
3813	YKL123W	0.78668
3814	YOL035C	0.78666
3815	YMR312W	0.78665
3816	YOR014W	0.78653
3817	YDR430C	0.7865
3818	YFR009W-A	0.7865
3819	YJL100W	0.78649
3820	YKL192C	0.78643
3821	YNL009W	0.78642
3822	YIL161W	0.78642
3823	YBL107W-A	0.78639
3824	YOR267C	0.78639
3825	YJL165C	0.78638
3826	YAL069W	0.78637
3827	YFL029C	0.78637
3828	YLR364C-A	0.78635
3829	YDL054C	0.78634
3830	YKR033C	0.78634
3831	YDL105W	0.78629
3832	YML011C	0.78629
3833	YMR035W	0.78628
3834	YPL073C	0.78628
3835	YDR432W	0.78623
3836	YKL058W	0.78623
3837	Q0017	0.78623
3838	YBR059C	0.78619
3839	YIL150C	0.78615
3840	YNR054C	0.78612
3841	YPL109C	0.78609
3842	YBL071C-B	0.78609
3843	YPR050C	0.78608
3844	YKL136W	0.78606
3845	YOR160W	0.78606
3846	YFL012W-A	0.78604
3847	YPR091C	0.78603
3848	YBR298C-A	0.78598
3849	YLR202C	0.78598
3850	YML060W	0.78595
3851	YDR253C	0.78593
3852	YKL083W	0.78592
3853	YJR023C	0.78587
3854	YOL079W	0.7858
3855	YML030W	0.78578
3856	YLR009W	0.78577
3857	YDR311W	0.78577
3858	YMR259C	0.78576
3859	YOR360C	0.78575
3860	YDR289C	0.78574
3861	YKR063C	0.78572
3862	YGL231C	0.78565
3863	YGR110W	0.78564
3864	YHR150W	0.78563
3865	YBR099C	0.78544
3866	YOR015W	0.78543
3867	YMR030W-A	0.7854
3868	YOR366W	0.7854
3869	YNL186W	0.7854
3870	YNL252C	0.78535
3871	YHR196W	0.78534
3872	YPL038W	0.78532
3873	YLR162W-A	0.7853
3874	YDL161W	0.78526
3875	YMR193W	0.78524
3876	YBR296C-A	0.78524
3877	YHR063W-A	0.78522
3878	YBR281C	0.78521
3879	YOR026W	0.78518
3880	YJR142W	0.78515
3881	YJL193W	0.78506
3882	YDR171W	0.78498
3883	YGR009C	0.78494
3884	YKL010C	0.78492
3885	YNL296W	0.78491
3886	YNL177C	0.7849
3887	YIL038C	0.7848
3888	YCR050C	0.78479
3889	YMR024W	0.78479
3890	YPR132W	0.78479
3891	YGR118W	0.78479
3892	YNR040W	0.78479
3893	YDL175C	0.78476
3894	YBR074W	0.78476
3895	YLR285C-A	0.78472
3896	YGL152C	0.7847
3897	YNL273W	0.78469
3898	YCR014C	0.78465
3899	YHR182C-A	0.78463
3900	YFL025C	0.78463
3901	R0010W	0.78462
3902	YER189W	0.7846
3903	YGL129C	0.78458
3904	YPR076W	0.78455
3905	YER090C-A	0.78449
3906	YPR105C	0.78444
3907	YJL126W	0.78444
3908	YOR167C	0.78444
3909	YJR076C	0.78441
3910	YER140W	0.78441
3911	YPR169W	0.78432
3912	YKR071C	0.78428
3913	YBL104C	0.78414
3914	YJL091C	0.78413
3915	YBL008W-A	0.7841
3916	YHL043W	0.7841
3917	YDL035C	0.78408
3918	YOR067C	0.78408
3919	YML048W	0.784
3920	YNR042W	0.78399
3921	YPL142C	0.78399
3922	YNL263C	0.78395
3923	YLR077W	0.78395
3924	YMR231W	0.78394
3925	YLR333C	0.7839
3926	YJL191W	0.78385
3927	YLR393W	0.78383
3928	YDL021W	0.78383
3929	YMR194C-A	0.78382
3930	YER135C	0.78374
3931	YMR227C	0.78374
3932	YHR188C	0.78362
3933	YER148W-A	0.78358
3934	YDR445C	0.78357
3935	YPL064C	0.78355
3936	YOR278W	0.78347
3937	YDR174W	0.78343
3938	YPR057W	0.78342
3939	YJL133W	0.7834
3940	YGL161C	0.78336
3941	YNR061C	0.78332
3942	YKR035W-A	0.78332
3943	YFR037C	0.78327
3944	YDL024C	0.78326
3945	YPR129W	0.78325
3946	YDR526C	0.78322
3947	YGL110C	0.78322
3948	YOR010C	0.78321
3949	YMR012W	0.78317
3950	YMR087W	0.78307
3951	YEL053C	0.78302
3952	YML130C	0.78295
3953	YLR154W-B	0.78295
3954	YER091C-A	0.78295
3955	YOR215C	0.78293
3956	Q0070	0.78286
3957	YLR163C	0.78284
3958	YPL072W	0.78284
3959	YOL121C	0.78283
3960	YNL042W-B	0.78282
3961	YGL080W	0.7828
3962	YNL124W	0.78277
3963	YLR023C	0.78274
3964	YDL247W-A	0.78264
3965	YKL056C	0.78261
3966	YOR009W	0.78254
3967	YDR340W	0.78253
3968	YDL130W	0.78247
3969	YDL172C	0.78242
3970	YCR088W	0.78235
3971	YKL203C	0.78232
3972	YMR172C-A	0.7823
3973	YLR400W	0.78225
3974	YCR086W	0.78225
3975	YNR021W	0.78224
3976	YER151C	0.78217
3977	YKL142W	0.78215
3978	YGL180W	0.78214
3979	YLR154W-C	0.78212
3980	YER021W	0.78211
3981	YLR112W	0.78209
3982	YMR289W	0.78206
3983	YKL137W	0.78202
3984	YOL048C	0.78199
3985	YGL254W	0.78198
3986	YDR128W	0.78197
3987	YNL310C	0.78196
3988	YNL138W-A	0.78194
3989	YMR082C	0.78184
3990	YGL018C	0.78183
3991	YNL267W	0.78183
3992	YNL221C	0.78178
3993	YHR077C	0.78175
3994	YLR225C	0.78173
3995	YJL194W	0.78172
3996	YDR036C	0.7817
3997	YDR003W-A	0.78164
3998	YIL105W-A	0.78163
3999	YJR019C	0.78162
4000	YKR049C	0.7816
4001	YDR026C	0.78159
4002	YMR125W	0.78158
4003	YKL201C	0.78153
4004	YDR472W	0.78153
4005	YOL027C	0.78152
4006	YML049C	0.7815
4007	YEL075C	0.7815
4008	YDR478W	0.7815
4009	YHR133C	0.78143
4010	YPL162C	0.78136
4011	YNL242W	0.7813
4012	YBR292C	0.78128
4013	YDL150W	0.78126
4014	YIR017C	0.78126
4015	YBR072W	0.78125
4016	YNL236W	0.78119
4017	YGR136W	0.78114
4018	YNL205C	0.78111
4019	YDR018C	0.78106
4020	YKL090W	0.78101
4021	YGR006W	0.781
4022	YIL023C	0.781
4023	YIL017C	0.78099
4024	YHR038W	0.78099
4025	YKL179C	0.78097
4026	YMR291W	0.78097
4027	YAL034W-A	0.78096
4028	YKR061W	0.78091
4029	YKL043W	0.78091
4030	YBR028C	0.78086
4031	YDR496C	0.78083
4032	YBR300C	0.78082
4033	YLR093C	0.78079
4034	YGR035W-A	0.78079
4035	YCL057C-A	0.78074
4036	YDR241W	0.78073
4037	YKL100W-A	0.78071
4038	YGR128C	0.78069
4039	YOR263C	0.78057
4040	YLR169W	0.78054
4041	YGR170W	0.78048
4042	YPL063W	0.78046
4043	YGR003W	0.78042
4044	YLR104W	0.7804
4045	YOR008C	0.78039
4046	YLR035C	0.78037
4047	YCR026C	0.78035
4048	YCR031C	0.78033
4049	YMR233W	0.78031
4050	YPL084W	0.7803
4051	YOR041C	0.7803
4052	YFL046W	0.78028
4053	YOL099C	0.78026
4054	YLR164W	0.78025
4055	YDR266C	0.78023
4056	YHR022C	0.78016
4057	YJL086C	0.78009
4058	YKL169C	0.78002
4059	YML047W-A	0.78002
4060	YLR064W	0.78
4061	YJR135W-A	0.77996
4062	YDR379C-A	0.7799
4063	YGR099W	0.77986
4064	YDR008C	0.77986
4065	YLR366W	0.77986
4066	YOR392W	0.77985
4067	YGL103W	0.77985
4068	YNL226W	0.77978
4069	YJL141C	0.7797
4070	YBL035C	0.77968
4071	YJL156C	0.77963
4072	YFR026C	0.7796
4073	YLR045C	0.77958
4074	YFR033C	0.77957
4075	YDR393W	0.77954
4076	YPR177C	0.77951
4077	YHR072W-A	0.77948
4078	YLL002W	0.77946
4079	YJR100C	0.77945
4080	YOL149W	0.77945
4081	YMR154C	0.77942
4082	YDR126W	0.77932
4083	YDR110W	0.77929
4084	YJR036C	0.77929
4085	YOR216C	0.77921
4086	YGR236C	0.7792
4087	YOR051C	0.77919
4088	YNL085W	0.77918
4089	YGL158W	0.77912
4090	YGR042W	0.77907
4091	YOR156C	0.77903
4092	YDL198C	0.77902
4093	YCL037C	0.779
4094	YLR032W	0.779
4095	YGL257C	0.779
4096	YPR175W	0.77899
4097	YNL302C	0.77894
4098	YDR079C-A	0.7789
4099	YBR005W	0.77889
4100	YGL098W	0.77888
4101	YPL137C	0.77888
4102	YHR126C	0.7788
4103	YOL123W	0.77877
4104	YKL175W	0.77874
4105	YDR160W	0.77873
4106	YLR305C	0.77872
4107	YJR050W	0.77871
4108	YOL013C	0.7787
4109	YML032C	0.77867
4110	YHR080C	0.77861
4111	YOR334W	0.77855
4112	YKR072C	0.77849
4113	YDR048C	0.77848
4114	YJL025W	0.77848
4115	YLR154C	0.77848
4116	YGR090W	0.77844
4117	YJL003W	0.77844
4118	YGR102C	0.77839
4119	YLR235C	0.77836
4120	YGR223C	0.77833
4121	YAR060C	0.77833
4122	YHR212C	0.77833
4123	YNL258C	0.77833
4124	YGL178W	0.77828
4125	YOR002W	0.77827
4126	YDR244W	0.77827
4127	YER144C	0.77825
4128	YPR146C	0.77823
4129	YPL268W	0.77817
4130	YOR031W	0.77814
4131	YLR207W	0.7781
4132	YHR081W	0.77806
4133	YIL009C-A	0.778
4134	YGL132W	0.77798
4135	YKL047W	0.77798
4136	YOR070C	0.77797
4137	YNL131W	0.77792
4138	YCR102W-A	0.77791
4139	YMR316C-B	0.7779
4140	YDR150W	0.77785
4141	YLR097C	0.77781
4142	YKL206C	0.77779
4143	YDL148C	0.77778
4144	YDR509W	0.77776
4145	YLR425W	0.77773
4146	YBR246W	0.77767
4147	YHR045W	0.77766
4148	YOL039W	0.77759
4149	YOR205C	0.77757
4150	YAL037C-A	0.77755
4151	YLR043C	0.77751
4152	YDR374W-A	0.77745
4153	YNL120C	0.77737
4154	YDR407C	0.77733
4155	YPR179C	0.77731
4156	YLR448W	0.7773
4157	YML096W	0.77725
4158	YNL174W	0.77722
4159	YKL140W	0.77717
4160	YPR040W	0.77711
4161	YPL065W	0.7771
4162	YLR163W-A	0.7771
4163	YNL149C	0.77706
4164	YMR074C	0.77705
4165	YNL250W	0.777
4166	YCR095W-A	0.77699
4167	YPL188W	0.77699
4168	YPL191C	0.77698
4169	YOR210W	0.77698
4170	YLR323C	0.77696
4171	YER138W-A	0.77696
4172	YDR524C-A	0.7769
4173	YPL181W	0.77689
4174	YLR183C	0.77688
4175	YMR126C	0.77683
4176	YJL077W-B	0.77682
4177	YGR149W	0.77678
4178	YKL172W	0.77673
4179	YBL094C	0.77673
4180	YHR011W	0.77671
4181	YDR322C-A	0.77671
4182	YDR168W	0.77664
4183	YDR420W	0.77663
4184	YDL232W	0.77662
4185	YEL016C	0.7766
4186	YOR229W	0.77656
4187	YHL022C	0.77653
4188	YDR347W	0.77643
4189	YOR312C	0.7764
4190	YMR242C	0.7764
4191	YDR101C	0.77634
4192	YER067C-A	0.7763
4193	YPR152C	0.77629
4194	YGL125W	0.7762
4195	YJR054W	0.77616
4196	YPL263C	0.77615
4197	YNL320W	0.77614
4198	YLR103C	0.77613
4199	YBR247C	0.77612
4200	YGR212W	0.77609
4201	YBL012C	0.77607
4202	YIL134W	0.77604
4203	YPR159C-A	0.77596
4204	YGL169W	0.77596
4205	YER061C	0.77591
4206	YLR456W	0.7759
4207	YPR150W	0.77589
4208	YGR158C	0.77588
4209	YJL127C-B	0.77587
4210	YGL193C	0.77585
4211	YGR114C	0.77584
4212	YOR322C	0.77578
4213	YGR164W	0.77577
4214	YCR093W	0.77575
4215	YER180C-A	0.77568
4216	YIL115C	0.77567
4217	YIL027C	0.77564
4218	YDL157C	0.77564
4219	YCR022C	0.77563
4220	YPR166C	0.7756
4221	YPR116W	0.77559
4222	YKL188C	0.77551
4223	YIL177W-A	0.7755
4224	YJL225W-A	0.7755
4225	YIL052C	0.77549
4226	YGR022C	0.77545
4227	YPR029C	0.77544
4228	YOL033W	0.77542
4229	YLR412C-A	0.77541
4230	YDR471W	0.77537
4231	YBL047C	0.77536
4232	YML063W	0.77535
4233	YMR110C	0.7753
4234	YDL119C	0.7753
4235	YOR343C	0.77528
4236	YKR021W	0.77516
4237	YIL006W	0.77516
4238	YPR187W	0.77513
4239	YLR154C-G	0.77507
4240	YGL056C	0.77505
4241	YDL122W	0.77499
4242	YGL007C-A	0.77496
4243	YGL168W	0.77494
4244	YKL033W	0.77492
4245	YML073C	0.77491
4246	YOL071W	0.7749
4247	YMR005W	0.77478
4248	YMR298W	0.77477
4249	YDL133W	0.77474
4250	YDL025C	0.77473
4251	YPR018W	0.77466
4252	YHR087W	0.77465
4253	YPR036W	0.7746
4254	YPL074W	0.77457
4255	YOL088C	0.77456
4256	YJR112W	0.77456
4257	YNL271C	0.77455
4258	YJL071W	0.77454
4259	YJL101C	0.77449
4260	YOL102C	0.77445
4261	YOR191W	0.77445
4262	YGR228W	0.77444
4263	YCR049C	0.77441
4264	YER079C-A	0.77436
4265	YIL134C-A	0.77427
4266	YGR238C	0.77427
4267	YHR010W	0.77425
4268	YLR015W	0.77424
4269	YLR025W	0.77416
4270	YER087C-B	0.77416
4271	YCL076W	0.77415
4272	YER105C	0.77414
4273	YPR085C	0.77409
4274	YDR316W	0.77407
4275	YER056C-A	0.77407
4276	YKL055C	0.77402
4277	YOR281C	0.774
4278	YCL007C	0.77397
4279	YDR323C	0.77395
4280	YBR022W	0.77395
4281	YCR054C	0.7739
4282	YLR233C	0.7739
4283	YAL025C	0.77389
4284	YPR048W	0.77388
4285	YER011W	0.77388
4286	YGR166W	0.77386
4287	YMR010W	0.77385
4288	YOR072W-B	0.77382
4289	YNL279W	0.77375
4290	YCL021W	0.77371
4291	YDR431W	0.77369
4292	YNL283C	0.77367
4293	YNL035C	0.77366
4294	YMR158W-B	0.77366
4295	YNL272C	0.77362
4296	YNL069C	0.77349
4297	YMR168C	0.77348
4298	YOR008W-B	0.77347
4299	YML058W-A	0.77343
4300	YOR394C-A	0.77338
4301	YDR365C	0.77316
4302	YLL046C	0.77316
4303	YJL199C	0.77312
4304	YGR291C	0.77311
4305	YER078C	0.77308
4306	YIL100W	0.77306
4307	YIL061C	0.77304
4308	YLL022C	0.77303
4309	YLR299W	0.77301
4310	YKR087C	0.773
4311	YPL136W	0.773
4312	YOR364W	0.77293
4313	YGR206W	0.77292
4314	YFR012W-A	0.77288
4315	YGR116W	0.77286
4316	YDR437W	0.77279
4317	YMR315W-A	0.77275
4318	YBR067C	0.77273
4319	YIL130W	0.77273
4320	YLR370C	0.77269
4321	YPR202W	0.77268
4322	YOR309C	0.77264
4323	YEL008C-A	0.77264
4324	YDR206W	0.77259
4325	YJR044C	0.77255
4326	YGL067W	0.7725
4327	YER030W	0.77249
4328	YMR304C-A	0.77244
4329	YML081C-A	0.77243
4330	YMR316W	0.77241
4331	YDL043C	0.77232
4332	YOL085W-A	0.77232
4333	YGL188C-A	0.7723
4334	YLL066W-B	0.77227
4335	YBR277C	0.77219
4336	YGR202C	0.77215
4337	YNR023W	0.77213
4338	YKL214C	0.77212
4339	YJR051W	0.77209
4340	YIR005W	0.77209
4341	YOL085C	0.77209
4342	YNL097W-A	0.77202
4343	YJL184W	0.77201
4344	YNL294C	0.77195
4345	YOR245C	0.7719
4346	YDL225W	0.7719
4347	YLR441C	0.77189
4348	YGR188C	0.77186
4349	YCR040W	0.7718
4350	YCL066W	0.7718
4351	YMR267W	0.77179
4352	YJL206C	0.77178
4353	YLR157W-D	0.77178
4354	YHR056W-A	0.77177
4355	YOL022C	0.77177
4356	YOR032W-A	0.77176
4357	YGR062C	0.77176
4358	YPL252C	0.77173
4359	YBR131C-A	0.7717
4360	YAR019C	0.77167
4361	YNL193W	0.77166
4362	YHR186C	0.77162
4363	YDR052C	0.77153
4364	YDR213W	0.7715
4365	YKL165C-A	0.77149
4366	YJL106W	0.7714
4367	YIR006C	0.7714
4368	YGL228W	0.77139
4369	YDR242W	0.77136
4370	YPR096C	0.77132
4371	YCR063W	0.77129
4372	YLR462W	0.77127
4373	YKL006C-A	0.7712
4374	YGR011W	0.77119
4375	YNL109W	0.77118
4376	YAL055W	0.77117
4377	YAL002W	0.77113
4378	YNL337W	0.77112
4379	YLR361C-A	0.77111
4380	YBR126W-B	0.77111
4381	YER128W	0.7711
4382	YGR070W	0.77106
4383	YPR001W	0.77106
4384	YHL030W	0.77105
4385	YBR231C	0.77104
4386	YOR198C	0.77099
4387	YKL168C	0.77096
4388	YFL068W	0.77094
4389	YLL067W-A	0.77094
4390	YLL066W-A	0.77094
4391	YBR209W	0.77091
4392	YOR386W	0.77084
4393	YDR180W	0.7708
4394	YAR047C	0.77075
4395	YHR067W	0.77061
4396	YLR466C-B	0.77059
4397	YOR237W	0.77053
4398	YDR137W	0.77044
4399	YBR036C	0.77037
4400	YJL004C	0.77034
4401	YDR296W	0.7703
4402	YNR018W	0.77026
4403	YMR313C	0.77024
4404	YNR035C	0.77024
4405	YCR039C	0.77022
4406	YCL067C	0.77022
4407	YOL045W	0.77022
4408	YJR150C	0.77013
4409	YDR194W-A	0.7701
4410	YDL146W	0.77005
4411	YJL173C	0.77005
4412	YLR346C	0.77002
4413	YPL098C	0.77
4414	YNL339W-B	0.76998
4415	YHR219C-A	0.76998
4416	YML133W-B	0.76998
4417	YBR012C	0.76994
4418	YLR337C	0.76994
4419	YML088W	0.76992
4420	YCR087W	0.76991
4421	YCL048W-A	0.7699
4422	YOR075W	0.76989
4423	YGL153W	0.76986
4424	YMR157C	0.76985
4425	YDL058W	0.76983
4426	YLR290C	0.76982
4427	YDR077W	0.76979
4428	YER150W	0.76976
4429	YHL041W	0.76969
4430	YPL228W	0.76964
4431	YBR260C	0.76959
4432	YDR183C-A	0.76958
4433	YBL071C	0.76939
4434	YGR068C	0.76938
4435	YOR376W	0.76936
4436	YGL244W	0.76935
4437	YJL046W	0.76926
4438	YPL108W	0.76924
4439	YDL234C	0.76922
4440	YBR278W	0.76922
4441	YDR020C	0.76921
4442	YGR101W	0.76916
4443	YHL050W-A	0.76913
4444	YER133W-A	0.76912
4445	YDR410C	0.76896
4446	YLR063W	0.76883
4447	YOR124C	0.76877
4448	YPL079W	0.76867
4449	YLL017W	0.76865
4450	YOL026C	0.7686
4451	YOL076W	0.7686
4452	YJL075C	0.76854
4453	YDR218C	0.7685
4454	YDR501W	0.76845
4455	YLR466C-A	0.76843
4456	YLR467C-A	0.76843
4457	YOR396C-A	0.76843
4458	YML095C	0.76839
4459	YHR050W-A	0.76838
4460	YML013W	0.76835
4461	YOR161C-C	0.76832
4462	YOR011W-A	0.76825
4463	YDR152W	0.76816
4464	YJL047C-A	0.76813
4465	YNL019C	0.76812
4466	YGR122C-A	0.76812
4467	YGR059W	0.76808
4468	YPR139C	0.76804
4469	YBR266C	0.76802
4470	YOR069W	0.76801
4471	YIL011W	0.76775
4472	YBR113W	0.7677
4473	YGL146C	0.76769
4474	YMR184W	0.76767
4475	YHR084W	0.76764
4476	YBR284W	0.76762
4477	YOR305W	0.76759
4478	YBL080C	0.76757
4479	YCL034W	0.76748
4480	YER024W	0.76745
4481	YGR056W	0.76736
4482	YCR077C	0.76735
4483	YNL118C	0.76735
4484	YNL077W	0.76729
4485	YOL148C	0.76727
4486	YHR032W-A	0.76725
4487	YPL102C	0.76724
4488	YPL271W	0.76718
4489	YLR329W	0.76708
4490	YHR069C-A	0.76707
4491	YER190C-B	0.767
4492	YGR296C-B	0.767
4493	YEL077W-A	0.767
4494	YPL283W-B	0.767
4495	YPR204C-A	0.767
4496	YMR275C	0.76699
4497	YLL038C	0.76697
4498	YDR527W	0.76695
4499	YNL228W	0.76692
4500	YBR065C	0.76688
4501	YGL204C	0.76682
4502	YIL014C-A	0.76681
4503	YER048W-A	0.76679
4504	YMR212C	0.76679
4505	YBR268W	0.76677
4506	YBR253W	0.76673
4507	YNL158W	0.76671
4508	YMR156C	0.76669
4509	YGR038W	0.76669
4510	YDR545C-A	0.76668
4511	YGL016W	0.76663
4512	YBR111W-A	0.76663
4513	YML111W	0.76662
4514	YKL005C	0.76662
4515	YKL075C	0.76659
4516	YLR232W	0.76657
4517	YAR061W	0.76652
4518	YHR212W-A	0.76652
4519	YCL004W	0.7665
4520	YDR080W	0.76649
4521	YKL012W	0.76648
4522	YMR165C	0.76645
4523	YNL338W	0.76641
4524	YNL080C	0.76634
4525	YHL035C	0.76625
4526	YLR390W-A	0.76625
4527	YGR112W	0.76624
4528	YJR140C	0.76622
4529	YKR096W	0.76621
4530	YKL124W	0.76621
4531	YGL007W	0.76619
4532	YPR143W	0.76618
4533	YNL002C	0.76612
4534	YNL128W	0.76598
4535	YDL094C	0.76595
4536	YAR008W	0.76595
4537	YBR193C	0.76595
4538	YDL185C-A	0.76573
4539	YDR262W	0.76573
4540	YOR269W	0.76572
4541	YBR191W	0.76572
4542	YPL165C	0.76569
4543	YMR039C	0.76568
4544	YNL084C	0.76566
4545	YPL243W	0.76563
4546	YHR146W	0.76557
4547	YHR083W	0.76555
4548	YPL189W	0.76549
4549	YGL014C-A	0.76549
4550	YGR178C	0.76545
4551	YER006C-A	0.76541
4552	YHR172W	0.7654
4553	YGR137W	0.76535
4554	YIL030W-A	0.76533
4555	YNL033W	0.76531
4556	YBR282W	0.76523
4557	YLR071C	0.7652
4558	YDL219W	0.76516
4559	YJR066W	0.76513
4560	YLR417W	0.76507
4561	YJR087W	0.76499
4562	YHR197W	0.76499
4563	YHR198C	0.76498
4564	YPR141C	0.76497
4565	YDR025W	0.76495
4566	YBR048W	0.76495
4567	YFR013W	0.76493
4568	YAL014C	0.7649
4569	YER058W	0.76475
4570	YLR054C	0.76468
4571	YDR087C	0.76468
4572	YOR033C	0.76465
4573	YKL034W	0.76458
4574	YKR085C	0.76457
4575	YOR064C	0.76457
4576	YKL057C	0.76457
4577	YCL052C	0.76448
4578	YBR186W	0.76441
4579	YJR090C	0.76431
4580	YKL053W	0.76418
4581	YDR544C	0.76406
4582	YDR314C	0.76403
4583	YDR409W	0.76395
4584	YLR217W	0.76388
4585	YDR319C	0.76385
4586	YDL053C	0.76383
4587	YLR154W-A	0.76382
4588	YLL051C	0.76382
4589	YOL105C	0.76375
4590	YOR288C	0.76375
4591	YMR209C	0.76372
4592	YOL054W	0.7637
4593	YLR261C	0.76368
4594	YHL046W-A	0.76368
4595	YNL038W	0.76358
4596	YDR233C	0.76355
4597	YDR247W	0.76341
4598	YDR354W	0.76337
4599	YDR049W	0.76336
4600	YBR196C-A	0.76331
4601	YBL004W	0.7633
4602	YIR021W-A	0.76328
4603	YPL032C	0.76327
4604	YLR314C	0.76326
4605	YOR017W	0.76326
4606	YLR206W	0.76324
4607	YIL026C	0.76323
4608	YAL066W	0.76323
4609	YLL016W	0.76319
4610	YIL141W	0.76315
4611	YMR141W-A	0.76315
4612	YMR153C-A	0.76314
4613	YAL059W	0.76308
4614	YIL072W	0.76299
4615	YPL107W	0.76297
4616	YPR191W	0.76282
4617	YLR076C	0.7628
4618	YAL068W-A	0.76278
4619	YOR230W	0.76278
4620	YER007W	0.76273
4621	YNL097C	0.76273
4622	YNR068C	0.76269
4623	YOL087C	0.76264
4624	YGL133W	0.76262
4625	YCL055W	0.76261
4626	YDR208W	0.76258
4627	YER066C-A	0.76253
4628	YER085C	0.76253
4629	YHR073W	0.76251
4630	YGR278W	0.76248
4631	YLR434C	0.76247
4632	YLR096W	0.76247
4633	YMR115W	0.76243
4634	YMR067C	0.76222
4635	YPR154W	0.76219
4636	YJR097W	0.76218
4637	YFR045W	0.76217
4638	YML071C	0.76217
4639	YIL087C	0.76217
4640	YIL105C	0.76213
4641	YGR109C	0.76202
4642	YGR014W	0.76197
4643	YPR097W	0.76196
4644	YEL009C	0.76191
4645	YDR455C	0.76187
4646	YBR142W	0.76183
4647	YDL003W	0.76182
4648	YLR039C	0.76182
4649	YJR126C	0.76179
4650	YLR087C	0.76177
4651	YPR072W	0.76169
4652	YLR154W-E	0.76164
4653	R0040C	0.76159
4654	YDL062W	0.76157
4655	YGR127W	0.76157
4656	YIL089W	0.76155
4657	YGL150C	0.7615
4658	YEL010W	0.7615
4659	YMR043W	0.76143
4660	YDR283C	0.76142
4661	YMR207C	0.76136
4662	YHR217C	0.7613
4663	YBL113W-A	0.76128
4664	YER076W-A	0.76122
4665	YIL096C	0.76117
4666	YDL085C-A	0.76108
4667	YOR368W	0.76106
4668	YGL041C	0.76103
4669	YDR003W	0.761
4670	YDL112W	0.76098
4671	YMR182C	0.76095
4672	YIL104C	0.76095
4673	YPR071W	0.76094
4674	YLR358C	0.76089
4675	YJR123W	0.76087
4676	YBR051W	0.76087
4677	YDL214C	0.76081
4678	YDR460W	0.76081
4679	YLR062C	0.76081
4680	YMR044W	0.76077
4681	YDR382W	0.76075
4682	YPR031W	0.76073
4683	YKL049C	0.76069
4684	YKR041W	0.76069
4685	YOL063C	0.76067
4686	YDR273W	0.76065
4687	YBR044C	0.76062
4688	YDR027C	0.76059
4689	YOR256C	0.76058
4690	YER019C-A	0.76057
4691	YLR106C	0.76056
4692	YGL085W	0.76055
4693	YOL144W	0.76054
4694	YLR194C	0.76047
4695	YJL127C	0.7604
4696	YNL067W-A	0.76034
4697	YML099W-A	0.76033
4698	YCL001W-A	0.76031
4699	YLR199C	0.76031
4700	YIL111W	0.76029
4701	YNL253W	0.76025
4702	YDR320C-A	0.76023
4703	YER127W	0.76022
4704	YAL031W-A	0.76018
4705	YDR363W-A	0.76016
4706	YJR111C	0.76011
4707	YPR126C	0.76005
4708	YCR091W	0.76001
4709	YJL039C	0.75997
4710	YJL037W	0.75988
4711	YPL144W	0.75984
4712	YKR028W	0.75982
4713	YAL056W	0.75975
4714	YPR136C	0.75974
4715	YGR033C	0.75974
4716	YNL262W	0.75969
4717	YNL235C	0.75967
4718	YLL031C	0.75962
4719	YPR045C	0.75961
4720	YLR184W	0.75947
4721	YKL208W	0.75944
4722	YCL022C	0.75939
4723	YER113C	0.75931
4724	YIL137C	0.75927
4725	YLL004W	0.75916
4726	YCR089W	0.75915
4727	YKL116C	0.75909
4728	YNL249C	0.75907
4729	YHL028W	0.75906
4730	YBR026C	0.75905
4731	YMR112C	0.75904
4732	YCL068C	0.75896
4733	YLR363C	0.75894
4734	YPL261C	0.75894
4735	YMR013C	0.75891
4736	YLR132C	0.75882
4737	YDR198C	0.75881
4738	YHR127W	0.75881
4739	YER137W-A	0.75881
4740	YHR158C	0.75878
4741	YGL116W	0.75876
4742	YBR179C	0.75874
4743	YIL163C	0.75867
4744	YPR074W-A	0.75866
4745	YJL140W	0.75866
4746	YFR034C	0.75865
4747	YDR245W	0.75855
4748	YOR231C-A	0.75853
4749	YPL186C	0.75851
4750	YJR119C	0.7585
4751	YFR031C-A	0.75845
4752	YIL018W	0.75845
4753	YDR221W	0.75841
4754	YMR028W	0.75816
4755	YGR165W	0.75814
4756	YGR091W	0.75807
4757	YNL285W	0.75805
4758	YDR193W	0.75803
4759	YEL028W	0.75801
4760	YJL123C	0.75799
4761	YDR149C	0.75799
4762	YAL013W	0.75796
4763	YOR180C	0.75791
4764	YFL023W	0.75788
4765	YPR169W-A	0.75783
4766	YPR055W	0.75779
4767	YOR045W	0.75771
4768	YFL013C	0.75771
4769	YEL022W	0.7577
4770	YDL203C	0.75767
4771	YGL014W	0.75766
4772	YBL073W	0.75763
4773	YJR136C	0.75756
4774	YER188C-A	0.75756
4775	YJL131C	0.75752
4776	YDL240C-A	0.7575
4777	YER126C	0.75748
4778	YOR060C	0.75744
4779	YKR092C	0.7573
4780	YLR312W-A	0.7573
4781	YPL248C	0.75729
4782	YJL148W	0.75728
4783	YBR040W	0.75725
4784	YOR093C	0.75725
4785	YJL109C	0.75723
4786	YOL028C	0.75723
4787	YER154W	0.75718
4788	YDR134C	0.75716
4789	YGL233W	0.75711
4790	YKL096C-B	0.75711
4791	YDL075W	0.75711
4792	YOR174W	0.75709
4793	YGR097W	0.75708
4794	YGR235C	0.75707
4795	YGR122W	0.75705
4796	YNR066C	0.75705
4797	YER139C	0.75705
4798	YNL187W	0.75705
4799	YIL066W-A	0.75703
4800	YGR227C-A	0.75698
4801	YJL098W	0.75695
4802	YLR166C	0.75691
4803	YHL001W	0.75691
4804	YIR017W-A	0.75689
4805	YMR026C	0.75687
4806	YJR140W-A	0.75682
4807	YJL023C	0.75682
4808	YDR423C	0.75679
4809	YIR001C	0.75675
4810	YDR006C	0.75668
4811	YDL116W	0.75661
4812	YKR035C	0.75659
4813	YBL086C	0.75651
4814	YDL158C	0.75648
4815	YER087C-A	0.75645
4816	YFL027C	0.75644
4817	YOR012W	0.75643
4818	YLL007C	0.75639
4819	YER137C	0.75639
4820	YOR227W	0.75638
4821	YCR019W	0.75637
4822	YHR079C	0.75635
4823	YMR091C	0.75625
4824	YGL203C	0.75623
4825	YPL260W	0.75622
4826	YOR383C	0.75603
4827	YPR012W	0.75601
4828	YGR046W	0.756
4829	YPL081W	0.75595
4830	YNL122C	0.75589
4831	YLR084C	0.75586
4832	YER186C	0.75574
4833	YOR338W	0.7557
4834	YDL028C	0.75569
4835	YKR101W	0.75564
4836	YDR261C	0.75555
4837	YNL308C	0.75555
4838	YPR148C	0.75553
4839	YMR021C	0.7555
4840	YNL145W	0.75538
4841	YMR247C	0.75537
4842	YLR010C	0.75536
4843	YBR129C	0.75535
4844	YHR060W	0.75516
4845	YLR260W	0.75515
4846	YDR524C-B	0.75506
4847	YLR406C	0.75505
4848	YDR359C	0.755
4849	YPR155C	0.755
4850	YMR173W-A	0.75497
4851	YDR482C	0.75496
4852	YPL128C	0.75495
4853	YML050W	0.75495
4854	YPR010C-A	0.75493
4855	YBR224W	0.75492
4856	YNL227C	0.75485
4857	YOL051W	0.75481
4858	YOL077W-A	0.75471
4859	YLR458W	0.75462
4860	YKL006W	0.75459
4861	YDL153C	0.75456
4862	YHL038C	0.75451
4863	YER097W	0.7545
4864	YIL138C	0.75449
4865	YGL131C	0.75448
4866	YBR102C	0.75448
4867	YDR473C	0.75447
4868	YER077C	0.75446
4869	YOR186C-A	0.75441
4870	YNL051W	0.75439
4871	YKL096W-A	0.75437
4872	YCL012C	0.75435
4873	YNR028W	0.75425
4874	YHR059W	0.75421
4875	YLR154W-F	0.75418
4876	YGR119C	0.75418
4877	YBR123C	0.7541
4878	YER068W	0.75399
4879	YMR129W	0.75386
4880	YDR034C-A	0.75381
4881	YBL059C-A	0.75381
4882	YIL133C	0.75379
4883	YOR188W	0.75378
4884	YBL045C	0.75377
4885	YJL029C	0.75376
4886	YKL089W	0.75365
4887	YML012C-A	0.75353
4888	YNL319W	0.7535
4889	YMR287C	0.75345
4890	YBL074C	0.75341
4891	YLR294C	0.75336
4892	YDR376W	0.75336
4893	YMR106C	0.75326
4894	YDR108W	0.75319
4895	YER083C	0.75307
4896	YOR319W	0.75305
4897	YFR001W	0.75305
4898	YJL061W	0.75288
4899	YOR166C	0.75284
4900	YFL031C-A	0.75277
4901	YDR543C	0.75274
4902	YPL123C	0.75273
4903	YNL073W	0.75271
4904	YPR115W	0.75265
4905	YBL020W	0.75263
4906	YDL237W	0.75262
4907	YNL029C	0.75259
4908	YKR089C	0.75258
4909	YDR449C	0.75257
4910	YER008C	0.75246
4911	YML117W	0.75242
4912	YDR024W	0.7524
4913	YBR216C	0.7524
4914	YKL155C	0.75232
4915	YGR052W	0.75231
4916	YJR122W	0.75231
4917	YJR002W	0.75226
4918	YDL179W	0.75226
4919	YKR023W	0.7522
4920	YFL032W	0.75218
4921	YBR097W	0.75218
4922	YBR150C	0.75212
4923	YGL192W	0.75212
4924	YPL005W	0.75208
4925	YPL035C	0.75207
4926	YGR270W	0.75204
4927	YMR281W	0.75202
4928	YLR388W	0.75201
4929	YKR007W	0.752
4930	YBR189W	0.752
4931	YOR105W	0.75196
4932	YIL070C	0.75192
4933	YLR128W	0.75192
4934	YBR258C	0.75184
4935	YBL066C	0.75184
4936	YML020W	0.75183
4937	YMR295C	0.75182
4938	YGL060W	0.75177
4939	YDR079W	0.75176
4940	YER092W	0.75174
4941	YOL159C	0.75165
4942	YOR344C	0.75164
4943	YDR413C	0.7516
4944	YNR044W	0.75159
4945	YNL171C	0.75159
4946	YPL047W	0.75158
4947	YGR167W	0.75147
4948	YOL053W	0.75146
4949	YGL191W	0.75145
4950	YDR326C	0.75144
4951	YCR052W	0.75143
4952	YBR255C-A	0.75142
4953	YNR037C	0.75142
4954	YHR015W	0.75141
4955	YAL037C-B	0.75136
4956	YLR247C	0.75133
4957	YKL118W	0.75122
4958	YJL150W	0.75119
4959	YGR002C	0.75117
4960	YJL026C-A	0.75116
4961	YML104C	0.75103
4962	YOR080W	0.7508
4963	YLR392C	0.7508
4964	YNL278W	0.75079
4965	YDR179W-A	0.75076
4966	YDR335W	0.7507
4967	YER067W	0.75066
4968	YML054C-A	0.75059
4969	YOL134C	0.75058
4970	YJL069C	0.75056
4971	YML036W	0.75056
4972	YER087W	0.75053
4973	YBL097W	0.75049
4974	YML046W	0.75049
4975	YOR112W	0.75046
4976	YDR367W	0.75044
4977	YPL250W-A	0.75044
4978	YHL044W	0.75043
4979	YFR052W	0.7504
4980	YNL039W	0.75039
4981	YKL088W	0.75038
4982	YCR038C	0.75038
4983	YIL069C	0.75032
4984	YER074W	0.75032
4985	YHR214C-C	0.75013
4986	YOL095C	0.75013
4987	YMR130W	0.75008
4988	YGR205W	0.75003
4989	YLR006C	0.75
4990	YGR258C	0.74996
4991	YNR059W	0.74989
4992	YGL092W	0.74988
4993	YOR020W-A	0.74987
4994	YER096W	0.74987
4995	YPL057C	0.7498
4996	YDR203W	0.74976
4997	YBR279W	0.74974
4998	YJL020C	0.74974
4999	YHR145C	0.74973
5000	YBR276C	0.74967
5001	YDL242W	0.74964
5002	YHL021C	0.74954
5003	YOR211C	0.74945
5004	YGR174W-A	0.74942
5005	YLR396C	0.74937
5006	YMR002W	0.74936
5007	YGL127C	0.74931
5008	YCL056C	0.7493
5009	YGL006W-A	0.74928
5010	YNL052W	0.74927
5011	YPL241C	0.74926
5012	YDR279W	0.74916
5013	YKR082W	0.74913
5014	YOL127W	0.74911
5015	YJL057C	0.7491
5016	YKL153W	0.74893
5017	YOR194C	0.74892
5018	YKL018C-A	0.74889
5019	YGL134W	0.74889
5020	YLR331C	0.74883
5021	YGR184C	0.74882
5022	YPL149W	0.7487
5023	YMR192W	0.74863
5024	YDL091C	0.74862
5025	YMR211W	0.7486
5026	YFL010C	0.74854
5027	YMR137C	0.74845
5028	YEL023C	0.74844
5029	YBR219C	0.74837
5030	YLR051C	0.7482
5031	YLR012C	0.74818
5032	YMR053C	0.74808
5033	YNL198C	0.74797
5034	YBL079W	0.74788
5035	YDR396W	0.74784
5036	YNL140C	0.74784
5037	YER064C	0.74779
5038	YBL100W-C	0.74758
5039	YMR075C-A	0.74756
5040	YBR161W	0.74749
5041	YIL132C	0.74747
5042	YGR104C	0.74742
5043	YGL182C	0.74725
5044	YJR102C	0.74723
5045	YGL121C	0.74723
5046	YKL195W	0.74722
5047	YAL043C	0.74722
5048	YDR463W	0.74722
5049	YCR108C	0.74719
5050	YCL031C	0.74717
5051	YKL015W	0.74716
5052	YJL132W	0.74714
5053	YCR095C	0.74712
5054	YOR106W	0.74704
5055	YIL024C	0.74697
5056	YER018C	0.74696
5057	YGL145W	0.74682
5058	YKL111C	0.74678
5059	YMR240C	0.74674
5060	YLR288C	0.74667
5061	YNL012W	0.74657
5062	YIL005W	0.74655
5063	YMR190C	0.7465
5064	YPL126W	0.74646
5065	YIL090W	0.74641
5066	YML023C	0.74636
5067	YPL192C	0.74633
5068	YDR251W	0.74631
5069	YAL017W	0.7463
5070	YDR281C	0.74626
5071	YKL045W	0.74619
5072	YNL178W	0.7461
5073	YDR520C	0.74601
5074	YMR052C-A	0.74601
5075	YER047C	0.74598
5076	YOL052C-A	0.74595
5077	YHR130C	0.74588
5078	YHR137C-A	0.74572
5079	YLR439W	0.74561
5080	YML099C	0.74551
5081	YGR057C	0.74546
5082	YJL112W	0.74541
5083	YDR163W	0.74539
5084	YDL002C	0.74536
5085	YPR030W	0.74535
5086	YNR022C	0.74526
5087	YEL072W	0.74525
5088	YPL183W-A	0.7452
5089	YBL025W	0.74517
5090	YLL032C	0.74506
5091	YMR047C	0.74504
5092	YMR237W	0.74503
5093	YHR078W	0.74502
5094	YNR007C	0.74499
5095	YPL163C	0.74498
5096	YKL106W	0.74497
5097	YBL006C	0.74497
5098	YNR006W	0.74495
5099	YKL122C	0.74493
5100	YPR133W-A	0.74491
5101	YPL242C	0.74483
5102	YGR096W	0.74471
5103	YDL191W	0.74465
5104	YDL136W	0.74465
5105	YMR326C	0.74461
5106	YDR072C	0.74459
5107	YKL106C-A	0.74446
5108	YKL121W	0.74431
5109	YOL101C	0.74428
5110	YIL042C	0.74426
5111	YLR336C	0.74426
5112	YLL035W	0.74426
5113	YDR081C	0.74419
5114	YNL047C	0.74417
5115	YDL114W	0.74407
5116	YML108W	0.74407
5117	YPR089W	0.74403
5118	YGR183C	0.74394
5119	YJR037W	0.74388
5120	YPL020C	0.74383
5121	YLR198C	0.74381
5122	YOL024W	0.7438
5123	YJL038C	0.74379
5124	YKL082C	0.74376
5125	YDR389W	0.74374
5126	YPL257W	0.74355
5127	YMR283C	0.74351
5128	YOR149C	0.74328
5129	YBR259W	0.74324
5130	YNR031C	0.74323
5131	YPL069C	0.74306
5132	YGL172W	0.743
5133	YOR371C	0.743
5134	YNL086W	0.74299
5135	YJL032W	0.74296
5136	YGL031C	0.74295
5137	YHR138C	0.74293
5138	YJR062C	0.7429
5139	YGL214W	0.74288
5140	YHL024W	0.74285
5141	YNL151C	0.74284
5142	YML002W	0.74282
5143	YOR249C	0.74273
5144	YAL011W	0.74272
5145	YKR015C	0.74272
5146	YHR053C	0.74268
5147	YHR055C	0.74268
5148	YBR122C	0.74266
5149	YLR177W	0.74265
5150	YHR109W	0.74262
5151	YPL233W	0.74259
5152	YHR101C	0.74255
5153	YMR077C	0.74255
5154	YOR190W	0.74249
5155	YHR136C	0.74247
5156	YEL025C	0.74244
5157	YDR507C	0.74234
5158	YBR240C	0.74232
5159	YER093C	0.74226
5160	YDR416W	0.74225
5161	YOR247W	0.74219
5162	YNL126W	0.74218
5163	YKL134C	0.74217
5164	YGL160W	0.74211
5165	YNL257C	0.74209
5166	YKR065C	0.74203
5167	YPL155C	0.74198
5168	YMR251W-A	0.74194
5169	YMR019W	0.74188
5170	YOL019W	0.74177
5171	YGL042C	0.74173
5172	YOR081C	0.74165
5173	YDL061C	0.74162
5174	YLR095C	0.74158
5175	YOR346W	0.74155
5176	YAR020C	0.74147
5177	YLR385C	0.74143
5178	YLR136C	0.74125
5179	YDR042C	0.74121
5180	YDR147W	0.74117
5181	YLL040C	0.74115
5182	YJL054W	0.74114
5183	YMR193C-A	0.74108
5184	YJL166W	0.74105
5185	YDL117W	0.74097
5186	YNL024C-A	0.74095
5187	YOR242C	0.74089
5188	YLR110C	0.74085
5189	YGR072W	0.74083
5190	YDR412W	0.74075
5191	YDL099W	0.74073
5192	YNL304W	0.74071
5193	YEL068C	0.74071
5194	YFR032C-B	0.74068
5195	YBR272C	0.74067
5196	YEL009C-A	0.74065
5197	YPR026W	0.7406
5198	YKR036C	0.74056
5199	YKR005C	0.74055
5200	YGL226W	0.74052
5201	YDR210W	0.7405
5202	YBR230W-A	0.74045
5203	YFL063W	0.74045
5204	YMR068W	0.74043
5205	YGL227W	0.74036
5206	YKR044W	0.74035
5207	YOR189W	0.74019
5208	YLR001C	0.74017
5209	YHR155W	0.74017
5210	YFR049W	0.74016
5211	YER038W-A	0.74012
5212	YEL061C	0.74011
5213	YLR204W	0.74009
5214	YFR043C	0.74006
5215	YPL150W	0.74004
5216	YMR061W	0.74004
5217	YPL139C	0.74
5218	YIL084C	0.73992
5219	YOR123C	0.73971
5220	YIR011C	0.73964
5221	YJR082C	0.73961
5222	YOR333C	0.73952
5223	YML107C	0.73947
5224	YJL062W-A	0.73947
5225	YDR470C	0.73939
5226	YHR093W	0.73938
5227	YPL141C	0.73934
5228	YMR185W	0.73926
5229	YER088W-B	0.73924
5230	YKL079W	0.73918
5231	YCR083W	0.73911
5232	YMR029C	0.7391
5233	YGR225W	0.73909
5234	YHR175W-A	0.73907
5235	YPR199C	0.73902
5236	YFR029W	0.73889
5237	YJL157C	0.73883
5238	YNL315C	0.73882
5239	YOL004W	0.73882
5240	YIL156W	0.73877
5241	YBR182C-A	0.73871
5242	YLR036C	0.7387
5243	YML083C	0.73867
5244	YDL045C	0.73855
5245	YDR363W	0.73834
5246	YJR108W	0.73833
5247	YMR122W-A	0.73831
5248	YFL007W	0.73826
5249	YOL118C	0.73825
5250	YPL278C	0.73822
5251	YNL224C	0.73807
5252	YLR149C	0.73805
5253	YGR108W	0.73804
5254	YLR422W	0.73796
5255	YPL178W	0.73794
5256	YEL062W	0.73785
5257	YGL102C	0.73781
5258	YPR079W	0.73778
5259	YDL183C	0.73774
5260	YJR110W	0.73773
5261	YLR356W	0.73773
5262	YDR511W	0.73765
5263	YLR453C	0.73761
5264	YMR171C	0.73751
5265	Q0075	0.73741
5266	YDR073W	0.7374
5267	YLR068W	0.73739
5268	YOL083W	0.73715
5269	YBR195C	0.73709
5270	YPL078C	0.73709
5271	YMR060C	0.73707
5272	YML129C	0.73689
5273	YPL041C	0.73679
5274	YMR133W	0.73669
5275	YHR058C	0.73662
5276	YGR075C	0.73659
5277	YPL037C	0.73658
5278	YBL010C	0.73655
5279	YLR222C-A	0.73652
5280	YGR280C	0.7365
5281	YAR009C	0.73646
5282	YHR105W	0.73635
5283	YBR212W	0.73633
5284	YDL113C	0.73632
5285	YBR098W	0.73628
5286	YGR156W	0.73625
5287	YGL013C	0.73622
5288	YDR365W-B	0.73618
5289	YLR127C	0.73615
5290	YLL049W	0.73612
5291	YDL077C	0.73605
5292	YHR153C	0.736
5293	YLR407W	0.73592
5294	YCL057W	0.73588
5295	YKR006C	0.73585
5296	YDL142C	0.73579
5297	YPL026C	0.73578
5298	YJR059W	0.73577
5299	YFR036W-A	0.73572
5300	YDL013W	0.7357
5301	YHR214C-B	0.73563
5302	YMR159C	0.73557
5303	YER034W	0.73553
5304	YAL065C	0.73552
5305	YOR098C	0.73552
5306	YDR315C	0.73549
5307	YNR025C	0.73549
5308	YMR158C-A	0.73546
5309	YDL074C	0.73545
5310	YGR274C	0.73539
5311	YDR489W	0.73538
5312	YNL166C	0.73536
5313	YDR141C	0.73531
5314	YMR046W-A	0.73525
5315	YDR119W	0.73522
5316	YPL115C	0.7352
5317	YLR067C	0.7352
5318	YDR252W	0.73506
5319	YCR003W	0.73506
5320	YCL058W-A	0.73504
5321	YBL060W	0.73499
5322	YGR039W	0.73495
5323	YKL149C	0.73494
5324	YKR098C	0.73489
5325	YOR238W	0.73475
5326	YHR035W	0.73471
5327	YKL183W	0.73467
5328	YLR299C-A	0.73463
5329	YDR485C	0.73457
5330	YOL040C	0.73447
5331	YDL016C	0.73446
5332	YOL078W	0.73441
5333	YCR099C	0.73417
5334	YMR111C	0.73417
5335	YLR262C-A	0.73416
5336	YMR258C	0.73416
5337	YPR027C	0.7341
5338	YLR442C	0.73403
5339	YLR256W-B/YLR256W-C	0.73399
5340	YDR222W	0.73396
5341	YGR017W	0.73394
5342	YBR269C	0.7339
5343	YNL254C	0.73385
5344	YGL029W	0.73377
5345	YNL127W	0.73373
5346	YER184C	0.73369
5347	YAL037W	0.73368
5348	YLR309C	0.73366
5349	YGL247W	0.73363
5350	YBR135W	0.73362
5351	YMR140W	0.73359
5352	YGR237C	0.73357
5353	YNL215W	0.73352
5354	YDR406W-A	0.73352
5355	YPL254W	0.73351
5356	YBL048W	0.73349
5357	YIL086C	0.73345
5358	YER138C	0.73335
5359	YPR022C	0.73329
5360	YLL013C	0.73325
5361	YNL139C	0.73324
5362	YOL104C	0.73324
5363	YDR246W	0.73321
5364	YJL092W	0.73316
5365	YPL105C	0.73315
5366	YKR008W	0.73315
5367	YKL099C	0.73313
5368	YOL103W-B	0.7331
5369	YOL159C-A	0.73307
5370	YHR154W	0.73304
5371	YML045W	0.733
5372	YPL257W-B	0.73293
5373	YMR194W	0.7329
5374	YDR255C	0.73279
5375	YGR038C-B	0.73269
5376	YJR027W	0.73267
5377	YNL295W	0.73266
5378	YCR018C-A	0.73259
5379	YKR027W	0.73255
5380	YGR198W	0.73255
5381	YDR098C-B	0.73252
5382	YIL056W	0.73249
5383	YIL071W-A	0.73246
5384	YOR260W	0.7324
5385	YDL228C	0.73236
5386	YGL142C	0.73234
5387	YLR157C-B	0.73233
5388	YLR091W	0.73228
5389	YJR091C	0.73223
5390	YGR148C	0.73215
5391	YER114C	0.73211
5392	YGR161C-D	0.73192
5393	YPR137C-B	0.73189
5394	YLR228C	0.73189
5395	YJL114W	0.73188
5396	YHR193C-A	0.73182
5397	YNL301C	0.73181
5398	YOL120C	0.73181
5399	YKL011C	0.73179
5400	YPL090C	0.73173
5401	YBR181C	0.73173
5402	YOR248W	0.73169
5403	YKL130C	0.7316
5404	YML039W	0.73155
5405	YMR050C	0.73153
5406	YNL013C	0.73153
5407	YJR041C	0.73139
5408	YPR158C-D	0.73137
5409	YMR274C	0.73133
5410	YLR224W	0.7313
5411	YOR063W	0.73123
5412	YOR228C	0.73123
5413	YJR029W	0.73121
5414	YER102W	0.73118
5415	YBL072C	0.73118
5416	YHR071W	0.73115
5417	YHL027W	0.73114
5418	YOR235W	0.73113
5419	YJL070C	0.73109
5420	YMR198W	0.73108
5421	YER035W	0.73107
5422	YOR142W-B	0.73096
5423	YMR070W	0.73091
5424	YKL032C	0.73087
5425	YHR165C	0.73081
5426	YLR344W	0.73079
5427	YKR004C	0.73078
5428	YBR012W-B	0.73077
5429	YDR316W-B	0.73072
5430	YMR059W	0.73069
5431	YDR156W	0.73064
5432	YHL009W-A	0.73054
5433	YGR027W-B	0.7305
5434	YOL017W	0.73045
5435	YAL063C-A	0.73036
5436	YDR071C	0.73035
5437	YJL020W-A	0.73033
5438	YGR174C	0.73032
5439	YLR227W-B	0.7303
5440	YBL014C	0.73029
5441	YOR115C	0.73025
5442	YKL016C	0.73022
5443	YDL127W	0.73022
5444	YOL032W	0.73018
5445	YKL110C	0.73016
5446	YGR171C	0.73005
5447	YGR034W	0.72999
5448	YDR192C	0.72998
5449	YPL021W	0.72992
5450	YDR318W	0.72989
5451	YLR350W	0.72988
5452	YNL201C	0.72988
5453	YER161C	0.72985
5454	YOR320C	0.72981
5455	YPR158W-B	0.72966
5456	YER160C	0.72965
5457	YNL011C	0.72962
5458	YBR128C	0.7296
5459	YLL019C	0.72957
5460	YOR373W	0.72951
5461	YLR035C-A	0.7295
5462	YER169W	0.7295
5463	YDR210C-D	0.72949
5464	YGR106C	0.72949
5465	YBR217W	0.72948
5466	YBR133C	0.72929
5467	YBL092W	0.72926
5468	YDR261C-D	0.72922
5469	YJL201W	0.72922
5470	YNL054W-B	0.72921
5471	YNL026W	0.72914
5472	YNL300W	0.72906
5473	YER041W	0.72894
5474	YER118C	0.72887
5475	YPR015C	0.72885
5476	YDL151C	0.72883
5477	YML076C	0.72874
5478	YPR109W	0.72855
5479	YER158W-A	0.72853
5480	YDR125C	0.72852
5481	YGR130C	0.72852
5482	YOR043W	0.7285
5483	YJR147W	0.72849
5484	YNL265C	0.72844
5485	YHR199C-A	0.72836
5486	YKL143W	0.72824
5487	YKR011C	0.72822
5488	YGL108C	0.72797
5489	YCR024C	0.72796
5490	YBR163W	0.72792
5491	YNL234W	0.72788
5492	YLR029C	0.72786
5493	YHR119W	0.72781
5494	YDR333C	0.7278
5495	YKL014C	0.72756
5496	YDL216C	0.72755
5497	YLR148W	0.72755
5498	YML016C	0.72745
5499	YOR329W-A	0.72743
5500	YBL028C	0.72725
5501	YMR048W	0.72721
5502	YBL005W-B	0.72721
5503	YNL165W	0.72714
5504	YLR150W	0.7271
5505	YLR191W	0.72707
5506	Q0080	0.72695
5507	YDL220C	0.72694
5508	YJL204C	0.72689
5509	YER071C	0.72687
5510	YDR484W	0.72681
5511	YGR049W	0.72681
5512	YIL046W-A	0.72676
5513	YMR045C	0.72675
5514	YNL050C	0.72667
5515	YGL230C	0.72667
5516	YNL284C-B	0.72665
5517	YDR495C	0.72653
5518	YJL084C	0.72647
5519	YDR261C-C	0.72644
5520	YKL138C	0.72643
5521	YCR082W	0.72639
5522	YMR014W	0.72638
5523	YMR176W	0.7263
5524	YIL077C	0.72626
5525	YMR134W	0.72623
5526	YBR072C-A	0.72614
5527	YOL003C	0.72612
5528	YGL189C	0.72607
5529	YNL230C	0.72595
5530	YPR158C-C	0.72586
5531	YGR053C	0.72583
5532	YMR121C	0.72577
5533	YDR133C	0.72571
5534	YDR231C	0.72569
5535	YGL237C	0.72563
5536	YKR029C	0.72561
5537	YGR084C	0.72556
5538	YNR004W	0.72545
5539	YOR169C	0.72543
5540	YJL044C	0.72528
5541	YPL249C-A	0.72527
5542	YIL093C	0.7252
5543	YOL103W-A	0.72515
5544	YJR060W	0.7251
5545	YOR083W	0.7251
5546	YOR170W	0.72501
5547	YML029W	0.72497
5548	YOR143C	0.72492
5549	YKL054C	0.72491
5550	YLR440C	0.72488
5551	YFL041W-A	0.72485
5552	YGL226C-A	0.72485
5553	YLR157C-A	0.72483
5554	YDR365W-A	0.72483
5555	YPL257W-A	0.72483
5556	YER137C-A	0.72483
5557	YJL099W	0.72475
5558	YBR171W	0.72473
5559	YDR464W	0.72466
5560	YLR187W	0.72463
5561	YOL013W-B	0.72458
5562	YDR197W	0.72456
5563	YKR054C	0.72449
5564	YMR065W	0.72449
5565	YBR290W	0.72447
5566	YNR077C	0.72447
5567	YCR016W	0.72444
5568	YER131W	0.72442
5569	YGR227W	0.72441
5570	YKR090W	0.72435
5571	YBR058C-A	0.72419
5572	YDL065C	0.72417
5573	YOR337W	0.72414
5574	YGL124C	0.72411
5575	YOR042W	0.7241
5576	YBR289W	0.72408
5577	YGL025C	0.72403
5578	YLR256W-A	0.72398
5579	YLR381W	0.72393
5580	YDL067C	0.7239
5581	YJL107C	0.72388
5582	Q0297	0.7237
5583	YLR459W	0.72366
5584	YCL024W	0.72362
5585	YKL205W	0.72351
5586	YOL131W	0.72326
5587	YKL072W	0.72316
5588	YCR020W-B	0.72308
5589	YPR042C	0.7229
5590	YDR228C	0.72284
5591	YJL122W	0.72279
5592	YGR215W	0.72264
5593	YFL019C	0.72259
5594	YDR124W	0.72259
5595	YNL297C	0.72256
5596	Q0110	0.72254
5597	YLR227W-A	0.72248
5598	YJR026W	0.72248
5599	YML040W	0.72248
5600	YDR131C	0.72246
5601	YOR193W	0.72223
5602	YOR097C	0.72213
5603	YFR042W	0.7221
5604	YPR075C	0.72209
5605	YPL034W	0.72199
5606	YDR200C	0.72196
5607	YOR329C	0.72195
5608	YKL038W	0.72179
5609	YDL098C	0.72179
5610	YLR142W	0.72178
5611	YHR006W	0.72173
5612	Q0143	0.72172
5613	YPL197C	0.72166
5614	YMR100W	0.72153
5615	YAR002W	0.72151
5616	YOR381W-A	0.72136
5617	YDR458C	0.72132
5618	YDR254W	0.72131
5619	YCR032W	0.72129
5620	YHR023W	0.72129
5621	YGL249W	0.72128
5622	YHR001W-A	0.7212
5623	YJR157W	0.72118
5624	YPR137C-A	0.7211
5625	YAR010C	0.7211
5626	YBR081C	0.72108
5627	YML101C-A	0.72101
5628	YPL216W	0.72092
5629	YOR336W	0.72091
5630	YDL152W	0.72082
5631	YDR295C	0.72065
5632	YPR174C	0.72058
5633	YDR159W	0.72057
5634	YJL016W	0.72048
5635	YDR118W	0.72045
5636	YNL204C	0.72043
5637	YAL027W	0.72043
5638	YNL136W	0.72042
5639	YDL149W	0.72037
5640	YCL039W	0.72023
5641	YDR317W	0.72022
5642	YEL017W	0.72014
5643	YPL040C	0.71989
5644	YLR278C	0.71982
5645	YCR018C	0.71978
5646	YOR127W	0.71969
5647	YLR408C	0.71962
5648	YHR102W	0.71956
5649	YGL174W	0.7194
5650	YPR117W	0.7194
5651	YOR152C	0.71939
5652	YJR138W	0.71933
5653	YGL038C	0.71925
5654	YBR257W	0.71919
5655	YJR107C-A	0.71918
5656	YJL013C	0.71911
5657	YBR012W-A	0.7191
5658	YLR165C	0.7191
5659	YHR004C	0.7191
5660	YJL133C-A	0.71907
5661	YJR127C	0.71903
5662	YGR147C	0.71896
5663	YML045W-A	0.71888
5664	YOL136C	0.71888
5665	YDR138W	0.71882
5666	YJL073W	0.71881
5667	YLR297W	0.7188
5668	YDR357C	0.71877
5669	YLR238W	0.71866
5670	YPL161C	0.71861
5671	YPR067W	0.71856
5672	YDR098C-A	0.71852
5673	YJR028W	0.71845
5674	YKL133C	0.71842
5675	YBR262C	0.71839
5676	YNR039C	0.71838
5677	YHR099W	0.71834
5678	YMR147W	0.71819
5679	YPR142C	0.71817
5680	YIL044C	0.71812
5681	YDL129W	0.71812
5682	YJR135C	0.71812
5683	YEL007W	0.71803
5684	YCL029C	0.71802
5685	YOR289W	0.71799
5686	YLR035C-B	0.71791
5687	YMR051C	0.71791
5688	YGR161C-C	0.71791
5689	YER159C-A	0.71791
5690	YDR316W-A	0.71791
5691	YPL076W	0.7179
5692	YDR229W	0.71777
5693	YHL020C	0.71777
5694	YBL107C	0.71771
5695	YGL136C	0.71765
5696	YDR057W	0.71763
5697	YMR151W	0.71752
5698	YDL204W	0.71747
5699	YDR202C	0.71739
5700	YDR170W-A	0.71737
5701	YPL096C-A	0.71732
5702	YEL018W	0.71711
5703	YOL100W	0.71692
5704	YMR073C	0.71691
5705	YJR043C	0.71687
5706	YIL139C	0.71684
5707	YLR082C	0.7168
5708	YCL014W	0.71676
5709	YER050C	0.71669
5710	YGR027W-A	0.71661
5711	YJL105W	0.71658
5712	YDR500C	0.71646
5713	YDR153C	0.71637
5714	YGR038C-A	0.7162
5715	YKL074C	0.71611
5716	YIL129C	0.71605
5717	YLR310C	0.71598
5718	YOR287C	0.71596
5719	YGR233C	0.71589
5720	YOR142W-A	0.71587
5721	YPR158W-A	0.71587
5722	YBR215W	0.71585
5723	YAL008W	0.71583
5724	YBL090W	0.71583
5725	YBR077C	0.71582
5726	YLR321C	0.71575
5727	YLR024C	0.71575
5728	YHR054C-B	0.71566
5729	YHR052C-B	0.71566
5730	YDL070W	0.71562
5731	YBR188C	0.71562
5732	YBL085W	0.71561
5733	YGR115C	0.71556
5734	YDL159W-A	0.71555
5735	YBR126W-A	0.71553
5736	YEL032C-A	0.71548
5737	YJR080C	0.71543
5738	YOR037W	0.71529
5739	YDR475C	0.71517
5740	YMR117C	0.71514
5741	YPR009W	0.71504
5742	YCR066W	0.71485
5743	YGR008C	0.71482
5744	YBR124W	0.7148
5745	YOR276W	0.71479
5746	YMR017W	0.71478
5747	YGL090W	0.71478
5748	YCL019W	0.71475
5749	YDR068W	0.71467
5750	YGR160W	0.71455
5751	YJL187C	0.71455
5752	YGR129W	0.71454
5753	YNR047W	0.71451
5754	YBL005W	0.7145
5755	YKL145W-A	0.71445
5756	YKR099W	0.71442
5757	YNL284C-A	0.71436
5758	YGR013W	0.71435
5759	YBR120C	0.71434
5760	YLR465C	0.71431
5761	YNL041C	0.71431
5762	YDR320C	0.71427
5763	YLR176C	0.71427
5764	YPR170W-A	0.71414
5765	YOR121C	0.7141
5766	YBL084C	0.71389
5767	YPR106W	0.71383
5768	YFR012W	0.71364
5769	YDL107W	0.71355
5770	YNL211C	0.71351
5771	YKR083C	0.71341
5772	YMR107W	0.71339
5773	YDR210C-C	0.71339
5774	YDR303C	0.71338
5775	YDR414C	0.71338
5776	YML047C	0.71335
5777	YLR185W	0.71329
5778	YBR239C	0.71319
5779	YDL121C	0.71318
5780	YGR030C	0.71315
5781	YNL314W	0.71315
5782	YDR089W	0.71293
5783	YGL093W	0.7129
5784	YGR161W-B	0.7129
5785	YFL002W-A	0.7129
5786	YDR462W	0.71276
5787	YGL113W	0.71274
5788	YJL113W	0.71266
5789	YDL197C	0.71256
5790	YER175W-A	0.71255
5791	YMR064W	0.71253
5792	YAL016C-B	0.71239
5793	YDL044C	0.71238
5794	YGR077C	0.71219
5795	YLL021W	0.71214
5796	YML009C	0.71209
5797	YKL025C	0.71206
5798	YPR134W	0.71204
5799	YOR385W	0.71198
5800	YDR261W-B	0.71196
5801	YDL173W	0.71191
5802	YGR038C-D/YGR038C-C	0.71191
5803	YIL112W	0.71184
5804	YMR032W	0.7118
5805	YHL009W-B	0.71179
5806	YLR437C	0.71157
5807	YOR192C-B	0.71151
5808	YIR014W	0.71147
5809	YER046W	0.71147
5810	YOR144C	0.71133
5811	Q0115	0.71131
5812	YDR529C	0.71122
5813	YMR031C	0.7111
5814	YKL061W	0.7111
5815	YOL015W	0.71098
5816	YEL014C	0.71095
5817	YDR034C-D	0.71089
5818	YDR299W	0.71088
5819	YCL001W	0.71088
5820	YML059C	0.71087
5821	YLR119W	0.71084
5822	YLR265C	0.71072
5823	YNL068C	0.71071
5824	YBR172C	0.71062
5825	YLR403W	0.7106
5826	YKR031C	0.71058
5827	YKR030W	0.71051
5828	YOR308C	0.71046
5829	YMR046C	0.71028
5830	YOR354C	0.71028
5831	YBL005W-A	0.7102
5832	YIL002W-A	0.71019
5833	YNL208W	0.71013
5834	YHL025W	0.71005
5835	YCR015C	0.71005
5836	YNL213C	0.70987
5837	YFR039C	0.70983
5838	YJL209W	0.70968
5839	YLR256W	0.70945
5840	YNL005C	0.70944
5841	YDR210W-B	0.70944
5842	YLR151C	0.7094
5843	YIL040W	0.70929
5844	YMR148W	0.70928
5845	YLR410W-B	0.70919
5846	YMR118C	0.70916
5847	YDR383C	0.70915
5848	YDR499W	0.70912
5849	YLR073C	0.70905
5850	YMR098C	0.70888
5851	YER054C	0.7088
5852	YPL060C-A	0.7087
5853	YBL100W-B	0.70864
5854	YOR078W	0.70856
5855	YGR076C	0.70846
5856	YDL106C	0.70844
5857	YJR093C	0.70838
5858	YLR437C-A	0.70836
5859	YOL044W	0.70825
5860	YMR191W	0.70822
5861	YBR033W	0.70813
5862	YLR173W	0.7081
5863	YGR222W	0.7081
5864	YPL039W	0.70804
5865	YNL164C	0.70793
5866	YER109C	0.70783
5867	YKL141W	0.7078
5868	YBL093C	0.70779
5869	YDR078C	0.70777
5870	YDR466W	0.70775
5871	YOR058C	0.70775
5872	YMR280C	0.70774
5873	YDL050C	0.70764
5874	YOR220W	0.70762
5875	YDL048C	0.70749
5876	YNL008C	0.70738
5877	YBL029W	0.70733
5878	YPR122W	0.70731
5879	YLR227C	0.70731
5880	YPL177C	0.70725
5881	YML114C	0.70717
5882	YML093W	0.70711
5883	YOL107W	0.70709
5884	YLR332W	0.70701
5885	YLL044W	0.70691
5886	YHR097C	0.70684
5887	YBR238C	0.70659
5888	YLR454W	0.70656
5889	YMR294W	0.70655
5890	YOR343W-B	0.70654
5891	YIL049W	0.7065
5892	YLR033W	0.70649
5893	YOL089C	0.70642
5894	YDR115W	0.70641
5895	YGL209W	0.70637
5896	YIL158W	0.70636
5897	YMR293C	0.70624
5898	YDR104C	0.70612
5899	YAL041W	0.70612
5900	YBR066C	0.70611
5901	YMR023C	0.7061
5902	YHR143W	0.70605
5903	YHR132W-A	0.70595
5904	YMR173W	0.70589
5905	YBR233W-A	0.70588
5906	YDR285W	0.70582
5907	YIR018W	0.70578
5908	YOL082W	0.70561
5909	YJL019W	0.70545
5910	YOR085W	0.7053
5911	YFR003C	0.70524
5912	YDR381C-A	0.70516
5913	YNL105W	0.70513
5914	YGL107C	0.70508
5915	YNL172W	0.70508
5916	YDR014W-A	0.70504
5917	YBR084C-A	0.70495
5918	YBL027W	0.70495
5919	YER084W-A	0.70487
5920	YIR030C	0.70478
5921	YOL117W	0.70476
5922	YIL019W	0.70472
5923	YFR023W	0.70472
5924	YLR313C	0.70462
5925	YIL102C-A	0.7046
5926	YHL009C	0.70446
5927	YBR197C	0.70446
5928	YBR270C	0.70418
5929	YMR018W	0.70405
5930	YML034W	0.70399
5931	YNL054W-A	0.70392
5932	YKL068W	0.70387
5933	YJL205C	0.70385
5934	Q0182	0.7038
5935	YDR176W	0.70378
5936	YGL197W	0.70349
5937	YNL266W	0.70346
5938	YIR003W	0.70327
5939	YGR161W-C	0.70325
5940	YIL149C	0.70323
5941	YNL183C	0.70307
5942	YBL051C	0.70304
5943	YPR002C-A	0.703
5944	YNR063W	0.70297
5945	YER173W	0.70282
5946	YKL063C	0.70273
5947	YDR486C	0.70266
5948	YFR054C	0.70258
5949	YCL021W-A	0.70232
5950	YDR350C	0.70229
5951	YGL215W	0.70222
5952	YGL159W	0.70189
5953	YER153C	0.70188
5954	YGR081C	0.70185
5955	YOR140W	0.70179
5956	YFR011C	0.70178
5957	YJL177W	0.70169
5958	YPR151C	0.70157
5959	YLR423C	0.7015
5960	YNL058C	0.70143
5961	YJL048C	0.70142
5962	YLR320W	0.70133
5963	YGR230W	0.70131
5964	YJL146W	0.70129
5965	YIL092W	0.70128
5966	YPL156C	0.70121
5967	YIL098C	0.70118
5968	YDR076W	0.70117
5969	YGL117W	0.70113
5970	YGL059W	0.70108
5971	YGL041W-A	0.70071
5972	YDR082W	0.70065
5973	YJL049W	0.70061
5974	YKR046C	0.70052
5975	YBR250W	0.70036
5976	YJL083W	0.70032
5977	YOR355W	0.70024
5978	YIR024C	0.70022
5979	YJR012C	0.69998
5980	YDR179C	0.69998
5981	YDR034C-C	0.69994
5982	YFL024C	0.69988
5983	YPL027W	0.69987
5984	YKR019C	0.69985
5985	YPL272C	0.69983
5986	YGR275W	0.6996
5987	YOR221C	0.69955
5988	YHR056C	0.69952
5989	YOR107W	0.69948
5990	YLR052W	0.69948
5991	YDR005C	0.69935
5992	YKR020W	0.69927
5993	YLR135W	0.69927
5994	YGR240C-A	0.6991
5995	YGR169C-A	0.69906
5996	YOR129C	0.69905
5997	YPR021C	0.69901
5998	YDR329C	0.69894
5999	YDR322W	0.69893
6000	YIR016W	0.69879
6001	YCL020W	0.69877
6002	YMR094W	0.69869
6003	YFL049W	0.69862
6004	YDR433W	0.69862
6005	YMR025W	0.69838
6006	YGR016W	0.69838
6007	YDR369C	0.69819
6008	YKR016W	0.69816
6009	YIL159W	0.69812
6010	YOR019W	0.69807
6011	YLR146W-A	0.69803
6012	YDR261W-A	0.69787
6013	YOL069W	0.69787
6014	YBR168W	0.69776
6015	YKL180W	0.69773
6016	YJR101W	0.69752
6017	YOR192C-A	0.6972
6018	YPR049C	0.69711
6019	YHR082C	0.697
6020	YNL196C	0.69692
6021	YNL245C	0.69692
6022	YCR043C	0.69692
6023	YPL016W	0.69689
6024	YMR153W	0.69678
6025	YKL101W	0.69672
6026	YMR284W	0.69667
6027	YPL146C	0.69654
6028	YPR061C	0.69635
6029	YLR242C	0.69633
6030	YHR141C	0.69627
6031	YNL162W	0.69627
6032	YJL176C	0.69615
6033	YOL138C	0.69611
6034	YLR057W	0.69606
6035	YBL043W	0.69602
6036	YBL109W	0.69599
6037	YOR186W	0.69598
6038	YDR240C	0.69595
6039	YCR097W	0.69593
6040	YNL210W	0.69582
6041	YLR211C	0.69556
6042	YOR297C	0.69551
6043	YLR424C-A	0.69547
6044	YDL170W	0.69539
6045	YJL170C	0.69528
6046	YNL070W	0.69525
6047	YGR079W	0.69522
6048	YDL005C	0.69501
6049	YBR016W	0.69498
6050	YAL034C	0.69498
6051	YMR172W	0.69487
6052	YDR451C	0.69486
6053	YLR182W	0.69483
6054	YJR021C	0.69481
6055	YNL156C	0.69478
6056	YBR184W	0.69467
6057	YJR134C	0.69463
6058	YLR098C	0.69458
6059	YBR056W-A	0.69426
6060	YDR066C	0.69412
6061	YPL189C-A	0.69403
6062	YHR167W	0.69394
6063	YGL176C	0.69394
6064	YGR161W-A	0.69393
6065	YFL002W-B	0.69393
6066	YLR263W	0.69391
6067	YHR017W	0.69368
6068	YBL059W	0.69365
6069	YDR377W	0.69362
6070	YPR068C	0.69349
6071	YLR376C	0.69347
6072	YGL081W	0.69344
6073	YMR119W	0.69333
6074	YKL048C	0.69322
6075	YBR108W	0.69308
6076	YPL174C	0.69305
6077	YPL256C	0.69298
6078	YDR119W-A	0.69283
6079	YLR424W	0.69272
6080	YLR410W-A	0.69269
6081	YBR194W	0.6926
6082	YIL031W	0.69259
6083	YGL162W	0.6925
6084	YML103C	0.69248
6085	YLR252W	0.69248
6086	YMR257C	0.69232
6087	YGR038C-E	0.69224
6088	YGR015C	0.69218
6089	YPL202C	0.69206
6090	YDR017C	0.69195
6091	YBL100W-A	0.69186
6092	YPL200W	0.6918
6093	YLR395C	0.6918
6094	YER122C	0.69162
6095	YDR034W-B	0.69161
6096	YDR043C	0.69155
6097	YGR150C	0.6915
6098	YHR131C	0.69129
6099	YJL118W	0.69126
6100	YPL018W	0.69119
6101	YLR307C-A	0.69116
6102	YBL053W	0.6911
6103	YDR469W	0.691
6104	YDR307W	0.69099
6105	YLL042C	0.69098
6106	YDR260C	0.69087
6107	YBR083W	0.69073
6108	YJL076W	0.69062
6109	YGL151W	0.69048
6110	YHR149C	0.6904
6111	YDR361C	0.69028
6112	YER129W	0.69024
6113	YBR230C	0.69012
6114	YOR298W	0.69005
6115	YLR094C	0.68986
6116	YER022W	0.68979
6117	YLR295C	0.68948
6118	YPL011C	0.68934
6119	YKL176C	0.68919
6120	YOR192C-C	0.68907
6121	YMR311C	0.68902
6122	YPR020W	0.68893
6123	YLR360W	0.68883
6124	YJR162C	0.6888
6125	YLL005C	0.68877
6126	YDL139C	0.68847
6127	YGR134W	0.68838
6128	YML113W	0.6883
6129	YPL168W	0.68818
6130	YGR098C	0.68799
6131	YLR040C	0.68788
6132	YBL039W-B	0.68781
6133	YMR052W	0.68771
6134	YOR028C	0.68769
6135	YJL066C	0.68754
6136	YOR304C-A	0.68737
6137	YMR282C	0.68733
6138	YPL166W	0.68722
6139	YKR034W	0.68707
6140	YDL012C	0.68699
6141	YIL071C	0.68698
6142	YFR057W	0.6869
6143	YBR136W	0.68679
6144	YER112W	0.6867
6145	YER121W	0.68656
6146	YJL180C	0.68655
6147	YBL052C	0.68653
6148	YPL120W	0.68641
6149	YBR182C	0.6864
6150	YPR070W	0.68617
6151	YIL055C	0.68606
6152	YGL096W	0.68603
6153	YBR173C	0.68602
6154	YKL159C	0.686
6155	YLR298C	0.68594
6156	YKL138C-A	0.68588
6157	YAL032C	0.68581
6158	YGL066W	0.68575
6159	YDL073W	0.68537
6160	YPL219W	0.68525
6161	YEL005C	0.68521
6162	YDR210W-A	0.6852
6163	YGR089W	0.68508
6164	YDR461C-A	0.68504
6165	YPL085W	0.68503
6166	YLR424C-B	0.68476
6167	YMR072W	0.68467
6168	YOR343W-A	0.68463
6169	YBR004C	0.68458
6170	YJR106W	0.6845
6171	YBR049C	0.68449
6172	YOR284W	0.68441
6173	YKL023W	0.68439
6174	YDL115C	0.68427
6175	YJR053W	0.68423
6176	YGR251W	0.68415
6177	YPL075W	0.68404
6178	YPR007C	0.68364
6179	YJL056C	0.68358
6180	YBR057C	0.68329
6181	YGR250C	0.68316
6182	YGR168C	0.68306
6183	YLR287C-A	0.68295
6184	YOR182C	0.68295
6185	YDR034C	0.68295
6186	YFR032C-A	0.68293
6187	YOR266W	0.68286
6188	YNR045W	0.6828
6189	YPL130W	0.68278
6190	YJR086W	0.68238
6191	YDR169C	0.68235
6192	R0030W	0.68223
6193	YKL225W	0.68223
6194	YDL056W	0.68218
6195	YNL159C	0.68214
6196	YER181C	0.68188
6197	YGR151C	0.6818
6198	YKL162C-A	0.68175
6199	YBR131W	0.68167
6200	YPL052W	0.68165
6201	YMR187C	0.68161
6202	YMR256C	0.6814
6203	YHR182W	0.68124
6204	YDR379W	0.68121
6205	YFR040W	0.68115
6206	YMR066W	0.68114
6207	YML128C	0.68112
6208	YML017W	0.68105
6209	YDL199C	0.68097
6210	YNL133C	0.68091
6211	YML041C	0.68071
6212	YOR047C	0.68066
6213	YKL092C	0.68055
6214	YML037C	0.68045
6215	YDR371W	0.68042
6216	YJR092W	0.68041
6217	YKR095W	0.68041
6218	YLR404W	0.68034
6219	YDR201W	0.68027
6220	YLR271W	0.68024
6221	YLL047W	0.68013
6222	YBR225W	0.67996
6223	YGR140W	0.67994
6224	YLR267W	0.67981
6225	YER028C	0.67966
6226	YOR313C	0.67963
6227	YBL103C	0.6795
6228	YLR282C	0.67939
6229	YDR143C	0.6791
6230	YMR030W	0.67883
6231	YPR043W	0.67825
6232	YJR094W-A	0.67825
6233	YGL229C	0.67814
6234	YDR348C	0.67798
6235	YKL162C	0.67795
6236	YCL061C	0.67792
6237	YDL176W	0.67785
6238	YHR159W	0.67785
6239	YOR030W	0.67781
6240	YHL023C	0.67768
6241	YDR532C	0.67763
6242	YGL086W	0.6774
6243	YMR164C	0.67739
6244	YDL211C	0.67731
6245	YIR033W	0.67728
6246	YDR123C	0.67717
6247	YKL050C	0.67716
6248	YML081W	0.67712
6249	YDR235W	0.67708
6250	YGL194C-A	0.6768
6251	YLR079W	0.67679
6252	YPL193W	0.67676
6253	YJL103C	0.67668
6254	YDL181W	0.67663
6255	YOR350C	0.6766
6256	YMR299C	0.67646
6257	YDL169C	0.6763
6258	YBL063W	0.67622
6259	YPR164W	0.67597
6260	YDL235C	0.67577
6261	YGR067C	0.67573
6262	YOR177C	0.67565
6263	YCR081W	0.67565
6264	YBR056C-B	0.67556
6265	YDL082W	0.67556
6266	YJL189W	0.67553
6267	YLR327C	0.67551
6268	YLR230W	0.67547
6269	YIL117C	0.67512
6270	YOR208W	0.67511
6271	YBR013C	0.67511
6272	YDR524C	0.67507
6273	YLR201C	0.67502
6274	YKL108W	0.67484
6275	YMR016C	0.67464
6276	YPR095C	0.67454
6277	YER093C-A	0.6745
6278	YOR137C	0.6743
6279	YBL088C	0.67391
6280	YPR013C	0.67387
6281	YPL253C	0.67379
6282	YGR142W	0.67363
6283	YGL075C	0.67337
6284	YJL207C	0.67326
6285	YCR033W	0.67321
6286	YDR505C	0.67311
6287	YJL058C	0.673
6288	YDR146C	0.67291
6289	YDR065W	0.6729
6290	YKL020C	0.67287
6291	YLR219W	0.67256
6292	YDR217C	0.67239
6293	YMR142C	0.67207
6294	Q0092	0.67194
6295	YNL053W	0.6719
6296	YDL020C	0.67168
6297	YOR104W	0.67161
6298	YNL144C	0.67153
6299	YOR255W	0.67136
6300	YKL171W	0.67133
6301	YGL073W	0.67128
6302	YPR044C	0.67051
6303	YAR014C	0.67044
6304	YIL097W	0.67038
6305	YMR163C	0.66992
6306	YCL005W	0.66977
6307	YBR152W	0.6695
6308	YIL037C	0.66913
6309	YGL005C	0.66906
6310	YCL028W	0.66902
6311	YNL054W	0.66894
6312	YGR196C	0.66857
6313	YOR114W	0.66854
6314	YJR003C	0.66847
6315	YNR024W	0.66847
6316	YBR140C	0.66845
6317	YPR101W	0.66812
6318	YML043C	0.66785
6319	YDR166C	0.6678
6320	YPL118W	0.66762
6321	YJR089W	0.66758
6322	YIL127C	0.66745
6323	YJL095W	0.66744
6324	YDR457W	0.66742
6325	YGL071W	0.66725
6326	YGR249W	0.6671
6327	YDR422C	0.66708
6328	YNL115C	0.66679
6329	Q0010	0.66675
6330	YPL099C	0.6666
6331	YMR199W	0.66641
6332	YML007W	0.66638
6333	YER075C	0.6663
6334	YNL309W	0.66617
6335	YIL136W	0.66498
6336	YPR036W-A	0.66478
6337	YDR195W	0.66468
6338	YLR139C	0.66464
6339	YER045C	0.66457
6340	YPR084W	0.66455
6341	YNL199C	0.6644
6342	YIL144W	0.66436
6343	YPR185W	0.66407
6344	YLR042C	0.66402
6345	YBR275C	0.66402
6346	YDR029W	0.66385
6347	YNL046W	0.66378
6348	YOR148C	0.66377
6349	YJR005C-A	0.66364
6350	YDL206W	0.66352
6351	YNL225C	0.66346
6352	YIL101C	0.66338
6353	YOL081W	0.66333
6354	YPL049C	0.66329
6355	YDR103W	0.66328
6356	YNL100W	0.66319
6357	YHR156C	0.66318
6358	YAL028W	0.66318
6359	YOL070C	0.66316
6360	YOR349W	0.66301
6361	YML027W	0.66269
6362	YFL033C	0.66257
6363	YKR037C	0.66248
6364	YOR032C	0.66243
6365	YER044C-A	0.6623
6366	YKL052C	0.66218
6367	YDR016C	0.66215
6368	YDL088C	0.66205
6369	YOL109W	0.66201
6370	YGL219C	0.66184
6371	YLR254C	0.66161
6372	YGL061C	0.66161
6373	YOR113W	0.66147
6374	YNL157W	0.66121
6375	YLR353W	0.6612
6376	YLR031W	0.66095
6377	YLL033W	0.66089
6378	YHR184W	0.66085
6379	YLL003W	0.66083
6380	YGL138C	0.6603
6381	YDR443C	0.66006
6382	YAL040C	0.65988
6383	YAL010C	0.65977
6384	YKR091W	0.65973
6385	YEL057C	0.65961
6386	YFR019W	0.65959
6387	YLR431C	0.65946
6388	YMR232W	0.65936
6389	YLR099W-A	0.65928
6390	YHR036W	0.65922
6391	YDR069C	0.65922
6392	YLL065W	0.65903
6393	YOL031C	0.65889
6394	YDL130W-A	0.65852
6395	YGR041W	0.65846
6396	YHR195W	0.65846
6397	YOR264W	0.6583
6398	YBL054W	0.65813
6399	YPL033C	0.65806
6400	YDR181C	0.65794
6401	YKR045C	0.65772
6402	YGR161C	0.65697
6403	YLR221C	0.65646
6404	YDR310C	0.65601
6405	YLR363W-A	0.65586
6406	YDR494W	0.65539
6407	YNR014W	0.65518
6408	YNL152W	0.65507
6409	YML062C	0.65498
6410	YMR195W	0.65488
6411	YHR214W-A	0.65464
6412	YBR148W	0.65459
6413	YHR103W	0.65457
6414	YFR008W	0.65455
6415	YML009C-A	0.65447
6416	YDL189W	0.65445
6417	YDL239C	0.65441
6418	YOL029C	0.6544
6419	YGR153W	0.65347
6420	YPR005C	0.65323
6421	YJL110C	0.65322
6422	YJR030C	0.65317
6423	YOR076C	0.65308
6424	YIL036W	0.65278
6425	YBL009W	0.65272
6426	YAR068W	0.65267
6427	YDL224C	0.6525
6428	YDR088C	0.65249
6429	YOR214C	0.65228
6430	YJL149W	0.65211
6431	YER149C	0.65203
6432	YIR010W	0.65184
6433	YNL195C	0.65087
6434	YDR151C	0.65021
6435	YLR312C	0.65003
6436	YOR342C	0.64995
6437	YDL027C	0.64969
6438	YOL007C	0.64938
6439	YFL014W	0.64938
6440	YNR009W	0.64938
6441	YBR050C	0.64814
6442	YMR270C	0.64796
6443	YNL018C	0.64791
6444	YGR179C	0.64751
6445	YNL167C	0.64732
6446	YLR190W	0.64714
6447	YER038C	0.64699
6448	YLR315W	0.64688
6449	YHR079C-A	0.64682
6450	YMR219W	0.64655
6451	YER088C	0.64654
6452	YBR063C	0.64641
6453	YHL029C	0.64581
6454	YJL181W	0.6458
6455	YGL079W	0.64576
6456	YKR100C	0.64565
6457	YBR201C-A	0.64555
6458	YML015C	0.64543
6459	YKL068W-A	0.64538
6460	YNR049C	0.64537
6461	YGL175C	0.64528
6462	YKR010C	0.64503
6463	YHR177W	0.64499
6464	YDR277C	0.64489
6465	YNL034W	0.64482
6466	YPL250C	0.64455
6467	YBL046W	0.64449
6468	YEL043W	0.64446
6469	YAL031C	0.64415
6470	YPL201C	0.64385
6471	YLR373C	0.64378
6472	YIL045W	0.64347
6473	YPL158C	0.64332
6474	YNL091W	0.64303
6475	YLR352W	0.64301
6476	YJR011C	0.64297
6477	YLR018C	0.64269
6478	YER132C	0.64255
6479	YCL051W	0.64245
6480	YLR334C	0.64212
6481	YOR147W	0.64211
6482	YPL070W	0.64204
6483	YLR436C	0.64188
6484	YPR171W	0.64164
6485	YOR062C	0.64162
6486	YLR131C	0.64126
6487	YDL133C-A	0.64121
6488	YDL184C	0.64121
6489	YDR216W	0.6412
6490	YGR273C	0.64118
6491	YDR030C	0.64106
6492	YOR053W	0.64036
6493	YPL269W	0.64022
6494	YFR017C	0.64021
6495	YNL197C	0.64009
6496	YKR078W	0.63979
6497	YOL091W	0.63968
6498	YDR227W	0.63855
6499	YOR073W	0.63827
6500	YKL062W	0.63813
6501	YJL144W	0.63812
6502	YBR047W	0.63798
6503	YLR030W	0.63762
6504	YDL076C	0.63703
6505	YLR341W	0.63703
6506	YDR374C	0.63701
6507	YMR204C	0.63638
6508	YDR096W	0.63631
6509	YMR174C	0.63619
6510	YCL027W	0.63617
6511	YFL021W	0.63588
6512	YDL089W	0.6352
6513	YML058W	0.63515
6514	YDR014W	0.63467
6515	YMR179W	0.63462
6516	YDR515W	0.63417
6517	YLR273C	0.63383
6518	YDR446W	0.63376
6519	YML009W-B	0.63354
6520	YOL025W	0.63322
6521	YJL185C	0.63316
6522	YGR071C	0.63302
6523	YAL024C	0.63265
6524	YPL054W	0.63241
6525	YBR203W	0.63178
6526	YBR076W	0.63175
6527	YGL223C	0.63173
6528	YDL069C	0.6316
6529	YOR158W	0.63144
6530	YBR007C	0.63102
6531	YGL057C	0.63092
6532	YPR078C	0.63047
6533	YHR152W	0.63046
6534	YMR086W	0.63016
6535	YOR178C	0.63005
6536	YNL042W	0.62996
6537	YKL204W	0.62961
6538	YDL186W	0.62942
6539	YDR239C	0.62904
6540	YDL223C	0.62885
6541	YCL044C	0.62841
6542	YBL034C	0.62831
6543	YOR195W	0.62784
6544	YLR283W	0.62754
6545	YDR219C	0.62709
6546	YPL230W	0.62704
6547	YMR003W	0.6266
6548	YMR124W	0.62608
6549	YKL093W	0.62593
6550	YJR056C	0.62528
6551	YCR065W	0.62526
6552	YGL035C	0.62526
6553	YDR223W	0.62524
6554	YPR158W	0.62491
6555	YDR207C	0.62472
6556	YBR255W	0.62455
6557	YPL068C	0.62416
6558	YNL103W	0.6237
6559	YDR113C	0.62358
6560	YOR352W	0.62349
6561	YDR356W	0.62306
6562	YDR070C	0.62258
6563	YER040W	0.62217
6564	YGR126W	0.62187
6565	YER158C	0.62187
6566	YNL311C	0.62173
6567	YDR275W	0.62136
6568	YPL077C	0.62127
6569	YFR046C	0.62108
6570	YHR160C	0.62098
6571	YMR160W	0.62087
6572	YER155C	0.6203
6573	Q0255	0.62026
6574	YKL185W	0.62019
6575	YMR135C	0.61993
6576	YGL023C	0.61968
6577	YGR113W	0.61947
6578	YGR023W	0.61907
6579	YFL012W	0.61906
6580	YOR066W	0.61889
6581	YDR028C	0.6187
6582	YHR054C	0.61835
6583	YNL027W	0.61834
6584	YDR439W	0.61763
6585	YMR075W	0.61697
6586	YJL090C	0.61659
6587	YER104W	0.61629
6588	YER111C	0.61623
6589	YDR259C	0.61615
6590	YLR102C	0.61556
6591	YIL119C	0.61516
6592	YDR022C	0.61491
6593	YPL014W	0.61459
6594	YBR130C	0.61445
6595	YLR394W	0.61363
6596	YNL176C	0.61362
6597	YDR351W	0.61319
6598	YIL122W	0.61296
6599	YKL112W	0.61288
6600	YGR035C	0.61285
6601	Q0144	0.61281
6602	YOR023C	0.61218
6603	YJL162C	0.61175
6604	YDR425W	0.61153
6605	YLR053C	0.61134
6606	YGR120C	0.61116
6607	YHR014W	0.61102
6608	YPR145C-A	0.61071
6609	YJL051W	0.61037
6610	YOR324C	0.61011
6611	YBR095C	0.61009
6612	YCL063W	0.60978
6613	YDR249C	0.60978
6614	YOR359W	0.60967
6615	YMR273C	0.60936
6616	YER106W	0.60864
6617	YNL214W	0.60864
6618	YML091C	0.60848
6619	YGL021W	0.60763
6620	YLR223C	0.60742
6621	YPL055C	0.60721
6622	YLR445W	0.60702
6623	YDR130C	0.60674
6624	YBR156C	0.60654
6625	YNL233W	0.60649
6626	YMR144W	0.60604
6627	YNL076W	0.60604
6628	YKL042W	0.60592
6629	YAL047C	0.60534
6630	YJR083C	0.60505
6631	YGL222C	0.60494
6632	YML109W	0.60487
6633	YBR165W	0.60486
6634	YBR045C	0.6041
6635	YMR255W	0.60392
6636	YIL146C	0.60162
6637	YPL071C	0.60139
6638	YKR022C	0.60108
6639	YKL065W-A	0.60078
6640	YOL036W	0.60076
6641	YER130C	0.60061
6642	YKL105C	0.59884
6643	YHR157W	0.59762
6644	YER124C	0.59613
6645	YPR046W	0.59587
6646	YPL159C	0.59576
6647	YGL128C	0.59549
6648	YDR184C	0.59431
6649	YGR239C	0.59383
6650	YIR025W	0.59369
6651	YGL015C	0.59361
6652	YOR044W	0.59321
6653	YPL180W	0.59254
6654	YLR257W	0.59231
6655	YER167W	0.59211
6656	YPL255W	0.59069
6657	YML053C	0.59018
6658	YJL161W	0.58995
6659	YJL147C	0.58971
6660	YPL267W	0.58954
6661	YGR221C	0.58881
6662	YNL074C	0.58802
6663	YPL089C	0.58481
6664	YNL078W	0.5848
6665	YDR085C	0.58431
6666	YPL066W	0.58351
6667	YMR036C	0.58316
6668	YPR008W	0.58149
6669	YOR372C	0.58126
6670	YBR285W	0.58115
6671	YDL180W	0.581
6672	YKL023C-A	0.58008
6673	YBL031W	0.57979
6674	YDR528W	0.57968
6675	YDR186C	0.57931
6676	YLR049C	0.57783
6677	YKR077W	0.57735
6678	YOL106W	0.57712
6679	YNL188W	0.57606
6680	YML119W	0.57505
6681	YIL135C	0.57458
6682	YPL121C	0.57415
6683	YML112W	0.57236
6684	YHR061C	0.57228
6685	YJL089W	0.57124
6686	YOR279C	0.57034
6687	YMR206W	0.57022
6688	YBR071W	0.57015
6689	YDR480W	0.56858
6690	YMR037C	0.56742
6691	YPR065W	0.56695
6692	YOR315W	0.56629
6693	YER180C	0.56572
6694	YER033C	0.56528
6695	YPL223C	0.56513
6696	YLR457C	0.56379
6697	YBR211C	0.56245
6698	YDR309C	0.56238
6699	YNL146W	0.56212
6700	YPL124W	0.56085
6701	YML006C	0.55895
6702	YMR175W	0.55665
6703	YHR185C	0.55356
6704	YMR136W	0.55347
6705	YER032W	0.54693
6706	YPR083W	0.54611
6707	YML003W	0.54572
6708	YGL170C	0.54398
6709	YPL229W	0.54186
6710	YKL109W	0.54055
6711	YNR010W	0.53984
6712	YGL036W	0.53812
6713	YMR181C	0.53752
6714	YBL081W	0.53216
6715	YFR036W	0.53137
6716	YIL152W	0.52742
6717	YER079W	0.52694
6718	YMR252C	0.52208
6719	YBR157C	0.52178
6720	Q0140	0.51014
6721	YBR138C	0.50818
6722	YKR075C	0.50453
6723	YMR081C	0.50386
6724	Q0032	0.50183
6725	YDL007C-A	0.47813
6726	YGR146C	0.47374
6727	YJR094C	0.47315
6728	YNL155C-A	0.32224
6729	YNL040C-A	0.32224
6730	YMR106W-A	0.32224
6731	YFR035W-A	0.32224
6732	YGR016C-A	0.32224
6733	YDL204W-A	0.32224
