rank	yeast_gene	cosine
1	YGR281W	0.97699
2	YOR087W	0.97678
3	YDR093W	0.97643
4	YER166W	0.97588
5	YOL075C	0.9752
6	YAL026C	0.97511
7	YCR011C	0.97389
8	YDR039C	0.97164
9	YNL095C	0.97127
10	YDR038C	0.97126
11	YHR030C	0.97114
12	YDR135C	0.97113
13	YJR001W	0.97104
14	YDR040C	0.97077
15	YGL201C	0.97058
16	YLR467W	0.97013
17	YOR396W	0.97013
18	YDR545W	0.97013
19	YER026C	0.96984
20	YGL006W	0.96979
21	YKL039W	0.96968
22	YNL339C	0.96965
23	YGR296W	0.96956
24	YPL283C	0.96955
25	YHL003C	0.96953
26	YIR026C	0.96889
27	YER190W	0.96858
28	YDL001W	0.96857
29	YBR295W	0.96839
30	YOL122C	0.96815
31	YJL225C	0.96814
32	YIL177C	0.968
33	YHR005C	0.96785
34	YGR092W	0.96785
35	YPL006W	0.96776
36	YML133C	0.96746
37	YMR080C	0.96737
38	YMR054W	0.96737
39	YIL001W	0.96731
40	YLL066C	0.96714
41	YKL078W	0.96685
42	YBL111C	0.96658
43	YBR080C	0.96623
44	YLL067C	0.9661
45	YBR202W	0.96599
46	YPL221W	0.96584
47	YHR218W	0.96561
48	YHR032W	0.96547
49	YBR023C	0.96533
50	YHL017W	0.96532
51	YCR048W	0.96524
52	YKL166C	0.96524
53	YOR326W	0.96493
54	YNR019W	0.9649
55	YDR490C	0.96477
56	YDR264C	0.96471
57	YBR235W	0.96446
58	YPR111W	0.96432
59	YJL198W	0.96428
60	YDR456W	0.96423
61	YLR398C	0.96412
62	YER089C	0.9641
63	YLR152C	0.96401
64	YBR038W	0.96394
65	YPL153C	0.96379
66	YEL031W	0.96361
67	YDL007W	0.96358
68	YGR100W	0.9635
69	YBR043C	0.96348
70	YNL307C	0.96342
71	YNL125C	0.9633
72	YPR019W	0.96325
73	YOL016C	0.963
74	YNR011C	0.96296
75	YER125W	0.9629
76	YKR050W	0.9628
77	YOR092W	0.96253
78	YJR124C	0.96247
79	YJL094C	0.96236
80	YLR466W	0.96231
81	YGR197C	0.96217
82	YER019W	0.96203
83	YGL163C	0.96202
84	YLR411W	0.96191
85	YBL023C	0.96173
86	YAL022C	0.96171
87	YMR288W	0.96169
88	YGR152C	0.9615
89	YGL130W	0.9615
90	YAL029C	0.96142
91	YOL084W	0.9612
92	YLR137W	0.96117
93	YGL139W	0.96103
94	YEL064C	0.961
95	YPL042C	0.96097
96	YGR271W	0.96095
97	YGR040W	0.96091
98	YBL105C	0.96068
99	YMR306W	0.96068
100	YLR241W	0.96065
101	YMR034C	0.96061
102	YEL032W	0.9606
103	YML068W	0.9605
104	YKR053C	0.96047
105	YLR397C	0.96031
106	YBR245C	0.9603
107	YNL275W	0.96007
108	YOR034C	0.95996
109	YHR050W	0.95986
110	YPL122C	0.95985
111	YDL057W	0.95984
112	YOL103W	0.95984
113	YMR285C	0.95976
114	YGL002W	0.95969
115	YJR049C	0.95968
116	YML018C	0.95965
117	YLR092W	0.95962
118	YDL188C	0.95957
119	YDR074W	0.95954
120	YER020W	0.95947
121	YIL121W	0.95944
122	YOR270C	0.95938
123	YGR138C	0.95938
124	YHR132C	0.95932
125	YOR273C	0.95917
126	YEL041W	0.95901
127	YER119C	0.95892
128	YJR072C	0.9589
129	YGL120C	0.9588
130	YOL137W	0.95879
131	YKL135C	0.95877
132	YDL160C	0.95873
133	YDR196C	0.95871
134	YDL018C	0.9587
135	YFR014C	0.95868
136	YKL146W	0.95864
137	YOR011W	0.95861
138	YFL028C	0.95859
139	YER013W	0.95839
140	YGR065C	0.95835
141	YPR103W	0.95832
142	YLR138W	0.9583
143	YJL134W	0.9583
144	YCR037C	0.95829
145	YGR055W	0.9582
146	YDL132W	0.95811
147	YMR266W	0.9581
148	YIL120W	0.9581
149	YOL112W	0.95794
150	YER176W	0.95791
151	YGL017W	0.95786
152	YMR162C	0.95785
153	YOR380W	0.95773
154	YOL065C	0.95768
155	YKL145W	0.95767
156	YOR250C	0.95765
157	YJL164C	0.9576
158	YGL167C	0.95758
159	YBR241C	0.95758
160	YOR155C	0.95748
161	YER145C	0.95736
162	YFR028C	0.95728
163	YOR304W	0.9572
164	YOR101W	0.95715
165	YOL130W	0.95715
166	YBR073W	0.95714
167	YHR110W	0.95708
168	YHR031C	0.95701
169	YKL126W	0.95688
170	YOR165W	0.95683
171	YIL068C	0.9567
172	YAL053W	0.9567
173	YEL077C	0.95668
174	YPL226W	0.95665
175	YGR032W	0.95662
176	YFR009W	0.95643
177	YDR508C	0.95635
178	YNR055C	0.95635
179	YFR031C	0.95611
180	YDL102W	0.95604
181	YDL134C	0.95599
182	YJR015W	0.95592
183	YOR351C	0.95592
184	YCR068W	0.95591
185	YDR497C	0.95585
186	YIL047C	0.9558
187	YCR106W	0.9558
188	YNR032W	0.95577
189	YML075C	0.95575
190	YLR410W	0.95571
191	YKL104C	0.95569
192	YFL050C	0.95567
193	YPL204W	0.95561
194	YPL092W	0.9556
195	YKR018C	0.95543
196	YOR172W	0.95537
197	YCR061W	0.95535
198	YPL051W	0.95533
199	YDL108W	0.95521
200	YOL132W	0.9552
201	YIR002C	0.95517
202	YNR048W	0.95513
203	YCR023C	0.95502
204	YIL088C	0.95495
205	YLR277C	0.95494
206	YNL288W	0.95493
207	YOL062C	0.95491
208	YNR003C	0.95489
209	YPL151C	0.95487
210	YNL093W	0.95483
211	YKR002W	0.9548
212	YPL031C	0.95477
213	YLR005W	0.95468
214	YIL109C	0.95458
215	YDR243C	0.95443
216	YNL223W	0.95434
217	YPL203W	0.95425
218	YOL066C	0.95421
219	YKR088C	0.95418
220	YGR004W	0.95414
221	YPL058C	0.95413
222	YIR028W	0.95407
223	YDR011W	0.95405
224	YBR294W	0.95402
225	YLR213C	0.95395
226	YMR089C	0.95391
227	YGL140C	0.95369
228	YJR143C	0.95368
229	YDR291W	0.95362
230	YOR048C	0.95354
231	YMR196W	0.95352
232	YOR084W	0.95348
233	YER133W	0.95339
234	YLR130C	0.95338
235	YNL098C	0.95326
236	YPR190C	0.95323
237	YLR034C	0.95321
238	YPL213W	0.95318
239	YOR292C	0.95311
240	YPR003C	0.95309
241	YML067C	0.95303
242	YMR210W	0.95293
243	YOR384W	0.95292
244	YJL093C	0.95291
245	YOR117W	0.95287
246	YDR375C	0.95285
247	YCR027C	0.95282
248	YPL208W	0.95281
249	YKL217W	0.95281
250	YDR452W	0.9528
251	YLR342W	0.95279
252	YGL252C	0.95276
253	YKR051W	0.95274
254	YBR236C	0.9527
255	YNL323W	0.95268
256	YHR012W	0.95268
257	YLR189C	0.95262
258	YLR268W	0.9526
259	YJR040W	0.95259
260	YFR048W	0.95252
261	YLR188W	0.95247
262	YMR224C	0.95243
263	YNL207W	0.95243
264	YPR156C	0.95242
265	YKR026C	0.95241
266	YLL028W	0.95236
267	YER164W	0.95232
268	YPL015C	0.95232
269	YMR001C	0.9523
270	YER017C	0.95226
271	YLR170C	0.95224
272	YAL023C	0.95224
273	YOR321W	0.95224
274	YCL036W	0.95223
275	YPL119C	0.95222
276	YKL027W	0.95219
277	YGR007W	0.95217
278	YOR381W	0.95216
279	YFL008W	0.95213
280	YIL048W	0.95212
281	YGR224W	0.95212
282	YBR029C	0.95208
283	YLR108C	0.95203
284	YDR170C	0.95197
285	YBR264C	0.95195
286	YGR029W	0.95191
287	YOR013W	0.9519
288	YOR339C	0.95187
289	YFR051C	0.95185
290	YML077W	0.95184
291	YBR243C	0.95182
292	YBR187W	0.95175
293	YNL154C	0.95169
294	YNL024C	0.95168
295	YLR324W	0.95168
296	YPL175W	0.95168
297	YMR138W	0.95165
298	YBR287W	0.95152
299	YJR129C	0.95152
300	YDL097C	0.9515
301	YJL082W	0.95148
302	YMR101C	0.95142
303	YHR135C	0.95141
304	YKL161C	0.95138
305	YOR358W	0.95136
306	YGL208W	0.95134
307	YBR220C	0.95134
308	YOL158C	0.95133
309	YKR001C	0.9513
310	YCL010C	0.95127
311	YDR051C	0.95124
312	YAL042W	0.95123
313	YDR465C	0.95122
314	YIL014W	0.95118
315	YLR113W	0.95116
316	YJL035C	0.95104
317	YNL021W	0.95104
318	YFL042C	0.95102
319	YMR319C	0.95096
320	YNR013C	0.95092
321	YDR313C	0.95083
322	YOR162C	0.95081
323	YDR270W	0.95079
324	YDL230W	0.95078
325	YKL008C	0.95076
326	YGL047W	0.95074
327	YDR516C	0.9507
328	YFR015C	0.95065
329	YLR220W	0.95062
330	YAL021C	0.95057
331	YCR069W	0.95054
332	YHL047C	0.95053
333	YHL036W	0.95051
334	YGR125W	0.95051
335	YDR411C	0.9505
336	YKL129C	0.95048
337	YPR024W	0.95048
338	YBL011W	0.95048
339	YIL013C	0.95039
340	YML065W	0.95037
341	YBR021W	0.95034
342	YIL103W	0.95029
343	YFR018C	0.95028
344	YNL237W	0.95027
345	YIL030C	0.95026
346	YOL009C	0.95024
347	YJL124C	0.95023
348	YPL206C	0.95022
349	YGR163W	0.9502
350	YHR168W	0.95018
351	YGR048W	0.95013
352	YDR514C	0.95007
353	YKR105C	0.95006
354	YNL102W	0.95004
355	YMR084W	0.95001
356	YOR328W	0.94997
357	YNL161W	0.94992
358	YKR084C	0.94991
359	YDL155W	0.94991
360	YHR190W	0.94989
361	YPL245W	0.94988
362	YER090W	0.94986
363	YCL073C	0.94984
364	YGL171W	0.94983
365	YNL099C	0.9498
366	YJR032W	0.94976
367	YNL329C	0.9497
368	YGL200C	0.94953
369	YFL034W	0.9495
370	YMR218C	0.94949
371	YPL246C	0.94946
372	YKR106W	0.94943
373	YCL025C	0.94942
374	YKL022C	0.94939
375	YLL015W	0.94935
376	YGL087C	0.9493
377	YFL004W	0.94927
378	YGR141W	0.94927
379	YGR213C	0.94923
380	YHR175W	0.94919
381	YNR060W	0.94917
382	YNL312W	0.94916
383	YLR072W	0.94914
384	YGR028W	0.94912
385	YDR013W	0.94909
386	YPL244C	0.94907
387	YDL036C	0.94906
388	YDR090C	0.94905
389	YGL100W	0.94903
390	YGR172C	0.94901
391	YKL197C	0.94895
392	YGL240W	0.94895
393	YMR015C	0.94893
394	YGR217W	0.94881
395	YBL017C	0.94879
396	YLL034C	0.94877
397	YOL125W	0.94876
398	YAR018C	0.94873
399	YLR086W	0.94872
400	YCL069W	0.94869
401	YBL056W	0.94867
402	YER172C	0.94863
403	YCR045C	0.94859
404	YJL033W	0.94853
405	YJL128C	0.9485
406	YDL079C	0.94838
407	YIR022W	0.94838
408	YHR107C	0.94836
409	YDR468C	0.94834
410	YIL126W	0.94833
411	YPL082C	0.94833
412	YJL024C	0.94826
413	YLR345W	0.94826
414	YKR024C	0.94822
415	YML038C	0.94821
416	YGL020C	0.94802
417	YOL080C	0.94802
418	YER100W	0.94798
419	YJR084W	0.94796
420	YJR058C	0.94791
421	YPR034W	0.9479
422	YNL194C	0.94786
423	YDR404C	0.9478
424	YHL050C	0.94778
425	YBL042C	0.94772
426	YAL019W	0.9477
427	YBL016W	0.94769
428	YDR046C	0.94762
429	YER185W	0.94757
430	YNR065C	0.94753
431	YMR301C	0.94751
432	YFL052W	0.94748
433	YOL038W	0.94738
434	YAR035W	0.94736
435	YCR028C	0.94732
436	YPR161C	0.94732
437	YKL220C	0.94729
438	YBR058C	0.94729
439	YDR406W	0.94727
440	YDR477W	0.94726
441	YFR021W	0.9472
442	YHL040C	0.94719
443	YLR019W	0.94718
444	YHR027C	0.94715
445	YFR038W	0.94712
446	YBR160W	0.94712
447	YHR013C	0.94711
448	YLR412W	0.94709
449	YDL128W	0.94707
450	YDR328C	0.94704
451	YLR272C	0.94704
452	YOL021C	0.947
453	YOR110W	0.947
454	YDR021W	0.94699
455	YNL326C	0.94698
456	YEL052W	0.94698
457	YDR292C	0.94697
458	YMR221C	0.94697
459	YCR101C	0.94697
460	YLR343W	0.94696
461	YBR198C	0.94694
462	YBR223C	0.94691
463	YHR144C	0.94689
464	YOR036W	0.94672
465	YLR451W	0.9467
466	YOR175C	0.94668
467	YPL236C	0.94666
468	YLL048C	0.94664
469	YLR203C	0.94662
470	YDR373W	0.94662
471	YKR014C	0.9466
472	YAR042W	0.94659
473	YMR139W	0.94655
474	YBR170C	0.94653
475	YNL065W	0.94649
476	YOR246C	0.94648
477	YLR447C	0.94647
478	YKL181W	0.94646
479	YKL191W	0.94644
480	YIL108W	0.94643
481	YGL154C	0.94643
482	YOL034W	0.94642
483	YMR304W	0.94641
484	YHL026C	0.9464
485	YPR173C	0.94638
486	YDR177W	0.94636
487	YHR065C	0.94635
488	YGR276C	0.94633
489	YLR383W	0.94633
490	YDR084C	0.94633
491	YDR536W	0.94631
492	YMR308C	0.94622
493	YGR200C	0.94617
494	YDL194W	0.94614
495	YCL040W	0.94607
496	YKL051W	0.94606
497	YDL193W	0.94606
498	YPR120C	0.94603
499	YLR384C	0.946
500	YNL132W	0.94598
501	YGR191W	0.94597
502	YER052C	0.94595
503	YOR109W	0.94592
504	YMR109W	0.94588
505	YBR296C	0.94584
506	YNL287W	0.94579
507	YPR054W	0.94578
508	YBR115C	0.94574
509	YIL009W	0.94574
510	YLL043W	0.94574
511	YDL100C	0.94573
512	YDL164C	0.94571
513	YKL107W	0.9457
514	YDL201W	0.94569
515	YPR056W	0.94569
516	YPR131C	0.94568
517	YHR181W	0.94565
518	YML057W	0.94564
519	YAL067C	0.94563
520	YNR070W	0.94563
521	YBL057C	0.94563
522	YBR237W	0.94561
523	YNL163C	0.94558
524	YMR279C	0.94556
525	YOR283W	0.94549
526	YIL143C	0.94545
527	YBR228W	0.94544
528	YJR132W	0.94542
529	YDL047W	0.94539
530	YOR049C	0.94539
531	YLR386W	0.94533
532	YKR086W	0.94532
533	YBL018C	0.94529
534	YLR014C	0.94528
535	YAL016W	0.94519
536	YAL007C	0.94518
537	YOR362C	0.94517
538	YOL018C	0.94512
539	YHR207C	0.9451
540	YDL212W	0.9451
541	YER171W	0.94506
542	YGL186C	0.94503
543	YER001W	0.945
544	YOR131C	0.94496
545	YLR168C	0.94494
546	YPL094C	0.94493
547	YOR357C	0.94493
548	YPL012W	0.9449
549	YLR262C	0.94489
550	YPR188C	0.9448
551	YGL044C	0.94479
552	YPL259C	0.94478
553	YDR331W	0.94474
554	YJR112W-A	0.94468
555	YLR008C	0.94468
556	YJL087C	0.94467
557	YIL147C	0.94466
558	YNL192W	0.94465
559	YCR073C	0.94464
560	YJL212C	0.94464
561	YDR214W	0.94464
562	YJL012C	0.94463
563	YOL073C	0.94461
564	YGR123C	0.94449
565	YDL052C	0.94445
566	YJL055W	0.94444
567	YPR121W	0.94441
568	YOR257W	0.94441
569	YJL214W	0.9444
570	YDR258C	0.94439
571	YNR008W	0.94434
572	YIL035C	0.94433
573	YJL050W	0.94432
574	YMR272C	0.94431
575	YCL011C	0.9443
576	YDR075W	0.9443
577	YDL138W	0.94427
578	YDR394W	0.94425
579	YDL109C	0.94424
580	YOR016C	0.94424
581	YDR061W	0.94423
582	YHR178W	0.94423
583	YOR291W	0.94414
584	YMR128W	0.94414
585	YOL068C	0.9441
586	YCR008W	0.94409
587	YDL190C	0.94403
588	YML035C	0.94401
589	YLR046C	0.94401
590	YDR263C	0.944
591	YHR063C	0.94398
592	YBR068C	0.94398
593	YPL264C	0.94396
594	YFL054C	0.94393
595	YLR020C	0.9439
596	YLR126C	0.9439
597	YNL090W	0.9439
598	YBR002C	0.94389
599	YJL222W	0.94389
600	YBR069C	0.94388
601	YKR068C	0.94384
602	YNL061W	0.94384
603	YJL002C	0.94383
604	YBR183W	0.94382
605	YLR055C	0.94378
606	YIL173W	0.94377
607	YKR079C	0.94373
608	YNL229C	0.94372
609	YJL196C	0.94369
610	YML001W	0.94366
611	YNR029C	0.94364
612	YDL222C	0.94362
613	YCR017C	0.9436
614	YHR202W	0.9436
615	YML072C	0.94359
616	YGR026W	0.94354
617	YLR078C	0.94353
618	YGR218W	0.94352
619	YFL017C	0.94349
620	YPR157W	0.94341
621	YOR079C	0.94341
622	YIL039W	0.94338
623	YCR059C	0.94334
624	YFR004W	0.94334
625	YBR114W	0.94334
626	YLR214W	0.94334
627	YOL092W	0.94332
628	YKL212W	0.94331
629	YDL006W	0.94326
630	YMR167W	0.94325
631	YHR164C	0.94325
632	YMR243C	0.94323
633	YPR204W	0.94321
634	YDR191W	0.9432
635	YPL147W	0.9432
636	YEL069C	0.94319
637	YDR522C	0.94318
638	YER143W	0.94316
639	YNR072W	0.94309
640	YPR128C	0.94309
641	YMR262W	0.94307
642	YJR035W	0.94307
643	YDL095W	0.94306
644	YOL113W	0.94299
645	YDR436W	0.94295
646	YBR103W	0.94295
647	YPR180W	0.94294
648	YOR296W	0.94293
649	YPL265W	0.94293
650	YNL268W	0.94291
651	YNL087W	0.9429
652	YDR530C	0.94288
653	YDR378C	0.94283
654	YIL155C	0.9428
655	YMR180C	0.9428
656	YER015W	0.94279
657	YJR107W	0.94272
658	YLR210W	0.9427
659	YGR266W	0.94268
660	YDR498C	0.94267
661	YLR361C	0.94263
662	YCR100C	0.94263
663	YAR003W	0.94262
664	YJR042W	0.94262
665	YJL208C	0.94259
666	YNL270C	0.94258
667	YDL093W	0.94255
668	YDR459C	0.9425
669	YJL155C	0.94248
670	YOR153W	0.94247
671	YJL085W	0.94246
672	YNL106C	0.94244
673	YLR328W	0.94243
674	YGL198W	0.94242
675	YLR433C	0.94241
676	YLR326W	0.9424
677	YMR178W	0.94239
678	YMR071C	0.94239
679	YAR023C	0.94237
680	YAL009W	0.94228
681	YPR051W	0.94222
682	YOL090W	0.94218
683	YGR187C	0.94217
684	YER086W	0.94216
685	YKR017C	0.94214
686	YNL056W	0.94213
687	YOR163W	0.9421
688	YIL064W	0.94209
689	YOR086C	0.94208
690	YGL206C	0.94206
691	YLR430W	0.94204
692	YDL029W	0.94204
693	YLL029W	0.94198
694	YGR246C	0.94195
695	YOR254C	0.94194
696	YPR144C	0.94194
697	YPL274W	0.9419
698	YPL169C	0.94184
699	YDL042C	0.94181
700	YLL012W	0.94177
701	YOR204W	0.94173
702	YLR291C	0.94172
703	YLR307W	0.94166
704	YNL243W	0.94165
705	YKL098W	0.94162
706	YOR317W	0.94161
707	YKL021C	0.9416
708	YGR093W	0.94158
709	YGR288W	0.94158
710	YLL001W	0.94158
711	YLR318W	0.94158
712	YJR131W	0.94156
713	YPL164C	0.94155
714	YFL044C	0.94154
715	YKR067W	0.94153
716	YOR157C	0.94153
717	YBR254C	0.94151
718	YKR043C	0.94146
719	YGL173C	0.94143
720	YGR047C	0.94143
721	YDR358W	0.94141
722	YHR142W	0.94139
723	YOR022C	0.94138
724	YJL074C	0.94136
725	YNL130C	0.94133
726	YMR058W	0.94131
727	YLR099C	0.9413
728	YDR438W	0.94129
729	YDR164C	0.94129
730	YOR094W	0.94128
731	YJL219W	0.94127
732	YEL060C	0.94126
733	YPL046C	0.94125
734	YBL089W	0.94123
735	YBR227C	0.94122
736	YKL222C	0.94118
737	YBL082C	0.94116
738	YOR303W	0.94116
739	YMR277W	0.94116
740	YBR274W	0.94115
741	YOL156W	0.94115
742	YGR095C	0.94114
743	YDR519W	0.94113
744	YDR067C	0.94108
745	YIR012W	0.94108
746	YAR007C	0.94107
747	YGL004C	0.94106
748	YDL245C	0.94104
749	YMR239C	0.94104
750	YDR211W	0.94103
751	YJR158W	0.94103
752	YCR072C	0.94101
753	YOR301W	0.941
754	YOR213C	0.94098
755	YDR372C	0.94097
756	YOR348C	0.94097
757	YPR183W	0.94089
758	YEL011W	0.94089
759	YLL036C	0.94086
760	YLR081W	0.94086
761	YHR129C	0.94082
762	YMR205C	0.94082
763	YPL179W	0.94082
764	YER162C	0.94073
765	YNL082W	0.94071
766	YPL095C	0.94071
767	YHR108W	0.9407
768	YLR181C	0.9407
769	YBL106C	0.94067
770	YNL328C	0.94064
771	YJL168C	0.94063
772	YIR008C	0.94061
773	YML116W	0.9406
774	YNL023C	0.94056
775	YLR007W	0.94055
776	YPR194C	0.94054
777	YAR002C-A	0.94053
778	YOR370C	0.94053
779	YBR034C	0.94051
780	YBR137W	0.94049
781	YJL117W	0.94046
782	YNL101W	0.94046
783	YBR001C	0.94044
784	YHR026W	0.9404
785	YAL018C	0.94036
786	YDL017W	0.94034
787	YLR216C	0.94031
788	YGR260W	0.94029
789	YOR261C	0.94027
790	YFR006W	0.94027
791	YIL118W	0.94026
792	YPL140C	0.94024
793	YOR089C	0.94024
794	YGL012W	0.94021
795	YGL190C	0.94016
796	YPR082C	0.94015
797	YPL113C	0.94012
798	YBR265W	0.94011
799	YHR204W	0.94009
800	YBR177C	0.94009
801	YOR341W	0.94008
802	YGL242C	0.94003
803	YKL184W	0.94001
804	YML021C	0.94001
805	YNL123W	0.93999
806	YNR012W	0.93998
807	YEL019C	0.93997
808	YDR167W	0.93997
809	YOR290C	0.93996
810	YLR246W	0.93995
811	YLR222C	0.93995
812	YGR277C	0.93994
813	YGL053W	0.93994
814	YLR195C	0.93993
815	YOR197W	0.93992
816	YOL002C	0.93991
817	YGL241W	0.93988
818	YNR052C	0.93986
819	YLL006W	0.93986
820	YBL022C	0.93977
821	YDR120C	0.93975
822	YNL313C	0.93974
823	YPL050C	0.93973
824	YLR452C	0.93973
825	YBR204C	0.93969
826	YGR247W	0.93969
827	YOL006C	0.93969
828	YFR010W	0.93968
829	YEL063C	0.93967
830	YDR236C	0.93965
831	YPL002C	0.93963
832	YFL041W	0.93963
833	YFL048C	0.93962
834	YCR079W	0.93955
835	YBR180W	0.93954
836	YGL210W	0.93954
837	YGL099W	0.93947
838	YNL290W	0.93947
839	YLR443W	0.93944
840	YDR517W	0.93943
841	YNL321W	0.93942
842	YHR003C	0.93942
843	YBR126C	0.93939
844	YLL023C	0.93933
845	YOR192C	0.93932
846	YCR047C	0.93931
847	YHR205W	0.93927
848	YDL072C	0.93927
849	YNR020C	0.93926
850	YLL061W	0.93925
851	YCR009C	0.93921
852	YNL281W	0.93921
853	YCR051W	0.93918
854	YHR040W	0.93915
855	YOL011W	0.93915
856	YGR031W	0.93911
857	YNL072W	0.93907
858	YDR523C	0.93905
859	YBR155W	0.93905
860	YDR506C	0.93902
861	YGR240C	0.93898
862	YBR003W	0.93897
863	YDR336W	0.93896
864	YDR402C	0.93894
865	YDR238C	0.93893
866	YHR094C	0.93893
867	YBR242W	0.9389
868	YOR061W	0.93889
869	YMR183C	0.93884
870	YMR123W	0.93883
871	YMR290C	0.93882
872	YJL145W	0.93882
873	YDR265W	0.9388
874	YGL095C	0.93876
875	YLR419W	0.93876
876	YLR347C	0.93874
877	YHL042W	0.93872
878	YFL026W	0.9387
879	YBR207W	0.93869
880	YCL045C	0.93863
881	YJR125C	0.93863
882	YJR017C	0.93859
883	YNL181W	0.93859
884	YDR280W	0.93856
885	YGL114W	0.93854
886	YER051W	0.93853
887	YDR092W	0.93851
888	YDR305C	0.93848
889	YLR080W	0.93847
890	YDR352W	0.93847
891	YGL205W	0.93845
892	YOR126C	0.93845
893	YER159C	0.93844
894	YLR399C	0.93844
895	YHR123W	0.93843
896	YHR034C	0.93842
897	YPR160W	0.9384
898	YGR175C	0.93838
899	YPL207W	0.93835
900	YKR093W	0.93834
901	YHR096C	0.93833
902	YFL005W	0.93831
903	YLR083C	0.93829
904	YJR116W	0.93827
905	YPL170W	0.93823
906	YGR199W	0.93814
907	YIL106W	0.93814
908	YPR032W	0.93812
909	YFR041C	0.93811
910	YJL030W	0.9381
911	YFL011W	0.93808
912	YMR020W	0.93802
913	YLR426W	0.93801
914	YML127W	0.93798
915	YML031W	0.93796
916	YGR124W	0.93796
917	YDR107C	0.93795
918	YGL144C	0.93794
919	YJL005W	0.93792
920	YKL059C	0.93792
921	YBR014C	0.9379
922	YBL021C	0.93789
923	YBR101C	0.93789
924	YPR010C	0.93787
925	YJR152W	0.93785
926	YEL065W	0.93784
927	YFL038C	0.93783
928	YGR263C	0.9378
929	YPR140W	0.9378
930	YDR001C	0.9378
931	YKL190W	0.93779
932	YDR297W	0.93779
933	YKL154W	0.93777
934	YDR398W	0.93776
935	YIL003W	0.93773
936	YPR113W	0.93769
937	YER027C	0.93768
938	YDL010W	0.93768
939	YHR098C	0.93766
940	YOR262W	0.93765
941	YDL165W	0.93762
942	YBR297W	0.93762
943	YJR010C-A	0.93759
944	YDL019C	0.93759
945	YJR149W	0.93756
946	YBR214W	0.93754
947	YDL141W	0.93752
948	YJR068W	0.93745
949	YDL166C	0.93745
950	YOR164C	0.93742
951	YIL021W	0.93741
952	YPL227C	0.93739
953	YPR186C	0.93737
954	YML064C	0.93733
955	YDR338C	0.93732
956	YPL275W	0.93732
957	YDR324C	0.93726
958	YBR288C	0.93726
959	YER110C	0.93722
960	YDL087C	0.93718
961	YKL113C	0.93717
962	YLR253W	0.93716
963	YER157W	0.93715
964	YGR010W	0.93714
965	YDR185C	0.93713
966	YOR367W	0.9371
967	YOR154W	0.93709
968	YLR026C	0.93702
969	YML014W	0.93701
970	YOR071C	0.93701
971	YJR005W	0.93699
972	YPL133C	0.93696
973	YER036C	0.93695
974	YLR258W	0.93694
975	YML087C	0.93693
976	YOR306C	0.93687
977	YPL008W	0.93685
978	YHR192W	0.93683
979	YFL002C	0.9368
980	YLR276C	0.93679
981	YNL330C	0.93678
982	YIL046W	0.93678
983	YOR145C	0.93675
984	YPL103C	0.93674
985	YLR196W	0.93673
986	YJR161C	0.9367
987	YHR161C	0.93668
988	YPL157W	0.93666
989	YGR295C	0.93665
990	YCR020C-A	0.93665
991	YAL058W	0.93661
992	YLR409C	0.93659
993	YOL072W	0.93658
994	YMR250W	0.93656
995	YDR321W	0.93652
996	YCR094W	0.93652
997	YPR145W	0.9365
998	YIL002C	0.93647
999	YBR053C	0.93645
1000	YPL184C	0.93643
1001	YOR316C	0.93642
1002	YOR118W	0.93641
1003	YKL077W	0.9364
1004	YNL299W	0.93638
1005	YBR017C	0.93637
1006	YPL194W	0.93632
1007	YKL073W	0.93631
1008	YBR019C	0.93631
1009	YBR087W	0.93627
1010	YNL014W	0.93623
1011	YOL067C	0.9362
1012	YBR015C	0.93618
1013	YCR098C	0.93617
1014	YBR088C	0.93616
1015	YIL075C	0.93615
1016	YHL039W	0.93615
1017	YNL111C	0.93612
1018	YLR306W	0.93612
1019	YJL183W	0.93609
1020	YJL129C	0.93608
1021	YMR268C	0.93608
1022	YGL212W	0.93607
1023	YBL091C-A	0.93606
1024	YOL061W	0.93602
1025	YBL032W	0.93598
1026	YLR193C	0.93597
1027	YGL179C	0.93597
1028	YOR243C	0.93594
1029	YDR362C	0.93594
1030	YOR239W	0.93594
1031	YMR220W	0.93594
1032	YLR237W	0.93589
1033	YDR304C	0.93588
1034	YPL060W	0.93588
1035	YNL049C	0.93587
1036	YIR009W	0.93583
1037	YIL151C	0.9358
1038	YDR334W	0.93579
1039	YHR191C	0.93579
1040	YOR039W	0.93579
1041	YNL277W	0.93577
1042	YMR078C	0.93577
1043	YLR438C-A	0.93577
1044	YHR151C	0.93577
1045	YNL222W	0.93575
1046	YOR196C	0.93575
1047	YJL163C	0.93573
1048	YJR141W	0.93572
1049	YMR069W	0.93572
1050	YKR055W	0.93571
1051	YJL068C	0.93568
1052	YOR161C	0.93568
1053	YDR384C	0.93565
1054	YLL055W	0.93564
1055	YLL008W	0.93563
1056	YDL110C	0.93563
1057	YBR164C	0.93562
1058	YKL017C	0.93561
1059	YLR446W	0.93558
1060	YLL058W	0.93557
1061	YDR306C	0.93556
1062	YDL248W	0.93552
1063	YPR147C	0.93551
1064	YPL017C	0.9355
1065	YKL128C	0.9355
1066	YEL058W	0.93549
1067	YGR135W	0.93547
1068	YDR397C	0.93543
1069	YDR063W	0.9354
1070	YPR025C	0.9354
1071	YNR016C	0.93538
1072	YDL101C	0.93537
1073	YMR296C	0.93535
1074	YHR025W	0.93535
1075	Q0050	0.93532
1076	YHL019C	0.93527
1077	YNL264C	0.93525
1078	YNL334C	0.93519
1079	YCL050C	0.93519
1080	YMR127C	0.93517
1081	YPR023C	0.93517
1082	YIL162W	0.93517
1083	YGL063W	0.93516
1084	YDR062W	0.93515
1085	YLR205C	0.9351
1086	YGL181W	0.93508
1087	YGR289C	0.93505
1088	YDL090C	0.935
1089	YDR325W	0.935
1090	YPL249C	0.93499
1091	YAL048C	0.93499
1092	YNR034W	0.93498
1093	YHL002W	0.93496
1094	YKR038C	0.93494
1095	YJL081C	0.93493
1096	YER039C	0.93493
1097	YBR298C	0.93491
1098	YBR125C	0.93489
1099	YNR057C	0.93487
1100	YDR100W	0.93484
1101	YOR040W	0.93483
1102	YKL065C	0.93483
1103	YJR052W	0.93481
1104	YKL094W	0.93479
1105	YGR169C	0.93479
1106	YPL019C	0.93476
1107	YOL124C	0.93476
1108	YJL072C	0.93475
1109	YHR187W	0.93475
1110	YGL220W	0.93474
1111	YOR377W	0.93471
1112	YML125C	0.93466
1113	YGR195W	0.93464
1114	YKL189W	0.93463
1115	YER031C	0.93459
1116	YOR217W	0.93459
1117	YNR043W	0.93458
1118	YBR055C	0.93457
1119	YDR182W	0.93456
1120	YGL119W	0.93454
1121	YPL100W	0.93454
1122	YLR369W	0.93452
1123	YHR111W	0.93448
1124	Q0120	0.93448
1125	YPR196W	0.93447
1126	YDL154W	0.93446
1127	YPL195W	0.93445
1128	YPL232W	0.93443
1129	YML115C	0.93442
1130	YJL125C	0.93439
1131	YDL210W	0.93437
1132	YPR178W	0.93435
1133	YOL115W	0.93435
1134	YOR059C	0.93433
1135	YML124C	0.93432
1136	YGL082W	0.93432
1137	YLL026W	0.93431
1138	YPL024W	0.93431
1139	YIL099W	0.93431
1140	YNL044W	0.9343
1141	YBR112C	0.9343
1142	YPL010W	0.93425
1143	YGR083C	0.93421
1144	YDR370C	0.9342
1145	YGL048C	0.93417
1146	YNL113W	0.93416
1147	YGR284C	0.93416
1148	YHR194W	0.93413
1149	YOR223W	0.93411
1150	YLR059C	0.93411
1151	YHR166C	0.9341
1152	YGL033W	0.93409
1153	YFL060C	0.93409
1154	YFR005C	0.93405
1155	YMR261C	0.93405
1156	YHR201C	0.93405
1157	YBR222C	0.93404
1158	YGL224C	0.93403
1159	YGL022W	0.93402
1160	YOL145C	0.93401
1161	YBR132C	0.93401
1162	YDR346C	0.93401
1163	YLR266C	0.93398
1164	YOR363C	0.93391
1165	YNL059C	0.9339
1166	YDL145C	0.93388
1167	YMR104C	0.93386
1168	YHR092C	0.9338
1169	YML123C	0.9338
1170	YIL016W	0.93378
1171	YDR479C	0.93378
1172	YHL008C	0.93376
1173	YPL258C	0.93374
1174	YOR236W	0.93372
1175	YJR074W	0.93367
1176	YHL048W	0.93365
1177	YLR117C	0.93362
1178	YML012W	0.93361
1179	YNR002C	0.93359
1180	YNR046W	0.93358
1181	YOR241W	0.93357
1182	YBR199W	0.93356
1183	YFR027W	0.93353
1184	YBR302C	0.93353
1185	YML132W	0.93353
1186	YML092C	0.93353
1187	YHR047C	0.93352
1188	YOR280C	0.93351
1189	YNL242W	0.93348
1190	YKL100C	0.93347
1191	YGR267C	0.93343
1192	YJL197W	0.93339
1193	YLR129W	0.93339
1194	YDL247W	0.93339
1195	YHL018W	0.93339
1196	YJL062W	0.93337
1197	YCL038C	0.93335
1198	YKR104W	0.93333
1199	YJR046W	0.93333
1200	YLL052C	0.93332
1201	YCR002C	0.93331
1202	YDR300C	0.9333
1203	YER066W	0.93329
1204	YAL039C	0.93328
1205	YBR139W	0.93325
1206	YCR044C	0.93324
1207	YPR192W	0.93324
1208	YOL162W	0.93322
1209	YGR066C	0.93321
1210	YLR017W	0.93321
1211	YEL036C	0.93321
1212	YNL155W	0.93317
1213	YGL207W	0.93317
1214	YNL232W	0.93315
1215	YNR062C	0.93313
1216	YGL155W	0.93311
1217	YOL020W	0.93309
1218	YMR102C	0.93306
1219	YJR160C	0.93303
1220	YOR311C	0.93302
1221	YIL107C	0.93301
1222	YER183C	0.93296
1223	YFL055W	0.93295
1224	YPL222W	0.93294
1225	YJL010C	0.93293
1226	YLR287C	0.93291
1227	YPR088C	0.93287
1228	YJL042W	0.93284
1229	YGL045W	0.93283
1230	YGL027C	0.93282
1231	YHR007C	0.93281
1232	YHR117W	0.93281
1233	YGR208W	0.93279
1234	YEL001C	0.93279
1235	YDR345C	0.93279
1236	YMR008C	0.93276
1237	YBL040C	0.93275
1238	YMR022W	0.93275
1239	YDR448W	0.9327
1240	YLR450W	0.9327
1241	YML010W	0.93266
1242	YNL293W	0.93264
1243	YLR100W	0.93261
1244	YFL037W	0.93261
1245	YMR079W	0.93256
1246	YIL153W	0.93255
1247	YOL059W	0.93254
1248	YPR119W	0.93253
1249	YFL056C	0.93252
1250	YJL036W	0.9325
1251	YJR118C	0.9325
1252	YMR093W	0.93249
1253	YDL140C	0.93248
1254	YFL034C-B	0.93248
1255	YAL054C	0.93248
1256	YPL022W	0.93247
1257	YNL189W	0.9324
1258	YPR108W	0.93238
1259	YML086C	0.93238
1260	YOR035C	0.93238
1261	YFL001W	0.93237
1262	YDR122W	0.93233
1263	YNL147W	0.93233
1264	YKL028W	0.93229
1265	YIL170W	0.93229
1266	YKR003W	0.93229
1267	YER016W	0.93227
1268	YCR057C	0.93226
1269	Q0065	0.93226
1270	YKL119C	0.93225
1271	YDR444W	0.93225
1272	YDR434W	0.93225
1273	YPL183C	0.93225
1274	YDR161W	0.93224
1275	YER049W	0.93223
1276	YKL157W	0.93222
1277	YNL112W	0.93215
1278	YKR080W	0.93215
1279	YML102W	0.93214
1280	YIL067C	0.93209
1281	YKR039W	0.93208
1282	YCL009C	0.93208
1283	YBR286W	0.93205
1284	YNL336W	0.93204
1285	YHR041C	0.93203
1286	YJR075W	0.93203
1287	YMR297W	0.93201
1288	YBR200W	0.93201
1289	YBR283C	0.93199
1290	YKL004W	0.93196
1291	YMR009W	0.93196
1292	YCR084C	0.93194
1293	YBR062C	0.93191
1294	YOL110W	0.9319
1295	YLR105C	0.93185
1296	YDR483W	0.93182
1297	YNL273W	0.93182
1298	YDR395W	0.93179
1299	YER146W	0.93179
1300	YOR185C	0.93176
1301	YDR293C	0.93172
1302	YFL003C	0.93172
1303	YLR085C	0.93171
1304	YNL238W	0.9317
1305	YOR244W	0.93169
1306	YMR132C	0.93168
1307	YMR113W	0.93166
1308	YDL103C	0.93166
1309	YLR389C	0.93166
1310	YMR040W	0.93166
1311	YLR274W	0.93165
1312	YER006W	0.93164
1313	YKL144C	0.93164
1314	YDL231C	0.93164
1315	YDR257C	0.93162
1316	YMR197C	0.93161
1317	YLR418C	0.93161
1318	YLR004C	0.93159
1319	YLL063C	0.93159
1320	YDR386W	0.93158
1321	YLR357W	0.93157
1322	YDR282C	0.93156
1323	YLR362W	0.93154
1324	YGR078C	0.93153
1325	YEL046C	0.93153
1326	YML080W	0.93151
1327	YGR261C	0.93151
1328	YER116C	0.9315
1329	YCR034W	0.93149
1330	YOR005C	0.93148
1331	YFL062W	0.93148
1332	YDR294C	0.93148
1333	YGL255W	0.93142
1334	YNL240C	0.93142
1335	YMR114C	0.93136
1336	YPL138C	0.93136
1337	YHL016C	0.93136
1338	YHR057C	0.93135
1339	YHL010C	0.93132
1340	YML052W	0.9313
1341	YKR056W	0.93128
1342	YGR262C	0.93127
1343	YHR114W	0.93126
1344	YDR272W	0.93125
1345	YLR234W	0.93125
1346	YML085C	0.93124
1347	YGL141W	0.93124
1348	YCR075C	0.93121
1349	YBL007C	0.93119
1350	YML118W	0.93118
1351	YJL186W	0.93117
1352	YDL126C	0.93116
1353	YMR011W	0.93115
1354	YHR176W	0.93115
1355	YKR063C	0.93114
1356	YOR103C	0.93113
1357	YGL250W	0.93112
1358	YEL056W	0.9311
1359	YNL206C	0.93107
1360	YPR041W	0.93107
1361	YMR246W	0.93106
1362	YNL216W	0.93104
1363	YLR372W	0.93099
1364	YBR169C	0.93099
1365	YBR159W	0.93095
1366	YDR140W	0.93094
1367	YBR175W	0.93092
1368	YER142C	0.93088
1369	YML069W	0.93084
1370	YFL047W	0.93082
1371	YOL098C	0.93079
1372	YDR392W	0.93076
1373	YPR135W	0.93073
1374	YEL030W	0.93072
1375	YDL200C	0.93067
1376	YBL050W	0.93066
1377	YLR121C	0.93065
1378	YKL209C	0.93064
1379	YNL022C	0.93063
1380	YOR299W	0.9306
1381	YJL001W	0.93059
1382	YEL015W	0.93059
1383	YJR133W	0.93057
1384	YBR070C	0.93057
1385	YMR085W	0.93052
1386	YAR031W	0.9305
1387	YOR187W	0.93044
1388	YCR007C	0.93039
1389	YHR150W	0.93039
1390	YML019W	0.93039
1391	YBR020W	0.93037
1392	YGL216W	0.93034
1393	YGL115W	0.93032
1394	YIL085C	0.93028
1395	YDR009W	0.93026
1396	YPL277C	0.93025
1397	YLR114C	0.93025
1398	YGR133W	0.93021
1399	YPR107C	0.93018
1400	YPL087W	0.93018
1401	YOR119C	0.93016
1402	YLR090W	0.93016
1403	YPR037C	0.93016
1404	YER005W	0.93011
1405	YOL008W	0.93008
1406	YOR388C	0.93008
1407	YOR001W	0.93005
1408	YBL041W	0.93005
1409	YFR024C-A	0.93003
1410	YBR213W	0.93001
1411	YPR133C	0.93
1412	YHR039C	0.93
1413	YBR141C	0.92999
1414	YNR033W	0.92994
1415	YMR300C	0.92993
1416	YOR141C	0.92992
1417	YLR207W	0.92991
1418	YDR097C	0.9299
1419	YDR083W	0.92985
1420	YDR173C	0.92981
1421	YOR046C	0.9298
1422	YMR063W	0.9298
1423	YKR064W	0.92977
1424	YGL164C	0.92973
1425	YAR033W	0.92971
1426	YPL110C	0.92971
1427	YKL024C	0.92967
1428	YJR064W	0.92965
1429	YLR421C	0.92964
1430	YBL037W	0.92963
1431	YOR389W	0.9296
1432	YDR284C	0.92954
1433	YMR253C	0.92952
1434	YEL055C	0.92952
1435	YDL240W	0.9295
1436	YLR209C	0.9295
1437	YEL048C	0.92948
1438	YPR159W	0.92947
1439	YOR274W	0.92944
1440	YGR177C	0.92943
1441	YDL040C	0.92942
1442	YNL305C	0.92942
1443	YDL063C	0.92942
1444	YDL064W	0.92931
1445	YGR248W	0.92929
1446	YHR001W	0.92923
1447	YOL055C	0.92923
1448	YOR212W	0.92922
1449	YGL232W	0.92918
1450	YOL146W	0.92917
1451	YJR078W	0.92914
1452	YKL035W	0.92914
1453	YHR200W	0.92912
1454	YEL013W	0.9291
1455	YAL001C	0.9291
1456	YOR307C	0.92908
1457	YER152C	0.92904
1458	YBR267W	0.929
1459	YGR132C	0.92898
1460	YIL034C	0.92897
1461	YKL010C	0.92895
1462	YLR244C	0.92892
1463	YCR042C	0.92889
1464	YGL055W	0.92888
1465	YBR008C	0.92886
1466	YOR231W	0.92885
1467	YMR155W	0.92884
1468	YJL154C	0.92882
1469	YMR027W	0.92882
1470	YPR138C	0.9288
1471	YHR046C	0.92875
1472	YGL043W	0.92869
1473	YNL010W	0.92868
1474	YGR211W	0.92863
1475	YLR429W	0.92862
1476	YDR364C	0.92861
1477	YHR210C	0.9286
1478	YOL135C	0.9286
1479	YAL035W	0.92857
1480	YBR273C	0.92851
1481	YBR110W	0.92851
1482	YLR251W	0.92851
1483	YGL243W	0.92846
1484	YCL074W	0.92846
1485	YLR455W	0.92845
1486	YER014W	0.92844
1487	YMR202W	0.92844
1488	YBL061C	0.92844
1489	YLR115W	0.92843
1490	YBR256C	0.92841
1491	YDR109C	0.92839
1492	YIL128W	0.92838
1493	YLR248W	0.92837
1494	YNL129W	0.92835
1495	YJL047C	0.92834
1496	YBR096W	0.9283
1497	YPL176C	0.9283
1498	YGL246C	0.92829
1499	YAR028W	0.92828
1500	YOR361C	0.92825
1501	YIL091C	0.92824
1502	YDL031W	0.92824
1503	YNL040W	0.92824
1504	YPL045W	0.92823
1505	YJR088C	0.9282
1506	YOL052C	0.92818
1507	YOR173W	0.92815
1508	YDL008W	0.92812
1509	YBR248C	0.92811
1510	YDL177C	0.9281
1511	YGR241C	0.92808
1512	YHR172W	0.92808
1513	YJR013W	0.92807
1514	YFL016C	0.92807
1515	YGR074W	0.92804
1516	YOL023W	0.92803
1517	YNL083W	0.92797
1518	YLR382C	0.92795
1519	YIL065C	0.92794
1520	YPR181C	0.92793
1521	YNL092W	0.92792
1522	YLR215C	0.92792
1523	YDR004W	0.92789
1524	YLR401C	0.92788
1525	YGL122C	0.92787
1526	YHR121W	0.92785
1527	YOR003W	0.92783
1528	YNL169C	0.92782
1529	YNL001W	0.9278
1530	YCL033C	0.92778
1531	YNL248C	0.92778
1532	YGR253C	0.92777
1533	YBL029C-A	0.92776
1534	YHR033W	0.92776
1535	YKL174C	0.92776
1536	YML097C	0.92775
1537	YDR007W	0.92772
1538	YNL107W	0.92772
1539	YLR243W	0.92772
1540	YPL053C	0.92772
1541	YMR271C	0.92771
1542	YPR172W	0.9277
1543	YNL088W	0.9277
1544	YAL051W	0.92761
1545	YGL051W	0.92758
1546	YFL017W-A	0.92757
1547	YKL125W	0.92757
1548	YGR060W	0.92757
1549	YMR076C	0.92756
1550	YEL004W	0.92753
1551	YGR094W	0.92753
1552	YIL166C	0.92752
1553	YNR038W	0.92751
1554	YDL174C	0.92751
1555	YIR004W	0.9275
1556	YIL073C	0.9275
1557	YIL131C	0.9275
1558	YDR033W	0.92744
1559	YBR105C	0.92743
1560	YER059W	0.92742
1561	YGR264C	0.92741
1562	Q0085	0.92738
1563	YGL110C	0.92736
1564	YML066C	0.92733
1565	YGL049C	0.92732
1566	YEL042W	0.92727
1567	YCR073W-A	0.92724
1568	YPR162C	0.92721
1569	YHR019C	0.92721
1570	YKL091C	0.92721
1571	YMR006C	0.92718
1572	YHL007C	0.92716
1573	YNL292W	0.92714
1574	YGL003C	0.92713
1575	YJL171C	0.92712
1576	YNL217W	0.92712
1577	YKR059W	0.92712
1578	YPR011C	0.92712
1579	YNL116W	0.92709
1580	YPR189W	0.92708
1581	YDR399W	0.92708
1582	YDR127W	0.92707
1583	YMR088C	0.92706
1584	YPL199C	0.92706
1585	YPL001W	0.92705
1586	YDR287W	0.92702
1587	YER012W	0.92702
1588	YNR075W	0.92698
1589	YBR041W	0.92697
1590	YLR065C	0.92697
1591	YGR061C	0.92696
1592	YGR054W	0.92696
1593	YGR121C	0.92691
1594	YLR133W	0.92691
1595	YDL156W	0.92691
1596	YJL178C	0.92686
1597	YCL048W	0.92686
1598	YGR111W	0.92683
1599	YPL030W	0.92681
1600	YHR115C	0.92681
1601	YML126C	0.92681
1602	YMR292W	0.92679
1603	YML049C	0.92679
1604	YLR413W	0.92678
1605	YNL020C	0.92678
1606	YDL215C	0.92677
1607	YLR371W	0.92675
1608	YDL144C	0.92674
1609	YDR342C	0.9267
1610	YBR092C	0.92668
1611	YJL192C	0.92665
1612	YOR054C	0.92663
1613	YKL029C	0.92662
1614	YDR111C	0.92661
1615	YPL116W	0.92658
1616	YPR081C	0.92656
1617	YOR006C	0.92656
1618	YOR259C	0.92656
1619	YNL246W	0.92654
1620	YDR330W	0.92653
1621	YGL083W	0.92652
1622	YNL182C	0.92652
1623	YBR234C	0.92651
1624	YKL064W	0.92649
1625	YHR118C	0.92645
1626	YLL010C	0.92644
1627	YJL053W	0.92642
1628	YNL280C	0.9264
1629	YNL261W	0.92639
1630	YKL165C	0.92638
1631	YHR062C	0.92637
1632	YML082W	0.92636
1633	YPR091C	0.92636
1634	YCL008C	0.92635
1635	YIR042C	0.92634
1636	YNR051C	0.92633
1637	YDR492W	0.92632
1638	YML100W	0.92631
1639	YNL121C	0.92631
1640	YFR002W	0.92629
1641	YOR206W	0.92627
1642	YLR249W	0.92623
1643	YGL077C	0.92622
1644	YLR319C	0.92616
1645	YOR207C	0.92615
1646	YBR094W	0.9261
1647	YPL084W	0.92607
1648	YPR105C	0.92607
1649	YBR153W	0.92606
1650	YLR143W	0.92604
1651	YNL236W	0.92603
1652	YOL042W	0.92603
1653	YIL083C	0.92602
1654	YGR216C	0.926
1655	YLR069C	0.92597
1656	YNR027W	0.92597
1657	YDR142C	0.92597
1658	YMR238W	0.92595
1659	YHR043C	0.92593
1660	YNL212W	0.92589
1661	YGR231C	0.92588
1662	YBR210W	0.92588
1663	YOR295W	0.92587
1664	YPR137W	0.92584
1665	YLR093C	0.9258
1666	YIL124W	0.9258
1667	YGL156W	0.92579
1668	YER168C	0.92579
1669	YBR205W	0.92579
1670	YPR201W	0.92573
1671	YDL030W	0.92572
1672	YLL054C	0.92571
1673	YOL056W	0.9257
1674	YDR037W	0.92567
1675	YGL065C	0.92567
1676	YGL112C	0.92566
1677	YKL069W	0.92561
1678	YPL101W	0.9256
1679	YOR056C	0.92558
1680	YDR145W	0.92557
1681	YLR449W	0.92557
1682	YBR030W	0.92556
1683	YGR203W	0.92556
1684	YDR343C	0.92555
1685	YLR003C	0.92553
1686	YGL101W	0.9255
1687	YGL011C	0.9255
1688	YMR201C	0.92548
1689	YNL258C	0.92543
1690	YNL200C	0.92542
1691	YML005W	0.92541
1692	YGL166W	0.92539
1693	YLR088W	0.92538
1694	YOL096C	0.92537
1695	YJR098C	0.92536
1696	YCR092C	0.92532
1697	YML130C	0.92531
1698	YEL029C	0.92529
1699	YKL187C	0.92529
1700	YOR275C	0.92529
1701	YHR028C	0.92528
1702	YPR017C	0.92528
1703	YLR107W	0.92526
1704	YKL213C	0.92524
1705	YKR103W	0.92524
1706	YOL119C	0.9252
1707	YML079W	0.92519
1708	YMR222C	0.92519
1709	YOR330C	0.92519
1710	YLR435W	0.92514
1711	YPL003W	0.92513
1712	YCL016C	0.92513
1713	YLR016C	0.92511
1714	YIL007C	0.9251
1715	YLR368W	0.92509
1716	YLR212C	0.92509
1717	YKL201C	0.92508
1718	YDR194C	0.92507
1719	YER165W	0.92506
1720	YKL198C	0.92504
1721	YOL128C	0.92504
1722	YDL147W	0.92503
1723	YIL033C	0.92503
1724	YJL065C	0.92501
1725	YDR419W	0.92494
1726	YDL209C	0.92493
1727	YKL173W	0.9249
1728	YCL047C	0.92487
1729	YAL061W	0.92484
1730	YDL131W	0.92484
1731	YNL260C	0.92483
1732	YOR099W	0.92482
1733	YDL226C	0.92481
1734	YGL253W	0.92479
1735	YLR390W	0.92476
1736	YNL119W	0.92475
1737	YLR387C	0.92474
1738	YJR055W	0.92474
1739	YDR244W	0.92473
1740	YLR289W	0.92473
1741	YMR265C	0.9247
1742	YDR117C	0.92469
1743	YJR061W	0.92467
1744	YOL047C	0.92465
1745	YML121W	0.92464
1746	YNL325C	0.92462
1747	YNL298W	0.92462
1748	YBR151W	0.9246
1749	YHR077C	0.9246
1750	YJR063W	0.92456
1751	YNL317W	0.92456
1752	YOR168W	0.92456
1753	YDR188W	0.92455
1754	YGL050W	0.92455
1755	YBR154C	0.92454
1756	YDL159W	0.9245
1757	YPL112C	0.92447
1758	YLR186W	0.92446
1759	YPL209C	0.92445
1760	YNL231C	0.92443
1761	YGL248W	0.92443
1762	YML094W	0.92439
1763	YER175C	0.92438
1764	YDR288W	0.92436
1765	YML061C	0.92436
1766	YGR283C	0.92434
1767	YNL247W	0.92434
1768	YNL007C	0.92433
1769	YER140W	0.92429
1770	YMR125W	0.92428
1771	YNR026C	0.92428
1772	YOR353C	0.92426
1773	YJL218W	0.92425
1774	YMR200W	0.92425
1775	YMR049C	0.92424
1776	YIL017C	0.92422
1777	YKR095W-A	0.9242
1778	YJR033C	0.9242
1779	YGR157W	0.92419
1780	YOR390W	0.92419
1781	YDL049C	0.92418
1782	YGL064C	0.92417
1783	YHR120W	0.92413
1784	YKL114C	0.92413
1785	YDR472W	0.92413
1786	YLR058C	0.92412
1787	YNL267W	0.92408
1788	YDR289C	0.92407
1789	YBR059C	0.92407
1790	YER163C	0.92406
1791	YPL215W	0.92403
1792	YML054C	0.92403
1793	YHR042W	0.92401
1794	YDL233W	0.924
1795	YDL046W	0.92399
1796	YNL271C	0.92399
1797	YMR302C	0.92398
1798	YPL067C	0.92397
1799	YBL102W	0.92396
1800	YHR090C	0.92396
1801	YDR302W	0.92394
1802	YDR311W	0.92393
1803	YKR048C	0.92393
1804	YPL009C	0.9239
1805	YDR301W	0.92389
1806	YGL225W	0.92389
1807	YNL062C	0.92377
1808	YOR258W	0.92374
1809	YDR349C	0.92372
1810	YFR007W	0.92371
1811	YLR066W	0.9237
1812	YMR278W	0.92365
1813	YPR086W	0.92364
1814	YJL080C	0.92364
1815	YGR036C	0.92363
1816	YIL145C	0.92363
1817	YOR138C	0.92359
1818	YPL152W	0.92358
1819	YLR405W	0.92356
1820	YHR219W	0.92356
1821	YPL210C	0.92355
1822	YJL011C	0.92355
1823	YKL203C	0.92353
1824	YGR058W	0.92351
1825	YOL093W	0.9235
1826	YCR030C	0.92347
1827	YGR143W	0.92344
1828	YDR165W	0.92342
1829	YPL167C	0.92342
1830	YJR010W	0.92339
1831	YNL094W	0.92339
1832	YDL238C	0.92338
1833	YCR090C	0.92335
1834	YBR018C	0.92333
1835	YLR002C	0.92324
1836	YOR021C	0.92322
1837	YGR117C	0.92321
1838	YNL250W	0.92318
1839	YNL291C	0.92318
1840	YDR476C	0.92316
1841	YBR060C	0.92316
1842	YDL167C	0.92315
1843	YDL060W	0.92315
1844	YPL096W	0.92315
1845	YPL083C	0.92313
1846	YPL064C	0.92307
1847	YGR252W	0.92305
1848	YIL160C	0.92304
1849	YEL012W	0.92303
1850	YCR014C	0.92302
1851	YPR112C	0.92299
1852	YJR117W	0.92299
1853	YJR057W	0.92298
1854	YPL218W	0.92295
1855	YOL013C	0.92294
1856	YBL019W	0.92291
1857	YDR518W	0.9229
1858	YDR162C	0.9229
1859	YMR150C	0.92288
1860	YGL078C	0.92286
1861	YKL040C	0.92286
1862	YPL279C	0.92286
1863	YPL029W	0.92284
1864	YGR099W	0.92282
1865	YER056C	0.92282
1866	YJR031C	0.9228
1867	YGL251C	0.92277
1868	YBR263W	0.92277
1869	YGL094C	0.92277
1870	YIL140W	0.92276
1871	YDR332W	0.92274
1872	YLR275W	0.92272
1873	YLR056W	0.92272
1874	YNL016W	0.92268
1875	YER037W	0.92264
1876	YER060W	0.92262
1877	YJL139C	0.92262
1878	YGL143C	0.9226
1879	YDR105C	0.92259
1880	YKR062W	0.92259
1881	YOL048C	0.92255
1882	YBL078C	0.92252
1883	YKL179C	0.92252
1884	YOR132W	0.92251
1885	YHR188C	0.9225
1886	YCL030C	0.92247
1887	YDR189W	0.92245
1888	YKL193C	0.92242
1889	YFL029C	0.92239
1890	YER080W	0.92234
1891	YGL161C	0.92234
1892	YCR096C	0.92234
1893	YIL114C	0.9223
1894	YHR080C	0.9223
1895	YGL019W	0.92226
1896	YJR073C	0.92226
1897	YMR126C	0.92225
1898	YKL033W	0.92224
1899	YBR271W	0.92224
1900	YGL104C	0.92217
1901	YLR316C	0.92217
1902	YHL032C	0.92215
1903	YOL139C	0.92213
1904	YDL137W	0.92212
1905	YPR176C	0.92212
1906	YGL180W	0.92212
1907	YOL022C	0.92207
1908	YMR097C	0.92204
1909	YLR047C	0.92203
1910	YGL098W	0.92203
1911	YLR270W	0.92202
1912	YPR184W	0.92201
1913	YIL116W	0.92198
1914	YGL097W	0.92197
1915	YBR028C	0.92195
1916	YCR086W	0.92195
1917	YMR146C	0.92194
1918	YMR263W	0.92193
1919	YDR129C	0.92192
1920	YMR309C	0.92191
1921	YNL004W	0.9219
1922	YPL097W	0.92189
1923	YPL036W	0.92188
1924	YML101C	0.92183
1925	YML056C	0.92182
1926	YDL015C	0.9218
1927	YHR215W	0.9218
1928	YEL002C	0.92178
1929	YBR280C	0.92178
1930	YOR128C	0.92176
1931	YBL008W	0.92168
1932	YPL235W	0.92167
1933	YDR407C	0.92165
1934	YHR134W	0.92163
1935	YBL024W	0.92162
1936	YPL125W	0.9216
1937	YFR053C	0.92158
1938	YLR427W	0.92156
1939	YHR124W	0.92155
1940	YBR208C	0.92152
1941	YPR193C	0.92151
1942	YDL022W	0.92148
1943	YOL116W	0.92144
1944	YHR049W	0.92143
1945	YMR095C	0.92142
1946	YEL040W	0.92142
1947	YMR314W	0.92141
1948	YHR044C	0.92141
1949	YOR134W	0.92141
1950	YHR216W	0.9214
1951	YOR151C	0.9214
1952	YKL034W	0.92139
1953	YBL013W	0.92139
1954	YAR071W	0.92137
1955	YBR166C	0.92136
1956	YOR038C	0.9213
1957	YDR388W	0.92126
1958	YKL142W	0.92124
1959	YCR093W	0.9212
1960	YPL154C	0.92119
1961	YGL058W	0.92117
1962	YJR006W	0.92114
1963	YAL020C	0.9211
1964	YDL105W	0.9211
1965	YER029C	0.92109
1966	YMR215W	0.92106
1967	YLR330W	0.921
1968	YER098W	0.921
1969	YLR032W	0.92091
1970	YNL108C	0.9209
1971	YDR058C	0.9209
1972	YOR201C	0.9209
1973	YDR132C	0.9209
1974	YIR036C	0.9209
1975	YKL219W	0.92087
1976	YCR054C	0.92086
1977	YBR185C	0.92085
1978	YKL047W	0.92084
1979	YGL111W	0.92084
1980	YBL091C	0.92083
1981	YLR015W	0.92083
1982	YDR056C	0.92083
1983	YPL117C	0.9208
1984	YMR235C	0.92079
1985	YNL251C	0.92079
1986	YDR031W	0.92078
1987	YKL080W	0.92076
1988	YDL236W	0.92075
1989	YGL257C	0.92075
1990	YJL165C	0.92073
1991	YMR259C	0.92072
1992	YOR233W	0.92071
1993	YCR076C	0.92071
1994	YMR289W	0.9207
1995	YLR146C	0.9207
1996	YNL175C	0.9207
1997	YOL142W	0.9207
1998	YCL032W	0.92066
1999	YMR291W	0.92064
2000	YLR432W	0.92063
2001	YML074C	0.92062
2002	YPL270W	0.92061
2003	YOR219C	0.9206
2004	YJL025W	0.9206
2005	YAL034W-A	0.92059
2006	YOR004W	0.92058
2007	YJL034W	0.92056
2008	YKR009C	0.92055
2009	YDR266C	0.92055
2010	YIR023W	0.92054
2011	YGL213C	0.92053
2012	YDR206W	0.9205
2013	YCR026C	0.92046
2014	YER134C	0.92045
2015	YKL151C	0.92044
2016	YOR340C	0.92041
2017	YNL263C	0.9204
2018	YHR064C	0.92038
2019	YDR060W	0.92037
2020	YFR050C	0.92036
2021	YNL316C	0.92034
2022	YHR206W	0.92031
2023	YOL149W	0.92031
2024	YFR022W	0.9203
2025	YGR024C	0.92028
2026	YKL182W	0.92027
2027	YOL129W	0.92024
2028	YJL137C	0.92023
2029	YDR316W	0.92022
2030	YLR011W	0.9202
2031	YMR231W	0.9202
2032	YEL053C	0.92016
2033	YDR212W	0.92015
2034	YGR103W	0.92015
2035	YHR020W	0.92013
2036	YKL018W	0.92013
2037	YFR037C	0.92013
2038	YGR229C	0.92013
2039	YKL001C	0.92012
2040	YDL035C	0.92004
2041	YPL276W	0.92004
2042	YHR076W	0.92003
2043	YDR323C	0.92002
2044	YBL098W	0.92001
2045	YGR166W	0.92001
2046	YLR425W	0.91998
2047	YBR054W	0.91995
2048	YPL212C	0.91995
2049	YGR162W	0.91993
2050	YMR214W	0.91992
2051	YNL286W	0.91988
2052	YEL044W	0.91987
2053	YJR067C	0.91984
2054	YBR024W	0.91981
2055	YPR057W	0.91979
2056	YDL160C-A	0.91977
2057	YMR234W	0.91975
2058	YNL025C	0.91974
2059	YBR056W	0.91974
2060	YDR180W	0.91974
2061	YBL101C	0.91973
2062	YOR191W	0.91969
2063	YKL139W	0.91968
2064	YJR065C	0.91964
2065	YJR025C	0.91963
2066	YKR074W	0.91962
2067	YFL025C	0.91961
2068	YJL008C	0.91959
2069	YJR036C	0.91959
2070	YOR018W	0.91956
2071	YPL162C	0.91956
2072	YGL183C	0.91949
2073	YCR020C	0.91947
2074	YOR075W	0.91945
2075	YJL108C	0.91943
2076	YBR037C	0.91943
2077	YBL058W	0.91941
2078	YBR158W	0.9194
2079	YCL001W-B	0.91939
2080	YJL014W	0.91939
2081	YGR116W	0.91938
2082	YGR210C	0.91938
2083	YDR481C	0.91938
2084	YGL146C	0.91934
2085	YGL184C	0.91933
2086	YBL112C	0.91932
2087	YHR218W-A	0.91932
2088	YJL141C	0.9193
2089	YKR058W	0.91928
2090	YDL146W	0.91927
2091	YCL075W	0.91924
2092	YBR093C	0.91922
2093	YBL095W	0.91922
2094	YIL079C	0.91921
2095	YKR060W	0.91921
2096	YBL104C	0.9192
2097	YJR154W	0.9192
2098	YDL143W	0.91919
2099	YOR077W	0.91917
2100	YDR435C	0.91915
2101	YOR347C	0.91913
2102	YDL161W	0.91912
2103	YKL210W	0.91911
2104	YOL152W	0.91911
2105	YJR024C	0.91911
2106	YBR201W	0.9191
2107	YER081W	0.91909
2108	YGR003W	0.91902
2109	YNL142W	0.91896
2110	YPL214C	0.91893
2111	YLR071C	0.91892
2112	YPL239W	0.9189
2113	YIL038C	0.91888
2114	YJR069C	0.91887
2115	YGR170W	0.9188
2116	YOR253W	0.9188
2117	YJR103W	0.91878
2118	YCR036W	0.91876
2119	YOL043C	0.91872
2120	YGR145W	0.9187
2121	YLR145W	0.91869
2122	YJL203W	0.91868
2123	YPR168W	0.91865
2124	YJR156C	0.91864
2125	YBL039C	0.91863
2126	YLR240W	0.91862
2127	YPR114W	0.91861
2128	YBL113C	0.91861
2129	YJL111W	0.9186
2130	YKL090W	0.91859
2131	YDR421W	0.91857
2132	YMR216C	0.9185
2133	YLR308W	0.91846
2134	YHR048W	0.91845
2135	YKL188C	0.91844
2136	YMR168C	0.91843
2137	YBR086C	0.91843
2138	YDR168W	0.91842
2139	YLR097C	0.91842
2140	YMR217W	0.9184
2141	YPR175W	0.9184
2142	YGL001C	0.91838
2143	YLR064W	0.91837
2144	YPL228W	0.91836
2145	YLR245C	0.91834
2146	YBL036C	0.91834
2147	YLR293C	0.9183
2148	YLR351C	0.9183
2149	YNR069C	0.9183
2150	YKL057C	0.91828
2151	YGR223C	0.91823
2152	YOR052C	0.91823
2153	YFL036W	0.91823
2154	YBR091C	0.91817
2155	YHR133C	0.91816
2156	YAL033W	0.91816
2157	YOR181W	0.91814
2158	YNL148C	0.91812
2159	YNL193W	0.91811
2160	YPL224C	0.91811
2161	YLR116W	0.91809
2162	YJL102W	0.91809
2163	YKL206C	0.91807
2164	YKL046C	0.91805
2165	YLR077W	0.91805
2166	YIL110W	0.91803
2167	YOL060C	0.91801
2168	YMR228W	0.918
2169	YBL069W	0.91798
2170	YGL221C	0.91795
2171	YLL014W	0.91794
2172	YMR033W	0.9179
2173	YER023W	0.91789
2174	YHR085W	0.91784
2175	YPR198W	0.91781
2176	YLR377C	0.91781
2177	YGL185C	0.91778
2178	YGR105W	0.91777
2179	YAL015C	0.91776
2180	YPR200C	0.91775
2181	YDL084W	0.91769
2182	YLR378C	0.91767
2183	YFL009W	0.91765
2184	YER060W-A	0.91764
2185	YER123W	0.91762
2186	YGL070C	0.91761
2187	YPR182W	0.9176
2188	YMR208W	0.91758
2189	YDR026C	0.91756
2190	YOR160W	0.91755
2191	YKR066C	0.91752
2192	YKL007W	0.9175
2193	YKL221W	0.9175
2194	YMR203W	0.91748
2195	YDR415C	0.91746
2196	YJL210W	0.91745
2197	YDL244W	0.91745
2198	YAL060W	0.91744
2199	YHR186C	0.91738
2200	YNL085W	0.91736
2201	YOR014W	0.91735
2202	YJR008W	0.91733
2203	YER003C	0.91732
2204	YDL111C	0.91726
2205	YBL055C	0.91725
2206	YIR043C	0.91725
2207	YKL003C	0.91723
2208	YCR010C	0.91723
2209	YER021W	0.91722
2210	YDL085W	0.91716
2211	YBL074C	0.91715
2212	YJL006C	0.91714
2213	YPR152C	0.91712
2214	YLR414C	0.91712
2215	YLR022C	0.91709
2216	YGL106W	0.91707
2217	YPR036W	0.91706
2218	YPL196W	0.91701
2219	YDL234C	0.91698
2220	YGR012W	0.91695
2221	YIL043C	0.91695
2222	YDR503C	0.91694
2223	YGR158C	0.91692
2224	YLL060C	0.91692
2225	YLR239C	0.91689
2226	YGR080W	0.91688
2227	YLR103C	0.91687
2228	YHL012W	0.91687
2229	YOL094C	0.91687
2230	YNR030W	0.91682
2231	YML013W	0.91678
2232	YOL163W	0.91673
2233	YML088W	0.91672
2234	YNR015W	0.91672
2235	YDR144C	0.91671
2236	YGR021W	0.91671
2237	YGL238W	0.91667
2238	YGR006W	0.91659
2239	YDL202W	0.91658
2240	YER182W	0.91657
2241	YDR183W	0.91657
2242	YPR093C	0.91656
2243	YKL124W	0.91656
2244	YDL225W	0.91653
2245	YGR286C	0.91652
2246	YDL133W	0.91652
2247	YDR440W	0.91652
2248	YNL080C	0.91651
2249	YPR097W	0.9165
2250	YJL167W	0.9165
2251	YOR025W	0.91649
2252	YLR218C	0.91647
2253	YHR116W	0.91647
2254	YIR039C	0.91647
2255	YCL052C	0.91646
2256	YNL256W	0.91645
2257	YHL022C	0.91645
2258	YLR060W	0.91642
2259	YNR021W	0.91642
2260	YNL048W	0.91642
2261	YKR070W	0.91641
2262	YNL332W	0.9164
2263	YOR051C	0.91635
2264	YBR042C	0.91634
2265	YKL103C	0.91632
2266	YJL059W	0.91632
2267	YJR130C	0.91631
2268	YNR023W	0.91629
2269	YDR427W	0.91625
2270	YGL091C	0.91623
2271	YPR072W	0.91622
2272	YHL004W	0.91619
2273	YDR137W	0.91616
2274	Q0055	0.91616
2275	YDL124W	0.91614
2276	YGR086C	0.91613
2277	YPL243W	0.91613
2278	YLL011W	0.91611
2279	YPR047W	0.9161
2280	YLR144C	0.91607
2281	YLR233C	0.91607
2282	YKL095W	0.91604
2283	YIL154C	0.91596
2284	YIL063C	0.91592
2285	YGR188C	0.91592
2286	YNL262W	0.91591
2287	YDL078C	0.91591
2288	YBR119W	0.9159
2289	YMR313C	0.91587
2290	YFR013W	0.91583
2291	YOL126C	0.91581
2292	YFL058W	0.91579
2293	YDR541C	0.91576
2294	YCR077C	0.91574
2295	YLR225C	0.91573
2296	YPL137C	0.91573
2297	YGL233W	0.91566
2298	YGL133W	0.91565
2299	YKL175W	0.91564
2300	YIL113W	0.91564
2301	YOL030W	0.91563
2302	YPL160W	0.91563
2303	YPL148C	0.91561
2304	YLR045C	0.91561
2305	YNL219C	0.91559
2306	YOL088C	0.91559
2307	YDR106W	0.91558
2308	YIL026C	0.91558
2309	YIL072W	0.91556
2310	YHR070W	0.91553
2311	YBR218C	0.91549
2312	YPL007C	0.91548
2313	YLR035C	0.91546
2314	YNL202W	0.91545
2315	YGR128C	0.91544
2316	YER105C	0.91541
2317	YPL074W	0.91541
2318	YMR310C	0.9154
2319	YGL016W	0.9154
2320	YNL274C	0.9154
2321	YAL002W	0.91537
2322	YPR153W	0.91535
2323	YPR118W	0.91535
2324	YJL130C	0.91533
2325	YLR089C	0.91531
2326	YJL156C	0.91526
2327	YJR112W	0.91526
2328	YNL218W	0.91523
2329	YJL174W	0.91517
2330	YIL171W	0.91514
2331	YOL108C	0.91514
2332	YJR090C	0.91514
2333	YNL221C	0.91513
2334	YDL051W	0.91513
2335	YPR110C	0.91513
2336	YJL100W	0.9151
2337	YDL125C	0.91504
2338	YDL123W	0.91503
2339	YKR061W	0.91502
2340	YGL228W	0.915
2341	YBR074W	0.915
2342	YMR213W	0.915
2343	YHL031C	0.91497
2344	YDL086W	0.91497
2345	YNL294C	0.91497
2346	YER144C	0.91495
2347	YER055C	0.91494
2348	YLR314C	0.91494
2349	YPL217C	0.91493
2350	YDL171C	0.91489
2351	YDR387C	0.91487
2352	YLR231C	0.91483
2353	YGR110W	0.91481
2354	YMR154C	0.91481
2355	YBL035C	0.91477
2356	YHL030W	0.91471
2357	YMR115W	0.9147
2358	YKL019W	0.91469
2359	YDR172W	0.91469
2360	YOR156C	0.91466
2361	YGR090W	0.91462
2362	YKR021W	0.9146
2363	YMR264W	0.91458
2364	YGL008C	0.91456
2365	YJR022W	0.91453
2366	YNL084C	0.91453
2367	YHR016C	0.91452
2368	YJL071W	0.91452
2369	YDL122W	0.9144
2370	YDR391C	0.9144
2371	YHL013C	0.91439
2372	YEL024W	0.91436
2373	YDL175C	0.91434
2374	YNL138W	0.91431
2375	YDR512C	0.9143
2376	YIL074C	0.9143
2377	YAR073W	0.91429
2378	YDR341C	0.91426
2379	YGL194C	0.91425
2380	YPR169W	0.91425
2381	YAL014C	0.91423
2382	YCL002C	0.91423
2383	YML098W	0.9142
2384	YOR272W	0.91418
2385	YMR004W	0.91418
2386	YML095C	0.91417
2387	YDR055W	0.91413
2388	YPR085C	0.91409
2389	YMR161W	0.91403
2390	YPL191C	0.91403
2391	YDL135C	0.91402
2392	YGL211W	0.914
2393	YDL033C	0.91398
2394	YIR029W	0.91398
2395	YDL207W	0.91395
2396	YFR025C	0.91394
2397	YPL111W	0.91393
2398	YBR035C	0.91393
2399	YJR137C	0.91392
2400	YKL070W	0.91391
2401	YHR140W	0.91391
2402	YNL077W	0.9139
2403	YNL153C	0.9139
2404	YGR181W	0.91385
2405	YMR149W	0.91385
2406	YLR285W	0.91384
2407	YDR213W	0.91383
2408	YDR027C	0.91378
2409	YOR067C	0.91376
2410	YGR149W	0.91374
2411	YGR059W	0.91373
2412	YDR018C	0.91372
2413	YMR028W	0.91371
2414	YHR083W	0.9137
2415	YMR041C	0.91369
2416	YLL038C	0.91369
2417	YBL067C	0.91366
2418	YOR069W	0.91358
2419	YHR072W	0.91355
2420	YMR026C	0.91347
2421	YPL023C	0.91346
2422	YOL010W	0.91344
2423	YPL247C	0.91344
2424	YDL104C	0.91344
2425	YHR163W	0.91342
2426	YMR236W	0.91341
2427	YDR099W	0.9134
2428	YIR021W	0.91338
2429	YIR017C	0.91336
2430	YLR420W	0.91336
2431	YOR171C	0.91333
2432	YDR403W	0.91331
2433	YCR035C	0.91331
2434	YNL282W	0.91329
2435	YGR232W	0.91328
2436	YKL084W	0.91327
2437	YHR086W	0.91326
2438	YDR152W	0.91326
2439	YNL186W	0.9132
2440	YGL009C	0.9132
2441	Q0105	0.91316
2442	YNL158W	0.91315
2443	YIL082W-A	0.91314
2444	YML106W	0.91313
2445	YDR171W	0.91313
2446	YBR284W	0.91313
2447	YMR055C	0.91312
2448	YFL027C	0.9131
2449	YIL104C	0.91309
2450	YHR209W	0.91308
2451	YKR069W	0.91306
2452	YEL003W	0.91306
2453	YIL115C	0.91305
2454	YFR032C	0.91305
2455	YNR071C	0.91305
2456	YDR314C	0.91302
2457	YJR095W	0.91301
2458	YOL097C	0.91298
2459	YBL047C	0.91297
2460	YOR057W	0.91295
2461	YDR054C	0.91293
2462	YBL068W	0.91292
2463	YJL029C	0.91292
2464	YKL211C	0.9129
2465	YBR278W	0.91289
2466	YGR245C	0.91289
2467	YKL207W	0.91284
2468	YER004W	0.91283
2469	YMR212C	0.91283
2470	YCR005C	0.91282
2471	YPL104W	0.91281
2472	YML071C	0.91281
2473	YHR075C	0.91281
2474	YLR096W	0.91281
2475	YPL132W	0.91279
2476	YGR268C	0.91279
2477	YBR247C	0.91277
2478	YOL054W	0.91276
2479	YHR196W	0.91276
2480	YGR070W	0.91271
2481	YOL076W	0.91268
2482	YPL190C	0.91263
2483	YOL141W	0.91257
2484	YHR074W	0.91257
2485	YLL004W	0.91255
2486	YKR071C	0.91255
2487	YNL180C	0.91255
2488	YER099C	0.91254
2489	YIR031C	0.91251
2490	YBL076C	0.91251
2491	YPL043W	0.91249
2492	YGR109W-B	0.91248
2493	YGR185C	0.91246
2494	YLR250W	0.91245
2495	YIL095W	0.91242
2496	YIL150C	0.91242
2497	YLR348C	0.91233
2498	YMR227C	0.9123
2499	YDR121W	0.91229
2500	YJR054W	0.91225
2501	YKL194C	0.91224
2502	YLR305C	0.91223
2503	YLR226W	0.91221
2504	YLR292C	0.9122
2505	YMR131C	0.9122
2506	YLL016W	0.91219
2507	YPR062W	0.91217
2508	YDR221W	0.91209
2509	YDR020C	0.91207
2510	YBR084W	0.91206
2511	YHR128W	0.91202
2512	YGL231C	0.91198
2513	YGR155W	0.91197
2514	YOR026W	0.91197
2515	YIL020C	0.91196
2516	YHR197W	0.91196
2517	YGR212W	0.91196
2518	YGR009C	0.91189
2519	YIL053W	0.91189
2520	YER101C	0.91187
2521	YMR177W	0.91187
2522	YPL072W	0.91186
2523	YLR417W	0.91186
2524	Q0060	0.91186
2525	YNL272C	0.91184
2526	YER151C	0.91183
2527	YMR056C	0.91182
2528	YPR125W	0.91182
2529	YDR045C	0.91179
2530	YPR029C	0.91178
2531	YDL080C	0.91178
2532	YBR192W	0.91174
2533	YEL047C	0.91174
2534	YJL179W	0.91173
2535	YGL010W	0.9117
2536	YKR096W	0.91169
2537	YKR097W	0.91169
2538	YNL117W	0.91167
2539	YPR055W	0.91167
2540	YJR066W	0.91163
2541	YPL129W	0.9116
2542	YKL132C	0.9116
2543	YPR139C	0.91157
2544	YPR045C	0.91157
2545	YGL150C	0.91156
2546	YML105C	0.91156
2547	YDR527W	0.91153
2548	YML111W	0.91152
2549	YMR038C	0.91152
2550	YDL195W	0.91148
2551	YBR102C	0.91146
2552	YPL181W	0.91146
2553	YMR145C	0.91142
2554	YPR124W	0.91141
2555	Q0250	0.9114
2556	YMR229C	0.91138
2557	YMR092C	0.91138
2558	YNL191W	0.91138
2559	YGL263W	0.91136
2560	YDR047W	0.91129
2561	YNL241C	0.91129
2562	YDR428C	0.91126
2563	YDR218C	0.91123
2564	YBR260C	0.91121
2565	YKL186C	0.9112
2566	YGR238C	0.91119
2567	YJL060W	0.91118
2568	YDR101C	0.91115
2569	YOR205C	0.91115
2570	YGR112W	0.91112
2571	YML051W	0.91111
2572	YJR076C	0.91109
2573	YER062C	0.91105
2574	YHL049C	0.91104
2575	YMR312W	0.91103
2576	YOR356W	0.91098
2577	YOR216C	0.91094
2578	YGL153W	0.91092
2579	YGR068C	0.91091
2580	YML008C	0.91091
2581	YER148W	0.91084
2582	YDL059C	0.91083
2583	YOR229W	0.91082
2584	YOL123W	0.91077
2585	YOR267C	0.91076
2586	YHR100C	0.91075
2587	YLR183C	0.91071
2588	YJR140C	0.91067
2589	YJR020W	0.91059
2590	YDL043C	0.91056
2591	YKL033W-A	0.91056
2592	YPL109C	0.91055
2593	YLR039C	0.91054
2594	YGL158W	0.91052
2595	YEL051W	0.91051
2596	YER010C	0.9105
2597	YDR128W	0.91048
2598	YML011C	0.91046
2599	YHL011C	0.91044
2600	YDR108W	0.91044
2601	YLR363C	0.91043
2602	YDR245W	0.91042
2603	YDR347W	0.91042
2604	YOR360C	0.9104
2605	YGL137W	0.91038
2606	YNL045W	0.91035
2607	YPR155C	0.91034
2608	Q0045	0.91034
2609	YML048W	0.91033
2610	YBL075C	0.91029
2611	YAR019C	0.91029
2612	YDR308C	0.91029
2613	YMR244W	0.91028
2614	YAR027W	0.91022
2615	YDR312W	0.91022
2616	YDL217C	0.91018
2617	YDR283C	0.91017
2618	YFL040W	0.91015
2619	YJL206C	0.91015
2620	YJR136C	0.91015
2621	YPR104C	0.91014
2622	YBL015W	0.91011
2623	YER113C	0.91011
2624	YPL063W	0.91005
2625	YPL172C	0.91003
2626	YDL021W	0.91001
2627	YPL263C	0.91
2628	YPR179C	0.90998
2629	YLR199C	0.90998
2630	YGR255C	0.90996
2631	YNR017W	0.90996
2632	YKL087C	0.90994
2633	YOL154W	0.90993
2634	YML032C	0.90988
2635	YLR323C	0.90986
2636	YLR166C	0.90984
2637	YGL054C	0.9098
2638	YDL120W	0.90978
2639	YOR224C	0.90977
2640	YMR106C	0.90977
2641	YLR141W	0.90976
2642	YJL088W	0.90973
2643	YOR365C	0.90971
2644	YKL178C	0.9097
2645	YJR045C	0.90969
2646	YOR209C	0.90967
2647	YER082C	0.90965
2648	YIL076W	0.90965
2649	YJL031C	0.90964
2650	YLR392C	0.90961
2651	YOR074C	0.90961
2652	YLL027W	0.90959
2653	YJR109C	0.90959
2654	YEL020C	0.90958
2655	YJL194W	0.90958
2656	YML022W	0.90954
2657	YDL192W	0.90954
2658	YPR167C	0.90953
2659	YGR270W	0.90953
2660	YDR110W	0.90952
2661	YIR034C	0.9095
2662	YCR107W	0.9095
2663	YOR124C	0.90948
2664	YLR375W	0.90944
2665	YEL016C	0.90943
2666	YER024W	0.90942
2667	YDR380W	0.90939
2668	YCL054W	0.90937
2669	YHR069C	0.90936
2670	YGL062W	0.90935
2671	YGL254W	0.9093
2672	YOR322C	0.90929
2673	YJR039W	0.90924
2674	YOR090C	0.90924
2675	YCR021C	0.90923
2676	YBR246W	0.90922
2677	YNL029C	0.90922
2678	YMR223W	0.90921
2679	YOL045W	0.90919
2680	YER008C	0.90918
2681	YNL306W	0.90917
2682	YPL091W	0.90913
2683	YHR002W	0.90911
2684	YOR281C	0.90911
2685	YOL077C	0.9091
2686	YHL014C	0.90904
2687	YDR488C	0.90904
2688	YKL005C	0.90902
2689	YER188W	0.90901
2690	YER136W	0.90892
2691	YMR024W	0.90892
2692	YBR179C	0.90884
2693	YNL051W	0.90884
2694	YOR334W	0.90881
2695	YLR050C	0.90879
2696	YPR035W	0.90878
2697	YDR531W	0.90869
2698	YGL234W	0.90868
2699	YDR003W	0.90867
2700	YBR233W	0.90867
2701	YJL221C	0.90866
2702	YIL172C	0.90866
2703	YNR067C	0.90866
2704	YDR126W	0.90865
2705	YML104C	0.90865
2706	YMR316W	0.90859
2707	YNR068C	0.90859
2708	YDR525W-A	0.90856
2709	YJL123C	0.90852
2710	YHR022C	0.90852
2711	YBR147W	0.90852
2712	YGL126W	0.90851
2713	YLR197W	0.90848
2714	YIL165C	0.90848
2715	YBR258C	0.90847
2716	YOL114C	0.90846
2717	YGR292W	0.90845
2718	YMR209C	0.90844
2719	YHR122W	0.90842
2720	YOR176W	0.90842
2721	YHR112C	0.90841
2722	YGR180C	0.90839
2723	YOL087C	0.90839
2724	YDR232W	0.90836
2725	YJL216C	0.90834
2726	YDL116W	0.90833
2727	YOR070C	0.90831
2728	YOR116C	0.90816
2729	YOR269W	0.90816
2730	YGR186W	0.90816
2731	YGR109W-A	0.90815
2732	YPL145C	0.90813
2733	YAL043C	0.90813
2734	YPR028W	0.90812
2735	YNR056C	0.90807
2736	YJL004C	0.90807
2737	YDR335W	0.90806
2738	YLR247C	0.90804
2739	YIL066C	0.90802
2740	YOL147C	0.90801
2741	YER147C	0.90801
2742	YDR390C	0.908
2743	YDL025C	0.90799
2744	YER039C-A	0.90798
2745	YHR106W	0.90792
2746	YBR006W	0.90791
2747	YPL106C	0.9079
2748	YBR082C	0.9079
2749	YDL058W	0.90788
2750	YIL015W	0.90788
2751	YBR111C	0.90787
2752	YLR023C	0.90784
2753	YAL049C	0.90783
2754	YER070W	0.90783
2755	YOL157C	0.90782
2756	YDL182W	0.90781
2757	YHR009C	0.9078
2758	YPL093W	0.9078
2759	YPR089W	0.90779
2760	YER174C	0.90778
2761	YHR037W	0.90775
2762	YOR378W	0.90775
2763	YDR205W	0.90774
2764	YIL082W	0.9077
2765	YPL065W	0.90769
2766	YLR300W	0.90769
2767	YMR165C	0.90767
2768	YOL133W	0.90767
2769	YMR275C	0.90767
2770	YBR011C	0.90766
2771	YNR064C	0.90766
2772	YJL106W	0.90764
2773	YGR202C	0.90761
2774	YGR242W	0.90761
2775	YNL038W	0.90761
2776	YLL041C	0.9076
2777	YBR299W	0.90759
2778	YDL003W	0.90758
2779	YMR251W	0.90756
2780	YPR069C	0.90753
2781	YDR424C	0.90752
2782	YJL046W	0.90752
2783	YOL153C	0.90751
2784	YNL318C	0.90741
2785	YHR066W	0.90738
2786	YBR149W	0.90736
2787	YPL088W	0.90735
2788	YNL097C	0.90735
2789	YNL124W	0.90735
2790	YOR007C	0.90731
2791	YOR335C	0.9073
2792	YBR186W	0.9073
2793	YBR127C	0.90728
2794	YJL151C	0.90726
2795	YJR070C	0.90722
2796	YDR393W	0.9072
2797	YIL130W	0.9071
2798	YDR253C	0.90707
2799	YEL038W	0.90705
2800	YML042W	0.90704
2801	YHR171W	0.90703
2802	YFR016C	0.90701
2803	YHR137W	0.90698
2804	YDR408C	0.90691
2805	YNL279W	0.90691
2806	YFR020W	0.90689
2807	YHR088W	0.90689
2808	YOR080W	0.90688
2809	YJL101C	0.90687
2810	R0010W	0.90687
2811	YCL034W	0.90684
2812	YGR038W	0.90684
2813	YHR045W	0.90682
2814	YAR075W	0.90676
2815	YDR080W	0.90671
2816	YBR193C	0.9067
2817	YGL196W	0.90669
2818	YOR095C	0.90668
2819	YLR335W	0.90668
2820	YAL056W	0.90666
2821	YOR305W	0.90663
2822	YGL195W	0.9066
2823	YLL007C	0.90659
2824	YOR106W	0.90658
2825	YCL067C	0.90653
2826	YCR039C	0.90653
2827	YBR061C	0.90653
2828	YMR099C	0.90652
2829	YBR036C	0.90651
2830	YGL145W	0.90649
2831	YHR079C	0.90643
2832	YDR204W	0.9064
2833	YKL196C	0.90639
2834	YKL216W	0.90637
2835	YLR153C	0.90637
2836	YLR021W	0.90633
2837	YBR079C	0.90632
2838	YBR065C	0.90622
2839	YCL076W	0.90619
2840	YPL107W	0.90615
2841	YNL255C	0.90614
2842	YHR068W	0.90608
2843	YGR184C	0.90608
2844	YDR460W	0.90607
2845	YIL157C	0.90604
2846	YDR268W	0.90601
2847	YJL098W	0.906
2848	YHR084W	0.90599
2849	YNR028W	0.90599
2850	YAL046C	0.90594
2851	YDR052C	0.90594
2852	YBR142W	0.90592
2853	YLL040C	0.90587
2854	YOR368W	0.90586
2855	YBL004W	0.90586
2856	YBL049W	0.9058
2857	YPR066W	0.90579
2858	YOR222W	0.90574
2859	YGR001C	0.90573
2860	YDR098C	0.90572
2861	YNL126W	0.90571
2862	YIL027C	0.90568
2863	YJL097W	0.90564
2864	YBR150C	0.90564
2865	YGL262W	0.90563
2866	YOR174W	0.90563
2867	YCL017C	0.9056
2868	YLL022C	0.90558
2869	YMR157C	0.90556
2870	YHR078W	0.90555
2871	YKL160W	0.90553
2872	YCR067C	0.90553
2873	YGL060W	0.90551
2874	YBR229C	0.90548
2875	YOR227W	0.90543
2876	YDR262W	0.90543
2877	YNR031C	0.90539
2878	YOL064C	0.90538
2879	YDR179W-A	0.90537
2880	YGR122W	0.90537
2881	YKR025W	0.90536
2882	YOR064C	0.90536
2883	YGR258C	0.90535
2884	YKL089W	0.90525
2885	YGR194C	0.90523
2886	YMR090W	0.90523
2887	YLL009C	0.90523
2888	YCR052W	0.9052
2889	YMR010W	0.90519
2890	YNR041C	0.90517
2891	YER107C	0.90514
2892	YNL118C	0.90513
2893	YGR005C	0.90512
2894	YMR189W	0.90511
2895	YBR281C	0.90511
2896	YOR017W	0.9051
2897	YKL127W	0.90509
2898	YJR144W	0.90509
2899	YIL022W	0.90506
2900	YOR033C	0.90505
2901	YLR118C	0.90502
2902	YHR029C	0.90502
2903	YIL004C	0.90502
2904	YBR216C	0.90501
2905	YDR087C	0.90497
2906	YJR099W	0.90496
2907	YLR284C	0.90489
2908	YGR244C	0.90488
2909	YNL289W	0.90487
2910	YNL064C	0.90483
2911	YOR027W	0.9048
2912	YJL061W	0.9048
2913	YER128W	0.90479
2914	YNR074C	0.90478
2915	YLR087C	0.90478
2916	YGR201C	0.90478
2917	YKL055C	0.90475
2918	YJL104W	0.90473
2919	YAR008W	0.90473
2920	YJL091C	0.9047
2921	YBR005W	0.90467
2922	YBR109C	0.90466
2923	YDR150W	0.90453
2924	YGR287C	0.9044
2925	YDR441C	0.90435
2926	YER139C	0.90434
2927	YGL244W	0.90432
2928	YDL091C	0.90431
2929	YMR042W	0.90428
2930	YBL033C	0.90428
2931	YNL137C	0.90427
2932	YCR060W	0.90424
2933	YKL120W	0.90421
2934	YKL168C	0.90419
2935	YDR449C	0.90418
2936	YDR139C	0.90417
2937	YBR039W	0.90413
2938	YJL153C	0.90413
2939	YOL151W	0.90412
2940	YGL202W	0.90407
2941	YPL273W	0.90405
2942	YLR396C	0.90398
2943	YER076C	0.90398
2944	YGR154C	0.90397
2945	YMR233W	0.90396
2946	YKR082W	0.90396
2947	YPL134C	0.90396
2948	YJL039C	0.90394
2949	YML004C	0.90394
2950	YBR117C	0.90389
2951	YBL097W	0.90387
2952	YMR087W	0.90383
2953	YPL231W	0.90383
2954	YJL057C	0.90382
2955	YPL268W	0.90379
2956	YKR076W	0.90378
2957	YDR019C	0.90369
2958	YOR060C	0.90369
2959	YLR054C	0.90368
2960	YOL033W	0.90365
2961	YPL188W	0.90363
2962	YJL193W	0.90362
2963	YBR123C	0.90362
2964	YEL006W	0.90361
2965	YPR127W	0.9036
2966	YER044C	0.90359
2967	YDL092W	0.90358
2968	YJR155W	0.90358
2969	YGL084C	0.90356
2970	YPL004C	0.90355
2971	YGR278W	0.90354
2972	YPL144W	0.90351
2973	YDL241W	0.90351
2974	YNL063W	0.90348
2975	YCR071C	0.90346
2976	YBR176W	0.90342
2977	YLL053C	0.90339
2978	YPR165W	0.90338
2979	YIL061C	0.90334
2980	YDR059C	0.9033
2981	YNL187W	0.90328
2982	YGL236C	0.90327
2983	YDR473C	0.90327
2984	YHR170W	0.90313
2985	YER094C	0.90312
2986	YHR199C	0.90311
2987	Q0070	0.90311
2988	YLR380W	0.9031
2989	YMR074C	0.9031
2990	YHR091C	0.90308
2991	YKR044W	0.90303
2992	YJR097W	0.90301
2993	YNL128W	0.90301
2994	YPR002W	0.90299
2995	YHR073W	0.90298
2996	YAL044W-A	0.90296
2997	YMR190C	0.90296
2998	YOR108W	0.90296
2999	YBR129C	0.90294
3000	YGR062C	0.90292
3001	YPL128C	0.90291
3002	YIL023C	0.90291
3003	YOL148C	0.90291
3004	YPL237W	0.90287
3005	YIL078W	0.90284
3006	YDR478W	0.90283
3007	YJL127C	0.90278
3008	YDL203C	0.90278
3009	YKR089C	0.90275
3010	YIR027C	0.90273
3011	YLR299W	0.90269
3012	YNL141W	0.90268
3013	YPR048W	0.90264
3014	YIL009C-A	0.90264
3015	YDL157C	0.90261
3016	YDR339C	0.9026
3017	YIR007W	0.90259
3018	YMR247C	0.90256
3019	YMR044W	0.90255
3020	YKR023W	0.90251
3021	YBL079W	0.90247
3022	YDR160W	0.90247
3023	YJR019C	0.90245
3024	YGR042W	0.90245
3025	YER048C	0.90241
3026	YLR208W	0.90237
3027	YMR287C	0.90234
3028	YDR049W	0.90234
3029	YPR141C	0.90234
3030	YPR073C	0.90234
3031	YIR005W	0.90229
3032	YPR116W	0.90226
3033	YHR081W	0.90226
3034	YKR028W	0.90226
3035	YDL054C	0.90225
3036	YDL243C	0.90221
3037	YMR307W	0.90221
3038	YGR193C	0.9022
3039	YIL041W	0.9022
3040	YHL043W	0.90218
3041	YDR513W	0.90217
3042	YDR116C	0.90213
3043	YGL039W	0.90213
3044	YBR253W	0.90212
3045	YNL227C	0.90212
3046	YER156C	0.90209
3047	YMR129W	0.90209
3048	YOR332W	0.90209
3049	YML110C	0.90207
3050	YGL203C	0.90203
3051	YMR192W	0.90202
3052	YEL066W	0.90202
3053	YJL173C	0.90196
3054	YHR158C	0.90195
3055	YBR104W	0.90195
3056	YHR101C	0.90194
3057	YJR119C	0.90194
3058	YOR386W	0.90181
3059	YGR056W	0.90179
3060	YOR179C	0.90174
3061	YFL057C	0.90174
3062	YDR520C	0.90168
3063	YBR291C	0.90168
3064	YGR088W	0.90168
3065	YOR271C	0.90167
3066	YGL037C	0.90164
3067	YFL023W	0.90163
3068	YKL215C	0.90158
3069	YOL165C	0.90155
3070	YLL018C-A	0.90155
3071	YBR261C	0.90151
3072	YNL173C	0.90151
3073	YEL022W	0.9015
3074	YHR169W	0.9015
3075	YML070W	0.90146
3076	YMR185W	0.90146
3077	YLR288C	0.90143
3078	YMR108W	0.90139
3079	YPR031W	0.90139
3080	YML055W	0.90138
3081	YBR293W	0.90138
3082	YDR006C	0.90136
3083	YPL248C	0.90135
3084	YIR032C	0.90134
3085	YOR249C	0.9013
3086	YDR237W	0.90127
3087	YFL031W	0.90126
3088	YOR093C	0.90126
3089	YOL005C	0.90125
3090	YGR104C	0.90123
3091	YOR111W	0.9012
3092	YBL080C	0.90118
3093	YHL035C	0.90114
3094	YGR057C	0.90113
3095	YMR321C	0.9011
3096	Q0160	0.90106
3097	YLL031C	0.90097
3098	YMR039C	0.90097
3099	YGL040C	0.90095
3100	YDR430C	0.90094
3101	YJL172W	0.90094
3102	YPL165C	0.90093
3103	YNR006W	0.90091
3104	YDR501W	0.90089
3105	YFL013C	0.90088
3106	YDR148C	0.90085
3107	YGR127W	0.90082
3108	YIL161W	0.9008
3109	YIL010W	0.90074
3110	YJR096W	0.9007
3111	YDL112W	0.90069
3112	YKL012W	0.90067
3113	YKR007W	0.90065
3114	YCR102C	0.9006
3115	YKR072C	0.90058
3116	YKL140W	0.90058
3117	YLR460C	0.90051
3118	YLR120C	0.90044
3119	YDL205C	0.90041
3120	YKL088W	0.9004
3121	YJL131C	0.90036
3122	YPL135W	0.90034
3123	YIL125W	0.90031
3124	YOL028C	0.90031
3125	YDR496C	0.90026
3126	YOR285W	0.90025
3127	YMR012W	0.90024
3128	YER177W	0.90023
3129	YMR005W	0.90022
3130	YML117W	0.90019
3131	YPL038W	0.90018
3132	YNR040W	0.90015
3133	YGR043C	0.90007
3134	YMR035W	0.90007
3135	YNL131W	0.90006
3136	YFR047C	0.90005
3137	YMR137C	0.90005
3138	YHR173C	0.90004
3139	YDR248C	0.90004
3140	YPR004C	0.90001
3141	YJR034W	0.89999
3142	YOL111C	0.89994
3143	YGR131W	0.89992
3144	YDR326C	0.89988
3145	YNL012W	0.89988
3146	YJR102C	0.89986
3147	YLR393W	0.89982
3148	YMR152W	0.89981
3149	YCL059C	0.89977
3150	YMR188C	0.89977
3151	YOL001W	0.89977
3152	YNR001C	0.89976
3153	YGL092W	0.89974
3154	YER072W	0.89971
3155	YOR237W	0.89967
3156	YJL115W	0.89965
3157	YKL043W	0.8996
3158	YNL035C	0.89956
3159	YMR269W	0.89956
3160	YJR100C	0.89951
3161	YCR091W	0.89949
3162	YCL049C	0.89948
3163	YML060W	0.89946
3164	YBR121C	0.89939
3165	YGL134W	0.89938
3166	YHR067W	0.89935
3167	YER093C	0.89934
3168	YHR104W	0.89932
3169	YJL132W	0.89932
3170	YHR060W	0.89927
3171	YNL331C	0.89923
3172	YML046W	0.8992
3173	YPR018W	0.89919
3174	YPL061W	0.89917
3175	YFR044C	0.89917
3176	YOR256C	0.89916
3177	YDL024C	0.89915
3178	YCL035C	0.89915
3179	YKL116C	0.89913
3180	YLR364W	0.8991
3181	YGR257C	0.89908
3182	YNL032W	0.89908
3183	YJL109C	0.89903
3184	YLR178C	0.89901
3185	YER170W	0.899
3186	YNL209W	0.899
3187	YOL095C	0.89899
3188	YCL055W	0.89897
3189	YNL127W	0.89896
3190	YPR109W	0.89891
3191	YGR144W	0.8989
3192	YDR400W	0.89887
3193	YGL018C	0.89883
3194	YGL026C	0.89882
3195	YGL129C	0.89882
3196	YDR256C	0.89881
3197	YMR237W	0.8988
3198	YHR198C	0.8988
3199	YJL045W	0.89877
3200	YOL004W	0.89876
3201	YHR155W	0.89875
3202	YDL150W	0.89874
3203	YJL112W	0.89873
3204	YLL057C	0.89872
3205	YDR041W	0.8987
3206	YOL140W	0.89863
3207	YER053C	0.89861
3208	YHR113W	0.89859
3209	YPR060C	0.89858
3210	YKL137W	0.89853
3211	YMR194C-B	0.89853
3212	YGL259W	0.89852
3213	YLR095C	0.89851
3214	YBR231C	0.89845
3215	YIR006C	0.89845
3216	YBL086C	0.89842
3217	YGL227W	0.89842
3218	YPL032C	0.8984
3219	YPR129W	0.89839
3220	YNR059W	0.89833
3221	YLR127C	0.89832
3222	YMR053C	0.89831
3223	YDL185W	0.89828
3224	YBL071W-A	0.89826
3225	YDR487C	0.89823
3226	YFL061W	0.89823
3227	YNL335W	0.89823
3228	YER083C	0.89821
3229	YER095W	0.89817
3230	YBR022W	0.89816
3231	YJR016C	0.89815
3232	YOR194C	0.89814
3233	YGR282C	0.89814
3234	YCR105W	0.89814
3235	YDL148C	0.89812
3236	YJR126C	0.89811
3237	YLR229C	0.89807
3238	YJR142W	0.89804
3239	YBR106W	0.89802
3240	YER077C	0.898
3241	YEL061C	0.89794
3242	YJL140W	0.89793
3243	YGR204W	0.89791
3244	YDR470C	0.89789
3245	YBR044C	0.89786
3246	YOL057W	0.89786
3247	YGL178W	0.89784
3248	YNL009W	0.89782
3249	YKL148C	0.89781
3250	YOR159C	0.8978
3251	YOR002W	0.89777
3252	YMR225C	0.89777
3253	YDL214C	0.89775
3254	YMR062C	0.89775
3255	YBR162C	0.89772
3256	YML078W	0.89771
3257	YDR409W	0.89769
3258	YGL067W	0.89769
3259	YOL053W	0.89765
3260	YHR052W	0.8976
3261	YJR105W	0.89758
3262	YLR336C	0.89755
3263	YHR024C	0.89754
3264	YKL214C	0.89752
3265	YGL192W	0.89751
3266	YDR365C	0.8975
3267	YCL012C	0.8975
3268	YDR359C	0.89749
3269	YLR177W	0.89747
3270	YOR211C	0.89745
3271	YDR540C	0.89744
3272	YLL062C	0.89744
3273	YKL006C-A	0.89744
3274	YPL260W	0.89734
3275	YOR323C	0.89728
3276	YPL234C	0.89725
3277	YMR013C	0.89722
3278	YMR211W	0.89722
3279	YDR247W	0.89713
3280	YNL304W	0.89709
3281	YGR091W	0.89709
3282	YJL213W	0.89708
3283	YKL053C-A	0.89706
3284	YAL017W	0.89706
3285	YPR030W	0.89705
3286	YBR146W	0.89704
3287	YIL050W	0.89704
3288	YPR033C	0.89702
3289	YOL026C	0.89702
3290	YPL242C	0.89702
3291	YEL071W	0.89701
3292	YPL020C	0.89697
3293	YOR226C	0.89691
3294	YGL131C	0.89689
3295	YDR174W	0.89688
3296	YAL062W	0.89688
3297	YOR115C	0.89687
3298	YJL121C	0.89687
3299	YNL168C	0.89686
3300	YIL137C	0.89681
3301	YJR050W	0.89681
3302	YOL144W	0.89681
3303	YML096W	0.8968
3304	YML120C	0.89679
3305	YDL178W	0.89678
3306	YGR285C	0.89676
3307	YDR251W	0.89674
3308	YER069W	0.89672
3309	YOL051W	0.89672
3310	YDR319C	0.89665
3311	YLR132C	0.89665
3312	YPR148C	0.89665
3313	YKR041W	0.89664
3314	YPL126W	0.89664
3315	YDL077C	0.89664
3316	YDR405W	0.89664
3317	YCR088W	0.89663
3318	YBL068W-A	0.89663
3319	YCR095C	0.89659
3320	YMR067C	0.89658
3321	YGL056C	0.89656
3322	YIL142W	0.89655
3323	YGR033C	0.89653
3324	YLR172C	0.89653
3325	YOL041C	0.89653
3326	YIL132C	0.8965
3327	YDR279W	0.89649
3328	YDR507C	0.89648
3329	YOL049W	0.89645
3330	YMR112C	0.89642
3331	YKR035W-A	0.89641
3332	YBR040W	0.89639
3333	YNL257C	0.89639
3334	YMR156C	0.89636
3335	YLR025W	0.89635
3336	YKR087C	0.89635
3337	YDR286C	0.89634
3338	YOL027C	0.89634
3339	YBL010C	0.89634
3340	YFL022C	0.89631
3341	YLR006C	0.89619
3342	YOL063C	0.89618
3343	YDR489W	0.89617
3344	YMR061W	0.89611
3345	YIR011C	0.8961
3346	YBR279W	0.89607
3347	YER127W	0.89606
3348	YPR058W	0.89601
3349	YPL059W	0.896
3350	YNR054C	0.89599
3351	YJR044C	0.89598
3352	YER141W	0.89594
3353	YOR188W	0.89588
3354	YER007W	0.89582
3355	YKL155C	0.89582
3356	YBL026W	0.89571
3357	YFL053W	0.89562
3358	YNL036W	0.89562
3359	YER043C	0.8956
3360	YNL006W	0.89559
3361	YFL030W	0.89558
3362	YIL090W	0.89557
3363	YLL032C	0.89555
3364	YIR015W	0.89553
3365	YLR456W	0.89551
3366	YMR169C	0.89546
3367	YMR207C	0.89546
3368	YMR281W	0.89545
3369	YJL157C	0.89541
3370	YGR044C	0.8954
3371	YBR097W	0.89539
3372	YPR098C	0.89537
3373	YGR189C	0.89537
3374	YEL037C	0.89537
3375	YGR082W	0.89536
3376	YDR141C	0.89533
3377	YDL237W	0.89531
3378	YGL148W	0.8953
3379	YBL066C	0.8953
3380	YNR061C	0.89529
3381	YGL014W	0.89526
3382	YNL139C	0.89525
3383	YDR081C	0.89523
3384	YNR066C	0.89522
3385	YML020W	0.89513
3386	YDL028C	0.89509
3387	YNL239W	0.89509
3388	YDL002C	0.89506
3389	YER042W	0.89506
3390	YGR102C	0.89503
3391	YOR166C	0.89502
3392	YDL229W	0.89502
3393	YOR133W	0.89502
3394	YDR175C	0.89498
3395	YPL123C	0.89484
3396	YCL066W	0.89483
3397	YCR040W	0.89483
3398	YOR278W	0.89482
3399	YMR322C	0.89479
3400	YDR190C	0.89479
3401	YNL253W	0.89478
3402	YLR084C	0.89478
3403	YGR178C	0.89472
3404	YDR367W	0.89469
3405	YDR333C	0.89468
3406	YFL064C	0.89465
3407	YGL028C	0.89465
3408	YLR206W	0.89459
3409	YPL266W	0.89458
3410	YMR267W	0.89453
3411	YDR318W	0.89448
3412	YGR097W	0.89448
3413	YGR271C-A	0.89446
3414	YOR391C	0.89446
3415	YPL005W	0.89444
3416	YNL039W	0.89432
3417	YMR091C	0.89432
3418	YIL134W	0.89429
3419	YKR008W	0.89427
3420	YKL183W	0.89425
3421	YLL035W	0.8942
3422	YKL195W	0.89413
3423	YGR101W	0.89412
3424	YIL156W	0.8941
3425	YMR105C	0.89405
3426	YLR104W	0.89402
3427	YPL057C	0.894
3428	YNL252C	0.89399
3429	YPL280W	0.89378
3430	YOR112W	0.89373
3431	YOR338W	0.89371
3432	YPR079W	0.89371
3433	YER063W	0.89365
3434	YBR259W	0.89365
3435	YHR109W	0.89363
3436	YLR259C	0.89362
3437	YNL278W	0.89362
3438	YJL043W	0.89362
3439	YJR122W	0.89361
3440	YKL002W	0.8936
3441	YER007C-A	0.89357
3442	YPL186C	0.89354
3443	YNL071W	0.89342
3444	YKL015W	0.89339
3445	YNL073W	0.89339
3446	YDR416W	0.89336
3447	YGR198W	0.89333
3448	YNR058W	0.8933
3449	YCR053W	0.8933
3450	YBR276C	0.8932
3451	YBR098W	0.89319
3452	YPL241C	0.89317
3453	YOR371C	0.89313
3454	YBR111W-A	0.89313
3455	YJL126W	0.89313
3456	YHR189W	0.89311
3457	YMR166C	0.89308
3458	YIL096C	0.89304
3459	YML090W	0.89304
3460	YNL110C	0.89303
3461	YJL070C	0.89301
3462	YBR052C	0.89297
3463	YKL045W	0.89297
3464	YFL039C	0.89296
3465	YOL102C	0.89289
3466	YLR422W	0.89286
3467	YOR374W	0.89282
3468	YAL005C	0.89282
3469	YPL240C	0.89279
3470	YPL047W	0.89276
3471	YCL031C	0.89276
3472	YDL117W	0.89264
3473	YBL099W	0.89264
3474	YML099C	0.89263
3475	YFR043C	0.89258
3476	YIL024C	0.89257
3477	YBR078W	0.89256
3478	YIL084C	0.89254
3479	YMR158W	0.89253
3480	YER073W	0.89252
3481	YER087C-B	0.89252
3482	YAL013W	0.89251
3483	YNL015W	0.8925
3484	YOR123C	0.8925
3485	YMR170C	0.89249
3486	YIL008W	0.89249
3487	YNL310C	0.89249
3488	YPL048W	0.89248
3489	YJL200C	0.89246
3490	YPL155C	0.89244
3491	YCL004W	0.89237
3492	YPL189W	0.89237
3493	YGL116W	0.89237
3494	YNL220W	0.89232
3495	YJR135W-A	0.89232
3496	YML107C	0.8923
3497	YKR049C	0.89229
3498	YDR036C	0.89224
3499	YLL017W	0.8922
3500	YDR539W	0.89217
3501	YLR260W	0.89214
3502	YGR052W	0.8921
3503	YNL134C	0.89207
3504	YKR081C	0.89204
3505	YML050W	0.89203
3506	YBR085W	0.89201
3507	YMR244C-A	0.89201
3508	YBL020W	0.892
3509	YLR440C	0.892
3510	YDR208W	0.89198
3511	YML002W	0.89197
3512	YJR062C	0.89191
3513	YJL069C	0.89189
3514	YER068W	0.89189
3515	YJL092W	0.89184
3516	YAL055W	0.89184
3517	YGL127C	0.89183
3518	YOR230W	0.89182
3519	YPR006C	0.8918
3520	YDR423C	0.89178
3521	YDL055C	0.89175
3522	YLR013W	0.89174
3523	YHR011W	0.89174
3524	YJL201W	0.89172
3525	YBR046C	0.8917
3526	YIL005W	0.89168
3527	YLR063W	0.89167
3528	YIL094C	0.89165
3529	YDR234W	0.89159
3530	YIL168W	0.89155
3531	YOL019W	0.89151
3532	YDR429C	0.89151
3533	YIR035C	0.89144
3534	YJR007W	0.89144
3535	YJL020C	0.8914
3536	YPL149W	0.89136
3537	YLR350W	0.89135
3538	YJL116C	0.89134
3539	YNL224C	0.89132
3540	YFL018C	0.89131
3541	YGR136W	0.8913
3542	YMR060C	0.8913
3543	YLR200W	0.89128
3544	YLR149C	0.89125
3545	YOR008C	0.89125
3546	YOR245C	0.89125
3547	YPR016C	0.89124
3548	YDR198C	0.89123
3549	YIL042C	0.8912
3550	YMR111C	0.89116
3551	YOR288C	0.89114
3552	YER065C	0.89109
3553	YKL167C	0.89106
3554	YMR283C	0.89104
3555	YEL023C	0.89102
3556	YKL121W	0.89097
3557	YGR165W	0.89097
3558	YOR081C	0.89096
3559	YPR149W	0.89094
3560	YLL049W	0.89082
3561	YMR315W	0.89079
3562	YEL020W-A	0.89075
3563	YLR158C	0.89071
3564	YLR160C	0.89071
3565	YLR157C	0.89071
3566	YLR155C	0.89071
3567	YER047C	0.89069
3568	YNL003C	0.89068
3569	YMR065W	0.89067
3570	YMR029C	0.89065
3571	YGR046W	0.89063
3572	YFR030W	0.89062
3573	YOR198C	0.8906
3574	YLR027C	0.89056
3575	YBR162W-A	0.89055
3576	YDR484W	0.89053
3577	YDR267C	0.89052
3578	YER096W	0.89039
3579	YFL046W	0.89031
3580	YGL085W	0.89029
3581	YJR085C	0.89018
3582	YER103W	0.89016
3583	YMR048W	0.89014
3584	YOR100C	0.89013
3585	YKL079W	0.89013
3586	YJR153W	0.89011
3587	YER120W	0.89007
3588	YLR128W	0.89005
3589	YDR072C	0.88992
3590	YOR142W	0.88992
3591	YOL143C	0.88988
3592	YFR034C	0.88986
3593	YPL178W	0.88983
3594	YBR128C	0.88983
3595	YJR051W	0.88981
3596	YLL051C	0.88981
3597	YGL125W	0.88978
3598	YFL007W	0.88977
3599	YGR156W	0.88974
3600	YJL026W	0.88972
3601	YFR029W	0.8897
3602	YNL104C	0.8897
3603	YHR035W	0.88967
3604	YMR077C	0.88962
3605	YOR242C	0.88947
3606	YOR202W	0.88944
3607	YBR251W	0.88944
3608	YMR241W	0.88943
3609	YLR028C	0.88942
3610	YFL045C	0.8894
3611	YMR171C	0.88939
3612	YDR389W	0.88938
3613	YOR310C	0.88936
3614	YOR319W	0.88934
3615	YGR020C	0.88934
3616	YOL017W	0.8893
3617	YGR002C	0.8893
3618	YIR038C	0.88922
3619	YDL066W	0.88917
3620	YDR255C	0.88916
3621	YJR082C	0.88916
3622	YBR161W	0.88915
3623	YML131W	0.88915
3624	YGL157W	0.88911
3625	YOR043W	0.88909
3626	YOR320C	0.88908
3627	YHR015W	0.88902
3628	YOL164W	0.889
3629	YDR091C	0.88896
3630	YDL013W	0.88889
3631	YOR346W	0.88889
3632	YHR127W	0.88888
3633	YBL014C	0.88886
3634	YKL041W	0.88886
3635	YIR001C	0.88885
3636	YLR136C	0.88884
3637	YAL044C	0.88884
3638	YLR010C	0.88877
3639	YPR022C	0.88876
3640	YOR232W	0.88874
3641	YJL063C	0.88869
3642	YLR179C	0.88866
3643	YKR027W	0.88855
3644	YPL150W	0.88854
3645	YBR107C	0.88853
3646	YER078C	0.88853
3647	YBL060W	0.88847
3648	YDR138W	0.88838
3649	YJL044C	0.88838
3650	YNR034W-A	0.88836
3651	YLR309C	0.88832
3652	YNL066W	0.88832
3653	YNR007C	0.88831
3654	YJR059W	0.88827
3655	YHR154W	0.88827
3656	YDL227C	0.88826
3657	YPL187W	0.88825
3658	YIL077C	0.88821
3659	YPR115W	0.88821
3660	YMR140W	0.88821
3661	YDR485C	0.88808
3662	YLL002W	0.88804
3663	YGR256W	0.88802
3664	YDL099W	0.88799
3665	YAL011W	0.88798
3666	YMR182C	0.88798
3667	YNL151C	0.88797
3668	YGR207C	0.88793
3669	YPL211W	0.88793
3670	YBR167C	0.8879
3671	YLR070C	0.88789
3672	YDR273W	0.88788
3673	YLR290C	0.88787
3674	YGL124C	0.88786
3675	YPR040W	0.88781
3676	YBR240C	0.88775
3677	YCL057C-A	0.88773
3678	YEL076C	0.88769
3679	YML030W	0.88769
3680	YLL018C	0.88768
3681	YHR105W	0.88765
3682	YDR147W	0.88761
3683	YNL041C	0.8875
3684	YDL074C	0.88748
3685	YPR026W	0.88748
3686	YDR510W	0.88745
3687	YGR274C	0.88743
3688	YNL165W	0.88736
3689	YOL071W	0.88729
3690	YNL333W	0.88727
3691	YPL233W	0.88723
3692	YMR186W	0.88722
3693	YDR023W	0.8872
3694	YKR036C	0.88712
3695	YDR495C	0.88709
3696	YHL044W	0.88708
3697	YHR005C-A	0.88708
3698	YMR019W	0.88704
3699	YER019C-A	0.887
3700	YFR052W	0.88699
3701	YGR279C	0.88693
3702	YER041W	0.8869
3703	YJR041C	0.88685
3704	YMR159C	0.88685
3705	YLR067C	0.88683
3706	YGL245W	0.88683
3707	YJL107C	0.88681
3708	YMR226C	0.88674
3709	YLR125W	0.88672
3710	YGR019W	0.88667
3711	YKR040C	0.88667
3712	YER179W	0.88666
3713	YOR373W	0.88665
3714	YKL011C	0.88663
3715	YNL249C	0.88663
3716	YOL058W	0.88657
3717	YLR442C	0.88657
3718	YJR014W	0.88656
3719	YMR198W	0.8865
3720	YMR258C	0.88647
3721	YBR144C	0.88642
3722	YKL074C	0.88636
3723	YHL021C	0.88635
3724	YDL218W	0.88631
3725	YER184C	0.88629
3726	YER180C-A	0.88626
3727	YBL025W	0.88625
3728	YLL024C	0.8862
3729	YJL204C	0.88619
3730	YPR001W	0.88618
3731	YJL019W	0.88616
3732	YML029W	0.88613
3733	YPL254W	0.88613
3734	YKL049C	0.8861
3735	YMR021C	0.88607
3736	YDR200C	0.88604
3737	YOR375C	0.88604
3738	YNL283C	0.88599
3739	YDL065C	0.88597
3740	YDL149W	0.88596
3741	YLR304C	0.8859
3742	YDR057W	0.88589
3743	YNL297C	0.88588
3744	YMR294W	0.88587
3745	YNL201C	0.88587
3746	YGL169W	0.88586
3747	YML023C	0.88583
3748	YHL024W	0.88581
3749	YIL139C	0.8858
3750	YMR176W	0.88577
3751	YDR320C-A	0.88568
3752	YOL078W	0.88566
3753	YEL059C-A	0.8856
3754	YML025C	0.88558
3755	YBR163W	0.88554
3756	YEL072W	0.88552
3757	YLR379W	0.88548
3758	YBR221C	0.88545
3759	YLR312W-A	0.88545
3760	YDL213C	0.88545
3761	YGL013C	0.88543
3762	YMR240C	0.8854
3763	YHR208W	0.88539
3764	YGR235C	0.88539
3765	YLR228C	0.88538
3766	YDR242W	0.88537
3767	YJL143W	0.88536
3768	YDR228C	0.8853
3769	YDR158W	0.88528
3770	YLR001C	0.8852
3771	YEL017W	0.8852
3772	YKR090W	0.88518
3773	YLR381W	0.88517
3774	YLR038C	0.88515
3775	YJR004C	0.88513
3776	YJR138W	0.88511
3777	YIL164C	0.88509
3778	YLR174W	0.88509
3779	YCL056C	0.88508
3780	YCL037C	0.88507
3781	YDR246W	0.88506
3782	YJR135C	0.88505
3783	YOR336W	0.88505
3784	YOR337W	0.88503
3785	YFL066C	0.88501
3786	YBR081C	0.885
3787	YGL247W	0.88496
3788	YDR432W	0.88495
3789	YFL059W	0.88493
3790	YKL081W	0.88492
3791	YJR002W	0.88491
3792	YNL037C	0.88491
3793	YKL205W	0.88489
3794	YBR025C	0.88484
3795	YDL216C	0.88479
3796	YAL036C	0.88478
3797	YHR147C	0.88471
3798	YJR111C	0.88471
3799	YNL166C	0.88468
3800	YBL001C	0.88468
3801	YGL068W	0.88466
3802	YPL115C	0.88465
3803	YJR115W	0.88462
3804	YCR038C	0.88456
3805	YKR098C	0.88455
3806	YDL113C	0.88455
3807	YDL168W	0.88455
3808	YDR261C	0.88454
3809	YIL062C	0.88446
3810	YGR109C	0.88444
3811	R0020C	0.88443
3812	YHR023W	0.88439
3813	YAL037W	0.88437
3814	YGR053C	0.88437
3815	YPL105C	0.88437
3816	YKR052C	0.88435
3817	YDR410C	0.88434
3818	YMR068W	0.88429
3819	YDR222W	0.88422
3820	YNL320W	0.88419
3821	YDR363W	0.88419
3822	YCL043C	0.88417
3823	YOR125C	0.88416
3824	YDR295C	0.88413
3825	YBR290W	0.88411
3826	YMR043W	0.88409
3827	YIL006W	0.88401
3828	YLL046C	0.884
3829	YNR053C	0.88399
3830	YDL183C	0.88397
3831	YLR439W	0.88395
3832	YDL153C	0.88385
3833	YKL014C	0.8838
3834	YHL015W	0.88378
3835	YMR133W	0.88375
3836	YGL089C	0.88371
3837	YDR153C	0.88363
3838	YGR237C	0.88362
3839	YKL085W	0.88355
3840	YMR305C	0.8835
3841	YHR139C	0.88347
3842	YLL013C	0.88346
3843	YGL090W	0.88344
3844	YMR110C	0.88341
3845	YNR050C	0.88341
3846	YKL218C	0.8834
3847	R0040C	0.88339
3848	YMR318C	0.88338
3849	YAL038W	0.88338
3850	YNR018W	0.88336
3851	YLR407W	0.88336
3852	YDR368W	0.88333
3853	YHR183W	0.88329
3854	YFL065C	0.88326
3855	YHR038W	0.88324
3856	YKL071W	0.8832
3857	YLL056C	0.88316
3858	YDR374W-A	0.88316
3859	YGR205W	0.88315
3860	YER064C	0.88315
3861	YKL133C	0.88314
3862	YOR193W	0.88313
3863	YJL054W	0.88313
3864	YML076C	0.88308
3865	YDL044C	0.88308
3866	YIR013C	0.88302
3867	YOR260W	0.883
3868	YER114C	0.88292
3869	YPR075C	0.88287
3870	YGR167W	0.88285
3871	YGL256W	0.88281
3872	YIL105C	0.88281
3873	YAL030W	0.88278
3874	YDR254W	0.88278
3875	YJL073W	0.88278
3876	YJL013C	0.88274
3877	YCL024W	0.88269
3878	YDR458C	0.88263
3879	YOR327C	0.88258
3880	YOR344C	0.88253
3881	YGL093W	0.88251
3882	YBR133C	0.88249
3883	YHL038C	0.88247
3884	YJL160C	0.88245
3885	YNL204C	0.88241
3886	YPR071W	0.88241
3887	YKL143W	0.88239
3888	YER169W	0.88237
3889	YLR301W	0.88228
3890	YER087W	0.88228
3891	YCR016W	0.88227
3892	YLR148W	0.88217
3893	YLR321C	0.88213
3894	YFR055W	0.88211
3895	YDR463W	0.88209
3896	YGL160W	0.88207
3897	YGR106C	0.88206
3898	YJL016W	0.88195
3899	YDR118W	0.88194
3900	YOL117W	0.88191
3901	YOR120W	0.88187
3902	YLR354C	0.88183
3903	YKL208W	0.88182
3904	YAR015W	0.8818
3905	YOR251C	0.88178
3906	YLR329W	0.88175
3907	YEL039C	0.88171
3908	YBR289W	0.88171
3909	YHR180W	0.88169
3910	YDR357C	0.88167
3911	YHL034C	0.88165
3912	YOR042W	0.88164
3913	YGL142C	0.8816
3914	YPR163C	0.88159
3915	YJR060W	0.88157
3916	YJL148W	0.88154
3917	YLR286C	0.88154
3918	YPR154W	0.88146
3919	YDR499W	0.88143
3920	YPR117W	0.88143
3921	YPL216W	0.8814
3922	YEL021W	0.88138
3923	YNR035C	0.88137
3924	YEL062W	0.88134
3925	YEL009C	0.88132
3926	YLR265C	0.88129
3927	YIL129C	0.88126
3928	YEL076C-A	0.88126
3929	YLR464W	0.88126
3930	YDR086C	0.88123
3931	YBR255C-A	0.8812
3932	YHR018C	0.8812
3933	YDL220C	0.88116
3934	YGR225W	0.8811
3935	YCL064C	0.8811
3936	YLR106C	0.88109
3937	YDR197W	0.88108
3938	YPR202W	0.88107
3939	YER118C	0.88103
3940	YLR074C	0.88099
3941	YER178W	0.88097
3942	YPL139C	0.88097
3943	YDR131C	0.88092
3944	YOR149C	0.8809
3945	YDR159W	0.88087
3946	YJR110W	0.88087
3947	YKR005C	0.88085
3948	YDL045C	0.88078
3949	YGR072W	0.88077
3950	YFR039C	0.88074
3951	YPL278C	0.88071
3952	YOL101C	0.88071
3953	Q0130	0.8807
3954	YNL265C	0.8807
3955	YHR119W	0.8807
3956	YHR146W	0.88068
3957	YPL108W	0.88067
3958	YBL064C	0.88059
3959	YKL134C	0.8805
3960	YCR087C-A	0.88047
3961	YOR144C	0.88046
3962	YML016C	0.88044
3963	YLR337C	0.88042
3964	YJR048W	0.88034
3965	YDL198C	0.88031
3966	YBL030C	0.88029
3967	YKR083C	0.88018
3968	YNL149C	0.88018
3969	YKR101W	0.88012
3970	YOL105C	0.88011
3971	YOL086W-A	0.88
3972	YPL161C	0.87999
3973	YCL039W	0.87995
3974	YKL075C	0.87994
3975	YJL099W	0.87993
3976	YMR130W	0.87993
3977	YNL234W	0.87984
3978	YOL014W	0.87982
3979	YHL020C	0.87979
3980	YJR091C	0.87961
3981	YDR329C	0.87955
3982	YKR004C	0.87954
3983	YBR212W	0.87954
3984	YHR058C	0.87953
3985	YPR108W-A	0.87948
3986	YDR125C	0.87943
3987	YKL026C	0.87941
3988	YNL026W	0.87938
3989	YHL009W-A	0.87936
3990	YNL215W	0.87934
3991	YPR203W	0.87931
3992	YHL006C	0.87927
3993	YMR276W	0.87922
3994	YGL105W	0.87921
3995	YLR024C	0.87914
3996	YDR079W	0.87913
3997	YOR098C	0.879
3998	YGR013W	0.87899
3999	YPL171C	0.87899
4000	YDR089W	0.87898
4001	YOR238W	0.87894
4002	YDR315C	0.87893
4003	YMR100W	0.87891
4004	YKL013C	0.87891
4005	YOR228C	0.87888
4006	YGR063C	0.87886
4007	YMR120C	0.87884
4008	YLR173W	0.87866
4009	YJR139C	0.87864
4010	YDL179W	0.87857
4011	YLR453C	0.87849
4012	YGR234W	0.87838
4013	YJL217W	0.87832
4014	YLR310C	0.87828
4015	YIL056W	0.87827
4016	YOR065W	0.87824
4017	YMR032W	0.87818
4018	YER058W	0.87818
4019	YLR191W	0.87816
4020	YNL008C	0.87812
4021	YIL112W	0.87812
4022	YCR004C	0.87811
4023	YKL038W	0.87808
4024	YNL230C	0.87803
4025	YKL150W	0.878
4026	YLR187W	0.87797
4027	YJL084C	0.87794
4028	YIR014W	0.87789
4029	YOL044W	0.87784
4030	YKL149C	0.87783
4031	YPL262W	0.87776
4032	YCR032W	0.87774
4033	YOL032W	0.87772
4034	YJR043C	0.87772
4035	YLL019C	0.87771
4036	YHR162W	0.87769
4037	YDR493W	0.87766
4038	YCL029C	0.87759
4039	YDR119W	0.87758
4040	YGR017W	0.87751
4041	YCL018W	0.8775
4042	YPL141C	0.87747
4043	YDR303C	0.8774
4044	YMR117C	0.87738
4045	YMR014W	0.87738
4046	YNL308C	0.87734
4047	YPR074C	0.87734
4048	YIL087C	0.8773
4049	YML036W	0.87729
4050	YOL100W	0.87729
4051	YHR214C-C	0.87728
4052	YOR329C	0.87717
4053	YIL040W	0.87717
4054	YKL009W	0.87715
4055	YMR116C	0.87712
4056	YBR270C	0.8771
4057	YLR454W	0.87702
4058	YGL113W	0.877
4059	YDR437W	0.87697
4060	YPL252C	0.87694
4061	YOR152C	0.87693
4062	YFR026C	0.87691
4063	YDR231C	0.87686
4064	YOR091W	0.87686
4065	YER061C	0.87685
4066	YDR035W	0.87679
4067	YKR029C	0.87678
4068	YGL249W	0.87671
4069	YDR538W	0.87669
4070	YBR272C	0.87669
4071	YDR383C	0.87667
4072	YNR047W	0.87664
4073	YGR173W	0.87657
4074	YMR096W	0.87654
4075	YEL025C	0.87653
4076	YDL045W-A	0.87651
4077	YOL003C	0.8765
4078	YDR502C	0.8765
4079	YBR171W	0.87646
4080	YGR030C	0.87645
4081	YOR012W	0.87642
4082	YDR073W	0.87642
4083	YIL149C	0.87641
4084	YJR127C	0.87638
4085	YNR073C	0.87638
4086	YEL070W	0.87638
4087	YMR274C	0.87625
4088	YGL258W	0.87623
4089	YLR041W	0.8762
4090	YOR265W	0.87618
4091	YIL138C	0.87617
4092	YPL119C-A	0.87614
4093	YER154W	0.87609
4094	YDR068W	0.87608
4095	YPR143W	0.87601
4096	YLR256W	0.876
4097	YIR044C	0.87596
4098	YKL072W	0.87594
4099	YLR303W	0.87594
4100	YKL066W	0.87593
4101	YBR217W	0.87592
4102	YPR199C	0.8759
4103	YKL058W	0.87587
4104	YPL041C	0.87587
4105	YDR229W	0.87579
4106	YOR130C	0.87575
4107	YJR071W	0.87574
4108	YAR002W	0.87571
4109	YJL114W	0.87563
4110	YPL026C	0.8756
4111	YOR385W	0.87552
4112	YPR100W	0.87552
4113	YDL098C	0.87545
4114	YNL075W	0.87543
4115	YKL117W	0.87537
4116	YIL167W	0.87525
4117	YNL284C	0.87524
4118	YDR078C	0.87524
4119	YDR281C	0.87522
4120	YIL089W	0.87519
4121	YNL162W-A	0.87512
4122	YBR257W	0.8751
4123	Q0075	0.87506
4124	YLR278C	0.87492
4125	YDR376W	0.87491
4126	YGR206W	0.87488
4127	YHR089C	0.87485
4128	YFR045W	0.87481
4129	YPR092W	0.87473
4130	YIL123W	0.87466
4131	YJR080C	0.87463
4132	YER002W	0.87462
4133	YOR127W	0.8746
4134	YMR073C	0.87458
4135	YOR136W	0.87452
4136	YJR146W	0.87448
4137	YDR124W	0.87436
4138	YNL047C	0.87427
4139	YOL136C	0.87425
4140	YAR029W	0.87425
4141	YNR022C	0.87421
4142	YDR176W	0.8742
4143	YDR155C	0.8742
4144	YPR052C	0.87418
4145	YJL146W	0.87413
4146	YER071C	0.87406
4147	YOR215C	0.87405
4148	YGR108W	0.87405
4149	YLR238W	0.874
4150	YDR353W	0.87399
4151	YHR028W-A	0.87398
4152	YBR072W	0.87397
4153	YLR438W	0.87389
4154	YLR423C	0.8738
4155	YGR147C	0.8738
4156	YBR195C	0.87379
4157	YJR121W	0.87376
4158	YNL315C	0.87374
4159	YGL174W	0.87373
4160	YKR031C	0.87372
4161	YNL177C	0.87371
4162	YPR049C	0.87359
4163	YGR171C	0.87358
4164	YOR294W	0.87355
4165	YLR151C	0.87349
4166	YDR420W	0.87349
4167	YHR071W	0.87349
4168	YLL021W	0.87345
4169	YML059C	0.87344
4170	YPR187W	0.87336
4171	YCR066W	0.87334
4172	YMR025W	0.87333
4173	YOR129C	0.8733
4174	YDR475C	0.87328
4175	YLL037W	0.87322
4176	YGR130C	0.8732
4177	YOL089C	0.87317
4178	YER030W	0.87308
4179	YBR077C	0.87307
4180	YNL068C	0.87305
4181	YDR002W	0.87303
4182	YOR184W	0.87302
4183	YNL136W	0.87302
4184	YJL041W	0.873
4185	YNR039C	0.873
4186	YDL219W	0.87295
4187	YDR299W	0.8729
4188	YNL019C	0.87285
4189	YJL038C	0.87282
4190	YCR019W	0.8728
4191	YHR102W	0.87263
4192	YBR032W	0.87262
4193	YER025W	0.87262
4194	YKL082C	0.87261
4195	YML114C	0.87255
4196	YJL049W	0.87253
4197	YDR365W-B	0.87253
4198	YDR354W	0.87246
4199	YJR093C	0.87245
4200	YOR058C	0.87242
4201	YDR454C	0.8724
4202	YGL172W	0.87235
4203	YPL098C	0.87227
4204	YLR033W	0.87225
4205	YKR102W	0.87224
4206	YLR119W	0.87222
4207	YHR138C	0.87222
4208	YKR006C	0.87218
4209	YGR227W	0.87217
4210	YDR296W	0.87215
4211	YGR243W	0.87214
4212	YNL172W	0.87213
4213	YBL005W	0.87213
4214	YDL107W	0.87208
4215	YJR148W	0.87208
4216	YDL070W	0.87206
4217	YJR079W	0.87206
4218	YOR180C	0.872
4219	YDL026W	0.87192
4220	YBR233W-A	0.87183
4221	YDR414C	0.87177
4222	YMR280C	0.87177
4223	YER046W	0.87176
4224	YPL021W	0.87173
4225	YGL038C	0.87172
4226	YNL164C	0.8717
4227	YER057C	0.87166
4228	YCR028C-A	0.87165
4229	YLR057W	0.87165
4230	YGR159C	0.87165
4231	YHR099W	0.87161
4232	YLR164W	0.87158
4233	YKL106W	0.87154
4234	YMR184W	0.87151
4235	YGR096W	0.87148
4236	YGR016W	0.87138
4237	YLR073C	0.87138
4238	YNL327W	0.87138
4239	YNL033W	0.87127
4240	YHL027W	0.87127
4241	YGL080W	0.87126
4242	YGR233C	0.87118
4243	YOL012C	0.87108
4244	YJL037W	0.87101
4245	YKR013W	0.87097
4246	YDR285W	0.87096
4247	YOR286W	0.87091
4248	YAL012W	0.87084
4249	YDR178W	0.87082
4250	YER122C	0.87079
4251	YLR256W-B/YLR256W-C	0.87073
4252	Q0275	0.87072
4253	YDR317W	0.87069
4254	YHR131W-A	0.87066
4255	YER092W	0.87059
4256	YBR252W	0.87055
4257	YER074W-A	0.87049
4258	YJL187C	0.87049
4259	YGL187C	0.87048
4260	YDR533C	0.87041
4261	YER189W	0.87035
4262	YLR180W	0.87029
4263	YGR077C	0.8702
4264	YIL044C	0.8702
4265	YBL059C-A	0.87018
4266	YBL085W	0.87016
4267	YDR464W	0.87003
4268	YER161C	0.86999
4269	YJR077C	0.86998
4270	YLR082C	0.86995
4271	YDL053C	0.8699
4272	YHR004C	0.86989
4273	YGR174C	0.86989
4274	YMR284W	0.86986
4275	YLR182W	0.86986
4276	YPR042C	0.86984
4277	YMR298W	0.8698
4278	YIL059C	0.86979
4279	YGL199C	0.86976
4280	YGL025C	0.8697
4281	YJR113C	0.86968
4282	YPL013C	0.86961
4283	YJL105W	0.86958
4284	YHR165W-A	0.86953
4285	YDR320C	0.86951
4286	YHR214C-B	0.86949
4287	YDR337W	0.86947
4288	YMR134W	0.86946
4289	YOL103W-B	0.86944
4290	YER138C	0.86943
4291	YKL025C	0.86942
4292	YBR143C	0.86941
4293	YMR098C	0.86941
4294	YIL002W-A	0.86939
4295	YGR190C	0.86939
4296	YLR211C	0.86932
4297	YBR012W-B	0.86925
4298	YBR239C	0.86924
4299	YMR018W	0.86921
4300	YAL047W-A	0.86916
4301	YHR165C	0.86914
4302	YML045W	0.86912
4303	YDR079C-A	0.86912
4304	YGR161C-D	0.86911
4305	YJL003W	0.86909
4306	YKL130C	0.86908
4307	YNL254C	0.86906
4308	YPL257W-B	0.86906
4309	YML034W	0.86905
4310	YER034W	0.86897
4311	YER038W-A	0.86893
4312	YJR029W	0.86883
4313	YHR148W	0.86883
4314	YER173W	0.86879
4315	YLR424W	0.86878
4316	YKR030W	0.86873
4317	YJR027W	0.86873
4318	YDR005C	0.86869
4319	YGR280C	0.86869
4320	YHR193C	0.86865
4321	YKL110C	0.86864
4322	YGR038C-B	0.86861
4323	YLR320W	0.8686
4324	YBR226C	0.86853
4325	YKR020W	0.86853
4326	YLR157C-B	0.86852
4327	YOL069W	0.86852
4328	YOL083W	0.86852
4329	YHR179W	0.86851
4330	YLR165C	0.86848
4331	YDR098C-B	0.86844
4332	YKR054C	0.8684
4333	YML039W	0.86838
4334	YJL078C	0.86836
4335	YER009W	0.86829
4336	YGR222W	0.86826
4337	YBR168W	0.86822
4338	YLR269C	0.86815
4339	YGR027W-B	0.86814
4340	YMR050C	0.86813
4341	YDR182W-A	0.86811
4342	YPL076W	0.8681
4343	YJR147W	0.86807
4344	YLR175W	0.86807
4345	YER054C	0.86806
4346	YPR158C-D	0.86805
4347	YPR137C-B	0.86804
4348	YLR313C	0.86802
4349	YOR142W-B	0.86802
4350	YER137C	0.86801
4351	YPR021C	0.86797
4352	YIL171W-A	0.86793
4353	YJL220W	0.86793
4354	YJL048C	0.86793
4355	YJL096W	0.86793
4356	YCR075W-A	0.86792
4357	YDR511W	0.86792
4358	YKL122C	0.86791
4359	YBR188C	0.86789
4360	YLR192C	0.86787
4361	YHL028W	0.86786
4362	YDL119C	0.86785
4363	YDL142C	0.86785
4364	YDL232W	0.86784
4365	YPR063C	0.86782
4366	YAL008W	0.86782
4367	YPL018W	0.86781
4368	YJL079C	0.86779
4369	YAL067W-A	0.86771
4370	YPR106W	0.86765
4371	YJL133W	0.8676
4372	YDR261C-D	0.86757
4373	YOR143C	0.86754
4374	YGR050C	0.86753
4375	YDR076W	0.86748
4376	YLR227W-B	0.86739
4377	YKR099W	0.86738
4378	YKL032C	0.86737
4379	YKL061W	0.86731
4380	YML047C	0.86728
4381	YBR033W	0.86722
4382	YGR119C	0.86713
4383	YBL084C	0.8671
4384	YOR308C	0.86705
4385	YDL121C	0.86698
4386	YDR316W-B	0.86698
4387	YOR220W	0.86694
4388	YHL009C	0.8669
4389	YHL025W	0.86689
4390	YJL176C	0.86689
4391	YLR370C	0.86685
4392	YBR135W	0.86683
4393	YBR058C-A	0.86682
4394	YGL107C	0.86682
4395	YNL054W-B	0.86682
4396	YDR163W	0.8668
4397	YNL050C	0.86679
4398	YDR466W	0.86676
4399	YPR158W-B	0.86674
4400	YDR210C-D	0.86671
4401	YHR056C	0.86669
4402	YER160C	0.86659
4403	YLR035C-A	0.86658
4404	YBR172C	0.86649
4405	YOL104C	0.86648
4406	YIL159W	0.86647
4407	YPL156C	0.86643
4408	YPL034W	0.8664
4409	YMR254C	0.86631
4410	YDL014W	0.86627
4411	YNL011C	0.86617
4412	YBR145W	0.866
4413	YGR075C	0.86599
4414	YIL158W	0.86593
4415	YMR147W	0.86586
4416	YJL209W	0.86586
4417	YLR356W	0.86584
4418	YPL192C	0.86574
4419	YER107W-A	0.86572
4420	YHR153C	0.86568
4421	YCL014W	0.86568
4422	YLR355C	0.86567
4423	YDR202C	0.86565
4424	YBL005W-B	0.86561
4425	YJL184W	0.86558
4426	YGL197W	0.86553
4427	YPR007C	0.86553
4428	YNL314W	0.86551
4429	YFL051C	0.86549
4430	YML083C	0.8654
4431	YNL284C-B	0.86539
4432	YMR323W	0.86537
4433	YEL018W	0.86536
4434	YBR238C	0.86531
4435	YMR045C	0.86528
4436	YGR129W	0.86524
4437	YCR046C	0.86523
4438	YNL295W	0.86514
4439	YMR047C	0.86514
4440	YNL138W-A	0.86509
4441	YEL075C	0.86506
4442	YGL059W	0.86499
4443	YPR070W	0.86497
4444	YLR176C	0.86494
4445	YGR084C	0.86491
4446	YOR393W	0.8649
4447	YPL281C	0.8649
4448	YLR359W	0.86488
4449	YGL151W	0.86486
4450	YFL024C	0.86486
4451	YPL086C	0.86486
4452	YJL113W	0.86483
4453	YAL059W	0.86481
4454	YKR011C	0.86479
4455	YDR156W	0.86472
4456	YMR119W	0.86472
4457	YMR017W	0.8647
4458	YER109C	0.8646
4459	YBR215W	0.86457
4460	YNL160W	0.86456
4461	YFR056C	0.86455
4462	YHL009W-B	0.86452
4463	YNL143C	0.86451
4464	YOR289W	0.8645
4465	YNL259C	0.86441
4466	YCR099C	0.8644
4467	YGR150C	0.86439
4468	YMR153W	0.86439
4469	YIR003W	0.86436
4470	YLR224W	0.86436
4471	YPR158C-C	0.86426
4472	YKR085C	0.86424
4473	YOL103W-A	0.86421
4474	YLR051C	0.8642
4475	YER022W	0.86419
4476	YLR462W	0.86417
4477	YKL060C	0.86417
4478	YIL102C	0.8641
4479	YLR227C	0.86407
4480	YAL041W	0.86406
4481	YDR261C-C	0.86404
4482	YKL101W	0.86404
4483	YNL079C	0.86394
4484	YOR394W	0.86392
4485	YPL282C	0.86392
4486	YEL017C-A	0.86392
4487	YEL007W	0.86389
4488	YPL028W	0.86388
4489	YML103C	0.86381
4490	YBL038W	0.86376
4491	YLR459W	0.86364
4492	YLR147C	0.8636
4493	YOR020W-A	0.86355
4494	YDR412W	0.86349
4495	YER119C-A	0.86334
4496	YJR134C	0.86333
4497	YOR135C	0.8633
4498	YLR157C-A	0.86325
4499	YER137C-A	0.86325
4500	YPL257W-A	0.86325
4501	YDR365W-A	0.86325
4502	YBR122C	0.86324
4503	YER190C-A	0.86322
4504	YML133W-A	0.86322
4505	YNL339W-A	0.86322
4506	YPL283W-A	0.86322
4507	YGR296C-A	0.86322
4508	YER187W	0.8632
4509	YLR360W	0.86319
4510	YPR027C	0.86319
4511	YBR196C	0.86319
4512	YMR070W	0.86315
4513	YMR290W-A	0.86314
4514	YHR052W-A	0.8631
4515	YHR054W-A	0.8631
4516	YKR019C	0.86309
4517	YDR104C	0.86307
4518	YER014C-A	0.86306
4519	YKL115C	0.86303
4520	YDL204W	0.86302
4521	YIL070C	0.86301
4522	YPL173W	0.86288
4523	YMR083W	0.86284
4524	YDR363W-A	0.86282
4525	YPL016W	0.86281
4526	YOR354C	0.86279
4527	YLL050C	0.86277
4528	YCL068C	0.86275
4529	YLR135W	0.86274
4530	YEL050C	0.8627
4531	YMR064W	0.86263
4532	YFL049W	0.86256
4533	YOR190W	0.86254
4534	YPL174C	0.86243
4535	YDR233C	0.86243
4536	YHR082C	0.86241
4537	YNL055C	0.86238
4538	YCL057W	0.86237
4539	YER186C	0.86231
4540	YNL058C	0.86228
4541	YPR122W	0.86225
4542	YOR298W	0.86224
4543	YBL093C	0.86223
4544	YDL162C	0.86218
4545	YOL107W	0.86217
4546	YLR263W	0.86209
4547	YMR031C	0.86207
4548	YIR018W	0.86197
4549	YHR006W	0.86195
4550	YLR256W-A	0.86194
4551	YOR287C	0.86192
4552	YPL040C	0.86182
4553	YPL272C	0.86164
4554	YJL170C	0.86163
4555	YKL036C	0.86159
4556	YBR197C	0.86157
4557	YBR249C	0.86139
4558	YKR095W	0.86137
4559	YLR036C	0.86135
4560	YNL184C	0.86135
4561	YJL083W	0.86128
4562	YGL032C	0.86128
4563	YDL197C	0.86127
4564	YPL060C-A	0.86126
4565	YGR220C	0.86125
4566	YML040W	0.86125
4567	YJR026W	0.86125
4568	YLR227W-A	0.86125
4569	YPL185W	0.86124
4570	YGR259C	0.86124
4571	YDL115C	0.86123
4572	YNL156C	0.86114
4573	YDR482C	0.8611
4574	YLR346C	0.86105
4575	YDR369C	0.86101
4576	YDL106C	0.86094
4577	YBR131W	0.86092
4578	YOR252W	0.86089
4579	YOL050C	0.86087
4580	YGR087C	0.86082
4581	YDR179C	0.86081
4582	YKL192C	0.86079
4583	YOR387C	0.86078
4584	YDL173W	0.86073
4585	YLR163C	0.86073
4586	YHR049C-A	0.86066
4587	YOR107W	0.86065
4588	YNL303W	0.86063
4589	YDR381C-A	0.86062
4590	YPL069C	0.86058
4591	YIL019W	0.86054
4592	YDR066C	0.86052
4593	YOR189W	0.86051
4594	YNL135C	0.86048
4595	YER053C-A	0.86047
4596	YOR083W	0.86047
4597	YHR167W	0.86046
4598	YNR063W	0.86043
4599	YOL150C	0.86042
4600	YKR015C	0.86034
4601	YOR140W	0.86033
4602	YDL114W	0.86032
4603	YLR242C	0.86031
4604	YCR024C	0.8603
4605	YJR053W	0.86029
4606	YIL051C	0.86024
4607	YAR009C	0.86023
4608	YHR149C	0.86023
4609	YBR250W	0.86022
4610	YAR010C	0.86009
4611	YPR137C-A	0.86009
4612	YDL170W	0.86004
4613	YPL225W	0.85995
4614	YGL136C	0.85994
4615	YLR140W	0.85992
4616	YDR082W	0.8599
4617	YMR257C	0.85987
4618	YHR126C	0.85983
4619	YIL071C	0.85983
4620	YML045W-A	0.85982
4621	YCR018C	0.85982
4622	YMR052W	0.85979
4623	YDR350C	0.85976
4624	YCL019W	0.85976
4625	YPL168W	0.85965
4626	YGR073C	0.85963
4627	YPL025C	0.85956
4628	YEL034W	0.85956
4629	YDL005C	0.85955
4630	YCR020W-B	0.85953
4631	YGL237C	0.85949
4632	YHR059W	0.85948
4633	YPR077C	0.85939
4634	YMR172W	0.85939
4635	YJL022W	0.85934
4636	YCR015C	0.85934
4637	YGL176C	0.8593
4638	YLR297W	0.85919
4639	YIR040C	0.85917
4640	YPR009W	0.85916
4641	YHR017W	0.85914
4642	YHR008C	0.85909
4643	YOL138C	0.85908
4644	YCL046W	0.85908
4645	YPL011C	0.85908
4646	YKL067W	0.85899
4647	YDR360W	0.85899
4648	YMR295C	0.85893
4649	YLR154C	0.85892
4650	YDR098C-A	0.8589
4651	YDR532C	0.85889
4652	YCL001W	0.85888
4653	YJL169W	0.85886
4654	YDL073W	0.85885
4655	YGR134W	0.85875
4656	YKL054C	0.85874
4657	YPL177C	0.85874
4658	YOR019W	0.85873
4659	YPL120W	0.85869
4660	YPR094W	0.85857
4661	YPL257W	0.85855
4662	YBL051C	0.85854
4663	YKL176C	0.85853
4664	YBR089C-A	0.85852
4665	YOR325W	0.85851
4666	YBR026C	0.85849
4667	YLR404W	0.85847
4668	YBR012W-A	0.85844
4669	YIR020C-B	0.8584
4670	YLR399W-A	0.85833
4671	YLR035C-B	0.85829
4672	YMR051C	0.85829
4673	YER159C-A	0.85829
4674	YDR316W-A	0.85829
4675	YGR161C-C	0.85829
4676	YDR322W	0.85828
4677	YDR426C	0.85826
4678	YJL122W	0.85826
4679	YLR142W	0.85824
4680	YOL159C	0.85816
4681	YLR159W	0.85813
4682	YLR156W	0.85813
4683	YLR161W	0.85813
4684	YDL094C	0.8581
4685	YPR061C	0.85808
4686	YPL219W	0.85804
4687	YDR201W	0.85803
4688	YML093W	0.85803
4689	YGL230C	0.85796
4690	YDR170W-A	0.85796
4691	YPR038W	0.85795
4692	YBR064W	0.85792
4693	Q0110	0.85792
4694	YJR028W	0.85784
4695	YLR376C	0.85782
4696	YGR045C	0.8578
4697	YKL086W	0.85775
4698	YNR004W	0.85775
4699	YDR261W-B	0.85774
4700	YDR071C	0.85774
4701	YDL037C	0.85771
4702	YGR161W-B	0.85767
4703	YFL002W-A	0.85767
4704	YMR306C-A	0.85766
4705	YKL172W	0.85765
4706	YDL208W	0.85765
4707	YHR214C-E	0.85763
4708	YOR037W	0.85759
4709	YER129W	0.85746
4710	YOR085W	0.85744
4711	YPL039W	0.85743
4712	YGL218W	0.85733
4713	YLR098C	0.85726
4714	YDR290W	0.85724
4715	YGR121W-A	0.85718
4716	YIL031W	0.85718
4717	YPR015C	0.85712
4718	YGR014W	0.85712
4719	YGR038C-A	0.8571
4720	YIL156W-B	0.8571
4721	YNL086W	0.85707
4722	YJL007C	0.85702
4723	YGL108C	0.85698
4724	YJL023C	0.85695
4725	YDL127W	0.85694
4726	YFR042W	0.8569
4727	YIR024C	0.8569
4728	YGR027W-A	0.85682
4729	YGL075C	0.85681
4730	YDL039C	0.8568
4731	YOL082W	0.85678
4732	YOR192C-B	0.85678
4733	YOL024W	0.85678
4734	YDL011C	0.85674
4735	YKR016W	0.85674
4736	YLR124W	0.8567
4737	YNL002C	0.85669
4738	YJL009W	0.85669
4739	YBR120C	0.85668
4740	YDR225W	0.85668
4741	YGR038C-D/YGR038C-C	0.85664
4742	YDR469W	0.85662
4743	YFR011C	0.85659
4744	YDR537C	0.85656
4745	YDL022C-A	0.8565
4746	YLR408C	0.85646
4747	YBR049C	0.85638
4748	YGR098C	0.85636
4749	YDL056W	0.85632
4750	YLR271W	0.85628
4751	YIL098C	0.85624
4752	YLR232W	0.85622
4753	YNL005C	0.85619
4754	YDR307W	0.85619
4755	YBL003C	0.85616
4756	YGR081C	0.85615
4757	YOR020C	0.85615
4758	YBR057C	0.85615
4759	YER172C-A	0.85602
4760	YBR136W	0.856
4761	YKL048C	0.85598
4762	YER050C	0.85598
4763	YDR034C-D	0.85596
4764	YOR142W-A	0.85594
4765	YPR158W-A	0.85594
4766	YGL086W	0.85587
4767	YAL042C-A	0.85585
4768	YIL029C	0.85585
4769	YJL120W	0.85584
4770	YIL029W-A	0.85582
4771	YER115C	0.85574
4772	YAL034C-B	0.85574
4773	YJR092W	0.85571
4774	YNL213C	0.85568
4775	YNL183C	0.85568
4776	YGR049W	0.85566
4777	YJL066C	0.85562
4778	YER068C-A	0.85559
4779	YNL284C-A	0.85554
4780	YMR193W	0.85553
4781	YDR210C-C	0.8555
4782	YPL166W	0.85545
4783	YGL041W-A	0.85543
4784	YOL083C-A	0.85541
4785	YER076W-A	0.85535
4786	YDR240C	0.85532
4787	YPL256C	0.85523
4788	YHR097C	0.85521
4789	YCL042W	0.85519
4790	YDR226W	0.85517
4791	YHR021W-A	0.85517
4792	YFL067W	0.85515
4793	YBL052C	0.85513
4794	YHR182W	0.85505
4795	YDR210W-B	0.85505
4796	YPR016W-A	0.85501
4797	YJR101W	0.855
4798	YLR410W-B	0.8549
4799	YDL068W	0.85486
4800	YLR120W-A	0.85485
4801	YJR106W	0.85481
4802	YNR045W	0.85479
4803	YDR112W	0.85476
4804	YDR230W	0.85473
4805	YLR403W	0.85472
4806	YBL100W-B	0.85471
4807	YFR040W	0.8547
4808	YMR187C	0.85468
4809	YOR008C-A	0.85465
4810	YHR039C-A	0.85465
4811	YOR041C	0.85463
4812	YMR107W	0.8546
4813	YFL032W	0.85458
4814	YPL114W	0.85458
4815	YAL025C	0.85455
4816	YOR366W	0.85452
4817	YGL118C	0.85451
4818	YML031C-A	0.85451
4819	YJL158C	0.85445
4820	YKR042W	0.85443
4821	YDR371C-A	0.8544
4822	YBL002W	0.85437
4823	YML089C	0.85436
4824	YMR191W	0.85432
4825	YCR003W	0.8543
4826	YOR139C	0.85429
4827	YGR250C	0.85424
4828	YFR033C	0.85419
4829	YOR263C	0.85417
4830	YER135C	0.85417
4831	YDR521W	0.85414
4832	Q0115	0.85411
4833	YGL132W	0.85407
4834	YLR385C	0.85393
4835	YFL010C	0.85391
4836	YKL159C	0.85391
4837	YMR299C	0.85386
4838	YPL253C	0.85386
4839	YHR137C-A	0.85373
4840	YDR486C	0.85369
4841	YNR042W	0.85368
4842	YGL217C	0.85363
4843	YBL059W	0.8536
4844	YDR505C	0.85358
4845	YDR102C	0.85356
4846	YGL226W	0.85353
4847	YMR230W	0.85352
4848	YHR132W-A	0.8535
4849	YNL245C	0.85348
4850	YAL034C	0.85341
4851	YLL042C	0.85333
4852	YHR139C-A	0.85327
4853	YOR304C-A	0.85326
4854	YDR017C	0.85326
4855	YDR340W	0.85325
4856	YMR311C	0.85321
4857	YOR078W	0.85319
4858	YDL129W	0.85319
4859	YDR379W	0.85313
4860	YOR355W	0.85307
4861	YPL182C	0.85304
4862	YGL121C	0.85298
4863	YGL209W	0.85298
4864	YOR097C	0.85295
4865	YBR108W	0.85293
4866	YDL034W	0.85292
4867	YMR282C	0.85291
4868	YOR200W	0.85291
4869	YGR068W-A	0.85287
4870	YKL131W	0.85284
4871	YJL195C	0.85282
4872	YBR116C	0.85281
4873	YCR024C-A	0.85281
4874	YAL056C-A	0.8527
4875	YNR005C	0.85268
4876	YNL150W	0.85268
4877	YDR271C	0.85267
4878	YDR442W	0.85267
4879	YDR034C	0.85264
4880	YCL058C	0.85262
4881	YDR241W	0.85261
4882	YOR343W-B	0.8526
4883	YFL013W-A	0.85257
4884	YER112W	0.85255
4885	YGL024W	0.85254
4886	YER085C	0.8525
4887	YGR089W	0.85249
4888	YIL028W	0.85247
4889	YNL133C	0.85246
4890	YCR081W	0.85245
4891	YIL055C	0.85245
4892	YKL104W-A	0.85242
4893	YBL077W	0.85238
4894	YJL067W	0.85235
4895	YJL076W	0.85235
4896	YOR282W	0.85228
4897	YNL146C-A	0.85219
4898	YPR014C	0.85219
4899	YAR070C	0.85215
4900	YHR211W	0.85214
4901	YDL118W	0.85214
4902	YHL002C-A	0.85214
4903	YOR376W-A	0.85208
4904	YIL115W-A	0.85205
4905	YOR221C	0.85205
4906	YJR086W	0.85203
4907	YLR286W-A	0.85201
4908	YDR192C	0.85193
4909	YAR053W	0.85191
4910	YBR262C	0.8519
4911	YGR140W	0.85189
4912	YBR206W	0.85186
4913	YBL108W	0.85182
4914	YPR067W	0.85179
4915	YIL156W-A	0.85177
4916	YGR293C	0.85171
4917	YGL005C	0.85168
4918	YLR134W	0.85165
4919	YPR068C	0.85164
4920	YCL001W-A	0.85148
4921	YIL060W	0.85144
4922	YPR174C	0.85143
4923	YNL324W	0.8513
4924	YHR159W	0.85127
4925	YAL016C-A	0.85125
4926	YJR012C	0.85121
4927	YHR214W	0.85117
4928	YAR066W	0.85117
4929	YKL156W	0.85116
4930	YIR037W	0.85113
4931	YMR013C-A	0.85109
4932	YDL041W	0.85108
4933	YEL067C	0.851
4934	YML129C	0.85094
4935	YBL006C	0.85091
4936	YDR235W	0.85089
4937	YBR221W-A	0.85088
4938	YNL211C	0.85084
4939	YJR159W	0.85083
4940	YGL066W	0.85083
4941	YEL073C	0.85082
4942	YDL246C	0.85075
4943	YJL215C	0.85072
4944	YJL058C	0.85065
4945	YML108W	0.85061
4946	YHR070C-A	0.85057
4947	YGR015C	0.85054
4948	YNL185C	0.85053
4949	YOL159C-A	0.85053
4950	YAL063C	0.85042
4951	YKL223W	0.8504
4952	YJR038C	0.85039
4953	YKL050C	0.85039
4954	YFR023W	0.85038
4955	YIR036W-A	0.85022
4956	Q0080	0.85017
4957	YMR066W	0.85014
4958	YBR085C-A	0.85012
4959	YDL139C	0.85009
4960	YMR307C-A	0.85007
4961	YGR051C	0.85002
4962	YGL258W-A	0.85
4963	YGL177W	0.85
4964	YDR455C	0.84998
4965	YDR453C	0.84997
4966	YHR131C	0.84995
4967	YGR290W	0.84992
4968	YOR314W	0.84989
4969	YNL190W	0.84989
4970	YOR225W	0.84979
4971	YOR015W	0.84979
4972	YML081C-A	0.84972
4973	YMR046C	0.84968
4974	YGL239C	0.84968
4975	YIR033W	0.8496
4976	YML034C-A	0.84957
4977	YDR003W-A	0.84944
4978	YOR029W	0.84944
4979	YBR027C	0.84943
4980	YDR224C	0.84942
4981	YGL260W	0.84938
4982	YFR001W	0.84938
4983	YLL020C	0.84937
4984	YPL085W	0.84935
4985	YBL044W	0.84934
4986	YKL183C-A	0.84931
4987	YPR053C	0.84929
4988	YHL023C	0.84922
4989	YJR021C	0.84921
4990	Q0142	0.84921
4991	YOR318C	0.8492
4992	YKR094C	0.84919
4993	YIL148W	0.84919
4994	YJL077C	0.84917
4995	YER048W-A	0.84915
4996	YLR264C-A	0.84914
4997	YBL103C	0.84913
4998	YGL109W	0.84909
4999	YCL061C	0.84908
5000	YLR079W	0.84908
5001	YKR092C	0.84906
5002	YKL164C	0.84903
5003	YOR277C	0.849
5004	YGL229C	0.84895
5005	YBL045C	0.84892
5006	YJL197C-A	0.84889
5007	YPL075W	0.84887
5008	YKL092C	0.84881
5009	YKR073C	0.84878
5010	YNL196C	0.84876
5011	YDR422C	0.84874
5012	YHL019W-A	0.84874
5013	YDL096C	0.84868
5014	YBL090W	0.84866
5015	YBL005W-A	0.84866
5016	YGL074C	0.84865
5017	YOR266W	0.84859
5018	YCR085W	0.84857
5019	YCR064C	0.84856
5020	YHR136C	0.84856
5021	YAL064W	0.84846
5022	YMR141C	0.84845
5023	YGL165C	0.84844
5024	YDR166C	0.84842
5025	YAL032C	0.8484
5026	YHL045W	0.84837
5027	YOR293W	0.84832
5028	YGR025W	0.8483
5029	YBR109W-A	0.8483
5030	YMR260C	0.84826
5031	YOR210W	0.84823
5032	YBR178W	0.84817
5033	YDR008C	0.84814
5034	YLL059C	0.84813
5035	YOR030W	0.84813
5036	YGR196C	0.8481
5037	YAR014C	0.84808
5038	YOR345C	0.84799
5039	YER091C	0.84799
5040	YPR150W	0.84798
5041	YDR381W	0.84791
5042	YJL180C	0.8479
5043	YLR415C	0.8479
5044	YKL136W	0.84788
5045	YGR069W	0.84778
5046	YNL054W-A	0.84776
5047	YHR063W-A	0.84776
5048	YDR535C	0.84772
5049	YGL204C	0.84771
5050	YCR097W	0.84769
5051	YNL043C	0.84766
5052	YNL322C	0.84764
5053	YPR010C-A	0.84754
5054	YBR190W	0.84746
5055	YPR099C	0.84746
5056	YAR060C	0.84736
5057	YHR212C	0.84736
5058	YOR068C	0.84734
5059	YOR108C-A	0.84732
5060	YML043C	0.84729
5061	YBR012C	0.84728
5062	YLR444C	0.84724
5063	YBR269C	0.84722
5064	YNL210W	0.84722
5065	YBL083C	0.84721
5066	YIL174W	0.84721
5067	YJL222W-A	0.84721
5068	YGL215W	0.8472
5069	YBR225W	0.84718
5070	YOR104W	0.84717
5071	YDR361C	0.84714
5072	YKR075W-A	0.84701
5073	YOL013W-A	0.847
5074	YLR171W	0.84697
5075	YML017W	0.84696
5076	YOR350C	0.84689
5077	YPR146C	0.84689
5078	YKL147C	0.84688
5079	YHR069C-A	0.84685
5080	YDR355C	0.84675
5081	YPL038W-A	0.84673
5082	YOL037C	0.84672
5083	YOR122C	0.84666
5084	YBR089W	0.84656
5085	YKL096W	0.84655
5086	YER046W-A	0.84654
5087	YML041C	0.84648
5088	YMR094W	0.8464
5089	YKR065C	0.84639
5090	YLR317W	0.84639
5091	YAR019W-A	0.84638
5092	YAR050W	0.84637
5093	YML081W	0.84636
5094	YAL004W	0.84633
5095	YOR024W	0.84631
5096	YIR018C-A	0.84629
5097	YHR051W	0.84625
5098	YJL202C	0.84623
5099	YJL062W-A	0.84622
5100	YPR160C-A	0.84618
5101	YDR379C-A	0.84613
5102	YCR063W	0.84612
5103	YEL010W	0.84611
5104	YLR062C	0.84607
5105	YKL052C	0.84606
5106	YLR332W	0.84601
5107	YAR030C	0.84597
5108	YKL102C	0.84595
5109	YHR022C-A	0.84594
5110	YHR125W	0.84593
5111	YPR134W	0.84592
5112	YNL244C	0.84591
5113	YPR164W	0.84587
5114	YGL162W	0.84575
5115	YDR146C	0.84574
5116	YJL103C	0.84572
5117	YGL096W	0.84571
5118	YGL073W	0.8457
5119	YIL068W-A	0.84566
5120	YJL127W-A	0.84564
5121	YOL046C	0.84559
5122	YJL207C	0.84551
5123	YLR123C	0.8455
5124	YPR195C	0.8454
5125	YGL188C	0.8454
5126	YCL021W-A	0.8453
5127	YBR066C	0.8453
5128	YBL043W	0.84529
5129	YFR049W	0.84529
5130	YER145C-A	0.84529
5131	YBL008W-A	0.84528
5132	YDR034C-C	0.84522
5133	YMR030W	0.8452
5134	YNL089C	0.84518
5135	YGL117W	0.84516
5136	YLR416C	0.84515
5137	YDR044W	0.84509
5138	YJL182C	0.84508
5139	YKL163W	0.845
5140	YBL073W	0.84498
5141	YBR232C	0.84498
5142	YBR282W	0.84495
5143	YNL103W-A	0.84491
5144	YMR135W-A	0.84489
5145	YJL047C-A	0.84486
5146	YBL070C	0.84486
5147	YEL053W-A	0.84482
5148	YJL199C	0.84478
5149	YLR052W	0.84475
5150	YOR382W	0.84475
5151	YDR327W	0.84474
5152	YFL021C-A	0.84474
5153	YIL025C	0.84473
5154	YAL031W-A	0.84473
5155	YLL030C	0.84473
5156	YML057C-A	0.84473
5157	YNL115C	0.84466
5158	YJR089W	0.84465
5159	YOR276W	0.84463
5160	YBR298C-A	0.84463
5161	YPL073C	0.84461
5162	YML116W-A	0.84461
5163	YNL174W	0.84459
5164	YMR001C-A	0.84459
5165	YKL023W	0.8445
5166	YLR437C	0.8445
5167	YGL081W	0.8445
5168	YNR036C	0.84449
5169	YLL005C	0.84448
5170	YFR003C	0.84448
5171	YNL109W	0.84441
5172	YMR148W	0.84439
5173	YOL160W	0.84436
5174	YPL202C	0.84435
5175	YKL020C	0.84433
5176	YML094C-A	0.84432
5177	YIL097W	0.84426
5178	YGL159W	0.84424
5179	YOR137C	0.84423
5180	YJR128W	0.8442
5181	YMR242W-A	0.84418
5182	YOR028C	0.84417
5183	YMR008C-A	0.84415
5184	YGR011W	0.8441
5185	YDL187C	0.8441
5186	YNL024C-A	0.84402
5187	YDR464C-A	0.844
5188	YPL127C	0.84397
5189	YBR083W	0.84395
5190	YCL020W	0.84394
5191	YOL077W-A	0.84388
5192	YBL029W	0.84381
5193	YIL021C-A	0.84378
5194	YOR050C	0.84376
5195	YPL062W	0.84375
5196	YOL070C	0.84371
5197	YJR151C	0.8437
5198	YJL064W	0.84369
5199	YGL226C-A	0.84369
5200	YDR261W-A	0.84367
5201	YOL097W-A	0.84366
5202	YDR457W	0.8436
5203	YPR095C	0.8436
5204	YOR177C	0.8436
5205	YPL238C	0.84359
5206	YIR030C	0.84354
5207	YJR047C	0.84352
5208	YKL108W	0.84348
5209	YOR392W	0.84347
5210	YHR071C-A	0.84346
5211	YOR316C-A	0.84343
5212	YLR068W	0.84339
5213	YKL171W	0.84338
5214	YLR281C	0.84338
5215	YNL120C	0.84334
5216	YDL009C	0.84331
5217	YHR199C-A	0.8433
5218	YPL044C	0.84327
5219	YDR443C	0.84327
5220	YMR030W-A	0.84324
5221	YKL068W	0.84322
5222	YNL159C	0.8432
5223	YCL058W-A	0.84318
5224	YDR217C	0.84318
5225	YNL067W-B	0.84316
5226	YGR219W	0.84316
5227	YDL176W	0.84315
5228	YKL063C	0.84314
5229	YIL049W	0.84313
5230	YDL196W	0.84311
5231	YJL156W-A	0.84307
5232	YGR269W	0.84304
5233	YNL170W	0.84304
5234	YDR524W-C	0.84303
5235	YOR192C-A	0.84302
5236	YPL080C	0.84297
5237	YLR424C-A	0.84293
5238	YJL135W	0.8429
5239	YBL063W	0.84288
5240	YPR050C	0.84287
5241	YGL123C-A	0.84284
5242	YOL161C	0.84281
5243	YCR081C-A	0.8428
5244	YDR445C	0.84279
5245	YLL006W-A	0.84276
5246	YIL117C	0.84273
5247	YBR219C	0.84272
5248	YLR202C	0.84266
5249	YEL020C-B	0.84266
5250	YMR164C	0.84265
5251	YLR302C	0.84258
5252	YGL052W	0.84255
5253	YFL041W-A	0.84254
5254	YMR119W-A	0.8425
5255	YEL049W	0.8425
5256	YGL061C	0.84244
5257	YMR031W-A	0.84244
5258	YGR251W	0.84242
5259	YDR143C	0.8424
5260	YLL064C	0.84234
5261	YNR076W	0.84234
5262	YNR001W-A	0.84233
5263	YDR169C-A	0.84232
5264	YIL144W	0.84224
5265	YNL319W	0.84217
5266	YDR344C	0.84214
5267	YDR032C	0.8421
5268	YNL226W	0.84206
5269	YPL261C	0.84205
5270	YLR463C	0.84197
5271	YBL071C	0.84196
5272	YHR073W-A	0.84195
5273	YGR168C	0.84194
5274	YFR010W-A	0.84193
5275	YDR136C	0.8419
5276	YJL223C	0.84189
5277	YIL176C	0.84189
5278	YGL219C	0.84184
5279	YDL242W	0.84184
5280	YNR032C-A	0.84182
5281	YIL092W	0.84178
5282	YML037C	0.8417
5283	YHR156C	0.84169
5284	YKL162C	0.84167
5285	YIL169C	0.84161
5286	YKL165C-A	0.84155
5287	YCR102W-A	0.84154
5288	YML007W	0.84148
5289	YDR043C	0.84146
5290	YFR008W	0.84146
5291	YAL045C	0.84142
5292	YDR348C	0.84137
5293	YEL035C	0.84131
5294	YLR162W-A	0.84127
5295	YMR105W-A	0.84127
5296	YHR073C-B	0.84125
5297	YHL046C	0.84122
5298	YBR244W	0.84121
5299	YDR088C	0.84117
5300	YDR220C	0.84117
5301	YMR023C	0.84116
5302	YIL012W	0.8411
5303	YBL039W-B	0.84107
5304	YAL026C-A	0.84106
5305	YMR013W-A	0.84106
5306	YNL054W	0.84103
5307	YFL010W-A	0.84101
5308	YHR184W	0.841
5309	YCR047W-A	0.84095
5310	YNR003W-A	0.84092
5311	YOL155W-A	0.84087
5312	YGR294W	0.84083
5313	YIL111W	0.84081
5314	YKR034W	0.84079
5315	YDR451C	0.84079
5316	YBL096C	0.84078
5317	YJR114W	0.84074
5318	YCL065W	0.84072
5319	YMR316C-A	0.84072
5320	YAL037C-A	0.84068
5321	YDL163W	0.84062
5322	YOL031C	0.84055
5323	YPR177C	0.84051
5324	YOR183W	0.84049
5325	YIL057C	0.84049
5326	YLR431C	0.84044
5327	YLR122C	0.84042
5328	YDR322C-A	0.84042
5329	YDR524C-A	0.84041
5330	YNR024W	0.84041
5331	YBR076C-A	0.84039
5332	YBR301W	0.84037
5333	YPL130W	0.84036
5334	YOL015W	0.84029
5335	YER091C-A	0.84028
5336	YOR113W	0.84028
5337	Q0017	0.84027
5338	YBR296C-A	0.84024
5339	YGL261C	0.8402
5340	YAL068C	0.8402
5341	YBL108C-A	0.8402
5342	YOR293C-A	0.84016
5343	YAR062W	0.84009
5344	YHR213W	0.84009
5345	YDR014W-A	0.84007
5346	YMR324C	0.84003
5347	YAR064W	0.84001
5348	YNL067W	0.84001
5349	YBL062W	0.83999
5350	YIR021W-A	0.83996
5351	YKR046C	0.83993
5352	YDR274C	0.83993
5353	YER023C-A	0.8399
5354	YDR048C	0.8399
5355	YIL037C	0.83989
5356	YLR366W	0.83987
5357	YDR215C	0.83986
5358	YDR542W	0.83983
5359	YDR510C-A	0.83979
5360	YGL188C-A	0.83974
5361	YGR182C	0.83971
5362	YLR461W	0.83971
5363	YKL096C-B	0.83968
5364	YIR020C	0.83964
5365	YBR103C-A	0.83961
5366	YBL094C	0.83961
5367	YGL168W	0.83961
5368	YBR275C	0.83958
5369	YML062C	0.83957
5370	YEL075W-A	0.83957
5371	YHL046W-A	0.83955
5372	YPR151C	0.83953
5373	YHR095W	0.83951
5374	YIL014C-A	0.8395
5375	YDR298C	0.83934
5376	YNL296W	0.83934
5377	YLR044C	0.83927
5378	YMR175W-A	0.83926
5379	YMR303C	0.83917
5380	YDR094W	0.83916
5381	YCR082W	0.83915
5382	YNL145W	0.83909
5383	YDR401W	0.83905
5384	YJL188C	0.83904
5385	YFL033C	0.83899
5386	YGR067C	0.83896
5387	YGL152C	0.83894
5388	YLR406C-A	0.83894
5389	YDR114C	0.83893
5390	YOR349W	0.83893
5391	YCR033W	0.83891
5392	YER149C	0.8389
5393	YDR209C	0.8389
5394	YMR245W	0.83888
5395	YPR012W	0.83888
5396	YMR163C	0.83883
5397	YOR011W-A	0.83879
5398	YGR035W-A	0.83878
5399	YIL093C	0.83873
5400	YNL144C	0.83872
5401	YFL002W-B	0.83871
5402	YGR161W-A	0.83871
5403	YKR032W	0.83867
5404	YOR199W	0.83864
5405	YDR529C	0.83864
5406	YHL048C-A	0.83861
5407	YGR270C-A	0.83857
5408	YBR152W	0.83855
5409	YDR491C	0.83852
5410	YHR036W	0.83852
5411	YDL048C	0.83847
5412	YDL004W	0.83845
5413	YHR103W	0.83843
5414	YBR292C	0.83839
5415	YCR095W-A	0.83837
5416	YBL100W-A	0.83834
5417	YLR358C	0.83831
5418	YLR267W	0.83829
5419	YPL142C	0.83824
5420	YML113W	0.83823
5421	YER147C-A	0.83819
5422	YFR019W	0.83818
5423	YBR004C	0.83818
5424	YCL054W-A	0.83815
5425	YNL205C	0.83813
5426	YPR076W	0.83812
5427	YLR365W	0.83811
5428	YDR246W-A	0.83811
5429	YER093C-A	0.83802
5430	YEL068C	0.83798
5431	YFR009W-A	0.83796
5432	YOR047C	0.83793
5433	YEL074W	0.83789
5434	YJR023C	0.83788
5435	YKL030W	0.83783
5436	YLR410W-A	0.83781
5437	YPR080W	0.83779
5438	YLR349W	0.83778
5439	YLR361C-A	0.83777
5440	YGR291C	0.83773
5441	YDL172C	0.83772
5442	YJR037W	0.83767
5443	YJL127C-B	0.83767
5444	YGR038C-E	0.83761
5445	YBL107W-A	0.83756
5446	YCR083W	0.83753
5447	YKL177W	0.83752
5448	YPL102C	0.83752
5449	YNL228W	0.83749
5450	YIL102C-A	0.83744
5451	YNL276C	0.83743
5452	YGR275W	0.83739
5453	YLR342W-A	0.83735
5454	YBR268W	0.83734
5455	YCR043C	0.83731
5456	YBR200W-A	0.83723
5457	YJL211C	0.83718
5458	YDR371W	0.83714
5459	YCR001W	0.8371
5460	YGL193C	0.83706
5461	YDR169C	0.83704
5462	YPR084W	0.83702
5463	YDL235C	0.837
5464	YIR016W	0.837
5465	YPL189C-A	0.83698
5466	YNL081C	0.83695
5467	YNL199C	0.83693
5468	YGR265W	0.83693
5469	YMR194C-A	0.83691
5470	YEL027W	0.83687
5471	YML058W-A	0.83686
5472	YER018C	0.83684
5473	YNL122C	0.83684
5474	YDL062W	0.83683
5475	YBR051W	0.83682
5476	YIL066W-A	0.8368
5477	YDR042C	0.83678
5478	YPR170C	0.83676
5479	YJL152W	0.83675
5480	YPR170W-B	0.83669
5481	YKL018C-A	0.83664
5482	YDL088C	0.83662
5483	YOL086C	0.8366
5484	YDR461W	0.83659
5485	YAR069C	0.83651
5486	YHR214C-D	0.83651
5487	YLR400W	0.8365
5488	YML100W-A	0.83644
5489	YDR123C	0.83643
5490	YML128C	0.83643
5491	YJL095W	0.83641
5492	YCL005W-A	0.83634
5493	YER138W-A	0.83633
5494	YAL059C-A	0.83628
5495	YCL005W	0.83622
5496	YMR320W	0.83622
5497	YCR104W	0.83608
5498	YOR186C-A	0.83607
5499	YNL269W	0.836
5500	YGL063C-A	0.83599
5501	YKR037C	0.83596
5502	YPR133W-A	0.83595
5503	YLR428C	0.83594
5504	YDL206W	0.83591
5505	YHL037C	0.8359
5506	YMR293C	0.83587
5507	YPR185W	0.83586
5508	YNL017C	0.83579
5509	YDR199W	0.83575
5510	YLR146W-A	0.83572
5511	YBR148W	0.83571
5512	YGR031C-A	0.83571
5513	YLR154W-C	0.83564
5514	YJL015C	0.83558
5515	YPL251W	0.83548
5516	YKL076C	0.83539
5517	YPL146C	0.83534
5518	YEL034C-A	0.83521
5519	YDR103W	0.8352
5520	YDR526C	0.83518
5521	YMR182W-A	0.83517
5522	YEL018C-A	0.83517
5523	YOR333C	0.83514
5524	YBR184W	0.83511
5525	YIL127C	0.83508
5526	YGL007C-A	0.83507
5527	YBR099C	0.83503
5528	YGR204C-A	0.83502
5529	YLR157W-E	0.83502
5530	YLR139C	0.83497
5531	YOL131W	0.83497
5532	YGR226C	0.83497
5533	YDR016C	0.83493
5534	YGR179C	0.83489
5535	YKR100C	0.83489
5536	YAL028W	0.83484
5537	YMR016C	0.83476
5538	YIR010W	0.83476
5539	YMR153C-A	0.83473
5540	YDR194W-A	0.83472
5541	YKR033C	0.8347
5542	YNL285W	0.83468
5543	YOL079W	0.83465
5544	YJL086C	0.83464
5545	YNL097C-B	0.83463
5546	YDR065W	0.83459
5547	YFL012W-A	0.83458
5548	YBR300C	0.83449
5549	YDR278C	0.83447
5550	YJL225W-A	0.83445
5551	YIL177W-A	0.83445
5552	YNL225C	0.8344
5553	YBR174C	0.8344
5554	YHL006W-A	0.83437
5555	YNL235C	0.83435
5556	YBL088C	0.83433
5557	YER097W	0.83431
5558	YDR310C	0.83429
5559	YPL035C	0.83427
5560	YEL030C-A	0.83426
5561	YDR417C	0.83425
5562	YJL150W	0.83423
5563	YDL189W	0.83422
5564	YDR524C	0.83412
5565	YPL222C-A	0.83408
5566	YGL069C	0.83407
5567	YGR249W	0.834
5568	YDR195W	0.83399
5569	YLL003W	0.83395
5570	YNL096C	0.83394
5571	YBL028C	0.83391
5572	YIL141W	0.83389
5573	YDR210W-A	0.83388
5574	YOR379C	0.83386
5575	YBL065W	0.83382
5576	YPR096C	0.83381
5577	YLR149C-A	0.83368
5578	YIL163C	0.83366
5579	YDR366C	0.83364
5580	YLR219W	0.83361
5581	YLR424C-B	0.83354
5582	YGR176W	0.83349
5583	YDL158C	0.83349
5584	YLR091W	0.8334
5585	YKL169C	0.83337
5586	YHR213W-B	0.83333
5587	YPR130C	0.83331
5588	YBL012C	0.83329
5589	YHR193C-A	0.83326
5590	YOR034C-A	0.83326
5591	YPL193W	0.83322
5592	YLR094C	0.83318
5593	YOR146W	0.83316
5594	YOR072W	0.83316
5595	YBR266C	0.8331
5596	YHL034W-A	0.83301
5597	YOR284W	0.83297
5598	YPL049C	0.83296
5599	YBR141W-A	0.83292
5600	YBR182C-A	0.8329
5601	YOL166C	0.8329
5602	YGR230W	0.83287
5603	YDR462W	0.83283
5604	YLR296W	0.8328
5605	YOR208W	0.83275
5606	YKL037W	0.83275
5607	YLR111W	0.83274
5608	YHR021C	0.83273
5609	YCR022C	0.83269
5610	YMR199W	0.83268
5611	YAL027W	0.83267
5612	YPL135C-A	0.83264
5613	YLR194C	0.83263
5614	YLR217W	0.83261
5615	YGR142W	0.83256
5616	YDR509W	0.83253
5617	YIR041W	0.83253
5618	YFL068W	0.83251
5619	YLL066W-A	0.83251
5620	YLL067W-A	0.83251
5621	YOR343W-A	0.8325
5622	YDL089W	0.83248
5623	YPR166C	0.83244
5624	YER006C-A	0.83241
5625	YLR157W-D	0.83238
5626	YOR364W	0.83234
5627	YDR396W	0.83231
5628	YJL075C	0.8323
5629	YLR466C-A	0.83229
5630	YLR467C-A	0.83229
5631	YOR396C-A	0.83229
5632	YNL042W-B	0.83226
5633	YIL054W	0.83222
5634	YBL107C	0.83221
5635	YLR374C	0.83218
5636	YGR114C	0.83213
5637	YMR325W	0.83208
5638	YCR025C	0.83204
5639	YBR182C	0.83202
5640	YMR057C	0.832
5641	YMR247W-A	0.83197
5642	YHR219C-A	0.83197
5643	YML133W-B	0.83197
5644	YNL339W-B	0.83197
5645	YJR151W-A	0.83195
5646	YJL205C	0.83193
5647	YHL050W-A	0.83193
5648	YHR212W-A	0.83186
5649	YAR061W	0.83186
5650	YDL199C	0.83185
5651	YJL077W-A	0.83177
5652	YER075C	0.83177
5653	YJR120W	0.83167
5654	YLR190W	0.83167
5655	YPL220W	0.83166
5656	YGL135W	0.83166
5657	YCR089W	0.83165
5658	YGL147C	0.83164
5659	YDR187C	0.83164
5660	YGL071W	0.83162
5661	YAR047C	0.83152
5662	YDR418W	0.83148
5663	YEL054C	0.83148
5664	YER190C-B	0.83136
5665	YGR296C-B	0.83136
5666	YEL077W-A	0.83136
5667	YPR204C-A	0.83136
5668	YPL283W-B	0.83136
5669	YNL130C-A	0.83131
5670	YEL008W	0.83123
5671	YNL114C	0.83123
5672	YMR103C	0.83122
5673	YNL309W	0.8312
5674	YDL086C-A	0.83118
5675	YKL224C	0.83115
5676	YPR136C	0.83113
5677	YIL142C-A	0.83108
5678	YOR302W	0.83106
5679	YKL118W	0.83103
5680	YBL009W	0.83096
5681	YLR076C	0.83094
5682	YER133W-A	0.83092
5683	YPL250W-A	0.8309
5684	YDL240C-A	0.83086
5685	YER148W-A	0.83079
5686	YBR196C-A	0.83075
5687	YGL088W	0.83069
5688	YPL052W	0.83066
5689	YDL020C	0.8306
5690	YNR075C-A	0.83058
5691	YNL100W	0.83055
5692	YDR250C	0.83045
5693	YPL131W	0.83042
5694	YDR252W	0.83042
5695	YIL101C	0.8304
5696	YOR300W	0.83036
5697	YHL030W-A	0.83034
5698	YDL025W-A	0.83031
5699	YOL038C-A	0.8303
5700	YPL205C	0.83025
5701	YLR255C	0.83025
5702	YMR059W	0.8302
5703	YGR164W	0.83015
5704	YDR545C-A	0.83013
5705	YML084W	0.83011
5706	YJR108W	0.83007
5707	YBR191W-A	0.83004
5708	YOR073W-A	0.83002
5709	YHR086W-A	0.82999
5710	YOR148C	0.82995
5711	YLR099W-A	0.82989
5712	YLR201C	0.82987
5713	YDR504C	0.82983
5714	YLR353W	0.8298
5715	YLR101C	0.8298
5716	YMR002W	0.82975
5717	YGL041C-B	0.82973
5718	YBL100C	0.82966
5719	YDR024W	0.82966
5720	YLR311C	0.82961
5721	YIL036W	0.82959
5722	YDL114W-A	0.82956
5723	YJR087W	0.82955
5724	YLR340W	0.82951
5725	YOR032C	0.82947
5726	YOL035C	0.82945
5727	YNL277W-A	0.82941
5728	YER028C	0.82937
5729	YJL056C	0.82929
5730	YML101C-A	0.82927
5731	YLR163W-A	0.82921
5732	YGR183C	0.82918
5733	YHL005C	0.82915
5734	YMR317W	0.82911
5735	YGL007W	0.82908
5736	YLR018C	0.82903
5737	YML007C-A	0.82901
5738	YBL046W	0.82896
5739	YBL113W-A	0.82895
5740	YGR041W	0.82888
5741	YLR204W	0.82887
5742	YAL066W	0.8288
5743	YDL221W	0.82879
5744	YDL023C	0.82877
5745	YOR186W	0.82877
5746	YNL152W	0.82872
5747	YNR037C	0.82872
5748	YJL149W	0.82868
5749	YML012C-A	0.82867
5750	YPL163C	0.82862
5751	YER078W-A	0.82859
5752	YDL239C	0.8285
5753	YER165C-A	0.82848
5754	YML122C	0.82845
5755	YJR107C-A	0.82838
5756	YKR045C	0.82837
5757	YMR118C	0.82836
5758	YMR232W	0.82834
5759	YGL072C	0.82817
5760	YMR272W-A	0.82816
5761	YER067C-A	0.82815
5762	YGR079W	0.82813
5763	YMR304C-A	0.8281
5764	YIR020W-A	0.8281
5765	YBR124W	0.8281
5766	YBR173C	0.82807
5767	YJR003C	0.82806
5768	YOL081W	0.82802
5769	YLR169W	0.82797
5770	YMR294W-A	0.82794
5771	YCR041W	0.82787
5772	YBL100W-C	0.82786
5773	YGR039W	0.82784
5774	YFR012W	0.8278
5775	YDR354C-A	0.82767
5776	YLR012C	0.82765
5777	YNL179C	0.82762
5778	YEL009C-A	0.8276
5779	YOR297C	0.8276
5780	YDR053W	0.8276
5781	YPR074W-A	0.82757
5782	YOR072W-B	0.82756
5783	YDL027C	0.82756
5784	YJR030C	0.82755
5785	YFL019C	0.82751
5786	YPL099C	0.82751
5787	YLR037C	0.82748
5788	YNL053W	0.82744
5789	YPR191W	0.8274
5790	YBR140C	0.82737
5791	YOR329W-A	0.82732
5792	YHR079C-A	0.82727
5793	YGL235W	0.8272
5794	YKL138C-A	0.82717
5795	YKL016C	0.8271
5796	YDL185C-A	0.82707
5797	YAL010C	0.82702
5798	YGR064W	0.82701
5799	YGL041C	0.827
5800	YMR272W-B	0.82699
5801	YLR436C	0.82698
5802	YNL052W	0.82696
5803	YLR298C	0.82694
5804	YEL005C	0.82693
5805	YLR458W	0.82692
5806	YGR018C	0.82681
5807	YOR313C	0.82678
5808	YPR013C	0.8267
5809	YMR086C-A	0.82666
5810	YDR118W-A	0.82664
5811	YML099W-A	0.82655
5812	YML015C	0.82646
5813	YLR162W	0.82646
5814	YOR114W	0.82645
5815	YLR434C	0.82644
5816	YLR221C	0.82637
5817	YKR012C	0.82633
5818	YDR431W	0.82633
5819	YBR209W	0.82632
5820	YMR007W	0.82625
5821	YKL123W	0.8262
5822	YBL039C-A	0.82613
5823	YNL046W	0.82611
5824	YGL079W	0.82604
5825	YIL086C	0.82598
5826	YOR147W	0.82598
5827	YDR157W	0.82593
5828	YPR101W	0.82587
5829	YFL034C-A	0.82583
5830	YDR277C	0.82581
5831	YMR052C-A	0.82579
5832	YHR050W-A	0.82576
5833	YEL050W-A	0.82561
5834	YDR203W	0.82553
5835	YDR269C	0.82552
5836	YEL028W	0.82549
5837	YMR270C	0.82547
5838	YCL026C-A	0.82543
5839	YJL077W-B	0.82539
5840	YKL044W	0.82538
5841	YKR091W	0.82532
5842	YPL096C-A	0.82531
5843	YOR032W-A	0.82527
5844	YHL041W	0.82513
5845	YGR107W	0.82511
5846	YLR312C	0.8251
5847	YOL155C	0.82501
5848	YOR376W	0.82496
5849	YER045C	0.82495
5850	YHR055C	0.82489
5851	YHR053C	0.82489
5852	YAL003W	0.82488
5853	YDR030C	0.82488
5854	YDL211C	0.82485
5855	YPR197C	0.8248
5856	YDL247W-A	0.82479
5857	YJL032W	0.82476
5858	YDL224C	0.82473
5859	YCR006C	0.82472
5860	YER038C	0.8247
5861	YGR236C	0.82468
5862	YPL070W	0.82466
5863	YLR364C-A	0.82466
5864	YLR339C	0.82463
5865	YJL136C	0.82457
5866	YPL118W	0.82454
5867	YKL202W	0.82453
5868	YEL043W	0.82453
5869	YJL136W-A	0.82449
5870	YNL157W	0.82449
5871	YCR049C	0.82448
5872	YFL015C	0.82441
5873	YDR525W	0.82436
5874	YOR342C	0.82427
5875	YLL033W	0.82423
5876	YIL045W	0.82418
5877	YPL136W	0.8241
5878	YCR097W-A	0.82408
5879	YAL064C-A	0.82406
5880	YKL156C-A	0.82403
5881	YPL201C	0.82395
5882	YDL016C	0.82386
5883	YDR010C	0.82381
5884	YOR298C-A	0.82379
5885	YBR196C-B	0.82376
5886	YPR169W-A	0.82368
5887	YLR254C	0.82364
5888	YLR154W-E	0.82352
5889	YOR331C	0.82346
5890	YNL091W	0.82343
5891	YLR031W	0.82343
5892	YLR352W	0.82342
5893	YIR030W-A	0.82342
5894	YBL071C-B	0.82341
5895	YML047W-A	0.82336
5896	YBL048W	0.82335
5897	YFL020C	0.82334
5898	YER137W-A	0.82329
5899	YOR264W	0.82329
5900	YOR170W	0.82323
5901	YIL030W-A	0.82322
5902	YKL099C	0.82319
5903	YAL031C	0.82312
5904	YFR035C	0.823
5905	YPL027W	0.82284
5906	YNR049C	0.82283
5907	YKL152C	0.82281
5908	YGR227C-A	0.82279
5909	YIR017W-A	0.82277
5910	YGL214W	0.82264
5911	YKR010C	0.82263
5912	YOR076C	0.82263
5913	YHR145C	0.82262
5914	YNL070W	0.8226
5915	YER066C-A	0.82257
5916	YMR219W	0.82246
5917	YDR069C	0.8224
5918	YOR169C	0.82233
5919	YGR146C-A	0.82227
5920	YBR126W-A	0.82226
5921	YDR494W	0.82217
5922	YNL144W-A	0.82205
5923	YOL134C	0.82192
5924	YNL171C	0.82192
5925	YPL078C	0.82186
5926	YDR095C	0.82181
5927	YLL025W	0.82181
5928	YLR131C	0.82179
5929	YDR210W	0.82174
5930	YKR047W	0.82153
5931	YGR037C	0.82152
5932	YOR247W	0.82141
5933	YKL170W	0.82131
5934	YBR277C	0.82126
5935	YGR122C-A	0.82126
5936	YOL019W-A	0.82117
5937	YOL166W-A	0.82117
5938	YJL159W	0.82104
5939	YDR276C	0.82099
5940	YOL091W	0.82097
5941	YMR158C-A	0.82094
5942	YDR149C	0.82083
5943	YIL136W	0.82079
5944	YGL042C	0.82075
5945	YCR013C	0.82073
5946	YDL071C	0.82072
5947	YGR161C	0.82071
5948	YGL034C	0.82068
5949	YCL007C	0.82067
5950	YDR534C	0.82063
5951	YJR018W	0.82046
5952	YDR181C	0.82045
5953	YGR076C	0.82032
5954	YPL200W	0.82027
5955	YOR031W	0.82026
5956	YIR023C-A	0.82021
5957	YDR014W	0.82008
5958	YFR057W	0.82007
5959	YDR015C	0.82006
5960	YDL159C-B	0.82006
5961	YGL182C	0.81999
5962	YBR134W	0.81996
5963	YPR159C-A	0.81993
5964	YGR137W	0.81993
5965	YLR285C-A	0.81989
5966	YCL021W	0.81985
5967	YKL083W	0.81979
5968	YPR171W	0.81962
5969	YMR158W-B	0.81953
5970	YGR008C	0.8195
5971	YOR369C	0.81942
5972	YNL198C	0.81941
5973	YOR314W-A	0.8194
5974	YLR390W-A	0.81939
5975	YOL099C	0.81938
5976	YHR213W-A	0.81936
5977	YBL054W	0.81931
5978	YMR124W	0.81931
5979	YHR182C-A	0.81923
5980	YDR183C-A	0.81905
5981	YPL269W	0.81904
5982	YOR218C	0.81896
5983	YER084W	0.81895
5984	YCL051W	0.8189
5985	YOR161W-B	0.81885
5986	YHR072W-A	0.81882
5987	YGR214W	0.81881
5988	YKR078W	0.81874
5989	YLR040C	0.81872
5990	YGR228W	0.81868
5991	YDL067C	0.81867
5992	YLR402W	0.81855
5993	YHR143W-A	0.81851
5994	YGL191W	0.8184
5995	YOL164W-A	0.8184
5996	YDR413C	0.81836
5997	YOL007C	0.81828
5998	YOR102W	0.81828
5999	YDL032W	0.81826
6000	YJR011C	0.81812
6001	YKL204W	0.81809
6002	YOL025W	0.81805
6003	YDR216W	0.81798
6004	YOR203W	0.81795
6005	YJL142C	0.81792
6006	YMR082C	0.81791
6007	YMR072W	0.81791
6008	YMR075C-A	0.81785
6009	YNL203C	0.81775
6010	YCR038W-A	0.81774
6011	YLR154W-A	0.81769
6012	YPL197C	0.81765
6013	YAL065C	0.81754
6014	YDR515W	0.81754
6015	YLR009W	0.81751
6016	YAL024C	0.8175
6017	YJL222W-B	0.81741
6018	YIL175W	0.81741
6019	YDR034C-A	0.8174
6020	YER132C	0.81732
6021	YML027W	0.8173
6022	YJR140W-A	0.81724
6023	YMR122W-A	0.81722
6024	YPL033C	0.81721
6025	YOL118C	0.81709
6026	YHR130C	0.81709
6027	YER088C-A	0.81703
6028	YHR087W	0.81701
6029	YKL141W	0.8169
6030	YDR320W-B	0.81687
6031	YGL175C	0.81685
6032	YBL034C	0.81684
6033	YBR131C-A	0.81676
6034	YHL029C	0.81675
6035	YOR121C	0.81669
6036	YDL169C	0.81664
6037	YHR180W-A	0.81662
6038	YIR019C	0.81658
6039	YER090C-A	0.81653
6040	YOR195W	0.81652
6041	YAL040C	0.81651
6042	YAL016C-B	0.81643
6043	YIL071W-A	0.81637
6044	YER087C-A	0.81635
6045	YGR254W	0.8163
6046	YBR016W	0.81629
6047	R0030W	0.81621
6048	YOR082C	0.81621
6049	YLR322W	0.8162
6050	YHR195W	0.81616
6051	YPR039W	0.81614
6052	YLR154W-F	0.81614
6053	YGL223C	0.81613
6054	YGL138C	0.81606
6055	YIL011W	0.81603
6056	YML028W	0.81603
6057	YIL020C-A	0.81601
6058	YMR172C-A	0.81592
6059	YLR154W-B	0.81586
6060	YBR230C	0.81581
6061	YCR018C-A	0.81578
6062	YDL152W	0.8156
6063	YLR373C	0.81557
6064	YMR086W	0.81556
6065	YPL158C	0.81544
6066	YDR113C	0.81543
6067	YDR151C	0.81541
6068	YIL105W-A	0.8154
6069	YMR122C	0.81532
6070	YPR142C	0.81525
6071	YBR255W	0.81519
6072	YNR044W	0.81504
6073	YMR141W-A	0.81501
6074	YBR121C-A	0.81486
6075	YLR466C-B	0.81485
6076	YDR461C-A	0.81483
6077	YMR179W	0.81483
6078	YHR177W	0.8148
6079	YGR215W	0.81472
6080	YOR073W	0.81471
6081	YLR341W	0.8147
6082	YNL197C	0.81457
6083	YFR032C-B	0.81453
6084	YDL213W-A	0.81445
6085	YNL067W-A	0.81442
6086	YDR050C	0.81427
6087	YPL152W-A	0.81424
6088	YDR356W	0.8142
6089	YER121W	0.8141
6090	YFR017C	0.81405
6091	YDL228C	0.81397
6092	YNL167C	0.81389
6093	YDL012C	0.8137
6094	YOR381W-A	0.8137
6095	YJL110C	0.81368
6096	YNL013C	0.81368
6097	YLR283W	0.81358
6098	YLR295C	0.81357
6099	YPR123C	0.81356
6100	YDR467C	0.81353
6101	YHR093W	0.81351
6102	YOR045W	0.81341
6103	YGR161W-C	0.81339
6104	YPL183W-A	0.81337
6105	YBR090C	0.8133
6106	YDL081C	0.81316
6107	YMR204C	0.81312
6108	YAL063C-A	0.81299
6109	YFR036W-A	0.81297
6110	YMR160W	0.81296
6111	YLR184W	0.81285
6112	YNL337W	0.81279
6113	YDR260C	0.81278
6114	YKL062W	0.81273
6115	YFL015W-A	0.81265
6116	YOL013W-B	0.81262
6117	YIL058W	0.81257
6118	YOR010C	0.81255
6119	YNL042W	0.81255
6120	YDR096W	0.81241
6121	YMR193C-A	0.81239
6122	YBR203W	0.81228
6123	YCL026C-B	0.81227
6124	YMR315W-A	0.81218
6125	YOR235W	0.81212
6126	YBR224W	0.81212
6127	YOR161C-C	0.81212
6128	YJL052C-A	0.81205
6129	YKL138C	0.81194
6130	YNL105W	0.81182
6131	YLR294C	0.81168
6132	YLR465C	0.81167
6133	YNR025C	0.81163
6134	YDR446W	0.81152
6135	YKL056C	0.81148
6136	YLR338W	0.81146
6137	YOR352W	0.81134
6138	YKR057W	0.81132
6139	YDR239C	0.81123
6140	YER175W-A	0.81123
6141	YDR447C	0.81122
6142	YLR109W	0.81119
6143	YHR001W-A	0.81115
6144	YJL052W	0.81108
6145	YDR544C	0.81088
6146	YCL022C	0.81082
6147	YMR286W	0.81078
6148	YER088C	0.81071
6149	YGL057C	0.81062
6150	YKL153W	0.81028
6151	YHR175W-A	0.8101
6152	YGR174W-A	0.80996
6153	YOR214C	0.80996
6154	YER011W	0.80992
6155	YKL106C-A	0.80991
6156	YMR151W	0.80991
6157	YER152W-A	0.80969
6158	YGR113W	0.80968
6159	YJR056C	0.80968
6160	YJL166W	0.8095
6161	YDL069C	0.80927
6162	YFR046C	0.80924
6163	YLR048W	0.80911
6164	YBR056W-A	0.80899
6165	YAL019W-A	0.80896
6166	YGR153W	0.80894
6167	YLR222C-A	0.80891
6168	YHL015W-A	0.8089
6169	YNL266W	0.80878
6170	YDR227W	0.8085
6171	YOL052C-A	0.80829
6172	YOR158W	0.80827
6173	YBR194W	0.80818
6174	YCL044C	0.8081
6175	YLR379W-A	0.80806
6176	YHR180C-B	0.80804
6177	YJR009C	0.80796
6178	YBR009C	0.80791
6179	YPR020W	0.80787
6180	YNR009W	0.80785
6181	YOL085W-A	0.8078
6182	YHR007C-A	0.80777
6183	YOR096W	0.80732
6184	YPR036W-A	0.80729
6185	YAL068W-A	0.80708
6186	YGR192C	0.80694
6187	YOL029C	0.80687
6188	YNL103W	0.80677
6189	YER155C	0.80662
6190	YJR150C	0.80657
6191	YGL014C-A	0.80648
6192	YDR219C	0.80641
6193	YBR130C	0.80634
6194	YML024W	0.80626
6195	YJL181W	0.80624
6196	YCL023C	0.80623
6197	YLR327C	0.80621
6198	YLR264W	0.80612
6199	YFR052C-A	0.80608
6200	YHR032C-A	0.80604
6201	YHR143W	0.80586
6202	YEL026W	0.80583
6203	YLR273C	0.80573
6204	YDR439W	0.80568
6205	YCR065W	0.80558
6206	YGR115C	0.80555
6207	YJR104C	0.80546
6208	YDR028C	0.80519
6209	YDL159W-A	0.8051
6210	YJL119C	0.80503
6211	YER040W	0.80498
6212	YNR014W	0.80496
6213	YGL123W	0.80493
6214	YGR120C	0.80485
6215	YBR072C-A	0.80474
6216	YER044C-A	0.80458
6217	YCL027W	0.80458
6218	YEL059W	0.80457
6219	YNL195C	0.80451
6220	YGL194C-A	0.80445
6221	YBR007C	0.80445
6222	YCR024C-B	0.80438
6223	YFR034W-A	0.80434
6224	YDR374C	0.80434
6225	YDR207C	0.80426
6226	YGL023C	0.80426
6227	YPL077C	0.80426
6228	YMR251W-A	0.80388
6229	YIL134C-A	0.8037
6230	YLL039C	0.80361
6231	YER188C-A	0.8036
6232	YPR078C	0.8036
6233	YNL208W	0.80359
6234	YKL112W	0.80339
6235	YHR160C	0.80336
6236	YOR192C-C	0.80333
6237	YOR324C	0.80333
6238	YIL032C	0.80325
6239	YAR035C-A	0.80325
6240	YCR012W	0.80324
6241	YHR174W	0.80316
6242	YJL026C-A	0.80311
6243	YPL054W	0.80304
6244	Q0143	0.80294
6245	YGL035C	0.80289
6246	YER067W	0.80273
6247	YMR230W-A	0.8027
6248	YCL028W	0.80268
6249	YLR299C-A	0.80266
6250	YBR095C	0.80262
6251	YOR055W	0.80261
6252	YMR135C	0.80259
6253	YNL057W	0.80259
6254	YAL047C	0.80258
6255	YER158C	0.80247
6256	YOR335W-A	0.80237
6257	YDL050C	0.80232
6258	YLR280C	0.80225
6259	YBR067C	0.80222
6260	YOR167C	0.80214
6261	YBR076W	0.80212
6262	YNL214W	0.80183
6263	YEL057C	0.80183
6264	YLL019W-A	0.80175
6265	YGR071C	0.80171
6266	YNL311C	0.8016
6267	YJL162C	0.80154
6268	YJR157W	0.80153
6269	YLR030W	0.80135
6270	YMR046W-A	0.8013
6271	YJL027C	0.80123
6272	YFL021W	0.80117
6273	YER035W	0.80099
6274	YHR056W-A	0.80098
6275	YDR034W-B	0.80087
6276	YOR178C	0.80076
6277	YHR152W	0.80073
6278	YGL030W	0.80072
6279	YGL006W-A	0.80071
6280	YIL047C-A	0.80059
6281	YBR047W	0.80058
6282	YDR351W	0.80048
6283	YLR223C	0.80045
6284	YMR273C	0.80039
6285	YIL122W	0.80015
6286	YGL102C	0.80015
6287	YKR035C	0.80013
6288	Q0182	0.80005
6289	YLR235C	0.79997
6290	YJR083C	0.79992
6291	YAL069W	0.79983
6292	YOR394C-A	0.79979
6293	YDR406W-A	0.79975
6294	YDR543C	0.79975
6295	YOR150W	0.79965
6296	YOR072W-A	0.79963
6297	YPR170W-A	0.79957
6298	YPR005C	0.79947
6299	YEL008C-A	0.79933
6300	YML054C-A	0.79933
6301	YPR126C	0.7993
6302	YJL118W	0.79914
6303	YKL068W-A	0.7991
6304	YPR002C-A	0.79889
6305	YKL031W	0.79878
6306	YER104W	0.79877
6307	YDR115W	0.79875
6308	YKL097C	0.79869
6309	YJL175W	0.79865
6310	YMR144W	0.79858
6311	YJL051W	0.79858
6312	YNL233W	0.79858
6313	YHR032W-A	0.79853
6314	YNL018C	0.79838
6315	YEL014C	0.79827
6316	YBR063C	0.79818
6317	YNL028W	0.79805
6318	YMR075W	0.79802
6319	YLR315W	0.79801
6320	YOR255W	0.79791
6321	YDL186W	0.79786
6322	YML109W	0.79784
6323	YOR231C-A	0.79777
6324	YKL100W-A	0.79769
6325	YLL047W	0.79767
6326	YLL066W-B	0.79757
6327	YER111C	0.79756
6328	YGR273C	0.79746
6329	YDL076C	0.79716
6330	YNL338W	0.79706
6331	YKL042W	0.7969
6332	YNL034W	0.79688
6333	YOR343C	0.79683
6334	YCL063W	0.79682
6335	YGR139W	0.79679
6336	YOR066W	0.79676
6337	YHR054C	0.79675
6338	YKR022C	0.79657
6339	YNL027W	0.79652
6340	YMR326C	0.79633
6341	YER150W	0.79632
6342	YKL185W	0.79612
6343	YAL037C-B	0.79609
6344	YOR009W	0.79596
6345	YKL093W	0.79578
6346	YMR173W	0.79556
6347	YPR044C	0.79508
6348	YHR217C	0.79494
6349	YPL198W	0.79491
6350	YGL021W	0.79491
6351	YNL076W	0.79488
6352	YLR042C	0.79475
6353	YBR013C	0.79475
6354	YDR259C	0.79472
6355	YPL250C	0.79467
6356	YDR130C	0.79462
6357	YMR195W	0.79427
6358	YML058W	0.79408
6359	YLR307C-A	0.79349
6360	YBR050C	0.79329
6361	YLR282C	0.79327
6362	YIL100C-A	0.79325
6363	YPL014W	0.79321
6364	YPL255W	0.79317
6365	YJL020W-A	0.79311
6366	YIL146C	0.79303
6367	YLR159C-A	0.79295
6368	YLR156C-A	0.79295
6369	YLR157C-C	0.79295
6370	YLR154C-H	0.79295
6371	YML091C	0.79255
6372	YPL271W	0.79239
6373	YOR008W-B	0.79233
6374	Q0255	0.79212
6375	YPL037C	0.79204
6376	YJL185C	0.79203
6377	YLL044W	0.79195
6378	YLR150W	0.79178
6379	YGL149W	0.79168
6380	YOR062C	0.79167
6381	YOL036W	0.79141
6382	YLL045C	0.7914
6383	YDR275W	0.79137
6384	YGR126W	0.79104
6385	YPL055C	0.79079
6386	YIL119C	0.79058
6387	YLR102C	0.79056
6388	YCR087W	0.79051
6389	YLR395C	0.79026
6390	YOR161W-A	0.79018
6391	YDL085C-A	0.79015
6392	YLR257W	0.79011
6393	YER084W-A	0.79007
6394	YDL151C	0.79006
6395	YFR054C	0.78991
6396	YPR158W	0.78985
6397	YJL090C	0.78982
6398	YPR064W	0.78973
6399	YLR394W	0.78957
6400	YBR156C	0.78949
6401	YLR367W	0.78938
6402	YGR160W	0.78924
6403	YOR023C	0.78922
6404	YPL230W	0.78914
6405	YCL048W-A	0.78908
6406	YHR014W	0.78893
6407	YJL190C	0.78879
6408	YKL162C-A	0.78876
6409	YLR262C-A	0.7885
6410	YDR223W	0.78848
6411	YGR240C-A	0.78844
6412	YMR003W	0.78838
6413	YLR112W	0.78833
6414	YOR359W	0.78816
6415	YPL056C	0.78771
6416	YMR255W	0.78751
6417	YBL006W-A	0.78727
6418	YLR445W	0.78717
6419	YPR059C	0.7865
6420	YPL143W	0.78645
6421	YGR085C	0.78638
6422	YJL133C-A	0.78598
6423	YCR045W-A	0.78597
6424	YER130C	0.78593
6425	YOR234C	0.78592
6426	YPL180W	0.78573
6427	YKL105C	0.78567
6428	YFL031C-A	0.7856
6429	YOR312C	0.78517
6430	YMR242C	0.78517
6431	YLR198C	0.78505
6432	YGL076C	0.78497
6433	YPL068C	0.78472
6434	YDR029W	0.78464
6435	YKL053W	0.78447
6436	YJL028W	0.78446
6437	YDR154C	0.78436
6438	YLR347W-A	0.78433
6439	YDL223C	0.78427
6440	YNL300W	0.78421
6441	YDR249C	0.78418
6442	YML026C	0.78403
6443	YDR450W	0.78403
6444	YDR377W	0.784
6445	YIR025W	0.78378
6446	Q0297	0.7837
6447	YKL111C	0.78359
6448	YBR165W	0.78331
6449	YLR167W	0.78328
6450	YPR046W	0.78323
6451	YFL063W	0.78322
6452	YLR236C	0.78311
6453	YKL096W-A	0.7831
6454	YER167W	0.78309
6455	YNR077C	0.78258
6456	YOR268C	0.78242
6457	YLR334C	0.78237
6458	YLR252W	0.78213
6459	YBR045C	0.78161
6460	Q0010	0.78156
6461	YDR119W-A	0.78124
6462	YGR221C	0.7809
6463	YGR035C	0.78089
6464	YDR064W	0.78087
6465	YGR239C	0.78082
6466	YDR077W	0.78066
6467	YLR230W	0.78066
6468	YDR184C	0.78059
6469	YLR075W	0.78047
6470	YER079C-A	0.78033
6471	YJL144W	0.78023
6472	YER181C	0.77986
6473	YDR022C	0.77983
6474	YLR331C	0.77971
6475	YHL033C	0.77929
6476	YPL071C	0.77907
6477	YEL045C	0.77892
6478	YPL159C	0.77874
6479	YBL053W	0.77869
6480	YPR102C	0.77862
6481	YDR425W	0.77826
6482	YJL147C	0.77823
6483	YOR383C	0.77803
6484	YFR012W-A	0.77796
6485	YEL033W	0.77761
6486	YBR201C-A	0.77746
6487	YNL188W	0.77738
6488	YCR050C	0.77712
6489	YLR053C	0.77682
6490	YER158W-A	0.77673
6491	YDL130W-A	0.7767
6492	YDR186C	0.77649
6493	YOL085C	0.77613
6494	YBR010W	0.7758
6495	YDL130W	0.77546
6496	YOR309C	0.7749
6497	YER153C	0.77482
6498	YOR372C	0.77428
6499	YAR020C	0.77416
6500	YMR256C	0.77411
6501	YMR143W	0.7732
6502	YDL083C	0.7732
6503	YCR108C	0.77293
6504	YPL089C	0.77286
6505	YER088W-B	0.77269
6506	YOL121C	0.77266
6507	YGL222C	0.77251
6508	YPL121C	0.77245
6509	YLR061W	0.77235
6510	YDR085C	0.77173
6511	YDL180W	0.77166
6512	YPR087W	0.77164
6513	YKL065W-A	0.77151
6514	YBR031W	0.77149
6515	YPR160W-A	0.77148
6516	YLR325C	0.77146
6517	YCL041C	0.77144
6518	YNL074C	0.77133
6519	YER124C	0.77109
6520	YML063W	0.77087
6521	YDR528W	0.77078
6522	YBR211C	0.77071
6523	YDL181W	0.77025
6524	YER106W	0.77019
6525	YIL135C	0.77014
6526	YOR105W	0.77009
6527	YDR524C-B	0.76997
6528	YLR388W	0.76991
6529	YDR012W	0.76972
6530	YGL128C	0.76972
6531	YPL267W	0.76961
6532	YJR123W	0.76957
6533	YHR157W	0.7692
6534	YPR008W	0.76901
6535	YER126C	0.76883
6536	YGR022C	0.76862
6537	YJL161W	0.76858
6538	YNL302C	0.76789
6539	YPR145C-A	0.76782
6540	YGR023W	0.76737
6541	YPL066W	0.76705
6542	YMR036C	0.76643
6543	YGL029W	0.76615
6544	YLR261C	0.7661
6545	YHR061C	0.76569
6546	YOR044W	0.7655
6547	YFL012W	0.76484
6548	YBR230W-A	0.7641
6549	YGR169C-A	0.76373
6550	YLR441C	0.76371
6551	YKR077W	0.76354
6552	YOR279C	0.76323
6553	YNL176C	0.76323
6554	YBL031W	0.76308
6555	YLR049C	0.76283
6556	YLR154C-G	0.76282
6557	YML119W	0.76227
6558	YDR070C	0.76211
6559	YNL140C	0.76148
6560	YNL097W-A	0.76076
6561	YMR316C-B	0.76009
6562	YPL124W	0.75958
6563	YLR279W	0.75947
6564	YER033C	0.75946
6565	YNL069C	0.75812
6566	YOL039W	0.7576
6567	YDR480W	0.75725
6568	YBR071W	0.75713
6569	YJL089W	0.7571
6570	YMR174C	0.75702
6571	YLR457C	0.75693
6572	YDR309C	0.75664
6573	YML009C-A	0.7566
6574	YMR037C	0.75655
6575	YJR162C	0.75633
6576	YNL078W	0.75614
6577	YBR126W-B	0.75607
6578	YGR027C	0.75566
6579	YGL015C	0.75473
6580	YLR412C-A	0.7545
6581	YML073C	0.75372
6582	YKL225W	0.75347
6583	YBR056C-B	0.75334
6584	YDL061C	0.7531
6585	YML112W	0.7522
6586	YBR223W-A	0.75211
6587	YGR209C	0.75206
6588	YML006C	0.75164
6589	YOR315W	0.75117
6590	YKL023C-A	0.75004
6591	YLR448W	0.75002
6592	YDR134C	0.7499
6593	YER102W	0.74885
6594	YBL072C	0.74885
6595	YLR333C	0.74882
6596	YML053C	0.74868
6597	YBL109W	0.74867
6598	YAL064W-B	0.74776
6599	YBR285W	0.74595
6600	YHR203C	0.7457
6601	YJR145C	0.7457
6602	YER180C	0.74569
6603	YMR206W	0.74519
6604	YLR363W-A	0.74508
6605	YPR065W	0.74329
6606	YPL081W	0.74319
6607	YPR083W	0.74299
6608	YJL191W	0.74291
6609	YOL040C	0.74174
6610	YLR043C	0.74159
6611	YKL109W	0.74007
6612	YER032W	0.73968
6613	YOR248W	0.73906
6614	YBR189W	0.73818
6615	YCR031C	0.73763
6616	YNR010W	0.73716
6617	YFR031C-A	0.73677
6618	YIL018W	0.73677
6619	YPL223C	0.73675
6620	YDR382W	0.7364
6621	YNL146W	0.73639
6622	YMR136W	0.73597
6623	YDR025W	0.73556
6624	YBR048W	0.73556
6625	Q0092	0.73514
6626	YBL087C	0.7349
6627	YER117W	0.7349
6628	YGL170C	0.73385
6629	YLL065W	0.73152
6630	YPL229W	0.73125
6631	YOL109W	0.73062
6632	YGL036W	0.72976
6633	YHR185C	0.72956
6634	YJR005C-A	0.72924
6635	YPL090C	0.72809
6636	YBR181C	0.72809
6637	YFL014W	0.72803
6638	YBR113W	0.72636
6639	YDL191W	0.72514
6640	YDL136W	0.72514
6641	YDL075W	0.72439
6642	YDR133C	0.7243
6643	YNL178W	0.72406
6644	YIL133C	0.72207
6645	Q0144	0.72205
6646	YMR181C	0.72169
6647	YKL145W-A	0.72108
6648	YLR110C	0.72082
6649	YLR406C	0.72076
6650	YGL031C	0.7205
6651	YIL100W	0.72041
6652	YBR157C	0.72031
6653	YER079W	0.72011
6654	YML003W	0.71963
6655	YJL189W	0.71904
6656	YDR471W	0.71792
6657	YPL079W	0.71702
6658	YHR010W	0.7164
6659	YBL081W	0.71559
6660	YBR191W	0.71112
6661	YOR063W	0.71069
6662	YOL127W	0.71039
6663	YBR138C	0.71031
6664	YOL106W	0.70911
6665	YIL152W	0.70884
6666	YDR500C	0.70866
6667	YIL052C	0.70746
6668	YFR036W	0.70591
6669	YER056C-A	0.70496
6670	YHL001W	0.70425
6671	YGR148C	0.70415
6672	YPR132W	0.70403
6673	YGR118W	0.70403
6674	YMR194W	0.70394
6675	YIL069C	0.70321
6676	YER074W	0.70321
6677	YKL006W	0.70243
6678	YML009C	0.70114
6679	YGL103W	0.69979
6680	YHR054C-B	0.69957
6681	YHR052C-B	0.69957
6682	Q0140	0.69851
6683	YDR193W	0.69819
6684	YGR151C	0.69803
6685	YEL032C-A	0.69803
6686	YMR252C	0.69779
6687	YLR185W	0.69758
6688	YHR141C	0.69507
6689	YNL162W	0.69507
6690	YPL249C-A	0.69369
6691	YMR081C	0.69319
6692	YMR173W-A	0.69057
6693	YKR075C	0.68177
6694	YMR175W	0.68009
6695	YBL027W	0.6739
6696	YBR084C-A	0.6739
6697	YLR437C-A	0.67085
6698	YDL082W	0.66958
6699	YNL301C	0.6672
6700	YOL120C	0.6672
6701	YOR053W	0.66663
6702	YGL189C	0.66461
6703	YGR146C	0.66459
6704	YMR142C	0.66396
6705	YJR094C	0.66384
6706	YER131W	0.66329
6707	YDL007C-A	0.66321
6708	YFR032C-A	0.66172
6709	YOR182C	0.65922
6710	YLR287C-A	0.65922
6711	YLR344W	0.65684
6712	YGR034W	0.65446
6713	YJL177W	0.65054
6714	YBL092W	0.6483
6715	Q0032	0.64793
6716	YIL046W-A	0.64557
6717	YKL180W	0.64468
6718	YLR029C	0.64178
6719	YMR121C	0.64062
6720	YJR094W-A	0.63153
6721	YPR043W	0.63153
6722	YDR433W	0.62532
6723	YHR214W-A	0.59283
6724	YAR068W	0.58942
6725	YML009W-B	0.55919
6726	YDL184C	0.49261
6727	YDL133C-A	0.49261
6728	YMR106W-A	0.33755
6729	YNL155C-A	0.33755
6730	YGR016C-A	0.33755
6731	YNL040C-A	0.33755
6732	YDL204W-A	0.33755
6733	YFR035W-A	0.33755
