rank	yeast_gene	cosine
1	YOR378W	0.96253
2	YER039C	0.95472
3	YLR229C	0.9504
4	YPR165W	0.9494
5	YMR011W	0.94857
6	YFL011W	0.94821
7	YGL225W	0.94788
8	YDR342C	0.94731
9	YDR343C	0.94681
10	YHR096C	0.94667
11	YIL170W	0.94651
12	YHR092C	0.94572
13	YLR081W	0.94563
14	YHR094C	0.94466
15	YDR345C	0.94415
16	YJL219W	0.94281
17	YNR072W	0.94205
18	YOL156W	0.9419
19	YEL069C	0.94178
20	YEL013W	0.94132
21	YJL214W	0.94116
22	YHR128W	0.94001
23	YDL245C	0.93976
24	YFL026W	0.93896
25	YDL006W	0.93881
26	YJR158W	0.93817
27	YER081W	0.93795
28	YNL006W	0.93786
29	YDR536W	0.93783
30	YJR065C	0.9367
31	YLR113W	0.93659
32	YOR257W	0.93523
33	YIL074C	0.93465
34	YKR059W	0.93428
35	YOL094C	0.93424
36	YFL039C	0.9333
37	YBL016W	0.93277
38	YNL290W	0.9321
39	YML018C	0.93203
40	YFL066C	0.93178
41	YPR016C	0.93094
42	YDR021W	0.9305
43	YCR098C	0.92806
44	YOR061W	0.92755
45	YER069W	0.92692
46	YKL146W	0.92619
47	YEL027W	0.92598
48	YCL017C	0.92539
49	YER072W	0.92538
50	YNL090W	0.92525
51	YGR252W	0.92523
52	YFL055W	0.92513
53	YDR091C	0.92499
54	YHL016C	0.92473
55	YMR015C	0.92425
56	YMR109W	0.92416
57	YEL065W	0.92392
58	YJL108C	0.92246
59	YGL255W	0.92241
60	YHR007C	0.92123
61	YBR164C	0.92098
62	YPL036W	0.92058
63	YJL164C	0.92053
64	YKL218C	0.92034
65	YDL137W	0.92017
66	YER025W	0.92007
67	YHL040C	0.91971
68	YBR241C	0.91949
69	YKR039W	0.91942
70	YGR040W	0.919
71	YNL191W	0.91868
72	YMR243C	0.91815
73	YGL008C	0.91812
74	YBR114W	0.91798
75	YIL143C	0.91793
76	YBR160W	0.91775
77	YJR068W	0.91755
78	YML123C	0.91731
79	YER094C	0.91729
80	YER052C	0.91722
81	YPL086C	0.91678
82	YHL047C	0.91656
83	YFL038C	0.91635
84	YDR099W	0.91629
85	YER133W	0.91624
86	YDR341C	0.91609
87	YEL042W	0.91598
88	YPL203W	0.91574
89	YKL129C	0.91572
90	YIL048W	0.91559
91	YJR095W	0.91544
92	YBR043C	0.91527
93	YPL266W	0.91507
94	YDL192W	0.91502
95	YPL264C	0.91491
96	YMR108W	0.91484
97	YDL001W	0.91469
98	YDL210W	0.91449
99	YLR359W	0.91422
100	YEL063C	0.91421
101	YGL210W	0.9142
102	YER171W	0.91412
103	YNL270C	0.91371
104	YCR047C	0.91271
105	YGL077C	0.91251
106	YDL047W	0.91231
107	YNL268W	0.91231
108	YOR046C	0.91225
109	YOR153W	0.91223
110	YER178W	0.91214
111	YER009W	0.91198
112	YOL162W	0.91192
113	YJR148W	0.91169
114	YLR438W	0.91162
115	YIL116W	0.91154
116	YBL026W	0.91142
117	YER177W	0.91131
118	YDR075W	0.91131
119	YEL031W	0.91075
120	YDR497C	0.91063
121	YJL050W	0.91061
122	YER031C	0.91057
123	YPR183W	0.91052
124	YKL166C	0.91046
125	YMR279C	0.91045
126	YER119C	0.91041
127	YBR085W	0.91024
128	YDR232W	0.91009
129	YJL167W	0.90992
130	YBR126C	0.90992
131	YBR008C	0.90964
132	YDR406W	0.90963
133	YDR129C	0.90906
134	YBR082C	0.90902
135	YBR222C	0.90893
136	YGR152C	0.9089
137	YBL030C	0.90857
138	YKL024C	0.90848
139	YML001W	0.90823
140	YJL213W	0.90798
141	YLR092W	0.90789
142	YPR138C	0.90759
143	YDL168W	0.90747
144	YMR290C	0.90716
145	YKL033W-A	0.907
146	YDL086W	0.90698
147	YAL026C	0.90695
148	YHR208W	0.9065
149	YLR130C	0.9064
150	YJR049C	0.9064
151	YBR294W	0.90633
152	YAL064C-A	0.90619
153	YGR191W	0.90605
154	YHR106W	0.90601
155	YPR182W	0.90591
156	YIL121W	0.90585
157	YDR059C	0.90581
158	YFL017W-A	0.90575
159	YBL022C	0.90566
160	YDR196C	0.90547
161	YHR030C	0.90543
162	YMR034C	0.90543
163	YJR156C	0.90527
164	YIL035C	0.90518
165	YKL148C	0.90496
166	YCL025C	0.90495
167	YJL045W	0.90468
168	YGR286C	0.90458
169	YDR011W	0.90451
170	YMR056C	0.90447
171	YOR094W	0.90445
172	YDL244W	0.90444
173	YGL115W	0.90427
174	YLR328W	0.90424
175	YBL075C	0.904
176	YFL058W	0.90398
177	YPL119C	0.90391
178	YGL167C	0.90375
179	YNL332W	0.9037
180	YMR246W	0.90362
181	YNL189W	0.90356
182	YNL112W	0.90352
183	YER056C	0.9034
184	YER055C	0.90339
185	YBR287W	0.90331
186	YBR080C	0.90327
187	YFL005W	0.90325
188	YBL041W	0.90295
189	YMR221C	0.90292
190	YJR007W	0.9027
191	YBR187W	0.90267
192	YKL104C	0.90262
193	YER060W-A	0.90255
194	YOR197W	0.90251
195	YOR157C	0.90241
196	YPR173C	0.90237
197	YOR204W	0.90227
198	YBR298C	0.90221
199	YKL196C	0.90216
200	YKL190W	0.90214
201	YGL001C	0.90207
202	YGL256W	0.90206
203	YKR080W	0.90187
204	YAL005C	0.9018
205	YOR328W	0.90174
206	YOR317W	0.90174
207	YLR034C	0.90171
208	YMR146C	0.90169
209	YLL050C	0.90168
210	YMR079W	0.90157
211	YAR062W	0.90152
212	YHR213W	0.90152
213	YLR466W	0.90127
214	YDL134C	0.90125
215	YDL128W	0.90121
216	YNL277W	0.90121
217	YLL063C	0.90109
218	YML064C	0.90091
219	YDR375C	0.90077
220	YIL118W	0.90074
221	YOL021C	0.9006
222	YGR132C	0.90055
223	YHR218W	0.90049
224	YDL125C	0.90047
225	YLR438C-A	0.90038
226	YER148W	0.9003
227	YPL050C	0.90013
228	YEL077C	0.90011
229	YDR353W	0.90011
230	YOL103W	0.89991
231	YGR010W	0.89991
232	YDL166C	0.89983
233	YDR001C	0.89982
234	YKR093W	0.8997
235	YMR241W	0.8996
236	YBR235W	0.89951
237	YOL151W	0.89942
238	YOR326W	0.89934
239	YMR058W	0.89917
240	YNL125C	0.89917
241	YEL064C	0.89903
242	YNL010W	0.89898
243	YOR270C	0.89884
244	YLR303W	0.89873
245	YDR039C	0.8987
246	YIL020C	0.89863
247	YER060W	0.89859
248	YBR132C	0.89856
249	YEL060C	0.89855
250	YFR044C	0.89838
251	YOR380W	0.89832
252	YGR055W	0.89828
253	YNL202W	0.89823
254	YML116W	0.89821
255	YER026C	0.89817
256	YGR121C	0.89796
257	YDR038C	0.89784
258	YMR080C	0.8978
259	YDR040C	0.89779
260	YOL038W	0.89761
261	YHR218W-A	0.89733
262	YBL112C	0.89733
263	YIL142W	0.89727
264	YPL175W	0.89726
265	YGL087C	0.8971
266	YIL009W	0.89705
267	YPL234C	0.89702
268	YOR092W	0.89699
269	YMR303C	0.89698
270	YNR055C	0.89665
271	YGL091C	0.8966
272	YIL120W	0.89641
273	YDR046C	0.8963
274	YPR204W	0.89628
275	YLL024C	0.89618
276	YOR316C	0.89609
277	YFR047C	0.89598
278	YGR210C	0.89586
279	YPL204W	0.89584
280	YLR397C	0.89575
281	YPL031C	0.89565
282	YGR060W	0.89548
283	YAL023C	0.89546
284	YHR018C	0.89546
285	YBR145W	0.89523
286	YJR153W	0.89521
287	YJL001W	0.89517
288	YNL329C	0.89506
289	YML012W	0.89503
290	YPL244C	0.895
291	YJR152W	0.89492
292	YER012W	0.89491
293	YNR070W	0.8948
294	YCL009C	0.89473
295	YPL265W	0.89464
296	YDL188C	0.8943
297	YOL119C	0.89427
298	YJL012C	0.89421
299	YKR002W	0.8942
300	YFL045C	0.8942
301	YOR327C	0.89416
302	YIL088C	0.89399
303	YIL166C	0.89378
304	YLR175W	0.89367
305	YPL274W	0.89362
306	YJL128C	0.89354
307	YKL211C	0.89353
308	YER103W	0.89353
309	YGR282C	0.89353
310	YDL052C	0.8935
311	YHR135C	0.89345
312	YGL011C	0.89345
313	YAL060W	0.89342
314	YER020W	0.8934
315	YLR121C	0.89337
316	YPR033C	0.89328
317	YOR108W	0.89321
318	YJR160C	0.89311
319	YNR032C-A	0.89305
320	YBR286W	0.89292
321	YNR013C	0.89287
322	YPL218W	0.89286
323	YJL055W	0.89276
324	YOL163W	0.89268
325	YLR420W	0.89266
326	YNL098C	0.89248
327	YOR388C	0.89212
328	YJL060W	0.89194
329	YEL030W	0.89193
330	YGR123C	0.89192
331	YGL119W	0.89186
332	YEL046C	0.89182
333	YBR068C	0.89181
334	YOL086C	0.8918
335	YJL014W	0.89177
336	YOL066C	0.89174
337	YLL055W	0.89142
338	YBR296C	0.89135
339	YHR032W	0.8913
340	YNR002C	0.89123
341	YOR348C	0.89118
342	YLR120C	0.89103
343	YDL102W	0.89102
344	YCR028C	0.89102
345	YNR026C	0.89098
346	YFL041W	0.89088
347	YJL143W	0.89079
348	YDR090C	0.8907
349	YNL123W	0.89069
350	YJR077C	0.89064
351	YCR010C	0.89051
352	YMR083W	0.89039
353	YPL246C	0.89036
354	YCL073C	0.89022
355	YNL142W	0.89016
356	YLL061W	0.89012
357	YDR508C	0.89009
358	YLR277C	0.89007
359	YDR402C	0.89007
360	YBL111C	0.89003
361	YPL154C	0.89003
362	YNL095C	0.88995
363	YCR008W	0.88984
364	YER007C-A	0.88984
365	YPL051W	0.88975
366	YKR106W	0.8897
367	YDL164C	0.88968
368	YOL122C	0.88968
369	YLR058C	0.88964
370	YJR001W	0.88959
371	YNL104C	0.88958
372	YOR306C	0.88945
373	YNL231C	0.88933
374	YKL210W	0.88926
375	YPR176C	0.88906
376	YPL058C	0.88899
377	YGR229C	0.88879
378	YPR194C	0.88875
379	YMR226C	0.88865
380	YGR289C	0.88862
381	YDL126C	0.88856
382	YHR050W	0.88842
383	YDL108W	0.88819
384	YBR218C	0.88818
385	YPR051W	0.88816
386	YBR019C	0.88812
387	YCR009C	0.88792
388	YGL062W	0.88791
389	YLL028W	0.88789
390	YNL209W	0.88788
391	YER089C	0.88787
392	YER125W	0.88785
393	YPL111W	0.88781
394	YHR057C	0.88773
395	YLR208W	0.88763
396	YCR073W-A	0.8876
397	YGR185C	0.88759
398	YDL100C	0.88754
399	YDR404C	0.88748
400	YLR213C	0.88747
401	YKL001C	0.88745
402	YJL026W	0.88744
403	YNL274C	0.88735
404	YPL276W	0.88731
405	YDR304C	0.88718
406	YHL036W	0.88703
407	YOL158C	0.88697
408	YPR145W	0.88691
409	YJL034W	0.88672
410	YDL247W	0.8866
411	YGR175C	0.88657
412	YDR541C	0.88651
413	YOR347C	0.88651
414	YOL132W	0.88636
415	YLL018C	0.88615
416	YNL154C	0.88609
417	YFR053C	0.88608
418	YLR244C	0.88587
419	YKL216W	0.88583
420	YHR074W	0.88579
421	YDR111C	0.88566
422	YBR020W	0.8856
423	YGL120C	0.8856
424	YDR294C	0.88556
425	YGR028W	0.88552
426	YOR095C	0.8855
427	YGL253W	0.88549
428	YLR433C	0.88546
429	YDR481C	0.88545
430	YMR301C	0.88544
431	YOL090W	0.88536
432	YOR089C	0.88532
433	YER145C	0.8853
434	YBR291C	0.88523
435	YEL036C	0.88515
436	YDL131W	0.88502
437	YOR202W	0.88493
438	YLR375W	0.88481
439	YDL229W	0.88479
440	YNR053C	0.88472
441	YOR131C	0.88468
442	YJR045C	0.88467
443	YLR017W	0.88461
444	YOR101W	0.88458
445	YOR323C	0.88447
446	YDR454C	0.88438
447	YGL039W	0.88433
448	YML057W	0.8843
449	YBR154C	0.8843
450	YDL097C	0.88429
451	YBR249C	0.88429
452	YOR128C	0.88421
453	YBR001C	0.88419
454	YBR088C	0.88414
455	YOL030W	0.88406
456	YEL041W	0.88381
457	YER090W	0.88376
458	YER019W	0.88356
459	YGR124W	0.88353
460	YER086W	0.88349
461	YDR519W	0.88348
462	YBL036C	0.88341
463	YGR138C	0.88334
464	YDR540C	0.88331
465	YBR034C	0.88328
466	YDR155C	0.88327
467	YER015W	0.88322
468	YBR143C	0.88322
469	YNR034W	0.88321
470	YGL224C	0.88314
471	YAL067C	0.88309
472	YEL011W	0.88303
473	YDL238C	0.88298
474	YLL067C	0.8829
475	YHR005C	0.88285
476	YKL120W	0.88279
477	YLR355C	0.88277
478	YMR205C	0.88277
479	YIR027C	0.88276
480	YIL003W	0.88271
481	YGR224W	0.8827
482	YGR267C	0.88264
483	YLR193C	0.8826
484	YDR062W	0.88259
485	YDL138W	0.88258
486	YFL056C	0.88256
487	YHR025W	0.88247
488	YLR070C	0.8824
489	YML069W	0.88239
490	YGL026C	0.88238
491	YGR281W	0.88237
492	YPL259C	0.88234
493	YLR005W	0.88234
494	YER190W	0.88225
495	YDR373W	0.88223
496	YLR330W	0.88216
497	YKR038C	0.88212
498	YDL095W	0.88197
499	YOR357C	0.88196
500	YPR052C	0.88191
501	YOR273C	0.88188
502	YOR241W	0.8817
503	YAL030W	0.88168
504	YAL061W	0.88166
505	YLR152C	0.88164
506	YJL198W	0.88164
507	YAL012W	0.88155
508	YLR347C	0.88154
509	YBL091C	0.88151
510	YGL100W	0.88135
511	YPL221W	0.88133
512	YPL028W	0.88133
513	YNL021W	0.8813
514	YGR218W	0.88127
515	YER099C	0.88111
516	YGR231C	0.88111
517	YPL208W	0.88105
518	YCL018W	0.8809
519	YDL201W	0.88087
520	YNL044W	0.88077
521	YHR110W	0.88063
522	YOR003W	0.88062
523	YJR143C	0.88057
524	YPL061W	0.88056
525	YMR253C	0.88054
526	YER057C	0.88052
527	YCR053W	0.88048
528	YLR134W	0.88045
529	YML008C	0.88045
530	YDR291W	0.88042
531	YML080W	0.8804
532	YOL092W	0.88036
533	YIL162W	0.88025
534	YMR120C	0.8801
535	YDL243C	0.88006
536	YLL056C	0.87989
537	YCR057C	0.8797
538	YDL194W	0.87966
539	YCR011C	0.87953
540	YIL053W	0.87937
541	YKR050W	0.87928
542	YLR028C	0.87926
543	YAL054C	0.87921
544	YDR135C	0.87918
545	YMR008C	0.87912
546	YIL064W	0.8791
547	YPR113W	0.87907
548	YNL241C	0.87898
549	YBR153W	0.87897
550	YMR318C	0.87896
551	YDL182W	0.87896
552	YPR156C	0.87885
553	YKL184W	0.87873
554	YKR105C	0.87871
555	YHR144C	0.87867
556	YGR087C	0.87863
557	YNL331C	0.87854
558	YJL035C	0.8785
559	YNL099C	0.87845
560	YHR112C	0.87842
561	YJR105W	0.87825
562	YDR234W	0.87823
563	YJL208C	0.87818
564	YNL132W	0.87817
565	YHR211W	0.87812
566	YGR208W	0.8779
567	YJR159W	0.87788
568	YHR132C	0.87784
569	YLR237W	0.87776
570	YJR124C	0.87765
571	YOL137W	0.87765
572	YIR028W	0.87764
573	YDL055C	0.87747
574	YDL160C	0.87739
575	YBL042C	0.87739
576	YDL246C	0.87731
577	YMR202W	0.87731
578	YLR220W	0.87729
579	YMR300C	0.87718
580	YER185W	0.87718
581	YBR256C	0.87714
582	YML133C	0.87701
583	YLR059C	0.877
584	YIL177C	0.87697
585	YIL148W	0.87696
586	YKR094C	0.87696
587	YLR060W	0.87696
588	YIR042C	0.87694
589	YGL252C	0.87675
590	Q0130	0.87669
591	YLR172C	0.8766
592	YPR103W	0.87659
593	YLL066C	0.8765
594	YHR042W	0.87648
595	YBR295W	0.87646
596	YMR138W	0.87641
597	YJL225C	0.87637
598	YGR197C	0.87634
599	YJR024C	0.87631
600	YPL169C	0.87629
601	YEL058W	0.87626
602	YGL006W	0.87624
603	YGL157W	0.87623
604	YJL094C	0.87622
605	YLR268W	0.87618
606	YLR348C	0.87617
607	YOL112W	0.87612
608	YCR027C	0.87612
609	YNL093W	0.87607
610	YJR072C	0.87604
611	YMR022W	0.87604
612	YPR069C	0.87596
613	YBR159W	0.87566
614	YKR026C	0.87562
615	YPR131C	0.87559
616	YPR003C	0.87556
617	YJL121C	0.87552
618	YPL199C	0.87543
619	YLR055C	0.87534
620	YMR215W	0.87532
621	YMR178W	0.87529
622	YLR044C	0.87522
623	YGR155W	0.87511
624	YDR339C	0.8751
625	YIL010W	0.87509
626	YNL200C	0.87502
627	YGL047W	0.875
628	YKL217W	0.87493
629	YER062C	0.87484
630	YPR035W	0.87484
631	YER166W	0.87463
632	YGR100W	0.87462
633	YDR074W	0.87462
634	YOR236W	0.87456
635	YHR039C	0.87453
636	YFR031C	0.87452
637	YBR035C	0.8745
638	YOR099W	0.87443
639	YBR046C	0.8743
640	YBR006W	0.87425
641	YHR026W	0.87423
642	YMR084W	0.87421
643	YPL184C	0.87421
644	YCR072C	0.87413
645	YIL124W	0.87412
646	YGR240C	0.87409
647	YLR253W	0.87396
648	YEL026W	0.87395
649	YDR328C	0.87385
650	YLR004C	0.87375
651	YBR169C	0.87374
652	YER165W	0.87372
653	YBL068W	0.87371
654	YKL126W	0.87365
655	YMR266W	0.87363
656	YBR214W	0.87362
657	YLR027C	0.87352
658	YOL133W	0.87345
659	YDR047W	0.87342
660	YCL040W	0.8734
661	YNL264C	0.8734
662	YER073W	0.87335
663	YDR448W	0.87334
664	YER152C	0.87331
665	YDR035W	0.87328
666	YLR243W	0.87323
667	YOR192C	0.87317
668	YGR163W	0.87312
669	YGL202W	0.87311
670	YIL160C	0.87299
671	YNR003C	0.87296
672	YDR037W	0.87272
673	YOR321W	0.87271
674	YGR065C	0.87261
675	YNL014W	0.87253
676	YML078W	0.87249
677	YDL155W	0.87249
678	YJR073C	0.87243
679	YHL011C	0.87237
680	YGL234W	0.87237
681	YHR012W	0.87231
682	YMR105C	0.87231
683	YDL222C	0.87223
684	YNL113W	0.87218
685	YBR243C	0.87213
686	YPL236C	0.87211
687	YML106W	0.87207
688	YGR043C	0.872
689	YNL222W	0.87197
690	YJL033W	0.8719
691	YKL107W	0.87179
692	YCR105W	0.87178
693	YHR100C	0.87174
694	YPR167C	0.87165
695	YAL038W	0.87163
696	YGL139W	0.87156
697	YBR038W	0.87152
698	YBR021W	0.87146
699	YOR185C	0.87144
700	YBL089W	0.87144
701	YNR043W	0.87142
702	YHR044C	0.87138
703	YMR305C	0.87134
704	YDR545W	0.87132
705	YOR396W	0.87132
706	YLR467W	0.87132
707	YDR214W	0.87129
708	YOL068C	0.87127
709	YAR050W	0.87125
710	YER053C	0.87123
711	YGR260W	0.87123
712	YER003C	0.87112
713	YBL078C	0.87097
714	YDL046W	0.87091
715	YNL330C	0.8709
716	YHR043C	0.8709
717	YHR013C	0.87085
718	YLR289W	0.87074
719	YJL218W	0.87071
720	YDL174C	0.87059
721	YLR304C	0.87058
722	YHR070W	0.87052
723	YDL022W	0.87049
724	YOL075C	0.87039
725	YOR071C	0.87038
726	YGR019W	0.87036
727	YMR297W	0.87028
728	YEL021W	0.87027
729	YEL051W	0.87023
730	YPL235W	0.87023
731	YPL094C	0.8702
732	YDR270W	0.87015
733	YNL020C	0.87012
734	YIR036C	0.87011
735	YOL060C	0.87004
736	YAL063C	0.86996
737	YKL046C	0.86994
738	YBL105C	0.86987
739	YCR037C	0.86984
740	YPL106C	0.86983
741	YKR056W	0.8698
742	YDR092W	0.86976
743	YFR028C	0.86975
744	YLR153C	0.86975
745	YML038C	0.86965
746	YJL134W	0.86956
747	YNR060W	0.86955
748	YBL039C	0.86953
749	YHR111W	0.86952
750	YKL127W	0.86951
751	YGL097W	0.86949
752	YMR307W	0.86944
753	YNL288W	0.86937
754	YCL030C	0.86937
755	YOR161C	0.86933
756	YEL040W	0.8693
757	YGR125W	0.86927
758	YNL108C	0.86909
759	YDR144C	0.86906
760	YHR047C	0.86877
761	YLR158C	0.86874
762	YLR155C	0.86874
763	YLR157C	0.86874
764	YLR160C	0.86874
765	YOL143C	0.86867
766	YML021C	0.86866
767	YLR245C	0.86857
768	YFR006W	0.86854
769	YNL071W	0.86846
770	YNL135C	0.86828
771	YLR195C	0.86826
772	YGR213C	0.86825
773	YGR211W	0.86814
774	YIL078W	0.86814
775	YLR234W	0.86813
776	YNL082W	0.86808
777	YMR285C	0.86808
778	YAL029C	0.86805
779	YPL129W	0.86803
780	YER143W	0.86802
781	YLL039C	0.86801
782	YIL043C	0.86801
783	YNR032W	0.86795
784	YJR015W	0.86794
785	YOR381W	0.86793
786	YCR068W	0.86791
787	YER136W	0.86787
788	YMR169C	0.86779
789	YLR137W	0.86779
790	YHR048W	0.86778
791	YLR307W	0.86778
792	YLR216C	0.86772
793	YHR200W	0.86767
794	YDR321W	0.86766
795	YEL020C	0.86759
796	YLR189C	0.86758
797	YMR278W	0.86756
798	YBR015C	0.86755
799	YGR256W	0.86749
800	YBR069C	0.86741
801	YER107C	0.86739
802	YHR002W	0.86732
803	YMR210W	0.8673
804	YEL047C	0.86728
805	Q0085	0.86725
806	YGR279C	0.86724
807	YLR241W	0.86719
808	YJR025C	0.86713
809	YBR264C	0.86711
810	YLR011W	0.86711
811	YOR006C	0.86711
812	YDL103C	0.86701
813	YDR238C	0.867
814	YDL144C	0.86699
815	YOR027W	0.86696
816	YNL275W	0.86692
817	YPR192W	0.86688
818	YLR170C	0.8668
819	YOR187W	0.86678
820	YOR283W	0.86676
821	YDL236W	0.86676
822	YOR087W	0.86674
823	YBR196C	0.86671
824	YNL339C	0.86665
825	YIL109C	0.86659
826	YDR408C	0.86657
827	YPL283C	0.86655
828	YGR296W	0.86655
829	YJR116W	0.86648
830	YFR009W	0.86645
831	YHR031C	0.86644
832	YDR438W	0.8664
833	YNL259C	0.86636
834	YDR158W	0.8663
835	YCR017C	0.86629
836	YOL157C	0.86626
837	YBR263W	0.86618
838	YHR163W	0.86613
839	YLR209C	0.86609
840	YBR003W	0.86608
841	YMR113W	0.86605
842	YDR516C	0.86596
843	YBR121C	0.86595
844	YPL091W	0.86588
845	YOL097C	0.8658
846	YOL020W	0.86572
847	YHR029C	0.86571
848	YLR249W	0.86563
849	YLR354C	0.86552
850	YGL186C	0.86547
851	YOL002C	0.86547
852	YOR142W	0.86536
853	YKL157W	0.86532
854	YKL004W	0.86517
855	YDR415C	0.86514
856	YHL003C	0.86514
857	YBR109C	0.86511
858	YKL151C	0.8651
859	YOR362C	0.86492
860	YLR293C	0.86489
861	YPL227C	0.86487
862	YJL155C	0.86486
863	YGL200C	0.86486
864	YGL002W	0.86485
865	YMR203W	0.86484
866	YHR064C	0.86481
867	YNL141W	0.86477
868	YGL190C	0.86474
869	YFR055W	0.8647
870	YKL197C	0.86465
871	YGR287C	0.86461
872	YHR183W	0.86454
873	YFR014C	0.86452
874	YDR297W	0.86452
875	YKR053C	0.86447
876	YBR089C-A	0.86446
877	YEL066W	0.86432
878	YCL069W	0.86423
879	YKR068C	0.86422
880	YOR122C	0.86411
881	YJL221C	0.86391
882	YIL172C	0.86391
883	YJR103W	0.86371
884	YPR081C	0.86367
885	YMR170C	0.86359
886	YIR035C	0.86359
887	YGL221C	0.86356
888	YIL001W	0.86356
889	YML022W	0.86351
890	YHR190W	0.8635
891	YOR351C	0.86348
892	YPL006W	0.86348
893	YIR029W	0.86346
894	YPL153C	0.86343
895	YDR456W	0.8634
896	YFR048W	0.86337
897	YOR374W	0.86336
898	YJL008C	0.86333
899	YBL071W-A	0.86325
900	YLR369W	0.86322
901	YCR023C	0.8632
902	YMR271C	0.8632
903	YPR193C	0.86318
904	YGL114W	0.86318
905	YKL213C	0.86318
906	YLR377C	0.86299
907	YNR015W	0.86284
908	YMR071C	0.86282
909	YMR062C	0.86272
910	YKL069W	0.86248
911	YPR002W	0.86248
912	YER183C	0.86244
913	YKL027W	0.86242
914	YDR510W	0.8624
915	YBR265W	0.86236
916	YKL144C	0.86226
917	YAR002C-A	0.86223
918	YKL078W	0.8622
919	YBL024W	0.86216
920	YNR064C	0.86214
921	YHR019C	0.86213
922	YBR180W	0.86206
923	YKR104W	0.862
924	YGR248W	0.86188
925	YPR019W	0.86186
926	YDR264C	0.86183
927	YLR262C	0.86181
928	YLR200W	0.8618
929	YLR451W	0.86178
930	YGL201C	0.86171
931	YBR261C	0.86169
932	YAR035W	0.86163
933	YOL084W	0.8615
934	YHR065C	0.86148
935	YOL064C	0.86147
936	YOR217W	0.86145
937	YNL065W	0.86144
938	YPL015C	0.86142
939	YLR285W	0.86139
940	YMR238W	0.86138
941	YOR126C	0.86126
942	YDL084W	0.86119
943	YBR139W	0.86115
944	YGL156W	0.86114
945	YNL229C	0.86112
946	YIR022W	0.86108
947	YBR208C	0.86103
948	YMR236W	0.861
949	YGL012W	0.86098
950	YOL011W	0.86094
951	YDR368W	0.8609
952	YOL055C	0.86087
953	YDR226W	0.86086
954	YMR167W	0.86084
955	YLR146C	0.86083
956	YOL034W	0.86079
957	YJR131W	0.86072
958	YDR140W	0.86072
959	YML102W	0.86072
960	YJL216C	0.86071
961	YKR102W	0.86069
962	YDR331W	0.86063
963	YKR009C	0.8606
964	YBR078W	0.86035
965	YHR046C	0.8603
966	YER175C	0.86027
967	YIL094C	0.8602
968	YJL212C	0.86018
969	YJR155W	0.86003
970	YJR096W	0.85999
971	YPR062W	0.85997
972	YLR286C	0.85996
973	YDL205C	0.85994
974	YNR050C	0.85987
975	YDR533C	0.85979
976	YGR105W	0.85977
977	YOR120W	0.85975
978	YPL231W	0.85974
979	YAL049C	0.85973
980	YGR094W	0.85973
981	YDR120C	0.85967
982	YDR287W	0.85965
983	YIR002C	0.85963
984	YNL066W	0.85955
985	YLL060C	0.85953
986	YER023W	0.8595
987	YIL033C	0.85941
988	YDL029W	0.85937
989	YKR001C	0.85937
990	YBR106W	0.85934
991	YPL093W	0.85926
992	YMR217W	0.85926
993	YDR002W	0.85918
994	YDL124W	0.85914
995	YBR166C	0.85905
996	YKL220C	0.85884
997	YGR189C	0.85867
998	YDR267C	0.85867
999	YBL056W	0.85866
1000	YBR073W	0.85857
1001	YPR011C	0.85856
1002	YML121W	0.85853
1003	YLR324W	0.85842
1004	YKR013W	0.85838
1005	YNL130C	0.85836
1006	YNR019W	0.85832
1007	YBR170C	0.85824
1008	YLR056W	0.85822
1009	YBR087W	0.85813
1010	YHR024C	0.85812
1011	YPL226W	0.85803
1012	YOR163W	0.85802
1013	YPL245W	0.8579
1014	YKL113C	0.85789
1015	YER110C	0.85778
1016	YAL053W	0.85775
1017	YJL030W	0.85755
1018	YIR037W	0.85747
1019	YLR014C	0.85739
1020	YCL010C	0.85736
1021	YBL011W	0.85736
1022	YNL287W	0.8573
1023	YKL035W	0.85727
1024	YMR323W	0.85727
1025	YAR073W	0.85725
1026	YGR200C	0.85724
1027	YOR393W	0.85723
1028	YPL281C	0.85723
1029	YMR224C	0.85717
1030	YEL038W	0.85714
1031	YNL244C	0.85713
1032	YEL052W	0.85712
1033	YDR093W	0.85703
1034	YDR109C	0.85689
1035	YKL221W	0.85685
1036	YDR023W	0.85684
1037	YGL017W	0.85681
1038	YOR011W	0.85678
1039	YGR199W	0.8567
1040	YGR253C	0.85661
1041	YOR004W	0.8566
1042	YJL087C	0.85657
1043	YNL101W	0.85648
1044	YER070W	0.8564
1045	YDL036C	0.85637
1046	YHL050C	0.85633
1047	YBR037C	0.85621
1048	YMR250W	0.85615
1049	YLR351C	0.85613
1050	YEL071W	0.85612
1051	YFL057C	0.8561
1052	YDR185C	0.85609
1053	YDR009W	0.85598
1054	YLL029W	0.85594
1055	YJL116C	0.85594
1056	YPR110C	0.85591
1057	YPL212C	0.8558
1058	YML075C	0.85574
1059	YLR210W	0.85562
1060	YLR382C	0.8556
1061	YJL079C	0.85551
1062	YLR398C	0.85547
1063	YCR059C	0.85545
1064	YNR065C	0.85545
1065	YKL003C	0.85543
1066	YGL163C	0.85534
1067	YLR069C	0.85532
1068	YEL004W	0.8553
1069	YOR311C	0.85521
1070	YDR257C	0.8551
1071	YCR107W	0.8551
1072	YML086C	0.85509
1073	YOL125W	0.85503
1074	YGL148W	0.855
1075	YDR139C	0.85494
1076	YBR252W	0.85491
1077	YOR109W	0.8549
1078	YKL094W	0.85486
1079	YBL057C	0.8548
1080	YDR388W	0.85479
1081	YDL007W	0.85475
1082	YJL068C	0.85471
1083	YIL145C	0.85464
1084	YJR107W	0.85462
1085	YER159C	0.85458
1086	YML014W	0.8544
1087	YPL258C	0.85436
1088	YPR181C	0.85431
1089	YOR307C	0.85423
1090	YDL230W	0.85419
1091	YFR004W	0.85409
1092	YGR031W	0.85405
1093	YBR220C	0.85404
1094	YGL078C	0.85403
1095	YLR231C	0.85401
1096	YKR014C	0.85399
1097	YOR159C	0.85397
1098	YJR017C	0.8539
1099	YIL155C	0.85386
1100	YNL293W	0.85381
1101	YPR128C	0.85379
1102	YBR117C	0.85377
1103	YFL017C	0.85365
1104	YOL130W	0.85364
1105	YMR006C	0.85361
1106	YBR221C	0.85358
1107	YDR098C	0.85352
1108	YKL152C	0.8534
1109	YEL034W	0.85338
1110	YMR235C	0.85331
1111	YBR245C	0.8533
1112	YDR019C	0.8533
1113	YKL114C	0.85327
1114	YML124C	0.85322
1115	YDR007W	0.85321
1116	YOL124C	0.8531
1117	YHR205W	0.85303
1118	YGR244C	0.85297
1119	YLR126C	0.85289
1120	YDR033W	0.85289
1121	YMR054W	0.85288
1122	YHR129C	0.85275
1123	YDR483W	0.85268
1124	YOL080C	0.85266
1125	YPL275W	0.85266
1126	YAR015W	0.85265
1127	YLR259C	0.85254
1128	YMR288W	0.85251
1129	YOR196C	0.85243
1130	YAR042W	0.85243
1131	YOR117W	0.85238
1132	YDR055W	0.85235
1133	YMR268C	0.85232
1134	YJR139C	0.85224
1135	YDR258C	0.85222
1136	YOR246C	0.85212
1137	YBR198C	0.85209
1138	YMR315W	0.85207
1139	YDR522C	0.85194
1140	YOR291W	0.85192
1141	YHR037W	0.85191
1142	YMR145C	0.85185
1143	YOR168W	0.85184
1144	YGR246C	0.85179
1145	YOR384W	0.85178
1146	YIL066C	0.85169
1147	YMR220W	0.85169
1148	YNL194C	0.85163
1149	YPR054W	0.85161
1150	YAL042W	0.85155
1151	YPL046C	0.8515
1152	YER174C	0.85149
1153	YDR127W	0.85129
1154	YLR129W	0.85128
1155	YPR180W	0.85124
1156	YBR242W	0.85102
1157	YPR058W	0.85099
1158	YFL053W	0.85098
1159	YMR183C	0.85096
1160	YGR264C	0.85095
1161	YFR015C	0.85094
1162	YDR465C	0.85072
1163	YDR424C	0.8507
1164	YOR391C	0.85066
1165	YAR007C	0.85066
1166	YGR292W	0.85065
1167	YDR083W	0.85065
1168	YHR123W	0.85063
1169	YMR244W	0.85062
1170	YDR177W	0.85056
1171	YGL099W	0.85044
1172	Q0250	0.85041
1173	YJL217W	0.85031
1174	YML070W	0.85025
1175	YLR291C	0.85021
1176	YPL010W	0.85016
1177	YGR135W	0.85008
1178	YML092C	0.85001
1179	YDL042C	0.84998
1180	YLR214W	0.84997
1181	YGL208W	0.84986
1182	YDR378C	0.84979
1183	YKL039W	0.84976
1184	YBR115C	0.84973
1185	YKR042W	0.84973
1186	YKL161C	0.84972
1187	YOR358W	0.84968
1188	YBR299W	0.84961
1189	YFR010W	0.8496
1190	YOR222W	0.84959
1191	YPL224C	0.84952
1192	YBR111C	0.84944
1193	YNR057C	0.84939
1194	YMR222C	0.84939
1195	YOR243C	0.84938
1196	YDR300C	0.84933
1197	YOR084W	0.84931
1198	YDR058C	0.84927
1199	YBR054W	0.84915
1200	YPL280W	0.84914
1201	YLR432W	0.84913
1202	YJL145W	0.84911
1203	YJL172W	0.84909
1204	YPR025C	0.84903
1205	YER006W	0.84899
1206	YER036C	0.84897
1207	YDR384C	0.84895
1208	YML085C	0.84893
1209	YMR104C	0.84891
1210	YLR188W	0.8489
1211	YDR272W	0.84889
1212	YKR055W	0.84882
1213	YBR029C	0.8488
1214	YPR073C	0.84876
1215	YKL091C	0.84875
1216	YML079W	0.84872
1217	YMR155W	0.84869
1218	YPL183C	0.84869
1219	YHR069C	0.84868
1220	YJL171C	0.84861
1221	YPR118W	0.8486
1222	YJL093C	0.84859
1223	YKR018C	0.84859
1224	YCR045C	0.84851
1225	YBR234C	0.8485
1226	YDR477W	0.84847
1227	YDL178W	0.84847
1228	YBR137W	0.84844
1229	YOL016C	0.84842
1230	YGL055W	0.84842
1231	YKL145W	0.84839
1232	YML056C	0.84837
1233	YBR127C	0.84836
1234	YER179W	0.84835
1235	YHR107C	0.84834
1236	YNR048W	0.84833
1237	YDR338C	0.84832
1238	YNL255C	0.84832
1239	YML094W	0.84831
1240	YDR398W	0.84831
1241	YOR335C	0.8483
1242	YGL130W	0.84829
1243	YJL200C	0.84827
1244	YJR069C	0.84826
1245	YJR130C	0.84823
1246	YNR027W	0.84822
1247	YGR001C	0.84822
1248	YOL153C	0.84822
1249	YFL030W	0.8482
1250	YIL039W	0.84819
1251	YAR018C	0.84811
1252	YFL018C	0.84797
1253	YOL140W	0.84785
1254	YGL048C	0.84784
1255	YMR239C	0.84779
1256	YMR322C	0.84777
1257	YNL037C	0.84772
1258	YER013W	0.84771
1259	YGR048W	0.84768
1260	YJR032W	0.84758
1261	YLR343W	0.84746
1262	YPL214C	0.84743
1263	YOR224C	0.84737
1264	YOL115W	0.84733
1265	YFR030W	0.84731
1266	YMR027W	0.8473
1267	YJL024C	0.84729
1268	YPR041W	0.84724
1269	YLR429W	0.84716
1270	YMR099C	0.84716
1271	YGR007W	0.84709
1272	YDR397C	0.84704
1273	YBR192W	0.84701
1274	YJL088W	0.84694
1275	YLR181C	0.84687
1276	YDR394W	0.84682
1277	YLL001W	0.84673
1278	YPR004C	0.84673
1279	YMR304W	0.84672
1280	YPL160W	0.84657
1281	YLR089C	0.84656
1282	YIL051C	0.84642
1283	YDR280W	0.84642
1284	YNL064C	0.84632
1285	YDL057W	0.84626
1286	YBR248C	0.84624
1287	YCL035C	0.84622
1288	YLR410W	0.84621
1289	YAL016W	0.84617
1290	YLR168C	0.84616
1291	YOR184W	0.84616
1292	YGL070C	0.84606
1293	YPR107C	0.84598
1294	YAL044W-A	0.84584
1295	YFL050C	0.84578
1296	YER017C	0.84576
1297	YOR304W	0.84571
1298	YIL123W	0.84571
1299	YMR308C	0.84571
1300	YNL003C	0.8457
1301	YCR061W	0.84568
1302	YCR021C	0.84568
1303	YKR097W	0.84566
1304	YNL061W	0.84553
1305	YBR061C	0.84545
1306	YHL039W	0.84544
1307	YNL016W	0.84543
1308	YIR026C	0.84535
1309	YBR002C	0.84533
1310	YMR296C	0.84528
1311	YKL193C	0.84526
1312	YOR262W	0.84525
1313	YDL147W	0.8452
1314	YML115C	0.8452
1315	YJL125C	0.84517
1316	YFR021W	0.84516
1317	YMR292W	0.84512
1318	YNL307C	0.84507
1319	YMR001C	0.845
1320	YOR339C	0.84485
1321	YLR258W	0.84466
1322	YJR057W	0.84453
1323	YAL022C	0.8444
1324	YDL064W	0.8444
1325	YHR027C	0.84434
1326	YIR023W	0.8443
1327	YOR155C	0.84428
1328	YKR024C	0.84428
1329	YLR138W	0.84426
1330	YDR148C	0.84422
1331	YDR050C	0.84413
1332	YKR043C	0.84412
1333	YPR108W	0.84405
1334	YGR004W	0.84403
1335	YLR384C	0.84396
1336	YBL050W	0.84395
1337	YJR144W	0.84394
1338	YOR049C	0.84394
1339	YPL122C	0.84393
1340	YER190C-A	0.84388
1341	YGR296C-A	0.84388
1342	YML133W-A	0.84388
1343	YPL283W-A	0.84388
1344	YNL339W-A	0.84388
1345	YGL028C	0.84382
1346	YIL099W	0.84375
1347	YLL027W	0.8437
1348	YDL208W	0.8437
1349	YOR259C	0.84368
1350	YDR452W	0.84363
1351	YIR019C	0.84359
1352	YPR074C	0.84349
1353	YLR186W	0.84348
1354	YPR086W	0.84342
1355	YNL281W	0.84342
1356	YHR028C	0.8434
1357	YPL113C	0.84333
1358	YNL072W	0.84323
1359	YNL335W	0.84321
1360	YFL061W	0.84321
1361	YBR041W	0.84317
1362	YOL059W	0.84314
1363	YPR120C	0.84305
1364	YPL232W	0.84302
1365	YOL139C	0.84301
1366	YGL207W	0.843
1367	YCL074W	0.84296
1368	YOR356W	0.84294
1369	YLR426W	0.84291
1370	YJR070C	0.84282
1371	YBR244W	0.84275
1372	YPL059W	0.84272
1373	YBR011C	0.84263
1374	YGL022W	0.84248
1375	YLR326W	0.84247
1376	YMR262W	0.8424
1377	YIL108W	0.84234
1378	YER027C	0.84232
1379	YPL092W	0.84231
1380	YBL032W	0.84228
1381	YER005W	0.84226
1382	YIL164C	0.84225
1383	YDL140C	0.84223
1384	YGR159C	0.8422
1385	YGR262C	0.84215
1386	YHR216W	0.84214
1387	YAL020C	0.84204
1388	YKL191W	0.84203
1389	YNR020C	0.84201
1390	YBL098W	0.84196
1391	YBR053C	0.8419
1392	YBL106C	0.84189
1393	YCR084C	0.84189
1394	YNL040W	0.84181
1395	YML054C	0.84172
1396	YNL138W	0.84171
1397	YPR186C	0.8416
1398	YLL048C	0.84156
1399	YOR250C	0.84155
1400	YPR160W	0.84151
1401	YKR051W	0.84146
1402	YNL134C	0.84144
1403	YLR147C	0.84138
1404	YBR058C	0.84137
1405	YHR063C	0.84136
1406	YML035C	0.84135
1407	YKL021C	0.84127
1408	YLL057C	0.84122
1409	YDR531W	0.8412
1410	YOL065C	0.84116
1411	YER004W	0.84116
1412	YDR380W	0.84114
1413	YDL085W	0.84112
1414	YGR277C	0.84109
1415	YJR040W	0.84105
1416	YLR308W	0.84104
1417	YBR094W	0.8409
1418	YNL318C	0.84089
1419	YIL103W	0.84086
1420	YIL013C	0.84083
1421	YPR121W	0.8408
1422	YPL151C	0.84075
1423	YOR001W	0.84074
1424	YER168C	0.84072
1425	YDR539W	0.84071
1426	YLR117C	0.84062
1427	YLL026W	0.84059
1428	YDL080C	0.84051
1429	YAL062W	0.8405
1430	YJL041W	0.84039
1431	YDR013W	0.84037
1432	YMR208W	0.84036
1433	YOR086C	0.84034
1434	YER059W	0.84031
1435	YKL059C	0.84031
1436	YGR012W	0.83997
1437	YLR383W	0.83995
1438	YDR211W	0.83991
1439	YMR166C	0.83986
1440	YBR202W	0.83985
1441	YBR293W	0.8398
1442	YBL076C	0.83967
1443	YHR108W	0.8396
1444	YJL002C	0.83959
1445	YOR239W	0.83956
1446	YKL008C	0.83952
1447	YNL175C	0.83944
1448	YJR058C	0.83942
1449	YDL017W	0.83938
1450	YOR175C	0.83938
1451	YIL063C	0.83937
1452	YOR013W	0.83929
1453	YLL034C	0.83927
1454	YJL074C	0.8392
1455	YHR175W	0.83919
1456	YIR039C	0.83918
1457	YOR110W	0.83912
1458	YHR104W	0.83909
1459	YLL058W	0.83908
1460	YML005W	0.83901
1461	YHR020W	0.839
1462	YMR272C	0.83896
1463	YPL134C	0.83894
1464	YOL009C	0.83889
1465	YNL321W	0.83888
1466	YNL334C	0.83883
1467	YNL223W	0.83879
1468	YNR011C	0.83878
1469	YDR167W	0.83875
1470	YHR068W	0.83867
1471	YIR034C	0.83866
1472	YJR013W	0.83861
1473	YNL111C	0.83851
1474	YMR089C	0.8385
1475	YPR159W	0.83849
1476	YPR201W	0.83847
1477	YFL060C	0.83846
1478	YDL101C	0.83841
1479	YLR300W	0.8384
1480	YFR025C	0.83839
1481	YPL237W	0.83834
1482	YLR411W	0.83833
1483	YPL135W	0.83833
1484	YNL323W	0.83832
1485	YKL073W	0.83819
1486	YPR172W	0.8381
1487	YDR492W	0.83809
1488	YBR237W	0.83804
1489	YIL113W	0.838
1490	YLR167W	0.83798
1491	YIL169C	0.83794
1492	YLR251W	0.8378
1493	YGL196W	0.8378
1494	YHR091C	0.83775
1495	YJL111W	0.83759
1496	YPL042C	0.83756
1497	YLR389C	0.83743
1498	YNR008W	0.83742
1499	YNL106C	0.83741
1500	YOR293W	0.83738
1501	YLR412W	0.83735
1502	YLR222C	0.83725
1503	YDR421W	0.83725
1504	YLR399C	0.8372
1505	YLR118C	0.83717
1506	YGL220W	0.83713
1507	YDL135C	0.83707
1508	YPR056W	0.83688
1509	YPR137W	0.83687
1510	YBL061C	0.83685
1511	YLR203C	0.83683
1512	YKL085W	0.83683
1513	YMR101C	0.8368
1514	YGL058W	0.83673
1515	YGL101W	0.83673
1516	YDL104C	0.83672
1517	YIL014W	0.83666
1518	YBL017C	0.83663
1519	YGR083C	0.83663
1520	YDR097C	0.83662
1521	YPL133C	0.83661
1522	YCR048W	0.8366
1523	YNL024C	0.8366
1524	YOL165C	0.83655
1525	YLR345W	0.83646
1526	YDR332W	0.83645
1527	YNL049C	0.83645
1528	YGL137W	0.83642
1529	YDR172W	0.8364
1530	YMR116C	0.83629
1531	YER065C	0.83624
1532	YOR065W	0.83622
1533	YIR012W	0.83615
1534	YPL095C	0.83603
1535	YDR490C	0.83603
1536	YMR095C	0.83585
1537	YNL045W	0.8358
1538	YPR024W	0.83576
1539	YNR012W	0.83568
1540	YDR292C	0.83567
1541	YDL141W	0.83567
1542	YKR066C	0.83559
1543	YLR409C	0.83559
1544	YNR056C	0.83553
1545	YNL207W	0.83551
1546	YDR142C	0.83551
1547	YOR100C	0.83546
1548	YIR031C	0.83541
1549	YJR117W	0.83538
1550	YNL192W	0.83527
1551	YBL023C	0.83526
1552	YGL251C	0.83518
1553	YBR162C	0.83517
1554	YDR400W	0.83517
1555	YLR020C	0.83514
1556	YLR361C	0.8351
1557	YDR063W	0.83509
1558	YBL113C	0.83506
1559	YMR260C	0.83506
1560	YNL237W	0.83505
1561	YDL212W	0.83501
1562	YKL017C	0.83495
1563	YPL043W	0.83493
1564	YCR020C-A	0.83493
1565	YPL171C	0.83488
1566	YDR324C	0.83474
1567	YBR092C	0.83472
1568	YEL032W	0.8347
1569	YMR230W	0.83468
1570	YBL029C-A	0.83466
1571	YKL117W	0.83465
1572	YGR020C	0.83464
1573	YLR446W	0.83464
1574	YLR447C	0.83457
1575	YJR132W	0.83457
1576	YBR096W	0.83453
1577	YML131W	0.83452
1578	YGL205W	0.83451
1579	YBR254C	0.83451
1580	YHL017W	0.8345
1581	YFR018C	0.83448
1582	YER123W	0.83446
1583	YPL012W	0.83446
1584	YML125C	0.83442
1585	YKR070W	0.83442
1586	YBR155W	0.83434
1587	YFL034C-B	0.83432
1588	YMR276W	0.8343
1589	YGR172C	0.83429
1590	YPL187W	0.83427
1591	YIL050W	0.83422
1592	YDR514C	0.83421
1593	YHR210C	0.8342
1594	YMR194C-B	0.83416
1595	YHR148W	0.83415
1596	YDR041W	0.83414
1597	YGR271W	0.83413
1598	YFL001W	0.83412
1599	YBR200W	0.83405
1600	YIL015W	0.83396
1601	YNL168C	0.83396
1602	YOR226C	0.83396
1603	YDR305C	0.83388
1604	YGR092W	0.83388
1605	YLR401C	0.83383
1606	YDL090C	0.83376
1607	YCR002C	0.83369
1608	YPR198W	0.83353
1609	YCL011C	0.83352
1610	YDR116C	0.8335
1611	YIL083C	0.83349
1612	YPR127W	0.83349
1613	YDR263C	0.83349
1614	YOR232W	0.83347
1615	YPR140W	0.83345
1616	YCR036W	0.83344
1617	YHR089C	0.83333
1618	YPR047W	0.83331
1619	YLL009C	0.83331
1620	YIL046W	0.83325
1621	YBR177C	0.83323
1622	YCR094W	0.83319
1623	YOR119C	0.83309
1624	YLR450W	0.83306
1625	YML067C	0.83303
1626	YOR233W	0.83296
1627	YNL312W	0.83294
1628	YJL005W	0.83292
1629	YOR048C	0.83287
1630	YER049W	0.83287
1631	YCR005C	0.83286
1632	YGL241W	0.83285
1633	YMR319C	0.83267
1634	YMR009W	0.83266
1635	YOR118W	0.83265
1636	YKL164C	0.83264
1637	YKR067W	0.83261
1638	YGL171W	0.83259
1639	YFL042C	0.83258
1640	YDR392W	0.83257
1641	YLL015W	0.83246
1642	YDR182W	0.83245
1643	YPR119W	0.83244
1644	YDL193W	0.83244
1645	YBL099W	0.83242
1646	YER176W	0.83239
1647	YFR051C	0.83237
1648	YCR012W	0.83237
1649	YOR040W	0.83234
1650	YHR137W	0.83231
1651	YKR088C	0.8323
1652	YBL007C	0.83227
1653	YPL213W	0.83225
1654	YCL048W	0.83221
1655	YPR104C	0.83219
1656	YOR176W	0.83218
1657	YLL018C-A	0.83218
1658	YDL217C	0.83217
1659	YML126C	0.83201
1660	YNL292W	0.83187
1661	YDR346C	0.83177
1662	YDL019C	0.83177
1663	YHR178W	0.83176
1664	YNR052C	0.83171
1665	YNL022C	0.83165
1666	YGL178W	0.83158
1667	YOR303W	0.83148
1668	YOL023W	0.83146
1669	YFR024C-A	0.83138
1670	YML004C	0.83138
1671	YMR314W	0.83137
1672	YJL163C	0.83134
1673	YLR008C	0.83125
1674	YPL206C	0.83124
1675	YMR090W	0.83121
1676	YFL008W	0.8312
1677	YOL142W	0.83119
1678	YOL113W	0.83113
1679	YCL038C	0.83103
1680	YNL256W	0.83098
1681	YDL037C	0.83093
1682	YOR172W	0.83091
1683	YDL093W	0.83091
1684	YHR005C-A	0.83086
1685	YPR111W	0.83086
1686	YJL190C	0.83086
1687	YER044C	0.83084
1688	YKL135C	0.83076
1689	YJL124C	0.83072
1690	YDL132W	0.83066
1691	YPL140C	0.83066
1692	YIL008W	0.83064
1693	YBL040C	0.83057
1694	YPL082C	0.83053
1695	YDR191W	0.8305
1696	YLR047C	0.8305
1697	YDR352W	0.83047
1698	YNR058W	0.83047
1699	YML072C	0.83045
1700	YLR218C	0.83043
1701	YHR215W	0.8304
1702	YDR243C	0.83036
1703	YGL238W	0.83032
1704	YMR200W	0.83031
1705	YLR086W	0.8303
1706	YNL087W	0.83029
1707	YGL232W	0.83025
1708	YHR179W	0.83019
1709	YOL164W	0.83013
1710	YLR144C	0.83012
1711	YML110C	0.83008
1712	YNR041C	0.83007
1713	YPR157W	0.83005
1714	YOL001W	0.83001
1715	YPR088C	0.83
1716	YAR071W	0.82998
1717	YIR009W	0.82997
1718	YGR021W	0.82996
1719	YGL104C	0.82995
1720	YAL021C	0.82993
1721	YNL025C	0.82991
1722	YMR092C	0.82991
1723	YMR139W	0.82981
1724	YGL206C	0.8298
1725	YNL117W	0.82975
1726	YOR007C	0.82975
1727	YJR151C	0.82974
1728	YEL070W	0.82973
1729	YNR073C	0.82973
1730	YMR088C	0.82971
1731	YGL050W	0.8296
1732	YHR003C	0.82955
1733	YIL065C	0.82949
1734	YER172C	0.82946
1735	YNL299W	0.8294
1736	YKR076W	0.82938
1737	YMR038C	0.82936
1738	YOR151C	0.82936
1739	YER142C	0.82932
1740	YJL196C	0.82932
1741	YER010C	0.82922
1742	YDL207W	0.82917
1743	YCR004C	0.82916
1744	YGR207C	0.82909
1745	YLR405W	0.82888
1746	YCL064C	0.8287
1747	YOR274W	0.8287
1748	YGL068W	0.82867
1749	YDR284C	0.82864
1750	YER061C	0.82861
1751	YJR112W-A	0.8286
1752	YIL075C	0.82857
1753	YBR149W	0.82847
1754	YJR047C	0.82847
1755	YMR177W	0.82845
1756	YNL280C	0.82839
1757	YLR274W	0.82829
1758	YHR124W	0.82827
1759	YDR513W	0.82826
1760	YOR375C	0.82816
1761	YHR168W	0.82815
1762	YGR194C	0.82811
1763	YBR104W	0.82806
1764	YHL032C	0.82804
1765	YGL122C	0.828
1766	YDR411C	0.828
1767	YJL081C	0.82797
1768	YKL128C	0.82796
1769	YLR100W	0.82796
1770	YGL194C	0.82795
1771	YNL056W	0.82789
1772	YLR272C	0.82786
1773	YPR032W	0.82784
1774	YIL168W	0.82783
1775	YLR367W	0.82782
1776	YBR024W	0.82778
1777	YBR183W	0.82776
1778	YOR390W	0.8276
1779	YKL064W	0.8276
1780	YBR093C	0.82758
1781	YGR254W	0.82757
1782	YOR057W	0.82751
1783	YPL117C	0.8275
1784	YCR102C	0.82749
1785	YDR212W	0.82748
1786	YER164W	0.82741
1787	YMR085W	0.82736
1788	YHR176W	0.8273
1789	YNL032W	0.82727
1790	YIL021W	0.8272
1791	YGR195W	0.8271
1792	YJL222W	0.82706
1793	YNR017W	0.82704
1794	YML082W	0.82694
1795	YGL143C	0.82685
1796	YPL088W	0.82684
1797	YJR016C	0.82681
1798	YOL093W	0.82677
1799	YGL105W	0.82676
1800	YGR234W	0.82674
1801	YHR170W	0.82673
1802	YOR209C	0.82669
1803	YKL182W	0.82667
1804	YLR460C	0.82663
1805	YIL173W	0.82663
1806	YDR306C	0.82662
1807	YOR280C	0.82653
1808	YER095W	0.82651
1809	YNR067C	0.82648
1810	YDL018C	0.82643
1811	YLL006W	0.82643
1812	YGR203W	0.82635
1813	YLR284C	0.82634
1814	YDR165W	0.8262
1815	YNL161W	0.82614
1816	YBR042C	0.8261
1817	YGL144C	0.82609
1818	YDL119C	0.82605
1819	YBR236C	0.82602
1820	YNL088W	0.82596
1821	YPL170W	0.82595
1822	YCR051W	0.82587
1823	YDR387C	0.82579
1824	YNR046W	0.82574
1825	YPL110C	0.82574
1826	YBL067C	0.82573
1827	YBL021C	0.82572
1828	YDL109C	0.82567
1829	Q0120	0.82564
1830	YDR170C	0.82563
1831	YGR093W	0.82562
1832	YCL033C	0.82558
1833	YKL051W	0.82558
1834	YBR018C	0.82557
1835	YNL238W	0.82553
1836	YPL279C	0.82548
1837	YKL181W	0.82532
1838	YKL053C-A	0.8253
1839	YFL037W	0.82522
1840	YNL153C	0.8252
1841	YOL098C	0.8251
1842	YOL008W	0.82509
1843	YGR095C	0.82508
1844	YPR006C	0.82505
1845	YLL023C	0.82505
1846	YGR266W	0.82503
1847	YBL001C	0.82501
1848	YOL096C	0.82495
1849	YMR093W	0.82485
1850	YEL039C	0.82483
1851	YBR023C	0.82481
1852	YNL169C	0.82475
1853	YNR071C	0.82474
1854	YLL012W	0.82452
1855	YFL044C	0.8245
1856	YOR034C	0.82446
1857	YMR162C	0.82444
1858	YJL174W	0.82444
1859	YFL052W	0.82443
1860	YNL316C	0.82443
1861	YKR072C	0.82432
1862	YPL008W	0.82432
1863	YOL126C	0.82426
1864	YGR288W	0.82425
1865	YDR045C	0.82423
1866	YFR005C	0.82418
1867	YKR074W	0.82416
1868	YER043C	0.82413
1869	YGL140C	0.82412
1870	YDL078C	0.82412
1871	YPL097W	0.82401
1872	YJL186W	0.82399
1873	YGL084C	0.82393
1874	YIL110W	0.82393
1875	YBR103W	0.82389
1876	YER134C	0.82387
1877	YKR052C	0.82386
1878	YNL232W	0.82384
1879	YHR194W	0.82378
1880	YGR036C	0.82372
1881	YPL220W	0.82368
1882	YGL135W	0.82368
1883	YBR227C	0.82367
1884	YGR276C	0.82364
1885	YPL109C	0.82357
1886	YMR277W	0.82356
1887	YNL243W	0.82355
1888	YCL043C	0.82355
1889	YLR357W	0.82354
1890	YBR101C	0.82348
1891	YDR523C	0.82345
1892	YOL062C	0.82342
1893	YOR298C-A	0.82339
1894	YJR063W	0.82338
1895	YPL262W	0.82334
1896	YML061C	0.82326
1897	YKL178C	0.82319
1898	YLL053C	0.82317
1899	YBR014C	0.82311
1900	YHR181W	0.8231
1901	YGL184C	0.82309
1902	YJR125C	0.82307
1903	YER170W	0.82307
1904	YDL167C	0.82305
1905	YOR018W	0.82304
1906	YCR069W	0.82303
1907	YJR074W	0.82302
1908	YBL082C	0.823
1909	YPL190C	0.82295
1910	YLR178C	0.82294
1911	YEL001C	0.82289
1912	YNL181W	0.82284
1913	YPL176C	0.82283
1914	YDR358W	0.82277
1915	YDR032C	0.82276
1916	YBR205W	0.82276
1917	YLL011W	0.82274
1918	YOR074C	0.8227
1919	YAL048C	0.82265
1920	YDL049C	0.82265
1921	YDR293C	0.8226
1922	YEL037C	0.82257
1923	YJR109C	0.82252
1924	YDL033C	0.8225
1925	YER016W	0.82245
1926	YDR190C	0.8224
1927	YKL067W	0.8224
1928	YDR173C	0.82234
1929	YOR054C	0.82234
1930	YLR386W	0.82232
1931	YJL168C	0.82231
1932	YGL155W	0.82228
1933	YJL183W	0.82227
1934	YLL008W	0.82226
1935	YER098W	0.82222
1936	YGR181W	0.82222
1937	YHR113W	0.8222
1938	YGR029W	0.8222
1939	YML077W	0.82218
1940	YPL060W	0.82216
1941	YKL002W	0.82212
1942	YLR133W	0.82204
1943	YOL129W	0.82201
1944	YJR129C	0.822
1945	YFL028C	0.822
1946	YOR370C	0.82199
1947	YPR112C	0.82198
1948	YER066W	0.82188
1949	YDR100W	0.82183
1950	YMR150C	0.82179
1951	YMR197C	0.82174
1952	YHR120W	0.82174
1953	YBR229C	0.82172
1954	YOR181W	0.82164
1955	YOR162C	0.82159
1956	YCL036W	0.82158
1957	YOR173W	0.82156
1958	YHR051W	0.82152
1959	YNR001C	0.8215
1960	YGR255C	0.82143
1961	YPL030W	0.82143
1962	YHR202W	0.82141
1963	YPL157W	0.82139
1964	YBR274W	0.82135
1965	YFR050C	0.82129
1966	YGL044C	0.82117
1967	YPR149W	0.82117
1968	YKL028W	0.82116
1969	YLR270W	0.82114
1970	YGL037C	0.82105
1971	YPL017C	0.82103
1972	YMR123W	0.82092
1973	YCL047C	0.8209
1974	YOR332W	0.82089
1975	YNL007C	0.82084
1976	YFL048C	0.82083
1977	YHL008C	0.82083
1978	YOR154W	0.82082
1979	YEL006W	0.8208
1980	YPL194W	0.82079
1981	YDL159W	0.82079
1982	YLR046C	0.82076
1983	YIL165C	0.82069
1984	YKL174C	0.82069
1985	YGR024C	0.82065
1986	YHL004W	0.82064
1987	YNR016C	0.82059
1988	YHR009C	0.82058
1989	YIR008C	0.82055
1990	YKL022C	0.82047
1991	YDR479C	0.82046
1992	YFR038W	0.82046
1993	YLL041C	0.82044
1994	YJL059W	0.82043
1995	YDR236C	0.82042
1996	YHR049W	0.82039
1997	YOR206W	0.82037
1998	YBR125C	0.82037
1999	YPR147C	0.82034
2000	YLR143W	0.82028
2001	YOL058W	0.82027
2002	YCR020C	0.82024
2003	YJL080C	0.82008
2004	YGR247W	0.82
2005	YBL018C	0.81999
2006	YJR008W	0.81996
2007	YBL064C	0.81976
2008	YJL042W	0.81954
2009	YKL029C	0.81953
2010	YHR204W	0.81943
2011	YLR108C	0.81942
2012	YJR104C	0.81937
2013	YHR075C	0.81937
2014	YFL067W	0.8193
2015	YNL023C	0.81927
2016	YAL007C	0.81923
2017	YNL206C	0.8192
2018	YBR228W	0.81912
2019	YOR361C	0.81909
2020	YEL056W	0.81908
2021	YGL063W	0.81902
2022	YMR196W	0.81901
2023	YDR051C	0.81897
2024	YGR180C	0.81896
2025	YOL077C	0.81891
2026	YNR033W	0.81884
2027	YGL009C	0.81882
2028	YBL015W	0.81877
2029	YJL129C	0.81872
2030	YPR066W	0.81872
2031	YGL211W	0.81869
2032	YML010W	0.81868
2033	YGL004C	0.81865
2034	YEL002C	0.81863
2035	YNL129W	0.81855
2036	YDR530C	0.8184
2037	YOR079C	0.81834
2038	YBR199W	0.81829
2039	YIL107C	0.81828
2040	YLR078C	0.81824
2041	YGL164C	0.81822
2042	YDR132C	0.81822
2043	YLR452C	0.81812
2044	YML087C	0.8181
2045	YDR336W	0.81806
2046	YDR282C	0.81793
2047	YJL159W	0.81792
2048	YGR111W	0.81788
2049	YEL020W-A	0.81785
2050	YGL027C	0.81783
2051	YLR306W	0.81781
2052	YLR372W	0.81781
2053	YHR161C	0.81779
2054	YHR164C	0.81775
2055	YER146W	0.8177
2056	YDL190C	0.8177
2057	YER120W	0.81752
2058	YAL019W	0.81744
2059	YGL242C	0.81741
2060	YNL048W	0.81737
2061	YAL039C	0.8173
2062	YOR036W	0.8173
2063	YBL019W	0.81729
2064	YAL036C	0.81729
2065	YGL054C	0.81725
2066	YDL177C	0.81717
2067	YJL082W	0.81716
2068	YER162C	0.81713
2069	YDR248C	0.81708
2070	YOR292C	0.81708
2071	YHL026C	0.81703
2072	YDR060W	0.81697
2073	YBR207W	0.81697
2074	YGL045W	0.81696
2075	YER014W	0.81695
2076	YPR080W	0.8169
2077	YDR084C	0.81688
2078	YML065W	0.81683
2079	YJR048W	0.81679
2080	YJR149W	0.81669
2081	YFR022W	0.81664
2082	YHR076W	0.81653
2083	YDR121W	0.81645
2084	YPR124W	0.81642
2085	YIL068C	0.81635
2086	YCR092C	0.81628
2087	YNL298W	0.81626
2088	YKL080W	0.81625
2089	YIL095W	0.81619
2090	YLR083C	0.81618
2091	YGL106W	0.81615
2092	YEL029C	0.81613
2093	YOL073C	0.81613
2094	YDR453C	0.81612
2095	YMR131C	0.81609
2096	YHR191C	0.81604
2097	YOR231W	0.81602
2098	YGR187C	0.81599
2099	YPR190C	0.81596
2100	YLR163C	0.81595
2101	YPR082C	0.81589
2102	YOR272W	0.81588
2103	YIL114C	0.81586
2104	YIR032C	0.81586
2105	YKR095W-A	0.81584
2106	YPR184W	0.81576
2107	YKR069W	0.81576
2108	YNL121C	0.8157
2109	YPL152W	0.8157
2110	YPL179W	0.81567
2111	YBR267W	0.81551
2112	YFR007W	0.8155
2113	YJL133W	0.8155
2114	YGR143W	0.81547
2115	YDL051W	0.81546
2116	YBL091C-A	0.81546
2117	YMR041C	0.81545
2118	YKL194C	0.81543
2119	YDR440W	0.81541
2120	YPL087W	0.81541
2121	YNL102W	0.81535
2122	YPR178W	0.81532
2123	YLR179C	0.8153
2124	YFL034W	0.81527
2125	YCR044C	0.81526
2126	YBR147W	0.81525
2127	YKR062W	0.81514
2128	YHR142W	0.81511
2129	YCL050C	0.81511
2130	YOL141W	0.81505
2131	YGR232W	0.81498
2132	YNL313C	0.81492
2133	YHR072W	0.8149
2134	YPL239W	0.81489
2135	YOR165W	0.81485
2136	YAL009W	0.81482
2137	YKR084C	0.81481
2138	YIL067C	0.81479
2139	YOL049W	0.8147
2140	YDR459C	0.81464
2141	YBR030W	0.81464
2142	YPL145C	0.81463
2143	YGL154C	0.81461
2144	YDR468C	0.81453
2145	YPR034W	0.81445
2146	YKL165C	0.81445
2147	YHR001W	0.81438
2148	YDR441C	0.81434
2149	YJL126W	0.81426
2150	YKR079C	0.81425
2151	YER051W	0.8142
2152	YML118W	0.8142
2153	YKL163W	0.81416
2154	YCL032W	0.81406
2155	YPL116W	0.81404
2156	YIR038C	0.81385
2157	YKL026C	0.81384
2158	YDR067C	0.81383
2159	YGL033W	0.8138
2160	YER037W	0.81379
2161	YDR518W	0.81378
2162	YDR205W	0.81368
2163	YDR162C	0.81366
2164	YDR194C	0.81365
2165	YPR028W	0.81362
2166	YDL014W	0.81356
2167	YDL110C	0.81355
2168	YIL147C	0.81348
2169	YNL063W	0.81348
2170	YOL010W	0.81348
2171	YOR271C	0.81342
2172	YFL009W	0.81341
2173	YGR141W	0.81334
2174	YER141W	0.81332
2175	YHR174W	0.81332
2176	YGR173W	0.81324
2177	YFL054C	0.81322
2178	YBL101C	0.81319
2179	YAL015C	0.81317
2180	YOR090C	0.81312
2181	YMR251W	0.81308
2182	YPR161C	0.81297
2183	YLR335W	0.81295
2184	YIL153W	0.81291
2185	YJR075W	0.8129
2186	Q0065	0.8129
2187	YBR110W	0.81287
2188	YER100W	0.81287
2189	YBR271W	0.81279
2190	YMR228W	0.81276
2191	YGL043W	0.81271
2192	YEL003W	0.81271
2193	YAL046C	0.81269
2194	YOL041C	0.81265
2195	YIL105C	0.8126
2196	YPL195W	0.81247
2197	YNL059C	0.81246
2198	YKL119C	0.81243
2199	YML097C	0.81238
2200	YOR285W	0.81236
2201	YMR078C	0.81232
2202	YHR115C	0.81229
2203	YDL087C	0.81227
2204	YNL155W	0.81217
2205	YHR169W	0.81216
2206	YGR217W	0.81212
2207	YDR393W	0.81212
2208	YPL164C	0.81186
2209	YLR023C	0.81183
2210	YML120C	0.81175
2211	YHL018W	0.81174
2212	YNL251C	0.8117
2213	YDL120W	0.81164
2214	YBL055C	0.81146
2215	YOR219C	0.81144
2216	YOR201C	0.81137
2217	YDR325W	0.81132
2218	YKL222C	0.81132
2219	YDR268W	0.81131
2220	YCR028C-A	0.81131
2221	YJL139C	0.8113
2222	YOR025W	0.81128
2223	YDR430C	0.81126
2224	YNL055C	0.81125
2225	YOR133W	0.81124
2226	YOR258W	0.81121
2227	YPL249C	0.81115
2228	YBR056W	0.81115
2229	YOR056C	0.81113
2230	YCR106W	0.81111
2231	YFL002C	0.81111
2232	YDR390C	0.81104
2233	YPL240C	0.81099
2234	YOR212W	0.81094
2235	YOR125C	0.81092
2236	YFL003C	0.81088
2237	YNL107W	0.81086
2238	YJR078W	0.81078
2239	YPL067C	0.8107
2240	YOR136W	0.81069
2241	YMR229C	0.81059
2242	YPL172C	0.81057
2243	YEL024W	0.81056
2244	YCL045C	0.81052
2245	YFR027W	0.81034
2246	YGR078C	0.81034
2247	YGL112C	0.81033
2248	YPL147W	0.81025
2249	YOR145C	0.81021
2250	YML068W	0.8102
2251	YPL029W	0.81016
2252	YOR286W	0.8101
2253	YDR498C	0.81009
2254	YBR175W	0.81006
2255	YJR035W	0.81005
2256	YOR132W	0.81001
2257	YOR334W	0.80998
2258	YJL179W	0.80995
2259	YDR161W	0.80993
2260	YLR003C	0.80991
2261	YHR151C	0.80989
2262	YOL005C	0.80987
2263	YMR306W	0.80985
2264	YOR070C	0.80984
2265	YGL179C	0.80976
2266	YOL052C	0.80975
2267	YGL095C	0.80974
2268	YBR112C	0.80974
2269	YKL154W	0.80971
2270	YGL056C	0.80968
2271	YDL154W	0.80968
2272	YKL215C	0.80964
2273	YBR176W	0.80964
2274	YOL061W	0.80954
2275	YHR187W	0.80952
2276	YGL173C	0.80944
2277	YGL181W	0.8094
2278	YKR086W	0.80939
2279	YJL178C	0.80937
2280	YCL054W	0.80936
2281	YML052W	0.80933
2282	YPL188W	0.80932
2283	YHL015W	0.80925
2284	YOR016C	0.80921
2285	YHR016C	0.80918
2286	YHR114W	0.80918
2287	YOR141C	0.80899
2288	YNL333W	0.80896
2289	YLR114C	0.80894
2290	YPL001W	0.80889
2291	YOR130C	0.80887
2292	YHR033W	0.80887
2293	YDL202W	0.80885
2294	YDR364C	0.80873
2295	YJR098C	0.80872
2296	YGL243W	0.80871
2297	YDR160W	0.80867
2298	YNL180C	0.80862
2299	YDR419W	0.80859
2300	YKL071W	0.80853
2301	YMR152W	0.80851
2302	YAL035W	0.80849
2303	YNR074C	0.80845
2304	YER156C	0.8084
2305	YMR049C	0.80837
2306	YGR241C	0.8083
2307	YCR034W	0.80829
2308	YOL056W	0.80825
2309	YGL169W	0.80818
2310	YDR349C	0.80818
2311	YJL160C	0.80812
2312	YCR030C	0.80812
2313	YDR145W	0.80809
2314	YCR100C	0.80792
2315	YHR086W	0.80791
2316	YGR261C	0.80784
2317	YDR117C	0.80784
2318	YOL110W	0.80783
2319	YLR085C	0.80779
2320	YOR216C	0.80778
2321	YLR038C	0.80778
2322	YOR021C	0.80771
2323	YOL154W	0.80763
2324	YGR284C	0.80761
2325	YJL036W	0.8076
2326	YGL064C	0.80758
2327	YGL236C	0.80756
2328	YMR186W	0.80744
2329	YBR062C	0.80743
2330	YLR099C	0.80743
2331	YBL102W	0.80738
2332	YPL209C	0.80735
2333	YMR218C	0.80732
2334	YFL059W	0.80724
2335	YDL079C	0.80723
2336	YKR003W	0.80716
2337	YLR276C	0.80715
2338	YLR215C	0.80712
2339	YJR010W	0.80706
2340	YBR017C	0.80705
2341	YBR223C	0.80704
2342	YNL248C	0.80702
2343	YLR421C	0.80701
2344	YPL013C	0.80693
2345	YPR144C	0.80686
2346	YLR340W	0.80684
2347	YLR088W	0.80678
2348	YMR004W	0.80676
2349	YGR257C	0.80669
2350	YAL033W	0.80662
2351	YLR072W	0.80659
2352	YOR052C	0.80648
2353	YJR067C	0.80644
2354	YDL072C	0.8064
2355	YDR061W	0.8063
2356	YGR133W	0.80621
2357	YNR051C	0.80618
2358	YBR251W	0.80617
2359	YFL036W	0.80614
2360	YNL163C	0.80613
2361	YNL320W	0.8061
2362	YOR171C	0.80606
2363	YOR278W	0.806
2364	YBR052C	0.80596
2365	YIL126W	0.80595
2366	Q0045	0.80595
2367	YJR051W	0.80593
2368	YOR111W	0.80584
2369	YMR261C	0.80581
2370	YER078C	0.80573
2371	YBR074W	0.80573
2372	YKL013C	0.80571
2373	YGR032W	0.8056
2374	YDR399W	0.8056
2375	YIL047C	0.80557
2376	YOL155C	0.80553
2377	YER157W	0.80536
2378	YMR102C	0.80534
2379	YLR196W	0.80533
2380	YFL004W	0.80528
2381	YDL063C	0.80525
2382	YLR449W	0.80521
2383	YBR297W	0.80518
2384	YOL043C	0.80517
2385	YIL016W	0.80511
2386	YJR064W	0.80511
2387	YJR154W	0.8051
2388	YMR216C	0.80509
2389	YMR033W	0.80508
2390	YGR131W	0.80497
2391	YPL222W	0.80497
2392	YML101C	0.80496
2393	YJL104W	0.80488
2394	YHR193C	0.80488
2395	YGR162W	0.80483
2396	YPL196W	0.80479
2397	YGL020C	0.80478
2398	YNL220W	0.80469
2399	YDR362C	0.80467
2400	YAL044C	0.80457
2401	YJL010C	0.80457
2402	YOR367W	0.80457
2403	YER163C	0.80456
2404	YHR147C	0.80456
2405	YLR380W	0.80452
2406	YGR193C	0.80451
2407	YBR281C	0.8045
2408	YFL025C	0.8045
2409	YGL065C	0.80449
2410	YPR133C	0.80435
2411	YNL001W	0.80427
2412	YDR189W	0.80427
2413	YPR017C	0.80421
2414	YNL247W	0.80419
2415	YDR330W	0.8041
2416	YPR091C	0.8041
2417	YFL047W	0.80405
2418	YJR014W	0.80403
2419	YGR145W	0.80402
2420	YGR169C	0.80395
2421	YIL034C	0.80391
2422	YGR103W	0.8039
2423	YLL052C	0.80389
2424	YHR206W	0.80386
2425	YNL218W	0.80379
2426	YOR261C	0.80379
2427	YIL007C	0.80368
2428	YLR105C	0.80367
2429	YMR063W	0.80364
2430	YHR201C	0.8035
2431	YLR240W	0.80346
2432	YDL215C	0.80346
2433	YPR196W	0.80344
2434	YOR160W	0.80332
2435	YOL114C	0.80329
2436	YML028W	0.80325
2437	YNL260C	0.80318
2438	YHR166C	0.80317
2439	YDL083C	0.80317
2440	YMR143W	0.80317
2441	YDR313C	0.8031
2442	YDR534C	0.80308
2443	YKL018W	0.80306
2444	YJR019C	0.80304
2445	YOR022C	0.80298
2446	Q0275	0.80297
2447	YER082C	0.80295
2448	YBR213W	0.80294
2449	YMR214W	0.8029
2450	YDR208W	0.80286
2451	YJR076C	0.80279
2452	YGR080W	0.80276
2453	YOR059C	0.80262
2454	YLR239C	0.80261
2455	YMR055C	0.80258
2456	YJR052W	0.80258
2457	YER001W	0.80258
2458	YGL248W	0.80255
2459	YLR248W	0.80251
2460	YJL091C	0.80248
2461	YNL094W	0.80238
2462	YKL209C	0.80235
2463	YJL062W	0.80224
2464	YLR212C	0.80212
2465	YOR002W	0.8021
2466	YDR054C	0.8021
2467	YMR201C	0.80204
2468	YCR101C	0.80203
2469	YBR055C	0.80201
2470	YLR455W	0.80199
2471	YGR268C	0.80192
2472	YLR074C	0.80184
2473	YML074C	0.80184
2474	YNL036W	0.80183
2475	YNL083W	0.80174
2476	YJR133W	0.80169
2477	YKR087C	0.80168
2478	YLR225C	0.80167
2479	YDL004W	0.80166
2480	YPR188C	0.80161
2481	YBR151W	0.80159
2482	YCR096C	0.80153
2483	YMR269W	0.80152
2484	YOR005C	0.80148
2485	YNL317W	0.80148
2486	YOR067C	0.80144
2487	YBR060C	0.80143
2488	YCR079W	0.80136
2489	YNL306W	0.80135
2490	YHR098C	0.80133
2491	YGL240W	0.8013
2492	YIL002C	0.80128
2493	YJL158C	0.80124
2494	YPL096W	0.80122
2495	YDR225W	0.80122
2496	YKR103W	0.80116
2497	YKL140W	0.80116
2498	YBL003C	0.80111
2499	YCL075W	0.80108
2500	YPL101W	0.80106
2501	YHR207C	0.80097
2502	YPL247C	0.80096
2503	YHR121W	0.80096
2504	YOR275C	0.80094
2505	YDL054C	0.80091
2506	YOR341W	0.80088
2507	YDR164C	0.80085
2508	YGL049C	0.80085
2509	YLR318W	0.8008
2510	YHR117W	0.80078
2511	YKL150W	0.8007
2512	YIL125W	0.80066
2513	YKL175W	0.80063
2514	YPL273W	0.80061
2515	YKL201C	0.80048
2516	YDL035C	0.80044
2517	YBR273C	0.80043
2518	YPL004C	0.8004
2519	YKL202W	0.80035
2520	YGL003C	0.80034
2521	YDR487C	0.80031
2522	YJR006W	0.80029
2523	YCR035C	0.80017
2524	YOL006C	0.80016
2525	YLR316C	0.80002
2526	YJL031C	0.8
2527	YKL212W	0.79999
2528	YLR378C	0.79989
2529	YFL031W	0.79977
2530	YOL152W	0.79972
2531	YPR010C	0.79971
2532	YOR134W	0.79963
2533	YLR342W	0.79962
2534	YDL111C	0.7996
2535	YMR132C	0.79959
2536	YGL083W	0.79941
2537	YGL141W	0.79938
2538	YNL240C	0.79932
2539	YLR019W	0.7993
2540	Q0050	0.7993
2541	YPL104W	0.79926
2542	YPL002C	0.7992
2543	YCR060W	0.79916
2544	YLR435W	0.79915
2545	YPL270W	0.7991
2546	YDR107C	0.79909
2547	YDR435C	0.79902
2548	YCR067C	0.79899
2549	YLL036C	0.79884
2550	YOR207C	0.79883
2551	YLL043W	0.79865
2552	YMR244C-A	0.7986
2553	YOR164C	0.79852
2554	YOR256C	0.79847
2555	YGL082W	0.79842
2556	YML051W	0.79838
2557	YJR061W	0.79838
2558	YOL145C	0.79835
2559	YMR321C	0.7983
2560	YGL185C	0.79825
2561	YNL186W	0.79817
2562	YDR436W	0.79815
2563	YLR418C	0.79812
2564	YNL004W	0.79805
2565	YGR204W	0.79804
2566	YKL060C	0.79792
2567	YNL190W	0.79792
2568	YOR251C	0.79788
2569	YOL067C	0.79784
2570	YDR276C	0.79779
2571	YER063W	0.79774
2572	YIL151C	0.79764
2573	YKL103C	0.79762
2574	YJR141W	0.7976
2575	YML042W	0.79756
2576	YPL063W	0.79755
2577	YDR506C	0.79755
2578	YLR022C	0.79744
2579	YDL240W	0.79744
2580	YDR432W	0.79743
2581	YNL119W	0.79743
2582	YBR141C	0.7974
2583	YFR032C	0.79739
2584	YBR210W	0.79735
2585	YLR032W	0.7973
2586	YGR085C	0.79728
2587	YPL022W	0.79712
2588	YHR134W	0.79708
2589	YLR427W	0.79704
2590	YDR391C	0.79694
2591	YIL157C	0.79694
2592	YGL180W	0.79694
2593	YIL006W	0.79693
2594	YIL023C	0.79682
2595	YPL268W	0.7968
2596	YLR390W	0.7968
2597	YOR340C	0.79673
2598	YKR061W	0.79671
2599	YKL160W	0.79665
2600	YJR099W	0.79651
2601	YBR070C	0.79647
2602	YML096W	0.79646
2603	YNL272C	0.7964
2604	YER074W-A	0.79639
2605	YER091C	0.79631
2606	YKL084W	0.79621
2607	YKL139W	0.79621
2608	YDR198C	0.79617
2609	YJL136C	0.79614
2610	YML127W	0.79606
2611	YGR082W	0.79605
2612	YAR003W	0.79604
2613	YMR234W	0.796
2614	YBL008W	0.79589
2615	YPR114W	0.79583
2616	YLR371W	0.79578
2617	YDL200C	0.79574
2618	YNL325C	0.7957
2619	YKL087C	0.79567
2620	YMR110C	0.79565
2621	YOR039W	0.79558
2622	YJR005W	0.79555
2623	YJL137C	0.79553
2624	YGR110W	0.79543
2625	YGR242W	0.79542
2626	YHR088W	0.7954
2627	YGR086C	0.79525
2628	YNR054C	0.79524
2629	YDR427W	0.79519
2630	YKL019W	0.79516
2631	YNL328C	0.79511
2632	YML060W	0.79508
2633	YJR036C	0.79496
2634	YBR283C	0.79496
2635	YNL267W	0.79493
2636	YNL246W	0.79492
2637	YOL057W	0.79487
2638	YHL013C	0.7948
2639	YGR238C	0.79471
2640	YGL067W	0.79468
2641	YIL130W	0.79452
2642	YPL112C	0.79449
2643	YEL019C	0.79446
2644	YHR171W	0.79445
2645	YDL213C	0.79443
2646	YCR042C	0.79438
2647	YIL030C	0.79438
2648	YNL124W	0.79431
2649	YJR142W	0.79431
2650	YLR413W	0.7943
2651	YLR115W	0.79412
2652	YOR301W	0.79408
2653	YOR244W	0.79403
2654	YER080W	0.79402
2655	YAR023C	0.79398
2656	YLR290C	0.79393
2657	YDL231C	0.7939
2658	YPL131W	0.79389
2659	YIL082W-A	0.79389
2660	YLR026C	0.79379
2661	YJL193W	0.79377
2662	YIL091C	0.79366
2663	YPR153W	0.79366
2664	YHL007C	0.79366
2665	YBR146W	0.79365
2666	YOR322C	0.79359
2667	YHR209W	0.79357
2668	YOL123W	0.79354
2669	YOR103C	0.7934
2670	YMR128W	0.79339
2671	YJR010C-A	0.79333
2672	YIL167W	0.79325
2673	YCR075C	0.79322
2674	YJL154C	0.7932
2675	YMR035W	0.7931
2676	YJL097W	0.79307
2677	YHR085W	0.79303
2678	YOR008C	0.79297
2679	YNL239W	0.79296
2680	YML019W	0.79291
2681	YKL033W	0.79273
2682	YMR225C	0.7927
2683	YHR040W	0.79267
2684	YAL001C	0.79264
2685	YAL003W	0.79262
2686	YBR233W	0.79255
2687	YDR312W	0.79252
2688	YPL103C	0.79252
2689	YPR102C	0.79247
2690	YJL106W	0.79247
2691	YOR353C	0.79244
2692	YGR245C	0.79241
2693	YKL207W	0.79239
2694	YJL197W	0.79239
2695	YHR066W	0.79236
2696	YDR174W	0.79234
2697	YDR105C	0.79232
2698	YFL022C	0.79229
2699	YDR395W	0.79224
2700	YKL065C	0.79222
2701	YLR419W	0.79222
2702	YKR017C	0.79203
2703	YDR502C	0.79201
2704	YJR100C	0.79191
2705	YOR254C	0.7919
2706	YNL212W	0.7918
2707	YPR162C	0.79178
2708	YHL035C	0.79177
2709	YOR344C	0.79177
2710	YPL019C	0.7917
2711	YOR330C	0.79167
2712	YNL148C	0.79164
2713	YLR362W	0.79162
2714	YNL062C	0.79159
2715	YGR220C	0.79157
2716	YGR170W	0.79157
2717	YOL018C	0.79156
2718	YLR430W	0.79153
2719	YBR039W	0.79145
2720	YNL118C	0.79145
2721	YKL040C	0.79141
2722	YDR444W	0.79141
2723	YMR020W	0.7914
2724	YLR197W	0.79136
2725	YOR035C	0.79136
2726	YNL219C	0.79132
2727	YMR189W	0.79131
2728	YDR403W	0.7913
2729	YJL165C	0.7913
2730	YKL007W	0.79127
2731	YOR038C	0.79125
2732	YOR296W	0.79124
2733	YDL010W	0.79123
2734	YJL153C	0.7912
2735	YOL111C	0.7912
2736	YFR002W	0.79114
2737	YDL156W	0.7911
2738	YLR045C	0.79102
2739	YLR107W	0.79098
2740	YJL117W	0.79095
2741	YIR007W	0.79095
2742	YOR237W	0.79092
2743	YPL032C	0.79091
2744	YBL013W	0.79089
2745	YIL022W	0.79084
2746	YGL040C	0.79069
2747	YDR237W	0.79065
2748	YHL010C	0.79063
2749	YOL135C	0.79062
2750	YDL039C	0.79061
2751	YJL085W	0.7906
2752	YGL245W	0.79055
2753	YPR023C	0.79055
2754	YNL116W	0.79052
2755	YJL078C	0.79052
2756	YPL125W	0.79038
2757	YDL040C	0.79037
2758	YOR223W	0.79033
2759	YBR028C	0.7903
2760	YDR525W-A	0.79028
2761	YDR386W	0.79027
2762	YLR275W	0.79023
2763	YDR004W	0.79019
2764	YNR029C	0.79012
2765	YMR302C	0.79009
2766	YBR025C	0.79006
2767	YMR114C	0.78999
2768	YHL034C	0.78998
2769	YGR136W	0.78993
2770	YOR377W	0.78981
2771	YBL069W	0.78974
2772	YHL031C	0.78969
2773	YHR077C	0.78966
2774	YNR030W	0.78965
2775	YCL059C	0.78963
2776	YHR158C	0.7895
2777	YJL052W	0.78948
2778	YLR080W	0.78938
2779	YBR246W	0.78935
2780	YGR054W	0.78933
2781	YDR086C	0.78927
2782	YPR048W	0.78926
2783	YGR061C	0.78925
2784	YJL025W	0.78923
2785	YDR188W	0.78922
2786	YPL083C	0.7892
2787	YEL055C	0.78913
2788	YOR265W	0.78913
2789	YNL092W	0.78913
2790	YJR054W	0.78911
2791	YDR428C	0.78908
2792	YOR014W	0.78908
2793	YMR149W	0.78908
2794	YPL072W	0.78902
2795	YOR288C	0.789
2796	YDL143W	0.78893
2797	YER116C	0.7889
2798	YPL100W	0.78877
2799	YHR011W	0.78875
2800	YIL004C	0.78873
2801	YIL140W	0.7887
2802	YGL246C	0.78865
2803	YPL009C	0.78862
2804	YKL081W	0.78861
2805	YER042W	0.78857
2806	YJL072C	0.78855
2807	YER029C	0.78852
2808	YLR116W	0.78852
2809	YJR009C	0.78846
2810	YNL286W	0.78842
2811	YOR215C	0.78839
2812	YLR066W	0.78839
2813	YDR056C	0.78832
2814	YDL105W	0.78832
2815	YOR020C	0.78832
2816	YKL189W	0.78831
2817	YPL215W	0.78815
2818	YKR057W	0.78815
2819	YNL147W	0.78808
2820	YHR034C	0.78807
2821	YGL250W	0.78803
2822	YPL167C	0.78792
2823	YFR041C	0.78792
2824	YML100W	0.78786
2825	YLL062C	0.78786
2826	YDL161W	0.78785
2827	YJL141C	0.78785
2828	YJR135W-A	0.78781
2829	YNL250W	0.78778
2830	YGR263C	0.78773
2831	YLR443W	0.78764
2832	YNL305C	0.78764
2833	YDL185W	0.78763
2834	YDR410C	0.78761
2835	YKL070W	0.78755
2836	YJR137C	0.78749
2837	YLR077W	0.78744
2838	YKR063C	0.78738
2839	YHR080C	0.7873
2840	YKR048C	0.78729
2841	YGL259W	0.78729
2842	YDL195W	0.78719
2843	YDR538W	0.78717
2844	YBL037W	0.78714
2845	YGR223C	0.787
2846	YNL289W	0.78695
2847	YAL051W	0.78691
2848	YGR047C	0.7869
2849	YPR163C	0.78686
2850	YBR084W	0.78685
2851	YOL012C	0.78678
2852	YML025C	0.78674
2853	YGR062C	0.78671
2854	YIL134W	0.78666
2855	YDR517W	0.78666
2856	YPL211W	0.78666
2857	YCR073C	0.78661
2858	YPL053C	0.7866
2859	YJR031C	0.78649
2860	YDL123W	0.78648
2861	YMR096W	0.78648
2862	YJR085C	0.78643
2863	YPR189W	0.78642
2864	YKL012W	0.78636
2865	YJL206C	0.78635
2866	YGR119C	0.78631
2867	YHR039C-A	0.78628
2868	YPL263C	0.78627
2869	YBL058W	0.78627
2870	YER144C	0.78621
2871	YKL098W	0.78614
2872	YJL098W	0.78613
2873	YGL030W	0.78613
2874	YBR185C	0.78606
2875	YNL137C	0.78606
2876	YPR135W	0.78605
2877	YOR394W	0.78601
2878	YPL282C	0.78601
2879	YGL094C	0.786
2880	YBR167C	0.78583
2881	YDR289C	0.7858
2882	YDR080W	0.7858
2883	YLR246W	0.78578
2884	YJL194W	0.78578
2885	YGR192C	0.78575
2886	YOR386W	0.78574
2887	YMR289W	0.78573
2888	YMR231W	0.78572
2889	YIL128W	0.78562
2890	YHR122W	0.78562
2891	YOR213C	0.78562
2892	YMR223W	0.7856
2893	YML031W	0.78559
2894	YHR219W	0.78559
2895	YJL102W	0.78558
2896	YMR010W	0.78556
2897	YFL016C	0.78556
2898	YGR109W-B	0.78551
2899	YPL207W	0.78546
2900	YCL055W	0.78545
2901	YGL183C	0.78543
2902	YCR026C	0.78534
2903	YBL035C	0.78533
2904	YDR434W	0.78529
2905	YGL158W	0.78528
2906	YML098W	0.78527
2907	YOR360C	0.78523
2908	YPL023C	0.78511
2909	YGL212W	0.78509
2910	YGR099W	0.78502
2911	YOR310C	0.78499
2912	YGR005C	0.78499
2913	YPR029C	0.78489
2914	YKR028W	0.78486
2915	YKR021W	0.78483
2916	YKL173W	0.78483
2917	YJR118C	0.78476
2918	YOR245C	0.78473
2919	YJR033C	0.78464
2920	YAR009C	0.78454
2921	YPR169W	0.78448
2922	YJL130C	0.78447
2923	YDR265W	0.78446
2924	YGL203C	0.78445
2925	YDL028C	0.78445
2926	YPR060C	0.78443
2927	YAL018C	0.7844
2928	YGR009C	0.7844
2929	YIL038C	0.78438
2930	YDL122W	0.78432
2931	YPL127C	0.78426
2932	YDL145C	0.78424
2933	YBR105C	0.78422
2934	YDL226C	0.78422
2935	YJL156C	0.78414
2936	YJR084W	0.78411
2937	YIL131C	0.78405
2938	YER182W	0.78403
2939	YNL291C	0.78401
2940	YDL171C	0.78399
2941	YOR156C	0.78397
2942	YOR290C	0.78392
2943	YBR288C	0.78389
2944	YMR310C	0.78387
2945	YBR026C	0.7837
2946	YLR180W	0.78367
2947	YLR002C	0.78365
2948	YGR056W	0.78339
2949	YGR177C	0.78331
2950	YPL024W	0.78331
2951	YFL040W	0.78331
2952	YDR503C	0.78322
2953	YDR031W	0.78322
2954	YDR372C	0.78321
2955	YPL069C	0.7832
2956	YPL137C	0.78313
2957	YHR196W	0.78308
2958	YMR097C	0.78307
2959	YMR127C	0.78306
2960	YDL058W	0.78305
2961	YPL048W	0.783
2962	YDR183W	0.78298
2963	YER151C	0.78288
2964	YEL048C	0.78285
2965	YDR036C	0.78284
2966	YKL192C	0.78253
2967	YDL021W	0.78252
2968	YPR105C	0.78245
2969	YCR019W	0.78241
2970	YOR166C	0.78235
2971	YGR074W	0.78232
2972	YOR369C	0.78231
2973	YLR364W	0.78229
2974	YHR116W	0.78225
2975	YML111W	0.78222
2976	YOR363C	0.78222
2977	YKL187C	0.78206
2978	YDR128W	0.78201
2979	YPL260W	0.78192
2980	YDR286C	0.7819
2981	YPL141C	0.78189
2982	YPL138C	0.78185
2983	YCR071C	0.78185
2984	YDR407C	0.78184
2985	YBL080C	0.78182
2986	YKR060W	0.78175
2987	YBR142W	0.78171
2988	YPR175W	0.78169
2989	YBR186W	0.78167
2990	YBR059C	0.78161
2991	YDR476C	0.7816
2992	YPR179C	0.78158
2993	YGL010W	0.78155
2994	YHL002W	0.78154
2995	YMR165C	0.78152
2996	YOL147C	0.78144
2997	YKL010C	0.78138
2998	YNL047C	0.78135
2999	YNR069C	0.78133
3000	YKR058W	0.7813
3001	YBR158W	0.78129
3002	YLL031C	0.78128
3003	YDR266C	0.78119
3004	YLR456W	0.78119
3005	YNL217W	0.78118
3006	YER154W	0.78104
3007	YMR069W	0.78102
3008	YDL209C	0.7809
3009	YDR288W	0.78089
3010	YDL031W	0.78084
3011	YDR354W	0.78076
3012	YMR275C	0.78074
3013	YOR365C	0.7807
3014	Q0160	0.78068
3015	YDR429C	0.78067
3016	YNR038W	0.78054
3017	YDR224C	0.78051
3018	YBR260C	0.78037
3019	YLR205C	0.78034
3020	YIL150C	0.78023
3021	YBR079C	0.78023
3022	YBL002W	0.7802
3023	YMR002W	0.78017
3024	YKL168C	0.78014
3025	YIL041W	0.7801
3026	YLR016C	0.78004
3027	YOL045W	0.78003
3028	YBR280C	0.78001
3029	YLR287C	0.77996
3030	YNL326C	0.77996
3031	YGL166W	0.77995
3032	YDR311W	0.77991
3033	YGL053W	0.7799
3034	YML055W	0.7799
3035	YHR073W	0.7799
3036	YGR109C	0.77985
3037	YGR117C	0.77977
3038	YKL100C	0.77972
3039	YPL084W	0.77966
3040	YKL095W	0.77966
3041	YKL125W	0.77965
3042	YOR033C	0.77959
3043	YHL014C	0.77958
3044	YLR319C	0.77957
3045	YJR020W	0.77956
3046	YLR207W	0.77951
3047	YOR190W	0.7795
3048	YKR096W	0.77947
3049	YLL010C	0.77942
3050	YOR009W	0.7794
3051	YCL008C	0.7793
3052	YMR312W	0.77926
3053	YNL096C	0.77925
3054	YIR006C	0.77921
3055	YKR071C	0.7792
3056	YLR414C	0.77903
3057	YGL213C	0.77898
3058	YIL096C	0.7789
3059	YNR021W	0.77886
3060	YDL234C	0.77884
3061	YGL198W	0.77884
3062	YDR420W	0.77883
3063	YLR314C	0.77881
3064	YML013W	0.77878
3065	YDL025C	0.77877
3066	YKL096W	0.77877
3067	YKL090W	0.77877
3068	YPL045W	0.77876
3069	YDR409W	0.77867
3070	YGL111W	0.77862
3071	YGR157W	0.77857
3072	YKL142W	0.77851
3073	YHR038W	0.77842
3074	YNL075W	0.77842
3075	YEL016C	0.77825
3076	YDL198C	0.77816
3077	YHR062C	0.77808
3078	YPR154W	0.77808
3079	YPL217C	0.77808
3080	YER002W	0.77807
3081	YPL128C	0.778
3082	YOR295W	0.77789
3083	YBR091C	0.77785
3084	YNL131W	0.77775
3085	YPR098C	0.77772
3086	YHR139C	0.77762
3087	YDL060W	0.7776
3088	YLR103C	0.77759
3089	YDL092W	0.77758
3090	YPL191C	0.77756
3091	YJL011C	0.77743
3092	YGR283C	0.7774
3093	YDR405W	0.7774
3094	YNL035C	0.7773
3095	YBL095W	0.77722
3096	YPR001W	0.77713
3097	YGL014W	0.77713
3098	YOR205C	0.77711
3099	YOR389W	0.77701
3100	YDR496C	0.77694
3101	YGR243W	0.77693
3102	YGR188C	0.77683
3103	YGL089C	0.77679
3104	YGR026W	0.77677
3105	YOL128C	0.77668
3106	YOR211C	0.77668
3107	YDR365C	0.77663
3108	YJR042W	0.77659
3109	YCL016C	0.77658
3110	YMR067C	0.7765
3111	YGR033C	0.77645
3112	YKR081C	0.77645
3113	YCL057W	0.77645
3114	YDR242W	0.7764
3115	YHL012W	0.7764
3116	YGL257C	0.77637
3117	YJR111C	0.77637
3118	YHR192W	0.77618
3119	YHR188C	0.77615
3120	YLR266C	0.77603
3121	YNL258C	0.77601
3122	YDL233W	0.77599
3123	YDR326C	0.77598
3124	YMR309C	0.77596
3125	YHR189W	0.77591
3126	YDR447C	0.77585
3127	YGR154C	0.77582
3128	YPL065W	0.77577
3129	YER101C	0.77572
3130	YLR183C	0.77571
3131	YOR267C	0.77565
3132	YGR285C	0.77564
3133	YDL024C	0.77558
3134	YOR010C	0.77553
3135	YML030W	0.77547
3136	YHR197W	0.77537
3137	YHR162W	0.77537
3138	YNL242W	0.77537
3139	YIL085C	0.77534
3140	YER011W	0.77533
3141	YGL187C	0.77532
3142	YAR008W	0.77532
3143	YER021W	0.77523
3144	YDR122W	0.7752
3145	YNL110C	0.77517
3146	YLR387C	0.77514
3147	YNL327W	0.77504
3148	YOR281C	0.77499
3149	YHR165W-A	0.77494
3150	YOL105C	0.77493
3151	YMR076C	0.77486
3152	YIL171W	0.77482
3153	YNL182C	0.77482
3154	YMR024W	0.77471
3155	YMR188C	0.77466
3156	YKR092C	0.77463
3157	YOL042W	0.77463
3158	YDR256C	0.77462
3159	YPL165C	0.77459
3160	YGL018C	0.77452
3161	YHR186C	0.77441
3162	YKL047W	0.77437
3163	YLR025W	0.77426
3164	YHL019C	0.77424
3165	YNL015W	0.77423
3166	YBR086C	0.7742
3167	YDR020C	0.77419
3168	YHL042W	0.77413
3169	YDL015C	0.7741
3170	YPR200C	0.77407
3171	YGR090W	0.77402
3172	YNL283C	0.77397
3173	YGR128C	0.77396
3174	YLL054C	0.77396
3175	YOR124C	0.77387
3176	YMR287C	0.77387
3177	YDR171W	0.77383
3178	YJL100W	0.77376
3179	YGL216W	0.77371
3180	YLR299W	0.77367
3181	YDR049W	0.77367
3182	YMR291W	0.77361
3183	YML132W	0.77359
3184	YBR302C	0.77359
3185	YDR389W	0.77348
3186	YDR472W	0.77344
3187	YJL046W	0.77333
3188	YHR045W	0.77328
3189	YOR051C	0.77327
3190	YHR084W	0.77326
3191	YIL137C	0.7731
3192	YDR077W	0.77309
3193	YJR161C	0.77308
3194	YOR069W	0.77298
3195	YDR018C	0.77295
3196	YML024W	0.77291
3197	YMR259C	0.77286
3198	YBR204C	0.7728
3199	YGL085W	0.77276
3200	YGL125W	0.7727
3201	YOR077W	0.77267
3202	YIL062C	0.77266
3203	YDL225W	0.77259
3204	YNL252C	0.77255
3205	YDR026C	0.77252
3206	Q0060	0.7725
3207	YKL179C	0.77249
3208	YBL049W	0.77247
3209	YER030W	0.77243
3210	YOR091W	0.77241
3211	YKL132C	0.77234
3212	YDL133W	0.77234
3213	YNL160W	0.77234
3214	YMR180C	0.7723
3215	YHR140W	0.77228
3216	YOL149W	0.77219
3217	YJL006C	0.77218
3218	YPL162C	0.77213
3219	YNL249C	0.77212
3220	YDR006C	0.77202
3221	YDR370C	0.772
3222	YEL012W	0.77189
3223	YPR141C	0.77185
3224	YLR090W	0.77185
3225	YPL064C	0.7718
3226	YFR052W	0.77178
3227	YNL336W	0.77173
3228	YJL065C	0.77167
3229	YDL175C	0.77164
3230	YMR233W	0.77155
3231	YKR089C	0.77153
3232	YHR079C	0.77152
3233	YMR317W	0.77149
3234	YBL104C	0.77147
3235	YGR006W	0.77144
3236	YLR260W	0.77143
3237	YDR152W	0.77141
3238	YJR088C	0.77134
3239	YGR205W	0.77125
3240	YPL252C	0.77124
3241	YMR130W	0.77113
3242	YPL210C	0.77113
3243	YPL148C	0.77112
3244	YPR026W	0.77103
3245	YKR064W	0.77098
3246	YGR101W	0.77092
3247	YNL216W	0.77092
3248	YGR216C	0.77079
3249	YNL067W	0.77079
3250	YBR212W	0.77073
3251	YOR149C	0.7707
3252	YGR066C	0.77058
3253	YGR201C	0.77056
3254	YCR088W	0.77056
3255	YHR041C	0.77055
3256	YDR298C	0.77054
3257	YOL072W	0.77043
3258	YDR247W	0.77042
3259	YGL098W	0.7704
3260	YEL050C	0.77038
3261	YPL020C	0.77034
3262	YNL084C	0.7703
3263	YIL106W	0.77027
3264	YDR512C	0.77026
3265	YHR118C	0.77015
3266	YJR046W	0.76999
3267	YDL165W	0.76992
3268	YBL047C	0.76984
3269	YDR316W	0.7698
3270	YFL029C	0.76977
3271	YEL022W	0.7697
3272	YJR110W	0.76968
3273	YOR180C	0.76964
3274	YIL017C	0.76963
3275	YEL044W	0.7696
3276	YKL116C	0.7696
3277	YGR044C	0.76953
3278	YGR037C	0.7695
3279	YOR017W	0.76945
3280	YOR269W	0.76944
3281	YIL079C	0.76944
3282	YEL023C	0.7693
3283	YOL022C	0.76925
3284	YIL073C	0.7692
3285	YJR097W	0.76919
3286	Q0105	0.76919
3287	YDL081C	0.76916
3288	YML105C	0.76912
3289	YGR209C	0.76911
3290	YDR244W	0.76905
3291	YPL248C	0.76901
3292	YDL248W	0.76896
3293	YEL015W	0.76885
3294	YBL068W-A	0.76881
3295	YKL198C	0.76872
3296	YBR179C	0.76866
3297	YHR081W	0.76857
3298	YDL116W	0.76857
3299	YNL261W	0.76853
3300	YJL053W	0.76851
3301	YMR013C	0.76846
3302	YNL273W	0.76844
3303	YFR037C	0.76842
3304	YCR007C	0.76827
3305	YCL001W-B	0.76825
3306	YPL277C	0.76819
3307	YGL231C	0.76815
3308	YMR126C	0.76815
3309	YDR334W	0.76814
3310	YNR023W	0.76811
3311	YOL116W	0.76808
3312	YBR119W	0.76805
3313	YKL077W	0.76799
3314	YGR070W	0.76796
3315	YGL262W	0.76793
3316	YLR063W	0.76793
3317	YJL096W	0.76788
3318	YDR218C	0.7678
3319	YMR161W	0.76775
3320	YMR263W	0.76765
3321	YDL142C	0.76765
3322	YFR016C	0.76764
3323	YNL185C	0.7674
3324	YBL020W	0.76731
3325	YGL172W	0.7673
3326	YDR527W	0.76729
3327	YMR047C	0.76727
3328	YJR004C	0.76724
3329	YCL004W	0.76721
3330	YML020W	0.76714
3331	YPL074W	0.76707
3332	YNL271C	0.76703
3333	YLR250W	0.76698
3334	YHL024W	0.76697
3335	YKL124W	0.76694
3336	YKL055C	0.7669
3337	YDL059C	0.76685
3338	YOR081C	0.76684
3339	YDR178W	0.7668
3340	YCL026C-B	0.76662
3341	YLR065C	0.76661
3342	YJR121W	0.76659
3343	YER039C-A	0.76653
3344	YOR026W	0.76647
3345	YLR425W	0.76642
3346	YNL085W	0.76632
3347	YJL192C	0.76631
3348	YMR156C	0.76621
3349	YGR166W	0.76618
3350	YJR146W	0.76615
3351	YPR018W	0.76608
3352	YCR087C-A	0.76599
3353	YLR145W	0.76592
3354	YKL032C	0.7659
3355	YIL005W	0.76586
3356	YGR097W	0.76585
3357	YLL051C	0.76577
3358	YGR158C	0.76577
3359	YER068W	0.76576
3360	YJL127C	0.76569
3361	YGR127W	0.76569
3362	YNL177C	0.76562
3363	YDR381W	0.76559
3364	YLR109W	0.76552
3365	YBR022W	0.7655
3366	YLR035C	0.76549
3367	YER007W	0.76531
3368	YCR014C	0.76529
3369	YPR079W	0.76522
3370	YHR052W	0.76521
3371	YDR347W	0.7652
3372	YAL058W	0.76518
3373	YGL016W	0.76509
3374	YGR212W	0.76502
3375	YMR264W	0.765
3376	YJL071W	0.76493
3377	YOL033W	0.7649
3378	YMR281W	0.76489
3379	YJR055W	0.76483
3380	YKL043W	0.76483
3381	YGL147C	0.76482
3382	YGR014W	0.76476
3383	YLR037C	0.76474
3384	YFL062W	0.76474
3385	YOR116C	0.76471
3386	YBR072W	0.76466
3387	YLR166C	0.76465
3388	YMR039C	0.76462
3389	YML090W	0.76462
3390	YOL146W	0.7646
3391	YML130C	0.76451
3392	YPR168W	0.7645
3393	YNL221C	0.76446
3394	YHL046C	0.76443
3395	YGR059W	0.76442
3396	YNL279W	0.76441
3397	YKL045W	0.7644
3398	YEL054C	0.76438
3399	YDR418W	0.76438
3400	YGR149W	0.76433
3401	YGR294W	0.76429
3402	YMR040W	0.76425
3403	YPR037C	0.76422
3404	YMR125W	0.76409
3405	YOR382W	0.76405
3406	YER140W	0.76398
3407	YGR108W	0.76398
3408	YPL155C	0.76383
3409	YCR054C	0.76381
3410	YPL189W	0.7638
3411	YLR206W	0.76376
3412	YDR337W	0.76374
3413	YOR305W	0.76371
3414	YKL015W	0.7637
3415	Q0055	0.76357
3416	YPL115C	0.76354
3417	YJL057C	0.76347
3418	YLR007W	0.76339
3419	YDL008W	0.76338
3420	YEL049W	0.76335
3421	YAR028W	0.76331
3422	YNL322C	0.76328
3423	YDL237W	0.7632
3424	YDR150W	0.76308
3425	YPL098C	0.76307
3426	YDR072C	0.76305
3427	YDR261C	0.76291
3428	YJR126C	0.76291
3429	YKL134C	0.76288
3430	YPR100W	0.76288
3431	YER024W	0.76287
3432	YIL011W	0.76285
3433	YKL009W	0.76285
3434	YJR113C	0.7628
3435	YHR008C	0.76279
3436	YOL102C	0.76272
3437	YLR174W	0.76261
3438	YNR075W	0.76255
3439	YDL203C	0.76248
3440	YDR222W	0.76246
3441	YDR323C	0.76246
3442	YAL014C	0.76237
3443	YPR125W	0.76236
3444	YDR101C	0.76235
3445	YOR096W	0.76229
3446	YNR062C	0.76227
3447	YLR001C	0.76224
3448	YBR097W	0.76218
3449	YOR227W	0.76215
3450	YHR090C	0.76212
3451	YBR301W	0.76208
3452	YAR033W	0.76203
3453	YGL153W	0.76199
3454	YEL062W	0.76199
3455	YHL030W	0.76189
3456	YDR251W	0.76186
3457	YOR112W	0.76184
3458	YDL030W	0.76182
3459	YGL110C	0.76172
3460	YDL091C	0.76172
3461	YLR164W	0.76167
3462	YDL179W	0.76166
3463	YAL002W	0.76163
3464	YOR238W	0.76161
3465	YPL181W	0.7616
3466	YHR203C	0.7615
3467	YJR145C	0.7615
3468	YMR012W	0.76144
3469	YGL261C	0.76142
3470	YAL068C	0.76142
3471	YBL108C-A	0.76142
3472	YER087W	0.76137
3473	YNL073W	0.76128
3474	YKL206C	0.76123
3475	YOR346W	0.76122
3476	YJL123C	0.76114
3477	YMR154C	0.76113
3478	YGR295C	0.76106
3479	YCL034W	0.76105
3480	YLL014W	0.76103
3481	YAR019C	0.76099
3482	YLL025W	0.76092
3483	YMR313C	0.7609
3484	YOL095C	0.76089
3485	YNL128W	0.76082
3486	YDR319C	0.76076
3487	YOR191W	0.76062
3488	YMR325W	0.76053
3489	YGR112W	0.76049
3490	YJL004C	0.76044
3491	YLL064C	0.76041
3492	YNR076W	0.76041
3493	YLR390W-A	0.7604
3494	YLR417W	0.76038
3495	YGR068C	0.76035
3496	YER114C	0.76023
3497	YMR129W	0.76014
3498	YOL076W	0.76012
3499	YJL063C	0.76008
3500	YFL023W	0.76007
3501	YMR173W	0.76007
3502	YIL176C	0.76002
3503	YJL223C	0.76002
3504	YHR214C-B	0.76
3505	YDR137W	0.76
3506	YBR161W	0.75996
3507	YGR003W	0.75988
3508	YCR104W	0.75987
3509	YDL150W	0.75979
3510	YDR365W-B	0.75978
3511	YLR305C	0.75978
3512	YNR018W	0.75977
3513	YBR276C	0.75968
3514	YHR173C	0.75964
3515	YLR337C	0.75962
3516	YMR213W	0.75952
3517	YHR214W	0.75943
3518	YAR066W	0.75943
3519	YDL127W	0.7594
3520	YCR077C	0.75935
3521	YNL263C	0.75929
3522	YMR209C	0.75929
3523	YOL108C	0.75923
3524	YPL132W	0.75914
3525	YDR206W	0.75914
3526	YCL042W	0.75909
3527	YCR039C	0.75904
3528	YCL067C	0.75904
3529	YER105C	0.75901
3530	YGR046W	0.759
3531	YMR087W	0.75896
3532	YDL148C	0.75889
3533	YPR055W	0.75889
3534	YDR168W	0.75889
3535	YMR074C	0.75887
3536	YLR393W	0.75886
3537	YLR461W	0.75886
3538	YFL020C	0.75885
3539	YHL048W	0.75882
3540	YKL203C	0.75879
3541	YDR359C	0.75871
3542	YOL103W-B	0.75862
3543	YMR212C	0.75862
3544	YER138C	0.75862
3545	YKL188C	0.75861
3546	YPR072W	0.7586
3547	YJR034W	0.75857
3548	YPL003W	0.75853
3549	YGL161C	0.75849
3550	YDR542W	0.75837
3551	YDR501W	0.7583
3552	YMR227C	0.75825
3553	YPL257W-B	0.75824
3554	YKL224C	0.75817
3555	YGL038C	0.75808
3556	YLR256W-B/YLR256W-C	0.75805
3557	YML046W	0.75803
3558	YDR301W	0.75803
3559	YGR038C-B	0.75789
3560	YPR143W	0.75788
3561	YJL151C	0.75785
3562	YMR028W	0.75784
3563	YML045W	0.75781
3564	YKL155C	0.7578
3565	YIL026C	0.7578
3566	YMR171C	0.75779
3567	YIR041W	0.75777
3568	YPL119C-A	0.75771
3569	YLR226W	0.75768
3570	YKR025W	0.75766
3571	YLR157C-B	0.75759
3572	YDR098C-B	0.75758
3573	YML032C	0.75753
3574	YPL057C	0.75749
3575	YKL034W	0.75748
3576	YML066C	0.75743
3577	YGL051W	0.75742
3578	YJR027W	0.75736
3579	YAL017W	0.75733
3580	YMR023C	0.75731
3581	YJR091C	0.75722
3582	YBR067C	0.75721
3583	YHR067W	0.75719
3584	YJL029C	0.75719
3585	YKL106W	0.75718
3586	YAL034W-A	0.75717
3587	YDR180W	0.75714
3588	YPR129W	0.75712
3589	YOR075W	0.75699
3590	YAR031W	0.75696
3591	YPR045C	0.75681
3592	YLR323C	0.75667
3593	YOL161C	0.75661
3594	YPR067W	0.75659
3595	YMR265C	0.75658
3596	YGL160W	0.75658
3597	YPR137C-B	0.75654
3598	YDR283C	0.75654
3599	YDR463W	0.75648
3600	YLR093C	0.75646
3601	YHR150W	0.75642
3602	YDR182W-A	0.75639
3603	YGR186W	0.75629
3604	YIL115C	0.75628
3605	YBL045C	0.75616
3606	YNR034W-A	0.75614
3607	YDR134C	0.75612
3608	YJR122W	0.75609
3609	YCR090C	0.75603
3610	YML039W	0.75603
3611	YGR271C-A	0.75602
3612	YGR258C	0.75602
3613	YJR062C	0.75601
3614	YPR115W	0.75599
3615	YGR116W	0.75597
3616	YHL028W	0.75585
3617	YNL173C	0.75584
3618	YBL033C	0.75584
3619	YNL236W	0.75582
3620	YOR320C	0.7557
3621	YMR005W	0.75565
3622	YML049C	0.75558
3623	YGL092W	0.75555
3624	YGR214W	0.75554
3625	YOR299W	0.75552
3626	YDR316W-B	0.75551
3627	YLR096W	0.75539
3628	YBR102C	0.75537
3629	YPL228W	0.75527
3630	YJR022W	0.75526
3631	YDR210C-D	0.75523
3632	YGR161C-D	0.75523
3633	YDR246W	0.75516
3634	YPR158C-D	0.75513
3635	YFL046W	0.75512
3636	YJR029W	0.75508
3637	YLL035W	0.75508
3638	YMR267W	0.75497
3639	YKL167C	0.75495
3640	YMR050C	0.75491
3641	YGL244W	0.7549
3642	YDL160C-A	0.75489
3643	YGR278W	0.75488
3644	YHR199C	0.75488
3645	YOR142W-B	0.75486
3646	YCL052C	0.75485
3647	YNL282W	0.75485
3648	YLR227W-B	0.75481
3649	YDR071C	0.75474
3650	YGR091W	0.7547
3651	YDR003W	0.75466
3652	YDR175C	0.75465
3653	YJL131C	0.75465
3654	YOL071W	0.75464
3655	YBR040W	0.75455
3656	YDR376W	0.75442
3657	YDR147W	0.75441
3658	YHL022C	0.7544
3659	YPL007C	0.75439
3660	YLR097C	0.75436
3661	YNL079C	0.75431
3662	YBL086C	0.75428
3663	YNL012W	0.75427
3664	YPR085C	0.75424
3665	YOR188W	0.75423
3666	YGR178C	0.75421
3667	YDL146W	0.75421
3668	YFR013W	0.75418
3669	YHR198C	0.75417
3670	YGR027W-B	0.7541
3671	YGL233W	0.75394
3672	YIR004W	0.7539
3673	YLL038C	0.75389
3674	YBL066C	0.75389
3675	YLR015W	0.75386
3676	YDR363W	0.7538
3677	YGL116W	0.75379
3678	YLR050C	0.75377
3679	YLR054C	0.75374
3680	YGR171C	0.75374
3681	YML104C	0.75367
3682	YIL104C	0.75359
3683	YDR493W	0.75351
3684	YAL056W	0.75341
3685	YOR253W	0.75341
3686	YLL045C	0.75338
3687	YPR155C	0.75335
3688	YMR068W	0.75331
3689	YBR031W	0.7533
3690	YNR006W	0.75314
3691	YNL278W	0.75314
3692	YPR097W	0.75313
3693	Q0070	0.7531
3694	YAR027W	0.75307
3695	YFL027C	0.75306
3696	YBL038W	0.75306
3697	YBR012W-B	0.75303
3698	YNL310C	0.7529
3699	YGR144W	0.75285
3700	YHR015W	0.75278
3701	YOR138C	0.75277
3702	YMR185W	0.75269
3703	YPR158W-B	0.75259
3704	YJL084C	0.75258
3705	YDR204W	0.75257
3706	YER160C	0.75255
3707	YMR042W	0.75248
3708	YNL193W	0.75246
3709	YGL126W	0.75245
3710	YER064C	0.75242
3711	YMR293C	0.75235
3712	YDR261C-D	0.75219
3713	YOL088C	0.75215
3714	YNL126W	0.75204
3715	YDR460W	0.75199
3716	YML071C	0.75196
3717	YCR089W	0.75192
3718	YLR064W	0.75188
3719	YDR012W	0.75184
3720	YOL148C	0.75184
3721	YCR086W	0.75183
3722	YPR148C	0.75178
3723	YIR001C	0.75173
3724	YOR037W	0.75172
3725	YPR022C	0.75171
3726	YDR524C-B	0.75168
3727	YER117W	0.75167
3728	YBL087C	0.75167
3729	YLR035C-A	0.75162
3730	YLR177W	0.75162
3731	YJR119C	0.75153
3732	YLL019C	0.75151
3733	YNL054W-B	0.75143
3734	YKL006C-A	0.7514
3735	YOL013C	0.75138
3736	YOR383C	0.75134
3737	YOR319W	0.75131
3738	YDR027C	0.75119
3739	YMR044W	0.75118
3740	YKL088W	0.75102
3741	YDL045C	0.75102
3742	YKL121W	0.75098
3743	YNL029C	0.75096
3744	YEL059C-A	0.75091
3745	YPR042C	0.75076
3746	YAL013W	0.75072
3747	YKR082W	0.75071
3748	YGR002C	0.75067
3749	YNR044W	0.75056
3750	YJR150C	0.75055
3751	YEL009C	0.75055
3752	YKL110C	0.75052
3753	YBR201W	0.75051
3754	YBL097W	0.75046
3755	YIL072W	0.75046
3756	YLR336C	0.75044
3757	YGL129C	0.75036
3758	YCR091W	0.75031
3759	YJR090C	0.75018
3760	YLR199C	0.75018
3761	YER128W	0.75004
3762	YGR096W	0.74992
3763	YOR143C	0.74988
3764	YER127W	0.74985
3765	YKL005C	0.74984
3766	YKL089W	0.7498
3767	YBL005W-B	0.74979
3768	YLR191W	0.7497
3769	YNL284C-B	0.74968
3770	YLR084C	0.74965
3771	YJL069C	0.74961
3772	YPR031W	0.7496
3773	YGR042W	0.74951
3774	YOL027C	0.7495
3775	YKL172W	0.74947
3776	YLR075W	0.74947
3777	YDL113C	0.74945
3778	YOL054W	0.74945
3779	YDL218W	0.74943
3780	YMR045C	0.74939
3781	YHR078W	0.74938
3782	YIL056W	0.74931
3783	YPR132W	0.74925
3784	YGR118W	0.74925
3785	YKR044W	0.74915
3786	YDL130W	0.74914
3787	YOL048C	0.74911
3788	YPL040C	0.74895
3789	YOR043W	0.74894
3790	YER008C	0.74893
3791	YHR172W	0.74893
3792	YIL061C	0.74889
3793	YCL002C	0.74887
3794	YNL184C	0.74887
3795	YDL214C	0.74884
3796	YAR075W	0.74874
3797	YNL262W	0.74873
3798	YOL136C	0.7487
3799	YHR109W	0.74868
3800	YDR210W	0.74865
3801	YJL204C	0.74864
3802	YKL057C	0.74861
3803	YDR302W	0.74857
3804	YOR338W	0.7484
3805	YMR137C	0.74833
3806	YGL228W	0.74829
3807	YGL123W	0.74827
3808	YCR095C	0.74823
3809	YLR309C	0.74821
3810	YOL051W	0.74818
3811	YDR489W	0.74804
3812	YOR024W	0.74802
3813	YLR043C	0.74787
3814	YGL192W	0.7476
3815	YCL026C-A	0.74757
3816	YDL106C	0.74739
3817	YKR023W	0.74734
3818	YCR076C	0.74726
3819	YBR284W	0.74724
3820	YDL114W	0.74723
3821	YMR115W	0.7472
3822	YJL148W	0.74714
3823	YIL076W	0.74704
3824	YGL254W	0.74693
3825	YGR088W	0.74691
3826	YDR473C	0.74688
3827	YOR093C	0.74685
3828	YPR030W	0.74684
3829	YGR058W	0.7467
3830	YDR087C	0.74668
3831	YMR283C	0.74667
3832	YBR005W	0.74667
3833	YJL101C	0.74664
3834	YNR059W	0.7466
3835	YJL210W	0.7466
3836	YKL041W	0.74658
3837	YDL066W	0.74651
3838	YIR017C	0.74648
3839	YLR368W	0.74636
3840	YOR198C	0.74635
3841	YBR129C	0.74635
3842	YHR022C	0.74627
3843	YBL059C-A	0.74625
3844	YDR052C	0.74623
3845	YOR294W	0.74619
3846	YGR063C	0.74619
3847	YKL219W	0.74618
3848	YER150W	0.74614
3849	YLR142W	0.7461
3850	YJL003W	0.74604
3851	YHR154W	0.74603
3852	YPL173W	0.74603
3853	YOR106W	0.74592
3854	YMR207C	0.74584
3855	YMR106C	0.74583
3856	YNL026W	0.74583
3857	YJL054W	0.7458
3858	YNL077W	0.74575
3859	YCR024C	0.74572
3860	YDL003W	0.74571
3861	YBR065C	0.7457
3862	YDR520C	0.74558
3863	YGL195W	0.74537
3864	YKR035W-A	0.74532
3865	YNR066C	0.74531
3866	YHL021C	0.7453
3867	YER188W	0.74523
3868	YER083C	0.74523
3869	YLR192C	0.7452
3870	YOR368W	0.74515
3871	YOL087C	0.74509
3872	YMR029C	0.74507
3873	YER096W	0.74502
3874	YKL066W	0.74496
3875	YNL039W	0.74492
3876	YML016C	0.74487
3877	YKL137W	0.74487
3878	YGL133W	0.74484
3879	YLR048W	0.74474
3880	YCL037C	0.74458
3881	YLR039C	0.74456
3882	YDR106W	0.74452
3883	YGR109W-A	0.74451
3884	YLR363C	0.74449
3885	YNL201C	0.74447
3886	YPL123C	0.74444
3887	YML088W	0.74436
3888	YIL009C-A	0.74432
3889	YGR017W	0.74427
3890	YIR005W	0.74427
3891	YLR176C	0.74414
3892	YDR363W-A	0.74412
3893	YJL112W	0.7441
3894	YPL143W	0.74405
3895	YDL048C	0.74397
3896	YLR459W	0.74395
3897	YDR245W	0.74395
3898	YMR026C	0.74382
3899	YNL139C	0.74381
3900	YPL126W	0.74376
3901	YML117W	0.74369
3902	YJR066W	0.74366
3903	YPR089W	0.74363
3904	YPL243W	0.74361
3905	YGR102C	0.74355
3906	YDR322C-A	0.74352
3907	YLR071C	0.74329
3908	YIR021W	0.74326
3909	YFR045W	0.74326
3910	YIL082W	0.74321
3911	YJR044C	0.7432
3912	YHR133C	0.74315
3913	YBL079W	0.74312
3914	YGL263W	0.74311
3915	YDR449C	0.74308
3916	YMR211W	0.74301
3917	YOL039W	0.74297
3918	YNL011C	0.74281
3919	YDL099W	0.74278
3920	YDR485C	0.74277
3921	YOR260W	0.74269
3922	YCL057C-A	0.74269
3923	YBR231C	0.7426
3924	YOR150W	0.74254
3925	YGL136C	0.74253
3926	YIL156W	0.7425
3927	YNL257C	0.7424
3928	YLR247C	0.7424
3929	YLR312W-A	0.74235
3930	YDR478W	0.74234
3931	YPR092W	0.74224
3932	YGL019W	0.74215
3933	YMR168C	0.74211
3934	YEL053C	0.74195
3935	YDR308C	0.74193
3936	YNR031C	0.74191
3937	YCL048W-A	0.7419
3938	YLL013C	0.74183
3939	YNL051W	0.74157
3940	YKL149C	0.74156
3941	YGL134W	0.74152
3942	YBL085W	0.74149
3943	YIR015W	0.74147
3944	YCR046C	0.74145
3945	YER041W	0.74144
3946	YIL052C	0.74126
3947	YJL092W	0.74119
3948	YGR270W	0.74118
3949	YJL047C	0.74106
3950	YLR187W	0.74103
3951	YER056C-A	0.74103
3952	YLR009W	0.74096
3953	YDR112W	0.74095
3954	YOR371C	0.74094
3955	YPR152C	0.74088
3956	YNL149C	0.74084
3957	YJL061W	0.74081
3958	YIL090W	0.74081
3959	YDR320C	0.7408
3960	YGL150C	0.7406
3961	YDL149W	0.74058
3962	YBR162W-A	0.74054
3963	YBR133C	0.74052
3964	YCR093W	0.74049
3965	YOR234C	0.74047
3966	YDR108W	0.74046
3967	YGL103W	0.74043
3968	YER113C	0.74041
3969	YKR098C	0.74037
3970	YGL131C	0.7403
3971	YDR279W	0.74023
3972	YDR262W	0.74015
3973	YMR053C	0.7401
3974	YDR213W	0.74003
3975	YKL156W	0.74
3976	YBR193C	0.73994
3977	YDR159W	0.73989
3978	YLR110C	0.73986
3979	YDR379C-A	0.73985
3980	YDL153C	0.73971
3981	YBL074C	0.73964
3982	YLL016W	0.73963
3983	YPL198W	0.73958
3984	YKL011C	0.73952
3985	YGL142C	0.73951
3986	YPL026C	0.73947
3987	YDL241W	0.73937
3988	YHL033C	0.73932
3989	YGR052W	0.73929
3990	YGL227W	0.73926
3991	YLR233C	0.73919
3992	YNL284C	0.73912
3993	YDR484W	0.73912
3994	YDR221W	0.73906
3995	YGR104C	0.739
3996	YOR115C	0.73899
3997	YER047C	0.73897
3998	YGL127C	0.73896
3999	YDL045W-A	0.73884
4000	YNL294C	0.7388
4001	YHR102W	0.73868
4002	YPR139C	0.73866
4003	YLR238W	0.73861
4004	YER076C	0.73857
4005	YPL241C	0.73853
4006	YML095C	0.73845
4007	YNR007C	0.7384
4008	YOR020W-A	0.7384
4009	YKL096W-A	0.73831
4010	YOR127W	0.73831
4011	YDR318W	0.73827
4012	YOL047C	0.73825
4013	YMR190C	0.73817
4014	YDR192C	0.73803
4015	YML099C	0.73788
4016	YDL085C-A	0.73786
4017	YLR194C	0.73785
4018	YIL042C	0.73784
4019	YDL183C	0.73777
4020	YNL009W	0.73772
4021	YHR138C	0.73764
4022	YKL170W	0.73752
4023	YHR083W	0.73743
4024	YOL019W	0.73735
4025	YPR036W	0.73735
4026	YHR060W	0.73733
4027	YFR020W	0.73733
4028	YMR192W	0.73731
4029	YLR006C	0.73724
4030	YDL117W	0.73718
4031	YOR337W	0.73715
4032	YJR112W	0.73714
4033	YER169W	0.7371
4034	YOR174W	0.7371
4035	YJL203W	0.73707
4036	YEL061C	0.73704
4037	YJR136C	0.73701
4038	YDL157C	0.73692
4039	YFL034C-A	0.73681
4040	YNR028W	0.73678
4041	YMR274C	0.73677
4042	YLR148W	0.73657
4043	YMR091C	0.73639
4044	YLL017W	0.73639
4045	YDR423C	0.73637
4046	YLR132C	0.73635
4047	YJR071W	0.7363
4048	YMR043W	0.7363
4049	YKL205W	0.73625
4050	YLR338W	0.73625
4051	YIR030C	0.73614
4052	YKR004C	0.73612
4053	YBR278W	0.7361
4054	YKL195W	0.73607
4055	YIL087C	0.73592
4056	YDR314C	0.73592
4057	YNR036C	0.73579
4058	YCR075W-A	0.73572
4059	YNL081C	0.73563
4060	YKR099W	0.73543
4061	YGR167W	0.73536
4062	YLL032C	0.73533
4063	YCL019W	0.73522
4064	YMR251W-A	0.73519
4065	YDL074C	0.73513
4066	YGL124C	0.73509
4067	YDR253C	0.73508
4068	YKR065C	0.73498
4069	YNL158W	0.73493
4070	YKL186C	0.73488
4071	YBR163W	0.73484
4072	YJL187C	0.73483
4073	YIL070C	0.73463
4074	YJR102C	0.73458
4075	YBL014C	0.73453
4076	YAL064W-B	0.73451
4077	YJL039C	0.73445
4078	YNR039C	0.73439
4079	YLR379W	0.73427
4080	YHR146W	0.73419
4081	YPL105C	0.73407
4082	YFL010C	0.73404
4083	YGR156W	0.73402
4084	YMR237W	0.73393
4085	YHR028W-A	0.73388
4086	YFL002W-A	0.73386
4087	YGR161W-B	0.73386
4088	YOL144W	0.73367
4089	YGR225W	0.73359
4090	YJR140C	0.73357
4091	YDR229W	0.73355
4092	YJL115W	0.73344
4093	YDR507C	0.73342
4094	YER139C	0.7334
4095	YKL068W	0.73334
4096	YJL132W	0.73332
4097	YPR108W-A	0.73325
4098	YDR261W-B	0.7332
4099	YDR471W	0.73316
4100	YMR061W	0.73313
4101	YOR192C-B	0.73312
4102	YOR229W	0.73299
4103	YNR040W	0.73287
4104	YLR403W	0.73284
4105	YNL253W	0.73267
4106	YNL303W	0.73264
4107	YLR149C	0.73262
4108	YJL109C	0.7326
4109	YGL145W	0.73252
4110	YPR123C	0.7325
4111	YMR193W	0.7325
4112	YPR057W	0.73249
4113	YMR157C	0.73246
4114	YHR023W	0.73245
4115	YDR315C	0.73244
4116	YKL082C	0.73243
4117	YAL043C	0.73243
4118	YNL308C	0.73239
4119	YBL029W	0.73236
4120	YDR034C-D	0.73236
4121	YGL032C	0.73228
4122	YPL163C	0.73225
4123	YGR038C-D/YGR038C-C	0.73216
4124	YDR228C	0.73216
4125	YPR116W	0.73209
4126	YDR179W-A	0.73207
4127	YEL007W	0.73203
4128	YER058W	0.73199
4129	YHR155W	0.73196
4130	YIL111W	0.7319
4131	YHR010W	0.73189
4132	YDL112W	0.73183
4133	YBL010C	0.73182
4134	YLR128W	0.73179
4135	YJR002W	0.73179
4136	YOL078W	0.73178
4137	YFR033C	0.73178
4138	YGL076C	0.73176
4139	YJR079W	0.73169
4140	YNL304W	0.73166
4141	YDR335W	0.73155
4142	YDL043C	0.73152
4143	YOR042W	0.73149
4144	YKR036C	0.7313
4145	YGR122W	0.73129
4146	YOR064C	0.73124
4147	YMR158W	0.7312
4148	YPL041C	0.73106
4149	YDR416W	0.73104
4150	YDR089W	0.73095
4151	YMR173W-A	0.73092
4152	YDR470C	0.73087
4153	YMR247C	0.73083
4154	YLR392C	0.73082
4155	YBR217W	0.73081
4156	YAL041W	0.73074
4157	YBL051C	0.73073
4158	YMR140W	0.73073
4159	YKR090W	0.73071
4160	YDR210W-B	0.73071
4161	YDR200C	0.73068
4162	YLR396C	0.73062
4163	YLR278C	0.73059
4164	YML002W	0.73055
4165	YNL080C	0.73049
4166	YDR295C	0.73045
4167	YHR021C	0.73041
4168	YBL004W	0.73039
4169	YNR068C	0.73039
4170	YJL043W	0.73035
4171	YKR029C	0.73035
4172	YER071C	0.73028
4173	YOR123C	0.73024
4174	YMR065W	0.73021
4175	YER077C	0.7302
4176	YDL227C	0.73014
4177	YDR126W	0.73014
4178	YJR082C	0.7301
4179	YLR410W-B	0.73002
4180	YGR280C	0.73001
4181	YGR057C	0.73001
4182	YOR336W	0.72999
4183	YKR031C	0.72978
4184	YOR249C	0.72976
4185	YJR043C	0.72973
4186	YPL038W	0.72972
4187	YBR144C	0.72969
4188	YBR098W	0.72967
4189	YHR143W-A	0.72948
4190	YGL258W	0.72933
4191	YER173W	0.7293
4192	YBR221W-A	0.72926
4193	YBL100W-B	0.72924
4194	YJL173C	0.72924
4195	YJL007C	0.7292
4196	YGR233C	0.72912
4197	YHL049C	0.72903
4198	YIR043C	0.72899
4199	YBR123C	0.72866
4200	YBL084C	0.72855
4201	Q0075	0.7285
4202	YJL201W	0.72829
4203	YGR202C	0.72824
4204	YDR233C	0.72821
4205	YGR274C	0.72805
4206	YOR098C	0.72797
4207	YNL127W	0.7278
4208	YOR343W-B	0.72777
4209	YBL060W	0.72776
4210	YLL004W	0.72772
4211	YLR087C	0.72772
4212	YGR165W	0.72768
4213	YHL044W	0.72766
4214	YKL072W	0.72764
4215	YOR242C	0.72763
4216	YLR464W	0.72762
4217	YEL076C-A	0.72762
4218	YHR006W	0.72761
4219	YCL031C	0.72753
4220	YML050W	0.72752
4221	YIL044C	0.72752
4222	YPL149W	0.72746
4223	YER147C	0.72745
4224	YNL151C	0.72744
4225	YDR079W	0.72739
4226	YJL140W	0.72731
4227	YPR191W	0.72723
4228	YNL315C	0.72717
4229	YDR367W	0.72713
4230	YNL038W	0.7271
4231	YKL079W	0.72705
4232	YGL159W	0.72703
4233	YDR081C	0.72698
4234	YLR292C	0.72694
4235	YCR015C	0.72688
4236	YPR038W	0.72675
4237	YJR115W	0.72664
4238	YGR227W	0.72662
4239	YHR059W	0.72661
4240	YPL186C	0.72661
4241	YHR004C	0.72659
4242	YOL004W	0.72659
4243	YDR271C	0.72657
4244	YDR488C	0.72655
4245	YLR021W	0.72638
4246	YDR197W	0.72631
4247	YOR179C	0.72631
4248	YKL025C	0.72623
4249	YHR131W-A	0.72621
4250	YPL107W	0.72619
4251	YIL102C	0.72617
4252	YDR511W	0.72616
4253	YOR194C	0.72614
4254	YCR083W	0.72612
4255	YMR286W	0.72596
4256	YLR439W	0.72582
4257	YPR166C	0.72579
4258	YOR230W	0.72576
4259	Q0080	0.72574
4260	YJR039W	0.72572
4261	YPR094W	0.72571
4262	YPL150W	0.72567
4263	YDR255C	0.72559
4264	YGL080W	0.72558
4265	YHR101C	0.72557
4266	YBR036C	0.72545
4267	YOL028C	0.72545
4268	YDL162C	0.7254
4269	YLR332W	0.7254
4270	YDR064W	0.7253
4271	YOR080W	0.72528
4272	YCL066W	0.72518
4273	YCR040W	0.72518
4274	YMR070W	0.72498
4275	YJL020C	0.72496
4276	YNL224C	0.72495
4277	YCL024W	0.72483
4278	YDL077C	0.72482
4279	YOL077W-A	0.72482
4280	YER093C	0.7248
4281	YBR290W	0.72467
4282	YBR247C	0.72463
4283	YFR023W	0.72462
4284	YOR289W	0.72452
4285	YCR052W	0.72449
4286	YNL208W	0.72448
4287	YDL216C	0.72438
4288	YDL070W	0.72421
4289	YFR034C	0.72417
4290	YKR049C	0.72414
4291	YKR008W	0.72413
4292	YKR085C	0.72412
4293	YPR016W-A	0.7239
4294	YGR237C	0.72366
4295	YBR111W-A	0.72365
4296	YBR195C	0.72358
4297	YBR279W	0.72354
4298	YKR007W	0.72353
4299	YDR290W	0.72352
4300	YPR122W	0.7235
4301	YOR060C	0.72345
4302	YLR269C	0.72342
4303	YGL060W	0.72338
4304	YIL161W	0.7233
4305	YNR061C	0.72327
4306	YHR071W	0.72325
4307	YML047C	0.72323
4308	YNL097C	0.72319
4309	YIL031W	0.72318
4310	YKR012C	0.72317
4311	YCL049C	0.72311
4312	YBR216C	0.7231
4313	YBR081C	0.72309
4314	YPL079W	0.72275
4315	YHR214C-C	0.72274
4316	YPR075C	0.72262
4317	YFL064C	0.72253
4318	YIL027C	0.72245
4319	YGR050C	0.72241
4320	YPR093C	0.72236
4321	YBR268W	0.72235
4322	YER014C-A	0.72228
4323	YJL070C	0.72225
4324	YJR060W	0.72223
4325	YDL011C	0.7222
4326	YDL002C	0.7222
4327	YGR235C	0.72215
4328	YBR150C	0.72206
4329	YIL049W	0.72201
4330	YNR022C	0.72199
4331	YOR387C	0.72195
4332	YAL004W	0.72189
4333	YDR412W	0.72189
4334	YMR254C	0.72185
4335	YIL154C	0.72176
4336	YER048C	0.72171
4337	YDL065C	0.72168
4338	YFL013C	0.72165
4339	YBR289W	0.72151
4340	YJR050W	0.72147
4341	YDL013W	0.72145
4342	YMR060C	0.72144
4343	YLR141W	0.72131
4344	YCR013C	0.72122
4345	YCR016W	0.72106
4346	YBR044C	0.72098
4347	YPL005W	0.72091
4348	YNL297C	0.72088
4349	YKL086W	0.72086
4350	YNL041C	0.72081
4351	YFR043C	0.72076
4352	YCL014W	0.72074
4353	Q0142	0.72071
4354	YNL227C	0.72066
4355	YIL077C	0.72055
4356	YLR288C	0.72034
4357	YKL214C	0.72032
4358	YGR038W	0.72019
4359	YOR139C	0.72013
4360	YDR141C	0.72004
4361	YLL007C	0.72
4362	YLR399W-A	0.71998
4363	YLL040C	0.71998
4364	YKL054C	0.71997
4365	YHR052W-A	0.71995
4366	YHR054W-A	0.71995
4367	YDR068W	0.71987
4368	YGR027C	0.71985
4369	YOL100W	0.71984
4370	YGR013W	0.71983
4371	YIR011C	0.71978
4372	YAL067W-A	0.71972
4373	YLR098C	0.71966
4374	YLR301W	0.71965
4375	YBR122C	0.71947
4376	YPL016W	0.71945
4377	YDR495C	0.71942
4378	YHR180W	0.71938
4379	YBR191W	0.71938
4380	YDR382W	0.71938
4381	YLR095C	0.71933
4382	YEL076C	0.71921
4383	YOL069W	0.71913
4384	YOR376W-A	0.71913
4385	YKL115C	0.71912
4386	YGL146C	0.71884
4387	YER048W-A	0.71878
4388	YDR231C	0.71869
4389	YNL234W	0.71859
4390	YFR029W	0.71854
4391	YKR040C	0.71848
4392	YOL063C	0.71847
4393	YKR030W	0.71827
4394	YHR217C	0.71826
4395	YCL029C	0.71825
4396	YOL052C-A	0.71823
4397	YPL156C	0.71801
4398	YOR058C	0.71785
4399	YBR172C	0.7177
4400	YBR253W	0.71768
4401	YNL052W	0.71762
4402	YIL112W	0.71749
4403	YPL238C	0.71724
4404	YBR226C	0.71718
4405	YDR450W	0.71714
4406	YML026C	0.71714
4407	YNL183C	0.71713
4408	YCR066W	0.7171
4409	YDR125C	0.71707
4410	YDL107W	0.71704
4411	YOR329C	0.71686
4412	YHL034W-A	0.71679
4413	YDR299W	0.7167
4414	YNL215W	0.7167
4415	YGR073C	0.71668
4416	YOL107W	0.71652
4417	YGR184C	0.71644
4418	YGR183C	0.71622
4419	YBR239C	0.71619
4420	YLL046C	0.71615
4421	YLR104W	0.71614
4422	YML081C-A	0.71613
4423	YAL042C-A	0.71607
4424	YJL157C	0.71605
4425	YMR290W-A	0.71598
4426	YMR182C	0.71597
4427	YKL133C	0.71596
4428	YOR252W	0.7159
4429	YLR448W	0.71587
4430	YGL247W	0.71581
4431	YGL113W	0.71579
4432	YML073C	0.71576
4433	YMR077C	0.71572
4434	YPL078C	0.71556
4435	YIL138C	0.71546
4436	YGR106C	0.71525
4437	YDR057W	0.71509
4438	YNL166C	0.71504
4439	YOL083C-A	0.71498
4440	YOR085W	0.71495
4441	YLR286W-A	0.71481
4442	YPR197C	0.71478
4443	YPL256C	0.71473
4444	YER046W	0.71469
4445	YBR004C	0.71469
4446	YLL022C	0.71465
4447	YML076C	0.71463
4448	YLR127C	0.71453
4449	YJR080C	0.71447
4450	YPL034W	0.71428
4451	YNR047W	0.71414
4452	YCL039W	0.714
4453	YPL144W	0.71392
4454	YHR126C	0.71387
4455	YOR221C	0.71384
4456	YHL009C	0.71384
4457	YPL242C	0.71382
4458	YOR355W	0.71381
4459	YDR333C	0.7135
4460	YGR198W	0.71346
4461	YMR133W	0.71345
4462	Q0110	0.71345
4463	YMR176W	0.71338
4464	YLR325C	0.71334
4465	YHL001W	0.71331
4466	YLR228C	0.71329
4467	YLR333C	0.71327
4468	YDL023C	0.71327
4469	YLR051C	0.71325
4470	YOR247W	0.71321
4471	YHR073C-B	0.71317
4472	R0010W	0.71302
4473	YHR125W	0.71297
4474	YDR269C	0.71292
4475	YGL197W	0.71285
4476	YKR006C	0.71264
4477	YBR255C-A	0.7126
4478	YJL016W	0.71259
4479	YDR119W	0.71256
4480	YJR059W	0.71251
4481	YDR466W	0.71246
4482	YBR116C	0.71244
4483	YAL065C	0.71233
4484	YJL044C	0.71212
4485	YDR110W	0.71208
4486	YGL215W	0.71204
4487	YKL038W	0.71196
4488	YDR475C	0.71188
4489	YPR077C	0.71188
4490	YIL059C	0.71179
4491	YLR406C-A	0.71153
4492	YER161C	0.7113
4493	YLR136C	0.71121
4494	YBR258C	0.7112
4495	YPL202C	0.71113
4496	YIL024C	0.71106
4497	YMR008C-A	0.71102
4498	YBR016W	0.71092
4499	YNL265C	0.71091
4500	Q0115	0.71083
4501	YGL024W	0.71082
4502	YPL120W	0.71073
4503	YNL136W	0.71061
4504	YKL006W	0.71059
4505	YPL254W	0.71058
4506	YMR014W	0.71056
4507	YER187W	0.7105
4508	YIR013C	0.71049
4509	YML089C	0.71042
4510	YHR105W	0.71036
4511	YGR174C	0.71026
4512	YJL107C	0.71022
4513	YOR228C	0.71015
4514	YML048W	0.71011
4515	YML114C	0.71
4516	YDR371W	0.70978
4517	YLR165C	0.70975
4518	YNL187W	0.70969
4519	YMR240C	0.70962
4520	YML084W	0.70955
4521	YPR106W	0.7095
4522	YLR067C	0.7095
4523	YNL068C	0.70948
4524	YDR176W	0.70945
4525	YLR424C-A	0.70943
4526	YGR072W	0.70943
4527	YLR339C	0.70935
4528	YML034W	0.70934
4529	YIL084C	0.70927
4530	YDR017C	0.70912
4531	YFR040W	0.70896
4532	YNL213C	0.70893
4533	YCL012C	0.70892
4534	YKL030W	0.70891
4535	YPR070W	0.70885
4536	YLR149C-A	0.70878
4537	YJR138W	0.70872
4538	YPL161C	0.70851
4539	YMR019W	0.7082
4540	YOL003C	0.70815
4541	YLR356W	0.7081
4542	YLR057W	0.70809
4543	YLR310C	0.70808
4544	YKL143W	0.70807
4545	YOL014W	0.70798
4546	YCL076W	0.70798
4547	YAR053W	0.70794
4548	YMR048W	0.70786
4549	YDL022C-A	0.70778
4550	YOR208W	0.70767
4551	YIL105W-A	0.70739
4552	YER135C	0.70731
4553	YHL048C-A	0.70721
4554	YJL013C	0.70713
4555	YER126C	0.70708
4556	YDL068W	0.70703
4557	YKR016W	0.70703
4558	YLR124W	0.70701
4559	YOR302W	0.70677
4560	YCL058C	0.70677
4561	YPR009W	0.70664
4562	YIL159W	0.70657
4563	YOL138C	0.70656
4564	YNL122C	0.70649
4565	YKL092C	0.70637
4566	YIR033W	0.70635
4567	YLR013W	0.70625
4568	YBR049C	0.70625
4569	YPL076W	0.70616
4570	YJL009W	0.70611
4571	YOR200W	0.70601
4572	YIL100C-A	0.70592
4573	YDR303C	0.70592
4574	YGL025C	0.70589
4575	YOL086W-A	0.70586
4576	YER087C-B	0.70571
4577	YPR061C	0.70565
4578	YJL019W	0.70564
4579	YER184C	0.70555
4580	YBR107C	0.70552
4581	YDR076W	0.7055
4582	YPL139C	0.70548
4583	YFR056C	0.70546
4584	YFR011C	0.70543
4585	YDL098C	0.70532
4586	YAR002W	0.70512
4587	YDR273W	0.70512
4588	YOR082C	0.70509
4589	YPL178W	0.70505
4590	YOR220W	0.70495
4591	YNL324W	0.70478
4592	YOL017W	0.70475
4593	YBR269C	0.70469
4594	YPR021C	0.70467
4595	YGL191W	0.70466
4596	YIR040C	0.70448
4597	YNL300W	0.70447
4598	YPR050C	0.70439
4599	YKR083C	0.70437
4600	YDR124W	0.70429
4601	YDR320C-A	0.70425
4602	YOR318C	0.70416
4603	YHR095W	0.70391
4604	YMR306C-A	0.70378
4605	YBR064W	0.70378
4606	YDL096C	0.70378
4607	YAL047W-A	0.70371
4608	YDL235C	0.70366
4609	YCR032W	0.70349
4610	YGR121W-A	0.70348
4611	YER112W	0.70334
4612	YLR061W	0.70331
4613	YJL077C	0.70316
4614	YPL185W	0.70316
4615	YOL150C	0.70313
4616	YJL197C-A	0.70308
4617	YDR426C	0.70306
4618	YPR049C	0.70297
4619	YNL002C	0.70288
4620	YLL005C	0.70286
4621	YML011C	0.70283
4622	YOR031W	0.70272
4623	YMR182W-A	0.70271
4624	YMR280C	0.70267
4625	YHR082C	0.70266
4626	YBL077W	0.70259
4627	YNL162W-A	0.70257
4628	YPR010C-A	0.70256
4629	YJR134C	0.70251
4630	YJL049W	0.70243
4631	YDR451C	0.70241
4632	YGL013C	0.70238
4633	YNL043C	0.70231
4634	YER022W	0.70229
4635	YOR029W	0.70225
4636	YBR282W	0.70209
4637	YDR482C	0.70202
4638	YKL183W	0.70189
4639	YDR254W	0.70183
4640	YML093W	0.70183
4641	YOR144C	0.70179
4642	YLR256W	0.70172
4643	YGR182C	0.70168
4644	YDR005C	0.70167
4645	YFL065C	0.70156
4646	YLR281C	0.70147
4647	YAL037W	0.70145
4648	YGL152C	0.70143
4649	YDL041W	0.7014
4650	YKL049C	0.70139
4651	YGR259C	0.70139
4652	YLL059C	0.70133
4653	YMR258C	0.70123
4654	YOR287C	0.70122
4655	YHL020C	0.70121
4656	YPR199C	0.70121
4657	YFL013W-A	0.70117
4658	YLR423C	0.70117
4659	YBR077C	0.7011
4660	YLR211C	0.70108
4661	YKL136W	0.70106
4662	YLR140W	0.70105
4663	YBR109W-A	0.701
4664	YOL053W	0.70096
4665	YKL016C	0.70079
4666	YDR379W	0.70078
4667	YGL069C	0.70076
4668	YHL027W	0.70075
4669	YMR111C	0.70075
4670	YNL050C	0.7007
4671	YGR053C	0.70069
4672	YHR035W	0.70066
4673	YDR544C	0.70059
4674	YKR027W	0.70057
4675	YOR308C	0.70052
4676	YKL037W	0.70049
4677	YGR069W	0.70042
4678	YPR068C	0.70036
4679	YPL114W	0.70034
4680	YGL174W	0.70026
4681	YMR112C	0.70025
4682	YKL208W	0.70024
4683	YFL024C	0.70015
4684	YBL108W	0.70015
4685	YNL089C	0.70012
4686	YER054C	0.7001
4687	YDR322W	0.70006
4688	YDR414C	0.69998
4689	YDR458C	0.69995
4690	YKL176C	0.69984
4691	YNL203C	0.69984
4692	YGR147C	0.6998
4693	YLR422W	0.69973
4694	YOR263C	0.69971
4695	YHL043W	0.6997
4696	YDL044C	0.69962
4697	YLR161W	0.6996
4698	YLR156W	0.6996
4699	YLR159W	0.6996
4700	YFL051C	0.6996
4701	YMR032W	0.69955
4702	YNL172W	0.69951
4703	YER119C-A	0.69947
4704	YMR021C	0.69943
4705	YNR063W	0.6994
4706	YLL037W	0.69937
4707	YMR057C	0.69935
4708	YDR078C	0.69934
4709	YJL191W	0.6993
4710	YLR041W	0.69929
4711	YOL089C	0.69929
4712	YLR151C	0.69928
4713	YER145C-A	0.69928
4714	YPR109W	0.69924
4715	YPL047W	0.69924
4716	YOR041C	0.69922
4717	YGL090W	0.69915
4718	YLR321C	0.69905
4719	YPR202W	0.69903
4720	YDR486C	0.69894
4721	YGL073W	0.69892
4722	YBR257W	0.69891
4723	YIL156W-B	0.6989
4724	YPR117W	0.69887
4725	YKL074C	0.69884
4726	YIL132C	0.69883
4727	YAR029W	0.69878
4728	YGR290W	0.69862
4729	YFL015C	0.69854
4730	YGL218W	0.69851
4731	YNL053W	0.69832
4732	YFL010W-A	0.69829
4733	YGR068W-A	0.69821
4734	YGL217C	0.6982
4735	YKR041W	0.6981
4736	YLR440C	0.69806
4737	YGL059W	0.69804
4738	YIL068W-A	0.69802
4739	YJL077W-A	0.69801
4740	YOR331C	0.69794
4741	YOL050C	0.69785
4742	YDL012C	0.69784
4743	YHL006C	0.69783
4744	YML107C	0.69777
4745	YKL048C	0.69773
4746	YIL144W	0.69768
4747	YGL109W	0.69768
4748	YGR228W	0.69754
4749	YMR316W	0.69743
4750	YHR143W	0.6973
4751	YJL105W	0.69729
4752	YKR020W	0.69729
4753	YEL074W	0.69712
4754	YGR089W	0.69699
4755	YDR230W	0.69698
4756	YKL147C	0.69695
4757	YKL020C	0.69694
4758	YMR284W	0.69688
4759	YJR041C	0.69688
4760	YOL101C	0.69688
4761	YNL103W-A	0.69687
4762	YJL048C	0.69687
4763	YPL075W	0.69682
4764	YMR122W-A	0.6968
4765	YNL143C	0.69677
4766	YNL058C	0.69665
4767	YMR073C	0.69665
4768	YIR018C-A	0.69657
4769	YEL018C-A	0.69656
4770	YGR051C	0.69646
4771	YDR369C	0.69626
4772	YNL069C	0.69621
4773	YCR031C	0.69618
4774	YDL187C	0.69612
4775	YPR040W	0.69611
4776	YGR030C	0.69611
4777	YJL195C	0.696
4778	YER075C	0.69595
4779	YBL096C	0.69591
4780	YDR104C	0.69586
4781	YDR274C	0.69581
4782	YLR024C	0.69579
4783	YDR437W	0.69574
4784	YKL131W	0.69572
4785	YAL016C-A	0.69567
4786	YKL014C	0.69561
4787	YGL093W	0.6955
4788	YMR117C	0.69541
4789	YBR128C	0.69539
4790	YOR135C	0.69521
4791	YDL170W	0.69518
4792	YDL232W	0.69517
4793	YMR086C-A	0.69513
4794	YEL017W	0.69513
4795	YLL006W-A	0.69499
4796	YGL199C	0.69498
4797	YFR026C	0.69496
4798	YNL338W	0.69489
4799	YLR329W	0.69482
4800	YIL142C-A	0.6948
4801	YHR063W-A	0.69478
4802	YPR203W	0.69473
4803	YMR098C	0.6947
4804	YLL021W	0.69461
4805	YLL020C	0.6946
4806	YLR173W	0.69457
4807	YDR504C	0.69455
4808	YBR089W	0.69453
4809	YPR177C	0.69453
4810	YLR125W	0.69437
4811	YHR017W	0.69436
4812	YBR215W	0.69436
4813	YBR027C	0.69436
4814	YJL099W	0.69432
4815	YDL118W	0.69429
4816	YNR005C	0.69428
4817	YJR127C	0.69423
4818	YDR537C	0.69421
4819	YML059C	0.69421
4820	YER148W-A	0.6942
4821	YPL011C	0.6942
4822	YJL120W	0.69418
4823	YDR131C	0.69418
4824	YGL229C	0.69415
4825	YMR153W	0.69414
4826	YLR317W	0.69411
4827	YGL031C	0.69406
4828	YFR001W	0.694
4829	YDL172C	0.69397
4830	YJR106W	0.69383
4831	YOR325W	0.69375
4832	YMR199W	0.69374
4833	YMR242W-A	0.69374
4834	YNL150W	0.69369
4835	YKL223W	0.69365
4836	YHR022C-A	0.69364
4837	YAL056C-A	0.69355
4838	YLR122C	0.69355
4839	YDL026W	0.69342
4840	YER180C-A	0.69339
4841	YOR373W	0.69335
4842	YMR272W-B	0.69333
4843	YBL090W	0.69328
4844	YDR118W	0.69327
4845	YIL115W-A	0.6932
4846	YML029W	0.69313
4847	YDR307W	0.69294
4848	YBL073W	0.69291
4849	YDR469W	0.69291
4850	YDR169C	0.6929
4851	YEL053W-A	0.69286
4852	YNL230C	0.69285
4853	YBR240C	0.69284
4854	YOL046C	0.6928
4855	YLR311C	0.6927
4856	YMR100W	0.69269
4857	YJL064W	0.69261
4858	YDR138W	0.69258
4859	YMR159C	0.69251
4860	YLR255C	0.69245
4861	YBR168W	0.69242
4862	YOR161W-B	0.69235
4863	YEL072W	0.6923
4864	YIL139C	0.69219
4865	YOR008C-A	0.69218
4866	YJR038C	0.69214
4867	YKL036C	0.6921
4868	YLR434C	0.69208
4869	YDR114C	0.69205
4870	YBR010W	0.69201
4871	YLR442C	0.69194
4872	YBR206W	0.69192
4873	YLR073C	0.69189
4874	YPR053C	0.69187
4875	YOR019W	0.69186
4876	YDL075W	0.69179
4877	YAL034C	0.69174
4878	YLR182W	0.6917
4879	YGL107C	0.69159
4880	YKR032W	0.69158
4881	YJL176C	0.69158
4882	YMR016C	0.69138
4883	YGL260W	0.69137
4884	YLR033W	0.69135
4885	YDR329C	0.69125
4886	YLL002W	0.69119
4887	YHR119W	0.6911
4888	YLR204W	0.69107
4889	YFL007W	0.69099
4890	YOR108C-A	0.69095
4891	YLR350W	0.69088
4892	YPL044C	0.69085
4893	YDL114W-A	0.69072
4894	YIL071C	0.69072
4895	YCR003W	0.6907
4896	YMR245W	0.69064
4897	YDL206W	0.69058
4898	YOR140W	0.69056
4899	YHR132W-A	0.69051
4900	YMR072W	0.69049
4901	YJR151W-A	0.69036
4902	YDR073W	0.69032
4903	YOL026C	0.69032
4904	YPL142C	0.69028
4905	YCL028W	0.69025
4906	YBR032W	0.69015
4907	YKR095W	0.69013
4908	YPL038W-A	0.69009
4909	YBR033W	0.69007
4910	YOR012W	0.69007
4911	YOL166W-A	0.69004
4912	YNL067W-B	0.68994
4913	YOR277C	0.68994
4914	YIR018W	0.68989
4915	YLR029C	0.68985
4916	YER129W	0.68975
4917	YML031C-A	0.6897
4918	YDL005C	0.68964
4919	YBR259W	0.68964
4920	YDR153C	0.68963
4921	YMR013W-A	0.68956
4922	YKL122C	0.68941
4923	YHR097C	0.68941
4924	YGL074C	0.68931
4925	YPR014C	0.68931
4926	YPL025C	0.68928
4927	YLR406C	0.68926
4928	YDR209C	0.68924
4929	YOL166C	0.68922
4930	YBR190W	0.68916
4931	YGL041W-A	0.68911
4932	YBR058C-A	0.68909
4933	YPL219W	0.689
4934	YIL054W	0.68888
4935	YLR068W	0.68887
4936	YOR335W-A	0.68884
4937	YLR407W	0.68883
4938	YLR381W	0.68882
4939	YHR214C-E	0.68882
4940	YGR146C-A	0.68879
4941	YAL059W	0.68873
4942	YOR129C	0.68871
4943	YKR073C	0.68866
4944	YLR454W	0.6886
4945	YIL149C	0.68853
4946	YLR242C	0.68853
4947	YCR038C	0.6885
4948	YKL083W	0.68849
4949	YOR298W	0.68846
4950	YJR093C	0.68843
4951	YHL002C-A	0.68843
4952	YBR131W	0.6884
4953	YML094C-A	0.68836
4954	YNL170W	0.68834
4955	YBL063W	0.68816
4956	YMR307C-A	0.68816
4957	YGR270C-A	0.6881
4958	YMR013C-A	0.68805
4959	YGR222W	0.68803
4960	YLR010C	0.68801
4961	YOL155W-A	0.68801
4962	YBL005W	0.68799
4963	YPL182C	0.68796
4964	YER118C	0.68794
4965	YER019C-A	0.68768
4966	YML100W-A	0.68768
4967	YDR505C	0.68757
4968	YOR028C	0.68754
4969	YDR499W	0.68752
4970	YGL118C	0.68747
4971	YDR360W	0.68738
4972	YHR127W	0.68737
4973	YPR015C	0.68736
4974	YLR157W-E	0.68735
4975	YPL060C-A	0.68731
4976	YGL258W-A	0.68728
4977	YMR295C	0.68723
4978	YER138W-A	0.68711
4979	YDL034W	0.6871
4980	YOR345C	0.68709
4981	YAL011W	0.68705
4982	YDR187C	0.68699
4983	YLR404W	0.68696
4984	YER165C-A	0.68694
4985	YBR099C	0.6869
4986	YNL120C	0.68686
4987	YCL021W	0.68681
4988	YDR371C-A	0.68678
4989	YPR195C	0.68674
4990	YIR003W	0.68673
4991	YIL129C	0.68672
4992	YPL272C	0.68664
4993	YJL202C	0.68662
4994	YJL136W-A	0.68654
4995	YLR264C-A	0.6865
4996	YGL165C	0.68644
4997	YML103C	0.68641
4998	YJL062W-A	0.68627
4999	YBL070C	0.68625
5000	YDR102C	0.68622
5001	YNL174W	0.68619
5002	YHL005C	0.68615
5003	YJR128W	0.68612
5004	YBR178W	0.6861
5005	YMR175W-A	0.6861
5006	YGR250C	0.68609
5007	YNL269W	0.68606
5008	YBL103C	0.68605
5009	YDR094W	0.68592
5010	YLR424W	0.68588
5011	YLR265C	0.68582
5012	YDR374W-A	0.6858
5013	YGR045C	0.68576
5014	YJR023C	0.68575
5015	YIL029W-A	0.68567
5016	YPL278C	0.68563
5017	YHL023C	0.68562
5018	YNL276C	0.6856
5019	YDL053C	0.68553
5020	YLR232W	0.68553
5021	YEL034C-A	0.68541
5022	YDL009C	0.6854
5023	YPL193W	0.6854
5024	YDL173W	0.6854
5025	YJL135W	0.68539
5026	YBR134W	0.68538
5027	YBL107W-A	0.68537
5028	YIL019W	0.68536
5029	YHL009W-B	0.68536
5030	YJR120W	0.68536
5031	YIL029C	0.6853
5032	YML017W	0.68528
5033	YMR172W	0.6852
5034	YER023C-A	0.68516
5035	YDL196W	0.68514
5036	YJL180C	0.68514
5037	YHR049C-A	0.6851
5038	YMR121C	0.6851
5039	YDR157W	0.68508
5040	YGL086W	0.68505
5041	YMR153C-A	0.68503
5042	YCR033W	0.68499
5043	YFR039C	0.68498
5044	YPL183W-A	0.68493
5045	YKR075W-A	0.68488
5046	YGR031C-A	0.68487
5047	YLR416C	0.68486
5048	YBR191W-A	0.68484
5049	YBR270C	0.68482
5050	YNL115C	0.6848
5051	YPL233W	0.68476
5052	YGL088W	0.68467
5053	YPL216W	0.68465
5054	YGR190C	0.68463
5055	YDR261C-C	0.68461
5056	YGR015C	0.68459
5057	YPR150W	0.68457
5058	Q0017	0.68457
5059	YMR031W-A	0.68443
5060	YBR292C	0.68442
5061	YBR083W	0.6844
5062	YAL010C	0.68435
5063	YHR180W-A	0.68431
5064	YJL113W	0.68427
5065	YPL085W	0.68419
5066	YER078W-A	0.68416
5067	YGR107W	0.68413
5068	YNL017C	0.68411
5069	YNL204C	0.68401
5070	YGL177W	0.68392
5071	YBR250W	0.68391
5072	YNL146C-A	0.68382
5073	YBR232C	0.68377
5074	YLL030C	0.68374
5075	YGR160W	0.68372
5076	YJL146W	0.68369
5077	YCR047W-A	0.68369
5078	YGL041C-B	0.68362
5079	YGR293C	0.68362
5080	YJL166W	0.68355
5081	YPL062W	0.68348
5082	YOL097W-A	0.68348
5083	YBR266C	0.68346
5084	YOR068C	0.68345
5085	YAR019W-A	0.6834
5086	YDR069C	0.68339
5087	YBR076C-A	0.68339
5088	YIL057C	0.68337
5089	YLR349W	0.68332
5090	YBR009C	0.6833
5091	YMR105W-A	0.68328
5092	YJL083W	0.68328
5093	YHR182C-A	0.68327
5094	YMR158W-B	0.68322
5095	YEL030C-A	0.68316
5096	YOL103W-A	0.68309
5097	YJL073W	0.68308
5098	YKL044W	0.68302
5099	YOR083W	0.68299
5100	YPR012W	0.68297
5101	YML007W	0.68284
5102	YOR293C-A	0.68282
5103	YEL025C	0.68278
5104	YKL101W	0.68274
5105	YER122C	0.68272
5106	YMR119W	0.68267
5107	YPR158C-C	0.68265
5108	YJR147W	0.68265
5109	R0020C	0.68263
5110	YDR285W	0.68261
5111	YOR015W	0.6825
5112	YOR050C	0.68243
5113	YPR063C	0.68238
5114	YHR021W-A	0.68228
5115	YDL115C	0.68228
5116	YPL166W	0.6822
5117	YOR282W	0.68219
5118	YNL109W	0.68218
5119	YDR278C	0.68213
5120	YOR078W	0.68206
5121	YGR011W	0.68204
5122	YKL177W	0.68204
5123	YAR064W	0.68202
5124	YKR047W	0.68199
5125	YML063W	0.68199
5126	YPL177C	0.68198
5127	YBL025W	0.68197
5128	YDR365W-A	0.68195
5129	YLR157C-A	0.68195
5130	YER137C-A	0.68195
5131	YPL257W-A	0.68195
5132	YDR320W-B	0.68194
5133	YLR302C	0.68187
5134	YAR070C	0.68185
5135	YOL117W	0.68184
5136	YDR461W	0.68183
5137	YIL025C	0.68179
5138	YGL108C	0.68176
5139	YEL020C-B	0.68175
5140	YNL179C	0.68173
5141	YIL040W	0.68164
5142	YDR357C	0.68162
5143	YLR360W	0.6816
5144	YCR024C-A	0.68159
5145	YGL071W	0.68153
5146	YDL088C	0.68143
5147	YIL060W	0.68143
5148	YKL104W-A	0.68132
5149	YNL008C	0.68126
5150	YBR233W-A	0.68125
5151	YER107W-A	0.68123
5152	YIR036W-A	0.68121
5153	YOR072W	0.68119
5154	YDR317W	0.68118
5155	YPR160C-A	0.68115
5156	YHL037C	0.68111
5157	YDR166C	0.6811
5158	YGR176W	0.68108
5159	YAL037C-B	0.68107
5160	YOR183W	0.68105
5161	YGR098C	0.68105
5162	YOR034C-A	0.68099
5163	YCR001W	0.68098
5164	YKL141W	0.68097
5165	YBR085C-A	0.68083
5166	YDL220C	0.68078
5167	YIR044C	0.68073
5168	YIL097W	0.68072
5169	YPR187W	0.68071
5170	YMR030W-A	0.6807
5171	YOR225W	0.68067
5172	YEL035C	0.68063
5173	YDR366C	0.6806
5174	YAR010C	0.68054
5175	YPR137C-A	0.68054
5176	YMR018W	0.68053
5177	YNL138W-A	0.68049
5178	YAL055W	0.68047
5179	YPR076W	0.68043
5180	YAL040C	0.68037
5181	YBR200W-A	0.68034
5182	YJL169W	0.68032
5183	YCL061C	0.68017
5184	YML045W-A	0.68012
5185	YLR123C	0.68004
5186	YKR019C	0.68
5187	YEL073C	0.67989
5188	YDR146C	0.67988
5189	YLR256W-A	0.67985
5190	YBL100C	0.67982
5191	YKL171W	0.6798
5192	YPL205C	0.67978
5193	YDR340W	0.67971
5194	YMR311C	0.67971
5195	YOR193W	0.67967
5196	YPR084W	0.67964
5197	YPR170C	0.67958
5198	YHR213W-B	0.67952
5199	YHR214C-D	0.67943
5200	YAR069C	0.67943
5201	YPR136C	0.67935
5202	YDR235W	0.67921
5203	YHR139C-A	0.67916
5204	YGL249W	0.67912
5205	YLR227W-A	0.67908
5206	YJR026W	0.67908
5207	YML040W	0.67908
5208	YGR204C-A	0.67899
5209	YLR441C	0.67899
5210	YPR170W-B	0.67897
5211	YDR199W	0.67895
5212	YMR272W-A	0.67893
5213	YPR099C	0.67888
5214	YGR075C	0.67885
5215	YGL188C	0.67882
5216	YNL144W-A	0.67875
5217	YJR135C	0.67874
5218	YDR464W	0.67871
5219	YOR392W	0.67864
5220	YBL044W	0.6786
5221	YJL182C	0.67842
5222	YER115C	0.6784
5223	YJL067W	0.67837
5224	YMR164C	0.67834
5225	YBR012W-A	0.67829
5226	YGR150C	0.67825
5227	YLR453C	0.67814
5228	YBR108W	0.67812
5229	YCR038W-A	0.6781
5230	YNL228W	0.67808
5231	YGR161C-C	0.67806
5232	YMR051C	0.67806
5233	YER159C-A	0.67806
5234	YLR035C-B	0.67806
5235	YDR316W-A	0.67806
5236	YER109C	0.67806
5237	YNL337W	0.67802
5238	YDR098C-A	0.67799
5239	YDR156W	0.6779
5240	YMR316C-A	0.67785
5241	YNR003W-A	0.67783
5242	YDL159C-B	0.67782
5243	YGL007C-A	0.67775
5244	YAR014C	0.67774
5245	YNL156C	0.67769
5246	YGR148C	0.67766
5247	YER189W	0.67764
5248	YMR017W	0.6776
5249	YGL029W	0.67757
5250	YML057C-A	0.67756
5251	YHR131C	0.67752
5252	YNL254C	0.67752
5253	YMR294W	0.67752
5254	YJR028W	0.67751
5255	YBL071C	0.67751
5256	YGL162W	0.67746
5257	YOR297C	0.67746
5258	YBR066C	0.67742
5259	YJL152W	0.67739
5260	YER050C	0.67736
5261	YGR081C	0.67734
5262	YHL019W-A	0.67733
5263	YML023C	0.67732
5264	YNL314W	0.6773
5265	YIL021C-A	0.67727
5266	YAL008W	0.67725
5267	YGL132W	0.6772
5268	YML027W	0.67715
5269	YOL013W-A	0.67713
5270	YNL277W-A	0.67711
5271	YNL245C	0.67711
5272	YJL076W	0.67708
5273	YDR034C	0.67706
5274	YEL067C	0.67704
5275	YER046W-A	0.67701
5276	YPR095C	0.67701
5277	YAL026C-A	0.67699
5278	YDR510C-A	0.67698
5279	YIL171W-A	0.67698
5280	YJL220W	0.67698
5281	YER088C-A	0.67694
5282	YNL057W	0.67686
5283	YLR365W	0.67686
5284	YNL130C-A	0.67685
5285	YLR120W-A	0.67683
5286	YEL010W	0.67682
5287	YGR122C-A	0.67681
5288	YDR355C	0.67678
5289	YBR272C	0.67677
5290	YLR463C	0.67667
5291	YHR159W	0.67666
5292	YGR025W	0.67663
5293	YDL067C	0.6766
5294	YPR020W	0.67652
5295	YOR316C-A	0.67647
5296	YBL028C	0.67647
5297	YMR025W	0.67642
5298	YIR020C-B	0.67641
5299	YER034W	0.67637
5300	YDR003W-A	0.67636
5301	YPL146C	0.67635
5302	YGR219W	0.67634
5303	YBR238C	0.67634
5304	YER172C-A	0.67631
5305	YOR146W	0.67619
5306	YLR135W	0.67619
5307	YLR169W	0.67618
5308	YML129C	0.67617
5309	YAL034C-B	0.67617
5310	YGR038C-A	0.67613
5311	YAL037C-A	0.67608
5312	YMR324C	0.67604
5313	YJL122W	0.67602
5314	YDL228C	0.676
5315	YOR309C	0.67597
5316	YDL086C-A	0.67593
5317	YDR417C	0.6759
5318	YBR174C	0.67587
5319	YDR535C	0.67582
5320	YBR141W-A	0.67582
5321	YKL183C-A	0.67565
5322	YJR101W	0.67559
5323	YDL020C	0.67557
5324	YJL156W-A	0.67553
5325	YHR086W-A	0.67552
5326	YKL159C	0.67546
5327	YOL160W	0.67541
5328	YOR137C	0.67538
5329	YCR081C-A	0.67536
5330	YDR043C	0.67532
5331	YHR056C	0.67528
5332	YML034C-A	0.67525
5333	YOR055W	0.67524
5334	YOR142W-A	0.67522
5335	YPR158W-A	0.67522
5336	YPR007C	0.67522
5337	YHL038C	0.67521
5338	YDR079C-A	0.67517
5339	YMR298W	0.67514
5340	YOR102W	0.67499
5341	YML122C	0.67493
5342	YLR163W-A	0.67484
5343	YLR444C	0.67481
5344	YGL219C	0.67479
5345	YJR123W	0.67475
5346	YOL035C	0.67471
5347	YEL017C-A	0.67471
5348	YMR001C-A	0.67471
5349	YBL008W-A	0.6747
5350	YGR226C	0.67469
5351	YGL168W	0.67466
5352	YJL075C	0.67466
5353	YLR296W	0.67453
5354	YGR027W-A	0.67449
5355	YLR415C	0.67447
5356	YLR428C	0.67444
5357	YLR139C	0.67437
5358	YLR202C	0.67435
5359	YDR210C-C	0.67432
5360	YCL065W	0.67428
5361	YOR314W-A	0.67427
5362	YIR023C-A	0.67427
5363	YGR130C	0.67425
5364	YLL049W	0.67423
5365	YHR071C-A	0.67422
5366	YDR008C	0.67421
5367	YOL164W-A	0.67409
5368	YMR031C	0.67406
5369	YFL021C-A	0.67405
5370	YIL012W	0.67393
5371	YHR182W	0.67392
5372	YOR379C	0.67391
5373	YFR009W-A	0.67386
5374	YDR464C-A	0.67378
5375	YGR249W	0.67375
5376	YBL062W	0.67372
5377	YJL142C	0.6737
5378	YER074W	0.67367
5379	YIL069C	0.67367
5380	YGR064W	0.67363
5381	YNL028W	0.67357
5382	YMR118C	0.67357
5383	YDR183C-A	0.6735
5384	YLR154C	0.67349
5385	YDR025W	0.67348
5386	YBR048W	0.67348
5387	YER006C-A	0.67344
5388	YLR342W-A	0.67342
5389	YGL041C	0.67338
5390	YEL075W-A	0.67335
5391	YFR035C	0.67335
5392	YLR400W	0.67334
5393	YOR199W	0.6733
5394	YDR442W	0.67329
5395	YPR071W	0.67324
5396	YNL097C-B	0.67311
5397	YML081W	0.67304
5398	YER068C-A	0.67304
5399	YGL123C-A	0.67297
5400	YPL222C-A	0.67293
5401	YLR402W	0.67291
5402	YLR344W	0.6729
5403	YKL058W	0.67289
5404	YLL066W-B	0.67289
5405	YDL056W	0.67282
5406	YLL042C	0.67277
5407	YMR172C-A	0.67276
5408	YOR152C	0.67276
5409	YKL075C	0.6727
5410	YLR154W-C	0.67269
5411	YIL055C	0.67267
5412	YCL023C	0.67266
5413	YKL162C	0.67262
5414	YHR050W-A	0.67261
5415	YCR041W	0.67254
5416	YDR344C	0.67251
5417	YPL225W	0.6725
5418	YMR141C	0.67246
5419	YJL127W-A	0.67243
5420	YOR354C	0.67236
5421	YDR524C-A	0.67232
5422	YNL284C-A	0.67229
5423	YDR220C	0.67227
5424	YGR265W	0.67227
5425	YCL058W-A	0.67227
5426	YEL075C	0.67223
5427	YML047W-A	0.67219
5428	YER137W-A	0.67215
5429	YLR271W	0.67212
5430	YAL059C-A	0.67209
5431	YGR049W	0.67207
5432	YLR171W	0.67206
5433	YDL221W	0.67204
5434	YCR097W-A	0.67203
5435	YJL015C	0.67202
5436	YDR170W-A	0.67195
5437	YCR085W	0.67195
5438	YKL099C	0.67191
5439	YCL046W	0.67189
5440	YJL022W	0.67186
5441	YAL045C	0.67162
5442	YKL076C	0.67156
5443	YNL167C	0.67153
5444	YNL165W	0.67151
5445	YHR053C	0.6715
5446	YHR055C	0.6715
5447	YNR042W	0.67149
5448	YDR048C	0.67145
5449	YGL239C	0.67145
5450	YLR162W-A	0.67144
5451	YOL037C	0.67144
5452	YDR348C	0.67142
5453	YEL059W	0.67141
5454	YPL135C-A	0.6714
5455	YLR346C	0.6714
5456	YIL071W-A	0.67138
5457	YCR006C	0.67135
5458	YIL133C	0.67132
5459	YOR266W	0.6713
5460	YOL159C	0.67123
5461	YHL045W	0.67122
5462	YLR150W	0.6712
5463	YJL215C	0.67118
5464	YKL056C	0.67114
5465	YNL205C	0.67114
5466	YGL226W	0.67108
5467	YMR247W-A	0.67103
5468	YGR034W	0.67078
5469	YDL191W	0.67064
5470	YDL136W	0.67064
5471	YDL094C	0.67056
5472	YBL083C	0.6705
5473	YFR010W-A	0.67047
5474	YNL114C	0.67042
5475	YKR005C	0.67039
5476	YAL069W	0.67031
5477	YPR185W	0.67029
5478	YIL028W	0.67022
5479	YDR217C	0.67022
5480	YCR064C	0.67021
5481	YBR056W-A	0.6702
5482	YIR030W-A	0.6702
5483	YAL064W	0.67006
5484	YIL156W-A	0.67003
5485	YKL108W	0.66998
5486	YAL068W-A	0.66998
5487	YER147C-A	0.66998
5488	YER053C-A	0.66998
5489	YEL008W	0.66994
5490	YDR143C	0.66983
5491	YPL021W	0.66977
5492	YPL080C	0.66972
5493	YIL020C-A	0.66969
5494	YMR320W	0.66968
5495	YJL103C	0.66952
5496	YOR073W-A	0.66949
5497	YJL052C-A	0.66945
5498	YHL029C	0.66945
5499	YDR163W	0.66942
5500	YOL121C	0.66941
5501	YER018C	0.6694
5502	YNL005C	0.66937
5503	YHR149C	0.66936
5504	YMR103C	0.66934
5505	YDR250C	0.66929
5506	YMR304C-A	0.66925
5507	YLR040C	0.66924
5508	YDR383C	0.66921
5509	YKL156C-A	0.66921
5510	YLR374C	0.66919
5511	YKL031W	0.66918
5512	YDR016C	0.66917
5513	YOR385W	0.66916
5514	YIR021W-A	0.66912
5515	YKR011C	0.66912
5516	YKL118W	0.66906
5517	YPL250W-A	0.66904
5518	YDR413C	0.66899
5519	YML128C	0.66897
5520	YBR103C-A	0.66896
5521	YJR087W	0.66895
5522	YDL247W-A	0.66894
5523	YGL209W	0.66891
5524	YEL050W-A	0.66889
5525	YIL018W	0.66888
5526	YFR031C-A	0.66888
5527	YDR526C	0.66888
5528	YER088C	0.66884
5529	YAR030C	0.6688
5530	YJL222W-A	0.66878
5531	YIL174W	0.66878
5532	YJL211C	0.66875
5533	YGL149W	0.66873
5534	YLR162W	0.66868
5535	YBR120C	0.66867
5536	YCR024C-B	0.66866
5537	YKL102C	0.66853
5538	YBL039C-A	0.66836
5539	YML116W-A	0.66834
5540	YLR264W	0.66826
5541	YBL052C	0.66822
5542	YGR018C	0.66814
5543	YMR184W	0.66811
5544	YJL188C	0.66806
5545	YER188C-A	0.66806
5546	YJL086C	0.66805
5547	YML036W	0.66805
5548	YMR135W-A	0.668
5549	YGL189C	0.66798
5550	YIR024C	0.66789
5551	YGL151W	0.66785
5552	YGL193C	0.6677
5553	YCR097W	0.66764
5554	YMR066W	0.66762
5555	YGR129W	0.66759
5556	YGR206W	0.66753
5557	YHR032C-A	0.66751
5558	YNL295W	0.66748
5559	YJL095W	0.66746
5560	YPL018W	0.66737
5561	YBL054W	0.66736
5562	YDR246W-A	0.66725
5563	YJR053W	0.66723
5564	YHL009W-A	0.6672
5565	YLR366W	0.66716
5566	YOR364W	0.66712
5567	YGL052W	0.66712
5568	YJL175W	0.66711
5569	YFR034W-A	0.66706
5570	YJL209W	0.66703
5571	R0040C	0.66702
5572	YNL019C	0.66697
5573	YOR148C	0.66697
5574	YDR396W	0.66697
5575	YOL032W	0.6669
5576	YNL302C	0.6668
5577	YER131W	0.66676
5578	YIL117C	0.66663
5579	YOL070C	0.66647
5580	YNR035C	0.66641
5581	YIL066W-A	0.66638
5582	YMR046C	0.66627
5583	YMR075C-A	0.66627
5584	YOL044W	0.66622
5585	YGR084C	0.6662
5586	YDR179C	0.66613
5587	YCL056C	0.66609
5588	YGL005C	0.66608
5589	YLR313C	0.66595
5590	YPL108W	0.66586
5591	YBL094C	0.66583
5592	YDL219W	0.66582
5593	YDR215C	0.6658
5594	YGR139W	0.6658
5595	YDR455C	0.66578
5596	YIL002W-A	0.66559
5597	YHL041W	0.66558
5598	YMR198W	0.66557
5599	YOR161W-A	0.66554
5600	YNR075C-A	0.66547
5601	YMR230W-A	0.66546
5602	YNL054W-A	0.66541
5603	YKL169C	0.66535
5604	YOR314W	0.66533
5605	YCR095W-A	0.6653
5606	YNR001W-A	0.66529
5607	YBL092W	0.66528
5608	YFL012W-A	0.66517
5609	YDR524W-C	0.66516
5610	YOL019W-A	0.66513
5611	YDR445C	0.66508
5612	YMR064W	0.66487
5613	YGR035W-A	0.66484
5614	YBL065W	0.66482
5615	YKR046C	0.66482
5616	YBL005W-A	0.66475
5617	YHR007C-A	0.66475
5618	YGL096W	0.66473
5619	YPL081W	0.66473
5620	YDR241W	0.6647
5621	YLR370C	0.66469
5622	YER137C	0.66468
5623	YDR044W	0.66466
5624	YER092W	0.66463
5625	YDR169C-A	0.66458
5626	YIR017W-A	0.66455
5627	YDR194W-A	0.66455
5628	YIR020W-A	0.66453
5629	YOL031C	0.66446
5630	YNL296W	0.66438
5631	YDR095C	0.66436
5632	YOR167C	0.66431
5633	YJL207C	0.6643
5634	YMR316C-B	0.66389
5635	YNL033W	0.66388
5636	YPL070W	0.66384
5637	YNL042W-B	0.66377
5638	YLR466C-B	0.66374
5639	YNL054W	0.66372
5640	YDL199C	0.66367
5641	YOR203W	0.66359
5642	YOR107W	0.66347
5643	YER076W-A	0.66343
5644	YDR543C	0.66338
5645	YML012C-A	0.66336
5646	YPL174C	0.66331
5647	YEL045C	0.66324
5648	YFR036W-A	0.6631
5649	YCL041C	0.66309
5650	YAR035C-A	0.66301
5651	YHR070C-A	0.66296
5652	YOR011W-A	0.66296
5653	YIL047C-A	0.66292
5654	YGL063C-A	0.6629
5655	YNL157W	0.66283
5656	YDR431W	0.66281
5657	YCR099C	0.66274
5658	YJL150W	0.66269
5659	YGR016W	0.66268
5660	YDR296W	0.66268
5661	YDL025W-A	0.66265
5662	YJL090C	0.66264
5663	YDR374C	0.66258
5664	YHR058C	0.66258
5665	YGR076C	0.66257
5666	YDR053W	0.6625
5667	YPR039W	0.6625
5668	YDR491C	0.66248
5669	YLR224W	0.66237
5670	YJL047C-A	0.66221
5671	YLR101C	0.66218
5672	YNL145W	0.66211
5673	YAL031W-A	0.66208
5674	YIL093C	0.66199
5675	YBR189W	0.66192
5676	YPR087W	0.66191
5677	YHL030W-A	0.66182
5678	YPR130C	0.66176
5679	YDR149C	0.66176
5680	YJR089W	0.66174
5681	YPR064W	0.66173
5682	YML083C	0.66166
5683	YDL204W	0.66165
5684	YDR136C	0.66165
5685	YER066C-A	0.6616
5686	YJL032W	0.66156
5687	YJL023C	0.6615
5688	YLR119W	0.66132
5689	YDR066C	0.6613
5690	YOL083W	0.66125
5691	YFR049W	0.66119
5692	YJR018W	0.66112
5693	YML007C-A	0.66112
5694	YIL058W	0.66109
5695	YDR082W	0.66094
5696	YMR232W	0.66079
5697	YBR090C	0.66075
5698	YAL025C	0.66063
5699	YDR354C-A	0.66062
5700	YPL261C	0.66062
5701	YGR269W	0.66058
5702	YHR073W-A	0.66045
5703	YLR322W	0.66034
5704	YFR012W	0.66028
5705	YMR326C	0.66027
5706	YFL049W	0.66025
5707	YEL033W	0.66023
5708	YNL226W	0.66021
5709	YAL066W	0.66011
5710	YDR327W	0.66011
5711	YDR123C	0.66003
5712	YDR401W	0.65999
5713	YPR146C	0.65998
5714	YGL066W	0.65997
5715	YHR001W-A	0.65996
5716	YPL073C	0.65994
5717	YCL054W-A	0.65993
5718	YJL114W	0.65992
5719	YPL033C	0.65991
5720	YJL184W	0.65987
5721	YJR092W	0.65984
5722	YDR524C	0.6598
5723	YLR462W	0.65974
5724	YOR300W	0.6597
5725	YER091C-A	0.65969
5726	YPR027C	0.65968
5727	YAR047C	0.65962
5728	YDL158C	0.65957
5729	YBR135W	0.65954
5730	YBR121C-A	0.65947
5731	YLR201C	0.65947
5732	YPL152W-A	0.65941
5733	YDR034C-A	0.65934
5734	YDR103W	0.65923
5735	YCL001W-A	0.65923
5736	YER133W-A	0.65921
5737	YKR101W	0.6592
5738	YDL073W	0.65913
5739	YIL014C-A	0.65909
5740	YHR156C	0.65908
5741	YHR087W	0.65893
5742	YPL253C	0.6589
5743	YCR025C	0.65884
5744	YBR225W	0.65872
5745	YMR257C	0.65872
5746	YIL141W	0.65868
5747	YLR111W	0.65866
5748	YDR118W-A	0.65864
5749	YHR036W	0.65857
5750	YDR532C	0.6585
5751	YHR175W-A	0.65849
5752	YJL058C	0.65849
5753	YLR106C	0.65844
5754	YLR320W	0.65841
5755	YLR379W-A	0.65835
5756	YOR312C	0.65832
5757	YMR242C	0.65832
5758	YHR069C-A	0.65831
5759	YIR020C	0.65828
5760	YNL210W	0.65821
5761	YOR394C-A	0.65817
5762	YBL071C-B	0.65816
5763	YGL176C	0.65815
5764	YBL043W	0.65808
5765	YPL251W	0.65799
5766	YFR052C-A	0.65794
5767	YER093C-A	0.65792
5768	YLR062C	0.65776
5769	YJL038C	0.65774
5770	YLR263W	0.65772
5771	YDR521W	0.6577
5772	YHR145C	0.6577
5773	YDR024W	0.65769
5774	YLR076C	0.65755
5775	YJL037W	0.65752
5776	YBR300C	0.6575
5777	YJR114W	0.6575
5778	YGR077C	0.65747
5779	YNL144C	0.65737
5780	YGL214W	0.65731
5781	YBL059W	0.65714
5782	YOR113W	0.65708
5783	YLR198C	0.65708
5784	YFL033C	0.65703
5785	YDR467C	0.65701
5786	YOR268C	0.65698
5787	YDR350C	0.65692
5788	YDL062W	0.65667
5789	YGL237C	0.65662
5790	YOL099C	0.65656
5791	YCR081W	0.65654
5792	YMR052W	0.65649
5793	YER045C	0.65641
5794	YIL089W	0.65638
5795	YHR180C-B	0.65606
5796	YLR376C	0.65606
5797	YGR140W	0.65603
5798	YIL036W	0.65602
5799	YJR086W	0.65582
5800	YLR358C	0.65581
5801	YGL034C	0.65577
5802	YMR191W	0.65576
5803	YKR035C	0.65575
5804	YER132C	0.65573
5805	YIR014W	0.65559
5806	YBR196C-B	0.65557
5807	YJL222W-B	0.65549
5808	YIL175W	0.65549
5809	YJR012C	0.65536
5810	YNL235C	0.65534
5811	YOL104C	0.65529
5812	YHR137C-A	0.65528
5813	YDR203W	0.65524
5814	YOR276W	0.65524
5815	YBR171W	0.65523
5816	YOR231C-A	0.65521
5817	YDL240C-A	0.65515
5818	YOL079W	0.65509
5819	YPL035C	0.65495
5820	YGL235W	0.65484
5821	YPL056C	0.65473
5822	YKL153W	0.65469
5823	YMR007W	0.65451
5824	YDL163W	0.65443
5825	YPL192C	0.65442
5826	YDR462W	0.65439
5827	YHL046W-A	0.65437
5828	YOR147W	0.65436
5829	YHR130C	0.65436
5830	YBR298C-A	0.65433
5831	YER084W	0.65426
5832	YJL027C	0.65424
5833	YHL006W-A	0.65421
5834	YIL158W	0.65421
5835	YML099W-A	0.65418
5836	YDL071C	0.65415
5837	YCR018C	0.65415
5838	YNR024W	0.65412
5839	YDR281C	0.65406
5840	YGR115C	0.65401
5841	YNL301C	0.654
5842	YOL120C	0.654
5843	YDR422C	0.65393
5844	YDR034C-C	0.65388
5845	YBL048W	0.65387
5846	YIL101C	0.6537
5847	YOR366W	0.65367
5848	YDL139C	0.65365
5849	YNL152W	0.65359
5850	YGL061C	0.65357
5851	YMR193C-A	0.65348
5852	YMR134W	0.65347
5853	YML113W	0.65342
5854	YMR119W-A	0.65332
5855	YPR096C	0.65327
5856	YOR218C	0.65326
5857	YBL009W	0.65325
5858	YOR170W	0.65324
5859	YLR262C-A	0.6532
5860	YNL133C	0.65317
5861	YDL213W-A	0.65305
5862	YGL182C	0.65298
5863	YLR082C	0.65293
5864	YPR160W-A	0.65293
5865	YBR296C-A	0.65284
5866	YER038W-A	0.65282
5867	YNL164C	0.65277
5868	YOR045W	0.65276
5869	YKL123W	0.65274
5870	YGL188C-A	0.6527
5871	YCL068C	0.65268
5872	YMR046W-A	0.65268
5873	YGR164W	0.65264
5874	YDR193W	0.65256
5875	YBR012C	0.65254
5876	YGR114C	0.65253
5877	YKL130C	0.6525
5878	YOR104W	0.65242
5879	YLR395C	0.65239
5880	YLR285C-A	0.65231
5881	YLR295C	0.65219
5882	YCR022C	0.6521
5883	YLL003W	0.65207
5884	YIL030W-A	0.65202
5885	YKR034W	0.652
5886	YBR051W	0.65196
5887	YOR210W	0.65191
5888	YML043C	0.65185
5889	YDL189W	0.65184
5890	YDR015C	0.65172
5891	YDR042C	0.65172
5892	YEL043W	0.65131
5893	YNL171C	0.65128
5894	YPL257W	0.65125
5895	YER186C	0.65125
5896	YIL098C	0.65119
5897	YOL127W	0.65116
5898	YLR431C	0.65111
5899	YBR188C	0.6511
5900	YOR076C	0.65108
5901	YMR294W-A	0.65105
5902	YNL178W	0.65102
5903	YFR032C-B	0.65101
5904	YDL121C	0.65097
5905	YML041C	0.65094
5906	YLR227C	0.65093
5907	YGL072C	0.65091
5908	YLR217W	0.65089
5909	YLR294C	0.65088
5910	YKL165C-A	0.65079
5911	YGR067C	0.65075
5912	YOL082W	0.65068
5913	YMR151W	0.65057
5914	YDL211C	0.65053
5915	YJL119C	0.65048
5916	YHR167W	0.65046
5917	YDR261W-A	0.65042
5918	YMR187C	0.65042
5919	YGR134W	0.65041
5920	YCR049C	0.65037
5921	YOR192C-A	0.65037
5922	YPR013C	0.65037
5923	YDR381C-A	0.65032
5924	YNL198C	0.65031
5925	YDL032W	0.65025
5926	YBR277C	0.65015
5927	YJL127C-B	0.6501
5928	YGL226C-A	0.65006
5929	YPR133W-A	0.65004
5930	YGL075C	0.65004
5931	YMR122C	0.64992
5932	YML108W	0.64974
5933	YNL309W	0.64969
5934	YMR282C	0.64962
5935	YJL225W-A	0.64958
5936	YIL177W-A	0.64958
5937	YPR059C	0.64957
5938	YDR425W	0.64954
5939	YCL020W	0.64951
5940	YCR018C-A	0.64945
5941	YMR135C	0.64926
5942	YDR509W	0.64924
5943	YPL099C	0.64921
5944	YPL189C-A	0.64914
5945	YHR212C	0.64914
5946	YAR060C	0.64914
5947	YPL168W	0.64909
5948	YMR147W	0.64904
5949	YPL039W	0.64893
5950	YPL054W	0.6489
5951	YDL016C	0.6489
5952	YCR063W	0.64885
5953	YDR310C	0.6488
5954	YMR141W-A	0.64865
5955	YGR291C	0.64857
5956	YNR077C	0.64846
5957	YBR057C	0.64838
5958	YLR364C-A	0.64836
5959	YGR023W	0.64833
5960	YNL091W	0.64824
5961	YNL266W	0.64824
5962	YOR189W	0.64823
5963	YOR032C	0.64818
5964	YKR033C	0.64817
5965	YBR136W	0.64786
5966	YBR224W	0.6478
5967	YOR072W-A	0.64779
5968	YLR131C	0.64765
5969	YDR154C	0.64754
5970	YKR015C	0.64742
5971	YDR202C	0.64735
5972	YFL032W	0.64734
5973	YFL063W	0.64718
5974	YFL015W-A	0.64715
5975	YGL081W	0.64713
5976	YDR443C	0.6471
5977	YFR057W	0.64701
5978	YNR004W	0.64697
5979	YJL056C	0.64689
5980	YPR142C	0.64685
5981	YBL093C	0.64684
5982	YLR297W	0.64679
5983	YER149C	0.64673
5984	YLR036C	0.64664
5985	YDR034W-B	0.6466
5986	YLL067W-A	0.64656
5987	YLL066W-A	0.64656
5988	YFL068W	0.64656
5989	YJR157W	0.64651
5990	YGR038C-E	0.64645
5991	YHR199C-A	0.64638
5992	YFR019W	0.64635
5993	YPL136W	0.64627
5994	YER097W	0.64627
5995	YJL199C	0.64627
5996	YMR059W	0.6462
5997	YHL015W-A	0.64619
5998	YFL002W-B	0.64619
5999	YGR161W-A	0.64619
6000	YER028C	0.64615
6001	YLR410W-A	0.64615
6002	YFR042W	0.64608
6003	YDR240C	0.64586
6004	YOR161C-C	0.64584
6005	YIL037C	0.64574
6006	YHR212W-A	0.64561
6007	YAR061W	0.64561
6008	YMR194W	0.64532
6009	YLR079W	0.64522
6010	YBR007C	0.64519
6011	YML133W-B	0.64515
6012	YHR219C-A	0.64515
6013	YNL339W-B	0.64515
6014	YOR304C-A	0.64513
6015	YCL005W-A	0.64513
6016	YDR115W	0.64512
6017	YMR204C	0.64493
6018	YOR396C-A	0.64487
6019	YLR467C-A	0.64487
6020	YLR466C-A	0.64487
6021	YLR154W-E	0.6448
6022	YML015C	0.6448
6023	YDL242W	0.64475
6024	YHR136C	0.64472
6025	YHR093W	0.6447
6026	YDR406W-A	0.64468
6027	YBR262C	0.64465
6028	YHR177W	0.64446
6029	YMR194C-A	0.64446
6030	YOR376W	0.64439
6031	YPL102C	0.64439
6032	YLR042C	0.64422
6033	YGL042C	0.64417
6034	YOR195W	0.64415
6035	YER090C-A	0.64411
6036	YGL230C	0.64405
6037	YJL028W	0.64397
6038	YEL018W	0.64395
6039	YOL007C	0.64383
6040	YPR164W	0.64382
6041	YKL061W	0.64376
6042	YBL100W-A	0.64367
6043	YOR186C-A	0.64366
6044	YGL079W	0.64364
6045	YLR408C	0.64362
6046	YHL025W	0.6436
6047	YDL197C	0.64354
6048	YER152W-A	0.64348
6049	YBR196C-A	0.64348
6050	YLR298C	0.64345
6051	YER111C	0.64342
6052	YHL050W-A	0.64324
6053	YER190C-B	0.6432
6054	YEL077W-A	0.6432
6055	YPR204C-A	0.6432
6056	YPL283W-B	0.6432
6057	YGR296C-B	0.6432
6058	YAL019W-A	0.6432
6059	YNL070W	0.64309
6060	YMR082C	0.64308
6061	YLR361C-A	0.64304
6062	YLR352W	0.64304
6063	YFR003C	0.64303
6064	YGR196C	0.64302
6065	YNR025C	0.64301
6066	YMR052C-A	0.64297
6067	YOR032W-A	0.64287
6068	YJL077W-B	0.64279
6069	YLR157W-D	0.64269
6070	YJL205C	0.64266
6071	YHR165C	0.64263
6072	YOR349W	0.64261
6073	YHR153C	0.64259
6074	YCR102W-A	0.64247
6075	YIL163C	0.64242
6076	YDL152W	0.64237
6077	YJL066C	0.64233
6078	YDR545C-A	0.64223
6079	YER067C-A	0.64202
6080	YJR140W-A	0.64201
6081	YOL024W	0.64194
6082	YER085C	0.64185
6083	YBR182C	0.64171
6084	YDR525W	0.64168
6085	YER087C-A	0.64164
6086	YHR103W	0.6416
6087	YKL052C	0.64155
6088	YBL113W-A	0.6415
6089	YBL100W-C	0.64138
6090	YKL096C-B	0.64132
6091	YBR152W	0.64131
6092	YDR096W	0.64131
6093	YDR377W	0.64119
6094	YOL013W-B	0.6411
6095	YJR037W	0.64093
6096	Q0255	0.64092
6097	YGR236C	0.64076
6098	YLL019W-A	0.64072
6099	YOR073W	0.64072
6100	YCR045W-A	0.64056
6101	YHR099W	0.64026
6102	YNL197C	0.64023
6103	YOL085W-A	0.64006
6104	YKL050C	0.64004
6105	YIL092W	0.63995
6106	YDR210W-A	0.63988
6107	YMR030W	0.6398
6108	YGR161C	0.63956
6109	YCL022C	0.63943
6110	YLR424C-B	0.63926
6111	YIL032C	0.63926
6112	YMR299C	0.63916
6113	YLR436C	0.63913
6114	YOR072W-B	0.63907
6115	YGL204C	0.63898
6116	YOR030W	0.63896
6117	YML058W-A	0.6389
6118	YOL038C-A	0.63889
6119	YOR235W	0.63877
6120	YBL053W	0.63871
6121	YOR177C	0.63847
6122	YJL149W	0.63836
6123	YLR347W-A	0.63834
6124	YDL224C	0.63831
6125	YHR184W	0.63821
6126	YGR039W	0.63813
6127	YHR079C-A	0.63812
6128	YBR219C	0.63809
6129	YCR020W-B	0.638
6130	YOR178C	0.63786
6131	YDL181W	0.63783
6132	YAL063C-A	0.63769
6133	YML054C-A	0.63723
6134	YLR353W	0.63716
6135	YLR331C	0.63715
6136	YLR373C	0.63696
6137	YEL068C	0.63693
6138	YMR075W	0.6369
6139	YOR350C	0.63688
6140	YNL319W	0.63681
6141	YKR054C	0.63678
6142	YIL045W	0.63663
6143	YPL249C-A	0.63655
6144	YOR343W-A	0.63649
6145	YHR213W-A	0.63628
6146	YOL134C	0.63608
6147	YBR197C	0.63604
6148	YLR437C	0.63589
6149	YJR030C	0.63588
6150	YDL185C-A	0.63583
6151	YBL109W	0.63568
6152	YGR041W	0.63563
6153	YNL067W-A	0.6355
6154	YPR074W-A	0.63547
6155	YDR151C	0.63544
6156	YJR108W	0.63541
6157	YMR179W	0.63531
6158	YLR219W	0.63529
6159	YNL285W	0.63528
6160	YLR458W	0.63525
6161	YLR154W-B	0.63525
6162	YPL052W	0.63516
6163	YKR091W	0.63511
6164	YBR275C	0.63474
6165	YOL159C-A	0.63473
6166	YLR222C-A	0.63472
6167	YPL269W	0.63471
6168	YLR280C	0.63468
6169	YBR131C-A	0.63461
6170	YHR072W-A	0.63449
6171	YDL129W	0.63446
6172	YGR008C	0.63437
6173	YPL037C	0.63427
6174	YNL086W	0.63417
6175	YKL097C	0.63398
6176	YCR087W	0.63396
6177	YBR184W	0.63392
6178	YAL032C	0.63363
6179	YJR003C	0.63358
6180	YNL027W	0.63355
6181	YCL027W	0.63344
6182	YBR181C	0.63303
6183	YPL090C	0.63303
6184	YCL001W	0.633
6185	YGR230W	0.63294
6186	YIL136W	0.63288
6187	YNL199C	0.63284
6188	YDR065W	0.63257
6189	YOR097C	0.63236
6190	YJL170C	0.63222
6191	YLR154C-H	0.63222
6192	YLR159C-A	0.63222
6193	YLR157C-C	0.63222
6194	YLR156C-A	0.63222
6195	YIL119C	0.63222
6196	YNL013C	0.63208
6197	YIL102C-A	0.63186
6198	YKL063C	0.63186
6199	YLR267W	0.63167
6200	YDR088C	0.63152
6201	YLR385C	0.63149
6202	YJL020W-A	0.63149
6203	YCL007C	0.63147
6204	YOR169C	0.63137
6205	YJR056C	0.63129
6206	YCR050C	0.63128
6207	YGR215W	0.63119
6208	YPR169W-A	0.63109
6209	YGL006W-A	0.631
6210	YML062C	0.63093
6211	YOR063W	0.63089
6212	YBL006W-A	0.63088
6213	YDR010C	0.63076
6214	YKL100W-A	0.63073
6215	YOR105W	0.6307
6216	YLR184W	0.63065
6217	YLR052W	0.63055
6218	YDR030C	0.63052
6219	YKR078W	0.63048
6220	YOR342C	0.63043
6221	YDR515W	0.63031
6222	YDL050C	0.62985
6223	YBR209W	0.62982
6224	YBL034C	0.62978
6225	YOR359W	0.62968
6226	YBR223W-A	0.62952
6227	YBL012C	0.6294
6228	YMR163C	0.62922
6229	YOR192C-C	0.6292
6230	YIR010W	0.62906
6231	YDL159W-A	0.62903
6232	YAL016C-B	0.62903
6233	YPR174C	0.62902
6234	YDR195W	0.62898
6235	YJR021C	0.62888
6236	YFL019C	0.62885
6237	YKR010C	0.62875
6238	YNL103W	0.62864
6239	YMR107W	0.62862
6240	YER067W	0.62855
6241	YNL196C	0.62852
6242	YOR186W	0.62849
6243	YLR412C-A	0.62848
6244	YLR283W	0.62847
6245	YDL151C	0.62846
6246	YAL024C	0.6284
6247	Q0143	0.62839
6248	YBL006C	0.62839
6249	YGL102C	0.62806
6250	YPR002C-A	0.62806
6251	YBL039W-B	0.62802
6252	YBL046W	0.62802
6253	YDR014W	0.62789
6254	YGL117W	0.62788
6255	YGR137W	0.62775
6256	YDL130W-A	0.6277
6257	YEL028W	0.6276
6258	YLR154W-F	0.62752
6259	YNL042W	0.62751
6260	YPL130W	0.62739
6261	YCR108C	0.62734
6262	YLR154W-A	0.62733
6263	YPR159C-A	0.62703
6264	YBR130C	0.62692
6265	YEL009C-A	0.62669
6266	YKL204W	0.62668
6267	YNR037C	0.6266
6268	YLR254C	0.62657
6269	YGL007W	0.62644
6270	YNL024C-A	0.62636
6271	YPL271W	0.62635
6272	YBR182C-A	0.62629
6273	YGR251W	0.62603
6274	YDL176W	0.62593
6275	YDR216W	0.62586
6276	YPR171W	0.6258
6277	YKL185W	0.62579
6278	YLR252W	0.62577
6279	YGR022C	0.62564
6280	YCL051W	0.62546
6281	YBR124W	0.62523
6282	YFR008W	0.62522
6283	YHR056W-A	0.62521
6284	YBR072C-A	0.625
6285	YKL023W	0.62495
6286	YJL181W	0.62476
6287	YGL223C	0.62433
6288	YGR071C	0.62424
6289	YKL106C-A	0.62413
6290	YLR465C	0.62412
6291	YLR279W	0.62409
6292	YNR045W	0.62408
6293	YLR273C	0.62387
6294	YDR446W	0.62345
6295	YIL127C	0.62336
6296	YGL121C	0.62329
6297	YGR240C-A	0.62328
6298	YDR201W	0.62326
6299	YER155C	0.62324
6300	YKR045C	0.62319
6301	YDR361C	0.62305
6302	YMR124W	0.62299
6303	YOR343C	0.62281
6304	YNL176C	0.62279
6305	YMR158C-A	0.62278
6306	YGR079W	0.62276
6307	YMR086W	0.62274
6308	YLR236C	0.62268
6309	YGR179C	0.62267
6310	YPL197C	0.62263
6311	YKR100C	0.6226
6312	YML037C	0.62255
6313	YDR529C	0.62254
6314	YMR160W	0.62253
6315	YKL062W	0.62249
6316	YMR094W	0.62248
6317	YDR259C	0.62221
6318	YFR012W-A	0.6222
6319	YLR221C	0.62214
6320	YLR261C	0.62209
6321	YFL041W-A	0.62207
6322	YJL110C	0.62203
6323	YLR388W	0.62202
6324	YBR148W	0.62196
6325	YPL049C	0.62181
6326	YMR315W-A	0.62171
6327	YDL089W	0.62169
6328	YOL015W	0.62161
6329	YOR047C	0.6213
6330	YBR173C	0.62119
6331	YEL005C	0.62113
6332	YPR134W	0.62113
6333	YOR329W-A	0.62091
6334	YDR119W-A	0.62087
6335	YDL027C	0.62043
6336	YOR114W	0.62036
6337	YLR112W	0.62024
6338	YER175W-A	0.62015
6339	YNR009W	0.62013
6340	YNL225C	0.62009
6341	YOR264W	0.62007
6342	YGR113W	0.61992
6343	YFL014W	0.61979
6344	YAL027W	0.6196
6345	YOR333C	0.61953
6346	YGL014C-A	0.61952
6347	YGR227C-A	0.61893
6348	YLR235C	0.61893
6349	YPR151C	0.61867
6350	YCL005W	0.61867
6351	YGL035C	0.61858
6352	YFR054C	0.61835
6353	YBR203W	0.61825
6354	YPR170W-A	0.61812
6355	YIL086C	0.61806
6356	YMR256C	0.61802
6357	YEL014C	0.61785
6358	YBL107C	0.61784
6359	YJR162C	0.61778
6360	YNL211C	0.61776
6361	YLR146W-A	0.61768
6362	YAL028W	0.61761
6363	YCR082W	0.61749
6364	YER038C	0.61744
6365	YKL018C-A	0.61743
6366	YCR065W	0.61693
6367	YJL026C-A	0.61682
6368	YCL021W-A	0.61668
6369	YBL088C	0.61665
6370	YOL118C	0.61654
6371	YGR142W	0.6165
6372	YDR433W	0.61642
6373	YLR299C-A	0.61613
6374	YDL069C	0.61595
6375	YLR094C	0.61564
6376	YPL230W	0.61553
6377	YOR214C	0.61526
6378	YDR227W	0.61513
6379	YER084W-A	0.61487
6380	YOL131W	0.61479
6381	YDR457W	0.61463
6382	YDR014W-A	0.61456
6383	YOR008W-B	0.61447
6384	YEL008C-A	0.61443
6385	YOR158W	0.6143
6386	YLR091W	0.61405
6387	YNL159C	0.61381
6388	YER102W	0.6137
6389	YBL072C	0.6137
6390	YDR239C	0.61364
6391	YDR252W	0.61347
6392	YER040W	0.61345
6393	YML101C-A	0.61344
6394	YLR394W	0.61329
6395	YIR016W	0.61326
6396	YLR012C	0.61325
6397	YNR049C	0.61318
6398	YBR140C	0.61305
6399	YGR275W	0.61301
6400	YLL047W	0.61282
6401	YAL031C	0.61278
6402	YGR168C	0.61266
6403	YKL225W	0.61226
6404	YOL091W	0.61225
6405	YMR003W	0.61224
6406	YMR219W	0.61209
6407	YDL239C	0.61196
6408	YOL081W	0.61154
6409	YNL100W	0.61118
6410	YDR356W	0.61108
6411	YHR032W-A	0.61099
6412	YBR076W	0.61098
6413	YPR044C	0.61088
6414	YCR043C	0.61078
6415	YLL044W	0.61077
6416	YCL044C	0.61016
6417	YPL201C	0.61013
6418	YMR036C	0.61008
6419	YPL200W	0.61007
6420	YFL021W	0.6099
6421	YOR023C	0.60975
6422	YMR148W	0.60959
6423	YLR190W	0.60946
6424	YGR174W-A	0.60946
6425	YPL066W	0.60914
6426	YIL134C-A	0.60908
6427	YAL047C	0.6087
6428	YNL105W	0.60826
6429	YLR341W	0.60808
6430	YOR248W	0.60797
6431	YOR284W	0.60796
6432	YHR193C-A	0.60796
6433	YLR099W-A	0.60758
6434	Q0010	0.60725
6435	YER079C-A	0.60721
6436	YGL023C	0.60691
6437	YGR169C-A	0.60641
6438	YNL097W-A	0.60631
6439	YBR230C	0.60629
6440	YJR083C	0.60618
6441	YPR101W	0.60612
6442	YPL158C	0.60608
6443	YOL109W	0.60594
6444	YER035W	0.60586
6445	YDR439W	0.60568
6446	YBR255W	0.60559
6447	YLR018C	0.60546
6448	YBR126W-A	0.60545
6449	YKL112W	0.60544
6450	YIL100W	0.60541
6451	YNR014W	0.60539
6452	YGL138C	0.60534
6453	YPR005C	0.60528
6454	YPR126C	0.60516
6455	YDL061C	0.6051
6456	YLR327C	0.60504
6457	YGR161W-C	0.60494
6458	YGL021W	0.60494
6459	YMR270C	0.60444
6460	YPL096C-A	0.60424
6461	YDR461C-A	0.60398
6462	YOL025W	0.60381
6463	YDR351W	0.60364
6464	YAR020C	0.60362
6465	YLL033W	0.60361
6466	YHR195W	0.60345
6467	YDR277C	0.60314
6468	YDR494W	0.60314
6469	YDR181C	0.60289
6470	YJL177W	0.60253
6471	YKR037C	0.60218
6472	YJR107C-A	0.60207
6473	YDR207C	0.60196
6474	Q0182	0.60153
6475	YOR381W-A	0.60122
6476	YOR352W	0.60085
6477	YGL175C	0.60068
6478	YBR126W-B	0.60065
6479	YLR307C-A	0.60063
6480	YDR113C	0.60054
6481	YER158C	0.60018
6482	YOR121C	0.60016
6483	YKL053W	0.60016
6484	YOL085C	0.60015
6485	YLR154C-G	0.60004
6486	YNL046W	0.59999
6487	YLR282C	0.59979
6488	YOL029C	0.59894
6489	YPR065W	0.59852
6490	YDR219C	0.59833
6491	YOR313C	0.59833
6492	YOR066W	0.59831
6493	YPL027W	0.59787
6494	YKL138C	0.59783
6495	YKL180W	0.59779
6496	YML009C	0.59775
6497	YGR120C	0.5976
6498	YGL128C	0.59743
6499	YNL311C	0.59683
6500	YPR036W-A	0.59681
6501	YLR312C	0.59655
6502	YJL051W	0.59596
6503	YBR113W	0.59574
6504	YER044C-A	0.5957
6505	YIL122W	0.59557
6506	YBR084C-A	0.59547
6507	YBL027W	0.59547
6508	YNL140C	0.59529
6509	YDL223C	0.59502
6510	R0030W	0.59472
6511	YNL034W	0.59448
6512	YML091C	0.59435
6513	YJR011C	0.59418
6514	YNL018C	0.59383
6515	YJL162C	0.59383
6516	YHR152W	0.59371
6517	YNL233W	0.5937
6518	YJL133C-A	0.59331
6519	YKL111C	0.59316
6520	YFL031C-A	0.59279
6521	YKL138C-A	0.5927
6522	YLR223C	0.5926
6523	YPL118W	0.59251
6524	YER130C	0.59224
6525	YJL089W	0.59216
6526	YHR160C	0.59191
6527	YBR156C	0.5919
6528	YLL065W	0.59173
6529	YLR031W	0.59172
6530	YFR017C	0.59097
6531	YDR133C	0.59042
6532	YNL195C	0.58983
6533	YKR022C	0.58951
6534	YPL089C	0.58942
6535	YOR372C	0.5893
6536	Q0144	0.58879
6537	YKL093W	0.58834
6538	YPL014W	0.58748
6539	YOL040C	0.58712
6540	YFR046C	0.58708
6541	YBR095C	0.58701
6542	YHR054C	0.58655
6543	YBR047W	0.58622
6544	YGL057C	0.58584
6545	YDL169C	0.58528
6546	YLR230W	0.58489
6547	YDL076C	0.58488
6548	YBR063C	0.58465
6549	YMR144W	0.5846
6550	YKL162C-A	0.58442
6551	YDR260C	0.5844
6552	YIL146C	0.58435
6553	YDR223W	0.58408
6554	YER158W-A	0.58398
6555	YKL105C	0.58387
6556	YDR528W	0.58353
6557	YPR078C	0.58346
6558	YOR324C	0.58341
6559	YKL042W	0.58305
6560	YCL063W	0.58297
6561	YPR008W	0.58294
6562	YOR062C	0.5828
6563	YML109W	0.58269
6564	YMR255W	0.58224
6565	YPL077C	0.58209
6566	YDL184C	0.58178
6567	YDL133C-A	0.58178
6568	YER088W-B	0.58135
6569	YDR130C	0.58122
6570	YGR126W	0.58106
6571	YDR028C	0.58095
6572	YBR194W	0.58094
6573	YGR221C	0.58073
6574	YPL250C	0.58064
6575	YOL036W	0.58056
6576	YER167W	0.58008
6577	YBR013C	0.57981
6578	YLR030W	0.5797
6579	YGR239C	0.57955
6580	YDR029W	0.57938
6581	YER181C	0.57934
6582	YER121W	0.57906
6583	YER124C	0.57888
6584	Q0297	0.57853
6585	YLR334C	0.57807
6586	YGR153W	0.57767
6587	YEL057C	0.57741
6588	YNL076W	0.5771
6589	YBR050C	0.5767
6590	YKL065W-A	0.57654
6591	YOR255W	0.57649
6592	YHR014W	0.57623
6593	YDR184C	0.57565
6594	YJL185C	0.57559
6595	YPL068C	0.57486
6596	YMR037C	0.5748
6597	YJL118W	0.57389
6598	YMR195W	0.57382
6599	YDR186C	0.57302
6600	YBR045C	0.57287
6601	YNL074C	0.57242
6602	YDR249C	0.57211
6603	YMR273C	0.57196
6604	YPR158W	0.57147
6605	YIL135C	0.57099
6606	YBR230W-A	0.57093
6607	YLR049C	0.57024
6608	YPL255W	0.56978
6609	YDR070C	0.56961
6610	YPL055C	0.56951
6611	YGR273C	0.56938
6612	YBR165W	0.56927
6613	YML053C	0.56913
6614	YPL071C	0.56898
6615	YJL147C	0.56858
6616	YLR315W	0.56846
6617	YGL194C-A	0.56842
6618	YML058W	0.56671
6619	YER033C	0.56537
6620	YNL162W	0.56525
6621	YHR141C	0.56525
6622	YDR275W	0.56521
6623	YLR257W	0.56518
6624	YBR201C-A	0.56495
6625	YKR077W	0.56488
6626	YBL031W	0.56467
6627	YHR157W	0.56453
6628	YLR445W	0.56435
6629	YPL180W	0.56393
6630	YDL180W	0.56356
6631	YER104W	0.56332
6632	YHR061C	0.56141
6633	YMR174C	0.5613
6634	YDL186W	0.56117
6635	YNL214W	0.56092
6636	YJL144W	0.56033
6637	YFL012W	0.55957
6638	YLR102C	0.55912
6639	YNL188W	0.55877
6640	YDR309C	0.55849
6641	YPL121C	0.5583
6642	YER106W	0.55804
6643	YKL068W-A	0.55746
6644	YGR035C	0.55718
6645	YLR053C	0.55715
6646	YPL267W	0.55698
6647	YLR363W-A	0.55676
6648	YGL222C	0.55672
6649	YPR046W	0.55671
6650	YML006C	0.55635
6651	YBR071W	0.55625
6652	YDR085C	0.55608
6653	YBR211C	0.55599
6654	YDR500C	0.55551
6655	YLR185W	0.55548
6656	YOR279C	0.55537
6657	YDR022C	0.55513
6658	YPL159C	0.55383
6659	YML119W	0.55306
6660	YNL078W	0.55255
6661	YEL032C-A	0.55228
6662	YGR151C	0.55171
6663	YIL046W-A	0.55153
6664	YPL223C	0.54991
6665	YJL161W	0.54922
6666	YOR053W	0.54898
6667	YOR315W	0.5483
6668	YER153C	0.54793
6669	YER032W	0.54721
6670	YPL124W	0.54656
6671	YDR480W	0.54503
6672	YHR214W-A	0.54431
6673	YKL109W	0.54389
6674	YPR145C-A	0.54206
6675	YMR136W	0.54123
6676	YAR068W	0.54123
6677	YML009C-A	0.5407
6678	YKL145W-A	0.54068
6679	YGL015C	0.54066
6680	YML112W	0.54008
6681	Q0092	0.53982
6682	YGL036W	0.53959
6683	YFR032C-A	0.53829
6684	YNR010W	0.53723
6685	YHR054C-B	0.53701
6686	YHR052C-B	0.53701
6687	YMR206W	0.53542
6688	YBR056C-B	0.53524
6689	YOR044W	0.53426
6690	YIR025W	0.53366
6691	YJR005C-A	0.53336
6692	YPR043W	0.53182
6693	YJR094W-A	0.53182
6694	YLR437C-A	0.53131
6695	YPL229W	0.5312
6696	YKL023C-A	0.52994
6697	YLR457C	0.52854
6698	YPR083W	0.52808
6699	YBL081W	0.52613
6700	YBR285W	0.526
6701	YER180C	0.52575
6702	Q0140	0.52474
6703	YOL106W	0.52388
6704	YLR287C-A	0.52383
6705	YOR182C	0.52383
6706	YJL189W	0.52342
6707	YBR138C	0.52282
6708	YMR181C	0.52193
6709	YDL082W	0.51989
6710	YML003W	0.51883
6711	YMR142C	0.51768
6712	YHR185C	0.51728
6713	YGL170C	0.51663
6714	YML009W-B	0.51582
6715	YBR157C	0.51311
6716	YER079W	0.51137
6717	YNL146W	0.511
6718	YMR175W	0.50759
6719	YIL152W	0.50389
6720	YFR036W	0.4977
6721	YMR081C	0.49409
6722	YMR252C	0.49213
6723	YGR146C	0.49101
6724	YKR075C	0.48323
6725	Q0032	0.47495
6726	YDL007C-A	0.46786
6727	YJR094C	0.46714
6728	YGR016C-A	0.33067
6729	YMR106W-A	0.33067
6730	YDL204W-A	0.33067
6731	YNL155C-A	0.33067
6732	YNL040C-A	0.33067
6733	YFR035W-A	0.33067
