rank	yeast_gene	cosine
1	YGL008C	0.92483
2	YER072W	0.92402
3	YPL036W	0.91576
4	YPL218W	0.90743
5	YMR230W	0.90302
6	YOR224C	0.90287
7	YOR293W	0.90225
8	YFL066C	0.89992
9	YPR182W	0.89817
10	YBL112C	0.89755
11	YHR218W-A	0.89755
12	YER148W	0.89689
13	YKR059W	0.89529
14	YDL229W	0.89472
15	YDL014W	0.89413
16	YPR204W	0.89381
17	YNL209W	0.89282
18	YBL003C	0.89223
19	YDR225W	0.89156
20	YLR147C	0.89094
21	YLR229C	0.89056
22	YOR046C	0.88992
23	YDL084W	0.88986
24	YHR169W	0.88919
25	YDR540C	0.8889
26	YMR290C	0.88886
27	YPR080W	0.88885
28	YKL190W	0.88849
29	YLR293C	0.88802
30	YFL058W	0.88751
31	YNL332W	0.88722
32	YGR231C	0.88722
33	YEL034W	0.88709
34	YDL244W	0.88558
35	YDR339C	0.88537
36	YJR047C	0.88522
37	YLR367W	0.88508
38	YJR156C	0.88444
39	YGR105W	0.8842
40	YDL126C	0.8841
41	YEL051W	0.8838
42	YOR185C	0.88269
43	YML102W	0.88255
44	YJL190C	0.88249
45	YLR113W	0.88089
46	YNR053C	0.88064
47	YPL266W	0.88035
48	YHR203C	0.88032
49	YJR145C	0.88032
50	YEL026W	0.87996
51	YBR261C	0.87995
52	YLR234W	0.87969
53	YDL055C	0.87948
54	YBL026W	0.87928
55	YJL108C	0.87928
56	YDR129C	0.87892
57	YMR109W	0.87872
58	YLR249W	0.87868
59	YPR165W	0.87829
60	YHL047C	0.87806
61	YLR258W	0.87792
62	YLL024C	0.87631
63	YOR122C	0.87588
64	YDL192W	0.87577
65	YER177W	0.87546
66	YMR116C	0.87544
67	YPL203W	0.87501
68	YOR204W	0.87497
69	YGL211W	0.87489
70	YJL014W	0.87476
71	YDR021W	0.87468
72	YHR148W	0.87466
73	YER095W	0.8745
74	YEL077C	0.87442
75	YNL014W	0.87435
76	YOL143C	0.87417
77	YGR210C	0.8741
78	YER103W	0.87381
79	YDL166C	0.87376
80	YJL034W	0.87352
81	YPL143W	0.87335
82	YGL256W	0.87321
83	YER107C	0.87313
84	YDR155C	0.87219
85	YLR186W	0.87199
86	YNL189W	0.87161
87	YIL143C	0.8713
88	YNL006W	0.87104
89	YKL196C	0.87101
90	YAL005C	0.871
91	YNL064C	0.87099
92	YLR466W	0.87095
93	YBR252W	0.87088
94	YOR234C	0.87064
95	YPR102C	0.86984
96	YPL245W	0.86978
97	YOL005C	0.86974
98	YJL050W	0.86974
99	YGR214W	0.8696
100	YDR190C	0.86924
101	YNL290W	0.86917
102	YGR085C	0.869
103	YER036C	0.86898
104	YOR096W	0.86882
105	YOR133W	0.86866
106	YKL129C	0.86824
107	YCR047C	0.86818
108	YAR002C-A	0.86767
109	YKR057W	0.86752
110	YNL244C	0.86751
111	YNL112W	0.86747
112	YML012W	0.86743
113	YBR160W	0.86726
114	YGR207C	0.86723
115	YMR260C	0.86717
116	YIL148W	0.86695
117	YKR094C	0.86695
118	YBL075C	0.86695
119	YDR418W	0.86694
120	YEL054C	0.86694
121	YDL083C	0.86691
122	YMR143W	0.86691
123	YHL040C	0.86679
124	YHR200W	0.86668
125	YBR089C-A	0.86655
126	YBL016W	0.86642
127	YHL016C	0.86632
128	YHR092C	0.86618
129	YGL062W	0.86615
130	YER074W-A	0.86606
131	YLR048W	0.86605
132	YHL050C	0.86601
133	YDL222C	0.86595
134	YBL078C	0.86587
135	YGL091C	0.86586
136	YHR030C	0.86577
137	YGL030W	0.86575
138	YGL070C	0.86569
139	YDR343C	0.86559
140	YBR164C	0.86549
141	YLR167W	0.86531
142	YPL129W	0.86529
143	YDR345C	0.86529
144	YGL255W	0.86527
145	YLR340W	0.86509
146	YJL136C	0.86506
147	YDR185C	0.86492
148	YHR170W	0.86464
149	YGR252W	0.86461
150	YPL067C	0.86439
151	YDR342C	0.864
152	YGL225W	0.8637
153	YBL030C	0.86361
154	YOR378W	0.86338
155	YCR010C	0.86321
156	YLR438C-A	0.86321
157	YEL066W	0.86318
158	YDR224C	0.86309
159	YJL030W	0.86301
160	YBR010W	0.86299
161	YOR257W	0.86297
162	YHR143W-A	0.86294
163	YDR091C	0.86293
164	YBL087C	0.86274
165	YER117W	0.86274
166	YER060W-A	0.86274
167	YAL020C	0.8627
168	YCR057C	0.86264
169	YGL058W	0.86211
170	YPL131W	0.86199
171	YBR106W	0.8618
172	YER025W	0.86178
173	YDL137W	0.86174
174	YPL106C	0.86173
175	YOR061W	0.86166
176	YEL027W	0.86165
177	YOL012C	0.86159
178	YOR270C	0.86156
179	YBL002W	0.86121
180	YNL096C	0.8607
181	YMR015C	0.86061
182	YAL038W	0.86048
183	YFL039C	0.86043
184	YJL191W	0.86028
185	YBR031W	0.8602
186	YJL164C	0.86007
187	YPR173C	0.85971
188	YGL120C	0.85953
189	YLL018C	0.85935
190	YDR510W	0.85932
191	YDR012W	0.85929
192	YPR041W	0.85876
193	YGL054C	0.85844
194	YML024W	0.85843
195	YPL119C	0.85833
196	YBR218C	0.85833
197	YKL013C	0.85798
198	YMR146C	0.85791
199	YPR113W	0.85779
200	YMR034C	0.85779
201	YDR447C	0.85771
202	YLL067C	0.85768
203	YKL216W	0.85758
204	YGL123W	0.85753
205	YHR189W	0.85752
206	YDR424C	0.85748
207	YDR099W	0.85741
208	YHL033C	0.85732
209	YNL185C	0.85726
210	YDR238C	0.85724
211	YLL045C	0.85719
212	YER190W	0.85708
213	YBL071W-A	0.85695
214	YPR192W	0.85694
215	YJL052W	0.85691
216	YCR031C	0.8568
217	YBR143C	0.85675
218	YCR012W	0.85667
219	YHR218W	0.85654
220	YNL255C	0.85649
221	YPL093W	0.85627
222	YKR002W	0.85607
223	YBR241C	0.85605
224	YLL026W	0.85599
225	YMR236W	0.85584
226	YDR086C	0.85576
227	YPR183W	0.85563
228	YGR218W	0.85555
229	YOR298C-A	0.85509
230	YKL218C	0.85501
231	YBR154C	0.855
232	YAL064W-B	0.85489
233	YPL235W	0.85486
234	YMR186W	0.85448
235	YHR065C	0.85445
236	YDR172W	0.85429
237	YGR020C	0.85421
238	YDL208W	0.8542
239	YBL091C	0.85417
240	YER159C	0.85411
241	YCR098C	0.85409
242	YNL075W	0.85407
243	YHR070W	0.85398
244	YJR009C	0.85397
245	YFR015C	0.85392
246	YPR052C	0.85375
247	YGL078C	0.85348
248	YGR211W	0.85303
249	YOL058W	0.85289
250	YPL240C	0.85281
251	YOL021C	0.85278
252	YMR222C	0.85274
253	YPR086W	0.85268
254	YOL110W	0.85267
255	YBR109C	0.85267
256	YHR094C	0.85247
257	YOL097C	0.8523
258	YNL135C	0.85207
259	YHR010W	0.85202
260	YPR016C	0.85186
261	YNL148C	0.85172
262	YKL152C	0.85161
263	YER043C	0.8515
264	YBL113C	0.8515
265	YDL064W	0.85141
266	YLR058C	0.85137
267	YGR123C	0.85135
268	YCR020C-A	0.85133
269	YLR081W	0.85133
270	YJL026W	0.85133
271	YML123C	0.85126
272	YLR134W	0.8512
273	YDL245C	0.85109
274	YDR471W	0.85094
275	YGL099W	0.85094
276	YHR018C	0.85082
277	YDL140C	0.85078
278	YLL060C	0.85063
279	YFL017W-A	0.85052
280	YJL214W	0.85046
281	YDR116C	0.85042
282	YDL022W	0.85027
283	YFL067W	0.85027
284	YJR025C	0.85023
285	YER081W	0.85018
286	YKL217W	0.85013
287	YJR158W	0.85012
288	YFL026W	0.85004
289	YML069W	0.84988
290	YOL133W	0.84979
291	YLR200W	0.84975
292	YNL090W	0.84968
293	YCR009C	0.84952
294	YNR073C	0.84945
295	YEL070W	0.84945
296	YPL013C	0.84931
297	YMR300C	0.84924
298	YNR032C-A	0.8492
299	YIL078W	0.8492
300	YLR289W	0.84916
301	Q0130	0.84915
302	YLR044C	0.8491
303	YNL067W	0.84907
304	YPL237W	0.84889
305	YER060W	0.84877
306	YBR080C	0.84876
307	YGR282C	0.8486
308	YKL086W	0.84859
309	YOL162W	0.84841
310	YDR381W	0.84824
311	YOR187W	0.84812
312	YGL048C	0.84808
313	YGL147C	0.84802
314	YBR054W	0.84787
315	YDR373W	0.84784
316	YER039C	0.8478
317	YLL066C	0.84778
318	YDL075W	0.84756
319	YDL182W	0.84749
320	YOR094W	0.84719
321	YAR073W	0.84718
322	YPL043W	0.84705
323	YHR096C	0.84693
324	YKL024C	0.84681
325	YLR061W	0.84665
326	YPL017C	0.84659
327	YFR053C	0.84651
328	YER056C	0.84648
329	YJR153W	0.84646
330	YDR226W	0.84637
331	YLR406C	0.84615
332	YNL113W	0.84614
333	YEL013W	0.84612
334	YPL127C	0.8461
335	YDR023W	0.84598
336	YIL177C	0.84598
337	YNL010W	0.84597
338	YCL009C	0.84596
339	YJR065C	0.84592
340	YAL064C-A	0.84588
341	YBL021C	0.84579
342	YBR169C	0.84564
343	YJL225C	0.84558
344	YFL034C-A	0.84557
345	YBR296C	0.84551
346	YLR074C	0.8454
347	YBR127C	0.84537
348	YOL038W	0.84532
349	YOR259C	0.84529
350	YHR068W	0.84524
351	YJR007W	0.84517
352	YLR075W	0.84502
353	YDL047W	0.84502
354	YNL330C	0.84498
355	YGL253W	0.84491
356	YLR448W	0.84487
357	YER074W	0.84471
358	YIL069C	0.84471
359	YJL213W	0.84469
360	YDL097C	0.84464
361	YPL220W	0.84462
362	YGL135W	0.84462
363	YNR003C	0.84461
364	YBR082C	0.84459
365	YPL283W-A	0.84437
366	YGR296C-A	0.84437
367	YNL339W-A	0.84437
368	YML133W-A	0.84437
369	YER190C-A	0.84437
370	YGR063C	0.84428
371	YML133C	0.84415
372	YJR014W	0.84413
373	YGR192C	0.84412
374	YJR069C	0.84408
375	YIL021W	0.84401
376	YPL211W	0.84397
377	YNR072W	0.84395
378	YEL069C	0.84394
379	YDR394W	0.84378
380	YER179W	0.84378
381	YER012W	0.84375
382	YDR002W	0.84373
383	YMR011W	0.84369
384	YER171W	0.84365
385	YHR174W	0.8434
386	YHR110W	0.84336
387	YOR369C	0.84324
388	YJR105W	0.84324
389	YJL159W	0.84289
390	YHR128W	0.8428
391	YOR089C	0.84259
392	YDR158W	0.84257
393	YOR150W	0.84248
394	YGL137W	0.84242
395	YGL011C	0.84231
396	YOR347C	0.8423
397	YKL067W	0.84226
398	YDL006W	0.84224
399	YFR004W	0.84223
400	YFR014C	0.84203
401	YGR253C	0.84194
402	YGR256W	0.84193
403	YNR002C	0.84187
404	YER166W	0.84185
405	YDR064W	0.84171
406	YFL011W	0.8417
407	YBL111C	0.84167
408	YEL031W	0.84162
409	YHR183W	0.84156
410	YHR107C	0.84139
411	YGR040W	0.84128
412	YDR353W	0.84126
413	YNL098C	0.84118
414	YMR079W	0.84106
415	YMR307W	0.84105
416	YLL050C	0.8409
417	YHL015W	0.84089
418	YNL069C	0.84078
419	YHR193C	0.84078
420	YKR039W	0.84073
421	YMR292W	0.84066
422	YOL156W	0.84064
423	YKL145W	0.8406
424	YPR062W	0.84052
425	YLL008W	0.84048
426	YGR254W	0.84047
427	YDL108W	0.84038
428	YDR404C	0.84035
429	YML085C	0.84034
430	YBR085W	0.84034
431	YJL217W	0.84027
432	YJL033W	0.84022
433	YPL058C	0.84019
434	YLR168C	0.84012
435	YNL288W	0.8401
436	YLL053C	0.84
437	YCR021C	0.83987
438	YOR117W	0.83962
439	YOR159C	0.83952
440	YKL104C	0.83951
441	YHR021C	0.83947
442	YJR063W	0.83919
443	YGR027C	0.83899
444	YER055C	0.83871
445	YGR173W	0.83871
446	YDR341C	0.83867
447	YER007C-A	0.83852
448	YDR300C	0.83846
449	YDR388W	0.83842
450	YLR467W	0.83837
451	YDR545W	0.83837
452	YOR396W	0.83837
453	YDR059C	0.83837
454	YJR045C	0.83835
455	YKR038C	0.83834
456	YER146W	0.83829
457	YIR042C	0.83828
458	YJL111W	0.83823
459	YNL241C	0.83821
460	YEL021W	0.83813
461	YJL219W	0.83813
462	YLR153C	0.83809
463	YGR118W	0.83808
464	YPR132W	0.83808
465	YKL164C	0.83789
466	YIL052C	0.83786
467	YLR193C	0.83785
468	YLR333C	0.83778
469	YDL160C	0.83777
470	YLR325C	0.83776
471	YOR020C	0.8377
472	YER056C-A	0.83769
473	Q0275	0.83766
474	YGR204W	0.83766
475	YLR028C	0.83753
476	YDR429C	0.83749
477	YPL061W	0.83748
478	YMR246W	0.83746
479	YPL234C	0.83743
480	YHR007C	0.8374
481	YML073C	0.83733
482	YFL045C	0.83711
483	YER133W	0.83703
484	YER165W	0.83691
485	YJL008C	0.83687
486	YML026C	0.83678
487	YDR450W	0.83678
488	YBR121C	0.83667
489	YLR170C	0.83663
490	YML124C	0.83651
491	YFR009W	0.8364
492	YHR089C	0.8362
493	YBR196C	0.83617
494	YHR019C	0.83615
495	YIL133C	0.83612
496	YKL163W	0.83603
497	YBR187W	0.83589
498	YNL339C	0.83582
499	YGL063W	0.83581
500	YDR045C	0.8358
501	YPL283C	0.83578
502	YGR296W	0.83577
503	YOR161C	0.83569
504	YBL024W	0.83569
505	YBL099W	0.83563
506	YKL002W	0.83559
507	YIL170W	0.83558
508	YKL156W	0.83543
509	YIL074C	0.83543
510	YJL121C	0.83536
511	YOL158C	0.83531
512	YML063W	0.83505
513	YER020W	0.83502
514	YPL086C	0.83481
515	YPR110C	0.83468
516	YHL001W	0.83452
517	YKL006W	0.83421
518	YGR234W	0.83417
519	YMR205C	0.83412
520	YDR454C	0.83407
521	YOL121C	0.83402
522	YJL167W	0.83386
523	YDR033W	0.8338
524	YLR441C	0.83374
525	YPR108W	0.83357
526	YOR362C	0.83346
527	YOL164W	0.83345
528	YKR080W	0.8334
529	YKL146W	0.83315
530	YDL168W	0.83311
531	YGR132C	0.83298
532	YER178W	0.83298
533	YAL026C	0.83285
534	YNR050C	0.83268
535	YLR303W	0.8326
536	YMR203W	0.83258
537	YKL160W	0.8325
538	YNL307C	0.83242
539	YIL003W	0.83238
540	YPL094C	0.83234
541	YML008C	0.83222
542	YLR347C	0.83211
543	YBR263W	0.83202
544	YBR249C	0.83198
545	YKR097W	0.83195
546	YCL059C	0.83194
547	YDL029W	0.83181
548	YBR078W	0.83174
549	YMR214W	0.83172
550	YNL142W	0.83165
551	YNL302C	0.83162
552	YER125W	0.83159
553	YDR075W	0.83153
554	YML018C	0.83142
555	YDR502C	0.83137
556	YOL147C	0.83136
557	YGL126W	0.83131
558	YBL076C	0.83129
559	YOR153W	0.83122
560	YDR212W	0.83119
561	YPL079W	0.83108
562	YBR191W	0.83102
563	YOL094C	0.83101
564	YPR138C	0.83099
565	YLR180W	0.83096
566	YJR139C	0.83075
567	YLR326W	0.83062
568	YLR195C	0.83056
569	YOR361C	0.83053
570	YPR035W	0.83048
571	YFL055W	0.83031
572	YOR145C	0.83026
573	YOR375C	0.83022
574	YNL335W	0.83018
575	YFL061W	0.83018
576	YPL081W	0.83017
577	YOL127W	0.83014
578	YDL087C	0.83008
579	YLR175W	0.8299
580	YGR043C	0.82981
581	YPL199C	0.82979
582	YOR327C	0.82979
583	YGL043W	0.82969
584	YKL170W	0.82968
585	YPL031C	0.82952
586	YOL030W	0.82947
587	YCL010C	0.82946
588	YOR004W	0.82934
589	YDR092W	0.82929
590	YOL084W	0.82923
591	YDR536W	0.82918
592	YPR074C	0.82918
593	YJL001W	0.82908
594	YER031C	0.82897
595	YBR298C	0.82887
596	YER009W	0.82887
597	YFL059W	0.82878
598	YJR159W	0.82874
599	YPR103W	0.82873
600	YLR259C	0.82859
601	YLR005W	0.82819
602	YEL011W	0.82813
603	YEL058W	0.82799
604	YGL097W	0.82798
605	YNL232W	0.82796
606	YJR104C	0.82792
607	YMR173W-A	0.82789
608	YKL113C	0.82781
609	YPR069C	0.8277
610	YHR106W	0.82765
611	YOL139C	0.82764
612	YGR245C	0.82756
613	YLR011W	0.82749
614	YCR073W-A	0.82737
615	YHR057C	0.82737
616	YPL246C	0.82731
617	YGR281W	0.82727
618	YGL087C	0.82721
619	YER069W	0.827
620	YMR056C	0.82698
621	YDL134C	0.82695
622	YOR323C	0.82687
623	YEL037C	0.82687
624	YDR406W	0.82681
625	YDL092W	0.82678
626	YNL220W	0.82675
627	YPL226W	0.82671
628	YDR040C	0.8267
629	YLR208W	0.82669
630	YDL246C	0.82666
631	YER099C	0.82659
632	YGL167C	0.82648
633	YLR384C	0.82647
634	YGL103W	0.82635
635	YML101C	0.82629
636	YLR291C	0.82628
637	YLR197W	0.82627
638	YGL210W	0.82616
639	YNL333W	0.82615
640	YNR036C	0.82615
641	YIR036C	0.82613
642	YOR310C	0.82607
643	YCL033C	0.82607
644	YEL065W	0.82598
645	YGR267C	0.82592
646	YJR074W	0.82589
647	YNL323W	0.82589
648	YJL012C	0.82585
649	YLR160C	0.82583
650	YLR155C	0.82583
651	YLR157C	0.82583
652	YLR158C	0.82583
653	YCL036W	0.82577
654	YBR009C	0.82571
655	YPL015C	0.8256
656	YJL153C	0.82549
657	YDR375C	0.82537
658	YLR359W	0.82536
659	YGR208W	0.82534
660	YPR160W	0.82531
661	YCL040W	0.82528
662	YAL061W	0.82526
663	YNL104C	0.82525
664	YGL200C	0.8251
665	YGR246C	0.82499
666	YOR027W	0.82492
667	YEL046C	0.82489
668	YLR338W	0.82487
669	YLR009W	0.82481
670	YOR084W	0.82466
671	YKR081C	0.82437
672	YOR157C	0.82415
673	YBR189W	0.82411
674	YDR039C	0.82408
675	YLR355C	0.82407
676	YDR167W	0.82403
677	YOL066C	0.82403
678	YGR152C	0.82402
679	YGL076C	0.82395
680	YJR077C	0.82389
681	YDL049C	0.82388
682	YKL009W	0.82385
683	YMR120C	0.82381
684	YER052C	0.82378
685	YDL001W	0.82377
686	YOR202W	0.82376
687	YLR069C	0.82365
688	YIL065C	0.82359
689	YDR121W	0.82346
690	YOL086C	0.82341
691	YKL035W	0.8234
692	YNL268W	0.82335
693	YMR183C	0.82326
694	YFR018C	0.82323
695	YLR330W	0.82317
696	YNR064C	0.82315
697	YHL011C	0.82311
698	YBR234C	0.82309
699	YOL151W	0.82303
700	YPL232W	0.82302
701	YGL220W	0.82302
702	YKR042W	0.82288
703	YNL301C	0.82267
704	YOL120C	0.82267
705	YAL030W	0.82251
706	YCR060W	0.82221
707	YJR058C	0.82219
708	YBL102W	0.82218
709	YGR185C	0.82218
710	YPR088C	0.82213
711	YAL062W	0.82201
712	YPR149W	0.822
713	YDR196C	0.82197
714	YPL135W	0.82197
715	YFR055W	0.82189
716	YNL138W	0.82183
717	Q0045	0.82178
718	YGR121C	0.82173
719	YJL079C	0.82171
720	YOR381W	0.8215
721	YMR314W	0.82148
722	YOR197W	0.82146
723	YPL198W	0.82144
724	YOL039W	0.82139
725	YBR025C	0.82139
726	YHR064C	0.82137
727	YMR271C	0.82134
728	YAL042W	0.82134
729	YNL081C	0.82126
730	YGL221C	0.82125
731	YHL003C	0.82124
732	YDR276C	0.82119
733	YLR029C	0.82103
734	YER145C	0.82098
735	YAL003W	0.82096
736	YLR244C	0.82093
737	YKL220C	0.82089
738	YJR109C	0.82087
739	YMR202W	0.82084
740	YNL132W	0.82081
741	YOR151C	0.82077
742	YMR276W	0.82076
743	YGL122C	0.82074
744	YJL196C	0.82069
745	YKL117W	0.82061
746	YDR038C	0.8206
747	YEL039C	0.82053
748	YBL091C-A	0.82052
749	YKR068C	0.82049
750	YLL056C	0.82043
751	YLR237W	0.82037
752	YOL077C	0.82021
753	YDL051W	0.82012
754	YLR216C	0.82002
755	YDL081C	0.81994
756	YPL213W	0.81984
757	YER089C	0.81975
758	YNL178W	0.81973
759	YIL009W	0.8196
760	YFL056C	0.81954
761	YGL001C	0.81953
762	YPL221W	0.81952
763	YKL033W-A	0.81948
764	YPL275W	0.81944
765	YLR130C	0.81939
766	YPL051W	0.81925
767	YGR279C	0.81905
768	YNR026C	0.81905
769	YGR247W	0.81888
770	YML057W	0.81883
771	YER023W	0.81876
772	YPR033C	0.81869
773	YLR397C	0.81867
774	YKL001C	0.81851
775	YBR221C	0.81851
776	YGL245W	0.8185
777	YJL198W	0.81846
778	YJR073C	0.81846
779	YER086W	0.81836
780	YIL169C	0.81821
781	YML001W	0.81813
782	YPR163C	0.81813
783	YKL207W	0.81813
784	YGL163C	0.81794
785	YMR121C	0.81791
786	YAL036C	0.81789
787	YJR017C	0.81784
788	YKL080W	0.81771
789	YBL015W	0.8177
790	YDR304C	0.8177
791	YER110C	0.81758
792	YDR258C	0.81753
793	YMR226C	0.81744
794	YER006W	0.8174
795	YPL276W	0.81739
796	YER019W	0.81716
797	YPL259C	0.81705
798	YJR143C	0.81699
799	YLR378C	0.81685
800	YEL030W	0.81677
801	YER091C	0.81676
802	YMR095C	0.81668
803	YML098W	0.81667
804	YDL128W	0.81664
805	YHR219W	0.81657
806	YER119C	0.81653
807	YDR519W	0.81651
808	YLR433C	0.81645
809	YDL201W	0.81643
810	YGL002W	0.81639
811	YNL281W	0.81635
812	YGL022W	0.8163
813	YEL063C	0.81626
814	YIR031C	0.8161
815	YNL191W	0.81608
816	YHR135C	0.81606
817	YBL068W	0.81604
818	YML106W	0.81603
819	YLR432W	0.81602
820	YMR217W	0.81599
821	YLR034C	0.81576
822	YBR159W	0.81554
823	YDR139C	0.81542
824	YGR131W	0.81537
825	YMR303C	0.81518
826	YGL105W	0.81518
827	YDR328C	0.81514
828	YBR170C	0.81509
829	YLR213C	0.81501
830	YDL102W	0.815
831	YJR068W	0.815
832	YNL061W	0.81488
833	YGL130W	0.81474
834	YAL035W	0.81474
835	YIR009W	0.81469
836	YEL024W	0.81466
837	YBR038W	0.81465
838	YDR037W	0.81461
839	YOR388C	0.81453
840	YDR050C	0.8145
841	YPR181C	0.81432
842	YDR382W	0.81432
843	YOL129W	0.8143
844	YDL131W	0.81426
845	YER062C	0.81425
846	YDR001C	0.81421
847	YML056C	0.81419
848	YFL037W	0.81411
849	YIL121W	0.81406
850	YLR344W	0.81402
851	YMR266W	0.81387
852	YOR036W	0.8138
853	YBR048W	0.81376
854	YDR025W	0.81376
855	YAR015W	0.81375
856	YGL157W	0.81373
857	YPR145W	0.81365
858	YIL018W	0.81363
859	YFR031C-A	0.81363
860	YDR392W	0.81356
861	YCR068W	0.81354
862	YDR267C	0.81347
863	YNL095C	0.81345
864	YIL142W	0.81336
865	YDL130W	0.81331
866	YFL038C	0.81324
867	YKR012C	0.81316
868	YCL025C	0.81315
869	YKL059C	0.81315
870	YPL187W	0.81315
871	YCR046C	0.81312
872	YNR055C	0.81307
873	YNL202W	0.81304
874	YMR241W	0.81296
875	YDR011W	0.81292
876	YFL022C	0.81287
877	YPL244C	0.81284
878	YBL029C-A	0.81279
879	YHR216W	0.81277
880	YGR285C	0.81273
881	YBR019C	0.81267
882	YER004W	0.81265
883	YCR059C	0.81263
884	YLL039C	0.81245
885	YGR065C	0.81239
886	YJR152W	0.81238
887	YPL175W	0.81233
888	YDL100C	0.81217
889	YLR268W	0.81212
890	YMR305C	0.8121
891	YCR028C	0.81209
892	YGR087C	0.81201
893	YDR093W	0.81199
894	YOL122C	0.81194
895	YOR086C	0.81194
896	YNL117W	0.81191
897	YDL188C	0.81191
898	YNL055C	0.81189
899	YHR163W	0.81188
900	YJL177W	0.81183
901	YNL259C	0.81183
902	YGL201C	0.81181
903	YKL166C	0.81163
904	YMR235C	0.81161
905	YLR354C	0.81147
906	YGR034W	0.81137
907	YNL125C	0.81136
908	YER057C	0.81132
909	YGR289C	0.81117
910	YDR297W	0.81103
911	YOR348C	0.81103
912	YDR397C	0.81096
913	YJL124C	0.81094
914	YNL007C	0.81088
915	YHL018W	0.81083
916	YIR034C	0.81082
917	YIL043C	0.81062
918	YNL264C	0.81053
919	YPL169C	0.8105
920	YLR447C	0.8105
921	YIR028W	0.81046
922	YPL281C	0.81042
923	YOR393W	0.81042
924	YER131W	0.81039
925	YLR043C	0.81037
926	YJL218W	0.81035
927	YKR026C	0.81015
928	YMR069W	0.81009
929	YMR279C	0.81006
930	YGR055W	0.81003
931	YBL050W	0.81003
932	YDR384C	0.8098
933	YOR116C	0.80979
934	YGR240C	0.80972
935	YMR108W	0.80972
936	YBR117C	0.8097
937	YOR168W	0.80963
938	YLR264W	0.80962
939	YPL217C	0.8095
940	YOR317W	0.80949
941	YLR281C	0.80948
942	YKL180W	0.80943
943	YDR232W	0.80941
944	YIR035C	0.80934
945	YCR087C-A	0.80933
946	YBR145W	0.80929
947	YDL213C	0.80928
948	YNL270C	0.80927
949	YGL031C	0.80923
950	YGL189C	0.80921
951	YOR196C	0.80904
952	YPR051W	0.80902
953	YDR321W	0.80899
954	YJR124C	0.80898
955	YLR055C	0.80894
956	YBR202W	0.80885
957	YOR006C	0.80885
958	YMR310C	0.80883
959	YBR114W	0.80867
960	YPL028W	0.80861
961	YBL036C	0.8086
962	YGL106W	0.80849
963	YMR194W	0.80841
964	YDR487C	0.80834
965	YOR217W	0.8083
966	YMR323W	0.8082
967	YLR129W	0.80819
968	YDL243C	0.80819
969	YPL151C	0.80818
970	YAL023C	0.80815
971	YNL274C	0.80815
972	YGR175C	0.80807
973	YNR060W	0.808
974	YDL144C	0.80799
975	YOR226C	0.80792
976	YOR092W	0.8079
977	YMR054W	0.80781
978	YDL136W	0.80777
979	YDL191W	0.80777
980	YDL135C	0.80777
981	YGR148C	0.80773
982	YKR013W	0.80772
983	YBR228W	0.80768
984	YDR433W	0.80765
985	YOR108W	0.80764
986	YLR420W	0.80754
987	YEL040W	0.8075
988	YNL331C	0.80744
989	YHR005C-A	0.80743
990	YPL090C	0.80738
991	YBR181C	0.80738
992	YIL165C	0.8073
993	YER002W	0.80729
994	YER174C	0.80728
995	YKL081W	0.80724
996	YOR167C	0.80722
997	YJR160C	0.80721
998	YGL171W	0.80719
999	YKL078W	0.80713
1000	YKL148C	0.80711
1001	YPL249C-A	0.80705
1002	YBL022C	0.80704
1003	YJL055W	0.807
1004	YGL026C	0.807
1005	YML094W	0.80696
1006	YFR051C	0.80679
1007	YDR448W	0.80678
1008	YMR194C-B	0.80676
1009	YOL142W	0.80673
1010	YCL017C	0.80667
1011	YMR288W	0.80664
1012	YBR222C	0.80662
1013	YIL001W	0.80653
1014	YOR380W	0.8065
1015	YBR267W	0.80645
1016	YJR049C	0.80644
1017	YBL041W	0.80643
1018	YER026C	0.80641
1019	YAR035W	0.80635
1020	YGR248W	0.80625
1021	YPL004C	0.80622
1022	YML067C	0.80613
1023	YLR342W	0.80613
1024	YDL145C	0.80596
1025	YKR018C	0.80595
1026	YHR066W	0.80594
1027	YML022W	0.80584
1028	YNL123W	0.80574
1029	YJR095W	0.80572
1030	YGL039W	0.8057
1031	YOR128C	0.80569
1032	YNL044W	0.80565
1033	YJL174W	0.80564
1034	YGL252C	0.80556
1035	YNR057C	0.80553
1036	YGR060W	0.80552
1037	YML079W	0.80551
1038	YBR126C	0.8055
1039	YIR019C	0.80542
1040	YCL035C	0.80538
1041	YNR048W	0.80536
1042	YNL277W	0.80534
1043	YAL060W	0.8053
1044	YLR276C	0.80529
1045	YLR092W	0.80525
1046	YGL207W	0.80523
1047	YML010W	0.80519
1048	YHR191C	0.80515
1049	YGR191W	0.80508
1050	YOR103C	0.80497
1051	YHR027C	0.80493
1052	YDL164C	0.80488
1053	YKL210W	0.80484
1054	YPL231W	0.80479
1055	YBR235W	0.8047
1056	YJL116C	0.80468
1057	YJR048W	0.80465
1058	YIL053W	0.80463
1059	YDL212W	0.8046
1060	YCL073C	0.80453
1061	YAL054C	0.80452
1062	YAR007C	0.80452
1063	YDR534C	0.80447
1064	YGR048W	0.80445
1065	YER090W	0.80436
1066	YMR315W	0.80433
1067	YNR043W	0.80431
1068	YDL095W	0.80414
1069	YGL234W	0.80411
1070	YKL060C	0.8041
1071	YPL010W	0.80408
1072	YGR209C	0.80407
1073	YJL065C	0.80399
1074	YFL002C	0.80394
1075	YBR011C	0.8038
1076	YEL032W	0.80379
1077	YDR032C	0.80361
1078	YJL094C	0.80355
1079	YIR037W	0.80347
1080	YGR220C	0.80346
1081	YMR080C	0.80342
1082	YDL185W	0.80329
1083	YER094C	0.80323
1084	YDR090C	0.80323
1085	YCR004C	0.80322
1086	YDR193W	0.80319
1087	YGR286C	0.80311
1088	YMR197C	0.80304
1089	YHR050W	0.803
1090	YLR060W	0.80297
1091	YDR056C	0.80296
1092	YIR012W	0.80292
1093	YCR072C	0.80289
1094	YMR286W	0.80284
1095	YDR541C	0.80283
1096	YPR082C	0.8027
1097	YCR048W	0.80265
1098	YDL007W	0.80258
1099	YPL042C	0.80248
1100	YNR034W	0.80242
1101	YBL057C	0.80229
1102	YKR106W	0.80214
1103	YBL023C	0.80211
1104	YBL039C	0.80195
1105	YMR221C	0.80195
1106	YDL147W	0.80181
1107	YHR005C	0.80168
1108	YNL111C	0.80166
1109	YPL160W	0.80163
1110	YDL230W	0.80144
1111	YOR074C	0.80143
1112	YKL021C	0.80143
1113	YGR100W	0.80142
1114	YPL048W	0.80134
1115	YAR050W	0.80132
1116	YML028W	0.80131
1117	YBR167C	0.8013
1118	YOR192C	0.80129
1119	YHR020W	0.80123
1120	YOR283W	0.80122
1121	YML021C	0.80111
1122	YDL125C	0.80106
1123	YAL044W-A	0.80103
1124	YBR155W	0.80094
1125	YML080W	0.80079
1126	YKL039W	0.80077
1127	YOR326W	0.80075
1128	YIL094C	0.80074
1129	YJR121W	0.80073
1130	YEL050C	0.80067
1131	YMR008C	0.80064
1132	YLR429W	0.80057
1133	YLR038C	0.80056
1134	YJR112W-A	0.80054
1135	YPL212C	0.80051
1136	YFR032C	0.80046
1137	YOR332W	0.80038
1138	YFL005W	0.80036
1139	YLL028W	0.80034
1140	YGR032W	0.80028
1141	YER073W	0.80028
1142	YNL154C	0.80006
1143	YDR120C	0.80003
1144	YGR124W	0.7999
1145	YEL038W	0.7999
1146	YBR265W	0.79986
1147	YIL020C	0.79985
1148	YKL046C	0.79983
1149	YDL052C	0.79981
1150	YKL084W	0.79975
1151	YOR328W	0.79969
1152	YOR087W	0.79965
1153	YMR093W	0.79951
1154	YJL143W	0.79947
1155	YEL001C	0.79942
1156	YHL006C	0.79934
1157	YGL139W	0.79928
1158	YNL175C	0.79926
1159	YOR252W	0.79919
1160	YKL027W	0.79919
1161	YLR348C	0.79918
1162	YLR438W	0.79915
1163	YML075C	0.79906
1164	YKL028W	0.79899
1165	YNL108C	0.79897
1166	YOR091W	0.79883
1167	YNL066W	0.7988
1168	YLR277C	0.79875
1169	YGR180C	0.79874
1170	YGL047W	0.79874
1171	YER044C	0.7986
1172	YGR135W	0.79854
1173	YBL042C	0.79852
1174	YBR243C	0.7985
1175	YIL116W	0.79849
1176	YGR138C	0.79847
1177	YJR072C	0.79845
1178	YKL127W	0.79844
1179	YFL057C	0.79843
1180	YMR242C	0.79841
1181	YOR312C	0.79841
1182	YKL212W	0.79831
1183	YJL045W	0.79829
1184	YBR034C	0.79823
1185	YOR321W	0.79822
1186	YDL057W	0.79821
1187	YOL016C	0.79821
1188	YBR210W	0.79812
1189	YGL040C	0.79811
1190	YBR248C	0.79805
1191	YER070W	0.79804
1192	YNL093W	0.79801
1193	YDR533C	0.79799
1194	YKL128C	0.79793
1195	YDR516C	0.79788
1196	YJL171C	0.79785
1197	YOL075C	0.79785
1198	YOR077W	0.79774
1199	YGL115W	0.79768
1200	YPR194C	0.79762
1201	YMR285C	0.79761
1202	YIL109C	0.7976
1203	YDR046C	0.79759
1204	YNR020C	0.79745
1205	YIL123W	0.7974
1206	YOR207C	0.79737
1207	YMR071C	0.79736
1208	YEL020W-A	0.79733
1209	YDL031W	0.79732
1210	YLR121C	0.79724
1211	YAL049C	0.79709
1212	YDR055W	0.79693
1213	YBL038W	0.79679
1214	YFL018C	0.79675
1215	YPL154C	0.79672
1216	YLR209C	0.79672
1217	YOR131C	0.7967
1218	YJL130C	0.79651
1219	YDR508C	0.79651
1220	YOR294W	0.7965
1221	YOL086W-A	0.79643
1222	YLR398C	0.79638
1223	YIL062C	0.79625
1224	YDR497C	0.79622
1225	YOL006C	0.79619
1226	YLR066W	0.79617
1227	YBR162W-A	0.79605
1228	YJR001W	0.79601
1229	YJL210W	0.79596
1230	YMR319C	0.7959
1231	YGR021W	0.79589
1232	YHR040W	0.79582
1233	YPL012W	0.79581
1234	YER029C	0.79575
1235	YIL120W	0.79571
1236	YJL035C	0.79567
1237	YDR188W	0.79565
1238	YGL100W	0.79559
1239	YDR041W	0.79559
1240	YDR074W	0.79545
1241	YER082C	0.79541
1242	YDL046W	0.79538
1243	YDR062W	0.79538
1244	YNL275W	0.79529
1245	YDR148C	0.79527
1246	YLR409C	0.79524
1247	YGR155W	0.79512
1248	YIR022W	0.79508
1249	YGL119W	0.79504
1250	YKR093W	0.79502
1251	YBL018C	0.79498
1252	YFR044C	0.79494
1253	YOR265W	0.79486
1254	YJL179W	0.79485
1255	YCL018W	0.79482
1256	YLL018C-A	0.79481
1257	YPL050C	0.79479
1258	YJL063C	0.79467
1259	YOR303W	0.79464
1260	YML009C	0.79457
1261	YBR295W	0.79447
1262	YGR163W	0.79441
1263	YDR408C	0.79434
1264	YFL060C	0.79433
1265	YJR155W	0.7943
1266	YER126C	0.79423
1267	YLR286C	0.79419
1268	YDL210W	0.79418
1269	YJR123W	0.79414
1270	YCL043C	0.79413
1271	YIL048W	0.79408
1272	YOR341W	0.79403
1273	YBR245C	0.79385
1274	YIL114C	0.79385
1275	YML014W	0.79383
1276	YMR090W	0.79375
1277	YOR206W	0.79372
1278	YDR312W	0.79368
1279	YOR394W	0.79364
1280	YPL282C	0.79364
1281	YEL059C-A	0.79362
1282	YHR012W	0.79361
1283	YPR100W	0.79358
1284	YER065C	0.79336
1285	YNL240C	0.79329
1286	YNL194C	0.79315
1287	YLR145W	0.79312
1288	YIR015W	0.79303
1289	YDR313C	0.793
1290	YGR264C	0.79282
1291	YOL080C	0.79279
1292	YCL030C	0.79276
1293	YBR112C	0.79267
1294	YGL208W	0.79262
1295	YML078W	0.79254
1296	YOL132W	0.79252
1297	YMR318C	0.79249
1298	YMR316C-B	0.79245
1299	YHR190W	0.79236
1300	YLR172C	0.79233
1301	YIL145C	0.79232
1302	YDR488C	0.7923
1303	YOR071C	0.7923
1304	YNL231C	0.79229
1305	YJL212C	0.79223
1306	YAL039C	0.79221
1307	YKR040C	0.79219
1308	YOR243C	0.79219
1309	YLR328W	0.79218
1310	YLL025W	0.79211
1311	YDR063W	0.79208
1312	YNL072W	0.79208
1313	YBR286W	0.79206
1314	YFL053W	0.79197
1315	YLL055W	0.79194
1316	YPR081C	0.7919
1317	YHR088W	0.7919
1318	YDL247W	0.7919
1319	YLR137W	0.79178
1320	YKL053C-A	0.79174
1321	YGL020C	0.79174
1322	YOL041C	0.79173
1323	YIL035C	0.79168
1324	YLR218C	0.79155
1325	YDL018C	0.79141
1326	YPR010C	0.79139
1327	YHR026W	0.79129
1328	YNL134C	0.79122
1329	YGL206C	0.79122
1330	YDR177W	0.79121
1331	YJL208C	0.79118
1332	YOR358W	0.79113
1333	YBR084C-A	0.79112
1334	YBL027W	0.79112
1335	YJL158C	0.7911
1336	YBR294W	0.79109
1337	YER120W	0.79103
1338	YPR112C	0.79102
1339	YMR210W	0.791
1340	YHR147C	0.79099
1341	YGR200C	0.79096
1342	YAL063C	0.79096
1343	YNL024C	0.79087
1344	YDR214W	0.79087
1345	YKL029C	0.79077
1346	YCR051W	0.79064
1347	YBR020W	0.79055
1348	YOR099W	0.79053
1349	YBR021W	0.79051
1350	YOR339C	0.79051
1351	YIL124W	0.7904
1352	YER143W	0.79035
1353	YPL206C	0.79034
1354	YDR539W	0.79026
1355	YAL053W	0.79021
1356	YHR211W	0.79019
1357	YGL012W	0.79018
1358	YOR126C	0.79017
1359	YJR070C	0.78994
1360	YOR007C	0.78992
1361	YLR059C	0.78987
1362	YHR042W	0.78983
1363	YIL066C	0.78974
1364	YDL123W	0.78973
1365	YDR453C	0.78971
1366	YLR037C	0.78967
1367	YIR026C	0.78965
1368	YOR155C	0.78958
1369	YOR039W	0.78957
1370	YNR070W	0.7895
1371	YIL103W	0.78937
1372	YCL042W	0.78923
1373	YNL334C	0.78916
1374	YLR245C	0.78916
1375	YNL057W	0.78913
1376	YBR223W-A	0.7891
1377	YHL017W	0.78908
1378	YOL103W	0.78895
1379	YMR263W	0.78889
1380	YHL042W	0.78883
1381	YPR004C	0.7888
1382	YKL181W	0.78877
1383	YGL212W	0.78872
1384	YDR047W	0.78865
1385	YBR039W	0.78864
1386	YBR043C	0.78854
1387	YFR028C	0.7885
1388	YJL128C	0.78849
1389	YGR203W	0.78842
1390	YPL204W	0.78837
1391	YPR056W	0.78835
1392	YKL003C	0.78834
1393	YEL042W	0.78833
1394	YMR301C	0.78833
1395	YOL124C	0.78831
1396	YDL086W	0.78823
1397	YIL064W	0.78816
1398	YBR088C	0.78803
1399	YPL111W	0.78801
1400	YDL227C	0.78799
1401	YDR135C	0.78796
1402	YOR055W	0.78786
1403	YFR010W	0.78784
1404	YLR304C	0.78771
1405	YML074C	0.78767
1406	YMR244W	0.78758
1407	YNR032W	0.78757
1408	YKL094W	0.78752
1409	YLR449W	0.78752
1410	YBL032W	0.78749
1411	YLR411W	0.78744
1412	YOL055C	0.78742
1413	YER185W	0.78734
1414	YDR398W	0.78728
1415	YGR007W	0.78726
1416	YKL213C	0.78725
1417	YBR137W	0.78721
1418	YOR163W	0.78712
1419	YKR062W	0.78711
1420	YPL264C	0.78695
1421	YBR008C	0.78686
1422	YER142C	0.78681
1423	YGR197C	0.78679
1424	YJR148W	0.78676
1425	YMR058W	0.78673
1426	YLL063C	0.78662
1427	YGL148W	0.78658
1428	YGR037C	0.78643
1429	YBL105C	0.7864
1430	YNR074C	0.78638
1431	YFL028C	0.78631
1432	YOR063W	0.78622
1433	YHR208W	0.78612
1434	YOR367W	0.78606
1435	YPR024W	0.78606
1436	YMR224C	0.78593
1437	YOR024W	0.78589
1438	YHR029C	0.78586
1439	YLR152C	0.78583
1440	YBL092W	0.78578
1441	YCR013C	0.78573
1442	YML052W	0.78571
1443	YGL232W	0.7857
1444	YDR465C	0.78564
1445	YMR325W	0.78548
1446	YGR159C	0.78548
1447	YMR132C	0.78542
1448	YMR105C	0.78541
1449	YML035C	0.78541
1450	YIR013C	0.7854
1451	YLR141W	0.78538
1452	YDR182W-A	0.78538
1453	YNL087W	0.78521
1454	YPR094W	0.78518
1455	YMR243C	0.78514
1456	YBR146W	0.78511
1457	YER162C	0.78507
1458	YCR008W	0.78499
1459	YDL085C-A	0.7849
1460	YPR087W	0.78488
1461	YML092C	0.78484
1462	YBL072C	0.7848
1463	YER102W	0.7848
1464	YDR084C	0.78479
1465	YIR041W	0.78454
1466	YKL191W	0.78451
1467	YOR142W	0.7845
1468	YDR294C	0.7845
1469	YHR039C-A	0.78443
1470	YDR105C	0.78435
1471	YBR079C	0.78434
1472	YGR029W	0.78416
1473	YLR243W	0.78413
1474	YDR337W	0.78409
1475	YHL034C	0.78403
1476	YBR006W	0.78402
1477	YJR015W	0.78399
1478	YDR083W	0.78394
1479	YKL224C	0.78392
1480	YEL020C	0.7839
1481	YJL024C	0.78388
1482	YDL045W-A	0.78387
1483	YKR043C	0.78382
1484	YAL012W	0.78374
1485	YMR180C	0.78358
1486	YPL091W	0.78357
1487	YHR034C	0.78356
1488	YOR273C	0.78353
1489	YOR048C	0.78348
1490	YDR490C	0.78345
1491	YDL072C	0.78341
1492	YKL041W	0.7834
1493	YOR304W	0.78336
1494	YBR162C	0.78325
1495	YJL002C	0.78323
1496	YEL064C	0.78319
1497	YOL062C	0.78315
1498	YIR008C	0.78304
1499	YGL017W	0.78303
1500	YJR084W	0.78303
1501	YDR493W	0.78296
1502	YLR078C	0.78284
1503	YIL162W	0.78282
1504	YGR082W	0.7828
1505	YBR291C	0.78276
1506	YBR242W	0.78275
1507	YBR087W	0.78263
1508	YDL103C	0.78262
1509	YKL172W	0.7826
1510	YPR131C	0.78251
1511	YMR096W	0.78249
1512	YJR151C	0.78241
1513	YER015W	0.78238
1514	YNL222W	0.78229
1515	YDR456W	0.78224
1516	YKR066C	0.78223
1517	YJR010C-A	0.78205
1518	YCR034W	0.78205
1519	YGR103W	0.78203
1520	YJL216C	0.78202
1521	YIR002C	0.78201
1522	YOR253W	0.78194
1523	YKR053C	0.78192
1524	YGR244C	0.7818
1525	YJL080C	0.78178
1526	YNR065C	0.78176
1527	YGL186C	0.78169
1528	YDR256C	0.78166
1529	YNL203C	0.7816
1530	YNL153C	0.78156
1531	YFL020C	0.78152
1532	YMR225C	0.78152
1533	YCR027C	0.78142
1534	YNR034W-A	0.78141
1535	YDR399W	0.78128
1536	YLR412W	0.78125
1537	YHR132C	0.78124
1538	YER003C	0.78123
1539	YER053C	0.78118
1540	YEL044W	0.78113
1541	YGR213C	0.7811
1542	YCR104W	0.78106
1543	YHR044C	0.78103
1544	YLR022C	0.78101
1545	YLR377C	0.7809
1546	YDR112W	0.7809
1547	YIL160C	0.78088
1548	YPR019W	0.78077
1549	YHR168W	0.78075
1550	YHR032W	0.78073
1551	YGL009C	0.78073
1552	YJL087C	0.78072
1553	YOL093W	0.78069
1554	YKL107W	0.78062
1555	YLR324W	0.78062
1556	YPR028W	0.78025
1557	YPR197C	0.78008
1558	YLR192C	0.78006
1559	YFL017C	0.77985
1560	YFR031C	0.77984
1561	YLR138W	0.77983
1562	YMR297W	0.77982
1563	YDR264C	0.77964
1564	YPL095C	0.77961
1565	YMR084W	0.77955
1566	YPR133C	0.77955
1567	YPL208W	0.77953
1568	YNR046W	0.7794
1569	YDR368W	0.77938
1570	YIL010W	0.77923
1571	YLR339C	0.77917
1572	YNR076W	0.77905
1573	YLL064C	0.77905
1574	YLR461W	0.779
1575	YKL157W	0.77891
1576	YGR181W	0.77884
1577	YAL007C	0.77878
1578	YLL058W	0.77858
1579	YBR256C	0.77849
1580	YDL132W	0.77846
1581	YOR384W	0.77842
1582	YPL207W	0.77834
1583	YBL040C	0.77833
1584	YPL265W	0.77831
1585	YLL023C	0.77828
1586	YDR542W	0.77826
1587	YDR483W	0.77823
1588	YBR001C	0.77818
1589	YOR119C	0.77816
1590	YBR287W	0.77805
1591	YMR272C	0.77803
1592	YDR402C	0.77792
1593	YMR308C	0.77789
1594	YJR024C	0.77787
1595	YHR142W	0.77784
1596	YGR005C	0.77783
1597	YAL068C	0.7778
1598	YBL108C-A	0.7778
1599	YGL261C	0.7778
1600	YBR015C	0.77779
1601	YJR016C	0.77778
1602	YHR043C	0.77774
1603	YGR004W	0.77771
1604	YOR335C	0.77761
1605	YNL110C	0.77761
1606	YHR074W	0.77748
1607	YKR050W	0.77742
1608	YNL322C	0.77739
1609	YBR046C	0.77736
1610	YCR005C	0.77734
1611	YMR089C	0.77729
1612	YHR013C	0.77728
1613	YML064C	0.77724
1614	YHL046C	0.77721
1615	YML068W	0.77709
1616	YNL200C	0.77706
1617	YAL009W	0.77706
1618	YJR085C	0.77702
1619	YPR193C	0.77697
1620	YBR113W	0.77697
1621	YDR272W	0.77696
1622	YLR126C	0.77693
1623	YGR094W	0.77691
1624	YBR251W	0.77682
1625	YGR283C	0.77681
1626	YFL041W	0.77681
1627	YMR009W	0.77672
1628	YKL135C	0.77663
1629	YPR156C	0.77657
1630	YDL218W	0.77647
1631	YPL134C	0.77642
1632	YPR176C	0.7764
1633	YGR224W	0.77633
1634	YML126C	0.77627
1635	YGL190C	0.77619
1636	YCL011C	0.77617
1637	YPR107C	0.7761
1638	YLR008C	0.77607
1639	YEL060C	0.77607
1640	YHR144C	0.77602
1641	YNL099C	0.77596
1642	YMR215W	0.77595
1643	YPL274W	0.77594
1644	YNL284C	0.77588
1645	YER017C	0.77586
1646	YJR113C	0.77585
1647	YJL160C	0.7758
1648	YKR102W	0.77574
1649	YOL125W	0.77561
1650	YOL059W	0.77557
1651	YGR074W	0.77552
1652	YOR250C	0.77544
1653	YOR010C	0.77536
1654	YJL068C	0.77532
1655	YOR013W	0.7753
1656	YBL001C	0.77525
1657	YBR029C	0.77522
1658	YML116W	0.77507
1659	YDL036C	0.77504
1660	YIL106W	0.77504
1661	YPL046C	0.77504
1662	YCR061W	0.77501
1663	YLL041C	0.77499
1664	YDR007W	0.77498
1665	YPL173W	0.77495
1666	YLR004C	0.77487
1667	YOL165C	0.77481
1668	YIL075C	0.77474
1669	YKL085W	0.77474
1670	YBL100C	0.77465
1671	YGR271W	0.77454
1672	YGR031W	0.77444
1673	YBL007C	0.77442
1674	YLR181C	0.77441
1675	YOR261C	0.77435
1676	YBR037C	0.77432
1677	YBL082C	0.7743
1678	YLR399C	0.77425
1679	YFR047C	0.77422
1680	YNL162W-A	0.77414
1681	YML131W	0.7741
1682	YFL016C	0.77408
1683	YDR291W	0.77406
1684	YJL175W	0.77405
1685	YFR030W	0.774
1686	YDR237W	0.77399
1687	YML125C	0.77397
1688	YBR092C	0.77396
1689	YNL023C	0.77395
1690	YPL258C	0.77395
1691	YAL067C	0.77388
1692	YNR071C	0.77388
1693	YIL155C	0.77387
1694	YPL092W	0.77382
1695	YGL077C	0.77381
1696	YEL041W	0.77379
1697	YBR236C	0.77376
1698	YNL287W	0.77365
1699	YNL248C	0.77361
1700	YMR092C	0.77354
1701	YDR013W	0.77342
1702	YHR063C	0.77337
1703	YGR294W	0.77331
1704	YJL145W	0.77325
1705	YPL153C	0.77311
1706	YOR213C	0.77306
1707	YKL069W	0.773
1708	YNL312W	0.77279
1709	YGL006W	0.77278
1710	YDR378C	0.77275
1711	YCR037C	0.77274
1712	YIL164C	0.77271
1713	YMR262W	0.77264
1714	YCR075W-A	0.77255
1715	YMR178W	0.77247
1716	YHR213W	0.77244
1717	YAR062W	0.77244
1718	YJR020W	0.77233
1719	YBR073W	0.77224
1720	YBR068C	0.77223
1721	YHR047C	0.77216
1722	YMR238W	0.77215
1723	YHR175W	0.7721
1724	YNL282W	0.7721
1725	YBR264C	0.77203
1726	YPL122C	0.77203
1727	YLR017W	0.77201
1728	YLL011W	0.77195
1729	YJR103W	0.77194
1730	YJL104W	0.77194
1731	YLR174W	0.77193
1732	YOR391C	0.77192
1733	YDL124W	0.77181
1734	YML055W	0.77178
1735	YML025C	0.77173
1736	YIL176C	0.77172
1737	YJL223C	0.77172
1738	YPL262W	0.77162
1739	YPR180W	0.77158
1740	YNL071W	0.77156
1741	YLR426W	0.77155
1742	YLR065C	0.77155
1743	YPL006W	0.77155
1744	YNR019W	0.7713
1745	YMR006C	0.77129
1746	YOL154W	0.77123
1747	YDR411C	0.77112
1748	YPL002C	0.7711
1749	YCR069W	0.77105
1750	YGL037C	0.77098
1751	YJR116W	0.77097
1752	YBR301W	0.77097
1753	YOR209C	0.77095
1754	YOR161W-B	0.77092
1755	YKR035W-A	0.77088
1756	YDL110C	0.77087
1757	YOR034C	0.77069
1758	YGR092W	0.77068
1759	YOR236W	0.77065
1760	YBR115C	0.77041
1761	YGR095C	0.7704
1762	YGL029W	0.7704
1763	YNL207W	0.77038
1764	YDR140W	0.7703
1765	YKR105C	0.77018
1766	YNL001W	0.77017
1767	YJR064W	0.77016
1768	YMR049C	0.76996
1769	YHR025W	0.76995
1770	YMR123W	0.7699
1771	YEL071W	0.76983
1772	YDL060W	0.76981
1773	YKR024C	0.76966
1774	YFR024C-A	0.76963
1775	YKL184W	0.76959
1776	YDL200C	0.76946
1777	YMR083W	0.76945
1778	YMR169C	0.76938
1779	YNL137C	0.76931
1780	YGR189C	0.76927
1781	YCR011C	0.76925
1782	YBR214W	0.76923
1783	YNR001C	0.7692
1784	YML065W	0.76918
1785	YPR128C	0.76914
1786	YGL068W	0.76913
1787	YOR065W	0.76889
1788	YLR418C	0.76888
1789	YDL004W	0.76887
1790	YLR027C	0.76884
1791	YDL202W	0.76878
1792	YOL161C	0.76872
1793	YHR031C	0.76869
1794	YOR045W	0.76863
1795	YOR222W	0.76862
1796	YNR013C	0.76861
1797	YKL144C	0.76853
1798	YNR011C	0.76844
1799	YCL054W	0.76844
1800	YLR410W	0.76831
1801	YDL155W	0.76831
1802	YOL090W	0.76831
1803	YLR364W	0.76828
1804	YER063W	0.76824
1805	YEL049W	0.76822
1806	YHR179W	0.7682
1807	YIL166C	0.76819
1808	YOR356W	0.7681
1809	YCR028C-A	0.76807
1810	YGR086C	0.76797
1811	YOR095C	0.76791
1812	YPR167C	0.7679
1813	YBR023C	0.76787
1814	YLR179C	0.76768
1815	YGR144W	0.76761
1816	YBR091C	0.7675
1817	YPR121W	0.76727
1818	YNL246W	0.76722
1819	YLR188W	0.76721
1820	YKL095W	0.767
1821	YOR101W	0.76698
1822	YGL224C	0.76688
1823	YCR017C	0.76686
1824	YFL048C	0.76683
1825	YJL134W	0.76679
1826	YOR295W	0.76676
1827	YOL112W	0.76668
1828	YER176W	0.76668
1829	YMR196W	0.76659
1830	YFL001W	0.76651
1831	YOR239W	0.76649
1832	YPR034W	0.76647
1833	YOL157C	0.76636
1834	YIR004W	0.76634
1835	YBR035C	0.76631
1836	YLR279W	0.76628
1837	YGR287C	0.76627
1838	YHL026C	0.76624
1839	YMR193W	0.76613
1840	YLR241W	0.7661
1841	YMR022W	0.76607
1842	YDR100W	0.76607
1843	YPR025C	0.76605
1844	YDR098C	0.76604
1845	YOL065C	0.76603
1846	YFR050C	0.76599
1847	YER027C	0.76589
1848	YDR525W-A	0.76575
1849	YKR025W	0.76566
1850	YLR262C-A	0.76564
1851	YPL170W	0.76559
1852	YDL011C	0.76557
1853	YPR144C	0.76548
1854	YPR153W	0.76547
1855	YDL080C	0.76541
1856	YGR028W	0.76536
1857	YPL280W	0.76531
1858	YDR298C	0.76531
1859	YMR158W	0.76508
1860	YCR105W	0.76506
1861	YBR208C	0.76506
1862	YIL108W	0.76505
1863	YPL171C	0.76501
1864	YNL079C	0.765
1865	YAL019W	0.76495
1866	YGR022C	0.76491
1867	YLR099C	0.7649
1868	YDL190C	0.76481
1869	YJL041W	0.7648
1870	YHL036W	0.76471
1871	YER147C	0.7647
1872	YGL019W	0.76469
1873	YGL069C	0.76468
1874	YIL100W	0.76464
1875	YNL190W	0.76461
1876	YLL014W	0.76454
1877	YKR084C	0.76451
1878	YPR037C	0.76437
1879	YHR108W	0.76436
1880	YKR095W-A	0.76434
1881	YLR196W	0.7643
1882	YKL202W	0.76419
1883	YPR038W	0.76418
1884	YBR198C	0.76418
1885	YBR090C	0.76415
1886	YBR052C	0.7641
1887	YPL238C	0.76408
1888	YJL151C	0.76407
1889	YLL061W	0.76407
1890	YLR222C	0.76401
1891	YIL172C	0.76395
1892	YJL221C	0.76395
1893	YOL018C	0.76394
1894	YDR035W	0.76391
1895	YLR347W-A	0.76391
1896	YGR260W	0.76388
1897	YHR041C	0.76384
1898	YBR067C	0.76379
1899	YGR271C-A	0.76372
1900	YKL008C	0.76369
1901	YDR111C	0.7636
1902	YPL059W	0.7636
1903	YAL016W	0.76359
1904	YML105C	0.76357
1905	YOR370C	0.76341
1906	YCR076C	0.76336
1907	YDR280W	0.76333
1908	YCR107W	0.76313
1909	YMR322C	0.76306
1910	YJR146W	0.76305
1911	YML077W	0.76304
1912	YLR275W	0.76303
1913	YPR188C	0.763
1914	YIL118W	0.76293
1915	YLR220W	0.76286
1916	YPR064W	0.76286
1917	YER013W	0.76285
1918	YGR083C	0.76283
1919	YBL011W	0.76282
1920	YKR009C	0.76282
1921	YBR132C	0.76269
1922	YMR306W	0.76267
1923	YLR108C	0.76265
1924	YKL114C	0.76256
1925	YDL174C	0.76255
1926	YMR027W	0.76251
1927	YOL137W	0.7625
1928	YBR283C	0.76247
1929	YAL021C	0.76247
1930	YOR110W	0.76246
1931	YDR234W	0.76246
1932	YNL243W	0.76243
1933	YKL182W	0.76239
1934	YML087C	0.76239
1935	YLR251W	0.76228
1936	YBR221W-A	0.76227
1937	YLR255C	0.76215
1938	YOR351C	0.76215
1939	YHR121W	0.76209
1940	YNL021W	0.76208
1941	YLR150W	0.76206
1942	YBR244W	0.76205
1943	YGR047C	0.76205
1944	YLR382C	0.76203
1945	YDL023C	0.76203
1946	YBR014C	0.76201
1947	YGR243W	0.76197
1948	YOR309C	0.76184
1949	YLL009C	0.76174
1950	YLR214W	0.7617
1951	YBR058C	0.76167
1952	YGL050W	0.76161
1953	YDR468C	0.76159
1954	YIL063C	0.76156
1955	YBR177C	0.7615
1956	YEL047C	0.76144
1957	YEL003W	0.76141
1958	YMR278W	0.76138
1959	YOR357C	0.76136
1960	YNL037C	0.7613
1961	YLR070C	0.76128
1962	YJR096W	0.76125
1963	YMR057C	0.7612
1964	YOR011W	0.76115
1965	YIL126W	0.76104
1966	YOR021C	0.76103
1967	YOR382W	0.76101
1968	YGR010W	0.76098
1969	YHR181W	0.76092
1970	YOR268C	0.76087
1971	YJR133W	0.76083
1972	YOL163W	0.76075
1973	YKL161C	0.76065
1974	YKL120W	0.76062
1975	YPR178W	0.76058
1976	YDL037C	0.76058
1977	YMR268C	0.76058
1978	YAR023C	0.76057
1979	YLL036C	0.76044
1980	YIL011W	0.76042
1981	YNL326C	0.7604
1982	YNL237W	0.76035
1983	YLR189C	0.7602
1984	YLR100W	0.75997
1985	YHR210C	0.75994
1986	YLR003C	0.75993
1987	YOR184W	0.75987
1988	YDL217C	0.75986
1989	YNL088W	0.75978
1990	YGR024C	0.75969
1991	YOR056C	0.75962
1992	YDR362C	0.75959
1993	YBL068W-A	0.75955
1994	YPR137W	0.75954
1995	YBR220C	0.75941
1996	YOR172W	0.75938
1997	YDR060W	0.75919
1998	YER175C	0.75917
1999	YCL074W	0.75914
2000	YKL211C	0.75913
2001	YLR388W	0.75911
2002	YAL029C	0.75904
2003	YIL088C	0.759
2004	YPR186C	0.75898
2005	YCL069W	0.75889
2006	YBL096C	0.75888
2007	YGR078C	0.75875
2008	YLR146C	0.75873
2009	YML072C	0.7587
2010	YMR244C-A	0.75869
2011	YLR203C	0.75867
2012	YOR120W	0.75866
2013	YGR276C	0.75851
2014	YER018C	0.75844
2015	YOL114C	0.75839
2016	YPR111W	0.75838
2017	YDL236W	0.75833
2018	YFR033C	0.75833
2019	YMR145C	0.75821
2020	YER136W	0.75803
2021	YNR015W	0.75799
2022	YNR016C	0.75788
2023	YNL149C	0.75786
2024	YMR239C	0.75784
2025	YNL130C	0.75783
2026	YPR190C	0.75769
2027	YNL059C	0.75768
2028	YIL014W	0.75765
2029	YDR117C	0.75753
2030	YHR052W	0.75751
2031	YCR053W	0.75744
2032	YCL041C	0.75722
2033	YKL056C	0.75721
2034	YER164W	0.75717
2035	YFL008W	0.75714
2036	YNL313C	0.7571
2037	YKR056W	0.75708
2038	YDR438W	0.75689
2039	YLR412C-A	0.75685
2040	YBR254C	0.75679
2041	YDR243C	0.75678
2042	YHR123W	0.75677
2043	YJL078C	0.75676
2044	YER011W	0.75675
2045	YOR162C	0.75672
2046	YLR390W	0.7567
2047	YPL157W	0.75668
2048	YKL030W	0.75666
2049	YBL006W-A	0.75665
2050	YPL037C	0.75665
2051	YOR165W	0.75665
2052	YEL056W	0.75664
2053	YNR027W	0.75659
2054	YBL017C	0.75657
2055	YKR014C	0.75656
2056	YKL004W	0.75652
2057	YDL061C	0.75643
2058	YDR461W	0.75642
2059	YMR085W	0.75635
2060	YNL223W	0.75632
2061	YJR132W	0.75623
2062	YDR482C	0.75613
2063	YFL004W	0.75608
2064	YKR047W	0.75607
2065	YAL016C-A	0.75602
2066	YIR027C	0.75601
2067	YIL016W	0.75599
2068	YFL034C-B	0.75596
2069	YGR019W	0.75592
2070	YGL181W	0.75592
2071	YER156C	0.75577
2072	YPL236C	0.75569
2073	YOL073C	0.75567
2074	YMR220W	0.75544
2075	YMR250W	0.75542
2076	YOL009C	0.75532
2077	YOR009W	0.75531
2078	YOL068C	0.7553
2079	YBR002C	0.75529
2080	YNL329C	0.75524
2081	YOR271C	0.75524
2082	YMR264W	0.75518
2083	YLR072W	0.75516
2084	YIL125W	0.75516
2085	YDR324C	0.75514
2086	YBR190W	0.75512
2087	YJR010W	0.75503
2088	YLR375W	0.75497
2089	YML054C	0.75476
2090	YDR094W	0.75474
2091	YNR051C	0.75441
2092	YMR229C	0.75427
2093	YJL011C	0.75425
2094	YJL115W	0.75424
2095	YMR188C	0.75423
2096	YBL106C	0.75417
2097	YFR038W	0.75416
2098	YJL052C-A	0.75413
2099	YHR182C-A	0.75412
2100	YMR167W	0.75402
2101	Q0050	0.75397
2102	YGR187C	0.75395
2103	YBR183W	0.75391
2104	YPR059C	0.75386
2105	YDR514C	0.75375
2106	YKR088C	0.75374
2107	YKL031W	0.75372
2108	YNL162W	0.75365
2109	YHR141C	0.75365
2110	YJR129C	0.75354
2111	YHR112C	0.75343
2112	YPR003C	0.7534
2113	YMR074C	0.75334
2114	YPR166C	0.75332
2115	YDR164C	0.75326
2116	YOR241W	0.75319
2117	YNR054C	0.75319
2118	YDL193W	0.75312
2119	YOL011W	0.75308
2120	YMR099C	0.75308
2121	YOR109W	0.75277
2122	YLR261C	0.75275
2123	YEL033W	0.75274
2124	YDR209C	0.75273
2125	YOL002C	0.75269
2126	YHR111W	0.7526
2127	YLL029W	0.75257
2128	YGL010W	0.75256
2129	YCR094W	0.75253
2130	YGR145W	0.75253
2131	YGR088W	0.75251
2132	YPR054W	0.7525
2133	YPR011C	0.75249
2134	YMR170C	0.75245
2135	YLR401C	0.75244
2136	YGL240W	0.75242
2137	YOL155C	0.75238
2138	YER152C	0.75226
2139	YLR351C	0.75218
2140	YDR051C	0.75217
2141	YNL121C	0.75216
2142	YBR204C	0.75211
2143	YKL022C	0.7521
2144	YLR026C	0.75208
2145	YHR033W	0.75197
2146	YEL052W	0.75168
2147	YHR129C	0.75166
2148	YPR127W	0.75163
2149	YHR008C	0.75159
2150	YDR009W	0.75156
2151	YIL022W	0.75156
2152	YHR187W	0.75141
2153	YOR102W	0.75141
2154	YJL027C	0.75134
2155	YLR413W	0.75126
2156	YIL068C	0.75123
2157	YGL034C	0.75117
2158	YGL236C	0.75116
2159	YNL160W	0.75086
2160	YNL163C	0.75084
2161	YLR435W	0.75083
2162	YDR270W	0.75083
2163	YER183C	0.75082
2164	YPL024W	0.75057
2165	YFR035C	0.75055
2166	YDR127W	0.75053
2167	YGL111W	0.75052
2168	YNL292W	0.75042
2169	YLR117C	0.75042
2170	YDR191W	0.75032
2171	YOL130W	0.75022
2172	YKL193C	0.75018
2173	YMR251W	0.75018
2174	YDL150W	0.75017
2175	YBR223C	0.75016
2176	YMR138W	0.7501
2177	YDR336W	0.75001
2178	YFL052W	0.74996
2179	YJL060W	0.7499
2180	YGR162W	0.74989
2181	YPR157W	0.74981
2182	YGR229C	0.74972
2183	YFR034W-A	0.7497
2184	YHR039C	0.74968
2185	YDR513W	0.74962
2186	YJL222W	0.74954
2187	YJR137C	0.74953
2188	YPR058W	0.74948
2189	YGR195W	0.74937
2190	YMR304W	0.74937
2191	YOR246C	0.74936
2192	YOR383C	0.74922
2193	YFL042C	0.74922
2194	YJR094W-A	0.74918
2195	YPR043W	0.74918
2196	YDR145W	0.74918
2197	YCR024C-A	0.74916
2198	YAL004W	0.74915
2199	YMR001C	0.74913
2200	YLR120C	0.74894
2201	YBR237W	0.74893
2202	YLR451W	0.74888
2203	YOL034W	0.74886
2204	YBR107C	0.7488
2205	YGL205W	0.74872
2206	YDR415C	0.74868
2207	YJR150C	0.74861
2208	YIL099W	0.74856
2209	YLR287C	0.74853
2210	YCR106W	0.74851
2211	YIL173W	0.74849
2212	YJR141W	0.74848
2213	YJL155C	0.74843
2214	YGL044C	0.74842
2215	YLR280C	0.74837
2216	YPL184C	0.74836
2217	YFR041C	0.74833
2218	YIR023C-A	0.74831
2219	YGL055W	0.74829
2220	YFR005C	0.74818
2221	YFL044C	0.74803
2222	YOR181W	0.748
2223	YAR042W	0.74795
2224	YDR019C	0.74792
2225	YML086C	0.74789
2226	YMR296C	0.74787
2227	YKL103C	0.74785
2228	YLR369W	0.74775
2229	YKL154W	0.74769
2230	YOL067C	0.74768
2231	YOR262W	0.74766
2232	YEL036C	0.74762
2233	YKR001C	0.7476
2234	YLR215C	0.74753
2235	YCR002C	0.74747
2236	YJL088W	0.74744
2237	YMR201C	0.74734
2238	YGL095C	0.74731
2239	YGR125W	0.74724
2240	YJL064W	0.74718
2241	YDR331W	0.74717
2242	YDL096C	0.74708
2243	YJL117W	0.74706
2244	YGL101W	0.747
2245	YFL015W-A	0.747
2246	YGR061C	0.74698
2247	YNR008W	0.74695
2248	YNL212W	0.74692
2249	YGL198W	0.74686
2250	YGL033W	0.74685
2251	YOR049C	0.74684
2252	YLR231C	0.74683
2253	YAL025C	0.74679
2254	YAR003W	0.74679
2255	YGR172C	0.74676
2256	YBR166C	0.74671
2257	YLR307W	0.74667
2258	YGR262C	0.74663
2259	YOL040C	0.74653
2260	YGR012W	0.7465
2261	YOR182C	0.74645
2262	YLR287C-A	0.74645
2263	YMR265C	0.74641
2264	YDR452W	0.74632
2265	YKL126W	0.7463
2266	YKL119C	0.74628
2267	YEL034C-A	0.74617
2268	YJR125C	0.74613
2269	YNL022C	0.74609
2270	YOR161W-A	0.74608
2271	YLR185W	0.74607
2272	YIR029W	0.74603
2273	YDR305C	0.74582
2274	YGR292W	0.74579
2275	YPR092W	0.74577
2276	YHR062C	0.74574
2277	YPL183C	0.74571
2278	YKR051W	0.74569
2279	YIL153W	0.74557
2280	YCR102C	0.74555
2281	YGR141W	0.7455
2282	YFL034W	0.7455
2283	YDR236C	0.74546
2284	YPR170W-B	0.74545
2285	YKL097C	0.74536
2286	YKR048C	0.74527
2287	YGR026W	0.74525
2288	YCL037C	0.74522
2289	YER172C	0.74517
2290	YNL155W	0.74507
2291	YDR320W-B	0.74507
2292	YML070W	0.74499
2293	YFR048W	0.74487
2294	YGR054W	0.74482
2295	YBR103W	0.74479
2296	YOR040W	0.74474
2297	YPR032W	0.74466
2298	YKL187C	0.74464
2299	YPR140W	0.74463
2300	YEL053W-A	0.74463
2301	YJL096W	0.74462
2302	YFR021W	0.74461
2303	YNL016W	0.74456
2304	YMR127C	0.74449
2305	YMR113W	0.74433
2306	YAL022C	0.74427
2307	YBR093C	0.74427
2308	YDR263C	0.74425
2309	YKL065C	0.74423
2310	YHR214W	0.74422
2311	YAR066W	0.74422
2312	YJR149W	0.74421
2313	YMR042W	0.74409
2314	YML057C-A	0.74409
2315	YER030W	0.74405
2316	YLR253W	0.744
2317	YFL030W	0.74399
2318	YBR227C	0.74397
2319	YDL041W	0.74393
2320	YBR126W-B	0.74392
2321	YDR358W	0.74391
2322	YLR262C	0.7439
2323	YIL100C-A	0.7439
2324	YLR421C	0.74382
2325	YMR269W	0.74382
2326	YLR372W	0.74379
2327	YKR067W	0.74375
2328	YBR299W	0.74372
2329	YCR075C	0.74371
2330	YGR186W	0.74369
2331	YLR019W	0.74366
2332	YKR079C	0.74365
2333	YMR302C	0.74364
2334	YMR306C-A	0.74357
2335	YCR038W-A	0.74355
2336	YHR201C	0.74339
2337	YGL089C	0.74334
2338	YNL141W	0.7433
2339	YLR343W	0.74328
2340	YJL028W	0.74328
2341	YCR006C	0.74327
2342	YOR285W	0.74326
2343	YDR498C	0.74323
2344	YER048C	0.74317
2345	YOR316C	0.74314
2346	YDR405W	0.7431
2347	YER088C-A	0.74306
2348	YLR292C	0.74304
2349	YDL040C	0.74303
2350	YHR215W	0.74294
2351	YPL239W	0.74293
2352	YDR175C	0.7429
2353	YDL042C	0.74286
2354	YDR500C	0.7428
2355	YBR268W	0.74276
2356	YPR123C	0.74275
2357	YDL143W	0.74266
2358	YDR334W	0.74264
2359	YDR478W	0.74262
2360	YLR154C-H	0.74262
2361	YLR157C-C	0.74262
2362	YLR159C-A	0.74262
2363	YLR156C-A	0.74262
2364	YJL082W	0.74256
2365	YOR277C	0.74252
2366	YER100W	0.74248
2367	YNL102W	0.74246
2368	YNL305C	0.74237
2369	YJL077W-A	0.74236
2370	YMR218C	0.7423
2371	YDR364C	0.7423
2372	YER134C	0.74229
2373	YLR007W	0.74227
2374	YAR071W	0.74221
2375	YAL044C	0.7422
2376	YJL119C	0.74219
2377	YOR164C	0.74211
2378	YDR044W	0.7421
2379	YJR032W	0.74207
2380	YNL129W	0.74206
2381	YDL093W	0.74204
2382	YLR250W	0.742
2383	YDL238C	0.74199
2384	YFL021C-A	0.74198
2385	YDL079C	0.74198
2386	YGL166W	0.74185
2387	YDR322C-A	0.7418
2388	YBR069C	0.74179
2389	YDL078C	0.74176
2390	YDR459C	0.74174
2391	YML030W	0.7417
2392	YHR161C	0.74153
2393	YNL028W	0.74135
2394	YNR041C	0.74122
2395	YCL026C-A	0.7412
2396	YOR079C	0.7412
2397	YFL050C	0.74117
2398	YJR050W	0.74113
2399	YDR170C	0.74112
2400	YNL065W	0.74106
2401	YOR331C	0.74105
2402	YLR272C	0.74103
2403	YMR161W	0.74103
2404	YFR006W	0.74101
2405	YOR306C	0.74094
2406	YNL260C	0.7409
2407	YLR041W	0.74085
2408	YFL015C	0.74071
2409	YHL004W	0.7407
2410	YHR051W	0.74069
2411	YNL147W	0.74068
2412	YER168C	0.74067
2413	YBR153W	0.74064
2414	YGR107W	0.74059
2415	YKL098W	0.74045
2416	YPR161C	0.74043
2417	YER001W	0.74038
2418	YLL034C	0.74036
2419	YGL242C	0.74035
2420	YAR018C	0.74034
2421	YLR109W	0.74026
2422	YOR139C	0.74015
2423	YLR285W	0.74014
2424	YIL034C	0.74012
2425	YHR180C-B	0.74005
2426	YCR020C	0.74
2427	YKL151C	0.73999
2428	YGR009C	0.73999
2429	YJL125C	0.73996
2430	YNL082W	0.73995
2431	YPL113C	0.73994
2432	YMR242W-A	0.73993
2433	YOR052C	0.73992
2434	YGL074C	0.73991
2435	YDR436W	0.73987
2436	YGL004C	0.73986
2437	YGR242W	0.7398
2438	YIL057C	0.73973
2439	YMR101C	0.73971
2440	YEL045C	0.73966
2441	YIL047C	0.73964
2442	YNL107W	0.73963
2443	YNL177C	0.7396
2444	YBR018C	0.73958
2445	YGL028C	0.73944
2446	YPL132W	0.73935
2447	YER147C-A	0.73919
2448	YLR335W	0.7391
2449	YBR139W	0.739
2450	YGR277C	0.739
2451	YPR120C	0.739
2452	YOR175C	0.73894
2453	YPL214C	0.73891
2454	YFR001W	0.73889
2455	YGR169C-A	0.73888
2456	YCR090C	0.73884
2457	YJR034W	0.7387
2458	YEL002C	0.73867
2459	YHR001W	0.73864
2460	YLR345W	0.73853
2461	YCL048W-A	0.73852
2462	YJL093C	0.73848
2463	YDR211W	0.73847
2464	YJR042W	0.73845
2465	YOR387C	0.73844
2466	YMR131C	0.73839
2467	YKL197C	0.73837
2468	YOR280C	0.73834
2469	YOR318C	0.73834
2470	YHR113W	0.73826
2471	YPR147C	0.73822
2472	YML100W-A	0.73821
2473	YNL181W	0.73821
2474	YOR374W	0.7382
2475	YNL130C-A	0.73814
2476	YCR045W-A	0.73809
2477	YLR460C	0.73807
2478	YNL328C	0.73806
2479	YMR277W	0.73802
2480	YOL085C	0.73799
2481	YNL002C	0.73795
2482	YMR149W	0.73794
2483	YOL092W	0.7379
2484	YLR002C	0.73789
2485	YBR101C	0.73782
2486	YHR003C	0.73781
2487	YBR003W	0.73778
2488	YNR029C	0.73775
2489	YDL141W	0.73775
2490	YLL052C	0.7377
2491	YGR093W	0.73765
2492	YGR236C	0.7376
2493	YKL186C	0.73758
2494	YDL171C	0.73757
2495	YJL003W	0.73744
2496	YNL056W	0.73742
2497	YGL143C	0.73735
2498	YNL229C	0.73732
2499	YGL165C	0.73728
2500	YCL026C-B	0.73717
2501	YJR144W	0.73697
2502	YDR481C	0.73684
2503	YDR530C	0.73675
2504	YPL136W	0.73671
2505	YLR383W	0.73665
2506	YLR178C	0.73665
2507	YDR524C-B	0.73659
2508	YOR254C	0.73654
2509	YIL091C	0.73651
2510	YDR491C	0.73651
2511	YBR084W	0.73643
2512	YPR098C	0.73641
2513	YNL106C	0.73637
2514	YOL119C	0.73634
2515	YDL086C-A	0.73632
2516	YOR232W	0.7363
2517	YIL142C-A	0.7361
2518	YOL072W	0.7361
2519	YJL042W	0.73602
2520	YCR101C	0.73601
2521	YHR117W	0.73601
2522	YLR236C	0.73599
2523	YHR032C-A	0.73595
2524	YLR056W	0.73589
2525	YKL099C	0.73585
2526	YGL183C	0.73582
2527	YNR017W	0.73578
2528	YDR537C	0.73571
2529	YOR311C	0.73565
2530	YJR107W	0.73564
2531	YKL017C	0.73554
2532	YNR052C	0.73547
2533	YDR067C	0.73545
2534	YKL087C	0.73536
2535	YPL222C-A	0.73533
2536	YCL023C	0.73531
2537	YOR223W	0.73527
2538	YIL004C	0.73525
2539	YBL089W	0.73523
2540	YAR019W-A	0.73521
2541	YLR379W-A	0.73519
2542	YPR168W	0.73511
2543	YLR210W	0.7351
2544	YER048W-A	0.73507
2545	YCR084C	0.73505
2546	YGL024W	0.73491
2547	YHR116W	0.73488
2548	YBL056W	0.73486
2549	YAR068W	0.73485
2550	YJL081C	0.73471
2551	YER180C-A	0.73467
2552	YCR050C	0.73462
2553	YFR032C-A	0.7346
2554	YHR104W	0.73454
2555	YNL280C	0.73448
2556	YJR040W	0.73437
2557	YHR214W-A	0.73436
2558	YGL049C	0.73436
2559	YMR086C-A	0.73435
2560	YIL051C	0.73433
2561	YHR048W	0.73432
2562	YOR292C	0.73424
2563	YJL168C	0.7342
2564	YLR046C	0.7342
2565	YKR076W	0.73414
2566	YPL001W	0.73412
2567	YOR201C	0.73412
2568	YKL037W	0.73404
2569	YDR522C	0.734
2570	YDL148C	0.73396
2571	YMR128W	0.73391
2572	YHR087W	0.73388
2573	YHR202W	0.73387
2574	YGL114W	0.73386
2575	YBR149W	0.73384
2576	YDL053C	0.73381
2577	YML009W-B	0.73372
2578	YDL109C	0.73371
2579	YHR194W	0.73368
2580	YMR317W	0.73367
2581	YNR067C	0.73363
2582	YKL096W-A	0.73361
2583	YHR046C	0.7336
2584	YBR230W-A	0.73358
2585	YIL161W	0.73357
2586	YDL213W-A	0.73355
2587	YPL222W	0.7335
2588	YBR053C	0.73346
2589	YDL226C	0.73322
2590	YOR210W	0.73321
2591	YMR213W	0.73319
2592	YCR023C	0.73318
2593	YDL133C-A	0.73312
2594	YDL184C	0.73312
2595	YJR013W	0.7331
2596	YMR290W-A	0.73308
2597	YDR417C	0.73308
2598	YJR131W	0.73307
2599	YBR072W	0.73303
2600	YMR309C	0.73291
2601	YBR231C	0.7329
2602	YCL058W-A	0.73281
2603	YJL142C	0.73278
2604	YLL027W	0.73275
2605	YER042W	0.73273
2606	YLR296W	0.73268
2607	YPR160W-A	0.73263
2608	YKL051W	0.73256
2609	YMR078C	0.73255
2610	YIL156W-B	0.73253
2611	YDR210W	0.73253
2612	YMR020W	0.73248
2613	YNL306W	0.73245
2614	YDL082W	0.7324
2615	YJL178C	0.73239
2616	YDL039C	0.73233
2617	YBL108W	0.73228
2618	YNL247W	0.73224
2619	YGR288W	0.73221
2620	YHR037W	0.73216
2621	YBR141C	0.73215
2622	YOL020W	0.73206
2623	YHR213W-B	0.732
2624	YKR074W	0.73199
2625	YPR170C	0.73196
2626	YCL045C	0.73195
2627	YDR379C-A	0.73187
2628	YER163C	0.73187
2629	YJL010C	0.73182
2630	YER087C-B	0.73181
2631	YKR060W	0.73173
2632	YGR199W	0.73173
2633	YDR269C	0.73171
2634	YLR212C	0.73169
2635	YDR118W-A	0.73167
2636	YMR139W	0.7316
2637	YHR162W	0.73144
2638	YPL062W	0.73142
2639	YDL177C	0.73134
2640	YGR268C	0.73133
2641	YOR198C	0.73133
2642	YLR083C	0.73127
2643	YOL140W	0.73127
2644	YHR100C	0.73123
2645	YJR117W	0.73115
2646	YPR002W	0.73113
2647	YLR331C	0.73105
2648	YER116C	0.73105
2649	YDL156W	0.73094
2650	YOL023W	0.73084
2651	YLR357W	0.73071
2652	YER016W	0.7307
2653	YPR172W	0.73068
2654	YJL200C	0.73068
2655	YDL138W	0.73067
2656	YGR001C	0.73062
2657	YGL244W	0.73061
2658	YDR204W	0.73059
2659	YJL072C	0.73052
2660	YBR180W	0.73052
2661	YER187W	0.73042
2662	YDR134C	0.73042
2663	YHR052C-B	0.73039
2664	YHR054C-B	0.73039
2665	YDL085W	0.73034
2666	YEL029C	0.73031
2667	YKR017C	0.73027
2668	YCR045C	0.7302
2669	YNL161W	0.73013
2670	YMR142C	0.73009
2671	YAL056C-A	0.73009
2672	YMR227C	0.73008
2673	YPL179W	0.72998
2674	YGL262W	0.72993
2675	YDL120W	0.72986
2676	YEL004W	0.72984
2677	YIL154C	0.72982
2678	YAL001C	0.72971
2679	YBR041W	0.72968
2680	YBR111C	0.72963
2681	YOL115W	0.72961
2682	YOL153C	0.72956
2683	Q0065	0.72946
2684	YDL207W	0.72939
2685	YGR058W	0.72938
2686	YAR075W	0.72926
2687	YOR301W	0.72925
2688	YHR022C-A	0.72923
2689	YDL105W	0.72922
2690	YDR464C-A	0.72911
2691	YIL041W	0.72906
2692	YKR070W	0.72899
2693	YKL096W	0.72899
2694	YGL173C	0.72898
2695	YIL033C	0.72894
2696	YHR072W-A	0.7289
2697	YLR154C-G	0.7289
2698	YAL037C-B	0.72889
2699	YPR129W	0.72888
2700	YDR031W	0.72887
2701	YHL039W	0.72885
2702	YPL142C	0.72875
2703	YLR446W	0.72873
2704	YLR118C	0.72866
2705	YNL067W-B	0.72855
2706	YOR016C	0.72847
2707	YDR477W	0.72846
2708	YJL172W	0.7284
2709	YEL019C	0.72834
2710	YOL135C	0.72834
2711	YEL035C	0.72833
2712	YGL238W	0.72833
2713	YLR389C	0.72831
2714	YDL159C-B	0.7283
2715	YOL146W	0.72829
2716	YML038C	0.72828
2717	YCR036W	0.72826
2718	YMR040W	0.72819
2719	YCL047C	0.72816
2720	YDR107C	0.72814
2721	YHR085W	0.72812
2722	YDL194W	0.7281
2723	YJR078W	0.72794
2724	YGR121W-A	0.72793
2725	YBR055C	0.72791
2726	YOL148C	0.72787
2727	YGL258W	0.72781
2728	YNL173C	0.7278
2729	YLR014C	0.7278
2730	YER039C-A	0.7278
2731	YOL019W-A	0.72764
2732	YBR151W	0.72762
2733	YLR318W	0.7276
2734	YHR207C	0.72753
2735	YHL034W-A	0.72751
2736	YDR374W-A	0.72749
2737	YMR062C	0.72739
2738	YGL003C	0.72739
2739	YNL020C	0.72737
2740	YGR176W	0.72735
2741	YIL157C	0.72721
2742	YGL140C	0.72716
2743	YDL205C	0.72713
2744	YMR200W	0.72713
2745	YKL073W	0.72712
2746	YGR266W	0.7271
2747	YBR196C-B	0.72709
2748	YDR292C	0.72707
2749	YIL013C	0.72706
2750	YOR118W	0.72702
2751	YKL167C	0.72699
2752	YLR162W	0.72699
2753	YHR071C-A	0.72687
2754	YGR263C	0.7268
2755	YLR110C	0.72675
2756	YHL002W	0.72673
2757	YHL019C	0.72666
2758	YLR386W	0.72663
2759	YKR003W	0.72661
2760	YIL054W	0.72661
2761	YDR441C	0.72658
2762	YLR349W	0.7265
2763	YHR090C	0.72642
2764	YDR077W	0.72641
2765	YDR386W	0.72639
2766	YBL058W	0.72631
2767	YJR055W	0.72627
2768	YGL187C	0.72627
2769	YGR295C	0.72621
2770	YOR034C-A	0.72606
2771	YOR072W-A	0.72595
2772	YLL012W	0.72593
2773	YDR346C	0.72587
2774	YIR020W-A	0.72544
2775	YIL067C	0.72541
2776	YPR159W	0.72533
2777	YNR062C	0.72526
2778	YER152W-A	0.72522
2779	YDR144C	0.72509
2780	YMR063W	0.72507
2781	YKL147C	0.72504
2782	YER170W	0.72504
2783	YLR086W	0.72501
2784	YLR068W	0.72491
2785	YEL059W	0.72486
2786	YDR525W	0.72486
2787	YDR352W	0.72482
2788	YHR165W-A	0.72482
2789	YAR064W	0.72475
2790	YJL195C	0.7247
2791	YOR296W	0.72461
2792	YOL145C	0.72455
2793	YGR169C	0.72453
2794	YOR272W	0.72452
2795	YGL202W	0.72452
2796	YLR020C	0.72447
2797	YKL221W	0.72444
2798	YAL018C	0.7244
2799	YOL052C	0.72437
2800	YNL308C	0.72425
2801	YHR095W	0.72414
2802	YLR414C	0.72408
2803	YPL138C	0.72403
2804	YDL118W	0.72396
2805	YGL235W	0.72391
2806	Q0105	0.72389
2807	YER157W	0.72388
2808	YPR201W	0.72387
2809	YOL046C	0.72377
2810	YDL090C	0.72374
2811	YPL088W	0.72372
2812	YNL131W	0.7237
2813	YJL127W-A	0.72369
2814	YOR286W	0.72365
2815	YOL008W	0.72363
2816	YMR038C	0.72363
2817	YMR114C	0.72358
2818	YMR182W-A	0.72349
2819	YBL062W	0.72347
2820	YPR118W	0.72345
2821	YDR274C	0.72344
2822	YAL059W	0.72338
2823	Q0085	0.72337
2824	YBR207W	0.72325
2825	YML081C-A	0.72321
2826	YLR051C	0.72313
2827	YJL005W	0.72308
2828	YCR030C	0.72307
2829	YGL154C	0.72306
2830	YNL192W	0.72297
2831	YKL156C-A	0.72297
2832	YML121W	0.72284
2833	YNL062C	0.7228
2834	YBL013W	0.72279
2835	YGR073C	0.72269
2836	YOR136W	0.72265
2837	YCL075W	0.72262
2838	YGL241W	0.72262
2839	YOR290C	0.72255
2840	YDR183W	0.72254
2841	YBR200W	0.7225
2842	YCR100C	0.7225
2843	YOL010W	0.72248
2844	YKL214C	0.72248
2845	YLR390W-A	0.72245
2846	YOR325W	0.72241
2847	YOR176W	0.72236
2848	YHR205W	0.72235
2849	YIR036W-A	0.7223
2850	YDR142C	0.72228
2851	YBR199W	0.72219
2852	YOR068C	0.72206
2853	YJL074C	0.72206
2854	YDL215C	0.72194
2855	YOR173W	0.72193
2856	YBR062C	0.72191
2857	YDR476C	0.72189
2858	YDR061W	0.72184
2859	YIL039W	0.72181
2860	YPL008W	0.72175
2861	YCR096C	0.72173
2862	YKL091C	0.72173
2863	YHR139C	0.72171
2864	YCL057C-A	0.7217
2865	YDL178W	0.72159
2866	YOL077W-A	0.72156
2867	YCL049C	0.72152
2868	YMR162C	0.7215
2869	YOR003W	0.72149
2870	YAL034W-A	0.72149
2871	YAL058W	0.72148
2872	YJR046W	0.72144
2873	YDL019C	0.72144
2874	YNL321W	0.72138
2875	YLR235C	0.72135
2876	YDR380W	0.72135
2877	YNL140C	0.72134
2878	YHL030W-A	0.72126
2879	YPL194W	0.72104
2880	YGL053W	0.72102
2881	YGL164C	0.72101
2882	YER150W	0.72099
2883	YDL160C-A	0.72095
2884	YIL083C	0.72091
2885	YPR159C-A	0.72085
2886	YER119C-A	0.72076
2887	YHR173C	0.72071
2888	YLR105C	0.72065
2889	YPL227C	0.72064
2890	YKR086W	0.72062
2891	YHR164C	0.72055
2892	YER049W	0.72048
2893	YGR050C	0.72043
2894	YDR287W	0.72043
2895	YBR096W	0.72042
2896	Q0250	0.72035
2897	YEL055C	0.72032
2898	YLR405W	0.72032
2899	YFR052C-A	0.72031
2900	YLL022C	0.72031
2901	YOR345C	0.72028
2902	YDR161W	0.72026
2903	YIR038C	0.72023
2904	YHR038W	0.72022
2905	YLL043W	0.7202
2906	YHR176W	0.7202
2907	YBR119W	0.72014
2908	YDR097C	0.72007
2909	YKL007W	0.72007
2910	YHR192W	0.72006
2911	YEL017C-A	0.72002
2912	YNL317W	0.72002
2913	YDR109C	0.72002
2914	YBL064C	0.72
2915	YPR125W	0.72
2916	YPL082C	0.71997
2917	YGL144C	0.71995
2918	YCL005W-A	0.71992
2919	YIL059C	0.71992
2920	YBR174C	0.71989
2921	YOR082C	0.71981
2922	YFL054C	0.71975
2923	YAR035C-A	0.71975
2924	YPR023C	0.71971
2925	YBR085C-A	0.7197
2926	YER165C-A	0.71964
2927	YPR076W	0.7195
2928	YPR006C	0.71943
2929	YLR452C	0.71943
2930	YDR178W	0.71938
2931	YPR014C	0.71935
2932	YIL032C	0.71934
2933	YGL112C	0.71931
2934	YBR105C	0.71925
2935	YIL082W-A	0.71924
2936	YLR013W	0.71921
2937	YOL111C	0.7192
2938	YOL050C	0.71918
2939	YOR274W	0.71903
2940	YFR012W-A	0.719
2941	YIL046W	0.71899
2942	YDL068W	0.71897
2943	YGL051W	0.71895
2944	YLR149C-A	0.71888
2945	YDL017W	0.71875
2946	YHR213W-A	0.71875
2947	YDR308C	0.71873
2948	YLR455W	0.71871
2949	YHR127W	0.7187
2950	YCR088W	0.71868
2951	YOR330C	0.71865
2952	YPR053C	0.7186
2953	YCR087W	0.71854
2954	YDL030W	0.7185
2955	YPL271W	0.71839
2956	YJL085W	0.71839
2957	YNR012W	0.71835
2958	YOR001W	0.71824
2959	YGL064C	0.71824
2960	YPR124W	0.71818
2961	YDR154C	0.7181
2962	YMR324C	0.71806
2963	YPL060W	0.71798
2964	YJL222W-B	0.71792
2965	YIL175W	0.71792
2966	YDL233W	0.71788
2967	YIL076W	0.71788
2968	YKL077W	0.71782
2969	YOR244W	0.71774
2970	YDL034W	0.71771
2971	YPL147W	0.71768
2972	YPL083C	0.71765
2973	YLR427W	0.71759
2974	YHR151C	0.71758
2975	YER034W	0.71754
2976	YMR245W	0.71736
2977	YNL043C	0.7172
2978	YDR306C	0.71706
2979	YGL129C	0.71704
2980	YIL030C	0.71699
2981	YLR361C	0.71698
2982	YLR122C	0.71695
2983	YJR071W	0.71693
2984	YOL113W	0.71684
2985	YNL049C	0.71684
2986	YBR070C	0.71677
2987	YOR291W	0.71675
2988	YAR033W	0.71674
2989	YPL225W	0.71671
2990	YPL210C	0.71664
2991	YDR444W	0.71659
2992	YNL299W	0.71657
2993	YIL007C	0.71654
2994	YLR300W	0.71648
2995	YNL252C	0.71643
2996	YBR094W	0.71636
2997	YOR340C	0.71635
2998	YLR443W	0.71632
2999	YNL239W	0.71627
3000	YCL001W-B	0.71618
3001	YLR306W	0.71618
3002	YJR005W	0.71617
3003	YML122C	0.71617
3004	Q0120	0.71614
3005	YDL165W	0.71614
3006	YMR272W-A	0.71611
3007	YBR121C-A	0.71608
3008	YDL008W	0.71604
3009	YJL152W	0.71594
3010	YDL187C	0.71593
3011	YFR025C	0.71592
3012	YHL015W-A	0.71583
3013	YGL250W	0.71578
3014	YDR194C	0.71574
3015	YER066W	0.71568
3016	YKL189W	0.71567
3017	YKR055W	0.71565
3018	YOL027C	0.71562
3019	YDR432W	0.71554
3020	YLR112W	0.71551
3021	YNL206C	0.71549
3022	YGR241C	0.71549
3023	YBL044W	0.71547
3024	YDR510C-A	0.71536
3025	YHR024C	0.71535
3026	YBR134W	0.71515
3027	YGL080W	0.71506
3028	YBR282W	0.71504
3029	YLL001W	0.71504
3030	YJR035W	0.71497
3031	YLR374C	0.7149
3032	YHR098C	0.71485
3033	YPL056C	0.71483
3034	YOL150C	0.71482
3035	YGL246C	0.71481
3036	YBR104W	0.71477
3037	YMR076C	0.71475
3038	YOR376W-A	0.71473
3039	YDR079C-A	0.71471
3040	YIL150C	0.7147
3041	YBR141W-A	0.71469
3042	YBR185C	0.71467
3043	YEL073C	0.71463
3044	YPL009C	0.71463
3045	YGL156W	0.71456
3046	YPR200C	0.71455
3047	YNL101W	0.71454
3048	YFL013W-A	0.71447
3049	YNL327W	0.71446
3050	YML005W	0.71444
3051	YLR393W	0.71444
3052	YOR203W	0.71442
3053	YGR051C	0.71439
3054	YPL181W	0.71437
3055	YPL215W	0.71432
3056	YHR134W	0.71429
3057	YER014W	0.71423
3058	YOR073W-A	0.71417
3059	YMR253C	0.71401
3060	YOL061W	0.71401
3061	YJL097W	0.71401
3062	YKL153W	0.71398
3063	YDR355C	0.71396
3064	YFR027W	0.71394
3065	YGR193C	0.71384
3066	YPR104C	0.71384
3067	YHR016C	0.71384
3068	YLR323C	0.7138
3069	YOR141C	0.71379
3070	YAL033W	0.71376
3071	YHL008C	0.71375
3072	YGR201C	0.71373
3073	YNL040W	0.71371
3074	YPL133C	0.71369
3075	YLL015W	0.7136
3076	YGL191W	0.71359
3077	YMR295C	0.71358
3078	YHR081W	0.71358
3079	YNL184C	0.71356
3080	YDR265W	0.71356
3081	YHL031C	0.71351
3082	YDL071C	0.71349
3083	YPR073C	0.71348
3084	YLR090W	0.71342
3085	YKR104W	0.71341
3086	YER010C	0.71323
3087	YJL036W	0.7132
3088	YBR110W	0.71311
3089	YDR325W	0.7131
3090	YPR093C	0.7131
3091	YOL123W	0.71308
3092	YJR057W	0.71308
3093	YJL075C	0.71307
3094	YDL101C	0.71307
3095	YIR017C	0.71303
3096	YBL098W	0.71295
3097	YOL099C	0.71292
3098	YOR389W	0.71291
3099	YJL192C	0.71288
3100	YHL013C	0.71288
3101	YDR165W	0.71287
3102	YMR043W	0.71277
3103	YLR205C	0.71276
3104	YBR288C	0.71275
3105	YPL251W	0.71272
3106	YOR022C	0.71272
3107	YCL050C	0.7127
3108	YKL070W	0.71262
3109	YLR140W	0.71255
3110	YER076C	0.71248
3111	YOR057W	0.71248
3112	YBR056W	0.71247
3113	YOL144W	0.71246
3114	YOR379C	0.71241
3115	YLL057C	0.71239
3116	YHR049W	0.71233
3117	YKR092C	0.7123
3118	YLR399W-A	0.71223
3119	YGR109W-B	0.71218
3120	YNL045W	0.71216
3121	YDR365C	0.71213
3122	YMR005W	0.71213
3123	YJL154C	0.71211
3124	YHL045W	0.7121
3125	YHR115C	0.71209
3126	YGR080W	0.71207
3127	YDR163W	0.71201
3128	YDR053W	0.71197
3129	YCR063W	0.71181
3130	YBR017C	0.7118
3131	YJR088C	0.71171
3132	YGR066C	0.71171
3133	YNL293W	0.71165
3134	Q0142	0.71163
3135	YER153C	0.71154
3136	YIL102C	0.71151
3137	YDR286C	0.71148
3138	YIL008W	0.71143
3139	YDR517W	0.71128
3140	YBL028C	0.71113
3141	YOR054C	0.7111
3142	YHR069C	0.7111
3143	YDL172C	0.71105
3144	YGR183C	0.71104
3145	YER067W	0.71102
3146	YPL117C	0.71092
3147	YJL183W	0.7109
3148	YML094C-A	0.71089
3149	YLR012C	0.71088
3150	YER005W	0.71086
3151	YML127W	0.71086
3152	YLR085C	0.71084
3153	YIL168W	0.71077
3154	YJL053W	0.71077
3155	YCR073C	0.71075
3156	YER127W	0.7107
3157	YKL194C	0.71065
3158	YJR161C	0.71062
3159	YHR070C-A	0.71062
3160	YBR297W	0.7106
3161	YGR284C	0.71059
3162	YIL128W	0.71049
3163	YAL048C	0.71043
3164	YLL048C	0.71042
3165	YLR050C	0.71041
3166	YPR060C	0.71037
3167	YOR050C	0.71037
3168	YLR319C	0.71037
3169	YPL097W	0.71035
3170	YOL098C	0.71034
3171	YIL138C	0.71026
3172	YHR072W	0.71024
3173	YML115C	0.71022
3174	YGR269W	0.71018
3175	YJL059W	0.71013
3176	YML082W	0.71012
3177	YMR007W	0.71012
3178	YDL104C	0.71009
3179	YIL058W	0.70992
3180	YPL277C	0.70984
3181	YDL241W	0.70976
3182	YOR212W	0.70975
3183	YPL152W	0.70975
3184	YAL059C-A	0.70974
3185	YKR085C	0.70973
3186	YPR187W	0.70972
3187	YAR028W	0.70967
3188	YAL046C	0.70963
3189	YHR178W	0.70962
3190	YHR028C	0.70962
3191	YGR232W	0.70957
3192	YPR133W-A	0.70955
3193	YMR102C	0.70952
3194	YDR187C	0.70951
3195	YLR021W	0.70939
3196	YIL002C	0.70937
3197	YDL209C	0.70935
3198	YMR122C	0.70931
3199	YPL098C	0.70927
3200	YOR307C	0.70924
3201	YDL248W	0.70916
3202	YBR024W	0.70916
3203	YOL064C	0.70914
3204	YOR343C	0.70914
3205	YER182W	0.70911
3206	YDR492W	0.70904
3207	YBR192W	0.70895
3208	YPL164C	0.70886
3209	YDR330W	0.70883
3210	YIR030W-A	0.70883
3211	YJL148W	0.70882
3212	YOL096C	0.70874
3213	YBR232C	0.70856
3214	YLR246W	0.70848
3215	YPR143W	0.70842
3216	YPL190C	0.70831
3217	YMR261C	0.70829
3218	YBR109W-A	0.70826
3219	YLR419W	0.70825
3220	YDR133C	0.70824
3221	YOR335W-A	0.70812
3222	YCR007C	0.70812
3223	YMR152W	0.70811
3224	YPR116W	0.7081
3225	YOR200W	0.70808
3226	YDR169C-A	0.70797
3227	YML004C	0.70794
3228	YPL249C	0.70784
3229	YPL140C	0.70776
3230	YNR038W	0.70768
3231	YOR258W	0.7075
3232	YMR104C	0.70748
3233	YJR067C	0.70746
3234	YDL063C	0.70744
3235	YPL087W	0.7074
3236	YER051W	0.70732
3237	YLR387C	0.7073
3238	YCL038C	0.70728
3239	YHL010C	0.70716
3240	YGL260W	0.70713
3241	YOR132W	0.70712
3242	YHR114W	0.7071
3243	YNL025C	0.70707
3244	YAL015C	0.70706
3245	YIL171W	0.70702
3246	YLL010C	0.707
3247	YKL137W	0.70699
3248	YIL140W	0.7069
3249	YML066C	0.70688
3250	YBR213W	0.70688
3251	YOR072W	0.70688
3252	YDR233C	0.70685
3253	YHL048W	0.70676
3254	YIR021W	0.70661
3255	YNR075C-A	0.70659
3256	YLR274W	0.70656
3257	YKL179C	0.70651
3258	YPR119W	0.70651
3259	YOR146W	0.70648
3260	YGR265W	0.70638
3261	YBR061C	0.70637
3262	YNR021W	0.70633
3263	YCR049C	0.70628
3264	YPR018W	0.70622
3265	YBL055C	0.70619
3266	YBR247C	0.70617
3267	YLR025W	0.70617
3268	YIL079C	0.70613
3269	YML084W	0.70611
3270	YEL030C-A	0.70609
3271	YNL269W	0.70608
3272	YKL082C	0.70604
3273	YDL163W	0.70603
3274	YPL195W	0.70601
3275	YJL184W	0.706
3276	YAR031W	0.70593
3277	YDL195W	0.70591
3278	YLR080W	0.70585
3279	YDR182W	0.70582
3280	YJR118C	0.7058
3281	YDR257C	0.70575
3282	YOL037C	0.70554
3283	YBR175W	0.70553
3284	YPR191W	0.70548
3285	YML090W	0.70546
3286	YCR071C	0.70546
3287	YDR171W	0.70545
3288	YPL064C	0.70541
3289	YNL169C	0.70539
3290	YPR077C	0.70536
3291	YPL233W	0.70531
3292	YHR124W	0.70523
3293	YDR518W	0.70523
3294	YGL082W	0.7052
3295	YJR008W	0.70518
3296	YBR060C	0.70518
3297	YLR450W	0.70517
3298	YGL027C	0.70516
3299	YDR363W-A	0.70509
3300	YFL065C	0.70508
3301	YNL251C	0.70499
3302	YFL031C-A	0.70494
3303	YER188W	0.70494
3304	YBR086C	0.70493
3305	YJL043W	0.70493
3306	YPL022W	0.70484
3307	YBR116C	0.70483
3308	YMR112C	0.70478
3309	YDR173C	0.70478
3310	YIL038C	0.70475
3311	YJR154W	0.70467
3312	YKL198C	0.70462
3313	YDR512C	0.70459
3314	YMR228W	0.70455
3315	YDR419W	0.70455
3316	YGR139W	0.70454
3317	YJR052W	0.70446
3318	YHR188C	0.70446
3319	YJL203W	0.70443
3320	YOR059C	0.70441
3321	YDR354C-A	0.70435
3322	YDR293C	0.70434
3323	YOR275C	0.70434
3324	YKL222C	0.70434
3325	YLR076C	0.70416
3326	YLR089C	0.70413
3327	YCR044C	0.70401
3328	YCL046W	0.70399
3329	YOR248W	0.70395
3330	YPR130C	0.70391
3331	YMR251W-A	0.70389
3332	YDR288W	0.70389
3333	YLL046C	0.70378
3334	YEL008W	0.70376
3335	YJR130C	0.7037
3336	YDR412W	0.70364
3337	YOR125C	0.70352
3338	YBR273C	0.70351
3339	YNL017C	0.70345
3340	YDL153C	0.70344
3341	YFL046W	0.70335
3342	YGR102C	0.70331
3343	YBR176W	0.7033
3344	YDR372C	0.70325
3345	YNR075W	0.70323
3346	YNL089C	0.7032
3347	YPL224C	0.70313
3348	YNL336W	0.70307
3349	YMR240C	0.70304
3350	YIL113W	0.70302
3351	YHR171W	0.70302
3352	YMR012W	0.70302
3353	YLR270W	0.70301
3354	YKL076C	0.70295
3355	YBL101C	0.70294
3356	YEL015W	0.70291
3357	YJR128W	0.7029
3358	R0020C	0.70282
3359	YDL010W	0.70282
3360	YCR067C	0.7028
3361	YGL231C	0.70275
3362	YHL049C	0.70272
3363	YKL150W	0.70262
3364	YOR008W-B	0.70261
3365	YDR284C	0.70258
3366	YPL030W	0.70258
3367	YGR261C	0.70257
3368	YBR274W	0.70256
3369	YGR111W	0.70255
3370	YDR189W	0.70247
3371	YPL019C	0.70245
3372	YGL196W	0.70243
3373	YNL276C	0.70241
3374	YBL019W	0.70239
3375	YBL061C	0.70238
3376	YPL100W	0.70235
3377	YMR041C	0.70228
3378	YMR272W-B	0.70221
3379	YLR115W	0.70219
3380	YPR203W	0.70212
3381	YIL082W	0.7021
3382	YDL161W	0.70208
3383	YJR075W	0.70205
3384	YDR347W	0.70204
3385	YHL014C	0.70203
3386	YGL251C	0.702
3387	YGL218W	0.70199
3388	YIL147C	0.70198
3389	YOR105W	0.70197
3390	YNL263C	0.70187
3391	YPR047W	0.7018
3392	YDR052C	0.70179
3393	YNL003C	0.70178
3394	YGR136W	0.70175
3395	YER080W	0.70171
3396	YDR496C	0.70158
3397	YDR168W	0.70158
3398	YIR023W	0.70149
3399	YLR047C	0.70149
3400	YDL154W	0.70147
3401	YIL046W-A	0.70146
3402	YKL102C	0.70145
3403	YOR300W	0.70139
3404	YJL129C	0.70139
3405	YPL110C	0.70134
3406	YBR005W	0.70127
3407	YOR390W	0.70124
3408	Q0297	0.70123
3409	YPR135W	0.70122
3410	YOL060C	0.7012
3411	YDR332W	0.70117
3412	YJL186W	0.70113
3413	YOR314W-A	0.70107
3414	YLR144C	0.70102
3415	YER058W	0.70095
3416	YHR118C	0.70094
3417	YLL019W-A	0.70093
3418	YCR092C	0.70092
3419	YHR002W	0.7009
3420	YJL062W	0.70087
3421	YGL258W-A	0.70084
3422	YLR062C	0.70084
3423	YMR105W-A	0.70081
3424	YLR380W	0.70079
3425	YPL145C	0.70075
3426	YPL080C	0.70072
3427	YNR040W	0.70069
3428	YNL004W	0.70067
3429	YCL016C	0.70059
3430	YKL026C	0.70057
3431	YKL066W	0.7004
3432	YDR338C	0.70039
3433	YNL286W	0.70038
3434	YDR370C	0.70036
3435	YDR442W	0.7003
3436	YJR135W-A	0.70028
3437	YOL052C-A	0.70028
3438	YPL116W	0.70024
3439	YNL273W	0.7002
3440	YMR208W	0.70019
3441	YMR234W	0.70019
3442	YOL038C-A	0.70015
3443	YGL243W	0.70011
3444	YML089C	0.69999
3445	YKL173W	0.69999
3446	YLR308W	0.69999
3447	YMR189W	0.69991
3448	YIR044C	0.6999
3449	YDR479C	0.69988
3450	YLL006W	0.69981
3451	YGL110C	0.69974
3452	YKR052C	0.69967
3453	YNL146C-A	0.69965
3454	YHR204W	0.69961
3455	YPL103C	0.69957
3456	YIR018C-A	0.69957
3457	YNL277W-A	0.69956
3458	YGL045W	0.69952
3459	YOR018W	0.69941
3460	YCR086W	0.69935
3461	YGL179C	0.69935
3462	YDR538W	0.69933
3463	YGR109W-A	0.69926
3464	YPL003W	0.69925
3465	YMR002W	0.69921
3466	YKL100C	0.69918
3467	YPR017C	0.69903
3468	YJR112W	0.699
3469	YKL142W	0.69899
3470	YDR114C	0.69891
3471	YDR311W	0.6989
3472	YGR177C	0.6989
3473	YNL310C	0.69889
3474	YDL221W	0.69879
3475	YDR132C	0.69878
3476	YDR523C	0.69875
3477	YIL151C	0.69869
3478	YDR395W	0.69867
3479	YDR268W	0.69867
3480	YHR199C	0.69864
3481	YBR302C	0.69864
3482	YML132W	0.69864
3483	YHR126C	0.69862
3484	YOR377W	0.69853
3485	YMR155W	0.69853
3486	YPR057W	0.69852
3487	YLR114C	0.69845
3488	YFL003C	0.69844
3489	YFL064C	0.69843
3490	YPL101W	0.69841
3491	YPR091C	0.6984
3492	YIR040C	0.69839
3493	YNL086W	0.69839
3494	YHR076W	0.69838
3495	YER059W	0.69832
3496	YCL008C	0.69832
3497	YOR100C	0.6983
3498	YBR205W	0.69827
3499	YOR035C	0.69822
3500	YIR032C	0.6982
3501	YLR430W	0.69813
3502	YDR215C	0.69805
3503	YCR041W	0.69803
3504	YHR131W-A	0.69801
3505	YKL075C	0.69789
3506	YHR028W-A	0.69785
3507	YFL062W	0.6978
3508	YKL122C	0.6978
3509	YKL058W	0.69769
3510	YBR200W-A	0.69766
3511	YNL015W	0.69763
3512	YGR133W	0.69762
3513	YDR506C	0.69755
3514	YHL007C	0.69742
3515	YPR162C	0.69742
3516	YDR174W	0.6974
3517	YOR154W	0.69733
3518	YPL279C	0.69731
3519	YOR353C	0.69731
3520	YML031W	0.6973
3521	YKL192C	0.69725
3522	YGL155W	0.69723
3523	YHL048C-A	0.69722
3524	YLR437C-A	0.69722
3525	YNL216W	0.6972
3526	YJR002W	0.69715
3527	YDL228C	0.69709
3528	YPL205C	0.69702
3529	YML120C	0.69701
3530	YFL010W-A	0.697
3531	YLR194C	0.69697
3532	YLR284C	0.69692
3533	YKL123W	0.69682
3534	YKL040C	0.69681
3535	YCL048W	0.69679
3536	YOR008C	0.6967
3537	YMR150C	0.69667
3538	YDR344C	0.69663
3539	YBR253W	0.69657
3540	YPR196W	0.69654
3541	YNL119W	0.6965
3542	YFR016C	0.69647
3543	YOR251C	0.69645
3544	YGR117C	0.69644
3545	YLR286W-A	0.69641
3546	YKL223W	0.69639
3547	YJL025W	0.69636
3548	YDR296W	0.69636
3549	YIR039C	0.69633
3550	YER140W	0.69629
3551	YGL065C	0.69619
3552	YJL197W	0.69617
3553	YNL238W	0.69607
3554	YCR079W	0.69602
3555	YPL183W-A	0.696
3556	YKL018W	0.69599
3557	YDR250C	0.69598
3558	YMR039C	0.69596
3559	YDL175C	0.69591
3560	YIL107C	0.69587
3561	YDR301W	0.69583
3562	YJR022W	0.6958
3563	YNL261W	0.69579
3564	YFL010C	0.69578
3565	YNL097C-B	0.69576
3566	YLR317W	0.69573
3567	YNL283C	0.69572
3568	YIR043C	0.69565
3569	YNL097W-A	0.69565
3570	YCR025C	0.69565
3571	YFR037C	0.69561
3572	YML019W	0.69557
3573	YBR201W	0.69555
3574	YPL025C	0.69555
3575	YLR125W	0.69552
3576	YIL111W	0.69552
3577	YMR135W-A	0.69551
3578	YPL176C	0.6955
3579	YGR215W	0.69545
3580	YJL140W	0.69545
3581	YEL006W	0.69535
3582	YMR008C-A	0.69532
3583	YJL156W-A	0.69532
3584	YDL032W	0.6953
3585	YLR116W	0.69529
3586	YLR104W	0.69521
3587	YOL126C	0.69509
3588	YHR007C-A	0.69496
3589	YHL002C-A	0.69489
3590	YNL316C	0.69482
3591	YJR120W	0.69478
3592	YFL051C	0.6947
3593	YPL045W	0.69468
3594	YGR143W	0.69468
3595	YFR002W	0.69466
3596	YHR077C	0.69462
3597	YNL279W	0.69461
3598	YGL109W	0.69451
3599	YDL033C	0.69445
3600	YJL137C	0.69445
3601	YJL189W	0.69443
3602	YOR031W	0.69429
3603	YJR098C	0.69426
3604	YPL112C	0.69425
3605	YML118W	0.69419
3606	YBR193C	0.69418
3607	YDL111C	0.69394
3608	YBR122C	0.69394
3609	YOR183W	0.69388
3610	YKL053W	0.69386
3611	YNL116W	0.69379
3612	YLR362W	0.69375
3613	YER079C-A	0.69372
3614	YGR290W	0.69372
3615	YFL009W	0.6937
3616	YLR264C-A	0.69368
3617	YPL063W	0.69368
3618	YDL240W	0.69368
3619	YPL108W	0.69361
3620	YFL013C	0.69358
3621	YJL163C	0.69357
3622	YKL125W	0.69356
3623	YDR058C	0.69345
3624	YBR103C-A	0.69344
3625	YOL043C	0.69344
3626	YKL019W	0.69343
3627	YHR140W	0.69336
3628	YNL298W	0.69332
3629	YKR063C	0.69323
3630	YGL194C	0.69313
3631	YAL045C	0.69308
3632	YER141W	0.69301
3633	YNL145W	0.69299
3634	YBL069W	0.69292
3635	YNR023W	0.6929
3636	YER148W-A	0.69289
3637	YOR316C-A	0.69288
3638	YCR024C-B	0.69286
3639	YDL066W	0.69285
3640	YMR233W	0.69281
3641	YIL015W	0.6928
3642	YDR253C	0.69279
3643	YKL100W-A	0.69263
3644	YGL184C	0.69258
3645	YGR217W	0.69257
3646	YLR361C-A	0.69257
3647	YOL047C	0.69255
3648	YML048W	0.69249
3649	YBR278W	0.69247
3650	YPR184W	0.69246
3651	YFR020W	0.69245
3652	YDR320C-A	0.69244
3653	YNR033W	0.69242
3654	YLR016C	0.6924
3655	YDL196W	0.69237
3656	YKL049C	0.69236
3657	YIL047C-A	0.69233
3658	YGL104C	0.69233
3659	YMR097C	0.69223
3660	YPR169W	0.6921
3661	YBR226C	0.69209
3662	YNR001W-A	0.69209
3663	YOL102C	0.69207
3664	YNL124W	0.69204
3665	YDR266C	0.69194
3666	YGL018C	0.69186
3667	YHR091C	0.69184
3668	YNL221C	0.6918
3669	YEL053C	0.69179
3670	YOR215C	0.69171
3671	YDR467C	0.69171
3672	YKL064W	0.69168
3673	YNR037C	0.69167
3674	YGR167W	0.69161
3675	YPL044C	0.69161
3676	YIL171W-A	0.69158
3677	YJL220W	0.69158
3678	YCR081C-A	0.69158
3679	YPL053C	0.69154
3680	YOR020W-A	0.69148
3681	YHR146W	0.69146
3682	YGR194C	0.69138
3683	YMR294W-A	0.69134
3684	YDR427W	0.69127
3685	YHR166C	0.69127
3686	YGL098W	0.69123
3687	YHR196W	0.69123
3688	YOL108C	0.69123
3689	YPR189W	0.69119
3690	YIL156W-A	0.69114
3691	YBL037W	0.69112
3692	YHR075C	0.69108
3693	YHR206W	0.69103
3694	YDR122W	0.69093
3695	YKL131W	0.69092
3696	YGL199C	0.69092
3697	YFR022W	0.69084
3698	YDR349C	0.69083
3699	YGL216W	0.69081
3700	YER123W	0.69081
3701	YPR195C	0.69079
3702	YDR434W	0.69077
3703	YGR190C	0.69076
3704	YPL023C	0.69075
3705	YGR116W	0.69074
3706	YLR363W-A	0.69066
3707	YHR120W	0.69063
3708	YGL063C-A	0.69062
3709	YPL270W	0.69062
3710	YLR337C	0.69061
3711	YER098W	0.69057
3712	YPR114W	0.69055
3713	YHL032C	0.69054
3714	YER035W	0.69052
3715	YBR059C	0.69051
3716	YKL006C-A	0.69049
3717	YNL042W-B	0.69032
3718	YLR111W	0.69029
3719	YIL021C-A	0.69027
3720	YCR042C	0.69017
3721	YOR267C	0.69012
3722	YGR202C	0.69007
3723	YGR151C	0.69007
3724	YNL180C	0.69006
3725	YNL063W	0.69005
3726	YLR301W	0.68996
3727	YGL248W	0.68994
3728	YKL044W	0.68985
3729	YOR229W	0.68983
3730	YGR270C-A	0.68975
3731	YMR103C	0.68973
3732	YGL123C-A	0.68966
3733	YLR107W	0.68962
3734	YPR010C-A	0.6896
3735	YGR165W	0.68956
3736	YLR154W-B	0.68949
3737	YML110C	0.68945
3738	YIL073C	0.68942
3739	YJR004C	0.68935
3740	YML130C	0.68933
3741	YLR124W	0.68931
3742	YFR013W	0.68931
3743	YDL022C-A	0.68925
3744	YOR005C	0.68923
3745	YLR415C	0.68922
3746	YHL006W-A	0.68922
3747	YPL104W	0.68915
3748	YOR135C	0.68914
3749	YIL028W	0.68907
3750	YPR198W	0.68904
3751	YNL291C	0.68901
3752	YGR036C	0.689
3753	YLR266C	0.68899
3754	YKL209C	0.68898
3755	YMR247W-A	0.68891
3756	YDR314C	0.68886
3757	YOR218C	0.68882
3758	YNL036W	0.68873
3759	YHR150W	0.6887
3760	YMR088C	0.68865
3761	YOL051W	0.68864
3762	YDR095C	0.68859
3763	YLR120W-A	0.68856
3764	YGR072W	0.68855
3765	YLL059C	0.68851
3766	YJR099W	0.68848
3767	YPR105C	0.68842
3768	YPL078C	0.68838
3769	YLR143W	0.68837
3770	YGR006W	0.68837
3771	YEL048C	0.6882
3772	YDR440W	0.6881
3773	YOR014W	0.68807
3774	YHL012W	0.68807
3775	YCR035C	0.68802
3776	YBL047C	0.68799
3777	YFR007W	0.68795
3778	YML097C	0.68794
3779	YFL031W	0.68792
3780	YNL052W	0.68791
3781	YNL325C	0.68781
3782	YLR206W	0.68779
3783	YBL095W	0.68777
3784	YDL026W	0.68767
3785	YHR209W	0.68761
3786	YIL110W	0.6876
3787	YDR248C	0.68758
3788	YBR111W-A	0.68755
3789	YNL092W	0.6875
3790	YDL167C	0.68745
3791	YNL256W	0.68744
3792	YPR108W-A	0.68742
3793	YFL047W	0.68739
3794	YOR233W	0.68728
3795	YAL055W	0.68728
3796	YNL227C	0.68725
3797	YEL018C-A	0.68722
3798	YML100W	0.68718
3799	YGL161C	0.68715
3800	YKL215C	0.68713
3801	YMR031W-A	0.68709
3802	YNL083W	0.68705
3803	YDR079W	0.68704
3804	YPL243W	0.68702
3805	YEL076C	0.68697
3806	YNL182C	0.68696
3807	YOL013W-A	0.68694
3808	YGL153W	0.68692
3809	YIR006C	0.68689
3810	YKR075W-A	0.68688
3811	YLR154C	0.68687
3812	YDL015C	0.68684
3813	YPL114W	0.68682
3814	YOR025W	0.68678
3815	YEL008C-A	0.68677
3816	YLR464W	0.68672
3817	YEL076C-A	0.68672
3818	YDR026C	0.6866
3819	YLR015W	0.68656
3820	YAL011W	0.68655
3821	YMR321C	0.68654
3822	YIL174W	0.68651
3823	YJL222W-A	0.68651
3824	YHR139C-A	0.68646
3825	YHR180W	0.68645
3826	YLR316C	0.68642
3827	YJL165C	0.68641
3828	YKL165C	0.68641
3829	YGR178C	0.6864
3830	YGL083W	0.68638
3831	YGL213C	0.68633
3832	YHR060W	0.68633
3833	YOL056W	0.68632
3834	YGR255C	0.68631
3835	YJR061W	0.6863
3836	YDR110W	0.68629
3837	YDL198C	0.68618
3838	YNL150W	0.68616
3839	YGL185C	0.686
3840	YPL263C	0.68591
3841	YLL002W	0.68569
3842	YGL149W	0.68568
3843	YLR248W	0.68566
3844	YBR125C	0.6856
3845	YPR154W	0.68558
3846	YNL144W-A	0.68558
3847	YIL134C-A	0.68556
3848	YHR086W	0.68551
3849	YEL075C	0.68544
3850	YDL159W	0.68533
3851	YGR157W	0.68532
3852	YOL042W	0.68526
3853	YAL067W-A	0.68525
3854	YPL273W	0.68525
3855	YDR230W	0.68522
3856	YKR041W	0.68514
3857	YOR130C	0.68509
3858	YOL116W	0.68506
3859	YPL007C	0.68505
3860	YPL182C	0.68503
3861	YCR077C	0.68501
3862	YLR164W	0.68492
3863	YFL036W	0.6848
3864	YNL296W	0.68479
3865	YDR162C	0.68478
3866	YPL196W	0.68477
3867	YDL157C	0.68475
3868	YJL166W	0.68468
3869	YEL012W	0.6846
3870	YHR086W-A	0.68456
3871	Q0055	0.68452
3872	YML129C	0.68444
3873	YAL042C-A	0.68436
3874	YOL048C	0.68432
3875	YER083C	0.68432
3876	YOR363C	0.68423
3877	YLR088W	0.68406
3878	YPR097W	0.68394
3879	YDR435C	0.68394
3880	YGL084C	0.6839
3881	YLR416C	0.68389
3882	YIL061C	0.68388
3883	YDR527W	0.68386
3884	YHR053C	0.68384
3885	YHR055C	0.68384
3886	YBL083C	0.68381
3887	YGR090W	0.68373
3888	YJR018W	0.68373
3889	YGL108C	0.68368
3890	YLR371W	0.68367
3891	YGR166W	0.68363
3892	YPR066W	0.68356
3893	YER128W	0.68355
3894	YBR032W	0.68354
3895	YNR030W	0.68354
3896	YPL084W	0.68353
3897	YDR054C	0.68352
3898	YGR042W	0.68347
3899	YHR137W	0.68336
3900	YDR400W	0.68333
3901	YHR180W-A	0.68332
3902	YMR082C	0.6833
3903	YAR029W	0.68317
3904	YAL014C	0.68315
3905	YOR038C	0.68314
3906	YML061C	0.68311
3907	YDR531W	0.68297
3908	YPL192C	0.68294
3909	YJL139C	0.6829
3910	YOR051C	0.68289
3911	YOR029W	0.68285
3912	YPL247C	0.68282
3913	YDR282C	0.68276
3914	YKR032W	0.68273
3915	YGL195W	0.68269
3916	YNL271C	0.68259
3917	YDR087C	0.68259
3918	YBR233W	0.68258
3919	YJL026C-A	0.68254
3920	YPL047W	0.68254
3921	YGL141W	0.68251
3922	YIL131C	0.68242
3923	YCL054W-A	0.68239
3924	YGR119C	0.68232
3925	YDR473C	0.68232
3926	YDR390C	0.68231
3927	YCL064C	0.68228
3928	YJL194W	0.68228
3929	YKL183C-A	0.68227
3930	YLR204W	0.68219
3931	YOR299W	0.68218
3932	YDR010C	0.68207
3933	YLR133W	0.68204
3934	YLR077W	0.68203
3935	YLR365W	0.68201
3936	YGR099W	0.682
3937	YFR034C	0.682
3938	YOR205C	0.68193
3939	YKR049C	0.68188
3940	YLR103C	0.68187
3941	YNL218W	0.68187
3942	YBL008W	0.68187
3943	YJR076C	0.68186
3944	YOL057W	0.68185
3945	YLR161W	0.68181
3946	YLR156W	0.68181
3947	YLR159W	0.68181
3948	YGL152C	0.68174
3949	YMR177W	0.68172
3950	YGL259W	0.68163
3951	YAR020C	0.68162
3952	YCR052W	0.68158
3953	YER145C-A	0.68156
3954	YDR472W	0.68153
3955	YDR152W	0.68152
3956	YOL013C	0.6815
3957	YKR035C	0.68149
3958	YOL054W	0.68145
3959	YPL135C-A	0.68141
3960	YIR020C	0.68141
3961	YNL048W	0.68138
3962	YOL155W-A	0.68136
3963	YBR158W	0.68136
3964	YNR018W	0.68133
3965	YER161C	0.68125
3966	YOR123C	0.68123
3967	YJL131C	0.68116
3968	YHR073C-B	0.68113
3969	YER189W	0.68112
3970	YER101C	0.68112
3971	YGR031C-A	0.68107
3972	YNL009W	0.68102
3973	YPL137C	0.68097
3974	YNL219C	0.68092
3975	YKR023W	0.68091
3976	YMR028W	0.68087
3977	YMR119W-A	0.68086
3978	YJL123C	0.68086
3979	YMR055C	0.68083
3980	YMR125W	0.68073
3981	YNL138W-A	0.68065
3982	YCL032W	0.6805
3983	YML049C	0.68045
3984	YNL324W	0.68045
3985	YDL231C	0.68039
3986	YCR064C	0.68034
3987	YOR216C	0.68032
3988	YIR007W	0.68024
3989	YKL201C	0.68015
3990	YGL118C	0.68011
3991	YNL097C	0.68008
3992	YNL103W-A	0.68007
3993	YOR231W	0.68003
3994	YKR071C	0.68
3995	YJR039W	0.67997
3996	YGL217C	0.67997
3997	YER088W-B	0.67988
3998	YCL068C	0.67987
3999	YHL019W-A	0.67985
4000	YPL152W-A	0.67979
4001	YLR064W	0.67979
4002	YJR006W	0.67975
4003	YDR360W	0.67967
4004	YIR020C-B	0.67965
4005	YML031C-A	0.67956
4006	YLR302C	0.67952
4007	YJL215C	0.67951
4008	YPL065W	0.67945
4009	YIL072W	0.67941
4010	YNL186W	0.67936
4011	YBR042C	0.67932
4012	YGL032C	0.67931
4013	YML060W	0.6793
4014	YLR157W-E	0.67929
4015	YOL026C	0.67925
4016	YJL188C	0.67923
4017	YBR279W	0.67914
4018	YOL128C	0.67901
4019	YKL206C	0.67895
4020	YBL035C	0.67894
4021	YOR281C	0.67891
4022	YMR312W	0.6789
4023	YBR099C	0.67889
4024	YEL067C	0.67888
4025	YER019C-A	0.67877
4026	YNL236W	0.67869
4027	YGL177W	0.67869
4028	YLR123C	0.67868
4029	YJL169W	0.67866
4030	YMR315W-A	0.67861
4031	YNL094W	0.67831
4032	YDR034W-B	0.67825
4033	YER151C	0.67819
4034	YDR524W-C	0.67811
4035	YIL012W	0.67808
4036	YJL062W-A	0.67805
4037	YPL029W	0.67805
4038	YER090C-A	0.67803
4039	YML032C	0.67802
4040	YOL022C	0.67795
4041	YGR062C	0.67792
4042	YPR036W	0.67789
4043	YKR069W	0.67789
4044	YPL209C	0.67779
4045	YPR016W-A	0.67775
4046	YDR244W	0.67768
4047	R0040C	0.67767
4048	YGR154C	0.67766
4049	YPR063C	0.67765
4050	YOL049W	0.6776
4051	YDR421W	0.67757
4052	YAL013W	0.67755
4053	YEL009C	0.67749
4054	YML051W	0.67747
4055	YGL094C	0.67735
4056	YOL152W	0.67731
4057	YOR174W	0.67731
4058	YCR085W	0.6772
4059	YGR206W	0.6772
4060	YNL228W	0.67711
4061	YDR289C	0.67709
4062	YMR004W	0.67708
4063	YLR106C	0.67702
4064	YPL228W	0.67692
4065	YBR144C	0.67692
4066	YER107W-A	0.6769
4067	YML042W	0.67689
4068	YBL104C	0.67687
4069	YNL085W	0.67673
4070	YKL188C	0.67664
4071	YJL077W-B	0.67661
4072	YLR239C	0.67655
4073	YFR049W	0.67655
4074	YGR110W	0.67654
4075	YGL228W	0.67651
4076	YPR096C	0.67648
4077	YCR003W	0.67643
4078	YDR004W	0.67642
4079	YIL115C	0.67634
4080	YMR126C	0.67627
4081	YKR064W	0.67626
4082	YDR526C	0.6762
4083	YKR072C	0.67613
4084	YML011C	0.6761
4085	YPL096W	0.67601
4086	YDR302W	0.67596
4087	YAR060C	0.67595
4088	YHR212C	0.67595
4089	YCR014C	0.67595
4090	YMR158W-B	0.67587
4091	YCL007C	0.67582
4092	YGR259C	0.67574
4093	YJR033C	0.67572
4094	YKL036C	0.67566
4095	YPL250W-A	0.67557
4096	YKL174C	0.67553
4097	YDL003W	0.67553
4098	YPL107W	0.67547
4099	YHR073W-A	0.67542
4100	YJL135W	0.67542
4101	YOR026W	0.67542
4102	YMR033W	0.67536
4103	YMR291W	0.67529
4104	YKL219W	0.67526
4105	YPL038W	0.67526
4106	YKL054C	0.67522
4107	YGR228W	0.6752
4108	YPL119C-A	0.6752
4109	YKR007W	0.67517
4110	YBR030W	0.67503
4111	YLR463C	0.67495
4112	YNL193W	0.67493
4113	YOR219C	0.67488
4114	YPR175W	0.67486
4115	YKL043W	0.67476
4116	YIL134W	0.6746
4117	YER115C	0.67459
4118	YEL075W-A	0.67458
4119	YBR277C	0.67453
4120	YJR114W	0.6745
4121	YHR059W	0.67438
4122	YBR209W	0.67434
4123	YKL090W	0.67427
4124	YGL125W	0.67426
4125	YIL087C	0.67423
4126	YNL267W	0.67423
4127	YAL051W	0.67422
4128	YFL023W	0.67416
4129	YIR017W-A	0.67409
4130	YMR047C	0.67405
4131	YOR075W	0.67402
4132	YLR045C	0.67396
4133	YJR079W	0.67395
4134	YNL242W	0.67394
4135	YPL167C	0.67393
4136	YOL141W	0.67392
4137	YMR166C	0.67391
4138	YNL258C	0.67389
4139	YJL199C	0.67381
4140	YJL047C	0.67378
4141	YCR093W	0.67373
4142	YLL054C	0.6737
4143	YBR065C	0.67369
4144	YLR097C	0.67366
4145	YGL172W	0.67359
4146	YNR069C	0.67358
4147	YLR240W	0.67357
4148	YER139C	0.67352
4149	YLR269C	0.67342
4150	YJL136W-A	0.6734
4151	YPL125W	0.67337
4152	YHR197W	0.67336
4153	YBL067C	0.67336
4154	YDR407C	0.67335
4155	YGR257C	0.67334
4156	YNL294C	0.67325
4157	YBL033C	0.67322
4158	YNL211C	0.67316
4159	YGR101W	0.67294
4160	YKL018C-A	0.6728
4161	YOR138C	0.67278
4162	YGR014W	0.67278
4163	YER037W	0.67276
4164	YDR391C	0.6727
4165	YPR126C	0.67268
4166	YOR067C	0.67258
4167	YLR207W	0.67256
4168	YEL032C-A	0.67256
4169	YGL088W	0.67247
4170	YMR122W-A	0.67242
4171	YJR019C	0.67237
4172	YLR226W	0.67231
4173	YNR058W	0.67223
4174	YJR031C	0.67218
4175	YJL127C-B	0.67215
4176	YGR146C-A	0.67214
4177	YKL177W	0.67213
4178	YMR275C	0.67213
4179	YHR133C	0.67211
4180	YCR047W-A	0.67209
4181	YGR174C	0.67199
4182	YIL095W	0.67188
4183	YGL180W	0.67188
4184	YMR230W-A	0.67184
4185	YDR049W	0.67183
4186	YLR071C	0.67183
4187	YPL172C	0.6718
4188	YHR021W-A	0.67174
4189	YNL272C	0.67169
4190	YDR206W	0.67168
4191	YNL122C	0.67167
4192	YIL093C	0.67165
4193	YJL100W	0.67157
4194	YBR089W	0.67151
4195	YIL085C	0.67151
4196	YKL178C	0.67151
4197	YDL225W	0.67149
4198	YKL139W	0.67144
4199	YHL022C	0.67134
4200	YKR021W	0.67129
4201	YCL012C	0.67124
4202	YLR183C	0.67124
4203	YLR184W	0.67119
4204	YNL250W	0.67119
4205	YKL016C	0.67117
4206	YBR229C	0.67115
4207	YDR018C	0.67108
4208	YLL037W	0.671
4209	YNR068C	0.67098
4210	YHR122W	0.67092
4211	YDR430C	0.67092
4212	YLR225C	0.67087
4213	YGL237C	0.67086
4214	YPR177C	0.67082
4215	YJR023C	0.67077
4216	YNR003W-A	0.67072
4217	YBR076C-A	0.67069
4218	YDR316W	0.6706
4219	YDR015C	0.67052
4220	YDR137W	0.67049
4221	YGL133W	0.67049
4222	YJR054W	0.67042
4223	YLL062C	0.67029
4224	YLR462W	0.67025
4225	YCL066W	0.67021
4226	YCR040W	0.67021
4227	YJL031C	0.67017
4228	YBR271W	0.67016
4229	YIL017C	0.67016
4230	YAL064W	0.67015
4231	YBR280C	0.67009
4232	YNL217W	0.67008
4233	YIL029W-A	0.67004
4234	YER046W-A	0.67002
4235	YGR160W	0.67001
4236	YNR035C	0.66998
4237	YOL083C-A	0.66994
4238	YNL289W	0.66988
4239	YBL065W	0.66983
4240	YGR068C	0.66977
4241	YGR064W	0.66976
4242	YOR376W	0.66975
4243	YKL089W	0.66974
4244	YBL080C	0.66968
4245	YDR149C	0.66967
4246	YHL005C	0.66967
4247	YGL121C	0.66965
4248	YDR428C	0.66953
4249	YGL204C	0.66949
4250	YBR266C	0.66938
4251	YGR223C	0.66934
4252	R0010W	0.66932
4253	YGR227C-A	0.66929
4254	YGR002C	0.66923
4255	YCL002C	0.6692
4256	YDR403W	0.66919
4257	YCL031C	0.66911
4258	YMR254C	0.66911
4259	YOR334W	0.66909
4260	YNL174W	0.66907
4261	YGL052W	0.66903
4262	YOL097W-A	0.66898
4263	YKL132C	0.66896
4264	Q0060	0.66895
4265	YMR001C-A	0.66883
4266	YCL052C	0.66867
4267	YML013W	0.66861
4268	YBL097W	0.66857
4269	YOR364W	0.66853
4270	YBL006C	0.66852
4271	YMR231W	0.66851
4272	YLR444C	0.66849
4273	YMR316W	0.66848
4274	YML111W	0.66847
4275	YNL208W	0.66844
4276	YDR220C	0.66843
4277	YER053C-A	0.66842
4278	YHR032W-A	0.66841
4279	YER021W	0.66836
4280	YDR460W	0.66836
4281	YJL197C-A	0.66835
4282	YHR067W	0.66833
4283	YHR056W-A	0.66822
4284	YMR157C	0.6682
4285	YBL049W	0.66816
4286	YPL073C	0.66811
4287	YGL102C	0.66811
4288	YDL151C	0.6681
4289	YKR058W	0.66807
4290	YGR068W-A	0.66798
4291	YFL025C	0.66795
4292	YML095C	0.66794
4293	YLR368W	0.66793
4294	Q0160	0.6679
4295	YBR074W	0.66786
4296	YBR298C-A	0.66785
4297	YJR140C	0.66784
4298	YHR011W	0.6678
4299	YLR379W	0.66779
4300	YLR314C	0.66775
4301	YGR170W	0.66768
4302	YLL038C	0.66766
4303	YCR102W-A	0.66762
4304	YGL239C	0.6676
4305	YMR013W-A	0.66759
4306	YOL149W	0.66752
4307	YDR213W	0.66746
4308	YAR053W	0.66744
4309	YNL077W	0.66743
4310	YMR077C	0.66732
4311	YKL143W	0.66728
4312	YLR032W	0.66724
4313	YJL069C	0.6672
4314	YMR024W	0.66718
4315	YKL047W	0.66709
4316	YOR156C	0.66692
4317	YMR316C-A	0.6669
4318	YBR258C	0.66685
4319	YDL059C	0.66684
4320	YMR216C	0.66681
4321	YLR364C-A	0.66671
4322	YHR172W	0.66656
4323	YDL099W	0.66655
4324	YAL034C-B	0.66651
4325	YGR008C	0.66646
4326	YOL014W	0.66644
4327	YDR003W	0.66638
4328	YJL067W	0.66635
4329	YPR160C-A	0.66633
4330	YBL039C-A	0.66632
4331	YNR056C	0.6663
4332	YIL026C	0.66625
4333	YNL187W	0.66624
4334	YPR040W	0.66616
4335	YNL151C	0.66616
4336	YDR150W	0.66611
4337	YOR237W	0.66605
4338	YDR462W	0.66602
4339	YOR322C	0.666
4340	YIL115W-A	0.666
4341	YLL004W	0.66597
4342	YCR097W-A	0.66596
4343	YCL058C	0.66592
4344	YLR322W	0.66591
4345	YNR022C	0.66589
4346	YBR131C-A	0.66583
4347	YGR235C	0.66583
4348	YKR073C	0.66581
4349	YER023C-A	0.66576
4350	YGR216C	0.66572
4351	YDR101C	0.66559
4352	YOR199W	0.66559
4353	YER014C-A	0.66556
4354	YOR160W	0.66544
4355	YMR259C	0.66542
4356	YML071C	0.66535
4357	YHR080C	0.66526
4358	YDL054C	0.66519
4359	YJL009W	0.66507
4360	YKL033W	0.66504
4361	YOR134W	0.66504
4362	YOR179C	0.66498
4363	YIL096C	0.66496
4364	YJL006C	0.6649
4365	YML116W-A	0.66487
4366	YDR359C	0.66486
4367	YDR128W	0.66482
4368	YGL072C	0.66472
4369	YJL022W	0.66465
4370	YOR008C-A	0.66463
4371	YIL167W	0.66461
4372	YPL109C	0.66459
4373	YLR233C	0.66454
4374	YDL232W	0.66452
4375	YBR142W	0.66449
4376	YNL039W	0.66447
4377	YGL178W	0.66446
4378	YOR033C	0.66446
4379	YKL203C	0.66438
4380	YML034C-A	0.66431
4381	YGR112W	0.66416
4382	YNL143C	0.66405
4383	YBL012C	0.66402
4384	YNL035C	0.66401
4385	YKL010C	0.66394
4386	YBR296C-A	0.66393
4387	YJL071W	0.66391
4388	YGR128C	0.66373
4389	YPL148C	0.66362
4390	YOL033W	0.6636
4391	YBL059C-A	0.66353
4392	YBR255C-A	0.66353
4393	YOR365C	0.66347
4394	YJL102W	0.66346
4395	YOL160W	0.66345
4396	YDR387C	0.66342
4397	YNL179C	0.66341
4398	YBR056W-A	0.66339
4399	YDR106W	0.66336
4400	YER084W	0.66336
4401	YJL126W	0.66335
4402	YGL257C	0.66327
4403	YLR425W	0.66324
4404	YAL026C-A	0.66324
4405	YJL141C	0.6631
4406	YKR087C	0.66309
4407	YGL254W	0.66307
4408	YBL004W	0.66307
4409	YDL035C	0.66293
4410	YOR060C	0.66291
4411	YPR152C	0.6629
4412	YPR039W	0.66287
4413	YGR038W	0.66286
4414	YER137C	0.66282
4415	YBR178W	0.66273
4416	YCL004W	0.66261
4417	YJL133W	0.66259
4418	YDR401W	0.66242
4419	YBR293W	0.66241
4420	YIL089W	0.66238
4421	YDL234C	0.66234
4422	YIL070C	0.66232
4423	YNL168C	0.6623
4424	YJR038C	0.66229
4425	YPR029C	0.66224
4426	YGR091W	0.66222
4427	YKL012W	0.6622
4428	YKL136W	0.66216
4429	YAR027W	0.66215
4430	YIL105C	0.6621
4431	YDR246W-A	0.66209
4432	YDR393W	0.66208
4433	YOR041C	0.66204
4434	YHR198C	0.66204
4435	YOR276W	0.66197
4436	YPR139C	0.66197
4437	YGR097W	0.66195
4438	YGL056C	0.66191
4439	YDR504C	0.66185
4440	YNL051W	0.66171
4441	YJL122W	0.6617
4442	YGL150C	0.66167
4443	YGL226W	0.66164
4444	YGR226C	0.66159
4445	YBR028C	0.66158
4446	YBR102C	0.66151
4447	YDL162C	0.66149
4448	YEL074W	0.66149
4449	YGL007W	0.66147
4450	YEL050W-A	0.66144
4451	YHR045W	0.66144
4452	YMR091C	0.6614
4453	YDR323C	0.66127
4454	YJL120W	0.66123
4455	YHR186C	0.6612
4456	Q0070	0.66119
4457	YPL191C	0.66114
4458	YDL122W	0.66112
4459	YDL025W-A	0.6611
4460	YKL055C	0.661
4461	YOL087C	0.66099
4462	YKR103W	0.66099
4463	YDR136C	0.66095
4464	YPR085C	0.66093
4465	YCL034W	0.6609
4466	YPL032C	0.66083
4467	YLL030C	0.66081
4468	YKL057C	0.66078
4469	YKR061W	0.66077
4470	YOL076W	0.66075
4471	YOR072W-B	0.66074
4472	YGR033C	0.66072
4473	YDL119C	0.6607
4474	YIR001C	0.66066
4475	YMR013C-A	0.66065
4476	YLL006W-A	0.66058
4477	YPL163C	0.66055
4478	YHR214C-E	0.66053
4479	YDL024C	0.66051
4480	YJR005C-A	0.66038
4481	YOL109W	0.66033
4482	YER154W	0.6602
4483	YOR314W	0.6602
4484	YOR108C-A	0.66005
4485	YNR005C	0.66005
4486	YOR366W	0.66005
4487	YMR194C-A	0.66003
4488	YER172C-A	0.66002
4489	YOL071W	0.66
4490	YLR311C	0.65993
4491	YMR307C-A	0.65986
4492	YMR014W	0.65978
4493	YJR044C	0.65974
4494	YPL074W	0.65973
4495	YLR428C	0.65973
4496	YBL070C	0.65971
4497	YAR070C	0.65967
4498	YGR174W-A	0.65951
4499	YFL029C	0.65946
4500	YOR188W	0.65938
4501	YCL076W	0.65938
4502	YNL080C	0.65937
4503	YLR163C	0.6593
4504	YBR284W	0.65926
4505	YDR073W	0.65922
4506	YNL300W	0.6592
4507	YDL009C	0.65919
4508	YLR290C	0.65918
4509	YDR180W	0.65907
4510	YDR036C	0.65903
4511	YOL105C	0.65879
4512	YNL032W	0.65878
4513	YGL188C-A	0.65876
4514	YGR188C	0.65873
4515	YOR069W	0.65859
4516	YPR148C	0.65854
4517	YKL083W	0.6585
4518	YKL071W	0.65849
4519	YEL020C-B	0.65848
4520	YOR070C	0.65848
4521	YOR225W	0.65845
4522	YKL005C	0.65838
4523	YJL020C	0.65831
4524	YKL175W	0.65828
4525	YOL088C	0.65827
4526	YCR038C	0.65821
4527	YML058W-A	0.65817
4528	YML007C-A	0.65816
4529	YKL063C	0.65812
4530	YNL050C	0.65808
4531	YCR026C	0.65806
4532	YPR136C	0.658
4533	YGR280C	0.65797
4534	YJL004C	0.65797
4535	YGR149W	0.65795
4536	YNL118C	0.65791
4537	YLR093C	0.6578
4538	YDR218C	0.65779
4539	YER105C	0.65776
4540	YMR115W	0.65768
4541	YKL124W	0.65767
4542	YGR003W	0.6576
4543	YMR212C	0.65759
4544	YHR199C-A	0.65756
4545	YLR154W-A	0.6575
4546	YGR056W	0.6575
4547	YOR090C	0.65749
4548	YNL114C	0.65743
4549	YKR065C	0.65736
4550	YGR182C	0.65727
4551	YHL037C	0.65726
4552	YOR269W	0.65724
4553	YLR035C	0.65723
4554	YGR069W	0.65722
4555	YKL165C-A	0.6571
4556	YFR010W-A	0.65708
4557	YOR171C	0.65697
4558	YOL028C	0.65692
4559	YPL186C	0.65682
4560	YDR366C	0.65678
4561	YKL140W	0.65675
4562	YDR003W-A	0.65663
4563	YDR327W	0.65663
4564	YPR045C	0.65653
4565	YPL072W	0.65649
4566	YDR501W	0.6564
4567	YHR084W	0.65634
4568	YHR009C	0.65631
4569	YOL001W	0.65621
4570	YDL146W	0.65616
4571	YMR141C	0.65615
4572	YMR044W	0.65608
4573	YPR072W	0.65606
4574	YBR123C	0.65603
4575	YNL318C	0.65602
4576	YDL133W	0.65595
4577	YDR199W	0.65591
4578	YAL043C	0.65588
4579	YDL219W	0.65577
4580	YHL043W	0.6557
4581	YGR293C	0.65559
4582	YOR360C	0.65558
4583	YHL030W	0.65555
4584	YDR192C	0.65548
4585	YPR001W	0.65548
4586	YGR076C	0.65546
4587	YIL050W	0.65546
4588	YOR194C	0.65543
4589	YGR204C-A	0.65539
4590	YER085C	0.65537
4591	YOR287C	0.65533
4592	YHR052W-A	0.65533
4593	YHR054W-A	0.65533
4594	YDL043C	0.65526
4595	YDL116W	0.65521
4596	YJR082C	0.65521
4597	YBR281C	0.65514
4598	YOR064C	0.65505
4599	YOR002W	0.65504
4600	YLR342W-A	0.65501
4601	YJL015C	0.65493
4602	YPR074W-A	0.65483
4603	YDL025C	0.65483
4604	YMR267W	0.65475
4605	YGR129W	0.65473
4606	YKL145W-A	0.6547
4607	YJL109C	0.65469
4608	YIL068W-A	0.65467
4609	YHR083W	0.65463
4610	YBR206W	0.65459
4611	YJL037W	0.65457
4612	YOR227W	0.65446
4613	YGR130C	0.65444
4614	YPL188W	0.65439
4615	YKL045W	0.65436
4616	YLR346C	0.65435
4617	YHR001W-A	0.65435
4618	YGL233W	0.65434
4619	YBR260C	0.65432
4620	YGL025C	0.65432
4621	YLR305C	0.65426
4622	YGL188C	0.6542
4623	YLR023C	0.65413
4624	YPL252C	0.65411
4625	YJR151W-A	0.65411
4626	YMR165C	0.6541
4627	YPL038W-A	0.65406
4628	YOL079W	0.65402
4629	YOR017W	0.65398
4630	YDR102C	0.65397
4631	YML088W	0.65393
4632	YOR098C	0.65382
4633	YLR096W	0.65381
4634	YKR006C	0.65376
4635	YNL158W	0.65366
4636	YOL085W-A	0.65359
4637	YDR371C-A	0.65348
4638	YOR305W	0.65343
4639	YPL162C	0.6534
4640	YMR035W	0.65329
4641	YMR184W	0.65318
4642	YGL263W	0.65312
4643	YDR157W	0.65305
4644	YDL013W	0.65296
4645	YGR070W	0.65291
4646	YJL091C	0.65277
4647	YLR370C	0.65274
4648	YIL023C	0.65274
4649	YOR278W	0.65267
4650	YOR161C-C	0.65264
4651	YDR420W	0.65258
4652	YKL115C	0.65258
4653	YJR036C	0.65257
4654	YCR039C	0.65256
4655	YCL067C	0.65256
4656	YGR212W	0.65256
4657	YPR174C	0.65246
4658	YMR289W	0.65244
4659	YJL039C	0.65242
4660	YGR059W	0.65237
4661	YFR045W	0.65233
4662	YDL021W	0.65224
4663	YDL058W	0.65221
4664	YLR285C-A	0.65216
4665	YOR083W	0.65211
4666	YLR163W-A	0.65206
4667	YGR274C	0.65201
4668	YPR055W	0.65199
4669	YIL027C	0.65197
4670	YDR278C	0.6519
4671	YBR246W	0.65185
4672	YMR106C	0.65184
4673	YKR033C	0.65176
4674	YGR158C	0.65173
4675	YKL155C	0.65171
4676	YDR503C	0.65167
4677	YKL111C	0.6516
4678	YHR049C-A	0.65144
4679	YOR189W	0.65141
4680	YLR154W-F	0.65138
4681	YJL202C	0.65134
4682	YJR100C	0.65128
4683	YMR173W	0.65125
4684	YNL170W	0.6512
4685	YJL211C	0.65115
4686	YMR182C	0.65111
4687	YPR179C	0.65104
4688	YAR069C	0.65097
4689	YHR214C-D	0.65097
4690	YIL104C	0.65093
4691	YMR168C	0.65083
4692	YMR247C	0.6508
4693	YGL146C	0.65077
4694	YCL055W	0.65077
4695	YOR191W	0.65075
4696	YCR054C	0.6507
4697	YPL268W	0.65069
4698	YGR025W	0.65052
4699	YNL315C	0.65046
4700	YMR026C	0.65036
4701	YPR155C	0.65036
4702	YBR126W-A	0.65032
4703	YIR011C	0.65031
4704	YDR409W	0.65031
4705	YOR111W	0.6502
4706	YBR064W	0.65017
4707	YMR067C	0.65014
4708	YAR008W	0.65009
4709	YLL044W	0.65008
4710	YOR263C	0.65007
4711	YNR042W	0.65
4712	YNR007C	0.6499
4713	YGL016W	0.64987
4714	YHL028W	0.6498
4715	YGL014C-A	0.64979
4716	YDR262W	0.64972
4717	YAL002W	0.64969
4718	YDR205W	0.64968
4719	YMR298W	0.6496
4720	YNR061C	0.64955
4721	YOR282W	0.64948
4722	YJL193W	0.64921
4723	YHR022C	0.64916
4724	YJL182C	0.64915
4725	YDR521W	0.64899
4726	YAL019W-A	0.6489
4727	YOR245C	0.64887
4728	YLR166C	0.64873
4729	YLR054C	0.64871
4730	YBL074C	0.64871
4731	YJL156C	0.6487
4732	YHL025W	0.6487
4733	YKL195W	0.64865
4734	YOR230W	0.64864
4735	YGR291C	0.64863
4736	YBR147W	0.6486
4737	YOR078W	0.64856
4738	YLR385C	0.64856
4739	YKR101W	0.64855
4740	YER144C	0.64845
4741	YCR095W-A	0.64843
4742	YGL085W	0.64842
4743	YIL020C-A	0.64839
4744	YBR044C	0.64837
4745	YPL005W	0.64817
4746	YPR048W	0.64811
4747	YJR136C	0.64808
4748	YFR009W-A	0.64803
4749	YOR106W	0.64793
4750	YMR010W	0.64788
4751	YJL077C	0.64783
4752	YOR338W	0.64782
4753	YMR320W	0.6478
4754	YKR096W	0.64779
4755	YLR417W	0.64778
4756	YMR154C	0.64775
4757	YBL071C-B	0.64766
4758	YOR386W	0.64766
4759	YJL106W	0.64763
4760	YKL088W	0.64762
4761	YDL067C	0.64754
4762	YGR278W	0.64754
4763	YDR108W	0.64744
4764	YCL065W	0.64729
4765	YOR247W	0.64729
4766	YHR073W	0.64718
4767	YGR238C	0.64715
4768	YLR063W	0.64715
4769	YMR087W	0.64715
4770	YDR290W	0.64702
4771	YDR241W	0.647
4772	YER024W	0.64698
4773	YIL006W	0.64687
4774	YJR115W	0.64682
4775	YLR039C	0.64674
4776	YOL045W	0.64674
4777	YGR018C	0.64671
4778	YMR209C	0.64669
4779	YGL158W	0.64666
4780	YER077C	0.64665
4781	YBR016W	0.64662
4782	YFR056C	0.64661
4783	YIR005W	0.64657
4784	YDL062W	0.64652
4785	YEL028W	0.64651
4786	YLR157W-D	0.64649
4787	YGR035W-A	0.64647
4788	YJR102C	0.64647
4789	YBL086C	0.64639
4790	YOR288C	0.64636
4791	YDR126W	0.64632
4792	YJL023C	0.64629
4793	YLL007C	0.64625
4794	YIL060W	0.64615
4795	YJR142W	0.64615
4796	YDR511W	0.64602
4797	YML012C-A	0.64601
4798	YJL054W	0.64598
4799	YCR022C	0.64588
4800	YMR159C	0.64582
4801	YDL002C	0.64572
4802	YJL061W	0.64567
4803	YDR208W	0.64551
4804	YPL260W	0.6455
4805	YJL173C	0.64542
4806	YDR464W	0.64541
4807	YGR114C	0.64541
4808	YFL040W	0.64539
4809	YCR089W	0.64538
4810	YAR030C	0.64529
4811	YDR027C	0.64522
4812	YNL109W	0.64512
4813	YDR413C	0.64506
4814	YIL009C-A	0.64499
4815	YDR080W	0.64499
4816	YER068W	0.64495
4817	YGR045C	0.64493
4818	YNL084C	0.64483
4819	YLL017W	0.6446
4820	YDR445C	0.64454
4821	YMR156C	0.64453
4822	YLR199C	0.64452
4823	YLR162W-A	0.64449
4824	YGL169W	0.64447
4825	YGR258C	0.64444
4826	YJR090C	0.64434
4827	YOR042W	0.64424
4828	YGR270W	0.64424
4829	YPR050C	0.64422
4830	YPL254W	0.64411
4831	YER091C-A	0.64402
4832	YJL020W-A	0.64398
4833	YDR273W	0.64387
4834	YEL016C	0.64386
4835	YDR485C	0.64385
4836	YLR128W	0.64358
4837	YNL262W	0.64351
4838	YLR456W	0.64347
4839	YOR344C	0.64324
4840	YDL091C	0.64322
4841	YBR012C	0.64321
4842	YER008C	0.64317
4843	YBR216C	0.6431
4844	YBL010C	0.64308
4845	YBR120C	0.64301
4846	YDL185C-A	0.64279
4847	YER050C	0.64273
4848	YPR030W	0.64273
4849	YKL034W	0.64267
4850	YLR402W	0.6426
4851	YHR063W-A	0.64253
4852	YBR026C	0.64249
4853	YGR081C	0.64244
4854	YDR006C	0.64232
4855	YIL084C	0.64232
4856	YNL303W	0.64229
4857	YML117W	0.64226
4858	YLR336C	0.64221
4859	YBL045C	0.6422
4860	YGL145W	0.64206
4861	YAL047W-A	0.64193
4862	YNL038W	0.64192
4863	YNR044W	0.64189
4864	YKL168C	0.64181
4865	YBR027C	0.64181
4866	YDL112W	0.64179
4867	YDR251W	0.64177
4868	YBR022W	0.64174
4869	YLR177W	0.64165
4870	YMR287C	0.6416
4871	YGL092W	0.6414
4872	YMR048W	0.64123
4873	YPR202W	0.64116
4874	YNL278W	0.64111
4875	YLL020C	0.6411
4876	YLR132C	0.6411
4877	YJL029C	0.64107
4878	YLR392C	0.64099
4879	YBR129C	0.6409
4880	YJL101C	0.64089
4881	YBR179C	0.64088
4882	YER078C	0.64087
4883	YIL025C	0.64085
4884	YMR313C	0.64077
4885	YLL016W	0.64067
4886	YDR486C	0.64059
4887	YBR150C	0.64058
4888	YJR066W	0.64048
4889	YDR231C	0.6404
4890	YER092W	0.64038
4891	YDR535C	0.64035
4892	YNL128W	0.64033
4893	YLR407W	0.64032
4894	YLR437C	0.64031
4895	YBL008W-A	0.64016
4896	YLR363C	0.64013
4897	YKL104W-A	0.64013
4898	YDR156W	0.64013
4899	YLR288C	0.64011
4900	YFR026C	0.64007
4901	YDR252W	0.64006
4902	YAR019C	0.63988
4903	YHL038C	0.63986
4904	YHR093W	0.63971
4905	YMR223W	0.63963
4906	YHR158C	0.63962
4907	YML050W	0.63943
4908	YJR051W	0.63933
4909	YCR016W	0.63924
4910	YGL116W	0.63921
4911	YPR141C	0.63919
4912	YOR302W	0.63911
4913	YOR256C	0.63907
4914	YDL114W-A	0.63903
4915	YDR319C	0.63893
4916	YPL185W	0.63886
4917	YOR080W	0.63884
4918	YDR020C	0.63873
4919	YER067C-A	0.6386
4920	YML093W	0.6386
4921	YDR333C	0.63858
4922	YLR439W	0.63852
4923	YDR509W	0.63851
4924	YDR008C	0.63837
4925	YBL090W	0.63801
4926	YGR044C	0.63801
4927	YDR449C	0.638
4928	YAL056W	0.638
4929	YBL025W	0.63788
4930	YIL177W-A	0.63782
4931	YJL225W-A	0.63782
4932	YGL174W	0.63781
4933	YLR299W	0.6378
4934	YLR406C-A	0.63778
4935	YML096W	0.63778
4936	YER068C-A	0.63771
4937	YNL320W	0.63766
4938	YML104C	0.6376
4939	YMR110C	0.63757
4940	YGR137W	0.63756
4941	YLR396C	0.63755
4942	YIL130W	0.63753
4943	YPR115W	0.63732
4944	YNL120C	0.63729
4945	YNL230C	0.63721
4946	YIL077C	0.63719
4947	YBR262C	0.63714
4948	YDR377W	0.63709
4949	YLL067W-A	0.63707
4950	YFL068W	0.63707
4951	YLL066W-A	0.63707
4952	YIL042C	0.63704
4953	YGR046W	0.63703
4954	YPR099C	0.63692
4955	YNL215W	0.63678
4956	YPL144W	0.63676
4957	YGR164W	0.6367
4958	YCR082W	0.63667
4959	YGR237C	0.63657
4960	YDL012C	0.63653
4961	YHL020C	0.63649
4962	YDR221W	0.63646
4963	YER061C	0.63644
4964	YJR097W	0.6364
4965	YOL166W-A	0.6364
4966	YPR089W	0.6363
4967	YBL077W	0.63621
4968	YNL205C	0.63605
4969	YNL166C	0.63589
4970	YGL127C	0.63588
4971	YOR124C	0.63581
4972	YIL019W	0.63576
4973	YPL241C	0.63549
4974	YCL056C	0.63544
4975	YDR545C-A	0.63533
4976	YLR312W-A	0.63533
4977	YNL339W-B	0.63519
4978	YML133W-B	0.63519
4979	YHR219C-A	0.63519
4980	YER158W-A	0.63513
4981	YOR053W	0.63509
4982	YOL053W	0.63509
4983	YLR101C	0.63508
4984	YBR036C	0.635
4985	YMR129W	0.63499
4986	YOR368W	0.63493
4987	YPL126W	0.63487
4988	YHL050W-A	0.63487
4989	YJR147W	0.63487
4990	YKR015C	0.6348
4991	YLR091W	0.63476
4992	YGR122W	0.63467
4993	YDR283C	0.63466
4994	YDL065C	0.63461
4995	YPL128C	0.6346
4996	YHR101C	0.63453
4997	YJR119C	0.63449
4998	YMR070W	0.63439
4999	YLR467C-A	0.63428
5000	YLR466C-A	0.63428
5001	YOR396C-A	0.63428
5002	YOR293C-A	0.63413
5003	YDR242W	0.6341
5004	YLR084C	0.63409
5005	YDL028C	0.63405
5006	YDR279W	0.63396
5007	YDL247W-A	0.63395
5008	YNL338W	0.63389
5009	YMR030W-A	0.63389
5010	YLR154W-C	0.63386
5011	YJL206C	0.63384
5012	YLR095C	0.63382
5013	YNL067W-A	0.63375
5014	YBR186W	0.63375
5015	YBR135W	0.63364
5016	YDL098C	0.63348
5017	YCR083W	0.63346
5018	YHR125W	0.63344
5019	YOL063C	0.63338
5020	YDR326C	0.63331
5021	YNL265C	0.63331
5022	YLR006C	0.63328
5023	YJR122W	0.63323
5024	YLL049W	0.63313
5025	YHR165C	0.63305
5026	YML108W	0.63295
5027	YKL032C	0.6328
5028	YNL136W	0.63279
5029	YLR146W-A	0.63272
5030	YGL192W	0.63269
5031	YDL204W	0.63262
5032	YGL227W	0.63254
5033	YJL046W	0.63244
5034	YPL041C	0.6324
5035	YDR410C	0.63238
5036	YMR175W-A	0.63238
5037	YMR192W	0.63229
5038	YML020W	0.63227
5039	YGL131C	0.63227
5040	YPR071W	0.63227
5041	YHR058C	0.63225
5042	YPL105C	0.63217
5043	YLR366W	0.63208
5044	YGL203C	0.63206
5045	YEL077W-A	0.63192
5046	YPL283W-B	0.63192
5047	YER190C-B	0.63192
5048	YGR296C-B	0.63192
5049	YPR204C-A	0.63192
5050	YPL189W	0.63191
5051	YGR251W	0.6319
5052	YMR211W	0.63186
5053	YLR010C	0.63186
5054	YBL094C	0.63184
5055	YAR002W	0.63181
5056	YDR470C	0.63179
5057	YCR001W	0.63176
5058	YDR507C	0.6317
5059	YBR269C	0.63166
5060	YBR040W	0.63154
5061	YBR289W	0.63149
5062	YPR031W	0.63141
5063	YCR095C	0.63139
5064	YLL031C	0.63135
5065	YDR160W	0.63135
5066	YKL138C	0.63134
5067	YFL012W-A	0.63132
5068	YER038W-A	0.63129
5069	YFR003C	0.63114
5070	YGL067W	0.63111
5071	Q0017	0.63104
5072	YCL029C	0.63103
5073	YDL074C	0.63089
5074	YOL019W	0.63088
5075	YLR202C	0.63068
5076	YLR136C	0.63053
5077	YPL165C	0.6305
5078	YOL004W	0.63046
5079	YMR137C	0.63033
5080	YBL066C	0.63019
5081	YLR309C	0.63018
5082	YOR260W	0.63013
5083	YPR075C	0.6301
5084	YFL027C	0.63
5085	YDL121C	0.62984
5086	YMR053C	0.62969
5087	YDR115W	0.62968
5088	YNL019C	0.62968
5089	YKR005C	0.62964
5090	YMR111C	0.62963
5091	YHR214C-C	0.62959
5092	YDL214C	0.62957
5093	YIL137C	0.6295
5094	YIL002W-A	0.62949
5095	YER113C	0.62948
5096	YDR245W	0.62948
5097	YGL014W	0.62937
5098	YLL035W	0.62926
5099	YFR043C	0.62916
5100	YJR087W	0.62911
5101	YJL127C	0.62907
5102	YGL060W	0.62899
5103	YNL245C	0.62878
5104	YIL014C-A	0.62875
5105	YML046W	0.62875
5106	YDR179W-A	0.62872
5107	YOR211C	0.6287
5108	YDR271C	0.62859
5109	YAL008W	0.62856
5110	YLR247C	0.62853
5111	YJL098W	0.62847
5112	YJR126C	0.62846
5113	YOR043W	0.62841
5114	YER007W	0.62841
5115	YPL123C	0.62835
5116	YOR392W	0.62798
5117	YEL022W	0.62793
5118	YDL183C	0.62793
5119	YPR146C	0.6279
5120	YBL020W	0.62786
5121	YDR261C	0.62783
5122	YNL226W	0.62781
5123	YNL033W	0.62777
5124	YOR180C	0.6277
5125	YMR190C	0.62753
5126	YDR335W	0.62752
5127	YKR082W	0.62749
5128	YNL047C	0.62734
5129	YJL133C-A	0.62714
5130	YEL068C	0.62712
5131	YOR319W	0.62703
5132	YJR043C	0.62698
5133	YJL007C	0.62696
5134	YDR354W	0.62694
5135	YDR247W	0.62687
5136	YOR093C	0.62675
5137	YNL073W	0.62669
5138	YJL205C	0.62668
5139	YJR060W	0.62664
5140	YER078W-A	0.62663
5141	YNR006W	0.62638
5142	YNL295W	0.62638
5143	YJL038C	0.62637
5144	YMR185W	0.62633
5145	YAL037C-A	0.62632
5146	YKR089C	0.6261
5147	YPL146C	0.62608
5148	YGR127W	0.62605
5149	YPL197C	0.62604
5150	YJL112W	0.626
5151	YNL126W	0.62595
5152	YDR437W	0.6259
5153	YNL253W	0.62587
5154	YGR184C	0.62576
5155	YMR207C	0.62573
5156	YBR098W	0.62567
5157	YER135C	0.62556
5158	YHL046W-A	0.62549
5159	YCR091W	0.62544
5160	YKR028W	0.6253
5161	YDR153C	0.62529
5162	YDR376W	0.62527
5163	YIL029C	0.62516
5164	YKL116C	0.62509
5165	YFL007W	0.62507
5166	YDR299W	0.62497
5167	YGL132W	0.62488
5168	YHR078W	0.6248
5169	YOL078W	0.62471
5170	YNR028W	0.62463
5171	YKR083C	0.62459
5172	YOR112W	0.6245
5173	YHL009W-A	0.62431
5174	YNL224C	0.62427
5175	YHR079C	0.62424
5176	YMR281W	0.62423
5177	YLR260W	0.62422
5178	YML036W	0.62417
5179	YNL304W	0.6241
5180	YLR154W-E	0.62404
5181	YDL129W	0.624
5182	YHL035C	0.624
5183	YDL203C	0.62391
5184	YHL024W	0.6239
5185	YER047C	0.62382
5186	YPL149W	0.62377
5187	YMR107W	0.62375
5188	YIL132C	0.62374
5189	YOR249C	0.62373
5190	YIL024C	0.62369
5191	YMR061W	0.62364
5192	YLR171W	0.62355
5193	YPL020C	0.62332
5194	YBR215W	0.62329
5195	YKL208W	0.6232
5196	YDL197C	0.62308
5197	YOR346W	0.62302
5198	YOR228C	0.62297
5199	YDR426C	0.62288
5200	YER087W	0.62286
5201	YMR294W	0.62285
5202	YPL242C	0.62246
5203	YLR453C	0.62233
5204	YFR052W	0.62228
5205	YAR061W	0.62228
5206	YHR212W-A	0.62228
5207	YPL178W	0.62225
5208	YAL032C	0.62224
5209	YJL107C	0.62211
5210	YBR300C	0.62209
5211	YDL179W	0.62202
5212	YML047W-A	0.62187
5213	YHR132W-A	0.62185
5214	YJR111C	0.62169
5215	YNL029C	0.62166
5216	YLR191W	0.62157
5217	YDL237W	0.62155
5218	YHR015W	0.62145
5219	YOR166C	0.62139
5220	YBL113W-A	0.62138
5221	YBR081C	0.62133
5222	YAR047C	0.6213
5223	YOR149C	0.62129
5224	YNR059W	0.62127
5225	YKL149C	0.62125
5226	YDR367W	0.6212
5227	YPR150W	0.62116
5228	YOR373W	0.62103
5229	YOL024W	0.62098
5230	YNR031C	0.62084
5231	YKL096C-B	0.62082
5232	YDL181W	0.62081
5233	YDL220C	0.62081
5234	YLL051C	0.62066
5235	YNL127W	0.62066
5236	YPR109W	0.62061
5237	YBR097W	0.6206
5238	YOR032W-A	0.62054
5239	YLR087C	0.62053
5240	YNL012W	0.62053
5241	YOR381W-A	0.62052
5242	YLL066W-B	0.62048
5243	YBL079W	0.62041
5244	YAL065C	0.6204
5245	YIR024C	0.62029
5246	YMR283C	0.62024
5247	YAL017W	0.62022
5248	YDR363W	0.62021
5249	YBR276C	0.62011
5250	YML114C	0.61968
5251	YBR259W	0.61968
5252	YHR136C	0.61966
5253	YDR281C	0.61963
5254	YDR119W-A	0.61962
5255	YDR081C	0.61949
5256	YGR104C	0.61929
5257	YDR520C	0.61919
5258	YPL248C	0.61915
5259	YAL069W	0.61914
5260	YER093C	0.61913
5261	YER186C	0.6191
5262	YCR020W-B	0.61903
5263	YLR052W	0.61898
5264	YMR075C-A	0.61895
5265	YIL156W	0.61895
5266	YGL134W	0.61894
5267	YBR056C-B	0.61888
5268	YJL114W	0.61882
5269	YCL001W-A	0.61882
5270	YPL278C	0.61881
5271	YDR475C	0.61878
5272	YBR212W	0.61872
5273	YGR219W	0.61864
5274	YJR093C	0.61859
5275	YDR484W	0.61852
5276	YDR389W	0.61849
5277	YBR257W	0.61841
5278	YKR044W	0.61838
5279	YOL166C	0.61832
5280	YDR340W	0.61827
5281	YBR188C	0.61821
5282	YLR149C	0.6181
5283	YEL017W	0.61787
5284	YFR029W	0.61764
5285	YHL021C	0.61762
5286	YMR147W	0.6175
5287	YKL015W	0.61748
5288	YML107C	0.61747
5289	YMR021C	0.61745
5290	YJL057C	0.61742
5291	YMR029C	0.61738
5292	YHR069C-A	0.61737
5293	YBR292C	0.61715
5294	YMR148W	0.61713
5295	YJR140W-A	0.61709
5296	YNL164C	0.61707
5297	YDR048C	0.617
5298	YDR423C	0.61696
5299	YHL041W	0.6169
5300	YOR115C	0.61678
5301	YMR060C	0.61666
5302	YLR350W	0.61664
5303	YNL024C-A	0.61662
5304	YKL011C	0.61642
5305	YBR191W-A	0.61632
5306	YJR059W	0.61621
5307	YOR329C	0.61616
5308	YLR228C	0.61613
5309	YLL032C	0.61606
5310	YBR217W	0.61604
5311	YMR019W	0.61572
5312	YDL173W	0.6157
5313	YOL164W-A	0.61569
5314	YHR155W	0.61564
5315	YOR308C	0.61556
5316	YDR489W	0.61556
5317	YHR097C	0.61547
5318	YKR029C	0.61535
5319	YDR141C	0.61531
5320	YDR198C	0.61524
5321	YMR256C	0.61519
5322	YHR105W	0.61513
5323	YNL249C	0.61508
5324	YNL257C	0.61506
5325	YMR140W	0.61503
5326	YMR198W	0.61502
5327	YOR186C-A	0.61498
5328	YKL183W	0.61497
5329	YPL155C	0.61491
5330	YPR079W	0.61486
5331	YJL157C	0.61463
5332	YOR011W-A	0.6146
5333	YBL100W-C	0.61436
5334	YGL041C-B	0.61433
5335	YKL121W	0.61432
5336	YBL060W	0.61416
5337	YDR396W	0.61416
5338	YKR008W	0.61414
5339	YMR172C-A	0.61412
5340	YEL061C	0.61412
5341	YBR240C	0.61411
5342	YOL017W	0.61406
5343	YML099W-A	0.614
5344	YDR246W	0.61387
5345	YNL139C	0.61377
5346	YDR455C	0.61376
5347	YNL165W	0.61365
5348	YMR013C	0.61362
5349	YDR014W-A	0.61361
5350	YBR128C	0.61361
5351	YGR109C	0.6135
5352	YNL005C	0.61345
5353	YJR107C-A	0.61344
5354	YLR442C	0.61331
5355	YLR294C	0.6133
5356	YGL247W	0.61327
5357	YJL047C-A	0.61323
5358	YJL086C	0.61319
5359	YER064C	0.61315
5360	YLR458W	0.613
5361	YDR072C	0.613
5362	YNL285W	0.61299
5363	YGR156W	0.61297
5364	YAL037W	0.61297
5365	YDL113C	0.61295
5366	YOL095C	0.61295
5367	YNL314W	0.61279
5368	YJL132W	0.61278
5369	YKL169C	0.61266
5370	YDR318W	0.61265
5371	YPL150W	0.61264
5372	YLR356W	0.61245
5373	YER169W	0.61234
5374	YKL110C	0.61224
5375	YLR127C	0.61214
5376	YNL213C	0.61212
5377	YDR416W	0.61209
5378	YHR217C	0.61203
5379	YMR237W	0.61202
5380	YGR147C	0.61191
5381	YLR067C	0.61189
5382	YLR169W	0.61188
5383	YOR015W	0.61175
5384	YIL163C	0.61175
5385	YAR009C	0.61168
5386	YLR329W	0.61166
5387	YGL041C	0.61158
5388	YBR233W-A	0.61155
5389	YLR422W	0.61151
5390	YLR321C	0.61127
5391	YER041W	0.61121
5392	YML083C	0.61115
5393	YLL013C	0.61111
5394	YHR154W	0.61105
5395	YOR081C	0.61103
5396	YOL035C	0.61101
5397	YGL160W	0.61099
5398	YEL025C	0.61098
5399	YPL139C	0.61091
5400	YDL117W	0.61085
5401	YJL070C	0.61082
5402	YKL068W	0.61081
5403	YJL201W	0.61079
5404	YOL032W	0.61079
5405	YOR144C	0.61078
5406	YGL249W	0.61071
5407	YDR068W	0.61071
5408	YGL193C	0.61068
5409	YOL131W	0.61041
5410	YLR332W	0.61036
5411	YNL319W	0.61036
5412	YDR458C	0.61035
5413	YDR255C	0.6103
5414	YGR057C	0.61028
5415	YLL040C	0.61028
5416	YMR141W-A	0.61003
5417	YGR096W	0.61
5418	YIL005W	0.60991
5419	YPL021W	0.60982
5420	YEL072W	0.60982
5421	YIL090W	0.6098
5422	YER096W	0.60968
5423	YLR073C	0.60945
5424	YDR524C-A	0.6094
5425	YKL106W	0.60934
5426	YGR084C	0.60929
5427	YDR463W	0.60929
5428	YPL102C	0.60927
5429	YGR053C	0.60925
5430	YMR153C-A	0.6092
5431	YBR197C	0.60913
5432	YDR544C	0.60909
5433	YNL337W	0.60908
5434	YDR329C	0.60907
5435	YOR242C	0.60902
5436	YHR153C	0.60891
5437	YER109C	0.60891
5438	YOR371C	0.60871
5439	YLR232W	0.60869
5440	YLR440C	0.60869
5441	YGR205W	0.6086
5442	YKL106C-A	0.60858
5443	YCR019W	0.60844
5444	YMR133W	0.60832
5445	YLR400W	0.60832
5446	YFR036W-A	0.6082
5447	YFL014W	0.60803
5448	YIR016W	0.60798
5449	YDR381C-A	0.60786
5450	YKL134C	0.60783
5451	YPL261C	0.60782
5452	YER097W	0.60777
5453	YDR138W	0.60776
5454	YKL079W	0.60774
5455	YNR066C	0.60768
5456	YDL044C	0.60761
5457	YER066C-A	0.60754
5458	YBL107W-A	0.60749
5459	YML023C	0.60743
5460	YHR035W	0.60737
5461	YOR231C-A	0.60735
5462	YDR254W	0.60734
5463	YHR119W	0.60729
5464	YBR194W	0.60729
5465	YBL014C	0.60727
5466	YLR358C	0.60718
5467	YHR214C-B	0.60715
5468	YIL105W-A	0.60705
5469	YCL028W	0.60693
5470	YKR090W	0.60687
5471	YMR130W	0.6068
5472	YHR193C-A	0.60679
5473	YDR194W-A	0.60677
5474	YMR068W	0.6067
5475	YJL204C	0.6067
5476	YGL006W-A	0.6067
5477	YBR172C	0.60659
5478	YMR017W	0.60654
5479	YJR062C	0.60617
5480	YMR031C	0.60616
5481	YGR017W	0.60613
5482	YEL018W	0.60612
5483	YHL044W	0.60611
5484	YDL045C	0.60601
5485	YLR001C	0.60596
5486	YPL057C	0.60595
5487	YKL061W	0.60589
5488	YHL027W	0.60577
5489	YBL107C	0.6057
5490	YDR365W-B	0.60566
5491	YPL257W	0.60564
5492	YDL077C	0.60561
5493	YBR272C	0.6056
5494	YGL113W	0.60546
5495	YIL098C	0.60543
5496	YOR190W	0.60532
5497	YML099C	0.6053
5498	YOR320C	0.60528
5499	YLR434C	0.6052
5500	YHR143W	0.60506
5501	YJR135C	0.60505
5502	YJL092W	0.60502
5503	YOR238W	0.60502
5504	YNL254C	0.60494
5505	YDR357C	0.60485
5506	YOR193W	0.60473
5507	YER114C	0.60438
5508	YOR012W	0.60438
5509	YLL019C	0.60435
5510	YPL069C	0.6043
5511	YJL019W	0.60429
5512	YNL041C	0.60418
5513	YMR311C	0.60416
5514	YDR431W	0.60416
5515	YJR138W	0.60415
5516	YIL127C	0.60411
5517	YJL044C	0.60398
5518	YLR187W	0.60385
5519	YKL014C	0.60384
5520	YFL024C	0.60383
5521	YDR176W	0.60377
5522	YGR198W	0.60374
5523	YPL141C	0.60372
5524	YGR115C	0.60366
5525	YDR529C	0.60347
5526	YMR274C	0.60337
5527	YBL071C	0.60336
5528	YLR217W	0.60336
5529	YFR011C	0.60335
5530	YIR021W-A	0.60317
5531	YIL066W-A	0.60296
5532	YLR381W	0.60295
5533	YDR228C	0.60291
5534	YMR304C-A	0.60282
5535	YER138C	0.60278
5536	YJR110W	0.60277
5537	YLR256W-B/YLR256W-C	0.60263
5538	YPL096C-A	0.6026
5539	YLR265C	0.60255
5540	YJR012C	0.60255
5541	YER133W-A	0.60254
5542	YMR171C	0.60252
5543	YGR225W	0.60249
5544	YEL023C	0.60246
5545	YBR051W	0.60236
5546	YFL032W	0.60233
5547	YGR049W	0.60231
5548	YLR082C	0.60227
5549	YML054C-A	0.60223
5550	YGL013C	0.60221
5551	YLR148W	0.60213
5552	YLR459W	0.60207
5553	YEL009C-A	0.60206
5554	YAL066W	0.60205
5555	YOL103W-B	0.60204
5556	YJR027W	0.602
5557	YPR169W-A	0.602
5558	YER076W-A	0.60194
5559	YPL115C	0.60192
5560	YDR197W	0.60191
5561	YBR163W	0.60188
5562	YML045W	0.60187
5563	YPL257W-B	0.60181
5564	YPL026C	0.6018
5565	YBR182C-A	0.60179
5566	YBR171W	0.60172
5567	YKL205W	0.60162
5568	YGL007C-A	0.60156
5569	YJR037W	0.60135
5570	YIL056W	0.60133
5571	YMR050C	0.60132
5572	YDR222W	0.6013
5573	YNR025C	0.60127
5574	YJL118W	0.60116
5575	YHR050W-A	0.60102
5576	YPR137C-B	0.60101
5577	YGR038C-B	0.60098
5578	YLR157C-B	0.60084
5579	YDR098C-B	0.60081
5580	YEL062W	0.60063
5581	YIL030W-A	0.60062
5582	YCR018C	0.60056
5583	YGR052W	0.60055
5584	YIR003W	0.60054
5585	YML039W	0.60051
5586	YDL142C	0.60051
5587	YPR026W	0.60042
5588	YJR029W	0.6003
5589	YNL054W-B	0.60025
5590	YDR124W	0.60023
5591	YHR099W	0.6002
5592	YJR091C	0.60013
5593	YBR290W	0.59981
5594	YOL083W	0.5998
5595	YJR041C	0.59979
5596	YLR395C	0.59978
5597	YGR161C-D	0.59955
5598	YOL118C	0.59951
5599	YHR138C	0.5994
5600	YKR036C	0.59938
5601	YLR466C-B	0.5993
5602	YPR158C-D	0.59927
5603	YER160C	0.59927
5604	YNL058C	0.59915
5605	YNL026W	0.59905
5606	YGR027W-B	0.59904
5607	YLR035C-A	0.59903
5608	YJL084C	0.59903
5609	YGR075C	0.59901
5610	YOL104C	0.59897
5611	YGL093W	0.59897
5612	YBR161W	0.59885
5613	YGL090W	0.59877
5614	YDR200C	0.59872
5615	YPR022C	0.59867
5616	YBR012W-B	0.59865
5617	YLL021W	0.59865
5618	YHR149C	0.59863
5619	YOR142W-B	0.59856
5620	YGL182C	0.59848
5621	YDR210C-D	0.59848
5622	YHR109W	0.59847
5623	YDL114W	0.59842
5624	YJR053W	0.59841
5625	YDR316W-B	0.5984
5626	YIL044C	0.59828
5627	YLR227W-B	0.59827
5628	YML016C	0.59823
5629	YNL011C	0.59823
5630	YIL139C	0.59822
5631	YML002W	0.59815
5632	YNR004W	0.59813
5633	YDL094C	0.59808
5634	YCL021W	0.59808
5635	YOL159C	0.59802
5636	YMR052C-A	0.59794
5637	YNL198C	0.59791
5638	YDL149W	0.5977
5639	YER137W-A	0.59766
5640	YPR015C	0.5976
5641	YDR261C-C	0.5975
5642	YMR117C	0.59748
5643	YGL041W-A	0.59741
5644	YGL124C	0.59739
5645	YDL070W	0.5971
5646	YKR054C	0.59703
5647	YPR158W-B	0.59693
5648	YCR066W	0.59679
5649	YDL216C	0.59673
5650	YOR394C-A	0.59672
5651	YBL093C	0.59668
5652	YCL024W	0.59666
5653	YDR261C-D	0.59662
5654	YKL141W	0.59648
5655	YDR229W	0.59646
5656	YBR133C	0.59644
5657	YDL005C	0.59641
5658	YKR098C	0.5963
5659	YGR222W	0.59626
5660	YCL057W	0.59618
5661	YKL023W	0.59612
5662	YCR024C	0.5959
5663	YER137C-A	0.59582
5664	YPL257W-A	0.59582
5665	YDR365W-A	0.59582
5666	YLR157C-A	0.59582
5667	YDR383C	0.59565
5668	YBL005W-B	0.59556
5669	YPR158C-C	0.59554
5670	YLR033W	0.59548
5671	YKR011C	0.59545
5672	YMR045C	0.5953
5673	YNL284C-B	0.59524
5674	YKR019C	0.5951
5675	YGR030C	0.5951
5676	YDL240C-A	0.59505
5677	YAL027W	0.595
5678	YKL130C	0.59494
5679	YBR195C	0.59484
5680	YBR196C-A	0.59484
5681	YER006C-A	0.59476
5682	YDR315C	0.59473
5683	YPR020W	0.59461
5684	YDL242W	0.59458
5685	YCR099C	0.59439
5686	YOL103W-A	0.59435
5687	YLR256W-A	0.59424
5688	YGL168W	0.59423
5689	YCL039W	0.59422
5690	YGR106C	0.59414
5691	YCL022C	0.59406
5692	YDR125C	0.59389
5693	YMR073C	0.59354
5694	YPL216W	0.59349
5695	YDL050C	0.59346
5696	YJL105W	0.59327
5697	YIL112W	0.59321
5698	YMR258C	0.59321
5699	YER087C-A	0.59316
5700	YLR142W	0.59315
5701	YML113W	0.59312
5702	YKL038W	0.5931
5703	YPR151C	0.59309
5704	YAL031W-A	0.59299
5705	YJR026W	0.59299
5706	YML040W	0.59299
5707	YLR227W-A	0.59299
5708	YGR171C	0.59281
5709	YIL141W	0.59274
5710	YDR147W	0.59266
5711	YDR159W	0.59263
5712	YGL142C	0.59263
5713	YER071C	0.59259
5714	YPL189C-A	0.59256
5715	YLR036C	0.59248
5716	YLR119W	0.59224
5717	YDR285W	0.59195
5718	YGR013W	0.59183
5719	YOL101C	0.59167
5720	YIL158W	0.59167
5721	YJL013C	0.59163
5722	YGL209W	0.59163
5723	YJL016W	0.59162
5724	YJL066C	0.59161
5725	YEL010W	0.59147
5726	YLR327C	0.59136
5727	YOL159C-A	0.59136
5728	YJR080C	0.59131
5729	YLR278C	0.59129
5730	YKR027W	0.59114
5731	YER138W-A	0.5911
5732	YAL068W-A	0.59104
5733	YJR086W	0.59095
5734	YLR173W	0.5909
5735	YNL235C	0.59085
5736	YPL035C	0.59079
5737	YML034W	0.59068
5738	YKR004C	0.59063
5739	YDR295C	0.59055
5740	YAR010C	0.5905
5741	YPR137C-A	0.5905
5742	YMR176W	0.59049
5743	YDL127W	0.59038
5744	YER122C	0.59034
5745	YGR011W	0.59019
5746	YJL073W	0.59012
5747	YKL074C	0.58995
5748	YCR108C	0.58994
5749	YPR042C	0.58983
5750	YNL196C	0.5898
5751	YHR137C-A	0.58972
5752	YMR134W	0.58965
5753	YNL068C	0.58964
5754	YKL072W	0.58954
5755	YGR275W	0.5895
5756	YFL049W	0.58945
5757	YPR199C	0.58932
5758	YJL076W	0.58925
5759	YNL133C	0.58911
5760	YPL040C	0.58909
5761	YLR403W	0.58902
5762	YGR077C	0.589
5763	YKR046C	0.58887
5764	YGR108W	0.58853
5765	YML029W	0.58847
5766	YMR153W	0.5884
5767	YKL133C	0.58833
5768	YDR495C	0.58828
5769	YDR078C	0.58826
5770	YNR024W	0.58816
5771	YBR270C	0.58816
5772	YMR065W	0.58815
5773	YPR027C	0.58812
5774	YDL106C	0.58808
5775	YDR170W-A	0.58805
5776	YLR165C	0.58796
5777	YKL118W	0.58779
5778	YOR152C	0.58776
5779	YBR219C	0.58776
5780	YIL040W	0.58762
5781	YPL034W	0.58755
5782	YDR320C	0.5874
5783	YBR108W	0.58736
5784	YJR028W	0.58725
5785	YNR047W	0.58723
5786	YKR020W	0.5872
5787	YDR183C-A	0.58715
5788	YCL021W-A	0.58715
5789	YJL187C	0.5869
5790	YML076C	0.58689
5791	YDL115C	0.58683
5792	YDR089W	0.58677
5793	YIL071W-A	0.58676
5794	YOL044W	0.58673
5795	YJL083W	0.58664
5796	YOR333C	0.58662
5797	YBR058C-A	0.5866
5798	YBL085W	0.58655
5799	YHR071W	0.58652
5800	YER054C	0.5865
5801	YDR203W	0.58635
5802	YNL201C	0.58634
5803	YBR230C	0.58633
5804	YOR140W	0.58629
5805	YNL234W	0.58627
5806	YJR021C	0.58625
5807	YLR295C	0.58621
5808	YMR280C	0.58621
5809	YIL129C	0.58606
5810	YOL015W	0.586
5811	YER184C	0.58599
5812	YMR032W	0.58595
5813	YPL011C	0.5857
5814	Q0182	0.58551
5815	YGR027W-A	0.5853
5816	YOR354C	0.58519
5817	YEL007W	0.58511
5818	YDR494W	0.5851
5819	YOR220W	0.58502
5820	Q0075	0.58486
5821	YBL051C	0.58475
5822	YDR499W	0.5846
5823	YJR127C	0.58454
5824	YDR303C	0.58441
5825	Q0080	0.58418
5826	YDR098C-A	0.58414
5827	YFL041W-A	0.58413
5828	YHR102W	0.58404
5829	YML045W-A	0.584
5830	YOR019W	0.58399
5831	YDR071C	0.58397
5832	YER046W	0.58393
5833	YBR012W-A	0.58391
5834	YNL284C-A	0.58377
5835	YJR101W	0.58373
5836	YDR005C	0.5837
5837	YOL100W	0.58365
5838	YHR023W	0.5836
5839	YDR322W	0.58358
5840	YLR297W	0.58358
5841	YGR038C-A	0.5835
5842	YML047C	0.58344
5843	YML017W	0.58333
5844	YDR118W	0.58324
5845	YIR018W	0.5832
5846	YKL138C-A	0.58318
5847	YDR201W	0.58306
5848	YLR079W	0.58304
5849	YOR097C	0.58303
5850	YJL209W	0.58303
5851	YIL086C	0.58292
5852	YMR051C	0.58286
5853	YDR316W-A	0.58286
5854	YGR161C-C	0.58286
5855	YLR035C-B	0.58286
5856	YER159C-A	0.58286
5857	YCL019W	0.58267
5858	YDR057W	0.58267
5859	YER118C	0.58252
5860	YLR094C	0.58227
5861	YPR007C	0.58192
5862	YDL139C	0.58184
5863	YGL136C	0.58182
5864	YLR256W	0.58177
5865	YOR337W	0.58174
5866	YNL297C	0.58174
5867	YDR131C	0.58144
5868	YGR230W	0.58124
5869	YPR117W	0.58124
5870	YNR039C	0.58114
5871	YBR057C	0.58112
5872	YLR224W	0.58106
5873	YDR024W	0.58101
5874	YOR355W	0.58091
5875	YOR143C	0.58079
5876	YHR145C	0.58077
5877	YFR039C	0.58071
5878	YIL149C	0.5807
5879	YOL134C	0.58065
5880	YNL204C	0.58064
5881	YDR414C	0.5806
5882	YLR310C	0.58053
5883	YOR336W	0.5805
5884	YOL136C	0.58046
5885	YPL027W	0.58033
5886	YOR385W	0.58031
5887	YBR049C	0.58029
5888	YLR299C-A	0.58016
5889	YIR014W	0.58006
5890	YKL025C	0.58003
5891	YPR158W-A	0.57972
5892	YOR142W-A	0.57972
5893	YOR037W	0.57968
5894	YLR320W	0.57966
5895	YGR161W-B	0.57955
5896	YFL002W-A	0.57955
5897	YGL038C	0.57948
5898	YDR261W-B	0.5791
5899	YPL016W	0.57899
5900	YDL048C	0.57894
5901	YGR038C-D/YGR038C-C	0.57892
5902	YJL150W	0.57878
5903	YDR042C	0.57875
5904	YBL029W	0.57874
5905	YKR031C	0.57857
5906	YGL214W	0.57849
5907	YOR127W	0.57845
5908	YDL016C	0.57834
5909	YBR239C	0.57834
5910	YBR224W	0.57825
5911	YKR016W	0.57823
5912	YMR118C	0.57818
5913	YJL146W	0.57817
5914	YOR192C-B	0.57817
5915	YPR012W	0.57807
5916	YML101C-A	0.57785
5917	YPL177C	0.57784
5918	YLR040C	0.57779
5919	YLR219W	0.57776
5920	YMR158C-A	0.57773
5921	YGL066W	0.57756
5922	YOR304C-A	0.57723
5923	YDR034C-D	0.5772
5924	YPR142C	0.57719
5925	YDL107W	0.57713
5926	YCL014W	0.57697
5927	YMR046C	0.57694
5928	YCL001W	0.57684
5929	YDR119W	0.57678
5930	YPL118W	0.57677
5931	YER173W	0.57674
5932	YBL005W	0.57667
5933	YDR210C-C	0.57667
5934	YLR298C	0.57665
5935	YML059C	0.5766
5936	YKR099W	0.57658
5937	YOR289W	0.57654
5938	YNL070W	0.57633
5939	YLR135W	0.57625
5940	YDR210W-B	0.57624
5941	YFR042W	0.57608
5942	YLR176C	0.57608
5943	YBL005W-A	0.57602
5944	YJL176C	0.57601
5945	YDL158C	0.57594
5946	YBL084C	0.57593
5947	YGR233C	0.57583
5948	YNL008C	0.57562
5949	YDR348C	0.57557
5950	YMR064W	0.57553
5951	YLR410W-B	0.57553
5952	YJL170C	0.57545
5953	YPL039W	0.57543
5954	YER112W	0.57543
5955	YBL100W-B	0.57532
5956	YHR006W	0.5751
5957	YJL099W	0.57499
5958	YJL049W	0.57486
5959	YDL130W-A	0.57483
5960	YGR227W	0.57483
5961	YOL003C	0.57482
5962	YIL136W	0.57476
5963	YNL171C	0.57471
5964	YGR122C-A	0.57463
5965	YML128C	0.57461
5966	YER188C-A	0.5744
5967	YDR202C	0.57434
5968	YOL117W	0.57425
5969	YAL041W	0.57416
5970	YMR072W	0.57414
5971	YBR238C	0.5741
5972	YLR423C	0.57406
5973	YMR172W	0.57387
5974	YMR098C	0.57378
5975	YLR198C	0.57371
5976	YDR143C	0.57369
5977	YBR152W	0.57359
5978	YDR543C	0.57352
5979	YPR009W	0.57344
5980	YOR058C	0.57332
5981	YLR238W	0.57332
5982	YLR408C	0.57331
5983	YMR100W	0.5732
5984	YHR082C	0.5732
5985	YJR134C	0.57311
5986	YDR065W	0.57295
5987	YOR343W-B	0.57291
5988	YIL159W	0.5729
5989	YJL113W	0.57265
5990	YPL161C	0.57243
5991	YAL034C	0.57215
5992	YDR260C	0.57212
5993	YIL092W	0.57212
5994	YKL159C	0.5721
5995	YGL226C-A	0.5719
5996	YLR263W	0.57175
5997	YHL009W-B	0.57169
5998	YDR369C	0.57156
5999	YOR085W	0.57155
6000	YCL061C	0.5715
6001	YOR313C	0.57141
6002	YDR461C-A	0.57136
6003	YGR016W	0.57131
6004	YPR067W	0.57101
6005	YGL230C	0.5709
6006	YER022W	0.57069
6007	YLR313C	0.57057
6008	YER121W	0.57047
6009	YDR066C	0.57034
6010	YCR032W	0.57005
6011	YHR004C	0.56997
6012	YKL101W	0.56994
6013	YMR025W	0.56983
6014	YJR108W	0.56971
6015	YGL197W	0.56969
6016	YGR079W	0.56958
6017	YGL215W	0.56943
6018	YJL032W	0.56927
6019	YGR196C	0.56913
6020	YOL082W	0.56889
6021	YMR018W	0.56883
6022	YPL076W	0.56872
6023	YKL108W	0.56867
6024	YLR024C	0.56859
6025	YDL152W	0.56851
6026	YMR174C	0.56849
6027	YDR104C	0.56847
6028	YDR466W	0.56843
6029	YGL107C	0.56841
6030	YPL156C	0.56836
6031	YMR164C	0.56826
6032	YMR094W	0.56819
6033	YKR030W	0.56815
6034	YLR454W	0.56813
6035	YNL054W-A	0.56811
6036	YHL009C	0.56807
6037	YLR315W	0.568
6038	YPR061C	0.56785
6039	YOL069W	0.56776
6040	YMR284W	0.56774
6041	YER093C-A	0.56767
6042	YDR451C	0.5675
6043	YBL039W-B	0.56748
6044	YPL168W	0.56745
6045	Q0110	0.56734
6046	YDR169C	0.56731
6047	YDR088C	0.56727
6048	YOR329W-A	0.56719
6049	YHR056C	0.56672
6050	YPL060C-A	0.5667
6051	YPR106W	0.56634
6052	YPR134W	0.56626
6053	YLR211C	0.56619
6054	YBL073W	0.56615
6055	YBL043W	0.56599
6056	YGL162W	0.56591
6057	YDR261W-A	0.56589
6058	YBR072C-A	0.56589
6059	YDR034C-C	0.56579
6060	YCL020W	0.56565
6061	YLR227C	0.56547
6062	YOR148C	0.56539
6063	YOL138C	0.56526
6064	YOR129C	0.56507
6065	YBR173C	0.56493
6066	YNL309W	0.56486
6067	YOL089C	0.5648
6068	YPR049C	0.56479
6069	YPR122W	0.56458
6070	YOR104W	0.56451
6071	YML041C	0.56448
6072	YDR469W	0.56437
6073	YOL107W	0.56433
6074	YPL120W	0.56426
6075	YLR271W	0.56389
6076	YMR059W	0.56377
6077	YOR235W	0.56374
6078	YDR317W	0.5636
6079	YJL056C	0.5632
6080	YBR250W	0.56307
6081	YPR021C	0.56301
6082	YDR350C	0.56292
6083	YIL049W	0.56292
6084	YKR034W	0.56292
6085	YKR045C	0.56283
6086	YIL055C	0.5628
6087	YOR107W	0.56242
6088	YFR032C-B	0.56231
6089	YLR222C-A	0.56228
6090	YBL059W	0.5622
6091	YPL174C	0.56214
6092	YPL166W	0.56207
6093	YML037C	0.56205
6094	YGR015C	0.56186
6095	YIL031W	0.56186
6096	YJL048C	0.56177
6097	YDR076W	0.5617
6098	YPL018W	0.56156
6099	YBR077C	0.56123
6100	YOR298W	0.56118
6101	YMR023C	0.56118
6102	YGR150C	0.56117
6103	YDL169C	0.56092
6104	YOR121C	0.56091
6105	YOR192C-A	0.56087
6106	YOR284W	0.56075
6107	YCR015C	0.56074
6108	YER129W	0.56074
6109	YGL059W	0.56051
6110	YGL096W	0.56048
6111	YPR036W-A	0.56036
6112	YNL172W	0.56028
6113	YGR161W-C	0.56021
6114	YKL050C	0.55995
6115	YLR424W	0.55968
6116	YDR017C	0.55967
6117	YKL052C	0.55957
6118	YPL272C	0.55957
6119	YLL042C	0.55953
6120	YNL266W	0.5595
6121	YFR023W	0.55942
6122	YNL183C	0.55938
6123	YDR361C	0.55938
6124	YML103C	0.55936
6125	YBR033W	0.5593
6126	YNL013C	0.55905
6127	YDR034C-A	0.55903
6128	YDR082W	0.55899
6129	YLR151C	0.55842
6130	YPL202C	0.55827
6131	YBL100W-A	0.55771
6132	YGL151W	0.55739
6133	YJL180C	0.55734
6134	YFL002W-B	0.55734
6135	YGR161W-A	0.55734
6136	YLR099W-A	0.55716
6137	YMR293C	0.55713
6138	YKL176C	0.557
6139	YCR097W	0.55694
6140	YLR182W	0.55657
6141	YLR057W	0.55653
6142	YLR424C-A	0.55641
6143	YMR191W	0.55634
6144	YBL103C	0.55615
6145	YER175W-A	0.55594
6146	YGR038C-E	0.55583
6147	YLR410W-A	0.5557
6148	YDL073W	0.55557
6149	YMR052W	0.55556
6150	YGL086W	0.55553
6151	YBL052C	0.55513
6152	YDR422C	0.55482
6153	YBR066C	0.5548
6154	YPL085W	0.5547
6155	YBR168W	0.55458
6156	YGR039W	0.55444
6157	YJR092W	0.55433
6158	YMR257C	0.55423
6159	YNL054W	0.55414
6160	YGR142W	0.55406
6161	YOR028C	0.55404
6162	YLR242C	0.55399
6163	YHR159W	0.55395
6164	YOR297C	0.55366
6165	YIR030C	0.55357
6166	YKR095W	0.55356
6167	YDR195W	0.55355
6168	YHR130C	0.55321
6169	YIL117C	0.55321
6170	YAL063C-A	0.55311
6171	YMR326C	0.55305
6172	YLR360W	0.55303
6173	YFL019C	0.55287
6174	YNL100W	0.55285
6175	YPL049C	0.55284
6176	YNL156C	0.55282
6177	YMR030W	0.55276
6178	YHR131C	0.55273
6179	YHR017W	0.55272
6180	YGL081W	0.55265
6181	YHR167W	0.55246
6182	YIR010W	0.55239
6183	YPR070W	0.55229
6184	YPL219W	0.55227
6185	YPL130W	0.55225
6186	YDR179C	0.55204
6187	YNL199C	0.55109
6188	YDL056W	0.55083
6189	YAL028W	0.55044
6190	YMR282C	0.55026
6191	YDR505C	0.55012
6192	YNR045W	0.55002
6193	YPR068C	0.54986
6194	YNL159C	0.54976
6195	YLR098C	0.54968
6196	Q0115	0.54962
6197	YKL068W-A	0.54926
6198	YBR083W	0.54904
6199	YCR043C	0.54886
6200	YHL023C	0.54862
6201	YOR169C	0.54849
6202	YDR210W-A	0.54822
6203	YOR343W-A	0.54812
6204	YGR140W	0.54803
6205	YBR182C	0.54794
6206	YMR299C	0.54794
6207	YLR424C-B	0.54776
6208	R0030W	0.54748
6209	YGL061C	0.54743
6210	YFL063W	0.54736
6211	YOR266W	0.54711
6212	YDR406W-A	0.54665
6213	YIL097W	0.54655
6214	YGR168C	0.54637
6215	YGL042C	0.54611
6216	YLR307C-A	0.54608
6217	YOR221C	0.54602
6218	YGR134W	0.54599
6219	YKL048C	0.54596
6220	YGR250C	0.5459
6221	YCR033W	0.54587
6222	Q0092	0.54587
6223	YGL117W	0.54581
6224	YPL075W	0.54565
6225	YOR350C	0.54556
6226	YOL070C	0.54546
6227	YPL256C	0.54536
6228	YPL193W	0.54478
6229	YMR066W	0.54476
6230	YMR119W	0.5447
6231	YBR184W	0.54466
6232	YNL210W	0.54444
6233	YPL253C	0.54432
6234	YLL033W	0.54424
6235	YMR193C-A	0.54395
6236	YOR255W	0.54388
6237	YIL101C	0.5438
6238	YDL159W-A	0.54364
6239	YOR114W	0.54343
6240	YDL170W	0.54313
6241	YDR532C	0.54283
6242	YLR465C	0.54277
6243	YHR156C	0.54257
6244	YDR240C	0.54242
6245	YNR049C	0.5419
6246	YDL020C	0.5419
6247	YDR379W	0.54154
6248	YPR185W	0.54149
6249	YMR016C	0.54147
6250	YFR040W	0.54112
6251	YGL176C	0.5409
6252	YLR139C	0.54083
6253	YNR063W	0.54079
6254	YKR091W	0.54072
6255	YML043C	0.54053
6256	YOR047C	0.54053
6257	YBR131W	0.5405
6258	YJL058C	0.5405
6259	YDR043C	0.54038
6260	YGR089W	0.54025
6261	YNL157W	0.54013
6262	YDR181C	0.54006
6263	YDR016C	0.5397
6264	YDR123C	0.53962
6265	YGL073W	0.53924
6266	YMR163C	0.53875
6267	YIR033W	0.53868
6268	YPL099C	0.53858
6269	YLR404W	0.5385
6270	YFR012W	0.53849
6271	YOR177C	0.53844
6272	YGL159W	0.53836
6273	YKL020C	0.53822
6274	YDR146C	0.53809
6275	YOR113W	0.53795
6276	YBR225W	0.53786
6277	YBR124W	0.5378
6278	YGL229C	0.53734
6279	YBL053W	0.53724
6280	YHR175W-A	0.53709
6281	Q0143	0.53708
6282	YML007W	0.53697
6283	YLR376C	0.53668
6284	YOR158W	0.53652
6285	YOR208W	0.5364
6286	YEL005C	0.53635
6287	YHR182W	0.53624
6288	YGR249W	0.53613
6289	YAR014C	0.53608
6290	YBL048W	0.536
6291	YCL005W	0.53589
6292	YLL005C	0.53589
6293	YLR201C	0.53565
6294	YKL171W	0.53549
6295	YGR179C	0.53547
6296	YBR136W	0.53539
6297	YDR070C	0.53511
6298	YGL071W	0.53495
6299	YGL005C	0.53492
6300	YNL105W	0.53469
6301	YIL102C-A	0.53464
6302	YDL176W	0.53429
6303	YJL103C	0.53392
6304	YJR106W	0.53379
6305	YOR170W	0.53377
6306	YIL144W	0.53374
6307	YGL075C	0.53357
6308	YLR312C	0.53303
6309	YDL088C	0.533
6310	YAL016C-B	0.53288
6311	YER028C	0.53287
6312	YBR004C	0.53284
6313	YDR235W	0.53275
6314	YPR095C	0.53271
6315	YML081W	0.53269
6316	YOR030W	0.53258
6317	YNR014W	0.53242
6318	YDR034C	0.53229
6319	YML058W	0.53222
6320	YHR036W	0.53181
6321	YMR046W-A	0.53167
6322	YCR081W	0.53164
6323	YDL189W	0.53135
6324	YNL144C	0.53134
6325	YGL219C	0.53094
6326	YKL092C	0.53093
6327	YCR018C-A	0.53082
6328	YIL037C	0.53082
6329	YJR089W	0.53081
6330	YOR264W	0.53076
6331	YLR190W	0.53076
6332	YEL014C	0.53071
6333	YDR307W	0.53064
6334	YOR186W	0.53061
6335	YLR254C	0.53048
6336	YMR187C	0.53032
6337	YLR267W	0.53021
6338	YBR050C	0.53007
6339	YML027W	0.52977
6340	YDR310C	0.52976
6341	YKR037C	0.52975
6342	YDR166C	0.52975
6343	YNR077C	0.52935
6344	YGR098C	0.52929
6345	YBR201C-A	0.52925
6346	YGR161C	0.52897
6347	YIL071C	0.52883
6348	YFR054C	0.52875
6349	YDR217C	0.52875
6350	YMR151W	0.52869
6351	YDL211C	0.52816
6352	YLR221C	0.52798
6353	YPR101W	0.52791
6354	YPR171W	0.52788
6355	YPR013C	0.52771
6356	YHR152W	0.52754
6357	YKL204W	0.52686
6358	YIL045W	0.52644
6359	YER084W-A	0.5259
6360	YKR100C	0.52586
6361	YER075C	0.52581
6362	YNL225C	0.52559
6363	YOR349W	0.52519
6364	YLR031W	0.52518
6365	YGL194C-A	0.52507
6366	YLR042C	0.52432
6367	YFR008W	0.52412
6368	YNR009W	0.52392
6369	YBL063W	0.52389
6370	YJL095W	0.52364
6371	YKR010C	0.52359
6372	YIL036W	0.52355
6373	YJR003C	0.52351
6374	YFR019W	0.5235
6375	YHR184W	0.52334
6376	YBL054W	0.52303
6377	YPR084W	0.52289
6378	YOR032C	0.52256
6379	YML062C	0.52231
6380	YNL053W	0.52225
6381	YDL235C	0.52209
6382	YJL207C	0.52207
6383	YML015C	0.52161
6384	YPR164W	0.52157
6385	YDR457W	0.52145
6386	YBR013C	0.52144
6387	YNL195C	0.52124
6388	YBL046W	0.52056
6389	YBR148W	0.52042
6390	YDR371W	0.52028
6391	YDR443C	0.52027
6392	YER045C	0.52027
6393	YBL009W	0.5201
6394	YLR353W	0.52009
6395	YDR277C	0.51965
6396	YOL007C	0.51964
6397	YOR137C	0.51948
6398	YNL046W	0.51918
6399	YHR103W	0.51899
6400	YPL052W	0.51855
6401	YNL115C	0.51842
6402	YGR153W	0.51841
6403	YPL158C	0.51802
6404	YFL033C	0.51781
6405	YOL013W-B	0.51742
6406	YAL040C	0.51735
6407	YPR170W-A	0.5173
6408	YLL003W	0.51722
6409	YOR073W	0.51719
6410	YMR195W	0.51709
6411	YAL010C	0.51702
6412	YMR219W	0.5169
6413	YGR067C	0.51681
6414	YDL186W	0.51665
6415	YDR524C	0.51662
6416	YLR018C	0.51659
6417	YGR041W	0.51652
6418	YFR017C	0.5164
6419	YJL110C	0.51603
6420	YDL239C	0.51546
6421	YGL175C	0.5153
6422	YMR270C	0.51525
6423	YPL200W	0.51484
6424	YER088C	0.51467
6425	YBL088C	0.51446
6426	YLR230W	0.51436
6427	YDR113C	0.51377
6428	YLR431C	0.51345
6429	YNL152W	0.51336
6430	YDL199C	0.51332
6431	YER149C	0.51274
6432	YFL021W	0.51237
6433	YKL062W	0.51221
6434	YHR079C-A	0.51217
6435	YBR275C	0.51214
6436	YKL162C	0.51156
6437	YOR192C-C	0.51151
6438	YPR044C	0.51097
6439	YER181C	0.51043
6440	YMR199W	0.51024
6441	YDR030C	0.51018
6442	YPL250C	0.50951
6443	YDR103W	0.50951
6444	YEL043W	0.50923
6445	YGL079W	0.50899
6446	YJR157W	0.50886
6447	YNL091W	0.50873
6448	YMR124W	0.50796
6449	YOR076C	0.50749
6450	YOL029C	0.50746
6451	YLR131C	0.50745
6452	YOL031C	0.50738
6453	YLR436C	0.5073
6454	YHR195W	0.50674
6455	YKL162C-A	0.50648
6456	YEL057C	0.50569
6457	YDR028C	0.50564
6458	YGR273C	0.50547
6459	YNL042W	0.50524
6460	YER044C-A	0.50522
6461	YCL051W	0.50503
6462	YNL167C	0.50474
6463	YMR232W	0.50432
6464	YDL224C	0.50429
6465	YPL223C	0.50428
6466	YDL206W	0.50427
6467	YDR151C	0.50424
6468	YMR255W	0.50369
6469	YMR179W	0.50336
6470	YLR273C	0.50334
6471	YER158C	0.50314
6472	YGL035C	0.50311
6473	YOR066W	0.50304
6474	YDR207C	0.50294
6475	YMR086W	0.5028
6476	YBL109W	0.50268
6477	YBR255W	0.50265
6478	YBR140C	0.50253
6479	YJL149W	0.50241
6480	YDR515W	0.50204
6481	YJR056C	0.50182
6482	YGL222C	0.50169
6483	YAL031C	0.50166
6484	YDL223C	0.50133
6485	YHR177W	0.50079
6486	YMR273C	0.50057
6487	YPR002C-A	0.50048
6488	YGR240C-A	0.50039
6489	YDL089W	0.50036
6490	YLR030W	0.49979
6491	YLR252W	0.49903
6492	YER104W	0.49846
6493	YER038C	0.49842
6494	YER040W	0.49829
6495	YPL077C	0.49815
6496	YDL027C	0.49785
6497	YGL223C	0.4977
6498	YDR069C	0.49765
6499	YOR342C	0.49754
6500	YMR204C	0.49703
6501	YDR227W	0.49698
6502	YDR356W	0.4966
6503	YNL197C	0.49632
6504	YDR446W	0.49619
6505	YPL055C	0.49606
6506	YOR147W	0.496
6507	YJR030C	0.49568
6508	YPL201C	0.49567
6509	YGL138C	0.49558
6510	YOR178C	0.49557
6511	YLR352W	0.49555
6512	YPL068C	0.49533
6513	YDR216W	0.49527
6514	YDR239C	0.49485
6515	YPR078C	0.49474
6516	YJL144W	0.49447
6517	YOL081W	0.49442
6518	YGR113W	0.49428
6519	YOR214C	0.494
6520	YCR065W	0.49373
6521	YNL018C	0.49349
6522	YGR126W	0.49262
6523	YFR046C	0.49261
6524	YGR035C	0.49252
6525	YPL070W	0.49168
6526	YOL091W	0.49117
6527	YMR175W	0.49105
6528	YIL122W	0.49069
6529	YGR023W	0.49054
6530	YLR283W	0.49039
6531	YPL033C	0.49013
6532	YPL269W	0.48967
6533	YLR282C	0.48951
6534	YHL029C	0.48945
6535	YOR023C	0.48904
6536	YKL093W	0.48882
6537	YGL023C	0.48866
6538	YER132C	0.48862
6539	YPL230W	0.48795
6540	YGL057C	0.48753
6541	YNL103W	0.48748
6542	YDR219C	0.48725
6543	YOR195W	0.48679
6544	YFR057W	0.48654
6545	YPR005C	0.4865
6546	YJR011C	0.48646
6547	YPL014W	0.48636
6548	YDR096W	0.48625
6549	YOR324C	0.48616
6550	YDR029W	0.48602
6551	YML009C-A	0.48574
6552	YBR203W	0.48566
6553	YJR083C	0.48562
6554	YLR373C	0.48562
6555	YDR374C	0.48551
6556	YCL027W	0.48544
6557	YOR062C	0.48538
6558	YJR162C	0.48517
6559	YNL034W	0.485
6560	YDR439W	0.4847
6561	YPL054W	0.48442
6562	YAL024C	0.48432
6563	YKL112W	0.48385
6564	YLL047W	0.48299
6565	YDR014W	0.48283
6566	YBR095C	0.48276
6567	YKR078W	0.48184
6568	YDR130C	0.48167
6569	YKL185W	0.48077
6570	YCL063W	0.48069
6571	YMR135C	0.48057
6572	YBR007C	0.48003
6573	YNL076W	0.47989
6574	YBL034C	0.47981
6575	YOL025W	0.47859
6576	YPR145C-A	0.4785
6577	YBR130C	0.47768
6578	YLR223C	0.47759
6579	YDL069C	0.47706
6580	YJL185C	0.47703
6581	YCL044C	0.47654
6582	YJL162C	0.47642
6583	YBR047W	0.47575
6584	YMR144W	0.47554
6585	YGL021W	0.47531
6586	YIR025W	0.47516
6587	YOR352W	0.47488
6588	Q0010	0.47444
6589	YMR160W	0.47443
6590	YDR022C	0.47348
6591	YNL311C	0.47297
6592	YMR003W	0.47219
6593	YNL027W	0.47207
6594	YHR160C	0.47198
6595	YKL225W	0.47188
6596	YML109W	0.47177
6597	YKR022C	0.4717
6598	YBR063C	0.47145
6599	YNL176C	0.47107
6600	YIL119C	0.47087
6601	YKL042W	0.47081
6602	YMR075W	0.47078
6603	YLR341W	0.46974
6604	YHR014W	0.46938
6605	YBR156C	0.46937
6606	YLR394W	0.46918
6607	YPL159C	0.46916
6608	YGR071C	0.46884
6609	YNL214W	0.46832
6610	YDR223W	0.46832
6611	YDR184C	0.46758
6612	YGR120C	0.46735
6613	YPL071C	0.4671
6614	YJL090C	0.4671
6615	YLR102C	0.46676
6616	YKL065W-A	0.46661
6617	YER111C	0.46573
6618	YNL233W	0.46532
6619	YDR259C	0.46307
6620	YER130C	0.46293
6621	YER155C	0.46282
6622	YBR076W	0.46259
6623	YJL181W	0.46153
6624	YDR351W	0.46138
6625	YJL051W	0.46091
6626	YDL076C	0.46089
6627	YPL255W	0.46053
6628	YLR257W	0.45995
6629	YOL036W	0.45983
6630	YAL047C	0.45978
6631	YER106W	0.4596
6632	YOR359W	0.45953
6633	YIL146C	0.45904
6634	YFL012W	0.45884
6635	YPL180W	0.45831
6636	YPR046W	0.45777
6637	YDR275W	0.45672
6638	YPL267W	0.45671
6639	YLR053C	0.45644
6640	YDR425W	0.45627
6641	YLR445W	0.45589
6642	YPR158W	0.45514
6643	YML053C	0.45483
6644	Q0255	0.45463
6645	YBR045C	0.45385
6646	YOR372C	0.45241
6647	YKL105C	0.45239
6648	YGR239C	0.4512
6649	YLR334C	0.45051
6650	YKR077W	0.45033
6651	YDR249C	0.45013
6652	YER167W	0.44992
6653	YIL135C	0.44991
6654	YLL065W	0.44846
6655	YNL074C	0.44799
6656	YHR054C	0.44765
6657	YKL023C-A	0.4472
6658	YML091C	0.4449
6659	YBL031W	0.44474
6660	YGL128C	0.44375
6661	YGR221C	0.44328
6662	YHR157W	0.44288
6663	YPL089C	0.44189
6664	YBR071W	0.44135
6665	YBR165W	0.44092
6666	YDR186C	0.44011
6667	YMR206W	0.43844
6668	YLR457C	0.4368
6669	YNL078W	0.4363
6670	YDR085C	0.43619
6671	YML119W	0.43555
6672	YGL015C	0.43481
6673	YOR044W	0.43376
6674	YMR036C	0.43287
6675	YPR008W	0.43261
6676	YER124C	0.43261
6677	Q0144	0.43155
6678	YHR061C	0.43104
6679	YPL066W	0.43036
6680	YBR211C	0.43007
6681	YNL188W	0.42998
6682	YDR528W	0.42961
6683	YJL147C	0.42691
6684	YJL161W	0.42634
6685	YPL121C	0.4253
6686	YDR480W	0.42493
6687	YML112W	0.42464
6688	YPR065W	0.4233
6689	YMR037C	0.42133
6690	YBR285W	0.42113
6691	YDR309C	0.41864
6692	YER033C	0.41755
6693	YOR279C	0.41748
6694	YOR315W	0.41696
6695	YJL089W	0.41494
6696	YPL124W	0.41369
6697	YER180C	0.41026
6698	YMR136W	0.40859
6699	YDL180W	0.40781
6700	YLR049C	0.40574
6701	YKL109W	0.40506
6702	YML006C	0.40048
6703	YFR036W	0.3924
6704	YML003W	0.39069
6705	YPL229W	0.38902
6706	YBL081W	0.38657
6707	YHR185C	0.38451
6708	YER032W	0.38425
6709	YPR083W	0.3839
6710	YIL152W	0.38324
6711	YGL170C	0.38133
6712	YNR010W	0.38116
6713	YNL146W	0.37774
6714	Q0140	0.37767
6715	YMR181C	0.37353
6716	YER079W	0.36763
6717	YGL036W	0.36553
6718	YKR075C	0.36252
6719	YBR157C	0.36138
6720	YOL106W	0.35529
6721	YMR252C	0.35517
6722	YBR138C	0.34457
6723	YMR081C	0.33946
6724	YGR146C	0.31271
6725	Q0032	0.30823
6726	YJR094C	0.30463
6727	YFR035W-A	0.30439
6728	YNL040C-A	0.30439
6729	YDL204W-A	0.30439
6730	YMR106W-A	0.30439
6731	YGR016C-A	0.30439
6732	YNL155C-A	0.30439
6733	YDL007C-A	0.29347
