rank	yeast_gene	cosine
1	YPL218W	0.91468
2	YGL126W	0.90666
3	YGR105W	0.90026
4	YHR169W	0.89588
5	YHR189W	0.8943
6	YPL203W	0.89413
7	YBR241C	0.89332
8	YPL067C	0.88979
9	YLR234W	0.88958
10	YGL054C	0.88892
11	YGL058W	0.88847
12	YPL017C	0.88751
13	YHR030C	0.88733
14	YGL008C	0.88693
15	YJL196C	0.88656
16	YDL084W	0.88635
17	YOL147C	0.88409
18	YAR002C-A	0.8835
19	YDL222C	0.88308
20	YPR113W	0.88276
21	YOR185C	0.88241
22	YHL047C	0.88154
23	YPL036W	0.88126
24	YKL190W	0.88067
25	YDR185C	0.87995
26	YLR258W	0.87974
27	YLR293C	0.87974
28	YPR192W	0.87968
29	YNL307C	0.87916
30	YLR168C	0.87914
31	YMR290C	0.87886
32	YBL102W	0.8788
33	YCR020C-A	0.87865
34	YLL060C	0.87832
35	YLL026W	0.87784
36	YBL003C	0.87694
37	YDR225W	0.87663
38	YER036C	0.87593
39	YGR231C	0.87587
40	YJL164C	0.87529
41	YPR204W	0.87495
42	YCR060W	0.87488
43	YOR224C	0.87483
44	YHR218W-A	0.87479
45	YBL112C	0.87479
46	YLL053C	0.87474
47	YPR182W	0.87437
48	YDL126C	0.87434
49	YOL086W-A	0.87431
50	YMR034C	0.87427
51	YLR113W	0.87408
52	YBR160W	0.8739
53	YER072W	0.8739
54	YLR466W	0.87296
55	YOR204W	0.87289
56	YER190W	0.87288
57	YPL031C	0.87287
58	YHL003C	0.87271
59	YBR261C	0.87265
60	YDL160C	0.87218
61	YKL086W	0.87194
62	YBL021C	0.87187
63	YCR009C	0.87166
64	YMR222C	0.87136
65	YML102W	0.87123
66	YAL020C	0.87112
67	YER159C	0.871
68	YMR109W	0.87076
69	YGL120C	0.87051
70	YLR147C	0.87027
71	YOR046C	0.87013
72	YHL040C	0.87008
73	YKL145W	0.8698
74	YGL211W	0.86954
75	YOR084W	0.86919
76	YOR089C	0.86884
77	YEL077C	0.86869
78	YJL065C	0.86866
79	YGL063W	0.86828
80	YHL050C	0.86828
81	YDL064W	0.86822
82	YNL288W	0.86822
83	YPL245W	0.8682
84	YHR065C	0.86811
85	YHR200W	0.86806
86	YKR059W	0.86795
87	YDL229W	0.86791
88	YNL209W	0.86774
89	YER125W	0.86734
90	YDL244W	0.86728
91	YDR424C	0.86722
92	YFL058W	0.86696
93	YMR015C	0.86691
94	YOL110W	0.86689
95	YOL005C	0.86681
96	YNL112W	0.8668
97	YGR281W	0.8667
98	YNL332W	0.86662
99	YDL108W	0.86645
100	YMR214W	0.86633
101	YOR117W	0.8662
102	YOL012C	0.86598
103	YPR183W	0.86596
104	YJR156C	0.86572
105	YFR015C	0.86568
106	YFR018C	0.86567
107	YFR014C	0.8656
108	YDR086C	0.86553
109	YMR292W	0.8655
110	YBR164C	0.86544
111	YBL113C	0.86507
112	YOR257W	0.86505
113	YDL029W	0.8648
114	YPL119C	0.86472
115	YML012W	0.86469
116	YLL067C	0.86459
117	YDR021W	0.86448
118	YNL098C	0.86413
119	YDL128W	0.86412
120	YDR345C	0.86407
121	YNL189W	0.86398
122	YCR048W	0.86386
123	YGR218W	0.86364
124	YPL246C	0.86351
125	YDL097C	0.86337
126	YDR373W	0.86327
127	YBR109C	0.86325
128	YJL108C	0.86322
129	YKR040C	0.86315
130	YGR123C	0.86313
131	YKL217W	0.86311
132	YHR110W	0.86309
133	YDL192W	0.86303
134	YHR092C	0.86241
135	YJL225C	0.86168
136	YLR326W	0.86165
137	YIL177C	0.86159
138	YDR394W	0.86153
139	YER020W	0.86129
140	YOR187W	0.8612
141	YJL034W	0.8612
142	YJL210W	0.86094
143	YER074W-A	0.86091
144	YIL121W	0.86073
145	YJR112W-A	0.86071
146	YJR058C	0.86065
147	YJR074W	0.86046
148	YBL016W	0.86041
149	YOL158C	0.86034
150	YDR488C	0.86006
151	YJR124C	0.86006
152	YOR396W	0.86004
153	YDR545W	0.86004
154	YLR467W	0.86004
155	YDR040C	0.86
156	YNL290W	0.85981
157	YDL137W	0.85976
158	YNL339C	0.85919
159	YER107C	0.85912
160	YDR092W	0.8591
161	YPL283C	0.85907
162	YNL148C	0.85907
163	YGR296W	0.85905
164	YMR197C	0.85896
165	YLL066C	0.85886
166	YDL087C	0.85886
167	YNL014W	0.85884
168	YHR094C	0.85869
169	YGR138C	0.85866
170	YOL075C	0.85847
171	YER004W	0.85836
172	YML098W	0.85836
173	YOR161C	0.85828
174	YER146W	0.85827
175	YER166W	0.85819
176	YHR107C	0.8581
177	YGL048C	0.85804
178	YDL166C	0.85799
179	YLR249W	0.85775
180	YLR438C-A	0.85759
181	YBR187W	0.85752
182	YJL214W	0.85731
183	YGR131W	0.85716
184	YOR094W	0.85715
185	YLR081W	0.85714
186	YBR080C	0.85712
187	YLL028W	0.85693
188	YDL245C	0.85684
189	YLR347C	0.85679
190	YNR055C	0.85669
191	YML085C	0.85667
192	YJL030W	0.85665
193	YER119C	0.85662
194	YLR291C	0.85657
195	YKR002W	0.85653
196	YDR039C	0.8565
197	YJL014W	0.8565
198	YJR158W	0.85644
199	YHL006C	0.85643
200	YDR343C	0.85634
201	YJR084W	0.85633
202	YCR034W	0.85628
203	YML133C	0.85615
204	YDR388W	0.8561
205	YKL129C	0.8561
206	YPR173C	0.85596
207	YCL036W	0.85582
208	YHR218W	0.85578
209	YDR342C	0.85576
210	YML101C	0.85567
211	YLR170C	0.85564
212	YBL091C-A	0.85557
213	YOR259C	0.85532
214	YOR122C	0.85525
215	YER095W	0.85511
216	YDR404C	0.8551
217	YDR196C	0.85508
218	YLL008W	0.85504
219	YOR270C	0.85492
220	YHR135C	0.8547
221	YBL075C	0.8545
222	YNL113W	0.85446
223	YDR038C	0.85425
224	YLR186W	0.85398
225	YGR152C	0.85397
226	YFR009W	0.85396
227	YMR203W	0.85393
228	YGL212W	0.85378
229	YEL051W	0.85376
230	YHL018W	0.85335
231	YNR072W	0.85332
232	YPL129W	0.85329
233	YOL162W	0.85318
234	YGL078C	0.85313
235	YMR069W	0.85312
236	YER133W	0.85298
237	YOR381W	0.85295
238	YPL244C	0.85291
239	YNL064C	0.85289
240	YML123C	0.85274
241	YGR040W	0.85261
242	YGL020C	0.8526
243	YPL275W	0.85257
244	YNL090W	0.85256
245	YLR342W	0.85241
246	YHR219W	0.8524
247	YOL021C	0.85239
248	YGL070C	0.85232
249	YMR183C	0.85227
250	YEL069C	0.85222
251	YGL200C	0.85219
252	YLR229C	0.85217
253	YHR070W	0.85214
254	YDR129C	0.85203
255	YGR065C	0.85202
256	YDR238C	0.85201
257	YCR047C	0.85199
258	YKL207W	0.85184
259	YBL002W	0.85176
260	YDR224C	0.85164
261	YER148W	0.85154
262	YGL256W	0.85149
263	YOR036W	0.85119
264	YDL018C	0.85119
265	YOL084W	0.8511
266	YPL213W	0.85094
267	YPR041W	0.85086
268	YGL163C	0.85083
269	YBR210W	0.85075
270	YBR054W	0.85074
271	YPL015C	0.85066
272	YML124C	0.85057
273	YPL232W	0.85054
274	YBR169C	0.8504
275	YCR028C	0.85024
276	YEL059C-A	0.85022
277	YER103W	0.85013
278	YBL078C	0.85008
279	YOR133W	0.85005
280	YOL156W	0.85005
281	YGL043W	0.85004
282	YLR193C	0.85
283	YER018C	0.84996
284	YMR116C	0.84993
285	YDR155C	0.84984
286	YPL106C	0.84982
287	YPR082C	0.84979
288	YMR079W	0.84962
289	YGL225W	0.84962
290	YPR165W	0.84961
291	YGL220W	0.84954
292	YDL014W	0.84944
293	YIL065C	0.84943
294	YDR328C	0.84943
295	YNR057C	0.84926
296	YER060W-A	0.84924
297	YBR296C	0.84922
298	YCR010C	0.84919
299	YGL167C	0.84915
300	YNL010W	0.84913
301	YBL082C	0.84912
302	YPR149W	0.84909
303	YDR172W	0.849
304	YGR207C	0.849
305	YLR276C	0.84897
306	YFL011W	0.84894
307	YJR069C	0.8489
308	YKL220C	0.84889
309	YDR297W	0.84888
310	Q0045	0.84877
311	YKL024C	0.84875
312	YNL093W	0.84874
313	YMR271C	0.84859
314	YOR362C	0.84857
315	YMR095C	0.84854
316	YDL123W	0.84848
317	YCR098C	0.84843
318	YIL120W	0.84841
319	YJL219W	0.84832
320	YHR096C	0.84831
321	YPL151C	0.84821
322	YJR010C-A	0.84821
323	YDL055C	0.84814
324	YIL114C	0.84807
325	YDL047W	0.84804
326	YDR339C	0.84798
327	YBR202W	0.84798
328	YDL134C	0.84796
329	YPL058C	0.84793
330	YGR032W	0.84783
331	YLL024C	0.8478
332	YDR258C	0.84765
333	YGL002W	0.84762
334	YDL022W	0.84761
335	YBR112C	0.8476
336	YER043C	0.84755
337	YDR384C	0.84743
338	YOL143C	0.84736
339	YER026C	0.84736
340	YGR204W	0.84715
341	YPL042C	0.84701
342	YDR381W	0.84688
343	YNL007C	0.84683
344	YJL050W	0.84679
345	YLR378C	0.84674
346	YKL196C	0.84662
347	YAL005C	0.84647
348	YER165W	0.84628
349	YER089C	0.84626
350	YMR056C	0.84625
351	YER019W	0.8462
352	YMR011W	0.84611
353	YER039C	0.84611
354	YFR051C	0.84611
355	YOR103C	0.84604
356	YDR033W	0.84599
357	YIL021W	0.84597
358	YNL323W	0.84593
359	YLR058C	0.84585
360	YGL099W	0.84585
361	YIL170W	0.84571
362	YBR089C-A	0.84556
363	YDR300C	0.84548
364	YGR211W	0.84547
365	YNR003C	0.84544
366	YAL026C	0.84544
367	YNL075W	0.84535
368	YOL038W	0.84533
369	YOR273C	0.8453
370	YAR035W	0.84525
371	YNL275W	0.84523
372	YDL057W	0.84516
373	YBR106W	0.84506
374	YHL016C	0.84492
375	YFL067W	0.84489
376	YMR263W	0.84484
377	YBR159W	0.8448
378	YGR234W	0.84478
379	YCL010C	0.84471
380	YDR116C	0.84467
381	YBL050W	0.84453
382	YFR032C	0.84441
383	YBR243C	0.84435
384	YEL070W	0.84434
385	YNR073C	0.84434
386	YJR017C	0.84431
387	YKL104C	0.8442
388	YPR088C	0.84418
389	YBL111C	0.84402
390	YDR084C	0.84401
391	YML018C	0.84399
392	YPL199C	0.84386
393	YDL218W	0.8438
394	YDL006W	0.8436
395	YML069W	0.84348
396	YNR002C	0.84348
397	YOL103W	0.84348
398	YCL042W	0.84342
399	YLR251W	0.84338
400	YIR009W	0.84321
401	YOR145C	0.84316
402	YNL185C	0.8431
403	YLR216C	0.84305
404	YNL024C	0.84299
405	YER060W	0.84294
406	YLR348C	0.84294
407	YNL154C	0.8429
408	YPR163C	0.84288
409	YPL226W	0.84282
410	YEL066W	0.8428
411	YGL106W	0.84278
412	YPR103W	0.84269
413	YBR082C	0.84267
414	YDR135C	0.84266
415	YBL030C	0.84259
416	YDR536W	0.84255
417	YPL051W	0.84255
418	YMR288W	0.84251
419	YJR073C	0.84246
420	YNL255C	0.84245
421	YGR203W	0.84244
422	YIR036C	0.84241
423	YHL042W	0.84233
424	YPL043W	0.84218
425	YMR236W	0.84217
426	YEL031W	0.84212
427	YKL166C	0.84208
428	YNR060W	0.84207
429	YCL025C	0.84205
430	YCL040W	0.84201
431	YFR004W	0.84188
432	YDR540C	0.84182
433	YHR005C	0.84182
434	YKR053C	0.84176
435	YOL097C	0.8414
436	YNL281W	0.84139
437	YNL339W-A	0.84128
438	YER190C-A	0.84128
439	YML133W-A	0.84128
440	YGR296C-A	0.84128
441	YPL283W-A	0.84128
442	YDR093W	0.84122
443	YDR510W	0.84119
444	YDL051W	0.84114
445	YGR055W	0.84113
446	YKL039W	0.84104
447	YER177W	0.84099
448	YBR263W	0.84093
449	YCR021C	0.84089
450	YLR397C	0.84085
451	YLR268W	0.84083
452	YIR028W	0.84081
453	YDR429C	0.8408
454	YJL033W	0.84069
455	YGL087C	0.84058
456	YML052W	0.84053
457	YCL033C	0.84053
458	YGR210C	0.84052
459	YPR052C	0.8405
460	YLR338W	0.84034
461	YPR108W	0.84033
462	YKL216W	0.84032
463	YPL010W	0.84027
464	YDL230W	0.84027
465	YJL124C	0.84026
466	YPL221W	0.84026
467	YBR010W	0.84024
468	YJR152W	0.84017
469	YLR034C	0.84005
470	YBR252W	0.84004
471	YLR005W	0.84004
472	YHR170W	0.84002
473	YER110C	0.84
474	YER023W	0.83981
475	YEL011W	0.83976
476	YKR068C	0.83975
477	YPR086W	0.83969
478	YGR214W	0.83965
479	YDR190C	0.83962
480	YOL122C	0.83962
481	YBL024W	0.83942
482	YJR014W	0.83939
483	YER145C	0.83937
484	YLR141W	0.83934
485	YKL146W	0.83929
486	YLR011W	0.83916
487	YDL007W	0.83911
488	YGL255W	0.83906
489	YAR007C	0.83905
490	YPL211W	0.839
491	YIR026C	0.83899
492	YJL111W	0.83898
493	YDR375C	0.83897
494	YOR020C	0.83896
495	YEL032W	0.83882
496	YDL188C	0.83875
497	YDL052C	0.83864
498	YJL167W	0.83861
499	YCL009C	0.8386
500	YER012W	0.8386
501	YLL023C	0.83853
502	YPR160W	0.83852
503	YHR032W	0.83849
504	YGR247W	0.83843
505	YFL055W	0.83842
506	YPL266W	0.83841
507	YOL139C	0.83836
508	YOL006C	0.83833
509	YGR253C	0.83833
510	YOR061W	0.83832
511	YLR447C	0.83826
512	YBR265W	0.83823
513	YMR230W	0.83819
514	YMR246W	0.83818
515	YOR087W	0.8381
516	YFL037W	0.83802
517	YKR039W	0.83799
518	YJR001W	0.83784
519	YMR180C	0.83782
520	YDR411C	0.83781
521	YGR208W	0.8378
522	YNL268W	0.83777
523	YDL145C	0.83772
524	YER056C	0.8377
525	YEL020W-A	0.83766
526	YDL212W	0.83765
527	YDR519W	0.8376
528	YMR310C	0.83756
529	YEL058W	0.83755
530	YPR028W	0.8374
531	YDR456W	0.83738
532	YIR022W	0.83733
533	YCR057C	0.83728
534	YLR188W	0.83711
535	YGR245C	0.83701
536	YPL259C	0.83699
537	YGL047W	0.83688
538	YDR392W	0.83688
539	YPR156C	0.83685
540	YGL201C	0.83685
541	YPR024W	0.83685
542	YHL017W	0.83685
543	YJL151C	0.83681
544	YKL013C	0.83675
545	YGR074W	0.83674
546	YPL094C	0.83669
547	YBR228W	0.83668
548	YHR007C	0.83664
549	YDR508C	0.83661
550	YKR105C	0.83647
551	YER029C	0.83643
552	YFL028C	0.83635
553	YPR080W	0.83631
554	YDR497C	0.83629
555	YMR089C	0.83623
556	YDR167W	0.83621
557	YKR038C	0.83617
558	YNL095C	0.83616
559	YHR191C	0.8361
560	YGL253W	0.83603
561	YNL125C	0.83599
562	Q0275	0.83594
563	YGR224W	0.83589
564	YNL194C	0.83588
565	YHR040W	0.83585
566	YJL198W	0.83571
567	YGR282C	0.83547
568	YMR054W	0.83536
569	YDR075W	0.83535
570	YCL073C	0.83527
571	YNL330C	0.83527
572	YDR397C	0.83523
573	YGL062W	0.8352
574	YIL106W	0.83515
575	YER031C	0.83515
576	YMR300C	0.83512
577	YNL240C	0.83507
578	YIL143C	0.83498
579	YEL024W	0.83498
580	YDL132W	0.83497
581	YKL078W	0.83495
582	YMR205C	0.83488
583	YGL130W	0.83485
584	YFL016C	0.83481
585	YLR237W	0.83477
586	YEL034W	0.8347
587	YHR019C	0.83466
588	YFL038C	0.83466
589	YLR213C	0.83465
590	YPL264C	0.83464
591	YGL122C	0.83462
592	YPL206C	0.83461
593	YLR426W	0.83454
594	YPR128C	0.83447
595	YKL027W	0.83442
596	YER086W	0.83441
597	YER017C	0.8344
598	YHR175W	0.83438
599	YDR182W-A	0.83438
600	YIR013C	0.83437
601	YBR218C	0.83437
602	YBR162W-A	0.83437
603	Q0130	0.83436
604	YPL092W	0.83423
605	YJL179W	0.83421
606	YNR048W	0.83419
607	YMR279C	0.83406
608	YER174C	0.83405
609	YNR036C	0.83404
610	YOR253W	0.83404
611	YJR045C	0.834
612	YPR145W	0.83395
613	YDR063W	0.83392
614	YBR038W	0.83385
615	YLR289W	0.83379
616	YPL134C	0.83376
617	YPL127C	0.83375
618	YER171W	0.83368
619	YDR177W	0.83367
620	YOL016C	0.83366
621	YKL002W	0.83361
622	YGR063C	0.83355
623	YDR212W	0.83355
624	YKR106W	0.83351
625	YLR195C	0.83351
626	YOR348C	0.83351
627	YKL008C	0.83345
628	YJL094C	0.83345
629	YJR105W	0.83342
630	YIR012W	0.83342
631	YBR154C	0.83338
632	YBL105C	0.83332
633	YDR099W	0.83332
634	YFR053C	0.83314
635	YBR008C	0.8331
636	YAL042W	0.83301
637	YLR145W	0.8329
638	YDR313C	0.83287
639	YKL212W	0.83287
640	YPL235W	0.83284
641	YER090W	0.8328
642	YJL024C	0.83278
643	YNL326C	0.83272
644	YBL015W	0.83267
645	YMR080C	0.83263
646	YOR303W	0.8326
647	YPL240C	0.8325
648	YIL001W	0.83247
649	YDR074W	0.83246
650	YBR085W	0.83238
651	YNL044W	0.83238
652	YDL092W	0.83236
653	YDL140C	0.83235
654	YOR197W	0.83228
655	YBR204C	0.83227
656	YOR293W	0.83219
657	YLR048W	0.83201
658	YMR202W	0.83199
659	YDR059C	0.83197
660	YFL039C	0.83194
661	YGR252W	0.83193
662	YJR095W	0.83186
663	YPL061W	0.83177
664	YDR139C	0.83177
665	YGL010W	0.83175
666	YCR059C	0.83172
667	YOL062C	0.8317
668	YPL169C	0.83161
669	YGR026W	0.83158
670	YJR047C	0.83155
671	YOR378W	0.83154
672	YHR026W	0.83154
673	YKL160W	0.83148
674	YBL040C	0.83148
675	YMR093W	0.83146
676	YMR301C	0.83145
677	YLR065C	0.83145
678	YNL305C	0.8314
679	YHR143W-A	0.8314
680	YMR186W	0.8314
681	YOL129W	0.83133
682	YIL109C	0.83133
683	YEL037C	0.83133
684	YGR248W	0.83129
685	YDL001W	0.83126
686	YDL201W	0.83121
687	YKL080W	0.83112
688	YKR026C	0.83109
689	YOL073C	0.83105
690	YPR011C	0.83105
691	YIL009W	0.831
692	YFL017W-A	0.83095
693	YFL060C	0.83086
694	YBL026W	0.83085
695	YFL066C	0.83084
696	YHR148W	0.8308
697	YML021C	0.83077
698	YHR182C-A	0.83073
699	YGL137W	0.83065
700	YJR020W	0.83048
701	YPR034W	0.83048
702	YGL210W	0.83045
703	YHR057C	0.83045
704	YNL111C	0.83041
705	YMR266W	0.8304
706	YGR191W	0.83032
707	YHR050W	0.83024
708	YLR197W	0.8302
709	YHR190W	0.83019
710	YGR060W	0.83018
711	YBL057C	0.83016
712	YNL055C	0.83013
713	YJL153C	0.83012
714	YML057W	0.83011
715	YJR063W	0.83002
716	YGL012W	0.82989
717	YBR043C	0.82988
718	YDR121W	0.82987
719	YAR023C	0.82986
720	YMR308C	0.82969
721	YIR042C	0.82968
722	YML010W	0.82959
723	YPR181C	0.82957
724	YNL072W	0.82955
725	YCL069W	0.8295
726	YHR068W	0.82936
727	YNL135C	0.82931
728	YLR078C	0.82929
729	YKL113C	0.82928
730	YHR089C	0.82918
731	YDL182W	0.82917
732	YBL029C-A	0.82916
733	YOR317W	0.82915
734	YBR298C	0.82915
735	YCL035C	0.82912
736	YKL186C	0.82908
737	YGR267C	0.82908
738	YMR272C	0.82903
739	YCR024C-A	0.82901
740	YDR188W	0.829
741	YNR053C	0.82895
742	YJR085C	0.82889
743	YKL128C	0.82883
744	YNL232W	0.82879
745	YML094W	0.82874
746	YCL011C	0.82869
747	YGL139W	0.82864
748	YGR092W	0.82862
749	YPR051W	0.82861
750	YOR222W	0.8286
751	YKR018C	0.82854
752	YLR390W	0.82851
753	YLR200W	0.82849
754	YOR013W	0.82849
755	YDL100C	0.82846
756	YPL175W	0.82844
757	YAL053W	0.82843
758	YNL061W	0.8284
759	YGR124W	0.82836
760	YDR056C	0.82831
761	YFL026W	0.8283
762	YMR210W	0.82826
763	YOL018C	0.82823
764	YAL061W	0.8282
765	YGL171W	0.82818
766	YEL046C	0.82817
767	YMR071C	0.82813
768	YOR292C	0.82813
769	YOR213C	0.82811
770	YBL023C	0.8281
771	YER143W	0.82793
772	YDL031W	0.8279
773	YNL203C	0.82789
774	YEL054C	0.82789
775	YDR418W	0.82789
776	YPL238C	0.82786
777	YPL234C	0.82782
778	YHR142W	0.82775
779	YAR073W	0.8277
780	YAL035W	0.8277
781	YDR525W-A	0.82768
782	YML106W	0.82763
783	YPR069C	0.82762
784	YIL043C	0.82761
785	YKL021C	0.82761
786	YMR146C	0.82753
787	YEL065W	0.82746
788	YBR137W	0.82744
789	YLR074C	0.8274
790	YIL078W	0.82739
791	YBL091C	0.82736
792	YEL063C	0.82734
793	YIL148W	0.82729
794	YKR094C	0.82729
795	YOR192C	0.82727
796	YOR283W	0.82723
797	YJR143C	0.82719
798	YMR276W	0.82719
799	YDR490C	0.82713
800	YEL064C	0.827
801	YKR014C	0.82699
802	YML022W	0.82699
803	YER185W	0.82691
804	YOR265W	0.82685
805	YNR032W	0.82681
806	YOR086C	0.8268
807	YPL004C	0.82678
808	YNL270C	0.82673
809	YPL135W	0.82671
810	YOR380W	0.82666
811	YIL003W	0.82666
812	YAL007C	0.82664
813	YHR163W	0.82662
814	YML001W	0.8266
815	YOR126C	0.82657
816	YNL334C	0.82657
817	YKR081C	0.82656
818	YLR130C	0.82634
819	YKL035W	0.82633
820	YBR019C	0.82629
821	YBR009C	0.82627
822	YER099C	0.82623
823	YPL237W	0.82619
824	YDR406W	0.82618
825	YEL030W	0.82616
826	YBL071W-A	0.82614
827	YCR027C	0.82612
828	YGR175C	0.82611
829	YOR326W	0.8261
830	YMR221C	0.82605
831	YKL059C	0.82604
832	YLR008C	0.826
833	YOR361C	0.82597
834	YHR063C	0.82596
835	YHR132C	0.82596
836	YBR235W	0.82595
837	YOR092W	0.82595
838	YNL006W	0.82595
839	YOR339C	0.82589
840	YOR027W	0.82583
841	YDR046C	0.82577
842	YIL124W	0.82575
843	YOL065C	0.82574
844	YML077W	0.82567
845	YDR374W-A	0.82553
846	YGR031W	0.82551
847	YJR015W	0.82547
848	YER006W	0.82546
849	YOR261C	0.82543
850	YML014W	0.8254
851	YLR281C	0.82537
852	YGL198W	0.82525
853	YBL099W	0.82523
854	YCL074W	0.8252
855	YBR295W	0.8251
856	YJR025C	0.82509
857	YGR246C	0.82502
858	YJR116W	0.82501
859	YER044C	0.82493
860	YNL220W	0.82489
861	YIR015W	0.82487
862	YBL100C	0.82486
863	YOR079C	0.82484
864	YDL049C	0.82474
865	YOR004W	0.82466
866	YHL015W	0.82461
867	YGR020C	0.8246
868	YOL058W	0.82458
869	YLR398C	0.82455
870	YGL206C	0.82445
871	YLL055W	0.82441
872	YOR131C	0.82439
873	YGL022W	0.82437
874	YDL102W	0.82433
875	YGR132C	0.8243
876	YGL001C	0.82418
877	YNL153C	0.82417
878	YKL084W	0.82411
879	YBR021W	0.82409
880	YAL044W-A	0.824
881	YBR283C	0.82399
882	YGR213C	0.82399
883	YBR091C	0.8239
884	YPL013C	0.8239
885	YKL135C	0.82388
886	YML068W	0.82382
887	YLL014W	0.82378
888	YNL057W	0.82378
889	YML067C	0.82375
890	YDR493W	0.82372
891	YOL164W	0.82372
892	YJR146W	0.8237
893	YLR069C	0.82369
894	YBL042C	0.82368
895	YDR002W	0.82359
896	YKR035W-A	0.82358
897	YGL011C	0.82358
898	YIL155C	0.82353
899	YOR055W	0.82353
900	YKL094W	0.82348
901	YPR188C	0.82345
902	YLR287C	0.82338
903	YLR411W	0.82333
904	YOR077W	0.8233
905	YJL063C	0.82325
906	YLR137W	0.82324
907	YAL054C	0.82321
908	YPR037C	0.82318
909	YAL016W	0.8231
910	YCR046C	0.82309
911	YGR197C	0.82308
912	YJL001W	0.82307
913	YCR075C	0.82305
914	YOL030W	0.82298
915	YGR256W	0.82297
916	YML087C	0.82296
917	YGL207W	0.82295
918	YLR384C	0.82292
919	YJL134W	0.82291
920	YAL023C	0.82291
921	YDR487C	0.8229
922	YOR157C	0.82281
923	YPR138C	0.82275
924	YOR388C	0.82274
925	YPL204W	0.82272
926	YMR285C	0.82272
927	YBL068W	0.82261
928	YDL202W	0.8226
929	YLR066W	0.82259
930	YOR034C	0.82252
931	YFR028C	0.82251
932	YJL208C	0.82228
933	YPR062W	0.82225
934	YDL144C	0.82223
935	YDR011W	0.82221
936	YPL095C	0.82212
937	YNL312W	0.82211
938	YDL045W-A	0.82207
939	YCL059C	0.82199
940	YFR024C-A	0.82199
941	YKL009W	0.82199
942	YOR347C	0.82195
943	YDR516C	0.82191
944	YKR012C	0.82185
945	YPL093W	0.82185
946	YLR153C	0.8218
947	YDR090C	0.8218
948	YPR038W	0.8218
949	YFL002C	0.82179
950	YOR153W	0.82177
951	YBL018C	0.82177
952	YBR155W	0.8217
953	YGR271W	0.82163
954	YOR304W	0.82158
955	YDL072C	0.82158
956	YHR018C	0.82157
957	YJL217W	0.82152
958	YBR245C	0.82151
959	YNR011C	0.82147
960	YOR384W	0.82147
961	YMR314W	0.82145
962	YPL048W	0.82136
963	YAL038W	0.82133
964	YLR099C	0.82129
965	YNL264C	0.82129
966	YMR225C	0.82127
967	YHR193C	0.82117
968	YGL252C	0.82115
969	YNL142W	0.82107
970	YGR289C	0.82096
971	YKL156W	0.82093
972	YDR105C	0.82093
973	YDL217C	0.82081
974	YLR364W	0.82074
975	YER081W	0.82072
976	YKR093W	0.82068
977	YOR155C	0.82064
978	YDR468C	0.82063
979	YHL026C	0.82059
980	YOR071C	0.82056
981	YKL028W	0.82052
982	YBR029C	0.82046
983	YDR304C	0.82044
984	YDL046W	0.82042
985	YLR004C	0.82042
986	YLR022C	0.82037
987	YGR100W	0.82033
988	YPL006W	0.82028
989	YKR080W	0.82025
990	YLR339C	0.82023
991	YNR064C	0.82022
992	YPL217C	0.82022
993	YLR449W	0.82019
994	YGL186C	0.82015
995	YAL039C	0.82008
996	YPL154C	0.82007
997	YKL041W	0.82003
998	YJL212C	0.82001
999	YNR043W	0.81999
1000	YMR235C	0.81999
1001	YGR181W	0.81998
1002	YBR167C	0.81993
1003	YGR029W	0.81987
1004	YGL221C	0.81987
1005	YHR005C-A	0.81983
1006	YMR307W	0.8198
1007	YHR027C	0.81973
1008	YOR367W	0.8197
1009	YCR068W	0.81968
1010	YDL135C	0.8196
1011	YNL241C	0.8196
1012	YBR170C	0.81957
1013	YMR194C-B	0.81955
1014	YLR059C	0.81955
1015	YDR226W	0.81954
1016	YLR126C	0.81954
1017	YPL046C	0.81949
1018	YKL029C	0.81946
1019	YGL091C	0.81946
1020	YOL142W	0.81943
1021	YGL097W	0.81941
1022	YNR020C	0.8194
1023	YGL208W	0.81937
1024	YCR051W	0.81937
1025	YLR292C	0.81935
1026	YMR224C	0.81934
1027	YLR026C	0.81933
1028	YKR088C	0.8193
1029	YGL006W	0.81929
1030	YJL121C	0.81927
1031	YHR064C	0.81926
1032	YOL080C	0.81924
1033	YCR069W	0.81922
1034	YGR260W	0.8192
1035	YBR025C	0.81911
1036	YOL077C	0.81906
1037	YMR306W	0.81903
1038	YOL132W	0.81903
1039	YER147C	0.81899
1040	YLR019W	0.81894
1041	YJR153W	0.81877
1042	YBR291C	0.81871
1043	YNR071C	0.81869
1044	YOL066C	0.81855
1045	YKR097W	0.81853
1046	YHR066W	0.81849
1047	YLR372W	0.8184
1048	YCR061W	0.81837
1049	YOR250C	0.81836
1050	YGR095C	0.81828
1051	YIR034C	0.81825
1052	YDL164C	0.81819
1053	YFL056C	0.81812
1054	YOR217W	0.81812
1055	YFL005W	0.81805
1056	YPR100W	0.81804
1057	YJL008C	0.818
1058	YLR218C	0.8179
1059	YIL165C	0.81781
1060	YCR073W-A	0.81779
1061	YML079W	0.81777
1062	YDR402C	0.81773
1063	YOR039W	0.8177
1064	YDR120C	0.81749
1065	YML074C	0.81749
1066	YIR004W	0.8174
1067	YOR159C	0.81737
1068	YHR013C	0.81735
1069	YLR241W	0.81734
1070	YKR095W-A	0.81732
1071	YER062C	0.81731
1072	YLL018C-A	0.81728
1073	YAL021C	0.81721
1074	YNL130C	0.81712
1075	YOR358W	0.8171
1076	YDR438W	0.81708
1077	YBR126C	0.81707
1078	YER052C	0.81698
1079	YOL072W	0.81696
1080	YBR127C	0.81676
1081	YGR007W	0.81673
1082	YEL001C	0.81672
1083	YKL181W	0.81671
1084	YPL122C	0.81669
1085	YHR021C	0.81668
1086	YER055C	0.81659
1087	YBR267W	0.81658
1088	YGR163W	0.81641
1089	YDL147W	0.8164
1090	YOR310C	0.81637
1091	YPR180W	0.81637
1092	YGL234W	0.8163
1093	YJR077C	0.8163
1094	YDR158W	0.8163
1095	YDR045C	0.81629
1096	YJR049C	0.81625
1097	YBL076C	0.81624
1098	YOR321W	0.81622
1099	YDR276C	0.81622
1100	YHR183W	0.81621
1101	YPL187W	0.81618
1102	YHR123W	0.81615
1103	YBR236C	0.81613
1104	YNR019W	0.81612
1105	YJR160C	0.81609
1106	YMR217W	0.81608
1107	YML075C	0.816
1108	YDR112W	0.81594
1109	YNL202W	0.81594
1110	YDR214W	0.8159
1111	YDR461W	0.81586
1112	YGR048W	0.81579
1113	YLR041W	0.81577
1114	YMR241W	0.81566
1115	YAL049C	0.81563
1116	YNR041C	0.81554
1117	YFL061W	0.81548
1118	YNL335W	0.81548
1119	YLL041C	0.81548
1120	YHR034C	0.81547
1121	YHL011C	0.81545
1122	YDL208W	0.81544
1123	YBR078W	0.81543
1124	YGR185C	0.81542
1125	YBR039W	0.81541
1126	YPL153C	0.8154
1127	YOR045W	0.81539
1128	YPR111W	0.81538
1129	YKL218C	0.81531
1130	YJL026W	0.8153
1131	YLR412W	0.81529
1132	YOR252W	0.81516
1133	YJR068W	0.81514
1134	YOL059W	0.81513
1135	YDR408C	0.81506
1136	YOR163W	0.81505
1137	YDR264C	0.81505
1138	YJL035C	0.81504
1139	YMR226C	0.81503
1140	YBR034C	0.815
1141	YAL016C-A	0.81499
1142	YOR024W	0.81493
1143	YOR048C	0.81489
1144	YAL019W	0.81475
1145	YMR319C	0.81475
1146	YBR221C	0.81473
1147	YKL081W	0.81473
1148	YDR541C	0.81469
1149	YOL133W	0.81465
1150	YGR043C	0.81464
1151	YJL052W	0.81459
1152	YPR074C	0.81457
1153	YDR399W	0.81441
1154	YFR031C	0.81438
1155	YLR092W	0.81436
1156	YJR129C	0.81435
1157	YDR448W	0.81435
1158	YJR132W	0.81434
1159	YBR254C	0.81434
1160	YBL032W	0.81425
1161	YJR065C	0.81422
1162	YOR096W	0.81419
1163	YGR240C	0.81418
1164	YGR144W	0.81418
1165	YNL274C	0.81416
1166	YEL038W	0.81408
1167	YAL067C	0.81403
1168	YIR008C	0.81401
1169	YPL012W	0.81397
1170	YML065W	0.81394
1171	YPR112C	0.81391
1172	YCR087C-A	0.81389
1173	YGR021W	0.81383
1174	YAL064W-B	0.81377
1175	YOR295W	0.81376
1176	YEL039C	0.81376
1177	YKR084C	0.81374
1178	YKL001C	0.81371
1179	YER176W	0.81367
1180	YNL132W	0.81365
1181	YDR312W	0.81361
1182	YJL012C	0.81358
1183	YJL064W	0.81353
1184	YDL131W	0.81352
1185	YDL011C	0.8135
1186	YOR101W	0.81349
1187	YDR341C	0.81344
1188	YNL096C	0.81343
1189	YJR109C	0.81342
1190	YOR301W	0.8134
1191	YGR058W	0.81334
1192	YNL244C	0.8133
1193	YGL100W	0.81317
1194	YDL125C	0.81314
1195	YBL096C	0.81311
1196	YCR076C	0.8131
1197	YPR121W	0.81302
1198	YER053C	0.81301
1199	YJL175W	0.813
1200	YDR476C	0.81298
1201	YKL033W-A	0.81294
1202	YMR260C	0.81292
1203	YJL145W	0.8129
1204	YLL052C	0.8129
1205	YNL138W	0.81285
1206	YLL018C	0.81282
1207	YDR482C	0.81281
1208	YPR092W	0.81274
1209	YFL022C	0.81274
1210	YOR206W	0.81273
1211	YOR196C	0.8127
1212	YPR159C-A	0.81267
1213	YDR148C	0.81266
1214	YLR129W	0.81265
1215	YMR161W	0.81262
1216	YJL055W	0.81261
1217	YML008C	0.81258
1218	YMR020W	0.81258
1219	YPR194C	0.81258
1220	YGR285C	0.81257
1221	YBR220C	0.81256
1222	YGR121C	0.81251
1223	YOR049C	0.81248
1224	YOL094C	0.81248
1225	YOR318C	0.81246
1226	YHR168W	0.81239
1227	YBR023C	0.81229
1228	YNL243W	0.81224
1229	YML080W	0.81224
1230	YEL044W	0.81222
1231	YEL013W	0.8122
1232	YDR062W	0.81212
1233	YCR072C	0.81206
1234	YNL067W	0.81206
1235	YKL187C	0.81203
1236	YGL119W	0.81197
1237	YPR010C	0.81196
1238	YBR287W	0.81186
1239	YAL009W	0.81186
1240	YMR090W	0.81176
1241	YOL055C	0.81175
1242	YPR178W	0.81173
1243	YPR035W	0.81172
1244	YBR177C	0.81171
1245	YFL018C	0.81167
1246	YLR433C	0.81166
1247	YKL107W	0.81166
1248	YLR244C	0.81165
1249	YDR100W	0.81157
1250	YEL017C-A	0.81151
1251	YPR056W	0.81142
1252	YDR037W	0.81141
1253	YFL017C	0.81138
1254	YPR133C	0.81136
1255	YHR041C	0.81136
1256	YGR283C	0.81124
1257	YDL096C	0.81115
1258	YJR072C	0.81112
1259	YCR013C	0.81108
1260	YMR132C	0.81104
1261	YML056C	0.81103
1262	YBR264C	0.81102
1263	YMR315W	0.81098
1264	YLR277C	0.81097
1265	YDR272W	0.81096
1266	YNL065W	0.81094
1267	YKL157W	0.81093
1268	YPL143W	0.81093
1269	YLR055C	0.81092
1270	YDL095W	0.8109
1271	YOR246C	0.81088
1272	YOL151W	0.81082
1273	YBR223W-A	0.81068
1274	YLR432W	0.81066
1275	YPL207W	0.81063
1276	YHR012W	0.81063
1277	YER009W	0.81042
1278	YLR209C	0.81032
1279	YGR086C	0.81032
1280	YJR139C	0.81032
1281	YHR108W	0.81032
1282	YBR190W	0.81026
1283	YPR058W	0.81025
1284	YBR088C	0.81024
1285	YBR073W	0.81022
1286	YDR321W	0.81021
1287	YBR222C	0.8102
1288	YIL068C	0.81017
1289	YPR087W	0.81015
1290	YOR234C	0.81011
1291	YKL067W	0.81001
1292	YJL213W	0.80999
1293	YDR436W	0.80999
1294	YFL034C-A	0.80998
1295	YNR070W	0.80996
1296	YIL062C	0.80986
1297	YOR006C	0.80982
1298	YGR200C	0.80979
1299	YJR009C	0.80977
1300	YKR043C	0.80968
1301	YLL022C	0.80964
1302	YBL036C	0.80962
1303	YOR207C	0.80961
1304	YIL048W	0.80956
1305	YHR216W	0.80956
1306	YEL034C-A	0.80955
1307	YMR264W	0.80955
1308	YNL237W	0.80948
1309	YML125C	0.80945
1310	YER082C	0.80939
1311	YLR108C	0.80938
1312	YKL053C-A	0.80931
1313	YDL213C	0.8093
1314	YBR242W	0.80929
1315	YER015W	0.80925
1316	YLR046C	0.80923
1317	YJL002C	0.80919
1318	YDL247W	0.80915
1319	YPL276W	0.8091
1320	YDL200C	0.80907
1321	YLR429W	0.80905
1322	YGR028W	0.80903
1323	YOR331C	0.80903
1324	YLR259C	0.80902
1325	YNL087W	0.80901
1326	YDR502C	0.80898
1327	YPR019W	0.80896
1328	YDR491C	0.80896
1329	YER013W	0.80894
1330	YPL274W	0.80892
1331	YDL053C	0.80886
1332	YOR323C	0.80886
1333	YOR328W	0.80885
1334	YLR399C	0.80881
1335	YGL245W	0.8088
1336	YBR234C	0.80879
1337	YOL002C	0.80877
1338	YOL124C	0.80875
1339	YEL040W	0.80874
1340	YNR050C	0.80862
1341	YML055W	0.80854
1342	YBL007C	0.80852
1343	YLR100W	0.80849
1344	YDR243C	0.80848
1345	YIR035C	0.80845
1346	YOR226C	0.80842
1347	YOR011W	0.80839
1348	YIL145C	0.80835
1349	YKL046C	0.80834
1350	YGL105W	0.80822
1351	YOR128C	0.80821
1352	YKL117W	0.80812
1353	YBR221W-A	0.80811
1354	YGR180C	0.80807
1355	YIL126W	0.80806
1356	YJR048W	0.80798
1357	YIL053W	0.80797
1358	YDR256C	0.80797
1359	YBR180W	0.80795
1360	YLR121C	0.80787
1361	YPL170W	0.80787
1362	YEL021W	0.80786
1363	YGL181W	0.80786
1364	YGR263C	0.80783
1365	YGR135W	0.80782
1366	YKR050W	0.80782
1367	YOR375C	0.80781
1368	YGL040C	0.80764
1369	YMR123W	0.80755
1370	YAL060W	0.80751
1371	YHR106W	0.80751
1372	YOL137W	0.80747
1373	YLR180W	0.80747
1374	YJR121W	0.80744
1375	YIL047C	0.80742
1376	YNL117W	0.80739
1377	YLR152C	0.80734
1378	YBR223C	0.80731
1379	YGL242C	0.80731
1380	YBR014C	0.80728
1381	YJL174W	0.80725
1382	YFL048C	0.80722
1383	YCR011C	0.80721
1384	YGL147C	0.80719
1385	YLR243W	0.80712
1386	YLR050C	0.8071
1387	YAL022C	0.80708
1388	YHR128W	0.80708
1389	YBR121C	0.80707
1390	YKR066C	0.80694
1391	YJL195C	0.80694
1392	YLR208W	0.80688
1393	YDL190C	0.80688
1394	YBR183W	0.80684
1395	YDR055W	0.80679
1396	YJL143W	0.80674
1397	YDL160C-A	0.80661
1398	YDR140W	0.80661
1399	YCL057C-A	0.8066
1400	YMR042W	0.80656
1401	YML116W	0.80654
1402	YLR072W	0.80646
1403	YPL208W	0.80638
1404	YDR305C	0.80636
1405	YPL222C-A	0.80622
1406	YLR214W	0.80622
1407	YER179W	0.80617
1408	YJL104W	0.80615
1409	YJL130C	0.80609
1410	YPR144C	0.80606
1411	YCR106W	0.80602
1412	YOR116C	0.80598
1413	YDR465C	0.80595
1414	YPR081C	0.80588
1415	YHR020W	0.80588
1416	YKL095W	0.80587
1417	YNR046W	0.80585
1418	YLR347W-A	0.80585
1419	YGL157W	0.80583
1420	YIR037W	0.80582
1421	YOR325W	0.80578
1422	YPL002C	0.80577
1423	YDR023W	0.80577
1424	YDL210W	0.80576
1425	YIL088C	0.80569
1426	YLR038C	0.80568
1427	YFL059W	0.80568
1428	YAL004W	0.80567
1429	YDR454C	0.80565
1430	YIL103W	0.80565
1431	YLR138W	0.80562
1432	YOR165W	0.80561
1433	YMR297W	0.80561
1434	YBR090C	0.80553
1435	YHR210C	0.80549
1436	YER142C	0.80548
1437	YGL039W	0.80548
1438	YHR048W	0.80545
1439	YNR062C	0.80542
1440	YAL018C	0.80539
1441	YBR068C	0.80537
1442	YDL103C	0.80524
1443	YDR094W	0.80524
1444	YFL045C	0.80519
1445	YGR276C	0.80514
1446	YMR242W-A	0.80513
1447	YEL053W-A	0.80513
1448	YIR036W-A	0.80511
1449	YJL218W	0.80508
1450	YKL191W	0.80507
1451	YPR004C	0.80497
1452	YJR040W	0.8049
1453	YBR002C	0.8049
1454	YOL093W	0.80488
1455	YNL110C	0.80488
1456	YGR078C	0.80486
1457	YHR116W	0.80482
1458	YGL240W	0.80472
1459	YAR018C	0.80469
1460	YPL258C	0.80466
1461	YGR172C	0.80462
1462	YGL165C	0.80458
1463	YKR047W	0.80449
1464	YPL136W	0.80448
1465	YNL123W	0.80446
1466	YNL328C	0.80444
1467	YPL265W	0.80443
1468	YKL164C	0.80435
1469	YMR178W	0.80432
1470	YDL110C	0.8043
1471	YOL125W	0.80428
1472	YOR351C	0.80423
1473	YIR002C	0.80422
1474	YNL333W	0.80421
1475	YPR110C	0.80421
1476	YHR047C	0.80421
1477	YLR076C	0.80418
1478	YIL108W	0.8041
1479	YNR034W	0.80408
1480	YKL065C	0.80402
1481	YLL056C	0.80396
1482	YBL022C	0.80394
1483	YKR051W	0.80389
1484	YNL260C	0.80388
1485	YJR013W	0.80387
1486	YOL090W	0.80384
1487	YIR031C	0.80377
1488	YDL168W	0.80376
1489	YCR004C	0.80366
1490	YLL050C	0.80366
1491	YHR181W	0.80364
1492	YGR279C	0.80364
1493	YOR151C	0.80353
1494	YLR330W	0.80353
1495	YCR012W	0.80349
1496	YOR175C	0.80343
1497	YMR009W	0.80339
1498	YJR133W	0.80336
1499	YGL069C	0.80334
1500	YPL091W	0.80329
1501	YGL017W	0.80328
1502	YBR115C	0.80327
1503	YDL155W	0.80326
1504	YNL175C	0.80326
1505	YNR074C	0.80325
1506	YDR498C	0.8032
1507	YNL248C	0.8032
1508	YMR058W	0.80315
1509	YBR087W	0.80314
1510	YFR010W	0.80309
1511	YOR172W	0.80308
1512	YLL036C	0.80307
1513	YHR031C	0.80307
1514	YMR262W	0.80299
1515	YKL120W	0.8029
1516	YFR055W	0.80288
1517	YOL008W	0.80288
1518	YJR064W	0.80284
1519	YAL062W	0.80279
1520	YIL074C	0.80277
1521	YNL161W	0.80274
1522	YNL282W	0.80274
1523	YER073W	0.80273
1524	YBR294W	0.80263
1525	YAL030W	0.80259
1526	YJL080C	0.80257
1527	YGR082W	0.80257
1528	YOR277C	0.80256
1529	YLR413W	0.80253
1530	YMR008C	0.80253
1531	YER153C	0.80251
1532	YOR341W	0.80248
1533	YLR158C	0.80247
1534	YLR160C	0.80247
1535	YLR155C	0.80247
1536	YLR157C	0.80247
1537	YLR007W	0.80246
1538	YML035C	0.80238
1539	YGL123W	0.80237
1540	YIL116W	0.80234
1541	YGL074C	0.80234
1542	YLR414C	0.80233
1543	YDR353W	0.80232
1544	YOR161W-B	0.8023
1545	YJL068C	0.8023
1546	YLR303W	0.80228
1547	YLR409C	0.80225
1548	YGR022C	0.80218
1549	YKL127W	0.80216
1550	YDL213W-A	0.80203
1551	YHL036W	0.80203
1552	YGL044C	0.80199
1553	YOR332W	0.80199
1554	YFL021C-A	0.80191
1555	YEL020C	0.80187
1556	YBR006W	0.80186
1557	YGL095C	0.80186
1558	YDL060W	0.80184
1559	YDL086C-A	0.80184
1560	YDR091C	0.80183
1561	YBR117C	0.80182
1562	YIL094C	0.80181
1563	YHR025W	0.80181
1564	YDR334W	0.80172
1565	YDR464C-A	0.80168
1566	YJL079C	0.80167
1567	YBR092C	0.80157
1568	YMR074C	0.80154
1569	YOR327C	0.80153
1570	YPR197C	0.80149
1571	YGR004W	0.80145
1572	YMR127C	0.80144
1573	YBL006W-A	0.80143
1574	YJL128C	0.80139
1575	YJL011C	0.80136
1576	YGL019W	0.80135
1577	YNR052C	0.80134
1578	YKL163W	0.80134
1579	YMR306C-A	0.80131
1580	YLL034C	0.80131
1581	YJL159W	0.8013
1582	YPR161C	0.8013
1583	YFR038W	0.80129
1584	YBL039C	0.80126
1585	YBL013W	0.80126
1586	YGR243W	0.80126
1587	YBR037C	0.8012
1588	Q0050	0.80119
1589	YDR098C	0.80114
1590	YOR162C	0.80107
1591	YLR410W	0.80107
1592	YLL045C	0.80105
1593	YDR204W	0.80104
1594	YGL232W	0.80101
1595	YIL153W	0.80098
1596	YGL037C	0.80097
1597	YLR340W	0.80088
1598	YDR013W	0.80085
1599	YFL057C	0.80084
1600	YDR378C	0.80084
1601	YCR087W	0.80083
1602	YML078W	0.80081
1603	YPR131C	0.80078
1604	YDL243C	0.80077
1605	YGR173W	0.80074
1606	YGR050C	0.80074
1607	YPL024W	0.80068
1608	YJL082W	0.80065
1609	YLL061W	0.80062
1610	YDR530C	0.80061
1611	YPR003C	0.80061
1612	YLR205C	0.80057
1613	YBR114W	0.80055
1614	YPR190C	0.80053
1615	YJL171C	0.80048
1616	YDR209C	0.80045
1617	YGL034C	0.80042
1618	YMR084W	0.80041
1619	YHR144C	0.8004
1620	YJL072C	0.80035
1621	YHL034C	0.80033
1622	YPL142C	0.80032
1623	YOR168W	0.80029
1624	YOL163W	0.80028
1625	YOR236W	0.80026
1626	YDR513W	0.8002
1627	YLR262C	0.80013
1628	YOL009C	0.8001
1629	YMR101C	0.80006
1630	YHL033C	0.80005
1631	YFL034C-B	0.80001
1632	YKL161C	0.79992
1633	YOR202W	0.79988
1634	YEL041W	0.79987
1635	YDR164C	0.79986
1636	YHR042W	0.79984
1637	YHL002W	0.79975
1638	YJR046W	0.79969
1639	YOR007C	0.79957
1640	YOR294W	0.79954
1641	YER162C	0.79951
1642	YDR358W	0.79949
1643	YER007C-A	0.79942
1644	YLR264W	0.79939
1645	YIL118W	0.79937
1646	YDR051C	0.79936
1647	YHR201C	0.79933
1648	YER027C	0.7993
1649	YGR286C	0.79924
1650	YNL134C	0.7992
1651	YMR040W	0.79919
1652	YCR037C	0.7991
1653	YMR188C	0.79907
1654	YMR158W	0.79899
1655	YLR181C	0.79898
1656	YPR107C	0.79898
1657	YGR192C	0.79894
1658	YOR243C	0.79893
1659	YBR020W	0.79893
1660	YIL064W	0.79891
1661	YBL041W	0.7989
1662	YMR139W	0.79888
1663	YIL082W	0.79883
1664	YKR024C	0.79883
1665	YKL147C	0.79881
1666	YDR291W	0.79881
1667	YEL026W	0.7988
1668	YER057C	0.7988
1669	YJL136C	0.79878
1670	YMR316C-B	0.79872
1671	YDL079C	0.79871
1672	YKR062W	0.79861
1673	YPR098C	0.79858
1674	YOR298C-A	0.79857
1675	YFL015W-A	0.7985
1676	YDR294C	0.79846
1677	YLL011W	0.79843
1678	YCR028C-A	0.79841
1679	YHR088W	0.79833
1680	YOL067C	0.79827
1681	YIL082W-A	0.79827
1682	YDL041W	0.79821
1683	YBL038W	0.79818
1684	YGL030W	0.79817
1685	YJL117W	0.79816
1686	YHL030W-A	0.79816
1687	YLR060W	0.79816
1688	YDR007W	0.79816
1689	YLR383W	0.79816
1690	YER087C-B	0.79812
1691	YEL056W	0.79812
1692	YOR370C	0.79803
1693	YIL016W	0.79802
1694	YKL022C	0.79799
1695	YDR459C	0.79795
1696	YPR186C	0.79795
1697	YNL059C	0.79794
1698	YFL041W	0.79792
1699	YLR061W	0.79792
1700	YDL228C	0.79791
1701	YER147C-A	0.79787
1702	YHR192W	0.79786
1703	YPR054W	0.79785
1704	YBR072W	0.79778
1705	YCL005W-A	0.79772
1706	YIL075C	0.79772
1707	YLR028C	0.79771
1708	YBL011W	0.79767
1709	YER039C-A	0.79761
1710	YOR376W-A	0.79761
1711	YIL162W	0.79756
1712	YMR138W	0.79755
1713	YOR074C	0.79752
1714	YOR102W	0.79752
1715	YKR001C	0.7975
1716	YPL160W	0.79749
1717	YJR149W	0.79748
1718	YER003C	0.79746
1719	YNL277W	0.79737
1720	YPL131W	0.79735
1721	YHR043C	0.79734
1722	YJR042W	0.79731
1723	YKL017C	0.79724
1724	YPR076W	0.79724
1725	YKL214C	0.79723
1726	YER152W-A	0.79722
1727	YNL099C	0.7972
1728	YJR007W	0.79719
1729	YNL190W	0.79717
1730	YHR129C	0.79716
1731	YPR153W	0.79715
1732	YLR261C	0.79709
1733	YBR143C	0.79705
1734	YBR101C	0.79702
1735	YKL210W	0.79695
1736	YOR280C	0.79693
1737	YBR079C	0.79691
1738	YJR155W	0.79685
1739	YNL102W	0.79682
1740	YPL212C	0.79682
1741	YNR034W-A	0.79681
1742	YPL157W	0.79677
1743	YMR057C	0.79677
1744	YNL001W	0.79674
1745	YCR049C	0.79672
1746	YPR059C	0.79672
1747	YNL079C	0.79671
1748	YJL075C	0.79668
1749	YKL170W	0.79666
1750	YOR016C	0.79662
1751	YGR109W-A	0.79661
1752	YDR047W	0.79654
1753	YJR117W	0.79649
1754	YFL013W-A	0.79644
1755	YOR167C	0.79638
1756	YIL035C	0.79636
1757	YNR013C	0.79635
1758	YAL029C	0.79633
1759	YFL008W	0.79632
1760	YLR134W	0.79629
1761	YNR051C	0.79628
1762	YFR041C	0.7962
1763	YDR263C	0.7962
1764	YGL026C	0.79618
1765	YMR022W	0.79615
1766	YMR001C	0.79614
1767	YBR146W	0.79613
1768	YBL062W	0.79613
1769	YHL019C	0.79613
1770	YLR286C	0.79612
1771	YFR034W-A	0.79609
1772	YOL034W	0.79608
1773	YKR057W	0.79606
1774	YER100W	0.79605
1775	YLR236C	0.79597
1776	YDR117C	0.79587
1777	YDR270W	0.79581
1778	YBL089W	0.79576
1779	YDL227C	0.79575
1780	YML094C-A	0.79574
1781	YKL153W	0.79573
1782	YBR011C	0.7957
1783	YDL226C	0.79568
1784	YOL046C	0.79568
1785	YCR008W	0.79562
1786	YFL004W	0.79561
1787	YGL140C	0.79556
1788	YML057C-A	0.79555
1789	YJR125C	0.79553
1790	YJL191W	0.7955
1791	YOR139C	0.79536
1792	YGR264C	0.79535
1793	YKL003C	0.79524
1794	YPL222W	0.7952
1795	YLR245C	0.79519
1796	YGL205W	0.79517
1797	YDL124W	0.79515
1798	YER120W	0.79514
1799	YFR035C	0.79514
1800	YNL155W	0.79511
1801	YGR047C	0.7951
1802	YGR284C	0.79509
1803	YML126C	0.79501
1804	YNR027W	0.79501
1805	YBR058C	0.79501
1806	YBR286W	0.79498
1807	YBR069C	0.79494
1808	YLL058W	0.79494
1809	YHR044C	0.79488
1810	YIL022W	0.79485
1811	YDR083W	0.79482
1812	YBR214W	0.79479
1813	YPL059W	0.79477
1814	YNR015W	0.79476
1815	YCL030C	0.79476
1816	YNL016W	0.79464
1817	YPL220W	0.79464
1818	YGL135W	0.79464
1819	YML092C	0.7946
1820	YGR103W	0.79456
1821	YGL055W	0.79453
1822	YDR001C	0.79451
1823	YJL127W-A	0.79446
1824	YDR417C	0.79443
1825	YCR023C	0.79439
1826	YMR196W	0.7943
1827	YNL181W	0.7943
1828	YDR352W	0.79426
1829	YHR173C	0.79425
1830	YMR244C-A	0.79422
1831	YCR020C	0.79422
1832	YIL171W-A	0.79422
1833	YJL220W	0.79422
1834	YMR243C	0.79421
1835	YOR021C	0.79421
1836	YLR174W	0.79416
1837	YDR537C	0.7941
1838	YDR232W	0.79407
1839	YLR418C	0.79399
1840	YGR242W	0.79396
1841	YLR203C	0.79395
1842	YNL021W	0.79388
1843	YGR109W-B	0.79384
1844	YHR203C	0.79381
1845	YJR145C	0.79381
1846	YGL183C	0.79379
1847	YGR088W	0.79377
1848	YDR267C	0.79371
1849	YPL236C	0.79369
1850	YNL056W	0.7936
1851	YMR305C	0.79358
1852	YIL166C	0.79357
1853	YGL051W	0.79351
1854	YGL115W	0.79346
1855	YEL019C	0.79345
1856	YIL142C-A	0.79342
1857	YOL041C	0.7934
1858	YMR114C	0.79338
1859	YKL030W	0.79335
1860	YBR196C	0.79332
1861	YGR277C	0.79332
1862	YFL042C	0.79331
1863	YHR121W	0.79331
1864	YDR041W	0.79328
1865	YCR090C	0.79328
1866	YFL052W	0.79324
1867	YPL050C	0.79321
1868	YGR271C-A	0.7932
1869	YNL331C	0.79318
1870	YNL231C	0.79317
1871	YFL065C	0.79315
1872	YER091C	0.79308
1873	YLR235C	0.79305
1874	YDR514C	0.79304
1875	YEL052W	0.79299
1876	YKL126W	0.79298
1877	YLR377C	0.79296
1878	YNL207W	0.79296
1879	YER178W	0.79294
1880	YMR027W	0.79292
1881	YMR238W	0.7929
1882	YPR016C	0.7929
1883	YML025C	0.7929
1884	YER164W	0.7929
1885	YNL108C	0.7929
1886	YLR355C	0.79289
1887	YOL050C	0.79286
1888	YLR220W	0.79282
1889	YBR248C	0.79281
1890	YBR196C-B	0.79278
1891	YDL086W	0.79275
1892	YDR145W	0.79273
1893	YMR218C	0.79272
1894	YLR104W	0.7927
1895	YKL154W	0.79268
1896	YLR280C	0.79266
1897	YPR170C	0.79264
1898	YMR290W-A	0.79262
1899	YNL121C	0.7926
1900	YLR331C	0.79259
1901	YGL190C	0.79255
1902	YOR150W	0.79253
1903	YMR108W	0.79251
1904	YNL287W	0.79251
1905	YDR053W	0.79251
1906	YIL020C	0.7925
1907	YMR278W	0.79249
1908	YNL223W	0.79247
1909	YOR040W	0.79247
1910	YAR003W	0.79242
1911	YDL036C	0.79241
1912	YAR019W-A	0.79236
1913	YKL184W	0.79234
1914	YJL028W	0.79233
1915	YCR036W	0.79225
1916	YPL132W	0.79225
1917	YAR033W	0.79224
1918	YDR447C	0.79215
1919	YNL222W	0.79215
1920	YLR196W	0.79213
1921	YJL093C	0.79211
1922	YLR272C	0.7921
1923	YPR033C	0.79209
1924	YCR075W-A	0.79209
1925	YMR145C	0.79204
1926	YCL043C	0.79204
1927	YEL003W	0.79203
1928	YLR354C	0.79202
1929	YOL112W	0.79202
1930	YOL165C	0.79199
1931	YGL053W	0.79198
1932	YER002W	0.79196
1933	YNL147W	0.79195
1934	YOL099C	0.79188
1935	YAL059C-A	0.79185
1936	YIL160C	0.79182
1937	YBL068W-A	0.79181
1938	YHR070C-A	0.79178
1939	YDR355C	0.79177
1940	YER025W	0.79176
1941	YGL033W	0.79174
1942	YJL087C	0.79173
1943	YGR262C	0.79165
1944	YNL322C	0.79164
1945	YNL280C	0.79164
1946	YKL097C	0.79164
1947	YHR147C	0.79159
1948	YMR296C	0.79158
1949	YPR120C	0.79156
1950	YER183C	0.79156
1951	YEL060C	0.79151
1952	YDR265W	0.79149
1953	YLR324W	0.79147
1954	YKL189W	0.79143
1955	YCR038W-A	0.79141
1956	YOR110W	0.79134
1957	YMR265C	0.79134
1958	YLL010C	0.79134
1959	YJL077W-A	0.79132
1960	YDR280W	0.79126
1961	YHR062C	0.79122
1962	YNL200C	0.79118
1963	YGL104C	0.79115
1964	YJL216C	0.79115
1965	YNL081C	0.79115
1966	YJL027C	0.79114
1967	YDR525W	0.79105
1968	YFR033C	0.79105
1969	YCL068C	0.791
1970	YJR055W	0.79099
1971	YJL085W	0.79094
1972	YFL034W	0.79093
1973	YLL029W	0.7909
1974	YNL259C	0.79081
1975	YML064C	0.79079
1976	YGR295C	0.79076
1977	YOL146W	0.79074
1978	YNL313C	0.79073
1979	YNL130C-A	0.7907
1980	YML024W	0.79066
1981	YLR275W	0.79063
1982	YMR277W	0.79063
1983	YHR117W	0.79062
1984	YGR061C	0.79062
1985	YPL062W	0.79055
1986	YGR083C	0.79042
1987	YDR336W	0.79042
1988	YOL020W	0.7904
1989	YLR044C	0.7904
1990	YLR043C	0.7904
1991	YAR042W	0.79037
1992	YPR094W	0.79035
1993	YDR398W	0.79035
1994	YAL044C	0.79033
1995	YFL001W	0.79027
1996	YER163C	0.79024
1997	YLR328W	0.79022
1998	YPR147C	0.79014
1999	YCR045W-A	0.79006
2000	YHR140W	0.79006
2001	YJL052C-A	0.79003
2002	YDL174C	0.78999
2003	YOR271C	0.78996
2004	YGL262W	0.78994
2005	YBL108W	0.78992
2006	YML129C	0.78988
2007	YAL056C-A	0.78988
2008	YDL071C	0.78984
2009	YOL085C	0.78981
2010	YDR386W	0.78981
2011	YLR222C	0.78979
2012	YLL063C	0.78973
2013	YER175C	0.78967
2014	YKR025W	0.78957
2015	YPR203W	0.78955
2016	YLL043W	0.78952
2017	YOR068C	0.78951
2018	YOL130W	0.78942
2019	YJL043W	0.78942
2020	YBR198C	0.7894
2021	YNL162W-A	0.78938
2022	YHR161C	0.78935
2023	YPR014C	0.78932
2024	YKL051W	0.78922
2025	YLR351C	0.78921
2026	YNL284C	0.78921
2027	YCR031C	0.78918
2028	YIL154C	0.78917
2029	YJR010W	0.78917
2030	YJR071W	0.78915
2031	YGR244C	0.78914
2032	YDL172C	0.78913
2033	YDR236C	0.78908
2034	YNL276C	0.78905
2035	YER168C	0.78903
2036	YPR157W	0.78902
2037	YBR105C	0.78899
2038	Q0065	0.78899
2039	YPR168W	0.78898
2040	YER063W	0.78897
2041	YLR369W	0.78896
2042	YIL014W	0.78893
2043	YJL115W	0.78888
2044	YLR420W	0.78885
2045	YBR031W	0.78885
2046	YCR094W	0.7888
2047	YIL156W-B	0.78874
2048	YMR085W	0.7887
2049	YEL027W	0.78869
2050	YOR223W	0.78864
2051	YKR013W	0.78863
2052	YLL009C	0.7886
2053	YLR003C	0.7886
2054	YPL179W	0.78858
2055	YDR539W	0.78854
2056	YNL028W	0.78853
2057	YCR006C	0.78848
2058	YDL023C	0.78843
2059	YGL166W	0.78838
2060	YGL236C	0.78836
2061	YHR205W	0.78833
2062	YFL053W	0.78833
2063	YBR104W	0.78832
2064	YOR056C	0.78831
2065	YOR379C	0.78827
2066	YGR162W	0.78827
2067	YNL023C	0.78825
2068	YER180C-A	0.78824
2069	YOR164C	0.78815
2070	YER140W	0.78814
2071	YGR195W	0.78811
2072	YOR254C	0.7881
2073	YLR157C-C	0.78809
2074	YLR159C-A	0.78809
2075	YLR154C-H	0.78809
2076	YLR156C-A	0.78809
2077	YJL010C	0.78806
2078	YGR107W	0.78802
2079	YER001W	0.78801
2080	YCR017C	0.78797
2081	YLR367W	0.78795
2082	YLR009W	0.78793
2083	YNR008W	0.78792
2084	YNR026C	0.78791
2085	YNL246W	0.7879
2086	YFL044C	0.78786
2087	YCL047C	0.78785
2088	YML026C	0.78784
2089	YDR450W	0.78784
2090	YOR119C	0.78783
2091	YMR302C	0.7878
2092	YGR201C	0.7878
2093	YBR017C	0.78779
2094	YDR364C	0.78779
2095	YLR374C	0.78779
2096	YBR119W	0.78775
2097	YKL060C	0.78771
2098	YBR141C	0.78771
2099	YJR050W	0.78765
2100	YDR012W	0.78756
2101	YIL157C	0.78756
2102	YJL178C	0.78745
2103	YPR170W-B	0.78743
2104	YKL085W	0.78742
2105	YBR139W	0.78742
2106	YDL156W	0.78742
2107	YJR104C	0.78741
2108	YJL059W	0.7874
2109	YDR191W	0.7874
2110	YIL013C	0.7873
2111	YGR159C	0.7873
2112	YOR369C	0.78728
2113	YML072C	0.78726
2114	YOL019W-A	0.78716
2115	YNL145W	0.7871
2116	YMR250W	0.7871
2117	YJR159W	0.78707
2118	YGL101W	0.78705
2119	YGR155W	0.78704
2120	YGL009C	0.78698
2121	YOL121C	0.78695
2122	YMR268C	0.78694
2123	YKL098W	0.7869
2124	YHR001W	0.78689
2125	YOR091W	0.78689
2126	YLR118C	0.78686
2127	YMR043W	0.78683
2128	YAR075W	0.78682
2129	YKR003W	0.78681
2130	YJL097W	0.78679
2131	YDR292C	0.78678
2132	YDR478W	0.78677
2133	YER048C	0.78675
2134	YIL034C	0.78675
2135	YER116C	0.78673
2136	YLR062C	0.78667
2137	YCR101C	0.78667
2138	YJL119C	0.78666
2139	YLR162W	0.78663
2140	YOR306C	0.78662
2141	YPL060W	0.78653
2142	YKR017C	0.7865
2143	YIL076W	0.78647
2144	YIR020W-A	0.78646
2145	YMR112C	0.78643
2146	YBR018C	0.78643
2147	YML038C	0.78642
2148	YJR113C	0.78642
2149	YIL171W	0.78637
2150	YHR033W	0.78636
2151	YOR285W	0.78635
2152	YNL071W	0.78634
2153	YLR253W	0.78634
2154	YJR070C	0.78631
2155	YHR187W	0.7863
2156	YEL035C	0.78628
2157	YDR118W-A	0.78623
2158	YPR140W	0.78621
2159	YKL152C	0.78615
2160	YLR279W	0.78613
2161	YJR016C	0.7861
2162	YPL270W	0.78609
2163	YDR354C-A	0.78608
2164	YPR093C	0.78607
2165	YOL148C	0.78606
2166	YKR009C	0.78599
2167	YOR311C	0.78595
2168	YMR122C	0.78593
2169	YKL114C	0.78588
2170	YBR185C	0.78586
2171	YDR477W	0.78585
2172	YIR023C-A	0.78584
2173	YML090W	0.78574
2174	YBR201W	0.78572
2175	YLR064W	0.78568
2176	YML066C	0.78567
2177	YBR113W	0.78565
2178	YDR031W	0.78565
2179	YKL213C	0.78557
2180	YDR331W	0.78557
2181	YDL105W	0.78556
2182	YFL031C-A	0.78556
2183	YDL241W	0.78548
2184	YHR071C-A	0.78547
2185	YPR025C	0.78546
2186	YER088C-A	0.78545
2187	YHR052W	0.78542
2188	YLR435W	0.7854
2189	YDL185W	0.7854
2190	YOR345C	0.78533
2191	YMR006C	0.78533
2192	YOL077W-A	0.78533
2193	YDR067C	0.78531
2194	YLR349W	0.78529
2195	YER048W-A	0.78526
2196	YHR127W	0.78525
2197	YBR256C	0.78524
2198	YOL013C	0.78518
2199	YGL077C	0.78517
2200	YDL193W	0.78515
2201	YPL113C	0.78509
2202	YMR251W	0.78509
2203	YNR065C	0.78503
2204	YNL184C	0.78501
2205	YDL080C	0.78493
2206	YDL034W	0.78492
2207	YOR239W	0.7849
2208	YDR210W	0.78485
2209	YOL048C	0.78485
2210	YJR024C	0.7848
2211	YNL163C	0.78474
2212	YLR421C	0.78474
2213	YLR318W	0.78473
2214	YMR105C	0.78471
2215	YAR015W	0.78469
2216	YML105C	0.78469
2217	Q0120	0.78468
2218	YDL236W	0.78467
2219	YAL058W	0.78466
2220	YML089C	0.78466
2221	YDL040C	0.78461
2222	YDL246C	0.78459
2223	YDL248W	0.78458
2224	YEL006W	0.7845
2225	YGR141W	0.78446
2226	YJR161C	0.78446
2227	YKL004W	0.78446
2228	YOL154W	0.78442
2229	YBR109W-A	0.78441
2230	YNR017W	0.7844
2231	YER156C	0.78436
2232	YDR183W	0.78436
2233	YLR393W	0.78436
2234	YLR255C	0.78435
2235	YNL211C	0.78433
2236	YIL063C	0.7843
2237	YHR162W	0.78429
2238	YLR117C	0.78425
2239	YMR120C	0.78418
2240	YDL120W	0.78411
2241	YIL004C	0.78409
2242	YPR200C	0.78407
2243	YNL131W	0.78402
2244	YGL068W	0.78402
2245	YLL015W	0.78401
2246	YOR394W	0.78399
2247	YPL282C	0.78399
2248	YNL229C	0.78396
2249	YLR215C	0.78395
2250	YGR187C	0.78394
2251	YDR233C	0.78394
2252	YGR005C	0.78392
2253	YML054C	0.78391
2254	YPR123C	0.78389
2255	YBR249C	0.78389
2256	YKR086W	0.78388
2257	YHR111W	0.78379
2258	YLL039C	0.78374
2259	YLR189C	0.78371
2260	YHR003C	0.78371
2261	YDR534C	0.78361
2262	YPL239W	0.7836
2263	YDR009W	0.78359
2264	YMR078C	0.78356
2265	YPR125W	0.78349
2266	YGR085C	0.78347
2267	YOR300W	0.78346
2268	YHR180C-B	0.78343
2269	YAL036C	0.78338
2270	YNR001C	0.78338
2271	YPL111W	0.78335
2272	YBR070C	0.78334
2273	YLR017W	0.78333
2274	YML063W	0.78322
2275	YPR193C	0.78317
2276	YMR113W	0.78315
2277	YDR533C	0.78315
2278	YMR220W	0.78314
2279	YGR093W	0.78309
2280	YJR096W	0.78309
2281	YLR192C	0.78298
2282	YGL218W	0.78298
2283	YDL078C	0.78293
2284	YNL022C	0.78292
2285	YJR034W	0.78286
2286	YGR266W	0.78284
2287	YJL155C	0.78281
2288	YML100W-A	0.78279
2289	YOL047C	0.78278
2290	YMR167W	0.78277
2291	YDL093W	0.78277
2292	YBR132C	0.78275
2293	YLR090W	0.78275
2294	YNL279W	0.78274
2295	YPR133W-A	0.78269
2296	YGR121W-A	0.78266
2297	YGR176W	0.78265
2298	YMR242C	0.78261
2299	YOR312C	0.78261
2300	YNL088W	0.78259
2301	YGR066C	0.78258
2302	YMR099C	0.78257
2303	YBR227C	0.78256
2304	YOR290C	0.78255
2305	YIL169C	0.78254
2306	YCL017C	0.78253
2307	YJL190C	0.78252
2308	YIL099W	0.78251
2309	YDL177C	0.78251
2310	YDR362C	0.7825
2311	YMR169C	0.7825
2312	YPL098C	0.78243
2313	YNL129W	0.78238
2314	YGR094W	0.78235
2315	YDR517W	0.78233
2316	YGR009C	0.78233
2317	YNL149C	0.78232
2318	YNL107W	0.78232
2319	YDR044W	0.78222
2320	YIL010W	0.78222
2321	YKR079C	0.7822
2322	YAL003W	0.78214
2323	YDR111C	0.78212
2324	YNL302C	0.7821
2325	YBR055C	0.78209
2326	YLR389C	0.78206
2327	YKR048C	0.78204
2328	YKL209C	0.78199
2329	YDR169C-A	0.78194
2330	YGR288W	0.78193
2331	YIL030C	0.78187
2332	YDR032C	0.78185
2333	YGR268C	0.78184
2334	YDR193W	0.7818
2335	YLR399W-A	0.7818
2336	YBR015C	0.78166
2337	YDR483W	0.78166
2338	YOL092W	0.78166
2339	YOR335C	0.7816
2340	YDR269C	0.7816
2341	YNL083W	0.78155
2342	YJL062W	0.78153
2343	YDR215C	0.78151
2344	YIL033C	0.78149
2345	YGL235W	0.78144
2346	YOL037C	0.7814
2347	YER069W	0.78139
2348	YGR236C	0.78125
2349	YBR035C	0.78122
2350	YMR239C	0.78119
2351	YJL168C	0.78115
2352	YNR029C	0.78114
2353	YPR102C	0.78111
2354	YOR142W	0.78109
2355	YJR032W	0.78107
2356	YDL026W	0.78104
2357	YIL041W	0.781
2358	YIR017W-A	0.781
2359	YLL012W	0.78097
2360	YNL296W	0.78095
2361	YFL015C	0.78094
2362	YFL010W-A	0.78093
2363	YGL224C	0.7809
2364	YBR086C	0.78088
2365	YHR098C	0.78086
2366	YBR084W	0.78084
2367	YHR213W-B	0.78078
2368	YMR215W	0.78074
2369	YHR039C	0.78072
2370	YKL148C	0.78071
2371	YHR038W	0.7807
2372	YAR064W	0.78069
2373	YOL123W	0.78064
2374	YCL075W	0.78063
2375	YPL003W	0.78063
2376	YGL080W	0.78061
2377	YIL134W	0.78061
2378	YGR125W	0.78059
2379	YBR053C	0.78056
2380	YHR022C-A	0.78049
2381	YCR045C	0.78048
2382	YGL024W	0.78046
2383	YGR024C	0.78045
2384	YKL018C-A	0.78044
2385	YDR337W	0.78044
2386	YCL037C	0.7804
2387	YER170W	0.78033
2388	YNL191W	0.78033
2389	YGR051C	0.78029
2390	YOL113W	0.78028
2391	YCR084C	0.78028
2392	YJL036W	0.78026
2393	YCR005C	0.78025
2394	YHR207C	0.78023
2395	YHL002C-A	0.78022
2396	YHR202W	0.78018
2397	YPL262W	0.78017
2398	YHL013C	0.78013
2399	YDL163W	0.78011
2400	Q0105	0.78005
2401	YOL150C	0.78001
2402	YLR296W	0.77996
2403	YCR030C	0.77995
2404	YGL244W	0.77995
2405	YDL008W	0.77995
2406	YJR103W	0.77989
2407	YDR237W	0.77988
2408	YBR232C	0.77983
2409	YLR448W	0.77978
2410	YOR356W	0.77978
2411	YDR211W	0.77975
2412	YLR441C	0.77973
2413	YJR131W	0.77973
2414	YDL075W	0.77972
2415	YLR307W	0.77971
2416	YLR325C	0.7797
2417	YDL081C	0.77968
2418	YMR063W	0.77963
2419	YLR002C	0.77958
2420	YAR028W	0.77958
2421	YML081C-A	0.77957
2422	YJR118C	0.77956
2423	YIL142W	0.77952
2424	YHL031C	0.77951
2425	YPR172W	0.77951
2426	YLR345W	0.77949
2427	YJL053W	0.77948
2428	YBR237W	0.77948
2429	YBR174C	0.77946
2430	YNL321W	0.77943
2431	YFR005C	0.7794
2432	YGL241W	0.77938
2433	YLR013W	0.77938
2434	YLR210W	0.77937
2435	YCR007C	0.77936
2436	YDR064W	0.77932
2437	YER034W	0.77931
2438	YFL050C	0.77928
2439	YBR032W	0.77926
2440	YFL046W	0.77925
2441	YBR003W	0.77923
2442	YCR038C	0.7792
2443	YOL119C	0.77917
2444	YHL034W-A	0.77911
2445	YNL317W	0.77911
2446	YOL068C	0.7791
2447	YNL067W-B	0.77906
2448	YER119C-A	0.77903
2449	YPR077C	0.77903
2450	YNR040W	0.77899
2451	YGL004C	0.77898
2452	YEL050C	0.77898
2453	YJR078W	0.77897
2454	YNL292W	0.77897
2455	YGR241C	0.77895
2456	YBR052C	0.77894
2457	YDR170C	0.77892
2458	YNR038W	0.7789
2459	YER152C	0.77887
2460	YNL212W	0.77881
2461	YPL250W-A	0.77877
2462	YPR201W	0.77873
2463	YMR309C	0.7787
2464	YPR053C	0.7787
2465	YLR027C	0.77868
2466	YKR035C	0.77866
2467	YHR213W-A	0.77865
2468	YNL263C	0.77865
2469	YOL114C	0.77864
2470	YKR067W	0.77864
2471	YOR201C	0.77863
2472	YCL008C	0.77863
2473	YER182W	0.7786
2474	YIL161W	0.77859
2475	YHL004W	0.77856
2476	YMR049C	0.77851
2477	YEL047C	0.77843
2478	YHR016C	0.77841
2479	YDL198C	0.77837
2480	YKL221W	0.77833
2481	YBL044W	0.77831
2482	YJL142C	0.77831
2483	YGR254W	0.77822
2484	YPL214C	0.77821
2485	YPR167C	0.77821
2486	YOL145C	0.77818
2487	YIL156W-A	0.77812
2488	YKL031W	0.77809
2489	YOR198C	0.77808
2490	YNL043C	0.77807
2491	YBR231C	0.77806
2492	YNL104C	0.77804
2493	YER070W	0.77804
2494	YGL231C	0.77801
2495	YKL037W	0.77796
2496	YMR318C	0.77796
2497	YDR034W-B	0.77795
2498	YLR146C	0.77794
2499	YAL025C	0.77791
2500	YGR290W	0.77791
2501	YPL001W	0.77789
2502	YGR054W	0.77785
2503	YER172C	0.77781
2504	YOR099W	0.77781
2505	YGL154C	0.77781
2506	YCR002C	0.77779
2507	YCR050C	0.77776
2508	YBR103W	0.77775
2509	YHR090C	0.77774
2510	YKL167C	0.77773
2511	YIR020C-B	0.77773
2512	YOR022C	0.7777
2513	YJR137C	0.77768
2514	YDL159C-B	0.77768
2515	YDL138W	0.77767
2516	YNL042W-B	0.77763
2517	YPR064W	0.77762
2518	YOR181W	0.7776
2519	YAR031W	0.77759
2520	YER157W	0.77756
2521	YDL233W	0.77755
2522	YGR202C	0.77753
2523	YFR048W	0.77747
2524	YBR145W	0.77743
2525	YML086C	0.77739
2526	YNR075W	0.77737
2527	YGL049C	0.77736
2528	YGR073C	0.77733
2529	YLR179C	0.77733
2530	YKL103C	0.77731
2531	YHR215W	0.7773
2532	YJL096W	0.77728
2533	YBR041W	0.77728
2534	YHR134W	0.77724
2535	YPL138C	0.77722
2536	YKR060W	0.77721
2537	YDR395W	0.7772
2538	YER134C	0.77715
2539	YEL033W	0.77713
2540	YHR151C	0.77712
2541	YMR201C	0.77712
2542	YBR093C	0.7771
2543	YOR232W	0.77707
2544	YOR382W	0.77705
2545	YOR309C	0.77704
2546	YGR269W	0.77703
2547	YLR080W	0.77701
2548	YLR306W	0.77699
2549	YGR220C	0.77699
2550	YDL194W	0.77699
2551	YJL003W	0.77698
2552	YDL085W	0.77695
2553	YOR073W-A	0.77695
2554	YDR127W	0.77692
2555	YDR274C	0.7769
2556	YPL081W	0.7769
2557	YOR343C	0.77689
2558	YAL037C-B	0.77687
2559	YPL028W	0.77686
2560	YHR008C	0.77685
2561	YOR268C	0.77684
2562	YML030W	0.77683
2563	YDL143W	0.77676
2564	YMR245W	0.77675
2565	YOR146W	0.77671
2566	YLR446W	0.77668
2567	YLR406C	0.77667
2568	YLR112W	0.77665
2569	YBL056W	0.77665
2570	YJL137C	0.7766
2571	YHR085W	0.77659
2572	YFR006W	0.77656
2573	YIL007C	0.77655
2574	YOR391C	0.77655
2575	YNR016C	0.77653
2576	YDR171W	0.77653
2577	YGL089C	0.77653
2578	YMR149W	0.77651
2579	YDR284C	0.77646
2580	YAR071W	0.77646
2581	YFR044C	0.77646
2582	YHR039C-A	0.77642
2583	YKL197C	0.7764
2584	YDL165W	0.77639
2585	YKL144C	0.77639
2586	YHL048W	0.77635
2587	YLR335W	0.77632
2588	YBR126W-B	0.77631
2589	YDR324C	0.77628
2590	YJL154C	0.77624
2591	YPR114W	0.77622
2592	YLR012C	0.77621
2593	YDR320W-B	0.77621
2594	YMR007W	0.77618
2595	YDR060W	0.77617
2596	YGL050W	0.77616
2597	YFR050C	0.77614
2598	YHR174W	0.77609
2599	YCR107W	0.77604
2600	YMR103C	0.77603
2601	YLR086W	0.77601
2602	YDR379C-A	0.77601
2603	YGR169C	0.77599
2604	YNL069C	0.77599
2605	YLR438W	0.77595
2606	YDR050C	0.77593
2607	YOR357C	0.77592
2608	YER065C	0.77591
2609	YCL018W	0.77589
2610	YBR096W	0.77589
2611	YHR131W-A	0.77588
2612	YMR128W	0.77587
2613	YBL017C	0.77586
2614	YBR107C	0.7758
2615	YJL127C-B	0.77574
2616	YOR218C	0.77569
2617	YLR361C-A	0.77559
2618	YHL045W	0.77556
2619	YMR162C	0.77556
2620	YDL032W	0.77554
2621	YOR109W	0.77554
2622	YLR443W	0.77551
2623	YEL015W	0.77549
2624	YLR386W	0.77544
2625	YGR265W	0.77543
2626	YDR368W	0.77541
2627	YMR173W-A	0.77534
2628	YDR453C	0.77534
2629	YKL131W	0.77532
2630	YDL030W	0.77531
2631	YER187W	0.7753
2632	YPL047W	0.77523
2633	YGR062C	0.77517
2634	YNL180C	0.77515
2635	YEL029C	0.77514
2636	YOL157C	0.7751
2637	YER016W	0.77509
2638	YMR135W-A	0.77507
2639	YPL087W	0.77506
2640	YLR167W	0.77505
2641	YDR286C	0.77505
2642	YKR055W	0.77499
2643	YDL118W	0.77498
2644	YCL045C	0.77497
2645	YDR506C	0.77494
2646	YLL064C	0.77493
2647	YNR076W	0.77493
2648	YKL198C	0.77489
2649	YLR401C	0.77486
2650	YJL060W	0.77485
2651	YHL010C	0.77481
2652	YDR372C	0.77478
2653	YOR262W	0.77475
2654	YLR020C	0.77475
2655	YEL004W	0.77472
2656	YPL181W	0.77471
2657	YJR141W	0.77468
2658	YGL173C	0.77465
2659	YPL103C	0.77464
2660	YGL111W	0.77463
2661	YPL147W	0.77461
2662	YIL066C	0.77458
2663	YDR149C	0.77457
2664	YGR287C	0.77455
2665	YGL064C	0.77455
2666	YKL119C	0.77446
2667	YPR198W	0.77443
2668	YOL061W	0.77442
2669	YHR199C	0.77433
2670	YDR019C	0.77432
2671	YJL192C	0.77432
2672	YIL032C	0.77426
2673	YPR176C	0.77424
2674	YPR129W	0.77422
2675	YHR114W	0.7742
2676	YBR099C	0.77417
2677	YBR110W	0.77415
2678	YDR194C	0.77414
2679	YDL141W	0.77413
2680	YOL135C	0.7741
2681	YJL221C	0.77406
2682	YIL172C	0.77406
2683	YLR451W	0.77406
2684	YOR072W-A	0.77404
2685	YMR131C	0.77402
2686	YGR183C	0.774
2687	YDL101C	0.774
2688	YNL089C	0.77396
2689	YGL065C	0.77395
2690	YMR304W	0.77392
2691	YCR096C	0.77392
2692	YJL116C	0.77389
2693	YNL138W-A	0.77382
2694	YNL228W	0.77381
2695	YDR542W	0.77379
2696	YMR286W	0.77377
2697	YLR246W	0.77375
2698	YMR092C	0.77372
2699	YOR108W	0.77369
2700	YML073C	0.77369
2701	YBR062C	0.77368
2702	YDL017W	0.77367
2703	YLL048C	0.77365
2704	YOR274W	0.77365
2705	YLR125W	0.77364
2706	YKR041W	0.77361
2707	YDR187C	0.77357
2708	YCL038C	0.77356
2709	YPL231W	0.77354
2710	YDR492W	0.7735
2711	YLR085C	0.77346
2712	YDL207W	0.77344
2713	YBR277C	0.77336
2714	YDR296W	0.77334
2715	YDR142C	0.77332
2716	YCL050C	0.7733
2717	YKL069W	0.77329
2718	YBR151W	0.77329
2719	YER094C	0.77329
2720	YGR037C	0.77327
2721	YBR121C-A	0.77321
2722	YML019W	0.77321
2723	YBR192W	0.77321
2724	YDR107C	0.77318
2725	YGR101W	0.77313
2726	YFL054C	0.77311
2727	YIR041W	0.7731
2728	YER148W-A	0.77307
2729	YDL010W	0.773
2730	YLR250W	0.773
2731	YLR461W	0.77299
2732	YOR209C	0.77295
2733	YKL006C-A	0.77295
2734	YGR027C	0.77295
2735	YMR325W	0.77294
2736	YIL125W	0.77293
2737	YOL011W	0.77293
2738	YDR441C	0.7729
2739	YIL057C	0.77288
2740	YPR010C-A	0.77287
2741	YOL038C-A	0.77283
2742	YOR118W	0.77281
2743	YML131W	0.77279
2744	YKL091C	0.77275
2745	YLL001W	0.77275
2746	YGL123C-A	0.77274
2747	YLR037C	0.77273
2748	YHR165W-A	0.7727
2749	YLR359W	0.77268
2750	YML122C	0.77268
2751	YBR230W-A	0.77263
2752	YGR186W	0.77262
2753	YLR362W	0.7726
2754	YAL046C	0.77247
2755	YGR190C	0.77247
2756	YHR194W	0.77244
2757	YCR104W	0.77243
2758	YKL151C	0.77241
2759	YIL046W	0.7724
2760	YDR061W	0.77236
2761	YKL202W	0.77232
2762	YJL156W-A	0.77232
2763	YHR032C-A	0.77225
2764	YMR244W	0.77224
2765	YOR050C	0.77224
2766	YGR209C	0.77224
2767	YPL271W	0.77223
2768	YBR288C	0.77221
2769	YPL233W	0.77219
2770	YOR316C	0.77212
2771	YGR145W	0.77211
2772	YER136W	0.77207
2773	YMR086C-A	0.77201
2774	YLR021W	0.772
2775	YMR213W	0.77198
2776	YJR107W	0.77198
2777	YER076C	0.77195
2778	YKL070W	0.77191
2779	YJL045W	0.7719
2780	YGR189C	0.77187
2781	YBL106C	0.77187
2782	YEL071W	0.77183
2783	YCL041C	0.7718
2784	YDR097C	0.77179
2785	YJL074C	0.77177
2786	YPL280W	0.77176
2787	YJL041W	0.77162
2788	YBR251W	0.77162
2789	YML031W	0.77161
2790	YMR143W	0.7716
2791	YDL083C	0.7716
2792	YIL054W	0.77158
2793	YBR001C	0.77158
2794	YFR021W	0.77156
2795	YPR023C	0.77154
2796	YDL068W	0.77152
2797	YKL087C	0.7715
2798	YOL127W	0.77145
2799	YOR387C	0.77138
2800	YNL097C-B	0.77137
2801	YDR442W	0.77136
2802	YML028W	0.77135
2803	YHR074W	0.77133
2804	YAL068C	0.77129
2805	YBL108C-A	0.77129
2806	YGL261C	0.77129
2807	YHR028W-A	0.77127
2808	YPL080C	0.77127
2809	YGL199C	0.77126
2810	YNL150W	0.77126
2811	YGR012W	0.77125
2812	YGR036C	0.77124
2813	YNL329C	0.77124
2814	YOR052C	0.77124
2815	YLR452C	0.77122
2816	YGL003C	0.7712
2817	YOR034C-A	0.77118
2818	YLR405W	0.77114
2819	YLL025W	0.77112
2820	YDR452W	0.77108
2821	YMR322C	0.77105
2822	YPR162C	0.771
2823	YNL003C	0.771
2824	YOR176W	0.77098
2825	YKL137W	0.77097
2826	YLR140W	0.77096
2827	YMR170C	0.77092
2828	YDL015C	0.77089
2829	YCL023C	0.77089
2830	YIR044C	0.77088
2831	YHL048C-A	0.77088
2832	YGL143C	0.77083
2833	YIL059C	0.77083
2834	YBR244W	0.77082
2835	YHR095W	0.77075
2836	YIR019C	0.77074
2837	YMR088C	0.77073
2838	YGL216W	0.77073
2839	YLR412C-A	0.77072
2840	YCR086W	0.77071
2841	YOR244W	0.77069
2842	YLR415C	0.77066
2843	YKL224C	0.77066
2844	YCL049C	0.77065
2845	YHR054C-B	0.77061
2846	YHR052C-B	0.77061
2847	YLR357W	0.7706
2848	YDR298C	0.77058
2849	YKL211C	0.77049
2850	YAL048C	0.77046
2851	YHR029C	0.77043
2852	YER014W	0.77042
2853	YMR269W	0.77041
2854	YKR075W-A	0.7704
2855	YOL140W	0.7703
2856	YKL156C-A	0.77029
2857	YJL160C	0.77028
2858	YDR175C	0.77025
2859	YLR178C	0.77022
2860	YHR046C	0.77022
2861	YPL184C	0.7702
2862	YDR161W	0.7702
2863	YOR161W-A	0.77018
2864	YDR178W	0.77012
2865	YLR333C	0.77008
2866	YCR025C	0.77008
2867	YNR054C	0.76993
2868	YPL112C	0.76991
2869	YJL152W	0.7699
2870	YIL067C	0.76983
2871	YGL258W	0.76983
2872	YBR056W	0.76982
2873	YKL182W	0.7698
2874	YBR208C	0.7698
2875	YAR050W	0.76977
2876	YCR102C	0.76975
2877	YPR124W	0.76973
2878	YPL044C	0.76973
2879	YCL058W-A	0.76973
2880	YIL134C-A	0.76969
2881	YBL058W	0.76968
2882	YDR360W	0.76966
2883	YDL151C	0.76965
2884	YOR377W	0.76965
2885	YLR056W	0.76963
2886	YIL102C	0.7696
2887	YJR088C	0.76958
2888	YDR522C	0.76956
2889	YBR103C-A	0.76956
2890	YIL176C	0.76952
2891	YJL223C	0.76952
2892	YPR127W	0.7695
2893	YOR200W	0.76949
2894	Q0085	0.76949
2895	YHR176W	0.76948
2896	YCL054W	0.76946
2897	YKL077W	0.76944
2898	YOL161C	0.76938
2899	YOL027C	0.76937
2900	YOR135C	0.76933
2901	YGR087C	0.76928
2902	YLR083C	0.76928
2903	YLR382C	0.76926
2904	YMR253C	0.76926
2905	YHL046C	0.76922
2906	YLR154C-G	0.76915
2907	YJL088W	0.76906
2908	YFL062W	0.76905
2909	YOL086C	0.76904
2910	YDR253C	0.76903
2911	YIL039W	0.76901
2912	YOR296W	0.76901
2913	YOR095C	0.76898
2914	YOR267C	0.76898
2915	YJL081C	0.76897
2916	YCR044C	0.76891
2917	YMR008C-A	0.76888
2918	YNR032C-A	0.76885
2919	YCL001W-B	0.76885
2920	YHR208W	0.76877
2921	YMR158W-B	0.76877
2922	YNL037C	0.76876
2923	YDL063C	0.76874
2924	Q0142	0.76868
2925	YCL007C	0.76867
2926	YDL161W	0.76865
2927	YHR178W	0.76865
2928	YFL003C	0.76864
2929	YKL053W	0.76863
2930	YDL109C	0.76858
2931	YDL042C	0.76855
2932	YOR065W	0.76849
2933	YGL204C	0.76845
2934	YIL089W	0.76844
2935	YIR017C	0.76843
2936	YBR274W	0.7684
2937	YNL261W	0.76839
2938	YGL238W	0.76834
2939	YNL247W	0.76834
2940	YEL076C-A	0.7683
2941	YLR464W	0.7683
2942	YIL138C	0.76828
2943	YJL042W	0.76825
2944	YBR162C	0.76824
2945	YIL091C	0.76821
2946	YOR275C	0.76819
2947	YBL095W	0.76816
2948	YDR344C	0.76816
2949	YEL076C	0.76815
2950	YEL055C	0.76815
2951	YDR347W	0.7681
2952	YDL004W	0.7681
2953	YPL082C	0.76807
2954	YGR292W	0.76805
2955	YOR100C	0.76792
2956	YGL018C	0.7679
2957	YHL019W-A	0.7679
2958	YJL078C	0.76788
2959	YDL154W	0.76787
2960	YBL055C	0.76786
2961	YPL114W	0.76784
2962	YPL056C	0.76779
2963	YJL184W	0.76778
2964	YOR072W	0.76773
2965	YLR455W	0.76772
2966	YKL172W	0.76766
2967	YHL039W	0.76766
2968	YBR166C	0.76765
2969	YEL042W	0.76759
2970	YMR104C	0.76755
2971	YHL006W-A	0.76752
2972	YFL010C	0.7675
2973	YKR052C	0.76749
2974	YMR324C	0.76747
2975	YCL002C	0.76747
2976	YDL157C	0.76741
2977	YGR294W	0.76734
2978	YBL001C	0.76734
2979	YNL062C	0.76733
2980	YNR075C-A	0.76733
2981	YOR059C	0.76731
2982	YLR175W	0.76731
2983	YGR199W	0.76728
2984	YLR154W-B	0.76725
2985	YAR029W	0.76725
2986	YNL336W	0.76724
2987	YLR380W	0.76718
2988	YBR189W	0.76714
2989	YHR060W	0.76714
2990	YOR229W	0.76711
2991	YKL188C	0.76709
2992	YJL169W	0.76707
2993	YPR166C	0.76707
2994	YBR209W	0.76703
2995	YPL037C	0.76702
2996	YFR052C-A	0.76693
2997	YGL152C	0.76681
2998	YMR076C	0.7668
2999	YPL140C	0.76669
3000	YIL028W	0.76659
3001	YOR210W	0.76656
3002	YDL090C	0.76654
3003	YDR370C	0.76654
3004	YNL017C	0.7665
3005	YGL102C	0.7665
3006	YBR213W	0.76649
3007	YER165C-A	0.76647
3008	YLR120W-A	0.7664
3009	YLR379W-A	0.76639
3010	YMR229C	0.76635
3011	YOR241W	0.76634
3012	YBR175W	0.76633
3013	YGL114W	0.76631
3014	YJL222W	0.76627
3015	YLR111W	0.76626
3016	YKR070W	0.76625
3017	YBR299W	0.76622
3018	YBR005W	0.76621
3019	YNL192W	0.76619
3020	YBR024W	0.76616
3021	YLR343W	0.76612
3022	YFL064C	0.76609
3023	YGL129C	0.76609
3024	YMR315W-A	0.76608
3025	YGR177C	0.76608
3026	YNR021W	0.76606
3027	YKL183C-A	0.76606
3028	YLR212C	0.76606
3029	YJR035W	0.76605
3030	YEL067C	0.76602
3031	YPR154W	0.76598
3032	YNL173C	0.76594
3033	YKR056W	0.76591
3034	YLR075W	0.7659
3035	YPL064C	0.7659
3036	YJR005W	0.76589
3037	YEL030C-A	0.76589
3038	YFR012W-A	0.76587
3039	YDR079C-A	0.76586
3040	YJL125C	0.76586
3041	YLR264C-A	0.76583
3042	YBR297W	0.7657
3043	YBR207W	0.76569
3044	YER074W	0.76564
3045	YIL069C	0.76564
3046	YJL158C	0.76563
3047	YLR262C-A	0.76562
3048	YBR301W	0.76562
3049	YLR460C	0.76559
3050	YIL173W	0.76557
3051	YHR112C	0.76556
3052	YCR105W	0.76554
3053	YDL238C	0.76552
3054	YIR021W	0.76548
3055	YFR045W	0.76542
3056	YHR049W	0.76541
3057	YOL052C	0.76538
3058	YJL025W	0.76532
3059	YDR250C	0.76531
3060	YBR046C	0.76529
3061	YDR415C	0.76526
3062	YGL148W	0.76526
3063	YKL222C	0.76525
3064	YJR135W-A	0.76524
3065	YHR010W	0.76522
3066	YDL187C	0.76518
3067	YGR010W	0.76514
3068	YFR030W	0.76508
3069	YEL049W	0.76508
3070	YNL049C	0.76502
3071	YDR330W	0.765
3072	YJR151C	0.76499
3073	YDR512C	0.76496
3074	YNL137C	0.76494
3075	YOR203W	0.76492
3076	YKL073W	0.76492
3077	YCL046W	0.76488
3078	YDR052C	0.76485
3079	YOL115W	0.76482
3080	YDR322C-A	0.7648
3081	YPL198W	0.76479
3082	YOL096C	0.76478
3083	YBR149W	0.76476
3084	YBR278W	0.76476
3085	YMR323W	0.7647
3086	YGR080W	0.7647
3087	YPL025C	0.76467
3088	YJL026C-A	0.76467
3089	YAL012W	0.76464
3090	YFL030W	0.76464
3091	YPL008W	0.76464
3092	YHR188C	0.76464
3093	YPL164C	0.76463
3094	YGL161C	0.7646
3095	YPL194W	0.76457
3096	YPL281C	0.76456
3097	YOR393W	0.76456
3098	YOR008W-B	0.76455
3099	YIL079C	0.76448
3100	YIL073C	0.76448
3101	YPL227C	0.76447
3102	YHR126C	0.76442
3103	YNL082W	0.7644
3104	YLL019W-A	0.76434
3105	YNR012W	0.76432
3106	YAL034W-A	0.76428
3107	YPR096C	0.76424
3108	YGR031C-A	0.76424
3109	YGL237C	0.76423
3110	YPL173W	0.76423
3111	YNL146C-A	0.76421
3112	YEL018C-A	0.76417
3113	YJR112W	0.76415
3114	YBR302C	0.76415
3115	YML132W	0.76415
3116	YMR182W-A	0.76414
3117	YER053C-A	0.76411
3118	YKL102C	0.7641
3119	YAL063C	0.76409
3120	YPL277C	0.76407
3121	YEL048C	0.76406
3122	YFL020C	0.76399
3123	YHR115C	0.76399
3124	YDR308C	0.76393
3125	YNR001W-A	0.76389
3126	YPL210C	0.76387
3127	YGR136W	0.76387
3128	YIR030W-A	0.76386
3129	YOR390W	0.76385
3130	YOL042W	0.76383
3131	YMR294W-A	0.76383
3132	YGR133W	0.76381
3133	YCR079W	0.76375
3134	YIR038C	0.76373
3135	YPR108W-A	0.7637
3136	YNL106C	0.76363
3137	YHR104W	0.76362
3138	YJR128W	0.76359
3139	YEL002C	0.76359
3140	YDR471W	0.76354
3141	YKL075C	0.76353
3142	YDR073W	0.76353
3143	YNL086W	0.76349
3144	YBR056W-A	0.76349
3145	YML127W	0.76348
3146	YDR302W	0.76348
3147	YLL038C	0.76345
3148	YDR510C-A	0.76343
3149	YOR020W-A	0.7634
3150	YPL243W	0.76337
3151	YLR300W	0.76336
3152	YGL185C	0.76335
3153	YDR432W	0.76334
3154	YNL140C	0.76332
3155	YPL192C	0.76329
3156	YHR139C	0.76328
3157	YNL299W	0.76324
3158	YEL073C	0.7632
3159	YDR182W	0.76307
3160	YJL140W	0.76306
3161	YGL258W-A	0.76301
3162	YER079C-A	0.76301
3163	YBR226C	0.763
3164	YGL082W	0.76293
3165	YLR304C	0.76293
3166	YDR526C	0.76293
3167	YML121W	0.76289
3168	YDR405W	0.76283
3169	YCR073C	0.76279
3170	YDR287W	0.76277
3171	YNL239W	0.76277
3172	YGL076C	0.76275
3173	YNR030W	0.76272
3174	YNL025C	0.76272
3175	YDR018C	0.76272
3176	YCR052W	0.76272
3177	YJL163C	0.76272
3178	YCR100C	0.7627
3179	YBR153W	0.7627
3180	YIL151C	0.76269
3181	YNR033W	0.76268
3182	YKR042W	0.76262
3183	YBR266C	0.76258
3184	YER188W	0.76253
3185	YPR032W	0.76246
3186	YFR047C	0.76238
3187	YIL083C	0.76235
3188	YHL022C	0.76231
3189	YGR257C	0.76224
3190	YDL085C-A	0.7622
3191	YKL194C	0.7622
3192	YKR049C	0.76216
3193	YEL045C	0.76215
3194	YPR057W	0.76214
3195	YIL021C-A	0.76214
3196	YNL219C	0.7621
3197	YOL023W	0.76209
3198	YOL098C	0.76202
3199	YHR072W-A	0.76199
3200	YER117W	0.76192
3201	YBL087C	0.76192
3202	YBR126W-A	0.76192
3203	YHL049C	0.76192
3204	YGL164C	0.76191
3205	YMR038C	0.76183
3206	YDR095C	0.76183
3207	YKR076W	0.76183
3208	YIL128W	0.76181
3209	YLR025W	0.76179
3210	YDR325W	0.76179
3211	YPR137W	0.76176
3212	YOR364W	0.76168
3213	YAR035C-A	0.76167
3214	YGL112C	0.76164
3215	YKR063C	0.76164
3216	YMR227C	0.76162
3217	YPR116W	0.76156
3218	YOL111C	0.76153
3219	YMR291W	0.76152
3220	YPR063C	0.76151
3221	YPL215W	0.76151
3222	YGL109W	0.76149
3223	YMR254C	0.7614
3224	YPL083C	0.76137
3225	YPL045W	0.76131
3226	YAL055W	0.76131
3227	YIL175W	0.7613
3228	YJL222W-B	0.7613
3229	YIL133C	0.76128
3230	YNL269W	0.76128
3231	YCR092C	0.76128
3232	YFR020W	0.76125
3233	YER051W	0.76125
3234	YNL178W	0.76119
3235	YGL028C	0.76118
3236	YNL310C	0.76112
3237	YGL063C-A	0.76111
3238	YOR130C	0.76107
3239	Q0297	0.76107
3240	YLR231C	0.76105
3241	YCR081C-A	0.76104
3242	YJR114W	0.76103
3243	YNL004W	0.761
3244	YNL286W	0.761
3245	YPR036W	0.76098
3246	YDL209C	0.76098
3247	YDR338C	0.76095
3248	YPR130C	0.76093
3249	YPL279C	0.76081
3250	YHR100C	0.76078
3251	YLR266C	0.76077
3252	YJL047C	0.76076
3253	YDR496C	0.76072
3254	YCL016C	0.76072
3255	YMR303C	0.76071
3256	YBR268W	0.76062
3257	YLR385C	0.76061
3258	YMR096W	0.7606
3259	YBR273C	0.76058
3260	YKL123W	0.76056
3261	YDR288W	0.76054
3262	YCR071C	0.76048
3263	YNL066W	0.76042
3264	YHR164C	0.76042
3265	YHR113W	0.76039
3266	YIL087C	0.76038
3267	YLR285W	0.76038
3268	YOR272W	0.76025
3269	YMR105W-A	0.7602
3270	YKL179C	0.76019
3271	YPL251W	0.76018
3272	YHR067W	0.76015
3273	YPL171C	0.76015
3274	YOR374W	0.76012
3275	YHR179W	0.76011
3276	YNL101W	0.76009
3277	YIR043C	0.76008
3278	YHL007C	0.75998
3279	YBR233W	0.75995
3280	YGL246C	0.75995
3281	YOR173W	0.7599
3282	YPL088W	0.75989
3283	YGL239C	0.75988
3284	YLR444C	0.75985
3285	YJL194W	0.75984
3286	YOL051W	0.75983
3287	YJR067C	0.75981
3288	YLL002W	0.75976
3289	YGR227C-A	0.75976
3290	YOR286W	0.75971
3291	YGL260W	0.7597
3292	YPL086C	0.75969
3293	YMR102C	0.75965
3294	YKL206C	0.75964
3295	YOL026C	0.75963
3296	YHR002W	0.7596
3297	YKL193C	0.75958
3298	YDR523C	0.75954
3299	YBR134W	0.75954
3300	YER019C-A	0.75953
3301	YLR105C	0.75952
3302	YJR147W	0.75944
3303	YJR075W	0.75943
3304	YKL076C	0.75942
3305	YJR120W	0.75942
3306	YDL191W	0.75937
3307	YDL136W	0.75937
3308	YHR204W	0.75934
3309	YNL045W	0.7593
3310	YBR111C	0.7593
3311	YCR088W	0.7593
3312	YBR085C-A	0.75928
3313	YLR319C	0.75925
3314	YER046W-A	0.75924
3315	YLR184W	0.75919
3316	YKR104W	0.75916
3317	YKL058W	0.75915
3318	YNL277W-A	0.75913
3319	R0020C	0.75912
3320	YAL042C-A	0.75911
3321	YOL013W-A	0.75911
3322	YPL097W	0.75911
3323	YER115C	0.75909
3324	YDL195W	0.75909
3325	YIL011W	0.75907
3326	YML034C-A	0.75906
3327	YLR172C	0.75906
3328	YER010C	0.75898
3329	YGL179C	0.75898
3330	YML011C	0.75897
3331	YLR317W	0.75894
3332	YER088W-B	0.75894
3333	YOR212W	0.75894
3334	YBL037W	0.75893
3335	YDR518W	0.75892
3336	YBR111W-A	0.75891
3337	YPL205C	0.7589
3338	YHL015W-A	0.75888
3339	YBR247C	0.75887
3340	YPL225W	0.75886
3341	YOR120W	0.75885
3342	YDL150W	0.7588
3343	YGL121C	0.75878
3344	YLR014C	0.75877
3345	YGL250W	0.75874
3346	YMR193W	0.75873
3347	YMR097C	0.75871
3348	YLR365W	0.75868
3349	YIL115W-A	0.75868
3350	YPL090C	0.75866
3351	YBR181C	0.75866
3352	YHR206W	0.75847
3353	YPL182C	0.75842
3354	YBR089W	0.75841
3355	YGL259W	0.75831
3356	YLR430W	0.75829
3357	YOR389W	0.75828
3358	YDR154C	0.75827
3359	YER066W	0.75823
3360	YDL019C	0.75821
3361	YJR023C	0.75818
3362	YER123W	0.75817
3363	YGR193C	0.75814
3364	YOR010C	0.75814
3365	YOR057W	0.75813
3366	YLR416C	0.7581
3367	YNL015W	0.75808
3368	YPR177C	0.75808
3369	YDR122W	0.75807
3370	YDL062W	0.75804
3371	YDL066W	0.75802
3372	YHR211W	0.758
3373	YHR120W	0.758
3374	YPR105C	0.75798
3375	YDL130W	0.75797
3376	YLR274W	0.75795
3377	YKL177W	0.75787
3378	YPL135C-A	0.75781
3379	YLR150W	0.75767
3380	YIL038C	0.75765
3381	YHR118C	0.75765
3382	YIL123W	0.7576
3383	YAL045C	0.75758
3384	YKL006W	0.75757
3385	YMR233W	0.75754
3386	YNL216W	0.75751
3387	YHR171W	0.7575
3388	YOR307C	0.75749
3389	YIL174W	0.75746
3390	YJL222W-A	0.75746
3391	YPL101W	0.75745
3392	YCL012C	0.75744
3393	YAL067W-A	0.7574
3394	YNL160W	0.75739
3395	YGR102C	0.7573
3396	YBL098W	0.7573
3397	YGR157W	0.75728
3398	YAL014C	0.75725
3399	YLR122C	0.75723
3400	YKL100C	0.75718
3401	YFR034C	0.75712
3402	YBR255C-A	0.7571
3403	YDR163W	0.75709
3404	YDL231C	0.75706
3405	YKL049C	0.75706
3406	YNL273W	0.75705
3407	YBR144C	0.75705
3408	YOR330C	0.75705
3409	YDR524W-C	0.75703
3410	YMR272W-A	0.75702
3411	YNL251C	0.75699
3412	YPR018W	0.75698
3413	YNL141W	0.75696
3414	YNL294C	0.75696
3415	YPL190C	0.75695
3416	YBR253W	0.75692
3417	YOL108C	0.75687
3418	YHL001W	0.75687
3419	YPR002W	0.75686
3420	YER107W-A	0.75686
3421	YBR116C	0.75685
3422	YNR003W-A	0.75681
3423	YMR155W	0.75681
3424	YDL215C	0.75679
3425	YEL059W	0.75678
3426	YFR001W	0.75677
3427	YPL224C	0.75673
3428	YML009C	0.75671
3429	YER035W	0.7567
3430	YIL113W	0.7567
3431	YMR157C	0.75661
3432	YNL169C	0.75661
3433	YHR007C-A	0.75655
3434	YNL306W	0.75649
3435	YER145C-A	0.75649
3436	YAL033W	0.75647
3437	YNL116W	0.75645
3438	YOL054W	0.75642
3439	YLR419W	0.75641
3440	YDL232W	0.75636
3441	YJR057W	0.75631
3442	YPL183C	0.75631
3443	YAL064W	0.75627
3444	YIL140W	0.75625
3445	YBR298C-A	0.75625
3446	YNL009W	0.7562
3447	YPL038W	0.75618
3448	YBL033C	0.75616
3449	YHR139C-A	0.75613
3450	YDR133C	0.75605
3451	YDL148C	0.75601
3452	YGL083W	0.75595
3453	YDR346C	0.75593
3454	YLL037W	0.75592
3455	YDR311W	0.75585
3456	YOR291W	0.75582
3457	YJL215C	0.75576
3458	YMR013C-A	0.75575
3459	YML070W	0.75574
3460	YNL298W	0.75573
3461	YDR306C	0.75572
3462	YER080W	0.75571
3463	YIL164C	0.75571
3464	YOL039W	0.75569
3465	YOR299W	0.75559
3466	YPL209C	0.75554
3467	YDR266C	0.75554
3468	YNL206C	0.75552
3469	YNL174W	0.75551
3470	YNL040W	0.75549
3471	YJR022W	0.75543
3472	YIL147C	0.75542
3473	YNR067C	0.75542
3474	YER058W	0.7554
3475	YLL046C	0.75538
3476	YFR013W	0.75538
3477	YKL219W	0.75535
3478	YDL171C	0.75533
3479	YOR132W	0.75531
3480	YPL172C	0.75526
3481	YHL008C	0.75525
3482	YCR102W-A	0.75525
3483	YDL003W	0.75512
3484	YGL110C	0.75512
3485	YNL227C	0.75512
3486	YPR196W	0.75511
3487	YGL144C	0.7551
3488	YGL217C	0.7551
3489	YMR082C	0.75509
3490	YPL022W	0.75506
3491	YKL036C	0.75504
3492	YBR200W-A	0.75504
3493	YOR376W	0.75501
3494	YHR056W-A	0.75498
3495	YDR538W	0.75496
3496	YGL045W	0.75493
3497	YNL097C	0.7549
3498	YML130C	0.75488
3499	YKL019W	0.75482
3500	YOR316C-A	0.75479
3501	YLR323C	0.75478
3502	YLR269C	0.75478
3503	YOL102C	0.75475
3504	YML048W	0.75473
3505	YBL083C	0.75471
3506	YHL014C	0.75464
3507	YFR027W	0.75464
3508	YLR361C	0.75463
3509	YOR141C	0.75458
3510	YMR119W-A	0.75457
3511	YDR427W	0.75456
3512	YOR014W	0.75455
3513	YDL175C	0.75438
3514	YPL063W	0.75437
3515	YKR102W	0.75435
3516	YLR106C	0.75432
3517	YDR132C	0.7543
3518	YER042W	0.75429
3519	YDL221W	0.75429
3520	YIL058W	0.75428
3521	YDR472W	0.75425
3522	YKL173W	0.75423
3523	YJL203W	0.75423
3524	YGR174W-A	0.7542
3525	YPL133C	0.75418
3526	YGL156W	0.75416
3527	YHR077C	0.75414
3528	YBR141W-A	0.75413
3529	YDR257C	0.75412
3530	YDL022C-A	0.75411
3531	YHR133C	0.75406
3532	YHR180W	0.75404
3533	YJR148W	0.75403
3534	YNR037C	0.75402
3535	YCR041W	0.75397
3536	YNL193W	0.75394
3537	YKL056C	0.75392
3538	YLR379W	0.75392
3539	YJL183W	0.75389
3540	YER049W	0.75384
3541	YBR200W	0.75383
3542	YOR353C	0.75379
3543	YIR020C	0.75378
3544	YAL001C	0.75378
3545	YPL073C	0.75378
3546	YEL053C	0.75373
3547	YMR295C	0.75372
3548	YHR198C	0.75369
3549	YIL100W	0.75364
3550	YLR206W	0.7536
3551	YLR427W	0.75359
3552	YPL084W	0.75358
3553	YMR194W	0.75358
3554	YGR235C	0.75356
3555	YGR116W	0.75354
3556	YBR125C	0.75348
3557	YPL249C	0.75347
3558	YDR079W	0.75344
3559	YDL037C	0.75343
3560	YGR166W	0.75341
3561	YHR037W	0.75341
3562	YDR320C-A	0.75334
3563	YOL128C	0.7533
3564	YLR068W	0.7533
3565	YBR059C	0.75328
3566	YOR035C	0.75316
3567	YER083C	0.75313
3568	YCR064C	0.75302
3569	YOR258W	0.75301
3570	YPR195C	0.75298
3571	YPR136C	0.75293
3572	YMR247W-A	0.75291
3573	YFL051C	0.7528
3574	YML120C	0.75278
3575	YLR071C	0.75277
3576	YKL026C	0.75273
3577	YHR166C	0.75269
3578	YFR002W	0.75263
3579	YHR209W	0.7526
3580	YDR087C	0.75259
3581	YNL092W	0.75257
3582	YJR052W	0.75257
3583	YBL072C	0.75257
3584	YER102W	0.75257
3585	YIL051C	0.75252
3586	YIL100C-A	0.7525
3587	YML116W-A	0.7525
3588	YHR073W-A	0.7525
3589	YOR184W	0.75247
3590	YML118W	0.75246
3591	YIR040C	0.75246
3592	YDR189W	0.75243
3593	YMR028W	0.75236
3594	YMR152W	0.75232
3595	YLR116W	0.7523
3596	YOR108C-A	0.7523
3597	YIL150C	0.75225
3598	YHR053C	0.75221
3599	YHR055C	0.75221
3600	YJL022W	0.75219
3601	YLR015W	0.75218
3602	YNL283C	0.75217
3603	YNL020C	0.75216
3604	YHR172W	0.75212
3605	YKL007W	0.75209
3606	YFR025C	0.75208
3607	YPR016W-A	0.75208
3608	YIL131C	0.75207
3609	YGR259C	0.75206
3610	YPR135W	0.75203
3611	YGR001C	0.75202
3612	YHR086W	0.75201
3613	YHR081W	0.75199
3614	YCR053W	0.75194
3615	YBR060C	0.75191
3616	YLR154W-F	0.7519
3617	YNL036W	0.75188
3618	YIR027C	0.75187
3619	YDR314C	0.75183
3620	YAL034C-B	0.75179
3621	YGR169C-A	0.75174
3622	YCR063W	0.7517
3623	YER014C-A	0.7517
3624	YLR248W	0.75169
3625	YHR024C	0.75156
3626	YDR025W	0.75151
3627	YBR048W	0.75151
3628	YMR039C	0.75151
3629	YEL036C	0.7515
3630	YDL196W	0.75147
3631	YMR261C	0.75143
3632	YBR199W	0.7514
3633	YPR119W	0.7514
3634	YMR005W	0.75137
3635	YDR168W	0.75132
3636	YPL009C	0.75132
3637	YHR150W	0.75132
3638	YPL019C	0.75128
3639	YPL249C-A	0.75127
3640	YBL012C	0.75126
3641	YOR363C	0.75126
3642	YDR126W	0.75124
3643	YNL252C	0.75123
3644	YAL059W	0.75122
3645	YDL104C	0.75118
3646	YAL015C	0.75111
3647	YPR091C	0.75109
3648	YGL118C	0.75105
3649	YNR035C	0.75103
3650	YKL055C	0.75096
3651	YOR314W-A	0.75089
3652	YGR111W	0.75088
3653	YLR070C	0.75088
3654	YGL052W	0.75087
3655	YJL005W	0.75086
3656	YDR010C	0.75086
3657	YLR388W	0.75076
3658	YMR001C-A	0.75075
3659	YLR115W	0.75071
3660	YLR302C	0.7507
3661	YNL308C	0.75069
3662	YBL069W	0.75068
3663	YBR094W	0.75066
3664	YPR118W	0.75066
3665	YJL077W-B	0.75064
3666	YJL129C	0.75063
3667	YCL026C-A	0.75062
3668	YNL316C	0.75051
3669	YMR208W	0.75046
3670	YER172C-A	0.75044
3671	YFR056C	0.75037
3672	YKL100W-A	0.75037
3673	YKL115C	0.75035
3674	YGR261C	0.75031
3675	YGL155W	0.75026
3676	YIR011C	0.75023
3677	YPR187W	0.75021
3678	YDR230W	0.75017
3679	YMR316W	0.75017
3680	YCL076W	0.75016
3681	YDR110W	0.75012
3682	YKL150W	0.75011
3683	YJL135W	0.75007
3684	YLR077W	0.75006
3685	YDR241W	0.75005
3686	YPL108W	0.75002
3687	YKL018W	0.75001
3688	YMR150C	0.75
3689	YOR106W	0.75
3690	YGL027C	0.74999
3691	YGL098W	0.74998
3692	YER011W	0.74996
3693	YGR206W	0.74993
3694	YNL327W	0.74991
3695	YHR072W	0.74986
3696	YPL152W	0.74984
3697	YIR018C-A	0.74983
3698	YPR160C-A	0.74981
3699	YKL192C	0.74978
3700	YMR200W	0.74975
3701	YBR061C	0.74974
3702	YIL061C	0.74974
3703	YOL014W	0.74974
3704	YJR008W	0.74973
3705	YEL008W	0.74972
3706	YLR387C	0.7497
3707	YKL066W	0.74963
3708	YCL004W	0.74961
3709	YDR234W	0.74961
3710	YOR248W	0.7496
3711	YNL177C	0.74959
3712	YPL183W-A	0.74959
3713	YML095C	0.74957
3714	YLR164W	0.7495
3715	YDR173C	0.74945
3716	YCR093W	0.74945
3717	YDR316W	0.74943
3718	YGR112W	0.74942
3719	YGL187C	0.74941
3720	YJR079W	0.74941
3721	YOL010W	0.74941
3722	YCR014C	0.7494
3723	YIL002C	0.7494
3724	YOR183W	0.74938
3725	YEL008C-A	0.74938
3726	YPL100W	0.74936
3727	YDR026C	0.74932
3728	YER067W	0.74929
3729	YHR076W	0.74926
3730	YOL144W	0.74916
3731	YMR251W-A	0.74916
3732	YER023C-A	0.74913
3733	YLR154W-A	0.74912
3734	YPR159W	0.74907
3735	YOR154W	0.74906
3736	YGR270C-A	0.74906
3737	YBL064C	0.74903
3738	YOL126C	0.74902
3739	YEL012W	0.749
3740	YLR368W	0.74899
3741	YJL188C	0.74885
3742	YBR067C	0.74883
3743	YIL012W	0.74883
3744	YIL029W-A	0.74883
3745	YJL062W-A	0.74876
3746	YLR047C	0.74874
3747	YGL226W	0.74869
3748	YML100W	0.74863
3749	YDR293C	0.74863
3750	YOL083C-A	0.74852
3751	YOR060C	0.74845
3752	YLR103C	0.74844
3753	YNR023W	0.74841
3754	YAR060C	0.74839
3755	YHR212C	0.74839
3756	YDL054C	0.74838
3757	YOR072W-B	0.74835
3758	YLL059C	0.74834
3759	YMR234W	0.74827
3760	YLR128W	0.74826
3761	YDR444W	0.74826
3762	YDR114C	0.74817
3763	YLR089C	0.74816
3764	YNR005C	0.74816
3765	YHR086W-A	0.74816
3766	YBL047C	0.74813
3767	YLR286W-A	0.74807
3768	YLL006W	0.74806
3769	YLR375W	0.74799
3770	YNL085W	0.74798
3771	YPL247C	0.74796
3772	YGR217W	0.74795
3773	YKL044W	0.74794
3774	YLR123C	0.74793
3775	YGR068C	0.74792
3776	YKR074W	0.74789
3777	YHR083W	0.74789
3778	YOR001W	0.74787
3779	YDR332W	0.7478
3780	YNL236W	0.74776
3781	YGL254W	0.74776
3782	YNL077W	0.74775
3783	YOR075W	0.74775
3784	YNL182C	0.74773
3785	YKL165C	0.74773
3786	YFR037C	0.74771
3787	YGR174C	0.7477
3788	YML031C-A	0.74769
3789	YKL165C-A	0.74764
3790	R0040C	0.74759
3791	YHR199C-A	0.74758
3792	YGL108C	0.74757
3793	YLR114C	0.74754
3794	YNL250W	0.74752
3795	YNL258C	0.74751
3796	YBL019W	0.74742
3797	YOR082C	0.74738
3798	YBL070C	0.74737
3799	YDR428C	0.74734
3800	YDL205C	0.74731
3801	YGL228W	0.74729
3802	YCL054W-A	0.74729
3803	YMR031W-A	0.74728
3804	YCR085W	0.74725
3805	YNL143C	0.74721
3806	YNL221C	0.74719
3807	YLR093C	0.74715
3808	YMR228W	0.74709
3809	YIL072W	0.74707
3810	YJR019C	0.74702
3811	YIL047C-A	0.747
3812	YDR481C	0.7469
3813	YML049C	0.74685
3814	YCR077C	0.74681
3815	YHR021W-A	0.7468
3816	YLR207W	0.74678
3817	YLR450W	0.74677
3818	YDR109C	0.74676
3819	YJR123W	0.74672
3820	YPL195W	0.7467
3821	YLR204W	0.74667
3822	YOR314W	0.74664
3823	YFL029C	0.74663
3824	YDL159W	0.74661
3825	YOL116W	0.74661
3826	YNL187W	0.74651
3827	YOR067C	0.74644
3828	YMR083W	0.74643
3829	YPR073C	0.74638
3830	YER141W	0.74637
3831	YGR038W	0.74627
3832	YKL125W	0.74624
3833	YML012C-A	0.74622
3834	YDR413C	0.74617
3835	YDR319C	0.74615
3836	YML005W	0.74613
3837	YML060W	0.74612
3838	YPL197C	0.7461
3839	YLR045C	0.74608
3840	YHR032W-A	0.746
3841	YER030W	0.74599
3842	YPL065W	0.74598
3843	YOL152W	0.74597
3844	YFL047W	0.74593
3845	YPR174C	0.74593
3846	YGR255C	0.74591
3847	YER090C-A	0.7459
3848	YEL075W-A	0.74588
3849	YER059W	0.74587
3850	YMR077C	0.74586
3851	YDR268W	0.74579
3852	YLR371W	0.74578
3853	YDR246W-A	0.74577
3854	YKL223W	0.74575
3855	YGL243W	0.74572
3856	YDL240W	0.74568
3857	YOR138C	0.74564
3858	YLR088W	0.74557
3859	YNL293W	0.74554
3860	YIL107C	0.74552
3861	YLR463C	0.74551
3862	YLR124W	0.74549
3863	YER137C	0.74548
3864	YCL048W-A	0.74545
3865	YLR308W	0.74545
3866	YLR149C-A	0.74541
3867	YER127W	0.74541
3868	YER098W	0.74541
3869	YMR312W	0.74537
3870	YOR125C	0.74535
3871	YLR120C	0.7453
3872	YML082W	0.74529
3873	YML058W-A	0.74528
3874	YKL142W	0.74525
3875	YKL111C	0.74524
3876	Q0055	0.74524
3877	YDR434W	0.74518
3878	YGR110W	0.74517
3879	YDL204W	0.74515
3880	YGL177W	0.74513
3881	YOR041C	0.74511
3882	YNL051W	0.74509
3883	YBL006C	0.74506
3884	YKR064W	0.74496
3885	YDR144C	0.74494
3886	YHR075C	0.74485
3887	YPR126C	0.74485
3888	YOR263C	0.74485
3889	YIL006W	0.74479
3890	YBR296C-A	0.74479
3891	YDR244W	0.74477
3892	YOR051C	0.74475
3893	YLL027W	0.74474
3894	R0010W	0.74473
3895	YBR258C	0.7447
3896	YDR054C	0.74466
3897	YOL052C-A	0.74465
3898	YDR479C	0.74464
3899	YDR136C	0.74462
3900	YDR387C	0.74462
3901	YOR231W	0.7446
3902	YMR055C	0.74457
3903	YKL136W	0.74447
3904	YKL139W	0.74445
3905	YFR010W-A	0.74445
3906	YGL007W	0.74441
3907	YGR006W	0.74437
3908	YKL063C	0.74437
3909	YMR194C-A	0.74435
3910	YKL047W	0.74435
3911	YDR521W	0.74434
3912	YAL064C-A	0.74434
3913	YDR327W	0.74429
3914	YLR159W	0.74421
3915	YLR161W	0.74421
3916	YLR156W	0.74421
3917	YDR380W	0.7442
3918	YGL084C	0.74413
3919	YJL205C	0.74413
3920	YML042W	0.74412
3921	YDR035W	0.74412
3922	YDR206W	0.74412
3923	YJR038C	0.74411
3924	YDR435C	0.74404
3925	YNR068C	0.74403
3926	YGL191W	0.74399
3927	YKL040C	0.74396
3928	YDL185C-A	0.74395
3929	YKL203C	0.74395
3930	YDR174W	0.74393
3931	YKL122C	0.74392
3932	YIL068W-A	0.74384
3933	YDR213W	0.74381
3934	YPR074W-A	0.74378
3935	YPL263C	0.74377
3936	YGR117C	0.74377
3937	YPL125W	0.74377
3938	YPR017C	0.74376
3939	YGR212W	0.74375
3940	YER128W	0.74375
3941	YBR131C-A	0.74375
3942	YPR040W	0.74373
3943	YNL002C	0.74373
3944	YHL043W	0.74372
3945	YBL028C	0.74371
3946	YLR270W	0.74365
3947	YFR007W	0.74362
3948	YDR289C	0.74359
3949	YEL074W	0.74347
3950	YGL188C-A	0.7434
3951	YOL053W	0.74336
3952	YOL160W	0.74335
3953	YLL017W	0.74333
3954	YLL044W	0.74333
3955	YMR125W	0.74327
3956	YPL145C	0.74319
3957	YDR363W-A	0.74319
3958	YDL061C	0.74319
3959	YJL186W	0.74316
3960	YNL324W	0.74314
3961	YDR349C	0.74312
3962	YGL184C	0.74309
3963	YML097C	0.74303
3964	YKL132C	0.74302
3965	YPL023C	0.74302
3966	YFL068W	0.74301
3967	YLL066W-A	0.74301
3968	YLL067W-A	0.74301
3969	YGR232W	0.74301
3970	YOR160W	0.74298
3971	YLL004W	0.74292
3972	YGR068W-A	0.7429
3973	YJR044C	0.74288
3974	YBL065W	0.74285
3975	YOR003W	0.74284
3976	Q0060	0.74279
3977	YPR139C	0.74276
3978	YDR003W	0.74273
3979	YGL202W	0.74272
3980	YIR023W	0.74272
3981	YBL049W	0.74271
3982	YFL040W	0.74267
3983	YDR106W	0.7426
3984	YLR364C-A	0.74256
3985	YMR115W	0.74253
3986	YBR158W	0.74252
3987	YMR126C	0.7425
3988	YER101C	0.74243
3989	YNL242W	0.74236
3990	YGR072W	0.74236
3991	YDR545C-A	0.74233
3992	YGR064W	0.74233
3993	YDR401W	0.74232
3994	YDR419W	0.74232
3995	YMR166C	0.74231
3996	YBR193C	0.7423
3997	YOR366W	0.74225
3998	YJL148W	0.74224
3999	YMR189W	0.74223
4000	YCR003W	0.74221
4001	YPL116W	0.7422
4002	YGR003W	0.74219
4003	YOR340C	0.74217
4004	YDR165W	0.74215
4005	YOL022C	0.74212
4006	YGR019W	0.74209
4007	YJL141C	0.74208
4008	YDR152W	0.74208
4009	YAL011W	0.74208
4010	YOR054C	0.74207
4011	YKR087C	0.74197
4012	YNL271C	0.74192
4013	YHR001W-A	0.74192
4014	YOR136W	0.74192
4015	YHR028C	0.7419
4016	YOL085W-A	0.7419
4017	YLR143W	0.74189
4018	YPL119C-A	0.74187
4019	YIL018W	0.74182
4020	YFR031C-A	0.74182
4021	YIR029W	0.74177
4022	YDR015C	0.74175
4023	Q0250	0.74172
4024	YKL178C	0.74171
4025	YLR144C	0.74171
4026	YCR083W	0.74171
4027	YER139C	0.7417
4028	YPL228W	0.74169
4029	YPR189W	0.74168
4030	YBL061C	0.74157
4031	YPL107W	0.74149
4032	YFL013C	0.74148
4033	YIL017C	0.74148
4034	YJL100W	0.74146
4035	YOL056W	0.74143
4036	YCL048W	0.74139
4037	YLR466C-A	0.74137
4038	YOR396C-A	0.74137
4039	YLR467C-A	0.74137
4040	YPR039W	0.74137
4041	YNL218W	0.74136
4042	YAL043C	0.74135
4043	YDR252W	0.74133
4044	YNL119W	0.74127
4045	YBR262C	0.74124
4046	YNL289W	0.74123
4047	YGR291C	0.74119
4048	YOR161C-C	0.74118
4049	YAR070C	0.74116
4050	YER154W	0.74116
4051	YNL035C	0.74115
4052	YPL117C	0.74113
4053	YPR047W	0.74113
4054	YLR428C	0.74112
4055	YFR049W	0.74112
4056	YDL162C	0.74108
4057	YPR097W	0.74098
4058	YCL032W	0.74097
4059	YOR008C	0.74096
4060	YDL039C	0.74096
4061	YNL303W	0.74096
4062	YOR156C	0.74089
4063	YDR382W	0.74089
4064	YOL153C	0.74088
4065	YDR391C	0.74082
4066	YHR087W	0.7408
4067	YOL097W-A	0.7408
4068	YNL024C-A	0.74075
4069	YHR214C-E	0.7407
4070	YMR002W	0.74069
4071	YNL291C	0.74069
4072	YDR220C	0.74068
4073	YOR005C	0.74068
4074	YLR363W-A	0.74059
4075	YLR163W-A	0.74056
4076	YJR098C	0.74055
4077	YJL189W	0.74055
4078	YGL150C	0.74053
4079	YKL174C	0.74047
4080	YOR269W	0.74047
4081	YOR029W	0.74042
4082	YER005W	0.7404
4083	YPR060C	0.74039
4084	YBR036C	0.7403
4085	YCL058C	0.74029
4086	YLR107W	0.74027
4087	YMR240C	0.74024
4088	YMR147W	0.74021
4089	YCL056C	0.74019
4090	YBR176W	0.74018
4091	YNR042W	0.74015
4092	YPL030W	0.7401
4093	YDR433W	0.7401
4094	YOR026W	0.7401
4095	YNL124W	0.7401
4096	YDR437W	0.74009
4097	YDR390C	0.74008
4098	YOR018W	0.74006
4099	YBR076C-A	0.74005
4100	YGL146C	0.74005
4101	YFR016C	0.74005
4102	YJL077C	0.74004
4103	YJR136C	0.74002
4104	YNL097W-A	0.73997
4105	YER037W	0.73997
4106	YGR167W	0.73996
4107	YPR066W	0.73996
4108	YGR033C	0.73991
4109	YJL202C	0.73989
4110	YGL172W	0.73988
4111	YLR097C	0.73987
4112	YDR156W	0.73976
4113	YML013W	0.73974
4114	YPR191W	0.73973
4115	YFR026C	0.73968
4116	YMR182C	0.73968
4117	YGL016W	0.73965
4118	YDR282C	0.73964
4119	YHR219C-A	0.73961
4120	YNL339W-B	0.73961
4121	YML133W-B	0.73961
4122	YDR500C	0.73961
4123	YPL079W	0.7396
4124	YPR160W-A	0.73955
4125	YOL079W	0.73953
4126	YNL109W	0.73953
4127	YGR229C	0.73952
4128	YPL041C	0.73952
4129	YJL123C	0.73951
4130	YBR028C	0.7395
4131	YMR177W	0.73946
4132	YJL197W	0.73943
4133	YMR307C-A	0.7394
4134	YGR090W	0.73937
4135	YDR101C	0.73935
4136	YGL251C	0.73934
4137	YNL094W	0.73934
4138	YOR033C	0.7393
4139	YAR027W	0.73928
4140	YMR041C	0.73926
4141	YGR216C	0.73918
4142	YOR199W	0.73914
4143	YJL015C	0.73914
4144	YDR301W	0.73913
4145	YDL234C	0.73913
4146	YHL050W-A	0.73912
4147	YLR301W	0.73905
4148	YNR018W	0.73888
4149	YKL057C	0.73886
4150	YPL096W	0.73885
4151	YLR146W-A	0.73879
4152	YBL097W	0.73878
4153	YBR260C	0.73874
4154	YJL211C	0.73869
4155	YOL155W-A	0.73868
4156	YLL054C	0.73867
4157	YML032C	0.73864
4158	YLR233C	0.73863
4159	YGL248W	0.73861
4160	YMR148W	0.73861
4161	YKR103W	0.73859
4162	YGR151C	0.73857
4163	YGL145W	0.73855
4164	YIR001C	0.73855
4165	YIL042C	0.73854
4166	YMR141C	0.73854
4167	YBL101C	0.7385
4168	YOR025W	0.73849
4169	YPR175W	0.73848
4170	YAL013W	0.73848
4171	YNL158W	0.73847
4172	YDR153C	0.73847
4173	YCR042C	0.73843
4174	YFL031W	0.73843
4175	YLR239C	0.73843
4176	YJL009W	0.73839
4177	YGR223C	0.73836
4178	YNL080C	0.73836
4179	YJL177W	0.73835
4180	YJL067W	0.73832
4181	YFR009W-A	0.73831
4182	YML084W	0.7383
4183	YML061C	0.73827
4184	YEL077W-A	0.73826
4185	YGR296C-B	0.73826
4186	YPL283W-B	0.73826
4187	YER190C-B	0.73826
4188	YPR204C-A	0.73826
4189	YIL111W	0.73815
4190	YPL176C	0.73815
4191	YOL088C	0.73814
4192	YGR160W	0.73813
4193	YGL125W	0.73813
4194	YGL029W	0.73811
4195	YJL165C	0.7381
4196	YGR099W	0.73809
4197	YPR045C	0.73808
4198	YDR440W	0.738
4199	YJL069C	0.73779
4200	YOR383C	0.73777
4201	YCL029C	0.73769
4202	YGR215W	0.73767
4203	YAL008W	0.73755
4204	YGR228W	0.73754
4205	YBR191W	0.7375
4206	YBL035C	0.73749
4207	YJL197C-A	0.73749
4208	YKR007W	0.73747
4209	YDR290W	0.73745
4210	YGL141W	0.73742
4211	YNL186W	0.7374
4212	YGR194C	0.73736
4213	YDL167C	0.73735
4214	YHR054W-A	0.73734
4215	YHR052W-A	0.73734
4216	YGR130C	0.73733
4217	YAR053W	0.7373
4218	YCL065W	0.73728
4219	YHR051W	0.73726
4220	YGL213C	0.73723
4221	YIL023C	0.73721
4222	YGL153W	0.73717
4223	YER151C	0.73708
4224	YMR012W	0.73705
4225	YLR091W	0.73704
4226	YOR251C	0.737
4227	YMR106C	0.73696
4228	YKL096W	0.73694
4229	YLR240W	0.73693
4230	YNL048W	0.73693
4231	YIL026C	0.73692
4232	YOR008C-A	0.73691
4233	YLL030C	0.73691
4234	YHL025W	0.73691
4235	YPL053C	0.73691
4236	YPR169W	0.73687
4237	YCL031C	0.73687
4238	YMR184W	0.73687
4239	YDR467C	0.73678
4240	YJR150C	0.73677
4241	YNL217W	0.73672
4242	YNL238W	0.73671
4243	YDR445C	0.7367
4244	YGR149W	0.73668
4245	YMR026C	0.7366
4246	YOL064C	0.73655
4247	YJL131C	0.73654
4248	YKR032W	0.73649
4249	YDR231C	0.73646
4250	YLR051C	0.73646
4251	YHR059W	0.73642
4252	YOL149W	0.73639
4253	YHL038C	0.73638
4254	YOR282W	0.73627
4255	YPL196W	0.73622
4256	YDR102C	0.7362
4257	YML004C	0.7362
4258	YER126C	0.73619
4259	YEL020C-B	0.73618
4260	YPR152C	0.73613
4261	YJL004C	0.73604
4262	YGR226C	0.73599
4263	YDR004W	0.73599
4264	YJR144W	0.7359
4265	YKL054C	0.73585
4266	YPR184W	0.73583
4267	YGR042W	0.73583
4268	YGR139W	0.73581
4269	YHL032C	0.73579
4270	YDR503C	0.73577
4271	YNL170W	0.73575
4272	YKL180W	0.73568
4273	YPR104C	0.73556
4274	YHR186C	0.73555
4275	YGR154C	0.73553
4276	YKL083W	0.7355
4277	YER085C	0.73549
4278	YCR047W-A	0.73546
4279	YDR365C	0.73538
4280	YCL034W	0.73537
4281	YOR281C	0.73532
4282	YGL149W	0.73531
4283	YML110C	0.7353
4284	YGL188C	0.73524
4285	YAL051W	0.73524
4286	YFR022W	0.73512
4287	YML071C	0.7351
4288	YOR083W	0.73503
4289	Q0070	0.735
4290	YKR085C	0.73496
4291	YOL043C	0.73493
4292	YBL039C-A	0.7349
4293	YDL111C	0.73478
4294	YAR066W	0.73474
4295	YHR214W	0.73474
4296	YJR018W	0.73474
4297	YJL225W-A	0.73473
4298	YIL177W-A	0.73473
4299	YOR365C	0.73472
4300	YIR039C	0.73469
4301	YGR143W	0.73464
4302	YBR178W	0.73463
4303	YMR168C	0.73462
4304	YLR437C	0.73452
4305	YLR290C	0.73452
4306	YPR072W	0.73446
4307	YPL104W	0.73446
4308	YJL172W	0.73446
4309	YGL180W	0.73435
4310	YJR099W	0.73432
4311	YHR146W	0.73432
4312	YJL037W	0.73432
4313	YDR524C-B	0.7343
4314	YHR022C	0.73429
4315	YLR032W	0.73428
4316	YOR225W	0.73428
4317	YLR284C	0.73417
4318	YHR197W	0.73411
4319	YPL148C	0.73409
4320	YPL110C	0.73408
4321	YKL104W-A	0.73407
4322	YKL064W	0.73404
4323	YJL133W	0.73402
4324	YOR215C	0.73398
4325	YLR016C	0.73388
4326	YLR390W-A	0.73376
4327	YBL094C	0.73374
4328	YOL028C	0.73373
4329	YOR105W	0.73365
4330	YOR123C	0.73364
4331	YDL178W	0.73364
4332	YBL008W	0.73364
4333	YHR049C-A	0.73364
4334	YHR058C	0.73362
4335	YNL103W-A	0.73361
4336	YPL152W-A	0.73353
4337	YML051W	0.73343
4338	YPL252C	0.73343
4339	YNL120C	0.73343
4340	YJR006W	0.73341
4341	YJR154W	0.73341
4342	YDR248C	0.73341
4343	YKL195W	0.73338
4344	YJR082C	0.73333
4345	YER144C	0.7333
4346	YHR196W	0.73324
4347	YKL099C	0.73319
4348	YLR154C	0.73319
4349	YGR035W-A	0.73317
4350	YJR076C	0.73309
4351	YOR179C	0.73309
4352	YOR031W	0.73308
4353	YBR042C	0.73307
4354	YOR334W	0.73306
4355	YIL060W	0.73302
4356	YMR010W	0.73301
4357	YDR407C	0.73293
4358	YKL043W	0.73289
4359	YBR135W	0.73284
4360	YMR047C	0.73282
4361	YHR137W	0.7328
4362	YAR020C	0.73278
4363	YOR228C	0.73278
4364	YGL031C	0.73275
4365	YKL089W	0.7327
4366	YOR360C	0.73265
4367	YML088W	0.73261
4368	YGR164W	0.73258
4369	YBR056C-B	0.73255
4370	YLR346C	0.73253
4371	YKL096W-A	0.73248
4372	YOR038C	0.73248
4373	YDR150W	0.73246
4374	YOR305W	0.73244
4375	YGL014C-A	0.73238
4376	YPL162C	0.73237
4377	YCR022C	0.73236
4378	YNL063W	0.7323
4379	YOL040C	0.73226
4380	YKR023W	0.73224
4381	YOR276W	0.73222
4382	YLR157W-D	0.73219
4383	YNL179C	0.73211
4384	YLR157W-E	0.73206
4385	YER038W-A	0.73205
4386	YKL090W	0.73198
4387	YPL109C	0.73195
4388	YBL080C	0.73194
4389	YPL029W	0.73191
4390	YDR199W	0.73188
4391	YGR293C	0.73185
4392	YOR237W	0.73182
4393	YDR430C	0.73181
4394	YPL144W	0.73171
4395	YGL233W	0.7316
4396	YMR004W	0.73157
4397	YKL045W	0.73156
4398	YBR065C	0.73153
4399	YMR159C	0.73149
4400	YGR114C	0.73133
4401	YBR279W	0.7313
4402	YIR005W	0.73129
4403	YBR293W	0.73127
4404	YDL033C	0.73126
4405	YER091C-A	0.73126
4406	YGL127C	0.73124
4407	YJR004C	0.73118
4408	YHR091C	0.73117
4409	YKR073C	0.73113
4410	YDR036C	0.73111
4411	YIR007W	0.7311
4412	YPR099C	0.73108
4413	YEL028W	0.73105
4414	YMR272W-B	0.73103
4415	YHL012W	0.73102
4416	YBR282W	0.73101
4417	YOL155C	0.731
4418	YGR165W	0.73099
4419	YMR216C	0.73098
4420	YMR062C	0.73091
4421	YKR058W	0.7309
4422	YJL193W	0.73087
4423	YJL200C	0.73086
4424	YOR189W	0.73081
4425	YOR205C	0.73075
4426	YBR102C	0.73074
4427	YNL052W	0.7307
4428	YJL020W-A	0.73069
4429	YNR061C	0.73064
4430	YJL031C	0.73056
4431	YIL085C	0.73056
4432	YOR080W	0.73052
4433	YBL104C	0.73051
4434	YGL025C	0.73045
4435	YKL012W	0.73044
4436	YCR095W-A	0.73042
4437	YMR087W	0.73036
4438	YCR024C-B	0.73035
4439	YPL038W-A	0.73035
4440	YBL113W-A	0.73029
4441	YGL133W	0.73027
4442	YDR162C	0.73025
4443	YPR155C	0.73025
4444	YHR124W	0.73023
4445	YCL052C	0.73023
4446	YPL074W	0.73021
4447	YBR030W	0.73016
4448	YER067C-A	0.73015
4449	YLR314C	0.73012
4450	YNL256W	0.7301
4451	YLR096W	0.73009
4452	YLR322W	0.73008
4453	YCL026C-B	0.73006
4454	YGR119C	0.73003
4455	YCR082W	0.73002
4456	YER084W	0.73001
4457	YNL318C	0.72997
4458	YJR033C	0.72992
4459	YLR109W	0.7299
4460	YKL010C	0.7298
4461	YML111W	0.7298
4462	YGL072C	0.72972
4463	YDR473C	0.72969
4464	YLR162W-A	0.72969
4465	YDR008C	0.72968
4466	YDL025W-A	0.72967
4467	YNL325C	0.72966
4468	YOR002W	0.72962
4469	YJL118W	0.72961
4470	YIL052C	0.72958
4471	YBR206W	0.72957
4472	YPL185W	0.72948
4473	YGL194C	0.72944
4474	YFR003C	0.72941
4475	YJL120W	0.72939
4476	YOL033W	0.72938
4477	YLR054C	0.72936
4478	YPL273W	0.72935
4479	YPL188W	0.72934
4480	YMR321C	0.72932
4481	YGR025W	0.72928
4482	YJL102W	0.72923
4483	YDR180W	0.7292
4484	YER021W	0.72915
4485	YML115C	0.72913
4486	YDR412W	0.7291
4487	YAR030C	0.72902
4488	YDR058C	0.72901
4489	Q0160	0.72892
4490	YDL009C	0.72892
4491	YBR122C	0.72891
4492	YLR166C	0.72885
4493	YIR006C	0.72879
4494	YGR122W	0.72878
4495	YKR033C	0.72878
4496	YHL020C	0.72868
4497	YPR050C	0.72867
4498	YGL196W	0.72863
4499	YGL094C	0.72863
4500	YER056C-A	0.72862
4501	YBL074C	0.7286
4502	YGR002C	0.72859
4503	YJR140C	0.72857
4504	YMR024W	0.72855
4505	YDR003W-A	0.72854
4506	YHR069C-A	0.72853
4507	YDL119C	0.72851
4508	YLR370C	0.72848
4509	YCR035C	0.72836
4510	YHL037C	0.72835
4511	YIR032C	0.72823
4512	YOR219C	0.72822
4513	YDR486C	0.72819
4514	YNL208W	0.72816
4515	YMR316C-A	0.72816
4516	YER158W-A	0.72812
4517	YLR185W	0.72812
4518	YLR133W	0.72809
4519	YGR148C	0.72809
4520	YOL120C	0.72806
4521	YNL301C	0.72806
4522	YMR013W-A	0.72804
4523	YDL146W	0.728
4524	YMR259C	0.72797
4525	YJR090C	0.72793
4526	YOR134W	0.72792
4527	YEL050W-A	0.7279
4528	YLR285C-A	0.72787
4529	YLR154W-C	0.72785
4530	YMR275C	0.72784
4531	YDL116W	0.72782
4532	YDR333C	0.72774
4533	YLR342W-A	0.72771
4534	YOL060C	0.72771
4535	YNL067W-A	0.72769
4536	YBL008W-A	0.72769
4537	YBR129C	0.72766
4538	YGR070W	0.72755
4539	YIL110W	0.72753
4540	YEL017W	0.72751
4541	YDL043C	0.72749
4542	YER135C	0.72741
4543	YML007C-A	0.72737
4544	YPL186C	0.72732
4545	YMR289W	0.72728
4546	YLR287C-A	0.72725
4547	YOR182C	0.72725
4548	YBR205W	0.72724
4549	YGR278W	0.72723
4550	YDL091C	0.72718
4551	YDL225W	0.72718
4552	YKL082C	0.72717
4553	YHR073C-B	0.72712
4554	YBL020W	0.72712
4555	YOR064C	0.72708
4556	YMR231W	0.72705
4557	YPL078C	0.72703
4558	YIL096C	0.72703
4559	YBL027W	0.727
4560	YBR084C-A	0.727
4561	YJR066W	0.72698
4562	YLR194C	0.72685
4563	YAL026C-A	0.72679
4564	YIL115C	0.72679
4565	YIL027C	0.72678
4566	YJR087W	0.72667
4567	YGR069W	0.72667
4568	YGR137W	0.72664
4569	YOL141W	0.72657
4570	YAL019W-A	0.72654
4571	YDR137W	0.72651
4572	YMR317W	0.72649
4573	YOR009W	0.72647
4574	YFL009W	0.72646
4575	YLR199C	0.7264
4576	YJR115W	0.72638
4577	YOL076W	0.72636
4578	YNL144W-A	0.72631
4579	YHR125W	0.72622
4580	YBR150C	0.72618
4581	YDL002C	0.72616
4582	YOR245C	0.72606
4583	YPL007C	0.72603
4584	YMR033W	0.72603
4585	YEL009C	0.72596
4586	YKR101W	0.72596
4587	YDR527W	0.7259
4588	YDR371C-A	0.7259
4589	YER189W	0.72585
4590	YPL096C-A	0.72584
4591	YKL175W	0.72576
4592	YLR316C	0.72574
4593	YDL025C	0.72567
4594	YEL075C	0.72559
4595	YFL036W	0.72556
4596	YGL257C	0.72553
4597	YHL046W-A	0.72548
4598	YCL067C	0.72548
4599	YCR039C	0.72548
4600	YOR233W	0.72545
4601	YAL047W-A	0.72545
4602	YNL205C	0.72539
4603	YHL005C	0.72538
4604	YJL182C	0.72538
4605	YBR044C	0.72536
4606	YBR280C	0.72532
4607	YOR260W	0.72529
4608	YDR409W	0.72521
4609	YJL029C	0.72519
4610	YOR381W-A	0.7251
4611	YGL085W	0.72508
4612	YCR054C	0.72508
4613	YOR216C	0.72499
4614	YNR022C	0.72491
4615	YGL263W	0.72487
4616	YGR146C-A	0.72487
4617	YNL122C	0.72481
4618	YKL033W	0.7248
4619	YGR096W	0.72475
4620	YBR229C	0.72474
4621	YJR102C	0.72473
4622	YMR156C	0.7247
4623	YGL088W	0.72469
4624	YJR039W	0.72468
4625	YGR270W	0.72464
4626	YDR367W	0.72462
4627	YER161C	0.72458
4628	YLR396C	0.72448
4629	YPR141C	0.72447
4630	YJL071W	0.72446
4631	YER150W	0.72444
4632	YBL077W	0.72437
4633	YIL015W	0.72434
4634	YLR132C	0.72431
4635	YDR462W	0.72429
4636	YIL002W-A	0.72428
4637	YIL084C	0.72422
4638	YLL049W	0.72422
4639	YER068C-A	0.72416
4640	YIL020C-A	0.72413
4641	YOR174W	0.724
4642	YKR092C	0.72398
4643	YLR425W	0.72382
4644	YJL006C	0.72377
4645	YLL057C	0.72375
4646	YLR226W	0.72371
4647	YBR284W	0.72369
4648	YPR148C	0.72366
4649	YCR067C	0.72354
4650	YIL168W	0.72345
4651	YPL137C	0.72344
4652	YPL178W	0.72332
4653	YPR006C	0.72332
4654	YIL077C	0.72322
4655	YDR108W	0.72305
4656	YDR531W	0.72303
4657	YDR278C	0.72299
4658	YPR071W	0.72296
4659	YFR032C-A	0.72291
4660	YLR225C	0.72289
4661	YIL040W	0.72287
4662	YDL021W	0.72285
4663	YPR146C	0.72285
4664	YPR202W	0.72279
4665	YML050W	0.72276
4666	YOR191W	0.72272
4667	YDR511W	0.7227
4668	YMR320W	0.72269
4669	YBR142W	0.72269
4670	YBL107C	0.72268
4671	YMR035W	0.72265
4672	YHR214C-C	0.72262
4673	YKR071C	0.72246
4674	YOL057W	0.72245
4675	YGR045C	0.72241
4676	YJR140W-A	0.72233
4677	YHR093W	0.7223
4678	YOL024W	0.72225
4679	YDR329C	0.72222
4680	YGR188C	0.7222
4681	YBR147W	0.72219
4682	YCR040W	0.72214
4683	YCL066W	0.72214
4684	YNL304W	0.72213
4685	YIL095W	0.72211
4686	YHL009W-A	0.7221
4687	YLR392C	0.72209
4688	YPL167C	0.72208
4689	YGR008C	0.72208
4690	YJL091C	0.72208
4691	YNL038W	0.72204
4692	YHR122W	0.72197
4693	YKL138C	0.72193
4694	YOR335W-A	0.7219
4695	YDR470C	0.72189
4696	YLR344W	0.72188
4697	YHL041W	0.72186
4698	YOR386W	0.72186
4699	YKR021W	0.72186
4700	YGL032C	0.72185
4701	YIL009C-A	0.72182
4702	YKL140W	0.72177
4703	YJR130C	0.72176
4704	YMR122W-A	0.72174
4705	YGR091W	0.72173
4706	YGR170W	0.72172
4707	YDR509W	0.72171
4708	YJR036C	0.7217
4709	YBR016W	0.72168
4710	YLR407W	0.72167
4711	YGR178C	0.72153
4712	YER024W	0.72153
4713	YNL019C	0.72152
4714	YDL035C	0.72151
4715	YDR426C	0.7215
4716	YLR010C	0.72141
4717	YIL132C	0.72141
4718	YNL230C	0.7214
4719	YKR006C	0.72137
4720	YGR158C	0.72136
4721	YNL033W	0.72123
4722	YDR192C	0.72123
4723	YBR074W	0.7212
4724	YHR180W-A	0.72119
4725	YDL013W	0.72117
4726	YLR035C	0.72114
4727	YNL267W	0.72111
4728	YEL068C	0.72106
4729	YMR298W	0.72104
4730	YLR202C	0.72104
4731	YDR460W	0.72093
4732	YMR153C-A	0.72085
4733	YNR056C	0.72078
4734	YDR049W	0.72068
4735	YHR069C	0.72068
4736	YPR132W	0.72062
4737	YGR118W	0.72062
4738	YLR288C	0.7206
4739	YHR078W	0.72059
4740	YJL126W	0.72053
4741	YAL037W	0.7205
4742	YDR027C	0.7205
4743	YNL265C	0.72049
4744	YMR075C-A	0.72046
4745	YDR323C	0.72044
4746	YLL016W	0.72036
4747	YDR020C	0.7203
4748	YHR141C	0.72029
4749	YNL162W	0.72029
4750	YGL195W	0.72026
4751	YDL153C	0.72024
4752	YDR179W-A	0.72024
4753	YJL139C	0.72017
4754	YOL071W	0.72016
4755	YAR019C	0.72013
4756	YLR366W	0.72008
4757	YGL247W	0.72007
4758	YHR214W-A	0.72006
4759	YIL093C	0.72004
4760	YLL006W-A	0.72002
4761	YGR018C	0.72
4762	YKR069W	0.71991
4763	YEL032C-A	0.71988
4764	YBR027C	0.71983
4765	YAR061W	0.71979
4766	YHR212W-A	0.71979
4767	YBR271W	0.71977
4768	YDR281C	0.71974
4769	YDR535C	0.71972
4770	YFL023W	0.71968
4771	YHR080C	0.71968
4772	YOR186C-A	0.71965
4773	YJR054W	0.71965
4774	YLR073C	0.7196
4775	YGR128C	0.71959
4776	YBR246W	0.71959
4777	YDR218C	0.71947
4778	YOR070C	0.71939
4779	YCR097W-A	0.71938
4780	YDL059C	0.71938
4781	YPR055W	0.71933
4782	YPL189W	0.71931
4783	YNL114C	0.71927
4784	YDR396W	0.71912
4785	YIL104C	0.71909
4786	YKR065C	0.71908
4787	YDL024C	0.71906
4788	YAR068W	0.71896
4789	YJL166W	0.71893
4790	YJR002W	0.71892
4791	YLR052W	0.71891
4792	YMR019W	0.71887
4793	YLR337C	0.71884
4794	YDR366C	0.71883
4795	YDR393W	0.7188
4796	YDR449C	0.71879
4797	YLR350W	0.71878
4798	YPL191C	0.71875
4799	YDR335W	0.71863
4800	YDR262W	0.71862
4801	YIL070C	0.71861
4802	YNL226W	0.71859
4803	YPL032C	0.71849
4804	YNL314W	0.71844
4805	YCR020W-B	0.71842
4806	YLR063W	0.7184
4807	YBR120C	0.71834
4808	YKL201C	0.71827
4809	YAL002W	0.71824
4810	YOR098C	0.7182
4811	YPR029C	0.7182
4812	YBL071C-B	0.71818
4813	YBR040W	0.71813
4814	YDL183C	0.71808
4815	YIL025C	0.71801
4816	YJL038C	0.71801
4817	YJL133C-A	0.71792
4818	YHR063W-A	0.71792
4819	YHR011W	0.7179
4820	YOR230W	0.7179
4821	YDL122W	0.71789
4822	YJL199C	0.71779
4823	YOR322C	0.71769
4824	YGR049W	0.71769
4825	YDL220C	0.71764
4826	YJL106W	0.71762
4827	YGL192W	0.71755
4828	YKL124W	0.71754
4829	YGR014W	0.71752
4830	YPR048W	0.71748
4831	YPR085C	0.71746
4832	YLR311C	0.71742
4833	YGR147C	0.71738
4834	YER068W	0.71735
4835	YGR097W	0.71732
4836	YJR037W	0.7173
4837	YNL315C	0.71718
4838	YFL025C	0.71717
4839	YDR205W	0.71715
4840	YLR299W	0.71714
4841	YKL088W	0.71704
4842	YPR089W	0.71701
4843	YKR015C	0.71691
4844	YAL037C-A	0.7169
4845	YLR023C	0.71687
4846	YJL206C	0.71683
4847	YCL055W	0.71683
4848	YNR069C	0.71679
4849	YNR028W	0.71676
4850	YOR032W-A	0.7166
4851	YCR026C	0.7166
4852	YPR143W	0.71658
4853	YGR034W	0.71653
4854	YMR048W	0.7165
4855	YLR039C	0.7165
4856	YIL137C	0.71641
4857	YER077C	0.71637
4858	YFR029W	0.7163
4859	YNR007C	0.71621
4860	YLL020C	0.71614
4861	YDR400W	0.71614
4862	YOL087C	0.71611
4863	YDL082W	0.7161
4864	YGL132W	0.71606
4865	YGL103W	0.71604
4866	YOR278W	0.71597
4867	YFR043C	0.71585
4868	YHL030W	0.71583
4869	YJL020C	0.71582
4870	YCL001W-A	0.7158
4871	YLR183C	0.71578
4872	YDR403W	0.71559
4873	YGR129W	0.71558
4874	YMR313C	0.71553
4875	YMR274C	0.71552
4876	YDL012C	0.7155
4877	YGL056C	0.71544
4878	YDR245W	0.71544
4879	YBR259W	0.71541
4880	YOL105C	0.71535
4881	YJL122W	0.71535
4882	YGL158W	0.71519
4883	YLR462W	0.71514
4884	YFR036W-A	0.71514
4885	YBR179C	0.71511
4886	YPL257W	0.71511
4887	YOR171C	0.7151
4888	YNL262W	0.71507
4889	YCL064C	0.71507
4890	YML047W-A	0.715
4891	YOR227W	0.71496
4892	YPL241C	0.71496
4893	YDR077W	0.71495
4894	YDR410C	0.71495
4895	YKR005C	0.71474
4896	YJR031C	0.71473
4897	YKL096C-B	0.71472
4898	YLR136C	0.71469
4899	YBR230C	0.71446
4900	YBL010C	0.71443
4901	YHR101C	0.71442
4902	YNL084C	0.71439
4903	YBL059C-A	0.71436
4904	YCR091W	0.71434
4905	YHR045W	0.71428
4906	YPR150W	0.71417
4907	YJL156C	0.71416
4908	YDL099W	0.71413
4909	YER008C	0.7141
4910	YOR194C	0.7141
4911	YDR359C	0.71405
4912	YMR070W	0.71392
4913	YGR182C	0.71382
4914	YNL272C	0.71379
4915	YIL024C	0.71374
4916	YIL029C	0.71364
4917	YFL032W	0.7136
4918	YKL005C	0.71359
4919	YDL219W	0.71352
4920	YJL114W	0.71347
4921	YFL012W-A	0.71345
4922	YOR069W	0.71338
4923	YMR294W	0.71336
4924	YFL027C	0.71333
4925	YNR058W	0.7133
4926	YMR198W	0.71328
4927	YLL007C	0.71327
4928	YLR154W-E	0.71327
4929	YDR455C	0.71323
4930	YBR064W	0.71323
4931	YMR044W	0.71318
4932	YEL016C	0.71309
4933	YBL100W-C	0.71305
4934	YDR381C-A	0.71299
4935	YDL067C	0.71297
4936	YIL167W	0.71289
4937	YNL165W	0.71288
4938	YJL173C	0.71287
4939	YDR157W	0.71281
4940	YGR059W	0.71276
4941	YGR056W	0.71276
4942	YOL104C	0.71276
4943	YPL254W	0.71272
4944	YOR063W	0.71271
4945	YJR012C	0.71271
4946	YDR421W	0.71269
4947	YKR061W	0.71265
4948	YMR111C	0.71261
4949	YBL086C	0.7126
4950	YKL145W-A	0.71257
4951	YML099W-A	0.71254
4952	YGL116W	0.71254
4953	YPL072W	0.71251
4954	YJR061W	0.7125
4955	YHR136C	0.71245
4956	YLR232W	0.71242
4957	YOL131W	0.7124
4958	YKL016C	0.71236
4959	YNL319W	0.71233
4960	YMR190C	0.71225
4961	YER113C	0.71222
4962	YPL268W	0.7122
4963	YDR504C	0.71219
4964	YKL034W	0.71219
4965	YLR363C	0.71217
4966	YOR392W	0.71215
4967	YDL197C	0.71214
4968	YOR053W	0.71213
4969	YBR216C	0.71212
4970	YMR014W	0.71207
4971	YLR417W	0.71205
4972	YMR107W	0.71202
4973	YBR240C	0.71185
4974	YMR017W	0.7116
4975	YLR171W	0.71151
4976	YJL136W-A	0.71148
4977	YNL338W	0.71123
4978	YMR223W	0.71122
4979	YHR193C-A	0.71115
4980	YLR127C	0.71105
4981	YBL004W	0.71104
4982	YER105C	0.71097
4983	YEL061C	0.71089
4984	YOL101C	0.71083
4985	YPL005W	0.71082
4986	YLL031C	0.71081
4987	YLR177W	0.71081
4988	YHR214C-D	0.71079
4989	YAR069C	0.71079
4990	YLR228C	0.71079
4991	YKR096W	0.71075
4992	YER066C-A	0.71072
4993	YLR458W	0.7107
4994	YDL050C	0.7107
4995	YDR006C	0.71069
4996	YPR030W	0.71066
4997	YLR095C	0.71053
4998	YMR013C	0.71048
4999	YOR090C	0.71045
5000	YIL066W-A	0.71044
5001	YGR204C-A	0.71036
5002	YDR484W	0.71035
5003	YDR251W	0.71033
5004	YBR058C-A	0.7103
5005	YHR073W	0.71029
5006	YMR281W	0.71016
5007	YJL007C	0.71015
5008	YJL061W	0.71015
5009	YDR464W	0.71014
5010	YMR141W-A	0.71005
5011	YMR137C	0.70998
5012	YKR072C	0.70986
5013	YDR119W-A	0.70978
5014	YER092W	0.70965
5015	YOL049W	0.70962
5016	YMR142C	0.70958
5017	YHR105W	0.70958
5018	YJR119C	0.70951
5019	YMR267W	0.7095
5020	YOR319W	0.70948
5021	YGR053C	0.70946
5022	YMR154C	0.70945
5023	YIL163C	0.7094
5024	YNL151C	0.70937
5025	YGR280C	0.70924
5026	YDL058W	0.7092
5027	YKL143W	0.70916
5028	YBR194W	0.70906
5029	YIL105W-A	0.70904
5030	YBR197C	0.70904
5031	YDL074C	0.70897
5032	YOR293C-A	0.70896
5033	YMR212C	0.70892
5034	YJL044C	0.70885
5035	YBL066C	0.70872
5036	YOR043W	0.70856
5037	YMR209C	0.70848
5038	YOR373W	0.70846
5039	YDR014W-A	0.70845
5040	YAR047C	0.7084
5041	YOR042W	0.70838
5042	YMR211W	0.70832
5043	YLR329W	0.70827
5044	YDR128W	0.7082
5045	YBL067C	0.7082
5046	YKL208W	0.70817
5047	YDR271C	0.70811
5048	YKR046C	0.70809
5049	YPL261C	0.70809
5050	YNL168C	0.70806
5051	YDR501W	0.70802
5052	YNR006W	0.70797
5053	YER131W	0.70784
5054	YEL018W	0.70781
5055	YER047C	0.70781
5056	YOR149C	0.7078
5057	YML104C	0.70769
5058	YHR165C	0.70765
5059	YIL130W	0.70761
5060	YDL133W	0.7076
5061	YMR287C	0.70751
5062	YGL041W-A	0.70742
5063	YLR191W	0.70733
5064	YDL065C	0.70731
5065	YNL039W	0.70731
5066	YPL260W	0.70727
5067	YHR035W	0.70725
5068	YJR107C-A	0.70709
5069	YCL001W	0.70695
5070	YOR368W	0.70694
5071	YOR115C	0.70693
5072	YKL071W	0.70689
5073	YOR338W	0.70689
5074	YLL062C	0.70688
5075	YOL109W	0.70682
5076	YLR006C	0.70675
5077	YBR289W	0.70669
5078	YER050C	0.70665
5079	YBR123C	0.70664
5080	YGL092W	0.70663
5081	YNL128W	0.70656
5082	YLR294C	0.70646
5083	YDL173W	0.70644
5084	YMR061W	0.70633
5085	YPL248C	0.7063
5086	YBR128C	0.70626
5087	YKL183W	0.70621
5088	YOR211C	0.70614
5089	YHR084W	0.70613
5090	YOR313C	0.7061
5091	YJL109C	0.70605
5092	YKL215C	0.70605
5093	YKL106C-A	0.70603
5094	YNL136W	0.70594
5095	YJR097W	0.70593
5096	YLR309C	0.70587
5097	YPR109W	0.70583
5098	YGL189C	0.70581
5099	YBR188C	0.70579
5100	YDR261C	0.70576
5101	YER076W-A	0.7057
5102	YKL205W	0.70564
5103	YDL129W	0.70559
5104	YOR288C	0.70559
5105	YBL025W	0.70554
5106	YIR016W	0.70553
5107	YNL118C	0.70551
5108	YEL009C-A	0.70545
5109	YER097W	0.70544
5110	YDR273W	0.7054
5111	YIL105C	0.70539
5112	YMR067C	0.70538
5113	YNL032W	0.7053
5114	YDR377W	0.70529
5115	YMR230W-A	0.70529
5116	YNL295W	0.70524
5117	YKL155C	0.70518
5118	YIL098C	0.70513
5119	YLR312W-A	0.70511
5120	YDR080W	0.70502
5121	YOR188W	0.7048
5122	YBR051W	0.70479
5123	YDR246W	0.70472
5124	YOL095C	0.70467
5125	YMR247C	0.70465
5126	YPL102C	0.70465
5127	YBR300C	0.70462
5128	YMR110C	0.70459
5129	YJR100C	0.70454
5130	YDR279W	0.7045
5131	YOL004W	0.70447
5132	YJL066C	0.70446
5133	YOR193W	0.70445
5134	YLR265C	0.70443
5135	YHL028W	0.70442
5136	YNL073W	0.70441
5137	YBL039W-B	0.70434
5138	YJR093C	0.70431
5139	YML083C	0.70429
5140	YPR001W	0.70411
5141	YBR281C	0.70406
5142	YLR406C-A	0.70398
5143	YIL156W	0.70397
5144	YGL178W	0.70385
5145	YDR197W	0.70383
5146	YJL039C	0.70366
5147	YLR402W	0.70358
5148	YAR062W	0.70356
5149	YHR213W	0.70356
5150	YLR358C	0.70345
5151	YDR208W	0.70344
5152	YNL320W	0.70333
5153	YHL035C	0.70332
5154	YML023C	0.70328
5155	YGR075C	0.70321
5156	YOR017W	0.70314
5157	YOR011W-A	0.70309
5158	YPR075C	0.70308
5159	YNL050C	0.70306
5160	YBR257W	0.70305
5161	YLR439W	0.70305
5162	YOR152C	0.70301
5163	YKL168C	0.70294
5164	YML117W	0.70287
5165	YLL051C	0.70283
5166	YJL101C	0.7028
5167	YLR101C	0.70273
5168	YBR012C	0.70263
5169	YNL126W	0.70253
5170	YKR083C	0.70244
5171	YLR434C	0.70244
5172	YBR098W	0.70242
5173	Q0017	0.70242
5174	YKL079W	0.70241
5175	YDR115W	0.70234
5176	YLR356W	0.70232
5177	YDL214C	0.70222
5178	YDL112W	0.7022
5179	YLR305C	0.70218
5180	YOL045W	0.70211
5181	YGR238C	0.70211
5182	YKL011C	0.70203
5183	YML107C	0.70202
5184	YLL035W	0.702
5185	YPL165C	0.70199
5186	YMR192W	0.70189
5187	YDR081C	0.70181
5188	YBR186W	0.7018
5189	YJR059W	0.70177
5190	YBL093C	0.70175
5191	YKL116C	0.70174
5192	YDR507C	0.70169
5193	YCR001W	0.70155
5194	YMR091C	0.70152
5195	YDR048C	0.70151
5196	YDL142C	0.70147
5197	YMR256C	0.70145
5198	YOR287C	0.70128
5199	YGL060W	0.70127
5200	YGL041C	0.70126
5201	YGR219W	0.70113
5202	YDR283C	0.70112
5203	YJL112W	0.70102
5204	YBR182C-A	0.70101
5205	YDL247W-A	0.70096
5206	YDR134C	0.70092
5207	YER137W-A	0.70087
5208	YOR015W	0.70079
5209	YIR024C	0.70073
5210	YGL193C	0.70067
5211	YMR060C	0.70064
5212	YBR022W	0.70061
5213	YBR219C	0.70052
5214	YLR036C	0.70049
5215	YHR009C	0.7004
5216	YLL032C	0.70028
5217	YDR194W-A	0.70026
5218	YML020W	0.70022
5219	YLR119W	0.7002
5220	YGL182C	0.70016
5221	YJL019W	0.70013
5222	YDL121C	0.70011
5223	YJL046W	0.7001
5224	YKL032C	0.70004
5225	YMR052C-A	0.70004
5226	YLR029C	0.70002
5227	YLR336C	0.70001
5228	YCL021W-A	0.69989
5229	YNL285W	0.69986
5230	YNR025C	0.69979
5231	YJR060W	0.69977
5232	YOR112W	0.69974
5233	YLR173W	0.69974
5234	YLR437C-A	0.69973
5235	YOR111W	0.69973
5236	YJR043C	0.69959
5237	YOR249C	0.69953
5238	YLR247C	0.69953
5239	YFR042W	0.69948
5240	YJR151W-A	0.69944
5241	YKL015W	0.6994
5242	YGR251W	0.69939
5243	YER133W-A	0.69936
5244	YLR456W	0.6993
5245	YEL072W	0.6993
5246	YGL014W	0.69928
5247	YMR175W-A	0.69927
5248	YLR453C	0.69922
5249	YBL071C	0.69915
5250	YER041W	0.69914
5251	YDL203C	0.69913
5252	YBR233W-A	0.69913
5253	YGR115C	0.69912
5254	YNL164C	0.69893
5255	YJR122W	0.69891
5256	YGR274C	0.69887
5257	YOL001W	0.6988
5258	YOR346W	0.6988
5259	YBR269C	0.69876
5260	YJL023C	0.69875
5261	YLL066W-B	0.69873
5262	YPR015C	0.69869
5263	YGR081C	0.69865
5264	YHR099W	0.69853
5265	YML113W	0.69849
5266	YMR030W-A	0.69844
5267	YDR261C-C	0.69843
5268	YPL021W	0.69842
5269	YPL189C-A	0.69837
5270	YKL149C	0.69835
5271	YIL090W	0.69834
5272	YKR044W	0.69833
5273	YOR124C	0.6983
5274	YGR052W	0.69827
5275	YOR344C	0.69825
5276	YML046W	0.69824
5277	YOR144C	0.69818
5278	YDR242W	0.69811
5279	YMR121C	0.69809
5280	YDR255C	0.69802
5281	YGR084C	0.69795
5282	YMR185W	0.69793
5283	YJL047C-A	0.69791
5284	YJL054W	0.69786
5285	YDR414C	0.69786
5286	YPL126W	0.69785
5287	YDR072C	0.69782
5288	YHL027W	0.69781
5289	YDR485C	0.69777
5290	YBR212W	0.69771
5291	YLR163C	0.69764
5292	YJL086C	0.69763
5293	YPL035C	0.69763
5294	YGR044C	0.69759
5295	YGL006W-A	0.69751
5296	YGR258C	0.6975
5297	YGL174W	0.69745
5298	YGR046W	0.69742
5299	YPL128C	0.6974
5300	YLR260W	0.69737
5301	YJL132W	0.69736
5302	YGL227W	0.69736
5303	YAR008W	0.69733
5304	YDR170W-A	0.69733
5305	YOL019W	0.69705
5306	YER137C-A	0.69703
5307	YLR157C-A	0.69703
5308	YPL257W-A	0.69703
5309	YDR365W-A	0.69703
5310	YDL242W	0.697
5311	YPL123C	0.69697
5312	YML114C	0.69695
5313	YIL008W	0.69692
5314	YBL090W	0.69685
5315	YOR329C	0.69682
5316	YGL134W	0.69678
5317	YPR179C	0.69674
5318	YKL106W	0.69662
5319	YMR053C	0.69657
5320	YGL203C	0.69655
5321	YKR008W	0.6965
5322	YPL278C	0.6965
5323	YDR340W	0.69649
5324	YML036W	0.69647
5325	YNL254C	0.69647
5326	YLR256W-A	0.69643
5327	YOL032W	0.69637
5328	YBL045C	0.69637
5329	YHL021C	0.69636
5330	YKL023W	0.69636
5331	YLR315W	0.69626
5332	YLR440C	0.69619
5333	YDR203W	0.69615
5334	YNL026W	0.69609
5335	YAL066W	0.69607
5336	YDL094C	0.69605
5337	YJR111C	0.69595
5338	YDR520C	0.69593
5339	YJL127C	0.69589
5340	YDL179W	0.69587
5341	YDL114W-A	0.69583
5342	YCR095C	0.6958
5343	YBL059W	0.6958
5344	YPR158C-C	0.69576
5345	YBR173C	0.69554
5346	YDR529C	0.69552
5347	YIL050W	0.69546
5348	YDR221W	0.69538
5349	YGL160W	0.69528
5350	YPL155C	0.69527
5351	YGR275W	0.69519
5352	YDR431W	0.6951
5353	YJR086W	0.6951
5354	YER087C-A	0.69509
5355	YNL245C	0.69507
5356	YAL056W	0.69498
5357	YER078C	0.69497
5358	YBR217W	0.69492
5359	YDR458C	0.6949
5360	YKL061W	0.69489
5361	YJL201W	0.69484
5362	YLR227W-A	0.69484
5363	YJR026W	0.69484
5364	YML040W	0.69484
5365	YJR051W	0.69478
5366	YLR459W	0.69473
5367	YOL103W-A	0.69473
5368	YMR133W	0.6946
5369	YLR321C	0.6946
5370	YJL204C	0.69459
5371	YIR014W	0.69457
5372	YBR057C	0.69452
5373	YML054C-A	0.69446
5374	YPL163C	0.69435
5375	YOL118C	0.69431
5376	YCL039W	0.69427
5377	YGR104C	0.69422
5378	YGR184C	0.69413
5379	YNL198C	0.6941
5380	YNL029C	0.69409
5381	YOR093C	0.69404
5382	YLR217W	0.69402
5383	YGR076C	0.69398
5384	YDL098C	0.69396
5385	YNR059W	0.69389
5386	YJR135C	0.69386
5387	YNL012W	0.69386
5388	YKR082W	0.69374
5389	YLR067C	0.69364
5390	YER093C	0.69363
5391	YNL253W	0.69361
5392	YDL028C	0.69352
5393	YER078W-A	0.69347
5394	YNL235C	0.69336
5395	YOL017W	0.69331
5396	YGR127W	0.69331
5397	YMR173W	0.69321
5398	YKL118W	0.69318
5399	YOR256C	0.69316
5400	YPL242C	0.6931
5401	YDR416W	0.69306
5402	YAL069W	0.69305
5403	YKL141W	0.69296
5404	YKR089C	0.6929
5405	YPL020C	0.6929
5406	YKR054C	0.69289
5407	YDR247W	0.69289
5408	YAR010C	0.69286
5409	YPR137C-A	0.69286
5410	YKL134C	0.69272
5411	YKL169C	0.69268
5412	YPR043W	0.69259
5413	YJR094W-A	0.69259
5414	YPR169W-A	0.69247
5415	YDL237W	0.6924
5416	YOL044W	0.6924
5417	YMR073C	0.69238
5418	YOR385W	0.69233
5419	YHR079C	0.69228
5420	YHR137C-A	0.69227
5421	YNL041C	0.69226
5422	YNL278W	0.69222
5423	YIL019W	0.6922
5424	YPL026C	0.69212
5425	YLL019C	0.69212
5426	YHR155W	0.69209
5427	YER087W	0.69207
5428	YNL284C-A	0.69205
5429	YAL031W-A	0.69199
5430	YER118C	0.69195
5431	YHR214C-B	0.69193
5432	YLR297W	0.69192
5433	YMR165C	0.69191
5434	YDR125C	0.69187
5435	YLR400W	0.69173
5436	YOR012W	0.69171
5437	YHR119W	0.69162
5438	YNL337W	0.69154
5439	YER169W	0.69146
5440	YLL013C	0.69129
5441	YNL070W	0.69125
5442	YCR016W	0.69125
5443	YJR005C-A	0.69112
5444	YJR021C	0.69108
5445	YJR142W	0.69102
5446	YCL022C	0.69087
5447	YJL157C	0.69084
5448	YGR237C	0.69078
5449	YHR158C	0.69076
5450	YNL166C	0.69069
5451	YDR544C	0.69068
5452	YHL044W	0.69064
5453	YJL092W	0.69052
5454	YHL024W	0.69051
5455	YHR153C	0.69045
5456	YOL134C	0.69042
5457	YDL077C	0.69042
5458	YFR052W	0.69041
5459	YIL014C-A	0.69038
5460	YPR151C	0.69036
5461	YJR028W	0.69035
5462	YOR166C	0.69033
5463	YAL027W	0.69029
5464	YOR333C	0.69014
5465	YER061C	0.68994
5466	YBR292C	0.68994
5467	YAL032C	0.68982
5468	YLR442C	0.68975
5469	YDR285W	0.68962
5470	YHR154W	0.68955
5471	YNL100W	0.68949
5472	YLR084C	0.68938
5473	YHR138C	0.68932
5474	YDR354W	0.68929
5475	YDR124W	0.68924
5476	YPR031W	0.68921
5477	YML016C	0.68917
5478	YHR097C	0.68908
5479	YMR046C	0.68906
5480	YOL166W-A	0.68899
5481	YOR329W-A	0.68898
5482	YPL149W	0.6889
5483	YDR365W-B	0.68874
5484	YKR029C	0.68873
5485	YLR395C	0.68873
5486	YGR027W-A	0.68872
5487	YOR078W	0.68869
5488	YGL142C	0.68866
5489	YLR169W	0.6886
5490	YDR228C	0.68855
5491	YML096W	0.68845
5492	YBR171W	0.68842
5493	YLL040C	0.6884
5494	YNL215W	0.68838
5495	YOR097C	0.68838
5496	YPL027W	0.6883
5497	YIL030W-A	0.68825
5498	YJL150W	0.6882
5499	YLR082C	0.68819
5500	Q0080	0.68816
5501	YIR021W-A	0.68815
5502	YMR021C	0.68813
5503	YDR420W	0.6881
5504	YDR357C	0.68787
5505	YGR011W	0.68785
5506	YPL105C	0.68777
5507	YDR042C	0.68776
5508	YDR260C	0.68772
5509	YLR149C	0.68772
5510	YJL170C	0.68769
5511	YDR326C	0.68762
5512	YOR302W	0.6876
5513	YFL007W	0.68759
5514	YOL164W-A	0.68756
5515	YBL005W-A	0.6874
5516	YNL139C	0.68737
5517	YOR180C	0.68736
5518	YDL181W	0.6873
5519	YDR423C	0.68728
5520	YBR215W	0.68723
5521	YOL063C	0.6872
5522	YHR132W-A	0.68715
5523	YML108W	0.68713
5524	YGL169W	0.68711
5525	YBR081C	0.68707
5526	YNL054W-B	0.68701
5527	YPL069C	0.68699
5528	YBR276C	0.68696
5529	YKL130C	0.6869
5530	YMR237W	0.68689
5531	YEL010W	0.68688
5532	YER122C	0.68686
5533	YPL057C	0.68685
5534	YNR047W	0.68676
5535	YMR050C	0.68674
5536	YCR018C	0.68672
5537	YJR127C	0.68668
5538	YJL057C	0.68664
5539	YDR138W	0.68659
5540	YOR081C	0.68658
5541	YKR011C	0.68654
5542	YDR160W	0.6865
5543	YNL196C	0.68633
5544	YER160C	0.68618
5545	YCR108C	0.68608
5546	YLR035C-A	0.68608
5547	YGR156W	0.68607
5548	YMR032W	0.68605
5549	YLR256W-B/YLR256W-C	0.68605
5550	YDL044C	0.68605
5551	YGL113W	0.68604
5552	YOR231C-A	0.68598
5553	YDR524C-A	0.68591
5554	YMR283C	0.68589
5555	YNL300W	0.68585
5556	YDR098C-A	0.68585
5557	YGR038C-A	0.6858
5558	YGL131C	0.68578
5559	YJR027W	0.68577
5560	YER138C	0.68577
5561	YOR284W	0.68577
5562	YMR174C	0.68575
5563	YBL079W	0.68574
5564	YML045W	0.68568
5565	YOL166C	0.68558
5566	YBR012W-A	0.68556
5567	YKL138C-A	0.68544
5568	YDL070W	0.68539
5569	YGL214W	0.68537
5570	YDR202C	0.68536
5571	YIL139C	0.68534
5572	YNR031C	0.68533
5573	YJL146W	0.68531
5574	YNL249C	0.68526
5575	YHR050W-A	0.68521
5576	YJL105W	0.68516
5577	YML009W-B	0.68509
5578	YJR126C	0.68506
5579	YJR029W	0.68503
5580	YGL249W	0.68502
5581	YML045W-A	0.68501
5582	YPR079W	0.68495
5583	YOL103W-B	0.68492
5584	YMR051C	0.68492
5585	YLR035C-B	0.68492
5586	YGR161C-C	0.68492
5587	YER159C-A	0.68492
5588	YDR316W-A	0.68492
5589	YDR389W	0.6847
5590	YPR020W	0.68467
5591	YBR012W-B	0.68467
5592	YLR099W-A	0.68464
5593	YHR015W	0.68463
5594	YGR161C-D	0.6846
5595	YDR098C-B	0.68459
5596	YER109C	0.68458
5597	YML039W	0.68458
5598	YIL071W-A	0.68457
5599	YPL257W-B	0.68453
5600	YDR376W	0.68451
5601	YPR137C-B	0.6845
5602	YDR068W	0.68448
5603	YGL013C	0.68446
5604	YGL209W	0.68445
5605	YMR172C-A	0.68442
5606	YER007W	0.68441
5607	YLR381W	0.6844
5608	YGR077C	0.68438
5609	YIL056W	0.68435
5610	YLR087C	0.68424
5611	YMR207C	0.68422
5612	YML101C-A	0.6842
5613	YJL073W	0.68417
5614	YGR027W-B	0.68416
5615	YGR038C-B	0.68415
5616	YPR142C	0.68411
5617	YPR158C-D	0.68406
5618	YGR017W	0.68403
5619	YGR222W	0.684
5620	YER093C-A	0.68388
5621	YJR053W	0.68381
5622	YBR097W	0.68375
5623	YLR157C-B	0.68356
5624	YIL141W	0.68354
5625	YPR115W	0.68351
5626	YNL204C	0.68351
5627	YBR196C-A	0.68345
5628	YJR062C	0.6834
5629	YIL158W	0.68337
5630	YJL098W	0.68332
5631	YER186C	0.68329
5632	YDR210C-D	0.68326
5633	YBL005W-B	0.68325
5634	YGL230C	0.68323
5635	YNL284C-B	0.6832
5636	YMR045C	0.68319
5637	YDR141C	0.68317
5638	YHR145C	0.68309
5639	YLR227W-B	0.68292
5640	YOR142W-B	0.68285
5641	YBR172C	0.68283
5642	YAR009C	0.68279
5643	YGR057C	0.68278
5644	YKL074C	0.68275
5645	YOL159C	0.68273
5646	YDR316W-B	0.68258
5647	YLR110C	0.68246
5648	YJL107C	0.68244
5649	YBR026C	0.68234
5650	YAL017W	0.68232
5651	YIL127C	0.68231
5652	YOR142W-A	0.68228
5653	YPR158W-A	0.68228
5654	YGL090W	0.68227
5655	YKR019C	0.68224
5656	YGR230W	0.68218
5657	YDR499W	0.68216
5658	YPL139C	0.68211
5659	YEL023C	0.68206
5660	YDL005C	0.68205
5661	YOR394C-A	0.68204
5662	YMR118C	0.68202
5663	YNL127W	0.68199
5664	YHR217C	0.68193
5665	YDL240C-A	0.68181
5666	YML099C	0.68177
5667	YNL047C	0.68172
5668	YDR261C-D	0.68171
5669	YPR158W-B	0.68169
5670	YNL257C	0.68168
5671	YMR304C-A	0.68164
5672	YOL035C	0.68156
5673	YNL005C	0.68152
5674	YJL070C	0.68143
5675	YOL083W	0.68139
5676	YGR016W	0.68139
5677	YJL056C	0.68132
5678	YDL016C	0.6813
5679	YGR168C	0.68129
5680	YOR308C	0.68123
5681	YBR161W	0.68113
5682	YKL133C	0.68109
5683	YMR280C	0.68101
5684	YPR027C	0.68088
5685	YNL224C	0.68086
5686	YCR066W	0.68083
5687	YBR290W	0.68082
5688	YGR198W	0.68074
5689	YPL150W	0.68055
5690	YGR030C	0.68053
5691	YMR029C	0.6805
5692	YER121W	0.68047
5693	YDR024W	0.68038
5694	YOR121C	0.68032
5695	YLR278C	0.68029
5696	YOR247W	0.68023
5697	YDL114W	0.68014
5698	YDR489W	0.68013
5699	YOL003C	0.68008
5700	YOR242C	0.68008
5701	YBL092W	0.68002
5702	YKL068W	0.68001
5703	YHR109W	0.6799
5704	YAR002W	0.67982
5705	YBR238C	0.67981
5706	YLR466C-B	0.67971
5707	YGR205W	0.6797
5708	YMR117C	0.67969
5709	YMR130W	0.67964
5710	YDL216C	0.67956
5711	YDR210C-C	0.67952
5712	YPR007C	0.67946
5713	YGR109C	0.67938
5714	YGL168W	0.67935
5715	YBR195C	0.67935
5716	YIL044C	0.67919
5717	YDR315C	0.67917
5718	YDR201W	0.67915
5719	YIL046W-A	0.67911
5720	YKL159C	0.67911
5721	YLR148W	0.67909
5722	YGR015C	0.679
5723	YFR039C	0.67899
5724	YDL152W	0.67895
5725	YGL093W	0.67883
5726	YMR129W	0.6788
5727	YGL067W	0.67872
5728	YJL032W	0.67872
5729	YER064C	0.67865
5730	YJR041C	0.6786
5731	YMR140W	0.67853
5732	YBL060W	0.67842
5733	YMR158C-A	0.6784
5734	YOL078W	0.67839
5735	YDR318W	0.67839
5736	YGL041C-B	0.67836
5737	YDR299W	0.67833
5738	YGL124C	0.67828
5739	YLR422W	0.67828
5740	YBL107W-A	0.67824
5741	YDR475C	0.67824
5742	YIR018W	0.67821
5743	YDR261W-A	0.67815
5744	YIR003W	0.67814
5745	YLR142W	0.67809
5746	YPR012W	0.67801
5747	YCL020W	0.67793
5748	YBR270C	0.6779
5749	YEL022W	0.67786
5750	YDL113C	0.67786
5751	YBR049C	0.67764
5752	YLR165C	0.67754
5753	YML093W	0.67753
5754	YKL121W	0.67746
5755	YIL136W	0.67745
5756	YER006C-A	0.67743
5757	YNL213C	0.67735
5758	YKR028W	0.67728
5759	YJR080C	0.67723
5760	YNL068C	0.6772
5761	YDR200C	0.6772
5762	YPR021C	0.67712
5763	YDR119W	0.6771
5764	YLR327C	0.67705
5765	YCL019W	0.67697
5766	YML128C	0.67671
5767	YDR034C-C	0.67668
5768	YKL068W-A	0.67667
5769	YLL021W	0.67651
5770	YAL068W-A	0.67639
5771	YML076C	0.67638
5772	YHR071W	0.67637
5773	YCL028W	0.67633
5774	YDL117W	0.67631
5775	YLL042C	0.67621
5776	YMR258C	0.67619
5777	YDR461C-A	0.67606
5778	YIL086C	0.67592
5779	YNL171C	0.67584
5780	YMR311C	0.67567
5781	YCL024W	0.67561
5782	YOR190W	0.67559
5783	YKR036C	0.67557
5784	YCR089W	0.67549
5785	YPR022C	0.67548
5786	YHR149C	0.67547
5787	YOR220W	0.67545
5788	YFL041W-A	0.67544
5789	YLR224W	0.67534
5790	YGL226C-A	0.67533
5791	YBL005W	0.6752
5792	YKR004C	0.67518
5793	YDR363W	0.67518
5794	YBL014C	0.67517
5795	YNL054W-A	0.6751
5796	YKL038W	0.67506
5797	YMR065W	0.67499
5798	R0030W	0.67496
5799	YJL013C	0.67496
5800	YDR176W	0.67491
5801	YGR106C	0.67488
5802	YLR295C	0.67485
5803	YGL007C-A	0.67484
5804	YJR110W	0.6748
5805	YJL076W	0.67479
5806	YPL177C	0.67467
5807	YOR337W	0.67441
5808	YIL049W	0.67438
5809	YLR256W	0.67429
5810	YNL058C	0.67422
5811	YDR303C	0.67421
5812	YGR161W-C	0.6742
5813	YPR134W	0.67413
5814	YOL015W	0.67411
5815	YDL045C	0.67408
5816	YML034W	0.674
5817	YFL002W-A	0.67398
5818	YGR161W-B	0.67398
5819	YGR038C-D/YGR038C-C	0.67397
5820	Q0075	0.67395
5821	YML059C	0.67393
5822	YOL159C-A	0.67389
5823	YGR079W	0.67377
5824	YML017W	0.67374
5825	YDR261W-B	0.67372
5826	YOR104W	0.67368
5827	YKL110C	0.67364
5828	YMR059W	0.67359
5829	YBR272C	0.6735
5830	YER184C	0.6735
5831	YLR227C	0.67339
5832	YPL272C	0.67332
5833	YOR354C	0.67325
5834	YML029W	0.67325
5835	YPL039W	0.67323
5836	YER071C	0.67317
5837	YCR024C	0.67314
5838	YJL209W	0.67297
5839	YJR138W	0.67295
5840	YOR192C-B	0.67295
5841	YLR408C	0.67285
5842	YFL014W	0.67278
5843	YJR091C	0.67278
5844	YMR068W	0.67259
5845	YBL100W-A	0.67255
5846	YPR199C	0.67236
5847	YGR171C	0.67223
5848	YOR371C	0.67207
5849	YOR192C-A	0.67203
5850	YBR133C	0.67196
5851	YLR094C	0.6719
5852	YJR101W	0.67187
5853	YDR383C	0.67186
5854	YDR034C-D	0.6718
5855	YMR025W	0.67176
5856	YBR163W	0.6717
5857	YJL083W	0.6716
5858	YGR227W	0.67152
5859	YOL082W	0.67151
5860	YDR210W-B	0.67149
5861	YBL100W-B	0.67149
5862	YKR098C	0.67145
5863	YHR023W	0.67132
5864	YER112W	0.67129
5865	YCL057W	0.67127
5866	YLR410W-B	0.67126
5867	YOL107W	0.67119
5868	YNL013C	0.67112
5869	YBR224W	0.67104
5870	YFR011C	0.67099
5871	YLR299C-A	0.67092
5872	YBR072C-A	0.67086
5873	YLR079W	0.67083
5874	YCL021W	0.67075
5875	YCL005W	0.67071
5876	YJL016W	0.67062
5877	YDR494W	0.67054
5878	YMR072W	0.67049
5879	YOL117W	0.67045
5880	YOR107W	0.67043
5881	YER096W	0.67036
5882	YMR171C	0.67034
5883	YAL041W	0.67031
5884	YDR118W	0.67024
5885	YDL149W	0.67006
5886	YDR131C	0.67005
5887	YDR005C	0.67003
5888	YGR038C-E	0.67
5889	YGR161W-A	0.66985
5890	YFL002W-B	0.66985
5891	YNL105W	0.66985
5892	YDR147W	0.66981
5893	YOR304C-A	0.66978
5894	YMR153W	0.66969
5895	YNL201C	0.66968
5896	YNL234W	0.66961
5897	YLR410W-A	0.66957
5898	YML002W	0.66947
5899	YOR238W	0.66936
5900	YKR090W	0.66932
5901	YOR343W-B	0.66928
5902	YJR108W	0.66918
5903	YNL159C	0.66916
5904	YIL149C	0.66912
5905	YMR031C	0.66908
5906	YLR242C	0.66899
5907	YPL168W	0.66898
5908	YBL084C	0.66897
5909	YPL011C	0.66892
5910	YIL112W	0.66881
5911	YKR020W	0.66879
5912	YLR222C-A	0.66857
5913	YLR332W	0.66851
5914	YER138W-A	0.6685
5915	YBL073W	0.66845
5916	YAL065C	0.66844
5917	YOR129C	0.66839
5918	YDL158C	0.66839
5919	YIL005W	0.66828
5920	YML047C	0.66811
5921	YJL049W	0.66799
5922	YFL024C	0.66796
5923	YDR143C	0.6678
5924	YDR078C	0.66776
5925	YPL216W	0.66774
5926	YLR040C	0.66766
5927	YJL084C	0.66763
5928	YOL100W	0.66761
5929	YEL025C	0.66757
5930	YCR097W	0.66752
5931	YFL049W	0.66736
5932	YLR219W	0.6672
5933	YER054C	0.66691
5934	YKR045C	0.66677
5935	YGR225W	0.66659
5936	YDR198C	0.66658
5937	YLR001C	0.66657
5938	YKL014C	0.66653
5939	YDR254W	0.66653
5940	YDR222W	0.66649
5941	YNR004W	0.66643
5942	YKR034W	0.66624
5943	YPL174C	0.66619
5944	YNR066C	0.66618
5945	YOR235W	0.66601
5946	YPL161C	0.66601
5947	YLR263W	0.66591
5948	YER175W-A	0.6658
5949	YPL040C	0.66577
5950	YDR322W	0.66574
5951	YKR030W	0.66553
5952	YDR295C	0.66552
5953	YDR495C	0.66548
5954	YOR298W	0.66544
5955	YMR134W	0.6654
5956	YDR466W	0.66539
5957	YJL113W	0.6653
5958	YNL008C	0.66527
5959	YNR045W	0.66524
5960	YNL309W	0.66516
5961	YDL107W	0.66508
5962	YBR108W	0.66504
5963	YDR159W	0.66493
5964	YMR176W	0.66487
5965	YBR239C	0.66485
5966	YDR229W	0.66483
5967	YDR463W	0.6648
5968	YMR100W	0.66461
5969	YLR033W	0.66458
5970	YMR191W	0.66457
5971	YEL007W	0.66436
5972	Q0110	0.66433
5973	YNR044W	0.66428
5974	Q0182	0.66421
5975	YOR320C	0.66416
5976	YKR027W	0.66415
5977	YOR343W-A	0.66411
5978	YPL016W	0.66395
5979	YOR140W	0.66394
5980	YHL009W-B	0.66394
5981	YKR016W	0.66373
5982	YBR201C-A	0.66361
5983	YKL052C	0.66345
5984	YNL266W	0.66327
5985	YNL199C	0.66317
5986	YDL106C	0.66315
5987	YJL187C	0.66315
5988	YMR299C	0.66308
5989	YLR424C-B	0.66302
5990	YIL092W	0.66287
5991	YDL115C	0.66276
5992	YGR140W	0.66275
5993	YGL096W	0.66269
5994	YDR210W-A	0.66266
5995	YPL253C	0.66243
5996	YPL018W	0.66242
5997	YGL136C	0.66219
5998	YBR191W-A	0.66217
5999	YER046W	0.66214
6000	YMR030W	0.66213
6001	YNL011C	0.66192
6002	YMR164C	0.66192
6003	YMR064W	0.66186
6004	YDL169C	0.66176
6005	YPL115C	0.66173
6006	YGL086W	0.66171
6007	YDR089W	0.66169
6008	YGR013W	0.66163
6009	YFL019C	0.66155
6010	YJL048C	0.66152
6011	YJL176C	0.66147
6012	YMR172W	0.66145
6013	YKR031C	0.66129
6014	YHR082C	0.66127
6015	YGL215W	0.66118
6016	YPR042C	0.66107
6017	YGL066W	0.66107
6018	YDR066C	0.66103
6019	YLR403W	0.66098
6020	YDR543C	0.66092
6021	YOR169C	0.66072
6022	YCR043C	0.6607
6023	YLR424W	0.66058
6024	YOL069W	0.66055
6025	YPR026W	0.66054
6026	YMR098C	0.6605
6027	YKL025C	0.66041
6028	YER114C	0.66013
6029	YCR099C	0.66001
6030	YGR039W	0.65998
6031	YLR211C	0.65994
6032	YDL130W-A	0.65977
6033	YDR183C-A	0.65973
6034	YNL133C	0.65964
6035	YOR297C	0.65957
6036	YIL129C	0.65953
6037	YBL051C	0.65941
6038	YPR106W	0.65934
6039	YLR313C	0.6593
6040	YPL146C	0.65916
6041	YOR085W	0.65915
6042	YMR284W	0.65915
6043	YIL159W	0.6591
6044	YGL117W	0.65904
6045	YPL060C-A	0.65897
6046	YML037C	0.65895
6047	YPR036W-A	0.65875
6048	YNL156C	0.65873
6049	YEL062W	0.65872
6050	YER188C-A	0.65866
6051	YCR019W	0.65862
6052	YDR320C	0.6584
6053	YBR152W	0.65837
6054	YIL055C	0.65816
6055	YPL141C	0.65804
6056	YLR320W	0.65802
6057	YKL072W	0.65798
6058	YLR298C	0.65797
6059	YOL089C	0.65783
6060	YPR061C	0.65772
6061	YLR423C	0.65769
6062	YJL099W	0.65761
6063	YDR179C	0.65751
6064	YDR317W	0.65739
6065	YOL136C	0.65738
6066	YLR312C	0.65726
6067	YIL037C	0.65723
6068	YMR018W	0.65715
6069	YHR056C	0.65711
6070	YDR071C	0.6571
6071	YLR424C-A	0.65673
6072	YHR017W	0.65671
6073	YLR135W	0.65655
6074	YLR310C	0.65651
6075	YDR469W	0.65637
6076	YPL120W	0.65637
6077	YLR254C	0.65632
6078	YNR039C	0.65617
6079	YDR065W	0.65615
6080	YDR070C	0.65614
6081	YGR108W	0.65605
6082	YBR077C	0.65598
6083	YGL151W	0.65588
6084	YPL076W	0.65583
6085	YGR233C	0.65582
6086	YER173W	0.65581
6087	YAL063C-A	0.65566
6088	YLR187W	0.65564
6089	YOR058C	0.65558
6090	YDR350C	0.65545
6091	YLR465C	0.65541
6092	Q0115	0.65535
6093	YLR230W	0.65535
6094	YDR348C	0.65477
6095	YHR102W	0.65448
6096	YFR032C-B	0.65415
6097	YDR082W	0.65409
6098	YNL210W	0.65406
6099	YJR134C	0.65391
6100	YGL059W	0.65362
6101	YIL097W	0.65351
6102	YGL107C	0.65338
6103	YBL029W	0.65325
6104	YHL009C	0.65316
6105	YHR004C	0.65303
6106	YPR122W	0.65294
6107	YPR068C	0.65279
6108	YBR168W	0.65275
6109	YIL101C	0.65272
6110	YAL034C	0.65268
6111	YOR289W	0.65254
6112	YDR422C	0.65251
6113	YML058W	0.6524
6114	YPL034W	0.65235
6115	YMR094W	0.65231
6116	YLR098C	0.6523
6117	YNL297C	0.6523
6118	YGL194C-A	0.65229
6119	YOR186W	0.65228
6120	YBL043W	0.65222
6121	YBR033W	0.65218
6122	YDL056W	0.65195
6123	YLL033W	0.65189
6124	YAL028W	0.65187
6125	YLR182W	0.6518
6126	YPL130W	0.6517
6127	YBR013C	0.65165
6128	YLR360W	0.65163
6129	YJR106W	0.65163
6130	YKL101W	0.65161
6131	YOR114W	0.65148
6132	YDL159W-A	0.65148
6133	YPL219W	0.65125
6134	YPL049C	0.65124
6135	YGL081W	0.65122
6136	YOR355W	0.6512
6137	YBL103C	0.65109
6138	YPL156C	0.65102
6139	YOR037W	0.65099
6140	YPL118W	0.6508
6141	YMR257C	0.65078
6142	YOR143C	0.65066
6143	YGL162W	0.65058
6144	YKL108W	0.65053
6145	YBR250W	0.65051
6146	YPR117W	0.65035
6147	YMR151W	0.65031
6148	YOR177C	0.65027
6149	YLR271W	0.65014
6150	YDR361C	0.64996
6151	YBR124W	0.64993
6152	YOR350C	0.64974
6153	YMR187C	0.64963
6154	YDL127W	0.64937
6155	YDR195W	0.64933
6156	YLR151C	0.64932
6157	YBL085W	0.64929
6158	YPR049C	0.64901
6159	YDL048C	0.64896
6160	YOR221C	0.64889
6161	YPR101W	0.64882
6162	YGR196C	0.64881
6163	YNR049C	0.6488
6164	YDR057W	0.64866
6165	YDR088C	0.64857
6166	YIL102C-A	0.64851
6167	YDL170W	0.6484
6168	YDR369C	0.64837
6169	YGR150C	0.64834
6170	YPL099C	0.64815
6171	YBR182C	0.64813
6172	YNR024W	0.6481
6173	YLR176C	0.64803
6174	YKL176C	0.64792
6175	YGL038C	0.64785
6176	YPL166W	0.64781
6177	YGR122C-A	0.64781
6178	YDR076W	0.64769
6179	YGL042C	0.64731
6180	YIR010W	0.64727
6181	YDL139C	0.64717
6182	YLR454W	0.64711
6183	YCR015C	0.64702
6184	YMR052W	0.64665
6185	YOR019W	0.64663
6186	YLR307C-A	0.6466
6187	YLR198C	0.64645
6188	YER129W	0.6464
6189	YLR404W	0.64633
6190	YOR336W	0.64613
6191	YMR282C	0.64585
6192	YDR240C	0.64566
6193	YDL073W	0.64559
6194	YDL186W	0.64553
6195	YOR266W	0.64533
6196	YLR201C	0.64519
6197	YLR024C	0.64483
6198	YJL180C	0.64464
6199	YOR255W	0.64451
6200	YBL048W	0.64421
6201	YHR130C	0.64418
6202	YFR008W	0.64413
6203	YDR505C	0.64411
6204	YDR169C	0.64404
6205	YOR030W	0.64391
6206	YHR167W	0.6439
6207	YMR326C	0.64355
6208	YDR123C	0.64351
6209	YFR012W	0.64335
6210	YML103C	0.64283
6211	YHR182W	0.64275
6212	YPR009W	0.64266
6213	YMR195W	0.64257
6214	YER084W-A	0.64213
6215	YBR066C	0.64196
6216	YKL050C	0.64191
6217	YBR184W	0.6419
6218	YGL197W	0.64181
6219	YGL075C	0.64171
6220	YKR099W	0.64169
6221	YER022W	0.64157
6222	YBL052C	0.64155
6223	YKR095W	0.64142
6224	YGR249W	0.64137
6225	YOR349W	0.64121
6226	YMR193C-A	0.64106
6227	YNL195C	0.64097
6228	YER181C	0.64081
6229	YBR050C	0.64081
6230	YHR159W	0.64068
6231	YCR081W	0.64048
6232	YPR044C	0.64034
6233	YLR238W	0.64015
6234	YCL061C	0.63992
6235	YGR134W	0.63983
6236	YNL054W	0.63978
6237	YGR250C	0.63948
6238	YIL031W	0.63935
6239	YHR131C	0.63933
6240	YLR376C	0.63922
6241	YNR063W	0.63918
6242	YOL138C	0.63913
6243	YDR034C-A	0.63911
6244	YLR057W	0.63901
6245	YGR142W	0.63892
6246	YOR028C	0.63892
6247	Q0143	0.63884
6248	YPL223C	0.6387
6249	YKR037C	0.63859
6250	YGL061C	0.63852
6251	YJL058C	0.6384
6252	YOR113W	0.63816
6253	YDR104C	0.63816
6254	YNL183C	0.63816
6255	YHR143W	0.63795
6256	YLR267W	0.63789
6257	YNR014W	0.63756
6258	YDR451C	0.63725
6259	YKL048C	0.63695
6260	YLR139C	0.63682
6261	YNL046W	0.63681
6262	YGL229C	0.63635
6263	YOR170W	0.6362
6264	YEL005C	0.63615
6265	YML043C	0.63605
6266	YBR004C	0.63556
6267	YNL172W	0.63547
6268	YHR036W	0.63536
6269	YEL014C	0.63528
6270	YPR067W	0.6352
6271	YHR006W	0.63519
6272	YBR225W	0.6351
6273	YGL005C	0.6348
6274	YCR018C-A	0.63479
6275	YOR047C	0.6347
6276	YLL005C	0.63463
6277	YHL023C	0.63441
6278	YHR195W	0.63437
6279	YJR092W	0.63396
6280	YLR018C	0.63393
6281	YPL256C	0.63392
6282	YHR152W	0.63379
6283	YNL225C	0.63379
6284	YMR163C	0.63373
6285	YBR131W	0.63371
6286	YDR181C	0.6337
6287	YDL020C	0.63363
6288	YDR017C	0.63352
6289	YPR070W	0.63336
6290	YMR023C	0.63332
6291	YBL063W	0.63328
6292	YDL189W	0.63302
6293	YIR030C	0.633
6294	YKL020C	0.63282
6295	YGL176C	0.63278
6296	YLR031W	0.63272
6297	YFR040W	0.63254
6298	YAL016C-B	0.63216
6299	YBL046W	0.63214
6300	YPL052W	0.63197
6301	YML041C	0.63193
6302	YPR185W	0.63191
6303	YML081W	0.63191
6304	YDR034C	0.6318
6305	YMR119W	0.63174
6306	YOR127W	0.63165
6307	YOR192C-C	0.63149
6308	YJL103C	0.63148
6309	YKL171W	0.63131
6310	YFR023W	0.63131
6311	YPL200W	0.63122
6312	YDR043C	0.63106
6313	YGL223C	0.63088
6314	YGR179C	0.63076
6315	YIL045W	0.63063
6316	YCR032W	0.6306
6317	YDR532C	0.63059
6318	YBR136W	0.63019
6319	YGL219C	0.63018
6320	YFL063W	0.62979
6321	YKL162C-A	0.62976
6322	YPL077C	0.62973
6323	YDL176W	0.62972
6324	YHR175W-A	0.62966
6325	YPR170W-A	0.62964
6326	YPR013C	0.62961
6327	YLR190W	0.62942
6328	YML015C	0.62932
6329	YPL055C	0.62919
6330	YBR083W	0.62918
6331	YPL075W	0.62916
6332	YDR235W	0.62907
6333	YGR089W	0.62904
6334	YFL021W	0.629
6335	YIL144W	0.62897
6336	YEL057C	0.62865
6337	YKR091W	0.62865
6338	Q0092	0.62857
6339	YKL062W	0.62843
6340	YDR406W-A	0.62837
6341	YGR161C	0.62837
6342	YDR277C	0.62751
6343	YFL033C	0.62731
6344	YPL250C	0.6273
6345	YIL117C	0.62728
6346	YER028C	0.62705
6347	YDL199C	0.62681
6348	YDR166C	0.62673
6349	YJL144W	0.62664
6350	YFR054C	0.62651
6351	YIR033W	0.62637
6352	YCL014W	0.62618
6353	YPL202C	0.626
6354	YDR016C	0.62562
6355	YGL222C	0.62554
6356	YNL115C	0.62552
6357	YDR307W	0.62548
6358	YDR030C	0.62548
6359	YCR033W	0.62546
6360	YKR100C	0.62521
6361	YML007W	0.62521
6362	YOR208W	0.62518
6363	YHR184W	0.62513
6364	YOR158W	0.62491
6365	YMR016C	0.62482
6366	YOR148C	0.62477
6367	YDR379W	0.6246
6368	YKL204W	0.62443
6369	YDL088C	0.62443
6370	YDR443C	0.62426
6371	YLR042C	0.62409
6372	YJL110C	0.624
6373	YMR066W	0.62359
6374	YBL053W	0.62351
6375	YML009C-A	0.62351
6376	YDL235C	0.62338
6377	YFR017C	0.6232
6378	YDR113C	0.62313
6379	YBR148W	0.62264
6380	YPL085W	0.62253
6381	YGR067C	0.62239
6382	YOR032C	0.62214
6383	YMR293C	0.62198
6384	YDR146C	0.62185
6385	YGR153W	0.62164
6386	YDR524C	0.62164
6387	YDL239C	0.6216
6388	YNL157W	0.62153
6389	YER104W	0.62137
6390	YAL010C	0.62126
6391	YKR010C	0.62116
6392	YNL152W	0.62116
6393	YER075C	0.62101
6394	YGR035C	0.62083
6395	YBL009W	0.62071
6396	YOR264W	0.62037
6397	YGL073W	0.62025
6398	YOL070C	0.62025
6399	YIL071C	0.62003
6400	YNR077C	0.61997
6401	YER149C	0.61973
6402	YGR273C	0.61961
6403	YDR207C	0.61957
6404	YJL149W	0.61952
6405	YLR283W	0.61935
6406	YAR014C	0.61896
6407	YDR310C	0.61873
6408	YGL071W	0.61859
6409	YPR084W	0.61849
6410	YPL193W	0.61846
6411	YOL029C	0.61825
6412	YHR177W	0.61805
6413	YGL035C	0.61755
6414	YHR079C-A	0.61706
6415	YGL057C	0.61706
6416	YGL175C	0.61669
6417	YDL206W	0.61656
6418	YNL144C	0.61639
6419	YLR252W	0.61637
6420	YGL159W	0.61634
6421	YIL036W	0.61598
6422	YLL003W	0.61591
6423	YER158C	0.61585
6424	YJR089W	0.61575
6425	YGR098C	0.61569
6426	YHR156C	0.6155
6427	YPL201C	0.61538
6428	YMR273C	0.61529
6429	YKL162C	0.61528
6430	YMR046W-A	0.61526
6431	YDR356W	0.61519
6432	YLR030W	0.61471
6433	YDR457W	0.61466
6434	YJR011C	0.61466
6435	YOL013W-B	0.61458
6436	YPL068C	0.61457
6437	YER045C	0.61454
6438	YDR028C	0.61437
6439	YFR019W	0.61434
6440	YMR255W	0.61427
6441	YLR436C	0.61421
6442	YMR270C	0.61417
6443	YDR371W	0.61405
6444	YNR009W	0.61382
6445	YDR029W	0.61377
6446	YAL040C	0.61348
6447	YOR073W	0.61271
6448	YGR240C-A	0.61241
6449	YOR342C	0.6123
6450	YDL027C	0.61225
6451	YDL211C	0.61217
6452	YDL224C	0.61216
6453	YPR164W	0.61199
6454	YER044C-A	0.61177
6455	YBL054W	0.61167
6456	YOL007C	0.61146
6457	YOR137C	0.61139
6458	YPR095C	0.61116
6459	YML027W	0.61113
6460	YGL079W	0.61104
6461	YDL089W	0.61079
6462	YJR003C	0.61065
6463	YCR065W	0.61055
6464	YPR002C-A	0.61007
6465	YOR066W	0.60984
6466	YMR219W	0.60965
6467	YLR431C	0.60961
6468	YDR151C	0.60922
6469	YJR056C	0.60908
6470	YPR171W	0.60886
6471	YKL065W-A	0.60848
6472	YBR255W	0.60845
6473	YIL122W	0.60839
6474	YAL031C	0.60808
6475	YGL138C	0.60793
6476	YPL014W	0.6078
6477	YLR131C	0.60773
6478	YOL031C	0.60749
6479	YDR217C	0.60734
6480	YDL223C	0.607
6481	YEL043W	0.60698
6482	YER088C	0.6069
6483	YMR144W	0.60677
6484	YNL214W	0.60643
6485	YOR062C	0.60625
6486	YJR083C	0.60617
6487	YNL018C	0.60611
6488	YLR352W	0.60605
6489	YLR282C	0.606
6490	YHR103W	0.6058
6491	YJL095W	0.60549
6492	YNL053W	0.60486
6493	YPR078C	0.60442
6494	YOR076C	0.60441
6495	YLR353W	0.60436
6496	YML062C	0.60413
6497	YMR232W	0.60404
6498	YDR216W	0.60403
6499	YMR199W	0.60393
6500	YFR046C	0.60389
6501	YGR041W	0.60387
6502	YKL093W	0.60386
6503	YNL197C	0.6038
6504	YMR124W	0.60374
6505	YNL042W	0.6036
6506	YOR147W	0.60352
6507	YPL158C	0.60337
6508	YLR273C	0.60334
6509	YNL091W	0.60301
6510	YKL092C	0.60285
6511	YDR069C	0.60281
6512	YBR275C	0.60277
6513	YMR175W	0.60262
6514	YBL088C	0.60228
6515	YLR221C	0.60209
6516	YER040W	0.60187
6517	YOR023C	0.60128
6518	YKL112W	0.60112
6519	YJR157W	0.60068
6520	YMR204C	0.60049
6521	YOL091W	0.60024
6522	YCL063W	0.60023
6523	YPL230W	0.60004
6524	YOR214C	0.59985
6525	YMR179W	0.59981
6526	YDR130C	0.5997
6527	YCL051W	0.59962
6528	YOR324C	0.59932
6529	YKL023C-A	0.59924
6530	YBL109W	0.5992
6531	YOL025W	0.59911
6532	YJL162C	0.59869
6533	YGR120C	0.59861
6534	YLR373C	0.59859
6535	YOL081W	0.5985
6536	YNL034W	0.5984
6537	YDR103W	0.59834
6538	YLL047W	0.59832
6539	YDR096W	0.5978
6540	YPR145C-A	0.59759
6541	YDR219C	0.59692
6542	YDL133C-A	0.5968
6543	YDL184C	0.5968
6544	YDL069C	0.59656
6545	YGR126W	0.59605
6546	YOR195W	0.59599
6547	YCL044C	0.59595
6548	YPL071C	0.59539
6549	YNL076W	0.59512
6550	YBL034C	0.59478
6551	YKL042W	0.59478
6552	YGL021W	0.5944
6553	YDR439W	0.59439
6554	YOR178C	0.59404
6555	YNL103W	0.59386
6556	YMR135C	0.59373
6557	YGL023C	0.59354
6558	YPL255W	0.59344
6559	YER038C	0.59304
6560	YDR515W	0.59289
6561	YJL207C	0.59278
6562	YPR046W	0.59255
6563	YOR352W	0.59245
6564	YMR003W	0.59231
6565	YBR140C	0.59227
6566	YBR047W	0.59156
6567	YPL269W	0.59149
6568	YMR160W	0.59113
6569	YPL033C	0.59084
6570	YFR057W	0.59012
6571	YNL167C	0.58994
6572	YMR086W	0.58992
6573	YNL311C	0.58953
6574	YLR445W	0.58887
6575	YIR025W	0.58875
6576	YHL029C	0.58758
6577	YKR078W	0.58735
6578	YDR446W	0.5873
6579	YJR162C	0.58721
6580	YDR184C	0.58713
6581	YBR130C	0.58707
6582	YCL027W	0.58704
6583	YDR022C	0.58672
6584	YPL054W	0.58633
6585	YDR014W	0.58598
6586	YIL146C	0.58592
6587	YJR030C	0.58583
6588	YML053C	0.58579
6589	YLR102C	0.5856
6590	YDR227W	0.58523
6591	YBR063C	0.58427
6592	YGR113W	0.58425
6593	YPL070W	0.58381
6594	YPL159C	0.58373
6595	YDR374C	0.58364
6596	YIL119C	0.58356
6597	YJL185C	0.58324
6598	YLR334C	0.58187
6599	YBR203W	0.58111
6600	YLR223C	0.5808
6601	YAL047C	0.58076
6602	YFL012W	0.58018
6603	YLR394W	0.57951
6604	YOR044W	0.57943
6605	YDR275W	0.57943
6606	YLR341W	0.57934
6607	YLR053C	0.57922
6608	YDL076C	0.57858
6609	YGR239C	0.57817
6610	YNL027W	0.5775
6611	YHR160C	0.5773
6612	YER130C	0.57714
6613	YPR005C	0.57669
6614	YKL185W	0.57663
6615	YGL128C	0.57633
6616	YDR259C	0.57626
6617	YML112W	0.576
6618	YAL024C	0.5754
6619	YMR206W	0.57452
6620	YBR095C	0.57348
6621	YGR071C	0.57348
6622	YBR007C	0.57294
6623	YDR239C	0.57273
6624	YDR249C	0.57236
6625	YBR165W	0.57144
6626	YHR014W	0.5714
6627	YKL225W	0.57091
6628	Q0255	0.57054
6629	YER106W	0.57053
6630	YML109W	0.57026
6631	YDR223W	0.57024
6632	YHR157W	0.57015
6633	YDR351W	0.56962
6634	YOL036W	0.56912
6635	YPR158W	0.56912
6636	YER132C	0.56905
6637	YIL135C	0.56878
6638	YKR077W	0.56761
6639	YJL051W	0.56747
6640	YKR022C	0.56699
6641	Q0010	0.56666
6642	YJL161W	0.56632
6643	YER111C	0.56612
6644	YBR071W	0.56546
6645	YPL180W	0.56542
6646	YGR023W	0.56506
6647	YER155C	0.56463
6648	YHR054C	0.56314
6649	YPL267W	0.56306
6650	YBL031W	0.56303
6651	YJL090C	0.56285
6652	YOR372C	0.56169
6653	YOR359W	0.56111
6654	YLR257W	0.56107
6655	YNL074C	0.56035
6656	YML091C	0.55998
6657	YNL176C	0.5589
6658	YML119W	0.5588
6659	YGL015C	0.55861
6660	YNL233W	0.55817
6661	YJL181W	0.55764
6662	YBR156C	0.55754
6663	YBR076W	0.55737
6664	YLR457C	0.55737
6665	YDR186C	0.55628
6666	YBR045C	0.55622
6667	YMR075W	0.55555
6668	YER167W	0.55536
6669	YKL105C	0.55439
6670	YDR425W	0.55286
6671	YPL089C	0.55256
6672	YNL078W	0.55214
6673	YBR211C	0.55195
6674	YGR221C	0.55094
6675	YLL065W	0.55091
6676	YNL188W	0.55004
6677	YDR085C	0.54985
6678	YJL147C	0.54842
6679	YMR036C	0.54823
6680	YDR480W	0.54503
6681	YBR285W	0.54455
6682	YPR008W	0.54416
6683	YHR061C	0.54362
6684	YER124C	0.54338
6685	YMR136W	0.54323
6686	YMR037C	0.54313
6687	YPL066W	0.54263
6688	YPL121C	0.54178
6689	YML003W	0.54152
6690	YPR065W	0.54073
6691	YPL124W	0.53919
6692	YFR036W	0.53808
6693	YDL180W	0.53678
6694	YIL152W	0.53391
6695	YJL089W	0.53097
6696	YKL109W	0.52999
6697	YDR528W	0.52892
6698	YER033C	0.52799
6699	YER180C	0.52736
6700	YNL146W	0.52497
6701	Q0144	0.52469
6702	YPL229W	0.52454
6703	YOR315W	0.5245
6704	YDR309C	0.52424
6705	YOR279C	0.52126
6706	YLR049C	0.52066
6707	YBL081W	0.52022
6708	YML006C	0.51868
6709	YNR010W	0.51755
6710	YMR252C	0.51726
6711	YPR083W	0.51413
6712	YGL170C	0.51339
6713	YHR185C	0.51242
6714	Q0140	0.50591
6715	YMR181C	0.50501
6716	YKR075C	0.50319
6717	YGL036W	0.50118
6718	YOL106W	0.49494
6719	YER079W	0.49416
6720	YER032W	0.49205
6721	YBR157C	0.47848
6722	YMR081C	0.46948
6723	YBR138C	0.45603
6724	Q0032	0.4543
6725	YGR146C	0.4452
6726	YJR094C	0.44431
6727	YDL007C-A	0.4372
6728	YGR016C-A	0.30772
6729	YNL155C-A	0.30772
6730	YMR106W-A	0.30772
6731	YNL040C-A	0.30772
6732	YFR035W-A	0.30772
6733	YDL204W-A	0.30772
