rank	yeast_gene	cosine
1	YOR378W	0.9552
2	YGL225W	0.94498
3	YHL047C	0.94464
4	YER039C	0.9437
5	YHL040C	0.94351
6	YJL108C	0.94343
7	YLR229C	0.94257
8	YHL016C	0.94178
9	YBL016W	0.94036
10	YKR059W	0.93891
11	YHR094C	0.93746
12	YOR061W	0.93745
13	YBL026W	0.93696
14	YDR345C	0.93669
15	YBR160W	0.93665
16	YFL011W	0.93615
17	YJL214W	0.93607
18	YIL170W	0.93607
19	YLR113W	0.93583
20	YHR092C	0.93579
21	YDR342C	0.93544
22	YDR343C	0.93517
23	YMR011W	0.935
24	YLR081W	0.9346
25	YDL245C	0.93377
26	YGL255W	0.93376
27	YJR158W	0.93325
28	YNR072W	0.93298
29	YOL156W	0.93253
30	YHR096C	0.93251
31	YML018C	0.93242
32	YEL069C	0.93237
33	YOR257W	0.93233
34	YHR128W	0.93223
35	YBR241C	0.93188
36	YOL162W	0.93183
37	YMR015C	0.93163
38	YJL219W	0.93161
39	YEL065W	0.93142
40	YBR164C	0.9314
41	YPR183W	0.9313
42	YMR034C	0.93121
43	YER081W	0.93103
44	YHR007C	0.93088
45	YER060W-A	0.93086
46	YPR165W	0.93078
47	YOR153W	0.93073
48	YGR040W	0.93035
49	YKR039W	0.93011
50	YFL055W	0.93002
51	YPR138C	0.92988
52	YDR021W	0.92987
53	YER060W	0.9297
54	YDR536W	0.92942
55	YDL006W	0.92929
56	YDR406W	0.92903
57	YER056C	0.92852
58	YPL203W	0.92835
59	YNL090W	0.92833
60	YNL290W	0.92754
61	YPL266W	0.92705
62	YCR098C	0.92691
63	YNL270C	0.92683
64	YMR279C	0.92681
65	YEL063C	0.92673
66	YDL137W	0.92658
67	YKL218C	0.92655
68	YPR182W	0.92638
69	YFL039C	0.92553
70	YPL058C	0.92552
71	YKL146W	0.92545
72	YOL094C	0.92526
73	YDL047W	0.92512
74	YFL017W-A	0.92495
75	YNL268W	0.92467
76	YDL108W	0.92462
77	YNL189W	0.92424
78	YKL190W	0.92416
79	YJL213W	0.92405
80	YER119C	0.92394
81	YJL164C	0.9239
82	YJL167W	0.92381
83	YIL074C	0.9238
84	YER072W	0.92347
85	YMR109W	0.9234
86	YDL192W	0.92336
87	YBR298C	0.92326
88	YGR121C	0.92292
89	YKL024C	0.92284
90	YDR011W	0.92253
91	YMR290C	0.9224
92	YOL158C	0.92239
93	YGR252W	0.92239
94	YPL036W	0.92216
95	YJR065C	0.92194
96	YER171W	0.9219
97	YGL256W	0.92184
98	YDR341C	0.9216
99	YML123C	0.92151
100	YNL006W	0.92149
101	YGL008C	0.92113
102	YDR091C	0.92108
103	YFL026W	0.92054
104	YDR373W	0.92042
105	YOR094W	0.91998
106	YGL001C	0.91977
107	YDR196C	0.91961
108	YDR075W	0.9196
109	YEL031W	0.91901
110	YNL142W	0.91898
111	YDL166C	0.91887
112	YER094C	0.91868
113	YHR030C	0.91853
114	YGR191W	0.91845
115	YER133W	0.91832
116	YPR113W	0.91826
117	YER012W	0.91826
118	YIL121W	0.91823
119	YNL010W	0.9182
120	YMR079W	0.91813
121	YMR246W	0.91807
122	YPL031C	0.91805
123	YOR328W	0.91774
124	YPR051W	0.91735
125	YGR055W	0.91732
126	YBR187W	0.91728
127	YLR034C	0.91723
128	YNR070W	0.91717
129	YOR348C	0.9171
130	YKL129C	0.91705
131	YEL046C	0.91645
132	YKL196C	0.91628
133	YOR046C	0.91591
134	YPL175W	0.91566
135	YDR129C	0.9156
136	YJR160C	0.91544
137	YGR132C	0.91534
138	YDL168W	0.91519
139	YPL246C	0.91517
140	YKR080W	0.91515
141	YMR056C	0.91496
142	YKL166C	0.91476
143	YJL050W	0.91472
144	YHR218W-A	0.9147
145	YBL112C	0.9147
146	YNL202W	0.91456
147	YBR296C	0.91445
148	YCL025C	0.91438
149	YPR016C	0.91425
150	YER052C	0.91423
151	YLR193C	0.91419
152	YPL218W	0.91415
153	YKR002W	0.91398
154	YPL234C	0.91391
155	YBR082C	0.91387
156	YKL033W-A	0.91382
157	YPL244C	0.91382
158	YFL066C	0.91355
159	YCL073C	0.91354
160	YPL264C	0.91353
161	YBR085W	0.91348
162	YAL026C	0.9133
163	YLR058C	0.91324
164	YER009W	0.91312
165	YGL077C	0.91307
166	YEL027W	0.91299
167	YEL064C	0.91296
168	YML116W	0.91293
169	YKR106W	0.91261
170	YCR010C	0.91258
171	YIL116W	0.91257
172	YDR046C	0.91235
173	YIL143C	0.91234
174	YIL009W	0.91231
175	YLR438C-A	0.91219
176	YGR231C	0.91214
177	YFL045C	0.9121
178	YDL210W	0.91208
179	YNR002C	0.91205
180	YDR404C	0.91202
181	YHR018C	0.91187
182	YPR192W	0.91184
183	YCL017C	0.9118
184	YLR130C	0.91176
185	YBL030C	0.91169
186	YGR289C	0.91165
187	YOR317W	0.91136
188	YLL063C	0.91129
189	YJR068W	0.91119
190	YJR124C	0.91117
191	YKL104C	0.91099
192	YCR028C	0.91094
193	YDL128W	0.91091
194	YHR106W	0.91071
195	YDL134C	0.91058
196	YOR347C	0.91054
197	YML012W	0.91049
198	YNL274C	0.90998
199	YPR173C	0.90997
200	YJR156C	0.90995
201	YLR092W	0.90993
202	YBR222C	0.90989
203	YJL014W	0.90985
204	YLR237W	0.90979
205	YNR055C	0.90976
206	YDR059C	0.90973
207	YEL013W	0.9097
208	YNL191W	0.9097
209	YOR270C	0.9096
210	YDL244W	0.90955
211	YBL041W	0.90953
212	YOL021C	0.90951
213	YFL058W	0.90951
214	YNL332W	0.90939
215	YGL167C	0.90934
216	YBR080C	0.90931
217	YDR540C	0.90924
218	YDR040C	0.90907
219	YGR060W	0.9089
220	YOR380W	0.90884
221	YOL038W	0.90881
222	YDR039C	0.90881
223	YER148W	0.9088
224	YFL038C	0.90871
225	YDR185C	0.90864
226	YAL023C	0.90859
227	YMR221C	0.90858
228	YGL091C	0.90845
229	YOL151W	0.90837
230	YFL056C	0.90831
231	YNL123W	0.90818
232	YGL115W	0.90801
233	YGR281W	0.90785
234	YER055C	0.90781
235	YDL247W	0.9078
236	YOL122C	0.90777
237	YMR108W	0.90769
238	YJR152W	0.90763
239	YGR218W	0.90746
240	YKL216W	0.90743
241	YDR038C	0.90741
242	YGL011C	0.90736
243	YJR095W	0.90734
244	YGR123C	0.90732
245	YIL120W	0.90714
246	YJL001W	0.90713
247	YPL265W	0.90704
248	YLR170C	0.907
249	YCR047C	0.90685
250	YBR261C	0.90668
251	YIR028W	0.9066
252	YER178W	0.9065
253	YMR146C	0.90636
254	YKR093W	0.90632
255	YLR359W	0.90626
256	YDR497C	0.90625
257	YBR294W	0.90618
258	YHR050W	0.90614
259	YGR175C	0.906
260	YDR090C	0.906
261	YBR126C	0.9059
262	YLR466W	0.90585
263	YNL330C	0.90583
264	YBR132C	0.90571
265	YPL086C	0.9056
266	YNL112W	0.90559
267	YIL020C	0.90555
268	YGL210W	0.90555
269	YDR375C	0.90539
270	YGR210C	0.90525
271	YGL062W	0.90516
272	YML001W	0.9051
273	YDL001W	0.90509
274	YDL097C	0.90497
275	YOR388C	0.90493
276	YBL075C	0.9049
277	YDL022W	0.9047
278	YGR152C	0.90467
279	YBR218C	0.90461
280	YAL060W	0.90452
281	YLR134W	0.90436
282	YIL003W	0.90418
283	YPL051W	0.90415
284	YPL276W	0.90408
285	YIL048W	0.90408
286	YDL243C	0.90406
287	YFR044C	0.90403
288	YLR347C	0.904
289	YDR232W	0.90398
290	YOR197W	0.90393
291	YDL086W	0.90389
292	YER185W	0.90386
293	YLR438W	0.90376
294	YIR042C	0.90375
295	YHR110W	0.90374
296	YBR008C	0.90357
297	Q0130	0.90352
298	YLL028W	0.90344
299	YER019W	0.90341
300	YDL125C	0.90338
301	YLR303W	0.90333
302	YMR243C	0.90332
303	YDR339C	0.90318
304	YGL253W	0.90318
305	YBR145W	0.90317
306	YBR114W	0.90316
307	YER026C	0.90312
308	YER025W	0.90299
309	YGL087C	0.90291
310	YMR300C	0.90288
311	YDR099W	0.90287
312	YOR192C	0.90285
313	YDL126C	0.90276
314	YIR036C	0.90262
315	YLR153C	0.9026
316	YPR145W	0.90258
317	YMR202W	0.90254
318	YOR204W	0.90249
319	YMR226C	0.90245
320	YOR157C	0.90244
321	YER086W	0.90241
322	YEL066W	0.90241
323	YEL077C	0.9024
324	YDR519W	0.90238
325	YDR508C	0.9023
326	YDR062W	0.90225
327	YER177W	0.90215
328	YBR019C	0.90215
329	YER031C	0.90214
330	YPR204W	0.90212
331	YHR200W	0.90207
332	YNL331C	0.90199
333	YNL288W	0.90199
334	YAL054C	0.90197
335	YJL026W	0.9019
336	YMR292W	0.90179
337	YLL050C	0.90176
338	YBL042C	0.90174
339	YBR154C	0.90169
340	YOR131C	0.90165
341	YPL061W	0.90162
342	YPL274W	0.9016
343	YOL133W	0.90156
344	YLR244C	0.90135
345	YER069W	0.90128
346	YNL209W	0.90122
347	YDL188C	0.90121
348	YJR049C	0.90121
349	YBL078C	0.9012
350	YPL119C	0.90118
351	YNL125C	0.90115
352	YFR053C	0.90115
353	YKL217W	0.90099
354	YDR294C	0.90094
355	YJR105W	0.90092
356	YLR234W	0.9009
357	YDR353W	0.90084
358	YFR047C	0.90082
359	YJR025C	0.90076
360	YEL058W	0.90074
361	YHR057C	0.90071
362	YBR068C	0.90067
363	YJL055W	0.90065
364	YDR541C	0.90062
365	YDR001C	0.90049
366	YOL066C	0.90039
367	YDR155C	0.90038
368	YDL052C	0.90038
369	YOR323C	0.90035
370	YDL164C	0.90033
371	YLR397C	0.90032
372	YDL055C	0.90022
373	YNL277W	0.90016
374	YOR071C	0.90008
375	YAL061W	0.89989
376	YER020W	0.89975
377	YOR381W	0.89968
378	YBR159W	0.89955
379	YLL056C	0.89952
380	YJL012C	0.89952
381	YEL021W	0.89946
382	YJR073C	0.89944
383	YMR058W	0.8994
384	YAL005C	0.89938
385	YGL120C	0.89928
386	YDR135C	0.89923
387	YIL035C	0.89923
388	YER125W	0.899
389	YHR074W	0.89895
390	YLR005W	0.89895
391	YDL229W	0.89894
392	YAL038W	0.89889
393	YGL119W	0.8987
394	YBR235W	0.8987
395	YHL036W	0.89867
396	YPR069C	0.89866
397	YGL221C	0.89861
398	YBR243C	0.89859
399	YLL055W	0.89854
400	YLR348C	0.89853
401	YLR433C	0.89847
402	YOR108W	0.89835
403	YCR009C	0.89833
404	YLR268W	0.89827
405	YAR002C-A	0.89825
406	YML008C	0.89822
407	YJR143C	0.89815
408	YOR161C	0.89814
409	YGR138C	0.89806
410	YJR001W	0.89805
411	YMR205C	0.89799
412	YLL061W	0.89794
413	YDL144C	0.89785
414	YEL011W	0.89784
415	YNL095C	0.89781
416	YOL143C	0.89774
417	YHR032W	0.89771
418	YER145C	0.8977
419	YGR208W	0.89768
420	YOR092W	0.89761
421	YGL026C	0.89759
422	YNR064C	0.89754
423	YBR021W	0.8975
424	YGR286C	0.89737
425	YBR263W	0.89736
426	YOR321W	0.89736
427	YJR077C	0.89734
428	YJR153W	0.89733
429	YFL005W	0.89725
430	YGR213C	0.89722
431	YJL034W	0.89717
432	YKL148C	0.89714
433	YIL142W	0.89713
434	YLR044C	0.89713
435	YIL166C	0.89713
436	YDR092W	0.89712
437	YGL039W	0.89698
438	YER107C	0.89695
439	YPL111W	0.89689
440	YBR034C	0.89686
441	YER099C	0.89684
442	YPR035W	0.89682
443	YMR241W	0.89681
444	YCR073W-A	0.8968
445	YJR148W	0.89679
446	YJL198W	0.89677
447	YBR088C	0.89675
448	YMR301C	0.89668
449	YJL121C	0.89666
450	YNR053C	0.89661
451	YLR420W	0.8966
452	YHR218W	0.89658
453	YGR256W	0.89647
454	YPL259C	0.89647
455	YBR043C	0.89641
456	YPR194C	0.89637
457	YFR055W	0.89634
458	YOL103W	0.89633
459	YGR065C	0.89616
460	YDL100C	0.89615
461	YLL060C	0.89611
462	YPR033C	0.89611
463	YGR124W	0.8961
464	YER103W	0.89608
465	YNL275W	0.89598
466	YBR169C	0.89597
467	YPL028W	0.89597
468	YER089C	0.89594
469	YLL024C	0.89593
470	YGL200C	0.89592
471	YNR060W	0.8958
472	YOR089C	0.89575
473	YML102W	0.89572
474	YNL104C	0.89569
475	YNL098C	0.89565
476	YGR087C	0.89558
477	YMR318C	0.89557
478	YDL095W	0.89555
479	YKL220C	0.89554
480	YER057C	0.89549
481	YIR022W	0.89544
482	YLL018C	0.89543
483	YBR249C	0.89543
484	YER062C	0.8954
485	YER023W	0.89539
486	YIL053W	0.89535
487	YML057W	0.8953
488	YBL091C	0.8953
489	YOL163W	0.8953
490	YMR303C	0.89528
491	YJL143W	0.89527
492	YLR245C	0.89527
493	YEL030W	0.89522
494	YER053C	0.8952
495	YDL102W	0.89516
496	YDL222C	0.89513
497	YJR007W	0.89512
498	YNL014W	0.89512
499	YPR176C	0.89511
500	YOL075C	0.8951
501	YJL045W	0.89507
502	YLR011W	0.89506
503	YGL002W	0.89502
504	YHR208W	0.89499
505	YLR208W	0.89498
506	YKL210W	0.89498
507	YGL047W	0.89497
508	YGL186C	0.89495
509	YEL042W	0.8949
510	YHR183W	0.89482
511	YOL086C	0.89479
512	YGR185C	0.89475
513	YKL001C	0.89468
514	YJR159W	0.89463
515	YHL003C	0.89456
516	YHL011C	0.89455
517	YIL064W	0.8945
518	YKR026C	0.89433
519	YDR454C	0.89432
520	YPR131C	0.89417
521	YFL041W	0.89406
522	YCR057C	0.89396
523	YML069W	0.89393
524	YDL246C	0.89387
525	YNR032C-A	0.89382
526	YLR028C	0.89381
527	YER166W	0.89381
528	YGR282C	0.8938
529	YJR015W	0.89377
530	YPR103W	0.89374
531	YDR047W	0.89373
532	YKR038C	0.89372
533	YGR105W	0.89368
534	YDR402C	0.89364
535	YIL078W	0.89364
536	YER190W	0.89358
537	YNL264C	0.89356
538	YNL200C	0.89354
539	YBR038W	0.89352
540	YIR035C	0.89349
541	YBR287W	0.89342
542	YHR070W	0.89338
543	YOR128C	0.89325
544	YAR073W	0.89325
545	YKL211C	0.89316
546	YLR289W	0.89295
547	YGR197C	0.89287
548	YBL036C	0.89282
549	YNL108C	0.89276
550	YDR304C	0.89271
551	YDR238C	0.89269
552	YAL012W	0.89253
553	YNL231C	0.89251
554	YER090W	0.89245
555	YER015W	0.89234
556	YLR213C	0.89227
557	YJL218W	0.89223
558	YOR159C	0.89223
559	YOL097C	0.89218
560	YMR266W	0.89213
561	YGL157W	0.8921
562	YER007C-A	0.89203
563	YOR126C	0.89201
564	YNL241C	0.89191
565	YJR024C	0.89188
566	YGL097W	0.89187
567	YBR020W	0.89186
568	YIL124W	0.89175
569	YLR060W	0.89173
570	YLR070C	0.89172
571	YOR326W	0.8917
572	YKL127W	0.89164
573	YIL088C	0.89162
574	YLR158C	0.89158
575	YLR157C	0.89158
576	YLR155C	0.89158
577	YLR160C	0.89158
578	YKL046C	0.89152
579	YIL043C	0.89152
580	YHR044C	0.89151
581	YIL160C	0.89134
582	YPL106C	0.89133
583	YJL212C	0.8913
584	YHR043C	0.89129
585	YGL070C	0.89129
586	YCL040W	0.89128
587	YOL137W	0.89112
588	YLR017W	0.89108
589	YLR004C	0.89101
590	YBR143C	0.89098
591	YLR121C	0.89085
592	YML080W	0.8908
593	YDL131W	0.89076
594	YJR058C	0.89071
595	YEL026W	0.8907
596	YDR297W	0.89068
597	YLL067C	0.89065
598	YDL160C	0.89061
599	YPL221W	0.89058
600	YML124C	0.8905
601	YBL039C	0.89046
602	YDL182W	0.89036
603	YBR265W	0.89025
604	YLR249W	0.89024
605	YGL100W	0.89022
606	YLR209C	0.89021
607	YKR053C	0.89019
608	YGL012W	0.89019
609	YOR202W	0.89018
610	YGR224W	0.89009
611	YCR105W	0.89006
612	YKR068C	0.89001
613	YER073W	0.88999
614	YPR193C	0.88993
615	YPR062W	0.8899
616	YJR045C	0.88987
617	YNR034W	0.88986
618	YAL049C	0.88962
619	YOR327C	0.88962
620	YCL009C	0.88958
621	YDR111C	0.88954
622	YJL094C	0.88949
623	YBR046C	0.88942
624	YLR195C	0.8894
625	YNR043W	0.88939
626	YHR042W	0.88937
627	YJR155W	0.88936
628	YKR105C	0.88936
629	YBL022C	0.88935
630	YGR267C	0.88935
631	YIR027C	0.8893
632	YDL084W	0.88922
633	YLR168C	0.88921
634	YGR163W	0.88919
635	YLR152C	0.88918
636	YJL035C	0.88906
637	YHR163W	0.88902
638	YOR273C	0.88898
639	YNL044W	0.88893
640	YGR260W	0.88891
641	YGL234W	0.88889
642	YLR277C	0.88889
643	YLR147C	0.88878
644	YFL017C	0.88851
645	YGR248W	0.88845
646	YOR283W	0.88845
647	YJL030W	0.88839
648	YOL030W	0.88835
649	YBR006W	0.88831
650	YJR069C	0.88812
651	YMR271C	0.88809
652	YBL068W	0.88803
653	YBL071W-A	0.88797
654	YBL111C	0.88797
655	YPR156C	0.88796
656	YGL252C	0.88792
657	YOR095C	0.8879
658	YKL094W	0.88766
659	YIL001W	0.8876
660	YKL078W	0.88753
661	YNR003C	0.88747
662	YOL084W	0.88744
663	YDL029W	0.88744
664	YPL275W	0.88743
665	YMR217W	0.88737
666	YER036C	0.88737
667	YBR291C	0.88735
668	YDR321W	0.88728
669	YJL008C	0.88722
670	YML085C	0.8872
671	YHR190W	0.88718
672	YNL222W	0.88718
673	YML064C	0.88716
674	YNR026C	0.88705
675	YFR009W	0.88703
676	YBR221C	0.88702
677	YBR286W	0.88702
678	YCR027C	0.887
679	YMR120C	0.88699
680	YDR158W	0.88699
681	YIL118W	0.88698
682	YJR116W	0.88695
683	YML022W	0.88687
684	YOR187W	0.88683
685	YNR050C	0.88681
686	YHR019C	0.88675
687	YEL041W	0.88675
688	YAL020C	0.88674
689	YDR384C	0.88665
690	YGR043C	0.88665
691	YFL061W	0.88659
692	YNL335W	0.88659
693	YAL067C	0.88651
694	YPR181C	0.88646
695	YEL051W	0.88645
696	YOR185C	0.88639
697	YBR256C	0.88631
698	YHR112C	0.88622
699	YKL184W	0.88617
700	YIL162W	0.88615
701	YBR295W	0.8861
702	YDR037W	0.88607
703	YLR355C	0.88588
704	YLR172C	0.88585
705	YMR071C	0.88576
706	YHR144C	0.88576
707	YOR241W	0.88571
708	YMR105C	0.8857
709	YCL018W	0.88562
710	YJL217W	0.8856
711	YDR516C	0.88559
712	YMR222C	0.88555
713	YIL177C	0.88555
714	YMR080C	0.88545
715	YLR328W	0.88529
716	YPL006W	0.88528
717	YPL245W	0.88528
718	YDR424C	0.88516
719	YJL225C	0.88515
720	YKL120W	0.88508
721	YHR025W	0.88503
722	YDL201W	0.88502
723	YOR362C	0.88497
724	YEL020C	0.88494
725	YLR027C	0.88483
726	YNR013C	0.88482
727	YML106W	0.8848
728	YJL134W	0.88468
729	YMR236W	0.88462
730	YGR100W	0.88459
731	YMR178W	0.88444
732	YOL055C	0.88439
733	YHR026W	0.88426
734	YGR211W	0.88424
735	YOR142W	0.88405
736	YBL024W	0.88401
737	YBR196C	0.884
738	YLL066C	0.884
739	YMR083W	0.88395
740	YML078W	0.88393
741	YHR135C	0.88392
742	YBR087W	0.88388
743	YOL002C	0.88385
744	YMR008C	0.88384
745	YDL236W	0.8838
746	YGR240C	0.88371
747	YAL064C-A	0.8837
748	YMR084W	0.88369
749	YBR109C	0.88369
750	YDR120C	0.88364
751	YCR011C	0.88363
752	YDR510W	0.88359
753	YPL204W	0.88357
754	YLR069C	0.88352
755	YOR236W	0.88344
756	YOR224C	0.88343
757	YOL090W	0.88342
758	YML133C	0.88337
759	YLR059C	0.8833
760	YDL064W	0.8833
761	YNL244C	0.88329
762	YOR011W	0.88326
763	YPL154C	0.8832
764	YGR155W	0.88319
765	YPL050C	0.88317
766	YBR035C	0.88316
767	YGR019W	0.88297
768	YBR001C	0.88294
769	YLR243W	0.88292
770	YER152C	0.88282
771	YMR210W	0.88278
772	YPL091W	0.88278
773	YOR396W	0.88275
774	YDR545W	0.88275
775	YLR467W	0.88275
776	YER110C	0.88271
777	YDR291W	0.88269
778	YKL107W	0.88266
779	YGL224C	0.88266
780	YLR175W	0.88256
781	YPL169C	0.88252
782	YJL060W	0.88242
783	YJR096W	0.88241
784	YDL238C	0.88238
785	YDR140W	0.8823
786	YNL093W	0.88225
787	YMR022W	0.88224
788	YJL196C	0.88221
789	YDR328C	0.88219
790	YOR084W	0.88213
791	YCR059C	0.88211
792	YPR003C	0.8821
793	YMR138W	0.88207
794	YNL132W	0.88205
795	YEL071W	0.88199
796	YLR216C	0.88196
797	YKL004W	0.88195
798	YOR087W	0.88193
799	YLR432W	0.88191
800	YER003C	0.88191
801	YBR252W	0.88188
802	YNR032W	0.88184
803	YIL109C	0.88183
804	YOR099W	0.88168
805	YDR074W	0.88164
806	YOL132W	0.88163
807	YNL135C	0.88159
808	YDR438W	0.88156
809	YCR107W	0.88156
810	YLR293C	0.88153
811	YDR408C	0.88151
812	YDR033W	0.88147
813	YPR052C	0.88147
814	YHR132C	0.88142
815	YEL038W	0.88142
816	YOR122C	0.88141
817	YMR278W	0.88137
818	YPL129W	0.88136
819	YML021C	0.88134
820	YBR106W	0.88132
821	YGR028W	0.88123
822	YBL089W	0.88118
823	YPL235W	0.88115
824	YNL113W	0.88112
825	YCL069W	0.88108
826	YOL119C	0.88107
827	YMR238W	0.88104
828	YBR153W	0.88104
829	YGL139W	0.88101
830	YML056C	0.88097
831	YPL015C	0.88096
832	YLR291C	0.88093
833	YOL092W	0.8809
834	YOR306C	0.88088
835	YOR384W	0.88079
836	YOR357C	0.88075
837	YKL069W	0.88075
838	YHR111W	0.88065
839	YLR220W	0.88054
840	YCR068W	0.88051
841	YPR110C	0.88044
842	YER165W	0.88043
843	YHR065C	0.88041
844	YNL323W	0.88031
845	YLL053C	0.8803
846	YNR048W	0.88023
847	YMR315W	0.88013
848	YGR253C	0.88011
849	YLR377C	0.88007
850	YDR270W	0.88007
851	YOR316C	0.88006
852	YAL030W	0.88003
853	YAR007C	0.87995
854	YPL094C	0.87993
855	YNL307C	0.87987
856	YKL113C	0.87986
857	YNL130C	0.87981
858	YDR456W	0.8798
859	YFL057C	0.87974
860	YPR086W	0.87971
861	YLR126C	0.87963
862	YBR121C	0.87961
863	YBR117C	0.87957
864	YDL230W	0.87954
865	YHR039C	0.87938
866	YER159C	0.87936
867	YDR448W	0.87935
868	YER143W	0.87933
869	YKL157W	0.87929
870	YPL010W	0.87925
871	YKL035W	0.87913
872	YCR017C	0.87909
873	Q0085	0.87905
874	YMR169C	0.87897
875	YER136W	0.87893
876	YPL199C	0.87893
877	YCL030C	0.8788
878	YLR186W	0.87878
879	YDL080C	0.87878
880	YFR015C	0.87878
881	YOR393W	0.87877
882	YPL281C	0.87877
883	YFR014C	0.87877
884	YDL103C	0.8787
885	YHR005C	0.87849
886	YMR323W	0.87838
887	YGR010W	0.87837
888	YEL040W	0.87832
889	YDR272W	0.87832
890	YNL141W	0.87822
891	YNL339C	0.87817
892	YBR220C	0.87814
893	YNL021W	0.87813
894	YDL174C	0.87813
895	YPL283C	0.87808
896	YGR296W	0.87806
897	YPR081C	0.87805
898	YLR241W	0.87801
899	YMR235C	0.87792
900	YDR415C	0.87786
901	YDR093W	0.87781
902	YHR216W	0.87778
903	YFR031C	0.87777
904	YJR103W	0.87775
905	YFR018C	0.87775
906	YFL053W	0.8776
907	YKL027W	0.87757
908	YGL006W	0.87756
909	YPL258C	0.87753
910	YBR069C	0.87751
911	YBR137W	0.8775
912	YNL099C	0.87747
913	YDR214W	0.87743
914	YDR023W	0.87741
915	YNL259C	0.87724
916	YHR123W	0.87721
917	YJR017C	0.87716
918	YCR037C	0.87715
919	YGR031W	0.87712
920	YIL010W	0.87711
921	YJL208C	0.87703
922	YHR047C	0.87702
923	YNL329C	0.87694
924	YAL042W	0.87692
925	YAR035W	0.87691
926	YDR368W	0.87686
927	YDL046W	0.87686
928	YJL216C	0.87685
929	YDR300C	0.87683
930	YDR226W	0.87676
931	YMR307W	0.87674
932	YJL033W	0.87665
933	YOL124C	0.87663
934	YMR113W	0.87658
935	YPL093W	0.87654
936	YER179W	0.87651
937	YER044C	0.8765
938	YPR108W	0.87645
939	YGR200C	0.87629
940	YGL048C	0.87626
941	YDR533C	0.87624
942	YLR200W	0.87619
943	YBR170C	0.87608
944	YCR053W	0.87605
945	YOR163W	0.87604
946	YCR008W	0.87596
947	YPL046C	0.87592
948	YJL128C	0.87585
949	YOL112W	0.87584
950	YBR029C	0.87582
951	YLR258W	0.87573
952	YGL130W	0.87567
953	YMR183C	0.87562
954	YLR146C	0.87561
955	YMR285C	0.87561
956	YOR339C	0.87553
957	YPL236C	0.87544
958	YIL094C	0.87543
959	YHR029C	0.87542
960	YCR020C-A	0.8754
961	YBR234C	0.87531
962	YOL164W	0.87525
963	YML079W	0.87515
964	YDR267C	0.87513
965	YJR072C	0.87513
966	YER175C	0.87508
967	YKL151C	0.87503
968	YPR054W	0.87496
969	YER004W	0.87492
970	YGR007W	0.87486
971	YEL060C	0.87483
972	YPL160W	0.87482
973	YJR139C	0.87478
974	YBR264C	0.87471
975	YLR137W	0.87468
976	YGL054C	0.87467
977	YLR354C	0.8746
978	YEL047C	0.87459
979	YMR203W	0.87458
980	YLR253W	0.87453
981	YIL145C	0.87448
982	YML014W	0.87446
983	YCR072C	0.87443
984	YDL057W	0.87439
985	YNL154C	0.87438
986	YDR035W	0.87437
987	YLR231C	0.87432
988	YGL022W	0.87417
989	YKR050W	0.87408
990	YIR034C	0.87405
991	YJL155C	0.87405
992	YMR054W	0.87404
993	YOR101W	0.87402
994	YDR394W	0.874
995	YPL232W	0.87397
996	YMR308C	0.87393
997	YOR196C	0.87392
998	YHR064C	0.87391
999	YDR139C	0.87385
1000	YBR242W	0.87382
1001	YOL020W	0.87377
1002	YHR048W	0.87375
1003	YOL157C	0.87372
1004	YBR054W	0.87365
1005	YCL033C	0.87364
1006	YPL135W	0.87359
1007	YFL060C	0.87348
1008	YMR170C	0.87345
1009	YLR214W	0.87339
1010	YEL004W	0.87337
1011	YDR177W	0.87337
1012	YHR013C	0.87337
1013	YBL050W	0.87336
1014	YFR028C	0.87334
1015	YGL078C	0.87331
1016	YIL164C	0.87328
1017	YLR351C	0.87328
1018	YNL334C	0.87326
1019	YHL050C	0.87324
1020	YOR168W	0.87323
1021	YPL226W	0.87319
1022	YOL139C	0.87313
1023	YNR027W	0.87313
1024	YKL152C	0.87311
1025	YKL039W	0.87307
1026	YPR180W	0.87306
1027	YCR061W	0.87298
1028	YMR095C	0.87296
1029	YLR304C	0.87295
1030	YGL063W	0.87294
1031	YPL208W	0.87289
1032	YAL062W	0.87287
1033	YPR041W	0.87286
1034	YOR004W	0.87285
1035	YPR074C	0.8728
1036	YAR015W	0.87278
1037	YDL155W	0.87278
1038	YBR015C	0.87253
1039	YNL065W	0.87253
1040	YGL058W	0.87252
1041	YIL172C	0.87249
1042	YJL221C	0.87249
1043	YGR125W	0.87243
1044	YDR002W	0.87241
1045	YGL017W	0.8724
1046	YOR246C	0.87238
1047	YGR287C	0.87235
1048	YGL220W	0.87234
1049	YLR188W	0.87226
1050	YOR222W	0.87222
1051	YDR465C	0.87221
1052	YNR057C	0.87217
1053	YKR009C	0.87216
1054	YKL213C	0.87213
1055	YDR397C	0.87211
1056	YPL206C	0.87209
1057	YKL161C	0.87209
1058	YGL163C	0.87206
1059	YOR217W	0.87194
1060	YBR089C-A	0.87191
1061	YBL076C	0.8719
1062	YPR121W	0.87187
1063	YLR056W	0.87182
1064	YDR007W	0.87179
1065	YKL114C	0.87165
1066	Q0045	0.87162
1067	YDL124W	0.87161
1068	YER183C	0.87151
1069	YOR027W	0.87147
1070	YFL018C	0.87146
1071	YOR013W	0.87146
1072	YPL017C	0.87145
1073	YJL145W	0.8714
1074	YLR251W	0.8714
1075	YMR297W	0.87136
1076	YNL072W	0.87129
1077	YEL070W	0.87127
1078	YNR073C	0.87127
1079	YER174C	0.87125
1080	YJL111W	0.87125
1081	YAL053W	0.87121
1082	YDR481C	0.87105
1083	YOR391C	0.871
1084	YAL044W-A	0.87095
1085	YJR112W-A	0.87094
1086	YHR107C	0.87089
1087	YPR011C	0.87087
1088	YBL057C	0.87087
1089	YMR288W	0.87077
1090	YJL024C	0.87076
1091	YBR208C	0.87069
1092	YPR167C	0.87056
1093	YDL147W	0.87053
1094	YLR259C	0.87046
1095	YPR128C	0.87044
1096	YOR374W	0.87043
1097	YHR129C	0.87042
1098	YMR262W	0.87036
1099	YHR046C	0.87026
1100	YFR010W	0.8701
1101	YOL059W	0.87009
1102	YPR004C	0.87007
1103	YOR006C	0.87001
1104	YLR307W	0.87
1105	YFL030W	0.86994
1106	YBL040C	0.86991
1107	YHR063C	0.86984
1108	YOL125W	0.86984
1109	YJL171C	0.86984
1110	YGL114W	0.86983
1111	YLR411W	0.86982
1112	YML075C	0.86981
1113	YFR006W	0.86981
1114	YGR094W	0.86981
1115	YOR117W	0.86975
1116	YGL201C	0.86971
1117	YBR078W	0.86966
1118	YNL071W	0.86965
1119	YLR055C	0.86954
1120	YNL281W	0.86952
1121	YER070W	0.86952
1122	YCR023C	0.86947
1123	YNL134C	0.86945
1124	YFL037W	0.86942
1125	YNL194C	0.86935
1126	YLR384C	0.86933
1127	YPL092W	0.86932
1128	YNL237W	0.86931
1129	YDR280W	0.86931
1130	YFR004W	0.86925
1131	YMR215W	0.86922
1132	YGL202W	0.8692
1133	Q0250	0.86914
1134	YOL165C	0.86904
1135	YJR131W	0.869
1136	YOR226C	0.86899
1137	YHR100C	0.86892
1138	YGL148W	0.8689
1139	YIL155C	0.86888
1140	YKL128C	0.86886
1141	YCL074W	0.86886
1142	YCL010C	0.86885
1143	YGR244C	0.86884
1144	YGR135W	0.86879
1145	YDR009W	0.86872
1146	YDR388W	0.86856
1147	YBR041W	0.86851
1148	YOR120W	0.86849
1149	YDR258C	0.86844
1150	YMR253C	0.8684
1151	YKR043C	0.86839
1152	YGL137W	0.8683
1153	YDR287W	0.86825
1154	YGR199W	0.86823
1155	YLR330W	0.86819
1156	YMR027W	0.86818
1157	YBR037C	0.86813
1158	YKL145W	0.86812
1159	YPL280W	0.86811
1160	YOR243C	0.86791
1161	YMR272C	0.8679
1162	YGR180C	0.8679
1163	YKL221W	0.86789
1164	YMR220W	0.86787
1165	YML086C	0.86786
1166	YIR026C	0.86783
1167	YNR015W	0.86771
1168	YER043C	0.86768
1169	YBR115C	0.86762
1170	YJR070C	0.86759
1171	YGR246C	0.86758
1172	YKL144C	0.86757
1173	YMR305C	0.8675
1174	YGR264C	0.86739
1175	YMR009W	0.86736
1176	YDR264C	0.86729
1177	YKR056W	0.86729
1178	YPL095C	0.86728
1179	YNL255C	0.86721
1180	YIL103W	0.8672
1181	YIL065C	0.86719
1182	YDL208W	0.86718
1183	YGL190C	0.86712
1184	YLL058W	0.86706
1185	YNR020C	0.86702
1186	YCR048W	0.86701
1187	YGR279C	0.86698
1188	YGL099W	0.86697
1189	YHR068W	0.86693
1190	YBR002C	0.86687
1191	YBR073W	0.86686
1192	YAL029C	0.86683
1193	YMR322C	0.86682
1194	YLL029W	0.8668
1195	YIL066C	0.86674
1196	YNL138W	0.86672
1197	YBR248C	0.86669
1198	YML038C	0.86668
1199	YDR234W	0.86647
1200	YMR090W	0.86643
1201	YIL013C	0.8664
1202	YML094W	0.86635
1203	YNL024C	0.86635
1204	YPL212C	0.86634
1205	YOL080C	0.86634
1206	YNR019W	0.86632
1207	YOR311C	0.86629
1208	YKR018C	0.86623
1209	YLR285W	0.86623
1210	YHR175W	0.8662
1211	YGL135W	0.86617
1212	YPL220W	0.86617
1213	YNL064C	0.86613
1214	YLR129W	0.86603
1215	YGL207W	0.86603
1216	YBR111C	0.866
1217	YOR335C	0.86593
1218	YHR012W	0.86591
1219	YIR009W	0.86587
1220	YGL055W	0.86583
1221	YPL134C	0.8658
1222	YOR375C	0.86578
1223	YML092C	0.86576
1224	YJL087C	0.86574
1225	YOL011W	0.86573
1226	YLR382C	0.8657
1227	YDR378C	0.86567
1228	YCR021C	0.86567
1229	YDL135C	0.86566
1230	YML131W	0.86564
1231	YMR224C	0.86564
1232	YGR207C	0.86561
1233	YHR020W	0.8656
1234	YIR037W	0.86559
1235	YPL227C	0.86556
1236	YOR356W	0.86552
1237	YPR019W	0.86544
1238	YBR003W	0.86529
1239	YLR398C	0.86519
1240	YOR086C	0.86516
1241	YMR314W	0.86513
1242	YPL231W	0.86508
1243	YJL002C	0.86503
1244	YOR003W	0.86503
1245	YCL035C	0.865
1246	YDR127W	0.86491
1247	YBR183W	0.86489
1248	YGL211W	0.86471
1249	YDL138W	0.86465
1250	YGR020C	0.86464
1251	YIL165C	0.86456
1252	YDL036C	0.86449
1253	YPL214C	0.86448
1254	YOR133W	0.86445
1255	YLR189C	0.86439
1256	YEL034W	0.86433
1257	YER095W	0.8643
1258	YPR058W	0.8643
1259	YMR006C	0.86423
1260	YDL007W	0.86421
1261	YLR120C	0.8642
1262	YOR040W	0.86415
1263	YPL113C	0.86399
1264	YER146W	0.86398
1265	YHR027C	0.86391
1266	YBL105C	0.86389
1267	YLR326W	0.86379
1268	YPR160W	0.86378
1269	YCR004C	0.86375
1270	YDR050C	0.86373
1271	YMR250W	0.86371
1272	YKL008C	0.86365
1273	YDR483W	0.86362
1274	YDR539W	0.86361
1275	YPR002W	0.86358
1276	YKR104W	0.86355
1277	YDL140C	0.86343
1278	YDR045C	0.86332
1279	YOR184W	0.86331
1280	YKR051W	0.86326
1281	YIR029W	0.8632
1282	YBL011W	0.86319
1283	YDR098C	0.86304
1284	YDL178W	0.863
1285	YEL052W	0.86295
1286	YBL021C	0.86291
1287	YIR002C	0.86289
1288	YIL108W	0.86277
1289	YDR019C	0.8627
1290	YDR063W	0.86261
1291	YOL034W	0.86255
1292	YLL018C-A	0.86252
1293	YDR331W	0.86251
1294	YMR296C	0.8624
1295	YML125C	0.86233
1296	YKL021C	0.86232
1297	Q0275	0.8623
1298	YOL016C	0.86226
1299	YOR049C	0.86222
1300	YEL036C	0.86222
1301	YHR031C	0.8622
1302	YLR369W	0.86219
1303	YDL205C	0.86218
1304	YJR074W	0.86212
1305	YJL068C	0.86197
1306	YDR032C	0.86193
1307	YML067C	0.86188
1308	YGR012W	0.86187
1309	YLL026W	0.86178
1310	YLR426W	0.86168
1311	YGR234W	0.86167
1312	YPL171C	0.86162
1313	YOL142W	0.86149
1314	YKL091C	0.86145
1315	YOL065C	0.86145
1316	YMR062C	0.86139
1317	YMR145C	0.86139
1318	YKL067W	0.86137
1319	YDR492W	0.86137
1320	YHR037W	0.86133
1321	YEL039C	0.86125
1322	YLR100W	0.86124
1323	YOR351C	0.86123
1324	YHL017W	0.86118
1325	YJR016C	0.86116
1326	YBL082C	0.86109
1327	YPR127W	0.86107
1328	YOL153C	0.86102
1329	YBR166C	0.861
1330	YNL037C	0.86097
1331	YJR013W	0.86097
1332	YDL212W	0.86096
1333	YKL191W	0.86093
1334	YBL029C-A	0.86089
1335	YML070W	0.86084
1336	YPR056W	0.86079
1337	YMR085W	0.86078
1338	YBR177C	0.86071
1339	YNR041C	0.86066
1340	YHR170W	0.86064
1341	YDR055W	0.86063
1342	YDR116C	0.86061
1343	YKR066C	0.86054
1344	YIL075C	0.86054
1345	YBR202W	0.86049
1346	YOL140W	0.86048
1347	YJR109C	0.86042
1348	YIL148W	0.86039
1349	YKR094C	0.86039
1350	YMR167W	0.86029
1351	YPR149W	0.86022
1352	YDL093W	0.8602
1353	YDR148C	0.86013
1354	YOL005C	0.86011
1355	YNL280C	0.85997
1356	YMR260C	0.85989
1357	YOR361C	0.85984
1358	YLR262C	0.85976
1359	YPL184C	0.85975
1360	YDL194W	0.85973
1361	YPR201W	0.85965
1362	YPL042C	0.85964
1363	YBR214W	0.8596
1364	YPR088C	0.8596
1365	YBR155W	0.85959
1366	YOR259C	0.85958
1367	YKL059C	0.85957
1368	YGR292W	0.85953
1369	YGR048W	0.85952
1370	YBR058C	0.85951
1371	YER065C	0.85951
1372	YBR139W	0.85949
1373	YOR155C	0.85946
1374	YPL213W	0.85946
1375	YPL122C	0.85943
1376	YDR084C	0.85941
1377	YMR099C	0.85935
1378	YJR048W	0.85933
1379	YFL052W	0.85927
1380	YGL101W	0.85925
1381	YJR063W	0.85925
1382	YLR409C	0.85924
1383	YML126C	0.85919
1384	YMR230W	0.85914
1385	YNL111C	0.85909
1386	YPL012W	0.85908
1387	YBR228W	0.85906
1388	YLR324W	0.85902
1389	YKR097W	0.85899
1390	YDR212W	0.85898
1391	YHR148W	0.85897
1392	YBR180W	0.85896
1393	YDL087C	0.85891
1394	YER006W	0.8589
1395	YOR262W	0.85883
1396	YBL091C-A	0.85882
1397	YJL088W	0.85876
1398	YNR065C	0.85875
1399	YAL016W	0.85872
1400	YPR082C	0.85866
1401	YIL051C	0.85858
1402	YOR293W	0.8585
1403	YGL156W	0.85846
1404	YMR197C	0.85842
1405	YBL102W	0.85831
1406	YER017C	0.85825
1407	YJR040W	0.85822
1408	YHR169W	0.8582
1409	YHR104W	0.85818
1410	YBR299W	0.85815
1411	YOR303W	0.85812
1412	YBR011C	0.85806
1413	YIR012W	0.85803
1414	YNL287W	0.85799
1415	YOL058W	0.85795
1416	YPL262W	0.85789
1417	YPR073C	0.85788
1418	YJL172W	0.85788
1419	YGR271W	0.85784
1420	YKR001C	0.8578
1421	YJL125C	0.85777
1422	YPL237W	0.85776
1423	YOR250C	0.85771
1424	YML087C	0.8576
1425	YIL099W	0.85747
1426	YDR411C	0.85741
1427	YDL132W	0.85739
1428	YLR138W	0.85738
1429	YKL080W	0.85725
1430	YBL098W	0.85722
1431	YFR050C	0.8572
1432	YLR046C	0.85716
1433	YOL068C	0.85715
1434	YLR429W	0.85709
1435	YAR062W	0.85698
1436	YHR213W	0.85698
1437	YHR210C	0.85687
1438	YGR203W	0.85677
1439	YPR025C	0.85674
1440	YKL126W	0.8567
1441	YHR179W	0.85666
1442	YBR245C	0.85659
1443	YMR116C	0.85653
1444	YGR172C	0.8565
1445	YPL151C	0.85648
1446	YPR024W	0.85648
1447	YDR380W	0.85644
1448	YPL067C	0.85637
1449	YGL043W	0.85634
1450	YKL013C	0.85632
1451	YMR244W	0.85631
1452	YGR004W	0.85617
1453	YOR109W	0.85607
1454	YBL001C	0.85602
1455	YFR051C	0.85601
1456	YPL059W	0.85599
1457	YHR002W	0.85598
1458	YGR095C	0.85598
1459	YML054C	0.85596
1460	YOR110W	0.85595
1461	YKL135C	0.8558
1462	YKL197C	0.85577
1463	YOL064C	0.85573
1464	YPR107C	0.85569
1465	YGR262C	0.85566
1466	YOR358W	0.85565
1467	YCR034W	0.85547
1468	YGR254W	0.85544
1469	YPL183C	0.85537
1470	YMR101C	0.85534
1471	YKL029C	0.85528
1472	YKR095W-A	0.85524
1473	YNL312W	0.85517
1474	YDR392W	0.85515
1475	YFR025C	0.85511
1476	YKL002W	0.8551
1477	YBR092C	0.85509
1478	YGR277C	0.85508
1479	YDR086C	0.85506
1480	YNL082W	0.85505
1481	YCR102C	0.85502
1482	YIR031C	0.85489
1483	YMR194C-B	0.85489
1484	YGL106W	0.85488
1485	YGR021W	0.85486
1486	YNL229C	0.85485
1487	YDR190C	0.85481
1488	YBR210W	0.85475
1489	YBL113C	0.85475
1490	YDL018C	0.85475
1491	YAR050W	0.85461
1492	YOR209C	0.8546
1493	YJR117W	0.85454
1494	YDR100W	0.8544
1495	YGR247W	0.85437
1496	YJR132W	0.85437
1497	YJL179W	0.85434
1498	YLR203C	0.85434
1499	YBL023C	0.85431
1500	YNR046W	0.85425
1501	YOR074C	0.85413
1502	YHL018W	0.8541
1503	YER168C	0.85404
1504	YBR254C	0.85401
1505	YML035C	0.85397
1506	YNL087W	0.85393
1507	YNR071C	0.85391
1508	YKL193C	0.85381
1509	YOR332W	0.8538
1510	YFL001W	0.85376
1511	YNL003C	0.8537
1512	YGR229C	0.85359
1513	YOR065W	0.85357
1514	YDL141W	0.85356
1515	YNR011C	0.85356
1516	YOL062C	0.85355
1517	YBL056W	0.85352
1518	YOR175C	0.85351
1519	YJL190C	0.85331
1520	YOL154W	0.85328
1521	YGR195W	0.85322
1522	YJR107W	0.85316
1523	YGR288W	0.85315
1524	YLL023C	0.85314
1525	YKL085W	0.85314
1526	YER013W	0.85309
1527	YBR127C	0.85304
1528	YOL093W	0.85303
1529	YLR343W	0.85299
1530	YHR211W	0.85297
1531	YIL021W	0.85295
1532	YLR222C	0.85292
1533	YMR093W	0.8529
1534	YLR389C	0.85289
1535	YKL181W	0.85287
1536	YER134C	0.85285
1537	YNL056W	0.85283
1538	YLR412W	0.85272
1539	YCR094W	0.85271
1540	YML121W	0.85266
1541	YDL085W	0.85259
1542	YEL032W	0.85259
1543	YLR367W	0.85257
1544	YNL117W	0.85255
1545	YHR024C	0.85255
1546	YAL063C	0.85252
1547	YOL077C	0.8524
1548	YNL101W	0.85238
1549	YJR032W	0.85237
1550	YGL171W	0.85235
1551	YER190C-A	0.8523
1552	YGR296C-A	0.8523
1553	YML133W-A	0.8523
1554	YNL339W-A	0.8523
1555	YPL283W-A	0.8523
1556	YIR008C	0.85226
1557	YDR211W	0.85226
1558	YGL205W	0.85221
1559	YIL114C	0.85211
1560	YCR020C	0.85208
1561	YDL014W	0.85198
1562	YLR118C	0.85197
1563	YDR013W	0.85194
1564	YDR305C	0.85185
1565	YJL116C	0.85182
1566	YLR451W	0.85182
1567	YDR398W	0.85181
1568	YAL022C	0.8518
1569	YPR118W	0.85165
1570	YPL170W	0.85163
1571	YHR005C-A	0.85156
1572	YOL073C	0.85153
1573	YKR024C	0.85144
1574	YCR002C	0.85143
1575	YDR144C	0.85138
1576	YDL049C	0.85136
1577	YDR109C	0.85129
1578	YOL009C	0.85122
1579	YPL153C	0.85104
1580	YGR131W	0.85103
1581	YLR210W	0.85097
1582	YGL238W	0.85091
1583	YEL029C	0.85089
1584	YKL053C-A	0.85079
1585	YJR057W	0.85076
1586	YKL003C	0.85075
1587	YLR460C	0.85074
1588	YDL090C	0.85071
1589	YEL056W	0.85061
1590	YBR053C	0.85044
1591	YOR048C	0.85043
1592	YDR263C	0.85042
1593	YMR319C	0.8504
1594	YGL196W	0.8504
1595	YKR070W	0.85034
1596	YCR012W	0.85034
1597	YFR021W	0.8503
1598	YLR078C	0.8503
1599	YBL015W	0.85027
1600	YNL066W	0.85024
1601	YLR410W	0.85021
1602	YAL007C	0.85013
1603	YMR304W	0.85003
1604	YHR108W	0.85001
1605	YNL223W	0.85001
1606	YPR140W	0.84999
1607	YMR268C	0.84995
1608	YNL207W	0.84984
1609	YIL014W	0.84978
1610	YJL124C	0.84975
1611	YPR028W	0.84972
1612	YKR014C	0.84971
1613	YDR191W	0.84969
1614	YNR008W	0.84959
1615	YLR401C	0.84954
1616	YDR441C	0.84947
1617	YML077W	0.84944
1618	YDR172W	0.84943
1619	YJL079C	0.84939
1620	YBR096W	0.84929
1621	YDR453C	0.8492
1622	YML068W	0.84918
1623	YPL043W	0.84914
1624	YFR030W	0.84896
1625	YLR447C	0.84887
1626	YLR405W	0.84879
1627	YKR013W	0.84878
1628	YOR307C	0.84864
1629	YJR144W	0.84857
1630	YGR189C	0.84854
1631	YLR378C	0.84851
1632	YCL036W	0.84848
1633	YBR198C	0.84847
1634	YJR104C	0.84847
1635	YLR286C	0.84847
1636	YJR047C	0.84842
1637	YML052W	0.84838
1638	YOL110W	0.84834
1639	YBR236C	0.84831
1640	YBL032W	0.8483
1641	YNL061W	0.8482
1642	YBR052C	0.84818
1643	YMR089C	0.84817
1644	YDR284C	0.84811
1645	YOR304W	0.84805
1646	YDR352W	0.84802
1647	YLL015W	0.84798
1648	YPR120C	0.84796
1649	YBL099W	0.84795
1650	YBR244W	0.84791
1651	YCR075C	0.84788
1652	YNL045W	0.84783
1653	YLL048C	0.84778
1654	YML004C	0.84774
1655	YHR181W	0.84773
1656	YHR191C	0.84772
1657	YDR083W	0.8477
1658	YER156C	0.84768
1659	YLR372W	0.84764
1660	YMR276W	0.84762
1661	YNL181W	0.84753
1662	YNL129W	0.84753
1663	YGL037C	0.84753
1664	YLR446W	0.84749
1665	YOR119C	0.84747
1666	YCR036W	0.84731
1667	YOL147C	0.84725
1668	YDR167W	0.84724
1669	YHR174W	0.84723
1670	YNL022C	0.84714
1671	YBR149W	0.84709
1672	YHR089C	0.84706
1673	YKL164C	0.84702
1674	YOR103C	0.84701
1675	YPL013C	0.84698
1676	YPL088W	0.84698
1677	YMR001C	0.84695
1678	YEL001C	0.8469
1679	YHR168W	0.8469
1680	YPR080W	0.84688
1681	YBR192W	0.84685
1682	YBL106C	0.8468
1683	YER142C	0.84677
1684	YOR151C	0.84676
1685	YLR014C	0.8467
1686	YOR291W	0.84666
1687	YDR522C	0.84665
1688	YOR034C	0.84658
1689	YJL200C	0.84656
1690	YHR142W	0.84649
1691	YOR285W	0.84646
1692	YBR018C	0.84642
1693	YJR010C-A	0.84641
1694	YKR067W	0.84635
1695	YPR147C	0.84624
1696	YGR029W	0.84619
1697	YHR202W	0.84613
1698	YDR490C	0.84613
1699	YOR298C-A	0.84605
1700	YHR091C	0.84601
1701	YEL020W-A	0.84598
1702	YBR023C	0.84597
1703	YFR005C	0.84592
1704	YGL232W	0.84577
1705	YNL232W	0.84574
1706	YAR018C	0.84573
1707	YLL008W	0.84571
1708	YOL130W	0.84564
1709	YJR130C	0.84564
1710	YIL033C	0.84562
1711	YKL117W	0.84561
1712	YIL039W	0.84556
1713	YML005W	0.84553
1714	YLR038C	0.84543
1715	YLR345W	0.84537
1716	YGR092W	0.84536
1717	YOR079C	0.84535
1718	YHR215W	0.84534
1719	YNL040W	0.84532
1720	YLR089C	0.84528
1721	YNL007C	0.84527
1722	YKR088C	0.84526
1723	YHR003C	0.84519
1724	YJL074C	0.84519
1725	YLL034C	0.84518
1726	YDR338C	0.84517
1727	YJL059W	0.84514
1728	YKR042W	0.84514
1729	YBR014C	0.84509
1730	YKL182W	0.84507
1731	YLL041C	0.84507
1732	YBL018C	0.84506
1733	YOL008W	0.84504
1734	YNL220W	0.845
1735	YMR092C	0.845
1736	YOL060C	0.84499
1737	YOR271C	0.84483
1738	YLR340W	0.84479
1739	YGL009C	0.84478
1740	YGR024C	0.84468
1741	YAR042W	0.84465
1742	YGL050W	0.84461
1743	YBR104W	0.84458
1744	YPL187W	0.84453
1745	YPR153W	0.84444
1746	YNL023C	0.84437
1747	YCR051W	0.84431
1748	YDL104C	0.84429
1749	YAR071W	0.84428
1750	YDR051C	0.84416
1751	YEL037C	0.84415
1752	YLR181C	0.84415
1753	YDR513W	0.84411
1754	YHR028C	0.84411
1755	YFL002C	0.8441
1756	YCL038C	0.84409
1757	YGR276C	0.84404
1758	YAL021C	0.84403
1759	YLR117C	0.84402
1760	YJR129C	0.84399
1761	YJL174W	0.84397
1762	YOL129W	0.84395
1763	YLR383W	0.84394
1764	YEL024W	0.84393
1765	YFR024C-A	0.84391
1766	YMR132C	0.84391
1767	YCR044C	0.84382
1768	YNL055C	0.84373
1769	YFL067W	0.84357
1770	YLR375W	0.84345
1771	YOL098C	0.84344
1772	YCR069W	0.84342
1773	YKR102W	0.84336
1774	YGR001C	0.84326
1775	YNL153C	0.84324
1776	YBR162C	0.84323
1777	YNR012W	0.84319
1778	YGL105W	0.84317
1779	YBR101C	0.84311
1780	YOR036W	0.84311
1781	YLR284C	0.84307
1782	YHR113W	0.84305
1783	YDL190C	0.84303
1784	YNL240C	0.843
1785	YLR218C	0.84298
1786	YDR257C	0.84293
1787	YKR052C	0.84284
1788	YER010C	0.84282
1789	YHR147C	0.84278
1790	YDR236C	0.84276
1791	YFR048W	0.84276
1792	YLR008C	0.84276
1793	YCR045C	0.8427
1794	YIR038C	0.84262
1795	YPL087W	0.84261
1796	YOL096C	0.84258
1797	YKR076W	0.84254
1798	YPR172W	0.84254
1799	YCR005C	0.84248
1800	YNR074C	0.84246
1801	YKL084W	0.84236
1802	YMR251W	0.84235
1803	YCL043C	0.84232
1804	YJL093C	0.84229
1805	YAL039C	0.84225
1806	YDL078C	0.84215
1807	YAL036C	0.84214
1808	YHR072W	0.84213
1809	YEL003W	0.84208
1810	YFL028C	0.84195
1811	YIL168W	0.8419
1812	YHR194W	0.84188
1813	YDR105C	0.84187
1814	YLR399C	0.84185
1815	YMR038C	0.84184
1816	YGL143C	0.84179
1817	YBR093C	0.84178
1818	YGL122C	0.84178
1819	YLR179C	0.84174
1820	YDR400W	0.84174
1821	YOR370C	0.84173
1822	YNR017W	0.84173
1823	YDL051W	0.84154
1824	YKL051W	0.84151
1825	YKL212W	0.8415
1826	YHL039W	0.84148
1827	YMR208W	0.84133
1828	YBR110W	0.84133
1829	YNL020C	0.84133
1830	YPR157W	0.84132
1831	YJR149W	0.84131
1832	YMR088C	0.84129
1833	YEL002C	0.84124
1834	YOR172W	0.84123
1835	YDR468C	0.84116
1836	YGR173W	0.84111
1837	YLR083C	0.8411
1838	YGL206C	0.8411
1839	YFL008W	0.84107
1840	YDR452W	0.84106
1841	YNL106C	0.84104
1842	YML010W	0.84103
1843	YHR176W	0.84094
1844	YNL049C	0.84091
1845	YGL095C	0.84088
1846	YLL011W	0.84088
1847	YDR097C	0.84083
1848	YIL083C	0.84083
1849	YPR159W	0.84083
1850	YDR487C	0.8408
1851	YDR121W	0.84077
1852	YDR324C	0.84076
1853	YNL088W	0.84074
1854	YIL153W	0.8407
1855	YDL217C	0.84066
1856	YDR243C	0.84065
1857	YGL208W	0.84064
1858	YLR361C	0.84046
1859	YER170W	0.84046
1860	YLR108C	0.84045
1861	YMR239C	0.84042
1862	YOR274W	0.84036
1863	YFL050C	0.84024
1864	YBL007C	0.8402
1865	YGL040C	0.84014
1866	YKL207W	0.8401
1867	YML072C	0.8401
1868	YOR367W	0.84002
1869	YMR200W	0.83992
1870	YER172C	0.83992
1871	YAL009W	0.83983
1872	Q0065	0.83982
1873	YOR232W	0.83977
1874	YBL017C	0.83972
1875	YPL117C	0.83972
1876	YFL044C	0.83965
1877	YLR300W	0.83963
1878	YGL010W	0.83959
1879	YML082W	0.83948
1880	YLR099C	0.83947
1881	YNL333W	0.83942
1882	YPL008W	0.8394
1883	YPR198W	0.83938
1884	YPL002C	0.83927
1885	YDL042C	0.83927
1886	YNL192W	0.83921
1887	YDR041W	0.83919
1888	YMR041C	0.83915
1889	YKL154W	0.83914
1890	YJL163C	0.83908
1891	YPR111W	0.83906
1892	YER176W	0.83901
1893	YJL081C	0.83898
1894	YOR007C	0.83895
1895	YLR066W	0.83884
1896	YHR189W	0.83883
1897	YLR167W	0.8388
1898	YOR239W	0.83873
1899	YKR055W	0.83871
1900	YMR139W	0.8387
1901	YBR293W	0.83869
1902	YGL154C	0.83865
1903	YFL059W	0.83864
1904	YPR137W	0.83861
1905	YLL009C	0.8385
1906	YHL026C	0.83844
1907	YGL033W	0.83844
1908	YBR267W	0.83842
1909	YOR206W	0.83841
1910	YDR530C	0.83839
1911	YJL052W	0.83834
1912	YML110C	0.83833
1913	YPR178W	0.83812
1914	YBR094W	0.8381
1915	YKL073W	0.83809
1916	YLR272C	0.83808
1917	YIL063C	0.83801
1918	YNL175C	0.8379
1919	YNL001W	0.83777
1920	YMR143W	0.83774
1921	YDL083C	0.83774
1922	YPL097W	0.83768
1923	YGR083C	0.83767
1924	YGL020C	0.83767
1925	YGR187C	0.83764
1926	YGL241W	0.83752
1927	YNL321W	0.83734
1928	YHL015W	0.83733
1929	YML101C	0.83732
1930	YIL169C	0.83731
1931	YJR009C	0.8372
1932	YPL224C	0.83719
1933	YGR266W	0.83711
1934	YLL057C	0.83709
1935	YPR047W	0.83702
1936	YMR155W	0.83693
1937	Q0120	0.83688
1938	YGL068W	0.83688
1939	YOR165W	0.83666
1940	YPR112C	0.83665
1941	YNR056C	0.83664
1942	YHR201C	0.83661
1943	YFL042C	0.83661
1944	YDR142C	0.83659
1945	YML028W	0.83652
1946	YOR280C	0.83648
1947	YGL084C	0.83647
1948	YNL025C	0.83646
1949	YGL104C	0.83646
1950	YBR227C	0.83645
1951	YDR182W	0.83641
1952	YOR176W	0.83641
1953	YJR014W	0.83634
1954	YHR187W	0.83631
1955	YBL064C	0.83631
1956	YNR058W	0.83629
1957	YER162C	0.83622
1958	YJL082W	0.8362
1959	YER074W-A	0.8362
1960	YMR123W	0.83619
1961	YCL011C	0.83612
1962	YGL184C	0.83611
1963	YNL016W	0.83605
1964	YJL222W	0.83601
1965	YHR069C	0.83599
1966	YLR212C	0.83598
1967	YLL001W	0.83597
1968	YCL047C	0.83596
1969	YIL125W	0.83591
1970	YOR390W	0.8359
1971	YOR136W	0.83586
1972	YJL136C	0.83585
1973	YPR032W	0.83579
1974	YMR214W	0.83578
1975	YNL243W	0.83571
1976	YNR001C	0.83563
1977	YGL140C	0.83559
1978	YOL115W	0.83554
1979	YGR078C	0.83552
1980	YDL017W	0.83547
1981	YIL173W	0.83542
1982	YKL017C	0.83538
1983	YDR358W	0.83536
1984	YGR093W	0.83534
1985	YOL114C	0.83533
1986	YOR145C	0.83531
1987	YER049W	0.83525
1988	YNL313C	0.83524
1989	YIL123W	0.83522
1990	YDR364C	0.83521
1991	YOR100C	0.83517
1992	YKR079C	0.83513
1993	YIL008W	0.83509
1994	YBR070C	0.83509
1995	YER091C	0.83507
1996	YPR066W	0.83507
1997	YGR220C	0.83502
1998	YGL044C	0.835
1999	YBR283C	0.83496
2000	YJR064W	0.83492
2001	YDR514C	0.83491
2002	YGL194C	0.8349
2003	YLL027W	0.83487
2004	YPL060W	0.8347
2005	YLR308W	0.83457
2006	YLR086W	0.83457
2007	YGR036C	0.83446
2008	YPL157W	0.83445
2009	YHR049W	0.83444
2010	YDL072C	0.83443
2011	YDL193W	0.83431
2012	YOR207C	0.83427
2013	YLR178C	0.83422
2014	YPL147W	0.83416
2015	YBR025C	0.83412
2016	YGR204W	0.83409
2017	YKL028W	0.83385
2018	YBR237W	0.83384
2019	YHR001W	0.83384
2020	YIL067C	0.83384
2021	YBR297W	0.83381
2022	YNL063W	0.8338
2023	YMR063W	0.83379
2024	YOR162C	0.83376
2025	YJL097W	0.83372
2026	YAL048C	0.83371
2027	YGL245W	0.83367
2028	YNL059C	0.83366
2029	YIL113W	0.83364
2030	YDR477W	0.83362
2031	YOR292C	0.83362
2032	YPL240C	0.83358
2033	YGR032W	0.83353
2034	YIR019C	0.83352
2035	YPL279C	0.83352
2036	YAL046C	0.83349
2037	YFL022C	0.83349
2038	YDR459C	0.83348
2039	YGR192C	0.83346
2040	YNR016C	0.83342
2041	YMR196W	0.83341
2042	YGL155W	0.8334
2043	YNL292W	0.83338
2044	YDR225W	0.83337
2045	YGR141W	0.83336
2046	YFL048C	0.83335
2047	YFL034C-B	0.83335
2048	YOL010W	0.83333
2049	YKL165C	0.8333
2050	YJR008W	0.83327
2051	YJL080C	0.83325
2052	YMR225C	0.83322
2053	YGR111W	0.83321
2054	YER016W	0.83318
2055	YBL003C	0.83312
2056	YJR085C	0.83311
2057	YDR399W	0.83306
2058	YIL068C	0.83304
2059	YNL293W	0.83303
2060	YLL039C	0.83299
2061	YJR154W	0.83295
2062	YJR078W	0.83271
2063	YDL120W	0.83271
2064	YDR117C	0.83271
2065	YCL064C	0.8327
2066	YPR010C	0.83269
2067	YDR313C	0.83268
2068	YBR017C	0.83263
2069	YKL163W	0.83262
2070	YER066W	0.83261
2071	YOR286W	0.83258
2072	YBR024W	0.83252
2073	YPR034W	0.83249
2074	YOR016C	0.83245
2075	YOR118W	0.83242
2076	YKL103C	0.83241
2077	YMR150C	0.83235
2078	YPR188C	0.83229
2079	YIR039C	0.83228
2080	YHR088W	0.83215
2081	YGL028C	0.83214
2082	YKL060C	0.83213
2083	YOR173W	0.83211
2084	YPL152W	0.83211
2085	YDR336W	0.83207
2086	YNR052C	0.83204
2087	YER100W	0.83204
2088	YDR107C	0.83202
2089	YLR342W	0.83196
2090	YKL194C	0.83191
2091	YLR364W	0.8319
2092	YHR137W	0.8318
2093	YPL001W	0.83172
2094	YNL075W	0.83164
2095	YHR033W	0.83158
2096	YGR194C	0.83156
2097	YNL316C	0.8315
2098	YOR001W	0.83148
2099	YNL256W	0.83147
2100	YGL251C	0.8314
2101	YBR039W	0.83139
2102	YDL177C	0.83124
2103	YEL006W	0.83121
2104	YLR022C	0.83119
2105	YBR207W	0.83117
2106	YGR284C	0.83115
2107	YMR186W	0.83103
2108	YJL041W	0.83103
2109	YJL186W	0.831
2110	YGR159C	0.83098
2111	YLR144C	0.83098
2112	YER164W	0.83089
2113	YGL236C	0.83089
2114	YDR058C	0.83085
2115	YBR176W	0.83085
2116	YDR188W	0.83082
2117	YBR061C	0.83073
2118	YMR162C	0.83071
2119	YLR020C	0.8306
2120	YJR141W	0.8306
2121	YLR276C	0.83055
2122	YJR151C	0.83052
2123	YER120W	0.8305
2124	YOL052C	0.83043
2125	YAL044C	0.8304
2126	YDL202W	0.8303
2127	YJL159W	0.83028
2128	YPR006C	0.83024
2129	YDR170C	0.83024
2130	YKR074W	0.83023
2131	YLR074C	0.83018
2132	YIL007C	0.83014
2133	YDL109C	0.83013
2134	YGL004C	0.83008
2135	YPR190C	0.83007
2136	YBR223C	0.83002
2137	YHR205W	0.83
2138	YBR146W	0.82995
2139	YER082C	0.82991
2140	YGR245C	0.82984
2141	YDR067C	0.82982
2142	YBR205W	0.82976
2143	YKL022C	0.82972
2144	YOR039W	0.82966
2145	YCL050C	0.82963
2146	YHR204W	0.82962
2147	YOR125C	0.82961
2148	YIR032C	0.8295
2149	YHR121W	0.8295
2150	YNL248C	0.82947
2151	YML115C	0.8294
2152	YCL045C	0.82939
2153	YER005W	0.82937
2154	YLR215C	0.82935
2155	YDR531W	0.82934
2156	YNL096C	0.82932
2157	YKL174C	0.82932
2158	YDR518W	0.82925
2159	YPL211W	0.82924
2160	YKL160W	0.82922
2161	YJL104W	0.82916
2162	YML065W	0.82916
2163	YOR265W	0.82914
2164	YFR027W	0.82912
2165	YPL140C	0.82911
2166	YMR152W	0.82909
2167	YGL030W	0.82905
2168	YGR133W	0.82905
2169	YER014W	0.82899
2170	YGL240W	0.82894
2171	YDR332W	0.82893
2172	Q0050	0.82891
2173	YFR038W	0.82889
2174	YBR103W	0.82886
2175	YDR248C	0.82882
2176	YMR166C	0.82882
2177	YCR106W	0.82875
2178	YHL032C	0.82875
2179	YMR069W	0.82872
2180	YDR164C	0.82869
2181	YPL004C	0.82867
2182	YBL068W-A	0.82866
2183	YKR081C	0.82863
2184	YCR028C-A	0.82856
2185	YLR196W	0.8285
2186	YGR232W	0.82847
2187	YNR033W	0.82838
2188	YKL009W	0.82837
2189	YCR060W	0.82833
2190	YKR057W	0.82833
2191	YGR255C	0.82829
2192	YLR386W	0.82827
2193	YHR178W	0.82826
2194	YPR196W	0.82825
2195	YKR084C	0.8282
2196	YIL047C	0.82819
2197	YBR042C	0.82813
2198	YER163C	0.82801
2199	YOL023W	0.828
2200	YCR101C	0.828
2201	YLR421C	0.82797
2202	YLR450W	0.82792
2203	YJR125C	0.82785
2204	YMR306W	0.82784
2205	YIL046W	0.82782
2206	YDL079C	0.82777
2207	YBR056W	0.82776
2208	YJL160C	0.82765
2209	YGR085C	0.82764
2210	YOR181W	0.82763
2211	YJR084W	0.82761
2212	YMR277W	0.82759
2213	YBL055C	0.82755
2214	YGR181W	0.82747
2215	YIL015W	0.82745
2216	YMR104C	0.82741
2217	YDL110C	0.82739
2218	YPR186C	0.82737
2219	YLR085C	0.82735
2220	YDR292C	0.82731
2221	YHR076W	0.82728
2222	YLR274W	0.82727
2223	YBL019W	0.82727
2224	YPL133C	0.82723
2225	YPR119W	0.82719
2226	YKL070W	0.82718
2227	YNL238W	0.82717
2228	YNL148C	0.82713
2229	YOL113W	0.82706
2230	YBR199W	0.82698
2231	YJR133W	0.82693
2232	YPR144C	0.8269
2233	Q0105	0.82689
2234	YAL015C	0.82687
2235	YHL042W	0.82675
2236	YDL033C	0.8267
2237	YHR193C	0.82666
2238	YDR165W	0.8266
2239	YCL054W	0.82656
2240	YDR523C	0.82655
2241	YKL026C	0.8265
2242	YJL178C	0.82647
2243	YOR341W	0.82643
2244	YGR082W	0.8264
2245	YOL126C	0.82638
2246	YOR020C	0.82637
2247	YNL169C	0.8263
2248	YBR200W	0.82618
2249	YDR276C	0.82614
2250	YOR021C	0.82609
2251	YDR061W	0.82601
2252	YCR092C	0.826
2253	YDR268W	0.82596
2254	YBR229C	0.82595
2255	YJL005W	0.82593
2256	YMR131C	0.82591
2257	YNR067C	0.82589
2258	YFL003C	0.82586
2259	YER141W	0.82575
2260	YPL164C	0.82573
2261	YHR209W	0.82571
2262	YDL154W	0.82567
2263	YJR067C	0.82562
2264	YFL054C	0.82561
2265	YNL121C	0.82556
2266	YOR164C	0.82543
2267	YML055W	0.82542
2268	YGL212W	0.82542
2269	YLR270W	0.8254
2270	YLR026C	0.8254
2271	YDR502C	0.82539
2272	YHL031C	0.82538
2273	YGR243W	0.82537
2274	YLL052C	0.82536
2275	YBR251W	0.82532
2276	YNL107W	0.82524
2277	YDL101C	0.82523
2278	YIL062C	0.82516
2279	YKR003W	0.82513
2280	YHR162W	0.82512
2281	YOR261C	0.82512
2282	YLL012W	0.82506
2283	YAR023C	0.82504
2284	YLL036C	0.82503
2285	YBR175W	0.82503
2286	YJL062W	0.82502
2287	YFL034W	0.82502
2288	YKL189W	0.82493
2289	YMR049C	0.82492
2290	YKR062W	0.82491
2291	YNL163C	0.82489
2292	YOR056C	0.82485
2293	YNL048W	0.82484
2294	YLR306W	0.82479
2295	YJL153C	0.82472
2296	YER027C	0.82471
2297	YNL155W	0.82464
2298	YHR040W	0.82463
2299	YDR173C	0.82463
2300	YPL239W	0.8246
2301	YDL019C	0.8245
2302	YPL082C	0.82449
2303	YNL326C	0.82437
2304	YMR321C	0.82424
2305	YOR201C	0.82423
2306	YCL048W	0.82422
2307	YOR258W	0.82414
2308	YNL260C	0.82397
2309	YJL130C	0.82395
2310	YOR272W	0.82391
2311	YPR098C	0.8239
2312	YPR161C	0.82389
2313	YIL016W	0.82389
2314	YHR164C	0.82388
2315	YDR429C	0.82377
2316	YNL317W	0.82371
2317	YDR346C	0.82368
2318	YDL200C	0.82368
2319	YPL176C	0.82366
2320	YLR275W	0.8236
2321	YGL065C	0.82358
2322	YKL209C	0.82357
2323	YHL004W	0.82348
2324	YOR130C	0.82345
2325	YBR125C	0.82338
2326	YLL006W	0.82336
2327	YNL318C	0.82336
2328	YMR310C	0.8233
2329	YGL173C	0.82328
2330	YGL027C	0.82325
2331	YPR184W	0.82324
2332	YPL110C	0.82321
2333	YDR362C	0.82321
2334	YDR435C	0.82316
2335	YJR010W	0.82305
2336	YLR088W	0.82298
2337	YBR151W	0.82294
2338	YPR102C	0.82294
2339	YCR084C	0.82288
2340	YHR051W	0.82282
2341	YLR072W	0.82275
2342	YHR062C	0.82274
2343	YIL110W	0.82273
2344	YLR435W	0.82267
2345	YCL075W	0.82263
2346	YLR047C	0.82262
2347	YJR075W	0.82259
2348	YNL219C	0.82254
2349	YGL144C	0.82249
2350	YHR161C	0.82249
2351	YGR257C	0.82248
2352	YMR228W	0.82244
2353	YKL081W	0.82241
2354	YOL056W	0.82236
2355	YML120C	0.8223
2356	YIL034C	0.82229
2357	YGL198W	0.82225
2358	YOL043C	0.82224
2359	YOR251C	0.82224
2360	YPL273W	0.82224
2361	YPL030W	0.82218
2362	YDR387C	0.82217
2363	YGR169C	0.82215
2364	YGL242C	0.82214
2365	YLR143W	0.82213
2366	YGR145W	0.82211
2367	YER001W	0.82199
2368	YHR171W	0.82198
2369	YER051W	0.82192
2370	YDL004W	0.82188
2371	YJL010C	0.82168
2372	YLR003C	0.82153
2373	YLR357W	0.82146
2374	YHR151C	0.82143
2375	YBL013W	0.82143
2376	YNL305C	0.82142
2377	YER042W	0.82141
2378	YNL161W	0.8214
2379	YNL067W	0.82136
2380	YOL012C	0.82126
2381	YJR099W	0.8212
2382	YMR020W	0.82117
2383	YBR274W	0.82112
2384	YBR091C	0.82111
2385	YML025C	0.82108
2386	YNL185C	0.82106
2387	YNL102W	0.82102
2388	YPL196W	0.82084
2389	YPL222W	0.82078
2390	YDL145C	0.82078
2391	YMR149W	0.82075
2392	YAL035W	0.82071
2393	YLR380W	0.82068
2394	YBL002W	0.82065
2395	YKL019W	0.82061
2396	YOL061W	0.82058
2397	YAL019W	0.82056
2398	YPL103C	0.82053
2399	YKR017C	0.82049
2400	YIL004C	0.82045
2401	YHR219W	0.82042
2402	YDR525W-A	0.82038
2403	YLR418C	0.82038
2404	YOL049W	0.82038
2405	YNL168C	0.82033
2406	YMR244C-A	0.82033
2407	YDR282C	0.82024
2408	YNR030W	0.82022
2409	YBR112C	0.82021
2410	YJL133W	0.82014
2411	YLR413W	0.82012
2412	YIL091C	0.82009
2413	YOL006C	0.82006
2414	YPL172C	0.82003
2415	YIR023W	0.82002
2416	YHR098C	0.81998
2417	YDR060W	0.81996
2418	YPR133C	0.81995
2419	YDR161W	0.81989
2420	YDL143W	0.81986
2421	YMR229C	0.81984
2422	YML098W	0.81979
2423	YKL018W	0.81975
2424	YDL123W	0.81966
2425	YHR066W	0.81958
2426	YFL004W	0.81958
2427	YGL003C	0.81958
2428	YDR237W	0.81957
2429	YLR180W	0.81952
2430	YNL299W	0.81946
2431	YHL008C	0.81944
2432	YLR065C	0.81943
2433	YOL041C	0.81934
2434	YAR003W	0.81927
2435	YDR325W	0.81924
2436	YDR224C	0.81924
2437	YGR263C	0.81912
2438	YPL048W	0.8191
2439	YER059W	0.81904
2440	YDL092W	0.81901
2441	YDL040C	0.81901
2442	YDR419W	0.81897
2443	YDR189W	0.81892
2444	YDR498C	0.81889
2445	YML051W	0.81887
2446	YGL248W	0.81884
2447	YGL181W	0.81882
2448	YGL164C	0.81881
2449	YLR197W	0.81877
2450	YHR039C-A	0.81864
2451	YNL246W	0.81863
2452	YPL207W	0.81856
2453	YJL036W	0.81853
2454	YPL116W	0.81853
2455	YDR265W	0.81852
2456	YKL215C	0.81851
2457	YGR103W	0.81845
2458	YJL168C	0.81838
2459	YDL207W	0.81835
2460	YDL119C	0.81833
2461	YPL127C	0.81832
2462	YBR213W	0.81827
2463	YCR100C	0.81823
2464	YIL167W	0.81823
2465	YMR078C	0.81823
2466	YNL247W	0.8181
2467	YGL243W	0.81804
2468	YJL117W	0.81798
2469	YGL112C	0.81796
2470	YIL157C	0.81796
2471	YOR057W	0.81794
2472	YDR306C	0.81794
2473	YNL306W	0.81783
2474	YGR217W	0.81782
2475	YLR105C	0.81782
2476	YMR302C	0.8178
2477	YOL141W	0.8178
2478	YJL210W	0.81779
2479	YBR062C	0.81775
2480	YPR114W	0.81774
2481	YKL071W	0.81773
2482	YEL019C	0.81773
2483	YDR056C	0.81758
2484	YLR452C	0.8175
2485	YHR075C	0.8175
2486	YER061C	0.81744
2487	YOL018C	0.8174
2488	YLL014W	0.81737
2489	YGR061C	0.81727
2490	YMR189W	0.81727
2491	YGR063C	0.81717
2492	YDL037C	0.81714
2493	YMR218C	0.81711
2494	YOR377W	0.81709
2495	YJL126W	0.81706
2496	YOL152W	0.81704
2497	YDR312W	0.81701
2498	YHR120W	0.817
2499	YIL126W	0.81699
2500	YNR029C	0.81697
2501	YJL183W	0.81695
2502	YMR177W	0.81682
2503	YDR390C	0.81681
2504	YHR134W	0.81681
2505	YOR052C	0.81674
2506	YBR141C	0.81673
2507	YPR200C	0.81667
2508	YDR386W	0.81663
2509	YPR100W	0.81655
2510	YKR103W	0.81654
2511	YLR318W	0.8165
2512	YOR154W	0.81649
2513	YGR268C	0.81645
2514	YHR085W	0.81642
2515	YGR080W	0.81634
2516	YHR016C	0.81632
2517	YKL087C	0.81621
2518	YAL033W	0.81619
2519	YGL126W	0.81615
2520	YER039C-A	0.81614
2521	YKR086W	0.81611
2522	YKR069W	0.81606
2523	YGL246C	0.81598
2524	YNL212W	0.81597
2525	YGL147C	0.81596
2526	YDR145W	0.81595
2527	YGL185C	0.81593
2528	YPL145C	0.8158
2529	YLR246W	0.8158
2530	YGR086C	0.81579
2531	YNL206C	0.81574
2532	YLR163C	0.8157
2533	YPR060C	0.81568
2534	YKL065C	0.81566
2535	YDR395W	0.81559
2536	YPL179W	0.81544
2537	YML118W	0.81541
2538	YGR143W	0.8154
2539	YPR017C	0.81539
2540	YLR133W	0.81535
2541	YLR449W	0.81535
2542	YJL139C	0.81533
2543	YDR538W	0.81532
2544	YDR430C	0.81525
2545	YLR145W	0.81521
2546	YML019W	0.81518
2547	YHR041C	0.81511
2548	YLR316C	0.81506
2549	YKL119C	0.81501
2550	YBR167C	0.81496
2551	YFL016C	0.81492
2552	YFR041C	0.81484
2553	YDL063C	0.81483
2554	YER123W	0.81483
2555	YOR295W	0.81478
2556	YOR275C	0.81474
2557	YLR239C	0.81469
2558	YMR127C	0.81465
2559	YMR180C	0.81462
2560	YHR117W	0.81456
2561	YKL222C	0.81452
2562	YBL061C	0.81449
2563	YDR506C	0.8144
2564	YOR005C	0.8144
2565	YMR201C	0.81439
2566	YAL003W	0.81436
2567	YFR032C	0.81433
2568	YNL328C	0.81432
2569	YKL007W	0.8142
2570	YOR369C	0.8141
2571	YOR096W	0.81403
2572	YOR254C	0.81394
2573	YPL194W	0.81389
2574	YPL104W	0.81386
2575	YOR223W	0.81379
2576	YBR147W	0.81377
2577	YKL150W	0.81372
2578	YNL036W	0.81371
2579	YEL050C	0.81366
2580	YGL082W	0.81358
2581	YPL131W	0.81357
2582	YDR447C	0.81356
2583	YJL031C	0.81354
2584	YMR096W	0.81353
2585	YGR047C	0.81353
2586	YGR201C	0.81353
2587	YFR007W	0.81348
2588	YLR390W	0.81347
2589	YLR205C	0.81344
2590	YPL282C	0.81342
2591	YOR394W	0.81342
2592	YDL185W	0.81336
2593	YGL183C	0.81335
2594	YOR330C	0.81335
2595	YNL147W	0.81334
2596	YDR194C	0.81334
2597	YPL270W	0.81333
2598	YPL109C	0.81329
2599	YNL239W	0.81312
2600	YMR055C	0.81309
2601	YLL043W	0.81304
2602	YIL022W	0.81301
2603	YOR310C	0.81292
2604	YIL002C	0.8129
2605	YGR285C	0.81287
2606	YGR054W	0.81278
2607	YDR479C	0.81265
2608	YLR002C	0.81261
2609	YNR051C	0.81261
2610	YGR026W	0.8125
2611	YOR213C	0.81247
2612	YHR114W	0.81243
2613	YKL178C	0.81232
2614	YDL060W	0.81229
2615	YJR137C	0.81226
2616	YJL091C	0.81225
2617	YOR278W	0.8122
2618	YDL215C	0.81213
2619	YIL082W-A	0.81212
2620	YLR335W	0.81201
2621	YDL159W	0.81199
2622	YOR231W	0.81195
2623	YDR476C	0.81192
2624	YOR002W	0.81191
2625	YDR031W	0.81188
2626	YML042W	0.81181
2627	YDR391C	0.8117
2628	YCL026C-A	0.8117
2629	YNL320W	0.8116
2630	YMR114C	0.81159
2631	YOR219C	0.81152
2632	YJL158C	0.81149
2633	YJR020W	0.81149
2634	YGR177C	0.81147
2635	YDR286C	0.81141
2636	YCL026C-B	0.81139
2637	YOL072W	0.81138
2638	YOR132W	0.81133
2639	YKL098W	0.81133
2640	YBR079C	0.81131
2641	YER157W	0.8113
2642	YDL213C	0.81123
2643	YML024W	0.81121
2644	YBR055C	0.81118
2645	YGL064C	0.81113
2646	YHR207C	0.81111
2647	YDR427W	0.81106
2648	YJR052W	0.81101
2649	YDR534C	0.811
2650	YDR330W	0.81092
2651	YIL147C	0.81081
2652	YAL018C	0.81066
2653	YDR183W	0.81053
2654	YDR293C	0.8105
2655	YPR124W	0.81039
2656	YOR025W	0.81036
2657	YML060W	0.81036
2658	YDR132C	0.81035
2659	YIL050W	0.81029
2660	YPL096W	0.81024
2661	YLR019W	0.81023
2662	YGR283C	0.81023
2663	YCR079W	0.81017
2664	YOR067C	0.81017
2665	YER029C	0.81015
2666	YOR233W	0.81003
2667	YNR062C	0.80998
2668	YOL067C	0.80996
2669	YFL047W	0.80996
2670	YBR084W	0.80979
2671	YJR006W	0.80976
2672	YGR241C	0.80974
2673	YGL083W	0.80966
2674	YOR244W	0.80964
2675	YFR022W	0.80963
2676	YOR059C	0.80962
2677	YDL015C	0.80955
2678	YDL111C	0.80953
2679	YDR256C	0.80952
2680	YGR037C	0.80947
2681	YHR166C	0.80942
2682	YOR077W	0.80935
2683	YBR201W	0.80926
2684	YHR115C	0.80925
2685	YOR018W	0.80922
2686	YGR261C	0.80919
2687	YDL054C	0.80913
2688	YJR005W	0.80908
2689	YNL062C	0.80907
2690	YPR094W	0.80905
2691	YHL013C	0.80903
2692	YMR035W	0.80903
2693	YOL145C	0.80891
2694	YMR261C	0.80889
2695	YCL059C	0.80887
2696	YLR109W	0.80879
2697	YNL218W	0.80876
2698	YPL125W	0.80874
2699	YOL001W	0.80873
2700	YIL128W	0.80871
2701	YJR121W	0.80858
2702	YML097C	0.80858
2703	YML074C	0.80857
2704	YIL023C	0.80856
2705	YGR074W	0.80856
2706	YLR174W	0.80855
2707	YGL045W	0.8085
2708	YBR204C	0.80844
2709	YJR035W	0.80841
2710	YLR414C	0.80837
2711	YHL034C	0.80836
2712	YOR212W	0.80826
2713	YOL057W	0.80822
2714	YJL065C	0.80809
2715	YNL092W	0.80805
2716	YPL209C	0.80787
2717	YHR034C	0.80786
2718	YPL249C	0.80782
2719	YDR349C	0.80778
2720	YCR030C	0.80776
2721	YPR162C	0.80769
2722	YCL001W-B	0.80754
2723	YDL010W	0.80747
2724	YKL132C	0.80746
2725	YOR116C	0.80745
2726	YBR074W	0.80742
2727	YDL167C	0.80739
2728	YDR503C	0.80733
2729	YGR162W	0.8073
2730	YNL251C	0.80729
2731	YLR114C	0.80728
2732	YER182W	0.80725
2733	YIL107C	0.80724
2734	YKR060W	0.80719
2735	YMR234W	0.80701
2736	YMR040W	0.80698
2737	YEL054C	0.80698
2738	YDR418W	0.80698
2739	YIR007W	0.80693
2740	YJL042W	0.8069
2741	YOR022C	0.80687
2742	YGL141W	0.80683
2743	YNL083W	0.80683
2744	YEL044W	0.80682
2745	YIL106W	0.80682
2746	YLR287C	0.80681
2747	YOR090C	0.80675
2748	YGR144W	0.80672
2749	YPL029W	0.80668
2750	YGL179C	0.80663
2751	YDR436W	0.80662
2752	YPL024W	0.80659
2753	YMR097C	0.80653
2754	YFL009W	0.80644
2755	YLL062C	0.80639
2756	YDR421W	0.80636
2757	YPL101W	0.80631
2758	YNL032W	0.80629
2759	YPR163C	0.80622
2760	YER080W	0.80618
2761	YHL014C	0.80611
2762	YBR271W	0.8061
2763	YJL072C	0.80602
2764	YOR111W	0.806
2765	YDR428C	0.80596
2766	YLR107W	0.80595
2767	YMR269W	0.80594
2768	YMR110C	0.80591
2769	YDR298C	0.8059
2770	YPL215W	0.80585
2771	YGL049C	0.80585
2772	YDL240W	0.80584
2773	YJR019C	0.80576
2774	YGR109W-B	0.80572
2775	YAL058W	0.80555
2776	YPL217C	0.80547
2777	YKR087C	0.80542
2778	YBR185C	0.8054
2779	YNL015W	0.80539
2780	YJR100C	0.80534
2781	YOR054C	0.80524
2782	YIL030C	0.80522
2783	YCR096C	0.80516
2784	YDL171C	0.80512
2785	YJL011C	0.80496
2786	YOR141C	0.80493
2787	YPL195W	0.80483
2788	YOL135C	0.80479
2789	YOR160W	0.80477
2790	YBR273C	0.80477
2791	YOR215C	0.80471
2792	YMR004W	0.80469
2793	YHR086W	0.80468
2794	YLR240W	0.80467
2795	YEL055C	0.80467
2796	YKL064W	0.80452
2797	YLR050C	0.80448
2798	YHR140W	0.80441
2799	YOR091W	0.80441
2800	YPR023C	0.80429
2801	YBL058W	0.80416
2802	YER002W	0.80414
2803	YKL095W	0.80399
2804	YLR419W	0.80399
2805	YOL155C	0.80397
2806	YOR035C	0.80387
2807	YJL085W	0.80385
2808	YJR142W	0.80381
2809	YDR444W	0.8037
2810	YHR008C	0.80369
2811	YER037W	0.80367
2812	YJL129C	0.80358
2813	YJR118C	0.80354
2814	YJL193W	0.80348
2815	YML096W	0.80348
2816	YJR076C	0.80344
2817	YBL038W	0.80336
2818	YHR009C	0.80329
2819	YKL041W	0.80329
2820	YLR427W	0.80321
2821	YGR242W	0.80319
2822	YPR037C	0.80317
2823	YPL190C	0.80312
2824	YDL039C	0.8031
2825	YJR051W	0.80305
2826	YCR071C	0.80302
2827	YNL119W	0.80299
2828	YDL165W	0.80298
2829	YML127W	0.80291
2830	YIL134W	0.80288
2831	YOL042W	0.80287
2832	YLR443W	0.80282
2833	YIL041W	0.8028
2834	YHR011W	0.80276
2835	YFL036W	0.80266
2836	YBL069W	0.80254
2837	YHR124W	0.8025
2838	YMR128W	0.80249
2839	YDL156W	0.80247
2840	YER098W	0.80244
2841	YDR381W	0.80241
2842	YOR389W	0.80225
2843	YGL018C	0.80224
2844	YPL138C	0.80221
2845	YOR301W	0.80215
2846	YNL298W	0.80213
2847	YJR113C	0.80211
2848	YEL048C	0.8021
2849	YPL053C	0.80203
2850	YOR340C	0.80197
2851	YDL231C	0.80196
2852	YCR087C-A	0.80191
2853	YDR393W	0.8019
2854	YJR135W-A	0.80186
2855	YLR115W	0.80183
2856	YER078C	0.80176
2857	YJR098C	0.80176
2858	YKR061W	0.80172
2859	YGL111W	0.80172
2860	YBR060C	0.8017
2861	YDL081C	0.80167
2862	YER063W	0.8016
2863	YLR455W	0.8015
2864	YKL187C	0.80149
2865	YFL025C	0.80146
2866	YPL022W	0.80144
2867	YDR434W	0.80144
2868	YNL190W	0.80139
2869	YJL154C	0.80132
2870	YGL169W	0.80129
2871	YBR030W	0.80128
2872	YMR309C	0.80126
2873	YJL096W	0.80119
2874	YHR116W	0.80107
2875	YBR281C	0.80105
2876	YCR042C	0.8009
2877	YKR048C	0.80086
2878	YOR334W	0.80079
2879	YOR253W	0.80073
2880	YPL023C	0.80073
2881	YKL202W	0.80065
2882	YDL226C	0.80061
2883	YBL095W	0.80057
2884	YBR288C	0.80047
2885	YCL032W	0.80045
2886	YCL008C	0.80041
2887	YHL002W	0.80039
2888	YKL173W	0.80039
2889	YDR410C	0.80028
2890	YDR178W	0.80025
2891	YBR031W	0.80023
2892	YGR193C	0.80016
2893	YHR139C	0.80011
2894	YKL139W	0.80006
2895	YHR188C	0.80005
2896	YJL192C	0.80001
2897	YFL034C-A	0.79998
2898	YML061C	0.79997
2899	YGR157W	0.79992
2900	YDR036C	0.79987
2901	YGL094C	0.79982
2902	YDR004W	0.79978
2903	YFR002W	0.79975
2904	YGR154C	0.79974
2905	YGR214W	0.7997
2906	YKL192C	0.79965
2907	YPL063W	0.7996
2908	YGL187C	0.79958
2909	YKL040C	0.79954
2910	YPR104C	0.79952
2911	YPL100W	0.79951
2912	YHR038W	0.79951
2913	YMR102C	0.79947
2914	YPL188W	0.79946
2915	YPR168W	0.79943
2916	YNL094W	0.79943
2917	YBL067C	0.79933
2918	YNL180C	0.79929
2919	YPL045W	0.79924
2920	YGR209C	0.79923
2921	YHL012W	0.7992
2922	YIL006W	0.7992
2923	YGR110W	0.79917
2924	YBL037W	0.79891
2925	YMR033W	0.7989
2926	YMR312W	0.79884
2927	YDR205W	0.79884
2928	YHL010C	0.79882
2929	YGL053W	0.7988
2930	YDR012W	0.7988
2931	YMR263W	0.79878
2932	YCL016C	0.79877
2933	YNL137C	0.79876
2934	YOR296W	0.79874
2935	YJR145C	0.79866
2936	YHR203C	0.79866
2937	YGL166W	0.79863
2938	YNL282W	0.7986
2939	YDL031W	0.79855
2940	YDR496C	0.79853
2941	YER116C	0.79839
2942	YNR034W-A	0.79833
2943	YDR054C	0.79829
2944	YIL095W	0.79826
2945	YML030W	0.79819
2946	YDL198C	0.79817
2947	YBR233W	0.79817
2948	YCR035C	0.79817
2949	YNL110C	0.79813
2950	YGL231C	0.79811
2951	YDR517W	0.79806
2952	YJL137C	0.79796
2953	YGR062C	0.79791
2954	YPR091C	0.79788
2955	YDR432W	0.79784
2956	YDR440W	0.79779
2957	YJL078C	0.79771
2958	YPL003W	0.79766
2959	YDL160C-A	0.79761
2960	YGL250W	0.7976
2961	YFL040W	0.79758
2962	YPL009C	0.79758
2963	YLR075W	0.79758
2964	YDR242W	0.79756
2965	YOR171C	0.79755
2966	YJR161C	0.79741
2967	YNL081C	0.79737
2968	YLR037C	0.79732
2969	YAL001C	0.79729
2970	YLR116W	0.79728
2971	YNL160W	0.79726
2972	YGL259W	0.79716
2973	YGL089C	0.79704
2974	YHL046C	0.797
2975	YDL021W	0.79688
2976	YDR018C	0.79688
2977	YNR054C	0.79685
2978	YLR007W	0.79684
2979	YBR302C	0.79677
2980	YML132W	0.79677
2981	YLR430W	0.79664
2982	YLR393W	0.79664
2983	YDR204W	0.79661
2984	YJL197W	0.79661
2985	YNL286W	0.79659
2986	YNR021W	0.79649
2987	YMR265C	0.79648
2988	YLR250W	0.79646
2989	YPL277C	0.79645
2990	YMR076C	0.79643
2991	YOL111C	0.79642
2992	YNL291C	0.79637
2993	YGR294W	0.79632
2994	YGL067W	0.79603
2995	YDL248W	0.79595
2996	YCR104W	0.79592
2997	YJR034W	0.79591
2998	YGR295C	0.79589
2999	YDR337W	0.79586
3000	YLR290C	0.79584
3001	YOR245C	0.7958
3002	YPL019C	0.7957
3003	YLR164W	0.79566
3004	YMR325W	0.79559
3005	YMR223W	0.79546
3006	YKL140W	0.79545
3007	YGR005C	0.79545
3008	YIL171W	0.79544
3009	YLR362W	0.79537
3010	YNL004W	0.79533
3011	YDR372C	0.79532
3012	YIR015W	0.79526
3013	YLR080W	0.79524
3014	YLL064C	0.79521
3015	YNR076W	0.79521
3016	YER117W	0.79519
3017	YBL087C	0.79519
3018	YJR042W	0.79517
3019	YNL263C	0.79513
3020	YPR048W	0.79512
3021	YOR134W	0.79511
3022	YGR101W	0.79505
3023	YGL261C	0.79503
3024	YBL108C-A	0.79503
3025	YAL068C	0.79503
3026	YEL049W	0.79503
3027	YDR160W	0.79499
3028	YNL289W	0.79494
3029	YLR319C	0.79493
3030	YPR189W	0.79487
3031	YBL101C	0.79487
3032	YLL025W	0.79477
3033	YDL233W	0.79476
3034	YBL049W	0.79474
3035	YCR046C	0.79474
3036	YLR371W	0.79469
3037	YPL083C	0.79468
3038	YNL116W	0.79466
3039	YJR046W	0.79465
3040	YLR023C	0.7945
3041	YDR182W-A	0.7945
3042	YNL336W	0.79449
3043	YDR542W	0.79441
3044	YMR264W	0.79439
3045	YFL046W	0.79437
3046	YOR290C	0.79434
3047	YCR076C	0.79428
3048	YJL063C	0.79425
3049	YKL156W	0.79425
3050	Q0160	0.79422
3051	YNL325C	0.7942
3052	YLR461W	0.79415
3053	YPL263C	0.79413
3054	YBR301W	0.79412
3055	YHR206W	0.7941
3056	YJR061W	0.79407
3057	YKL167C	0.79394
3058	YGR216C	0.79393
3059	YDL024C	0.79392
3060	YIR041W	0.7939
3061	YPL112C	0.79388
3062	YOR365C	0.79376
3063	YHR077C	0.79366
3064	YBL008W	0.79365
3065	YJL194W	0.79365
3066	YOR216C	0.79355
3067	YJL102W	0.79354
3068	YKL224C	0.79347
3069	YML105C	0.79346
3070	YDL105W	0.79341
3071	YDR403W	0.79341
3072	YGL125W	0.79338
3073	YPL268W	0.79338
3074	YCR067C	0.79327
3075	YPL247C	0.79326
3076	YOR386W	0.7932
3077	YKL100C	0.79315
3078	YJR088C	0.79309
3079	YKL006C-A	0.79305
3080	YML031W	0.79305
3081	YOR070C	0.79303
3082	YHL035C	0.79302
3083	YOR237W	0.7929
3084	YPL167C	0.79283
3085	YER140W	0.79281
3086	YNL250W	0.79277
3087	YDR493W	0.79275
3088	YIL176C	0.79273
3089	YJL223C	0.79273
3090	YBR246W	0.79271
3091	YDL161W	0.7927
3092	YHR165W-A	0.79257
3093	YDL218W	0.79256
3094	YOL128C	0.79239
3095	YDL195W	0.79239
3096	YMR216C	0.79237
3097	YLR077W	0.79233
3098	YLR025W	0.7923
3099	YOR150W	0.79228
3100	YNL252C	0.79219
3101	YNL124W	0.79219
3102	YNL217W	0.79213
3103	YOL146W	0.79208
3104	YOR180C	0.79207
3105	YCR090C	0.792
3106	YOR038C	0.79199
3107	YOR353C	0.79187
3108	YGR136W	0.79185
3109	YOL123W	0.7918
3110	YPR175W	0.79178
3111	YJR036C	0.79168
3112	YMR289W	0.79166
3113	YLL045C	0.79157
3114	YER154W	0.79152
3115	YKL010C	0.79151
3116	YHR052W	0.79151
3117	YOR360C	0.79147
3118	YLR045C	0.79145
3119	YJR033C	0.79142
3120	YEL012W	0.7914
3121	YKL125W	0.79139
3122	YNL322C	0.79132
3123	YOR008C	0.79117
3124	YJL006C	0.79106
3125	YMR161W	0.79106
3126	YCR073C	0.79104
3127	YPL162C	0.79103
3128	YNR038W	0.791
3129	YDR512C	0.79094
3130	YLR266C	0.79092
3131	YJR031C	0.79082
3132	YGR117C	0.79077
3133	YPR125W	0.79077
3134	YPL148C	0.79076
3135	YDR288W	0.79076
3136	YHR192W	0.79073
3137	YPL132W	0.79068
3138	YLR225C	0.79063
3139	YHR199C	0.79063
3140	YOR010C	0.79054
3141	YPL072W	0.79052
3142	YLR387C	0.79048
3143	YER101C	0.79045
3144	YLR064W	0.79039
3145	YLR299W	0.79036
3146	YPR135W	0.79033
3147	YDR370C	0.79032
3148	YNR069C	0.79031
3149	YMR188C	0.79029
3150	YOR014W	0.79024
3151	YGL178W	0.79021
3152	YMR024W	0.79019
3153	YGL257C	0.79015
3154	YOR382W	0.79014
3155	YDR405W	0.7901
3156	YLR032W	0.7901
3157	YBL035C	0.79007
3158	YGL056C	0.79002
3159	YBR026C	0.79001
3160	YER021W	0.78998
3161	YLR048W	0.7899
3162	YOL161C	0.78985
3163	YNL284C	0.7898
3164	Q0055	0.78979
3165	YIL140W	0.78974
3166	YPL210C	0.78965
3167	YBL080C	0.78959
3168	YPL098C	0.78959
3169	YHL007C	0.78956
3170	YFL020C	0.78953
3171	YLR103C	0.78947
3172	YKR035W-A	0.78945
3173	YCL002C	0.78945
3174	YPL084W	0.78945
3175	YOL102C	0.78936
3176	YGL262W	0.78932
3177	YLR090W	0.78929
3178	YDR162C	0.78926
3179	YJL025W	0.78906
3180	YOR024W	0.78902
3181	YAR075W	0.78894
3182	YBR162W-A	0.7889
3183	YDL209C	0.78889
3184	YGL213C	0.78878
3185	YIL151C	0.78874
3186	YCR007C	0.78872
3187	YJR055W	0.78868
3188	YKL170W	0.78863
3189	YGR003W	0.78858
3190	YFL062W	0.78856
3191	YNL261W	0.78849
3192	YBR158W	0.78844
3193	YPL065W	0.78843
3194	Q0070	0.78842
3195	YJL151C	0.7884
3196	YPR105C	0.78838
3197	YKR072C	0.78835
3198	YKL179C	0.78834
3199	YDR472W	0.78833
3200	YDL241W	0.78828
3201	YNL279W	0.78825
3202	YGL123W	0.78822
3203	YOR294W	0.78821
3204	YHL019C	0.78808
3205	YGR066C	0.78803
3206	YLR207W	0.78796
3207	YML066C	0.78791
3208	YNL131W	0.7879
3209	YER011W	0.78789
3210	YKL033W	0.78789
3211	YNL177C	0.78786
3212	YOR363C	0.78782
3213	YIL085C	0.78774
3214	YNR036C	0.78769
3215	YKL055C	0.78764
3216	YPL189W	0.78763
3217	YDR311W	0.78761
3218	YDR266C	0.78754
3219	YIL073C	0.78753
3220	YDR302W	0.7875
3221	YPL191C	0.78747
3222	YML100W	0.78746
3223	YEL059C-A	0.78742
3224	YKR025W	0.78737
3225	YGL098W	0.78733
3226	YGR099W	0.78712
3227	YHR067W	0.7871
3228	Q0060	0.78706
3229	YMR231W	0.78703
3230	YNR075W	0.787
3231	YDR289C	0.78698
3232	YDR365C	0.78695
3233	YOR009W	0.78693
3234	YBL020W	0.78689
3235	YOR281C	0.78687
3236	YDL035C	0.78678
3237	YGR090W	0.78676
3238	YKL201C	0.78675
3239	YGR119C	0.78673
3240	YKL198C	0.78673
3241	YPL143W	0.78669
3242	YFL029C	0.78666
3243	YOR026W	0.78664
3244	YGR223C	0.7866
3245	YKL090W	0.78658
3246	YEL016C	0.78656
3247	YBR105C	0.78639
3248	YDR301W	0.7863
3249	YER144C	0.78626
3250	YLL010C	0.78624
3251	YAR028W	0.78623
3252	YNL221C	0.78622
3253	YBR280C	0.78617
3254	YNL273W	0.78616
3255	YKR071C	0.78614
3256	YAL051W	0.78608
3257	YHL048W	0.78604
3258	YJL003W	0.78603
3259	YHR122W	0.7858
3260	YGR149W	0.7858
3261	YAR033W	0.78567
3262	YOR256C	0.78566
3263	YHR021C	0.78554
3264	YFL031W	0.78553
3265	YLL031C	0.78552
3266	YGL103W	0.78552
3267	YJL004C	0.78551
3268	YLR248W	0.7854
3269	YJR146W	0.7853
3270	YCR075W-A	0.78528
3271	YGR271C-A	0.78526
3272	YDR354W	0.78524
3273	YBR119W	0.7852
3274	YCR019W	0.78518
3275	YEL015W	0.78509
3276	YNL310C	0.78507
3277	YMR259C	0.78505
3278	YNL267W	0.78477
3279	YKR063C	0.78473
3280	YIL150C	0.7845
3281	YCL057C-A	0.78435
3282	YPR029C	0.78422
3283	YKL206C	0.78417
3284	YKR040C	0.78408
3285	YPL064C	0.78405
3286	YOR234C	0.78403
3287	YGR118W	0.78397
3288	YPR132W	0.78397
3289	YGL161C	0.78393
3290	YMR233W	0.78392
3291	YDR319C	0.78389
3292	YIL131C	0.78388
3293	YML090W	0.78386
3294	YJL053W	0.78379
3295	YGR009C	0.78365
3296	YLR456W	0.7836
3297	YDR174W	0.78355
3298	YGL019W	0.78352
3299	YMR074C	0.78351
3300	YKL012W	0.78345
3301	YGR212W	0.78338
3302	YNL035C	0.78332
3303	YGR033C	0.78329
3304	YHR214W	0.78319
3305	YAR066W	0.78319
3306	YDR308C	0.78319
3307	YCR014C	0.7831
3308	YDL008W	0.78307
3309	YKL175W	0.78306
3310	YPL252C	0.78306
3311	YHR143W-A	0.78304
3312	YNL327W	0.78301
3313	YMR125W	0.78299
3314	YBR028C	0.78287
3315	YBR022W	0.78276
3316	YDL234C	0.78272
3317	YKL186C	0.7827
3318	YGL051W	0.78268
3319	YAR008W	0.78265
3320	YLR338W	0.78256
3321	YDR334W	0.78253
3322	YDL148C	0.78252
3323	YHR090C	0.78249
3324	YOR288C	0.78223
3325	YJL141C	0.78222
3326	YGR088W	0.78222
3327	YPR001W	0.7822
3328	YIL105C	0.78213
3329	YER188W	0.78209
3330	YBR260C	0.78209
3331	YNR018W	0.78204
3332	YPR169W	0.78202
3333	YKL188C	0.78198
3334	YOL033W	0.78198
3335	YLR016C	0.78196
3336	YHL033C	0.78195
3337	YLL054C	0.7819
3338	YDR407C	0.78185
3339	YHR045W	0.7818
3340	YKL096W	0.78172
3341	YCR026C	0.78155
3342	YHR196W	0.7815
3343	YPL069C	0.78139
3344	YNL182C	0.78136
3345	YDR379C-A	0.78136
3346	YGL216W	0.78128
3347	YOR205C	0.78118
3348	YDR080W	0.78118
3349	YDL227C	0.78114
3350	YKL077W	0.7811
3351	YMR010W	0.78106
3352	YNL242W	0.78103
3353	YPL165C	0.781
3354	YNL283C	0.78092
3355	YDL066W	0.78092
3356	YPL198W	0.7808
3357	YML013W	0.78079
3358	YDL045W-A	0.78071
3359	YLR063W	0.78069
3360	YGL080W	0.78069
3361	YIR004W	0.78065
3362	YOR149C	0.78062
3363	YLR009W	0.78059
3364	YAL064W-B	0.78057
3365	YNL085W	0.78057
3366	YLR043C	0.78055
3367	YHL022C	0.78053
3368	YIL038C	0.78052
3369	YBR086C	0.7805
3370	YHR080C	0.78041
3371	YMR213W	0.78027
3372	YOR033C	0.78023
3373	YDL058W	0.78018
3374	YKR064W	0.78017
3375	YJR022W	0.78013
3376	YGL180W	0.78009
3377	YDR112W	0.78002
3378	YMR156C	0.78002
3379	YOR305W	0.77978
3380	YLR097C	0.77976
3381	YDR316W	0.77972
3382	YDL030W	0.7796
3383	YGR102C	0.77956
3384	YER151C	0.77956
3385	YGR058W	0.77955
3386	YLR093C	0.77954
3387	YMR317W	0.77943
3388	YOL149W	0.77941
3389	YML130C	0.77941
3390	YLL051C	0.77939
3391	YKL047W	0.77935
3392	YMR158W	0.77933
3393	YHR173C	0.77932
3394	YAR031W	0.77931
3395	YHR198C	0.7793
3396	YDL130W	0.77924
3397	YDR198C	0.77922
3398	YNL258C	0.77909
3399	YHR186C	0.77907
3400	YGL016W	0.77899
3401	YOL048C	0.77883
3402	YIL130W	0.77873
3403	YDR175C	0.77873
3404	YJR111C	0.77869
3405	YDR122W	0.77868
3406	YHR118C	0.77857
3407	YMR042W	0.77857
3408	YOR322C	0.77856
3409	YGL129C	0.77853
3410	YDR208W	0.77849
3411	YIL011W	0.77848
3412	YAL034W-A	0.77847
3413	YOL071W	0.77846
3414	YJL206C	0.77845
3415	YNL249C	0.77842
3416	YPR129W	0.77825
3417	YBR067C	0.77824
3418	YDR322C-A	0.77823
3419	YNL186W	0.77822
3420	YOR267C	0.77817
3421	YKL137W	0.77815
3422	YPR166C	0.77813
3423	YGL110C	0.77812
3424	YJL165C	0.77811
3425	YDR152W	0.77807
3426	YDR128W	0.778
3427	YKL142W	0.77787
3428	YDR347W	0.77781
3429	YDR064W	0.77781
3430	YJR097W	0.77772
3431	YLR141W	0.77771
3432	YFR037C	0.77771
3433	YGR027C	0.77767
3434	YCL042W	0.77766
3435	YLR192C	0.77764
3436	YJR054W	0.77763
3437	YGL085W	0.77761
3438	YDR106W	0.77757
3439	YOL108C	0.77756
3440	YIR006C	0.77755
3441	YOL047C	0.77755
3442	YOL086W-A	0.77753
3443	YNL272C	0.7775
3444	YOR156C	0.77749
3445	YER147C	0.77748
3446	YKL086W	0.77747
3447	YMR002W	0.77744
3448	YGR112W	0.77735
3449	YGR238C	0.77733
3450	YOR075W	0.77725
3451	YGR109C	0.77696
3452	YDR244W	0.77688
3453	YGR127W	0.77676
3454	YHR081W	0.77671
3455	YLR323C	0.7767
3456	YOL013C	0.77667
3457	YMR154C	0.77656
3458	YJR126C	0.77655
3459	YGR170W	0.77643
3460	YPL173W	0.77637
3461	YMR087W	0.77636
3462	YML026C	0.77631
3463	YDR450W	0.77631
3464	YMR067C	0.77629
3465	YBR059C	0.77623
3466	YBL104C	0.77619
3467	YDR049W	0.77614
3468	YPR154W	0.77613
3469	YGR188C	0.77608
3470	YDR026C	0.77604
3471	YGR158C	0.77603
3472	YOR051C	0.77599
3473	YIL052C	0.7759
3474	YKR021W	0.77586
3475	YNL216W	0.77583
3476	YIL082W	0.77583
3477	YJL046W	0.77577
3478	YOL022C	0.77569
3479	YJL106W	0.77568
3480	YER007W	0.77563
3481	YHR197W	0.77559
3482	YGR109W-A	0.77548
3483	YIL079C	0.77546
3484	YOL116W	0.77539
3485	YHR073W	0.77538
3486	YJR004C	0.77534
3487	YAL014C	0.77534
3488	YDL150W	0.77531
3489	YIL096C	0.77531
3490	YMR012W	0.7753
3491	YER087W	0.77529
3492	YGR205W	0.77528
3493	YCL004W	0.77525
3494	YNR040W	0.77525
3495	YJL071W	0.77524
3496	YLR292C	0.77522
3497	YOR124C	0.77513
3498	YFR045W	0.77508
3499	YOR269W	0.77507
3500	YGR116W	0.77505
3501	YKR058W	0.77495
3502	YGR056W	0.77468
3503	YGL076C	0.77462
3504	YGR186W	0.7745
3505	YML049C	0.77447
3506	YPR018W	0.77443
3507	YDL122W	0.77441
3508	YER056C-A	0.7744
3509	YLR183C	0.77424
3510	YGL172W	0.77423
3511	YBR142W	0.77423
3512	YPR179C	0.77421
3513	YCR086W	0.7741
3514	YOL105C	0.77392
3515	YER076C	0.77389
3516	YLR226W	0.77387
3517	YDR020C	0.77385
3518	YDR488C	0.77382
3519	YDR218C	0.77381
3520	YPL007C	0.77375
3521	YGR006W	0.77372
3522	YOL076W	0.77368
3523	YDL175C	0.77365
3524	YGR070W	0.77362
3525	YOL039W	0.77358
3526	YOR252W	0.77352
3527	YDL225W	0.77349
3528	YAL002W	0.77342
3529	YPR141C	0.77333
3530	YNL149C	0.7733
3531	YMR267W	0.77324
3532	YGR128C	0.77318
3533	YMR013C	0.77315
3534	YMR028W	0.77311
3535	YDR077W	0.7731
3536	YCL052C	0.77307
3537	YMR126C	0.77293
3538	YBR186W	0.7729
3539	YDL059C	0.7729
3540	YLR035C	0.77288
3541	YDL025C	0.77287
3542	YDR471W	0.77282
3543	YMR047C	0.77282
3544	YIL017C	0.77282
3545	YCR054C	0.77266
3546	YHR150W	0.77266
3547	YBL047C	0.77261
3548	YHL030W	0.77256
3549	YOL027C	0.77251
3550	YNL118C	0.77249
3551	YBR072W	0.77245
3552	YMR286W	0.77236
3553	YLR333C	0.7723
3554	YKL043W	0.77218
3555	YMR291W	0.77216
3556	YJL156C	0.77214
3557	YMR227C	0.77205
3558	YLR061W	0.77204
3559	YCL057W	0.77202
3560	YPL032C	0.77194
3561	YIL076W	0.77185
3562	YJL100W	0.77179
3563	YMR130W	0.77173
3564	YCR088W	0.77167
3565	YMR281W	0.77167
3566	YFR020W	0.77164
3567	YOR069W	0.77162
3568	YGL153W	0.77155
3569	YHR010W	0.7715
3570	YNL009W	0.77149
3571	YDL133W	0.77149
3572	YDR527W	0.77146
3573	YLR314C	0.77141
3574	YPL137C	0.77134
3575	YKL172W	0.77133
3576	YIR043C	0.7713
3577	YGR046W	0.77103
3578	YKL106W	0.77102
3579	YKL219W	0.7709
3580	YDR087C	0.77084
3581	YGL158W	0.77082
3582	YGL258W	0.77079
3583	YCL048W-A	0.77076
3584	YML111W	0.7707
3585	YBR005W	0.77069
3586	YCL034W	0.77065
3587	YBR179C	0.77056
3588	YEL053C	0.77046
3589	YDR171W	0.77037
3590	YKR012C	0.77036
3591	YOR299W	0.77031
3592	YIL061C	0.7703
3593	YJR150C	0.7703
3594	YJL203W	0.77023
3595	YKL203C	0.77014
3596	YPR139C	0.77008
3597	YMR313C	0.77004
3598	YGR278W	0.77004
3599	YIL137C	0.77003
3600	YCL055W	0.77001
3601	YGL244W	0.77
3602	YMR005W	0.76999
3603	YOR138C	0.76998
3604	YNL079C	0.76992
3605	YOR190W	0.76974
3606	YPL079W	0.76967
3607	YGR096W	0.76966
3608	YPR036W	0.7696
3609	YNL271C	0.76954
3610	YDR478W	0.76951
3611	YPL181W	0.76946
3612	YJR112W	0.76946
3613	YER105C	0.7694
3614	YMR209C	0.76933
3615	YLR425W	0.7693
3616	YJR044C	0.76927
3617	YHL006C	0.76908
3618	YDR261C	0.76908
3619	YNL236W	0.76898
3620	YKL134C	0.76894
3621	YGR091W	0.76891
3622	YDR247W	0.76887
3623	YLR337C	0.76882
3624	YIL111W	0.76877
3625	YDL116W	0.76867
3626	YJL047C	0.76865
3627	YGR166W	0.76861
3628	YDL237W	0.76858
3629	YGL203C	0.76857
3630	YDL091C	0.76856
3631	YMR026C	0.7685
3632	YMR275C	0.76845
3633	YNL128W	0.76842
3634	YPR045C	0.7684
3635	YHR133C	0.76836
3636	YBR268W	0.76833
3637	YPL260W	0.76828
3638	YKR049C	0.76826
3639	YDR524C-B	0.76817
3640	YOR198C	0.76805
3641	YPR038W	0.76792
3642	YNR023W	0.76785
3643	YBL045C	0.76783
3644	YLL038C	0.7678
3645	YDR003W	0.76777
3646	YER127W	0.76765
3647	YLR390W-A	0.76759
3648	YNL173C	0.76739
3649	YCR077C	0.76737
3650	YDL157C	0.76733
3651	YOR387C	0.76731
3652	YOR166C	0.76731
3653	YLR166C	0.76724
3654	YDL142C	0.76722
3655	YPL119C-A	0.76721
3656	YDR150W	0.76719
3657	YBL033C	0.76715
3658	YER030W	0.76708
3659	YNL073W	0.76706
3660	YMR193W	0.76701
3661	YBR111W-A	0.76698
3662	YDL011C	0.76697
3663	YOL045W	0.76697
3664	YOL088C	0.76692
3665	YDR323C	0.76691
3666	YGR059W	0.76688
3667	YML032C	0.76675
3668	YFR016C	0.76675
3669	YIR013C	0.76669
3670	YCR093W	0.76668
3671	YDR420W	0.76664
3672	YKL168C	0.76663
3673	YLR305C	0.76648
3674	YDR376W	0.76647
3675	YDR409W	0.76646
3676	YGL263W	0.76646
3677	YIL104C	0.76645
3678	YMR287C	0.7664
3679	YIL115C	0.76637
3680	YER058W	0.76626
3681	YBR191W	0.7662
3682	YKL116C	0.76618
3683	YHR079C	0.76618
3684	YDR180W	0.76604
3685	YER048W-A	0.76599
3686	YIL087C	0.76579
3687	YLR417W	0.76565
3688	YDL146W	0.76563
3689	YFR052W	0.76563
3690	YDL085C-A	0.76552
3691	YIR021W	0.76544
3692	YLR015W	0.76544
3693	YDR168W	0.76536
3694	YNL158W	0.76533
3695	YGL195W	0.76519
3696	YGR068C	0.76516
3697	YLR368W	0.76514
3698	YBR231C	0.76511
3699	YDR206W	0.76491
3700	YJR071W	0.76477
3701	YPR085C	0.76476
3702	YHR158C	0.76474
3703	YJR090C	0.76473
3704	YJR050W	0.76467
3705	YKR028W	0.7646
3706	YKL045W	0.76446
3707	YLR325C	0.76434
3708	YGR044C	0.76425
3709	YNL193W	0.76411
3710	YOR112W	0.76409
3711	YGR178C	0.76402
3712	YGR183C	0.76396
3713	YPL074W	0.76395
3714	YJL098W	0.76393
3715	YER150W	0.76389
3716	YLR206W	0.76381
3717	YEL022W	0.76374
3718	YLR281C	0.76368
3719	YPR155C	0.76363
3720	YBL059C-A	0.76359
3721	YER024W	0.76352
3722	YGL228W	0.76348
3723	YDR134C	0.76346
3724	YDR137W	0.76344
3725	YDR101C	0.76342
3726	YBR193C	0.76335
3727	YHR028W-A	0.76335
3728	YKL124W	0.76326
3729	YOL148C	0.76323
3730	YJL069C	0.76321
3731	YAR027W	0.76316
3732	YOR191W	0.76315
3733	YJR122W	0.76305
3734	YKL034W	0.76285
3735	YDL028C	0.76272
3736	YKR085C	0.7627
3737	YML081C-A	0.76251
3738	YCR039C	0.76249
3739	YCL067C	0.76249
3740	YDR233C	0.76246
3741	YKL005C	0.76236
3742	YGL014W	0.76233
3743	YDL179W	0.76233
3744	YLR312W-A	0.7623
3745	YMR165C	0.76223
3746	YPL248C	0.76215
3747	YPR191W	0.76193
3748	YOR383C	0.7619
3749	YHR059W	0.76188
3750	YNR007C	0.76187
3751	YPR093C	0.76186
3752	YER128W	0.76186
3753	YJR110W	0.76185
3754	YLR199C	0.76179
3755	YNL084C	0.76176
3756	YNL038W	0.76173
3757	YIL072W	0.76168
3758	YPL128C	0.76168
3759	YFL027C	0.76161
3760	YJL029C	0.76157
3761	YKR065C	0.76153
3762	YHR172W	0.76149
3763	YPL243W	0.76144
3764	YPR197C	0.76139
3765	YGL032C	0.76136
3766	YFR033C	0.76136
3767	YMR251W-A	0.76133
3768	YLR128W	0.76123
3769	YKR096W	0.76119
3770	YBR097W	0.76118
3771	YLR260W	0.76111
3772	YJR136C	0.76109
3773	YAR019C	0.76108
3774	YHL028W	0.76105
3775	YBR040W	0.76097
3776	YIR017C	0.76095
3777	YDR283C	0.76094
3778	YPL228W	0.76085
3779	YER083C	0.76075
3780	YJR102C	0.76068
3781	YGR014W	0.76061
3782	YML095C	0.76059
3783	YDR460W	0.76058
3784	YNL047C	0.76052
3785	YBR161W	0.76052
3786	YHR060W	0.76032
3787	YOR368W	0.76026
3788	YBR253W	0.76025
3789	YGR042W	0.76017
3790	YGL127C	0.76012
3791	YLR448W	0.76011
3792	YLR459W	0.76009
3793	YHL049C	0.76004
3794	YPR116W	0.76003
3795	YIL026C	0.76002
3796	YBR036C	0.76
3797	YGR073C	0.75996
3798	YPR143W	0.75993
3799	YPL057C	0.75993
3800	YMR157C	0.7599
3801	YCL037C	0.75989
3802	YNL294C	0.75986
3803	YLR071C	0.75975
3804	YNR059W	0.75975
3805	YMR168C	0.75974
3806	YML073C	0.75951
3807	YPR057W	0.75951
3808	YDR210W	0.75949
3809	YGL233W	0.75947
3810	YML020W	0.75938
3811	YJL101C	0.75936
3812	YLR363C	0.75925
3813	YKL149C	0.75925
3814	YGL192W	0.75915
3815	YDR027C	0.75909
3816	YMR106C	0.759
3817	YDR072C	0.75898
3818	YIL005W	0.75887
3819	YDL203C	0.75886
3820	YPR055W	0.75884
3821	YBL097W	0.75883
3822	YCR083W	0.75883
3823	YMR129W	0.75882
3824	YHR084W	0.7588
3825	YER068W	0.75877
3826	YOR346W	0.7587
3827	YBR065C	0.7587
3828	YKR089C	0.75865
3829	YOR238W	0.75859
3830	YNL077W	0.75856
3831	YDR363W-A	0.75855
3832	YPR123C	0.75854
3833	YMR211W	0.7585
3834	YDR501W	0.75832
3835	YKL110C	0.75832
3836	YKL057C	0.75819
3837	YJL131C	0.75818
3838	YJL123C	0.75816
3839	YDL003W	0.75815
3840	YOR139C	0.75811
3841	YDL023C	0.75811
3842	YIL009C-A	0.7581
3843	YCL049C	0.75802
3844	YLR084C	0.75801
3845	YBR276C	0.75799
3846	YJL127C	0.75798
3847	YNR061C	0.75797
3848	YNL184C	0.75794
3849	YGR002C	0.75786
3850	YGL116W	0.75786
3851	YMR212C	0.75786
3852	YDL068W	0.75777
3853	YER113C	0.75769
3854	YGR171C	0.75754
3855	YPR092W	0.75751
3856	YML088W	0.75745
3857	YGL092W	0.75739
3858	YDR006C	0.7573
3859	YOR211C	0.75728
3860	Q0142	0.75726
3861	YOR017W	0.75724
3862	YDR126W	0.75722
3863	YKL155C	0.75718
3864	YOL077W-A	0.75712
3865	YMR115W	0.75707
3866	YCR013C	0.75707
3867	YNL012W	0.75692
3868	YLR336C	0.75691
3869	YOL054W	0.75677
3870	YJL115W	0.75671
3871	YDR071C	0.75662
3872	YML046W	0.75661
3873	YMR039C	0.75659
3874	YDR326C	0.75654
3875	YPR072W	0.75649
3876	YHR083W	0.75642
3877	YJL057C	0.7564
3878	YLR233C	0.75639
3879	YMR274C	0.75639
3880	YBL074C	0.75638
3881	YOR344C	0.75633
3882	YAL004W	0.7563
3883	YIL070C	0.75621
3884	YHR022C	0.75619
3885	YOL052C-A	0.75607
3886	YNL051W	0.75604
3887	YKR092C	0.756
3888	YDR382W	0.75598
3889	YGL254W	0.75597
3890	YPR108W-A	0.75595
3891	YKL066W	0.75594
3892	YHR180W	0.75592
3893	YDR269C	0.75589
3894	YIL059C	0.75589
3895	YFR013W	0.75588
3896	YMR283C	0.75583
3897	YBR102C	0.75582
3898	YPR026W	0.75561
3899	YPL041C	0.75558
3900	YJL148W	0.7555
3901	YNL052W	0.75545
3902	YML071C	0.75544
3903	YHL021C	0.7554
3904	YOR081C	0.75533
3905	YOL051W	0.75532
3906	YOL014W	0.75531
3907	YDR473C	0.75526
3908	YAL042C-A	0.75525
3909	YBR284W	0.75525
3910	YGL160W	0.75516
3911	YMR137C	0.75514
3912	YNL029C	0.75512
3913	YJR119C	0.75498
3914	YDR314C	0.75494
3915	YOR319W	0.75487
3916	YDR262W	0.7547
3917	YIL042C	0.75468
3918	YJL043W	0.75467
3919	YNL187W	0.75465
3920	YDL045C	0.75461
3921	YJR039W	0.75453
3922	YDR389W	0.75432
3923	YGR235C	0.75431
3924	YOR227W	0.75429
3925	YER139C	0.75425
3926	YML104C	0.75421
3927	YPL040C	0.75415
3928	YFL010C	0.7541
3929	YKL096W-A	0.75407
3930	YFL023W	0.75401
3931	YOL095C	0.75401
3932	YDR052C	0.75397
3933	YGL191W	0.75395
3934	YBR107C	0.7539
3935	YNL026W	0.75389
3936	YLR096W	0.75383
3937	YLR399W-A	0.75371
3938	YLR301W	0.7537
3939	YMR207C	0.75365
3940	YJR066W	0.75365
3941	YOR106W	0.7536
3942	YCR024C	0.75359
3943	YPR031W	0.75352
3944	YGR258C	0.75342
3945	YPL149W	0.75335
3946	YDR367W	0.75331
3947	YEL023C	0.75329
3948	YPL241C	0.75318
3949	YLR021W	0.75318
3950	YOR200W	0.75316
3951	YAL013W	0.75286
3952	YPL155C	0.75284
3953	YGR097W	0.75281
3954	YLR001C	0.75277
3955	YDR449C	0.75274
3956	YNL126W	0.7527
3957	YDR335W	0.75264
3958	YGR165W	0.75261
3959	YBR009C	0.75258
3960	YJL173C	0.75255
3961	YBL004W	0.75253
3962	YDL096C	0.75253
3963	YKR082W	0.75251
3964	YKL015W	0.7525
3965	YIL161W	0.75248
3966	YER126C	0.75247
3967	YDR245W	0.75245
3968	YHL001W	0.75245
3969	YGL024W	0.75241
3970	YGR167W	0.75238
3971	YNL308C	0.75233
3972	YLR132C	0.75226
3973	YDR192C	0.75225
3974	YER180C-A	0.75224
3975	YJL191W	0.75222
3976	YPL123C	0.75221
3977	YDL041W	0.75216
3978	YPR097W	0.75215
3979	YKR023W	0.75215
3980	YLL004W	0.75198
3981	YJL061W	0.75197
3982	YAR009C	0.75195
3983	YBR282W	0.7519
3984	YMR061W	0.7518
3985	YIR001C	0.75175
3986	YML050W	0.75174
3987	YGL142C	0.75171
3988	YBR144C	0.75169
3989	YKL030W	0.75169
3990	YLR191W	0.75153
3991	YDR251W	0.75152
3992	YLR339C	0.7515
3993	YNL069C	0.75147
3994	YDL214C	0.75144
3995	YJL054W	0.75141
3996	YNL043C	0.75139
3997	YIL154C	0.75116
3998	YGL069C	0.75114
3999	YBR278W	0.75103
4000	YDR079W	0.75101
4001	YLR013W	0.75092
4002	YOR020W-A	0.75091
4003	YLL017W	0.75087
4004	YER048C	0.75086
4005	YDR279W	0.75077
4006	YOR179C	0.75076
4007	YPR152C	0.75067
4008	YML011C	0.75056
4009	YOL144W	0.75055
4010	YER008C	0.75054
4011	YNL162W-A	0.75053
4012	YDL183C	0.75051
4013	YOL121C	0.75046
4014	YPL020C	0.75036
4015	YBR221W-A	0.75029
4016	YLR379W	0.75024
4017	YHR126C	0.75018
4018	YDL153C	0.75013
4019	YGL133W	0.75012
4020	YBR212W	0.75012
4021	YPL238C	0.75007
4022	YKL006W	0.75004
4023	YJR002W	0.75002
4024	YLR396C	0.74993
4025	YPL141C	0.7499
4026	Q0080	0.74984
4027	YDR179W-A	0.74983
4028	YCR031C	0.74983
4029	YBR255C-A	0.74959
4030	YOL087C	0.74952
4031	YIR005W	0.74945
4032	YDL114W	0.74935
4033	YKL089W	0.74933
4034	YNL278W	0.74929
4035	YMR185W	0.74926
4036	YOR161W-B	0.74924
4037	YBL066C	0.74922
4038	YPR079W	0.74922
4039	YNL315C	0.7492
4040	YLL035W	0.74919
4041	YMR254C	0.74919
4042	YOR143C	0.74917
4043	YGR122W	0.7491
4044	YKL214C	0.74901
4045	YDR108W	0.74897
4046	YHR138C	0.74896
4047	YJL039C	0.74887
4048	YDR147W	0.74886
4049	YBR010W	0.74878
4050	YDR320C-A	0.74871
4051	YHR078W	0.7487
4052	YMR091C	0.74869
4053	YKL011C	0.74868
4054	YLR286W-A	0.74866
4055	YGR108W	0.74865
4056	YEL009C	0.74865
4057	YJL132W	0.74864
4058	YIL171W-A	0.74862
4059	YJL220W	0.74862
4060	YDR359C	0.74851
4061	YJL109C	0.7485
4062	YOR174W	0.74847
4063	YOR093C	0.74846
4064	YMR306C-A	0.74832
4065	YPL038W	0.74826
4066	YPR148C	0.74825
4067	YBL086C	0.74822
4068	YDR246W	0.74819
4069	YDR511W	0.74807
4070	YBR226C	0.74801
4071	YLR110C	0.74799
4072	YGR202C	0.74787
4073	YNL262W	0.74782
4074	YDR253C	0.74781
4075	YGR227W	0.74766
4076	YLR142W	0.74764
4077	YMR293C	0.74753
4078	YEL062W	0.74747
4079	YCL031C	0.74744
4080	YDR222W	0.74744
4081	YIR040C	0.74736
4082	YLR194C	0.74729
4083	YHR131W-A	0.74727
4084	YIL102C	0.74726
4085	YGR038W	0.74723
4086	YHL034W-A	0.74715
4087	YKL088W	0.74713
4088	YPL107W	0.74708
4089	YPR010C-A	0.74708
4090	YNL302C	0.74707
4091	YIL100C-A	0.74701
4092	YNR066C	0.74701
4093	YLL022C	0.74701
4094	YJR140C	0.74694
4095	YBL079W	0.74689
4096	R0010W	0.74688
4097	YDL112W	0.74684
4098	YLR104W	0.74671
4099	YAL067W-A	0.74655
4100	YGR017W	0.74647
4101	YNL039W	0.74644
4102	YMR112C	0.7464
4103	YDR315C	0.74633
4104	YGL136C	0.74631
4105	YLR269C	0.74616
4106	YGL145W	0.7461
4107	YNL203C	0.74608
4108	YNL122C	0.74606
4109	YDR213W	0.74606
4110	YGR121W-A	0.74606
4111	YCL066W	0.746
4112	YCR040W	0.746
4113	YNR068C	0.74598
4114	YIL090W	0.74598
4115	YIL142C-A	0.74597
4116	YJL140W	0.74593
4117	YMR044W	0.74588
4118	YBR129C	0.74578
4119	YHR052W-A	0.74576
4120	YHR054W-A	0.74576
4121	YLR041W	0.74571
4122	YOL150C	0.74563
4123	YMR173W-A	0.74562
4124	YDR221W	0.74562
4125	YNR028W	0.74554
4126	YMR247C	0.74544
4127	YDR482C	0.74542
4128	YLR247C	0.7454
4129	YJR079W	0.74531
4130	YCR091W	0.74531
4131	YJR062C	0.74523
4132	YLR051C	0.74514
4133	YMR077C	0.74512
4134	YFL064C	0.74505
4135	YOR229W	0.74495
4136	YCL076W	0.74486
4137	YDL127W	0.74481
4138	YMR290W-A	0.7448
4139	YLR054C	0.7448
4140	YNR044W	0.74478
4141	YDR489W	0.7447
4142	YMR043W	0.74469
4143	YLR309C	0.74466
4144	YFR043C	0.74466
4145	YPL078C	0.74464
4146	YNR006W	0.74461
4147	YDL026W	0.74454
4148	YBL108W	0.74452
4149	YDR537C	0.74451
4150	YLR039C	0.74449
4151	YOR060C	0.74439
4152	YDR416W	0.74425
4153	YOR031W	0.7442
4154	YGL146C	0.74412
4155	YNL011C	0.7441
4156	YPR170W-B	0.74408
4157	YMR023C	0.74406
4158	YGR280C	0.74406
4159	YBL096C	0.74402
4160	YBR247C	0.74401
4161	YGR052W	0.74398
4162	YNL089C	0.74393
4163	YHL024W	0.74393
4164	YBR123C	0.74391
4165	YGR050C	0.74377
4166	YPL183W-A	0.74376
4167	YOR115C	0.74369
4168	YKR044W	0.74364
4169	YKR004C	0.74359
4170	YAL016C-A	0.74356
4171	YOR188W	0.74353
4172	YFL065C	0.74325
4173	YER087C-B	0.7432
4174	YNL080C	0.74318
4175	YGL074C	0.74318
4176	YPL047W	0.74316
4177	YOR318C	0.74309
4178	YDL113C	0.74306
4179	YKL205W	0.74301
4180	YCR089W	0.74295
4181	YEL076C	0.74293
4182	YLL016W	0.74289
4183	YLL037W	0.74287
4184	YGL131C	0.74282
4185	YCR052W	0.74278
4186	YCR095C	0.74269
4187	YAL056C-A	0.74267
4188	YPR067W	0.74258
4189	YAL056W	0.74258
4190	YPL126W	0.74249
4191	YBR279W	0.74237
4192	YNL139C	0.74234
4193	YER014C-A	0.74234
4194	YLR464W	0.74232
4195	YEL076C-A	0.74232
4196	YMR192W	0.74229
4197	YJL064W	0.74229
4198	YFL013W-A	0.74227
4199	YCR024C-A	0.74225
4200	YPR115W	0.74225
4201	YBR044C	0.74222
4202	YOR055W	0.74214
4203	YDR365W-B	0.7421
4204	YDL074C	0.74205
4205	YJL204C	0.742
4206	YHR214C-B	0.74196
4207	YPR016W-A	0.74195
4208	YBR116C	0.74194
4209	YAL043C	0.74192
4210	YHR015W	0.74192
4211	YNL257C	0.74189
4212	YHR146W	0.74185
4213	YDL118W	0.74177
4214	YOR320C	0.74173
4215	YOR376W-A	0.74153
4216	YDR520C	0.74153
4217	YKL037W	0.7415
4218	YJL077W-A	0.74145
4219	YOR338W	0.74136
4220	YKL032C	0.74129
4221	YGL150C	0.74124
4222	YGR057C	0.74117
4223	YKL147C	0.74112
4224	YJL112W	0.74104
4225	YKL121W	0.74103
4226	YMR171C	0.74099
4227	YJL166W	0.74099
4228	YOR064C	0.74097
4229	YLL032C	0.74095
4230	YKL082C	0.74095
4231	YJR115W	0.74092
4232	YIL156W-B	0.74082
4233	YIL027C	0.74066
4234	YNL201C	0.74065
4235	YBR133C	0.74063
4236	YDR110W	0.74057
4237	YMR057C	0.74057
4238	YOR260W	0.74049
4239	YMR068W	0.7404
4240	YOL050C	0.74037
4241	YLR149C-A	0.74024
4242	YEL053W-A	0.74022
4243	YNL057W	0.7402
4244	YMR173W	0.74019
4245	YGL218W	0.74019
4246	YPR030W	0.74014
4247	YNL303W	0.7401
4248	YDR470C	0.7401
4249	YLR256W-B/YLR256W-C	0.74006
4250	YPR089W	0.74002
4251	YOR194C	0.74001
4252	YNL097C	0.73997
4253	YLR148W	0.73992
4254	YDL232W	0.73988
4255	YER138C	0.73978
4256	YJL197C-A	0.73966
4257	YOR331C	0.73964
4258	YPL114W	0.73963
4259	YDL043C	0.73957
4260	YOR043W	0.73956
4261	YOL103W-B	0.73954
4262	YOR082C	0.73947
4263	YHL043W	0.73946
4264	YAR053W	0.73944
4265	YML045W	0.73943
4266	YJR091C	0.73941
4267	YLL046C	0.73938
4268	YPL026C	0.73937
4269	YML057C-A	0.73931
4270	YMR053C	0.73929
4271	YER077C	0.73926
4272	YPL257W-B	0.73923
4273	YOR080W	0.73921
4274	YBR109W-A	0.73918
4275	YGL038C	0.73912
4276	YML094C-A	0.7391
4277	YLR439W	0.73908
4278	YPL115C	0.73904
4279	YNL253W	0.739
4280	YOR029W	0.73899
4281	YOR325W	0.73894
4282	YGR038C-B	0.73892
4283	YAL017W	0.7389
4284	YMR182W-A	0.73888
4285	YLR392C	0.73887
4286	YGR270W	0.73887
4287	YFL051C	0.73885
4288	YDL162C	0.73881
4289	YJR027W	0.73878
4290	YPR050C	0.73874
4291	YMR190C	0.73872
4292	YDR098C-B	0.73872
4293	YML089C	0.73869
4294	YFR056C	0.73869
4295	YML084W	0.73858
4296	YLR157C-B	0.73858
4297	YDL034W	0.73855
4298	YMR240C	0.7385
4299	YOR037W	0.73845
4300	YDR209C	0.73844
4301	YBR216C	0.73843
4302	YIL156W	0.7383
4303	YKL115C	0.73826
4304	YDL075W	0.73823
4305	YER187W	0.73823
4306	YOL028C	0.73821
4307	YPR203W	0.73818
4308	YHR154W	0.73818
4309	YEL034C-A	0.73812
4310	YEL061C	0.73804
4311	YJL009W	0.73804
4312	YGL165C	0.73798
4313	YDL099W	0.73795
4314	YPR137C-B	0.73792
4315	YDR412W	0.73789
4316	YLR124W	0.73788
4317	YMR060C	0.73774
4318	YER071C	0.73773
4319	YDL022C-A	0.73773
4320	YPR077C	0.73768
4321	YML039W	0.73765
4322	YGR161C-D	0.73762
4323	YDR363W	0.7376
4324	YMR050C	0.73758
4325	YGL247W	0.73758
4326	YML117W	0.73753
4327	YJR029W	0.73752
4328	YDR484W	0.73748
4329	YLL019C	0.73746
4330	YGL260W	0.73744
4331	YLR288C	0.73742
4332	YEL017C-A	0.73741
4333	YPR022C	0.7374
4334	YML063W	0.73738
4335	YPR158C-D	0.73736
4336	YFL015C	0.73735
4337	YOR249C	0.73735
4338	YJL195C	0.73726
4339	YER165C-A	0.73723
4340	YER093C	0.73717
4341	YOR098C	0.73717
4342	YPL144W	0.73711
4343	YOR277C	0.73709
4344	YNL002C	0.73704
4345	YHR073C-B	0.73703
4346	YOR142W-B	0.73695
4347	YDR316W-B	0.7369
4348	YIR036W-A	0.73678
4349	YER064C	0.73671
4350	YOR123C	0.73662
4351	YDL002C	0.73661
4352	YGR104C	0.73653
4353	YGR027W-B	0.73653
4354	YNL324W	0.73651
4355	YDR485C	0.7365
4356	YLR087C	0.73649
4357	YBR122C	0.73649
4358	YBR012W-B	0.73648
4359	YJR082C	0.73647
4360	YIL068W-A	0.73644
4361	YLR227W-B	0.73643
4362	YIR011C	0.73635
4363	YHR109W	0.73635
4364	YGL060W	0.73634
4365	YDR094W	0.73634
4366	YBR195C	0.7363
4367	YDR210C-D	0.73628
4368	YBR190W	0.73625
4369	YIL054W	0.73624
4370	YKL223W	0.73607
4371	YHR182C-A	0.73603
4372	YEL018C-A	0.73602
4373	YLL007C	0.73599
4374	YNL151C	0.73596
4375	YCL012C	0.73595
4376	YGL134W	0.73595
4377	YLR140W	0.73593
4378	YIL138C	0.73591
4379	YCL058C	0.73585
4380	YBL010C	0.73583
4381	YLR177W	0.73581
4382	YHR155W	0.73576
4383	YER160C	0.73574
4384	YLR406C	0.73562
4385	YDR255C	0.73559
4386	YER119C-A	0.73558
4387	YLR255C	0.73552
4388	YIL028W	0.73552
4389	YMR065W	0.73549
4390	YER096W	0.73539
4391	YLR122C	0.73539
4392	YDL159C-B	0.73536
4393	YPR158W-B	0.73536
4394	YBR290W	0.73531
4395	YEL073C	0.73524
4396	YER041W	0.73521
4397	YNL227C	0.7352
4398	YBR064W	0.73519
4399	YLR035C-A	0.73512
4400	YMR029C	0.7351
4401	YOL046C	0.73502
4402	YGR225W	0.73501
4403	YML048W	0.73497
4404	YIL056W	0.73485
4405	YOL083C-A	0.73476
4406	YNL054W-B	0.73476
4407	YHL044W	0.73472
4408	YGL031C	0.73467
4409	YOR228C	0.73466
4410	YKL195W	0.7346
4411	YDL117W	0.73457
4412	YDR274C	0.73448
4413	YER047C	0.73447
4414	YDR125C	0.73439
4415	YNL304W	0.73434
4416	YBR258C	0.73422
4417	YOL019W	0.73421
4418	YGR184C	0.7341
4419	YOL107W	0.73394
4420	YER114C	0.73389
4421	YDL149W	0.7338
4422	YIR030C	0.73379
4423	YOR230W	0.73378
4424	YBR217W	0.73368
4425	YHR101C	0.73365
4426	YDR261C-D	0.73357
4427	YDR197W	0.73355
4428	YKL079W	0.73352
4429	YKR030W	0.7335
4430	YLR204W	0.73348
4431	YFL013C	0.73339
4432	YLR441C	0.73338
4433	YKL068W	0.73336
4434	YOR289W	0.73317
4435	YHL002C-A	0.73312
4436	YAR019W-A	0.73298
4437	YBL005W-B	0.73297
4438	YMR045C	0.73286
4439	YNL276C	0.73285
4440	YDL187C	0.73282
4441	YDR463W	0.73282
4442	YBR089W	0.73268
4443	YJL007C	0.73262
4444	YAL047W-A	0.73259
4445	YNL284C-B	0.73257
4446	YBR269C	0.73254
4447	YML016C	0.73254
4448	YNR031C	0.73252
4449	YKR036C	0.73249
4450	YJL092W	0.73246
4451	YIL132C	0.73233
4452	YOR371C	0.73232
4453	YDR318W	0.7323
4454	YDR114C	0.73225
4455	YLR349W	0.73222
4456	YGR174C	0.73221
4457	YKR098C	0.73219
4458	YGR274C	0.73216
4459	YGR156W	0.73208
4460	YKR007W	0.73206
4461	YBR150C	0.732
4462	YEL030C-A	0.73197
4463	YGR259C	0.73186
4464	YLR006C	0.73185
4465	YDR423C	0.73181
4466	YIL049W	0.7318
4467	YDL086C-A	0.73175
4468	YDR187C	0.73168
4469	YGL124C	0.73163
4470	YBR098W	0.73146
4471	YOL101C	0.73145
4472	YHL048C-A	0.7314
4473	YGL152C	0.73137
4474	Q0110	0.73137
4475	YHR035W	0.73137
4476	YGR068W-A	0.73135
4477	YMR237W	0.73133
4478	YJL084C	0.73129
4479	YGL217C	0.73127
4480	YLR156W	0.73127
4481	YLR159W	0.73127
4482	YLR161W	0.73127
4483	YGL199C	0.7312
4484	YDR230W	0.73118
4485	YFR031C-A	0.73112
4486	YIL018W	0.73112
4487	YDR231C	0.73111
4488	YML099C	0.73104
4489	YPL005W	0.73101
4490	YDR355C	0.73099
4491	YMR324C	0.73092
4492	YCR038W-A	0.73091
4493	YPL163C	0.73079
4494	YPL186C	0.73078
4495	YOR102W	0.73077
4496	YHR071W	0.73074
4497	YNR005C	0.73072
4498	YPR042C	0.73072
4499	YGR031C-A	0.73058
4500	YBL100C	0.73055
4501	YHR095W	0.73035
4502	YMR272W-B	0.73033
4503	YLR317W	0.73032
4504	YML002W	0.73029
4505	YGL227W	0.73023
4506	YOL004W	0.73021
4507	YLL013C	0.7302
4508	YDR464C-A	0.73019
4509	YDL065C	0.73008
4510	YKL016C	0.73005
4511	YNR022C	0.73003
4512	YOR345C	0.73003
4513	YPL142C	0.73
4514	YBR163W	0.72995
4515	YFR034C	0.72995
4516	YER147C-A	0.72991
4517	YDR333C	0.7299
4518	Q0075	0.72981
4519	YDR228C	0.72981
4520	YGR270C-A	0.72979
4521	YHR022C-A	0.72973
4522	YNL127W	0.7297
4523	YER107W-A	0.72968
4524	YCR003W	0.72967
4525	YDR081C	0.72963
4526	YMR122W-A	0.72963
4527	YMR140W	0.72963
4528	YER018C	0.72961
4529	YKR047W	0.72952
4530	YIL133C	0.72946
4531	YDL013W	0.72945
4532	YGL226W	0.72924
4533	YIR023C-A	0.72921
4534	YDR141C	0.72915
4535	YBL060W	0.72909
4536	YMR245W	0.72903
4537	YKL049C	0.72902
4538	YAR029W	0.72899
4539	YJL120W	0.72894
4540	YPL025C	0.72892
4541	YNL067W-B	0.72883
4542	YMR008C-A	0.72878
4543	YPL185W	0.72874
4544	YJL062W-A	0.72869
4545	YKR006C	0.72862
4546	YPR053C	0.72852
4547	YFR035C	0.72847
4548	YPL044C	0.72847
4549	YBR048W	0.72842
4550	YDR025W	0.72842
4551	YJL201W	0.72842
4552	YLL059C	0.7284
4553	YOR135C	0.72838
4554	YNL300W	0.72836
4555	YHR023W	0.72835
4556	YMR182C	0.72834
4557	YJR123W	0.72829
4558	YDL077C	0.72825
4559	YPL105C	0.72822
4560	YDR290W	0.72821
4561	YBR174C	0.72815
4562	YOR085W	0.7281
4563	YOL026C	0.72808
4564	YLR127C	0.72806
4565	YLR187W	0.72786
4566	YHR214C-C	0.72777
4567	YJL020C	0.72772
4568	YMR086C-A	0.72763
4569	YCR015C	0.72749
4570	YPL222C-A	0.72747
4571	YKL131W	0.72747
4572	YER145C-A	0.72745
4573	YER169W	0.72744
4574	YIL115W-A	0.72733
4575	YGR290W	0.72724
4576	YPR177C	0.72722
4577	YMR316W	0.72715
4578	YCR081C-A	0.72714
4579	YDR271C	0.72707
4580	YJL175W	0.72706
4581	YKR075W-A	0.72694
4582	YOR242C	0.7269
4583	YGR190C	0.72688
4584	YIL044C	0.72687
4585	YJR043C	0.72686
4586	YDR507C	0.72685
4587	YIL021C-A	0.72685
4588	YPL233W	0.72684
4589	YOR034C-A	0.72683
4590	YBL062W	0.7268
4591	YKL025C	0.72677
4592	YBL014C	0.72675
4593	YKR032W	0.7267
4594	YPL242C	0.72667
4595	YFL021C-A	0.72664
4596	YGL159W	0.72661
4597	YGR069W	0.72656
4598	YNL208W	0.72656
4599	YBL084C	0.72656
4600	YPL182C	0.72652
4601	YIL077C	0.72645
4602	YJL077C	0.72643
4603	YBR099C	0.72641
4604	YDR414C	0.72636
4605	YLR165C	0.72635
4606	YCR038C	0.72633
4607	YOR337W	0.72632
4608	YAL065C	0.72628
4609	YNL265C	0.72616
4610	YDR119W	0.72609
4611	YHL019W-A	0.72609
4612	YDR417C	0.72605
4613	YAL055W	0.72602
4614	YNL103W-A	0.72597
4615	YML031C-A	0.72597
4616	YBR032W	0.72595
4617	YOR008C-A	0.72595
4618	YKR041W	0.72594
4619	YIL084C	0.72593
4620	YGL109W	0.72585
4621	YLL040C	0.72582
4622	YLR125W	0.72581
4623	YKL099C	0.72576
4624	YOR042W	0.72575
4625	YDR504C	0.72572
4626	YGL118C	0.72565
4627	YMR242W-A	0.72558
4628	YFR026C	0.72552
4629	YDR159W	0.72545
4630	YOR336W	0.72544
4631	YBR141W-A	0.72543
4632	YDL216C	0.72542
4633	YOL136C	0.72542
4634	YDR320C	0.72538
4635	YBR232C	0.72537
4636	YDL172C	0.72519
4637	YGR228W	0.72515
4638	YOR068C	0.72498
4639	YOR050C	0.72494
4640	YMR048W	0.72484
4641	YJR128W	0.72484
4642	YGR107W	0.7248
4643	YNL224C	0.7248
4644	YDR437W	0.72479
4645	YJR038C	0.72472
4646	YBR289W	0.72471
4647	YFR001W	0.72468
4648	YPL278C	0.7246
4649	YPR170C	0.72458
4650	YDR510C-A	0.72458
4651	YGL258W-A	0.72454
4652	YPR014C	0.72454
4653	YDL136W	0.72452
4654	YDL191W	0.72452
4655	YLR356W	0.72451
4656	YGR106C	0.72443
4657	YPL076W	0.72437
4658	YBL070C	0.72435
4659	YOL063C	0.72428
4660	YGR051C	0.72427
4661	YOR041C	0.72422
4662	YNR039C	0.72418
4663	YGR146C-A	0.72418
4664	YLR264W	0.72416
4665	YGR072W	0.72414
4666	YDR374W-A	0.72408
4667	YBR027C	0.72401
4668	YDR442W	0.72401
4669	YEL020C-B	0.72396
4670	YML100W-A	0.72386
4671	YOR073W-A	0.72373
4672	YEL035C	0.72368
4673	YLR157W-E	0.72367
4674	YDR229W	0.72367
4675	YGL029W	0.72364
4676	YBL077W	0.72356
4677	YMR105W-A	0.72355
4678	YMR272W-A	0.7235
4679	YOR263C	0.72348
4680	YEL008W	0.72347
4681	YGR147C	0.72345
4682	YJR060W	0.72334
4683	YIL024C	0.72332
4684	YAR064W	0.72324
4685	YLR149C	0.72313
4686	YGR233C	0.7231
4687	YLR029C	0.72305
4688	YLR068W	0.72292
4689	YER148W-A	0.72288
4690	YIR020C-B	0.72276
4691	YML107C	0.72268
4692	YHR071C-A	0.72268
4693	YGL189C	0.72267
4694	YLR095C	0.72266
4695	YHR001W-A	0.72259
4696	YHR217C	0.72249
4697	YER023C-A	0.72249
4698	YPL081W	0.72249
4699	YJL152W	0.72247
4700	YOR127W	0.72244
4701	YGR148C	0.72244
4702	YMR316C-B	0.72242
4703	YEL059W	0.72241
4704	YHR213W-B	0.72237
4705	YOL053W	0.72234
4706	YCL029C	0.7223
4707	R0020C	0.72228
4708	YLR010C	0.72224
4709	YHR102W	0.72217
4710	YHR125W	0.72216
4711	YPL150W	0.72214
4712	YOR379C	0.72212
4713	YDR320W-B	0.7221
4714	YKR008W	0.72207
4715	YNL297C	0.72206
4716	YCR041W	0.72205
4717	YDL053C	0.72201
4718	YKL072W	0.72199
4719	YJL157C	0.72194
4720	YPR160C-A	0.72194
4721	YDR371C-A	0.72191
4722	YJR023C	0.72189
4723	YOR012W	0.72189
4724	YER131W	0.72188
4725	YKR073C	0.72184
4726	YDR073W	0.72178
4727	YOR247W	0.72177
4728	YKL036C	0.72177
4729	YOR335W-A	0.72172
4730	YJL127W-A	0.7217
4731	YLR311C	0.72166
4732	YJL070C	0.72162
4733	YMR307C-A	0.7216
4734	YJL067W	0.72155
4735	YPL225W	0.72154
4736	YLR067C	0.72153
4737	YNL146C-A	0.72152
4738	YHR063W-A	0.72148
4739	YAL045C	0.72145
4740	YDL098C	0.72137
4741	YLL020C	0.72136
4742	YGR176W	0.72136
4743	YIR018C-A	0.72133
4744	YML129C	0.72132
4745	YBR200W-A	0.72129
4746	YDR461W	0.72123
4747	YFR029W	0.72119
4748	YEL067C	0.7211
4749	YKL083W	0.72109
4750	YLR406C-A	0.72105
4751	YMR121C	0.72101
4752	Q0115	0.721
4753	YML047C	0.72099
4754	YDL070W	0.72099
4755	YKL143W	0.72089
4756	YOR167C	0.72089
4757	YHR070C-A	0.72087
4758	YCR085W	0.72083
4759	YPL254W	0.72078
4760	YHR180W-A	0.72074
4761	YLR344W	0.7207
4762	YDL196W	0.7206
4763	YBR134W	0.7206
4764	YNL150W	0.72058
4765	YER046W	0.72052
4766	YMR158W-B	0.7205
4767	YGR198W	0.72046
4768	YHL030W-A	0.72039
4769	YBL044W	0.72033
4770	YLR238W	0.72029
4771	YAL041W	0.72026
4772	YDR486C	0.72022
4773	YHR127W	0.72013
4774	YCL005W-A	0.72009
4775	YDR426C	0.72007
4776	YPL062W	0.72004
4777	YPR150W	0.72002
4778	YHL045W	0.72002
4779	YNL017C	0.72001
4780	YBR004C	0.71996
4781	YDR299W	0.71996
4782	YJL022W	0.71995
4783	YHR021W-A	0.71992
4784	YFL010W-A	0.7199
4785	YMR295C	0.71986
4786	YLL006W-A	0.71984
4787	YOR146W	0.71979
4788	YDL107W	0.71977
4789	YJR059W	0.71977
4790	YPR195C	0.71976
4791	YKR029C	0.71971
4792	YKL104W-A	0.71969
4793	YNL130C-A	0.71968
4794	YER019C-A	0.71962
4795	YCR006C	0.7196
4796	YDR068W	0.71947
4797	YCL056C	0.71947
4798	YJL187C	0.71945
4799	YMR013W-A	0.71945
4800	YDR200C	0.71934
4801	YBR058C-A	0.71931
4802	YBL090W	0.71929
4803	YCR097W-A	0.71928
4804	YCR066W	0.71919
4805	YER053C-A	0.71917
4806	YOL155W-A	0.71913
4807	YEL007W	0.71912
4808	YIL029W-A	0.71912
4809	YKL136W	0.71911
4810	YGL123C-A	0.71911
4811	YHR214C-E	0.71908
4812	YLR264C-A	0.71908
4813	YJL044C	0.71906
4814	YOR302W	0.71903
4815	YKL183W	0.719
4816	YGR053C	0.71899
4817	YLR123C	0.71898
4818	YHR105W	0.71896
4819	YMR133W	0.71896
4820	YPL178W	0.71888
4821	YOR108C-A	0.71886
4822	YBR189W	0.71875
4823	YER161C	0.71867
4824	YMR194W	0.71864
4825	YLR416C	0.71861
4826	YGR045C	0.71857
4827	YBL092W	0.71855
4828	YPR099C	0.71854
4829	YAL037C-B	0.7185
4830	YKL133C	0.71849
4831	YDR360W	0.71844
4832	YNL269W	0.71841
4833	YGR034W	0.71835
4834	YKL031W	0.71832
4835	YIL069C	0.71829
4836	YER074W	0.71829
4837	YJR080C	0.71828
4838	YPR202W	0.71824
4839	YDR495C	0.71824
4840	YML076C	0.71816
4841	YGR237C	0.71815
4842	YPR122W	0.7181
4843	YJR151W-A	0.71808
4844	YOL003C	0.71805
4845	YGR182C	0.71801
4846	YCL019W	0.71801
4847	YMR031W-A	0.71798
4848	YJL142C	0.71798
4849	YPL205C	0.71788
4850	YJL016W	0.71779
4851	YLR415C	0.71774
4852	YMR070W	0.71774
4853	YCL039W	0.71772
4854	YLR329W	0.71771
4855	YOL037C	0.71765
4856	YKL102C	0.71763
4857	YOL078W	0.71762
4858	YBR076C-A	0.7176
4859	YNL170W	0.71759
4860	YGL235W	0.71757
4861	YLL002W	0.71757
4862	YDR102C	0.71751
4863	YLR176C	0.71742
4864	YCL046W	0.71739
4865	YPL034W	0.71735
4866	YPR063C	0.71732
4867	YPR075C	0.7173
4868	YDR044W	0.71729
4869	YER184C	0.71729
4870	YKL058W	0.71718
4871	YBR178W	0.71702
4872	YBL085W	0.717
4873	YBR259W	0.717
4874	YDL067C	0.717
4875	YMR118C	0.717
4876	YKL076C	0.71698
4877	YDR295C	0.71696
4878	YBR206W	0.71692
4879	YMR316C-A	0.7169
4880	YMR014W	0.71689
4881	YIR030W-A	0.71689
4882	YNL215W	0.71684
4883	YNL041C	0.71684
4884	YJL202C	0.71677
4885	YPR076W	0.71673
4886	YNL174W	0.71673
4887	YGL088W	0.71669
4888	YCR047W-A	0.71667
4889	YCR016W	0.71667
4890	YLR422W	0.71664
4891	YMR013C-A	0.71662
4892	YAR069C	0.71657
4893	YHR214C-D	0.71657
4894	YKL054C	0.71652
4895	YMR019W	0.71647
4896	YER173W	0.71647
4897	YFL002W-A	0.71625
4898	YGR161W-B	0.71625
4899	YER135C	0.71623
4900	YML034C-A	0.71623
4901	YDR344C	0.7162
4902	YJL169W	0.7162
4903	YPR109W	0.71618
4904	YLR278C	0.71618
4905	YNL234W	0.71609
4906	YIL058W	0.71604
4907	YJL052C-A	0.71599
4908	YKL177W	0.71597
4909	YDR089W	0.71594
4910	YGL174W	0.71592
4911	YOR183W	0.71589
4912	YCL023C	0.71589
4913	YOR072W	0.71585
4914	YKL141W	0.71582
4915	YEL045C	0.71581
4916	YIR044C	0.7158
4917	YML122C	0.71576
4918	YDR366C	0.71575
4919	YLR228C	0.71572
4920	YBL028C	0.71569
4921	YDR261W-B	0.71565
4922	YHL005C	0.71563
4923	YHR139C-A	0.71556
4924	YBR085C-A	0.71555
4925	YIL060W	0.71546
4926	YLR332W	0.71537
4927	YDR053W	0.71536
4928	YNL143C	0.71529
4929	YNL213C	0.71527
4930	YOR192C-B	0.71522
4931	YDR491C	0.71521
4932	YBR266C	0.71518
4933	YGR038C-D/YGR038C-C	0.71506
4934	YFL007W	0.71506
4935	YCL065W	0.71504
4936	YCR064C	0.71503
4937	YKL122C	0.71502
4938	YLR296W	0.71499
4939	YAR070C	0.71494
4940	YEL072W	0.71491
4941	YOR287C	0.71485
4942	YGR204C-A	0.71483
4943	YPL135C-A	0.71481
4944	YIL040W	0.7148
4945	YMR176W	0.71473
4946	YBR128C	0.71466
4947	YPR064W	0.71461
4948	YOR329C	0.71459
4949	YLR302C	0.71459
4950	YDL106C	0.71456
4951	YPR199C	0.71454
4952	YER172C-A	0.71453
4953	YLR350W	0.71449
4954	YDL009C	0.71448
4955	YGL025C	0.71446
4956	YCR024C-B	0.71445
4957	YNL120C	0.71444
4958	YDL221W	0.71436
4959	YPR040W	0.71434
4960	YOL019W-A	0.7143
4961	YGL177W	0.71426
4962	YDR273W	0.71424
4963	YPL080C	0.71422
4964	YPR130C	0.71422
4965	YER189W	0.71418
4966	YDR034C-D	0.71417
4967	YML093W	0.71413
4968	YMR230W-A	0.71413
4969	YOR282W	0.71408
4970	YGR030C	0.71403
4971	YIL029C	0.714
4972	YHR132W-A	0.714
4973	YAL037W	0.714
4974	YDR278C	0.71399
4975	YOL069W	0.71393
4976	YKR090W	0.7139
4977	YPL139C	0.71389
4978	YOL097W-A	0.71377
4979	YPL161C	0.71367
4980	YKL183C-A	0.71366
4981	YHR004C	0.71362
4982	YMR001C-A	0.71359
4983	YOL013W-A	0.71358
4984	YDR057W	0.7135
4985	YNL114C	0.71348
4986	YAL008W	0.71347
4987	YKR099W	0.7134
4988	YCL024W	0.71339
4989	YKL056C	0.71337
4990	YPR071W	0.71335
4991	YCL041C	0.71333
4992	YJL136W-A	0.71328
4993	YNL228W	0.71327
4994	YHR086W-A	0.71326
4995	YKR083C	0.71318
4996	YNL144W-A	0.71313
4997	YNL028W	0.71312
4998	YGR265W	0.71309
4999	YFR010W-A	0.71305
5000	YDL114W-A	0.713
5001	YLL049W	0.71297
5002	YJR147W	0.71291
5003	YBR081C	0.7129
5004	YOR218C	0.71287
5005	YLR444C	0.71287
5006	YBR172C	0.71283
5007	YDR163W	0.71281
5008	YPL251W	0.71281
5009	YGR293C	0.7128
5010	YMR175W-A	0.71275
5011	YHR049C-A	0.71271
5012	YJL049W	0.71267
5013	YDR210W-B	0.71261
5014	YLR410W-B	0.7126
5015	YOL017W	0.71259
5016	YKR031C	0.71258
5017	YMR073C	0.71253
5018	YMR258C	0.71249
5019	YBL039C-A	0.71249
5020	YNL109W	0.7124
5021	YDR169C-A	0.7124
5022	YKL156C-A	0.71235
5023	YOR221C	0.71233
5024	YOR268C	0.71231
5025	YIR020C	0.71223
5026	YNL301C	0.71218
5027	YOL120C	0.71218
5028	YKL014C	0.71213
5029	YMR111C	0.71207
5030	YHR032C-A	0.71206
5031	YBL100W-B	0.71198
5032	YAL034C-B	0.71195
5033	YGL013C	0.71195
5034	YLR171W	0.71192
5035	YNL166C	0.7119
5036	YER088C-A	0.71186
5037	YGR013W	0.71185
5038	YDR535C	0.71179
5039	YGL072C	0.71175
5040	YPL108W	0.71164
5041	YOL166W-A	0.71161
5042	YGL113W	0.7116
5043	YLR162W	0.7116
5044	YPL038W-A	0.71159
5045	YNL338W	0.71158
5046	YNL179C	0.71155
5047	YBR257W	0.71154
5048	YDR199W	0.71149
5049	YNL230C	0.71148
5050	YOR312C	0.7114
5051	YMR242C	0.7114
5052	YKL044W	0.71135
5053	YJR041C	0.71128
5054	YKL208W	0.71127
5055	YGR064W	0.71126
5056	YBR239C	0.71121
5057	YOR058C	0.71121
5058	YJR138W	0.71117
5059	YIL057C	0.71113
5060	YJL075C	0.71111
5061	YBR016W	0.71106
5062	YEL074W	0.71104
5063	YLR403W	0.71104
5064	YDR220C	0.71101
5065	YDR250C	0.71101
5066	YCR032W	0.71099
5067	YER046W-A	0.71097
5068	YDR079C-A	0.71096
5069	YDR124W	0.71094
5070	YKL169C	0.71093
5071	YMR021C	0.71073
5072	YJR120W	0.71072
5073	YLR440C	0.71069
5074	YER050C	0.7106
5075	YNR003W-A	0.71056
5076	YMR247W-A	0.71056
5077	YMR117C	0.71054
5078	YAL059W	0.7105
5079	YEL075C	0.71046
5080	YPL249C-A	0.71043
5081	YPR087W	0.71041
5082	YJL015C	0.71041
5083	YIL174W	0.7104
5084	YJL222W-A	0.7104
5085	YIL175W	0.71038
5086	YJL222W-B	0.71038
5087	YLR428C	0.71032
5088	YLR202C	0.71024
5089	YOL099C	0.71021
5090	YIL105W-A	0.71018
5091	YJR018W	0.71018
5092	YDR157W	0.71012
5093	YNL138W-A	0.71009
5094	YIL156W-A	0.71002
5095	YOL166C	0.71001
5096	YBL083C	0.70998
5097	YPR059C	0.70997
5098	YER115C	0.70987
5099	YGR269W	0.70986
5100	YEL017W	0.70985
5101	YJL013C	0.70985
5102	YKR027W	0.7098
5103	YOR225W	0.70977
5104	YJL156W-A	0.70975
5105	YDR322W	0.70972
5106	YLR374C	0.70971
5107	YOR343W-B	0.7097
5108	YCL058W-A	0.70966
5109	YMR119W-A	0.70965
5110	YMR159C	0.70964
5111	YDR544C	0.7096
5112	YIL012W	0.70957
5113	YLR173W	0.70957
5114	YLL030C	0.70951
5115	YDL213W-A	0.7095
5116	YGL108C	0.70947
5117	YGL063C-A	0.70945
5118	YLR381W	0.70936
5119	YDR254W	0.7093
5120	YPR068C	0.7092
5121	YHL037C	0.70916
5122	YNL296W	0.70913
5123	YGL041C-B	0.70912
5124	YBR240C	0.70907
5125	YDL048C	0.70906
5126	YJL135W	0.70903
5127	YOR316C-A	0.709
5128	YGL041W-A	0.70893
5129	YMR135W-A	0.70892
5130	YLR322W	0.70887
5131	YNL019C	0.70886
5132	YNL050C	0.70878
5133	YGR226C	0.70876
5134	YLR151C	0.70873
5135	YDR526C	0.7087
5136	YOR203W	0.70866
5137	YFR034W-A	0.70863
5138	YOR308C	0.70848
5139	YIL139C	0.70847
5140	YOR161W-A	0.70845
5141	YJL027C	0.7084
5142	YKR016W	0.70837
5143	YOR045W	0.70822
5144	YAR002W	0.70822
5145	YMR298W	0.70821
5146	YLR321C	0.70818
5147	YOL100W	0.70816
5148	YLR407W	0.70815
5149	YGR219W	0.70812
5150	YOR314W-A	0.7081
5151	YDR458C	0.70806
5152	YJL107C	0.70801
5153	YLR136C	0.7079
5154	YMR032W	0.70789
5155	YGR076C	0.70774
5156	YDR118W	0.70771
5157	YDR329C	0.70767
5158	YER078W-A	0.70766
5159	YER068C-A	0.70765
5160	YKL038W	0.70761
5161	YPR136C	0.70761
5162	YLR150W	0.7076
5163	YFR011C	0.70758
5164	YDR462W	0.70751
5165	YLR163W-A	0.70749
5166	YBL029W	0.7074
5167	YOR199W	0.70739
5168	YCR001W	0.70738
5169	YPR187W	0.7072
5170	YFR049W	0.70719
5171	YGL059W	0.70718
5172	YLR423C	0.70717
5173	YGL239C	0.70716
5174	YNL136W	0.70715
5175	YNR042W	0.70713
5176	YBR090C	0.70698
5177	YLR463C	0.70692
5178	YDR467C	0.70687
5179	YAL026C-A	0.70678
5180	YBL051C	0.70663
5181	YLR024C	0.70662
5182	YPR106W	0.70661
5183	YDR193W	0.70656
5184	YNL033W	0.70653
5185	YOL160W	0.70652
5186	YGR236C	0.70651
5187	YAL059C-A	0.7064
5188	YEL075W-A	0.70637
5189	YNR047W	0.70633
5190	YPR061C	0.70632
5191	YOR015W	0.7063
5192	YLR120W-A	0.7063
5193	YBL025W	0.70618
5194	YLR076C	0.70618
5195	YNL277W-A	0.70617
5196	YBR191W-A	0.70615
5197	YDR153C	0.70612
5198	YFR023W	0.70609
5199	YLR073C	0.70609
5200	YOR210W	0.70608
5201	YLR365W	0.70606
5202	YAR030C	0.70601
5203	YMR284W	0.70599
5204	YGL034C	0.70599
5205	YLR232W	0.70595
5206	YDL163W	0.70591
5207	YNL183C	0.70588
5208	YGL041C	0.70588
5209	YOR293C-A	0.7058
5210	YGR049W	0.70571
5211	YGL215W	0.70571
5212	YHR055C	0.70567
5213	YHR053C	0.70567
5214	YHL006W-A	0.70564
5215	YER112W	0.70548
5216	YDL044C	0.70546
5217	YGL090W	0.70539
5218	YDR076W	0.70536
5219	YGR025W	0.70536
5220	YOR364W	0.70536
5221	YGL132W	0.70535
5222	YML114C	0.70532
5223	YHL020C	0.70531
5224	YPR159C-A	0.70529
5225	YLR154C	0.70515
5226	YGR011W	0.70511
5227	YDL228C	0.7051
5228	YMR098C	0.70508
5229	YDR524W-C	0.70506
5230	YOL079W	0.705
5231	YIL089W	0.70499
5232	YBR272C	0.70496
5233	YFR052C-A	0.70496
5234	YKL074C	0.70495
5235	YBL107W-A	0.70491
5236	YOR309C	0.70486
5237	YDR401W	0.70476
5238	YPR160W-A	0.70467
5239	YLR442C	0.70467
5240	YJL215C	0.70465
5241	YAL025C	0.70464
5242	YNR075C-A	0.70464
5243	YOR144C	0.70464
5244	YGL204C	0.70457
5245	YJL188C	0.70455
5246	YGL149W	0.70451
5247	YJL182C	0.70451
5248	YBR077C	0.70449
5249	YER034W	0.70444
5250	YKL075C	0.70431
5251	YLR062C	0.7043
5252	YMR141C	0.70428
5253	YAL011W	0.70426
5254	YPL016W	0.70425
5255	YNL178W	0.70424
5256	YBR103C-A	0.70422
5257	YNL204C	0.70421
5258	YIL112W	0.70412
5259	YLR098C	0.70411
5260	YPR020W	0.7041
5261	YDR131C	0.70407
5262	YHL009C	0.70403
5263	YJL037W	0.70394
5264	YDR466W	0.70389
5265	YDL025W-A	0.70389
5266	YLR379W-A	0.70383
5267	YDR138W	0.7038
5268	YER118C	0.70378
5269	YLR242C	0.70368
5270	YHR006W	0.70366
5271	YPL073C	0.70363
5272	YDR215C	0.70362
5273	YJL019W	0.70362
5274	YPR117W	0.70362
5275	YGL188C	0.70359
5276	YMR030W-A	0.70359
5277	YDR246W-A	0.70355
5278	YDR296W	0.70352
5279	YJL119C	0.70349
5280	YOR373W	0.70348
5281	YDR118W-A	0.70344
5282	YPL250W-A	0.70342
5283	YDR115W	0.70334
5284	YDL071C	0.70331
5285	YGR206W	0.70326
5286	YBL065W	0.70325
5287	YBR121C-A	0.70323
5288	YDR371W	0.70313
5289	YIL093C	0.70306
5290	YOR300W	0.70305
5291	YLR453C	0.70296
5292	YBR233W-A	0.70292
5293	YPL120W	0.7029
5294	YOL127W	0.70286
5295	YIR017W-A	0.70285
5296	YFR009W-A	0.70277
5297	YEL050W-A	0.70276
5298	YNL097C-B	0.70275
5299	YPL136W	0.70271
5300	R0040C	0.70269
5301	YLR101C	0.70268
5302	YKL153W	0.70268
5303	YEL025C	0.70256
5304	YJR114W	0.70241
5305	YLR342W-A	0.70234
5306	YJR134C	0.70233
5307	YIL047C-A	0.70228
5308	YLR346C	0.70226
5309	YDR303C	0.70224
5310	YJL105W	0.70219
5311	YPL156C	0.70214
5312	YPL272C	0.70213
5313	YER138W-A	0.70212
5314	YAL037C-A	0.70212
5315	YDR475C	0.7021
5316	YBL094C	0.70207
5317	YDR521W	0.70203
5318	YOR314W	0.702
5319	YER137C	0.70197
5320	YDR327W	0.70197
5321	YNR001W-A	0.70196
5322	YLR370C	0.70183
5323	YDR078C	0.70183
5324	YDR008C	0.70182
5325	YIL025C	0.70182
5326	YIL002W-A	0.70182
5327	YNR035C	0.7018
5328	YIL159W	0.70173
5329	YCR049C	0.7017
5330	YDL219W	0.70168
5331	YJL211C	0.70165
5332	YIL019W	0.70164
5333	YML029W	0.7016
5334	YLR310C	0.70158
5335	YJR101W	0.70155
5336	YGL093W	0.70153
5337	YML034W	0.70151
5338	YER152W-A	0.7015
5339	YDR176W	0.70148
5340	YEL033W	0.70148
5341	YDR340W	0.70146
5342	YDR357C	0.7014
5343	YJL184W	0.70138
5344	YHR180C-B	0.70138
5345	YJL048C	0.70136
5346	YIR020W-A	0.70131
5347	YML007C-A	0.70128
5348	YMR017W	0.70124
5349	YJL180C	0.70122
5350	YGR015C	0.70113
5351	YML047W-A	0.70102
5352	YPR133W-A	0.70098
5353	YOL035C	0.70096
5354	YML023C	0.7009
5355	YMR103C	0.70088
5356	YCR045W-A	0.70085
5357	Q0017	0.70083
5358	YHR069C-A	0.70082
5359	YER137W-A	0.70079
5360	YDR354C-A	0.70076
5361	YDL012C	0.70072
5362	YMR172C-A	0.70067
5363	YBL073W	0.70065
5364	YOR193W	0.70058
5365	YOR083W	0.70056
5366	YBL008W-A	0.70056
5367	YAL064W	0.70053
5368	YLL066W-B	0.70043
5369	YML116W-A	0.70042
5370	YHL027W	0.70039
5371	YDR104C	0.7003
5372	YLR395C	0.7002
5373	YLR462W	0.70019
5374	YGL052W	0.7001
5375	YLR400W	0.70007
5376	YFL015W-A	0.70004
5377	YMR184W	0.69994
5378	YJL099W	0.69992
5379	YNR063W	0.69991
5380	YLR256W	0.69985
5381	YEL010W	0.69978
5382	YOL164W-A	0.69977
5383	YBR168W	0.6997
5384	YNL058C	0.69966
5385	YDR003W-A	0.69962
5386	YDR261C-C	0.69962
5387	YCL014W	0.69948
5388	YLR169W	0.69944
5389	YGR114C	0.69941
5390	YJR135C	0.69937
5391	YNL172W	0.69935
5392	YDR136C	0.69904
5393	YPR146C	0.69902
5394	YLR106C	0.69902
5395	YDR307W	0.69899
5396	YOR366W	0.69895
5397	YLL005C	0.69892
5398	YLR162W-A	0.69891
5399	YLR057W	0.69891
5400	YOR220W	0.6988
5401	YNL068C	0.69869
5402	YHL038C	0.69864
5403	YJL127C-B	0.69862
5404	YPR158C-C	0.69861
5405	YLR402W	0.69859
5406	YLR265C	0.69859
5407	YCL021W	0.69851
5408	YAR035C-A	0.69846
5409	YKL123W	0.69844
5410	YLR211C	0.69843
5411	YHR073W-A	0.69842
5412	YOR078W	0.69841
5413	YJL086C	0.69841
5414	YPR009W	0.6984
5415	YDR317W	0.69838
5416	YDR445C	0.69832
5417	YPR049C	0.69826
5418	YOL159C	0.69826
5419	YBR120C	0.69823
5420	YMR122C	0.69818
5421	YBR292C	0.69814
5422	YMR198W	0.69814
5423	YOL103W-A	0.69811
5424	YHR087W	0.69805
5425	YDL094C	0.69804
5426	YIL020C-A	0.69802
5427	YOR297C	0.69785
5428	YIL014C-A	0.69784
5429	YLR157C-A	0.69778
5430	YER137C-A	0.69778
5431	YPL257W-A	0.69778
5432	YDR365W-A	0.69778
5433	YJR127C	0.69776
5434	YPR021C	0.69775
5435	YHR213W-A	0.69767
5436	YMR007W	0.69759
5437	YHL009W-B	0.69757
5438	YDR154C	0.69757
5439	YMR294W	0.69756
5440	YPL152W-A	0.69756
5441	YDR524C-A	0.69753
5442	YPR015C	0.69747
5443	YGR081C	0.69746
5444	YBR012C	0.69746
5445	YDR241W	0.69738
5446	YPL256C	0.69734
5447	YER076W-A	0.6973
5448	YMR072W	0.69729
5449	YDR413C	0.69728
5450	YDR499W	0.69719
5451	YCL054W-A	0.6971
5452	YKL097C	0.69709
5453	YBR296C-A	0.697
5454	YLR033W	0.69692
5455	YMR194C-A	0.69691
5456	YAL069W	0.69686
5457	YCR025C	0.69679
5458	YDL170W	0.69676
5459	YHR097C	0.69673
5460	YFL024C	0.69672
5461	YJL113W	0.69671
5462	YPR039W	0.69654
5463	YOL089C	0.69652
5464	YLR154W-C	0.69649
5465	YKL118W	0.69643
5466	YLR256W-A	0.69626
5467	YER022W	0.69617
5468	YIL031W	0.69614
5469	YKR101W	0.69612
5470	YGR016W	0.69606
5471	YFR039C	0.69591
5472	YBR223W-A	0.69588
5473	YJL038C	0.69585
5474	YDL235C	0.69584
5475	YGR018C	0.6958
5476	YGR084C	0.6957
5477	YOR392W	0.69569
5478	YHL009W-A	0.69567
5479	YER067C-A	0.69566
5480	YKR020W	0.69563
5481	YBL071C	0.69563
5482	YIL149C	0.69559
5483	YPL216W	0.69557
5484	YNL008C	0.69549
5485	YFL012W-A	0.69549
5486	YGL007C-A	0.69545
5487	YBR196C-B	0.69534
5488	YGL249W	0.69534
5489	YLR388W	0.69531
5490	YGL168W	0.69529
5491	YNL205C	0.69519
5492	YLR111W	0.69512
5493	YGR022C	0.69512
5494	YBR277C	0.69512
5495	YCL068C	0.69501
5496	YDL032W	0.69495
5497	YLR227W-A	0.69494
5498	YML040W	0.69494
5499	YJR026W	0.69494
5500	YNL226W	0.69492
5501	YFR042W	0.6949
5502	YML059C	0.6949
5503	YDR149C	0.69484
5504	YKR033C	0.69483
5505	YML036W	0.69478
5506	YDR005C	0.69473
5507	YBR056W-A	0.69467
5508	YFR012W	0.69466
5509	YMR320W	0.69464
5510	YJL122W	0.69463
5511	YPR137C-A	0.69462
5512	YAR010C	0.69462
5513	YDR095C	0.69413
5514	YHL015W-A	0.69413
5515	YCR063W	0.69409
5516	YLR347W-A	0.69408
5517	YHR119W	0.69405
5518	YDR179C	0.69397
5519	YNL042W-B	0.69396
5520	YLL042C	0.69392
5521	YHR007C-A	0.69388
5522	YGR139W	0.69385
5523	YHR017W	0.69383
5524	YCR087W	0.6938
5525	YPL146C	0.6938
5526	YOR152C	0.69377
5527	YNL165W	0.69376
5528	YJL073W	0.69374
5529	YML045W-A	0.69373
5530	YOR072W-A	0.69364
5531	YBR215W	0.69363
5532	YLR424C-A	0.69363
5533	YDR455C	0.69352
5534	YMR280C	0.69352
5535	YNL145W	0.69339
5536	YDL204W	0.69337
5537	YJR087W	0.69333
5538	YJL205C	0.69331
5539	YDR015C	0.69329
5540	YPL060C-A	0.69328
5541	YBL005W	0.69323
5542	YFR040W	0.69322
5543	YCR095W-A	0.69315
5544	YJR093C	0.6931
5545	YGL107C	0.69303
5546	YGR035W-A	0.69295
5547	YHR058C	0.69294
5548	YLR366W	0.69286
5549	YLR404W	0.69285
5550	YDL220C	0.69283
5551	YIR021W-A	0.69279
5552	YPL056C	0.69277
5553	YGR129W	0.69274
5554	YBR012W-A	0.69256
5555	YDR098C-A	0.69256
5556	YDR017C	0.69256
5557	YHL041W	0.69242
5558	YGL193C	0.6924
5559	YGL197W	0.69231
5560	YML012C-A	0.69227
5561	YGR122C-A	0.69225
5562	YKR035C	0.69222
5563	YDR285W	0.6922
5564	YLL021W	0.69215
5565	YHR212W-A	0.69215
5566	YAR061W	0.69215
5567	YBL006W-A	0.69215
5568	YLR156C-A	0.69204
5569	YLR157C-C	0.69204
5570	YLR154C-H	0.69204
5571	YLR159C-A	0.69204
5572	YLR331C	0.69202
5573	YIL129C	0.69202
5574	YDR316W-A	0.69191
5575	YMR051C	0.69191
5576	YGR161C-C	0.69191
5577	YLR035C-B	0.69191
5578	YER159C-A	0.69191
5579	YBR300C	0.69186
5580	YIL066W-A	0.69181
5581	YLR360W	0.69181
5582	YCL028W	0.6918
5583	YKR005C	0.69179
5584	YDR048C	0.69173
5585	YDR281C	0.69163
5586	YNL156C	0.69162
5587	YGR222W	0.69158
5588	YJR028W	0.69157
5589	YPR070W	0.69156
5590	YOL038C-A	0.69155
5591	YLL019W-A	0.69152
5592	YER092W	0.6915
5593	YBR298C-A	0.69145
5594	YDL062W	0.69142
5595	YNL245C	0.69139
5596	YMR100W	0.69131
5597	YLR119W	0.69124
5598	YGR160W	0.69121
5599	YDR377W	0.69119
5600	YCR099C	0.69112
5601	YLR424W	0.69109
5602	YIR024C	0.69107
5603	YDR369C	0.69104
5604	YLR434C	0.691
5605	YKR046C	0.69099
5606	YMR119W	0.69082
5607	YDR010C	0.6908
5608	YBL071C-B	0.69078
5609	YJR106W	0.69077
5610	YOR355W	0.69076
5611	YPL257W	0.69076
5612	YLR454W	0.69075
5613	YPL035C	0.69075
5614	YOR063W	0.69066
5615	YPL021W	0.69062
5616	YDR451C	0.69061
5617	YER084W	0.6906
5618	YOL032W	0.69059
5619	YBR262C	0.69056
5620	YIL071C	0.69055
5621	YJL176C	0.69055
5622	YHR082C	0.69036
5623	YKL048C	0.69034
5624	YGR038C-A	0.69028
5625	YDR469W	0.69015
5626	YPL192C	0.69003
5627	YDL247W-A	0.68981
5628	YHR143W	0.68981
5629	YBR049C	0.68974
5630	YOL117W	0.6897
5631	YCR102W-A	0.6897
5632	YJL028W	0.68953
5633	YDR156W	0.68952
5634	YMR304C-A	0.6895
5635	YDR525W	0.6895
5636	YGR027W-A	0.68939
5637	YER091C-A	0.68938
5638	YOL044W	0.68935
5639	YPR158W-A	0.68928
5640	YOR142W-A	0.68928
5641	YJL023C	0.68922
5642	YLR279W	0.6892
5643	YMR018W	0.68919
5644	YJL199C	0.68919
5645	YDR170W-A	0.68917
5646	YML083C	0.68903
5647	YNL337W	0.68899
5648	YMR075C-A	0.68893
5649	YLR364C-A	0.6889
5650	YIL177W-A	0.68889
5651	YJL225W-A	0.68889
5652	YJL047C-A	0.68877
5653	YAL019W-A	0.68871
5654	YMR025W	0.68859
5655	YLR285C-A	0.68852
5656	YML103C	0.6885
5657	YBR270C	0.68845
5658	YOR298W	0.68844
5659	YOR354C	0.68843
5660	YDR210C-C	0.6883
5661	YBR033W	0.68829
5662	YKL165C-A	0.68828
5663	YLL066W-A	0.68828
5664	YFL068W	0.68828
5665	YLL067W-A	0.68828
5666	YGR164W	0.68828
5667	YKL092C	0.68821
5668	YDL173W	0.68816
5669	YGL229C	0.68813
5670	YER054C	0.68809
5671	YLR280C	0.68808
5672	YJL114W	0.68798
5673	YNL284C-A	0.68792
5674	YDR194W-A	0.68788
5675	YDR066C	0.68787
5676	YOL138C	0.68777
5677	YPR012W	0.68772
5678	YDR396W	0.68745
5679	YOR129C	0.68745
5680	YDR509W	0.68744
5681	YCR050C	0.68737
5682	YOR396C-A	0.68734
5683	YLR466C-A	0.68734
5684	YLR467C-A	0.68734
5685	YIR018W	0.68732
5686	YFR036W-A	0.68729
5687	YLR201C	0.68722
5688	YBR219C	0.68711
5689	YAL031W-A	0.68708
5690	YER066C-A	0.68696
5691	YDL005C	0.68692
5692	YLR358C	0.68691
5693	YBR196C-A	0.68685
5694	YNL314W	0.68681
5695	YDR183C-A	0.6868
5696	YKL159C	0.68677
5697	YDR431W	0.68673
5698	YLR236C	0.6867
5699	YNL339W-B	0.68668
5700	YHR219C-A	0.68668
5701	YML133W-B	0.68668
5702	YMR031C	0.68668
5703	YGL226C-A	0.68667
5704	YER122C	0.68664
5705	YKR019C	0.68663
5706	YOL104C	0.68663
5707	YOR011W-A	0.68654
5708	YGR075C	0.68622
5709	YJL032W	0.68622
5710	YMR153C-A	0.6862
5711	YOR385W	0.68617
5712	YMR294W-A	0.68609
5713	YGR077C	0.68607
5714	YER093C-A	0.68605
5715	YHR137C-A	0.68603
5716	YCR022C	0.68599
5717	YHR072W-A	0.68587
5718	YCL001W-A	0.68584
5719	YDR379W	0.68582
5720	YAR060C	0.68576
5721	YHR212C	0.68576
5722	YEL077W-A	0.68575
5723	YER190C-B	0.68575
5724	YPL283W-B	0.68575
5725	YGR296C-B	0.68575
5726	YPR204C-A	0.68575
5727	YPL011C	0.68564
5728	YDR464W	0.68555
5729	YER133W-A	0.68554
5730	YOR140W	0.68548
5731	YMR153W	0.6853
5732	YPL261C	0.68526
5733	YOR394C-A	0.68524
5734	YKR095W	0.68517
5735	YDR545C-A	0.68517
5736	YKL176C	0.68511
5737	YER186C	0.6851
5738	YML058W-A	0.68504
5739	YHL046W-A	0.685
5740	YLR036C	0.68495
5741	YPL202C	0.68495
5742	YPR027C	0.68491
5743	YLR262C-A	0.6849
5744	YGR130C	0.68479
5745	YER087C-A	0.68477
5746	YGL188C-A	0.68473
5747	YHR050W-A	0.68473
5748	YIR003W	0.68466
5749	YJL083W	0.68462
5750	YDL181W	0.68462
5751	YER006C-A	0.68457
5752	YGR098C	0.68443
5753	YNL005C	0.68443
5754	YJL146W	0.6844
5755	YER109C	0.68434
5756	YOL083W	0.68404
5757	YNL070W	0.68404
5758	YLR466C-B	0.68398
5759	YAL066W	0.68393
5760	YLR154W-B	0.68391
5761	YAR047C	0.68391
5762	YPL102C	0.68385
5763	YBR238C	0.68368
5764	YIR033W	0.68368
5765	YPR096C	0.68366
5766	YGR008C	0.68364
5767	YDR034W-B	0.68362
5768	YGL086W	0.68356
5769	YHL050W-A	0.68352
5770	YDR203W	0.68349
5771	YDR235W	0.68335
5772	YEL068C	0.6833
5773	YMR046C	0.68327
5774	YBR250W	0.68324
5775	YEL028W	0.6832
5776	YIR014W	0.68314
5777	YOR376W	0.6829
5778	YOR019W	0.68288
5779	YPL177C	0.68271
5780	YER090C-A	0.68257
5781	YER085C	0.68256
5782	YNL295W	0.68255
5783	YNL319W	0.68255
5784	YIL144W	0.68251
5785	YIL141W	0.68243
5786	YMR256C	0.68237
5787	YGR150C	0.68233
5788	YER038W-A	0.6823
5789	YNL086W	0.68229
5790	YLR271W	0.68218
5791	YPL090C	0.68212
5792	YBR181C	0.68212
5793	YLR217W	0.682
5794	YMR172W	0.68197
5795	YBR131W	0.68189
5796	YPR169W-A	0.68188
5797	YJL209W	0.68187
5798	YBL005W-A	0.68185
5799	YBR135W	0.68183
5800	YBL059W	0.6818
5801	YBL012C	0.68178
5802	YJR140W-A	0.68178
5803	YBL113W-A	0.6817
5804	YAL068W-A	0.6817
5805	YPL018W	0.68168
5806	YGL102C	0.68158
5807	YOR072W-B	0.68154
5808	YOR208W	0.6814
5809	YBR171W	0.68136
5810	YFL032W	0.68132
5811	YIL097W	0.68124
5812	YDR119W-A	0.68122
5813	YNL254C	0.68121
5814	YOR032W-A	0.68115
5815	YIL071W-A	0.68112
5816	YOR266W	0.68109
5817	YNR037C	0.68098
5818	YAL034C	0.68092
5819	YLR235C	0.68091
5820	YKR011C	0.68086
5821	YNL235C	0.68084
5822	YDR034C-A	0.6807
5823	YLR157W-D	0.6807
5824	YOR028C	0.68064
5825	YML017W	0.68056
5826	YLR040C	0.68056
5827	YDR383C	0.68049
5828	YPL075W	0.68042
5829	YNL024C-A	0.68028
5830	YDL158C	0.68027
5831	YPR007C	0.68005
5832	YMR082C	0.67991
5833	YDL206W	0.67984
5834	YDR143C	0.67974
5835	YMR052C-A	0.67965
5836	YGL007W	0.67958
5837	YIL098C	0.67951
5838	YMR064W	0.67947
5839	YDL115C	0.67941
5840	YBL063W	0.67937
5841	YPL271W	0.67933
5842	YLR361C-A	0.67923
5843	YLR182W	0.6792
5844	YGR291C	0.67914
5845	YML108W	0.67903
5846	YDL061C	0.67901
5847	YLR224W	0.67895
5848	YHR056W-A	0.67884
5849	YMR141W-A	0.67882
5850	YBR051W	0.67879
5851	YJL150W	0.67877
5852	YBR108W	0.67875
5853	YHR056C	0.67862
5854	YLR295C	0.67861
5855	YKL020C	0.67858
5856	YGR089W	0.67849
5857	YMR134W	0.67847
5858	YGR215W	0.67846
5859	YML128C	0.67844
5860	YLR385C	0.67841
5861	YLR458W	0.67838
5862	YDR381C-A	0.67836
5863	YJL077W-B	0.67825
5864	YNL054W-A	0.67805
5865	YMR311C	0.67798
5866	YDR082W	0.67797
5867	YNL285W	0.67794
5868	YIL032C	0.67794
5869	YKL130C	0.6777
5870	YLR376C	0.67768
5871	YIL030W-A	0.67767
5872	YER075C	0.67765
5873	YMR147W	0.67758
5874	YPL219W	0.67748
5875	YHR182W	0.67734
5876	YKL101W	0.67734
5877	YER129W	0.67724
5878	YNL053W	0.67703
5879	YOR161C-C	0.67696
5880	YCR097W	0.67683
5881	YOR231C-A	0.67681
5882	YIL134C-A	0.67679
5883	YDR024W	0.67667
5884	YML099W-A	0.6764
5885	YMR016C	0.67634
5886	YOR276W	0.67631
5887	YLR112W	0.6763
5888	YIL158W	0.6762
5889	YOR186C-A	0.67607
5890	YGL209W	0.67606
5891	YKL100W-A	0.67595
5892	YER188C-A	0.67593
5893	YHR153C	0.67592
5894	YLR198C	0.67581
5895	YOL085W-A	0.67579
5896	YBL072C	0.67552
5897	YER102W	0.67552
5898	YIL163C	0.67551
5899	YPL166W	0.67518
5900	YBR209W	0.67515
5901	YBR066C	0.67513
5902	YMR257C	0.67512
5903	YDR016C	0.67508
5904	YCR018C	0.67505
5905	YKL162C	0.67499
5906	YGR250C	0.67488
5907	YNL115C	0.67485
5908	YPL189C-A	0.67479
5909	YBR131C-A	0.67479
5910	YJR012C	0.67479
5911	YDL240C-A	0.67475
5912	YDL185C-A	0.67465
5913	YGL162W	0.67459
5914	YAL010C	0.67457
5915	YLR135W	0.67446
5916	YLR313C	0.67443
5917	YLR082C	0.67442
5918	YOR107W	0.67439
5919	YCL007C	0.67434
5920	YMR193C-A	0.67424
5921	YOL134C	0.67401
5922	YDR169C	0.67394
5923	YCL022C	0.67391
5924	YOR189W	0.67387
5925	YDR202C	0.67385
5926	YDR348C	0.67375
5927	YPL085W	0.6736
5928	YDL056W	0.6736
5929	YDR350C	0.67352
5930	YHR149C	0.67351
5931	YBL103C	0.67349
5932	YGL073W	0.67344
5933	YKR054C	0.67327
5934	YKL053W	0.67323
5935	YKL096C-B	0.67322
5936	YML009C	0.67321
5937	YKR015C	0.67319
5938	YER097W	0.67317
5939	YDR166C	0.67312
5940	YDR042C	0.67311
5941	YGL230C	0.67311
5942	YJR086W	0.67308
5943	YGL237C	0.67308
5944	YBL048W	0.67304
5945	YHR131C	0.67301
5946	YPL174C	0.673
5947	YOR137C	0.67285
5948	YMR164C	0.67282
5949	YBR188C	0.67278
5950	YPL197C	0.67258
5951	YOL024W	0.67253
5952	YDR069C	0.67215
5953	YCR033W	0.67212
5954	YNL171C	0.67209
5955	YKL018C-A	0.67178
5956	YPL037C	0.67178
5957	YGL096W	0.67177
5958	YDR543C	0.67176
5959	YMR199W	0.67175
5960	YDR505C	0.6717
5961	YIL102C-A	0.67139
5962	YLR297W	0.67128
5963	YHR175W-A	0.67113
5964	YMR187C	0.67112
5965	YER067W	0.67112
5966	YOR105W	0.67105
5967	YLR261C	0.67104
5968	YPL193W	0.67102
5969	YIL100W	0.67095
5970	YPL039W	0.67091
5971	YDL242W	0.6708
5972	YEL018W	0.67079
5973	YGR137W	0.67074
5974	YDR034C	0.67072
5975	YAR020C	0.67067
5976	YJL076W	0.67064
5977	YGR249W	0.67056
5978	YHR130C	0.67055
5979	YLR012C	0.67045
5980	YOR170W	0.67034
5981	YHR145C	0.67033
5982	YEL008C-A	0.67025
5983	YHR093W	0.67019
5984	YLR154W-E	0.67009
5985	YER079C-A	0.67008
5986	YMR191W	0.67006
5987	YMR315W-A	0.67004
5988	YNL157W	0.66999
5989	YCL061C	0.66984
5990	YLR412C-A	0.66979
5991	YBL052C	0.66974
5992	YKL108W	0.66971
5993	YHL023C	0.66967
5994	YHR165C	0.66966
5995	YIL117C	0.66962
5996	YBL006C	0.6696
5997	YGL176C	0.66959
5998	YPR074W-A	0.66956
5999	YPR126C	0.6695
6000	YNL133C	0.66949
6001	YLR154W-A	0.66929
6002	YMR326C	0.66924
6003	YJR037W	0.66923
6004	YOR008W-B	0.66918
6005	YGR227C-A	0.66905
6006	YDR034C-C	0.66901
6007	YBR224W	0.66868
6008	YGL121C	0.66867
6009	YNL164C	0.66864
6010	YHL025W	0.66861
6011	YGL042C	0.66854
6012	YHR159W	0.66849
6013	YHR099W	0.66845
6014	YOR343C	0.66829
6015	YLR139C	0.66822
6016	YHR199C-A	0.66821
6017	YGL151W	0.66817
6018	YNR025C	0.66811
6019	YHR032W-A	0.66758
6020	YLR408C	0.6675
6021	YGL014C-A	0.66737
6022	YLR263W	0.66731
6023	YLR184W	0.6673
6024	YNL210W	0.66728
6025	YDR043C	0.66726
6026	YFL049W	0.66712
6027	YBR083W	0.6671
6028	YDL016C	0.66702
6029	YGL214W	0.66696
6030	YLR320W	0.66692
6031	YCR020W-B	0.6669
6032	YJL177W	0.66674
6033	YHR136C	0.66665
6034	YDL130W-A	0.66653
6035	YJR108W	0.66645
6036	YDL199C	0.66642
6037	YLR437C	0.66636
6038	YOL159C-A	0.66634
6039	YCR018C-A	0.66618
6040	YDR261W-A	0.66612
6041	YNL198C	0.66608
6042	YJL103C	0.66605
6043	YIL055C	0.66586
6044	YDR532C	0.66576
6045	YKL171W	0.66574
6046	YDL073W	0.66562
6047	YOR192C-A	0.66555
6048	YPL253C	0.66541
6049	YGL182C	0.66536
6050	YML113W	0.66534
6051	YCL020W	0.66531
6052	YCL001W	0.66529
6053	YGL066W	0.66524
6054	YLL044W	0.66517
6055	YGR115C	0.66515
6056	YLR227C	0.66501
6057	YML081W	0.66491
6058	YBR136W	0.66486
6059	YHR156C	0.66473
6060	YMR066W	0.66467
6061	YGL005C	0.66455
6062	YPR084W	0.66444
6063	YJR053W	0.66429
6064	YBL039W-B	0.66427
6065	YHR167W	0.66419
6066	YPR142C	0.66403
6067	YBL100W-C	0.66403
6068	YGL219C	0.66386
6069	YOR333C	0.66385
6070	YNL211C	0.66383
6071	YKL061W	0.66381
6072	YPR095C	0.66377
6073	YLR294C	0.66371
6074	YBR182C-A	0.6637
6075	YOR097C	0.66356
6076	YMR059W	0.66344
6077	YML007W	0.66342
6078	YDR146C	0.66341
6079	YLR154C-G	0.66338
6080	YJL207C	0.66337
6081	YDL121C	0.66335
6082	YOR148C	0.6633
6083	YML054C-A	0.6633
6084	YNR004W	0.66319
6085	YPL096C-A	0.66317
6086	YMR282C	0.66312
6087	YPL099C	0.66305
6088	YDL197C	0.66305
6089	YML041C	0.66303
6090	YDL139C	0.66288
6091	YAL040C	0.66287
6092	YKL180W	0.66276
6093	YDL151C	0.66251
6094	YGR169C-A	0.66244
6095	YMR046W-A	0.6624
6096	YPR185W	0.66225
6097	YFR012W-A	0.66212
6098	YMR299C	0.66211
6099	YBL093C	0.66206
6100	YOL031C	0.66204
6101	YDR524C	0.662
6102	YNL067W-A	0.66193
6103	YFR032C-B	0.66185
6104	YOL085C	0.66181
6105	YCR081W	0.66164
6106	YPR174C	0.66154
6107	YBR113W	0.66149
6108	YDL088C	0.66146
6109	YIL037C	0.66141
6110	YGR038C-E	0.66131
6111	YFR057W	0.6613
6112	YNL266W	0.66112
6113	YML027W	0.66108
6114	YPL033C	0.66103
6115	YFL063W	0.66101
6116	YLR410W-A	0.66099
6117	YGR161W-A	0.66088
6118	YFL002W-B	0.66088
6119	YOL082W	0.66083
6120	YMR052W	0.66078
6121	YGR039W	0.66076
6122	YAL063C-A	0.66074
6123	YGR230W	0.66063
6124	YBR057C	0.66059
6125	YOR169C	0.66055
6126	YNL097W-A	0.66051
6127	YOR304C-A	0.66047
6128	YOR104W	0.66042
6129	YGR140W	0.66015
6130	YLR154W-F	0.66011
6131	YHR079C-A	0.66009
6132	YOL013W-B	0.66007
6133	YDR433W	0.6599
6134	YDR217C	0.65983
6135	YJL058C	0.6598
6136	YBR126W-B	0.65975
6137	YOR349W	0.65949
6138	YGR174W-A	0.65944
6139	YPL168W	0.65941
6140	YDL129W	0.65934
6141	YMR148W	0.65883
6142	YGL071W	0.65879
6143	YKR034W	0.65871
6144	YBL100W-A	0.65855
6145	YNR024W	0.65848
6146	YDL211C	0.65844
6147	YGL081W	0.65812
6148	YOR235W	0.65792
6149	YBR084C-A	0.65789
6150	YBL027W	0.65789
6151	YHR036W	0.65786
6152	YDR406W-A	0.65785
6153	YJR021C	0.6578
6154	YMR151W	0.65775
6155	YGL061C	0.65764
6156	YOR329W-A	0.65755
6157	YNL013C	0.65754
6158	YDR240C	0.65745
6159	YAR014C	0.65739
6160	YJL020W-A	0.65739
6161	YLR298C	0.65731
6162	YJL170C	0.65718
6163	YNL144C	0.65693
6164	YCR082W	0.65687
6165	YLR222C-A	0.65687
6166	YBR197C	0.65676
6167	YKL106C-A	0.65671
6168	YFL041W-A	0.65662
6169	YEL009C-A	0.65636
6170	YDR123C	0.65635
6171	YGL075C	0.65616
6172	YBL043W	0.65615
6173	YBR124W	0.65607
6174	YAL032C	0.65592
6175	YLR091W	0.6559
6176	YDL152W	0.65581
6177	YIL092W	0.65579
6178	YNL054W	0.65578
6179	YJL095W	0.65557
6180	YLL003W	0.65554
6181	YDR252W	0.65531
6182	YLR042C	0.65526
6183	YFR003C	0.65508
6184	YDR529C	0.65503
6185	YJL066C	0.65498
6186	YNL167C	0.65495
6187	YGR168C	0.65486
6188	YJR092W	0.65463
6189	YFL019C	0.65462
6190	YGR134W	0.65434
6191	YML043C	0.65423
6192	YJR089W	0.65403
6193	YJL026C-A	0.65398
6194	YGL117W	0.65393
6195	YOR147W	0.65391
6196	YMR107W	0.65375
6197	YOL070C	0.65349
6198	YFL031C-A	0.65341
6199	YBR225W	0.65341
6200	YLR146W-A	0.65338
6201	YPR151C	0.65336
6202	YBR182C	0.65333
6203	YDL020C	0.65325
6204	YIL086C	0.65325
6205	YDR210W-A	0.65296
6206	YBL107C	0.65295
6207	YMR158C-A	0.65285
6208	YCR108C	0.65268
6209	YLR424C-B	0.65256
6210	YLR079W	0.6524
6211	YOR248W	0.65235
6212	YDL189W	0.65218
6213	YJR157W	0.65211
6214	YOL118C	0.65208
6215	YCL021W-A	0.65188
6216	YGR067C	0.65179
6217	YDR374C	0.65177
6218	YNL140C	0.65148
6219	YNR077C	0.65126
6220	YNL309W	0.65123
6221	YFL033C	0.65116
6222	YDR065W	0.6511
6223	YOR030W	0.65101
6224	YLR431C	0.65099
6225	YMR232W	0.65096
6226	YGL006W-A	0.65093
6227	YLR327C	0.6509
6228	YDR103W	0.65085
6229	YML101C-A	0.65079
6230	YOR350C	0.65072
6231	YOR343W-A	0.65069
6232	YBR230W-A	0.65053
6233	YPR164W	0.65039
6234	YDR422C	0.65024
6235	YPR013C	0.65012
6236	YER028C	0.65005
6237	YKL063C	0.65004
6238	YMR094W	0.6498
6239	YBR230C	0.6497
6240	YBR126W-A	0.64959
6241	YOL040C	0.64939
6242	YHR193C-A	0.64931
6243	YOL015W	0.6492
6244	YNL152W	0.64915
6245	YIL136W	0.64909
6246	YKL111C	0.64898
6247	YPR134W	0.64881
6248	YNL159C	0.64881
6249	YMR030W	0.64868
6250	YOR186W	0.64868
6251	YPR170W-A	0.64865
6252	YPL070W	0.64859
6253	YKL052C	0.64852
6254	YBR152W	0.64818
6255	YKL050C	0.64794
6256	YOL007C	0.64794
6257	YJL133C-A	0.64764
6258	YOR113W	0.64761
6259	YBL009W	0.64724
6260	YBL054W	0.64701
6261	YDR443C	0.64696
6262	YNL105W	0.64696
6263	YGR251W	0.6469
6264	YJL056C	0.64687
6265	YNL100W	0.64678
6266	YCL005W	0.64676
6267	YDL050C	0.64666
6268	YNR045W	0.64664
6269	YBR184W	0.64656
6270	YIL101C	0.64646
6271	YLR052W	0.64643
6272	YOR177C	0.64592
6273	YER088C	0.64557
6274	YAL016C-B	0.64545
6275	YBR072C-A	0.6453
6276	YHR177W	0.64505
6277	YLR299C-A	0.64502
6278	YOL131W	0.64486
6279	YHL029C	0.64476
6280	YFR019W	0.64468
6281	YER035W	0.64453
6282	YJR003C	0.6445
6283	YDR201W	0.64434
6284	YER175W-A	0.64405
6285	YLR465C	0.64392
6286	Q0182	0.64385
6287	YER045C	0.64385
6288	YAL027W	0.64381
6289	YOR032C	0.64372
6290	YNL196C	0.6437
6291	YBL053W	0.64328
6292	YFL014W	0.64315
6293	Q0143	0.64305
6294	YKL138C	0.64302
6295	YOR121C	0.64302
6296	YDR088C	0.64298
6297	YLR267W	0.64269
6298	YOR076C	0.64255
6299	YIL036W	0.64249
6300	YPL200W	0.64178
6301	YER088W-B	0.64169
6302	YNL199C	0.64155
6303	YDL159W-A	0.64139
6304	YKL138C-A	0.64119
6305	YDR361C	0.64095
6306	YCR043C	0.64088
6307	YER158W-A	0.64086
6308	YDL176W	0.64068
6309	YOR313C	0.64064
6310	YDR310C	0.64046
6311	YBL109W	0.6404
6312	YBR275C	0.64037
6313	YER149C	0.64016
6314	YIR016W	0.64011
6315	YGR196C	0.64004
6316	YLR254C	0.63979
6317	YJR107C-A	0.63973
6318	YMR163C	0.63971
6319	YEL043W	0.63965
6320	YHR103W	0.63964
6321	YGL079W	0.63947
6322	YDR014W-A	0.63923
6323	Q0297	0.63922
6324	YPR002C-A	0.63881
6325	YHR184W	0.63876
6326	YIL127C	0.63869
6327	YER084W-A	0.6384
6328	YOR381W-A	0.63838
6329	YBR173C	0.63828
6330	YLR219W	0.63824
6331	YNL091W	0.63763
6332	YDR133C	0.63746
6333	YKL023W	0.63746
6334	YGR161C	0.63737
6335	YOL109W	0.63734
6336	YPL130W	0.63732
6337	YFR008W	0.63722
6338	YEL014C	0.63709
6339	YOR284W	0.63676
6340	YER153C	0.63673
6341	YJL090C	0.63643
6342	YJL149W	0.63633
6343	YPL052W	0.63629
6344	YML015C	0.63626
6345	YGR275W	0.63601
6346	YKR091W	0.63591
6347	Q0255	0.63559
6348	YLR352W	0.63557
6349	YDL224C	0.63523
6350	YDR096W	0.63466
6351	YKR045C	0.63456
6352	YJR030C	0.63454
6353	YBL088C	0.63422
6354	YLR252W	0.63403
6355	YGR079W	0.63393
6356	YDR195W	0.63387
6357	YOR047C	0.63379
6358	YER132C	0.63367
6359	YDL027C	0.63339
6360	YFR054C	0.63335
6361	YPL027W	0.6332
6362	YOR342C	0.63304
6363	YDR500C	0.63294
6364	YOR114W	0.63292
6365	YML037C	0.63258
6366	YLR436C	0.63245
6367	YLR353W	0.63244
6368	YLL033W	0.63217
6369	YGR041W	0.63216
6370	YGR240C-A	0.63206
6371	YNL197C	0.63197
6372	YLR373C	0.63186
6373	YLR185W	0.63146
6374	YLR131C	0.63133
6375	YDR030C	0.63112
6376	YOR195W	0.63107
6377	YEL005C	0.63106
6378	YML062C	0.631
6379	YIR010W	0.63097
6380	YPL054W	0.6308
6381	YLR283W	0.63003
6382	YNL225C	0.62982
6383	YLR094C	0.62972
6384	YOR073W	0.62923
6385	YNR009W	0.62918
6386	YDR457W	0.62914
6387	YMR135C	0.62899
6388	YMR204C	0.62898
6389	YKL204W	0.62876
6390	YOR192C-C	0.62863
6391	YGR161W-C	0.62849
6392	YDL069C	0.62847
6393	YGR179C	0.62843
6394	YPL049C	0.62841
6395	YAL028W	0.6284
6396	YNR049C	0.62824
6397	YLL047W	0.62815
6398	YPR101W	0.62803
6399	YIL046W-A	0.62797
6400	YNL162W	0.6277
6401	YHR141C	0.6277
6402	YJR056C	0.62742
6403	YPR044C	0.62711
6404	YDR461C-A	0.62697
6405	YKR078W	0.62675
6406	YBR140C	0.62654
6407	YGR023W	0.62651
6408	YKR100C	0.62647
6409	YBL046W	0.62643
6410	YPL269W	0.62636
6411	YIL045W	0.62615
6412	YDR425W	0.62611
6413	Q0010	0.62557
6414	YBR148W	0.62556
6415	R0030W	0.62536
6416	YOL081W	0.62534
6417	YDR494W	0.62527
6418	YDR151C	0.62509
6419	YDR014W	0.62503
6420	YBL034C	0.625
6421	YJL110C	0.62489
6422	YGL223C	0.62481
6423	YLR099W-A	0.62362
6424	YPR171W	0.62309
6425	YOR158W	0.62305
6426	YNL046W	0.62274
6427	YCL027W	0.62259
6428	YBR007C	0.62237
6429	YJR162C	0.62229
6430	YNL042W	0.62226
6431	YPL118W	0.62224
6432	YMR179W	0.62169
6433	YDL239C	0.62158
6434	YPL201C	0.62144
6435	YGL138C	0.62115
6436	YLR307C-A	0.6211
6437	YLR018C	0.62093
6438	YKR010C	0.62064
6439	YLR221C	0.62057
6440	YOR214C	0.62052
6441	YDR515W	0.62045
6442	YER038C	0.62018
6443	YDR260C	0.62006
6444	YGR142W	0.61944
6445	YDR216W	0.61915
6446	YAL024C	0.61906
6447	YPR036W-A	0.61901
6448	YER111C	0.61882
6449	YDL089W	0.61875
6450	YJL118W	0.61874
6451	YJL181W	0.61859
6452	YDR446W	0.61857
6453	YMR003W	0.61835
6454	YKR037C	0.61827
6455	YLR312C	0.61826
6456	YOR264W	0.61784
6457	YLR282C	0.61766
6458	YGR071C	0.6176
6459	YNL103W	0.61734
6460	YKL062W	0.61701
6461	YNR014W	0.61617
6462	YBR201C-A	0.61588
6463	YGR113W	0.61568
6464	YCL051W	0.61563
6465	YBR194W	0.61562
6466	YOL091W	0.61561
6467	YKL225W	0.61549
6468	YOL025W	0.61534
6469	YDL133C-A	0.61478
6470	YDL184C	0.61478
6471	YMR124W	0.61475
6472	YHR052C-B	0.61439
6473	YHR054C-B	0.61439
6474	YMR075W	0.61407
6475	YLR031W	0.61378
6476	YAL031C	0.61377
6477	YER121W	0.61363
6478	YLR190W	0.61355
6479	YOR178C	0.61324
6480	YLR437C-A	0.613
6481	YER181C	0.613
6482	YER155C	0.61292
6483	YCL044C	0.61273
6484	YKL145W-A	0.61258
6485	YMR160W	0.61227
6486	YFL021W	0.61218
6487	YJR011C	0.61217
6488	YIL119C	0.61188
6489	YGL035C	0.61156
6490	YEL032C-A	0.6115
6491	YDR277C	0.61143
6492	YCR065W	0.61142
6493	YHR195W	0.61117
6494	YDR259C	0.6111
6495	YOR359W	0.61106
6496	YDR181C	0.61102
6497	YMR086W	0.61077
6498	YBR130C	0.61042
6499	YDR356W	0.61034
6500	YGL194C-A	0.61019
6501	YNL176C	0.61004
6502	YBR013C	0.60966
6503	YER040W	0.60952
6504	YKL162C-A	0.60917
6505	YKL185W	0.6091
6506	YBR255W	0.60892
6507	YLR363W-A	0.60888
6508	YPL230W	0.6087
6509	YBR203W	0.60846
6510	YLR394W	0.60845
6511	YLR230W	0.6079
6512	YDL169C	0.60787
6513	YER044C-A	0.60785
6514	YMR219W	0.60773
6515	YNL027W	0.60764
6516	YDR227W	0.6074
6517	YNL195C	0.60739
6518	YLR341W	0.60705
6519	YMR270C	0.60672
6520	YPR005C	0.60659
6521	YLR273C	0.60655
6522	YOL029C	0.60649
6523	YPL158C	0.60596
6524	YBR076W	0.60576
6525	YBR047W	0.60561
6526	YFR032C-A	0.60532
6527	YHR152W	0.60529
6528	YGL175C	0.60518
6529	YDR070C	0.60506
6530	Q0092	0.60437
6531	YGR120C	0.60432
6532	YHR160C	0.60372
6533	YLR334C	0.60371
6534	YDR239C	0.6029
6535	YFR017C	0.6028
6536	YNL018C	0.60249
6537	YOR255W	0.60175
6538	YPR043W	0.60136
6539	YJR094W-A	0.60136
6540	YDR439W	0.60119
6541	YGL021W	0.60101
6542	YNL034W	0.60071
6543	YDR351W	0.60064
6544	YEL057C	0.60046
6545	YKL112W	0.60043
6546	YGL023C	0.60017
6547	YER158C	0.60009
6548	YKL065W-A	0.59986
6549	YGL057C	0.59985
6550	YDL223C	0.59974
6551	YDR207C	0.59916
6552	YBR063C	0.59907
6553	YOR023C	0.59901
6554	YMR174C	0.59877
6555	YJR083C	0.59876
6556	YOR352W	0.59807
6557	YDR219C	0.59756
6558	YDR029W	0.59752
6559	YIL122W	0.59726
6560	YLR315W	0.59711
6561	YGR151C	0.59678
6562	YAL047C	0.59662
6563	YOR066W	0.5961
6564	YGR153W	0.59604
6565	YLL065W	0.596
6566	YNL311C	0.59592
6567	YGL128C	0.59568
6568	YOR182C	0.59415
6569	YLR287C-A	0.59415
6570	YDR113C	0.59367
6571	YOR062C	0.59349
6572	YMR195W	0.59346
6573	YJL189W	0.59335
6574	YPL077C	0.59311
6575	YHR214W-A	0.5931
6576	YMR036C	0.59283
6577	YPL014W	0.59278
6578	YPL250C	0.59257
6579	YKL068W-A	0.59169
6580	YML091C	0.59128
6581	YAR068W	0.59119
6582	YLR030W	0.59045
6583	YDL076C	0.59026
6584	YBR050C	0.58895
6585	YBR095C	0.58891
6586	YPL066W	0.58885
6587	YJL051W	0.5888
6588	YOR324C	0.5886
6589	YPR078C	0.58796
6590	YKL093W	0.58775
6591	Q0144	0.58771
6592	YGR239C	0.58742
6593	YJL162C	0.58716
6594	YHR054C	0.58707
6595	YJR005C-A	0.58705
6596	YKR022C	0.58654
6597	YFR046C	0.58628
6598	YBR156C	0.58621
6599	YMR144W	0.58544
6600	YGR273C	0.58511
6601	YBR056C-B	0.58496
6602	YGR126W	0.58475
6603	YML058W	0.58435
6604	YDR130C	0.5843
6605	YCL063W	0.58426
6606	YDL082W	0.58425
6607	YIL146C	0.58347
6608	YPL055C	0.58319
6609	YJL185C	0.58299
6610	YER130C	0.58296
6611	YNL214W	0.58291
6612	YMR255W	0.58268
6613	YDL186W	0.58263
6614	YLR223C	0.58177
6615	YDR028C	0.58147
6616	YDR249C	0.58128
6617	YMR142C	0.58102
6618	YPL068C	0.58099
6619	YOR053W	0.58098
6620	YKL042W	0.58082
6621	YNL233W	0.58061
6622	YJL144W	0.58044
6623	YBR165W	0.58037
6624	YDR223W	0.57965
6625	YPL089C	0.57949
6626	YLR445W	0.5794
6627	YDR275W	0.57896
6628	YOL036W	0.57767
6629	YML009C-A	0.57752
6630	YER104W	0.57726
6631	YMR273C	0.57703
6632	YML109W	0.57661
6633	YPR158W	0.57654
6634	YNL076W	0.57585
6635	YML009W-B	0.5757
6636	YHR014W	0.57502
6637	YPR065W	0.57484
6638	YGR035C	0.57342
6639	YOR372C	0.5732
6640	YPR046W	0.57319
6641	YJL147C	0.57295
6642	YPL071C	0.57275
6643	YGR221C	0.57255
6644	YKL105C	0.57227
6645	YPL255W	0.57178
6646	YLR102C	0.5716
6647	YER167W	0.57126
6648	YER124C	0.57037
6649	YPL159C	0.57004
6650	YJL089W	0.57002
6651	YPR008W	0.56932
6652	YBL031W	0.56888
6653	YDR184C	0.56877
6654	YJL161W	0.56757
6655	YNL074C	0.56745
6656	YHR157W	0.56716
6657	YGL222C	0.56671
6658	YBR045C	0.56603
6659	YLR053C	0.56581
6660	YFL012W	0.56538
6661	YDL180W	0.56521
6662	YDR528W	0.5646
6663	YDR022C	0.56375
6664	YIL135C	0.56333
6665	YML053C	0.56213
6666	YER106W	0.56171
6667	YPL180W	0.5609
6668	YKR077W	0.56084
6669	YKL023C-A	0.56061
6670	YOR044W	0.5606
6671	YDR186C	0.56054
6672	YLR049C	0.56036
6673	YPL121C	0.56029
6674	YLR257W	0.56014
6675	YPL267W	0.56
6676	YPR145C-A	0.55919
6677	YMR037C	0.55845
6678	YPL223C	0.55656
6679	YDR085C	0.55523
6680	YBR211C	0.55458
6681	YNL188W	0.55378
6682	YHR061C	0.55142
6683	YBR071W	0.5511
6684	YNL078W	0.55097
6685	YGL015C	0.5489
6686	YML112W	0.5486
6687	YML119W	0.54808
6688	YOR279C	0.54529
6689	YER033C	0.54508
6690	YIR025W	0.54391
6691	YPL124W	0.54332
6692	YDR309C	0.54322
6693	YML006C	0.54133
6694	YDR480W	0.54085
6695	YOR315W	0.53968
6696	YMR136W	0.53649
6697	YMR206W	0.5353
6698	YOL106W	0.53442
6699	YBR285W	0.53327
6700	YML003W	0.53207
6701	YLR457C	0.53181
6702	YNR010W	0.52982
6703	YER032W	0.5277
6704	YGL036W	0.52688
6705	YPR083W	0.52596
6706	YKL109W	0.5257
6707	YNL146W	0.5254
6708	YMR175W	0.52496
6709	YPL229W	0.52367
6710	YBL081W	0.52046
6711	YER180C	0.51972
6712	Q0140	0.51495
6713	YHR185C	0.51384
6714	YGL170C	0.51365
6715	YMR181C	0.51302
6716	YMR252C	0.50974
6717	YFR036W	0.50871
6718	YER079W	0.50269
6719	YIL152W	0.50254
6720	YBR157C	0.50147
6721	YBR138C	0.49525
6722	YKR075C	0.48438
6723	YMR081C	0.48294
6724	Q0032	0.48146
6725	YGR146C	0.46564
6726	YDL007C-A	0.46523
6727	YJR094C	0.44651
6728	YNL155C-A	0.32924
6729	YMR106W-A	0.32924
6730	YNL040C-A	0.32924
6731	YDL204W-A	0.32924
6732	YGR016C-A	0.32924
6733	YFR035W-A	0.32924
