rank	yeast_gene	cosine
1	YHR189W	0.92781
2	YHR169W	0.92298
3	YKL086W	0.91776
4	YPL067C	0.91538
5	YPL218W	0.9086
6	YGL126W	0.90846
7	YOR224C	0.90817
8	YLR234W	0.90612
9	YLR258W	0.90458
10	YGR105W	0.90356
11	YCR060W	0.90213
12	YNL148C	0.90197
13	YGL058W	0.90176
14	YML102W	0.90047
15	YLL026W	0.8999
16	YDL014W	0.89965
17	YCR020C-A	0.89913
18	YPL017C	0.89854
19	YOR185C	0.89776
20	YPR204W	0.89769
21	YAL020C	0.89727
22	YBL003C	0.89695
23	YLR293C	0.89684
24	YDR225W	0.89665
25	YDL084W	0.89661
26	YMR214W	0.89618
27	YER036C	0.89564
28	YPR182W	0.89539
29	YDR488C	0.89531
30	YGL063W	0.89469
31	YGL211W	0.89437
32	YOL086W-A	0.89434
33	YGL008C	0.89419
34	YBR261C	0.89397
35	YLR147C	0.8934
36	YPL203W	0.89301
37	YOL005C	0.89297
38	YER095W	0.89229
39	YHL050C	0.89216
40	YER146W	0.8919
41	YOL110W	0.89141
42	YMR222C	0.89128
43	YHR218W-A	0.89114
44	YBL112C	0.89114
45	YGL070C	0.89034
46	YMR290C	0.89032
47	YDL126C	0.89028
48	YAR002C-A	0.89028
49	YPL245W	0.8898
50	YOL012C	0.88977
51	YBR010W	0.88958
52	YLR186W	0.88935
53	YGR231C	0.88927
54	YMR069W	0.88908
55	YNL075W	0.8889
56	YBL021C	0.88837
57	YGL120C	0.88799
58	YHR143W-A	0.88749
59	YHL006C	0.88721
60	YKL190W	0.88715
61	YEL051W	0.88664
62	YLR466W	0.88631
63	YLL060C	0.88611
64	YHR030C	0.88602
65	YER190W	0.88587
66	YJL030W	0.88586
67	YER159C	0.88567
68	YNL064C	0.8855
69	YEL077C	0.88522
70	YDL064W	0.88516
71	YBL113C	0.885
72	YER072W	0.88498
73	YER148W	0.8846
74	YPL036W	0.88441
75	YDL087C	0.88421
76	YHR065C	0.8841
77	YFR015C	0.88363
78	YJL065C	0.8835
79	YDR185C	0.88348
80	YOR204W	0.88343
81	YDR394W	0.88302
82	YNL185C	0.88282
83	YOL147C	0.88279
84	YHR170W	0.88262
85	YPL129W	0.88247
86	YJR074W	0.88221
87	YGR063C	0.88217
88	YKL145W	0.88206
89	YGL048C	0.88155
90	YDR424C	0.88136
91	YOR117W	0.88133
92	YLR249W	0.88118
93	YLR168C	0.8806
94	YHR200W	0.88056
95	YMR109W	0.8804
96	YDR339C	0.87986
97	YNL014W	0.87984
98	YNL307C	0.8798
99	YHR070W	0.87971
100	YDL229W	0.87968
101	YLL067C	0.87958
102	YOL143C	0.87952
103	YOR133W	0.87948
104	YFR018C	0.87914
105	YOR046C	0.87904
106	YGR207C	0.87874
107	YNL209W	0.87871
108	YLL008W	0.87867
109	YDR190C	0.87844
110	YCR047C	0.87843
111	YMR116C	0.87841
112	YPR041W	0.87834
113	YOR259C	0.87819
114	YDR224C	0.87782
115	YFR014C	0.8776
116	YNL332W	0.87742
117	YFL058W	0.8773
118	YBL002W	0.87701
119	YDL244W	0.87697
120	YDL166C	0.87693
121	YJL014W	0.87688
122	YGL043W	0.87682
123	YPL211W	0.87676
124	YGL054C	0.87675
125	YOR145C	0.87673
126	YGR204W	0.87668
127	YGR214W	0.87667
128	YDL222C	0.87654
129	YJL225C	0.8765
130	YML098W	0.87648
131	YIL177C	0.87639
132	YNL113W	0.87635
133	YHL018W	0.87568
134	YPL043W	0.87568
135	YDR381W	0.87562
136	YIR013C	0.87561
137	YDR086C	0.8756
138	YDR429C	0.87559
139	YMR230W	0.87544
140	YKL156W	0.87544
141	YJR156C	0.87541
142	YBL078C	0.87529
143	YLR438C-A	0.87516
144	YGR245C	0.87477
145	YOR187W	0.87471
146	YBL091C-A	0.87452
147	YGL099W	0.87452
148	YLL066C	0.8744
149	YNL255C	0.87414
150	YHR219W	0.87411
151	YML085C	0.87407
152	YJL034W	0.87395
153	YNR036C	0.87394
154	YLL053C	0.8739
155	YPR192W	0.87372
156	YNL339C	0.87369
157	YOR396W	0.87366
158	YLR467W	0.87366
159	YDR545W	0.87366
160	YGL220W	0.87364
161	YPL283C	0.87357
162	YGR296W	0.87355
163	YHR107C	0.87349
164	YPL119C	0.87342
165	YNL189W	0.87336
166	YCL033C	0.87334
167	YER107C	0.87331
168	YHR021C	0.87327
169	YNL112W	0.87322
170	YJL210W	0.87322
171	YJL164C	0.87296
172	YER074W-A	0.87293
173	YDL160C	0.87278
174	YJR014W	0.87275
175	YIL021W	0.87269
176	YNR073C	0.87256
177	YEL070W	0.87256
178	YGR211W	0.87244
179	YCL036W	0.87234
180	YML101C	0.87226
181	YOR089C	0.87223
182	YDL140C	0.87222
183	YLR113W	0.8722
184	YEL034W	0.87195
185	YBR252W	0.87193
186	YDR172W	0.87188
187	YLR048W	0.87153
188	YKR059W	0.87146
189	YJR047C	0.87142
190	YMR095C	0.8714
191	YGR218W	0.87115
192	YER018C	0.87106
193	YCL010C	0.87087
194	YML133C	0.87069
195	YPR163C	0.87062
196	YKL129C	0.87048
197	YOR084W	0.87043
198	YHR191C	0.87014
199	YGL078C	0.87007
200	YBR160W	0.87006
201	YPL213W	0.86992
202	YDR404C	0.86976
203	YDR238C	0.86969
204	YGR247W	0.86947
205	YKR040C	0.86945
206	YOR293W	0.86928
207	YDR300C	0.86901
208	YGR210C	0.86899
209	YPL240C	0.86892
210	YEL066W	0.86891
211	YLR074C	0.86887
212	YPR080W	0.86885
213	YKL160W	0.8687
214	YMR186W	0.86865
215	YMR236W	0.86844
216	YLR141W	0.86834
217	YHR148W	0.86827
218	YOL021C	0.86805
219	YCR009C	0.86799
220	YNL288W	0.86774
221	YEL054C	0.86773
222	YDR418W	0.86773
223	YML124C	0.86767
224	YKL013C	0.86766
225	YKR002W	0.86756
226	YER166W	0.86744
227	YFR004W	0.86739
228	YPR183W	0.86728
229	YBL102W	0.86721
230	YDR092W	0.86704
231	YER043C	0.86704
232	YDR021W	0.86699
233	YKR081C	0.86697
234	YHR218W	0.8668
235	YBR089C-A	0.86667
236	YFR032C	0.86665
237	YLR145W	0.8666
238	YGR020C	0.86659
239	YJL050W	0.86653
240	YPL013C	0.86639
241	YDL022W	0.86639
242	YFR009W	0.86637
243	YDL029W	0.86632
244	YDL092W	0.86619
245	YMR310C	0.86597
246	YBR009C	0.86584
247	YOR020C	0.86578
248	YPL235W	0.86571
249	YOR036W	0.8657
250	YPL143W	0.86566
251	YML012W	0.86563
252	YOR077W	0.86555
253	YNR003C	0.86554
254	YGR123C	0.86551
255	YPR173C	0.86545
256	YNR057C	0.8653
257	YIR015W	0.86522
258	YJR058C	0.86516
259	YOR234C	0.86506
260	YPL106C	0.865
261	YER125W	0.86499
262	YGR234W	0.86476
263	YDL145C	0.86475
264	YHR040W	0.8647
265	YLR264W	0.86454
266	YJR063W	0.86453
267	YGR203W	0.86444
268	YDL055C	0.86426
269	YGL163C	0.86424
270	YOR362C	0.86424
271	YDR373W	0.86423
272	YBR154C	0.8642
273	YJR069C	0.86415
274	YLR281C	0.86406
275	YJR084W	0.86398
276	YHL015W	0.86393
277	YDL051W	0.86388
278	YDL097C	0.86379
279	YDR510W	0.86378
280	YDR129C	0.86371
281	YOL006C	0.8637
282	YIR009W	0.8637
283	YBR109C	0.86361
284	YPR082C	0.86349
285	YOL038W	0.86319
286	YDL108W	0.86313
287	YHL047C	0.86293
288	YLR197W	0.8629
289	YEL037C	0.86289
290	YNL007C	0.86285
291	YPR088C	0.86264
292	YOR252W	0.86264
293	YER004W	0.8626
294	YJL196C	0.86252
295	YGL212W	0.86238
296	YOL139C	0.86233
297	YNL098C	0.86224
298	YCL059C	0.86214
299	YOR167C	0.86208
300	YBR202W	0.86207
301	YPR113W	0.86185
302	YBR228W	0.86183
303	YPL015C	0.86173
304	YBR241C	0.86167
305	YPL127C	0.86163
306	YBR080C	0.86148
307	YOR253W	0.86147
308	YBL071W-A	0.86142
309	YJL124C	0.86141
310	YNL232W	0.8614
311	YLR276C	0.86133
312	YKL084W	0.86132
313	YJL033W	0.86127
314	YDR540C	0.8612
315	YGL256W	0.8611
316	YJR017C	0.86105
317	YGR253C	0.86102
318	YBR169C	0.86085
319	YML069W	0.86084
320	YPR086W	0.86081
321	YCR059C	0.86074
322	YGR281W	0.86069
323	YOR270C	0.86063
324	YPL217C	0.86055
325	YCL040W	0.86038
326	YDR045C	0.86032
327	YJL111W	0.86031
328	YHR089C	0.86024
329	YJL217W	0.86023
330	YFL034C-A	0.86007
331	YLR170C	0.86004
332	YMR300C	0.8599
333	YHL003C	0.85986
334	YDR388W	0.85986
335	YHR110W	0.85982
336	YDR121W	0.85982
337	YPL031C	0.85982
338	YIL143C	0.85973
339	YDR116C	0.85963
340	YNL067W	0.85954
341	YOR096W	0.85947
342	YLR342W	0.85947
343	YCR048W	0.85942
344	YGL062W	0.85916
345	YPL232W	0.85912
346	YBR164C	0.85906
347	YBL024W	0.85898
348	YNL290W	0.85887
349	YKL104C	0.85883
350	YNL323W	0.85872
351	YLR229C	0.85864
352	YPL151C	0.85861
353	YNR053C	0.85856
354	YDR258C	0.85854
355	YBR112C	0.85853
356	YLR291C	0.85839
357	YOL097C	0.85837
358	YDR155C	0.85836
359	YFR051C	0.85823
360	YGL130W	0.85813
361	YDL057W	0.85811
362	YKL009W	0.85789
363	YKR038C	0.85786
364	YGL122C	0.85783
365	YMR180C	0.85778
366	YPR160W	0.85776
367	YMR183C	0.85769
368	YPL275W	0.85763
369	YMR263W	0.85756
370	YER029C	0.85756
371	YLR326W	0.85753
372	YDL192W	0.85751
373	YPR103W	0.85742
374	YPR052C	0.85732
375	YNL024C	0.8573
376	YHR019C	0.85723
377	YPL266W	0.85708
378	YOR361C	0.85707
379	YDR212W	0.85705
380	YPL226W	0.85696
381	YER020W	0.85692
382	YPL237W	0.85689
383	YCR057C	0.85673
384	YOR122C	0.8567
385	YKL196C	0.85665
386	YBL075C	0.85665
387	YIL065C	0.85659
388	YCR046C	0.85651
389	YGL091C	0.85647
390	YOL058W	0.85637
391	YKL207W	0.85636
392	YBR218C	0.85632
393	YMR271C	0.85632
394	YMR034C	0.85612
395	YNL090W	0.85605
396	YBR106W	0.85604
397	YHR066W	0.85598
398	YAL035W	0.85587
399	YBR025C	0.85571
400	YOR213C	0.85565
401	YBR054W	0.85565
402	YMR260C	0.85561
403	YGL147C	0.85554
404	YOR257W	0.85554
405	YER103W	0.85545
406	YOL164W	0.85544
407	YKL002W	0.85521
408	YDR056C	0.85515
409	YER165W	0.85513
410	YAR035W	0.85504
411	YBL016W	0.85502
412	YIR036C	0.85501
413	YLR011W	0.85489
414	YFL037W	0.85483
415	YNL281W	0.8548
416	YBR162W-A	0.85476
417	YGL020C	0.85475
418	YEL032W	0.85473
419	YNL096C	0.85461
420	YGL123W	0.85455
421	YJR025C	0.85455
422	YLR005W	0.85454
423	YKL080W	0.85453
424	YIL165C	0.85448
425	YDR313C	0.85438
426	YJL191W	0.85426
427	YDL007W	0.85426
428	YLL024C	0.85424
429	YKL059C	0.85412
430	YPL093W	0.854
431	YKL217W	0.85382
432	YDL031W	0.8538
433	YEL024W	0.8537
434	YBR167C	0.85365
435	YDL047W	0.85361
436	YDR167W	0.85355
437	YNL010W	0.85346
438	YIR012W	0.85346
439	YBL111C	0.8534
440	YLR289W	0.8534
441	YMR015C	0.85323
442	YOR103C	0.85321
443	YPL199C	0.85318
444	YGR152C	0.8531
445	YER089C	0.85305
446	YDR328C	0.85298
447	YJL153C	0.85285
448	YAR073W	0.85285
449	YNL061W	0.85283
450	YDL201W	0.85277
451	YFL067W	0.85277
452	YLR195C	0.85275
453	YGL253W	0.85275
454	YJL063C	0.85262
455	YML010W	0.85246
456	YPR165W	0.85238
457	YGR032W	0.85234
458	YCL009C	0.85233
459	YHR193C	0.85231
460	YDR188W	0.85214
461	YDL213C	0.85212
462	YGL201C	0.85206
463	YIR042C	0.85194
464	YBL091C	0.85189
465	YKL113C	0.85185
466	YER133W	0.85185
467	YCR087C-A	0.85172
468	YGL200C	0.85167
469	YMR288W	0.85161
470	YOR310C	0.85138
471	YDR487C	0.85135
472	YDL230W	0.85131
473	YMR292W	0.85126
474	YFR053C	0.85109
475	YDL134C	0.85099
476	YOL121C	0.8509
477	YOR094W	0.85074
478	YAL005C	0.85073
479	YNL220W	0.85066
480	YML074C	0.85065
481	YLR384C	0.85065
482	YDR392W	0.85061
483	YLR061W	0.85052
484	YNL240C	0.85045
485	YGR208W	0.85043
486	YFL028C	0.85042
487	YLR347C	0.85041
488	YMR197C	0.85032
489	YLR447C	0.85016
490	YLR009W	0.85009
491	YIL106W	0.85004
492	YDL137W	0.84988
493	YFL016C	0.8498
494	YNL330C	0.84967
495	YPL042C	0.84963
496	YOR039W	0.84963
497	YDR493W	0.8496
498	YLR193C	0.8496
499	YMR079W	0.84953
500	YLR200W	0.84948
501	YKL212W	0.84947
502	YLR338W	0.84935
503	YNL057W	0.84934
504	YER177W	0.84929
505	YGL106W	0.84927
506	YHL040C	0.84923
507	YIL078W	0.84922
508	YPL131W	0.84919
509	YHL042W	0.84915
510	YGR074W	0.84912
511	YGR267C	0.84909
512	YDR040C	0.849
513	YDR093W	0.849
514	YJL136C	0.84895
515	YDR312W	0.84894
516	YDR196C	0.84891
517	YHR068W	0.8489
518	YOR116C	0.84883
519	YOR004W	0.8488
520	YGL137W	0.84879
521	YPL094C	0.84875
522	YKL024C	0.84865
523	YML133W-A	0.84859
524	YNL339W-A	0.84859
525	YER190C-A	0.84859
526	YPL283W-A	0.84859
527	YGR296C-A	0.84859
528	YDL018C	0.84841
529	YDL049C	0.84833
530	YLR180W	0.84819
531	YCR031C	0.84817
532	YDR502C	0.84812
533	YLR449W	0.84806
534	YCR010C	0.84793
535	YDR397C	0.84787
536	YNL111C	0.84786
537	YKR057W	0.84785
538	YOR303W	0.84772
539	YOR159C	0.84771
540	YGR040W	0.84762
541	YDR002W	0.84759
542	YER019W	0.84748
543	YCR021C	0.84746
544	YIR026C	0.84737
545	YGR246C	0.84733
546	YOR150W	0.84728
547	YDR139C	0.84725
548	YLR216C	0.84723
549	YBL023C	0.84722
550	YBL015W	0.84719
551	YDR375C	0.84717
552	YOL077C	0.84714
553	YKL170W	0.84712
554	YML014W	0.84708
555	YAL064W-B	0.84702
556	YPR062W	0.84688
557	YPR108W	0.84678
558	YDR447C	0.84677
559	YPL135W	0.84671
560	YGR252W	0.84669
561	YHL033C	0.84655
562	YHR135C	0.84653
563	YGL002W	0.84651
564	YFL060C	0.84646
565	YLR397C	0.84636
566	YGR285C	0.84633
567	YPL058C	0.84628
568	YML024W	0.84626
569	YJL108C	0.84625
570	YKR097W	0.84622
571	YEL059C-A	0.84608
572	YNL302C	0.84591
573	YBR267W	0.8459
574	YLR022C	0.84584
575	YNL093W	0.84583
576	YKR068C	0.84578
577	YBR082C	0.84572
578	YEL058W	0.84562
579	YOR294W	0.84555
580	YDR039C	0.84547
581	YKL216W	0.84538
582	YDR033W	0.84535
583	YLL045C	0.84534
584	YKL035W	0.84532
585	YMR314W	0.84532
586	YNL081C	0.8453
587	YGL087C	0.84516
588	YGR248W	0.84511
589	YBL057C	0.84499
590	YKL021C	0.84486
591	YBL018C	0.84485
592	YER174C	0.84473
593	YIL003W	0.84468
594	YPR100W	0.84468
595	YIL148W	0.8446
596	YKR094C	0.8446
597	YPL004C	0.84457
598	YFL017W-A	0.84456
599	YOR151C	0.84455
600	YBR170C	0.84449
601	YNL072W	0.84439
602	YFL066C	0.84427
603	YBR127C	0.84425
604	YNL135C	0.84425
605	YAR007C	0.84422
606	YOL084W	0.84419
607	YJL008C	0.84389
608	YKL128C	0.8438
609	YAL026C	0.84378
610	YPL048W	0.8437
611	YAL042W	0.84365
612	YNL282W	0.8436
613	YNR048W	0.84344
614	YEL011W	0.84335
615	YBL076C	0.84331
616	YER012W	0.84329
617	YDL208W	0.84327
618	YPL187W	0.84322
619	YDL006W	0.8431
620	YPR010C	0.8431
621	YCR076C	0.8431
622	YML068W	0.84307
623	YOR381W	0.84305
624	YKL041W	0.84301
625	YKL078W	0.84296
626	YBR223W-A	0.8429
627	YKR035W-A	0.84287
628	YBL050W	0.84286
629	YMR276W	0.84284
630	YJR112W-A	0.84277
631	YDR519W	0.84268
632	YOR265W	0.84267
633	YER147C	0.84265
634	YBL026W	0.84264
635	YHR034C	0.8426
636	YGL171W	0.84259
637	YMR093W	0.84258
638	YNL241C	0.84257
639	YAL039C	0.84252
640	YIR004W	0.84242
641	YPL206C	0.84241
642	YLR378C	0.84239
643	YIL001W	0.84238
644	YGL245W	0.84234
645	YFL002C	0.8423
646	YGR048W	0.84228
647	YJR105W	0.84223
648	YLR340W	0.8422
649	YLR058C	0.84219
650	YOR367W	0.84215
651	YNL244C	0.8421
652	YMR242C	0.8421
653	YOR312C	0.8421
654	YDR177W	0.84202
655	YKL220C	0.842
656	YER006W	0.842
657	YBR187W	0.84199
658	YDL227C	0.84194
659	YDR038C	0.84187
660	YDL188C	0.84185
661	YOR055W	0.84176
662	YHR203C	0.84168
663	YJR145C	0.84168
664	YNL334C	0.84167
665	YJL179W	0.84161
666	YBR204C	0.84158
667	YGR173W	0.84154
668	YDR399W	0.84153
669	YNL153C	0.84152
670	YBR155W	0.84141
671	YOR161C	0.84138
672	YCR051W	0.84137
673	Q0045	0.84134
674	YOL016C	0.84133
675	YBL099W	0.8413
676	YER153C	0.84128
677	YOR006C	0.84124
678	YKR012C	0.84116
679	YBR031W	0.84103
680	YMR205C	0.84103
681	YOL133W	0.84102
682	YKL081W	0.84093
683	YCR068W	0.84091
684	YDR075W	0.8409
685	YBR296C	0.8408
686	YLR213C	0.84069
687	YER086W	0.84068
688	YMR203W	0.84052
689	YCL035C	0.84043
690	YER099C	0.8404
691	YOR207C	0.84038
692	YML094W	0.84034
693	YDL045W-A	0.84034
694	YHR018C	0.84034
695	YPL259C	0.84021
696	YPR069C	0.84021
697	YGL019W	0.84019
698	YEL031W	0.84019
699	YBR090C	0.84
700	YDL075W	0.83999
701	YKL067W	0.83996
702	YML021C	0.83996
703	YML026C	0.83991
704	YDR450W	0.83991
705	YDR063W	0.83984
706	YEL044W	0.8398
707	YDR023W	0.83976
708	YGL208W	0.83971
709	YOL075C	0.83967
710	YER023W	0.83967
711	YDR012W	0.83962
712	YKL039W	0.83962
713	YMR054W	0.83959
714	YDR482C	0.83953
715	YDL212W	0.83944
716	YBL029C-A	0.83942
717	YHR092C	0.83932
718	YGL167C	0.83925
719	YLR069C	0.83924
720	YDL182W	0.83916
721	YPR145W	0.83904
722	YDR345C	0.8389
723	YOR045W	0.83883
724	YGL011C	0.83881
725	YDL102W	0.83871
726	YAL038W	0.83859
727	YDR099W	0.83849
728	YML079W	0.83831
729	YLR325C	0.83825
730	YOR013W	0.83824
731	YLL018C	0.83822
732	YGR029W	0.83819
733	YPL061W	0.83817
734	YOL142W	0.83804
735	YHR005C	0.83804
736	YDL123W	0.83803
737	YOL062C	0.83802
738	YMR146C	0.83797
739	YGL097W	0.83793
740	Q0130	0.83792
741	YPR024W	0.83791
742	YDR182W-A	0.83789
743	YNR002C	0.83789
744	YBR159W	0.83787
745	Q0275	0.83782
746	YGL040C	0.83778
747	YMR285C	0.83772
748	YOR339C	0.83771
749	YGR283C	0.8377
750	YKR018C	0.83769
751	YIR034C	0.83765
752	YGR131W	0.83764
753	YMR316C-B	0.83764
754	YIL062C	0.83758
755	YOL066C	0.83752
756	YLR406C	0.83741
757	YER090W	0.83741
758	YIL043C	0.83739
759	YER110C	0.83728
760	YLR398C	0.83722
761	YBR038W	0.83708
762	YFL022C	0.83705
763	YBL100C	0.83691
764	YKL028W	0.83688
765	YNR064C	0.83685
766	YFL059W	0.83678
767	YOR061W	0.83673
768	YML063W	0.83666
769	YMR225C	0.83666
770	YER179W	0.83665
771	YER171W	0.83659
772	YJR010C-A	0.83654
773	YJR045C	0.83654
774	YDR461W	0.83647
775	YDR490C	0.83641
776	YML057W	0.83637
777	YPR037C	0.83636
778	YHR027C	0.83621
779	YDR158W	0.83618
780	YPL136W	0.83617
781	YER082C	0.83617
782	YOR283W	0.83611
783	YOR261C	0.83607
784	YLR292C	0.83604
785	YKL117W	0.83604
786	YPL081W	0.83602
787	YNL162W-A	0.836
788	YEL020W-A	0.83595
789	YDR120C	0.8358
790	YKL166C	0.83576
791	YPL010W	0.83574
792	YNL132W	0.83572
793	YAL061W	0.8357
794	YBR234C	0.83568
795	YPL221W	0.83562
796	YDL132W	0.83559
797	YPL207W	0.83557
798	YJL052W	0.83556
799	YDR516C	0.83541
800	YKR026C	0.8354
801	YGR085C	0.83539
802	YMR158W	0.83539
803	YDL200C	0.83538
804	YMR246W	0.83538
805	YOR217W	0.83534
806	YOR347C	0.83533
807	YOR048C	0.83533
808	YDL128W	0.83525
809	YCL042W	0.83524
810	YOL158C	0.83515
811	YJL026W	0.83509
812	YJL175W	0.83501
813	YGR144W	0.83491
814	YLR448W	0.83486
815	YNL333W	0.83486
816	YBL082C	0.83485
817	YDR374W-A	0.83484
818	YOR027W	0.83483
819	YER143W	0.8348
820	YOR358W	0.83478
821	YDL135C	0.83477
822	YBR137W	0.83474
823	YOR157C	0.8347
824	YOL018C	0.8347
825	YCL011C	0.83468
826	YBL068W	0.83468
827	YLR218C	0.83458
828	YDL100C	0.83456
829	YHR216W	0.83453
830	YAL044W-A	0.83447
831	YGL105W	0.83445
832	YMR217W	0.83443
833	YGL047W	0.83442
834	YOR086C	0.83436
835	YDR226W	0.83434
836	YML022W	0.8343
837	YGR092W	0.83429
838	YMR089C	0.83428
839	YOL127W	0.83428
840	YNL069C	0.83425
841	YOR196C	0.83425
842	YOR341W	0.83424
843	YBR263W	0.83423
844	YPR110C	0.83423
845	YGR022C	0.83422
846	YGR256W	0.83422
847	YJL130C	0.83417
848	YHR163W	0.83415
849	YDR059C	0.83413
850	YGL206C	0.83405
851	YNL138W	0.83401
852	YKL027W	0.83401
853	YHR057C	0.834
854	YDR064W	0.83391
855	YGL255W	0.83388
856	YCR034W	0.83388
857	YEL039C	0.83387
858	YPR102C	0.83384
859	YDR343C	0.83378
860	YDL001W	0.83378
861	YOR091W	0.8337
862	YOR369C	0.83366
863	YML056C	0.83359
864	YCR073W-A	0.83358
865	YGL030W	0.83357
866	YHL017W	0.83355
867	YLR412W	0.83353
868	YJL001W	0.8335
869	YPR181C	0.83349
870	YKL181W	0.83343
871	YKL029C	0.83343
872	YEL001C	0.83339
873	YPL246C	0.83339
874	YPR094W	0.83336
875	YOR206W	0.83332
876	YML106W	0.83332
877	YGL207W	0.83331
878	YCR024C-A	0.83331
879	YDR074W	0.83327
880	YOR295W	0.83324
881	YLR441C	0.83317
882	YBR236C	0.83315
883	YLR432W	0.83314
884	YDL053C	0.83311
885	YPR112C	0.83297
886	YMR080C	0.83294
887	YER026C	0.83286
888	YJL167W	0.83283
889	YDR342C	0.83282
890	YBR019C	0.83275
891	YLR367W	0.8327
892	YIL109C	0.83258
893	YBR245C	0.83255
894	YKL186C	0.83245
895	YER055C	0.83241
896	YOR298C-A	0.83238
897	YIL145C	0.83234
898	YNL154C	0.83232
899	YLR129W	0.83231
900	YGL221C	0.83217
901	YJR124C	0.83209
902	YBR091C	0.83207
903	YJL121C	0.83202
904	YOR155C	0.83198
905	YJL012C	0.8319
906	YER060W-A	0.83189
907	YLR066W	0.83186
908	YMR235C	0.83185
909	YJR121W	0.83185
910	YAR023C	0.83177
911	YLR137W	0.83175
912	YDR304C	0.83168
913	YJR133W	0.83165
914	YOR375C	0.83163
915	YMR132C	0.83162
916	YGR124W	0.83161
917	YPL051W	0.83154
918	YKL001C	0.83152
919	YLR153C	0.83147
920	YDR384C	0.83142
921	YHL011C	0.83138
922	YPR051W	0.83137
923	YMR194C-B	0.83136
924	YLR347W-A	0.83136
925	YGR138C	0.83126
926	YOR304W	0.83124
927	YHR094C	0.8312
928	YMR224C	0.83117
929	YOR197W	0.83111
930	YDR297W	0.83106
931	YOL129W	0.83105
932	YNL110C	0.83098
933	YFL061W	0.83096
934	YNL335W	0.83096
935	YLR268W	0.83093
936	YLL028W	0.83093
937	YJR109C	0.83092
938	YFR028C	0.83087
939	YLR065C	0.83082
940	YDR256C	0.83082
941	YHR041C	0.83078
942	YLL018C-A	0.83078
943	YBR210W	0.83077
944	YDR037W	0.83062
945	YLR364W	0.83058
946	YGR282C	0.83057
947	YLL022C	0.83055
948	YMR286W	0.83049
949	YBL105C	0.83048
950	YNL203C	0.83045
951	YML067C	0.83042
952	YBR265W	0.83034
953	YLR259C	0.83023
954	YIL009W	0.83023
955	YML123C	0.83016
956	YAL016C-A	0.83012
957	YNL117W	0.83009
958	YER002W	0.83008
959	YGR271W	0.83007
960	YML052W	0.83004
961	YER145C	0.82997
962	YKR047W	0.82983
963	YLR081W	0.82972
964	YIR008C	0.82969
965	YDR094W	0.82969
966	YOR226C	0.82967
967	YHR088W	0.82954
968	YJL151C	0.82951
969	YNL095C	0.82951
970	YJR073C	0.82947
971	YOR168W	0.82945
972	YDL245C	0.82941
973	YBR121C	0.82941
974	YKR025W	0.82931
975	YNR020C	0.8293
976	YIR031C	0.82923
977	YNR060W	0.82922
978	YLR038C	0.8292
979	YDR084C	0.82918
980	YHL016C	0.82915
981	YML087C	0.82908
982	YLR078C	0.82903
983	YJR158W	0.829
984	YGR271C-A	0.82896
985	YPR133C	0.82895
986	YJR009C	0.82895
987	YJR143C	0.82893
988	YJL214W	0.82892
989	YBL038W	0.82889
990	YER162C	0.82887
991	YDL110C	0.82887
992	YFL015W-A	0.82885
993	YER017C	0.82879
994	YDL072C	0.82876
995	YNL006W	0.82864
996	YFL056C	0.82862
997	YBR039W	0.82861
998	YNL264C	0.82859
999	YKR080W	0.82851
1000	YPR188C	0.8285
1001	YPR038W	0.82849
1002	YKL135C	0.82847
1003	YOL080C	0.8284
1004	YJL035C	0.82837
1005	YBR243C	0.82837
1006	YIR022W	0.82836
1007	YMR242W-A	0.82835
1008	YPL175W	0.82833
1009	YEL046C	0.8283
1010	YML065W	0.82829
1011	YJL198W	0.82827
1012	YBR190W	0.82826
1013	YGR043C	0.82823
1014	YNL079C	0.82823
1015	YJL024C	0.82822
1016	YMR307W	0.82821
1017	YDL164C	0.8282
1018	YER007C-A	0.82818
1019	YGR200C	0.82817
1020	YBR113W	0.82807
1021	YEL021W	0.82802
1022	YHR183W	0.82799
1023	YNL326C	0.82796
1024	YGL022W	0.82788
1025	YPL238C	0.82782
1026	YDL060W	0.82781
1027	YHR132C	0.82764
1028	YIL121W	0.8276
1029	YHL034C	0.82747
1030	YKL095W	0.82741
1031	YNR011C	0.8274
1032	YLR429W	0.82725
1033	YGR021W	0.82721
1034	YER119C	0.82717
1035	YAL025C	0.82709
1036	YNL175C	0.82704
1037	YML073C	0.82702
1038	YOR074C	0.827
1039	YPL169C	0.82697
1040	YJL190C	0.82694
1041	YCR072C	0.82694
1042	YNR046W	0.82683
1043	YNL312W	0.82676
1044	YOR126C	0.82669
1045	YIL103W	0.82669
1046	YDR408C	0.82668
1047	YPL012W	0.82661
1048	YGL034C	0.82658
1049	YEL026W	0.82656
1050	YGL234W	0.82653
1051	YGR007W	0.82649
1052	YBR189W	0.82646
1053	YJL115W	0.82639
1054	YOR087W	0.82628
1055	YGR031W	0.82623
1056	YIL114C	0.8262
1057	YKL163W	0.82612
1058	YHR168W	0.82612
1059	YGR185C	0.82609
1060	YCR098C	0.82608
1061	YHR064C	0.82606
1062	YOR318C	0.82604
1063	YOL162W	0.82601
1064	YDL218W	0.82601
1065	YLL036C	0.82601
1066	YBL006W-A	0.82599
1067	YML008C	0.82598
1068	YGL252C	0.82597
1069	YNR043W	0.82595
1070	YBR181C	0.82593
1071	YPL090C	0.82593
1072	YOR202W	0.82592
1073	YCR075W-A	0.8259
1074	YPR149W	0.82589
1075	YKL191W	0.82584
1076	YOL122C	0.82574
1077	YLR055C	0.82562
1078	YMR202W	0.82562
1079	YER031C	0.82561
1080	YMR319C	0.8256
1081	YEL030W	0.8256
1082	YLR287C	0.82557
1083	YGR132C	0.82555
1084	YDR448W	0.82553
1085	YPR034W	0.82552
1086	YNL284C	0.8255
1087	YHR020W	0.82549
1088	YJL011C	0.82538
1089	YOL030W	0.82533
1090	YER180C-A	0.82532
1091	YDL202W	0.8253
1092	YPL234C	0.8252
1093	YLR008C	0.8252
1094	YGL232W	0.8252
1095	YNR034W-A	0.82516
1096	YKL164C	0.82513
1097	YMR264W	0.82513
1098	YOR326W	0.8249
1099	YDR135C	0.82484
1100	YPR087W	0.82481
1101	YLR426W	0.82476
1102	YOR163W	0.82473
1103	YPR074C	0.82464
1104	YOR024W	0.82461
1105	YIL126W	0.82458
1106	YHR007C	0.82452
1107	YMR188C	0.8245
1108	YMR210W	0.82449
1109	YDL052C	0.82443
1110	YLR244C	0.82441
1111	YDR341C	0.8244
1112	YNR072W	0.82435
1113	YBR034C	0.82431
1114	YMR161W	0.82428
1115	YOL093W	0.82426
1116	YHR190W	0.82423
1117	YAL062W	0.82421
1118	YHR005C-A	0.82415
1119	YOR131C	0.82412
1120	YKR095W-A	0.8241
1121	YER060W	0.82408
1122	YML105C	0.82405
1123	YDR491C	0.82397
1124	YHR106W	0.82396
1125	YDR044W	0.82394
1126	YJR048W	0.82382
1127	YGR095C	0.82377
1128	YIL155C	0.82375
1129	YDL185W	0.82372
1130	YLR108C	0.8237
1131	YCR012W	0.82369
1132	YFL039C	0.82367
1133	YNL194C	0.82364
1134	YEL069C	0.82361
1135	YEL050C	0.82359
1136	YBR143C	0.82359
1137	YER117W	0.82358
1138	YBL087C	0.82358
1139	YKR062W	0.82352
1140	YHR182C-A	0.82351
1141	YLR041W	0.8235
1142	YJL159W	0.82349
1143	YER142C	0.82349
1144	YGL210W	0.82349
1145	YBR295W	0.82324
1146	YLR028C	0.82322
1147	YOL132W	0.82318
1148	YIL069C	0.82309
1149	YER074W	0.82309
1150	YJL055W	0.82308
1151	YLR433C	0.82297
1152	YAL007C	0.82295
1153	YLR330W	0.82294
1154	YOR273C	0.82287
1155	YJL174W	0.82276
1156	YNR032W	0.82268
1157	YLR262C-A	0.82266
1158	YEL038W	0.82261
1159	YKL146W	0.82261
1160	YLR275W	0.82259
1161	YGR065C	0.82259
1162	YOL041C	0.82258
1163	YGR088W	0.82257
1164	YGL037C	0.82255
1165	YOL085C	0.82253
1166	YHR010W	0.82253
1167	YML035C	0.82245
1168	YMR308C	0.82244
1169	YMR143W	0.82236
1170	YDL083C	0.82236
1171	YGR027C	0.82231
1172	YNL248C	0.82227
1173	YNR071C	0.82226
1174	YOR250C	0.82226
1175	YPL046C	0.82225
1176	YBR242W	0.82222
1177	YBR221C	0.82221
1178	YKR084C	0.82221
1179	YMR042W	0.82218
1180	YPL170W	0.82217
1181	YFL017C	0.82217
1182	YBL036C	0.82216
1183	YGR100W	0.82205
1184	YPL095C	0.82201
1185	YMR266W	0.82201
1186	YOL059W	0.82199
1187	YOL124C	0.82199
1188	YKL097C	0.82197
1189	YLR339C	0.82196
1190	YIR028W	0.82195
1191	YDR411C	0.82192
1192	YPL002C	0.82187
1193	YDR214W	0.82179
1194	YJR129C	0.82175
1195	YGR135W	0.82175
1196	YNR055C	0.82175
1197	YAL036C	0.82174
1198	YDR083W	0.82172
1199	YGR078C	0.8217
1200	YLR409C	0.82169
1201	YML075C	0.82163
1202	YJR139C	0.82163
1203	YKL218C	0.82159
1204	YDR091C	0.82156
1205	YLR075W	0.82145
1206	YPR035W	0.8214
1207	YMR090W	0.8214
1208	YDL147W	0.8214
1209	YJR020W	0.82137
1210	YBR221W-A	0.82134
1211	YLR099C	0.82127
1212	YPR144C	0.82127
1213	YLL023C	0.82125
1214	YJL208C	0.82121
1215	YFL038C	0.8212
1216	YLR279W	0.82119
1217	YCR090C	0.82117
1218	YOR128C	0.82115
1219	YGL139W	0.82112
1220	YJR007W	0.8211
1221	YJR050W	0.82102
1222	YDR406W	0.82098
1223	YKR053C	0.82096
1224	YGL012W	0.82096
1225	YNL178W	0.82096
1226	YJL218W	0.8209
1227	YGR175C	0.82089
1228	YOR388C	0.82089
1229	YFL011W	0.82088
1230	YCR069W	0.82085
1231	YGR240C	0.82077
1232	YER176W	0.82072
1233	YGR180C	0.82072
1234	YLR012C	0.82072
1235	YGL010W	0.8207
1236	YMR272C	0.8207
1237	YAL021C	0.82069
1238	YEL034C-A	0.82066
1239	YHR127W	0.82062
1240	YAL019W	0.8206
1241	YMR074C	0.8206
1242	YDL144C	0.82058
1243	YPL037C	0.82056
1244	YJR064W	0.82053
1245	YER081W	0.82053
1246	YOR317W	0.8205
1247	YHR147C	0.82043
1248	YPR081C	0.82042
1249	YPR180W	0.82041
1250	YOL156W	0.82041
1251	YDR471W	0.82039
1252	YDR353W	0.82038
1253	YDR112W	0.82033
1254	YIL133C	0.82027
1255	YNL275W	0.82026
1256	YML001W	0.82025
1257	YHR096C	0.82024
1258	YLR333C	0.82021
1259	YGR086C	0.8202
1260	YLR157C-C	0.82019
1261	YLR154C-H	0.82019
1262	YLR159C-A	0.82019
1263	YLR156C-A	0.82019
1264	YKL094W	0.82014
1265	YBL096C	0.82006
1266	YOR243C	0.81993
1267	YLR411W	0.81992
1268	YGR103W	0.81991
1269	YPR056W	0.81989
1270	YNR050C	0.81983
1271	YBR146W	0.81982
1272	YBR126W-B	0.8198
1273	YBR079C	0.81979
1274	YPR019W	0.81972
1275	YCR028C	0.81971
1276	YLR007W	0.81969
1277	YKR039W	0.81967
1278	YJL027C	0.81966
1279	YLR059C	0.81961
1280	YGL017W	0.81959
1281	YPL222C-A	0.81956
1282	YDR321W	0.81949
1283	YML077W	0.81945
1284	YBR011C	0.81942
1285	YLR208W	0.81938
1286	YHR063C	0.81935
1287	YBL032W	0.81934
1288	YPL244C	0.81927
1289	YHR128W	0.81927
1290	YDR454C	0.81926
1291	YDR465C	0.81924
1292	YGL100W	0.81921
1293	YLL014W	0.81908
1294	YIR002C	0.81907
1295	YIL124W	0.81896
1296	YFL021C-A	0.81892
1297	YGL240W	0.81887
1298	YMR009W	0.81886
1299	YLR126C	0.81886
1300	YOL065C	0.81884
1301	YDR468C	0.81879
1302	YHR026W	0.81869
1303	YJL077W-A	0.81866
1304	YPL276W	0.81866
1305	YIL064W	0.81866
1306	YLR399C	0.81866
1307	YBR196C	0.81858
1308	YDR105C	0.81856
1309	YKR043C	0.81856
1310	YJR153W	0.81854
1311	YER087C-B	0.81851
1312	YJL094C	0.81848
1313	YKL172W	0.81842
1314	YLR209C	0.81838
1315	YOL125W	0.81836
1316	YPR111W	0.81828
1317	YER048C	0.81824
1318	YDL190C	0.81824
1319	YGL001C	0.81822
1320	YPL122C	0.81813
1321	YDR334W	0.81812
1322	YER056C	0.8181
1323	YJL213W	0.81809
1324	YDR013W	0.81806
1325	YML009C	0.81805
1326	YAL023C	0.81796
1327	YGL198W	0.81793
1328	YMR127C	0.81786
1329	YER052C	0.81784
1330	YCR004C	0.81781
1331	YJL219W	0.8178
1332	YAL009W	0.81778
1333	YLL041C	0.81773
1334	YNL243W	0.81768
1335	YPL212C	0.81764
1336	YJL080C	0.81763
1337	YFL045C	0.81762
1338	YHR013C	0.81762
1339	YAL003W	0.81758
1340	YBR023C	0.81756
1341	YBL007C	0.81755
1342	YOR153W	0.81753
1343	YPL024W	0.81752
1344	YER062C	0.81751
1345	YHR012W	0.81745
1346	YNL125C	0.81741
1347	YDR267C	0.81741
1348	YGR005C	0.8174
1349	YDL081C	0.8174
1350	YGR181W	0.81738
1351	YPR178W	0.81731
1352	YJR072C	0.81731
1353	YOR332W	0.81731
1354	YFR024C-A	0.81731
1355	YNL246W	0.81729
1356	YGR276C	0.81727
1357	YNL001W	0.81727
1358	YOR380W	0.81725
1359	YCR013C	0.81716
1360	YOR323C	0.81716
1361	YLR026C	0.81713
1362	YGR192C	0.81707
1363	YAL054C	0.81701
1364	YDR118W-A	0.817
1365	YBR126C	0.817
1366	YMR306W	0.817
1367	YAL049C	0.81691
1368	YLR019W	0.81683
1369	YGR026W	0.81682
1370	YLR390W	0.81682
1371	YLR034C	0.8168
1372	YPL062W	0.81678
1373	YDL011C	0.81676
1374	YOR277C	0.81672
1375	YPL198W	0.81671
1376	YBR223C	0.8167
1377	YGR058W	0.81668
1378	YIR037W	0.81663
1379	YHR142W	0.81662
1380	YNR034W	0.81658
1381	YCL025C	0.81655
1382	YDR025W	0.81649
1383	YBR048W	0.81649
1384	YJR146W	0.81644
1385	YLR188W	0.81643
1386	YER120W	0.81643
1387	YBL030C	0.8164
1388	YBL072C	0.81639
1389	YER102W	0.81639
1390	YIL153W	0.81635
1391	YGL069C	0.81635
1392	YDR525W	0.81631
1393	YCR027C	0.8163
1394	YFR010W	0.81628
1395	YHR121W	0.81627
1396	YDL131W	0.81622
1397	YDR140W	0.81618
1398	YLR331C	0.81616
1399	YMR011W	0.81613
1400	YDL103C	0.81603
1401	YML125C	0.81602
1402	YNL087W	0.81594
1403	YBR235W	0.81594
1404	YPL153C	0.81593
1405	YHR175W	0.81592
1406	YLR043C	0.81589
1407	YJR085C	0.81587
1408	YNL260C	0.81583
1409	YMR226C	0.8158
1410	YNL044W	0.81574
1411	YKR014C	0.81567
1412	YLR192C	0.81563
1413	YBR078W	0.81563
1414	YOL055C	0.81563
1415	YOR092W	0.81559
1416	YML018C	0.81557
1417	YIL120W	0.81553
1418	YLR280C	0.81552
1419	YJR049C	0.8155
1420	YGL225W	0.81549
1421	YGL076C	0.81546
1422	YPR121W	0.81537
1423	YFR033C	0.81532
1424	YHL026C	0.81531
1425	YCL074W	0.81525
1426	YMR057C	0.81523
1427	YLR236C	0.8152
1428	YGR047C	0.81518
1429	YLR130C	0.81518
1430	YPL160W	0.81518
1431	YMR301C	0.81516
1432	YPR159C-A	0.81516
1433	YLR174W	0.81514
1434	YER147C-A	0.81509
1435	YPL204W	0.815
1436	YLR072W	0.81497
1437	YAL053W	0.81496
1438	YOR034C	0.81492
1439	YPR028W	0.81491
1440	YIL154C	0.81488
1441	YOR321W	0.81487
1442	YIR035C	0.81483
1443	YJL068C	0.81475
1444	YBR073W	0.81474
1445	YKL053C-A	0.81471
1446	YLR277C	0.8147
1447	YDL213W-A	0.81464
1448	YGR163W	0.81457
1449	YDR243C	0.81455
1450	YLR261C	0.81452
1451	YHR213W-A	0.8145
1452	YLR196W	0.81448
1453	YJL002C	0.81445
1454	YOR007C	0.81435
1455	YBR230W-A	0.81428
1456	YFL057C	0.81424
1457	YBR014C	0.81423
1458	YER091C	0.8142
1459	YAR003W	0.81418
1460	YAR019W-A	0.81418
1461	YBR107C	0.81412
1462	YDR272W	0.81409
1463	YGR055W	0.81408
1464	YGL074C	0.81399
1465	YDR011W	0.81397
1466	YJL104W	0.81397
1467	YJR001W	0.81395
1468	YNL268W	0.81394
1469	YEL013W	0.8139
1470	YJR015W	0.8139
1471	YOL072W	0.8139
1472	YJL064W	0.81384
1473	YER152W-A	0.81384
1474	YGR220C	0.81377
1475	YDR209C	0.81376
1476	YDL160C-A	0.81371
1477	YDL041W	0.81369
1478	YML057C-A	0.81368
1479	YBR248C	0.81365
1480	YHR031C	0.81365
1481	YNL305C	0.81363
1482	YPR016C	0.81362
1483	YOR119C	0.81357
1484	YFR031C	0.81352
1485	YDL096C	0.81351
1486	YFL018C	0.81348
1487	YPR107C	0.81345
1488	YJR010W	0.81341
1489	YOR165W	0.8134
1490	YGR082W	0.81339
1491	YML080W	0.81336
1492	YKL214C	0.81334
1493	YGR254W	0.81329
1494	YCL043C	0.81313
1495	YDL191W	0.81309
1496	YDL136W	0.81309
1497	YER044C	0.81308
1498	YDR541C	0.81308
1499	YBR264C	0.81307
1500	YJR068W	0.81303
1501	YKL008C	0.81291
1502	YIR023C-A	0.81291
1503	YOR348C	0.81281
1504	YAR075W	0.81277
1505	YJL072C	0.81276
1506	YER034W	0.81274
1507	YDL046W	0.81274
1508	YJR152W	0.81266
1509	YBR196C-B	0.81265
1510	YPL220W	0.81262
1511	YGL135W	0.81262
1512	YKL033W-A	0.81252
1513	YBL039C	0.81252
1514	YHR174W	0.81249
1515	YMR123W	0.81246
1516	YOR021C	0.81245
1517	YFL031C-A	0.81244
1518	YGL165C	0.8124
1519	YFR035C	0.81239
1520	YMR196W	0.81238
1521	YJL052C-A	0.81235
1522	YFL005W	0.81217
1523	YGL183C	0.81217
1524	YOL151W	0.81216
1525	YNL086W	0.81214
1526	YHR050W	0.81207
1527	YLR181C	0.81206
1528	YIL016W	0.81206
1529	YGL181W	0.81203
1530	YDR536W	0.81203
1531	YPR004C	0.812
1532	YER027C	0.81195
1533	YLR237W	0.81191
1534	YDL125C	0.81191
1535	YOR161W-B	0.8119
1536	YPR186C	0.81184
1537	YNL023C	0.81182
1538	YMR262W	0.81181
1539	YJL145W	0.81181
1540	YLR060W	0.8118
1541	YLR410W	0.81179
1542	YLR167W	0.81177
1543	YCR061W	0.81176
1544	YDR148C	0.81176
1545	YPL092W	0.81174
1546	YER025W	0.81173
1547	YLR245C	0.81171
1548	YAL060W	0.81167
1549	YEL017C-A	0.8116
1550	YKL152C	0.81156
1551	YPR076W	0.81154
1552	YDR478W	0.81153
1553	YGR197C	0.81151
1554	YDR337W	0.8115
1555	YER013W	0.81148
1556	YMR020W	0.81148
1557	YLR418C	0.81147
1558	YKL060C	0.81145
1559	YJL028W	0.81142
1560	YIL108W	0.81137
1561	YLL050C	0.81136
1562	YGR004W	0.81134
1563	YGL009C	0.81132
1564	YIL170W	0.81131
1565	YLL011W	0.81129
1566	YNL274C	0.81127
1567	YOR210W	0.81119
1568	YEL053W-A	0.81118
1569	YLR255C	0.81111
1570	YLR013W	0.8111
1571	YMR306C-A	0.81109
1572	YKR024C	0.81109
1573	YDR007W	0.81108
1574	YDR508C	0.81105
1575	YML092C	0.81101
1576	YLR435W	0.81094
1577	YPR190C	0.81094
1578	YIL068C	0.81088
1579	YNL055C	0.81085
1580	YBR117C	0.81083
1581	YDL095W	0.81082
1582	YOL094C	0.81075
1583	YHR108W	0.81072
1584	YJR113C	0.81068
1585	YJR065C	0.81066
1586	YIR020W-A	0.81051
1587	YCL058W-A	0.81051
1588	YGL242C	0.8104
1589	YPL154C	0.81039
1590	YPR131C	0.81036
1591	YNL202W	0.81033
1592	YBL068W-A	0.81026
1593	YNL102W	0.81024
1594	YHR072W-A	0.81018
1595	YOL103W	0.81004
1596	YBR298C	0.8099
1597	YJL127W-A	0.80986
1598	YAR015W	0.80986
1599	YPL157W	0.80984
1600	YGR169C-A	0.80984
1601	YMR265C	0.80984
1602	YAL016W	0.80974
1603	YNL207W	0.80973
1604	YHR032W	0.80967
1605	YDR436W	0.80963
1606	YIL018W	0.80963
1607	YFR031C-A	0.80963
1608	YCR087W	0.80959
1609	YJL119C	0.80958
1610	YMR194W	0.80958
1611	YDR117C	0.80956
1612	YJL117W	0.80953
1613	YOR384W	0.80947
1614	YDR051C	0.80947
1615	YKL046C	0.80944
1616	YMR084W	0.80942
1617	YDR464C-A	0.80938
1618	YBL108W	0.80937
1619	YDR398W	0.80935
1620	YFL055W	0.80934
1621	YLR162W	0.80932
1622	YEL040W	0.80932
1623	YJL087C	0.8093
1624	YKR048C	0.80916
1625	YOR370C	0.80914
1626	YML055W	0.80907
1627	YOL067C	0.80899
1628	YOL146W	0.80898
1629	YHR070C-A	0.80898
1630	YBR114W	0.80895
1631	YNL130C-A	0.80887
1632	YER063W	0.80886
1633	YJR132W	0.80886
1634	YBL022C	0.80885
1635	YNL123W	0.80885
1636	YAL030W	0.80884
1637	YNL147W	0.80883
1638	YNR019W	0.80877
1639	YKL127W	0.80877
1640	YHR062C	0.80875
1641	YFL048C	0.80874
1642	YFR034W-A	0.80873
1643	YDR456W	0.80873
1644	YDR041W	0.80872
1645	YJL171C	0.80871
1646	YNL277W	0.80868
1647	YKL006W	0.80864
1648	YLR251W	0.80859
1649	YBR254C	0.80858
1650	YLR235C	0.80857
1651	YFL004W	0.80851
1652	YNR074C	0.80847
1653	YJR042W	0.80845
1654	YDR378C	0.80843
1655	YKL157W	0.80832
1656	YOR056C	0.80825
1657	YER039C	0.80823
1658	YJR123W	0.80807
1659	YDR090C	0.80805
1660	YDR264C	0.80804
1661	YMR071C	0.80804
1662	YNL328C	0.80801
1663	YCL030C	0.80798
1664	YPL249C-A	0.80791
1665	YMR056C	0.8079
1666	YPR197C	0.80789
1667	YDR047W	0.80786
1668	YHL001W	0.80785
1669	YIL075C	0.80785
1670	YIL161W	0.8078
1671	YBR283C	0.80777
1672	YJR104C	0.80772
1673	YLL056C	0.80759
1674	YJL079C	0.80758
1675	YML100W-A	0.80758
1676	YPL258C	0.80755
1677	YFL001W	0.80752
1678	YPR092W	0.80751
1679	YLR203C	0.8075
1680	YOL073C	0.8075
1681	YER088C-A	0.80744
1682	YDR525W-A	0.8074
1683	YJR155W	0.80739
1684	YHR210C	0.80737
1685	YIL094C	0.80737
1686	YMR173W-A	0.80729
1687	YOR301W	0.80729
1688	YPR156C	0.80722
1689	YFL026W	0.80721
1690	YDR193W	0.80721
1691	YFL044C	0.80716
1692	YLR243W	0.80713
1693	YJR149W	0.80707
1694	YPR093C	0.80707
1695	YMR049C	0.80705
1696	YNL134C	0.80704
1697	YNL259C	0.80699
1698	YMR008C	0.80699
1699	YPL233W	0.80693
1700	YBL040C	0.8069
1701	YBR177C	0.80688
1702	YKL210W	0.80686
1703	YMR114C	0.80683
1704	YOR246C	0.80682
1705	YDR476C	0.80681
1706	YLR328W	0.80681
1707	YBR088C	0.80679
1708	YFR038W	0.80672
1709	YDL243C	0.8066
1710	YHL019C	0.80658
1711	YDR204W	0.80657
1712	YML025C	0.80655
1713	YLL052C	0.80654
1714	YNL099C	0.8065
1715	YGR279C	0.80644
1716	YBR222C	0.80643
1717	YDR001C	0.80637
1718	YOR327C	0.80629
1719	YMR120C	0.80626
1720	YBR249C	0.80625
1721	YIL053W	0.80624
1722	YNL149C	0.80623
1723	YHR052C-B	0.80621
1724	YHR054C-B	0.80621
1725	YNL223W	0.80617
1726	YER163C	0.80617
1727	YMR297W	0.80613
1728	YHR180C-B	0.80613
1729	YNL313C	0.8061
1730	YPR170C	0.8061
1731	YBR119W	0.80607
1732	YDL036C	0.80598
1733	YHR144C	0.80597
1734	YLR138W	0.80592
1735	YPL059W	0.8059
1736	YML126C	0.8059
1737	YGL119W	0.80589
1738	YNL059C	0.80587
1739	YBR029C	0.80585
1740	YCR006C	0.80585
1741	YPL006W	0.80582
1742	YGR186W	0.80572
1743	YKL107W	0.8057
1744	YER164W	0.80568
1745	YFL008W	0.80568
1746	YFR055W	0.80567
1747	YPL173W	0.80563
1748	YER178W	0.80563
1749	YLR374C	0.80558
1750	YNL142W	0.80552
1751	YGR236C	0.80552
1752	YGR061C	0.8055
1753	YDR055W	0.80549
1754	YHR042W	0.80546
1755	Q0050	0.80542
1756	YHR116W	0.80539
1757	YCL073C	0.80535
1758	YBL041W	0.80531
1759	YLR154C-G	0.8053
1760	YJL212C	0.80529
1761	YGL236C	0.80528
1762	YOL165C	0.80523
1763	YBR020W	0.80522
1764	YDL168W	0.80517
1765	YBR002C	0.80516
1766	YBL062W	0.80513
1767	YLR134W	0.80512
1768	YAL004W	0.80509
1769	Q0297	0.80507
1770	YDR062W	0.80507
1771	YDR497C	0.80507
1772	YLR076C	0.80496
1773	YPR138C	0.80493
1774	YGL006W	0.80489
1775	YMR112C	0.80488
1776	YGR262C	0.80487
1777	YJR046W	0.80487
1778	YPR168W	0.80476
1779	YPR064W	0.80474
1780	YHR052W	0.80474
1781	YDR530C	0.80469
1782	YGR264C	0.80466
1783	YLR112W	0.80464
1784	YEL063C	0.80458
1785	YGR162W	0.80457
1786	YDR079C-A	0.80453
1787	YGL111W	0.80452
1788	YCL005W-A	0.80451
1789	YLR412C-A	0.80447
1790	YOL019W-A	0.80439
1791	YOR378W	0.80439
1792	YER116C	0.80439
1793	YGL166W	0.80437
1794	YMR315W	0.80431
1795	YDL085C-A	0.80429
1796	YDL086C-A	0.80422
1797	YNR051C	0.80417
1798	YHR033W	0.80414
1799	YDR305C	0.80409
1800	YGR269W	0.80405
1801	YEL065W	0.80404
1802	YBR115C	0.80403
1803	YNL222W	0.80402
1804	YBL013W	0.80401
1805	YHR025W	0.804
1806	YOR268C	0.80395
1807	YBR058C	0.80389
1808	YHR032C-A	0.80389
1809	YFR041C	0.80388
1810	YOR309C	0.80383
1811	YDR098C	0.80381
1812	YCL037C	0.80377
1813	YLR003C	0.80376
1814	YDR280W	0.80376
1815	YCL054W	0.80374
1816	YER185W	0.80371
1817	YOR239W	0.80371
1818	YGL235W	0.80371
1819	YLR155C	0.8037
1820	YLR157C	0.8037
1821	YLR158C	0.8037
1822	YLR160C	0.8037
1823	YLR348C	0.80368
1824	YLR361C-A	0.80357
1825	YDR537C	0.80354
1826	YDR354C-A	0.80352
1827	YKR050W	0.80349
1828	YJR070C	0.80343
1829	YJR055W	0.80341
1830	YBR231C	0.8034
1831	YLR250W	0.80335
1832	YKR106W	0.80333
1833	YOR343C	0.80332
1834	YMR279C	0.80331
1835	YOR236W	0.80331
1836	YGL157W	0.80331
1837	YKL003C	0.80327
1838	YBR092C	0.8032
1839	YFL042C	0.8032
1840	YDR362C	0.80317
1841	YIL082W	0.80316
1842	YNR065C	0.80314
1843	YAL058W	0.80311
1844	YEL003W	0.80311
1845	YHR047C	0.80301
1846	YLR388W	0.80301
1847	YPR161C	0.80295
1848	YKL187C	0.80294
1849	YKL065C	0.80293
1850	YFR001W	0.8029
1851	YPR059C	0.80289
1852	YGL033W	0.80286
1853	YCR045W-A	0.80283
1854	YGR187C	0.80281
1855	YHR201C	0.8028
1856	YOR325W	0.8028
1857	YLR354C	0.80277
1858	YOR351C	0.80276
1859	YLL058W	0.80272
1860	YDR539W	0.8027
1861	YPL132W	0.80268
1862	YPL208W	0.80261
1863	YJL075C	0.80254
1864	YLR215C	0.80253
1865	YLR421C	0.80249
1866	YDR163W	0.80246
1867	YHR213W-B	0.80244
1868	YDR164C	0.80238
1869	YDL217C	0.80234
1870	YBL044W	0.80233
1871	YGR054W	0.80232
1872	YHR187W	0.80228
1873	YDR291W	0.80226
1874	YDR236C	0.80225
1875	YIL057C	0.80223
1876	YMR201C	0.80221
1877	YER057C	0.80218
1878	YOR280C	0.80217
1879	YDR386W	0.80217
1880	YPL050C	0.80215
1881	YKR066C	0.80213
1882	YHR071C-A	0.80212
1883	YBR256C	0.80211
1884	YKL153W	0.80209
1885	YMR178W	0.80208
1886	YGR060W	0.80198
1887	YOR292C	0.80196
1888	YFL053W	0.80195
1889	YEL056W	0.80194
1890	YJL184W	0.80193
1891	YGR213C	0.80192
1892	YPL142C	0.80188
1893	YJL128C	0.80188
1894	YMR218C	0.80186
1895	YAL056C-A	0.80185
1896	YHL002W	0.80185
1897	YIL116W	0.80185
1898	YOR192C	0.80178
1899	YIL074C	0.80177
1900	YOL090W	0.80174
1901	YHL030W-A	0.80172
1902	YBR141C	0.80172
1903	YLR296W	0.8017
1904	YMR027W	0.80167
1905	YBR021W	0.80162
1906	YJL177W	0.8014
1907	YDR237W	0.8014
1908	YNL331C	0.80139
1909	YKL031W	0.80137
1910	YBL011W	0.80134
1911	YBR087W	0.80133
1912	YGL244W	0.80131
1913	YNL322C	0.80129
1914	YMR193W	0.80116
1915	YJR034W	0.80116
1916	YGR263C	0.80114
1917	YJL134W	0.80109
1918	YIL063C	0.80109
1919	YNL270C	0.80107
1920	YIL047C	0.80106
1921	YCR038W-A	0.80101
1922	YGR191W	0.80101
1923	YER003C	0.80101
1924	YGR286C	0.80099
1925	YMR058W	0.80095
1926	YHR022C-A	0.80095
1927	YGR037C	0.80094
1928	YER100W	0.80093
1929	YHR090C	0.80091
1930	YMR213W	0.80089
1931	YBR043C	0.80089
1932	YNL088W	0.80087
1933	YCL068C	0.80084
1934	YDR358W	0.80079
1935	YNL237W	0.80078
1936	YKL030W	0.80077
1937	YBR037C	0.80075
1938	YOL039W	0.80068
1939	YIR036W-A	0.80066
1940	YDL150W	0.80065
1941	YGR159C	0.80065
1942	YDR453C	0.80061
1943	YNL163C	0.8006
1944	YBL042C	0.80059
1945	YOR328W	0.80058
1946	YFL034C-B	0.80057
1947	YMR244C-A	0.80057
1948	YDL155W	0.80056
1949	YPR157W	0.80049
1950	YOR110W	0.80049
1951	YLR121C	0.80045
1952	YDL079C	0.80038
1953	YER048W-A	0.80037
1954	YJL216C	0.80035
1955	YMR022W	0.80034
1956	YAR064W	0.80032
1957	YNR016C	0.80028
1958	YGR109W-A	0.80023
1959	YPR170W-B	0.80021
1960	YJL082W	0.80018
1961	YFL065C	0.80013
1962	YGL050W	0.80011
1963	YMR251W	0.80007
1964	YKL213C	0.80004
1965	YNL108C	0.80004
1966	YOL009C	0.8
1967	YDL130W	0.79995
1968	YLR303W	0.79989
1969	YBL001C	0.79989
1970	YPR203W	0.79987
1971	YDR263C	0.79986
1972	YLR377C	0.79986
1973	YPR033C	0.79985
1974	YLR100W	0.79977
1975	YPR200C	0.79975
1976	YBR085W	0.79969
1977	YDR417C	0.79968
1978	YOR182C	0.79959
1979	YLR287C-A	0.79959
1980	YFL041W	0.79957
1981	YER156C	0.79956
1982	YOR331C	0.79951
1983	YLR150W	0.79951
1984	YER035W	0.79947
1985	YDR276C	0.79941
1986	YDL008W	0.79934
1987	YER183C	0.79932
1988	YBR006W	0.7993
1989	YGR141W	0.79926
1990	YDL023C	0.79925
1991	YLR324W	0.79923
1992	YNL155W	0.79922
1993	YEL019C	0.7992
1994	YGL095C	0.79918
1995	YOL040C	0.79912
1996	YER073W	0.79908
1997	YFL034W	0.79904
1998	YDR320W-B	0.79902
1999	YLR092W	0.79895
2000	YHR039C-A	0.79893
2001	YMR043W	0.79891
2002	YHR181W	0.79889
2003	YEL035C	0.79889
2004	YEL041W	0.79887
2005	YPL281C	0.79886
2006	YOR393W	0.79886
2007	YCR106W	0.79886
2008	YGL026C	0.79884
2009	YLL034C	0.79877
2010	YMR122C	0.79876
2011	YMR221C	0.79875
2012	YDR175C	0.79875
2013	YGL089C	0.79874
2014	YOL050C	0.79867
2015	YPL222W	0.79866
2016	YKL180W	0.79861
2017	YGR083C	0.79859
2018	YOR223W	0.79858
2019	YNL022C	0.79857
2020	YPR014C	0.79852
2021	YGR289C	0.7985
2022	YDR046C	0.79849
2023	YMR277W	0.79846
2024	YJR141W	0.79845
2025	YNL028W	0.79843
2026	YML028W	0.79843
2027	YNR026C	0.79842
2028	YGR024C	0.79842
2029	YDL061C	0.79834
2030	YHL045W	0.79833
2031	YCR075C	0.79827
2032	YER126C	0.79824
2033	YNL231C	0.7982
2034	YDL163W	0.79818
2035	YIL100W	0.79814
2036	YEL052W	0.79807
2037	YLR363W-A	0.79804
2038	YOR172W	0.79803
2039	YBR174C	0.79801
2040	YCL057C-A	0.79798
2041	YKL022C	0.79796
2042	YMR323W	0.79796
2043	YLR420W	0.79792
2044	YDL040C	0.7979
2045	YKL154W	0.7979
2046	YNL137C	0.79788
2047	YLL039C	0.79787
2048	YCR101C	0.79786
2049	YOR102W	0.79786
2050	YPL091W	0.79786
2051	YGL039W	0.79784
2052	YDR032C	0.79778
2053	YDL226C	0.79775
2054	YER015W	0.79767
2055	YCR005C	0.79767
2056	YLR044C	0.79753
2057	YMR244W	0.79752
2058	YNL067W-B	0.79748
2059	YOR162C	0.79747
2060	YGL186C	0.79744
2061	YNR029C	0.79742
2062	YOR198C	0.79742
2063	YOR072W-A	0.79738
2064	YOR376W-A	0.79737
2065	YER070W	0.79737
2066	YJL195C	0.79731
2067	YLR002C	0.79728
2068	YLR222C	0.79726
2069	YOL114C	0.79724
2070	YMR268C	0.79722
2071	YKL098W	0.79721
2072	YPL111W	0.79718
2073	YOR379C	0.79716
2074	YDL124W	0.79715
2075	YOR254C	0.79709
2076	YGR224W	0.79707
2077	YLR062C	0.79698
2078	YNL162W	0.79697
2079	YHR141C	0.79697
2080	YIL138C	0.79694
2081	YGR195W	0.79694
2082	YOR101W	0.79693
2083	YNL145W	0.7969
2084	YER088W-B	0.79689
2085	YEL020C	0.79687
2086	YGR277C	0.79683
2087	YDR145W	0.79682
2088	YNL211C	0.79672
2089	YDR513W	0.79671
2090	YMR040W	0.79665
2091	YJL116C	0.79665
2092	YKR093W	0.79661
2093	YLR090W	0.7966
2094	YNR015W	0.79657
2095	YIL160C	0.79657
2096	YGR244C	0.79656
2097	YNL212W	0.7965
2098	YNL191W	0.7964
2099	YCR011C	0.79637
2100	YNL056W	0.79637
2101	YGL044C	0.79636
2102	YGR050C	0.79627
2103	YML078W	0.79626
2104	YPL134C	0.79625
2105	YDR215C	0.79624
2106	YDR498C	0.79623
2107	YKL147C	0.79623
2108	YKR105C	0.79622
2109	YNR070W	0.79621
2110	YPR128C	0.79619
2111	YKR088C	0.79618
2112	YBR008C	0.79617
2113	YPR187W	0.79617
2114	YER067W	0.79616
2115	YER009W	0.79614
2116	YLL029W	0.79605
2117	YHR192W	0.79604
2118	YDR402C	0.79603
2119	YDR433W	0.79603
2120	YNL140C	0.79602
2121	YNL292W	0.79601
2122	YGR107W	0.796
2123	YNL021W	0.79595
2124	YFL015C	0.79591
2125	YMR007W	0.79589
2126	YJR095W	0.79587
2127	YLR286C	0.79586
2128	YPR133W-A	0.79585
2129	YGR028W	0.79581
2130	YMR305C	0.7958
2131	YDR355C	0.79575
2132	YAL044C	0.79575
2133	YNL107W	0.79574
2134	YLR413W	0.79574
2135	YPR193C	0.79574
2136	YPL231W	0.7957
2137	YJR016C	0.79569
2138	YGR176W	0.7956
2139	YKL167C	0.79556
2140	YMR085W	0.79555
2141	YIL032C	0.79552
2142	YKL056C	0.79552
2143	YPL239W	0.79552
2144	YDR483W	0.79551
2145	YGR121W-A	0.79551
2146	YBR286W	0.79549
2147	YOR079C	0.79549
2148	YDL143W	0.79542
2149	YJL010C	0.79531
2150	YMR227C	0.79528
2151	YOR068C	0.79522
2152	YLR068W	0.79522
2153	YOR040W	0.79521
2154	YPR153W	0.79517
2155	YAL059W	0.79516
2156	YPR053C	0.79516
2157	YLR152C	0.79511
2158	YCR063W	0.79507
2159	YPL079W	0.79504
2160	YNR054C	0.79504
2161	YBR198C	0.79502
2162	YGL051W	0.79501
2163	YMR128W	0.79501
2164	YPL181W	0.795
2165	YDR294C	0.795
2166	YJR160C	0.79497
2167	YIL034C	0.79495
2168	YIL022W	0.79484
2169	YJL152W	0.79483
2170	YDR534C	0.79475
2171	YOL148C	0.79473
2172	YHR043C	0.79472
2173	YNL161W	0.7947
2174	YGR121C	0.79467
2175	YDR296W	0.79467
2176	YOR164C	0.79464
2177	YKR017C	0.79457
2178	YMR001C	0.79451
2179	YCR050C	0.79446
2180	YJL142C	0.79443
2181	YMR101C	0.79443
2182	YBR251W	0.79443
2183	YCR049C	0.79443
2184	YGL101W	0.79441
2185	YMR135W-A	0.79441
2186	YDR191W	0.79439
2187	YBR105C	0.79436
2188	YGL029W	0.79432
2189	YIL076W	0.79429
2190	YGR155W	0.79428
2191	YGL190C	0.79428
2192	YNL287W	0.79427
2193	YCR020C	0.79425
2194	YNL190W	0.79423
2195	YJR116W	0.79422
2196	YBR084W	0.7942
2197	YFR012W-A	0.79419
2198	YLR355C	0.79418
2199	YLR272C	0.79415
2200	YIL066C	0.79411
2201	YPL282C	0.7941
2202	YOR394W	0.7941
2203	YER175C	0.79409
2204	YDR060W	0.79404
2205	YOR099W	0.79403
2206	YKL017C	0.79402
2207	YGL049C	0.79402
2208	YOR139C	0.79401
2209	YCR036W	0.79399
2210	YOL120C	0.79396
2211	YNL301C	0.79396
2212	YDR183W	0.79392
2213	YMR290W-A	0.79388
2214	YKR013W	0.79386
2215	YOR071C	0.79375
2216	YGL068W	0.79373
2217	YER119C-A	0.79371
2218	YIL020C	0.79369
2219	YIL162W	0.79369
2220	YLL055W	0.79366
2221	YDR053W	0.79365
2222	YJR159W	0.79363
2223	YGR066C	0.79363
2224	YBL027W	0.79362
2225	YBR084C-A	0.79362
2226	YER065C	0.79362
2227	YBR214W	0.79359
2228	YDL165W	0.79353
2229	YDR067C	0.79352
2230	YPL138C	0.7935
2231	YGL205W	0.7935
2232	YDR500C	0.7935
2233	YBR191W	0.79348
2234	YLR205C	0.79345
2235	YKL103C	0.79339
2236	YCR008W	0.79333
2237	YMR099C	0.79332
2238	YJR125C	0.79332
2239	YEL060C	0.79332
2240	YOR290C	0.7933
2241	YHR044C	0.79327
2242	YIL142W	0.79318
2243	YMR278W	0.79318
2244	YDL105W	0.79316
2245	YCR094W	0.79314
2246	YNR001C	0.79309
2247	YLR179C	0.79303
2248	YOL034W	0.79303
2249	YPR166C	0.79301
2250	YEL033W	0.79296
2251	YDL156W	0.79294
2252	YOL037C	0.7929
2253	YKL184W	0.79289
2254	YPL225W	0.79287
2255	YNR027W	0.79287
2256	YDR336W	0.79275
2257	YPR194C	0.7927
2258	YEL064C	0.79269
2259	YOL008W	0.79268
2260	YIL169C	0.79268
2261	YDL030W	0.79267
2262	YGR145W	0.79266
2263	YLR104W	0.79262
2264	YGR295C	0.79261
2265	YKL070W	0.7926
2266	YKL114C	0.79259
2267	YKR001C	0.79258
2268	YNR008W	0.79257
2269	YDL193W	0.79254
2270	YCL046W	0.79253
2271	YEL027W	0.79252
2272	YDR364C	0.79251
2273	YDL086W	0.79249
2274	YFR050C	0.79249
2275	YJL160C	0.79248
2276	YGR094W	0.79243
2277	YIL010W	0.79242
2278	YCR025C	0.79234
2279	YDR514C	0.79233
2280	YCL047C	0.7923
2281	YAR033W	0.79226
2282	YBR055C	0.79225
2283	YDL071C	0.79223
2284	YBR103W	0.7922
2285	YIL142C-A	0.7922
2286	YGL121C	0.79219
2287	YBR101C	0.79218
2288	YHR161C	0.79214
2289	YOL135C	0.79209
2290	YDR265W	0.79203
2291	YOL099C	0.79199
2292	YKL156C-A	0.79197
2293	YIL048W	0.79195
2294	YHR207C	0.79193
2295	YML072C	0.79192
2296	YPL108W	0.79187
2297	YGR243W	0.79185
2298	YNL104C	0.79182
2299	YOR011W	0.7918
2300	YPL264C	0.79175
2301	YLL009C	0.79173
2302	YAL029C	0.79172
2303	YAR042W	0.79168
2304	YLR349W	0.79168
2305	YLR351C	0.79168
2306	YNL200C	0.79167
2307	YCL069W	0.79167
2308	YNR075C-A	0.79161
2309	YHR008C	0.7916
2310	YGR009C	0.79159
2311	YOR209C	0.79157
2312	YKL161C	0.79156
2313	YLR383W	0.79153
2314	YLR050C	0.79153
2315	YHR001W	0.79145
2316	YBR237W	0.79142
2317	YLR175W	0.79139
2318	YOR285W	0.79136
2319	YER001W	0.79132
2320	YDL246C	0.79129
2321	YDR382W	0.79128
2322	YOL038C-A	0.79127
2323	YGL031C	0.79118
2324	YHR117W	0.79116
2325	YKL148C	0.79115
2326	YDR100W	0.79114
2327	YNL121C	0.79112
2328	YCL041C	0.79105
2329	YIL054W	0.79104
2330	YIL082W-A	0.79103
2331	YGR209C	0.79102
2332	YAR018C	0.79102
2333	YKR079C	0.79102
2334	YAL034W-A	0.79101
2335	YPL028W	0.79096
2336	YDR517W	0.79094
2337	YHR173C	0.79091
2338	YOR345C	0.79089
2339	YMR238W	0.79088
2340	YHR029C	0.79085
2341	YBR183W	0.79082
2342	YDR169C-A	0.79082
2343	YBL017C	0.79076
2344	YJL096W	0.79074
2345	YJR024C	0.79072
2346	YGR172C	0.79069
2347	YMR302C	0.79066
2348	YOR300W	0.79064
2349	YLR241W	0.79061
2350	YGR051C	0.79055
2351	YCL075W	0.79052
2352	YBR220C	0.79047
2353	YOR181W	0.79047
2354	YPR123C	0.79047
2355	YOL112W	0.79044
2356	YKR051W	0.79043
2357	YDL034W	0.79042
2358	YHL013C	0.79042
2359	YOR335C	0.79041
2360	YHR095W	0.79034
2361	YBR052C	0.79029
2362	YLR125W	0.79023
2363	YBR018C	0.79021
2364	YLR004C	0.79019
2365	YMR096W	0.79015
2366	YDL177C	0.79014
2367	YDR379C-A	0.79013
2368	R0020C	0.79013
2369	YIL035C	0.79011
2370	YJL143W	0.79007
2371	YOL130W	0.78996
2372	YGL173C	0.78995
2373	YDL159C-B	0.78992
2374	YGR093W	0.78989
2375	YBR268W	0.78988
2376	YFR005C	0.78988
2377	YJL189W	0.78987
2378	YDR274C	0.78984
2379	YKL053W	0.78982
2380	YIL156W-B	0.78981
2381	YPR129W	0.78981
2382	YPR147C	0.7898
2383	YMR092C	0.78977
2384	YJR137C	0.78975
2385	YNL002C	0.78969
2386	YLR379W-A	0.78965
2387	YIL052C	0.78964
2388	YOL154W	0.78961
2389	YJR103W	0.78954
2390	YKR042W	0.78954
2391	YDR308C	0.78953
2392	YKL018C-A	0.78952
2393	YMR220W	0.78948
2394	YJR112W	0.78947
2395	YOR356W	0.78947
2396	YAL059C-A	0.78946
2397	YJL003W	0.78946
2398	YKL069W	0.78935
2399	YLR117C	0.78933
2400	YIR044C	0.78932
2401	YGL024W	0.78931
2402	YGL053W	0.78926
2403	YPL251W	0.7892
2404	YBR072W	0.78919
2405	YPL047W	0.78917
2406	YMR108W	0.78916
2407	YNR037C	0.78914
2408	YDL172C	0.78914
2409	YMR239C	0.78908
2410	YGL115W	0.78899
2411	YKL144C	0.78899
2412	YMR309C	0.78893
2413	YDR269C	0.78891
2414	YDL148C	0.7889
2415	YBL058W	0.7888
2416	YGR169C	0.7888
2417	YOR008W-B	0.78877
2418	YLR214W	0.7887
2419	YGL148W	0.78869
2420	YOR016C	0.78868
2421	YOR161W-A	0.78863
2422	YFL013W-A	0.78863
2423	YCR037C	0.78862
2424	YGR148C	0.78855
2425	YLL064C	0.78847
2426	YNR076W	0.78847
2427	YNR052C	0.78843
2428	YDR031W	0.78841
2429	YIL014W	0.78838
2430	YHR111W	0.78838
2431	YDR324C	0.78837
2432	YLR017W	0.78835
2433	YMR078C	0.78834
2434	YKL099C	0.78834
2435	YAL022C	0.78834
2436	YPR120C	0.78832
2437	YMR229C	0.78826
2438	YHR085W	0.7882
2439	YNL173C	0.78815
2440	YIR041W	0.78814
2441	YIL175W	0.78811
2442	YJL222W-B	0.78811
2443	YOR146W	0.78811
2444	YER056C-A	0.78804
2445	YJR078W	0.78796
2446	YKR009C	0.78792
2447	YKR086W	0.78791
2448	YLR021W	0.78786
2449	YBR232C	0.7878
2450	YLR189C	0.78779
2451	YGR109W-B	0.78779
2452	YOR034C-A	0.78776
2453	YGL004C	0.78773
2454	YCR028C-A	0.78771
2455	YPR025C	0.78767
2456	YOL046C	0.78759
2457	YDR405W	0.78758
2458	YKL058W	0.78748
2459	YBR227C	0.78748
2460	YIL125W	0.78745
2461	YMR325W	0.78744
2462	YPL080C	0.78744
2463	YMR324C	0.78738
2464	YLR372W	0.78738
2465	YBR015C	0.78736
2466	YLR262C	0.78734
2467	YBR035C	0.78733
2468	YCL045C	0.78731
2469	YLR415C	0.78727
2470	YJL168C	0.78723
2471	YKR041W	0.7872
2472	YMR105C	0.7872
2473	YMR167W	0.78716
2474	YHR129C	0.78715
2475	YHL015W-A	0.78714
2476	YLL010C	0.78713
2477	YCR104W	0.78707
2478	YOR050C	0.78696
2479	YBR121C-A	0.78695
2480	YPL001W	0.7869
2481	YEL055C	0.78688
2482	YDR542W	0.78685
2483	YOR049C	0.78684
2484	YNL016W	0.78681
2485	YKL077W	0.78673
2486	YJL026C-A	0.78672
2487	YMR250W	0.78665
2488	YPR167C	0.78662
2489	YLR154W-B	0.78661
2490	YLR401C	0.7866
2491	YOR271C	0.78656
2492	YNL042W-B	0.7865
2493	YBL028C	0.78648
2494	YDL118W	0.78648
2495	YKL037W	0.78646
2496	YCL001W-B	0.78641
2497	YLR037C	0.78638
2498	YKL182W	0.78637
2499	YGR268C	0.78637
2500	YPL086C	0.78633
2501	YKR003W	0.78632
2502	YNL129W	0.78631
2503	YDL247W	0.78628
2504	YLR359W	0.78628
2505	YJL155C	0.78623
2506	YLL025W	0.78622
2507	YCL023C	0.78622
2508	YLL046C	0.78621
2509	YBR247C	0.78619
2510	YJL158C	0.78611
2511	YDR232W	0.78607
2512	YLR345W	0.78607
2513	YLR461W	0.78606
2514	YIR017C	0.78599
2515	YJL140W	0.78597
2516	YHR087W	0.78597
2517	YDR050C	0.78595
2518	YDL032W	0.78593
2519	YGR201C	0.78592
2520	YER069W	0.78585
2521	YPR023C	0.78578
2522	YMR103C	0.78576
2523	YNL130C	0.78571
2524	YKL224C	0.78566
2525	YJR128W	0.78565
2526	YDR009W	0.78557
2527	YDL241W	0.78553
2528	YPR057W	0.78553
2529	YBL006C	0.78546
2530	YLR146C	0.7854
2531	YDR533C	0.78538
2532	YLL063C	0.78537
2533	YMR245W	0.78537
2534	YFR052C-A	0.78536
2535	YMR131C	0.78535
2536	YOR108W	0.78535
2537	YPL192C	0.78532
2538	YGR260W	0.78532
2539	YML094C-A	0.78532
2540	YIL059C	0.7853
2541	YML054C	0.78521
2542	YER168C	0.78519
2543	YJL178C	0.78518
2544	YKL085W	0.78515
2545	YMR295C	0.78511
2546	YOR073W-A	0.78507
2547	YKL126W	0.78507
2548	YGL262W	0.78498
2549	YIL118W	0.78487
2550	YDR286C	0.78487
2551	YKR060W	0.78481
2552	YDR442W	0.78478
2553	YPL056C	0.78475
2554	YNR041C	0.78473
2555	YOR142W	0.78467
2556	YMR304W	0.78465
2557	YPR054W	0.78465
2558	YLR111W	0.78463
2559	YNL181W	0.78463
2560	YDR510C-A	0.7846
2561	YPL236C	0.7846
2562	YJL156W-A	0.78458
2563	YOR052C	0.78455
2564	YJL192C	0.78455
2565	YNR062C	0.78453
2566	YMR006C	0.78449
2567	YMR269W	0.78442
2568	YCL049C	0.78438
2569	YLR393W	0.78438
2570	YER172C	0.78437
2571	YMR086C-A	0.78436
2572	YPR125W	0.78432
2573	YPR140W	0.78428
2574	YDR170C	0.78428
2575	YHR123W	0.78427
2576	YKL087C	0.78424
2577	YNL062C	0.78422
2578	YDL078C	0.7842
2579	YNL097C-B	0.78419
2580	YAL068C	0.78418
2581	YGL261C	0.78418
2582	YBL108C-A	0.78418
2583	YJL085W	0.78407
2584	YGR266W	0.78407
2585	YOR244W	0.78404
2586	YLR185W	0.78393
2587	YOL137W	0.78391
2588	YLR382C	0.78386
2589	YDR452W	0.78386
2590	YOR222W	0.78384
2591	YOR175C	0.78378
2592	YNL066W	0.78375
2593	YNR032C-A	0.78368
2594	YCR086W	0.78362
2595	YPR077C	0.78361
2596	YER134C	0.7836
2597	YLR118C	0.78357
2598	YER030W	0.78355
2599	YLL043W	0.7834
2600	YDL228C	0.7834
2601	YER094C	0.78338
2602	YMR149W	0.78337
2603	YIL134C-A	0.78334
2604	YPR137W	0.78332
2605	YBR085C-A	0.7833
2606	YJL045W	0.78325
2607	YPR011C	0.78325
2608	YKL075C	0.78318
2609	YKR067W	0.78316
2610	YDR270W	0.78313
2611	YHL006W-A	0.7831
2612	YMR138W	0.7831
2613	YIL007C	0.78307
2614	YLR046C	0.78302
2615	YBR294W	0.78297
2616	YIL091C	0.78295
2617	YOR387C	0.78294
2618	YAL055W	0.78294
2619	YOR201C	0.78291
2620	YDR368W	0.78283
2621	YKL189W	0.78282
2622	YHL010C	0.78276
2623	YEL073C	0.78272
2624	YNL308C	0.78272
2625	YMR272W-A	0.78264
2626	YLR220W	0.78249
2627	YPL271W	0.78247
2628	YJR032W	0.78247
2629	YKL119C	0.78236
2630	YMR145C	0.78234
2631	YFL010W-A	0.78232
2632	YDR459C	0.78229
2633	YDL120W	0.78223
2634	YOL068C	0.78222
2635	YGR118W	0.78219
2636	YPR132W	0.78219
2637	YER076C	0.78219
2638	YJL222W	0.78217
2639	YDL080C	0.78216
2640	YDR292C	0.78216
2641	YNL229C	0.78215
2642	YHR038W	0.78211
2643	YGR242W	0.78208
2644	YPL113C	0.78203
2645	YLR318W	0.78202
2646	YAR031W	0.78198
2647	YJR077C	0.78198
2648	YDL233W	0.78192
2649	YBR162C	0.78189
2650	YJR096W	0.78185
2651	YBR139W	0.78185
2652	YLR172C	0.78184
2653	YFL052W	0.78183
2654	YBR053C	0.78182
2655	YHL046C	0.7818
2656	YMR241W	0.78178
2657	YBR109W-A	0.78175
2658	YML081C-A	0.78174
2659	YBR032W	0.78168
2660	YPL003W	0.78167
2661	YKL102C	0.78165
2662	YNR001W-A	0.78164
2663	YER165C-A	0.78159
2664	YIL041W	0.78153
2665	YBR001C	0.7815
2666	YGL003C	0.78146
2667	YGL237C	0.78141
2668	YIL173W	0.7814
2669	YOL161C	0.78131
2670	YJL127C-B	0.78129
2671	YOL144W	0.78128
2672	YBR287W	0.78125
2673	YDR171W	0.78125
2674	YEL047C	0.78123
2675	YMR294W-A	0.7812
2676	YHR074W	0.78119
2677	YJL223C	0.78117
2678	YIL176C	0.78117
2679	YPL277C	0.78115
2680	YDR331W	0.78114
2681	YPR116W	0.78112
2682	YMR139W	0.78111
2683	YCL007C	0.78106
2684	YCR096C	0.78101
2685	YGL224C	0.78096
2686	YJR088C	0.78095
2687	YOR109W	0.78091
2688	YPR098C	0.78085
2689	YJL043W	0.78076
2690	YLR307W	0.7807
2691	YDL171C	0.78069
2692	YBR062C	0.78068
2693	YDL209C	0.78068
2694	YLR357W	0.78063
2695	YFR044C	0.78058
2696	YIL123W	0.78049
2697	YLR306W	0.78049
2698	YDL248W	0.78046
2699	YEL059W	0.78045
2700	YPR176C	0.78044
2701	YLR140W	0.78043
2702	YOR065W	0.78041
2703	YGL123C-A	0.7804
2704	YGL154C	0.78034
2705	YCR017C	0.78033
2706	YOL002C	0.78032
2707	YBR151W	0.78028
2708	YMR105W-A	0.78024
2709	YDR253C	0.78024
2710	YMR315W-A	0.78022
2711	YAL045C	0.78022
2712	YFL050C	0.78015
2713	YBR253W	0.78011
2714	YGR202C	0.78009
2715	YEL008C-A	0.78007
2716	YIL099W	0.78006
2717	YCL018W	0.78001
2718	YAR028W	0.77998
2719	YLL019W-A	0.77998
2720	YJL203W	0.77997
2721	YDR127W	0.77996
2722	YCL008C	0.77995
2723	YOR262W	0.77995
2724	YIL171W-A	0.77993
2725	YJL220W	0.77993
2726	YJR161C	0.77992
2727	YDR344C	0.77992
2728	YKL122C	0.7798
2729	YEL015W	0.77975
2730	YDR154C	0.7797
2731	YML122C	0.7797
2732	YPL179W	0.77967
2733	YJL125C	0.77967
2734	YGR215W	0.77964
2735	YBR291C	0.77964
2736	YEL029C	0.77964
2737	YDR438W	0.7796
2738	YHR134W	0.7796
2739	YDR211W	0.77959
2740	YPL262W	0.77956
2741	YNL017C	0.77953
2742	YLR369W	0.77953
2743	YIL171W	0.77952
2744	YAL067C	0.77952
2745	YBR145W	0.77951
2746	YJL154C	0.77949
2747	YDL141W	0.77948
2748	YPR174C	0.77943
2749	YBR103C-A	0.77941
2750	YMR318C	0.77939
2751	YLR120W-A	0.77938
2752	YBR017C	0.77934
2753	YLR086W	0.77932
2754	YCL017C	0.7793
2755	YOL150C	0.7793
2756	YDL082W	0.7793
2757	YLR414C	0.77928
2758	YDL236W	0.77927
2759	YJR071W	0.77926
2760	YGL258W	0.77926
2761	YHR202W	0.77924
2762	YNL071W	0.77924
2763	YOL157C	0.77923
2764	YKL100W-A	0.77917
2765	YIL058W	0.77915
2766	YOL145C	0.77914
2767	R0040C	0.7791
2768	YBL106C	0.77904
2769	YDR441C	0.77902
2770	YNR013C	0.779
2771	YOR382W	0.77895
2772	YOR203W	0.77894
2773	YGR294W	0.77885
2774	YGR227C-A	0.77884
2775	YLR344W	0.77881
2776	YNL247W	0.77877
2777	YNL146C-A	0.77871
2778	YJR013W	0.7787
2779	YER016W	0.77869
2780	YOR391C	0.77864
2781	YHR060W	0.77862
2782	YMR240C	0.77858
2783	YPL025C	0.77855
2784	YJL221C	0.77854
2785	YIL172C	0.77854
2786	YJR040W	0.77851
2787	YCR045C	0.77847
2788	YGL055W	0.77842
2789	YER188W	0.77841
2790	YOR357C	0.77841
2791	YEL045C	0.77839
2792	YCR107W	0.77837
2793	YML131W	0.77835
2794	YDL187C	0.77835
2795	YBR208C	0.77824
2796	YOR118W	0.77821
2797	YOR229W	0.7782
2798	YGL129C	0.77817
2799	YFR048W	0.77816
2800	YLR335W	0.77812
2801	YPL210C	0.7781
2802	YDL174C	0.77802
2803	YGL140C	0.77799
2804	YPL265W	0.77795
2805	YMR169C	0.77794
2806	YAL018C	0.77793
2807	YAL011W	0.77792
2808	YHR003C	0.77792
2809	YGR287C	0.77789
2810	YLR455W	0.77784
2811	YKL076C	0.77782
2812	YDR019C	0.77779
2813	YLR051C	0.77779
2814	YLR106C	0.77772
2815	YGR010W	0.7777
2816	YOR063W	0.77764
2817	YAL037C-B	0.77762
2818	YPL274W	0.77762
2819	YKL198C	0.77761
2820	YBR141W-A	0.77761
2821	YDR298C	0.7776
2822	YKL049C	0.77759
2823	YPR127W	0.77755
2824	YDR095C	0.77754
2825	YBR185C	0.77751
2826	YOL123W	0.7775
2827	YNR040W	0.77748
2828	YDR061W	0.77744
2829	YOL111C	0.77743
2830	YLR446W	0.77743
2831	YML129C	0.7774
2832	YLR323C	0.7774
2833	YIL157C	0.77737
2834	YGL260W	0.77735
2835	YLR080W	0.77734
2836	YIL156W-A	0.77733
2837	YGL258W-A	0.77733
2838	YNR075W	0.77731
2839	YGL250W	0.77729
2840	YDR370C	0.77726
2841	YBR278W	0.77725
2842	YKL137W	0.77723
2843	YGL143C	0.7772
2844	YHR032W-A	0.77719
2845	YDR210W	0.77718
2846	YGR073C	0.77717
2847	YBR301W	0.77716
2848	YHR098C	0.77712
2849	YLL002W	0.77709
2850	YGR190C	0.77708
2851	YGL007W	0.77708
2852	YDR372C	0.77706
2853	YHR188C	0.77701
2854	YPL103C	0.77699
2855	YNL296W	0.77697
2856	YDR107C	0.7769
2857	YER131W	0.77684
2858	YCR007C	0.77683
2859	YLR105C	0.77677
2860	YPL064C	0.77675
2861	YMR182W-A	0.77675
2862	YDL042C	0.77674
2863	YDR477W	0.77674
2864	YMR296C	0.77673
2865	YNL276C	0.77673
2866	YPR130C	0.77673
2867	YCR030C	0.77666
2868	YLR438W	0.7766
2869	YCR002C	0.77659
2870	YEL008W	0.77656
2871	YOL011W	0.7765
2872	YML064C	0.7765
2873	YER039C-A	0.77649
2874	YLR210W	0.77648
2875	YOL052C	0.77638
2876	YAR029W	0.77631
2877	YGR265W	0.77629
2878	YCR084C	0.77626
2879	YNL131W	0.77623
2880	YNR038W	0.77616
2881	YDR010C	0.77616
2882	YGR241C	0.77614
2883	YBR070C	0.77612
2884	YDR330W	0.77611
2885	YBR288C	0.7761
2886	YGL110C	0.7761
2887	YAR050W	0.77608
2888	YPL083C	0.77603
2889	YOL077W-A	0.77601
2890	YHL048W	0.77598
2891	YIL030C	0.77594
2892	YLL012W	0.77593
2893	YCR038C	0.77592
2894	YCR100C	0.77587
2895	YER042W	0.77587
2896	YNL227C	0.77586
2897	YFR032C-A	0.77584
2898	YFL020C	0.77583
2899	YOR296W	0.77579
2900	YLR389C	0.77573
2901	YPR096C	0.77571
2902	YKR056W	0.77567
2903	YOL113W	0.77561
2904	YEL049W	0.77558
2905	YPL082C	0.77554
2906	YAL001C	0.77553
2907	YGR206W	0.77552
2908	YDL207W	0.7754
2909	YOR376W	0.7754
2910	YPL060W	0.77534
2911	YDR161W	0.77525
2912	YJL053W	0.77525
2913	YML089C	0.77522
2914	YJL137C	0.77521
2915	YER187W	0.77516
2916	YJR035W	0.77516
2917	YHR215W	0.77515
2918	YMR113W	0.77511
2919	YJL042W	0.7751
2920	YBR068C	0.77509
2921	YKL123W	0.77507
2922	YPL214C	0.77506
2923	YCL016C	0.77504
2924	Q0065	0.77501
2925	YGL241W	0.77498
2926	YNL317W	0.77491
2927	YOL086C	0.7749
2928	YGL218W	0.7749
2929	YGL189C	0.77486
2930	YDL068W	0.77486
2931	YLR178C	0.77483
2932	YKL051W	0.77479
2933	YGR102C	0.77478
2934	YDR052C	0.77475
2935	YDR168W	0.77473
2936	YBR126W-A	0.77472
2937	YNL306W	0.7747
2938	YDL093W	0.77468
2939	YNL277W-A	0.77466
2940	YFR021W	0.77466
2941	YJL036W	0.77465
2942	YGR292W	0.77463
2943	YNL065W	0.7746
2944	YDL210W	0.7746
2945	YLR399W-A	0.77459
2946	YDR250C	0.77443
2947	YLR386W	0.77436
2948	YLR027C	0.77435
2949	YCL050C	0.77433
2950	YGR034W	0.77433
2951	YML086C	0.7743
2952	YCR052W	0.7743
2953	YIL079C	0.77428
2954	YAR071W	0.77427
2955	YLR184W	0.77426
2956	YER079C-A	0.77425
2957	YJR107W	0.77422
2958	YMR243C	0.77418
2959	YBL056W	0.77412
2960	YOL061W	0.77408
2961	YCR102C	0.77408
2962	YCR073C	0.77408
2963	YAL046C	0.77404
2964	YOR389W	0.77398
2965	YDR111C	0.77398
2966	YHL004W	0.77395
2967	YMR215W	0.7739
2968	YER140W	0.77386
2969	YER019C-A	0.77383
2970	YNL280C	0.77382
2971	YCR081C-A	0.7738
2972	YPR018W	0.77377
2973	YGL199C	0.77377
2974	YER170W	0.77369
2975	YML030W	0.77366
2976	YIR019C	0.77362
2977	YPL171C	0.77352
2978	YNL269W	0.77345
2979	YLR304C	0.77342
2980	YML066C	0.77342
2981	YDL109C	0.77341
2982	YOR072W	0.77339
2983	YBR093C	0.77338
2984	YER157W	0.77337
2985	YHL036W	0.77334
2986	YMR076C	0.77333
2987	YNR035C	0.77332
2988	YML011C	0.77332
2989	YPL280W	0.77329
2990	YOR135C	0.77327
2991	YJR117W	0.77326
2992	YOL026C	0.77324
2993	YLR212C	0.77318
2994	YJR131W	0.77315
2995	YOR022C	0.77306
2996	YKL197C	0.77305
2997	YLR154W-A	0.77305
2998	YMR322C	0.77304
2999	YBR273C	0.77303
3000	YER136W	0.77297
3001	YOR330C	0.77294
3002	YMR082C	0.77293
3003	YLR385C	0.77292
3004	YEL067C	0.77292
3005	YER182W	0.77287
3006	YIL164C	0.77283
3007	YER053C	0.77276
3008	YBR244W	0.77273
3009	YBR299W	0.77268
3010	YMR142C	0.7726
3011	YLR264C-A	0.77259
3012	YOR316C-A	0.77258
3013	YFL046W	0.77255
3014	YER127W	0.77251
3015	YHR179W	0.7725
3016	YEL030C-A	0.77249
3017	YHR199C	0.77249
3018	YHL034W-A	0.77247
3019	YKL211C	0.77246
3020	YCR088W	0.77243
3021	YKR076W	0.7724
3022	YHR205W	0.7724
3023	YBR110W	0.77233
3024	YHR131W-A	0.77222
3025	YEL042W	0.77222
3026	YHL048C-A	0.77215
3027	YPL250W-A	0.77215
3028	YFR034C	0.7721
3029	YGL216W	0.77203
3030	YBR209W	0.77197
3031	YPR032W	0.77195
3032	YBR134W	0.7719
3033	YBR005W	0.7719
3034	YBR175W	0.77189
3035	YLR343W	0.77187
3036	YDR320C-A	0.77185
3037	YPR172W	0.77176
3038	YHR081W	0.77174
3039	YFR006W	0.77173
3040	YBR003W	0.77168
3041	YHR151C	0.77167
3042	YLR416C	0.77165
3043	YOR274W	0.77157
3044	YLR253W	0.77149
3045	YIL046W	0.77145
3046	YOL027C	0.7714
3047	YDR187C	0.77139
3048	YPL243W	0.77139
3049	YNL177C	0.77137
3050	YHR007C-A	0.77132
3051	YJL093C	0.7713
3052	YOL013W-A	0.77128
3053	YNL037C	0.77116
3054	Q0142	0.7711
3055	YFL054C	0.77109
3056	YNL310C	0.77108
3057	YLR085C	0.77106
3058	YGR087C	0.77102
3059	YLR452C	0.77098
3060	YNL184C	0.77095
3061	YBR282W	0.77095
3062	YML127W	0.77093
3063	YML116W	0.77091
3064	YIR043C	0.77089
3065	YMR063W	0.77084
3066	YIL088C	0.77084
3067	YIL004C	0.77077
3068	YBR046C	0.77076
3069	YHR073W-A	0.77074
3070	YBR298C-A	0.77071
3071	YML048W	0.77071
3072	YNL106C	0.77068
3073	YBR200W-A	0.77065
3074	YIL174W	0.77062
3075	YJL222W-A	0.77062
3076	YLR443W	0.7706
3077	YDL004W	0.77053
3078	YDR506C	0.77048
3079	YMR162C	0.77048
3080	YPR160W-A	0.77048
3081	YOL102C	0.77045
3082	YNL043C	0.77044
3083	YIL033C	0.77043
3084	YAR035C-A	0.77042
3085	YER137C	0.77033
3086	YGL108C	0.77029
3087	YGR189C	0.77024
3088	YDR314C	0.77018
3089	YHL049C	0.77011
3090	YGL080W	0.7701
3091	YGL246C	0.77
3092	YJL088W	0.76997
3093	YHR176W	0.76996
3094	YJR022W	0.76994
3095	YIR020C	0.7699
3096	YLR122C	0.76982
3097	YNR021W	0.76977
3098	YIR020C-B	0.76975
3099	YDR395W	0.76972
3100	YDL090C	0.7697
3101	YNL138W-A	0.76967
3102	YLR460C	0.76963
3103	YLL061W	0.76962
3104	YIL102C	0.76958
3105	YDR133C	0.76956
3106	YGL018C	0.76952
3107	YFL013C	0.76951
3108	YLR319C	0.76951
3109	YDR034W-B	0.7695
3110	YHR016C	0.76947
3111	YBL012C	0.76945
3112	YGL064C	0.76945
3113	YIL083C	0.76933
3114	YIL013C	0.76933
3115	YMR233W	0.76926
3116	YIL150C	0.76925
3117	YDR432W	0.76924
3118	YDR524W-C	0.76919
3119	YDR097C	0.76913
3120	YOR248W	0.76911
3121	YJL041W	0.76909
3122	YNL329C	0.76908
3123	YNL261W	0.76907
3124	YDR512C	0.76903
3125	YHL031C	0.76901
3126	YDL221W	0.769
3127	YOR218C	0.769
3128	YBR149W	0.769
3129	YOL013C	0.76897
3130	YHR118C	0.76896
3131	YDL010W	0.76896
3132	YGR012W	0.76887
3133	YDR347W	0.76886
3134	YMR005W	0.76882
3135	YHR139C-A	0.76882
3136	YKL183C-A	0.76879
3137	YLR246W	0.76877
3138	YFR030W	0.76877
3139	YBR213W	0.76876
3140	YNL097W-A	0.76864
3141	YAL064C-A	0.76863
3142	YNL150W	0.76859
3143	YOR232W	0.76859
3144	YKL004W	0.76858
3145	YJR114W	0.76858
3146	YOR095C	0.7685
3147	YOR173W	0.76846
3148	YGL082W	0.76844
3149	YOR272W	0.76841
3150	YHR194W	0.7684
3151	YLR405W	0.76838
3152	YLR083C	0.76835
3153	YBR180W	0.76833
3154	YJR005W	0.76828
3155	YGL112C	0.76825
3156	YLR427W	0.76824
3157	YGL118C	0.76824
3158	YCL054W-A	0.76823
3159	YPR195C	0.76817
3160	YER115C	0.76812
3161	YKL151C	0.76811
3162	YNL089C	0.76811
3163	YIR021W	0.76809
3164	YHR164C	0.76808
3165	YBL083C	0.76804
3166	YPL183W-A	0.768
3167	YFR013W	0.76798
3168	YCR102W-A	0.76798
3169	YMR316W	0.76796
3170	YHL014C	0.76795
3171	YOR377W	0.76785
3172	YBR111W-A	0.76783
3173	YJL074C	0.76781
3174	YNL239W	0.76779
3175	YER051W	0.76778
3176	YIL100C-A	0.76776
3177	YPR058W	0.76773
3178	YOR010C	0.76771
3179	YOL163W	0.76765
3180	YLR451W	0.76763
3181	YFL064C	0.76756
3182	YGR174W-A	0.76755
3183	YMR247W-A	0.76753
3184	YPR003C	0.76753
3185	YEL002C	0.76747
3186	YGL102C	0.76747
3187	YHR049W	0.76745
3188	YHR113W	0.76737
3189	YGR116W	0.76734
3190	YJR067C	0.76733
3191	YKL202W	0.76731
3192	YPL194W	0.76729
3193	YLR020C	0.76729
3194	YGL063C-A	0.76727
3195	YGL103W	0.76726
3196	YAR060C	0.76725
3197	YHR212C	0.76725
3198	YPL088W	0.76718
3199	YHR162W	0.76711
3200	YIL128W	0.7671
3201	YNL273W	0.76701
3202	YAL063C	0.76701
3203	YJL077W-B	0.76696
3204	YKL179C	0.76695
3205	YBR193C	0.76695
3206	YHL002C-A	0.76684
3207	YNL097C	0.76683
3208	YOL023W	0.76683
3209	YDR325W	0.76683
3210	YHR114W	0.76679
3211	YJL188C	0.76676
3212	YGL231C	0.76675
3213	YPR036W	0.76672
3214	YJL081C	0.76671
3215	YIL021C-A	0.76669
3216	YBR056W	0.76665
3217	YJL062W	0.76663
3218	YFR020W	0.76663
3219	YPL009C	0.76663
3220	YEL053C	0.76656
3221	Q0105	0.76652
3222	YOR311C	0.76652
3223	YLR362W	0.7665
3224	YCR105W	0.76649
3225	YPL147W	0.76648
3226	YKR070W	0.76647
3227	YGR080W	0.76646
3228	YGR125W	0.76645
3229	YNL228W	0.76641
3230	YNL216W	0.76634
3231	YDR142C	0.76632
3232	YNL286W	0.76632
3233	YDR322C-A	0.76631
3234	YPL164C	0.7663
3235	YIR018C-A	0.76629
3236	YOR314W-A	0.76626
3237	YFR049W	0.76622
3238	YHR171W	0.7662
3239	YIL067C	0.76619
3240	YLR387C	0.76618
3241	YGR290W	0.76616
3242	YJL215C	0.76616
3243	YBR116C	0.76614
3244	YCL012C	0.76602
3245	YJL148W	0.76596
3246	YDR360W	0.76595
3247	YFR027W	0.76595
3248	YHR056W-A	0.76594
3249	YGL109W	0.76594
3250	YHR104W	0.76593
3251	YGR133W	0.7659
3252	YFR047C	0.76588
3253	YDL215C	0.76584
3254	YGR284C	0.76584
3255	YNL252C	0.76583
3256	YDR518W	0.76576
3257	YNL082W	0.76572
3258	YGR288W	0.76572
3259	YOL108C	0.76572
3260	YLR437C	0.76571
3261	YKR055W	0.76566
3262	YDR087C	0.76565
3263	YNL206C	0.76556
3264	YDR415C	0.76541
3265	YPR108W-A	0.76539
3266	YPL135C-A	0.76533
3267	YGR177C	0.7653
3268	YCR041W	0.7653
3269	YDL085W	0.76525
3270	YOL042W	0.76522
3271	YDR194C	0.76522
3272	YIL028W	0.76519
3273	YLR419W	0.76517
3274	YHR208W	0.76517
3275	YIL047C-A	0.76516
3276	YKR075W-A	0.76514
3277	YDR311W	0.7651
3278	YBL055C	0.76508
3279	YEL076C	0.76506
3280	YMR303C	0.76504
3281	YKL131W	0.76504
3282	YMR008C-A	0.76498
3283	YCR003W	0.76498
3284	YBR041W	0.76494
3285	YLR317W	0.76493
3286	YDL019C	0.76493
3287	YNL321W	0.76488
3288	YPL182C	0.76487
3289	YNL015W	0.76487
3290	YBR274W	0.76482
3291	YBR226C	0.7648
3292	YLR365W	0.76479
3293	YOL054W	0.76476
3294	YPL114W	0.76475
3295	YIR030W-A	0.7647
3296	YDL063C	0.76469
3297	YPL183C	0.76468
3298	YKL082C	0.76463
3299	YKR074W	0.7646
3300	YIL038C	0.76459
3301	YOR183W	0.76455
3302	YOL047C	0.76454
3303	YCR071C	0.76454
3304	YML019W	0.76453
3305	YER152C	0.76451
3306	YPR162C	0.76447
3307	YHL025W	0.76445
3308	YGL187C	0.76444
3309	YOR276W	0.76443
3310	YPL098C	0.76443
3311	YDL161W	0.76442
3312	YIL073C	0.7644
3313	YOR299W	0.76436
3314	YKR085C	0.76435
3315	YMR039C	0.76434
3316	YKL193C	0.76432
3317	YJL169W	0.76429
3318	YKR063C	0.76428
3319	YDR522C	0.76422
3320	YHR048W	0.76421
3321	YJL078C	0.76417
3322	YHR140W	0.76412
3323	YHR199C-A	0.76409
3324	YDL101C	0.76404
3325	YAL015C	0.764
3326	YPL215W	0.76397
3327	YCR023C	0.76397
3328	YHR039C	0.76394
3329	YPL044C	0.76394
3330	YIL011W	0.76391
3331	YDR496C	0.76378
3332	YBL095W	0.76375
3333	YPR135W	0.76373
3334	YEL071W	0.76371
3335	YJR151C	0.76364
3336	YAL048C	0.76363
3337	YKL091C	0.76361
3338	YBR069C	0.76359
3339	YOR200W	0.76358
3340	YLR025W	0.76355
3341	YNL263C	0.76353
3342	YGR001C	0.76351
3343	YDR110W	0.76349
3344	YOR120W	0.76347
3345	YER049W	0.76344
3346	YKL194C	0.76338
3347	YDL026W	0.7633
3348	YER066W	0.76327
3349	YFL062W	0.76326
3350	YNL187W	0.76326
3351	YOL048C	0.76323
3352	YMR170C	0.76322
3353	YDR122W	0.76319
3354	YLR430W	0.76319
3355	YPL038W	0.76316
3356	YKL036C	0.76316
3357	YKL142W	0.76316
3358	YML031W	0.76316
3359	YLR015W	0.76314
3360	YOL051W	0.76312
3361	YOR176W	0.76305
3362	YPL045W	0.76303
3363	YAL067W-A	0.76302
3364	YGR072W	0.76299
3365	YER139C	0.76298
3366	YJR120W	0.76296
3367	YPR126C	0.76296
3368	YIR017W-A	0.76293
3369	YNR017W	0.76286
3370	YNL279W	0.76286
3371	YIL061C	0.7627
3372	YHR046C	0.76266
3373	YPL022W	0.76264
3374	YLL015W	0.76263
3375	YDR352W	0.76261
3376	YNL092W	0.76254
3377	YNL221C	0.76254
3378	YLR285W	0.76253
3379	YJL097W	0.76253
3380	YPL008W	0.76251
3381	YGL065C	0.76246
3382	YKL063C	0.76245
3383	YER014W	0.76241
3384	YPL205C	0.76237
3385	YJL025W	0.76237
3386	YKR035C	0.76231
3387	YML058W-A	0.76227
3388	YIR040C	0.76222
3389	YDR152W	0.76218
3390	YHR211W	0.76213
3391	YHR165W-A	0.7621
3392	YDR288W	0.76206
3393	YKL073W	0.76193
3394	YIL039W	0.7619
3395	YDL196W	0.76189
3396	YIL140W	0.76188
3397	YFR037C	0.76185
3398	YDR233C	0.76184
3399	YLR231C	0.7618
3400	YHR115C	0.76179
3401	YAL064W	0.76175
3402	YML070W	0.76171
3403	YIL089W	0.7617
3404	YBR060C	0.76169
3405	YGL052W	0.76168
3406	YGR006W	0.7616
3407	YMR038C	0.7616
3408	YOR340C	0.76157
3409	YPL184C	0.76155
3410	YDR346C	0.76155
3411	YOL096C	0.76152
3412	YKL019W	0.76146
3413	YBR258C	0.76145
3414	YNL299W	0.76142
3415	YFL010C	0.76142
3416	YIR029W	0.7614
3417	YMR102C	0.76139
3418	YBR277C	0.76138
3419	YOR141C	0.76135
3420	YDR230W	0.76129
3421	YIL072W	0.76127
3422	YPL270W	0.76124
3423	YDL175C	0.76122
3424	YKL007W	0.76118
3425	YGL164C	0.76116
3426	YDL037C	0.76113
3427	YPR063C	0.76112
3428	YNL336W	0.7611
3429	YDR526C	0.76108
3430	YDR302W	0.76102
3431	YHL039W	0.76096
3432	YDR444W	0.76094
3433	YBR166C	0.76092
3434	YLR464W	0.76089
3435	YEL076C-A	0.76089
3436	YDR412W	0.76088
3437	YPL101W	0.76084
3438	YNL004W	0.7608
3439	YDR365C	0.76076
3440	YHL022C	0.76076
3441	YDR538W	0.76071
3442	YGL238W	0.76069
3443	YNL160W	0.76069
3444	YBL033C	0.76067
3445	YPL107W	0.76065
3446	YNR033W	0.76062
3447	YMR194C-A	0.76061
3448	YPL152W	0.76059
3449	YNR012W	0.76057
3450	YOL115W	0.76054
3451	YNL009W	0.76046
3452	YOR105W	0.76042
3453	YEL048C	0.76039
3454	YDL017W	0.76031
3455	YCR064C	0.76028
3456	YMR031W-A	0.76026
3457	YML090W	0.76026
3458	YGR165W	0.76023
3459	YPR017C	0.7602
3460	YBR279W	0.76018
3461	YLR204W	0.76016
3462	YIL166C	0.76016
3463	YNL049C	0.76014
3464	YDL151C	0.76004
3465	YIL151C	0.75999
3466	YHL007C	0.75993
3467	YOR072W-B	0.75993
3468	YER090C-A	0.75989
3469	YMR200W	0.75989
3470	YER107W-A	0.75985
3471	YFL003C	0.75975
3472	YDL195W	0.75975
3473	YLR361C	0.75974
3474	YDL003W	0.75972
3475	YKR049C	0.75971
3476	YML118W	0.7597
3477	YJR005C-A	0.75968
3478	YNL193W	0.75967
3479	YDR035W	0.75964
3480	YER058W	0.75961
3481	YAL033W	0.7596
3482	YML132W	0.75959
3483	YBR302C	0.75959
3484	YBR086C	0.75956
3485	YOR364W	0.75951
3486	YHR146W	0.75949
3487	YOR286W	0.75948
3488	YDR015C	0.75948
3489	YOR189W	0.75947
3490	YDL066W	0.75946
3491	YKL165C-A	0.75945
3492	YBR199W	0.7594
3493	YHR053C	0.75939
3494	YHR055C	0.75939
3495	YOR275C	0.75931
3496	YKL111C	0.75927
3497	YBR153W	0.75924
3498	Q0120	0.75918
3499	YLR154W-F	0.75913
3500	YLL001W	0.75911
3501	YKL223W	0.7591
3502	YDL238C	0.75909
3503	YJL022W	0.75904
3504	YJR052W	0.75904
3505	YOR059C	0.75904
3506	YIL002C	0.75897
3507	YER053C-A	0.75891
3508	YOR057W	0.7589
3509	YLR364C-A	0.75889
3510	YLR123C	0.75884
3511	YCL026C-A	0.75879
3512	YLR029C	0.75875
3513	YJR118C	0.75872
3514	YLR149C-A	0.75867
3515	YDR073W	0.75864
3516	YDR363W-A	0.75861
3517	YKL026C	0.75857
3518	YMR028W	0.75857
3519	YGL152C	0.75849
3520	YLR116W	0.75841
3521	YLR091W	0.75828
3522	YKL173W	0.75826
3523	YGL191W	0.75817
3524	YGL144C	0.75816
3525	YML049C	0.75816
3526	YEL075W-A	0.75816
3527	YGR167W	0.75815
3528	YLR444C	0.75815
3529	YNR023W	0.75813
3530	YIL012W	0.75811
3531	YPL140C	0.75809
3532	YNL251C	0.75806
3533	YPR010C-A	0.75801
3534	YDR266C	0.75799
3535	YEL036C	0.75799
3536	YOL010W	0.75798
3537	YPR043W	0.75797
3538	YJR094W-A	0.75797
3539	YER080W	0.75793
3540	YCR092C	0.75789
3541	YDL154W	0.75788
3542	YBR201W	0.75784
3543	YLR064W	0.75782
3544	YOR258W	0.75779
3545	YGR183C	0.75774
3546	YHL019W-A	0.7577
3547	YOR366W	0.75766
3548	YBL019W	0.75765
3549	YJL059W	0.75758
3550	YOR241W	0.75753
3551	YPL019C	0.75751
3552	YKL044W	0.75745
3553	YBL037W	0.75725
3554	YJR002W	0.75723
3555	YCR079W	0.75722
3556	YML038C	0.75716
3557	YGL204C	0.75715
3558	YDR301W	0.75713
3559	YBR296C-A	0.75711
3560	YNR003W-A	0.75704
3561	YNL192W	0.75701
3562	YIR038C	0.75696
3563	YDR079W	0.75693
3564	YKL120W	0.75689
3565	YOR083W	0.75689
3566	YOR267C	0.75688
3567	YHR086W-A	0.75686
3568	YNR068C	0.75684
3569	YML095C	0.75677
3570	YNL180C	0.75673
3571	YLR016C	0.75671
3572	YML116W-A	0.75665
3573	YMR121C	0.75659
3574	YOR212W	0.75658
3575	YLR302C	0.75657
3576	YLR463C	0.75655
3577	YER148W-A	0.75654
3578	YFL051C	0.75653
3579	YOR082C	0.75649
3580	YML031C-A	0.75648
3581	YHR139C	0.75639
3582	YNL182C	0.75637
3583	YGR193C	0.75637
3584	YOL020W	0.75635
3585	YAL034C-B	0.75634
3586	YHR077C	0.75634
3587	YGR199W	0.75634
3588	YBR067C	0.75633
3589	YKL206C	0.75633
3590	YBR024W	0.75633
3591	YMR184W	0.75632
3592	YBR111C	0.75629
3593	YDR306C	0.75627
3594	YMR119W-A	0.75624
3595	YLR380W	0.75624
3596	YHR126C	0.7562
3597	YAL014C	0.75619
3598	YNL169C	0.75619
3599	YPR124W	0.75616
3600	YOR060C	0.75616
3601	YEL075C	0.75613
3602	YBL089W	0.75611
3603	YIL147C	0.75604
3604	YJL047C	0.75602
3605	YDR114C	0.75601
3606	YDR252W	0.756
3607	YDR149C	0.75597
3608	YJR008W	0.7559
3609	YHR028W-A	0.75582
3610	YJR057W	0.75577
3611	YJR018W	0.75574
3612	YDR026C	0.75557
3613	YKR102W	0.75556
3614	YCR014C	0.7555
3615	YOR051C	0.75549
3616	YOR123C	0.75542
3617	YGL185C	0.75542
3618	YBR200W	0.75541
3619	YBR056C-B	0.7554
3620	YLR115W	0.75539
3621	YOL022C	0.75537
3622	YLR437C-A	0.75534
3623	YLL038C	0.7553
3624	YPL249C	0.7553
3625	YLR161W	0.75529
3626	YLR156W	0.75529
3627	YLR159W	0.75529
3628	YMR261C	0.75524
3629	YPL112C	0.75521
3630	YKL177W	0.75521
3631	YPR060C	0.75521
3632	YEL012W	0.75517
3633	YDR287W	0.75515
3634	YER128W	0.75514
3635	YAR066W	0.75508
3636	YHR214W	0.75508
3637	YJR075W	0.75507
3638	YJR135W-A	0.75507
3639	YHR204W	0.75506
3640	YMR077C	0.755
3641	YAL012W	0.755
3642	YLR301W	0.75495
3643	YCR085W	0.75494
3644	YPL073C	0.75488
3645	YDR234W	0.75482
3646	YHL008C	0.75477
3647	YGR117C	0.75477
3648	YPL190C	0.75473
3649	YLR300W	0.7547
3650	YFL030W	0.75458
3651	YLL059C	0.75458
3652	YGL179C	0.75455
3653	YPL030W	0.75454
3654	YBR096W	0.75452
3655	YGR136W	0.7545
3656	YOR184W	0.75449
3657	YPL023C	0.75447
3658	YIL029W-A	0.75447
3659	YLR146W-A	0.75446
3660	YKL209C	0.75445
3661	YGR151C	0.75442
3662	YGL014C-A	0.75442
3663	YKL125W	0.75439
3664	YPL087W	0.75433
3665	YLL037W	0.75431
3666	R0010W	0.75428
3667	YOL140W	0.75418
3668	YOR054C	0.75409
3669	YPL133C	0.75408
3670	YPL097W	0.75408
3671	YML130C	0.75401
3672	YGL027C	0.75401
3673	YGR291C	0.754
3674	YOR306C	0.75399
3675	YMR104C	0.75397
3676	YER083C	0.75396
3677	YNL077W	0.75393
3678	YHR067W	0.75393
3679	YGR042W	0.75393
3680	YCR077C	0.75389
3681	YDR246W-A	0.75387
3682	YJL060W	0.75384
3683	YDR523C	0.75383
3684	YDR462W	0.75382
3685	YDL022C-A	0.75378
3686	YLR124W	0.75378
3687	YHR180W	0.75374
3688	YKR007W	0.75372
3689	YJL199C	0.75368
3690	YDR467C	0.75366
3691	YPR159W	0.75363
3692	YOL098C	0.75363
3693	YBR131C-A	0.75362
3694	YCL031C	0.75349
3695	YKR101W	0.75348
3696	YIL113W	0.75345
3697	YFR002W	0.7534
3698	YKL222C	0.75335
3699	YNL083W	0.75334
3700	YLL048C	0.75334
3701	YDL157C	0.75333
3702	YGL177W	0.75327
3703	YBR132C	0.75325
3704	YGL077C	0.75323
3705	YGR130C	0.75322
3706	YNL236W	0.75321
3707	YBR207W	0.75313
3708	YLR097C	0.75312
3709	YHR178W	0.75309
3710	YIL093C	0.75309
3711	YGR232W	0.75308
3712	YLR274W	0.75308
3713	YDR182W	0.75306
3714	YMR158W-B	0.75304
3715	YCR093W	0.75301
3716	YIR011C	0.75298
3717	YLR154C	0.75298
3718	YLR286W-A	0.75288
3719	YHR072W	0.75287
3720	YBR061C	0.75286
3721	YBR135W	0.75284
3722	YDR473C	0.75284
3723	YIR027C	0.75281
3724	YIL131C	0.75279
3725	YDR419W	0.75278
3726	YGL239C	0.75276
3727	YLL027W	0.75276
3728	YDL153C	0.75272
3729	YER189W	0.75265
3730	YNL040W	0.75263
3731	YLR071C	0.7526
3732	YJL183W	0.7526
3733	YJL194W	0.75251
3734	YGR270C-A	0.7525
3735	YOL116W	0.7525
3736	YJL135W	0.75249
3737	YNL116W	0.75247
3738	YGR031C-A	0.75244
3739	YOR014W	0.75238
3740	YJL062W-A	0.75238
3741	YNL141W	0.75237
3742	YOR132W	0.75237
3743	YMR097C	0.75233
3744	YAR020C	0.7523
3745	YFR016C	0.75225
3746	YOR001W	0.75218
3747	YGL028C	0.75218
3748	YMR234W	0.75215
3749	YJR147W	0.75214
3750	YDR327W	0.75213
3751	YBR297W	0.75208
3752	YDL205C	0.75205
3753	YNR067C	0.75199
3754	YNL045W	0.75193
3755	YPR119W	0.75193
3756	YJL005W	0.75193
3757	YLR375W	0.75188
3758	YER010C	0.75187
3759	YJL197W	0.75186
3760	YER085C	0.75179
3761	YML005W	0.75175
3762	YPL152W-A	0.75175
3763	YFR025C	0.75172
3764	YHR209W	0.7517
3765	YPL195W	0.75165
3766	YLR266C	0.75163
3767	YPR074W-A	0.75161
3768	YBL047C	0.75158
3769	YMR157C	0.75156
3770	YLR248W	0.75156
3771	YJR148W	0.75153
3772	YPL227C	0.75153
3773	YDR284C	0.75153
3774	YCR082W	0.7515
3775	YER172C-A	0.75143
3776	YER046W-A	0.75142
3777	YPL100W	0.75142
3778	YMR228W	0.7514
3779	YDR174W	0.75136
3780	YER011W	0.75133
3781	YKL040C	0.75129
3782	YOR138C	0.75125
3783	YGL228W	0.75124
3784	YMR272W-B	0.75123
3785	YHR083W	0.75122
3786	YGL156W	0.75121
3787	YPR169W	0.75116
3788	YGR111W	0.75115
3789	YOR161C-C	0.75112
3790	YOL092W	0.75105
3791	YDL015C	0.75097
3792	YHR150W	0.75093
3793	YPL228W	0.75092
3794	YHR021W-A	0.7509
3795	YOR035C	0.75086
3796	YDR173C	0.75085
3797	YDR054C	0.75083
3798	YGL153W	0.75077
3799	YDR434W	0.75072
3800	YLR070C	0.75069
3801	YNL283C	0.75063
3802	YMR291W	0.75058
3803	YDR178W	0.75055
3804	YBR122C	0.75054
3805	YGR166W	0.75049
3806	YML032C	0.75047
3807	YDR257C	0.75046
3808	YPR039W	0.75045
3809	YDL194W	0.75044
3810	YCR053W	0.75044
3811	YAL013W	0.75043
3812	YPR118W	0.75039
3813	YMR159C	0.75036
3814	YDR472W	0.75026
3815	YKL188C	0.75019
3816	YKL055C	0.75018
3817	YMR254C	0.75011
3818	YPL117C	0.75011
3819	YBL064C	0.75004
3820	YKL219W	0.75
3821	YHR112C	0.74999
3822	YDR293C	0.74987
3823	YNL174W	0.74987
3824	YOR108C-A	0.74986
3825	YJR039W	0.74982
3826	YGL188C-A	0.74978
3827	YAR068W	0.74975
3828	YGR259C	0.74975
3829	YHR120W	0.74966
3830	YHR214W-A	0.74962
3831	YDR244W	0.74956
3832	YOR314W	0.74952
3833	YNL124W	0.7495
3834	YBR059C	0.74943
3835	YKL100C	0.74942
3836	YNR022C	0.74934
3837	YJR144W	0.74933
3838	YPR097W	0.74932
3839	YDR018C	0.74931
3840	YCR044C	0.74929
3841	YPR154W	0.74923
3842	YDR132C	0.7492
3843	YLR206W	0.74916
3844	YOL097W-A	0.74902
3845	YPL116W	0.749
3846	YGR174C	0.74898
3847	YLR109W	0.74897
3848	YMR012W	0.74896
3849	YDR109C	0.74896
3850	YGL243W	0.74891
3851	YBR099C	0.74886
3852	YGR229C	0.74884
3853	YGL155W	0.74884
3854	YNL271C	0.74884
3855	YML100W	0.74883
3856	YGL254W	0.7488
3857	YGR112W	0.74874
3858	YNL298W	0.74872
3859	YNL025C	0.74867
3860	YCR047W-A	0.74866
3861	YER161C	0.74863
3862	YPR040W	0.74858
3863	YGL098W	0.74853
3864	YHR093W	0.74852
3865	YPR091C	0.74852
3866	YGL217C	0.7485
3867	YBL098W	0.74849
3868	YGL259W	0.74848
3869	YGR008C	0.74846
3870	YOR316C	0.74844
3871	YBR056W-A	0.7484
3872	YBL069W	0.74833
3873	YJL131C	0.74833
3874	YEL018C-A	0.74829
3875	YLR014C	0.74816
3876	YBR144C	0.74812
3877	YCL076W	0.74812
3878	YOL043C	0.74811
3879	YOL028C	0.74805
3880	YLR368W	0.74802
3881	YJL129C	0.74797
3882	YKR023W	0.74797
3883	YML034C-A	0.74787
3884	YKL138C	0.74785
3885	YLR114C	0.74784
3886	YNL143C	0.74778
3887	YER145C-A	0.74776
3888	YNL294C	0.74776
3889	YGL045W	0.7477
3890	YDR101C	0.74768
3891	YGL226W	0.74766
3892	YLR270W	0.74762
3893	YBL065W	0.74761
3894	YOR174W	0.74753
3895	YMR125W	0.74753
3896	YBR094W	0.74748
3897	YKL150W	0.74744
3898	YJL122W	0.74738
3899	YLL017W	0.74729
3900	YPR152C	0.74725
3901	YHR166C	0.74722
3902	YHR172W	0.74718
3903	YDR189W	0.74714
3904	YNL316C	0.74712
3905	YBR266C	0.7471
3906	YJL069C	0.74707
3907	YDR521W	0.74705
3908	YBR065C	0.74702
3909	YLR103C	0.74702
3910	YPR105C	0.747
3911	YPR073C	0.747
3912	YIL107C	0.74699
3913	YDR268W	0.74697
3914	YGR099W	0.74697
3915	YOL155W-A	0.74696
3916	YOR374W	0.74695
3917	YGL161C	0.74693
3918	YDR435C	0.74693
3919	YDR165W	0.74692
3920	YDR527W	0.7469
3921	YGR038W	0.74689
3922	YOR251C	0.74686
3923	YKL145W-A	0.74677
3924	YML060W	0.74673
3925	YHL043W	0.74671
3926	YJL067W	0.74671
3927	YGL213C	0.74664
3928	YDL138W	0.74661
3929	YHR196W	0.74661
3930	YDR289C	0.74659
3931	YOR029W	0.74655
3932	YKL054C	0.74653
3933	YOR383C	0.74653
3934	YDR156W	0.74643
3935	YNL291C	0.74641
3936	YFR007W	0.74635
3937	YOR281C	0.74634
3938	YGR261C	0.74632
3939	YOR064C	0.74632
3940	YOR353C	0.74617
3941	YGL146C	0.74616
3942	YLL044W	0.74614
3943	YGL133W	0.74607
3944	YKR104W	0.74607
3945	YPL084W	0.74605
3946	YBR233W	0.74604
3947	YML121W	0.74604
3948	YKL203C	0.74603
3949	YGR157W	0.74603
3950	YEL032C-A	0.74601
3951	YML082W	0.74599
3952	YPR189W	0.74591
3953	YKL089W	0.74584
3954	YBR176W	0.74583
3955	YHR206W	0.74581
3956	YPL065W	0.74579
3957	YLR157W-D	0.74579
3958	YBR104W	0.74575
3959	YBL092W	0.74575
3960	YPR047W	0.74569
3961	YGR068C	0.74564
3962	YJR150C	0.74564
3963	YER084W	0.74564
3964	YAL042C-A	0.74563
3965	YDL219W	0.74562
3966	YPR114W	0.74561
3967	YGL114W	0.74554
3968	YKL018W	0.74554
3969	YBL097W	0.74547
3970	YMR001C-A	0.74544
3971	YML084W	0.74536
3972	YOL160W	0.7453
3973	YDR136C	0.74524
3974	YER014C-A	0.74522
3975	YMR152W	0.74515
3976	YAR070C	0.74515
3977	YDL104C	0.74514
3978	YKL066W	0.74514
3979	YGR154C	0.74513
3980	YDR427W	0.74509
3981	YJR023C	0.74509
3982	YHR051W	0.74507
3983	YOR075W	0.74506
3984	YHR028C	0.74503
3985	YGR139W	0.74501
3986	YPL197C	0.74499
3987	YDR401W	0.74491
3988	YMR013C-A	0.74489
3989	YLL004W	0.74484
3990	YOL083C-A	0.74483
3991	YDR492W	0.74483
3992	YPR201W	0.7448
3993	YHR100C	0.74473
3994	YLR233C	0.74466
3995	Q0055	0.74457
3996	YDR241W	0.74457
3997	YPR160C-A	0.74454
3998	YOR005C	0.74451
3999	YPR104C	0.74451
4000	YKL096W	0.74447
4001	YNR042W	0.74445
4002	YHR133C	0.74438
4003	YHR058C	0.74426
4004	YGR090W	0.74425
4005	YLR269C	0.74421
4006	YOR020W-A	0.74419
4007	YLR207W	0.74415
4008	YMR182C	0.74411
4009	YJR098C	0.74406
4010	YDR213W	0.74402
4011	YER101C	0.744
4012	YLR056W	0.74399
4013	YDL025W-A	0.74397
4014	YKL006C-A	0.74395
4015	YLR143W	0.74393
4016	YMR106C	0.74391
4017	YFR003C	0.74386
4018	YOL056W	0.74378
4019	YOR136W	0.74376
4020	YGL072C	0.74371
4021	YLR128W	0.74367
4022	YFR010W-A	0.74359
4023	YDL240W	0.7435
4024	YLR077W	0.74341
4025	YPL263C	0.7434
4026	YKL143W	0.74335
4027	YNL327W	0.74333
4028	YJL186W	0.74331
4029	YLR107W	0.74327
4030	YBR158W	0.74326
4031	YOR199W	0.74324
4032	YNL119W	0.74323
4033	YGL248W	0.74316
4034	YDL062W	0.74312
4035	YER158W-A	0.74311
4036	YJL123C	0.74307
4037	YOR008C-A	0.74306
4038	YHR214C-E	0.74305
4039	YPL053C	0.74302
4040	YGR129W	0.74302
4041	YMR148W	0.74287
4042	YOR363C	0.74287
4043	YDR220C	0.74286
4044	YOL126C	0.74285
4045	YHR037W	0.74285
4046	YPL144W	0.74283
4047	YPR016W-A	0.74282
4048	YGR160W	0.74278
4049	YML088W	0.74276
4050	YPL063W	0.74276
4051	YLR337C	0.74274
4052	YBL035C	0.74273
4053	YCL052C	0.74272
4054	YKR033C	0.74272
4055	YML013W	0.74271
4056	YLR157W-E	0.74268
4057	YOR154W	0.74265
4058	YCR024C-B	0.74254
4059	YDR248C	0.74251
4060	YOR026W	0.74249
4061	YCL032W	0.74248
4062	YNL258C	0.74247
4063	YAL043C	0.74244
4064	YMR083W	0.74234
4065	YLR462W	0.74225
4066	YBR089W	0.74225
4067	YBR125C	0.74223
4068	YOL088C	0.74219
4069	YGR019W	0.74216
4070	YCR042C	0.74215
4071	YML004C	0.74213
4072	YDR316W	0.74211
4073	YLR371W	0.74209
4074	YPR002W	0.74208
4075	YKR032W	0.74207
4076	YPR143W	0.74206
4077	YOR291W	0.74205
4078	YJR154W	0.74201
4079	YNL219C	0.74201
4080	YDL185C-A	0.74195
4081	YOL014W	0.74194
4082	YGR068W-A	0.74192
4083	YOR225W	0.74179
4084	YMR316C-A	0.74168
4085	YPL104W	0.74166
4086	YHR076W	0.74166
4087	YOL119C	0.74166
4088	YDR332W	0.74163
4089	YKR092C	0.74161
4090	YJR038C	0.7416
4091	YCL038C	0.74159
4092	YOL153C	0.74156
4093	YIL051C	0.74148
4094	YNR030W	0.74138
4095	YGL104C	0.74136
4096	YJL100W	0.74132
4097	YIL026C	0.74127
4098	YML097C	0.74126
4099	YIL087C	0.74121
4100	YNL250W	0.74119
4101	YHR198C	0.74119
4102	YNL325C	0.74117
4103	YOL128C	0.74117
4104	YCL002C	0.74116
4105	YNL020C	0.74111
4106	YDR150W	0.74109
4107	YER038W-A	0.74106
4108	YLR379W	0.74101
4109	YDL013W	0.74101
4110	YFL029C	0.741
4111	YOR106W	0.74092
4112	YDR481C	0.74091
4113	YCR040W	0.7409
4114	YCL066W	0.7409
4115	YPL145C	0.74078
4116	YLL006W	0.74072
4117	YMR150C	0.74071
4118	YMR208W	0.74068
4119	YIL115C	0.74067
4120	YLR162W-A	0.74066
4121	YNL080C	0.74064
4122	YPL007C	0.74062
4123	YBR255C-A	0.74061
4124	YER059W	0.74056
4125	YNL035C	0.74051
4126	YMR141C	0.7405
4127	YLR045C	0.74045
4128	YPR184W	0.74038
4129	YML115C	0.74035
4130	YGR178C	0.7403
4131	YOR038C	0.74026
4132	YOR390W	0.74016
4133	YMR189W	0.74007
4134	YKL192C	0.74004
4135	YPR139C	0.73992
4136	YNL158W	0.73989
4137	YMR312W	0.73989
4138	YOR335W-A	0.73989
4139	YNL242W	0.73983
4140	YHR075C	0.73973
4141	YAL019W-A	0.73971
4142	YML009W-B	0.73969
4143	YML120C	0.73965
4144	YNL324W	0.73963
4145	YBL061C	0.73963
4146	YJL118W	0.73962
4147	YGR035W-A	0.7396
4148	YOL053W	0.73958
4149	YDR428C	0.73955
4150	YGR251W	0.73952
4151	YNL144W-A	0.73936
4152	YDR162C	0.73936
4153	YKL221W	0.73936
4154	YIL017C	0.73932
4155	YBR076C-A	0.73931
4156	YOR041C	0.7393
4157	YOR003W	0.73929
4158	YIR032C	0.73929
4159	YMR321C	0.73928
4160	YER123W	0.73926
4161	YNL050C	0.73923
4162	YNL218W	0.73922
4163	YDR479C	0.73918
4164	YGL083W	0.73915
4165	YGR062C	0.7391
4166	YPL209C	0.73908
4167	YDR003W	0.73907
4168	YIL115W-A	0.73906
4169	YPR177C	0.73905
4170	YOR269W	0.739
4171	YDL002C	0.73897
4172	YGL150C	0.73897
4173	YNL217W	0.73896
4174	YKL047W	0.73895
4175	YBL101C	0.73888
4176	YJL037W	0.73885
4177	YNL293W	0.7388
4178	YLR316C	0.73878
4179	YOR031W	0.73877
4180	YBL049W	0.73876
4181	YLR322W	0.73875
4182	YDR004W	0.7387
4183	YER005W	0.73868
4184	YIL002W-A	0.73866
4185	YJL211C	0.73863
4186	YHL038C	0.73862
4187	YPR196W	0.73853
4188	YGR064W	0.7385
4189	YJR136C	0.73849
4190	YEL074W	0.73848
4191	YJL020C	0.73848
4192	YKR073C	0.73838
4193	YOR008C	0.73835
4194	YOL079W	0.73834
4195	YDR206W	0.73834
4196	YML061C	0.73831
4197	YHR049C-A	0.7382
4198	YCR022C	0.73817
4199	YGL149W	0.73812
4200	YMR107W	0.73811
4201	YLR308W	0.73807
4202	YOL085W-A	0.73806
4203	YDR440W	0.73801
4204	YCL048W-A	0.73797
4205	YHL032C	0.7379
4206	YBL008W	0.73786
4207	YLR450W	0.73783
4208	YCL056C	0.73782
4209	YHR124W	0.7378
4210	YCL026C-B	0.73777
4211	YDL111C	0.73776
4212	YDR391C	0.73775
4213	YEL009C	0.73771
4214	YDL232W	0.73768
4215	YNL103W-A	0.73767
4216	YKL043W	0.73766
4217	YNL101W	0.73765
4218	YNL238W	0.73765
4219	YPL247C	0.73763
4220	YJL165C	0.73762
4221	YGR110W	0.73755
4222	YML012C-A	0.7375
4223	YDL043C	0.73748
4224	YMR115W	0.73746
4225	YMR126C	0.73745
4226	YFL047W	0.73743
4227	YGL188C	0.73742
4228	YJR140C	0.73741
4229	YKR064W	0.73741
4230	YNL036W	0.73728
4231	YIR007W	0.73719
4232	YAR027W	0.73719
4233	YGL195W	0.73715
4234	YMR048W	0.73707
4235	YPL279C	0.73707
4236	YJL015C	0.73705
4237	YLL030C	0.73704
4238	YMR055C	0.73702
4239	YOR179C	0.73699
4240	YCL029C	0.73697
4241	YHR059W	0.73697
4242	YPL186C	0.73694
4243	YLR093C	0.73693
4244	YLR370C	0.73687
4245	YER092W	0.73684
4246	YGL125W	0.73683
4247	YDR106W	0.73682
4248	YDR464W	0.73676
4249	YJR115W	0.73675
4250	YOR033C	0.73672
4251	YLR010C	0.73672
4252	YLR144C	0.7367
4253	YKR071C	0.73668
4254	YOR025W	0.73663
4255	YML071C	0.7366
4256	YDL033C	0.73659
4257	YKL057C	0.73654
4258	YLL067W-A	0.73652
4259	YLL066W-A	0.73652
4260	YFL068W	0.73652
4261	YER023C-A	0.7365
4262	YOR125C	0.73642
4263	YNL085W	0.73641
4264	YHR197W	0.73633
4265	YIL085C	0.73621
4266	YJR079W	0.73609
4267	YPL110C	0.73603
4268	YPR072W	0.73603
4269	YKL132C	0.73592
4270	YIR001C	0.73588
4271	YBL070C	0.73585
4272	YBR205W	0.73578
4273	YEL028W	0.73571
4274	YJR019C	0.73571
4275	Q0250	0.7357
4276	YHL012W	0.73568
4277	YGR003W	0.73563
4278	YLR089C	0.73562
4279	YLR239C	0.73561
4280	YHR165C	0.73561
4281	YBL039C-A	0.73561
4282	YCL058C	0.7355
4283	YLL049W	0.73547
4284	YDR545C-A	0.73546
4285	YML042W	0.73542
4286	YPL196W	0.73528
4287	YGR235C	0.73523
4288	YDR390C	0.73522
4289	YML007C-A	0.73522
4290	YDR003W-A	0.7352
4291	YJL200C	0.73519
4292	YDR460W	0.73518
4293	YGR223C	0.73509
4294	YIL111W	0.73503
4295	YNL230C	0.735
4296	YDR380W	0.73497
4297	YNL024C-A	0.73497
4298	YDL039C	0.73495
4299	YOL131W	0.73494
4300	YML133W-B	0.73494
4301	YHR219C-A	0.73494
4302	YNL339W-B	0.73494
4303	YDL197C	0.73491
4304	YEL004W	0.73488
4305	YDR102C	0.73486
4306	YGL251C	0.73486
4307	YJR033C	0.73484
4308	YFL023W	0.73478
4309	YPR175W	0.73473
4310	YHR122W	0.73463
4311	YDL231C	0.7346
4312	YPL148C	0.73457
4313	YGL025C	0.73455
4314	YDR333C	0.73453
4315	YNR005C	0.7345
4316	YGR002C	0.73447
4317	YHL050W-A	0.73444
4318	YHR180W-A	0.73442
4319	YER091C-A	0.73442
4320	YJR107C-A	0.73441
4321	YLR047C	0.7344
4322	YGR101W	0.7344
4323	Q0085	0.73436
4324	YPR136C	0.7343
4325	YMR014W	0.73429
4326	YEL006W	0.73428
4327	YOR396C-A	0.73428
4328	YLR466C-A	0.73428
4329	YLR467C-A	0.73428
4330	YER151C	0.73423
4331	YNL051W	0.73422
4332	YMR062C	0.73421
4333	YMR041C	0.73419
4334	YOL033W	0.73418
4335	YGR226C	0.73417
4336	YBR178W	0.73414
4337	YHR086W	0.73409
4338	YNL067W-A	0.73407
4339	YPR045C	0.73407
4340	YNL151C	0.73407
4341	YMR013W-A	0.73403
4342	YCR095W-A	0.73393
4343	YCL048W	0.7339
4344	YLR346C	0.73388
4345	YOR282W	0.73379
4346	YDL159W	0.73376
4347	YPL096W	0.73373
4348	YGR293C	0.73373
4349	YCR035C	0.7337
4350	YJR006W	0.73366
4351	YKL136W	0.73364
4352	YDL129W	0.73363
4353	YLR342W-A	0.73358
4354	YLR390W-A	0.73357
4355	YIL177W-A	0.7335
4356	YJL225W-A	0.7335
4357	YGR228W	0.73338
4358	YKL090W	0.73336
4359	YBL074C	0.73336
4360	YOR018W	0.73336
4361	YER098W	0.73324
4362	YGR255C	0.73323
4363	YGL184C	0.7332
4364	YBL080C	0.73318
4365	YBR028C	0.73318
4366	YIL168W	0.73315
4367	YEL068C	0.73311
4368	YGL141W	0.73308
4369	YDR407C	0.73307
4370	YJL172W	0.73307
4371	YBR284W	0.73303
4372	YJL009W	0.73299
4373	YKR015C	0.7329
4374	YLR120C	0.73289
4375	YDR144C	0.73283
4376	YNR007C	0.73283
4377	YLR428C	0.73277
4378	YPL125W	0.73275
4379	YOL155C	0.73275
4380	YJL120W	0.73272
4381	YDL162C	0.73271
4382	YMR320W	0.73265
4383	YOL149W	0.73262
4384	YEL077W-A	0.73262
4385	YER190C-B	0.73262
4386	YPL283W-B	0.73262
4387	YPR204C-A	0.73262
4388	YGR296C-B	0.73262
4389	YKL139W	0.73258
4390	YPL176C	0.73254
4391	YEL050W-A	0.73249
4392	YOR287C	0.73248
4393	YKL064W	0.73247
4394	YFL031W	0.73234
4395	YNL122C	0.73233
4396	YHR024C	0.73232
4397	YGR091W	0.73224
4398	YFL036W	0.73214
4399	YHL009W-A	0.73213
4400	YJL163C	0.73212
4401	YDL099W	0.73207
4402	YPR066W	0.73204
4403	YKL165C	0.732
4404	YLR199C	0.73195
4405	YJR082C	0.73193
4406	YCL004W	0.73185
4407	YLR407W	0.73182
4408	YGR212W	0.73176
4409	YAR030C	0.73174
4410	YDR338C	0.73167
4411	YAL026C-A	0.73167
4412	YOR009W	0.73163
4413	YGR137W	0.73162
4414	YDR153C	0.73155
4415	YGR143W	0.73154
4416	YIL134W	0.73152
4417	YOR381W-A	0.73148
4418	Q0060	0.73147
4419	YOR080W	0.73146
4420	YOL064C	0.73142
4421	YBR102C	0.73141
4422	YJR076C	0.7314
4423	YIR006C	0.7314
4424	YNL186W	0.7314
4425	YNL289W	0.73136
4426	YPL167C	0.73131
4427	YLR163W-A	0.73131
4428	YMR307C-A	0.73127
4429	YOR231W	0.73124
4430	YOR156C	0.73122
4431	YDL009C	0.7312
4432	YOL024W	0.73111
4433	YNL094W	0.73107
4434	YMR026C	0.73106
4435	YLR032W	0.73102
4436	YGR036C	0.73101
4437	YIR016W	0.73099
4438	YMR147W	0.73099
4439	YPL119C-A	0.73097
4440	YGR146C-A	0.73088
4441	YPL273W	0.73082
4442	YBR262C	0.7308
4443	YDR049W	0.73078
4444	YER021W	0.73073
4445	YNL063W	0.73073
4446	YPR006C	0.73071
4447	YKL096W-A	0.73069
4448	YJL077C	0.73066
4449	YGR217W	0.73065
4450	YDL204W	0.73063
4451	YHR054W-A	0.73057
4452	YHR052W-A	0.73057
4453	YDR445C	0.73053
4454	YJL031C	0.73049
4455	YMR251W-A	0.73044
4456	YCL065W	0.73041
4457	YHR136C	0.73034
4458	YGR164W	0.73025
4459	YBL104C	0.73023
4460	YOR305W	0.73023
4461	YJL205C	0.73021
4462	YDR349C	0.73019
4463	YKR058W	0.73015
4464	YJL020W-A	0.7301
4465	YOR205C	0.73009
4466	YBR192W	0.73006
4467	YIL060W	0.73006
4468	YPR191W	0.72998
4469	YHL037C	0.72994
4470	YCL034W	0.72984
4471	YOL052C-A	0.72976
4472	YLR183C	0.72974
4473	YMR259C	0.72971
4474	YGR114C	0.72965
4475	YJR102C	0.72962
4476	YKL005C	0.72952
4477	YEL020C-B	0.7295
4478	YBR194W	0.72949
4479	YDL198C	0.72949
4480	YDL234C	0.72948
4481	YHR069C	0.72933
4482	YKL115C	0.72932
4483	YBL025W	0.72929
4484	YPL137C	0.72927
4485	YLR285C-A	0.72924
4486	YDL225W	0.72923
4487	YNL179C	0.72919
4488	YBR206W	0.72918
4489	YGL094C	0.72914
4490	YDL146W	0.72913
4491	YLR088W	0.72912
4492	YMR091C	0.72909
4493	YNL109W	0.72908
4494	YNL256W	0.72908
4495	YFR009W-A	0.72906
4496	YDR180W	0.72901
4497	YMR231W	0.72893
4498	YPL224C	0.72889
4499	YDR137W	0.72887
4500	YBR120C	0.72887
4501	YJL071W	0.72885
4502	YBR197C	0.72881
4503	YGR194C	0.72878
4504	YMR044W	0.72877
4505	YMR111C	0.72872
4506	YPR085C	0.72872
4507	YJR099W	0.72872
4508	YLR288C	0.7287
4509	YLL057C	0.72869
4510	YLR133W	0.72863
4511	YOR215C	0.72861
4512	YNL048W	0.72859
4513	YHR186C	0.72854
4514	YER141W	0.72853
4515	YFR056C	0.72853
4516	YFL009W	0.72852
4517	YCR083W	0.72844
4518	YIL110W	0.7284
4519	YNL039W	0.7283
4520	YMR298W	0.72829
4521	YGR025W	0.72829
4522	YDR282C	0.72827
4523	YPL074W	0.72826
4524	YCR067C	0.72823
4525	YGR018C	0.72821
4526	YGR170W	0.72818
4527	YGR270W	0.72816
4528	YFR022W	0.72814
4529	YBR030W	0.7281
4530	YMR087W	0.72806
4531	YGL172W	0.72803
4532	YHR022C	0.72802
4533	YDR199W	0.72802
4534	YMR253C	0.72801
4535	YJL141C	0.72799
4536	YIL096C	0.72799
4537	YLR096W	0.72795
4538	YMR002W	0.72795
4539	YOL057W	0.72793
4540	YJL139C	0.72789
4541	YPL029W	0.72769
4542	YIR005W	0.72769
4543	YNL019C	0.72766
4544	YOR194C	0.72761
4545	YPL078C	0.7276
4546	YOR216C	0.72754
4547	YPL178W	0.72745
4548	YBR280C	0.72742
4549	YGR033C	0.7274
4550	YIL042C	0.72737
4551	YNL033W	0.72726
4552	YJR004C	0.72723
4553	YLR240W	0.72716
4554	YMR198W	0.72711
4555	YNL052W	0.72707
4556	YJL202C	0.72695
4557	YBL008W-A	0.72694
4558	YLR314C	0.72678
4559	YLR039C	0.72678
4560	YPL038W-A	0.72668
4561	YMR024W	0.72667
4562	YPL252C	0.72664
4563	YER037W	0.72662
4564	YDL116W	0.72655
4565	YLR425W	0.72653
4566	YBL071C-B	0.72648
4567	YDR371C-A	0.72641
4568	YDL121C	0.72636
4569	YMR168C	0.72635
4570	YOR160W	0.72631
4571	YER067C-A	0.72629
4572	YJL173C	0.72619
4573	YHL005C	0.72618
4574	YLR052W	0.72618
4575	YOL087C	0.72612
4576	YBR123C	0.72606
4577	YJR066W	0.72603
4578	YML110C	0.72596
4579	YKL195W	0.72581
4580	YIL104C	0.72574
4581	YJL114W	0.7257
4582	YBR044C	0.7257
4583	YJL182C	0.72569
4584	YLL054C	0.72568
4585	YGR081C	0.72567
4586	YGL202W	0.72565
4587	YNR018W	0.72564
4588	YKL045W	0.72564
4589	YNL267W	0.72563
4590	YDR014W-A	0.72563
4591	YDR323C	0.72557
4592	YNL315C	0.72556
4593	YAL032C	0.72555
4594	YOR230W	0.72555
4595	Q0160	0.72551
4596	YAL051W	0.7255
4597	YKL010C	0.72549
4598	YMR317W	0.72549
4599	YGL180W	0.72539
4600	YMR004W	0.72535
4601	YJL133C-A	0.7253
4602	YGL088W	0.72527
4603	YGL145W	0.72525
4604	YNL114C	0.72524
4605	YBR129C	0.72524
4606	YGR278W	0.72519
4607	YGR216C	0.72518
4608	YOR191W	0.72518
4609	YCR054C	0.72516
4610	YDR486C	0.72513
4611	YLR226W	0.7251
4612	YFR043C	0.72508
4613	YDR126W	0.72506
4614	YGL127C	0.72494
4615	YJR044C	0.72489
4616	YPL172C	0.72489
4617	YOL076W	0.72487
4618	YML111W	0.72485
4619	YGL194C	0.7248
4620	YIL132C	0.72479
4621	YMR088C	0.72478
4622	YHR091C	0.72478
4623	YOR078W	0.72477
4624	YDR278C	0.72476
4625	YKL088W	0.72471
4626	YCR020W-B	0.72471
4627	YJL102W	0.72469
4628	YOR237W	0.72465
4629	YJL166W	0.72465
4630	YKL201C	0.72464
4631	YPL191C	0.72464
4632	YIR023W	0.72462
4633	YHR073C-B	0.72459
4634	YBR142W	0.72459
4635	YNL038W	0.72458
4636	YCR097W-A	0.72458
4637	YGR280C	0.72457
4638	YBR188C	0.72454
4639	YPR198W	0.72448
4640	YLR132C	0.72448
4641	YOL141W	0.72446
4642	YFR026C	0.72446
4643	YDR511W	0.72444
4644	YDR262W	0.72442
4645	YDR509W	0.72439
4646	YOR067C	0.72434
4647	YKL033W	0.72431
4648	YER068C-A	0.72431
4649	YDL167C	0.72429
4650	YGR069W	0.72429
4651	YLR164W	0.72427
4652	YDR281C	0.72425
4653	YNL262W	0.72424
4654	YMR275C	0.72415
4655	YIL084C	0.72412
4656	YGR128C	0.72409
4657	YDL220C	0.72406
4658	YJL136W-A	0.72404
4659	YBR271W	0.724
4660	YDR359C	0.72399
4661	YGL085W	0.72395
4662	YMR156C	0.72388
4663	YGR188C	0.72386
4664	YPR148C	0.72385
4665	YAR053W	0.72384
4666	YGL016W	0.72382
4667	YKL016C	0.72372
4668	YMR155W	0.72372
4669	YMR294W	0.7237
4670	YDL091C	0.72369
4671	YOL071W	0.72366
4672	YOR219C	0.72361
4673	YDR273W	0.72356
4674	YMR216C	0.72335
4675	YOR098C	0.72325
4676	YOL152W	0.72322
4677	YLR154W-C	0.72319
4678	YGL196W	0.72319
4679	YJR090C	0.72315
4680	YKL012W	0.72313
4681	YMR289W	0.72312
4682	YBL004W	0.72303
4683	YKR069W	0.72302
4684	YOR100C	0.72291
4685	YOL032W	0.72289
4686	YKR021W	0.72287
4687	YML051W	0.72284
4688	YBL010C	0.72277
4689	YDL059C	0.72272
4690	YLL006W-A	0.72267
4691	YKR006C	0.72266
4692	YDR108W	0.72265
4693	YNL165W	0.72246
4694	YJL197C-A	0.72246
4695	YLR225C	0.72245
4696	YIL024C	0.72241
4697	YOR307C	0.72237
4698	YBL113W-A	0.72236
4699	YIL027C	0.72233
4700	YLR194C	0.72229
4701	YCL067C	0.72229
4702	YCR039C	0.72229
4703	YNL265C	0.72226
4704	YHR080C	0.72225
4705	YER077C	0.72224
4706	YHR214C-D	0.72223
4707	YAR069C	0.72223
4708	YGR070W	0.72217
4709	YLR284C	0.72216
4710	YDR008C	0.72212
4711	YML050W	0.72205
4712	YBR260C	0.72204
4713	YNL170W	0.72185
4714	YBR150C	0.72176
4715	YJR061W	0.72175
4716	YHR214C-C	0.72171
4717	YLR035C	0.72165
4718	YKL104W-A	0.72164
4719	YNL314W	0.72163
4720	YOR134W	0.72161
4721	YER144C	0.72161
4722	Q0070	0.72159
4723	YGR274C	0.72155
4724	YDR403W	0.72154
4725	YLR396C	0.72147
4726	YGL233W	0.72145
4727	YGR158C	0.72145
4728	YHL020C	0.72144
4729	YOR263C	0.72137
4730	YJL004C	0.72137
4731	YIL127C	0.72133
4732	YIL009C-A	0.72127
4733	YLR392C	0.72121
4734	YDR524C-B	0.72116
4735	YDR501W	0.72108
4736	YKR005C	0.72103
4737	YHL046W-A	0.721
4738	YIL077C	0.72099
4739	YDR535C	0.72098
4740	YHR011W	0.72095
4741	YIL046W-A	0.72074
4742	YPL185W	0.72071
4743	YJL126W	0.7207
4744	YLL007C	0.7207
4745	YBR042C	0.7207
4746	YPR071W	0.72068
4747	YDR036C	0.72064
4748	YGL257C	0.7206
4749	YGR045C	0.72051
4750	YKL096C-B	0.72045
4751	YBL094C	0.72043
4752	YDL178W	0.72038
4753	YGL032C	0.72036
4754	YDR231C	0.72023
4755	YER024W	0.7202
4756	YOR053W	0.7201
4757	YER150W	0.72009
4758	YKL215C	0.72007
4759	YOR186C-A	0.71998
4760	YKR052C	0.71997
4761	YNL164C	0.71985
4762	YIL019W	0.71981
4763	YDR430C	0.71976
4764	YER050C	0.7196
4765	YBR216C	0.71955
4766	YDR413C	0.71954
4767	YKL124W	0.71949
4768	YOR233W	0.7194
4769	YIL025C	0.71938
4770	YNL136W	0.71936
4771	YNL226W	0.71933
4772	YNL003C	0.71928
4773	YLL016W	0.71924
4774	YOR360C	0.71922
4775	YPL241C	0.71916
4776	YMR047C	0.71899
4777	YLR054C	0.71886
4778	YMR267W	0.71884
4779	YGR149W	0.7188
4780	YPR141C	0.71877
4781	YLR154W-E	0.71877
4782	YGR119C	0.71876
4783	YNL205C	0.71875
4784	YBR246W	0.7187
4785	YHL030W	0.71868
4786	YAL008W	0.71867
4787	YGR076C	0.71855
4788	YJR130C	0.71848
4789	YIR039C	0.71847
4790	YIL068W-A	0.71839
4791	YMR230W-A	0.71835
4792	YNR069C	0.71835
4793	YOR042W	0.7183
4794	YPR155C	0.71827
4795	YMR033W	0.71826
4796	YHR069C-A	0.71822
4797	YOR338W	0.71813
4798	YPR048W	0.71805
4799	YFR045W	0.71793
4800	YDL021W	0.71783
4801	YHR001W-A	0.71781
4802	YOR032W-A	0.71779
4803	YJR031C	0.71772
4804	YJL023C	0.71768
4805	YML108W	0.71767
4806	YNL272C	0.71765
4807	YIL070C	0.71762
4808	YPL005W	0.7176
4809	YOL060C	0.71758
4810	YDR366C	0.71757
4811	YDR437W	0.71752
4812	YIL008W	0.71746
4813	YPR202W	0.71741
4814	YHR193C-A	0.71735
4815	YCL055W	0.71728
4816	YOR334W	0.71727
4817	YPR146C	0.71716
4818	YPL254W	0.71705
4819	YLR350W	0.717
4820	YAL047W-A	0.71683
4821	YJL038C	0.71674
4822	YNR061C	0.71666
4823	YOR069W	0.7166
4824	YHR002W	0.7165
4825	YKL083W	0.71649
4826	YJL109C	0.71646
4827	YLR095C	0.71645
4828	YJR012C	0.71644
4829	YHR084W	0.71629
4830	YOR227W	0.71627
4831	YBR229C	0.7162
4832	YNL208W	0.71619
4833	YOR386W	0.71612
4834	YOR130C	0.71612
4835	YDR335W	0.71611
4836	YJL029C	0.71611
4837	YGR122W	0.71609
4838	YBL100W-C	0.71603
4839	YPR099C	0.71601
4840	YHR101C	0.7159
4841	YOR322C	0.71586
4842	YGR204C-A	0.71582
4843	YLL062C	0.7157
4844	YDR058C	0.7157
4845	YLR136C	0.71568
4846	YKR087C	0.71567
4847	YGL192W	0.71566
4848	YGL116W	0.71556
4849	YAL002W	0.7155
4850	YBR027C	0.7155
4851	YLR290C	0.71545
4852	YDR409W	0.71545
4853	YGL084C	0.71545
4854	YJL006C	0.71533
4855	YPR089W	0.71509
4856	YGL263W	0.71498
4857	YLR366W	0.71493
4858	YPL096C-A	0.7149
4859	YLL020C	0.71487
4860	YLR063W	0.71487
4861	YGL174W	0.71487
4862	YDR115W	0.71487
4863	YBR240C	0.71476
4864	YDR531W	0.71473
4865	YLR458W	0.71472
4866	YJR093C	0.71469
4867	YOL004W	0.71469
4868	YMR177W	0.71464
4869	YOL109W	0.71456
4870	YBL107C	0.71451
4871	YGR056W	0.7145
4872	YBL059C-A	0.71448
4873	YDL025C	0.71433
4874	YOR365C	0.7143
4875	YMR122W-A	0.71429
4876	YLR363C	0.71427
4877	YDR027C	0.71427
4878	YJL061W	0.71425
4879	YDR329C	0.71423
4880	YCL001W-A	0.71414
4881	YOR188W	0.71413
4882	YKR061W	0.71413
4883	YKR072C	0.71412
4884	YMR212C	0.71407
4885	YCR026C	0.71402
4886	YDL122W	0.71396
4887	YNL304W	0.71392
4888	YLR166C	0.7139
4889	YIL020C-A	0.71384
4890	YJL156C	0.7138
4891	YMR209C	0.71375
4892	YLR402W	0.71375
4893	YLR311C	0.71373
4894	YBR289W	0.71366
4895	YIL015W	0.71365
4896	YDR290W	0.71361
4897	YDR449C	0.71361
4898	YMR154C	0.71356
4899	YFL012W-A	0.71342
4900	YKL155C	0.71341
4901	YDR218C	0.71339
4902	YGR257C	0.71338
4903	YGR182C	0.71329
4904	YGR097W	0.71327
4905	YER105C	0.71324
4906	YLR315W	0.7132
4907	YKL023W	0.71318
4908	YBR182C-A	0.71318
4909	YOR245C	0.71318
4910	YHR045W	0.71307
4911	YMR190C	0.71299
4912	YBR233W-A	0.71297
4913	YKL183W	0.71296
4914	YPL162C	0.71286
4915	YFR029W	0.71283
4916	YIR024C	0.71279
4917	YBR012C	0.71275
4918	YDR319C	0.71263
4919	YCR016W	0.71259
4920	YHR137W	0.71259
4921	YDR192C	0.71256
4922	YPR029C	0.71251
4923	YGR059W	0.71245
4924	YER068W	0.7124
4925	YER186C	0.71233
4926	YBR036C	0.71229
4927	YBR259W	0.71228
4928	YKR103W	0.71226
4929	YIL095W	0.71219
4930	YDR400W	0.71217
4931	YNL245C	0.7121
4932	YJR036C	0.71207
4933	YOR392W	0.71203
4934	YJL066C	0.71201
4935	YDL024C	0.71199
4936	YNL338W	0.71194
4937	YKL138C-A	0.71186
4938	YDR157W	0.71184
4939	YOR373W	0.71178
4940	YER008C	0.71169
4941	YOR293C-A	0.71165
4942	YAR008W	0.71158
4943	YJR097W	0.71154
4944	YBR016W	0.71147
4945	YOR260W	0.7114
4946	YNL128W	0.71134
4947	YGL132W	0.71134
4948	YNL120C	0.71127
4949	YDL074C	0.71122
4950	YPL188W	0.71116
4951	YJR119C	0.71116
4952	YHL041W	0.71107
4953	YIL163C	0.71104
4954	YGR275W	0.71101
4955	YKL106C-A	0.71099
4956	YAL037C-A	0.71096
4957	YDR279W	0.71089
4958	YKR083C	0.71088
4959	YBR257W	0.71084
4960	YLR006C	0.71081
4961	YOL104C	0.71079
4962	YDL098C	0.71071
4963	YJR087W	0.71067
4964	YHR099W	0.71056
4965	YPL109C	0.71055
4966	YML036W	0.71051
4967	YMR035W	0.71045
4968	YAR062W	0.71044
4969	YHR213W	0.71044
4970	YHR063W-A	0.71039
4971	YLR299W	0.71037
4972	YBR074W	0.71035
4973	YJR037W	0.71026
4974	YFL025C	0.71019
4975	YDR485C	0.71017
4976	YLR417W	0.71016
4977	YPL041C	0.71011
4978	YKL174C	0.7101
4979	YJR140W-A	0.7101
4980	YML083C	0.71
4981	YDL065C	0.70999
4982	YGR258C	0.70998
4983	YLR202C	0.70992
4984	YLR101C	0.70989
4985	YCL021W-A	0.70963
4986	YLR305C	0.70959
4987	YIL098C	0.70958
4988	YMR137C	0.70953
4989	YPL021W	0.70947
4990	YOL049W	0.70937
4991	YEL072W	0.70932
4992	YPR151C	0.7093
4993	YLR265C	0.70928
4994	YAL037W	0.7092
4995	YJL101C	0.70919
4996	YEL018W	0.70909
4997	YAR061W	0.70906
4998	YHR212W-A	0.70906
4999	YGL060W	0.70896
5000	YDR503C	0.70884
5001	YEL017W	0.70881
5002	YAR019C	0.70871
5003	YDR077W	0.70867
5004	YMR067C	0.70857
5005	YHR073W	0.70852
5006	YPL278C	0.70851
5007	YBL086C	0.7085
5008	YNL215W	0.70847
5009	YPR075C	0.70847
5010	YMR247C	0.70844
5011	YDR504C	0.70844
5012	YJR021C	0.70834
5013	YNL295W	0.70834
5014	YDR201W	0.70833
5015	YJL106W	0.70831
5016	YKL034W	0.7083
5017	YDL067C	0.70824
5018	YOL105C	0.70823
5019	YBR128C	0.70818
5020	YPR050C	0.70817
5021	YJR054W	0.70817
5022	YDR507C	0.70816
5023	YCL064C	0.70813
5024	YEL016C	0.70809
5025	YNR028W	0.70809
5026	YNL084C	0.70808
5027	YDR128W	0.70806
5028	YPR055W	0.70804
5029	YLR439W	0.70796
5030	YGL158W	0.70785
5031	YKL178C	0.70778
5032	YDR529C	0.70777
5033	YNL166C	0.70775
5034	YNL285W	0.70775
5035	YKR054C	0.7077
5036	YOR368W	0.70768
5037	YKL061W	0.70751
5038	YJL039C	0.70745
5039	YDL112W	0.70745
5040	YDR245W	0.70724
5041	YML099W-A	0.70718
5042	YJL054W	0.70717
5043	YDR455C	0.70714
5044	YKR065C	0.70703
5045	YEL009C-A	0.707
5046	YDR381C-A	0.70697
5047	YBR179C	0.70694
5048	YHR153C	0.7069
5049	YKL175W	0.70686
5050	YMR313C	0.70662
5051	YOL118C	0.70661
5052	YOR017W	0.7066
5053	YBL093C	0.70655
5054	YLR119W	0.70653
5055	YML107C	0.70628
5056	YGR053C	0.70623
5057	YLR177W	0.70622
5058	YDL133W	0.70617
5059	YLR082C	0.7061
5060	YJR151W-A	0.70597
5061	YML117W	0.70597
5062	YAL027W	0.70594
5063	YDR020C	0.7059
5064	YLR453C	0.70586
5065	YOR278W	0.70584
5066	YJR043C	0.70582
5067	YPL032C	0.7058
5068	YMR017W	0.70579
5069	YGL056C	0.70576
5070	YLR336C	0.70575
5071	YLR127C	0.70562
5072	YNL196C	0.70558
5073	YMR287C	0.70555
5074	YIL167W	0.70545
5075	YGL006W-A	0.70537
5076	YKL140W	0.70528
5077	YGR084C	0.70522
5078	YPR030W	0.70515
5079	YOR043W	0.70514
5080	YIL029C	0.70512
5081	YNR006W	0.7051
5082	YJR135C	0.70501
5083	YOR070C	0.7049
5084	YJR060W	0.7049
5085	YHR105W	0.70486
5086	YPL268W	0.70481
5087	YBL077W	0.70479
5088	YOR228C	0.70469
5089	YDR426C	0.70463
5090	YJL107C	0.70463
5091	YJL047C-A	0.70458
5092	YMR211W	0.70456
5093	YBR098W	0.70455
5094	YBR300C	0.70447
5095	YDL058W	0.70441
5096	YDL054C	0.70434
5097	YBR064W	0.70423
5098	YPR109W	0.7042
5099	YDR387C	0.70418
5100	YDR179W-A	0.70412
5101	YML093W	0.70402
5102	YER154W	0.704
5103	YGR184C	0.7039
5104	YHR132W-A	0.70388
5105	YNL168C	0.70368
5106	YNL319W	0.70366
5107	YLR073C	0.70353
5108	YDL035C	0.7035
5109	YPR001W	0.70346
5110	YGR014W	0.70345
5111	YOR171C	0.70341
5112	YDL247W-A	0.70339
5113	YKR096W	0.70335
5114	YNL303W	0.70317
5115	YBR171W	0.70316
5116	YLR309C	0.70315
5117	YDR377W	0.70313
5118	YDL183C	0.70312
5119	YER135C	0.70303
5120	YPL260W	0.7029
5121	YDR221W	0.70289
5122	YML113W	0.70287
5123	YCR091W	0.70273
5124	YLL066W-B	0.70273
5125	YMR030W-A	0.70267
5126	YER047C	0.70263
5127	YMR019W	0.70251
5128	YFL027C	0.70248
5129	YBR022W	0.7024
5130	YML023C	0.70237
5131	YLR321C	0.70228
5132	YAL056W	0.70224
5133	YOR288C	0.70223
5134	YPL126W	0.70218
5135	YHR125W	0.70213
5136	YLR329W	0.70211
5137	YOL017W	0.7021
5138	YIL023C	0.70204
5139	YPL072W	0.70193
5140	YOL045W	0.7019
5141	YDR396W	0.70183
5142	YNL118C	0.70183
5143	YFL007W	0.70176
5144	YFL032W	0.7017
5145	YPR179C	0.70166
5146	YBL090W	0.7016
5147	YGR147C	0.70159
5148	YBL067C	0.7014
5149	YPL257W	0.70137
5150	YER113C	0.70137
5151	YOR319W	0.7013
5152	YGL247W	0.70125
5153	YHR035W	0.70124
5154	YFL040W	0.70123
5155	YER076W-A	0.70123
5156	YIL137C	0.70121
5157	YML104C	0.70119
5158	YPL102C	0.70117
5159	YOR012W	0.70117
5160	YOR144C	0.70105
5161	YDR393W	0.70104
5162	YNR058W	0.70101
5163	YMR021C	0.70097
5164	YPL123C	0.70083
5165	YMR192W	0.70082
5166	YNL253W	0.70077
5167	YPL105C	0.70073
5168	YOR002W	0.70072
5169	YER097W	0.70071
5170	YCR095C	0.70069
5171	YDR421W	0.70068
5172	YOR115C	0.70066
5173	YML054C-A	0.7006
5174	YOR011W-A	0.7006
5175	YLR406C-A	0.70059
5176	YML114C	0.70057
5177	YBR215W	0.70046
5178	YGL092W	0.70044
5179	YOR111W	0.70036
5180	YAR047C	0.70026
5181	Q0017	0.70021
5182	YLR440C	0.70018
5183	YLR442C	0.70014
5184	YLR358C	0.70012
5185	YLR228C	0.70007
5186	YDL012C	0.70002
5187	YKL208W	0.70001
5188	YDR470C	0.70001
5189	YHR119W	0.69973
5190	YJR122W	0.69973
5191	YDL114W-A	0.6997
5192	YLL035W	0.69944
5193	YMR141W-A	0.69943
5194	YJR100C	0.69929
5195	YHR009C	0.69927
5196	YER066C-A	0.69922
5197	YGR237C	0.6992
5198	YDR080W	0.69911
5199	YDL242W	0.6991
5200	YMR165C	0.69908
5201	YMR223W	0.699
5202	YMR010W	0.699
5203	YLR171W	0.69889
5204	YDR357C	0.69889
5205	YDR458C	0.69888
5206	YNL032W	0.69882
5207	YIL158W	0.69878
5208	YLR247C	0.69876
5209	YKL149C	0.69871
5210	YMR073C	0.69858
5211	YJR059W	0.69856
5212	YCR001W	0.69854
5213	YKL071W	0.69851
5214	YDL173W	0.69851
5215	YNL073W	0.6985
5216	YMR175W-A	0.69848
5217	YCR018C	0.69845
5218	YOL063C	0.69841
5219	YDR048C	0.69841
5220	YIL156W	0.69831
5221	YKL130C	0.6983
5222	YBR281C	0.69828
5223	YJL044C	0.69819
5224	YOR329C	0.69818
5225	YDR283C	0.69817
5226	YHL028W	0.69814
5227	YGL193C	0.69811
5228	YGR104C	0.69798
5229	YPL165C	0.69793
5230	YNL278W	0.69783
5231	YOR015W	0.69781
5232	YDR261C-C	0.6978
5233	YBR269C	0.6977
5234	YIL014C-A	0.69768
5235	YDR006C	0.69764
5236	YGR049W	0.69763
5237	YLL032C	0.69758
5238	YGL227W	0.69755
5239	YLR079W	0.69755
5240	YDR251W	0.69747
5241	YOL044W	0.69745
5242	YEL061C	0.69742
5243	YMR061W	0.69742
5244	YBR217W	0.69732
5245	YNL224C	0.6973
5246	YGR075C	0.69719
5247	YDR134C	0.69718
5248	YDR367W	0.6971
5249	YPR031W	0.69708
5250	YLR157C-A	0.69694
5251	YPL257W-A	0.69694
5252	YDR365W-A	0.69694
5253	YER137C-A	0.69694
5254	YKL168C	0.69694
5255	YBR051W	0.69692
5256	YDR461C-A	0.69682
5257	YJL132W	0.69682
5258	YMR185W	0.6968
5259	YDR170W-A	0.6968
5260	YJL019W	0.69678
5261	YAR002W	0.69674
5262	YPL149W	0.69671
5263	YOR090C	0.69664
5264	YIL006W	0.6966
5265	YDR340W	0.69652
5266	YLR256W-A	0.69651
5267	YOR333C	0.69628
5268	YMR052C-A	0.69628
5269	YLR173W	0.69625
5270	YDL050C	0.69618
5271	YLR381W	0.69604
5272	YPR015C	0.69603
5273	YMR053C	0.69593
5274	YBL066C	0.6958
5275	YLR312W-A	0.69576
5276	YGL249W	0.69573
5277	YDR260C	0.69572
5278	YJL157C	0.69569
5279	YJL127C	0.69567
5280	YMR166C	0.69563
5281	YGL131C	0.69559
5282	YOR249C	0.69556
5283	YGR046W	0.69551
5284	YKL116C	0.69548
5285	YPR158C-C	0.69545
5286	YJL007C	0.69544
5287	YER078W-A	0.69544
5288	YBR186W	0.69543
5289	YJL046W	0.69527
5290	YJR026W	0.69525
5291	YLR227W-A	0.69525
5292	YML040W	0.69525
5293	YER133W-A	0.69522
5294	YNL005C	0.69522
5295	YJL086C	0.69515
5296	YMR070W	0.69514
5297	YGR219W	0.6951
5298	YPL261C	0.69506
5299	YJL112W	0.69486
5300	YGL134W	0.69482
5301	YER109C	0.69479
5302	YNL254C	0.69477
5303	YPR169W-A	0.69473
5304	YOL083W	0.69469
5305	YHL027W	0.69464
5306	YPL027W	0.69463
5307	YHR097C	0.69462
5308	YPL242C	0.69461
5309	YDR208W	0.69455
5310	YDR255C	0.69454
5311	YOR124C	0.69454
5312	YOR346W	0.69453
5313	YIL066W-A	0.69453
5314	YMR207C	0.69438
5315	YDL094C	0.69434
5316	YLR294C	0.6943
5317	YML020W	0.69429
5318	YOL103W-A	0.69422
5319	YMR281W	0.69417
5320	YER093C	0.69395
5321	YDR299W	0.69394
5322	YML047W-A	0.69392
5323	YLR456W	0.69383
5324	YLR067C	0.6938
5325	YDR119W-A	0.69369
5326	YJR142W	0.69366
5327	YNL029C	0.69345
5328	YKL011C	0.69342
5329	YJL206C	0.69334
5330	YMR075C-A	0.69334
5331	YJL091C	0.69328
5332	YFR036W-A	0.69325
5333	YGL090W	0.69323
5334	YLR023C	0.69319
5335	YPR150W	0.69316
5336	YML046W	0.69303
5337	YLR232W	0.69302
5338	YGR230W	0.693
5339	YOR313C	0.69296
5340	YDR194W-A	0.69289
5341	YJR086W	0.69285
5342	YBR081C	0.69282
5343	YGL041W-A	0.69281
5344	YOR308C	0.6928
5345	YNL126W	0.69267
5346	YOL159C-A	0.69266
5347	YDR285W	0.69262
5348	YPL128C	0.6926
5349	YHR078W	0.69259
5350	YDL214C	0.69257
5351	YLR099W-A	0.69256
5352	YLR087C	0.69255
5353	YKR082W	0.69249
5354	YPL189W	0.69242
5355	YGR077C	0.69239
5356	YGR238C	0.69233
5357	YDL203C	0.69231
5358	YIL139C	0.69225
5359	YPL146C	0.69224
5360	YGR127W	0.69209
5361	YDR416W	0.69205
5362	YLR327C	0.69198
5363	YMR283C	0.69195
5364	YKL068W-A	0.69192
5365	YMR153C-A	0.69191
5366	YHL021C	0.69176
5367	YPL163C	0.69174
5368	YMR060C	0.69172
5369	YDR081C	0.69169
5370	YJL170C	0.69161
5371	YBR230C	0.6916
5372	YGR044C	0.69148
5373	YKR044W	0.69143
5374	YMR311C	0.69136
5375	YMR133W	0.69131
5376	YAR010C	0.69129
5377	YPR137C-A	0.69129
5378	YBR040W	0.69127
5379	YER041W	0.69115
5380	YOL166W-A	0.69111
5381	YDR484W	0.6911
5382	YPL118W	0.69102
5383	YBL020W	0.69094
5384	YOR193W	0.69094
5385	YLL040C	0.69093
5386	YJL193W	0.6909
5387	YBR173C	0.69079
5388	YNL284C-A	0.69079
5389	YKR008W	0.69075
5390	YOL001W	0.69075
5391	YMR256C	0.69074
5392	YCL001W	0.69061
5393	YOR385W	0.69058
5394	YLR217W	0.69041
5395	YPL139C	0.69039
5396	YCR099C	0.69037
5397	YOR211C	0.69037
5398	YLR094C	0.69028
5399	YDL077C	0.69017
5400	YOR093C	0.69011
5401	YLR036C	0.6901
5402	YKL079W	0.69009
5403	YBR057C	0.69008
5404	YBR147W	0.69005
5405	YIR003W	0.69004
5406	YJR053W	0.68986
5407	YNL012W	0.68985
5408	YDR138W	0.6898
5409	YIL105C	0.68976
5410	YML101C-A	0.6897
5411	YGL203C	0.68966
5412	YDR254W	0.68958
5413	YER169W	0.68947
5414	YLR191W	0.68943
5415	YOL095C	0.68936
5416	YOR097C	0.68935
5417	YDR202C	0.68934
5418	YDR489W	0.68927
5419	YJR028W	0.68921
5420	YNL235C	0.68918
5421	YOL015W	0.68903
5422	YAL069W	0.68894
5423	YKR011C	0.68885
5424	YAL066W	0.68885
5425	YLL031C	0.6888
5426	YDR124W	0.68877
5427	YOL019W	0.6887
5428	YGR057C	0.68868
5429	YJL201W	0.68868
5430	YKR019C	0.68852
5431	YGL169W	0.68843
5432	YGL113W	0.6884
5433	YNL213C	0.68832
5434	YIL030W-A	0.68831
5435	YDR423C	0.68822
5436	YGL093W	0.68821
5437	YIR014W	0.6882
5438	YDR246W	0.68819
5439	YGL209W	0.68818
5440	YGR027W-A	0.68814
5441	YDR494W	0.68799
5442	YMR237W	0.68796
5443	YDR271C	0.68794
5444	YMR129W	0.68787
5445	YCL039W	0.6877
5446	YLR422W	0.6877
5447	YPL020C	0.68763
5448	YIL040W	0.6876
5449	YNR031C	0.68757
5450	YNR004W	0.68741
5451	YHR155W	0.68715
5452	YOR344C	0.68714
5453	YFL041W-A	0.68707
5454	YJL070C	0.68696
5455	YOR284W	0.68696
5456	YDR261C	0.68689
5457	YER087W	0.68684
5458	YDL044C	0.68683
5459	YMR046C	0.68676
5460	YKL169C	0.68674
5461	YJR111C	0.68666
5462	YKL074C	0.68666
5463	YJL073W	0.68655
5464	YIL050W	0.68653
5465	YOR304C-A	0.68635
5466	YNL127W	0.68633
5467	YER122C	0.68632
5468	YPL189C-A	0.68629
5469	YPL248C	0.6862
5470	YLR084C	0.68616
5471	YMR029C	0.68614
5472	YBR272C	0.68608
5473	YMR117C	0.68607
5474	YER007W	0.68606
5475	YHR149C	0.68605
5476	YHR158C	0.686
5477	YKR089C	0.68597
5478	YMR158C-A	0.68594
5479	YNR025C	0.68594
5480	YDR141C	0.68588
5481	YDR326C	0.68587
5482	YDR520C	0.68581
5483	YNR056C	0.68575
5484	YOR112W	0.68569
5485	YBL005W-A	0.68555
5486	YBL071C	0.68555
5487	YAL031W-A	0.68554
5488	YLR356W	0.68553
5489	YGL014W	0.68549
5490	YNL318C	0.68541
5491	YPR115W	0.68533
5492	YLR297W	0.68532
5493	YNL320W	0.68527
5494	YLR400W	0.68518
5495	YKR029C	0.68517
5496	YBR172C	0.68516
5497	YLR149C	0.68515
5498	YGL182C	0.68515
5499	YGR038C-A	0.68511
5500	YER121W	0.68502
5501	YDL181W	0.68498
5502	YOL166C	0.68498
5503	YGR115C	0.68496
5504	YGR156W	0.68494
5505	YDR318W	0.68491
5506	YCR108C	0.68482
5507	YPR134W	0.68474
5508	YOR302W	0.68474
5509	YJR051W	0.6847
5510	YBR219C	0.68468
5511	YJL092W	0.68465
5512	YDL169C	0.68464
5513	YKL032C	0.68457
5514	YDL028C	0.6844
5515	YDR098C-A	0.68432
5516	YHR154W	0.68429
5517	YDR475C	0.68425
5518	YHL024W	0.68423
5519	YDR205W	0.68422
5520	YBR276C	0.68422
5521	YDL237W	0.6842
5522	YPL155C	0.68407
5523	YHR079C	0.68404
5524	YCL022C	0.68399
5525	YHR137C-A	0.68398
5526	YOL078W	0.68382
5527	YNR059W	0.68376
5528	YDR176W	0.68363
5529	YGR161W-C	0.68362
5530	YMR031C	0.68361
5531	YDL240C-A	0.68356
5532	YNL337W	0.68354
5533	YBR012W-A	0.68347
5534	YFL049W	0.68332
5535	YDR544C	0.6833
5536	YBL079W	0.68327
5537	YNL139C	0.68322
5538	YNL198C	0.68317
5539	YJL133W	0.68314
5540	YMR110C	0.68311
5541	YLR169W	0.68297
5542	YPL039W	0.68295
5543	YDR316W-A	0.68285
5544	YER159C-A	0.68285
5545	YMR051C	0.68285
5546	YLR035C-B	0.68285
5547	YGR161C-C	0.68285
5548	YER087C-A	0.68282
5549	YDR197W	0.68278
5550	YDL179W	0.68277
5551	YML045W-A	0.68273
5552	YML096W	0.68268
5553	YDR376W	0.68265
5554	YLR260W	0.68252
5555	YCR066W	0.68249
5556	YGL178W	0.68248
5557	YDR228C	0.68243
5558	YDR242W	0.68233
5559	YHR015W	0.68227
5560	YNL041C	0.68225
5561	YAL017W	0.6821
5562	YDR524C-A	0.68206
5563	YGR222W	0.682
5564	YDR383C	0.68194
5565	YDR499W	0.68192
5566	YKL205W	0.68188
5567	YOL035C	0.6818
5568	YGR030C	0.68173
5569	YJR126C	0.68172
5570	YDR068W	0.68168
5571	YLL021W	0.68158
5572	YPR036W-A	0.68156
5573	YEL025C	0.68156
5574	YLR110C	0.68154
5575	YDR247W	0.6815
5576	YMR140W	0.68137
5577	YOR242C	0.68136
5578	YBR292C	0.68125
5579	YDR354W	0.68121
5580	YIL130W	0.68114
5581	YOR394C-A	0.68113
5582	YPL150W	0.68105
5583	YKL106W	0.68104
5584	YOL164W-A	0.68095
5585	YDR363W	0.68093
5586	YJR041C	0.68089
5587	YJR138W	0.68078
5588	YBR196C-A	0.68078
5589	YGL041C	0.68066
5590	YDR420W	0.68064
5591	YOR149C	0.68063
5592	YER078C	0.68054
5593	YIL086C	0.68053
5594	YDL115C	0.68052
5595	YLR434C	0.68032
5596	YHR050W-A	0.68015
5597	YPL216W	0.68011
5598	YDR203W	0.68003
5599	YOR142W-A	0.68001
5600	YPR158W-A	0.68001
5601	YGR198W	0.67991
5602	YGR052W	0.67984
5603	YLR224W	0.67981
5604	YMR274C	0.67952
5605	YDR431W	0.67945
5606	YMR258C	0.6794
5607	YDR410C	0.67935
5608	YIR018W	0.6793
5609	YMR134W	0.67913
5610	YMR032W	0.67911
5611	YIR021W-A	0.67908
5612	YOR247W	0.67895
5613	YJR062C	0.67888
5614	YLR466C-B	0.67888
5615	YJL098W	0.67884
5616	YJL150W	0.67883
5617	YBL039W-B	0.6788
5618	YFL024C	0.67875
5619	YBR212W	0.67874
5620	YLR219W	0.67862
5621	YOR152C	0.67845
5622	YJL105W	0.6784
5623	YOR256C	0.67838
5624	YIL141W	0.67834
5625	YNL257C	0.67832
5626	YJL057C	0.67822
5627	YDL216C	0.67821
5628	YHR214C-B	0.67815
5629	YDR125C	0.678
5630	YOR166C	0.67786
5631	YDL070W	0.67783
5632	YBR293W	0.67778
5633	YPL035C	0.67772
5634	YBL060W	0.67769
5635	YBR270C	0.67764
5636	YDR210C-C	0.67738
5637	YGL067W	0.67737
5638	YOR329W-A	0.67733
5639	YDL117W	0.67722
5640	YMR172C-A	0.6772
5641	YLR163C	0.67711
5642	YNL300W	0.6771
5643	YLL013C	0.67689
5644	YIL105W-A	0.67681
5645	YML037C	0.67675
5646	YJL146W	0.67673
5647	YJL076W	0.67661
5648	YDR024W	0.67655
5649	YEL022W	0.67643
5650	YHR138C	0.6764
5651	YJL209W	0.67637
5652	YDR389W	0.67633
5653	YKR045C	0.67632
5654	YMR304C-A	0.67629
5655	YGL230C	0.67625
5656	YHL035C	0.67624
5657	YOL082W	0.67617
5658	YLR408C	0.67605
5659	YLR165C	0.67601
5660	YBR152W	0.67581
5661	YDR261W-A	0.67579
5662	YBL014C	0.67576
5663	YOL134C	0.67573
5664	YJL083W	0.67571
5665	YGR017W	0.6756
5666	YPL026C	0.67559
5667	YIL149C	0.67557
5668	YJL013C	0.67554
5669	YOR231C-A	0.67546
5670	YKL015W	0.67544
5671	YDR365W-B	0.67543
5672	YKL110C	0.67539
5673	YLL051C	0.67538
5674	YNL133C	0.67536
5675	YDR066C	0.67535
5676	YGL013C	0.67533
5677	YKL134C	0.67529
5678	YCL024W	0.67526
5679	YML034W	0.67518
5680	YCL020W	0.67516
5681	YLR299C-A	0.6751
5682	YDR200C	0.675
5683	YHL044W	0.67486
5684	YDR072C	0.67484
5685	YKL121W	0.67476
5686	YBL045C	0.6747
5687	YIL090W	0.6747
5688	YJL204C	0.67466
5689	YLL019C	0.67464
5690	YGR079W	0.67455
5691	YNR047W	0.67443
5692	YDL005C	0.6744
5693	YLR263W	0.67438
5694	YPR027C	0.67438
5695	YNL058C	0.67432
5696	YNL026W	0.6743
5697	YGR096W	0.6743
5698	YER118C	0.67419
5699	YOL101C	0.67416
5700	YMR013C	0.67414
5701	YOR371C	0.67413
5702	YOR121C	0.67407
5703	YPR079W	0.67401
5704	YJR127C	0.674
5705	YER064C	0.67395
5706	YBL059W	0.67384
5707	YKL159C	0.67382
5708	YDL119C	0.67381
5709	YKR028W	0.67375
5710	YFR052W	0.67375
5711	YGR205W	0.67363
5712	YMR174C	0.67353
5713	YBL107W-A	0.67352
5714	YPR007C	0.67348
5715	YKR046C	0.67344
5716	YBR026C	0.67341
5717	YLR227C	0.67337
5718	YOR180C	0.67335
5719	YBR238C	0.67329
5720	YIL112W	0.67328
5721	YOL159C	0.67322
5722	YML029W	0.6732
5723	YNL054W-B	0.67314
5724	YML099C	0.67312
5725	YOR354C	0.67308
5726	YBR133C	0.67307
5727	YMR050C	0.67307
5728	YNL204C	0.67303
5729	YDR034C-C	0.67301
5730	YGL124C	0.67301
5731	YFR042W	0.67298
5732	YDR315C	0.67297
5733	YER061C	0.67287
5734	YMR025W	0.67284
5735	YDR088C	0.6728
5736	YKL052C	0.67278
5737	YLR295C	0.67273
5738	YLR298C	0.6727
5739	YLR256W-B/YLR256W-C	0.67263
5740	YBR097W	0.67262
5741	YFR039C	0.67262
5742	YGR016W	0.67252
5743	YLR035C-A	0.67244
5744	YGL168W	0.6724
5745	YKR027W	0.6723
5746	YGL214W	0.67228
5747	YJR101W	0.67227
5748	YLR033W	0.67227
5749	YER160C	0.67225
5750	YFR011C	0.67224
5751	YPR199C	0.67213
5752	YER138C	0.6721
5753	YJR027W	0.67206
5754	YER096W	0.67187
5755	YLR148W	0.67183
5756	YHR145C	0.67181
5757	YNL249C	0.67177
5758	YDL045C	0.67169
5759	YBR163W	0.67168
5760	YNL054W-A	0.67161
5761	YJR029W	0.67154
5762	YOR081C	0.67152
5763	YML045W	0.67152
5764	YNR066C	0.6715
5765	YOL117W	0.67147
5766	YKR036C	0.67147
5767	YKL014C	0.6714
5768	YBR108W	0.67135
5769	YDR042C	0.67129
5770	YER137W-A	0.67124
5771	YMR059W	0.67124
5772	YML016C	0.67124
5773	YNL100W	0.67124
5774	YIL092W	0.67116
5775	YOL103W-B	0.67113
5776	YBR195C	0.67107
5777	YML039W	0.67089
5778	YBR012W-B	0.67088
5779	YPL257W-B	0.67086
5780	YPR137C-B	0.6708
5781	YML017W	0.67066
5782	YGR027W-B	0.67065
5783	YBR058C-A	0.67063
5784	YGL041C-B	0.67062
5785	YGR161C-D	0.67049
5786	YKR034W	0.67048
5787	YPL057C	0.67034
5788	YDR098C-B	0.67034
5789	YNL070W	0.6703
5790	YNR024W	0.67021
5791	YGR038C-B	0.6702
5792	YKR090W	0.67017
5793	YIL056W	0.67011
5794	YPR158C-D	0.67011
5795	YPL011C	0.67009
5796	YIL044C	0.67008
5797	YDR414C	0.67006
5798	R0030W	0.67001
5799	YDR065W	0.67001
5800	YHR109W	0.66996
5801	YBL100W-A	0.66992
5802	YLR157C-B	0.6699
5803	YBR290W	0.66987
5804	YDL139C	0.66987
5805	YMR045C	0.66986
5806	YAL068W-A	0.66982
5807	YDR361C	0.66982
5808	YBL005W-B	0.66966
5809	YOR192C-A	0.6696
5810	YGR011W	0.66937
5811	YGL007C-A	0.66928
5812	YNL284C-B	0.66928
5813	YHR217C	0.66925
5814	YMR153W	0.66922
5815	YMR280C	0.66918
5816	YOR142W-B	0.66904
5817	YDR210C-D	0.66903
5818	YPR142C	0.66893
5819	YDL113C	0.6689
5820	YLR227W-B	0.66888
5821	YMR094W	0.66888
5822	YDR261C-D	0.66886
5823	YDR078C	0.66881
5824	YNL068C	0.66869
5825	YIL129C	0.66859
5826	YGR109C	0.66852
5827	YPL174C	0.66849
5828	YML076C	0.66848
5829	YMR173W	0.66848
5830	YNR045W	0.6684
5831	YLR320W	0.66839
5832	YDR322W	0.66838
5833	YDR316W-B	0.66828
5834	YGR225W	0.66825
5835	YDR131C	0.66799
5836	YML059C	0.66795
5837	YPR158W-B	0.6677
5838	YDR118W	0.66766
5839	YNL309W	0.66749
5840	YOR220W	0.66742
5841	YKR020W	0.6674
5842	YKL133C	0.66719
5843	YJL016W	0.66718
5844	YBR049C	0.66706
5845	YGL066W	0.66689
5846	YGR106C	0.66689
5847	YLR395C	0.66669
5848	YJR108W	0.66669
5849	YGR161W-A	0.66648
5850	YFL002W-B	0.66648
5851	YOR235W	0.66634
5852	YOR107W	0.66634
5853	YPL168W	0.66629
5854	YLR135W	0.66623
5855	YER006C-A	0.66621
5856	YEL010W	0.6661
5857	YER054C	0.66607
5858	YMR176W	0.66605
5859	YMR299C	0.66602
5860	YMR068W	0.66599
5861	YMR130W	0.66584
5862	YGR038C-E	0.66579
5863	YOR238W	0.66574
5864	YKL118W	0.66565
5865	YBR072C-A	0.66564
5866	YLR313C	0.6655
5867	YKR098C	0.66549
5868	YJL056C	0.66542
5869	YLR410W-A	0.6654
5870	YBR224W	0.66539
5871	YAR009C	0.6653
5872	YDL114W	0.66527
5873	YLL042C	0.66518
5874	YKL038W	0.66505
5875	YGL142C	0.66504
5876	YDR495C	0.66492
5877	YGR015C	0.6649
5878	YJR110W	0.66463
5879	YPL018W	0.6646
5880	YNL047C	0.66455
5881	YDR143C	0.66454
5882	YML002W	0.66441
5883	YLR459W	0.66436
5884	YGR013W	0.66434
5885	YER046W	0.66419
5886	YPL049C	0.66395
5887	YBR191W-A	0.66388
5888	YKR004C	0.66386
5889	YPL034W	0.66349
5890	YCR024C	0.6632
5891	YER184C	0.66311
5892	YNL234W	0.66305
5893	YKL108W	0.6628
5894	YIL005W	0.66279
5895	YGR168C	0.66276
5896	YNL159C	0.66274
5897	YOR140W	0.66268
5898	YGL160W	0.66256
5899	Q0182	0.66246
5900	YMR100W	0.66244
5901	YLR307C-A	0.66243
5902	YBR161W	0.66239
5903	YCR089W	0.66235
5904	YER093C-A	0.66234
5905	YGR171C	0.66233
5906	YCL019W	0.66231
5907	YPL177C	0.66224
5908	YOR343W-A	0.66214
5909	YER175W-A	0.66214
5910	YJL049W	0.66212
5911	YDR222W	0.6621
5912	YDR147W	0.66204
5913	YOR320C	0.66196
5914	YAL065C	0.66179
5915	YNL011C	0.66167
5916	YDR295C	0.66165
5917	YBR239C	0.6615
5918	YJL176C	0.66146
5919	YIL136W	0.66125
5920	YDR463W	0.66124
5921	YMR064W	0.66121
5922	YLR256W	0.6612
5923	YPR022C	0.66113
5924	YLR332W	0.6611
5925	YDR082W	0.66087
5926	YKL068W	0.66086
5927	YNL171C	0.66086
5928	YOR104W	0.6608
5929	YDL016C	0.66073
5930	YIL071W-A	0.66072
5931	YHR023W	0.66064
5932	YMR072W	0.66064
5933	YDR159W	0.66061
5934	YKL141W	0.66058
5935	YDR160W	0.66057
5936	YGR196C	0.66038
5937	YJL113W	0.66037
5938	YEL023C	0.66032
5939	YMR171C	0.66029
5940	YDR210W-A	0.66028
5941	YMR018W	0.6602
5942	YMR284W	0.66019
5943	YJL099W	0.66013
5944	YOR255W	0.66012
5945	YCR097W	0.66005
5946	YLR424C-B	0.65998
5947	YJR080C	0.65994
5948	YLR142W	0.6597
5949	YCL028W	0.65953
5950	YHR071W	0.65951
5951	YLR423C	0.65949
5952	YOL100W	0.65947
5953	YCL021W	0.65946
5954	YIR010W	0.65945
5955	YER112W	0.65941
5956	YBL005W	0.65933
5957	YER114C	0.65927
5958	YMR172W	0.65925
5959	YOR129C	0.65921
5960	YLR278C	0.65904
5961	YNL008C	0.65895
5962	YPL069C	0.65892
5963	YGR038C-D/YGR038C-C	0.65888
5964	YHL009W-B	0.65881
5965	YFL002W-A	0.65879
5966	YGR161W-B	0.65879
5967	YLR271W	0.65871
5968	YGL096W	0.65865
5969	YDR261W-B	0.65858
5970	YDL142C	0.65847
5971	YOR190W	0.65811
5972	YDR005C	0.65792
5973	YDR195W	0.65782
5974	YDR229W	0.6578
5975	YOR192C-B	0.65768
5976	YML058W	0.65763
5977	YJR134C	0.65759
5978	YDR350C	0.65757
5979	YAL028W	0.65756
5980	YLR254C	0.65747
5981	YCR043C	0.65739
5982	YPL161C	0.65739
5983	YLR187W	0.65735
5984	YMR164C	0.65734
5985	YPR117W	0.65734
5986	YGL081W	0.65733
5987	YMR065W	0.65732
5988	YER071C	0.65727
5989	YDR348C	0.65722
5990	YKL101W	0.65714
5991	YDL152W	0.65712
5992	YNL199C	0.65699
5993	YDR303C	0.65699
5994	YDL158C	0.65695
5995	YGL117W	0.65692
5996	YER138W-A	0.65671
5997	YDR422C	0.65659
5998	YBL043W	0.65659
5999	YGR140W	0.65658
6000	YMR098C	0.65656
6001	YDR210W-B	0.65642
6002	YDR198C	0.65632
6003	YHR082C	0.6563
6004	YCL005W	0.6563
6005	YBL100W-B	0.65627
6006	YDL149W	0.65617
6007	YDR034C-D	0.65613
6008	YNL201C	0.65612
6009	YIL055C	0.65598
6010	YJL084C	0.65596
6011	YLR410W-B	0.65596
6012	YDL107W	0.65592
6013	YFL019C	0.65588
6014	YPL040C	0.65572
6015	YMR030W	0.65566
6016	YPL115C	0.65565
6017	YKR037C	0.65543
6018	YJL048C	0.65534
6019	YLR001C	0.65529
6020	YDL184C	0.65526
6021	YDL133C-A	0.65526
6022	YPR012W	0.65521
6023	YOR337W	0.65508
6024	YOL003C	0.65507
6025	YJL187C	0.65499
6026	YGL162W	0.6549
6027	YDL186W	0.65488
6028	YLL033W	0.65459
6029	YOR058C	0.65453
6030	YLR424W	0.65451
6031	YDR466W	0.65421
6032	YDR057W	0.65405
6033	YOR343W-B	0.65397
6034	YMR118C	0.65394
6035	YDR469W	0.65373
6036	YPL272C	0.65371
6037	YGL226C-A	0.65364
6038	YLR211C	0.65322
6039	YBR077C	0.65316
6040	YJR091C	0.65316
6041	YDR317W	0.65311
6042	YML128C	0.65291
6043	YPL060C-A	0.65282
6044	YHR167W	0.6528
6045	YDR179C	0.65258
6046	YPL253C	0.65254
6047	YDR369C	0.65251
6048	YDL130W-A	0.65214
6049	YNL013C	0.65213
6050	YDR089W	0.65193
6051	YLR310C	0.65192
6052	YNR049C	0.65189
6053	YCL061C	0.65184
6054	YGL136C	0.65177
6055	YPR026W	0.65163
6056	Q0075	0.6516
6057	YLR040C	0.65156
6058	YOL069W	0.65141
6059	YLR454W	0.65139
6060	YOR114W	0.65139
6061	YNL105W	0.65113
6062	YPR020W	0.65109
6063	YGL194C-A	0.6509
6064	YGL107C	0.65086
6065	YLR465C	0.65066
6066	YKL050C	0.65065
6067	YOR298W	0.65063
6068	YAL034C	0.65056
6069	YOR047C	0.65051
6070	YLR403W	0.65051
6071	YGL086W	0.65049
6072	YDL056W	0.65049
6073	YBL084C	0.65033
6074	YIL159W	0.65008
6075	YKL072W	0.65001
6076	YPL130W	0.64983
6077	YOR019W	0.64982
6078	YHR056C	0.64979
6079	YMR257C	0.64973
6080	YNL210W	0.6497
6081	YGL151W	0.64969
6082	YNR044W	0.64968
6083	YER188C-A	0.64954
6084	YNL297C	0.64947
6085	YEL062W	0.64931
6086	YER173W	0.64925
6087	YDR543C	0.64921
6088	YCL057W	0.6492
6089	YML041C	0.64913
6090	YCR019W	0.64912
6091	YPL166W	0.64894
6092	YOR085W	0.64892
6093	YOR336W	0.64872
6094	YMR191W	0.64863
6095	YDR181C	0.64857
6096	YPR106W	0.64839
6097	YBL073W	0.64834
6098	YLR312C	0.64832
6099	YMR052W	0.64831
6100	YKR031C	0.64831
6101	YLR182W	0.64823
6102	YGR150C	0.64822
6103	YGR227W	0.64815
6104	YDR183C-A	0.64797
6105	YGR142W	0.64794
6106	YBR201C-A	0.64754
6107	YNL266W	0.64749
6108	YMR282C	0.64739
6109	YOR289W	0.64729
6110	YJL032W	0.64725
6111	YFR032C-B	0.64715
6112	YDL106C	0.64714
6113	YLR222C-A	0.64697
6114	YDR320C	0.64667
6115	YAL041W	0.64664
6116	YGR108W	0.64655
6117	YGR179C	0.64642
6118	YFL014W	0.64625
6119	YOR177C	0.64624
6120	YGR039W	0.64623
6121	YPL141C	0.64622
6122	YOL136C	0.64618
6123	YBR250W	0.64616
6124	YPR049C	0.64614
6125	YLR151C	0.64612
6126	YPR009W	0.64585
6127	YBR184W	0.64582
6128	YDR070C	0.6458
6129	YOR169C	0.64577
6130	YHL009C	0.64576
6131	YER022W	0.64571
6132	YDR119W	0.6457
6133	YBL052C	0.64569
6134	YPR101W	0.6456
6135	YAL063C-A	0.64545
6136	YPR021C	0.64544
6137	YBL085W	0.64544
6138	YDR071C	0.64543
6139	YBL103C	0.64518
6140	YNR014W	0.64486
6141	YBL051C	0.64444
6142	YLR360W	0.64439
6143	YGR233C	0.64424
6144	YKR016W	0.64423
6145	YJR092W	0.64419
6146	YLR190W	0.64416
6147	YOR148C	0.64392
6148	YDR076W	0.64371
6149	YLR024C	0.64367
6150	YDR451C	0.64355
6151	YPL016W	0.64352
6152	YGL059W	0.64343
6153	YDR240C	0.64336
6154	YEL007W	0.64314
6155	YML047C	0.64306
6156	YKR091W	0.64292
6157	YPR061C	0.64279
6158	YOR355W	0.64273
6159	YOR143C	0.64272
6160	YLR424C-A	0.64263
6161	YLR242C	0.64261
6162	YKL025C	0.6426
6163	YKR095W	0.64259
6164	YDR104C	0.64241
6165	YOL089C	0.64237
6166	YOR350C	0.64237
6167	YBR182C	0.6422
6168	YHR102W	0.64208
6169	Q0110	0.64195
6170	YER129W	0.64186
6171	YLR031W	0.64183
6172	YML043C	0.6417
6173	YDL073W	0.64166
6174	YIL101C	0.64159
6175	YGL061C	0.64156
6176	YBR033W	0.64144
6177	YPR122W	0.64142
6178	YHR152W	0.64137
6179	YGL176C	0.6413
6180	YDR169C	0.64113
6181	YGL075C	0.64087
6182	YNL156C	0.64074
6183	YJL180C	0.64068
6184	YPL120W	0.64031
6185	YFR008W	0.64031
6186	YGR134W	0.64025
6187	YDR277C	0.64017
6188	YDL159W-A	0.64001
6189	YMR195W	0.63982
6190	YBR066C	0.63963
6191	YPR042C	0.63963
6192	YDR123C	0.63943
6193	YDL176W	0.63937
6194	YNL225C	0.63933
6195	YOR028C	0.63932
6196	YCR015C	0.63928
6197	YNR039C	0.63928
6198	YNL195C	0.63912
6199	YLR230W	0.63902
6200	YHR004C	0.63877
6201	YPL219W	0.63837
6202	YGL215W	0.6381
6203	YIL097W	0.63805
6204	YLR376C	0.63787
6205	YBR050C	0.63776
6206	YBR168W	0.63772
6207	YHR131C	0.6375
6208	YOL107W	0.63748
6209	YPL156C	0.63707
6210	YFR017C	0.63706
6211	YLR238W	0.63692
6212	YDR532C	0.63675
6213	YGL197W	0.63671
6214	YGR153W	0.63669
6215	YOR037W	0.63662
6216	YLR018C	0.63653
6217	YKR099W	0.63639
6218	YEL014C	0.63631
6219	YHR159W	0.63607
6220	YKL176C	0.6359
6221	YEL005C	0.63587
6222	YHR017W	0.63548
6223	YOR186W	0.63531
6224	YGR250C	0.63495
6225	YGR122C-A	0.63495
6226	YIL049W	0.63495
6227	YER104W	0.63493
6228	YDL048C	0.63489
6229	YML103C	0.63474
6230	Q0080	0.63473
6231	YNL046W	0.63465
6232	YOR264W	0.63463
6233	YLR267W	0.63418
6234	YPR068C	0.63412
6235	YGL042C	0.634
6236	YHR143W	0.63381
6237	YDL127W	0.63352
6238	YLR176C	0.63332
6239	YNL172W	0.63296
6240	YBR013C	0.63295
6241	YGL038C	0.63294
6242	YJL058C	0.63275
6243	YOR158W	0.63255
6244	YBR136W	0.6325
6245	YBL046W	0.63245
6246	YMR187C	0.63243
6247	YGL175C	0.63238
6248	YOR349W	0.63233
6249	YMR326C	0.6322
6250	Q0092	0.63204
6251	YHR006W	0.63201
6252	YOL138C	0.63196
6253	YPL076W	0.63194
6254	YCR032W	0.63193
6255	YKL204W	0.63183
6256	YPL099C	0.63171
6257	YGR161C	0.63164
6258	YLR139C	0.63157
6259	YBR124W	0.63138
6260	YLR198C	0.63132
6261	YBL029W	0.63121
6262	YOR266W	0.63119
6263	YOL070C	0.63117
6264	YMR163C	0.63099
6265	YDR017C	0.63096
6266	YGL005C	0.63086
6267	YPL200W	0.63061
6268	YOR030W	0.63048
6269	YOR127W	0.63026
6270	YNL054W	0.63023
6271	YPL077C	0.63007
6272	YGR273C	0.63006
6273	YLR057W	0.62999
6274	YCR081W	0.6299
6275	YIL102C-A	0.62975
6276	YEL057C	0.62958
6277	YKL048C	0.62907
6278	YDR505C	0.62896
6279	YCL014W	0.62886
6280	YIL117C	0.62883
6281	YPL085W	0.62876
6282	YDR113C	0.6287
6283	YKL162C-A	0.62833
6284	YKR100C	0.62821
6285	YIL031W	0.62808
6286	YKR030W	0.62806
6287	YHR036W	0.62795
6288	YOR113W	0.62788
6289	YLR201C	0.62779
6290	YIL037C	0.62754
6291	YPR070W	0.62739
6292	YHL023C	0.62736
6293	YHR130C	0.62726
6294	YGL222C	0.62723
6295	Q0143	0.62713
6296	YDL170W	0.62711
6297	YIL045W	0.62682
6298	YDR034C-A	0.62644
6299	YER028C	0.62636
6300	YOR221C	0.62614
6301	YHR156C	0.62607
6302	YDL239C	0.62601
6303	YDR457W	0.6259
6304	YLR221C	0.62584
6305	YHR182W	0.62563
6306	YPL250C	0.62561
6307	YHR195W	0.62551
6308	YDR016C	0.62546
6309	YPL055C	0.62528
6310	YLR098C	0.62512
6311	YBR225W	0.6251
6312	YML062C	0.62507
6313	YDR443C	0.62491
6314	YDR310C	0.6248
6315	YMR273C	0.62473
6316	YJL103C	0.62469
6317	YCR033W	0.62468
6318	YDL189W	0.62466
6319	YER084W-A	0.62454
6320	YJL144W	0.62451
6321	YGR249W	0.62433
6322	YAL016C-B	0.62368
6323	YOR297C	0.62362
6324	YPR171W	0.62351
6325	YML015C	0.62326
6326	YPR185W	0.62313
6327	YPR013C	0.62281
6328	Q0115	0.62271
6329	YMR255W	0.62259
6330	YGL229C	0.62246
6331	YPR067W	0.62244
6332	YLR404W	0.62239
6333	YKR010C	0.62236
6334	YMR151W	0.62235
6335	YBR148W	0.62226
6336	YBR083W	0.62224
6337	YMR193C-A	0.62214
6338	YER181C	0.62177
6339	YMR066W	0.62173
6340	YDR043C	0.62149
6341	YLR030W	0.62145
6342	YPL193W	0.62124
6343	YKL171W	0.62113
6344	YMR270C	0.62097
6345	YFR023W	0.62097
6346	YPL223C	0.62092
6347	YPL075W	0.62083
6348	YOR032C	0.61998
6349	YPR044C	0.61995
6350	YNL183C	0.61992
6351	YPR078C	0.6199
6352	YBR131W	0.61982
6353	YFL021W	0.61968
6354	YGL219C	0.61958
6355	YDR146C	0.619
6356	YBL048W	0.61888
6357	YFR012W	0.61873
6358	YDR028C	0.61857
6359	YFL063W	0.61855
6360	YDL020C	0.61838
6361	YBL009W	0.61837
6362	YJR106W	0.61835
6363	YNR063W	0.61827
6364	YJR089W	0.61818
6365	YHR184W	0.61818
6366	YDR235W	0.61808
6367	YAR014C	0.61795
6368	YMR219W	0.61781
6369	YPL202C	0.61758
6370	YPR164W	0.61752
6371	YIR030C	0.61742
6372	YNR009W	0.61727
6373	YNL157W	0.61725
6374	YJL110C	0.61716
6375	YCR018C-A	0.61669
6376	YML007W	0.61658
6377	YDR379W	0.61651
6378	YMR119W	0.61649
6379	YML081W	0.61636
6380	YIL144W	0.61604
6381	YDR034C	0.61587
6382	YGR035C	0.61578
6383	YPL256C	0.61569
6384	YFR046C	0.61558
6385	YDR030C	0.61554
6386	YFL033C	0.61505
6387	YFR040W	0.61492
6388	YOR170W	0.61483
6389	YPL052W	0.61469
6390	YNL144C	0.61438
6391	YER149C	0.61421
6392	YOL029C	0.61419
6393	YBL063W	0.61362
6394	YPL068C	0.61358
6395	YFR019W	0.61327
6396	YKL020C	0.61321
6397	YOR066W	0.61298
6398	YHR079C-A	0.61297
6399	YFR054C	0.61292
6400	YIL122W	0.6128
6401	YGR089W	0.61271
6402	YDR406W-A	0.61248
6403	YKL062W	0.61226
6404	YBR255W	0.61209
6405	YMR023C	0.61202
6406	YGL071W	0.61198
6407	YMR016C	0.61196
6408	YER158C	0.61187
6409	YOR073W	0.61167
6410	YDR207C	0.61149
6411	YDR217C	0.61141
6412	YML027W	0.6112
6413	YPL158C	0.61119
6414	YHR175W-A	0.61106
6415	YDL088C	0.61094
6416	YDR356W	0.61092
6417	YPL201C	0.61085
6418	YAL031C	0.61074
6419	YGL223C	0.61028
6420	YGR067C	0.61018
6421	YIL036W	0.61018
6422	YOR192C-C	0.61009
6423	YPR084W	0.60994
6424	YIL071C	0.60994
6425	YDR524C	0.6097
6426	YMR293C	0.60963
6427	YNL152W	0.60938
6428	YGL057C	0.60929
6429	YGR098C	0.60894
6430	YJR056C	0.60892
6431	YLR353W	0.60887
6432	YGL073W	0.60881
6433	YIR033W	0.6086
6434	YGL035C	0.60846
6435	YJR003C	0.60834
6436	YER044C-A	0.60806
6437	YDR166C	0.60795
6438	YPR170W-A	0.60765
6439	YOR208W	0.60725
6440	YDL235C	0.60724
6441	YDL211C	0.60718
6442	YBR275C	0.60704
6443	YLL003W	0.60701
6444	YMR124W	0.60657
6445	YIR025W	0.60651
6446	YDR130C	0.60636
6447	YER045C	0.60591
6448	YML009C-A	0.60578
6449	YLR131C	0.60507
6450	YHR103W	0.605
6451	YMR144W	0.60483
6452	YBL053W	0.60482
6453	YJL149W	0.60482
6454	YOR342C	0.60475
6455	YJR011C	0.60472
6456	YNL115C	0.60468
6457	YGR041W	0.60455
6458	YPR095C	0.60434
6459	YER075C	0.60421
6460	YBL054W	0.60414
6461	YNR077C	0.60403
6462	YNL018C	0.60389
6463	YBL088C	0.60385
6464	YGL079W	0.60382
6465	YDL224C	0.6031
6466	YJL095W	0.60287
6467	YNL042W	0.60281
6468	YCR065W	0.60267
6469	YDR307W	0.60264
6470	YNL214W	0.60258
6471	YCL051W	0.60247
6472	YMR046W-A	0.60239
6473	YOR137C	0.60233
6474	YGR126W	0.60173
6475	YNL053W	0.60163
6476	YLR431C	0.60152
6477	YDR219C	0.60119
6478	YCL063W	0.60111
6479	YHR177W	0.60099
6480	YNL091W	0.60093
6481	YLL005C	0.60086
6482	YDL089W	0.60054
6483	YPR145C-A	0.6005
6484	YLR436C	0.6001
6485	YOR062C	0.59963
6486	YKL162C	0.59954
6487	YLR283W	0.59939
6488	YPR046W	0.59933
6489	YDR151C	0.59927
6490	YPL014W	0.5991
6491	YBR004C	0.59903
6492	YOL025W	0.59856
6493	YGL138C	0.59852
6494	YMR179W	0.59833
6495	YDL027C	0.59825
6496	YLR352W	0.59818
6497	YEL043W	0.59817
6498	YKL093W	0.59794
6499	YOR324C	0.59775
6500	YOL081W	0.59755
6501	YLR273C	0.59716
6502	YOL007C	0.59716
6503	YLR252W	0.59678
6504	YLR042C	0.59657
6505	YOL031C	0.59636
6506	YOL013W-B	0.59598
6507	YMR175W	0.59577
6508	YGL159W	0.59573
6509	YOR214C	0.59556
6510	YDR022C	0.59546
6511	YDR371W	0.59542
6512	YLR102C	0.59496
6513	YJL207C	0.59476
6514	YJL162C	0.59434
6515	YER038C	0.59417
6516	YGR240C-A	0.59404
6517	YJR083C	0.59396
6518	YNL034W	0.59396
6519	YKL112W	0.59388
6520	YOR076C	0.5938
6521	YBR140C	0.59354
6522	YMR086W	0.59349
6523	YOR023C	0.59307
6524	YPL159C	0.59293
6525	YLR282C	0.59285
6526	YPL071C	0.59272
6527	YDR439W	0.59262
6528	YDR446W	0.59258
6529	YOL091W	0.59248
6530	YNL076W	0.59237
6531	YER088C	0.59215
6532	YDL223C	0.59177
6533	YPR002C-A	0.5917
6534	YER040W	0.59113
6535	YDR029W	0.59093
6536	YKL092C	0.59085
6537	YDL199C	0.59084
6538	YPL255W	0.5906
6539	YPL269W	0.59051
6540	YDR227W	0.5904
6541	YBR095C	0.59039
6542	YDR103W	0.59038
6543	YAL040C	0.58976
6544	YBR047W	0.58951
6545	YMR204C	0.58932
6546	YGR113W	0.58907
6547	YAL010C	0.58903
6548	YNL197C	0.58865
6549	YDR184C	0.58844
6550	YLR445W	0.58804
6551	YKL042W	0.58782
6552	YGR120C	0.58761
6553	YDR515W	0.5876
6554	YOR352W	0.58752
6555	YGL021W	0.58736
6556	YGL023C	0.58684
6557	YOR195W	0.5861
6558	YMR232W	0.58558
6559	YCL044C	0.58556
6560	YDR216W	0.58544
6561	YJL185C	0.58462
6562	YNL103W	0.58395
6563	YJR030C	0.58386
6564	YML109W	0.58331
6565	YOR147W	0.5829
6566	YLR223C	0.58277
6567	YLL047W	0.58246
6568	YDR239C	0.58243
6569	YPR005C	0.58188
6570	YDL206W	0.58152
6571	YMR199W	0.58146
6572	YKL023C-A	0.58144
6573	YMR003W	0.58065
6574	YJR157W	0.58045
6575	YKR022C	0.5804
6576	YNL311C	0.58011
6577	YIL146C	0.57994
6578	YPL230W	0.57949
6579	YOR178C	0.57934
6580	YBL034C	0.57921
6581	YLR053C	0.57914
6582	YFL012W	0.57861
6583	YDR069C	0.57854
6584	YCL027W	0.57847
6585	YBR203W	0.57794
6586	YKL065W-A	0.57762
6587	YPL267W	0.57761
6588	YNL167C	0.57733
6589	YBR063C	0.57728
6590	YHR014W	0.57721
6591	YDR014W	0.57708
6592	YDL069C	0.57683
6593	YFR057W	0.57679
6594	YHR160C	0.57602
6595	YBR130C	0.57583
6596	YKR078W	0.57553
6597	YDR275W	0.57427
6598	YAL024C	0.57364
6599	YDL076C	0.57302
6600	YDR096W	0.57278
6601	YMR135C	0.57269
6602	YLR373C	0.57265
6603	YMR160W	0.57217
6604	YLR341W	0.57179
6605	YPL033C	0.57117
6606	YDR223W	0.57116
6607	YBR156C	0.57114
6608	YKL185W	0.57105
6609	YLR257W	0.57084
6610	YER106W	0.57077
6611	YOL036W	0.57035
6612	YDR374C	0.56985
6613	YPL180W	0.56974
6614	YPR158W	0.56945
6615	YJR162C	0.56882
6616	YBL109W	0.56881
6617	YAL047C	0.56852
6618	YLR394W	0.56834
6619	YPL070W	0.56788
6620	YDR249C	0.567
6621	YGR239C	0.56614
6622	YHL029C	0.56584
6623	YER130C	0.56468
6624	YPL054W	0.5642
6625	YNL233W	0.56412
6626	YKR077W	0.56392
6627	YLR457C	0.56362
6628	YBR165W	0.5636
6629	YIL135C	0.56329
6630	YMR206W	0.56324
6631	YDR351W	0.56301
6632	YBR007C	0.56261
6633	YDR259C	0.56257
6634	YOR044W	0.56228
6635	YBL031W	0.56126
6636	YER132C	0.5611
6637	YJL051W	0.56092
6638	YGL015C	0.56034
6639	YHR157W	0.5599
6640	YML112W	0.55948
6641	YGL128C	0.55828
6642	YML053C	0.55785
6643	YIL119C	0.55755
6644	YNL027W	0.55637
6645	YBR071W	0.55553
6646	YBR045C	0.55517
6647	YNL074C	0.55472
6648	YBR076W	0.55396
6649	YLR334C	0.55385
6650	YKL105C	0.55368
6651	YNL078W	0.55333
6652	YKL225W	0.55318
6653	YER167W	0.55235
6654	YOR372C	0.55223
6655	YBR211C	0.55123
6656	YDR480W	0.55112
6657	YER155C	0.55023
6658	YGR071C	0.55017
6659	YDR085C	0.54983
6660	YHR054C	0.54957
6661	YML119W	0.54946
6662	YJL181W	0.54925
6663	YHR061C	0.54918
6664	YGR221C	0.5479
6665	YPL121C	0.54664
6666	YER111C	0.54616
6667	YNL188W	0.54538
6668	YOR359W	0.54447
6669	Q0010	0.54398
6670	YJL161W	0.54367
6671	YMR075W	0.54365
6672	YJL090C	0.54362
6673	YGR023W	0.54216
6674	YDR186C	0.54088
6675	YER124C	0.54001
6676	YPL089C	0.53887
6677	YML091C	0.53886
6678	YBR285W	0.53738
6679	YNL176C	0.53549
6680	Q0255	0.53539
6681	YJL147C	0.53516
6682	YPR008W	0.53381
6683	YMR036C	0.532
6684	YLL065W	0.53147
6685	YPL124W	0.53099
6686	YDR425W	0.53022
6687	YOR315W	0.5295
6688	YER180C	0.52902
6689	YDR528W	0.52868
6690	YMR136W	0.52601
6691	YFR036W	0.5241
6692	YOR279C	0.52404
6693	YDR309C	0.52309
6694	YPL066W	0.51958
6695	YER033C	0.51849
6696	YMR037C	0.51848
6697	YML003W	0.51815
6698	YIL152W	0.51743
6699	YDL180W	0.51691
6700	YPR065W	0.5159
6701	YKL109W	0.51564
6702	YHR185C	0.5106
6703	YPL229W	0.50643
6704	YML006C	0.50571
6705	YGL170C	0.5054
6706	YNR010W	0.50475
6707	YJL089W	0.50406
6708	YLR049C	0.50399
6709	YNL146W	0.50237
6710	YPR083W	0.50192
6711	YBL081W	0.49634
6712	YKR075C	0.49141
6713	YMR181C	0.49137
6714	YER032W	0.49117
6715	Q0144	0.48945
6716	YMR252C	0.48895
6717	YER079W	0.48303
6718	YBR157C	0.47724
6719	YGL036W	0.47325
6720	Q0140	0.46567
6721	YOL106W	0.45845
6722	YMR081C	0.45125
6723	YBR138C	0.44661
6724	YJR094C	0.42062
6725	YGR146C	0.41806
6726	YDL007C-A	0.41225
6727	Q0032	0.40744
6728	YNL040C-A	0.31341
6729	YFR035W-A	0.31341
6730	YNL155C-A	0.31341
6731	YGR016C-A	0.31341
6732	YDL204W-A	0.31341
6733	YMR106W-A	0.31341
