rank	yeast_gene	cosine
1	YHR169W	0.93832
2	YLR147C	0.93382
3	YLR234W	0.93278
4	YGL008C	0.9313
5	YOR224C	0.93107
6	YDL084W	0.92957
7	YPL218W	0.92856
8	YDL229W	0.92848
9	YDL126C	0.9277
10	YER072W	0.9272
11	YNL209W	0.92667
12	YER095W	0.92552
13	YER148W	0.92515
14	YPL036W	0.9236
15	YEL051W	0.92296
16	YLR293C	0.92081
17	YPR182W	0.92019
18	YMR290C	0.91806
19	YOR185C	0.91771
20	YJR047C	0.91769
21	YEL034W	0.91762
22	YML102W	0.91753
23	YPL203W	0.91752
24	YLR258W	0.91652
25	YJL034W	0.91648
26	YDL014W	0.91641
27	YOR046C	0.9162
28	YOL005C	0.91603
29	YKR059W	0.91556
30	YJL014W	0.91537
31	YMR260C	0.91504
32	YLL024C	0.91473
33	YGL058W	0.91454
34	YGR231C	0.91431
35	YBR261C	0.91431
36	YLL026W	0.91407
37	YHR189W	0.91361
38	YGL211W	0.91358
39	YER103W	0.9132
40	YGR105W	0.91232
41	YNL064C	0.9121
42	YNR053C	0.91197
43	YER036C	0.91191
44	YMR109W	0.91185
45	YGL120C	0.9117
46	YOR133W	0.91144
47	YOR204W	0.91116
48	YDR339C	0.91102
49	YMR230W	0.91086
50	YNL112W	0.9108
51	YAL005C	0.91067
52	YPR080W	0.91052
53	YBR252W	0.91018
54	YBL075C	0.91001
55	YDR424C	0.90829
56	YHR170W	0.90827
57	YOR293W	0.90819
58	YDR155C	0.90808
59	YNL189W	0.90798
60	YPL106C	0.90773
61	YPL266W	0.90753
62	YKL190W	0.9074
63	YDL166C	0.90686
64	YNL148C	0.9066
65	YNL244C	0.90624
66	YGR214W	0.90613
67	YLR249W	0.90576
68	YLR113W	0.9056
69	YLR438C-A	0.90555
70	YHR200W	0.90531
71	YPL067C	0.9052
72	YGL070C	0.90495
73	YLR229C	0.90474
74	YGR211W	0.90455
75	YJL050W	0.90414
76	YAL020C	0.90376
77	YER107C	0.90348
78	YOL143C	0.90328
79	YHR030C	0.90311
80	YDR510W	0.90295
81	YDR190C	0.90285
82	YOR096W	0.90277
83	YPL129W	0.90271
84	YHR065C	0.90262
85	YMR186W	0.9026
86	YHR070W	0.90222
87	YNL075W	0.90213
88	YPL240C	0.90212
89	YGR218W	0.90189
90	YLR367W	0.90178
91	YNL014W	0.90144
92	YLR048W	0.90132
93	YDL055C	0.90129
94	YDR129C	0.90094
95	YJL026W	0.90093
96	YAR002C-A	0.90083
97	YLR186W	0.90075
98	YGL256W	0.90066
99	YBR160W	0.90057
100	YPL017C	0.90056
101	YJL030W	0.90054
102	YMR222C	0.9003
103	YPR204W	0.90022
104	YJL164C	0.9002
105	YER177W	0.90006
106	YDR238C	0.89972
107	YGR123C	0.89959
108	YBR089C-A	0.8994
109	YLR340W	0.89894
110	YGR020C	0.89894
111	YNL185C	0.89877
112	YIL143C	0.89876
113	YDR185C	0.89873
114	YNL290W	0.89847
115	YKL129C	0.89847
116	YGR210C	0.89841
117	YKL196C	0.89836
118	YGL099W	0.89814
119	YBL071W-A	0.89804
120	YPR173C	0.89784
121	YHR148W	0.8978
122	YDL192W	0.89768
123	YJL190C	0.89746
124	YEL026W	0.89728
125	YMR116C	0.8971
126	YNL113W	0.89695
127	YOL021C	0.89687
128	YOR259C	0.89684
129	YPR165W	0.89682
130	YDR021W	0.89679
131	YJL108C	0.89655
132	YBR169C	0.89654
133	YBR109C	0.89646
134	YGL078C	0.89619
135	YKR002W	0.89618
136	YML085C	0.89613
137	YGR252W	0.89599
138	YGR207C	0.89593
139	YGR085C	0.89583
140	YBL003C	0.89567
141	YML012W	0.8955
142	YPR102C	0.89543
143	YNL096C	0.8954
144	YDR225W	0.89513
145	YMR214W	0.89513
146	YNR073C	0.89507
147	YEL070W	0.89507
148	YPL119C	0.89503
149	YDL029W	0.89497
150	YGL062W	0.89492
151	YPL245W	0.89484
152	YGL091C	0.89471
153	YHR218W-A	0.89468
154	YBL112C	0.89468
155	YDR394W	0.89444
156	YOR122C	0.8942
157	YOR187W	0.89391
158	YHR203C	0.89376
159	YJR145C	0.89376
160	YGL063W	0.89363
161	YPR041W	0.89352
162	YFR015C	0.8935
163	YBR143C	0.89348
164	YDL022W	0.89329
165	YHR107C	0.89328
166	YBL078C	0.89309
167	YHR143W-A	0.89308
168	YKL013C	0.89295
169	YJL111W	0.89294
170	YOR117W	0.89281
171	YIL021W	0.89191
172	YOR089C	0.89184
173	YPL093W	0.89179
174	YKR057W	0.89171
175	YDL140C	0.89167
176	YBR154C	0.89167
177	YBL016W	0.89166
178	YDR447C	0.89166
179	YBR164C	0.89157
180	YPL211W	0.89147
181	YMR300C	0.89136
182	YIL078W	0.89132
183	YML024W	0.89131
184	YFL039C	0.89131
185	YJL136C	0.89123
186	YML124C	0.89107
187	YML069W	0.89085
188	YFL058W	0.89082
189	YGL048C	0.8907
190	YNL332W	0.89027
191	YBL024W	0.88975
192	YDR418W	0.88974
193	YEL054C	0.88974
194	YDL244W	0.88972
195	YNL255C	0.88923
196	YDR300C	0.88913
197	YBR218C	0.88897
198	YJR156C	0.88884
199	YKL145W	0.88879
200	YPL220W	0.8885
201	YGL135W	0.8885
202	YDR086C	0.88849
203	YPL235W	0.88846
204	YDL047W	0.88842
205	YDR172W	0.88841
206	YOR257W	0.88838
207	YPR052C	0.88823
208	YER074W-A	0.88822
209	YKL086W	0.8882
210	YBL026W	0.88807
211	YAL038W	0.88805
212	YER179W	0.888
213	YBL021C	0.88793
214	YDR373W	0.88785
215	YCR057C	0.88781
216	YLR200W	0.88773
217	YHR018C	0.88766
218	YGR253C	0.8876
219	YLL008W	0.88755
220	YDR429C	0.88747
221	YOR270C	0.88745
222	YER025W	0.88739
223	YEL066W	0.88734
224	YPL043W	0.88724
225	YDL064W	0.88721
226	YLR289W	0.88702
227	YLL018C	0.88664
228	YDL137W	0.88662
229	YNL135C	0.88645
230	YOR020C	0.88622
231	YDL097C	0.88609
232	YNL067W	0.88595
233	YOL110W	0.88588
234	YER159C	0.88576
235	YDR091C	0.88566
236	YER166W	0.88545
237	YOL164W	0.88545
238	YPL131W	0.88539
239	YER146W	0.88532
240	YER020W	0.88532
241	YGR204W	0.88503
242	YJR014W	0.88495
243	YOL038W	0.88495
244	YOL097C	0.88487
245	YDL087C	0.88468
246	YDR212W	0.88466
247	YDR099W	0.88462
248	YDR404C	0.88444
249	YLL060C	0.88439
250	YGR234W	0.88437
251	YMR236W	0.8843
252	YDL160C	0.88409
253	YPR192W	0.88402
254	YNL090W	0.88388
255	YDR226W	0.88382
256	YCR012W	0.88374
257	YPR113W	0.88373
258	YFR014C	0.88358
259	YJL191W	0.88342
260	YCR047C	0.88338
261	YHL047C	0.88333
262	YKL067W	0.8831
263	YLR074C	0.88303
264	YGR063C	0.88298
265	YPL143W	0.88268
266	YBR106W	0.88266
267	YNL098C	0.88264
268	YJR069C	0.88257
269	YDR381W	0.88253
270	YCR010C	0.88246
271	YBL113C	0.88237
272	YBL091C	0.88236
273	YGL147C	0.88233
274	YPR086W	0.88219
275	YKL024C	0.882
276	YLR168C	0.88183
277	YDR092W	0.88179
278	YGL054C	0.88155
279	YFR004W	0.88151
280	YGL137W	0.88149
281	YFL034C-A	0.88145
282	YDR002W	0.88145
283	YER099C	0.88137
284	YMR079W	0.88129
285	YOL133W	0.88119
286	YPR183W	0.88112
287	YOR234C	0.88112
288	YJR045C	0.88108
289	YCR009C	0.88107
290	YKL104C	0.88107
291	YDL108W	0.88098
292	YFR053C	0.88078
293	YEL077C	0.88076
294	YER125W	0.88065
295	YOL058W	0.88061
296	YGL043W	0.8806
297	YHR193C	0.88057
298	YNL288W	0.88036
299	YNR003C	0.88029
300	YJR007W	0.88026
301	YDR023W	0.88025
302	YGL253W	0.88023
303	YKL216W	0.88021
304	YPL237W	0.8802
305	YLL053C	0.88014
306	YBR082C	0.87994
307	YGR173W	0.87992
308	YJR025C	0.87988
309	YMR143W	0.87982
310	YDL083C	0.87982
311	YJL052W	0.87971
312	YOR159C	0.87966
313	YER043C	0.87965
314	YNL330C	0.87938
315	YKL002W	0.87936
316	YCL009C	0.87928
317	YLR170C	0.87921
318	YLR197W	0.879
319	YCR060W	0.87898
320	YPR110C	0.87894
321	YPL013C	0.87878
322	YCR020C-A	0.87866
323	YBR127C	0.87855
324	YCR031C	0.8783
325	YLR466W	0.87829
326	YDR045C	0.87816
327	YHR068W	0.87801
328	YOR362C	0.878
329	YER133W	0.87797
330	YFR009W	0.87783
331	YKL160W	0.87778
332	YLR061W	0.87773
333	YLL050C	0.87762
334	YDL134C	0.87752
335	YBR010W	0.87746
336	YHL050C	0.87735
337	YJL008C	0.87718
338	YNL307C	0.87701
339	YDR075W	0.87683
340	YNL241C	0.87682
341	YKL152C	0.87679
342	YJR009C	0.87657
343	YDL208W	0.87653
344	YJR105W	0.87634
345	YJL217W	0.8761
346	YKL009W	0.87598
347	YHR110W	0.87594
348	YPL199C	0.87593
349	YGL123W	0.87579
350	YJR058C	0.87574
351	YJL033W	0.8757
352	YPL061W	0.87554
353	YOL139C	0.87544
354	YOR094W	0.87541
355	YDR258C	0.8754
356	YER171W	0.87531
357	YDL182W	0.87525
358	YML057W	0.87524
359	YJR063W	0.87516
360	YBR025C	0.87513
361	YGR245C	0.87503
362	YOR310C	0.87494
363	YDR116C	0.87482
364	YPR088C	0.87456
365	YGL255W	0.87445
366	YJR074W	0.8744
367	YDR345C	0.87405
368	YGR208W	0.874
369	YDL222C	0.87399
370	YBL099W	0.87387
371	YBR080C	0.87385
372	YOR298C-A	0.87373
373	YHL011C	0.87362
374	YHR019C	0.87358
375	YNL220W	0.87355
376	YOR347C	0.87354
377	YHR092C	0.87344
378	YJR065C	0.87338
379	YFL066C	0.87335
380	YNL006W	0.87321
381	YKL218C	0.87306
382	YFL037W	0.87304
383	YLR216C	0.873
384	YAL026C	0.87287
385	YBR241C	0.87282
386	YAR073W	0.87271
387	YDR353W	0.87257
388	YMR146C	0.87252
389	YBL076C	0.87251
390	YHL040C	0.87245
391	YBL087C	0.87244
392	YER117W	0.87244
393	YIR042C	0.87222
394	YLR069C	0.87221
395	YMR183C	0.87212
396	YHL033C	0.87206
397	YDR388W	0.87201
398	YOR150W	0.87199
399	YFL045C	0.87198
400	YLR259C	0.87193
401	YIL003W	0.87189
402	YPL031C	0.87171
403	YKL080W	0.87163
404	YKL117W	0.87157
405	YBL068W	0.87157
406	YEL037C	0.87146
407	YGL163C	0.87137
408	YLL045C	0.87137
409	YDR059C	0.87133
410	YJL121C	0.87121
411	YDR224C	0.8712
412	YER165W	0.8712
413	YKR081C	0.87112
414	YER190W	0.87111
415	YPL058C	0.87098
416	YFR018C	0.87097
417	YEL027W	0.87095
418	YDR158W	0.87052
419	YPR163C	0.87033
420	YLR195C	0.87029
421	YPR062W	0.87025
422	YMR034C	0.87019
423	YPL232W	0.87011
424	YDR343C	0.86994
425	YCL040W	0.86985
426	YBR121C	0.86971
427	YJL167W	0.86971
428	YGR267C	0.86967
429	YPR069C	0.86965
430	YDL051W	0.86961
431	YER031C	0.86951
432	YBR187W	0.86947
433	YCL033C	0.86941
434	YBL002W	0.86937
435	YGR040W	0.86936
436	YBL030C	0.86929
437	YLR347C	0.86908
438	YPL234C	0.86906
439	YKL113C	0.86906
440	YER007C-A	0.86895
441	YEL058W	0.86889
442	YOR061W	0.86885
443	YHR174W	0.86884
444	YOL012C	0.86879
445	YLL067C	0.86876
446	YDR540C	0.86867
447	YPL259C	0.8686
448	YHL015W	0.86853
449	YDR342C	0.86841
450	YOL121C	0.86825
451	YOR027W	0.86821
452	YMR246W	0.86819
453	YCR059C	0.86813
454	YOL094C	0.86798
455	YBL091C-A	0.86795
456	YER089C	0.86792
457	YOR361C	0.86787
458	YGL011C	0.86787
459	YGR246C	0.86785
460	YGL126W	0.86785
461	YBR202W	0.86779
462	YJR017C	0.86776
463	YOR004W	0.86773
464	YOR145C	0.86769
465	YPL081W	0.86758
466	YHR021C	0.86751
467	YLR009W	0.8675
468	YNL232W	0.86739
469	YGL167C	0.86739
470	YKL217W	0.86738
471	YMR095C	0.86735
472	YLR397C	0.8673
473	YLR005W	0.86719
474	YGR192C	0.86667
475	YDL100C	0.86649
476	YLR075W	0.86648
477	YLR433C	0.86635
478	YML098W	0.86633
479	YKR038C	0.86632
480	YGR254W	0.86629
481	YPR016C	0.86625
482	YLR291C	0.8662
483	YKL207W	0.86618
484	YER060W-A	0.86611
485	YDL075W	0.86609
486	YIL065C	0.86603
487	YML026C	0.86592
488	YDR450W	0.86592
489	YCL010C	0.8659
490	YML008C	0.8659
491	YDR167W	0.86585
492	YLR193C	0.86581
493	YPL015C	0.86572
494	YOL147C	0.86572
495	YBR031W	0.86564
496	YOR151C	0.8655
497	YOR202W	0.86546
498	YNL010W	0.86542
499	YGL220W	0.86541
500	YGL200C	0.8654
501	YBR196C	0.86534
502	YPR108W	0.8653
503	YNL302C	0.86529
504	YDL006W	0.86519
505	YPL213W	0.86512
506	YHR135C	0.8651
507	YKL156W	0.86502
508	YJL012C	0.865
509	YPR181C	0.86492
510	YML101C	0.8649
511	YGL210W	0.86485
512	YDR454C	0.86485
513	YOR084W	0.86479
514	YLR180W	0.86477
515	YGL097W	0.86473
516	YDL188C	0.86471
517	YBL050W	0.86465
518	YDR012W	0.86458
519	YIR009W	0.86454
520	YHR128W	0.86454
521	YHR057C	0.86452
522	YLR384C	0.86448
523	YEL031W	0.86434
524	YNL061W	0.86426
525	YPL127C	0.86424
526	YDL102W	0.86416
527	YOL077C	0.86408
528	YLR028C	0.86402
529	YLR175W	0.86401
530	YMR307W	0.86388
531	YDR502C	0.86386
532	YLR153C	0.86386
533	YLR167W	0.86381
534	YLR406C	0.86378
535	YMR015C	0.86375
536	YNR002C	0.86362
537	YGR256W	0.86361
538	YHR106W	0.86339
539	YEL021W	0.86332
540	YER178W	0.86324
541	YBR296C	0.86324
542	YCL035C	0.86323
543	YHR010W	0.86319
544	YHL016C	0.86316
545	YEL030W	0.86313
546	YIL148W	0.8631
547	YKR094C	0.8631
548	YGR152C	0.86308
549	YMR205C	0.86292
550	YBR054W	0.86289
551	YJL213W	0.86285
552	YMR314W	0.86281
553	YGL201C	0.86272
554	YGR185C	0.86271
555	YER055C	0.86261
556	YKR097W	0.86254
557	YLR011W	0.86251
558	YFL017W-A	0.86245
559	YKL035W	0.86242
560	YOR036W	0.8624
561	YGR281W	0.86229
562	YDR040C	0.86224
563	YER174C	0.86217
564	YBR249C	0.86211
565	YLR058C	0.86209
566	YNL007C	0.86208
567	YAR007C	0.86193
568	YMR203W	0.86183
569	YNL323W	0.86181
570	YDR471W	0.86175
571	YNL281W	0.86174
572	YLR448W	0.86166
573	YPL226W	0.86165
574	YIL177C	0.86164
575	YDR304C	0.86162
576	YCL059C	0.86159
577	YGR282C	0.86157
578	YJL225C	0.86141
579	YMR069W	0.86128
580	YGL030W	0.86118
581	YHR183W	0.86118
582	YDR328C	0.86115
583	YER012W	0.86114
584	YHL003C	0.86113
585	YHR094C	0.86098
586	YGR027C	0.86091
587	YDR139C	0.86087
588	YLR281C	0.8608
589	YDR375C	0.86073
590	YMR292W	0.86069
591	YOR197W	0.86068
592	YOL086W-A	0.86065
593	YNR050C	0.86062
594	YNL132W	0.86059
595	YGL130W	0.86055
596	YIR036C	0.86054
597	YJR153W	0.8605
598	YLL066C	0.86047
599	YPR160W	0.86045
600	YAL035W	0.86017
601	YDR196C	0.86014
602	YFR051C	0.86012
603	YDR487C	0.86007
604	YPR103W	0.85999
605	YGL245W	0.85992
606	YJL065C	0.85992
607	YFL022C	0.85989
608	YLR081W	0.85985
609	YBR221C	0.85983
610	YKR080W	0.85973
611	YBL023C	0.85973
612	YHR066W	0.85953
613	YEL032W	0.85939
614	YBR189W	0.85937
615	YGL122C	0.85935
616	YDR093W	0.85926
617	YLR333C	0.85924
618	YDR039C	0.8592
619	YAR035W	0.85915
620	YER081W	0.85914
621	YDL164C	0.85906
622	YML010W	0.85891
623	YDL001W	0.85883
624	YDR341C	0.85877
625	YAL042W	0.85864
626	YHR089C	0.8586
627	YJL153C	0.85859
628	YML123C	0.85855
629	YOR157C	0.85854
630	YGR132C	0.85848
631	YPL135W	0.85845
632	YOL030W	0.85842
633	YKL059C	0.85839
634	YGL105W	0.85838
635	YAL003W	0.85837
636	YER006W	0.85836
637	YBL015W	0.85834
638	YML094W	0.8583
639	YDR392W	0.85829
640	YPL086C	0.85825
641	YJL214W	0.85822
642	YOR375C	0.85818
643	YLR326W	0.85816
644	YKL084W	0.85782
645	YLR134W	0.85779
646	YPR145W	0.85763
647	YJR139C	0.8576
648	YAL061W	0.85754
649	YOR323C	0.85753
650	YOR161C	0.85749
651	YBR038W	0.85738
652	YML133W-A	0.85737
653	YPL283W-A	0.85737
654	YNL339W-A	0.85737
655	YGR296C-A	0.85737
656	YER190C-A	0.85737
657	YIL043C	0.85726
658	YJL001W	0.85715
659	YPL094C	0.85709
660	YER023W	0.85707
661	YGR043C	0.85698
662	YNR036C	0.85691
663	YDR188W	0.85686
664	YMR276W	0.85685
665	YJL159W	0.85678
666	YAL036C	0.85677
667	YOL084W	0.85672
668	YEL011W	0.85648
669	YGL106W	0.85645
670	YOR369C	0.85644
671	YGL225W	0.85636
672	YML133C	0.85631
673	YMR271C	0.8563
674	YNL178W	0.85627
675	YKR039W	0.85626
676	YDL135C	0.85619
677	YKL078W	0.85618
678	YER004W	0.85613
679	YOR153W	0.856
680	YJR104C	0.85592
681	YLR276C	0.8559
682	YGR180C	0.85573
683	YFL067W	0.85568
684	YLR044C	0.85567
685	YGR285C	0.85567
686	YDL145C	0.85559
687	YOR006C	0.85556
688	YDL245C	0.85549
689	YML073C	0.85547
690	YDL213C	0.85546
691	YNR057C	0.85537
692	YHR005C-A	0.85534
693	YLR038C	0.85527
694	YDR121W	0.85527
695	YDR545W	0.85507
696	YLR467W	0.85507
697	YOR396W	0.85507
698	YBR267W	0.85503
699	YHR218W	0.85502
700	YDR038C	0.85499
701	YER060W	0.85496
702	YJR158W	0.85495
703	YCR021C	0.85494
704	YDL230W	0.85493
705	YKL001C	0.8549
706	YDR037W	0.85482
707	YDR406W	0.85481
708	YHR005C	0.85478
709	YLL018C-A	0.85469
710	YCR073W-A	0.85462
711	YHR096C	0.85456
712	YIL165C	0.85456
713	YOR116C	0.85442
714	YGR296W	0.8544
715	YPL283C	0.8544
716	YNL339C	0.85438
717	YER074W	0.85438
718	YIL069C	0.85438
719	YNL069C	0.85428
720	YKR068C	0.85428
721	YJR109C	0.85421
722	YBL102W	0.85418
723	YGR048W	0.85408
724	YIR037W	0.85406
725	YBL057C	0.85397
726	YOR381W	0.85389
727	YML001W	0.85389
728	YGL207W	0.85378
729	Q0275	0.85356
730	YDR448W	0.8535
731	YKL146W	0.85347
732	YFL038C	0.8534
733	YOL142W	0.85331
734	YPL051W	0.8533
735	YOR207C	0.85329
736	YGL234W	0.85328
737	YDR397C	0.85327
738	YLR432W	0.85327
739	YNL240C	0.85327
740	YFL059W	0.85308
741	YJR068W	0.85302
742	YDR120C	0.85299
743	YFL056C	0.85288
744	YHL006C	0.85276
745	YKL220C	0.85273
746	YPL079W	0.85271
747	YNL111C	0.85264
748	Q0130	0.85251
749	YBR228W	0.85238
750	YEL039C	0.85237
751	YOR168W	0.85234
752	YNL093W	0.85232
753	YGL002W	0.85219
754	YNL138W	0.85219
755	YCL036W	0.85216
756	YER056C	0.85209
757	YMR197C	0.85205
758	YDL128W	0.85201
759	YBR234C	0.8519
760	YKL166C	0.8519
761	YBR191W	0.85184
762	YLR359W	0.85181
763	YEL046C	0.85181
764	YBR019C	0.8518
765	YDR519W	0.85179
766	YMR217W	0.85171
767	YHR064C	0.85171
768	YDL007W	0.85169
769	YDR488C	0.85164
770	YIL009W	0.85159
771	YOR265W	0.85152
772	YOL066C	0.85141
773	YPL217C	0.85131
774	YLR325C	0.85125
775	YAL064W-B	0.85115
776	YDL092W	0.85114
777	YLL039C	0.85109
778	YBR263W	0.85108
779	YER086W	0.85107
780	YLR244C	0.85105
781	YMR226C	0.85105
782	YCR098C	0.85094
783	YML056C	0.8509
784	YJL124C	0.85087
785	YNL333W	0.85085
786	YOR091W	0.85078
787	YLR378C	0.85064
788	YJR143C	0.85064
789	YLR043C	0.85059
790	YAL062W	0.85052
791	YHR007C	0.85033
792	YDL031W	0.85026
793	YHR040W	0.85023
794	YNL154C	0.85022
795	YOR332W	0.8502
796	YPL160W	0.85012
797	YDL168W	0.8501
798	YEL069C	0.8501
799	YNL072W	0.85009
800	YJL218W	0.85008
801	YHR216W	0.85008
802	YBR170C	0.85002
803	YHR163W	0.84994
804	YGL171W	0.84991
805	YML021C	0.8499
806	YMR235C	0.84986
807	YDR297W	0.84986
808	YBR126C	0.84981
809	YLR303W	0.8498
810	YPR074C	0.84975
811	YDR064W	0.84974
812	YNR072W	0.84971
813	YIL142W	0.84966
814	YPL275W	0.84964
815	YPL187W	0.84962
816	YPR051W	0.84958
817	YJR121W	0.84946
818	YLR208W	0.8494
819	YBR155W	0.84939
820	YBR085W	0.84938
821	YLR129W	0.84936
822	YBL036C	0.84935
823	YOR077W	0.84933
824	YFL002C	0.84933
825	YHL018W	0.84933
826	YKL170W	0.8493
827	YHR219W	0.84928
828	YOL006C	0.84926
829	YMR120C	0.84925
830	YKL164C	0.84925
831	YDL201W	0.84925
832	YJL196C	0.84922
833	YKL006W	0.84902
834	YOR217W	0.84898
835	YML022W	0.84891
836	YMR194C-B	0.8489
837	YOR252W	0.84886
838	YHL001W	0.84876
839	YDR312W	0.84875
840	YCR068W	0.84867
841	YGL221C	0.84854
842	YBR009C	0.84847
843	YPL042C	0.84842
844	YGL087C	0.84841
845	YBR159W	0.8484
846	YOL156W	0.84834
847	YCR087C-A	0.8483
848	YEL020W-A	0.84827
849	YMR011W	0.84808
850	YGL076C	0.84807
851	YOR086C	0.84802
852	YML063W	0.84797
853	YMR054W	0.84788
854	YGR248W	0.84782
855	YKL163W	0.84776
856	YPR033C	0.84771
857	YKL028W	0.84765
858	YKR026C	0.84754
859	YLR060W	0.84749
860	YNL268W	0.84749
861	YGR203W	0.84745
862	YDL131W	0.84743
863	YDR033W	0.84741
864	YNL104C	0.84732
865	YGL212W	0.84727
866	YFL060C	0.84724
867	YOR196C	0.84715
868	YNL081C	0.84709
869	YNR064C	0.84709
870	YPL198W	0.84708
871	YPL004C	0.84706
872	YDL147W	0.84704
873	YER110C	0.84703
874	YCR051W	0.84692
875	YJL198W	0.8469
876	YOL158C	0.84683
877	YJR049C	0.84665
878	YJL055W	0.84665
879	YER090W	0.84665
880	YGR021W	0.84662
881	YOR327C	0.84658
882	YOR378W	0.84656
883	YML106W	0.84651
884	YJL210W	0.84649
885	YPL212C	0.84632
886	YFL011W	0.84629
887	YIL109C	0.84624
888	YGR118W	0.84618
889	YPR132W	0.84618
890	YGR124W	0.84611
891	YGR135W	0.84609
892	YFL061W	0.84604
893	YNL335W	0.84604
894	YJL219W	0.84602
895	YAR015W	0.84597
896	YJR073C	0.84592
897	YLR441C	0.84591
898	YER145C	0.8459
899	YGR247W	0.8459
900	YER052C	0.84585
901	YFL018C	0.84579
902	YIL133C	0.84571
903	YOR317W	0.84568
904	YKL128C	0.84559
905	YLR264W	0.84548
906	YAL044W-A	0.84546
907	YKL181W	0.84544
908	YIR015W	0.84531
909	YDL018C	0.84526
910	YNL264C	0.84524
911	YJL035C	0.84522
912	YPL281C	0.84511
913	YOR393W	0.84511
914	YJL079C	0.84509
915	YKL212W	0.84506
916	YHR034C	0.84504
917	YER019W	0.84502
918	YHR191C	0.84494
919	YER009W	0.84493
920	YEL024W	0.84486
921	YER057C	0.84485
922	YER002W	0.84484
923	YML067C	0.84482
924	YOL016C	0.8448
925	YLR398C	0.84477
926	YPL151C	0.84476
927	YPR035W	0.84472
928	YOR128C	0.84467
929	YDR056C	0.8446
930	YOR103C	0.84459
931	YNR043W	0.84459
932	YML074C	0.84458
933	YDR516C	0.84453
934	YDR267C	0.84452
935	YAL030W	0.84447
936	YMR056C	0.84404
937	YJL063C	0.84403
938	YGL022W	0.84389
939	YNR032W	0.84387
940	YDR177W	0.84378
941	YER082C	0.84377
942	YBL022C	0.84377
943	YGR279C	0.84376
944	YLR130C	0.84372
945	YLR160C	0.84372
946	YLR157C	0.84372
947	YLR158C	0.84372
948	YLR155C	0.84372
949	YKL127W	0.84367
950	YBR078W	0.84363
951	YBR298C	0.84357
952	YPR010C	0.84356
953	YLR268W	0.84343
954	YBR112C	0.8434
955	YJR048W	0.84336
956	YCR048W	0.8433
957	YMR323W	0.84326
958	YIL074C	0.84325
959	YNL055C	0.84319
960	YIL145C	0.84318
961	YLR429W	0.84316
962	YGR163W	0.84296
963	YLR447C	0.84295
964	YOR167C	0.84283
965	YOR326W	0.8428
966	YOR226C	0.84277
967	YKL053C-A	0.84277
968	YIR031C	0.84257
969	YOL127W	0.84252
970	YOR048C	0.84251
971	YFR032C	0.84247
972	YLR330W	0.84247
973	YKR018C	0.84236
974	YBL111C	0.84232
975	YML014W	0.8423
976	YER143W	0.84222
977	YNR048W	0.84215
978	YMR310C	0.84213
979	YML079W	0.84212
980	YOL039W	0.84211
981	YBR114W	0.84206
982	YKL041W	0.84205
983	YGL103W	0.84201
984	YKL021C	0.84201
985	YNL334C	0.84191
986	YIR012W	0.8419
987	YAL023C	0.84184
988	YFL005W	0.84182
989	YLR338W	0.84175
990	YLR055C	0.84174
991	YNR020C	0.84171
992	YMR093W	0.84163
993	YLR277C	0.8416
994	YGL001C	0.84157
995	YBR034C	0.84151
996	YPL028W	0.84148
997	YLR449W	0.84142
998	YJR159W	0.84139
999	YEL013W	0.84133
1000	YDR074W	0.8413
1001	YOR358W	0.84123
1002	YNL024C	0.84123
1003	YBR039W	0.84113
1004	YIL001W	0.84111
1005	YEL038W	0.84106
1006	YNR032C-A	0.84101
1007	YER026C	0.84097
1008	YNL259C	0.84093
1009	YOL162W	0.84089
1010	YIL052C	0.84087
1011	YHR020W	0.84076
1012	YBL029C-A	0.84069
1013	YDL057W	0.8406
1014	YPL175W	0.84055
1015	YOR119C	0.84054
1016	YDL049C	0.8405
1017	YER056C-A	0.84047
1018	YPL169C	0.84046
1019	YER091C	0.84044
1020	YBR245C	0.84036
1021	YHR027C	0.84034
1022	YNL117W	0.84026
1023	YOR339C	0.8402
1024	YIL062C	0.84015
1025	YPR094W	0.84009
1026	YBL039C	0.84009
1027	YOR283W	0.84005
1028	YPL221W	0.84002
1029	YGR240C	0.83983
1030	YDR536W	0.83982
1031	YOR243C	0.83982
1032	YPR082C	0.83971
1033	YDR321W	0.83968
1034	YKL029C	0.83968
1035	YLR022C	0.83965
1036	YCR046C	0.83959
1037	YKL210W	0.83942
1038	YMR132C	0.83934
1039	YDR011W	0.83921
1040	YDL246C	0.83913
1041	YNR060W	0.83911
1042	YDL081C	0.83897
1043	YCL043C	0.83893
1044	YDR313C	0.83884
1045	YNL191W	0.83877
1046	YOL124C	0.83872
1047	YDR050C	0.83863
1048	YIL094C	0.83859
1049	YER039C	0.83858
1050	YOR206W	0.83854
1051	YNL153C	0.83852
1052	YJL130C	0.83846
1053	YLR218C	0.83841
1054	YER029C	0.83833
1055	YOL093W	0.83827
1056	YCR004C	0.83823
1057	YLR243W	0.83814
1058	YHR088W	0.83809
1059	YFL026W	0.83799
1060	YMR286W	0.83795
1061	YIR008C	0.8379
1062	YGR209C	0.83788
1063	YDL185W	0.83786
1064	YPR024W	0.83786
1065	YOR341W	0.83785
1066	YJR084W	0.8378
1067	YML078W	0.83778
1068	YIR022W	0.83776
1069	YMR266W	0.83771
1070	YER073W	0.83764
1071	YPL010W	0.83761
1072	YLR342W	0.83759
1073	YNL142W	0.83748
1074	YMR108W	0.83748
1075	YPR112C	0.83746
1076	YNL277W	0.83744
1077	YDR063W	0.8374
1078	YPL048W	0.83731
1079	YOL062C	0.83726
1080	YOR303W	0.83724
1081	YOR294W	0.83724
1082	YGL040C	0.8372
1083	YFR055W	0.83715
1084	YIL170W	0.83711
1085	YJR152W	0.83706
1086	YOL122C	0.83704
1087	YGR100W	0.83702
1088	YLR141W	0.83698
1089	YJL208C	0.83693
1090	YKL081W	0.83688
1091	YNL301C	0.83684
1092	YOL120C	0.83684
1093	YHR147C	0.83684
1094	YLR344W	0.83683
1095	YLR034C	0.8368
1096	YPL154C	0.8368
1097	YMR224C	0.83679
1098	YGR138C	0.83677
1099	Q0045	0.83669
1100	YKL148C	0.83664
1101	YOL075C	0.83661
1102	YLL028W	0.83656
1103	YJL179W	0.83651
1104	YBR011C	0.83645
1105	YML018C	0.83645
1106	YDR276C	0.83643
1107	YMR202W	0.83643
1108	YMR263W	0.83622
1109	YPR100W	0.83618
1110	YKL060C	0.83608
1111	YLR059C	0.83598
1112	YLR145W	0.83588
1113	YPL090C	0.83587
1114	YBR181C	0.83587
1115	YGL206C	0.83586
1116	YOR348C	0.83575
1117	YLR213C	0.83574
1118	YOR007C	0.83573
1119	YJL024C	0.83573
1120	YPR081C	0.83573
1121	YDL095W	0.83565
1122	YFL016C	0.83563
1123	YML028W	0.83563
1124	YGR220C	0.83561
1125	YMR210W	0.83554
1126	YMR090W	0.83553
1127	YAL054C	0.83539
1128	YOR321W	0.83533
1129	YBR265W	0.83527
1130	YIR035C	0.83525
1131	YEL063C	0.83517
1132	YDL103C	0.83509
1133	YIR034C	0.83508
1134	YNL095C	0.83504
1135	YGL119W	0.83502
1136	YMR288W	0.83494
1137	YOL151W	0.83484
1138	YOR039W	0.83479
1139	YOR108W	0.83472
1140	YHR013C	0.8347
1141	YBR088C	0.83462
1142	YLR354C	0.8345
1143	YMR305C	0.83431
1144	YFL055W	0.83431
1145	YBR243C	0.83421
1146	YCL025C	0.83412
1147	YDR148C	0.83407
1148	YOL132W	0.83407
1149	YMR180C	0.83404
1150	YAL039C	0.83398
1151	YOR304W	0.83398
1152	YDR001C	0.83397
1153	YGL026C	0.83395
1154	YGR175C	0.83388
1155	YDR382W	0.83384
1156	YDR032C	0.83378
1157	YLR172C	0.83373
1158	YDL052C	0.83369
1159	YGR034W	0.83365
1160	YIL114C	0.83356
1161	YLR245C	0.83354
1162	YCL030C	0.83344
1163	YER142C	0.83342
1164	YOR367W	0.83342
1165	YMR285C	0.83339
1166	YDL243C	0.83336
1167	YJR072C	0.83334
1168	YOR388C	0.8333
1169	YBR236C	0.8333
1170	YFR028C	0.83314
1171	YJL094C	0.83313
1172	YBR079C	0.83313
1173	YOR074C	0.83305
1174	YHL034C	0.833
1175	YIR026C	0.83292
1176	YMR089C	0.83282
1177	YNL175C	0.83276
1178	YKL033W-A	0.83269
1179	YJR064W	0.8326
1180	YLR029C	0.83254
1181	YOR261C	0.83251
1182	YKL046C	0.8324
1183	YNR034W	0.83239
1184	YHR190W	0.83238
1185	YCL011C	0.83234
1186	YGR200C	0.83232
1187	YIR013C	0.8323
1188	YIL121W	0.8322
1189	YLL056C	0.83217
1190	YLR237W	0.83208
1191	YML080W	0.83207
1192	YPL276W	0.83202
1193	YDR384C	0.832
1194	YGR037C	0.83194
1195	YPL204W	0.83188
1196	YGR060W	0.83187
1197	YLR328W	0.83175
1198	YGR029W	0.83173
1199	YER120W	0.83171
1200	YPR138C	0.83171
1201	YOL041C	0.83163
1202	YDL144C	0.83156
1203	YML035C	0.83152
1204	YGR065C	0.8315
1205	YBR167C	0.83148
1206	YDR062W	0.83147
1207	YER070W	0.83122
1208	YBL018C	0.83122
1209	YEL050C	0.83117
1210	YLR066W	0.83115
1211	YNL274C	0.83111
1212	YER062C	0.83109
1213	YGR103W	0.83102
1214	YDR408C	0.831
1215	YBR117C	0.83098
1216	YER094C	0.83093
1217	YLR355C	0.83086
1218	YEL044W	0.8308
1219	YIL103W	0.8308
1220	YIR028W	0.83079
1221	YPL244C	0.83076
1222	YGL157W	0.83069
1223	YGL037C	0.83067
1224	YNL331C	0.83063
1225	YGR074W	0.83061
1226	YBL105C	0.83056
1227	YMR121C	0.83047
1228	YAL060W	0.83046
1229	YBR137W	0.83045
1230	YGR032W	0.83044
1231	YDL125C	0.83038
1232	YER017C	0.83034
1233	YER131W	0.83033
1234	YNR046W	0.83023
1235	YPR004C	0.83009
1236	YGR007W	0.83006
1237	YLR409C	0.83001
1238	YBR242W	0.82998
1239	YDL046W	0.82996
1240	YBR222C	0.82978
1241	YDL132W	0.82975
1242	YDL072C	0.82973
1243	YER003C	0.82953
1244	YOR092W	0.82949
1245	YKL172W	0.82936
1246	YGR289C	0.82935
1247	YDL136W	0.82933
1248	YDL191W	0.82933
1249	YBL041W	0.82932
1250	YBR162W-A	0.82928
1251	YIR002C	0.82927
1252	YGL189C	0.82923
1253	YGL100W	0.82923
1254	YPR149W	0.82922
1255	YKR093W	0.8292
1256	YOR126C	0.82914
1257	YPL012W	0.82911
1258	YDR025W	0.82901
1259	YBR048W	0.82901
1260	YOR213C	0.82899
1261	YMR194W	0.82893
1262	YMR080C	0.82893
1263	YEL001C	0.82891
1264	YMR297W	0.82889
1265	YBR248C	0.82888
1266	YDR047W	0.82887
1267	YHR168W	0.82883
1268	YOL080C	0.82871
1269	YJR124C	0.8287
1270	YER119C	0.82868
1271	YJL177W	0.82865
1272	YIL155C	0.82865
1273	YHR042W	0.82863
1274	YJR070C	0.82863
1275	YOL059W	0.8286
1276	YGL047W	0.82854
1277	YOR328W	0.8285
1278	YGR159C	0.82842
1279	YNL312W	0.82842
1280	YOL086C	0.82841
1281	YOL055C	0.82841
1282	YGL020C	0.82839
1283	YBL001C	0.82835
1284	YGL208W	0.82831
1285	YOL129W	0.82818
1286	YEL065W	0.82816
1287	YIL116W	0.82811
1288	YDL212W	0.82806
1289	YER018C	0.82805
1290	YBL032W	0.82803
1291	YDR232W	0.82803
1292	YBR235W	0.82801
1293	YCR027C	0.828
1294	YFR033C	0.82794
1295	YGL252C	0.82794
1296	YDR482C	0.82789
1297	YDL130W	0.82785
1298	YPL231W	0.82782
1299	YGL012W	0.8278
1300	YNL110C	0.8278
1301	YNR055C	0.82774
1302	YIL106W	0.82773
1303	YGL232W	0.82772
1304	YJR077C	0.82769
1305	YML068W	0.82768
1306	YDR453C	0.82766
1307	YJL045W	0.82765
1308	YPL249C-A	0.82755
1309	YGR131W	0.82754
1310	YGL148W	0.82754
1311	YGR005C	0.82743
1312	YFL028C	0.82733
1313	YMR105C	0.82733
1314	YDR541C	0.8273
1315	YPR133C	0.82726
1316	YKR042W	0.82725
1317	YBR256C	0.82721
1318	YNR071C	0.82717
1319	YDR280W	0.82704
1320	YNL270C	0.82703
1321	YER162C	0.82703
1322	YNR011C	0.82699
1323	YLR438W	0.82697
1324	YML075C	0.82696
1325	YOR087W	0.82685
1326	YIL124W	0.82676
1327	YGR155W	0.82676
1328	YML092C	0.82671
1329	YNL202W	0.82664
1330	YER069W	0.82658
1331	YBL038W	0.82656
1332	YGR286C	0.82651
1333	YKL180W	0.82648
1334	YNL001W	0.82646
1335	YKR035W-A	0.82639
1336	YNL125C	0.82637
1337	YCR072C	0.82636
1338	YOR131C	0.82634
1339	YNR026C	0.82632
1340	YDR083W	0.82629
1341	YKL027W	0.82627
1342	YEL040W	0.82625
1343	YPR019W	0.82625
1344	YCR028C	0.82625
1345	YKL191W	0.82622
1346	YLL011W	0.82603
1347	YHR050W	0.826
1348	YFR031C-A	0.82596
1349	YIL018W	0.82596
1350	YKR013W	0.82594
1351	YNL123W	0.82584
1352	YLR348C	0.82579
1353	YAL007C	0.82578
1354	YJL216C	0.82572
1355	YKR012C	0.82566
1356	YGR264C	0.82565
1357	YIL066C	0.82564
1358	YKL039W	0.82563
1359	YMR009W	0.82558
1360	YGR271W	0.82555
1361	YHR039C-A	0.82543
1362	YCR075W-A	0.82536
1363	YFL053W	0.82533
1364	YMR008C	0.82522
1365	YDR135C	0.82519
1366	YDR256C	0.82515
1367	YLR209C	0.82513
1368	YJL212C	0.82512
1369	YDL085C-A	0.82512
1370	YDR084C	0.8251
1371	YFR010W	0.82508
1372	YGR082W	0.82506
1373	YBR087W	0.825
1374	YCL017C	0.82497
1375	YMR319C	0.82496
1376	YDL227C	0.82493
1377	YOR099W	0.8249
1378	YGL031C	0.82483
1379	YKL135C	0.82479
1380	YML125C	0.82467
1381	YAL049C	0.82467
1382	YER126C	0.82465
1383	YOR163W	0.82451
1384	YPL206C	0.82451
1385	YNL207W	0.82449
1386	YKR040C	0.82439
1387	YDL060W	0.82435
1388	YBL082C	0.82431
1389	YNR074C	0.82422
1390	YGL009C	0.82421
1391	YPR107C	0.8242
1392	YFL017C	0.82418
1393	YFR044C	0.82415
1394	YLR377C	0.82401
1395	YPL111W	0.824
1396	YKR025W	0.824
1397	YDR294C	0.82398
1398	YDR272W	0.82398
1399	YGL190C	0.82397
1400	YPL095C	0.82397
1401	YIR004W	0.82391
1402	YHR074W	0.82385
1403	YLL041C	0.82382
1404	YNL222W	0.8238
1405	YIL064W	0.82355
1406	YDR508C	0.82352
1407	YKR062W	0.82345
1408	YMR173W-A	0.82334
1409	YKL094W	0.82333
1410	YBR020W	0.8233
1411	YNL079C	0.82329
1412	YGL139W	0.82327
1413	YGR148C	0.82327
1414	YPL246C	0.82326
1415	YDR399W	0.82325
1416	YLR420W	0.82325
1417	YGL017W	0.82324
1418	YGR121C	0.82323
1419	YLR078C	0.82323
1420	YNL231C	0.82323
1421	YBR210W	0.82315
1422	YDL110C	0.82294
1423	YBR091C	0.82289
1424	YKL157W	0.82282
1425	YLR192C	0.82281
1426	YGL039W	0.82275
1427	YDR490C	0.8227
1428	YIL020C	0.8227
1429	YNL134C	0.82269
1430	YBR006W	0.82266
1431	YDR214W	0.82258
1432	YFR031C	0.82254
1433	YJR123W	0.82247
1434	YJR155W	0.82244
1435	YGR244C	0.82239
1436	YHR132C	0.82234
1437	YMR272C	0.82222
1438	YPR028W	0.82222
1439	YGR095C	0.82218
1440	YGR087C	0.82217
1441	YOL125W	0.82201
1442	YKL213C	0.8219
1443	YBR146W	0.82187
1444	YOR253W	0.82185
1445	YDR493W	0.82184
1446	YDL045W-A	0.82183
1447	YGR271C-A	0.82183
1448	YMR084W	0.82179
1449	YPR056W	0.82177
1450	YDR465C	0.82176
1451	YPR034W	0.82173
1452	YOL018C	0.82172
1453	YDL190C	0.82168
1454	YJL080C	0.82166
1455	YGR031W	0.82166
1456	YGR191W	0.82164
1457	YER065C	0.82154
1458	YLR126C	0.8215
1459	YDR456W	0.82147
1460	YPL091W	0.82147
1461	YLR092W	0.82134
1462	YGR092W	0.82128
1463	YEL059C-A	0.82127
1464	YIL075C	0.82122
1465	YIL053W	0.82117
1466	YBR145W	0.82114
1467	YDR098C	0.82113
1468	YGR055W	0.82101
1469	YNL087W	0.82099
1470	YCL054W	0.82098
1471	YJR160C	0.82092
1472	YNL044W	0.82089
1473	YJR016C	0.82086
1474	YPL046C	0.82085
1475	YDL123W	0.82082
1476	YJL087C	0.8208
1477	YOR335C	0.82071
1478	YMR225C	0.8207
1479	YLR399C	0.82055
1480	YOR250C	0.82041
1481	YHR144C	0.82033
1482	YML065W	0.82028
1483	YJR095W	0.82027
1484	YJL143W	0.8202
1485	YJL104W	0.82012
1486	YMR315W	0.82011
1487	YPL207W	0.82009
1488	YLR174W	0.81999
1489	YHR047C	0.81998
1490	YIL169C	0.81982
1491	YNL243W	0.81965
1492	YPL170W	0.81957
1493	YDR483W	0.81927
1494	YIL126W	0.81906
1495	YDR534C	0.81903
1496	YMR303C	0.81901
1497	YLR411W	0.81894
1498	YIL160C	0.8189
1499	YOR155C	0.81886
1500	YFR024C-A	0.81884
1501	YAL021C	0.81876
1502	YMR049C	0.81876
1503	YHR063C	0.81871
1504	YEL041W	0.8187
1505	YPR037C	0.8186
1506	YHL017W	0.81855
1507	YOR065W	0.8185
1508	YLR364W	0.81849
1509	YOR273C	0.81849
1510	YDR291W	0.81848
1511	YMR308C	0.81835
1512	YHR029C	0.81831
1513	YCR034W	0.81825
1514	YNR070W	0.81818
1515	YMR301C	0.81814
1516	YJL174W	0.81807
1517	YJL116C	0.81801
1518	YDR046C	0.818
1519	YAL019W	0.81797
1520	YER015W	0.8178
1521	YDR041W	0.81779
1522	YHR012W	0.81766
1523	YJR024C	0.81759
1524	YMR178W	0.81758
1525	YPR188C	0.81749
1526	YPL122C	0.81744
1527	YMR058W	0.81744
1528	YPL059W	0.81731
1529	YDL155W	0.81728
1530	YER013W	0.81724
1531	YDR105C	0.81717
1532	YJR010C-A	0.81708
1533	YOR236W	0.81701
1534	YCR069W	0.81697
1535	YDR090C	0.81696
1536	YGR283C	0.81694
1537	YPR144C	0.81694
1538	YBL007C	0.81688
1539	YEL003W	0.81687
1540	YBR264C	0.81681
1541	YGR181W	0.81656
1542	YPL002C	0.81651
1543	YIL120W	0.81625
1544	YDR007W	0.8162
1545	YLR121C	0.81619
1546	YML077W	0.81619
1547	YPL258C	0.81616
1548	YKL095W	0.81612
1549	YHR026W	0.81612
1550	YCL018W	0.81609
1551	YMR242C	0.81608
1552	YOR312C	0.81608
1553	YHR210C	0.81602
1554	YFL057C	0.816
1555	YBL042C	0.816
1556	YCL074W	0.81599
1557	YIL048W	0.81595
1558	YOR192C	0.81588
1559	YHR208W	0.81585
1560	YOL090W	0.81579
1561	YJL002C	0.81574
1562	YJL115W	0.81571
1563	YDR398W	0.81566
1564	YKL184W	0.81558
1565	YFL001W	0.81548
1566	YOR356W	0.81544
1567	YBR037C	0.81541
1568	YNR034W-A	0.81536
1569	YBR295W	0.81536
1570	YLR304C	0.81521
1571	YOR239W	0.81519
1572	YGR086C	0.81517
1573	YCL073C	0.81517
1574	YGL019W	0.81497
1575	YOR101W	0.81494
1576	YKR014C	0.8149
1577	YBR286W	0.81469
1578	YJR001W	0.81468
1579	YGR144W	0.81468
1580	YGL115W	0.81466
1581	YBL027W	0.81462
1582	YBR084C-A	0.81462
1583	YGR094W	0.81461
1584	YER156C	0.8145
1585	YOR142W	0.81449
1586	YBR073W	0.81436
1587	YMR074C	0.81433
1588	YNL162W-A	0.81431
1589	YHR031C	0.81431
1590	YCR076C	0.81427
1591	YLR137W	0.81423
1592	YPR121W	0.81419
1593	YPR180W	0.81417
1594	YBR244W	0.81409
1595	YPR178W	0.81408
1596	YMR279C	0.81391
1597	YJR112W-A	0.81388
1598	YPR194C	0.81387
1599	YLR412W	0.81386
1600	YLR426W	0.81381
1601	YDR533C	0.81364
1602	YIL162W	0.81359
1603	YBR029C	0.81358
1604	YOR021C	0.81356
1605	YKR084C	0.81354
1606	YPR156C	0.81351
1607	YHL042W	0.8133
1608	YKR066C	0.8133
1609	YDR378C	0.81323
1610	YDR055W	0.81322
1611	YER147C	0.81321
1612	YLR286C	0.81321
1613	YML087C	0.81317
1614	YDR497C	0.81317
1615	YDR337W	0.81312
1616	YNL059C	0.81304
1617	YMR188C	0.81303
1618	YPR131C	0.81286
1619	YER044C	0.81283
1620	YJL145W	0.81276
1621	YLR138W	0.81272
1622	YAR050W	0.81269
1623	YKR106W	0.81266
1624	YLL036C	0.81264
1625	YCR005C	0.81262
1626	YGR078C	0.81254
1627	YNL108C	0.81253
1628	YNL023C	0.81252
1629	YKR024C	0.81246
1630	YJR129C	0.81245
1631	YDR539W	0.81231
1632	YJL171C	0.81226
1633	YJR103W	0.81224
1634	YHR033W	0.81222
1635	YOR045W	0.81211
1636	YMR241W	0.81208
1637	YKR050W	0.81206
1638	YHR108W	0.8118
1639	YAL053W	0.81178
1640	YLR099C	0.81175
1641	YIL010W	0.81164
1642	YER185W	0.81159
1643	YBL011W	0.81158
1644	YBL072C	0.81152
1645	YER102W	0.81152
1646	YGL095C	0.81145
1647	YKL114C	0.81145
1648	YLR181C	0.81138
1649	YMR318C	0.81134
1650	YDR243C	0.81129
1651	YNL057W	0.81128
1652	YGR047C	0.81124
1653	YLR008C	0.81118
1654	YFR050C	0.81114
1655	YNL282W	0.81109
1656	YMR027W	0.81103
1657	YNL275W	0.81092
1658	YMR278W	0.81092
1659	YDL200C	0.81089
1660	YAL064C-A	0.81088
1661	YNR065C	0.81085
1662	YLR188W	0.81084
1663	YJL151C	0.81077
1664	YDR368W	0.81072
1665	YLR418C	0.81067
1666	YNL071W	0.8106
1667	YBR204C	0.81051
1668	YHR129C	0.81044
1669	YDL036C	0.81039
1670	YDR013W	0.81037
1671	YFL041W	0.81033
1672	YOR295W	0.81032
1673	YOL103W	0.81026
1674	YBR021W	0.81025
1675	YNL088W	0.81023
1676	YMR316C-B	0.81011
1677	YOR380W	0.81005
1678	YOR384W	0.81004
1679	YLR017W	0.80983
1680	YGL029W	0.80982
1681	YLR275W	0.80974
1682	YLR410W	0.80953
1683	YFR038W	0.8095
1684	YNL246W	0.80948
1685	YBR043C	0.80948
1686	YLR196W	0.8094
1687	YKL144C	0.80934
1688	YMR221C	0.80927
1689	YPL262W	0.80924
1690	YAL012W	0.80924
1691	YNL284C	0.80923
1692	YPR193C	0.80923
1693	YLR065C	0.80918
1694	YBR092C	0.80909
1695	YIR019C	0.80908
1696	YNL326C	0.80906
1697	YJL068C	0.80903
1698	YKR043C	0.80901
1699	YBR008C	0.80897
1700	YNL099C	0.80896
1701	YBR023C	0.80895
1702	YLR222C	0.80892
1703	YLR401C	0.8089
1704	YGL006W	0.80884
1705	YPL050C	0.80876
1706	YMR251W	0.80875
1707	YEL042W	0.80873
1708	YFL048C	0.80873
1709	YGL236C	0.80872
1710	YML126C	0.8087
1711	YBR015C	0.80869
1712	YML052W	0.80845
1713	YNR015W	0.80843
1714	YJR148W	0.80833
1715	YNL248C	0.80831
1716	YBR035C	0.80829
1717	YLR179C	0.80828
1718	YMR158W	0.80823
1719	YLL058W	0.80821
1720	YER136W	0.80818
1721	YKL085W	0.80817
1722	YOR056C	0.8081
1723	YIL035C	0.80807
1724	YNL149C	0.808
1725	YKR053C	0.808
1726	YDR193W	0.80798
1727	YLR026C	0.80797
1728	YBR294W	0.80792
1729	YMR243C	0.8079
1730	YOR071C	0.8078
1731	YGR197C	0.80778
1732	YGR276C	0.80778
1733	YOR209C	0.80776
1734	YJL128C	0.8077
1735	YPR167C	0.80767
1736	YJR015W	0.80767
1737	YMR123W	0.80761
1738	YGL050W	0.80761
1739	YDL202W	0.80757
1740	YKL008C	0.80753
1741	YDR525W-A	0.80745
1742	YER063W	0.80732
1743	YMR071C	0.80726
1744	YLL023C	0.80725
1745	YNR001C	0.80721
1746	YLR435W	0.80717
1747	YML105C	0.80712
1748	YPR111W	0.80711
1749	YPR186C	0.8071
1750	YFL004W	0.80709
1751	YDR182W-A	0.80693
1752	YML009C	0.80691
1753	YMR145C	0.80686
1754	YDL247W	0.80686
1755	YMR169C	0.80685
1756	YBR115C	0.80682
1757	YMR096W	0.80679
1758	YAL009W	0.80679
1759	YGR083C	0.80678
1760	YLR027C	0.80667
1761	YGR145W	0.80667
1762	YLL029W	0.80665
1763	YEL056W	0.80663
1764	YNL037C	0.80658
1765	YOR370C	0.80657
1766	YHR175W	0.80655
1767	YFL008W	0.80653
1768	YPL153C	0.80652
1769	YMR022W	0.80648
1770	YBR002C	0.80646
1771	YGR195W	0.80645
1772	YDL086W	0.80637
1773	YKL003C	0.80631
1774	YEL060C	0.80624
1775	YDR060W	0.80618
1776	YAL029C	0.80617
1777	YGR213C	0.80617
1778	YMR238W	0.80615
1779	YMR244W	0.80603
1780	YBR177C	0.806
1781	YBR014C	0.80596
1782	YOL065C	0.80585
1783	YMR215W	0.80577
1784	YNL287W	0.80573
1785	YNR019W	0.80573
1786	YLR146C	0.80572
1787	YOR013W	0.8057
1788	YHR025W	0.80568
1789	YNL066W	0.8056
1790	YDL124W	0.80537
1791	YLR215C	0.80536
1792	YGR024C	0.80533
1793	YJR085C	0.80532
1794	YMR167W	0.8053
1795	YDL218W	0.8053
1796	YJR133W	0.80525
1797	YKR048C	0.8052
1798	YDR468C	0.80519
1799	YER027C	0.80518
1800	YLR152C	0.8051
1801	YKR095W-A	0.80504
1802	YMR262W	0.80504
1803	YIL118W	0.80501
1804	YGR004W	0.80479
1805	YEL020C	0.80478
1806	YMR099C	0.80477
1807	YDR164C	0.80477
1808	YMR264W	0.8047
1809	YBR001C	0.8047
1810	YLL014W	0.80465
1811	YHR041C	0.80465
1812	YNL194C	0.80462
1813	YER176W	0.80459
1814	YOR165W	0.80457
1815	YJR010W	0.80452
1816	YDR237W	0.80448
1817	YDR411C	0.80447
1818	YGR028W	0.80444
1819	YER164W	0.80433
1820	YBR223C	0.8043
1821	YAL016W	0.80429
1822	YGL181W	0.80421
1823	YDL236W	0.80419
1824	YDR035W	0.80419
1825	YGL242C	0.80416
1826	YGL240W	0.80409
1827	YOR034C	0.80409
1828	YPL173W	0.80399
1829	YHR121W	0.80399
1830	YOL157C	0.80391
1831	YML055W	0.80385
1832	YOR063W	0.80385
1833	YGR287C	0.80379
1834	YBR198C	0.80378
1835	YHR032W	0.80378
1836	YJL011C	0.80375
1837	YNL021W	0.80373
1838	YML025C	0.80372
1839	YLL055W	0.80369
1840	YEL047C	0.80361
1841	YDR264C	0.8036
1842	YPL208W	0.8036
1843	YJR113C	0.80359
1844	YGR187C	0.80354
1845	YLR324W	0.80353
1846	YBR251W	0.80352
1847	YPL265W	0.8034
1848	YOR095C	0.80337
1849	YLR382C	0.80333
1850	YGR088W	0.8033
1851	YCR037C	0.80309
1852	YAL044C	0.80293
1853	YLR262C-A	0.80291
1854	YLR369W	0.80286
1855	YOL112W	0.8028
1856	YDL143W	0.80279
1857	YDR513W	0.80276
1858	YIL123W	0.80276
1859	YPL134C	0.8025
1860	YEL052W	0.80247
1861	YHR052W	0.80247
1862	YMR196W	0.80246
1863	YIL172C	0.8024
1864	YJL221C	0.8024
1865	YLR108C	0.80235
1866	YJR096W	0.80235
1867	YDR117C	0.80218
1868	YLR004C	0.80211
1869	YLR251W	0.80209
1870	YNL200C	0.80204
1871	YFL044C	0.80196
1872	YCR028C-A	0.80188
1873	YNL107W	0.80188
1874	YBR223W-A	0.80177
1875	YLR150W	0.80175
1876	YBR227C	0.80171
1877	YJR050W	0.8017
1878	YGL101W	0.80167
1879	YBR058C	0.80158
1880	YDR019C	0.80154
1881	YPL006W	0.80129
1882	YEL064C	0.8012
1883	YGR162W	0.80119
1884	YMR161W	0.80118
1885	YBL092W	0.80117
1886	YOL067C	0.80115
1887	YCR090C	0.80112
1888	YAL063C	0.80103
1889	YKR009C	0.801
1890	YDR051C	0.8009
1891	YDR433W	0.80084
1892	YNL163C	0.80083
1893	YPR190C	0.80081
1894	YBR254C	0.80075
1895	YLR003C	0.80069
1896	YIL164C	0.80068
1897	YBR162C	0.80064
1898	YMR092C	0.80064
1899	YCR008W	0.80059
1900	YDR334W	0.80044
1901	YNL223W	0.80041
1902	YNL313C	0.80033
1903	YNR016C	0.80028
1904	YJL155C	0.80023
1905	YPR176C	0.80022
1906	YPL037C	0.80014
1907	YGL068W	0.80011
1908	YDR298C	0.79999
1909	YJR132W	0.79981
1910	YDR140W	0.79979
1911	YIL108W	0.79971
1912	YKL107W	0.7997
1913	YNL203C	0.7997
1914	YGR243W	0.79968
1915	YKL022C	0.79961
1916	YMR277W	0.7996
1917	YDR374W-A	0.79958
1918	YNL292W	0.79956
1919	YKL069W	0.79953
1920	YMR244C-A	0.7995
1921	YLR292C	0.7995
1922	YIL063C	0.79941
1923	YMR085W	0.7993
1924	YML054C	0.79929
1925	YLR351C	0.79928
1926	YMR193W	0.79925
1927	YML064C	0.79923
1928	YCR011C	0.79921
1929	YDL040C	0.79917
1930	YNL121C	0.79903
1931	YDL174C	0.79898
1932	YMR250W	0.79895
1933	YEL071W	0.79893
1934	YER048C	0.79891
1935	YBR046C	0.7989
1936	YCR061W	0.79886
1937	YLR019W	0.79881
1938	YPL092W	0.79876
1939	YOL114C	0.79874
1940	YCL042W	0.79872
1941	YPL157W	0.79867
1942	YDL210W	0.79864
1943	YHR111W	0.79858
1944	YCR002C	0.79857
1945	YIL153W	0.79852
1946	YIL068C	0.79839
1947	YLL034C	0.79836
1948	YBR052C	0.79833
1949	YNR054C	0.79831
1950	YPL282C	0.79827
1951	YOR394W	0.79827
1952	YDR263C	0.79818
1953	YDL080C	0.79815
1954	YIL016W	0.79808
1955	YOR055W	0.79803
1956	YLL025W	0.79791
1957	YNL102W	0.79788
1958	YPR197C	0.79785
1959	YPL264C	0.79775
1960	YHR008C	0.79772
1961	YLR189C	0.79769
1962	YPL274W	0.79767
1963	YHR044C	0.79755
1964	YBR283C	0.79753
1965	YAR003W	0.79752
1966	YNL137C	0.79751
1967	YCR013C	0.79746
1968	YLR421C	0.79742
1969	YGL205W	0.79735
1970	YLR072W	0.7973
1971	YDR111C	0.79725
1972	YLR347W-A	0.79722
1973	YGL033W	0.7972
1974	YLR100W	0.79704
1975	YIL125W	0.79697
1976	YER175C	0.79695
1977	YGR186W	0.79694
1978	YOR040W	0.79688
1979	YGR061C	0.79679
1980	YFL042C	0.79676
1981	YLR287C	0.79674
1982	YDL004W	0.79674
1983	YNR013C	0.79673
1984	YMR006C	0.79669
1985	YGL010W	0.79669
1986	YHR179W	0.79664
1987	YLR117C	0.79661
1988	YDR270W	0.79661
1989	YOR262W	0.79643
1990	YOR011W	0.79642
1991	YJL158C	0.79634
1992	YBL100C	0.79632
1993	YGR169C-A	0.7963
1994	YDR358W	0.79629
1995	YBR291C	0.79621
1996	YGR224W	0.79621
1997	YBR208C	0.79618
1998	YMR201C	0.79617
1999	YER053C	0.79616
2000	YAL025C	0.79604
2001	YLR037C	0.79597
2002	YMR213W	0.79592
2003	YPL239W	0.79586
2004	YLR007W	0.79583
2005	YPL171C	0.79577
2006	YLL009C	0.79571
2007	YOR246C	0.7957
2008	YMR229C	0.79565
2009	YPR025C	0.79564
2010	YGR260W	0.79562
2011	YFL034C-B	0.79559
2012	YFR030W	0.79556
2013	Q0050	0.79544
2014	YBR237W	0.79531
2015	YPL222W	0.79528
2016	YJR137C	0.79525
2017	YHR211W	0.79524
2018	YHR043C	0.79523
2019	YNR051C	0.79512
2020	YMR127C	0.795
2021	YMR020W	0.795
2022	YHR187W	0.79496
2023	YFL034W	0.79495
2024	YDL150W	0.79493
2025	YGR010W	0.7949
2026	YDR009W	0.79487
2027	YIL022W	0.79475
2028	YNR027W	0.79473
2029	YGR262C	0.79471
2030	YNL190W	0.79468
2031	YJR149W	0.79454
2032	YOL165C	0.79447
2033	YOR120W	0.79444
2034	YPR137W	0.79444
2035	YLR262C	0.79442
2036	YCR107W	0.79441
2037	YGL244W	0.7944
2038	YML131W	0.79433
2039	YOR280C	0.79431
2040	YBR068C	0.79403
2041	YPL024W	0.794
2042	YBR139W	0.79394
2043	YKL182W	0.7939
2044	YKL211C	0.79389
2045	YOL154W	0.79383
2046	YDR183W	0.79379
2047	YOR357C	0.79377
2048	YDL217C	0.79377
2049	YML072C	0.7937
2050	YJR034W	0.79362
2051	YJR125C	0.79357
2052	YCR053W	0.79356
2053	YHR062C	0.79355
2054	YHR001W	0.79352
2055	YJR032W	0.79349
2056	YLR220W	0.79348
2057	YNL022C	0.79345
2058	YHR201C	0.79343
2059	YBL040C	0.79337
2060	YOR161W-B	0.79332
2061	YLR339C	0.79327
2062	YDR236C	0.79324
2063	YDR191W	0.79318
2064	YDR362C	0.79316
2065	YDR145W	0.79315
2066	YOR351C	0.79312
2067	YAR042W	0.79311
2068	YPL132W	0.79308
2069	YMR042W	0.79307
2070	YKL103C	0.79306
2071	YBR107C	0.79299
2072	YKL154W	0.79286
2073	YMR325W	0.79284
2074	YGL143C	0.79283
2075	YMR220W	0.79281
2076	YHR123W	0.79274
2077	YDR044W	0.79269
2078	YGL044C	0.79267
2079	YOL034W	0.79266
2080	YDL160C-A	0.79265
2081	YER180C-A	0.7926
2082	YGR009C	0.79255
2083	YLR002C	0.79254
2084	YBR090C	0.79247
2085	YIR041W	0.79247
2086	YGR189C	0.79239
2087	YDR530C	0.79238
2088	YGL186C	0.79237
2089	YGL224C	0.79236
2090	YOR110W	0.7923
2091	YGL198W	0.79226
2092	YOR164C	0.79224
2093	YNL130C	0.79223
2094	YKL065C	0.79217
2095	YOR391C	0.79205
2096	YIL091C	0.79204
2097	YDR436W	0.7919
2098	YOR222W	0.79188
2099	YCR094W	0.79178
2100	YBR231C	0.79175
2101	YKL224C	0.79175
2102	YMR306W	0.79175
2103	YGR022C	0.79171
2104	YJL134W	0.79163
2105	YBR072W	0.79163
2106	YOR109W	0.79158
2107	YGR012W	0.79157
2108	YMR304W	0.7915
2109	YER168C	0.7915
2110	YPR120C	0.79128
2111	YPR128C	0.79128
2112	YER183C	0.79124
2113	YAL067C	0.79121
2114	YOR172W	0.79116
2115	YDR324C	0.79111
2116	YAR023C	0.79111
2117	YOL009C	0.79107
2118	YDR112W	0.79087
2119	YOR184W	0.79074
2120	YDR364C	0.7907
2121	YDR127W	0.79068
2122	YBR084W	0.79062
2123	YOR198C	0.79061
2124	YOR271C	0.79058
2125	YKR067W	0.79056
2126	YMR170C	0.79053
2127	YBL017C	0.79051
2128	YER030W	0.79046
2129	YLR214W	0.79042
2130	YGL055W	0.79041
2131	YMR239C	0.79034
2132	YFR047C	0.79027
2133	YBR113W	0.79026
2134	YLR390W	0.79021
2135	YDR402C	0.79019
2136	YDR204W	0.79014
2137	YNR008W	0.79012
2138	YKL186C	0.79012
2139	YLR212C	0.7901
2140	YLR250W	0.7901
2141	YER100W	0.79008
2142	YBR214W	0.79007
2143	YKL161C	0.79
2144	YMR138W	0.78998
2145	YOR162C	0.78981
2146	YOR254C	0.7898
2147	YNL147W	0.78979
2148	YNR052C	0.78971
2149	YLR272C	0.78966
2150	YNR029C	0.78961
2151	YGR292W	0.7896
2152	YPR054W	0.7896
2153	YNL329C	0.78953
2154	YKR079C	0.78932
2155	YJL041W	0.78929
2156	YPR161C	0.78926
2157	YGL111W	0.78924
2158	YLR383W	0.78922
2159	YNL212W	0.78921
2160	YCR104W	0.78911
2161	YLL022C	0.78911
2162	YKR056W	0.7891
2163	YPR087W	0.78905
2164	YNL155W	0.78893
2165	YER172C	0.78884
2166	YJL072C	0.78882
2167	YNL016W	0.78875
2168	YDL148C	0.78873
2169	YLR388W	0.78869
2170	YJR116W	0.78868
2171	YJR141W	0.78864
2172	YOR024W	0.78857
2173	YDR211W	0.78841
2174	YBL056W	0.78838
2175	YMR309C	0.78833
2176	YJR042W	0.78827
2177	YBR190W	0.78825
2178	YLL064C	0.78824
2179	YNR076W	0.78824
2180	YMR227C	0.78823
2181	YGR058W	0.78821
2182	YHL026C	0.78818
2183	YCR105W	0.78817
2184	YOL130W	0.78811
2185	YKR105C	0.78807
2186	YGR054W	0.78805
2187	YCL037C	0.78797
2188	YNL328C	0.7879
2189	YCR024C-A	0.78775
2190	YOR285W	0.7877
2191	YBR299W	0.7876
2192	YKR076W	0.78755
2193	YFR041C	0.78753
2194	YHR117W	0.78753
2195	YMR101C	0.78751
2196	YBR183W	0.78747
2197	YBR220C	0.78747
2198	YMR302C	0.78742
2199	YJL088W	0.78742
2200	YKL087C	0.78742
2201	YLR241W	0.78741
2202	YNL322C	0.78737
2203	YHR161C	0.78732
2204	YNL260C	0.78725
2205	YPR168W	0.78722
2206	YDR175C	0.78716
2207	YDL061C	0.78704
2208	YFR005C	0.78701
2209	YKL126W	0.78696
2210	YML030W	0.78695
2211	YBR287W	0.78694
2212	YFL020C	0.78694
2213	YIL100W	0.78694
2214	YGL166W	0.7867
2215	YDL193W	0.78665
2216	YOL072W	0.7866
2217	YNL247W	0.78651
2218	YLR461W	0.78645
2219	YJR020W	0.78636
2220	YDL079C	0.78634
2221	YNL002C	0.78634
2222	YJL160C	0.78624
2223	YDR542W	0.78623
2224	YMR131C	0.7862
2225	YLR118C	0.78619
2226	YMR268C	0.78613
2227	YGR277C	0.78612
2228	YAR075W	0.78611
2229	YBR103W	0.78609
2230	YDR170C	0.78608
2231	YGL183C	0.78606
2232	YKL017C	0.78606
2233	YBL096C	0.78599
2234	YDR305C	0.78598
2235	YGL049C	0.78595
2236	YER163C	0.78593
2237	YMR057C	0.78589
2238	YDL226C	0.78588
2239	YHR181W	0.78586
2240	YKR088C	0.78586
2241	YPL280W	0.78585
2242	YGL034C	0.78581
2243	YMR128W	0.78581
2244	YDR094W	0.78579
2245	YCR036W	0.78579
2246	YER042W	0.78573
2247	YPR166C	0.7857
2248	YLR412C-A	0.78565
2249	YGL261C	0.78565
2250	YAL068C	0.78565
2251	YBL108C-A	0.78565
2252	YHR142W	0.78559
2253	YMR296C	0.78556
2254	YPR127W	0.78555
2255	YDL078C	0.78555
2256	YBR221W-A	0.78548
2257	YBL006W-A	0.78542
2258	YDR452W	0.78541
2259	YPR153W	0.78533
2260	YHL019C	0.78533
2261	YMR242W-A	0.78531
2262	YLL061W	0.78529
2263	YPR011C	0.78523
2264	YDR336W	0.78512
2265	YBR101C	0.78503
2266	YKR001C	0.78503
2267	YGR093W	0.78501
2268	YER134C	0.785
2269	YBR003W	0.785
2270	YJL125C	0.78496
2271	YIL014W	0.78484
2272	YPR129W	0.7848
2273	YDL011C	0.78458
2274	YMR001C	0.78455
2275	YJL082W	0.78453
2276	YER016W	0.78452
2277	YKL099C	0.78451
2278	YBR268W	0.78446
2279	YIL154C	0.78444
2280	YKL214C	0.78441
2281	YDL141W	0.78438
2282	YFR034W-A	0.78436
2283	YDR100W	0.78429
2284	YHL046C	0.7842
2285	YKL197C	0.78419
2286	YDL085W	0.78414
2287	YBR018C	0.78412
2288	YFR021W	0.78411
2289	YDR461W	0.78407
2290	YJR117W	0.78405
2291	YDR234W	0.78403
2292	YER048W-A	0.78396
2293	YNL305C	0.78396
2294	YMR322C	0.78377
2295	YEL019C	0.78374
2296	YJL081C	0.78373
2297	YLR068W	0.78373
2298	YLR210W	0.78372
2299	YOR010C	0.78372
2300	YIL041W	0.78371
2301	YKL151C	0.78371
2302	YPL236C	0.7837
2303	YHR116W	0.78349
2304	YNL161W	0.78335
2305	YKL056C	0.78333
2306	YPR038W	0.78332
2307	YLR203C	0.7833
2308	YMR078C	0.78326
2309	YOL002C	0.78325
2310	YDR386W	0.78324
2311	YIL076W	0.78318
2312	YKR003W	0.78317
2313	YBL068W-A	0.78317
2314	YJL168C	0.78313
2315	YDL093W	0.78313
2316	YKL119C	0.78306
2317	YGL069C	0.78297
2318	YOR181W	0.78291
2319	YGL173C	0.78283
2320	YIL034C	0.78283
2321	YPR147C	0.78279
2322	YLR070C	0.78276
2323	YIL033C	0.78275
2324	YLL063C	0.78262
2325	YPL001W	0.78261
2326	YHR090C	0.78259
2327	YCR106W	0.78255
2328	YNL082W	0.78246
2329	YKL098W	0.78244
2330	YOL073C	0.78238
2331	YDL120W	0.7823
2332	YJR151C	0.78227
2333	YMR265C	0.78227
2334	YHL004W	0.78223
2335	YFR006W	0.78221
2336	YGR172C	0.78218
2337	YOR382W	0.78216
2338	YER170W	0.78212
2339	YJL117W	0.7821
2340	YMR114C	0.78198
2341	YMR083W	0.78194
2342	YHL002W	0.78192
2343	YBL058W	0.78188
2344	YIL138C	0.78186
2345	YLR345W	0.78185
2346	YOR290C	0.7818
2347	YDR379C-A	0.78167
2348	YCR102C	0.78159
2349	YMR218C	0.78159
2350	YJL010C	0.78158
2351	YLR279W	0.78146
2352	YOR223W	0.78145
2353	YJL222W	0.78141
2354	YOR374W	0.78132
2355	YJL003W	0.78118
2356	YPL184C	0.78115
2357	YKR017C	0.78111
2358	YHR104W	0.78102
2359	YGR294W	0.78099
2360	YDR415C	0.78093
2361	YIL047C	0.7809
2362	YPL214C	0.78089
2363	YDR331W	0.78088
2364	YMR113W	0.78073
2365	YKL193C	0.78071
2366	YLR255C	0.7807
2367	YIR027C	0.78065
2368	YJR131W	0.78057
2369	YJL223C	0.78055
2370	YIL176C	0.78055
2371	YIL173W	0.78048
2372	YGR266W	0.78047
2373	YDL177C	0.78038
2374	YOL068C	0.78033
2375	YOL140W	0.78033
2376	YER034W	0.78019
2377	YPL238C	0.78019
2378	YLR389C	0.78007
2379	YOR232W	0.78
2380	YGR026W	0.77999
2381	YNL317W	0.77993
2382	YER088C-A	0.77984
2383	YJR078W	0.77981
2384	YAR018C	0.77976
2385	YCL069W	0.77974
2386	YLR231C	0.77971
2387	YNL229C	0.77969
2388	YCR075C	0.77965
2389	YAL016C-A	0.77961
2390	YGL004C	0.77961
2391	YBR093C	0.77958
2392	YBR149W	0.77956
2393	YNR041C	0.77954
2394	YML070W	0.77944
2395	YER153C	0.77931
2396	YLR343W	0.77926
2397	YGL003C	0.77924
2398	YOL011W	0.7792
2399	YDL030W	0.77918
2400	YNL280C	0.77915
2401	YCL058W-A	0.77915
2402	YLR375W	0.77912
2403	YBR151W	0.77906
2404	YER116C	0.77905
2405	YNL308C	0.77899
2406	YJR146W	0.77896
2407	YNL056W	0.77895
2408	YKR051W	0.77892
2409	YOR210W	0.77891
2410	YOR016C	0.77888
2411	YFR048W	0.77888
2412	YML116W	0.77887
2413	YNL129W	0.77885
2414	YFR001W	0.77885
2415	YPR125W	0.77882
2416	YOL052C	0.77872
2417	YOL161C	0.77865
2418	YGR001C	0.77865
2419	YHR113W	0.77863
2420	YBR126W-B	0.77861
2421	YGR019W	0.77855
2422	YPR140W	0.77853
2423	YHR112C	0.7785
2424	YNL237W	0.77848
2425	YMR139W	0.77848
2426	YFL050C	0.77847
2427	YBR301W	0.77839
2428	YJR055W	0.77833
2429	YLR178C	0.77832
2430	YLR253W	0.77829
2431	YBL013W	0.77819
2432	YDL053C	0.77816
2433	YDL238C	0.77815
2434	YBR055C	0.77814
2435	YIR029W	0.77811
2436	YGL089C	0.77811
2437	YIL099W	0.77801
2438	YIL011W	0.77801
2439	YOR201C	0.77793
2440	YJL096W	0.77789
2441	YIL007C	0.77781
2442	YLR280C	0.77781
2443	YCR017C	0.77772
2444	YIL082W-A	0.77768
2445	YLR090W	0.77766
2446	YPL179W	0.77753
2447	YLR154C-H	0.77751
2448	YLR156C-A	0.77751
2449	YLR157C-C	0.77751
2450	YLR159C-A	0.77751
2451	YOL135C	0.77751
2452	YJL027C	0.77747
2453	YLR086W	0.77746
2454	YLR379W-A	0.77736
2455	YGR229C	0.77733
2456	YBR132C	0.77732
2457	YJL052C-A	0.7773
2458	YEL029C	0.77718
2459	YER152C	0.77714
2460	YOL137W	0.7771
2461	YER001W	0.7771
2462	YKR086W	0.777
2463	YKL004W	0.77695
2464	YKR060W	0.77692
2465	YDR491C	0.77687
2466	YLR372W	0.77687
2467	YOL146W	0.77684
2468	YDR308C	0.77684
2469	YDR478W	0.77678
2470	YHR215W	0.77676
2471	YIL166C	0.77671
2472	YDL156W	0.77667
2473	YDL171C	0.77665
2474	YML086C	0.77663
2475	YNL106C	0.77662
2476	YNL239W	0.77658
2477	YJL074C	0.77657
2478	YHL013C	0.77649
2479	YDL205C	0.77648
2480	YHR051W	0.77647
2481	YLR335W	0.77646
2482	YOL148C	0.77644
2483	YEL049W	0.77644
2484	YML100W-A	0.7764
2485	YDR514C	0.77638
2486	YJL077W-A	0.77638
2487	YMR043W	0.77634
2488	YAR071W	0.77633
2489	YEL036C	0.7763
2490	YDL105W	0.77628
2491	YKR047W	0.77628
2492	YJL119C	0.77625
2493	YAL022C	0.77617
2494	YOL145C	0.77617
2495	YAL058W	0.77609
2496	YLR307W	0.77584
2497	YHR182C-A	0.77584
2498	YNL062C	0.77583
2499	YCL045C	0.7758
2500	YKR102W	0.77578
2501	YPR003C	0.77576
2502	YPL138C	0.77572
2503	YDL109C	0.77568
2504	YFL015W-A	0.77564
2505	YFL052W	0.77563
2506	YOR301W	0.77554
2507	YLR460C	0.77551
2508	YNL181W	0.77551
2509	YDR322C-A	0.7755
2510	YPR059C	0.7754
2511	YHR192W	0.77538
2512	YMR269W	0.77537
2513	YOR318C	0.77532
2514	YPR058W	0.77528
2515	YOR175C	0.77526
2516	YPR064W	0.77522
2517	YOR102W	0.77517
2518	YJR040W	0.77512
2519	YER087C-B	0.77511
2520	YCR020C	0.77509
2521	YGL077C	0.77507
2522	YGL238W	0.77504
2523	YPR023C	0.77502
2524	YDR405W	0.77497
2525	YKL187C	0.77479
2526	YDR441C	0.77478
2527	YIL057C	0.77477
2528	YCR006C	0.77476
2529	YBR141C	0.77474
2530	YBR053C	0.77465
2531	YLR357W	0.77458
2532	YHR180C-B	0.77442
2533	YOR136W	0.77433
2534	YDR438W	0.77433
2535	YMR149W	0.77429
2536	YBR105C	0.77429
2537	YKL091C	0.77427
2538	YJR046W	0.77426
2539	YPL183C	0.77417
2540	YLR236C	0.77416
2541	YCR045C	0.77414
2542	YPR157W	0.77412
2543	YKL189W	0.7741
2544	YGR263C	0.77405
2545	YOL085C	0.77403
2546	YCL001W-B	0.77403
2547	YPR093C	0.77402
2548	YBR153W	0.77389
2549	YBL106C	0.77385
2550	YLR041W	0.77384
2551	YIL083C	0.77382
2552	YCL026C-A	0.77378
2553	YHR194W	0.77371
2554	YJR013W	0.7737
2555	YKL167C	0.77365
2556	YHR087W	0.77358
2557	YLR051C	0.77358
2558	YPL181W	0.77347
2559	YPR200C	0.77346
2560	YDR031W	0.77346
2561	YBR230W-A	0.77338
2562	YJR144W	0.77328
2563	YBR067C	0.77324
2564	YOR244W	0.77317
2565	YOR274W	0.77313
2566	YJL060W	0.77309
2567	YJL175W	0.77307
2568	YGR169C	0.77306
2569	YCR084C	0.77299
2570	YGL246C	0.77298
2571	YBR119W	0.77295
2572	YKR070W	0.77292
2573	YOR268C	0.7729
2574	YDL023C	0.77289
2575	YIL161W	0.77287
2576	YIL004C	0.77281
2577	YHR046C	0.77262
2578	YNL141W	0.7726
2579	YGR125W	0.77259
2580	YBR196C-B	0.77258
2581	YJL042W	0.77255
2582	YOR309C	0.77253
2583	YLR331C	0.77252
2584	YNL192W	0.77237
2585	YOR049C	0.77234
2586	YDL090C	0.77222
2587	YNL306W	0.77211
2588	YER157W	0.77209
2589	YGR109W-B	0.77207
2590	YGR066C	0.77206
2591	YDR079C-A	0.77205
2592	YKL120W	0.77199
2593	YDR481C	0.77198
2594	YMR040W	0.77186
2595	YHR127W	0.77176
2596	YDR498C	0.77167
2597	YNL065W	0.77155
2598	YNL130C-A	0.77153
2599	YOR079C	0.77151
2600	YBR041W	0.77147
2601	YOR330C	0.77142
2602	YHL036W	0.77131
2603	YER011W	0.7713
2604	YHR039C	0.77128
2605	YGR141W	0.77125
2606	YGR199W	0.7712
2607	YJL154C	0.77118
2608	YMR162C	0.77118
2609	YFL030W	0.77116
2610	YNL131W	0.77105
2611	YAL034W-A	0.77105
2612	YDR210W	0.77099
2613	YPR170W-B	0.77097
2614	YOR316C	0.7709
2615	YOR383C	0.77086
2616	YGR236C	0.77077
2617	YDR067C	0.77064
2618	YDR477W	0.77062
2619	YDR432W	0.77059
2620	YPL062W	0.77058
2621	YFL046W	0.77058
2622	YDR209C	0.77057
2623	YOL061W	0.77046
2624	YOR292C	0.77044
2625	YHR176W	0.77035
2626	YGR080W	0.77021
2627	YKL031W	0.77013
2628	YDR163W	0.77012
2629	YOL023W	0.77012
2630	YHR098C	0.77006
2631	YOR241W	0.77002
2632	YPR092W	0.76996
2633	YLR013W	0.76992
2634	YDR194C	0.76985
2635	YCR088W	0.7698
2636	YDR459C	0.7697
2637	YJL036W	0.76967
2638	YOL027C	0.76965
2639	YLR413W	0.76951
2640	YBR199W	0.76949
2641	YPR123C	0.76949
2642	YIL051C	0.76945
2643	YEL055C	0.7694
2644	YKL194C	0.76938
2645	YDL042C	0.76936
2646	YLR405W	0.76935
2647	YGR241C	0.76931
2648	YDL165W	0.76929
2649	YOL040C	0.76928
2650	YPL113C	0.76919
2651	YDR161W	0.76914
2652	YBR017C	0.76909
2653	YGR268C	0.76905
2654	YJL085W	0.76905
2655	YDR365C	0.76901
2656	YEL002C	0.76896
2657	YHR162W	0.76895
2658	YJL178C	0.76882
2659	YCL047C	0.76876
2660	YDL215C	0.76875
2661	YCL050C	0.76873
2662	YIL088C	0.76871
2663	YAL059W	0.76863
2664	YLR285W	0.76852
2665	YPR187W	0.76848
2666	YPL088W	0.76836
2667	YOL123W	0.76834
2668	YDR118W-A	0.7683
2669	YGL191W	0.76828
2670	YBR069C	0.76826
2671	YJL028W	0.7682
2672	YOR052C	0.7682
2673	YLL052C	0.76814
2674	YOR118W	0.76803
2675	YBR070C	0.76803
2676	YPL009C	0.76799
2677	YLR085C	0.76799
2678	YNL049C	0.76799
2679	YDR107C	0.76792
2680	YNL086W	0.76786
2681	YLR323C	0.76772
2682	YLR109W	0.76768
2683	YLR012C	0.76767
2684	YIL157C	0.76766
2685	YPR032W	0.76763
2686	YHR016C	0.7676
2687	YOR022C	0.76747
2688	YOL115W	0.76746
2689	YJL078C	0.76742
2690	YBR166C	0.76732
2691	YBL064C	0.76728
2692	YHR003C	0.76723
2693	YLR083C	0.76716
2694	YJR088C	0.7671
2695	YLR386W	0.76706
2696	YBR110W	0.76705
2697	YLR261C	0.76702
2698	YOL163W	0.76688
2699	YMR112C	0.76688
2700	YOR072W-A	0.76686
2701	YHR207C	0.76681
2702	YPL233W	0.7668
2703	YLL043W	0.76679
2704	YDR330W	0.76673
2705	YJR035W	0.76661
2706	YOR173W	0.7666
2707	YLR105C	0.76658
2708	YOR272W	0.76654
2709	YNL173C	0.76653
2710	YDL019C	0.76643
2711	YOR161W-A	0.76641
2712	YLL012W	0.76638
2713	YLR446W	0.76633
2714	YLR451W	0.76615
2715	YNL160W	0.76614
2716	YMR306C-A	0.76609
2717	YPL225W	0.76608
2718	YPL008W	0.76608
2719	YNL252C	0.76608
2720	YOR141C	0.76603
2721	YFL021C-A	0.76595
2722	YJL064W	0.76582
2723	YDR265W	0.76578
2724	YPL060W	0.76569
2725	YHR048W	0.76562
2726	YIL046W	0.76557
2727	YBR111C	0.76557
2728	YHR049W	0.76554
2729	YNL177C	0.76544
2730	YPR076W	0.76542
2731	YPL136W	0.76541
2732	YLR300W	0.76526
2733	YMR240C	0.76526
2734	YPR159W	0.7652
2735	YEL035C	0.76519
2736	YHR037W	0.76517
2737	YAR019W-A	0.76516
2738	YDL037C	0.76515
2739	YER067W	0.76514
2740	YDL207W	0.76511
2741	YHR171W	0.76505
2742	YFL054C	0.76499
2743	YHL010C	0.76492
2744	YJL200C	0.76488
2745	Q0250	0.76478
2746	YDR061W	0.76469
2747	YGL154C	0.76466
2748	YDR292C	0.76465
2749	YKL073W	0.76463
2750	YPR118W	0.76458
2751	YLR025W	0.76457
2752	YIL013C	0.76451
2753	YMR295C	0.76449
2754	YOL010W	0.76442
2755	YGL112C	0.76439
2756	YDR097C	0.76436
2757	YOR311C	0.76426
2758	YOL019W-A	0.76415
2759	YKR074W	0.76415
2760	YLR380W	0.76412
2761	YOR182C	0.76409
2762	YLR287C-A	0.76409
2763	YDL096C	0.76409
2764	YHR164C	0.76403
2765	YNR012W	0.76402
2766	YLR306W	0.76401
2767	YOR306C	0.76391
2768	YFR035C	0.76389
2769	YGL144C	0.76388
2770	YKL007W	0.76387
2771	YPR073C	0.76386
2772	YKL026C	0.76385
2773	YCR101C	0.7638
2774	YLR319C	0.76379
2775	YHR205W	0.76378
2776	YIR038C	0.76376
2777	YHL014C	0.76363
2778	YHR072W-A	0.76361
2779	YNR017W	0.76359
2780	YPL082C	0.76357
2781	YOL092W	0.76352
2782	YDR286C	0.76336
2783	YGR242W	0.76334
2784	YNL206C	0.76327
2785	YOR331C	0.76326
2786	YJL093C	0.76324
2787	YDR320W-B	0.7632
2788	YHR141C	0.76317
2789	YNL162W	0.76317
2790	YCR023C	0.76307
2791	YCR030C	0.76298
2792	YOL153C	0.76291
2793	YHL031C	0.76288
2794	YEL034C-A	0.76286
2795	YFR012W-A	0.76285
2796	YKL070W	0.76284
2797	YER014W	0.76279
2798	YLR455W	0.76278
2799	YDR325W	0.76277
2800	YNR038W	0.76277
2801	YER051W	0.76274
2802	YAL004W	0.76267
2803	YLR393W	0.76267
2804	YBL055C	0.7626
2805	YEL033W	0.76254
2806	YPR170C	0.76249
2807	YGL129C	0.76245
2808	YKL030W	0.76244
2809	YLR020C	0.76242
2810	YHR202W	0.76239
2811	YOR176W	0.76239
2812	YNL067W-B	0.76238
2813	YKL097C	0.76236
2814	YLR296W	0.76236
2815	YPL210C	0.76236
2816	YNL321W	0.76221
2817	YLR205C	0.76218
2818	YMR076C	0.76217
2819	YIR020W-A	0.76215
2820	YLR046C	0.76215
2821	YGL051W	0.76211
2822	YDR476C	0.7621
2823	YNR067C	0.76209
2824	YJL172W	0.76208
2825	YHR081W	0.76206
2826	YIR017C	0.76202
2827	YPL152W	0.76196
2828	YOL144W	0.76179
2829	YGL187C	0.76178
2830	YOR296W	0.76178
2831	YOL008W	0.76172
2832	YHR213W-B	0.76163
2833	YGR107W	0.76157
2834	YMR038C	0.76155
2835	YHR038W	0.76154
2836	YBR288C	0.76154
2837	YLL010C	0.76152
2838	YGL082W	0.76151
2839	YKL051W	0.7615
2840	YPL003W	0.76142
2841	YPR098C	0.76142
2842	YBL028C	0.76139
2843	YHR052C-B	0.76121
2844	YHR054C-B	0.76121
2845	YMR086C-A	0.76115
2846	YDL008W	0.76112
2847	YBR200W	0.76104
2848	YKR055W	0.76104
2849	YMR062C	0.76096
2850	YDL233W	0.76094
2851	YGL241W	0.7607
2852	YER119C-A	0.76069
2853	YPL097W	0.76068
2854	YOL096C	0.7606
2855	YDR517W	0.76057
2856	YER049W	0.76053
2857	YEL053W-A	0.7605
2858	YJR005W	0.76049
2859	YLR452C	0.76048
2860	YAL001C	0.76043
2861	YJL148W	0.76043
2862	YPL117C	0.76042
2863	YHR032C-A	0.76037
2864	YOL113W	0.76024
2865	YDL161W	0.76022
2866	YML057C-A	0.76022
2867	YHR134W	0.76019
2868	YOR340C	0.76018
2869	YGL114W	0.76013
2870	YBR024W	0.76011
2871	YDR444W	0.76008
2872	YGL165C	0.76006
2873	YHR114W	0.76005
2874	YKL179C	0.75989
2875	YPL022W	0.75987
2876	YPL064C	0.75985
2877	YMR290W-A	0.75964
2878	YBR180W	0.75964
2879	YCL026C-B	0.75962
2880	YGL156W	0.75955
2881	YDL209C	0.75955
2882	YOL020W	0.75954
2883	YGL140C	0.75953
2884	YDR372C	0.75948
2885	YJL053W	0.75943
2886	YOR275C	0.75943
2887	YPL083C	0.75937
2888	YGL028C	0.75933
2889	YPR018W	0.75925
2890	YDR171W	0.75921
2891	YLR162W	0.75902
2892	YOL077W-A	0.75901
2893	YAR033W	0.75894
2894	YHR085W	0.75893
2895	YJL192C	0.75893
2896	YER039C-A	0.75892
2897	YGL250W	0.75886
2898	YPR133W-A	0.75883
2899	YBL098W	0.75883
2900	YBR247C	0.75883
2901	YAR066W	0.75883
2902	YHR214W	0.75883
2903	YLR274W	0.75874
2904	YCL041C	0.75871
2905	YLR120C	0.7587
2906	YDR496C	0.75866
2907	YIL128W	0.7586
2908	YGR288W	0.75857
2909	YOL111C	0.75849
2910	YLR419W	0.75838
2911	YDR168W	0.75831
2912	YAL056C-A	0.75828
2913	YDR412W	0.75826
2914	YJR150C	0.75822
2915	YDR363W-A	0.7582
2916	YPR159C-A	0.75819
2917	YDR522C	0.75818
2918	YCL057C-A	0.75813
2919	YPR060C	0.75812
2920	YGL053W	0.75805
2921	YER147C-A	0.758
2922	YOR009W	0.758
2923	YCL023C	0.758
2924	YLR318W	0.75797
2925	YOR001W	0.75796
2926	YOL155C	0.75795
2927	YDR287W	0.75794
2928	YCR086W	0.75787
2929	YDL101C	0.75785
2930	YOR258W	0.75777
2931	YGR116W	0.75772
2932	YKL156C-A	0.75769
2933	YOR057W	0.75762
2934	YIR023C-A	0.75761
2935	YCR096C	0.75744
2936	YCR038W-A	0.75743
2937	YGR176W	0.75737
2938	YLL027W	0.75734
2939	YJL184W	0.75733
2940	YJL005W	0.75726
2941	YHR022C-A	0.75721
2942	YIL082W	0.75719
2943	YOR286W	0.75719
2944	YHR072W	0.75719
2945	YJL203W	0.75714
2946	YOR059C	0.75703
2947	YMR039C	0.75698
2948	YML081C-A	0.75695
2949	YPL271W	0.75687
2950	YKL082C	0.75668
2951	YPL142C	0.75666
2952	YGR183C	0.75661
2953	YNL004W	0.75659
2954	YCL075W	0.75659
2955	YDR346C	0.75656
2956	YGR121W-A	0.75656
2957	YEL017C-A	0.75646
2958	YER187W	0.75639
2959	YJR112W	0.75638
2960	YHR069C	0.75635
2961	YLL015W	0.75625
2962	YDR518W	0.75624
2963	YJL127W-A	0.75623
2964	YKR104W	0.75615
2965	YER127W	0.75608
2966	YML120C	0.75608
2967	YDL138W	0.75603
2968	YDL194W	0.75602
2969	YDR268W	0.75602
2970	YAL033W	0.75599
2971	Q0065	0.75592
2972	YER182W	0.7559
2973	YNL299W	0.75589
2974	YPL222C-A	0.75587
2975	YBL108W	0.75585
2976	YPL164C	0.7558
2977	YAL018C	0.75579
2978	YNR062C	0.75578
2979	YDL082W	0.75572
2980	YNL286W	0.75563
2981	YDR525W	0.75559
2982	YGL018C	0.75555
2983	YLR374C	0.75553
2984	YKL150W	0.75551
2985	YPL098C	0.75547
2986	YBR273C	0.75547
2987	YAR064W	0.75546
2988	YGR193C	0.75545
2989	YLR427W	0.75535
2990	YOR387C	0.75533
2991	YPL215W	0.75533
2992	YML121W	0.75528
2993	YIL039W	0.75528
2994	YDR352W	0.75528
2995	YNL169C	0.75518
2996	YEL015W	0.75515
2997	YHR100C	0.75511
2998	YIL156W-B	0.75507
2999	YKL019W	0.75504
3000	YAL046C	0.755
3001	YIL079C	0.75498
3002	YBR176W	0.75498
3003	YPL249C	0.75493
3004	YPL227C	0.75486
3005	YBR062C	0.75485
3006	YFR025C	0.75483
3007	YDR293C	0.75482
3008	YCR100C	0.75475
3009	YGR109W-A	0.75472
3010	YJR057W	0.75471
3011	YML038C	0.75467
3012	YPR116W	0.75466
3013	YNL028W	0.75466
3014	YPL194W	0.75464
3015	YAL048C	0.75464
3016	YIL032C	0.75461
3017	YFR032C-A	0.75458
3018	YCR063W	0.75457
3019	YBR207W	0.75455
3020	YHR213W-A	0.75455
3021	YCL048W-A	0.7545
3022	YGR201C	0.75444
3023	YBR096W	0.75439
3024	YDR419W	0.75439
3025	YMR261C	0.7543
3026	YPR172W	0.75429
3027	YPR014C	0.75424
3028	YIL150C	0.75423
3029	YBR056W	0.75423
3030	YJR008W	0.75407
3031	YGL080W	0.75407
3032	Q0105	0.75405
3033	YMR102C	0.75401
3034	YDL041W	0.75401
3035	YLR056W	0.75392
3036	YLR116W	0.75391
3037	YDR500C	0.75387
3038	YHL039W	0.75385
3039	YNR021W	0.75384
3040	YBR185C	0.75382
3041	YLR021W	0.75381
3042	YFL003C	0.75374
3043	YLL001W	0.75372
3044	YGL164C	0.75372
3045	YDR189W	0.75362
3046	YPR043W	0.75358
3047	YJR094W-A	0.75358
3048	YAR062W	0.75358
3049	YHR213W	0.75358
3050	YJL062W	0.75356
3051	YGL262W	0.75354
3052	YOR003W	0.75348
3053	YHL015W-A	0.75328
3054	YFL031C-A	0.75324
3055	YER010C	0.75323
3056	YDL178W	0.75323
3057	YHR071C-A	0.7532
3058	YML004C	0.75309
3059	YNL045W	0.75308
3060	YKL077W	0.75306
3061	YKL075C	0.75302
3062	YLR387C	0.75301
3063	YIL002C	0.753
3064	YMR142C	0.75297
3065	YOR034C-A	0.75284
3066	YNL040W	0.75282
3067	YEL073C	0.75281
3068	YLR185W	0.75278
3069	YPL103C	0.75276
3070	YPR162C	0.75271
3071	YHR188C	0.75262
3072	YNL261W	0.7526
3073	YDR320C-A	0.75253
3074	YOR277C	0.75247
3075	YGR167W	0.75242
3076	YIL142C-A	0.75234
3077	YIL171W	0.75232
3078	YKL202W	0.75229
3079	YDR142C	0.75224
3080	YPL019C	0.75223
3081	YBR085C-A	0.75222
3082	YDR537C	0.75221
3083	YIL030C	0.75219
3084	YER152W-A	0.75218
3085	YFR037C	0.75214
3086	YOR125C	0.75214
3087	YGR133W	0.75206
3088	YGR232W	0.75206
3089	YDL017W	0.75196
3090	YJR107W	0.75195
3091	YHR151C	0.75183
3092	YOR008W-B	0.7518
3093	YBR174C	0.75174
3094	YOR139C	0.75171
3095	YGL110C	0.75169
3096	YPL045W	0.75168
3097	YJR067C	0.75168
3098	YLR361C	0.75164
3099	YMR200W	0.75164
3100	YGL024W	0.75162
3101	YMR005W	0.75158
3102	YBR282W	0.75156
3103	YGL064C	0.75154
3104	YPR119W	0.75152
3105	YPL190C	0.75139
3106	YOR054C	0.75136
3107	YFR002W	0.75129
3108	YNL227C	0.75127
3109	YDR152W	0.75115
3110	YIL061C	0.75109
3111	YDL195W	0.75109
3112	YBR094W	0.75104
3113	YCR073C	0.75097
3114	YBR061C	0.75094
3115	YDL104C	0.75092
3116	YKL058W	0.75091
3117	YGR295C	0.75091
3118	YGL074C	0.75089
3119	YIL038C	0.75085
3120	YHR028C	0.75084
3121	YDL066W	0.7508
3122	YOL102C	0.75076
3123	YOR343C	0.75074
3124	YCL049C	0.75074
3125	YDR253C	0.75066
3126	YKL137W	0.75064
3127	YCR050C	0.75061
3128	YLR080W	0.75059
3129	YPL133C	0.75057
3130	R0020C	0.75057
3131	YJL140W	0.75056
3132	YDL153C	0.75055
3133	YGL216W	0.75055
3134	YML005W	0.75049
3135	YDR464C-A	0.75044
3136	YPR135W	0.75042
3137	YHR024C	0.7504
3138	YBL044W	0.75039
3139	YDL010W	0.75038
3140	YLR349W	0.75037
3141	YDR370C	0.75035
3142	YMR208W	0.75033
3143	YBR060C	0.75026
3144	YBR111W-A	0.75023
3145	YJL142C	0.75023
3146	YDR311W	0.75022
3147	YJR135W-A	0.75019
3148	YBL089W	0.75017
3149	YMR228W	0.75007
3150	YNL020C	0.75003
3151	YDR332W	0.74999
3152	YOL119C	0.74997
3153	YDR395W	0.74995
3154	YJL097W	0.74992
3155	YKR092C	0.74991
3156	YJL137C	0.74986
3157	YJL222W-B	0.74986
3158	YIL175W	0.74986
3159	YCL008C	0.74982
3160	YLR235C	0.74979
3161	YJL195C	0.74979
3162	YKL096W	0.74977
3163	YOL098C	0.74968
3164	YGR269W	0.74962
3165	YMR122C	0.74954
3166	YDR288W	0.74953
3167	YOL064C	0.74949
3168	YDR354C-A	0.74944
3169	YJR002W	0.74942
3170	YAL015C	0.74941
3171	YCR092C	0.74939
3172	YKL173W	0.74937
3173	YDR052C	0.74934
3174	YDR538W	0.7493
3175	YDR109C	0.7493
3176	YCL005W-A	0.74929
3177	YFL065C	0.74922
3178	YNL316C	0.74918
3179	YDL063C	0.74918
3180	YDR380W	0.74916
3181	YKL040C	0.74913
3182	YMR104C	0.7491
3183	YML122C	0.74909
3184	YGL027C	0.74903
3185	YPL047W	0.74901
3186	YHR115C	0.74893
3187	YLR050C	0.74892
3188	YOL046C	0.7489
3189	YHR173C	0.7489
3190	YOR376W-A	0.74889
3191	YER058W	0.74886
3192	YDR347W	0.74885
3193	YER140W	0.74875
3194	YHL008C	0.74873
3195	YLR144C	0.74864
3196	YLR114C	0.74863
3197	YOR229W	0.7486
3198	YMR234W	0.74856
3199	YHR095W	0.74855
3200	YGR284C	0.74854
3201	YPR006C	0.74849
3202	YLR270W	0.74841
3203	YIL067C	0.74828
3204	Q0120	0.74826
3205	YPR203W	0.74825
3206	YPL147W	0.74822
3207	YFR027W	0.74822
3208	YGL231C	0.74819
3209	YBR278W	0.74806
3210	YHR165W-A	0.74803
3211	YGL202W	0.74802
3212	YDR257C	0.74794
3213	YKL096W-A	0.74792
3214	YMR152W	0.74791
3215	YFL013C	0.74791
3216	YGR051C	0.7478
3217	YHR060W	0.74779
3218	YLR014C	0.74777
3219	YLL046C	0.74777
3220	YDR165W	0.74772
3221	YBR253W	0.74768
3222	YNL216W	0.74765
3223	YHR199C	0.74759
3224	YDR506C	0.74758
3225	YPL100W	0.74753
3226	YOR212W	0.74748
3227	YDR173C	0.74731
3228	YIL100C-A	0.74729
3229	YBR213W	0.74727
3230	YPL108W	0.7472
3231	YOR389W	0.7472
3232	YJL129C	0.74713
3233	YLR112W	0.74709
3234	YPR057W	0.74707
3235	YMR182W-A	0.74706
3236	YLR430W	0.74704
3237	YLR443W	0.74697
3238	YDR417C	0.74694
3239	YGR136W	0.74688
3240	YPR091C	0.74686
3241	YBR141W-A	0.74685
3242	YMR233W	0.74685
3243	YHR166C	0.74683
3244	YDR178W	0.74681
3245	YPR047W	0.74681
3246	YGR050C	0.7468
3247	YDR077W	0.7468
3248	YDL154W	0.74676
3249	YDR182W	0.74672
3250	YLR206W	0.7467
3251	YER080W	0.74666
3252	YDR269C	0.74661
3253	YPL195W	0.74655
3254	YOR291W	0.74654
3255	YAL011W	0.74652
3256	YGR177C	0.7465
3257	YOR251C	0.7465
3258	YOR132W	0.74644
3259	YPR002W	0.7464
3260	YLR154C-G	0.74635
3261	YML127W	0.74632
3262	YAR031W	0.74631
3263	YMR012W	0.74624
3264	YJL152W	0.74621
3265	YAR028W	0.74616
3266	YNL263C	0.74612
3267	YFL015C	0.74606
3268	YBR274W	0.746
3269	YHR076W	0.74597
3270	YPL243W	0.74596
3271	YMR272W-A	0.74593
3272	YPR104C	0.74588
3273	YHR077C	0.74574
3274	YDL086C-A	0.74572
3275	YNL251C	0.74568
3276	YNL310C	0.74564
3277	YMR007W	0.74563
3278	YLR115W	0.74558
3279	YNL293W	0.74554
3280	YOR123C	0.74551
3281	YNL092W	0.74547
3282	YFL010C	0.74547
3283	YPL063W	0.74547
3284	YDR473C	0.74546
3285	YPL110C	0.74541
3286	YPL023C	0.74538
3287	YER066W	0.74528
3288	YPL104W	0.74524
3289	YDR306C	0.74523
3290	YOR377W	0.7452
3291	YCR071C	0.7451
3292	YLR361C-A	0.74509
3293	YPL263C	0.74506
3294	YNL101W	0.74496
3295	YLL048C	0.74493
3296	YDL213W-A	0.74493
3297	YOL042W	0.74491
3298	YKL192C	0.7449
3299	YML082W	0.74483
3300	YJR052W	0.74479
3301	YHR204W	0.74478
3302	YDL118W	0.74475
3303	YBR104W	0.74472
3304	YIL107C	0.74472
3305	YDR523C	0.74471
3306	YKR041W	0.74467
3307	YDL033C	0.74467
3308	YPR053C	0.7446
3309	YJR076C	0.74458
3310	YDR087C	0.74456
3311	YCL016C	0.74452
3312	YGR202C	0.7445
3313	YBR175W	0.74446
3314	YHL030W-A	0.7444
3315	YBL019W	0.74429
3316	YJL197W	0.74427
3317	YHR118C	0.74425
3318	YPR143W	0.74424
3319	YDR174W	0.74419
3320	YGL258W	0.74412
3321	YPL277C	0.74412
3322	Q0297	0.74406
3323	YHL032C	0.74405
3324	YEL012W	0.74402
3325	YOL054W	0.74399
3326	YML097C	0.74397
3327	YLR414C	0.74394
3328	YML115C	0.74389
3329	YML129C	0.74388
3330	YLL057C	0.74388
3331	YGR261C	0.74387
3332	YKR085C	0.74385
3333	YJL075C	0.74383
3334	Q0085	0.7438
3335	YNR075C-A	0.7438
3336	YIL140W	0.74379
3337	YCR007C	0.7437
3338	YJR098C	0.74362
3339	YLR015W	0.74359
3340	YKL142W	0.74357
3341	YJR071W	0.74353
3342	YPL140C	0.74348
3343	YBR134W	0.74346
3344	YDR510C-A	0.74346
3345	YIL073C	0.74339
3346	YLR246W	0.74327
3347	YPL087W	0.74324
3348	YKL198C	0.74324
3349	YOL108C	0.74313
3350	YMR028W	0.74306
3351	YOL050C	0.74303
3352	YDL241W	0.74302
3353	YDL175C	0.74301
3354	YLR140W	0.74298
3355	YNL273W	0.7429
3356	YGL243W	0.74281
3357	YJR154W	0.74277
3358	YOL051W	0.74274
3359	YCL068C	0.74273
3360	YJL059W	0.74267
3361	YGL155W	0.74267
3362	YNL140C	0.74264
3363	YJR075W	0.74262
3364	YLR104W	0.74257
3365	YOR203W	0.74256
3366	YNL218W	0.74254
3367	YLR089C	0.74252
3368	YDR233C	0.74248
3369	YMR189W	0.74248
3370	YPL084W	0.74244
3371	YMR324C	0.74243
3372	YKL147C	0.74242
3373	YPL030W	0.7424
3374	YGR102C	0.74237
3375	YIL168W	0.74233
3376	YEL053C	0.74232
3377	YKL100W-A	0.74229
3378	YNL124W	0.74227
3379	YJR022W	0.74222
3380	YPL270W	0.74213
3381	YLR362W	0.74213
3382	YIR036W-A	0.74199
3383	YGR215W	0.74184
3384	YEL004W	0.74177
3385	YNR033W	0.74177
3386	YGR111W	0.74175
3387	YNL015W	0.74175
3388	YCR045W-A	0.74173
3389	YOR281C	0.74169
3390	YDR248C	0.74168
3391	YDR296W	0.74167
3392	YDR284C	0.74166
3393	YLR122C	0.74165
3394	YHL007C	0.74164
3395	YKL125W	0.74164
3396	YIR018C-A	0.74158
3397	YIL113W	0.74156
3398	YDR144C	0.74155
3399	YGL153W	0.74146
3400	YOR050C	0.74145
3401	YKL037W	0.74141
3402	YKL153W	0.74133
3403	YBL061C	0.7413
3404	YPL183W-A	0.74128
3405	YCL046W	0.74125
3406	YHR070C-A	0.74122
3407	YOR325W	0.74111
3408	YBL095W	0.7411
3409	YML060W	0.74106
3410	YEL045C	0.74103
3411	YDR512C	0.74094
3412	YOL056W	0.74093
3413	YOR314W-A	0.74088
3414	YML048W	0.74085
3415	YNL269W	0.74083
3416	YJL186W	0.74081
3417	YPL101W	0.7408
3418	YOL099C	0.74074
3419	YIL147C	0.74074
3420	YGR072W	0.74065
3421	YDR134C	0.74062
3422	YNL097C	0.74059
3423	YER005W	0.74058
3424	YBL037W	0.74054
3425	YDR492W	0.74052
3426	YOR345C	0.74048
3427	YIL054W	0.74046
3428	YBL101C	0.74045
3429	YMR097C	0.74043
3430	YDR301W	0.74039
3431	YPR160W-A	0.74034
3432	YDR524C-B	0.74032
3433	YPR066W	0.74031
3434	YHL048C-A	0.74031
3435	YDL159C-B	0.74024
3436	YML095C	0.74017
3437	YLR363W-A	0.74016
3438	YOL038C-A	0.74008
3439	YPR184W	0.74007
3440	YLR316C	0.74007
3441	YLR016C	0.74004
3442	YDR266C	0.74003
3443	YLR125W	0.74001
3444	YOR068C	0.73993
3445	YDL071C	0.73983
3446	YGL235W	0.73968
3447	YMR245W	0.73967
3448	YCR049C	0.73966
3449	YCR052W	0.73958
3450	YNL036W	0.73955
3451	YOL043C	0.73953
3452	YHL045W	0.73951
3453	YBR297W	0.73951
3454	YDR079W	0.73951
3455	YOR018W	0.73949
3456	YDR122W	0.73949
3457	YDR527W	0.73946
3458	YJL025W	0.73943
3459	YIR044C	0.73942
3460	YDR026C	0.73939
3461	YGL251C	0.73932
3462	YBR005W	0.73932
3463	YFR013W	0.73925
3464	YPL116W	0.73925
3465	YML110C	0.73922
3466	YOR379C	0.73922
3467	YJR120W	0.73921
3468	YBR109W-A	0.7392
3469	YBL062W	0.73915
3470	YOR072W	0.73905
3471	YNL180C	0.73902
3472	YGL065C	0.73893
3473	YGR006W	0.73889
3474	YER059W	0.73883
3475	YGL108C	0.73881
3476	YGL237C	0.73876
3477	YBR192W	0.73875
3478	YNL009W	0.73871
3479	YPR191W	0.7387
3480	YBR205W	0.73866
3481	YKL018W	0.73866
3482	YNL097C-B	0.73865
3483	YAL055W	0.73863
3484	YKL221W	0.7386
3485	YGL141W	0.73857
3486	YBR279W	0.73851
3487	YGR255C	0.73844
3488	YHR209W	0.73842
3489	YPR036W	0.73836
3490	YML100W	0.73835
3491	YNL025C	0.7383
3492	YIL102C	0.73823
3493	YCR042C	0.73821
3494	YBR086C	0.73808
3495	YKL122C	0.73806
3496	YPL053C	0.73806
3497	YGL125W	0.73804
3498	YKL100C	0.73804
3499	YAL037C-B	0.73802
3500	YMR063W	0.73802
3501	YLR390W-A	0.73798
3502	YGR073C	0.73796
3503	YER123W	0.73793
3504	YHR178W	0.73792
3505	YNL221C	0.73779
3506	YNL043C	0.73774
3507	YDR110W	0.73766
3508	YGL121C	0.73765
3509	YOR051C	0.73764
3510	YDL034W	0.73764
3511	YPL096W	0.73763
3512	YDR274C	0.73751
3513	YHR075C	0.73749
3514	YHL034W-A	0.73749
3515	YDR314C	0.73747
3516	YFR052C-A	0.73745
3517	YNR037C	0.73743
3518	YLR264C-A	0.73741
3519	YNR023W	0.73738
3520	YOR014W	0.73735
3521	YLR143W	0.73717
3522	YBL033C	0.73716
3523	YIL059C	0.73716
3524	YGL258W-A	0.73704
3525	YCR079W	0.73703
3526	YBR059C	0.73702
3527	YKR063C	0.73699
3528	YAL059C-A	0.73697
3529	YGL194C	0.73693
3530	YNL277W-A	0.73692
3531	YAL013W	0.7369
3532	YML118W	0.73689
3533	YKL049C	0.73687
3534	YDR390C	0.73684
3535	YOR005C	0.73682
3536	YLR107W	0.73681
3537	YDL248W	0.73676
3538	YDL240W	0.73676
3539	YCR087W	0.73675
3540	YGR117C	0.73672
3541	YOL126C	0.73668
3542	YBL047C	0.73659
3543	YMR002W	0.73658
3544	YNL146C-A	0.73654
3545	YBR125C	0.73652
3546	YPL065W	0.73651
3547	YGL196W	0.7365
3548	YPL080C	0.73637
3549	YNL145W	0.7363
3550	YNR001W-A	0.7362
3551	YER150W	0.7362
3552	YER035W	0.73613
3553	YML011C	0.73609
3554	YGR143W	0.73609
3555	YPR189W	0.73606
3556	YML031W	0.73599
3557	YBR103C-A	0.73593
3558	YPR097W	0.7359
3559	YDL187C	0.73584
3560	YPR124W	0.73584
3561	YNR040W	0.7358
3562	Q0142	0.73577
3563	YCR077C	0.73576
3564	YDR132C	0.73574
3565	YNL193W	0.73567
3566	YIL058W	0.73566
3567	YER128W	0.73562
3568	YLR103C	0.73554
3569	YNL298W	0.73553
3570	YLR076C	0.73552
3571	YLR399W-A	0.73546
3572	YOR154W	0.73545
3573	YFL010W-A	0.73544
3574	YDR435C	0.73542
3575	YDR427W	0.73541
3576	YKL222C	0.73537
3577	YNL327W	0.73537
3578	YLL006W	0.73526
3579	YHR120W	0.73525
3580	YHL048W	0.73523
3581	YHR146W	0.73521
3582	YML032C	0.7352
3583	YMR041C	0.73518
3584	YIL111W	0.73511
3585	YJR128W	0.73507
3586	YMR105W-A	0.73504
3587	YDR250C	0.73502
3588	YOR025W	0.73501
3589	YJL194W	0.73499
3590	YJR161C	0.73494
3591	YGL184C	0.73489
3592	YJL043W	0.73488
3593	YFL036W	0.73484
3594	YLR450W	0.73481
3595	YNL211C	0.73477
3596	YIR032C	0.73477
3597	YPR201W	0.7347
3598	YHR206W	0.7347
3599	YPR169W	0.73469
3600	YNL116W	0.73463
3601	YGL179C	0.73463
3602	YLR154C	0.7346
3603	YKL043W	0.73458
3604	YHR139C	0.7345
3605	YGL260W	0.73449
3606	YKR023W	0.73447
3607	YDL111C	0.73444
3608	YIR021W	0.73435
3609	YCR044C	0.73434
3610	YHR124W	0.73426
3611	YOR267C	0.73425
3612	YML089C	0.73424
3613	YBR232C	0.73421
3614	YOL150C	0.73419
3615	YDR215C	0.73419
3616	YBR193C	0.73418
3617	R0040C	0.73416
3618	YLR149C-A	0.73403
3619	YNL238W	0.73396
3620	YDR169C-A	0.73393
3621	YOR316C-A	0.73392
3622	YPL056C	0.73391
3623	YHL049C	0.73386
3624	YOR353C	0.73384
3625	YGR154C	0.7338
3626	YEL008C-A	0.73377
3627	YGR008C	0.73371
3628	YJL156W-A	0.73369
3629	YPR154W	0.73368
3630	YEL006W	0.73366
3631	YML094C-A	0.73362
3632	YKL209C	0.73356
3633	YNL184C	0.73343
3634	YFR034C	0.73336
3635	YJR006W	0.73336
3636	YEL048C	0.73334
3637	YIL151C	0.7333
3638	YFR016C	0.7333
3639	YPL251W	0.73329
3640	YBR121C-A	0.73329
3641	YPL196W	0.73326
3642	YLR204W	0.73325
3643	YCR093W	0.73322
3644	YML130C	0.73321
3645	YIR007W	0.73319
3646	YCR025C	0.73316
3647	YKL206C	0.73315
3648	YLR097C	0.73309
3649	YOR035C	0.73307
3650	YOR299W	0.73299
3651	YJR118C	0.73298
3652	YNL017C	0.73296
3653	YNL042W-B	0.73295
3654	YFL031W	0.73294
3655	YOR300W	0.73292
3656	YBR258C	0.73286
3657	YCR014C	0.73277
3658	YJL062W-A	0.73275
3659	YNR075W	0.73274
3660	YIL131C	0.73273
3661	YLR120W-A	0.73268
3662	YNL271C	0.73255
3663	YJL189W	0.7325
3664	YBL069W	0.73248
3665	YCL038C	0.73248
3666	YDL163W	0.73243
3667	YGL045W	0.73238
3668	YKL215C	0.73237
3669	YGL248W	0.73232
3670	YBL080C	0.73232
3671	YBR201W	0.73229
3672	YFL047W	0.73228
3673	YOR215C	0.73223
3674	YHR140W	0.73223
3675	YNL182C	0.73217
3676	YHR196W	0.73216
3677	YHR067W	0.73185
3678	YKR052C	0.73174
3679	YOL037C	0.73174
3680	YMR150C	0.73165
3681	YDL225W	0.73165
3682	YPL145C	0.73162
3683	YER161C	0.73161
3684	YDR054C	0.73156
3685	YNL077W	0.73155
3686	YDL172C	0.73154
3687	YPL029W	0.73154
3688	YIL110W	0.73154
3689	YFL013W-A	0.73153
3690	YER076C	0.7315
3691	YBR032W	0.73147
3692	YDR442W	0.73142
3693	YMR253C	0.73141
3694	YNL119W	0.73141
3695	YDR154C	0.73138
3696	YOL013C	0.73135
3697	YKL006C-A	0.73129
3698	YBL035C	0.73124
3699	YPR105C	0.73122
3700	YJL047C	0.73111
3701	YMR125W	0.73107
3702	YJL139C	0.73107
3703	YBR233W	0.73106
3704	YGR165W	0.73106
3705	YDL039C	0.73102
3706	YKL165C	0.731
3707	YER083C	0.73096
3708	YDR434W	0.7309
3709	YDR472W	0.73078
3710	YPL192C	0.73077
3711	YFR049W	0.73076
3712	YLR110C	0.73075
3713	YOR183W	0.73069
3714	YPR017C	0.73067
3715	YNL256W	0.73066
3716	YKL102C	0.73061
3717	YOR026W	0.73056
3718	YGL098W	0.73055
3719	YHL012W	0.73051
3720	YOR216C	0.73049
3721	YLR371W	0.73046
3722	YGR265W	0.73045
3723	YIL072W	0.73027
3724	YAR035C-A	0.73027
3725	YIL134C-A	0.73025
3726	YML019W	0.73024
3727	YDR400W	0.73021
3728	YLR308W	0.73009
3729	YKL054C	0.73
3730	YML061C	0.72983
3731	YER019C-A	0.72982
3732	YJL131C	0.72982
3733	YCR003W	0.72974
3734	YOL057W	0.72971
3735	YCL032W	0.7297
3736	YER188W	0.72968
3737	YOL116W	0.72968
3738	YGR194C	0.72968
3739	YMR321C	0.72965
3740	YPR010C-A	0.72961
3741	YLR248W	0.7296
3742	YOL060C	0.72959
3743	YPR077C	0.72943
3744	YPL209C	0.72942
3745	YML042W	0.72942
3746	YBL097W	0.72938
3747	YPL224C	0.72934
3748	YGR178C	0.72931
3749	YDR531W	0.7293
3750	YGR157W	0.7293
3751	YDR244W	0.72928
3752	YGR139W	0.72928
3753	YGL161C	0.72926
3754	YJL183W	0.72925
3755	YNL250W	0.72924
3756	YHL022C	0.72917
3757	YPL228W	0.72913
3758	YHR172W	0.72908
3759	YNL094W	0.72906
3760	YKL066W	0.72894
3761	YFR022W	0.72892
3762	YOL047C	0.72887
3763	YJR130C	0.72878
3764	YOR075W	0.72867
3765	YFR007W	0.72858
3766	YLR314C	0.72857
3767	YMR294W-A	0.72838
3768	YMR291W	0.72836
3769	YDR479C	0.72832
3770	YPL273W	0.72832
3771	YKL089W	0.7283
3772	YDR162C	0.72825
3773	YMR077C	0.72812
3774	YOL049W	0.72812
3775	YLR284C	0.72811
3776	YLR062C	0.72807
3777	YDR053W	0.72805
3778	YNL283C	0.72796
3779	YNL219C	0.72796
3780	YPL247C	0.72793
3781	YLR077W	0.72788
3782	YDR018C	0.72779
3783	YDL015C	0.72777
3784	YPR114W	0.72777
3785	YPL038W	0.72773
3786	YER141W	0.72772
3787	YCL048W	0.72764
3788	YGR166W	0.72752
3789	YNL279W	0.7275
3790	YDR058C	0.72748
3791	YHR139C-A	0.72748
3792	YDL228C	0.72747
3793	YNR030W	0.72743
3794	Q0055	0.72742
3795	YHR150W	0.7274
3796	YHR011W	0.72726
3797	YNL052W	0.72721
3798	YEL030C-A	0.72721
3799	YOL013W-A	0.72721
3800	YAL014C	0.72721
3801	YNL291C	0.72719
3802	YLL019W-A	0.72719
3803	YJR099W	0.72715
3804	YHR131W-A	0.72712
3805	YIR043C	0.7271
3806	YDR150W	0.72704
3807	YOL022C	0.72703
3808	YOR073W-A	0.72699
3809	YPL167C	0.72695
3810	YKL064W	0.72694
3811	YDR355C	0.72678
3812	YDR282C	0.72677
3813	YLR266C	0.72675
3814	YMR082C	0.72672
3815	YLR415C	0.72658
3816	YMR103C	0.72657
3817	YFL009W	0.72656
3818	YOR020W-A	0.72656
3819	YDR095C	0.72655
3820	YHR055C	0.72652
3821	YHR053C	0.72652
3822	YEL008W	0.72652
3823	YPL025C	0.72647
3824	YIR039C	0.72644
3825	YMR135W-A	0.7264
3826	YGR099W	0.72633
3827	YDR289C	0.72623
3828	YLL004W	0.72619
3829	YJL031C	0.72615
3830	YPR195C	0.72608
3831	YCL031C	0.72605
3832	YBR122C	0.72604
3833	YGR002C	0.72599
3834	YDL068W	0.72598
3835	YNL003C	0.72594
3836	YOR008C	0.72594
3837	YPR196W	0.72593
3838	YHR091C	0.72591
3839	YER151C	0.72584
3840	YOR135C	0.72584
3841	YMR317W	0.72578
3842	YBR229C	0.72577
3843	YER139C	0.72572
3844	YPL078C	0.72571
3845	YGL185C	0.72566
3846	YLR106C	0.72559
3847	YDR344C	0.72558
3848	YER021W	0.72557
3849	YLR111W	0.72553
3850	YDR338C	0.72551
3851	YML049C	0.72547
3852	YOL128C	0.72543
3853	YNL325C	0.72538
3854	YDL003W	0.72532
3855	YMR247W-A	0.72529
3856	YIL021C-A	0.72529
3857	YOR174W	0.72526
3858	YEL059W	0.72521
3859	YHR086W	0.72515
3860	YDR460W	0.72514
3861	YKR049C	0.72511
3862	YMR316W	0.72506
3863	YJL166W	0.72498
3864	YGL228W	0.72482
3865	YDL032W	0.72474
3866	YNL083W	0.72469
3867	YJL123C	0.72464
3868	YBR116C	0.72461
3869	YNL187W	0.7246
3870	YPL007C	0.72458
3871	YGL213C	0.72458
3872	YPL112C	0.72457
3873	YKL123W	0.72457
3874	YGL109W	0.72454
3875	YBL008W	0.72448
3876	YDR004W	0.72445
3877	YDR049W	0.72435
3878	YGL094C	0.72434
3879	YDR316W	0.72425
3880	YGL083W	0.7242
3881	YGR174C	0.72416
3882	YOR390W	0.72415
3883	YER098W	0.72406
3884	YER090C-A	0.72401
3885	YML066C	0.724
3886	YJR005C-A	0.72397
3887	YJR039W	0.72396
3888	YJL026C-A	0.72395
3889	YAL045C	0.72395
3890	YJL077W-B	0.72393
3891	YDR440W	0.72392
3892	YDR114C	0.7239
3893	YOR031W	0.7239
3894	YJR082C	0.72387
3895	YAR029W	0.72369
3896	YIR006C	0.72356
3897	YFL064C	0.72354
3898	YIR023W	0.7235
3899	YNL138W-A	0.72349
3900	YGL195W	0.72348
3901	YBL006C	0.72347
3902	YJL199C	0.72346
3903	YCL012C	0.72344
3904	YKR007W	0.7234
3905	YGR206W	0.72337
3906	YKL139W	0.72336
3907	YLR207W	0.72336
3908	YLL038C	0.72335
3909	YPL176C	0.72331
3910	YBL104C	0.7233
3911	YCL054W-A	0.72325
3912	YGL218W	0.72322
3913	YNL267W	0.72313
3914	YML090W	0.72312
3915	YGR130C	0.72305
3916	YGR042W	0.72291
3917	YLR301W	0.72288
3918	YNR035C	0.72286
3919	YDR034W-B	0.72282
3920	YOR138C	0.72273
3921	YNL236W	0.72271
3922	YHR007C-A	0.72266
3923	YCR081C-A	0.72263
3924	YML084W	0.72259
3925	YML009W-B	0.72255
3926	YGL199C	0.72254
3927	YKR021W	0.72251
3928	YIL026C	0.72247
3929	YOR363C	0.72241
3930	YOR033C	0.72239
3931	YOR276W	0.72235
3932	YDL099W	0.72208
3933	YGL104C	0.72207
3934	YCR067C	0.72204
3935	YGR068C	0.7219
3936	YPL191C	0.72189
3937	YIL008W	0.72189
3938	YDL159W	0.72188
3939	YLR239C	0.72186
3940	YML071C	0.72185
3941	YJL188C	0.72185
3942	YIL093C	0.72181
3943	YLR133W	0.72181
3944	YBR042C	0.72179
3945	YOR200W	0.72174
3946	YMR008C-A	0.72172
3947	R0010W	0.72168
3948	YHR028W-A	0.72168
3949	YIR030W-A	0.72168
3950	YDR073W	0.72167
3951	YCR038C	0.72166
3952	YGR190C	0.72164
3953	YNL085W	0.72161
3954	YDR187C	0.7216
3955	YJL215C	0.7216
3956	YJL165C	0.7216
3957	YOR038C	0.72153
3958	YDR428C	0.72148
3959	YBR065C	0.72145
3960	YJL222W-A	0.72144
3961	YIL174W	0.72144
3962	YGR090W	0.72136
3963	YEL009C	0.72133
3964	YJR019C	0.7213
3965	YGR112W	0.72127
3966	YLR154W-B	0.72123
3967	YIL156W-A	0.72118
3968	YOR307C	0.72117
3969	YKL223W	0.72116
3970	YCL007C	0.72109
3971	YMR126C	0.72106
3972	YLL002W	0.72101
3973	YLR240W	0.721
3974	YDR302W	0.72095
3975	YDL157C	0.72092
3976	YEL076C	0.7209
3977	YER101C	0.72086
3978	YGL133W	0.72077
3979	YHR002W	0.72072
3980	YNL336W	0.7207
3981	YHL002C-A	0.72065
3982	YDL022C-A	0.72065
3983	YNL276C	0.72064
3984	YER148W-A	0.72062
3985	YKL090W	0.7206
3986	YEL075C	0.72059
3987	YLR071C	0.72057
3988	YOR233W	0.72053
3989	YOL048C	0.72052
3990	YGL063C-A	0.72044
3991	YMR272W-B	0.72043
3992	YBR226C	0.72034
3993	YKL143W	0.72033
3994	YPL125W	0.72022
3995	YPL279C	0.7202
3996	YCR041W	0.72019
3997	YLR064W	0.72017
3998	YDR010C	0.72012
3999	YML132W	0.7201
4000	YBR302C	0.7201
4001	YOR219C	0.72007
4002	YPL107W	0.72004
4003	YMR091C	0.72002
4004	YCR035C	0.72
4005	YLR464W	0.71999
4006	YEL076C-A	0.71999
4007	YNL151C	0.71995
4008	YGL150C	0.71992
4009	YKL188C	0.71989
4010	YMR031W-A	0.71989
4011	YIR040C	0.71983
4012	YIL085C	0.71982
4013	YDR218C	0.71976
4014	YKL063C	0.71974
4015	YOL026C	0.71973
4016	YJL069C	0.71964
4017	YLR045C	0.71963
4018	YPR152C	0.71963
4019	YKL045W	0.71961
4020	YNL242W	0.71958
4021	YJL102W	0.71956
4022	YIL096C	0.71955
4023	YKR071C	0.71952
4024	YLR337C	0.71948
4025	YKL201C	0.71946
4026	YNL063W	0.71944
4027	YFL023W	0.71942
4028	YOL033W	0.71937
4029	YPR096C	0.71932
4030	YHR137W	0.7193
4031	YNL048W	0.71928
4032	YHR199C-A	0.71923
4033	YFL051C	0.71921
4034	YER088W-B	0.71916
4035	YGR110W	0.71913
4036	YIL171W-A	0.71906
4037	YJL220W	0.71906
4038	YML013W	0.71903
4039	YGR091W	0.71902
4040	YMR014W	0.71902
4041	YLR032W	0.71893
4042	YPL137C	0.71891
4043	YGR290W	0.71889
4044	YKL076C	0.71886
4045	YOR100C	0.71882
4046	YKL183C-A	0.71882
4047	YNL258C	0.71881
4048	YPR175W	0.71879
4049	YNR068C	0.71869
4050	YNL089C	0.71862
4051	YDR524W-C	0.71861
4052	YGL254W	0.71858
4053	YKR064W	0.71848
4054	YMR312W	0.71846
4055	YDR462W	0.71845
4056	YBL059C-A	0.71837
4057	YNR022C	0.71836
4058	YJR140C	0.71833
4059	YOL155W-A	0.71831
4060	YER165C-A	0.7183
4061	YIL115C	0.71828
4062	YJR061W	0.71824
4063	YHR073W-A	0.71816
4064	YFL062W	0.71812
4065	YGR003W	0.71811
4066	YBR209W	0.7181
4067	YMR251W-A	0.71806
4068	YLR124W	0.71805
4069	YAR068W	0.71795
4070	YLR286W-A	0.71793
4071	Q0060	0.71791
4072	YMR315W-A	0.7178
4073	YDR137W	0.71778
4074	YBL049W	0.71777
4075	YHR122W	0.71773
4076	YBR131C-A	0.71772
4077	YLR194C	0.7177
4078	YIL015W	0.71765
4079	YNR018W	0.71764
4080	YHR214W-A	0.71763
4081	YBR030W	0.71761
4082	YJR033C	0.71759
4083	YBR200W-A	0.71746
4084	YGL084C	0.7174
4085	YJL163C	0.71736
4086	YLL059C	0.71731
4087	YJL169W	0.7173
4088	YDR430C	0.71705
4089	YNL296W	0.71683
4090	YHL025W	0.71683
4091	YGR036C	0.71676
4092	YOR231W	0.71669
4093	YKL016C	0.71668
4094	YDL184C	0.71663
4095	YDL133C-A	0.71663
4096	YLR416C	0.71661
4097	YKL131W	0.71659
4098	YHR198C	0.71651
4099	YLR365W	0.71649
4100	YDR036C	0.71645
4101	YAL067W-A	0.71643
4102	YER189W	0.71643
4103	YDL167C	0.71642
4104	YOR134W	0.71632
4105	YOR082C	0.7163
4106	YGR227C-A	0.71622
4107	YAR020C	0.71621
4108	YDR213W	0.7162
4109	YLR368W	0.7162
4110	YBR158W	0.71614
4111	YNR007C	0.71612
4112	YBR028C	0.71612
4113	YPL148C	0.71611
4114	YMR157C	0.71586
4115	YLR385C	0.7157
4116	YOR156C	0.71568
4117	YDL026W	0.71563
4118	YIL134W	0.71558
4119	YDL198C	0.71556
4120	YER137C	0.71555
4121	YMR159C	0.71555
4122	YHR083W	0.71555
4123	YMR055C	0.71546
4124	YBL083C	0.71543
4125	YCL064C	0.71541
4126	YHR180W	0.71541
4127	YLR302C	0.71532
4128	YGR119C	0.71523
4129	YOR205C	0.7152
4130	YBR142W	0.7151
4131	YMR275C	0.71509
4132	YFR020W	0.71505
4133	YPL252C	0.71504
4134	YMR088C	0.71499
4135	YPR130C	0.71498
4136	YBR280C	0.71497
4137	YLR093C	0.71496
4138	YGR174W-A	0.7149
4139	YGR129W	0.71487
4140	YOL052C-A	0.71487
4141	YMR177W	0.71476
4142	YGL172W	0.71475
4143	YJL127C-B	0.71468
4144	YPR174C	0.71467
4145	YGR270C-A	0.71464
4146	YGL259W	0.71463
4147	YDR106W	0.71458
4148	YPR108W-A	0.71457
4149	YNL150W	0.71452
4150	YLR164W	0.71445
4151	YPR045C	0.71445
4152	YKR069W	0.71445
4153	YGL180W	0.7144
4154	YKR087C	0.71435
4155	YOR335W-A	0.7143
4156	YKL005C	0.71429
4157	YNL217W	0.71428
4158	YKL055C	0.71426
4159	YHR126C	0.71421
4160	YML111W	0.7142
4161	YDL234C	0.71419
4162	YDR407C	0.71418
4163	YMR004W	0.71414
4164	YML031C-A	0.71411
4165	YHR032W-A	0.71411
4166	YOR130C	0.71409
4167	YNL289W	0.71408
4168	YLR184W	0.71406
4169	YLR088W	0.71397
4170	YLR226W	0.71397
4171	YPL109C	0.7139
4172	YGR217W	0.71389
4173	YOR083W	0.71385
4174	YLR047C	0.71385
4175	YNL144W-A	0.71381
4176	YDR360W	0.71372
4177	YNL039W	0.71367
4178	YCL076W	0.71365
4179	YNL272C	0.71361
4180	YPL172C	0.71358
4181	YBR056W-A	0.71354
4182	YAL051W	0.71347
4183	Q0160	0.71343
4184	YMR033W	0.71338
4185	YNL186W	0.71333
4186	YBR298C-A	0.71331
4187	YOL149W	0.71323
4188	YDR349C	0.71323
4189	YJL141C	0.71317
4190	YMR231W	0.71316
4191	YIR001C	0.71316
4192	YJL135W	0.71314
4193	YPR063C	0.71312
4194	YGL226W	0.71312
4195	YKR072C	0.71302
4196	YGR170W	0.71301
4197	YDR359C	0.71299
4198	YOR146W	0.71298
4199	YKL047W	0.71298
4200	YGL118C	0.71292
4201	YOL141W	0.71292
4202	YOL083C-A	0.71291
4203	YPL074W	0.71286
4204	YDL021W	0.7128
4205	YJL071W	0.71277
4206	YLR128W	0.71273
4207	YPR148C	0.71273
4208	YLL054C	0.71261
4209	YGL052W	0.71255
4210	YMR259C	0.71255
4211	YHR186C	0.71254
4212	YOR105W	0.7125
4213	YGR223C	0.71247
4214	YDL221W	0.71246
4215	YOL152W	0.71232
4216	YDR206W	0.71222
4217	YIL017C	0.71216
4218	YKL203C	0.71211
4219	YNL103W-A	0.71211
4220	YIL012W	0.71209
4221	YKR058W	0.71209
4222	YML088W	0.71203
4223	YMR182C	0.71202
4224	YPL135C-A	0.71198
4225	YPR029C	0.71193
4226	YHR212C	0.71192
4227	YAR060C	0.71192
4228	YLR317W	0.71191
4229	YBR126W-A	0.7119
4230	YPL205C	0.71186
4231	YGR062C	0.71184
4232	YDL059C	0.71182
4233	YNL035C	0.71181
4234	YOR069W	0.71169
4235	YMR047C	0.71166
4236	YLL062C	0.71164
4237	YOR269W	0.71162
4238	YGL025C	0.71158
4239	YPL250W-A	0.71155
4240	YOR194C	0.71152
4241	YLR156W	0.71151
4242	YLR161W	0.71151
4243	YLR159W	0.71151
4244	YDL013W	0.71149
4245	YNR069C	0.71145
4246	YOL088C	0.71142
4247	YKL012W	0.71139
4248	YER037W	0.71138
4249	YIL028W	0.71137
4250	YMR155W	0.71127
4251	YGR280C	0.71127
4252	YBR102C	0.71126
4253	YJR004C	0.71121
4254	YPR198W	0.71113
4255	YDR101C	0.7111
4256	YDL231C	0.71109
4257	YKL010C	0.71105
4258	YMR216C	0.71098
4259	YNL050C	0.71089
4260	YMR115W	0.71086
4261	YPL186C	0.71085
4262	YIL070C	0.71083
4263	YIL167W	0.71069
4264	YGR101W	0.71068
4265	YKR035C	0.71066
4266	YKL044W	0.71057
4267	YLR463C	0.71056
4268	YAL043C	0.71046
4269	YOR160W	0.71046
4270	YER115C	0.71039
4271	YIR020C-B	0.71039
4272	YKL088W	0.71035
4273	YCR085W	0.71035
4274	YNL051W	0.71034
4275	YPR072W	0.71029
4276	YDL196W	0.71026
4277	YNL097W-A	0.71026
4278	YEL067C	0.71024
4279	YBR135W	0.71024
4280	YGR059W	0.71023
4281	YKL018C-A	0.71017
4282	YGR216C	0.71013
4283	YIL104C	0.71006
4284	YCR102W-A	0.71001
4285	YEL075W-A	0.70993
4286	YDR230W	0.70985
4287	YMR106C	0.70985
4288	YDR133C	0.70983
4289	YHR197W	0.70961
4290	YDL002C	0.70953
4291	YKR061W	0.7095
4292	YOR060C	0.70924
4293	YJR031C	0.70924
4294	YBR144C	0.7092
4295	YOR064C	0.7092
4296	YGR151C	0.70919
4297	YBL004W	0.70915
4298	YGR038W	0.70911
4299	YOL076W	0.70905
4300	YKL140W	0.70904
4301	YOR287C	0.70901
4302	YDR391C	0.70892
4303	YKL132C	0.7089
4304	YDL116W	0.70886
4305	YGR235C	0.70875
4306	YHR080C	0.70862
4307	YER079C-A	0.70859
4308	YGL152C	0.70855
4309	YLR183C	0.70854
4310	YOL028C	0.70851
4311	YBL074C	0.7085
4312	YGL177W	0.7085
4313	YJL006C	0.70848
4314	YPR139C	0.70848
4315	YNL294C	0.70846
4316	YBR044C	0.70846
4317	YLR425W	0.70846
4318	YBR296C-A	0.70846
4319	YFL029C	0.70845
4320	YOR334W	0.70843
4321	YMR119W-A	0.7084
4322	YHR086W-A	0.70838
4323	YHR133C	0.70836
4324	YBR255C-A	0.70835
4325	YLR462W	0.70833
4326	YHR059W	0.70833
4327	YLR123C	0.70831
4328	YDL146W	0.7082
4329	YGR274C	0.70818
4330	YKL036C	0.70812
4331	YOR067C	0.70811
4332	YNL208W	0.70811
4333	YKL057C	0.70806
4334	YOR248W	0.708
4335	YOL097W-A	0.70797
4336	YOL087C	0.70794
4337	YJL126W	0.70787
4338	YJR114W	0.70767
4339	YML116W-A	0.70764
4340	YGR188C	0.70758
4341	YBR284W	0.70756
4342	YMR267W	0.70755
4343	YPL152W-A	0.70746
4344	YCL052C	0.70745
4345	YDR486C	0.70738
4346	YDR323C	0.70711
4347	YLR364C-A	0.70709
4348	YOR106W	0.70709
4349	YAL064W	0.70701
4350	YHR022C	0.70698
4351	YBL065W	0.70695
4352	YDR180W	0.7069
4353	YDR403W	0.70687
4354	YDR003W	0.70686
4355	YDR511W	0.7067
4356	YBR271W	0.7066
4357	YJL100W	0.70659
4358	YGL123C-A	0.70655
4359	YJL020C	0.70651
4360	YAL034C-B	0.7065
4361	YLR154W-A	0.70649
4362	YOR218C	0.70639
4363	YPR040W	0.70634
4364	YGR149W	0.70627
4365	YPR141C	0.70617
4366	YMR024W	0.70614
4367	YCL034W	0.70605
4368	YOR111W	0.70603
4369	YML058W-A	0.70602
4370	YDR467C	0.70601
4371	YGL188C-A	0.70586
4372	YER105C	0.70584
4373	YJR054W	0.70577
4374	YIR011C	0.70574
4375	YMR044W	0.70559
4376	YKL053W	0.70558
4377	YIL095W	0.70554
4378	YPR048W	0.70546
4379	YER107W-A	0.70544
4380	YGL204C	0.7054
4381	YIR017W-A	0.70533
4382	YMR001C-A	0.70532
4383	YPR016W-A	0.70532
4384	YKL033W	0.70528
4385	YOR245C	0.70528
4386	YNL122C	0.70526
4387	YBR277C	0.70525
4388	YKR075W-A	0.70525
4389	YGR257C	0.70524
4390	YNL168C	0.70523
4391	YAL042C-A	0.70522
4392	YJL122W	0.70519
4393	YIR020C	0.70519
4394	YOR376W	0.70518
4395	YOR179C	0.7051
4396	YHL006W-A	0.70509
4397	YKL219W	0.70509
4398	YDR393W	0.70508
4399	YLR146W-A	0.705
4400	YCR082W	0.70485
4401	YBR123C	0.70483
4402	YLR437C-A	0.70481
4403	YML050W	0.70476
4404	YGL233W	0.70469
4405	YOR189W	0.70462
4406	YML051W	0.70462
4407	YOR386W	0.70461
4408	YLR157W-E	0.70459
4409	YPL188W	0.70453
4410	YGR278W	0.70449
4411	YBR099C	0.70438
4412	YNL228W	0.70417
4413	YDL232W	0.70413
4414	YER053C-A	0.70412
4415	YPL044C	0.7041
4416	YDL091C	0.70383
4417	YIL087C	0.70379
4418	YGR158C	0.70379
4419	YOR191W	0.70374
4420	YOR108C-A	0.70369
4421	YLR396C	0.70356
4422	YKL177W	0.70348
4423	YGR226C	0.70345
4424	YLR233C	0.70344
4425	YNR058W	0.70341
4426	YCR026C	0.7034
4427	YIL084C	0.70338
4428	YOR199W	0.70332
4429	YFL025C	0.70324
4430	YPR085C	0.70321
4431	YKR006C	0.7032
4432	YDL058W	0.70319
4433	YOR161C-C	0.70318
4434	YIR005W	0.70317
4435	YGR064W	0.70307
4436	YGR128C	0.70297
4437	YCL004W	0.70291
4438	YDR464W	0.70289
4439	YHL030W	0.7028
4440	YGR031C-A	0.70277
4441	YOR366W	0.70261
4442	YGR056W	0.70257
4443	YOL071W	0.70256
4444	YOR072W-B	0.70255
4445	YGR270W	0.70255
4446	YBR260C	0.70253
4447	YER092W	0.70239
4448	YLR035C	0.70237
4449	YMR035W	0.70236
4450	YJR079W	0.70232
4451	YOR237W	0.70231
4452	YPL114W	0.70228
4453	YCR024C-B	0.70226
4454	YIL089W	0.70222
4455	YDL122W	0.70219
4456	YER145C-A	0.70217
4457	YCR064C	0.70215
4458	YPR155C	0.70215
4459	YLR437C	0.70206
4460	YOR230W	0.70201
4461	YGR070W	0.70196
4462	YNL315C	0.70196
4463	YJL109C	0.70192
4464	YMR194C-A	0.70189
4465	YDR003W-A	0.70189
4466	YKR101W	0.70168
4467	YKR065C	0.70154
4468	YMR254C	0.70148
4469	YBL012C	0.70141
4470	YPR074W-A	0.70138
4471	YGR097W	0.70114
4472	YMR184W	0.7011
4473	YGR033C	0.70104
4474	YCL066W	0.70103
4475	YCR040W	0.70103
4476	YDR333C	0.70085
4477	YLR154W-F	0.70078
4478	YJR018W	0.70077
4479	YGL016W	0.70073
4480	YGR076C	0.70071
4481	YMR158W-B	0.70066
4482	YLR096W	0.70058
4483	YKR032W	0.70057
4484	YDL025W-A	0.70053
4485	YDR128W	0.70052
4486	YER046W-A	0.70045
4487	YDR220C	0.70036
4488	YNL143C	0.70035
4489	YER144C	0.70034
4490	YBR246W	0.70032
4491	YDR421W	0.70028
4492	YOR078W	0.70021
4493	YJR142W	0.70019
4494	YGL145W	0.70018
4495	YJR102C	0.70016
4496	YMR156C	0.70014
4497	YER068W	0.70011
4498	YGL188C	0.70003
4499	YBL010C	0.69995
4500	YAR027W	0.6999
4501	YGR160W	0.6999
4502	YDL024C	0.69989
4503	YCL002C	0.69987
4504	YHL019W-A	0.69986
4505	YIL046W-A	0.69977
4506	YOR227W	0.69969
4507	YMR289W	0.69968
4508	YOR322C	0.69967
4509	YER154W	0.69962
4510	YPL182C	0.6996
4511	YOL109W	0.69956
4512	YIL042C	0.69953
4513	YGL257C	0.69943
4514	YDR149C	0.69941
4515	YGR212W	0.69935
4516	YJR036C	0.6993
4517	YHR045W	0.69929
4518	YOL160W	0.6992
4519	YBR178W	0.69915
4520	YPL268W	0.69904
4521	YOR042W	0.69903
4522	YCL055W	0.69903
4523	YHR009C	0.69899
4524	YNL032W	0.69896
4525	YMR026C	0.69892
4526	YGL007W	0.69887
4527	YJL136W-A	0.69881
4528	YLL049W	0.69879
4529	YLR269C	0.69878
4530	YDL219W	0.69868
4531	YMR013W-A	0.69867
4532	YDR108W	0.69865
4533	YCR083W	0.69862
4534	YDR246W-A	0.69861
4535	YGL217C	0.6986
4536	YNL080C	0.69854
4537	YHL005C	0.6985
4538	YLR163C	0.69848
4539	YPL038W-A	0.69848
4540	YCR054C	0.69841
4541	YPR001W	0.69838
4542	YHR180W-A	0.69838
4543	YBL067C	0.69836
4544	YJR100C	0.69836
4545	YKL165C-A	0.69827
4546	YLR305C	0.69827
4547	YMR316C-A	0.69822
4548	YER024W	0.6982
4549	YKL195W	0.69818
4550	YIL029W-A	0.69805
4551	YHR073W	0.69801
4552	YKL155C	0.698
4553	YCR047W-A	0.69798
4554	YHR001W-A	0.69792
4555	YNL118C	0.69791
4556	YHR084W	0.6979
4557	YJR136C	0.69789
4558	YOR002W	0.69788
4559	YGR258C	0.69786
4560	YLR166C	0.69785
4561	YLR288C	0.69781
4562	YKL124W	0.6978
4563	YDR136C	0.69775
4564	YMR212C	0.69773
4565	YOR305W	0.69771
4566	YGR291C	0.69761
4567	YIL115W-A	0.6976
4568	YCL029C	0.69759
4569	YJL029C	0.69755
4570	YER050C	0.69749
4571	YNL265C	0.69747
4572	YOR314W	0.69732
4573	YMR087W	0.69727
4574	YDR449C	0.69726
4575	YMR209C	0.69725
4576	YHR073C-B	0.69722
4577	YNL158W	0.69717
4578	YLR225C	0.69709
4579	YAR070C	0.69707
4580	YFR045W	0.69707
4581	YOR090C	0.697
4582	YPL073C	0.69698
4583	YJR090C	0.69697
4584	YDR020C	0.69693
4585	YOR360C	0.69681
4586	YGL239C	0.69679
4587	YGL146C	0.69679
4588	YDR027C	0.69677
4589	YEL018C-A	0.69675
4590	YOR278W	0.69669
4591	YBR074W	0.6966
4592	YHR214C-E	0.6966
4593	YAR008W	0.69647
4594	YPL162C	0.69645
4595	YBR016W	0.69643
4596	YOR225W	0.69631
4597	YER085C	0.69629
4598	YMR141C	0.6962
4599	YLR370C	0.69615
4600	YLR342W-A	0.69612
4601	YMR168C	0.69597
4602	YEL074W	0.69587
4603	YLR290C	0.69582
4604	YJR044C	0.69579
4605	YJL061W	0.69578
4606	YMR165C	0.69578
4607	YGL174W	0.69578
4608	Q0070	0.69576
4609	YJL173C	0.69571
4610	YMR048W	0.69571
4611	YGL192W	0.69565
4612	YFR003C	0.69559
4613	YIL023C	0.69553
4614	YBL025W	0.69548
4615	YNR003W-A	0.69543
4616	YER078C	0.69531
4617	YLL037W	0.6953
4618	YML093W	0.69529
4619	YLR132C	0.69528
4620	YDL074C	0.69523
4621	YAL002W	0.69523
4622	YOR171C	0.69521
4623	YIL002W-A	0.69517
4624	YKL174C	0.69515
4625	YCL067C	0.69507
4626	YCR039C	0.69507
4627	YPR055W	0.695
4628	YDR501W	0.695
4629	YMR067C	0.69492
4630	YPL032C	0.69486
4631	YLR039C	0.69486
4632	YNL084C	0.69476
4633	YDR208W	0.69472
4634	YLR299W	0.69467
4635	YDL133W	0.69466
4636	YGL102C	0.69462
4637	YLR336C	0.69451
4638	YKL071W	0.69449
4639	YJR060W	0.69448
4640	YOR098C	0.69444
4641	YDR252W	0.69443
4642	YOR070C	0.69438
4643	YHL043W	0.69437
4644	YDL025C	0.69431
4645	YHL020C	0.69431
4646	YHR058C	0.69429
4647	YLR157W-D	0.69429
4648	YDR156W	0.69425
4649	YOR029W	0.69425
4650	YJL009W	0.69421
4651	YDL065C	0.69418
4652	YBR129C	0.69413
4653	YMR173W	0.6941
4654	YDR327W	0.69403
4655	YIL105C	0.69399
4656	YIL047C-A	0.69385
4657	YLR285C-A	0.69381
4658	YLR379W	0.69381
4659	YNL215W	0.69378
4660	YPL260W	0.69378
4661	YJR147W	0.6937
4662	YMR247C	0.69369
4663	YPL119C-A	0.69368
4664	YPL241C	0.69365
4665	YLR309C	0.69362
4666	YGR068W-A	0.69361
4667	YER008C	0.6935
4668	YGR259C	0.69346
4669	YDR126W	0.69345
4670	YBR281C	0.69337
4671	YHL037C	0.69335
4672	YOR008C-A	0.69334
4673	YLR199C	0.69328
4674	YDR241W	0.69318
4675	YNL136W	0.69313
4676	YLR346C	0.69306
4677	YBR089W	0.69298
4678	YBL071C-B	0.69297
4679	YGR081C	0.69292
4680	YJL054W	0.6929
4681	YOR080W	0.6929
4682	YLR417W	0.69284
4683	YLR063W	0.69283
4684	YIL050W	0.69281
4685	YOL014W	0.6928
4686	YEL016C	0.69261
4687	YGL085W	0.69257
4688	YDL043C	0.69255
4689	YOR188W	0.69254
4690	YPR126C	0.69249
4691	YDR102C	0.69246
4692	YER077C	0.69241
4693	YBR289W	0.6924
4694	YOR364W	0.69239
4695	YDR153C	0.69238
4696	YJL133W	0.69233
4697	YBR150C	0.69232
4698	YDR192C	0.6923
4699	YAR053W	0.69229
4700	YLL007C	0.69215
4701	YLL016W	0.69213
4702	YBR179C	0.6919
4703	YCR095W-A	0.69189
4704	YFR010W-A	0.69188
4705	YDR015C	0.69179
4706	YML034C-A	0.69169
4707	YOL045W	0.69168
4708	YHR021W-A	0.69168
4709	YPR089W	0.69166
4710	YHR056W-A	0.69165
4711	YJL022W	0.69165
4712	YLR392C	0.6916
4713	YDR387C	0.6916
4714	YFR043C	0.69159
4715	YMR166C	0.69158
4716	YDR409W	0.69157
4717	YLR162W-A	0.69143
4718	YEL050W-A	0.69141
4719	YKR103W	0.69135
4720	YBR266C	0.69135
4721	YNL230C	0.69123
4722	YOR368W	0.69121
4723	YGL056C	0.69117
4724	YMR111C	0.69116
4725	YPR177C	0.6911
4726	YGL127C	0.69109
4727	YMR137C	0.69104
4728	YJL046W	0.69104
4729	YPL072W	0.69103
4730	YLR177W	0.69103
4731	YMR294W	0.69102
4732	YOR017W	0.691
4733	YBR120C	0.69089
4734	YBR076C-A	0.69083
4735	YDL067C	0.69073
4736	YLR407W	0.69073
4737	YDR526C	0.69072
4738	YGR182C	0.6907
4739	YKR073C	0.6907
4740	YJR097W	0.69067
4741	YMR298W	0.69065
4742	YDR485C	0.69065
4743	YPL254W	0.69061
4744	YDR231C	0.69051
4745	YJR066W	0.69051
4746	YLL017W	0.6905
4747	YJL039C	0.69047
4748	YLL006W-A	0.69033
4749	YKL178C	0.69024
4750	YGL116W	0.69019
4751	YCR016W	0.69013
4752	YNL245C	0.69007
4753	YMR013C-A	0.68987
4754	YDR371C-A	0.68984
4755	YPR030W	0.68981
4756	YIL019W	0.68979
4757	YLR444C	0.68975
4758	YNL262W	0.68973
4759	YGL158W	0.68964
4760	YDR080W	0.6896
4761	YDL112W	0.68957
4762	YDL162C	0.68956
4763	YJL067W	0.68953
4764	YER023C-A	0.68952
4765	YBR262C	0.68948
4766	YGR014W	0.68946
4767	YBL086C	0.68931
4768	YGR251W	0.68929
4769	YPL144W	0.68929
4770	YNL324W	0.68926
4771	YPR160C-A	0.68926
4772	YJR023C	0.68921
4773	YMR320W	0.68915
4774	YIL027C	0.68905
4775	YDL121C	0.68904
4776	YJL091C	0.68904
4777	YLR091W	0.68899
4778	YGL088W	0.68898
4779	YJL037W	0.68896
4780	YMR313C	0.68895
4781	YOR288C	0.68885
4782	YOL001W	0.68877
4783	YBR216C	0.68877
4784	YPR039W	0.68866
4785	YPL163C	0.68866
4786	YGR046W	0.68843
4787	YGL169W	0.68841
4788	YJL182C	0.68825
4789	YJR115W	0.68818
4790	YLR054C	0.68816
4791	YMR154C	0.68815
4792	YDL151C	0.68814
4793	YML117W	0.68801
4794	YOL053W	0.68787
4795	YJL015C	0.68774
4796	YDR273W	0.68774
4797	YLL030C	0.68762
4798	YGL178W	0.68753
4799	YLR095C	0.68752
4800	YJL211C	0.6875
4801	YDL098C	0.6874
4802	YMR107W	0.68717
4803	YMR307C-A	0.68715
4804	YGL092W	0.68714
4805	YPR179C	0.68713
4806	YNL128W	0.6871
4807	YER014C-A	0.68707
4808	YER172C-A	0.68707
4809	YMR192W	0.68701
4810	YJL106W	0.68692
4811	YKL175W	0.68691
4812	YDL009C	0.68687
4813	YHL038C	0.68685
4814	YBL090W	0.68679
4815	YER061C	0.68667
4816	YGL032C	0.68667
4817	YMR230W-A	0.6866
4818	YOR338W	0.68652
4819	YAL026C-A	0.68637
4820	YOR365C	0.68624
4821	YDR221W	0.68621
4822	YGR293C	0.6862
4823	YJR119C	0.68618
4824	YPL005W	0.68615
4825	YMR190C	0.68613
4826	YMR198W	0.6861
4827	YDR262W	0.68598
4828	YDL197C	0.68597
4829	YMR110C	0.68585
4830	YCR097W-A	0.6858
4831	YGR122W	0.68578
4832	YGR025W	0.68571
4833	YJR122W	0.6856
4834	YML104C	0.68549
4835	YBL039C-A	0.68549
4836	YIL077C	0.68546
4837	YGL149W	0.68536
4838	YHL009W-A	0.68528
4839	YOL105C	0.68515
4840	YGL203C	0.68509
4841	YDR503C	0.68497
4842	YMR061W	0.68494
4843	YOL004W	0.68487
4844	YHR132W-A	0.68484
4845	YDL035C	0.68474
4846	YBR022W	0.6847
4847	YJL197C-A	0.68468
4848	YMR122W-A	0.68455
4849	YMR287C	0.68451
4850	YER087W	0.68451
4851	YJR051W	0.6844
4852	YML096W	0.68434
4853	YDL204W	0.6843
4854	YEL020C-B	0.68427
4855	YNL166C	0.68426
4856	YMR223W	0.68416
4857	YDR401W	0.68402
4858	YDR335W	0.68385
4859	YMR070W	0.68383
4860	YDL185C-A	0.6836
4861	YAR019C	0.68353
4862	YJL101C	0.68343
4863	YGL227W	0.68328
4864	YML007C-A	0.68327
4865	YCL058C	0.68314
4866	YPR136C	0.68311
4867	YLR247C	0.6831
4868	YDL012C	0.68308
4869	YLR439W	0.68308
4870	YAL032C	0.68297
4871	YKL145W-A	0.68284
4872	YGR204C-A	0.6828
4873	YGR035W-A	0.68274
4874	YIL006W	0.68265
4875	YHR165C	0.68265
4876	YGL072C	0.68257
4877	YJL004C	0.68257
4878	YML108W	0.68254
4879	YDR283C	0.68252
4880	YER091C-A	0.6825
4881	YBL045C	0.68241
4882	YKL111C	0.68235
4883	YDR006C	0.68232
4884	YGR238C	0.68227
4885	YGR164W	0.68222
4886	YDR251W	0.68217
4887	YNL278W	0.68217
4888	YDL129W	0.68213
4889	YBR206W	0.68208
4890	YNR006W	0.68204
4891	YPR031W	0.682
4892	YLR363C	0.68196
4893	YKR015C	0.68194
4894	YNL174W	0.68193
4895	YDL062W	0.68183
4896	YKL149C	0.68164
4897	YLR428C	0.68154
4898	YDL220C	0.68153
4899	YEL028W	0.68146
4900	YBR186W	0.68142
4901	YNL320W	0.68135
4902	YKR083C	0.68132
4903	YOR041C	0.68131
4904	YNL073W	0.68124
4905	YPL178W	0.68118
4906	YDL054C	0.68104
4907	YGL014C-A	0.68102
4908	YNL304W	0.68094
4909	YFL040W	0.68093
4910	YBR188C	0.68088
4911	YOR124C	0.68085
4912	YML020W	0.68081
4913	YFL027C	0.68068
4914	YLR163W-A	0.68058
4915	YNL038W	0.68057
4916	YGR237C	0.68047
4917	YGR228W	0.68046
4918	YBR012C	0.68037
4919	YNL318C	0.68033
4920	YGR146C-A	0.68028
4921	YEL061C	0.68027
4922	YJR038C	0.68026
4923	YCL065W	0.68018
4924	YBR147W	0.68017
4925	YGL263W	0.68007
4926	YLR052W	0.68004
4927	YDR507C	0.68003
4928	YGR184C	0.68002
4929	YKR096W	0.68001
4930	YLR312W-A	0.67996
4931	YOR344C	0.67993
4932	YJR043C	0.6799
4933	YBR269C	0.67982
4934	YDR279W	0.67977
4935	YDR290W	0.67969
4936	YOR381W-A	0.67967
4937	YMR211W	0.67966
4938	YNL170W	0.67966
4939	YLR006C	0.67965
4940	YJL156C	0.67964
4941	YNR028W	0.67942
4942	YDR299W	0.67931
4943	YPL123C	0.67914
4944	YIL009C-A	0.67908
4945	YHR101C	0.67907
4946	YOR346W	0.67907
4947	YJL114W	0.67904
4948	YHR049C-A	0.67895
4949	YJL107C	0.67893
4950	YOR319W	0.67884
4951	YER038W-A	0.67884
4952	YIL132C	0.67884
4953	YHR214C-C	0.67882
4954	Q0017	0.67882
4955	YGR069W	0.67882
4956	YOR260W	0.67877
4957	YNR042W	0.6786
4958	YGL067W	0.67859
4959	YLR136C	0.67856
4960	YDR242W	0.6785
4961	YLR010C	0.6785
4962	YBL070C	0.67831
4963	YPL105C	0.6783
4964	YGL060W	0.67827
4965	YKL136W	0.67825
4966	YER084W	0.6782
4967	YKL115C	0.67815
4968	YDL183C	0.67809
4969	YPL126W	0.67806
4970	YHR158C	0.67796
4971	YKL032C	0.67796
4972	YFL007W	0.67791
4973	YJL205C	0.67781
4974	YHR136C	0.67763
4975	YIL024C	0.67761
4976	YCR091W	0.67757
4977	YNL067W-A	0.67757
4978	YBL008W-A	0.67746
4979	YDR261C	0.67737
4980	YJL120W	0.67735
4981	YJR093C	0.67726
4982	YLR321C	0.67722
4983	YNR005C	0.67718
4984	YCR095C	0.67706
4985	YIR016W	0.67705
4986	YDR179W-A	0.677
4987	YHR054W-A	0.67694
4988	YHR052W-A	0.67694
4989	YDR410C	0.67694
4990	YBR056C-B	0.67671
4991	YDR366C	0.67668
4992	YGL131C	0.67665
4993	YKL034W	0.67662
4994	YPL242C	0.67656
4995	YNL179C	0.67643
4996	YDR326C	0.67642
4997	YOL085W-A	0.67639
4998	YBR026C	0.67614
4999	YNL126W	0.67599
5000	YEL032C-A	0.67597
5001	YER007W	0.67593
5002	YML036W	0.67587
5003	YAL008W	0.67584
5004	YEL068C	0.67581
5005	YCR020W-B	0.6758
5006	YGL014W	0.67568
5007	YIR024C	0.67565
5008	YMR185W	0.67564
5009	YKL168C	0.6756
5010	YNL164C	0.67552
5011	YDL028C	0.67548
5012	YDR445C	0.67545
5013	YAR030C	0.6754
5014	YDR521W	0.67539
5015	YDR377W	0.67539
5016	YGR127W	0.67538
5017	YNL338W	0.67535
5018	YMR129W	0.67531
5019	YMR207C	0.6753
5020	YIL137C	0.67528
5021	YIL127C	0.67518
5022	YJL202C	0.67515
5023	YGR045C	0.675
5024	YJL127C	0.67491
5025	YNL205C	0.67489
5026	YAR002W	0.67486
5027	YPL189W	0.67476
5028	YBR197C	0.67474
5029	YDR354W	0.6747
5030	YIL025C	0.67468
5031	YLR191W	0.67466
5032	YNL300W	0.67452
5033	YJL193W	0.6745
5034	YOR115C	0.67442
5035	YHL021C	0.67435
5036	YIL068W-A	0.67434
5037	YOR293C-A	0.67434
5038	YPL165C	0.67424
5039	YOR043W	0.67422
5040	YPR202W	0.67398
5041	YPR075C	0.67387
5042	YEL017W	0.67384
5043	YBR259W	0.67377
5044	YER113C	0.67377
5045	YCL056C	0.67367
5046	YOR373W	0.67363
5047	YJL077C	0.67357
5048	YBR098W	0.67344
5049	YJL112W	0.67343
5050	YML046W	0.67343
5051	YPL041C	0.67341
5052	YLR453C	0.67337
5053	YNR061C	0.67335
5054	YMR010W	0.67332
5055	YPL020C	0.67332
5056	YMR283C	0.67328
5057	YBR293W	0.67324
5058	YNR056C	0.67319
5059	YPL146C	0.67319
5060	YJL098W	0.67313
5061	YFR009W-A	0.67311
5062	YMR053C	0.67308
5063	YLL035W	0.67306
5064	YJR012C	0.67305
5065	YAR069C	0.6729
5066	YHR214C-D	0.6729
5067	YBR257W	0.67288
5068	YJL038C	0.67285
5069	YNL224C	0.67279
5070	YDR278C	0.67271
5071	YDL181W	0.67268
5072	YPL128C	0.67264
5073	YKR089C	0.67263
5074	YMR281W	0.67258
5075	YDL119C	0.67257
5076	YKR082W	0.67251
5077	YKL079W	0.67251
5078	YJR107C-A	0.67246
5079	YLR311C	0.67243
5080	YBR233W-A	0.67242
5081	YJL023C	0.67241
5082	YIL020C-A	0.67233
5083	YDL203C	0.67233
5084	YEL018W	0.67224
5085	YDR484W	0.67203
5086	YDL247W-A	0.67197
5087	YNL165W	0.67197
5088	YJR126C	0.67187
5089	YOL063C	0.67185
5090	YOR263C	0.6718
5091	YIL130W	0.67176
5092	YHR105W	0.67174
5093	YLR127C	0.67166
5094	YFR026C	0.67163
5095	YKL061W	0.67162
5096	YJL206C	0.67151
5097	YNL029C	0.67147
5098	YOR282W	0.67142
5099	YAL019W-A	0.67133
5100	YLR154W-E	0.67124
5101	YOL024W	0.67123
5102	YOR093C	0.6712
5103	YIL156W	0.67116
5104	YDR014W-A	0.67112
5105	YNL114C	0.67106
5106	YDR255C	0.67105
5107	YKR033C	0.67102
5108	YDR357C	0.67096
5109	YLR023C	0.67091
5110	YKL183W	0.67088
5111	YHL028W	0.67079
5112	YBR064W	0.67074
5113	YPR115W	0.67066
5114	YLR322W	0.67052
5115	YNL253W	0.67051
5116	YFR056C	0.67045
5117	YOL166W-A	0.67036
5118	YLR402W	0.67036
5119	YLL044W	0.67031
5120	YDR504C	0.67019
5121	YDR529C	0.67018
5122	YER047C	0.67014
5123	YDR376W	0.67011
5124	YMR060C	0.67008
5125	YER093C	0.67003
5126	YLR154W-C	0.67
5127	YER068C-A	0.66997
5128	YAL037C-A	0.66987
5129	YLL032C	0.66978
5130	YDR205W	0.66978
5131	YOL032W	0.66973
5132	YHR035W	0.66972
5133	YHR097C	0.66971
5134	YLR406C-A	0.66969
5135	YOR308C	0.66963
5136	YDR416W	0.66961
5137	YLR456W	0.66957
5138	YDR157W	0.66957
5139	YML114C	0.66951
5140	YGL247W	0.66948
5141	YPL149W	0.66932
5142	YKL116C	0.6692
5143	YKL096C-B	0.6692
5144	YOR144C	0.6691
5145	YLR260W	0.66909
5146	YDR199W	0.66909
5147	YAL056W	0.66892
5148	YBL079W	0.66891
5149	YDR245W	0.66889
5150	YDR470C	0.66886
5151	YBR128C	0.66878
5152	YJL225W-A	0.66873
5153	YIL177W-A	0.66873
5154	YNL314W	0.66866
5155	YJL133C-A	0.66865
5156	YJR151W-A	0.66864
5157	YLR440C	0.66863
5158	YMR029C	0.6686
5159	YBR215W	0.66856
5160	YPL185W	0.66854
5161	YNL303W	0.66853
5162	YML012C-A	0.6685
5163	YDR068W	0.66841
5164	YPR071W	0.66833
5165	YBR027C	0.66831
5166	YGR057C	0.66827
5167	YPL155C	0.66821
5168	YNL019C	0.66819
5169	YBR081C	0.66816
5170	YKL106W	0.66811
5171	YLR350W	0.66805
5172	YOL078W	0.66794
5173	YDR535C	0.66791
5174	YKR028W	0.66789
5175	YJR111C	0.66788
5176	YDR329C	0.66787
5177	YLL067W-A	0.66785
5178	YFL068W	0.66785
5179	YLL066W-A	0.66785
5180	YIL060W	0.6678
5181	YOR256C	0.6677
5182	YMR311C	0.6676
5183	YKL104W-A	0.66749
5184	YDL173W	0.66745
5185	YBR036C	0.6674
5186	YDR509W	0.66728
5187	YHL024W	0.66725
5188	YDR420W	0.66725
5189	YBL020W	0.66722
5190	YOR249C	0.66721
5191	YDR489W	0.66716
5192	YDR281C	0.66715
5193	YNL033W	0.66708
5194	YLR442C	0.66698
5195	YMR140W	0.66688
5196	YAL047W-A	0.66683
5197	YDR138W	0.66678
5198	YOL131W	0.66675
5199	YDR115W	0.66672
5200	YGR205W	0.66663
5201	YHL050W-A	0.66657
5202	YNL339W-B	0.66657
5203	YHR219C-A	0.66657
5204	YML133W-B	0.66657
5205	YDL237W	0.66653
5206	YLL031C	0.66652
5207	YKR008W	0.66635
5208	YNL127W	0.66635
5209	YOR180C	0.66634
5210	YJR059W	0.66632
5211	YBL066C	0.66627
5212	YDR363W	0.6662
5213	YNL109W	0.66608
5214	YDR008C	0.66604
5215	YGR053C	0.66595
5216	YNL295W	0.66593
5217	YMR147W	0.66583
5218	YLR084C	0.66581
5219	YGR147C	0.66578
5220	YJR135C	0.66577
5221	YOR329C	0.66576
5222	YCR022C	0.66575
5223	YFR052W	0.66573
5224	YPL197C	0.66566
5225	YGR084C	0.66564
5226	YEL022W	0.66559
5227	YDR545C-A	0.66559
5228	YDR247W	0.66557
5229	YOR166C	0.6655
5230	YKL011C	0.6654
5231	YMR148W	0.66528
5232	YMR019W	0.66527
5233	YOR112W	0.66522
5234	YDL214C	0.66515
5235	YFR029W	0.66491
5236	YMR017W	0.6649
5237	YHR119W	0.66489
5238	YHR079C	0.66489
5239	YLR228C	0.66486
5240	YDR246W	0.66483
5241	YER067C-A	0.66469
5242	YDR437W	0.66466
5243	YBR217W	0.66466
5244	YOL019W	0.6646
5245	YDL114W-A	0.66448
5246	YLR467C-A	0.66439
5247	YLR466C-A	0.66439
5248	YOR396C-A	0.66439
5249	YLR073C	0.66432
5250	YKL023W	0.66431
5251	YPR109W	0.66424
5252	YER169W	0.66422
5253	YDR413C	0.66411
5254	YGR137W	0.66411
5255	YBL077W	0.66408
5256	YOL017W	0.664
5257	YAL017W	0.66398
5258	YJL092W	0.66396
5259	YKL138C	0.66396
5260	YAL037W	0.66396
5261	YDR475C	0.66395
5262	YIL014C-A	0.66384
5263	YNL024C-A	0.66384
5264	YNL005C	0.66363
5265	YIL098C	0.66354
5266	YML107C	0.66353
5267	YNR031C	0.66351
5268	YHR125W	0.66347
5269	YJL157C	0.6634
5270	YGL134W	0.66333
5271	YKL110C	0.66331
5272	YOL079W	0.66329
5273	YKR029C	0.6632
5274	YNL226W	0.6632
5275	YPL139C	0.66311
5276	YKR005C	0.66306
5277	YDR081C	0.66302
5278	YLR366W	0.66291
5279	YOR392W	0.66291
5280	YMR030W-A	0.66288
5281	YNL120C	0.66281
5282	YOL095C	0.66278
5283	YNL139C	0.66272
5284	YDR319C	0.66271
5285	YKR044W	0.66269
5286	YDR389W	0.66266
5287	YEL072W	0.66263
5288	YNL012W	0.66257
5289	YDR458C	0.66257
5290	YNL047C	0.66255
5291	YHL046W-A	0.66252
5292	YOR247W	0.66252
5293	YHR153C	0.66251
5294	YGR109C	0.6625
5295	YGR296C-B	0.66249
5296	YER190C-B	0.66249
5297	YPR204C-A	0.66249
5298	YPL283W-B	0.66249
5299	YEL077W-A	0.66249
5300	YPL248C	0.66239
5301	YMR031C	0.66233
5302	YLR327C	0.66216
5303	YKL208W	0.66208
5304	YLR082C	0.66206
5305	YML023C	0.66196
5306	YBL107C	0.6619
5307	YHR093W	0.66187
5308	YJL044C	0.66173
5309	YGR018C	0.66157
5310	YGR104C	0.66154
5311	YLR149C	0.66145
5312	YLL013C	0.66143
5313	YGR044C	0.6614
5314	YPR146C	0.66137
5315	YBR171W	0.66126
5316	YKL134C	0.661
5317	YOR211C	0.66094
5318	YLL051C	0.66081
5319	YOR053W	0.66065
5320	YJL020W-A	0.6606
5321	YHR063W-A	0.66048
5322	YER041W	0.66042
5323	YDR176W	0.66038
5324	YDR201W	0.66033
5325	YJR087W	0.66016
5326	YGL090W	0.66014
5327	YCL001W-A	0.66008
5328	YDL179W	0.66006
5329	YDR381C-A	0.65996
5330	YFL024C	0.65995
5331	YDR340W	0.65989
5332	YMR175W-A	0.65984
5333	YHL035C	0.65983
5334	YCR001W	0.65966
5335	YOR302W	0.6596
5336	YMR256C	0.65958
5337	YJL201W	0.65954
5338	YML083C	0.65949
5339	YJL047C-A	0.65944
5340	YDL113C	0.65943
5341	YLR101C	0.65937
5342	YDL077C	0.6593
5343	YJL070C	0.65927
5344	YBR212W	0.65922
5345	YMR021C	0.65917
5346	YPR099C	0.65913
5347	YLR067C	0.65911
5348	YDR228C	0.65905
5349	YDR285W	0.65895
5350	YDR119W-A	0.65894
5351	YHR078W	0.65886
5352	YFR011C	0.6588
5353	YHL027W	0.65878
5354	YLR265C	0.65877
5355	YMR237W	0.65874
5356	YKL205W	0.65874
5357	YBR276C	0.6587
5358	YJR053W	0.65868
5359	YDR141C	0.65865
5360	YPR050C	0.65862
5361	YBR240C	0.65862
5362	YNL249C	0.65856
5363	YPL278C	0.65849
5364	YER135C	0.65839
5365	YJL007C	0.65831
5366	YLR422W	0.65823
5367	YDR423C	0.65823
5368	YKL106C-A	0.65821
5369	YNL041C	0.65821
5370	YDL044C	0.6581
5371	YDL216C	0.65804
5372	YJL066C	0.65794
5373	YMR073C	0.65786
5374	YNR059W	0.65768
5375	YDR160W	0.65766
5376	YER186C	0.65766
5377	YOR081C	0.65759
5378	YBR272C	0.65757
5379	YDR520C	0.65756
5380	YKL121W	0.65754
5381	YKL083W	0.65752
5382	YNL285W	0.65749
5383	YDR318W	0.65748
5384	YLL066W-B	0.65747
5385	YDR426C	0.65739
5386	YPL150W	0.65732
5387	YBL094C	0.65726
5388	YNL011C	0.65719
5389	YER109C	0.65718
5390	YHR155W	0.65709
5391	YOR190W	0.65706
5392	YLR202C	0.65705
5393	YFL012W-A	0.65702
5394	YLL040C	0.65701
5395	YNL213C	0.6569
5396	YML099W-A	0.65687
5397	YDR367W	0.65645
5398	YDL117W	0.65636
5399	YOR186C-A	0.65635
5400	YOR011W-A	0.6563
5401	YIL139C	0.65622
5402	YOR012W	0.65618
5403	YPL069C	0.65611
5404	YOR228C	0.65606
5405	YJL132W	0.65604
5406	YJR138W	0.65603
5407	YBL060W	0.65595
5408	YLL020C	0.65592
5409	YJL057C	0.65587
5410	YHR193C-A	0.65586
5411	YJR086W	0.6558
5412	YGR198W	0.65579
5413	YAR047C	0.65577
5414	YJL019W	0.65569
5415	YGR156W	0.65551
5416	YJR062C	0.65535
5417	YOR032W-A	0.6553
5418	YBR194W	0.65528
5419	YGR171C	0.65526
5420	YOR238W	0.65515
5421	YJR110W	0.6551
5422	YLR119W	0.65498
5423	YGR114C	0.65497
5424	YHR154W	0.65496
5425	YHR015W	0.65476
5426	YDR197W	0.65469
5427	YBL100W-C	0.65466
5428	YKL015W	0.65463
5429	YKL138C-A	0.65454
5430	YPL021W	0.65446
5431	YGL113W	0.65426
5432	YBL093C	0.65416
5433	YGL006W-A	0.65416
5434	YDL045C	0.65409
5435	YOL104C	0.65405
5436	YKL130C	0.65395
5437	YJL204C	0.65376
5438	YLR148W	0.65372
5439	YIR003W	0.65371
5440	YJR021C	0.65367
5441	YBR195C	0.65365
5442	YGL249W	0.65351
5443	YCL028W	0.65348
5444	YGR017W	0.65337
5445	YDL070W	0.6533
5446	YBR182C-A	0.65329
5447	YBR097W	0.65326
5448	YML016C	0.65323
5449	YBR172C	0.65322
5450	YDR383C	0.65321
5451	YOL166C	0.65307
5452	YCR089W	0.65303
5453	YCL039W	0.65285
5454	YAR061W	0.65283
5455	YHR212W-A	0.65283
5456	YDR124W	0.65278
5457	YKR090W	0.65273
5458	YKR019C	0.65266
5459	YGL041W-A	0.65259
5460	YKR054C	0.65238
5461	YDR455C	0.65237
5462	YLL019C	0.65236
5463	YMR117C	0.65232
5464	YLR381W	0.65227
5465	YHR149C	0.65224
5466	YHR099W	0.65222
5467	YBL113W-A	0.65211
5468	YHR214C-B	0.65207
5469	YNL196C	0.65182
5470	YLR087C	0.6518
5471	YGR222W	0.65174
5472	YGL093W	0.65171
5473	YGL132W	0.65167
5474	YBR290W	0.65157
5475	YLR315W	0.65142
5476	YNL337W	0.65139
5477	YLR294C	0.65135
5478	YPL257W	0.65118
5479	YER096W	0.65116
5480	YEL025C	0.65111
5481	YOR193W	0.65104
5482	YGL209W	0.65098
5483	YDR271C	0.65095
5484	YBR057C	0.6509
5485	YNL257C	0.65089
5486	YPL096C-A	0.65085
5487	YDR254W	0.6508
5488	YER064C	0.6508
5489	YML113W	0.65077
5490	YER078W-A	0.65075
5491	YMR130W	0.65074
5492	YCR018C	0.6507
5493	YKR036C	0.65064
5494	YGR225W	0.65063
5495	YOR149C	0.65025
5496	YGL124C	0.65017
5497	YCL057W	0.65012
5498	YGL013C	0.65007
5499	YBR133C	0.6499
5500	YML054C-A	0.6498
5501	YJR041C	0.64978
5502	YER122C	0.64969
5503	YJL118W	0.64969
5504	YHR023W	0.64949
5505	YDR365W-B	0.64943
5506	YGR096W	0.64941
5507	YFL014W	0.64936
5508	YPR079W	0.64914
5509	YNR004W	0.64914
5510	YCR099C	0.64908
5511	YGR052W	0.64901
5512	YCR024C	0.64889
5513	YOR242C	0.64882
5514	YNL026W	0.64878
5515	YER158W-A	0.64875
5516	YDR125C	0.64873
5517	YHL041W	0.6487
5518	YIL163C	0.64862
5519	YGR030C	0.64856
5520	YHR069C-A	0.64852
5521	YGR075C	0.64849
5522	YLR079W	0.64848
5523	YJL084C	0.64847
5524	YJR140W-A	0.64844
5525	YKL074C	0.64831
5526	YMR133W	0.6483
5527	YAR009C	0.64824
5528	YBL014C	0.64824
5529	YMR075C-A	0.64809
5530	YIL149C	0.64804
5531	YLR329W	0.64801
5532	YNL254C	0.64799
5533	YIL005W	0.64796
5534	YDR200C	0.64789
5535	YIL044C	0.64783
5536	YIL029C	0.64775
5537	YMR032W	0.64741
5538	YJL086C	0.6474
5539	YDR198C	0.64734
5540	YLL021W	0.64733
5541	YDL005C	0.64733
5542	YLR356W	0.64732
5543	YPL102C	0.64722
5544	YDR048C	0.64718
5545	YDR315C	0.64715
5546	YBR040W	0.64701
5547	YJL073W	0.64694
5548	YJL013C	0.64693
5549	YPR015C	0.64689
5550	YBR163W	0.64685
5551	YMR068W	0.64684
5552	YDR463W	0.6468
5553	YKL014C	0.64676
5554	YLR171W	0.64667
5555	YPL026C	0.64654
5556	YDR261C-C	0.64654
5557	YDR194W-A	0.64652
5558	YIL112W	0.64648
5559	YCR066W	0.64646
5560	YEL009C-A	0.64644
5561	YER138C	0.64644
5562	YKL068W	0.64642
5563	YBR292C	0.6464
5564	YLR256W-B/YLR256W-C	0.6464
5565	YGR219W	0.64633
5566	YNL319W	0.64629
5567	YPL040C	0.64628
5568	YAL027W	0.6462
5569	YDL115C	0.6462
5570	YDL114W	0.64619
5571	YOR304C-A	0.64596
5572	YOL083W	0.64593
5573	YJR027W	0.64589
5574	YGL193C	0.64583
5575	YPL189C-A	0.64575
5576	YNL054W-B	0.64557
5577	YOL103W-B	0.64555
5578	YML045W	0.64555
5579	YJR037W	0.64547
5580	YPL257W-B	0.64545
5581	YGR013W	0.64536
5582	YPL057C	0.64531
5583	YOL044W	0.6452
5584	YMR050C	0.64518
5585	YLR217W	0.64518
5586	YCL024W	0.64512
5587	YDR365W-A	0.64511
5588	YER137C-A	0.64511
5589	YPL257W-A	0.64511
5590	YLR157C-A	0.64511
5591	YDR396W	0.64504
5592	YNL133C	0.64504
5593	YGR275W	0.64497
5594	YMR274C	0.64489
5595	YML039W	0.64489
5596	YPR137C-B	0.64484
5597	YNR047W	0.64478
5598	YBR300C	0.6447
5599	YNR044W	0.64465
5600	YJR029W	0.64463
5601	YER114C	0.64462
5602	YGR077C	0.6446
5603	YPR158C-C	0.64454
5604	YGR038C-B	0.64446
5605	YLR157C-B	0.64443
5606	YDR098C-B	0.64425
5607	YFL032W	0.64423
5608	YOR371C	0.64403
5609	YER097W	0.64393
5610	YLR035C-A	0.64372
5611	YLR256W-A	0.64369
5612	YER160C	0.64367
5613	YDR170W-A	0.64363
5614	YOL118C	0.6436
5615	YMR171C	0.64357
5616	YBR012W-B	0.64356
5617	YDR229W	0.64351
5618	YGR027W-B	0.64349
5619	YPR158C-D	0.64348
5620	YGR161C-D	0.64346
5621	YHR138C	0.64337
5622	YIR018W	0.64335
5623	YOL103W-A	0.64311
5624	YKR020W	0.64298
5625	YMR134W	0.64295
5626	YBR230C	0.64292
5627	YLR227W-A	0.64288
5628	YML040W	0.64288
5629	YJR026W	0.64288
5630	YCR019W	0.64279
5631	YLR187W	0.64273
5632	YDR210C-D	0.64271
5633	YOL159C-A	0.64264
5634	YDR494W	0.64264
5635	YLR094C	0.64264
5636	YFL049W	0.64262
5637	YGR049W	0.64262
5638	YJR101W	0.64255
5639	YNL058C	0.64252
5640	YDL242W	0.64247
5641	YLR227W-B	0.64246
5642	YDL149W	0.64245
5643	YPL216W	0.64244
5644	YML034W	0.64241
5645	YOL164W-A	0.64224
5646	YGL160W	0.64223
5647	YHL044W	0.64222
5648	YOR142W-B	0.64215
5649	YJL105W	0.64214
5650	YDR316W-B	0.64214
5651	YPR022C	0.64213
5652	YBR152W	0.64209
5653	YLR033W	0.64196
5654	YHR109W	0.6419
5655	YJL083W	0.64181
5656	YKL141W	0.6418
5657	YDR495C	0.64179
5658	YPL115C	0.64175
5659	YKR098C	0.64169
5660	YLR142W	0.64168
5661	YEL023C	0.64165
5662	YLR165C	0.64161
5663	YNL198C	0.64158
5664	YBL005W-B	0.64153
5665	YER066C-A	0.64151
5666	YER076W-A	0.64145
5667	YIL158W	0.64142
5668	YMR013C	0.64139
5669	YPR158W-B	0.64138
5670	YLR395C	0.64133
5671	YML099C	0.64131
5672	YDR524C-A	0.6412
5673	YMR045C	0.64119
5674	YOR354C	0.64117
5675	YNL284C-B	0.64113
5676	YGL136C	0.6411
5677	YBR270C	0.64108
5678	YAL069W	0.64101
5679	YML029W	0.64087
5680	YKR011C	0.64065
5681	YNR066C	0.64065
5682	YJR091C	0.64049
5683	YHR050W-A	0.64047
5684	YNL068C	0.64039
5685	YGL182C	0.64034
5686	YPR137C-A	0.64025
5687	YAR010C	0.64025
5688	YJL016W	0.64006
5689	YJR134C	0.64006
5690	YDR295C	0.64
5691	YDR159W	0.63993
5692	YDR261C-D	0.63987
5693	YER054C	0.63986
5694	YKL133C	0.63973
5695	YCL021W-A	0.63965
5696	YER112W	0.63962
5697	YBR051W	0.63959
5698	YDL094C	0.63956
5699	YPR150W	0.63948
5700	YPL118W	0.6393
5701	YGL142C	0.63922
5702	YLR173W	0.63921
5703	YGR106C	0.6392
5704	YDL240C-A	0.63915
5705	YKL159C	0.63912
5706	YHR217C	0.63911
5707	YDR499W	0.63899
5708	YDL142C	0.63899
5709	YKR027W	0.63898
5710	YPL261C	0.63897
5711	YML002W	0.63872
5712	YPR151C	0.63862
5713	YDR147W	0.63857
5714	YDL139C	0.63842
5715	YFR039C	0.63832
5716	YML017W	0.63826
5717	YDR088C	0.6382
5718	YLR232W	0.63814
5719	YJL049W	0.63812
5720	YBL071C	0.63809
5721	YNL284C-A	0.63806
5722	YMR176W	0.63798
5723	YPL141C	0.6379
5724	YEL062W	0.63789
5725	YOR320C	0.63788
5726	YIL056W	0.63781
5727	YMR153C-A	0.63766
5728	YJR028W	0.63759
5729	YJL146W	0.63751
5730	YOR385W	0.63741
5731	YPR169W-A	0.63704
5732	YBR161W	0.63702
5733	YJL209W	0.63701
5734	YAL065C	0.63686
5735	YBR191W-A	0.63685
5736	YDR544C	0.63677
5737	YNR024W	0.63676
5738	YDR072C	0.63672
5739	YPR026W	0.63664
5740	YBR108W	0.63664
5741	YKL038W	0.63663
5742	YDR322W	0.6366
5743	YGR108W	0.63656
5744	YLR434C	0.63645
5745	YML047W-A	0.63644
5746	YBR049C	0.63636
5747	YPR007C	0.6363
5748	YER133W-A	0.63613
5749	YPR020W	0.63597
5750	YGR027W-A	0.63595
5751	YLR459W	0.63594
5752	YJL076W	0.63587
5753	YKL169C	0.63586
5754	YOR152C	0.6357
5755	YDR461C-A	0.63566
5756	YIL090W	0.63562
5757	YJR127C	0.63559
5758	YDR431W	0.63557
5759	Q0075	0.63555
5760	YMR072W	0.63543
5761	YMR065W	0.63539
5762	YIL040W	0.63539
5763	YIL136W	0.63535
5764	YGL041C-B	0.63527
5765	YOR015W	0.63525
5766	YER006C-A	0.63524
5767	YLR219W	0.63512
5768	YNL201C	0.63512
5769	YLR400W	0.63507
5770	YGL007C-A	0.63506
5771	YDR078C	0.635
5772	YJL113W	0.63497
5773	YML076C	0.63497
5774	YMR025W	0.63495
5775	YOL015W	0.63493
5776	YKR004C	0.63492
5777	YDR005C	0.63486
5778	YJL170C	0.63467
5779	YKR046C	0.63465
5780	YLR295C	0.63443
5781	YLR408C	0.63432
5782	YFL041W-A	0.63432
5783	YHL009W-B	0.63427
5784	YMR153W	0.63418
5785	YHR071W	0.63416
5786	YJL187C	0.63409
5787	YLR332W	0.63406
5788	YCL019W	0.63381
5789	YLR320W	0.63378
5790	YOR140W	0.63369
5791	YPR199C	0.63363
5792	YOL035C	0.63363
5793	YER118C	0.63362
5794	YIL129C	0.63359
5795	YDR118W	0.63354
5796	YOL101C	0.63352
5797	YDL106C	0.63348
5798	YGR230W	0.63336
5799	YCR108C	0.63336
5800	YJR080C	0.63334
5801	YNL234W	0.63329
5802	YDR202C	0.63312
5803	YGR038C-A	0.63307
5804	YDR320C	0.63304
5805	YNL204C	0.633
5806	YDR098C-A	0.63298
5807	YML045W-A	0.63262
5808	YGL041C	0.63256
5809	YAL068W-A	0.63249
5810	YBL051C	0.63235
5811	YBR012W-A	0.63227
5812	YJL176C	0.63225
5813	YLR403W	0.63218
5814	YOL159C	0.63211
5815	YMR046C	0.63205
5816	YIR021W-A	0.63205
5817	YDR057W	0.63203
5818	YMR258C	0.63191
5819	YMR141W-A	0.63175
5820	YLR035C-B	0.63168
5821	YER159C-A	0.63168
5822	YMR051C	0.63168
5823	YGR161C-C	0.63168
5824	YDR316W-A	0.63168
5825	YGL066W	0.63154
5826	YLR297W	0.63153
5827	YLR458W	0.6315
5828	YBR239C	0.63145
5829	YBL107W-A	0.63144
5830	YIR014W	0.63142
5831	YOR394C-A	0.63135
5832	YKR031C	0.63122
5833	YER071C	0.6312
5834	YLR423C	0.63119
5835	YLR256W	0.63111
5836	YLR299C-A	0.63078
5837	YDR303C	0.6307
5838	YLR001C	0.63068
5839	YBL005W-A	0.63068
5840	YAL066W	0.63066
5841	YGR015C	0.63058
5842	YOR313C	0.63047
5843	YEL007W	0.6304
5844	YGR161W-B	0.63039
5845	YFL002W-A	0.63039
5846	YOL117W	0.63029
5847	YBR238C	0.63028
5848	YGR233C	0.63016
5849	YIL030W-A	0.6301
5850	YGR038C-D/YGR038C-C	0.63002
5851	YDR261W-B	0.62991
5852	YMR158C-A	0.62988
5853	YLR466C-B	0.62978
5854	YER121W	0.62975
5855	YKL025C	0.62959
5856	YMR284W	0.62954
5857	YIL066W-A	0.62953
5858	YDR222W	0.62952
5859	YDL050C	0.62947
5860	YPL177C	0.62932
5861	YOR220W	0.62931
5862	YIL105W-A	0.6291
5863	YMR280C	0.62909
5864	YLR036C	0.62909
5865	YPL174C	0.62906
5866	YBL085W	0.62902
5867	YOL082W	0.629
5868	YOR192C-B	0.62895
5869	YDR089W	0.62886
5870	YOL100W	0.6288
5871	YLR358C	0.62876
5872	YMR304C-A	0.62853
5873	YMR064W	0.62853
5874	YPR027C	0.62847
5875	YDR034C-D	0.62832
5876	YOR142W-A	0.62825
5877	YPR158W-A	0.62825
5878	YER184C	0.62818
5879	YDR348C	0.62813
5880	YDL130W-A	0.6279
5881	YOR143C	0.6279
5882	YMR172W	0.62786
5883	YER173W	0.62785
5884	YMR174C	0.62753
5885	YBL100W-B	0.6274
5886	YKL072W	0.62736
5887	YDR210W-B	0.62732
5888	YPR042C	0.62716
5889	YOR337W	0.62712
5890	YGR196C	0.62699
5891	YLR410W-B	0.62698
5892	YDR260C	0.62688
5893	YLR135W	0.62679
5894	YGL168W	0.62676
5895	YCL021W	0.62673
5896	YBL084C	0.62668
5897	YOR097C	0.62654
5898	YER137W-A	0.62647
5899	YDL107W	0.62646
5900	YFR036W-A	0.62644
5901	YCL061C	0.62644
5902	YOR333C	0.62628
5903	YPL011C	0.62621
5904	YMR118C	0.6262
5905	YOL136C	0.62611
5906	YFR042W	0.62608
5907	YDR210C-C	0.62607
5908	YIL086C	0.62606
5909	YPL027W	0.62601
5910	YDL169C	0.62593
5911	YLR310C	0.62577
5912	YLR263W	0.62567
5913	YOR289W	0.62552
5914	YLR278C	0.62534
5915	YDR071C	0.62516
5916	YBR058C-A	0.62505
5917	YDR131C	0.62485
5918	YPR036W-A	0.62478
5919	YGL086W	0.62469
5920	YGR016W	0.62465
5921	YJL056C	0.62463
5922	YLR099W-A	0.62462
5923	YDR469W	0.62447
5924	YKL052C	0.62443
5925	YHR102W	0.62439
5926	YPL060C-A	0.62435
5927	YER093C-A	0.62434
5928	YDL127W	0.62434
5929	YOL069W	0.62432
5930	YOR343W-B	0.62432
5931	YMR018W	0.62421
5932	YLR271W	0.62418
5933	YHL009C	0.62416
5934	YBL005W	0.62407
5935	YDR066C	0.62397
5936	YOR336W	0.62392
5937	YIL141W	0.62391
5938	YPR134W	0.62389
5939	YDR414C	0.62387
5940	YLR313C	0.6238
5941	YLR169W	0.62379
5942	YER046W	0.62376
5943	YMR098C	0.62374
5944	YDR143C	0.62369
5945	YPL039W	0.62349
5946	YCL020W	0.62342
5947	YKR016W	0.6234
5948	YIL092W	0.62334
5949	YDR179C	0.62322
5950	YIL159W	0.62304
5951	YOR019W	0.62302
5952	YDR261W-A	0.62298
5953	YNL309W	0.62293
5954	YJL099W	0.62286
5955	YNL297C	0.62276
5956	YLR224W	0.6226
5957	YDR034C-C	0.62258
5958	YJL150W	0.62255
5959	YNR039C	0.62253
5960	YML128C	0.62252
5961	YGL230C	0.62248
5962	YKL108W	0.62228
5963	YAL041W	0.62222
5964	YAL031W-A	0.62219
5965	YGL059W	0.62216
5966	YOR129C	0.62212
5967	YLR227C	0.62195
5968	YOR058C	0.62175
5969	YBR196C-A	0.62173
5970	YMR164C	0.6217
5971	YDR361C	0.62166
5972	YDR065W	0.62148
5973	YML059C	0.62138
5974	YPR067W	0.62127
5975	YPL035C	0.62117
5976	YPL016W	0.62113
5977	YGR115C	0.62112
5978	YKR034W	0.621
5979	YHR143W	0.62095
5980	YOR104W	0.62093
5981	YKL118W	0.62088
5982	YBR219C	0.62081
5983	YLR211C	0.6208
5984	YNL008C	0.62074
5985	YPL161C	0.62066
5986	YOR107W	0.62059
5987	YCL001W	0.62045
5988	YOR284W	0.62033
5989	YHR082C	0.62028
5990	YLR024C	0.62018
5991	YPR117W	0.62008
5992	YEL010W	0.62008
5993	YML047C	0.62005
5994	YMR172C-A	0.61998
5995	YKR095W	0.61995
5996	YNL235C	0.61988
5997	YNL070W	0.61985
5998	YML037C	0.61946
5999	YMR052C-A	0.6194
6000	YPL120W	0.61929
6001	YBR173C	0.61915
6002	YNL054W-A	0.61906
6003	YDL048C	0.61884
6004	YPL168W	0.6188
6005	YOR127W	0.61867
6006	YMR299C	0.61862
6007	YKL050C	0.61859
6008	YLR298C	0.61847
6009	YPR021C	0.61846
6010	YHR137C-A	0.61843
6011	YGR011W	0.6184
6012	YDR183C-A	0.61829
6013	YBL103C	0.61827
6014	YOR355W	0.61813
6015	YKR045C	0.61811
6016	YKL101W	0.61809
6017	YLL042C	0.61805
6018	YKR099W	0.61796
6019	YPR061C	0.6179
6020	YLR424W	0.61771
6021	YHR006W	0.61768
6022	YDR024W	0.61766
6023	YML101C-A	0.61753
6024	YGL107C	0.6174
6025	YMR094W	0.61735
6026	YOR192C-A	0.61713
6027	YMR052W	0.61711
6028	YPR012W	0.61691
6029	YPL034W	0.61687
6030	YGR227W	0.61687
6031	YGL038C	0.6167
6032	YMR100W	0.6167
6033	YJL048C	0.61663
6034	YKL068W-A	0.61658
6035	YBL043W	0.61651
6036	YER022W	0.61646
6037	YAL034C	0.61638
6038	YBL059W	0.61637
6039	YOL003C	0.61615
6040	YER138W-A	0.61611
6041	YOR148C	0.61601
6042	YPR049C	0.61596
6043	YBL100W-A	0.61585
6044	YDR466W	0.61561
6045	YIR010W	0.61559
6046	YDR543C	0.61551
6047	YNL100W	0.61545
6048	YPL253C	0.61525
6049	YOR037W	0.6152
6050	YDR369C	0.61513
6051	YHR056C	0.61499
6052	Q0110	0.61491
6053	YBR250W	0.61489
6054	YGR161W-C	0.61478
6055	YBL039W-B	0.61476
6056	YGR161W-A	0.61469
6057	YFL002W-B	0.61469
6058	YDR203W	0.61449
6059	YML041C	0.61443
6060	YDR350C	0.61433
6061	YGR150C	0.61422
6062	YLR238W	0.61409
6063	YDR042C	0.61403
6064	YLR176C	0.61402
6065	YER188C-A	0.61372
6066	YCR097W	0.61372
6067	YDR422C	0.6137
6068	YPL049C	0.61351
6069	YPL018W	0.61325
6070	YGR038C-E	0.61324
6071	YOR028C	0.61318
6072	YDR169C	0.6131
6073	YOR231C-A	0.6131
6074	YNR025C	0.61295
6075	YDR017C	0.61287
6076	YLR410W-A	0.61285
6077	YHR145C	0.61282
6078	YNR045W	0.61279
6079	YLR151C	0.61246
6080	YOL134C	0.61236
6081	YIL055C	0.61236
6082	YCR032W	0.61236
6083	YBR072C-A	0.61234
6084	YOR329W-A	0.61197
6085	YGL151W	0.61197
6086	YGR142W	0.61194
6087	YDL158C	0.61186
6088	YLR182W	0.61171
6089	YGL162W	0.61171
6090	YBR077C	0.61131
6091	YGL226C-A	0.61125
6092	YOL089C	0.61119
6093	YDR317W	0.61116
6094	YGL096W	0.61114
6095	YDR451C	0.61103
6096	YJR108W	0.61084
6097	YDR104C	0.6107
6098	YPL166W	0.61069
6099	YIL071W-A	0.61068
6100	YPL272C	0.61038
6101	YLR454W	0.61031
6102	YJR092W	0.61014
6103	YNL199C	0.61012
6104	YDR082W	0.6101
6105	YBL052C	0.61009
6106	YGR079W	0.61008
6107	YGL215W	0.61008
6108	YOR085W	0.60966
6109	YDL056W	0.60962
6110	YGR140W	0.60955
6111	YMR257C	0.60934
6112	YMR030W	0.60926
6113	YER087C-A	0.60923
6114	Q0182	0.60915
6115	YDR195W	0.60911
6116	YJL180C	0.60897
6117	YOL138C	0.6088
6118	YNL171C	0.60879
6119	YPR068C	0.60876
6120	YLR424C-A	0.60859
6121	YMR023C	0.60858
6122	YPR106W	0.60844
6123	YGL214W	0.60837
6124	YMR059W	0.60831
6125	YBL029W	0.60821
6126	YOR121C	0.6082
6127	YHR004C	0.60813
6128	YCR015C	0.608
6129	YKR030W	0.6078
6130	YIL049W	0.60768
6131	R0030W	0.60762
6132	YDR119W	0.60753
6133	YOR177C	0.60732
6134	YLR360W	0.60687
6135	YPL156C	0.60658
6136	YOR343W-A	0.60654
6137	YPL076W	0.60652
6138	YHR167W	0.6062
6139	YML103C	0.60604
6140	YIL097W	0.60581
6141	YDR210W-A	0.60564
6142	YDL016C	0.6056
6143	YLR424C-B	0.60555
6144	YMR293C	0.6055
6145	YIL031W	0.60547
6146	YDR076W	0.60528
6147	YPL130W	0.60522
6148	YGL197W	0.60514
6149	YLR057W	0.6051
6150	YER129W	0.60501
6151	YAL028W	0.60498
6152	YHR156C	0.60496
6153	YCL014W	0.60494
6154	Q0080	0.60454
6155	YPR009W	0.60446
6156	YNL172W	0.60418
6157	YFR032C-B	0.60416
6158	YPL219W	0.60409
6159	YDL073W	0.60402
6160	YLR222C-A	0.60393
6161	YOR350C	0.60385
6162	YPR122W	0.60365
6163	YGL117W	0.60359
6164	YGL081W	0.60341
6165	YHR159W	0.60319
6166	YOR298W	0.60314
6167	YPR142C	0.6029
6168	YGR122C-A	0.60286
6169	YIR030C	0.6027
6170	YHR131C	0.60249
6171	YNR049C	0.60246
6172	YBR224W	0.60204
6173	YLR040C	0.60199
6174	YBR033W	0.60172
6175	YDR016C	0.60168
6176	YMR282C	0.60163
6177	YER175W-A	0.6016
6178	YLL033W	0.60139
6179	YOL070C	0.60138
6180	YDR505C	0.60125
6181	YOR221C	0.60119
6182	YOR235W	0.60108
6183	YLR254C	0.60077
6184	YFL019C	0.60065
6185	YGL061C	0.60039
6186	YCL022C	0.60033
6187	YGR250C	0.60026
6188	YBR066C	0.60018
6189	YNL054W	0.60015
6190	YNL157W	0.59986
6191	YKR091W	0.59978
6192	YBR083W	0.59938
6193	YDR181C	0.59879
6194	YGR134W	0.59873
6195	YOL107W	0.59851
6196	YKR037C	0.59841
6197	YKL176C	0.59821
6198	YNL210W	0.59812
6199	YNL159C	0.5981
6200	YDR532C	0.59782
6201	YPL085W	0.59714
6202	YPR070W	0.59711
6203	YOR114W	0.59691
6204	YDL170W	0.59643
6205	YNL183C	0.59639
6206	YHL023C	0.59623
6207	YDR070C	0.59617
6208	YPR101W	0.59613
6209	YGL005C	0.59597
6210	YLR307C-A	0.5958
6211	YCR033W	0.59578
6212	YAL063C-A	0.59575
6213	YIL101C	0.59565
6214	YML043C	0.59554
6215	YOR158W	0.59474
6216	YGR039W	0.59473
6217	YLR098C	0.59472
6218	Q0115	0.59468
6219	YDL152W	0.5944
6220	YOR113W	0.5943
6221	YOR047C	0.59415
6222	YMR191W	0.59412
6223	YMR066W	0.59397
6224	YNL156C	0.59369
6225	YGL176C	0.59369
6226	YDR123C	0.59359
6227	YLR376C	0.59346
6228	YHR017W	0.5934
6229	YBR182C	0.59335
6230	YBR168W	0.59332
6231	YFR023W	0.59323
6232	YCR043C	0.59323
6233	YJL058C	0.59318
6234	YLR242C	0.59313
6235	YJL032W	0.59301
6236	YGR179C	0.59285
6237	YFR008W	0.5928
6238	YLR139C	0.59266
6239	YLR221C	0.59241
6240	YFR040W	0.59234
6241	YLR190W	0.59231
6242	YPL193W	0.59226
6243	YGL075C	0.59224
6244	YBR136W	0.59217
6245	YGL229C	0.59215
6246	YAR014C	0.59203
6247	YCL005W	0.59199
6248	YOR266W	0.59197
6249	YDR043C	0.59194
6250	YML058W	0.59194
6251	YIL117C	0.59171
6252	YDR379W	0.59168
6253	YPL099C	0.59164
6254	YDR146C	0.59162
6255	YHR036W	0.59145
6256	YMR016C	0.59139
6257	YNL225C	0.59135
6258	YNL013C	0.5913
6259	YDR240C	0.59123
6260	YLR031W	0.59114
6261	YHR182W	0.59109
6262	YGL073W	0.59096
6263	YIL045W	0.59039
6264	YPL075W	0.59025
6265	YKL048C	0.59019
6266	YPR185W	0.59017
6267	YOR255W	0.59004
6268	YJL103C	0.58991
6269	YLR201C	0.5899
6270	YHR152W	0.58977
6271	YDL159W-A	0.58975
6272	YPL202C	0.58971
6273	YOR297C	0.5897
6274	YBR184W	0.58963
6275	YBL073W	0.58951
6276	YDR034C-A	0.58928
6277	YML007W	0.58925
6278	YDL189W	0.58918
6279	YGR168C	0.58917
6280	YMR326C	0.58912
6281	YIR033W	0.58866
6282	YOR264W	0.58828
6283	YGR161C	0.58811
6284	YGR249W	0.5881
6285	YBL063W	0.58805
6286	YPR171W	0.58804
6287	YEL005C	0.58802
6288	YPL256C	0.58792
6289	YKL020C	0.58789
6290	Q0143	0.58774
6291	YNR014W	0.58764
6292	YBR225W	0.58752
6293	YDL176W	0.58749
6294	YCR081W	0.5874
6295	YDL020C	0.58714
6296	YDR310C	0.58711
6297	YBR131W	0.58689
6298	YIL144W	0.58641
6299	YML062C	0.58588
6300	YGL159W	0.58548
6301	YDR235W	0.58544
6302	YNR063W	0.58531
6303	YLR465C	0.58502
6304	YMR119W	0.58491
6305	YBL046W	0.58479
6306	YMR163C	0.58469
6307	YDR034C	0.58363
6308	YNL266W	0.58331
6309	YGL175C	0.58329
6310	YOR349W	0.58312
6311	YBR201C-A	0.58305
6312	YKR100C	0.58297
6313	YPR013C	0.58275
6314	YDR277C	0.58272
6315	YFR017C	0.58271
6316	YAL016C-B	0.58261
6317	YML081W	0.58199
6318	YLR312C	0.58191
6319	YER104W	0.58188
6320	YER028C	0.5818
6321	YNL105W	0.58166
6322	YHR130C	0.58143
6323	YBR148W	0.58134
6324	YER149C	0.58113
6325	YJR089W	0.58075
6326	YDL235C	0.58062
6327	YKL171W	0.5806
6328	YJR003C	0.58058
6329	YLR267W	0.58046
6330	YNL144C	0.58036
6331	YDR113C	0.58023
6332	YML015C	0.58016
6333	YMR270C	0.57999
6334	YKL204W	0.57968
6335	YJR106W	0.5793
6336	YMR195W	0.57925
6337	YGL071W	0.57896
6338	YOR169C	0.57896
6339	YDL088C	0.57892
6340	YFL063W	0.57883
6341	YGR098C	0.57862
6342	YOR208W	0.57854
6343	YLR018C	0.57842
6344	YHR079C-A	0.57841
6345	YNL195C	0.5782
6346	YOR032C	0.57811
6347	YPR095C	0.57808
6348	YDR166C	0.57795
6349	YDR217C	0.57789
6350	YGL042C	0.57734
6351	YIL036W	0.57728
6352	YDL186W	0.57656
6353	YGL194C-A	0.57636
6354	YPL223C	0.57626
6355	YBR050C	0.57612
6356	YBL009W	0.57595
6357	YLR404W	0.57595
6358	YHR184W	0.57588
6359	YPL077C	0.57572
6360	YDL239C	0.57566
6361	YMR187C	0.57551
6362	YFR019W	0.57539
6363	YMR219W	0.57538
6364	YGR089W	0.57515
6365	YER075C	0.57513
6366	YKR010C	0.5751
6367	YFL033C	0.57495
6368	YDR457W	0.57479
6369	YOR030W	0.57474
6370	YDR406W-A	0.57455
6371	YGR153W	0.57454
6372	YBL054W	0.57442
6373	YML027W	0.57439
6374	YOR186W	0.5742
6375	YDR307W	0.57408
6376	YIL071C	0.57359
6377	YDR030C	0.5735
6378	YDR356W	0.57297
6379	YEL014C	0.57289
6380	YNR009W	0.57266
6381	YOR073W	0.57246
6382	YBR013C	0.57235
6383	YHR103W	0.57215
6384	YDR443C	0.57179
6385	YNL152W	0.57163
6386	YPL055C	0.57157
6387	YJL095W	0.57137
6388	YPR164W	0.57118
6389	YGL219C	0.57109
6390	YKL092C	0.57082
6391	YKL062W	0.57073
6392	Q0092	0.5705
6393	YIL102C-A	0.57046
6394	YBR124W	0.57014
6395	YLL003W	0.57003
6396	YHR175W-A	0.57001
6397	YPL158C	0.56981
6398	YBR004C	0.56979
6399	YLL005C	0.56974
6400	YIL037C	0.56955
6401	YDR371W	0.56954
6402	YER045C	0.5694
6403	YLR431C	0.56937
6404	YLR230W	0.56908
6405	YJL207C	0.56904
6406	YDR524C	0.568
6407	YLR131C	0.56795
6408	YDL211C	0.56775
6409	YNL091W	0.5673
6410	YLR198C	0.56716
6411	YJL110C	0.56714
6412	YGL035C	0.56713
6413	YMR124W	0.56699
6414	YOR170W	0.56657
6415	YMR046W-A	0.56646
6416	YGR273C	0.56626
6417	YPR084W	0.56584
6418	YNL053W	0.56571
6419	YDR028C	0.56569
6420	YCR018C-A	0.56563
6421	YFL021W	0.56533
6422	YNL042W	0.56506
6423	YOR137C	0.56504
6424	YPL250C	0.56482
6425	YBR255W	0.56469
6426	YMR273C	0.56453
6427	YMR151W	0.56444
6428	YNL115C	0.56444
6429	YNR077C	0.56425
6430	YLR353W	0.56409
6431	YGR067C	0.56402
6432	YPL052W	0.56392
6433	YNL046W	0.56389
6434	YBR275C	0.56329
6435	YOR076C	0.56328
6436	YLR273C	0.56322
6437	YGL079W	0.56312
6438	YJR056C	0.56293
6439	YGL223C	0.56275
6440	YFR046C	0.56271
6441	YEL057C	0.56252
6442	YBL088C	0.56247
6443	YPL200W	0.56213
6444	YKL162C	0.56206
6445	YHR177W	0.56179
6446	YOL031C	0.56133
6447	YEL043W	0.56119
6448	YAL010C	0.56104
6449	YOL007C	0.56101
6450	YMR255W	0.56082
6451	YOR066W	0.56033
6452	YDR207C	0.56004
6453	YBL048W	0.55994
6454	YAL040C	0.55963
6455	YMR193C-A	0.55947
6456	YKL162C-A	0.5592
6457	YCL051W	0.55911
6458	YLR436C	0.55908
6459	YGL222C	0.55903
6460	YHR195W	0.55892
6461	YER088C	0.55814
6462	YFR012W	0.55809
6463	YCR065W	0.55795
6464	YGR041W	0.55791
6465	YDR151C	0.55772
6466	YOL029C	0.55725
6467	YER158C	0.55702
6468	YPR078C	0.5568
6469	YPR044C	0.55622
6470	YOR342C	0.55603
6471	YLR030W	0.55575
6472	YIL122W	0.5556
6473	YLR283W	0.55544
6474	YGR035C	0.55519
6475	YMR179W	0.55474
6476	YAL031C	0.55469
6477	YMR175W	0.55407
6478	YMR199W	0.55401
6479	YPL201C	0.55391
6480	YDL224C	0.55364
6481	YDR515W	0.55364
6482	YJL144W	0.55325
6483	YDR103W	0.55305
6484	YDL199C	0.553
6485	YMR086W	0.55287
6486	YDL089W	0.55277
6487	YJL149W	0.55246
6488	YDL206W	0.55245
6489	YOR195W	0.55231
6490	YJR083C	0.55224
6491	YOR192C-C	0.55183
6492	YER038C	0.55171
6493	YPR170W-A	0.55162
6494	YDL223C	0.55156
6495	YOL013W-B	0.55149
6496	YMR232W	0.55104
6497	YOL091W	0.55055
6498	YDR219C	0.55049
6499	YDR130C	0.54991
6500	YDR069C	0.54979
6501	YGR126W	0.54946
6502	YOR178C	0.54923
6503	YNL167C	0.54921
6504	YFR054C	0.54913
6505	YDR239C	0.54869
6506	YER040W	0.5486
6507	YOR023C	0.54856
6508	YIR025W	0.54827
6509	YNL197C	0.54824
6510	YJR011C	0.54821
6511	YLR042C	0.54805
6512	YKL112W	0.54775
6513	YJR030C	0.54772
6514	YPL068C	0.54727
6515	YDR439W	0.54716
6516	YER044C-A	0.54707
6517	YGL057C	0.54677
6518	YDR446W	0.54671
6519	YGR113W	0.54667
6520	YGR240C-A	0.54652
6521	YOL025W	0.54633
6522	YPL269W	0.54598
6523	YLR352W	0.54585
6524	YPL014W	0.5458
6525	YBL053W	0.54505
6526	YDR216W	0.54503
6527	YMR144W	0.54476
6528	YDR227W	0.54453
6529	YER084W-A	0.54438
6530	YOR147W	0.54423
6531	YDL027C	0.54402
6532	YDR374C	0.54385
6533	YOR324C	0.54365
6534	YKL093W	0.54359
6535	YBR140C	0.5431
6536	YMR204C	0.54294
6537	YKL042W	0.54264
6538	YBR130C	0.54216
6539	YPR002C-A	0.54194
6540	YER181C	0.54185
6541	YJL162C	0.54177
6542	YOL081W	0.54126
6543	YCL063W	0.54109
6544	YDR096W	0.54096
6545	YLR223C	0.54072
6546	YPL033C	0.54067
6547	YPL230W	0.5403
6548	YJR157W	0.54015
6549	YLR373C	0.53998
6550	YDR022C	0.53996
6551	YPL070W	0.53992
6552	YNL103W	0.53944
6553	YBR047W	0.53915
6554	YNL076W	0.53885
6555	YOR352W	0.53857
6556	YGL138C	0.53827
6557	YAL024C	0.53821
6558	YBR095C	0.53796
6559	YBL034C	0.53789
6560	YKR078W	0.53778
6561	YPR145C-A	0.53756
6562	YPL255W	0.53754
6563	YGL023C	0.53723
6564	YOR062C	0.53679
6565	YDR014W	0.53646
6566	YPL054W	0.53587
6567	YGR120C	0.53567
6568	YDR184C	0.53567
6569	YNL018C	0.53551
6570	YML109W	0.5354
6571	YLR102C	0.5346
6572	YMR135C	0.53414
6573	YPR046W	0.53402
6574	YOR214C	0.53374
6575	YGL021W	0.53349
6576	YKR022C	0.53328
6577	YBR203W	0.53285
6578	YKL185W	0.53275
6579	YHR160C	0.53203
6580	YNL214W	0.53149
6581	YPR005C	0.53131
6582	YDL069C	0.53113
6583	YLR252W	0.53028
6584	YPL071C	0.52986
6585	YDR259C	0.5294
6586	YMR160W	0.52927
6587	YAL047C	0.52917
6588	YLR282C	0.52833
6589	YER132C	0.52758
6590	YCL027W	0.52711
6591	YNL034W	0.52708
6592	YBL109W	0.52691
6593	YNL027W	0.52667
6594	YHL029C	0.5263
6595	YJL185C	0.52587
6596	YCL044C	0.52568
6597	YBR007C	0.52557
6598	YKL065W-A	0.52538
6599	YLR445W	0.52495
6600	YHR014W	0.5249
6601	YNL311C	0.52479
6602	YLR257W	0.52415
6603	YLR341W	0.52324
6604	YBR156C	0.52305
6605	YFR057W	0.52296
6606	YNL233W	0.5229
6607	YDR029W	0.52181
6608	YGR071C	0.52112
6609	YPL159C	0.5211
6610	YBR063C	0.52104
6611	YMR003W	0.52031
6612	YOL036W	0.5201
6613	YLR053C	0.51976
6614	YPL267W	0.51917
6615	YER130C	0.51893
6616	YML009C-A	0.51874
6617	YDR223W	0.51836
6618	YJR162C	0.51768
6619	YLR394W	0.51762
6620	YMR075W	0.51746
6621	YER106W	0.51732
6622	YIL119C	0.51679
6623	YDL076C	0.5156
6624	YGR023W	0.51535
6625	YPL180W	0.51518
6626	YLL047W	0.51496
6627	YPR158W	0.51454
6628	YJL051W	0.51389
6629	YDR351W	0.51383
6630	YER111C	0.51277
6631	YGR239C	0.51212
6632	YOR359W	0.51102
6633	YGL128C	0.51076
6634	YDR275W	0.51038
6635	YER155C	0.50988
6636	YIL135C	0.50982
6637	YKL023C-A	0.50875
6638	YJL181W	0.50866
6639	YKR077W	0.50822
6640	YOR372C	0.508
6641	YBL031W	0.50798
6642	YML053C	0.50796
6643	YBR045C	0.5079
6644	YJL090C	0.50686
6645	YER167W	0.50656
6646	YIL146C	0.50646
6647	YKL105C	0.50641
6648	YBR076W	0.50503
6649	YFL012W	0.50495
6650	YDR249C	0.50457
6651	Q0255	0.5045
6652	YNL074C	0.50426
6653	YBR071W	0.50279
6654	YMR206W	0.50245
6655	YLR457C	0.50153
6656	YML091C	0.50048
6657	YDR425W	0.50024
6658	YHR054C	0.50015
6659	YKL225W	0.49979
6660	YBR165W	0.49914
6661	YLR334C	0.49794
6662	Q0010	0.49758
6663	YHR157W	0.49716
6664	YBR211C	0.49685
6665	YGR221C	0.49682
6666	YPL089C	0.49659
6667	YDR186C	0.49621
6668	YNL176C	0.49475
6669	YDR085C	0.49433
6670	YPL121C	0.49239
6671	YMR036C	0.49165
6672	YDR480W	0.49149
6673	YML119W	0.49091
6674	YOR044W	0.4905
6675	YML112W	0.49036
6676	YNL188W	0.49001
6677	YGL015C	0.48997
6678	YHR061C	0.48949
6679	YNL078W	0.48927
6680	YJL147C	0.48745
6681	YER124C	0.48686
6682	YJL161W	0.48592
6683	YDR528W	0.48455
6684	YPR008W	0.48278
6685	YPL124W	0.48082
6686	YPR065W	0.47907
6687	YOR279C	0.47779
6688	YMR037C	0.47707
6689	YDR309C	0.47489
6690	YER033C	0.47327
6691	YBR285W	0.47322
6692	YER180C	0.4723
6693	YLL065W	0.47142
6694	YPL066W	0.47065
6695	YOR315W	0.46868
6696	YMR136W	0.46703
6697	YLR049C	0.46363
6698	YKL109W	0.46324
6699	YJL089W	0.4626
6700	YFR036W	0.458
6701	YDL180W	0.45462
6702	YML006C	0.45367
6703	Q0144	0.45273
6704	YPL229W	0.44859
6705	YML003W	0.44511
6706	YHR185C	0.44439
6707	YNR010W	0.4439
6708	YPR083W	0.44245
6709	YGL170C	0.44005
6710	YIL152W	0.43892
6711	YER032W	0.43832
6712	YBL081W	0.43766
6713	YMR181C	0.43314
6714	YNL146W	0.42744
6715	YER079W	0.42608
6716	Q0140	0.42538
6717	YBR157C	0.42331
6718	YKR075C	0.4199
6719	YGL036W	0.41512
6720	YMR252C	0.4043
6721	YOL106W	0.39626
6722	YBR138C	0.39361
6723	YMR081C	0.39192
6724	YGR146C	0.36404
6725	YJR094C	0.35876
6726	YDL007C-A	0.34398
6727	Q0032	0.34104
6728	YGR016C-A	0.30558
6729	YNL155C-A	0.30558
6730	YFR035W-A	0.30558
6731	YDL204W-A	0.30558
6732	YNL040C-A	0.30558
6733	YMR106W-A	0.30558
