rank	yeast_gene	cosine
1	YDL192W	0.93458
2	YDL137W	0.93004
3	YLR229C	0.92707
4	YFL039C	0.92633
5	YKR059W	0.92419
6	YPR165W	0.921
7	YBR164C	0.92047
8	YOR378W	0.91541
9	YDR345C	0.91509
10	YNR032C-A	0.91497
11	YHR092C	0.91472
12	YDR343C	0.91316
13	YDR342C	0.91248
14	YOR094W	0.90956
15	YGL225W	0.90913
16	YGL255W	0.90893
17	YAL064C-A	0.90869
18	YHR094C	0.9086
19	YKL190W	0.90819
20	YJL214W	0.90807
21	YPL036W	0.9073
22	YMR011W	0.90709
23	YHR096C	0.90705
24	YER072W	0.90643
25	YGL008C	0.90641
26	YDL245C	0.90534
27	YLR081W	0.90512
28	YJR158W	0.90485
29	YNL090W	0.90385
30	YER009W	0.90351
31	YPL218W	0.90338
32	YJR065C	0.90323
33	YDL047W	0.90303
34	YDL006W	0.90267
35	YBR241C	0.90105
36	YIL170W	0.90091
37	YFL011W	0.90064
38	YEL069C	0.90038
39	YKR039W	0.90014
40	YOL156W	0.90011
41	YGL256W	0.90005
42	YNR072W	0.89982
43	YIL148W	0.89829
44	YKR094C	0.89829
45	YNL189W	0.89742
46	YHL047C	0.89727
47	YJL219W	0.89685
48	YEL027W	0.89627
49	YKL024C	0.89596
50	YKL218C	0.89539
51	YER177W	0.89496
52	YDR021W	0.89476
53	YDL229W	0.89475
54	YNL209W	0.89447
55	YJL108C	0.89439
56	YAL038W	0.89365
57	YFL066C	0.89295
58	YER060W-A	0.89274
59	YNL142W	0.89259
60	YNL006W	0.89254
61	YLR113W	0.89249
62	YDL055C	0.89225
63	YCR010C	0.89217
64	YPL266W	0.89175
65	YPR182W	0.89133
66	YER039C	0.89092
67	YNL135C	0.89083
68	YHL016C	0.89081
69	YGL210W	0.89075
70	YDR373W	0.89072
71	YOL086C	0.89068
72	YJR159W	0.89028
73	YER031C	0.88991
74	YFL038C	0.88977
75	YBL030C	0.88969
76	YDL246C	0.88952
77	YPR138C	0.88942
78	YDL126C	0.88942
79	YPR183W	0.88932
80	YDL168W	0.88911
81	YPL203W	0.88872
82	YOR061W	0.88861
83	YMR246W	0.88826
84	YMR303C	0.88814
85	YBL026W	0.88808
86	YHL040C	0.888
87	YDR075W	0.88789
88	YLL024C	0.88745
89	YJL001W	0.88721
90	YFL055W	0.88709
91	YML018C	0.88705
92	YDR129C	0.88705
93	YMR034C	0.88694
94	YER056C	0.8868
95	YDR353W	0.88678
96	YBL016W	0.88677
97	YDR155C	0.88654
98	YML001W	0.88636
99	YBR109C	0.8862
100	YER060W	0.88582
101	YGR121C	0.88582
102	YEL066W	0.88578
103	YEL013W	0.88566
104	YAL005C	0.88566
105	YHR128W	0.88564
106	YPR192W	0.8856
107	YCR098C	0.88552
108	YBR160W	0.88524
109	YMR079W	0.8849
110	YGL091C	0.88472
111	YJL164C	0.88468
112	YMR015C	0.8843
113	YNL268W	0.88412
114	YJL213W	0.88395
115	YBR145W	0.88394
116	YOR257W	0.8839
117	YLL050C	0.88362
118	YER103W	0.88337
119	YOR046C	0.88333
120	YOL094C	0.88331
121	YKL196C	0.88322
122	YFL058W	0.88294
123	YEL063C	0.88293
124	YDR099W	0.88268
125	YDL166C	0.88257
126	YDR536W	0.88257
127	YLR293C	0.88228
128	YNL332W	0.88217
129	YHR106W	0.88216
130	YBR085W	0.88206
131	YNL290W	0.88204
132	YDR454C	0.88202
133	YPL061W	0.88172
134	YBL075C	0.88171
135	YPL058C	0.88165
136	YOL151W	0.88161
137	YOR153W	0.88158
138	YGR252W	0.88148
139	YMR290C	0.88144
140	YJL034W	0.88117
141	YMR109W	0.88113
142	YPL051W	0.88107
143	YGL001C	0.88101
144	YLR303W	0.88094
145	YER057C	0.88087
146	YJR156C	0.8805
147	YDL244W	0.88037
148	YKL033W-A	0.8802
149	YFL045C	0.88013
150	YOR185C	0.88006
151	YER081W	0.88005
152	YHR218W-A	0.87998
153	YBL112C	0.87998
154	YKL129C	0.87983
155	YDR540C	0.87983
156	YDR059C	0.87946
157	YPR204W	0.87924
158	YGR282C	0.87898
159	YJL050W	0.87885
160	YDL084W	0.87883
161	YNL112W	0.8786
162	YMR146C	0.87818
163	YGL253W	0.87777
164	YFL005W	0.87752
165	YBR082C	0.87749
166	YLR134W	0.87748
167	YNR002C	0.87746
168	YFR053C	0.8772
169	YJR104C	0.87711
170	YDL134C	0.87693
171	YMR279C	0.87673
172	YHR057C	0.87671
173	YJR148W	0.87651
174	YLR044C	0.87639
175	YPR173C	0.87628
176	YJL167W	0.87585
177	YOR204W	0.87556
178	YML123C	0.87554
179	YOR089C	0.87548
180	YDR519W	0.87528
181	YJR105W	0.87527
182	YER133W	0.87514
183	YDR091C	0.87509
184	YFL026W	0.87474
185	YNL270C	0.87473
186	YLR130C	0.87453
187	YGL087C	0.8745
188	YPR062W	0.87449
189	YNL010W	0.87423
190	YOR347C	0.87416
191	YML012W	0.87408
192	YOR122C	0.87395
193	YNL014W	0.87379
194	YGL157W	0.87331
195	YDR406W	0.87328
196	YGL011C	0.87316
197	YAL061W	0.87315
198	YPL086C	0.87315
199	YLR155C	0.87306
200	YLR160C	0.87306
201	YLR158C	0.87306
202	YLR157C	0.87306
203	YFL017W-A	0.87296
204	YLR249W	0.87275
205	YKL152C	0.87274
206	YEL046C	0.87269
207	YIL074C	0.87267
208	YMR318C	0.87246
209	YPL276W	0.87242
210	YDR226W	0.87235
211	YDR341C	0.8723
212	YOR157C	0.87226
213	YOR348C	0.87219
214	YLR208W	0.87212
215	YOL158C	0.87206
216	YJL026W	0.87195
217	YMR300C	0.8719
218	YNL098C	0.8717
219	YHR007C	0.87159
220	YJR045C	0.87151
221	YBR296C	0.87144
222	YGR123C	0.87134
223	YDR040C	0.87107
224	YER148W	0.87099
225	YJR153W	0.87093
226	YOR161C	0.87082
227	YDR050C	0.87065
228	YER094C	0.87056
229	YDL108W	0.87054
230	YJL121C	0.87052
231	YGR040W	0.87052
232	YOR388C	0.87034
233	YEL026W	0.87029
234	YPL234C	0.87022
235	YLL056C	0.86994
236	YER052C	0.86992
237	YNL274C	0.8698
238	YDR039C	0.86979
239	YFL056C	0.86973
240	YDR046C	0.86954
241	YPL106C	0.86952
242	YOL038W	0.869
243	YLR167W	0.869
244	YBR187W	0.86895
245	YPR035W	0.86872
246	YBR261C	0.86867
247	YGR231C	0.86853
248	YGR191W	0.8685
249	YNL104C	0.86837
250	YOL133W	0.86827
251	YBR222C	0.86824
252	YNL330C	0.86823
253	YLR153C	0.86817
254	YGL039W	0.86778
255	YPR069C	0.86766
256	YIL009W	0.86759
257	YPL119C	0.86745
258	YER025W	0.86745
259	YDR011W	0.86744
260	YBR298C	0.86742
261	YDR038C	0.86736
262	YMR108W	0.86723
263	YNR050C	0.86718
264	YDL182W	0.86709
265	YJR077C	0.86706
266	YPL028W	0.86704
267	YLR347C	0.86654
268	YHR018C	0.86611
269	YBL071W-A	0.86609
270	YAL060W	0.86602
271	YCR073W-A	0.86592
272	YER062C	0.86587
273	YAL020C	0.86576
274	YDR404C	0.86575
275	YOR270C	0.86553
276	YLR438C-A	0.86552
277	YDR139C	0.86551
278	YGR043C	0.86548
279	YOR317W	0.86529
280	YGR132C	0.86526
281	YLR092W	0.86522
282	YEL077C	0.86519
283	YKL146W	0.86488
284	YER178W	0.86478
285	YBR252W	0.86475
286	YHR030C	0.8646
287	YER179W	0.86447
288	YCL025C	0.86446
289	YKR080W	0.86444
290	YGR055W	0.86415
291	YEL031W	0.86414
292	YER073W	0.86413
293	YIR035C	0.86412
294	YDL022W	0.86406
295	YER119C	0.86392
296	YLR058C	0.8637
297	YER020W	0.86364
298	YCL017C	0.86363
299	YBR080C	0.86342
300	YMR116C	0.86324
301	YPL031C	0.86321
302	YGL167C	0.86303
303	YMR056C	0.86286
304	YJL014W	0.86283
305	YGR210C	0.86279
306	YPL246C	0.86277
307	YPR113W	0.86275
308	YCR012W	0.86257
309	YOR197W	0.86255
310	YKL166C	0.86249
311	YEL021W	0.86238
312	YHR110W	0.86235
313	YDL064W	0.86234
314	YJR025C	0.86234
315	YAL026C	0.86231
316	YLR466W	0.86223
317	YKR002W	0.86212
318	YPR016C	0.86208
319	YER125W	0.862
320	YLR147C	0.86192
321	YHL050C	0.86148
322	YER185W	0.86147
323	Q0275	0.86147
324	YLL053C	0.86142
325	YNL241C	0.86109
326	YDR510W	0.86103
327	YDL210W	0.861
328	YEL065W	0.86091
329	YIL053W	0.86089
330	YGR253C	0.86071
331	YGL097W	0.86059
332	YHR183W	0.86051
333	YIR042C	0.86042
334	YGR218W	0.86037
335	YIL003W	0.86037
336	YIL078W	0.86033
337	YDR185C	0.86031
338	YLR200W	0.86028
339	YHR208W	0.86026
340	YBR169C	0.85996
341	YML102W	0.85972
342	YEL030W	0.85942
343	YIL143C	0.85912
344	YLR237W	0.85901
345	YDL188C	0.85882
346	YMR243C	0.85876
347	YKL216W	0.85868
348	YOL143C	0.85858
349	YAR073W	0.85849
350	YEL064C	0.85833
351	YKL217W	0.85833
352	YGR105W	0.85827
353	YML008C	0.85824
354	YIR036C	0.85816
355	YLR234W	0.85808
356	YMR292W	0.85806
357	YOR159C	0.85803
358	YLR354C	0.85786
359	YDR497C	0.85781
360	YPL154C	0.85781
361	YOR381W	0.85774
362	YHR163W	0.85763
363	Q0130	0.85746
364	YER107C	0.85723
365	YLR359W	0.85719
366	YEL034W	0.85714
367	YBR294W	0.85708
368	YOL162W	0.85706
369	YBR019C	0.85705
370	YLR170C	0.85694
371	YJR068W	0.85692
372	YDL097C	0.8569
373	YOR108W	0.85689
374	YNL202W	0.85665
375	YDR196C	0.85664
376	YML116W	0.8566
377	YLL018C	0.85652
378	YAR002C-A	0.85651
379	YLR034C	0.8564
380	YGL048C	0.85638
381	YBR249C	0.85631
382	YPR086W	0.85623
383	YOR283W	0.8562
384	YGL221C	0.85609
385	YOL084W	0.85599
386	YGR087C	0.85598
387	YMR315W	0.85567
388	YMR071C	0.85563
389	YLL067C	0.85555
390	YPR052C	0.85545
391	YOR375C	0.85526
392	YER110C	0.85522
393	YJL055W	0.85518
394	YHR218W	0.85516
395	YPR033C	0.85512
396	YNR026C	0.85507
397	YOR328W	0.85504
398	YGR213C	0.85497
399	YDL131W	0.85491
400	YLL028W	0.85485
401	YGL058W	0.85484
402	YKL220C	0.85478
403	YDL125C	0.85473
404	YBR046C	0.85459
405	YNR053C	0.85446
406	YGR281W	0.85434
407	YAL012W	0.85427
408	YER012W	0.85415
409	YOR380W	0.85411
410	YDR533C	0.85411
411	YHR200W	0.8541
412	YJL218W	0.854
413	YBR126C	0.85392
414	YGR152C	0.85386
415	YDR001C	0.85372
416	YLR438W	0.85369
417	YNL335W	0.85354
418	YFL061W	0.85354
419	YGR208W	0.85346
420	YMR226C	0.85345
421	YPL265W	0.85323
422	YNL108C	0.85322
423	YGR060W	0.85314
424	YHL011C	0.85302
425	YER023W	0.85301
426	YDL029W	0.85288
427	YOR323C	0.85283
428	YDR002W	0.8528
429	YNL255C	0.85271
430	YER095W	0.8527
431	YLL063C	0.85266
432	YDR384C	0.85248
433	YER069W	0.85239
434	YIL043C	0.85238
435	YIL116W	0.85238
436	YER166W	0.8523
437	YGL062W	0.8522
438	YIL020C	0.85219
439	YMR307W	0.85208
440	YKL094W	0.85206
441	YDR541C	0.85199
442	YGL200C	0.85188
443	YNR070W	0.85183
444	YDR267C	0.85175
445	YDL222C	0.85165
446	YER036C	0.85162
447	YGL070C	0.85153
448	YPL264C	0.8515
449	YIL121W	0.8515
450	YLR244C	0.85136
451	YDR232W	0.85136
452	YOL122C	0.85135
453	YJR007W	0.8513
454	YFR044C	0.8512
455	YEL042W	0.85118
456	YGR211W	0.85109
457	YER171W	0.851
458	YDR508C	0.85098
459	YNL244C	0.85089
460	YLR397C	0.85086
461	YJL094C	0.85081
462	YGR256W	0.85081
463	YDR033W	0.85075
464	YBR106W	0.84999
465	YER190W	0.84995
466	YLL060C	0.84993
467	YDR090C	0.84982
468	YLR193C	0.84975
469	YGL026C	0.84965
470	YJR139C	0.84962
471	YCR057C	0.84956
472	YJR095W	0.84956
473	YNL264C	0.84943
474	YEL058W	0.84943
475	YGR248W	0.84939
476	YPR103W	0.84928
477	YMR083W	0.84918
478	YGR279C	0.84914
479	YML078W	0.84914
480	YDR424C	0.84907
481	YDR276C	0.84907
482	YPR176C	0.84901
483	YMR222C	0.849
484	YHR044C	0.84898
485	YNR034W	0.84893
486	YBL041W	0.84889
487	YPL275W	0.84889
488	YPL274W	0.84887
489	YAL062W	0.84885
490	YPR193C	0.84876
491	YBR089C-A	0.84875
492	YDR238C	0.84871
493	YER055C	0.8487
494	YPL111W	0.84851
495	YAL023C	0.84846
496	YKL069W	0.8484
497	YBR068C	0.8484
498	YOR362C	0.84835
499	YER099C	0.84832
500	YOR327C	0.84825
501	YGL120C	0.84825
502	YMR266W	0.84821
503	YKL104C	0.84807
504	YDL128W	0.84801
505	YJR047C	0.84796
506	YML028W	0.84793
507	YGR175C	0.84779
508	YGL054C	0.84778
509	YGL078C	0.84778
510	YMR305C	0.84769
511	YBR154C	0.84766
512	YHR070W	0.84756
513	YKR093W	0.84755
514	YDL001W	0.84742
515	YLL066C	0.84737
516	YBR221C	0.84732
517	YJR124C	0.84731
518	YDR086C	0.84726
519	YJR160C	0.84718
520	YDR304C	0.84717
521	YCR021C	0.84697
522	YDR368W	0.84694
523	YDR092W	0.84694
524	YLR245C	0.84693
525	YPR149W	0.8469
526	YDR294C	0.84689
527	YLR011W	0.84679
528	YLR433C	0.84678
529	YCR009C	0.84676
530	YER089C	0.84673
531	YAL049C	0.84669
532	YNR060W	0.84658
533	YBL111C	0.84655
534	YBR054W	0.84654
535	YGR289C	0.84652
536	YGR138C	0.84652
537	YDR394W	0.84649
538	YNL331C	0.84643
539	YMR205C	0.84638
540	YBL078C	0.84638
541	YLR069C	0.84635
542	YHR174W	0.84626
543	YOR224C	0.84612
544	YDR272W	0.84608
545	YOL030W	0.84607
546	YBL091C	0.84606
547	YER086W	0.84591
548	YKL148C	0.84556
549	YKL060C	0.84554
550	YBR020W	0.84552
551	YML133C	0.84549
552	YPL244C	0.84544
553	YBR143C	0.84543
554	YCR105W	0.84536
555	YDL095W	0.84531
556	YOL055C	0.84523
557	YDR456W	0.84513
558	YBR218C	0.84511
559	YDR045C	0.84507
560	YCL073C	0.84506
561	YPR080W	0.84505
562	YHR064C	0.84503
563	YJR073C	0.8449
564	YFR004W	0.84487
565	YDL144C	0.84485
566	YHR050W	0.84474
567	YNL134C	0.84471
568	YER026C	0.84468
569	YDL243C	0.84466
570	YBR196C	0.84464
571	YER165W	0.84464
572	YJR152W	0.8446
573	YJR143C	0.84455
574	YOR131C	0.84445
575	YOL066C	0.84444
576	YPR051W	0.84444
577	YNR003C	0.84426
578	YMR169C	0.84425
579	YJR049C	0.84418
580	YGL077C	0.84414
581	YLR348C	0.84405
582	YPL175W	0.84374
583	YBL036C	0.84373
584	YGL022W	0.84369
585	YKR106W	0.84366
586	YHR043C	0.84355
587	YNL259C	0.84351
588	YOR293W	0.84337
589	YEL051W	0.84325
590	YJL198W	0.84316
591	YNR055C	0.84315
592	YDR453C	0.84314
593	YBR295W	0.84296
594	YOL075C	0.84294
595	YIL177C	0.84286
596	YBL076C	0.84285
597	YJL045W	0.84283
598	YNL191W	0.84262
599	YKL046C	0.8425
600	YFL053W	0.84238
601	YCL035C	0.84237
602	YCR047C	0.84235
603	YOR187W	0.84226
604	YGR135W	0.8421
605	YDL160C	0.8421
606	YNR073C	0.84208
607	YEL070W	0.84208
608	YIL162W	0.84207
609	YJL225C	0.84207
610	YBR263W	0.84192
611	YDL100C	0.84187
612	YBR121C	0.8418
613	YOR321W	0.8417
614	YLR340W	0.84169
615	YNL123W	0.84156
616	YGR254W	0.84153
617	YIL160C	0.84134
618	YOL021C	0.84134
619	YER053C	0.84128
620	YLR070C	0.84127
621	YEL011W	0.84127
622	YFR014C	0.84123
623	YGR224W	0.8412
624	YGR207C	0.84115
625	YHR019C	0.84111
626	YKL145W	0.8411
627	YNL231C	0.84103
628	YGL137W	0.84101
629	YDR339C	0.84091
630	YER159C	0.84084
631	YJL030W	0.8407
632	YDR388W	0.84065
633	YNL093W	0.84059
634	YNL277W	0.84058
635	YFL018C	0.8405
636	YMR314W	0.84039
637	YMR230W	0.84034
638	YBR114W	0.84027
639	YCL018W	0.84005
640	YAL054C	0.83999
641	YHR042W	0.83989
642	YKL164C	0.83989
643	YGR180C	0.83984
644	YBR286W	0.83984
645	YPL281C	0.83965
646	YOR393W	0.83965
647	YCL040W	0.83938
648	YBR078W	0.8393
649	YML069W	0.8393
650	YML124C	0.83923
651	YOR192C	0.83917
652	YLR420W	0.83895
653	YFR009W	0.83895
654	YER019W	0.83894
655	YER007C-A	0.83889
656	YLR258W	0.83883
657	YLL061W	0.83868
658	YDR321W	0.8386
659	YMR105C	0.83853
660	YBR117C	0.83852
661	YNL055C	0.83851
662	YER145C	0.83849
663	YOR259C	0.83841
664	YLR216C	0.8383
665	YOL103W	0.83816
666	YLR213C	0.83814
667	YPL220W	0.8381
668	YGL135W	0.8381
669	YLR432W	0.83805
670	YGL106W	0.83765
671	YOR071C	0.83763
672	YDL236W	0.83761
673	YOR339C	0.83749
674	YBR034C	0.83748
675	YKL213C	0.83741
676	YOR117W	0.83735
677	YMR323W	0.83729
678	YDL230W	0.83726
679	YNL125C	0.83721
680	YBR132C	0.83718
681	YDR023W	0.83712
682	YBL042C	0.83711
683	YDL164C	0.83699
684	YNL064C	0.83693
685	YHR065C	0.83691
686	YKL127W	0.83684
687	YKL067W	0.83683
688	YBR008C	0.83676
689	YPR145W	0.83671
690	YJR063W	0.83653
691	YGL002W	0.83645
692	YLR028C	0.83635
693	YBR248C	0.83633
694	YNL307C	0.83632
695	YHR068W	0.83627
696	YBR006W	0.83624
697	YPR108W	0.83619
698	YGR065C	0.83618
699	YGR286C	0.83612
700	YER015W	0.83611
701	YMR202W	0.83607
702	YIR028W	0.83606
703	YNL288W	0.83605
704	YJL012C	0.83598
705	YDR062W	0.83597
706	YKR026C	0.83593
707	YBR038W	0.83588
708	YDR328C	0.83582
709	YIL120W	0.83571
710	YMR241W	0.83566
711	YNL044W	0.8356
712	YMR235C	0.83549
713	YOR396W	0.8352
714	YLR467W	0.8352
715	YDR545W	0.8352
716	YJR112W-A	0.83519
717	YBR234C	0.83507
718	YJL035C	0.83505
719	YIL142W	0.83505
720	YCL043C	0.83505
721	YAR015W	0.83497
722	YJR058C	0.83497
723	YOR027W	0.83484
724	YIL118W	0.83479
725	YHR029C	0.83476
726	YML079W	0.83475
727	YPR131C	0.83475
728	YGL115W	0.83472
729	YNR032W	0.83469
730	YDR047W	0.83465
731	YCR011C	0.83464
732	YPR074C	0.83461
733	YJR096W	0.83458
734	YGR155W	0.83456
735	YPL245W	0.83449
736	YOR099W	0.83447
737	YDR135C	0.83435
738	YOR133W	0.83434
739	YPL169C	0.83427
740	YKR105C	0.83425
741	YPL258C	0.83424
742	YJL143W	0.83412
743	YLR289W	0.83404
744	YMR090W	0.83402
745	YEL071W	0.83402
746	YER003C	0.83397
747	YOR086C	0.83397
748	YDR148C	0.83394
749	YJL212C	0.8339
750	YLR355C	0.83389
751	YDR032C	0.83383
752	YFL017C	0.83377
753	YPR156C	0.83376
754	YHR169W	0.83374
755	YPL199C	0.83371
756	YIL065C	0.83367
757	YDL086W	0.83366
758	YML056C	0.83362
759	YOR326W	0.8336
760	YML125C	0.83358
761	YML057W	0.83355
762	YBR256C	0.83353
763	YLR268W	0.83352
764	YMR260C	0.8335
765	YER043C	0.83347
766	YOR120W	0.83343
767	YML085C	0.8333
768	YGR185C	0.83328
769	YDR516C	0.83327
770	YFR015C	0.83326
771	YMR058W	0.8332
772	YBL024W	0.8332
773	YJR017C	0.83312
774	YKL157W	0.83307
775	YDR297W	0.83307
776	YOL058W	0.83304
777	YEL040W	0.83302
778	YKR043C	0.83286
779	YNL138W	0.83278
780	YPR041W	0.83264
781	YEL039C	0.83261
782	YOR092W	0.83259
783	YML131W	0.83251
784	YPL283C	0.8325
785	YGR296W	0.83249
786	YNL095C	0.83237
787	YHR179W	0.83236
788	YNL339C	0.83236
789	YML080W	0.83231
790	YDL247W	0.83219
791	YMR170C	0.83212
792	YBL029C-A	0.83209
793	YMR084W	0.83206
794	YPL226W	0.83201
795	YBL091C-A	0.83197
796	YPL091W	0.83195
797	YDL102W	0.83185
798	YOR095C	0.83177
799	YGL220W	0.83172
800	YIL169C	0.83167
801	YGR244C	0.83166
802	YJL216C	0.83164
803	YDR270W	0.8315
804	YJL196C	0.83147
805	YKL210W	0.83143
806	YOL139C	0.8313
807	YLR121C	0.83125
808	YIL164C	0.8312
809	YBR264C	0.83118
810	YMR203W	0.83113
811	YGL211W	0.83112
812	YBL068W	0.83112
813	YCR020C-A	0.831
814	YLR330W	0.83091
815	YPL231W	0.83087
816	YPL171C	0.83086
817	YJL171C	0.83081
818	YBR127C	0.83077
819	YPR110C	0.83074
820	YIL064W	0.83061
821	YJL008C	0.83058
822	YMR297W	0.83057
823	YIL001W	0.83052
824	YER090W	0.83048
825	YGR019W	0.83043
826	YOR332W	0.83042
827	YLR384C	0.83039
828	YIL035C	0.83036
829	YJR001W	0.83028
830	YLR172C	0.83019
831	YDR158W	0.83018
832	YOL137W	0.83017
833	YCL009C	0.8301
834	YBR015C	0.83003
835	YLR186W	0.82999
836	YLR175W	0.82992
837	YFL059W	0.82991
838	YIL094C	0.82989
839	YDR037W	0.82989
840	YGR131W	0.82977
841	YBL021C	0.82976
842	YBR115C	0.82971
843	YDR375C	0.82968
844	YJR070C	0.8296
845	YDL208W	0.82947
846	YLR168C	0.82943
847	YNL281W	0.82939
848	YGR234W	0.82938
849	YLR027C	0.82937
850	YNR064C	0.8292
851	YFR047C	0.82908
852	YHR216W	0.82904
853	YGL017W	0.82903
854	YLR152C	0.82902
855	YPL129W	0.82894
856	YIL010W	0.82891
857	YAL030W	0.8288
858	YMR221C	0.82879
859	YBR088C	0.82878
860	YJL111W	0.82869
861	YPL235W	0.82866
862	YDL174C	0.8286
863	YKL184W	0.82859
864	YNL333W	0.8285
865	YHL036W	0.82849
866	YKR038C	0.82833
867	YBL113C	0.82831
868	YGR209C	0.8283
869	YML092C	0.8283
870	YJL190C	0.82825
871	YLR146C	0.82825
872	YMR236W	0.82823
873	YBL050W	0.82817
874	YOR128C	0.82812
875	YNL111C	0.82811
876	YPL017C	0.8279
877	YIL088C	0.82789
878	YBL022C	0.82781
879	YPR194C	0.82773
880	YFR055W	0.82773
881	YLR179C	0.82771
882	YPL135W	0.8277
883	YLR277C	0.82752
884	YFL067W	0.82745
885	YLR209C	0.8273
886	YAL042W	0.82717
887	YGR100W	0.82715
888	YGR240C	0.82707
889	YFL037W	0.82696
890	YKL211C	0.82694
891	YOL097C	0.82691
892	YLR304C	0.82687
893	YDL124W	0.82684
894	YDL049C	0.82677
895	YNL113W	0.82677
896	YOR241W	0.82674
897	YCL069W	0.82673
898	YML022W	0.82667
899	YDR111C	0.82666
900	YOR126C	0.8265
901	YLR259C	0.8264
902	YLR126C	0.82635
903	YEL038W	0.82631
904	YCR072C	0.82629
905	YMR278W	0.82628
906	YLR220W	0.82623
907	YGL234W	0.82617
908	YER174C	0.82614
909	YLR060W	0.82608
910	YDR093W	0.82604
911	YKL078W	0.82601
912	YIL048W	0.82598
913	YOR273C	0.82594
914	YJR009C	0.82592
915	YGL100W	0.82591
916	YJL079C	0.82584
917	YMR238W	0.82578
918	YIR022W	0.82567
919	YMR186W	0.82558
920	YGL252C	0.82555
921	YBR001C	0.82553
922	YOL164W	0.82549
923	YOR142W	0.82544
924	YHR074W	0.82543
925	YOR236W	0.82535
926	YMR138W	0.82523
927	YPL232W	0.82522
928	YGR260W	0.82516
929	YLR367W	0.82508
930	YOR226C	0.82502
931	YGR192C	0.82499
932	YCR059C	0.82499
933	YMR215W	0.82492
934	YHL003C	0.82486
935	YMR008C	0.82485
936	YBR043C	0.82484
937	YCR017C	0.82483
938	YIR037W	0.8248
939	YML067C	0.82478
940	YOR087W	0.82478
941	YMR319C	0.82477
942	YPL046C	0.82464
943	YCR053W	0.82464
944	YCR027C	0.82461
945	YHR213W	0.82458
946	YAR062W	0.82458
947	YLR059C	0.82453
948	YBR021W	0.82442
949	YNL071W	0.82436
950	YLR411W	0.82433
951	YPL093W	0.82432
952	YPL240C	0.8243
953	YLL026W	0.82425
954	YML133W-A	0.82424
955	YNL339W-A	0.82424
956	YPL283W-A	0.82424
957	YER190C-A	0.82424
958	YGR296C-A	0.82424
959	YDR120C	0.82423
960	YGR020C	0.82418
961	YOR101W	0.82412
962	YOR374W	0.82402
963	YDR300C	0.82396
964	YJR048W	0.82389
965	YBR235W	0.82381
966	YLR195C	0.82378
967	YMR183C	0.82367
968	YPR127W	0.82353
969	YFL057C	0.82346
970	YHR107C	0.82343
971	YMR217W	0.8234
972	YJR109C	0.8234
973	YKL163W	0.82339
974	YNR071C	0.82331
975	YBR159W	0.8233
976	YPL015C	0.82327
977	YKL120W	0.82326
978	YCR028C	0.82325
979	YFR010W	0.82322
980	YMR080C	0.82322
981	YKR013W	0.8232
982	YJL052W	0.82309
983	YPL094C	0.82308
984	YJR015W	0.82271
985	YKR066C	0.82265
986	YKL001C	0.82264
987	YBR287W	0.82259
988	YGL047W	0.82254
989	YMR120C	0.82241
990	YPL259C	0.82237
991	YEL037C	0.82226
992	YGR124W	0.82226
993	YJR074W	0.82225
994	YDR177W	0.82216
995	YCR004C	0.82203
996	YHR026W	0.82198
997	YDR172W	0.82197
998	YCL010C	0.82188
999	YGR267C	0.82187
1000	YJL174W	0.82187
1001	YPL221W	0.82186
1002	YEL041W	0.82184
1003	YCL033C	0.82184
1004	YAL064W-B	0.8218
1005	YDR190C	0.82173
1006	YGR007W	0.82168
1007	YDR100W	0.82165
1008	YJR155W	0.82159
1009	YIL051C	0.82142
1010	YPL237W	0.82141
1011	YLR005W	0.8214
1012	YHR032W	0.82139
1013	YIL124W	0.82138
1014	YLR326W	0.82137
1015	YKL128C	0.82134
1016	YBR035C	0.82132
1017	YIR031C	0.82128
1018	YAR050W	0.82124
1019	YPL160W	0.82119
1020	YNL200C	0.82114
1021	YDR084C	0.82112
1022	YNL323W	0.82111
1023	YPL092W	0.82107
1024	YNR074C	0.82104
1025	YGR264C	0.821
1026	YDR214W	0.82098
1027	YMR092C	0.82089
1028	YFL041W	0.82089
1029	YGL224C	0.82072
1030	YIR027C	0.82071
1031	YHR005C	0.8207
1032	YKR042W	0.8207
1033	YGR287C	0.82059
1034	YOR184W	0.82053
1035	YPR082C	0.82052
1036	YPR121W	0.8205
1037	YOR222W	0.82049
1038	YOR361C	0.82037
1039	YGR163W	0.82034
1040	YBR242W	0.82029
1041	YKR018C	0.82024
1042	YGL186C	0.82024
1043	YOR040W	0.82018
1044	YDR258C	0.8201
1045	YMR308C	0.82008
1046	YLR017W	0.81998
1047	YBR170C	0.81984
1048	YDL046W	0.8198
1049	YDR397C	0.81969
1050	YPL206C	0.81965
1051	YJL145W	0.81951
1052	YAR007C	0.81942
1053	YER146W	0.81938
1054	YNL117W	0.81936
1055	YGL099W	0.81916
1056	YER074W-A	0.81914
1057	YDL052C	0.81892
1058	YHR047C	0.81884
1059	YPR004C	0.81884
1060	YBR265W	0.81883
1061	YHR211W	0.81878
1062	YDR465C	0.81874
1063	YHR112C	0.8187
1064	YGL012W	0.81864
1065	YJR069C	0.81853
1066	YOL092W	0.81844
1067	YKR097W	0.81844
1068	YMR210W	0.81834
1069	YOR011W	0.81831
1070	YJL033W	0.81822
1071	YER091C	0.81819
1072	YOL157C	0.81818
1073	YOR384W	0.81815
1074	YOR357C	0.818
1075	YBR153W	0.81799
1076	YCR068W	0.81784
1077	YIR012W	0.81775
1078	YJL159W	0.81771
1079	YGR094W	0.81768
1080	YDL014W	0.81759
1081	YOL002C	0.81754
1082	YGL119W	0.81751
1083	YPR028W	0.81751
1084	YEL001C	0.8175
1085	YLL055W	0.81749
1086	YOR391C	0.81748
1087	YMR054W	0.81745
1088	YBL039C	0.81734
1089	YHR129C	0.81726
1090	YOR335C	0.81725
1091	YDL212W	0.81723
1092	YLR109W	0.81718
1093	YNR043W	0.81711
1094	YOL016C	0.81704
1095	YJL217W	0.81688
1096	YJL060W	0.81686
1097	YAL063C	0.81683
1098	YDR212W	0.81676
1099	YML094W	0.8166
1100	YPR160W	0.81656
1101	YEL060C	0.81653
1102	YBR052C	0.8165
1103	YER152C	0.81649
1104	YDR074W	0.81649
1105	YDL135C	0.81649
1106	YMR301C	0.81644
1107	YJR024C	0.81642
1108	YNL222W	0.81638
1109	YGR197C	0.81634
1110	YKR102W	0.8163
1111	YER065C	0.81629
1112	YCR051W	0.81609
1113	YOR084W	0.81603
1114	YJL221C	0.81603
1115	YIL172C	0.81603
1116	YKL114C	0.81595
1117	YOR202W	0.81593
1118	YOL165C	0.81588
1119	YOR316C	0.81582
1120	YOR163W	0.81581
1121	YOL129W	0.81577
1122	YNL087W	0.8156
1123	YIR019C	0.81547
1124	YBR210W	0.81542
1125	YIL021W	0.81532
1126	YGL105W	0.81528
1127	YGL006W	0.81528
1128	YPL134C	0.81523
1129	YDL147W	0.81521
1130	YHR046C	0.8152
1131	YOR020C	0.81513
1132	YMR288W	0.81508
1133	YBL099W	0.81499
1134	YDR378C	0.81498
1135	YGL171W	0.81494
1136	YIL114C	0.81493
1137	YBR291C	0.81491
1138	YEL047C	0.81487
1139	YOR168W	0.81487
1140	YGR246C	0.81482
1141	YDL140C	0.81473
1142	YDL103C	0.81467
1143	YDR098C	0.81467
1144	YBR243C	0.81458
1145	YJL172W	0.81446
1146	YML064C	0.81446
1147	YOL147C	0.81434
1148	YAL007C	0.81407
1149	YOR024W	0.81398
1150	YFR030W	0.81384
1151	YKR053C	0.81382
1152	YHR012W	0.81374
1153	YGL043W	0.81361
1154	YOL153C	0.81356
1155	YML086C	0.81355
1156	YOR013W	0.81349
1157	YML101C	0.81345
1158	YGL130W	0.81343
1159	YHR210C	0.81341
1160	YHR175W	0.8134
1161	YMR285C	0.81325
1162	YDR116C	0.81325
1163	YMR143W	0.81319
1164	YDL083C	0.81319
1165	YDR063W	0.81302
1166	YCR107W	0.81302
1167	YKR009C	0.81299
1168	YKL113C	0.81298
1169	YNL237W	0.81296
1170	Q0045	0.81293
1171	YLR004C	0.81293
1172	YBR011C	0.81291
1173	YKL053C-A	0.81284
1174	YLR046C	0.81278
1175	YCR102C	0.8127
1176	YOR394W	0.81264
1177	YPL282C	0.81264
1178	YER175C	0.81253
1179	YNL130C	0.81245
1180	YHR135C	0.81243
1181	YNL329C	0.8124
1182	YIL109C	0.81239
1183	YOL080C	0.81236
1184	YCL036W	0.81233
1185	YPR003C	0.81232
1186	YAL003W	0.81228
1187	YPR181C	0.81224
1188	YNR020C	0.81205
1189	YKL107W	0.81199
1190	YLR351C	0.81192
1191	YPL212C	0.81175
1192	YDR105C	0.81169
1193	YER044C	0.8116
1194	YIL165C	0.81157
1195	YOR306C	0.81154
1196	YGL245W	0.81152
1197	YHR020W	0.81151
1198	YGR247W	0.8115
1199	YBR069C	0.81145
1200	YGR200C	0.81143
1201	YLR214W	0.81138
1202	YOR369C	0.81136
1203	YCL030C	0.81135
1204	YOL154W	0.81133
1205	YKL035W	0.8113
1206	YJL068C	0.81127
1207	YJR020W	0.81125
1208	YBL003C	0.81124
1209	YCR037C	0.81116
1210	YDR483W	0.81115
1211	YPL095C	0.81108
1212	YDR225W	0.81104
1213	YDR007W	0.81101
1214	YPL280W	0.81087
1215	YMR022W	0.81077
1216	YKL161C	0.81076
1217	YDR055W	0.81065
1218	YDL007W	0.8106
1219	YIL166C	0.81057
1220	YNL021W	0.81051
1221	YHR123W	0.81035
1222	YML075C	0.8102
1223	YDL201W	0.81018
1224	YNL066W	0.81015
1225	YLR364W	0.81011
1226	YHR190W	0.81004
1227	YDR402C	0.80994
1228	YOL163W	0.80984
1229	YPL204W	0.80973
1230	Q0085	0.80971
1231	YER120W	0.80967
1232	YMR178W	0.80961
1233	YOR196C	0.80941
1234	YGL206C	0.8094
1235	YOL110W	0.80936
1236	YHR144C	0.80913
1237	YLR251W	0.80906
1238	YDR264C	0.80904
1239	YPL213W	0.80901
1240	YBR087W	0.80898
1241	YGR037C	0.8089
1242	YOL112W	0.80889
1243	YGL202W	0.80888
1244	YMR027W	0.80864
1245	YPL006W	0.80864
1246	YLL008W	0.80858
1247	YAL044W-A	0.80854
1248	YHR193C	0.80843
1249	YBL089W	0.80838
1250	YHR025W	0.80837
1251	YJL116C	0.80831
1252	YNR034W-A	0.80828
1253	YLL039C	0.80822
1254	YML021C	0.80816
1255	YIL103W	0.80811
1256	YMR006C	0.8081
1257	YJL134W	0.80806
1258	YBR029C	0.80805
1259	YPL208W	0.80804
1260	YDL238C	0.80801
1261	YLR137W	0.80797
1262	YNL275W	0.80792
1263	YER136W	0.80792
1264	YJR151C	0.80789
1265	YOL005C	0.80783
1266	YCR008W	0.80782
1267	YHR063C	0.80781
1268	YDL080C	0.80768
1269	YJR116W	0.80768
1270	YKR056W	0.80761
1271	YLR328W	0.8076
1272	YNL099C	0.80753
1273	Q0250	0.80743
1274	YJL208C	0.8074
1275	YDR035W	0.80733
1276	YFR018C	0.80732
1277	YBR155W	0.80727
1278	YER143W	0.80724
1279	YPR128C	0.80722
1280	YHR005C-A	0.80722
1281	YER070W	0.80717
1282	YLR262C	0.80717
1283	YDR127W	0.80715
1284	YOL132W	0.80714
1285	YJL002C	0.80713
1286	YBL102W	0.80711
1287	YDR287W	0.80705
1288	YLL029W	0.80682
1289	YMR322C	0.80678
1290	YHR132C	0.80663
1291	YKL039W	0.80662
1292	YGL163C	0.8066
1293	YNL024C	0.80649
1294	YDR291W	0.80649
1295	YLR460C	0.80647
1296	YJL128C	0.8063
1297	YBL068W-A	0.80624
1298	YLL009C	0.80615
1299	YFR031C	0.80614
1300	YMR271C	0.80612
1301	YMR085W	0.80612
1302	YJR072C	0.80611
1303	YML106W	0.8061
1304	YNR013C	0.80609
1305	YBR111C	0.80608
1306	YNL037C	0.80605
1307	YOL140W	0.80604
1308	YAL029C	0.80604
1309	YGR012W	0.80601
1310	YLR398C	0.80599
1311	YLR378C	0.80599
1312	YJL136C	0.80594
1313	YNL232W	0.80588
1314	YML070W	0.80582
1315	YER134C	0.8058
1316	YBR183W	0.80577
1317	YOR007C	0.80572
1318	YGL063W	0.80566
1319	YKL181W	0.80565
1320	YNL132W	0.80561
1321	YGL030W	0.8056
1322	YAL016W	0.80556
1323	YOR209C	0.80555
1324	YIR034C	0.80548
1325	YLR043C	0.80546
1326	YGL201C	0.80546
1327	YLR338W	0.80545
1328	YDR408C	0.80545
1329	YDR009W	0.80544
1330	YHR039C	0.80537
1331	YIL155C	0.80531
1332	YPL183C	0.80518
1333	YDR280W	0.80506
1334	YPL010W	0.80489
1335	YER039C-A	0.80474
1336	YDL138W	0.80473
1337	YFL030W	0.80466
1338	YBR053C	0.80462
1339	YJL158C	0.80461
1340	YNL067W	0.8046
1341	YFL022C	0.80447
1342	YGL139W	0.80446
1343	YAL067C	0.80445
1344	YFR006W	0.80432
1345	YKR057W	0.80425
1346	YHR219W	0.80414
1347	YNL141W	0.80402
1348	YBL032W	0.80401
1349	YOR243C	0.80388
1350	YDR513W	0.80382
1351	YDL155W	0.80382
1352	YBR037C	0.80379
1353	YKR068C	0.80373
1354	YDL087C	0.8037
1355	YLL058W	0.8036
1356	YFL052W	0.80351
1357	YNR046W	0.80348
1358	YOL119C	0.80345
1359	YCL074W	0.80333
1360	YBR162C	0.80328
1361	YDR481C	0.80317
1362	YER142C	0.80302
1363	YPL050C	0.80296
1364	YOR103C	0.80295
1365	YOR155C	0.80293
1366	YMR244W	0.80291
1367	YKL081W	0.80288
1368	YMR145C	0.80284
1369	YGR173W	0.80284
1370	YBR244W	0.80282
1371	YEL024W	0.80277
1372	YLL018C-A	0.80274
1373	YIR026C	0.80269
1374	YOL065C	0.80265
1375	YOR285W	0.80262
1376	YFR050C	0.80261
1377	YCR061W	0.80259
1378	YPL113C	0.80245
1379	YGL147C	0.80244
1380	YGL122C	0.80243
1381	YKL151C	0.80239
1382	YDR313C	0.80232
1383	YLR369W	0.80227
1384	YOR003W	0.80226
1385	YPL187W	0.80219
1386	YBL015W	0.80218
1387	YKL021C	0.80215
1388	YDL123W	0.80211
1389	YDR448W	0.80211
1390	YNL194C	0.80208
1391	YGR010W	0.80204
1392	YKL085W	0.80202
1393	YPR024W	0.80191
1394	YBR220C	0.80179
1395	YPR054W	0.80174
1396	YGR214W	0.80173
1397	YHR148W	0.80173
1398	YMR099C	0.80172
1399	YHR013C	0.80158
1400	YMR009W	0.80157
1401	YMR096W	0.80154
1402	YLL023C	0.80149
1403	YDR182W-A	0.80148
1404	YPL067C	0.80148
1405	YDR019C	0.80146
1406	YKL004W	0.80144
1407	YBR092C	0.80142
1408	YFL002C	0.80129
1409	YOL090W	0.80125
1410	YML087C	0.80117
1411	YGL207W	0.80117
1412	YMR272C	0.8011
1413	YDR438W	0.80106
1414	YBR058C	0.80083
1415	YBR245C	0.80083
1416	YOR298C-A	0.8008
1417	YLR429W	0.80078
1418	YNL096C	0.80073
1419	YLR241W	0.80073
1420	YNL154C	0.80072
1421	YLR120C	0.80066
1422	YLR055C	0.80049
1423	YER004W	0.80045
1424	YOR358W	0.80042
1425	YDL057W	0.80037
1426	YKL182W	0.8003
1427	YIL066C	0.8003
1428	YHR111W	0.80027
1429	YNL220W	0.80025
1430	YPL012W	0.80015
1431	YKL117W	0.80013
1432	YPR011C	0.80011
1433	YOR004W	0.8001
1434	YPR188C	0.80008
1435	YHR027C	0.80006
1436	YLR291C	0.79988
1437	YJR016C	0.79987
1438	YIR009W	0.79985
1439	YGR028W	0.79984
1440	YLR129W	0.79983
1441	YMR276W	0.79982
1442	YBR228W	0.79981
1443	YBL057C	0.79974
1444	YML038C	0.79973
1445	YJL160C	0.7996
1446	YDR398W	0.79953
1447	YPL013C	0.79949
1448	YPL151C	0.79944
1449	YHR037W	0.79924
1450	YDR234W	0.79916
1451	YLR382C	0.79916
1452	YNL148C	0.79915
1453	YMR194C-B	0.79914
1454	YKL191W	0.7991
1455	YPL043W	0.79909
1456	YDR418W	0.79907
1457	YEL054C	0.79907
1458	YGR204W	0.79902
1459	YHR104W	0.79901
1460	YKL002W	0.79899
1461	YPR088C	0.79895
1462	YBR149W	0.79893
1463	YDL178W	0.79883
1464	YDR525W-A	0.79869
1465	YOL020W	0.79867
1466	YPL042C	0.79858
1467	YDL185W	0.79853
1468	YBR177C	0.79852
1469	YLR138W	0.79846
1470	YMR220W	0.79842
1471	YJL155C	0.79839
1472	YJL087C	0.79834
1473	YDL093W	0.79833
1474	YCR069W	0.79831
1475	YDR534C	0.7983
1476	YPL131W	0.79818
1477	YNL287W	0.79812
1478	YGR031W	0.79801
1479	YPL211W	0.79795
1480	YLR447C	0.79793
1481	YJL179W	0.79788
1482	YGR021W	0.79778
1483	YGR048W	0.79773
1484	YLR324W	0.79772
1485	YOR036W	0.7976
1486	YLR222C	0.79753
1487	YGL009C	0.79745
1488	YJL153C	0.79739
1489	YLR189C	0.79739
1490	YNR048W	0.79737
1491	YHR048W	0.79729
1492	YOL059W	0.79726
1493	YKL207W	0.79724
1494	YPR025C	0.79721
1495	YPL170W	0.7971
1496	YCR075C	0.79709
1497	YOR356W	0.79709
1498	YNR065C	0.79697
1499	YGR229C	0.7969
1500	YFL060C	0.79686
1501	YJL024C	0.79681
1502	YLR377C	0.79681
1503	YIR002C	0.7968
1504	YML068W	0.79679
1505	YBR137W	0.79672
1506	YMR296C	0.7967
1507	YKL080W	0.79669
1508	YNL334C	0.79651
1509	YGR172C	0.79646
1510	YDL004W	0.79643
1511	YCR034W	0.79637
1512	YIL123W	0.79634
1513	YOR246C	0.79628
1514	YER006W	0.79618
1515	YIL062C	0.79613
1516	YKR012C	0.79612
1517	YMR250W	0.79608
1518	YIL100C-A	0.79608
1519	YAL022C	0.79605
1520	YPR153W	0.79604
1521	YAR035W	0.79596
1522	YBR208C	0.79593
1523	YAL036C	0.7959
1524	YLR048W	0.79588
1525	YLR100W	0.79588
1526	YPL048W	0.79587
1527	YCR023C	0.79582
1528	YJL080C	0.79582
1529	YOL125W	0.79571
1530	YIL008W	0.79546
1531	YGR085C	0.79536
1532	YDR411C	0.79535
1533	YDL018C	0.79532
1534	YHR039C-A	0.79522
1535	YGR189C	0.79519
1536	YDR415C	0.79516
1537	YOL124C	0.79516
1538	YMR113W	0.79513
1539	YPR081C	0.79477
1540	YLR188W	0.79472
1541	YCR020C	0.79471
1542	YPL214C	0.79454
1543	YGR199W	0.79452
1544	YLR285W	0.79452
1545	YHL042W	0.79444
1546	YNL312W	0.79442
1547	YPR102C	0.79441
1548	YNL065W	0.79439
1549	YMR253C	0.79437
1550	YDL081C	0.79434
1551	YOR265W	0.79428
1552	YAL053W	0.79427
1553	YGR029W	0.79403
1554	YKL135C	0.79396
1555	YDR140W	0.79395
1556	YGR242W	0.79394
1557	YCR075W-A	0.79394
1558	YNL121C	0.79387
1559	YNR019W	0.79378
1560	YJR032W	0.79367
1561	YLR343W	0.79364
1562	YLR038C	0.79364
1563	YLR286C	0.79363
1564	YJR014W	0.79353
1565	YKL091C	0.79352
1566	YJR121W	0.79344
1567	YML126C	0.79343
1568	YBL002W	0.79326
1569	YHL017W	0.79326
1570	YMR095C	0.79325
1571	YJR131W	0.79318
1572	YGL148W	0.79315
1573	YKR104W	0.79294
1574	YDL051W	0.79293
1575	YBL001C	0.79293
1576	YNL061W	0.7929
1577	YEL056W	0.79277
1578	YCL026C-B	0.79276
1579	YOR034C	0.79272
1580	YDL141W	0.79266
1581	YDR167W	0.79266
1582	YGL190C	0.79261
1583	YOR367W	0.79259
1584	YBR014C	0.79257
1585	YML054C	0.79254
1586	YOR217W	0.79251
1587	YHR170W	0.79248
1588	YGR292W	0.79246
1589	YOR096W	0.79244
1590	YLR056W	0.79238
1591	YBL023C	0.79236
1592	YKL144C	0.79236
1593	YBR003W	0.79222
1594	YGL205W	0.79214
1595	YIL099W	0.7921
1596	YMR262W	0.79197
1597	YDR502C	0.79194
1598	YCL026C-A	0.79185
1599	YLR307W	0.79167
1600	YHR142W	0.79157
1601	YGR082W	0.79147
1602	YIR029W	0.79145
1603	YJR103W	0.79136
1604	YOL142W	0.79134
1605	YLL052C	0.79133
1606	YOL011W	0.79131
1607	YLR231C	0.79124
1608	YCR048W	0.79102
1609	YKL193C	0.79094
1610	YEL004W	0.79075
1611	YLR409C	0.79072
1612	YBR299W	0.79048
1613	YBR202W	0.79043
1614	YLL014W	0.79042
1615	YGL101W	0.79041
1616	YLR243W	0.7903
1617	YKL027W	0.79021
1618	YCR005C	0.79016
1619	YDR224C	0.79001
1620	YDR492W	0.78987
1621	YML072C	0.78973
1622	YIL013C	0.78971
1623	YGL114W	0.78966
1624	YOR110W	0.7896
1625	YOR049C	0.78937
1626	YEL003W	0.78932
1627	YLR342W	0.78932
1628	YOL039W	0.78927
1629	YOR074C	0.78926
1630	YDL130W	0.78925
1631	YOR172W	0.7892
1632	YOR351C	0.78919
1633	YMR197C	0.78917
1634	YBL011W	0.78909
1635	YNL072W	0.78901
1636	YKR014C	0.78891
1637	YLR253W	0.7889
1638	YDL194W	0.78889
1639	YOR303W	0.78888
1640	YJL081C	0.78884
1641	YML014W	0.78883
1642	YIL075C	0.78882
1643	YFR051C	0.78876
1644	YBR139W	0.78874
1645	YPL262W	0.78873
1646	YHL026C	0.78867
1647	YDR056C	0.78866
1648	YGR095C	0.78857
1649	YBL064C	0.78854
1650	YPL127C	0.78851
1651	YPR019W	0.78848
1652	YOL155C	0.78839
1653	YPR167C	0.78837
1654	YGR288W	0.78836
1655	YJL130C	0.78836
1656	YJR010C-A	0.78834
1657	YKL212W	0.78831
1658	YOR048C	0.78818
1659	YGL037C	0.78817
1660	YOR145C	0.78812
1661	YDL072C	0.78812
1662	YKL013C	0.78811
1663	YDL036C	0.78807
1664	YGR032W	0.78807
1665	YBL040C	0.78804
1666	YIL108W	0.78803
1667	YNR027W	0.78799
1668	YGL262W	0.78767
1669	YHR214W	0.78766
1670	YAR066W	0.78766
1671	YKL156W	0.78761
1672	YBL106C	0.78755
1673	YGL196W	0.78753
1674	YOR250C	0.78748
1675	YIL145C	0.78737
1676	YDR051C	0.78734
1677	YJR085C	0.78724
1678	YDR490C	0.78724
1679	YLR008C	0.78717
1680	YPL153C	0.78715
1681	YLR180W	0.78714
1682	YKL029C	0.78698
1683	YGL055W	0.78689
1684	YFL048C	0.78688
1685	YHR021C	0.78687
1686	YKR050W	0.78683
1687	YMR062C	0.78682
1688	YPR180W	0.78682
1689	YER017C	0.78678
1690	YOR065W	0.78678
1691	YEL020W-A	0.78662
1692	YPL004C	0.7866
1693	YKL059C	0.78656
1694	YJR132W	0.78648
1695	YDL132W	0.78647
1696	YLR181C	0.78644
1697	YNL240C	0.78637
1698	YBR023C	0.78631
1699	YNL023C	0.7863
1700	YMR152W	0.78627
1701	YEL020C	0.78626
1702	YBR073W	0.7862
1703	YPL059W	0.78618
1704	YFR028C	0.78609
1705	YBR101C	0.78589
1706	YLR451W	0.7858
1707	YBL056W	0.78579
1708	YDR112W	0.78567
1709	YDR380W	0.78567
1710	YDR352W	0.78561
1711	YHL015W	0.78561
1712	YGR203W	0.78552
1713	YNL280C	0.78529
1714	YKL051W	0.78524
1715	YDR121W	0.78523
1716	YGR285C	0.78521
1717	YPR056W	0.78516
1718	YLR174W	0.78514
1719	YMR304W	0.78513
1720	YOR162C	0.78511
1721	YML055W	0.78508
1722	YHL034C	0.78501
1723	YGR125W	0.78491
1724	YOR006C	0.78482
1725	YDL145C	0.78478
1726	YPL236C	0.78476
1727	YDL205C	0.78458
1728	YHL018W	0.78456
1729	YBR041W	0.78451
1730	YOR119C	0.78451
1731	YPR073C	0.78445
1732	YOL064C	0.78445
1733	YOR239W	0.7844
1734	YML035C	0.78437
1735	YER168C	0.78435
1736	YJR107W	0.78434
1737	YER183C	0.7842
1738	YGL020C	0.78414
1739	YEL052W	0.78413
1740	YNR015W	0.78411
1741	YPL184C	0.78408
1742	YJR145C	0.78405
1743	YHR203C	0.78405
1744	YKL197C	0.78388
1745	YDR539W	0.78383
1746	YLR401C	0.78382
1747	YOR370C	0.78378
1748	YOR311C	0.78372
1749	YKL126W	0.78362
1750	YLR037C	0.78356
1751	YNL185C	0.78354
1752	YHR031C	0.78351
1753	YDR331W	0.7835
1754	YGR004W	0.78348
1755	YHR100C	0.7834
1756	YBR093C	0.78339
1757	YPR032W	0.78336
1758	YLR014C	0.78322
1759	YLR372W	0.78319
1760	YMR093W	0.78306
1761	YPR034W	0.78305
1762	YBR025C	0.78301
1763	YOR109W	0.78281
1764	YDL085W	0.78274
1765	YLL025W	0.78267
1766	YCR101C	0.78263
1767	YFR021W	0.78258
1768	YOL062C	0.78252
1769	YJL124C	0.78239
1770	YNL160W	0.78239
1771	YKL160W	0.78234
1772	YKL009W	0.78233
1773	YML052W	0.78205
1774	YDR447C	0.78194
1775	YEL032W	0.78191
1776	YBR180W	0.78185
1777	YNL175C	0.7818
1778	YBR283C	0.78179
1779	YML024W	0.78175
1780	YKR051W	0.78173
1781	YFL028C	0.78149
1782	YPL239W	0.78147
1783	YKL028W	0.78129
1784	YNL207W	0.78127
1785	YJL088W	0.78122
1786	YGL068W	0.78116
1787	YLR074C	0.78107
1788	YHR181W	0.78103
1789	YJR144W	0.78101
1790	YIR008C	0.78099
1791	YLR078C	0.78098
1792	YNR057C	0.78095
1793	YPR058W	0.78092
1794	YBL105C	0.78091
1795	YJR117W	0.78086
1796	YPL227C	0.78086
1797	YHR215W	0.78084
1798	YLR218C	0.78083
1799	YMR038C	0.78076
1800	YEL036C	0.78074
1801	YDR144C	0.78069
1802	YMR224C	0.78067
1803	YCR002C	0.78064
1804	YPR201W	0.78062
1805	YOL068C	0.78056
1806	YLR212C	0.78056
1807	YJL078C	0.78047
1808	YOL073C	0.78044
1809	YOR304W	0.7804
1810	YDR429C	0.78038
1811	YMR132C	0.78036
1812	YGR220C	0.78026
1813	YHR024C	0.78024
1814	YHR089C	0.78021
1815	YDR236C	0.7802
1816	YNL223W	0.78018
1817	YBR166C	0.78007
1818	YJL200C	0.78005
1819	YIL014W	0.78005
1820	YDR399W	0.78001
1821	YPL122C	0.77991
1822	YDR468C	0.77971
1823	YFL034C-A	0.77968
1824	YJL222W	0.77965
1825	YBL017C	0.7796
1826	YBR002C	0.77959
1827	YFR025C	0.77955
1828	YDR522C	0.77951
1829	YAR071W	0.77945
1830	YOL034W	0.77944
1831	YBR254C	0.77941
1832	YLR203C	0.77941
1833	YPL207W	0.77937
1834	YLR066W	0.77935
1835	YOL093W	0.77918
1836	YML004C	0.77914
1837	YLR375W	0.77913
1838	YKR079C	0.77912
1839	YGL028C	0.77902
1840	YPR002W	0.77895
1841	YIL168W	0.77887
1842	YNL007C	0.77875
1843	YPR118W	0.77873
1844	YGR187C	0.77872
1845	YIL173W	0.77872
1846	YGL156W	0.77864
1847	YML010W	0.77861
1848	YKL221W	0.77849
1849	YDL090C	0.77824
1850	YNL313C	0.77823
1851	YAL044C	0.77819
1852	YDR400W	0.77817
1853	YHR201C	0.77815
1854	YOR136W	0.77813
1855	YER156C	0.77801
1856	YDL110C	0.77799
1857	YAL039C	0.77791
1858	YMR325W	0.77779
1859	YNR062C	0.77772
1860	YMR251W	0.77769
1861	YJL125C	0.77769
1862	YKR067W	0.77766
1863	YNL056W	0.77765
1864	YMR089C	0.77765
1865	YNR011C	0.7775
1866	YJR141W	0.77738
1867	YBR039W	0.77732
1868	YOR232W	0.77732
1869	YJR129C	0.77728
1870	YBR198C	0.77717
1871	YNR016C	0.77716
1872	YCR106W	0.77713
1873	YBL007C	0.77713
1874	YGL238W	0.7771
1875	YEL059C-A	0.77705
1876	YLR178C	0.77705
1877	YGR195W	0.77697
1878	YOL012C	0.77696
1879	YDR298C	0.7769
1880	YNL181W	0.7769
1881	YGR092W	0.77686
1882	YGR277C	0.77682
1883	YKR070W	0.77675
1884	YPR197C	0.77672
1885	YLR099C	0.7766
1886	YOR286W	0.77654
1887	YCL075W	0.77648
1888	YGL154C	0.77644
1889	YOR165W	0.77643
1890	YLR390W	0.77638
1891	YDR211W	0.7763
1892	YLR410W	0.77629
1893	YBR192W	0.77622
1894	YBR267W	0.77619
1895	YNR001C	0.77598
1896	YKR024C	0.77589
1897	YLR118C	0.77586
1898	Q0050	0.7758
1899	YBR103W	0.7758
1900	YLR399C	0.77573
1901	YGR063C	0.7755
1902	YDL092W	0.77544
1903	YGR271W	0.77538
1904	YDR487C	0.77531
1905	YGL044C	0.77529
1906	YFL001W	0.77519
1907	YCR028C-A	0.77516
1908	YMR167W	0.77512
1909	YNL082W	0.77511
1910	YDR441C	0.77506
1911	YKR001C	0.77498
1912	YOR341W	0.77481
1913	YLL057C	0.77477
1914	YHR051W	0.77475
1915	YOR262W	0.77475
1916	YDR382W	0.77471
1917	YIR041W	0.77466
1918	YJR146W	0.77463
1919	YER013W	0.77462
1920	YGR144W	0.77459
1921	YDR324C	0.77433
1922	YFL042C	0.77431
1923	YDL217C	0.77431
1924	YKL008C	0.7743
1925	YGL123W	0.77426
1926	YGR232W	0.77422
1927	YMR214W	0.77414
1928	YDL218W	0.77411
1929	YNL229C	0.77378
1930	YBR214W	0.77377
1931	YDR243C	0.77371
1932	YGL103W	0.77369
1933	YER176W	0.77369
1934	YIL016W	0.77366
1935	YBR096W	0.77357
1936	YMR101C	0.7735
1937	YPR172W	0.77346
1938	YDL023C	0.77344
1939	YHR176W	0.77339
1940	YCR104W	0.77325
1941	YMR225C	0.77317
1942	YLR276C	0.77314
1943	YKL224C	0.77312
1944	YBR236C	0.77285
1945	YLR197W	0.77279
1946	YGR159C	0.77277
1947	YDR170C	0.77277
1948	YLL045C	0.77274
1949	YKR088C	0.77264
1950	YOR310C	0.77257
1951	YHR147C	0.77256
1952	YPR107C	0.77249
1953	YHR165W-A	0.77249
1954	YLR412W	0.77228
1955	YMR123W	0.77227
1956	YOR116C	0.77226
1957	YOR079C	0.77219
1958	YLR149C-A	0.7721
1959	YDR392W	0.77206
1960	YLR072W	0.7718
1961	YLR210W	0.77156
1962	YGR243W	0.77155
1963	YOR307C	0.77154
1964	YKR076W	0.7715
1965	YOL096C	0.77149
1966	YER010C	0.77139
1967	YCR060W	0.77133
1968	YFL020C	0.77123
1969	YFR005C	0.77122
1970	YOR164C	0.77116
1971	YJR040W	0.7711
1972	YDR041W	0.77107
1973	YBR031W	0.77107
1974	YLL015W	0.77107
1975	YOR335W-A	0.77101
1976	YJR064W	0.77096
1977	YDL039C	0.77094
1978	YPR159W	0.77093
1979	YMR069W	0.7709
1980	YKR095W-A	0.77085
1981	YFL008W	0.77084
1982	YHR108W	0.77082
1983	YML077W	0.77073
1984	YER066W	0.77073
1985	YKL030W	0.77071
1986	YLR405W	0.77071
1987	YNR017W	0.77068
1988	YOR151C	0.77048
1989	YPR120C	0.77045
1990	YDR518W	0.77044
1991	YER164W	0.77035
1992	YDR012W	0.77032
1993	YDR188W	0.77032
1994	YBR297W	0.7703
1995	YHR033W	0.77028
1996	Q0105	0.77023
1997	YJR137C	0.77021
1998	YNR041C	0.77019
1999	YOL009C	0.77016
2000	YGR276C	0.77016
2001	YMR208W	0.77009
2002	YKL003C	0.77007
2003	YOR016C	0.76999
2004	YGL198W	0.76998
2005	YDR161W	0.76997
2006	YDL079C	0.76994
2007	YKL022C	0.76993
2008	YHL046C	0.76976
2009	YDL190C	0.76975
2010	YLR196W	0.7697
2011	YLR061W	0.7695
2012	YCR045C	0.76947
2013	YLR461W	0.76946
2014	YOR387C	0.76944
2015	YHR168W	0.76942
2016	YJR125C	0.76941
2017	YHR117W	0.76933
2018	YMR268C	0.76933
2019	YMR239C	0.76926
2020	YNL246W	0.76923
2021	YER172C	0.76921
2022	YER147C	0.76913
2023	YNR051C	0.76911
2024	YLR418C	0.76908
2025	YLL036C	0.76908
2026	YDR013W	0.76905
2027	YMR196W	0.76904
2028	YAL021C	0.76902
2029	YDR542W	0.76901
2030	YDR077W	0.76895
2031	YPL088W	0.7688
2032	YDR191W	0.76876
2033	YLR389C	0.76871
2034	YGL261C	0.76867
2035	YAL068C	0.76867
2036	YBL108C-A	0.76867
2037	YMR041C	0.76866
2038	YBR079C	0.76864
2039	YML110C	0.76863
2040	YGL095C	0.76863
2041	YOL067C	0.76862
2042	YDR514C	0.76858
2043	YDR530C	0.76852
2044	YPR111W	0.76852
2045	YHR028C	0.76851
2046	YEL002C	0.76844
2047	YPR147C	0.76842
2048	YDR083W	0.76837
2049	YJL117W	0.76833
2050	YHR202W	0.76831
2051	YNL101W	0.76822
2052	YLL064C	0.76821
2053	YNR076W	0.76821
2054	YBR062C	0.76817
2055	YAR023C	0.76816
2056	YIL063C	0.76807
2057	YAL035W	0.76796
2058	YBL087C	0.76794
2059	YER117W	0.76794
2060	YDR164C	0.76788
2061	YOR271C	0.76787
2062	YER100W	0.76785
2063	YDR305C	0.76778
2064	YLR089C	0.76771
2065	YOR261C	0.76767
2066	YHR191C	0.76767
2067	YLR075W	0.76766
2068	YJR154W	0.76765
2069	YBR199W	0.76765
2070	YDR381W	0.7676
2071	YAL009W	0.76753
2072	YDR336W	0.76752
2073	YMR088C	0.76744
2074	YIR038C	0.76743
2075	YGR181W	0.76741
2076	YPR137W	0.76732
2077	YDR031W	0.76724
2078	YER014W	0.76715
2079	YHL033C	0.76709
2080	YBR091C	0.76705
2081	YHR189W	0.76704
2082	YJL005W	0.767
2083	YKL202W	0.767
2084	YBR017C	0.76695
2085	YGL232W	0.7669
2086	YMR139W	0.76688
2087	YGR294W	0.76684
2088	YLL034C	0.76682
2089	YIL033C	0.76676
2090	YOL130W	0.76671
2091	YGL208W	0.76669
2092	YNL192W	0.76668
2093	YKR040C	0.76663
2094	YLR446W	0.76659
2095	YJR130C	0.76657
2096	YLR345W	0.76656
2097	YNR029C	0.76651
2098	YHR041C	0.76649
2099	YBL082C	0.76649
2100	YPL002C	0.76649
2101	YOR175C	0.76644
2102	YCL011C	0.76644
2103	YJL074C	0.76643
2104	YOL077C	0.76641
2105	YML084W	0.76638
2106	YLR300W	0.76634
2107	YNL040W	0.76632
2108	YGR262C	0.76616
2109	YDL042C	0.76614
2110	YGR133W	0.76614
2111	YER170W	0.76605
2112	YCR036W	0.76605
2113	YDR362C	0.76604
2114	YML026C	0.76604
2115	YDR450W	0.76604
2116	YDR452W	0.766
2117	YKL154W	0.76598
2118	YIL015W	0.76596
2119	YPR198W	0.76596
2120	YIL068C	0.7659
2121	YNL016W	0.76586
2122	YLL048C	0.76566
2123	YLR449W	0.76559
2124	YGL241W	0.76556
2125	YLR117C	0.76554
2126	YBR301W	0.76544
2127	YNL003C	0.76544
2128	YMR063W	0.76527
2129	YNL106C	0.76523
2130	YDR165W	0.7652
2131	YMR272W-B	0.76518
2132	YFR038W	0.76507
2133	YIR039C	0.765
2134	YHL039W	0.76497
2135	YAR042W	0.76488
2136	YOR253W	0.76471
2137	YGL069C	0.76468
2138	YHR187W	0.7646
2139	YGL050W	0.76449
2140	YOR009W	0.76444
2141	YFR032C	0.76442
2142	YDL193W	0.76434
2143	YLR108C	0.76434
2144	YNL075W	0.76432
2145	YML090W	0.7643
2146	YNL247W	0.76426
2147	YGL004C	0.76421
2148	YEL029C	0.76417
2149	YJL151C	0.76411
2150	YNR012W	0.76407
2151	YJR013W	0.76404
2152	YPL087W	0.76401
2153	YPR064W	0.764
2154	YGL155W	0.7639
2155	YLR286W-A	0.76388
2156	YHR008C	0.76387
2157	YGL240W	0.76383
2158	YGL126W	0.7638
2159	YFL054C	0.76379
2160	YLR413W	0.76378
2161	YLR083C	0.76367
2162	YPL117C	0.76361
2163	YGR083C	0.76347
2164	YIL176C	0.76346
2165	YJL223C	0.76346
2166	YDL120W	0.76345
2167	YPR140W	0.76345
2168	YMR306W	0.76344
2169	YLR065C	0.76341
2170	YBR151W	0.76332
2171	YLR361C	0.76329
2172	YOR291W	0.76324
2173	YEL049W	0.76323
2174	YNL305C	0.76323
2175	YNL326C	0.76319
2176	YKR055W	0.76312
2177	YNL129W	0.76292
2178	YHR002W	0.76287
2179	YPR098C	0.76284
2180	YDL078C	0.76269
2181	YHR049W	0.76267
2182	YDR134C	0.76264
2183	YNL322C	0.76257
2184	YNL001W	0.76253
2185	YCL050C	0.7625
2186	YHR178W	0.7625
2187	YER016W	0.76246
2188	YLL027W	0.76237
2189	YDR109C	0.7623
2190	YBL098W	0.7623
2191	YLL041C	0.76222
2192	YKL084W	0.76222
2193	YFL050C	0.7622
2194	YPR190C	0.7622
2195	YGR073C	0.7622
2196	YHR072W	0.76219
2197	YKL096W	0.76217
2198	YBL018C	0.76216
2199	YHR040W	0.7621
2200	YBR237W	0.76203
2201	YML005W	0.76199
2202	YCR013C	0.76195
2203	YNL045W	0.76194
2204	YOL114C	0.7619
2205	YOR223W	0.76185
2206	YJL093C	0.7618
2207	YGL258W	0.76166
2208	YBR207W	0.7616
2209	YOL161C	0.76155
2210	YPR160W-A	0.76152
2211	YDR346C	0.76151
2212	YHR076W	0.76144
2213	YOR206W	0.76139
2214	YML065W	0.76121
2215	YBR251W	0.7612
2216	YJL082W	0.76119
2217	YGL212W	0.76117
2218	YNR052C	0.76111
2219	YLR435W	0.76109
2220	YOL098C	0.76105
2221	YOR292C	0.76095
2222	YJL178C	0.76086
2223	YER162C	0.76085
2224	YDR459C	0.7608
2225	YNL243W	0.76069
2226	YJL041W	0.76067
2227	YDL118W	0.7606
2228	YLR275W	0.76057
2229	YPL110C	0.76052
2230	YCR087C-A	0.76049
2231	YLR255C	0.76048
2232	YGL242C	0.76035
2233	YPR163C	0.76034
2234	YDR284C	0.76027
2235	YMR200W	0.76026
2236	YBR112C	0.76018
2237	YBR201W	0.76007
2238	YKL056C	0.75996
2239	YPR196W	0.75989
2240	YFR024C-A	0.75988
2241	YOR161W-B	0.75974
2242	YML074C	0.75966
2243	YJL104W	0.75956
2244	YMR317W	0.75948
2245	YMR149W	0.75947
2246	YCL059C	0.75936
2247	YJL210W	0.75935
2248	YNL022C	0.75932
2249	YBR200W	0.75927
2250	YJL186W	0.75926
2251	YGR263C	0.75924
2252	YLR086W	0.75923
2253	YHR137W	0.75912
2254	YDR338C	0.75912
2255	YGR024C	0.75905
2256	YBR227C	0.75905
2257	YBR293W	0.75903
2258	YHR003C	0.75902
2259	YMR001C	0.75897
2260	YLR426W	0.7589
2261	YFR041C	0.75889
2262	YGL040C	0.75883
2263	YFL044C	0.75883
2264	YDL037C	0.7588
2265	YER063W	0.75875
2266	YGR141W	0.75875
2267	YOR274W	0.75873
2268	YOR173W	0.75869
2269	YBR104W	0.75869
2270	YCL038C	0.75866
2271	YGL143C	0.75853
2272	YOR082C	0.75852
2273	YDL011C	0.75851
2274	YKL066W	0.75842
2275	YJR099W	0.75841
2276	YGL010W	0.75834
2277	YDL109C	0.75834
2278	YPR170W-B	0.75832
2279	YPR186C	0.75824
2280	YAL019W	0.75821
2281	YGR118W	0.7582
2282	YPR132W	0.7582
2283	YDR257C	0.75818
2284	YAR018C	0.75817
2285	YPL273W	0.75815
2286	YHR034C	0.75812
2287	YKL119C	0.75809
2288	YHR161C	0.75802
2289	YPR037C	0.75792
2290	YLR383W	0.75789
2291	YBR056W	0.75788
2292	YIL054W	0.75785
2293	YIL039W	0.75783
2294	YDR322C-A	0.75781
2295	YMR321C	0.7578
2296	YJR057W	0.7578
2297	YMR182W-A	0.75774
2298	YJR149W	0.75768
2299	YKR074W	0.75768
2300	YHR173C	0.75758
2301	YDL227C	0.75756
2302	YMR302C	0.75752
2303	YDR064W	0.7574
2304	YPR178W	0.75738
2305	YLR421C	0.75734
2306	YOR207C	0.75728
2307	YMR162C	0.75727
2308	YCL048W-A	0.75723
2309	YDR477W	0.75722
2310	YDL040C	0.75719
2311	YER187W	0.75716
2312	YGR111W	0.75713
2313	YBR094W	0.75711
2314	YER001W	0.7571
2315	YJL163C	0.75701
2316	YOR055W	0.757
2317	YFL015C	0.75688
2318	YBR125C	0.75684
2319	YKL192C	0.75679
2320	YCL042W	0.75678
2321	YNR067C	0.7567
2322	YLR284C	0.75665
2323	YGL104C	0.75665
2324	YCR084C	0.75643
2325	YGR027C	0.75643
2326	YKL031W	0.75638
2327	YDR263C	0.75636
2328	YKR084C	0.75628
2329	YIL125W	0.7562
2330	YPR200C	0.75617
2331	YOL060C	0.75611
2332	YGR047C	0.75601
2333	YCR100C	0.75586
2334	YOR176W	0.75586
2335	YKR017C	0.75583
2336	Q0120	0.75579
2337	YGR284C	0.75567
2338	YKL037W	0.75567
2339	YMR229C	0.75563
2340	YGL033W	0.75554
2341	YML121W	0.75549
2342	YIL083C	0.75549
2343	YFR048W	0.75548
2344	YHR088W	0.75543
2345	YDL202W	0.75542
2346	YNL292W	0.75527
2347	YML082W	0.75518
2348	YOR251C	0.75516
2349	YOL115W	0.75516
2350	YCR044C	0.75516
2351	YGL140C	0.75509
2352	YMR020W	0.75508
2353	YDR142C	0.75504
2354	YDR209C	0.75502
2355	YNL153C	0.755
2356	YBR146W	0.75492
2357	YJL065C	0.75484
2358	YCL045C	0.75476
2359	YOR268C	0.75475
2360	YJR133W	0.75466
2361	YFL004W	0.75462
2362	YGR086C	0.75462
2363	YNL079C	0.75461
2364	YLR122C	0.75454
2365	YPR157W	0.75453
2366	YOL008W	0.75446
2367	YDR256C	0.75444
2368	YGL184C	0.75441
2369	YDR237W	0.7544
2370	YKR081C	0.75433
2371	YHR162W	0.75432
2372	YOR200W	0.75432
2373	YMR230W-A	0.75429
2374	YHR139C	0.75427
2375	YKL098W	0.7542
2376	YCR094W	0.75417
2377	YNL049C	0.75415
2378	YBR107C	0.75413
2379	YBR175W	0.75408
2380	YAL018C	0.75406
2381	YCL041C	0.75405
2382	YPR112C	0.75402
2383	YCL001W-B	0.75402
2384	YOR382W	0.75401
2385	YBR141W-A	0.75399
2386	YAL004W	0.75393
2387	YMR228W	0.75387
2388	YIL142C-A	0.75384
2389	YML120C	0.7538
2390	YKR062W	0.75374
2391	YER042W	0.75369
2392	YLR333C	0.75364
2393	YKL073W	0.75362
2394	Q0065	0.7535
2395	YLR301W	0.75348
2396	YAL056C-A	0.75347
2397	YIL058W	0.75347
2398	YDL019C	0.7534
2399	YOL049W	0.75335
2400	YCR076C	0.75333
2401	YGR093W	0.75326
2402	YGR026W	0.75324
2403	YPL097W	0.75323
2404	YEL045C	0.7532
2405	YHR073C-B	0.75319
2406	YOR390W	0.75318
2407	YLR339C	0.75316
2408	YNR056C	0.75315
2409	YNL316C	0.75315
2410	YMR180C	0.75315
2411	YOR125C	0.75314
2412	YPL008W	0.75313
2413	YNL020C	0.75312
2414	YNL015W	0.75312
2415	YBR070C	0.75304
2416	YIL052C	0.75304
2417	YPL224C	0.75303
2418	YPR006C	0.75297
2419	YIR040C	0.75295
2420	YKL174C	0.75295
2421	YHR194W	0.75277
2422	YDL104C	0.75274
2423	YNL293W	0.75273
2424	YFL016C	0.75271
2425	YDL159C-B	0.75269
2426	YHR121W	0.75265
2427	YPR038W	0.75265
2428	YBR204C	0.75261
2429	YGR245C	0.7526
2430	YKL065C	0.75258
2431	YIL126W	0.75257
2432	YKL186C	0.75252
2433	YHR180W-A	0.75238
2434	YJR084W	0.75236
2435	YOR021C	0.75235
2436	YDR107C	0.75235
2437	YLR110C	0.75231
2438	YER049W	0.7523
2439	YMR244C-A	0.75229
2440	YHL032C	0.75227
2441	YFR035C	0.75227
2442	YPL143W	0.75226
2443	YLR325C	0.75224
2444	YPR010C	0.75221
2445	YAL046C	0.75221
2446	YER080W	0.7522
2447	YER056C-A	0.75216
2448	YMR150C	0.75211
2449	YER150W	0.75206
2450	YGR061C	0.75204
2451	YOR161W-A	0.75204
2452	YMR324C	0.75196
2453	YOR280C	0.7519
2454	YBR018C	0.75175
2455	YNL081C	0.7517
2456	YHR001W	0.75166
2457	YPR119W	0.75154
2458	YNL059C	0.75153
2459	YGR266W	0.75153
2460	YMR218C	0.75151
2461	YOR001W	0.75146
2462	Q0142	0.7514
2463	YBR223C	0.75129
2464	YMR234W	0.75128
2465	YOL056W	0.75125
2466	YPR144C	0.75124
2467	YNL256W	0.7511
2468	YOR139C	0.75109
2469	YPL179W	0.75108
2470	YLR272C	0.75105
2471	YKL189W	0.75103
2472	YOR181W	0.75099
2473	YOL052C	0.75098
2474	YGL024W	0.75094
2475	YJL077W-A	0.75093
2476	YDR510C-A	0.75093
2477	YDR471W	0.7509
2478	YLR246W	0.75088
2479	YDR114C	0.75081
2480	YIL102C	0.7508
2481	YNL088W	0.75065
2482	YNR008W	0.75059
2483	YJL097W	0.75058
2484	YGR001C	0.75055
2485	YEL008W	0.75038
2486	YDL031W	0.75036
2487	YCL049C	0.75023
2488	YOR215C	0.75019
2489	YBR116C	0.7501
2490	YPL001W	0.75007
2491	YDR193W	0.75007
2492	YLR019W	0.75005
2493	YDR306C	0.75004
2494	YOR031W	0.7499
2495	YKL103C	0.74989
2496	YLL001W	0.74986
2497	YCL054W	0.74985
2498	YDL241W	0.74981
2499	YKL086W	0.7498
2500	YOL023W	0.74977
2501	YBR110W	0.7497
2502	YIL128W	0.74968
2503	YER188W	0.74967
2504	YGR036C	0.74966
2505	YPL279C	0.74965
2506	YOR295W	0.74963
2507	YPR161C	0.74959
2508	YHR143W-A	0.74951
2509	YHR113W	0.74944
2510	YCL064C	0.74942
2511	YPR060C	0.74938
2512	YFL034W	0.74935
2513	YMR040W	0.74929
2514	YGL166W	0.74928
2515	YPL119C-A	0.74927
2516	YHR164C	0.74925
2517	YDL213C	0.7492
2518	YPL157W	0.74912
2519	YBR205W	0.7491
2520	YGR121W-A	0.74907
2521	YKR052C	0.74906
2522	YHR069C	0.74894
2523	YLR386W	0.74881
2524	YKR032W	0.74878
2525	YHR209W	0.74875
2526	YKL150W	0.74872
2527	YIL022W	0.7487
2528	YBL096C	0.7486
2529	YLR250W	0.74859
2530	YKL026C	0.74857
2531	YMR272W-A	0.74854
2532	YMR261C	0.74853
2533	YLR192C	0.7485
2534	YOR377W	0.74847
2535	YAR003W	0.74842
2536	YNL163C	0.74841
2537	YDR178W	0.74841
2538	YBR024W	0.74836
2539	YER002W	0.74831
2540	YGR255C	0.7483
2541	YKL017C	0.74829
2542	YDR358W	0.74828
2543	YGL144C	0.74828
2544	YDL068W	0.74826
2545	YKL223W	0.74826
2546	YER027C	0.74826
2547	YJR078W	0.74824
2548	YEL073C	0.74822
2549	YLR163C	0.74821
2550	YGR177C	0.74819
2551	YDR067C	0.74817
2552	YPL082C	0.74814
2553	YJL197W	0.74799
2554	YOR234C	0.74797
2555	YML025C	0.74794
2556	YDR058C	0.74793
2557	YHR010W	0.74788
2558	YJR067C	0.74776
2559	YDR512C	0.74767
2560	YMR057C	0.74764
2561	YLR399W-A	0.7476
2562	YOR272W	0.74754
2563	YER165C-A	0.74753
2564	YLR020C	0.74744
2565	YIL156W-B	0.74743
2566	YPR094W	0.7474
2567	YDR523C	0.74739
2568	YFR027W	0.74729
2569	YIL007C	0.74729
2570	YHR114W	0.74728
2571	YNR058W	0.74717
2572	YGL260W	0.74715
2573	YJR008W	0.7471
2574	YHR098C	0.74708
2575	YOL041C	0.74708
2576	YMR155W	0.74701
2577	YMR264W	0.74698
2578	YJL183W	0.74696
2579	YGR201C	0.74696
2580	YOR010C	0.74695
2581	YML115C	0.74678
2582	YEL006W	0.74676
2583	YNL238W	0.74671
2584	YLR448W	0.74671
2585	YPL133C	0.7467
2586	YJL115W	0.74661
2587	YPL215W	0.74656
2588	YHL006C	0.7465
2589	YKL007W	0.74646
2590	YPL164C	0.74645
2591	YMR049C	0.74635
2592	YKL070W	0.74634
2593	YIL153W	0.74631
2594	YPL152W	0.74627
2595	YCL023C	0.74626
2596	YKL165C	0.74624
2597	YCR097W-A	0.74622
2598	YDR248C	0.74616
2599	YOR254C	0.74613
2600	YHR204W	0.74612
2601	YOL006C	0.74607
2602	YPL140C	0.74605
2603	YPR100W	0.74602
2604	YIL059C	0.746
2605	YMR086C-A	0.74592
2606	YDR094W	0.7459
2607	YHR207C	0.74584
2608	YGR080W	0.74574
2609	YDR145W	0.74574
2610	YIL004C	0.7457
2611	YHR205W	0.74569
2612	YER076C	0.74569
2613	YPR047W	0.74569
2614	YMR277W	0.74548
2615	YDR117C	0.74543
2616	YOR091W	0.74542
2617	YOL061W	0.7454
2618	YNL063W	0.74538
2619	YDR061W	0.74535
2620	YIL047C	0.74533
2621	YCR031C	0.74531
2622	YDR173C	0.74531
2623	YOR034C-A	0.74525
2624	YLL043W	0.7451
2625	YGR078C	0.7451
2626	YGR270C-A	0.74507
2627	YEL034C-A	0.74496
2628	YGL194C	0.74494
2629	YNL190W	0.74492
2630	YLR316C	0.7449
2631	YDL171C	0.74488
2632	YJL191W	0.74487
2633	YLR287C	0.74484
2634	YLR270W	0.74481
2635	YHR062C	0.7448
2636	YEL059W	0.7448
2637	YMR131C	0.74465
2638	YLR308W	0.74461
2639	YJR071W	0.74451
2640	YLR349W	0.74448
2641	YJR118C	0.74445
2642	YLL012W	0.74442
2643	YPL249C	0.74437
2644	YOR039W	0.74432
2645	YBR174C	0.74431
2646	YDR467C	0.74428
2647	YLL011W	0.74427
2648	YMR263W	0.74419
2649	YDL143W	0.74416
2650	YGL089C	0.74412
2651	YIL067C	0.74409
2652	YBL055C	0.74399
2653	YDR337W	0.74397
2654	YDR060W	0.74396
2655	YLR003C	0.74394
2656	YLR124W	0.74384
2657	YCR024C-B	0.74382
2658	YDR444W	0.74381
2659	YER005W	0.74377
2660	YPL147W	0.74377
2661	YHR091C	0.74371
2662	YOR029W	0.74356
2663	YNL321W	0.74349
2664	YLR450W	0.74348
2665	YDR269C	0.74343
2666	YEL050C	0.74338
2667	YBL108W	0.74337
2668	YJR150C	0.74335
2669	YML051W	0.74331
2670	YIR004W	0.74321
2671	YNL248C	0.74311
2672	YCR038W-A	0.74309
2673	YPL176C	0.74302
2674	YDR395W	0.74301
2675	YCR041W	0.74291
2676	YPL198W	0.74289
2677	YNL318C	0.74283
2678	YLR026C	0.7428
2679	YML073C	0.74273
2680	YNL036W	0.74272
2681	YGL076C	0.74271
2682	YDR292C	0.74271
2683	YLR085C	0.74258
2684	YLR021W	0.74258
2685	YNL212W	0.74254
2686	YDR286C	0.74252
2687	YDL063C	0.74251
2688	YDR524C-B	0.74247
2689	YDR332W	0.74244
2690	YIL147C	0.74238
2691	YIL028W	0.74237
2692	YOR296W	0.74237
2693	YBL069W	0.74235
2694	YJR005W	0.74231
2695	YML057C-A	0.74224
2696	YIL091C	0.74219
2697	YDR364C	0.74218
2698	YFL034C-B	0.74216
2699	YLR239C	0.74207
2700	YLR144C	0.74202
2701	YDR189W	0.74188
2702	YKL071W	0.74179
2703	YNL144W-A	0.74177
2704	YDR320W-B	0.74164
2705	YPL194W	0.74158
2706	YOR118W	0.74152
2707	YGL074C	0.74148
2708	YOR150W	0.74148
2709	YDL215C	0.74139
2710	YGL259W	0.74138
2711	YIL046W	0.74129
2712	YPL079W	0.74128
2713	YDL017W	0.74128
2714	YLR215C	0.74126
2715	YOR035C	0.74126
2716	YML098W	0.74125
2717	YML066C	0.74123
2718	YBL038W	0.7412
2719	YIL030C	0.74119
2720	YNL162W-A	0.74118
2721	YDR506C	0.74116
2722	YDL008W	0.74112
2723	YOL126C	0.74112
2724	YDR349C	0.7411
2725	YDL022C-A	0.74108
2726	YDL187C	0.74093
2727	YCL048W	0.7409
2728	YNL260C	0.74089
2729	YNL107W	0.74087
2730	YOR100C	0.74084
2731	YKL019W	0.74084
2732	YGL111W	0.74081
2733	YIR032C	0.74072
2734	YMR306C-A	0.74061
2735	YER011W	0.74061
2736	YNL327W	0.74057
2737	YGL082W	0.74053
2738	YAR019W-A	0.7405
2739	YNL057W	0.74046
2740	YER059W	0.74045
2741	YOL010W	0.74044
2742	YPL024W	0.74042
2743	YPR133C	0.7404
2744	YLR380W	0.7404
2745	YGR217W	0.74039
2746	YAL048C	0.7403
2747	YIL002C	0.74029
2748	YPR066W	0.74027
2749	YMR265C	0.74025
2750	YBR084W	0.74022
2751	YDL167C	0.74008
2752	YLR306W	0.74007
2753	YLR022C	0.73999
2754	YHR151C	0.73995
2755	YIL110W	0.73995
2756	YIL041W	0.73993
2757	YHR180W	0.73988
2758	YNL137C	0.73985
2759	YIR023C-A	0.7398
2760	YHL002W	0.7398
2761	YBR226C	0.73979
2762	YJL059W	0.73976
2763	YCR079W	0.73975
2764	YBR072W	0.73974
2765	YNL161W	0.73971
2766	YBR191W	0.73971
2767	YBR176W	0.7397
2768	YOL152W	0.73966
2769	YER051W	0.73964
2770	YBR162W-A	0.73963
2771	YOR056C	0.73962
2772	YEL019C	0.73959
2773	YJR042W	0.73958
2774	YPR184W	0.73943
2775	YOL121C	0.73929
2776	YPR189W	0.73925
2777	YHL008C	0.73924
2778	YJR088C	0.73923
2779	YDL111C	0.73921
2780	YOL113W	0.73921
2781	YOL018C	0.73919
2782	YCR067C	0.73918
2783	YKL222C	0.73913
2784	YBR229C	0.73912
2785	YLL006W	0.73905
2786	YHR028W-A	0.73903
2787	YKL096W-A	0.73899
2788	YGR103W	0.73895
2789	YKL041W	0.73891
2790	YML030W	0.73889
2791	YER082C	0.73889
2792	YGR143W	0.73888
2793	YMR310C	0.73883
2794	YOR212W	0.73875
2795	YBR167C	0.73872
2796	YBR042C	0.73869
2797	YIL106W	0.73858
2798	YGR162W	0.73852
2799	YOR258W	0.73851
2800	YAR028W	0.73851
2801	YDL200C	0.73844
2802	YEL053W-A	0.73842
2803	YOR345C	0.73839
2804	YCR006C	0.73837
2805	YDR097C	0.73835
2806	YGL165C	0.7383
2807	YFL051C	0.73828
2808	YPL222W	0.73828
2809	YNL302C	0.73827
2810	YOR059C	0.73827
2811	YGL053W	0.73822
2812	YDL177C	0.73822
2813	YBR067C	0.7382
2814	YJL168C	0.73818
2815	YNL067W-B	0.73818
2816	YNL336W	0.73816
2817	YMR128W	0.73812
2818	YGL088W	0.73811
2819	YMR104C	0.73808
2820	YGL246C	0.73807
2821	YNL043C	0.73789
2822	YJR113C	0.73771
2823	YIL175W	0.73768
2824	YJL222W-B	0.73768
2825	YAR053W	0.73766
2826	YLR047C	0.73764
2827	YKL194C	0.73757
2828	YDL096C	0.73756
2829	YPL103C	0.73754
2830	YJL009W	0.73753
2831	YMR316C-B	0.7375
2832	YLR335W	0.7375
2833	YLR414C	0.73748
2834	YKL215C	0.73747
2835	YOR201C	0.73745
2836	YDR387C	0.7374
2837	YDR154C	0.7374
2838	YBL058W	0.73739
2839	YDL101C	0.73737
2840	YHR052W	0.73737
2841	YNL169C	0.73727
2842	YGL141W	0.73719
2843	YLL059C	0.73718
2844	YHR066W	0.73716
2845	YFR022W	0.73708
2846	YIL021C-A	0.73707
2847	YLR157W-E	0.73706
2848	YPR087W	0.737
2849	YOL042W	0.737
2850	YKL040C	0.73682
2851	YPL100W	0.73679
2852	YHR032C-A	0.73678
2853	YGR054W	0.73678
2854	YJL052C-A	0.73673
2855	YGR295C	0.73672
2856	YIL171W	0.73666
2857	YML132W	0.73665
2858	YBR302C	0.73665
2859	YBR109W-A	0.73664
2860	YDR325W	0.73662
2861	YGR107W	0.73661
2862	YNR033W	0.73655
2863	YBR190W	0.73647
2864	YNL025C	0.73645
2865	YOL046C	0.73644
2866	YBR221W-A	0.73642
2867	YGL243W	0.7364
2868	YGL251C	0.73634
2869	YJR075W	0.73631
2870	YPR092W	0.7363
2871	YGL049C	0.73628
2872	YDR504C	0.73626
2873	YDR391C	0.73626
2874	YFL009W	0.73626
2875	YFL047W	0.73618
2876	YGL027C	0.73616
2877	YLR419W	0.73614
2878	YPR191W	0.73613
2879	YDR537C	0.73613
2880	YLR140W	0.73612
2881	YOR318C	0.7361
2882	YOR052C	0.7361
2883	YER141W	0.73609
2884	YDR182W	0.73608
2885	YFR020W	0.73604
2886	YKL156C-A	0.736
2887	YDR531W	0.73589
2888	YOL145C	0.73586
2889	YNL168C	0.73584
2890	YMR189W	0.73583
2891	YAL001C	0.73581
2892	YNL328C	0.73578
2893	YOL072W	0.7357
2894	YLL062C	0.73569
2895	YCR007C	0.73567
2896	YOR102W	0.73565
2897	YIL034C	0.73562
2898	YMR245W	0.73561
2899	YGL181W	0.73559
2900	YKR003W	0.73559
2901	YIL113W	0.73557
2902	YGR193C	0.73552
2903	YKL018W	0.73548
2904	YGL248W	0.73543
2905	YNL048W	0.73543
2906	YGL112C	0.7354
2907	YJL010C	0.73539
2908	YGL187C	0.73531
2909	YLR292C	0.73531
2910	YJL062W	0.73531
2911	YDR435C	0.73525
2912	YFR033C	0.73524
2913	YLR443W	0.73522
2914	YOL150C	0.73518
2915	YJR055W	0.73513
2916	YHR214C-D	0.73511
2917	YAR069C	0.73511
2918	YJL136W-A	0.7351
2919	YEL012W	0.73505
2920	YJL036W	0.735
2921	YGR146C-A	0.73499
2922	YGL164C	0.73488
2923	YPR168W	0.73478
2924	YHR213W-B	0.73472
2925	YOR213C	0.73471
2926	YIR043C	0.7347
2927	YIL167W	0.73467
2928	YAR075W	0.73462
2929	YNL155W	0.73461
2930	YCR081C-A	0.7346
2931	YJL085W	0.73458
2932	YJL220W	0.73454
2933	YIL171W-A	0.73454
2934	YLR205C	0.73453
2935	YPL104W	0.73449
2936	YBL039C-A	0.73447
2937	YNL147W	0.73437
2938	YLR007W	0.73434
2939	YLR318W	0.73426
2940	YLR379W-A	0.73419
2941	YIR023W	0.73416
2942	YHL001W	0.73413
2943	YDL033C	0.73412
2944	YDL010W	0.73412
2945	YGL173C	0.73411
2946	YJL027C	0.73411
2947	YJL042W	0.73408
2948	YKL087C	0.73401
2949	YNL203C	0.73393
2950	YBR274W	0.73391
2951	YNL306W	0.73391
2952	YGR117C	0.73391
2953	YOR018W	0.73389
2954	YPL173W	0.73377
2955	YHL004W	0.73373
2956	YPL053C	0.7337
2957	YGL003C	0.73367
2958	YDR194C	0.73357
2959	YMR177W	0.73326
2960	YGL235W	0.73322
2961	YLR145W	0.73315
2962	YJR018W	0.73308
2963	YMR105W-A	0.73305
2964	YGR194C	0.73298
2965	YOR154W	0.73298
2966	YPR129W	0.73298
2967	YNL103W-A	0.73286
2968	YGL080W	0.73285
2969	YPL030W	0.73282
2970	YAL016C-A	0.73282
2971	YOR167C	0.73277
2972	YAL058W	0.7327
2973	YHR140W	0.7327
2974	YPR114W	0.73254
2975	YDR419W	0.73246
2976	YGL161C	0.73244
2977	YGR261C	0.73237
2978	YIL157C	0.73236
2979	YDR282C	0.73235
2980	YJL006C	0.73234
2981	YDR432W	0.73234
2982	YKL167C	0.73233
2983	YOR389W	0.73231
2984	YNL102W	0.73229
2985	YER119C-A	0.73229
2986	YDR436W	0.73225
2987	YPR124W	0.73222
2988	YGL065C	0.73221
2989	YLR226W	0.73219
2990	YLR133W	0.73215
2991	YDR434W	0.73212
2992	YBR200W-A	0.7321
2993	YKL209C	0.73198
2994	YOR090C	0.73198
2995	YDR417C	0.73193
2996	YPL060W	0.73193
2997	YPL142C	0.73193
2998	YPL116W	0.73189
2999	YNL206C	0.73183
3000	YLR357W	0.73181
3001	YOR383C	0.73178
3002	YLR088W	0.73177
3003	YNL173C	0.73175
3004	YHL012W	0.73174
3005	YDL034W	0.73174
3006	YDR268W	0.73173
3007	YGL179C	0.7317
3008	YGR088W	0.73166
3009	YCR030C	0.73162
3010	YER157W	0.73161
3011	YAL037C-B	0.73151
3012	YPL007C	0.73151
3013	YKR086W	0.73147
3014	YGL213C	0.73147
3015	YLR143W	0.73147
3016	YPL196W	0.73145
3017	YDR274C	0.73145
3018	YPL251W	0.73138
3019	YPL210C	0.7313
3020	YGR283C	0.73124
3021	YJR035W	0.73124
3022	YMR166C	0.73118
3023	YKL100C	0.73118
3024	YNL028W	0.73117
3025	YBL061C	0.73099
3026	YLR264W	0.73098
3027	YMR290W-A	0.7309
3028	YHR071C-A	0.73081
3029	YER163C	0.73075
3030	YPL217C	0.73075
3031	YKR069W	0.73074
3032	YBR280C	0.73068
3033	YML063W	0.73068
3034	YGL045W	0.7306
3035	YJR151W-A	0.73055
3036	YGL084C	0.73048
3037	YDL041W	0.73048
3038	YOR340C	0.73046
3039	YHL031C	0.73023
3040	YBR134W	0.73017
3041	YGR145W	0.73014
3042	YCL047C	0.73012
3043	YDL248W	0.73007
3044	YLR441C	0.73003
3045	YOR057W	0.73001
3046	YFL003C	0.72998
3047	YNL317W	0.72992
3048	YML127W	0.72988
3049	YOR054C	0.72987
3050	YJR010W	0.72981
3051	YDR187C	0.72979
3052	YNR036C	0.72977
3053	YGL064C	0.72968
3054	YKL187C	0.72968
3055	YHR115C	0.72965
3056	YKL102C	0.72958
3057	YLR452C	0.72954
3058	YDR293C	0.72948
3059	YBR009C	0.72943
3060	YOR219C	0.72941
3061	YNL324W	0.7294
3062	YER147C-A	0.72935
3063	YPR170C	0.72935
3064	YBR288C	0.72929
3065	YLR105C	0.72919
3066	YOL166W-A	0.72916
3067	YMR173W-A	0.72914
3068	YGR005C	0.7291
3069	YCR085W	0.72905
3070	YJR161C	0.72899
3071	YDL233W	0.72899
3072	YOR130C	0.72898
3073	YJL064W	0.72897
3074	YJL152W	0.72895
3075	YIL073C	0.72893
3076	YAL045C	0.72892
3077	YFL021C-A	0.72892
3078	YGL250W	0.72887
3079	YFL040W	0.72884
3080	YDL226C	0.72882
3081	YJL192C	0.72878
3082	YPR017C	0.72876
3083	YIR015W	0.72875
3084	YKL006W	0.72867
3085	YOR275C	0.72867
3086	YIL076W	0.72865
3087	YEL033W	0.72865
3088	YNR069C	0.72859
3089	YBR055C	0.72857
3090	YPL222C-A	0.72851
3091	YNL263C	0.72848
3092	YGL032C	0.72847
3093	YDR498C	0.72847
3094	YLR430W	0.72845
3095	YMR161W	0.72836
3096	YML100W-A	0.72831
3097	YJL142C	0.72817
3098	Q0055	0.72816
3099	YMR013W-A	0.72809
3100	YAL015C	0.72806
3101	YNL282W	0.72804
3102	YAR064W	0.72801
3103	YDL154W	0.72796
3104	YJL011C	0.72795
3105	YCR046C	0.72779
3106	YEL044W	0.7276
3107	YJR034W	0.72758
3108	YPR059C	0.72755
3109	YKR025W	0.72754
3110	YER061C	0.72752
3111	YGR136W	0.72746
3112	YHR086W	0.72745
3113	YBR223W-A	0.7274
3114	YER101C	0.72739
3115	YCR050C	0.72738
3116	YKR048C	0.72735
3117	YGR182C	0.72731
3118	YIL011W	0.7273
3119	YDR265W	0.72728
3120	YOR302W	0.72726
3121	YEL035C	0.72726
3122	YEL055C	0.72714
3123	YDR421W	0.72712
3124	YJR052W	0.72708
3125	YKR103W	0.72708
3126	YHR182C-A	0.72703
3127	YDR488C	0.72701
3128	YER182W	0.72699
3129	YLR274W	0.72696
3130	YGR169C	0.72696
3131	YDR476C	0.72689
3132	YHR166C	0.72686
3133	YML019W	0.72677
3134	YMR254C	0.72672
3135	YLR317W	0.72669
3136	YJL119C	0.72662
3137	YML081C-A	0.72662
3138	YDR312W	0.7266
3139	YBL100C	0.72649
3140	YER116C	0.72647
3141	YOR005C	0.72642
3142	YIL100W	0.72637
3143	YER048C	0.72635
3144	YOR132W	0.72633
3145	YDR493W	0.72631
3146	YGL185C	0.72628
3147	YKL170W	0.72628
3148	YGR204C-A	0.72621
3149	YHR095W	0.7262
3150	YPL225W	0.7262
3151	YOL043C	0.72617
3152	YGR257C	0.7261
3153	YDR479C	0.72609
3154	YML118W	0.72607
3155	YER029C	0.72606
3156	YDL221W	0.72598
3157	YOL155W-A	0.72587
3158	YJL139C	0.72587
3159	YJR128W	0.72586
3160	YJR079W	0.72582
3161	YNL299W	0.72581
3162	YHR131W-A	0.72581
3163	YGL072C	0.7258
3164	YPL096W	0.72578
3165	YPL209C	0.72574
3166	YHL005C	0.72572
3167	YOL111C	0.72565
3168	YNL239W	0.72561
3169	YBR061C	0.72552
3170	YDR330W	0.72551
3171	YNL252C	0.72549
3172	YOR233W	0.72539
3173	YBR121C-A	0.72539
3174	YPL195W	0.72539
3175	YBR147W	0.72536
3176	YDL195W	0.72531
3177	YOL047C	0.72531
3178	YDR427W	0.7253
3179	YHR016C	0.72529
3180	YDL026W	0.72522
3181	YDL240W	0.7252
3182	YLR050C	0.72517
3183	YDR366C	0.7251
3184	YBL067C	0.72501
3185	YOL050C	0.72498
3186	YOR231W	0.72492
3187	YOR290C	0.72491
3188	YIR013C	0.72487
3189	YMR012W	0.72486
3190	YFR007W	0.72479
3191	YHR199C	0.72478
3192	YKR060W	0.72478
3193	YBL101C	0.72476
3194	YNL219C	0.72473
3195	YLR159W	0.72472
3196	YLR156W	0.72472
3197	YLR161W	0.72472
3198	YMR242W-A	0.72471
3199	YDL159W	0.7247
3200	YGR236C	0.72469
3201	YGR268C	0.72466
3202	YJL031C	0.72462
3203	YNL149C	0.72455
3204	YAR035C-A	0.72454
3205	YCL005W-A	0.7245
3206	YLR107W	0.72447
3207	YLR041W	0.72447
3208	YJR031C	0.72446
3209	YBL019W	0.72445
3210	YDR503C	0.72443
3211	YKL132C	0.72439
3212	YOR203W	0.72435
3213	YJL053W	0.72428
3214	YBR271W	0.72424
3215	YAL051W	0.72421
3216	YHR196W	0.7242
3217	YMR119W-A	0.72403
3218	YJR006W	0.72389
3219	YCR073C	0.72384
3220	YCR092C	0.72384
3221	YMR309C	0.72383
3222	YIL082W-A	0.7238
3223	YGR241C	0.72365
3224	YJL120W	0.72362
3225	YPR023C	0.72351
3226	YIL107C	0.7235
3227	YML122C	0.72346
3228	YPL125W	0.72341
3229	YNR030W	0.72341
3230	YPR195C	0.72339
3231	YNL004W	0.72334
3232	YPL172C	0.72328
3233	YBR185C	0.7232
3234	YMR201C	0.72318
3235	YML031C-A	0.72312
3236	YDL060W	0.72308
3237	YJL195C	0.72306
3238	YOR111W	0.72306
3239	YGL083W	0.72297
3240	YKR049C	0.7229
3241	YJL197C-A	0.72283
3242	YDR308C	0.72281
3243	YBL037W	0.7228
3244	YIL069C	0.72278
3245	YER074W	0.72278
3246	YFR052C-A	0.72278
3247	YOR330C	0.72277
3248	YOR277C	0.72275
3249	YNL069C	0.72269
3250	YMR078C	0.7226
3251	YEL020C-B	0.72254
3252	YJR061W	0.72254
3253	YBR213W	0.72248
3254	YPL138C	0.72244
3255	YOR077W	0.72242
3256	YFL031W	0.72239
3257	YDR162C	0.72239
3258	YOR353C	0.72235
3259	YPL277C	0.72232
3260	YOR314W-A	0.72232
3261	YCR042C	0.72227
3262	YDR372C	0.72226
3263	YHL048W	0.72223
3264	YBL070C	0.72222
3265	YIR021W	0.72222
3266	YOL141W	0.72222
3267	YOL057W	0.72221
3268	YHR171W	0.72218
3269	YMR312W	0.72217
3270	YMR033W	0.72212
3271	YOR141C	0.72205
3272	YNL130C-A	0.72201
3273	YBL013W	0.722
3274	YMR316C-A	0.72193
3275	YLL037W	0.72191
3276	YIR030W-A	0.72188
3277	YKL097C	0.72173
3278	YNL116W	0.72172
3279	YLR164W	0.72171
3280	YDR301W	0.7217
3281	YGR154C	0.72162
3282	YDR428C	0.72162
3283	YML097C	0.72158
3284	YLR114C	0.72154
3285	YDR205W	0.72148
3286	YMR286W	0.72143
3287	YDL075W	0.72142
3288	YOR363C	0.7214
3289	YER014C-A	0.7214
3290	YNL114C	0.72138
3291	YGL236C	0.72135
3292	YPR053C	0.72129
3293	YHL034W-A	0.72123
3294	YJL133W	0.72119
3295	YFL046W	0.72119
3296	YDL114W-A	0.72113
3297	YOR252W	0.7211
3298	YLR002C	0.72108
3299	YNL083W	0.721
3300	YAL042C-A	0.72099
3301	YKL076C	0.72099
3302	YIL050W	0.72098
3303	YPL019C	0.72094
3304	YMR242C	0.72089
3305	YOR312C	0.72089
3306	YHR085W	0.72089
3307	YCR064C	0.72088
3308	YDL045W-A	0.72086
3309	YML094C-A	0.72084
3310	YPR104C	0.72082
3311	YHR180C-B	0.7208
3312	YOR050C	0.7208
3313	YLL006W-A	0.72079
3314	YLR266C	0.72078
3315	YAR031W	0.72077
3316	YFR034W-A	0.72075
3317	YIL111W	0.72069
3318	YJR004C	0.72063
3319	YOR022C	0.72063
3320	YLR064W	0.72062
3321	YBR027C	0.72053
3322	YPR123C	0.7205
3323	YJL063C	0.72044
3324	YFL062W	0.72043
3325	YNR075W	0.72037
3326	YER098W	0.72035
3327	YJL091C	0.72034
3328	YMR031W-A	0.72031
3329	YCR096C	0.72023
3330	YDR393W	0.72019
3331	YDR334W	0.72018
3332	YDR430C	0.72017
3333	YDR517W	0.72017
3334	YNL291C	0.72009
3335	YOR183W	0.72009
3336	YJL067W	0.72008
3337	YGR058W	0.72004
3338	YLR406C	0.72002
3339	YPL029W	0.72
3340	YKR073C	0.71989
3341	YLR279W	0.71985
3342	YML105C	0.71983
3343	YDR036C	0.71981
3344	YBR273C	0.71981
3345	YDR464C-A	0.71978
3346	YMR076C	0.71976
3347	YMR223W	0.71975
3348	YHR116W	0.71974
3349	YNL119W	0.71974
3350	YDL161W	0.71973
3351	YPL045W	0.71972
3352	YMR114C	0.7197
3353	YLR311C	0.71969
3354	YGL094C	0.71969
3355	YLR455W	0.71969
3356	YDR220C	0.71969
3357	YPL063W	0.71963
3358	YGL051W	0.71962
3359	YLR115W	0.71961
3360	YJR142W	0.71961
3361	YDR355C	0.71956
3362	YPR125W	0.71954
3363	YDR302W	0.71952
3364	YOR160W	0.71952
3365	YGR157W	0.71951
3366	YDR183W	0.71949
3367	YML031W	0.71948
3368	YDR390C	0.71937
3369	YOR216C	0.7192
3370	YNR038W	0.71919
3371	YLR319C	0.71914
3372	YCR088W	0.71912
3373	YPR108W-A	0.71908
3374	YKR035W-A	0.71903
3375	YGL195W	0.71902
3376	YMR175W-A	0.71898
3377	YJR039W	0.71896
3378	YNL184C	0.71896
3379	YPL072W	0.71895
3380	YOR278W	0.71892
3381	YAL067W-A	0.7189
3382	YPL270W	0.71887
3383	YKL006C-A	0.71887
3384	YOR376W-A	0.71882
3385	YDL066W	0.71878
3386	YLL054C	0.71869
3387	YHR124W	0.71867
3388	YOR218C	0.71867
3389	YIR006C	0.71859
3390	YGL109W	0.71857
3391	YJL175W	0.71856
3392	YLR296W	0.71855
3393	YNL178W	0.71851
3394	YLR025W	0.71848
3395	YDL165W	0.7184
3396	YDL015C	0.71838
3397	YGL118C	0.71836
3398	YAR033W	0.71818
3399	YGL018C	0.71815
3400	YDL207W	0.71815
3401	YKR047W	0.71807
3402	YOL135C	0.71801
3403	YHR206W	0.71799
3404	YGL183C	0.71792
3405	YGL258W-A	0.7179
3406	YGL034C	0.7179
3407	YBL047C	0.71785
3408	YDR230W	0.7178
3409	YGR069W	0.71772
3410	YGR139W	0.7177
3411	YOR072W	0.71763
3412	YOL123W	0.71761
3413	YLR194C	0.71756
3414	YNL094W	0.71752
3415	YJR123W	0.71747
3416	YCL002C	0.71744
3417	YOL052C-A	0.71741
3418	YKL179C	0.7174
3419	YML042W	0.71739
3420	YNL062C	0.71736
3421	YCR024C-A	0.71735
3422	YGR176W	0.71734
3423	YMR035W	0.71726
3424	YER123W	0.71724
3425	YMR097C	0.71723
3426	YDR250C	0.71716
3427	YOR325W	0.71715
3428	YHL045W	0.71713
3429	YGR109W-B	0.71708
3430	YOR244W	0.71705
3431	YIL046W-A	0.71697
3432	YIL133C	0.71691
3433	YDR461W	0.7169
3434	YPL025C	0.71683
3435	YDL021W	0.71682
3436	YPL101W	0.71679
3437	YLR093C	0.71676
3438	YNL284C	0.71675
3439	YCL037C	0.71674
3440	YOR008C-A	0.71672
3441	YCR047W-A	0.71671
3442	YML096W	0.71669
3443	YHR120W	0.71667
3444	YER088C-A	0.71662
3445	YBR281C	0.71659
3446	YIL023C	0.71652
3447	YDL198C	0.71648
3448	YPR135W	0.71643
3449	YLR009W	0.71635
3450	YKR058W	0.71629
3451	YDR004W	0.71625
3452	YDR386W	0.71624
3453	YBR030W	0.71614
3454	YDL163W	0.71609
3455	YGL218W	0.71594
3456	YJL126W	0.71593
3457	YGR216C	0.71585
3458	YMR102C	0.71578
3459	YLR427W	0.71577
3460	YLR379W	0.71575
3461	YBR048W	0.71569
3462	YDR025W	0.71569
3463	YOR134W	0.71561
3464	YBR076C-A	0.71558
3465	YHR192W	0.71556
3466	YDR204W	0.71556
3467	YIR018C-A	0.71555
3468	YGR074W	0.71553
3469	YDR044W	0.71547
3470	YPL145C	0.71541
3471	YEL048C	0.71539
3472	YGR128C	0.71535
3473	YLR077W	0.71533
3474	YGR034W	0.71525
3475	YOR331C	0.71524
3476	YPL132W	0.71523
3477	YPL190C	0.71523
3478	YER037W	0.71523
3479	YBR074W	0.71522
3480	YPR077C	0.71521
3481	YGL041C-B	0.71518
3482	YNR018W	0.71517
3483	YNL092W	0.71512
3484	YDR442W	0.71512
3485	YOL001W	0.71511
3486	YNL131W	0.71506
3487	YNL017C	0.71506
3488	YPL152W-A	0.71505
3489	YGR064W	0.71499
3490	YGR022C	0.7149
3491	YLR344W	0.71489
3492	YLR390W-A	0.71484
3493	YNL251C	0.7148
3494	YOL027C	0.71479
3495	YMR125W	0.71478
3496	YLR016C	0.71472
3497	Q0060	0.71466
3498	YGR009C	0.71465
3499	YBR090C	0.71449
3500	YBR191W-A	0.71448
3501	YIR036W-A	0.7144
3502	YPL135C-A	0.71435
3503	YMR247W-A	0.7143
3504	YDL196W	0.71426
3505	YHR009C	0.71424
3506	YDL157C	0.71423
3507	YHL049C	0.71423
3508	YLR281C	0.71416
3509	YER107W-A	0.71416
3510	YMR110C	0.71413
3511	YKL077W	0.71411
3512	YDR233C	0.71405
3513	YMR127C	0.71405
3514	YHR090C	0.71404
3515	YBR144C	0.714
3516	YNL052W	0.71393
3517	YCL057C-A	0.71392
3518	YNR021W	0.71387
3519	YLR123C	0.71384
3520	YPL009C	0.71384
3521	YFL036W	0.7138
3522	YBL045C	0.71375
3523	YOL128C	0.71375
3524	YDL086C-A	0.71372
3525	YML100W	0.71363
3526	YDL058W	0.7136
3527	YOR179C	0.71355
3528	YIL151C	0.71355
3529	YJL154C	0.71353
3530	YMR259C	0.7134
3531	YOR051C	0.7134
3532	YBR010W	0.71336
3533	YKR064W	0.71333
3534	YNL146C-A	0.71332
3535	YNL182C	0.71331
3536	YGL178W	0.71325
3537	YHR052W-A	0.71324
3538	YHR054W-A	0.71324
3539	YNL110C	0.71324
3540	YHL013C	0.71315
3541	YHL030W-A	0.71313
3542	YOR294W	0.7131
3543	YDL150W	0.713
3544	YGL019W	0.713
3545	YPR130C	0.71292
3546	YBR086C	0.71291
3547	YLR080W	0.71291
3548	YER151C	0.71285
3549	YIL047C-A	0.71278
3550	YKL036C	0.71277
3551	YNL286W	0.71277
3552	YHR133C	0.71276
3553	YOL014W	0.7127
3554	YIL140W	0.71267
3555	YKL095W	0.71263
3556	YPL162C	0.7126
3557	YOR135C	0.71256
3558	YDR370C	0.71254
3559	YEL053C	0.71253
3560	YAL033W	0.71252
3561	YJR046W	0.71252
3562	YKL147C	0.71249
3563	YPL109C	0.71248
3564	YFR002W	0.71248
3565	YBR064W	0.71246
3566	YOR045W	0.71245
3567	YCL065W	0.71231
3568	YHR087W	0.71229
3569	YOR138C	0.71228
3570	YGL149W	0.71217
3571	YOL019W-A	0.71217
3572	YGR190C	0.71215
3573	YNL216W	0.71214
3574	YLR302C	0.71213
3575	YKR087C	0.71213
3576	YGR186W	0.71213
3577	YKL219W	0.7121
3578	YCR071C	0.71207
3579	YDL160C-A	0.71206
3580	YNL124W	0.71201
3581	YDR289C	0.71199
3582	YCL046W	0.71195
3583	YNL298W	0.71195
3584	YFR016C	0.71195
3585	YNL269W	0.71195
3586	YGL169W	0.71193
3587	YPL003W	0.71186
3588	YIR020C	0.71182
3589	YBL062W	0.71174
3590	YBR085C-A	0.71173
3591	YIL012W	0.71169
3592	YOR171C	0.71162
3593	YKR071C	0.71162
3594	YNL177C	0.71161
3595	YJL129C	0.71152
3596	YKL178C	0.7115
3597	YLR101C	0.71146
3598	YHL015W-A	0.71146
3599	YPR093C	0.71146
3600	YCR086W	0.71145
3601	YPL080C	0.71144
3602	YPL022W	0.7114
3603	YDL156W	0.71139
3604	YOR301W	0.71132
3605	YKL090W	0.71132
3606	YIL085C	0.71131
3607	YDR344C	0.71129
3608	YCR090C	0.71129
3609	YCL032W	0.71128
3610	YPR016W-A	0.71125
3611	YPR162C	0.71125
3612	YDR491C	0.71124
3613	YLR090W	0.71124
3614	YER030W	0.71116
3615	YGL129C	0.71115
3616	YDL232W	0.71108
3617	YDL024C	0.71104
3618	YBR026C	0.71103
3619	YHR075C	0.711
3620	YDL119C	0.71099
3621	YGR226C	0.71095
3622	YHL014C	0.71089
3623	YOL116W	0.71083
3624	YCR026C	0.71071
3625	YDR174W	0.71071
3626	YJL096W	0.7107
3627	YGL231C	0.71064
3628	YDR288W	0.71057
3629	YIL134W	0.71047
3630	YFL025C	0.71045
3631	YJL193W	0.71044
3632	YJR135W-A	0.71043
3633	YHR011W	0.71035
3634	YDL025W-A	0.71034
3635	YJR100C	0.71026
3636	YPL205C	0.71023
3637	YHL007C	0.71019
3638	YGR066C	0.71019
3639	YLR157C-C	0.71011
3640	YLR156C-A	0.71011
3641	YLR159C-A	0.71011
3642	YLR154C-H	0.71011
3643	YLL019W-A	0.71011
3644	YDL231C	0.71011
3645	YPR014C	0.71008
3646	YGL153W	0.70992
3647	YPL084W	0.7099
3648	YPL081W	0.70987
3649	YDL059C	0.70984
3650	YJL043W	0.70983
3651	YKL201C	0.70981
3652	YJL003W	0.70978
3653	YGL191W	0.70971
3654	YOR299W	0.7097
3655	YJL102W	0.70967
3656	YKL198C	0.70967
3657	YDR278C	0.70962
3658	YBR189W	0.70954
3659	YPL062W	0.70953
3660	YDL009C	0.70934
3661	YDR160W	0.70933
3662	YEL030C-A	0.70932
3663	YJL072C	0.7093
3664	YMR004W	0.70925
3665	YHR214C-E	0.70925
3666	YNL217W	0.70925
3667	YEL017C-A	0.70922
3668	YNL089C	0.7092
3669	YLR322W	0.70909
3670	YHR086W-A	0.70907
3671	YKL010C	0.70905
3672	YKL169C	0.709
3673	YNR040W	0.70898
3674	YLR362W	0.70897
3675	YER078C	0.70892
3676	YOR025W	0.70892
3677	YHR022C-A	0.70888
3678	YHL019W-A	0.70885
3679	YMR289W	0.7088
3680	YDR171W	0.70875
3681	YNL258C	0.70873
3682	YFR031C-A	0.70869
3683	YIL018W	0.70869
3684	YOL149W	0.70865
3685	YJR098C	0.70854
3686	YBL065W	0.70853
3687	YHR134W	0.70845
3688	YDR132C	0.70843
3689	YFL013W-A	0.70843
3690	YMR269W	0.70838
3691	YML089C	0.70831
3692	YIL161W	0.70831
3693	YFR056C	0.70825
3694	YGL063C-A	0.70816
3695	YJR033C	0.70814
3696	YMR193W	0.70809
3697	YJL127W-A	0.70807
3698	YDL054C	0.70806
3699	YDR175C	0.70802
3700	YIR007W	0.708
3701	YKL131W	0.70796
3702	YOL076W	0.70792
3703	YEL050W-A	0.70792
3704	YOL083C-A	0.70786
3705	YLR116W	0.70783
3706	YEL076C	0.7078
3707	YDR157W	0.70776
3708	YGL067W	0.70774
3709	YOR073W-A	0.70771
3710	YCL058C	0.70771
3711	YHR150W	0.70771
3712	YHR080C	0.70765
3713	YDL122W	0.70763
3714	YDR244W	0.70756
3715	YGR068W-A	0.7075
3716	YHR118C	0.70747
3717	YNL180C	0.70745
3718	YDR311W	0.70742
3719	YJR076C	0.70741
3720	YLR393W	0.7074
3721	YDR106W	0.70736
3722	YAL034W-A	0.70735
3723	YPR091C	0.70731
3724	YER058W	0.70731
3725	YNL320W	0.70723
3726	YOR008C	0.70718
3727	YKL064W	0.70711
3728	R0020C	0.70711
3729	YER105C	0.7071
3730	YBR141C	0.70708
3731	YDR363W-A	0.70708
3732	YGR183C	0.70698
3733	YPR063C	0.70677
3734	YOR002W	0.70673
3735	YML011C	0.70673
3736	YGL016W	0.70672
3737	YAL047W-A	0.7066
3738	YOR199W	0.70658
3739	YKL044W	0.70653
3740	YOR038C	0.70651
3741	YLR368W	0.70651
3742	YEL076C-A	0.70645
3743	YLR464W	0.70645
3744	YJL047C	0.7064
3745	YKL172W	0.70638
3746	YLR154C	0.70634
3747	YIL017C	0.70633
3748	YOL099C	0.70632
3749	YHR126C	0.7063
3750	YBL006W-A	0.70625
3751	YGR050C	0.70625
3752	YLR371W	0.70625
3753	YBL104C	0.70623
3754	YIL070C	0.70612
3755	YGL199C	0.70609
3756	YMR251W-A	0.70603
3757	YBR012C	0.70603
3758	YKL139W	0.70602
3759	YJR022W	0.70602
3760	YNL032W	0.70601
3761	YJR038C	0.70598
3762	YPL247C	0.70595
3763	YDR122W	0.70592
3764	YJL203W	0.70586
3765	YFR010W-A	0.70586
3766	YLL020C	0.70578
3767	YHL002C-A	0.70569
3768	YNL242W	0.70569
3769	YPL098C	0.70569
3770	YKL125W	0.70568
3771	YGR102C	0.70556
3772	YDR403W	0.70552
3773	YNL218W	0.70546
3774	YDR053W	0.70544
3775	YMR227C	0.70534
3776	YKL058W	0.70532
3777	YHR021W-A	0.70523
3778	YOL097W-A	0.70517
3779	YAL026C-A	0.7051
3780	YEL018C-A	0.7051
3781	YAR070C	0.70508
3782	YHR213W-A	0.70503
3783	YMR055C	0.70499
3784	YMR024W	0.70484
3785	YGR045C	0.70483
3786	YMR216C	0.70482
3787	YPL114W	0.70479
3788	YLR269C	0.70477
3789	YGL123C-A	0.7047
3790	YIL095W	0.70469
3791	YPR105C	0.70468
3792	YLR162W	0.70464
3793	YHR045W	0.70462
3794	YOR068C	0.7046
3795	YGR269W	0.7046
3796	YML048W	0.7046
3797	YJR051W	0.70451
3798	YGL031C	0.70449
3799	YLR240W	0.70447
3800	YOR379C	0.70445
3801	YGR003W	0.70438
3802	YKR075W-A	0.70429
3803	YBR178W	0.70423
3804	YDR365C	0.70421
3805	YLR225C	0.7042
3806	YPL185W	0.70417
3807	YPL182C	0.70411
3808	YMR213W	0.70408
3809	YER021W	0.70407
3810	YGL263W	0.70406
3811	YPL112C	0.70406
3812	YER180C-A	0.70405
3813	YKL142W	0.70402
3814	YLR402W	0.70395
3815	YFL015W-A	0.70392
3816	YIL130W	0.70392
3817	YIL115C	0.70389
3818	YML007C-A	0.70387
3819	YJR044C	0.70387
3820	YKL153W	0.70384
3821	YGL257C	0.7038
3822	YNL236W	0.70379
3823	YMR231W	0.70379
3824	YML060W	0.70378
3825	YBL083C	0.70366
3826	YOR072W-A	0.70365
3827	YBR036C	0.70364
3828	YER068C-A	0.70364
3829	YLR305C	0.70363
3830	YOL166C	0.70362
3831	YHL019C	0.70362
3832	YER078W-A	0.70362
3833	YDR242W	0.70358
3834	YBR060C	0.70358
3835	YOL127W	0.70352
3836	YJL015C	0.7035
3837	YIL029W-A	0.70336
3838	YLR387C	0.70333
3839	YCL008C	0.70332
3840	YJL166W	0.70331
3841	YHL048C-A	0.70329
3842	YBR206W	0.70314
3843	YLR023C	0.70303
3844	YGR051C	0.70296
3845	YBR005W	0.70291
3846	YDR169C-A	0.70283
3847	YDR128W	0.70267
3848	YKL173W	0.70264
3849	YDR407C	0.70263
3850	YOR026W	0.70262
3851	YER145C-A	0.70258
3852	YDR015C	0.70252
3853	YBL095W	0.7025
3854	YHR125W	0.70237
3855	YPL148C	0.70235
3856	YBR113W	0.70235
3857	YDL162C	0.7023
3858	YNR054C	0.70223
3859	YDR054C	0.70217
3860	YDR168W	0.70214
3861	YNL273W	0.70204
3862	YNR061C	0.70204
3863	YIL057C	0.70202
3864	YOR281C	0.702
3865	YDR496C	0.70192
3866	YHR070C-A	0.70181
3867	YDR405W	0.70181
3868	YBL044W	0.70178
3869	YCR045W-A	0.70175
3870	YIL154C	0.70175
3871	YOL037C	0.7017
3872	YOL077W-A	0.70169
3873	YDR371C-A	0.7016
3874	YMR188C	0.70137
3875	YCR035C	0.70135
3876	YMR247C	0.70134
3877	YHL010C	0.70129
3878	YGR259C	0.70127
3879	YOR198C	0.70122
3880	YMR074C	0.70116
3881	YNL325C	0.70116
3882	YGR178C	0.7011
3883	YPL023C	0.70107
3884	YPL188W	0.70105
3885	YIL068W-A	0.70102
3886	YNL085W	0.70099
3887	YNL250W	0.70099
3888	YBL008W	0.70096
3889	YML061C	0.70095
3890	YDR290W	0.70094
3891	YKR061W	0.70084
3892	YER154W	0.70083
3893	YOR020W-A	0.70082
3894	YFR037C	0.7008
3895	YDR137W	0.70078
3896	YPR029C	0.70067
3897	YBR233W	0.70064
3898	YCR089W	0.70064
3899	YEL016C	0.7006
3900	YLR171W	0.70059
3901	YLR207W	0.70058
3902	YMR168C	0.70056
3903	YIL038C	0.70056
3904	YJL007C	0.70054
3905	YBR158W	0.70049
3906	YHR139C-A	0.70047
3907	YKR021W	0.70046
3908	YNL186W	0.70046
3909	YGL098W	0.70045
3910	YHR081W	0.70045
3911	YIL029C	0.70042
3912	YJL173C	0.7004
3913	YIL131C	0.70038
3914	YHR146W	0.70038
3915	YJL137C	0.70037
3916	YGL110C	0.70033
3917	YJR120W	0.70027
3918	YPR085C	0.70023
3919	YPL083C	0.70022
3920	YNL277W-A	0.70021
3921	YOL108C	0.70021
3922	YDR102C	0.70019
3923	YML130C	0.70017
3924	YDR210W	0.70016
3925	YBL092W	0.7001
3926	YLR416C	0.7001
3927	YLR141W	0.70008
3928	YNL310C	0.70004
3929	YPL263C	0.70003
3930	YGL177W	0.7
3931	YGR099W	0.69992
3932	YFL029C	0.69991
3933	YJR019C	0.69987
3934	YER053C-A	0.69969
3935	YOL035C	0.69969
3936	YJL188C	0.69964
3937	YOL164W-A	0.69964
3938	YIR044C	0.69959
3939	YGR148C	0.69959
3940	YNR005C	0.69956
3941	YDR206W	0.69954
3942	YOR067C	0.69951
3943	YGL216W	0.69946
3944	YPR169W	0.69943
3945	YPR154W	0.69935
3946	YIL138C	0.69931
3947	YNL272C	0.6993
3948	YAR029W	0.6993
3949	YLR045C	0.69926
3950	YEL067C	0.69925
3951	YPR057W	0.69924
3952	YHR077C	0.6992
3953	YGR110W	0.69916
3954	YNL279W	0.69911
3955	YPL191C	0.69906
3956	YGL217C	0.69905
3957	YCL016C	0.69887
3958	YGR101W	0.69883
3959	YNL289W	0.69882
3960	YGR219W	0.69866
3961	YBR232C	0.69865
3962	YDL112W	0.69861
3963	YMR013C-A	0.69859
3964	YDL071C	0.69859
3965	YHL030W	0.69855
3966	YER144C	0.69848
3967	YPL238C	0.69841
3968	YNL193W	0.69839
3969	YER172C-A	0.69838
3970	YJL039C	0.69832
3971	YDL035C	0.6983
3972	YOR205C	0.69822
3973	YDR379C-A	0.69822
3974	YMR158W	0.69822
3975	YIL174W	0.69818
3976	YJL222W-A	0.69818
3977	YGR158C	0.69803
3978	YBR105C	0.69797
3979	YDL032W	0.69793
3980	YEL015W	0.6979
3981	YNL009W	0.6979
3982	YKR072C	0.69788
3983	YJR140C	0.69784
3984	YLR154C-G	0.69781
3985	YLR062C	0.69769
3986	YOR322C	0.69767
3987	YJL028W	0.69766
3988	YPL186C	0.69756
3989	YLR029C	0.69755
3990	YGL228W	0.69749
3991	YPR048W	0.69745
3992	YIL020C-A	0.69741
3993	YDR535C	0.69721
3994	YOL013W-A	0.69721
3995	YJL169W	0.69719
3996	YHR038W	0.69719
3997	YFL065C	0.6971
3998	YLL010C	0.69708
3999	YPR203W	0.69708
4000	YJL046W	0.69708
4001	YDR410C	0.69704
4002	YPL137C	0.69704
4003	YJR036C	0.697
4004	YIR017C	0.697
4005	YAL002W	0.69697
4006	YIL006W	0.69695
4007	YOR070C	0.69691
4008	YBR022W	0.6969
4009	YJL165C	0.6969
4010	YBR246W	0.69689
4011	YBR268W	0.69686
4012	YMR042W	0.69672
4013	YMR001C-A	0.69665
4014	YPR179C	0.69663
4015	YGR166W	0.69657
4016	YOL146W	0.69655
4017	YKL175W	0.6965
4018	YKL115C	0.69646
4019	YCR054C	0.69644
4020	YLR374C	0.69643
4021	YPL167C	0.69641
4022	YNL179C	0.69637
4023	YNL301C	0.69632
4024	YOL120C	0.69632
4025	YLR425W	0.69629
4026	YBL049W	0.69629
4027	YLR248W	0.69628
4028	YKL206C	0.69627
4029	YCR093W	0.69625
4030	YOR316C-A	0.69624
4031	YGL189C	0.69621
4032	YNR044W	0.69619
4033	YKL033W	0.69615
4034	YMR307C-A	0.69609
4035	YIL115W-A	0.69604
4036	YIL027C	0.69603
4037	YFL064C	0.69602
4038	YOL071W	0.69598
4039	YGR038W	0.69593
4040	YLR456W	0.69593
4041	YGR293C	0.69585
4042	YMR121C	0.69581
4043	YHL037C	0.69573
4044	YGR265W	0.69569
4045	YDR316W	0.69564
4046	YGL180W	0.69558
4047	YOR124C	0.69555
4048	YLR342W-A	0.69553
4049	YMR154C	0.69551
4050	YAL055W	0.69541
4051	YBR059C	0.69536
4052	YKR033C	0.69535
4053	YOR293C-A	0.69533
4054	YAL034C-B	0.69531
4055	YPR159C-A	0.6953
4056	YHL043W	0.69528
4057	YOL086W-A	0.69525
4058	YPL056C	0.69525
4059	YDR323C	0.69519
4060	YNL276C	0.69517
4061	YBR119W	0.69514
4062	YMR212C	0.69514
4063	YLR285C-A	0.6951
4064	YMR087W	0.69495
4065	YDL148C	0.69492
4066	YGR271C-A	0.69483
4067	YEL075C	0.69479
4068	YDR118W-A	0.69475
4069	YOR180C	0.69474
4070	YNL267W	0.69472
4071	YER131W	0.69469
4072	YLL030C	0.6946
4073	YER189W	0.69459
4074	YDR347W	0.69455
4075	YOL079W	0.69455
4076	YOL022C	0.69447
4077	YMR295C	0.69444
4078	YBL035C	0.6944
4079	YDR401W	0.69434
4080	YMR157C	0.69433
4081	YDR218C	0.69428
4082	YIL079C	0.6942
4083	YDL191W	0.6942
4084	YDL136W	0.6942
4085	YMR002W	0.69416
4086	YOR225W	0.69401
4087	YDL133W	0.69396
4088	YLR299W	0.69393
4089	YGR212W	0.69382
4090	Q0160	0.69374
4091	YBR103C-A	0.69374
4092	YJL206C	0.69366
4093	YOR156C	0.69365
4094	YER087C-B	0.69364
4095	YBR260C	0.69359
4096	YGR238C	0.69358
4097	YDR198C	0.69356
4098	YOR365C	0.69353
4099	YBR282W	0.69353
4100	YJL109C	0.69352
4101	YJL022W	0.69349
4102	YER007W	0.69348
4103	YOR256C	0.69347
4104	YLR235C	0.69347
4105	YOR360C	0.69345
4106	YLR264C-A	0.69343
4107	YOR334W	0.69342
4108	YDR420W	0.6934
4109	YOR014W	0.69337
4110	YDL030W	0.69335
4111	YMR005W	0.69331
4112	YPL268W	0.69328
4113	YJL123C	0.69326
4114	YDR080W	0.69326
4115	YNL084C	0.69325
4116	YDR440W	0.69324
4117	YPR160C-A	0.69324
4118	YNL303W	0.69322
4119	YOL088C	0.69321
4120	YDR271C	0.69319
4121	YPR036W	0.69319
4122	YGR062C	0.69318
4123	YIL150C	0.69317
4124	YCR001W	0.69314
4125	YER067C-A	0.693
4126	YJL156C	0.69299
4127	YPR126C	0.69297
4128	YBL004W	0.69296
4129	YDR152W	0.69288
4130	YNL261W	0.69288
4131	YGR014W	0.69287
4132	YOR282W	0.69286
4133	YOR146W	0.69284
4134	YDL247W-A	0.69276
4135	YKL034W	0.69275
4136	YPR076W	0.69272
4137	YKL137W	0.69271
4138	YGR149W	0.69255
4139	YIL156W-A	0.69253
4140	YBL077W	0.69251
4141	YCR014C	0.69247
4142	YDR538W	0.69246
4143	YHR022C	0.69244
4144	YLR202C	0.69244
4145	YGR119C	0.69244
4146	YBR247C	0.69242
4147	YBR089W	0.69235
4148	YLR150W	0.69231
4149	YER046W-A	0.6923
4150	YHL035C	0.69227
4151	Q0017	0.69225
4152	YMR172C-A	0.69219
4153	YGR090W	0.69199
4154	YFR009W-A	0.69187
4155	YER023C-A	0.69184
4156	YDR020C	0.6918
4157	YLR032W	0.69179
4158	YPR010C-A	0.69178
4159	YJL141C	0.69174
4160	YDR018C	0.69169
4161	YPR050C	0.69159
4162	YAR027W	0.69159
4163	YLR206W	0.69158
4164	YBR028C	0.69155
4165	YLR412C-A	0.69153
4166	YHR122W	0.6915
4167	YKL104W-A	0.69147
4168	YNR075C-A	0.69146
4169	YDL105W	0.69144
4170	YLR236C	0.6914
4171	YER083C	0.69139
4172	YLR437C-A	0.69136
4173	YFR045W	0.69135
4174	YKR063C	0.69134
4175	YBR032W	0.69132
4176	YPL078C	0.69128
4177	YLR076C	0.69128
4178	YOR075W	0.69126
4179	YDL209C	0.69122
4180	YNL097W-A	0.69119
4181	YKL057C	0.69112
4182	YLR415C	0.69109
4183	YBL071C-B	0.69106
4184	YPR150W	0.69102
4185	YBL107W-A	0.69095
4186	YDR266C	0.69094
4187	YJR054W	0.69092
4188	YOR267C	0.69091
4189	YOR069W	0.69089
4190	YLR347W-A	0.69085
4191	YKL140W	0.69085
4192	YGR044C	0.69085
4193	YBR099C	0.69084
4194	YML049C	0.69074
4195	YPR099C	0.69072
4196	YDR221W	0.69066
4197	YDR354W	0.69055
4198	YJL135W	0.69054
4199	YDR253C	0.69048
4200	YDR150W	0.6904
4201	YNR023W	0.69038
4202	YER126C	0.69038
4203	YPL038W-A	0.69034
4204	YPL064C	0.69033
4205	YNL221C	0.69027
4206	YKL043W	0.69026
4207	YCL021W	0.69017
4208	YNL097C-B	0.69017
4209	YPL044C	0.69015
4210	YJL004C	0.69014
4211	YPR001W	0.69011
4212	YOR063W	0.6901
4213	YEL009C	0.69009
4214	YJL202C	0.69006
4215	YER152W-A	0.69003
4216	YLR428C	0.68999
4217	YLR084C	0.68999
4218	YDR110W	0.68997
4219	YLR406C-A	0.68983
4220	YJR112W	0.68982
4221	YMR275C	0.68982
4222	YFL010W-A	0.68981
4223	YHR198C	0.68977
4224	Q0070	0.68977
4225	YDL175C	0.68975
4226	YOR386W	0.68971
4227	YKL177W	0.68968
4228	YPR175W	0.68955
4229	YML088W	0.68951
4230	YOL013C	0.6895
4231	YML034C-A	0.68947
4232	YMR008C-A	0.68935
4233	YPL065W	0.6893
4234	YDL225W	0.6893
4235	YKL123W	0.68929
4236	YOL048C	0.68925
4237	YOR210W	0.68915
4238	YNL283C	0.68914
4239	YIL082W	0.68905
4240	YMR126C	0.689
4241	YDR472W	0.68897
4242	YKL047W	0.68891
4243	YGR109W-A	0.6889
4244	YDL085C-A	0.68885
4245	YFL010C	0.68885
4246	YPR018W	0.68878
4247	YLR104W	0.68874
4248	YJL194W	0.68874
4249	YPL252C	0.68873
4250	YGR114C	0.68871
4251	YHR188C	0.68866
4252	YDL234C	0.68865
4253	YER148W-A	0.68861
4254	YDR527W	0.68861
4255	YLR312W-A	0.6886
4256	YMR291W	0.68859
4257	YAL014C	0.68852
4258	YML111W	0.6885
4259	YKL075C	0.68849
4260	YLR183C	0.68848
4261	YJR126C	0.68842
4262	YKL183C-A	0.6884
4263	YLR337C	0.68836
4264	YKL083W	0.68833
4265	YIL014C-A	0.68832
4266	YNL118C	0.68817
4267	YAL069W	0.68814
4268	YBR111W-A	0.68808
4269	YBR253W	0.68807
4270	YJL077C	0.68805
4271	YGR059W	0.68804
4272	YDR136C	0.68802
4273	YIL060W	0.688
4274	YGL125W	0.68796
4275	YMR194C-A	0.68795
4276	YOL160W	0.68793
4277	YCL076W	0.68789
4278	YLR103C	0.68785
4279	YAR030C	0.68785
4280	YDR426C	0.68782
4281	YLR323C	0.68779
4282	YDR180W	0.68778
4283	YOR108C-A	0.68778
4284	YMR165C	0.68775
4285	YGR127W	0.68772
4286	YDR213W	0.68763
4287	YGR167W	0.68755
4288	YHR063W-A	0.68741
4289	YDL025C	0.68737
4290	YLR370C	0.68731
4291	YMR047C	0.68726
4292	YDR524W-C	0.68724
4293	YEL022W	0.68716
4294	YIL087C	0.68715
4295	YDR521W	0.68714
4296	YDR478W	0.68713
4297	YGL254W	0.68708
4298	YAR019C	0.68704
4299	YMR194W	0.68698
4300	YDR010C	0.68693
4301	YHL006W-A	0.6869
4302	YIR020C-B	0.6869
4303	YER048W-A	0.68689
4304	YLR013W	0.68682
4305	YLR097C	0.68677
4306	YEL075W-A	0.68674
4307	YDL146W	0.68664
4308	YDR199W	0.68662
4309	YGL056C	0.68657
4310	YER140W	0.68652
4311	YJL184W	0.68649
4312	YLL051C	0.68644
4313	YCR019W	0.68639
4314	YJL101C	0.68638
4315	YJR090C	0.68631
4316	YNL300W	0.68625
4317	YFR026C	0.68623
4318	YML013W	0.68617
4319	YLR388W	0.68614
4320	YHR007C-A	0.68613
4321	YAL025C	0.68609
4322	YPL271W	0.68606
4323	YER128W	0.6859
4324	YLR125W	0.68589
4325	YHR158C	0.68582
4326	YLR314C	0.68579
4327	YOL105C	0.68574
4328	YIL134C-A	0.68573
4329	YER090C-A	0.68567
4330	YOL026C	0.68566
4331	YGR170W	0.68559
4332	YJL071W	0.68555
4333	YDR433W	0.68552
4334	YPR141C	0.6855
4335	YER079C-A	0.68544
4336	YMR209C	0.6854
4337	YDR327W	0.68531
4338	YJL215C	0.68527
4339	YLR035C	0.68527
4340	YPR139C	0.6852
4341	YCR077C	0.68518
4342	YLR444C	0.68517
4343	YGR223C	0.68512
4344	YJL156W-A	0.68506
4345	YKL203C	0.68498
4346	YKR028W	0.68496
4347	YLR280C	0.68494
4348	YKR085C	0.68493
4349	YHR055C	0.68486
4350	YHR053C	0.68486
4351	YPL181W	0.68483
4352	YOR288C	0.6848
4353	YBR193C	0.68471
4354	YNL271C	0.68468
4355	YKL005C	0.68463
4356	YMR267W	0.68462
4357	YOL045W	0.6846
4358	YHR197W	0.68458
4359	YPL037C	0.68454
4360	YGR188C	0.68446
4361	YDR246W-A	0.68446
4362	YOL087C	0.6844
4363	YMR010W	0.68432
4364	YDR079C-A	0.68424
4365	YIL009C-A	0.68417
4366	YGR006W	0.68415
4367	YDR262W	0.68413
4368	YGR290W	0.68412
4369	YAL019W-A	0.68411
4370	YLR261C	0.68405
4371	YPL163C	0.68403
4372	YML047W-A	0.68401
4373	YNL170W	0.684
4374	YMR112C	0.68388
4375	YER084W	0.68386
4376	YIL105C	0.68382
4377	YML032C	0.6838
4378	YOR245C	0.6838
4379	YOR247W	0.68376
4380	YPR133W-A	0.68376
4381	YMR013C	0.68374
4382	YLR463C	0.68373
4383	YDL153C	0.6837
4384	YBR231C	0.68368
4385	YGR205W	0.68367
4386	YGL158W	0.68367
4387	YMR233W	0.68357
4388	YMR141C	0.68352
4389	YPL032C	0.68341
4390	YGL204C	0.68339
4391	R0010W	0.68331
4392	YKL055C	0.68327
4393	YPL074W	0.68326
4394	YDR320C-A	0.68323
4395	YGR235C	0.68321
4396	YDR524C-A	0.68305
4397	YJR023C	0.68304
4398	YOR191W	0.68295
4399	YDR340W	0.68286
4400	YPR148C	0.6828
4401	YNR066C	0.68275
4402	YJL199C	0.68259
4403	YBR216C	0.68258
4404	YPR116W	0.6825
4405	YFL023W	0.68249
4406	YLR290C	0.68244
4407	YMR313C	0.68222
4408	YPR155C	0.68221
4409	YNR001W-A	0.6822
4410	YNL150W	0.68215
4411	YIL105W-A	0.68214
4412	YKL124W	0.68214
4413	YBL080C	0.682
4414	YGR122C-A	0.68197
4415	YIR020W-A	0.68196
4416	YNL035C	0.6819
4417	YGL052W	0.68189
4418	YGR116W	0.68187
4419	YGR031C-A	0.68185
4420	YML071C	0.68183
4421	YNL019C	0.68181
4422	YEL008C-A	0.68174
4423	YBR126W-B	0.6816
4424	YPL249C-A	0.68153
4425	YKL012W	0.68148
4426	YNL158W	0.68148
4427	YBL059C-A	0.68142
4428	YKL016C	0.68141
4429	YOR269W	0.68135
4430	YFL012W-A	0.6813
4431	YMR067C	0.68129
4432	YGR068C	0.68121
4433	YBR284W	0.6812
4434	YPR143W	0.68119
4435	YLR233C	0.68115
4436	YGL188C	0.68108
4437	YGR018C	0.68097
4438	YDR126W	0.68096
4439	YDL213W-A	0.68089
4440	YJR050W	0.68087
4441	YDL203C	0.68081
4442	YDR003W	0.6808
4443	YMR129W	0.68078
4444	YDR087C	0.68068
4445	YDL172C	0.68053
4446	YLR071C	0.68053
4447	YOR309C	0.68052
4448	YJL037W	0.68051
4449	YPL243W	0.68047
4450	YER067W	0.68046
4451	YCL052C	0.68043
4452	YOR314W	0.68041
4453	YLL031C	0.68039
4454	YMR156C	0.68035
4455	YJR097W	0.68032
4456	YNL033W	0.6803
4457	YDR026C	0.68026
4458	YOR174W	0.68023
4459	YGR109C	0.68007
4460	YKL100W-A	0.68006
4461	YPL038W	0.67997
4462	YML095C	0.67994
4463	YPR097W	0.67992
4464	YJR122W	0.67987
4465	YPR166C	0.67977
4466	YPR187W	0.67974
4467	YIL061C	0.67968
4468	YMR298W	0.67962
4469	YJL100W	0.67961
4470	YMR320W	0.6796
4471	YDR354C-A	0.67947
4472	YPL073C	0.67944
4473	YPL165C	0.67941
4474	YBR196C-B	0.67933
4475	YDR319C	0.67933
4476	YNL249C	0.67933
4477	YHR186C	0.6793
4478	YLR162W-A	0.67929
4479	YGL239C	0.67926
4480	YOL144W	0.67925
4481	YOL085C	0.67925
4482	YLR400W	0.67924
4483	YOR237W	0.67923
4484	YMR030W-A	0.67916
4485	YPL248C	0.67898
4486	YHR212W-A	0.67894
4487	YAR061W	0.67894
4488	YDL099W	0.67891
4489	YJL098W	0.67885
4490	YLL004W	0.67884
4491	YGR033C	0.6788
4492	YPR039W	0.67873
4493	YPR152C	0.67868
4494	YGL152C	0.67866
4495	YOL148C	0.6786
4496	YJR111C	0.67856
4497	YNL308C	0.67849
4498	YHR059W	0.67849
4499	YJL025W	0.67846
4500	YMR122C	0.67845
4501	YOR305W	0.67843
4502	YHR049C-A	0.67841
4503	YGL007C-A	0.67837
4504	YER024W	0.67836
4505	YDR215C	0.67831
4506	YMR039C	0.6783
4507	YGR070W	0.6783
4508	YDR247W	0.67828
4509	YLR015W	0.67826
4510	YJL182C	0.67826
4511	YAR008W	0.67826
4512	YKR007W	0.67825
4513	YHL022C	0.67821
4514	YGL014W	0.67817
4515	YMR115W	0.67808
4516	YJL061W	0.67806
4517	YGL029W	0.67799
4518	YDR326C	0.67792
4519	YLR039C	0.67775
4520	YLR417W	0.67771
4521	YNL080C	0.67771
4522	YNR003W-A	0.67767
4523	YLR063W	0.67758
4524	YDR526C	0.67758
4525	YNR042W	0.6775
4526	YOR093C	0.6775
4527	YGL203C	0.67746
4528	YKL136W	0.67742
4529	YHR073W-A	0.67741
4530	YER127W	0.67738
4531	YLR364C-A	0.6773
4532	YCR025C	0.67726
4533	YOL033W	0.67722
4534	YER087W	0.67721
4535	YDR261C	0.67717
4536	YBR255C-A	0.67716
4537	YLR462W	0.67715
4538	YOL038C-A	0.67713
4539	YBR142W	0.67712
4540	YJL062W-A	0.67711
4541	YLR365W	0.67711
4542	YMR028W	0.6771
4543	YHR172W	0.6771
4544	YDR360W	0.67707
4545	YPL108W	0.67702
4546	YDL061C	0.67701
4547	YNL120C	0.67695
4548	YBR258C	0.67689
4549	YDR283C	0.67684
4550	YGL244W	0.67681
4551	YGR112W	0.67678
4552	YPR169W-A	0.67674
4553	YIL104C	0.67673
4554	YMR316W	0.67661
4555	YPR146C	0.67659
4556	YBR296C-A	0.67654
4557	YOR229W	0.67654
4558	YKR082W	0.67654
4559	YIL137C	0.67649
4560	YOR230W	0.6764
4561	YNL143C	0.67639
4562	YBL033C	0.67638
4563	YER138W-A	0.6763
4564	YIL005W	0.67621
4565	YBL020W	0.67614
4566	YDL228C	0.67602
4567	YPL250W-A	0.67593
4568	YGL102C	0.67588
4569	YCR039C	0.67588
4570	YCL067C	0.67588
4571	YIL089W	0.67587
4572	YJR115W	0.67585
4573	YJL106W	0.67584
4574	YPR045C	0.67582
4575	YBR044C	0.67582
4576	YDR460W	0.6758
4577	YAR020C	0.67576
4578	YMR135W-A	0.67572
4579	YLR154W-B	0.67566
4580	YPL189W	0.67563
4581	YOR368W	0.67562
4582	YKR096W	0.67556
4583	YBR292C	0.67553
4584	YDL237W	0.67541
4585	YCL054W-A	0.67541
4586	YOR364W	0.67538
4587	YIR005W	0.67528
4588	YJL148W	0.67512
4589	YBR186W	0.67508
4590	YCR087W	0.67506
4591	YGL233W	0.67499
4592	YOR366W	0.67499
4593	YLL022C	0.67491
4594	YNL296W	0.67486
4595	YGR056W	0.67476
4596	YGR122W	0.67475
4597	YKL188C	0.67473
4598	YDR095C	0.67468
4599	YBR272C	0.67467
4600	YJR136C	0.67467
4601	YFR052W	0.67464
4602	YIL026C	0.67455
4603	YLR111W	0.67453
4604	YDR445C	0.67442
4605	YHR073W	0.6744
4606	YLR169W	0.67439
4607	YER113C	0.67433
4608	YNL051W	0.67432
4609	YLR112W	0.67423
4610	YFL027C	0.67421
4611	YKR092C	0.67421
4612	YBR181C	0.6742
4613	YPL090C	0.6742
4614	YGR025W	0.67419
4615	YGL060W	0.67416
4616	YPR055W	0.67415
4617	YCR083W	0.67413
4618	YOR263C	0.6741
4619	YHR138C	0.67406
4620	YPL228W	0.67404
4621	YDR079W	0.674
4622	YPR071W	0.67399
4623	YOL063C	0.67393
4624	YGL092W	0.67387
4625	YOR015W	0.67386
4626	YHR072W-A	0.67386
4627	YMR007W	0.67385
4628	YBR300C	0.67381
4629	YNL285W	0.67381
4630	YDR049W	0.67372
4631	YMR192W	0.67365
4632	YKL214C	0.67365
4633	YOL051W	0.67364
4634	YNL294C	0.67363
4635	YJL086C	0.6736
4636	YOR008W-B	0.67358
4637	YIL025C	0.67357
4638	YDL116W	0.67356
4639	YHR067W	0.67356
4640	YGL172W	0.67352
4641	YIL096C	0.67352
4642	YOR041C	0.67345
4643	YKL168C	0.67336
4644	YPL069C	0.67335
4645	YGR042W	0.67332
4646	YML046W	0.67331
4647	YBL086C	0.67323
4648	YDR183C-A	0.67319
4649	YCL057W	0.67314
4650	YML050W	0.67312
4651	YLR096W	0.67304
4652	YLR346C	0.673
4653	YPL136W	0.67298
4654	YBR278W	0.67298
4655	YNL002C	0.67293
4656	YGR097W	0.67292
4657	YER091C-A	0.67287
4658	YJL211C	0.67285
4659	YDR501W	0.67283
4660	YBL079W	0.67277
4661	YBR196C-A	0.67276
4662	YLR166C	0.67273
4663	YPR177C	0.67271
4664	YAL037C-A	0.6727
4665	YDR374W-A	0.67267
4666	YOR394C-A	0.67265
4667	YGL168W	0.67257
4668	YAL059C-A	0.6725
4669	YDR027C	0.6725
4670	YJR114W	0.67246
4671	YGR165W	0.67243
4672	YLL038C	0.67243
4673	YKR065C	0.6724
4674	YHR084W	0.67221
4675	YCL034W	0.67219
4676	YNL278W	0.67218
4677	YNL077W	0.67216
4678	YIL032C	0.67199
4679	YMR122W-A	0.67189
4680	YML116W-A	0.67187
4681	YMR281W	0.67184
4682	YLR087C	0.67178
4683	YDL003W	0.67174
4684	YDL091C	0.67168
4685	YNL226W	0.67167
4686	YGL133W	0.67165
4687	YDR241W	0.67152
4688	YMR130W	0.67142
4689	YDR192C	0.67132
4690	YOR190W	0.67124
4691	YBR040W	0.67119
4692	YFR012W-A	0.67116
4693	YLL007C	0.67113
4694	YDR208W	0.67107
4695	YHL028W	0.67106
4696	YCR049C	0.67103
4697	YHR083W	0.671
4698	YLL046C	0.67082
4699	YHR069C-A	0.67079
4700	YDR003W-A	0.67077
4701	YMR158W-B	0.67068
4702	YKL106W	0.67064
4703	YML117W	0.67061
4704	YDL043C	0.67058
4705	YGR046W	0.67045
4706	YMR294W-A	0.67045
4707	YOR344C	0.67042
4708	YDR008C	0.6704
4709	YDR101C	0.67038
4710	YPL128C	0.67034
4711	YDR179W-A	0.67027
4712	YAL064W	0.67027
4713	YGL145W	0.67008
4714	YML104C	0.67008
4715	YLR199C	0.66995
4716	YGL226W	0.6699
4717	YDR034C-A	0.66985
4718	YAL065C	0.66981
4719	YOR194C	0.66979
4720	YNL253W	0.66972
4721	YOL085W-A	0.66954
4722	YLL016W	0.66954
4723	YAL056W	0.66948
4724	YLR120W-A	0.66946
4725	YER115C	0.66946
4726	YNL038W	0.66939
4727	YDL219W	0.66937
4728	YLR363C	0.66934
4729	YJL029C	0.66926
4730	YBR102C	0.66915
4731	YBR123C	0.66915
4732	YGR228W	0.66913
4733	YML129C	0.66911
4734	YBR179C	0.66907
4735	YNR068C	0.66906
4736	YDR423C	0.66904
4737	YOR112W	0.66903
4738	YMR026C	0.66902
4739	YJL177W	0.66901
4740	YBL074C	0.66897
4741	YBR131C-A	0.66895
4742	YBL094C	0.66878
4743	YEL028W	0.66873
4744	YOL102C	0.66872
4745	YOL054W	0.66859
4746	YOL159C	0.66859
4747	YBR298C-A	0.66859
4748	YHL021C	0.66857
4749	YDR409W	0.66848
4750	YDR048C	0.66835
4751	YOL040C	0.66832
4752	YGR206W	0.6683
4753	YDR335W	0.66826
4754	YCL012C	0.66824
4755	YMR304C-A	0.66822
4756	YGL146C	0.66821
4757	YOR105W	0.66819
4758	YNR035C	0.66818
4759	YKR023W	0.66818
4760	YDR431W	0.66816
4761	YIL090W	0.66814
4762	YOR033C	0.66812
4763	YLR010C	0.66807
4764	YDR509W	0.66791
4765	Q0080	0.66782
4766	YHR079C	0.66765
4767	YAL013W	0.66765
4768	YPR072W	0.66763
4769	YPL107W	0.66758
4770	YKL015W	0.66758
4771	YPR031W	0.66757
4772	YNL174W	0.66749
4773	YER008C	0.66748
4774	YKL195W	0.66747
4775	YDR251W	0.66733
4776	YOL101C	0.66732
4777	YDR273W	0.66729
4778	YOR166C	0.66725
4779	YCL055W	0.66724
4780	YJL127C	0.66723
4781	YNL097C	0.66722
4782	YKL053W	0.66713
4783	YEL074W	0.66705
4784	YDR194W-A	0.66705
4785	YCL056C	0.667
4786	YJL131C	0.66693
4787	YOR231C-A	0.66689
4788	YGR011W	0.66687
4789	YDR449C	0.66675
4790	YGL041C	0.66672
4791	YDR006C	0.66671
4792	YDR245W	0.66668
4793	YGR096W	0.66656
4794	YJL054W	0.66651
4795	YLR392C	0.66646
4796	YMR029C	0.66646
4797	YFR013W	0.66645
4798	YLR309C	0.6664
4799	YPR040W	0.66634
4800	YCR102W-A	0.66632
4801	YOR017W	0.66631
4802	YER135C	0.66626
4803	YNL187W	0.66622
4804	YPR202W	0.66609
4805	YGR184C	0.66605
4806	YER019C-A	0.66604
4807	YGR137W	0.66601
4808	YBR150C	0.66595
4809	YNL128W	0.66586
4810	YBR065C	0.66577
4811	YPL260W	0.66574
4812	YDL065C	0.66572
4813	YKL180W	0.66569
4814	YCR063W	0.66557
4815	YJR002W	0.66556
4816	YNL029C	0.66553
4817	YOR188W	0.66544
4818	YLR247C	0.66539
4819	YNL073W	0.66534
4820	YGL132W	0.66531
4821	YLR331C	0.66531
4822	YOR032W-A	0.66522
4823	YDL214C	0.66522
4824	YDR052C	0.66521
4825	YOR227W	0.66521
4826	YBR269C	0.66515
4827	YJL057C	0.6651
4828	YAL059W	0.66507
4829	YJR066W	0.66487
4830	YPL126W	0.66475
4831	YBL012C	0.66474
4832	YPL123C	0.66465
4833	YKL014C	0.66463
4834	YCL066W	0.66463
4835	YCR040W	0.66463
4836	YLR128W	0.66459
4837	YML058W-A	0.66457
4838	YMR287C	0.66456
4839	YBL008W-A	0.66448
4840	YKL134C	0.66445
4841	YFL013C	0.66441
4842	YER137W-A	0.6644
4843	YMR060C	0.6644
4844	YER068W	0.66437
4845	YIR001C	0.66429
4846	YLR329W	0.66426
4847	YOR300W	0.66422
4848	YPR030W	0.66409
4849	YMR173W	0.66407
4850	YKL116C	0.66387
4851	YDR520C	0.66377
4852	YOR064C	0.66372
4853	YLR466C-B	0.66369
4854	YMR211W	0.66367
4855	YER102W	0.66354
4856	YBL072C	0.66354
4857	YOR319W	0.6635
4858	YGR091W	0.66346
4859	YPL233W	0.66341
4860	YDR525W	0.6634
4861	YJL225W-A	0.66339
4862	YIL177W-A	0.66339
4863	YOL095C	0.66337
4864	YMR044W	0.66335
4865	YDR141C	0.66326
4866	YHR217C	0.66324
4867	YGR202C	0.66314
4868	YCL004W	0.66306
4869	YGL150C	0.66306
4870	YGR035W-A	0.66293
4871	YEL023C	0.66286
4872	YLR001C	0.66281
4873	YGL227W	0.6628
4874	YHR060W	0.66275
4875	YNL205C	0.66268
4876	YML108W	0.66267
4877	YJL077W-B	0.66265
4878	YLR396C	0.66252
4879	YIL072W	0.66251
4880	YMR207C	0.6623
4881	YPR115W	0.66214
4882	YDL067C	0.66213
4883	YDR437W	0.66203
4884	YLR051C	0.66202
4885	YKL155C	0.66192
4886	YFR001W	0.66184
4887	YDL142C	0.66173
4888	YMR091C	0.66156
4889	YDR314C	0.66155
4890	YBL097W	0.66147
4891	YAR047C	0.66146
4892	YMR061W	0.66144
4893	YDR376W	0.66142
4894	YOL019W	0.66138
4895	YGL193C	0.66137
4896	YJL075C	0.66126
4897	YPL149W	0.66117
4898	YGR258C	0.66112
4899	YGR278W	0.66106
4900	YOR106W	0.66106
4901	YDR473C	0.66096
4902	YNR028W	0.66096
4903	YPR026W	0.66082
4904	YOR080W	0.66078
4905	YLL066W-B	0.66072
4906	YJL038C	0.66058
4907	YGL127C	0.66054
4908	YNR059W	0.66045
4909	YNL047C	0.66043
4910	YMR185W	0.66042
4911	YDL028C	0.66033
4912	YNL042W-B	0.66029
4913	YOR249C	0.66026
4914	YLR163W-A	0.66025
4915	YBR097W	0.66022
4916	YKL088W	0.66013
4917	YLR054C	0.66011
4918	YMR077C	0.66006
4919	YNL315C	0.66002
4920	YNL208W	0.65998
4921	YOR072W-B	0.65998
4922	YDR108W	0.65995
4923	YNL337W	0.6599
4924	YLR366W	0.65981
4925	YHR056W-A	0.65969
4926	YJR082C	0.65966
4927	YLR154W-C	0.65961
4928	YLR260W	0.65959
4929	YMR043W	0.65942
4930	YMR184W	0.6594
4931	YGL085W	0.65937
4932	YHR078W	0.65932
4933	YPL005W	0.65917
4934	YKL082C	0.65917
4935	YLL017W	0.65904
4936	YBR129C	0.65901
4937	YOR392W	0.659
4938	YGL160W	0.65894
4939	YBL066C	0.65874
4940	YBR219C	0.6586
4941	YPL102C	0.65857
4942	YDR470C	0.65853
4943	YBR161W	0.65852
4944	YGR198W	0.65849
4945	YER133W-A	0.65847
4946	YJL020C	0.65845
4947	YEL061C	0.65839
4948	R0040C	0.65838
4949	YGR057C	0.65837
4950	YGL131C	0.65836
4951	YBR266C	0.65828
4952	YGL188C-A	0.65827
4953	YDR296W	0.65821
4954	YBR122C	0.6582
4955	YIL030W-A	0.65817
4956	YOR149C	0.65797
4957	YDR367W	0.65794
4958	YNR037C	0.65793
4959	YFL007W	0.65791
4960	YHL044W	0.65785
4961	YOL028C	0.65782
4962	YLR106C	0.65781
4963	YHR001W-A	0.65777
4964	YNL126W	0.65773
4965	YCR095W-A	0.6576
4966	YLR132C	0.65753
4967	YPL057C	0.65752
4968	YOR060C	0.65739
4969	YKL089W	0.65738
4970	YPL144W	0.65734
4971	YHR101C	0.65733
4972	YHR015W	0.65731
4973	YNR007C	0.65717
4974	YDL179W	0.65716
4975	YNR031C	0.65715
4976	YNL140C	0.65714
4977	YDR149C	0.6571
4978	YLR177W	0.65709
4979	YGR052W	0.65704
4980	YJL127C-B	0.65702
4981	YMR065W	0.657
4982	YGL013C	0.65694
4983	YNL151C	0.65692
4984	YMR082C	0.65691
4985	YOR012W	0.65688
4986	YDR389W	0.65687
4987	YIL132C	0.65682
4988	YER087C-A	0.65681
4989	YGR164W	0.6568
4990	YLR288C	0.65679
4991	YNL122C	0.65679
4992	YNL109W	0.65674
4993	YBR279W	0.65669
4994	YPL035C	0.65661
4995	YLR439W	0.65659
4996	YDR463W	0.65655
4997	YKR089C	0.65655
4998	YBR230W-A	0.65645
4999	YCR091W	0.65632
5000	YKR006C	0.65626
5001	YER077C	0.65625
5002	YJR119C	0.65622
5003	YGR156W	0.65616
5004	YNR006W	0.65614
5005	YBR277C	0.65612
5006	YER006C-A	0.6561
5007	YDL158C	0.65609
5008	YER092W	0.65608
5009	YDR081C	0.65601
5010	YDR147W	0.65595
5011	YCR022C	0.65592
5012	YMR237W	0.65591
5013	YJL023C	0.65587
5014	YHR212C	0.65574
5015	YAR060C	0.65574
5016	YML002W	0.65563
5017	YMR106C	0.65562
5018	YHR050W-A	0.65552
5019	YPL155C	0.6555
5020	YOR042W	0.65544
5021	YDL053C	0.65543
5022	YNL319W	0.65542
5023	YNL039W	0.65535
5024	YLR336C	0.65533
5025	YDR482C	0.65526
5026	YPL041C	0.65522
5027	YBR290W	0.6552
5028	YOR211C	0.65514
5029	YLR262C-A	0.6551
5030	YMR103C	0.65506
5031	YDR279W	0.65506
5032	YEL010W	0.65503
5033	YHR032W-A	0.6549
5034	YPR027C	0.65486
5035	YMR137C	0.65474
5036	YLR356W	0.65466
5037	YFL068W	0.65465
5038	YLL067W-A	0.65465
5039	YLL066W-A	0.65465
5040	YOR248W	0.65464
5041	YJR041C	0.65452
5042	YPL241C	0.6545
5043	YJL132W	0.65448
5044	YOR011W-A	0.65439
5045	YNL227C	0.65438
5046	YMR068W	0.65433
5047	YPL020C	0.65431
5048	YNL228W	0.65429
5049	YNL012W	0.65428
5050	YML036W	0.65422
5051	YDL113C	0.65417
5052	YCR052W	0.65416
5053	YMR171C	0.65415
5054	YNL262W	0.65413
5055	YGR174C	0.65413
5056	YER096W	0.65411
5057	YML020W	0.65409
5058	YEL025C	0.65408
5059	YHL050W-A	0.65394
5060	YHL024W	0.65392
5061	YPL242C	0.65386
5062	YMR053C	0.65382
5063	YDR359C	0.65379
5064	YJL047C-A	0.65368
5065	YCL007C	0.65363
5066	YNL339W-B	0.65363
5067	YML133W-B	0.65363
5068	YHR219C-A	0.65363
5069	YDR455C	0.6536
5070	YOR098C	0.65358
5071	YML029W	0.65356
5072	YOR371C	0.65356
5073	YGR002C	0.65351
5074	YGR270W	0.65348
5075	YMR141W-A	0.65347
5076	YLL044W	0.65336
5077	YDL094C	0.65331
5078	YPR089W	0.65331
5079	YNL138W-A	0.65324
5080	YAL066W	0.65312
5081	YJL112W	0.65301
5082	YBR084C-A	0.65298
5083	YBL027W	0.65298
5084	YLR466C-A	0.65297
5085	YLR467C-A	0.65297
5086	YOR396C-A	0.65297
5087	YGL134W	0.65291
5088	YNL166C	0.6529
5089	YLR157W-D	0.65286
5090	YNL338W	0.65285
5091	YPL197C	0.65267
5092	YCL022C	0.65267
5093	YMR182C	0.65265
5094	YJR062C	0.65262
5095	YGR106C	0.65258
5096	YHR127W	0.65248
5097	YLR361C-A	0.65246
5098	YJR110W	0.65242
5099	YGL192W	0.65236
5100	YGL014C-A	0.65225
5101	YER186C	0.65216
5102	YOR320C	0.65215
5103	YLL040C	0.65215
5104	YBL060W	0.6521
5105	YAL068W-A	0.65209
5106	YFR034C	0.65198
5107	YPL115C	0.65197
5108	YLR217W	0.65196
5109	YKL145W-A	0.65191
5110	YKL165C-A	0.65182
5111	YGR171C	0.65177
5112	YKL208W	0.65168
5113	YBR276C	0.65162
5114	YAL017W	0.65145
5115	YDR119W	0.65144
5116	YPL278C	0.65141
5117	YLR232W	0.65137
5118	YKL205W	0.65135
5119	Q0075	0.65128
5120	YLR068W	0.65119
5121	YLL002W	0.65117
5122	YKL032C	0.65113
5123	YDR072C	0.65108
5124	YPL183W-A	0.65106
5125	YDR544C	0.65103
5126	YMR021C	0.65101
5127	YPR204C-A	0.65094
5128	YPL283W-B	0.65094
5129	YER190C-B	0.65094
5130	YEL077W-A	0.65094
5131	YGR296C-B	0.65094
5132	YLR154W-A	0.65092
5133	YDR412W	0.65087
5134	YBR212W	0.65066
5135	YAL043C	0.65065
5136	YMR070W	0.65065
5137	YML099C	0.65061
5138	YPR109W	0.65057
5139	YKL122C	0.65056
5140	YBL071C	0.65051
5141	YDR071C	0.6505
5142	YER188C-A	0.65044
5143	YNL145W	0.65043
5144	YDR545C-A	0.65036
5145	YFR049W	0.65034
5146	YOR123C	0.65028
5147	YLR198C	0.6502
5148	YML009C	0.65014
5149	YIL084C	0.65014
5150	YKL054C	0.65013
5151	YJR091C	0.65007
5152	YNL171C	0.64999
5153	YDR281C	0.64998
5154	YKL045W	0.64995
5155	YER093C	0.64993
5156	YPL141C	0.64992
5157	YGR104C	0.64991
5158	YLR422W	0.64986
5159	YPR079W	0.64978
5160	YLR358C	0.64973
5161	YMR315W-A	0.64971
5162	YIL024C	0.64969
5163	YLL032C	0.64969
5164	YER139C	0.64962
5165	YNL257C	0.64962
5166	YKR044W	0.64954
5167	YDR133C	0.64944
5168	YAL031W-A	0.64941
5169	YGR291C	0.64939
5170	YIL141W	0.64932
5171	YKL118W	0.64931
5172	YGR108W	0.64928
5173	YPL139C	0.64928
5174	YHR109W	0.64924
5175	YKL079W	0.64921
5176	YPL257W	0.64919
5177	YLR142W	0.64914
5178	YBL010C	0.64905
5179	YGL116W	0.64905
5180	YFR043C	0.64904
5181	YIL156W	0.649
5182	YKL121W	0.64898
5183	YER085C	0.64891
5184	YOR238W	0.64883
5185	YPR067W	0.64882
5186	YPR022C	0.64878
5187	YNL086W	0.64874
5188	YFL032W	0.64862
5189	YHL046W-A	0.64849
5190	YGR049W	0.64845
5191	YIR021W-A	0.64842
5192	YJL157C	0.6484
5193	YCR095C	0.64833
5194	YIR017W-A	0.64825
5195	YPL105C	0.64824
5196	YBR262C	0.64822
5197	YKR008W	0.64821
5198	YHR155W	0.64799
5199	YDR363W	0.64789
5200	YNL235C	0.64776
5201	YLR350W	0.64775
5202	YDL185C-A	0.64773
5203	YDL183C	0.64773
5204	YDR416W	0.64767
5205	YJR102C	0.64766
5206	YBL073W	0.64758
5207	YKL183W	0.64741
5208	YHR214C-C	0.64722
5209	YDR163W	0.64722
5210	YOR343C	0.64719
5211	YKR027W	0.64715
5212	YDR222W	0.64715
5213	YLR095C	0.64715
5214	YDR511W	0.64711
5215	YMR283C	0.64709
5216	YOR338W	0.64698
5217	YCL031C	0.64692
5218	YEL068C	0.64682
5219	YER114C	0.64677
5220	YMR075C-A	0.64672
5221	YNL139C	0.64656
5222	YGR072W	0.64646
5223	YGL025C	0.64639
5224	YPL150W	0.64636
5225	YEL072W	0.64625
5226	YLL013C	0.64625
5227	YDR068W	0.64621
5228	YKR098C	0.64617
5229	YER076W-A	0.64612
5230	YLR006C	0.64607
5231	YDR315C	0.64598
5232	YBR259W	0.6457
5233	YMR240C	0.64569
5234	YNL297C	0.64567
5235	YJR087W	0.64565
5236	YER184C	0.64559
5237	YDL117W	0.64541
5238	YJL140W	0.6454
5239	YMR019W	0.64537
5240	YEL062W	0.64525
5241	YOR081C	0.64514
5242	YER071C	0.64497
5243	YJL069C	0.64496
5244	YPR136C	0.64495
5245	YGL007W	0.64481
5246	YBL025W	0.64481
5247	YGL142C	0.64479
5248	YLR191W	0.64472
5249	YKR035C	0.64469
5250	YDL002C	0.64466
5251	YOR346W	0.64461
5252	YLR149C	0.64459
5253	YOL053W	0.64459
5254	YER018C	0.64455
5255	YNL026W	0.64449
5256	YLR204W	0.64448
5257	YOR127W	0.64447
5258	YKL143W	0.64427
5259	YDR119W-A	0.64422
5260	YLR067C	0.64418
5261	YDL074C	0.64415
5262	YLR187W	0.64412
5263	YKL111C	0.64412
5264	YDL062W	0.64404
5265	YOL078W	0.64401
5266	YMR134W	0.644
5267	YKR101W	0.64395
5268	YMR190C	0.64394
5269	YGR008C	0.64384
5270	YHR071W	0.64383
5271	YHR130C	0.64375
5272	YNL127W	0.64369
5273	YML107C	0.64356
5274	YMR052C-A	0.64355
5275	YDL077C	0.64347
5276	YJR140W-A	0.64337
5277	YOR161C-C	0.64336
5278	YBL113W-A	0.64316
5279	YIL040W	0.64316
5280	YKL099C	0.6431
5281	YKR036C	0.64303
5282	YGL226C-A	0.6429
5283	YIL066W-A	0.64288
5284	YBR209W	0.64282
5285	YHR153C	0.64282
5286	YNL201C	0.64265
5287	YDR246W	0.6426
5288	YDR073W	0.64259
5289	YBR051W	0.64252
5290	YBR195C	0.64238
5291	YAL011W	0.64232
5292	YNL224C	0.64231
5293	YPR043W	0.64222
5294	YJR094W-A	0.64222
5295	YML023C	0.64202
5296	YKR004C	0.64199
5297	YDL013W	0.64187
5298	YPL161C	0.64174
5299	YOR143C	0.6417
5300	YLL035W	0.64168
5301	YPR199C	0.64167
5302	YIL077C	0.64165
5303	YLR148W	0.64164
5304	YER118C	0.64161
5305	YCL058W-A	0.64157
5306	YDR231C	0.64149
5307	YNL304W	0.64126
5308	YCR032W	0.64123
5309	YOR337W	0.64121
5310	YPR042C	0.64119
5311	YLR228C	0.64109
5312	YOR242C	0.64105
5313	YER064C	0.64101
5314	YEL032C-A	0.641
5315	YGR227W	0.64096
5316	YLR036C	0.64086
5317	YPL254W	0.6408
5318	YLR185W	0.64069
5319	YKL110C	0.64059
5320	YKL038W	0.64045
5321	YOR376W	0.64045
5322	YDL127W	0.64039
5323	YCR016W	0.64037
5324	YDR543C	0.64032
5325	YPR096C	0.64032
5326	YDR507C	0.64024
5327	YJR059W	0.64022
5328	YDL240C-A	0.64011
5329	YMR193C-A	0.6401
5330	YLR127C	0.64006
5331	YPL047W	0.63987
5332	YJL084C	0.6398
5333	YLR012C	0.63978
5334	YLR458W	0.63978
5335	YMR274C	0.63977
5336	YHR175W-A	0.63972
5337	YGL042C	0.63969
5338	YKL049C	0.63966
5339	YAL008W	0.63966
5340	YOL083W	0.63957
5341	YPR012W	0.63953
5342	YDL045C	0.63951
5343	YMR153C-A	0.6395
5344	YHR058C	0.63947
5345	YPL261C	0.63943
5346	YHR143W	0.63939
5347	YDR255C	0.63935
5348	YLR154W-E	0.63935
5349	YOL134C	0.63933
5350	YDL114W	0.63927
5351	YBR224W	0.63926
5352	YJL032W	0.63926
5353	YGL247W	0.63918
5354	YIR011C	0.63917
5355	YCL068C	0.63915
5356	YJR060W	0.63913
5357	YLL049W	0.63911
5358	YER034W	0.63904
5359	YDR413C	0.63902
5360	YIL042C	0.63896
5361	YGR017W	0.63893
5362	YPL192C	0.6389
5363	YHL041W	0.63879
5364	YKL068W	0.63868
5365	YDR318W	0.6386
5366	YCL001W-A	0.63858
5367	YLR453C	0.63856
5368	YDR489W	0.63853
5369	YML076C	0.63852
5370	YNL024C-A	0.6385
5371	YEL007W	0.63842
5372	YBL014C	0.63841
5373	YAR009C	0.63832
5374	YMR326C	0.63831
5375	YBR120C	0.6383
5376	YLR459W	0.6383
5377	YOR336W	0.63829
5378	YML099W-A	0.6382
5379	YIL056W	0.63819
5380	YKL011C	0.6381
5381	YER137C	0.63804
5382	YBL048W	0.63799
5383	YMR258C	0.63795
5384	YHR023W	0.63786
5385	YJL070C	0.63779
5386	YDR203W	0.63779
5387	YGR237C	0.63776
5388	YNL215W	0.63776
5389	YNR022C	0.63775
5390	YCR024C	0.63765
5391	YLR385C	0.63764
5392	YGR215W	0.63761
5393	YHR052C-B	0.63759
5394	YHR054C-B	0.63759
5395	YOL004W	0.63758
5396	YNL067W-A	0.63757
5397	YOR228C	0.63738
5398	YJL204C	0.63737
5399	YKR041W	0.63735
5400	YER066C-A	0.63731
5401	YMR140W	0.63731
5402	YJL201W	0.6373
5403	YLR434C	0.63724
5404	YFL063W	0.63718
5405	YGR076C	0.63697
5406	YER161C	0.63692
5407	YDR495C	0.63679
5408	YMR133W	0.63678
5409	YCR108C	0.63678
5410	YGR225W	0.63662
5411	YER047C	0.63654
5412	YHR154W	0.63637
5413	YLR440C	0.6363
5414	YMR046W-A	0.63612
5415	YOL013W-B	0.63611
5416	YKR046C	0.63608
5417	YKL141W	0.63602
5418	YGR274C	0.63601
5419	YPL076W	0.63599
5420	YMR159C	0.63594
5421	YEL017W	0.63593
5422	YKL149C	0.63582
5423	YFL031C-A	0.63576
5424	YDR365W-B	0.63576
5425	YHL038C	0.63562
5426	YBR240C	0.63546
5427	YKR090W	0.63545
5428	YGR174W-A	0.63535
5429	YGR280C	0.63534
5430	YOR115C	0.63508
5431	YDR197W	0.63499
5432	YHR102W	0.63495
5433	YLR442C	0.63482
5434	YPL040C	0.63481
5435	YPL026C	0.63479
5436	YCR099C	0.63477
5437	YDL107W	0.63477
5438	YML016C	0.63473
5439	YIL093C	0.63465
5440	YKL130C	0.63465
5441	YCR038C	0.63456
5442	YPR020W	0.63451
5443	YGL038C	0.63446
5444	YGL121C	0.63426
5445	YDR485C	0.63425
5446	YHR214C-B	0.63419
5447	YAR002W	0.63418
5448	YMR118C	0.63416
5449	YDR406W-A	0.63373
5450	YBR163W	0.63368
5451	YKL096C-B	0.63353
5452	YDR200C	0.63338
5453	YLR256W-B/YLR256W-C	0.63338
5454	YOR333C	0.63337
5455	YFR042W	0.63334
5456	YMR293C	0.63309
5457	YJR080C	0.63307
5458	YGR084C	0.63303
5459	YOL032W	0.63297
5460	YDR320C	0.63294
5461	YJL092W	0.6329
5462	YHR137C-A	0.63286
5463	YKL025C	0.63284
5464	Q0182	0.6328
5465	YDR057W	0.63274
5466	YOL103W-B	0.63274
5467	YER138C	0.6327
5468	YCR018C-A	0.63257
5469	YOR354C	0.63254
5470	YML045W	0.63238
5471	YBR133C	0.63235
5472	YHR035W	0.63235
5473	YDR484W	0.63232
5474	YPL257W-B	0.6323
5475	YLR222C-A	0.63227
5476	YKR030W	0.63214
5477	YKR005C	0.63213
5478	YOR043W	0.63213
5479	YGR038C-B	0.6321
5480	YKL018C-A	0.63204
5481	YLR136C	0.63204
5482	YDR295C	0.63197
5483	YGR227C-A	0.63178
5484	YLR294C	0.63172
5485	YFL014W	0.63168
5486	YDR098C-B	0.63166
5487	YNL011C	0.63166
5488	YLR157C-B	0.63163
5489	YLR154W-F	0.6316
5490	YDR125C	0.63159
5491	YDR377W	0.63157
5492	YDR229W	0.63147
5493	YNR039C	0.63146
5494	YOR152C	0.63136
5495	YJR027W	0.63136
5496	YDR138W	0.63133
5497	YGL124C	0.63133
5498	YML012C-A	0.63131
5499	YDL184C	0.63118
5500	YDL133C-A	0.63118
5501	YOR186C-A	0.63115
5502	YDR396W	0.63102
5503	YGR130C	0.63096
5504	YGR161C-D	0.63093
5505	YLR238W	0.63079
5506	YBR098W	0.63077
5507	YOR373W	0.63074
5508	YGL108C	0.63073
5509	YOR037W	0.63064
5510	YLR407W	0.63042
5511	YAL037W	0.63038
5512	YML039W	0.63035
5513	YPR137C-B	0.63034
5514	YFR011C	0.63032
5515	YJL016W	0.63021
5516	YPR074W-A	0.63016
5517	YGL159W	0.63014
5518	YPR158C-D	0.63014
5519	YJL099W	0.63011
5520	YJL107C	0.63
5521	YKL133C	0.62996
5522	YBR171W	0.62989
5523	YDR024W	0.62988
5524	YDL149W	0.62984
5525	YDR303C	0.62983
5526	YIL163C	0.62974
5527	YDR131C	0.62971
5528	YHR105W	0.6297
5529	YDR254W	0.62969
5530	YBR016W	0.62968
5531	YOR142W-B	0.62968
5532	YLR381W	0.62966
5533	YJR108W	0.62955
5534	YJR029W	0.62954
5535	YDR316W-B	0.62952
5536	YGR233C	0.62944
5537	YOR193W	0.62941
5538	YBR289W	0.62941
5539	YMR050C	0.62939
5540	YOR189W	0.62921
5541	YMR198W	0.62916
5542	YBR012W-B	0.62913
5543	YLR227W-B	0.62907
5544	YLR024C	0.62888
5545	YGR053C	0.62881
5546	YMR023C	0.62879
5547	YOR329C	0.62871
5548	YGR077C	0.62863
5549	YDL242W	0.62858
5550	YDR500C	0.6285
5551	YGR027W-B	0.62848
5552	YER041W	0.62846
5553	YLR176C	0.62845
5554	YFR029W	0.62827
5555	YDR210C-D	0.62823
5556	YMR048W	0.62821
5557	YMR031C	0.62818
5558	YBR128C	0.62816
5559	YIR030C	0.62815
5560	YDR228C	0.62803
5561	YHL020C	0.628
5562	YBL085W	0.62799
5563	YDR381C-A	0.62793
5564	YJL114W	0.62789
5565	YDR118W	0.62778
5566	YJL044C	0.62773
5567	YDL204W	0.6277
5568	YLR278C	0.62769
5569	YPR158W-B	0.62765
5570	YNL234W	0.62752
5571	YOL104C	0.62747
5572	YMR176W	0.62718
5573	YLR395C	0.62716
5574	YBL090W	0.62711
5575	YJL150W	0.62706
5576	YER160C	0.62685
5577	YBR056W-A	0.62685
5578	YOR260W	0.62685
5579	YKL072W	0.62685
5580	Q0110	0.62681
5581	YFR032C-B	0.62677
5582	YKR016W	0.62659
5583	YKL074C	0.62638
5584	YLR035C-A	0.62636
5585	YGR147C	0.62632
5586	YBR058C-A	0.6263
5587	YBL028C	0.6263
5588	YGL136C	0.6263
5589	YHR145C	0.62619
5590	YMR111C	0.62614
5591	YDR034W-B	0.62588
5592	YDR261C-D	0.62583
5593	YDL216C	0.62574
5594	YHR132W-A	0.62552
5595	YDR357C	0.62528
5596	YDR333C	0.62523
5597	YDR383C	0.62517
5598	YNL054W-B	0.62516
5599	YEL018W	0.62513
5600	YHL009W-A	0.62512
5601	YML009W-B	0.62511
5602	YJL205C	0.62499
5603	YMR158C-A	0.62489
5604	YKR099W	0.62478
5605	YOR169C	0.62469
5606	YJR037W	0.62422
5607	YDL044C	0.6242
5608	YPL178W	0.62416
5609	YMR117C	0.62399
5610	YKR015C	0.62379
5611	YER097W	0.62378
5612	YIR014W	0.62374
5613	YIL071W-A	0.62372
5614	YLR033W	0.62363
5615	YLL019C	0.62356
5616	YOL136C	0.62354
5617	YBL005W-B	0.62353
5618	YGL006W-A	0.62352
5619	YPR170W-A	0.62349
5620	YLR310C	0.62334
5621	YML054C-A	0.62323
5622	Q0115	0.62319
5623	YIL002W-A	0.62315
5624	YNL041C	0.62311
5625	YNL284C-B	0.62299
5626	YDR252W	0.62292
5627	YMR045C	0.6229
5628	YCL014W	0.62288
5629	YOL107W	0.62288
5630	YDR159W	0.62277
5631	YFR039C	0.62259
5632	YMR014W	0.62253
5633	YIL044C	0.62237
5634	YOL003C	0.62234
5635	YNL165W	0.62226
5636	YGR013W	0.62217
5637	YDL005C	0.62213
5638	YCR015C	0.62204
5639	YNL204C	0.62203
5640	YOR289W	0.62202
5641	YJR043C	0.62193
5642	YNL295W	0.6218
5643	YKR029C	0.62172
5644	YDR089W	0.62165
5645	YMR098C	0.62163
5646	YOL159C-A	0.62162
5647	YPR117W	0.62157
5648	YNL050C	0.62155
5649	YDR042C	0.62154
5650	YHR141C	0.62122
5651	YNL162W	0.62122
5652	YML083C	0.62108
5653	YOL017W	0.62104
5654	Q0297	0.62097
5655	YHR214W-A	0.62093
5656	YBL084C	0.62089
5657	YMR100W	0.62088
5658	YCL028W	0.62085
5659	YCR003W	0.62079
5660	YOL109W	0.62075
5661	YER169W	0.62072
5662	YBR077C	0.62049
5663	YBR081C	0.62045
5664	Q0143	0.62042
5665	YNR025C	0.62034
5666	YDR317W	0.62019
5667	YBR172C	0.62015
5668	YGR030C	0.62
5669	YOL089C	0.61993
5670	YBL107C	0.61989
5671	YLR299C-A	0.61977
5672	YMR256C	0.61974
5673	YCL024W	0.6197
5674	YHR006W	0.61962
5675	YDL181W	0.61952
5676	YGL230C	0.61944
5677	YJR134C	0.61921
5678	YHR097C	0.6192
5679	YFR036W-A	0.61916
5680	YDR202C	0.61915
5681	YJL026C-A	0.6191
5682	YLR423C	0.61905
5683	YJL013C	0.61904
5684	YBL005W	0.6189
5685	YPR158C-C	0.6189
5686	YHR165C	0.61888
5687	YMR032W	0.61887
5688	YIL049W	0.61881
5689	YNL008C	0.61879
5690	YGR075C	0.6187
5691	YKR083C	0.61868
5692	YIL129C	0.6186
5693	YJR127C	0.61859
5694	YGR039W	0.61859
5695	YJR157W	0.61858
5696	YLR151C	0.61839
5697	YDL012C	0.61835
5698	YOL024W	0.61829
5699	YOL103W-A	0.61828
5700	YIR024C	0.61825
5701	YCL039W	0.61825
5702	YNL070W	0.61823
5703	YMR294W	0.61822
5704	YLR184W	0.61818
5705	YNL198C	0.61817
5706	YAL063C-A	0.61815
5707	YDL106C	0.61809
5708	YGL215W	0.61807
5709	YLR297W	0.61803
5710	YLR256W	0.61787
5711	YJR138W	0.61784
5712	YJL073W	0.61779
5713	YDR261C-C	0.61773
5714	YNL265C	0.61755
5715	YLR403W	0.61753
5716	YOR170W	0.61749
5717	YAR068W	0.61746
5718	YKR020W	0.61743
5719	YBL006C	0.61743
5720	YOR097C	0.61699
5721	YDR414C	0.61676
5722	YNR063W	0.61666
5723	Q0092	0.61665
5724	YGL107C	0.61659
5725	YBR217W	0.61659
5726	YNR004W	0.61631
5727	YER038W-A	0.61631
5728	YER137C-A	0.6163
5729	YLR157C-A	0.6163
5730	YDR365W-A	0.6163
5731	YPL257W-A	0.6163
5732	YHL027W	0.61628
5733	YHL009C	0.61616
5734	YDR462W	0.61615
5735	YGL249W	0.61612
5736	YIL102C-A	0.61598
5737	YLL021W	0.61595
5738	YER088W-B	0.61585
5739	YGL174W	0.6158
5740	YML103C	0.61574
5741	YDL098C	0.61569
5742	YDR299W	0.61566
5743	YHR119W	0.6156
5744	YLR321C	0.6156
5745	YGL041W-A	0.61553
5746	YBR182C-A	0.61548
5747	YDL173W	0.61528
5748	YJL187C	0.61527
5749	YCR082W	0.61517
5750	YBR135W	0.61497
5751	YLR256W-A	0.61486
5752	YLR408C	0.6148
5753	YML093W	0.61475
5754	YDL070W	0.61469
5755	YHR004C	0.61467
5756	YDR458C	0.61432
5757	YBR033W	0.61419
5758	YMR064W	0.61408
5759	YBL051C	0.61405
5760	YDR475C	0.61396
5761	YLR332W	0.61392
5762	YNR077C	0.61389
5763	YDR153C	0.61389
5764	YPR075C	0.61389
5765	YGL090W	0.61385
5766	YPR106W	0.61382
5767	YNL013C	0.61374
5768	YLR295C	0.61367
5769	YAL041W	0.61367
5770	YJR135C	0.61364
5771	YDR486C	0.61361
5772	YHR193C-A	0.61359
5773	YML128C	0.61356
5774	YOR221C	0.61353
5775	YIL139C	0.61353
5776	YIL149C	0.61348
5777	YLR224W	0.61343
5778	YKL106C-A	0.61337
5779	YJR026W	0.61334
5780	YLR227W-A	0.61334
5781	YML040W	0.61334
5782	YLR165C	0.61334
5783	YDR285W	0.6133
5784	YKR054C	0.61312
5785	YPL034W	0.61311
5786	YOL100W	0.61304
5787	YGR129W	0.61303
5788	YBR270C	0.61294
5789	YBL100W-C	0.61292
5790	YJL113W	0.61287
5791	YGL182C	0.61273
5792	YER158W-A	0.61271
5793	YER109C	0.6127
5794	YML047C	0.6127
5795	YCL029C	0.61268
5796	YGR169C-A	0.61257
5797	YML045W-A	0.61247
5798	YFR012W	0.61237
5799	YHL009W-B	0.61232
5800	YJL209W	0.61226
5801	YDL016C	0.61205
5802	YDR499W	0.61204
5803	YIL086C	0.61197
5804	YPL272C	0.61184
5805	YGL214W	0.61173
5806	YJR147W	0.61167
5807	YLR057W	0.61154
5808	YDL151C	0.61151
5809	YFR032C-A	0.61149
5810	YJL049W	0.6114
5811	YBR012W-A	0.61136
5812	YGR222W	0.61133
5813	YER054C	0.6113
5814	YDR098C-A	0.61127
5815	YBR230C	0.61127
5816	Q0010	0.61121
5817	YPL216W	0.61116
5818	YMR119W	0.61113
5819	YHR136C	0.61111
5820	YNL172W	0.61107
5821	YNL230C	0.61106
5822	YOR297C	0.61103
5823	YPL096C-A	0.61097
5824	YPR137C-A	0.61089
5825	YAR010C	0.61089
5826	YGR016W	0.61087
5827	YOR078W	0.6108
5828	YGL113W	0.61066
5829	YNL068C	0.61061
5830	YHR056C	0.61058
5831	YDL220C	0.61054
5832	YNR047W	0.61053
5833	YNL136W	0.61038
5834	YLR287C-A	0.61017
5835	YOR182C	0.61017
5836	YDR316W-A	0.61016
5837	YGR161C-C	0.61016
5838	YLR035C-B	0.61016
5839	YMR051C	0.61016
5840	YER159C-A	0.61016
5841	YDR307W	0.60993
5842	YLR173W	0.60993
5843	YPR009W	0.60992
5844	YDR124W	0.60985
5845	YKL061W	0.60983
5846	YOR287C	0.60966
5847	YJL105W	0.60949
5848	YPR015C	0.60907
5849	YCL019W	0.60902
5850	YMR073C	0.60902
5851	YPR049C	0.60884
5852	YOR276W	0.60871
5853	YPL016W	0.60862
5854	YDR464W	0.60861
5855	YGL093W	0.60846
5856	YNL183C	0.60845
5857	YHR099W	0.60844
5858	YCR066W	0.60835
5859	YFL041W-A	0.6081
5860	YJL019W	0.60808
5861	YDR143C	0.60801
5862	YNL254C	0.60791
5863	YLR211C	0.60788
5864	YOR140W	0.60782
5865	YJL146W	0.60781
5866	YOR085W	0.6078
5867	YBR124W	0.60772
5868	YOR329W-A	0.60767
5869	YOR220W	0.60765
5870	YER050C	0.60758
5871	YJR028W	0.60754
5872	YOR142W-A	0.60745
5873	YPR158W-A	0.60745
5874	YEL009C-A	0.60741
5875	YGR038C-A	0.60733
5876	YGL059W	0.60726
5877	YER112W	0.60716
5878	YDR350C	0.60709
5879	YKR011C	0.60708
5880	YCR020W-B	0.60707
5881	YGR161W-B	0.60698
5882	YFL002W-A	0.60698
5883	YFL019C	0.60687
5884	YDR179C	0.60667
5885	YOR308C	0.60666
5886	YOL118C	0.60648
5887	YOR083W	0.60636
5888	YER046W	0.60629
5889	YDR261W-B	0.60621
5890	YOR235W	0.6061
5891	YMR142C	0.60606
5892	YIL112W	0.60598
5893	YGR151C	0.60598
5894	YGR027W-A	0.6058
5895	YOR058C	0.60573
5896	YPL021W	0.60572
5897	YJL133C-A	0.60564
5898	YJL048C	0.60563
5899	YDR170W-A	0.6056
5900	YBR215W	0.60556
5901	YOR192C-B	0.60546
5902	YLR454W	0.60532
5903	YDR210C-C	0.6053
5904	YDL082W	0.60525
5905	YHL025W	0.60523
5906	YOL117W	0.60522
5907	YOL044W	0.60519
5908	YGR038C-D/YGR038C-C	0.60511
5909	YDR156W	0.60505
5910	YJR101W	0.60504
5911	YLR082C	0.605
5912	YPL189C-A	0.60495
5913	YKR031C	0.60482
5914	YDR529C	0.60478
5915	YDR034C-D	0.60469
5916	YBR188C	0.60451
5917	YLR313C	0.6045
5918	YJL122W	0.60443
5919	YBL109W	0.60438
5920	YBR239C	0.60419
5921	YER173W	0.604
5922	YPL156C	0.60397
5923	YPL060C-A	0.60395
5924	YMR059W	0.60386
5925	YMR280C	0.60385
5926	YJR093C	0.60373
5927	YBR238C	0.60372
5928	YFR023W	0.60352
5929	YBR108W	0.60349
5930	YMR151W	0.60348
5931	YGL151W	0.60347
5932	YLR265C	0.60343
5933	YDR076W	0.60343
5934	YDR078C	0.6034
5935	YBL029W	0.60311
5936	YCL001W	0.60307
5937	YMR025W	0.603
5938	YNL156C	0.60293
5939	YOL069W	0.60288
5940	YPR061C	0.6026
5941	YLR320W	0.60236
5942	YLR410W-B	0.60233
5943	YLR098C	0.60232
5944	YKR095W	0.6023
5945	YDR210W-B	0.60221
5946	YMR107W	0.60207
5947	YNL284C-A	0.60196
5948	YPL256C	0.60189
5949	YPR122W	0.60187
5950	YMR018W	0.60186
5951	YIL071C	0.60186
5952	YDR176W	0.60185
5953	YOR144C	0.6018
5954	YJL176C	0.60158
5955	YBL100W-B	0.60147
5956	YBR233W-A	0.60136
5957	YGL197W	0.60121
5958	YOR121C	0.60119
5959	YDR466W	0.60114
5960	YMR191W	0.60107
5961	YDL170W	0.60077
5962	YBR126W-A	0.60075
5963	YPR070W	0.60067
5964	YIR003W	0.60063
5965	YNL213C	0.60058
5966	YBR257W	0.60057
5967	YLR376C	0.60055
5968	YBL093C	0.60032
5969	YBR004C	0.60018
5970	YOR385W	0.60014
5971	YLR182W	0.60007
5972	YDL121C	0.59989
5973	YJL020W-A	0.59985
5974	YMR257C	0.59981
5975	YDR104C	0.59979
5976	YML114C	0.59978
5977	YOL138C	0.59956
5978	YOR355W	0.59952
5979	YHR149C	0.5995
5980	YMR147W	0.59946
5981	YAL016C-B	0.5994
5982	YNL159C	0.59922
5983	YDL048C	0.59899
5984	YDR322W	0.59892
5985	YHR199C-A	0.59886
5986	YLR227C	0.59882
5987	YGR160W	0.59874
5988	YOR343W-B	0.59861
5989	YMR017W	0.59855
5990	YNL164C	0.59855
5991	YLR242C	0.59852
5992	YML101C-A	0.59839
5993	YDL152W	0.59834
5994	YDR005C	0.59819
5995	YBR168W	0.59812
5996	YIL019W	0.59802
5997	YIL098C	0.59801
5998	YNL058C	0.59779
5999	YOR019W	0.59768
6000	YLR073C	0.59737
6001	YGR098C	0.59731
6002	YML034W	0.59729
6003	YBR131W	0.597
6004	YHR017W	0.59694
6005	YHR093W	0.5969
6006	YPR021C	0.59677
6007	YKL063C	0.59671
6008	YLR119W	0.59662
6009	YPL085W	0.5959
6010	YOR266W	0.59573
6011	YIL031W	0.59563
6012	YBL005W-A	0.59553
6013	YML059C	0.59551
6014	YMR046C	0.59538
6015	YPR068C	0.59525
6016	YDR115W	0.59512
6017	YHR082C	0.59508
6018	YGR081C	0.59497
6019	YER022W	0.59491
6020	YDR329C	0.59483
6021	YPL177C	0.59454
6022	YGL237C	0.59432
6023	YGL209W	0.5942
6024	YMR148W	0.59408
6025	YHR167W	0.59391
6026	YOR129C	0.59388
6027	YIL136W	0.59373
6028	YIR018W	0.59372
6029	YKL092C	0.59372
6030	YLR424W	0.59369
6031	YIL159W	0.59369
6032	YMR066W	0.5936
6033	YCR043C	0.5936
6034	YBR250W	0.59359
6035	YNL211C	0.59357
6036	YOR381W-A	0.59351
6037	YMR284W	0.5935
6038	YER153C	0.59341
6039	YMR311C	0.5934
6040	YFL024C	0.59327
6041	YOL082W	0.59311
6042	YGL117W	0.59308
6043	YIL158W	0.59291
6044	YDL129W	0.59274
6045	YDR371W	0.59258
6046	YPL146C	0.59247
6047	YAL027W	0.59241
6048	YNL005C	0.59216
6049	YPR002C-A	0.59211
6050	YPR134W	0.59209
6051	YPL120W	0.59207
6052	YLR091W	0.59205
6053	YMR172W	0.59204
6054	YJR107C-A	0.59193
6055	YGR115C	0.59184
6056	YDL159W-A	0.59146
6057	YDR469W	0.59145
6058	YJL207C	0.5914
6059	YOR304C-A	0.59131
6060	YDR034C	0.59125
6061	YNL054W-A	0.59094
6062	YER084W-A	0.59083
6063	YBL039W-B	0.59059
6064	YKL176C	0.59031
6065	YCR018C	0.59015
6066	YDR369C	0.59
6067	YMR153W	0.58993
6068	YOL131W	0.58992
6069	YPR007C	0.58981
6070	YFR040W	0.5898
6071	YEL014C	0.58966
6072	YNL105W	0.58947
6073	YER035W	0.58934
6074	YDL130W-A	0.58907
6075	YJL083W	0.58905
6076	YPL174C	0.58904
6077	YJR012C	0.58899
6078	YPL039W	0.58897
6079	YLR146W-A	0.58895
6080	YGR089W	0.58894
6081	YMR072W	0.58867
6082	YDR240C	0.58857
6083	YPL018W	0.58854
6084	YFR054C	0.58819
6085	YMR094W	0.58808
6086	YFL049W	0.58807
6087	YPR142C	0.58802
6088	YKL101W	0.58794
6089	YKR019C	0.58793
6090	YGR150C	0.58792
6091	YER122C	0.58789
6092	YJL180C	0.58761
6093	YLR465C	0.58754
6094	YFR003C	0.58749
6095	YDR034C-C	0.58739
6096	YLR040C	0.5871
6097	YPR174C	0.58692
6098	YBR072C-A	0.58686
6099	YDL073W	0.58673
6100	YDR379W	0.58668
6101	YOR028C	0.58656
6102	YGR250C	0.58653
6103	YBR136W	0.58652
6104	YGL176C	0.58644
6105	YKL048C	0.58637
6106	YDR017C	0.58622
6107	YNL245C	0.586
6108	YFR057W	0.58594
6109	YNL314W	0.58584
6110	YML017W	0.58575
6111	YBR066C	0.5857
6112	YPL200W	0.58566
6113	YDL197C	0.58561
6114	YIR033W	0.58536
6115	YDL235C	0.5853
6116	YJR106W	0.58518
6117	YLR404W	0.58516
6118	YDR348C	0.58508
6119	YER175W-A	0.58501
6120	YOR186W	0.58486
6121	YBR197C	0.58476
6122	YOR192C-A	0.58442
6123	YLR437C	0.58427
6124	YOR313C	0.5842
6125	YCL020W	0.58398
6126	YGL086W	0.58384
6127	YOR107W	0.58371
6128	YLR327C	0.5836
6129	YKL162C	0.5836
6130	YDR082W	0.58356
6131	YLL005C	0.58353
6132	YGL073W	0.58347
6133	YDR261W-A	0.58328
6134	YLR360W	0.58317
6135	YBL059W	0.58303
6136	YLR263W	0.583
6137	YDR532C	0.58288
6138	YGR015C	0.5828
6139	YHR182W	0.58273
6140	YHR159W	0.58267
6141	YLR135W	0.58263
6142	YDR235W	0.58247
6143	YJR003C	0.5824
6144	YBL043W	0.58238
6145	YDR505C	0.5823
6146	YGR240C-A	0.58224
6147	YMR052W	0.58205
6148	YMR282C	0.58196
6149	YOR298W	0.58192
6150	YLR424C-A	0.58187
6151	YPL202C	0.58179
6152	YGR275W	0.58174
6153	YNL266W	0.58172
6154	YDR451C	0.58138
6155	YDR043C	0.58135
6156	YPL075W	0.58133
6157	YDL199C	0.58071
6158	YPL219W	0.58066
6159	YCR097W	0.58061
6160	YNL157W	0.58057
6161	YMR016C	0.58056
6162	YBL103C	0.58038
6163	YJL066C	0.5803
6164	YLR201C	0.58026
6165	YKL138C-A	0.57988
6166	YBR057C	0.57981
6167	YPL168W	0.57979
6168	YGR134W	0.57974
6169	YBR083W	0.57957
6170	YKL138C	0.57933
6171	YHR131C	0.57921
6172	YLR052W	0.57909
6173	YBL063W	0.57901
6174	YKL050C	0.57887
6175	YGR161W-A	0.57879
6176	YFL002W-B	0.57879
6177	YOL015W	0.57872
6178	YGL162W	0.57866
6179	YML007W	0.57863
6180	YPR095C	0.57858
6181	YJL170C	0.57835
6182	YGR161W-C	0.57811
6183	YLL042C	0.578
6184	YLR410W-A	0.57791
6185	YDL056W	0.57787
6186	YDR066C	0.57786
6187	YJR092W	0.57763
6188	YER129W	0.5775
6189	YGR038C-E	0.57736
6190	YKL159C	0.5772
6191	YMR164C	0.57719
6192	YDR201W	0.57708
6193	YGR196C	0.57707
6194	YDL050C	0.57667
6195	YBR049C	0.57632
6196	YGL229C	0.57612
6197	YDR014W-A	0.576
6198	YJR086W	0.57597
6199	YOR208W	0.57576
6200	YKL020C	0.57572
6201	YMR187C	0.57564
6202	YPL166W	0.5755
6203	YBL100W-A	0.57548
6204	YDL115C	0.57537
6205	YJL076W	0.57527
6206	YAL034C	0.57506
6207	YDR169C	0.57502
6208	YNL210W	0.57493
6209	YML081W	0.57487
6210	YAL032C	0.57481
6211	YDL211C	0.57465
6212	YDL139C	0.57456
6213	YPL130W	0.57455
6214	YBR182C	0.57453
6215	YNL196C	0.57427
6216	YIL055C	0.57418
6217	YDR361C	0.57415
6218	YER093C-A	0.57403
6219	YNL133C	0.57403
6220	YCR081W	0.57401
6221	YDR146C	0.57375
6222	YLR252W	0.57361
6223	YJR053W	0.57349
6224	YAR014C	0.57348
6225	YBR225W	0.57343
6226	YBL088C	0.5729
6227	YGL066W	0.57273
6228	YNL115C	0.57272
6229	YNL054W	0.57266
6230	YNR045W	0.57255
6231	YCL061C	0.57237
6232	YJL058C	0.57237
6233	YOR030W	0.57214
6234	YPR164W	0.57206
6235	YBL053W	0.5717
6236	YJR021C	0.57164
6237	YIL092W	0.57146
6238	YLR042C	0.5714
6239	YCL021W-A	0.57139
6240	YGR230W	0.57125
6241	YMR199W	0.57123
6242	YOR350C	0.57113
6243	YDL206W	0.57112
6244	YGL005C	0.5709
6245	YDR166C	0.57055
6246	YPL193W	0.57029
6247	YPR151C	0.57015
6248	YOR104W	0.5701
6249	YPL011C	0.57
6250	YGR067C	0.56982
6251	YIL117C	0.56973
6252	YNL144C	0.56947
6253	YPL099C	0.56934
6254	YDR260C	0.56916
6255	YOR137C	0.56897
6256	YGL075C	0.56888
6257	YGL081W	0.56849
6258	YLR267W	0.56842
6259	YPL052W	0.56783
6260	YDR210W-A	0.56779
6261	YNR024W	0.56771
6262	YMR299C	0.56765
6263	YBL052C	0.56754
6264	YLR424C-B	0.56744
6265	YER121W	0.56728
6266	YLR271W	0.56689
6267	YIL037C	0.56681
6268	YJR162C	0.5668
6269	YOR343W-A	0.56658
6270	YNL100W	0.56649
6271	YER028C	0.56612
6272	YPL027W	0.56602
6273	YGL096W	0.56567
6274	YER075C	0.56561
6275	YDR069C	0.56545
6276	YMR030W	0.56542
6277	YDL176W	0.56506
6278	YDR494W	0.56499
6279	YDR016C	0.56498
6280	YCR033W	0.56494
6281	YGR249W	0.56492
6282	YKL225W	0.56486
6283	YMR163C	0.5647
6284	YML041C	0.56462
6285	YDL088C	0.56432
6286	YMR174C	0.56426
6287	YBR184W	0.56419
6288	YPL253C	0.56413
6289	YDR461C-A	0.56399
6290	YJL103C	0.56398
6291	YDR103W	0.56388
6292	YGR168C	0.56383
6293	YER181C	0.56383
6294	YDR217C	0.5629
6295	YBR275C	0.56279
6296	YOR177C	0.56264
6297	YIL097W	0.56255
6298	YJL056C	0.56245
6299	YDR123C	0.56244
6300	YIL144W	0.56224
6301	YLR219W	0.56218
6302	YOL070C	0.56193
6303	YGL061C	0.56188
6304	YJR089W	0.56188
6305	YOR192C-C	0.56184
6306	YNL053W	0.5617
6307	YLR282C	0.56163
6308	YJL095W	0.56143
6309	YKR034W	0.56134
6310	YBR140C	0.5613
6311	YOR113W	0.56124
6312	YHR184W	0.56079
6313	YDL020C	0.56075
6314	YHL023C	0.56071
6315	YKL171W	0.56059
6316	YHR156C	0.56059
6317	YPR013C	0.56038
6318	YOR047C	0.56032
6319	YOL031C	0.56028
6320	YHR103W	0.55972
6321	YLL047W	0.55952
6322	YPR185W	0.55932
6323	YKL108W	0.5591
6324	YDR457W	0.55899
6325	YLR139C	0.55895
6326	YGR079W	0.55895
6327	YGL071W	0.55879
6328	YER045C	0.55879
6329	YGR251W	0.55871
6330	YGR140W	0.55819
6331	YDR065W	0.55811
6332	YPL033C	0.55797
6333	YBR173C	0.5579
6334	YLR431C	0.55787
6335	YML062C	0.55782
6336	YOR148C	0.55775
6337	YLR079W	0.5575
6338	YML037C	0.55705
6339	YGL194C-A	0.55691
6340	YIR016W	0.5566
6341	YDR524C	0.55655
6342	YEL005C	0.55652
6343	YNL199C	0.55599
6344	YAL010C	0.55594
6345	YML113W	0.55586
6346	YDL189W	0.55571
6347	YKL023W	0.55552
6348	YOR284W	0.55549
6349	YFL033C	0.55518
6350	YPL118W	0.55505
6351	YGL219C	0.55461
6352	YML043C	0.55453
6353	YDR422C	0.55419
6354	YCL005W	0.55411
6355	YPR044C	0.5539
6356	YPR084W	0.55386
6357	YMR232W	0.55379
6358	YGR142W	0.55366
6359	YLR307C-A	0.55363
6360	YJR005C-A	0.55317
6361	YPL070W	0.5527
6362	YJR030C	0.55232
6363	YOR032C	0.55217
6364	YBR194W	0.55213
6365	YNL167C	0.552
6366	YOR349W	0.5518
6367	YNL309W	0.55112
6368	YLL003W	0.551
6369	YLR094C	0.55083
6370	YHR079C-A	0.55076
6371	Q0144	0.55067
6372	YIL036W	0.55049
6373	YAL040C	0.55048
6374	YLR099W-A	0.55043
6375	YKL162C-A	0.55038
6376	YER149C	0.55038
6377	YOL081W	0.55009
6378	YDR443C	0.54966
6379	YBR152W	0.54942
6380	YNL046W	0.54906
6381	YDR195W	0.54877
6382	YNL152W	0.54775
6383	YLR353W	0.54774
6384	YIL127C	0.54737
6385	YKL052C	0.54731
6386	YFR019W	0.54699
6387	YJL189W	0.54687
6388	R0030W	0.54663
6389	YLL033W	0.5465
6390	YOL007C	0.54621
6391	YPR101W	0.54613
6392	YHR036W	0.5461
6393	YBR013C	0.5455
6394	YAL028W	0.54548
6395	YBR056C-B	0.54529
6396	YFR008W	0.54521
6397	YBL054W	0.54515
6398	YHL029C	0.5449
6399	YDL027C	0.54488
6400	YEL043W	0.54435
6401	YDL224C	0.54423
6402	YGR041W	0.54409
6403	YLR373C	0.54361
6404	YDR310C	0.54351
6405	YKR091W	0.54343
6406	YML027W	0.54339
6407	YNL195C	0.54282
6408	YOR147W	0.54242
6409	YNL225C	0.54198
6410	YLR221C	0.54184
6411	YNL091W	0.54166
6412	YPL201C	0.54125
6413	YJL149W	0.54087
6414	YLL065W	0.54076
6415	YLR298C	0.54076
6416	YGL138C	0.54071
6417	YDL169C	0.54057
6418	YNR049C	0.54054
6419	YJR011C	0.54046
6420	YJL118W	0.54019
6421	YBR148W	0.54014
6422	YKR100C	0.53934
6423	YPL049C	0.53915
6424	YLR254C	0.53913
6425	YDR088C	0.53903
6426	YDL223C	0.53822
6427	YER038C	0.53791
6428	YKR037C	0.5379
6429	YBL009W	0.53783
6430	YER132C	0.53761
6431	YIL101C	0.53737
6432	YOR195W	0.53696
6433	YNL197C	0.53682
6434	YBR201C-A	0.53654
6435	YOR342C	0.53646
6436	YLR230W	0.53625
6437	YDR029W	0.53598
6438	YMR195W	0.53547
6439	YER088C	0.53525
6440	YDR070C	0.53506
6441	YGR161C	0.53499
6442	YOR076C	0.53461
6443	YLR334C	0.5346
6444	YDL069C	0.53449
6445	YPR036W-A	0.53445
6446	YJL181W	0.53443
6447	YDL239C	0.53438
6448	YDR096W	0.53396
6449	YBR047W	0.53395
6450	YGL079W	0.53379
6451	YHR177W	0.5334
6452	YKR045C	0.53338
6453	YKR078W	0.5333
6454	YDR151C	0.53314
6455	YOR264W	0.53307
6456	YLR436C	0.533
6457	YLR031W	0.53254
6458	YDR216W	0.53252
6459	YLR363W-A	0.53209
6460	YPL158C	0.53113
6461	YOR214C	0.5311
6462	YLR018C	0.53072
6463	YOL091W	0.53032
6464	Q0255	0.53021
6465	YLR131C	0.53021
6466	YGR071C	0.52957
6467	YCL051W	0.52935
6468	YPL054W	0.52934
6469	YOR114W	0.52926
6470	YOR158W	0.52909
6471	YDR515W	0.52903
6472	YNR009W	0.52899
6473	YGR179C	0.52896
6474	YLR341W	0.52883
6475	YIL045W	0.5285
6476	YKL062W	0.52842
6477	YMR219W	0.5284
6478	YLR190W	0.52838
6479	YIR010W	0.5281
6480	YOL025W	0.52726
6481	YBL046W	0.52721
6482	YML009C-A	0.52706
6483	YNR014W	0.52704
6484	YOL029C	0.52692
6485	YDR030C	0.52661
6486	YPL250C	0.52621
6487	YDR374C	0.52612
6488	YMR270C	0.5259
6489	YDR239C	0.5259
6490	YPR005C	0.52587
6491	YHR195W	0.5257
6492	YGL223C	0.52551
6493	YDL089W	0.5255
6494	YLR352W	0.52528
6495	YLR312C	0.52523
6496	YFR017C	0.52522
6497	YER044C-A	0.52513
6498	YDR014W	0.5241
6499	YAL031C	0.52392
6500	YJL110C	0.52391
6501	YKL204W	0.52382
6502	YPR171W	0.52377
6503	YMR124W	0.52358
6504	YBR063C	0.52346
6505	YPL269W	0.52326
6506	YML015C	0.52321
6507	YLR315W	0.52202
6508	YNL042W	0.52142
6509	YHR160C	0.52118
6510	YGR023W	0.52094
6511	YBL034C	0.52089
6512	YMR204C	0.52088
6513	YKR010C	0.52076
6514	YDR277C	0.52064
6515	YMR086W	0.52019
6516	YAL024C	0.51971
6517	YOR073W	0.5197
6518	YOR255W	0.51956
6519	YEL057C	0.5195
6520	YGR153W	0.51921
6521	YER040W	0.51802
6522	YML058W	0.51778
6523	YMR179W	0.51758
6524	YDR181C	0.5174
6525	YMR135C	0.51726
6526	YOR352W	0.51702
6527	YDR446W	0.51635
6528	YOR178C	0.51553
6529	YOR053W	0.51545
6530	YDR356W	0.51539
6531	YBR203W	0.51524
6532	YNL103W	0.515
6533	YBR007C	0.51478
6534	YER155C	0.51422
6535	YCL027W	0.51358
6536	YNL018C	0.51341
6537	YDL076C	0.51335
6538	YBR255W	0.51318
6539	YMR160W	0.51275
6540	YGL175C	0.51274
6541	YER111C	0.51225
6542	YNL027W	0.51223
6543	YNL034W	0.51221
6544	YBR076W	0.51215
6545	YML091C	0.51201
6546	YJL090C	0.51188
6547	YDR227W	0.51173
6548	YLR283W	0.5117
6549	YHR054C	0.51166
6550	YFL021W	0.5114
6551	YCL044C	0.51106
6552	YDR259C	0.51102
6553	YNL176C	0.51075
6554	YKL068W-A	0.51035
6555	YJL144W	0.50881
6556	YGL057C	0.50869
6557	YLR273C	0.50859
6558	YMR075W	0.50812
6559	YGL035C	0.50762
6560	YGR113W	0.5072
6561	YPL230W	0.50708
6562	YBR130C	0.50701
6563	YJR056C	0.50665
6564	YBR050C	0.50619
6565	YKL065W-A	0.50576
6566	YOR359W	0.50515
6567	YGR126W	0.50507
6568	YIL119C	0.5041
6569	YOR062C	0.50367
6570	YLR030W	0.50323
6571	YMR003W	0.5032
6572	YNL311C	0.50297
6573	YDR425W	0.50283
6574	YDR113C	0.50279
6575	YGL023C	0.50203
6576	YJL185C	0.50147
6577	YGR273C	0.50113
6578	YDR207C	0.50112
6579	YJL051W	0.50086
6580	YKL093W	0.50041
6581	YKL185W	0.50009
6582	YCR065W	0.49995
6583	YKL112W	0.499
6584	YPR158W	0.49887
6585	YDR351W	0.49882
6586	YHR152W	0.49867
6587	YDR028C	0.49821
6588	YDR439W	0.49812
6589	YJR083C	0.49757
6590	YOR066W	0.49699
6591	YOR324C	0.49669
6592	YPL077C	0.49636
6593	YGR120C	0.49623
6594	YDR275W	0.49603
6595	YAL047C	0.49517
6596	YDR223W	0.49474
6597	YER158C	0.49387
6598	YPR078C	0.49375
6599	YBR095C	0.49337
6600	YDR219C	0.49292
6601	YIL122W	0.49231
6602	YLR223C	0.49162
6603	YNL233W	0.49147
6604	YNL214W	0.48955
6605	YDR022C	0.48879
6606	YML109W	0.48878
6607	YFR046C	0.4887
6608	YLR394W	0.48846
6609	YPL055C	0.48794
6610	YPL014W	0.48669
6611	YLR445W	0.48545
6612	YKL042W	0.48507
6613	YMR273C	0.4843
6614	YOR023C	0.48386
6615	YNL076W	0.48353
6616	YER167W	0.48349
6617	YLR102C	0.48341
6618	YJL147C	0.48297
6619	YER130C	0.4828
6620	YPL068C	0.48267
6621	YGL021W	0.48248
6622	YOL036W	0.48193
6623	YDL186W	0.48161
6624	YMR144W	0.48133
6625	YJL162C	0.48043
6626	YER104W	0.48017
6627	YLR053C	0.48007
6628	YBR165W	0.47974
6629	YKL105C	0.47952
6630	YJL161W	0.47868
6631	YKR022C	0.4784
6632	YBR156C	0.47816
6633	YER124C	0.47783
6634	YCL063W	0.47727
6635	YHR014W	0.47693
6636	YGR239C	0.47689
6637	YFL012W	0.47487
6638	YDR249C	0.47465
6639	YDR130C	0.4746
6640	YDL180W	0.47412
6641	YGL128C	0.47408
6642	YIL146C	0.47364
6643	YPL066W	0.47302
6644	YPL223C	0.47242
6645	YPL071C	0.47239
6646	YMR175W	0.47232
6647	YOL106W	0.47185
6648	YBR045C	0.47172
6649	YGR035C	0.47119
6650	YMR255W	0.47082
6651	YPL089C	0.47039
6652	YIR025W	0.47029
6653	YML053C	0.47024
6654	YDR186C	0.47012
6655	YLR257W	0.46994
6656	YLR049C	0.46788
6657	YPL180W	0.46721
6658	YNL074C	0.46719
6659	YMR036C	0.46599
6660	YGR221C	0.46583
6661	YOR372C	0.46564
6662	YPR046W	0.46531
6663	YJL089W	0.4642
6664	YPL255W	0.46377
6665	YPR008W	0.46346
6666	YHR157W	0.46261
6667	YGL222C	0.46208
6668	YOR044W	0.46199
6669	YER106W	0.46196
6670	YKL023C-A	0.46171
6671	YPL159C	0.45935
6672	YDR528W	0.45792
6673	YDR184C	0.45787
6674	YPR145C-A	0.4569
6675	YMR037C	0.45673
6676	YNL188W	0.4557
6677	YIL135C	0.4543
6678	YBL031W	0.45317
6679	YKR077W	0.45107
6680	YDR085C	0.45034
6681	YPL121C	0.45019
6682	YPR065W	0.44922
6683	YOR279C	0.44825
6684	YPL267W	0.44611
6685	YER033C	0.44586
6686	YML119W	0.44581
6687	YGL015C	0.44572
6688	YHR061C	0.44533
6689	YBR285W	0.44131
6690	YNL078W	0.44075
6691	YML006C	0.43991
6692	YNL146W	0.43865
6693	YBR211C	0.43844
6694	YBR071W	0.43584
6695	YML112W	0.4352
6696	YDR309C	0.43448
6697	YPL124W	0.43298
6698	YOR315W	0.42975
6699	YDR480W	0.42944
6700	YMR206W	0.42373
6701	YGL036W	0.42286
6702	YPR083W	0.42236
6703	YER180C	0.4205
6704	YER032W	0.41867
6705	YMR136W	0.41757
6706	YKL109W	0.41699
6707	YPL229W	0.41645
6708	YLR457C	0.41521
6709	Q0140	0.41471
6710	Q0032	0.41175
6711	YBL081W	0.41161
6712	YHR185C	0.41083
6713	YNR010W	0.41041
6714	YML003W	0.4086
6715	YMR181C	0.40519
6716	YGL170C	0.4045
6717	YFR036W	0.39741
6718	YER079W	0.39687
6719	YMR252C	0.39016
6720	YBR157C	0.38931
6721	YIL152W	0.38148
6722	YBR138C	0.38071
6723	YMR081C	0.37274
6724	YKR075C	0.35831
6725	YDL007C-A	0.3537
6726	YGR146C	0.33685
6727	YJR094C	0.33198
6728	YGR016C-A	0.30466
6729	YMR106W-A	0.30466
6730	YNL155C-A	0.30466
6731	YDL204W-A	0.30466
6732	YFR035W-A	0.30466
6733	YNL040C-A	0.30466
