rank	yeast_gene	cosine
1	YER072W	0.95188
2	YFL066C	0.94903
3	YGL008C	0.9466
4	YPL036W	0.9447
5	YKR059W	0.9394
6	YKL190W	0.93641
7	YPR204W	0.934
8	YEL013W	0.93185
9	YLR229C	0.93051
10	YGL225W	0.92896
11	YPL218W	0.92832
12	YOR061W	0.9283
13	YFL026W	0.92807
14	YHL047C	0.92783
15	YDL192W	0.92783
16	YBL112C	0.92724
17	YHR218W-A	0.92724
18	YLR113W	0.92712
19	YNL006W	0.92658
20	YPR165W	0.92561
21	YDR021W	0.92555
22	YDR540C	0.9248
23	YEL077C	0.92465
24	YOR378W	0.9245
25	YGL255W	0.92288
26	YDL137W	0.92229
27	YHR218W	0.92192
28	YHL016C	0.92182
29	YNL332W	0.9217
30	YFL058W	0.9216
31	YLR466W	0.92114
32	YNR032C-A	0.921
33	YBR164C	0.92044
34	YHR092C	0.92011
35	YJR156C	0.91999
36	YDR129C	0.91997
37	YPR182W	0.91989
38	YDL244W	0.91971
39	YHL040C	0.91912
40	YIL143C	0.91909
41	YER148W	0.91847
42	YER177W	0.91816
43	YDR343C	0.91813
44	YOR046C	0.91792
45	YER039C	0.91789
46	YDR345C	0.91774
47	YDR342C	0.91749
48	YBL016W	0.91716
49	YAL064C-A	0.91635
50	YMR290C	0.91615
51	YNL290W	0.91581
52	YJL050W	0.91544
53	YBL026W	0.91516
54	YMR034C	0.91496
55	YCR098C	0.91491
56	YMR015C	0.9145
57	YJL214W	0.91441
58	YFL039C	0.91363
59	YML018C	0.91351
60	YJR065C	0.9135
61	YOR185C	0.91313
62	YLR293C	0.91305
63	YIL148W	0.91303
64	YKR094C	0.91303
65	YDL245C	0.91294
66	YMR109W	0.9129
67	YNL209W	0.91281
68	YDL229W	0.91272
69	YKL129C	0.9127
70	YOR257W	0.9127
71	YOR270C	0.91266
72	YDL126C	0.91235
73	YLR081W	0.91232
74	YOR293W	0.91223
75	YHR096C	0.91205
76	YJL108C	0.91202
77	YDL006W	0.91195
78	YLL067C	0.91191
79	YJR158W	0.9119
80	YBL111C	0.91182
81	YHR094C	0.91179
82	YBR241C	0.91176
83	YPL266W	0.91174
84	YMR230W	0.91121
85	YMR146C	0.91093
86	YNL014W	0.91079
87	YBR080C	0.91038
88	YCR010C	0.91021
89	YHL050C	0.90997
90	YOR094W	0.90991
91	YOR204W	0.90972
92	YNL090W	0.90948
93	YER190W	0.90925
94	YEL069C	0.9092
95	YBR160W	0.9091
96	YDL166C	0.909
97	YGL091C	0.90856
98	YER060W-A	0.90848
99	YDL055C	0.90838
100	YPR173C	0.90837
101	YNR072W	0.90815
102	YDL222C	0.90807
103	YDR099W	0.90798
104	YML012W	0.90797
105	YLR249W	0.90791
106	YER081W	0.90787
107	YGR231C	0.90785
108	YPL203W	0.90738
109	YHR030C	0.90732
110	YCR057C	0.90729
111	YMR011W	0.90689
112	YNL189W	0.90689
113	YBL030C	0.90664
114	YML102W	0.90653
115	YDL084W	0.90588
116	YPL245W	0.90573
117	YOL156W	0.90549
118	YGR252W	0.90545
119	YKL146W	0.90516
120	YFL011W	0.90514
121	YLL066C	0.90511
122	YPL119C	0.90491
123	YPR138C	0.90488
124	YKL196C	0.90484
125	YGR210C	0.90481
126	YNR026C	0.90446
127	YJL034W	0.90446
128	YOR224C	0.90437
129	YCR047C	0.90432
130	YKR039W	0.90386
131	YBR296C	0.90382
132	YML123C	0.90352
133	YJL219W	0.90341
134	YFL017W-A	0.90328
135	YML133C	0.90325
136	YLR258W	0.90311
137	YNL142W	0.90262
138	YDL047W	0.90246
139	YER056C	0.90103
140	YEL031W	0.90101
141	YIL074C	0.90092
142	YIL170W	0.90088
143	YGR121C	0.90082
144	YPR016C	0.90058
145	YGR040W	0.90055
146	YIL177C	0.90046
147	YGL087C	0.90033
148	YNL330C	0.90024
149	YOL162W	0.90018
150	YEL051W	0.90009
151	YNL112W	0.89987
152	YJL225C	0.89986
153	YER060W	0.89967
154	YPL246C	0.89903
155	YBL003C	0.89897
156	YER052C	0.89895
157	YBL078C	0.89888
158	YKL218C	0.89879
159	YGL210W	0.89862
160	YDR225W	0.89861
161	YLL024C	0.89843
162	YMR116C	0.89831
163	YBL075C	0.8982
164	YJL164C	0.89812
165	YKL217W	0.89809
166	YNR002C	0.89763
167	YFR004W	0.8976
168	YEL027W	0.89756
169	YJL001W	0.89749
170	YDR185C	0.89731
171	YDR536W	0.89731
172	YDR373W	0.89724
173	YER103W	0.8972
174	YHR110W	0.8972
175	YLR186W	0.89715
176	YFL055W	0.89688
177	YAL005C	0.89677
178	YPR086W	0.89665
179	YDR091C	0.89663
180	YEL034W	0.89642
181	YLR438C-A	0.89639
182	YHR128W	0.89634
183	YER171W	0.89618
184	YPR113W	0.89617
185	YGR105W	0.89614
186	YER031C	0.89598
187	YOL158C	0.89598
188	YOL038W	0.89596
189	YBR085W	0.89572
190	YDR545W	0.89562
191	YOR396W	0.89562
192	YLR467W	0.89562
193	YML001W	0.89523
194	YAL038W	0.89512
195	YKR002W	0.89508
196	YPR183W	0.89498
197	YDR339C	0.89496
198	YFR015C	0.89486
199	YPL051W	0.89468
200	YOL133W	0.8944
201	YGL011C	0.89436
202	YLR058C	0.8942
203	YLR130C	0.89418
204	YNL098C	0.89417
205	YNR003C	0.89406
206	YAR002C-A	0.89402
207	YDL182W	0.89399
208	YAL026C	0.89397
209	YER069W	0.89377
210	YHR007C	0.89367
211	YPR062W	0.89365
212	YMR300C	0.89336
213	YGL120C	0.89336
214	YGL062W	0.89328
215	YER025W	0.89309
216	YJL030W	0.89293
217	YGR296W	0.89286
218	YPL283C	0.89285
219	YJL014W	0.89277
220	YHR200W	0.89275
221	YNL339C	0.89274
222	YER107C	0.89267
223	YER133W	0.89262
224	YOR157C	0.89256
225	YEL065W	0.89249
226	YDR238C	0.89247
227	YER166W	0.89222
228	YNR053C	0.89217
229	YGL048C	0.89215
230	YCR009C	0.89208
231	YDR075W	0.89192
232	YPR035W	0.89189
233	YER012W	0.89188
234	YNL010W	0.89184
235	YOR161C	0.89177
236	YEL066W	0.89163
237	YAL020C	0.89159
238	YER159C	0.89155
239	YDL001W	0.89141
240	YPL058C	0.89132
241	YJL213W	0.8913
242	YPR192W	0.89125
243	YJR153W	0.89111
244	YBL091C	0.89108
245	YFR053C	0.89103
246	YPR103W	0.891
247	YLR092W	0.89071
248	YMR246W	0.89067
249	YOR153W	0.89066
250	YBR054W	0.89036
251	YBR127C	0.89011
252	YCR020C-A	0.89009
253	YJL198W	0.89007
254	YOL084W	0.88976
255	YKL024C	0.8897
256	YNL268W	0.88951
257	YOL066C	0.88937
258	YDL097C	0.88933
259	YKL104C	0.88901
260	YGR282C	0.88895
261	YKR080W	0.88892
262	YOR347C	0.8889
263	YGR132C	0.88886
264	YCL009C	0.88852
265	YOL094C	0.88841
266	YBR218C	0.8883
267	YER125W	0.88803
268	YBR187W	0.88801
269	YKL216W	0.88772
270	YGL253W	0.88769
271	YAR073W	0.88756
272	YDL014W	0.88749
273	YOR380W	0.8874
274	YBR154C	0.88733
275	YLR167W	0.88733
276	YHR148W	0.88728
277	YDR040C	0.88723
278	YCR073W-A	0.88714
279	YDR001C	0.88714
280	YDR039C	0.88713
281	YDR404C	0.88705
282	YPL086C	0.88666
283	YNL255C	0.88652
284	YER119C	0.88651
285	YNL095C	0.88634
286	YDL108W	0.88628
287	YGL256W	0.88627
288	YBR109C	0.88623
289	YJR047C	0.88622
290	YPL221W	0.88613
291	YER020W	0.88613
292	YNL104C	0.88604
293	YOL122C	0.886
294	YOL143C	0.88599
295	YNL064C	0.8859
296	YMR279C	0.88587
297	YOR122C	0.88582
298	YJR025C	0.88577
299	YER145C	0.88577
300	YGL070C	0.88574
301	YDL064W	0.88573
302	YGR218W	0.88565
303	YLR170C	0.8855
304	YLR234W	0.88549
305	YPL094C	0.88526
306	YER036C	0.88522
307	YDR038C	0.88511
308	YLR034C	0.88494
309	YLR134W	0.88494
310	YGL211W	0.8849
311	YFL038C	0.88488
312	YDR190C	0.8848
313	YLR153C	0.88478
314	YEL063C	0.88476
315	YLR208W	0.88475
316	YMR205C	0.88472
317	YBR261C	0.88454
318	YDR406W	0.88452
319	YBR298C	0.8845
320	YDR033W	0.88449
321	YBR082C	0.88446
322	YPR080W	0.88436
323	YPL093W	0.88435
324	YLL018C	0.8842
325	YPR041W	0.88417
326	YPL235W	0.88412
327	YLR289W	0.88406
328	YGR152C	0.88405
329	YPL276W	0.88398
330	YOR089C	0.88394
331	YGL078C	0.88394
332	YNL125C	0.88392
333	YCR021C	0.88377
334	YDR059C	0.88369
335	YDR341C	0.88368
336	YOL021C	0.88361
337	YNL288W	0.88352
338	YJR007W	0.88346
339	YMR056C	0.8834
340	YGR123C	0.88335
341	YFR014C	0.88329
342	YIL009W	0.88327
343	YKR038C	0.88322
344	YBR106W	0.88322
345	YDR394W	0.88294
346	YER055C	0.88283
347	YGR055W	0.88277
348	YBR234C	0.88276
349	YBR235W	0.88271
350	YJR045C	0.88266
351	YDL160C	0.88265
352	YIL003W	0.88262
353	YER095W	0.88258
354	YPL175W	0.88238
355	YOR092W	0.88235
356	YLR237W	0.88211
357	YOR381W	0.88205
358	YHR065C	0.88194
359	YGL167C	0.88194
360	YLR330W	0.88192
361	YKL145W	0.88191
362	YLR326W	0.88188
363	YJL033W	0.88182
364	YGR253C	0.88167
365	YDR155C	0.88161
366	YHR057C	0.8816
367	YDR519W	0.88159
368	YDR172W	0.88149
369	YMR079W	0.88149
370	YLR200W	0.88148
371	YPL106C	0.88145
372	YKL220C	0.88133
373	YDL134C	0.88118
374	YLR193C	0.88109
375	YOR197W	0.88105
376	YEL046C	0.88102
377	YBL021C	0.88097
378	YOR327C	0.88091
379	YEL011W	0.88089
380	YOL151W	0.8807
381	YMR236W	0.88062
382	YDR375C	0.88061
383	YER179W	0.88057
384	YBR222C	0.88056
385	YJL012C	0.88053
386	YLR044C	0.88051
387	YOL110W	0.8804
388	YNL270C	0.88036
389	YJR049C	0.88031
390	YJR063W	0.88019
391	YIR042C	0.88012
392	YDR510W	0.87999
393	YBR295W	0.87997
394	YGL054C	0.87993
395	YDL022W	0.87988
396	YCL010C	0.87985
397	YBR294W	0.87981
398	YCL025C	0.87975
399	YMR266W	0.87972
400	YFL056C	0.87972
401	YBR114W	0.87966
402	YDL140C	0.87949
403	YGR191W	0.87929
404	YDL168W	0.87926
405	YGL099W	0.87921
406	YHR169W	0.87917
407	YHR106W	0.87908
408	YGR211W	0.87902
409	YPL031C	0.879
410	YMR292W	0.87897
411	YGL022W	0.87897
412	YGR281W	0.87889
413	YLR147C	0.87887
414	YJR068W	0.87879
415	YDR011W	0.87878
416	YLR384C	0.87877
417	YML008C	0.8787
418	YHR107C	0.87869
419	YOR117W	0.8786
420	YNL191W	0.87854
421	YHR050W	0.87847
422	YER009W	0.87844
423	YGL058W	0.87841
424	YOL129W	0.87839
425	YDR388W	0.87837
426	Q0275	0.87831
427	YPL129W	0.8783
428	YJR143C	0.87826
429	YOL012C	0.87818
430	YDL131W	0.87816
431	YPL169C	0.87806
432	YJL094C	0.87806
433	YFL005W	0.87802
434	YDL210W	0.8779
435	YMR243C	0.87786
436	YJR001W	0.8778
437	YPL061W	0.87773
438	YER086W	0.87767
439	YKR026C	0.87766
440	YLR005W	0.87764
441	YLR244C	0.87756
442	YIL121W	0.87753
443	YLR157C	0.87748
444	YLR158C	0.87748
445	YLR160C	0.87748
446	YLR155C	0.87748
447	YMR071C	0.87747
448	YDR321W	0.87737
449	YJR077C	0.87736
450	YDR046C	0.87732
451	YNL241C	0.87732
452	YML069W	0.87729
453	YPL226W	0.87724
454	YCL073C	0.87705
455	YDR353W	0.87697
456	YFR009W	0.87694
457	YLR397C	0.87692
458	YPL244C	0.87692
459	Q0130	0.87685
460	YBR169C	0.87682
461	YAL061W	0.87652
462	YBR263W	0.87649
463	YCR072C	0.87648
464	YBR252W	0.87644
465	YOR108W	0.8763
466	YOR348C	0.87617
467	YOR133W	0.87614
468	YMR221C	0.87613
469	YBR121C	0.87608
470	YOR187W	0.87608
471	YER165W	0.87602
472	YGL002W	0.87588
473	YKL033W-A	0.87587
474	YGL200C	0.87586
475	YAL042W	0.87579
476	YNL135C	0.87577
477	YBL071W-A	0.8757
478	YKR106W	0.87548
479	YOR362C	0.87547
480	YIL078W	0.87545
481	YDR196C	0.87532
482	YDR090C	0.87524
483	YKL166C	0.87517
484	YIL035C	0.87514
485	YPR108W	0.87512
486	YMR080C	0.87509
487	YER019W	0.87508
488	YLR152C	0.87506
489	YGR043C	0.87505
490	YOR087W	0.87499
491	YJL190C	0.87493
492	YJR095W	0.87491
493	YGR207C	0.87481
494	YOR259C	0.87475
495	YFL045C	0.87474
496	YMR307W	0.87469
497	YHR064C	0.87468
498	YJL008C	0.87466
499	YER178W	0.87465
500	YLR268W	0.87458
501	YLR213C	0.87452
502	YGR065C	0.87428
503	YCL017C	0.87428
504	YFL061W	0.87422
505	YNL335W	0.87422
506	YGL001C	0.87419
507	YGL097W	0.8741
508	YJR105W	0.87399
509	YEL030W	0.87386
510	YDR232W	0.87385
511	YHR068W	0.8738
512	YGL137W	0.87375
513	YEL058W	0.87374
514	YBL029C-A	0.87364
515	YGL252C	0.87346
516	YER074W-A	0.8734
517	YNL123W	0.8734
518	YLR367W	0.87337
519	YOR388C	0.87322
520	YPL234C	0.8732
521	YJR124C	0.87313
522	YLL063C	0.87313
523	YLR168C	0.87311
524	YBR143C	0.87311
525	YBL113C	0.87307
526	YNR060W	0.87302
527	YDR497C	0.87301
528	YBR038W	0.8728
529	YLR303W	0.8728
530	YMR203W	0.87279
531	YMR202W	0.87277
532	YOR086C	0.87272
533	YBR170C	0.87264
534	YAL023C	0.87262
535	YIR028W	0.87257
536	YJL218W	0.87252
537	YMR241W	0.87251
538	YIL021W	0.87251
539	YDR045C	0.87245
540	YNL307C	0.8724
541	YCL036W	0.87233
542	YGL115W	0.87233
543	YML124C	0.87232
544	YEL026W	0.87229
545	YEL042W	0.87225
546	YLR347C	0.87224
547	YHR018C	0.87215
548	YIL001W	0.87213
549	YDL102W	0.87204
550	YGL221C	0.87201
551	YBL002W	0.87198
552	YJL055W	0.87189
553	YIL048W	0.87189
554	YMR288W	0.87187
555	YHR019C	0.87186
556	YOL058W	0.87185
557	YEL064C	0.87185
558	YPL015C	0.87185
559	YNL277W	0.87184
560	YBR078W	0.87175
561	YNR055C	0.87173
562	YDL029W	0.87164
563	YLR447C	0.87162
564	YJR159W	0.87162
565	YGR100W	0.87159
566	YER089C	0.87158
567	YKR097W	0.87154
568	YOR317W	0.87147
569	YIR031C	0.87132
570	YMR314W	0.87129
571	YOL086C	0.87125
572	YCR068W	0.87124
573	YFL067W	0.87112
574	YPR149W	0.8711
575	YNL132W	0.87109
576	YCL040W	0.87108
577	YPR110C	0.87108
578	YJL167W	0.87097
579	YNR034W	0.87096
580	YHR183W	0.87095
581	YBR126C	0.8709
582	YLL050C	0.87087
583	YER026C	0.87086
584	YJL026W	0.87085
585	YJL121C	0.8708
586	YJR112W-A	0.8708
587	YOR283W	0.87079
588	YDL246C	0.87079
589	YGL030W	0.87074
590	YDR093W	0.87073
591	YDL188C	0.87062
592	YDR508C	0.87056
593	YOL097C	0.87052
594	YLR433C	0.87039
595	YBL041W	0.87037
596	YLL056C	0.87028
597	YOR375C	0.87025
598	YDR167W	0.87006
599	YGR246C	0.87001
600	YDR424C	0.86999
601	YMR108W	0.86993
602	YGR289C	0.86986
603	YFL059W	0.86972
604	YLR195C	0.86972
605	YDL095W	0.86971
606	YMR054W	0.86965
607	YDL049C	0.86963
608	YOL005C	0.86953
609	YDR224C	0.86949
610	YPL199C	0.86949
611	YDR116C	0.86948
612	YML085C	0.86939
613	YLL026W	0.86929
614	YBL042C	0.8692
615	YHR070W	0.86912
616	YBR043C	0.8689
617	YPR160W	0.86888
618	YJR073C	0.86881
619	YLR420W	0.86871
620	YDR384C	0.86863
621	YBL099W	0.86863
622	YNL333W	0.86854
623	YMR303C	0.86854
624	YCR008W	0.86853
625	YNL108C	0.86828
626	YJR152W	0.86827
627	YPR052C	0.86816
628	YGL139W	0.86816
629	YBL022C	0.86815
630	YER007C-A	0.86812
631	YLR277C	0.86804
632	YHR170W	0.86798
633	YNR050C	0.86791
634	YLR055C	0.86783
635	YER094C	0.86782
636	YLR359W	0.86778
637	YER110C	0.86778
638	YHR012W	0.86773
639	YJL128C	0.86773
640	YEL040W	0.86771
641	YOR328W	0.8677
642	YOR326W	0.8677
643	YGL201C	0.86768
644	YKL078W	0.86766
645	YGR267C	0.86763
646	YML067C	0.86761
647	YPL237W	0.86761
648	YDR086C	0.86756
649	YIL065C	0.86749
650	YMR319C	0.86748
651	YBR287W	0.8674
652	YIR036C	0.86734
653	YNL113W	0.86732
654	YJR160C	0.86732
655	YOR361C	0.86726
656	YPL231W	0.86719
657	YLR028C	0.86712
658	YEL021W	0.86707
659	YAL030W	0.86702
660	YPL240C	0.86701
661	YMR186W	0.86699
662	YGR256W	0.86697
663	YLR011W	0.86696
664	YBR089C-A	0.86692
665	YNL117W	0.86682
666	YPR194C	0.86681
667	YLR121C	0.86681
668	YKR068C	0.86679
669	YKL035W	0.86673
670	YHL003C	0.86669
671	YGR240C	0.86667
672	YGR175C	0.86667
673	YLR069C	0.8665
674	YNL044W	0.86647
675	YML101C	0.86639
676	YLL060C	0.86634
677	YPL213W	0.86633
678	YBL076C	0.86632
679	YER043C	0.8663
680	YAL062W	0.8663
681	YJR072C	0.86626
682	YKR018C	0.86611
683	YML075C	0.86605
684	YOR192C	0.86594
685	YDR300C	0.86591
686	YPR033C	0.86588
687	YBR019C	0.86582
688	YLR432W	0.86572
689	YBR117C	0.86569
690	YNL138W	0.86564
691	YNL202W	0.86563
692	YDR304C	0.86563
693	YOR145C	0.86562
694	YOR321W	0.86544
695	YOL030W	0.86528
696	YCR028C	0.86524
697	YGR060W	0.86523
698	YIL120W	0.86522
699	YKL039W	0.86521
700	YKR042W	0.86513
701	YMR222C	0.86502
702	YBR248C	0.86502
703	YDR264C	0.865
704	YLR175W	0.86489
705	YPL050C	0.86488
706	YER062C	0.86487
707	YKL152C	0.86484
708	YGR173W	0.86479
709	YBR145W	0.86479
710	YAL060W	0.86474
711	YGR247W	0.8647
712	YOR159C	0.86464
713	YGR020C	0.86464
714	YNL232W	0.8646
715	YDR023W	0.86454
716	YDR328C	0.86446
717	YGL157W	0.86445
718	YOR131C	0.86444
719	YLL008W	0.86436
720	YPL067C	0.86431
721	YJR109C	0.86425
722	YML133W-A	0.8642
723	YNL339W-A	0.8642
724	YGR296C-A	0.8642
725	YER190C-A	0.8642
726	YPL283W-A	0.8642
727	YPL135W	0.8642
728	YGL039W	0.86419
729	YDL128W	0.86408
730	YML056C	0.86405
731	YDR454C	0.86401
732	YIL020C	0.86391
733	YDR456W	0.8639
734	YPL017C	0.86385
735	YBL091C-A	0.8638
736	YGL100W	0.86379
737	YGR087C	0.86376
738	YGL171W	0.86376
739	YPR069C	0.86373
740	YPL264C	0.8637
741	YJR069C	0.86368
742	YLR340W	0.86359
743	YML116W	0.8635
744	YHL011C	0.86344
745	YML064C	0.86331
746	YKL148C	0.8633
747	YDR158W	0.86324
748	YNL323W	0.86316
749	YDL208W	0.86313
750	YKL113C	0.86297
751	YBR001C	0.86292
752	YGR286C	0.86276
753	YLR291C	0.86274
754	YGL077C	0.86273
755	YNL264C	0.86256
756	YLR324W	0.86253
757	YNL274C	0.8625
758	YDR092W	0.86249
759	YPL043W	0.86242
760	YPL265W	0.86236
761	YPL151C	0.86233
762	YOL016C	0.86232
763	YJL174W	0.86229
764	YHR135C	0.86226
765	YOR084W	0.86225
766	YHL015W	0.86217
767	YHR216W	0.86215
768	YDL144C	0.86212
769	YGR135W	0.86207
770	YPL131W	0.86187
771	YGL130W	0.86185
772	YDR212W	0.86183
773	YDL201W	0.86181
774	YBR286W	0.8618
775	YPR176C	0.86172
776	YOL075C	0.86159
777	YJL171C	0.86159
778	YGL163C	0.86152
779	YNL194C	0.8615
780	YOL103W	0.86139
781	YML057W	0.86135
782	YKR093W	0.86133
783	YNL244C	0.86128
784	YJL111W	0.86125
785	YDL212W	0.86119
786	YOR071C	0.86116
787	YER099C	0.86116
788	YDR398W	0.86112
789	YBR021W	0.8611
790	YOL080C	0.86108
791	YJR139C	0.86106
792	YML080W	0.86102
793	YDR267C	0.86101
794	YOR323C	0.861
795	YOR196C	0.86096
796	YGR279C	0.86093
797	YIL142W	0.86088
798	YEL001C	0.86088
799	YKL013C	0.86087
800	YOR036W	0.86083
801	YLR411W	0.86079
802	YJL045W	0.86055
803	YER057C	0.86055
804	YJL035C	0.86045
805	YLR354C	0.86043
806	YMR260C	0.86036
807	YNL148C	0.86032
808	YMR285C	0.86021
809	YBR034C	0.86019
810	YDR397C	0.86011
811	YBR249C	0.85998
812	YGR131W	0.85997
813	YER185W	0.85995
814	YDR139C	0.85989
815	YJR058C	0.85989
816	YGR208W	0.85976
817	YAL054C	0.85971
818	YER146W	0.85958
819	YMR305C	0.85957
820	YGL220W	0.85956
821	YPR074C	0.85938
822	YIR035C	0.85936
823	YDR516C	0.85934
824	YOR004W	0.85934
825	YJL196C	0.85914
826	YIL053W	0.85913
827	YNL066W	0.85906
828	YLR216C	0.85903
829	YDL007W	0.85901
830	YKL213C	0.85894
831	YPR131C	0.85889
832	YHL036W	0.85879
833	YOR155C	0.85876
834	YDL230W	0.85863
835	YPL232W	0.85854
836	YBR068C	0.85853
837	YKL164C	0.85853
838	YPL154C	0.85849
839	YLR138W	0.8583
840	YJR017C	0.8583
841	YCR037C	0.8583
842	YIL043C	0.85823
843	YDR037W	0.85822
844	YLR137W	0.85819
845	YGL017W	0.85815
846	YCR011C	0.85814
847	YDR541C	0.85811
848	YIL116W	0.85805
849	YIL169C	0.85797
850	YLR355C	0.85797
851	YNL093W	0.85792
852	YPL274W	0.85786
853	YDL100C	0.85782
854	YLR259C	0.8578
855	YBL024W	0.85778
856	YGR138C	0.85777
857	YLL053C	0.85777
858	YPR082C	0.85772
859	YMR008C	0.85769
860	YOL137W	0.85767
861	YLL028W	0.85764
862	YMR084W	0.85764
863	YGL047W	0.85763
864	YGR197C	0.85758
865	YNL087W	0.85754
866	YMR183C	0.85753
867	YPL208W	0.85744
868	YAL053W	0.85737
869	YCR017C	0.85734
870	YNL331C	0.85729
871	YOR226C	0.85723
872	YPL259C	0.85717
873	YHR027C	0.85711
874	YAL036C	0.85709
875	YGL026C	0.85702
876	YPR051W	0.85698
877	YDR135C	0.85696
878	YER090W	0.85691
879	YPL111W	0.8569
880	YPL204W	0.85684
881	YBR196C	0.85677
882	YDL243C	0.85677
883	YDR258C	0.85672
884	YHR005C	0.85667
885	YGR213C	0.85659
886	YPL275W	0.85656
887	YIL088C	0.85652
888	YER023W	0.85651
889	YKL027W	0.85651
890	YDR062W	0.8565
891	YLR328W	0.85647
892	YCL033C	0.8564
893	YDR294C	0.85639
894	YNL281W	0.85632
895	YKL067W	0.85631
896	YDR074W	0.8563
897	YNR070W	0.85618
898	YJR148W	0.85612
899	YGL122C	0.85611
900	YHR163W	0.856
901	YBR159W	0.85597
902	YAR062W	0.85588
903	YHR213W	0.85588
904	YJL136C	0.85588
905	YOR339C	0.85587
906	YGR155W	0.85586
907	YLR398C	0.85577
908	YPL042C	0.85575
909	YOR027W	0.8557
910	YGL043W	0.85563
911	YER073W	0.85563
912	YOL139C	0.85563
913	YPR145W	0.85555
914	YER070W	0.85549
915	YLR220W	0.85547
916	YMR318C	0.85547
917	YDL247W	0.85541
918	YPL013C	0.85538
919	YNR013C	0.85533
920	YPL206C	0.85532
921	YJL116C	0.8553
922	YDL052C	0.85526
923	YER006W	0.85512
924	YJL212C	0.8551
925	YDL087C	0.85507
926	YKR043C	0.85505
927	YKL069W	0.85491
928	YMR058W	0.85491
929	YGR004W	0.85488
930	YLR245C	0.85487
931	YGR163W	0.85486
932	YCL059C	0.85485
933	YDL164C	0.85479
934	YFL037W	0.85471
935	YER015W	0.85465
936	YKL001C	0.85464
937	YDR002W	0.85454
938	YJL153C	0.85448
939	YNL111C	0.85447
940	YOR384W	0.85442
941	YBR020W	0.85441
942	YOR128C	0.85436
943	YMR217W	0.85435
944	YBR015C	0.85428
945	YMR143W	0.85419
946	YDL083C	0.85419
947	YML092C	0.85418
948	YKL107W	0.85414
949	YOR099W	0.85413
950	YKR057W	0.8541
951	YHL017W	0.85404
952	YBR132C	0.85401
953	YGR224W	0.85395
954	YNL231C	0.8539
955	YLR129W	0.8539
956	YPR019W	0.85386
957	YBL023C	0.85386
958	YKL163W	0.85383
959	YEL054C	0.85378
960	YDR418W	0.85378
961	YDR121W	0.85378
962	YFR055W	0.85378
963	YKL003C	0.85375
964	YFL002C	0.85374
965	YNL275W	0.85369
966	YBR245C	0.85368
967	YDL092W	0.85365
968	YOR151C	0.85362
969	YMR210W	0.85354
970	YDR214W	0.85353
971	YGL186C	0.85348
972	YIR022W	0.85343
973	YNR065C	0.85341
974	YFR044C	0.85339
975	YPL211W	0.85338
976	YNL061W	0.8532
977	YIL162W	0.8532
978	YDR226W	0.85319
979	YOR357C	0.85317
980	YNL067W	0.85316
981	Q0045	0.8531
982	YLR348C	0.85307
983	YPL092W	0.85304
984	YDR448W	0.85304
985	YMR120C	0.85298
986	YBL036C	0.85291
987	YDL185W	0.8529
988	YKL210W	0.85284
989	YOR358W	0.85283
990	YEL060C	0.85277
991	YHR032W	0.85273
992	YGR248W	0.85271
993	YFR010W	0.85267
994	YIL103W	0.85257
995	YDR297W	0.85251
996	YGR264C	0.8524
997	YJL124C	0.85235
998	YEL041W	0.85232
999	YIL123W	0.85224
1000	YNL096C	0.85224
1001	YOR369C	0.85222
1002	YIL109C	0.85213
1003	YPL012W	0.85207
1004	YLL055W	0.85204
1005	YNR032W	0.85204
1006	YCR012W	0.85202
1007	YMR315W	0.85191
1008	YFR018C	0.85189
1009	YNL154C	0.85184
1010	YGL206C	0.85182
1011	YLR378C	0.85181
1012	YOL147C	0.8518
1013	YIR026C	0.85174
1014	YMR301C	0.8517
1015	YGR048W	0.85158
1016	YGR200C	0.85155
1017	YJL052W	0.85145
1018	YGR185C	0.85142
1019	YDR055W	0.85132
1020	YLR409C	0.8513
1021	YGL147C	0.85118
1022	YHR026W	0.85104
1023	YOR298C-A	0.851
1024	YPL143W	0.85098
1025	YPR056W	0.85097
1026	YPR003C	0.85097
1027	YKL002W	0.85095
1028	YNL287W	0.85088
1029	YDL125C	0.85086
1030	YBR243C	0.8508
1031	YOR034C	0.85078
1032	YHR208W	0.85067
1033	YOR168W	0.85063
1034	YNL099C	0.85058
1035	YHR042W	0.85055
1036	YDR533C	0.85052
1037	YLR209C	0.85052
1038	YNR064C	0.85047
1039	YGR007W	0.85044
1040	YOR217W	0.85039
1041	YBR202W	0.85038
1042	YHR193C	0.85037
1043	YGL119W	0.85037
1044	YBL015W	0.85035
1045	YAR015W	0.85034
1046	YPL010W	0.85034
1047	YNR020C	0.8503
1048	YCR027C	0.85021
1049	YCR059C	0.8502
1050	YBR088C	0.85017
1051	YIR012W	0.85017
1052	YHR044C	0.85015
1053	YBR087W	0.85013
1054	YOR241W	0.85009
1055	YDL046W	0.85008
1056	YLR241W	0.85006
1057	YJR009C	0.85003
1058	YJL079C	0.84997
1059	YPR181C	0.84991
1060	YPR128C	0.8499
1061	YHR029C	0.8499
1062	YKR053C	0.84983
1063	YMR092C	0.84981
1064	YJL208C	0.84981
1065	YDR276C	0.84971
1066	YJL143W	0.84969
1067	YIL114C	0.8496
1068	YMR235C	0.84959
1069	YIR009W	0.84957
1070	YBR210W	0.84957
1071	YIL064W	0.84949
1072	YMR226C	0.84947
1073	YPL028W	0.84946
1074	YOL112W	0.84942
1075	YJL217W	0.84939
1076	YBR264C	0.84937
1077	YDR465C	0.84929
1078	YDR120C	0.84924
1079	YGL123W	0.84924
1080	YKR102W	0.84922
1081	YBR221C	0.84917
1082	YEL032W	0.84907
1083	YKR050W	0.84905
1084	YPL281C	0.84904
1085	YOR393W	0.84904
1086	YHR132C	0.84901
1087	YJL087C	0.849
1088	YBR228W	0.849
1089	YNR048W	0.84893
1090	YNR074C	0.84891
1091	YEL070W	0.84887
1092	YNR073C	0.84887
1093	YDR392W	0.84886
1094	YJR014W	0.84883
1095	YBL032W	0.84866
1096	YJR015W	0.84865
1097	YLL061W	0.84863
1098	YBL068W	0.84862
1099	YML079W	0.8486
1100	YBR011C	0.84855
1101	YJR104C	0.84848
1102	YBL050W	0.84847
1103	YGL208W	0.84844
1104	YLR451W	0.84837
1105	YHR190W	0.84829
1106	YOR101W	0.84829
1107	YGR192C	0.84825
1108	YNR043W	0.84823
1109	YKL094W	0.84815
1110	YKL181W	0.84813
1111	YKR105C	0.84804
1112	YBL039C	0.84803
1113	YGL006W	0.848
1114	YDL147W	0.84799
1115	YLR074C	0.84799
1116	YOL132W	0.84792
1117	YOR394W	0.84792
1118	YPL282C	0.84792
1119	YKL059C	0.8479
1120	YLR342W	0.84789
1121	YEL039C	0.84788
1122	YGR032W	0.84786
1123	YGR254W	0.84779
1124	YER053C	0.84773
1125	YHR174W	0.84771
1126	YAL067C	0.84763
1127	YNL329C	0.8476
1128	YDR378C	0.84752
1129	YHR043C	0.8475
1130	YLR438W	0.84748
1131	YHR144C	0.84742
1132	YHR219W	0.84738
1133	YDR041W	0.84736
1134	YER065C	0.84732
1135	YOR234C	0.84731
1136	YBR291C	0.84723
1137	YIL066C	0.84721
1138	YNL259C	0.84719
1139	YDR313C	0.84719
1140	YPL153C	0.84713
1141	YDL057W	0.8471
1142	YJL159W	0.84697
1143	YNL055C	0.84692
1144	YKR013W	0.84691
1145	YBR265W	0.84686
1146	YGL190C	0.84685
1147	YBR115C	0.84683
1148	YLR059C	0.84678
1149	YHL042W	0.8467
1150	YKL161C	0.84669
1151	YJR074W	0.84667
1152	YIL160C	0.84661
1153	YDR402C	0.84655
1154	YMR323W	0.84654
1155	YDR100W	0.84652
1156	YGL063W	0.84652
1157	YMR096W	0.84645
1158	YLR304C	0.84642
1159	YFL057C	0.8464
1160	YFR031C	0.84628
1161	YKL021C	0.84623
1162	YDR447C	0.84616
1163	YBR046C	0.84616
1164	YKL160W	0.8461
1165	YLR375W	0.84608
1166	YBR155W	0.84606
1167	YPR088C	0.84606
1168	YIR002C	0.84598
1169	YML125C	0.84595
1170	YHR211W	0.84595
1171	YIL166C	0.84594
1172	YML035C	0.84588
1173	YDL086W	0.84588
1174	YEL024W	0.84584
1175	YML024W	0.84583
1176	YJL002C	0.8458
1177	YCR061W	0.84576
1178	YBL102W	0.84573
1179	YMR244W	0.84572
1180	YBR256C	0.84572
1181	YEL037C	0.84571
1182	YGL106W	0.84565
1183	YOL164W	0.84551
1184	YLR214W	0.84544
1185	YOR332W	0.84543
1186	YDR490C	0.84537
1187	YLR189C	0.84533
1188	YFR047C	0.84533
1189	YKL191W	0.84531
1190	YGR063C	0.8453
1191	YDR177W	0.84525
1192	YBR008C	0.84525
1193	YFR051C	0.84515
1194	YDL123W	0.84512
1195	YCR051W	0.84511
1196	YKL046C	0.84511
1197	YOR202W	0.8451
1198	YDR502C	0.84509
1199	YOL055C	0.84508
1200	YBL057C	0.84505
1201	YOR163W	0.84505
1202	YKL060C	0.84496
1203	YLR429W	0.84488
1204	YBL106C	0.84477
1205	YDR148C	0.84476
1206	YHR142W	0.8447
1207	YKL184W	0.84469
1208	YMR271C	0.84455
1209	YAR050W	0.84448
1210	YMR093W	0.84446
1211	YOR341W	0.84444
1212	YPL127C	0.84444
1213	YOR273C	0.84442
1214	YCR048W	0.84433
1215	YLR060W	0.84425
1216	YPR193C	0.84404
1217	YDL036C	0.84402
1218	YGR124W	0.844
1219	YHR020W	0.84399
1220	YJL134W	0.84399
1221	YDR105C	0.84398
1222	YKL128C	0.84397
1223	YNR019W	0.84391
1224	YIL094C	0.84389
1225	YML078W	0.84389
1226	YAL007C	0.84386
1227	YFL041W	0.84385
1228	YBL040C	0.84383
1229	YOR096W	0.84379
1230	YCL018W	0.84378
1231	YGL224C	0.84376
1232	YNL175C	0.84375
1233	YAL009W	0.84373
1234	YGR204W	0.84373
1235	YIL118W	0.84367
1236	YHR089C	0.84356
1237	YFL028C	0.84351
1238	YPL004C	0.8435
1239	YFR028C	0.84344
1240	YLR172C	0.84337
1241	YOR172W	0.84336
1242	YAL049C	0.84335
1243	YNL200C	0.84332
1244	YGL135W	0.8433
1245	YPL220W	0.8433
1246	YBR162C	0.84327
1247	YGR094W	0.84324
1248	YDR291W	0.84322
1249	YPR156C	0.84321
1250	YBR214W	0.84321
1251	YAL035W	0.84304
1252	YGR214W	0.84303
1253	YER044C	0.84297
1254	YBL105C	0.84293
1255	YGR085C	0.84291
1256	YOL068C	0.84286
1257	YBR242W	0.84284
1258	YJL130C	0.84274
1259	YGL207W	0.84265
1260	YIR034C	0.84255
1261	YNL222W	0.8424
1262	YDL145C	0.84233
1263	YNL237W	0.84232
1264	YLL058W	0.84221
1265	YMR083W	0.84221
1266	YML106W	0.8422
1267	YHR175W	0.84211
1268	YOR351C	0.842
1269	YMR215W	0.84198
1270	YLR180W	0.84197
1271	YDR084C	0.84196
1272	YAR035W	0.84194
1273	YLL023C	0.84184
1274	YPL006W	0.84177
1275	YJL068C	0.8417
1276	YBR006W	0.84169
1277	YJR145C	0.84165
1278	YHR203C	0.84165
1279	YNL021W	0.84155
1280	YPL091W	0.84154
1281	YMR297W	0.84153
1282	YNL220W	0.84151
1283	YPR102C	0.84148
1284	YLR197W	0.84145
1285	YOL065C	0.84144
1286	YJR155W	0.84142
1287	YLR181C	0.84142
1288	YJR070C	0.84138
1289	YLR066W	0.84134
1290	YPL212C	0.84129
1291	YML094W	0.84123
1292	YGR028W	0.84122
1293	YKL120W	0.84119
1294	YFR030W	0.84115
1295	YOR222W	0.8411
1296	YOR116C	0.84101
1297	YDR429C	0.84099
1298	YLR078C	0.84097
1299	YAL063C	0.8409
1300	YHL018W	0.84087
1301	YPR024W	0.84079
1302	YDL174C	0.84077
1303	YKL135C	0.84074
1304	YOR250C	0.84073
1305	YOR103C	0.84073
1306	YOL142W	0.84071
1307	YPL183C	0.84071
1308	YGL012W	0.84068
1309	YJR116W	0.84064
1310	YLR017W	0.84049
1311	YBL018C	0.84045
1312	YDL155W	0.84044
1313	YBR029C	0.84042
1314	YCL030C	0.84038
1315	YOR162C	0.84038
1316	YDR064W	0.84033
1317	YGR234W	0.84027
1318	YGR010W	0.84024
1319	YPL236C	0.84024
1320	YGR244C	0.84023
1321	YMR138W	0.84021
1322	YDR047W	0.84018
1323	YIL014W	0.84007
1324	YML072C	0.84003
1325	YOR304W	0.83997
1326	YOR020C	0.83996
1327	YML021C	0.83993
1328	YBR267W	0.83985
1329	YDL135C	0.83981
1330	YEL071W	0.83976
1331	YDL072C	0.83975
1332	YMR090W	0.83968
1333	YKL157W	0.83968
1334	YPR025C	0.83963
1335	YCL035C	0.83963
1336	YOL062C	0.83963
1337	YDR111C	0.8396
1338	YPL134C	0.83957
1339	YLR126C	0.83955
1340	YKR066C	0.83953
1341	YAL029C	0.83952
1342	YBR220C	0.83949
1343	YCR005C	0.83944
1344	YOR303W	0.83942
1345	YFL048C	0.83932
1346	YFL053W	0.83931
1347	YKL080W	0.83929
1348	YNL023C	0.83928
1349	YLR048W	0.83926
1350	YBR023C	0.83924
1351	YGR029W	0.83921
1352	YOR243C	0.83919
1353	YLR222C	0.83913
1354	YIL124W	0.83911
1355	YOR316C	0.8391
1356	YBR198C	0.83908
1357	YKL156W	0.83902
1358	YLL045C	0.83899
1359	YMR268C	0.83899
1360	YMR194C-B	0.83896
1361	YDR050C	0.83895
1362	YDL018C	0.83894
1363	YKR056W	0.83886
1364	YMR262W	0.8388
1365	YOR310C	0.83879
1366	YCR105W	0.83867
1367	YDR381W	0.83851
1368	YOR006C	0.83849
1369	YDR056C	0.83836
1370	YKL212W	0.83831
1371	YNL134C	0.8383
1372	YMR196W	0.83826
1373	YDR063W	0.83823
1374	YBR073W	0.83822
1375	YEL020C	0.8382
1376	YCL069W	0.83816
1377	YLR120C	0.83816
1378	YPL184C	0.83812
1379	YKL127W	0.83809
1380	YAR007C	0.83802
1381	YIL164C	0.83798
1382	YAL012W	0.83787
1383	YHR074W	0.83779
1384	YFL022C	0.83776
1385	YOR007C	0.83772
1386	YPR032W	0.83769
1387	YLR276C	0.83767
1388	YPL258C	0.83761
1389	YMR069W	0.8376
1390	YER120W	0.83758
1391	YPL095C	0.83751
1392	YML052W	0.8375
1393	YOL125W	0.83734
1394	YJL080C	0.83731
1395	YDR483W	0.83729
1396	YJR151C	0.83725
1397	YNL185C	0.8372
1398	YGR229C	0.83717
1399	YFL017C	0.83716
1400	YDR514C	0.83714
1401	YPR153W	0.83698
1402	YHR021C	0.8369
1403	YGL020C	0.83676
1404	YOR011W	0.83675
1405	YPR081C	0.83665
1406	YOR074C	0.83664
1407	YOL077C	0.83651
1408	YNL207W	0.83649
1409	YDR270W	0.83647
1410	YIR019C	0.83645
1411	YLR410W	0.83642
1412	YDR013W	0.83641
1413	YKR088C	0.83635
1414	YFL052W	0.83635
1415	YJR024C	0.83635
1416	YKL028W	0.83635
1417	YER143W	0.8363
1418	YAL064W-B	0.83621
1419	YLR008C	0.83617
1420	YAL022C	0.83612
1421	YML126C	0.83609
1422	YER162C	0.83595
1423	YGL234W	0.83594
1424	YOR209C	0.83594
1425	YMR006C	0.8359
1426	YOR367W	0.83587
1427	YOR095C	0.83578
1428	YHR181W	0.83574
1429	YGL245W	0.83573
1430	YKL117W	0.8357
1431	YDL051W	0.8357
1432	YNL007C	0.83565
1433	YKR024C	0.83564
1434	YDR411C	0.83561
1435	YML068W	0.83561
1436	YNL075W	0.83552
1437	YML131W	0.83547
1438	YOR110W	0.83539
1439	YHR031C	0.83538
1440	YPL160W	0.83537
1441	YOR126C	0.8353
1442	YKL182W	0.8353
1443	YFL018C	0.83525
1444	YKL207W	0.8352
1445	YJR048W	0.83516
1446	YPL122C	0.83513
1447	YML010W	0.83509
1448	YLR070C	0.835
1449	YER174C	0.835
1450	YMR178W	0.83498
1451	YLR004C	0.83494
1452	YDL193W	0.83492
1453	YMR276W	0.83487
1454	YDR324C	0.83483
1455	YDR368W	0.8348
1456	YDR007W	0.83477
1457	YCR069W	0.83461
1458	YMR308C	0.83459
1459	YER176W	0.83451
1460	YER091C	0.83441
1461	YFR021W	0.83441
1462	YPL046C	0.83437
1463	YOR391C	0.83436
1464	YOL092W	0.83431
1465	YDR272W	0.8343
1466	YOR236W	0.83424
1467	YMR197C	0.83422
1468	YMR224C	0.83421
1469	YMR239C	0.83419
1470	YKL144C	0.83418
1471	YJL158C	0.83414
1472	YHR039C	0.83414
1473	YOR142W	0.8341
1474	YBR208C	0.83371
1475	YDR362C	0.8337
1476	YJL145W	0.83358
1477	YBR031W	0.83358
1478	YNR034W-A	0.83354
1479	YIL010W	0.83346
1480	YEL038W	0.83341
1481	YLR412W	0.8334
1482	YHL033C	0.83337
1483	YMR214W	0.83331
1484	YBL017C	0.83329
1485	YIR027C	0.83315
1486	YDR539W	0.83314
1487	YER152C	0.83312
1488	YHR191C	0.8331
1489	YCL043C	0.83308
1490	YGR285C	0.83305
1491	YKL004W	0.83303
1492	YGR180C	0.83303
1493	YBR183W	0.833
1494	YDL042C	0.833
1495	YER142C	0.83298
1496	YJL160C	0.83294
1497	YAL044W-A	0.8329
1498	YGR125W	0.83283
1499	YAL039C	0.83276
1500	YJR107W	0.83269
1501	YDR438W	0.83258
1502	YPR054W	0.83255
1503	YOL124C	0.83254
1504	YML086C	0.83253
1505	YHR168W	0.83252
1506	YOL154W	0.8325
1507	YNL024C	0.8324
1508	YLR014C	0.83239
1509	YDR012W	0.83235
1510	YOR048C	0.83224
1511	YHR189W	0.83215
1512	YEL036C	0.83213
1513	YGR189C	0.83206
1514	YHR005C-A	0.83202
1515	YGR021W	0.83201
1516	YLR286C	0.83199
1517	YOL002C	0.83199
1518	YDR468C	0.83189
1519	YOR013W	0.83177
1520	YOR109W	0.83175
1521	YKR062W	0.83175
1522	YGR271W	0.83153
1523	YGL105W	0.8315
1524	YGR260W	0.83145
1525	YGR245C	0.83145
1526	YMR238W	0.83143
1527	YPL187W	0.83134
1528	YPL207W	0.83124
1529	YBR069C	0.83118
1530	YJL222W	0.83118
1531	YJL179W	0.83116
1532	YMR105C	0.83116
1533	YFR050C	0.83106
1534	YMR272C	0.83105
1535	YNL223W	0.83102
1536	YPR121W	0.831
1537	YHR025W	0.83095
1538	YLR382C	0.83091
1539	YNR046W	0.83089
1540	YHR129C	0.83085
1541	YMR095C	0.83081
1542	YMR085W	0.83076
1543	YMR022W	0.83071
1544	YGR092W	0.8307
1545	YOR335C	0.83064
1546	YPR004C	0.83062
1547	YLR075W	0.83061
1548	YLR377C	0.8306
1549	YFL034C-A	0.83058
1550	YLR072W	0.83056
1551	YDL080C	0.83046
1552	YBR103W	0.83046
1553	YBR058C	0.83038
1554	YKL022C	0.83037
1555	YIL173W	0.83036
1556	YDL124W	0.83036
1557	YJL024C	0.83035
1558	YOR039W	0.83034
1559	YDL103C	0.83031
1560	YBR092C	0.83029
1561	YOL163W	0.83023
1562	YMR169C	0.83018
1563	YDL138W	0.83015
1564	YMR123W	0.8301
1565	YOL130W	0.83009
1566	YHL026C	0.83006
1567	YOR207C	0.83
1568	YEL004W	0.83
1569	YGR019W	0.82997
1570	YJR010C-A	0.82989
1571	YKL029C	0.82983
1572	YBL011W	0.82977
1573	YOL011W	0.82975
1574	YHR047C	0.82974
1575	YER003C	0.82972
1576	YKL081W	0.82969
1577	YGL126W	0.82968
1578	YDR032C	0.82967
1579	YIL075C	0.82966
1580	YJR103W	0.82965
1581	YNL312W	0.82964
1582	YHR143W-A	0.82959
1583	YBR153W	0.82954
1584	YOL165C	0.82954
1585	YBR251W	0.82951
1586	YCR004C	0.8295
1587	YIL008W	0.8295
1588	YBL007C	0.82938
1589	YBR137W	0.82935
1590	YER004W	0.82927
1591	YGL114W	0.82922
1592	YCR106W	0.8292
1593	YLR399C	0.82913
1594	YGR220C	0.8291
1595	YBL089W	0.82906
1596	YDR234W	0.82903
1597	YPR010C	0.82897
1598	YKL053C-A	0.82895
1599	YLR203C	0.82883
1600	YDR051C	0.82877
1601	YPL280W	0.82874
1602	YHR013C	0.82871
1603	YFL060C	0.82858
1604	YOR206W	0.82854
1605	YLR100W	0.82852
1606	YKL009W	0.82852
1607	YNL130C	0.82842
1608	YKL119C	0.82834
1609	YHR063C	0.82831
1610	YJL216C	0.82821
1611	YLR188W	0.82818
1612	YOR306C	0.82817
1613	YJL060W	0.82802
1614	YLR343W	0.82796
1615	YER017C	0.82794
1616	YHR123W	0.8279
1617	YIL108W	0.82781
1618	YDR331W	0.8278
1619	YDR336W	0.8277
1620	YPR028W	0.82761
1621	YLR146C	0.82753
1622	YKL085W	0.82751
1623	YDR525W-A	0.82749
1624	YER027C	0.82747
1625	YER164W	0.82742
1626	YMR304W	0.8274
1627	YIR008C	0.82738
1628	YJR020W	0.82735
1629	YLR418C	0.82733
1630	YGL009C	0.82723
1631	YGL148W	0.82722
1632	YNL240C	0.82717
1633	YPR137W	0.82716
1634	YKL193C	0.82712
1635	YKL211C	0.82711
1636	YMR220W	0.82708
1637	YJL005W	0.82706
1638	YJR085C	0.82705
1639	YLR218C	0.827
1640	YAL016W	0.82695
1641	YPL002C	0.82694
1642	YER117W	0.82694
1643	YBL087C	0.82694
1644	YJR121W	0.82689
1645	YOR239W	0.82684
1646	YCR023C	0.82678
1647	YGR172C	0.82677
1648	YNL334C	0.82676
1649	YJR141W	0.8267
1650	YDR534C	0.82669
1651	YML014W	0.82668
1652	YGL232W	0.82664
1653	YKL126W	0.82661
1654	YOR119C	0.82658
1655	YIL155C	0.82654
1656	YMR089C	0.82651
1657	YFR048W	0.82651
1658	YOR165W	0.82649
1659	YMR310C	0.82647
1660	YMR322C	0.82641
1661	YJL065C	0.8264
1662	YDR191W	0.82639
1663	YLR099C	0.82631
1664	YPR034W	0.82631
1665	YMR250W	0.8263
1666	YKR009C	0.82629
1667	YER002W	0.82618
1668	YNR057C	0.82617
1669	YDL132W	0.82609
1670	YLR108C	0.82606
1671	YHR034C	0.82605
1672	YNR016C	0.82603
1673	YOL090W	0.82599
1674	YML038C	0.82598
1675	YGR095C	0.82592
1676	YMR306W	0.82586
1677	YDL110C	0.82581
1678	YPR011C	0.8258
1679	YCR107W	0.82566
1680	YBR112C	0.82564
1681	YOR370C	0.82563
1682	YPL048W	0.82559
1683	YOR261C	0.82557
1684	YDL236W	0.82557
1685	YIL165C	0.82552
1686	YJL093C	0.82551
1687	YFL050C	0.82528
1688	YKL086W	0.82522
1689	YCR034W	0.82508
1690	YGR031W	0.82507
1691	YER013W	0.82506
1692	YFR032C	0.82503
1693	YDL093W	0.82499
1694	YIL145C	0.82497
1695	Q0050	0.82497
1696	YDL031W	0.82494
1697	YBR014C	0.82494
1698	YNR011C	0.82493
1699	YAR023C	0.8249
1700	YMR009W	0.82489
1701	YOL059W	0.82486
1702	YER172C	0.82483
1703	YLR037C	0.82475
1704	YDR481C	0.82469
1705	YDR083W	0.82457
1706	YDR188W	0.82455
1707	YBR166C	0.82453
1708	YDR140W	0.82452
1709	YPR111W	0.82443
1710	YLR253W	0.82441
1711	YGL040C	0.8244
1712	YCR053W	0.8244
1713	YNL071W	0.82437
1714	YIR029W	0.82434
1715	YBR146W	0.82432
1716	YML098W	0.82431
1717	YML087C	0.8243
1718	YBR009C	0.8243
1719	YFL001W	0.82427
1720	YJR016C	0.82423
1721	YDR452W	0.82421
1722	YHR112C	0.82415
1723	YBR035C	0.82412
1724	YLL025W	0.82408
1725	YJL191W	0.82405
1726	YGR181W	0.82403
1727	YDR522C	0.82401
1728	YJR032W	0.82393
1729	YHR040W	0.82389
1730	YMR296C	0.82386
1731	YIL016W	0.82373
1732	YBR037C	0.82373
1733	YLR196W	0.82372
1734	YCL011C	0.82369
1735	YPL171C	0.82367
1736	YML022W	0.82358
1737	YPL217C	0.82358
1738	YDR237W	0.82338
1739	YNR051C	0.8233
1740	YDR408C	0.8233
1741	YER175C	0.82326
1742	YLL009C	0.82322
1743	YMR132C	0.8232
1744	YGR047C	0.8232
1745	YGL212W	0.82317
1746	YNR071C	0.82316
1747	YGR083C	0.82314
1748	YBR079C	0.82313
1749	YHR210C	0.82311
1750	YKL114C	0.82306
1751	YMR001C	0.82304
1752	YBR177C	0.82303
1753	YOR049C	0.82299
1754	YOL119C	0.82293
1755	YLR038C	0.82291
1756	YDR453C	0.82283
1757	YBR236C	0.82282
1758	YFL008W	0.82276
1759	YLR325C	0.82275
1760	YDL238C	0.82266
1761	YIL099W	0.82266
1762	YPR190C	0.82263
1763	YIL062C	0.82249
1764	YCR031C	0.82244
1765	YLR262C	0.82239
1766	YCR087C-A	0.82238
1767	YNL082W	0.82236
1768	YDR280W	0.8223
1769	YOL157C	0.82229
1770	YLR251W	0.82225
1771	YDL109C	0.82225
1772	YBR167C	0.82221
1773	YDR487C	0.8222
1774	YLR426W	0.82218
1775	YNL081C	0.82217
1776	YLR307W	0.82214
1777	YGR012W	0.82209
1778	YML028W	0.82208
1779	YML077W	0.82196
1780	YML065W	0.8219
1781	YCR060W	0.82188
1782	YPR180W	0.82183
1783	YGL044C	0.82177
1784	YPR112C	0.82177
1785	YFL004W	0.82172
1786	YHR179W	0.82167
1787	YKR081C	0.82166
1788	YMR113W	0.8216
1789	YNL313C	0.8216
1790	YLR369W	0.82158
1791	YFR006W	0.82156
1792	YDR170C	0.82153
1793	YMR278W	0.8215
1794	YAL019W	0.82148
1795	YDL194W	0.82144
1796	YOL073C	0.82144
1797	YPR186C	0.82144
1798	YBR052C	0.82141
1799	YLR027C	0.82137
1800	YBR010W	0.82136
1801	YNR001C	0.82134
1802	YLR056W	0.82132
1803	YGR287C	0.82127
1804	YOR024W	0.82122
1805	YNL243W	0.82122
1806	YDR127W	0.82119
1807	YGR082W	0.82116
1808	YKL197C	0.82109
1809	YHR088W	0.82108
1810	YBR237W	0.82107
1811	YAL021C	0.82104
1812	YOL114C	0.82102
1813	YOL006C	0.821
1814	YBR025C	0.82097
1815	YBR254C	0.82094
1816	YHR147C	0.8209
1817	YKR001C	0.82086
1818	YOR120W	0.82086
1819	YLR046C	0.82083
1820	YFL042C	0.82083
1821	YNL072W	0.8208
1822	YMR225C	0.8207
1823	YPL113C	0.82067
1824	YOR246C	0.82064
1825	YIL172C	0.82061
1826	YJL221C	0.82061
1827	YLL029W	0.82054
1828	YKL170W	0.82048
1829	YNL106C	0.82046
1830	YMR325W	0.8204
1831	YMR263W	0.82039
1832	YEL050C	0.82034
1833	YOL009C	0.82033
1834	YKR084C	0.82026
1835	YEL047C	0.82023
1836	YML054C	0.82023
1837	YLL039C	0.82018
1838	YKL051W	0.82014
1839	YLR243W	0.82013
1840	YDL081C	0.82013
1841	YJR096W	0.81998
1842	YDR243C	0.81993
1843	YAR042W	0.81985
1844	YDR459C	0.81985
1845	YEL056W	0.81977
1846	YMR180C	0.81976
1847	YGR288W	0.81974
1848	YAL003W	0.81969
1849	YNL020C	0.81956
1850	YHR066W	0.81945
1851	YEL052W	0.81942
1852	YJR084W	0.81936
1853	YKR067W	0.81933
1854	YGR086C	0.8193
1855	YGR203W	0.81929
1856	YER082C	0.81929
1857	YHR108W	0.81926
1858	YPR127W	0.81925
1859	YMR218C	0.81925
1860	YDR144C	0.81925
1861	YOR003W	0.81923
1862	YNL137C	0.81918
1863	YLR345W	0.81907
1864	YKL224C	0.81906
1865	YCR002C	0.81906
1866	YMR049C	0.81902
1867	YLL014W	0.81899
1868	YIR041W	0.81897
1869	YCR101C	0.81891
1870	YJL117W	0.81888
1871	YLL018C-A	0.81886
1872	YPL262W	0.8188
1873	YBR039W	0.81874
1874	YJL155C	0.81873
1875	YKR051W	0.81867
1876	YOR356W	0.81862
1877	YGR187C	0.81861
1878	YDL227C	0.81859
1879	YPL157W	0.81856
1880	YMR027W	0.81843
1881	YKR079C	0.81836
1882	YGR276C	0.81833
1883	YNL065W	0.81828
1884	YFR005C	0.81825
1885	YHR003C	0.81822
1886	YFR041C	0.8182
1887	YER183C	0.81814
1888	YIL068C	0.81813
1889	YHR111W	0.8181
1890	YGR199W	0.81806
1891	YER029C	0.81806
1892	YMR063W	0.81803
1893	YML026C	0.81798
1894	YDR450W	0.81798
1895	YDR009W	0.81797
1896	YDR415C	0.8179
1897	YOR307C	0.81788
1898	YML055W	0.81783
1899	YMR167W	0.81775
1900	YGR103W	0.81773
1901	YLR449W	0.81771
1902	YCR084C	0.81771
1903	YPR188C	0.81767
1904	YLR179C	0.81764
1905	YMR145C	0.81756
1906	YGL205W	0.81754
1907	Q0085	0.81753
1908	YNL037C	0.81753
1909	YPR107C	0.81748
1910	YGR141W	0.81748
1911	YDL218W	0.81745
1912	YNL248C	0.81744
1913	YLL036C	0.8174
1914	YOR040W	0.81739
1915	YGL055W	0.81732
1916	YJL081C	0.81731
1917	YNL121C	0.81729
1918	YLR275W	0.81724
1919	YMR170C	0.81715
1920	YDL141W	0.81711
1921	YGL240W	0.8171
1922	YCR046C	0.81707
1923	YBR283C	0.81705
1924	YKR014C	0.81705
1925	YHL046C	0.81703
1926	YDL079C	0.81692
1927	YKL008C	0.81691
1928	YOL020W	0.81689
1929	YDR164C	0.81688
1930	YPR167C	0.81686
1931	YGR005C	0.81686
1932	YBR002C	0.81679
1933	YJL078C	0.81678
1934	YOR079C	0.81674
1935	YDR337W	0.81673
1936	YDR399W	0.81668
1937	YJR064W	0.81668
1938	YPR163C	0.81667
1939	YFL020C	0.81665
1940	YHR046C	0.81661
1941	YOL153C	0.81658
1942	YGR283C	0.81658
1943	YPL170W	0.81657
1944	YJR132W	0.81655
1945	YJL210W	0.8165
1946	YEL020W-A	0.81639
1947	YHR187W	0.81635
1948	YCR104W	0.81631
1949	YHR121W	0.81628
1950	YLR461W	0.81628
1951	YAR018C	0.81625
1952	YOR253W	0.81625
1953	YBR200W	0.81624
1954	YJL151C	0.81613
1955	YFR038W	0.81611
1956	YJL042W	0.81607
1957	YER066W	0.81602
1958	YHL039W	0.81601
1959	YIR037W	0.81599
1960	YKL098W	0.81593
1961	YJR144W	0.81592
1962	YGL004C	0.81591
1963	YNL246W	0.81579
1964	YAL068C	0.81578
1965	YGL261C	0.81578
1966	YBL108C-A	0.81578
1967	YOL041C	0.81577
1968	YHR037W	0.81576
1969	YNL160W	0.81571
1970	YLR117C	0.81571
1971	YER136W	0.8157
1972	YKL084W	0.8156
1973	YFR024C-A	0.81546
1974	YNR076W	0.81545
1975	YLL064C	0.81545
1976	YDR306C	0.81541
1977	YBR207W	0.8154
1978	YDL213C	0.81536
1979	YDR542W	0.81529
1980	YER039C-A	0.81524
1981	YKR074W	0.81524
1982	YPR172W	0.81523
1983	YHR039C-A	0.81518
1984	YBR162W-A	0.81515
1985	YGL050W	0.81505
1986	YIL106W	0.81504
1987	YLR351C	0.81502
1988	YNL163C	0.81501
1989	YOR184W	0.81499
1990	YHR161C	0.81498
1991	YOL034W	0.8149
1992	YHL034C	0.81486
1993	YOR311C	0.81484
1994	YNL101W	0.8148
1995	YBR003W	0.81478
1996	YHR100C	0.81476
1997	YPR178W	0.81476
1998	YKR012C	0.81465
1999	YDR182W-A	0.81464
2000	YHR202W	0.81464
2001	YJR131W	0.81463
2002	YDR035W	0.81453
2003	YLR390W	0.81452
2004	YPR201W	0.81452
2005	YGL068W	0.81451
2006	YPR002W	0.81451
2007	YEL002C	0.81448
2008	YNR027W	0.8144
2009	YOR374W	0.8144
2010	YBL056W	0.81429
2011	YOR077W	0.81417
2012	YFL034W	0.81414
2013	YML063W	0.81414
2014	YDL202W	0.81405
2015	YOR291W	0.81405
2016	YLR413W	0.81403
2017	YFL034C-B	0.81399
2018	YJL172W	0.81392
2019	YLR401C	0.81389
2020	YOR150W	0.81388
2021	YPR133C	0.81378
2022	YJL082W	0.81372
2023	YNL229C	0.81371
2024	YLR065C	0.8136
2025	YAL001C	0.81358
2026	YPR144C	0.81352
2027	YGR027C	0.81344
2028	YLR231C	0.81344
2029	YGL202W	0.81339
2030	YBL038W	0.81337
2031	YPL198W	0.81336
2032	YGL076C	0.81334
2033	YNR036C	0.81331
2034	YLL041C	0.81327
2035	YPR140W	0.81327
2036	YNL001W	0.81326
2037	YCR075C	0.81326
2038	YCR028C-A	0.81309
2039	YGR294W	0.81308
2040	YNL326C	0.81299
2041	YPR120C	0.81295
2042	YDR098C	0.81295
2043	YHR041C	0.81291
2044	YGL181W	0.8128
2045	YPR147C	0.81279
2046	YGR024C	0.81272
2047	YER147C	0.81271
2048	YMR229C	0.81268
2049	YCR102C	0.81266
2050	YNL141W	0.81254
2051	YDR145W	0.8125
2052	YDL037C	0.81247
2053	YMR253C	0.81245
2054	YJR040W	0.81242
2055	YBR301W	0.81237
2056	YLR338W	0.81233
2057	YLR020C	0.81233
2058	YPR157W	0.81227
2059	YDR498C	0.81217
2060	YGL154C	0.81215
2061	YOL093W	0.81212
2062	YBL001C	0.81211
2063	YDR477W	0.81209
2064	YPL194W	0.81208
2065	YJR137C	0.81208
2066	YML074C	0.81208
2067	YDR380W	0.81207
2068	YDR067C	0.81201
2069	YEL044W	0.81196
2070	YOR271C	0.81193
2071	YDL004W	0.81192
2072	YER001W	0.81192
2073	YNR008W	0.81189
2074	YBR111C	0.81188
2075	YGR242W	0.81187
2076	YBR053C	0.81185
2077	YLR210W	0.81181
2078	YDR109C	0.81176
2079	YMR302C	0.81174
2080	YIL126W	0.81174
2081	YHR178W	0.81167
2082	YJR125C	0.81166
2083	YDL190C	0.81165
2084	YDL178W	0.81162
2085	YNL069C	0.81161
2086	YDR236C	0.81157
2087	YCR075W-A	0.81149
2088	YBR093C	0.81146
2089	YGL144C	0.81137
2090	YJL125C	0.81134
2091	YNL181W	0.81134
2092	YJL223C	0.81131
2093	YIL176C	0.81131
2094	YEL003W	0.81128
2095	YLR441C	0.81125
2096	YOL067C	0.81122
2097	YLR285W	0.81121
2098	YDR211W	0.81118
2099	YHR215W	0.81116
2100	YDR346C	0.81115
2101	YOR262W	0.81114
2102	YGR195W	0.81114
2103	YER134C	0.81106
2104	YLR061W	0.81105
2105	YPR058W	0.81101
2106	YGL140C	0.81095
2107	YOR164C	0.81095
2108	YOR181W	0.81095
2109	YLR145W	0.81094
2110	YER100W	0.81094
2111	YNL192W	0.81088
2112	YOR296W	0.81086
2113	YNL056W	0.81077
2114	YNR017W	0.81071
2115	YOL018C	0.81067
2116	YMR101C	0.81057
2117	YBR223C	0.81056
2118	YPL179W	0.81044
2119	YOL155C	0.81033
2120	YNR015W	0.8103
2121	YLL011W	0.81028
2122	YAR071W	0.81025
2123	YLR333C	0.81025
2124	Q0250	0.81018
2125	YBR227C	0.81011
2126	YFL030W	0.81002
2127	YML070W	0.81002
2128	YLR386W	0.81002
2129	YPR100W	0.81
2130	YOL115W	0.80999
2131	YDR256C	0.80989
2132	YGR118W	0.80988
2133	YPR132W	0.80988
2134	YDR312W	0.80978
2135	YNR052C	0.80972
2136	YKL151C	0.80969
2137	YEL049W	0.80966
2138	YBL068W-A	0.80965
2139	YPL173W	0.8096
2140	YNR029C	0.80957
2141	YNL282W	0.80953
2142	YNL088W	0.8095
2143	YHR033W	0.80946
2144	YNL322C	0.80932
2145	YGR026W	0.80927
2146	YCL054W	0.80923
2147	YKL154W	0.80921
2148	YNL016W	0.80914
2149	YCL074W	0.80911
2150	YJL183W	0.80908
2151	YLR083C	0.80903
2152	YDR142C	0.80901
2153	YAR003W	0.80899
2154	YNL293W	0.80898
2155	YLL027W	0.80894
2156	YGL198W	0.80893
2157	YLR448W	0.80889
2158	YDL130W	0.80887
2159	YDL217C	0.80872
2160	YOR065W	0.80869
2161	YEL059C-A	0.80864
2162	YIL013C	0.80862
2163	YPL227C	0.80855
2164	YNL212W	0.80847
2165	YLL012W	0.80846
2166	YIL063C	0.80846
2167	YCR045C	0.80843
2168	YOL161C	0.80839
2169	YLR264W	0.80838
2170	YBR062C	0.80837
2171	YDL045W-A	0.80837
2172	YOR295W	0.80836
2173	YDR060W	0.80834
2174	YIR015W	0.80834
2175	YIL047C	0.8083
2176	YJR129C	0.80825
2177	YLR364W	0.80819
2178	YOL023W	0.80819
2179	YLR372W	0.80816
2180	YDR287W	0.80811
2181	YBL082C	0.8078
2182	YHR164C	0.80777
2183	YNL059C	0.80774
2184	YBR101C	0.80769
2185	YKR095W-A	0.80768
2186	YDL039C	0.80764
2187	YCL075W	0.80761
2188	YHR201C	0.80759
2189	YOR091W	0.80759
2190	YLR446W	0.80751
2191	YBR139W	0.80747
2192	YDR444W	0.80725
2193	YDL171C	0.8071
2194	YLR003C	0.80709
2195	YIL168W	0.80707
2196	YPR159W	0.80696
2197	YLR212C	0.80693
2198	YLR460C	0.80689
2199	YBR180W	0.80683
2200	YGL101W	0.80682
2201	YKL202W	0.80681
2202	YGL037C	0.80676
2203	YOR223W	0.80671
2204	YDR471W	0.80669
2205	YDR031W	0.80664
2206	YMR162C	0.80662
2207	YOR213C	0.80655
2208	YGL095C	0.80655
2209	YOR167C	0.80655
2210	YHR194W	0.80648
2211	YLR361C	0.80646
2212	YCR100C	0.80644
2213	YLR318W	0.80642
2214	YLR174W	0.80637
2215	YDR352W	0.80632
2216	YER063W	0.80631
2217	YGR159C	0.80627
2218	YOR175C	0.80622
2219	YGL028C	0.80622
2220	YFL016C	0.8062
2221	YNR012W	0.80616
2222	YCR094W	0.80612
2223	YOR292C	0.80607
2224	YHL008C	0.80607
2225	YMR139W	0.80601
2226	YCL045C	0.80598
2227	YOL039W	0.80596
2228	YPL133C	0.80591
2229	YKL221W	0.80583
2230	YHR214W	0.80571
2231	YAR066W	0.80571
2232	YDR305C	0.80571
2233	YJL200C	0.80565
2234	YBR096W	0.80562
2235	YIL052C	0.80562
2236	YBR297W	0.80558
2237	YKL073W	0.80558
2238	YDL019C	0.80554
2239	YDL200C	0.80547
2240	YMR264W	0.80544
2241	YMR099C	0.80542
2242	YKL065C	0.80542
2243	YNR062C	0.80542
2244	YMR062C	0.8054
2245	YLR272C	0.80538
2246	YMR265C	0.80536
2247	YGL111W	0.80536
2248	YOR212W	0.80535
2249	YDR436W	0.80528
2250	YHR010W	0.80528
2251	YPL214C	0.80525
2252	YKR104W	0.80522
2253	YML025C	0.8052
2254	YMR261C	0.80512
2255	YPR161C	0.80512
2256	YOR285W	0.80508
2257	YJR042W	0.80506
2258	YAL018C	0.80505
2259	YOR052C	0.80504
2260	YDR112W	0.80501
2261	YPL024W	0.80491
2262	YHL006C	0.80487
2263	YML115C	0.80487
2264	YML073C	0.80475
2265	YOR265W	0.80474
2266	YLR047C	0.80471
2267	YFL044C	0.80467
2268	YGR277C	0.80466
2269	YJR113C	0.80455
2270	YER056C-A	0.80455
2271	YJL088W	0.80453
2272	YOR016C	0.80437
2273	YLR019W	0.80434
2274	YIL051C	0.80432
2275	YGR093W	0.80429
2276	YGL166W	0.80426
2277	YJL104W	0.80415
2278	YLR026C	0.80412
2279	YLR443W	0.8041
2280	YER005W	0.80408
2281	YHR207C	0.80395
2282	YNR067C	0.8039
2283	YPR037C	0.80385
2284	YHR117W	0.80383
2285	YCL042W	0.80373
2286	YPL110C	0.80372
2287	YNL162W-A	0.80371
2288	YIL125W	0.80354
2289	YIL039W	0.8035
2290	YJR133W	0.80347
2291	YDL090C	0.80338
2292	YIL030C	0.80321
2293	YOR001W	0.80314
2294	YKR017C	0.80313
2295	YOR056C	0.80312
2296	YPL008W	0.80312
2297	YNL321W	0.8031
2298	YLL034C	0.803
2299	YDR263C	0.8029
2300	YLL052C	0.80284
2301	YDR292C	0.80281
2302	YGR232W	0.8028
2303	YPR006C	0.80279
2304	YGR295C	0.80277
2305	YNL328C	0.80275
2306	YJR005W	0.80275
2307	YER168C	0.80273
2308	YIL004C	0.80272
2309	YDR019C	0.80263
2310	YNL306W	0.80254
2311	YPL239W	0.80251
2312	YLR192C	0.8025
2313	YJR130C	0.80248
2314	YBR094W	0.80247
2315	YFR027W	0.80245
2316	YML121W	0.80241
2317	YNL155W	0.80239
2318	YDR117C	0.80239
2319	YMR317W	0.80238
2320	YGL164C	0.80238
2321	YFL054C	0.80236
2322	YGL019W	0.80232
2323	YNL292W	0.80231
2324	Q0065	0.80223
2325	YJL063C	0.80223
2326	YNL102W	0.80217
2327	YLR009W	0.80211
2328	YIL046W	0.80207
2329	YBL101C	0.80202
2330	YER016W	0.80201
2331	YMR200W	0.80189
2332	YGR209C	0.80189
2333	YGR292W	0.8017
2334	YNL129W	0.80163
2335	YHR062C	0.80158
2336	YDR298C	0.8015
2337	YDR358W	0.80139
2338	YBR091C	0.80138
2339	YLR086W	0.80138
2340	YIL022W	0.80138
2341	YKR055W	0.80122
2342	YBR192W	0.80122
2343	YPL059W	0.80114
2344	YKL030W	0.80113
2345	YJL168C	0.8011
2346	YBR199W	0.80107
2347	YDL040C	0.80105
2348	YPL082C	0.80104
2349	YOR118W	0.80103
2350	YDR107C	0.80085
2351	YDL017W	0.80082
2352	YLR357W	0.80079
2353	YGR037C	0.80074
2354	YBR149W	0.80074
2355	YKR040C	0.80064
2356	YLR435W	0.80057
2357	YCR067C	0.80056
2358	YJL041W	0.80051
2359	YGR074W	0.80048
2360	YNL022C	0.80046
2361	YPR118W	0.80038
2362	YDL078C	0.80035
2363	YKR070W	0.80028
2364	YJR146W	0.80027
2365	YGL241W	0.80024
2366	YDR492W	0.80014
2367	YNL161W	0.80012
2368	YGR054W	0.80006
2369	YDR165W	0.80005
2370	YLR383W	0.80004
2371	YHL004W	0.80003
2372	YMR038C	0.8
2373	YOR272W	0.79992
2374	YBR299W	0.7999
2375	YDL060W	0.79987
2376	YHR028C	0.79984
2377	YDR513W	0.79982
2378	YOR254C	0.7998
2379	YNL305C	0.79979
2380	YHR205W	0.79977
2381	YML105C	0.79976
2382	YLR022C	0.79969
2383	YOR010C	0.79958
2384	YOL121C	0.79958
2385	YMR128W	0.79953
2386	YIR023W	0.79947
2387	YLR250W	0.79947
2388	YOR173W	0.79947
2389	YIL133C	0.79942
2390	YGR145W	0.7994
2391	YLL001W	0.79939
2392	YGL003C	0.79937
2393	YCR076C	0.79934
2394	YDL075W	0.79932
2395	YGR262C	0.79926
2396	YOR021C	0.79926
2397	YIL069C	0.79926
2398	YER074W	0.79926
2399	YJR149W	0.79917
2400	YLR452C	0.79914
2401	YGR243W	0.79907
2402	YPL224C	0.79906
2403	YGL045W	0.79891
2404	YJL163C	0.79883
2405	YGR061C	0.79882
2406	YNL280C	0.79879
2407	YGR078C	0.79877
2408	YHR104W	0.79867
2409	YDL085W	0.79859
2410	YOL140W	0.79854
2411	YJL178C	0.79838
2412	YMR244C-A	0.79837
2413	YKL041W	0.79833
2414	YMR286W	0.79826
2415	YGL033W	0.79823
2416	YDR364C	0.79817
2417	YLL043W	0.79817
2418	YHR048W	0.79815
2419	YJL074C	0.79804
2420	YPL176C	0.79803
2421	YNL302C	0.79802
2422	YMR078C	0.79802
2423	YNL153C	0.798
2424	YDL143W	0.798
2425	YPL147W	0.79799
2426	YDR058C	0.79798
2427	YLR406C	0.79793
2428	YMR242C	0.79793
2429	YOR312C	0.79793
2430	YML005W	0.79791
2431	YGL196W	0.7979
2432	YOR009W	0.79789
2433	YOR294W	0.79786
2434	YMR040W	0.79785
2435	YMR149W	0.79781
2436	YCR020C	0.7978
2437	YNL336W	0.7978
2438	YGL242C	0.79774
2439	YMR155W	0.79771
2440	YIL100C-A	0.79767
2441	YOR018W	0.79762
2442	YLR450W	0.79761
2443	YCR030C	0.7976
2444	YFL009W	0.79758
2445	YGL103W	0.79755
2446	YIL067C	0.79754
2447	YGR009C	0.79753
2448	Q0105	0.79749
2449	YKL103C	0.79747
2450	YER014W	0.79743
2451	YDR061W	0.79741
2452	YIL147C	0.79737
2453	YHR151C	0.79727
2454	YHR052W	0.79725
2455	YPL164C	0.79724
2456	YNL040W	0.79722
2457	YOL060C	0.79712
2458	YIL002C	0.79704
2459	YLL048C	0.79704
2460	YGL053W	0.79702
2461	YLR007W	0.79699
2462	YFR022W	0.79696
2463	YPL100W	0.79695
2464	YLR405W	0.79693
2465	YDR530C	0.79692
2466	YNL247W	0.79686
2467	YBR041W	0.79679
2468	YPR196W	0.79679
2469	YBR175W	0.79679
2470	YLR421C	0.79676
2471	YGR217W	0.79676
2472	YNL147W	0.79672
2473	YLR215C	0.79671
2474	YGR144W	0.79671
2475	YBR107C	0.79668
2476	YHR124W	0.79664
2477	YPL140C	0.79663
2478	YPR119W	0.79663
2479	YDR479C	0.79656
2480	YGL143C	0.79651
2481	YOR340C	0.79648
2482	YHR002W	0.79647
2483	YHR176W	0.79645
2484	YGR162W	0.79643
2485	YOL010W	0.79642
2486	YDL215C	0.79641
2487	YIR004W	0.7964
2488	YKL222C	0.79639
2489	YOR054C	0.79635
2490	YOR382W	0.79633
2491	YJL053W	0.79631
2492	YDR488C	0.79626
2493	YNL284C	0.79618
2494	Q0120	0.7961
2495	YHR115C	0.7961
2496	YLR246W	0.79605
2497	YDR338C	0.79604
2498	YIL091C	0.79599
2499	YPR197C	0.79593
2500	YBR204C	0.7959
2501	YKL187C	0.79588
2502	YER157W	0.79587
2503	YPR098C	0.79582
2504	YDR493W	0.79579
2505	YLL015W	0.79572
2506	YOL113W	0.7957
2507	YKL017C	0.79565
2508	YKL095W	0.79564
2509	YBL061C	0.79553
2510	YNL299W	0.79552
2511	YCR073C	0.79552
2512	YDL167C	0.79552
2513	YOR390W	0.79547
2514	YLL057C	0.79536
2515	YGL262W	0.79531
2516	YMR193W	0.79526
2517	YBR018C	0.79516
2518	YMR228W	0.79514
2519	YMR201C	0.795
2520	YLR281C	0.79496
2521	YML132W	0.79481
2522	YBR302C	0.79481
2523	YML127W	0.79479
2524	YBR151W	0.79473
2525	YGR261C	0.79471
2526	YDR382W	0.7947
2527	YLR141W	0.79464
2528	YML082W	0.79462
2529	YDL233W	0.7946
2530	YCL038C	0.79455
2531	YDL177C	0.79453
2532	YPL249C	0.79448
2533	YOR201C	0.79437
2534	YHL002W	0.79409
2535	YDR405W	0.79408
2536	YFR025C	0.79406
2537	YJR010W	0.79399
2538	YGL064C	0.79397
2539	YGL179C	0.79396
2540	YDL150W	0.79392
2541	YKL091C	0.79391
2542	YLR287C	0.79389
2543	YJR013W	0.79386
2544	YDR161W	0.79375
2545	YPL079W	0.79364
2546	YMR041C	0.79361
2547	YER049W	0.79361
2548	YBR055C	0.79351
2549	YOL145C	0.79349
2550	YGL250W	0.79333
2551	YLR389C	0.79329
2552	YHR024C	0.79327
2553	YKR035W-A	0.79325
2554	YAR028W	0.7932
2555	YMR277W	0.79318
2556	YOL072W	0.79311
2557	YHR001W	0.7931
2558	YMR131C	0.79308
2559	YPR124W	0.79307
2560	YPL215W	0.79303
2561	YGR268C	0.79303
2562	YOR353C	0.79298
2563	YJR154W	0.79295
2564	YIL015W	0.79288
2565	YIL033C	0.79288
2566	YNL049C	0.79285
2567	YKL077W	0.79282
2568	YCR007C	0.79281
2569	YGR266W	0.79265
2570	YGL155W	0.79264
2571	YMR102C	0.79263
2572	YMR234W	0.7926
2573	YPL195W	0.79257
2574	YOR274W	0.79257
2575	YNL260C	0.79249
2576	YJR161C	0.79247
2577	YLR255C	0.79245
2578	YGL238W	0.79244
2579	YGL156W	0.79241
2580	YBR288C	0.79233
2581	YLR427W	0.79226
2582	YPL279C	0.79222
2583	YHR098C	0.7922
2584	YOR252W	0.79214
2585	YBR191W	0.79204
2586	YJL085W	0.79202
2587	YGL049C	0.79198
2588	YEL029C	0.79192
2589	YKR060W	0.79189
2590	YLL006W	0.79181
2591	YER156C	0.79175
2592	YIL034C	0.79169
2593	YGR263C	0.79164
2594	YOR132W	0.79161
2595	YPL088W	0.79158
2596	YJR118C	0.79154
2597	YJR035W	0.79154
2598	YLR105C	0.79154
2599	YKL007W	0.79151
2600	YPL001W	0.79145
2601	YNL177C	0.79141
2602	YCR096C	0.79136
2603	YMR127C	0.7913
2604	YKR025W	0.79126
2605	YER059W	0.79123
2606	YPR104C	0.79121
2607	YPL210C	0.79119
2608	YHR069C	0.79114
2609	YIL018W	0.79109
2610	YFR031C-A	0.79109
2611	YLR089C	0.79107
2612	YHR113W	0.79097
2613	YMR158W	0.79095
2614	YNL107W	0.79092
2615	YJR117W	0.79091
2616	YGL173C	0.79087
2617	YPL087W	0.79075
2618	YDR173C	0.79068
2619	YHR114W	0.79066
2620	YDL205C	0.79064
2621	YOL052C	0.79051
2622	YNL079C	0.79044
2623	YPR168W	0.79038
2624	YLR419W	0.79035
2625	YJR057W	0.79031
2626	YJL197W	0.79027
2627	YIR039C	0.79026
2628	YDL248W	0.7902
2629	YLR414C	0.79017
2630	YOL008W	0.79011
2631	YCL048W	0.79006
2632	YDR334W	0.79004
2633	YML030W	0.79001
2634	YAL004W	0.78999
2635	YBR221W-A	0.78996
2636	YMR152W	0.78995
2637	YDL156W	0.7899
2638	YOL064C	0.78988
2639	YHR051W	0.78986
2640	YOL135C	0.78979
2641	YJL115W	0.78978
2642	YDL104C	0.78973
2643	YOR232W	0.78958
2644	YDL207W	0.78956
2645	YHR139C	0.78953
2646	YPL081W	0.7894
2647	YDR175C	0.78913
2648	YJL010C	0.78913
2649	YOR059C	0.7891
2650	YGR117C	0.78905
2651	YGL243W	0.78904
2652	YJR061W	0.78902
2653	YKL096W	0.78895
2654	YDR293C	0.7889
2655	YJL011C	0.78889
2656	YMR173W-A	0.78888
2657	YMR150C	0.7888
2658	YER116C	0.78875
2659	YDL008W	0.78871
2660	YBR070C	0.7887
2661	YGL112C	0.78861
2662	YDL101C	0.78861
2663	YDL120W	0.78859
2664	YLR306W	0.78858
2665	YMR251W	0.78858
2666	YDR349C	0.78851
2667	YAL048C	0.78848
2668	YNL190W	0.78842
2669	YHR165W-A	0.7884
2670	YBR067C	0.78823
2671	YOL096C	0.78823
2672	YPL117C	0.78819
2673	YLR455W	0.78816
2674	YIL153W	0.78814
2675	YOL098C	0.78813
2676	YJL129C	0.7881
2677	YJL186W	0.78806
2678	YJR123W	0.788
2679	YER010C	0.78795
2680	YML066C	0.78792
2681	YCR044C	0.7879
2682	YOR176W	0.78786
2683	YGR186W	0.78785
2684	YBR072W	0.7878
2685	YDR421W	0.7878
2686	YNL238W	0.78774
2687	YBR104W	0.78772
2688	YJR088C	0.7877
2689	YDR025W	0.7877
2690	YBR048W	0.7877
2691	YGL251C	0.78766
2692	YDR523C	0.78761
2693	YJR078W	0.7876
2694	YBR189W	0.78759
2695	YIL083C	0.78745
2696	YMR269W	0.78738
2697	YBR205W	0.78737
2698	YKR086W	0.78733
2699	YML031W	0.78731
2700	YHL001W	0.78728
2701	YEL019C	0.78725
2702	YDR325W	0.78721
2703	YOR280C	0.78719
2704	YMR088C	0.78718
2705	YHR076W	0.78712
2706	YHL048W	0.78711
2707	YBR084W	0.78706
2708	YFL062W	0.78705
2709	YCR013C	0.78705
2710	YKL172W	0.78701
2711	YOR233W	0.78696
2712	YCL037C	0.78695
2713	YPR023C	0.78695
2714	YMR020W	0.78694
2715	YLR284C	0.78694
2716	YOL061W	0.78692
2717	YOR141C	0.78687
2718	YPR094W	0.78686
2719	YDR332W	0.78678
2720	YKL174C	0.78671
2721	YLR178C	0.7867
2722	YIL128W	0.78664
2723	YOR035C	0.78664
2724	YPL019C	0.7865
2725	YJR052W	0.78641
2726	YGL069C	0.78634
2727	YNR054C	0.78632
2728	YJL036W	0.78614
2729	YNL149C	0.78614
2730	YDR209C	0.78614
2731	YOL127W	0.78612
2732	YGL051W	0.78608
2733	YOR154W	0.78606
2734	YNR041C	0.78604
2735	YLR043C	0.786
2736	YIL151C	0.786
2737	YNL173C	0.78598
2738	YKL100C	0.78596
2739	YDR478W	0.78594
2740	YDR194C	0.78593
2741	YOR301W	0.78589
2742	YGL010W	0.78585
2743	YMR104C	0.78582
2744	YGL082W	0.78577
2745	YPL138C	0.78576
2746	YGR088W	0.78575
2747	YPL097W	0.78573
2748	YPL060W	0.78571
2749	YNL116W	0.78564
2750	YGR001C	0.78559
2751	YBR274W	0.78557
2752	YKR048C	0.78554
2753	YGR111W	0.78552
2754	YGL246C	0.78546
2755	YBR244W	0.78545
2756	YHR072W	0.78538
2757	YNL025C	0.78525
2758	YGR169C	0.78523
2759	YOR330C	0.78522
2760	YLR319C	0.78522
2761	YKL087C	0.78519
2762	YDR257C	0.78518
2763	YBL098W	0.78516
2764	YAL033W	0.78514
2765	YJR055W	0.78511
2766	YJR150C	0.78507
2767	YCR079W	0.785
2768	YLR080W	0.78496
2769	YOR290C	0.78492
2770	YDR419W	0.78492
2771	YER098W	0.7849
2772	YBL064C	0.78486
2773	YNL206C	0.7848
2774	YNL327W	0.7848
2775	YNR069C	0.7848
2776	YPR170W-B	0.78479
2777	YIR013C	0.78468
2778	YDL226C	0.78468
2779	YLR109W	0.78466
2780	YIL161W	0.78465
2781	YMR309C	0.78442
2782	YPR073C	0.78441
2783	YNL110C	0.78434
2784	YEL055C	0.78433
2785	YBL067C	0.78431
2786	YIL157C	0.78429
2787	YKR076W	0.78426
2788	YKL066W	0.78419
2789	YPL116W	0.78418
2790	YPR129W	0.78415
2791	YLR270W	0.78412
2792	YLR274W	0.78412
2793	YMR057C	0.78411
2794	YCL050C	0.78411
2795	YDR097C	0.78408
2796	YLR115W	0.78403
2797	YFL047W	0.78402
2798	YIL041W	0.78397
2799	YDR182W	0.78392
2800	YDL011C	0.7839
2801	YKL006W	0.7839
2802	YBR141C	0.78377
2803	YDL240W	0.78374
2804	YDL111C	0.78371
2805	YNL003C	0.78371
2806	YHL012W	0.78369
2807	YPR189W	0.78367
2808	YOR286W	0.78352
2809	YMR076C	0.78343
2810	YPL009C	0.7834
2811	YDR189W	0.78339
2812	YGR284C	0.78338
2813	YLR335W	0.78335
2814	YER080W	0.78331
2815	YLR149C-A	0.78322
2816	YIL154C	0.78322
2817	YDR434W	0.78322
2818	YHR118C	0.78317
2819	YAR033W	0.78316
2820	YLR085C	0.78316
2821	YOR136W	0.78314
2822	YBR056W	0.78308
2823	YJR067C	0.78307
2824	YNL119W	0.78293
2825	YJR075W	0.78292
2826	YOR389W	0.78285
2827	YGL194C	0.78268
2828	YBR125C	0.78267
2829	YOR258W	0.78261
2830	YLR430W	0.78242
2831	YDL063C	0.78238
2832	YER011W	0.78231
2833	YJR008W	0.78229
2834	YDR518W	0.78228
2835	YGR143W	0.78227
2836	YDL023C	0.78217
2837	YDR178W	0.78216
2838	YHR090C	0.78208
2839	YDR322C-A	0.78207
2840	YGR241C	0.78201
2841	YPR135W	0.78198
2842	YMR161W	0.78193
2843	YPR198W	0.78191
2844	YOL146W	0.78189
2845	YAL058W	0.78188
2846	YGR133W	0.78188
2847	YBR086C	0.78187
2848	YDR284C	0.78182
2849	YCL047C	0.7818
2850	YOR057W	0.78179
2851	YBR185C	0.78179
2852	YBL058W	0.78178
2853	YDL195W	0.78174
2854	YKL040C	0.78173
2855	YKL064W	0.78173
2856	YLR308W	0.78172
2857	YIL150C	0.78167
2858	YGL024W	0.78167
2859	YCL049C	0.78163
2860	YML004C	0.78161
2861	YHR162W	0.78158
2862	YGL027C	0.78157
2863	YNL317W	0.78156
2864	YDR512C	0.78148
2865	YOR022C	0.78147
2866	YLR016C	0.78143
2867	YHR085W	0.7814
2868	YBR273C	0.78139
2869	YGL213C	0.78135
2870	YIL107C	0.78131
2871	YPR092W	0.7813
2872	YPR087W	0.78125
2873	YPR064W	0.78123
2874	YNL169C	0.78121
2875	YOR244W	0.78114
2876	YGR036C	0.78112
2877	YPL083C	0.78103
2878	YPL007C	0.78093
2879	YLR002C	0.78093
2880	YGR193C	0.78089
2881	YBR110W	0.78083
2882	YHR192W	0.78082
2883	YNL178W	0.7808
2884	YGR058W	0.78078
2885	YAL034W-A	0.78076
2886	YNL004W	0.7806
2887	YDL159W	0.78055
2888	YKL018W	0.78053
2889	YGL236C	0.78046
2890	YNL252C	0.78038
2891	YER048C	0.78032
2892	YAR031W	0.78031
2893	YNR056C	0.78026
2894	YPL190C	0.78024
2895	YHL019C	0.78023
2896	YHR204W	0.78018
2897	YNL063W	0.78017
2898	YGL184C	0.78014
2899	YGL031C	0.7801
2900	YKR003W	0.78009
2901	YDR301W	0.78005
2902	YER051W	0.78002
2903	YPL132W	0.77997
2904	YNR075W	0.77994
2905	YOR161W-B	0.77993
2906	YPR047W	0.77992
2907	YOR387C	0.77989
2908	YGR080W	0.77988
2909	YNL298W	0.77979
2910	YBR201W	0.77976
2911	YJR046W	0.77972
2912	YDL010W	0.77972
2913	YER042W	0.77967
2914	YDR517W	0.77967
2915	YIL156W-B	0.77964
2916	YHR206W	0.77957
2917	YBR105C	0.77955
2918	YIL140W	0.77953
2919	YMR227C	0.7795
2920	YIL007C	0.77949
2921	YOR139C	0.77945
2922	YHR008C	0.77944
2923	YGL248W	0.77927
2924	YIL113W	0.77926
2925	YPL152W	0.77924
2926	YDL165W	0.77916
2927	YDL105W	0.77916
2928	YCR042C	0.77912
2929	YAL044C	0.7791
2930	YKL189W	0.77899
2931	YPL030W	0.77899
2932	YPR017C	0.77897
2933	YNL062C	0.77895
2934	YHL031C	0.77892
2935	YNL251C	0.77892
2936	YCL026C-A	0.77891
2937	YGL089C	0.7789
2938	YAR075W	0.7789
2939	YLR339C	0.7789
2940	YOL126C	0.77888
2941	YDR288W	0.77888
2942	YER182W	0.77886
2943	YMR177W	0.77884
2944	YER126C	0.7788
2945	YDL154W	0.77871
2946	YCR036W	0.77866
2947	YJL165C	0.77859
2948	YLR316C	0.77852
2949	YGL187C	0.77851
2950	YBR017C	0.77847
2951	YBL069W	0.77832
2952	YHR173C	0.77831
2953	YJL072C	0.77828
2954	YNL045W	0.77819
2955	YKL056C	0.77817
2956	YPL112C	0.77817
2957	YGL178W	0.77816
2958	YOR377W	0.77809
2959	YHL007C	0.77807
2960	YKL198C	0.77804
2961	YMR208W	0.77804
2962	YIL011W	0.77801
2963	YLR300W	0.77798
2964	YML100W	0.77796
2965	YCL026C-B	0.77792
2966	YGR177C	0.77789
2967	YOR100C	0.77786
2968	YMR005W	0.77785
2969	YHR150W	0.77785
2970	YHR086W	0.77784
2971	YKL179C	0.77781
2972	YHR016C	0.77777
2973	YOR005C	0.77776
2974	YMR012W	0.77773
2975	YNL263C	0.77772
2976	YBR280C	0.77768
2977	YKL167C	0.77763
2978	YGR073C	0.77762
2979	YIR043C	0.77759
2980	YJL192C	0.77758
2981	YBR060C	0.77758
2982	YGR066C	0.77757
2983	YOL111C	0.77754
2984	YDR372C	0.77751
2985	YHR049W	0.77751
2986	YBR293W	0.77742
2987	YDR308C	0.77737
2988	YOR363C	0.7773
2989	YGL104C	0.77725
2990	YAL046C	0.77717
2991	YAL051W	0.77714
2992	YOR082C	0.77714
2993	YPR038W	0.77712
2994	YJR034W	0.77707
2995	YPL022W	0.77702
2996	YOL152W	0.77702
2997	YNL256W	0.77701
2998	Q0055	0.777
2999	YHR196W	0.77678
3000	YCL048W-A	0.77675
3001	YGL161C	0.77673
3002	YJR098C	0.77667
3003	YDR282C	0.77664
3004	YPL222W	0.77657
3005	YDR171W	0.77657
3006	YER030W	0.77655
3007	YDR265W	0.77649
3008	YHR116W	0.77644
3009	YML084W	0.77643
3010	YGL129C	0.77637
3011	YOL148C	0.77632
3012	YOR335W-A	0.77631
3013	YHL032C	0.7763
3014	YPR160W-A	0.7763
3015	YLR292C	0.77628
3016	YLR387C	0.77625
3017	YMR213W	0.77621
3018	YLR266C	0.77618
3019	YMR086C-A	0.77616
3020	YOL086W-A	0.77615
3021	YNL316C	0.77614
3022	YLR144C	0.77612
3023	YDR320W-B	0.7761
3024	YKL031W	0.77608
3025	YLR114C	0.77605
3026	YKL037W	0.776
3027	YPR060C	0.77596
3028	YGR271C-A	0.77595
3029	YJL096W	0.77594
3030	YLR133W	0.77586
3031	YNL131W	0.77582
3032	YBR213W	0.77573
3033	YML019W	0.77556
3034	YIL110W	0.77556
3035	YOR268C	0.77548
3036	YGL258W	0.77547
3037	YHR081W	0.77543
3038	YPL101W	0.77542
3039	YMR042W	0.77535
3040	YCL001W-B	0.77521
3041	YKR052C	0.77521
3042	YML090W	0.7752
3043	YPR200C	0.77518
3044	YBR024W	0.77516
3045	YOR231W	0.7751
3046	YPL053C	0.77509
3047	YDR122W	0.77508
3048	YDL033C	0.77504
3049	YJL097W	0.77503
3050	YFL015C	0.77498
3051	YHR137W	0.77493
3052	YNL325C	0.77493
3053	YBL037W	0.77493
3054	YEL006W	0.7749
3055	YLR088W	0.77488
3056	YDR386W	0.77485
3057	YLR107W	0.77474
3058	YLR118C	0.77471
3059	YIL038C	0.77465
3060	YPL137C	0.77458
3061	YCL041C	0.77446
3062	YBL104C	0.77445
3063	YDR370C	0.77444
3064	YBR176W	0.77437
3065	YKR047W	0.77435
3066	YML118W	0.77432
3067	YMR189W	0.7743
3068	YEL034C-A	0.77426
3069	YJL154C	0.77421
3070	YBL096C	0.77419
3071	YDR506C	0.77415
3072	YER187W	0.7741
3073	YHR091C	0.77408
3074	YMR114C	0.77399
3075	YGR148C	0.77395
3076	YHR166C	0.77389
3077	YMR033W	0.77389
3078	YDR400W	0.77387
3079	YBR059C	0.77385
3080	YIR017C	0.77382
3081	YIR032C	0.7738
3082	YDL068W	0.77379
3083	YPR091C	0.77372
3084	Q0142	0.77369
3085	YBL019W	0.77365
3086	YGL183C	0.77363
3087	YDR524C-B	0.77362
3088	YGL083W	0.7736
3089	YJL059W	0.77357
3090	YDR162C	0.77355
3091	YDR330W	0.77349
3092	YDR311W	0.77347
3093	YDR531W	0.77345
3094	YDR077W	0.77338
3095	YFR035C	0.77338
3096	YDL161W	0.77336
3097	YGL141W	0.77336
3098	YJR031C	0.77336
3099	YNL216W	0.77333
3100	YIR006C	0.77318
3101	YLR371W	0.77311
3102	YMR272W-B	0.7731
3103	YCR092C	0.77303
3104	YKL201C	0.77301
3105	YMR182W-A	0.77296
3106	YKL186C	0.77295
3107	YNR038W	0.77293
3108	YML110C	0.77293
3109	YBR158W	0.77292
3110	YDR132C	0.77289
3111	YMR166C	0.77284
3112	YPL103C	0.77282
3113	YPR184W	0.77281
3114	YDR128W	0.77281
3115	YOR161W-A	0.77279
3116	YPR125W	0.77277
3117	YFL021C-A	0.77274
3118	YKL125W	0.77262
3119	YOR055W	0.77255
3120	YKL142W	0.77254
3121	YOR275C	0.77252
3122	YJR004C	0.77247
3123	YLL054C	0.77242
3124	YOR205C	0.77236
3125	YMR306C-A	0.77234
3126	YNL273W	0.77231
3127	YIR021W	0.77228
3128	YIL079C	0.77216
3129	YHR134W	0.77207
3130	YER170W	0.77205
3131	YMR188C	0.77205
3132	YLR205C	0.77203
3133	YDR286C	0.772
3134	YOL116W	0.77197
3135	YLR021W	0.77184
3136	YPR093C	0.77179
3137	YDL231C	0.77175
3138	YOR322C	0.77172
3139	YPL277C	0.77171
3140	YCR088W	0.77167
3141	YER141W	0.77167
3142	YCL064C	0.7716
3143	YJL052C-A	0.77158
3144	YGL098W	0.77157
3145	YOL056W	0.77155
3146	YAL056C-A	0.77149
3147	YKL173W	0.77144
3148	YDR134C	0.77136
3149	YKL165C	0.77128
3150	YCR071C	0.77127
3151	YNL182C	0.77119
3152	YLR090W	0.77115
3153	YDL118W	0.77114
3154	YGL094C	0.77109
3155	YNL094W	0.77109
3156	YMR275C	0.77099
3157	YFR007W	0.77099
3158	YOR038C	0.77094
3159	YKL215C	0.7709
3160	YMR290W-A	0.7709
3161	YGR194C	0.77086
3162	YNL186W	0.77085
3163	YDL148C	0.7708
3164	YDR004W	0.77078
3165	YDL030W	0.77065
3166	YGR121W-A	0.77057
3167	YIR038C	0.7705
3168	YDL096C	0.77045
3169	YDR476C	0.77045
3170	YPL247C	0.77045
3171	YER188W	0.77044
3172	YPL273W	0.77039
3173	YDR094W	0.77038
3174	YFR002W	0.77033
3175	YCL023C	0.77021
3176	YMR097C	0.77017
3177	YKL090W	0.77011
3178	YLR143W	0.77007
3179	YKL006C-A	0.77006
3180	YPL045W	0.77005
3181	YEL045C	0.77004
3182	YJL006C	0.77002
3183	YDR441C	0.77
3184	YIL095W	0.76994
3185	YOL047C	0.76993
3186	YOR025W	0.76985
3187	YGR166W	0.76969
3188	YPR105C	0.76961
3189	YCR090C	0.76956
3190	YMR074C	0.7695
3191	YJR033C	0.76947
3192	YDR137W	0.76945
3193	YBR190W	0.7694
3194	YKR064W	0.76937
3195	YJR054W	0.76936
3196	YGL110C	0.76933
3197	YNL291C	0.76932
3198	YDL209C	0.76928
3199	YER150W	0.76927
3200	YLR122C	0.76919
3201	YKL194C	0.76911
3202	YNL301C	0.76904
3203	YOL120C	0.76904
3204	YMR321C	0.76901
3205	YIL073C	0.769
3206	YER101C	0.769
3207	YIL054W	0.7689
3208	YML057C-A	0.76886
3209	YFR037C	0.76876
3210	YML051W	0.76875
3211	YER076C	0.76874
3212	YFL025C	0.76873
3213	YDR440W	0.76872
3214	YDL175C	0.7687
3215	YJL064W	0.76865
3216	YBR271W	0.76864
3217	YDR407C	0.76863
3218	YBR074W	0.76853
3219	YDR174W	0.76851
3220	YJR039W	0.76844
3221	YFL036W	0.76842
3222	YMR316C-B	0.76834
3223	YPL072W	0.76833
3224	YBR061C	0.76833
3225	YBL008W	0.7683
3226	YIL082W-A	0.76829
3227	YMR004W	0.76825
3228	YOR219C	0.76824
3229	YBR042C	0.76823
3230	YER151C	0.76819
3231	YBL100C	0.76819
3232	YEL015W	0.76816
3233	YGR178C	0.76815
3234	YGR136W	0.76812
3235	YJL203W	0.76804
3236	YPR143W	0.76801
3237	YBR005W	0.76801
3238	YCR038W-A	0.76791
3239	YGR157W	0.76789
3240	YFL031W	0.76787
3241	YER087C-B	0.76786
3242	YAL015C	0.76784
3243	YEL048C	0.76781
3244	YAR035C-A	0.76776
3245	YCR035C	0.76775
3246	YKL219W	0.76775
3247	YKL096W-A	0.76772
3248	YPL145C	0.76766
3249	YNR023W	0.76764
3250	YGR102C	0.76762
3251	YBL055C	0.76758
3252	YLR239C	0.76754
3253	YOR063W	0.76749
3254	YDR204W	0.76744
3255	YDR427W	0.76744
3256	YLR362W	0.76743
3257	YDL187C	0.76742
3258	YDL136W	0.76729
3259	YDL191W	0.76729
3260	YBL047C	0.76727
3261	YGL074C	0.76727
3262	YJL003W	0.76715
3263	YGL165C	0.7671
3264	YDR395W	0.76708
3265	YNR058W	0.76705
3266	YDR432W	0.76705
3267	YLR077W	0.76699
3268	YOL049W	0.76694
3269	YNL083W	0.76688
3270	YMR126C	0.76684
3271	YFR033C	0.7668
3272	YER123W	0.76679
3273	YHL049C	0.76674
3274	YER163C	0.76674
3275	YOR277C	0.76673
3276	YKR069W	0.76671
3277	YMR312W	0.76665
3278	YOR125C	0.7666
3279	YGR255C	0.76657
3280	YLR286W-A	0.76656
3281	YJR071W	0.76655
3282	YGL065C	0.76654
3283	YOR216C	0.76653
3284	YDR537C	0.76648
3285	YFL003C	0.76647
3286	YNL048W	0.76645
3287	YIL102C	0.76643
3288	YAL016C-A	0.76638
3289	YLR226W	0.76632
3290	YJR099W	0.76632
3291	YPR169W	0.76629
3292	YIR023C-A	0.76628
3293	YML097C	0.76625
3294	YBR231C	0.7662
3295	YJR006W	0.76617
3296	YCL016C	0.76614
3297	YDR183W	0.76614
3298	YNL036W	0.76612
3299	YML120C	0.7661
3300	YDR269C	0.76607
3301	YGR128C	0.76601
3302	YCL032W	0.76594
3303	YFR016C	0.76592
3304	YDL059C	0.76587
3305	YKL070W	0.76586
3306	YNL236W	0.76586
3307	YKR021W	0.76578
3308	YNL286W	0.76567
3309	YEL053C	0.76563
3310	YPL029W	0.76563
3311	YOR309C	0.76562
3312	YML111W	0.76558
3313	YIL059C	0.76556
3314	YOR299W	0.76554
3315	YDR168W	0.7655
3316	YOL042W	0.76546
3317	YIR040C	0.76543
3318	YHR120W	0.76542
3319	YHR140W	0.76541
3320	YNR021W	0.76539
3321	YOR034C-A	0.76534
3322	YKR072C	0.76532
3323	YIL076W	0.76527
3324	YOL123W	0.76523
3325	YBR193C	0.76523
3326	YLL062C	0.76509
3327	YHR080C	0.76504
3328	YLR390W-A	0.76501
3329	YLL010C	0.76497
3330	YOL144W	0.76487
3331	YNR033W	0.76485
3332	YJL062W	0.76483
3333	YEL012W	0.76477
3334	YNL242W	0.76473
3335	YNL203C	0.7647
3336	YOR198C	0.7647
3337	YDR268W	0.76469
3338	YDL035C	0.76468
3339	YOL128C	0.76467
3340	YOL027C	0.76459
3341	YGL195W	0.76457
3342	YPR162C	0.76449
3343	YJL139C	0.76442
3344	YPR166C	0.76441
3345	YLR337C	0.76437
3346	YNL267W	0.76437
3347	YGR201C	0.76436
3348	YLR023C	0.76434
3349	YBR119W	0.76431
3350	YGL180W	0.76427
3351	YDL041W	0.76426
3352	YJR050W	0.76425
3353	YLR225C	0.76424
3354	YHR073C-B	0.76422
3355	YEL033W	0.76422
3356	YOL043C	0.7642
3357	YHR075C	0.76415
3358	YKL178C	0.76414
3359	YBR116C	0.76411
3360	YDR193W	0.76406
3361	YEL059W	0.76406
3362	YKL175W	0.76399
3363	YCR006C	0.76392
3364	YAL014C	0.7639
3365	YNL272C	0.76388
3366	YDR206W	0.76386
3367	YDR289C	0.76376
3368	YLR140W	0.76376
3369	YKL209C	0.76375
3370	YNL221C	0.76373
3371	YGR099W	0.76372
3372	YLR029C	0.76372
3373	YGL153W	0.76369
3374	YLR110C	0.76367
3375	YOR008C	0.76366
3376	YIL131C	0.76363
3377	YLR025W	0.76361
3378	YNL028W	0.7635
3379	YOR383C	0.76347
3380	YDR387C	0.76345
3381	YOL141W	0.76344
3382	YGR107W	0.76343
3383	YBL108W	0.76341
3384	YIL017C	0.76341
3385	YLR323C	0.76335
3386	YOR200W	0.76317
3387	YHR077C	0.76315
3388	YNL002C	0.76308
3389	YHL010C	0.76304
3390	YNL217W	0.763
3391	YKR063C	0.76299
3392	YDL241W	0.76296
3393	YPL142C	0.76296
3394	YPR097W	0.76293
3395	YPR114W	0.76293
3396	YJL175W	0.76292
3397	YJL027C	0.76292
3398	YNL015W	0.76287
3399	YLR248W	0.76282
3400	YCL002C	0.7628
3401	YKL223W	0.76279
3402	YPL209C	0.76275
3403	YDR244W	0.76268
3404	YHR071C-A	0.76266
3405	YBL013W	0.76256
3406	YGL244W	0.76254
3407	YER180C-A	0.76248
3408	YGR216C	0.76242
3409	YCL057C-A	0.76239
3410	YCL008C	0.76239
3411	YJL142C	0.76238
3412	YKL150W	0.76236
3413	YJL025W	0.76226
3414	YHR209W	0.76225
3415	YPL090C	0.76221
3416	YBR181C	0.76221
3417	YHR028W-A	0.76219
3418	YIL142C-A	0.76218
3419	YGR109W-B	0.76213
3420	YPL063W	0.76212
3421	YBR223W-A	0.76212
3422	YLR240W	0.76211
3423	YLR116W	0.7621
3424	YDR435C	0.76205
3425	YDR266C	0.76202
3426	YAR019W-A	0.762
3427	YLR399W-A	0.76198
3428	YPR116W	0.76192
3429	YNL124W	0.76189
3430	YKL192C	0.76188
3431	YDR347W	0.76184
3432	YNL057W	0.76181
3433	YER165C-A	0.7618
3434	YER147C-A	0.7618
3435	YOR134W	0.76178
3436	YML130C	0.76174
3437	YBR247C	0.76173
3438	YHR133C	0.76172
3439	YMR272W-A	0.76167
3440	YDR365C	0.76164
3441	YNL271C	0.76163
3442	YML049C	0.76162
3443	YLR425W	0.76157
3444	YOR215C	0.7615
3445	YPL196W	0.7615
3446	YDR510C-A	0.76143
3447	YPL104W	0.76143
3448	YMR231W	0.76141
3449	YOR090C	0.76133
3450	YCR086W	0.76131
3451	YDR461W	0.76128
3452	YOL150C	0.76124
3453	YDR110W	0.76124
3454	YMR121C	0.76114
3455	YLR183C	0.76113
3456	YDR274C	0.76113
3457	YGL216W	0.76109
3458	YMR125W	0.76104
3459	YPL181W	0.76102
3460	YPL119C-A	0.76101
3461	YKR071C	0.76095
3462	YDL122W	0.76086
3463	YBR141W-A	0.76082
3464	YOR267C	0.7607
3465	YNL067W-B	0.76055
3466	YLR296W	0.76053
3467	YLR050C	0.76049
3468	YDL160C-A	0.76047
3469	YHR032C-A	0.76046
3470	YJR022W	0.76045
3471	YNL261W	0.76045
3472	YDR114C	0.76043
3473	YGR257C	0.7604
3474	YCR077C	0.7604
3475	YLR349W	0.76033
3476	YGR170W	0.76022
3477	YPR191W	0.76017
3478	YGL231C	0.76013
3479	YML061C	0.7601
3480	YNL318C	0.76008
3481	YEL053W-A	0.75997
3482	YMR216C	0.75996
3483	YBR030W	0.75994
3484	YGR236C	0.7599
3485	YIL171W	0.75987
3486	YPL064C	0.75986
3487	YPR085C	0.75983
3488	YOR102W	0.75979
3489	YAL037C-B	0.75969
3490	YIL057C	0.75965
3491	YER119C-A	0.75958
3492	YHR213W-B	0.75957
3493	YCR026C	0.75954
3494	YHR095W	0.75952
3495	YLR368W	0.7595
3496	YMR165C	0.75949
3497	YKL010C	0.75949
3498	YDL133W	0.75944
3499	YDR323C	0.75942
3500	YLR393W	0.75941
3501	YER048W-A	0.75937
3502	YOL001W	0.75934
3503	YPR130C	0.75926
3504	YNL184C	0.75924
3505	YHR087W	0.75922
3506	YGR090W	0.75921
3507	YLR041W	0.7592
3508	YMR212C	0.75914
3509	YKL019W	0.7591
3510	YER105C	0.75906
3511	YGL084C	0.75904
3512	YDR205W	0.75903
3513	YGL080W	0.75902
3514	YER037W	0.759
3515	YOR345C	0.75898
3516	YHR045W	0.75897
3517	YHR009C	0.75893
3518	YGR110W	0.75885
3519	YDR393W	0.75875
3520	YHR182C-A	0.75869
3521	YIL105C	0.75868
3522	YGL260W	0.75866
3523	YHR199C	0.75866
3524	YPL084W	0.75856
3525	YPR057W	0.75851
3526	YMR055C	0.7585
3527	YNL239W	0.75849
3528	YKL137W	0.75848
3529	YNL258C	0.75842
3530	YDL153C	0.75841
3531	YGL263W	0.75839
3532	YDR302W	0.75838
3533	YLR379W-A	0.75837
3534	YPR018W	0.75836
3535	YGR068C	0.75823
3536	YPL167C	0.75822
3537	YOR171C	0.75822
3538	YGR097W	0.75819
3539	YDL198C	0.75816
3540	YNL085W	0.75815
3541	YJR135W-A	0.75809
3542	YNL092W	0.75803
3543	YBR090C	0.75802
3544	YGL259W	0.75801
3545	YGL257C	0.75801
3546	YCR024C-A	0.758
3547	YMR245W	0.75798
3548	YLR279W	0.75793
3549	YEL008W	0.75791
3550	YLR344W	0.75783
3551	YDR403W	0.75778
3552	YNL180C	0.75777
3553	YDR379C-A	0.75775
3554	YNL289W	0.75774
3555	YBR268W	0.75771
3556	YMR259C	0.75768
3557	YKL214C	0.75768
3558	YPR179C	0.75767
3559	YKR058W	0.75767
3560	YLR207W	0.75761
3561	YER088C-A	0.75759
3562	YOL149W	0.75758
3563	YFR020W	0.75758
3564	YGR034W	0.75752
3565	YDR391C	0.75747
3566	YLR150W	0.75746
3567	YHR038W	0.7574
3568	YOR014W	0.7574
3569	YDL054C	0.75738
3570	YPL032C	0.75736
3571	YLR013W	0.75731
3572	YML081C-A	0.7573
3573	YDL085C-A	0.75729
3574	YFR001W	0.75727
3575	YBR085C-A	0.75726
3576	YDR233C	0.75719
3577	YHR146W	0.75708
3578	YOR156C	0.75701
3579	YLR124W	0.757
3580	YOR210W	0.75699
3581	YNR018W	0.75694
3582	YJR076C	0.75689
3583	Q0060	0.75688
3584	YJL152W	0.75685
3585	YDL015C	0.75685
3586	YBR233W	0.75684
3587	YDR154C	0.75679
3588	YFL023W	0.75679
3589	YML048W	0.75679
3590	YJR140C	0.75677
3591	YIL100W	0.75675
3592	YAL025C	0.75667
3593	YDR026C	0.75666
3594	YIL050W	0.7566
3595	YDR052C	0.75659
3596	YFR052C-A	0.75651
3597	YPR175W	0.7565
3598	YOR130C	0.75645
3599	YDR248C	0.75644
3600	YLR301W	0.75641
3601	YNR040W	0.75641
3602	YOR138C	0.75627
3603	YGR006W	0.75621
3604	YKL124W	0.75621
3605	YOR188W	0.75618
3606	YJL077W-A	0.75614
3607	YJL148W	0.75613
3608	YKR085C	0.75609
3609	YPL125W	0.75605
3610	YER127W	0.75604
3611	YGL185C	0.75603
3612	YHR180W-A	0.75601
3613	YDR503C	0.75597
3614	YOR229W	0.75597
3615	YOL108C	0.75595
3616	YJL100W	0.75581
3617	YLR380W	0.7558
3618	YOR070C	0.75577
3619	YKL033W	0.75574
3620	YGL189C	0.75572
3621	YDR079C-A	0.7556
3622	YMR324C	0.75558
3623	YNL043C	0.75552
3624	YLR305C	0.7555
3625	YJL123C	0.75546
3626	YMR194W	0.75542
3627	YBR200W-A	0.75535
3628	YDL157C	0.75535
3629	YIL085C	0.75535
3630	YLR388W	0.75531
3631	YGR176W	0.7553
3632	YPL270W	0.7553
3633	YDR253C	0.75529
3634	YHL034W-A	0.75517
3635	YOR051C	0.75511
3636	YKR103W	0.75507
3637	YGL228W	0.75507
3638	YHR188C	0.75499
3639	YLR064W	0.75498
3640	YKR032W	0.75489
3641	YJL119C	0.75489
3642	YOR075W	0.75488
3643	YPL096W	0.75488
3644	YER131W	0.75484
3645	YBR134W	0.75483
3646	YBR281C	0.75478
3647	YFR034W-A	0.75477
3648	YMR295C	0.75474
3649	YOL087C	0.75465
3650	YBL095W	0.75464
3651	YGR238C	0.75462
3652	YBR174C	0.75461
3653	YOR365C	0.75454
3654	YBR278W	0.75452
3655	YML100W-A	0.75449
3656	YDL159C-B	0.75448
3657	YOL046C	0.75441
3658	YAL059W	0.75441
3659	YLR194C	0.75439
3660	YBL072C	0.75435
3661	YER102W	0.75435
3662	YIL115C	0.75428
3663	YKL139W	0.7542
3664	YJR112W	0.75417
3665	YDL119C	0.75417
3666	YJL039C	0.75416
3667	YPL251W	0.75414
3668	YEL073C	0.75412
3669	YDR213W	0.75412
3670	YHR180C-B	0.75411
3671	YGR042W	0.75406
3672	YDL034W	0.75406
3673	YGL056C	0.75403
3674	YGL029W	0.754
3675	YHR197W	0.75397
3676	YBR284W	0.75388
3677	YNL130C-A	0.75387
3678	YNL118C	0.75381
3679	YKL057C	0.75379
3680	YNL324W	0.75379
3681	YDR527W	0.75376
3682	YLR164W	0.75369
3683	YKL132C	0.75367
3684	YAR064W	0.75362
3685	YOR318C	0.75358
3686	YDR320C-A	0.75356
3687	YHR171W	0.75356
3688	YNL279W	0.75351
3689	YMR230W-A	0.75347
3690	YOR045W	0.75343
3691	YPR170C	0.75341
3692	YBR226C	0.75339
3693	YOR334W	0.75339
3694	YHL013C	0.75338
3695	YNL168C	0.75337
3696	YPR066W	0.75336
3697	YBR229C	0.75335
3698	YDR472W	0.75334
3699	YIL134W	0.75331
3700	YNR030W	0.75325
3701	YEL035C	0.75323
3702	YDL225W	0.75317
3703	YOL048C	0.75316
3704	YGR223C	0.75307
3705	YLR206W	0.75306
3706	YGL235W	0.75304
3707	YIL058W	0.75303
3708	YDR187C	0.75301
3709	YDL025C	0.75298
3710	YHR127W	0.75295
3711	YDR160W	0.75293
3712	YHR180W	0.75291
3713	YLR103C	0.7529
3714	YDR106W	0.75285
3715	YAR027W	0.75285
3716	YGL032C	0.75278
3717	YOR017W	0.75278
3718	YMR291W	0.75264
3719	YPL172C	0.75262
3720	YKL156C-A	0.75261
3721	YKL026C	0.75261
3722	YOR029W	0.75259
3723	YDR467C	0.75247
3724	YDL022C-A	0.75246
3725	YOL057W	0.75241
3726	YNL294C	0.75234
3727	YER140W	0.75228
3728	YPR053C	0.75228
3729	YPL023C	0.75223
3730	YDR044W	0.7522
3731	YPL098C	0.75217
3732	YBR253W	0.75214
3733	YGR050C	0.75214
3734	YDR054C	0.75207
3735	YDR417C	0.75204
3736	YBR109W-A	0.75199
3737	YLR015W	0.75196
3738	YLR045C	0.75194
3739	YNL308C	0.75193
3740	YLR051C	0.75193
3741	YHR131W-A	0.75189
3742	YOR251C	0.75187
3743	YJL156C	0.75181
3744	YOR174W	0.75172
3745	YER058W	0.75171
3746	YER128W	0.75168
3747	YKL102C	0.75164
3748	YCR024C-B	0.75162
3749	YOL026C	0.75162
3750	YNL219C	0.75157
3751	YOR026W	0.75156
3752	YBL004W	0.75148
3753	YNL218W	0.75144
3754	YNL283C	0.75143
3755	YGR165W	0.75142
3756	YPL238C	0.75139
3757	YMR024W	0.75133
3758	YPR029C	0.75133
3759	YER021W	0.75131
3760	YKL147C	0.75128
3761	YLR233C	0.75128
3762	YJL131C	0.75121
3763	YCR041W	0.75119
3764	YGL034C	0.75112
3765	YLR456W	0.75096
3766	YKL034W	0.75095
3767	YPL109C	0.75082
3768	R0020C	0.7508
3769	YJL193W	0.75077
3770	YJL141C	0.75075
3771	YMR242W-A	0.75075
3772	YLL059C	0.75066
3773	YFL064C	0.75066
3774	YBR282W	0.75054
3775	YBL035C	0.75048
3776	YLL046C	0.7504
3777	YKL076C	0.75031
3778	YPR059C	0.75026
3779	YBR121C-A	0.75024
3780	YLR317W	0.7502
3781	YLR093C	0.75016
3782	YGR139W	0.75011
3783	YOL076W	0.75007
3784	YML032C	0.74992
3785	YLR071C	0.7499
3786	YJL136W-A	0.74986
3787	YPL162C	0.74986
3788	YKL071W	0.74984
3789	YOR325W	0.74983
3790	YOR256C	0.74982
3791	YFL046W	0.74982
3792	YDL086C-A	0.74977
3793	YPL003W	0.74973
3794	YPL222C-A	0.74968
3795	YGR270C-A	0.74968
3796	YPL249C-A	0.74966
3797	YJR036C	0.74965
3798	YDR491C	0.74961
3799	YFL051C	0.7496
3800	YFL013C	0.7496
3801	YPL074W	0.74957
3802	YOR068C	0.74951
3803	YJL222W-B	0.74942
3804	YIL175W	0.74942
3805	YOR203W	0.74938
3806	YKL047W	0.74936
3807	YKL203C	0.74935
3808	YKR049C	0.74934
3809	YML042W	0.74933
3810	YDR420W	0.74933
3811	YDR218C	0.74927
3812	YJL071W	0.74926
3813	YOR160W	0.74924
3814	YMR289W	0.74915
3815	YKR096W	0.74906
3816	YPR077C	0.74902
3817	YNL144W-A	0.74895
3818	YLR032W	0.74893
3819	YPL062W	0.74888
3820	YOL077W-A	0.74887
3821	YDR430C	0.74886
3822	YOR067C	0.74884
3823	YBR113W	0.74878
3824	YDR496C	0.74877
3825	YKR007W	0.74876
3826	YMR154C	0.74867
3827	YIR036W-A	0.74865
3828	YJL195C	0.74864
3829	Q0070	0.74863
3830	YER083C	0.74861
3831	YAL002W	0.74858
3832	YBR102C	0.74854
3833	YIL028W	0.74854
3834	YMR247C	0.74852
3835	YCR050C	0.74848
3836	YCR040W	0.74844
3837	YCL066W	0.74844
3838	YOR073W-A	0.7484
3839	Q0160	0.74838
3840	YEL017C-A	0.74837
3841	YDL061C	0.74832
3842	YOL022C	0.74831
3843	YHL014C	0.7483
3844	YDL221W	0.74829
3845	YOL050C	0.74829
3846	YBL049W	0.74821
3847	YLR314C	0.74821
3848	YOL013C	0.74813
3849	YML013W	0.74813
3850	YOR179C	0.74809
3851	YMR039C	0.74807
3852	YJL137C	0.74806
3853	YKL097C	0.74806
3854	YDL146W	0.74805
3855	YNL080C	0.74802
3856	YDR180W	0.74801
3857	YGR059W	0.74799
3858	YNR068C	0.74796
3859	YMR002W	0.74795
3860	YOR069W	0.74788
3861	YNL103W-A	0.74781
3862	YJR128W	0.74777
3863	YPL228W	0.74777
3864	YJR018W	0.74774
3865	YJL102W	0.74771
3866	YFL015W-A	0.74769
3867	YDR314C	0.74766
3868	YAL056W	0.74759
3869	YOL045W	0.74756
3870	YJL043W	0.74753
3871	YCL052C	0.74752
3872	YOL051W	0.7475
3873	YKR023W	0.74736
3874	YJL031C	0.74734
3875	YKL043W	0.74726
3876	YIL130W	0.74724
3877	YEL009C	0.7472
3878	YLR157W-E	0.74717
3879	YIR030W-A	0.74717
3880	YPL263C	0.74706
3881	YKL082C	0.74703
3882	YPR108W-A	0.74695
3883	YPR055W	0.74693
3884	YMR105W-A	0.74687
3885	YIR007W	0.74678
3886	YNL032W	0.74675
3887	YBR147W	0.7467
3888	YPR154W	0.74669
3889	YJL133W	0.74666
3890	YDR210W	0.74663
3891	YHR022C-A	0.74656
3892	YDL058W	0.74655
3893	YPL191C	0.74652
3894	YMR112C	0.7465
3895	YLR262C-A	0.74648
3896	YDR428C	0.74647
3897	YDR363W-A	0.74642
3898	YGR116W	0.7464
3899	YMR233W	0.74634
3900	YHR158C	0.74632
3901	YKL140W	0.74632
3902	YJR044C	0.74629
3903	YDR460W	0.74629
3904	YAL067W-A	0.74622
3905	YLR163C	0.74619
3906	YGR062C	0.74617
3907	YMR168C	0.74617
3908	YNL084C	0.74611
3909	YLR097C	0.74611
3910	YNL310C	0.74605
3911	YJL047C	0.74602
3912	YML122C	0.74602
3913	YHR084W	0.74592
3914	YGR188C	0.7459
3915	YDR355C	0.7459
3916	YPR195C	0.74589
3917	YDL053C	0.74584
3918	YLR035C	0.74582
3919	YIR018C-A	0.74576
3920	YBR122C	0.74575
3921	YJR019C	0.74575
3922	YGL088W	0.74575
3923	YFR013W	0.74572
3924	YIL027C	0.74572
3925	YAL055W	0.74572
3926	YMR043W	0.74571
3927	YIL167W	0.74571
3928	YCR097W-A	0.74567
3929	YNL097C	0.74566
3930	YDR390C	0.74565
3931	YOR183W	0.74563
3932	YPL225W	0.74552
3933	YFL013W-A	0.74547
3934	YIL111W	0.74546
3935	YNR061C	0.74545
3936	YJL194W	0.74542
3937	YJR002W	0.74541
3938	YOR020W-A	0.74537
3939	YPL148C	0.74527
3940	YOR281C	0.74511
3941	YBL027W	0.74511
3942	YBR084C-A	0.74511
3943	YDL066W	0.7451
3944	YLR096W	0.74508
3945	YDR501W	0.74506
3946	YFL040W	0.74505
3947	YOR331C	0.74487
3948	YDR464C-A	0.74483
3949	YKL049C	0.74481
3950	YML117W	0.74479
3951	YPL065W	0.74478
3952	YML088W	0.74472
3953	YPL243W	0.74466
3954	YHR186C	0.74463
3955	YPR123C	0.74461
3956	YGR158C	0.74461
3957	YNL269W	0.7446
3958	YDR169C-A	0.74454
3959	YJR100C	0.74454
3960	YPL268W	0.74453
3961	YJL091C	0.74453
3962	YHR122W	0.74452
3963	YBR260C	0.74452
3964	YKL058W	0.74449
3965	YNL250W	0.74448
3966	YCR093W	0.7444
3967	YDL196W	0.74438
3968	YJR151W-A	0.74426
3969	YDL024C	0.74423
3970	YKL168C	0.74421
3971	YOR072W	0.74417
3972	YLR068W	0.74417
3973	YNL193W	0.7441
3974	YKR087C	0.74408
3975	YML009C	0.74407
3976	YKL075C	0.74402
3977	YDR316W	0.744
3978	YBL086C	0.74394
3979	YOR227W	0.74393
3980	YOL088C	0.74392
3981	YHL030W	0.74391
3982	YMR223W	0.74386
3983	YHR126C	0.74379
3984	YPR115W	0.74377
3985	YLR417W	0.7437
3986	YDR433W	0.74367
3987	YBR065C	0.7436
3988	YPR030W	0.74356
3989	YBR028C	0.74356
3990	YGR038W	0.74353
3991	YKR092C	0.74352
3992	YIR044C	0.74351
3993	YMR035W	0.74342
3994	YGL218W	0.74341
3995	YCR054C	0.74335
3996	YIL009C-A	0.74333
3997	YCR014C	0.74332
3998	YGL133W	0.74331
3999	YPL188W	0.74329
4000	YML011C	0.74317
4001	YML096W	0.74312
4002	YBR144C	0.7431
4003	YEL075C	0.74303
4004	YNL278W	0.74299
4005	YBL092W	0.74299
4006	YIL072W	0.74295
4007	YAL042C-A	0.74294
4008	YMR013W-A	0.74291
4009	YOR379C	0.7429
4010	YMR129W	0.74288
4011	YCL058W-A	0.74286
4012	YDR003W	0.74286
4013	YGR014W	0.74284
4014	YDR504C	0.74283
4015	YGR119C	0.74279
4016	YPL038W	0.74279
4017	YLR162W	0.74272
4018	YDL112W	0.74271
4019	YLR161W	0.7427
4020	YLR159W	0.7427
4021	YLR156W	0.7427
4022	YJL109C	0.74262
4023	YKL206C	0.74261
4024	YDR118W-A	0.74259
4025	YBL006W-A	0.74253
4026	YGR044C	0.74246
4027	YDL234C	0.74242
4028	YOL052C-A	0.74238
4029	YGR101W	0.74235
4030	YGR070W	0.74233
4031	YPL037C	0.7423
4032	YDR473C	0.74221
4033	YHR022C	0.74211
4034	YML094C-A	0.74205
4035	YKR061W	0.74204
4036	YMR157C	0.74202
4037	YDR359C	0.74198
4038	YPR036W	0.74197
4039	YJL220W	0.74196
4040	YIL171W-A	0.74196
4041	YPR001W	0.74195
4042	YBL044W	0.74194
4043	YJL177W	0.74189
4044	YGL258W-A	0.74187
4045	YDR080W	0.74187
4046	YML071C	0.74187
4047	YPL107W	0.74185
4048	YOR031W	0.7418
4049	YPR014C	0.74177
4050	YJL004C	0.74176
4051	YOL105C	0.74172
4052	YCR039C	0.7417
4053	YCL067C	0.7417
4054	YDR374W-A	0.74169
4055	YLR039C	0.74169
4056	YDR251W	0.74167
4057	YIL082W	0.74162
4058	YIL138C	0.74147
4059	YNL146C-A	0.74147
4060	YLR412C-A	0.74146
4061	YOR360C	0.74143
4062	YGR149W	0.74141
4063	YEL076C-A	0.74138
4064	YLR464W	0.74138
4065	YNL051W	0.74136
4066	YPR155C	0.74127
4067	YOR050C	0.7412
4068	YPL205C	0.74116
4069	YGL109W	0.74115
4070	YDR262W	0.74112
4071	YNL017C	0.74112
4072	YCL046W	0.74109
4073	YGL018C	0.74106
4074	YLR125W	0.74102
4075	YFR034C	0.74101
4076	YLR379W	0.74095
4077	YGL158W	0.74093
4078	YMR209C	0.74092
4079	YPL182C	0.74089
4080	YGL254W	0.74084
4081	YOR111W	0.74081
4082	YGR022C	0.74081
4083	YJR142W	0.74079
4084	YFL010W-A	0.74079
4085	YHL015W-A	0.74078
4086	YGR154C	0.74077
4087	YBR142W	0.74071
4088	YDR412W	0.74069
4089	YJL009W	0.74066
4090	YMR313C	0.74057
4091	YCR081C-A	0.74057
4092	YKL188C	0.74055
4093	YOL155W-A	0.74045
4094	YOR072W-A	0.74044
4095	YHL030W-A	0.74044
4096	YCL005W-A	0.74044
4097	YDL026W	0.74042
4098	YKL099C	0.74042
4099	YIL047C-A	0.74042
4100	YPL108W	0.74041
4101	YJL127W-A	0.74034
4102	YDR049W	0.74033
4103	YGR109W-A	0.7403
4104	YPL233W	0.74027
4105	YOR376W-A	0.74021
4106	YDR482C	0.74017
4107	YGR051C	0.74015
4108	YEL076C	0.74015
4109	YOR314W-A	0.74011
4110	YER189W	0.74008
4111	YPL025C	0.74006
4112	YCR045W-A	0.73993
4113	YGR167W	0.73992
4114	YLR280C	0.73987
4115	YOL054W	0.73986
4116	YGL199C	0.73985
4117	YMR251W-A	0.73985
4118	YHL045W	0.73979
4119	YML031C-A	0.73966
4120	YGR056W	0.73964
4121	YAR053W	0.73962
4122	YHR172W	0.73958
4123	YPR139C	0.73958
4124	YBL039C-A	0.7395
4125	YFL029C	0.73949
4126	YCL012C	0.73948
4127	YLR054C	0.73936
4128	YGL233W	0.73935
4129	YEL016C	0.73932
4130	YCL034W	0.73929
4131	YLL004W	0.73925
4132	YGR182C	0.73922
4133	YOL063C	0.73917
4134	YBR246W	0.73916
4135	YLR154C	0.73911
4136	YPR187W	0.7391
4137	YLR261C	0.73907
4138	YDR326C	0.73903
4139	YCR064C	0.73895
4140	YOL019W	0.73891
4141	YGL191W	0.7389
4142	YOR278W	0.73889
4143	YMR028W	0.73883
4144	YER144C	0.73882
4145	YPL005W	0.73879
4146	YHR072W-A	0.73877
4147	YBR022W	0.73875
4148	YOL071W	0.73871
4149	YCR089W	0.73869
4150	YGR265W	0.73864
4151	YNL052W	0.7386
4152	YDR006C	0.73854
4153	YPR152C	0.73851
4154	YIL061C	0.73845
4155	YAL045C	0.73842
4156	YDR409W	0.73836
4157	YJR079W	0.73834
4158	YMR031W-A	0.73832
4159	YGR235C	0.73819
4160	YOR146W	0.73797
4161	YGR190C	0.73788
4162	YIL023C	0.73786
4163	YDR221W	0.73785
4164	YIL026C	0.73783
4165	YBR111W-A	0.73774
4166	YLR123C	0.73773
4167	YKL131W	0.7377
4168	YGR003W	0.73766
4169	YMR010W	0.73763
4170	YJL028W	0.7376
4171	YKL180W	0.7376
4172	YDL003W	0.73757
4173	YOL040C	0.73755
4174	YAL026C-A	0.73755
4175	YDR442W	0.73755
4176	YFL065C	0.7375
4177	YLL007C	0.73747
4178	YMR254C	0.73744
4179	YOR316C-A	0.73738
4180	YJL061W	0.73736
4181	YLL022C	0.73732
4182	YNL077W	0.73727
4183	YDR230W	0.73725
4184	YJL106W	0.73717
4185	YPL152W-A	0.73714
4186	YOR191W	0.7371
4187	YCR085W	0.73708
4188	YDR366C	0.73705
4189	YHL005C	0.73703
4190	YDR150W	0.73702
4191	YIL021C-A	0.73699
4192	YOR230W	0.73696
4193	YJR090C	0.73691
4194	YHL019W-A	0.7369
4195	YNL277W-A	0.73682
4196	YKL012W	0.7368
4197	YJL206C	0.73678
4198	YNL039W	0.73675
4199	YKL122C	0.73667
4200	YCR063W	0.73667
4201	YNL089C	0.73663
4202	YDR538W	0.73662
4203	YDR101C	0.73661
4204	YKL036C	0.73657
4205	YEL022W	0.73654
4206	YAR019C	0.73651
4207	YHL043W	0.73649
4208	YOR237W	0.73647
4209	YLR062C	0.73644
4210	YLR311C	0.73644
4211	YMR287C	0.73643
4212	YHR011W	0.7363
4213	YBR123C	0.73628
4214	YGL227W	0.73616
4215	YOR269W	0.73616
4216	YLR392C	0.73614
4217	YLL006W-A	0.73612
4218	YPR148C	0.73611
4219	YGR269W	0.73607
4220	YBL062W	0.73597
4221	YGR146C-A	0.73597
4222	YPL080C	0.73596
4223	YOR305W	0.73595
4224	YJL067W	0.73593
4225	YPL078C	0.7359
4226	YLR177W	0.73585
4227	YDL163W	0.73585
4228	YBR232C	0.73571
4229	YDR152W	0.73569
4230	YJL120W	0.73566
4231	YPR203W	0.73564
4232	YDL043C	0.7356
4233	YOL037C	0.73555
4234	YMR067C	0.73555
4235	YMR091C	0.73552
4236	YDL099W	0.73552
4237	YDR344C	0.73539
4238	YAL013W	0.73538
4239	YMR267W	0.73532
4240	R0010W	0.73529
4241	YGR204C-A	0.73527
4242	YKR073C	0.73524
4243	YKL155C	0.73523
4244	YOR124C	0.73522
4245	YKL005C	0.73516
4246	YOR135C	0.73505
4247	YGR072W	0.73505
4248	YKL044W	0.73504
4249	YOR344C	0.73502
4250	YKL153W	0.73497
4251	YHR073W	0.73495
4252	YLR269C	0.73493
4253	YGR212W	0.73488
4254	YML104C	0.73473
4255	YGL146C	0.73473
4256	YLR104W	0.7347
4257	YCR047W-A	0.73468
4258	YOR093C	0.73465
4259	YLL037W	0.73463
4260	YER078C	0.7346
4261	YHR052W-A	0.73459
4262	YHR054W-A	0.73459
4263	YFL010C	0.73458
4264	YIL087C	0.73458
4265	YHR070C-A	0.73457
4266	YGL067W	0.73457
4267	YLR166C	0.73456
4268	YER008C	0.73453
4269	YJL173C	0.7345
4270	YMR240C	0.73449
4271	YPL128C	0.73449
4272	YGR259C	0.73446
4273	YOR302W	0.73442
4274	YLR154C-G	0.7344
4275	YLR290C	0.73439
4276	YMR316W	0.73437
4277	YJL126W	0.73435
4278	YER019C-A	0.73431
4279	YLR363C	0.73426
4280	YNR044W	0.73425
4281	YDR020C	0.73424
4282	YLR084C	0.7342
4283	YGL016W	0.73418
4284	YKL089W	0.73416
4285	YDR036C	0.73413
4286	YBL080C	0.73413
4287	YPR063C	0.73412
4288	YPL186C	0.73412
4289	YLR159C-A	0.73409
4290	YLR156C-A	0.73409
4291	YLR154C-H	0.73409
4292	YLR157C-C	0.73409
4293	YDR027C	0.73409
4294	YOR338W	0.73408
4295	YMR119W-A	0.73404
4296	YER024W	0.73393
4297	YBR040W	0.7339
4298	YDL021W	0.73389
4299	YEL030C-A	0.73384
4300	YPL114W	0.73384
4301	YHR086W-A	0.73382
4302	YDL116W	0.73379
4303	YLR302C	0.73379
4304	YLR235C	0.73379
4305	YHR214C-D	0.73377
4306	YAR069C	0.73377
4307	YBR076C-A	0.73367
4308	YEL018C-A	0.73358
4309	YDR250C	0.73357
4310	YIL096C	0.73355
4311	YER145C-A	0.73354
4312	YGR033C	0.73346
4313	YNL009W	0.73341
4314	YDR018C	0.73341
4315	YIL006W	0.73341
4316	YMR115W	0.73338
4317	YCR052W	0.73338
4318	YDR247W	0.73336
4319	YJL197C-A	0.73332
4320	YAR008W	0.73329
4321	YMR247W-A	0.73327
4322	YHL002C-A	0.73326
4323	YDR208W	0.7332
4324	YMR316C-A	0.73318
4325	YDR053W	0.73311
4326	YDR220C	0.73309
4327	YJR126C	0.73308
4328	YAL011W	0.73306
4329	YNL187W	0.73305
4330	YOR288C	0.73303
4331	YOR060C	0.73303
4332	YGL123C-A	0.73302
4333	YLL038C	0.73301
4334	YLL019W-A	0.733
4335	YMR087W	0.73294
4336	YNL158W	0.73294
4337	YNL038W	0.73288
4338	YKL123W	0.73287
4339	YER007W	0.73286
4340	YOL019W-A	0.73285
4341	YDR283C	0.73282
4342	YML089C	0.7328
4343	YLR462W	0.73278
4344	YIR020C	0.73278
4345	YGL177W	0.73275
4346	YGL169W	0.73274
4347	YHR021W-A	0.73272
4348	YGL150C	0.73267
4349	YDR079W	0.73266
4350	YGR183C	0.73263
4351	YGL149W	0.73259
4352	YLR322W	0.73255
4353	YDR198C	0.73254
4354	YGR068W-A	0.73251
4355	YHR060W	0.73247
4356	YGL118C	0.73245
4357	YIR020W-A	0.73244
4358	YBL065W	0.73241
4359	YGL063C-A	0.73238
4360	YDR108W	0.73235
4361	YER014C-A	0.7323
4362	YNL047C	0.73226
4363	YBR216C	0.73223
4364	YML060W	0.73222
4365	YDL214C	0.73212
4366	YBR126W-B	0.73211
4367	YBL083C	0.73197
4368	YJL020C	0.73196
4369	YPL126W	0.73193
4370	YBR279W	0.73189
4371	YKR082W	0.73187
4372	YDR525W	0.73185
4373	YIL012W	0.73179
4374	YNL114C	0.73175
4375	YIL070C	0.73175
4376	YPR010C-A	0.73172
4377	YGR237C	0.7317
4378	YCL055W	0.73168
4379	YER161C	0.73167
4380	YJL188C	0.73162
4381	YJL046W	0.7316
4382	YDR163W	0.73152
4383	YNL035C	0.73152
4384	YOR002W	0.73147
4385	YJL098W	0.73143
4386	YCL058C	0.73142
4387	YJL101C	0.73141
4388	YJL140W	0.73136
4389	YGL217C	0.73136
4390	YGL072C	0.73134
4391	YPR045C	0.73132
4392	YML095C	0.73128
4393	YKR028W	0.73123
4394	YOR008C-A	0.73122
4395	YBR044C	0.73118
4396	YBR036C	0.73115
4397	YGR112W	0.73111
4398	YEL020C-B	0.73109
4399	YMR053C	0.73107
4400	YGL092W	0.73107
4401	YJL184W	0.73105
4402	YOR123C	0.73103
4403	YER154W	0.731
4404	YER077C	0.73091
4405	YOL102C	0.7308
4406	YLR347W-A	0.73071
4407	YER113C	0.73069
4408	YGR091W	0.73066
4409	YDL213W-A	0.73066
4410	YOL033W	0.73063
4411	YPR072W	0.73063
4412	YBR186W	0.73062
4413	YER107W-A	0.73061
4414	YBR255C-A	0.7306
4415	YDL028C	0.73057
4416	YGR202C	0.73055
4417	YBR026C	0.7305
4418	YNL320W	0.73043
4419	YBR258C	0.73043
4420	YOL078W	0.73022
4421	YPR133W-A	0.73009
4422	YBL059C-A	0.73007
4423	YJR051W	0.73004
4424	YBR179C	0.73
4425	YOL014W	0.72997
4426	YGR069W	0.7299
4427	YJL127C	0.72988
4428	YDR087C	0.72986
4429	YHL022C	0.72984
4430	YHR213W-A	0.72974
4431	YLL016W	0.7296
4432	YMR044W	0.72953
4433	YNL227C	0.72949
4434	YGL014W	0.72948
4435	YCL076W	0.72943
4436	YOR064C	0.72941
4437	YIL156W-A	0.72936
4438	YOL083C-A	0.72932
4439	YPL260W	0.72926
4440	YPR048W	0.72924
4441	YDR470C	0.72919
4442	YNL151C	0.72909
4443	YMR026C	0.72907
4444	YER034W	0.72905
4445	YBL045C	0.72895
4446	YNL262W	0.72891
4447	YNL253W	0.72883
4448	YGL131C	0.72879
4449	YML046W	0.72875
4450	YDL071C	0.72874
4451	YGR002C	0.72873
4452	YJL166W	0.72872
4453	YOR368W	0.72864
4454	YDL232W	0.72855
4455	YIL104C	0.72852
4456	YML007C-A	0.72841
4457	YPR040W	0.72835
4458	YGR258C	0.72832
4459	YNR031C	0.72827
4460	YBR150C	0.72826
4461	YHL006W-A	0.72824
4462	YMR192W	0.72823
4463	YER152W-A	0.7282
4464	YNL097W-A	0.72817
4465	YHR139C-A	0.7281
4466	YGR064W	0.72809
4467	YCL004W	0.72804
4468	YER139C	0.72795
4469	YKR075W-A	0.7279
4470	YJR120W	0.72785
4471	YLR312W-A	0.72783
4472	YDL009C	0.72772
4473	YLR374C	0.72771
4474	YHR198C	0.72762
4475	YPL254W	0.72754
4476	YHL028W	0.7275
4477	YIR001C	0.72749
4478	YJR066W	0.72741
4479	YJL037W	0.72728
4480	YOR211C	0.72723
4481	YNL276C	0.72723
4482	YBR129C	0.72721
4483	YBL066C	0.7272
4484	YGL203C	0.7272
4485	YPL056C	0.72715
4486	YMR047C	0.72697
4487	YJR136C	0.72686
4488	YJL057C	0.72681
4489	YLR415C	0.7268
4490	YLR288C	0.72678
4491	YOR249C	0.72675
4492	YBL079W	0.72671
4493	YDL162C	0.72664
4494	YGL172W	0.72659
4495	YPR016W-A	0.72657
4496	YLR185W	0.72656
4497	YBR103C-A	0.72653
4498	YLR076C	0.72653
4499	YER068W	0.72651
4500	YDR296W	0.72648
4501	YPR031W	0.72648
4502	YMR135W-A	0.72647
4503	YOR218C	0.72645
4504	YLR346C	0.72639
4505	YLR087C	0.72627
4506	YJL199C	0.72626
4507	YOR199W	0.72625
4508	YHR083W	0.72623
4509	YDR278C	0.72622
4510	YDL114W-A	0.72621
4511	YPL044C	0.7262
4512	YOR105W	0.72618
4513	YDL203C	0.72614
4514	YHL048C-A	0.72612
4515	YIL029W-A	0.72612
4516	YHR015W	0.72611
4517	YDR273W	0.72608
4518	YBR064W	0.72607
4519	YGL125W	0.72603
4520	YBR097W	0.72597
4521	YOR194C	0.72592
4522	YIR005W	0.7259
4523	R0040C	0.72588
4524	YOR033C	0.72586
4525	YDR520C	0.72585
4526	YKR089C	0.72572
4527	YKL055C	0.7257
4528	YAL043C	0.72569
4529	YDR245W	0.72561
4530	YGL060W	0.7256
4531	YOR080W	0.72553
4532	YJR115W	0.72549
4533	YBR206W	0.72539
4534	YLR416C	0.72534
4535	YER061C	0.72532
4536	YNL166C	0.72532
4537	YBL074C	0.7252
4538	YIL005W	0.72519
4539	YDR242W	0.72518
4540	YOL013W-A	0.72517
4541	YCR087W	0.72517
4542	YEL050W-A	0.72515
4543	YJR038C	0.72509
4544	YLR264C-A	0.72509
4545	YNL128W	0.72509
4546	YJR023C	0.72501
4547	YOR386W	0.72493
4548	YHR078W	0.72486
4549	YHR079C	0.72485
4550	YMR077C	0.72485
4551	YMR008C-A	0.72481
4552	YDR179W-A	0.72478
4553	YOL028C	0.72476
4554	YLR149C	0.72462
4555	YBR196C-B	0.72461
4556	YLR106C	0.72458
4557	YFL027C	0.72447
4558	YGR046W	0.72446
4559	YIL174W	0.72445
4560	YJL222W-A	0.72445
4561	YHR214C-E	0.72445
4562	YHL024W	0.72439
4563	YKL054C	0.72438
4564	YGR127W	0.72429
4565	YDL013W	0.72428
4566	YDR157W	0.72415
4567	YLR247C	0.72415
4568	YNL150W	0.72404
4569	YHR067W	0.72404
4570	YJR082C	0.72401
4571	YDR015C	0.72401
4572	YDR126W	0.72401
4573	YPL136W	0.724
4574	YBR027C	0.724
4575	YDL091C	0.72399
4576	YDR319C	0.7239
4577	YOL099C	0.72385
4578	YEL067C	0.72377
4579	YPL165C	0.72374
4580	YDL032W	0.72371
4581	YIL032C	0.72365
4582	YHR059W	0.72361
4583	YBL097W	0.72361
4584	YAL017W	0.72359
4585	YLL051C	0.72354
4586	YNR075C-A	0.72353
4587	YEL075W-A	0.7235
4588	YPL163C	0.72345
4589	YNR066C	0.72341
4590	YDR215C	0.72341
4591	YFR045W	0.72325
4592	YGR174C	0.72324
4593	YBR191W-A	0.72323
4594	YAR029W	0.72323
4595	YMR294W-A	0.72322
4596	YLR063W	0.72319
4597	YMR013C	0.72317
4598	YBL060W	0.72316
4599	YER148W-A	0.72316
4600	YPR159C-A	0.723
4601	YMR068W	0.72297
4602	YHL035C	0.72293
4603	YJL169W	0.72284
4604	YMR175W-A	0.72282
4605	YKR041W	0.72282
4606	YPR076W	0.72278
4607	YCL031C	0.72267
4608	YER046W-A	0.72261
4609	YNL086W	0.7226
4610	YKL088W	0.72256
4611	YOR106W	0.72252
4612	YBL070C	0.72237
4613	YOL166W-A	0.72233
4614	YAL047W-A	0.72229
4615	YPL248C	0.72228
4616	YDL172C	0.72228
4617	YHR101C	0.72221
4618	YER067W	0.72219
4619	YOR371C	0.72219
4620	YKL143W	0.72209
4621	YLR154W-B	0.72208
4622	YNR005C	0.72202
4623	YBL010C	0.72201
4624	YJL135W	0.722
4625	YBR178W	0.72198
4626	YGR122W	0.72196
4627	YMR070W	0.72195
4628	YOR042W	0.72193
4629	YLL031C	0.72191
4630	YJL112W	0.72188
4631	YJL029C	0.7218
4632	YNL162W	0.72173
4633	YHR141C	0.72173
4634	YNL179C	0.7217
4635	YHR007C-A	0.7217
4636	YLR463C	0.72166
4637	YPR089W	0.72163
4638	YMR110C	0.72157
4639	YLR001C	0.72156
4640	YLR101C	0.7215
4641	YML020W	0.72149
4642	YGR293C	0.72144
4643	YDR463W	0.72142
4644	YPL242C	0.72138
4645	YDR401W	0.72134
4646	YPL192C	0.72131
4647	YOL085C	0.72127
4648	YPL135C-A	0.72122
4649	YGR206W	0.72117
4650	YNL126W	0.72116
4651	YOR180C	0.72113
4652	YCR095C	0.72113
4653	YIL090W	0.72103
4654	YGR274C	0.72101
4655	YCR025C	0.721
4656	YJR122W	0.721
4657	YKR006C	0.72099
4658	YLL020C	0.72097
4659	YGR290W	0.72095
4660	YGL108C	0.72088
4661	YOR282W	0.72088
4662	YDR449C	0.72086
4663	YKR044W	0.72086
4664	YNL257C	0.72083
4665	YOR247W	0.7208
4666	YKL015W	0.72066
4667	YHR125W	0.72063
4668	YIL068W-A	0.72061
4669	YDL179W	0.72061
4670	YLL002W	0.7206
4671	YPL105C	0.7205
4672	YBL033C	0.72048
4673	YAL059C-A	0.72045
4674	YPR079W	0.72042
4675	YBR032W	0.72041
4676	YJL015C	0.72031
4677	YJL215C	0.72029
4678	YDL113C	0.72024
4679	YDR507C	0.72023
4680	YMR211W	0.72016
4681	YNL122C	0.72012
4682	YOR225W	0.72007
4683	YCL065W	0.72007
4684	YGL145W	0.72004
4685	YDR423C	0.72001
4686	YJR097W	0.71998
4687	YGR270W	0.71991
4688	YAL034C-B	0.71979
4689	YMR029C	0.71975
4690	YKL016C	0.71966
4691	YLR260W	0.71958
4692	YLR299W	0.71955
4693	YOL097W-A	0.71952
4694	YGR184C	0.71952
4695	YIL089W	0.71946
4696	YER079C-A	0.71945
4697	YDR360W	0.71945
4698	YOR166C	0.71944
4699	YHR049C-A	0.71943
4700	YDR500C	0.7194
4701	YLL030C	0.71936
4702	YMR298W	0.71934
4703	YNL140C	0.71929
4704	YJL156W-A	0.71926
4705	YER053C-A	0.71926
4706	YLR006C	0.71922
4707	YLR365W	0.7192
4708	YPL020C	0.71914
4709	YMR207C	0.7191
4710	YLL017W	0.71899
4711	YDR363W	0.71894
4712	YMR122W-A	0.71894
4713	YGL025C	0.71893
4714	YJL069C	0.7189
4715	YCL056C	0.71884
4716	YIL084C	0.71877
4717	YJL062W-A	0.71873
4718	YPL150W	0.71873
4719	YPL185W	0.71873
4720	YNL127W	0.7187
4721	YAR070C	0.71855
4722	YLR336C	0.71851
4723	YMR171C	0.71851
4724	YBL025W	0.71849
4725	YLR095C	0.71848
4726	YGR278W	0.71846
4727	YDR389W	0.71844
4728	YIR020C-B	0.71843
4729	YPR141C	0.71841
4730	YER096W	0.7184
4731	YJR119C	0.71838
4732	YGL116W	0.71837
4733	YDL237W	0.71835
4734	YER172C-A	0.71835
4735	YHL044W	0.71834
4736	YHR155W	0.71829
4737	YGR045C	0.71828
4738	YDR141C	0.71828
4739	YOL038C-A	0.71827
4740	YNR022C	0.71827
4741	YFR012W-A	0.71823
4742	YKL032C	0.71822
4743	YER115C	0.71821
4744	YDR081C	0.71818
4745	YCL054W-A	0.71813
4746	YKL121W	0.71811
4747	YMR182C	0.71811
4748	YNR059W	0.718
4749	YER018C	0.71799
4750	YNL300W	0.71797
4751	YOR245C	0.71795
4752	YBL028C	0.7179
4753	YMR185W	0.71779
4754	YLR199C	0.71774
4755	YMR007W	0.71769
4756	YNL097C-B	0.71768
4757	YPL115C	0.71766
4758	YGL085W	0.71756
4759	YNL249C	0.71749
4760	YPL149W	0.71742
4761	YLR236C	0.7174
4762	YGR226C	0.7174
4763	YKL116C	0.71738
4764	YPR126C	0.71733
4765	YJL054W	0.71727
4766	YIR011C	0.71727
4767	YGL160W	0.71726
4768	YHL037C	0.71726
4769	YDR410C	0.71726
4770	YOR320C	0.71724
4771	YDR371C-A	0.71721
4772	YPL271W	0.71718
4773	YMR106C	0.71706
4774	YGR104C	0.71698
4775	YFL007W	0.71697
4776	YER093C	0.71694
4777	YPR160C-A	0.71693
4778	YCR049C	0.71684
4779	YKL183C-A	0.7168
4780	YOR248W	0.71678
4781	YBR012C	0.71677
4782	YLR396C	0.71672
4783	YLR370C	0.7167
4784	YGL134W	0.71668
4785	YPR109W	0.71659
4786	YOR112W	0.71629
4787	YDL117W	0.71613
4788	YLR120W-A	0.71611
4789	YJL023C	0.7161
4790	YBR089W	0.71607
4791	YPL252C	0.71606
4792	YGR109C	0.71598
4793	YNR006W	0.71593
4794	YNR001W-A	0.7159
4795	YFR052W	0.71587
4796	YAR002W	0.71587
4797	YBR276C	0.71579
4798	YDR199W	0.71575
4799	YDL025W-A	0.71569
4800	YER084W	0.71566
4801	YBR230W-A	0.71564
4802	YJL007C	0.71558
4803	YKL177W	0.71557
4804	YAR060C	0.71551
4805	YHR212C	0.71551
4806	YKR033C	0.71551
4807	YGL052W	0.71545
4808	YDR290W	0.71539
4809	YIL156W	0.71536
4810	YNL143C	0.71534
4811	YLL035W	0.71531
4812	YBR212W	0.71527
4813	YOR319W	0.71525
4814	YLR422W	0.71524
4815	YLR187W	0.71524
4816	YLR444C	0.71524
4817	YDR095C	0.7152
4818	YNR035C	0.7152
4819	YPR177C	0.71506
4820	YIL046W-A	0.71499
4821	YLR132C	0.71497
4822	YNL029C	0.71493
4823	YIL020C-A	0.71492
4824	YOR098C	0.71489
4825	YJL157C	0.71487
4826	YNL224C	0.71487
4827	YPL123C	0.71478
4828	YPR043W	0.71466
4829	YJR094W-A	0.71466
4830	YGR156W	0.71464
4831	YNR003W-A	0.71461
4832	YFR049W	0.7145
4833	YML099C	0.7145
4834	YOL079W	0.71444
4835	YMR307C-A	0.71441
4836	YIL137C	0.71441
4837	YDR524W-C	0.71437
4838	YOL160W	0.71422
4839	YDR102C	0.71417
4840	YGR031C-A	0.71411
4841	YLR406C-A	0.71406
4842	YMR281W	0.71404
4843	YPL141C	0.71401
4844	YHL020C	0.71394
4845	YKL195W	0.71382
4846	YDR136C	0.71381
4847	YMR156C	0.71378
4848	YIL115W-A	0.71378
4849	YNR037C	0.71378
4850	YLR402W	0.71375
4851	YHR063W-A	0.71371
4852	YNL315C	0.71362
4853	YLR439W	0.71362
4854	YMR013C-A	0.71361
4855	YDL219W	0.7136
4856	YDR485C	0.71357
4857	YKL136W	0.71355
4858	YDR279W	0.71352
4859	YKL115C	0.71342
4860	YER114C	0.71337
4861	YGL041C-B	0.71336
4862	YDR526C	0.71332
4863	YMR237W	0.71331
4864	YER064C	0.71324
4865	YIL060W	0.71321
4866	YPL155C	0.7132
4867	YDR475C	0.7132
4868	YNL138W-A	0.71314
4869	YDL228C	0.7131
4870	YGL152C	0.71308
4871	YKL045W	0.71308
4872	YCR019W	0.71304
4873	YPL047W	0.71299
4874	YLR010C	0.71289
4875	YER078W-A	0.71286
4876	YEL025C	0.71278
4877	YFR009W-A	0.71273
4878	YLR067C	0.71261
4879	YML050W	0.71258
4880	YOR242C	0.71253
4881	YMR001C-A	0.71251
4882	YJL022W	0.71251
4883	YKL083W	0.71244
4884	YOL095C	0.71237
4885	YPL073C	0.71234
4886	YHR073W-A	0.71212
4887	YER023C-A	0.71208
4888	YCR091W	0.71204
4889	YFR056C	0.71203
4890	YJR091C	0.71198
4891	YNL073W	0.71187
4892	YOR300W	0.71185
4893	YLR342W-A	0.71185
4894	YDR535C	0.71185
4895	YLR112W	0.7118
4896	YER090C-A	0.71178
4897	YJR102C	0.71172
4898	YOL004W	0.71166
4899	YPL038W-A	0.71155
4900	YEL023C	0.71151
4901	YML129C	0.71148
4902	YJL070C	0.7114
4903	YBR099C	0.71137
4904	YBL014C	0.71135
4905	YBL077W	0.71134
4906	YGR228W	0.71134
4907	YKL014C	0.71131
4908	YPR026W	0.71128
4909	YPL189W	0.71118
4910	YGR114C	0.71108
4911	YLR204W	0.71103
4912	YNL050C	0.71103
4913	YDR222W	0.71097
4914	YCR016W	0.71088
4915	YLR428C	0.71083
4916	YIL077C	0.7108
4917	YOR041C	0.71079
4918	YMR122C	0.71077
4919	YNL303W	0.71076
4920	YDR335W	0.71074
4921	Q0017	0.71072
4922	YOL166C	0.71066
4923	YMR014W	0.71058
4924	YPR050C	0.71055
4925	YPL144W	0.71053
4926	YKL208W	0.71049
4927	YAR030C	0.71047
4928	YML034C-A	0.71043
4929	YJL202C	0.71041
4930	YNR028W	0.71039
4931	YKL053W	0.71031
4932	YJL077C	0.71028
4933	YNL296W	0.71025
4934	YLR407W	0.71023
4935	YNL215W	0.71021
4936	YCR001W	0.7102
4937	YLL040C	0.71017
4938	YMR184W	0.71006
4939	YDL002C	0.71002
4940	YML002W	0.71002
4941	YOR108C-A	0.70997
4942	YPL139C	0.70986
4943	YDR133C	0.70982
4944	YLR171W	0.70981
4945	YKR065C	0.70978
4946	YMR137C	0.70972
4947	YGL239C	0.70968
4948	YER047C	0.70965
4949	YGR057C	0.70949
4950	YJR111C	0.70945
4951	YOR293C-A	0.70941
4952	YMR190C	0.70939
4953	YNL012W	0.70939
4954	YDR376W	0.70932
4955	YPR202W	0.7093
4956	YDR271C	0.70927
4957	YOR081C	0.70924
4958	YLL013C	0.70924
4959	YMR060C	0.70923
4960	YMR140W	0.70912
4961	YDR367W	0.70911
4962	YMR030W-A	0.70909
4963	YDR246W-A	0.70908
4964	YOL085W-A	0.70899
4965	YIL029C	0.70888
4966	YIL024C	0.70883
4967	YLR361C-A	0.70875
4968	YEL062W	0.70874
4969	YGR018C	0.70869
4970	YDL247W-A	0.70868
4971	YDR354W	0.70867
4972	YLR111W	0.70859
4973	YOR314W	0.70851
4974	YJL132W	0.70845
4975	YKL100W-A	0.70843
4976	YIL093C	0.70843
4977	YMR141C	0.70843
4978	YLR309C	0.70842
4979	YJR114W	0.7084
4980	YHR053C	0.70822
4981	YHR055C	0.70822
4982	YDR072C	0.7082
4983	YKR090W	0.70811
4984	YKR008W	0.7081
4985	YER068C-A	0.70808
4986	YFR010W-A	0.70804
4987	YNL304W	0.70801
4988	YOR364W	0.70792
4989	YLR228C	0.70785
4990	YNL174W	0.70785
4991	YBL020W	0.70772
4992	YPR022C	0.70766
4993	YDR354C-A	0.70763
4994	YPL250W-A	0.70758
4995	YDL065C	0.7075
4996	YNL208W	0.70749
4997	YOR373W	0.70749
4998	YGR129W	0.70741
4999	YDR318W	0.7074
5000	YLR364C-A	0.70735
5001	YHR056W-A	0.70727
5002	YJR059W	0.7072
5003	YML107C	0.70713
5004	YNL139C	0.70711
5005	YGR215W	0.707
5006	YHL021C	0.707
5007	YBR296C-A	0.70689
5008	YGL226W	0.70679
5009	YJL107C	0.70671
5010	YGL204C	0.70669
5011	YDR010C	0.70664
5012	YOR366W	0.70657
5013	YKL104W-A	0.70656
5014	YNR007C	0.70652
5015	YLR285C-A	0.70651
5016	YOL164W-A	0.70642
5017	YGL013C	0.70641
5018	YLR453C	0.70636
5019	YDL067C	0.70634
5020	YNL170W	0.70633
5021	YMR320W	0.70632
5022	YAL019W-A	0.70621
5023	YPL041C	0.7062
5024	YDR511W	0.70605
5025	YAL065C	0.70602
5026	YBL071C-B	0.70596
5027	YOR043W	0.70595
5028	YIL025C	0.70593
5029	YPL057C	0.70583
5030	YPL183W-A	0.70576
5031	YPR071W	0.70575
5032	YMR061W	0.70568
5033	YEL074W	0.70566
5034	YDR254W	0.70564
5035	YDR489W	0.70557
5036	YDL183C	0.70556
5037	YLL032C	0.70551
5038	YAL064W	0.70551
5039	YMR021C	0.70547
5040	YKR101W	0.70545
5041	YOL053W	0.70534
5042	YJL182C	0.70534
5043	YOR149C	0.70533
5044	YOR329C	0.70532
5045	YBR272C	0.70532
5046	YGR219W	0.70524
5047	YBR289W	0.70522
5048	YOR287C	0.70521
5049	YOR263C	0.7052
5050	YDR521W	0.70508
5051	YMR130W	0.70505
5052	YGR198W	0.70498
5053	YGR280C	0.70497
5054	YBR098W	0.70495
5055	YOL035C	0.70483
5056	YMR048W	0.70482
5057	YDR003W-A	0.7048
5058	YJL201W	0.70479
5059	YIL132C	0.70476
5060	YDR327W	0.70469
5061	YDR229W	0.7046
5062	YJL084C	0.70446
5063	YLR136C	0.70431
5064	YMR159C	0.70427
5065	YFL012W-A	0.70414
5066	YNR042W	0.70414
5067	YDR261C	0.70413
5068	YDR073W	0.70407
5069	YGL188C	0.70402
5070	YPR042C	0.704
5071	YDR192C	0.70394
5072	YBR120C	0.70389
5073	YGR169C-A	0.70386
5074	YMR111C	0.70377
5075	YFR026C	0.70372
5076	YDL077C	0.70364
5077	YOR078W	0.70362
5078	YMR283C	0.70359
5079	YOR346W	0.70354
5080	YKR098C	0.7035
5081	YMR133W	0.70347
5082	YBR128C	0.70338
5083	YER087W	0.70334
5084	YEL008C-A	0.70324
5085	YBR290W	0.70322
5086	YKR029C	0.70315
5087	YJL075C	0.70301
5088	YBR163W	0.703
5089	YBR081C	0.70297
5090	YNL145W	0.70293
5091	YER067C-A	0.70293
5092	YDR241W	0.70283
5093	YGR137W	0.70275
5094	YIL056W	0.70262
5095	YBL107W-A	0.70256
5096	YER085C	0.70254
5097	YMR019W	0.70253
5098	YDR445C	0.70251
5099	YKL038W	0.70248
5100	YCR003W	0.70245
5101	YNL019C	0.70245
5102	YMR172C-A	0.70228
5103	YKR005C	0.70226
5104	YEL061C	0.70225
5105	YOR127W	0.70222
5106	YGR225W	0.7022
5107	YGR025W	0.70218
5108	YJR062C	0.70206
5109	YDR231C	0.70202
5110	YGR096W	0.702
5111	YML047W-A	0.70194
5112	YOR008W-B	0.70188
5113	YGL192W	0.70187
5114	YDR246W	0.70185
5115	YPR039W	0.70179
5116	YDR426C	0.70178
5117	YLR350W	0.70178
5118	YOR228C	0.70175
5119	YLR356W	0.70173
5120	YLR012C	0.70155
5121	YPR099C	0.70155
5122	YJR060W	0.70141
5123	YPL241C	0.70128
5124	YCL007C	0.70125
5125	YKL169C	0.70124
5126	YML116W-A	0.70123
5127	YBR161W	0.70115
5128	YIL134C-A	0.70113
5129	YPR150W	0.70113
5130	YPR075C	0.7011
5131	YJL122W	0.70098
5132	YDL044C	0.70094
5133	YNL295W	0.70076
5134	YDR509W	0.70075
5135	YKL183W	0.70073
5136	YBR298C-A	0.70066
5137	YBR266C	0.70063
5138	YLR442C	0.70059
5139	YFR029W	0.70057
5140	YAR020C	0.70049
5141	YJL077W-B	0.70047
5142	YHR214C-C	0.7004
5143	YKR036C	0.70037
5144	YKR027W	0.70033
5145	YMR158W-B	0.70025
5146	YDL149W	0.70024
5147	YER137C	0.7002
5148	YMR065W	0.70007
5149	YLR202C	0.70007
5150	YNL033W	0.69993
5151	YDR200C	0.69991
5152	YLR191W	0.6999
5153	YDL127W	0.69976
5154	YHR154W	0.6997
5155	YNL230C	0.69955
5156	YMR103C	0.69954
5157	YJR110W	0.6995
5158	YOR343C	0.69947
5159	YER092W	0.69939
5160	YDL074C	0.69913
5161	YIL042C	0.69907
5162	YAL008W	0.69898
5163	YJR138W	0.69888
5164	YNL120C	0.69887
5165	YGR076C	0.69879
5166	YBR269C	0.69873
5167	YKL072W	0.69872
5168	YBL090W	0.69868
5169	YLR148W	0.69866
5170	YJR041C	0.69863
5171	YGR205W	0.69857
5172	YAR009C	0.6984
5173	YPL278C	0.69833
5174	YGL102C	0.69831
5175	YPR146C	0.69829
5176	YLR437C-A	0.69821
5177	Q0297	0.69811
5178	YBL008W-A	0.6981
5179	YML036W	0.69807
5180	YDR340W	0.69805
5181	YMR258C	0.69803
5182	YBR300C	0.69795
5183	YKR083C	0.69794
5184	YCL021W	0.69792
5185	YHR105W	0.69788
5186	YKL011C	0.69787
5187	YMR082C	0.69785
5188	YOR083W	0.69779
5189	YML108W	0.69777
5190	YKL079W	0.69775
5191	YLL049W	0.69762
5192	YGL014C-A	0.69758
5193	YIL014C-A	0.69758
5194	YJL038C	0.69757
5195	YNL042W-B	0.69754
5196	YLR033W	0.69751
5197	YBL012C	0.69748
5198	YER135C	0.69745
5199	YML029W	0.69744
5200	YBR292C	0.69744
5201	YEL017W	0.69739
5202	YJR080C	0.69733
5203	YDR147W	0.69731
5204	YBR262C	0.69727
5205	YDR464W	0.69725
5206	YGR130C	0.69725
5207	YDR008C	0.69712
5208	YDR416W	0.69706
5209	YGR008C	0.69701
5210	YOR115C	0.697
5211	YBL006C	0.69692
5212	YDL204W	0.69682
5213	YHR165C	0.69681
5214	YER091C-A	0.69677
5215	YKL134C	0.69664
5216	YDR333C	0.69663
5217	YER050C	0.69656
5218	YCL014W	0.69651
5219	YHR109W	0.69638
5220	YER041W	0.69637
5221	YOR276W	0.69627
5222	YLR331C	0.69618
5223	YGL249W	0.69611
5224	YOL017W	0.6961
5225	YDR255C	0.69608
5226	YGL174W	0.69596
5227	YER169W	0.69594
5228	YLR381W	0.69588
5229	YGR108W	0.69585
5230	YAL069W	0.69584
5231	YLR440C	0.69574
5232	YHR102W	0.69564
5233	YNL228W	0.69556
5234	YLR169W	0.69547
5235	YJL211C	0.69546
5236	YGL124C	0.69545
5237	YBL085W	0.6954
5238	YMR194C-A	0.69536
5239	YLR278C	0.69521
5240	YGR052W	0.69517
5241	YCL068C	0.69515
5242	YFR043C	0.6951
5243	YCR022C	0.69508
5244	YLR366W	0.69505
5245	YJL127C-B	0.69504
5246	YOR193W	0.69498
5247	YDR089W	0.69493
5248	YOR260W	0.69489
5249	YGL247W	0.69488
5250	YHR097C	0.69484
5251	YML093W	0.69483
5252	YDR484W	0.69478
5253	YDR295C	0.69464
5254	YHR138C	0.69461
5255	YLR128W	0.69453
5256	YLR127C	0.6945
5257	YOR231C-A	0.69431
5258	YCR095W-A	0.69422
5259	YDR048C	0.69419
5260	YBR259W	0.69418
5261	YDR068W	0.69416
5262	YER071C	0.69408
5263	YGL007C-A	0.69397
5264	YDL098C	0.69396
5265	YOR238W	0.69394
5266	YNL297C	0.69394
5267	YHR071W	0.69393
5268	YMR173W	0.69389
5269	YDR365W-B	0.69389
5270	YKL018C-A	0.69382
5271	YNL205C	0.69382
5272	YBR240C	0.69379
5273	YJR043C	0.69371
5274	YHR143W	0.69345
5275	YJL016W	0.69345
5276	YBR131C-A	0.69339
5277	YJL204C	0.69331
5278	YEL072W	0.69331
5279	YNL136W	0.6931
5280	YNR039C	0.69309
5281	YEL028W	0.69305
5282	YGR053C	0.69303
5283	YLR162W-A	0.69303
5284	YCL024W	0.693
5285	YGL127C	0.69299
5286	YGR035W-A	0.69296
5287	YLR332W	0.69294
5288	YPL026C	0.69285
5289	YDR524C-A	0.6928
5290	YDR119W	0.69276
5291	YEL007W	0.69261
5292	YDR197W	0.6926
5293	YNL226W	0.69257
5294	YLR329W	0.69252
5295	YDL173W	0.69251
5296	YDL142C	0.69244
5297	YHR058C	0.69239
5298	YNL041C	0.69233
5299	YMR315W-A	0.69216
5300	YGL113W	0.69212
5301	YDR299W	0.69202
5302	YLR163W-A	0.69201
5303	YBR215W	0.692
5304	YER109C	0.69199
5305	YOR015W	0.69193
5306	YDR138W	0.69188
5307	YHR214C-B	0.69178
5308	YCR102W-A	0.69176
5309	YHL038C	0.69175
5310	YBR217W	0.69172
5311	YPR117W	0.69166
5312	YOR019W	0.6916
5313	YKR099W	0.69159
5314	YLR400W	0.69158
5315	YDR149C	0.69154
5316	YDR281C	0.69152
5317	YGL188C-A	0.69151
5318	YOR182C	0.69151
5319	YLR287C-A	0.69151
5320	YOR336W	0.69145
5321	YLR256W-B/YLR256W-C	0.6914
5322	YNL234W	0.69138
5323	YJL019W	0.69137
5324	YER184C	0.69129
5325	YBR172C	0.69124
5326	YHL025W	0.69109
5327	YCR038C	0.69107
5328	YML016C	0.69105
5329	YDL045C	0.69095
5330	YDR159W	0.69094
5331	YGR017W	0.69091
5332	YGR106C	0.69087
5333	YDR462W	0.69081
5334	YLR176C	0.69079
5335	YLL021W	0.69072
5336	YHL009W-A	0.69068
5337	YJL092W	0.69065
5338	YFR032C-A	0.69063
5339	YML114C	0.69061
5340	YKL165C-A	0.69058
5341	YER138C	0.69051
5342	YOR037W	0.6905
5343	YOR337W	0.69049
5344	YMR304C-A	0.69047
5345	YGR081C	0.69042
5346	YOL103W-B	0.69034
5347	YLR238W	0.69033
5348	YGL237C	0.69032
5349	YDR437W	0.69028
5350	YGL121C	0.69028
5351	YDL216C	0.69025
5352	YIL019W	0.69023
5353	YDR228C	0.69016
5354	YBR277C	0.69015
5355	YMR176W	0.69015
5356	YGL132W	0.69011
5357	YNL109W	0.6901
5358	YKR015C	0.6901
5359	YPL257W-B	0.69008
5360	YLR310C	0.69006
5361	YMR031C	0.69
5362	Q0080	0.6899
5363	YNL026W	0.6899
5364	YHR001W-A	0.68987
5365	YML045W	0.68984
5366	YML058W-A	0.68981
5367	YNL165W	0.68975
5368	YGR038C-B	0.68971
5369	YKR004C	0.68969
5370	YDR034W-B	0.68967
5371	YAR061W	0.68958
5372	YHR212W-A	0.68958
5373	YPL178W	0.68955
5374	YER186C	0.68953
5375	YML012C-A	0.68952
5376	YKL106W	0.68941
5377	YLR157C-B	0.68939
5378	YLR403W	0.68936
5379	YCR032W	0.68934
5380	YBL094C	0.68933
5381	YBR133C	0.68931
5382	YDR320C	0.6893
5383	YJR027W	0.68919
5384	YDR098C-B	0.68918
5385	YPR136C	0.68917
5386	YML083C	0.68905
5387	YPR096C	0.68903
5388	YJL114W	0.68902
5389	YOL101C	0.68898
5390	YAL037C-A	0.68898
5391	YGR161C-D	0.68889
5392	YJL225W-A	0.68889
5393	YIL177W-A	0.68889
5394	YBR209W	0.68879
5395	YIL129C	0.68878
5396	YML076C	0.68877
5397	YFR011C	0.68875
5398	YDR303C	0.6886
5399	YDR458C	0.68859
5400	YDR057W	0.68842
5401	YPR137C-B	0.6884
5402	YBR016W	0.68833
5403	YHL027W	0.68831
5404	YOR190W	0.6882
5405	YEL032C-A	0.68818
5406	YER138W-A	0.68816
5407	YML039W	0.68816
5408	YKL110C	0.68811
5409	YER054C	0.6881
5410	YJR029W	0.68808
5411	YMR050C	0.68798
5412	YOR012W	0.68795
5413	YBR195C	0.68793
5414	YDL106C	0.68791
5415	YIR017W-A	0.6879
5416	YDL114W	0.68786
5417	YLL019C	0.68772
5418	YDR357C	0.68769
5419	YNL201C	0.68767
5420	YDR495C	0.68765
5421	YPL069C	0.68764
5422	YOR142W-B	0.68759
5423	YLL044W	0.6875
5424	YMR294W	0.6875
5425	YIL044C	0.68739
5426	YOR189W	0.68738
5427	YIL105W-A	0.68737
5428	YOR392W	0.68737
5429	YGR222W	0.68733
5430	YBR012W-B	0.68727
5431	YJL105W	0.68725
5432	YGL038C	0.68724
5433	YBL051C	0.68721
5434	YLR154W-C	0.68715
5435	YAL037W	0.6871
5436	YPR158C-D	0.68708
5437	YHR119W	0.68699
5438	YGR027W-B	0.68697
5439	YBR270C	0.68689
5440	YKL111C	0.68686
5441	YHR132W-A	0.68686
5442	YDR316W-B	0.68684
5443	YNL011C	0.68672
5444	YHR006W	0.68665
5445	YNL211C	0.68641
5446	YOR144C	0.6864
5447	YDR183C-A	0.68638
5448	YNL285W	0.68638
5449	YLR227W-B	0.68631
5450	YDR125C	0.68623
5451	YJL086C	0.68607
5452	YML047C	0.68602
5453	YDR210C-D	0.686
5454	YPR199C	0.6859
5455	YOL159C	0.68584
5456	YDL220C	0.68583
5457	YNL265C	0.68583
5458	YDR315C	0.68581
5459	YKL133C	0.68572
5460	YAR047C	0.68571
5461	YJR135C	0.68556
5462	YER160C	0.68552
5463	YGL007W	0.68546
5464	YOL136C	0.68539
5465	YKL025C	0.68539
5466	YNL054W-B	0.68538
5467	Q0075	0.6853
5468	YMR117C	0.68529
5469	YJL187C	0.68528
5470	YJL013C	0.68526
5471	YHR052C-B	0.68524
5472	YHR054C-B	0.68524
5473	YDL082W	0.68524
5474	YGR049W	0.68523
5475	YPR158W-B	0.68522
5476	YLR035C-A	0.6852
5477	YDR431W	0.68514
5478	YHR214W-A	0.6851
5479	YML023C	0.68506
5480	YGL093W	0.68503
5481	YDL121C	0.68494
5482	YDR455C	0.68488
5483	YDR261C-D	0.68487
5484	YLR321C	0.68483
5485	YCL057W	0.68483
5486	YGR030C	0.68464
5487	YKL205W	0.68456
5488	YOR354C	0.68453
5489	YOR308C	0.68451
5490	YGL168W	0.6845
5491	YOR072W-B	0.68438
5492	YKL063C	0.6843
5493	YOR140W	0.68429
5494	YMR134W	0.68428
5495	YKL149C	0.68428
5496	YJL044C	0.68425
5497	YMR142C	0.68421
5498	YGR291C	0.6841
5499	YIR024C	0.68395
5500	YNL164C	0.68394
5501	YPR009W	0.68375
5502	YPL146C	0.68369
5503	YAR068W	0.68364
5504	YLR256W	0.68362
5505	YDR131C	0.68322
5506	YOL100W	0.68315
5507	YDL107W	0.68313
5508	YKL074C	0.68302
5509	YDR156W	0.68301
5510	YKL068W	0.68292
5511	YPL034W	0.6829
5512	YGR013W	0.6829
5513	YHL050W-A	0.68281
5514	YOR376W	0.68277
5515	YJL099W	0.68275
5516	YHR035W	0.68275
5517	YDR383C	0.68272
5518	YFL031C-A	0.68266
5519	YIL139C	0.6826
5520	YFL032W	0.68258
5521	YKR035C	0.68258
5522	YAL066W	0.68258
5523	YLL066W-A	0.68253
5524	YLL067W-A	0.68253
5525	YFL068W	0.68253
5526	YGR122C-A	0.68253
5527	YNL008C	0.68252
5528	YDR078C	0.68246
5529	YDR118W	0.68238
5530	YNL058C	0.68233
5531	YGR164W	0.68231
5532	YMR198W	0.68231
5533	YBL005W-B	0.6823
5534	YNL284C-B	0.68229
5535	YPL216W	0.68218
5536	YMR045C	0.68213
5537	YDL133C-A	0.68206
5538	YDL184C	0.68206
5539	YGR147C	0.68206
5540	YDR176W	0.68199
5541	YGL197W	0.68197
5542	YLR142W	0.68196
5543	YBR171W	0.68186
5544	YGL193C	0.68171
5545	YER035W	0.6817
5546	YHR153C	0.68168
5547	YNL068C	0.6816
5548	YKL145W-A	0.68143
5549	YBR233W-A	0.68143
5550	YPL021W	0.68142
5551	YOR032W-A	0.68139
5552	YHR149C	0.6813
5553	YOL083W	0.68129
5554	YOR355W	0.68114
5555	YHR069C-A	0.68112
5556	YHR219C-A	0.6811
5557	YNL339W-B	0.6811
5558	YML133W-B	0.6811
5559	YLR466C-A	0.68107
5560	YOR396C-A	0.68107
5561	YLR467C-A	0.68107
5562	YJL209W	0.68094
5563	YFL024C	0.68093
5564	YIL112W	0.68092
5565	YOR143C	0.68084
5566	YML009W-B	0.68083
5567	YIL030W-A	0.68077
5568	YBR257W	0.68056
5569	YDR194W-A	0.6805
5570	YOL032W	0.68044
5571	YDL185C-A	0.68044
5572	YGL142C	0.68031
5573	YMR032W	0.68019
5574	YGR151C	0.68018
5575	YLR157W-D	0.68017
5576	YNL213C	0.68012
5577	YDR486C	0.68008
5578	YIL002W-A	0.68007
5579	YGL041C	0.68006
5580	YBR056W-A	0.68004
5581	YHR032W-A	0.67993
5582	YLR232W	0.67991
5583	YGL090W	0.67987
5584	YGR077C	0.67982
5585	YDR545C-A	0.67976
5586	YDL005C	0.67968
5587	YGR084C	0.67964
5588	YGR233C	0.67963
5589	YNL245C	0.67953
5590	YMR098C	0.67946
5591	YCR083W	0.67934
5592	YJR087W	0.67924
5593	YLR459W	0.67908
5594	YPR074W-A	0.67904
5595	YDR413C	0.67896
5596	YDL012C	0.67892
5597	YDR124W	0.67884
5598	YLR466C-B	0.67884
5599	YLR385C	0.6788
5600	YPR174C	0.67877
5601	YPL076W	0.67869
5602	YMR274C	0.67867
5603	YLR358C	0.67864
5604	YGR296C-B	0.67851
5605	YER190C-B	0.67851
5606	YPL283W-B	0.67851
5607	YPR204C-A	0.67851
5608	YEL077W-A	0.67851
5609	YCL029C	0.67851
5610	YJL047C-A	0.67845
5611	YOL138C	0.6784
5612	YBR188C	0.67834
5613	YJL073W	0.67833
5614	YGR171C	0.67831
5615	YLR024C	0.67828
5616	YDL070W	0.67824
5617	YML034W	0.67815
5618	YJR127C	0.67814
5619	YDR071C	0.67811
5620	YBR108W	0.67806
5621	YJR093C	0.67803
5622	YPL016W	0.6779
5623	YER118C	0.67789
5624	YDL062W	0.67787
5625	YOR011W-A	0.67787
5626	YFR039C	0.67784
5627	YMR107W	0.67784
5628	YER038W-A	0.67781
5629	YOR220W	0.67777
5630	YPR169W-A	0.67771
5631	YHR023W	0.67764
5632	YER006C-A	0.67764
5633	YGR011W	0.67761
5634	YCR024C	0.6776
5635	YNL314W	0.67759
5636	YLR458W	0.67759
5637	YMR280C	0.67756
5638	YJR147W	0.67747
5639	YMR153W	0.67746
5640	YKR019C	0.67745
5641	YLL066W-B	0.67742
5642	YHL046W-A	0.67738
5643	YLR184W	0.67733
5644	YMR017W	0.67722
5645	YHR004C	0.67713
5646	YPL102C	0.67702
5647	YCR066W	0.67699
5648	YNL319W	0.67692
5649	YDR153C	0.67692
5650	YCL039W	0.67687
5651	YMR141W-A	0.67679
5652	YMR100W	0.67667
5653	YKR031C	0.67656
5654	YBR196C-A	0.67651
5655	YNL005C	0.67645
5656	YEL018W	0.67642
5657	Q0182	0.67637
5658	YER133W-A	0.67635
5659	YJR053W	0.67623
5660	YGL215W	0.67622
5661	YJL026C-A	0.67615
5662	YPR027C	0.67613
5663	YBR058C-A	0.6761
5664	YPL161C	0.67603
5665	YEL010W	0.67602
5666	YJL083W	0.67596
5667	YOL089C	0.6759
5668	YOR394C-A	0.6759
5669	YNR047W	0.67587
5670	YDL048C	0.67575
5671	YBL071C	0.67574
5672	YLR265C	0.67573
5673	YHR050W-A	0.67569
5674	YGR227C-A	0.67568
5675	YBR135W	0.67555
5676	YKR020W	0.67549
5677	YDR005C	0.67543
5678	YLR154W-A	0.67541
5679	YGL107C	0.6754
5680	YHR217C	0.67528
5681	YDL094C	0.67526
5682	YDR499W	0.67519
5683	YDR104C	0.67506
5684	YKR016W	0.67501
5685	YPR015C	0.67501
5686	YMR064W	0.67479
5687	YPL257W	0.67479
5688	YPR067W	0.67471
5689	YER173W	0.67468
5690	YER076W-A	0.67464
5691	YIR003W	0.67462
5692	YKR030W	0.67461
5693	YNL254C	0.67458
5694	YDL129W	0.67458
5695	YOR152C	0.67443
5696	YDR377W	0.67439
5697	YLR454W	0.67431
5698	YPL156C	0.67426
5699	YNL337W	0.67425
5700	YBL029W	0.67421
5701	YLR073C	0.67405
5702	YHR099W	0.67398
5703	YMR075C-A	0.67397
5704	YAL031W-A	0.67387
5705	YNL204C	0.67383
5706	YER046W	0.67382
5707	YDL197C	0.6738
5708	YPR106W	0.67376
5709	YPR158C-C	0.67358
5710	YCL001W-A	0.67354
5711	YLR036C	0.67346
5712	YDR381C-A	0.67346
5713	YLR423C	0.6734
5714	YDR261C-C	0.6733
5715	YAL041W	0.67324
5716	YNR004W	0.6732
5717	YNL172W	0.67313
5718	YOL103W-A	0.67307
5719	YNL183C	0.67302
5720	YBL005W	0.67296
5721	YLR082C	0.67287
5722	YPL261C	0.67284
5723	YLR217W	0.67268
5724	YIL066W-A	0.67265
5725	YML059C	0.67235
5726	YLR320W	0.67234
5727	YHR136C	0.67231
5728	YOR161C-C	0.6722
5729	YPL197C	0.6722
5730	YER137C-A	0.67217
5731	YLR157C-A	0.67217
5732	YDR365W-A	0.67217
5733	YPL257W-A	0.67217
5734	YBR077C	0.67209
5735	YNL338W	0.67207
5736	YGL209W	0.67201
5737	YHR199C-A	0.67198
5738	YPR049C	0.67192
5739	YLR434C	0.67185
5740	YFR023W	0.6716
5741	YBR033W	0.67159
5742	YJL146W	0.67141
5743	YLR313C	0.67137
5744	YER137W-A	0.67137
5745	YHR056C	0.67136
5746	YNL235C	0.67132
5747	YKL061W	0.67129
5748	YOR058C	0.67126
5749	YGR075C	0.67125
5750	YKR054C	0.67122
5751	YDR252W	0.67117
5752	YFR003C	0.67114
5753	YHR082C	0.67112
5754	YIR021W-A	0.67104
5755	YBL084C	0.67091
5756	YIL040W	0.67072
5757	YDR544C	0.67068
5758	YBL113W-A	0.67061
5759	YLR057W	0.67059
5760	YKL096C-B	0.67049
5761	YLR154W-E	0.67047
5762	YOR289W	0.6704
5763	YIR014W	0.67033
5764	YNL067W-A	0.67028
5765	YOL024W	0.67028
5766	YLR256W-A	0.67028
5767	YIL141W	0.67027
5768	YPL035C	0.6702
5769	YLR198C	0.67007
5770	YLR437C	0.66999
5771	YBR239C	0.66998
5772	YMR153C-A	0.66985
5773	YAL032C	0.66981
5774	YGL041W-A	0.66976
5775	YCR020W-B	0.66972
5776	YCL019W	0.66966
5777	YDR034C-A	0.66961
5778	YEL068C	0.66959
5779	YER022W	0.66959
5780	YGR227W	0.66955
5781	YJR026W	0.66943
5782	YML040W	0.66943
5783	YLR227W-A	0.66943
5784	YFL049W	0.66931
5785	YKL130C	0.6693
5786	YHL009C	0.66929
5787	YJL205C	0.66913
5788	YCL022C	0.66907
5789	YCR099C	0.66897
5790	YOL003C	0.66897
5791	YIL163C	0.66878
5792	YMR147W	0.66869
5793	YML103C	0.66847
5794	YMR052C-A	0.66841
5795	YCL028W	0.66838
5796	YGL136C	0.66831
5797	YPL177C	0.66826
5798	YMR073C	0.66808
5799	YOL109W	0.66789
5800	YDL158C	0.66784
5801	YPL040C	0.6678
5802	YLR294C	0.66778
5803	YDR396W	0.66776
5804	YIL158W	0.66771
5805	YNL024C-A	0.66765
5806	YER158W-A	0.66756
5807	YLR173W	0.66755
5808	YMR172W	0.66751
5809	YLR165C	0.6675
5810	YFL002W-A	0.66735
5811	YGR161W-B	0.66735
5812	YBR051W	0.66731
5813	YBR238C	0.6673
5814	Q0110	0.66725
5815	YKL101W	0.66719
5816	YER088W-B	0.66718
5817	YDR285W	0.66718
5818	YER087C-A	0.66715
5819	YPR137C-A	0.66694
5820	YAR010C	0.66694
5821	YDR261W-B	0.66691
5822	YDR350C	0.66688
5823	YJL113W	0.66682
5824	YKL176C	0.6668
5825	YPL039W	0.6668
5826	YOR186C-A	0.66678
5827	YPR061C	0.66678
5828	YLR154W-F	0.66677
5829	YIL098C	0.66676
5830	YIL159W	0.66663
5831	YCR018C	0.66651
5832	YKR011C	0.66639
5833	YIL031W	0.66616
5834	YOL117W	0.66613
5835	YDR329C	0.66612
5836	YPR007C	0.66609
5837	YML045W-A	0.66606
5838	YBR219C	0.66602
5839	YPL011C	0.66601
5840	YMR311C	0.66592
5841	YHL009W-B	0.66587
5842	YKR046C	0.66585
5843	YMR018W	0.66582
5844	YOL044W	0.66581
5845	YAL034C	0.66577
5846	YGR038C-D/YGR038C-C	0.66563
5847	YOR192C-B	0.66555
5848	YER153C	0.66553
5849	YJL048C	0.6655
5850	YDR317W	0.66549
5851	YLR151C	0.66547
5852	YDR076W	0.66541
5853	YOR097C	0.66526
5854	YJL049W	0.66519
5855	YDR098C-A	0.66509
5856	YJL176C	0.665
5857	YGR251W	0.66495
5858	YPR012W	0.66485
5859	YBR012W-A	0.66471
5860	YFR042W	0.66466
5861	YER097W	0.66464
5862	YDR414C	0.66463
5863	YDR014W-A	0.66462
5864	YIL149C	0.66447
5865	YDR034C-D	0.66445
5866	YNR025C	0.66424
5867	YML099W-A	0.66412
5868	YBR197C	0.66411
5869	YDL151C	0.66406
5870	YMR119W	0.66406
5871	YML017W	0.66401
5872	YER122C	0.66391
5873	YOL107W	0.66388
5874	YDR316W-A	0.66387
5875	YGR161C-C	0.66387
5876	YER159C-A	0.66387
5877	YLR035C-B	0.66387
5878	YMR051C	0.66387
5879	YPL202C	0.66382
5880	YJR028W	0.66378
5881	YGR016W	0.66364
5882	YPL256C	0.66355
5883	YDR369C	0.66345
5884	YJL020W-A	0.66342
5885	YPR020W	0.66333
5886	YHL041W	0.66332
5887	YHR137C-A	0.66326
5888	YDR210W-B	0.66322
5889	YDR119W-A	0.66314
5890	YDL240C-A	0.66309
5891	YLR211C	0.66306
5892	YIR018W	0.663
5893	YDR348C	0.66295
5894	YGR038C-A	0.66294
5895	YKL141W	0.66294
5896	YCR082W	0.66287
5897	YPL085W	0.66283
5898	YLR410W-B	0.66273
5899	YJR101W	0.66264
5900	YBL073W	0.66257
5901	YHR017W	0.6625
5902	YGR027W-A	0.66238
5903	YER129W	0.66233
5904	YAL068W-A	0.66227
5905	YNR024W	0.66222
5906	YBL093C	0.66222
5907	YDR322W	0.66218
5908	YFL014W	0.66206
5909	YML128C	0.66206
5910	YJL076W	0.66196
5911	YDR466W	0.66193
5912	YGL226C-A	0.6619
5913	YJR134C	0.66182
5914	YBR250W	0.66175
5915	YBL100W-B	0.66169
5916	YGL066W	0.66166
5917	YPL060C-A	0.66166
5918	YHR159W	0.66164
5919	YGL162W	0.66145
5920	YLR224W	0.66127
5921	YMR023C	0.661
5922	YOR142W-A	0.66091
5923	YPR158W-A	0.66091
5924	YNL171C	0.66082
5925	YPL189C-A	0.66071
5926	YKL118W	0.6607
5927	YLR052W	0.66068
5928	YGR150C	0.66025
5929	YDR170W-A	0.66024
5930	YNL156C	0.66024
5931	YJR140W-A	0.66016
5932	YMR257C	0.66016
5933	YOR385W	0.66014
5934	YBR126W-A	0.65986
5935	YOL104C	0.65979
5936	YDR115W	0.65969
5937	YBR224W	0.65968
5938	YER066C-A	0.65957
5939	YDL073W	0.65955
5940	YDL242W	0.65955
5941	YHR193C-A	0.6595
5942	YGL059W	0.65945
5943	YOR343W-B	0.65941
5944	YMR066W	0.65935
5945	YDR169C	0.65924
5946	YCR015C	0.65921
5947	YPR070W	0.65917
5948	YBR168W	0.65914
5949	YGR089W	0.65905
5950	YER188C-A	0.65905
5951	YDR210C-C	0.65887
5952	YDR017C	0.6588
5953	YDR451C	0.65877
5954	YDL139C	0.65862
5955	YOR085W	0.65852
5956	YIL071W-A	0.65852
5957	YOL159C-A	0.6585
5958	YJL032W	0.65799
5959	YPR122W	0.65797
5960	YPL168W	0.65779
5961	YGR174W-A	0.65774
5962	YER112W	0.65763
5963	YBR049C	0.6576
5964	YLR297W	0.65748
5965	YLR182W	0.65748
5966	YNL133C	0.65745
5967	YGL151W	0.6574
5968	YDR203W	0.65739
5969	YBL100W-C	0.6573
5970	YDR143C	0.65681
5971	YDL115C	0.6568
5972	YNL284C-A	0.6568
5973	Q0115	0.65679
5974	YGL006W-A	0.65661
5975	YMR118C	0.65653
5976	YOR129C	0.65641
5977	YDR505C	0.65632
5978	YNL054W	0.65624
5979	YPL120W	0.65616
5980	YBR131W	0.65615
5981	YMR148W	0.65611
5982	YKL138C	0.6561
5983	YJR086W	0.65577
5984	YLR424W	0.65559
5985	YHR145C	0.65552
5986	YLR135W	0.6555
5987	YPL166W	0.65546
5988	YFR036W-A	0.65544
5989	YGR196C	0.65541
5990	YIL055C	0.65526
5991	YCL061C	0.65504
5992	YLR395C	0.65502
5993	YPL018W	0.65485
5994	YHR130C	0.65481
5995	YGR160W	0.65466
5996	YJL150W	0.65433
5997	YGL159W	0.65428
5998	YJL189W	0.65413
5999	YIL117C	0.65409
6000	YDR024W	0.65402
6001	YNR063W	0.65402
6002	YMR282C	0.65399
6003	YMR094W	0.65392
6004	YLR408C	0.65371
6005	YML041C	0.65369
6006	YKL092C	0.65367
6007	YLR091W	0.65352
6008	YGL182C	0.65348
6009	YOL069W	0.65344
6010	YOR298W	0.65344
6011	YPR021C	0.65333
6012	YOR333C	0.65324
6013	YBR083W	0.65322
6014	YNL198C	0.6531
6015	YLR219W	0.65309
6016	YDL181W	0.65305
6017	YDR529C	0.65299
6018	YLR098C	0.6529
6019	YHR093W	0.65279
6020	YHR131C	0.65274
6021	YDR379W	0.65265
6022	YDR202C	0.65258
6023	YPR095C	0.65244
6024	YIR030C	0.65241
6025	YMR025W	0.65225
6026	YBR057C	0.65225
6027	YMR293C	0.65203
6028	YKL050C	0.65199
6029	YLR242C	0.65197
6030	YFL041W-A	0.65187
6031	YPL272C	0.6518
6032	YLR146W-A	0.65161
6033	YBL043W	0.65157
6034	YMR164C	0.65138
6035	YDR406W-A	0.65134
6036	YIL086C	0.65123
6037	YOL134C	0.6512
6038	YMR284W	0.65103
6039	YDL016C	0.651
6040	YGR250C	0.65093
6041	YJL133C-A	0.65081
6042	YMR191W	0.6508
6043	YKL048C	0.65077
6044	YJR092W	0.65073
6045	YDR066C	0.65069
6046	YOL015W	0.65067
6047	YBR066C	0.65057
6048	YDR042C	0.65053
6049	YIL071C	0.65032
6050	YLR119W	0.65022
6051	YLR263W	0.65018
6052	YIR033W	0.65016
6053	YJR107C-A	0.65004
6054	YDR307W	0.65004
6055	YBR182C-A	0.64998
6056	YDR543C	0.64994
6057	YDR201W	0.64986
6058	YJR012C	0.64981
6059	YGL073W	0.64967
6060	YGL230C	0.64952
6061	YOR297C	0.64944
6062	YJR037W	0.64943
6063	YMR046C	0.64907
6064	YEL009C-A	0.649
6065	YCR108C	0.64893
6066	YOR028C	0.64889
6067	YJL066C	0.64886
6068	YKR095W	0.64881
6069	YNL070W	0.64878
6070	YPL075W	0.64874
6071	YNL196C	0.64859
6072	YIR016W	0.64858
6073	YOR266W	0.64838
6074	YAL027W	0.64837
6075	YDR082W	0.64835
6076	YLR363W-A	0.64835
6077	YBL103C	0.64831
6078	YBR230C	0.64807
6079	YPR151C	0.648
6080	YBL005W-A	0.64798
6081	YJL170C	0.64775
6082	YLR360W	0.64772
6083	YPL219W	0.64763
6084	YDL170W	0.64759
6085	YMR193C-A	0.64745
6086	YCL001W	0.64743
6087	YNL054W-A	0.6473
6088	YOR107W	0.6472
6089	YOL131W	0.64717
6090	YGL042C	0.64714
6091	YOL082W	0.64708
6092	YDR043C	0.64708
6093	YIL049W	0.64705
6094	YLR227C	0.64705
6095	YDR469W	0.64698
6096	YMR256C	0.64678
6097	YML113W	0.6466
6098	YHL023C	0.64648
6099	YBL107C	0.64641
6100	YIL127C	0.64616
6101	YKL106C-A	0.64611
6102	YGR115C	0.64611
6103	YGL096W	0.6461
6104	YLR295C	0.6459
6105	YOR304C-A	0.64573
6106	YFL063W	0.64572
6107	YJL180C	0.64564
6108	YLR040C	0.64547
6109	YGR098C	0.64542
6110	YDL056W	0.64529
6111	YHR167W	0.64519
6112	YMR158C-A	0.64508
6113	YDR494W	0.64505
6114	YLR079W	0.64492
6115	YLR222C-A	0.64487
6116	YCL021W-A	0.64467
6117	YMR163C	0.64461
6118	YKL020C	0.6446
6119	YGL214W	0.64455
6120	YDR034C-C	0.64452
6121	YKL108W	0.64448
6122	YOR104W	0.64443
6123	YML054C-A	0.64431
6124	YBL052C	0.6443
6125	YBL048W	0.64421
6126	YJL058C	0.64401
6127	YIL092W	0.64389
6128	YOL070C	0.64386
6129	YLL005C	0.64384
6130	YCL020W	0.64383
6131	YDR146C	0.64381
6132	YDR034C	0.64376
6133	YOL118C	0.64361
6134	YDR261W-A	0.64353
6135	YML101C-A	0.64351
6136	YMR016C	0.64323
6137	YFR040W	0.64313
6138	YNL144C	0.64312
6139	YPR185W	0.64311
6140	YGL061C	0.64303
6141	YKL023W	0.64302
6142	YOR221C	0.64301
6143	YFR032C-B	0.64299
6144	YDR532C	0.64298
6145	YLR424C-A	0.64297
6146	YJL207C	0.64271
6147	YFR012W	0.64262
6148	YDL020C	0.64248
6149	YBR182C	0.64243
6150	YDR065W	0.64232
6151	YOR148C	0.64229
6152	YOR192C-A	0.64227
6153	YPL174C	0.64218
6154	YDL088C	0.64204
6155	YMR326C	0.64203
6156	YMR052W	0.64199
6157	YGR275W	0.64198
6158	YDR240C	0.64194
6159	YGL176C	0.64191
6160	YCR097W	0.64189
6161	YOR208W	0.6417
6162	YJR108W	0.64168
6163	YHR175W-A	0.64151
6164	YPL096C-A	0.6415
6165	YAR014C	0.64135
6166	YLR376C	0.64118
6167	YDR422C	0.64109
6168	YNL159C	0.64103
6169	YJR021C	0.64102
6170	YLR094C	0.64088
6171	YGR134W	0.64085
6172	YGR230W	0.64084
6173	YOR169C	0.64076
6174	YLR327C	0.64065
6175	YLR404W	0.64053
6176	YLR271W	0.64048
6177	YCR033W	0.64029
6178	YMR030W	0.6402
6179	YBR225W	0.6401
6180	YGL086W	0.64009
6181	YJR005C-A	0.64008
6182	YML007W	0.63985
6183	YPL193W	0.63949
6184	YPR068C	0.63937
6185	YGR039W	0.63909
6186	YHR182W	0.63904
6187	YLR298C	0.63884
6188	YGL071W	0.63881
6189	YKR034W	0.63836
6190	YKL159C	0.63827
6191	YMR046W-A	0.63801
6192	YOR381W-A	0.63756
6193	YNL013C	0.63755
6194	YML081W	0.63754
6195	YOR030W	0.63742
6196	YIL136W	0.63739
6197	YGR161W-A	0.63725
6198	YFL002W-B	0.63725
6199	YKL171W	0.63711
6200	YBR136W	0.63707
6201	YER028C	0.63663
6202	YLR299C-A	0.63658
6203	YPL118W	0.63652
6204	YDR179C	0.63637
6205	YNL309W	0.63629
6206	YGR079W	0.63591
6207	YAL028W	0.63588
6208	YOL013W-B	0.63568
6209	YBL100W-A	0.63567
6210	YDR235W	0.63544
6211	YJR106W	0.63491
6212	YBR194W	0.63489
6213	YOR350C	0.63487
6214	YLR410W-A	0.63486
6215	YPR134W	0.63457
6216	YGL219C	0.63444
6217	YGR038C-E	0.63428
6218	YNL157W	0.63412
6219	YPL027W	0.63403
6220	Q0092	0.63383
6221	YDR166C	0.63361
6222	YCR043C	0.6335
6223	YMR072W	0.63347
6224	YBL059W	0.63343
6225	YJR089W	0.63313
6226	YGR015C	0.63307
6227	YPL130W	0.63297
6228	YHR103W	0.63293
6229	YBR004C	0.63285
6230	YKL138C-A	0.63284
6231	YBL039W-B	0.63278
6232	YDL152W	0.63259
6233	YJL103C	0.63249
6234	YHR156C	0.63242
6235	YMR059W	0.63217
6236	YDR217C	0.63206
6237	YNR045W	0.63194
6238	YPR142C	0.6319
6239	YOR113W	0.63185
6240	YMR187C	0.63182
6241	YDL176W	0.63176
6242	YBR124W	0.63172
6243	Q0143	0.63168
6244	YCR018C-A	0.63154
6245	YAL063C-A	0.63153
6246	YLL042C	0.63143
6247	YGL081W	0.63139
6248	YJL095W	0.63118
6249	YDR123C	0.63111
6250	YDR088C	0.63104
6251	YIL102C-A	0.63104
6252	YER093C-A	0.63096
6253	YDL211C	0.63089
6254	YGL005C	0.63088
6255	YMR199W	0.63085
6256	YJL056C	0.63075
6257	YOR313C	0.63058
6258	YOR137C	0.63056
6259	YML043C	0.63054
6260	YJR003C	0.63052
6261	YCR081W	0.63048
6262	YOR170W	0.63043
6263	YKL052C	0.63043
6264	YKR045C	0.63042
6265	YBR072C-A	0.63035
6266	YBR152W	0.63022
6267	YGR249W	0.62999
6268	YPL099C	0.62953
6269	YGL075C	0.62945
6270	YFL019C	0.62943
6271	YDR361C	0.6293
6272	YDR195W	0.62928
6273	YER075C	0.62925
6274	YIL097W	0.62907
6275	YPL049C	0.62893
6276	YDR016C	0.62889
6277	YIL144W	0.62881
6278	YML037C	0.62875
6279	YPR164W	0.62874
6280	YNL115C	0.62865
6281	YLR353W	0.6286
6282	YDR461C-A	0.6285
6283	YDR210W-A	0.62845
6284	YNL199C	0.62831
6285	YFR019W	0.62824
6286	YDL199C	0.62817
6287	YDR103W	0.62801
6288	YGR142W	0.62799
6289	YKR091W	0.62791
6290	YLR424C-B	0.62783
6291	YLR139C	0.62783
6292	YDR371W	0.62771
6293	YPR013C	0.62766
6294	YKL162C	0.62761
6295	YDL130W-A	0.62757
6296	YOR235W	0.62753
6297	YBR184W	0.6274
6298	YGL117W	0.62732
6299	YPR084W	0.62731
6300	YIL036W	0.62715
6301	YGL229C	0.62683
6302	YOR329W-A	0.62649
6303	YOR343W-A	0.62648
6304	YER045C	0.62633
6305	YGR041W	0.62593
6306	YHR184W	0.62586
6307	YDL189W	0.62569
6308	YJL118W	0.62561
6309	YOR047C	0.62547
6310	YNL210W	0.62525
6311	YLL003W	0.62489
6312	YNL053W	0.62474
6313	YPR170W-A	0.62456
6314	YJR157W	0.62433
6315	YBL054W	0.62395
6316	YGR168C	0.62387
6317	YIR010W	0.62364
6318	YIL101C	0.62356
6319	YFR054C	0.6235
6320	YGR140W	0.62337
6321	YBL088C	0.62307
6322	YOR121C	0.62249
6323	YNL266W	0.62159
6324	YLR267W	0.62143
6325	YGR067C	0.62133
6326	YLL033W	0.62113
6327	YML027W	0.62107
6328	YNR077C	0.62105
6329	YDR457W	0.62099
6330	YOR053W	0.6209
6331	YLR431C	0.62082
6332	YDR310C	0.62076
6333	YLR201C	0.62068
6334	YOR177C	0.62064
6335	YMR232W	0.62045
6336	YOR032C	0.61999
6337	YBR275C	0.61994
6338	YER121W	0.61986
6339	YMR299C	0.61982
6340	YNR009W	0.61977
6341	YBL053W	0.61971
6342	YGR179C	0.61932
6343	YGR161W-C	0.61925
6344	YBL063W	0.61917
6345	YAL040C	0.61912
6346	YMR151W	0.61882
6347	YPL253C	0.61879
6348	YDL050C	0.61875
6349	YOL007C	0.61814
6350	YPL158C	0.61801
6351	YBR056C-B	0.618
6352	YDR260C	0.61791
6353	YHR036W	0.61765
6354	YAL010C	0.61764
6355	YML062C	0.61764
6356	YKR100C	0.61755
6357	YBR173C	0.61738
6358	YLR099W-A	0.61734
6359	YFL033C	0.61731
6360	YOR264W	0.61714
6361	YIL045W	0.61672
6362	YIL037C	0.61636
6363	YBL009W	0.6162
6364	YDL169C	0.61615
6365	YAL016C-B	0.61601
6366	YLR465C	0.61598
6367	YEL005C	0.61592
6368	YJR030C	0.61583
6369	YNL167C	0.61567
6370	YNL100W	0.61564
6371	Q0010	0.6156
6372	YER088C	0.61551
6373	YNR049C	0.61538
6374	YNL152W	0.61536
6375	YNL046W	0.61519
6376	YER175W-A	0.61515
6377	YEL043W	0.61504
6378	YBR140C	0.61496
6379	YDR443C	0.61486
6380	YGR161C	0.61477
6381	YDL159W-A	0.61446
6382	YDL206W	0.61383
6383	YDR524C	0.61349
6384	YOR114W	0.61325
6385	YOR186W	0.61307
6386	YER132C	0.613
6387	YPL070W	0.61272
6388	YLR307C-A	0.61256
6389	YPR036W-A	0.61249
6390	YLR312C	0.61235
6391	YPL052W	0.61233
6392	YOL031C	0.61208
6393	YER084W-A	0.61201
6394	YCL005W	0.61126
6395	YLR042C	0.61101
6396	YLR190W	0.61085
6397	YER149C	0.61064
6398	YOR158W	0.61048
6399	YDL235C	0.61028
6400	YDL224C	0.60979
6401	YPR171W	0.6097
6402	YLR221C	0.60927
6403	YBR148W	0.60921
6404	YOR284W	0.60879
6405	YKR010C	0.60869
6406	YNL091W	0.60826
6407	YLR436C	0.60812
6408	YDR030C	0.60778
6409	YEL014C	0.60765
6410	YDR069C	0.60756
6411	YMR124W	0.60733
6412	YFR008W	0.60733
6413	YHL029C	0.60729
6414	YPL200W	0.6068
6415	YDR181C	0.60674
6416	YCL051W	0.60619
6417	YKR037C	0.60608
6418	YPL033C	0.60579
6419	YNR014W	0.60579
6420	YKL204W	0.60565
6421	YDL089W	0.60556
6422	YGL079W	0.60548
6423	YLR131C	0.60527
6424	YLR018C	0.60507
6425	YNL197C	0.60475
6426	YDR515W	0.60408
6427	YBL109W	0.60398
6428	YDR239C	0.60395
6429	YMR086W	0.60382
6430	YNL042W	0.60346
6431	YOL081W	0.60342
6432	YOR147W	0.60329
6433	YJL149W	0.60316
6434	YOR349W	0.60242
6435	YFR057W	0.60233
6436	YOR073W	0.6021
6437	YNL105W	0.60208
6438	YOR255W	0.60206
6439	YDR151C	0.60197
6440	YOR192C-C	0.60183
6441	YMR219W	0.60176
6442	YJL110C	0.60092
6443	YNL195C	0.60061
6444	YDR216W	0.60007
6445	YOR076C	0.59999
6446	YMR174C	0.59992
6447	YPR101W	0.59969
6448	YBR255W	0.59961
6449	YML015C	0.59948
6450	YBR203W	0.59947
6451	YDR277C	0.59943
6452	YKL062W	0.59929
6453	YBL046W	0.59906
6454	YER038C	0.59885
6455	YNL225C	0.59883
6456	YDL239C	0.59838
6457	YOR342C	0.59824
6458	YDL027C	0.59813
6459	R0030W	0.59809
6460	YMR270C	0.59765
6461	YPR002C-A	0.59762
6462	YMR204C	0.59759
6463	YBR050C	0.59747
6464	YDL223C	0.5974
6465	YMR179W	0.59727
6466	YLR373C	0.59722
6467	YAL031C	0.5972
6468	YFR017C	0.59667
6469	YLR352W	0.59628
6470	YER040W	0.59626
6471	YGR113W	0.59616
6472	YPL201C	0.59596
6473	YHR177W	0.59573
6474	YOR178C	0.59545
6475	YHR079C-A	0.59509
6476	YLR031W	0.59461
6477	YML058W	0.5946
6478	YPL054W	0.59445
6479	YLR254C	0.59438
6480	YOL091W	0.59417
6481	YGL194C-A	0.59382
6482	YAL024C	0.59359
6483	YDR096W	0.59313
6484	YGR153W	0.5925
6485	YFL021W	0.59246
6486	YPL269W	0.59224
6487	YLR273C	0.59198
6488	YPR005C	0.59182
6489	YER181C	0.59176
6490	YGL023C	0.59129
6491	YKR078W	0.59109
6492	YBR007C	0.58991
6493	YGR240C-A	0.58969
6494	YGL035C	0.58905
6495	YDR446W	0.58898
6496	YHR152W	0.58884
6497	YOL029C	0.58875
6498	YOR066W	0.58865
6499	YPR044C	0.58814
6500	YDR227W	0.58784
6501	YCL027W	0.58781
6502	YGR023W	0.58772
6503	YDR028C	0.58759
6504	YLR252W	0.58744
6505	YGL175C	0.58708
6506	YPL230W	0.58663
6507	YNL103W	0.58656
6508	YLL047W	0.58612
6509	YMR075W	0.58595
6510	YDR014W	0.58592
6511	YER044C-A	0.58575
6512	YDR207C	0.5857
6513	YDR113C	0.58554
6514	YJR056C	0.58535
6515	YER158C	0.58529
6516	YGR071C	0.58496
6517	YDL069C	0.58437
6518	YKL185W	0.58435
6519	YGL138C	0.58369
6520	YOR324C	0.58368
6521	YDR374C	0.58338
6522	YPL250C	0.58333
6523	YOR214C	0.58324
6524	YMR160W	0.58321
6525	YLR282C	0.58319
6526	YOR195W	0.58273
6527	YJL181W	0.5824
6528	YHR195W	0.58238
6529	YER155C	0.58207
6530	YMR195W	0.5819
6531	YGR126W	0.5816
6532	YMR135C	0.58124
6533	YDR070C	0.58123
6534	YNL027W	0.58099
6535	YKL068W-A	0.5807
6536	YDR356W	0.58046
6537	YJR011C	0.58028
6538	YBR201C-A	0.57979
6539	YER111C	0.57935
6540	YBR013C	0.57924
6541	YJR162C	0.5786
6542	YBR095C	0.57841
6543	YOR352W	0.57833
6544	YGL223C	0.57806
6545	YLR315W	0.5777
6546	YKL093W	0.57767
6547	YNL018C	0.57766
6548	YBL034C	0.57765
6549	YHR160C	0.57761
6550	YKL162C-A	0.57718
6551	YLR341W	0.57687
6552	YLR030W	0.5765
6553	YCR065W	0.5756
6554	YKL225W	0.5756
6555	YBR076W	0.57546
6556	YMR273C	0.57541
6557	YJL090C	0.57535
6558	YJR083C	0.57519
6559	YBR130C	0.57511
6560	YOR359W	0.57465
6561	YNL034W	0.57402
6562	YLR283W	0.57375
6563	YDR439W	0.5733
6564	YNL311C	0.57325
6565	YLR230W	0.5727
6566	YNL176C	0.57269
6567	YJL051W	0.57257
6568	YDR219C	0.57237
6569	YOR023C	0.57182
6570	YIL119C	0.57166
6571	YKL112W	0.5713
6572	YIL122W	0.57124
6573	YDR351W	0.57108
6574	YNL233W	0.57103
6575	YBR063C	0.57085
6576	Q0255	0.5705
6577	YEL057C	0.57045
6578	YOL025W	0.57007
6579	YPR078C	0.56996
6580	YDR029W	0.56937
6581	YBR047W	0.56878
6582	YDR425W	0.56858
6583	YLR223C	0.56839
6584	YML009C-A	0.56826
6585	YGR273C	0.56819
6586	YML109W	0.56782
6587	YGL057C	0.56765
6588	YNL076W	0.56761
6589	YJL185C	0.56757
6590	YLR394W	0.56725
6591	YPL077C	0.56709
6592	YPL068C	0.56701
6593	YCL044C	0.56688
6594	YDL186W	0.56684
6595	YPL014W	0.56671
6596	Q0144	0.56648
6597	YFR046C	0.56603
6598	YPL055C	0.56576
6599	YDR223W	0.56559
6600	YDR259C	0.56516
6601	YOR062C	0.56473
6602	YJL144W	0.56464
6603	YMR255W	0.56456
6604	YGL021W	0.56419
6605	YBR156C	0.56407
6606	YML091C	0.56355
6607	YMR003W	0.56175
6608	YCL063W	0.56142
6609	YOL036W	0.56012
6610	YER130C	0.55996
6611	YHR014W	0.55974
6612	YKL042W	0.5594
6613	YJL162C	0.55926
6614	YER167W	0.55895
6615	YER104W	0.55815
6616	YKL105C	0.55809
6617	YGL222C	0.55795
6618	YDL076C	0.55769
6619	YHR054C	0.5573
6620	YKR022C	0.55646
6621	YPL180W	0.55552
6622	YGR035C	0.55536
6623	YDR130C	0.55494
6624	YAL047C	0.55474
6625	YMR144W	0.55456
6626	YLR257W	0.55426
6627	YIR025W	0.55409
6628	YDR275W	0.55341
6629	YNL214W	0.55287
6630	YLR334C	0.55151
6631	YLL065W	0.55057
6632	YDR022C	0.54921
6633	YOR372C	0.54911
6634	YIL146C	0.54867
6635	YLR102C	0.54863
6636	YPR158W	0.54852
6637	YBR045C	0.54827
6638	YGR120C	0.54821
6639	YDR186C	0.54768
6640	YER124C	0.54714
6641	YKL065W-A	0.546
6642	YGR221C	0.54546
6643	YNL074C	0.54499
6644	YPL066W	0.54494
6645	YGR239C	0.54428
6646	YPL223C	0.5441
6647	YPL089C	0.54349
6648	YDR249C	0.54272
6649	YPL159C	0.54221
6650	YML053C	0.54152
6651	YPR008W	0.54128
6652	YPR145C-A	0.54037
6653	YPL071C	0.54028
6654	YIL135C	0.53927
6655	YKR077W	0.53772
6656	YBR165W	0.53741
6657	YPL255W	0.53738
6658	YFL012W	0.53723
6659	YMR175W	0.5365
6660	YDR184C	0.5365
6661	YJL147C	0.53647
6662	YDR528W	0.53585
6663	YER106W	0.53451
6664	YLR053C	0.53312
6665	YNL188W	0.53166
6666	YPL267W	0.53107
6667	YLR445W	0.53019
6668	YDR085C	0.52975
6669	YMR036C	0.52895
6670	YBL031W	0.52837
6671	YML119W	0.52793
6672	YDL180W	0.52754
6673	YLR049C	0.52621
6674	YHR157W	0.526
6675	YHR061C	0.52564
6676	YNL078W	0.5255
6677	YMR037C	0.52533
6678	YPR046W	0.52516
6679	YOR279C	0.52445
6680	YJL089W	0.52341
6681	YJL161W	0.52312
6682	YGL128C	0.52307
6683	YER033C	0.52219
6684	YPR065W	0.52187
6685	YOR044W	0.52041
6686	YDR309C	0.51985
6687	YBR071W	0.51837
6688	YPL121C	0.51632
6689	YBR211C	0.51623
6690	YKL023C-A	0.51567
6691	YML006C	0.51291
6692	YLR457C	0.51274
6693	YOR315W	0.51104
6694	YPL124W	0.51002
6695	YGL015C	0.50944
6696	YMR206W	0.5088
6697	YDR480W	0.50852
6698	YBR285W	0.50767
6699	YKL109W	0.49586
6700	YER180C	0.49449
6701	YMR136W	0.49439
6702	YER032W	0.49265
6703	Q0140	0.49101
6704	YML112W	0.49093
6705	YPR083W	0.48908
6706	YBL081W	0.48558
6707	YNL146W	0.48392
6708	YPL229W	0.48341
6709	YGL036W	0.4757
6710	YOL106W	0.47304
6711	YGL170C	0.47297
6712	YHR185C	0.47289
6713	YER079W	0.46982
6714	YNR010W	0.46972
6715	YMR181C	0.46647
6716	YBR157C	0.46511
6717	YBR138C	0.46027
6718	YML003W	0.45581
6719	YIL152W	0.45553
6720	YFR036W	0.45304
6721	YMR081C	0.44537
6722	YMR252C	0.43318
6723	Q0032	0.43268
6724	YKR075C	0.42884
6725	YGR146C	0.41391
6726	YJR094C	0.39746
6727	YDL007C-A	0.38973
6728	YMR106W-A	0.31946
6729	YNL040C-A	0.31946
6730	YGR016C-A	0.31946
6731	YNL155C-A	0.31946
6732	YDL204W-A	0.31946
6733	YFR035W-A	0.31946
