rank	yeast_gene	cosine
1	YPL218W	0.91901
2	YPL203W	0.90916
3	YDL192W	0.90903
4	YLR229C	0.90837
5	YGL256W	0.9075
6	YBR241C	0.90606
7	YDL137W	0.90491
8	YPR165W	0.90434
9	YJL108C	0.90378
10	YKR059W	0.90278
11	YER072W	0.901
12	YGL008C	0.90091
13	YBR164C	0.89805
14	YDR345C	0.8978
15	YLR234W	0.8973
16	YFL039C	0.89561
17	YJL164C	0.89546
18	YPL036W	0.89466
19	YHR092C	0.89419
20	YPR183W	0.89407
21	YDR155C	0.89325
22	YPR182W	0.89221
23	YGR105W	0.89172
24	YLR147C	0.89143
25	YDR343C	0.89139
26	YHR094C	0.89116
27	YKL190W	0.89092
28	YDR342C	0.89065
29	YNL189W	0.89032
30	YBR261C	0.88963
31	YDL047W	0.88774
32	YDL126C	0.88753
33	YBR160W	0.88705
34	YDL229W	0.88694
35	YNL209W	0.88623
36	YHL047C	0.88543
37	YMR109W	0.88537
38	YLR081W	0.88537
39	YMR011W	0.885
40	YMR290C	0.88479
41	YLR113W	0.88472
42	YKL024C	0.88456
43	YPR192W	0.88382
44	YNL112W	0.8837
45	YOR257W	0.88335
46	YBR109C	0.88329
47	YOR089C	0.88325
48	YFL011W	0.88272
49	YJL214W	0.88264
50	YDL084W	0.88241
51	YNL090W	0.88222
52	YOR122C	0.88218
53	YOR378W	0.882
54	YPL234C	0.8811
55	YDL006W	0.88067
56	YHR096C	0.88066
57	YJL167W	0.8806
58	YIL170W	0.8806
59	YLL024C	0.88059
60	YDL128W	0.88007
61	YER133W	0.88005
62	YBL075C	0.87984
63	YLL053C	0.87963
64	YAL005C	0.87962
65	YMR034C	0.87941
66	YDL245C	0.87935
67	YGL058W	0.8791
68	YHR218W-A	0.87882
69	YBL112C	0.87882
70	YJR158W	0.87856
71	YER009W	0.87839
72	YPL266W	0.87822
73	YOR094W	0.8782
74	YOR046C	0.87811
75	YBR082C	0.87798
76	YNL290W	0.87781
77	YER103W	0.87781
78	YDR021W	0.87764
79	YDL134C	0.87727
80	YOL156W	0.87718
81	YNL135C	0.87707
82	YOR204W	0.87705
83	YHL040C	0.87671
84	YMR079W	0.87669
85	YNR072W	0.87642
86	YGR123C	0.87633
87	YJL014W	0.87606
88	YDR373W	0.87584
89	YLL060C	0.87534
90	YPL031C	0.87516
91	YBL016W	0.87501
92	YAL020C	0.87492
93	YGL225W	0.87486
94	YEL069C	0.87484
95	YJL219W	0.87483
96	YDR075W	0.87435
97	YDL166C	0.87414
98	YEL027W	0.87413
99	YPR113W	0.87396
100	YER060W-A	0.87352
101	YGR218W	0.87352
102	YMR222C	0.87335
103	YHR030C	0.87285
104	YHR018C	0.87269
105	YLR293C	0.87264
106	YFL038C	0.87223
107	YGR231C	0.872
108	YLL050C	0.87193
109	YOR185C	0.87187
110	YLR438C-A	0.87176
111	YDR226W	0.87157
112	YML012W	0.87154
113	YGL255W	0.87148
114	YKL196C	0.8714
115	YDL108W	0.87133
116	YKL218C	0.87116
117	YJL034W	0.87112
118	YKR039W	0.87111
119	YLR347C	0.87103
120	YHR169W	0.87076
121	YER177W	0.87071
122	YFL055W	0.87039
123	YBR187W	0.86999
124	YHR070W	0.8697
125	YAR002C-A	0.86956
126	YPR204W	0.86922
127	YER125W	0.86921
128	YER039C	0.86909
129	YDR424C	0.86853
130	YDR059C	0.86838
131	YBR089C-A	0.86816
132	YDL055C	0.86811
133	YPR052C	0.86797
134	YDR196C	0.86711
135	YER020W	0.86692
136	YMR015C	0.86677
137	YFL058W	0.86668
138	YCR010C	0.86634
139	YDL244W	0.86626
140	YDR092W	0.86574
141	YBR252W	0.86571
142	YNL332W	0.86562
143	YER060W	0.86556
144	YDR129C	0.86537
145	YEL026W	0.86531
146	YLL028W	0.86522
147	YGR282C	0.86515
148	YER148W	0.86513
149	YDR040C	0.86509
150	YMR292W	0.86502
151	YHR128W	0.86496
152	YPL106C	0.86479
153	Q0130	0.86478
154	YJR156C	0.86462
155	YGL120C	0.86438
156	YJL026W	0.86423
157	YGR252W	0.86385
158	YDR536W	0.86365
159	YPL061W	0.86362
160	YGL054C	0.86358
161	YKL129C	0.86337
162	YNL268W	0.86333
163	YER119C	0.86332
164	YHR200W	0.86276
165	YDR353W	0.86258
166	YNL010W	0.8625
167	YMR246W	0.86248
168	YPL119C	0.86245
169	YDR404C	0.86242
170	YDL029W	0.86241
171	YGL167C	0.86212
172	YEL070W	0.86202
173	YNR073C	0.86202
174	YPL058C	0.862
175	YJR105W	0.86181
176	YDR039C	0.86133
177	YML018C	0.86127
178	YBL026W	0.86118
179	YER056C	0.86108
180	YOL094C	0.86097
181	YNL098C	0.86093
182	YEL066W	0.86076
183	YER031C	0.86074
184	YDR185C	0.8607
185	YOL143C	0.86061
186	YOL021C	0.86029
187	YER036C	0.86023
188	YPR173C	0.86001
189	YKR002W	0.85996
190	YML102W	0.85993
191	YDR099W	0.85991
192	YLR466W	0.85962
193	YER107C	0.85955
194	YGR208W	0.85929
195	YBL030C	0.8591
196	YGR281W	0.85902
197	YHL016C	0.85901
198	YOR161C	0.85897
199	YCR098C	0.8588
200	YJL050W	0.85875
201	YEL063C	0.85866
202	YDL188C	0.85856
203	YOL038W	0.85841
204	YIR036C	0.85836
205	YDR038C	0.85811
206	YIL121W	0.85801
207	YDL022W	0.85801
208	YLL026W	0.85799
209	YGL253W	0.85793
210	YNL244C	0.85788
211	YML123C	0.85779
212	YCR009C	0.85768
213	YDR454C	0.85762
214	YKL166C	0.8576
215	YOR224C	0.85719
216	YPR069C	0.8571
217	YBR169C	0.85688
218	YGR040W	0.85687
219	YGL001C	0.85685
220	YEL077C	0.8563
221	YCL025C	0.85628
222	YER099C	0.8562
223	YDL097C	0.85619
224	YAL038W	0.8561
225	YPL264C	0.85609
226	YHR106W	0.85596
227	YGR138C	0.85592
228	YFL066C	0.85585
229	YBL071W-A	0.85584
230	YGL210W	0.85583
231	YBR008C	0.85576
232	YDL064W	0.85553
233	YDR510W	0.85542
234	YFL045C	0.85536
235	YNL270C	0.85533
236	YJR065C	0.85498
237	YNR002C	0.85492
238	YJL196C	0.85475
239	YDR002W	0.85466
240	YGR211W	0.85458
241	YPL017C	0.85443
242	YER095W	0.85386
243	YMR300C	0.85375
244	YOR348C	0.85363
245	YNL006W	0.85353
246	YDR091C	0.85352
247	YOL158C	0.85344
248	YKR094C	0.85328
249	YIL148W	0.85328
250	YAL026C	0.85294
251	YNR053C	0.85269
252	YML022W	0.85267
253	YDR341C	0.85256
254	YGR152C	0.85235
255	YBL102W	0.85211
256	YML069W	0.85196
257	YEL051W	0.85194
258	YOR197W	0.85193
259	YNL093W	0.85181
260	YDL168W	0.85181
261	YHR007C	0.85181
262	YDL100C	0.85175
263	YHR110W	0.85175
264	YGL091C	0.8517
265	YJR058C	0.85166
266	YNR055C	0.85132
267	YFR053C	0.85122
268	YDL160C	0.85111
269	YNL288W	0.85098
270	YDR406W	0.85092
271	YMR226C	0.85091
272	YOR153W	0.85079
273	YBR106W	0.85074
274	YGL070C	0.85073
275	YJR045C	0.85066
276	YDR139C	0.85066
277	YJL213W	0.85053
278	YLL039C	0.85038
279	YML085C	0.85037
280	YOL075C	0.85034
281	YLR249W	0.85004
282	YGR210C	0.84985
283	YMR056C	0.84962
284	YOR187W	0.84953
285	YNL113W	0.8495
286	YLR168C	0.84948
287	YDR519W	0.84943
288	YCR012W	0.84934
289	YPL246C	0.8493
290	YLR303W	0.84915
291	YER081W	0.84911
292	YLR170C	0.849
293	YNL014W	0.84895
294	YER023W	0.84885
295	YER190W	0.84884
296	YBR296C	0.84882
297	YKL033W-A	0.84881
298	YIL078W	0.84876
299	YML124C	0.84871
300	YPL051W	0.8486
301	YCR047C	0.84859
302	YBL113C	0.84857
303	YHR057C	0.84835
304	YBR085W	0.84832
305	YJL001W	0.84815
306	YPL129W	0.84813
307	YLR193C	0.84813
308	YOR317W	0.84805
309	YGR191W	0.84804
310	YER057C	0.84798
311	YOL162W	0.84798
312	YHL003C	0.84796
313	YJR124C	0.84791
314	YPR138C	0.8479
315	YKL216W	0.84782
316	YDR339C	0.84773
317	YHR065C	0.84765
318	YGR234W	0.84751
319	YNL142W	0.84749
320	YHR189W	0.84741
321	YJL121C	0.84738
322	YLR397C	0.84738
323	YER026C	0.84735
324	YBR154C	0.84735
325	YGL063W	0.84733
326	YPL275W	0.84721
327	YML001W	0.84718
328	YIR037W	0.84692
329	YER166W	0.84689
330	YKL104C	0.84681
331	YDR394W	0.84673
332	YLR058C	0.84662
333	YPR145W	0.84659
334	YER159C	0.84657
335	YOR270C	0.84657
336	YMR279C	0.84646
337	YDR328C	0.84643
338	YBL024W	0.84616
339	YAL061W	0.84572
340	YDR540C	0.84566
341	YER089C	0.84565
342	YEL034W	0.84564
343	YFL005W	0.84561
344	YOR347C	0.84555
345	YPR051W	0.84554
346	YLR034C	0.84545
347	YDL125C	0.84544
348	YEL046C	0.84531
349	YBR080C	0.84506
350	YER004W	0.84488
351	YGR296C-A	0.84487
352	YML133W-A	0.84487
353	YNL339W-A	0.84487
354	YER190C-A	0.84487
355	YPL283W-A	0.84487
356	YHL050C	0.84483
357	YBL068W	0.8447
358	YOR061W	0.84468
359	YGR055W	0.84461
360	YER171W	0.8446
361	YHR163W	0.84457
362	YGR060W	0.84444
363	YDL222C	0.84427
364	YNL307C	0.84424
365	YGL200C	0.84416
366	YKL146W	0.84405
367	YLR258W	0.8439
368	YGR248W	0.84379
369	YPL067C	0.84377
370	YJR104C	0.8437
371	YEL031W	0.84357
372	YGL062W	0.84353
373	YHL011C	0.8435
374	YJR073C	0.84337
375	YLR011W	0.84335
376	YOR362C	0.84321
377	YEL021W	0.84298
378	YDR046C	0.84291
379	YMR271C	0.84291
380	YJL030W	0.84281
381	YOL030W	0.84267
382	YCR060W	0.84247
383	YFR018C	0.84246
384	YJR074W	0.84242
385	YOR159C	0.8424
386	YOR117W	0.84228
387	YFL017W-A	0.84227
388	YNL274C	0.84227
389	YDR497C	0.84209
390	YOR381W	0.84208
391	YEL058W	0.84207
392	YDL164C	0.84195
393	YGL048C	0.84184
394	YBR298C	0.84183
395	YGL011C	0.84183
396	YER012W	0.84159
397	YMR116C	0.84159
398	YIR042C	0.84157
399	YER025W	0.84134
400	YER019W	0.8413
401	YGR253C	0.84129
402	YIL143C	0.84125
403	YJR152W	0.84117
404	YLR200W	0.84112
405	YPL244C	0.84105
406	YDR086C	0.84087
407	YJR153W	0.84084
408	YCR059C	0.8408
409	YPL154C	0.8408
410	YDR011W	0.84073
411	YLR130C	0.84069
412	YCR020C-A	0.84062
413	YIL120W	0.8406
414	YMR260C	0.84057
415	YLL067C	0.84055
416	YBR243C	0.84052
417	YEL037C	0.84048
418	YBR126C	0.84043
419	YKL145W	0.84042
420	YIL043C	0.84039
421	YDL230W	0.84038
422	YIL003W	0.84031
423	YGL087C	0.84026
424	YOR273C	0.84022
425	YDR135C	0.84021
426	YMR276W	0.84007
427	YOR388C	0.84004
428	YOR259C	0.83991
429	YGL234W	0.8399
430	YIL009W	0.8399
431	YBL078C	0.83985
432	YNL241C	0.83983
433	YER090W	0.83977
434	YER174C	0.83976
435	YLR216C	0.83957
436	YER178W	0.83957
437	YLR348C	0.83956
438	YEL030W	0.83953
439	YNL064C	0.83951
440	YCL035C	0.83943
441	YBR019C	0.83936
442	YPL259C	0.83933
443	YDR238C	0.83922
444	YBR218C	0.83922
445	YGR207C	0.8392
446	YDR508C	0.8392
447	YEL065W	0.83906
448	YER074W-A	0.839
449	YGR124W	0.83891
450	YOR157C	0.83889
451	YJL217W	0.83886
452	YOL151W	0.83882
453	YPL199C	0.83875
454	YKL152C	0.83874
455	YJR068W	0.83874
456	YGL126W	0.83865
457	YKL217W	0.83863
458	YDR297W	0.83846
459	YDR384C	0.83833
460	YER165W	0.83827
461	YCL040W	0.83826
462	YGR256W	0.83815
463	YBL050W	0.8381
464	YJR159W	0.83808
465	YDR375C	0.83793
466	YKL046C	0.83786
467	YGR132C	0.83775
468	YOR084W	0.83772
469	YOL103W	0.83771
470	YGR185C	0.83736
471	YJR047C	0.83735
472	YML057W	0.83721
473	YNL255C	0.83716
474	YAR007C	0.83705
475	YMR095C	0.83703
476	YOL147C	0.837
477	YBL021C	0.8369
478	YNL330C	0.83681
479	YHR135C	0.83679
480	YCR028C	0.83675
481	YPL028W	0.83659
482	YMR183C	0.83647
483	YOR323C	0.83629
484	YGR121C	0.83627
485	YFR009W	0.83613
486	YER062C	0.83608
487	YIL116W	0.83601
488	YOL139C	0.83593
489	YGL078C	0.83584
490	YMR307W	0.83562
491	YLR237W	0.83555
492	YFR014C	0.8355
493	YPR156C	0.83537
494	YDL182W	0.83531
495	YDL246C	0.8353
496	YOR027W	0.83528
497	YHR183W	0.83526
498	YBR159W	0.83524
499	YFL067W	0.83522
500	YLL018C	0.83516
501	YNR057C	0.83514
502	YIL177C	0.83513
503	YDR388W	0.83508
504	YBR249C	0.83504
505	YBL036C	0.83489
506	YJL225C	0.83481
507	YJR095W	0.83476
508	YKR093W	0.83461
509	YGL211W	0.83454
510	YNR032W	0.83441
511	YER185W	0.8344
512	YNR070W	0.83435
513	YMR236W	0.83433
514	YER055C	0.8343
515	YJR025C	0.8342
516	YLR438W	0.83419
517	YOL122C	0.83399
518	YIR035C	0.83393
519	YLR153C	0.8339
520	YER110C	0.8339
521	YDR050C	0.83388
522	YOL097C	0.83382
523	YLR134W	0.83379
524	YDL001W	0.83374
525	YKR080W	0.83363
526	YNL202W	0.83356
527	YBR221C	0.83354
528	YAL060W	0.8334
529	Q0275	0.83338
530	YJR017C	0.83336
531	YHR005C	0.83333
532	YGR203W	0.83327
533	YJL143W	0.83322
534	YMR146C	0.8331
535	YML106W	0.83305
536	YOL164W	0.83296
537	YPR016C	0.83295
538	YHR032W	0.83271
539	YKL220C	0.83268
540	YAL023C	0.83263
541	YDR276C	0.83261
542	YEL064C	0.83249
543	YOR131C	0.83249
544	YHR218W	0.83241
545	YOR126C	0.8324
546	YPL232W	0.83239
547	YER094C	0.83231
548	YPL245W	0.83214
549	YOL086C	0.83212
550	YNR050C	0.83208
551	YGL135W	0.83193
552	YPL220W	0.83193
553	YBR143C	0.83188
554	YGL097W	0.83187
555	YJR069C	0.83182
556	YGR224W	0.83162
557	YLL066C	0.83162
558	YOL005C	0.8316
559	YLR044C	0.83158
560	YDR541C	0.83156
561	YDR456W	0.8315
562	YPR062W	0.83148
563	YKR105C	0.83143
564	YAL049C	0.83132
565	YOR133W	0.83114
566	YER073W	0.83106
567	YER052C	0.83105
568	YDR304C	0.831
569	YGL002W	0.83092
570	YKL127W	0.8309
571	YGL047W	0.83082
572	YGR043C	0.83081
573	YFL056C	0.83075
574	YJL111W	0.83069
575	YBR145W	0.83065
576	YGL012W	0.83063
577	YPR080W	0.83058
578	YIL074C	0.83054
579	YHR019C	0.83054
580	YGL106W	0.83052
581	YMR108W	0.83052
582	YER043C	0.83044
583	YOR202W	0.8304
584	YGL157W	0.83031
585	YLR467W	0.83026
586	YDR545W	0.83026
587	YOR396W	0.83026
588	YGR267C	0.8302
589	YMR203W	0.83011
590	YFL026W	0.8299
591	YLL056C	0.82989
592	YER086W	0.82982
593	YDL052C	0.82981
594	YDR158W	0.82979
595	YHR026W	0.82968
596	YLR359W	0.82961
597	YFL037W	0.82958
598	YIL053W	0.82958
599	YIL124W	0.82956
600	YBR196C	0.82955
601	YIR028W	0.82954
602	YKL001C	0.82953
603	YEL038W	0.82933
604	YNR003C	0.82918
605	YHR107C	0.8291
606	YFR015C	0.82908
607	YNR064C	0.82903
608	YJR077C	0.829
609	YLR043C	0.82885
610	YOL133W	0.82884
611	YOR328W	0.82881
612	YER143W	0.82877
613	YNR060W	0.82868
614	YDR300C	0.82865
615	YML133C	0.82859
616	YDR258C	0.82854
617	YNL024C	0.82847
618	YKL094W	0.82838
619	YGR175C	0.82836
620	YAR035W	0.82834
621	YML008C	0.8283
622	YGL220W	0.82824
623	YPR103W	0.82824
624	YCL073C	0.82822
625	YER179W	0.82821
626	YGR020C	0.82819
627	YER146W	0.82812
628	YMR230W	0.82776
629	YNL339C	0.82759
630	YHR050W	0.82758
631	YCL009C	0.82757
632	YBR034C	0.82752
633	YPL283C	0.82751
634	YPR041W	0.82747
635	YGR296W	0.82746
636	YDL102W	0.82745
637	YOL084W	0.82739
638	YIL065C	0.8272
639	YER145C	0.82712
640	YJL055W	0.82708
641	YGL039W	0.82705
642	YNL281W	0.82697
643	YNL044W	0.82694
644	YML078W	0.82687
645	YJR007W	0.82687
646	YLR251W	0.82675
647	YLR208W	0.82672
648	YOR283W	0.82668
649	YKR106W	0.82664
650	YDR177W	0.82663
651	YEL011W	0.82659
652	YPL274W	0.82651
653	YER007C-A	0.82645
654	YDR090C	0.82626
655	YCR073W-A	0.82613
656	YGL221C	0.8261
657	YDR272W	0.82609
658	YML021C	0.82604
659	YLR338W	0.82599
660	YOR293W	0.82597
661	YLR155C	0.82594
662	YLR160C	0.82594
663	YLR157C	0.82594
664	YLR158C	0.82594
665	YFL018C	0.82593
666	YGR213C	0.82566
667	YMR303C	0.82559
668	YER003C	0.82556
669	YLR005W	0.82555
670	YOR380W	0.82552
671	YMR197C	0.82548
672	YDR408C	0.82546
673	YBR222C	0.82539
674	YBR263W	0.82521
675	YCL074W	0.82518
676	YPL235W	0.82512
677	YAL054C	0.8251
678	YIR022W	0.82504
679	YML094W	0.82489
680	YLR268W	0.82483
681	YDL014W	0.82483
682	YOR326W	0.82482
683	YGR279C	0.82478
684	YAR073W	0.82474
685	YLR069C	0.82473
686	YDR023W	0.82472
687	YGR065C	0.82472
688	YMR214W	0.82472
689	YDR033W	0.8247
690	YMR205C	0.82462
691	YDL210W	0.82461
692	YLR186W	0.82438
693	YDR084C	0.82428
694	YPL276W	0.82415
695	YPL175W	0.82413
696	YGR289C	0.82413
697	YOR020C	0.82407
698	YJR148W	0.82394
699	YLR433C	0.8239
700	YJR112W-A	0.82385
701	YBL091C-A	0.82384
702	YOR192C	0.82364
703	YBR043C	0.82355
704	YCR057C	0.82351
705	YEL020W-A	0.82343
706	YEL013W	0.82342
707	YMR202W	0.8234
708	YJR160C	0.82328
709	YBR088C	0.82327
710	YNL264C	0.82326
711	YBL091C	0.82324
712	YPR033C	0.82309
713	YMR071C	0.82302
714	YDL144C	0.82298
715	YLR289W	0.8228
716	YKR053C	0.82279
717	YNL275W	0.8226
718	YJL094C	0.82256
719	YNL323W	0.82254
720	YPR028W	0.82253
721	YKL207W	0.8225
722	YGR260W	0.82249
723	YCR048W	0.82244
724	YJR049C	0.82222
725	YBR038W	0.82217
726	YPR035W	0.82211
727	YLR243W	0.82211
728	YLL018C-A	0.82207
729	YBL041W	0.82204
730	YDL243C	0.82202
731	YPR181C	0.82201
732	YHR208W	0.82197
733	YBR054W	0.82193
734	YBR265W	0.8219
735	YJR139C	0.8219
736	YCR021C	0.82182
737	YPL265W	0.82179
738	YPR149W	0.82179
739	YMR105C	0.82176
740	YNL072W	0.82167
741	YAL064W-B	0.82167
742	YBR068C	0.82162
743	YGL163C	0.82147
744	YDL086W	0.82143
745	YLR028C	0.82129
746	YDR516C	0.82124
747	YBL082C	0.82122
748	YJL218W	0.82111
749	YPL086C	0.82109
750	YJL212C	0.82104
751	YGL099W	0.82095
752	YLR213C	0.82092
753	YJR143C	0.82091
754	YMR305C	0.82087
755	YIL109C	0.82079
756	YOR327C	0.8206
757	YOL055C	0.8206
758	YMR235C	0.8206
759	YAL044W-A	0.82058
760	YPL015C	0.82057
761	YIL165C	0.82055
762	YPR088C	0.82053
763	YNL154C	0.82044
764	YMR221C	0.82039
765	YMR278W	0.82039
766	YLR060W	0.82036
767	YIL118W	0.82032
768	YDR093W	0.8203
769	YML014W	0.82028
770	YPL046C	0.82024
771	YMR301C	0.8202
772	YJL012C	0.82005
773	YML116W	0.82003
774	YKL078W	0.81998
775	YCL017C	0.81995
776	YOR128C	0.81993
777	YOL132W	0.81984
778	YDL087C	0.81968
779	YGR180C	0.81967
780	YLR340W	0.81964
781	YCL069W	0.81956
782	YKR038C	0.81951
783	YLL061W	0.81947
784	YNL095C	0.81941
785	YFR004W	0.81941
786	YDL057W	0.81938
787	YMR315W	0.81933
788	YOR265W	0.81931
789	YBR006W	0.81925
790	YDL131W	0.81925
791	YKL067W	0.81924
792	YPR086W	0.8192
793	YKL164C	0.81919
794	YBR078W	0.81916
795	YLR059C	0.81915
796	YJL035C	0.81915
797	YDR120C	0.81904
798	YFL060C	0.81904
799	YDL103C	0.81903
800	YMR308C	0.81903
801	YGL043W	0.81903
802	YBL003C	0.81901
803	YDL201W	0.81896
804	YLR092W	0.81892
805	YFL017C	0.81886
806	YLR245C	0.81885
807	YDR047W	0.81882
808	YCL010C	0.81879
809	YHR048W	0.81877
810	YDR397C	0.8187
811	YDR225W	0.81858
812	YKR026C	0.81857
813	YOR071C	0.81855
814	YHR170W	0.81854
815	YPL010W	0.81854
816	YGL137W	0.81852
817	YBL076C	0.81851
818	YNL259C	0.81848
819	YDR074W	0.8183
820	YLR126C	0.81829
821	YIL020C	0.81826
822	YJR015W	0.81821
823	YKL002W	0.81818
824	YPL187W	0.81798
825	YDR294C	0.81796
826	YLR195C	0.81783
827	YCL033C	0.81779
828	YMR318C	0.81776
829	YBR114W	0.81773
830	YDR098C	0.81771
831	YGR209C	0.81768
832	YLR004C	0.81764
833	YMR080C	0.81757
834	YLL055W	0.81753
835	YBR020W	0.81751
836	YGL026C	0.81744
837	YOR339C	0.81739
838	YJR001W	0.81737
839	YGR214W	0.81732
840	YNL125C	0.81729
841	YHR132C	0.81717
842	YMR058W	0.81714
843	YMR243C	0.81699
844	YOL110W	0.81694
845	YNL335W	0.81691
846	YFL061W	0.81691
847	YOR236W	0.81684
848	YOR321W	0.81677
849	YNL055C	0.81671
850	YKL210W	0.81668
851	YFR044C	0.81664
852	YNL148C	0.81654
853	YIL064W	0.81649
854	YHR005C-A	0.81644
855	YGR131W	0.81641
856	YJL024C	0.81639
857	YDR062W	0.81636
858	YNL331C	0.81629
859	YDL208W	0.81626
860	YNR043W	0.81624
861	YPL169C	0.81621
862	YNL334C	0.81618
863	YLR244C	0.81599
864	YDR063W	0.81598
865	YOL090W	0.81597
866	YLR291C	0.81595
867	YJL216C	0.81593
868	YCR034W	0.81589
869	YDR045C	0.81583
870	YMR186W	0.81581
871	YBL111C	0.81581
872	YNL111C	0.81574
873	YOR092W	0.81571
874	YKL128C	0.81571
875	YJL159W	0.81568
876	YBL042C	0.81568
877	YMR238W	0.8156
878	YDR037W	0.8156
879	YJL198W	0.81548
880	Q0045	0.81537
881	YLR027C	0.81527
882	YPL240C	0.81525
883	YKR014C	0.81523
884	YKL157W	0.81522
885	YPL111W	0.81514
886	YIL094C	0.81512
887	YHR042W	0.81507
888	YCR027C	0.815
889	YGL119W	0.81497
890	YML079W	0.81496
891	YHR174W	0.81496
892	YNR032C-A	0.81492
893	YGR254W	0.81491
894	YBR256C	0.81482
895	YLR354C	0.81478
896	YDL018C	0.81461
897	YOR006C	0.81459
898	YBR137W	0.81456
899	YHR047C	0.81455
900	YPL237W	0.81446
901	YLR167W	0.81444
902	YIL001W	0.81437
903	YGR031W	0.81429
904	YAR050W	0.81414
905	YJL008C	0.81413
906	YLR326W	0.81412
907	YGR163W	0.81408
908	YPR108W	0.81407
909	YBR244W	0.81401
910	YIL145C	0.81397
911	YIL048W	0.81394
912	YJL052W	0.81383
913	YOR375C	0.81381
914	YDL095W	0.81378
915	YHR175W	0.81378
916	YOL066C	0.81374
917	YGR204W	0.81371
918	YGL130W	0.81368
919	YLL008W	0.81363
920	YLR355C	0.81362
921	YHR013C	0.81358
922	YNL130C	0.81348
923	YDL236W	0.81343
924	YNL191W	0.81343
925	YFR055W	0.81332
926	YDL046W	0.81325
927	YER053C	0.8131
928	YDR267C	0.81307
929	YMR266W	0.81307
930	YPL226W	0.81303
931	YMR297W	0.81301
932	YOL163W	0.81301
933	YFL053W	0.81283
934	YMR314W	0.81281
935	YIL021W	0.81272
936	YPL043W	0.81267
937	YHR068W	0.81266
938	YLR367W	0.81262
939	YPR074C	0.81262
940	YAL030W	0.81261
941	YMR120C	0.81256
942	YIL155C	0.81253
943	YJL033W	0.81251
944	YML101C	0.8124
945	YAL012W	0.81232
946	YMR217W	0.81214
947	YLR259C	0.81209
948	YDR190C	0.81209
949	YBR287W	0.81207
950	YPR194C	0.81206
951	YJL079C	0.81204
952	YJR009C	0.81202
953	YBR121C	0.81202
954	YDL135C	0.81195
955	YMR169C	0.81192
956	YNL134C	0.81191
957	YBR021W	0.81185
958	YNR071C	0.81184
959	YPL093W	0.81175
960	YHR044C	0.81175
961	YBR210W	0.81169
962	YDL247W	0.81148
963	YOR013W	0.81144
964	YOR103C	0.81143
965	YHR025W	0.81135
966	YLR378C	0.8113
967	YIL160C	0.81129
968	YKL113C	0.81129
969	YBR264C	0.81129
970	YAL042W	0.81128
971	YBR235W	0.81112
972	YHR043C	0.81105
973	YBL057C	0.81105
974	YJR096W	0.81097
975	YDR116C	0.81097
976	YPR082C	0.81094
977	YHR123W	0.81094
978	YAL064C-A	0.81093
979	YMR210W	0.81093
980	YMR241W	0.81087
981	YBR294W	0.81085
982	YBR202W	0.81083
983	YGL186C	0.81081
984	YPL094C	0.81051
985	YGR286C	0.8105
986	YNR048W	0.8105
987	YDR172W	0.81044
988	YHR190W	0.81043
989	YNL153C	0.81039
990	YDR212W	0.81039
991	YOR101W	0.81038
992	YKL148C	0.81029
993	YPL204W	0.81029
994	YDL007W	0.81022
995	YOL058W	0.81021
996	YHR219W	0.81012
997	YPL221W	0.81009
998	YPR011C	0.81004
999	YHR063C	0.81003
1000	YJL190C	0.80988
1001	YLR188W	0.80984
1002	YMR090W	0.8098
1003	YIR012W	0.8098
1004	YBR035C	0.80972
1005	YHR074W	0.80967
1006	YOL002C	0.80965
1007	YDR270W	0.80954
1008	YJL134W	0.80953
1009	YDR232W	0.80952
1010	YIL142W	0.80952
1011	YNR034W	0.80947
1012	YIL162W	0.80947
1013	YKR068C	0.80943
1014	YLR121C	0.80942
1015	YER015W	0.8094
1016	YDL140C	0.80932
1017	YDR402C	0.80915
1018	YAL062W	0.80915
1019	YML080W	0.80912
1020	YMR022W	0.80908
1021	YNL007C	0.80902
1022	YLR432W	0.80879
1023	YMR008C	0.80875
1024	YLR209C	0.80874
1025	YKL117W	0.80866
1026	YKL211C	0.80863
1027	YCL018W	0.80862
1028	YEL039C	0.80851
1029	YDR411C	0.80848
1030	YML028W	0.80847
1031	YFL041W	0.80845
1032	YDR438W	0.80843
1033	YGL201C	0.80842
1034	YGR197C	0.80839
1035	YDR448W	0.80835
1036	YPR110C	0.80826
1037	YHR089C	0.80824
1038	YPL160W	0.80822
1039	YPL213W	0.80818
1040	YPL092W	0.80809
1041	YHR064C	0.80802
1042	YGL006W	0.80791
1043	YNL277W	0.80786
1044	YPL091W	0.80776
1045	YKL080W	0.80773
1046	YMR138W	0.80763
1047	YDR140W	0.80754
1048	YNL231C	0.80744
1049	YNL075W	0.80743
1050	YPL135W	0.80742
1051	YPL258C	0.80729
1052	YGR135W	0.80728
1053	YDR368W	0.80725
1054	YKL035W	0.80725
1055	YFR051C	0.80721
1056	YKL013C	0.80717
1057	YDL051W	0.80716
1058	YCR051W	0.80715
1059	YJR116W	0.80714
1060	YLR048W	0.80713
1061	YGL077C	0.80711
1062	YJR014W	0.80696
1063	YOR004W	0.80693
1064	YBR295W	0.80684
1065	YLL063C	0.80681
1066	YPR193C	0.80672
1067	YIL114C	0.80663
1068	YNL123W	0.80659
1069	YOR087W	0.80658
1070	YMR178W	0.80657
1071	YCR004C	0.80642
1072	YNL104C	0.80641
1073	YHR193C	0.80637
1074	YDL212W	0.80635
1075	YOR393W	0.80627
1076	YPL281C	0.80627
1077	YMR323W	0.80622
1078	YOL124C	0.80598
1079	YNL185C	0.80597
1080	YOR222W	0.80596
1081	YDR148C	0.80595
1082	YOR036W	0.80593
1083	YGL022W	0.80588
1084	YBL022C	0.80586
1085	YLR277C	0.8058
1086	YNL138W	0.80571
1087	YDR533C	0.80569
1088	YBL039C	0.80566
1089	YPR081C	0.8056
1090	YPR163C	0.80558
1091	YPR004C	0.80558
1092	YBR291C	0.80557
1093	YGL100W	0.80544
1094	YIR026C	0.80536
1095	YNL071W	0.80535
1096	YDR280W	0.80534
1097	YEL040W	0.80533
1098	YJR048W	0.80533
1099	YAR015W	0.8052
1100	YML056C	0.80506
1101	YJR063W	0.80502
1102	YGL105W	0.80496
1103	YIR009W	0.80491
1104	YDR032C	0.80491
1105	YAL016W	0.80479
1106	YCR068W	0.80477
1107	YBR242W	0.80468
1108	YPR160W	0.80468
1109	YIL010W	0.80467
1110	YFR031C	0.80446
1111	YMR054W	0.80446
1112	YGR100W	0.80442
1113	YDR001C	0.80441
1114	YBR228W	0.80438
1115	YJL179W	0.80434
1116	YIL088C	0.80433
1117	YPR180W	0.80428
1118	YNR041C	0.80421
1119	YDR453C	0.80421
1120	YOR298C-A	0.80412
1121	YMR027W	0.80405
1122	YPL006W	0.80398
1123	YLR286C	0.80393
1124	YJL208C	0.80387
1125	YPL206C	0.80381
1126	YLR137W	0.80377
1127	YER069W	0.80373
1128	YPR121W	0.80354
1129	YER044C	0.80353
1130	YDR214W	0.80351
1131	YHL018W	0.80345
1132	YJL065C	0.80345
1133	YIR034C	0.80344
1134	YOR332W	0.80344
1135	YGL207W	0.80339
1136	YAL063C	0.80338
1137	YGL037C	0.80338
1138	YDL124W	0.80337
1139	YKL008C	0.80337
1140	YDL132W	0.80334
1141	YDL147W	0.80323
1142	YNL220W	0.80311
1143	YKL039W	0.80306
1144	YKL184W	0.80303
1145	YCR075C	0.80303
1146	YJR155W	0.80301
1147	YER017C	0.80298
1148	YJL145W	0.80292
1149	YMR224C	0.80275
1150	YLR118C	0.80272
1151	YGL252C	0.80267
1152	YCL043C	0.80266
1153	YKL086W	0.8026
1154	YKR013W	0.80256
1155	YGR087C	0.80246
1156	YGL010W	0.80244
1157	YLR175W	0.80242
1158	YHR148W	0.80239
1159	YGR247W	0.80234
1160	YLR364W	0.8023
1161	YLR384C	0.80218
1162	YLR351C	0.80215
1163	YHR191C	0.80214
1164	YKR097W	0.80211
1165	YJL045W	0.8021
1166	YMR285C	0.80195
1167	YPL134C	0.80195
1168	YGR085C	0.80194
1169	YDL123W	0.80192
1170	YOR095C	0.80191
1171	YKL053C-A	0.80184
1172	YKL021C	0.80183
1173	YIR019C	0.80182
1174	YER175C	0.80181
1175	YEL041W	0.80181
1176	YDR487C	0.80176
1177	YMR194C-B	0.80169
1178	YGR007W	0.80138
1179	YJL136C	0.80137
1180	YBL105C	0.8013
1181	YNL222W	0.80129
1182	YGR028W	0.8012
1183	YBR170C	0.80118
1184	YCL036W	0.80118
1185	YDR321W	0.80116
1186	YBR029C	0.80113
1187	YOL065C	0.8011
1188	YPL211W	0.80106
1189	YHR216W	0.80106
1190	YNL108C	0.80087
1191	YMR170C	0.80081
1192	YNL240C	0.8008
1193	YNR020C	0.80075
1194	YKL163W	0.80069
1195	YPR024W	0.80067
1196	YGR192C	0.80055
1197	YPR102C	0.80053
1198	YGL115W	0.80051
1199	YDR007W	0.80041
1200	YOR246C	0.80039
1201	YGR246C	0.8003
1202	YLR146C	0.80029
1203	YNL132W	0.80015
1204	YMR288W	0.80012
1205	YFR028C	0.80005
1206	YBR155W	0.8
1207	YBR132C	0.8
1208	YOR217W	0.79994
1209	YNR015W	0.7999
1210	YCR011C	0.79986
1211	YOL059W	0.79985
1212	YBR286W	0.79977
1213	YOR108W	0.79976
1214	YGR240C	0.79964
1215	YML125C	0.79957
1216	YKR057W	0.79953
1217	YOR096W	0.7995
1218	YLL029W	0.79942
1219	YKL059C	0.79941
1220	YOL137W	0.79941
1221	YDR111C	0.79934
1222	YMR272C	0.79929
1223	YJR129C	0.7992
1224	YHL036W	0.79919
1225	YBR046C	0.79912
1226	YOR142W	0.79906
1227	YJR010C-A	0.79905
1228	YOR358W	0.79903
1229	YGL122C	0.79898
1230	YOR163W	0.79897
1231	YJL210W	0.79897
1232	YLR172C	0.7989
1233	YOL016C	0.7988
1234	YIL169C	0.79879
1235	YHR144C	0.79876
1236	YLR262C	0.79864
1237	YJR024C	0.7986
1238	YLR426W	0.79859
1239	YPL042C	0.79856
1240	YMR084W	0.79848
1241	YLR342W	0.79834
1242	YBR025C	0.79826
1243	YNL312W	0.79825
1244	YDL049C	0.79823
1245	YGL017W	0.79819
1246	YOR040W	0.79809
1247	YHR129C	0.79808
1248	YBL029C-A	0.79803
1249	YOR011W	0.79798
1250	YBR117C	0.79793
1251	YNL200C	0.7979
1252	YMR215W	0.79783
1253	YKR018C	0.79777
1254	YGR200C	0.79761
1255	YOR086C	0.7976
1256	YLR328W	0.79759
1257	YLR420W	0.79755
1258	YHR111W	0.79753
1259	YNL065W	0.7975
1260	YCR036W	0.79729
1261	YOR306C	0.79725
1262	YNL237W	0.79724
1263	YBR127C	0.79723
1264	YHR211W	0.79713
1265	YDR381W	0.79712
1266	YHR210C	0.79705
1267	YPL095C	0.79695
1268	YOR168W	0.79693
1269	YCL030C	0.79688
1270	YFL057C	0.79686
1271	YLL023C	0.79675
1272	YLR017W	0.79672
1273	YDR291W	0.79671
1274	YDR513W	0.7967
1275	YKL084W	0.79669
1276	YOR243C	0.79666
1277	YLR411W	0.79664
1278	YML068W	0.79663
1279	YGL139W	0.79662
1280	YOL129W	0.79652
1281	YNR046W	0.79647
1282	YNL096C	0.79647
1283	YPL059W	0.79645
1284	YGR287C	0.79643
1285	YDR429C	0.79642
1286	YKR043C	0.79631
1287	YER136W	0.79627
1288	YBL099W	0.79613
1289	YBR069C	0.79611
1290	YNL021W	0.79606
1291	YKL120W	0.79602
1292	YPL212C	0.79602
1293	YMR143W	0.79601
1294	YDL083C	0.79601
1295	YOL093W	0.79587
1296	YLR398C	0.79587
1297	YAL003W	0.79585
1298	YGR244C	0.79585
1299	YEL032W	0.79582
1300	YDR392W	0.79577
1301	YMR089C	0.79571
1302	YCR061W	0.79569
1303	YDR465C	0.79565
1304	YJR132W	0.79563
1305	YOL157C	0.79561
1306	YBL023C	0.79557
1307	YBL015W	0.79548
1308	YOR384W	0.79541
1309	YAL067C	0.79534
1310	YMR069W	0.79534
1311	YGR155W	0.79526
1312	YGL212W	0.79519
1313	YPL013C	0.79514
1314	YBR037C	0.79511
1315	YEL042W	0.79507
1316	YJL171C	0.79494
1317	YPR188C	0.79493
1318	YDR525W-A	0.79493
1319	YOR361C	0.7949
1320	YEL047C	0.79479
1321	YLR377C	0.79476
1322	YML087C	0.79475
1323	YER006W	0.79474
1324	YBR112C	0.7946
1325	YBR180W	0.79458
1326	YGR021W	0.79456
1327	YOL142W	0.79447
1328	YKL114C	0.79439
1329	YOL086W-A	0.79434
1330	YMR009W	0.79422
1331	YML067C	0.79417
1332	YHR203C	0.79406
1333	YJR145C	0.79406
1334	YAL007C	0.79403
1335	YPR131C	0.79397
1336	YGR032W	0.79396
1337	YBL089W	0.79393
1338	YGL020C	0.79388
1339	YPR176C	0.79383
1340	YGR048W	0.79374
1341	YKL027W	0.7937
1342	YOL020W	0.79368
1343	YPL151C	0.79364
1344	YKL060C	0.79361
1345	YFR010W	0.7936
1346	YOL125W	0.79353
1347	YLR220W	0.7935
1348	YGR095C	0.79348
1349	YOL092W	0.79347
1350	YDR224C	0.79346
1351	YJL068C	0.79344
1352	YFR047C	0.79343
1353	YLR152C	0.79342
1354	YJR084W	0.79342
1355	YDR313C	0.79335
1356	YIL172C	0.79333
1357	YJL221C	0.79333
1358	YDL217C	0.79322
1359	YOR099W	0.79318
1360	YCR105W	0.79315
1361	YHL017W	0.79313
1362	YNR011C	0.7931
1363	YOR303W	0.79303
1364	YDL155W	0.79302
1365	YOL119C	0.79298
1366	YKL107W	0.79292
1367	YML010W	0.79292
1368	YLR038C	0.79288
1369	YDR167W	0.79284
1370	YLR330W	0.79271
1371	YML098W	0.79268
1372	YDR418W	0.79268
1373	YEL054C	0.79268
1374	YIL166C	0.79266
1375	YDR055W	0.79266
1376	YDR105C	0.79262
1377	YMR099C	0.79261
1378	YJR117W	0.79255
1379	YIL062C	0.79247
1380	YJR070C	0.79212
1381	YBR220C	0.79201
1382	YBL002W	0.79198
1383	YKR040C	0.79191
1384	YPL170W	0.79187
1385	YDR019C	0.79185
1386	YOR120W	0.79176
1387	YOR048C	0.79165
1388	YEL024W	0.79153
1389	YNR027W	0.79148
1390	YER183C	0.79144
1391	YBR115C	0.79144
1392	YOR226C	0.79144
1393	YNL061W	0.79143
1394	YJL060W	0.79133
1395	YGL171W	0.79114
1396	YOL073C	0.79111
1397	YDL174C	0.79101
1398	YCR072C	0.79095
1399	YLR447C	0.79092
1400	YJR013W	0.79089
1401	YJL124C	0.79083
1402	YPR058W	0.79077
1403	YGR037C	0.79077
1404	YHR020W	0.79075
1405	YIL035C	0.79069
1406	YBR139W	0.79063
1407	YBL040C	0.79059
1408	YGL206C	0.79059
1409	YPL127C	0.79056
1410	YBR087W	0.79047
1411	YDR488C	0.79039
1412	YKL213C	0.79026
1413	YKL151C	0.79022
1414	YBR234C	0.79018
1415	YNR013C	0.79007
1416	YML092C	0.79001
1417	YLR276C	0.79001
1418	YJL155C	0.79001
1419	YOR007C	0.78999
1420	YLR129W	0.78989
1421	YOL062C	0.78984
1422	YLR074C	0.78973
1423	YBR002C	0.78972
1424	YDR182W-A	0.78972
1425	YDR009W	0.78971
1426	YEL020C	0.78964
1427	YBR011C	0.78964
1428	YKL029C	0.78963
1429	YPR128C	0.78957
1430	YML077W	0.78954
1431	YKL181W	0.78942
1432	YLR241W	0.78936
1433	YOL034W	0.78922
1434	YKL069W	0.78903
1435	YMR319C	0.78903
1436	YNL067W	0.78885
1437	YBR245C	0.78875
1438	YNL232W	0.78867
1439	YMR173W-A	0.7886
1440	YLL052C	0.78859
1441	YBR254C	0.78857
1442	YKR012C	0.78853
1443	YKR066C	0.78848
1444	YGL101W	0.78845
1445	YFR032C	0.78836
1446	YDR534C	0.78835
1447	YEL060C	0.78834
1448	YCR053W	0.78826
1449	YNL305C	0.78819
1450	YOR374W	0.78811
1451	YKR009C	0.78811
1452	YDR100W	0.78803
1453	YKL009W	0.788
1454	YOR155C	0.78796
1455	YNL194C	0.78794
1456	YGL245W	0.78793
1457	YOR335C	0.7878
1458	YNL280C	0.78777
1459	YNR019W	0.78772
1460	YAL053W	0.78767
1461	YHR112C	0.78767
1462	YGR277C	0.78762
1463	YJR109C	0.7876
1464	YMR145C	0.78759
1465	YKR095W-A	0.78746
1466	YJR085C	0.78742
1467	YLR070C	0.78734
1468	YBR177C	0.78728
1469	YKL160W	0.78726
1470	YMR083W	0.78721
1471	YPR167C	0.7872
1472	YOR292C	0.7872
1473	YDR121W	0.78713
1474	YPR034W	0.78711
1475	YKL135C	0.78709
1476	YNL099C	0.78706
1477	YLR046C	0.78701
1478	YHR029C	0.787
1479	YJR131W	0.787
1480	YAL044C	0.78698
1481	YHL006C	0.78695
1482	YOL080C	0.78693
1483	YER142C	0.78684
1484	YBR183W	0.78682
1485	YLR369W	0.78679
1486	YLR055C	0.78678
1487	YDR035W	0.78677
1488	YOL140W	0.78677
1489	YPL208W	0.78668
1490	YGR271W	0.78668
1491	YFL028C	0.78653
1492	YJR072C	0.78652
1493	YGR092W	0.78644
1494	YBR073W	0.78642
1495	YPL050C	0.78634
1496	YIR008C	0.78634
1497	YCR020C	0.78634
1498	YLR218C	0.78631
1499	YKR051W	0.78621
1500	YOR316C	0.78615
1501	YOL012C	0.78612
1502	YBR236C	0.7861
1503	YIR002C	0.78606
1504	YJL002C	0.78604
1505	YGR245C	0.78603
1506	YKL028W	0.78601
1507	YKL191W	0.78599
1508	YDR399W	0.78598
1509	YPR003C	0.78584
1510	YGR159C	0.7857
1511	YBR153W	0.7857
1512	YJL174W	0.78568
1513	YER091C	0.78566
1514	YCL011C	0.78558
1515	YER156C	0.78551
1516	YOR196C	0.78549
1517	YML038C	0.78547
1518	YBR092C	0.78544
1519	YKR050W	0.78543
1520	YHR031C	0.78533
1521	YGL224C	0.78527
1522	YGR172C	0.78526
1523	YMR093W	0.78513
1524	YML052W	0.78511
1525	YCR107W	0.785
1526	YOL077C	0.78499
1527	YOR024W	0.78496
1528	YMR113W	0.78476
1529	YHR040W	0.78476
1530	YDL238C	0.78472
1531	YOR250C	0.78471
1532	YFL022C	0.78469
1533	YLR429W	0.78459
1534	YER152C	0.78452
1535	YOL165C	0.78448
1536	YEL059C-A	0.78447
1537	YAL029C	0.78445
1538	YOR079C	0.7844
1539	YOR145C	0.7843
1540	YOR304W	0.78429
1541	YLR179C	0.78413
1542	YIL153W	0.78408
1543	YPL122C	0.78406
1544	YGR063C	0.78394
1545	YMR006C	0.78383
1546	YJR020W	0.78383
1547	YIL051C	0.78379
1548	YLR372W	0.78376
1549	YGL147C	0.78367
1550	YAL039C	0.78361
1551	YHR142W	0.78356
1552	YHR027C	0.78352
1553	YKL212W	0.78352
1554	YLR078C	0.78349
1555	YIL103W	0.78336
1556	YEL052W	0.7833
1557	YDR502C	0.78327
1558	YOL112W	0.78315
1559	YKR081C	0.78296
1560	YKL081W	0.78294
1561	YKL004W	0.78274
1562	YGR029W	0.78274
1563	YLR412W	0.78271
1564	YNR026C	0.7826
1565	YCR023C	0.78256
1566	YBR015C	0.78241
1567	YFL059W	0.78235
1568	YPL012W	0.78232
1569	YPL214C	0.78226
1570	YDR468C	0.78226
1571	YBR058C	0.78223
1572	YGR262C	0.78222
1573	YDR441C	0.78221
1574	YDR378C	0.78219
1575	YOR049C	0.7821
1576	YFL002C	0.78209
1577	YPL048W	0.78202
1578	YLR214W	0.78198
1579	YEL071W	0.78197
1580	YBR248C	0.78195
1581	YLL014W	0.78184
1582	YLL034C	0.78184
1583	YGR264C	0.78182
1584	YPL153C	0.78175
1585	YHR179W	0.78169
1586	YDL190C	0.78168
1587	YBR283C	0.78162
1588	Q0085	0.78159
1589	YDR188W	0.78159
1590	YLR008C	0.78155
1591	YGL148W	0.78147
1592	YPR019W	0.78142
1593	YMR020W	0.78141
1594	YJL128C	0.78139
1595	YNL037C	0.78135
1596	YHR108W	0.78132
1597	YFR024C-A	0.78132
1598	YHL015W	0.78131
1599	YBL011W	0.78128
1600	YKL091C	0.78127
1601	YPL004C	0.78122
1602	YPL171C	0.78121
1603	YEL001C	0.78119
1604	YBR003W	0.7811
1605	YJR103W	0.78094
1606	YNL333W	0.78092
1607	YBL032W	0.78089
1608	YAL022C	0.78088
1609	YGR292W	0.78084
1610	YDR056C	0.78083
1611	YHR046C	0.7808
1612	YHR012W	0.78075
1613	YLR383W	0.78074
1614	YLR304C	0.78073
1615	YER013W	0.78068
1616	YHR182C-A	0.78066
1617	YMR220W	0.78046
1618	YBL001C	0.78046
1619	YOR285W	0.78042
1620	YER168C	0.78042
1621	YIL108W	0.78041
1622	YER170W	0.78031
1623	YOR074C	0.78008
1624	YGR173W	0.78007
1625	YLR022C	0.78003
1626	YDL080C	0.77995
1627	YDR447C	0.7799
1628	YNL117W	0.77989
1629	YDR264C	0.77987
1630	YPR107C	0.77984
1631	YOR367W	0.77977
1632	YJL153C	0.77977
1633	YMR253C	0.77975
1634	YGR010W	0.77974
1635	YML075C	0.77972
1636	YML064C	0.77963
1637	YLR307W	0.77962
1638	YIR027C	0.77957
1639	YCR017C	0.77957
1640	YLR180W	0.77954
1641	YIR031C	0.77952
1642	YAL021C	0.77949
1643	YHL026C	0.77947
1644	YJR040W	0.77942
1645	YCR069W	0.77932
1646	YNL057W	0.77931
1647	YBR091C	0.77928
1648	YDL072C	0.77918
1649	YGL198W	0.77917
1650	YGR094W	0.77913
1651	YCR037C	0.7791
1652	YML024W	0.7791
1653	YDR305C	0.77908
1654	YOR055W	0.77894
1655	YJR016C	0.77893
1656	YDL145C	0.77892
1657	YBR299W	0.77888
1658	YDR083W	0.77865
1659	YOL006C	0.77862
1660	YDR483W	0.77861
1661	YCL042W	0.77854
1662	YGL208W	0.77853
1663	YMR262W	0.77849
1664	YLR100W	0.77839
1665	YGR082W	0.77835
1666	YFL016C	0.77835
1667	YLR253W	0.77824
1668	YDR490C	0.77824
1669	YLR145W	0.77822
1670	YFR006W	0.77806
1671	YBR039W	0.77791
1672	YPR127W	0.7779
1673	YDR287W	0.7778
1674	YBR204C	0.77779
1675	YDR530C	0.77768
1676	YGL055W	0.77767
1677	YGL242C	0.77762
1678	YBR053C	0.77761
1679	YMR085W	0.77758
1680	YPL131W	0.77758
1681	YBL007C	0.77754
1682	YHL042W	0.77752
1683	YNL329C	0.77751
1684	YOR391C	0.77749
1685	YHR143W-A	0.7774
1686	YBR041W	0.77735
1687	YBR101C	0.7773
1688	YER018C	0.77722
1689	YER120W	0.77717
1690	YBR267W	0.77716
1691	YPR054W	0.77706
1692	YMR251W	0.77698
1693	YML131W	0.77697
1694	YOR356W	0.77695
1695	YKR104W	0.77676
1696	YMR167W	0.77669
1697	YJL151C	0.77663
1698	YNL326C	0.77654
1699	YLR399C	0.77649
1700	YNR074C	0.77643
1701	YKL186C	0.77643
1702	YPL236C	0.77643
1703	YOR184W	0.77639
1704	YGR195W	0.77614
1705	YIL013C	0.77612
1706	YFL034C-A	0.77612
1707	YDR352W	0.77611
1708	YLL041C	0.77608
1709	YHR104W	0.77608
1710	YGL095C	0.77606
1711	YOR351C	0.77595
1712	YPL113C	0.77584
1713	YOR280C	0.7758
1714	YLR197W	0.77571
1715	YMR132C	0.77568
1716	YDL110C	0.77554
1717	YJL087C	0.77554
1718	YBR014C	0.77542
1719	YMR250W	0.77536
1720	YDR127W	0.77533
1721	YJR151C	0.7753
1722	YKR001C	0.77518
1723	YMR225C	0.77517
1724	YIL033C	0.77513
1725	YKL221W	0.7751
1726	YDL081C	0.77495
1727	YKL126W	0.77494
1728	YOL009C	0.77489
1729	YLR300W	0.77487
1730	YLR449W	0.77479
1731	YDL218W	0.77474
1732	YOL008W	0.77467
1733	YBR001C	0.77465
1734	YJR146W	0.77463
1735	YEL003W	0.7746
1736	YFL030W	0.7746
1737	YNL141W	0.77459
1738	YDR263C	0.77455
1739	YJL059W	0.77448
1740	YDR492W	0.77442
1741	YGL104C	0.77427
1742	YOR151C	0.77423
1743	YOR175C	0.77422
1744	YBR017C	0.77419
1745	YML074C	0.77415
1746	YKR088C	0.77414
1747	YHL034C	0.77414
1748	YOR065W	0.77403
1749	YNL087W	0.77397
1750	YMR101C	0.7739
1751	YGL205W	0.77382
1752	YLL058W	0.77378
1753	YGL030W	0.77372
1754	YCR102C	0.77372
1755	YDL138W	0.77369
1756	YKL085W	0.77354
1757	YJR133W	0.77352
1758	YMR296C	0.77339
1759	YKL156W	0.77338
1760	YGR181W	0.77328
1761	YER134C	0.77323
1762	YOR369C	0.77316
1763	YNL016W	0.77316
1764	YLR065C	0.77313
1765	YDL205C	0.77311
1766	YOR357C	0.77286
1767	YKL041W	0.77282
1768	YER070W	0.77273
1769	YGR276C	0.77272
1770	YDR243C	0.77266
1771	YOR261C	0.77259
1772	YGR019W	0.77256
1773	YGL190C	0.77254
1774	YHR039C	0.7725
1775	YLR061W	0.77249
1776	YOR311C	0.77233
1777	YPL280W	0.77233
1778	YHR021C	0.77233
1779	YCR008W	0.77232
1780	YPR038W	0.77222
1781	YOR232W	0.7722
1782	YIL099W	0.77217
1783	YIL075C	0.77216
1784	YGL232W	0.77201
1785	YBL056W	0.77199
1786	YOR253W	0.77189
1787	YML086C	0.77187
1788	YOR206W	0.77187
1789	YOR119C	0.77181
1790	YML070W	0.77177
1791	YDR415C	0.77171
1792	YPL231W	0.77162
1793	YJL104W	0.77162
1794	YOL039W	0.77155
1795	YKR042W	0.77146
1796	YJL116C	0.77142
1797	YOR034C	0.7714
1798	YJR149W	0.77139
1799	YBL087C	0.77136
1800	YER117W	0.77136
1801	YNL190W	0.77132
1802	YML035C	0.77128
1803	YNL079C	0.77127
1804	YGR189C	0.77124
1805	YMR263W	0.77111
1806	YBL018C	0.77106
1807	YNL260C	0.77104
1808	YPR112C	0.77093
1809	YMR180C	0.7709
1810	YLL009C	0.77086
1811	YKL017C	0.77079
1812	YIL164C	0.77074
1813	YDL213C	0.77071
1814	YDR331W	0.77056
1815	YGR243W	0.77043
1816	YOR213C	0.7704
1817	YOL154W	0.77036
1818	YLR231C	0.77034
1819	YGR144W	0.77028
1820	YLR285W	0.77027
1821	YLR287C	0.77026
1822	YGR285C	0.7702
1823	YPR111W	0.77015
1824	YDR284C	0.77009
1825	YDR539W	0.77007
1826	YBL013W	0.77006
1827	YDL085W	0.77005
1828	YIL063C	0.77
1829	YLR389C	0.76996
1830	YOL011W	0.76995
1831	YKL161C	0.76991
1832	YMR322C	0.76985
1833	YJL041W	0.76979
1834	YNL223W	0.76975
1835	YER065C	0.76974
1836	YPR073C	0.76969
1837	YIL066C	0.76966
1838	YLR138W	0.76964
1839	YEL056W	0.7696
1840	YDL194W	0.7695
1841	YLR099C	0.76947
1842	YOR241W	0.76939
1843	YHR168W	0.76938
1844	YAR023C	0.76932
1845	YBR052C	0.76929
1846	YKL144C	0.76926
1847	YLR409C	0.76916
1848	YNL229C	0.76914
1849	YDL202W	0.76911
1850	YJR032W	0.76909
1851	YJR121W	0.76883
1852	YLR181C	0.76881
1853	YOR262W	0.76877
1854	YLL015W	0.76871
1855	YDR211W	0.76869
1856	YNL056W	0.76863
1857	YNL243W	0.76861
1858	YGL068W	0.76856
1859	YPR056W	0.76855
1860	YNL175C	0.76846
1861	YER176W	0.76842
1862	YHR201C	0.76841
1863	YLR066W	0.7684
1864	YJR064W	0.76839
1865	YHR066W	0.76837
1866	YGR078C	0.7683
1867	YGL040C	0.76818
1868	YGL238W	0.76814
1869	YGL009C	0.76812
1870	YBR023C	0.76809
1871	YLR460C	0.76808
1872	YBR031W	0.76798
1873	YMR244W	0.76798
1874	YER163C	0.76791
1875	YMR161W	0.76778
1876	YKR102W	0.76777
1877	YML065W	0.76773
1878	YDR112W	0.76768
1879	YHR181W	0.76765
1880	YGR199W	0.76764
1881	YLR026C	0.7676
1882	YJL088W	0.76756
1883	YOR207C	0.76756
1884	YNR052C	0.76744
1885	YLR019W	0.76732
1886	YGR125W	0.76731
1887	YPR120C	0.7673
1888	YHR039C-A	0.76727
1889	YGR012W	0.76725
1890	YFL052W	0.76719
1891	YOR310C	0.76695
1892	YAL035W	0.76686
1893	YLL045C	0.76683
1894	YDR012W	0.76681
1895	YFL042C	0.76679
1896	YPL262W	0.76675
1897	YJL080C	0.76672
1898	YLR382C	0.7667
1899	YNL121C	0.76664
1900	YDR051C	0.76657
1901	YFR050C	0.76646
1902	YML054C	0.76639
1903	YPR178W	0.76629
1904	YOR021C	0.76617
1905	YDL036C	0.76611
1906	YBR149W	0.76605
1907	YLR189C	0.76604
1908	YOR318C	0.76597
1909	YOR165W	0.76596
1910	YKR024C	0.76586
1911	YFL008W	0.76583
1912	YLR222C	0.76577
1913	YKL197C	0.76572
1914	YOL018C	0.76572
1915	YML126C	0.76567
1916	YLR210W	0.76562
1917	YGL033W	0.76556
1918	YIL068C	0.76555
1919	YAR018C	0.7655
1920	YNL022C	0.7655
1921	YMR310C	0.76539
1922	YDR013W	0.76529
1923	YDL141W	0.76528
1924	YLR390W	0.76519
1925	YLR401C	0.76509
1926	YMR316C-B	0.76507
1927	YGL156W	0.76505
1928	YHR100C	0.76501
1929	YMR306W	0.765
1930	YCR094W	0.76496
1931	YFL001W	0.76495
1932	YOR223W	0.76484
1933	YCR075W-A	0.76481
1934	YDR481C	0.76479
1935	YOR370C	0.76475
1936	YMR123W	0.76464
1937	YBL068W-A	0.76464
1938	YPL239W	0.76463
1939	YHL033C	0.76461
1940	YDL093W	0.7646
1941	YLR108C	0.76457
1942	YPL227C	0.76456
1943	YBR111C	0.76445
1944	YML055W	0.7644
1945	YGL028C	0.76437
1946	YGL114W	0.76434
1947	YAR042W	0.76427
1948	YHR147C	0.76424
1949	YNL003C	0.76424
1950	YPR010C	0.76423
1951	YPR186C	0.7642
1952	YGR074W	0.76412
1953	YBR214W	0.76408
1954	YGL202W	0.76404
1955	YOR110W	0.76404
1956	YNR065C	0.76395
1957	YGR004W	0.76395
1958	YAL036C	0.76393
1959	YNL203C	0.76392
1960	YNL287W	0.76371
1961	YDR398W	0.76371
1962	YLR410W	0.76369
1963	YCR024C-A	0.76367
1964	YBR223C	0.76366
1965	YDR312W	0.76359
1966	YJL125C	0.76349
1967	YGR284C	0.76344
1968	YPR153W	0.76332
1969	YDR358W	0.76318
1970	YMR277W	0.76317
1971	YFL048C	0.76316
1972	YPR100W	0.76314
1973	YBR208C	0.76314
1974	YDR236C	0.76314
1975	YPR198W	0.76313
1976	YDL130W	0.76309
1977	YHR034C	0.76308
1978	YFL044C	0.76306
1979	YIL106W	0.76305
1980	YLR203C	0.76302
1981	YPR123C	0.76299
1982	YKR056W	0.76298
1983	YPL143W	0.76298
1984	YNL066W	0.76296
1985	YCL047C	0.76296
1986	YCR028C-A	0.76287
1987	YOR172W	0.76283
1988	YLR339C	0.76265
1989	YLR178C	0.76259
1990	YFR038W	0.7625
1991	YLR120C	0.76249
1992	YHR010W	0.76244
1993	YGL123W	0.76242
1994	YBR167C	0.76239
1995	YBR010W	0.76237
1996	YOR209C	0.76234
1997	YDR234W	0.76228
1998	YOR239W	0.76225
1999	YNL207W	0.76224
2000	YCR002C	0.76219
2001	YKL026C	0.76214
2002	YDL120W	0.76214
2003	YDR193W	0.76212
2004	YDR476C	0.76208
2005	YEL034C-A	0.76201
2006	YOR271C	0.76189
2007	YLR324W	0.76188
2008	YGR263C	0.76185
2009	YER039C-A	0.7617
2010	YGL044C	0.76169
2011	YIR038C	0.76165
2012	YDR471W	0.76155
2013	YLL036C	0.76152
2014	Q0250	0.7615
2015	YLR435W	0.76134
2016	YER147C	0.7613
2017	YAL019W	0.7613
2018	YLR174W	0.76127
2019	YCR087C-A	0.76116
2020	YDL092W	0.76115
2021	YHR041C	0.76115
2022	YMR139W	0.76114
2023	YKR076W	0.76107
2024	YBR162W-A	0.76099
2025	YOR161W-B	0.76097
2026	YPR201W	0.76092
2027	YBR093C	0.7609
2028	YIR013C	0.76073
2029	YHR215W	0.76065
2030	YMR264W	0.76062
2031	YJL074C	0.76062
2032	YKR070W	0.76057
2033	YBR110W	0.76056
2034	YHR205W	0.76055
2035	YJR125C	0.76053
2036	YLR446W	0.76052
2037	YDL031W	0.7605
2038	YGL241W	0.76049
2039	YPR037C	0.76048
2040	YOR016C	0.76041
2041	YKL154W	0.76035
2042	YLR421C	0.76034
2043	YAL004W	0.76033
2044	YBR018C	0.76016
2045	YPR133C	0.76013
2046	YER027C	0.76008
2047	YNR036C	0.76008
2048	YOR234C	0.76003
2049	YNL313C	0.76
2050	YJL082W	0.75999
2051	YOR039W	0.75986
2052	YPL087W	0.75971
2053	YNL322C	0.75968
2054	YOR150W	0.75968
2055	YNL001W	0.75962
2056	YOR077W	0.75962
2057	YGR242W	0.7595
2058	YCR106W	0.75948
2059	YPR144C	0.75945
2060	YGL050W	0.75945
2061	YPL222W	0.75942
2062	YBR104W	0.75941
2063	YDR256C	0.75937
2064	YCR045C	0.7593
2065	YDL160C-A	0.75928
2066	YGR026W	0.75923
2067	YAR071W	0.7592
2068	YER029C	0.75917
2069	YNL161W	0.75917
2070	YLL011W	0.75915
2071	YJL097W	0.75904
2072	YGL236C	0.75896
2073	YIL007C	0.75893
2074	YIL047C	0.75892
2075	YMR208W	0.75888
2076	YCR076C	0.75883
2077	YJL062W	0.75881
2078	YLR272C	0.7587
2079	YLR050C	0.75869
2080	YBR162C	0.75866
2081	YER100W	0.75863
2082	YHR033W	0.7586
2083	YKL065C	0.75846
2084	YLR072W	0.75841
2085	YPR025C	0.75838
2086	YGR288W	0.75837
2087	YOR003W	0.75836
2088	YHR088W	0.75829
2089	YIL126W	0.75824
2090	YKR084C	0.7582
2091	YEL029C	0.75801
2092	YOL153C	0.75794
2093	YMR092C	0.75794
2094	YEL019C	0.75792
2095	YML026C	0.75791
2096	YDR450W	0.75791
2097	YPR147C	0.75791
2098	YNR034W-A	0.75785
2099	YHR049W	0.7578
2100	YOL072W	0.75777
2101	YLR056W	0.75776
2102	YAL009W	0.75772
2103	YOL064C	0.75765
2104	YNL059C	0.75755
2105	YFL034C-B	0.75747
2106	YPR197C	0.75745
2107	YCR013C	0.75745
2108	YMR244C-A	0.75745
2109	YOR274W	0.75741
2110	YFR025C	0.75741
2111	YPL002C	0.75735
2112	YLR117C	0.75727
2113	YNL181W	0.75719
2114	YKL202W	0.75716
2115	YGR024C	0.75712
2116	YDL004W	0.75703
2117	YNL045W	0.7569
2118	YKL189W	0.75678
2119	YLR343W	0.75674
2120	YNL082W	0.7567
2121	YGR266W	0.75669
2122	YOR162C	0.75666
2123	YHR176W	0.75665
2124	YNR008W	0.75664
2125	YNL129W	0.75657
2126	YOR109W	0.75653
2127	YLL048C	0.75646
2128	YGR086C	0.75643
2129	YLR109W	0.7564
2130	YKR055W	0.75638
2131	YJR078W	0.75633
2132	YLR405W	0.75631
2133	YKL051W	0.75629
2134	YBR198C	0.75626
2135	YDR493W	0.75624
2136	YEL004W	0.75619
2137	YJL130C	0.75619
2138	YGR001C	0.75606
2139	YDL200C	0.756
2140	YHR162W	0.75599
2141	YGR187C	0.75596
2142	YPR157W	0.75596
2143	YHR024C	0.75586
2144	YLR205C	0.75582
2145	YOL096C	0.75581
2146	YHR001W	0.7557
2147	YDL011C	0.75565
2148	YER082C	0.75564
2149	YHL013C	0.75562
2150	YBL098W	0.75559
2151	YPR200C	0.75553
2152	YHR213W	0.75553
2153	YAR062W	0.75553
2154	YKL209C	0.7555
2155	YDL090C	0.7552
2156	YIL082W-A	0.75515
2157	YFR030W	0.75511
2158	YIL016W	0.75505
2159	YOR116C	0.75492
2160	YOL068C	0.75491
2161	YJL191W	0.75487
2162	YGL143C	0.75483
2163	YDR097C	0.75477
2164	YKR035W-A	0.75476
2165	YCR005C	0.75475
2166	YOR301W	0.75466
2167	YJL158C	0.7546
2168	YCL050C	0.75459
2169	YOL067C	0.75458
2170	YER016W	0.75456
2171	YMR114C	0.75447
2172	YER162C	0.75445
2173	YAL046C	0.75434
2174	YJL172W	0.75431
2175	YBL064C	0.75429
2176	YDR257C	0.75429
2177	YGL183C	0.75429
2178	YMR304W	0.75427
2179	YGL240W	0.75421
2180	YMR001C	0.75407
2181	YDR164C	0.75399
2182	YOR341W	0.75392
2183	YGR229C	0.75377
2184	YJL178C	0.75376
2185	YDL078C	0.75367
2186	YNL292W	0.75359
2187	YNL088W	0.75359
2188	YOR252W	0.75359
2189	YJL077W-A	0.75357
2190	YOR295W	0.75353
2191	YPR190C	0.7535
2192	YPR094W	0.75344
2193	YNR001C	0.75337
2194	YPR118W	0.75337
2195	YGL154C	0.75336
2196	YIR015W	0.75335
2197	YJL093C	0.75328
2198	YIL083C	0.75326
2199	YDR191W	0.75325
2200	YEL006W	0.75324
2201	YCL059C	0.75322
2202	YKR067W	0.75314
2203	YOR091W	0.75307
2204	YIR004W	0.75305
2205	YPL184C	0.753
2206	YHR037W	0.75286
2207	YDR117C	0.75284
2208	YDR094W	0.75284
2209	YKL022C	0.75274
2210	YKL070W	0.7527
2211	YER164W	0.7527
2212	YNL023C	0.75268
2213	YPL238C	0.75264
2214	YDR382W	0.75263
2215	YMR088C	0.75263
2216	YPL282C	0.75261
2217	YOR394W	0.75261
2218	YNL107W	0.75254
2219	YJR010W	0.75247
2220	YJR057W	0.75241
2221	YOL041C	0.75236
2222	YHR117W	0.75234
2223	YGL262W	0.75229
2224	YLR413W	0.75226
2225	YOR164C	0.75218
2226	YLR380W	0.75191
2227	YBR192W	0.75188
2228	YJL160C	0.75188
2229	YMR040W	0.75185
2230	YNR017W	0.75173
2231	YDR477W	0.75172
2232	YGR220C	0.75169
2233	YNL049C	0.75164
2234	YIL014W	0.75163
2235	Q0050	0.75162
2236	YNR062C	0.75157
2237	YER063W	0.75151
2238	YJL063C	0.7515
2239	YCR101C	0.7515
2240	YBR166C	0.7515
2241	YER010C	0.75146
2242	YDL037C	0.75146
2243	YGL103W	0.75139
2244	YEL036C	0.75137
2245	YHR187W	0.75132
2246	YPR140W	0.7513
2247	YPL001W	0.75129
2248	YLR212C	0.7512
2249	YDR395W	0.75119
2250	YCL038C	0.75114
2251	YGL181W	0.75114
2252	YMR268C	0.75113
2253	YDR386W	0.75113
2254	YLR075W	0.75112
2255	YOL130W	0.7511
2256	YNL102W	0.75107
2257	YLR086W	0.75107
2258	YBL096C	0.75104
2259	YBR070C	0.75094
2260	YGR083C	0.75092
2261	YGR133W	0.75092
2262	YPL207W	0.75081
2263	YFR005C	0.75058
2264	YNL321W	0.75058
2265	YNL248C	0.7505
2266	YCR031C	0.75048
2267	YGL069C	0.75034
2268	YGR093W	0.75034
2269	YNL246W	0.75025
2270	YDR161W	0.75014
2271	YCL075W	0.7501
2272	YLR292C	0.75007
2273	YPL088W	0.75007
2274	YIL039W	0.75001
2275	YDR210W	0.74997
2276	YLR215C	0.74996
2277	YPL217C	0.7499
2278	YKR079C	0.74989
2279	YBL055C	0.74986
2280	YDR265W	0.74985
2281	YOR286W	0.74984
2282	YJL072C	0.74984
2283	YGR036C	0.74982
2284	YMR038C	0.74979
2285	YBR062C	0.74979
2286	YHR008C	0.74976
2287	YMR062C	0.74973
2288	YOR331C	0.74968
2289	YDR459C	0.74958
2290	YKR003W	0.74956
2291	YDL177C	0.74953
2292	YIR029W	0.74938
2293	YIL034C	0.74938
2294	YCR044C	0.74929
2295	YCL026C-A	0.74905
2296	YOR056C	0.74904
2297	YIL123W	0.74901
2298	YML121W	0.749
2299	YLL025W	0.74898
2300	YLR037C	0.74898
2301	YDR436W	0.74896
2302	YDR041W	0.74895
2303	YGR027C	0.74894
2304	YFR021W	0.74886
2305	YOR136W	0.7488
2306	YHR161C	0.74877
2307	YLR345W	0.74875
2308	YBR079C	0.74875
2309	YOR045W	0.74874
2310	YFR033C	0.74873
2311	YNR033W	0.74871
2312	YLR448W	0.74871
2313	YDL079C	0.74859
2314	YFL003C	0.74855
2315	YBR024W	0.74845
2316	YDR522C	0.74845
2317	YHR002W	0.74832
2318	YDL096C	0.7482
2319	YJR107W	0.74809
2320	YDR518W	0.74809
2321	YDR183W	0.74806
2322	YGR109W-B	0.74804
2323	YML004C	0.74801
2324	YPL060W	0.74801
2325	YPR172W	0.74799
2326	YBR096W	0.74798
2327	YKR052C	0.74791
2328	YOL121C	0.7479
2329	YKL187C	0.74782
2330	YKL003C	0.74781
2331	YPL157W	0.7478
2332	YPR066W	0.74767
2333	YKL194C	0.74766
2334	YKL182W	0.74762
2335	YDL185W	0.74761
2336	YDL241W	0.74757
2337	YBR223W-A	0.74752
2338	YPR098C	0.7475
2339	YML072C	0.74748
2340	YJL081C	0.74746
2341	YDR144C	0.74743
2342	YLR196W	0.74743
2343	YLL001W	0.7474
2344	YOR181W	0.74732
2345	YBR056W	0.74726
2346	YPR161C	0.74719
2347	YGR201C	0.74708
2348	YGL140C	0.74704
2349	YFR048W	0.74701
2350	YLR418C	0.74693
2351	YGR162W	0.74673
2352	YBL017C	0.7467
2353	YDR170C	0.74664
2354	YBR227C	0.74655
2355	YHR173C	0.74652
2356	YLR281C	0.74649
2357	YHL001W	0.74649
2358	YNL316C	0.74647
2359	YJL011C	0.74646
2360	YKR062W	0.74646
2361	YPL142C	0.74634
2362	YBR146W	0.74632
2363	YLR009W	0.74627
2364	YDR338C	0.74623
2365	YIL022W	0.74613
2366	YLR333C	0.74605
2367	YOR176W	0.74605
2368	YOR382W	0.74603
2369	YPL222C-A	0.74602
2370	YHR202W	0.74598
2371	YHR051W	0.74597
2372	YPL183C	0.74592
2373	YLR335W	0.74589
2374	YKL193C	0.74589
2375	YMR239C	0.74577
2376	Q0065	0.74571
2377	YPR002W	0.74569
2378	YMR325W	0.74567
2379	YDR145W	0.74565
2380	YGL089C	0.74551
2381	YNL040W	0.74544
2382	YDL023C	0.74543
2383	YDL228C	0.74541
2384	YHR116W	0.74531
2385	YBR061C	0.74531
2386	YLR141W	0.74529
2387	YMR242W-A	0.74525
2388	YNL192W	0.74522
2389	YBR151W	0.74521
2390	YKL006W	0.74517
2391	YBL100C	0.74517
2392	YAL016C-A	0.7451
2393	Q0120	0.74508
2394	YDL101C	0.74503
2395	YGR022C	0.74494
2396	YMR162C	0.74491
2397	YNL155W	0.74486
2398	YNR051C	0.74484
2399	YHR121W	0.74476
2400	YJL010C	0.74475
2401	YPR092W	0.74474
2402	YCR046C	0.74473
2403	YPL270W	0.74465
2404	YIL171W	0.74465
2405	YHR165W-A	0.74463
2406	YOL098C	0.7446
2407	YJL175W	0.7445
2408	YHR171W	0.74445
2409	YGL065C	0.74425
2410	YGR061C	0.74424
2411	YOL155C	0.74423
2412	YMR074C	0.7442
2413	YBR190W	0.74418
2414	YBR237W	0.74416
2415	YAR003W	0.74413
2416	YJL117W	0.74409
2417	YLR003C	0.74409
2418	YGL018C	0.74403
2419	YGR103W	0.74398
2420	YCR104W	0.74386
2421	YNL302C	0.74381
2422	YJR141W	0.74374
2423	YDL040C	0.74373
2424	YFL046W	0.74373
2425	YIR041W	0.74366
2426	YPL024W	0.74361
2427	YKL153W	0.74361
2428	YOL052C	0.74357
2429	YJL078C	0.74354
2430	YNL110C	0.74344
2431	YAL037C-B	0.74334
2432	YNR016C	0.74333
2433	YMR218C	0.7433
2434	YHR209W	0.74329
2435	YNL101W	0.74329
2436	YJR067C	0.74324
2437	YNL328C	0.74323
2438	YER116C	0.74312
2439	YOL123W	0.74305
2440	YHR151C	0.74304
2441	YPL097W	0.74289
2442	YDR292C	0.74289
2443	YFL050C	0.74278
2444	YNR067C	0.74278
2445	YHL031C	0.74272
2446	YPR087W	0.74271
2447	YLR451W	0.74266
2448	YLR306W	0.74263
2449	YKL019W	0.74261
2450	YEL044W	0.74258
2451	YOR118W	0.74257
2452	YER172C	0.74254
2453	YJL064W	0.74242
2454	YNL081C	0.7424
2455	YPL152W	0.74237
2456	YDR182W	0.74234
2457	YCL054W	0.74233
2458	YKL095W	0.74232
2459	YDR298C	0.74226
2460	YHR098C	0.74224
2461	YDR364C	0.74221
2462	YML090W	0.74221
2463	YIL142C-A	0.7422
2464	YML005W	0.7421
2465	Q0105	0.74209
2466	YIL067C	0.74202
2467	YMR196W	0.74202
2468	YLR089C	0.74201
2469	YLR275W	0.74198
2470	YBR201W	0.74197
2471	YLR007W	0.74181
2472	YOL061W	0.7418
2473	YER002W	0.7417
2474	YGL165C	0.74166
2475	YFL034W	0.74161
2476	YLR041W	0.74158
2477	YDR324C	0.74157
2478	YKR017C	0.74156
2479	YMR104C	0.74154
2480	YJL137C	0.74149
2481	YER014W	0.74141
2482	YLR083C	0.74134
2483	YKR086W	0.74127
2484	YGR141W	0.74125
2485	YOR376W-A	0.74123
2486	YKL224C	0.74121
2487	YLL064C	0.74112
2488	YNR076W	0.74112
2489	YNR012W	0.74109
2490	YEL017C-A	0.74107
2491	YMR152W	0.74106
2492	YOL114C	0.74095
2493	YOL113W	0.74094
2494	YLL043W	0.74087
2495	YML073C	0.74086
2496	YDR248C	0.74084
2497	YHR194W	0.74081
2498	YFL004W	0.74078
2499	YOR100C	0.74077
2500	YBR009C	0.74075
2501	YPR168W	0.74074
2502	YLR414C	0.74073
2503	YIL113W	0.74071
2504	YDR204W	0.74062
2505	YDL060W	0.74055
2506	YCL057C-A	0.74039
2507	YBL106C	0.74037
2508	YHR062C	0.74031
2509	YML110C	0.74027
2510	YFL054C	0.74027
2511	YMR188C	0.74026
2512	YAL018C	0.74024
2513	YGR047C	0.74024
2514	YHR113W	0.74022
2515	YDR452W	0.74014
2516	YJL195C	0.74011
2517	YOR390W	0.7401
2518	YBR103W	0.74009
2519	YDR542W	0.74008
2520	YDL178W	0.74004
2521	YDL075W	0.73996
2522	YPR132W	0.73993
2523	YGR118W	0.73993
2524	YGR080W	0.73987
2525	YCR038W-A	0.73984
2526	YDR209C	0.73974
2527	YCR084C	0.7397
2528	YDR432W	0.73968
2529	YOR254C	0.73968
2530	YLR144C	0.73967
2531	YPR159W	0.73958
2532	YPL079W	0.73954
2533	YML025C	0.73952
2534	YMR131C	0.73947
2535	YAL068C	0.73943
2536	YBL108C-A	0.73943
2537	YGL261C	0.73943
2538	YGR241C	0.73942
2539	YIL004C	0.73933
2540	YNL219C	0.7393
2541	YML120C	0.73921
2542	YOR173W	0.73918
2543	YIL125W	0.73915
2544	YMR127C	0.73909
2545	YHL002W	0.73901
2546	YIL052C	0.73901
2547	YHR003C	0.73899
2548	YDL226C	0.73889
2549	YLR461W	0.73888
2550	YDL143W	0.73888
2551	YDR286C	0.73885
2552	YKL103C	0.73883
2553	YHL046C	0.7388
2554	YKL170W	0.73872
2555	YCL026C-B	0.73872
2556	YHR140W	0.7387
2557	YCL045C	0.73861
2558	YER056C-A	0.73861
2559	YGL185C	0.7386
2560	YDR400W	0.7386
2561	YDL104C	0.73856
2562	YDR060W	0.73853
2563	YFR041C	0.73852
2564	YKR048C	0.73849
2565	YNR029C	0.73843
2566	YBL108W	0.73843
2567	YJR042W	0.73839
2568	YHR072W	0.73822
2569	YKR047W	0.73805
2570	YDL193W	0.73801
2571	YLR331C	0.73797
2572	YLR375W	0.73796
2573	YEL053W-A	0.73796
2574	YKL165C	0.73796
2575	YDR336W	0.73795
2576	YMR149W	0.73783
2577	YBR191W	0.73782
2578	YHR016C	0.73777
2579	YER051W	0.73777
2580	YIL046W	0.73776
2581	YKL087C	0.73764
2582	YDR380W	0.73763
2583	YAL048C	0.73761
2584	YOR010C	0.73756
2585	YLR085C	0.73754
2586	YDL154W	0.73753
2587	YJL222W	0.73752
2588	YNL247W	0.73751
2589	YGR268C	0.73749
2590	YHR028C	0.73744
2591	YPR114W	0.73735
2592	YPL179W	0.73733
2593	YOR291W	0.73733
2594	YGL084C	0.73731
2595	YKR025W	0.73731
2596	YPL008W	0.73726
2597	YDR031W	0.73723
2598	YOL115W	0.73716
2599	YDR514C	0.73715
2600	YGL173C	0.73712
2601	YLR406C	0.73711
2602	YHR204W	0.73708
2603	YGR294W	0.73706
2604	YML057C-A	0.73705
2605	YCL005W-A	0.73703
2606	YHR134W	0.737
2607	YGL049C	0.73699
2608	YJL036W	0.73688
2609	YKL030W	0.73685
2610	YNL239W	0.73682
2611	YBR221W-A	0.73681
2612	YML060W	0.73678
2613	YJL163C	0.73677
2614	YOR125C	0.73677
2615	YGL166W	0.73675
2616	YNL180C	0.73675
2617	YPL279C	0.73675
2618	YBR141C	0.73674
2619	YDR107C	0.73671
2620	YAR075W	0.73668
2621	YIL173W	0.73665
2622	YDL063C	0.73665
2623	YHL039W	0.73661
2624	YBR072W	0.73647
2625	YBL038W	0.73643
2626	YJL085W	0.73641
2627	YMR200W	0.73641
2628	YFL020C	0.73634
2629	YGR283C	0.73629
2630	YDL159C-B	0.73627
2631	YOR251C	0.7362
2632	YDR506C	0.73615
2633	YMR201C	0.73611
2634	YAL056C-A	0.73611
2635	YDR077W	0.73609
2636	YMR057C	0.73604
2637	YJR008W	0.73602
2638	YDL041W	0.736
2639	YDR330W	0.736
2640	Q0142	0.73597
2641	YPL003W	0.73594
2642	YER042W	0.73587
2643	YOR102W	0.73582
2644	YPL103C	0.7358
2645	YIL176C	0.73577
2646	YJL223C	0.73577
2647	YDL207W	0.73577
2648	YLR014C	0.73575
2649	YGL196W	0.73575
2650	YER011W	0.73572
2651	YIL157C	0.73571
2652	YAR019W-A	0.73564
2653	YDR374W-A	0.73548
2654	YPR170W-B	0.73523
2655	YGR255C	0.73522
2656	YGL004C	0.73521
2657	YFR035C	0.73519
2658	YJL220W	0.73515
2659	YIL171W-A	0.73515
2660	YNL015W	0.73498
2661	YPR137W	0.73493
2662	YGL082W	0.73493
2663	YLR325C	0.73491
2664	YJL200C	0.7349
2665	YHR178W	0.7349
2666	YMR302C	0.73489
2667	YGR088W	0.73486
2668	YNL106C	0.73483
2669	YDL017W	0.7348
2670	YMR078C	0.7348
2671	YJR046W	0.73477
2672	YLR076C	0.73476
2673	YER001W	0.73476
2674	YPR047W	0.73475
2675	YDR269C	0.73474
2676	YOR387C	0.73467
2677	YPL082C	0.73466
2678	YPR159C-A	0.73458
2679	YDR067C	0.73454
2680	YOL046C	0.73452
2681	YOR377W	0.73445
2682	YBR175W	0.73444
2683	YLR386W	0.73443
2684	YHR114W	0.73443
2685	YDR498C	0.73442
2686	YBL058W	0.73442
2687	YGR058W	0.7344
2688	YKL073W	0.73437
2689	YBR274W	0.73435
2690	YCR092C	0.73434
2691	YLL022C	0.73431
2692	YER049W	0.73425
2693	YDR464C-A	0.73425
2694	YLR308W	0.73419
2695	YOR275C	0.73419
2696	YOL161C	0.73411
2697	YNL317W	0.73407
2698	YBR301W	0.73402
2699	YPL098C	0.73397
2700	YCL001W-B	0.73393
2701	YBR084W	0.73393
2702	YDL227C	0.73384
2703	YMR049C	0.73383
2704	YGR111W	0.73373
2705	YNL147W	0.73373
2706	YOR201C	0.73372
2707	YBR055C	0.73372
2708	YDR390C	0.7337
2709	YNL163C	0.73367
2710	YLR002C	0.73366
2711	YDR142C	0.73365
2712	YIL011W	0.73359
2713	YEL049W	0.73359
2714	YGR169C	0.73359
2715	YIL041W	0.73355
2716	YBR297W	0.73354
2717	YDR325W	0.73352
2718	YKL192C	0.73349
2719	YDL042C	0.73345
2720	YBR125C	0.73342
2721	YJL115W	0.7334
2722	YJL168C	0.73339
2723	YOR294W	0.73339
2724	YJL154C	0.73337
2725	YCR090C	0.73337
2726	YPL164C	0.73336
2727	YLR192C	0.73331
2728	YNL279W	0.73325
2729	YGL155W	0.73321
2730	YLR361C	0.73321
2731	YDL045W-A	0.73316
2732	YCR100C	0.73314
2733	YGL074C	0.73306
2734	YIL076W	0.73295
2735	YDR109C	0.73292
2736	YOR139C	0.73289
2737	YIR039C	0.73287
2738	YDL008W	0.73287
2739	YLR274W	0.73277
2740	YAL015C	0.73275
2741	YFL015C	0.73269
2742	YJR071W	0.73266
2743	YDR491C	0.73263
2744	YJR137C	0.7326
2745	YJR055W	0.7325
2746	YNR030W	0.73248
2747	YEL002C	0.73241
2748	YNL025C	0.73241
2749	YML094C-A	0.73239
2750	YJL027C	0.7322
2751	YLR357W	0.7322
2752	YAL058W	0.73219
2753	YDR268W	0.73215
2754	YLR399W-A	0.73206
2755	YDR538W	0.73206
2756	YGR145W	0.73204
2757	YDR435C	0.73202
2758	YHR091C	0.73198
2759	YNL028W	0.73193
2760	YEL050C	0.73192
2761	YER123W	0.73182
2762	YOR383C	0.73179
2763	YIL082W	0.73175
2764	YDR064W	0.73168
2765	YMR306C-A	0.73165
2766	YNL282W	0.73165
2767	YGL259W	0.73155
2768	YNL149C	0.73154
2769	YKL150W	0.73151
2770	YLR347W-A	0.7314
2771	YOR130C	0.73138
2772	YGL034C	0.73137
2773	YOR325W	0.73134
2774	YNL130C-A	0.7313
2775	YER076C	0.73129
2776	YMR063W	0.73126
2777	YPR059C	0.73126
2778	YBR090C	0.73123
2779	YIL100C-A	0.7312
2780	YPR162C	0.73115
2781	YLR020C	0.73115
2782	YPL147W	0.73099
2783	YPL117C	0.73095
2784	YIL030C	0.73093
2785	YDR387C	0.73086
2786	YGR109W-A	0.73077
2787	YGR271C-A	0.73074
2788	YNL036W	0.73069
2789	YDR461W	0.73068
2790	YDR362C	0.73063
2791	YPL172C	0.73063
2792	YLR236C	0.73056
2793	YBR174C	0.73053
2794	YPR170C	0.73041
2795	YCL008C	0.73039
2796	YER152W-A	0.73036
2797	YDL085C-A	0.73036
2798	YMR042W	0.73036
2799	YLL012W	0.73019
2800	YOL019W-A	0.73019
2801	YHR137W	0.73017
2802	YBL006W-A	0.73016
2803	YIL091C	0.73013
2804	YML100W-A	0.73009
2805	YGR177C	0.73008
2806	YLR064W	0.73007
2807	YPL140C	0.73005
2808	YER165C-A	0.73002
2809	YMR155W	0.73001
2810	YIL134W	0.73
2811	YOR167C	0.72998
2812	YDR334W	0.72997
2813	YIR036W-A	0.72996
2814	YJL186W	0.72992
2815	YOR057W	0.72992
2816	YDR482C	0.72987
2817	YOL050C	0.72987
2818	YBR094W	0.72986
2819	YPR032W	0.72982
2820	YPR124W	0.72979
2821	YFR034W-A	0.72979
2822	YBL062W	0.72977
2823	YLL010C	0.72974
2824	YBR229C	0.72974
2825	YJR034W	0.72968
2826	YDL109C	0.72961
2827	YLR264W	0.72955
2828	YHL004W	0.72955
2829	YDR061W	0.72954
2830	YML019W	0.72947
2831	YCR006C	0.72939
2832	YOL145C	0.72936
2833	YML082W	0.72927
2834	YDR523C	0.72924
2835	YJR144W	0.7292
2836	YHL030W-A	0.72911
2837	YBR199W	0.72908
2838	YER066W	0.72907
2839	YHL019C	0.72906
2840	YOR022C	0.72899
2841	YER140W	0.72897
2842	YGL258W	0.72889
2843	YGR183C	0.72886
2844	YGR121W-A	0.7288
2845	YGR073C	0.72878
2846	YOL126C	0.72871
2847	YJR113C	0.72865
2848	YNL169C	0.72864
2849	YHR192W	0.72854
2850	YOL042W	0.72853
2851	YHR120W	0.72846
2852	YGL053W	0.72843
2853	YDR194C	0.72842
2854	YMR096W	0.7284
2855	YOR307C	0.7283
2856	YIL054W	0.72822
2857	YCL048W-A	0.7282
2858	YHL032C	0.72818
2859	YHL010C	0.72816
2860	YHR076W	0.72808
2861	YPL224C	0.72799
2862	YCR030C	0.72792
2863	YLR270W	0.72788
2864	YPL198W	0.72777
2865	YBL019W	0.72777
2866	YDL019C	0.72775
2867	YER157W	0.72771
2868	YOL099C	0.72764
2869	YPR064W	0.72764
2870	YKL031W	0.72762
2871	YFL013W-A	0.72762
2872	YKL147C	0.72754
2873	YOR290C	0.72752
2874	YBR207W	0.72747
2875	YDL105W	0.72745
2876	YNL083W	0.7274
2877	YER187W	0.72736
2878	YPL138C	0.72727
2879	YNL206C	0.72715
2880	YBR293W	0.72713
2881	YOL060C	0.72708
2882	YDL039C	0.72707
2883	YMR321C	0.72698
2884	YML030W	0.72698
2885	YMR324C	0.72692
2886	YGL184C	0.72683
2887	YDR517W	0.72676
2888	YNL092W	0.72675
2889	YNL318C	0.72667
2890	YGL231C	0.72659
2891	YHR207C	0.72649
2892	YPR076W	0.7264
2893	YNL020C	0.72638
2894	YDR428C	0.72634
2895	YGR257C	0.72634
2896	YKL097C	0.72631
2897	YOR268C	0.72628
2898	YGR005C	0.72628
2899	YEL035C	0.72625
2900	YBR213W	0.72623
2901	YLR156C-A	0.72621
2902	YLR159C-A	0.72621
2903	YLR157C-C	0.72621
2904	YLR154C-H	0.72621
2905	YLR318W	0.7262
2906	YBR251W	0.72619
2907	YOR009W	0.72616
2908	YHR085W	0.72616
2909	YBR109W-A	0.72606
2910	YOR218C	0.72603
2911	YLR143W	0.726
2912	YOR272W	0.72591
2913	YDR322C-A	0.72587
2914	YKL098W	0.72585
2915	YGL076C	0.72583
2916	YJL043W	0.72581
2917	YPR196W	0.72574
2918	YJL052C-A	0.72574
2919	YPL194W	0.7257
2920	YIR023C-A	0.72568
2921	YDL165W	0.72567
2922	YGR136W	0.72566
2923	YIL073C	0.72552
2924	YER059W	0.72546
2925	YKL037W	0.72539
2926	YDR237W	0.72535
2927	YDR332W	0.72532
2928	YMR229C	0.72531
2929	YNL212W	0.72531
2930	YLR255C	0.72526
2931	YLR246W	0.72524
2932	YCL041C	0.72521
2933	YOL056W	0.72518
2934	YGL112C	0.72512
2935	YDR173C	0.72509
2936	YHR038W	0.72508
2937	YLR452C	0.72506
2938	YGR232W	0.72499
2939	YMR041C	0.72487
2940	YGR050C	0.72482
2941	YBR042C	0.72476
2942	YER188W	0.72473
2943	YDL161W	0.72472
2944	YDR189W	0.72468
2945	YPR119W	0.72462
2946	YNL184C	0.72455
2947	YOR244W	0.72444
2948	YMR309C	0.72442
2949	YOL013C	0.72442
2950	YOR001W	0.72441
2951	YDR417C	0.72432
2952	YLR025W	0.72423
2953	YBR107C	0.72422
2954	YJR099W	0.72419
2955	YER180C-A	0.72417
2956	YGR107W	0.72415
2957	YFL021C-A	0.72411
2958	YOR258W	0.72405
2959	YEL055C	0.72403
2960	YNL293W	0.72399
2961	YLR349W	0.72395
2962	YIL128W	0.72386
2963	YNL062C	0.72386
2964	YPL030W	0.72382
2965	YHR139C	0.72379
2966	YMR265C	0.72374
2967	YOL135C	0.72366
2968	YNL263C	0.72362
2969	YOR160W	0.72354
2970	YJL127W-A	0.72352
2971	YPL081W	0.7235
2972	YBR176W	0.72347
2973	YDR018C	0.72346
2974	YDR355C	0.72343
2975	YHL014C	0.72339
2976	YHR052W	0.72339
2977	YPL273W	0.72338
2978	YDL086C-A	0.72337
2979	YPL133C	0.72335
2980	YOR059C	0.72333
2981	YLR105C	0.72333
2982	YNL299W	0.72331
2983	YLR393W	0.72331
2984	YCR087W	0.72327
2985	YJL119C	0.72322
2986	YFR027W	0.72321
2987	YJL075C	0.72317
2988	YLR374C	0.72314
2989	YLR090W	0.72312
2990	YPR129W	0.72309
2991	YDR372C	0.72302
2992	YJR075W	0.72298
2993	YIL138C	0.72296
2994	YGR062C	0.72291
2995	YNL067W-B	0.72288
2996	YKL119C	0.72287
2997	YOL023W	0.72283
2998	YBR067C	0.72283
2999	YJL126W	0.72282
3000	YJL192C	0.72277
3001	YNL131W	0.72275
3002	YIL168W	0.72275
3003	YKL222C	0.72274
3004	YDR337W	0.72273
3005	YDR433W	0.72269
3006	YJR135W-A	0.72269
3007	YOR277C	0.72264
3008	YDL015C	0.72264
3009	YGL080W	0.72258
3010	YHR164C	0.72258
3011	YER074W	0.72257
3012	YIL069C	0.72257
3013	YHR069C	0.72247
3014	YPR093C	0.72238
3015	YDL034W	0.72238
3016	YLR344W	0.72236
3017	YLR250W	0.72234
3018	YNL256W	0.72232
3019	YNL069C	0.7223
3020	YBR119W	0.72229
3021	YPR023C	0.72226
3022	YMR150C	0.72226
3023	YPL209C	0.72225
3024	YML089C	0.7222
3025	YGL027C	0.7222
3026	YDR531W	0.72216
3027	YHR213W-B	0.72211
3028	YNR038W	0.7221
3029	YKL167C	0.72198
3030	YGL164C	0.72198
3031	YMR228W	0.72195
3032	YJR118C	0.72192
3033	YOR161W-A	0.72188
3034	YIL015W	0.72183
3035	YGL251C	0.72181
3036	YNL276C	0.7218
3037	YGR054W	0.72176
3038	YGL003C	0.72176
3039	YJL003W	0.72174
3040	YDR537C	0.72167
3041	YIL023C	0.72162
3042	YGL019W	0.72152
3043	YJR035W	0.72147
3044	YPR184W	0.72146
3045	YDL010W	0.72146
3046	YPR060C	0.72145
3047	YHR032C-A	0.72144
3048	YJL031C	0.72143
3049	YLR284C	0.72136
3050	YNL178W	0.72135
3051	YFL015W-A	0.72129
3052	YBR105C	0.72125
3053	YGR194C	0.72115
3054	YPL190C	0.72112
3055	YML118W	0.72102
3056	YHR214W	0.72099
3057	YAR066W	0.72099
3058	YJR130C	0.72098
3059	YIL021C-A	0.72085
3060	YLL027W	0.72078
3061	YDR379C-A	0.72077
3062	YKR074W	0.72077
3063	YOR002W	0.72074
3064	YDR165W	0.72072
3065	YHR166C	0.72065
3066	YPL136W	0.72063
3067	YIL059C	0.72061
3068	YER141W	0.7206
3069	YGR066C	0.72059
3070	YHR131W-A	0.72054
3071	YJL096W	0.7205
3072	YER147C-A	0.7205
3073	YDR346C	0.72041
3074	YER182W	0.72038
3075	YCR050C	0.72035
3076	YCR079W	0.72034
3077	YAR064W	0.72032
3078	YPL250W-A	0.72027
3079	YDR510C-A	0.72027
3080	YGL246C	0.72026
3081	YLR279W	0.72026
3082	YMR128W	0.72025
3083	YIL058W	0.72024
3084	YHL048C-A	0.72021
3085	YKR087C	0.72018
3086	YLL057C	0.72011
3087	YPL096W	0.72008
3088	YOR052C	0.72003
3089	YDR354C-A	0.71997
3090	YLL006W	0.71993
3091	YHR199C	0.71991
3092	YPR125W	0.71981
3093	YPR154W	0.7198
3094	YPL132W	0.71974
3095	YIL110W	0.71965
3096	YCL048W	0.71965
3097	YJR088C	0.71964
3098	YIL102C	0.71963
3099	YFR007W	0.71963
3100	YER080W	0.71962
3101	YER119C-A	0.71957
3102	YOL111C	0.71946
3103	YHR070C-A	0.71945
3104	YML081C-A	0.71945
3105	YOL077W-A	0.71944
3106	YBR273C	0.71943
3107	YGR101W	0.71939
3108	YCL064C	0.71933
3109	YML105C	0.71931
3110	YCR096C	0.71929
3111	YGL194C	0.71926
3112	YML097C	0.71922
3113	YJL028W	0.7192
3114	YBR185C	0.71914
3115	YDR391C	0.71914
3116	YEL073C	0.71914
3117	YER061C	0.71912
3118	YGL144C	0.71911
3119	YML063W	0.71908
3120	YDR044W	0.71904
3121	YMR286W	0.71901
3122	YGL024W	0.71886
3123	YBR200W	0.71886
3124	YNR054C	0.71885
3125	YMR122C	0.71884
3126	YDL118W	0.7188
3127	YOL010W	0.71872
3128	YJL222W-B	0.71872
3129	YIL175W	0.71872
3130	YMR182W-A	0.71866
3131	YDL198C	0.71866
3132	YAR033W	0.71865
3133	YIL156W-B	0.71862
3134	YDR053W	0.7186
3135	YPL062W	0.71852
3136	YDR178W	0.71851
3137	YKR060W	0.7185
3138	YPR014C	0.71849
3139	YHR115C	0.71846
3140	YNL048W	0.71844
3141	YHL045W	0.71838
3142	YNL160W	0.71831
3143	YDR132C	0.71827
3144	YOR215C	0.71825
3145	YFL010C	0.71824
3146	YHR180C-B	0.71816
3147	YLR362W	0.71813
3148	YML066C	0.71808
3149	YFR020W	0.71808
3150	YHR188C	0.718
3151	YPL181W	0.71799
3152	YHR028W-A	0.71795
3153	YDR496C	0.71791
3154	YNL162W-A	0.7179
3155	YOR345C	0.71787
3156	YOL146W	0.71771
3157	YGR176W	0.7177
3158	YGL051W	0.7177
3159	YGR034W	0.71768
3160	YPL196W	0.71767
3161	YDR427W	0.71765
3162	YER088C-A	0.71765
3163	YPL125W	0.71764
3164	YMR269W	0.71759
3165	YHR071C-A	0.71756
3166	YFL065C	0.71749
3167	YLR443W	0.71742
3168	YLR441C	0.71742
3169	YMR245W	0.71739
3170	YDR054C	0.71735
3171	YKL006C-A	0.71731
3172	YKL156C-A	0.71731
3173	YOR200W	0.71727
3174	YGR009C	0.71724
3175	YNL218W	0.71719
3176	YDL033C	0.71718
3177	YDL026W	0.71707
3178	YDL156W	0.71698
3179	YKL096W	0.71698
3180	YCR081C-A	0.71697
3181	YCR049C	0.71696
3182	YMR290W-A	0.71691
3183	YHR075C	0.71688
3184	YHL034W-A	0.71684
3185	YBR196C-B	0.71683
3186	YLR239C	0.7168
3187	YJL133W	0.71677
3188	YGL218W	0.71673
3189	YMR166C	0.71672
3190	YPL249C	0.71671
3191	YPR017C	0.71668
3192	YDL233W	0.7166
3193	YOR154W	0.71659
3194	YNL238W	0.71645
3195	YML042W	0.71643
3196	YDL213W-A	0.71641
3197	YLR088W	0.71636
3198	YGL260W	0.71623
3199	YGL235W	0.71616
3200	YGL216W	0.71614
3201	YDR274C	0.71614
3202	YIL028W	0.71611
3203	YNL043C	0.7161
3204	YML122C	0.71603
3205	YEL045C	0.71576
3206	YPL045W	0.71575
3207	YPL101W	0.71574
3208	YNR058W	0.71569
3209	YNL327W	0.71567
3210	YHR213W-A	0.71565
3211	YKL172W	0.71562
3212	YGL064C	0.7156
3213	YER048C	0.71553
3214	YCL023C	0.71549
3215	YKL007W	0.71547
3216	YLR261C	0.71547
3217	YJL005W	0.71547
3218	YJL194W	0.71542
3219	YEL048C	0.7154
3220	YIR032C	0.71536
3221	YKR103W	0.71534
3222	YOL043C	0.71533
3223	YMR254C	0.71533
3224	YHR022C-A	0.7153
3225	YBR288C	0.71529
3226	YBR189W	0.71528
3227	YNR056C	0.71524
3228	YCR045W-A	0.71518
3229	YOR050C	0.71511
3230	YKL174C	0.71508
3231	YLR162W	0.71507
3232	YMR105W-A	0.71506
3233	YOR278W	0.71502
3234	YGL111W	0.71489
3235	YGL243W	0.71482
3236	YNL168C	0.71478
3237	YIL147C	0.71477
3238	YNR021W	0.7147
3239	YPL109C	0.71467
3240	YNL250W	0.71461
3241	YKL096W-A	0.71459
3242	YDL215C	0.71457
3243	YDR293C	0.71453
3244	YBR141W-A	0.71449
3245	YAR028W	0.71442
3246	YER005W	0.7144
3247	YBR147W	0.71435
3248	YPR203W	0.71434
3249	YEL012W	0.71433
3250	YOR034C-A	0.71431
3251	YLR104W	0.7143
3252	YMR002W	0.71429
3253	YNL286W	0.71423
3254	YHR090C	0.7142
3255	YPL104W	0.7142
3256	YOL049W	0.71417
3257	YDR308C	0.71403
3258	YMR272W-A	0.714
3259	YDL248W	0.71399
3260	YOR379C	0.71399
3261	YJR161C	0.71394
3262	YCR083W	0.71386
3263	YNL284C	0.71383
3264	YJL142C	0.71382
3265	YDR349C	0.71376
3266	YKL055C	0.7137
3267	YJR019C	0.71362
3268	YJR150C	0.7136
3269	YLR450W	0.71355
3270	YDR320W-B	0.71348
3271	YDR524C-B	0.71347
3272	YPL063W	0.71346
3273	YLR455W	0.71342
3274	YPR053C	0.71341
3275	YDL172C	0.71337
3276	YNL063W	0.71336
3277	YLR080W	0.71332
3278	YBL037W	0.7133
3279	YDR134C	0.71325
3280	YIL133C	0.7132
3281	YJR154W	0.71311
3282	YHL022C	0.7131
3283	YDR430C	0.71309
3284	YLR021W	0.71309
3285	YLR114C	0.71308
3286	YNL251C	0.713
3287	YLR062C	0.71295
3288	YMR112C	0.71293
3289	YMR055C	0.71292
3290	YMR086C-A	0.71275
3291	YBR099C	0.71274
3292	YBR032W	0.7127
3293	YFL010W-A	0.71268
3294	YHL008C	0.71266
3295	YGR193C	0.71262
3296	YGR295C	0.71262
3297	YPL277C	0.71256
3298	YPL110C	0.71252
3299	YCL032W	0.71251
3300	YGL141W	0.71248
3301	YHR206W	0.71242
3302	YBL095W	0.71242
3303	YCL002C	0.71235
3304	YOL150C	0.71233
3305	YGL125W	0.7123
3306	YKL018W	0.71227
3307	YCR007C	0.71225
3308	YLR379W-A	0.71208
3309	YDL022C-A	0.71204
3310	YML129C	0.71198
3311	YHR086W	0.71192
3312	YER150W	0.71191
3313	YCR086W	0.7119
3314	YAL033W	0.71186
3315	YFR002W	0.71182
3316	YOR198C	0.71181
3317	YMR043W	0.7117
3318	YGR269W	0.71167
3319	YIR007W	0.71167
3320	YIL167W	0.71167
3321	YFL040W	0.71166
3322	YOR296W	0.71162
3323	YNL004W	0.71159
3324	YDR306C	0.71157
3325	YNL291C	0.71155
3326	YBR113W	0.71153
3327	YDR302W	0.71151
3328	YDL068W	0.71145
3329	YOL047C	0.71144
3330	YMR158W	0.7114
3331	YBR205W	0.71138
3332	YJL091C	0.71137
3333	YHL002C-A	0.71128
3334	YDR036C	0.71127
3335	YJR076C	0.71127
3336	YLR122C	0.71124
3337	YOR389W	0.71122
3338	YOR005C	0.71122
3339	YAL045C	0.71121
3340	YGR143W	0.71113
3341	YOR067C	0.7111
3342	YKL056C	0.71108
3343	YDR152W	0.71107
3344	YLR128W	0.71104
3345	YJR052W	0.711
3346	YOL152W	0.71099
3347	YNL283C	0.71097
3348	YJR005W	0.71084
3349	YDR419W	0.71082
3350	YGL083W	0.71077
3351	YEL033W	0.71075
3352	YLR286W-A	0.71073
3353	YBL033C	0.71073
3354	YML031W	0.71071
3355	YDR250C	0.7107
3356	YBR226C	0.71068
3357	YDL066W	0.71067
3358	YGR186W	0.71066
3359	YJL042W	0.71065
3360	YJR128W	0.71062
3361	YDR282C	0.71062
3362	YPL022W	0.71057
3363	YOL127W	0.71052
3364	YGL244W	0.7105
3365	YGL250W	0.71034
3366	YDR171W	0.71032
3367	YMR251W-A	0.7103
3368	YJL183W	0.71021
3369	YGL248W	0.71019
3370	YBR121C-A	0.71007
3371	YDL163W	0.71007
3372	YKL132C	0.71006
3373	YHR067W	0.71003
3374	YOL102C	0.71
3375	YGL161C	0.7099
3376	YOR330C	0.70989
3377	YJR112W	0.70985
3378	YDR058C	0.70984
3379	YDR118W-A	0.70984
3380	YER048W-A	0.70983
3381	YMR213W	0.70977
3382	YPL215W	0.70976
3383	YOR141C	0.70975
3384	YBR116C	0.70962
3385	YMR233W	0.70961
3386	YNL306W	0.70957
3387	YIL006W	0.70954
3388	YNL261W	0.70953
3389	YOL085C	0.70951
3390	YDL136W	0.70951
3391	YDL191W	0.70951
3392	YLR235C	0.7095
3393	YBL044W	0.7095
3394	YMR194W	0.70948
3395	YOL141W	0.70948
3396	YLR116W	0.70948
3397	YBR233W	0.70945
3398	YOL052C-A	0.70942
3399	YPR077C	0.70937
3400	YKL206C	0.70936
3401	YML115C	0.70925
3402	YMR097C	0.70924
3403	YMR076C	0.70923
3404	YPR108W-A	0.70919
3405	YLR140W	0.70898
3406	YLR316C	0.70897
3407	YOR132W	0.70896
3408	YML051W	0.70894
3409	YPL116W	0.70894
3410	YGL179C	0.70894
3411	YNL116W	0.70892
3412	YIR023W	0.7089
3413	YGR003W	0.70888
3414	YIL107C	0.70886
3415	YLR149C-A	0.70884
3416	YLR430W	0.70883
3417	YJR050W	0.70879
3418	YBL061C	0.70876
3419	YNR075W	0.70875
3420	YOR008C	0.70872
3421	YDR442W	0.70867
3422	YGL152C	0.70857
3423	YEL008W	0.70856
3424	YDR187C	0.70854
3425	YAL042C-A	0.70852
3426	YNL089C	0.70851
3427	YKL179C	0.7085
3428	YLR280C	0.70848
3429	YGL016W	0.70848
3430	YOR035C	0.70844
3431	YDR512C	0.70843
3432	YCL049C	0.7084
3433	YAR029W	0.70837
3434	YGL187C	0.70825
3435	YCL016C	0.70824
3436	YFL047W	0.70814
3437	YNL124W	0.70814
3438	YIL140W	0.70807
3439	YGL102C	0.708
3440	YPL145C	0.70797
3441	YPL023C	0.70797
3442	YHR095W	0.70795
3443	YDL030W	0.70786
3444	YFR056C	0.70786
3445	YBR060C	0.7078
3446	YCR041W	0.70777
3447	YJR006W	0.70772
3448	YNL097C-B	0.70766
3449	YMR234W	0.70765
3450	YER154W	0.70764
3451	YDL032W	0.70762
3452	YER087C-B	0.70761
3453	YPL176C	0.70757
3454	YLR319C	0.70744
3455	YIL002C	0.70744
3456	YOR231W	0.70742
3457	YGR051C	0.7074
3458	YEL059W	0.70736
3459	YLR047C	0.70736
3460	YOR072W-A	0.70729
3461	YDL054C	0.70729
3462	YPL249C-A	0.70723
3463	YLR133W	0.70722
3464	YKL178C	0.70718
3465	YLR029C	0.70716
3466	YIR040C	0.70708
3467	YGR236C	0.70707
3468	YLR419W	0.70706
3469	YOL014W	0.70702
3470	YBR232C	0.70702
3471	YDL159W	0.70694
3472	YOR082C	0.70691
3473	YPL025C	0.70685
3474	YMR261C	0.70683
3475	YNL298W	0.70676
3476	YJL152W	0.70673
3477	YOR245C	0.70667
3478	YDL187C	0.70666
3479	YOR025W	0.70666
3480	YIL100W	0.70662
3481	YDR233C	0.70661
3482	YCL037C	0.70653
3483	YMR242C	0.70651
3484	YOR312C	0.70651
3485	YGR154C	0.70647
3486	YNL310C	0.70646
3487	YML127W	0.70643
3488	YPL263C	0.70642
3489	YOL048C	0.7064
3490	YJL139C	0.70635
3491	YFL051C	0.70634
3492	YIR017W-A	0.70634
3493	YGR270C-A	0.70623
3494	YNL042W-B	0.70621
3495	YEL015W	0.70621
3496	YKR063C	0.70617
3497	YJL025W	0.70613
3498	YBR231C	0.70612
3499	YKL071W	0.70603
3500	YML061C	0.70601
3501	YAR031W	0.70601
3502	YGR157W	0.70594
3503	YOR018W	0.70589
3504	YPL084W	0.70589
3505	YMR008C-A	0.70583
3506	YHR180W	0.70582
3507	YER037W	0.70582
3508	YDR169C-A	0.7058
3509	YNL137C	0.7058
3510	YAL034W-A	0.70578
3511	YDR114C	0.70576
3512	YKL214C	0.70571
3513	YDL195W	0.70567
3514	YKR035C	0.70563
3515	YPR016W-A	0.70563
3516	YCR071C	0.70549
3517	YNL017C	0.70548
3518	YHR077C	0.70547
3519	YFL031W	0.70544
3520	YJL053W	0.70538
3521	YMR189W	0.70535
3522	YMR158W-B	0.70527
3523	YAL059C-A	0.70524
3524	YOR212W	0.70524
3525	YGL109W	0.70521
3526	YJL129C	0.7052
3527	YNL296W	0.70504
3528	YGL045W	0.70502
3529	YDR434W	0.705
3530	YNL193W	0.70499
3531	YLR296W	0.70496
3532	YPL080C	0.70489
3533	YGR190C	0.70487
3534	YDR370C	0.70487
3535	YLR163C	0.70486
3536	YER014C-A	0.70483
3537	YOR014W	0.70483
3538	YNR040W	0.70481
3539	YDL071C	0.70476
3540	YOR309C	0.70474
3541	YOR219C	0.70474
3542	YLR266C	0.70472
3543	YNL146C-A	0.70465
3544	YPR160W-A	0.70457
3545	YLR112W	0.70453
3546	YJL197W	0.70452
3547	YGR217W	0.70452
3548	YNL094W	0.70439
3549	YMR177W	0.70438
3550	YPL064C	0.70438
3551	YHR011W	0.70434
3552	YOL057W	0.70433
3553	YBL069W	0.7043
3554	YPL112C	0.70429
3555	YDR319C	0.70422
3556	YDR344C	0.7041
3557	YMR110C	0.70408
3558	YDR503C	0.70407
3559	YOR054C	0.70402
3560	YMR047C	0.70394
3561	YMR121C	0.70393
3562	YPR018W	0.7039
3563	YDL171C	0.70388
3564	YMR312W	0.70388
3565	YBR200W-A	0.70386
3566	YLR427W	0.70382
3567	YCR038C	0.70379
3568	YFL029C	0.70378
3569	YDR479C	0.70375
3570	YGL118C	0.70367
3571	YOR031W	0.70367
3572	YOL037C	0.70364
3573	YPL225W	0.70362
3574	YHR198C	0.70361
3575	YGR261C	0.7036
3576	YLR207W	0.7036
3577	YPL210C	0.70341
3578	YPR091C	0.70333
3579	YHR060W	0.70332
3580	YOR068C	0.7033
3581	YOR051C	0.70327
3582	YGR119C	0.70326
3583	YER098W	0.70323
3584	YKL102C	0.70322
3585	YMR035W	0.70311
3586	YCR088W	0.7031
3587	YKL139W	0.70309
3588	YIR020W-A	0.70306
3589	YDL232W	0.70303
3590	YOL148C	0.70299
3591	YOR033C	0.70299
3592	YDL111C	0.70298
3593	YDR288W	0.70296
3594	YOR135C	0.70296
3595	YDL021W	0.70294
3596	YLR264C-A	0.70289
3597	YBR056W-A	0.70289
3598	YCR073C	0.70289
3599	YLR154C-G	0.70279
3600	YPL114W	0.70276
3601	YER030W	0.70275
3602	YBR048W	0.70273
3603	YDR025W	0.70273
3604	YNL301C	0.70266
3605	YOL120C	0.70266
3606	YKL131W	0.70258
3607	YGL172W	0.70248
3608	YIL151C	0.70226
3609	YDR154C	0.70226
3610	YJL047C	0.70225
3611	YDR087C	0.70224
3612	YEL067C	0.70223
3613	YKR069W	0.70219
3614	YLL037W	0.70213
3615	YMR102C	0.70211
3616	YIL134C-A	0.70209
3617	YOR300W	0.70206
3618	YPL083C	0.70205
3619	YLR317W	0.70201
3620	YFR045W	0.70201
3621	YOR072W	0.70199
3622	YOR267C	0.70196
3623	YMR227C	0.70196
3624	YEL030C-A	0.70191
3625	YKR075W-A	0.70185
3626	YBR103C-A	0.70184
3627	YPL065W	0.70184
3628	YDR289C	0.70173
3629	YER148W-A	0.70169
3630	YLR464W	0.70166
3631	YEL076C-A	0.70166
3632	YGL199C	0.70164
3633	YCR014C	0.70164
3634	YLR103C	0.70163
3635	YOR281C	0.70161
3636	YBR268W	0.70159
3637	YDL119C	0.70158
3638	YKL115C	0.70154
3639	YFR022W	0.70154
3640	YDL209C	0.70152
3641	YGR031C-A	0.70145
3642	YDL167C	0.70143
3643	YLR045C	0.70141
3644	YOR314W-A	0.7014
3645	YPL135C-A	0.70139
3646	YHR126C	0.70138
3647	YGR290W	0.70127
3648	YPL188W	0.70123
3649	YPR006C	0.70123
3650	YHL019W-A	0.7012
3651	YNL035C	0.70115
3652	YDR311W	0.70115
3653	YPL029W	0.70107
3654	YJL156W-A	0.70105
3655	YDL053C	0.70105
3656	YPL119C-A	0.70103
3657	YOL027C	0.701
3658	YBL070C	0.70099
3659	YKL076C	0.70098
3660	YFR052C-A	0.70096
3661	YNL258C	0.70094
3662	YPL009C	0.70094
3663	YDR410C	0.70091
3664	YHL007C	0.7009
3665	YER131W	0.70088
3666	YMR103C	0.70083
3667	YER144C	0.70081
3668	YLR124W	0.70074
3669	YOR073W-A	0.70073
3670	YGL191W	0.70069
3671	YBR134W	0.70056
3672	YBR126W-B	0.70055
3673	YGL258W-A	0.70051
3674	YML084W	0.7005
3675	YNL320W	0.70047
3676	YBR030W	0.70046
3677	YPL173W	0.7004
3678	YKL198C	0.7004
3679	YOR203W	0.70038
3680	YPL252C	0.70038
3681	YPL162C	0.70037
3682	YOR364W	0.70028
3683	YBL020W	0.70028
3684	YLR390W-A	0.70027
3685	YBL049W	0.70024
3686	YCL068C	0.70024
3687	YDL231C	0.70017
3688	YNR075C-A	0.70013
3689	YHL048W	0.70009
3690	YOR216C	0.70005
3691	YPR036W	0.69999
3692	YPR104C	0.69996
3693	YMR028W	0.69995
3694	YNL009W	0.6999
3695	YDL150W	0.69986
3696	YMR317W	0.69984
3697	YOR299W	0.6998
3698	YGL123C-A	0.6998
3699	YLR093C	0.69979
3700	YLR077W	0.69977
3701	YNL228W	0.69976
3702	YML132W	0.69972
3703	YBR302C	0.69972
3704	YEL076C	0.69971
3705	YIL131C	0.69964
3706	YOR386W	0.6996
3707	YDL148C	0.69959
3708	YPL195W	0.6995
3709	YOR146W	0.69949
3710	YGL189C	0.69949
3711	YMR007W	0.69946
3712	YBR111W-A	0.69944
3713	YLL038C	0.69944
3714	YPL053C	0.69941
3715	YDR347W	0.69939
3716	YLR206W	0.69939
3717	YIR020C-B	0.69938
3718	YCL046W	0.69936
3719	YNL252C	0.69934
3720	YJR120W	0.69933
3721	YEL018C-A	0.69932
3722	YPR133W-A	0.69932
3723	YBR271W	0.69924
3724	YDR162C	0.69922
3725	YGR212W	0.6992
3726	YGL031C	0.69918
3727	YDR034W-B	0.6991
3728	YBR005W	0.69907
3729	YKL173W	0.69905
3730	YLR164W	0.69901
3731	YLR269C	0.69898
3732	YLR240W	0.69898
3733	YMR013C-A	0.69897
3734	YPR105C	0.69893
3735	YPR189W	0.69892
3736	YLR032W	0.6988
3737	YOR363C	0.69875
3738	YKL215C	0.69871
3739	YPL100W	0.6987
3740	YPR135W	0.69869
3741	YPR048W	0.69864
3742	YPL019C	0.69863
3743	YOL013W-A	0.69862
3744	YLR301W	0.69855
3745	YLR248W	0.69853
3746	YJR044C	0.69852
3747	YDR365C	0.69843
3748	YIL111W	0.69842
3749	YNL336W	0.69839
3750	YKR049C	0.69835
3751	YLR115W	0.69834
3752	YDL240W	0.69827
3753	YIL008W	0.69826
3754	YPL047W	0.69826
3755	Q0060	0.69823
3756	YGL110C	0.69812
3757	YER058W	0.69811
3758	YOR029W	0.69811
3759	YPL251W	0.69808
3760	YDR363W-A	0.69806
3761	YKL183C-A	0.69802
3762	YDR253C	0.6979
3763	YBR028C	0.69789
3764	YDR444W	0.69788
3765	YGR216C	0.69787
3766	YKL100C	0.69787
3767	YDL003W	0.69784
3768	YKL188C	0.6978
3769	YDR004W	0.69778
3770	YKL137W	0.69767
3771	YDR472W	0.69763
3772	YDR215C	0.69762
3773	YJR098C	0.69761
3774	YNL273W	0.69758
3775	YER153C	0.69757
3776	YMR156C	0.69753
3777	YBR089W	0.69752
3778	YPL056C	0.6975
3779	YKL040C	0.69746
3780	YAL067W-A	0.69737
3781	YJL009W	0.69736
3782	YNL216W	0.69732
3783	YGR110W	0.6973
3784	YGR116W	0.69727
3785	YML095C	0.69725
3786	YDR393W	0.6972
3787	YDR174W	0.69718
3788	YMR125W	0.69717
3789	YOL054W	0.69717
3790	YBR086C	0.69714
3791	YFR010W-A	0.6971
3792	YOL108C	0.69706
3793	YBL080C	0.69706
3794	YIL154C	0.69706
3795	YNL173C	0.69704
3796	YLR107W	0.69699
3797	YOR340C	0.6969
3798	YDL157C	0.69684
3799	YIL047C-A	0.69684
3800	YDL234C	0.69683
3801	YDR478W	0.69683
3802	YKL066W	0.69679
3803	YKL125W	0.69678
3804	YLL019W-A	0.69678
3805	YLL059C	0.69669
3806	YMR247W-A	0.69668
3807	YOR111W	0.69666
3808	YMR289W	0.69665
3809	YPR057W	0.69663
3810	YER107W-A	0.69658
3811	YOL116W	0.69658
3812	YOR020W-A	0.69655
3813	YOL128C	0.69655
3814	YOL083C-A	0.69647
3815	YDR230W	0.69647
3816	YPR010C-A	0.69644
3817	YAL001C	0.69644
3818	YKL223W	0.69642
3819	YPR141C	0.69642
3820	YDR175C	0.69635
3821	YMR272W-B	0.69628
3822	YNL289W	0.69627
3823	YPR195C	0.69625
3824	YMR291W	0.69616
3825	YPR166C	0.69614
3826	YIL018W	0.69608
3827	YFR031C-A	0.69608
3828	YLR110C	0.69607
3829	YDR266C	0.69601
3830	YKR032W	0.69596
3831	YGL063C-A	0.69592
3832	YJL169W	0.6959
3833	YBL047C	0.6959
3834	YLR299W	0.69587
3835	YJR079W	0.69577
3836	YNR001W-A	0.69575
3837	YLR290C	0.69571
3838	YDR440W	0.69566
3839	YIL079C	0.6956
3840	YCR085W	0.69558
3841	YOR108C-A	0.69557
3842	YPL233W	0.69556
3843	YOR353C	0.69553
3844	YKL077W	0.69543
3845	YER053C-A	0.69535
3846	YKL036C	0.69526
3847	YEL053C	0.69511
3848	YMR004W	0.69511
3849	YML031C-A	0.695
3850	YIR017C	0.69495
3851	YHL015W-A	0.69494
3852	YBL035C	0.69486
3853	YGR148C	0.69475
3854	YLR371W	0.69475
3855	YFL062W	0.69468
3856	YIL087C	0.69458
3857	YGR202C	0.69457
3858	YIL038C	0.69452
3859	YJL102W	0.69445
3860	YPL271W	0.69439
3861	YNL269W	0.69437
3862	YKR061W	0.69429
3863	YOL155W-A	0.69423
3864	YGR117C	0.69421
3865	YOL051W	0.69416
3866	YLR120W-A	0.69415
3867	YHR124W	0.69415
3868	YNL032W	0.69411
3869	YIL161W	0.6941
3870	YIR020C	0.6941
3871	YLR013W	0.69402
3872	YMR087W	0.69402
3873	YLR161W	0.69402
3874	YLR159W	0.69402
3875	YLR156W	0.69402
3876	YGR112W	0.69395
3877	YNL119W	0.69394
3878	YOR008W-B	0.69387
3879	YIL115W-A	0.69382
3880	YPL044C	0.69377
3881	YMR119W-A	0.69374
3882	YPL243W	0.69371
3883	YPL247C	0.69363
3884	YNL303W	0.69356
3885	YLR412C-A	0.69351
3886	YGL204C	0.69342
3887	YFL031C-A	0.69342
3888	YHR139C-A	0.69331
3889	YJL004C	0.69319
3890	YER083C	0.69315
3891	YHR118C	0.69312
3892	YKL047W	0.69311
3893	YDR122W	0.69307
3894	YBR144C	0.69307
3895	YML100W	0.69303
3896	YKL064W	0.69302
3897	YDR168W	0.69294
3898	YDR149C	0.69292
3899	YJL177W	0.69283
3900	YCR064C	0.69272
3901	YOR138C	0.69272
3902	YER126C	0.69271
3903	YJL184W	0.69271
3904	YOR134W	0.69266
3905	YGR099W	0.69266
3906	YKL053W	0.69257
3907	YOR233W	0.69252
3908	YLR416C	0.69248
3909	YML013W	0.69247
3910	YOL022C	0.69236
3911	YOR360C	0.69228
3912	YML011C	0.69227
3913	YBL101C	0.69224
3914	YIL156W-A	0.6922
3915	YJR022W	0.6922
3916	YLR387C	0.6922
3917	YDR150W	0.69219
3918	YMR216C	0.69215
3919	YLL062C	0.69211
3920	YNL145W	0.69202
3921	YLR111W	0.69193
3922	YOR334W	0.69187
3923	YOR269W	0.69186
3924	YJL193W	0.69184
3925	YBR246W	0.69184
3926	YPL148C	0.69181
3927	YIR018C-A	0.69179
3928	YIR021W	0.69176
3929	YGR102C	0.69175
3930	YOL149W	0.69164
3931	YMR194C-A	0.69162
3932	YJR123W	0.69157
3933	YCR042C	0.6915
3934	YIR043C	0.69148
3935	YMR039C	0.69147
3936	YHR172W	0.69131
3937	YHR133C	0.69128
3938	YHR081W	0.69128
3939	YHR086W-A	0.69127
3940	YIL050W	0.69123
3941	YGR226C	0.6912
3942	YDR010C	0.69117
3943	YDR316W	0.69115
3944	YOR237W	0.69115
3945	YBR260C	0.69112
3946	YDR244W	0.69109
3947	YDL091C	0.69108
3948	YLR302C	0.69105
3949	YOL097W-A	0.69103
3950	YHL006W-A	0.691
3951	YDR405W	0.69095
3952	YLR323C	0.69093
3953	YLR194C	0.69091
3954	YLR150W	0.69077
3955	YFL036W	0.69077
3956	YGR014W	0.69075
3957	YCR093W	0.69072
3958	YKL010C	0.69072
3959	YDR192C	0.69069
3960	YGR033C	0.69067
3961	YEL008C-A	0.69067
3962	YOR026W	0.69065
3963	YNL150W	0.69065
3964	YPL069C	0.69062
3965	YLR379W	0.69058
3966	YGL153W	0.69053
3967	YBR074W	0.69051
3968	YDR360W	0.6905
3969	YIL061C	0.69049
3970	YOL038C-A	0.69048
3971	YBL097W	0.69046
3972	YAR053W	0.69044
3973	YDL024C	0.69043
3974	YNL182C	0.6904
3975	YAR035C-A	0.69035
3976	YKL180W	0.69034
3977	YLR415C	0.69033
3978	YMR223W	0.6903
3979	YBL039C-A	0.69023
3980	YOR090C	0.69018
3981	YLR012C	0.69015
3982	YGL129C	0.69014
3983	YKL177W	0.69014
3984	YJR004C	0.69012
3985	YHR054W-A	0.6901
3986	YHR052W-A	0.6901
3987	YJL141C	0.69008
3988	YGR006W	0.69007
3989	YPR177C	0.69004
3990	YOR156C	0.69003
3991	YJL015C	0.68997
3992	YER101C	0.68994
3993	YAL014C	0.68987
3994	YKR064W	0.68981
3995	YJL222W-A	0.68975
3996	YIL174W	0.68975
3997	R0020C	0.68968
3998	YMR259C	0.68968
3999	YHR055C	0.68962
4000	YHR053C	0.68962
4001	YCR025C	0.68959
4002	YMR173W	0.68959
4003	YCR035C	0.68958
4004	YDL025W-A	0.68957
4005	YKL012W	0.68956
4006	YCR102W-A	0.68954
4007	YGR149W	0.68943
4008	YML130C	0.68942
4009	YJL203W	0.68932
4010	YOR183W	0.68929
4011	YLR368W	0.68927
4012	YDL221W	0.68926
4013	YBR253W	0.68924
4014	YNL217W	0.68923
4015	Q0160	0.68923
4016	YIR044C	0.68921
4017	YLR123C	0.68919
4018	YPL037C	0.68915
4019	YGR223C	0.68911
4020	YLR157W-E	0.68909
4021	YBR277C	0.68908
4022	YKL058W	0.68907
4023	YLR125W	0.68904
4024	YDR467C	0.68903
4025	YJL127C-B	0.68891
4026	YAR070C	0.68887
4027	YOR335W-A	0.68885
4028	YBR266C	0.68884
4029	YML034C-A	0.68883
4030	YNL221C	0.68877
4031	YJR036C	0.68871
4032	YBR036C	0.68868
4033	YER021W	0.68866
4034	YMR031W-A	0.68866
4035	YOR008C-A	0.68856
4036	YIR030W-A	0.68851
4037	YNR018W	0.68849
4038	YKR092C	0.68838
4039	YPL191C	0.68833
4040	YPL189W	0.6882
4041	YDR073W	0.68816
4042	YGR265W	0.68815
4043	YBR181C	0.68801
4044	YPL090C	0.68801
4045	YJR038C	0.688
4046	YLR154W-B	0.688
4047	YOR343C	0.68798
4048	YIL068W-A	0.68797
4049	YHR196W	0.68789
4050	YLR444C	0.68785
4051	YPL205C	0.68784
4052	Q0055	0.68783
4053	YGL213C	0.68782
4054	YDR290W	0.6878
4055	YJR051W	0.68776
4056	YCL004W	0.68774
4057	YNL052W	0.68772
4058	YJR023C	0.68766
4059	YLR016C	0.68757
4060	YHL035C	0.68757
4061	YGL094C	0.68756
4062	YDR524W-C	0.68752
4063	YCR024C-B	0.68737
4064	YPR175W	0.68735
4065	YAL051W	0.68735
4066	YGL098W	0.68733
4067	YNL277W-A	0.68732
4068	YNL308C	0.68729
4069	YGL169W	0.68726
4070	YMR135W-A	0.68724
4071	YLR097C	0.68714
4072	YER145C-A	0.68713
4073	YDR525W	0.68713
4074	YJR136C	0.68706
4075	YPL182C	0.68706
4076	YBL083C	0.68704
4077	YGR167W	0.68697
4078	YAL025C	0.68687
4079	YKR058W	0.68679
4080	YOR070C	0.68679
4081	YKL100W-A	0.68678
4082	YKL140W	0.68674
4083	YMR033W	0.68672
4084	YOR075W	0.68662
4085	YOR038C	0.68659
4086	YIL012W	0.68658
4087	YIL017C	0.68657
4088	YNL242W	0.68652
4089	YNL208W	0.68652
4090	YDR205W	0.68647
4091	YGL127C	0.68647
4092	YER078C	0.68646
4093	YML116W-A	0.68646
4094	YDR421W	0.68641
4095	YBL008W	0.68641
4096	YHR214C-E	0.68634
4097	YDR003W	0.68628
4098	YBR076C-A	0.68628
4099	YDR102C	0.68627
4100	YCL065W	0.68624
4101	YIL150C	0.68623
4102	YKL044W	0.68623
4103	YGL029W	0.68619
4104	YDL175C	0.68618
4105	YHL012W	0.68617
4106	YGR064W	0.68613
4107	YDR106W	0.68612
4108	YJL022W	0.68612
4109	YJL077C	0.6861
4110	YOL001W	0.6861
4111	YKL142W	0.6861
4112	YKL045W	0.68603
4113	YKL033W	0.68602
4114	YGR166W	0.68602
4115	YER151C	0.68593
4116	YDR246W-A	0.68592
4117	YOR106W	0.6859
4118	YJR018W	0.68588
4119	YIL032C	0.68583
4120	YPR191W	0.68583
4121	YGL217C	0.68579
4122	YDL196W	0.68568
4123	YDR220C	0.68568
4124	YIL085C	0.68567
4125	YPR063C	0.68566
4126	YHL049C	0.68557
4127	YBR059C	0.68553
4128	YMR001C-A	0.68537
4129	YER127W	0.68531
4130	YIR006C	0.68522
4131	YDR126W	0.68522
4132	YPL268W	0.6852
4133	YDL162C	0.68516
4134	YER172C-A	0.68515
4135	YGR146C-A	0.68515
4136	YLL054C	0.68491
4137	YFL025C	0.68488
4138	YDR526C	0.68486
4139	YDR301W	0.68485
4140	YDR026C	0.68474
4141	YFL009W	0.68474
4142	YOR365C	0.68473
4143	YMR193W	0.68465
4144	YNL236W	0.68463
4145	YPR045C	0.68461
4146	YPL167C	0.68458
4147	YFL064C	0.68456
4148	YAL034C-B	0.68452
4149	YER046W-A	0.68452
4150	YBR280C	0.68452
4151	YKL219W	0.68445
4152	YFR037C	0.68433
4153	YCR097W-A	0.68431
4154	YKL123W	0.68429
4155	YOR376W	0.68429
4156	YNR005C	0.68425
4157	YHR180W-A	0.68424
4158	YGR259C	0.68416
4159	YJR100C	0.68415
4160	YPR096C	0.68411
4161	YJR114W	0.68411
4162	YGL254W	0.68408
4163	YIL096C	0.68407
4164	YNR003W-A	0.684
4165	YNL186W	0.684
4166	YJL197C-A	0.68389
4167	YFR013W	0.68379
4168	YEL016C	0.68369
4169	YNL177C	0.68369
4170	YFR016C	0.68367
4171	YJL215C	0.68367
4172	YGL072C	0.68364
4173	YHR073W-A	0.68362
4174	YPL183W-A	0.68357
4175	YGR038W	0.68355
4176	YPL038W	0.68349
4177	YDL116W	0.68348
4178	YOL105C	0.68339
4179	YLL031C	0.68337
4180	YIL029W-A	0.68335
4181	YLR162W-A	0.68328
4182	YDR079W	0.68328
4183	YKL090W	0.68325
4184	YNL085W	0.68321
4185	YHR007C-A	0.68318
4186	YNL103W-A	0.68313
4187	YNL144W-A	0.68311
4188	YFR012W-A	0.6831
4189	YMR013W-A	0.6831
4190	YLR015W	0.68305
4191	YKL043W	0.68297
4192	YOR199W	0.68294
4193	YBR298C-A	0.68288
4194	YGR068C	0.68283
4195	YCL058C	0.68278
4196	YJR097W	0.68278
4197	YNL325C	0.68271
4198	YOR316C-A	0.6827
4199	YLR071C	0.6827
4200	YHR073C-B	0.68269
4201	YEL020C-B	0.68268
4202	YHR009C	0.68267
4203	YML049C	0.68265
4204	YJR033C	0.68263
4205	YER023C-A	0.6826
4206	YGR160W	0.6826
4207	YDR320C-A	0.68259
4208	YJR142W	0.68256
4209	YDR095C	0.68255
4210	YNL324W	0.68253
4211	YMR010W	0.68252
4212	YER034W	0.68251
4213	YOL033W	0.68251
4214	YFR026C	0.68247
4215	YDR020C	0.68244
4216	YNR023W	0.68239
4217	YBR278W	0.68237
4218	YCR077C	0.68233
4219	YOL160W	0.68227
4220	YMR231W	0.68226
4221	YGL032C	0.68222
4222	YPL197C	0.6822
4223	YAL013W	0.68216
4224	YLR154W-A	0.68216
4225	YGR068W-A	0.68212
4226	YJL067W	0.68209
4227	YDL058W	0.68201
4228	YJL135W	0.682
4229	YPR160C-A	0.682
4230	YCL012C	0.68196
4231	YBR158W	0.68194
4232	YKL203C	0.68187
4233	YDR327W	0.68184
4234	YMR157C	0.68179
4235	YDR407C	0.68178
4236	YIL057C	0.68175
4237	YGL085W	0.68175
4238	YPR050C	0.68175
4239	YGL052W	0.68173
4240	YBL092W	0.68172
4241	YIL095W	0.68172
4242	YJR090C	0.6817
4243	YCR047W-A	0.68161
4244	YLR361C-A	0.68152
4245	YOR161C-C	0.6815
4246	YML096W	0.68147
4247	YNL138W-A	0.68147
4248	YOR072W-B	0.68136
4249	YGR174W-A	0.68134
4250	YOR305W	0.68124
4251	YCR052W	0.68122
4252	YJL120W	0.6812
4253	YLR063W	0.68118
4254	YNL294C	0.68114
4255	YHR032W-A	0.68112
4256	YDR261C	0.68107
4257	YHR186C	0.68105
4258	YMR295C	0.68103
4259	YJL062W-A	0.68098
4260	YBR281C	0.68097
4261	YBR247C	0.68093
4262	YCR067C	0.68092
4263	YMR106C	0.68089
4264	YOR171C	0.68082
4265	YKL075C	0.68077
4266	YMR168C	0.68075
4267	YDR403W	0.68068
4268	YGR090W	0.68067
4269	YPR169W	0.68059
4270	YOR314W	0.68057
4271	YNL158W	0.68048
4272	YBL065W	0.68043
4273	YHR122W	0.68041
4274	YNL077W	0.68035
4275	YIL026C	0.68027
4276	YJL206C	0.68022
4277	YML088W	0.68019
4278	YKR041W	0.68018
4279	YLR314C	0.68018
4280	YCR054C	0.68016
4281	YGR278W	0.67993
4282	YJL006C	0.67987
4283	YDR527W	0.67987
4284	YKR071C	0.67983
4285	YDR242W	0.6798
4286	YDR052C	0.67979
4287	YMR315W-A	0.67976
4288	YGL088W	0.67966
4289	YHL005C	0.67952
4290	YJL140W	0.67949
4291	YGL228W	0.67943
4292	YBR085C-A	0.67943
4293	YMR082C	0.67937
4294	YKR073C	0.67921
4295	YOL076W	0.67913
4296	YPR130C	0.67908
4297	YHR083W	0.67905
4298	YMR005W	0.67904
4299	YKR072C	0.6789
4300	YBR178W	0.67886
4301	YLL017W	0.67885
4302	YAL055W	0.67879
4303	YGL188C	0.67866
4304	YBR255C-A	0.67864
4305	YAL064W	0.67863
4306	YLR365W	0.67859
4307	YJL069C	0.67855
4308	YJR147W	0.67841
4309	YGL149W	0.67841
4310	YGR158C	0.67837
4311	YDR206W	0.67835
4312	YML032C	0.67823
4313	YMR316C-A	0.67816
4314	YNL174W	0.67816
4315	YKL018C-A	0.67813
4316	YDR354W	0.6781
4317	YBR131C-A	0.6781
4318	YBR258C	0.67808
4319	YIL072W	0.67805
4320	YIL089W	0.67796
4321	YMR024W	0.67796
4322	YOR229W	0.67795
4323	YKL106W	0.67778
4324	YLR342W-A	0.67769
4325	YKL057C	0.67764
4326	YHR125W	0.67764
4327	YJL211C	0.67756
4328	YLR385C	0.67755
4329	YMR012W	0.67753
4330	YJL188C	0.67744
4331	YCL054W-A	0.67743
4332	YIL137C	0.67742
4333	YHR022C	0.67739
4334	YJL123C	0.67739
4335	YGL257C	0.67739
4336	Q0070	0.67735
4337	YKL083W	0.67726
4338	YBL074C	0.67722
4339	YBR027C	0.67718
4340	YOR210W	0.67712
4341	YDR437W	0.6771
4342	YIL042C	0.67709
4343	YPL152W-A	0.67707
4344	YGL180W	0.677
4345	YNL086W	0.67695
4346	YML048W	0.67692
4347	YHR150W	0.67692
4348	YNR069C	0.67691
4349	YPR029C	0.67687
4350	YCL055W	0.67686
4351	YOR041C	0.67682
4352	YHR197W	0.6768
4353	YPR039W	0.67675
4354	YGR069W	0.67671
4355	YJR111C	0.67668
4356	YDL225W	0.67668
4357	YCL007C	0.6766
4358	YKL175W	0.6766
4359	YLR364C-A	0.67657
4360	YMR026C	0.67657
4361	YNR007C	0.67654
4362	YOL088C	0.67653
4363	YDR079C-A	0.67652
4364	YGR227C-A	0.67648
4365	YML058W-A	0.67644
4366	YGL145W	0.67642
4367	YCR026C	0.6764
4368	YJR031C	0.67634
4369	YDL062W	0.67632
4370	YKL165C-A	0.67632
4371	YER090C-A	0.67632
4372	YPL041C	0.67629
4373	YKL201C	0.67625
4374	YMR230W-A	0.67625
4375	YOL144W	0.67623
4376	YER128W	0.67622
4377	YLR322W	0.67622
4378	YER088W-B	0.67622
4379	YPR116W	0.67613
4380	YCL076W	0.67613
4381	YNL187W	0.67606
4382	YNL338W	0.67604
4383	YOR225W	0.67587
4384	YCL029C	0.67586
4385	YHR054C-B	0.67575
4386	YHR052C-B	0.67575
4387	YHR080C	0.67574
4388	YCL034W	0.67573
4389	YLR023C	0.6757
4390	YGR205W	0.67558
4391	YDR521W	0.67552
4392	YOR149C	0.67539
4393	YGL056C	0.67538
4394	YDR101C	0.67523
4395	YGR228W	0.67519
4396	YKL104W-A	0.67517
4397	YDR241W	0.67514
4398	YGR096W	0.67511
4399	YCL052C	0.67509
4400	YGR188C	0.67509
4401	YPL007C	0.67508
4402	YNL227C	0.67501
4403	YHR127W	0.67501
4404	YIR011C	0.675
4405	YBL067C	0.675
4406	YJL029C	0.67492
4407	YDL151C	0.67483
4408	YLR202C	0.6748
4409	YGL239C	0.67475
4410	YDL035C	0.67472
4411	YMR077C	0.67466
4412	YNL271C	0.67462
4413	YNL267W	0.6746
4414	YPR072W	0.67459
4415	YJL100W	0.67458
4416	YPR139C	0.67454
4417	YLR285C-A	0.67453
4418	YLR225C	0.67449
4419	YMR307C-A	0.67446
4420	YOR190W	0.67445
4421	YDR136C	0.67445
4422	YPR136C	0.67434
4423	YJL202C	0.67432
4424	YMR126C	0.67432
4425	YPL038W-A	0.6743
4426	YOL026C	0.67429
4427	YML111W	0.67426
4428	YDR208W	0.67416
4429	YDR409W	0.67407
4430	YLR262C-A	0.67401
4431	YPR126C	0.67399
4432	YER079C-A	0.67395
4433	YDR218C	0.67394
4434	YLR199C	0.67393
4435	YHL037C	0.67393
4436	YPL228W	0.67391
4437	YLL004W	0.67391
4438	YDL146W	0.67385
4439	YBR230W-A	0.67377
4440	YNL051W	0.6737
4441	YKR065C	0.6737
4442	YMR281W	0.67368
4443	YMR115W	0.67366
4444	YJL106W	0.6736
4445	YDR049W	0.67359
4446	YML071C	0.67359
4447	YOR179C	0.67356
4448	YIL105W-A	0.67352
4449	YGL177W	0.67349
4450	YIL104C	0.67348
4451	YER067C-A	0.67344
4452	YBR209W	0.67343
4453	YGL121C	0.67342
4454	YGL192W	0.67341
4455	YOL071W	0.67334
4456	YJL166W	0.67319
4457	YBL012C	0.67319
4458	YIL070C	0.67318
4459	YIL130W	0.67317
4460	YBR142W	0.67316
4461	YBR193C	0.67314
4462	YFR009W-A	0.67312
4463	YDR015C	0.673
4464	YNL097C	0.67299
4465	YBL104C	0.67292
4466	YER115C	0.67291
4467	YJL165C	0.67288
4468	YNL143C	0.6728
4469	YDR080W	0.6728
4470	YGR128C	0.67276
4471	YNL272C	0.67273
4472	YOL079W	0.67266
4473	YIL115C	0.67263
4474	YAR069C	0.67255
4475	YHR214C-D	0.67255
4476	YLR163W-A	0.67255
4477	YMR013C	0.67252
4478	YLL030C	0.67249
4479	YLL044W	0.67244
4480	YDR371C-A	0.67241
4481	YOR263C	0.6724
4482	YLR204W	0.67227
4483	YPL072W	0.67226
4484	YLR166C	0.67217
4485	YKR021W	0.67216
4486	YFR034C	0.67212
4487	YDR180W	0.67211
4488	YHL043W	0.6721
4489	YLR068W	0.67209
4490	YGR042W	0.67208
4491	YHR059W	0.67205
4492	YAL002W	0.67202
4493	YMR274C	0.67192
4494	YAR027W	0.67191
4495	YDL122W	0.67189
4496	YHR056W-A	0.67184
4497	YGL226W	0.67182
4498	YBR296C-A	0.67181
4499	YPR155C	0.67176
4500	YJL077W-B	0.67174
4501	YHR021W-A	0.67174
4502	YMR141C	0.67168
4503	YEL075W-A	0.6716
4504	YOR060C	0.67159
4505	YGL007W	0.67157
4506	YPL073C	0.67152
4507	YPR187W	0.67151
4508	YPL078C	0.6715
4509	R0010W	0.67147
4510	YJR061W	0.67134
4511	YGL178W	0.67129
4512	YAL047W-A	0.67128
4513	YLR226W	0.67125
4514	YER087W	0.67123
4515	YJL148W	0.67118
4516	YGR070W	0.67117
4517	YPL241C	0.67106
4518	YGR174C	0.67104
4519	YLR463C	0.67103
4520	YLL006W-A	0.67102
4521	YPL185W	0.67095
4522	YDR426C	0.67093
4523	YIR001C	0.6708
4524	YOR191W	0.67073
4525	YNL097W-A	0.67069
4526	YBR016W	0.67067
4527	YDR504C	0.67067
4528	YGR182C	0.67065
4529	YGL158W	0.67059
4530	YOR282W	0.67053
4531	YEL050W-A	0.67052
4532	YDR278C	0.67047
4533	YGL188C-A	0.67035
4534	YJL156C	0.67032
4535	YHL030W	0.67029
4536	YER068C-A	0.6702
4537	YPL165C	0.67015
4538	YER139C	0.67012
4539	YKL089W	0.67011
4540	YFR043C	0.6701
4541	YDR213W	0.67006
4542	YBR282W	0.67003
4543	YDL009C	0.67001
4544	YLR154W-F	0.67
4545	YMR316W	0.66998
4546	YKL136W	0.66996
4547	YGL067W	0.66996
4548	YGR035W-A	0.66991
4549	YGR139W	0.6699
4550	YPR152C	0.66985
4551	YHR069C-A	0.66975
4552	YER067W	0.66969
4553	YGR091W	0.66964
4554	YGR204C-A	0.66951
4555	YOR248W	0.66932
4556	YGR056W	0.66927
4557	YNL120C	0.66919
4558	YHR001W-A	0.66915
4559	YNL140C	0.66911
4560	YNR035C	0.66909
4561	YFR001W	0.66904
4562	YJR102C	0.66903
4563	YER019C-A	0.66902
4564	YDR314C	0.669
4565	YMR294W-A	0.66892
4566	YNL114C	0.6689
4567	YNL179C	0.66889
4568	YLR388W	0.66881
4569	YLR154C	0.66863
4570	YAR008W	0.66852
4571	YCL057W	0.66847
4572	YGL233W	0.66832
4573	YDL142C	0.66808
4574	YCL058W-A	0.66807
4575	YEL074W	0.66805
4576	YML050W	0.66802
4577	YJR039W	0.66801
4578	YLR311C	0.66801
4579	YDR335W	0.66799
4580	YML007C-A	0.66797
4581	YLR035C	0.66795
4582	YBR206W	0.6679
4583	YPL248C	0.66787
4584	YLL002W	0.66785
4585	YLL046C	0.66782
4586	YDR003W-A	0.66781
4587	YLR132C	0.66769
4588	YKR085C	0.66766
4589	YLR233C	0.66759
4590	YML009C	0.66759
4591	YGR170W	0.66754
4592	YKL205W	0.66746
4593	YNR042W	0.66741
4594	YEL009C	0.66737
4595	YGR235C	0.66737
4596	YLL020C	0.6673
4597	YDR296W	0.66725
4598	YKL005C	0.66717
4599	YHR072W-A	0.66714
4600	YIL105C	0.66705
4601	YNR068C	0.667
4602	YMR275C	0.66698
4603	YGR045C	0.66696
4604	YOR322C	0.66696
4605	YDR163W	0.66693
4606	YER102W	0.66688
4607	YBL072C	0.66688
4608	YJL136W-A	0.66687
4609	YGR122W	0.66684
4610	YNL170W	0.66683
4611	YLR428C	0.66683
4612	YBR186W	0.66679
4613	YJR140C	0.66673
4614	YIR005W	0.6667
4615	YPR099C	0.66665
4616	YDR473C	0.66663
4617	YKR007W	0.66661
4618	YLL066W-A	0.66661
4619	YLL067W-A	0.66661
4620	YFL068W	0.66661
4621	YPR097W	0.66652
4622	YGR291C	0.66648
4623	YGR206W	0.66647
4624	YHR073W	0.66641
4625	YGL150C	0.66635
4626	YDL185C-A	0.66633
4627	YBL077W	0.66632
4628	YLL051C	0.66632
4629	YHL028W	0.66629
4630	YJR082C	0.66629
4631	YLR396C	0.66627
4632	YPL074W	0.66619
4633	YLR309C	0.6661
4634	YAR019C	0.66603
4635	YDL013W	0.66598
4636	YDR110W	0.66596
4637	YDR160W	0.6659
4638	YPR001W	0.66588
4639	YJL071W	0.66586
4640	YJL046W	0.66583
4641	YGR114C	0.66581
4642	YBR179C	0.66579
4643	YHR087W	0.66555
4644	YKR023W	0.66551
4645	YBR022W	0.6655
4646	YOR288C	0.66547
4647	YMR240C	0.66545
4648	YOR366W	0.66542
4649	YAR030C	0.66541
4650	YPL186C	0.66533
4651	YMR182C	0.66527
4652	YLR466C-A	0.66524
4653	YOR396C-A	0.66524
4654	YLR467C-A	0.66524
4655	YIL060W	0.66509
4656	YLR425W	0.66508
4657	YJR054W	0.66506
4658	YGR178C	0.66505
4659	YDR413C	0.66504
4660	YER091C-A	0.66498
4661	YDR133C	0.6649
4662	YLR184W	0.66488
4663	YDR535C	0.66479
4664	YLR051C	0.66475
4665	YBR026C	0.66472
4666	YGR164W	0.66469
4667	YGR293C	0.66467
4668	YDL059C	0.66466
4669	YOR069W	0.66462
4670	YOR105W	0.66461
4671	YLR157W-D	0.6646
4672	YGR127W	0.66458
4673	YMR267W	0.66457
4674	YDR366C	0.66455
4675	YDR545C-A	0.66447
4676	YKL134C	0.66443
4677	YOR123C	0.66437
4678	YKL149C	0.66429
4679	YLR183C	0.66425
4680	YPL260W	0.66421
4681	YJL173C	0.6642
4682	YPL144W	0.66413
4683	YNL080C	0.66412
4684	YOR260W	0.66409
4685	YDR137W	0.66408
4686	YER068W	0.66405
4687	YBL071C-B	0.66403
4688	YHR146W	0.66402
4689	YJL131C	0.664
4690	YML133W-B	0.66395
4691	YNL339W-B	0.66395
4692	YHR219C-A	0.66395
4693	YDL025C	0.66394
4694	YOR124C	0.66387
4695	YLR337C	0.66386
4696	YOR205C	0.66375
4697	YIL020C-A	0.66372
4698	YAL043C	0.6637
4699	YDL099W	0.66368
4700	YAL026C-A	0.66368
4701	YER024W	0.66367
4702	YOL085W-A	0.66354
4703	YOR180C	0.66346
4704	YJR115W	0.66335
4705	YBL059C-A	0.66335
4706	YDR401W	0.66332
4707	YFL027C	0.66332
4708	YMR067C	0.6633
4709	YIL029C	0.66329
4710	YBR102C	0.66329
4711	YER105C	0.66323
4712	YPL163C	0.66321
4713	YBR279W	0.66318
4714	YMR137C	0.66317
4715	YMR122W-A	0.66317
4716	YPL107W	0.66316
4717	YOL166W-A	0.66315
4718	YNR061C	0.66312
4719	YOR293C-A	0.66309
4720	YOR064C	0.66308
4721	YGR296C-B	0.663
4722	YEL077W-A	0.663
4723	YPR204C-A	0.663
4724	YPL283W-B	0.663
4725	YER190C-B	0.663
4726	YDR445C	0.66297
4727	YDR460W	0.66287
4728	YMR154C	0.66286
4729	YGR002C	0.66278
4730	YNL109W	0.66278
4731	YGL195W	0.66274
4732	YDR367W	0.66273
4733	YGR059W	0.66272
4734	YDR323C	0.66265
4735	YER135C	0.66262
4736	YPL108W	0.66254
4737	YOR368W	0.66242
4738	YKL195W	0.6624
4739	YJR066W	0.66239
4740	YJL007C	0.66235
4741	YJL026C-A	0.66226
4742	YGL133W	0.66222
4743	YHR045W	0.66221
4744	YCL031C	0.66214
4745	YAL019W-A	0.6621
4746	YJL225W-A	0.66207
4747	YIL177W-A	0.66207
4748	YDR027C	0.662
4749	YDR486C	0.66196
4750	YJL182C	0.66192
4751	YGL247W	0.66186
4752	YMR320W	0.66183
4753	YGL146C	0.66171
4754	YOL028C	0.66166
4755	YCR039C	0.66163
4756	YCL067C	0.66163
4757	YPL032C	0.66162
4758	YGR025W	0.66162
4759	YPL137C	0.66162
4760	YLR459W	0.66156
4761	YNL084C	0.66145
4762	YML012C-A	0.66138
4763	YBL094C	0.66135
4764	YNL073W	0.66133
4765	YHR214W-A	0.66133
4766	YLR191W	0.66127
4767	YDR449C	0.66126
4768	YHL050W-A	0.66125
4769	YBR129C	0.66123
4770	YNL118C	0.66123
4771	YKL034W	0.6611
4772	YIL040W	0.66107
4773	YLR096W	0.66106
4774	YBR126W-A	0.66077
4775	YDR511W	0.66073
4776	YLR154W-C	0.66073
4777	YGL263W	0.66059
4778	YKL116C	0.66045
4779	YDR271C	0.66043
4780	YDR231C	0.66036
4781	YLR437C-A	0.66029
4782	YEL061C	0.65996
4783	R0040C	0.65994
4784	YIL009C-A	0.65994
4785	YPR074W-A	0.65992
4786	YOR080W	0.65987
4787	YGR169C-A	0.65981
4788	YPR146C	0.65973
4789	YNL128W	0.65972
4790	YGL203C	0.65971
4791	YDL153C	0.6597
4792	YOR174W	0.65952
4793	YPR085C	0.65948
4794	YKL088W	0.65946
4795	YHR217C	0.65943
4796	YBL045C	0.65937
4797	YKR033C	0.65929
4798	YKL054C	0.65927
4799	YPR148C	0.65914
4800	YKL169C	0.65898
4801	YDL061C	0.65896
4802	YMR175W-A	0.65892
4803	YHR138C	0.65888
4804	YMR313C	0.65883
4805	YOR166C	0.65878
4806	YAR068W	0.65877
4807	YOR346W	0.65875
4808	YOR256C	0.65874
4809	YCR095W-A	0.65872
4810	YDL237W	0.65868
4811	YNL211C	0.65863
4812	YKL049C	0.65862
4813	YJR002W	0.6586
4814	YDL065C	0.65857
4815	YPR071W	0.6585
4816	YNL038W	0.65844
4817	YFL023W	0.65838
4818	YNL024C-A	0.65834
4819	YKL016C	0.65833
4820	YDR333C	0.6583
4821	YAL037C-A	0.65827
4822	YBR084C-A	0.65822
4823	YBL027W	0.65822
4824	YLR288C	0.65822
4825	YDR179W-A	0.6582
4826	YBR284W	0.65815
4827	YMR209C	0.65813
4828	YNL315C	0.65813
4829	YBL008W-A	0.65809
4830	YPR150W	0.65809
4831	YNL002C	0.65798
4832	YHL041W	0.65792
4833	YAR020C	0.6579
4834	YLR370C	0.65789
4835	YOR194C	0.65787
4836	YKL082C	0.65784
4837	YOR344C	0.6578
4838	YBR064W	0.65778
4839	YOL095C	0.65778
4840	YDR420W	0.65776
4841	YBR065C	0.65776
4842	YHR058C	0.65769
4843	YDL002C	0.65769
4844	YNL249C	0.65768
4845	YGR109C	0.65768
4846	YDR153C	0.65749
4847	YIL046W-A	0.65749
4848	YHR214C-C	0.65743
4849	YFL013C	0.65741
4850	YIL132C	0.65728
4851	YER007W	0.65727
4852	YKL124W	0.65715
4853	YGR238C	0.65709
4854	YLR010C	0.65709
4855	YOR063W	0.657
4856	YGL025C	0.65694
4857	YMR159C	0.65685
4858	YDL114W-A	0.65684
4859	YDR199W	0.65677
4860	YDL074C	0.65675
4861	YMR211W	0.65673
4862	YCR063W	0.65666
4863	YPL128C	0.65665
4864	YDR246W	0.65661
4865	YDR157W	0.65659
4866	YNL019C	0.65656
4867	YLR402W	0.6565
4868	YNL033W	0.65647
4869	YDL012C	0.65647
4870	YJR151W-A	0.65637
4871	YPR040W	0.65635
4872	YML047W-A	0.65634
4873	YAR061W	0.65632
4874	YHR212W-A	0.65632
4875	YGR270W	0.65627
4876	YJR122W	0.65601
4877	YJR119C	0.656
4878	YLL016W	0.65597
4879	YJL205C	0.65596
4880	YMR130W	0.65593
4881	YNL304W	0.65584
4882	YDR412W	0.65584
4883	YOR032W-A	0.65571
4884	YBL113W-A	0.65557
4885	YGR165W	0.65556
4886	YLR417W	0.65537
4887	YKR096W	0.65537
4888	YLR456W	0.65532
4889	YCR003W	0.65527
4890	YKL111C	0.65523
4891	YDL133W	0.65521
4892	YFR052W	0.65521
4893	YDR108W	0.65516
4894	YCR091W	0.6551
4895	YPL155C	0.65499
4896	YGL116W	0.65497
4897	YMR061W	0.6549
4898	YHR049C-A	0.65482
4899	YPR179C	0.65477
4900	YDL203C	0.6547
4901	YNR028W	0.65467
4902	YBR040W	0.65463
4903	YEL068C	0.65461
4904	YNR037C	0.6546
4905	YKL099C	0.6546
4906	YLR171W	0.65452
4907	YEL028W	0.65451
4908	YHR078W	0.65449
4909	YGR219W	0.65444
4910	YBR012C	0.65437
4911	YPR089W	0.6542
4912	YIL027C	0.65419
4913	YDR006C	0.65418
4914	YOR319W	0.65412
4915	YGL092W	0.65405
4916	YDR245W	0.65405
4917	YGL014W	0.65402
4918	YGL014C-A	0.65391
4919	YAR060C	0.65384
4920	YHR212C	0.65384
4921	YGR171C	0.65381
4922	YJR140W-A	0.6538
4923	YER113C	0.65374
4924	YDR128W	0.65367
4925	YOR098C	0.6536
4926	YLR406C-A	0.6536
4927	YCR019W	0.65341
4928	YOR112W	0.65338
4929	YMR287C	0.65332
4930	YLL066W-B	0.65328
4931	Q0080	0.65325
4932	YAL059W	0.65321
4933	YDR072C	0.65305
4934	YBL028C	0.653
4935	YCR022C	0.65292
4936	YPR055W	0.65291
4937	YGR044C	0.6529
4938	YNL205C	0.65289
4939	YKL015W	0.65287
4940	YGL237C	0.65273
4941	YLR101C	0.65263
4942	YJL098W	0.65252
4943	YNL300W	0.65247
4944	YLR054C	0.65247
4945	YMR184W	0.65246
4946	YOL053W	0.65243
4947	YBR150C	0.65243
4948	YPR143W	0.65229
4949	YLR305C	0.65228
4950	YDL183C	0.65228
4951	YHR084W	0.65217
4952	YLR039C	0.65216
4953	YNR006W	0.65215
4954	YBR044C	0.65206
4955	YNL226W	0.65192
4956	YDR008C	0.65192
4957	YMR044W	0.65191
4958	YER137C	0.65186
4959	YHR063W-A	0.65163
4960	YGR052W	0.65162
4961	YNL067W-A	0.65156
4962	YMR212C	0.6515
4963	YOR302W	0.65143
4964	YJL101C	0.65141
4965	YFR049W	0.6514
4966	YLR363C	0.65132
4967	YJL054W	0.6512
4968	YBL010C	0.65119
4969	YBR135W	0.65116
4970	Q0017	0.65112
4971	YCR089W	0.65103
4972	YER137W-A	0.65098
4973	YER084W	0.65074
4974	YER008C	0.65073
4975	YOR043W	0.65072
4976	YDR501W	0.65069
4977	YMR185W	0.65067
4978	YER078W-A	0.65054
4979	YHR199C-A	0.6505
4980	YIL025C	0.65047
4981	YCL056C	0.65046
4982	YGR018C	0.65042
4983	YLR329W	0.65042
4984	YMR190C	0.6503
4985	YDR262W	0.6502
4986	YKL032C	0.65019
4987	YDL112W	0.65018
4988	YOL045W	0.65014
4989	YJL199C	0.65009
4990	YLR084C	0.65006
4991	YHL021C	0.65006
4992	YLR106C	0.65002
4993	YLR350W	0.65001
4994	YKR028W	0.64993
4995	YJL061W	0.64989
4996	YDR484W	0.64988
4997	YDR544C	0.64987
4998	YMR075C-A	0.64981
4999	YML020W	0.64979
5000	YLR392C	0.64977
5001	YLR336C	0.6497
5002	YER066C-A	0.6497
5003	YLR312W-A	0.64968
5004	YKL183W	0.64967
5005	YNL126W	0.64965
5006	YHL046W-A	0.64963
5007	YOR115C	0.64957
5008	YOR083W	0.64956
5009	YAR009C	0.64953
5010	YLR260W	0.6495
5011	YDL043C	0.64944
5012	YGR046W	0.64937
5013	YER189W	0.64931
5014	YPL192C	0.64927
5015	YML104C	0.64924
5016	Q0297	0.64923
5017	YOL101C	0.64918
5018	YJR126C	0.64916
5019	YIL077C	0.64907
5020	YBL004W	0.64892
5021	YBR212W	0.64887
5022	YDL247W-A	0.64886
5023	YPL123C	0.6488
5024	YMR141W-A	0.64876
5025	YDR194W-A	0.64874
5026	YKL168C	0.64873
5027	YKL122C	0.64865
5028	YNL265C	0.64849
5029	YGR072W	0.64846
5030	YIL002W-A	0.64842
5031	YFL012W-A	0.64836
5032	YGL108C	0.64826
5033	YDR283C	0.64824
5034	YDR359C	0.6482
5035	YDR198C	0.64814
5036	YBR216C	0.64813
5037	YOL166C	0.64809
5038	YOL087C	0.64807
5039	YGL132W	0.64805
5040	YOR392W	0.64803
5041	YMR048W	0.64798
5042	YHR158C	0.64794
5043	YMR019W	0.64791
5044	YJL109C	0.64784
5045	YDR279W	0.6478
5046	YGL142C	0.64779
5047	YPL096C-A	0.64762
5048	YNL026W	0.64762
5049	YBL086C	0.64756
5050	YJR087W	0.64756
5051	YLL049W	0.64748
5052	YNR044W	0.64748
5053	YBR161W	0.64739
5054	YJL127C	0.64727
5055	YDL067C	0.64721
5056	YDL179W	0.64711
5057	YLR127C	0.64707
5058	YGL041C	0.64704
5059	YMR247C	0.64702
5060	YGR097W	0.64697
5061	YHR079C	0.64695
5062	YPR202W	0.6469
5063	YML009W-B	0.64688
5064	YIL014C-A	0.64685
5065	YIL084C	0.64676
5066	YGR280C	0.64667
5067	YOR227W	0.64666
5068	YHL038C	0.64662
5069	YEL075C	0.64662
5070	YDR247W	0.64655
5071	YPL257W	0.64643
5072	YNL029C	0.64635
5073	YHR093W	0.64634
5074	YLR146W-A	0.64628
5075	YJL204C	0.64613
5076	YAL011W	0.64611
5077	YDL028C	0.6461
5078	YNL012W	0.64605
5079	YFR036W-A	0.64605
5080	YJR110W	0.64603
5081	YOR238W	0.64599
5082	YDR315C	0.64599
5083	YOR211C	0.64582
5084	YOR228C	0.6458
5085	YPR030W	0.64577
5086	YGL060W	0.64567
5087	YCR001W	0.64567
5088	YKL011C	0.64559
5089	YBR269C	0.64557
5090	YDR329C	0.64551
5091	YNL262W	0.64546
5092	YML046W	0.64538
5093	YHR214C-B	0.64537
5094	YAL037W	0.64516
5095	YAL069W	0.64516
5096	YBL107C	0.64512
5097	YGR258C	0.64506
5098	YMR153C-A	0.64501
5099	YDR509W	0.64501
5100	YPL040C	0.645
5101	YIL024C	0.64496
5102	YDR396W	0.64494
5103	YLR247C	0.64482
5104	YLL035W	0.64482
5105	YBL066C	0.64479
5106	YIL090W	0.64478
5107	YKL155C	0.6447
5108	YNL151C	0.64469
5109	YMR070W	0.64466
5110	YLR366W	0.64455
5111	YJL039C	0.64447
5112	YIL049W	0.64445
5113	YKL079W	0.64433
5114	YLR346C	0.64431
5115	YOL040C	0.64431
5116	YEL032C-A	0.64422
5117	YIL156W	0.64419
5118	YNL122C	0.64417
5119	YDR389W	0.64416
5120	YKR082W	0.64414
5121	YJL044C	0.64412
5122	YDR281C	0.64403
5123	YJL132W	0.64395
5124	YLR154W-E	0.64393
5125	YPL057C	0.64393
5126	YML099W-A	0.64386
5127	YDR156W	0.64376
5128	YDR340W	0.64367
5129	YGR130C	0.6435
5130	YCR082W	0.64344
5131	YMR283C	0.64336
5132	YLR400W	0.64333
5133	YDR251W	0.64328
5134	YFR029W	0.64323
5135	YKL110C	0.6432
5136	YDR326C	0.64316
5137	YBR122C	0.64312
5138	YPL020C	0.64312
5139	YDR414C	0.64307
5140	YER041W	0.64307
5141	YNL337W	0.64304
5142	YEL023C	0.64303
5143	YOR042W	0.64298
5144	YGL041C-B	0.6429
5145	YHR101C	0.64289
5146	YOR230W	0.64289
5147	YMR298W	0.64281
5148	YMR091C	0.64275
5149	YEL017W	0.64274
5150	YGL193C	0.64273
5151	YPR169W-A	0.64272
5152	YNL039W	0.64271
5153	YJR037W	0.64257
5154	YAL008W	0.64249
5155	YJL086C	0.6424
5156	YMR192W	0.64231
5157	YLR232W	0.64218
5158	YDR221W	0.64212
5159	YLR142W	0.64208
5160	YKR089C	0.64208
5161	YOL104C	0.64199
5162	YCR024C	0.64197
5163	YOL164W-A	0.64195
5164	YGR137W	0.64193
5165	YKL068W	0.6419
5166	YDR376W	0.64189
5167	YLL007C	0.64185
5168	YOR247W	0.64182
5169	YLL032C	0.64169
5170	YBR262C	0.64155
5171	YNL285W	0.64136
5172	YHR035W	0.64132
5173	YMR111C	0.64129
5174	YPL178W	0.64123
5175	YDR365W-B	0.64117
5176	YER085C	0.64114
5177	YDR455C	0.64095
5178	YMR165C	0.64093
5179	YDR252W	0.64068
5180	YJL037W	0.64066
5181	YOR186C-A	0.64064
5182	YDR416W	0.64061
5183	YNR022C	0.64056
5184	YGR008C	0.64048
5185	YBR219C	0.64037
5186	YER092W	0.64024
5187	YBR259W	0.64014
5188	YBR217W	0.64014
5189	YLR173W	0.64011
5190	YML054C-A	0.64008
5191	YDR470C	0.64
5192	YPL026C	0.63998
5193	YER076W-A	0.63992
5194	YOR011W-A	0.63981
5195	YBR290W	0.63974
5196	YOR081C	0.63974
5197	YGL160W	0.63969
5198	YAL065C	0.63962
5199	YKL143W	0.63956
5200	YLR437C	0.63955
5201	YLR177W	0.63955
5202	YDL214C	0.63953
5203	YDL045C	0.63951
5204	YGR147C	0.63949
5205	YBR196C-A	0.63947
5206	YNR059W	0.63943
5207	YER133W-A	0.63941
5208	YKL145W-A	0.6394
5209	YKL106C-A	0.63936
5210	YAR047C	0.63928
5211	YJL057C	0.63922
5212	YMR052C-A	0.6391
5213	YJR043C	0.63895
5214	YER138C	0.6389
5215	YBR240C	0.63887
5216	YGR017W	0.63873
5217	YML045W	0.63872
5218	YGR215W	0.63865
5219	YKL096C-B	0.63863
5220	YEL022W	0.63858
5221	YPL102C	0.63854
5222	YJR027W	0.63853
5223	YLL019C	0.63849
5224	YLR256W-B/YLR256W-C	0.63837
5225	YJR060W	0.63833
5226	YOL103W-B	0.6383
5227	YML016C	0.63829
5228	YGR151C	0.63829
5229	YMR172C-A	0.63822
5230	YBR123C	0.63821
5231	YKR006C	0.6382
5232	YOR338W	0.63818
5233	YKR101W	0.63811
5234	YER161C	0.63809
5235	YCR040W	0.63806
5236	YCL066W	0.63806
5237	YHL024W	0.63798
5238	YMR050C	0.63788
5239	YPR031W	0.63783
5240	YBR289W	0.63776
5241	YPL257W-B	0.6377
5242	YOR394C-A	0.63765
5243	YBR098W	0.63764
5244	YJL020C	0.63746
5245	YBR276C	0.63745
5246	YDR098C-B	0.63743
5247	YDR524C-A	0.63735
5248	YOR381W-A	0.63723
5249	YGR038C-B	0.63716
5250	YJL092W	0.63716
5251	YOR189W	0.63713
5252	YBL006C	0.63706
5253	YOR015W	0.63704
5254	YOL035C	0.63697
5255	YML039W	0.63695
5256	YDR485C	0.63689
5257	YLR091W	0.63688
5258	YPR158C-D	0.63685
5259	YDR462W	0.63681
5260	YBR300C	0.6368
5261	YKL118W	0.63677
5262	YPR137C-B	0.63673
5263	YGR227W	0.63665
5264	YER160C	0.63665
5265	YLR157C-B	0.63664
5266	YDR071C	0.63653
5267	YNL319W	0.63648
5268	YJL038C	0.63647
5269	YJR029W	0.63644
5270	YJR062C	0.63639
5271	YCL001W-A	0.63635
5272	YER035W	0.63634
5273	YGL134W	0.63633
5274	YHL020C	0.63624
5275	YDR210C-D	0.63621
5276	YLR035C-A	0.63609
5277	YDR048C	0.63605
5278	YDL114W	0.63599
5279	YGR161C-D	0.63597
5280	YNL054W-B	0.63575
5281	YDR431W	0.63564
5282	YHL025W	0.6356
5283	YDR197W	0.63559
5284	YLR227W-B	0.63554
5285	YGR027W-B	0.63547
5286	YBR012W-B	0.63546
5287	YIL066W-A	0.63541
5288	YPL278C	0.63538
5289	YDR316W-B	0.63532
5290	YOR017W	0.63515
5291	YJL020W-A	0.63514
5292	YBL107W-A	0.63508
5293	YDL204W	0.63503
5294	YJR012C	0.63498
5295	YLR434C	0.63495
5296	YDR119W-A	0.6349
5297	YER047C	0.6349
5298	YLR006C	0.63487
5299	YMR060C	0.63481
5300	YDR423C	0.6348
5301	YPR109W	0.6348
5302	YMR030W-A	0.63479
5303	YKR044W	0.63473
5304	YDR255C	0.63472
5305	YER077C	0.63471
5306	YDR147W	0.63467
5307	YJL047C-A	0.63466
5308	YGR057C	0.63465
5309	YGR011W	0.63464
5310	YOR142W-B	0.63461
5311	YOL004W	0.63459
5312	YER087C-A	0.63449
5313	YGL136C	0.63444
5314	YPL149W	0.63443
5315	YOL159C	0.63406
5316	YDR520C	0.63404
5317	YOR012W	0.63401
5318	YBL005W-B	0.63398
5319	YPL126W	0.63395
5320	YNL139C	0.63393
5321	YLR073C	0.63391
5322	YNL278W	0.63387
5323	YGR184C	0.63371
5324	YML117W	0.63368
5325	YER038W-A	0.63364
5326	YDL094C	0.63362
5327	YNL047C	0.63361
5328	YBL079W	0.6336
5329	YPR174C	0.63359
5330	YMR045C	0.63359
5331	YLR228C	0.63358
5332	YOR249C	0.63354
5333	YDL219W	0.6335
5334	YMR198W	0.63345
5335	YFL032W	0.63342
5336	YHR105W	0.63333
5337	YNL284C-B	0.63331
5338	YMR147W	0.63327
5339	YBR058C-A	0.6332
5340	YLR095C	0.63319
5341	YMR207C	0.63318
5342	YPR158W-B	0.63313
5343	YHL009W-A	0.63311
5344	YBL071C	0.63309
5345	YLR439W	0.63304
5346	YOR093C	0.63295
5347	YIL093C	0.63285
5348	YGL227W	0.63271
5349	YNL201C	0.63261
5350	YPR079W	0.6324
5351	YCR095C	0.6323
5352	YHR154W	0.6322
5353	YCL028W	0.63219
5354	YDR261C-D	0.63213
5355	YLR169W	0.63213
5356	YMR065W	0.6321
5357	YJL112W	0.63209
5358	YGL041W-A	0.63204
5359	YDR081C	0.63195
5360	YMR014W	0.63188
5361	YER158W-A	0.63188
5362	YDR489W	0.6317
5363	YLR407W	0.63155
5364	YHR109W	0.63152
5365	YML023C	0.63139
5366	YMR294W	0.63138
5367	YMR148W	0.63132
5368	YBL100W-C	0.63132
5369	YOR188W	0.63115
5370	YBR097W	0.63105
5371	YOL024W	0.63104
5372	YBR292C	0.63102
5373	YAL066W	0.63097
5374	YNR066C	0.63091
5375	YDR228C	0.63078
5376	YGR104C	0.63077
5377	YGR274C	0.63069
5378	YGR049W	0.63064
5379	YPL035C	0.63052
5380	YDR203W	0.63047
5381	YGR053C	0.63037
5382	YNL165W	0.63036
5383	YOR143C	0.63021
5384	YMR129W	0.63001
5385	YLR458W	0.62999
5386	YHR050W-A	0.62999
5387	YDL077C	0.62996
5388	YAL068W-A	0.62986
5389	YER118C	0.62964
5390	YOR182C	0.6296
5391	YLR287C-A	0.6296
5392	YMR053C	0.6294
5393	YIL056W	0.62936
5394	YCL039W	0.62935
5395	YNL136W	0.62934
5396	YLR462W	0.62925
5397	YKR004C	0.62925
5398	YLR217W	0.6291
5399	YHR023W	0.62894
5400	YLR466C-B	0.62889
5401	YMR237W	0.62884
5402	YBR051W	0.62883
5403	YNL253W	0.62868
5404	YDR273W	0.62867
5405	YKR083C	0.6286
5406	YMR029C	0.62853
5407	YDL220C	0.62852
5408	YAL056W	0.62849
5409	YLR358C	0.62845
5410	YPR026W	0.62843
5411	YIL163C	0.62836
5412	YLR148W	0.62831
5413	YPR075C	0.62826
5414	YDR125C	0.62813
5415	YDR377W	0.62813
5416	YMR133W	0.62809
5417	YKL141W	0.628
5418	YBR133C	0.62776
5419	YCL021W	0.62771
5420	YDR500C	0.62767
5421	YKL063C	0.62764
5422	YLR440C	0.62757
5423	YKR008W	0.62739
5424	YNL230C	0.62721
5425	YMR256C	0.62705
5426	YOR276W	0.62702
5427	YCR108C	0.62698
5428	YLR136C	0.62697
5429	YPL261C	0.62676
5430	YIL005W	0.62659
5431	YFR003C	0.62657
5432	YLR087C	0.62639
5433	YGR108W	0.62634
5434	YLR356W	0.62633
5435	YHR132W-A	0.62627
5436	YER093C	0.62625
5437	YMR073C	0.62619
5438	YAL031W-A	0.62604
5439	YJR093C	0.62591
5440	YHL044W	0.62578
5441	YDR068W	0.62574
5442	YDL240C-A	0.62565
5443	YOR231C-A	0.62562
5444	YJL201W	0.62552
5445	YGL006W-A	0.6255
5446	YJL114W	0.62549
5447	YIR021W-A	0.62546
5448	YLR185W	0.62545
5449	YLR294C	0.62519
5450	YGR156W	0.62514
5451	YEL072W	0.62507
5452	YLL013C	0.62502
5453	YOL032W	0.62497
5454	YNL050C	0.62486
5455	YDL216C	0.62481
5456	YLR001C	0.62477
5457	YDL242W	0.6247
5458	YCL022C	0.6246
5459	YER138W-A	0.62447
5460	YGL124C	0.62444
5461	YOL134C	0.6244
5462	YNL215W	0.62439
5463	YDR507C	0.62422
5464	YIL030W-A	0.62421
5465	YLR036C	0.62421
5466	YBR191W-A	0.62412
5467	YNL011C	0.62411
5468	YLL040C	0.6241
5469	YOL107W	0.62407
5470	YOR329C	0.62403
5471	YEL010W	0.62392
5472	YJL150W	0.62384
5473	YGL168W	0.62378
5474	YPR022C	0.6237
5475	YBR195C	0.62369
5476	YDL070W	0.62368
5477	YPL254W	0.62363
5478	YDR141C	0.62357
5479	YOR337W	0.62344
5480	YER169W	0.62343
5481	YMR171C	0.62334
5482	YOR333C	0.6233
5483	YBR257W	0.6233
5484	YOL109W	0.62328
5485	YKR046C	0.62323
5486	YLR395C	0.62321
5487	YIR014W	0.62313
5488	YGL007C-A	0.62302
5489	Q0075	0.62301
5490	YNL235C	0.62298
5491	YLR265C	0.62292
5492	YCL019W	0.62285
5493	YCR016W	0.62271
5494	YBR128C	0.62269
5495	YLR321C	0.62267
5496	YHR136C	0.62262
5497	YDR285W	0.62259
5498	YGL131C	0.62257
5499	YBL084C	0.62255
5500	YPR015C	0.62247
5501	YNL041C	0.62224
5502	YNL314W	0.62211
5503	YML107C	0.62209
5504	YCL001W	0.62202
5505	YDR363W	0.622
5506	YGL174W	0.622
5507	YPL005W	0.622
5508	YDR143C	0.62187
5509	YHR155W	0.62178
5510	YML036W	0.62177
5511	YBR182C-A	0.62169
5512	YDL181W	0.62154
5513	YGR198W	0.6215
5514	YLR119W	0.6215
5515	YPL105C	0.62138
5516	YMR118C	0.62137
5517	YCR020W-B	0.62135
5518	YFR042W	0.62127
5519	YHR193C-A	0.62118
5520	YER112W	0.62099
5521	YJR059W	0.62098
5522	YPR020W	0.62093
5523	YAL017W	0.62091
5524	YOR373W	0.6209
5525	YNR031C	0.62088
5526	YBR120C	0.62061
5527	YNL198C	0.62056
5528	YHR015W	0.62035
5529	YGR106C	0.6203
5530	YGR075C	0.62016
5531	YDR124W	0.62008
5532	YPL141C	0.62002
5533	YFL002W-A	0.62002
5534	YGR161W-B	0.62002
5535	YOL017W	0.61999
5536	YDR261C-C	0.61992
5537	YBR233W-A	0.61985
5538	YJL157C	0.61982
5539	YJR091C	0.61978
5540	Q0110	0.61971
5541	YOR192C-B	0.61961
5542	YOL019W	0.61957
5543	YDR261W-B	0.6195
5544	YMR017W	0.61937
5545	YBL025W	0.61936
5546	YGR038C-D/YGR038C-C	0.61932
5547	YGL090W	0.61931
5548	YIL141W	0.61927
5549	YOR152C	0.6192
5550	YEL009C-A	0.61919
5551	YDR115W	0.61917
5552	YMR293C	0.61914
5553	YOL003C	0.61914
5554	YDL113C	0.61913
5555	YFR032C-A	0.61908
5556	YKR015C	0.61905
5557	YOR329W-A	0.61901
5558	YHR141C	0.619
5559	YNL162W	0.619
5560	YMR023C	0.61891
5561	YHL027W	0.61887
5562	YDL050C	0.61881
5563	YMR304C-A	0.61877
5564	YAL041W	0.61876
5565	YDR222W	0.61871
5566	YCR066W	0.61868
5567	YDR318W	0.61863
5568	YKL208W	0.61858
5569	YJL032W	0.61856
5570	YKL121W	0.61844
5571	YOR287C	0.6184
5572	YEL018W	0.6183
5573	YDR034C-D	0.61826
5574	YBL073W	0.61825
5575	YMR158C-A	0.61825
5576	YDR024W	0.61816
5577	YDR170W-A	0.61816
5578	YMR140W	0.61813
5579	YDL005C	0.61806
5580	YOL063C	0.61798
5581	YPR043W	0.61797
5582	YJR094W-A	0.61797
5583	YDR381C-A	0.61792
5584	YJL019W	0.6179
5585	YOL118C	0.6178
5586	YER097W	0.61779
5587	YPL257W-A	0.6177
5588	YLR157C-A	0.6177
5589	YER137C-A	0.6177
5590	YDR365W-A	0.6177
5591	YER064C	0.61764
5592	YGL113W	0.61761
5593	YHR071W	0.61761
5594	YER006C-A	0.61759
5595	YMR068W	0.61755
5596	YDR299W	0.61751
5597	YBL100W-B	0.6175
5598	YPR158C-C	0.61739
5599	YNL257C	0.61735
5600	YNL166C	0.61733
5601	YKR030W	0.61731
5602	YKR098C	0.61724
5603	YJR041C	0.61707
5604	YMR021C	0.61694
5605	YDR119W	0.6169
5606	YDR210W-B	0.61687
5607	YJL084C	0.61685
5608	YLR256W-A	0.61683
5609	YML099C	0.61676
5610	YDR202C	0.61671
5611	YGL182C	0.61671
5612	YLR410W-B	0.6167
5613	YGR076C	0.61669
5614	YOL103W-A	0.61665
5615	YNL224C	0.61655
5616	YIL044C	0.61655
5617	YGR015C	0.61654
5618	YHR145C	0.61644
5619	YKR005C	0.61638
5620	YOL131W	0.6163
5621	YHR153C	0.6162
5622	YPL161C	0.61619
5623	YBR272C	0.61615
5624	YOL069W	0.61597
5625	YIR030C	0.6159
5626	YKR029C	0.6159
5627	YPR115W	0.61585
5628	YBR056C-B	0.61578
5629	YMR032W	0.61578
5630	YER071C	0.61576
5631	YLR278C	0.61572
5632	YPR067W	0.6157
5633	YDL158C	0.6157
5634	YPL242C	0.61566
5635	YDR357C	0.61559
5636	YML076C	0.61555
5637	YOR144C	0.61554
5638	YGL013C	0.61549
5639	YPR199C	0.61543
5640	YNR047W	0.61537
5641	YDL106C	0.61533
5642	YLR381W	0.61517
5643	YEL007W	0.61514
5644	YJR108W	0.61494
5645	YBL090W	0.61489
5646	YJR026W	0.6148
5647	YLR227W-A	0.6148
5648	YML040W	0.6148
5649	YCR015C	0.61478
5650	YKL130C	0.61473
5651	YGR084C	0.61472
5652	YGR129W	0.61466
5653	YBL014C	0.61463
5654	YOR343W-B	0.61456
5655	YER184C	0.61452
5656	YDL098C	0.61451
5657	YLR165C	0.6145
5658	YEL062W	0.61441
5659	YLL042C	0.61438
5660	YNL171C	0.61434
5661	YPR027C	0.61434
5662	YPL115C	0.61426
5663	YPR012W	0.61426
5664	YDL149W	0.6142
5665	YDR200C	0.61398
5666	YDL133C-A	0.61396
5667	YDL184C	0.61396
5668	YAR010C	0.61394
5669	YPR137C-A	0.61394
5670	YML029W	0.61394
5671	YNR025C	0.61389
5672	YNL284C-A	0.61387
5673	YIL071W-A	0.61386
5674	YDL173W	0.61379
5675	YJR135C	0.61374
5676	YDR042C	0.61369
5677	YGL230C	0.61365
5678	YKR036C	0.61363
5679	YML108W	0.61357
5680	YML002W	0.61335
5681	YNL127W	0.61328
5682	YOR320C	0.61316
5683	YLR149C	0.61314
5684	YKL074C	0.61311
5685	YHR137C-A	0.61309
5686	YLR315W	0.61308
5687	YFL007W	0.61303
5688	YLR067C	0.61295
5689	YDR543C	0.61289
5690	YDR138W	0.61273
5691	YBR172C	0.61265
5692	YML114C	0.6126
5693	YER096W	0.61259
5694	YDL082W	0.61251
5695	YGR115C	0.6125
5696	YKL159C	0.61236
5697	YDL117W	0.6123
5698	YOL136C	0.6123
5699	YER188C-A	0.61218
5700	YKL133C	0.61215
5701	YDR463W	0.61213
5702	YJL049W	0.6121
5703	YPL272C	0.61195
5704	YIR024C	0.61186
5705	YOR385W	0.61179
5706	YNL204C	0.61179
5707	YJL122W	0.61179
5708	YJR107C-A	0.61174
5709	YGR122C-A	0.6116
5710	YGL038C	0.61158
5711	YDR464W	0.61144
5712	YER186C	0.61144
5713	YMR046C	0.61141
5714	YLR299C-A	0.6114
5715	YOR085W	0.61107
5716	YER114C	0.61097
5717	YBL060W	0.61095
5718	YDR458C	0.61092
5719	YJR028W	0.6108
5720	YNL070W	0.61079
5721	YJL146W	0.61077
5722	YBL093C	0.61076
5723	YOR371C	0.61068
5724	YBR188C	0.61067
5725	YBR230C	0.61064
5726	YDR183C-A	0.61061
5727	YJL070C	0.61061
5728	YGR077C	0.61056
5729	YML093W	0.61045
5730	YOL044W	0.61034
5731	YOR221C	0.61033
5732	YDR495C	0.61023
5733	YIL139C	0.61019
5734	YLR442C	0.61019
5735	YBL059W	0.60987
5736	YOR053W	0.6098
5737	YGR016W	0.60979
5738	YLR332W	0.60975
5739	YBR081C	0.60972
5740	Q0115	0.60961
5741	YBL005W-A	0.6096
5742	YMR072W	0.60956
5743	YOR193W	0.60943
5744	YMR059W	0.6093
5745	YJL133C-A	0.60927
5746	YGL226C-A	0.60924
5747	YOR289W	0.60912
5748	YDR159W	0.60909
5749	YGR233C	0.60901
5750	YHR097C	0.60896
5751	YDR320C	0.60887
5752	YJR134C	0.60879
5753	YOR242C	0.60868
5754	YOR308C	0.60867
5755	YBR163W	0.60851
5756	YJL107C	0.60847
5757	YML045W-A	0.60842
5758	YOR121C	0.60836
5759	YMR117C	0.60835
5760	YLR363W-A	0.60826
5761	YGR027W-A	0.60826
5762	YIL149C	0.60822
5763	YJR127C	0.60818
5764	YDR098C-A	0.60816
5765	YGR030C	0.60811
5766	YMR258C	0.60804
5767	YMR142C	0.60803
5768	YMR107W	0.60802
5769	YBR012W-A	0.60796
5770	YIL019W	0.60791
5771	YBR171W	0.60768
5772	YJL189W	0.60763
5773	YPL150W	0.60758
5774	YKL025C	0.60744
5775	YMR051C	0.60743
5776	YDR316W-A	0.60743
5777	YER159C-A	0.60743
5778	YGR161C-C	0.60743
5779	YLR035C-B	0.60743
5780	YER050C	0.60733
5781	YDL127W	0.60733
5782	YGL214W	0.60731
5783	YAL063C-A	0.60715
5784	YDL107W	0.60713
5785	YML083C	0.60711
5786	YJL013C	0.60704
5787	YLR297W	0.60703
5788	YDR499W	0.60702
5789	YPR068C	0.60701
5790	YJL187C	0.60686
5791	YGR225W	0.60682
5792	YGR038C-A	0.60662
5793	YCR099C	0.60632
5794	YLR422W	0.60631
5795	YLR052W	0.60631
5796	YJL016W	0.60626
5797	YGR081C	0.60626
5798	YPR042C	0.60621
5799	YJL118W	0.6061
5800	YIL098C	0.60602
5801	YLR222C-A	0.60596
5802	YKL038W	0.60592
5803	YCL024W	0.60584
5804	YER046W	0.60565
5805	YBR197C	0.60561
5806	YDR295C	0.6055
5807	YLR453C	0.60548
5808	YLR040C	0.6054
5809	YLR242C	0.60537
5810	YKL014C	0.60525
5811	YLR403W	0.60521
5812	YJR086W	0.60511
5813	YOL083W	0.6051
5814	YPL189C-A	0.60505
5815	YPR142C	0.60488
5816	YGR237C	0.60483
5817	YNL105W	0.6048
5818	YBR004C	0.6048
5819	YBR224W	0.60477
5820	YDR176W	0.60474
5821	YDR229W	0.60474
5822	YHR119W	0.60465
5823	YOR078W	0.60463
5824	YPL076W	0.60452
5825	YOR037W	0.60448
5826	YDR179C	0.60442
5827	YNL213C	0.60437
5828	YML113W	0.60434
5829	YBR239C	0.60429
5830	YOR142W-A	0.60425
5831	YPR158W-A	0.60425
5832	YML047C	0.60418
5833	YER173W	0.60416
5834	YER093C-A	0.60411
5835	YOL078W	0.6041
5836	YMR284W	0.60408
5837	YBL039W-B	0.60402
5838	YGL093W	0.60399
5839	YLR423C	0.60398
5840	YBR049C	0.60385
5841	YKR027W	0.60371
5842	YHL009C	0.6036
5843	YPL139C	0.60348
5844	YOR235W	0.60347
5845	YKL061W	0.60343
5846	YFR032C-B	0.60335
5847	YGR013W	0.60328
5848	YMR326C	0.60319
5849	YNL254C	0.60315
5850	YIR018W	0.60288
5851	YFR039C	0.60277
5852	YNL068C	0.60276
5853	YLR295C	0.60268
5854	YPR122W	0.60266
5855	YDR210C-C	0.60241
5856	YMR025W	0.6024
5857	YOL159C-A	0.60234
5858	YDR089W	0.60215
5859	YKR090W	0.60214
5860	YER175W-A	0.60203
5861	YPR021C	0.60194
5862	YKR011C	0.60192
5863	YJL073W	0.6019
5864	YNL234W	0.60182
5865	YLR211C	0.60176
5866	YJL066C	0.60169
5867	YDR131C	0.60166
5868	YKR020W	0.60156
5869	YDR466W	0.6015
5870	YNL297C	0.60147
5871	YDR303C	0.60145
5872	YBR057C	0.60143
5873	YLR098C	0.60143
5874	YDL235C	0.60125
5875	YJR021C	0.60122
5876	YPL021W	0.60122
5877	YDL044C	0.60105
5878	YNR039C	0.60077
5879	YNL245C	0.60077
5880	YJR080C	0.60073
5881	YDL197C	0.6007
5882	YJL105W	0.60067
5883	YLR224W	0.60056
5884	YJL023C	0.60047
5885	YFR011C	0.60047
5886	YDR529C	0.6004
5887	YDR118W	0.6004
5888	YLR256W	0.60037
5889	YFL014W	0.60036
5890	YBL005W	0.60031
5891	YKL138C-A	0.60025
5892	YBR215W	0.60024
5893	YBR173C	0.60021
5894	YOR058C	0.60004
5895	YGL249W	0.59997
5896	YPL120W	0.59997
5897	YOL117W	0.59988
5898	YAR002W	0.59978
5899	YML034W	0.5997
5900	YHR102W	0.59946
5901	YER122C	0.59945
5902	YML101C-A	0.59944
5903	YOR220W	0.59941
5904	YHR165C	0.5994
5905	YKR031C	0.59936
5906	YIL112W	0.59932
5907	YMR280C	0.59917
5908	YGL042C	0.59916
5909	YLR187W	0.59912
5910	YKL138C	0.59902
5911	YBL051C	0.59894
5912	YNL164C	0.59865
5913	YGL086W	0.59854
5914	YLR082C	0.59853
5915	YBR270C	0.59853
5916	YLR408C	0.5985
5917	YJR138W	0.59836
5918	YKR054C	0.59833
5919	YPR007C	0.59826
5920	YDR057W	0.5981
5921	YHR099W	0.59791
5922	YDL129W	0.59786
5923	YOR336W	0.59785
5924	YOR097C	0.5978
5925	YDR260C	0.59769
5926	YOR169C	0.59769
5927	YMR176W	0.59769
5928	YER109C	0.59756
5929	YJL048C	0.59749
5930	YBR077C	0.59745
5931	YLR424C-A	0.59737
5932	YDR034C-A	0.59736
5933	YCL021W-A	0.59729
5934	YNL013C	0.59726
5935	YPR106W	0.59717
5936	YLR099W-A	0.59703
5937	YNL295W	0.59694
5938	YLR227C	0.59688
5939	YMR311C	0.59679
5940	YKL072W	0.59633
5941	YIR016W	0.59632
5942	YBL029W	0.59619
5943	YNL159C	0.59613
5944	YJR106W	0.59612
5945	YLR176C	0.59597
5946	YDR469W	0.59595
5947	YGL215W	0.59589
5948	YOL082W	0.59589
5949	YMR151W	0.59588
5950	YPL016W	0.59586
5951	YDR254W	0.59586
5952	YJL099W	0.59569
5953	YIR003W	0.59556
5954	YOR129C	0.59546
5955	YDL048C	0.59543
5956	YOL100W	0.59508
5957	YDL152W	0.59472
5958	YDR322W	0.59472
5959	YOR284W	0.59467
5960	YEL025C	0.59467
5961	YGL159W	0.59455
5962	YLR198C	0.59442
5963	YHR143W	0.5944
5964	YKR016W	0.59431
5965	YNL058C	0.59427
5966	YNL054W-A	0.59423
5967	YMR100W	0.59418
5968	YDL016C	0.59415
5969	YBL048W	0.59402
5970	YGR275W	0.59386
5971	YAL027W	0.59382
5972	YOR304C-A	0.59366
5973	YHR004C	0.59366
5974	YDL170W	0.59356
5975	YMR134W	0.59335
5976	YOR313C	0.59334
5977	YDR383C	0.59332
5978	YJL113W	0.59332
5979	YJR101W	0.59322
5980	YDL121C	0.59319
5981	YLL021W	0.59313
5982	YHL009W-B	0.59311
5983	YKR019C	0.59308
5984	YBR238C	0.59301
5985	YFL019C	0.59298
5986	YIL158W	0.59283
5987	YHR175W-A	0.59259
5988	YLR238W	0.5925
5989	YGR039W	0.59242
5990	YFL041W-A	0.59228
5991	YGL209W	0.59224
5992	YPL174C	0.5922
5993	YNL156C	0.59209
5994	YCR018C-A	0.59204
5995	YBL085W	0.59201
5996	YCR018C	0.59183
5997	YPR061C	0.59176
5998	YPR134W	0.59154
5999	YGL059W	0.5913
6000	YGR161W-C	0.59098
6001	YFL024C	0.59096
6002	YML017W	0.59084
6003	YMR193C-A	0.59081
6004	YML128C	0.59076
6005	YLR424W	0.59075
6006	YDR005C	0.59069
6007	YOL089C	0.59052
6008	YOR354C	0.59048
6009	YCR097W	0.59035
6010	YLR033W	0.59014
6011	YHR130C	0.59013
6012	YNR063W	0.59009
6013	YMR164C	0.58999
6014	YDL159W-A	0.58997
6015	YJL170C	0.58994
6016	YOR107W	0.5896
6017	YNL266W	0.58954
6018	YKL023W	0.58951
6019	YPL177C	0.58945
6020	YDR034C-C	0.58936
6021	YLR024C	0.58931
6022	YDR201W	0.58913
6023	YIL159W	0.589
6024	YDR078C	0.58894
6025	YDR076W	0.58892
6026	YPL018W	0.58888
6027	YNL008C	0.58871
6028	YDR261W-A	0.58861
6029	YGR222W	0.58838
6030	YGL229C	0.58835
6031	YCL020W	0.58832
6032	YDR475C	0.58822
6033	YKR095W	0.58816
6034	YML059C	0.58815
6035	YLR151C	0.5881
6036	YMR299C	0.58795
6037	YMR098C	0.58792
6038	YPL034W	0.58791
6039	YBR072C-A	0.5876
6040	YPL216W	0.58756
6041	YLR310C	0.58755
6042	YJL176C	0.58755
6043	YLR327C	0.58739
6044	YIL102C-A	0.58737
6045	YMR172W	0.58725
6046	YBL063W	0.58703
6047	YJR005C-A	0.58695
6048	YPL253C	0.58691
6049	YJL056C	0.58686
6050	YFR040W	0.5868
6051	YKR099W	0.5867
6052	YER054C	0.58669
6053	YPL060C-A	0.58663
6054	YDR014W-A	0.58653
6055	YPR049C	0.58638
6056	YNL196C	0.58631
6057	YOR127W	0.58625
6058	YLR182W	0.58622
6059	YHR149C	0.58613
6060	YHR082C	0.5861
6061	YDL130W-A	0.58604
6062	YCL005W	0.58602
6063	YDR371W	0.5856
6064	YIL086C	0.58552
6065	YGL117W	0.58544
6066	YDR317W	0.58542
6067	YNL100W	0.58539
6068	Q0182	0.58529
6069	YEL014C	0.58519
6070	YAL032C	0.58515
6071	YGR230W	0.58505
6072	YJL083W	0.58473
6073	YOR192C-A	0.5845
6074	YDL115C	0.58419
6075	YIL136W	0.58416
6076	YJL209W	0.58413
6077	YOR297C	0.58406
6078	YLR360W	0.58394
6079	YBR168W	0.5838
6080	YFR012W	0.58379
6081	YMR031C	0.58378
6082	YLR465C	0.58361
6083	YLR404W	0.58355
6084	YOR298W	0.58337
6085	YDR066C	0.58331
6086	YGR251W	0.58318
6087	Q0143	0.58307
6088	YOR170W	0.58288
6089	YDR369C	0.58267
6090	R0030W	0.58258
6091	YIL031W	0.58236
6092	YIL097W	0.58235
6093	YMR018W	0.58234
6094	YJL076W	0.58224
6095	YBR033W	0.58215
6096	YFL063W	0.5821
6097	YBL100W-A	0.5821
6098	YIL129C	0.58201
6099	YGR038C-E	0.582
6100	YIL037C	0.58199
6101	YPL011C	0.58176
6102	YBR108W	0.58166
6103	YBR194W	0.58139
6104	YLR410W-A	0.58137
6105	YJR053W	0.58131
6106	YFL002W-B	0.58114
6107	YGR161W-A	0.58114
6108	YBL103C	0.58104
6109	YLR263W	0.58101
6110	YER084W-A	0.58093
6111	YLR135W	0.58084
6112	YPL039W	0.58075
6113	YNL210W	0.58048
6114	YLR079W	0.58024
6115	YDR082W	0.58022
6116	YOR186W	0.58008
6117	YMR153W	0.58
6118	YLR271W	0.57995
6119	YPR117W	0.57958
6120	YGR140W	0.57954
6121	YMR174C	0.57948
6122	YNR004W	0.5791
6123	YPR170W-A	0.57895
6124	YMR046W-A	0.5787
6125	YOR104W	0.57866
6126	YGL107C	0.57853
6127	YPR009W	0.57838
6128	YOR140W	0.57825
6129	YPR070W	0.5782
6130	YJL180C	0.57802
6131	YHR056C	0.57798
6132	YCR032W	0.57797
6133	YLR254C	0.5778
6134	YLR057W	0.57766
6135	YHR017W	0.57743
6136	YPL219W	0.57719
6137	YAL016C-B	0.57699
6138	YOR355W	0.57688
6139	YLR376C	0.57682
6140	YOL013W-B	0.57666
6141	YGL151W	0.57666
6142	YDR461C-A	0.57658
6143	YNL005C	0.57653
6144	YML103C	0.57652
6145	YHR006W	0.5765
6146	YMR064W	0.57649
6147	YLR201C	0.57646
6148	YPL156C	0.57639
6149	YKL052C	0.57632
6150	YLL005C	0.57607
6151	YPR151C	0.57604
6152	YKL176C	0.57597
6153	YNL183C	0.5758
6154	YNL309W	0.57579
6155	YER121W	0.57575
6156	YDL056W	0.57566
6157	YPL146C	0.57534
6158	YER022W	0.5752
6159	YKR034W	0.57505
6160	YGL096W	0.57498
6161	YPL256C	0.57493
6162	YPL027W	0.57489
6163	YLR313C	0.57474
6164	YDR348C	0.5746
6165	YNL199C	0.57446
6166	YOL015W	0.57377
6167	YIL127C	0.5737
6168	YLR230W	0.57364
6169	YDR307W	0.57361
6170	YDR017C	0.57357
6171	YDL206W	0.57333
6172	YBR124W	0.57332
6173	YLR320W	0.57311
6174	YOR343W-A	0.57304
6175	YLR454W	0.57287
6176	YKL048C	0.57275
6177	YGR168C	0.5726
6178	YGL081W	0.57252
6179	YLR424C-B	0.57239
6180	YBR250W	0.57231
6181	YOR028C	0.57225
6182	YNR045W	0.57208
6183	YCR043C	0.57197
6184	YDR210W-A	0.57193
6185	Q0092	0.57186
6186	YMR191W	0.57169
6187	YDR104C	0.57162
6188	YHR182W	0.5714
6189	YIL144W	0.57127
6190	YKL108W	0.57119
6191	YNL172W	0.57117
6192	YDR406W-A	0.57096
6193	YMR119W	0.57087
6194	YDR451C	0.5708
6195	YKL020C	0.57052
6196	YNR077C	0.57051
6197	YOR208W	0.57014
6198	YFL049W	0.5701
6199	YDR350C	0.57008
6200	YFR023W	0.57007
6201	YGR079W	0.56999
6202	YPL166W	0.56979
6203	YOR349W	0.56965
6204	YBR152W	0.5695
6205	YAL034C	0.56931
6206	YGL162W	0.56922
6207	YIR033W	0.56913
6208	YGR249W	0.56909
6209	YIL055C	0.56892
6210	YHR167W	0.56884
6211	YOR177C	0.56874
6212	YNL115C	0.56868
6213	YIL071C	0.56852
6214	YMR187C	0.56846
6215	YIL092W	0.56842
6216	YBR131W	0.56835
6217	YHR131C	0.56834
6218	YGL005C	0.56817
6219	YBR066C	0.56785
6220	YLR252W	0.56777
6221	YDR505C	0.56747
6222	YKL101W	0.56737
6223	YBR013C	0.56705
6224	YGR250C	0.56701
6225	YMR052W	0.56691
6226	YMR257C	0.56671
6227	YGL197W	0.5667
6228	YCR081W	0.56609
6229	YER075C	0.56557
6230	YDR235W	0.5655
6231	YOR266W	0.5654
6232	YBL043W	0.56527
6233	YDR123C	0.56515
6234	YNL133C	0.56515
6235	YPR044C	0.56475
6236	YMR030W	0.56464
6237	YDR016C	0.56462
6238	YLR042C	0.56461
6239	YER181C	0.56461
6240	YDR169C	0.56451
6241	YGL066W	0.56448
6242	YPL099C	0.56448
6243	YGR150C	0.56436
6244	YDR379W	0.5642
6245	YDR361C	0.56389
6246	YMR016C	0.56379
6247	YOL138C	0.56338
6248	YDR240C	0.56332
6249	YGL075C	0.5633
6250	YGL176C	0.56294
6251	YCL061C	0.56281
6252	YPL168W	0.56273
6253	YPL200W	0.56252
6254	YBL052C	0.56238
6255	YER129W	0.5621
6256	YCL014W	0.56205
6257	YPR002C-A	0.56196
6258	YPL075W	0.56187
6259	YKR045C	0.56187
6260	YBL109W	0.56149
6261	YGL194C-A	0.56144
6262	YPR101W	0.56125
6263	YGR240C-A	0.56102
6264	YKL068W-A	0.56093
6265	YML007W	0.56093
6266	YJL058C	0.56048
6267	YHR159W	0.56046
6268	YDR034C	0.56036
6269	YDL199C	0.56024
6270	YNL157W	0.5601
6271	YGL073W	0.56004
6272	YGR134W	0.55993
6273	YDR166C	0.55983
6274	YGR098C	0.55953
6275	YDR422C	0.55941
6276	YLR094C	0.55938
6277	YMR094W	0.55892
6278	YHR079C-A	0.55882
6279	YKL162C-A	0.55851
6280	YGR089W	0.55831
6281	YML037C	0.55828
6282	YBR184W	0.55822
6283	YLR139C	0.55819
6284	YHL023C	0.55819
6285	YHR036W	0.55818
6286	YDL073W	0.55809
6287	YKL162C	0.55792
6288	YDL139C	0.55785
6289	YDR069C	0.55783
6290	YAL010C	0.55772
6291	YDR043C	0.55768
6292	YML043C	0.55757
6293	YLR267W	0.55741
6294	YJL103C	0.55723
6295	YBR182C	0.55681
6296	YFR008W	0.55677
6297	YDR532C	0.55669
6298	YOR113W	0.55641
6299	YIL101C	0.55623
6300	YDL189W	0.55613
6301	YBR136W	0.55585
6302	YLR298C	0.55575
6303	YML081W	0.55565
6304	YLR219W	0.55562
6305	YGR196C	0.5552
6306	YPL202C	0.55515
6307	YOR030W	0.55513
6308	YKL171W	0.55507
6309	YOR019W	0.55504
6310	YPR036W-A	0.55459
6311	YMR282C	0.55432
6312	YPL193W	0.55383
6313	YDR494W	0.55379
6314	YPL130W	0.55362
6315	YNL225C	0.55359
6316	YJR157W	0.55354
6317	YGL219C	0.55351
6318	YNL053W	0.55331
6319	YLR307C-A	0.55305
6320	YBR201C-A	0.5529
6321	YOR350C	0.55286
6322	YDL169C	0.55286
6323	YDR088C	0.5524
6324	YFL033C	0.55238
6325	YCR033W	0.55232
6326	YBL053W	0.55179
6327	YOR192C-C	0.55157
6328	YNL054W	0.55147
6329	YGL061C	0.55127
6330	YKL092C	0.55117
6331	YBL046W	0.55089
6332	YPL085W	0.55083
6333	YNR024W	0.55059
6334	YDL088C	0.55045
6335	YNR049C	0.55038
6336	YPR185W	0.55031
6337	YJR092W	0.5503
6338	YDL211C	0.55022
6339	YMR195W	0.55006
6340	YDR146C	0.54999
6341	YPR013C	0.54994
6342	YFR054C	0.54988
6343	YPL052W	0.54957
6344	YDR065W	0.54956
6345	YBR083W	0.54941
6346	YGL223C	0.54909
6347	YDR070C	0.54869
6348	YGR067C	0.54838
6349	YHR177W	0.54805
6350	YPR084W	0.54796
6351	YDL020C	0.54723
6352	YPL049C	0.54715
6353	YDR524C	0.54715
6354	YBR225W	0.54694
6355	YAR014C	0.54671
6356	YOR114W	0.54662
6357	YMR199W	0.54641
6358	YEL005C	0.54601
6359	YOL031C	0.54565
6360	YDL176W	0.54547
6361	YIR010W	0.54536
6362	YKR037C	0.54516
6363	YHR156C	0.54494
6364	YDR443C	0.54481
6365	YOR137C	0.54463
6366	YIL117C	0.5446
6367	YNL152W	0.54452
6368	YOL070C	0.5439
6369	YGR161C	0.54375
6370	YER028C	0.54366
6371	YOR047C	0.5436
6372	YML015C	0.54349
6373	YDR217C	0.54348
6374	YKL050C	0.54311
6375	YDR195W	0.54308
6376	YOR032C	0.54266
6377	YER149C	0.54249
6378	YJR089W	0.54213
6379	YFR057W	0.54162
6380	YML058W	0.54158
6381	YAL040C	0.54153
6382	YML027W	0.54133
6383	YOR148C	0.54126
6384	YMR066W	0.54079
6385	YNL144C	0.54061
6386	YLR282C	0.54037
6387	YGL071W	0.54022
6388	YPL118W	0.54005
6389	YML041C	0.53977
6390	YJL149W	0.53968
6391	YPR164W	0.53961
6392	YNL195C	0.53951
6393	YLL033W	0.53937
6394	YER045C	0.53851
6395	YHR195W	0.53814
6396	YOR195W	0.53779
6397	YAL028W	0.5377
6398	YKR091W	0.53751
6399	YLR283W	0.5372
6400	YLR312C	0.53702
6401	YMR163C	0.53699
6402	YJR011C	0.53692
6403	YBL009W	0.53692
6404	YNR014W	0.53658
6405	YDR310C	0.53646
6406	YJR162C	0.53623
6407	YPL077C	0.53593
6408	YLR031W	0.53577
6409	YPR095C	0.53558
6410	YJL144W	0.53558
6411	YGR179C	0.53554
6412	YGL079W	0.5355
6413	YNL046W	0.5353
6414	YLR431C	0.53486
6415	YLR018C	0.53463
6416	YDL186W	0.5341
6417	YLL003W	0.53391
6418	YKL062W	0.5339
6419	YHR184W	0.53387
6420	YKL204W	0.53365
6421	YPL250C	0.53362
6422	YIL036W	0.53343
6423	YIL045W	0.53341
6424	YEL057C	0.53329
6425	YOR147W	0.53274
6426	YKR100C	0.53231
6427	YPL201C	0.53229
6428	YOR342C	0.53185
6429	YGR142W	0.5317
6430	YDR356W	0.5316
6431	YDR030C	0.53153
6432	YMR232W	0.53133
6433	YBL054W	0.53109
6434	YDR277C	0.53105
6435	YMR135C	0.53101
6436	YJL110C	0.53094
6437	YDR374C	0.53092
6438	YNL167C	0.53091
6439	YJR056C	0.53063
6440	YER088C	0.53036
6441	YJL207C	0.53025
6442	YDL239C	0.53023
6443	YFL021W	0.5299
6444	YNL091W	0.52964
6445	YBR148W	0.52951
6446	YOL007C	0.52942
6447	YEL043W	0.52924
6448	YPL223C	0.52907
6449	YDR103W	0.52889
6450	YOR073W	0.52875
6451	YDR029W	0.52863
6452	YLR131C	0.52851
6453	YPL033C	0.52831
6454	YBR275C	0.52802
6455	YLR352W	0.52771
6456	YOL025W	0.52727
6457	YJL095W	0.52708
6458	YFR017C	0.52701
6459	YDR457W	0.52681
6460	YHR152W	0.52672
6461	YDL224C	0.5267
6462	YML062C	0.52658
6463	YOR255W	0.52643
6464	YLR373C	0.52608
6465	YDR096W	0.52536
6466	YGL138C	0.52536
6467	YFR019W	0.52532
6468	YLR190W	0.52531
6469	YLR436C	0.52507
6470	YOR076C	0.52486
6471	YJR003C	0.52467
6472	YDR181C	0.52462
6473	YMR204C	0.52459
6474	YGL035C	0.5245
6475	YNL197C	0.52447
6476	YLL047W	0.52411
6477	YHL029C	0.52391
6478	YOR214C	0.52387
6479	YPL055C	0.52379
6480	YGL175C	0.52338
6481	YLR334C	0.52331
6482	YDR151C	0.523
6483	YML009C-A	0.52289
6484	YOL029C	0.52272
6485	YGR120C	0.52259
6486	YHR103W	0.52254
6487	Q0010	0.52201
6488	YKR010C	0.52188
6489	YOR264W	0.5218
6490	YPL070W	0.52175
6491	YER104W	0.52102
6492	YCR065W	0.52065
6493	YBR050C	0.5203
6494	YDR113C	0.52009
6495	YOR158W	0.51997
6496	YKL225W	0.51906
6497	YLR353W	0.51878
6498	YNR009W	0.51872
6499	YBL088C	0.51851
6500	YGR041W	0.51847
6501	YBL034C	0.51844
6502	YIL122W	0.51828
6503	YGR153W	0.51787
6504	YLR221C	0.51765
6505	YMR219W	0.51659
6506	YDL027C	0.5164
6507	YLR445W	0.51637
6508	YNL042W	0.51565
6509	YDR216W	0.51561
6510	YNL018C	0.51551
6511	YGL128C	0.51523
6512	YOL081W	0.5152
6513	YMR144W	0.51517
6514	YPL269W	0.51507
6515	Q0255	0.51482
6516	YOR062C	0.51463
6517	YNL103W	0.51452
6518	YMR179W	0.51449
6519	YPR171W	0.51391
6520	YDL089W	0.51386
6521	YMR270C	0.51383
6522	YGR273C	0.51369
6523	YDR014W	0.5136
6524	YDR207C	0.51337
6525	YCL051W	0.51292
6526	YJL090C	0.51288
6527	YER044C-A	0.51274
6528	YKL065W-A	0.51273
6529	YPL054W	0.51266
6530	YMR124W	0.51224
6531	YGL057C	0.51204
6532	YBR255W	0.512
6533	YCL027W	0.51184
6534	YAL031C	0.5118
6535	YOL091W	0.51131
6536	YDR259C	0.51123
6537	YKL112W	0.51053
6538	YOR352W	0.51023
6539	YDL069C	0.51013
6540	YER158C	0.50978
6541	YLR030W	0.50973
6542	YJR030C	0.50971
6543	YFR046C	0.50958
6544	YNL034W	0.50925
6545	YNL214W	0.50918
6546	YJR083C	0.50898
6547	YGR023W	0.50864
6548	YKR078W	0.50842
6549	YMR003W	0.50835
6550	YER040W	0.50832
6551	YIL119C	0.50827
6552	YPL014W	0.50826
6553	YDR439W	0.50804
6554	YER038C	0.50803
6555	YPL230W	0.50782
6556	YBR140C	0.50735
6557	YOR066W	0.50683
6558	YLR341W	0.50662
6559	YLR273C	0.5066
6560	YOR178C	0.50659
6561	YCL044C	0.50651
6562	YPR046W	0.50649
6563	YPR078C	0.50603
6564	YOR023C	0.50559
6565	YDR446W	0.50445
6566	YGR035C	0.5043
6567	YKL093W	0.50383
6568	YMR160W	0.50377
6569	YBR130C	0.50359
6570	YDL223C	0.50356
6571	YAL047C	0.50311
6572	YBR047W	0.50258
6573	YDR515W	0.50218
6574	YDR130C	0.50209
6575	YBR063C	0.50206
6576	YDR028C	0.50161
6577	YMR273C	0.50148
6578	YNL027W	0.50138
6579	YGL021W	0.50086
6580	YDR219C	0.5002
6581	YCL063W	0.50005
6582	YNL176C	0.49939
6583	YPL158C	0.49894
6584	YPL071C	0.49882
6585	YGL222C	0.49866
6586	YNL311C	0.49811
6587	YBR007C	0.49764
6588	YPL068C	0.49748
6589	YDL076C	0.49747
6590	YJL181W	0.49732
6591	YMR255W	0.4973
6592	YDR022C	0.49706
6593	YJL162C	0.49704
6594	YMR175W	0.49648
6595	YER111C	0.49577
6596	YGR113W	0.49554
6597	YLL065W	0.4954
6598	YGR071C	0.49529
6599	YAL024C	0.49511
6600	YPL255W	0.49471
6601	YER132C	0.49465
6602	YKL042W	0.49408
6603	YML053C	0.4936
6604	YLR102C	0.49332
6605	YDR425W	0.49258
6606	YJL185C	0.49246
6607	YGL023C	0.49198
6608	YLR394W	0.49167
6609	YDR227W	0.49134
6610	YMR086W	0.49128
6611	YOR324C	0.49125
6612	YDR184C	0.48977
6613	YLR053C	0.48948
6614	YPR158W	0.48911
6615	YHR160C	0.4886
6616	YGR239C	0.48841
6617	YOR359W	0.48785
6618	YIL146C	0.48767
6619	YPR005C	0.48698
6620	YLR223C	0.48694
6621	Q0144	0.48665
6622	YDR275W	0.48658
6623	YBR165W	0.48656
6624	YKL185W	0.48642
6625	YGR126W	0.48585
6626	YMR036C	0.48503
6627	YKL023C-A	0.485
6628	YML112W	0.48464
6629	YBR203W	0.48462
6630	YNL076W	0.48455
6631	YOR044W	0.48383
6632	YHR054C	0.48378
6633	YIR025W	0.48351
6634	YDR351W	0.48286
6635	YER155C	0.48276
6636	YHR157W	0.48227
6637	YDR239C	0.48172
6638	YFL012W	0.48116
6639	YER130C	0.48045
6640	YBR095C	0.47992
6641	YKR022C	0.47964
6642	YPR145C-A	0.47925
6643	YBR076W	0.479
6644	YDR223W	0.47724
6645	YJL051W	0.47721
6646	YDR249C	0.47686
6647	YMR075W	0.47607
6648	YIL135C	0.47404
6649	YML109W	0.47213
6650	YOL036W	0.47198
6651	YBL031W	0.47081
6652	YER106W	0.46991
6653	YML091C	0.46954
6654	YOR372C	0.46848
6655	YPL089C	0.46817
6656	YHR014W	0.4677
6657	YKR077W	0.46568
6658	YBR156C	0.46501
6659	YNL074C	0.4648
6660	YNL233W	0.46466
6661	YGL015C	0.4644
6662	YMR206W	0.4641
6663	YPL066W	0.46379
6664	YJL161W	0.46374
6665	YPL159C	0.46344
6666	YPR065W	0.46295
6667	YPL267W	0.46281
6668	YBR071W	0.46241
6669	YML003W	0.4606
6670	YER167W	0.46024
6671	YDL180W	0.46011
6672	YGR221C	0.45935
6673	YBR211C	0.45896
6674	YBR045C	0.45851
6675	YPL121C	0.45769
6676	YLR257W	0.45739
6677	YMR037C	0.45654
6678	YJL147C	0.45592
6679	YPR008W	0.45577
6680	YDR186C	0.45549
6681	YKL105C	0.45535
6682	YPL180W	0.45515
6683	YER124C	0.45446
6684	YFR036W	0.45356
6685	YJL089W	0.45337
6686	YNL078W	0.45088
6687	YNL188W	0.45038
6688	YHR061C	0.44844
6689	YDR085C	0.44817
6690	YML119W	0.44803
6691	YDR480W	0.44711
6692	YMR136W	0.44314
6693	YDR528W	0.44279
6694	YOL106W	0.44245
6695	YLR457C	0.44198
6696	YBR285W	0.44144
6697	YLR049C	0.4396
6698	YPL124W	0.43935
6699	YNR010W	0.43491
6700	YER033C	0.43331
6701	YNL146W	0.43091
6702	YOR279C	0.43035
6703	YML006C	0.42912
6704	YPL229W	0.42912
6705	YER180C	0.42829
6706	YKL109W	0.42812
6707	YIL152W	0.42773
6708	YOR315W	0.42657
6709	YDR309C	0.42459
6710	YMR252C	0.4243
6711	YPR083W	0.42362
6712	YBL081W	0.4234
6713	YHR185C	0.42034
6714	YGL036W	0.41873
6715	YMR181C	0.41498
6716	YGL170C	0.41337
6717	YKR075C	0.41059
6718	Q0140	0.41007
6719	YER032W	0.4038
6720	YER079W	0.39533
6721	Q0032	0.38413
6722	YBR157C	0.38127
6723	YMR081C	0.36996
6724	YBR138C	0.36472
6725	YDL007C-A	0.36309
6726	YGR146C	0.34833
6727	YJR094C	0.34484
6728	YNL040C-A	0.30137
6729	YDL204W-A	0.30137
6730	YNL155C-A	0.30137
6731	YFR035W-A	0.30137
6732	YMR106W-A	0.30137
6733	YGR016C-A	0.30137
