rank	yeast_gene	cosine
1	YGR092W	0.9651
2	YPR111W	0.9606
3	YLR019W	0.96037
4	YNL326C	0.96008
5	YMR069W	0.9581
6	YJR084W	0.95754
7	YDR490C	0.95734
8	YIR026C	0.95686
9	YDR093W	0.95666
10	YDR313C	0.9564
11	YGR032W	0.95635
12	YNL307C	0.95629
13	YBR202W	0.95619
14	YHL042W	0.95604
15	YNL339C	0.95595
16	YGR296W	0.95582
17	YPL283C	0.95582
18	YMR306W	0.95572
19	YIL106W	0.95571
20	YCR048W	0.9555
21	YDR436W	0.95544
22	YOR292C	0.95511
23	YFL028C	0.95449
24	YJL225C	0.95446
25	YLR467W	0.95445
26	YOR396W	0.95445
27	YDR545W	0.95445
28	YIL047C	0.95441
29	YIL177C	0.95405
30	YLR342W	0.95404
31	YBR023C	0.954
32	YGL201C	0.95336
33	YML133C	0.95318
34	YOL075C	0.95301
35	YLL066C	0.95286
36	YDL057W	0.95267
37	YCR106W	0.95234
38	YML068W	0.95226
39	YPL042C	0.95218
40	YMR180C	0.952
41	YGL240W	0.9519
42	YAR023C	0.9517
43	YBR204C	0.95155
44	YEL032W	0.95132
45	YCL036W	0.95118
46	YHL003C	0.95101
47	YNR011C	0.95078
48	YHL017W	0.95018
49	YLL067C	0.94991
50	YER190W	0.94974
51	YGL053W	0.94938
52	YDR488C	0.94924
53	YGL163C	0.94896
54	YER166W	0.94856
55	YAR031W	0.94851
56	YDR334W	0.94844
57	YDL018C	0.94842
58	YFR018C	0.94836
59	YLL043W	0.94809
60	YKL039W	0.948
61	YNL161W	0.94783
62	YER176W	0.94781
63	YLR072W	0.94773
64	YOR034C	0.94762
65	YOR301W	0.94762
66	YOR087W	0.94732
67	YMR288W	0.9472
68	YHR219W	0.94701
69	YLR007W	0.94693
70	YDL079C	0.9466
71	YOL016C	0.94653
72	YGL198W	0.9465
73	YKL135C	0.94646
74	YOR213C	0.94632
75	YBL023C	0.9463
76	YKL078W	0.94622
77	YDL007W	0.94611
78	YGR281W	0.94595
79	YGR271W	0.94594
80	YJR046W	0.94592
81	YBR295W	0.94592
82	YGR295C	0.94586
83	YMR020W	0.94585
84	YLR411W	0.9458
85	YDL132W	0.94574
86	YPR093C	0.94563
87	YDR372C	0.94553
88	YOR165W	0.9455
89	YOL062C	0.94536
90	YAL058W	0.94522
91	YDR051C	0.94516
92	YPR161C	0.94492
93	YAL022C	0.94486
94	YDL008W	0.94465
95	YIL068C	0.94433
96	YGR066C	0.94417
97	YHR030C	0.9441
98	YGR058W	0.94408
99	YKL145W	0.94403
100	YDL248W	0.94397
101	YOL018C	0.94397
102	YJR161C	0.94396
103	YKL098W	0.94381
104	YAR033W	0.94372
105	YHR005C	0.94362
106	YOR013W	0.94345
107	YGR026W	0.94345
108	YMR162C	0.94338
109	YPL151C	0.94333
110	YJR042W	0.94332
111	YOR155C	0.94329
112	YDR135C	0.94321
113	YFL050C	0.94311
114	YDR517W	0.94309
115	YMR054W	0.94295
116	YLR108C	0.94284
117	YGL146C	0.94283
118	YLL052C	0.94269
119	YPL153C	0.94268
120	YGL051W	0.94264
121	YCR101C	0.94262
122	YGL130W	0.94261
123	YOR299W	0.94257
124	YBR112C	0.94255
125	YKR086W	0.94253
126	YLR398C	0.94251
127	YNR075W	0.9425
128	YIL154C	0.94246
129	YGL216W	0.94244
130	YNL095C	0.94238
131	YJL047C	0.94217
132	YOL072W	0.94216
133	YJR129C	0.94214
134	YGL140C	0.94212
135	YJL082W	0.94206
136	YBR223C	0.94205
137	YOR290C	0.94191
138	YOL130W	0.94167
139	YGR263C	0.9415
140	YKR017C	0.94148
141	YNL223W	0.94148
142	YIL126W	0.94132
143	YAL021C	0.94114
144	YCR011C	0.94111
145	YOL065C	0.94102
146	YIL030C	0.94098
147	YLL010C	0.94095
148	YPR019W	0.94095
149	YAR028W	0.9409
150	YGL212W	0.9409
151	YLR246W	0.94087
152	YLR141W	0.94084
153	YJR001W	0.94068
154	YGR141W	0.94066
155	YNL102W	0.94065
156	YKR053C	0.94052
157	YKL198C	0.9405
158	YNR019W	0.94049
159	YHL048W	0.94046
160	YGL006W	0.94042
161	YGR029W	0.94028
162	YHR207C	0.94025
163	YCR073C	0.94024
164	YBR236C	0.94013
165	YNR062C	0.94012
166	YBL105C	0.94008
167	YCR007C	0.94004
168	YER013W	0.94001
169	YML077W	0.94
170	YBL111C	0.93983
171	YKR084C	0.9397
172	YFL034W	0.93951
173	YDR456W	0.93945
174	YER116C	0.93932
175	YDL165W	0.93922
176	YER125W	0.93921
177	YKL022C	0.93915
178	YDR243C	0.93915
179	YJL065C	0.93909
180	YPL213W	0.93907
181	YPR034W	0.93906
182	YPR024W	0.93904
183	YML065W	0.93902
184	YAR003W	0.939
185	YIL001W	0.93892
186	YKL181W	0.93885
187	YLR137W	0.93884
188	YOR273C	0.93881
189	YPL122C	0.9387
190	YLR368W	0.93868
191	YOR084W	0.93863
192	YGL019W	0.93861
193	YER089C	0.93856
194	YNL288W	0.93849
195	YOR048C	0.93847
196	YDR040C	0.93843
197	YNL024C	0.93834
198	YHL050C	0.93834
199	YDR039C	0.93833
200	YDR038C	0.9383
201	YMR316W	0.9383
202	YAL019W	0.9383
203	YMR089C	0.93822
204	YOL047C	0.93819
205	YIR004W	0.9381
206	YGL020C	0.93809
207	YDR122W	0.93792
208	YMR263W	0.93784
209	YHL019C	0.9378
210	YPR037C	0.93778
211	YIL147C	0.9377
212	YNL328C	0.93766
213	YMR128W	0.93758
214	YHL002W	0.93755
215	YLR430W	0.93754
216	YOL006C	0.93752
217	YDR264C	0.93749
218	YPL006W	0.93744
219	YMR196W	0.93735
220	YHR032W	0.93734
221	YKL212W	0.9373
222	YCR061W	0.93728
223	YLR410W	0.93723
224	YLL022C	0.93721
225	YFL062W	0.93718
226	YDR411C	0.93711
227	YOL013C	0.93705
228	YFR014C	0.93704
229	YGL126W	0.93703
230	YOR304W	0.93701
231	YPL179W	0.93688
232	YMR218C	0.93684
233	YOL067C	0.93682
234	YJL053W	0.93676
235	YKL077W	0.93676
236	YLR443W	0.93674
237	YLR292C	0.93674
238	YMR127C	0.93673
239	YHR218W	0.93673
240	YPR190C	0.93666
241	YHR175W	0.93661
242	YOR358W	0.93661
243	YMR265C	0.93658
244	YPL221W	0.93648
245	YKR088C	0.93646
246	YFL054C	0.93643
247	YPL207W	0.9364
248	YPL092W	0.93637
249	YDR370C	0.93629
250	YDR265W	0.93628
251	YKL186C	0.93626
252	YOR172W	0.93614
253	YLR090W	0.93604
254	YML066C	0.936
255	YKL008C	0.93599
256	YBR073W	0.93599
257	YJR124C	0.93593
258	YLL036C	0.9359
259	YER026C	0.93589
260	YFR051C	0.93586
261	YGL208W	0.93586
262	YLR138W	0.93584
263	YGR138C	0.9358
264	YOR079C	0.9358
265	YFR028C	0.93577
266	YBR245C	0.93574
267	YDL160C	0.93571
268	YMR001C	0.93568
269	YPL206C	0.93562
270	YER019W	0.93561
271	YHR034C	0.93561
272	YHR040W	0.93557
273	YOR250C	0.93557
274	YGL154C	0.93554
275	YDL230W	0.93547
276	YMR080C	0.93543
277	YJL085W	0.93543
278	YCR069W	0.93542
279	YDR506C	0.93539
280	YGL166W	0.93537
281	YKL219W	0.93533
282	YFL004W	0.93506
283	YPR188C	0.93504
284	YJL124C	0.93503
285	YOR339C	0.93497
286	YNL312W	0.93495
287	YNL305C	0.93494
288	YLL034C	0.93492
289	YJL072C	0.9349
290	YPL277C	0.93486
291	YKR050W	0.93486
292	YBR105C	0.93484
293	YLR026C	0.93481
294	YLR188W	0.93481
295	YNR029C	0.9348
296	YOL146W	0.93478
297	YML031W	0.93478
298	YNL336W	0.9347
299	YLR362W	0.93469
300	YOL073C	0.93466
301	YNR048W	0.93465
302	YOL122C	0.93462
303	YER100W	0.93459
304	YER164W	0.93455
305	YPR082C	0.9345
306	YHL026C	0.93442
307	YOR253W	0.93441
308	YBL082C	0.9344
309	YOR162C	0.93434
310	YLR466W	0.93431
311	YAL026C	0.9343
312	YDR468C	0.93429
313	YMR101C	0.93424
314	YPL003W	0.93413
315	YOR117W	0.93409
316	YEL015W	0.93409
317	YHR132C	0.93409
318	YLR046C	0.93406
319	YMR114C	0.93405
320	YPL017C	0.93405
321	YOL061W	0.93401
322	YBR302C	0.93401
323	YML132W	0.93401
324	YGL179C	0.934
325	YAL053W	0.93396
326	YML011C	0.93394
327	YLR205C	0.93388
328	YNL093W	0.93381
329	YER017C	0.9338
330	YNL216W	0.93379
331	YBR038W	0.93365
332	YNR032W	0.93354
333	YHR192W	0.93347
334	YDR498C	0.93346
335	YGR197C	0.93343
336	YKL189W	0.93343
337	YOR036W	0.93336
338	YKR041W	0.93335
339	YHR041C	0.93333
340	YFL042C	0.93326
341	YHR031C	0.93325
342	YLR099C	0.93323
343	YCR076C	0.93321
344	YAR018C	0.93319
345	YDR514C	0.93315
346	YJL093C	0.93311
347	YKL161C	0.93309
348	YNL275W	0.93306
349	YHR172W	0.93299
350	YDL145C	0.93295
351	YDR213W	0.93291
352	YKR051W	0.93288
353	YIR043C	0.93287
354	YMR139W	0.93282
355	YAR035W	0.93281
356	YGR152C	0.93277
357	YPL103C	0.9327
358	YDR061W	0.93264
359	YGL181W	0.93262
360	YPL015C	0.93259
361	YFR015C	0.93257
362	YOR303W	0.93252
363	YGL139W	0.93251
364	YDR530C	0.93244
365	YPR023C	0.9324
366	YDR084C	0.93239
367	YJL196C	0.93222
368	YDR170C	0.93216
369	YLR241W	0.93215
370	YEL019C	0.9321
371	YHL049C	0.93206
372	YDR459C	0.93205
373	YFR020W	0.93205
374	YJL043W	0.93201
375	YFL052W	0.932
376	YOR101W	0.93194
377	YOR039W	0.93185
378	YLR386W	0.93175
379	YOR229W	0.9317
380	YAL029C	0.93169
381	YGL120C	0.93168
382	YNL194C	0.93167
383	YFR038W	0.93164
384	YPR157W	0.93162
385	YKL166C	0.93161
386	YOR351C	0.93161
387	YFL016C	0.93158
388	YHL043W	0.93157
389	YGL242C	0.93153
390	YDR386W	0.93145
391	YJR040W	0.93144
392	YJR035W	0.93141
393	YGR074W	0.93139
394	YOR138C	0.93139
395	YBR228W	0.93137
396	YLR287C	0.93137
397	YGL063W	0.93134
398	YCR079W	0.93133
399	YNL207W	0.9312
400	YOR363C	0.93114
401	YOR022C	0.93105
402	YKL126W	0.93105
403	YOL084W	0.93104
404	YML127W	0.93094
405	YGL254W	0.93094
406	YNL163C	0.93093
407	YGR247W	0.93086
408	YLL012W	0.93086
409	YNL080C	0.9308
410	YNL237W	0.9308
411	YGL044C	0.93079
412	YDR074W	0.93076
413	YDR328C	0.93074
414	YLR266C	0.93068
415	YNL116W	0.93061
416	YLR021W	0.9306
417	YJR055W	0.93051
418	YGR047C	0.9305
419	YKR014C	0.93047
420	YML052W	0.93041
421	YDL188C	0.9304
422	YNL323W	0.93039
423	YCR068W	0.93035
424	YOR296W	0.93033
425	YDR292C	0.93032
426	YER140W	0.93029
427	YPL144W	0.93027
428	YML049C	0.93025
429	YOR246C	0.93025
430	YDR067C	0.93019
431	YHR178W	0.93015
432	YIL151C	0.93015
433	YDR477W	0.93009
434	YNL056W	0.93005
435	YDL010W	0.93002
436	YCL008C	0.93001
437	YKL051W	0.92999
438	YCR075C	0.92993
439	YOL116W	0.92987
440	YLR272C	0.92987
441	YMR285C	0.92985
442	YHR090C	0.92984
443	YEL077C	0.92984
444	YJL210W	0.92979
445	YDR253C	0.92974
446	YLR008C	0.9297
447	YMR319C	0.9297
448	YOR016C	0.92967
449	YOL113W	0.92967
450	YLR080W	0.92967
451	YBL021C	0.92956
452	YLR125W	0.92955
453	YIL131C	0.92949
454	YER188W	0.92945
455	YHR150W	0.92943
456	YPL082C	0.92941
457	YLR152C	0.92941
458	YCL011C	0.92937
459	YDR110W	0.92932
460	YBL091C-A	0.92932
461	YFR048W	0.92928
462	YPL204W	0.92928
463	YKL187C	0.92928
464	YBR059C	0.92927
465	YGR217W	0.92922
466	YNL242W	0.9292
467	YPL164C	0.92919
468	YKL203C	0.92918
469	YAL018C	0.92915
470	YGL002W	0.92915
471	YER020W	0.92913
472	YOR011W	0.92912
473	YFL008W	0.92907
474	YJL134W	0.92904
475	YAL009W	0.92903
476	YDL087C	0.92903
477	YNL154C	0.92896
478	YLR086W	0.92892
479	YOR295W	0.9289
480	YPL226W	0.9289
481	YLR318W	0.92887
482	YML075C	0.92884
483	YLR447C	0.92882
484	YCR100C	0.92881
485	YHR135C	0.92881
486	YKR018C	0.9288
487	YGR276C	0.92875
488	YBL018C	0.92875
489	YOL103W	0.92875
490	YGR004W	0.92867
491	YGL171W	0.92862
492	YPL031C	0.92856
493	YGR007W	0.92854
494	YPR152C	0.92845
495	YJL117W	0.92843
496	YOR049C	0.92841
497	YOL110W	0.9284
498	YBR274W	0.92839
499	YNL243W	0.92832
500	YKR064W	0.92828
501	YNL294C	0.92822
502	YDL190C	0.9282
503	YGR100W	0.92819
504	YNR052C	0.92819
505	YNL236W	0.92816
506	YJR015W	0.92815
507	YPL024W	0.92805
508	YDR476C	0.92804
509	YIR021W	0.92793
510	YCL010C	0.92779
511	YLL002W	0.92779
512	YPL147W	0.92776
513	YGL173C	0.92773
514	YHR181W	0.92772
515	YMR224C	0.9277
516	YPR156C	0.92767
517	YOR261C	0.92767
518	YCR093W	0.92765
519	YJR058C	0.92762
520	YHR107C	0.92759
521	YOL137W	0.92758
522	YLR093C	0.92755
523	YJL094C	0.92752
524	YML087C	0.92752
525	YIL153W	0.92751
526	YNL083W	0.92751
527	YDL200C	0.92749
528	YIL013C	0.92744
529	YKR063C	0.92742
530	YJR010C-A	0.92735
531	YBR235W	0.92734
532	YCR023C	0.92734
533	YGL017W	0.92733
534	YHR164C	0.92732
535	YMR168C	0.92732
536	YOR377W	0.9273
537	YPL038W	0.9273
538	YHL010C	0.92728
539	YHR173C	0.92728
540	YDR302W	0.92726
541	YMR291W	0.92725
542	YIL108W	0.92719
543	YDR126W	0.92717
544	YEL041W	0.9271
545	YLR419W	0.92703
546	YIL120W	0.92703
547	YPR144C	0.927
548	YPL245W	0.92699
549	YER001W	0.92698
550	YPR010C	0.92695
551	YLL015W	0.92695
552	YNL125C	0.92693
553	YBR220C	0.92686
554	YDR394W	0.92679
555	YBR080C	0.92678
556	YPR057W	0.92675
557	YGL047W	0.9267
558	YOR254C	0.92666
559	YLR397C	0.92662
560	YMR040W	0.9266
561	YML088W	0.92659
562	YPL100W	0.92657
563	YNL261W	0.92655
564	YIR002C	0.92651
565	YOL048C	0.92649
566	YDL110C	0.92647
567	YLR071C	0.92646
568	YFR021W	0.92645
569	YHR204W	0.92644
570	YJR149W	0.92641
571	YNL165W	0.92639
572	YHR168W	0.92638
573	YGR202C	0.92631
574	YDL108W	0.92629
575	YKL222C	0.92625
576	YNR008W	0.92625
577	YHL007C	0.92621
578	YDR523C	0.92621
579	YER076C	0.92621
580	YLR168C	0.92617
581	YBR029C	0.92613
582	YLR452C	0.92611
583	YDL233W	0.92611
584	YOL009C	0.92609
585	YIL103W	0.92606
586	YPR120C	0.92601
587	YFL029C	0.926
588	YCR045C	0.92597
589	YBR297W	0.92595
590	YPR103W	0.92591
591	YDL109C	0.9259
592	YDR164C	0.92588
593	YNL098C	0.92587
594	YMR042W	0.92585
595	YDL160C-A	0.92584
596	YLL028W	0.92584
597	YLR203C	0.92583
598	YHR118C	0.92581
599	YLR276C	0.92581
600	YOL026C	0.92581
601	R0040C	0.92578
602	YJR020W	0.92578
603	YHL022C	0.92574
604	YAL007C	0.92569
605	YGR172C	0.92566
606	YJL198W	0.92563
607	YGR065C	0.92562
608	YPL140C	0.92562
609	YOR389W	0.92562
610	YJR112W-A	0.92562
611	YHR083W	0.92561
612	YLR383W	0.9256
613	YDR236C	0.9256
614	YIL073C	0.92559
615	YLR233C	0.92559
616	YGR048W	0.92558
617	YGL095C	0.92557
618	YHL018W	0.92553
619	YOR223W	0.92552
620	YDR258C	0.92548
621	YKR001C	0.92547
622	YOR145C	0.92547
623	YOR244W	0.92546
624	YGR109W-A	0.92543
625	YIL082W	0.92541
626	YHR142W	0.92539
627	R0010W	0.92539
628	YDR177W	0.92538
629	YNL273W	0.92538
630	YKR040C	0.9253
631	YBR017C	0.9253
632	YAL016W	0.92527
633	YNL097C	0.92524
634	YCR027C	0.92524
635	YDR263C	0.92523
636	YCL076W	0.92523
637	YGR288W	0.92522
638	YPR121W	0.92518
639	YML048W	0.92518
640	YLR390W	0.92517
641	YHR098C	0.92511
642	YMR277W	0.9251
643	YOR384W	0.9251
644	YPR036W	0.92508
645	YBR043C	0.92506
646	YOR191W	0.92499
647	YDL030W	0.92495
648	YHR205W	0.92494
649	YOL128C	0.92491
650	YLR412W	0.9249
651	YFR009W	0.9249
652	YPL002C	0.92489
653	YDR358W	0.92484
654	YJL100W	0.92484
655	YBR288C	0.92483
656	YJR005W	0.92478
657	YJR074W	0.92475
658	YGL110C	0.92474
659	YNL147W	0.92474
660	YHR050W	0.92471
661	YDL001W	0.92467
662	YDR374W-A	0.92465
663	YPL157W	0.92464
664	YHR022C	0.92461
665	YLR345W	0.9246
666	YGL004C	0.92458
667	YDL155W	0.92458
668	YBL057C	0.92455
669	YCR090C	0.92455
670	YBR103W	0.92453
671	YLR078C	0.92452
672	YOL125W	0.9245
673	YOR326W	0.92444
674	YER147C	0.92442
675	YGR266W	0.92438
676	YDR516C	0.92435
677	YKL027W	0.92432
678	YOR341W	0.92429
679	YDL017W	0.92429
680	YLR104W	0.92424
681	YCR086W	0.92421
682	YFL065C	0.92421
683	YJR132W	0.92419
684	YHR058C	0.92414
685	YBR175W	0.92407
686	YBR002C	0.92403
687	YAL055W	0.92398
688	YOL053W	0.92398
689	YNL077W	0.92394
690	YBL013W	0.92393
691	YBR062C	0.92392
692	YJL151C	0.92391
693	YHR151C	0.92391
694	YBL056W	0.9239
695	YNR035C	0.92385
696	YDL072C	0.92384
697	YIL121W	0.92384
698	YBR150C	0.92381
699	YMR102C	0.92381
700	YLR020C	0.9238
701	YIL017C	0.92379
702	YPL138C	0.92378
703	YDR191W	0.92377
704	YPL170W	0.92373
705	Q0050	0.92372
706	YKL209C	0.92369
707	YCR038C	0.92369
708	YNL321W	0.92364
709	YHR202W	0.92359
710	YDL193W	0.92354
711	YLR248W	0.92354
712	YMR063W	0.9235
713	YBR278W	0.92349
714	YNR057C	0.92348
715	YMR308C	0.92346
716	YPR054W	0.92341
717	YMR210W	0.92338
718	YCL069W	0.92338
719	YDL154W	0.92334
720	YML067C	0.9233
721	YJL129C	0.92327
722	YCR020C-A	0.92325
723	YDL134C	0.92325
724	YDL031W	0.92322
725	YKR055W	0.92319
726	YOL112W	0.92319
727	YNR038W	0.92316
728	YIL089W	0.92316
729	YLL016W	0.92314
730	YCR034W	0.9231
731	YBR264C	0.92308
732	YCR014C	0.92306
733	YHR161C	0.92305
734	YOR092W	0.92302
735	YBL011W	0.92302
736	YBR141C	0.92302
737	YDL231C	0.92302
738	YOR110W	0.923
739	YOR380W	0.92298
740	YML035C	0.92298
741	YJL197W	0.92298
742	YDR395W	0.92294
743	YOL080C	0.92291
744	YGL082W	0.92287
745	YJR090C	0.92283
746	YOL132W	0.92282
747	YER172C	0.92276
748	YBR243C	0.92271
749	YBR137W	0.92263
750	YGL150C	0.92261
751	YIL014W	0.92258
752	YDL043C	0.92256
753	YDR013W	0.92253
754	YDR206W	0.92252
755	YML023C	0.92252
756	YPL045W	0.92251
757	YOL042W	0.92251
758	YPR040W	0.9225
759	YER090W	0.92248
760	YDL241W	0.92246
761	YFR041C	0.92246
762	YCL002C	0.92246
763	YOR179C	0.92244
764	YKR024C	0.92244
765	YDR452W	0.92244
766	YDR465C	0.92243
767	YDR472W	0.92238
768	YDR107C	0.92235
769	YJL024C	0.92235
770	YDL123W	0.92231
771	YKR005C	0.92231
772	YHL038C	0.92228
773	YJL168C	0.92227
774	YNL240C	0.92227
775	YDR305C	0.92226
776	YLR426W	0.92225
777	YLR145W	0.92221
778	YNL187W	0.92221
779	YOR175C	0.9222
780	YKR105C	0.92219
781	YLR106C	0.92218
782	YJR133W	0.92217
783	YKL188C	0.92216
784	YCR051W	0.92214
785	YLR015W	0.92213
786	YIL109C	0.92212
787	YNL065W	0.92212
788	YBR036C	0.92208
789	YEL064C	0.92208
790	YOR367W	0.92208
791	YDL029W	0.92207
792	YBL037W	0.92204
793	YCR037C	0.92204
794	YGR216C	0.92204
795	YPL222W	0.92201
796	YHR191C	0.92196
797	YAR042W	0.92186
798	YOL054W	0.92185
799	YJL154C	0.9218
800	YGR133W	0.92174
801	YKR079C	0.92173
802	YIL002C	0.92172
803	YML095C	0.9217
804	YHR190W	0.92166
805	YGR061C	0.92164
806	YJL141C	0.92163
807	YJR078W	0.92162
808	YEL076C	0.9216
809	YLL023C	0.9216
810	YLR207W	0.9216
811	YPL067C	0.92158
812	YEL012W	0.92154
813	YPL194W	0.92153
814	YHR116W	0.92152
815	YBR227C	0.92148
816	YNR055C	0.92145
817	YGR003W	0.92144
818	YBL113C	0.92144
819	YER051W	0.92141
820	YFL044C	0.9214
821	YNL193W	0.9214
822	YIL171W	0.92137
823	YLR392C	0.92134
824	YGR169C	0.92134
825	YMR161W	0.92132
826	YPR203W	0.92132
827	YBR240C	0.92126
828	YKL010C	0.92125
829	YLR213C	0.92125
830	YMR182C	0.92124
831	YJR072C	0.92124
832	YGR068C	0.92122
833	YIL046W	0.92119
834	YNR003C	0.92119
835	YBR254C	0.92119
836	YGR177C	0.92117
837	YOR154W	0.92111
838	YDR244W	0.92107
839	YHR127W	0.92105
840	YOR381W	0.92105
841	YFR031C	0.92102
842	YHR012W	0.92098
843	YHR133C	0.92097
844	YIL085C	0.92097
845	YPL228W	0.92096
846	YLR413W	0.92095
847	YHR063C	0.92095
848	YNL092W	0.92091
849	YNL158W	0.92091
850	YBR247C	0.92091
851	YBR070C	0.9209
852	YLR258W	0.92088
853	YEL053C	0.92088
854	YML100W	0.92084
855	YNL182C	0.92083
856	YKL191W	0.92082
857	YLR306W	0.9208
858	YDR196C	0.92079
859	YOR267C	0.92076
860	YLR196W	0.92076
861	YGR203W	0.92075
862	YMR034C	0.92075
863	YGL206C	0.92075
864	YEL048C	0.9207
865	YMR262W	0.9207
866	YGR277C	0.9207
867	YJL062W	0.92065
868	YBR055C	0.92065
869	YCL068C	0.92063
870	YLR291C	0.92062
871	YKL104C	0.92062
872	YNL229C	0.9206
873	YGL199C	0.9206
874	YHR201C	0.92059
875	YPL203W	0.92059
876	YGL220W	0.92059
877	YKL217W	0.92057
878	YMR078C	0.92055
879	YMR272C	0.92054
880	YKR026C	0.92054
881	YER157W	0.92053
882	YIR009W	0.92053
883	YGR224W	0.92052
884	YPL181W	0.92052
885	YNR068C	0.9205
886	YIL155C	0.9205
887	YLR013W	0.92049
888	YKR101W	0.92048
889	YLR016C	0.92047
890	YJR032W	0.92046
891	YJR125C	0.92044
892	YPR196W	0.92044
893	YKL100C	0.92031
894	YPR186C	0.92029
895	YDR289C	0.92029
896	R0020C	0.92028
897	YBL033C	0.92025
898	YPR135W	0.92024
899	YDL222C	0.92021
900	YPR162C	0.92021
901	YGL200C	0.9202
902	YIL016W	0.92019
903	YMR261C	0.92017
904	YJR039W	0.92016
905	YEL052W	0.92016
906	YGL003C	0.92016
907	YPL236C	0.92009
908	YGR095C	0.92009
909	YNL271C	0.92007
910	YER119C	0.92006
911	YHR013C	0.92005
912	YJL035C	0.92002
913	YER163C	0.92001
914	YBR014C	0.91998
915	YKL057C	0.91993
916	YLR005W	0.91992
917	YKL065C	0.91991
918	YGR166W	0.91991
919	YML130C	0.9199
920	YJR112W	0.91989
921	YDL146W	0.91989
922	YBR237W	0.91987
923	YLR371W	0.91987
924	YLR096W	0.91986
925	YCL049C	0.91984
926	YDR352W	0.9198
927	YLL038C	0.9198
928	YLR326W	0.91977
929	YIL079C	0.91977
930	YNL155W	0.91977
931	YKR003W	0.91976
932	YPR178W	0.91975
933	YNL192W	0.91975
934	YHR062C	0.91972
935	YJR088C	0.91967
936	YJL203W	0.91967
937	YIR028W	0.91965
938	YPL133C	0.91964
939	YLR451W	0.91961
940	YBR125C	0.91959
941	YIR022W	0.91956
942	YDR512C	0.91949
943	YPL019C	0.91947
944	YGL250W	0.91945
945	YLR414C	0.91943
946	YLR189C	0.91943
947	YDR106W	0.9194
948	YIR008C	0.91937
949	YAL039C	0.91937
950	YLL054C	0.91937
951	YBR241C	0.91934
952	YBR177C	0.91929
953	YMR084W	0.91928
954	YNL217W	0.91926
955	YCL033C	0.91926
956	YOR064C	0.91924
957	YLR210W	0.91923
958	YIR013C	0.91922
959	YIL132C	0.91921
960	YBR273C	0.91921
961	YOL008W	0.91918
962	YNL334C	0.91917
963	YDR171W	0.91915
964	YGR187C	0.91915
965	YJL137C	0.91915
966	YNL106C	0.91914
967	YPR003C	0.9191
968	YAR027W	0.91907
969	YDL220C	0.91906
970	YOR060C	0.91905
971	YER038W-A	0.91904
972	YOR370C	0.91902
973	YGR093W	0.91901
974	YLR085C	0.91901
975	YBR183W	0.919
976	YER145C	0.919
977	YAL042W	0.91899
978	YNL061W	0.91896
979	YOL108C	0.91895
980	YBR058C	0.91894
981	YNL313C	0.91894
982	YPL095C	0.91893
983	YCL050C	0.91891
984	YHR027C	0.91887
985	YFR024C-A	0.91886
986	YIL140W	0.91886
987	YBR207W	0.91883
988	YBR115C	0.91882
989	YAL051W	0.9188
990	YMR111C	0.9188
991	YKL017C	0.9188
992	YCL045C	0.91878
993	YDR434W	0.91875
994	YMR126C	0.91874
995	YOR077W	0.91874
996	YJR066W	0.91874
997	YBR258C	0.91874
998	YDR004W	0.91873
999	YOR080W	0.91872
1000	YNL072W	0.91871
1001	YDL212W	0.91869
1002	YPR056W	0.91868
1003	YFL060C	0.91868
1004	YHR033W	0.91866
1005	YOR103C	0.91866
1006	YPR072W	0.91865
1007	YJR049C	0.9186
1008	YBR101C	0.91859
1009	YPR200C	0.91857
1010	YDR362C	0.91854
1011	YGR031W	0.91853
1012	YMR123W	0.9185
1013	YOR164C	0.9185
1014	YHR065C	0.91848
1015	YPR147C	0.91848
1016	YDR331W	0.91848
1017	YER162C	0.91847
1018	YLR319C	0.91847
1019	YOL028C	0.91847
1020	YLR064W	0.91845
1021	YLR010C	0.91845
1022	YPL060W	0.91843
1023	YMR266W	0.9184
1024	YDR281C	0.91836
1025	YER027C	0.91833
1026	YHR166C	0.91832
1027	YKL128C	0.91832
1028	YDR167W	0.91832
1029	YPR071W	0.9183
1030	YDL156W	0.9183
1031	YHR110W	0.91827
1032	YGL167C	0.91827
1033	YDR508C	0.91826
1034	YLR170C	0.91824
1035	YLR065C	0.91823
1036	YOL088C	0.91822
1037	YGL161C	0.91822
1038	YJL036W	0.91821
1039	YGR283C	0.91817
1040	YHR114W	0.91817
1041	YLR288C	0.91813
1042	YER029C	0.91811
1043	YLL048C	0.91811
1044	YBR259W	0.91809
1045	YDR375C	0.91806
1046	YCL040W	0.91799
1047	YCL075W	0.91796
1048	YCL012C	0.91795
1049	YFR034C	0.91795
1050	YDR026C	0.91791
1051	YDR325W	0.91791
1052	YGL263W	0.91791
1053	YCL001W-B	0.91787
1054	YBR028C	0.91786
1055	YLL026W	0.91785
1056	YPL249C	0.91785
1057	YDL102W	0.91782
1058	YBL017C	0.9178
1059	YLR097C	0.9178
1060	YIR017C	0.91777
1061	YCR054C	0.91774
1062	YER146W	0.91773
1063	YOR035C	0.91773
1064	YCR052W	0.91767
1065	YML014W	0.91766
1066	YMR198W	0.91765
1067	YFL003C	0.91765
1068	YHR108W	0.91765
1069	YAR075W	0.91763
1070	YCL016C	0.91763
1071	YFL064C	0.9176
1072	YPR160W	0.91758
1073	YNL038W	0.91757
1074	YNL262W	0.91754
1075	YKL197C	0.91753
1076	YLR324W	0.91751
1077	YOR283W	0.91751
1078	YBR201W	0.91747
1079	YMR076C	0.91746
1080	YLL029W	0.91745
1081	YPL046C	0.91744
1082	YGR038W	0.91743
1083	YBL074C	0.91742
1084	YGR270W	0.91742
1085	YLR343W	0.91738
1086	YKL125W	0.91737
1087	YLR399C	0.91736
1088	YIR012W	0.91735
1089	YKR043C	0.91735
1090	YGR040W	0.9173
1091	YML032C	0.91727
1092	YNL258C	0.91727
1093	YGR213C	0.91726
1094	YJL192C	0.91726
1095	YBR280C	0.91725
1096	YMR138W	0.91723
1097	YBR180W	0.91719
1098	YLL006W	0.91719
1099	YDR270W	0.91718
1100	YKL220C	0.91717
1101	YPL243W	0.91716
1102	YDL226C	0.91711
1103	YNL232W	0.91711
1104	YOR231W	0.9171
1105	YGL252C	0.91709
1106	YNR012W	0.91708
1107	YER048C	0.91703
1108	YHR117W	0.91703
1109	YMR184W	0.91699
1110	YJL042W	0.91699
1111	YKL047W	0.91699
1112	YJR141W	0.91699
1113	YHR115C	0.91698
1114	YNL181W	0.91694
1115	YLR126C	0.91694
1116	YIL072W	0.91692
1117	YDL209C	0.91692
1118	YML010W	0.91684
1119	YDR438W	0.91683
1120	YBR198C	0.91682
1121	YIR011C	0.91679
1122	YDR180W	0.91678
1123	YGL133W	0.91677
1124	YNL099C	0.91676
1125	YIL107C	0.91675
1126	YGR241C	0.91674
1127	YOL135C	0.91671
1128	YNR051C	0.91671
1129	YDL097C	0.91669
1130	YLR262C	0.91667
1131	YLL004W	0.91665
1132	YFR013W	0.91661
1133	YDR444W	0.91661
1134	YEL044W	0.91661
1135	YPR105C	0.9166
1136	YGR054W	0.9166
1137	YGR200C	0.91657
1138	YLL008W	0.91656
1139	YPR128C	0.91654
1140	YGL241W	0.91654
1141	YMR019W	0.91653
1142	YAL048C	0.9165
1143	YPL012W	0.91646
1144	YML118W	0.91644
1145	YJR136C	0.91643
1146	YDR497C	0.91641
1147	YDL101C	0.91641
1148	YAL043C	0.91639
1149	YCR028C	0.91639
1150	YCR059C	0.91638
1151	YKL154W	0.91637
1152	YBR021W	0.91636
1153	YBR032W	0.91635
1154	YNL291C	0.91633
1155	YKL206C	0.91633
1156	YLL001W	0.91633
1157	YNL299W	0.91633
1158	YPR204W	0.9163
1159	YLR329W	0.91627
1160	YBR086C	0.91626
1161	YKL021C	0.91623
1162	YGL045W	0.91623
1163	YGR242W	0.91623
1164	YHR003C	0.91619
1165	YFR027W	0.91618
1166	YJR118C	0.91617
1167	YDL042C	0.91616
1168	YER066W	0.91615
1169	YPL107W	0.91614
1170	YIL024C	0.91614
1171	YML072C	0.91612
1172	YOR059C	0.91612
1173	YLR425W	0.91609
1174	YJR010W	0.91609
1175	YBR213W	0.91607
1176	YEL055C	0.91606
1177	YAR007C	0.91605
1178	YIL088C	0.91605
1179	YDL194W	0.91603
1180	YGL043W	0.916
1181	YFL048C	0.91599
1182	YGL262W	0.91598
1183	YBR284W	0.91596
1184	YPL074W	0.91596
1185	YGR284C	0.91593
1186	YNL023C	0.91593
1187	YFL002C	0.91592
1188	YJL010C	0.9159
1189	YOL034W	0.91587
1190	YML019W	0.91587
1191	YGL065C	0.91586
1192	YKL183W	0.91585
1193	YDR101C	0.91584
1194	YJR052W	0.91584
1195	YGR190C	0.91583
1196	YOL145C	0.91582
1197	YMR304W	0.91579
1198	YKR067W	0.91578
1199	YPL022W	0.91576
1200	YLR384C	0.91575
1201	YLL049W	0.91571
1202	YML021C	0.9157
1203	YOL158C	0.91567
1204	YBR210W	0.91566
1205	YJL165C	0.9156
1206	YFL034C-B	0.91559
1207	YHR187W	0.91558
1208	YDR314C	0.91557
1209	YPL270W	0.91552
1210	YLR220W	0.91552
1211	YKL058W	0.9155
1212	YOR014W	0.91549
1213	YER159C	0.91548
1214	YGR078C	0.91546
1215	YDL036C	0.91546
1216	YLR387C	0.91544
1217	YFL037W	0.91543
1218	YKL034W	0.91542
1219	YML101C	0.91541
1220	YNL263C	0.9154
1221	YGR125W	0.91535
1222	YLL037W	0.91534
1223	YBR119W	0.91533
1224	YPR180W	0.91533
1225	YNR060W	0.91531
1226	YJR115W	0.91529
1227	YER143W	0.91529
1228	YLR087C	0.91528
1229	YJR131W	0.9152
1230	YBR158W	0.91519
1231	YOR291W	0.91518
1232	YJL222W	0.91517
1233	YOR280C	0.91517
1234	YPL084W	0.91517
1235	YIL173W	0.91516
1236	YOR109W	0.91515
1237	YDR291W	0.91515
1238	YEL076C-A	0.91515
1239	YLR464W	0.91515
1240	YJL164C	0.91515
1241	YHR188C	0.91512
1242	YKR002W	0.91511
1243	YFL017C	0.91508
1244	YJL011C	0.91507
1245	YLL040C	0.91506
1246	YKL214C	0.91504
1247	YIL027C	0.91503
1248	YKR068C	0.91501
1249	YBR283C	0.915
1250	YNL304W	0.91499
1251	YNL111C	0.91498
1252	YNR033W	0.91498
1253	YHL008C	0.91497
1254	YGL246C	0.91497
1255	YBL007C	0.91496
1256	YNL021W	0.91495
1257	YGL100W	0.91494
1258	YLR041W	0.91493
1259	YJR017C	0.91492
1260	YPL175W	0.91489
1261	YKR058W	0.91487
1262	YLR418C	0.91486
1263	YJR075W	0.91486
1264	YDR027C	0.91486
1265	YLL017W	0.91485
1266	YLR014C	0.91482
1267	YBL102W	0.91479
1268	YDR404C	0.91477
1269	YFR026C	0.91475
1270	YOR353C	0.91475
1271	YPL112C	0.9147
1272	YMR115W	0.9147
1273	YHR129C	0.91469
1274	YLR449W	0.91465
1275	YDR301W	0.91463
1276	YCL056C	0.91462
1277	YHL006C	0.91461
1278	YNL019C	0.91458
1279	YPL047W	0.91457
1280	YCR077C	0.91454
1281	YDR336W	0.91454
1282	YML038C	0.91452
1283	YDR245W	0.9145
1284	YPL208W	0.91449
1285	YGR163W	0.91447
1286	YLR379W	0.91446
1287	YMR216C	0.91445
1288	YHR186C	0.9144
1289	YOR156C	0.9144
1290	YGR206W	0.9144
1291	YIL009C-A	0.91436
1292	YKL059C	0.91436
1293	YOL149W	0.91435
1294	YNL087W	0.91434
1295	YMR190C	0.91434
1296	YDL040C	0.91431
1297	YMR214W	0.91428
1298	YLR035C	0.91427
1299	YAR019C	0.91425
1300	YMR197C	0.91419
1301	YGL213C	0.91417
1302	YNL317W	0.91412
1303	YDR052C	0.91408
1304	YNL007C	0.91407
1305	YDL138W	0.91405
1306	YPL064C	0.91405
1307	YLL007C	0.91405
1308	YGL228W	0.914
1309	YHR206W	0.91397
1310	YMR147W	0.91397
1311	YDR296W	0.91397
1312	YDR188W	0.91395
1313	YGL121C	0.91395
1314	YPL051W	0.91395
1315	YLR114C	0.91392
1316	YLR083C	0.91389
1317	YJL074C	0.91388
1318	YBR110W	0.91388
1319	YHR144C	0.91387
1320	YBR135W	0.91387
1321	YOR270C	0.91386
1322	YNL260C	0.91384
1323	YMR259C	0.91383
1324	YPL119C	0.91382
1325	YCL074W	0.91382
1326	YDR211W	0.91382
1327	YBL095W	0.9138
1328	YNR016C	0.91379
1329	YDR349C	0.91379
1330	YCR096C	0.91378
1331	YPL132W	0.91372
1332	YGR122W	0.91371
1333	YLR268W	0.91371
1334	YBR170C	0.91371
1335	YDR364C	0.91369
1336	YPR131C	0.91368
1337	YBL006C	0.91368
1338	YMR106C	0.91367
1339	YEL031W	0.91367
1340	YGR262C	0.91366
1341	YGL186C	0.91363
1342	YGL205W	0.91356
1343	YDL093W	0.91351
1344	YIR044C	0.9135
1345	YOR005C	0.91349
1346	YLR446W	0.91345
1347	YMR104C	0.91344
1348	YMR125W	0.91339
1349	YKL070W	0.91336
1350	YKL075C	0.91333
1351	YBR129C	0.91332
1352	YIL128W	0.9133
1353	YBL040C	0.9133
1354	YPL210C	0.91329
1355	YDR306C	0.91328
1356	YLR361C	0.91328
1357	YDR323C	0.91327
1358	YDR266C	0.91327
1359	YFR037C	0.91327
1360	YER185W	0.91325
1361	YCL073C	0.91323
1362	YHR099W	0.91322
1363	YNL298W	0.91321
1364	YGL190C	0.9132
1365	YLR455W	0.91312
1366	YGL145W	0.9131
1367	YNL033W	0.9131
1368	YJL128C	0.91308
1369	YCR044C	0.91308
1370	YPR133C	0.91307
1371	YDL003W	0.91306
1372	YNL180C	0.91306
1373	YDR399W	0.91306
1374	YPR168W	0.91306
1375	YGL141W	0.91305
1376	YGR028W	0.91303
1377	YNL250W	0.91301
1378	YMR132C	0.913
1379	YOR040W	0.91298
1380	YDR018C	0.91297
1381	YER059W	0.91297
1382	YOR373W	0.91295
1383	YGR006W	0.91294
1384	YLR054C	0.91291
1385	YPL209C	0.91291
1386	YOR075W	0.9129
1387	YJL005W	0.9129
1388	YNL281W	0.91288
1389	YOR106W	0.91287
1390	YMR085W	0.91287
1391	YPL101W	0.91286
1392	YGR157W	0.91286
1393	YHR080C	0.91285
1394	YKR106W	0.91279
1395	YBR144C	0.91278
1396	YOR212W	0.91278
1397	YNL148C	0.91277
1398	YGR116W	0.91276
1399	YGR261C	0.91273
1400	YEL056W	0.91273
1401	YGR109W-B	0.91272
1402	YGL237C	0.91272
1403	YPR140W	0.91271
1404	YIL026C	0.9127
1405	YNL325C	0.91267
1406	YJR064W	0.91263
1407	YAL034W-A	0.91261
1408	YIL067C	0.91261
1409	YDR311W	0.91259
1410	YDL049C	0.91258
1411	YDL240W	0.91256
1412	YNL282W	0.91251
1413	YCR042C	0.91251
1414	YFR004W	0.9125
1415	YMR095C	0.9125
1416	YDR384C	0.91248
1417	YOR330C	0.91247
1418	YGL049C	0.91246
1419	YIL034C	0.91246
1420	YLR372W	0.91245
1421	YLR039C	0.91241
1422	YKL146W	0.91241
1423	YER133W	0.9124
1424	YGL048C	0.91237
1425	YER019C-A	0.91236
1426	YPL195W	0.91235
1427	YPL058C	0.91234
1428	YBR155W	0.91232
1429	Q0055	0.91231
1430	YOR163W	0.9123
1431	YOL104C	0.91229
1432	YBR005W	0.91228
1433	YGL033W	0.91228
1434	YCR091W	0.91227
1435	YDL090C	0.91227
1436	YDR330W	0.91224
1437	YJR107W	0.91221
1438	YOL059W	0.9122
1439	YGL144C	0.91218
1440	YJL002C	0.91218
1441	YDR335W	0.91218
1442	YLR199C	0.91218
1443	YMR289W	0.91216
1444	YMR026C	0.91216
1445	YNR020C	0.91216
1446	YDR108W	0.91215
1447	YGL180W	0.91215
1448	YIL007C	0.91214
1449	YJL183W	0.91213
1450	YGR212W	0.91212
1451	YDL175C	0.91211
1452	YDL060W	0.9121
1453	YLR006C	0.9121
1454	YJL163C	0.9121
1455	YJL156C	0.91209
1456	YKL107W	0.91209
1457	YLR214W	0.91209
1458	YAL001C	0.91208
1459	YDL015C	0.91207
1460	YLR277C	0.91206
1461	YNR028W	0.91205
1462	YKR054C	0.91204
1463	YIL038C	0.91203
1464	YFR029W	0.91201
1465	YLR050C	0.912
1466	YHR001W	0.91198
1467	YHR134W	0.91198
1468	YIL115C	0.91197
1469	YDR090C	0.91196
1470	YMR264W	0.91196
1471	YLR357W	0.91195
1472	YPR045C	0.91193
1473	Q0120	0.91191
1474	YER144C	0.91191
1475	YOR054C	0.91189
1476	YBL104C	0.91188
1477	YMR154C	0.91184
1478	YER107W-A	0.91183
1479	YPL025C	0.91182
1480	YJL022W	0.91181
1481	YMR213W	0.91176
1482	YPL008W	0.91175
1483	YFR032C	0.91174
1484	YPL167C	0.91174
1485	YDR145W	0.91172
1486	YDL019C	0.91172
1487	YJR140C	0.91168
1488	YML071C	0.91166
1489	YJL033W	0.91163
1490	YGR223C	0.91163
1491	YMR093W	0.91163
1492	YGR184C	0.91162
1493	YCR094W	0.91159
1494	YAR029W	0.91159
1495	YGL083W	0.91159
1496	YNR069C	0.91158
1497	YHR140W	0.91157
1498	YDL141W	0.91157
1499	YDL105W	0.91155
1500	YBR053C	0.91155
1501	YPL178W	0.91154
1502	YOR118W	0.91153
1503	YMR301C	0.91151
1504	YBR197C	0.91149
1505	YML018C	0.91147
1506	YFR002W	0.91144
1507	YDL128W	0.91143
1508	YNL059C	0.91142
1509	YDR100W	0.91142
1510	YMR167W	0.91141
1511	YGR055W	0.9114
1512	YDR522C	0.9114
1513	YNL238W	0.91139
1514	YKR007W	0.91138
1515	YIL021W	0.91135
1516	YOL022C	0.91134
1517	YPR097W	0.91127
1518	YPL246C	0.91125
1519	YJL208C	0.91118
1520	YGR070W	0.91114
1521	YER016W	0.91114
1522	YDL161W	0.91114
1523	YPR119W	0.91113
1524	YPL108W	0.91112
1525	YIL082W-A	0.9111
1526	YNL004W	0.9111
1527	YOL068C	0.91109
1528	YNL227C	0.91109
1529	YLR385C	0.91106
1530	YMR021C	0.91103
1531	YLR136C	0.91103
1532	YDR092W	0.91101
1533	YEL067C	0.91099
1534	YJR033C	0.91099
1535	YGL016W	0.91099
1536	YOR321W	0.91098
1537	YGL233W	0.91097
1538	Q0065	0.91096
1539	YGR083C	0.91096
1540	YDL201W	0.91095
1541	YIL039W	0.91094
1542	YNL267W	0.91091
1543	YLR181C	0.91091
1544	YGL060W	0.9109
1545	YOR207C	0.9109
1546	YOL066C	0.9109
1547	YGR042W	0.91088
1548	YFL047W	0.91085
1549	YOL024W	0.91084
1550	YCR084C	0.91082
1551	YPL148C	0.91082
1552	YER113C	0.91076
1553	YMR112C	0.91072
1554	YCR008W	0.91071
1555	YPR192W	0.91071
1556	YBL008W	0.91067
1557	YKL064W	0.91062
1558	YBR091C	0.91061
1559	YGR117C	0.91059
1560	YMR087W	0.91057
1561	YDR373W	0.91055
1562	YBR069C	0.91053
1563	YCL047C	0.91051
1564	YLR127C	0.9105
1565	YML125C	0.9105
1566	YGR099W	0.91049
1567	YDR150W	0.91047
1568	YMR313C	0.91041
1569	YDR168W	0.91039
1570	YGL087C	0.91037
1571	YLR092W	0.91034
1572	YLR215C	0.91032
1573	YLR115W	0.91031
1574	YAL014C	0.91028
1575	YPR108W-A	0.91028
1576	YJR022W	0.91026
1577	YNL221C	0.91026
1578	YPR109W	0.91025
1579	YGL155W	0.91023
1580	YPR089W	0.91023
1581	YLR105C	0.91021
1582	YDR288W	0.91021
1583	YAL035W	0.91021
1584	YLR222C	0.91021
1585	YNL212W	0.9102
1586	YGL058W	0.91019
1587	YML090W	0.91018
1588	YDL177C	0.91016
1589	YKL049C	0.91011
1590	YJR143C	0.9101
1591	YPL113C	0.91009
1592	YMR157C	0.91009
1593	YGR246C	0.91007
1594	YCR060W	0.91004
1595	YNL287W	0.91
1596	YAL002W	0.90999
1597	YDR214W	0.90999
1598	YDR003W	0.90998
1599	YML057W	0.90996
1600	YKL139W	0.90994
1601	YOL004W	0.90992
1602	YHL025W	0.90991
1603	YDR120C	0.90991
1604	YGR268C	0.90985
1605	YBR242W	0.90985
1606	YMR234W	0.9098
1607	YDL063C	0.90979
1608	YLR421C	0.90977
1609	YNR046W	0.90976
1610	YKL173W	0.90975
1611	YKR048C	0.90974
1612	YGR170W	0.90973
1613	YPR174C	0.90965
1614	YLR275W	0.90959
1615	YOR086C	0.90959
1616	YMR201C	0.90956
1617	YGL098W	0.90954
1618	YJL025W	0.90954
1619	YBR185C	0.90953
1620	YOR362C	0.90952
1621	YLR095C	0.90952
1622	YAL037W	0.90952
1623	YNR065C	0.90948
1624	YDR521W	0.90948
1625	YJR147W	0.90948
1626	YER087C-B	0.90947
1627	YKL084W	0.90947
1628	YDL053C	0.90947
1629	YJL115W	0.90946
1630	YKL179C	0.90945
1631	YCR030C	0.90945
1632	YDR316W	0.90943
1633	YNR013C	0.90943
1634	YGR086C	0.90942
1635	YDR284C	0.90939
1636	YML074C	0.90939
1637	YDR293C	0.90938
1638	YDL215C	0.90938
1639	YAL056W	0.90935
1640	YJL068C	0.90932
1641	YOR385W	0.90932
1642	YGL183C	0.90931
1643	YDR437W	0.90929
1644	YAR002C-A	0.90928
1645	YOL052C	0.90928
1646	YOR089C	0.90927
1647	YPR189W	0.90927
1648	YPR085C	0.90927
1649	YGL010W	0.90927
1650	YLR032W	0.90926
1651	YLR116W	0.90925
1652	YDR202C	0.90924
1653	YER139C	0.90923
1654	YDL052C	0.90922
1655	YML124C	0.90922
1656	YBR265W	0.90919
1657	YHR121W	0.90918
1658	YLR350W	0.90913
1659	YFR005C	0.90913
1660	YFL027C	0.90912
1661	YJL220W	0.90909
1662	YIL171W-A	0.90909
1663	YDR392W	0.90909
1664	YKL132C	0.90908
1665	YLL014W	0.90908
1666	YPR088C	0.90907
1667	YDL159W	0.90902
1668	YER039C-A	0.90901
1669	YMR159C	0.90901
1670	YJL029C	0.909
1671	YDL234C	0.909
1672	YDR185C	0.90899
1673	YHR105W	0.90897
1674	YKL055C	0.90897
1675	YLR034C	0.90897
1676	YGR112W	0.90897
1677	YNL130C	0.90892
1678	YNR061C	0.90892
1679	YIR020C-B	0.90891
1680	YCL032W	0.9089
1681	YDR204W	0.90888
1682	YPL162C	0.90888
1683	YBR128C	0.90887
1684	YBL049W	0.90887
1685	YHR070C-A	0.90887
1686	YHR210C	0.90886
1687	YLR228C	0.90886
1688	YMR183C	0.90886
1689	YDR397C	0.90884
1690	YDR137W	0.90881
1691	YDR063W	0.9088
1692	YLL058W	0.90878
1693	YDR282C	0.90878
1694	YDR161W	0.90878
1695	YNL101W	0.90876
1696	YIL099W	0.90876
1697	YDR407C	0.90876
1698	YMR009W	0.90876
1699	YER024W	0.90875
1700	YJL087C	0.90875
1701	YBR060C	0.90875
1702	YDR519W	0.90871
1703	YNL085W	0.9087
1704	YDR182W	0.90869
1705	YLR055C	0.90866
1706	YDR105C	0.90866
1707	YKL036C	0.90864
1708	YKL124W	0.90864
1709	YGL158W	0.90863
1710	YDR338C	0.90862
1711	YDR179W-A	0.90861
1712	YOR134W	0.9086
1713	YMR309C	0.9086
1714	YFR007W	0.9086
1715	YPR139C	0.90857
1716	YMR268C	0.90855
1717	YOR368W	0.90853
1718	YER115C	0.9085
1719	YOR141C	0.90847
1720	YJL030W	0.90846
1721	YEL001C	0.9084
1722	YDR300C	0.9084
1723	YNL314W	0.90839
1724	YML085C	0.90836
1725	YOR239W	0.90834
1726	YIR016W	0.90833
1727	YPL053C	0.90833
1728	YJL212C	0.90832
1729	YLR265C	0.9083
1730	YLR274W	0.9083
1731	YNR023W	0.90826
1732	YDL064W	0.90825
1733	YDR221W	0.90824
1734	YIL075C	0.90824
1735	YOL014W	0.90824
1736	YCL001W	0.90823
1737	YIL091C	0.90823
1738	YHL009W-A	0.90822
1739	YNL138W-A	0.90822
1740	YGL134W	0.90821
1741	YGL248W	0.9082
1742	YIR014W	0.9082
1743	YKL029C	0.9082
1744	YOL086W-A	0.90819
1745	YNL062C	0.90816
1746	YPL192C	0.90816
1747	YER118C	0.90813
1748	YDR262W	0.90813
1749	YML061C	0.90812
1750	YPL021W	0.90808
1751	YBR214W	0.90807
1752	YNL206C	0.90806
1753	YLR107W	0.90805
1754	YIL161W	0.908
1755	YFR016C	0.90799
1756	YHR077C	0.90797
1757	YDR081C	0.90796
1758	YDL167C	0.90796
1759	YNL094W	0.90795
1760	YER036C	0.90795
1761	YHR123W	0.90795
1762	YKL028W	0.90794
1763	YOL032W	0.90794
1764	YDR378C	0.90793
1765	YJL155C	0.90792
1766	YDL133W	0.90791
1767	YIL076W	0.90789
1768	YOL011W	0.90787
1769	YLR435W	0.90784
1770	YCL038C	0.90784
1771	YLR002C	0.90784
1772	YGR218W	0.90779
1773	YPL275W	0.90775
1774	YLR396C	0.90773
1775	YDR442W	0.90773
1776	YMR043W	0.90772
1777	YCL052C	0.90771
1778	YER086W	0.90771
1779	YHR084W	0.9077
1780	YLR251W	0.90769
1781	YML098W	0.90769
1782	YPR032W	0.90768
1783	YGL027C	0.90768
1784	YPL116W	0.90767
1785	YPL007C	0.90765
1786	YBR102C	0.90764
1787	YGR050C	0.90764
1788	YGR188C	0.9076
1789	YBL093C	0.90757
1790	YGR149W	0.90754
1791	YGR088W	0.90752
1792	YJL114W	0.90751
1793	YDR183W	0.9075
1794	YML036W	0.90747
1795	YHR026W	0.90747
1796	YDR308C	0.90745
1797	YLR389C	0.90743
1798	YCR026C	0.90743
1799	YPL215W	0.90742
1800	YGR260W	0.9074
1801	YBL047C	0.90739
1802	YER172C-A	0.90739
1803	YNL086W	0.90736
1804	YNL329C	0.90736
1805	YAL011W	0.90736
1806	YGL012W	0.90736
1807	YKR103W	0.90733
1808	YBL042C	0.90731
1809	YDR273W	0.90729
1810	YDR031W	0.90727
1811	YMR071C	0.90726
1812	YML013W	0.90724
1813	YDR479C	0.90723
1814	YGL243W	0.90723
1815	YPL083C	0.90723
1816	YHR180W	0.90722
1817	YHL047C	0.90718
1818	YJR114W	0.90718
1819	YPR063C	0.90717
1820	YOL087C	0.90713
1821	YOR131C	0.90709
1822	YGL185C	0.90705
1823	YOL148C	0.90702
1824	YDR360W	0.90701
1825	YHR194W	0.907
1826	YNL204C	0.907
1827	YGL104C	0.90699
1828	YBR139W	0.90695
1829	YBR187W	0.9069
1830	YDL026W	0.9069
1831	YHR176W	0.9069
1832	YJL071W	0.90689
1833	YOR196C	0.90687
1834	YGR158C	0.90686
1835	YGL099W	0.90685
1836	YLR247C	0.90683
1837	YKR095W-A	0.90683
1838	YPL232W	0.90679
1839	YBL106C	0.90678
1840	YEL059C-A	0.90676
1841	YER105C	0.90676
1842	YPR202W	0.90675
1843	YOR275C	0.90675
1844	YBR216C	0.90674
1845	YPL259C	0.90673
1846	YDR073W	0.90673
1847	YOR325W	0.90672
1848	YNL286W	0.9067
1849	YOR126C	0.90668
1850	YPR091C	0.90668
1851	YJL145W	0.90666
1852	YLR450W	0.90664
1853	YNL143C	0.90663
1854	YER180C-A	0.90661
1855	YMR220W	0.90652
1856	YGL094C	0.90652
1857	YMR231W	0.90652
1858	YBL029C-A	0.90652
1859	YDL143W	0.90651
1860	YPL247C	0.9065
1861	YBL089W	0.90649
1862	YNL107W	0.90649
1863	YNL279W	0.90647
1864	YLR407W	0.90647
1865	YKL142W	0.90647
1866	YNL251C	0.90647
1867	YPL087W	0.90646
1868	YHL027W	0.90643
1869	YLR417W	0.90639
1870	YOL092W	0.90638
1871	YJL178C	0.90638
1872	YOL002C	0.90637
1873	YOR189W	0.90635
1874	YLR103C	0.90634
1875	YNL169C	0.90633
1876	YOL063C	0.90628
1877	YLR130C	0.90626
1878	YDL225W	0.90625
1879	YDR153C	0.90625
1880	YLR363C	0.90625
1881	YBR018C	0.90624
1882	YDR324C	0.90622
1883	YDR280W	0.9062
1884	YBL058W	0.90618
1885	YIL084C	0.90615
1886	YDL164C	0.90614
1887	YML097C	0.90613
1888	YDL002C	0.90612
1889	YDR333C	0.90612
1890	YDL035C	0.90608
1891	YAL023C	0.90608
1892	YNL022C	0.90607
1893	YKL043W	0.90607
1894	YBL050W	0.90605
1895	YML107C	0.90605
1896	YJR071W	0.90604
1897	YFL013C	0.90603
1898	YJL140W	0.90603
1899	YML083C	0.90602
1900	YOL044W	0.90599
1901	YDL140C	0.90599
1902	YPL125W	0.90596
1903	YNL164C	0.90596
1904	YMR178W	0.90595
1905	YHL012W	0.90594
1906	YMR028W	0.90592
1907	YDR321W	0.9059
1908	YMR107W	0.90587
1909	YJR098C	0.90585
1910	YLR212C	0.90585
1911	YGR195W	0.90585
1912	YJR036C	0.90582
1913	YLR307W	0.9058
1914	YCR072C	0.90578
1915	YGR123C	0.90578
1916	YJL073W	0.90576
1917	YDR525W-A	0.90575
1918	YPL217C	0.90574
1919	YNL051W	0.90572
1920	YHL036W	0.90571
1921	YBL032W	0.9057
1922	YBR267W	0.90569
1923	YJR146W	0.90569
1924	YOL021C	0.90568
1925	YOL017W	0.90568
1926	YMR221C	0.90564
1927	YBR171W	0.90561
1928	YJL157C	0.9056
1929	YJL130C	0.90559
1930	YMR250W	0.90558
1931	YDL197C	0.90557
1932	YMR302C	0.90557
1933	YER098W	0.90553
1934	YBR200W	0.90552
1935	YBR160W	0.90551
1936	YML102W	0.90551
1937	YMR239C	0.90549
1938	YGR259C	0.90548
1939	YNL211C	0.90547
1940	YER182W	0.90544
1941	YDR142C	0.90544
1942	YGR143W	0.90543
1943	YJR116W	0.90543
1944	YEL061C	0.90541
1945	YOR269W	0.90538
1946	YHR016C	0.90536
1947	YGL111W	0.90535
1948	YKL073W	0.90531
1949	YOR026W	0.90531
1950	YML117W	0.90526
1951	YLR100W	0.90525
1952	YMR310C	0.90524
1953	YJR013W	0.90524
1954	YMR148W	0.90523
1955	YLR442C	0.90521
1956	YLR216C	0.9052
1957	YER008C	0.90515
1958	YIL104C	0.90512
1959	YOR274W	0.90511
1960	YIL114C	0.90511
1961	YKL089W	0.90511
1962	YBR065C	0.9051
1963	YHR131W-A	0.9051
1964	YDL214C	0.9051
1965	YKR021W	0.90509
1966	YDR097C	0.90509
1967	YJL006C	0.90508
1968	YCR002C	0.90507
1969	YIL065C	0.90507
1970	YGL164C	0.90505
1971	YLR370C	0.90505
1972	YPL094C	0.90504
1973	YPL096W	0.90504
1974	YJR135C	0.90504
1975	YHR165C	0.90501
1976	YLR226W	0.90499
1977	YFR022W	0.90498
1978	YCL066W	0.90498
1979	YCR040W	0.90498
1980	YER021W	0.90497
1981	YGL122C	0.90497
1982	YHR119W	0.90495
1983	YCR092C	0.90494
1984	YPR175W	0.90494
1985	YLR427W	0.90494
1986	YKR096W	0.90493
1987	YKL130C	0.9049
1988	YLR143W	0.90487
1989	YNL132W	0.90487
1990	YGR128C	0.90485
1991	YIR005W	0.90485
1992	YHR049C-A	0.90485
1993	YDL025C	0.90483
1994	YPL137C	0.90483
1995	YNL246W	0.90482
1996	YNL001W	0.90481
1997	YDR162C	0.90479
1998	YOR052C	0.90477
1999	YER142C	0.90474
2000	YEL072W	0.90474
2001	YOR314W	0.90473
2002	YCL034W	0.90473
2003	YLR082C	0.90472
2004	YBL044W	0.90471
2005	YDR478W	0.9047
2006	YDR428C	0.90469
2007	YBR034C	0.90469
2008	YJL215C	0.90469
2009	YDR283C	0.90469
2010	YPR155C	0.90468
2011	YOL056W	0.90467
2012	YBR003W	0.90466
2013	YJL081C	0.90465
2014	YMR135W-A	0.90464
2015	YCL046W	0.90464
2016	YDR503C	0.90464
2017	YER183C	0.90463
2018	YKL033W	0.90462
2019	YDR056C	0.90462
2020	YPL182C	0.90462
2021	YKL090W	0.90457
2022	YPR113W	0.90457
2023	YAL047W-A	0.90456
2024	YPL009C	0.90456
2025	YMR227C	0.90447
2026	YNL186W	0.90447
2027	YJR059W	0.90446
2028	YGL259W	0.90445
2029	YFL032W	0.90445
2030	YGR059W	0.90445
2031	YKL129C	0.90443
2032	YGR009C	0.90442
2033	YOR360C	0.90441
2034	YGL013C	0.9044
2035	YNL248C	0.90438
2036	YDR230W	0.90437
2037	YKL175W	0.90437
2038	YBR253W	0.90434
2039	YOL115W	0.90433
2040	YKR015C	0.90432
2041	YNL029C	0.9043
2042	YOR161C	0.90428
2043	YPR017C	0.90427
2044	YGR144W	0.90426
2045	YOR021C	0.90425
2046	YPL023C	0.90424
2047	YHR035W	0.90418
2048	YOL051W	0.90417
2049	YIL029W-A	0.90415
2050	YKL095W	0.90415
2051	YNL129W	0.90414
2052	YJL101C	0.90412
2053	YDR173C	0.9041
2054	YBR260C	0.9041
2055	YJL125C	0.90409
2056	YBR199W	0.90406
2057	YGL022W	0.90405
2058	YJL037W	0.90405
2059	YCR039C	0.90405
2060	YCL067C	0.90405
2061	YLR022C	0.90404
2062	YLR195C	0.90404
2063	YLR409C	0.90402
2064	YOR051C	0.90399
2065	YKL035W	0.90399
2066	YLR422W	0.90397
2067	YHR212C	0.90396
2068	YAR060C	0.90396
2069	YBR193C	0.90395
2070	YER137C	0.90395
2071	YLR036C	0.90393
2072	YER014W	0.90391
2073	YLR440C	0.90388
2074	YGL231C	0.90388
2075	YER047C	0.90386
2076	YPL001W	0.90386
2077	YJL173C	0.90386
2078	YER119C-A	0.90385
2079	YCL021W-A	0.90384
2080	YPR051W	0.90384
2081	YNL049C	0.90383
2082	YPL233W	0.90382
2083	YOR038C	0.9038
2084	YJL184W	0.90378
2085	YDL013W	0.90378
2086	YGL064C	0.90377
2087	YDL100C	0.90375
2088	YHL030W	0.90374
2089	YPL169C	0.90373
2090	YGR104C	0.90372
2091	YDR215C	0.90372
2092	YJL174W	0.90369
2093	YLR240W	0.90368
2094	YJL132W	0.90368
2095	YCR009C	0.90367
2096	YKL208W	0.90366
2097	YJL055W	0.90365
2098	YDL059C	0.90365
2099	YLR132C	0.90365
2100	YHR067W	0.90364
2101	YMR133W	0.90363
2102	YGR124W	0.90363
2103	YBR233W	0.90363
2104	YNR042W	0.90362
2105	YLR234W	0.90361
2106	YPL244C	0.90361
2107	YMR088C	0.90359
2108	YBR287W	0.90357
2109	YPR114W	0.90357
2110	YBR107C	0.90355
2111	YDR117C	0.90353
2112	YDR011W	0.90352
2113	YPL191C	0.90345
2114	YOR056C	0.90345
2115	YKL005C	0.90345
2116	YHR153C	0.90344
2117	YLR045C	0.9034
2118	YPL242C	0.9034
2119	YOR173W	0.9034
2120	YPR030W	0.90339
2121	YPR116W	0.90338
2122	YKL018W	0.90334
2123	YLR305C	0.90333
2124	YOL090W	0.90333
2125	YLR113W	0.90331
2126	YOR357C	0.90331
2127	YNL082W	0.9033
2128	YMR097C	0.9033
2129	YML111W	0.90329
2130	YJL206C	0.90327
2131	YJR127C	0.90327
2132	YDR507C	0.90326
2133	YGR186W	0.90325
2134	YLR088W	0.90325
2135	YBR151W	0.90325
2136	YNL088W	0.90322
2137	YNR031C	0.90321
2138	YCL025C	0.9032
2139	YBL097W	0.90317
2140	YOR135C	0.90316
2141	YEL060C	0.90315
2142	YFL001W	0.90315
2143	YFR010W	0.90314
2144	YHR120W	0.90311
2145	YBL025W	0.9031
2146	YDR435C	0.90309
2147	YGL257C	0.90308
2148	YHR060W	0.90308
2149	YOR366W	0.90307
2150	YEL018W	0.90303
2151	YMR296C	0.90303
2152	YJL102W	0.90302
2153	YPR092W	0.90301
2154	YDL077C	0.903
2155	YDR238C	0.90296
2156	YJR119C	0.90296
2157	YMR048W	0.90293
2158	YLR183C	0.90293
2159	YPL110C	0.90293
2160	YMR212C	0.90292
2161	YML082W	0.9029
2162	YHR101C	0.90288
2163	YOL083W	0.90286
2164	YCR017C	0.90286
2165	YIL156W-A	0.90282
2166	YNL289W	0.90281
2167	YAL020C	0.9028
2168	YHL013C	0.90279
2169	YIL061C	0.90275
2170	YDR346C	0.90275
2171	YOL123W	0.90274
2172	YDR297W	0.90273
2173	YDR455C	0.90273
2174	YAL067C	0.90272
2175	YER076W-A	0.9027
2176	YLR059C	0.90269
2177	YEL011W	0.90268
2178	YER123W	0.90267
2179	YBR030W	0.90265
2180	YBR294W	0.90262
2181	YIL064W	0.90262
2182	YER093C	0.9026
2183	YDR054C	0.90258
2184	YHR124W	0.90257
2185	YKL088W	0.90252
2186	YKL119C	0.90251
2187	YLR133W	0.9025
2188	YOL147C	0.90249
2189	YGR052W	0.90248
2190	YNL084C	0.90245
2191	YFL040W	0.90242
2192	YJL194W	0.90242
2193	YLR328W	0.90242
2194	YIR015W	0.90241
2195	YGR130C	0.90237
2196	YEL017W	0.90236
2197	YNL024C-A	0.90236
2198	YHL039W	0.90233
2199	YKL184W	0.90229
2200	YOR230W	0.90228
2201	YDR419W	0.90226
2202	YDR140W	0.90225
2203	YDR020C	0.90218
2204	YJR031C	0.90216
2205	YER049W	0.90216
2206	YBL061C	0.90215
2207	YKL174C	0.90213
2208	YHR086W	0.90212
2209	YDR423C	0.90209
2210	YOL050C	0.90208
2211	YNL293W	0.90208
2212	YNR040W	0.90207
2213	YGR110W	0.90205
2214	YCR020W-B	0.90204
2215	Q0105	0.90204
2216	YKL165C	0.90204
2217	YOR282W	0.90204
2218	YER151C	0.90202
2219	YOR152C	0.902
2220	YHR028W-A	0.90199
2221	YPL114W	0.90199
2222	YKL094W	0.90196
2223	YHR078W	0.90193
2224	YBL019W	0.90192
2225	YFR056C	0.90192
2226	YDR007W	0.90192
2227	YJL169W	0.90188
2228	YOL098C	0.90187
2229	YGR036C	0.90186
2230	YDR520C	0.90184
2231	YDR079C-A	0.90184
2232	YFR006W	0.90184
2233	YPL030W	0.90183
2234	YER128W	0.90183
2235	YPL010W	0.90182
2236	YML029W	0.90179
2237	YJL044C	0.90178
2238	YOR249C	0.90177
2239	YHR136C	0.90176
2240	YPR125W	0.90175
2241	YKL074C	0.90175
2242	YDR156W	0.90174
2243	YPR159W	0.90174
2244	YCR036W	0.90174
2245	YOR069W	0.90172
2246	YJR050W	0.90169
2247	YDR152W	0.90167
2248	YJL038C	0.90165
2249	YER092W	0.90165
2250	YBL101C	0.90162
2251	YPR025C	0.90161
2252	YOR328W	0.9016
2253	YBL066C	0.90158
2254	YAL067W-A	0.90156
2255	YER037W	0.90155
2256	YOR259C	0.90153
2257	YMR294W	0.9015
2258	YOR365C	0.9015
2259	YAL034C-B	0.90149
2260	YBL055C	0.90146
2261	YLR066W	0.90145
2262	YGL114W	0.90144
2263	YHR209W	0.90143
2264	YOR132W	0.90142
2265	YER184C	0.90141
2266	YDR398W	0.9014
2267	YJL059W	0.90136
2268	YKL113C	0.90134
2269	YJL020C	0.90133
2270	YGL007W	0.90129
2271	YGR162W	0.90127
2272	YPL257W	0.90125
2273	YMR298W	0.90123
2274	YOR193W	0.90123
2275	YOL124C	0.90121
2276	YGL192W	0.90119
2277	YOR160W	0.90118
2278	YPR172W	0.90116
2279	YNL247W	0.90114
2280	YOR227W	0.90113
2281	YOR348C	0.90113
2282	YER053C-A	0.90112
2283	YGL112C	0.90109
2284	YLR159W	0.90109
2285	YLR156W	0.90109
2286	YLR161W	0.90109
2287	YEL029C	0.90109
2288	YBR271W	0.90109
2289	YJL170C	0.90108
2290	YHL045W	0.90105
2291	YKL018C-A	0.90105
2292	YOR361C	0.90105
2293	YPL258C	0.90103
2294	YER080W	0.90098
2295	YOR204W	0.90097
2296	YPL039W	0.90097
2297	YHR189W	0.90095
2298	YJL127W-A	0.90095
2299	YLR415C	0.90093
2300	YDR132C	0.90093
2301	YNR006W	0.90091
2302	YBL069W	0.90089
2303	YLR003C	0.90089
2304	YOL152W	0.90089
2305	YJR102C	0.90085
2306	YML104C	0.90084
2307	YDR327W	0.90083
2308	YDR272W	0.90081
2309	YBR179C	0.90081
2310	YDR518W	0.9008
2311	YDR367W	0.9008
2312	YBR084W	0.90079
2313	YMR233W	0.90078
2314	YKL040C	0.90078
2315	YOR033C	0.90078
2316	YDR347W	0.90076
2317	YAL064W	0.90076
2318	YMR254C	0.90075
2319	YBR044C	0.90073
2320	YMR237W	0.90071
2321	YPL186C	0.90071
2322	YOR197W	0.90068
2323	YHR085W	0.90065
2324	YMR155W	0.90064
2325	YPR055W	0.90062
2326	YOR262W	0.9006
2327	YDR449C	0.9006
2328	YLR405W	0.9006
2329	YPR173C	0.90059
2330	YNL330C	0.90057
2331	YDR109C	0.90057
2332	YLR437C	0.90057
2333	YJL106W	0.90056
2334	YJL067W	0.90055
2335	YGR053C	0.90054
2336	YDR409W	0.90053
2337	YOL117W	0.90053
2338	YKL019W	0.90053
2339	YMR192W	0.90053
2340	YLR347C	0.90052
2341	YOR305W	0.90051
2342	YOR322C	0.90047
2343	YNL219C	0.90041
2344	YGR267C	0.90041
2345	YPL152W	0.90039
2346	YEL058W	0.90038
2347	YPL184C	0.90037
2348	YDL091C	0.90035
2349	YDR355C	0.90035
2350	YEL024W	0.90034
2351	YPL248C	0.90033
2352	YNL254C	0.90032
2353	YNL280C	0.90031
2354	YMR205C	0.9003
2355	YLR381W	0.90029
2356	YHL040C	0.90029
2357	YDL047W	0.90026
2358	YLR227C	0.90025
2359	YBR188C	0.90025
2360	YNL253W	0.90025
2361	YDL219W	0.90025
2362	YKL168C	0.90024
2363	YOR174W	0.90022
2364	YOL096C	0.90021
2365	YDL129W	0.9002
2366	YER014C-A	0.90019
2367	YLR316C	0.90019
2368	YLR444C	0.90018
2369	YGL090W	0.90017
2370	YDR464C-A	0.90017
2371	YMR258C	0.90016
2372	YLR166C	0.90015
2373	YLR077W	0.90014
2374	YKL079W	0.90014
2375	YLR369W	0.90013
2376	YOR012W	0.90012
2377	YER110C	0.90012
2378	YIL048W	0.9001
2379	YIL059C	0.90009
2380	YGL227W	0.90008
2381	YOR217W	0.90007
2382	YER015W	0.90006
2383	YBR056W	0.90003
2384	YBL012C	0.90003
2385	YJL146W	0.90002
2386	YGR201C	0.90002
2387	YLR314C	0.90001
2388	YKL195W	0.90001
2389	YDR189W	0.9
2390	YMR027W	0.9
2391	YOR097C	0.89999
2392	YOL038W	0.89999
2393	YLR224W	0.89999
2394	YIL060W	0.89998
2395	YMR271C	0.89996
2396	YNR030W	0.89995
2397	YOR181W	0.89994
2398	YIL083C	0.89994
2399	YLR453C	0.89993
2400	YLR416C	0.89992
2401	YOR311C	0.89991
2402	YIR036W-A	0.89991
2403	YOR340C	0.89989
2404	YDR194C	0.89987
2405	YMR222C	0.89982
2406	YBR098W	0.89982
2407	YDR218C	0.89978
2408	YJR021C	0.89977
2409	YHR199C	0.89973
2410	YNL113W	0.89972
2411	Q0060	0.89971
2412	YMR053C	0.89967
2413	YKL201C	0.89963
2414	YJR038C	0.89963
2415	YHL031C	0.89962
2416	YGR278W	0.8996
2417	YIL118W	0.8996
2418	YML115C	0.89958
2419	YIL003W	0.89956
2420	YDR046C	0.89956
2421	YJL186W	0.89951
2422	YPR014C	0.89951
2423	YBL035C	0.89951
2424	YGR111W	0.89949
2425	YGL195W	0.89945
2426	YER101C	0.89945
2427	YHR137C-A	0.89942
2428	YPR145W	0.89941
2429	YGR090W	0.8994
2430	YGL230C	0.89939
2431	YLR119W	0.89938
2432	YDL195W	0.89937
2433	YGL207W	0.89936
2434	YMR137C	0.89935
2435	YBR087W	0.89933
2436	YPR146C	0.89933
2437	YHR025W	0.89929
2438	YFL007W	0.89928
2439	YMR275C	0.89928
2440	YBR123C	0.89928
2441	YNL121C	0.89926
2442	YOR119C	0.89926
2443	YMR049C	0.89924
2444	YNL316C	0.89924
2445	YPR041W	0.89924
2446	YOR025W	0.89924
2447	YNL119W	0.89923
2448	YPR053C	0.89922
2449	YIL113W	0.8992
2450	YPL029W	0.8992
2451	YLR433C	0.89916
2452	YOR338W	0.89915
2453	YPR011C	0.89915
2454	YBR296C	0.89913
2455	YGR057C	0.89912
2456	YNR043W	0.89909
2457	YHR214C-C	0.89909
2458	YDR087C	0.89909
2459	YHL006W-A	0.89906
2460	YDL203C	0.89905
2461	YMR109W	0.899
2462	YKR060W	0.89898
2463	YOL020W	0.89897
2464	YBL083C	0.89897
2465	YJL112W	0.89897
2466	YPR153W	0.89895
2467	YIL158W	0.89895
2468	YMR100W	0.89891
2469	YHL020C	0.89891
2470	YDR246W-A	0.8989
2471	YMR297W	0.8989
2472	YNL173C	0.89887
2473	YHR214C-E	0.89886
2474	YAL056C-A	0.89886
2475	YPR124W	0.89885
2476	YKR027W	0.89885
2477	YBR186W	0.89882
2478	YKL165C-A	0.89881
2479	YLR253W	0.89879
2480	YGL093W	0.89878
2481	YNL230C	0.89878
2482	YJL127C	0.89877
2483	YKL061W	0.89876
2484	YOR206W	0.89875
2485	YJR006W	0.89874
2486	YER189W	0.89874
2487	YDL094C	0.89873
2488	YFL041W	0.89872
2489	YPR201W	0.89871
2490	YLR149C	0.89871
2491	YHL032C	0.8987
2492	YIL145C	0.89869
2493	YDR241W	0.89869
2494	YDR391C	0.89868
2495	YOL082W	0.89865
2496	YJR061W	0.89864
2497	YER077C	0.89861
2498	YDR501W	0.8986
2499	YOR194C	0.89859
2500	YOL129W	0.89859
2501	YNL150W	0.89856
2502	YLR297W	0.89852
2503	YGL165C	0.8985
2504	YBL108W	0.8985
2505	YJL004C	0.89849
2506	YML099C	0.89848
2507	YOR018W	0.89847
2508	YBR226C	0.89846
2509	YML105C	0.89841
2510	YDL034W	0.89838
2511	YDR440W	0.89838
2512	YMR312W	0.89838
2513	YIL009W	0.89836
2514	YHR069C-A	0.89836
2515	YLR269C	0.89836
2516	YDR257C	0.89835
2517	YHR139C-A	0.89834
2518	YKL115C	0.89834
2519	YLR117C	0.89833
2520	YPL239W	0.89831
2521	YHR054W-A	0.8983
2522	YHR052W-A	0.8983
2523	YIL139C	0.89829
2524	YOL076W	0.89828
2525	YIL156W	0.89828
2526	YHR073W-A	0.89827
2527	YDL218W	0.89825
2528	YDL202W	0.89825
2529	YCR064C	0.89825
2530	YBL004W	0.89822
2531	YFR043C	0.89818
2532	YER186C	0.89817
2533	YER046W-A	0.89817
2534	YOR243C	0.89814
2535	YDL103C	0.8981
2536	YGL118C	0.89809
2537	YLL032C	0.89808
2538	YER085C	0.89807
2539	YGR240C	0.89807
2540	YLR140W	0.89806
2541	YDR499W	0.89804
2542	YJR067C	0.89803
2543	YBR190W	0.89801
2544	YDL122W	0.89801
2545	YGL055W	0.89801
2546	YDR075W	0.898
2547	YMR044W	0.89799
2548	YHR155W	0.89799
2549	YNR070W	0.89798
2550	YGR199W	0.89798
2551	YNL218W	0.89798
2552	YDR445C	0.89798
2553	YJL057C	0.89798
2554	YNL090W	0.89798
2555	YHL019W-A	0.89796
2556	YLR323C	0.89796
2557	YBR231C	0.89795
2558	YOR185C	0.89794
2559	YDR169C-A	0.89794
2560	YMR200W	0.89793
2561	YML034C-A	0.89793
2562	YPR038W	0.89789
2563	YBR246W	0.89789
2564	YLR091W	0.89786
2565	YOR236W	0.89786
2566	YHR021W-A	0.89786
2567	YOR083W	0.89785
2568	YDR006C	0.89785
2569	YKL157W	0.89782
2570	YGR191W	0.89779
2571	YAL033W	0.89778
2572	YMR209C	0.89775
2573	YJR037W	0.89774
2574	YOR258W	0.89774
2575	YOR116C	0.89771
2576	YKL103C	0.89769
2577	YGR135W	0.89764
2578	YJL061W	0.89762
2579	YML116W-A	0.8976
2580	YDR009W	0.89758
2581	YGR293C	0.89758
2582	YJR128W	0.89755
2583	YPR187W	0.89755
2584	YKL207W	0.89755
2585	YDL157C	0.89755
2586	YPL227C	0.89754
2587	YPR134W	0.89752
2588	YHR079C	0.89751
2589	YMR058W	0.89749
2590	YML089C	0.89748
2591	YIL150C	0.89748
2592	YDL112W	0.89747
2593	YPL150W	0.89746
2594	YLR378C	0.89745
2595	YMR292W	0.89743
2596	YPR015C	0.89741
2597	YDR403W	0.89741
2598	YOR192C	0.89739
2599	YOR008C-A	0.89738
2600	YPL216W	0.89735
2601	YNL009W	0.89735
2602	YPR141C	0.89734
2603	YMR279C	0.89732
2604	YBR068C	0.89731
2605	YOR187W	0.8973
2606	YNL264C	0.89729
2607	YDR492W	0.89728
2608	YKL116C	0.89728
2609	YKL004W	0.89728
2610	YPL278C	0.89727
2611	YGR044C	0.89727
2612	YPR108W	0.89726
2613	YLR186W	0.89724
2614	YGL244W	0.89724
2615	YMR055C	0.89723
2616	YLR173W	0.89723
2617	YGL153W	0.89723
2618	YLR004C	0.89721
2619	YNL128W	0.89721
2620	YBR298C-A	0.8972
2621	YML076C	0.8972
2622	YLR250W	0.8972
2623	YER168C	0.8972
2624	YDR537C	0.89719
2625	YHR047C	0.89719
2626	YGR077C	0.89717
2627	YGR248W	0.89717
2628	YDL171C	0.89716
2629	YBR092C	0.89714
2630	YKR093W	0.89712
2631	YKR062W	0.89711
2632	YMR113W	0.89708
2633	YGR080W	0.89707
2634	YGR051C	0.89707
2635	YEL017C-A	0.89707
2636	YML086C	0.89704
2637	YBL016W	0.89699
2638	YNL126W	0.89699
2639	YDL162C	0.89696
2640	YOR390W	0.89695
2641	YPR169W	0.89695
2642	YKR008W	0.89693
2643	YCR020C	0.89691
2644	YLR232W	0.89689
2645	YLR193C	0.89688
2646	YDR387C	0.89687
2647	YOL013W-A	0.89686
2648	YOL131W	0.89684
2649	YHR193C-A	0.89683
2650	YNL025C	0.89681
2651	YPL176C	0.89681
2652	YJL012C	0.89679
2653	Q0070	0.89675
2654	YNL016W	0.89675
2655	YBL010C	0.89674
2656	YOR233W	0.89673
2657	YGR245C	0.89673
2658	YHR122W	0.89673
2659	YNL222W	0.89672
2660	YGL116W	0.89672
2661	YOL045W	0.89672
2662	YHR111W	0.89671
2663	YPL264C	0.89669
2664	YJL019W	0.89669
2665	YKR044W	0.89667
2666	YLR128W	0.89665
2667	YDR427W	0.89664
2668	YDR464W	0.89664
2669	YOR093C	0.89664
2670	YOR277C	0.89664
2671	YPR112C	0.89664
2672	YCR067C	0.89663
2673	YJR093C	0.89662
2674	YLR317W	0.89661
2675	YOL033W	0.89661
2676	YBR019C	0.89661
2677	YLR361C-A	0.8966
2678	YFL013W-A	0.89659
2679	YFL021C-A	0.89658
2680	YER005W	0.89655
2681	YPL065W	0.89652
2682	YNL014W	0.8965
2683	YJL070C	0.8965
2684	YCR022C	0.89649
2685	YDR138W	0.89648
2686	YJL107C	0.89647
2687	YCL048W	0.89646
2688	YIL174W	0.89644
2689	YJL222W-A	0.89644
2690	YJL123C	0.89644
2691	YMR022W	0.89643
2692	YEL016C	0.89642
2693	YPR184W	0.8964
2694	YNL146C-A	0.8964
2695	YHR198C	0.89639
2696	YJL120W	0.89638
2697	YPL265W	0.89637
2698	YGR045C	0.89635
2699	YGL101W	0.89633
2700	YIL143C	0.89632
2701	YML126C	0.89629
2702	YOR107W	0.89628
2703	YLR209C	0.89628
2704	YLL060C	0.89627
2705	YOR050C	0.89627
2706	YDR102C	0.89627
2707	YCL029C	0.89626
2708	YOR186C-A	0.89626
2709	YLR346C	0.89622
2710	YBL079W	0.8962
2711	YCR102W-A	0.89619
2712	YPL241C	0.89618
2713	YGL247W	0.89616
2714	YPR031W	0.89614
2715	YAR070C	0.89612
2716	YDL116W	0.89611
2717	YJL139C	0.89611
2718	YAR030C	0.89611
2719	YGR208W	0.89611
2720	YNL292W	0.89609
2721	YJR041C	0.89609
2722	YGR103W	0.89607
2723	YPR077C	0.89605
2724	YCR018C	0.89605
2725	YMR158W	0.89603
2726	YDR470C	0.896
2727	YKR038C	0.896
2728	YBR270C	0.896
2729	YDR131C	0.89599
2730	YJL080C	0.89599
2731	YKR089C	0.89597
2732	YML031C-A	0.89597
2733	YIL095W	0.89592
2734	YPL279C	0.89591
2735	YKR011C	0.89591
2736	YHR200W	0.89591
2737	YIR040C	0.89589
2738	YGR269W	0.89589
2739	YJR117W	0.89585
2740	YGL123C-A	0.89584
2741	YGL211W	0.89583
2742	YLR299W	0.89582
2743	YMR032W	0.89582
2744	YHR197W	0.89581
2745	YJR044C	0.8958
2746	YDR406W	0.89579
2747	YBL086C	0.89579
2748	YAR019W-A	0.89578
2749	YGR010W	0.89578
2750	YDR535C	0.89578
2751	YDR128W	0.89577
2752	YIR020C	0.89576
2753	YER091C-A	0.89576
2754	YGL239C	0.89574
2755	YNL295W	0.89574
2756	YDL227C	0.89573
2757	YLR177W	0.89572
2758	YPR198W	0.8957
2759	YMR039C	0.8957
2760	YKL104W-A	0.89569
2761	YDL095W	0.89569
2762	YMR141C	0.89568
2763	YMR306C-A	0.89567
2764	YLR429W	0.89567
2765	YEL025C	0.89565
2766	YKL091C	0.89564
2767	YKL183C-A	0.89562
2768	YML005W	0.89561
2769	YGL132W	0.89561
2770	YDR312W	0.89559
2771	YOR115C	0.89559
2772	YER068C-A	0.89556
2773	YJL039C	0.89554
2774	YGL232W	0.89552
2775	YDL051W	0.89551
2776	YJL050W	0.8955
2777	YML092C	0.89549
2778	YML064C	0.89549
2779	YML101C-A	0.89548
2780	YPL196W	0.89547
2781	YFL009W	0.89545
2782	YJR154W	0.89542
2783	YGR258C	0.89542
2784	YHR049W	0.89542
2785	YNR045W	0.89541
2786	YKL080W	0.8954
2787	YGL249W	0.89539
2788	YMR290W-A	0.89539
2789	YDR201W	0.89535
2790	YOR017W	0.89535
2791	YLR467C-A	0.8953
2792	YOR396C-A	0.8953
2793	YLR466C-A	0.8953
2794	YJR063W	0.89529
2795	YOR006C	0.89527
2796	YPL005W	0.89526
2797	YOR151C	0.89522
2798	YBR096W	0.89522
2799	YPR183W	0.89522
2800	YOR201C	0.89521
2801	YIL130W	0.8952
2802	YAL054C	0.89519
2803	YDR285W	0.89519
2804	YOR071C	0.89518
2805	YLR301W	0.89517
2806	YLR129W	0.89517
2807	YFL025C	0.89516
2808	YLR120W-A	0.89514
2809	YOR345C	0.89512
2810	YLR239C	0.89512
2811	YML059C	0.89511
2812	YDR527W	0.8951
2813	YPL097W	0.89507
2814	YOR001W	0.89507
2815	YMR017W	0.89506
2816	YKL102C	0.89506
2817	YNR021W	0.89505
2818	YLL067W-A	0.89505
2819	YFL068W	0.89505
2820	YLL066W-A	0.89505
2821	YOL093W	0.89504
2822	YPL080C	0.89501
2823	YOR068C	0.895
2824	YDR344C	0.895
2825	YDL096C	0.895
2826	YDL216C	0.89499
2827	YJR054W	0.89497
2828	YKR104W	0.89496
2829	YOL101C	0.89495
2830	YPL117C	0.89495
2831	YGL109W	0.89494
2832	YDR033W	0.89494
2833	YDR014W-A	0.89493
2834	YPR204C-A	0.89492
2835	YEL077W-A	0.89492
2836	YGR296C-B	0.89492
2837	YPL283W-B	0.89492
2838	YER190C-B	0.89492
2839	YGR121W-A	0.89492
2840	YJL211C	0.89491
2841	YPL073C	0.89491
2842	YNR047W	0.89488
2843	YOR219C	0.89485
2844	YJL171C	0.89484
2845	YLR462W	0.89483
2846	YNL123W	0.89483
2847	YOR318C	0.89483
2848	YML133W-B	0.8948
2849	YHR219C-A	0.8948
2850	YNL339W-B	0.8948
2851	YOR041C	0.89479
2852	YJR137C	0.89477
2853	YDR319C	0.89476
2854	YNL296W	0.89476
2855	YJR079W	0.89475
2856	YKR061W	0.89475
2857	YIL177W-A	0.89473
2858	YJL225W-A	0.89473
2859	YFR039C	0.8947
2860	YDR329C	0.89468
2861	YER006W	0.89467
2862	YHL050W-A	0.89467
2863	YML116W	0.89465
2864	YPR181C	0.89464
2865	YOR124C	0.89464
2866	YGR238C	0.89462
2867	YER171W	0.89461
2868	YFL051C	0.8946
2869	YNL035C	0.8946
2870	YDR458C	0.8946
2871	YBR159W	0.89458
2872	YNR027W	0.89457
2873	YLR121C	0.89455
2874	YPR199C	0.89454
2875	YDR460W	0.89452
2876	YHR076W	0.89451
2877	YMR074C	0.8945
2878	YOL126C	0.8945
2879	YIL035C	0.89449
2880	YJL195C	0.89448
2881	YFL036W	0.89446
2882	YPR158C-C	0.89445
2883	YHL002C-A	0.89444
2884	YBL005W	0.89442
2885	YOR067C	0.89442
2886	YIL042C	0.89438
2887	YOL095C	0.89437
2888	YEL075W-A	0.89436
2889	YOL023W	0.89435
2890	YMR006C	0.89434
2891	YBR272C	0.89433
2892	YAL015C	0.89433
2893	YGR075C	0.89432
2894	YKR049C	0.89431
2895	YPL190C	0.89431
2896	YOR242C	0.89431
2897	YPR107C	0.8943
2898	YKL190W	0.8943
2899	YDR261C-C	0.89428
2900	YPR179C	0.89426
2901	YNL124W	0.89424
2902	YGL251C	0.89423
2903	YGL204C	0.89423
2904	YJL077C	0.89422
2905	YPL199C	0.89422
2906	YCL039W	0.89421
2907	YMR150C	0.8942
2908	YBR111W-A	0.89418
2909	YMR223W	0.89418
2910	YDR359C	0.89411
2911	YNL020C	0.8941
2912	YDR365W-A	0.8941
2913	YER137C-A	0.8941
2914	YPL257W-A	0.8941
2915	YLR157C-A	0.8941
2916	YFL031W	0.89406
2917	YDL163W	0.89404
2918	YKL137W	0.89404
2919	YPL274W	0.89404
2920	YLR123C	0.89403
2921	YBR205W	0.89402
2922	YOL103W-A	0.89401
2923	YDL204W	0.894
2924	YMR188C	0.89399
2925	YKL131W	0.89398
2926	YIL129C	0.89397
2927	YGR024C	0.89396
2928	YDL021W	0.89394
2929	YDR545C-A	0.89392
2930	YGL074C	0.89392
2931	YBR088C	0.8939
2932	YDR357C	0.89388
2933	YPL185W	0.89386
2934	YJL066C	0.89384
2935	YOR094W	0.89384
2936	YGR175C	0.89382
2937	YOR307C	0.8938
2938	YNL127W	0.89379
2939	YMR247C	0.89379
2940	YOL037C	0.89379
2941	YOR371C	0.89378
2942	YHL014C	0.89377
2943	YIL029C	0.89377
2944	YML001W	0.89375
2945	YLR197W	0.8937
2946	YKL038W	0.8937
2947	YLR313C	0.89365
2948	YDR416W	0.89363
2949	YIL002W-A	0.89363
2950	YOR306C	0.89362
2951	YBR057C	0.89361
2952	YLR047C	0.89361
2953	YML058W-A	0.89361
2954	YAL031W-A	0.8936
2955	YOL150C	0.89359
2956	YMR015C	0.89358
2957	YOR317W	0.89358
2958	YJR152W	0.89357
2959	YDR279W	0.89356
2960	YBR206W	0.89355
2961	YMR194C-A	0.89353
2962	YER004W	0.89352
2963	YIL028W	0.89352
2964	YKR035W-A	0.89352
2965	YLR256W-A	0.8935
2966	YDR402C	0.89349
2967	YLR463C	0.89349
2968	YGL052W	0.89344
2969	YDR287W	0.89344
2970	YPR129W	0.89343
2971	YMR165C	0.89342
2972	YJL092W	0.8934
2973	YDR426C	0.8934
2974	YJR097W	0.89339
2975	YDR021W	0.89338
2976	YHL044W	0.89338
2977	YMR103C	0.89337
2978	YHL046W-A	0.89335
2979	YDR008C	0.89332
2980	YEL075C	0.89332
2981	YPL128C	0.89331
2982	YGR068W-A	0.8933
2983	YPR075C	0.89327
2984	YOR171C	0.89327
2985	YMR010W	0.89326
2986	YHR109W	0.89325
2987	YHR071C-A	0.89323
2988	YLR401C	0.89317
2989	YOR157C	0.89315
2990	YGL050W	0.89314
2991	YMR073C	0.89313
2992	YLR062C	0.89312
2993	YKL087C	0.8931
2994	YCR047C	0.8931
2995	YGL218W	0.89309
2996	YLR256W	0.89309
2997	YLL061W	0.89308
2998	YLR320W	0.89307
2999	YCL031C	0.89306
3000	YML079W	0.89304
3001	YMR024W	0.89303
3002	YGR198W	0.89303
3003	YIL162W	0.893
3004	YKR025W	0.89299
3005	YDR062W	0.89297
3006	YMR134W	0.89297
3007	YBR001C	0.89294
3008	YPL172C	0.89293
3009	YNL196C	0.89293
3010	YDL022C-A	0.89292
3011	YGL127C	0.89291
3012	YKR082W	0.89291
3013	YDL041W	0.89291
3014	YGL184C	0.8929
3015	YBR041W	0.8929
3016	YGL143C	0.8929
3017	YOR144C	0.89289
3018	YJL013C	0.89288
3019	YOR329C	0.89287
3020	YOR225W	0.89283
3021	YDR320C-A	0.89283
3022	YPL119C-A	0.89282
3023	YDL092W	0.89282
3024	YJR008W	0.8928
3025	YIR023W	0.89275
3026	YDR170W-A	0.89275
3027	YER096W	0.89275
3028	YJL064W	0.89274
3029	YNL224C	0.89274
3030	YDR118W	0.89274
3031	YDL247W	0.8927
3032	YOL043C	0.8927
3033	YAL017W	0.89269
3034	YKL147C	0.89268
3035	YBR040W	0.89267
3036	YGL177W	0.89266
3037	YML040W	0.89265
3038	YLR227W-A	0.89265
3039	YJR026W	0.89265
3040	YJL046W	0.89262
3041	YDL242W	0.8926
3042	YDL166C	0.8926
3043	YOL055C	0.89258
3044	YDR136C	0.89257
3045	YNR003W-A	0.89257
3046	YMR005W	0.89256
3047	YOR316C-A	0.89255
3048	YBR279W	0.89254
3049	YDR448W	0.89254
3050	YKR071C	0.89253
3051	YLR218C	0.89253
3052	YNL166C	0.89252
3053	YFL056C	0.8925
3054	YCR095C	0.89247
3055	YNR071C	0.89247
3056	YHR171W	0.89247
3057	YLR270W	0.89244
3058	YOR281C	0.89241
3059	YCR025C	0.89241
3060	YAL042C-A	0.89238
3061	YLR067C	0.89237
3062	YDL120W	0.89236
3063	YNL040W	0.89234
3064	YHR196W	0.89233
3065	YFL010W-A	0.89231
3066	YIL090W	0.89231
3067	YJL201W	0.8923
3068	YDL121C	0.89226
3069	YIR001C	0.89222
3070	YKL007W	0.8922
3071	YBR126C	0.89217
3072	YAR064W	0.89217
3073	YNL153C	0.89216
3074	YPR195C	0.89216
3075	YGR035W-A	0.89213
3076	YPR027C	0.89211
3077	YJL179W	0.89208
3078	YDR473C	0.89208
3079	YDR083W	0.89206
3080	YBL113W-A	0.89206
3081	YLR073C	0.89204
3082	YML050W	0.89202
3083	YFR003C	0.89201
3084	YDR388W	0.892
3085	YMR008C	0.892
3086	YOR070C	0.89196
3087	YIL033C	0.89194
3088	YDR332W	0.89193
3089	YHR046C	0.89193
3090	YMR077C	0.89192
3091	YNL283C	0.89191
3092	YPR018W	0.89191
3093	YOL019W	0.89187
3094	YKR023W	0.89186
3095	YOL015W	0.89185
3096	YGL258W	0.89185
3097	YOR129C	0.89184
3098	YKL023W	0.89183
3099	YPL222C-A	0.89183
3100	YLR408C	0.89179
3101	YER134C	0.89175
3102	YDR240C	0.89174
3103	YGR211W	0.89172
3104	YNL226W	0.89172
3105	YMR243C	0.89171
3106	YPL183C	0.8917
3107	YGL040C	0.89169
3108	YGR145W	0.89169
3109	YPL149W	0.89167
3110	YNL268W	0.89166
3111	YGR156W	0.89165
3112	YKR073C	0.89162
3113	YJL099W	0.89161
3114	YLR458W	0.8916
3115	YPR029C	0.89159
3116	YBR248C	0.89159
3117	YOR333C	0.89158
3118	YER109C	0.89157
3119	YMR290C	0.89153
3120	YCL057C-A	0.89153
3121	YDR256C	0.8915
3122	YLR225C	0.89147
3123	YBR169C	0.89146
3124	YBR094W	0.89145
3125	YDR491C	0.89145
3126	YHR073W	0.89145
3127	YML051W	0.89144
3128	YGL106W	0.89141
3129	YDR165W	0.89141
3130	YOL139C	0.8914
3131	YNR001W-A	0.8914
3132	YGL131C	0.89139
3133	YDR141C	0.89138
3134	YNL272C	0.89138
3135	YLL011W	0.89135
3136	YML054C	0.89135
3137	YPL126W	0.89134
3138	YJL188C	0.89133
3139	YNR034W	0.89133
3140	YML094C-A	0.89131
3141	YLR124W	0.8913
3142	YGR291C	0.89128
3143	YFL005W	0.89127
3144	YBR103C-A	0.89126
3145	YAL016C-A	0.89125
3146	YKR075W-A	0.89124
3147	YNR002C	0.89123
3148	YER052C	0.89122
3149	YIL077C	0.89122
3150	YLR263W	0.89121
3151	YGR253C	0.89119
3152	YBR234C	0.89118
3153	YNR067C	0.89118
3154	YLR358C	0.89117
3155	YDR483W	0.89116
3156	YMR149W	0.89116
3157	YAL046C	0.89116
3158	YKL160W	0.89114
3159	YGL054C	0.89113
3160	YDR383C	0.89111
3161	YLR206W	0.89108
3162	YGL260W	0.89108
3163	YLR393W	0.89106
3164	YLR438C-A	0.89103
3165	YHR215W	0.89097
3166	YLR374C	0.89095
3167	YLR321C	0.89094
3168	YNL008C	0.89094
3169	YDR401W	0.89094
3170	YMR013C-A	0.89091
3171	YML057C-A	0.8909
3172	YNL044W	0.89089
3173	YNL118C	0.89089
3174	YLR162W-A	0.89085
3175	YAR010C	0.89083
3176	YPR137C-A	0.89083
3177	YML094W	0.89082
3178	YHR066W	0.89079
3179	YIL040W	0.89077
3180	YER083C	0.89074
3181	YOR188W	0.89072
3182	YKR033C	0.89072
3183	YPL155C	0.8907
3184	YGL119W	0.8907
3185	YFL023W	0.89069
3186	YLR366W	0.89068
3187	YGR289C	0.89067
3188	YLL055W	0.89067
3189	YNL184C	0.89067
3190	YNL270C	0.89066
3191	YJR069C	0.89065
3192	YDR524W-C	0.89064
3193	YMR280C	0.89064
3194	YPL062W	0.89064
3195	YPR096C	0.89063
3196	YBR024W	0.89061
3197	YGL092W	0.89061
3198	YPL254W	0.89059
3199	YIL102C	0.89058
3200	YCL004W	0.89056
3201	YDL117W	0.89056
3202	YJL009W	0.89055
3203	YOR257W	0.89055
3204	YJR082C	0.89054
3205	YDR119W	0.89053
3206	YJR057W	0.89051
3207	YPR117W	0.89047
3208	YLR011W	0.89043
3209	YPR081C	0.89038
3210	YMR176W	0.89037
3211	YLR237W	0.89032
3212	YLL046C	0.89031
3213	YDR212W	0.8903
3214	YGR062C	0.89029
3215	YGL014W	0.89028
3216	YNL174W	0.89027
3217	YLR154W-C	0.89026
3218	YMR207C	0.89025
3219	YHR028C	0.89024
3220	YCL001W-A	0.89023
3221	YDL185C-A	0.89023
3222	YMR061W	0.89022
3223	YLR144C	0.89022
3224	YNL012W	0.89021
3225	YDR274C	0.89018
3226	YJL098W	0.89016
3227	YAR071W	0.89015
3228	YNL048W	0.89014
3229	YGR025W	0.89013
3230	YDR127W	0.89012
3231	YNL234W	0.89011
3232	YPL123C	0.89009
3233	YOL159C	0.89008
3234	YGR097W	0.89005
3235	YOR029W	0.89004
3236	YDR304C	0.89003
3237	YDR124W	0.89002
3238	YBR074W	0.89002
3239	YDL126C	0.89001
3240	YCR082W	0.89001
3241	YBR232C	0.88994
3242	YKR074W	0.88994
3243	YMR300C	0.88994
3244	YOR108C-A	0.88992
3245	YNL284C-A	0.88992
3246	YGL070C	0.88987
3247	YJL069C	0.88987
3248	YML002W	0.88984
3249	YPL050C	0.88983
3250	YML012C-A	0.88983
3251	YOR376W	0.88981
3252	YDR255C	0.88978
3253	YMR185W	0.88976
3254	YBR162W-A	0.88976
3255	YDR060W	0.88975
3256	YPL018W	0.88974
3257	YPL102C	0.88973
3258	YJR076C	0.88973
3259	YOR316C	0.88972
3260	YDR536W	0.88971
3261	YPL072W	0.88971
3262	YGR154C	0.8897
3263	YDR094W	0.8897
3264	YJL109C	0.88966
3265	YOR379C	0.88964
3266	YGL209W	0.88964
3267	YER147C-A	0.88963
3268	YJR012C	0.88963
3269	YHR169W	0.88962
3270	Q0045	0.88962
3271	YMR004W	0.88961
3272	YDL078C	0.8896
3273	YJL156W-A	0.88958
3274	YDL196W	0.88955
3275	YLR399W-A	0.88954
3276	YOR272W	0.88954
3277	YIR036C	0.88953
3278	YLL021W	0.88953
3279	YBR033W	0.88952
3280	YPL139C	0.88949
3281	YBL098W	0.88949
3282	YLR017W	0.88947
3283	YCR049C	0.88946
3284	YBL070C	0.88946
3285	YGR275W	0.88946
3286	YGR134W	0.88945
3287	YPL263C	0.88945
3288	YNR005C	0.88937
3289	YIL149C	0.88936
3290	YLR111W	0.88933
3291	YDR526C	0.88932
3292	YPL004C	0.88931
3293	YDL062W	0.88929
3294	YMR211W	0.88927
3295	YJL202C	0.88926
3296	YHR216W	0.88922
3297	YNL257C	0.88921
3298	YGR105W	0.88921
3299	YCL024W	0.8892
3300	YBR238C	0.88918
3301	YMR156C	0.88918
3302	YDR247W	0.88918
3303	YER041W	0.88918
3304	YNR059W	0.88917
3305	YJR028W	0.88917
3306	YNL265C	0.88914
3307	YLL053C	0.88914
3308	YKR019C	0.88913
3309	YGR264C	0.88913
3310	YOR241W	0.88913
3311	YCL058C	0.88912
3312	YEL035C	0.88911
3313	YDR200C	0.88911
3314	YMR060C	0.88906
3315	YBR093C	0.88901
3316	YDR251W	0.889
3317	YOL159C-A	0.889
3318	YOL160W	0.889
3319	YNL277W	0.88898
3320	YAL045C	0.88897
3321	YCR071C	0.88893
3322	YIL115W-A	0.88892
3323	YMR033W	0.88891
3324	YPL174C	0.88888
3325	YOL102C	0.88888
3326	YMR238W	0.88887
3327	YGR027W-A	0.88886
3328	YOL003C	0.88881
3329	YBR114W	0.88881
3330	YDR286C	0.8888
3331	YIL165C	0.8888
3332	YER175C	0.88877
3333	YDR421W	0.88874
3334	YBR289W	0.88873
3335	YPR099C	0.88873
3336	YNL162W-A	0.88872
3337	YBL015W	0.88864
3338	YGR290W	0.88864
3339	YNL278W	0.88863
3340	YIL163C	0.88863
3341	YDR489W	0.88862
3342	YLL020C	0.88862
3343	YJR138W	0.88859
3344	YOR015W	0.88857
3345	YGL217C	0.88857
3346	YIR042C	0.88857
3347	YER082C	0.88856
3348	YDR525W	0.88853
3349	YBR300C	0.88853
3350	YOR057W	0.88851
3351	YCR085W	0.8885
3352	YER034W	0.8885
3353	YDR495C	0.8885
3354	YIL156W-B	0.88848
3355	YDL006W	0.88846
3356	YPL165C	0.88846
3357	YJL016W	0.88844
3358	YNL068C	0.88843
3359	YGL117W	0.88842
3360	YFL038C	0.88842
3361	YDL207W	0.88842
3362	YDR098C-A	0.88839
3363	YPR194C	0.88837
3364	YMR140W	0.88835
3365	YML113W	0.88835
3366	YKL015W	0.88835
3367	YMR314W	0.88834
3368	YHR045W	0.88834
3369	YLR364W	0.88832
3370	YBR142W	0.88831
3371	YOR123C	0.8883
3372	YML045W-A	0.8883
3373	YAL013W	0.88829
3374	YML042W	0.88827
3375	YCR047W-A	0.88826
3376	YBR296C-A	0.88824
3377	YGL210W	0.88824
3378	YGR271C-A	0.88821
3379	YOL144W	0.88821
3380	YJR160C	0.88821
3381	YIL012W	0.88819
3382	YGR056W	0.88815
3383	YJR107C-A	0.88815
3384	YLR069C	0.88814
3385	YBR178W	0.88813
3386	YOR263C	0.88812
3387	YJR034W	0.88811
3388	YOL141W	0.88811
3389	YGL156W	0.8881
3390	YGL018C	0.8881
3391	YGR181W	0.8881
3392	YGR073C	0.88808
3393	YOR392W	0.88807
3394	YBR109W-A	0.88807
3395	YJL214W	0.88806
3396	YBL078C	0.88804
3397	YJL105W	0.88804
3398	YPR160C-A	0.88803
3399	YDR082W	0.88802
3400	YLR454W	0.88799
3401	YPR148C	0.88798
3402	YBL022C	0.88795
3403	YNL041C	0.88794
3404	YGL063C-A	0.88792
3405	YBR012W-A	0.8879
3406	YNL189W	0.88786
3407	YOR376W-A	0.88784
3408	YDL111C	0.88782
3409	YMR191W	0.88782
3410	YOR139C	0.88782
3411	YMR251W	0.88782
3412	YOL142W	0.8878
3413	YKR036C	0.88778
3414	YMR031W-A	0.88778
3415	YGL258W-A	0.88778
3416	YMR228W	0.88777
3417	YIL124W	0.88775
3418	YER145C-A	0.88775
3419	YGR127W	0.88775
3420	YHR039C	0.88774
3421	YEL030W	0.88774
3422	YDL046W	0.88774
3423	YGR016W	0.88772
3424	YOR386W	0.88772
3425	YNL228W	0.88771
3426	YNR066C	0.88771
3427	YCL009C	0.8877
3428	YPL268W	0.88769
3429	YDR317W	0.88768
3430	YER187W	0.88767
3431	YHR048W	0.88766
3432	YMR079W	0.88766
3433	YMR051C	0.88764
3434	YER159C-A	0.88764
3435	YGR161C-C	0.88764
3436	YLR035C-B	0.88764
3437	YDR316W-A	0.88764
3438	YLR094C	0.88764
3439	YPL161C	0.88764
3440	YDL058W	0.88761
3441	YPR086W	0.88761
3442	YPL104W	0.88761
3443	YNL159C	0.88759
3444	YGL236C	0.88758
3445	YLR264C-A	0.88757
3446	YKL178C	0.88755
3447	YGR232W	0.88754
3448	YIR039C	0.88753
3449	YNL112W	0.88752
3450	YGR102C	0.88752
3451	YBL067C	0.88751
3452	YNL319W	0.88751
3453	YDL118W	0.88749
3454	YML080W	0.88748
3455	YJR004C	0.88747
3456	YGR176W	0.88745
3457	YJL131C	0.88744
3458	YML037C	0.88744
3459	YDR484W	0.88744
3460	YGR079W	0.88743
3461	YER068W	0.88742
3462	YEL004W	0.8874
3463	YMR091C	0.88739
3464	YLR302C	0.88737
3465	YKL069W	0.88735
3466	YFR010W-A	0.88735
3467	YHL004W	0.88729
3468	YJL097W	0.88729
3469	YDR354C-A	0.88726
3470	YLR310C	0.88725
3471	YGR038C-A	0.88722
3472	YGL129C	0.88722
3473	YNL276C	0.88722
3474	YBL094C	0.88722
3475	YMR065W	0.88721
3476	YLR171W	0.88721
3477	YER165W	0.88717
3478	YCL042W	0.88716
3479	YDR487C	0.88716
3480	YOR043W	0.88716
3481	YGL193C	0.88713
3482	YJL152W	0.88713
3483	YMR189W	0.88712
3484	YLR052W	0.88711
3485	YIL015W	0.88708
3486	YHR075C	0.88702
3487	YNL310C	0.88702
3488	YIL021C-A	0.88702
3489	YGL188C-A	0.88701
3490	YBR173C	0.88697
3491	YDR121W	0.88695
3492	YBL008W-A	0.88695
3493	YPR022C	0.88693
3494	YGL078C	0.88692
3495	YJR062C	0.88692
3496	YER169W	0.88691
3497	YJL127C-B	0.88691
3498	YKL121W	0.88688
3499	YIL066W-A	0.88686
3500	YIL110W	0.88686
3501	YBR276C	0.88685
3502	YKL144C	0.88684
3503	YBR209W	0.88683
3504	YLR243W	0.88682
3505	YHR057C	0.8868
3506	YKL066W	0.88679
3507	YML056C	0.88678
3508	YJL193W	0.88678
3509	YKL223W	0.88675
3510	YDR125C	0.88673
3511	YNL042W-B	0.88673
3512	YDR318W	0.88671
3513	YGL009C	0.88668
3514	YDR252W	0.88666
3515	YDL074C	0.88665
3516	YEL040W	0.88663
3517	YMR001C-A	0.88662
3518	YOR205C	0.88661
3519	YGL224C	0.88659
3520	YKR056W	0.88658
3521	YHR081W	0.88657
3522	YMR208W	0.88656
3523	YMR046C	0.88656
3524	YDL187C	0.88655
3525	YMR287C	0.88655
3526	YHR020W	0.88653
3527	YDL147W	0.88653
3528	YDL144C	0.88652
3529	YGL124C	0.88651
3530	YBL014C	0.8865
3531	YLR308W	0.88648
3532	YBR054W	0.88647
3533	YNL324W	0.88645
3534	YBR219C	0.88642
3535	YCR081C-A	0.88642
3536	YMR013C	0.88641
3537	YLL035W	0.88639
3538	YPL168W	0.88639
3539	YOL078W	0.88639
3540	YPR170C	0.88639
3541	YBR051W	0.88638
3542	YNL039W	0.88638
3543	YJL209W	0.88638
3544	YML020W	0.88637
3545	YBR256C	0.88634
3546	YIR007W	0.88633
3547	YPL020C	0.8863
3548	YDR080W	0.8863
3549	YBR233W-A	0.88626
3550	YHR056C	0.88625
3551	YCL065W	0.88623
3552	YGR091W	0.88623
3553	YHR072W	0.88622
3554	YGR131W	0.88622
3555	YMR245W	0.88622
3556	YLL013C	0.88621
3557	YGR237C	0.88621
3558	YIL025C	0.88619
3559	YDR228C	0.88618
3560	YBR015C	0.88615
3561	YPL214C	0.88613
3562	YIL137C	0.88612
3563	YOL089C	0.88611
3564	YLR157W-D	0.88611
3565	YPR028W	0.8861
3566	YOL079W	0.8861
3567	YIL041W	0.88609
3568	YLR351C	0.88609
3569	YKL006C-A	0.88605
3570	YER122C	0.88604
3571	YJL153C	0.88604
3572	YLL030C	0.88602
3573	YLR162W	0.88601
3574	YJL199C	0.88598
3575	YKL182W	0.88598
3576	YBR116C	0.88596
3577	YOR153W	0.88596
3578	YLR365W	0.88595
3579	YLL063C	0.8859
3580	YBL077W	0.88588
3581	YKL136W	0.88588
3582	YBL060W	0.8858
3583	YOR260W	0.88578
3584	YNL139C	0.88576
3585	YLR023C	0.88575
3586	YMR105W-A	0.88575
3587	YKR028W	0.88575
3588	YDR003W-A	0.88571
3589	YPR158W-A	0.8857
3590	YOR142W-A	0.8857
3591	YOL097W-A	0.88569
3592	YDR326C	0.88567
3593	YMR008C-A	0.88567
3594	YPL057C	0.88564
3595	YGR231C	0.88563
3596	YMR253C	0.88563
3597	YDR303C	0.88562
3598	YEL063C	0.88561
3599	Q0160	0.8856
3600	YCL037C	0.88557
3601	YMR131C	0.88556
3602	YJR019C	0.88556
3603	YBR217W	0.88554
3604	YMR041C	0.88552
3605	YKL096C-B	0.88552
3606	YOR337W	0.88552
3607	YLR024C	0.88552
3608	YPL177C	0.88552
3609	YNL089C	0.88551
3610	YBR298C	0.88549
3611	YOR216C	0.88548
3612	YEL002C	0.88548
3613	YKL194C	0.88547
3614	YLR380W	0.88547
3615	YLR278C	0.88547
3616	YPL261C	0.88546
3617	YJR060W	0.88542
3618	YFL041W-A	0.88541
3619	YOL027C	0.88539
3620	YOR072W-B	0.88538
3621	YDR048C	0.88537
3622	YCL005W-A	0.88534
3623	YML069W	0.88532
3624	YOR284W	0.88529
3625	YOR228C	0.88528
3626	YOL154W	0.88521
3627	YNR072W	0.88521
3628	YBR008C	0.8852
3629	YDL054C	0.8852
3630	YDR210C-C	0.8852
3631	Q0085	0.88518
3632	YAR008W	0.88517
3633	YBL005W-A	0.88516
3634	YMR240C	0.88514
3635	YJL182C	0.88513
3636	YLR084C	0.88512
3637	YBL107C	0.8851
3638	YDR001C	0.8851
3639	YKL086W	0.88509
3640	YPR048W	0.88508
3641	YNL235C	0.88507
3642	YFR050C	0.88502
3643	YBR081C	0.88501
3644	YDR163W	0.88501
3645	YKR066C	0.88501
3646	YDL068W	0.88501
3647	YLR382C	0.885
3648	YEL069C	0.88496
3649	YKL221W	0.88496
3650	YLR260W	0.88495
3651	YBR020W	0.88494
3652	YGL025C	0.88494
3653	YCR043C	0.88492
3654	YHR086W-A	0.88491
3655	YDR220C	0.88491
3656	YCR057C	0.88489
3657	YML012W	0.88489
3658	YNL136W	0.88487
3659	YML123C	0.88487
3660	YDL044C	0.88486
3661	YDR294C	0.88484
3662	YER031C	0.88484
3663	YDL217C	0.88483
3664	YBL024W	0.88482
3665	YLR249W	0.88481
3666	YML016C	0.88481
3667	YOL100W	0.88481
3668	YHR019C	0.8848
3669	YGL113W	0.8848
3670	YDL232W	0.8848
3671	YEL036C	0.88478
3672	YMR242W-A	0.88478
3673	YLL041C	0.88476
3674	YPL044C	0.88476
3675	YOR146W	0.88474
3676	YPR115W	0.88474
3677	YGL203C	0.88472
3678	YBR042C	0.88472
3679	YBR290W	0.8847
3680	YLR336C	0.8847
3681	YER152C	0.88469
3682	YJL031C	0.88465
3683	YDR390C	0.88465
3684	YLR154W-A	0.88464
3685	YGR178C	0.88463
3686	YBR027C	0.88463
3687	YLR202C	0.88462
3688	YMR294W-A	0.88459
3689	YJL111W	0.88459
3690	YER097W	0.88459
3691	YLR182W	0.88459
3692	YDL033C	0.88457
3693	YBR089W	0.88457
3694	YOL010W	0.88457
3695	YDL176W	0.88455
3696	YLR432W	0.88455
3697	YEL053W-A	0.88449
3698	YCR035C	0.88449
3699	YIL157C	0.88448
3700	YPR177C	0.88447
3701	YER135C	0.88445
3702	YBR164C	0.88445
3703	YIL004C	0.88445
3704	YGR168C	0.88445
3705	YDR340W	0.88443
3706	YEL003W	0.88442
3707	YDR010C	0.88442
3708	YGR235C	0.88441
3709	YIL023C	0.8844
3710	YGR101W	0.88437
3711	YPR137W	0.88435
3712	YDL022W	0.88432
3713	YGR219W	0.8843
3714	YGR021W	0.8843
3715	YGL075C	0.88429
3716	YGR106C	0.88428
3717	YDR254W	0.88427
3718	YMR281W	0.88426
3719	YHR158C	0.88425
3720	YDR290W	0.88422
3721	YGL176C	0.8842
3722	YNL010W	0.8842
3723	YBR263W	0.8842
3724	YKL140W	0.88419
3725	YKL114C	0.88415
3726	YER054C	0.88414
3727	YBR022W	0.8841
3728	YCL055W	0.88407
3729	YMR025W	0.88405
3730	YMR094W	0.88401
3731	YNL205C	0.88398
3732	YKL177W	0.88397
3733	YHL024W	0.88396
3734	YJL083W	0.88395
3735	YGR165W	0.88394
3736	YKL045W	0.8839
3737	YLR135W	0.8839
3738	YBR147W	0.88387
3739	YDR049W	0.88386
3740	YGL194C	0.88383
3741	YDR205W	0.88382
3742	YOR098C	0.88382
3743	YML060W	0.8838
3744	YOR168W	0.8838
3745	YGR204W	0.88378
3746	YDR078C	0.88377
3747	YDL009C	0.88375
3748	YHR199C-A	0.88373
3749	YDL028C	0.88373
3750	YOR211C	0.88373
3751	YAL059C-A	0.88372
3752	YPL096C-A	0.8837
3753	YBR076C-A	0.8837
3754	YGR147C	0.88369
3755	YHR167W	0.88369
3756	YOR004W	0.88368
3757	YDL173W	0.88368
3758	YIR003W	0.88367
3759	YEL065W	0.88364
3760	YKL101W	0.88362
3761	YLR146W-A	0.88361
3762	YJL218W	0.88361
3763	YDR172W	0.8836
3764	YGR072W	0.88357
3765	YJR023C	0.88356
3766	YAL061W	0.88356
3767	YGL238W	0.88356
3768	YAL025C	0.88355
3769	YJR073C	0.88355
3770	YOR319W	0.88355
3771	YKR090W	0.88355
3772	YEL068C	0.88355
3773	YOR334W	0.88354
3774	YEL006W	0.88351
3775	YHR154W	0.88348
3776	YNL215W	0.88347
3777	YPL251W	0.88343
3778	YBR174C	0.88342
3779	YOR032W-A	0.88341
3780	YDL024C	0.8834
3781	YPR150W	0.8834
3782	YDR361C	0.88339
3783	YMR324C	0.88339
3784	YFL049W	0.88338
3785	YBR132C	0.88335
3786	YGR069W	0.88335
3787	YOR200W	0.88335
3788	YIL138C	0.88334
3789	YEL023C	0.88333
3790	YGL188C	0.88332
3791	YJR158W	0.88332
3792	YBR097W	0.88329
3793	YPL189W	0.88327
3794	YBR257W	0.88326
3795	YCR099C	0.88325
3796	YJL135W	0.88319
3797	YLR146C	0.88317
3798	YNL175C	0.88316
3799	YJL118W	0.88315
3800	YGR265W	0.88315
3801	YMR030W	0.88314
3802	YGL151W	0.88314
3803	YGR031C-A	0.88314
3804	YOR003W	0.88312
3805	YOR008C	0.8831
3806	YPR074W-A	0.88308
3807	YNL017C	0.88307
3808	YKL205W	0.88301
3809	YCL054W-A	0.88301
3810	YML121W	0.883
3811	YMR307C-A	0.883
3812	YLR364C-A	0.88299
3813	YPL218W	0.88298
3814	YGR012W	0.88298
3815	YBR079C	0.88298
3816	YGR114C	0.88296
3817	YKR083C	0.88293
3818	YLR089C	0.88291
3819	YOR061W	0.88291
3820	YDR144C	0.8829
3821	YKL012W	0.88288
3822	YKL014C	0.88287
3823	YLR400W	0.88287
3824	YDR058C	0.88287
3825	YPL109C	0.88285
3826	YPL026C	0.88283
3827	YIL063C	0.88283
3828	YMR278W	0.88282
3829	YIL092W	0.88282
3830	YPL032C	0.88281
3831	YIL134W	0.8828
3832	YNR041C	0.8828
3833	YPL135C-A	0.8828
3834	YEL046C	0.88278
3835	YEL073C	0.88278
3836	YDL245C	0.88277
3837	YNL109W	0.88277
3838	YHR015W	0.88277
3839	YLR056W	0.88277
3840	YDR182W-A	0.88276
3841	YMR064W	0.88273
3842	YNL015W	0.88272
3843	YLR349W	0.88272
3844	YNR034W-A	0.8827
3845	YEL020C-B	0.88269
3846	YOR300W	0.88269
3847	YLL059C	0.88269
3848	YMR316C-A	0.88269
3849	YMR283C	0.88268
3850	YDL174C	0.88268
3851	YHR213W-B	0.88268
3852	YNL306W	0.88266
3853	YER064C	0.88265
3854	YPR130C	0.88265
3855	YJL015C	0.88263
3856	YNL073W	0.88263
3857	YLR245C	0.88261
3858	YGL037C	0.88259
3859	YNL201C	0.88259
3860	YMR129W	0.88259
3861	YHL030W-A	0.88258
3862	YMR172W	0.88256
3863	YPR016W-A	0.88256
3864	YMR217W	0.88256
3865	YLR076C	0.88255
3866	YLR063W	0.88255
3867	YML046W	0.88253
3868	YMR029C	0.8825
3869	YDR042C	0.88249
3870	YDR485C	0.88248
3871	YPL224C	0.88248
3872	YMR018W	0.88248
3873	YMR202W	0.88247
3874	YNR004W	0.88243
3875	YGR257C	0.88242
3876	YBL062W	0.88242
3877	YPL260W	0.88241
3878	YCR073W-A	0.88241
3879	YMR267W	0.8824
3880	YDR350C	0.88239
3881	YAL027W	0.88238
3882	YNL067W-B	0.88237
3883	YNR007C	0.88236
3884	YCR066W	0.88235
3885	YMR299C	0.88232
3886	YBL100W-C	0.88228
3887	YLR286W-A	0.88225
3888	YNL045W	0.88224
3889	YBL080C	0.88222
3890	YBR200W-A	0.88219
3891	YDR057W	0.88219
3892	YKR070W	0.88216
3893	YEL009C-A	0.88216
3894	YKR069W	0.88214
3895	YDL237W	0.88214
3896	YOL083C-A	0.88212
3897	YJL023C	0.88212
3898	YGR094W	0.88212
3899	YMR117C	0.8821
3900	YCL005W	0.88206
3901	YGR164W	0.88206
3902	YIL112W	0.88204
3903	YLR081W	0.88203
3904	YOR199W	0.88203
3905	YKR037C	0.88202
3906	YOL114C	0.88202
3907	YOR081C	0.882
3908	YJL104W	0.88199
3909	YOR285W	0.88198
3910	YPL188W	0.88197
3911	YMR320W	0.88197
3912	YFL012W-A	0.88196
3913	YJR126C	0.88195
3914	YPL027W	0.88192
3915	YFR042W	0.88191
3916	YDR175C	0.88187
3917	YLR079W	0.88186
3918	YIR006C	0.88186
3919	YOR237W	0.88185
3920	YDR260C	0.88182
3921	YHR094C	0.88182
3922	YNR015W	0.88179
3923	YBR255C-A	0.88175
3924	YLR293C	0.88172
3925	YLR244C	0.88172
3926	YDR278C	0.88172
3927	YOR183W	0.88171
3928	YOL105C	0.88171
3929	YPR104C	0.8817
3930	YCL007C	0.88168
3931	YPL235W	0.88167
3932	YHR043C	0.88162
3933	YOR090C	0.88162
3934	YNL256W	0.88161
3935	YGR084C	0.88161
3936	YOR220W	0.88159
3937	YGR227C-A	0.88158
3938	YGL253W	0.88156
3939	YBR077C	0.88154
3940	YHR009C	0.88154
3941	YMR012W	0.88153
3942	YDR496C	0.8815
3943	YLL031C	0.88149
3944	YER127W	0.88148
3945	YLR377C	0.88148
3946	YDR381C-A	0.88147
3947	YBR039W	0.88147
3948	YJR053W	0.88145
3949	YNL303W	0.88144
3950	YDL084W	0.88143
3951	YOL156W	0.88141
3952	YHR063W-A	0.88139
3953	YLR335W	0.88138
3954	YOR112W	0.88138
3955	YPR079W	0.88137
3956	YPL063W	0.88137
3957	YKL133C	0.88136
3958	YOL162W	0.88136
3959	YDR055W	0.8813
3960	YCR063W	0.8813
3961	YGL235W	0.8813
3962	YPR106W	0.88125
3963	YPR007C	0.88125
3964	YJL219W	0.88125
3965	YLR424W	0.88122
3966	YDR197W	0.8812
3967	YIL068W-A	0.8812
3968	YCL020W	0.88116
3969	YIL141W	0.88116
3970	YKR009C	0.88114
3971	YCR088W	0.88114
3972	YKL052C	0.88113
3973	YDR147W	0.8811
3974	YJL150W	0.88109
3975	YFL046W	0.88109
3976	YBR012C	0.88107
3977	YPR151C	0.88107
3978	YKR097W	0.88107
3979	YKL213C	0.88105
3980	YDL085W	0.88102
3981	YOR346W	0.88099
3982	YHL037C	0.88097
3983	YDR072C	0.88096
3984	YBR286W	0.88096
3985	YKL024C	0.88096
3986	YGL085W	0.88091
3987	YER018C	0.88091
3988	YIL056W	0.88089
3989	YPL250W-A	0.88088
3990	YLR428C	0.88088
3991	YPL105C	0.88087
3992	YDL150W	0.88087
3993	YER133W-A	0.88084
3994	YDL011C	0.88084
3995	YBR221W-A	0.88083
3996	YAR061W	0.88081
3997	YHR212W-A	0.88081
3998	YBR126W-A	0.88081
3999	YHR023W	0.88079
4000	YGR140W	0.88078
4001	YHR126C	0.88072
4002	YPR047W	0.88071
4003	YNL290W	0.88071
4004	YPL225W	0.88071
4005	YIL022W	0.8807
4006	YPL136W	0.88069
4007	YOR224C	0.88069
4008	YOR198C	0.88063
4009	YER121W	0.88063
4010	YDR261W-A	0.8806
4011	YJR068W	0.8806
4012	YEL010W	0.88055
4013	YJL048C	0.88053
4014	YBL059W	0.88053
4015	YLR154C	0.88053
4016	YLR289W	0.88052
4017	YBL096C	0.88052
4018	YMR119W-A	0.88051
4019	YBL071C	0.88051
4020	YGR225W	0.88051
4021	YDR111C	0.8805
4022	YBL068W-A	0.8805
4023	YCR024C-A	0.88049
4024	YDR246W	0.88049
4025	YBR208C	0.88048
4026	YMR007W	0.88047
4027	YDR295C	0.88046
4028	YBL065W	0.88042
4029	YGL152C	0.88039
4030	YCL030C	0.88038
4031	YNL120C	0.88036
4032	YJL063C	0.88036
4033	YKL151C	0.88032
4034	YKR098C	0.88032
4035	YHL021C	0.88031
4036	YDR371C-A	0.88027
4037	YDR250C	0.88026
4038	YGL024W	0.88026
4039	YGR018C	0.88026
4040	YJR103W	0.88025
4041	YNL200C	0.88024
4042	YDR457W	0.88022
4043	YOL038C-A	0.88021
4044	YDR045C	0.88021
4045	YBR215W	0.88021
4046	YOR128C	0.88021
4047	YGR011W	0.8802
4048	YJR109C	0.88018
4049	YPL043W	0.88016
4050	YBR166C	0.88011
4051	YHR070W	0.88009
4052	YIR018W	0.88007
4053	YBR222C	0.88007
4054	YGR274C	0.88007
4055	YJL047C-A	0.88007
4056	YDL104C	0.88006
4057	YDR463W	0.88005
4058	YNL054W-A	0.88004
4059	YPR193C	0.88003
4060	YEL022W	0.88002
4061	YHR022C-A	0.88001
4062	YDL065C	0.88001
4063	YGR005C	0.88
4064	YGR255C	0.87994
4065	YDL066W	0.87994
4066	YBR058C-A	0.87992
4067	YNL117W	0.87991
4068	YBR266C	0.8799
4069	YMR315W-A	0.8799
4070	YAL028W	0.87989
4071	YER007W	0.87988
4072	YOR364W	0.87983
4073	YNL199C	0.87981
4074	YDR024W	0.87981
4075	YOR074C	0.8798
4076	YHR146W	0.8798
4077	YBR153W	0.8798
4078	YPR066W	0.87978
4079	YNL131W	0.87978
4080	YFR025C	0.87977
4081	YHL035C	0.87976
4082	YDR441C	0.87973
4083	YOL046C	0.87971
4084	YKL011C	0.87969
4085	YBL020W	0.87967
4086	YER023W	0.87967
4087	YJL076W	0.87966
4088	YMR070W	0.87963
4089	YDR268W	0.87963
4090	YDR414C	0.87963
4091	YPL154C	0.87963
4092	YHR165W-A	0.87961
4093	YKL193C	0.87959
4094	YDR066C	0.87958
4095	YDR389W	0.87957
4096	YNL297C	0.87956
4097	YOR072W	0.87955
4098	YDL221W	0.87954
4099	YGR180C	0.87951
4100	YDR466W	0.87951
4101	YMR068W	0.87949
4102	YOR304C-A	0.87948
4103	YLR330W	0.87947
4104	YOR245C	0.87943
4105	YGR002C	0.87943
4106	YNL137C	0.87941
4107	YDR174W	0.87936
4108	YER067C-A	0.87933
4109	YMR035W	0.87933
4110	YLR309C	0.87932
4111	YDR513W	0.87932
4112	YGR033C	0.87929
4113	YLR012C	0.87926
4114	YMR244W	0.87926
4115	YMR235C	0.87924
4116	YOR166C	0.87923
4117	YBL068W	0.87922
4118	YDR034C-C	0.87922
4119	YLR154W-F	0.87921
4120	YDR118W-A	0.8792
4121	YDR037W	0.87916
4122	YOL060C	0.87915
4123	YKL046C	0.87915
4124	YKL063C	0.87914
4125	YKL155C	0.87913
4126	YGL072C	0.87913
4127	YLR154W-B	0.8791
4128	YLR151C	0.87907
4129	YPL238C	0.87907
4130	YIR031C	0.87907
4131	YPL038W-A	0.87906
4132	YPL049C	0.87904
4133	YDL183C	0.87904
4134	YKR029C	0.87903
4135	YMR269W	0.87901
4136	YLR154W-E	0.87901
4137	YLL019C	0.87899
4138	YBR161W	0.87899
4139	YIR020W-A	0.87898
4140	YCL059C	0.87895
4141	YAL008W	0.87894
4142	YOR047C	0.87893
4143	YCR095W-A	0.87891
4144	YDL148C	0.8789
4145	YLR456W	0.87889
4146	YER010C	0.87886
4147	YGR030C	0.87885
4148	YNR075C-A	0.87884
4149	YFR009W-A	0.87884
4150	YBR182C-A	0.87883
4151	YPR076W	0.87881
4152	YMR225C	0.87881
4153	YLR342W-A	0.87879
4154	YGL089C	0.87878
4155	YPR098C	0.87877
4156	YGL125W	0.87876
4157	YNL285W	0.87875
4158	YLR296W	0.87874
4159	YNL097C-B	0.87874
4160	YMR038C	0.87874
4161	YNL170W	0.87869
4162	YOR177C	0.87865
4163	YBR133C	0.87862
4164	YMR052W	0.8786
4165	YMR171C	0.87859
4166	YDL080C	0.87858
4167	YER156C	0.87858
4168	YJR122W	0.87855
4169	YIL055C	0.87854
4170	YHR149C	0.8785
4171	YKL167C	0.8785
4172	YOR030W	0.87847
4173	YJL007C	0.87846
4174	YOL111C	0.87846
4175	YLR300W	0.87845
4176	YDR005C	0.87844
4177	YMR203W	0.87841
4178	YNL145W	0.87839
4179	YKR080W	0.87838
4180	YOR192C-A	0.8783
4181	YBR154C	0.87829
4182	YDR475C	0.87824
4183	YGL066W	0.87823
4184	YBR195C	0.87822
4185	YFL026W	0.87821
4186	YKL122C	0.87821
4187	YMR247W-A	0.8782
4188	YDR509W	0.87819
4189	YBR061C	0.87814
4190	YMR257C	0.87814
4191	YBR163W	0.87813
4192	YDL073W	0.87812
4193	YLR118C	0.87812
4194	YJL086C	0.87811
4195	YOR011W-A	0.8781
4196	YIR018C-A	0.87809
4197	YAR053W	0.87808
4198	YER174C	0.87807
4199	YGR136W	0.87807
4200	YDL135C	0.87804
4201	YMR187C	0.87804
4202	YOL077C	0.87802
4203	YAR002W	0.87802
4204	YPL145C	0.87801
4205	YML122C	0.878
4206	YLR025W	0.87797
4207	YMR229C	0.87797
4208	YDR393W	0.87796
4209	YJR024C	0.87794
4210	YDR053W	0.87794
4211	YGR137W	0.87793
4212	YBR281C	0.87793
4213	YCR098C	0.87792
4214	YJL091C	0.87788
4215	YER023C-A	0.87787
4216	YPL272C	0.87787
4217	YGL056C	0.87783
4218	YDL238C	0.8778
4219	YDR422C	0.8778
4220	YIL043C	0.87779
4221	YMR067C	0.87779
4222	YKR034W	0.87778
4223	YKL001C	0.87776
4224	YJL204C	0.87775
4225	YJR108W	0.87771
4226	YBR184W	0.87768
4227	YFL011W	0.87766
4228	YOR073W-A	0.87766
4229	YDL071C	0.87765
4230	YDL086C-A	0.87763
4231	YLR439W	0.87762
4232	YGL081W	0.87761
4233	YMR153W	0.87757
4234	YDR199W	0.87756
4235	YMR177W	0.87753
4236	YLR217W	0.87753
4237	YMR321C	0.87748
4238	YNL046W	0.87748
4239	YJR100C	0.87741
4240	YDR208W	0.8774
4241	YDR396W	0.87739
4242	YGL115W	0.87737
4243	YDR095C	0.87736
4244	YOL119C	0.87736
4245	YOR388C	0.87734
4246	YDL099W	0.87734
4247	YBR277C	0.87727
4248	YAL059W	0.87727
4249	YHR052W	0.87727
4250	YCR005C	0.87722
4251	YKL037W	0.8772
4252	YOR140W	0.87718
4253	YLR157W-E	0.87717
4254	YNL036W	0.87717
4255	YPR021C	0.87717
4256	YOL005C	0.87714
4257	YLR376C	0.87714
4258	YBR037C	0.87712
4259	YOR293C-A	0.87712
4260	YER129W	0.8771
4261	YIR034C	0.87709
4262	YBR196C-A	0.87706
4263	YNL151C	0.87705
4264	YNL063W	0.87704
4265	YGL096W	0.87704
4266	YER095W	0.87702
4267	YLR058C	0.87699
4268	YHR071W	0.87698
4269	YGR129W	0.87696
4270	YBR239C	0.87695
4271	YIL166C	0.87693
4272	YHR042W	0.87693
4273	YJL034W	0.87692
4274	YMR282C	0.87692
4275	YNR074C	0.87686
4276	YML055W	0.87684
4277	YJR130C	0.87684
4278	YMR246W	0.87683
4279	YMR082C	0.87683
4280	YDL131W	0.87682
4281	YPR049C	0.87681
4282	YPR118W	0.87681
4283	YKL041W	0.87674
4284	YPL273W	0.87674
4285	YMR014W	0.87672
4286	YMR059W	0.87672
4287	YBR229C	0.8767
4288	YCL054W	0.8767
4289	YDL149W	0.8767
4290	YJL075C	0.8767
4291	YBL100W-A	0.87669
4292	YDR231C	0.87669
4293	YPR050C	0.87665
4294	YNL239W	0.87663
4295	YDR015C	0.87663
4296	YFR053C	0.87662
4297	YGR226C	0.87662
4298	YJL176C	0.87657
4299	YML034W	0.87656
4300	YGR285C	0.87653
4301	YGR194C	0.87649
4302	YDL045W-A	0.87648
4303	YPR136C	0.87645
4304	YHR213W-A	0.87643
4305	YMR122C	0.87641
4306	YIL087C	0.8764
4307	YDR248C	0.87632
4308	YOR121C	0.87628
4309	YOR176W	0.87627
4310	YDR044W	0.87627
4311	YDL169C	0.87625
4312	YBR250W	0.87625
4313	YDR531W	0.87623
4314	YOR210W	0.87623
4315	YKR031C	0.87621
4316	YBL039C	0.87621
4317	YGR049W	0.87615
4318	YDL070W	0.87615
4319	YDL032W	0.87615
4320	YDL210W	0.87615
4321	YLL051C	0.87612
4322	YLR312C	0.8761
4323	YGL097W	0.87608
4324	YOR058C	0.87603
4325	YLR122C	0.87602
4326	YPL035C	0.87602
4327	YDR112W	0.87601
4328	YMR153C-A	0.87599
4329	YOR329W-A	0.87599
4330	YKL143W	0.87597
4331	YIL098C	0.87597
4332	YBR136W	0.87595
4333	YLR184W	0.87594
4334	YER012W	0.87593
4335	YMR030W-A	0.87593
4336	R0030W	0.87593
4337	YGR161W-C	0.87593
4338	YJL001W	0.87592
4339	YDL056W	0.87592
4340	YBR099C	0.87585
4341	YBR192W	0.87584
4342	YBL073W	0.87581
4343	YHR088W	0.87581
4344	YPL253C	0.8758
4345	YNL172W	0.87577
4346	YBR262C	0.87577
4347	YPL088W	0.87575
4348	YEL009C	0.87575
4349	YOR354C	0.87572
4350	YDR176W	0.87572
4351	YLR337C	0.87567
4352	YNL130C-A	0.87564
4353	YIL054W	0.87564
4354	YGL221C	0.87563
4355	YNL043C	0.8756
4356	YKL003C	0.87559
4357	YNL110C	0.87557
4358	YGR161W-A	0.87556
4359	YFL002W-B	0.87556
4360	YKR072C	0.87554
4361	YGR013W	0.87554
4362	YBR212W	0.87552
4363	YLR099W-A	0.87552
4364	YOR209C	0.87552
4365	YMR057C	0.8755
4366	YDR261C	0.8755
4367	YDL236W	0.8755
4368	YDR209C	0.87549
4369	YDR405W	0.87549
4370	YJR085C	0.87549
4371	YHR095W	0.87548
4372	YDR159W	0.87546
4373	YDR139C	0.87546
4374	YNR017W	0.87543
4375	YKL076C	0.87543
4376	YNL138W	0.8754
4377	YDR194W-A	0.87539
4378	YJR120W	0.87539
4379	YBR149W	0.87538
4380	YDL185W	0.87535
4381	YGL034C	0.87534
4382	YIL125W	0.87534
4383	YER099C	0.87533
4384	YHR082C	0.87532
4385	YER003C	0.87532
4386	YBL052C	0.87531
4387	YDR089W	0.87528
4388	YLL006W-A	0.87527
4389	YHR131C	0.87527
4390	YIR017W-A	0.87524
4391	YOR007C	0.87523
4392	YMR052C-A	0.87517
4393	YPL212C	0.87515
4394	YGR060W	0.87515
4395	YOL155W-A	0.8751
4396	YJL113W	0.8751
4397	YHR044C	0.87509
4398	YIL160C	0.87508
4399	YDR415C	0.87507
4400	YGR222W	0.87505
4401	YGR132C	0.87502
4402	YDR424C	0.875
4403	YDL179W	0.87499
4404	YOL134C	0.87497
4405	YJR092W	0.87497
4406	YJR099W	0.87497
4407	YML114C	0.87494
4408	YDR271C	0.87491
4409	YGR270C-A	0.8749
4410	YHR096C	0.87488
4411	YDR420W	0.87486
4412	YMR215W	0.87486
4413	YJL056C	0.87483
4414	YHL041W	0.87478
4415	YGR063C	0.87475
4416	YDR510C-A	0.87475
4417	YOR042W	0.87473
4418	YAR073W	0.87471
4419	YLL042C	0.87468
4420	YOR046C	0.87464
4421	YOR002W	0.87462
4422	YOL071W	0.87461
4423	YIL096C	0.87459
4424	YNL225C	0.87457
4425	YPR154W	0.87457
4426	YHR004C	0.87455
4427	YDR315C	0.87453
4428	YCR032W	0.87453
4429	YNR056C	0.87448
4430	Q0142	0.87448
4431	YDR417C	0.87447
4432	YNL210W	0.87444
4433	YNL156C	0.87444
4434	YML099W-A	0.87444
4435	YCR021C	0.87443
4436	YHR064C	0.87442
4437	YDL213W-A	0.87439
4438	YNL269W	0.87438
4439	YHR139C	0.87437
4440	YJL049W	0.87435
4441	YAR047C	0.87432
4442	YDR482C	0.8743
4443	YJR025C	0.87428
4444	YLR169W	0.87428
4445	YOR271C	0.87427
4446	YML100W-A	0.87427
4447	YDR160W	0.87426
4448	YHR007C	0.87426
4449	YEL034C-A	0.87422
4450	YPL130W	0.87421
4451	YOR350C	0.8742
4452	YNL231C	0.8742
4453	YGL142C	0.87418
4454	YPL041C	0.87418
4455	YBR176W	0.87416
4456	YNL067W-A	0.87416
4457	YJR002W	0.87414
4458	YOR099W	0.87412
4459	YBL043W	0.87411
4460	YMR274C	0.8741
4461	YJR087W	0.87408
4462	YBR182C	0.87407
4463	YMR098C	0.87406
4464	YFL017W-A	0.87404
4465	YKL169C	0.87404
4466	YOR387C	0.87403
4467	YLR101C	0.874
4468	YGR046W	0.87393
4469	YPL135W	0.87392
4470	YDR429C	0.87389
4471	YOR218C	0.87389
4472	YOR336W	0.87387
4473	YOL030W	0.87383
4474	YIR021W-A	0.8738
4475	YBR085C-A	0.87378
4476	YKR004C	0.87374
4477	YFL019C	0.8737
4478	YHL009W-B	0.87368
4479	YNL327W	0.87368
4480	YJL058C	0.87367
4481	YLR360W	0.87367
4482	YDR036C	0.87367
4483	YKR032W	0.87365
4484	YMR090W	0.87362
4485	YDR493W	0.87362
4486	YOL085W-A	0.87362
4487	YBR104W	0.87361
4488	YLR410W-A	0.87361
4489	YPL160W	0.87355
4490	YEL074W	0.87352
4491	YEL028W	0.87352
4492	YDR114C	0.87352
4493	YDL124W	0.87349
4494	YDR363W	0.87349
4495	YHR125W	0.87347
4496	YBR108W	0.87345
4497	YMR175W-A	0.87344
4498	YER170W	0.87344
4499	YNL114C	0.87338
4500	YLR211C	0.87337
4501	YIR032C	0.87336
4502	YKL050C	0.87334
4503	YJL084C	0.87333
4504	YLR033W	0.87331
4505	YHR163W	0.87329
4506	YGL168W	0.87328
4507	YLL062C	0.87326
4508	YGR064W	0.87325
4509	YCR016W	0.87324
4510	YJL197C-A	0.87323
4511	YOL057W	0.87322
4512	YCR081W	0.87321
4513	YPL211W	0.8732
4514	YNL058C	0.87318
4515	YGR038C-E	0.87317
4516	YPL205C	0.87317
4517	YGL137W	0.87316
4518	YGL084C	0.87315
4519	YLR267W	0.87313
4520	YJL008C	0.87311
4521	YEL008W	0.87309
4522	YKL159C	0.87307
4523	YDL113C	0.87304
4524	YMR236W	0.87304
4525	YKR081C	0.87304
4526	YPL115C	0.87303
4527	YGR193C	0.873
4528	YIL006W	0.873
4529	YBL039W-B	0.87299
4530	YHR138C	0.87296
4531	YDR187C	0.87295
4532	YPR039W	0.87286
4533	YML007C-A	0.87286
4534	YMR158C-A	0.87286
4535	YNR022C	0.87283
4536	YLR231C	0.87281
4537	YOL118C	0.87279
4538	YJR086W	0.87273
4539	YJR043C	0.87269
4540	YPL142C	0.87266
4541	YBR168W	0.87265
4542	YDL240C-A	0.87261
4543	YLL018C-A	0.8726
4544	YGR150C	0.87259
4545	YAR069C	0.87257
4546	YHR214C-D	0.87257
4547	YDL172C	0.87256
4548	YLR148W	0.87255
4549	YJR091C	0.87253
4550	YDR098C	0.87251
4551	YER084W	0.87247
4552	YDR529C	0.87244
4553	YAL037C-A	0.87243
4554	YGL174W	0.87238
4555	YMR013W-A	0.87236
4556	YFR008W	0.87235
4557	YIL014C-A	0.87235
4558	YHR170W	0.87234
4559	YML106W	0.87234
4560	YIL086C	0.87233
4561	YKL149C	0.87232
4562	YBL076C	0.87231
4563	YKL138C	0.87231
4564	YGR039W	0.87231
4565	YPR163C	0.87231
4566	YJR080C	0.87228
4567	YOR024W	0.87226
4568	YJL122W	0.87225
4569	YGR017W	0.87225
4570	YJR135W-A	0.87218
4571	YHL048C-A	0.87215
4572	YHL028W	0.87213
4573	YDR203W	0.87212
4574	YNL318C	0.87211
4575	YBR194W	0.87209
4576	YDR229W	0.87205
4577	YMR099C	0.87204
4578	YGL032C	0.87199
4579	YEL037C	0.87198
4580	YPL048W	0.87197
4581	YER114C	0.87193
4582	YNL255C	0.87188
4583	YPL219W	0.87186
4584	YBR225W	0.87185
4585	YDR345C	0.87182
4586	YER087C-A	0.87179
4587	YKR076W	0.87179
4588	YER152W-A	0.87178
4589	YDR179C	0.87178
4590	YER046W	0.87178
4591	YEL020C	0.87178
4592	YKL215C	0.87175
4593	YJR140W-A	0.87175
4594	YBR124W	0.87172
4595	YOR343W-A	0.8717
4596	YLL009C	0.8717
4597	YJR142W	0.87168
4598	YGR230W	0.87167
4599	YHL009C	0.87166
4600	YLR356W	0.87165
4601	YMR092C	0.87164
4602	YBR064W	0.87164
4603	YDR461C-A	0.87163
4604	YKL030W	0.87162
4605	YGL214W	0.87162
4606	YOR381W-A	0.87159
4607	YEL018C-A	0.87157
4608	YGL234W	0.87157
4609	YPR169W-A	0.87156
4610	YML108W	0.87152
4611	YJL077W-B	0.87151
4612	YHR092C	0.8715
4613	YGL197W	0.87149
4614	YOR034C-A	0.87147
4615	YDL186W	0.87145
4616	YKR039W	0.87143
4617	YNL179C	0.87142
4618	YDR210W-A	0.8714
4619	YHL011C	0.87138
4620	YAL066W	0.87138
4621	YBL100C	0.87138
4622	YJL187C	0.87136
4623	YFL015W-A	0.87131
4624	YPR060C	0.87131
4625	YLR190W	0.8713
4626	YHL016C	0.87129
4627	YOR278W	0.87128
4628	YDL005C	0.87127
4629	YOR161C-C	0.87126
4630	YPL129W	0.87125
4631	YEL005C	0.87125
4632	YOR298W	0.87124
4633	YLR163W-A	0.87121
4634	YGR292W	0.8712
4635	YLR424C-B	0.8712
4636	YGR196C	0.87119
4637	YDL158C	0.87119
4638	YLR312W-A	0.87119
4639	YFR045W	0.87112
4640	YOL001W	0.87106
4641	YER060W	0.87105
4642	YIL044C	0.87104
4643	YLR191W	0.87104
4644	YFL055W	0.87103
4645	YCR001W	0.87099
4646	YNL026W	0.87097
4647	YGR167W	0.87096
4648	YOR111W	0.87096
4649	YOL019W-A	0.87094
4650	YMR163C	0.87091
4651	YCL022C	0.87085
4652	YDR237W	0.87084
4653	YPR159C-A	0.8708
4654	YDL025W-A	0.87078
4655	YAL026C-A	0.87076
4656	YDR430C	0.87075
4657	YER063W	0.8707
4658	YKR045C	0.87069
4659	YBR146W	0.87068
4660	YKL072W	0.87065
4661	YPR062W	0.87062
4662	YPR009W	0.8706
4663	YNL032W	0.87054
4664	YHR056W-A	0.87051
4665	YNL249C	0.87051
4666	YNL103W-A	0.87051
4667	YBR299W	0.87051
4668	YKR087C	0.87049
4669	YPL197C	0.87046
4670	YCR010C	0.87042
4671	YCR041W	0.87042
4672	YHR182W	0.87041
4673	YHR093W	0.87037
4674	YGL077C	0.87034
4675	YLL027W	0.87032
4676	YJR018W	0.87028
4677	YLR178C	0.87027
4678	YBL036C	0.87025
4679	YDR143C	0.87024
4680	YPR164W	0.87024
4681	YGR251W	0.87024
4682	YHR145C	0.87023
4683	YJL088W	0.87022
4684	YMR284W	0.87021
4685	YOR169C	0.87021
4686	YDR538W	0.8702
4687	YOR313C	0.87018
4688	YDR369C	0.87017
4689	YDR532C	0.87017
4690	YAL034C	0.87014
4691	YJR156C	0.87013
4692	YCR097W	0.87011
4693	YDR524C-A	0.87006
4694	YPR138C	0.87005
4695	YAL032C	0.87002
4696	YGR204C-A	0.87002
4697	YLR423C	0.86999
4698	YML022W	0.86999
4699	YFR035C	0.86998
4700	YOR104W	0.86997
4701	YDL115C	0.86996
4702	YDR365C	0.8699
4703	YMR145C	0.86988
4704	YAL019W-A	0.86987
4705	YKL044W	0.86978
4706	YMR031C	0.86976
4707	YBL041W	0.86975
4708	YNL108C	0.86974
4709	YML004C	0.86974
4710	YDR541C	0.86972
4711	YDR431W	0.86971
4712	YKL118W	0.86968
4713	YER044C	0.86966
4714	YOR186W	0.86964
4715	YHR195W	0.86964
4716	YBL091C	0.86963
4717	YIL116W	0.86963
4718	YNR064C	0.86963
4719	YOR226C	0.86962
4720	YLR174W	0.86961
4721	YDR432W	0.86958
4722	YNL252C	0.86954
4723	YPL060C-A	0.86953
4724	YHR091C	0.86951
4725	YFL022C	0.86948
4726	Q0250	0.86945
4727	YOR310C	0.86945
4728	YOR308C	0.86943
4729	YPL134C	0.86943
4730	YBR035C	0.86942
4731	YBR011C	0.86941
4732	YGL226C-A	0.86939
4733	YGL107C	0.86939
4734	YBR172C	0.86935
4735	YGL014C-A	0.86935
4736	YEL038W	0.86934
4737	YHR068W	0.86932
4738	YJL078C	0.86932
4739	YGL178W	0.86932
4740	YDL244W	0.86931
4741	YGL108C	0.86928
4742	YBR167C	0.86927
4743	YCL035C	0.86926
4744	YDR076W	0.86924
4745	YHR137W	0.86923
4746	YBR066C	0.86923
4747	YMR295C	0.8692
4748	YBR292C	0.8692
4749	YDL045C	0.86919
4750	YPL252C	0.86918
4751	YDR277C	0.86917
4752	YOL136C	0.86913
4753	YPR182W	0.86913
4754	YML043C	0.8691
4755	YHR102W	0.86909
4756	YNR063W	0.86909
4757	YOR222W	0.86908
4758	YKL106C-A	0.86908
4759	YBR196C-B	0.86907
4760	YAL004W	0.86906
4761	YDR104C	0.86901
4762	YLR187W	0.86898
4763	Q0017	0.86897
4764	YBR218C	0.86895
4765	YNR026C	0.86895
4766	YDL170W	0.86895
4767	YER043C	0.86895
4768	YDR481C	0.86893
4769	YOR276W	0.8689
4770	YPL276W	0.8689
4771	YDR149C	0.86888
4772	YGR121C	0.86887
4773	YBR111C	0.86887
4774	YMR164C	0.86886
4775	YBL112C	0.86885
4776	YHR218W-A	0.86885
4777	YNL277W-A	0.86884
4778	YER042W	0.86882
4779	YHR159W	0.86881
4780	YCR006C	0.86877
4781	YJR111C	0.86876
4782	YIL170W	0.86873
4783	YJL014W	0.86872
4784	YIL159W	0.86872
4785	YEL030C-A	0.86871
4786	YER028C	0.8687
4787	YDR079W	0.86864
4788	YIL030W-A	0.86863
4789	YNL064C	0.86863
4790	YOL097C	0.86863
4791	YBR049C	0.86861
4792	YDL137W	0.86861
4793	YDR408C	0.86855
4794	YGR142W	0.86854
4795	YML096W	0.86851
4796	YOR356W	0.86848
4797	YLR348C	0.86845
4798	YGR067C	0.86844
4799	YOL165C	0.86844
4800	YLR285W	0.86843
4801	YMR119W	0.86838
4802	YBR072W	0.86838
4803	YML047W-A	0.86838
4804	YPL166W	0.86837
4805	YDL098C	0.86836
4806	YGL255W	0.86836
4807	YER066C-A	0.86836
4808	YDL016C	0.86827
4809	YGR174C	0.86824
4810	YPR176C	0.86824
4811	YML129C	0.86823
4812	YBR148W	0.86823
4813	YIL037C	0.86821
4814	YBL084C	0.86819
4815	YPR101W	0.86816
4816	YCR087C-A	0.86816
4817	YOR256C	0.86812
4818	YJL160C	0.86812
4819	YGL028C	0.8681
4820	YNL050C	0.86809
4821	YEL007W	0.86803
4822	YPR026W	0.86803
4823	YKL138C-A	0.868
4824	YGL067W	0.86798
4825	YGR182C	0.86796
4826	YDR380W	0.86795
4827	YOL163W	0.86794
4828	YOR344C	0.86793
4829	YLR219W	0.86787
4830	YER148W-A	0.86787
4831	YNL284C	0.86785
4832	YNL332W	0.86783
4833	YDR461W	0.86782
4834	YLR057W	0.86782
4835	YPR110C	0.8678
4836	YIL062C	0.86775
4837	YLR290C	0.86774
4838	YKR047W	0.86766
4839	YDR469W	0.86765
4840	YNL198C	0.86764
4841	YML120C	0.86762
4842	YLR031W	0.86758
4843	YHR002W	0.86757
4844	YDR222W	0.8675
4845	YGR250C	0.86746
4846	YBR141W-A	0.86745
4847	YLR165C	0.86743
4848	YBL107W-A	0.86742
4849	YAL049C	0.86741
4850	YDL239C	0.86741
4851	YER161C	0.8674
4852	YOR114W	0.86737
4853	YNL105W	0.86736
4854	YMR141W-A	0.86736
4855	YAL044C	0.86731
4856	YDR443C	0.86731
4857	YIL142C-A	0.86729
4858	YKL048C	0.86728
4859	YNR054C	0.86727
4860	YAL044W-A	0.8672
4861	YER058W	0.86719
4862	YER056C	0.86718
4863	YOL035C	0.86714
4864	YBL103C	0.8671
4865	YEL062W	0.86709
4866	YKL123W	0.86706
4867	YMR011W	0.86704
4868	YCR107W	0.86703
4869	YFL058W	0.867
4870	YGL162W	0.867
4871	YKR020W	0.86699
4872	YOR320C	0.86699
4873	YLR060W	0.86699
4874	YJL126W	0.86693
4875	YOR113W	0.86691
4876	YGR109C	0.8669
4877	YKL176C	0.8669
4878	YOR347C	0.86689
4879	YPR149W	0.86686
4880	YDR034C	0.8668
4881	YNL220W	0.86679
4882	YPL187W	0.86677
4883	YOR343C	0.86675
4884	YKL210W	0.8667
4885	YKL156C-A	0.86665
4886	YFR049W	0.86657
4887	YGR153W	0.86656
4888	YGL011C	0.86654
4889	YLR242C	0.86651
4890	YGR107W	0.86648
4891	YEL050W-A	0.86641
4892	YFL033C	0.8664
4893	YMR152W	0.86635
4894	YJR070C	0.86632
4895	YGR096W	0.86632
4896	YBR006W	0.86631
4897	YOL081W	0.86628
4898	YKR059W	0.86628
4899	YGL160W	0.86628
4900	YLR460C	0.86626
4901	YHR097C	0.86623
4902	YML081W	0.86623
4903	YKR006C	0.8662
4904	YGL196W	0.86618
4905	YKR100C	0.86618
4906	YGR001C	0.86617
4907	YEL051W	0.86613
4908	YOL012C	0.86606
4909	YJL032W	0.86605
4910	YOR288C	0.86602
4911	YNL315C	0.866
4912	YLR238W	0.86594
4913	YGL086W	0.86594
4914	YFL015C	0.86593
4915	YBR275C	0.86592
4916	YJL103C	0.86591
4917	YKR099W	0.8659
4918	YPR012W	0.86586
4919	YIR029W	0.86583
4920	YBR127C	0.86583
4921	YER078W-A	0.86578
4922	YHR113W	0.86578
4923	YPL011C	0.86573
4924	YBR109C	0.86568
4925	YML110C	0.86568
4926	YJL148W	0.86562
4927	YIL050W	0.86561
4928	YLR271W	0.8656
4929	YJL216C	0.86554
4930	YNL005C	0.86553
4931	YEL047C	0.8655
4932	YOR332W	0.86546
4933	YNR037C	0.86545
4934	YJR110W	0.86543
4935	YMR244C-A	0.86542
4936	YGR210C	0.86542
4937	YCR102C	0.8654
4938	YBR131W	0.86538
4939	YBR293W	0.86538
4940	YLR375W	0.86536
4941	YFR017C	0.86534
4942	YFL024C	0.86534
4943	YJL221C	0.86533
4944	YIL172C	0.86533
4945	YMR194C-B	0.86533
4946	YGR082W	0.86533
4947	YEL013W	0.86532
4948	YGR015C	0.86531
4949	YDR129C	0.8653
4950	YDR047W	0.8653
4951	YPL034W	0.86525
4952	YGL088W	0.86522
4953	YDR505C	0.86521
4954	YHL005C	0.86519
4955	YIL005W	0.86516
4956	YCR075W-A	0.86515
4957	YMR304C-A	0.86514
4958	YER039C	0.86513
4959	YNL013C	0.86511
4960	YAL060W	0.8651
4961	YHR184W	0.86509
4962	YNR001C	0.86508
4963	YBR261C	0.86501
4964	YBL088C	0.86499
4965	YJL108C	0.86493
4966	YGL041W-A	0.86493
4967	YFR052W	0.86492
4968	YGR233C	0.86492
4969	YER138W-A	0.86492
4970	YGR229C	0.86489
4971	YER141W	0.86489
4972	YIL102C-A	0.86487
4973	YHR006W	0.86483
4974	YDL139C	0.86483
4975	YLR001C	0.86483
4976	YMR158W-B	0.86482
4977	YLR465C	0.86481
4978	YDR148C	0.86481
4979	YJR134C	0.86479
4980	YKL134C	0.86477
4981	YER006C-A	0.86476
4982	YAL041W	0.86475
4983	YOR133W	0.86472
4984	YDR195W	0.8647
4985	YNL142W	0.86469
4986	YDR123C	0.86465
4987	YEL020W-A	0.86463
4988	YDR190C	0.86461
4989	YHR050W-A	0.86459
4990	YGL042C	0.86457
4991	YBR090C	0.86457
4992	YNL274C	0.86456
4993	YGL007C-A	0.86453
4994	YPR127W	0.86452
4995	YOR349W	0.86448
4996	YJR106W	0.86445
4997	YPL036W	0.86445
4998	YJL026C-A	0.86437
4999	YPR142C	0.86437
5000	YDR068W	0.86437
5001	YBL046W	0.86436
5002	YER165C-A	0.86427
5003	YMR182W-A	0.86426
5004	YIR010W	0.86425
5005	YFR036W-A	0.86423
5006	YGL001C	0.8642
5007	YIL019W	0.86418
5008	YKL211C	0.86417
5009	YER035W	0.86416
5010	YNR025C	0.86413
5011	YHR017W	0.8641
5012	YLR311C	0.86408
5013	YEL042W	0.86408
5014	YIL066C	0.86405
5015	YOL164W	0.86403
5016	YLR018C	0.86403
5017	YDR181C	0.86401
5018	YDL125C	0.864
5019	YLR285C-A	0.86394
5020	YLR284C	0.86387
5021	YPL200W	0.86383
5022	YJL077W-A	0.86382
5023	YHR038W	0.86381
5024	YER107C	0.86381
5025	YGL059W	0.86379
5026	YGR014W	0.86377
5027	YIL127C	0.86377
5028	YHR011W	0.86373
5029	YBR052C	0.8637
5030	YGL091C	0.86368
5031	YDR511W	0.86364
5032	YML103C	0.86363
5033	YNR039C	0.86359
5034	YHR032W-A	0.86356
5035	YER136W	0.86356
5036	Q0075	0.86353
5037	YDR413C	0.8635
5038	YHR073C-B	0.86347
5039	YNL241C	0.86342
5040	YPL059W	0.86342
5041	YGL182C	0.86339
5042	YDR242W	0.86337
5043	YOL157C	0.86336
5044	YGL069C	0.86325
5045	YDR365W-B	0.86321
5046	YGR098C	0.86319
5047	YLR406C-A	0.86319
5048	YHR069C	0.86319
5049	YCL014W	0.86318
5050	YJL167W	0.86317
5051	YER088C-A	0.86315
5052	YER087W	0.86314
5053	YLR280C	0.86307
5054	YNL171C	0.86305
5055	YOL166C	0.86303
5056	YOL133W	0.86302
5057	YMR146C	0.86297
5058	YJR016C	0.86297
5059	YPR069C	0.86295
5060	YKL068W-A	0.86295
5061	YJR089W	0.86293
5062	YOR127W	0.86292
5063	YNL079C	0.86291
5064	YPR167C	0.86289
5065	YBR131C-A	0.86285
5066	YMR272W-A	0.86283
5067	YDL153C	0.86282
5068	YGL005C	0.86276
5069	YNL309W	0.86276
5070	YGR227W	0.86267
5071	YKR095W	0.86265
5072	YGR155W	0.86265
5073	YLR404W	0.86264
5074	YOR019W	0.86262
5075	YMR166C	0.86257
5076	YKL171W	0.86255
5077	YER060W-A	0.86255
5078	YPR004C	0.86254
5079	YCR003W	0.86253
5080	YDL107W	0.86248
5081	YBL039C-A	0.86247
5082	YDR019C	0.86244
5083	YGR174W-A	0.86242
5084	YGR189C	0.8624
5085	YOL041C	0.86238
5086	YGR205W	0.86237
5087	YHR037W	0.86235
5088	YGR179C	0.86235
5089	YKL053C-A	0.86235
5090	YKL025C	0.86234
5091	YPR058W	0.86233
5092	YPL111W	0.86229
5093	YDR410C	0.86227
5094	YEL066W	0.86226
5095	YDR043C	0.86223
5096	YJL054W	0.86219
5097	YOR149C	0.86218
5098	YOR235W	0.86215
5099	YMR086C-A	0.86215
5100	YER173W	0.86214
5101	YLR153C	0.86213
5102	YPR070W	0.86206
5103	YPR001W	0.86204
5104	YPL106C	0.86203
5105	YNL144C	0.86203
5106	YLR255C	0.86199
5107	YOL069W	0.86196
5108	YNL100W	0.86195
5109	YJR144W	0.86194
5110	YHL023C	0.86193
5111	YBL085W	0.86191
5112	YPR036W-A	0.86189
5113	YPL156C	0.86187
5114	YHR100C	0.86187
5115	YBR012W-B	0.86184
5116	YDR299W	0.86183
5117	YDR366C	0.86183
5118	YBR025C	0.86182
5119	YER137W-A	0.86178
5120	YOR238W	0.86177
5121	YER062C	0.86174
5122	YBR162C	0.86172
5123	YBR140C	0.86169
5124	YDR157W	0.86168
5125	YNL149C	0.8616
5126	YHR074W	0.86156
5127	YDR342C	0.86155
5128	YGR252W	0.86155
5129	YNL202W	0.86154
5130	YIL101C	0.86147
5131	YMR219W	0.86147
5132	YKL054C	0.86146
5133	YLR256W-B/YLR256W-C	0.86143
5134	YBR082C	0.86138
5135	YAR014C	0.86136
5136	YPL052W	0.86134
5137	YPL237W	0.86131
5138	YHR214C-B	0.86129
5139	YER070W	0.86127
5140	YGR244C	0.86127
5141	YLR254C	0.86127
5142	YOL153C	0.86124
5143	YDR116C	0.86118
5144	YJR045C	0.86112
5145	YIL071C	0.86112
5146	YDR261C-D	0.86111
5147	YPL076W	0.86111
5148	YDL198C	0.8611
5149	YLR322W	0.86106
5150	YHR104W	0.86106
5151	YPL093W	0.86106
5152	YOR264W	0.86105
5153	YBR224W	0.86101
5154	YPR013C	0.86101
5155	YMR130W	0.86099
5156	YLR315W	0.86097
5157	YGL226W	0.86092
5158	YGR146C-A	0.8609
5159	YPL201C	0.8609
5160	YCR038W-A	0.86086
5161	YPL091W	0.86086
5162	YPL016W	0.86083
5163	YGR161C-D	0.86082
5164	YIL134C-A	0.86074
5165	YIR024C	0.86073
5166	YNR014W	0.86072
5167	YML047C	0.86071
5168	YJL222W-B	0.86071
5169	YIL175W	0.86071
5170	YNL054W	0.8607
5171	YER022W	0.86069
5172	YDL152W	0.86069
5173	YBR152W	0.86067
5174	YGL194C-A	0.86067
5175	YGL062W	0.86066
5176	YPL240C	0.86064
5177	YBR120C	0.86058
5178	YER175W-A	0.86057
5179	YFL010C	0.86057
5180	YNL133C	0.86057
5181	YPR042C	0.86056
5182	YPR035W	0.86052
5183	YNL308C	0.86048
5184	YJR029W	0.86044
5185	YNL183C	0.86035
5186	YLR466C-B	0.86034
5187	YBR072C-A	0.86033
5188	YOL138C	0.86033
5189	YDR198C	0.86024
5190	YBL075C	0.86023
5191	YER071C	0.86022
5192	YKL002W	0.86022
5193	YDR343C	0.86021
5194	YPR073C	0.86019
5195	YBL071C-B	0.86018
5196	YNL054W-B	0.86015
5197	YDR099W	0.86013
5198	YMR050C	0.8601
5199	YGR027W-B	0.86008
5200	YDL224C	0.86004
5201	YER090C-A	0.86003
5202	YER148W	0.86
5203	YFL057C	0.85998
5204	YLR035C-A	0.85998
5205	YIL057C	0.85997
5206	YBR117C	0.85997
5207	YJL052C-A	0.85996
5208	YOL099C	0.85994
5209	YHR072W-A	0.85989
5210	YIL053W	0.85986
5211	YNL195C	0.85984
5212	YML041C	0.85984
5213	YPR133W-A	0.85981
5214	YGR081C	0.85978
5215	YJR155W	0.85976
5216	YOR032C	0.85975
5217	YKL106W	0.85974
5218	YML045W	0.8597
5219	YKL083W	0.85969
5220	YOR255W	0.85968
5221	YGR185C	0.85966
5222	YKL032C	0.85964
5223	YDR400W	0.85963
5224	YOR265W	0.85961
5225	YBR083W	0.85954
5226	YER160C	0.85954
5227	YLR402W	0.85954
5228	YKL108W	0.85949
5229	YER138C	0.85948
5230	YOL064C	0.85948
5231	YLR403W	0.85946
5232	YPR158C-D	0.85944
5233	YDR376W	0.85944
5234	YOR335C	0.85942
5235	YDL213C	0.85942
5236	YPL141C	0.85939
5237	YMR195W	0.85937
5238	YPR100W	0.85937
5239	YGL175C	0.85933
5240	YLR434C	0.85931
5241	YNR018W	0.85931
5242	YNL245C	0.8593
5243	YJR027W	0.85928
5244	YKL127W	0.85928
5245	YOL103W-B	0.85926
5246	YJR101W	0.85926
5247	YLR353W	0.85925
5248	YML039W	0.85924
5249	YOR142W-B	0.85924
5250	YGL080W	0.8592
5251	YBL005W-B	0.85918
5252	YGR089W	0.85917
5253	YOR027W	0.85915
5254	YMR045C	0.85914
5255	YGR108W	0.85907
5256	YNL284C-B	0.85905
5257	YMR172C-A	0.85905
5258	YPL257W-B	0.85896
5259	YER050C	0.85894
5260	YIL020C-A	0.85891
5261	YKL081W	0.85888
5262	YJL110C	0.85887
5263	YOL049W	0.85886
5264	YBL048W	0.85886
5265	YGL041C-B	0.85886
5266	YGR038C-B	0.85882
5267	YJR011C	0.85882
5268	YDR098C-B	0.85882
5269	YOR252W	0.85881
5270	YBL051C	0.8588
5271	YPL077C	0.85877
5272	YOR355W	0.85872
5273	YGR041W	0.8587
5274	YDR086C	0.85869
5275	YJR051W	0.85867
5276	YMR056C	0.85865
5277	YPR137C-B	0.85864
5278	YGR171C	0.85856
5279	YGR287C	0.85855
5280	YNL335W	0.85852
5281	YFL061W	0.85852
5282	YDL182W	0.85846
5283	YLR157C-B	0.85846
5284	YPR158W-B	0.85844
5285	YLR227W-B	0.85841
5286	YLR176C	0.85839
5287	YDL086W	0.85839
5288	YLR298C	0.85839
5289	YDL114W-A	0.85835
5290	YIR023C-A	0.85834
5291	YER149C	0.8583
5292	YKL097C	0.85829
5293	YFR019W	0.85826
5294	YKL082C	0.85824
5295	YLR098C	0.85816
5296	YPR170W-B	0.85808
5297	YGL008C	0.85807
5298	YGL172W	0.85806
5299	YCR097W-A	0.85801
5300	YGR280C	0.858
5301	YPL098C	0.85793
5302	YGL041C	0.85786
5303	YDR316W-B	0.85779
5304	YHL034C	0.85776
5305	YHL034W-A	0.85774
5306	YML017W	0.85774
5307	YAL031C	0.85769
5308	YLR235C	0.85768
5309	YML062C	0.85767
5310	YIR030W-A	0.85767
5311	YGL061C	0.85766
5312	YDR017C	0.85761
5313	YML008C	0.85761
5314	YPL120W	0.8576
5315	YOR331C	0.85759
5316	YNL168C	0.85755
5317	YDR310C	0.85754
5318	YDR146C	0.85754
5319	YML025C	0.85753
5320	YOR028C	0.85749
5321	YKL111C	0.85748
5322	YDL089W	0.85744
5323	YKR046C	0.85743
5324	YDR210C-D	0.85738
5325	YER078C	0.85734
5326	YIL032C	0.85734
5327	YKR030W	0.8573
5328	YJR014W	0.85726
5329	YBL099W	0.85724
5330	YJR096W	0.8572
5331	YKL009W	0.8572
5332	YMR270C	0.85714
5333	YFR032C-B	0.85712
5334	YDR217C	0.85707
5335	YHR182C-A	0.85706
5336	YGR236C	0.85706
5337	YNL320W	0.85705
5338	YOR072W-A	0.85703
5339	YDL189W	0.85702
5340	YNL141W	0.85702
5341	YNL333W	0.85698
5342	YIL117C	0.85697
5343	YGL245W	0.85697
5344	YOR294W	0.85695
5345	YPL075W	0.85693
5346	YHR132W-A	0.8569
5347	YCL019W	0.85689
5348	YPR126C	0.85686
5349	YOR287C	0.85683
5350	YDR233C	0.85682
5351	YMR110C	0.85673
5352	YPR094W	0.85672
5353	YDR524C	0.8567
5354	YER120W	0.85666
5355	YLR112W	0.8566
5356	YIL058W	0.85658
5357	YMR307W	0.85652
5358	YER088W-B	0.85645
5359	YPR122W	0.85637
5360	YLR420W	0.85635
5361	YNL339W-A	0.85634
5362	YPL283W-A	0.85634
5363	YGR296C-A	0.85634
5364	YER190C-A	0.85634
5365	YML133W-A	0.85634
5366	YJR151W-A	0.85634
5367	YJL020W-A	0.85633
5368	YPL152W-A	0.85633
5369	YDL039C	0.85633
5370	YJL142C	0.85627
5371	YPR068C	0.85625
5372	YOL029C	0.85625
5373	YDL106C	0.8562
5374	YFL067W	0.8562
5375	YPR002W	0.85616
5376	YDR320C	0.85609
5377	YER055C	0.85608
5378	YKR010C	0.85605
5379	YOR100C	0.85602
5380	YIL168W	0.85602
5381	YHR103W	0.85602
5382	YMR311C	0.85601
5383	YDR339C	0.85592
5384	YLL019W-A	0.85592
5385	YEL008C-A	0.85588
5386	YHR162W	0.85585
5387	YPL250C	0.85584
5388	YLR030W	0.85582
5389	YJR095W	0.85581
5390	YIR038C	0.85579
5391	YML058W	0.85571
5392	YBL071W-A	0.85561
5393	YLR431C	0.85561
5394	YGR286C	0.8556
5395	YLR179C	0.8556
5396	YJL149W	0.85559
5397	YLR074C	0.85554
5398	YOR203W	0.85554
5399	YDR041W	0.85554
5400	YDR088C	0.85553
5401	YPL085W	0.85553
5402	YJR121W	0.8555
5403	YHR036W	0.85541
5404	YLR038C	0.85535
5405	YDR379W	0.85527
5406	YER112W	0.85525
5407	YEL057C	0.85523
5408	YAL063C-A	0.85523
5409	YCL058W-A	0.85522
5410	YDL159C-B	0.85518
5411	YGR161C	0.85516
5412	YHR029C	0.85513
5413	YOL107W	0.85512
5414	YOR289W	0.85511
5415	YNR058W	0.85507
5416	YBR230C	0.85505
5417	YBR013C	0.85504
5418	YDR269C	0.855
5419	Q0110	0.855
5420	YGL169W	0.85499
5421	YKR052C	0.85496
5422	YIL031W	0.85495
5423	YMR075C-A	0.85494
5424	YDR504C	0.85493
5425	YER104W	0.8549
5426	YML054C-A	0.85488
5427	YKL053W	0.85487
5428	YBL063W	0.85484
5429	YDR261W-B	0.85481
5430	YNR049C	0.85481
5431	YJL027C	0.85474
5432	YDR028C	0.85471
5433	YGL229C	0.85471
5434	YFL059W	0.85471
5435	YBR134W	0.8547
5436	YKL216W	0.8547
5437	YGR161W-B	0.85465
5438	YFL002W-A	0.85465
5439	YOL091W	0.85463
5440	YOL140W	0.85462
5441	YLR294C	0.85458
5442	YDL192W	0.85457
5443	YGL102C	0.85455
5444	YGL219C	0.85453
5445	YCL061C	0.85453
5446	YBR050C	0.85446
5447	YGR020C	0.85444
5448	YCR015C	0.85438
5449	YIL105C	0.85437
5450	YDL247W-A	0.85434
5451	YJL060W	0.85432
5452	YFR040W	0.85428
5453	YMR186W	0.8542
5454	YLL033W	0.85418
5455	YDR486C	0.85418
5456	YNL322C	0.85418
5457	YER081W	0.85416
5458	YPL189C-A	0.85415
5459	YGL006W-A	0.85415
5460	YOR342C	0.85413
5461	YDL199C	0.85413
5462	YNL003C	0.85412
5463	YDR322W	0.85408
5464	YNL047C	0.85407
5465	YAL062W	0.85405
5466	YGR038C-D/YGR038C-C	0.85401
5467	YGL138C	0.854
5468	YKL026C	0.85399
5469	YML030W	0.85399
5470	YMR193C-A	0.85395
5471	YOR170W	0.85394
5472	YPR078C	0.85393
5473	YPL118W	0.85391
5474	YEL014C	0.85391
5475	YGR228W	0.85388
5476	YDL228C	0.85382
5477	YHL015W	0.85378
5478	YHR007C-A	0.85378
5479	YPR095C	0.85376
5480	YPL256C	0.85375
5481	YKR035C	0.85374
5482	YNL018C	0.85374
5483	YPL061W	0.85374
5484	YOR192C-B	0.85371
5485	YDL114W	0.85367
5486	YNL075W	0.85364
5487	YDR467C	0.85362
5488	YKL153W	0.85354
5489	YDR030C	0.85354
5490	YKR091W	0.8535
5491	YLR299C-A	0.85348
5492	YDL211C	0.85347
5493	YNL011C	0.85345
5494	YDR348C	0.8534
5495	YOL070C	0.85336
5496	YFR046C	0.85332
5497	YPR143W	0.85321
5498	YOR314W-A	0.85321
5499	YGL215W	0.85318
5500	YER158W-A	0.85309
5501	YMR272W-B	0.85304
5502	YOL164W-A	0.85296
5503	YLR120C	0.85295
5504	YOR251C	0.85291
5505	YOR078W	0.85291
5506	YBL100W-B	0.85287
5507	YHR106W	0.85283
5508	YDR059C	0.8527
5509	YLR410W-B	0.85265
5510	YDR210W-B	0.85259
5511	YDR034C-D	0.85258
5512	YMR066W	0.85248
5513	YDL205C	0.85248
5514	YIL097W	0.85245
5515	YCR046C	0.85242
5516	YPR061C	0.85242
5517	YJR065C	0.85239
5518	YKL162C	0.85235
5519	YJL121C	0.85232
5520	YKL156W	0.8523
5521	YGL225W	0.8523
5522	YIL020C	0.85227
5523	YOL058W	0.85223
5524	YLR149C-A	0.8522
5525	YDR113C	0.85218
5526	YDL159W-A	0.85218
5527	YLR222C-A	0.85217
5528	YIL045W	0.85202
5529	YGR249W	0.85198
5530	YHR147C	0.85198
5531	YDR235W	0.85196
5532	YIL078W	0.85194
5533	YGR207C	0.85191
5534	YPL158C	0.8519
5535	YGL057C	0.85182
5536	YOR020W-A	0.85173
5537	YCL051W	0.85169
5538	YKL120W	0.85168
5539	YGR273C	0.85165
5540	YDR539W	0.85153
5541	YDR166C	0.85152
5542	YNL134C	0.85151
5543	YGL038C	0.85147
5544	YLR051C	0.85143
5545	YHR130C	0.85143
5546	YKL020C	0.85142
5547	YGR115C	0.85136
5548	YER045C	0.85134
5549	YJL172W	0.85131
5550	YML070W	0.85128
5551	YBL009W	0.85126
5552	YBR122C	0.85125
5553	YNL209W	0.85125
5554	YBR121C-A	0.85116
5555	YOR266W	0.85116
5556	YNL152W	0.85113
5557	YKL013C	0.85112
5558	YDR341C	0.85101
5559	YJL003W	0.85101
5560	YFR001W	0.85096
5561	YML007W	0.85096
5562	YOR232W	0.85092
5563	YMR273C	0.85091
5564	YHR180C-B	0.85087
5565	YBR291C	0.85087
5566	YOL025W	0.85086
5567	YCR018C-A	0.85082
5568	YDR216W	0.85082
5569	YEL059W	0.8508
5570	YLL057C	0.85079
5571	YML084W	0.85078
5572	YKR085C	0.85078
5573	YDR307W	0.85074
5574	YOR343W-B	0.85073
5575	YLR332W	0.85073
5576	YDR103W	0.85072
5577	YDL050C	0.8507
5578	YDL027C	0.85064
5579	YER153C	0.85062
5580	YKL110C	0.85061
5581	YFR012W	0.8506
5582	YPR185W	0.85056
5583	YMR322C	0.85056
5584	YOR159C	0.8505
5585	YHR112C	0.85049
5586	YER053C	0.85049
5587	YIL036W	0.85042
5588	YNL034W	0.85041
5589	YFL031C-A	0.85034
5590	YFL030W	0.85034
5591	YNL203C	0.85033
5592	YCR087W	0.85031
5593	YER038C	0.8503
5594	YJL119C	0.85029
5595	YNL191W	0.85029
5596	YIL071W-A	0.85027
5597	YDR207C	0.85021
5598	YJL205C	0.85021
5599	YGR122C-A	0.85017
5600	YLR286C	0.85013
5601	YKL033W-A	0.85013
5602	YIL010W	0.85011
5603	YPL231W	0.85008
5604	YAL016C-B	0.85007
5605	YOR125C	0.85005
5606	YOR091W	0.85001
5607	YOR095C	0.84999
5608	YOL094C	0.84995
5609	YDL243C	0.84994
5610	YJL144W	0.84992
5611	YKL093W	0.84978
5612	YDR034C-A	0.84978
5613	YOR221C	0.84978
5614	YNL213C	0.84975
5615	YKL196C	0.84971
5616	YMR151W	0.84965
5617	YKL062W	0.84955
5618	YOR137C	0.84952
5619	YIR033W	0.84952
5620	YJR048W	0.84949
5621	YML078W	0.84947
5622	YJR030C	0.84943
5623	YMR047C	0.84941
5624	YDL151C	0.84935
5625	YLR341W	0.84931
5626	YIR027C	0.84931
5627	YGL148W	0.84928
5628	YGL202W	0.84924
5629	YEL070W	0.84918
5630	YNR073C	0.84918
5631	YGL073W	0.84916
5632	YGR043C	0.84914
5633	YER154W	0.8491
5634	YLR230W	0.84909
5635	YDL020C	0.84907
5636	YDL142C	0.84898
5637	YOR143C	0.84897
5638	YGR234W	0.84896
5639	YDR320W-B	0.84892
5640	YBR251W	0.84883
5641	YLR281C	0.84883
5642	YDR502C	0.84879
5643	YOR302W	0.84878
5644	YHR180W-A	0.84871
5645	YLL044W	0.8487
5646	YFL053W	0.84862
5647	YJL095W	0.84858
5648	YPR006C	0.84857
5649	YKL162C-A	0.84856
5650	YMR276W	0.84854
5651	YNL144W-A	0.84853
5652	YNL002C	0.84852
5653	YJL175W	0.84848
5654	YOR391C	0.84844
5655	YHL015W-A	0.84836
5656	YBR078W	0.84833
5657	YDR065W	0.8483
5658	YLL003W	0.84828
5659	YDR510W	0.84828
5660	YLR157C-C	0.84825
5661	YLR154C-H	0.84825
5662	YLR159C-A	0.84825
5663	YLR156C-A	0.84825
5664	YLR164W	0.84823
5665	YMR169C	0.8482
5666	YOR085W	0.84819
5667	YDR412W	0.84818
5668	YPL280W	0.84818
5669	YOR214C	0.84817
5670	YER044C-A	0.84816
5671	YLR236C	0.84816
5672	YOL031C	0.84816
5673	YNL115C	0.84815
5674	YLR459W	0.84814
5675	YNL214W	0.84807
5676	YJL116C	0.84807
5677	YDR183C-A	0.84789
5678	YKL071W	0.84788
5679	YGR243W	0.84787
5680	YLR259C	0.84784
5681	YIL167W	0.84783
5682	YNL337W	0.84778
5683	YFL018C	0.84778
5684	YJL136W-A	0.84777
5685	YLR102C	0.84772
5686	YLR436C	0.84771
5687	YDR192C	0.84768
5688	YER158C	0.84764
5689	YDR232W	0.84763
5690	YBL006W-A	0.84759
5691	YDR494W	0.84752
5692	YPR084W	0.84751
5693	YKR012C	0.84751
5694	YGL079W	0.8475
5695	YJR105W	0.8475
5696	YJL180C	0.84748
5697	YBL001C	0.84747
5698	YFL021W	0.84747
5699	YPR044C	0.84745
5700	YDL229W	0.84743
5701	YDR354W	0.84743
5702	YOR324C	0.84739
5703	YOR352W	0.84736
5704	YNR024W	0.84729
5705	YJL185C	0.84728
5706	YLR424C-A	0.84721
5707	YGL039W	0.84712
5708	YCR033W	0.84703
5709	YDR451C	0.847
5710	YKR016W	0.84696
5711	YEL039C	0.84694
5712	YMR096W	0.84694
5713	Q0115	0.84691
5714	YML093W	0.84687
5715	YHR032C-A	0.84679
5716	YER093C-A	0.84675
5717	YLR200W	0.8467
5718	YBR106W	0.84668
5719	YLR307C-A	0.84665
5720	YAL036C	0.84661
5721	YDL088C	0.84656
5722	YER177W	0.84655
5723	YOL166W-A	0.84652
5724	YHR024C	0.84652
5725	YBL059C-A	0.84651
5726	YMR016C	0.84649
5727	YMR170C	0.84644
5728	YNL266W	0.84643
5729	YOR375C	0.84641
5730	YHR005C-A	0.84641
5731	YJL096W	0.84639
5732	YPR010C-A	0.84634
5733	YBR255W	0.8463
5734	YDL014W	0.84626
5735	YLR339C	0.84622
5736	YJR113C	0.84618
5737	YCL023C	0.84614
5738	YLR221C	0.84612
5739	YDR356W	0.84607
5740	YOL013W-B	0.84603
5741	YER084W-A	0.84602
5742	YOR394W	0.846
5743	YPL282C	0.846
5744	YDR169C	0.84599
5745	YPL055C	0.84598
5746	YER030W	0.84584
5747	YKL150W	0.84581
5748	Q0275	0.8458
5749	YBR121C	0.84574
5750	YFR034W-A	0.8457
5751	YGL026C	0.84567
5752	YER065C	0.84565
5753	YOR374W	0.84562
5754	YOL151W	0.84561
5755	YGL136C	0.84559
5756	YJL217W	0.84556
5757	YBL029W	0.84546
5758	YIL070C	0.84545
5759	YIL074C	0.8454
5760	YOR082C	0.84539
5761	YBR191W-A	0.84529
5762	YOR102W	0.84525
5763	YLR208W	0.84522
5764	YOR130C	0.84516
5765	YFR033C	0.84515
5766	YLR180W	0.84509
5767	YMR124W	0.84498
5768	YLR192C	0.84498
5769	YER048W-A	0.84494
5770	YHR089C	0.84492
5771	YLR282C	0.84481
5772	YKL100W-A	0.84472
5773	YER074W-A	0.84471
5774	YPL040C	0.84468
5775	YGL068W	0.84468
5776	YDR178W	0.84465
5777	YLR352W	0.84461
5778	YIR025W	0.84459
5779	YCR024C	0.84458
5780	YBR063C	0.84453
5781	YDL178W	0.84449
5782	YOL143C	0.84447
5783	YIR035C	0.84439
5784	YMR144W	0.84439
5785	YLR040C	0.84428
5786	YOR192C-C	0.84427
5787	YFR052C-A	0.84427
5788	YIL105W-A	0.84421
5789	YFR054C	0.8442
5790	YNL331C	0.84418
5791	YGR282C	0.84418
5792	YFR011C	0.84418
5793	YCR019W	0.84416
5794	YGL071W	0.84415
5795	YCR105W	0.84411
5796	YNL177C	0.84409
5797	YER073W	0.84403
5798	YOR394C-A	0.84396
5799	YCL063W	0.84394
5800	YHR059W	0.84388
5801	YBR056C-B	0.84384
5802	YIL093C	0.84382
5803	YDL023C	0.84381
5804	YIL122W	0.84381
5805	YLR131C	0.84374
5806	YJL207C	0.84373
5807	YEL071W	0.8437
5808	YNL197C	0.84369
5809	YFR023W	0.84367
5810	Q0297	0.84363
5811	YIL008W	0.84362
5812	YJL062W-A	0.84359
5813	YPL056C	0.84357
5814	YNL066W	0.84357
5815	YOR062C	0.84351
5816	YDR219C	0.84347
5817	YAL068W-A	0.8434
5818	YHR128W	0.84338
5819	YCR004C	0.84336
5820	YIL094C	0.84333
5821	YPL234C	0.84326
5822	YMR062C	0.84326
5823	YAR035C-A	0.84316
5824	YGL223C	0.84297
5825	YER002W	0.84297
5826	YOR180C	0.84289
5827	YHR177W	0.84287
5828	YBL090W	0.84286
5829	YGL187C	0.84281
5830	YOR202W	0.84279
5831	YPL262W	0.84272
5832	YLL005C	0.84266
5833	YBR221C	0.84256
5834	YCL043C	0.84255
5835	YHR175W-A	0.84254
5836	YPL202C	0.84251
5837	YDL076C	0.84249
5838	YML015C	0.84234
5839	YER179W	0.84233
5840	YNL071W	0.84231
5841	YLR379W-A	0.84231
5842	YDR151C	0.84218
5843	YHR053C	0.8418
5844	YHR055C	0.8418
5845	YKL204W	0.84179
5846	YGR256W	0.84174
5847	YMR232W	0.8417
5848	YOL085C	0.84167
5849	YOR323C	0.84166
5850	YMR315W	0.84157
5851	YJL162C	0.84154
5852	Q0182	0.84152
5853	YML131W	0.8415
5854	YCL064C	0.8414
5855	YML128C	0.84139
5856	YOR161W-B	0.84129
5857	YNL311C	0.84128
5858	YPL269W	0.84111
5859	YGR279C	0.84104
5860	YDR363W-A	0.84104
5861	YHR156C	0.841
5862	YDR540C	0.84099
5863	YDR275W	0.84098
5864	YDR014W	0.84098
5865	YBL064C	0.84097
5866	YDR337W	0.84097
5867	YBR203W	0.84093
5868	YBR269C	0.84082
5869	YIL047C-A	0.84078
5870	YCR065W	0.84077
5871	YAL069W	0.84077
5872	YCL021W	0.84075
5873	YJL028W	0.84067
5874	YEL043W	0.84061
5875	Q0143	0.8406
5876	YER079C-A	0.84057
5877	YOR045W	0.84052
5878	YNR009W	0.84052
5879	YMR105C	0.84051
5880	YOR108W	0.84046
5881	YJL200C	0.84039
5882	YPR197C	0.84034
5883	YNL190W	0.84033
5884	YLR068W	0.8402
5885	YDR227W	0.84019
5886	YCR024C-B	0.84012
5887	YKL085W	0.8401
5888	YIL164C	0.84008
5889	YLR204W	0.83995
5890	YOR008W-B	0.83994
5891	YNL160W	0.83994
5892	YPR165W	0.83992
5893	YDR462W	0.83987
5894	YER181C	0.83985
5895	YJR003C	0.83981
5896	YNR036C	0.83973
5897	YGL035C	0.83968
5898	YPR170W-A	0.83967
5899	YDR544C	0.83967
5900	YPL099C	0.83966
5901	YFR047C	0.83963
5902	YKR078W	0.83961
5903	YCR045W-A	0.83959
5904	YPL014W	0.83958
5905	YPR171W	0.83956
5906	YDR029W	0.83951
5907	YMR116C	0.83949
5908	YGR119C	0.83947
5909	YKL042W	0.83938
5910	YLR142W	0.83936
5911	YLR139C	0.83918
5912	YBL038W	0.83911
5913	YHR152W	0.83908
5914	YLR158C	0.83902
5915	YLR155C	0.83902
5916	YLR160C	0.83902
5917	YLR157C	0.83902
5918	YKR102W	0.83902
5919	YDR267C	0.83894
5920	YKL031W	0.83887
5921	YGL105W	0.8388
5922	YCR083W	0.8388
5923	YPR005C	0.83876
5924	YNL091W	0.83875
5925	YGR173W	0.83875
5926	YER040W	0.83858
5927	YIL144W	0.83848
5928	YLL066W-B	0.83843
5929	YDR439W	0.83832
5930	YNL076W	0.83831
5931	YPL255W	0.83826
5932	YGR035C	0.83819
5933	YDL048C	0.83816
5934	YLL047W	0.83803
5935	YGL023C	0.838
5936	YML081C-A	0.83798
5937	YOR066W	0.83798
5938	YMR086W	0.83792
5939	YLR373C	0.83792
5940	YFR044C	0.83782
5941	YDR223W	0.83769
5942	YKL112W	0.83766
5943	YOR142W	0.83759
5944	YDR158W	0.83755
5945	YFR030W	0.83753
5946	YOR215C	0.83753
5947	YLR172C	0.83752
5948	YLR027C	0.83751
5949	YPL069C	0.83738
5950	YER188C-A	0.83731
5951	YKL092C	0.8373
5952	YEL050C	0.8373
5953	YJL133C-A	0.83718
5954	YDR130C	0.83708
5955	YAL024C	0.83704
5956	YDL127W	0.83701
5957	YHR008C	0.83699
5958	YMR305C	0.83699
5959	YMR179W	0.83699
5960	YOR136W	0.83696
5961	YPR158W	0.83692
5962	YER075C	0.83682
5963	YER067W	0.83681
5964	YNL042W	0.8367
5965	YNL028W	0.8367
5966	YNL037C	0.83664
5967	YIL136W	0.83656
5968	YCR013C	0.83655
5969	YOR382W	0.83644
5970	YOR286W	0.83641
5971	YPL193W	0.8364
5972	YPL173W	0.83637
5973	YDR225W	0.83635
5974	YDL055C	0.83631
5975	YDR016C	0.83629
5976	YER061C	0.83623
5977	YER103W	0.83614
5978	YKL192C	0.83612
5979	YMR160W	0.83602
5980	YPR002C-A	0.836
5981	YAR009C	0.836
5982	YNL070W	0.83595
5983	YDL206W	0.83594
5984	YBL028C	0.83589
5985	YBL054W	0.83589
5986	YBL002W	0.83588
5987	YBL003C	0.83588
5988	YJL133W	0.8358
5989	YBL034C	0.83579
5990	YAL005C	0.83574
5991	YMR108W	0.83573
5992	YLR201C	0.83563
5993	YOR073W	0.83562
5994	YOR190W	0.83559
5995	YGL149W	0.83557
5996	YOR378W	0.83555
5997	YOL007C	0.83555
5998	YFR057W	0.83553
5999	YNL053W	0.83548
6000	YCL017C	0.83544
6001	YKL148C	0.83532
6002	YKR092C	0.83531
6003	YLR445W	0.83522
6004	YIL142W	0.83516
6005	Q0080	0.83516
6006	YJL045W	0.83506
6007	YOR065W	0.83494
6008	YER072W	0.83491
6009	YOR037W	0.83482
6010	YPL013C	0.83478
6011	YIL049W	0.83474
6012	YDR071C	0.83467
6013	YOR231C-A	0.83466
6014	YMR193W	0.83463
6015	YDR239C	0.83449
6016	YDR023W	0.83443
6017	YDL037C	0.83443
6018	YDR022C	0.83429
6019	YPL271W	0.83427
6020	YDR515W	0.83424
6021	YIL146C	0.83423
6022	YLR223C	0.83423
6023	YDR543C	0.8342
6024	YHR183W	0.83409
6025	YMR046W-A	0.83407
6026	YCR053W	0.83402
6027	YKR013W	0.83401
6028	YLR028C	0.83395
6029	YMR204C	0.83395
6030	YJR153W	0.83377
6031	YCL057W	0.83375
6032	YJL181W	0.83365
6033	YJL026W	0.83363
6034	YPL068C	0.83361
6035	YBR046C	0.83356
6036	YOR076C	0.83346
6037	YML109W	0.83346
6038	YOR055W	0.83345
6039	YDR379C-A	0.83345
6040	YLR229C	0.83344
6041	YLR273C	0.83341
6042	YNR050C	0.83335
6043	YCL044C	0.83315
6044	YLR283W	0.83313
6045	YOR208W	0.83312
6046	YGR120C	0.83311
6047	YDR096W	0.83309
6048	YHR079C-A	0.83303
6049	YPR074C	0.8329
6050	YJL213W	0.83279
6051	YIL123W	0.83277
6052	YGL157W	0.83267
6053	YHR014W	0.83267
6054	YMR226C	0.83266
6055	YCR089W	0.83266
6056	YMR230W-A	0.83261
6057	YMR199W	0.83259
6058	YAR066W	0.83255
6059	YHR214W	0.83255
6060	YPL171C	0.83254
6061	YCR028C-A	0.83232
6062	YKL117W	0.83222
6063	YPL180W	0.83206
6064	YNL122C	0.83202
6065	YOL077W-A	0.83199
6066	YAR015W	0.83195
6067	YPL266W	0.83194
6068	YMR118C	0.83185
6069	YER007C-A	0.83184
6070	YHR021C	0.8317
6071	YKL172W	0.83169
6072	YPR033C	0.83167
6073	YBR282W	0.83166
6074	YNL103W	0.8316
6075	YCL027W	0.83154
6076	YOL036W	0.83147
6077	YDL235C	0.83146
6078	YOR147W	0.83145
6079	YJL079C	0.83145
6080	YBR252W	0.83144
6081	YKL068W	0.83135
6082	YBR165W	0.83133
6083	YJL041W	0.83124
6084	YFR055W	0.83122
6085	YLR194C	0.83101
6086	YLR257W	0.83093
6087	YDR406W-A	0.83085
6088	YGR126W	0.83085
6089	YJL051W	0.83084
6090	YOR195W	0.83078
6091	YNL057W	0.83074
6092	YJL158C	0.83073
6093	YHR054C	0.83067
6094	YJL143W	0.83061
6095	YJR056C	0.83042
6096	YER094C	0.83042
6097	YDR234W	0.83037
6098	YLR347W-A	0.83027
6099	YHR193C	0.83017
6100	YBL026W	0.83016
6101	YDR224C	0.83006
6102	YMR326C	0.82985
6103	YNL185C	0.8298
6104	YDR154C	0.82977
6105	YBR047W	0.8297
6106	YJR157W	0.82952
6107	YDR371W	0.82939
6108	YAL065C	0.82926
6109	YGR215W	0.82922
6110	YDR368W	0.82919
6111	YDR446W	0.82917
6112	YGR008C	0.82914
6113	YGR159C	0.82912
6114	YGR240C-A	0.82906
6115	YLL024C	0.82906
6116	YHR087W	0.82904
6117	YMR122W-A	0.82892
6118	YOL161C	0.8289
6119	YML027W	0.82887
6120	YLL056C	0.82887
6121	YGL222C	0.82884
6122	YBR056W-A	0.82879
6123	YNL233W	0.82872
6124	YFL045C	0.82872
6125	YPR046W	0.82868
6126	YBR095C	0.82865
6127	YER132C	0.82858
6128	YML009C-A	0.82858
6129	YDR351W	0.82852
6130	YOR120W	0.82842
6131	YAL047C	0.82831
6132	YHR160C	0.82829
6133	YAL010C	0.82828
6134	YOR247W	0.82808
6135	YGL256W	0.82797
6136	YER088C	0.82778
6137	YPR052C	0.8277
6138	YBR076W	0.82763
6139	YFL039C	0.82762
6140	YCR108C	0.82754
6141	YKL060C	0.82731
6142	YKR065C	0.82717
6143	YJL223C	0.82707
6144	YIL176C	0.82707
6145	YPL070W	0.82688
6146	YLL064C	0.82675
6147	YNR076W	0.82675
6148	YJR083C	0.82675
6149	YDR249C	0.82666
6150	YPL230W	0.82665
6151	YKL202W	0.82658
6152	YNL157W	0.82656
6153	YDL119C	0.82654
6154	YLR327C	0.82647
6155	YGR019W	0.82635
6156	YPL163C	0.82634
6157	YDR381W	0.82633
6158	YLR070C	0.82632
6159	YGL021W	0.82629
6160	YBR085W	0.82626
6161	YHR148W	0.82625
6162	YOR020C	0.82617
6163	YGR113W	0.82609
6164	YLR053C	0.82603
6165	YDR034W-B	0.826
6166	YLR154C-G	0.82593
6167	YDR069C	0.82579
6168	YPR064W	0.82569
6169	YHR018C	0.82564
6170	YEL049W	0.82561
6171	YAL038W	0.82555
6172	YNL338W	0.82549
6173	YKL096W	0.82541
6174	YNL006W	0.82539
6175	YNL097W-A	0.82518
6176	YLR304C	0.82517
6177	YEL021W	0.82511
6178	YNL055C	0.82506
6179	YAL030W	0.82502
6180	YPL146C	0.82502
6181	YNL104C	0.82501
6182	YLR354C	0.82493
6183	YBR045C	0.82491
6184	YOR297C	0.82486
6185	YBR004C	0.8247
6186	YIR030C	0.82466
6187	YDR155C	0.82466
6188	YGL159W	0.82465
6189	YJR139C	0.82461
6190	YPR145C-A	0.82459
6191	YDR542W	0.82459
6192	YMR241W	0.82441
6193	YLR198C	0.8244
6194	YJR007W	0.82425
6195	YGR220C	0.82423
6196	YBR130C	0.82423
6197	YLR147C	0.82418
6198	Q0130	0.82409
6199	YMR317W	0.82401
6200	YDL069C	0.82399
6201	YHL046C	0.82382
6202	YLL018C	0.82382
6203	YBL108C-A	0.82371
6204	YAL068C	0.82371
6205	YGL261C	0.82371
6206	YOR044W	0.8234
6207	YLR461W	0.82339
6208	YOR148C	0.82326
6209	YBR301W	0.8231
6210	YGR294W	0.82308
6211	YFR012W-A	0.823
6212	YHL029C	0.82294
6213	YNR053C	0.82281
6214	YDR184C	0.82278
6215	YLR334C	0.82268
6216	YAL040C	0.82263
6217	YLR042C	0.82263
6218	YPR067W	0.82259
6219	YER155C	0.82251
6220	YOR178C	0.82218
6221	YNL167C	0.82216
6222	YLR338W	0.82205
6223	YBR126W-B	0.82198
6224	YBR268W	0.82188
6225	YGR071C	0.82178
6226	YDR002W	0.82174
6227	YMR255W	0.82169
6228	YBL053W	0.82157
6229	YPL071C	0.82155
6230	YMR120C	0.82144
6231	YLR252W	0.82123
6232	YLR264W	0.8212
6233	YEL045C	0.82106
6234	YDR259C	0.82093
6235	YOR268C	0.82091
6236	YER130C	0.82087
6237	YPL183W-A	0.82084
6238	YMR318C	0.82082
6239	YBR007C	0.82077
6240	YPL033C	0.82074
6241	YOR023C	0.82072
6242	YPR016C	0.82055
6243	YCR104W	0.82037
6244	YPR059C	0.82035
6245	YKL105C	0.82012
6246	YKL218C	0.82011
6247	YJR151C	0.81987
6248	YKL067W	0.81977
6249	YKL163W	0.8195
6250	YNL027W	0.81947
6251	YHR179W	0.81942
6252	YOR327C	0.81933
6253	YKL185W	0.8191
6254	YGR139W	0.81908
6255	YER069W	0.81885
6256	YPL127C	0.81875
6257	YLR394W	0.81871
6258	YDR035W	0.81866
6259	YKR022C	0.81856
6260	YER167W	0.81847
6261	YPR087W	0.81846
6262	YOR161W-A	0.81812
6263	YOR335W-A	0.81804
6264	YNL081C	0.81804
6265	YHR157W	0.818
6266	YPR123C	0.8178
6267	YGR160W	0.81772
6268	YLR295C	0.81752
6269	YFL063W	0.8175
6270	YBR026C	0.81737
6271	YAL037C-B	0.81732
6272	YKL164C	0.81727
6273	YMR135C	0.8172
6274	YDR085C	0.81706
6275	YPL054W	0.81705
6276	YOR031W	0.81693
6277	YDL223C	0.81692
6278	YBR230W-A	0.81687
6279	YPL159C	0.81685
6280	YBR156C	0.81684
6281	YOR184W	0.81667
6282	YOR167C	0.81648
6283	YGR239C	0.81644
6284	YER057C	0.81624
6285	YDL168W	0.81612
6286	YER106W	0.81612
6287	YIR041W	0.81605
6288	YLR279W	0.81598
6289	YBL045C	0.81584
6290	YOR158W	0.81579
6291	YFL012W	0.81575
6292	YDR115W	0.81574
6293	YBR016W	0.81572
6294	YKL056C	0.81564
6295	YCR050C	0.81548
6296	YMR072W	0.81528
6297	YCL018W	0.81485
6298	YMR003W	0.81482
6299	YDR091C	0.81481
6300	YGR221C	0.81479
6301	YDL012C	0.8147
6302	YML091C	0.81454
6303	YNL188W	0.81448
6304	YBR201C-A	0.81443
6305	YHR208W	0.81443
6306	YKL099C	0.81434
6307	YMR325W	0.81433
6308	YMR323W	0.81416
6309	YKL224C	0.81368
6310	YBL030C	0.81362
6311	YHR001W-A	0.81357
6312	YIL111W	0.81342
6313	YBR089C-A	0.81333
6314	YPR166C	0.81324
6315	YHR039C-A	0.81318
6316	YOR393W	0.81315
6317	YPL281C	0.81315
6318	YNL074C	0.81311
6319	YDR454C	0.81307
6320	YKL141W	0.81302
6321	YMR023C	0.81295
6322	YLR331C	0.81289
6323	YHR143W	0.81283
6324	YER178W	0.81279
6325	YDR533C	0.81271
6326	YLR457C	0.8125
6327	YBR009C	0.81242
6328	YNR077C	0.81232
6329	YIL135C	0.81224
6330	YEL033W	0.81193
6331	YIL100C-A	0.81187
6332	YPL267W	0.81179
6333	YIL051C	0.81167
6334	YIL119C	0.81162
6335	YLR163C	0.8116
6336	YGL015C	0.81159
6337	YGR183C	0.81121
6338	YEL034W	0.81088
6339	YAR020C	0.81071
6340	YDR186C	0.81039
6341	YNR044W	0.81022
6342	YHR143W-A	0.8099
6343	YNL135C	0.80982
6344	YFL066C	0.80975
6345	YDL180W	0.80957
6346	YMR230W	0.80952
6347	YNL078W	0.8094
6348	YMR206W	0.80933
6349	YGR022C	0.80913
6350	YMR293C	0.80902
6351	YBR196C	0.80883
6352	YDR210W	0.80861
6353	YKL016C	0.80825
6354	YGR076C	0.80781
6355	YHR217C	0.80773
6356	YER124C	0.80747
6357	YDR322C-A	0.80737
6358	YDL067C	0.80731
6359	YDR374C	0.80719
6360	YLR261C	0.80718
6361	YNL140C	0.80714
6362	YLR037C	0.80699
6363	YPL037C	0.80698
6364	YLR303W	0.80689
6365	YER111C	0.80679
6366	YAL063C	0.80671
6367	YNL067W	0.80669
6368	YIL169C	0.80666
6369	YER091C	0.80659
6370	YLR390W-A	0.80655
6371	YML119W	0.80641
6372	YDR353W	0.80624
6373	YJL147C	0.80621
6374	YHR211W	0.80611
6375	YOR359W	0.80607
6376	YPR008W	0.80605
6377	YDR453C	0.80597
6378	YKR077W	0.8054
6379	YDL208W	0.80536
6380	YCL041C	0.80533
6381	YPL089C	0.80531
6382	YMR002W	0.80527
6383	YJR077C	0.80524
6384	YHR061C	0.80515
6385	YNL052W	0.805
6386	YDR480W	0.80495
6387	YFL034C-A	0.80458
6388	YBR211C	0.8044
6389	YLR438W	0.8041
6390	YBR143C	0.80372
6391	YOR372C	0.80368
6392	YIL148W	0.80358
6393	YKR094C	0.80358
6394	YML112W	0.80353
6395	YNL259C	0.80338
6396	YJL161W	0.80332
6397	YPL124W	0.80314
6398	YIR037W	0.80279
6399	YDR226W	0.802
6400	YDR298C	0.80195
6401	YAL012W	0.80183
6402	YAR050W	0.80175
6403	YFL020C	0.80161
6404	YBL031W	0.80137
6405	YGL191W	0.80129
6406	YLL025W	0.80106
6407	YOR293W	0.80087
6408	YOR105W	0.80085
6409	Q0010	0.8008
6410	YLR355C	0.80074
6411	YBR285W	0.80054
6412	YMR075W	0.80048
6413	YPL121C	0.80016
6414	YKR042W	0.80015
6415	YOR122C	0.80008
6416	YJR047C	0.79995
6417	YBR071W	0.79913
6418	YKL170W	0.79884
6419	YBR249C	0.7987
6420	YCL026C-A	0.7984
6421	YGL128C	0.79825
6422	YKL023C-A	0.79807
6423	YPL078C	0.79805
6424	YDR534C	0.79801
6425	YNL208W	0.79796
6426	YCL028W	0.7979
6427	YPR191W	0.79783
6428	YOR309C	0.79766
6429	YIL011W	0.79763
6430	YOR312C	0.79714
6431	YMR242C	0.79714
6432	YDR032C	0.79711
6433	YGL147C	0.7971
6434	YDR528W	0.79702
6435	YOR279C	0.797
6436	YML053C	0.79679
6437	YEL054C	0.79669
6438	YDR418W	0.79669
6439	YER009W	0.79665
6440	YHR051W	0.79654
6441	YMR260C	0.79617
6442	YPL028W	0.79608
6443	YLR175W	0.79575
6444	YER180C	0.79574
6445	YBR223W-A	0.79569
6446	YNL096C	0.79522
6447	YBR145W	0.79517
6448	YMR174C	0.79504
6449	YLR262C-A	0.79491
6450	YER025W	0.79469
6451	YGR214W	0.79462
6452	YER033C	0.79407
6453	YOL052C-A	0.79352
6454	YKL065W-A	0.7935
6455	YDR070C	0.79314
6456	YJR162C	0.79293
6457	YJR148W	0.79287
6458	YLL050C	0.79277
6459	YOL155C	0.79269
6460	YPR083W	0.79217
6461	YDL004W	0.79199
6462	YLR009W	0.79169
6463	YMR286W	0.79166
6464	YLR359W	0.79161
6465	YPR020W	0.79137
6466	YPR160W-A	0.79136
6467	YPR080W	0.79111
6468	YMR037C	0.79084
6469	YOR315W	0.79057
6470	YGR087C	0.79046
6471	YBR244W	0.79003
6472	Q0255	0.78989
6473	YMR083W	0.78984
6474	YJL159W	0.78966
6475	YDR309C	0.78936
6476	YLR049C	0.78923
6477	YNL176C	0.78893
6478	YNL146W	0.78861
6479	YJL166W	0.7883
6480	YML006C	0.78824
6481	YGL170C	0.78787
6482	YOR248W	0.78781
6483	YPL086C	0.78756
6484	YMR036C	0.78747
6485	YOR010C	0.78738
6486	YKL225W	0.78711
6487	YGR037C	0.787
6488	YJL090C	0.78693
6489	YDR119W-A	0.78688
6490	YJR150C	0.78595
6491	YMR251W-A	0.78556
6492	YPL131W	0.78524
6493	YLR363W-A	0.78514
6494	YMR136W	0.78501
6495	YLR048W	0.78498
6496	YNL244C	0.78466
6497	YER011W	0.78461
6498	YLR395C	0.78403
6499	YLR412C-A	0.78395
6500	Q0092	0.78282
6501	YHR185C	0.78269
6502	YLR134W	0.78183
6503	YDR377W	0.78167
6504	YDR276C	0.7813
6505	YPL066W	0.78114
6506	YJR159W	0.78063
6507	YDL246C	0.78034
6508	YPL229W	0.77957
6509	YLR340W	0.7793
6510	YBR067C	0.77914
6511	YKL109W	0.77839
6512	YKL145W-A	0.77836
6513	YLR388W	0.77828
6514	YER150W	0.77793
6515	YBR010W	0.77792
6516	YDR425W	0.77773
6517	YGR169C-A	0.7777
6518	YIR019C	0.77748
6519	YDL130W-A	0.7772
6520	YPL223C	0.77699
6521	YBL109W	0.77683
6522	YGR023W	0.77672
6523	YJL136C	0.77572
6524	YJL089W	0.77565
6525	YLR150W	0.77547
6526	YAL003W	0.77545
6527	YMR316C-B	0.77545
6528	YNL300W	0.77482
6529	YER032W	0.77459
6530	YMR256C	0.77429
6531	YNR010W	0.77363
6532	YJL189W	0.77268
6533	YBR113W	0.77235
6534	YPL220W	0.77221
6535	YGL135W	0.77221
6536	YDR133C	0.77192
6537	YJL052W	0.77175
6538	YGL123W	0.77108
6539	YNR032C-A	0.77007
6540	YOR096W	0.76988
6541	YMR173W	0.76988
6542	YCL026C-B	0.76982
6543	YOR150W	0.76939
6544	YML003W	0.76917
6545	YAR062W	0.76906
6546	YHR213W	0.76906
6547	YDR447C	0.76887
6548	YOR369C	0.76884
6549	YER079W	0.76812
6550	YOL040C	0.7679
6551	YDL181W	0.76771
6552	YJR005C-A	0.7676
6553	YIL152W	0.76727
6554	YOR298C-A	0.76711
6555	YMR181C	0.7671
6556	YLR044C	0.7667
6557	YML028W	0.7667
6558	YJR009C	0.76539
6559	YOR009W	0.76535
6560	YGL036W	0.76533
6561	YBL081W	0.76528
6562	YFR036W	0.76513
6563	YDL081C	0.76513
6564	YLR109W	0.76508
6565	YLL065W	0.76498
6566	YOL121C	0.76431
6567	YDL061C	0.76427
6568	YGR192C	0.76398
6569	YML024W	0.76373
6570	YCL048W-A	0.76373
6571	YPR065W	0.76306
6572	YBR157C	0.76302
6573	YDL085C-A	0.76238
6574	YGR254W	0.76233
6575	YKR057W	0.76194
6576	YEL032C-A	0.7612
6577	YHR054C-B	0.75983
6578	YHR052C-B	0.75983
6579	YKL096W-A	0.75898
6580	YNL302C	0.75803
6581	YMR303C	0.75756
6582	YKL152C	0.75716
6583	YOL086C	0.75701
6584	YOR383C	0.75665
6585	YEL027W	0.75639
6586	YOR234C	0.7563
6587	YPL143W	0.75588
6588	YPL198W	0.75504
6589	YLL039C	0.75437
6590	YJR104C	0.75388
6591	YBL072C	0.75317
6592	YER102W	0.75317
6593	YDR064W	0.75276
6594	YGL030W	0.75194
6595	YDR450W	0.75156
6596	YML026C	0.75156
6597	YLL045C	0.75113
6598	YOL106W	0.7511
6599	YAL064C-A	0.75033
6600	YMR252C	0.75032
6601	YML063W	0.75028
6602	YDR050C	0.75022
6603	YIL100W	0.74969
6604	YHR174W	0.74911
6605	YLR061W	0.74878
6606	YDR077W	0.74847
6607	YJR123W	0.74598
6608	YDR500C	0.74567
6609	YMR081C	0.74548
6610	YGL076C	0.7449
6611	YCR012W	0.74388
6612	YLR325C	0.74322
6613	YHL033C	0.7418
6614	YGR151C	0.74173
6615	YLR441C	0.7417
6616	YGL029W	0.74017
6617	YBR138C	0.73976
6618	YKR075C	0.73765
6619	YER126C	0.73583
6620	YEL026W	0.73579
6621	YOL109W	0.73544
6622	YAL064W-B	0.73509
6623	YLR075W	0.73384
6624	YDR524C-B	0.73274
6625	YOR053W	0.73116
6626	YPL081W	0.73028
6627	YNL069C	0.72971
6628	YLR367W	0.7289
6629	YGR085C	0.72887
6630	YBR031W	0.72847
6631	YMR175W	0.72664
6632	YDR012W	0.72651
6633	YLR185W	0.72642
6634	YJL190C	0.72623
6635	Q0144	0.72529
6636	YDL130W	0.72468
6637	YFL014W	0.72388
6638	YBR189W	0.72262
6639	YJL191W	0.72201
6640	YPR102C	0.72075
6641	YBR181C	0.71906
6642	YPL090C	0.71906
6643	YGR027C	0.71832
6644	YLR167W	0.71676
6645	Q0140	0.71559
6646	YCR031C	0.71499
6647	YJR094C	0.71439
6648	YLR437C-A	0.71417
6649	YBR048W	0.71338
6650	YDR025W	0.71338
6651	YML073C	0.71311
6652	YLR333C	0.71199
6653	YMR143W	0.71141
6654	YDL083C	0.71141
6655	YLR448W	0.7108
6656	YIL018W	0.70926
6657	YFR031C-A	0.70926
6658	YDR134C	0.70776
6659	YNL162W	0.7066
6660	YHR141C	0.7066
6661	YOL039W	0.70606
6662	YLR043C	0.70497
6663	YNL178W	0.70427
6664	YDL007C-A	0.70384
6665	YGR209C	0.70355
6666	YDL082W	0.70187
6667	YGR146C	0.70065
6668	YDL136W	0.70045
6669	YDL191W	0.70045
6670	YOL127W	0.69566
6671	YML009C	0.69562
6672	YHR203C	0.69553
6673	YJR145C	0.69553
6674	YMR142C	0.6941
6675	YDR193W	0.69231
6676	YIL133C	0.69154
6677	YDL075W	0.69126
6678	YOR182C	0.69047
6679	YLR287C-A	0.69047
6680	YLR406C	0.6873
6681	YOR063W	0.68723
6682	YFR032C-A	0.68619
6683	YDR382W	0.68572
6684	YER117W	0.68413
6685	YBL087C	0.68413
6686	YMR194W	0.68026
6687	YGL031C	0.67709
6688	Q0032	0.67622
6689	YLR110C	0.67418
6690	YPL249C-A	0.6706
6691	YIL046W-A	0.67001
6692	YER074W	0.67
6693	YIL069C	0.67
6694	YDR471W	0.66601
6695	YPL079W	0.66528
6696	YHR010W	0.66524
6697	YMR173W-A	0.66475
6698	YBL027W	0.66343
6699	YBR084C-A	0.66343
6700	YGR148C	0.66236
6701	YBR191W	0.65934
6702	YHL001W	0.65566
6703	YKL006W	0.65454
6704	YIL052C	0.64996
6705	YER056C-A	0.64651
6706	YPR132W	0.64349
6707	YGR118W	0.64349
6708	YPR043W	0.63885
6709	YJR094W-A	0.63885
6710	YGL103W	0.63528
6711	YJL177W	0.63107
6712	YOL120C	0.63014
6713	YNL301C	0.63014
6714	YKL180W	0.62548
6715	YGL189C	0.62076
6716	YER131W	0.62002
6717	YHR214W-A	0.61473
6718	YDR433W	0.61437
6719	YLR344W	0.6126
6720	YAR068W	0.61202
6721	YGR034W	0.60967
6722	YBL092W	0.59918
6723	YLR029C	0.58573
6724	YMR121C	0.58537
6725	YML009W-B	0.56779
6726	YDL184C	0.44
6727	YDL133C-A	0.44
6728	YMR106W-A	0.32444
6729	YFR035W-A	0.32444
6730	YNL040C-A	0.32444
6731	YDL204W-A	0.32444
6732	YGR016C-A	0.32444
6733	YNL155C-A	0.32444
