rank	yeast_gene	cosine
1	YBR241C	0.93819
2	YDL137W	0.9226
3	YJL108C	0.92222
4	YBR164C	0.92197
5	YPL203W	0.92166
6	YPR183W	0.92093
7	YHR094C	0.92063
8	YMR034C	0.91995
9	YPL218W	0.91972
10	YDR345C	0.9196
11	YDL128W	0.91881
12	YJL214W	0.91758
13	YIL170W	0.91756
14	YDL192W	0.91717
15	YHR092C	0.91711
16	YER119C	0.91652
17	YMR011W	0.91649
18	YFL011W	0.9162
19	YLR081W	0.91598
20	YFL055W	0.91593
21	YJL164C	0.91537
22	YHL047C	0.91514
23	YML018C	0.91505
24	YDL006W	0.91495
25	YPL264C	0.91482
26	YER039C	0.91479
27	YDL047W	0.91473
28	YOL156W	0.91335
29	YDR342C	0.91253
30	YNR072W	0.91252
31	YDL245C	0.91245
32	YER133W	0.9124
33	YHR096C	0.9124
34	YJL219W	0.91239
35	YDR343C	0.91221
36	YJR158W	0.91193
37	YEL069C	0.91116
38	YKR059W	0.911
39	YDL134C	0.91078
40	YHL040C	0.91076
41	YGL225W	0.91017
42	YLL028W	0.90995
43	YOR257W	0.90995
44	YDR040C	0.90991
45	YOR094W	0.90976
46	YIL121W	0.90935
47	YPL031C	0.90929
48	YKL190W	0.90894
49	YFL038C	0.90841
50	YOR378W	0.90836
51	YDR536W	0.90813
52	YNL268W	0.90787
53	YDR039C	0.90774
54	YLR229C	0.90773
55	YKR039W	0.90748
56	YBR187W	0.90747
57	YNL090W	0.90735
58	YNL270C	0.90723
59	YDR373W	0.90687
60	YOL075C	0.90676
61	YCL025C	0.90671
62	YBR160W	0.90665
63	YPR192W	0.90648
64	YEL063C	0.90639
65	YDR038C	0.90634
66	YDR196C	0.90581
67	YKL024C	0.90578
68	YPR165W	0.90561
69	YDR075W	0.90541
70	YDL108W	0.9053
71	YNR055C	0.90517
72	YLR113W	0.90474
73	YPL246C	0.90465
74	YPR113W	0.90433
75	YGL256W	0.90429
76	YJL167W	0.90424
77	YGR138C	0.90403
78	YNL189W	0.90365
79	YGL167C	0.90347
80	YGR191W	0.90321
81	YER125W	0.90314
82	YJR124C	0.90304
83	YGR281W	0.90282
84	YMR015C	0.90279
85	YOR089C	0.9024
86	YER060W-A	0.90238
87	YFL039C	0.90232
88	YBR008C	0.90228
89	YGR055W	0.90209
90	YOR348C	0.90206
91	YKL166C	0.90206
92	YDR021W	0.9011
93	YER060W	0.90105
94	YGL255W	0.9009
95	YHR030C	0.90047
96	YDR046C	0.90038
97	YLR034C	0.89995
98	YBL016W	0.89993
99	YMR079W	0.89991
100	YER020W	0.89944
101	YMR109W	0.89939
102	YMR279C	0.89924
103	YPL234C	0.89924
104	YDR135C	0.89911
105	YDL188C	0.89901
106	YOL158C	0.89886
107	YPL058C	0.89874
108	YPR138C	0.89863
109	YPL036W	0.89862
110	YEL064C	0.89852
111	YCR098C	0.8984
112	YER056C	0.89829
113	YGL008C	0.89827
114	YIL120W	0.89804
115	YMR292W	0.89793
116	YER026C	0.89783
117	YNL290W	0.89767
118	YAL026C	0.8976
119	YDR497C	0.89755
120	YBR082C	0.89688
121	YLR347C	0.89667
122	YGR105W	0.8961
123	YLR466W	0.89609
124	YDR508C	0.89597
125	YGR123C	0.89585
126	YOR161C	0.89575
127	YGR040W	0.89565
128	YLR234W	0.89554
129	YKR105C	0.89541
130	YER072W	0.89515
131	YHL016C	0.8951
132	YJL196C	0.89494
133	YHR032W	0.89447
134	YMR246W	0.8944
135	YOL103W	0.89438
136	YPL051W	0.89413
137	YER185W	0.894
138	YOL162W	0.89399
139	YER009W	0.89397
140	YGR224W	0.89383
141	YKL146W	0.89371
142	YLL053C	0.89367
143	YML123C	0.89357
144	YDR456W	0.89351
145	YMR290C	0.89341
146	YPR182W	0.89331
147	YBL112C	0.89288
148	YHR218W-A	0.89288
149	YNL112W	0.89287
150	YHL003C	0.89281
151	YOR273C	0.8927
152	YBR243C	0.89256
153	YPL244C	0.89249
154	YNL093W	0.89219
155	YNL142W	0.8921
156	YPR204W	0.89206
157	YER031C	0.89197
158	YDR406W	0.89192
159	YEL077C	0.89182
160	YOR317W	0.89178
161	YHR128W	0.8915
162	YOL122C	0.89145
163	YLR130C	0.89121
164	YNR002C	0.89116
165	YGR218W	0.89113
166	YGL210W	0.89109
167	YDR011W	0.89079
168	YDR092W	0.89071
169	YBR109C	0.89062
170	YGR060W	0.89042
171	YOR204W	0.89039
172	YPR156C	0.89038
173	YDR519W	0.89037
174	YBR296C	0.8903
175	YGL001C	0.89022
176	YNL010W	0.8902
177	YLL060C	0.89019
178	YOR153W	0.89001
179	YDL126C	0.88988
180	YOR197W	0.88984
181	YPL274W	0.8898
182	YGR121C	0.88974
183	YDR404C	0.88959
184	YNR070W	0.88951
185	YER019W	0.88941
186	YOR381W	0.8893
187	YEL065W	0.88924
188	YDR059C	0.88923
189	YDL166C	0.88919
190	YML012W	0.88913
191	YCR010C	0.88893
192	YER190W	0.8889
193	YDL100C	0.88877
194	YGR152C	0.8887
195	YGR282C	0.88867
196	YKR002W	0.88857
197	YHR110W	0.88806
198	YML001W	0.88791
199	YBR068C	0.8879
200	YNL098C	0.88788
201	YHR007C	0.88771
202	YEL031W	0.88769
203	YGR208W	0.88755
204	YCR028C	0.88748
205	YGR213C	0.88737
206	YHR050W	0.88736
207	YJR152W	0.88731
208	YCL073C	0.88727
209	YAR002C-A	0.88707
210	YFL005W	0.88703
211	YBR261C	0.88682
212	YLR397C	0.88681
213	YJR058C	0.88681
214	YLR438C-A	0.88676
215	YDR155C	0.88663
216	YLR170C	0.8866
217	YCL069W	0.88655
218	YKL218C	0.88654
219	YKR106W	0.88652
220	YER090W	0.8865
221	YLL061W	0.8864
222	YER089C	0.88639
223	YML116W	0.88635
224	YKL129C	0.88632
225	YNL288W	0.88627
226	YDR384C	0.88624
227	YOL038W	0.88605
228	YPR051W	0.88588
229	YGL087C	0.88586
230	YDR090C	0.88573
231	YCR009C	0.8857
232	YLR237W	0.88569
233	YPL119C	0.88562
234	YJL001W	0.88558
235	YOR380W	0.88551
236	YOR046C	0.88544
237	YGL058W	0.88524
238	YOL094C	0.88513
239	YGL120C	0.88511
240	YPL265W	0.88495
241	YER166W	0.88489
242	YNR032W	0.88479
243	YKR093W	0.88477
244	YBR080C	0.88473
245	YIR028W	0.88464
246	YDL160C	0.88463
247	YDL210W	0.88456
248	YKR053C	0.8845
249	YNL275W	0.88448
250	YDL097C	0.88439
251	YDR185C	0.88438
252	Q0130	0.88428
253	YEL046C	0.88425
254	YIL009W	0.88409
255	YBR298C	0.88393
256	YPL061W	0.88384
257	YDL029W	0.88367
258	YLR193C	0.88366
259	YGR260W	0.88364
260	YMR222C	0.88336
261	YJL014W	0.88289
262	YJR001W	0.88288
263	YHR057C	0.88279
264	YGL012W	0.88256
265	YKL033W-A	0.88252
266	YBR043C	0.88249
267	YGL200C	0.88244
268	YKL104C	0.8823
269	YMR071C	0.88222
270	YHR026W	0.88191
271	YOL021C	0.88186
272	YPR173C	0.88178
273	YPR145W	0.88178
274	YBL075C	0.88155
275	YOR328W	0.88145
276	YOR192C	0.88144
277	YDR328C	0.8814
278	YIL088C	0.88132
279	YAL020C	0.88128
280	YMR056C	0.88124
281	YER081W	0.88106
282	YAL023C	0.88105
283	YGR252W	0.88093
284	YBR287W	0.8808
285	YMR221C	0.88072
286	YHR106W	0.88068
287	YOR131C	0.88068
288	YJR015W	0.88068
289	YLL067C	0.88067
290	YDL164C	0.88065
291	YER171W	0.88065
292	YOL002C	0.8806
293	YFL026W	0.88059
294	YDL244W	0.88046
295	YGR065C	0.88044
296	YIR036C	0.88039
297	YPL275W	0.88034
298	YOR270C	0.88034
299	YER145C	0.88031
300	YJR065C	0.8803
301	YBR126C	0.88023
302	YPL266W	0.88023
303	YER023W	0.88021
304	YOR061W	0.88012
305	YGL054C	0.88004
306	YGL253W	0.88003
307	YJR156C	0.87997
308	YPR069C	0.87994
309	YKL046C	0.87993
310	YBL102W	0.87989
311	YDR375C	0.87985
312	YFL058W	0.8798
313	YNR060W	0.87975
314	YOR388C	0.87972
315	YHR200W	0.87957
316	YML022W	0.87951
317	YLR092W	0.87951
318	YER099C	0.87951
319	YKL196C	0.87941
320	YJR073C	0.87939
321	YGL047W	0.87937
322	YNL332W	0.87913
323	YIL177C	0.87912
324	YDL084W	0.87904
325	YLR168C	0.87902
326	YHR048W	0.87899
327	YDL125C	0.87898
328	YHR018C	0.87891
329	YJL225C	0.87887
330	YOR071C	0.87883
331	YNL274C	0.87883
332	YJL094C	0.87882
333	YMR243C	0.87876
334	YDR438W	0.87874
335	YNL130C	0.87873
336	YHR070W	0.8787
337	YGR124W	0.87864
338	YDR341C	0.87862
339	YLR058C	0.87838
340	YER052C	0.87834
341	YDL230W	0.87833
342	YKL220C	0.8783
343	YHR175W	0.87826
344	YMR300C	0.87825
345	YNL095C	0.87823
346	YOR185C	0.87812
347	YJL213W	0.87803
348	YOR126C	0.87783
349	YDR297W	0.87776
350	YGR248W	0.87768
351	YDL001W	0.87767
352	YDR129C	0.87766
353	YPL154C	0.87757
354	YIL116W	0.87757
355	YGL002W	0.87753
356	YDR099W	0.87743
357	YNL209W	0.87737
358	YPL259C	0.87735
359	YER177W	0.87729
360	YNL307C	0.87721
361	YIL118W	0.8772
362	YJL050W	0.87706
363	YJL134W	0.87687
364	YHR218W	0.87677
365	YBR019C	0.8767
366	YGR231C	0.87665
367	YHR123W	0.87664
368	YEL058W	0.8766
369	YLR467W	0.87657
370	YDR545W	0.87657
371	YOR396W	0.87657
372	YOR157C	0.87652
373	YHR005C	0.8765
374	YJL212C	0.8764
375	YBL042C	0.87635
376	YPL175W	0.87627
377	YDL052C	0.8762
378	YGL186C	0.87612
379	YLR251W	0.87609
380	YJR112W-A	0.87602
381	YNL044W	0.87596
382	YJR068W	0.87592
383	YAL061W	0.87587
384	YOL030W	0.87584
385	YDL229W	0.87571
386	YDR084C	0.8757
387	YLR004C	0.87563
388	YBR294W	0.87561
389	YOL163W	0.87558
390	YLR348C	0.87557
391	YDR270W	0.8755
392	YLL055W	0.87548
393	YER012W	0.87547
394	YBR034C	0.87545
395	YNL125C	0.87536
396	YBL026W	0.8753
397	YHR132C	0.87528
398	YKL217W	0.87513
399	YDL022W	0.87509
400	YJR105W	0.87509
401	YFL017W-A	0.87506
402	YIL048W	0.87499
403	YJR095W	0.87478
404	YDL222C	0.87472
405	YDL064W	0.87466
406	YOR084W	0.8746
407	YKL094W	0.87456
408	YLL066C	0.87454
409	YAL005C	0.8745
410	YHR163W	0.87445
411	YJL034W	0.87434
412	YPL092W	0.87428
413	YPL017C	0.87428
414	YDR424C	0.87424
415	YCR059C	0.8742
416	YDL055C	0.87417
417	YBR021W	0.87416
418	YIR022W	0.87413
419	YIL003W	0.87411
420	YOR326W	0.87403
421	YML124C	0.87402
422	YOR092W	0.87401
423	YHL036W	0.8739
424	YLL050C	0.87388
425	YCL074W	0.87384
426	YHL050C	0.8737
427	YJR160C	0.8736
428	YNL339C	0.8736
429	YFR018C	0.87359
430	YML133C	0.87353
431	YOR362C	0.87352
432	YOR347C	0.87352
433	YPL283C	0.87352
434	YGR296W	0.87347
435	YMR138W	0.87343
436	YBR169C	0.87332
437	YGL077C	0.87332
438	YMR271C	0.8733
439	YGR289C	0.87315
440	YGR197C	0.87313
441	YHR135C	0.87296
442	YLR268W	0.8729
443	YNL024C	0.87277
444	YOL132W	0.87273
445	YMR058W	0.87266
446	YCR048W	0.87253
447	YGL006W	0.87249
448	YLL063C	0.87244
449	YLR293C	0.87242
450	YOL137W	0.87237
451	YFR053C	0.87235
452	YOR283W	0.87232
453	YBL068W	0.8722
454	YML085C	0.87211
455	YPR194C	0.87206
456	YBR235W	0.87205
457	YPL006W	0.87199
458	YDR541C	0.87185
459	YOL084W	0.87178
460	YML102W	0.87168
461	YMR080C	0.87163
462	YBR159W	0.87163
463	YBR222C	0.87159
464	YHL011C	0.87154
465	YOL092W	0.87153
466	YDL168W	0.87152
467	YAL060W	0.87151
468	YFL045C	0.87151
469	YMR238W	0.87132
470	YAL054C	0.87124
471	YBL089W	0.87124
472	YMR301C	0.87121
473	YNL202W	0.87116
474	YGR175C	0.87113
475	YEL027W	0.87112
476	YER086W	0.87105
477	YDR394W	0.87101
478	YER036C	0.87101
479	YDR353W	0.8709
480	YLL024C	0.87086
481	YBR069C	0.87086
482	YBR085W	0.87081
483	YLR126C	0.87076
484	YML057W	0.87075
485	YER062C	0.87065
486	YCL040W	0.8706
487	YKR080W	0.87058
488	YOL151W	0.87053
489	YIL124W	0.87053
490	YPL046C	0.87051
491	YBR038W	0.87049
492	YKL216W	0.87047
493	YER110C	0.87043
494	YFL066C	0.87042
495	YER103W	0.87038
496	YBL113C	0.87032
497	YER057C	0.8703
498	YBL036C	0.87028
499	YAR007C	0.87016
500	YGL011C	0.87016
501	YLR216C	0.87011
502	YJR049C	0.87011
503	YJL055W	0.86997
504	YBR295W	0.8699
505	YGR132C	0.86987
506	YBR088C	0.86985
507	YJR116W	0.86983
508	YLR011W	0.86979
509	YDR402C	0.86979
510	YBR132C	0.86975
511	YER143W	0.86973
512	YML069W	0.86973
513	YEL030W	0.86972
514	YLR303W	0.86967
515	YER094C	0.86965
516	YER159C	0.86951
517	YNL135C	0.86951
518	YFL056C	0.8695
519	YER004W	0.8695
520	YIL053W	0.86947
521	YPR103W	0.86946
522	YGL234W	0.86938
523	YDR177W	0.86929
524	YMR226C	0.86927
525	YDR272W	0.86916
526	YDR304C	0.86916
527	YJL198W	0.86905
528	YEL066W	0.86905
529	YIL043C	0.86904
530	YCR011C	0.86902
531	YBL041W	0.86892
532	YDR093W	0.8689
533	YOR339C	0.8688
534	YLR213C	0.86877
535	YDR294C	0.86871
536	YNL330C	0.8687
537	YMR308C	0.86867
538	YBL030C	0.86866
539	YKL078W	0.86861
540	YFL017C	0.86852
541	YOR321W	0.8684
542	YAL049C	0.86839
543	YIL109C	0.86834
544	YCR047C	0.8682
545	YMR278W	0.86815
546	YOR087W	0.86811
547	YBR264C	0.86806
548	YDR454C	0.86787
549	YKR026C	0.86782
550	YNL065W	0.86777
551	YLR147C	0.86777
552	YCR075C	0.86774
553	YGL091C	0.8677
554	YCR027C	0.86768
555	YDL144C	0.86765
556	YJR143C	0.86759
557	YNL006W	0.86754
558	YOR306C	0.86754
559	YOR236W	0.86753
560	YNR057C	0.86749
561	YIL001W	0.86747
562	YPL106C	0.86747
563	YMR202W	0.86747
564	YNL113W	0.86745
565	YIR042C	0.8674
566	YJL121C	0.86735
567	YHR065C	0.86731
568	YDL247W	0.8672
569	YDR074W	0.86717
570	YIL074C	0.86716
571	YOL020W	0.86711
572	YOR013W	0.86706
573	YDR411C	0.86705
574	YPL221W	0.86704
575	YDL102W	0.86702
576	YBR265W	0.86695
577	YKL145W	0.86691
578	YOR117W	0.86682
579	YML106W	0.8668
580	YDR062W	0.86675
581	YDR516C	0.86669
582	YOR122C	0.86667
583	YLL026W	0.86661
584	YFR014C	0.86654
585	YBR154C	0.86653
586	YOR011W	0.8665
587	YJL026W	0.86642
588	YFR009W	0.86638
589	YNL237W	0.86637
590	YDR139C	0.86636
591	YGL039W	0.86634
592	YDL057W	0.8663
593	YEL011W	0.86629
594	YLR005W	0.86611
595	YMR266W	0.86611
596	YPR011C	0.8661
597	YOR101W	0.86604
598	YIL162W	0.86601
599	YHR043C	0.86591
600	YBL082C	0.86586
601	YOR187W	0.86586
602	YHR047C	0.86582
603	YDL236W	0.86578
604	YGL063W	0.86572
605	YML021C	0.86559
606	YBL111C	0.86559
607	YBL050W	0.86555
608	YJR153W	0.86551
609	YER148W	0.86541
610	YDR033W	0.86518
611	YER003C	0.86516
612	YPL276W	0.86512
613	YOL090W	0.865
614	YBR029C	0.86496
615	YNL323W	0.8649
616	YGR211W	0.86486
617	YCR061W	0.86471
618	YIL064W	0.86468
619	YDL086W	0.86465
620	YBR256C	0.86464
621	YER015W	0.86461
622	YJL024C	0.86458
623	YHR044C	0.86457
624	YGR253C	0.86452
625	YLR188W	0.86427
626	YBR180W	0.86421
627	YOL065C	0.86419
628	YBL024W	0.86414
629	YJL218W	0.86414
630	YGR163W	0.86405
631	YNL014W	0.86405
632	YAL038W	0.86402
633	YOL119C	0.86401
634	YDL182W	0.86396
635	YMR183C	0.86394
636	YDR226W	0.86385
637	YPL199C	0.86383
638	YML038C	0.86379
639	YKL157W	0.86372
640	YFL041W	0.8637
641	YEL013W	0.86367
642	YBR020W	0.86366
643	YDL131W	0.86366
644	YLR152C	0.86364
645	YKL127W	0.86363
646	YJR045C	0.86362
647	YIL143C	0.86361
648	YCR034W	0.8636
649	YAR035W	0.86358
650	YKR014C	0.86354
651	YLR153C	0.86342
652	YOL055C	0.8634
653	YER055C	0.86339
654	YJL143W	0.86329
655	Q0085	0.86324
656	YGR267C	0.86311
657	YGR185C	0.86306
658	YBR220C	0.86306
659	YBR006W	0.863
660	YGL048C	0.86298
661	YNR064C	0.86297
662	YBR114W	0.86297
663	YBR106W	0.86297
664	YMR022W	0.86292
665	YDR540C	0.86282
666	YIL020C	0.86277
667	YLR241W	0.86265
668	YER107C	0.86263
669	YDR091C	0.86262
670	YDL103C	0.86262
671	YGR210C	0.8625
672	YJR017C	0.8625
673	YJL035C	0.8625
674	YKL008C	0.86241
675	YDR238C	0.86236
676	YDL095W	0.86235
677	YMR205C	0.86234
678	YMR307W	0.86222
679	YLR046C	0.86221
680	YAL067C	0.86218
681	YLR243W	0.86217
682	YPL010W	0.86217
683	YCR020C-A	0.86214
684	YNR073C	0.86212
685	YEL070W	0.86212
686	YHR025W	0.86207
687	YPR003C	0.86207
688	YLR245C	0.86204
689	YHR063C	0.86203
690	YMR095C	0.86202
691	YLR137W	0.86201
692	YFL037W	0.86201
693	YJL030W	0.86191
694	YNL154C	0.86184
695	YKL039W	0.86175
696	YNL264C	0.86175
697	YNR048W	0.86166
698	YNL281W	0.86161
699	YOR323C	0.86156
700	YNL123W	0.8615
701	YGL157W	0.86143
702	YKL001C	0.86142
703	YER073W	0.86129
704	YDR140W	0.86118
705	YBL071W-A	0.86116
706	YBL021C	0.86112
707	YNR003C	0.8611
708	YJR074W	0.86108
709	YER165W	0.86107
710	YPR052C	0.86105
711	YOR316C	0.86105
712	YPL169C	0.861
713	YEL041W	0.86099
714	YLR059C	0.86096
715	YLR433C	0.86091
716	YKL211C	0.8609
717	YEL038W	0.86087
718	YLR262C	0.86071
719	YPL204W	0.8607
720	YMR178W	0.86068
721	YGR028W	0.86054
722	YLR411W	0.86054
723	YOR384W	0.86053
724	YOR246C	0.86049
725	YLR121C	0.86036
726	YPR028W	0.86034
727	YDR120C	0.86034
728	YCR073W-A	0.86032
729	YLR220W	0.86032
730	YDL018C	0.86025
731	YPL245W	0.86023
732	YBR263W	0.86021
733	YIR035C	0.86008
734	YKL184W	0.86
735	YGR203W	0.85996
736	YOL143C	0.85989
737	YDL243C	0.85983
738	YMR253C	0.85981
739	YMR008C	0.8598
740	YMR108W	0.8598
741	YLR438W	0.85978
742	YLR249W	0.85966
743	YNL241C	0.85955
744	YPL206C	0.85955
745	YBR137W	0.8595
746	YIL160C	0.85946
747	YHR190W	0.85942
748	YML078W	0.85929
749	YIL078W	0.85929
750	YIL166C	0.85928
751	YNL072W	0.85927
752	YMR210W	0.85919
753	YPL232W	0.85899
754	YDR397C	0.85891
755	YHR169W	0.85889
756	YMR146C	0.85889
757	YCR023C	0.85888
758	YMR084W	0.85886
759	YNL021W	0.85885
760	YMR203W	0.85883
761	YPL283W-A	0.85872
762	YGR296C-A	0.85872
763	YNL339W-A	0.85872
764	YER190C-A	0.85872
765	YML133W-A	0.85872
766	YPL111W	0.85872
767	YIR026C	0.85868
768	YIL155C	0.85862
769	YGL163C	0.85852
770	YHR013C	0.85851
771	YOL139C	0.85846
772	YJR025C	0.85843
773	YER053C	0.85843
774	YGL100W	0.85842
775	YMR197C	0.85841
776	YHR042W	0.85841
777	YPR193C	0.85837
778	YPL015C	0.85831
779	YPR121W	0.85827
780	YOR128C	0.85825
781	YGL139W	0.85824
782	YCL017C	0.85824
783	YBR210W	0.85823
784	YGL070C	0.85823
785	YGL221C	0.85822
786	YER174C	0.8582
787	YMR297W	0.85817
788	YKR051W	0.85817
789	YGR100W	0.85817
790	YLL029W	0.85816
791	YJL216C	0.85805
792	YAL016W	0.85801
793	YLR157C	0.85797
794	YLR158C	0.85797
795	YLR160C	0.85797
796	YLR155C	0.85797
797	YDR280W	0.85797
798	YDR388W	0.85795
799	YDR063W	0.85791
800	YHR019C	0.8579
801	YPR035W	0.85788
802	YFL060C	0.85788
803	YDR492W	0.85782
804	YGL119W	0.85781
805	YGL097W	0.85779
806	YGR031W	0.85762
807	YNL334C	0.85754
808	YBR218C	0.85739
809	YJL012C	0.85737
810	YOL066C	0.85736
811	YFR015C	0.85735
812	YPL258C	0.85727
813	YBR252W	0.85725
814	YKL128C	0.85725
815	YOL073C	0.85721
816	YDR111C	0.85719
817	YEL021W	0.85708
818	YGL062W	0.85699
819	YJR148W	0.8569
820	YNR013C	0.8569
821	YBR035C	0.85687
822	YHR129C	0.85685
823	YGL106W	0.85685
824	YPR180W	0.85681
825	YOR224C	0.85679
826	YBL078C	0.85678
827	YPR062W	0.85676
828	YMR105C	0.85671
829	YHR208W	0.8566
830	YHR144C	0.85655
831	YNR043W	0.85655
832	YLR258W	0.85652
833	YDR258C	0.8565
834	YMR169C	0.85641
835	YDR408C	0.8564
836	YLR209C	0.85632
837	YJR096W	0.85626
838	YJR069C	0.85619
839	YLL056C	0.85619
840	YFR031C	0.85607
841	YDR047W	0.85607
842	YDL046W	0.85605
843	YLR027C	0.85603
844	YLR060W	0.85594
845	YDL201W	0.85592
846	YKL107W	0.85588
847	YOR292C	0.85584
848	YOR159C	0.8558
849	Q0045	0.8558
850	YBR183W	0.85576
851	YEL040W	0.85574
852	YNR019W	0.8557
853	YPR181C	0.8557
854	YLR146C	0.85565
855	YMR054W	0.85556
856	YDL007W	0.85555
857	YFR044C	0.85546
858	YGR172C	0.85533
859	YNR034W	0.85531
860	YHR107C	0.8553
861	YPL129W	0.85528
862	YOR049C	0.85528
863	YGL130W	0.85524
864	YLR277C	0.8552
865	YGR007W	0.8551
866	YGL017W	0.85507
867	YGL252C	0.85506
868	YAL022C	0.85505
869	YOR259C	0.85505
870	YER175C	0.85503
871	YGL115W	0.85501
872	YDR510W	0.85501
873	YLR244C	0.85499
874	YJR131W	0.85494
875	YOL147C	0.85489
876	YBR221C	0.85486
877	YCL035C	0.85473
878	YHR074W	0.8547
879	YBL057C	0.85469
880	YBR145W	0.85468
881	YHL017W	0.85463
882	YDL212W	0.85461
883	YGR043C	0.85459
884	YOR079C	0.85458
885	YML008C	0.85453
886	YMR215W	0.85451
887	YBL040C	0.85444
888	YOR222W	0.85443
889	YER178W	0.85436
890	YGR256W	0.85424
891	YDR352W	0.85423
892	YIL065C	0.85422
893	YNR041C	0.85418
894	YMR027W	0.85402
895	YDR002W	0.85395
896	YDR321W	0.85385
897	YOR040W	0.85378
898	YNL280C	0.85375
899	YKL210W	0.85375
900	YJL145W	0.85366
901	YKL004W	0.85354
902	YGL220W	0.85342
903	YDR291W	0.8534
904	YPR082C	0.85337
905	YJL060W	0.85334
906	YLR291C	0.85334
907	YBR153W	0.85325
908	YDR007W	0.85323
909	YJR117W	0.85321
910	YBR054W	0.8532
911	YNL277W	0.85315
912	YAL042W	0.85311
913	YDR098C	0.85309
914	YPR128C	0.85309
915	YDR300C	0.85306
916	YPL028W	0.85303
917	YDR100W	0.853
918	YER152C	0.85298
919	YGR279C	0.85298
920	YIL013C	0.85295
921	YML080W	0.85292
922	YJR040W	0.85291
923	YNL111C	0.8529
924	YBL105C	0.85287
925	YNL331C	0.85283
926	YGR135W	0.85282
927	YCL009C	0.85279
928	YOL097C	0.85277
929	YPR149W	0.85273
930	YLR069C	0.85271
931	YLR326W	0.8527
932	YJR132W	0.85263
933	YBR242W	0.85259
934	YCR068W	0.85258
935	YLR208W	0.85257
936	YOR027W	0.85257
937	YKL120W	0.85252
938	YHR111W	0.85252
939	YML014W	0.8525
940	YMR305C	0.85244
941	YKR038C	0.85243
942	YNL191W	0.85242
943	YMR318C	0.85242
944	YDR001C	0.85241
945	YMR315W	0.85238
946	YJL171C	0.85228
947	YJL155C	0.8522
948	YLR214W	0.85219
949	YDL124W	0.85217
950	Q0275	0.85215
951	YBR286W	0.85214
952	YDL132W	0.85214
953	YDR465C	0.85213
954	YMR272C	0.85211
955	YPR016C	0.85211
956	YAL053W	0.8521
957	YLR351C	0.85208
958	YLR017W	0.85202
959	YJR013W	0.85198
960	YDR339C	0.85192
961	YPR131C	0.85192
962	YMR235C	0.8518
963	YIL145C	0.85174
964	YNL222W	0.85172
965	YBL091C-A	0.85168
966	YPL094C	0.85165
967	YKR043C	0.85162
968	YMR288W	0.85159
969	YDR214W	0.85155
970	YNL108C	0.85155
971	YPL226W	0.85147
972	YKR104W	0.85145
973	YNR050C	0.85144
974	YJR077C	0.85141
975	YAR073W	0.85135
976	YGL010W	0.85126
977	YKR068C	0.85125
978	YJR129C	0.85124
979	YNL312W	0.85118
980	YHR183W	0.85116
981	YLR195C	0.85115
982	YER017C	0.85113
983	YOL124C	0.8511
984	YLR372W	0.85109
985	YGL026C	0.85104
986	YGL104C	0.85101
987	YGR180C	0.85101
988	YCR017C	0.85091
989	YMR224C	0.85089
990	YBR078W	0.85086
991	YPR088C	0.85084
992	YOL133W	0.85083
993	YGR234W	0.85081
994	YJR010C-A	0.85077
995	YFR028C	0.85073
996	YMR170C	0.85068
997	YMR276W	0.85066
998	YOR103C	0.85066
999	YMR113W	0.85059
1000	YGR286C	0.85058
1001	YLR426W	0.85054
1002	YBR291C	0.8505
1003	YIL114C	0.85045
1004	YMR236W	0.85044
1005	YML079W	0.85042
1006	YJL111W	0.85038
1007	YER183C	0.85037
1008	YGL201C	0.85032
1009	YEL051W	0.85031
1010	YBR202W	0.8503
1011	YMR285C	0.8503
1012	YLL023C	0.85025
1013	YOR095C	0.85004
1014	YGR131W	0.84999
1015	YIL035C	0.84996
1016	YJL208C	0.84995
1017	YNL231C	0.84995
1018	YBR089C-A	0.84993
1019	YBR115C	0.84992
1020	YLR307W	0.84985
1021	YAL007C	0.84975
1022	YCL010C	0.84973
1023	YNL200C	0.84972
1024	YCR021C	0.84972
1025	YDL155W	0.84955
1026	YML094W	0.84954
1027	YML125C	0.84945
1028	YFL067W	0.84941
1029	YLR118C	0.84929
1030	YPR033C	0.84928
1031	YBR139W	0.84928
1032	YNL305C	0.84925
1033	YOL112W	0.8492
1034	YOL125W	0.849
1035	YML068W	0.849
1036	YIR037W	0.84898
1037	YHR142W	0.84895
1038	YGL078C	0.84888
1039	YMR241W	0.84888
1040	YHR112C	0.84885
1041	YFL018C	0.84882
1042	YPL067C	0.84878
1043	YKL221W	0.84875
1044	YDR158W	0.84872
1045	YOL034W	0.84862
1046	YPR081C	0.84851
1047	YOL016C	0.84844
1048	YNL255C	0.84843
1049	YDR232W	0.84842
1050	YGL126W	0.84841
1051	YNR011C	0.84839
1052	YDR448W	0.84839
1053	YDL174C	0.84836
1054	YPL091W	0.84833
1055	YFR051C	0.84832
1056	YDL138W	0.84829
1057	YNR071C	0.84823
1058	YNR027W	0.8482
1059	YPR024W	0.84809
1060	YDR037W	0.84799
1061	YGL022W	0.84798
1062	YPL113C	0.84798
1063	YCR057C	0.84793
1064	YFL053W	0.8479
1065	YLL052C	0.84786
1066	YCR037C	0.84785
1067	YPL208W	0.84781
1068	YGR277C	0.84781
1069	YIL165C	0.84779
1070	YBR002C	0.84773
1071	YHR210C	0.84772
1072	YEL042W	0.84768
1073	YAL029C	0.84763
1074	YJL217W	0.84763
1075	YDL238C	0.84757
1076	YNR053C	0.84755
1077	YJR159W	0.84752
1078	YMR217W	0.8475
1079	YJR024C	0.84747
1080	YBR254C	0.84745
1081	YDR264C	0.84745
1082	YER146W	0.8474
1083	YFR047C	0.84734
1084	YOR163W	0.84725
1085	YFL061W	0.84723
1086	YNL335W	0.84723
1087	YPR198W	0.84716
1088	YIR012W	0.84712
1089	YML087C	0.84687
1090	YPR176C	0.84687
1091	YOR006C	0.8468
1092	YHR046C	0.84674
1093	YML077W	0.84673
1094	YDR284C	0.8467
1095	YKR094C	0.84669
1096	YIL148W	0.84669
1097	YAL012W	0.84667
1098	YCR060W	0.84665
1099	YNL194C	0.84659
1100	YPR108W	0.84658
1101	YDR009W	0.84657
1102	YGR095C	0.84656
1103	YBL022C	0.84654
1104	YAL044W-A	0.8465
1105	YKR050W	0.84649
1106	YEL037C	0.84649
1107	YER043C	0.84646
1108	YBL039C	0.84645
1109	YNR015W	0.84639
1110	YOL157C	0.84639
1111	YDR287W	0.84631
1112	YBR046C	0.84631
1113	YKR018C	0.8463
1114	YGR200C	0.84629
1115	YMR314W	0.84627
1116	YGR287C	0.84627
1117	YLR378C	0.84626
1118	YLR289W	0.84625
1119	YOR311C	0.84616
1120	YPR188C	0.84616
1121	YJL068C	0.84614
1122	YKL027W	0.84607
1123	YPL235W	0.84601
1124	YKR088C	0.84597
1125	YKL151C	0.84596
1126	YLL018C-A	0.84596
1127	YDL246C	0.84595
1128	YCR036W	0.84593
1129	YJL059W	0.84589
1130	YOL164W	0.84586
1131	YFR004W	0.84586
1132	YFR055W	0.84581
1133	YLR328W	0.84576
1134	YBR087W	0.84575
1135	YLL015W	0.84572
1136	YNL099C	0.84572
1137	YGR240C	0.84562
1138	YCL033C	0.84561
1139	YER044C	0.84556
1140	YLR432W	0.84553
1141	YOR202W	0.84547
1142	YKL114C	0.84543
1143	YBR073W	0.84542
1144	YMR006C	0.84542
1145	YEL060C	0.84541
1146	YER095W	0.84531
1147	YOL059W	0.84531
1148	YKL207W	0.84531
1149	YLR134W	0.84524
1150	YPR054W	0.84521
1151	YPL095C	0.8452
1152	YJL221C	0.84514
1153	YIL172C	0.84514
1154	YPR041W	0.84513
1155	YLR286C	0.84505
1156	YKL035W	0.84499
1157	YNR020C	0.84499
1158	YBR053C	0.84494
1159	YBL091C	0.84493
1160	YDR331W	0.8449
1161	YPL134C	0.8449
1162	YKL113C	0.84481
1163	YKL135C	0.84481
1164	YNL134C	0.84478
1165	YMR009W	0.84475
1166	YER025W	0.84474
1167	YGL224C	0.84472
1168	YPL213W	0.84469
1169	YBR041W	0.84467
1170	YDR368W	0.84465
1171	YOR175C	0.84462
1172	YKL091C	0.84457
1173	YNL329C	0.84449
1174	YDL194W	0.84448
1175	YER007C-A	0.84448
1176	YBR249C	0.84442
1177	YBR170C	0.84441
1178	YKL069W	0.84436
1179	YLR253W	0.84436
1180	YFR006W	0.84429
1181	YPL236C	0.8442
1182	YOR155C	0.84419
1183	YPL050C	0.84417
1184	YCR105W	0.84415
1185	YML067C	0.84414
1186	YIL094C	0.8441
1187	YIL010W	0.84409
1188	YPR201W	0.84405
1189	YDR105C	0.84399
1190	YLR398C	0.84398
1191	YJR155W	0.84397
1192	YLR186W	0.84392
1193	YOR250C	0.84385
1194	YDR525W-A	0.84385
1195	YEL020C	0.84379
1196	YBL076C	0.84374
1197	YLR359W	0.84371
1198	YGR207C	0.84369
1199	YLR028C	0.84362
1200	YDL123W	0.84355
1201	YHR031C	0.84349
1202	YMR089C	0.84344
1203	YOL062C	0.84342
1204	YMR090W	0.84341
1205	YPL214C	0.84337
1206	YPL042C	0.84328
1207	YPL122C	0.84324
1208	YOR358W	0.84319
1209	YHL026C	0.84312
1210	YJL033W	0.84311
1211	YFR010W	0.84309
1212	YBR058C	0.84308
1213	YML056C	0.84304
1214	YER136W	0.84303
1215	YDR055W	0.843
1216	YNR046W	0.84299
1217	YLR342W	0.84289
1218	YCR020C	0.84286
1219	YGR032W	0.84282
1220	YOR241W	0.84281
1221	YGL101W	0.84272
1222	YPL170W	0.84269
1223	YNL244C	0.84267
1224	YHR189W	0.84261
1225	YPR058W	0.84258
1226	YHR039C	0.84254
1227	YOR374W	0.84243
1228	YKL021C	0.84239
1229	YGL043W	0.84235
1230	YLL018C	0.8422
1231	YDL135C	0.84219
1232	YGR125W	0.84217
1233	YOR351C	0.84215
1234	YFL052W	0.84213
1235	YOR327C	0.8421
1236	YCR051W	0.84209
1237	YOL129W	0.84206
1238	YJR139C	0.84201
1239	YBR196C	0.84199
1240	YJL002C	0.84196
1241	YPR086W	0.84195
1242	YMR296C	0.84192
1243	YNL071W	0.84189
1244	YBR092C	0.84184
1245	YGR271W	0.84179
1246	YGL114W	0.84178
1247	YKR001C	0.84178
1248	YKL126W	0.84176
1249	YPL160W	0.84176
1250	YMR085W	0.84174
1251	YLR369W	0.84169
1252	YLR200W	0.8416
1253	YBR003W	0.8416
1254	YPR160W	0.84157
1255	YDR086C	0.84144
1256	YIL108W	0.84143
1257	YKL161C	0.84142
1258	YCL018W	0.84134
1259	YGR092W	0.84132
1260	YAR050W	0.84131
1261	YOL086C	0.84125
1262	YLR420W	0.84125
1263	YMR319C	0.84119
1264	YBL011W	0.84117
1265	YDL087C	0.84117
1266	YLL034C	0.84114
1267	YDL147W	0.84101
1268	YML064C	0.841
1269	YOL009C	0.84097
1270	YBL056W	0.84096
1271	YGL055W	0.84094
1272	YCR107W	0.84091
1273	YGR199W	0.84091
1274	YPL153C	0.8409
1275	YHR219W	0.84085
1276	YJR072C	0.84084
1277	YGL211W	0.84081
1278	YGL207W	0.84069
1279	YMR101C	0.84067
1280	YML086C	0.84066
1281	YMR220W	0.84066
1282	YPL087W	0.84065
1283	YBR177C	0.84062
1284	YOL140W	0.84059
1285	YDR441C	0.84037
1286	YDR276C	0.84036
1287	YJR007W	0.84032
1288	YHR064C	0.84031
1289	YBR015C	0.8402
1290	YBR228W	0.84018
1291	YLR044C	0.84013
1292	YMR020W	0.8401
1293	YER074W-A	0.84008
1294	YER069W	0.84007
1295	YEL052W	0.84
1296	YGR155W	0.83999
1297	YNL064C	0.83999
1298	YPR004C	0.83987
1299	YJL128C	0.83986
1300	YMR303C	0.83984
1301	YIL142W	0.83981
1302	YNL132W	0.8398
1303	YOL011W	0.83978
1304	YPL227C	0.83977
1305	YLR354C	0.83974
1306	YEL047C	0.83972
1307	YOL008W	0.83967
1308	YOR303W	0.83957
1309	YOR086C	0.83956
1310	YBR017C	0.83955
1311	YEL004W	0.83954
1312	YLR383W	0.83949
1313	YPL187W	0.83949
1314	YDL080C	0.83948
1315	YHR216W	0.83947
1316	YOR099W	0.83943
1317	YOL080C	0.83928
1318	YOL110W	0.83914
1319	YDR378C	0.83907
1320	YOR217W	0.83906
1321	YGR284C	0.83896
1322	YKL181W	0.83896
1323	YOR357C	0.83895
1324	YJL008C	0.83892
1325	YML052W	0.83887
1326	YEL020W-A	0.83881
1327	YBL029C-A	0.83881
1328	YGL020C	0.8388
1329	YMR262W	0.83879
1330	YFL057C	0.83877
1331	YGL037C	0.83875
1332	YGR010W	0.83872
1333	YNL007C	0.83864
1334	YER013W	0.83861
1335	YGL099W	0.83861
1336	YML092C	0.83855
1337	YBR117C	0.83855
1338	YCL036W	0.83853
1339	YGR288W	0.83846
1340	YIL099W	0.83843
1341	YBR283C	0.83842
1342	YLR377C	0.83841
1343	YAL062W	0.83837
1344	YDL217C	0.8383
1345	YHR012W	0.83829
1346	YKL191W	0.83827
1347	YOR048C	0.83827
1348	YIR034C	0.83824
1349	YGL198W	0.83813
1350	YMR088C	0.83797
1351	YAL063C	0.83794
1352	YIR002C	0.83784
1353	YEL032W	0.83783
1354	YPR034W	0.83777
1355	YOR243C	0.83775
1356	YBR101C	0.83774
1357	YKR095W-A	0.83769
1358	YOR142W	0.83768
1359	YKL148C	0.8376
1360	YOR036W	0.83756
1361	YPR019W	0.83754
1362	YDR468C	0.83748
1363	YDL049C	0.83745
1364	YIL103W	0.83739
1365	YEL026W	0.83738
1366	YIR027C	0.83737
1367	YDR305C	0.83735
1368	YIL021W	0.83735
1369	YLR300W	0.83734
1370	YLR384C	0.83732
1371	YLR100W	0.83731
1372	YCL030C	0.83729
1373	YKR009C	0.83723
1374	YBR155W	0.83721
1375	YLR412W	0.83721
1376	YDR513W	0.83718
1377	YLR070C	0.83715
1378	YDR023W	0.83714
1379	YKR066C	0.83712
1380	YDR530C	0.83709
1381	YBR245C	0.83706
1382	YBR037C	0.83705
1383	YDR263C	0.83705
1384	YDR019C	0.83702
1385	YLR447C	0.83698
1386	YHL018W	0.83696
1387	YMR120C	0.83694
1388	YMR099C	0.83693
1389	YPR074C	0.8368
1390	YNL056W	0.83677
1391	YBR236C	0.83671
1392	YCR069W	0.8367
1393	YOR034C	0.83668
1394	YOR108W	0.83659
1395	YDR313C	0.83659
1396	YIL153W	0.83655
1397	YDR211W	0.83654
1398	YNL138W	0.83653
1399	YHR108W	0.8365
1400	YCR053W	0.83649
1401	YMR116C	0.83641
1402	YBL023C	0.8363
1403	YML075C	0.83624
1404	YDR533C	0.83609
1405	YER168C	0.83609
1406	YCR072C	0.83603
1407	YDL093W	0.83601
1408	YGR292W	0.8359
1409	YOL165C	0.8359
1410	YDR148C	0.83588
1411	YBR001C	0.83587
1412	YMR214W	0.83585
1413	YGR247W	0.83585
1414	YLL048C	0.83572
1415	YLR008C	0.83572
1416	YNL229C	0.83571
1417	YOR375C	0.83569
1418	YHR181W	0.83557
1419	YPR167C	0.8355
1420	YGR020C	0.83549
1421	YGR036C	0.83549
1422	YKL059C	0.83548
1423	YNL223W	0.83543
1424	YNL055C	0.8354
1425	YJR032W	0.83536
1426	YGL137W	0.83534
1427	YLR355C	0.83528
1428	YLR172C	0.83525
1429	YJR084W	0.83519
1430	YER179W	0.83518
1431	YCR008W	0.83516
1432	YML101C	0.83508
1433	YKL213C	0.83506
1434	YMR250W	0.83505
1435	YPL151C	0.83502
1436	YNL240C	0.83484
1437	YOR120W	0.83482
1438	YJL179W	0.83482
1439	YFL028C	0.83474
1440	YGL202W	0.83472
1441	YGR244C	0.8347
1442	YLL039C	0.83468
1443	YLR389C	0.83466
1444	YGL206C	0.83458
1445	YGR246C	0.83451
1446	YKL209C	0.83444
1447	YGR195W	0.83443
1448	YBR299W	0.83443
1449	YGL171W	0.83436
1450	YAL030W	0.83434
1451	YHR211W	0.83434
1452	YIR009W	0.83431
1453	YLR446W	0.8343
1454	YDR267C	0.83427
1455	YAL021C	0.83423
1456	YPR110C	0.83416
1457	YDR127W	0.83416
1458	YLR138W	0.83407
1459	YJR104C	0.83406
1460	Q0250	0.83406
1461	YPL086C	0.83391
1462	YNL153C	0.83383
1463	YJL045W	0.83379
1464	YBR143C	0.83379
1465	YKL164C	0.83378
1466	YMR167W	0.83376
1467	YNL326C	0.83374
1468	YGR262C	0.8337
1469	YLR364W	0.83369
1470	YGR087C	0.83367
1471	YHR100C	0.83363
1472	YHR191C	0.83362
1473	YJL079C	0.83362
1474	YOR304W	0.83352
1475	YKL051W	0.8335
1476	YOR133W	0.83346
1477	YDR212W	0.83343
1478	YHR068W	0.83341
1479	YGR029W	0.83336
1480	YDR415C	0.83332
1481	YBR023C	0.83332
1482	YKR013W	0.83327
1483	YKL080W	0.83324
1484	YLR231C	0.83324
1485	YNL141W	0.83323
1486	YHR005C-A	0.83321
1487	YNR026C	0.83316
1488	YLR285W	0.83309
1489	YCR044C	0.833
1490	YNL259C	0.83299
1491	YHR029C	0.83296
1492	YLL008W	0.83295
1493	YOR332W	0.83287
1494	YLR055C	0.83286
1495	YPL012W	0.83279
1496	YCL038C	0.83274
1497	YOR172W	0.83273
1498	YOL093W	0.83272
1499	YDR338C	0.83266
1500	YGL095C	0.83265
1501	YOR004W	0.83264
1502	YOR168W	0.83254
1503	YLL058W	0.83249
1504	YDR045C	0.83233
1505	YOL005C	0.83227
1506	YLR189C	0.83222
1507	YGR048W	0.83221
1508	YIR008C	0.83204
1509	YJL093C	0.83203
1510	YKR097W	0.83202
1511	YNL104C	0.83202
1512	YJL087C	0.83183
1513	YKL017C	0.83177
1514	YOR016C	0.83175
1515	YJR103W	0.8317
1516	YPR073C	0.83169
1517	YOR003W	0.83167
1518	YDR490C	0.83166
1519	YLR078C	0.83166
1520	YHR104W	0.83165
1521	YMR145C	0.83162
1522	YJL174W	0.83159
1523	YER134C	0.83156
1524	YDL140C	0.83156
1525	YKL197C	0.83154
1526	YPR127W	0.83152
1527	YJR020W	0.83151
1528	YDL190C	0.8315
1529	YBR121C	0.83146
1530	YGR276C	0.83146
1531	YFL030W	0.83145
1532	YLR056W	0.83142
1533	YMR306W	0.83139
1534	YHR027C	0.83132
1535	YPR120C	0.83131
1536	YEL034W	0.83122
1537	YDL141W	0.83111
1538	YGL242C	0.83109
1539	YER142C	0.83106
1540	YBL007C	0.83101
1541	YBR112C	0.83098
1542	YLL014W	0.83095
1543	YEL071W	0.83094
1544	YOR110W	0.8309
1545	YLR210W	0.83088
1546	YJL065C	0.83081
1547	YGL156W	0.8308
1548	YNL003C	0.83065
1549	YAR015W	0.83065
1550	YAR018C	0.83064
1551	YGR094W	0.83054
1552	YNR052C	0.83048
1553	YLR330W	0.83045
1554	YKL053C-A	0.83045
1555	YJR149W	0.83042
1556	YIL047C	0.83042
1557	YGL205W	0.8304
1558	YFR024C-A	0.83039
1559	YLR343W	0.83036
1560	YCR004C	0.8303
1561	YGR264C	0.83022
1562	YOR391C	0.83021
1563	YBR244W	0.83021
1564	YCR045C	0.83018
1565	YPR111W	0.83017
1566	YGR004W	0.83016
1567	YKL002W	0.83014
1568	YAL064C-A	0.8301
1569	YDR483W	0.83008
1570	YMR139W	0.83004
1571	YOR262W	0.83001
1572	YCL011C	0.82999
1573	YER170W	0.82994
1574	YER039C-A	0.82987
1575	YOL142W	0.82981
1576	YDR392W	0.82979
1577	YJR063W	0.82978
1578	YMR208W	0.82978
1579	YGR021W	0.8297
1580	YJL062W	0.82969
1581	YIL033C	0.82968
1582	YDR050C	0.82959
1583	YGL241W	0.82958
1584	YPL135W	0.82957
1585	YBR011C	0.82956
1586	YJL124C	0.82952
1587	YDR481C	0.82952
1588	YDR243C	0.82937
1589	YOR335C	0.82932
1590	YGL154C	0.8293
1591	YMR323W	0.82928
1592	YER176W	0.82927
1593	YGL028C	0.82926
1594	YHR205W	0.82925
1595	YFL042C	0.82912
1596	YGL208W	0.82901
1597	YJR048W	0.82896
1598	YLR203C	0.82886
1599	YCR094W	0.82872
1600	YOL154W	0.82867
1601	YDR167W	0.82866
1602	YLR019W	0.82863
1603	YDR399W	0.82861
1604	YNL016W	0.8286
1605	YBR248C	0.82859
1606	YIL051C	0.82858
1607	YER006W	0.82857
1608	YBR110W	0.82856
1609	YHR020W	0.82856
1610	YPL212C	0.82853
1611	YGR012W	0.82852
1612	YOR393W	0.82851
1613	YPL281C	0.82851
1614	YMR194C-B	0.82848
1615	YCR106W	0.82843
1616	YOR265W	0.82837
1617	YDR172W	0.82836
1618	YJR070C	0.82835
1619	YOR280C	0.82831
1620	YGL212W	0.82827
1621	YOR285W	0.82821
1622	YDL205C	0.8282
1623	YLR259C	0.82817
1624	YJL082W	0.82808
1625	YJL210W	0.82804
1626	YBR234C	0.82803
1627	YBR214W	0.82801
1628	YHR215W	0.82794
1629	YKL029C	0.82793
1630	YLR129W	0.82793
1631	YNL087W	0.82792
1632	YAR023C	0.82787
1633	YJL097W	0.82786
1634	YOR390W	0.82782
1635	YJL125C	0.82781
1636	YGL238W	0.82771
1637	YPL280W	0.82745
1638	YGL122C	0.82744
1639	YKR055W	0.82741
1640	YLR120C	0.82738
1641	YLR324W	0.82732
1642	YML070W	0.82732
1643	YEL039C	0.82731
1644	YDR487C	0.82731
1645	YCR102C	0.82731
1646	YKL084W	0.8273
1647	YPL237W	0.82728
1648	YCR101C	0.82724
1649	YKL152C	0.82721
1650	YDR116C	0.82716
1651	YAR042W	0.82715
1652	YDL051W	0.82714
1653	YBL032W	0.82713
1654	YER156C	0.82711
1655	YPL059W	0.82706
1656	YHL042W	0.82704
1657	YML010W	0.82697
1658	YBR093C	0.82695
1659	YNR032C-A	0.82688
1660	YEL001C	0.82686
1661	YDL085W	0.82681
1662	YBR014C	0.82679
1663	YDR522C	0.82678
1664	YDR051C	0.82676
1665	YDL072C	0.82673
1666	YGR263C	0.82668
1667	YNL321W	0.82665
1668	YAR071W	0.82663
1669	YGL190C	0.82649
1670	YLR399C	0.82642
1671	YCR002C	0.8264
1672	YIL068C	0.82638
1673	YGR189C	0.82637
1674	YFR025C	0.82636
1675	YLR108C	0.82633
1676	YHR176W	0.8263
1677	YMR322C	0.8262
1678	YIL039W	0.82617
1679	YNL101W	0.82611
1680	YJL088W	0.82608
1681	YNL061W	0.82597
1682	YDR035W	0.82591
1683	YGR019W	0.82579
1684	YGL140C	0.82574
1685	YOR165W	0.82573
1686	YKL212W	0.82569
1687	YBR223C	0.82562
1688	YOL068C	0.82561
1689	YJR107W	0.82553
1690	YOR274W	0.82547
1691	YOR162C	0.82546
1692	YLR181C	0.82536
1693	YPL093W	0.82534
1694	YGR133W	0.82533
1695	YBL015W	0.82532
1696	YLR410W	0.82531
1697	YPL279C	0.82528
1698	YMR083W	0.8252
1699	YDR459C	0.82511
1700	YOR361C	0.8251
1701	YHR170W	0.82507
1702	YBR111C	0.82505
1703	YHR002W	0.82503
1704	YOR109W	0.82499
1705	YAL039C	0.82498
1706	YBR104W	0.82496
1707	YGR204W	0.82494
1708	YJL074C	0.82494
1709	YBR096W	0.82493
1710	YOR007C	0.82491
1711	YIL169C	0.82489
1712	YNR065C	0.82488
1713	YLR099C	0.82487
1714	YMR093W	0.82481
1715	YPR056W	0.82476
1716	YDR144C	0.82474
1717	YBR149W	0.82473
1718	YNL181W	0.82466
1719	YPR157W	0.82461
1720	YNL287W	0.82461
1721	Q0120	0.82459
1722	YJL163C	0.82456
1723	YGR266W	0.82456
1724	YJR125C	0.82453
1725	YGL033W	0.82447
1726	YGL044C	0.82447
1727	YJR085C	0.82446
1728	YOR223W	0.82442
1729	YCR012W	0.82442
1730	YBR204C	0.82439
1731	YJR133W	0.82438
1732	YER100W	0.82429
1733	YHR202W	0.82422
1734	YBL013W	0.82417
1735	YGL135W	0.82412
1736	YPL220W	0.82412
1737	YJR057W	0.82401
1738	YDR257C	0.82397
1739	YDR236C	0.82397
1740	YDR476C	0.82393
1741	YIL014W	0.82388
1742	YLR460C	0.82387
1743	YMR123W	0.82383
1744	YEL006W	0.82373
1745	YIL075C	0.82372
1746	YOL153C	0.82369
1747	YMR069W	0.82369
1748	YNL049C	0.82364
1749	YOR196C	0.82358
1750	YDR358W	0.82357
1751	YPR147C	0.82356
1752	YLR429W	0.82348
1753	YKL028W	0.82345
1754	YHR201C	0.82343
1755	YNL161W	0.82341
1756	YLR272C	0.82336
1757	YCL047C	0.82331
1758	YKL144C	0.82331
1759	YLL001W	0.8233
1760	YML131W	0.82329
1761	YNL037C	0.82327
1762	YLR382C	0.82324
1763	YBR192W	0.82316
1764	YKL154W	0.82316
1765	YNR033W	0.82302
1766	YPR153W	0.82299
1767	YKL189W	0.82296
1768	YNL045W	0.82295
1769	YPR107C	0.82294
1770	YOL058W	0.82283
1771	YNL082W	0.82276
1772	YMR260C	0.82273
1773	YCL075W	0.82271
1774	YFL003C	0.82262
1775	YLR405W	0.82261
1776	YFL008W	0.8226
1777	YEL056W	0.82258
1778	YLR276C	0.82255
1779	YJR016C	0.82254
1780	YEL024W	0.82253
1781	YEL029C	0.82252
1782	YNR008W	0.8225
1783	Q0065	0.82248
1784	YLR222C	0.82247
1785	YKR070W	0.82242
1786	YDR097C	0.8224
1787	YCL050C	0.82236
1788	YML035C	0.82234
1789	YMR162C	0.82228
1790	YCL043C	0.82224
1791	YBL018C	0.82224
1792	YDR477W	0.82221
1793	YML065W	0.82214
1794	YKR102W	0.82209
1795	YPL043W	0.82202
1796	YKR056W	0.82197
1797	YFR021W	0.82196
1798	YAL044C	0.82196
1799	YOR226C	0.82195
1800	YBL098W	0.82193
1801	YNL129W	0.82193
1802	YNL022C	0.82192
1803	YIR019C	0.82191
1804	YNL192W	0.82185
1805	YLR205C	0.82178
1806	YOL064C	0.82175
1807	YBR070C	0.82172
1808	YLR179C	0.82171
1809	YOL096C	0.82168
1810	YLR050C	0.82163
1811	YDL036C	0.82161
1812	YGR026W	0.82155
1813	YJR109C	0.82149
1814	YDL090C	0.82149
1815	YLR065C	0.82148
1816	YLR287C	0.8214
1817	YNL260C	0.82138
1818	YNL220W	0.82132
1819	YPL184C	0.82131
1820	YPL171C	0.82128
1821	YLR345W	0.82127
1822	YEL019C	0.82126
1823	YBR293W	0.82122
1824	YDR013W	0.82119
1825	YOR367W	0.82119
1826	YML054C	0.82116
1827	YMR277W	0.82113
1828	YOR291W	0.82111
1829	YER010C	0.82104
1830	YML121W	0.82104
1831	YOL098C	0.82102
1832	YBR201W	0.821
1833	YBR166C	0.82095
1834	YDR453C	0.82094
1835	YKR024C	0.82094
1836	YNL243W	0.8209
1837	YPR118W	0.82087
1838	YKL165C	0.82073
1839	YGL148W	0.82073
1840	YDR395W	0.82071
1841	YPR066W	0.82058
1842	YFL002C	0.82056
1843	YPR172W	0.82055
1844	YFL044C	0.8205
1845	YJL178C	0.82045
1846	YFR038W	0.82044
1847	YER163C	0.8203
1848	YNL148C	0.82023
1849	YLR413W	0.82008
1850	YBR208C	0.82007
1851	YBR018C	0.81995
1852	YOR370C	0.81991
1853	YHR151C	0.81983
1854	YBR062C	0.8198
1855	YNL316C	0.81977
1856	YIL007C	0.81973
1857	YLR451W	0.81971
1858	YLR072W	0.81968
1859	YBR127C	0.81959
1860	YNR062C	0.81955
1861	YHR049W	0.81952
1862	YDR032C	0.81946
1863	YKL067W	0.81944
1864	YEL036C	0.81936
1865	YDR398W	0.81934
1866	YIL067C	0.81934
1867	YNR074C	0.81932
1868	YDL110C	0.81928
1869	YDR083W	0.81927
1870	YBL068W-A	0.81925
1871	YDR182W	0.81925
1872	YLR026C	0.81925
1873	YDR191W	0.8192
1874	YHR168W	0.81919
1875	YML126C	0.81914
1876	YOR356W	0.81914
1877	YOR074C	0.81909
1878	YJR151C	0.81898
1879	YOR261C	0.81895
1880	YJL151C	0.81894
1881	YMR304W	0.81888
1882	YKL117W	0.81887
1883	YHR040W	0.81884
1884	YAL009W	0.81881
1885	YFL048C	0.8188
1886	YKR067W	0.81879
1887	YOR184W	0.81878
1888	YDR387C	0.81875
1889	YOL130W	0.81873
1890	YMR132C	0.81858
1891	YJL172W	0.81857
1892	YIL063C	0.8185
1893	YMR251W	0.81848
1894	YGL065C	0.81846
1895	YNR012W	0.81845
1896	YKL013C	0.81843
1897	YHR209W	0.81842
1898	YNL040W	0.81841
1899	YBR297W	0.81822
1900	YDR190C	0.81819
1901	YPR025C	0.81818
1902	YMR001C	0.81814
1903	YLR304C	0.81802
1904	YNL121C	0.81801
1905	YDL208W	0.81789
1906	YHR024C	0.81788
1907	YLR401C	0.81788
1908	YHR089C	0.81785
1909	YKL022C	0.81783
1910	YNL232W	0.8178
1911	YLL009C	0.81776
1912	YIL083C	0.81772
1913	YHR037W	0.81772
1914	YFL034C-B	0.81767
1915	YHR178W	0.81766
1916	YJL159W	0.81754
1917	YMR244W	0.81752
1918	YML005W	0.81751
1919	YFR050C	0.8175
1920	YGL084C	0.81748
1921	YLR218C	0.81734
1922	YPR140W	0.81732
1923	YER016W	0.8173
1924	YOL072W	0.81726
1925	YIR031C	0.81724
1926	YDR265W	0.81716
1927	YFR032C	0.81699
1928	YKR084C	0.81699
1929	YLR421C	0.81699
1930	YFR005C	0.81683
1931	YNL117W	0.81677
1932	YLR390W	0.81677
1933	YLR083C	0.81676
1934	YOR021C	0.81672
1935	YPL240C	0.81668
1936	YDR539W	0.81667
1937	YNL318C	0.81662
1938	YOR232W	0.81653
1939	YGR093W	0.81652
1940	YLR014C	0.81647
1941	YGL232W	0.81645
1942	YML098W	0.81644
1943	YNL219C	0.81643
1944	YMR155W	0.81643
1945	YKL186C	0.81639
1946	YJR047C	0.81637
1947	YBR056W	0.81635
1948	YGR229C	0.8163
1949	YIR039C	0.81628
1950	YNL207W	0.81626
1951	YHR179W	0.81625
1952	YFL001W	0.81622
1953	Q0105	0.81619
1954	YLR409C	0.81616
1955	YAL018C	0.81606
1956	YLR212C	0.81601
1957	YLR086W	0.81595
1958	YLR175W	0.81592
1959	YOR301W	0.81585
1960	YBR198C	0.81585
1961	YMR230W	0.81581
1962	YNL313C	0.81579
1963	YAL046C	0.81576
1964	YBR052C	0.81573
1965	YBL001C	0.81567
1966	YIL164C	0.81566
1967	YJR078W	0.81565
1968	YPL183C	0.81562
1969	YFR048W	0.81558
1970	YER027C	0.81557
1971	YKL065C	0.81556
1972	YDR518W	0.81552
1973	YOR307C	0.81551
1974	YMR038C	0.81551
1975	YDL101C	0.8155
1976	YER070W	0.81542
1977	YLR338W	0.8154
1978	YGL105W	0.81533
1979	YDR400W	0.81533
1980	YGR024C	0.81526
1981	YHR204W	0.81524
1982	YOL018C	0.81515
1983	YOR164C	0.81515
1984	YIL082W-A	0.81514
1985	YFL016C	0.81513
1986	YLL043W	0.8151
1987	YLR089C	0.81508
1988	YHR161C	0.81508
1989	YPR159W	0.81497
1990	YIR038C	0.81497
1991	YEL003W	0.81494
1992	YKR052C	0.81494
1993	YBR125C	0.81492
1994	YGL185C	0.81491
1995	YPL060W	0.81487
1996	YDL079C	0.81486
1997	YOR213C	0.81482
1998	YIL066C	0.8148
1999	YBR091C	0.81477
2000	YHR003C	0.81477
2001	YDR164C	0.81475
2002	YPR114W	0.81474
2003	YPR200C	0.8147
2004	YLR022C	0.81468
2005	YPL239W	0.81468
2006	YPR196W	0.81464
2007	YKL070W	0.81464
2008	YMR186W	0.81462
2009	YLR066W	0.81461
2010	YPR190C	0.81458
2011	YJR014W	0.81456
2012	YMR040W	0.81451
2013	YOL006C	0.8145
2014	YBL017C	0.81449
2015	YJL041W	0.81444
2016	YPL088W	0.81444
2017	YKR079C	0.81443
2018	YGR078C	0.8144
2019	YLR144C	0.81439
2020	YDL154W	0.81439
2021	YLL041C	0.81434
2022	YNR067C	0.81434
2023	YCR100C	0.81433
2024	YHR140W	0.8143
2025	YOR209C	0.81428
2026	YOR020C	0.81428
2027	YAL019W	0.81427
2028	YLR308W	0.81424
2029	YDL177C	0.81422
2030	YJR064W	0.81422
2031	YHR001W	0.81417
2032	YBL106C	0.81409
2033	YDR188W	0.81406
2034	YLR306W	0.81405
2035	YPR178W	0.81397
2036	YDR292C	0.81397
2037	YGL240W	0.81397
2038	YLR117C	0.81396
2039	YMR268C	0.81396
2040	YMR104C	0.81395
2041	YAL048C	0.81393
2042	YKL163W	0.81389
2043	YDR380W	0.81384
2044	YLL036C	0.81384
2045	YNR017W	0.81378
2046	YOR293W	0.81376
2047	YFL054C	0.81375
2048	YLR038C	0.81373
2049	YER164W	0.8137
2050	YPR002W	0.81363
2051	YDL014W	0.81359
2052	YHR187W	0.81359
2053	YGR187C	0.81356
2054	YHR098C	0.81355
2055	YDL120W	0.81354
2056	YDR170C	0.81344
2057	YDR506C	0.81344
2058	YPL270W	0.81341
2059	YFL050C	0.8134
2060	YGR181W	0.81336
2061	YMR062C	0.81334
2062	YOR118W	0.81332
2063	YGL143C	0.81329
2064	YMR063W	0.81329
2065	YOL061W	0.81326
2066	YDL202W	0.81326
2067	YDR386W	0.81314
2068	YHR028C	0.8131
2069	YOR145C	0.8131
2070	YKL193C	0.81302
2071	YGR001C	0.81298
2072	YGR141W	0.81296
2073	YDR161W	0.81295
2074	YOL113W	0.81293
2075	YDR056C	0.81287
2076	YGL050W	0.81279
2077	YLR414C	0.81276
2078	YNR056C	0.81276
2079	YPL008W	0.81261
2080	YOR100C	0.81259
2081	YKL060C	0.81252
2082	YMR180C	0.81244
2083	YPR186C	0.8124
2084	YBR024W	0.81238
2085	YBL055C	0.81238
2086	YPR163C	0.81236
2087	YPL152W	0.81232
2088	YOR239W	0.81229
2089	YML072C	0.81224
2090	YJL081C	0.81224
2091	YMR114C	0.8122
2092	YDR234W	0.8122
2093	YML004C	0.81215
2094	YJL116C	0.81211
2095	YKL026C	0.81208
2096	YGL196W	0.81203
2097	YOR271C	0.81198
2098	YPL001W	0.81196
2099	YLR361C	0.81194
2100	YLR435W	0.81192
2101	YHR137W	0.81191
2102	YBL099W	0.81188
2103	YPL004C	0.81188
2104	YDL241W	0.81187
2105	YBR274W	0.81186
2106	YIL062C	0.81181
2107	YOR206W	0.81181
2108	YPL222W	0.81178
2109	YLR380W	0.81177
2110	YDL218W	0.81176
2111	YHL039W	0.81175
2112	YGL009C	0.81175
2113	YIL034C	0.81175
2114	YIL106W	0.81165
2115	YKL174C	0.81164
2116	YLR178C	0.81163
2117	YBR025C	0.81162
2118	YPR144C	0.81159
2119	YBR162C	0.81154
2120	YKR017C	0.81154
2121	YMR161W	0.81149
2122	YDR121W	0.81145
2123	YGL155W	0.81142
2124	YPL097W	0.81122
2125	YER172C	0.81121
2126	YOL052C	0.81121
2127	YLR145W	0.81119
2128	YDL017W	0.81119
2129	YER051W	0.81117
2130	YHR033W	0.81112
2131	YKR003W	0.81111
2132	YOR119C	0.8111
2133	YBR175W	0.81109
2134	YBR267W	0.81105
2135	YBR207W	0.81102
2136	YNL102W	0.81097
2137	YKL187C	0.81093
2138	YFL022C	0.81089
2139	YDR436W	0.81086
2140	YER014W	0.81081
2141	YIL113W	0.81074
2142	YMR200W	0.81063
2143	YER066W	0.81053
2144	YKL085W	0.81041
2145	YDR107C	0.81038
2146	YJR067C	0.81037
2147	YGL181W	0.81032
2148	YNL059C	0.81032
2149	YGR111W	0.8103
2150	YPL002C	0.8103
2151	YJL080C	0.81029
2152	YKR076W	0.81021
2153	YOL115W	0.81018
2154	YPL164C	0.81015
2155	YHR194W	0.81014
2156	YLR449W	0.81006
2157	YKL019W	0.81006
2158	YOL077C	0.81001
2159	YHR117W	0.80998
2160	YNR030W	0.80996
2161	YDL160C-A	0.80995
2162	YOR253W	0.80989
2163	Q0050	0.80975
2164	YBR147W	0.80974
2165	YOR377W	0.80972
2166	YIL016W	0.8097
2167	YDL145C	0.80966
2168	YGR109W-B	0.80957
2169	YJL186W	0.8095
2170	YNL066W	0.80945
2171	YHR041C	0.80943
2172	YMR218C	0.80941
2173	YDR452W	0.8094
2174	YPL231W	0.80938
2175	YPR161C	0.80938
2176	YGR242W	0.80938
2177	YGR159C	0.80937
2178	YPR080W	0.80932
2179	YPL179W	0.80923
2180	YGR082W	0.80918
2181	YML019W	0.8091
2182	YIL126W	0.80905
2183	YPL211W	0.80903
2184	YGR254W	0.80897
2185	YPL147W	0.80895
2186	YPL172C	0.80894
2187	YML082W	0.80893
2188	YKL194C	0.80888
2189	YNL088W	0.80887
2190	YOL067C	0.80884
2191	YMR239C	0.80883
2192	YKL222C	0.80881
2193	YCL045C	0.80876
2194	YPL157W	0.8087
2195	YDL104C	0.80865
2196	YLR386W	0.80864
2197	YNL025C	0.80863
2198	YKR086W	0.80863
2199	YHL013C	0.80862
2200	YNL001W	0.80857
2201	YDR435C	0.80853
2202	YIL023C	0.80851
2203	YPR124W	0.80834
2204	YHR162W	0.80833
2205	YKR103W	0.80826
2206	YIL030C	0.80823
2207	YPL140C	0.80822
2208	YNL023C	0.80821
2209	YGR243W	0.8082
2210	YMR225C	0.80813
2211	YDL078C	0.80812
2212	YHR091C	0.80807
2213	YMR321C	0.80806
2214	YBR229C	0.80805
2215	YBL003C	0.80805
2216	YDR225W	0.80804
2217	YIL171W	0.80797
2218	YBR039W	0.80794
2219	YJL137C	0.80792
2220	YGR241C	0.80784
2221	YBR061C	0.8078
2222	YOR181W	0.80779
2223	YDR109C	0.80778
2224	YJR141W	0.80777
2225	YHL031C	0.80777
2226	YML028W	0.80776
2227	YDL193W	0.80768
2228	YHR072W	0.80768
2229	YMR263W	0.80766
2230	YJL222W	0.80765
2231	YBR151W	0.80763
2232	YDR182W-A	0.8075
2233	YNL106C	0.80746
2234	YIR029W	0.8074
2235	YIL046W	0.80735
2236	YGR083C	0.80728
2237	YER065C	0.80727
2238	YDL063C	0.80721
2239	YML055W	0.80721
2240	YDR248C	0.80719
2241	YOR295W	0.80719
2242	YGR257C	0.80709
2243	YGL259W	0.80708
2244	YIL173W	0.80707
2245	YMR152W	0.80707
2246	YDR117C	0.80703
2247	YNL107W	0.80701
2248	YJR008W	0.807
2249	YBR237W	0.80699
2250	YDR523C	0.80696
2251	YML110C	0.80693
2252	YNL279W	0.80689
2253	YDL178W	0.80689
2254	YGL068W	0.80688
2255	YPL103C	0.80679
2256	YBR094W	0.80679
2257	YGR201C	0.80675
2258	YCR092C	0.80675
2259	YGL082W	0.80674
2260	YLR020C	0.80672
2261	YOR176W	0.80672
2262	YPR037C	0.8067
2263	YLR246W	0.80663
2264	YDR514C	0.80662
2265	YHR134W	0.80661
2266	YDL042C	0.80661
2267	YGL184C	0.80661
2268	YBR227C	0.80656
2269	YKR040C	0.80654
2270	YDR325W	0.80654
2271	YNL083W	0.80654
2272	YFL034W	0.80648
2273	YPR010C	0.80645
2274	YPL224C	0.80636
2275	YNL155W	0.80633
2276	YDL200C	0.80629
2277	YJL104W	0.80626
2278	YOL060C	0.80625
2279	YPR112C	0.80622
2280	YJL117W	0.80615
2281	YLR274W	0.80612
2282	YBR042C	0.8061
2283	YGL183C	0.80601
2284	YDR324C	0.80599
2285	YOR173W	0.80599
2286	YNL190W	0.80595
2287	YPL048W	0.80585
2288	YOR207C	0.80583
2289	YAR062W	0.8057
2290	YHR213W	0.8057
2291	YJL153C	0.80569
2292	YDR488C	0.80568
2293	YGL040C	0.80567
2294	YMR092C	0.80562
2295	YGR144W	0.80561
2296	YHR193C	0.80551
2297	YLR085C	0.80549
2298	YOR039W	0.80548
2299	YOR151C	0.80547
2300	YLR064W	0.80537
2301	YHR114W	0.80536
2302	YPL082C	0.80534
2303	YER120W	0.80534
2304	YGR245C	0.8053
2305	YKL073W	0.80529
2306	YCR084C	0.80525
2307	YAR003W	0.80524
2308	YPR032W	0.80524
2309	YNL180C	0.80522
2310	YDL037C	0.80521
2311	YML074C	0.80511
2312	YPR047W	0.80505
2313	YIL015W	0.80497
2314	YDR390C	0.80494
2315	YOR065W	0.80492
2316	YJL072C	0.80492
2317	YDR534C	0.80488
2318	YJR130C	0.80483
2319	YPL262W	0.80482
2320	YBR103W	0.80481
2321	YJR118C	0.8048
2322	YGL262W	0.80479
2323	YGR086C	0.80472
2324	YNL333W	0.80472
2325	YLL006W	0.80472
2326	YBL064C	0.80468
2327	YJL085W	0.80461
2328	YGL245W	0.80452
2329	YHR165W-A	0.80439
2330	YHR034C	0.80439
2331	YDR142C	0.80437
2332	YFL040W	0.80437
2333	YLR215C	0.80432
2334	YDR429C	0.80431
2335	YPR133C	0.80431
2336	YOR160W	0.80429
2337	YER001W	0.80427
2338	YER162C	0.80423
2339	YNL175C	0.80422
2340	YNL075W	0.80421
2341	YLR088W	0.80417
2342	YKL182W	0.80415
2343	YGR177C	0.80411
2344	YNR029C	0.80411
2345	YFL059W	0.8041
2346	YKL160W	0.80408
2347	YER049W	0.80398
2348	YPR098C	0.80394
2349	YOR275C	0.80393
2350	YLR143W	0.80387
2351	YDR067C	0.80385
2352	YCL048W	0.80382
2353	YDR173C	0.8038
2354	YOR254C	0.80378
2355	YHR171W	0.80369
2356	YML060W	0.80367
2357	YMR041C	0.80363
2358	YNL292W	0.80363
2359	YLL012W	0.80358
2360	YER123W	0.80357
2361	YDR498C	0.80356
2362	YGR255C	0.80349
2363	YHR174W	0.80343
2364	YJL036W	0.8034
2365	YJL091C	0.80339
2366	YCR079W	0.80337
2367	YDL109C	0.80337
2368	YKL081W	0.80332
2369	YJL010C	0.80332
2370	YLR340W	0.80324
2371	YLR318W	0.80317
2372	YEL059C-A	0.80317
2373	YDR336W	0.80314
2374	YPR162C	0.80309
2375	YDL015C	0.803
2376	YGL173C	0.80296
2377	YGR080W	0.80295
2378	YMR196W	0.80293
2379	YDR061W	0.80292
2380	YDR391C	0.80291
2381	YNL036W	0.80289
2382	YNL328C	0.80277
2383	YPL273W	0.80276
2384	YGL251C	0.80276
2385	YJL052W	0.8027
2386	YLR335W	0.8027
2387	YOL126C	0.80269
2388	YGR074W	0.80258
2389	YHR016C	0.80254
2390	YOR024W	0.80253
2391	YHR076W	0.80253
2392	YER116C	0.80237
2393	YMR150C	0.80237
2394	YJR010W	0.8022
2395	YPL194W	0.8022
2396	YJR075W	0.80216
2397	YJR146W	0.80214
2398	YDR364C	0.80212
2399	YDR531W	0.80208
2400	YGL053W	0.80202
2401	YFR041C	0.80198
2402	YOR002W	0.8019
2403	YMR264W	0.80186
2404	YDR349C	0.8018
2405	YPL209C	0.8018
2406	YPL003W	0.80177
2407	YDR330W	0.80177
2408	YNL092W	0.80174
2409	YGL236C	0.80164
2410	YBL019W	0.80164
2411	YDR428C	0.80163
2412	YFR030W	0.80161
2413	YEL002C	0.80158
2414	YIL134W	0.80152
2415	YCR005C	0.80151
2416	YHR120W	0.8015
2417	YPL024W	0.80142
2418	YFR027W	0.80138
2419	YJL160C	0.80137
2420	YLR196W	0.80135
2421	YJR009C	0.80132
2422	YNL246W	0.80132
2423	YPL133C	0.80126
2424	YNR051C	0.80124
2425	YOL056W	0.80118
2426	YJR099W	0.80106
2427	YLR452C	0.80099
2428	YBR213W	0.80099
2429	YHR148W	0.80097
2430	YHL002W	0.80095
2431	YOL123W	0.80093
2432	YOL042W	0.80091
2433	YNL293W	0.80083
2434	YDR145W	0.80081
2435	YDR189W	0.80074
2436	YPL117C	0.80071
2437	YAL015C	0.80069
2438	YLR270W	0.80056
2439	YLR418C	0.80053
2440	YGR061C	0.80053
2441	YDR183W	0.80051
2442	YNL020C	0.80047
2443	YOR136W	0.80045
2444	YOL152W	0.80043
2445	YKL009W	0.80027
2446	YOR130C	0.8002
2447	YDL040C	0.80019
2448	YKL202W	0.80012
2449	YCL002C	0.80011
2450	YNR016C	0.80009
2451	YIL073C	0.80007
2452	YNL238W	0.80007
2453	YCL008C	0.80006
2454	YMR310C	0.79995
2455	YFR007W	0.79993
2456	YML090W	0.79991
2457	YLR375W	0.79987
2458	YOL013C	0.79985
2459	YLR284C	0.79978
2460	YDR503C	0.79971
2461	YFL004W	0.7997
2462	YIL004C	0.79963
2463	YJL154C	0.79962
2464	YHL032C	0.79958
2465	YMR078C	0.79945
2466	YLR357W	0.79942
2467	YPR119W	0.79942
2468	YOR022C	0.79939
2469	YNL169C	0.79938
2470	YLL011W	0.79938
2471	YBR199W	0.79934
2472	YLR003C	0.79933
2473	YPL207W	0.79926
2474	YGL194C	0.79926
2475	YOR154W	0.79921
2476	YCR076C	0.79916
2477	YNL256W	0.79915
2478	YDL207W	0.79912
2479	YGR268C	0.79907
2480	YNL248C	0.79907
2481	YER059W	0.79906
2482	YOR056C	0.79897
2483	YER140W	0.79897
2484	YNL048W	0.79896
2485	YDR502C	0.79896
2486	YMR149W	0.79891
2487	YKR081C	0.79888
2488	YJL168C	0.79882
2489	YGL004C	0.7988
2490	YJR042W	0.79871
2491	YCL001W-B	0.79868
2492	YGL164C	0.79867
2493	YMR166C	0.79863
2494	YHR121W	0.79862
2495	YGR162W	0.79848
2496	YNR058W	0.79848
2497	YHR062C	0.79846
2498	YLR007W	0.79841
2499	YIL110W	0.7984
2500	YNL299W	0.7984
2501	YML120C	0.79835
2502	YDR268W	0.79833
2503	YOR286W	0.79825
2504	YBR055C	0.79823
2505	YAL058W	0.79819
2506	YPL125W	0.7981
2507	YKL132C	0.79808
2508	YJR046W	0.79807
2509	YDR018C	0.79805
2510	YKL178C	0.79793
2511	YMR127C	0.79792
2512	YOR258W	0.79789
2513	YPL030W	0.7978
2514	YJL078C	0.79776
2515	YGR169C	0.79773
2516	YLR450W	0.79769
2517	YKR042W	0.79763
2518	YDL019C	0.79754
2519	YDR517W	0.79754
2520	YDL226C	0.79746
2521	YHR164C	0.79743
2522	YLR074C	0.79741
2523	YGL018C	0.7974
2524	YER061C	0.79737
2525	YOR341W	0.79734
2526	YMR228W	0.79734
2527	YLL010C	0.79733
2528	YOR059C	0.79733
2529	YBR141C	0.79731
2530	YKR087C	0.7973
2531	YOL086W-A	0.79727
2532	YDL054C	0.79722
2533	YPR184W	0.7972
2534	YHR166C	0.7972
2535	YDR332W	0.79717
2536	YNL247W	0.79715
2537	YNL291C	0.79705
2538	YOL145C	0.79703
2539	YNL163C	0.79694
2540	YGL049C	0.79694
2541	YPL096W	0.79691
2542	YGL027C	0.79691
2543	YNR001C	0.79688
2544	YHR116W	0.79687
2545	YER091C	0.79685
2546	YKL003C	0.79684
2547	YAL035W	0.7968
2548	YLR443W	0.79679
2549	YNL317W	0.79666
2550	YDR372C	0.79657
2551	YJL031C	0.79655
2552	YNL015W	0.79655
2553	YLR239C	0.79653
2554	YIL168W	0.79653
2555	YML118W	0.79651
2556	YGR217W	0.79646
2557	YHR113W	0.79645
2558	YGL231C	0.7964
2559	YNL263C	0.79635
2560	YHR173C	0.79625
2561	YGR037C	0.79615
2562	YLR047C	0.79611
2563	YPL196W	0.79608
2564	YKL103C	0.79607
2565	YLR197W	0.79599
2566	YGL166W	0.79588
2567	YHR207C	0.79588
2568	YDR346C	0.79581
2569	YPL013C	0.79574
2570	YGR143W	0.79571
2571	YML051W	0.7957
2572	YER157W	0.79566
2573	YDR319C	0.79563
2574	YCR028C-A	0.7956
2575	YPL176C	0.79556
2576	YER076C	0.79555
2577	YNL206C	0.79555
2578	YIL147C	0.79555
2579	YCR030C	0.79549
2580	YDR132C	0.79548
2581	YOR057W	0.79542
2582	YDR031W	0.79531
2583	YCL064C	0.79521
2584	YDR165W	0.79513
2585	YHR088W	0.79512
2586	YOR278W	0.79509
2587	YHL006C	0.79504
2588	YOR001W	0.79502
2589	YGR062C	0.79501
2590	YMR244C-A	0.79494
2591	YGL243W	0.79484
2592	YML066C	0.7948
2593	YNL322C	0.79479
2594	YPR038W	0.79478
2595	YJL200C	0.79478
2596	YGR047C	0.79477
2597	YER147C	0.79476
2598	YHL015W	0.79474
2599	YDR282C	0.79473
2600	YDL010W	0.79467
2601	YER005W	0.79456
2602	YOL114C	0.79456
2603	YPL162C	0.79455
2604	YDL143W	0.79454
2605	YJR161C	0.7945
2606	YDR256C	0.79446
2607	YGR194C	0.79444
2608	YCL042W	0.79436
2609	YJL130C	0.79433
2610	YDL008W	0.79433
2611	YEL048C	0.79431
2612	YML097C	0.79429
2613	YHL034C	0.79429
2614	YPL109C	0.79425
2615	YDL165W	0.79421
2616	YDL039C	0.79408
2617	YGL144C	0.79406
2618	YLR174W	0.79405
2619	YGL089C	0.794
2620	YGL083W	0.79395
2621	YDL161W	0.79389
2622	YMR302C	0.79386
2623	YKL041W	0.79384
2624	YER188W	0.79381
2625	YJL183W	0.79378
2626	YGR232W	0.79377
2627	YPR017C	0.79373
2628	YJL011C	0.79372
2629	YJL005W	0.79371
2630	YIL082W	0.79371
2631	YJL126W	0.7937
2632	YDL248W	0.79363
2633	YGR109W-A	0.79354
2634	YHL008C	0.79354
2635	YDR362C	0.79353
2636	YGR192C	0.79351
2637	YDR058C	0.79339
2638	YLR362W	0.79335
2639	YHR115C	0.79335
2640	YHR139C	0.7933
2641	YOR201C	0.79329
2642	YDR054C	0.79324
2643	YOR005C	0.79323
2644	YFL046W	0.79322
2645	YMR055C	0.79313
2646	YKL098W	0.7931
2647	YDR427W	0.79306
2648	YLR180W	0.79302
2649	YGL141W	0.793
2650	YBL002W	0.79297
2651	YEL012W	0.79296
2652	YOR067C	0.79283
2653	YOL141W	0.79282
2654	YOR298C-A	0.79278
2655	YJL133W	0.79276
2656	YIL123W	0.79275
2657	YGR173W	0.79272
2658	YBR200W	0.79272
2659	YGR101W	0.79271
2660	YOR125C	0.79263
2661	YER141W	0.79262
2662	YPL110C	0.79261
2663	YOR244W	0.79255
2664	YLR292C	0.79253
2665	YDR112W	0.79247
2666	YPL127C	0.79246
2667	YKL087C	0.79237
2668	YPR137W	0.79236
2669	YNL147W	0.79235
2670	YNL063W	0.79231
2671	YIR023W	0.79229
2672	YPR168W	0.79223
2673	YIL157C	0.79221
2674	YBL058W	0.79217
2675	YOR251C	0.79215
2676	YOR231W	0.79215
2677	YHL010C	0.79214
2678	YIL128W	0.79213
2679	YDR306C	0.79213
2680	YJL192C	0.79211
2681	YKR074W	0.79209
2682	YMR131C	0.79206
2683	YHR192W	0.79205
2684	YCR075W-A	0.79203
2685	YBR176W	0.79199
2686	YLR105C	0.79197
2687	YNL168C	0.79194
2688	YDR312W	0.79191
2689	YFL047W	0.79178
2690	YHR066W	0.79177
2691	YDR224C	0.79175
2692	YML031W	0.79174
2693	YER029C	0.79174
2694	YCL057C-A	0.79173
2695	YFR020W	0.79167
2696	YGL112C	0.79164
2697	YLR167W	0.79162
2698	YKR062W	0.79161
2699	YLR114C	0.79149
2700	YKL086W	0.79143
2701	YHR069C	0.79141
2702	YPL101W	0.79139
2703	YER080W	0.79139
2704	YIL022W	0.79135
2705	YOL012C	0.79132
2706	YGL179C	0.79126
2707	YOL049W	0.79124
2708	YMR201C	0.79122
2709	YIL006W	0.79119
2710	YDR302W	0.79112
2711	YGL248W	0.79108
2712	YBR205W	0.79104
2713	YIL091C	0.79102
2714	YOR219C	0.79101
2715	YDR194C	0.79101
2716	YKL006C-A	0.79094
2717	YGR063C	0.7909
2718	YNR038W	0.79087
2719	YDL031W	0.79085
2720	YLR133W	0.79074
2721	YHR147C	0.79071
2722	YNL239W	0.79069
2723	YOL023W	0.79069
2724	YNL185C	0.79067
2725	YKL018W	0.79065
2726	YDR479C	0.79056
2727	YJR052W	0.79054
2728	YPR023C	0.7905
2729	YOL155C	0.79046
2730	YBR167C	0.79043
2731	YOL047C	0.79043
2732	YAL036C	0.7904
2733	Q0142	0.7904
2734	YDR060W	0.79039
2735	YIR004W	0.79032
2736	YLR002C	0.79032
2737	YJR035W	0.79026
2738	YAL003W	0.7902
2739	YBL037W	0.79017
2740	YNR034W-A	0.79017
2741	YIL167W	0.79014
2742	YOR290C	0.79013
2743	YJR154W	0.79011
2744	YPL190C	0.79001
2745	YPL249C	0.78983
2746	YAR028W	0.78982
2747	YHR086W	0.78981
2748	YHR075C	0.78978
2749	YDR293C	0.78975
2750	YPL282C	0.78973
2751	YOR394W	0.78973
2752	YMR110C	0.7897
2753	YJR144W	0.78968
2754	YLR266C	0.78967
2755	YPL045W	0.78965
2756	YGR285C	0.78962
2757	YJL158C	0.78962
2758	YML115C	0.78957
2759	YEL055C	0.78957
2760	YDR432W	0.78945
2761	YDR410C	0.78944
2762	YKL119C	0.78943
2763	YDL231C	0.7894
2764	YGL016W	0.7894
2765	YBR273C	0.78936
2766	YJR137C	0.78936
2767	YML042W	0.78935
2768	YHR206W	0.78928
2769	YDR434W	0.78924
2770	YDL033C	0.78923
2771	YGR136W	0.7892
2772	YDR204W	0.78918
2773	YAR075W	0.78917
2774	YKR048C	0.7891
2775	YHL004W	0.78908
2776	YGR003W	0.78893
2777	YNL218W	0.78886
2778	YGR216C	0.78881
2779	YIL125W	0.7888
2780	YPL116W	0.78871
2781	YHR085W	0.7887
2782	YOL043C	0.78869
2783	YGL161C	0.78869
2784	YER037W	0.78869
2785	YCL032W	0.78865
2786	YDL159W	0.78863
2787	YIR007W	0.78858
2788	YGR058W	0.7885
2789	YDL105W	0.7885
2790	YIR032C	0.78848
2791	YDL167C	0.78848
2792	YHL019C	0.7884
2793	YOR035C	0.78838
2794	YJL136C	0.78838
2795	YHR188C	0.78817
2796	YNL079C	0.78816
2797	YNL062C	0.78815
2798	YHR182C-A	0.78815
2799	YGR214W	0.78813
2800	YDR041W	0.78806
2801	YCR007C	0.78803
2802	YBL020W	0.788
2803	YLR275W	0.78797
2804	YFL029C	0.78793
2805	YOR077W	0.78791
2806	YDR430C	0.78785
2807	YDR286C	0.78779
2808	YNL094W	0.78776
2809	YHL022C	0.78774
2810	YOL010W	0.78773
2811	YCR024C-A	0.78769
2812	YER082C	0.78767
2813	YJR006W	0.78761
2814	YGL003C	0.78759
2815	YDR538W	0.78758
2816	YGR157W	0.78757
2817	YKL095W	0.78753
2818	YGR295C	0.78752
2819	YNR075W	0.78752
2820	YNL250W	0.78745
2821	YDL060W	0.78741
2822	YBR162W-A	0.78735
2823	YMR035W	0.78729
2824	YLR090W	0.78728
2825	YPL138C	0.78727
2826	YOR272W	0.78726
2827	YNL116W	0.78717
2828	YMR223W	0.78716
2829	YLR207W	0.78716
2830	YLR080W	0.78713
2831	YCR096C	0.78708
2832	YJL193W	0.78708
2833	YER042W	0.78704
2834	YMR177W	0.78703
2835	YBR288C	0.78699
2836	YNL251C	0.78696
2837	YJL139C	0.78695
2838	YER063W	0.78689
2839	YGL246C	0.78688
2840	YGL216W	0.78688
2841	YIL041W	0.78667
2842	YBR185C	0.78665
2843	YGR209C	0.78658
2844	YBR084W	0.78656
2845	YIL107C	0.78654
2846	YGR066C	0.78653
2847	YAR033W	0.78653
2848	YKL071W	0.78651
2849	YBR302C	0.78644
2850	YML132W	0.78644
2851	YNL212W	0.78638
2852	YDL233W	0.78633
2853	YJR005W	0.78628
2854	YDL092W	0.78623
2855	YLL057C	0.78623
2856	YKR012C	0.78622
2857	YIL002C	0.7862
2858	YJR055W	0.78616
2859	YOR018W	0.78609
2860	YDL198C	0.78602
2861	YGR103W	0.78601
2862	YJR088C	0.78598
2863	YGL045W	0.78596
2864	YOL048C	0.78595
2865	YIL140W	0.78593
2866	YOR245C	0.78578
2867	YMR312W	0.78565
2868	YOR382W	0.78565
2869	YHL014C	0.78564
2870	YDL215C	0.78564
2871	YPL104W	0.78562
2872	YDR381W	0.78561
2873	YFR002W	0.7856
2874	YLR316C	0.7856
2875	YOR296W	0.78559
2876	YBR271W	0.78559
2877	YER144C	0.78557
2878	YOR052C	0.78557
2879	YJR121W	0.78548
2880	YBL061C	0.78548
2881	YAL064W-B	0.78546
2882	YJL194W	0.78542
2883	YNL327W	0.7854
2884	YKL055C	0.78537
2885	YMR265C	0.78535
2886	YLR430W	0.78532
2887	YGR283C	0.78528
2888	YJL004C	0.78526
2889	YHR039C-A	0.78523
2890	YGR261C	0.78523
2891	YJR019C	0.78522
2892	YAL033W	0.78515
2893	YJR076C	0.78514
2894	YPR060C	0.78506
2895	YOR389W	0.78504
2896	YNL320W	0.78502
2897	YER182W	0.785
2898	YPL112C	0.785
2899	YDR036C	0.78498
2900	YER098W	0.78495
2901	YGL064C	0.78492
2902	YCL054W	0.78482
2903	YOR025W	0.78482
2904	YFR022W	0.78481
2905	YOL135C	0.78479
2906	YMR289W	0.78477
2907	YOR310C	0.78472
2908	YPL277C	0.78465
2909	YBR233W	0.78463
2910	YDL011C	0.78447
2911	YPL098C	0.78446
2912	YDR419W	0.78441
2913	YLR367W	0.78438
2914	YMR261C	0.78436
2915	YNL286W	0.78436
2916	YNL336W	0.78435
2917	YDL119C	0.78429
2918	YGL258W	0.78428
2919	YGR212W	0.78424
2920	YIL076W	0.78418
2921	YIL171W-A	0.78418
2922	YJL220W	0.78418
2923	YBR146W	0.78415
2924	YDL021W	0.78414
2925	YDR205W	0.78407
2926	YNL096C	0.78405
2927	YJR044C	0.784
2928	YLR043C	0.78396
2929	YKR069W	0.78396
2930	YKL007W	0.7839
2931	YKL150W	0.78387
2932	YOR363C	0.78381
2933	YKL139W	0.7838
2934	YGL051W	0.78366
2935	YMR074C	0.78362
2936	YHL035C	0.78353
2937	YLR299W	0.78346
2938	YJL190C	0.78342
2939	YBR036C	0.78338
2940	YML127W	0.78338
2941	YOR132W	0.78337
2942	YMR097C	0.78336
2943	YDL213C	0.78334
2944	YNL298W	0.78333
2945	Q0060	0.78331
2946	YLL027W	0.7833
2947	YKR060W	0.78323
2948	YMR309C	0.78322
2949	YAL004W	0.78321
2950	YBR079C	0.78317
2951	YKR035W-A	0.78313
2952	YLR025W	0.7831
2953	YOR008C	0.78307
2954	YOL014W	0.78303
2955	YJR135W-A	0.78302
2956	YPR123C	0.78283
2957	YIL151C	0.78283
2958	YBR074W	0.78279
2959	YDL111C	0.78277
2960	YMR049C	0.78275
2961	YKL206C	0.78271
2962	YCR090C	0.78264
2963	YPR154W	0.78263
2964	YBR030W	0.78259
2965	YPL022W	0.78238
2966	YGR145W	0.78237
2967	YLR093C	0.78234
2968	YEL044W	0.78233
2969	YBR105C	0.78231
2970	YBL095W	0.78227
2971	YDR004W	0.78224
2972	YLR109W	0.7822
2973	YJL197W	0.78218
2974	YNL261W	0.78212
2975	YMR042W	0.78211
2976	YPL063W	0.782
2977	YBL049W	0.78198
2978	YJL129C	0.78197
2979	YMR234W	0.78193
2980	YJR071W	0.78187
2981	YGL250W	0.78186
2982	YMR128W	0.78173
2983	YHR028W-A	0.7817
2984	YBR060C	0.78168
2985	YOL041C	0.78165
2986	YBL069W	0.78159
2987	YHR199C	0.78152
2988	YNL283C	0.78152
2989	YKL100C	0.78148
2990	YEL017C-A	0.78142
2991	YOR387C	0.78142
2992	YLR128W	0.78142
2993	YNL258C	0.78131
2994	YNL004W	0.78129
2995	YGL125W	0.78124
2996	YNL131W	0.78118
2997	YDR334W	0.78115
2998	YPL084W	0.78114
2999	YPL145C	0.7811
3000	YLR240W	0.78104
3001	YGR054W	0.78095
3002	YOR386W	0.78092
3003	YER154W	0.78086
3004	YKR063C	0.78065
3005	YDR289C	0.78057
3006	YKR057W	0.78055
3007	YOR212W	0.78047
3008	YKL192C	0.78047
3009	YOR116C	0.78044
3010	YNL067W	0.78043
3011	YDL234C	0.78041
3012	YDL240W	0.78038
3013	YLR455W	0.78037
3014	YDR393W	0.78036
3015	YMR076C	0.78035
3016	YOL146W	0.78024
3017	YML061C	0.78015
3018	YPL217C	0.78012
3019	YPL023C	0.78009
3020	YLR419W	0.78008
3021	YFL062W	0.78007
3022	YOR111W	0.78007
3023	YLR116W	0.78002
3024	YOR318C	0.78001
3025	YJL042W	0.77998
3026	YCR087C-A	0.77996
3027	YOR014W	0.77994
3028	YNR021W	0.77993
3029	YLR032W	0.77991
3030	YEL034C-A	0.7799
3031	YHL048W	0.77987
3032	YPL029W	0.77986
3033	YNL124W	0.77981
3034	YOR360C	0.77976
3035	YOL128C	0.77976
3036	YLR045C	0.77972
3037	YOR365C	0.77972
3038	YPL188W	0.77968
3039	YPR100W	0.77966
3040	YCL016C	0.77955
3041	YDL096C	0.77955
3042	YDR370C	0.77954
3043	YFL031W	0.77948
3044	YKR061W	0.77945
3045	YCL026C-A	0.77933
3046	YPL189W	0.77932
3047	YPL053C	0.7793
3048	YDL185W	0.77927
3049	YOR134W	0.77926
3050	YKL010C	0.77923
3051	YOR141C	0.77923
3052	YCR014C	0.77922
3053	YGR149W	0.77915
3054	YDL004W	0.77909
3055	YJL102W	0.77908
3056	YPR091C	0.77907
3057	YHR051W	0.77901
3058	YHR077C	0.77897
3059	YDL024C	0.7789
3060	YBR028C	0.7788
3061	YKL047W	0.77875
3062	YJL043W	0.77875
3063	YPL195W	0.7787
3064	YPL238C	0.77869
3065	YJL025W	0.77858
3066	YMR004W	0.77856
3067	YMR189W	0.7785
3068	YPL100W	0.77847
3069	YOR090C	0.77839
3070	YDL156W	0.77835
3071	YLR103C	0.7783
3072	YDR210W	0.77824
3073	YOR054C	0.77824
3074	YDL081C	0.77821
3075	YOR215C	0.77818
3076	YOR353C	0.77816
3077	YCR073C	0.77816
3078	YIL131C	0.77813
3079	YLL062C	0.77808
3080	YJR036C	0.77808
3081	YLL031C	0.77808
3082	YLR107W	0.77804
3083	YLR393W	0.77789
3084	YMR102C	0.77786
3085	YPR048W	0.77785
3086	YDR162C	0.77784
3087	YDR288W	0.77782
3088	YOR139C	0.77768
3089	YAR031W	0.77768
3090	YOL057W	0.77767
3091	YHR008C	0.77765
3092	YML025C	0.77764
3093	YLR371W	0.77758
3094	YPR189W	0.77756
3095	YOR299W	0.77746
3096	YMR156C	0.77735
3097	YOR033C	0.7772
3098	YGR088W	0.77717
3099	YLR115W	0.77708
3100	YOL111C	0.77708
3101	YMR010W	0.777
3102	YPL263C	0.77693
3103	YGR073C	0.77688
3104	YDL195W	0.77683
3105	YIR015W	0.7768
3106	YNL289W	0.77678
3107	YPR105C	0.77677
3108	YFL025C	0.77674
3109	YDR496C	0.7767
3110	YPL215W	0.77669
3111	YLR399W-A	0.77666
3112	YEL015W	0.77665
3113	YOL116W	0.77663
3114	YLR319C	0.77663
3115	YHR133C	0.77659
3116	YMR229C	0.77658
3117	YOR267C	0.77648
3118	YKL125W	0.77647
3119	YIL050W	0.77642
3120	YLR427W	0.77638
3121	YHL007C	0.77636
3122	YNR076W	0.77617
3123	YLL064C	0.77617
3124	YHR198C	0.77615
3125	YDR421W	0.7761
3126	YDR178W	0.77607
3127	YMR216C	0.77606
3128	YMR087W	0.77604
3129	YPR125W	0.77598
3130	YPR093C	0.77597
3131	YLR077W	0.77595
3132	YOL149W	0.77594
3133	YNL217W	0.77591
3134	YFR045W	0.7759
3135	YMR291W	0.77587
3136	YJL053W	0.77586
3137	YEL016C	0.77586
3138	YLR048W	0.77582
3139	YMR233W	0.77579
3140	YLR250W	0.77575
3141	YHL046C	0.77574
3142	YBR119W	0.7757
3143	YDR440W	0.7757
3144	YDR472W	0.77563
3145	YLL038C	0.77561
3146	YKL198C	0.77559
3147	YBR260C	0.77558
3148	YOR070C	0.77557
3149	YKL173W	0.77553
3150	YPL065W	0.77552
3151	YGR110W	0.77552
3152	YNL282W	0.77552
3153	YJR034W	0.77548
3154	YPR092W	0.77548
3155	YCR104W	0.77541
3156	YJL195C	0.77539
3157	YJL047C	0.77539
3158	YOR233W	0.77539
3159	YHR067W	0.77536
3160	YHR038W	0.77534
3161	YKL215C	0.7753
3162	YDR512C	0.77524
3163	YGR220C	0.77524
3164	YJR098C	0.77522
3165	YKL188C	0.77516
3166	YBL108C-A	0.77516
3167	YGL261C	0.77516
3168	YAL068C	0.77516
3169	YNL032W	0.77514
3170	YBR246W	0.77511
3171	YIL059C	0.7751
3172	YGR294W	0.77509
3173	YJL206C	0.77506
3174	YPR129W	0.77502
3175	YKR064W	0.77501
3176	YOR330C	0.77492
3177	YPR135W	0.77485
3178	YLR290C	0.77483
3179	YGR119C	0.77483
3180	YAL051W	0.77483
3181	YPR141C	0.77481
3182	YMR125W	0.77476
3183	YCR086W	0.77469
3184	YLR163C	0.77468
3185	YGR154C	0.77468
3186	YNL193W	0.77466
3187	YGL080W	0.77465
3188	YDR542W	0.77461
3189	YLR339C	0.77457
3190	YHR011W	0.77457
3191	YLR037C	0.77451
3192	YLR023C	0.77447
3193	YLR141W	0.77446
3194	YDR493W	0.77446
3195	YDR418W	0.77442
3196	YEL054C	0.77442
3197	YLR248W	0.77442
3198	YHR090C	0.77441
3199	YNL035C	0.7744
3200	YHR124W	0.77438
3201	YPL069C	0.77435
3202	YNL273W	0.77427
3203	YPL148C	0.77421
3204	YKL179C	0.77418
3205	YPL019C	0.77415
3206	YDL026W	0.77414
3207	YEL049W	0.7741
3208	YMR325W	0.77409
3209	YDL041W	0.77409
3210	YOL001W	0.77406
3211	YBR086C	0.77406
3212	YPL181W	0.77405
3213	YIL176C	0.77404
3214	YJL223C	0.77404
3215	YIR013C	0.774
3216	YOR325W	0.77391
3217	YLR461W	0.77383
3218	YMR259C	0.77381
3219	YOR055W	0.77378
3220	YGL172W	0.77375
3221	YDR152W	0.77371
3222	YMR269W	0.77363
3223	YBR072W	0.7736
3224	YMR033W	0.77356
3225	YNL119W	0.77354
3226	YBL033C	0.77348
3227	YIL008W	0.77346
3228	YMR047C	0.77346
3229	YPR094W	0.77345
3230	YOR138C	0.77344
3231	YJR004C	0.77344
3232	YLL022C	0.77344
3233	YGL147C	0.77341
3234	YHR180W	0.77333
3235	YMR013C	0.77333
3236	YOR156C	0.77302
3237	YML094C-A	0.773
3238	YOR216C	0.77293
3239	YBR301W	0.77291
3240	YER018C	0.77286
3241	YOR096W	0.77276
3242	YIL142C-A	0.77274
3243	YML096W	0.77274
3244	YNL160W	0.77272
3245	YOL161C	0.77267
3246	YGL094C	0.77267
3247	YCL059C	0.77266
3248	YLL054C	0.77264
3249	YPL268W	0.77264
3250	YOR281C	0.77257
3251	YGR193C	0.77255
3252	YIR041W	0.77249
3253	YDR311W	0.77249
3254	YOR051C	0.77242
3255	YCR035C	0.77241
3256	YKR058W	0.7724
3257	YHL012W	0.77239
3258	YLL025W	0.77237
3259	YJL141C	0.77233
3260	YML100W	0.77231
3261	YDR171W	0.7723
3262	YDL003W	0.77226
3263	YOR334W	0.77225
3264	YLR104W	0.7722
3265	YIR036W-A	0.77214
3266	YPL064C	0.77203
3267	YNL242W	0.772
3268	YJL064W	0.77199
3269	YOR331C	0.77198
3270	YKL064W	0.77196
3271	YOR376W-A	0.77192
3272	YKR025W	0.77173
3273	YBL035C	0.77172
3274	YGL165C	0.77171
3275	YDR126W	0.7717
3276	YDR444W	0.77164
3277	YLR368W	0.77162
3278	YGR223C	0.77155
3279	YMR254C	0.77154
3280	YCR042C	0.77152
3281	YOR171C	0.77152
3282	YHR214W	0.77149
3283	YAR066W	0.77149
3284	YFL013W-A	0.77148
3285	YNL110C	0.77141
3286	YNL306W	0.7713
3287	YDL232W	0.77125
3288	YGR117C	0.77123
3289	YJR051W	0.7712
3290	YOL102C	0.77116
3291	YFR056C	0.77115
3292	YDR106W	0.77112
3293	YGL069C	0.77106
3294	YOL050C	0.77103
3295	YDL035C	0.77092
3296	YML030W	0.77089
3297	YJR112W	0.77087
3298	YKL219W	0.77086
3299	YOR091W	0.77083
3300	YBR281C	0.77082
3301	YKL156W	0.77081
3302	YDR020C	0.77079
3303	Q0160	0.77074
3304	YAL016C-A	0.77074
3305	YOL046C	0.77071
3306	YMR188C	0.7707
3307	YCR071C	0.77069
3308	YLR041W	0.77068
3309	YKL224C	0.77065
3310	YKL033W	0.77064
3311	YKL175W	0.77055
3312	YDR261C	0.77055
3313	YOR038C	0.77053
3314	YPR175W	0.77049
3315	YPL191C	0.77048
3316	YGR085C	0.77048
3317	YOR237W	0.77043
3318	YPL132W	0.77041
3319	YDL066W	0.77035
3320	YDR266C	0.77035
3321	YPL083C	0.77034
3322	YOL022C	0.77024
3323	YDL083C	0.77024
3324	YMR143W	0.77024
3325	YML013W	0.77023
3326	YDR242W	0.77021
3327	YDR237W	0.77019
3328	YIL130W	0.77008
3329	YML095C	0.77008
3330	YDL023C	0.77005
3331	YER021W	0.76999
3332	YPR104C	0.76993
3333	YNL216W	0.76992
3334	YPR036W	0.76992
3335	YHR009C	0.76989
3336	YDR122W	0.76986
3337	YGR099W	0.76983
3338	YGL257C	0.76978
3339	YKL030W	0.76975
3340	YCL026C-B	0.7696
3341	YPL247C	0.76959
3342	YKL140W	0.76955
3343	YML130C	0.76954
3344	YBL101C	0.76953
3345	YDL091C	0.76947
3346	YOL105C	0.76942
3347	YBR280C	0.76941
3348	YDR308C	0.76937
3349	YGR009C	0.76932
3350	YIL017C	0.76925
3351	YGL111W	0.76924
3352	YER011W	0.76921
3353	YER078C	0.76917
3354	YIL085C	0.76917
3355	YPR006C	0.76916
3356	YKL040C	0.76914
3357	YDL030W	0.76904
3358	YPL009C	0.76901
3359	YEL053W-A	0.769
3360	YDR077W	0.76898
3361	YGL019W	0.76894
3362	YLR164W	0.76889
3363	YJR100C	0.76887
3364	YJR097W	0.76884
3365	YBL080C	0.76878
3366	YHR131W-A	0.76878
3367	YFL010C	0.76872
3368	Q0070	0.76866
3369	YJR136C	0.76866
3370	YER101C	0.76861
3371	YOR010C	0.7686
3372	YNL057W	0.76853
3373	YMR168C	0.76851
3374	YLL037W	0.76849
3375	YNL186W	0.76847
3376	YOR340C	0.76847
3377	YER165C-A	0.76844
3378	YPL210C	0.76843
3379	YJR033C	0.7684
3380	YJL006C	0.76829
3381	YDR160W	0.76828
3382	YPL119C-A	0.76822
3383	YBL047C	0.76821
3384	YKL167C	0.76817
3385	YHR052W	0.76808
3386	YPL142C	0.76808
3387	YOL108C	0.76805
3388	YNL203C	0.76805
3389	YAL042C-A	0.76805
3390	YCR026C	0.76798
3391	YDR244W	0.76798
3392	YJR142W	0.76791
3393	YHR118C	0.7679
3394	YJL063C	0.76789
3395	YGR158C	0.76787
3396	YBR251W	0.76782
3397	YBL008W	0.76772
3398	YDR407C	0.76768
3399	YDL209C	0.76764
3400	YOR200W	0.76763
3401	YKL077W	0.76757
3402	YOR161W-B	0.76751
3403	YGL169W	0.76749
3404	YGL110C	0.76749
3405	YPR108W-A	0.76741
3406	YDR403W	0.76738
3407	YIL095W	0.76738
3408	YFL009W	0.76736
3409	YGR112W	0.76733
3410	YDL159C-B	0.76732
3411	YGL213C	0.76731
3412	YHR172W	0.76729
3413	YNL325C	0.76717
3414	Q0055	0.76716
3415	YOR026W	0.76714
3416	YLR206W	0.76713
3417	YIL137C	0.76712
3418	YOR149C	0.7671
3419	YKL096W	0.76708
3420	YCR054C	0.76706
3421	YDL171C	0.76704
3422	YER151C	0.76704
3423	YDR269C	0.76702
3424	YLR021W	0.76701
3425	YGR014W	0.767
3426	YGR205W	0.76699
3427	YBL096C	0.76697
3428	YMR028W	0.76695
3429	YEL053C	0.76694
3430	YOR369C	0.76689
3431	YIL102C	0.76681
3432	YDR150W	0.7668
3433	YMR231W	0.76678
3434	YFL051C	0.76676
3435	YKL147C	0.76675
3436	YFL034C-A	0.76674
3437	YOR269W	0.76672
3438	YNL182C	0.7667
3439	YJL115W	0.76667
3440	YOL054W	0.76653
3441	YAL056C-A	0.76649
3442	YDR209C	0.76647
3443	YIR043C	0.76631
3444	YCL049C	0.76629
3445	YKL012W	0.76625
3446	YPR197C	0.76622
3447	YMR096W	0.7662
3448	YPR045C	0.76612
3449	YLL051C	0.76611
3450	YNL009W	0.76608
3451	YDL157C	0.76608
3452	YKL090W	0.76605
3453	YBR158W	0.76604
3454	YPR102C	0.76602
3455	YGR033C	0.76601
3456	YFL020C	0.766
3457	YNL158W	0.76599
3458	YBL067C	0.76594
3459	YNL149C	0.76594
3460	YDR374W-A	0.76592
3461	YFR033C	0.7659
3462	YNR040W	0.76586
3463	YGL030W	0.7658
3464	YJL096W	0.7658
3465	YAL001C	0.76571
3466	YNR069C	0.7657
3467	YPR018W	0.76566
3468	YCR013C	0.76565
3469	YDR316W	0.76563
3470	YDR087C	0.76559
3471	YDR003W	0.76553
3472	YNL294C	0.76551
3473	YNL236W	0.7655
3474	YBL108W	0.76546
3475	YCR083W	0.76545
3476	YAL014C	0.76533
3477	YGL074C	0.76531
3478	YJR090C	0.7653
3479	YLR387C	0.76527
3480	YPL167C	0.76522
3481	YIL079C	0.76521
3482	YGL098W	0.76515
3483	YPL252C	0.76512
3484	YMR281W	0.76506
3485	YLR063W	0.76506
3486	YPL072W	0.76505
3487	YKL203C	0.76501
3488	YGL127C	0.76498
3489	YCR067C	0.76495
3490	YPL248C	0.76491
3491	YJL077W-A	0.76489
3492	YGR096W	0.76489
3493	YNL085W	0.76487
3494	YGR116W	0.76487
3495	YPL131W	0.76483
3496	YOR218C	0.76473
3497	YHR126C	0.76458
3498	YDR094W	0.76455
3499	YDL116W	0.76455
3500	YIL054W	0.7645
3501	YNL310C	0.76449
3502	YJL156C	0.76449
3503	YCR093W	0.76446
3504	YBR005W	0.76446
3505	YPR057W	0.76445
3506	YER187W	0.7644
3507	YHR186C	0.76439
3508	YIL038C	0.76439
3509	YLR286W-A	0.76434
3510	YOR305W	0.76434
3511	YAL034W-A	0.76433
3512	YOR075W	0.76428
3513	YIL011W	0.76416
3514	YFL036W	0.76413
3515	YGL218W	0.7641
3516	YCL004W	0.76408
3517	YJR031C	0.76398
3518	YDR080W	0.76395
3519	YDR298C	0.76394
3520	YDR347W	0.76394
3521	YMR002W	0.76389
3522	YHR060W	0.76377
3523	YLR097C	0.76377
3524	YDL058W	0.76366
3525	YNL184C	0.76365
3526	YMR274C	0.7636
3527	YCR038C	0.76354
3528	YHR196W	0.76345
3529	YDR355C	0.76334
3530	YGR038W	0.76327
3531	YHR080C	0.76326
3532	YML105C	0.76317
3533	YGR278W	0.76313
3534	YNR054C	0.76309
3535	YLR225C	0.76308
3536	YMR306C-A	0.76308
3537	YPL222C-A	0.76308
3538	YGR183C	0.76302
3539	YML049C	0.76302
3540	YIR006C	0.76298
3541	YIL087C	0.7629
3542	YKL115C	0.76289
3543	YML057C-A	0.76287
3544	YNL303W	0.76284
3545	YGR166W	0.76282
3546	YDR206W	0.76281
3547	YGR005C	0.76277
3548	YER180C-A	0.76275
3549	YJR022W	0.76274
3550	YIL028W	0.76269
3551	YDR464C-A	0.76268
3552	YGR006W	0.76268
3553	YOR190W	0.76267
3554	YBR059C	0.76261
3555	YCL005W-A	0.76259
3556	YBL062W	0.76256
3557	YDR174W	0.76252
3558	YDL227C	0.7625
3559	YOR009W	0.76249
3560	YBR109W-A	0.76248
3561	YNL276C	0.76243
3562	YKR071C	0.76242
3563	YAL002W	0.76236
3564	YKL106W	0.76233
3565	YKR049C	0.76232
3566	YBR111W-A	0.76231
3567	YML088W	0.7623
3568	YJR111C	0.76219
3569	YER083C	0.76214
3570	YDR354W	0.76205
3571	YGR271C-A	0.76185
3572	YGR068C	0.76174
3573	YPR029C	0.76173
3574	YER014C-A	0.76172
3575	YBR226C	0.76165
3576	YDL228C	0.76159
3577	YKL057C	0.76158
3578	YDL068W	0.7615
3579	YLR016C	0.7615
3580	YHR150W	0.76147
3581	YBR099C	0.76145
3582	YGL056C	0.76142
3583	YDL022C-A	0.7614
3584	YOL076W	0.76139
3585	YNL221C	0.76137
3586	YGR090W	0.76134
3587	YHR021C	0.76132
3588	YHL002C-A	0.76132
3589	YKL037W	0.76131
3590	YDR233C	0.76125
3591	YGL067W	0.7612
3592	YOR106W	0.76119
3593	YBR190W	0.76119
3594	YKL201C	0.76115
3595	YHR022C	0.7611
3596	YDL146W	0.76109
3597	YCL048W-A	0.76102
3598	YPL165C	0.761
3599	YDR301W	0.76099
3600	YFL015C	0.76096
3601	YDR192C	0.76091
3602	YIL021C-A	0.76091
3603	YER002W	0.76089
3604	YCL034W	0.76083
3605	YGL085W	0.76082
3606	YGL153W	0.76078
3607	YML011C	0.76076
3608	YLR071C	0.76076
3609	YMR112C	0.76073
3610	YGR188C	0.76064
3611	YBL097W	0.7606
3612	YMR026C	0.76056
3613	YBR107C	0.76047
3614	YGR127W	0.76047
3615	YFL065C	0.76045
3616	YGR050C	0.76043
3617	YGL178W	0.7603
3618	YMR126C	0.76027
3619	YOR277C	0.76024
3620	YBL074C	0.76022
3621	YGL024W	0.7602
3622	YBL070C	0.76013
3623	YDL034W	0.76011
3624	YDL175C	0.7601
3625	YOL150C	0.7601
3626	YGL158W	0.76008
3627	YBL038W	0.76007
3628	YGL180W	0.76007
3629	YDR322C-A	0.76002
3630	YGL032C	0.75993
3631	YJR113C	0.7599
3632	YOL033W	0.75979
3633	YPR170W-B	0.75974
3634	YGR121W-A	0.75967
3635	YBR022W	0.75963
3636	YJL003W	0.75959
3637	YAR029W	0.75954
3638	YJL106W	0.7595
3639	YMR290W-A	0.75949
3640	YGL152C	0.75949
3641	YMR106C	0.75943
3642	YGR128C	0.75939
3643	YLR192C	0.75937
3644	YHL034W-A	0.75937
3645	YBR032W	0.75935
3646	YDL045W-A	0.75933
3647	YCR088W	0.75931
3648	YKL137W	0.75929
3649	YGR070W	0.75928
3650	YDL142C	0.75927
3651	YMR317W	0.75918
3652	YGL254W	0.75915
3653	YDL122W	0.7591
3654	YCL055W	0.75905
3655	YGL244W	0.75902
3656	YPL243W	0.75901
3657	YNL043C	0.75898
3658	YCL052C	0.75884
3659	YDR367W	0.75879
3660	YJR079W	0.75878
3661	YGL187C	0.75876
3662	YDR447C	0.75874
3663	YNL089C	0.7587
3664	YHR122W	0.75866
3665	YDR409W	0.75863
3666	YGR186W	0.7586
3667	YOL148C	0.75857
3668	YMR024W	0.75849
3669	YOL051W	0.75848
3670	YOR252W	0.75847
3671	YMR213W	0.75844
3672	YJL029C	0.7584
3673	YIL100C-A	0.75839
3674	YAR027W	0.75837
3675	YGR202C	0.75836
3676	YML089C	0.75836
3677	YNR018W	0.75833
3678	YDR218C	0.75824
3679	YKL045W	0.75823
3680	YCR038W-A	0.75804
3681	YDR417C	0.75797
3682	Q0080	0.75796
3683	YDR537C	0.75794
3684	YHR197W	0.75794
3685	YIL026C	0.75792
3686	YCR077C	0.7579
3687	YLR166C	0.75786
3688	YGL228W	0.75776
3689	YAR019W-A	0.75773
3690	YNL267W	0.75771
3691	YFR026C	0.7577
3692	YLR314C	0.75768
3693	YLR269C	0.75766
3694	YKL043W	0.75766
3695	YJL100W	0.75766
3696	YDR026C	0.75764
3697	YIR017C	0.75763
3698	YPR016W-A	0.75757
3699	YCL057W	0.75757
3700	YLL017W	0.75754
3701	YHR054W-A	0.75754
3702	YHR052W-A	0.75754
3703	YKL034W	0.7575
3704	YCL076W	0.75749
3705	YPL114W	0.75747
3706	YKR072C	0.75743
3707	YDR180W	0.75742
3708	YMR043W	0.75741
3709	YLR199C	0.75741
3710	YDR365C	0.75739
3711	YHL030W-A	0.75737
3712	YML111W	0.75735
3713	YLR076C	0.75731
3714	YLR349W	0.75728
3715	YLR464W	0.75728
3716	YEL076C-A	0.75728
3717	YAR019C	0.75727
3718	YJL009W	0.75727
3719	YJL203W	0.75725
3720	YEL076C	0.75724
3721	YKL142W	0.75719
3722	YNL077W	0.75716
3723	YPL041C	0.7571
3724	YNL272C	0.75706
3725	YEL073C	0.75704
3726	YDR253C	0.75704
3727	YIL096C	0.75703
3728	YJR061W	0.757
3729	YJR054W	0.75687
3730	YPL047W	0.75684
3731	YOL052C-A	0.75683
3732	YGR190C	0.75682
3733	YPR203W	0.7568
3734	YBR174C	0.75679
3735	YFL027C	0.75675
3736	YLR301W	0.75671
3737	YKR047W	0.75667
3738	YCR046C	0.75665
3739	YMR242W-A	0.75659
3740	YMR324C	0.75659
3741	YDL225W	0.75657
3742	YDL118W	0.7565
3743	YOR124C	0.75645
3744	YNR023W	0.75637
3745	YIL138C	0.75623
3746	YLR035C	0.75615
3747	YBL104C	0.75615
3748	YML024W	0.75615
3749	YMR154C	0.75613
3750	YBR186W	0.75613
3751	YPR139C	0.75612
3752	YGL263W	0.75612
3753	YBR089W	0.75608
3754	YBR116C	0.75607
3755	YPL007C	0.75607
3756	YDR208W	0.75604
3757	YDL130W	0.75601
3758	YGL199C	0.75594
3759	YDR168W	0.75591
3760	YIL156W-B	0.7559
3761	YAL037C-B	0.75588
3762	YBR144C	0.75581
3763	YOL088C	0.75579
3764	YNR061C	0.75578
3765	YHL028W	0.75576
3766	YDR187C	0.7557
3767	YKR075W-A	0.75569
3768	YJL165C	0.75563
3769	YOL027C	0.75559
3770	YOL077W-A	0.75559
3771	YOR256C	0.75558
3772	YPR050C	0.75556
3773	YIR021W	0.75555
3774	YJL046W	0.75547
3775	YIL068W-A	0.75544
3776	YMR157C	0.75543
3777	YIL104C	0.75543
3778	YKL205W	0.75542
3779	YOR191W	0.75542
3780	YPR155C	0.75535
3781	YNL252C	0.75534
3782	YGL192W	0.75533
3783	YCR081C-A	0.75523
3784	YMR227C	0.75521
3785	YIR040C	0.75518
3786	YEL018C-A	0.75514
3787	YDR437W	0.75503
3788	YLR015W	0.75502
3789	YPL250W-A	0.75491
3790	YGR122W	0.75486
3791	YML081C-A	0.75479
3792	YBR040W	0.75473
3793	YFL010W-A	0.75471
3794	YIL061C	0.7547
3795	YGL260W	0.75469
3796	YBL100C	0.75469
3797	YER119C-A	0.75468
3798	YMR182W-A	0.75468
3799	YLR226W	0.75467
3800	YBR067C	0.75463
3801	YER087W	0.75461
3802	YAR008W	0.75459
3803	YGR056W	0.75451
3804	YGL145W	0.75448
3805	YKL134C	0.7544
3806	YKL214C	0.75436
3807	YDR335W	0.75436
3808	YHL019W-A	0.7543
3809	YJL175W	0.7543
3810	YOR198C	0.75429
3811	YOR135C	0.75428
3812	YKL066W	0.75426
3813	YJL075C	0.75424
3814	YPR072W	0.75422
3815	YDL237W	0.75417
3816	YKR021W	0.75408
3817	YDR072C	0.75408
3818	YIL150C	0.75407
3819	YNR036C	0.75405
3820	YPR159C-A	0.754
3821	YDL172C	0.75398
3822	YHL030W	0.75397
3823	YAR053W	0.75396
3824	YFR035C	0.75393
3825	YKL153W	0.75389
3826	YLR140W	0.75386
3827	YIL115W-A	0.75382
3828	YOR180C	0.75375
3829	YBR179C	0.75375
3830	YMR245W	0.7537
3831	YLR379W	0.75366
3832	YFR013W	0.75363
3833	YHR083W	0.75357
3834	YDR179W-A	0.75356
3835	YLR425W	0.75351
3836	YIL042C	0.7535
3837	YLR124W	0.75349
3838	YNL249C	0.75343
3839	YOR029W	0.75341
3840	YNL271C	0.75334
3841	YBR231C	0.75333
3842	YDR527W	0.75333
3843	YDR053W	0.75332
3844	YKL131W	0.75328
3845	YOR345C	0.75328
3846	YMR251W-A	0.75327
3847	YEL050C	0.75323
3848	YNL051W	0.75323
3849	YHR081W	0.75322
3850	YPL241C	0.75305
3851	YOR322C	0.75302
3852	YML129C	0.75302
3853	YGL233W	0.75301
3854	YLR132C	0.75296
3855	YPR170C	0.75292
3856	YER150W	0.75289
3857	YMR039C	0.75288
3858	YER048C	0.75284
3859	YFR037C	0.7528
3860	YDL025C	0.75278
3861	YDL059C	0.75277
3862	YHR138C	0.75271
3863	YIL115C	0.75268
3864	YDR379C-A	0.75267
3865	YIL009C-A	0.75265
3866	YOL099C	0.75263
3867	YJL197C-A	0.75258
3868	YDR073W	0.75258
3869	YGR031C-A	0.75254
3870	YFL021C-A	0.75252
3871	YBR221W-A	0.75252
3872	YOR166C	0.75251
3873	YGR290W	0.75247
3874	YNL173C	0.75244
3875	YOR383C	0.75242
3876	YHR078W	0.7524
3877	YOL071W	0.7524
3878	YOR368W	0.75224
3879	YJL123C	0.75222
3880	YIL072W	0.7522
3881	YPR169W	0.7522
3882	YMR158W	0.75217
3883	YER087C-B	0.75216
3884	YLR459W	0.75215
3885	YGR102C	0.75211
3886	YGL247W	0.75209
3887	YOR020W-A	0.75206
3888	YFR043C	0.75204
3889	YMR313C	0.75202
3890	YFR016C	0.752
3891	YBR253W	0.75199
3892	YMR013C-A	0.75198
3893	YPL038W	0.75198
3894	YHR143W-A	0.75196
3895	YLR456W	0.75195
3896	YGL118C	0.75187
3897	YGR170W	0.75187
3898	YHR073W	0.75182
3899	YCL012C	0.75179
3900	YIL040W	0.75174
3901	YLR323C	0.75173
3902	YNR005C	0.75169
3903	YGL109W	0.75167
3904	YER107W-A	0.75167
3905	YLR233C	0.75162
3906	YGR109C	0.75152
3907	YMR105W-A	0.75147
3908	YJL127W-A	0.75144
3909	YGR270C-A	0.75143
3910	YOR179C	0.7514
3911	YOL039W	0.75137
3912	YOL095C	0.75134
3913	YNL067W-B	0.75133
3914	YOR294W	0.75133
3915	YKL116C	0.75126
3916	YCR019W	0.75125
3917	YOL101C	0.75121
3918	YER053C-A	0.75118
3919	YDL086C-A	0.75111
3920	YHL043W	0.75111
3921	YDR213W	0.75108
3922	YIR023C-A	0.75107
3923	YDR101C	0.75106
3924	YMR137C	0.75105
3925	YML032C	0.751
3926	YDR491C	0.75099
3927	YGR238C	0.75095
3928	YCL058C	0.75091
3929	YMR115W	0.75087
3930	YOR102W	0.75084
3931	YIL105C	0.75075
3932	YER105C	0.75072
3933	YDR114C	0.75069
3934	YDR510C-A	0.75069
3935	YPL025C	0.75067
3936	YDR274C	0.75064
3937	YPR177C	0.75063
3938	YMR158W-B	0.75061
3939	YKL015W	0.75058
3940	YPL128C	0.75057
3941	YMR057C	0.7505
3942	YLR317W	0.7505
3943	YAL013W	0.75048
3944	YEL035C	0.75044
3945	YGR059W	0.75036
3946	YAL045C	0.75034
3947	YNL081C	0.75034
3948	YDR420W	0.75034
3949	YER113C	0.75031
3950	YBR278W	0.75029
3951	YER007W	0.75027
3952	YNL118C	0.75022
3953	YIL154C	0.75017
3954	YDR245W	0.75013
3955	YDR461W	0.75008
3956	YDR290W	0.75008
3957	YBR161W	0.75008
3958	YJR038C	0.75001
3959	YDR337W	0.75001
3960	YJR102C	0.74994
3961	YMR275C	0.74994
3962	YLR194C	0.74991
3963	YMR130W	0.74984
3964	YIL090W	0.74982
3965	YPR077C	0.7498
3966	YML071C	0.74978
3967	YNL137C	0.74978
3968	YLR122C	0.74977
3969	YHR070C-A	0.74975
3970	YHL045W	0.7497
3971	YPL228W	0.7497
3972	YLL004W	0.74967
3973	YJR150C	0.74962
3974	YPL032C	0.74961
3975	YBR232C	0.74958
3976	YNL084C	0.74955
3977	YJL069C	0.74953
3978	YBR142W	0.74944
3979	YOR031W	0.74943
3980	YNL080C	0.74939
3981	YLR396C	0.74938
3982	YGL203C	0.74933
3983	YER058W	0.74932
3984	YNL038W	0.74923
3985	YLR149C-A	0.74913
3986	YJR066W	0.74911
3987	YLR390W-A	0.74911
3988	YHR045W	0.7491
3989	YLR183C	0.74909
3990	YCL037C	0.74907
3991	YNL228W	0.74905
3992	YML034C-A	0.74899
3993	YLR084C	0.74898
3994	YKL005C	0.74893
3995	YGL123C-A	0.74889
3996	YDR027C	0.74888
3997	YGL129C	0.74883
3998	YJL169W	0.74882
3999	YJR050W	0.7488
4000	YKR096W	0.74873
4001	YOR050C	0.74872
4002	YJL071W	0.74866
4003	YEL067C	0.74864
4004	YPL074W	0.74863
4005	YCL067C	0.74863
4006	YCR039C	0.74863
4007	YNR007C	0.74858
4008	YHL048C-A	0.74854
4009	YDR442W	0.74853
4010	YDR049W	0.74853
4011	YGR052W	0.74849
4012	YHL049C	0.74838
4013	YFR010W-A	0.74837
4014	YFR052W	0.74833
4015	YPL044C	0.74827
4016	YER147C-A	0.74823
4017	YDL203C	0.74823
4018	YPR014C	0.74821
4019	YIR011C	0.74817
4020	YDL133W	0.74817
4021	YER024W	0.74816
4022	YPR179C	0.74813
4023	YIR020C-B	0.74813
4024	YNL128W	0.7481
4025	YJL173C	0.74805
4026	YKR032W	0.74804
4027	YBR255C-A	0.74804
4028	YKL036C	0.74803
4029	YMR211W	0.74802
4030	YOR082C	0.74797
4031	YOR069W	0.74797
4032	YAL067W-A	0.74794
4033	YDL162C	0.74792
4034	YCR052W	0.74792
4035	YDR363W-A	0.74788
4036	YKL124W	0.74785
4037	YDL148C	0.74779
4038	YNL296W	0.74772
4039	YAR064W	0.74769
4040	YGR044C	0.74766
4041	YIR005W	0.74763
4042	YJR023C	0.74761
4043	YLR156W	0.7476
4044	YLR161W	0.7476
4045	YLR159W	0.7476
4046	YJR145C	0.74755
4047	YHR203C	0.74755
4048	YNL073W	0.74753
4049	YNL284C	0.74751
4050	YOR112W	0.74751
4051	YGL217C	0.74746
4052	YJL098W	0.74745
4053	YPR152C	0.74745
4054	YML100W-A	0.74734
4055	YPR001W	0.74734
4056	YAL047W-A	0.74731
4057	YPL182C	0.74729
4058	YDR478W	0.74723
4059	YPL260W	0.74723
4060	YCR041W	0.74719
4061	YMR267W	0.74709
4062	YER128W	0.74706
4063	YMR067C	0.74706
4064	YOR060C	0.74703
4065	YJR128W	0.747
4066	YKR028W	0.74694
4067	YOR008C-A	0.74694
4068	YML084W	0.74675
4069	YBR056W-A	0.74675
4070	YIR017W-A	0.74674
4071	YCR085W	0.74673
4072	YGR091W	0.74664
4073	YOR260W	0.74657
4074	YLR374C	0.74656
4075	YCR049C	0.74653
4076	YLR096W	0.74653
4077	YJR126C	0.74649
4078	YDR230W	0.74644
4079	YDR323C	0.74641
4080	YDR137W	0.74637
4081	YPR053C	0.74636
4082	YML031C-A	0.74631
4083	YEL061C	0.74628
4084	YJR147W	0.74628
4085	YOR205C	0.74627
4086	YDL163W	0.74626
4087	YLR191W	0.74626
4088	YDL187C	0.74604
4089	YGL092W	0.74602
4090	YLR125W	0.74598
4091	YML050W	0.74591
4092	YIL161W	0.74584
4093	YNL130C-A	0.74584
4094	YNL187W	0.74583
4095	YGL146C	0.74582
4096	YDR198C	0.74582
4097	YGR259C	0.74581
4098	YKL089W	0.74579
4099	YBL039C-A	0.74576
4100	YBR266C	0.74576
4101	YIL111W	0.74573
4102	YPR076W	0.74568
4103	YBR102C	0.74567
4104	YHR213W-B	0.74565
4105	YDR250C	0.74565
4106	YOL083C-A	0.74564
4107	YLR062C	0.74563
4108	YJL077C	0.74561
4109	YOR288C	0.74561
4110	YER145C-A	0.74561
4111	YLR444C	0.7456
4112	YDR360W	0.74559
4113	YOR344C	0.74558
4114	YOL026C	0.74556
4115	YOR364W	0.7455
4116	YNL150W	0.7455
4117	YDR006C	0.74548
4118	YBR141W-A	0.74547
4119	YOL037C	0.74544
4120	YDR426C	0.7454
4121	YJL120W	0.74537
4122	YPL057C	0.74533
4123	YDR246W	0.74531
4124	YOR041C	0.74526
4125	YKL096W-A	0.74523
4126	YER068W	0.74522
4127	YLL045C	0.74522
4128	YGL235W	0.74521
4129	YKL149C	0.74521
4130	R0010W	0.74518
4131	YPL155C	0.74515
4132	YOR146W	0.74513
4133	YMR316C-B	0.74513
4134	YDR052C	0.74509
4135	YNR028W	0.74507
4136	YPL137C	0.74505
4137	YER148W-A	0.74504
4138	YKL083W	0.74502
4139	YGL014W	0.74498
4140	YDR247W	0.74496
4141	YPR010C-A	0.74493
4142	YDR449C	0.74491
4143	YOR045W	0.74487
4144	YOR346W	0.74481
4145	YHR125W	0.74481
4146	YMR005W	0.7448
4147	YLR417W	0.7448
4148	YJR119C	0.7448
4149	YER172C-A	0.74479
4150	YJR140C	0.74478
4151	YGR068W-A	0.74477
4152	YEL020C-B	0.74477
4153	YDR128W	0.74474
4154	YCR091W	0.74472
4155	YCR064C	0.74472
4156	YNR068C	0.74469
4157	YLR363C	0.74468
4158	YMR209C	0.74465
4159	YIL058W	0.74463
4160	YGR107W	0.74463
4161	YDR482C	0.74459
4162	YLL059C	0.74456
4163	YPL135C-A	0.74455
4164	YCL065W	0.74449
4165	YDR344C	0.74447
4166	YDR524C-B	0.74445
4167	YJL015C	0.74445
4168	YNL162W-A	0.74436
4169	YDL150W	0.74424
4170	YOR068C	0.74424
4171	YBR258C	0.74416
4172	YGR042W	0.74413
4173	YBR027C	0.74411
4174	YKL102C	0.74396
4175	YPR063C	0.74392
4176	YMR173W-A	0.74388
4177	YLR260W	0.74387
4178	YHR071C-A	0.74384
4179	YGL142C	0.74383
4180	YBR284W	0.74383
4181	YMR173W	0.74381
4182	YHR079C	0.7438
4183	YDR102C	0.74377
4184	YAR070C	0.74376
4185	YGR167W	0.74375
4186	YGL123W	0.74375
4187	YPR085C	0.74371
4188	YLR202C	0.74367
4189	YHR214C-E	0.74367
4190	YJR115W	0.74359
4191	YIL132C	0.74359
4192	YEL023C	0.74358
4193	YOR379C	0.74352
4194	YMR077C	0.74352
4195	YDR405W	0.74345
4196	YPL144W	0.74341
4197	YHR073C-B	0.74335
4198	YER030W	0.74335
4199	YOR108C-A	0.74334
4200	YOL019W-A	0.74332
4201	YER152W-A	0.74332
4202	YNL012W	0.7433
4203	YIR001C	0.7433
4204	YML122C	0.74328
4205	YBR200W-A	0.74328
4206	YER023C-A	0.74326
4207	YIL105W-A	0.74317
4208	YBR129C	0.74316
4209	YKL223W	0.74314
4210	YCR006C	0.74313
4211	YKL183C-A	0.74309
4212	YMR008C-A	0.74306
4213	YBR026C	0.74303
4214	YLR281C	0.7429
4215	YKL168C	0.7429
4216	YNL324W	0.74289
4217	YBR193C	0.74288
4218	YOR080W	0.74288
4219	YOR263C	0.74288
4220	YOR150W	0.74286
4221	YGR171C	0.74284
4222	YNL017C	0.74284
4223	YKL104W-A	0.74281
4224	YGR051C	0.74275
4225	YER127W	0.74273
4226	YEL030C-A	0.74273
4227	YIL049W	0.74271
4228	YLR061W	0.74266
4229	YDR108W	0.74258
4230	YLL016W	0.74257
4231	YLR309C	0.74257
4232	YFL064C	0.74254
4233	YDR315C	0.74251
4234	YGL204C	0.74251
4235	YMR012W	0.74249
4236	YDL213W-A	0.74246
4237	YNL146C-A	0.74244
4238	YMR061W	0.74243
4239	YJR039W	0.74243
4240	YGR069W	0.74236
4241	YEL008W	0.74224
4242	YPL080C	0.74221
4243	YDR169C-A	0.74218
4244	YER139C	0.74215
4245	YDR414C	0.7421
4246	YKL076C	0.74207
4247	YGL160W	0.74205
4248	YLR255C	0.74201
4249	YBL077W	0.742
4250	YNL126W	0.74197
4251	YNL028W	0.74192
4252	YML104C	0.74185
4253	YPR055W	0.74185
4254	YCL029C	0.74185
4255	YBR076C-A	0.7418
4256	YJL022W	0.74177
4257	YGL150C	0.74174
4258	YNL304W	0.74169
4259	YAL059C-A	0.74167
4260	YPR087W	0.7416
4261	YOL097W-A	0.74157
4262	YNL097C	0.74154
4263	YPR097W	0.7414
4264	YPR160C-A	0.74136
4265	YLR013W	0.74131
4266	YPR195C	0.7413
4267	YJR122W	0.74129
4268	YOR034C-A	0.74127
4269	YAL043C	0.74123
4270	YDR220C	0.74119
4271	YER046W-A	0.74118
4272	YHR069C-A	0.74111
4273	YDR283C	0.7411
4274	YOR229W	0.74104
4275	YLR264C-A	0.74097
4276	YDR175C	0.7409
4277	YJL132W	0.74088
4278	YMR212C	0.74088
4279	YPR089W	0.74084
4280	YIL029W-A	0.74079
4281	YDL179W	0.74073
4282	YNL029C	0.74072
4283	YHR214C-C	0.7407
4284	YMR272W-A	0.74068
4285	YOL155W-A	0.74065
4286	YJL202C	0.74062
4287	YNR003W-A	0.74061
4288	YJL127C	0.74058
4289	YKL170W	0.74047
4290	YDR320C-A	0.74044
4291	YIL027C	0.74044
4292	YGR146C-A	0.74042
4293	YBR247C	0.74041
4294	YJL101C	0.74036
4295	YKR092C	0.74036
4296	YJL067W	0.74035
4297	YKR035C	0.74028
4298	YPL123C	0.74028
4299	YLR157W-E	0.74024
4300	YML048W	0.74021
4301	YPL185W	0.74019
4302	YJL222W-B	0.74019
4303	YIL175W	0.74019
4304	YOR211C	0.74008
4305	YGR235C	0.74008
4306	YMR185W	0.74004
4307	YNL174W	0.73994
4308	YHR095W	0.73993
4309	YGR178C	0.73993
4310	YOR319W	0.73988
4311	YBR031W	0.73983
4312	YNR059W	0.73982
4313	YGR226C	0.73979
4314	YLR054C	0.73979
4315	YOL045W	0.73978
4316	YKR041W	0.73974
4317	YNR006W	0.73973
4318	YLL020C	0.73973
4319	YOR072W	0.73972
4320	YKL156C-A	0.73969
4321	YNL026W	0.73964
4322	YMR086C-A	0.73962
4323	YJL142C	0.73961
4324	YHR022C-A	0.73959
4325	YIL156W-A	0.7395
4326	YGL133W	0.73949
4327	YMR287C	0.73945
4328	YLR302C	0.73936
4329	YGR176W	0.73935
4330	YPL233W	0.73933
4331	YGR227W	0.73932
4332	YER008C	0.73929
4333	YGL116W	0.73927
4334	YNL120C	0.73926
4335	YDR079W	0.73922
4336	YML020W	0.73918
4337	YBL066C	0.73914
4338	YLR305C	0.73913
4339	YGR269W	0.739
4340	YOR064C	0.73896
4341	YHR158C	0.73892
4342	YIL089W	0.73888
4343	YNL097C-B	0.73881
4344	YHR084W	0.73881
4345	YGL034C	0.73872
4346	YMR013W-A	0.73866
4347	YGL258W-A	0.73861
4348	YMR001C-A	0.7386
4349	YDR526C	0.73859
4350	YBL044W	0.73859
4351	YCR087W	0.73858
4352	YPL062W	0.73856
4353	YHL021C	0.7385
4354	YBR103C-A	0.7385
4355	YPR150W	0.73848
4356	YPR099C	0.73848
4357	YAL034C-B	0.73846
4358	YOR194C	0.73844
4359	YGL102C	0.73838
4360	YOR238W	0.73836
4361	YDR012W	0.73832
4362	YKR082W	0.73832
4363	YIR020C	0.73831
4364	YCL046W	0.73829
4365	YKL031W	0.73829
4366	YEL009C	0.73823
4367	YMR272W-B	0.73822
4368	YJL204C	0.73818
4369	YER068C-A	0.73813
4370	YNL103W-A	0.7381
4371	YKL177W	0.7381
4372	YBR212W	0.73809
4373	YDR460W	0.73801
4374	YJL152W	0.73801
4375	YDR501W	0.73797
4376	YKR073C	0.73792
4377	YLR350W	0.73788
4378	YBL086C	0.73782
4379	YDR314C	0.73762
4380	YDR389W	0.73754
4381	YDR262W	0.73752
4382	YOR073W-A	0.73748
4383	YLR288C	0.73747
4384	YOL079W	0.7374
4385	YLR337C	0.73739
4386	YGR270W	0.73739
4387	YKL088W	0.73734
4388	YER048W-A	0.73733
4389	YMR316W	0.73728
4390	YGR228W	0.73727
4391	YMR182C	0.73727
4392	YHL033C	0.73725
4393	YDR134C	0.73722
4394	YDR326C	0.73716
4395	YKR007W	0.73715
4396	YOR043W	0.73714
4397	YDL112W	0.73711
4398	YHL006W-A	0.73705
4399	YMR307C-A	0.73702
4400	YLR123C	0.73702
4401	YJL061W	0.73701
4402	YIL070C	0.737
4403	YOL028C	0.737
4404	YBR150C	0.73698
4405	YML046W	0.73698
4406	YHR086W-A	0.73697
4407	YDR271C	0.73696
4408	YLL035W	0.73692
4409	YJL140W	0.73687
4410	YJL007C	0.73687
4411	YBR290W	0.73687
4412	YLR162W	0.73687
4413	YDL065C	0.73681
4414	YDR484W	0.73681
4415	YIL029C	0.7368
4416	YLR416C	0.7368
4417	YPR071W	0.73678
4418	YKR065C	0.73676
4419	YAR009C	0.73667
4420	YIR044C	0.73664
4421	YOR282W	0.73659
4422	YDL214C	0.73658
4423	YDR354C-A	0.73656
4424	YJL057C	0.73655
4425	YLR039C	0.73651
4426	YDL028C	0.73651
4427	YOL013W-A	0.73651
4428	YDR044W	0.7365
4429	YPR116W	0.73644
4430	YEL059W	0.73644
4431	YCR097W-A	0.73642
4432	YGR064W	0.73641
4433	YJR082C	0.7364
4434	YJR110W	0.73638
4435	YNR066C	0.73637
4436	YLR392C	0.73637
4437	YMR119W-A	0.73636
4438	YLR010C	0.73629
4439	YFR034W-A	0.73629
4440	YPL136W	0.73628
4441	YDR333C	0.73623
4442	YKL183W	0.73621
4443	YAL055W	0.73621
4444	YJL156W-A	0.7362
4445	YKL169C	0.73619
4446	YML026C	0.73619
4447	YDR450W	0.73619
4448	YMR190C	0.73614
4449	YPR148C	0.73611
4450	YNL227C	0.7361
4451	YPL186C	0.73606
4452	YKL136W	0.73603
4453	YFR034C	0.736
4454	YMR247W-A	0.73599
4455	YDR110W	0.73598
4456	YKR023W	0.73597
4457	YLR312W-A	0.73596
4458	YLR329W	0.73595
4459	YHR139C-A	0.73594
4460	YPL026C	0.73592
4461	YOR081C	0.73589
4462	YGL088W	0.73588
4463	YKR089C	0.73585
4464	YGL060W	0.7357
4465	YFL023W	0.7357
4466	YCR089W	0.73569
4467	YDR371C-A	0.73569
4468	YJL052C-A	0.73565
4469	YDL053C	0.73562
4470	YDR279W	0.73559
4471	YKL195W	0.73555
4472	YMR019W	0.73554
4473	YDL032W	0.73554
4474	YLR247C	0.73553
4475	YGL063C-A	0.73552
4476	YDR504C	0.73551
4477	YJL027C	0.73548
4478	YOR115C	0.73547
4479	YIL012W	0.73536
4480	YCR047W-A	0.73534
4481	YHR214C-B	0.73532
4482	YBR058C-A	0.7353
4483	YDL025W-A	0.7353
4484	YKL079W	0.73527
4485	YEL022W	0.73525
4486	YPL163C	0.73519
4487	YCL068C	0.73514
4488	YAR069C	0.73513
4489	YHR214C-D	0.73513
4490	YDR521W	0.73508
4491	YDL221W	0.73499
4492	YDL013W	0.73498
4493	YLR336C	0.73497
4494	YGR045C	0.73491
4495	YDL183C	0.73491
4496	YHL005C	0.73488
4497	YCL023C	0.73479
4498	YER041W	0.73479
4499	YLR120W-A	0.73475
4500	YBR121C-A	0.73472
4501	YBR178W	0.73468
4502	YPR059C	0.73462
4503	YDR149C	0.73462
4504	YNL019C	0.73461
4505	YIL156W	0.7346
4506	YDR034W-B	0.7346
4507	YDL196W	0.73457
4508	YGR046W	0.73456
4509	YOL160W	0.73455
4510	R0020C	0.73455
4511	YOR228C	0.73449
4512	YLR127C	0.73445
4513	YDR246W-A	0.73441
4514	YDR251W	0.7344
4515	YPL225W	0.73438
4516	YKL058W	0.73432
4517	YOR199W	0.73431
4518	YKL172W	0.73431
4519	YNL338W	0.73427
4520	YDR470C	0.73425
4521	YLR009W	0.73416
4522	YGL195W	0.73416
4523	YBR277C	0.73412
4524	YDL074C	0.7341
4525	YNL033W	0.73408
4526	YBR065C	0.73406
4527	YJL131C	0.73397
4528	YOL144W	0.73396
4529	YCL056C	0.73389
4530	YMR194C-A	0.73386
4531	YIR018C-A	0.73385
4532	YJR120W	0.73384
4533	YOR314W	0.73383
4534	YMR031W-A	0.73382
4535	YBR206W	0.73382
4536	YHR032C-A	0.73379
4537	YPL020C	0.73375
4538	YDR473C	0.73373
4539	YOR174W	0.73371
4540	YDR147W	0.73371
4541	YDR231C	0.73362
4542	YLR331C	0.73357
4543	YHR180W-A	0.73348
4544	YLR075W	0.73337
4545	YPL143W	0.73337
4546	YNL208W	0.73335
4547	YLR162W-A	0.73327
4548	YPL040C	0.73324
4549	YBL045C	0.73324
4550	YDR365W-B	0.73318
4551	YHR059W	0.73314
4552	YDR320W-B	0.73306
4553	YHR217C	0.73303
4554	YNR042W	0.73301
4555	YPR136C	0.73299
4556	YLL032C	0.73298
4557	YIL060W	0.7329
4558	YGR017W	0.73282
4559	YJL044C	0.7328
4560	YPL107W	0.73279
4561	YDL045C	0.73278
4562	YKL011C	0.73277
4563	YNL170W	0.73277
4564	YMR122C	0.73275
4565	YNL308C	0.73274
4566	YLR171W	0.73272
4567	YFR009W-A	0.73266
4568	YML116W-A	0.73266
4569	YOR227W	0.73262
4570	YOR225W	0.7326
4571	YMR283C	0.73259
4572	YNL201C	0.73257
4573	YBL083C	0.73255
4574	YDR153C	0.73253
4575	YOL087C	0.7325
4576	YBR134W	0.73249
4577	YNL177C	0.73245
4578	YNR044W	0.73244
4579	YLR001C	0.73242
4580	YDR278C	0.73242
4581	YKL032C	0.73238
4582	YBR044C	0.73236
4583	YDR071C	0.73232
4584	YGR002C	0.73229
4585	YBL087C	0.73229
4586	YER117W	0.73229
4587	YML016C	0.73226
4588	YER135C	0.73225
4589	YIL024C	0.73216
4590	YOR098C	0.73213
4591	YHR021W-A	0.73213
4592	YIL174W	0.73212
4593	YJL222W-A	0.73212
4594	YNL052W	0.73211
4595	YDR327W	0.73211
4596	YNL042W-B	0.73203
4597	YDL043C	0.73199
4598	YDL099W	0.73198
4599	YMR065W	0.73198
4600	YOL107W	0.73194
4601	YBL010C	0.73193
4602	YNL143C	0.7319
4603	YPR030W	0.73188
4604	YBR216C	0.73185
4605	YER088C-A	0.73185
4606	YDL071C	0.73183
4607	YDR520C	0.73181
4608	YKR044W	0.73179
4609	YMR044W	0.73178
4610	YPL038W-A	0.73176
4611	YJL039C	0.73174
4612	YGL188C	0.73165
4613	YCR024C	0.73163
4614	YDL062W	0.73163
4615	YHR101C	0.73153
4616	YKL097C	0.73152
4617	YLR311C	0.7315
4618	YLR173W	0.73149
4619	YPR079W	0.73146
4620	YPR026W	0.73139
4621	YNR001W-A	0.73139
4622	YLL006W-A	0.73138
4623	YGR097W	0.73138
4624	YGL072C	0.73137
4625	YFR029W	0.73134
4626	YBR276C	0.73131
4627	YGR182C	0.73131
4628	YLR142W	0.73127
4629	YNL262W	0.73127
4630	YEL045C	0.73126
4631	YHR053C	0.73123
4632	YHR055C	0.73123
4633	YDR416W	0.7312
4634	YDR423C	0.73118
4635	YBR064W	0.7311
4636	YGL134W	0.73107
4637	YDL002C	0.73105
4638	YLR296W	0.73104
4639	YER138C	0.73102
4640	YLR342W-A	0.73099
4641	YML045W	0.73099
4642	YDR221W	0.7309
4643	YMR165C	0.7309
4644	YBR268W	0.73084
4645	YOR161W-A	0.73083
4646	YLR256W-B/YLR256W-C	0.73083
4647	YJR114W	0.73083
4648	YDR535C	0.73081
4649	YDR524W-C	0.73081
4650	YIR030W-A	0.73076
4651	YJL127C-B	0.73076
4652	YPL251W	0.73075
4653	YOL103W-B	0.73073
4654	YOR234C	0.7307
4655	YHR035W	0.73064
4656	YOR143C	0.73063
4657	YJR062C	0.73057
4658	YCR102W-A	0.73055
4659	YJR027W	0.73054
4660	YJL119C	0.73052
4661	YMR192W	0.7305
4662	YPR064W	0.73048
4663	YLR163W-A	0.73044
4664	YOR314W-A	0.73043
4665	YER019C-A	0.73041
4666	YNL145W	0.73036
4667	YMR122W-A	0.73029
4668	YBR097W	0.73027
4669	YPL205C	0.73027
4670	YOR300W	0.73022
4671	YCL031C	0.73018
4672	YOR183W	0.73016
4673	YPL257W-B	0.73016
4674	YMR175W-A	0.73014
4675	YMR316C-A	0.73011
4676	YGL239C	0.73002
4677	YBL059C-A	0.72987
4678	YBL079W	0.72987
4679	YGR258C	0.72986
4680	YHR213W-A	0.72985
4681	YDR098C-B	0.72981
4682	YBL004W	0.72978
4683	YER067C-A	0.72974
4684	YBR090C	0.72972
4685	YGR038C-B	0.72972
4686	YER137W-A	0.72964
4687	YPR133W-A	0.72963
4688	YBR009C	0.72961
4689	YPR158C-D	0.7296
4690	YMR247C	0.72956
4691	YMR050C	0.72954
4692	YDR215C	0.72952
4693	YNL109W	0.72951
4694	YEL017W	0.7295
4695	YML047W-A	0.72948
4696	YBL065W	0.72948
4697	YLR322W	0.72947
4698	YMR103C	0.72943
4699	YKL068W	0.72943
4700	YGR057C	0.7294
4701	YBL094C	0.72938
4702	YJL054W	0.72937
4703	YAL037W	0.72937
4704	YKL044W	0.72936
4705	YDR241W	0.72934
4706	YLR157C-B	0.72933
4707	YOL053W	0.72932
4708	YDR376W	0.72925
4709	YOR249C	0.72925
4710	YJR018W	0.72924
4711	YJL135W	0.72924
4712	YML039W	0.72923
4713	YBR279W	0.72916
4714	YJL211C	0.72909
4715	YGR161C-D	0.72907
4716	YNL144W-A	0.72905
4717	YPR191W	0.72898
4718	YGR174C	0.72895
4719	YLL030C	0.72895
4720	YCL041C	0.72893
4721	YDR467C	0.72889
4722	YPR137C-B	0.72883
4723	YOR203W	0.72882
4724	YPR146C	0.72881
4725	YPR031W	0.7288
4726	YGR219W	0.72877
4727	YJR029W	0.72875
4728	YFL015W-A	0.72872
4729	YBR010W	0.72868
4730	YDL009C	0.72866
4731	YHR063W-A	0.72862
4732	YKR004C	0.72858
4733	YKL110C	0.72858
4734	YGR204C-A	0.72857
4735	YDR210C-D	0.72856
4736	YLL007C	0.72854
4737	YHL024W	0.72852
4738	YBR012W-B	0.72848
4739	YNL139C	0.72848
4740	YGR022C	0.72847
4741	YLR227W-B	0.72841
4742	YER160C	0.72838
4743	YNL179C	0.72833
4744	YNL269W	0.72828
4745	YHL037C	0.72827
4746	YGL191W	0.72817
4747	YDR316W-B	0.72814
4748	YDR081C	0.72812
4749	YHL044W	0.72808
4750	YGR027W-B	0.72801
4751	YBR196C-B	0.72801
4752	YOR268C	0.728
4753	YIL047C-A	0.7279
4754	YNL138W-A	0.72788
4755	YGR293C	0.72788
4756	YOR093C	0.72783
4757	YLR035C-A	0.7278
4758	YNL114C	0.72776
4759	YGL052W	0.72775
4760	YOR142W-B	0.72775
4761	YPL173W	0.72775
4762	YOR123C	0.72773
4763	YGL041C	0.72768
4764	YMR141C	0.72767
4765	YJL148W	0.72764
4766	YDR382W	0.7276
4767	YHR180C-B	0.7275
4768	YJL092W	0.72748
4769	YCR045W-A	0.72744
4770	YGL226W	0.72743
4771	YHR109W	0.72737
4772	YJL109C	0.72725
4773	YPL278C	0.72725
4774	YBR098W	0.72721
4775	YJL062W-A	0.72719
4776	YDR486C	0.72719
4777	YLL019C	0.72717
4778	YGR114C	0.72717
4779	YLR177W	0.72713
4780	YDR359C	0.72711
4781	YBR016W	0.7271
4782	YOR293C-A	0.72709
4783	YGR265W	0.72708
4784	YDR197W	0.72706
4785	YNL315C	0.72705
4786	YKL075C	0.72697
4787	YNL054W-B	0.7269
4788	YPR109W	0.72685
4789	YMR171C	0.72681
4790	YNR075C-A	0.7268
4791	YGL177W	0.72675
4792	YJL215C	0.72671
4793	YER118C	0.72665
4794	YLR415C	0.72663
4795	YDR366C	0.72647
4796	YDR445C	0.72645
4797	YBL005W-B	0.72639
4798	YLR236C	0.72636
4799	YIL056W	0.72633
4800	YLR159C-A	0.72628
4801	YLR156C-A	0.72628
4802	YLR157C-C	0.72628
4803	YLR154C-H	0.72628
4804	YHR212W-A	0.72626
4805	YAR061W	0.72626
4806	YDL114W	0.72622
4807	YOR335W-A	0.72621
4808	YBR298C-A	0.72618
4809	YGL025C	0.72617
4810	YPR158W-B	0.72616
4811	YIL005W	0.72611
4812	YLR406C-A	0.7261
4813	YBR217W	0.7261
4814	YPL197C	0.72605
4815	YMR135W-A	0.72601
4816	YDR118W-A	0.726
4817	YLR111W	0.72595
4818	YLR428C	0.72591
4819	YKR030W	0.72587
4820	YOR337W	0.72587
4821	YOL166W-A	0.72584
4822	YNL047C	0.7258
4823	YMR045C	0.72579
4824	YIL134C-A	0.72572
4825	YIL084C	0.72564
4826	YIL077C	0.72564
4827	YAR030C	0.72561
4828	YNL284C-B	0.72561
4829	YJL184W	0.72557
4830	YPL149W	0.72555
4831	YHR058C	0.72555
4832	YDR511W	0.72546
4833	YDR329C	0.72545
4834	YDR261C-D	0.72543
4835	YAL065C	0.72541
4836	YFR052C-A	0.7253
4837	YCR024C-B	0.72527
4838	YBR240C	0.72524
4839	YDR119W	0.72522
4840	YPR130C	0.7252
4841	YAL064W	0.7252
4842	YDL114W-A	0.72515
4843	YKL155C	0.72513
4844	YHR154W	0.7251
4845	YDR136C	0.72499
4846	YGR108W	0.72489
4847	YMR053C	0.72488
4848	YMR070W	0.72486
4849	YDR413C	0.72486
4850	Q0110	0.72485
4851	YOR302W	0.7248
4852	YHR073W-A	0.72478
4853	YOL159C	0.72458
4854	YLR232W	0.72457
4855	YMR237W	0.72457
4856	YNL278W	0.72456
4857	YDR003W-A	0.72456
4858	YNL265C	0.72452
4859	YGR035W-A	0.72446
4860	YLL019W-A	0.72445
4861	YHR146W	0.72443
4862	YDR544C	0.72442
4863	YLR228C	0.72441
4864	YMR129W	0.72439
4865	YLR379W-A	0.72436
4866	YPL257W	0.72435
4867	YGL132W	0.72426
4868	YGR104C	0.72416
4869	YER091C-A	0.72413
4870	YDL085C-A	0.72412
4871	YLL049W	0.72409
4872	YMR159C	0.72408
4873	YMR207C	0.72407
4874	YPR040W	0.72395
4875	YDL077C	0.72391
4876	YEL050W-A	0.72389
4877	YPL073C	0.72389
4878	YDR281C	0.72389
4879	YPR022C	0.72385
4880	YDR154C	0.72384
4881	YKL049C	0.72378
4882	YLL002W	0.72375
4883	YGR184C	0.72374
4884	YMR295C	0.72369
4885	YJR151W-A	0.72368
4886	YPR039W	0.72364
4887	YLR087C	0.72364
4888	Q0075	0.72357
4889	YGL136C	0.72355
4890	YKL165C-A	0.72354
4891	YOR316C-A	0.72352
4892	YPR166C	0.72351
4893	YML012C-A	0.7234
4894	YOR012W	0.72339
4895	YDR199W	0.72332
4896	YDR489W	0.72323
4897	YER047C	0.7232
4898	YNR035C	0.72313
4899	YLR148W	0.72307
4900	YOR017W	0.72306
4901	YLR285C-A	0.72303
4902	YAL026C-A	0.72289
4903	YER115C	0.72288
4904	YIL020C-A	0.72281
4905	YBR259W	0.72281
4906	YPL178W	0.72278
4907	YLR365W	0.72277
4908	YGR106C	0.72277
4909	YCR050C	0.72272
4910	YLR385C	0.7227
4911	YGR236C	0.7227
4912	YPL126W	0.72265
4913	YDR008C	0.72264
4914	YLR235C	0.72262
4915	YDR228C	0.72253
4916	YML007C-A	0.72248
4917	YLL046C	0.72247
4918	YJL028W	0.72243
4919	YKL123W	0.72243
4920	YAL037C-A	0.72233
4921	YNL277W-A	0.72232
4922	YLR467C-A	0.72226
4923	YLR466C-A	0.72226
4924	YOR396C-A	0.72226
4925	YMR060C	0.72223
4926	YLL067W-A	0.72223
4927	YFL068W	0.72223
4928	YLL066W-A	0.72223
4929	YAL056W	0.7222
4930	YBL084C	0.72219
4931	YHR105W	0.72218
4932	YMR048W	0.72202
4933	YOR338W	0.72201
4934	YBR219C	0.72199
4935	YBR133C	0.72199
4936	YGL124C	0.72197
4937	YDR010C	0.72195
4938	YLR154C	0.72194
4939	YJL112W	0.7219
4940	YOL166C	0.72188
4941	YGR027C	0.72187
4942	YHR049C-A	0.72187
4943	YGL149W	0.72187
4944	YPR202W	0.72178
4945	YHR023W	0.72172
4946	YMR091C	0.72169
4947	YHR001W-A	0.72163
4948	YOL003C	0.7216
4949	YDR255C	0.72157
4950	YOR072W-B	0.72155
4951	YML117W	0.72152
4952	YDR222W	0.72151
4953	YNL024C-A	0.72143
4954	YNL253W	0.72139
4955	YCR025C	0.72133
4956	YJL201W	0.72128
4957	YIL014C-A	0.72122
4958	YJL188C	0.72119
4959	YLR347W-A	0.72118
4960	YBL006W-A	0.72116
4961	YEL074W	0.72114
4962	YJL182C	0.72111
4963	YLR154W-C	0.72106
4964	YMR007W	0.72103
4965	YGR025W	0.72102
4966	YGL041C-B	0.72096
4967	YJR043C	0.72094
4968	YGR206W	0.72088
4969	YIR020W-A	0.72088
4970	YGR147C	0.7208
4971	YMR133W	0.7208
4972	YDR125C	0.72078
4973	YMR111C	0.72076
4974	YMR230W-A	0.72076
4975	YGL227W	0.72071
4976	YJL136W-A	0.72069
4977	YER078W-A	0.72062
4978	YOL121C	0.72059
4979	YDR157W	0.72048
4980	YAR035C-A	0.72047
4981	YDR401W	0.72044
4982	YCR040W	0.72044
4983	YCL066W	0.72044
4984	YGR156W	0.72043
4985	YLR006C	0.7204
4986	YDR545C-A	0.72039
4987	YJR091C	0.72029
4988	YOL038C-A	0.72025
4989	YCR095C	0.72016
4990	YDR194W-A	0.72012
4991	YER093C	0.72011
4992	YLL066W-B	0.72007
4993	YOR376W	0.72007
4994	YPL283W-B	0.72003
4995	YGR296C-B	0.72003
4996	YEL077W-A	0.72003
4997	YER190C-B	0.72003
4998	YPR204C-A	0.72003
4999	YNL039W	0.72002
5000	YGR011W	0.71997
5001	YLR370C	0.71991
5002	YDR015C	0.71984
5003	YFL013C	0.71981
5004	YNL339W-B	0.7197
5005	YML133W-B	0.7197
5006	YHR219C-A	0.7197
5007	YBR123C	0.71965
5008	YOR230W	0.71961
5009	YLL040C	0.71947
5010	YJR002W	0.71946
5011	YKL118W	0.71945
5012	YOL004W	0.71942
5013	YBL008W-A	0.71941
5014	YBR085C-A	0.71939
5015	YCL039W	0.71936
5016	YBR012C	0.71934
5017	YOR366W	0.7193
5018	YLR073C	0.71927
5019	YMR075C-A	0.71923
5020	YLR101C	0.71914
5021	YGR160W	0.71913
5022	YMR029C	0.71913
5023	YOR247W	0.71911
5024	YPL141C	0.71906
5025	YPL198W	0.71905
5026	YDR193W	0.71904
5027	Q0115	0.71901
5028	YHL041W	0.71899
5029	YHR155W	0.71898
5030	YLR095C	0.71898
5031	YDR064W	0.71897
5032	YJL225W-A	0.71879
5033	YIL177W-A	0.71879
5034	YLR400W	0.71875
5035	YKR008W	0.71872
5036	YDL153C	0.71867
5037	YMR240C	0.71866
5038	YKR033C	0.71866
5039	YGR164W	0.71855
5040	YML058W-A	0.71848
5041	YER071C	0.71845
5042	YLR346C	0.71843
5043	YBR223W-A	0.7183
5044	YGR280C	0.71828
5045	YNL151C	0.7182
5046	YPR096C	0.71819
5047	YHR071W	0.71818
5048	YPL152W-A	0.71817
5049	YKL056C	0.71816
5050	YBR296C-A	0.71816
5051	YML099C	0.71815
5052	YLL013C	0.71811
5053	YAL041W	0.71805
5054	YOR188W	0.71802
5055	YDR485C	0.71793
5056	YDR095C	0.71783
5057	YDL012C	0.71783
5058	YJR140W-A	0.71777
5059	YLR402W	0.71771
5060	YPL056C	0.7177
5061	YOR072W-A	0.7177
5062	YOR042W	0.71763
5063	YKR098C	0.71762
5064	YAL008W	0.7175
5065	YDL216C	0.71744
5066	YHL050W-A	0.71738
5067	YDR396W	0.71735
5068	YER184C	0.71735
5069	YOR032W-A	0.71733
5070	YDR455C	0.71731
5071	YDR141C	0.7173
5072	YDR340W	0.71727
5073	YMR184W	0.71726
5074	YEL062W	0.71716
5075	YLR364C-A	0.71699
5076	YEL068C	0.71698
5077	YNL257C	0.71689
5078	YPR199C	0.71685
5079	YKR085C	0.71683
5080	YHR007C-A	0.71681
5081	YOR015W	0.71679
5082	YJR060W	0.71676
5083	YLR333C	0.71675
5084	YCL054W-A	0.71675
5085	Q0017	0.71675
5086	YKL121W	0.71674
5087	YNL226W	0.71673
5088	YNL300W	0.71668
5089	YFR042W	0.71666
5090	YNR031C	0.71659
5091	YOR161C-C	0.71658
5092	YHR127W	0.71658
5093	YLR356W	0.7165
5094	YGR198W	0.71649
5095	YBL107W-A	0.71648
5096	YMR286W	0.71645
5097	YMR320W	0.71643
5098	YBR269C	0.71642
5099	YER034W	0.71639
5100	YML002W	0.71638
5101	YGL038C	0.71635
5102	YIR030C	0.71628
5103	YLR278C	0.71626
5104	YMR068W	0.71623
5105	YLR463C	0.71622
5106	YGR053C	0.71617
5107	YGR018C	0.71616
5108	YBR289W	0.71615
5109	YIR014W	0.71614
5110	R0040C	0.71608
5111	YEL033W	0.71599
5112	YEL075W-A	0.71599
5113	YEL007W	0.71597
5114	YBL012C	0.71593
5115	YLR154W-B	0.71593
5116	YBL113W-A	0.71592
5117	YER076W-A	0.7159
5118	YKL054C	0.71586
5119	YDL149W	0.71585
5120	YNL302C	0.71579
5121	YMR298W	0.71579
5122	YDR079C-A	0.71577
5123	YGL188C-A	0.71576
5124	YBR196C-A	0.71571
5125	YPR160W-A	0.71571
5126	YPL183W-A	0.71568
5127	YPR143W	0.71566
5128	YPR075C	0.71562
5129	YAL017W	0.7156
5130	YDR363W	0.71559
5131	YOL104C	0.71558
5132	YOL019W	0.71554
5133	YHR015W	0.71554
5134	YBR195C	0.71552
5135	YMR141W-A	0.71548
5136	YCL019W	0.71542
5137	YIL002W-A	0.7152
5138	YIL025C	0.71516
5139	YCR015C	0.71515
5140	YOR320C	0.71515
5141	YMR023C	0.71508
5142	YGL103W	0.71506
5143	YGL131C	0.71497
5144	YPL078C	0.71493
5145	YMR172C-A	0.71493
5146	YLR440C	0.71492
5147	YHL046W-A	0.71489
5148	YNL011C	0.71484
5149	YAL069W	0.71483
5150	YFR036W-A	0.71482
5151	YPL161C	0.71474
5152	YGR165W	0.71468
5153	YOL164W-A	0.71468
5154	YBL071C-B	0.71464
5155	YLR325C	0.71463
5156	YHL015W-A	0.71459
5157	YLR110C	0.71449
5158	YPL076W	0.71447
5159	YER064C	0.71444
5160	YML076C	0.71442
5161	YFL012W-A	0.71438
5162	YHL020C	0.71433
5163	YJL157C	0.71432
5164	YDL185C-A	0.71428
5165	YCR001W	0.71424
5166	YPL115C	0.71424
5167	YLR407W	0.71419
5168	YDR524C-A	0.71419
5169	YJL038C	0.71418
5170	YER077C	0.71416
5171	YER087C-A	0.71416
5172	YOR152C	0.7141
5173	YBR131C-A	0.71407
5174	YLR264W	0.71406
5175	YDR068W	0.71401
5176	YDL070W	0.714
5177	YMR193W	0.71395
5178	YEL028W	0.71387
5179	YBL073W	0.71386
5180	YDL113C	0.71384
5181	YHL038C	0.71381
5182	YJR087W	0.71378
5183	YBL014C	0.71376
5184	YML023C	0.71376
5185	YGL193C	0.71372
5186	YGR049W	0.71371
5187	YOR167C	0.71368
5188	YML107C	0.71368
5189	YMR293C	0.71366
5190	YOL035C	0.71364
5191	YCR022C	0.71363
5192	YJL084C	0.71357
5193	YOR392W	0.71357
5194	YGR291C	0.71353
5195	YER169W	0.7135
5196	YLR204W	0.71347
5197	YAL019W-A	0.71343
5198	YDR471W	0.71342
5199	YJL020C	0.71341
5200	YJL166W	0.71336
5201	YIL066W-A	0.7133
5202	YFL002W-A	0.71322
5203	YGR161W-B	0.71322
5204	YKL053W	0.71321
5205	YLR112W	0.71316
5206	YNL205C	0.7131
5207	YLR154W-A	0.71302
5208	YMR153C-A	0.713
5209	YMR052C-A	0.713
5210	YHR010W	0.71295
5211	YDR124W	0.71293
5212	YOR192C-B	0.71288
5213	YDR261W-B	0.71282
5214	YDL094C	0.71266
5215	YGL076C	0.71266
5216	YBR004C	0.71263
5217	YLR448W	0.71255
5218	YPR169W-A	0.71245
5219	YNL319W	0.71243
5220	YOL136C	0.71242
5221	YNL165W	0.71235
5222	YER137C	0.71232
5223	YDR507C	0.71228
5224	YJL086C	0.71222
5225	YER066C-A	0.7122
5226	YGR038C-D/YGR038C-C	0.71217
5227	YDR318W	0.71217
5228	YLR242C	0.71214
5229	YEL008C-A	0.7121
5230	YOR085W	0.7121
5231	YMR140W	0.71207
5232	YDL247W-A	0.71205
5233	YMR073C	0.71203
5234	YBL071C	0.712
5235	YDL117W	0.71193
5236	YJR059W	0.71186
5237	YLR157W-D	0.71186
5238	YOR221C	0.71182
5239	YOR329C	0.71179
5240	YLR439W	0.71177
5241	YNL041C	0.71168
5242	YDR034C-D	0.71167
5243	YOR371C	0.71162
5244	YOR083W	0.71159
5245	YER138W-A	0.71159
5246	YOL085W-A	0.71158
5247	YPR067W	0.71158
5248	YCL021W	0.71151
5249	YIL044C	0.7115
5250	YER133W-A	0.7115
5251	YER096W	0.71146
5252	YER112W	0.71139
5253	YEL072W	0.71132
5254	YDR203W	0.71128
5255	YJL037W	0.71126
5256	YDL151C	0.71121
5257	YJL205C	0.7112
5258	YPL272C	0.71119
5259	YPL035C	0.71119
5260	YLR036C	0.71113
5261	YMR198W	0.71107
5262	YCR095W-A	0.71101
5263	YLR169W	0.71093
5264	YDR431W	0.71089
5265	YJR041C	0.71087
5266	YEL010W	0.71086
5267	YGL041W-A	0.71084
5268	YBL100W-B	0.7108
5269	YKL018C-A	0.71079
5270	YHR056W-A	0.71077
5271	YDL106C	0.71073
5272	YHL009W-A	0.71071
5273	YER090C-A	0.7107
5274	YOR289W	0.71059
5275	YDR463W	0.71053
5276	YGR233C	0.71044
5277	YMR147W	0.7104
5278	YPR187W	0.71039
5279	YNL204C	0.71038
5280	YDR261C-C	0.71037
5281	YKR083C	0.71035
5282	YML047C	0.71034
5283	YDR156W	0.71029
5284	YOL017W	0.71019
5285	YJR037W	0.71018
5286	YBR282W	0.71017
5287	YFL032W	0.71012
5288	YPL096C-A	0.71009
5289	YLR410W-B	0.71008
5290	YDR210W-B	0.71005
5291	YPR126C	0.70994
5292	YGL013C	0.70986
5293	YBR135W	0.70985
5294	YGL007W	0.70981
5295	YAL025C	0.70974
5296	YKL025C	0.70974
5297	YJL191W	0.70968
5298	YBR128C	0.70968
5299	YGR174W-A	0.70967
5300	YLR361C-A	0.70966
5301	YLR280C	0.70959
5302	YMR258C	0.7095
5303	YCL007C	0.70948
5304	YLR366W	0.70946
5305	YER114C	0.70944
5306	YJL019W	0.7094
5307	YBL060W	0.70939
5308	YDL127W	0.70937
5309	YPR115W	0.70935
5310	YML073C	0.70933
5311	YLR136C	0.70927
5312	YPL108W	0.70926
5313	YDR273W	0.70924
5314	YCR066W	0.70919
5315	YMR315W-A	0.70919
5316	YOL069W	0.70917
5317	YDR320C	0.70911
5318	YOR309C	0.70908
5319	YDR048C	0.70905
5320	YNL127W	0.70901
5321	YPR158C-C	0.70894
5322	YDL204W	0.70891
5323	YML029W	0.70888
5324	YNL285W	0.70881
5325	YGL121C	0.70878
5326	YDR200C	0.70876
5327	YDR296W	0.70874
5328	YMR032W	0.70869
5329	YPR042C	0.70867
5330	YBR300C	0.70862
5331	YLR051C	0.70852
5332	YNL337W	0.70852
5333	YOL103W-A	0.7085
5334	YNR047W	0.70849
5335	YPL105C	0.70843
5336	YER137C-A	0.70843
5337	YDR365W-A	0.70843
5338	YLR157C-A	0.70843
5339	YPL257W-A	0.70843
5340	YMR021C	0.70841
5341	YPL102C	0.70838
5342	YDR509W	0.70837
5343	YLR265C	0.70833
5344	YOL063C	0.7083
5345	YDR495C	0.70827
5346	YKR006C	0.70827
5347	YJL032W	0.70826
5348	YBR209W	0.70819
5349	YLR358C	0.70816
5350	YLR381W	0.70808
5351	YKR036C	0.70797
5352	YNL224C	0.70794
5353	YOR343W-B	0.70793
5354	YKL133C	0.70792
5355	YGR274C	0.70792
5356	YDL005C	0.70787
5357	YGL168W	0.70781
5358	YKL143W	0.70779
5359	YNR039C	0.70774
5360	YAL031W-A	0.7077
5361	YDR159W	0.70758
5362	YOR186C-A	0.70756
5363	YOR394C-A	0.70753
5364	YLR256W-A	0.70749
5365	YGL090W	0.70749
5366	YGR072W	0.70749
5367	YDR525W	0.70745
5368	YMR082C	0.7074
5369	YGR016W	0.70729
5370	YOR011W-A	0.70721
5371	YLR321C	0.70712
5372	YER084W	0.70709
5373	YJR012C	0.70709
5374	YGL113W	0.70704
5375	YMR118C	0.70704
5376	YLR149C	0.70701
5377	YER046W	0.70701
5378	YDL220C	0.70698
5379	YPL271W	0.70696
5380	YGR227C-A	0.70695
5381	YOR373W	0.70687
5382	YLL042C	0.70682
5383	YLR106C	0.70681
5384	YLR154W-F	0.7068
5385	YLR098C	0.70678
5386	YPL242C	0.70676
5387	YBR292C	0.7067
5388	YJL016W	0.7067
5389	YOR008W-B	0.7066
5390	YJR093C	0.70656
5391	YOR242C	0.70653
5392	YDR163W	0.70651
5393	YPL254W	0.7063
5394	YKL082C	0.70624
5395	YDR412W	0.70624
5396	YDR170W-A	0.70623
5397	YKR029C	0.70621
5398	YJL077W-B	0.7062
5399	YLR012C	0.70616
5400	YKR101W	0.70613
5401	YML099W-A	0.70607
5402	YDL107W	0.70597
5403	YPR068C	0.70594
5404	YKL074C	0.70591
5405	YDL067C	0.70591
5406	YJL049W	0.7059
5407	YBR163W	0.70582
5408	YIR021W-A	0.70578
5409	YBL107C	0.70573
5410	YCL001W	0.70565
5411	YJL146W	0.70561
5412	YLR227W-A	0.7056
5413	YJR026W	0.7056
5414	YML040W	0.7056
5415	YLR261C	0.70558
5416	YJL070C	0.70557
5417	YKL100W-A	0.70552
5418	YER092W	0.70546
5419	YPR122W	0.70541
5420	YAL066W	0.70537
5421	YPR015C	0.70537
5422	YAR010C	0.70535
5423	YPR137C-A	0.70535
5424	YKL141W	0.70529
5425	YHL027W	0.70529
5426	YLR279W	0.70528
5427	YCR031C	0.70527
5428	YCR003W	0.70523
5429	YPR027C	0.70511
5430	YNL086W	0.7051
5431	YER189W	0.70508
5432	YMR294W-A	0.70507
5433	YAR047C	0.70502
5434	YDR089W	0.70488
5435	YOL134C	0.70482
5436	YLR165C	0.70476
5437	YCL001W-A	0.70472
5438	YGR225W	0.70467
5439	YER038W-A	0.70457
5440	YLR466C-B	0.7045
5441	YKR046C	0.7045
5442	YJR127C	0.70449
5443	YJL114W	0.70448
5444	YGL159W	0.70448
5445	YGL007C-A	0.70444
5446	YNL215W	0.70439
5447	YJR106W	0.70439
5448	YHR032W-A	0.70438
5449	YNL297C	0.7043
5450	YJL187C	0.70426
5451	YLR332W	0.70425
5452	YDR285W	0.70424
5453	YHL009C	0.70423
5454	YPL150W	0.70412
5455	YJL047C-A	0.70409
5456	YOR210W	0.70406
5457	YKL016C	0.70399
5458	YMR294W	0.70395
5459	YPL005W	0.70392
5460	YBR257W	0.7039
5461	YDR143C	0.70389
5462	YCL028W	0.70389
5463	YGR075C	0.70388
5464	YBR191W-A	0.70388
5465	YLL044W	0.70383
5466	YHR050W-A	0.70382
5467	YIL057C	0.70369
5468	YGR015C	0.70367
5469	YMR030W-A	0.70366
5470	YLR154C-G	0.7036
5471	YOR037W	0.70358
5472	YER173W	0.7035
5473	YDR229W	0.70348
5474	YDR179C	0.70337
5475	YER079C-A	0.70334
5476	YNL284C-A	0.70334
5477	YKL072W	0.7033
5478	YDR295C	0.70329
5479	YJL013C	0.70322
5480	YLR119W	0.70318
5481	YOL085C	0.70317
5482	YML045W-A	0.70315
5483	YNL235C	0.70309
5484	YAL011W	0.70287
5485	YBR077C	0.70283
5486	YBR172C	0.70282
5487	YGR122C-A	0.70281
5488	YOL032W	0.70279
5489	YLR067C	0.70279
5490	YNL136W	0.70269
5491	YKL038W	0.70266
5492	YKR027W	0.70265
5493	YGL230C	0.70238
5494	YCL022C	0.70236
5495	YIL139C	0.70236
5496	YJR028W	0.70233
5497	YBR262C	0.70231
5498	YDR357C	0.7023
5499	YNL230C	0.70225
5500	YPL261C	0.70224
5501	YBR012W-A	0.70217
5502	YBR122C	0.70217
5503	YDR098C-A	0.70215
5504	YDR131C	0.70207
5505	YOR336W	0.70202
5506	YKL096C-B	0.70202
5507	YGR137W	0.70198
5508	YDR138W	0.70193
5509	YKL122C	0.70193
5510	YBR051W	0.7019
5511	YLR422W	0.70181
5512	YPR132W	0.7018
5513	YGR118W	0.7018
5514	YBR239C	0.70177
5515	YLR434C	0.70169
5516	YDR316W-A	0.70169
5517	YLR035C-B	0.70169
5518	YGR161C-C	0.70169
5519	YER159C-A	0.70169
5520	YMR051C	0.70169
5521	YHR102W	0.70168
5522	YGR130C	0.70165
5523	YIL032C	0.70156
5524	YOR385W	0.70155
5525	YCL024W	0.70153
5526	YNL122C	0.70152
5527	YNR022C	0.70151
5528	YMR284W	0.7014
5529	YBR272C	0.70138
5530	YGL226C-A	0.70136
5531	YPR106W	0.70134
5532	YDR057W	0.7013
5533	YLR423C	0.70114
5534	YDL158C	0.70105
5535	YLR217W	0.70101
5536	YER161C	0.701
5537	YPL192C	0.701
5538	YDL235C	0.70097
5539	YAL068W-A	0.70092
5540	YIL141W	0.70087
5541	YMR046C	0.70083
5542	YDR303C	0.70082
5543	YDR499W	0.70082
5544	YJL150W	0.7008
5545	YJR135C	0.70072
5546	YOR193W	0.70067
5547	YNL234W	0.70061
5548	YGR030C	0.70061
5549	YHR132W-A	0.70051
5550	YPL079W	0.7005
5551	YNR063W	0.7005
5552	YFR039C	0.70044
5553	YNL156C	0.70039
5554	YKR005C	0.70028
5555	YDR299W	0.70025
5556	YDL170W	0.70022
5557	YFR049W	0.70019
5558	YOR144C	0.70012
5559	YGR027W-A	0.70007
5560	YPR074W-A	0.70003
5561	YIL030W-A	0.70003
5562	YJR108W	0.69997
5563	YGL237C	0.69995
5564	YDR458C	0.69995
5565	YBR126W-A	0.69994
5566	YKL014C	0.69991
5567	YLR176C	0.6999
5568	YGL174W	0.69988
5569	YGR038C-A	0.69976
5570	YKL208W	0.69974
5571	YNL314W	0.69974
5572	YDR202C	0.69973
5573	YFR001W	0.69972
5574	YGR139W	0.69971
5575	YGL108C	0.6997
5576	YMR014W	0.69968
5577	YMR017W	0.69966
5578	YLR256W	0.69957
5579	YKL159C	0.69955
5580	YLR068W	0.69954
5581	YLR403W	0.69949
5582	YBL005W-A	0.69948
5583	YLR187W	0.69946
5584	YHR004C	0.69935
5585	YLR040C	0.69931
5586	YNL067W-A	0.69911
5587	YPR158W-A	0.69911
5588	YOR142W-A	0.69911
5589	YMR148W	0.6991
5590	YDR466W	0.69907
5591	YDR118W	0.69905
5592	YOL044W	0.69898
5593	YLR442C	0.69895
5594	YOR058C	0.69888
5595	YEL075C	0.69886
5596	YJR080C	0.6988
5597	YLR458W	0.69879
5598	YBL029W	0.69855
5599	YHR212C	0.69842
5600	YAR060C	0.69842
5601	YDL173W	0.6984
5602	YBR233W-A	0.69831
5603	YPL120W	0.6983
5604	YDL240C-A	0.69827
5605	YKR090W	0.69823
5606	YMR117C	0.69823
5607	YFL007W	0.69817
5608	YBL005W	0.69812
5609	YHL001W	0.69807
5610	YML063W	0.69806
5611	YIL052C	0.69798
5612	YHR137C-A	0.6979
5613	YJL048C	0.6979
5614	YDL219W	0.69788
5615	YNL166C	0.69779
5616	YDR210C-C	0.69778
5617	YCR016W	0.69775
5618	YJL099W	0.69769
5619	YGL215W	0.69767
5620	YPR021C	0.69762
5621	YLR211C	0.69758
5622	YML036W	0.69753
5623	YGR013W	0.69742
5624	YBR081C	0.69728
5625	YMR176W	0.69718
5626	YJL199C	0.69709
5627	YPR012W	0.69704
5628	YLR238W	0.69704
5629	YMR304C-A	0.69704
5630	YPL016W	0.69694
5631	YNL068C	0.69691
5632	YGR077C	0.6969
5633	YBR191W	0.69668
5634	YJR134C	0.69666
5635	YLR146W-A	0.69666
5636	YER056C-A	0.69665
5637	YDL242W	0.69665
5638	YCR099C	0.69663
5639	YFL031C-A	0.69656
5640	YOR231C-A	0.69654
5641	YKR031C	0.69647
5642	YGL014C-A	0.69646
5643	YKL006W	0.69645
5644	YOL078W	0.69645
5645	YBL025W	0.69644
5646	YOL024W	0.69644
5647	YER006C-A	0.69625
5648	YIL149C	0.69606
5649	YOR343C	0.69599
5650	YOR220W	0.69595
5651	YML114C	0.69594
5652	YMR025W	0.69588
5653	YBL059W	0.69585
5654	YJL105W	0.69584
5655	YBL051C	0.69581
5656	YNL211C	0.69577
5657	YNL069C	0.69576
5658	YLR154W-E	0.69574
5659	YGL093W	0.69558
5660	YHR199C-A	0.69552
5661	YOR333C	0.69525
5662	YDR183C-A	0.69513
5663	YHR145C	0.69513
5664	YOL089C	0.69512
5665	YLR297W	0.69507
5666	YNL171C	0.69492
5667	YDR024W	0.69491
5668	YOL117W	0.6948
5669	YLR024C	0.69472
5670	YKL130C	0.69444
5671	YDR042C	0.69443
5672	YIL071W-A	0.6944
5673	YCL058W-A	0.69439
5674	YDR371W	0.69438
5675	YJR138W	0.69433
5676	YLR441C	0.69432
5677	YBR270C	0.69407
5678	YJL073W	0.69395
5679	YLR150W	0.69388
5680	YBR168W	0.69386
5681	YIL163C	0.69384
5682	YJL107C	0.69378
5683	YGR237C	0.69375
5684	YMR280C	0.69372
5685	YDR076W	0.69364
5686	YPR020W	0.69363
5687	YOL100W	0.69354
5688	YNL097W-A	0.69353
5689	YOR329W-A	0.69353
5690	YLR437C	0.69347
5691	YBL100W-C	0.69338
5692	YML054C-A	0.69323
5693	YLR184W	0.69321
5694	YCR063W	0.69315
5695	YLR424C-A	0.69314
5696	YOR308C	0.69314
5697	YLR404W	0.69312
5698	YFR012W	0.69308
5699	YER085C	0.69299
5700	YOR129C	0.69293
5701	YNL050C	0.69282
5702	YNL002C	0.69279
5703	YMR100W	0.69273
5704	YOR189W	0.69264
5705	YMR158C-A	0.69259
5706	YFR040W	0.69254
5707	YDL098C	0.69249
5708	YML034W	0.69245
5709	YHR093W	0.69236
5710	YPL139C	0.69234
5711	YNR025C	0.69231
5712	YNL008C	0.69226
5713	YOL083W	0.69222
5714	YBL085W	0.69219
5715	YKR020W	0.69214
5716	YOR127W	0.69201
5717	YAL059W	0.69199
5718	YML083C	0.69185
5719	YNL070W	0.69172
5720	YIL112W	0.69171
5721	YKL106C-A	0.69167
5722	YGL249W	0.69158
5723	YDR176W	0.69158
5724	YKR016W	0.69142
5725	YHL025W	0.69139
5726	YDR034C-A	0.69138
5727	YHR097C	0.69138
5728	YPR061C	0.69134
5729	YLR224W	0.69133
5730	YKL111C	0.69126
5731	YCR082W	0.69121
5732	YIR018W	0.69115
5733	YGL042C	0.69114
5734	YGL229C	0.69094
5735	YOR312C	0.6909
5736	YMR242C	0.6909
5737	YJL020W-A	0.69089
5738	YBR171W	0.69086
5739	YPR007C	0.69086
5740	YGL059W	0.69084
5741	YHR119W	0.69081
5742	YAL063C-A	0.69079
5743	YBR049C	0.69073
5744	YIL102C-A	0.69053
5745	YEL018W	0.69017
5746	YER188C-A	0.69008
5747	YCR020W-B	0.69006
5748	YDL048C	0.69001
5749	YDL075W	0.69
5750	YER093C-A	0.68999
5751	YGR084C	0.68997
5752	YLR310C	0.68992
5753	YBL048W	0.68992
5754	YKR099W	0.68984
5755	YDR469W	0.68972
5756	YLR453C	0.68956
5757	YGL086W	0.68953
5758	YNL058C	0.68952
5759	YDR005C	0.68951
5760	YLR424W	0.68935
5761	YHR153C	0.6893
5762	YDR307W	0.68924
5763	YDL044C	0.68919
5764	YLR151C	0.68914
5765	YNL054W-A	0.68904
5766	YER153C	0.68897
5767	YKR011C	0.68882
5768	YHR175W-A	0.68882
5769	YBL093C	0.68876
5770	YBR182C-A	0.68873
5771	YJL113W	0.68869
5772	YER122C	0.68869
5773	YDR543C	0.68866
5774	YIL159W	0.68866
5775	YHL009W-B	0.68859
5776	YBL039W-B	0.68849
5777	YIL037C	0.68828
5778	YMR193C-A	0.68827
5779	YPR049C	0.68827
5780	YLR294C	0.68825
5781	YMR059W	0.68819
5782	YBL063W	0.68818
5783	YLR222C-A	0.68814
5784	YHR136C	0.68801
5785	YJR086W	0.68797
5786	YCR018C-A	0.68796
5787	YPR142C	0.68782
5788	YFR012W-A	0.68777
5789	YOR105W	0.68757
5790	YNL105W	0.68751
5791	YLL005C	0.68747
5792	YOR169C	0.68745
5793	YDR252W	0.68735
5794	YLR395C	0.68723
5795	YLR462W	0.68721
5796	YML059C	0.68715
5797	YDR381C-A	0.68715
5798	YAR020C	0.68713
5799	YFR003C	0.6871
5800	YDL206W	0.68703
5801	YBR224W	0.68701
5802	YPL034W	0.68691
5803	YLR406C	0.68685
5804	YNL198C	0.6868
5805	YPL018W	0.68679
5806	YLR227C	0.68667
5807	YDR254W	0.68659
5808	YJL026C-A	0.68655
5809	YGR115C	0.68655
5810	YDR317W	0.6864
5811	YAR002W	0.68638
5812	YCR032W	0.68631
5813	YLR091W	0.68625
5814	YMR326C	0.68623
5815	YNL159C	0.68615
5816	YLR198C	0.68609
5817	YLR360W	0.68608
5818	YDR078C	0.68594
5819	YPL021W	0.68579
5820	YGL214W	0.68577
5821	YER186C	0.68552
5822	YNL254C	0.68551
5823	YPL060C-A	0.68545
5824	YCR108C	0.68529
5825	YLR033W	0.68525
5826	YER088W-B	0.68516
5827	YBR188C	0.68515
5828	YOR297C	0.68513
5829	YOL082W	0.68511
5830	YBR033W	0.68505
5831	YGL182C	0.685
5832	YBR238C	0.68499
5833	YLR182W	0.68491
5834	YHR072W-A	0.68479
5835	YLL021W	0.68479
5836	YER097W	0.68473
5837	YHR082C	0.68472
5838	YNL183C	0.68464
5839	YKR015C	0.68464
5840	YMR119W	0.68463
5841	YNR037C	0.6846
5842	YFR011C	0.68459
5843	YMR098C	0.68458
5844	YEL025C	0.68458
5845	YGR008C	0.68452
5846	YPL256C	0.68448
5847	YPL177C	0.68443
5848	YOR097C	0.68443
5849	YDL050C	0.68432
5850	YPL081W	0.68431
5851	YLR057W	0.68429
5852	YHR087W	0.68428
5853	YBR215W	0.68422
5854	YIL031W	0.6842
5855	YOR107W	0.68417
5856	YER126C	0.68413
5857	YHR017W	0.684
5858	YMR072W	0.68387
5859	YEL009C-A	0.68371
5860	YLR408C	0.68368
5861	YCR097W	0.68354
5862	YDR119W-A	0.68345
5863	YDR462W	0.68345
5864	YBR057C	0.68343
5865	YIR024C	0.68341
5866	YDR369C	0.68326
5867	YFR032C-B	0.68325
5868	YHR130C	0.68325
5869	YPR070W	0.68323
5870	YMR151W	0.68315
5871	YBL028C	0.68315
5872	YBR113W	0.68313
5873	YDR322W	0.68309
5874	YPL037C	0.68307
5875	YHR193C-A	0.68291
5876	YBL090W	0.68291
5877	YJR123W	0.68286
5878	YIL100W	0.68282
5879	YOR298W	0.68281
5880	YOR287C	0.6828
5881	YDR034C-C	0.68276
5882	YBR126W-B	0.68263
5883	YER109C	0.68249
5884	YIL071C	0.6824
5885	YKL176C	0.68236
5886	YPL216W	0.68234
5887	YPR174C	0.68226
5888	YPR117W	0.68222
5889	YOR170W	0.68217
5890	YMR172W	0.68217
5891	YIL158W	0.68211
5892	YER067W	0.68207
5893	YML093W	0.68202
5894	YPR009W	0.68194
5895	YHR143W	0.68192
5896	YKR019C	0.68191
5897	YMR018W	0.68176
5898	YCL005W	0.68164
5899	YOL159C-A	0.68164
5900	YOR381W-A	0.68163
5901	YDL152W	0.68154
5902	YOR276W	0.68148
5903	YNL213C	0.68139
5904	YOR121C	0.68138
5905	YLR376C	0.68135
5906	YJL176C	0.68117
5907	YPL189C-A	0.68109
5908	YBR230C	0.68096
5909	YNL013C	0.68095
5910	YDR261W-A	0.68092
5911	YPL156C	0.68092
5912	YGL006W-A	0.68084
5913	YMR134W	0.68083
5914	YPL174C	0.6808
5915	YIL093C	0.68078
5916	YKR095W	0.6807
5917	YDL016C	0.68061
5918	YCL020W	0.68058
5919	YJR101W	0.68045
5920	YNL178W	0.6804
5921	YIL129C	0.68039
5922	YBL006C	0.68034
5923	YOR235W	0.68029
5924	YBR120C	0.68028
5925	YML128C	0.68013
5926	YOL118C	0.68012
5927	YLR082C	0.68011
5928	YDR082W	0.67998
5929	YML103C	0.67993
5930	YMR164C	0.67991
5931	YML113W	0.67985
5932	YDR475C	0.67982
5933	YER054C	0.67971
5934	YLR412C-A	0.67964
5935	YIL019W	0.67959
5936	YKR054C	0.67958
5937	YNL115C	0.6795
5938	YNL266W	0.67947
5939	YMR299C	0.67938
5940	YML108W	0.67927
5941	YDR464W	0.67921
5942	YML017W	0.67918
5943	YDR066C	0.67913
5944	YOR192C-A	0.67897
5945	YOL013W-B	0.67897
5946	YHR006W	0.67895
5947	YGR039W	0.6788
5948	YKL048C	0.67878
5949	YNL172W	0.67873
5950	YPL253C	0.67846
5951	YJL170C	0.67817
5952	YLR299C-A	0.67816
5953	YGL029W	0.67807
5954	YKL099C	0.67804
5955	YJL083W	0.67804
5956	YBR131W	0.67803
5957	YFL024C	0.67799
5958	YPL219W	0.67798
5959	YOR355W	0.67794
5960	YOR248W	0.67789
5961	YDR383C	0.67787
5962	YNL164C	0.67768
5963	YIR003W	0.67761
5964	YJR021C	0.67748
5965	YBR189W	0.67745
5966	YGR129W	0.67741
5967	YHR056C	0.67736
5968	YIL097W	0.67729
5969	YHR182W	0.67716
5970	YJL066C	0.6771
5971	YMR187C	0.67709
5972	YIR033W	0.67705
5973	YOR186W	0.67703
5974	YOR354C	0.67695
5975	YDR104C	0.67693
5976	YHR099W	0.6768
5977	YPR170W-A	0.67678
5978	YLR454W	0.67676
5979	YER175W-A	0.67675
5980	YNL210W	0.67666
5981	YFL019C	0.6766
5982	YGL209W	0.67659
5983	YGL107C	0.67655
5984	YKL020C	0.67651
5985	YOR304C-A	0.6765
5986	YGR038C-E	0.67613
5987	YBL103C	0.67606
5988	YBR048W	0.676
5989	YDR025W	0.676
5990	YML101C-A	0.67594
5991	YKL063C	0.67592
5992	YCL021W-A	0.6759
5993	YDR377W	0.67574
5994	YMR046W-A	0.67572
5995	YLR410W-A	0.67569
5996	YIL098C	0.67566
5997	YMR311C	0.67561
5998	YDL191W	0.67552
5999	YDL136W	0.67552
6000	YIL133C	0.67539
6001	YFL002W-B	0.67537
6002	YGR161W-A	0.67537
6003	YJL180C	0.67517
6004	YLR135W	0.67511
6005	YFR023W	0.67499
6006	YOL131W	0.67497
6007	YBL100W-A	0.67495
6008	YKL061W	0.67487
6009	YBR197C	0.67473
6010	YLR099W-A	0.67473
6011	YER022W	0.6745
6012	YDR115W	0.67447
6013	YCR018C	0.67447
6014	YDR017C	0.67431
6015	YIL018W	0.67425
6016	YFR031C-A	0.67425
6017	YLR271W	0.67418
6018	YMR256C	0.67414
6019	YLR295C	0.67411
6020	YNL245C	0.674
6021	YHR149C	0.67383
6022	YDL056W	0.67378
6023	YGL151W	0.67378
6024	YMR153W	0.67377
6025	YPL011C	0.6736
6026	YDL199C	0.67354
6027	YGR140W	0.6735
6028	YOR140W	0.67345
6029	YGL117W	0.67343
6030	YLR201C	0.67342
6031	YGR222W	0.67335
6032	YOR208W	0.67332
6033	YJL122W	0.67323
6034	YJL209W	0.67318
6035	YBR250W	0.67304
6036	YER158W-A	0.67298
6037	YOR104W	0.67291
6038	YER050C	0.67279
6039	YGL031C	0.67265
6040	YOR078W	0.67259
6041	YBR124W	0.6724
6042	YDR235W	0.67232
6043	YGL197W	0.67228
6044	YGR081C	0.67219
6045	YDL159W-A	0.67215
6046	YER084W-A	0.67214
6047	YER074W	0.67213
6048	YIL069C	0.67213
6049	YLR263W	0.67191
6050	YPL039W	0.67188
6051	YKL162C	0.67174
6052	YIL144W	0.6715
6053	YHR131C	0.67144
6054	YPR134W	0.67134
6055	YGR098C	0.67129
6056	YFL063W	0.67126
6057	YBR108W	0.67113
6058	YDL115C	0.67099
6059	YJL056C	0.6709
6060	YMR194W	0.67087
6061	YDR379W	0.67086
6062	YGL081W	0.67064
6063	YDR505C	0.67052
6064	YGR249W	0.67047
6065	Q0143	0.67047
6066	YMR107W	0.67044
6067	YLR262C-A	0.67041
6068	YLR313C	0.67007
6069	YCR081W	0.66992
6070	YJL076W	0.66942
6071	YDR069C	0.66939
6072	YNL140C	0.66938
6073	YJR107C-A	0.66933
6074	YGR089W	0.66929
6075	YER075C	0.66927
6076	YAL016C-B	0.66926
6077	YLR042C	0.66925
6078	YOR028C	0.66916
6079	YCL014W	0.669
6080	YMR064W	0.66898
6081	YFL041W-A	0.66895
6082	YDR034C	0.66892
6083	YPL166W	0.66891
6084	YBR173C	0.66881
6085	YGL096W	0.6688
6086	YGL005C	0.66877
6087	YDR133C	0.66835
6088	YEL014C	0.66831
6089	YGR250C	0.66828
6090	YDR348C	0.66822
6091	YDL197C	0.66812
6092	YOL127W	0.66804
6093	YOL138C	0.668
6094	YLR052W	0.66799
6095	YNL295W	0.66796
6096	YGR076C	0.66785
6097	YGL162W	0.66784
6098	YAL010C	0.66783
6099	YOR284W	0.66776
6100	YMR191W	0.66772
6101	YJL023C	0.66761
6102	YBR066C	0.66755
6103	YLR424C-B	0.6674
6104	YAL034C	0.6673
6105	YOR349W	0.66704
6106	YDR210W-A	0.66696
6107	YOR343W-A	0.66692
6108	YPL075W	0.66689
6109	YDR451C	0.66679
6110	YDR166C	0.66678
6111	YGR161W-C	0.66668
6112	YGL176C	0.6666
6113	YHR165C	0.6664
6114	YLR388W	0.6664
6115	YMR031C	0.66635
6116	YJR053W	0.66618
6117	YKL101W	0.66618
6118	YMR016C	0.66606
6119	YIL055C	0.66597
6120	YOR313C	0.66583
6121	YGR168C	0.66579
6122	YLR320W	0.66571
6123	YKL092C	0.6657
6124	YBR230W-A	0.66566
6125	YCR043C	0.66553
6126	YKL138C-A	0.66551
6127	YDR350C	0.66545
6128	YML007W	0.66531
6129	YJL058C	0.66531
6130	YDL181W	0.6652
6131	YHR167W	0.66513
6132	YOR266W	0.66512
6133	YDL129W	0.66505
6134	YLR465C	0.66505
6135	YNL100W	0.66496
6136	YGL073W	0.66472
6137	YDL121C	0.66471
6138	YPL200W	0.66439
6139	YPL249C-A	0.66434
6140	YGR275W	0.6643
6141	YDR123C	0.66427
6142	YMR257C	0.66424
6143	YNL199C	0.66416
6144	YDR260C	0.66413
6145	YGL075C	0.66385
6146	YGR215W	0.66374
6147	YKR034W	0.66365
6148	YDR016C	0.66356
6149	YKL052C	0.66352
6150	YDR406W-A	0.66322
6151	YNL196C	0.66321
6152	YGR230W	0.66319
6153	YDR529C	0.66303
6154	YDR240C	0.6627
6155	Q0182	0.6627
6156	YAL027W	0.66246
6157	YNL309W	0.66245
6158	YPL202C	0.66241
6159	YER129W	0.66239
6160	YIL086C	0.66237
6161	YLR254C	0.66236
6162	YHL023C	0.66219
6163	YMR052W	0.66207
6164	YML081W	0.66205
6165	YFR057W	0.66201
6166	YLR315W	0.66201
6167	YLR344W	0.66177
6168	YBL043W	0.66167
6169	YKL108W	0.66159
6170	YNR077C	0.66158
6171	YDR043C	0.66154
6172	YOR030W	0.66153
6173	YGR148C	0.66147
6174	YPR002C-A	0.66147
6175	YOR177C	0.66146
6176	YDR201W	0.66142
6177	YDR169C	0.66122
6178	YHR159W	0.66122
6179	YGL219C	0.66101
6180	YJL103C	0.66095
6181	YBL109W	0.66085
6182	YBR072C-A	0.66082
6183	YHR036W	0.66074
6184	YMR199W	0.66054
6185	YDL073W	0.66048
6186	YBL052C	0.66037
6187	YPL099C	0.66022
6188	YNL157W	0.66
6189	YGR150C	0.65986
6190	YLR252W	0.65982
6191	YHR079C-A	0.65975
6192	YKL171W	0.65965
6193	R0030W	0.65962
6194	YDL211C	0.65951
6195	YIR016W	0.65935
6196	YBR136W	0.65905
6197	YLR079W	0.65902
6198	YDR433W	0.65895
6199	YPR044C	0.65882
6200	YMR030W	0.65867
6201	YJR157W	0.65856
6202	YLR267W	0.6585
6203	Q0297	0.65842
6204	YNR045W	0.65828
6205	YIL092W	0.6582
6206	YGR034W	0.65807
6207	YNR004W	0.65785
6208	YDL189W	0.65784
6209	YKL023W	0.65766
6210	YDR532C	0.65756
6211	YOR137C	0.65736
6212	YGR134W	0.65725
6213	YFL049W	0.65718
6214	YCL061C	0.65688
6215	YFL033C	0.65679
6216	YML043C	0.65673
6217	YNL053W	0.6567
6218	YDL088C	0.65661
6219	YPL193W	0.6566
6220	YOR019W	0.65657
6221	YER035W	0.65645
6222	YJL118W	0.65605
6223	YLR139C	0.65604
6224	YER181C	0.65586
6225	YGL066W	0.65582
6226	YLR327C	0.65564
6227	YGR079W	0.65558
6228	YOR113W	0.65533
6229	YPR084W	0.65516
6230	YBR182C	0.65496
6231	YGR067C	0.65494
6232	YPL085W	0.65485
6233	YIL136W	0.65475
6234	YOL031C	0.65457
6235	YPR185W	0.65426
6236	YOL015W	0.65425
6237	YDR524C	0.65395
6238	YDR422C	0.65387
6239	YDR146C	0.6537
6240	YPL168W	0.65359
6241	YGR240C-A	0.65351
6242	YBR184W	0.65335
6243	YNL054W	0.65322
6244	YBR013C	0.65305
6245	YJL133C-A	0.65289
6246	YBR083W	0.65277
6247	YCR033W	0.65268
6248	YHR177W	0.65175
6249	YIL117C	0.65165
6250	YBR225W	0.65164
6251	YNL005C	0.6515
6252	YNL301C	0.65149
6253	YOL120C	0.65149
6254	YIL101C	0.65121
6255	YNL133C	0.65109
6256	YBL053W	0.65106
6257	YGR169C-A	0.65105
6258	YMR282C	0.65099
6259	YKL145W-A	0.6509
6260	YPR101W	0.65089
6261	YFR008W	0.65081
6262	YAL032C	0.65081
6263	YDR361C	0.65057
6264	YNL152W	0.65056
6265	YDR443C	0.65056
6266	YBR152W	0.65035
6267	YLR230W	0.65021
6268	YER131W	0.65019
6269	YGL189C	0.65016
6270	YAL040C	0.65013
6271	YPL027W	0.65007
6272	YGL061C	0.65006
6273	YDR217C	0.65001
6274	YDL061C	0.64997
6275	YDR014W-A	0.64994
6276	YAR014C	0.64984
6277	YDL130W-A	0.64972
6278	YLR029C	0.64965
6279	YPR013C	0.64957
6280	YDL020C	0.6491
6281	YMR094W	0.64906
6282	YPL130W	0.64904
6283	YPL052W	0.64877
6284	YJR092W	0.64876
6285	YEL032C-A	0.64865
6286	YBR181C	0.64844
6287	YPL090C	0.64844
6288	YKR045C	0.64824
6289	YDL139C	0.64814
6290	YJL149W	0.64788
6291	YNL144C	0.64778
6292	YFR054C	0.64778
6293	YDR461C-A	0.64766
6294	YOR192C-C	0.64762
6295	YKL138C	0.64743
6296	YMR121C	0.64699
6297	YBL072C	0.64684
6298	YER102W	0.64684
6299	YPL146C	0.64661
6300	YHR052C-B	0.64655
6301	YHR054C-B	0.64655
6302	YGL194C-A	0.64642
6303	YGR196C	0.64641
6304	YPR095C	0.64622
6305	YPR164W	0.64611
6306	YOR350C	0.64602
6307	YHR156C	0.64568
6308	YOR147W	0.64553
6309	YOR032C	0.6455
6310	YNL225C	0.64547
6311	YGL223C	0.64537
6312	YJR089W	0.64519
6313	YOL070C	0.64483
6314	YPR151C	0.64483
6315	YER045C	0.64478
6316	YMR232W	0.6446
6317	YER028C	0.64451
6318	YOL109W	0.64439
6319	YBL046W	0.64406
6320	YGL071W	0.64398
6321	YDR103W	0.64382
6322	YER121W	0.64379
6323	YER149C	0.64378
6324	YLR431C	0.64317
6325	YML037C	0.64316
6326	YDL176W	0.64314
6327	YBR056C-B	0.64306
6328	YGL079W	0.643
6329	YPL033C	0.64274
6330	YGR251W	0.64266
6331	YKL162C-A	0.64255
6332	YFL014W	0.64254
6333	YBL092W	0.64215
6334	Q0092	0.64184
6335	YLR437C-A	0.64172
6336	YML027W	0.64163
6337	YNL167C	0.64148
6338	YMR066W	0.64139
6339	YOL007C	0.64137
6340	YNR049C	0.64118
6341	YJL207C	0.64118
6342	YBL009W	0.64098
6343	YEL005C	0.64088
6344	YHL029C	0.64036
6345	YLR282C	0.64006
6346	YLR373C	0.64006
6347	YMR163C	0.64003
6348	YLL003W	0.63963
6349	YML015C	0.63935
6350	YGR161C	0.63932
6351	YLR219W	0.63924
6352	YHR184W	0.63902
6353	YOR195W	0.63899
6354	YDR374C	0.6389
6355	YEL043W	0.63874
6356	YPL070W	0.6387
6357	YDR096W	0.63863
6358	YIL046W-A	0.63863
6359	YLR298C	0.63845
6360	Q0010	0.63828
6361	YOR047C	0.63813
6362	YLR283W	0.63688
6363	YJR011C	0.63668
6364	YMR135C	0.63666
6365	YOR342C	0.63657
6366	YIL036W	0.63652
6367	YPL201C	0.63628
6368	YNL091W	0.63624
6369	YLR334C	0.6362
6370	YLR352W	0.63607
6371	YOR114W	0.63604
6372	YJL095W	0.636
6373	YPL049C	0.63574
6374	YLR094C	0.63574
6375	YDR310C	0.63567
6376	YIR010W	0.63547
6377	YNR024W	0.63505
6378	YER088C	0.63504
6379	YIL127C	0.63483
6380	YJR162C	0.63458
6381	YBR275C	0.63458
6382	YOR214C	0.6344
6383	YOR063W	0.63398
6384	Q0255	0.63396
6385	YML041C	0.63394
6386	YMR204C	0.63387
6387	YNL046W	0.63378
6388	YFR019W	0.63373
6389	YOL040C	0.63365
6390	YBL054W	0.63358
6391	YKL050C	0.63354
6392	YMR195W	0.63352
6393	YKL062W	0.63325
6394	YLR307C-A	0.63323
6395	YLR018C	0.63313
6396	YOR148C	0.6331
6397	YKR100C	0.63299
6398	YLR436C	0.63291
6399	YKR037C	0.63274
6400	YDR195W	0.63258
6401	YDL224C	0.63257
6402	YNL197C	0.63255
6403	YKR091W	0.63241
6404	YLR312C	0.63215
6405	YOR076C	0.63182
6406	YPR036W-A	0.63174
6407	YHR103W	0.63161
6408	YJL177W	0.63149
6409	YGL138C	0.63144
6410	YMR174C	0.63121
6411	YDR088C	0.63106
6412	YLR131C	0.63048
6413	YOL025W	0.63026
6414	YGR151C	0.63024
6415	YDR065W	0.63022
6416	YHR195W	0.63007
6417	YBR148W	0.62981
6418	YDR151C	0.62968
6419	YJR056C	0.62963
6420	YBR194W	0.62959
6421	YKL204W	0.62959
6422	YGR179C	0.62932
6423	YML009C	0.62909
6424	YAL028W	0.62905
6425	YJL110C	0.62891
6426	YLL047W	0.62887
6427	YDR030C	0.62883
6428	YKL068W-A	0.62882
6429	YOR073W	0.62872
6430	YGR041W	0.62858
6431	YBR201C-A	0.62855
6432	YLR353W	0.62849
6433	YIL045W	0.62807
6434	YDR029W	0.62785
6435	YNR014W	0.62775
6436	YBL034C	0.62773
6437	YDL169C	0.62769
6438	YKL180W	0.62746
6439	YDL239C	0.62726
6440	YJL090C	0.62689
6441	YDR277C	0.62674
6442	YFL021W	0.62674
6443	YPL250C	0.62649
6444	YDR457W	0.62647
6445	YPL054W	0.62579
6446	YDR356W	0.62571
6447	YDR014W	0.62565
6448	YGR120C	0.62507
6449	YNL195C	0.62497
6450	YOL081W	0.62441
6451	YLL033W	0.62406
6452	YDL089W	0.62402
6453	YKL225W	0.62398
6454	YBL088C	0.62382
6455	YML062C	0.62381
6456	YLR031W	0.62379
6457	YDL027C	0.6237
6458	YJR003C	0.62367
6459	YCL027W	0.62355
6460	YDR216W	0.62336
6461	YPL077C	0.62319
6462	YEL057C	0.62318
6463	YML058W	0.62284
6464	YPL269W	0.62278
6465	YJR030C	0.62272
6466	YOL029C	0.62242
6467	YNL103W	0.62234
6468	YGR023W	0.62182
6469	YJL144W	0.62125
6470	YGL035C	0.62097
6471	YCR065W	0.62034
6472	YGR142W	0.62033
6473	YKR078W	0.62029
6474	YIL119C	0.62024
6475	YMR179W	0.62022
6476	YNR009W	0.61998
6477	YDL069C	0.61993
6478	YDR494W	0.61924
6479	YKR010C	0.61923
6480	YOL091W	0.61896
6481	YDR259C	0.61894
6482	YOR053W	0.61874
6483	YNL042W	0.61869
6484	YOR264W	0.61864
6485	YLR190W	0.61855
6486	YFR017C	0.61827
6487	YGL128C	0.61804
6488	YCL051W	0.61781
6489	YLR341W	0.61749
6490	YER038C	0.61701
6491	YBR140C	0.61688
6492	YOR352W	0.61678
6493	YNL018C	0.61654
6494	YAL031C	0.61614
6495	YMR124W	0.61543
6496	YHR152W	0.61535
6497	YGL175C	0.61507
6498	YJL181W	0.6149
6499	YIL122W	0.61475
6500	YBR255W	0.61443
6501	YNL176C	0.61435
6502	YER040W	0.61431
6503	YML009C-A	0.61417
6504	YOR178C	0.61411
6505	YLR445W	0.61407
6506	YBR084C-A	0.61407
6507	YBL027W	0.61407
6508	YMR160W	0.61401
6509	YCL044C	0.61365
6510	YPL230W	0.61344
6511	YDR446W	0.61341
6512	YLR221C	0.61323
6513	YGR071C	0.61318
6514	YNL034W	0.61298
6515	YHR214W-A	0.61267
6516	YNL027W	0.61266
6517	YER132C	0.61259
6518	YDL186W	0.61247
6519	YPL055C	0.61235
6520	YMR003W	0.61194
6521	YBR007C	0.61187
6522	YDR181C	0.61185
6523	YDR515W	0.61185
6524	YDR113C	0.61176
6525	YMR219W	0.61158
6526	YER111C	0.61147
6527	YKL112W	0.61076
6528	YMR144W	0.61053
6529	YDR207C	0.61051
6530	YDR439W	0.6104
6531	YDR070C	0.6103
6532	YPL014W	0.61007
6533	YPR171W	0.61005
6534	YBR063C	0.60966
6535	YOR062C	0.60964
6536	YLR273C	0.6094
6537	YER158C	0.60938
6538	YNL214W	0.6093
6539	YDR500C	0.60915
6540	YDR425W	0.60913
6541	YJR083C	0.60892
6542	YAR068W	0.6087
6543	YAL024C	0.60852
6544	YGR153W	0.60833
6545	YER044C-A	0.60819
6546	YKL065W-A	0.60813
6547	YGL057C	0.60805
6548	YAL047C	0.60778
6549	YBR130C	0.60753
6550	YBR050C	0.60753
6551	YPL118W	0.60687
6552	YMR270C	0.60675
6553	YOR023C	0.60658
6554	YGL021W	0.60651
6555	YKL093W	0.60646
6556	YNL311C	0.60591
6557	Q0144	0.60591
6558	YGR113W	0.60483
6559	YLR363W-A	0.60441
6560	YER104W	0.60427
6561	YOR158W	0.60405
6562	YLR185W	0.60399
6563	YLL065W	0.60395
6564	YDL076C	0.60381
6565	YOR359W	0.60369
6566	YLR030W	0.60367
6567	YOR066W	0.60367
6568	YOR255W	0.60318
6569	YFR046C	0.60316
6570	YDL223C	0.6028
6571	YDR219C	0.60212
6572	YER155C	0.60195
6573	YGR273C	0.60178
6574	YPR078C	0.60156
6575	YBR047W	0.60131
6576	YLR394W	0.60122
6577	YPL158C	0.60122
6578	YCL063W	0.6005
6579	YJL189W	0.5998
6580	YGL023C	0.59937
6581	YPR046W	0.59932
6582	YDR351W	0.59857
6583	YHR160C	0.59847
6584	YHR054C	0.59737
6585	YPL071C	0.59734
6586	YDR130C	0.59711
6587	YDR275W	0.59698
6588	YJL162C	0.59682
6589	YBR165W	0.59682
6590	YDR028C	0.5967
6591	YIL146C	0.5966
6592	YMR086W	0.59659
6593	YJL185C	0.59645
6594	YGR035C	0.5964
6595	YBR203W	0.59633
6596	YGR239C	0.59601
6597	YBR076W	0.59598
6598	YPL223C	0.59591
6599	YMR036C	0.5953
6600	YML053C	0.59501
6601	YKL185W	0.59497
6602	YKL042W	0.59443
6603	YDR227W	0.59416
6604	YPR158W	0.59403
6605	YPR005C	0.59393
6606	YOR324C	0.5938
6607	YMR273C	0.59343
6608	YMR075W	0.59274
6609	YJL051W	0.59247
6610	YHR141C	0.59213
6611	YNL162W	0.59213
6612	YJR005C-A	0.59212
6613	YLR223C	0.59182
6614	YPL255W	0.59164
6615	YDR022C	0.59128
6616	YOR044W	0.59125
6617	YDR239C	0.59015
6618	YLR102C	0.59001
6619	YPL068C	0.59
6620	YLR053C	0.58893
6621	YER130C	0.58869
6622	YHR157W	0.58784
6623	YNL076W	0.58703
6624	YMR255W	0.58649
6625	YDR184C	0.58639
6626	YDR249C	0.58621
6627	YBR095C	0.58589
6628	YFR032C-A	0.58553
6629	YGR126W	0.58539
6630	YKR022C	0.58498
6631	YLR287C-A	0.5846
6632	YOR182C	0.5846
6633	YML091C	0.58416
6634	YDR223W	0.58407
6635	YFL012W	0.58394
6636	YGL222C	0.58365
6637	YDL180W	0.58282
6638	YPL066W	0.58274
6639	YML112W	0.5826
6640	YPL089C	0.58178
6641	YML009W-B	0.58139
6642	YOL036W	0.5809
6643	YIL135C	0.57992
6644	YOR372C	0.57791
6645	YML109W	0.57729
6646	YNL233W	0.57591
6647	YNL074C	0.57576
6648	YKL023C-A	0.57558
6649	YDL082W	0.57538
6650	YBL031W	0.57443
6651	YGR221C	0.57427
6652	YJR094W-A	0.57363
6653	YPR043W	0.57363
6654	YER167W	0.57357
6655	YBR156C	0.57272
6656	YHR014W	0.57269
6657	YPR065W	0.57254
6658	YJL161W	0.57247
6659	YMR037C	0.57143
6660	YPR008W	0.57118
6661	YJL089W	0.57113
6662	YIR025W	0.57087
6663	YKR077W	0.57028
6664	YMR142C	0.57019
6665	YER106W	0.5697
6666	YDR186C	0.56894
6667	YPR145C-A	0.56852
6668	YBR071W	0.56833
6669	YBR045C	0.56805
6670	YKL105C	0.56776
6671	YPL121C	0.56767
6672	YER124C	0.56765
6673	YJL147C	0.56692
6674	YGL015C	0.56627
6675	YOL106W	0.56591
6676	YBR211C	0.56538
6677	YML003W	0.56528
6678	YLR257W	0.56299
6679	YPL267W	0.56269
6680	YMR206W	0.56206
6681	YNL188W	0.56185
6682	YLR049C	0.56159
6683	YPL180W	0.5602
6684	YDR528W	0.55992
6685	YPL159C	0.55825
6686	YDR085C	0.55819
6687	YHR061C	0.55799
6688	YNL078W	0.55748
6689	YMR175W	0.55623
6690	YML119W	0.55606
6691	YDR480W	0.5524
6692	YMR136W	0.55074
6693	YFR036W	0.5506
6694	YPL124W	0.54998
6695	YER033C	0.54986
6696	YNL146W	0.54972
6697	YBR285W	0.54961
6698	YML006C	0.54934
6699	YNR010W	0.54656
6700	YOR279C	0.54552
6701	YDL133C-A	0.54471
6702	YDL184C	0.54471
6703	YPL229W	0.5428
6704	YGL036W	0.54087
6705	YDR309C	0.54049
6706	YOR315W	0.54011
6707	YPR083W	0.54011
6708	YLR457C	0.5399
6709	YKL109W	0.5396
6710	YBL081W	0.53835
6711	YER180C	0.53576
6712	YMR252C	0.53226
6713	YMR181C	0.53152
6714	YHR185C	0.53114
6715	YIL152W	0.52996
6716	YGL170C	0.52592
6717	Q0140	0.52465
6718	YER032W	0.52428
6719	YKR075C	0.51492
6720	YER079W	0.5139
6721	Q0032	0.51147
6722	YBR157C	0.50083
6723	YMR081C	0.49302
6724	YDL007C-A	0.49123
6725	YBR138C	0.48974
6726	YGR146C	0.47089
6727	YJR094C	0.46606
6728	YGR016C-A	0.31229
6729	YNL155C-A	0.31229
6730	YFR035W-A	0.31229
6731	YNL040C-A	0.31229
6732	YDL204W-A	0.31229
6733	YMR106W-A	0.31229
