rank	yeast_gene	cosine
1	YPL264C	0.9632
2	YOL103W	0.96213
3	YER119C	0.96075
4	YKR105C	0.95882
5	YIL121W	0.95858
6	YIL120W	0.95852
7	YHR032W	0.95846
8	YNR055C	0.95714
9	YDL128W	0.95655
10	YBR008C	0.95603
11	YBR180W	0.95538
12	YOR273C	0.95468
13	YGR224W	0.95445
14	YDR497C	0.95408
15	YBR043C	0.95396
16	YCL069W	0.95265
17	YBR241C	0.95217
18	YGR138C	0.95099
19	YLL028W	0.95067
20	YEL064C	0.95062
21	YIL088C	0.95052
22	YDR135C	0.94967
23	YHR048W	0.94929
24	YGL104C	0.94908
25	YOL075C	0.94876
26	YNL065W	0.94867
27	YER026C	0.94802
28	YJR124C	0.94752
29	YPR156C	0.9474
30	YBL089W	0.94714
31	YBR287W	0.94639
32	YJL134W	0.94592
33	YKR053C	0.94584
34	YDR438W	0.94508
35	YJR001W	0.94496
36	YCR028C	0.94475
37	YOL020W	0.94449
38	YOL163W	0.9441
39	YDR038C	0.94379
40	YDR040C	0.94377
41	YDR536W	0.94375
42	YCL025C	0.94374
43	YDR508C	0.94331
44	YDR402C	0.94277
45	YDL052C	0.94275
46	YDR039C	0.94264
47	YNL275W	0.94254
48	YMR253C	0.94204
49	YML018C	0.94202
50	YPL031C	0.94182
51	YKL166C	0.94144
52	YPL246C	0.94143
53	YOL119C	0.94118
54	YOR292C	0.9409
55	YHR132C	0.94072
56	YPR198W	0.94065
57	YDR196C	0.94051
58	YGR055W	0.94043
59	YGR260W	0.94035
60	YBR069C	0.94014
61	YMR221C	0.93978
62	YMR080C	0.93976
63	YOL002C	0.93968
64	YGL006W	0.93939
65	YNL093W	0.93934
66	YAL067C	0.93932
67	YBR243C	0.93916
68	YJR116W	0.93912
69	YOR306C	0.93888
70	YLL061W	0.93864
71	YIL170W	0.93861
72	YLR034C	0.93852
73	YLR004C	0.93844
74	YMR034C	0.93811
75	YMR301C	0.93797
76	YFL011W	0.93796
77	YOR049C	0.93792
78	YHR026W	0.93787
79	YGR191W	0.93782
80	YJL219W	0.93761
81	YHR135C	0.9376
82	YHL003C	0.93757
83	YML038C	0.93737
84	YGR028W	0.93736
85	YIL118W	0.93736
86	YNR072W	0.93716
87	YBR068C	0.93712
88	YKL008C	0.93665
89	YKR106W	0.93653
90	YLL055W	0.9365
91	YPL244C	0.9364
92	YPL274W	0.93633
93	YGL167C	0.93628
94	YCL073C	0.9362
95	YLR241W	0.9362
96	YCR023C	0.936
97	YHL036W	0.93599
98	YKR014C	0.93556
99	YNL130C	0.93546
100	YEL069C	0.93538
101	YOL156W	0.93537
102	YER039C	0.9353
103	YMR138W	0.93526
104	YDL194W	0.93516
105	YLR262C	0.9347
106	YOL092W	0.93469
107	YGR152C	0.93456
108	YNL270C	0.93451
109	YHR094C	0.9345
110	YJL214W	0.93446
111	YMR279C	0.93443
112	YNL125C	0.9344
113	YBL105C	0.93439
114	YML116W	0.93431
115	YHR005C	0.93429
116	YPR003C	0.93427
117	YFL055W	0.93417
118	YBR235W	0.93402
119	YER090W	0.93398
120	YGR281W	0.93396
121	YIL048W	0.93389
122	YLR081W	0.93387
123	YER019W	0.93386
124	YLR188W	0.93383
125	YGL047W	0.93352
126	YNL095C	0.9335
127	YGL186C	0.93344
128	YNL154C	0.93342
129	YLR251W	0.93332
130	YOL122C	0.93328
131	YGR036C	0.93326
132	YOL137W	0.93312
133	YDR046C	0.93295
134	YBR220C	0.93287
135	YOL132W	0.93276
136	YDL138W	0.93276
137	YCR048W	0.93243
138	YJR015W	0.9324
139	YIR028W	0.93234
140	YGR065C	0.93221
141	YDR456W	0.93205
142	YHR205W	0.93192
143	YKR051W	0.93185
144	YOR380W	0.93181
145	YOR316C	0.93178
146	YMR011W	0.93176
147	YPL204W	0.93172
148	YOR079C	0.93167
149	YPL092W	0.93163
150	YKR093W	0.93161
151	YEL065W	0.93136
152	YOR257W	0.9312
153	YHR175W	0.93119
154	YOR175C	0.93116
155	YJR152W	0.93104
156	YMR015C	0.931
157	YJR040W	0.93082
158	YDR090C	0.93068
159	YHR123W	0.93067
160	YKR001C	0.93055
161	YDL245C	0.93046
162	YOR092W	0.93031
163	YPL265W	0.93029
164	YNL268W	0.93028
165	YPL006W	0.93023
166	YKL209C	0.93016
167	YER133W	0.93014
168	YKL146W	0.93012
169	YER185W	0.92991
170	YFL038C	0.9299
171	YPR011C	0.92988
172	YJR158W	0.92982
173	YOR311C	0.92974
174	YIL166C	0.92971
175	YNR019W	0.92965
176	YDR375C	0.92948
177	YOR101W	0.92926
178	YGR197C	0.92918
179	YOL008W	0.92906
180	YGL012W	0.92901
181	YHR050W	0.92898
182	YDR284C	0.92897
183	YDL210W	0.92897
184	YJR013W	0.92895
185	YBR021W	0.92891
186	YEL063C	0.92873
187	YCR098C	0.92866
188	YGR124W	0.92866
189	YOR326W	0.92866
190	YDR492W	0.92864
191	YKL221W	0.92863
192	YDR338C	0.92853
193	YOR246C	0.92845
194	YDL006W	0.92827
195	YPR201W	0.92802
196	YDR270W	0.92782
197	YOL034W	0.92778
198	YCR027C	0.92777
199	YJL059W	0.92774
200	YLR426W	0.92766
201	YKL126W	0.92761
202	YER125W	0.92758
203	YOL162W	0.92753
204	YHL040C	0.9275
205	YML123C	0.92742
206	YJL093C	0.92738
207	YOR131C	0.9273
208	YMR088C	0.92711
209	YKR055W	0.92706
210	YNL318C	0.92683
211	YDR352W	0.92668
212	YDL188C	0.92664
213	YNL083W	0.92656
214	YAL022C	0.92651
215	YLR253W	0.92647
216	YDR074W	0.92633
217	YPR183W	0.92625
218	YGL077C	0.92617
219	YHR096C	0.92592
220	YNR013C	0.92578
221	YNL021W	0.92577
222	YLR307W	0.92569
223	YOR348C	0.92566
224	YAR018C	0.92565
225	YLR213C	0.92562
226	YGR213C	0.92543
227	YLL001W	0.92542
228	YAL026C	0.92541
229	YHR030C	0.92528
230	YMR058W	0.92526
231	YAL016W	0.92518
232	YOL090W	0.92513
233	YBR187W	0.92512
234	YBR139W	0.92511
235	YCL074W	0.92505
236	YDR387C	0.92503
237	YDR331W	0.92498
238	YMR022W	0.9249
239	YOL065C	0.92485
240	YBL042C	0.92482
241	YOR013W	0.92474
242	YOL158C	0.92468
243	YHR025W	0.92466
244	YCR011C	0.92463
245	YDR140W	0.92459
246	YGR284C	0.92437
247	YKR104W	0.92434
248	YBR029C	0.92416
249	YDL160C	0.92408
250	YER089C	0.92402
251	YGR060W	0.92382
252	YLR046C	0.92381
253	YBR132C	0.92379
254	YIL013C	0.92377
255	YNR070W	0.9237
256	YMR243C	0.92369
257	YCR061W	0.92362
258	YGL139W	0.9236
259	YER145C	0.92359
260	YBR294W	0.92354
261	Q0120	0.92346
262	YNL321W	0.92345
263	YNL229C	0.92336
264	YOR087W	0.92333
265	YLR372W	0.9233
266	YJL196C	0.92327
267	YJL164C	0.92324
268	YPL221W	0.92324
269	YBL082C	0.92322
270	Q0085	0.92322
271	YKL017C	0.92321
272	YOR192C	0.92317
273	YPL203W	0.92317
274	YKR050W	0.92314
275	YDL134C	0.92307
276	YLL015W	0.92294
277	YFR028C	0.92294
278	YDL057W	0.9229
279	YPR128C	0.9229
280	YDR345C	0.92276
281	YLR152C	0.92273
282	YMR101C	0.9227
283	YLR383W	0.92264
284	YMR104C	0.92249
285	YGR040W	0.92236
286	YOR317W	0.92231
287	YMR155W	0.92228
288	YLL048C	0.92221
289	YJR095W	0.92214
290	YKL107W	0.92208
291	YHR092C	0.92207
292	YBL040C	0.92206
293	YBR295W	0.92206
294	YDR305C	0.92205
295	YPL227C	0.92202
296	YPL236C	0.92201
297	YFL041W	0.92195
298	YOR071C	0.92194
299	YKR088C	0.92192
300	YLR092W	0.92191
301	YPR194C	0.92189
302	YGR125W	0.92183
303	YPR180W	0.92173
304	YLR137W	0.92169
305	YOR390W	0.92164
306	YNL194C	0.92151
307	YNR041C	0.92151
308	YIL124W	0.92147
309	YLL063C	0.92145
310	YER183C	0.92145
311	YLR466W	0.92143
312	YOR011W	0.92142
313	YHL047C	0.9214
314	YBR034C	0.92131
315	YPR145W	0.92129
316	YPL175W	0.92126
317	YCR009C	0.92126
318	YHR002W	0.92113
319	YBR264C	0.92085
320	YJR131W	0.92082
321	YLR397C	0.92081
322	YHR190W	0.92072
323	YLL034C	0.92071
324	YPL279C	0.92058
325	YOR351C	0.92053
326	YOL073C	0.92047
327	YPL270W	0.92045
328	YDR411C	0.9204
329	YAR035W	0.92037
330	YER017C	0.92036
331	YJL060W	0.92035
332	YER123W	0.92035
333	YAL053W	0.92034
334	YNR060W	0.92027
335	YGL055W	0.92014
336	YER020W	0.92014
337	YMR178W	0.92014
338	YDR328C	0.92013
339	YBR073W	0.91995
340	YKL004W	0.91987
341	YNR032W	0.91983
342	YMR271C	0.91977
343	YBR080C	0.91975
344	YGL140C	0.91971
345	YDR477W	0.9196
346	YNL180C	0.91958
347	YBR254C	0.91944
348	YPL087W	0.9194
349	YKL027W	0.91922
350	YDL108W	0.91921
351	YJR117W	0.91919
352	YLR446W	0.91917
353	YOR236W	0.91914
354	YBR126C	0.91909
355	YIL155C	0.91909
356	YHR039C	0.91903
357	YNL090W	0.91898
358	YLL029W	0.91896
359	YER190W	0.9189
360	YHR007C	0.91889
361	YER143W	0.91888
362	YDR011W	0.9188
363	YCR036W	0.91877
364	YGR277C	0.91874
365	YCL038C	0.91859
366	YEL006W	0.91857
367	YOL113W	0.91848
368	YEL060C	0.91848
369	YFR031C	0.91836
370	YKL178C	0.91833
371	YML021C	0.91831
372	YGR031W	0.91829
373	YMR113W	0.91827
374	YPL172C	0.91827
375	YNR057C	0.91813
376	YHR031C	0.91804
377	YDR292C	0.91792
378	YLR220W	0.9179
379	YMR089C	0.91789
380	YNL044W	0.91788
381	YGL087C	0.91784
382	YOR301W	0.91763
383	YKL039W	0.91759
384	YNL024C	0.91754
385	YDL155W	0.91753
386	YPR113W	0.91751
387	YPL208W	0.91735
388	YNL161W	0.91732
389	YNR033W	0.91731
390	YIR026C	0.91729
391	YOR384W	0.91728
392	YDR264C	0.91727
393	YEL041W	0.91726
394	YDL001W	0.91724
395	YDR297W	0.91723
396	YLR130C	0.91717
397	YDR291W	0.91704
398	YOR381W	0.917
399	YIR022W	0.91699
400	YCR045C	0.91698
401	YJL163C	0.9168
402	YHR100C	0.9168
403	YPL153C	0.91661
404	YBR265W	0.9166
405	YBL056W	0.91651
406	YJL137C	0.91648
407	YBR293W	0.91645
408	YGL065C	0.91641
409	YLR467W	0.91631
410	YOR396W	0.91631
411	YDR545W	0.91631
412	YMR210W	0.91629
413	YLR308W	0.91624
414	YJL225C	0.91623
415	YIL039W	0.91623
416	YGL185C	0.91617
417	YDL247W	0.91611
418	YDR342C	0.9161
419	YIL177C	0.91609
420	YNR011C	0.91606
421	YNL056W	0.91603
422	YFR006W	0.91597
423	YJL094C	0.91597
424	YKL104C	0.91595
425	YJL167W	0.91591
426	YIL033C	0.91585
427	YOR126C	0.91581
428	YOL068C	0.9158
429	YLR214W	0.91575
430	YMR288W	0.91573
431	YHR013C	0.91573
432	YOR328W	0.91568
433	YER013W	0.91566
434	YHR144C	0.91565
435	YPL051W	0.91565
436	YDL017W	0.91564
437	YDL018C	0.91561
438	YJR132W	0.91554
439	YDR476C	0.91551
440	YFL005W	0.9155
441	YNL101W	0.91547
442	YDL101C	0.91546
443	YJL155C	0.91545
444	YPL154C	0.91544
445	YGR172C	0.91542
446	YEL004W	0.91541
447	YLR210W	0.91535
448	YPR114W	0.91533
449	YAL023C	0.91532
450	YMR308C	0.9153
451	YDR097C	0.91525
452	YPL113C	0.91525
453	YNL237W	0.91513
454	YBR159W	0.91512
455	YDR263C	0.91509
456	YMR071C	0.91502
457	YML121W	0.91498
458	YBR274W	0.91491
459	YLR389C	0.91483
460	YLR126C	0.91473
461	YPL050C	0.91473
462	YBR002C	0.9147
463	YBR003W	0.91455
464	YGR266W	0.91455
465	YBR164C	0.91451
466	YBR147W	0.9145
467	YPR120C	0.9145
468	YEL031W	0.91449
469	YCR034W	0.91441
470	YIL113W	0.91439
471	YJL208C	0.91439
472	YAL029C	0.91438
473	YGR092W	0.91438
474	YDR522C	0.91431
475	YMR272C	0.91429
476	YDR343C	0.91424
477	YAL054C	0.9142
478	YER152C	0.91417
479	YNL339C	0.91415
480	YML064C	0.91413
481	YIL116W	0.91409
482	YAR042W	0.91407
483	YOR084W	0.91403
484	YFL026W	0.91402
485	YKR039W	0.91402
486	YBR214W	0.91402
487	YDR257C	0.91398
488	YLR300W	0.91397
489	YBR137W	0.91396
490	YPR058W	0.91395
491	YMR084W	0.91391
492	YPL283C	0.9139
493	YDR021W	0.91389
494	YGR296W	0.91387
495	YGR175C	0.91385
496	YHR047C	0.91385
497	YOL009C	0.91383
498	YLR268W	0.91379
499	YOR094W	0.91377
500	YBL011W	0.91376
501	YIL108W	0.91375
502	YEL077C	0.91371
503	YDR111C	0.91371
504	YDR092W	0.91371
505	YNR052C	0.91369
506	YPR172W	0.91369
507	YJL024C	0.91368
508	YDR182W	0.91368
509	YKL091C	0.91368
510	YDL125C	0.91364
511	YHR063C	0.91362
512	YNR015W	0.9136
513	YLR113W	0.91354
514	YLL052C	0.91347
515	YHR218W	0.91343
516	YPR051W	0.91342
517	YLR059C	0.91334
518	YNR048W	0.91331
519	YDL201W	0.9133
520	YNL099C	0.91323
521	YOR089C	0.91321
522	YMR139W	0.91314
523	YDR519W	0.91309
524	YNL305C	0.91305
525	YNL003C	0.91303
526	YER015W	0.91302
527	YKL051W	0.91292
528	YHL026C	0.91292
529	YPL259C	0.91291
530	YGL225W	0.91282
531	YER004W	0.91282
532	YDR177W	0.91281
533	YOR197W	0.91279
534	YPR054W	0.91273
535	YJR057W	0.91273
536	YBR160W	0.91267
537	YHL017W	0.91265
538	YPR157W	0.91254
539	YOR100C	0.91252
540	YER086W	0.91247
541	YCR044C	0.91236
542	YIL009W	0.91235
543	YPL046C	0.91235
544	YFL034C-B	0.91233
545	YNL010W	0.91231
546	YDR530C	0.91223
547	YGL114W	0.91221
548	YLR121C	0.9122
549	YJR107W	0.91207
550	YDR287W	0.91203
551	YML106W	0.91201
552	YCL047C	0.91197
553	YHR111W	0.91194
554	YGL002W	0.91193
555	YIL109C	0.91174
556	YNL329C	0.91173
557	YDL007W	0.91173
558	YPL010W	0.91172
559	Q0065	0.9116
560	YCR008W	0.91158
561	YOL112W	0.91145
562	YJR049C	0.9114
563	YLR306W	0.91139
564	YMR208W	0.91133
565	YGL252C	0.9113
566	YOR307C	0.91129
567	YNL288W	0.91127
568	YML133C	0.91125
569	YML077W	0.91123
570	YKL184W	0.91122
571	YNL280C	0.9112
572	YMR020W	0.9112
573	YGL163C	0.91119
574	YFL040W	0.91113
575	YGL084C	0.91113
576	YLR369W	0.91112
577	YIL047C	0.91107
578	YMR224C	0.91102
579	YBR192W	0.91101
580	YHR140W	0.911
581	YLR118C	0.91095
582	YCR037C	0.91094
583	YNR056C	0.91089
584	YBL016W	0.91088
585	YGL242C	0.91087
586	YBR153W	0.91081
587	YMR296C	0.91076
588	YPL060W	0.91076
589	YDR062W	0.91069
590	YDR384C	0.91068
591	YKL120W	0.91063
592	YIL006W	0.91061
593	YEL052W	0.91059
594	YOR291W	0.91058
595	YJR160C	0.91057
596	YKL197C	0.91053
597	YFL003C	0.91048
598	YHR129C	0.91034
599	YLL067C	0.91028
600	YDR211W	0.91017
601	YER052C	0.9101
602	YDL046W	0.91006
603	YGL100W	0.91005
604	YDL100C	0.91004
605	YAL048C	0.91004
606	YBR104W	0.91002
607	YLR237W	0.90999
608	YPR111W	0.90996
609	YDL054C	0.90995
610	YDL103C	0.9099
611	YBR114W	0.9099
612	YMR166C	0.90989
613	YDL086W	0.90987
614	YBR061C	0.90987
615	YDL132W	0.90979
616	YJL068C	0.90973
617	YJL082W	0.90968
618	YGL241W	0.90968
619	YGL156W	0.90967
620	YEL011W	0.90966
621	YHR120W	0.90962
622	YBR041W	0.90962
623	YIL023C	0.90957
624	YDL230W	0.90948
625	YER175C	0.90948
626	YJL198W	0.90946
627	YKL174C	0.90945
628	YBR053C	0.90943
629	YLL066C	0.90943
630	YPR138C	0.9094
631	YNL098C	0.90939
632	YBR017C	0.90937
633	YMR109W	0.9093
634	YPL209C	0.90929
635	YDL238C	0.90928
636	YKL211C	0.90926
637	YBR183W	0.90924
638	YIL035C	0.90923
639	YLR005W	0.90923
640	YDR406W	0.90911
641	YOR274W	0.90908
642	YDL164C	0.90908
643	YPL122C	0.90908
644	YOR250C	0.90902
645	YGR262C	0.90901
646	YOR016C	0.909
647	YMR238W	0.90887
648	YOR155C	0.90885
649	YLR205C	0.90884
650	YML052W	0.9088
651	YOR118W	0.90878
652	YJL062W	0.90865
653	YBR096W	0.90862
654	YGL200C	0.90859
655	YBR088C	0.90859
656	YNL290W	0.90858
657	YJL128C	0.90857
658	YNL025C	0.90855
659	YMR278W	0.90851
660	YGR271W	0.90849
661	YPL119C	0.90842
662	YKL157W	0.90835
663	YDR319C	0.90829
664	YNL045W	0.90828
665	YNL312W	0.90826
666	YDR142C	0.90826
667	YGR199W	0.90825
668	YGR257C	0.90823
669	YEL020C	0.90819
670	YOL125W	0.90819
671	YNL223W	0.90816
672	YPL206C	0.90816
673	YER037W	0.90814
674	YKL151C	0.90811
675	YPR124W	0.9081
676	YDR009W	0.9081
677	YLL060C	0.90808
678	YHR108W	0.90807
679	YDR516C	0.90802
680	YLR019W	0.90798
681	YJR073C	0.90797
682	YBL057C	0.90795
683	YPL015C	0.90793
684	YIL001W	0.90791
685	YPL224C	0.9079
686	YMR250W	0.90789
687	YAR023C	0.90786
688	YNR027W	0.9078
689	YGR263C	0.90778
690	YBR101C	0.90774
691	YHR151C	0.9077
692	YDR214W	0.90769
693	YKR026C	0.90765
694	YOR283W	0.90757
695	YOL130W	0.90754
696	YER168C	0.9075
697	YPR024W	0.90744
698	YHR142W	0.9074
699	YDR523C	0.90739
700	YDR459C	0.90733
701	YER171W	0.90733
702	YBR125C	0.90729
703	YLR414C	0.90728
704	YHR003C	0.90727
705	YDL154W	0.90718
706	YGL259W	0.90716
707	YPL140C	0.90711
708	YJR068W	0.90707
709	YCR075C	0.90705
710	YGL210W	0.90705
711	YLR008C	0.90704
712	YIL082W-A	0.90702
713	YLR056W	0.90698
714	YBR056W	0.90696
715	YPL109C	0.90695
716	YBR296C	0.90692
717	YGL119W	0.90691
718	YGR163W	0.90687
719	YML001W	0.90686
720	YNL316C	0.90683
721	YML087C	0.9068
722	YHR110W	0.90678
723	YOR303W	0.90672
724	YBL111C	0.90671
725	YDL102W	0.90669
726	YMR010W	0.90668
727	YLR410W	0.90666
728	YHR178W	0.90658
729	YGR133W	0.90655
730	YHL016C	0.90653
731	YHR043C	0.90651
732	YDR075W	0.90651
733	YMR306W	0.90649
734	YHR046C	0.90644
735	YJL212C	0.90643
736	YFR048W	0.90639
737	YGL224C	0.90637
738	YBR082C	0.90637
739	YLR412W	0.90635
740	YHR204W	0.90635
741	YDR243C	0.90634
742	YER176W	0.90634
743	YLR362W	0.90634
744	YDL047W	0.90623
745	YDL222C	0.90622
746	YOR378W	0.90619
747	YDL217C	0.90617
748	YCR017C	0.90615
749	YLR089C	0.90614
750	YNL279W	0.90612
751	YJR112W-A	0.90611
752	YKL161C	0.90609
753	YBL013W	0.90608
754	YNR012W	0.90606
755	YGR289C	0.90605
756	YCR094W	0.90602
757	YCL048W	0.90597
758	YML086C	0.90592
759	YBR019C	0.90585
760	YGR267C	0.90584
761	YBR298C	0.90582
762	YJR129C	0.90581
763	YGR010W	0.90573
764	YFR007W	0.90571
765	YPR121W	0.9057
766	YBR222C	0.90567
767	YGR100W	0.90566
768	YLR168C	0.90561
769	YOL011W	0.9056
770	YOR241W	0.9056
771	YGR208W	0.90553
772	YOR280C	0.90551
773	YDR358W	0.9055
774	YKL135C	0.90547
775	YMR001C	0.90542
776	YKR068C	0.90541
777	YBR166C	0.90541
778	YDL174C	0.90537
779	YDL207W	0.90536
780	YNL307C	0.90535
781	YDR294C	0.90533
782	YOL059W	0.90532
783	YLL012W	0.9053
784	YIL153W	0.9053
785	YLR272C	0.9053
786	YOR161C	0.90528
787	YOR003W	0.90526
788	YKR103W	0.90524
789	YDR132C	0.90522
790	YLR017W	0.90517
791	YNL334C	0.90513
792	YNR008W	0.90513
793	YFR024C-A	0.90512
794	YNL016W	0.90508
795	YOR160W	0.90506
796	YFL017C	0.90498
797	YOR163W	0.90495
798	YNL072W	0.90495
799	YAL021C	0.90492
800	YLL023C	0.90491
801	YJL035C	0.90491
802	YER031C	0.9049
803	YJR149W	0.90485
804	YBR213W	0.90484
805	YLR189C	0.90481
806	YMR297W	0.90481
807	YHR202W	0.90481
808	YLR020C	0.90477
809	YMR202W	0.90475
810	YPL214C	0.90473
811	YIL134W	0.90469
812	YMR285C	0.90467
813	YCL040W	0.90467
814	YDL137W	0.90464
815	YGL101W	0.90462
816	YOL098C	0.9046
817	YLR347C	0.90456
818	YLR047C	0.90451
819	YKR086W	0.90445
820	YDL097C	0.90442
821	YPL275W	0.90439
822	YPR131C	0.90437
823	YOR222W	0.90437
824	YDR506C	0.90437
825	YBR291C	0.90435
826	YKL078W	0.90433
827	YJL145W	0.90416
828	YLR203C	0.90415
829	YGL001C	0.90414
830	YLR405W	0.90414
831	YBR110W	0.90413
832	YNL123W	0.90411
833	YDR404C	0.90408
834	YNL219C	0.90408
835	YMR220W	0.90405
836	YLR193C	0.90405
837	YBR038W	0.904
838	YOR304W	0.90396
839	YFL060C	0.90384
840	YNR002C	0.90384
841	YDR018C	0.90381
842	YCL011C	0.9038
843	YIL162W	0.90377
844	YOL060C	0.90374
845	YGR288W	0.90374
846	YDR144C	0.9037
847	YOL061W	0.90369
848	YER060W	0.90367
849	YNL260C	0.90366
850	YKL222C	0.90365
851	YKL220C	0.90362
852	YKL024C	0.90355
853	YGR062C	0.90353
854	YML019W	0.9035
855	YOR357C	0.90348
856	YBR018C	0.90346
857	YOR339C	0.90344
858	YLR243W	0.90344
859	YLR328W	0.90341
860	YIL064W	0.90337
861	YNL222W	0.90334
862	YKL094W	0.90333
863	YMR162C	0.90332
864	YJR075W	0.9033
865	YGR109W-B	0.90329
866	YCR092C	0.90324
867	YGL010W	0.90324
868	YHR176W	0.90319
869	YJR032W	0.90318
870	YLL043W	0.90317
871	YBL098W	0.90317
872	YML014W	0.90317
873	YPR081C	0.90316
874	YGR276C	0.90315
875	YIL046W	0.90314
876	YDR093W	0.90312
877	YEL046C	0.90308
878	YLR351C	0.90307
879	YDR391C	0.90301
880	YCL050C	0.903
881	YER144C	0.90297
882	YDR373W	0.90297
883	YER056C	0.90293
884	YIL099W	0.90292
885	YGL120C	0.90292
886	YMR277W	0.90291
887	YPL058C	0.90289
888	YDR063W	0.90287
889	YOL115W	0.90285
890	YGR095C	0.90281
891	YMR079W	0.90277
892	YER166W	0.90271
893	YLR348C	0.9027
894	YDR054C	0.90269
895	YJL074C	0.90266
896	YDR531W	0.90263
897	YNL049C	0.90261
898	YHR134W	0.90259
899	YMR266W	0.90252
900	YOL021C	0.90249
901	YGR123C	0.90247
902	YPL112C	0.90244
903	YDR109C	0.90242
904	YBR020W	0.90241
905	YLR108C	0.90232
906	YMR027W	0.90231
907	YOL126C	0.9023
908	YER098W	0.90227
909	YGR203W	0.90223
910	YKR087C	0.90221
911	YLR452C	0.9022
912	YMR114C	0.9022
913	YLR411W	0.90218
914	YKL165C	0.90218
915	YJL097W	0.90214
916	YKR003W	0.90213
917	YPR019W	0.90198
918	YIL068C	0.90196
919	YLR291C	0.90195
920	YDL231C	0.90194
921	YKL189W	0.90192
922	YDR541C	0.90191
923	YHR012W	0.90189
924	YHR114W	0.90188
925	YHR091C	0.90177
926	YBR035C	0.90174
927	YKR002W	0.90172
928	YDL177C	0.9017
929	YKL046C	0.9017
930	YPR066W	0.90165
931	YJL036W	0.90159
932	YPR192W	0.90156
933	YPL169C	0.90152
934	YAL046C	0.90149
935	YLR345W	0.90142
936	YGL208W	0.90142
937	YKR095W-A	0.90141
938	YNR043W	0.90139
939	YOR388C	0.90137
940	YMR167W	0.90133
941	YPR002W	0.90126
942	YMR268C	0.90126
943	YBR236C	0.90125
944	YOR067C	0.90123
945	YBR006W	0.9012
946	YGR248W	0.90117
947	YER051W	0.90113
948	YKL217W	0.90112
949	YOR002W	0.90112
950	YBR242W	0.9011
951	YLR058C	0.90108
952	YOR034C	0.90108
953	YMR095C	0.90108
954	YMR246W	0.90104
955	YBR042C	0.90104
956	YPR073C	0.90103
957	YNL299W	0.90102
958	YEL058W	0.901
959	YER081W	0.901
960	YML022W	0.90098
961	YIL083C	0.90097
962	YHR137W	0.90097
963	YGL202W	0.90096
964	YPR162C	0.9009
965	YMR055C	0.90089
966	YMR056C	0.90085
967	YLR386W	0.90083
968	YLR398C	0.90079
969	YLR216C	0.90078
970	YNL036W	0.90075
971	YMR054W	0.90075
972	YDR408C	0.90075
973	YER010C	0.90067
974	YPR140W	0.90067
975	YNL040W	0.90067
976	YJL108C	0.90065
977	YNR030W	0.90065
978	YNL082W	0.9006
979	YAR007C	0.9006
980	YDR395W	0.90059
981	YBR229C	0.90058
982	YBR286W	0.90056
983	YFR018C	0.90052
984	YDR386W	0.9005
985	YLL006W	0.90049
986	YOR360C	0.90046
987	YKL001C	0.90042
988	YNL181W	0.90039
989	YKL129C	0.90035
990	YML080W	0.90024
991	YPR186C	0.90019
992	YLR143W	0.90018
993	YER100W	0.90018
994	YJL091C	0.90017
995	YML118W	0.90011
996	YPL218W	0.90009
997	YBR058C	0.90009
998	YDR265W	0.90008
999	YLR023C	0.90005
1000	YNL102W	0.90002
1001	YPR103W	0.90002
1002	YPL133C	0.89999
1003	YOR153W	0.89996
1004	YMR177W	0.89996
1005	YMR008C	0.89996
1006	YDR428C	0.89994
1007	YLR285W	0.89993
1008	YDR205W	0.89993
1009	YBR233W	0.89992
1010	YCR079W	0.8999
1011	YCR020C	0.8999
1012	YFL050C	0.89987
1013	YGL251C	0.8998
1014	YJL193W	0.89979
1015	YNL020C	0.89978
1016	YPL082C	0.89975
1017	YIL067C	0.89974
1018	YHR016C	0.89974
1019	YBL041W	0.89972
1020	YDL236W	0.89971
1021	YGR007W	0.89967
1022	YBR202W	0.89963
1023	YML057W	0.89963
1024	YHR044C	0.89958
1025	YLR274W	0.89955
1026	YPR167C	0.89955
1027	YDR397C	0.89954
1028	YOL016C	0.89953
1029	YDR084C	0.89951
1030	YOR157C	0.89951
1031	YOR231W	0.89947
1032	YLR209C	0.89946
1033	YLR290C	0.89941
1034	YFR014C	0.89941
1035	YML005W	0.89938
1036	YOR110W	0.89938
1037	YJR058C	0.89936
1038	YOL096C	0.89928
1039	YHL039W	0.89927
1040	YBR094W	0.89925
1041	YHR181W	0.89924
1042	YGR093W	0.89923
1043	YBR177C	0.89917
1044	YLR170C	0.8991
1045	YEL019C	0.8991
1046	YIR002C	0.89907
1047	YPL147W	0.89906
1048	YOL080C	0.89901
1049	YCL032W	0.89892
1050	YPL184C	0.8989
1051	YEL036C	0.89884
1052	YOR321W	0.89882
1053	YOL013C	0.8988
1054	YOR057W	0.89875
1055	YMR063W	0.89874
1056	YIR039C	0.8987
1057	YLL010C	0.89868
1058	YBR223C	0.89859
1059	YNL048W	0.89856
1060	YGR241C	0.89854
1061	YDL159W	0.89853
1062	YPL157W	0.89853
1063	YPR082C	0.89844
1064	YJR125C	0.89842
1065	YNL202W	0.89842
1066	YLR451W	0.89839
1067	YDR098C	0.89838
1068	YOL152W	0.89838
1069	YLR146C	0.89837
1070	YBR175W	0.89833
1071	YDL104C	0.89832
1072	YJL055W	0.89832
1073	YKL033W-A	0.8983
1074	YPL179W	0.89824
1075	YPR147C	0.89823
1076	YGL154C	0.89819
1077	YIL171W	0.89819
1078	YCL075W	0.89816
1079	YFL028C	0.89816
1080	YLR380W	0.89816
1081	YKR052C	0.89814
1082	YBR024W	0.89813
1083	YNL192W	0.89813
1084	YBR256C	0.89812
1085	YLR277C	0.89809
1086	YOR128C	0.89804
1087	YNL200C	0.89803
1088	YDR304C	0.89802
1089	YER170W	0.89802
1090	YGL053W	0.89802
1091	YLR050C	0.89799
1092	YJL194W	0.89795
1093	YDR481C	0.89794
1094	YDL042C	0.89793
1095	YDL212W	0.89791
1096	YOL038W	0.89787
1097	YLR100W	0.89786
1098	YDR007W	0.89785
1099	YDR120C	0.89782
1100	YPL199C	0.89779
1101	YER140W	0.89776
1102	YJL072C	0.89771
1103	YBL020W	0.89769
1104	YKL187C	0.89768
1105	YML060W	0.89764
1106	YHR215W	0.89764
1107	YNL298W	0.89762
1108	YPR161C	0.89757
1109	YER059W	0.89755
1110	YPR034W	0.89748
1111	YLR086W	0.89744
1112	YJR072C	0.89742
1113	YBR245C	0.8974
1114	YJR019C	0.8974
1115	YJR143C	0.89739
1116	YDR498C	0.89738
1117	YMR197C	0.89738
1118	YDR390C	0.89736
1119	YER027C	0.89736
1120	YOR109W	0.89733
1121	YDR280W	0.89725
1122	YOL048C	0.89722
1123	YBR115C	0.89717
1124	YCL008C	0.89712
1125	YAR071W	0.89711
1126	YML082W	0.8971
1127	YDR503C	0.89705
1128	YPL151C	0.89698
1129	YDR410C	0.89697
1130	YMR150C	0.89697
1131	YPL164C	0.89697
1132	YGL184C	0.89696
1133	YDR436W	0.89695
1134	YGR121C	0.89694
1135	YIR023W	0.89694
1136	YER012W	0.89692
1137	YNL112W	0.89691
1138	YNL129W	0.89685
1139	YGL115W	0.89682
1140	YML061C	0.89682
1141	YJL178C	0.89681
1142	YFL042C	0.8968
1143	YPR047W	0.89678
1144	YGL083W	0.89677
1145	YHL035C	0.89677
1146	YFL054C	0.89676
1147	YDR465C	0.89675
1148	YBR023C	0.89672
1149	YDR325W	0.8967
1150	YGR194C	0.89667
1151	YGR292W	0.89666
1152	YNL293W	0.89661
1153	YPL042C	0.89659
1154	YPL170W	0.89659
1155	YEL030W	0.89654
1156	YOL062C	0.89653
1157	YMR262W	0.89653
1158	YGL017W	0.89648
1159	YLR144C	0.89647
1160	YER060W-A	0.89644
1161	YBL068W	0.89641
1162	YOL141W	0.89641
1163	YFR025C	0.89635
1164	YDL144C	0.89626
1165	YBR299W	0.89623
1166	YAL060W	0.89623
1167	YDR258C	0.89623
1168	YOL124C	0.89621
1169	YFR009W	0.8962
1170	YGR109W-A	0.89617
1171	YKR084C	0.89616
1172	YDR490C	0.89615
1173	YGL164C	0.89613
1174	YHR209W	0.8961
1175	YJR133W	0.89609
1176	YOR278W	0.89605
1177	YNL035C	0.89599
1178	YOR270C	0.89599
1179	YPL188W	0.89597
1180	YCR069W	0.89596
1181	YKL047W	0.89593
1182	YIL007C	0.89592
1183	YGR212W	0.89591
1184	YLR361C	0.89591
1185	YER003C	0.89591
1186	YDR448W	0.89586
1187	YJL154C	0.89585
1188	YBL019W	0.8958
1189	YFR051C	0.89576
1190	YAL018C	0.89574
1191	YOR070C	0.89572
1192	YJR067C	0.89572
1193	YDR332W	0.89569
1194	YLR014C	0.89567
1195	YNL169C	0.89565
1196	YLR450W	0.89564
1197	YOR245C	0.89563
1198	YOR362C	0.89561
1199	YDR441C	0.89561
1200	YJR010C-A	0.89557
1201	YPL101W	0.89556
1202	YJL125C	0.89555
1203	YCR068W	0.89555
1204	YDL015C	0.89552
1205	YOR154W	0.8955
1206	YOR172W	0.89543
1207	YER163C	0.8954
1208	YDR059C	0.89537
1209	YBL022C	0.89536
1210	YOR130C	0.89534
1211	YHL008C	0.89529
1212	YCL004W	0.89528
1213	YDR514C	0.89528
1214	YMR215W	0.89523
1215	YGL179C	0.89522
1216	YIL082W	0.89519
1217	YDR236C	0.89516
1218	YKR043C	0.89515
1219	YCR084C	0.89514
1220	YCR047C	0.89511
1221	YJL168C	0.8951
1222	YOR022C	0.89508
1223	YHR112C	0.89506
1224	YHL013C	0.89505
1225	YHR128W	0.89503
1226	YGL201C	0.89502
1227	YDL119C	0.895
1228	YPR119W	0.89499
1229	YKL055C	0.89498
1230	YOR204W	0.89496
1231	YGR101W	0.89495
1232	YHR001W	0.89494
1233	YDR517W	0.89493
1234	YNL264C	0.89492
1235	YLR088W	0.8949
1236	YJR017C	0.89489
1237	YNL251C	0.89489
1238	YOR267C	0.89487
1239	YMR223W	0.89485
1240	YPL258C	0.89483
1241	YMR291W	0.8948
1242	YMR123W	0.89476
1243	YLR085C	0.89473
1244	YLR343W	0.89472
1245	YNL155W	0.89472
1246	YKR038C	0.8947
1247	YML097C	0.89468
1248	YMR216C	0.89467
1249	YKL175W	0.89466
1250	YPL095C	0.89465
1251	YDR282C	0.89464
1252	YBL036C	0.8946
1253	YLR045C	0.89459
1254	YDR440W	0.89453
1255	YOL084W	0.89452
1256	YIL053W	0.8945
1257	YMR085W	0.89446
1258	YER049W	0.89445
1259	YJR036C	0.89442
1260	YOR377W	0.89442
1261	YML065W	0.89439
1262	YBR070C	0.89439
1263	YLL038C	0.89437
1264	YCR096C	0.89431
1265	YGR026W	0.89431
1266	YLL031C	0.8943
1267	YHR028C	0.89429
1268	YBR028C	0.89428
1269	YDR248C	0.89427
1270	YOR365C	0.89427
1271	YPL162C	0.89419
1272	YKL194C	0.89418
1273	YDL090C	0.89417
1274	YER005W	0.89416
1275	YIL034C	0.89416
1276	YNL032W	0.89414
1277	YLR399C	0.89413
1278	YNL250W	0.8941
1279	YDR058C	0.89409
1280	YJR024C	0.89408
1281	YJL206C	0.89399
1282	YNL274C	0.89397
1283	YKL139W	0.89391
1284	YMR013C	0.8939
1285	YIL020C	0.89387
1286	YJR078W	0.89385
1287	YJL133W	0.89382
1288	YOL157C	0.8938
1289	YOR048C	0.89376
1290	YKR070W	0.89372
1291	YNL243W	0.8937
1292	YOR358W	0.89369
1293	YIL172C	0.89368
1294	YJL221C	0.89368
1295	YOR176W	0.89367
1296	YLR099C	0.89367
1297	YGL130W	0.89366
1298	YDL085W	0.89366
1299	YGL234W	0.89364
1300	YGR141W	0.89363
1301	YNL113W	0.8936
1302	YHR098C	0.89358
1303	YDL095W	0.89355
1304	YDR435C	0.89353
1305	YIL014W	0.89351
1306	YOR014W	0.8935
1307	YNL022C	0.8935
1308	YLR326W	0.89349
1309	YHR206W	0.89345
1310	YDR173C	0.89344
1311	YIL145C	0.89344
1312	YLR032W	0.8934
1313	YOR040W	0.8934
1314	YLR138W	0.89335
1315	YGR110W	0.89335
1316	YLR287C	0.89334
1317	YNL328C	0.89334
1318	YFL052W	0.89329
1319	YNR058W	0.89329
1320	YIL151C	0.89327
1321	YCR101C	0.89326
1322	YJL183W	0.89325
1323	YBR092C	0.89324
1324	YLR357W	0.89321
1325	YIL160C	0.8932
1326	YBR260C	0.89317
1327	YGL033W	0.89316
1328	YDL029W	0.89316
1329	YKR080W	0.89315
1330	YHR075C	0.89313
1331	YJR161C	0.89312
1332	YDR191W	0.89309
1333	YOR386W	0.89308
1334	YFL029C	0.89304
1335	YIL137C	0.89303
1336	YHR115C	0.89303
1337	YAL007C	0.89302
1338	YAL049C	0.89297
1339	YMR006C	0.89297
1340	YMR009W	0.89296
1341	YLR377C	0.89296
1342	YBL007C	0.89296
1343	YOR025W	0.89294
1344	YLR011W	0.89294
1345	YJR118C	0.89292
1346	YKL190W	0.89292
1347	YPL094C	0.89291
1348	YPR118W	0.89289
1349	YDR513W	0.89288
1350	YPL190C	0.89286
1351	YER016W	0.89281
1352	YNL092W	0.89281
1353	YOL064C	0.89281
1354	YDL093W	0.89278
1355	YMR038C	0.89276
1356	YDR415C	0.89276
1357	YBL055C	0.89276
1358	YNL289W	0.89275
1359	YOR219C	0.89273
1360	YDL141W	0.89273
1361	YOR165W	0.89272
1362	YGL020C	0.89271
1363	YBR141C	0.89268
1364	YGL044C	0.89268
1365	YNL277W	0.89266
1366	YFR038W	0.89265
1367	YLR240W	0.89259
1368	YDL234C	0.89256
1369	YGR004W	0.89252
1370	YBR062C	0.89252
1371	YOL140W	0.89251
1372	YDL063C	0.8925
1373	YGR200C	0.89249
1374	YDR033W	0.89249
1375	YML042W	0.89244
1376	YPR173C	0.89243
1377	YDR067C	0.89242
1378	YPR141C	0.89241
1379	YLR390W	0.89239
1380	YPR204W	0.89238
1381	YPL194W	0.89238
1382	YNL323W	0.89237
1383	YHR057C	0.89237
1384	YLR248W	0.89236
1385	YOR033C	0.89234
1386	YNR034W	0.89233
1387	YIR036C	0.89233
1388	YEL048C	0.89231
1389	YKR017C	0.8923
1390	YJR008W	0.8923
1391	YOL030W	0.8923
1392	YPL096W	0.8923
1393	YBR093C	0.89229
1394	YBR087W	0.89225
1395	YNL189W	0.8922
1396	YPL008W	0.8922
1397	YNL326C	0.89219
1398	YKL035W	0.89217
1399	YDL248W	0.89217
1400	YJR084W	0.89212
1401	YPL097W	0.89212
1402	YGL045W	0.892
1403	YDR468C	0.89199
1404	YOL055C	0.89199
1405	YGL205W	0.89199
1406	YPL103C	0.89198
1407	YLR133W	0.89196
1408	YGR111W	0.89196
1409	YGR255C	0.89194
1410	YAL061W	0.89188
1411	YOR156C	0.89188
1412	YCR059C	0.89188
1413	YBL050W	0.89183
1414	YPL069C	0.89183
1415	YLR181C	0.89182
1416	YDR100W	0.89178
1417	YGL155W	0.89177
1418	YDL131W	0.89176
1419	YOR061W	0.89174
1420	YPR196W	0.89173
1421	YKR063C	0.89173
1422	YKL073W	0.89171
1423	YPL222W	0.89171
1424	YLR270W	0.89171
1425	YOR334W	0.8917
1426	YOR217W	0.89168
1427	YKR009C	0.89167
1428	YNL231C	0.89166
1429	YMR156C	0.89166
1430	YMR290C	0.89165
1431	YDR430C	0.89161
1432	YNL320W	0.89159
1433	YMR292W	0.89159
1434	YOR275C	0.89158
1435	YLR239C	0.89158
1436	YGR287C	0.89156
1437	YJL186W	0.89153
1438	YHR024C	0.89151
1439	YLR117C	0.89149
1440	YOR117W	0.89148
1441	YOL094C	0.89146
1442	YKR067W	0.89146
1443	YDL205C	0.89146
1444	YML031W	0.89145
1445	YDL124W	0.89143
1446	YDL079C	0.89142
1447	YMR087W	0.89137
1448	YBR204C	0.89134
1449	YDR479C	0.89134
1450	YLR120C	0.8913
1451	YHR049W	0.89129
1452	YCR106W	0.89125
1453	YJR130C	0.89122
1454	YJL216C	0.8912
1455	YLR318W	0.89117
1456	YKR018C	0.89116
1457	YMR205C	0.89114
1458	YCL055W	0.89114
1459	YER099C	0.89113
1460	YGR286C	0.89113
1461	YCR030C	0.89112
1462	YGL181W	0.89111
1463	YIL074C	0.89109
1464	YER053C	0.89108
1465	YPL030W	0.89107
1466	YPL134C	0.89105
1467	YJR156C	0.89102
1468	YHR086W	0.89101
1469	YER136W	0.891
1470	YNR075W	0.89099
1471	YMR078C	0.89098
1472	YGR001C	0.89095
1473	YOR237W	0.89095
1474	YGL028C	0.89093
1475	YPL152W	0.89092
1476	YPL189W	0.89091
1477	YBR271W	0.89088
1478	YBR112C	0.89085
1479	YHR161C	0.89085
1480	YHR210C	0.89083
1481	YMR004W	0.89082
1482	YLR447C	0.89079
1483	YDL244W	0.89074
1484	YMR289W	0.89074
1485	YGR195W	0.89073
1486	YDL193W	0.89069
1487	YBR263W	0.89068
1488	YHR042W	0.89066
1489	YMR170C	0.89065
1490	YJL025W	0.89061
1491	YLR413W	0.8906
1492	YJL085W	0.89055
1493	YFR021W	0.89054
1494	YDR272W	0.89051
1495	YOR006C	0.89049
1496	YBR055C	0.89045
1497	YNL094W	0.89039
1498	YLR114C	0.89035
1499	YMR035W	0.89034
1500	YPR188C	0.89033
1501	YLR080W	0.8903
1502	YJL087C	0.8903
1503	YHL010C	0.89027
1504	YBR297W	0.89024
1505	YOR095C	0.89022
1506	YIL107C	0.89018
1507	YGR032W	0.89018
1508	YDR330W	0.89013
1509	YDL035C	0.89006
1510	YJL004C	0.89005
1511	YGL183C	0.89005
1512	YHL022C	0.89003
1513	YBL049W	0.89002
1514	YEL032W	0.88998
1515	YER014W	0.88994
1516	YFL044C	0.88993
1517	YGL194C	0.8899
1518	YKL145W	0.88987
1519	YAL015C	0.88986
1520	YPL176C	0.88985
1521	YFL008W	0.88984
1522	YPL268W	0.88983
1523	YLR231C	0.88983
1524	YFR047C	0.88979
1525	YNL238W	0.88976
1526	YIL043C	0.88975
1527	YOR173W	0.88975
1528	YGR218W	0.88971
1529	YDR061W	0.8897
1530	YJL088W	0.88967
1531	YOL052C	0.88967
1532	YEL040W	0.88965
1533	YKL114C	0.88965
1534	YKL026C	0.88965
1535	YDR019C	0.88959
1536	YPR028W	0.88957
1537	YNL168C	0.88956
1538	YPL116W	0.88955
1539	YER023W	0.88954
1540	YJL001W	0.88953
1541	YOL072W	0.88951
1542	YMR183C	0.8895
1543	YKL070W	0.88948
1544	YDR372C	0.88947
1545	YAR002C-A	0.88946
1546	YMR099C	0.88946
1547	YAL019W	0.88945
1548	YGL173C	0.88943
1549	YML068W	0.88942
1550	YEL042W	0.88941
1551	YKL022C	0.88935
1552	YBR237W	0.88932
1553	YPR154W	0.88932
1554	YLR027C	0.8893
1555	YGR240C	0.88929
1556	YBR030W	0.88928
1557	YCL002C	0.88928
1558	YDL142C	0.88927
1559	YDR055W	0.88926
1560	YOR149C	0.88926
1561	YJR096W	0.88926
1562	YDR127W	0.88923
1563	YGL082W	0.88921
1564	YNL281W	0.88917
1565	YEL029C	0.88914
1566	YML075C	0.88914
1567	YLR064W	0.88909
1568	YLR286C	0.88907
1569	YFL047W	0.88906
1570	YPR165W	0.88905
1571	YJL141C	0.88905
1572	YOR374W	0.88898
1573	YOR262W	0.88898
1574	YJL129C	0.88898
1575	YCL064C	0.88895
1576	YDR051C	0.88895
1577	YPR159W	0.88895
1578	YGL190C	0.88894
1579	YDR427W	0.8889
1580	YDR452W	0.8889
1581	YDR518W	0.8889
1582	YGL216W	0.8889
1583	YJR046W	0.88887
1584	YPR178W	0.88885
1585	YKL188C	0.88884
1586	YPL226W	0.88882
1587	YGR024C	0.88878
1588	YJR103W	0.88878
1589	YER066W	0.88875
1590	YMR239C	0.88875
1591	YGL240W	0.88871
1592	YKR059W	0.88871
1593	YOR134W	0.88865
1594	YER062C	0.88863
1595	YER061C	0.88861
1596	YDR072C	0.8886
1597	YDR289C	0.88858
1598	YOR171C	0.88858
1599	YLR299W	0.88858
1600	YDR306C	0.88856
1601	YKR024C	0.88846
1602	YNL218W	0.88846
1603	YGL085W	0.88844
1604	YNL142W	0.88844
1605	YPL111W	0.88841
1606	YGL037C	0.88838
1607	YJL012C	0.88838
1608	YIL147C	0.88836
1609	YIL131C	0.88836
1610	YNL256W	0.88834
1611	YLR195C	0.88831
1612	YKL021C	0.8883
1613	YFL034W	0.88822
1614	YLR128W	0.88821
1615	YLR246W	0.8882
1616	YPL125W	0.8882
1617	YCL009C	0.8882
1618	YER164W	0.8882
1619	YDR349C	0.88818
1620	YMR110C	0.88817
1621	YPL088W	0.88808
1622	YHR166C	0.88808
1623	YJL143W	0.88808
1624	YER159C	0.88804
1625	YOR059C	0.88803
1626	YBR198C	0.88802
1627	YGL243W	0.88801
1628	YML012W	0.88801
1629	YPL091W	0.88801
1630	YBR207W	0.88801
1631	YDL190C	0.888
1632	YDR341C	0.88798
1633	YHR207C	0.88796
1634	YGR282C	0.88796
1635	YDL105W	0.88793
1636	YMR169C	0.88791
1637	YGL027C	0.88786
1638	YJR035W	0.88785
1639	YHL018W	0.88784
1640	YBR105C	0.88784
1641	YJL106W	0.88783
1642	YPR184W	0.88783
1643	YMR304W	0.88777
1644	YOR162C	0.88777
1645	YGR223C	0.88776
1646	YKL132C	0.88775
1647	YDL167C	0.88772
1648	YGL255W	0.88771
1649	YPL248C	0.88771
1650	YBL061C	0.88763
1651	YJL126W	0.88759
1652	YOL066C	0.88758
1653	YGR149W	0.88749
1654	YDL160C-A	0.88741
1655	YOR213C	0.88739
1656	YHR163W	0.88738
1657	YEL016C	0.88738
1658	YIR007W	0.88737
1659	YOL001W	0.88737
1660	YIL063C	0.88734
1661	YNL317W	0.88733
1662	YPL017C	0.88731
1663	YIL003W	0.88731
1664	YDL010W	0.8873
1665	YHL032C	0.88728
1666	YJL156C	0.88727
1667	YGR029W	0.88726
1668	YEL013W	0.88721
1669	YLR207W	0.8872
1670	YML051W	0.88717
1671	YBL095W	0.88716
1672	YNL153C	0.88715
1673	YER116C	0.88714
1674	YDL019C	0.88705
1675	YGL095C	0.88703
1676	YIL015W	0.88702
1677	YBR001C	0.88702
1678	YBR283C	0.88701
1679	YGR217W	0.88698
1680	YKL210W	0.88697
1681	YNL106C	0.88697
1682	YGR143W	0.88695
1683	YOL056W	0.88695
1684	YFL058W	0.88692
1685	YLR324W	0.8869
1686	YJL031C	0.88684
1687	YNL332W	0.88683
1688	YMR241W	0.88682
1689	YGL231C	0.8868
1690	YPL234C	0.8868
1691	YBL102W	0.88677
1692	YLR371W	0.88677
1693	YNL287W	0.88675
1694	YBR014C	0.88675
1695	YOR244W	0.88674
1696	YOL095C	0.88674
1697	YNL186W	0.88669
1698	YIL095W	0.88667
1699	YPL247C	0.88662
1700	YLR438C-A	0.88657
1701	YNL141W	0.88655
1702	YJL010C	0.88651
1703	YIL103W	0.8865
1704	YDL202W	0.88649
1705	YDR525W-A	0.88647
1706	YHR192W	0.88646
1707	YLR055C	0.88641
1708	YBR246W	0.88639
1709	YKL019W	0.88637
1710	YKL140W	0.88634
1711	YLR421C	0.88633
1712	YDL078C	0.88633
1713	YBR111C	0.88631
1714	YOL123W	0.8863
1715	YKL154W	0.88628
1716	YOR190W	0.88626
1717	YOR132W	0.88626
1718	YBL039C	0.88624
1719	YIL030C	0.88624
1720	YGR105W	0.88623
1721	YJL218W	0.88622
1722	YBR273C	0.88621
1723	YGL056C	0.88621
1724	YNL111C	0.88614
1725	YER174C	0.88612
1726	YAR033W	0.88612
1727	YNR017W	0.88608
1728	YPL213W	0.88605
1729	YDR047W	0.88603
1730	YIL110W	0.88598
1731	YOR258W	0.88596
1732	YML035C	0.88595
1733	YBR037C	0.88595
1734	YPR160W	0.88594
1735	YER165W	0.88586
1736	YDL080C	0.88586
1737	YDR378C	0.88586
1738	YDR321W	0.88584
1739	YPL196W	0.88584
1740	YEL038W	0.88578
1741	YDR013W	0.88578
1742	YMR200W	0.88577
1743	YCL010C	0.88577
1744	YNR020C	0.88572
1745	YCR072C	0.88571
1746	YMR274C	0.88569
1747	YGR185C	0.88569
1748	YKL018W	0.88567
1749	YFR005C	0.88564
1750	YLL041C	0.88563
1751	YJL002C	0.88562
1752	YFR015C	0.88559
1753	YKL064W	0.88559
1754	YDL166C	0.88559
1755	YGR132C	0.88551
1756	YER110C	0.88546
1757	YNL063W	0.88541
1758	YHR116W	0.88541
1759	YML124C	0.88537
1760	YCR002C	0.88535
1761	YDR409W	0.88534
1762	YNL088W	0.88533
1763	YER141W	0.88528
1764	YDR162C	0.88525
1765	YMR203W	0.88524
1766	YFL031W	0.8852
1767	YKL012W	0.88517
1768	YBR074W	0.8851
1769	YBR040W	0.88509
1770	YHR194W	0.88504
1771	YHL002W	0.88502
1772	YDR261C	0.88498
1773	YJR098C	0.88497
1774	YHR074W	0.88497
1775	YPL001W	0.88496
1776	YBL037W	0.88493
1777	YGR268C	0.88492
1778	YDR400W	0.8849
1779	YAL009W	0.8849
1780	YMR233W	0.88486
1781	YGR078C	0.88483
1782	YDR160W	0.88482
1783	YDL192W	0.88479
1784	YDR001C	0.88477
1785	YIL073C	0.88476
1786	YGL064C	0.88475
1787	YHR171W	0.88473
1788	YGL253W	0.8847
1789	YBR170C	0.88463
1790	YPL276W	0.88462
1791	YNL286W	0.88461
1792	YPR017C	0.88461
1793	YDL120W	0.88458
1794	YDR293C	0.88457
1795	YBR060C	0.88455
1796	YCR100C	0.88455
1797	YIL130W	0.88453
1798	YFR027W	0.88451
1799	YKL127W	0.8845
1800	YBR185C	0.8845
1801	YOR233W	0.88446
1802	YGR157W	0.88444
1803	YBR086C	0.88444
1804	YMR228W	0.88442
1805	YKL128C	0.88442
1806	YPR193C	0.88441
1807	YPR048W	0.88437
1808	YGL238W	0.88437
1809	YLR063W	0.88435
1810	YMR145C	0.88434
1811	YLR342W	0.88433
1812	YDR020C	0.8843
1813	YLR455W	0.88429
1814	YDR399W	0.88429
1815	YHR065C	0.88424
1816	YML125C	0.88423
1817	YDR392W	0.88419
1818	YDL198C	0.88418
1819	YMR218C	0.88415
1820	YCR107W	0.88415
1821	YMR226C	0.88413
1822	YEL047C	0.88413
1823	YJL124C	0.88409
1824	YML085C	0.88407
1825	YPL003W	0.88406
1826	YOL018C	0.88405
1827	YOR005C	0.88404
1828	YLL051C	0.88402
1829	YPR181C	0.88401
1830	YKL191W	0.88401
1831	YGL198W	0.884
1832	YNL007C	0.88398
1833	YPR176C	0.88396
1834	YNL206C	0.88394
1835	YDR232W	0.88392
1836	YJL100W	0.88392
1837	YDL161W	0.88392
1838	YDL021W	0.88391
1839	YGR096W	0.8839
1840	YDL036C	0.88389
1841	YGL220W	0.88387
1842	YBL033C	0.88386
1843	YDL109C	0.88385
1844	YCR014C	0.88382
1845	YER055C	0.88379
1846	YGR012W	0.88376
1847	YHL031C	0.88373
1848	YDR194C	0.8837
1849	YOL023W	0.88365
1850	YIL050W	0.88365
1851	YNR064C	0.88364
1852	YJL102W	0.88362
1853	YPR056W	0.88358
1854	YOR018W	0.88357
1855	YKL065C	0.88355
1856	YER134C	0.88354
1857	YHL007C	0.88351
1858	YJR111C	0.88349
1859	YLR443W	0.88345
1860	YDR380W	0.88344
1861	YOR001W	0.88343
1862	YPL065W	0.88342
1863	YPR200C	0.88342
1864	YDR393W	0.88342
1865	YIL140W	0.88342
1866	YHR009C	0.88341
1867	YNL258C	0.88337
1868	YGL143C	0.88333
1869	YBL106C	0.88332
1870	YOR261C	0.88332
1871	YOR187W	0.88329
1872	YLR244C	0.88327
1873	YDR099W	0.88325
1874	YGR177C	0.88324
1875	YPR107C	0.88323
1876	YOR166C	0.88322
1877	YOR211C	0.88319
1878	YDR472W	0.88319
1879	YER172C	0.88319
1880	YML127W	0.88319
1881	YGL158W	0.88316
1882	YLR060W	0.88313
1883	Q0250	0.88311
1884	YAL033W	0.88309
1885	YLR083C	0.88307
1886	YML115C	0.88301
1887	YDR185C	0.88301
1888	YGL016W	0.883
1889	YPL145C	0.88299
1890	YKL181W	0.88299
1891	YPR069C	0.88298
1892	YDR421W	0.88297
1893	YLL058W	0.88296
1894	YIL010W	0.88296
1895	YKR056W	0.88293
1896	YOL006C	0.88293
1897	YDR346C	0.88289
1898	YLR090W	0.88289
1899	YGR252W	0.88278
1900	YLR078C	0.88275
1901	YCR060W	0.88274
1902	YCL017C	0.88271
1903	YHR198C	0.8827
1904	YGR080W	0.88269
1905	YER157W	0.88269
1906	YFR010W	0.88266
1907	YMR217W	0.88266
1908	YKR069W	0.88264
1909	YJL171C	0.88264
1910	YHL050C	0.88262
1911	YCR007C	0.88259
1912	YHR106W	0.88252
1913	YLR026C	0.88246
1914	YJR052W	0.88245
1915	YHR186C	0.8824
1916	YPL029W	0.88238
1917	YHR104W	0.88237
1918	YPR105C	0.88232
1919	YDR189W	0.8823
1920	YML110C	0.88228
1921	YFL017W-A	0.88228
1922	YML054C	0.88226
1923	YPR190C	0.88224
1924	YBR200W	0.88223
1925	YFL030W	0.88222
1926	YER001W	0.88219
1927	YNR046W	0.88219
1928	YHR067W	0.88214
1929	YHR076W	0.8821
1930	YGR261C	0.88209
1931	YPR023C	0.88208
1932	YLR229C	0.88206
1933	YNL116W	0.88203
1934	YDR394W	0.88202
1935	YPR091C	0.88201
1936	YGL248W	0.88197
1937	YNL107W	0.88194
1938	YHR164C	0.88193
1939	YIR008C	0.88189
1940	YPL045W	0.88189
1941	YKL203C	0.88183
1942	YDR367W	0.88181
1943	YGL207W	0.88178
1944	YOL042W	0.88175
1945	YML078W	0.88175
1946	YIL114C	0.88171
1947	YPR025C	0.88168
1948	YGR201C	0.88166
1949	YEL015W	0.88161
1950	YOR106W	0.88159
1951	YDR036C	0.88156
1952	YNR038W	0.88154
1953	YBR210W	0.88154
1954	YGR169C	0.8815
1955	YPR175W	0.88148
1956	YBR161W	0.88146
1957	YLR245C	0.88145
1958	YGR033C	0.88143
1959	YJR044C	0.88142
1960	YKL134C	0.88142
1961	YFR002W	0.88141
1962	YJR010W	0.88141
1963	YGR112W	0.88141
1964	YBL018C	0.88141
1965	YIL126W	0.8814
1966	Q0060	0.88139
1967	YCL034W	0.88139
1968	YDR083W	0.88139
1969	YFL056C	0.88134
1970	YGL063W	0.88124
1971	YNR003C	0.8812
1972	YOR285W	0.8812
1973	YDR161W	0.88119
1974	YAL044W-A	0.88118
1975	YOR046C	0.88118
1976	YKL106W	0.88117
1977	YMR102C	0.88116
1978	YPL117C	0.88115
1979	YOR370C	0.88114
1980	YLR225C	0.88112
1981	YBR227C	0.88111
1982	YAR028W	0.88109
1983	YLR077W	0.88109
1984	YLR234W	0.88108
1985	YLL026W	0.88106
1986	YDR364C	0.88106
1987	YOR260W	0.88106
1988	YMR127C	0.88102
1989	YOL165C	0.88102
1990	YDR268W	0.88097
1991	YLR103C	0.88095
1992	YHR107C	0.88094
1993	YMR281W	0.88092
1994	YNL059C	0.88091
1995	YAR027W	0.8809
1996	YML013W	0.8809
1997	YDL243C	0.88084
1998	YLR433C	0.88084
1999	YGL039W	0.88082
2000	YBR302C	0.88079
2001	YML132W	0.88079
2002	YPL232W	0.88071
2003	YOL145C	0.8807
2004	YHR191C	0.88068
2005	YGR066C	0.88065
2006	YDL110C	0.88063
2007	YOR021C	0.88062
2008	YGL206C	0.88062
2009	YHR201C	0.88062
2010	YMR312W	0.88054
2011	YPL245W	0.88047
2012	YCL045C	0.88046
2013	YEL023C	0.88046
2014	YML069W	0.88046
2015	YIR012W	0.88045
2016	YHR070W	0.88045
2017	YER154W	0.88043
2018	YHR037W	0.88038
2019	YLR430W	0.88035
2020	YFL001W	0.88029
2021	YHR124W	0.88027
2022	YDR117C	0.88027
2023	YOR090C	0.88026
2024	YNL261W	0.88022
2025	YPL061W	0.8802
2026	YGL212W	0.88015
2027	YOR269W	0.88014
2028	YJR006W	0.88014
2029	YLR284C	0.88013
2030	YDL156W	0.88006
2031	YNL004W	0.88006
2032	YBR015C	0.88005
2033	YKL045W	0.88003
2034	YBL112C	0.87996
2035	YHR218W-A	0.87996
2036	YNL132W	0.87995
2037	YER182W	0.87989
2038	YOR305W	0.87989
2039	YDR208W	0.87988
2040	YHR077C	0.87987
2041	YGL144C	0.87986
2042	YGR083C	0.87983
2043	YGL051W	0.87982
2044	YIR027C	0.87976
2045	YGL127C	0.8797
2046	YCL036W	0.87968
2047	YMR321C	0.87964
2048	YPL165C	0.8796
2049	YJR074W	0.87957
2050	YDR302W	0.87953
2051	YLR266C	0.87952
2052	YIR034C	0.87951
2053	YOR232W	0.8795
2054	YBR158W	0.87949
2055	YDL025C	0.87949
2056	YHR214C-B	0.87948
2057	YBL067C	0.87947
2058	YJR076C	0.87947
2059	YGR086C	0.87946
2060	YLR072W	0.87944
2061	YAR009C	0.87943
2062	YHR027C	0.87941
2063	YDR004W	0.87941
2064	YCR073W-A	0.87932
2065	YML004C	0.87928
2066	YKL010C	0.8792
2067	YLL017W	0.8792
2068	YPL059W	0.8792
2069	YNL217W	0.87916
2070	YDR183W	0.87914
2071	YGL058W	0.87911
2072	YBL021C	0.8791
2073	YMR130W	0.87908
2074	YPL195W	0.87907
2075	YOR181W	0.87906
2076	YNR067C	0.87906
2077	YJR097W	0.87906
2078	YDL226C	0.87904
2079	YMR105C	0.87904
2080	YMR041C	0.87901
2081	YDR170C	0.87899
2082	YPL239W	0.87898
2083	YGL018C	0.87897
2084	YKR061W	0.87896
2085	YIL042C	0.87895
2086	YHR078W	0.87891
2087	YGR136W	0.87886
2088	YOR363C	0.87885
2089	YGR229C	0.87884
2090	YBL113C	0.8788
2091	YNL291C	0.87878
2092	YGL236C	0.87877
2093	YCR010C	0.87875
2094	YKL198C	0.87874
2095	YFL016C	0.8787
2096	YOL128C	0.87869
2097	YDL200C	0.87869
2098	YLL053C	0.87867
2099	YJL050W	0.87865
2100	YCL030C	0.87865
2101	YFR022W	0.87861
2102	YKL116C	0.87858
2103	YCR091W	0.87856
2104	YDL240W	0.87853
2105	YIL167W	0.87853
2106	YGR216C	0.87848
2107	YBL035C	0.87848
2108	YKL071W	0.87846
2109	YPR088C	0.87843
2110	YNR071C	0.87843
2111	YGR278W	0.87842
2112	YKL069W	0.87842
2113	YDR403W	0.8784
2114	YFR045W	0.87839
2115	YFL062W	0.87838
2116	YBR151W	0.87834
2117	YIL106W	0.87834
2118	YGR181W	0.87833
2119	YBR208C	0.87832
2120	YOL151W	0.87827
2121	YKL033W	0.87825
2122	YNR065C	0.87825
2123	YLR116W	0.87816
2124	YGL180W	0.87814
2125	YDR300C	0.87814
2126	YML072C	0.87813
2127	YGL125W	0.87811
2128	YDR037W	0.87809
2129	YJL033W	0.87805
2130	YBL017C	0.878
2131	YMR033W	0.87796
2132	YBR179C	0.87796
2133	YOL149W	0.8779
2134	YJR135W-A	0.87785
2135	YDR107C	0.87784
2136	YNL071W	0.87784
2137	YBR281C	0.87783
2138	YJR051W	0.87782
2139	YDR266C	0.87777
2140	YLR260W	0.87776
2141	YDR246W	0.87775
2142	YKL059C	0.87771
2143	YGL004C	0.8777
2144	YHR072W	0.8777
2145	YBL024W	0.87769
2146	YGR155W	0.87767
2147	YGR052W	0.87767
2148	YFL025C	0.87767
2149	YHR187W	0.87766
2150	YML126C	0.87762
2151	YGL196W	0.87758
2152	YKR066C	0.87757
2153	YOR212W	0.87756
2154	YFL048C	0.87755
2155	YDR388W	0.87754
2156	YGL192W	0.87749
2157	YNL292W	0.87746
2158	YHR200W	0.87745
2159	YKR058W	0.8774
2160	YML100W	0.87737
2161	YPL252C	0.87737
2162	YGR070W	0.87736
2163	YFR053C	0.87735
2164	Q0160	0.87735
2165	YMR106C	0.87734
2166	YPL249C	0.87734
2167	YDL091C	0.87731
2168	YBR169C	0.8773
2169	YLR375W	0.87729
2170	YNL294C	0.87728
2171	YDL024C	0.87723
2172	YOR035C	0.87718
2173	YOL067C	0.87713
2174	YDL064W	0.87709
2175	YHR085W	0.87708
2176	YML120C	0.87706
2177	YNL191W	0.87704
2178	YDL116W	0.87697
2179	YBL032W	0.87696
2180	YPR072W	0.87695
2181	YLR166C	0.87695
2182	Q0045	0.87695
2183	YDR126W	0.87694
2184	YPL023C	0.87693
2185	YHL011C	0.87691
2186	YDR080W	0.87687
2187	YIL157C	0.87685
2188	YBL008W	0.87684
2189	YPL110C	0.87681
2190	YPL260W	0.87678
2191	YNL325C	0.87677
2192	YJR069C	0.87675
2193	YAR003W	0.87673
2194	YNL108C	0.87671
2195	YDL003W	0.8767
2196	YGR205W	0.8767
2197	YFL057C	0.87669
2198	YOR164C	0.87668
2199	YGR048W	0.87665
2200	YML066C	0.87665
2201	YCR105W	0.87662
2202	YLR335W	0.8766
2203	YNL336W	0.8766
2204	YIL049W	0.87656
2205	YJL065C	0.87655
2206	YIR038C	0.87655
2207	YKL206C	0.87653
2208	YGL112C	0.87653
2209	YPL057C	0.87652
2210	YDR171W	0.87651
2211	YDR365W-B	0.87651
2212	Q0130	0.8765
2213	YAL058W	0.87648
2214	YLR382C	0.87645
2215	YDL033C	0.87644
2216	YGR003W	0.87643
2217	YMR322C	0.87642
2218	YCL057W	0.87641
2219	YGR188C	0.8764
2220	YPL063W	0.8764
2221	YDR336W	0.87638
2222	YOR254C	0.87636
2223	YGR056W	0.87636
2224	YBL069W	0.87634
2225	YIR042C	0.87634
2226	YMR097C	0.87631
2227	YEL056W	0.8763
2228	YMR040W	0.87626
2229	YMR093W	0.87625
2230	YPR144C	0.87624
2231	YHL004W	0.87624
2232	YGR189C	0.87618
2233	YIR009W	0.87618
2234	YMR062C	0.87617
2235	YMR108W	0.87616
2236	YJR155W	0.87614
2237	YKL144C	0.87612
2238	YCL016C	0.87606
2239	YFR044C	0.87603
2240	YKL216W	0.87599
2241	YDR165W	0.87599
2242	YBR186W	0.87599
2243	YIL096C	0.87595
2244	YBR149W	0.87595
2245	YAR031W	0.87594
2246	YLR022C	0.87592
2247	YDL241W	0.87591
2248	YDR313C	0.87591
2249	YOR111W	0.87591
2250	YHR168W	0.87587
2251	YPL012W	0.87586
2252	YDR164C	0.87582
2253	YJR065C	0.87579
2254	YHR117W	0.87579
2255	YPL036W	0.87577
2256	YHL019C	0.87577
2257	YDR150W	0.87566
2258	YBR054W	0.87565
2259	YOR052C	0.87564
2260	YML045W	0.87563
2261	YOL043C	0.87562
2262	YCR026C	0.87561
2263	YCR053W	0.87555
2264	YKL168C	0.87555
2265	YDL215C	0.87554
2266	YGR135W	0.87554
2267	YLR420W	0.87552
2268	YBR201W	0.87551
2269	YDR101C	0.8755
2270	YPL084W	0.87549
2271	YCR035C	0.87548
2272	YOR008C	0.87547
2273	YOR295W	0.87543
2274	YOL022C	0.87541
2275	YOR038C	0.87536
2276	YER138C	0.87536
2277	YJR027W	0.87535
2278	YDR538W	0.87535
2279	YLR093C	0.87534
2280	YDL022W	0.87532
2281	YGL050W	0.87531
2282	YER078C	0.87531
2283	YIL016W	0.87527
2284	YDL123W	0.87525
2285	YBR228W	0.87524
2286	YGL049C	0.87523
2287	YML079W	0.87522
2288	YDL179W	0.87522
2289	YIL105C	0.8752
2290	YMR161W	0.87517
2291	YOR103C	0.87513
2292	YHR073W	0.87513
2293	YJL139C	0.87513
2294	YLR256W-B/YLR256W-C	0.87512
2295	YOL103W-B	0.8751
2296	YDR370C	0.87507
2297	YDR324C	0.87506
2298	YOR223W	0.87505
2299	YKL219W	0.87505
2300	YLL009C	0.87505
2301	YOL146W	0.87504
2302	YMR300C	0.87502
2303	YMR050C	0.87502
2304	YPL041C	0.875
2305	YLR215C	0.875
2306	YOR353C	0.87498
2307	YJL042W	0.87498
2308	YNL207W	0.87497
2309	YDR098C-B	0.87496
2310	YFL039C	0.87494
2311	YLR132C	0.87494
2312	YLR438W	0.87494
2313	YNL061W	0.87493
2314	YCL035C	0.87492
2315	YER080W	0.87492
2316	YGR094W	0.87492
2317	YPL022W	0.87486
2318	YEL012W	0.87483
2319	YPL280W	0.8748
2320	YGR109C	0.8748
2321	YMR319C	0.87479
2322	YHL048W	0.87477
2323	YKL193C	0.87476
2324	YGR038C-B	0.87475
2325	YOR290C	0.87475
2326	YKL173W	0.87471
2327	YOL093W	0.8747
2328	YER160C	0.87469
2329	YMR222C	0.87469
2330	YHR033W	0.87469
2331	YLR222C	0.87467
2332	YKR074W	0.87466
2333	YGR074W	0.87464
2334	YPL257W-B	0.87463
2335	YAL042W	0.87462
2336	YDR419W	0.87457
2337	YNL124W	0.87455
2338	YPL273W	0.87453
2339	YKR096W	0.87449
2340	YCL067C	0.87444
2341	YCR039C	0.87444
2342	YOR344C	0.87442
2343	YPL128C	0.87442
2344	YAR019C	0.87441
2345	YPR004C	0.87441
2346	YPL148C	0.87435
2347	YGR161C-D	0.87433
2348	YDR210C-D	0.87432
2349	YMR131C	0.8743
2350	YML070W	0.87428
2351	YPR158C-D	0.87427
2352	YML039W	0.87427
2353	YOR256C	0.87426
2354	YJR066W	0.87425
2355	YGL141W	0.87422
2356	YPR137C-B	0.87421
2357	YHR188C	0.87416
2358	YJR029W	0.87415
2359	YLR178C	0.87415
2360	YGL247W	0.87415
2361	YBR205W	0.87414
2362	YIL143C	0.87413
2363	YLR035C-A	0.87412
2364	YHR138C	0.87407
2365	YKL113C	0.87405
2366	YKL015W	0.87404
2367	YGR131W	0.87401
2368	YLR157C-B	0.87401
2369	YDR316W	0.874
2370	YGL178W	0.874
2371	YKL125W	0.874
2372	YGL257C	0.87395
2373	YKL029C	0.87393
2374	YJL081C	0.87388
2375	YDR139C	0.87387
2376	YBL029C-A	0.87386
2377	YPR045C	0.87386
2378	YNL062C	0.87384
2379	YDR316W-B	0.87384
2380	YBR119W	0.87381
2381	YHR208W	0.87381
2382	YGR170W	0.87377
2383	YCR054C	0.87373
2384	YDL147W	0.87372
2385	YGL011C	0.87371
2386	YBR036C	0.87371
2387	YDR424C	0.87371
2388	YHR019C	0.8737
2389	YBL023C	0.87369
2390	YLR227W-B	0.87368
2391	YMR231W	0.87367
2392	YNL015W	0.87366
2393	YGL203C	0.87365
2394	YJL005W	0.87364
2395	YGR027W-B	0.87364
2396	YLR460C	0.87358
2397	YBR012W-B	0.87357
2398	YGL160W	0.87355
2399	YOR201C	0.87354
2400	YER044C	0.87353
2401	YGL003C	0.87351
2402	YCL029C	0.87348
2403	YJR136C	0.87345
2404	YOR239W	0.87337
2405	YOL116W	0.87337
2406	YFL037W	0.87334
2407	YNL054W-B	0.87332
2408	YBR103W	0.87332
2409	YKR072C	0.87329
2410	YEL055C	0.87329
2411	YOR142W-B	0.87326
2412	YAL039C	0.87323
2413	YMR196W	0.87305
2414	YLR276C	0.87302
2415	YHR122W	0.873
2416	YDR006C	0.873
2417	YJR033C	0.87297
2418	YJR020W	0.87294
2419	YNL249C	0.87289
2420	YNL283C	0.87285
2421	YOR141C	0.87285
2422	YOR391C	0.87281
2423	YER094C	0.87279
2424	YML094W	0.87278
2425	YNL313C	0.87276
2426	YGR044C	0.87275
2427	YDR261C-D	0.87274
2428	YBL005W-B	0.87274
2429	YNL284C-B	0.87273
2430	YER142C	0.8727
2431	YPR104C	0.8727
2432	YGR238C	0.87268
2433	YIR005W	0.87264
2434	YJL179W	0.87264
2435	YOR299W	0.87263
2436	YOR346W	0.87263
2437	YGL171W	0.87258
2438	YGR264C	0.87256
2439	YPL032C	0.87255
2440	YMR045C	0.87252
2441	YGR099W	0.87249
2442	YER073W	0.87248
2443	YDR354W	0.87246
2444	YDR026C	0.87245
2445	YOR216C	0.87245
2446	YGR006W	0.87241
2447	YGL048C	0.8724
2448	YML020W	0.87237
2449	YOL135C	0.87235
2450	YDR245W	0.87234
2451	YIR032C	0.87232
2452	YLR456W	0.87232
2453	YBL075C	0.87232
2454	Q0070	0.87231
2455	YLR218C	0.87229
2456	YNR051C	0.87227
2457	YDL072C	0.87227
2458	YBL080C	0.87227
2459	YOR054C	0.87226
2460	YLR104W	0.87223
2461	YMR261C	0.87223
2462	YLR105C	0.87221
2463	YPL191C	0.87219
2464	YJR119C	0.87218
2465	YDR145W	0.87216
2466	YGL026C	0.87214
2467	YLR199C	0.87211
2468	YGL256W	0.87211
2469	YNL073W	0.8721
2470	YCR020C-A	0.87201
2471	YGR187C	0.87199
2472	YJR054W	0.87197
2473	YIL090W	0.87196
2474	YBR154C	0.87196
2475	YBR155W	0.87194
2476	YFL027C	0.87194
2477	YDR129C	0.87193
2478	YLL018C-A	0.87193
2479	YPR158W-B	0.87192
2480	YKL003C	0.8719
2481	YJL204C	0.87186
2482	YDL237W	0.87185
2483	YML111W	0.87183
2484	YNL242W	0.87183
2485	YHR133C	0.87181
2486	YDR434W	0.8718
2487	YDL028C	0.87178
2488	YLR107W	0.87175
2489	YOR043W	0.87174
2490	YLL036C	0.87172
2491	YBR212W	0.87171
2492	YPR035W	0.87171
2493	YPR032W	0.87163
2494	YGR058W	0.87163
2495	YNL087W	0.87163
2496	YMR235C	0.87162
2497	YML130C	0.8716
2498	YFR032C	0.8716
2499	YJL165C	0.87159
2500	YLR435W	0.87155
2501	YIL017C	0.87152
2502	YJL117W	0.87152
2503	YLR054C	0.87149
2504	YDL175C	0.87142
2505	YCR073C	0.87139
2506	YKR064W	0.87136
2507	YGR061C	0.87136
2508	YDR288W	0.87132
2509	YPL104W	0.87129
2510	YMR259C	0.87127
2511	YOR191W	0.87125
2512	YDL165W	0.87123
2513	YGL116W	0.87122
2514	YML096W	0.87108
2515	YOR051C	0.87107
2516	YGL254W	0.87105
2517	YOL033W	0.87104
2518	YOR319W	0.87102
2519	YOR081C	0.87102
2520	YAL051W	0.87101
2521	YNL239W	0.871
2522	YER151C	0.871
2523	YBR129C	0.87099
2524	YPL155C	0.87097
2525	YJR005W	0.87095
2526	YLR401C	0.87095
2527	YNL330C	0.87091
2528	YDL195W	0.8709
2529	YER041W	0.87089
2530	YML092C	0.87089
2531	YMR126C	0.87087
2532	YJR099W	0.87087
2533	YKR079C	0.87083
2534	YGR068C	0.87078
2535	YPL026C	0.87078
2536	YER024W	0.87078
2537	YHL014C	0.87077
2538	YHR022C	0.87075
2539	YHR038W	0.87072
2540	YJL014W	0.87072
2541	YJL029C	0.87071
2542	YNR062C	0.87069
2543	YGL008C	0.87069
2544	YDR003W	0.87068
2545	YOL102C	0.87066
2546	YLR429W	0.87065
2547	YDR238C	0.87065
2548	YPL263C	0.87062
2549	YDR407C	0.87057
2550	YDR242W	0.87056
2551	YHR214C-C	0.87054
2552	YOR112W	0.87053
2553	YMR042W	0.87052
2554	YIL002C	0.87051
2555	YNL012W	0.8705
2556	YPL064C	0.87049
2557	YOL057W	0.87045
2558	YPL072W	0.87044
2559	YDR174W	0.87042
2560	YDR244W	0.8704
2561	YPL024W	0.87038
2562	YBR085W	0.87037
2563	YDR122W	0.87036
2564	YLR003C	0.87034
2565	YGR202C	0.87026
2566	YPR182W	0.87024
2567	YDR483W	0.87023
2568	YKL205W	0.87022
2569	YBR011C	0.8702
2570	YIL075C	0.87019
2571	YOL047C	0.87018
2572	YPL074W	0.87016
2573	YOR272W	0.87015
2574	YBR059C	0.87012
2575	YIL079C	0.87011
2576	YCL057C-A	0.87011
2577	YGR158C	0.8701
2578	YPL183C	0.87009
2579	YGR295C	0.87006
2580	YOR039W	0.87002
2581	YKR076W	0.87001
2582	YEL061C	0.86999
2583	YNL121C	0.86998
2584	YBR218C	0.86997
2585	YPR135W	0.86996
2586	YML016C	0.86995
2587	YNR006W	0.86994
2588	YLR070C	0.86991
2589	YBR109C	0.8699
2590	YHR113W	0.86983
2591	YBL078C	0.86982
2592	YKL218C	0.8698
2593	YFR052W	0.86973
2594	YBL091C-A	0.86971
2595	YOL108C	0.86969
2596	YDL126C	0.86968
2597	YOL153C	0.86968
2598	YMR152W	0.86961
2599	YDL135C	0.8696
2600	YDR311W	0.86958
2601	YNL163C	0.86952
2602	YDL233W	0.86945
2603	YNL077W	0.86941
2604	YLR459W	0.86941
2605	YGL054C	0.86935
2606	YOL097C	0.86934
2607	YKL196C	0.86932
2608	YDL209C	0.8693
2609	YNL272C	0.86927
2610	YGR162W	0.86927
2611	YML090W	0.86926
2612	YJR147W	0.86925
2613	YDR539W	0.86925
2614	YML098W	0.86924
2615	YGL250W	0.8692
2616	YIL065C	0.86918
2617	YGL232W	0.86918
2618	YIR011C	0.86916
2619	YOL139C	0.86909
2620	YPL167C	0.86909
2621	YLR115W	0.86905
2622	YKL100C	0.86904
2623	YOR288C	0.86902
2624	YFR041C	0.86901
2625	YNL193W	0.869
2626	YCL033C	0.86896
2627	YIR001C	0.86895
2628	YAL044C	0.8689
2629	YGR122W	0.8689
2630	YLL019C	0.8689
2631	YPL138C	0.86884
2632	YPL020C	0.86883
2633	YOL054W	0.86882
2634	YIL056W	0.86882
2635	YPL019C	0.86882
2636	YNL304W	0.86882
2637	YFL004W	0.86881
2638	YDL182W	0.86879
2639	YJL151C	0.86877
2640	YKL186C	0.86871
2641	YOR296W	0.86871
2642	YCR102C	0.8687
2643	YIL009C-A	0.86866
2644	YOR138C	0.86864
2645	YNL331C	0.86863
2646	YGL142C	0.86862
2647	YOR027W	0.86861
2648	YML010W	0.86857
2649	YJR100C	0.86857
2650	YLL035W	0.86856
2651	YOR271C	0.86852
2652	YER068W	0.86852
2653	YGL014W	0.86852
2654	YDL122W	0.86851
2655	YGL166W	0.86847
2656	YJL127C	0.86842
2657	YHL042W	0.86842
2658	YNL147W	0.8684
2659	YBR058C-A	0.86838
2660	YLR191W	0.86837
2661	YMR189W	0.86836
2662	YJL213W	0.86835
2663	YMR137C	0.86834
2664	YOR243C	0.86833
2665	YOR367W	0.86831
2666	YMR234W	0.86828
2667	YBR022W	0.86827
2668	YLL011W	0.86818
2669	YOL010W	0.86816
2670	YDL008W	0.86812
2671	YDR496C	0.86811
2672	YDR389W	0.86803
2673	YBR176W	0.86803
2674	YJL046W	0.868
2675	YER101C	0.86797
2676	YJL098W	0.86797
2677	YNL303W	0.86797
2678	YNR021W	0.86796
2679	YOR322C	0.86792
2680	YNL085W	0.86791
2681	YHR080C	0.86788
2682	YGL169W	0.86783
2683	YBR199W	0.8678
2684	YCR051W	0.8678
2685	YER006W	0.8678
2686	YHR197W	0.86779
2687	YOR323C	0.86774
2688	YOR142W	0.86774
2689	YOL088C	0.86774
2690	YNL026W	0.86773
2691	YDL203C	0.86772
2692	YDR167W	0.86769
2693	YDR286C	0.86766
2694	YCR071C	0.86766
2695	YOL105C	0.86763
2696	YMR076C	0.86761
2697	YGR127W	0.86761
2698	YNL267W	0.86756
2699	YDR414C	0.86755
2700	YCR083W	0.86752
2701	YGR017W	0.86751
2702	YNL263C	0.86751
2703	YIL026C	0.86748
2704	YHR011W	0.86743
2705	YIL038C	0.86742
2706	YOR026W	0.86739
2707	YLR427W	0.86739
2708	YDR347W	0.86737
2709	YDL146W	0.86735
2710	YKL087C	0.86734
2711	YLR314C	0.86732
2712	YDR234W	0.86727
2713	YJR042W	0.86725
2714	YKL098W	0.86725
2715	YDR204W	0.8672
2716	YDR179W-A	0.86719
2717	YCL001W-B	0.86715
2718	YER009W	0.86715
2719	YJR153W	0.86713
2720	YOL129W	0.86713
2721	YNL118C	0.86711
2722	YHR118C	0.86711
2723	YGR232W	0.8671
2724	YML067C	0.8671
2725	YHR079C	0.867
2726	YFR029W	0.86699
2727	YNR029C	0.86697
2728	YDL114W	0.86695
2729	YLR258W	0.86693
2730	YER156C	0.86693
2731	YPL241C	0.86691
2732	YOR086C	0.86688
2733	YHR069C	0.86684
2734	YNL131W	0.86683
2735	YCR038C	0.86682
2736	YOR056C	0.86681
2737	YHR060W	0.86679
2738	YDR106W	0.86675
2739	YPL187W	0.86674
2740	YBR084W	0.86668
2741	YNL119W	0.86667
2742	YOR124C	0.86661
2743	YIL173W	0.86659
2744	YOL107W	0.86659
2745	YNL128W	0.86658
2746	YJL222W	0.86655
2747	YIL085C	0.86654
2748	YER021W	0.86654
2749	YLR368W	0.86653
2750	Q0105	0.86644
2751	YJL192C	0.86644
2752	YPL235W	0.86643
2753	YGL094C	0.86643
2754	YBL066C	0.86642
2755	YKR028W	0.86642
2756	Q0050	0.86642
2757	YNL084C	0.8664
2758	YPR018W	0.86639
2759	YGL172W	0.86639
2760	YMR211W	0.86636
2761	YJR090C	0.86636
2762	YGR244C	0.86634
2763	YOR185C	0.86632
2764	YDR398W	0.86632
2765	YKR089C	0.86629
2766	YLR153C	0.86626
2767	YOR196C	0.86626
2768	YDR315C	0.86625
2769	YPL083C	0.86618
2770	YLR449W	0.86617
2771	YPR127W	0.86616
2772	YOR259C	0.86615
2773	YEL020W-A	0.86613
2774	YCR042C	0.86612
2775	YOR347C	0.8661
2776	YDR512C	0.86608
2777	YNL248C	0.86607
2778	YDR152W	0.86601
2779	YLR035C	0.86601
2780	YMR194C-B	0.86601
2781	YDR432W	0.86599
2782	YPR098C	0.86595
2783	YDR247W	0.86592
2784	YNR028W	0.86591
2785	YNL247W	0.86591
2786	YMR287C	0.86591
2787	YPL129W	0.86588
2788	YJL030W	0.86588
2789	YOR036W	0.86583
2790	YPL067C	0.86582
2791	YMR251W	0.86579
2792	YJR110W	0.86579
2793	YLR129W	0.86578
2794	YLR007W	0.86576
2795	YBR046C	0.86575
2796	YKL084W	0.86567
2797	YNR016C	0.86563
2798	YPL181W	0.86561
2799	YKL028W	0.86559
2800	YPR133C	0.86557
2801	YDR031W	0.86556
2802	YCL019W	0.86553
2803	YGL221C	0.86552
2804	YIL168W	0.8655
2805	YOR099W	0.86548
2806	YKR060W	0.86548
2807	YKL090W	0.86548
2808	YHR172W	0.86547
2809	YOR228C	0.86546
2810	YHR083W	0.86546
2811	YMR180C	0.8654
2812	YKL212W	0.8654
2813	YML056C	0.86538
2814	YMR214W	0.86536
2815	YNL051W	0.86535
2816	YLR330W	0.86531
2817	YIR035C	0.8653
2818	YDR147W	0.86529
2819	YFR013W	0.86527
2820	YJL069C	0.86526
2821	YOL142W	0.86524
2822	YDR484W	0.86523
2823	YGR090W	0.86523
2824	YMR201C	0.86522
2825	YOL111C	0.86522
2826	YPR112C	0.8651
2827	YHR173C	0.86502
2828	YPR149W	0.86501
2829	YJR105W	0.86501
2830	YOR206W	0.86494
2831	YML095C	0.86493
2832	YER036C	0.86493
2833	YAL014C	0.86491
2834	YJR045C	0.8649
2835	YBR288C	0.8649
2836	YJL044C	0.86489
2837	YNL182C	0.86486
2838	YPR036W	0.86484
2839	YDR335W	0.86483
2840	YMR026C	0.86482
2841	YCR021C	0.86475
2842	YHR199C	0.86475
2843	YPL002C	0.86472
2844	YML008C	0.86467
2845	YOR281C	0.86465
2846	YGR193C	0.86464
2847	YHR121W	0.86453
2848	YMR263W	0.86452
2849	YPL038W	0.86452
2850	YMR146C	0.86451
2851	YNL006W	0.86451
2852	YGL161C	0.8645
2853	YGL097W	0.86449
2854	YKL201C	0.86449
2855	YPR029C	0.86448
2856	YDR180W	0.86447
2857	YOL049W	0.86444
2858	YMR028W	0.86443
2859	YGR119C	0.86442
2860	YIL072W	0.86439
2861	YDL178W	0.86439
2862	YDL058W	0.86438
2863	YBL074C	0.86436
2864	YGR231C	0.86435
2865	YPR079W	0.86433
2866	YJL092W	0.86433
2867	YDR206W	0.86425
2868	YFR043C	0.86425
2869	YGL157W	0.86424
2870	YIL094C	0.86424
2871	YGR247W	0.86419
2872	YJR064W	0.86419
2873	YPL277C	0.86415
2874	YNL190W	0.86415
2875	YPR089W	0.86412
2876	YFR055W	0.86411
2877	YMR307W	0.86409
2878	YOR192C-B	0.86407
2879	YFL046W	0.86406
2880	YGR161W-B	0.86406
2881	YFL002W-A	0.86406
2882	YGR211W	0.86402
2883	YJR062C	0.86398
2884	YOR115C	0.86392
2885	YER087W	0.86389
2886	YNL212W	0.86387
2887	YER177W	0.86384
2888	YJL053W	0.86383
2889	YMR313C	0.8638
2890	YPL053C	0.86377
2891	YHR020W	0.86374
2892	YIR029W	0.86371
2893	YNL273W	0.86367
2894	YDR261W-B	0.86366
2895	YEL002C	0.86365
2896	YCR019W	0.86363
2897	YIL051C	0.86362
2898	YGR242W	0.86359
2899	YDR334W	0.86357
2900	YKR097W	0.86352
2901	YHR090C	0.8635
2902	YNL241C	0.86349
2903	YOR060C	0.86348
2904	YGR038C-D/YGR038C-C	0.86346
2905	YLR065C	0.86342
2906	YKL103C	0.8634
2907	YGR171C	0.86335
2908	YLL027W	0.86334
2909	YLL056C	0.86334
2910	YJR142W	0.86331
2911	YIL104C	0.86331
2912	YBR261C	0.8633
2913	YOR075W	0.86327
2914	YIL128W	0.86325
2915	YOR202W	0.8632
2916	YJR088C	0.86319
2917	YMR090W	0.86318
2918	YJL011C	0.86317
2919	YNL240C	0.86317
2920	YER069W	0.86317
2921	YNL037C	0.86316
2922	YGR021W	0.86315
2923	YDR034C-D	0.86311
2924	YMR190C	0.86303
2925	YJL172W	0.86303
2926	YBL101C	0.86302
2927	YGR253C	0.863
2928	YKL006C-A	0.863
2929	YMR115W	0.86299
2930	YHR040W	0.86298
2931	YEL024W	0.86294
2932	YLR316C	0.86293
2933	YJL034W	0.8629
2934	YGL106W	0.86289
2935	YLR432W	0.86288
2936	YLR419W	0.86287
2937	YML088W	0.86285
2938	YFL018C	0.86285
2939	YKL213C	0.86284
2940	YDL087C	0.86283
2941	YPR189W	0.86282
2942	YJL197W	0.86279
2943	YAL041W	0.86275
2944	YAL002W	0.86274
2945	YOR004W	0.86273
2946	YDL168W	0.86272
2947	YDR437W	0.86265
2948	YJR055W	0.8626
2949	YLL054C	0.86259
2950	YBL100W-B	0.86259
2951	YJL047C	0.86258
2952	YOR356W	0.86256
2953	YLR289W	0.8625
2954	YGL145W	0.86249
2955	YNL201C	0.86247
2956	YKL148C	0.86242
2957	YIL165C	0.86238
2958	YDR197W	0.86238
2959	YHR018C	0.86232
2960	YDR210W-B	0.86232
2961	YLR410W-B	0.86231
2962	YOR125C	0.8623
2963	YOR238W	0.8623
2964	YKL119C	0.86228
2965	YPR037C	0.86226
2966	YOR330C	0.86224
2967	YBR142W	0.86223
2968	YGL126W	0.86223
2969	YJL045W	0.86216
2970	YNL216W	0.86213
2971	YLR025W	0.86213
2972	YGR019W	0.86213
2973	YPL123C	0.86212
2974	YLR364W	0.8621
2975	YLR212C	0.86205
2976	YAL013W	0.86203
2977	YER047C	0.86197
2978	YEL071W	0.86193
2979	YJL041W	0.86192
2980	YPL098C	0.8619
2981	YMR024W	0.86189
2982	YNL001W	0.86189
2983	YCR024C	0.86186
2984	YLR096W	0.86184
2985	YOR286W	0.86181
2986	YDL183C	0.8618
2987	YHR219W	0.86177
2988	YMR244C-A	0.86177
2989	YPR179C	0.86175
2990	YNL158W	0.8617
2991	YLR002C	0.86169
2992	YGR270W	0.86169
2993	YMR125W	0.86164
2994	YIL156W	0.86162
2995	YDL030W	0.8616
2996	YKL011C	0.86157
2997	YGL233W	0.86152
2998	YMR168C	0.8615
2999	YDR449C	0.86147
3000	YKL149C	0.86147
3001	YBL015W	0.86142
3002	YHR216W	0.86142
3003	YBR117C	0.86137
3004	YLR303W	0.86137
3005	YDL040C	0.86133
3006	YPR108W	0.86131
3007	YGL067W	0.86129
3008	YNR059W	0.86129
3009	YLR183C	0.86126
3010	YDR027C	0.86126
3011	YMR069W	0.8612
3012	YCL018W	0.8612
3013	YNL236W	0.86119
3014	YDR087C	0.86117
3015	YNL009W	0.86112
3016	YLR319C	0.8611
3017	YJR154W	0.86109
3018	YAR075W	0.86109
3019	YNL271C	0.86109
3020	YOR343W-B	0.86105
3021	YPR155C	0.86103
3022	YLL032C	0.86101
3023	YBR078W	0.86097
3024	YKR044W	0.86096
3025	YER039C-A	0.86095
3026	YDL111C	0.86092
3027	YER113C	0.86091
3028	YMR275C	0.86089
3029	YFL036W	0.86088
3030	YIL040W	0.86086
3031	YIL041W	0.86083
3032	YLR363C	0.86081
3033	YOR120W	0.86077
3034	YDR198C	0.86076
3035	YHR154W	0.86074
3036	YPL228W	0.86071
3037	YPR026W	0.86066
3038	YPL212C	0.86064
3039	YKL007W	0.86063
3040	YMR315W	0.86062
3041	YBR217W	0.86062
3042	YJR085C	0.86061
3043	YKL124W	0.86061
3044	YFL009W	0.8606
3045	YHR029C	0.86059
3046	YFR004W	0.86058
3047	YNR023W	0.86057
3048	YLR071C	0.86056
3049	YKL057C	0.86056
3050	YDR253C	0.86054
3051	YGR256W	0.86053
3052	YMR236W	0.86052
3053	YLR206W	0.86051
3054	YHR064C	0.86051
3055	YHR158C	0.86049
3056	YOL101C	0.86048
3057	YLR142W	0.86045
3058	YNL014W	0.86043
3059	YGR059W	0.86042
3060	YGR108W	0.86038
3061	YGR210C	0.86035
3062	YJL121C	0.8603
3063	YKL142W	0.86029
3064	YGL062W	0.86028
3065	YPR001W	0.86028
3066	YGR166W	0.86017
3067	YLR069C	0.86014
3068	YCR086W	0.86013
3069	YML102W	0.86011
3070	YNL134C	0.86009
3071	YJL132W	0.86008
3072	YGR246C	0.86007
3073	YBL084C	0.86007
3074	YHL024W	0.86007
3075	YLR425W	0.86006
3076	YHL044W	0.86002
3077	YMR067C	0.86001
3078	YGR227W	0.86001
3079	YKR021W	0.86
3080	YOR335C	0.86
3081	YPR139C	0.85997
3082	YLR173W	0.85996
3083	YKL034W	0.85992
3084	YNL047C	0.85992
3085	YGL098W	0.85991
3086	YGR154C	0.85991
3087	YBR276C	0.8599
3088	YDR105C	0.85982
3089	YBR091C	0.85981
3090	YNL221C	0.8598
3091	YMR269W	0.85979
3092	YMR225C	0.85973
3093	YJR102C	0.85973
3094	YMR128W	0.85972
3095	YJL200C	0.85972
3096	YKR071C	0.8597
3097	YLR097C	0.85966
3098	YNL029C	0.85965
3099	YLR393W	0.85953
3100	YLR196W	0.85952
3101	YDR148C	0.85948
3102	YMR149W	0.85947
3103	YKL150W	0.85945
3104	YKL095W	0.85945
3105	YOR389W	0.85943
3106	YIL087C	0.85942
3107	YMR267W	0.85939
3108	YMR302C	0.85936
3109	YER162C	0.85936
3110	Q0115	0.85934
3111	YGL263W	0.85932
3112	YOL045W	0.85931
3113	YGR043C	0.8593
3114	YKL043W	0.8593
3115	YDR035W	0.8593
3116	YEL001C	0.85926
3117	YPR052C	0.85925
3118	YJR148W	0.85924
3119	YDL051W	0.8592
3120	YEL003W	0.85912
3121	YGR128C	0.85909
3122	YDR158W	0.85908
3123	YOL003C	0.85906
3124	YER057C	0.85905
3125	YNL126W	0.85902
3126	YKL079W	0.85901
3127	YGL134W	0.85896
3128	YFL045C	0.85894
3129	YMR157C	0.85894
3130	YLR233C	0.85892
3131	YML032C	0.85892
3132	YGL022W	0.85891
3133	YAR008W	0.8589
3134	YBL058W	0.85889
3135	YGL122C	0.85887
3136	YDR487C	0.85883
3137	YGL092W	0.85878
3138	YER072W	0.85877
3139	YLR073C	0.85876
3140	YHL021C	0.85876
3141	YDR222W	0.85874
3142	YPL100W	0.85873
3143	YOR337W	0.85868
3144	YGR116W	0.85867
3145	YBR098W	0.85864
3146	YNR026C	0.85864
3147	YAL037W	0.85863
3148	YMR171C	0.85862
3149	YDL214C	0.85859
3150	YBL097W	0.85858
3151	YKL040C	0.85858
3152	YER169W	0.8585
3153	YDR071C	0.8585
3154	YDR153C	0.85849
3155	YMR305C	0.85847
3156	YHR162W	0.85845
3157	YLL057C	0.85845
3158	YGL228W	0.8584
3159	YHL012W	0.85839
3160	YIR037W	0.85836
3161	YKR048C	0.85836
3162	YDR060W	0.85835
3163	YPL144W	0.85832
3164	YDR218C	0.85828
3165	YDL045C	0.85827
3166	YGL043W	0.85827
3167	YGL089C	0.85825
3168	YML104C	0.85823
3169	YOR080W	0.85821
3170	YOR143C	0.8582
3171	YGR279C	0.8582
3172	YML074C	0.85819
3173	YOR168W	0.85816
3174	YMR039C	0.85816
3175	YPL160W	0.85814
3176	YFL053W	0.85811
3177	YKL089W	0.8581
3178	YKR004C	0.85809
3179	YLL022C	0.85807
3180	YDR368W	0.85806
3181	Q0110	0.85806
3182	YBR102C	0.85804
3183	YER064C	0.85803
3184	YMR318C	0.85789
3185	YJL071W	0.85784
3186	YDL225W	0.85782
3187	YIL024C	0.85781
3188	YPR168W	0.85781
3189	YBL064C	0.85781
3190	YFR020W	0.85763
3191	YLR396C	0.85758
3192	YBL104C	0.85755
3193	YHR109W	0.85752
3194	YPL215W	0.85752
3195	YIL142W	0.85749
3196	YGL213C	0.85736
3197	YLR001C	0.85734
3198	YOR064C	0.85734
3199	YDR228C	0.8573
3200	YJL043W	0.8573
3201	YDR251W	0.85728
3202	YIL066C	0.85723
3203	YBR280C	0.85723
3204	YPL141C	0.85715
3205	YAL043C	0.85712
3206	YOR251C	0.85712
3207	YLR387C	0.85711
3208	YJR022W	0.85708
3209	YLR409C	0.85708
3210	YOL051W	0.85707
3211	YPR055W	0.85705
3212	YJR115W	0.85703
3213	YLR309C	0.85701
3214	YBL086C	0.85701
3215	YDR049W	0.85698
3216	YMR047C	0.85696
3217	YOL154W	0.85695
3218	YKL032C	0.8569
3219	YPL040C	0.8569
3220	YLR418C	0.85687
3221	YDR470C	0.85684
3222	YML046W	0.85681
3223	YMR265C	0.85679
3224	YKL077W	0.85675
3225	YOL136C	0.85675
3226	YDR108W	0.85672
3227	YDR423C	0.8567
3228	YLR378C	0.85669
3229	YLR208W	0.85668
3230	YBR097W	0.85665
3231	Q0080	0.85662
3232	YER029C	0.85661
3233	YDR501W	0.85657
3234	YBL047C	0.85657
3235	YOL071W	0.85656
3236	YML049C	0.85652
3237	YMR185W	0.8565
3238	YOR007C	0.8565
3239	YNL262W	0.85649
3240	YJR016C	0.85646
3241	YBL091C	0.85645
3242	YLR127C	0.8564
3243	YGL110C	0.8564
3244	YKL085W	0.85638
3245	YLR417W	0.85633
3246	YGR091W	0.85627
3247	YCR077C	0.85623
3248	YMR244W	0.85621
3249	YHR084W	0.85619
3250	YDL133W	0.85618
3251	YPL243W	0.85614
3252	YPL266W	0.85614
3253	YLR015W	0.85613
3254	YLL014W	0.85613
3255	YGL246C	0.85605
3256	YPR152C	0.85603
3257	YMR132C	0.85603
3258	YJL057C	0.85603
3259	YMR154C	0.85601
3260	YCR005C	0.85599
3261	YGL262W	0.85597
3262	YDR326C	0.85595
3263	YPR153W	0.85595
3264	YOR180C	0.85595
3265	YPR033C	0.85593
3266	YKL088W	0.85593
3267	YOL147C	0.85593
3268	YLL016W	0.85591
3269	YDR279W	0.85585
3270	YER008C	0.85584
3271	YJL104W	0.85583
3272	YIL004C	0.85579
3273	YNR001C	0.85579
3274	YGL038C	0.85571
3275	YCR015C	0.8557
3276	YER178W	0.85568
3277	YOR227W	0.85566
3278	YOR074C	0.85564
3279	YGL078C	0.85563
3280	YCR090C	0.85558
3281	YPR041W	0.85544
3282	YKL137W	0.85542
3283	YIL061C	0.85541
3284	YLR163C	0.85541
3285	YIL150C	0.85537
3286	YOR209C	0.85535
3287	YKL182W	0.85534
3288	YOR221C	0.85532
3289	YGL150C	0.85526
3290	YKL080W	0.85526
3291	YHR105W	0.85525
3292	YJR112W	0.85518
3293	YJL006C	0.85515
3294	YHR062C	0.85515
3295	YDL074C	0.8551
3296	YLL062C	0.85507
3297	YNR061C	0.85507
3298	YDL059C	0.85506
3299	YDR329C	0.85501
3300	YDR128W	0.85498
3301	YPR010C	0.85496
3302	YPL135W	0.85493
3303	YHR034C	0.85491
3304	YMR309C	0.85491
3305	YGR283C	0.8549
3306	YPR122W	0.85488
3307	YDR362C	0.85484
3308	YIL091C	0.85483
3309	YOL076W	0.85468
3310	YDR125C	0.85463
3311	YLR355C	0.85463
3312	YCR057C	0.85457
3313	YGR104C	0.85454
3314	YBR284W	0.85452
3315	YJR004C	0.85449
3316	YNL139C	0.85448
3317	YHR139C	0.85445
3318	YHR150W	0.85443
3319	YOR069W	0.85442
3320	YPL047W	0.8544
3321	YPR169W	0.85435
3322	YJR091C	0.85434
3323	YDR231C	0.85432
3324	YHL028W	0.85429
3325	YGL068W	0.85421
3326	YML050W	0.85419
3327	YER146W	0.85418
3328	YJL080C	0.85415
3329	YGR117C	0.85414
3330	YPR022C	0.85412
3331	YDR124W	0.85407
3332	YDR520C	0.85406
3333	YOR338W	0.85405
3334	YOR368W	0.85403
3335	YDL070W	0.85403
3336	YAL030W	0.85401
3337	YPL004C	0.85393
3338	YJL101C	0.85392
3339	YAL005C	0.8539
3340	YGL136C	0.85388
3341	YKL179C	0.85387
3342	YDR376W	0.85386
3343	YNL310C	0.85385
3344	YNL038W	0.85384
3345	YKL053C-A	0.85384
3346	YGR234W	0.8538
3347	YCL052C	0.85378
3348	YNL080C	0.85376
3349	YJR025C	0.85374
3350	YER070W	0.85374
3351	YLR242C	0.85364
3352	YMR310C	0.85362
3353	YPL178W	0.85358
3354	YOL014W	0.85358
3355	YHR196W	0.85357
3356	YER188W	0.85355
3357	YBR133C	0.85352
3358	YOL114C	0.85351
3359	YPL283W-A	0.8535
3360	YGR296C-A	0.8535
3361	YNL339W-A	0.8535
3362	YML133W-A	0.8535
3363	YER190C-A	0.8535
3364	YLR098C	0.85349
3365	YOR119C	0.85342
3366	YNR068C	0.85341
3367	YER139C	0.8534
3368	YNR069C	0.85338
3369	YOR253W	0.85337
3370	YDL037C	0.85337
3371	YJR141W	0.85335
3372	YHR071W	0.85332
3373	YAL020C	0.85331
3374	YLR164W	0.85331
3375	YBR278W	0.8533
3376	YDR283C	0.8533
3377	YDL106C	0.85328
3378	YDL143W	0.85328
3379	YER043C	0.85327
3380	YCR093W	0.85323
3381	YMR019W	0.85313
3382	YGR054W	0.85308
3383	YHR101C	0.85307
3384	YGL124C	0.853
3385	YKL115C	0.85296
3386	YNL023C	0.8529
3387	YDR333C	0.85289
3388	YGR046W	0.85282
3389	Q0055	0.85279
3390	YGR038W	0.85277
3391	YMR209C	0.85273
3392	YOL053W	0.85272
3393	YMR043W	0.85268
3394	YHL030W	0.85261
3395	YDR052C	0.8526
3396	YAR073W	0.85259
3397	YJL174W	0.85255
3398	YMR061W	0.85254
3399	YER083C	0.85251
3400	YDR213W	0.85249
3401	YJR144W	0.85247
3402	YDR262W	0.85244
3403	YOL028C	0.85242
3404	YHR023W	0.85242
3405	YCL039W	0.8524
3406	YER007W	0.85238
3407	YPR137W	0.85235
3408	YMR044W	0.85234
3409	YDR255C	0.85234
3410	YEL017W	0.85229
3411	YBR248C	0.85224
3412	YKR082W	0.85223
3413	YML047C	0.85223
3414	YKR062W	0.85223
3415	YJL123C	0.85218
3416	YNR007C	0.85213
3417	YJL201W	0.85208
3418	YDR416W	0.85208
3419	YPL137C	0.85208
3420	YKR030W	0.85207
3421	YJL111W	0.85203
3422	YCL012C	0.85202
3423	YLR177W	0.85201
3424	YLR292C	0.852
3425	YNL175C	0.85197
3426	YHR041C	0.85196
3427	YBR244W	0.85192
3428	YHR045W	0.85183
3429	YOR340C	0.8518
3430	YOR327C	0.85174
3431	YPR060C	0.85171
3432	YNR047W	0.85167
3433	YPR125W	0.85166
3434	YCL076W	0.85162
3435	YDR155C	0.85158
3436	YJR031C	0.85157
3437	YMR182C	0.85153
3438	YMR023C	0.8515
3439	YBL030C	0.85149
3440	YML071C	0.85148
3441	YER107C	0.85147
3442	YMR120C	0.85145
3443	YOR226C	0.85142
3444	YKL195W	0.85135
3445	YMR314W	0.85133
3446	YGL009C	0.85132
3447	YGR159C	0.85132
3448	YLR278C	0.8513
3449	YER007C-A	0.85127
3450	YLR424C-A	0.85122
3451	YDL049C	0.85121
3452	YLL013C	0.8512
3453	YPR108W-A	0.85119
3454	YKR098C	0.85108
3455	YCR052W	0.85105
3456	YER076C	0.85104
3457	YKL207W	0.85098
3458	YER128W	0.85093
3459	YDR073W	0.8509
3460	YDL157C	0.85086
3461	YDL127W	0.85085
3462	YDL002C	0.85077
3463	YGL146C	0.85072
3464	YDR119W	0.85071
3465	YNL246W	0.8507
3466	YBR221C	0.85062
3467	YDR527W	0.85061
3468	YBL026W	0.85059
3469	YMR283C	0.85058
3470	YBR004C	0.85056
3471	YJR122W	0.85051
3472	YIL076W	0.8505
3473	YFR056C	0.85048
3474	YDR323C	0.85046
3475	YIL022W	0.85043
3476	YNL306W	0.85041
3477	YJR077C	0.85036
3478	YJR146W	0.85036
3479	YGR097W	0.85036
3480	Q0075	0.85034
3481	YOR037W	0.85028
3482	YPL009C	0.8502
3483	YKL005C	0.85018
3484	YKL215C	0.85015
3485	YJL008C	0.85013
3486	YGL099W	0.85012
3487	YGR009C	0.85008
3488	YLR016C	0.85008
3489	YLR028C	0.85005
3490	YGL148W	0.85002
3491	YDL084W	0.85002
3492	YHR015W	0.84997
3493	YNL335W	0.84994
3494	YFL061W	0.84994
3495	YOR108W	0.8499
3496	YER135C	0.84989
3497	YMR276W	0.84988
3498	YBL029W	0.84986
3499	YMR053C	0.84984
3500	YMR083W	0.84978
3501	YDL216C	0.84978
3502	YER071C	0.84977
3503	YLL008W	0.84977
3504	YNL265C	0.84974
3505	YLR384C	0.84972
3506	YDL218W	0.8497
3507	YPR021C	0.84969
3508	YDR188W	0.84964
3509	YLR186W	0.84963
3510	YJR043C	0.84961
3511	YML099C	0.84959
3512	YFL066C	0.84957
3513	YAL012W	0.84946
3514	YLR350W	0.84946
3515	YNL117W	0.8494
3516	YEL062W	0.84935
3517	YFR026C	0.84922
3518	YJL084C	0.84922
3519	YMR237W	0.84921
3520	YLR148W	0.8492
3521	YJL112W	0.84918
3522	YPL106C	0.84916
3523	YBR005W	0.84914
3524	YIL005W	0.84913
3525	YPR148C	0.84913
3526	YBR290W	0.84903
3527	YPR057W	0.84899
3528	YDL066W	0.84897
3529	YOR289W	0.84897
3530	YPL207W	0.84893
3531	YKL121W	0.84891
3532	YGR180C	0.84891
3533	YDR353W	0.84889
3534	YJR126C	0.84883
3535	YBR267W	0.84883
3536	YMR073C	0.84879
3537	YLR145W	0.84876
3538	YOR145C	0.8487
3539	YDL235C	0.84868
3540	YER148W	0.84868
3541	YHR035W	0.84867
3542	YOR205C	0.84864
3543	YDR454C	0.84863
3544	YDR168W	0.84859
3545	YDR271C	0.84858
3546	YDR444W	0.84856
3547	YJR106W	0.84853
3548	YOR085W	0.84851
3549	YBR145W	0.84849
3550	YDL077C	0.84845
3551	YPR068C	0.84844
3552	YGL091C	0.84835
3553	YFR034C	0.84829
3554	YJL187C	0.8482
3555	YFR037C	0.84814
3556	YBR072W	0.84812
3557	YPR062W	0.84812
3558	YML101C	0.84805
3559	YGR047C	0.84803
3560	YBR111W-A	0.848
3561	YCR095C	0.84799
3562	YOL069W	0.84787
3563	YHR165W-A	0.84786
3564	YHR089C	0.84786
3565	YLR247C	0.84784
3566	YIL125W	0.84784
3567	YDL149W	0.84782
3568	YGR057C	0.84781
3569	YOR207C	0.84781
3570	YGR015C	0.8478
3571	YDR489W	0.8478
3572	YDR320C	0.8478
3573	YJR070C	0.84779
3574	YNL138W	0.84778
3575	YGR042W	0.84777
3576	YIL132C	0.84776
3577	YLR304C	0.84776
3578	YDR159W	0.84773
3579	YAL017W	0.84772
3580	YMR133W	0.84772
3581	YLR293C	0.8477
3582	YDL060W	0.84768
3583	YGR053C	0.84763
3584	YLR039C	0.84763
3585	YDR081C	0.84763
3586	YPR016C	0.84761
3587	YGL133W	0.84761
3588	YHR183W	0.84757
3589	YLR006C	0.84756
3590	YBR239C	0.84755
3591	YIR017C	0.84754
3592	YDL043C	0.84753
3593	YIR030C	0.84749
3594	YKL192C	0.84749
3595	YNR040W	0.84739
3596	YFR050C	0.84738
3597	YMR188C	0.84737
3598	YLR228C	0.84731
3599	YPL132W	0.84723
3600	YKR102W	0.84712
3601	YJL217W	0.84711
3602	YIR031C	0.8471
3603	YBR144C	0.84708
3604	YDR121W	0.84705
3605	YMR254C	0.84702
3606	YDL055C	0.84699
3607	YNR073C	0.84699
3608	YEL070W	0.84699
3609	YIR006C	0.84699
3610	YGR145W	0.84685
3611	YDR363W	0.84684
3612	YLR249W	0.8468
3613	YJR082C	0.84673
3614	YBR106W	0.8467
3615	YHL009C	0.84668
3616	YPR042C	0.84666
3617	YER103W	0.84658
3618	YKR029C	0.84653
3619	YMR065W	0.84645
3620	YGL040C	0.84638
3621	YGR147C	0.84638
3622	YOR017W	0.84637
3623	YPL262W	0.84633
3624	YDR256C	0.84631
3625	YPL115C	0.8463
3626	YLR172C	0.84629
3627	YKR041W	0.84629
3628	YPR097W	0.84627
3629	YJL210W	0.84623
3630	YMR077C	0.84614
3631	YOR184W	0.84612
3632	YGL153W	0.84612
3633	YHR081W	0.846
3634	YDR290W	0.84599
3635	YLR392C	0.84591
3636	YIL077C	0.8459
3637	YMR207C	0.8459
3638	YIL021W	0.84587
3639	YLR379W	0.84586
3640	YPR074C	0.84583
3641	YEL066W	0.84579
3642	YJL019W	0.84578
3643	YOR215C	0.84572
3644	YDR359C	0.84572
3645	YCR066W	0.84572
3646	YHR004C	0.84567
3647	YDR041W	0.84566
3648	YLR354C	0.84563
3649	YKL183W	0.84563
3650	YCR067C	0.84558
3651	YER173W	0.84555
3652	YPR006C	0.84553
3653	YER118C	0.84553
3654	YPL119C-A	0.84552
3655	YJL140W	0.84551
3656	YBR234C	0.84551
3657	YMR074C	0.84546
3658	YEL053C	0.84541
3659	YDR466W	0.84537
3660	YKL133C	0.84535
3661	YNL011C	0.84534
3662	YMR264W	0.84527
3663	YBR065C	0.84527
3664	YIL078W	0.84524
3665	YPR031W	0.84518
3666	YDR091C	0.84506
3667	YHR189W	0.84505
3668	YDL140C	0.84504
3669	YLL042C	0.84504
3670	YGR243W	0.84503
3671	YGR233C	0.84501
3672	YIL105W-A	0.84497
3673	YIL027C	0.84492
3674	YMR049C	0.84489
3675	YEL022W	0.84489
3676	YBL010C	0.84488
3677	YDR261C-C	0.84487
3678	YGL244W	0.84483
3679	YJL007C	0.84483
3680	YML131W	0.84478
3681	YFL010C	0.84475
3682	YPR199C	0.84472
3683	YOL148C	0.84471
3684	YPR075C	0.84471
3685	YLR176C	0.84471
3686	YMR068W	0.84467
3687	YBR195C	0.84467
3688	YOR229W	0.84463
3689	YOL077C	0.84463
3690	YHR211W	0.84462
3691	YJR137C	0.84462
3692	YOR376W-A	0.84461
3693	YDR510W	0.8446
3694	YHR052W-A	0.84455
3695	YHR054W-A	0.84455
3696	YBL068W-A	0.84453
3697	YEL076C-A	0.84452
3698	YLR464W	0.84452
3699	YER114C	0.84451
3700	YKR013W	0.8445
3701	YDL113C	0.8445
3702	YKL110C	0.84446
3703	YBR240C	0.84445
3704	YLR336C	0.84441
3705	YIL044C	0.84439
3706	YOR136W	0.84437
3707	YNL327W	0.84432
3708	YHR005C-A	0.8443
3709	YGR002C	0.84427
3710	YKL155C	0.84427
3711	YNL209W	0.8442
3712	YDR172W	0.84418
3713	YHR155W	0.84417
3714	YIR004W	0.84415
3715	YOR265W	0.84412
3716	YHR028W-A	0.84412
3717	YLR312W-A	0.84411
3718	YOL110W	0.84406
3719	YDR312W	0.84405
3720	YMR165C	0.84403
3721	YJR061W	0.84398
3722	YBR162C	0.84396
3723	YPL272C	0.84392
3724	YPR106W	0.84391
3725	YML002W	0.8439
3726	YCR004C	0.84388
3727	YLR066W	0.84383
3728	YDR463W	0.84379
3729	YLR084C	0.84371
3730	YOR249C	0.84371
3731	YAL063C	0.84371
3732	YNR066C	0.84366
3733	YPR093C	0.84365
3734	YDR371W	0.84365
3735	YIL115C	0.84363
3736	YGR258C	0.84362
3737	YNL097C	0.84359
3738	YBL014C	0.84356
3739	YAL001C	0.84355
3740	YPR015C	0.84355
3741	YJR048W	0.84353
3742	YNL184C	0.84351
3743	YDR540C	0.84347
3744	YJR079W	0.84332
3745	YKR031C	0.8433
3746	YLL050C	0.84325
3747	YBR049C	0.84322
3748	YDL048C	0.84321
3749	YBR255C-A	0.84318
3750	YOR320C	0.84318
3751	YLR155C	0.8431
3752	YLR158C	0.8431
3753	YLR157C	0.8431
3754	YLR160C	0.8431
3755	YPL210C	0.84309
3756	YEL076C	0.84306
3757	YER082C	0.84306
3758	YOR332W	0.84305
3759	YFR016C	0.84302
3760	YPR016W-A	0.84291
3761	YER137C-A	0.84291
3762	YLR157C-A	0.84291
3763	YPL257W-A	0.84291
3764	YDR365W-A	0.84291
3765	YPR137C-A	0.84291
3766	YAR010C	0.84291
3767	YOL143C	0.84285
3768	YOR058C	0.84276
3769	YER105C	0.84276
3770	YDR420W	0.84272
3771	YGR144W	0.84269
3772	YMR032W	0.84258
3773	YMR002W	0.84254
3774	YER014C-A	0.84253
3775	YEL009C	0.8425
3776	YNL257C	0.8425
3777	YDR212W	0.84249
3778	YOL103W-A	0.84248
3779	YLR136C	0.84247
3780	YDR192C	0.84246
3781	YBL059W	0.84244
3782	YOL164W	0.84244
3783	YBR150C	0.84242
3784	YLL024C	0.84238
3785	YMR212C	0.84236
3786	YIR043C	0.84233
3787	YDR170W-A	0.84232
3788	YLR256W-A	0.84231
3789	YNR039C	0.84225
3790	YLR269C	0.84223
3791	YPR158C-C	0.8422
3792	YPR030W	0.84216
3793	YDL232W	0.84216
3794	YDR460W	0.84214
3795	YOL004W	0.84211
3796	YFL002C	0.84206
3797	YPR092W	0.84203
3798	YDR089W	0.84203
3799	YKL214C	0.842
3800	YAL035W	0.84199
3801	YGR088W	0.84199
3802	YDR200C	0.84197
3803	YLL004W	0.84194
3804	YNR018W	0.84189
3805	YDR339C	0.84184
3806	YGL041W-A	0.84183
3807	YGL215W	0.84181
3808	YBR077C	0.8418
3809	YNL284C-A	0.84179
3810	YGR103W	0.84179
3811	YDL107W	0.84164
3812	YOR093C	0.84155
3813	YDR533C	0.84148
3814	YJL026W	0.84147
3815	YKR036C	0.84145
3816	YBL063W	0.84142
3817	YJL173C	0.84139
3818	YKL159C	0.84138
3819	YDR486C	0.84135
3820	YGR235C	0.84131
3821	YJL061W	0.84126
3822	YJR026W	0.84126
3823	YLR227W-A	0.84126
3824	YML040W	0.84126
3825	YDR507C	0.84124
3826	YLR329W	0.84123
3827	YBL001C	0.84122
3828	YLR359W	0.84122
3829	YJR028W	0.84121
3830	YBL079W	0.8412
3831	YOL133W	0.84119
3832	YCR028C-A	0.84115
3833	YDR318W	0.84113
3834	YAL062W	0.8411
3835	YIR018W	0.84109
3836	YDR374W-A	0.84108
3837	YDL162C	0.84103
3838	YNR054C	0.84099
3839	YGL113W	0.84096
3840	YDL170W	0.84089
3841	YKL072W	0.84087
3842	YHL027W	0.84086
3843	YOR220W	0.84084
3844	YJR007W	0.84082
3845	YOR179C	0.84082
3846	YHL043W	0.8408
3847	YMR046C	0.84074
3848	YML034W	0.84073
3849	YJL131C	0.84068
3850	YDR002W	0.84067
3851	YGL229C	0.84066
3852	YNL041C	0.84062
3853	YGR014W	0.8406
3854	YHR131W-A	0.84059
3855	YBR167C	0.84056
3856	YGR106C	0.84054
3857	YDR511W	0.84052
3858	YER096W	0.84039
3859	YNL234W	0.84039
3860	YCL024W	0.84033
3861	YMR192W	0.8403
3862	YGR156W	0.84029
3863	YML076C	0.84024
3864	YPL120W	0.84015
3865	YAL034W-A	0.84012
3866	YPR085C	0.84006
3867	YCR088W	0.84002
3868	YMR017W	0.84001
3869	YGL070C	0.84
3870	YOR077W	0.83991
3871	YDR137W	0.83988
3872	YLR265C	0.83986
3873	YPL161C	0.83986
3874	YDL117W	0.83985
3875	YBR052C	0.83983
3876	YNR050C	0.83981
3877	YLR179C	0.83977
3878	YML045W-A	0.83976
3879	YDR178W	0.83964
3880	YEL007W	0.83959
3881	YLR356W	0.83958
3882	YJL116C	0.83958
3883	YGR204W	0.83953
3884	YDL145C	0.83948
3885	YAL056W	0.83946
3886	YER046W	0.83944
3887	YER112W	0.83943
3888	YGL060W	0.83942
3889	YML055W	0.8394
3890	YNR074C	0.83939
3891	YJR071W	0.83938
3892	YOR065W	0.83936
3893	YOR242C	0.83934
3894	YPR067W	0.83931
3895	YOR329C	0.8393
3896	YPR163C	0.8393
3897	YCR097W	0.83924
3898	YOL017W	0.83924
3899	YIL084C	0.83916
3900	YDR316W-A	0.83915
3901	YLR035C-B	0.83915
3902	YMR051C	0.83915
3903	YGR161C-C	0.83915
3904	YER159C-A	0.83915
3905	YJL079C	0.83913
3906	YBR012W-A	0.83911
3907	YNL204C	0.83911
3908	YBL005W-A	0.83905
3909	YDR233C	0.83905
3910	YGR050C	0.83904
3911	YNL278W	0.83903
3912	YJR059W	0.83902
3913	YGR027W-A	0.83898
3914	YNL255C	0.83888
3915	YDR295C	0.83886
3916	YER093C	0.8388
3917	YDR098C-A	0.83879
3918	YNL253W	0.83879
3919	YFR030W	0.83877
3920	YDL229W	0.83871
3921	YDR426C	0.8387
3922	YKR008W	0.8387
3923	YMR159C	0.83867
3924	YNL314W	0.83865
3925	YJR127C	0.83862
3926	YLR226W	0.83848
3927	YOR151C	0.83844
3928	YBR044C	0.83836
3929	YMR029C	0.83835
3930	YBR039W	0.83834
3931	YDR314C	0.83833
3932	YPL028W	0.83832
3933	YJL048C	0.8383
3934	YPL043W	0.83826
3935	YPL016W	0.83825
3936	YER042W	0.83823
3937	YCL031C	0.83821
3938	YBR163W	0.83821
3939	YNL227C	0.83821
3940	YGR038C-A	0.8382
3941	YMR111C	0.83819
3942	YMR147W	0.83818
3943	YJR034W	0.83809
3944	YLR323C	0.83809
3945	YFL023W	0.838
3946	YFR040W	0.83797
3947	YBR032W	0.83795
3948	YDR488C	0.83794
3949	R0010W	0.8379
3950	YJL054W	0.83789
3951	YLR275W	0.83784
3952	YFL065C	0.83781
3953	YHR125W	0.83781
3954	YLR403W	0.83775
3955	YGR075C	0.83771
3956	YMR140W	0.83771
3957	YNR031C	0.83763
3958	YNL156C	0.83762
3959	YBR257W	0.83759
3960	YHR088W	0.83758
3961	YHR068W	0.83754
3962	YOR122C	0.83748
3963	YNL232W	0.83748
3964	YGR225W	0.83746
3965	YMR284W	0.83742
3966	YOR224C	0.83737
3967	YDL013W	0.83735
3968	YOR142W-A	0.83733
3969	YPR158W-A	0.83733
3970	YKR049C	0.83733
3971	YGL159W	0.8373
3972	YEL051W	0.83726
3973	YBL073W	0.83724
3974	YOL100W	0.83721
3975	YDR229W	0.83713
3976	YPL171C	0.83707
3977	YAR050W	0.83707
3978	YDL206W	0.83703
3979	YDR458C	0.837
3980	YCL054W	0.83695
3981	YLR211C	0.83688
3982	YOR188W	0.83687
3983	YER063W	0.83687
3984	YLR095C	0.83684
3985	YDR485C	0.83679
3986	YKL025C	0.83679
3987	YLL005C	0.83676
3988	YJL157C	0.83671
3989	YLR238W	0.83671
3990	YLR305C	0.83671
3991	YDR210C-C	0.83669
3992	YEL021W	0.83666
3993	YNL259C	0.83666
3994	YDL171C	0.83666
3995	YOR371C	0.83663
3996	YOR341W	0.83661
3997	YHR180W	0.83659
3998	YKL068W	0.83658
3999	YNL068C	0.83653
4000	YJL105W	0.83648
4001	YJL049W	0.83648
4002	YHR017W	0.83642
4003	YBL071W-A	0.8364
4004	YLR165C	0.83635
4005	YKL167C	0.8363
4006	YOR020W-A	0.8363
4007	YBR172C	0.83628
4008	YOR263C	0.83626
4009	YBL085W	0.83625
4010	YBR121C	0.83625
4011	YMR280C	0.83624
4012	YLL037W	0.83621
4013	YLR010C	0.83617
4014	YOR298W	0.83613
4015	YHL020C	0.83612
4016	YJL013C	0.8361
4017	YBL076C	0.8361
4018	YJL016W	0.83606
4019	YOR129C	0.83605
4020	YPR061C	0.83602
4021	YEL059C-A	0.83602
4022	YAR029W	0.83598
4023	YOR385W	0.83592
4024	YML011C	0.83587
4025	YBR026C	0.83579
4026	YDL031W	0.83579
4027	YKR023W	0.83573
4028	YDL026W	0.83572
4029	YDR495C	0.83566
4030	YGR102C	0.83564
4031	YJR109C	0.83562
4032	YDR469W	0.8356
4033	YMR060C	0.83558
4034	YLR149C	0.83553
4035	YIL159W	0.83544
4036	YAR015W	0.83544
4037	YJR060W	0.83536
4038	YPL256C	0.83524
4039	YPL126W	0.83519
4040	YJL146W	0.83496
4041	YMR229C	0.8349
4042	YJR139C	0.83482
4043	YHR102W	0.83481
4044	YDR056C	0.83481
4045	YER184C	0.8348
4046	YPL107W	0.83477
4047	YMR005W	0.83477
4048	YNR063W	0.83475
4049	YLR250W	0.83468
4050	YPR115W	0.83465
4051	YOR152C	0.83458
4052	YOR012W	0.8345
4053	YDR116C	0.83448
4054	YKL176C	0.83442
4055	YDR308C	0.83441
4056	YBR196C	0.8344
4057	YIR021W	0.83436
4058	YKL074C	0.83435
4059	YNL115C	0.83432
4060	YOR098C	0.83427
4061	YJR140C	0.83423
4062	YEL039C	0.83418
4063	YGL090W	0.83415
4064	YPL149W	0.83409
4065	YJL077C	0.83405
4066	YIL112W	0.83405
4067	YBR168W	0.83404
4068	YDL065C	0.83403
4069	YDR473C	0.83399
4070	YLR038C	0.83398
4071	YLR407W	0.8339
4072	YPR110C	0.83388
4073	YMR293C	0.83387
4074	YGL086W	0.83385
4075	YLR119W	0.83383
4076	YBL051C	0.83383
4077	YKR083C	0.83381
4078	YHR066W	0.83381
4079	YNL136W	0.83379
4080	YIL031W	0.83377
4081	YMR153C-A	0.83375
4082	YGL019W	0.83373
4083	YIL164C	0.83372
4084	YNL064C	0.83366
4085	YMR070W	0.83365
4086	YNL054W-A	0.83361
4087	YNL066W	0.83356
4088	YJL096W	0.83345
4089	YDR079W	0.83343
4090	YMR112C	0.83333
4091	YMR213W	0.83333
4092	YJR012C	0.83331
4093	YGR245C	0.83327
4094	YOL019W	0.8332
4095	YOL086W-A	0.83318
4096	YDR156W	0.83315
4097	YDR285W	0.83314
4098	YDR267C	0.83313
4099	YFL067W	0.83313
4100	YNL315C	0.83311
4101	YDR068W	0.83303
4102	YEL044W	0.833
4103	YPL076W	0.83297
4104	YJL160C	0.83295
4105	YKL117W	0.83292
4106	YMR092C	0.83292
4107	YBL077W	0.83288
4108	YPR086W	0.83286
4109	YML059C	0.83284
4110	YGR049W	0.83281
4111	YMR048W	0.83281
4112	YBR289W	0.83278
4113	YGL131C	0.83277
4114	YLR259C	0.83275
4115	YOR194C	0.83274
4116	YOL087C	0.83272
4117	YIL037C	0.83267
4118	YOR208W	0.83266
4119	YPL186C	0.83265
4120	YER077C	0.83264
4121	YJL203W	0.83259
4122	YDR005C	0.83253
4123	YML117W	0.83252
4124	YBR258C	0.83246
4125	YOR361C	0.83245
4126	YCL042W	0.83245
4127	YPL231W	0.83244
4128	YEL072W	0.83243
4129	YER065C	0.83234
4130	YML114C	0.83232
4131	YHR082C	0.83232
4132	YJL070C	0.83232
4133	YOR144C	0.8323
4134	YLR404W	0.8323
4135	YBR193C	0.83222
4136	YHR126C	0.83221
4137	YBR146W	0.83217
4138	YPR129W	0.83212
4139	YPR203W	0.83211
4140	YCR076C	0.83199
4141	YBR089C-A	0.83192
4142	YKL002W	0.83183
4143	YBR128C	0.83183
4144	YOL005C	0.8318
4145	YHR169W	0.83167
4146	YDR182W-A	0.83165
4147	YNL282W	0.83164
4148	YNL220W	0.83148
4149	YOR159C	0.83143
4150	YKL048C	0.83137
4151	YGL111W	0.83118
4152	YKL020C	0.83117
4153	YLR232W	0.83114
4154	YLR321C	0.83109
4155	YPL048W	0.83105
4156	YDR365C	0.831
4157	YLR125W	0.83093
4158	YML107C	0.83085
4159	YKR035W-A	0.83084
4160	YOR107W	0.83074
4161	YIL144W	0.83067
4162	YKR099W	0.8306
4163	YKL049C	0.83055
4164	YDR301W	0.83053
4165	YDL112W	0.83052
4166	YDR076W	0.83047
4167	YGR087C	0.83042
4168	YDR499W	0.83039
4169	YLR440C	0.83033
4170	YIR033W	0.83029
4171	YGR082W	0.83028
4172	YBR216C	0.83021
4173	YNL187W	0.83015
4174	YIL097W	0.83013
4175	YFR023W	0.83006
4176	YOL083C-A	0.83006
4177	YLR288C	0.83006
4178	YML025C	0.82996
4179	YMR258C	0.82993
4180	YCL066W	0.82993
4181	YCR040W	0.82993
4182	YPL253C	0.82972
4183	YBL060W	0.82968
4184	YMR013C-A	0.82967
4185	YLR423C	0.82962
4186	YJL153C	0.82962
4187	YLR256W	0.82961
4188	YLL018C	0.82959
4189	YLR182W	0.82956
4190	YLR424W	0.82951
4191	YNL183C	0.82945
4192	YOL041C	0.82941
4193	YNL252C	0.82931
4194	YNL110C	0.8292
4195	YBL059C-A	0.82919
4196	YPL156C	0.82917
4197	YGL211W	0.82917
4198	YJR080C	0.82909
4199	YER120W	0.82904
4200	YPL177C	0.82903
4201	YDR303C	0.82899
4202	YEL037C	0.82897
4203	YPR050C	0.82894
4204	YDR069C	0.8289
4205	YML089C	0.82887
4206	YKL202W	0.82887
4207	YGL059W	0.82886
4208	YLL007C	0.82883
4209	YMR025W	0.82882
4210	YLL040C	0.82875
4211	YLR434C	0.82874
4212	YMR176W	0.82866
4213	YKR007W	0.82861
4214	YBR127C	0.82861
4215	YGR280C	0.8286
4216	YFL010W-A	0.8286
4217	YGR013W	0.82857
4218	YPL093W	0.8285
4219	YBR231C	0.82849
4220	YDR179C	0.82845
4221	YBR279W	0.82845
4222	YBL099W	0.82842
4223	YDR023W	0.82842
4224	YER075C	0.82838
4225	YGL129C	0.82825
4226	YOR198C	0.82825
4227	YPL217C	0.82822
4228	YDR176W	0.82822
4229	YGR198W	0.82821
4230	YNL127W	0.82818
4231	YJR093C	0.82816
4232	YDL173W	0.82812
4233	YDL220C	0.82812
4234	YMR129W	0.8281
4235	YBR259W	0.82809
4236	YPL185W	0.82809
4237	YOR230W	0.82805
4238	YIL115W-A	0.82803
4239	YPL060C-A	0.82801
4240	YFR039C	0.828
4241	YPL105C	0.82795
4242	YGR016W	0.8279
4243	YGL227W	0.82787
4244	YBR238C	0.82779
4245	YPL150W	0.82779
4246	YOL044W	0.82771
4247	YIL139C	0.8277
4248	YOL027C	0.8277
4249	YDL204W	0.82768
4250	YGR167W	0.82762
4251	YKR090W	0.82757
4252	YHL009W-A	0.82757
4253	YNL224C	0.8275
4254	YPL219W	0.82749
4255	YGR174C	0.82747
4256	YBR081C	0.82743
4257	YMR072W	0.8274
4258	YLR021W	0.82733
4259	YKR016W	0.82716
4260	YOR083W	0.8271
4261	YBR249C	0.82709
4262	YDR210W	0.82709
4263	YPL034W	0.82707
4264	YER093C-A	0.82705
4265	YPR109W	0.82703
4266	YLR087C	0.827
4267	YGR140W	0.82692
4268	YMR316W	0.82685
4269	YMR021C	0.82683
4270	YER122C	0.82678
4271	YOR174W	0.82676
4272	YNL039W	0.82673
4273	YPL007C	0.8267
4274	YOR042W	0.82669
4275	YGL080W	0.82664
4276	YFL064C	0.8266
4277	YMR100W	0.82646
4278	YNL135C	0.8264
4279	YPR077C	0.82637
4280	YJL099W	0.82635
4281	YNL173C	0.82633
4282	YIR014W	0.82633
4283	YPL011C	0.82629
4284	YOR355W	0.82629
4285	YOL089C	0.82625
4286	YLR187W	0.82625
4287	YML105C	0.82624
4288	YHR179W	0.82618
4289	YNL210W	0.82617
4290	YDL099W	0.82616
4291	YBL103C	0.82603
4292	YIL102C	0.82598
4293	YOR297C	0.82595
4294	YGR271C-A	0.82594
4295	YIL171W-A	0.82593
4296	YJL220W	0.82593
4297	YGR011W	0.82588
4298	YOL104C	0.82586
4299	YNL104C	0.82579
4300	YBR056W-A	0.82572
4301	YAL067W-A	0.82571
4302	YNL230C	0.82568
4303	YHL038C	0.82567
4304	YDR131C	0.82567
4305	YOR336W	0.82563
4306	YJL073W	0.82559
4307	YDR221W	0.82557
4308	YKR065C	0.82556
4309	YLR040C	0.82553
4310	YLR360W	0.82553
4311	YMR117C	0.82545
4312	YNL165W	0.82542
4313	YGL137W	0.82539
4314	YBR016W	0.82529
4315	YGL025C	0.82528
4316	YNL145W	0.82528
4317	YDR034C-C	0.82523
4318	YLL049W	0.82518
4319	YJR063W	0.82518
4320	YDR226W	0.82513
4321	YBR253W	0.8251
4322	YPR202W	0.82503
4323	YBL005W	0.82503
4324	YDL005C	0.82502
4325	YGR184C	0.82501
4326	YGR207C	0.825
4327	YMR227C	0.82499
4328	YNL143C	0.82498
4329	YHR059W	0.82494
4330	YGL187C	0.82491
4331	YLR332W	0.82491
4332	YJR138W	0.82491
4333	YLR337C	0.8249
4334	YPL278C	0.82485
4335	YGR020C	0.82481
4336	YMR008C-A	0.82477
4337	YHL041W	0.82472
4338	YNL055C	0.82471
4339	YMR018W	0.82461
4340	YBL039W-B	0.82454
4341	YBL071C	0.8245
4342	YAL010C	0.82448
4343	YJR014W	0.82448
4344	YOR108C-A	0.82448
4345	YPL237W	0.82443
4346	YOL026C	0.82441
4347	YAL008W	0.82437
4348	YDR322W	0.82434
4349	YDR261W-A	0.82431
4350	YFR012W	0.82428
4351	YKR040C	0.82427
4352	YPR049C	0.82426
4353	YHR119W	0.8242
4354	YJR086W	0.82417
4355	YFR042W	0.82415
4356	YHR052W	0.82411
4357	YDR493W	0.82409
4358	YDR123C	0.82406
4359	YJL020C	0.82403
4360	YPR012W	0.82394
4361	YHR006W	0.82393
4362	YML129C	0.82392
4363	YOL077W-A	0.8239
4364	YCL056C	0.82389
4365	YDR141C	0.82388
4366	YJL078C	0.82384
4367	YOR375C	0.8238
4368	YNL150W	0.82377
4369	YOL117W	0.82368
4370	YEL017C-A	0.82367
4371	YGL105W	0.82365
4372	YGR178C	0.82363
4373	YBR226C	0.82362
4374	YOR373W	0.82361
4375	YLR381W	0.82359
4376	YAL038W	0.8235
4377	YNL120C	0.8235
4378	YAL047W-A	0.82348
4379	YPR009W	0.82348
4380	YKR011C	0.82345
4381	YMR323W	0.82344
4382	YLL039C	0.82343
4383	YOR123C	0.8234
4384	YGR030C	0.8234
4385	YER053C-A	0.8234
4386	Q0275	0.82337
4387	YGR290W	0.82332
4388	YJR151C	0.82326
4389	YHR182W	0.82326
4390	YNL058C	0.82312
4391	YPR040W	0.82304
4392	YCL020W	0.82302
4393	YLR151C	0.82302
4394	YLR067C	0.823
4395	YNL170W	0.82296
4396	YLR200W	0.82295
4397	YDR369C	0.82292
4398	YBR162W-A	0.82292
4399	YDR017C	0.82283
4400	YDR363W-A	0.82282
4401	YIL149C	0.82281
4402	YGR038C-E	0.82269
4403	YDR307W	0.82266
4404	YER127W	0.82266
4405	YNL079C	0.82256
4406	YHL049C	0.82255
4407	YDL039C	0.82253
4408	YAL042C-A	0.82249
4409	YGL093W	0.82247
4410	YOR192C-A	0.82246
4411	YML030W	0.82246
4412	YLR439W	0.82242
4413	YGL152C	0.82239
4414	YBR252W	0.82239
4415	YJL056C	0.82238
4416	YJL130C	0.82236
4417	YNL338W	0.82232
4418	YAL034C	0.82231
4419	YMR198W	0.82231
4420	YCL005W	0.82228
4421	YDR451C	0.82221
4422	YDR118W	0.8222
4423	YBR270C	0.8222
4424	YGR089W	0.82216
4425	YPL202C	0.82212
4426	YOR041C	0.82209
4427	YDR478W	0.82209
4428	YNL109W	0.82206
4429	YLR141W	0.82204
4430	YKL136W	0.82203
4431	YDL056W	0.82202
4432	YER025W	0.82195
4433	YBL070C	0.82193
4434	YJR135C	0.82192
4435	YLR410W-A	0.82191
4436	YIL068W-A	0.82188
4437	YLR041W	0.82187
4438	YDR405W	0.82187
4439	YJR134C	0.82186
4440	YKL162C	0.82183
4441	YPL257W	0.82177
4442	YHR069C-A	0.82177
4443	YPR177C	0.8217
4444	YBR033W	0.82164
4445	YBR233W-A	0.82161
4446	YAR062W	0.82159
4447	YHR213W	0.82159
4448	YBR089W	0.82158
4449	YPR116W	0.82155
4450	YHL009W-B	0.82154
4451	YGR249W	0.82153
4452	YMR091C	0.8215
4453	YPR070W	0.8215
4454	YGL132W	0.82149
4455	YOR135C	0.82145
4456	YBR099C	0.82145
4457	YMR199W	0.82144
4458	YHL048C-A	0.82143
4459	YNR005C	0.82142
4460	YIL002W-A	0.82142
4461	YKL038W	0.82138
4462	YER066C-A	0.82129
4463	YJL150W	0.82122
4464	YML023C	0.8212
4465	YIL071C	0.82119
4466	YMR173W	0.82118
4467	YNL297C	0.82118
4468	YHR170W	0.82117
4469	YDL094C	0.82113
4470	YBR066C	0.8211
4471	YIL066W-A	0.82109
4472	YMR187C	0.82107
4473	YJL113W	0.82093
4474	YJL003W	0.82091
4475	YLR197W	0.82088
4476	YHR147C	0.82088
4477	YBL100W-A	0.82088
4478	YNL254C	0.82086
4479	Q0142	0.82083
4480	YJR041C	0.82081
4481	YER076W-A	0.82079
4482	YDR057W	0.82078
4483	YPL166W	0.82075
4484	YIR036W-A	0.82069
4485	YPL254W	0.82068
4486	YGL230C	0.82065
4487	YPL242C	0.82064
4488	YPL018W	0.82064
4489	YHL034C	0.82063
4490	YPR063C	0.82059
4491	YPR007C	0.82059
4492	YHR051W	0.82055
4493	YMR151W	0.82052
4494	YJL148W	0.82048
4495	YGR186W	0.82044
4496	YER054C	0.82042
4497	YGR161W-A	0.82041
4498	YFL002W-B	0.82041
4499	YHR217C	0.82038
4500	YCL001W	0.82038
4501	YLR399W-A	0.82036
4502	YMR118C	0.82027
4503	YBR135W	0.82027
4504	YMR153W	0.82026
4505	YNL208W	0.82023
4506	YGL219C	0.82015
4507	YEL074W	0.82006
4508	YLR254C	0.82004
4509	YDR379C-A	0.81999
4510	YGL096W	0.81995
4511	YDR396W	0.81994
4512	YPL281C	0.81993
4513	YOR393W	0.81993
4514	YLR406C-A	0.81992
4515	YEL027W	0.81991
4516	YNL138W-A	0.81985
4517	YIL008W	0.81977
4518	YNR022C	0.81976
4519	YOR015W	0.81969
4520	YBR247C	0.81967
4521	YBL094C	0.81963
4522	YBL045C	0.81962
4523	YGL258W	0.81957
4524	YDR360W	0.81956
4525	YDR241W	0.81956
4526	YKL160W	0.81955
4527	YNR053C	0.81954
4528	YPR099C	0.81952
4529	YJL202C	0.81944
4530	YDR544C	0.81943
4531	YLR057W	0.81938
4532	YER087C-B	0.81936
4533	YKR020W	0.81935
4534	YKL081W	0.81933
4535	YLR013W	0.81933
4536	YIL029C	0.81933
4537	YDR078C	0.81923
4538	YGR274C	0.81917
4539	YGL013C	0.81911
4540	YGL197W	0.81909
4541	YCL068C	0.81906
4542	YMR172W	0.81904
4543	YDR281C	0.81892
4544	YLR036C	0.81892
4545	YDR357C	0.81891
4546	YPL075W	0.81888
4547	YDR379W	0.81885
4548	YIL123W	0.81885
4549	YIL154C	0.81878
4550	YDR202C	0.81874
4551	YIL089W	0.81872
4552	YLR297W	0.81871
4553	YKL104W-A	0.81871
4554	YHR036W	0.81869
4555	YCL043C	0.81869
4556	YKR046C	0.81866
4557	YJL127C-B	0.8185
4558	YER038W-A	0.8185
4559	YKL118W	0.8184
4560	YKL171W	0.81838
4561	YJL083W	0.81837
4562	YPR150W	0.81833
4563	YOR325W	0.81832
4564	YML017W	0.81829
4565	YMR012W	0.81823
4566	YKR094C	0.81811
4567	YIL148W	0.81811
4568	YKL164C	0.8181
4569	YOR028C	0.81808
4570	YLR310C	0.81807
4571	YER137W-A	0.81804
4572	YNL151C	0.81797
4573	YBR266C	0.81787
4574	YDR104C	0.81785
4575	YKR019C	0.81784
4576	YDL199C	0.81784
4577	YNL053W	0.81781
4578	YKR025W	0.81777
4579	YGL032C	0.81776
4580	YJL039C	0.8177
4581	YNL019C	0.8177
4582	YJR050W	0.81769
4583	YPR010C-A	0.81761
4584	YJL176C	0.8176
4585	YLR227C	0.81758
4586	YBR131W	0.81749
4587	YHL023C	0.8174
4588	YPL174C	0.81739
4589	YPR038W	0.81737
4590	YKL013C	0.81733
4591	YDR237W	0.81731
4592	YOR193W	0.8173
4593	YJL009W	0.81728
4594	YBL008W-A	0.81726
4595	YMR184W	0.81725
4596	YKR081C	0.81722
4597	YFL022C	0.81713
4598	YPL114W	0.81712
4599	YDR166C	0.81708
4600	YER019C-A	0.81706
4601	YOR186W	0.81706
4602	YML007W	0.81704
4603	YPR071W	0.81698
4604	YGL199C	0.81694
4605	YBR025C	0.8169
4606	YDR299W	0.81689
4607	YOL078W	0.81686
4608	YPL238C	0.81683
4609	YNL033W	0.81682
4610	YNL228W	0.81678
4611	YDR138W	0.81678
4612	YJL114W	0.81676
4613	YHR058C	0.81674
4614	YBR123C	0.81673
4615	YGL162W	0.8167
4616	YKL208W	0.81667
4617	YDL213C	0.81664
4618	YLR424C-B	0.81663
4619	YJR159W	0.81663
4620	YOL012C	0.81657
4621	YDL062W	0.81655
4622	YDR317W	0.81653
4623	YER137C	0.81652
4624	YDR169C	0.8165
4625	YKL131W	0.81648
4626	YKR027W	0.81648
4627	YPR100W	0.81645
4628	YDR110W	0.81645
4629	YHR131C	0.81644
4630	YPR136C	0.81642
4631	YLR201C	0.81633
4632	YKL141W	0.81631
4633	YLR202C	0.81629
4634	YDR320C-A	0.81628
4635	YOL138C	0.81627
4636	YAL037C-A	0.81623
4637	YCL001W-A	0.8162
4638	YCR081W	0.8162
4639	YER115C	0.81619
4640	YCR024C-A	0.81618
4641	YCL058C	0.81616
4642	YDR210W-A	0.81615
4643	YDR505C	0.81611
4644	YDR043C	0.8161
4645	YNL148C	0.81606
4646	YLR442C	0.81605
4647	YNL008C	0.81604
4648	YML113W	0.816
4649	YPL005W	0.81597
4650	YML034C-A	0.81596
4651	YDR455C	0.81594
4652	YDL012C	0.81594
4653	YER145C-A	0.81583
4654	YDL246C	0.8158
4655	YER058W	0.81579
4656	YPR084W	0.81579
4657	YDL148C	0.81578
4658	YAL040C	0.81578
4659	YKR092C	0.81577
4660	YMR164C	0.81573
4661	YLR134W	0.81571
4662	YJL032W	0.81551
4663	YLR174W	0.8155
4664	YOR343W-A	0.81548
4665	YDR203W	0.81546
4666	YIL070C	0.81544
4667	YPL038W-A	0.81542
4668	YLL002W	0.81542
4669	YEL010W	0.81542
4670	YML083C	0.81541
4671	YKL177W	0.81539
4672	YLL021W	0.81532
4673	YJL180C	0.81531
4674	YDR082W	0.8153
4675	YHL015W	0.8153
4676	YJR038C	0.81529
4677	YOR127W	0.81521
4678	YER023C-A	0.81514
4679	YLR175W	0.81512
4680	YGR250C	0.8151
4681	YIL059C	0.81509
4682	YPL021W	0.81508
4683	YGR237C	0.81506
4684	YBR057C	0.81504
4685	YJL197C-A	0.81502
4686	YDR034C	0.815
4687	YIR015W	0.81496
4688	YGR068W-A	0.81495
4689	YKR006C	0.81494
4690	YOL082W	0.81494
4691	YML128C	0.81481
4692	YOR104W	0.81479
4693	YJL103C	0.81477
4694	YOR364W	0.81475
4695	YOL144W	0.81475
4696	YGL214W	0.8147
4697	YHR049C-A	0.81465
4698	YKR095W	0.81464
4699	YML094C-A	0.81463
4700	YJL066C	0.81463
4701	YDR235W	0.81462
4702	YGR005C	0.81461
4703	YIL138C	0.81458
4704	YLR224W	0.81456
4705	YML029W	0.81449
4706	YOL058W	0.81441
4707	YHR214C-E	0.8144
4708	YDR273W	0.81437
4709	YMR098C	0.81427
4710	YBR269C	0.81411
4711	YJL169W	0.81404
4712	YMR303C	0.81402
4713	YDR008C	0.81401
4714	YOR349W	0.81395
4715	YIL101C	0.81394
4716	YNR003W-A	0.81393
4717	YDL053C	0.81388
4718	YDR102C	0.81385
4719	YDR042C	0.81378
4720	YLL046C	0.81377
4721	YML048W	0.81374
4722	YKL036C	0.81372
4723	YBR109W-A	0.81367
4724	YKR034W	0.81361
4725	YER018C	0.81355
4726	YNL024C-A	0.81352
4727	YPL086C	0.8135
4728	YOL032W	0.81345
4729	YNR042W	0.81343
4730	YOR177C	0.81341
4731	YJL107C	0.81338
4732	YGL041C	0.81336
4733	YDR045C	0.81335
4734	YGL188C	0.81334
4735	YKL054C	0.81334
4736	YMR119W	0.81331
4737	YGL075C	0.81329
4738	YDL088C	0.81328
4739	YLR024C	0.81327
4740	YHR063W-A	0.81323
4741	YKL066W	0.81318
4742	YIR020C-B	0.81313
4743	YGL081W	0.8131
4744	YKL183C-A	0.81309
4745	YGL073W	0.81308
4746	YML081W	0.81307
4747	YFL013W-A	0.81304
4748	YOR308C	0.81301
4749	YKL096W	0.813
4750	YAR070C	0.81297
4751	YBR143C	0.81295
4752	YGR259C	0.81291
4753	YDL045W-A	0.81289
4754	YGL209W	0.81284
4755	YLR154W-C	0.81283
4756	YJL109C	0.81278
4757	YJL076W	0.81278
4758	YNL089C	0.81277
4759	YMR059W	0.81276
4760	YHL002C-A	0.81268
4761	YJR087W	0.81266
4762	YHR097C	0.81257
4763	YNL215W	0.81253
4764	YIL060W	0.81252
4765	YPR160C-A	0.8125
4766	YGL005C	0.81246
4767	YER074W-A	0.81242
4768	YIL055C	0.81242
4769	YML012C-A	0.81241
4770	YBL093C	0.81236
4771	YER022W	0.81236
4772	YDR086C	0.81236
4773	YPL139C	0.81223
4774	YNL174W	0.81222
4775	YLR135W	0.8122
4776	YER129W	0.8122
4777	YMR294W	0.81217
4778	YDR066C	0.81216
4779	YBR079C	0.81214
4780	YGL174W	0.81212
4781	YAL034C-B	0.81211
4782	YMR299C	0.81208
4783	YNL213C	0.81202
4784	YCL049C	0.81202
4785	YDR524C	0.81198
4786	YLR139C	0.81195
4787	YBR027C	0.81193
4788	YOR318C	0.81188
4789	YDR475C	0.81182
4790	YDR194W-A	0.81179
4791	YBL004W	0.81178
4792	YJL195C	0.81171
4793	YLR346C	0.81171
4794	YLR120W-A	0.8117
4795	YCR016W	0.81162
4796	YOR392W	0.81159
4797	YBR251W	0.81158
4798	YFL024C	0.81156
4799	YML099W-A	0.8115
4800	YBR215W	0.8115
4801	YMR158W	0.8115
4802	YKR075W-A	0.81146
4803	YLR263W	0.81145
4804	YJL170C	0.81142
4805	YBR250W	0.81134
4806	YKL092C	0.81134
4807	YER147C	0.81132
4808	YGL218W	0.81128
4809	YFL032W	0.81128
4810	YJR101W	0.8112
4811	YHR146W	0.81108
4812	YIR021W-A	0.81103
4813	YKL041W	0.81102
4814	YER068C-A	0.81102
4815	YLL020C	0.81101
4816	YLR444C	0.81095
4817	YBR219C	0.81094
4818	YHR145C	0.81092
4819	YMR158W-B	0.81089
4820	YOR139C	0.81085
4821	YOL159C	0.81077
4822	YPL044C	0.81065
4823	YHR177W	0.81058
4824	YPL216W	0.81056
4825	YDL020C	0.8105
4826	YPL099C	0.81045
4827	YAR053W	0.81045
4828	YGL107C	0.8104
4829	YGR031C-A	0.81039
4830	YBR173C	0.81028
4831	YNL152W	0.81027
4832	YMR290W-A	0.81024
4833	YIR017W-A	0.81023
4834	YGL249W	0.81022
4835	YIL062C	0.81022
4836	YNL309W	0.81019
4837	YMR075C-A	0.81016
4838	YDR190C	0.81013
4839	YER172C-A	0.8101
4840	YDR453C	0.8101
4841	YHR050W-A	0.81007
4842	YIL161W	0.81005
4843	YGL217C	0.81002
4844	YFL033C	0.80989
4845	YOL097W-A	0.80988
4846	YLR163W-A	0.80985
4847	YDR413C	0.80985
4848	YIL158W	0.80982
4849	YML027W	0.80979
4850	YLR376C	0.80976
4851	YNL070W	0.80974
4852	YMR247C	0.8097
4853	YMR307C-A	0.80969
4854	YLR271W	0.80966
4855	YPL211W	0.80965
4856	YFL051C	0.80962
4857	YOL160W	0.8096
4858	YBR083W	0.80958
4859	YJR023C	0.80949
4860	YNL276C	0.80934
4861	YOL086C	0.80927
4862	YGL182C	0.80927
4863	YLR147C	0.80926
4864	YDL092W	0.80925
4865	YOL031C	0.80919
4866	YIL169C	0.80919
4867	YCR087C-A	0.80919
4868	YKL101W	0.80909
4869	YDR374C	0.80907
4870	YJL038C	0.80906
4871	YLR264C-A	0.80905
4872	YMR014W	0.80901
4873	YIR013C	0.80895
4874	YDL098C	0.80894
4875	YGR098C	0.80892
4876	YDR175C	0.80884
4877	YOR282W	0.80875
4878	YPL193W	0.80874
4879	YNL105W	0.80873
4880	YGR045C	0.80872
4881	YNL205C	0.8087
4882	YNL337W	0.80869
4883	YJL058C	0.80857
4884	YHR008C	0.80854
4885	YER046W-A	0.80853
4886	YBR206W	0.80848
4887	YOL063C	0.80838
4888	YLR162W-A	0.80835
4889	YFR009W-A	0.80835
4890	YER133W-A	0.80835
4891	YGL195W	0.80833
4892	YOR137C	0.80827
4893	YDL172C	0.80824
4894	YDR371C-A	0.80822
4895	YJL205C	0.80822
4896	YOR011W-A	0.80811
4897	YJL047C-A	0.80811
4898	YLR074C	0.80806
4899	YAL064W	0.80805
4900	YDL044C	0.80803
4901	YLR454W	0.80802
4902	YDL115C	0.80801
4903	YGL226C-A	0.808
4904	YGR222W	0.80796
4905	YJL063C	0.80796
4906	YJR037W	0.80795
4907	YDR003W-A	0.80794
4908	YML103C	0.80793
4909	YLR283W	0.80788
4910	YPL261C	0.80785
4911	YGL168W	0.80785
4912	YMR001C-A	0.80782
4913	YML116W-A	0.80779
4914	YOR008C-A	0.80775
4915	YPR027C	0.80771
4916	YDL022C-A	0.8077
4917	YGR130C	0.80769
4918	YHR079C-A	0.80769
4919	YNL296W	0.80768
4920	YPL035C	0.80763
4921	YMR311C	0.80761
4922	YGL239C	0.8076
4923	YOR170W	0.80759
4924	YKR005C	0.80759
4925	YBR051W	0.80747
4926	YHL029C	0.80747
4927	YFL013C	0.8074
4928	YLR422W	0.8074
4929	YGL237C	0.80736
4930	YER030W	0.80733
4931	YIR003W	0.80729
4932	YPL250W-A	0.80727
4933	YGR051C	0.80721
4934	YHR132W-A	0.8072
4935	YGL118C	0.80717
4936	YOR133W	0.80713
4937	YFR003C	0.80713
4938	YIL029W-A	0.80706
4939	YJL135W	0.80701
4940	YOR329W-A	0.80701
4941	YDR024W	0.80701
4942	YLR385C	0.807
4943	YMR251W-A	0.80695
4944	YAL031W-A	0.80692
4945	YOR186C-A	0.8069
4946	YNL172W	0.80671
4947	YGL071W	0.80668
4948	YIR019C	0.80665
4949	YML047W-A	0.80664
4950	YBR188C	0.80663
4951	YDR340W	0.80663
4952	YER138W-A	0.80661
4953	YEL067C	0.80659
4954	YNL166C	0.80658
4955	YBL043W	0.80657
4956	YKL108W	0.80653
4957	YGR230W	0.80652
4958	YCL037C	0.80643
4959	YGR035W-A	0.80641
4960	YJL015C	0.8064
4961	YMR191W	0.80635
4962	YMR016C	0.80634
4963	YLR408C	0.80634
4964	YDR146C	0.8063
4965	YFR010W-A	0.80629
4966	YOL024W	0.80629
4967	YMR148W	0.80627
4968	YJL149W	0.80623
4969	YCR089W	0.80623
4970	YEL018C-A	0.80622
4971	YPR185W	0.8062
4972	YFR057W	0.80619
4973	YMR232W	0.80619
4974	YDL208W	0.80611
4975	YFR011C	0.80605
4976	YML043C	0.80605
4977	YNL235C	0.80604
4978	YPR142C	0.80598
4979	YLR301W	0.80595
4980	YOR192C-C	0.8059
4981	YCL059C	0.80582
4982	YGR164W	0.8058
4983	YGR190C	0.80578
4984	YGR069W	0.80576
4985	YJR021C	0.80573
4986	YLR099W-A	0.80568
4987	YJR140W-A	0.80562
4988	YDR502C	0.80561
4989	YDR445C	0.8056
4990	YOR225W	0.8056
4991	YHR136C	0.80558
4992	YFR036W-A	0.80556
4993	YJL211C	0.80555
4994	YGR025W	0.80547
4995	YJL182C	0.80541
4996	YJL156W-A	0.80539
4997	YER095W	0.80537
4998	YDR032C	0.80531
4999	YOR140W	0.80529
5000	YHL046W-A	0.80522
5001	YBL048W	0.80519
5002	YGR183C	0.80519
5003	YGL151W	0.8051
5004	YER107W-A	0.8051
5005	YLL066W-A	0.80509
5006	YFL068W	0.80509
5007	YLL067W-A	0.80509
5008	YDL242W	0.80508
5009	YPL189C-A	0.80506
5010	YNL226W	0.80506
5011	YCR018C-A	0.80505
5012	YER006C-A	0.80496
5013	YOR396C-A	0.80495
5014	YLR466C-A	0.80495
5015	YLR467C-A	0.80495
5016	YER048W-A	0.80494
5017	YNL097C-B	0.80492
5018	YDR016C	0.80489
5019	YBL100W-C	0.8048
5020	YBL113W-A	0.80476
5021	YIL071W-A	0.80475
5022	YML015C	0.80472
5023	YCR033W	0.80467
5024	YDL152W	0.80462
5025	YIR044C	0.80461
5026	YMR141C	0.80456
5027	YCR003W	0.80453
5028	YGL109W	0.80452
5029	YLR033W	0.80451
5030	YLR044C	0.80446
5031	YCL021W-A	0.80444
5032	YPL233W	0.80439
5033	YNL137C	0.80438
5034	YNL333W	0.80437
5035	YBL052C	0.80437
5036	YCR020W-B	0.80435
5037	YER048C	0.80433
5038	YLR171W	0.80432
5039	YOL050C	0.80428
5040	YCL014W	0.80428
5041	YEL068C	0.80425
5042	YOL134C	0.80421
5043	YIL129C	0.80409
5044	YCR095W-A	0.80395
5045	YPL182C	0.80392
5046	YAL068W-A	0.80392
5047	YPR146C	0.80388
5048	YLL030C	0.80387
5049	YKL052C	0.80384
5050	YDR443C	0.80379
5051	YOL083W	0.80376
5052	YCL065W	0.80376
5053	YMR204C	0.80375
5054	YDR482C	0.80375
5055	YBL107C	0.80374
5056	YNL160W	0.80371
5057	YLR159W	0.80365
5058	YLR161W	0.80365
5059	YLR156W	0.80365
5060	YOL150C	0.80358
5061	YOR030W	0.80358
5062	YDL050C	0.80352
5063	YMR116C	0.80348
5064	YHR056C	0.80348
5065	YAL065C	0.80346
5066	YGL223C	0.80343
5067	YGR219W	0.80341
5068	YGR293C	0.80337
5069	YBL009W	0.80331
5070	YER045C	0.80319
5071	YPR117W	0.80319
5072	YAR061W	0.80316
5073	YHR212W-A	0.80316
5074	YMR052W	0.80315
5075	YIL025C	0.80314
5076	YIL102C-A	0.80306
5077	YLR352W	0.80305
5078	YEL077W-A	0.80302
5079	YER190C-B	0.80302
5080	YGR296C-B	0.80302
5081	YPR204C-A	0.80302
5082	YPL283W-B	0.80302
5083	YLR365W	0.80301
5084	YHR137C-A	0.80298
5085	YGL123C-A	0.80297
5086	YOR382W	0.80296
5087	YOR304C-A	0.80292
5088	YKL083W	0.80291
5089	YBR225W	0.80286
5090	YDR545C-A	0.80284
5091	YDR521W	0.80283
5092	YMR052C-A	0.80277
5093	YDR254W	0.8027
5094	YKL165C-A	0.80268
5095	YDL096C	0.80263
5096	YGR168C	0.80261
5097	YOR147W	0.80261
5098	YJL022W	0.8026
5099	YKL147C	0.80259
5100	YNL042W-B	0.80257
5101	YLR366W	0.80255
5102	YGR073C	0.80255
5103	YMR135C	0.80253
5104	YHR219C-A	0.80245
5105	YNL339W-B	0.80245
5106	YML133W-B	0.80245
5107	YDL189W	0.80245
5108	YPR143W	0.80242
5109	YGR072W	0.80241
5110	YHR199C-A	0.80239
5111	YJL075C	0.80238
5112	YBL025W	0.80238
5113	YER091C-A	0.80235
5114	YLR437C	0.80232
5115	YER180C-A	0.80225
5116	YDL016C	0.80224
5117	YGL193C	0.80217
5118	YDR422C	0.80215
5119	YDR048C	0.80214
5120	YNL322C	0.80214
5121	YER161C	0.80213
5122	YBR171W	0.80212
5123	YAL063C-A	0.80205
5124	YDR143C	0.80203
5125	YAL055W	0.80201
5126	YBR182C-A	0.802
5127	YOR266W	0.80198
5128	YLR358C	0.80195
5129	YGR206W	0.80194
5130	YPL039W	0.80193
5131	YOR293C-A	0.80191
5132	YOR387C	0.80188
5133	YLL066W-B	0.80179
5134	YML081C-A	0.80177
5135	YDR348C	0.80169
5136	YHR159W	0.80169
5137	YJR039W	0.80168
5138	YML031C-A	0.80158
5139	YCR018C	0.80158
5140	YMR298W	0.80157
5141	YPR013C	0.80156
5142	YBR292C	0.80155
5143	YJR108W	0.80152
5144	YLR416C	0.80148
5145	YGR077C	0.80148
5146	YGL226W	0.80146
5147	YGL079W	0.80145
5148	YJL086C	0.80139
5149	YDR034W-B	0.8013
5150	YNL100W	0.80122
5151	YBR178W	0.8012
5152	YNL050C	0.80117
5153	YGR291C	0.80115
5154	YGL117W	0.80115
5155	YPL033C	0.80112
5156	YDR276C	0.80109
5157	YNL149C	0.80105
5158	YLR252W	0.80097
5159	YBR221W-A	0.80092
5160	YIL141W	0.80087
5161	YOR284W	0.80087
5162	YER175W-A	0.80085
5163	YNL266W	0.80074
5164	YKL130C	0.80072
5165	YNL319W	0.80072
5166	YPL240C	0.80072
5167	YJL115W	0.80071
5168	YNL171C	0.8007
5169	YNL075W	0.80063
5170	YIL156W-A	0.80055
5171	YLR267W	0.80051
5172	YPR014C	0.8005
5173	YAL066W	0.80046
5174	YGR067C	0.80043
5175	YFL059W	0.80038
5176	YMR240C	0.80036
5177	YLR082C	0.80033
5178	YMR030W	0.80031
5179	YJL120W	0.80031
5180	YCL021W	0.80017
5181	YBL054W	0.80015
5182	YGL245W	0.80012
5183	YOR300W	0.80012
5184	YDR112W	0.80011
5185	YGR150C	0.80004
5186	YNL198C	0.80003
5187	YMR103C	0.80001
5188	YGR285C	0.79998
5189	YDL158C	0.79997
5190	YIL163C	0.79997
5191	YAR014C	0.79995
5192	YFR008W	0.79992
5193	YNL122C	0.7999
5194	YHR127W	0.7999
5195	YJR053W	0.79989
5196	YBR064W	0.79987
5197	YGL052W	0.79984
5198	YBR298C-A	0.79981
5199	YMR326C	0.79979
5200	YGL176C	0.79977
5201	YOR032C	0.79975
5202	YBR277C	0.79973
5203	YER088C	0.79969
5204	YJL209W	0.79967
5205	YJR056C	0.79963
5206	YCR032W	0.79962
5207	YLR217W	0.79961
5208	YLR313C	0.7996
5209	YAR030C	0.79959
5210	YDR225W	0.79958
5211	YIL098C	0.79956
5212	YDR535C	0.79955
5213	YHL050W-A	0.79954
5214	YOR310C	0.79948
5215	YLR140W	0.79947
5216	YLR465C	0.79945
5217	YPL163C	0.79943
5218	YDR543C	0.79942
5219	YLR342W-A	0.79942
5220	YNL308C	0.79935
5221	YLR390W-A	0.79933
5222	YDR149C	0.79932
5223	YDR230W	0.79932
5224	YER109C	0.79931
5225	YKR101W	0.79928
5226	YNL199C	0.79928
5227	YER179W	0.79928
5228	YLR124W	0.79926
5229	YDR240C	0.79924
5230	YOR314W	0.79921
5231	YPR096C	0.79921
5232	YGR084C	0.79917
5233	YDR096W	0.79916
5234	YOR235W	0.79915
5235	YKL096C-B	0.79907
5236	YBL003C	0.79906
5237	YDR215C	0.79902
5238	YPR020W	0.79902
5239	YEL020C-B	0.79901
5240	YDL240C-A	0.79895
5241	YLR042C	0.79894
5242	YMR141W-A	0.79888
5243	YDR327W	0.79884
5244	YBL107W-A	0.79883
5245	YDR431W	0.79879
5246	YOR394W	0.79876
5247	YPL282C	0.79876
5248	YJR002W	0.79876
5249	YCL061C	0.79874
5250	YOR097C	0.79872
5251	YBR182C	0.7987
5252	YKL163W	0.79867
5253	YLR146W-A	0.79864
5254	YDR429C	0.79863
5255	YMR135W-A	0.7986
5256	YBL002W	0.79851
5257	YGR161C	0.79851
5258	YDL159W-A	0.79846
5259	YOR113W	0.79843
5260	YBR184W	0.79834
5261	YOR195W	0.79834
5262	YER188C-A	0.79823
5263	YHL019W-A	0.79821
5264	YHR148W	0.79816
5265	YMR306C-A	0.79812
5266	YDL011C	0.7981
5267	YGL188C-A	0.7981
5268	YDL150W	0.79803
5269	YBR116C	0.79801
5270	YDR217C	0.79799
5271	YGL258W-A	0.79794
5272	YDR526C	0.79791
5273	YLR400W	0.79785
5274	YIL092W	0.79781
5275	YHR175W-A	0.79776
5276	YGL108C	0.79775
5277	YNR035C	0.79769
5278	YLR286W-A	0.79768
5279	YPL052W	0.79767
5280	YFL019C	0.79758
5281	YMR193C-A	0.79756
5282	YIL111W	0.79754
5283	YER149C	0.79754
5284	YOR366W	0.79747
5285	YCL028W	0.79746
5286	YHR070C-A	0.79743
5287	YOL155C	0.79743
5288	YOR200W	0.79734
5289	YOR169C	0.79734
5290	YNL167C	0.79726
5291	YNL284C	0.79723
5292	YNR034W-A	0.79722
5293	YCR099C	0.79722
5294	YKL067W	0.7972
5295	YDR524W-C	0.79718
5296	YJL090C	0.79718
5297	YMR320W	0.79716
5298	YGL007C-A	0.79716
5299	YNL013C	0.79715
5300	YLR131C	0.79711
5301	YJL158C	0.79708
5302	YPL192C	0.79708
5303	YDR461W	0.79704
5304	YLR453C	0.79703
5305	YLR428C	0.79701
5306	YDR464W	0.79699
5307	R0040C	0.79698
5308	YPL070W	0.79698
5309	YGR228W	0.79694
5310	YIL156W-B	0.79689
5311	YGR165W	0.79686
5312	YEL018W	0.79685
5313	YDR224C	0.79682
5314	YIL177W-A	0.79681
5315	YJL225W-A	0.79681
5316	YEL043W	0.79679
5317	YOL013W-A	0.79678
5318	YHL034W-A	0.79677
5319	YER148W-A	0.79676
5320	YHR139C-A	0.79665
5321	YMR242W-A	0.79664
5322	YPL168W	0.79663
5323	YNL245C	0.79662
5324	YOR331C	0.79659
5325	YFR032C-B	0.7965
5326	YDR524C-A	0.79649
5327	YPL025C	0.79648
5328	YAL059C-A	0.79641
5329	YDL009C	0.79638
5330	YBR197C	0.79634
5331	YJR113C	0.79634
5332	YBR108W	0.79633
5333	YBR103C-A	0.79628
5334	YAR002W	0.79627
5335	YOR020C	0.79627
5336	YIR024C	0.79619
5337	YLR180W	0.79617
5338	YMR122W-A	0.79617
5339	YPR101W	0.79617
5340	YNL164C	0.79612
5341	YLR079W	0.79611
5342	YOR342C	0.7961
5343	YHL037C	0.79605
5344	YNL244C	0.79603
5345	YAR047C	0.79594
5346	YLL059C	0.79593
5347	YKL169C	0.79581
5348	YDR246W-A	0.7958
5349	YDL004W	0.79572
5350	YOR076C	0.79572
5351	YNL177C	0.79569
5352	YNL091W	0.79568
5353	YPL054W	0.79567
5354	YOR019W	0.79567
5355	YNL225C	0.79567
5356	YKL014C	0.79566
5357	YPL200W	0.79562
5358	YBR124W	0.79561
5359	YNL196C	0.7956
5360	YBL108W	0.7956
5361	YGR226C	0.79553
5362	YBR126W-A	0.79549
5363	YEL034W	0.79541
5364	YKL143W	0.79533
5365	YAL036C	0.79521
5366	YER087C-A	0.79513
5367	YNR001W-A	0.79507
5368	YLR204W	0.79502
5369	YHR167W	0.79499
5370	YJL062W-A	0.79496
5371	Q0017	0.7949
5372	YDR199W	0.79487
5373	YLR415C	0.79484
5374	YOL166C	0.79483
5375	YOL046C	0.79475
5376	YPL135C-A	0.79474
5377	YER097W	0.79473
5378	YDL073W	0.79467
5379	YCR065W	0.79461
5380	YDR151C	0.79459
5381	YOR379C	0.79452
5382	YEL009C-A	0.79449
5383	YPR044C	0.79444
5384	YHR021W-A	0.79443
5385	YHR039C-A	0.79431
5386	YDR103W	0.79431
5387	YMR064W	0.79428
5388	YLR302C	0.79427
5389	YGR121W-A	0.79421
5390	YIL119C	0.79419
5391	YNR044W	0.79418
5392	R0030W	0.79414
5393	YLR317W	0.79412
5394	YGR039W	0.79409
5395	YGR115C	0.79404
5396	YBR136W	0.79402
5397	YOR161C-C	0.79398
5398	YBL046W	0.79394
5399	YCR001W	0.79391
5400	YOR114W	0.7939
5401	YNL043C	0.7939
5402	YKR035C	0.79384
5403	YPR002C-A	0.79384
5404	YPR174C	0.79382
5405	YLR294C	0.79381
5406	YKR073C	0.79379
5407	YGL042C	0.79378
5408	YDL228C	0.79372
5409	YOR354C	0.79369
5410	YHR193C	0.79364
5411	YGL061C	0.7936
5412	YOR024W	0.79358
5413	YAL011W	0.79357
5414	Q0255	0.79357
5415	YMR257C	0.79356
5416	YFR033C	0.79351
5417	YML036W	0.79348
5418	YNL103W-A	0.79341
5419	YJR114W	0.79341
5420	YML054C-A	0.79339
5421	YLR222C-A	0.79332
5422	YEL049W	0.79332
5423	YKR042W	0.79325
5424	YDL041W	0.79324
5425	YER092W	0.79323
5426	YGR161W-C	0.79322
5427	YLL003W	0.79322
5428	YIL019W	0.79315
5429	YGL204C	0.79315
5430	YLR194C	0.79306
5431	YMR158C-A	0.7929
5432	YGL177W	0.7929
5433	YER119C-A	0.79287
5434	YPL127C	0.79287
5435	YJL067W	0.79286
5436	YIR018C-A	0.79285
5437	YLR169W	0.79283
5438	YNL017C	0.79281
5439	YBL034C	0.7928
5440	YKL023W	0.79277
5441	YOL052C-A	0.79267
5442	YOR073W	0.79265
5443	YLR431C	0.79264
5444	YHR149C	0.79264
5445	YNL157W	0.79263
5446	YBR296C-A	0.79261
5447	YMR186W	0.7926
5448	YOL161C	0.7926
5449	YIL012W	0.79252
5450	YAL004W	0.79249
5451	YKL009W	0.79248
5452	YCR081C-A	0.79247
5453	YCR102W-A	0.79241
5454	YKL062W	0.79238
5455	YNL146C-A	0.79238
5456	YER187W	0.79235
5457	YHR073W-A	0.79232
5458	YDR534C	0.79223
5459	YDR381C-A	0.79222
5460	YLR374C	0.7922
5461	YPL096C-A	0.7922
5462	YIL176C	0.79218
5463	YJL223C	0.79218
5464	YDR350C	0.79215
5465	YLL006W-A	0.79214
5466	YAL016C-B	0.79213
5467	YLR123C	0.79212
5468	YPL085W	0.79211
5469	YLR157W-D	0.79204
5470	YOR091W	0.79201
5471	YPR095C	0.79198
5472	YLR373C	0.79197
5473	YNL054W	0.79197
5474	YFL007W	0.79195
5475	YCR022C	0.79188
5476	YOR287C	0.79183
5477	YJL064W	0.79183
5478	YPR123C	0.79173
5479	YIL030W-A	0.79171
5480	YHR001W-A	0.7917
5481	YHR055C	0.79169
5482	YHR053C	0.79169
5483	YIL117C	0.79168
5484	YJR089W	0.79164
5485	YER028C	0.79162
5486	YIL021C-A	0.79161
5487	YDR532C	0.7916
5488	YMR030W-A	0.79153
5489	YDL197C	0.7915
5490	YKL060C	0.7914
5491	YGR240C-A	0.79137
5492	YGL066W	0.79136
5493	YPL102C	0.79135
5494	YDR355C	0.79134
5495	YDL153C	0.79134
5496	YBR232C	0.79134
5497	YOR116C	0.79126
5498	YLR370C	0.79123
5499	YBR076C-A	0.79123
5500	YDR344C	0.7912
5501	YDR278C	0.79116
5502	YJL222W-A	0.79101
5503	YIL174W	0.79101
5504	YJL095W	0.79094
5505	YOR302W	0.79094
5506	YKL086W	0.79092
5507	YLR436C	0.79082
5508	YJL215C	0.79075
5509	YCL027W	0.79073
5510	YMR175W-A	0.79068
5511	YIL036W	0.79054
5512	YOR068C	0.79045
5513	YCR047W-A	0.79044
5514	YNL159C	0.79041
5515	YHR022C-A	0.79039
5516	YNL211C	0.79039
5517	YNL324W	0.79038
5518	YGR294W	0.79034
5519	YER011W	0.79032
5520	YOR189W	0.79031
5521	YBR230C	0.79031
5522	YJL159W	0.79029
5523	YHL006C	0.79027
5524	YJL037W	0.79027
5525	YNL144C	0.79026
5526	YDR220C	0.79023
5527	YGR079W	0.7902
5528	YOR032W-A	0.79017
5529	YPR134W	0.79016
5530	YDR412W	0.79016
5531	YNL179C	0.7901
5532	YER034W	0.79008
5533	YOR376W	0.79007
5534	YGR018C	0.78997
5535	YOR199W	0.78996
5536	YOR313C	0.78992
5537	YKR045C	0.78991
5538	YHR184W	0.7899
5539	YHR095W	0.78979
5540	YOL007C	0.78978
5541	YLR466C-B	0.78978
5542	YBR122C	0.78974
5543	YMR282C	0.78969
5544	YBR152W	0.78969
5545	YBR224W	0.78963
5546	YJL127W-A	0.78957
5547	YNR076W	0.78956
5548	YLL064C	0.78956
5549	YGR182C	0.78955
5550	YDL224C	0.78952
5551	YDR425W	0.78951
5552	YBR301W	0.78941
5553	YHR130C	0.7894
5554	YDL034W	0.78934
5555	YNL103W	0.78931
5556	YIL045W	0.7893
5557	YOR029W	0.78929
5558	YDL185C-A	0.78927
5559	YIL028W	0.78922
5560	YEL005C	0.7892
5561	YDL014W	0.78915
5562	YGL128C	0.78914
5563	YHL025W	0.78911
5564	YNL197C	0.78907
5565	YFL012W-A	0.78897
5566	YDR296W	0.78891
5567	YOL155W-A	0.78889
5568	YDR442W	0.78888
5569	YOL131W	0.78884
5570	YJR121W	0.78883
5571	YKR015C	0.78879
5572	YGR122C-A	0.78875
5573	YJL077W-A	0.78871
5574	YLR111W	0.78868
5575	YLR463C	0.78866
5576	YLR230W	0.78852
5577	YER078W-A	0.7885
5578	YHR182C-A	0.78844
5579	YDL114W-A	0.78842
5580	YNR045W	0.78842
5581	YER084W-A	0.78841
5582	YDL185W	0.78841
5583	YKL082C	0.7884
5584	YEL053W-A	0.78837
5585	YJL110C	0.78835
5586	YOR276W	0.78834
5587	YCR043C	0.78827
5588	YOR277C	0.78826
5589	YIR040C	0.78824
5590	YDR509W	0.78814
5591	YOL070C	0.78813
5592	YMR304C-A	0.78813
5593	YFL049W	0.78807
5594	YHR195W	0.78805
5595	YKL122C	0.78804
5596	YHR099W	0.78802
5597	YMR003W	0.78801
5598	YHL046C	0.78796
5599	YML058W-A	0.78794
5600	YPR039W	0.78791
5601	YLR052W	0.78785
5602	YGR134W	0.78777
5603	YLR154W-E	0.78772
5604	YMR179W	0.7877
5605	YPR053C	0.78766
5606	YDR356W	0.7876
5607	YLR154W-F	0.78758
5608	YOL164W-A	0.78756
5609	YLR298C	0.78747
5610	YLR295C	0.78744
5611	YLR091W	0.7874
5612	YJR092W	0.78739
5613	YER091C	0.78738
5614	YKL058W	0.78737
5615	YOR218C	0.78737
5616	YBR013C	0.78736
5617	YDR030C	0.78734
5618	YOR146W	0.78732
5619	YOR394C-A	0.78731
5620	YDR354C-A	0.7873
5621	YAL016C-A	0.78728
5622	YMR013W-A	0.78722
5623	YNR077C	0.78718
5624	YPL013C	0.78717
5625	YGR120C	0.78714
5626	YGL261C	0.78711
5627	YBL108C-A	0.78711
5628	YAL068C	0.78711
5629	YBR300C	0.78685
5630	YGR160W	0.78685
5631	YJR120W	0.78684
5632	YDL067C	0.78679
5633	YDR183C-A	0.78675
5634	YBL044W	0.78672
5635	YKR054C	0.78671
5636	YHR093W	0.7867
5637	YLR320W	0.78669
5638	YLR076C	0.78666
5639	YOR050C	0.78666
5640	YPL062W	0.78665
5641	YNL067W-A	0.78649
5642	YFL021W	0.78647
5643	YPL269W	0.78646
5644	YBR072C-A	0.7864
5645	YPR074W-A	0.78637
5646	YDR095C	0.78637
5647	YDL068W	0.78634
5648	YGR270C-A	0.78629
5649	YDR464C-A	0.78629
5650	YLR461W	0.78628
5651	YPL073C	0.78623
5652	YNR025C	0.7862
5653	YDL211C	0.78617
5654	YMR105W-A	0.78614
5655	YLR312C	0.78612
5656	YGR275W	0.78611
5657	YGL165C	0.78602
5658	YDR542W	0.78602
5659	YOR072W-B	0.78601
5660	YBR007C	0.786
5661	YDR136C	0.78593
5662	YPR195C	0.78592
5663	YHR073C-B	0.78591
5664	YCR082W	0.7859
5665	YCR075W-A	0.78588
5666	YKL061W	0.78586
5667	YDR383C	0.78575
5668	YML101C-A	0.78572
5669	YMR245W	0.78568
5670	R0020C	0.78567
5671	YOR121C	0.78565
5672	YBR262C	0.78565
5673	YDR310C	0.78564
5674	YIL011W	0.78564
5675	YIL142C-A	0.78561
5676	YDR250C	0.7856
5677	YDR157W	0.78558
5678	YOL013W-B	0.78554
5679	YOR178C	0.78553
5680	YCL044C	0.78547
5681	YDL247W-A	0.78546
5682	YML037C	0.78543
5683	YLR018C	0.78543
5684	YOL159C-A	0.78539
5685	YGR064W	0.7853
5686	YKL106C-A	0.78529
5687	YEL028W	0.78522
5688	YCR085W	0.78521
5689	YPR076W	0.78516
5690	YBL083C	0.78508
5691	YGL074C	0.78496
5692	YER111C	0.78489
5693	YJR128W	0.78488
5694	YPL142C	0.78488
5695	YOL037C	0.78476
5696	YOL035C	0.78469
5697	YML093W	0.78467
5698	YOR214C	0.78461
5699	YBL038W	0.78457
5700	YFR019W	0.78456
5701	YGR265W	0.78438
5702	YDR187C	0.78425
5703	YDL025W-A	0.78425
5704	YKR091W	0.7842
5705	YGR173W	0.7842
5706	YHR156C	0.78419
5707	YEL075W-A	0.78419
5708	YMR046W-A	0.78416
5709	YGL035C	0.78415
5710	YPL080C	0.78413
5711	YOR345C	0.78401
5712	YBR209W	0.78399
5713	YMR247W-A	0.78394
5714	YBR190W	0.78391
5715	YDR169C-A	0.78377
5716	YGL138C	0.78376
5717	YOL118C	0.78374
5718	Q0143	0.78374
5719	YDR259C	0.78367
5720	YCL046W	0.78367
5721	YOR333C	0.78357
5722	YLR361C-A	0.7835
5723	YDR050C	0.78348
5724	YDR401W	0.78348
5725	YPL027W	0.78342
5726	YEL014C	0.7834
5727	YBL062W	0.78339
5728	YBL090W	0.78338
5729	YGL006W-A	0.7833
5730	YLR106C	0.78328
5731	YCL022C	0.78327
5732	YDR322C-A	0.78326
5733	YOL079W	0.78324
5734	YCR049C	0.78313
5735	YAL056C-A	0.78312
5736	YNL067W-B	0.78309
5737	YNL027W	0.78308
5738	YNR049C	0.78306
5739	YLR395C	0.78304
5740	YDR014W	0.78304
5741	YDL239C	0.78295
5742	YOR072W	0.78292
5743	YDL139C	0.78289
5744	YDR269C	0.78286
5745	YMR182W-A	0.78285
5746	YIL020C-A	0.78278
5747	YDR537C	0.78275
5748	YDR252W	0.78274
5749	YBR196C-A	0.78268
5750	YAL045C	0.78263
5751	YPL130W	0.78262
5752	YPR170W-A	0.7826
5753	YGL024W	0.78258
5754	YAL027W	0.78257
5755	YCL054W-A	0.78246
5756	YJL122W	0.78245
5757	YDL089W	0.78244
5758	YGR081C	0.7824
5759	YCR104W	0.78239
5760	YMR317W	0.78237
5761	YBR272C	0.7823
5762	YOL029C	0.78224
5763	YIR010W	0.78215
5764	YOR350C	0.78198
5765	YAL069W	0.78198
5766	YJR157W	0.78196
5767	YAL064C-A	0.78191
5768	YCR025C	0.78188
5769	YNL277W-A	0.78186
5770	YOR247W	0.78176
5771	YKL063C	0.78164
5772	YKL075C	0.78158
5773	YFR049W	0.78157
5774	YNR032C-A	0.78155
5775	YJR011C	0.78154
5776	YLR334C	0.78143
5777	YBR148W	0.78143
5778	YOR023C	0.78142
5779	YLR349W	0.7814
5780	YMR194C-A	0.7814
5781	YOR316C-A	0.7814
5782	YMR031W-A	0.78139
5783	YDL196W	0.78132
5784	YDR491C	0.7812
5785	YGL021W	0.78104
5786	YNL269W	0.78101
5787	YER067C-A	0.78101
5788	YGR114C	0.78099
5789	YNL052W	0.78099
5790	YBL071C-B	0.78096
5791	YGL041C-B	0.7808
5792	YHR086W-A	0.78075
5793	YOR294W	0.78065
5794	YDR337W	0.78062
5795	YOR010C	0.78058
5796	YPR094W	0.78054
5797	YPL222C-A	0.78046
5798	YNL285W	0.78044
5799	YER165C-A	0.78038
5800	YMR160W	0.78035
5801	YHL045W	0.78018
5802	YDR079C-A	0.78016
5803	YDL069C	0.78015
5804	YKR078W	0.7801
5805	YOR047C	0.78005
5806	YPL183W-A	0.77997
5807	YCL007C	0.77994
5808	YDR034C-A	0.77992
5809	YNR075C-A	0.7799
5810	YOR031W	0.77988
5811	YKL018C-A	0.77988
5812	YGR220C	0.77984
5813	YDL118W	0.77979
5814	YAR019W-A	0.77977
5815	YBR120C	0.77976
5816	YGL260W	0.77975
5817	YOL025W	0.77975
5818	YER050C	0.77974
5819	YAR064W	0.77967
5820	YDR195W	0.77951
5821	YLR311C	0.77949
5822	YDR277C	0.77942
5823	YMR031C	0.7794
5824	YMR036C	0.77936
5825	YPL230W	0.77933
5826	YPL049C	0.77933
5827	YCL026C-A	0.77932
5828	YEL030C-A	0.77926
5829	YPL201C	0.77924
5830	YMR144W	0.77921
5831	YMR107W	0.77914
5832	YOL166W-A	0.77913
5833	YER002W	0.77909
5834	YKR010C	0.77907
5835	YLL047W	0.77907
5836	YGR037C	0.77906
5837	YDR361C	0.77897
5838	YIL014C-A	0.77896
5839	YPL197C	0.77888
5840	YNL005C	0.77888
5841	YBL096C	0.77886
5842	YHR153C	0.77881
5843	YGR269W	0.77873
5844	YDR053W	0.77862
5845	YPR164W	0.77862
5846	YDL129W	0.77861
5847	YNL046W	0.77861
5848	YDR274C	0.77861
5849	YLR273C	0.77857
5850	YGR179C	0.77847
5851	YGR227C-A	0.7783
5852	YCR064C	0.7783
5853	YMR134W	0.77822
5854	YGR146C-A	0.77822
5855	YDR446W	0.7782
5856	YLR402W	0.77815
5857	YDL219W	0.77809
5858	YBR268W	0.77809
5859	YGR041W	0.77803
5860	YDR504C	0.778
5861	YPR166C	0.77796
5862	YKR085C	0.77788
5863	YDL121C	0.77783
5864	YPL205C	0.77782
5865	YNL042W	0.77781
5866	YLR219W	0.77781
5867	YDL027C	0.77775
5868	YGR129W	0.77774
5869	YKL162C-A	0.77773
5870	YLR458W	0.7777
5871	YOR381W-A	0.77769
5872	YFL041W-A	0.77767
5873	YAR069C	0.77762
5874	YHR214C-D	0.77762
5875	YNR014W	0.77755
5876	YNL133C	0.77755
5877	YMR316C-A	0.77753
5878	YEL050W-A	0.77753
5879	YAL047C	0.77747
5880	YKR100C	0.77741
5881	YMR096W	0.77741
5882	YML100W-A	0.77739
5883	YDL086C-A	0.77738
5884	YBR130C	0.77735
5885	YBL039C-A	0.77734
5886	YCL051W	0.77731
5887	YPL077C	0.77728
5888	YMR066W	0.77726
5889	YHR193C-A	0.77725
5890	YJR083C	0.77723
5891	YKL044W	0.7772
5892	YLR364C-A	0.77719
5893	YNL295W	0.77717
5894	YHL006W-A	0.77716
5895	YDR417C	0.77715
5896	YLR285C-A	0.77713
5897	YKL204W	0.77705
5898	YPL078C	0.77705
5899	YOL015W	0.77705
5900	YHR214W	0.77696
5901	YAR066W	0.77696
5902	YBR174C	0.77694
5903	YLR157W-E	0.77689
5904	YAL031C	0.77689
5905	YER085C	0.77686
5906	YDL187C	0.77685
5907	YDR216W	0.77677
5908	YLR184W	0.77676
5909	YPR159C-A	0.77668
5910	YDR298C	0.77654
5911	YDR201W	0.77654
5912	YEL073C	0.7764
5913	YHL005C	0.7764
5914	YPR170C	0.7764
5915	YDR366C	0.77637
5916	YJL184W	0.77636
5917	YIR020C	0.77629
5918	YLR394W	0.77628
5919	YEL034C-A	0.77622
5920	YPR169W-A	0.7762
5921	YDL227C	0.77618
5922	YLR282C	0.77617
5923	YDR461C-A	0.77613
5924	YGL063C-A	0.7761
5925	YOR352W	0.7761
5926	YMR325W	0.77602
5927	YMR163C	0.77602
5928	YEL057C	0.77595
5929	YHR152W	0.77594
5930	YIR016W	0.77589
5931	YBL012C	0.77589
5932	YJL188C	0.77587
5933	YMR260C	0.77583
5934	YIR041W	0.77579
5935	YLR192C	0.77577
5936	YBR275C	0.77575
5937	YLR353W	0.77575
5938	YLR339C	0.77559
5939	YDR260C	0.77554
5940	YLR299C-A	0.77554
5941	YCL026C-B	0.77551
5942	YDR439W	0.77547
5943	YLR154W-A	0.77542
5944	YMR122C	0.77538
5945	YLR307C-A	0.77528
5946	YJL077W-B	0.77515
5947	YOR078W	0.77512
5948	YKR032W	0.77498
5949	YLR315W	0.77494
5950	YAL026C-A	0.77494
5951	YOR252W	0.77491
5952	YIL086C	0.77468
5953	YBL065W	0.77463
5954	YMR172C-A	0.77462
5955	YIL054W	0.77459
5956	YJL162C	0.77457
5957	YPL071C	0.77447
5958	YJR107C-A	0.77446
5959	YKL112W	0.77437
5960	YKL224C	0.77431
5961	YKL016C	0.77427
5962	YGR063C	0.77421
5963	YOL091W	0.77419
5964	YHL030W-A	0.77411
5965	YDL032W	0.77396
5966	YER132C	0.77394
5967	YDR114C	0.77394
5968	YOR359W	0.77391
5969	YPL014W	0.77389
5970	YFL063W	0.77385
5971	YMR195W	0.77377
5972	YDL151C	0.77361
5973	YIR020W-A	0.77359
5974	YOR264W	0.77358
5975	YKR037C	0.77357
5976	YMR230W	0.77346
5977	YNL130C-A	0.77343
5978	YIL122W	0.77339
5979	YGL175C	0.77334
5980	YCR108C	0.77333
5981	YNL203C	0.77328
5982	YLR445W	0.77323
5983	YKL037W	0.77323
5984	YNL018C	0.77309
5985	YOL085W-A	0.77308
5986	YJR162C	0.77302
5987	YGL194C-A	0.773
5988	YBR131C-A	0.773
5989	YKL223W	0.77298
5990	YER181C	0.77292
5991	YIL136W	0.77291
5992	YDR381W	0.77291
5993	YEL025C	0.7729
5994	YPR133W-A	0.77284
5995	YCR046C	0.77283
5996	YGL057C	0.77283
5997	YAL028W	0.7728
5998	YGR174W-A	0.77275
5999	YBR107C	0.77268
6000	YHR212C	0.77254
6001	YAR060C	0.77254
6002	YER158C	0.77254
6003	YDR207C	0.77244
6004	YIL146C	0.77241
6005	YJL020W-A	0.77241
6006	YLR341W	0.77237
6007	YDR219C	0.77233
6008	YNL034W	0.77232
6009	YOL038C-A	0.77232
6010	YLR198C	0.77227
6011	YMR007W	0.7722
6012	YDL163W	0.77216
6013	YKL076C	0.77212
6014	YBR200W-A	0.77208
6015	YDL176W	0.77206
6016	YGL121C	0.77194
6017	YKL185W	0.77193
6018	YPR187W	0.77183
6019	YNR009W	0.77181
6020	YGR196C	0.77176
6021	YLR037C	0.77174
6022	YJR104C	0.77171
6023	YGR071C	0.77171
6024	YOL019W-A	0.7717
6025	YDR113C	0.77168
6026	YDR529C	0.77162
6027	YLR051C	0.77153
6028	YBR196C-B	0.77149
6029	YHR103W	0.77148
6030	YER186C	0.77146
6031	YOR183W	0.77138
6032	YEL050C	0.77136
6033	YPL108W	0.77131
6034	YMR295C	0.7713
6035	YEL035C	0.77129
6036	YAL019W-A	0.77119
6037	YMR294W-A	0.77112
6038	YDR406W-A	0.77106
6039	YKL102C	0.77096
6040	YPR036W-A	0.77093
6041	YJL181W	0.77084
6042	YOR148C	0.77082
6043	YDR094W	0.77071
6044	YPL250C	0.7707
6045	YKL152C	0.77069
6046	YGR204C-A	0.77061
6047	YML007C-A	0.77048
6048	YDR209C	0.7704
6049	YDL213W-A	0.77032
6050	YLR154C	0.77027
6051	YDL071C	0.77024
6052	YCL005W-A	0.77022
6053	YPR191W	0.77012
6054	YBR085C-A	0.76995
6055	YJL207C	0.76993
6056	YLR322W	0.76988
6057	YJL118W	0.76988
6058	YJR151W-A	0.76979
6059	YKL030W	0.76977
6060	YDR115W	0.76974
6061	YJR047C	0.76964
6062	YML084W	0.76961
6063	YLR062C	0.76961
6064	YDR515W	0.7696
6065	YGL007W	0.7696
6066	YDR163W	0.76959
6067	YKL138C-A	0.76955
6068	YCL063W	0.76954
6069	YPR151C	0.76953
6070	YLR162W	0.76948
6071	YBL053W	0.76943
6072	YML028W	0.76936
6073	YLR031W	0.76921
6074	YGR239C	0.76909
6075	YFL021C-A	0.76894
6076	YLR094C	0.76892
6077	YER152W-A	0.76889
6078	YER040W	0.76885
6079	YKL065W-A	0.76874
6080	YHR007C-A	0.76864
6081	YGL135W	0.76861
6082	YPL220W	0.76861
6083	YER038C	0.76861
6084	YOR314W-A	0.7686
6085	YJR030C	0.7685
6086	YOR293W	0.76842
6087	YER189W	0.76839
6088	YDR014W-A	0.76834
6089	YDR029W	0.76825
6090	YAL024C	0.76817
6091	YNR004W	0.76814
6092	YFL020C	0.76794
6093	YER147C-A	0.76788
6094	YML122C	0.76787
6095	YOR231C-A	0.76785
6096	YNL185C	0.76782
6097	YKR033C	0.76779
6098	YBR255W	0.7677
6099	YMR082C	0.76764
6100	YLR122C	0.76762
6101	YHR213W-B	0.76761
6102	YJL152W	0.76748
6103	YGR137W	0.76742
6104	YGR254W	0.76732
6105	YBR067C	0.76728
6106	YNL311C	0.76726
6107	YJL026C-A	0.76721
6108	YER084W	0.7672
6109	YNL214W	0.76718
6110	YKL093W	0.76715
6111	YOR298C-A	0.76712
6112	YGR023W	0.76702
6113	YBL109W	0.76702
6114	YOL099C	0.76701
6115	YNL114C	0.76698
6116	YOR062C	0.76693
6117	YDL221W	0.76686
6118	YBL006C	0.76678
6119	YBR191W-A	0.76678
6120	YMR119W-A	0.7667
6121	YKL068W-A	0.76668
6122	YKL042W	0.76643
6123	YDR130C	0.76639
6124	YFR054C	0.76635
6125	YDR351W	0.76629
6126	YMR124W	0.76626
6127	YOR073W-A	0.76618
6128	YNL195C	0.76608
6129	YBR012C	0.76604
6130	YLR190W	0.766
6131	YDR015C	0.76598
6132	YER090C-A	0.76594
6133	YPR078C	0.76588
6134	YHR071C-A	0.76575
6135	YOL081W	0.76564
6136	YMR075W	0.76549
6137	YDR184C	0.7654
6138	YBR134W	0.76533
6139	YLR101C	0.76529
6140	YML053C	0.76526
6141	YDL159C-B	0.76521
6142	YER155C	0.76502
6143	YGL088W	0.76498
6144	YGR176W	0.76495
6145	YPR046W	0.76487
6146	YFL015C	0.76486
6147	YLR149C-A	0.76475
6148	YKL050C	0.76472
6149	YNR036C	0.76471
6150	YDR077W	0.7647
6151	YOR066W	0.76467
6152	YEL026W	0.76467
6153	YER044C-A	0.76456
6154	YLR030W	0.76435
6155	YLR327C	0.76432
6156	YPL255W	0.76428
6157	YER150W	0.76421
6158	YDR118W-A	0.76416
6159	YLR109W	0.76414
6160	YBR165W	0.76398
6161	YCL048W-A	0.76397
6162	YDL023C	0.76392
6163	YMR315W-A	0.76372
6164	YKR047W	0.76362
6165	YHR165C	0.76354
6166	YIR030W-A	0.76354
6167	YLL033W	0.76353
6168	YFR046C	0.76352
6169	YKL225W	0.76352
6170	YLL025W	0.76351
6171	YGL191W	0.76348
6172	YDR181C	0.76348
6173	YIL127C	0.76333
6174	YCR041W	0.76328
6175	YNR024W	0.76317
6176	YPL066W	0.76308
6177	YPL055C	0.76304
6178	YGL102C	0.763
6179	YDR462W	0.76295
6180	YNL300W	0.76288
6181	YHR157W	0.76286
6182	YCR012W	0.76283
6183	YJL144W	0.76255
6184	YMR094W	0.76253
6185	YGR113W	0.76244
6186	YKL172W	0.76242
6187	YGL023C	0.76241
6188	YJL052W	0.76229
6189	YDL076C	0.76226
6190	YPL225W	0.76216
6191	YML041C	0.7619
6192	YLR296W	0.76183
6193	YML062C	0.76182
6194	YPR171W	0.76166
6195	YIL093C	0.76159
6196	YDR065W	0.76151
6197	YAL032C	0.76151
6198	YDR510C-A	0.76149
6199	YPR065W	0.76146
6200	YGL069C	0.76139
6201	YGR035C	0.76133
6202	YMR324C	0.76125
6203	YDR088C	0.76123
6204	YFR017C	0.76119
6205	YAL059W	0.76112
6206	YGR107W	0.76058
6207	YOR009W	0.76045
6208	YBR063C	0.76041
6209	YFR001W	0.7604
6210	YBR203W	0.76033
6211	YML108W	0.7602
6212	YDR524C-B	0.76017
6213	YDL186W	0.76007
6214	YLR068W	0.75997
6215	YBR076W	0.75996
6216	YMR057C	0.7599
6217	YJL136W-A	0.75984
6218	YKL156C-A	0.75983
6219	YML058W	0.75982
6220	YCR013C	0.7598
6221	YLR338W	0.75975
6222	YHR143W	0.75971
6223	YMR086C-A	0.75967
6224	YDL169C	0.75951
6225	YER104W	0.75947
6226	YBR201C-A	0.75931
6227	YKL123W	0.75928
6228	YER130C	0.75925
6229	YHR056W-A	0.75919
6230	YGR142W	0.75902
6231	YPL068C	0.75898
6232	YLR221C	0.75884
6233	YGR273C	0.75873
6234	YLR154W-B	0.75865
6235	YFL012W	0.75858
6236	YML112W	0.75855
6237	YPR080W	0.75854
6238	YLR053C	0.75839
6239	YDR249C	0.75834
6240	YOR034C-A	0.75828
6241	YDL130W-A	0.75824
6242	YCR087W	0.75815
6243	YDR525W	0.75812
6244	YJR150C	0.758
6245	YNL176C	0.75796
6246	YGL014C-A	0.75796
6247	YHR054C	0.75774
6248	YER121W	0.75768
6249	YDR227W	0.75767
6250	YBL100C	0.75753
6251	YMR086W	0.75753
6252	YNL144W-A	0.75735
6253	YMR255W	0.75725
6254	YEL075C	0.7572
6255	YDR275W	0.75714
6256	YMR219W	0.75703
6257	YAL003W	0.75685
6258	YPR130C	0.75683
6259	YJL051W	0.7568
6260	YNL162W-A	0.75665
6261	YML057C-A	0.75664
6262	YDR377W	0.75663
6263	YCL058W-A	0.75659
6264	YJR009C	0.75643
6265	YOR102W	0.75638
6266	YGR251W	0.75634
6267	YKL153W	0.75618
6268	YMR272W-A	0.75603
6269	YNL086W	0.75599
6270	YDR457W	0.7559
6271	YBR047W	0.7559
6272	YJR003C	0.75577
6273	YKL156W	0.7557
6274	YOR383C	0.75562
6275	YJL142C	0.7556
6276	YMR270C	0.75547
6277	YHR032W-A	0.75521
6278	YPL152W-A	0.75519
6279	YBR282W	0.75515
6280	YBR050C	0.75509
6281	YKL138C	0.75489
6282	YDR044W	0.7548
6283	YPL089C	0.75465
6284	YBL028C	0.75451
6285	YGR153W	0.75429
6286	YMR193W	0.75415
6287	YJL023C	0.75406
6288	YHR160C	0.75401
6289	YOR044W	0.754
6290	YIL057C	0.754
6291	YPL146C	0.75387
6292	YPR158W	0.75381
6293	YPR170W-B	0.75365
6294	YPL173W	0.75335
6295	YBR141W-A	0.75335
6296	YGL235W	0.75311
6297	YDR010C	0.75292
6298	YPR005C	0.75292
6299	YCR038W-A	0.75275
6300	YNL076W	0.75226
6301	YEL008W	0.75224
6302	YOR372C	0.75223
6303	YLR223C	0.75219
6304	YCR097W-A	0.75217
6305	YIL134C-A	0.75214
6306	YOR082C	0.75174
6307	YGL222C	0.75168
6308	YDL223C	0.75156
6309	YHR180W-A	0.75133
6310	YBL031W	0.75131
6311	YPL136W	0.75122
6312	YER088C-A	0.75108
6313	YGR008C	0.75096
6314	YBL088C	0.75096
6315	YBR071W	0.75078
6316	YPR197C	0.7507
6317	YMR256C	0.75042
6318	YGR126W	0.75024
6319	YGR192C	0.75012
6320	YJL185C	0.74997
6321	YBR121C-A	0.74989
6322	YOR203W	0.74977
6323	YCR063W	0.74976
6324	YMR272W-B	0.74976
6325	YGL072C	0.74946
6326	YLR012C	0.74946
6327	YLR102C	0.74934
6328	YDR028C	0.74933
6329	YLR462W	0.74922
6330	YLL065W	0.74917
6331	YBR140C	0.74899
6332	YOR158W	0.74897
6333	YIL135C	0.7487
6334	YKR012C	0.74868
6335	YJL166W	0.74844
6336	YKR022C	0.7483
6337	YFR035C	0.74826
6338	YJL089W	0.74805
6339	YDL180W	0.74788
6340	YMR037C	0.74778
6341	YPR008W	0.74774
6342	YLL019W-A	0.7477
6343	YKL096W-A	0.74768
6344	YFR034W-A	0.74755
6345	YMR273C	0.74748
6346	YKR077W	0.74737
6347	YOL036W	0.74724
6348	YOR324C	0.74715
6349	YCR006C	0.74695
6350	YOR255W	0.74673
6351	YGL034C	0.74658
6352	YDR119W-A	0.74657
6353	YNL002C	0.7462
6354	YBR194W	0.74606
6355	YGR221C	0.74606
6356	YGL149W	0.74601
6357	YNL028W	0.74587
6358	YML091C	0.74576
6359	YPL121C	0.74571
6360	YKL100W-A	0.74566
6361	YHR213W-A	0.74558
6362	YHR174W	0.74556
6363	YDR223W	0.74524
6364	YLR281C	0.74523
6365	YKL023C-A	0.74514
6366	YDR320W-B	0.7451
6367	YDL081C	0.7451
6368	YGL015C	0.74477
6369	YML009C-A	0.74467
6370	YPL158C	0.74453
6371	YNL074C	0.74447
6372	YML003W	0.74443
6373	YAL025C	0.74438
6374	YJR018W	0.74422
6375	YBR156C	0.74418
6376	YNL067W	0.74414
6377	YHR032C-A	0.74405
6378	YJL199C	0.74382
6379	YPL056C	0.74368
6380	YER124C	0.74326
6381	YER106W	0.74322
6382	YIL047C-A	0.74314
6383	YDR070C	0.74298
6384	YIL058W	0.74275
6385	YOR161W-B	0.74268
6386	YNL081C	0.74229
6387	YJL161W	0.74213
6388	YDL085C-A	0.74178
6389	YIL175W	0.74169
6390	YJL222W-B	0.74169
6391	YOR343C	0.74168
6392	YMR206W	0.74167
6393	YPL251W	0.74126
6394	YER035W	0.74121
6395	YDR528W	0.74092
6396	YHR014W	0.7409
6397	YPR145C-A	0.74048
6398	YDL181W	0.74046
6399	YNR037C	0.74041
6400	YNL233W	0.74015
6401	YDR239C	0.74
6402	YKL105C	0.73995
6403	YBR095C	0.73981
6404	YJL136C	0.73973
6405	YFL015W-A	0.73966
6406	YBR211C	0.73962
6407	YPL267W	0.73947
6408	YHR061C	0.73945
6409	YLR255C	0.73932
6410	YDR022C	0.73911
6411	YMR174C	0.73906
6412	YIR023C-A	0.73903
6413	YER167W	0.73902
6414	YFL031C-A	0.73863
6415	YNR010W	0.73856
6416	YBR045C	0.73841
6417	YJL175W	0.7383
6418	YBR090C	0.73822
6419	YGR076C	0.73821
6420	YML109W	0.73802
6421	YNL096C	0.73793
6422	YAL037C-B	0.73766
6423	YDR186C	0.7376
6424	YPL223C	0.73759
6425	YOR045W	0.73754
6426	YHR180C-B	0.73749
6427	YFR052C-A	0.73746
6428	YJL133C-A	0.73739
6429	YMR136W	0.73733
6430	YIL032C	0.7373
6431	YNL188W	0.73724
6432	YKL170W	0.73704
6433	YLR049C	0.73667
6434	YAR035C-A	0.73626
6435	YJL052C-A	0.73601
6436	YDR480W	0.73595
6437	YML119W	0.73591
6438	YEL008C-A	0.73589
6439	YNL078W	0.73576
6440	YDR085C	0.73563
6441	YHL015W-A	0.73561
6442	YOR008W-B	0.73538
6443	YCL023C	0.73533
6444	YLR235C	0.73496
6445	YJL147C	0.73481
6446	YLR112W	0.73437
6447	YKL111C	0.73431
6448	YPL271W	0.73397
6449	YHR021C	0.73374
6450	YOL106W	0.73355
6451	YOR072W-A	0.73307
6452	YLR340W	0.73291
6453	YGL147C	0.73267
6454	YPL124W	0.73265
6455	YOR210W	0.73262
6456	YDR467C	0.7314
6457	YIL100C-A	0.73082
6458	YLR236C	0.73081
6459	YPL229W	0.73068
6460	YJL028W	0.73066
6461	YGR139W	0.73052
6462	YCR024C-B	0.73052
6463	YER033C	0.73025
6464	YKL109W	0.72993
6465	YDR418W	0.7297
6466	YEL054C	0.7297
6467	YEL059W	0.72961
6468	YML006C	0.72936
6469	YPL131W	0.72927
6470	YGR214W	0.72893
6471	YJL119C	0.7287
6472	YNL146W	0.72869
6473	YGL030W	0.7286
6474	YLR331C	0.72856
6475	YPL180W	0.72815
6476	YNL057W	0.72697
6477	YIL152W	0.72683
6478	YDR494W	0.72678
6479	Q0010	0.72676
6480	YLR009W	0.72657
6481	YPL159C	0.72636
6482	YBR285W	0.72629
6483	YER088W-B	0.72627
6484	YDR309C	0.72608
6485	YMR252C	0.72582
6486	YOR335W-A	0.72579
6487	YOR315W	0.72571
6488	YPR059C	0.72566
6489	YFL034C-A	0.72536
6490	YJL027C	0.72532
6491	YOR055W	0.72521
6492	YER079C-A	0.7252
6493	YOR369C	0.72493
6494	YGL036W	0.72457
6495	YBR056C-B	0.72431
6496	YCR045W-A	0.72424
6497	YMR181C	0.72406
6498	YLR156C-A	0.72376
6499	YLR157C-C	0.72376
6500	YLR159C-A	0.72376
6501	YLR154C-H	0.72376
6502	YKL053W	0.7237
6503	YKR057W	0.72322
6504	YMR230W-A	0.72317
6505	YLR379W-A	0.72285
6506	YLR257W	0.72275
6507	YLR167W	0.7224
6508	YDR134C	0.72237
6509	YLL044W	0.72206
6510	YLR367W	0.72201
6511	YER158W-A	0.72185
6512	YFR036W	0.72185
6513	YHR185C	0.72152
6514	YJL190C	0.72117
6515	YHR072W-A	0.72036
6516	YPR126C	0.72014
6517	YPL118W	0.71968
6518	YHR143W-A	0.71955
6519	YGR236C	0.7192
6520	Q0182	0.71877
6521	YBL081W	0.71851
6522	YLR457C	0.71823
6523	YKL031W	0.71815
6524	YKL097C	0.71813
6525	YGR209C	0.71723
6526	YFR012W-A	0.71717
6527	YLR043C	0.71707
6528	YMR286W	0.717
6529	YOR279C	0.71683
6530	YGR215W	0.7166
6531	YER067W	0.71659
6532	YGL170C	0.71651
6533	YLR347W-A	0.71637
6534	YER180C	0.71626
6535	YOR161W-A	0.71625
6536	YPR083W	0.71624
6537	YDR154C	0.71616
6538	YER032W	0.71529
6539	YPR087W	0.71523
6540	Q0144	0.71522
6541	YBR009C	0.71462
6542	YOR309C	0.71444
6543	YDR447C	0.71411
6544	YOR150W	0.71387
6545	YLR048W	0.71335
6546	YLR280C	0.71332
6547	YKL099C	0.71319
6548	YAR020C	0.71152
6549	YOR096W	0.71145
6550	YBL006W-A	0.71058
6551	YIR025W	0.71003
6552	YEL033W	0.70973
6553	YML024W	0.70829
6554	YEL045C	0.70654
6555	YER153C	0.70607
6556	YKR075C	0.70607
6557	YBR010W	0.70594
6558	YGR085C	0.70586
6559	YLL045C	0.70572
6560	YDL130W	0.70521
6561	YFL014W	0.70378
6562	YER079W	0.70252
6563	YMR143W	0.70247
6564	YDL083C	0.70247
6565	YCR050C	0.70126
6566	YOL085C	0.69944
6567	YPL198W	0.69922
6568	YHR087W	0.69899
6569	YGL123W	0.69894
6570	YCL041C	0.69667
6571	YPR102C	0.69639
6572	YLR261C	0.69593
6573	YBR157C	0.69539
6574	YPR064W	0.69523
6575	YPL143W	0.69434
6576	YNL097W-A	0.69388
6577	YKL056C	0.69384
6578	YOL109W	0.6938
6579	YOR234C	0.6931
6580	YOR268C	0.69301
6581	Q0297	0.69236
6582	YOR105W	0.69228
6583	Q0140	0.6908
6584	YLR262C-A	0.69034
6585	YLR150W	0.69026
6586	YHL033C	0.69011
6587	YDL007C-A	0.68994
6588	YMR081C	0.68931
6589	YBR031W	0.68882
6590	YBR138C	0.68842
6591	YLR110C	0.68749
6592	YMR175W	0.68686
6593	YDR012W	0.6867
6594	YGL076C	0.68412
6595	YLR264W	0.68333
6596	YAL064W-B	0.6824
6597	YML026C	0.68196
6598	YDR450W	0.68196
6599	YGR022C	0.68163
6600	YDR064W	0.68159
6601	YLR075W	0.68149
6602	YGR146C	0.68114
6603	YOL039W	0.68095
6604	YPL037C	0.6807
6605	YOR167C	0.68045
6606	YLR154C-G	0.68017
6607	YLR412C-A	0.67741
6608	YPR160W-A	0.67607
6609	YMR316C-B	0.67572
6610	YJR094C	0.67496
6611	YOR053W	0.67353
6612	Q0092	0.6732
6613	YOR248W	0.67235
6614	YER126C	0.67176
6615	YLR061W	0.67163
6616	YNL140C	0.6716
6617	YGL029W	0.67091
6618	YLR325C	0.6708
6619	YGR169C-A	0.66959
6620	YBR223W-A	0.66949
6621	YDR133C	0.66934
6622	YJR145C	0.66922
6623	YHR203C	0.66922
6624	YLR363W-A	0.66687
6625	Q0032	0.66684
6626	YMR242C	0.66678
6627	YOR312C	0.66678
6628	YBR126W-B	0.66654
6629	YMR173W-A	0.66599
6630	YLR279W	0.66523
6631	YBR230W-A	0.66386
6632	YGR027C	0.66342
6633	YML073C	0.65894
6634	YLR448W	0.65616
6635	YLR333C	0.6546
6636	YOL121C	0.65249
6637	YNL069C	0.65034
6638	YML063W	0.64895
6639	YBL087C	0.6489
6640	YER117W	0.6489
6641	YLR388W	0.64767
6642	YDR382W	0.64712
6643	YJR123W	0.64669
6644	YNL302C	0.64534
6645	YLR441C	0.64245
6646	YDL136W	0.63995
6647	YDL191W	0.63995
6648	YKL145W-A	0.63936
6649	YDR471W	0.6391
6650	YHR010W	0.639
6651	YJL189W	0.63733
6652	YJL191W	0.63711
6653	YJR005C-A	0.6334
6654	YEL032C-A	0.63222
6655	YHL001W	0.63135
6656	YKL006W	0.63117
6657	YDR025W	0.63028
6658	YBR048W	0.63028
6659	YCR031C	0.62965
6660	YBR113W	0.62845
6661	YPL079W	0.62779
6662	YHR054C-B	0.62773
6663	YHR052C-B	0.62773
6664	YGL103W	0.62593
6665	YDR193W	0.62554
6666	YGR118W	0.625
6667	YPR132W	0.625
6668	YGL031C	0.62442
6669	YDL061C	0.62223
6670	YGR151C	0.62178
6671	YIL052C	0.62162
6672	YPL081W	0.62126
6673	YBR191W	0.62115
6674	YDL075W	0.62079
6675	YER056C-A	0.61993
6676	YFR031C-A	0.61627
6677	YIL018W	0.61627
6678	YLR406C	0.61619
6679	YOL040C	0.61425
6680	YIL100W	0.61371
6681	YMR194W	0.61333
6682	YER102W	0.61276
6683	YBL072C	0.61276
6684	YBR189W	0.61229
6685	YIL133C	0.60916
6686	YOL127W	0.60839
6687	YPL249C-A	0.60245
6688	YGR148C	0.60202
6689	YPL090C	0.60051
6690	YBR181C	0.60051
6691	YNL178W	0.59749
6692	YIL069C	0.59284
6693	YER074W	0.59284
6694	YDR500C	0.59238
6695	YML009C	0.57966
6696	YOR063W	0.57307
6697	YOL120C	0.57156
6698	YNL301C	0.57156
6699	YLR185W	0.57027
6700	YLR344W	0.56721
6701	YBL092W	0.5664
6702	YFR032C-A	0.56624
6703	YNL162W	0.56356
6704	YHR141C	0.56356
6705	YGL189C	0.56272
6706	YER131W	0.56265
6707	YGR034W	0.56224
6708	YLR029C	0.56013
6709	YMR121C	0.55729
6710	YLR437C-A	0.55725
6711	YBL027W	0.55042
6712	YBR084C-A	0.55042
6713	YDR433W	0.5421
6714	YLR287C-A	0.53939
6715	YOR182C	0.53939
6716	YIL046W-A	0.53868
6717	YDL082W	0.53831
6718	YJL177W	0.53564
6719	YHR214W-A	0.53117
6720	YKL180W	0.5302
6721	YMR142C	0.52905
6722	YAR068W	0.52601
6723	YJR094W-A	0.49165
6724	YPR043W	0.49165
6725	YML009W-B	0.462
6726	YDL184C	0.4294
6727	YDL133C-A	0.4294
6728	YMR106W-A	0.32728
6729	YFR035W-A	0.32728
6730	YGR016C-A	0.32728
6731	YNL155C-A	0.32728
6732	YDL204W-A	0.32728
6733	YNL040C-A	0.32728
