rank	yeast_gene	cosine
1	YLR229C	0.93631
2	YEL027W	0.92674
3	YOR378W	0.92664
4	YKR059W	0.92627
5	YER072W	0.92617
6	YFL039C	0.92175
7	YBL026W	0.92081
8	YPR165W	0.92032
9	YNR032C-A	0.92019
10	YGL008C	0.91832
11	YEL026W	0.91824
12	YPL036W	0.91573
13	YPL266W	0.91513
14	YDL192W	0.91375
15	YGL225W	0.91307
16	YFL066C	0.91208
17	YNL006W	0.91017
18	YDR091C	0.90858
19	YKL218C	0.90844
20	YAL064C-A	0.90733
21	YGL255W	0.90727
22	YDR343C	0.90725
23	YJL108C	0.90669
24	YBL030C	0.90612
25	YDR342C	0.90605
26	YPR182W	0.90603
27	YGL256W	0.90466
28	YDR345C	0.90441
29	YPL086C	0.90421
30	YJR065C	0.90416
31	YHR092C	0.90391
32	YLR134W	0.9034
33	YDL137W	0.90325
34	YER025W	0.90305
35	YLR044C	0.90295
36	YOL086C	0.90209
37	YDL229W	0.90206
38	YNL209W	0.90118
39	YMR303C	0.89875
40	YHL016C	0.89846
41	YAL038W	0.89842
42	YER009W	0.89814
43	YOR061W	0.89802
44	YBR164C	0.89778
45	YLL024C	0.89754
46	YJR159W	0.89651
47	YDR129C	0.89616
48	YKL190W	0.89613
49	YLL050C	0.89603
50	YJL213W	0.89601
51	YBL016W	0.89559
52	YKL152C	0.89547
53	YDL246C	0.89542
54	YLR113W	0.89539
55	YHR128W	0.89537
56	YHL047C	0.89522
57	YKL196C	0.8946
58	YDL168W	0.89451
59	YER148W	0.89434
60	YAL005C	0.89425
61	YPR016C	0.89416
62	YHR094C	0.89404
63	YGR252W	0.89387
64	YHR096C	0.89333
65	YER177W	0.89329
66	YDR155C	0.89305
67	YER103W	0.89303
68	YMR011W	0.89299
69	YER060W-A	0.89294
70	YDL055C	0.89279
71	YOR046C	0.89262
72	YNL189W	0.89219
73	YDR540C	0.89139
74	YBR085W	0.89134
75	YER039C	0.89093
76	YJL214W	0.89083
77	YGL091C	0.89082
78	YLR081W	0.89077
79	YER081W	0.89049
80	YDR021W	0.89048
81	YPL218W	0.89037
82	YDL245C	0.89002
83	YDR353W	0.89001
84	YFL045C	0.88957
85	YMR290C	0.88937
86	YJR158W	0.88928
87	YNL290W	0.8891
88	YOL094C	0.88909
89	YBR160W	0.88908
90	YNR053C	0.88888
91	YHL040C	0.888
92	YKR039W	0.88798
93	YLR147C	0.88777
94	YFL011W	0.88727
95	YBL075C	0.8869
96	YLR359W	0.88685
97	YJL026W	0.88685
98	YIL170W	0.88601
99	YLR167W	0.88579
100	YJL190C	0.88566
101	YNL090W	0.88546
102	YNL244C	0.88502
103	YNL135C	0.88498
104	YDL166C	0.88472
105	YDL126C	0.88467
106	YER178W	0.8846
107	YDL047W	0.88459
108	YIL074C	0.8843
109	YLR303W	0.8842
110	YHR018C	0.88409
111	YJL050W	0.88405
112	YBL112C	0.88404
113	YHR218W-A	0.88404
114	YEL069C	0.88396
115	YOL156W	0.8839
116	YBR145W	0.8839
117	YCR010C	0.88383
118	YKL024C	0.88382
119	YGR231C	0.88361
120	YNR072W	0.88353
121	YLR367W	0.88348
122	YEL066W	0.883
123	YMR109W	0.88297
124	YLL018C	0.88291
125	YBR143C	0.88284
126	YER056C	0.88283
127	YER060W	0.88228
128	YNL104C	0.88226
129	YDL006W	0.88222
130	YFL058W	0.8818
131	YMR146C	0.88141
132	YNL332W	0.88123
133	YOR122C	0.881
134	YOR257W	0.8809
135	YFL017W-A	0.88086
136	YJL219W	0.8808
137	YDR341C	0.8807
138	YOR153W	0.88046
139	YBR249C	0.88038
140	YJL034W	0.87951
141	YPL203W	0.87946
142	YDR454C	0.87924
143	YJR156C	0.87894
144	YDL244W	0.87891
145	YOR094W	0.87889
146	YCR012W	0.87888
147	YGR210C	0.87859
148	YJL014W	0.87848
149	YEL013W	0.87802
150	YNL142W	0.87792
151	YJR077C	0.8778
152	YBR261C	0.87773
153	YER094C	0.87758
154	YDR099W	0.87755
155	YPR138C	0.87736
156	YOR347C	0.87684
157	YCR098C	0.87681
158	YEL021W	0.87674
159	YMR246W	0.8767
160	YMR015C	0.87667
161	YIL143C	0.87658
162	YPR183W	0.87656
163	YKL129C	0.87614
164	YDL084W	0.876
165	YOL133W	0.87585
166	YJR007W	0.87576
167	YPL028W	0.87559
168	YOL143C	0.87547
169	YHR007C	0.87512
170	YHR106W	0.87495
171	YDR050C	0.87491
172	YGR087C	0.87439
173	YML012W	0.87431
174	YPL234C	0.87424
175	YEL034W	0.87388
176	YJR105W	0.87386
177	YDR339C	0.87383
178	YBR252W	0.8736
179	YDR226W	0.87345
180	YPL106C	0.8734
181	YJL164C	0.87322
182	YGL062W	0.87318
183	YMR079W	0.87317
184	YDR059C	0.87295
185	YFL055W	0.87294
186	YBR241C	0.87292
187	YGR121C	0.8729
188	YNL112W	0.87275
189	YMR108W	0.87266
190	YER107C	0.87263
191	YKR094C	0.87259
192	YIL148W	0.87259
193	YDR075W	0.87223
194	YJL167W	0.87206
195	YLR249W	0.87203
196	YGL011C	0.87191
197	YPR173C	0.87186
198	YJR148W	0.87184
199	YOL151W	0.87179
200	YBR082C	0.87177
201	YDR373W	0.87174
202	YOR293W	0.87145
203	YLR438C-A	0.87142
204	YER057C	0.87135
205	YFL026W	0.87112
206	YPL220W	0.87111
207	YGL135W	0.87111
208	YCL017C	0.87104
209	YJR153W	0.87095
210	YER179W	0.87086
211	YER069W	0.8708
212	YLR293C	0.87049
213	YPL058C	0.87047
214	YDR406W	0.87039
215	YGL001C	0.87019
216	YIL078W	0.87018
217	YPL061W	0.86996
218	YNL014W	0.86961
219	YKL033W-A	0.86924
220	YGR132C	0.86924
221	YJR104C	0.86918
222	YKL216W	0.86911
223	YHR183W	0.86894
224	YLR340W	0.8687
225	YBL071W-A	0.86859
226	YPR080W	0.86846
227	YHR174W	0.86845
228	YMR143W	0.86844
229	YDL083C	0.86844
230	YLR208W	0.86842
231	YML123C	0.86833
232	YDR536W	0.8681
233	YOR204W	0.86801
234	YLR158C	0.86794
235	YLR155C	0.86794
236	YLR160C	0.86794
237	YLR157C	0.86794
238	YFR053C	0.86783
239	YLR175W	0.86771
240	YMR230W	0.86765
241	YBR298C	0.86763
242	YMR034C	0.86755
243	YJL121C	0.86722
244	YJL001W	0.86709
245	YGR040W	0.86707
246	YMR056C	0.86672
247	YLR153C	0.86642
248	YLL056C	0.86639
249	YNR050C	0.86634
250	YOR159C	0.86609
251	YGL253W	0.86598
252	YPR033C	0.86594
253	YOR108W	0.86588
254	YML018C	0.86581
255	YJR047C	0.86571
256	YNL010W	0.86545
257	YEL063C	0.8654
258	YNL330C	0.86539
259	YEL051W	0.86532
260	YJR045C	0.86523
261	YGR254W	0.86484
262	YKR080W	0.86479
263	YNL268W	0.86479
264	YJR025C	0.86463
265	YGL210W	0.86462
266	YMR260C	0.86451
267	YLR438W	0.86445
268	YMR300C	0.86433
269	YOR185C	0.86432
270	YER171W	0.86417
271	YBR218C	0.86413
272	YDR510W	0.86403
273	YOL162W	0.86402
274	Q0130	0.86367
275	YPR204W	0.86367
276	YDL022W	0.86364
277	YER031C	0.86361
278	YLR058C	0.86344
279	YLR200W	0.86329
280	YPR192W	0.86308
281	YEL046C	0.86291
282	YPR062W	0.86276
283	YOR327C	0.86266
284	YGR282C	0.86249
285	YER055C	0.86233
286	YMR318C	0.86227
287	YML008C	0.86205
288	YER012W	0.86203
289	YML102W	0.86167
290	YNR002C	0.86164
291	YOR270C	0.86156
292	YGR256W	0.86155
293	YGR123C	0.8615
294	YOR224C	0.86144
295	YLR234W	0.86134
296	YBR089C-A	0.8612
297	YOR323C	0.86108
298	YEL065W	0.86106
299	YBR109C	0.86101
300	YBR196C	0.8607
301	YBL091C	0.86068
302	YCR057C	0.86058
303	YKR002W	0.86046
304	YNL191W	0.86045
305	YBR296C	0.85999
306	YAL012W	0.85981
307	YER052C	0.85977
308	YDL182W	0.85976
309	YEL031W	0.85947
310	YOL038W	0.85944
311	YNL241C	0.85935
312	YML001W	0.85924
313	YGL157W	0.85923
314	YPR035W	0.85909
315	YKL148C	0.85907
316	YPR052C	0.85879
317	YGR218W	0.8587
318	YKL146W	0.85866
319	YBR154C	0.85862
320	YDL108W	0.8586
321	YER007C-A	0.85855
322	YMR116C	0.85846
323	YPR113W	0.85843
324	YER133W	0.85829
325	YDR232W	0.85829
326	YNL274C	0.85808
327	YGL070C	0.85803
328	YFL056C	0.85793
329	YLR028C	0.85781
330	YMR226C	0.8577
331	YHR200W	0.85743
332	YBL078C	0.85736
333	YDR185C	0.85735
334	YNL270C	0.85722
335	YAR073W	0.85716
336	YNL202W	0.85712
337	YPL276W	0.85697
338	YGR043C	0.85689
339	YBR169C	0.85676
340	YHR208W	0.85666
341	YBR106W	0.8566
342	YHR057C	0.8565
343	YFR044C	0.85646
344	YIR042C	0.85631
345	YBR187W	0.85614
346	YPR069C	0.85593
347	YHR030C	0.85566
348	YIL142W	0.85561
349	YMR279C	0.85548
350	YBR222C	0.85539
351	YJR068W	0.85483
352	YFL038C	0.8548
353	YDR011W	0.85479
354	YER095W	0.8545
355	YCR073W-A	0.85447
356	YOL158C	0.85444
357	YJL045W	0.85443
358	YIR035C	0.85437
359	YPL119C	0.85434
360	YBR121C	0.85426
361	YAL061W	0.85421
362	YDL208W	0.85412
363	YCR047C	0.85366
364	YGL097W	0.85351
365	YDR404C	0.85324
366	YPR102C	0.85321
367	YNL331C	0.85321
368	YAL020C	0.85315
369	YDR002W	0.85313
370	YGR085C	0.85309
371	YLR355C	0.85305
372	YOR157C	0.85302
373	YJR139C	0.85292
374	YIL009W	0.85284
375	YDR023W	0.85275
376	YIL003W	0.8527
377	YGR105W	0.8524
378	YPL281C	0.85236
379	YOR393W	0.85236
380	YGL039W	0.85231
381	YGL221C	0.85224
382	YGL026C	0.85223
383	YPR086W	0.85216
384	YLR130C	0.85197
385	YER073W	0.85184
386	YOR388C	0.85176
387	YAL060W	0.85165
388	YBR221C	0.85136
389	YOL021C	0.85131
390	YNL259C	0.85055
391	YDL134C	0.85032
392	YLR193C	0.85014
393	YKL067W	0.84974
394	YIL020C	0.84973
395	YLR244C	0.84965
396	YMR083W	0.84956
397	YLR347C	0.84947
398	YMR323W	0.84939
399	YBR080C	0.84937
400	YDR238C	0.84931
401	YLR289W	0.84916
402	YOR348C	0.8491
403	YAR002C-A	0.84909
404	YDL243C	0.84906
405	YER036C	0.84898
406	YLR354C	0.84878
407	YDR267C	0.84873
408	YMR241W	0.84841
409	YNL335W	0.84814
410	YFL061W	0.84814
411	YGR211W	0.84803
412	YER062C	0.84799
413	YHR070W	0.84783
414	YNR026C	0.84773
415	YDL097C	0.84757
416	YDR533C	0.84754
417	YDR001C	0.84747
418	YPL051W	0.84744
419	YPL093W	0.84735
420	YHL011C	0.84722
421	YBL041W	0.84719
422	YIR036C	0.84714
423	YOR317W	0.84697
424	YJR009C	0.84691
425	YFR055W	0.84689
426	YML069W	0.84687
427	YOR133W	0.84665
428	YMR120C	0.84628
429	YAL026C	0.84624
430	YDR158W	0.84614
431	YOR089C	0.84603
432	YEL030W	0.84599
433	YHR110W	0.84581
434	YJR160C	0.84581
435	YGR191W	0.84574
436	YJR095W	0.84568
437	YIL116W	0.84564
438	YLR170C	0.84559
439	YGL087C	0.84555
440	YEL077C	0.84552
441	YDR424C	0.84552
442	YPR110C	0.84546
443	YKL217W	0.84513
444	YLR433C	0.84508
445	YCL018W	0.84503
446	YNL064C	0.84491
447	YOR328W	0.84489
448	YJL008C	0.84487
449	YGR289C	0.84479
450	YLR237W	0.84466
451	YJL052W	0.84459
452	YAL030W	0.84446
453	YOL097C	0.84436
454	YGR192C	0.84436
455	YER099C	0.84422
456	YOR197W	0.8442
457	YGR207C	0.84407
458	YMR292W	0.84387
459	YKR057W	0.84385
460	YOR161C	0.84378
461	YKL104C	0.84372
462	YOR298C-A	0.84368
463	YLR420W	0.84362
464	YLR466W	0.84351
465	YMR205C	0.84332
466	YGR253C	0.84327
467	YNL098C	0.84323
468	YOR375C	0.84312
469	YGL137W	0.84306
470	YGL120C	0.84294
471	YJL136C	0.84294
472	YIL053W	0.84272
473	YDR519W	0.84268
474	YDL014W	0.84262
475	YFL005W	0.8425
476	YLR172C	0.84242
477	YPL031C	0.84228
478	YNL255C	0.84203
479	YDL210W	0.84194
480	YGL078C	0.8419
481	YJL030W	0.84165
482	YMR307W	0.84164
483	YGL167C	0.84164
484	YBR046C	0.84157
485	YDR196C	0.84157
486	YLR092W	0.84152
487	YGR185C	0.84149
488	YGL030W	0.84142
489	YDL125C	0.84134
490	YJR145C	0.84115
491	YHR203C	0.84115
492	YBR126C	0.84114
493	YEL042W	0.84113
494	YPR051W	0.8411
495	YGR060W	0.84093
496	YOR202W	0.84089
497	YLR069C	0.84083
498	YBR263W	0.84079
499	YJL012C	0.84076
500	YMR236W	0.84063
501	YBR019C	0.84051
502	YMR315W	0.84044
503	Q0275	0.8404
504	YJL055W	0.84037
505	YDR046C	0.84035
506	YGR286C	0.84035
507	YDL064W	0.84034
508	YER023W	0.8403
509	YPL129W	0.84027
510	YCL025C	0.84024
511	YOL066C	0.8402
512	YJL143W	0.84004
513	YML028W	0.83997
514	YHR148W	0.83979
515	YPL111W	0.83965
516	YDL131W	0.83951
517	YEL058W	0.83949
518	YDR032C	0.83943
519	YER020W	0.83933
520	YLR259C	0.83921
521	YNL108C	0.83909
522	YAL062W	0.83899
523	YAR015W	0.83899
524	YGL115W	0.83895
525	YLR034C	0.83891
526	YMR222C	0.83878
527	YNR073C	0.83876
528	YEL070W	0.83876
529	YGR055W	0.83874
530	YJL217W	0.8387
531	YNL277W	0.83866
532	YBL076C	0.83863
533	YOR187W	0.83852
534	YHR019C	0.83823
535	YCL009C	0.83816
536	YHR163W	0.83806
537	YDL222C	0.83798
538	YER119C	0.83798
539	YPL246C	0.83797
540	YIL043C	0.83794
541	YDR541C	0.83791
542	YPR074C	0.83778
543	YAL023C	0.83761
544	YBR114W	0.8376
545	YNR070W	0.8375
546	YDR040C	0.83733
547	YDL001W	0.83715
548	YGL103W	0.83704
549	YGR175C	0.83683
550	YKL166C	0.83682
551	YLR186W	0.83675
552	YLR070C	0.83673
553	YLR348C	0.83671
554	YDR039C	0.8367
555	YDR086C	0.8367
556	YCR009C	0.83663
557	YGR208W	0.83651
558	YPL175W	0.83651
559	YDR045C	0.8365
560	YML078W	0.83646
561	YLL060C	0.83627
562	YNL123W	0.8362
563	YDR304C	0.83585
564	YHR064C	0.83563
565	YKL210W	0.83552
566	YMR243C	0.83523
567	YOL058W	0.83509
568	YHR068W	0.83508
569	YPR176C	0.83507
570	YOL030W	0.83491
571	YLR011W	0.8349
572	YJL218W	0.83485
573	YHR169W	0.83462
574	YPL235W	0.83457
575	YPL244C	0.83448
576	YGR020C	0.83428
577	YJR073C	0.83424
578	YER086W	0.83411
579	YDL029W	0.8341
580	YNL096C	0.83398
581	YGL048C	0.83398
582	YLR245C	0.83383
583	YJR143C	0.83381
584	YBL036C	0.83379
585	YMR202W	0.83378
586	YJR152W	0.83371
587	YLR258W	0.8337
588	YER053C	0.83355
589	YNR003C	0.83353
590	YHR218W	0.83348
591	YGL211W	0.83343
592	YDR038C	0.8334
593	YDL095W	0.83335
594	YGR279C	0.83334
595	YKL127W	0.83325
596	YDR368W	0.83324
597	YFR047C	0.83323
598	YDR294C	0.83319
599	YBR294W	0.83313
600	YER117W	0.83311
601	YBL087C	0.83311
602	YDL144C	0.83298
603	YER125W	0.83296
604	YBL024W	0.83295
605	YNR064C	0.83287
606	YER165W	0.83271
607	YML124C	0.83264
608	YBR117C	0.83259
609	YGL077C	0.83257
610	YNL264C	0.83253
611	YPR041W	0.83249
612	YLR304C	0.83243
613	YLL053C	0.83241
614	YER166W	0.83239
615	YDR190C	0.83224
616	YLR397C	0.83212
617	YGR209C	0.832
618	YMR305C	0.83195
619	YJR049C	0.83186
620	YEL011W	0.83171
621	YDR139C	0.83166
622	YOR096W	0.83161
623	YNL231C	0.83158
624	YMR105C	0.83157
625	YDR092W	0.83152
626	YFL053W	0.83151
627	YDL086W	0.8314
628	YGL058W	0.83122
629	YOR027W	0.83121
630	YNR034W	0.83104
631	YOL164W	0.83102
632	YDR037W	0.83099
633	YDL188C	0.83095
634	YHR074W	0.83088
635	YKR038C	0.83088
636	YCR105W	0.83088
637	YPL245W	0.83083
638	YGR152C	0.83067
639	YML057W	0.83056
640	YGL200C	0.83052
641	YPR103W	0.83048
642	YPL231W	0.83047
643	YLR060W	0.83046
644	YBR078W	0.83045
645	YPR132W	0.83044
646	YGR118W	0.83044
647	YGL054C	0.83033
648	YKL220C	0.8303
649	YBR234C	0.83005
650	YOL084W	0.82997
651	YLL063C	0.82996
652	YKR093W	0.82988
653	YOR381W	0.82978
654	YIL121W	0.82974
655	YDR047W	0.82966
656	YHR065C	0.82966
657	YGR281W	0.82965
658	YLR432W	0.82964
659	YKR042W	0.82951
660	YBR127C	0.82929
661	YPR145W	0.82918
662	YAL054C	0.82916
663	YEL071W	0.82914
664	YBR054W	0.82912
665	YML085C	0.82911
666	YDL100C	0.82905
667	YIL094C	0.82892
668	YDL164C	0.82888
669	YER110C	0.82875
670	YBL022C	0.82858
671	YFL018C	0.82848
672	YDR062W	0.82848
673	YOR142W	0.82847
674	YPR108W	0.8284
675	YPL237W	0.82837
676	YGR155W	0.82836
677	YOR362C	0.82834
678	YOR369C	0.82833
679	YJL111W	0.82828
680	YML116W	0.82825
681	YNL288W	0.8281
682	YOR099W	0.82798
683	YAL049C	0.82789
684	YKL164C	0.82783
685	YDL247W	0.82774
686	YCL073C	0.82771
687	YPL265W	0.82748
688	YEL039C	0.82748
689	YGR019W	0.82724
690	YDR453C	0.82724
691	YLL067C	0.82697
692	YJR069C	0.82696
693	YIL164C	0.82694
694	YOR321W	0.82691
695	YIR037W	0.8269
696	YFR004W	0.82686
697	YDL128W	0.82674
698	YER043C	0.82674
699	YOR380W	0.82671
700	YFR009W	0.82652
701	YKL001C	0.8264
702	YHR042W	0.82639
703	YAR062W	0.82636
704	YHR213W	0.82636
705	YMR266W	0.82635
706	YOR128C	0.8263
707	YBR020W	0.82628
708	YCR021C	0.82625
709	YOL122C	0.82625
710	YIL160C	0.82615
711	YDR033W	0.82599
712	YKR106W	0.82585
713	YBL068W	0.82576
714	YJL198W	0.82565
715	YPL131W	0.82564
716	YPL135W	0.82556
717	YER159C	0.82549
718	YML056C	0.82537
719	YDR090C	0.82528
720	YHL050C	0.82493
721	YDL102W	0.82491
722	YPR193C	0.82488
723	YCL040W	0.82485
724	YMR235C	0.8247
725	YML024W	0.82469
726	YJR155W	0.82469
727	YOR095C	0.82459
728	YJR063W	0.82458
729	YDR375C	0.82456
730	YPL154C	0.8243
731	YDR116C	0.8243
732	YDR447C	0.82414
733	YDR276C	0.82412
734	YLR195C	0.82412
735	YGL022W	0.8241
736	YOL005C	0.82407
737	YHR029C	0.82402
738	YNL138W	0.82382
739	YER190W	0.82376
740	YHR044C	0.82372
741	YGR248W	0.82372
742	YML080W	0.8237
743	YGL234W	0.82365
744	YDR497C	0.82353
745	YEL064C	0.82347
746	YHR050W	0.82331
747	YER089C	0.82316
748	YIL035C	0.82314
749	YDR388W	0.82308
750	YGR234W	0.82306
751	YDR394W	0.82303
752	YMR203W	0.82297
753	YMR217W	0.82296
754	YER185W	0.82295
755	YBL039C	0.82295
756	YKL046C	0.82294
757	YNL113W	0.82289
758	YGL099W	0.8227
759	YBR286W	0.82269
760	YLR268W	0.82264
761	YBL003C	0.82256
762	YGL119W	0.82247
763	YOR131C	0.82244
764	YMR186W	0.82243
765	YBR159W	0.82239
766	YDR321W	0.82238
767	YPL013C	0.82234
768	YDR225W	0.82228
769	YNL134C	0.82225
770	YBL111C	0.82196
771	YKR026C	0.82193
772	YBR006W	0.82191
773	YLR005W	0.82187
774	YPL264C	0.82182
775	YPL091W	0.82172
776	YOR192C	0.82157
777	YOR283W	0.82154
778	YIL052C	0.82147
779	YPL160W	0.82143
780	YNL055C	0.82141
781	YMR169C	0.82141
782	YFR015C	0.82141
783	YOL139C	0.82136
784	YLR027C	0.82131
785	YHR216W	0.82125
786	YER056C-A	0.82121
787	YLR216C	0.82108
788	YER145C	0.82103
789	YBR038W	0.82102
790	YLR330W	0.821
791	YPL275W	0.82094
792	YNR060W	0.82078
793	YHR170W	0.82077
794	YNL067W	0.82076
795	YKL060C	0.82065
796	YBR088C	0.82055
797	YMR314W	0.82038
798	YBR132C	0.82036
799	YPL240C	0.82035
800	YDL160C	0.82033
801	YOL055C	0.82025
802	YGR240C	0.82019
803	YGL147C	0.82018
804	YJL159W	0.82012
805	YJR070C	0.82001
806	YGR180C	0.81991
807	YLR384C	0.8199
808	YIR028W	0.81984
809	YGR173W	0.81984
810	YPL259C	0.81983
811	YJR124C	0.81982
812	YKL213C	0.81979
813	YPL199C	0.81976
814	YER091C	0.8197
815	YHR179W	0.8197
816	YDR508C	0.81962
817	YMR221C	0.81957
818	YDR300C	0.81953
819	YIR027C	0.81953
820	YBR031W	0.81951
821	YPL274W	0.81941
822	YNR055C	0.81928
823	YOR259C	0.81928
824	YIL048W	0.81918
825	YJL033W	0.8191
826	YLL028W	0.8189
827	YDR012W	0.81888
828	YBL099W	0.81879
829	YKL094W	0.81863
830	YBL042C	0.81859
831	YCL035C	0.81858
832	YBR034C	0.81857
833	YEL054C	0.81854
834	YDR418W	0.81854
835	YGR267C	0.81844
836	YNL125C	0.8184
837	YLR277C	0.81839
838	YAR050W	0.8183
839	YOR226C	0.81827
840	YPR181C	0.81827
841	YFR014C	0.81811
842	YML022W	0.81804
843	YEL038W	0.81802
844	YJL094C	0.81795
845	YJR058C	0.81781
846	YCR020C-A	0.81781
847	YKL069W	0.81776
848	YKL113C	0.81776
849	YGL002W	0.81775
850	YCR004C	0.81758
851	YCR053W	0.81757
852	YDL140C	0.81756
853	YOR071C	0.81753
854	YER015W	0.81752
855	YER019W	0.8175
856	YLL039C	0.81749
857	YHR043C	0.81746
858	YPR149W	0.81743
859	YAL003W	0.81742
860	YFL057C	0.81739
861	YJL079C	0.81737
862	YOR120W	0.81735
863	YBR248C	0.81729
864	YDR297W	0.81726
865	YFL059W	0.81717
866	YER026C	0.81716
867	YML131W	0.81711
868	YDR035W	0.81701
869	YCR028C	0.81697
870	YOR168W	0.81685
871	YBR068C	0.81668
872	YPL169C	0.81666
873	YPL171C	0.81665
874	YIL169C	0.81659
875	YIL010W	0.81652
876	YJR109C	0.81646
877	YER065C	0.81633
878	YJL035C	0.81628
879	YER003C	0.81627
880	YGR244C	0.81622
881	YLL066C	0.81613
882	YMR058W	0.8161
883	YAL042W	0.81594
884	YNL200C	0.81593
885	YNL044W	0.81592
886	YLR209C	0.81588
887	YCL043C	0.81587
888	YLR075W	0.81578
889	YBR291C	0.81576
890	YIL162W	0.8157
891	YIL064W	0.81561
892	YDR148C	0.81561
893	YPR194C	0.81558
894	YLR121C	0.81557
895	YML079W	0.8155
896	YAL064W-B	0.81544
897	YPL094C	0.81529
898	YGR214W	0.81526
899	YNL333W	0.81519
900	YJR048W	0.81519
901	YLR168C	0.81517
902	YBR008C	0.81508
903	YDR384C	0.81507
904	YER070W	0.81502
905	YKL013C	0.81496
906	YOR361C	0.81494
907	YER074W-A	0.81476
908	YOR184W	0.81468
909	YLR213C	0.81463
910	YKL163W	0.8146
911	YDR212W	0.81459
912	YOR092W	0.81454
913	YGR213C	0.81453
914	YNL132W	0.81453
915	YJR096W	0.81442
916	YKL211C	0.81436
917	YDR471W	0.8143
918	YDR172W	0.81421
919	YNR043W	0.81416
920	YJR024C	0.81413
921	YBR256C	0.81397
922	YGR065C	0.81388
923	YML133C	0.8135
924	YNL071W	0.81341
925	YPR131C	0.8134
926	YIL065C	0.81339
927	YOR117W	0.81335
928	YJR017C	0.81331
929	YGR135W	0.8133
930	YJL212C	0.8133
931	YEL040W	0.81323
932	YKL145W	0.8131
933	YMR071C	0.81306
934	YPL232W	0.81306
935	YHR107C	0.81287
936	YER174C	0.81282
937	YOR332W	0.8128
938	YOR004W	0.81279
939	YGL105W	0.81265
940	YMR090W	0.81254
941	YBR001C	0.81245
942	YIL177C	0.81233
943	YHR010W	0.81226
944	YCL030C	0.81221
945	YGR124W	0.81208
946	YGR246C	0.81202
947	YKL002W	0.8119
948	YIR019C	0.81177
949	YOR326W	0.81175
950	YOR086C	0.81174
951	YPL226W	0.81171
952	YDL236W	0.81165
953	YGL100W	0.81158
954	YMR183C	0.81154
955	YJL225C	0.81151
956	YDR272W	0.81144
957	YPL212C	0.81114
958	YOR020C	0.81105
959	YHR193C	0.81103
960	YHR112C	0.8109
961	YJL216C	0.81088
962	YCR059C	0.8108
963	YBR235W	0.8108
964	YER190C-A	0.81078
965	YML133W-A	0.81078
966	YGR296C-A	0.81078
967	YPL283W-A	0.81078
968	YNL339W-A	0.81078
969	YLR048W	0.81077
970	YLR017W	0.81077
971	YCR072C	0.81066
972	YMR008C	0.81065
973	YHR211W	0.81037
974	YGL252C	0.81018
975	YOR335C	0.81014
976	YLL026W	0.81003
977	YIL120W	0.80998
978	YGR138C	0.80998
979	YIL124W	0.80998
980	YOR196C	0.8099
981	YNL095C	0.80981
982	YKL117W	0.80964
983	YGR163W	0.80962
984	YDR120C	0.80962
985	YKR013W	0.80958
986	YPR004C	0.80941
987	YAL063C	0.80938
988	YBL050W	0.80933
989	YDR111C	0.8093
990	YEL037C	0.80929
991	YDR516C	0.80917
992	YIR022W	0.80906
993	YAL036C	0.80904
994	YFL067W	0.80892
995	YDL052C	0.80884
996	YIR031C	0.80879
997	YLL061W	0.80878
998	YKL120W	0.8087
999	YCL033C	0.80853
1000	YKR097W	0.80841
1001	YER146W	0.80838
1002	YGL220W	0.80838
1003	YBR015C	0.80818
1004	YGR100W	0.80818
1005	YNL307C	0.80812
1006	YKL035W	0.8079
1007	YKL078W	0.80788
1008	YMR170C	0.80784
1009	YGL148W	0.80782
1010	YDL147W	0.80781
1011	YLL055W	0.80774
1012	YIL021W	0.80759
1013	YLR059C	0.80749
1014	YBR170C	0.80748
1015	YPL017C	0.80745
1016	YPL079W	0.80739
1017	YFL037W	0.80735
1018	YKR068C	0.80725
1019	YOR126C	0.80723
1020	YPL015C	0.80712
1021	YBR191W	0.8069
1022	YNL222W	0.80681
1023	YLR328W	0.80677
1024	YBR035C	0.80673
1025	YDL135C	0.80673
1026	YER044C	0.80671
1027	YPL043W	0.80664
1028	YER090W	0.80664
1029	YML106W	0.80663
1030	YLR043C	0.8065
1031	YBR265W	0.80649
1032	YHR005C-A	0.80648
1033	YDR448W	0.80634
1034	YIL001W	0.80632
1035	YLL045C	0.80626
1036	YOR391C	0.80625
1037	YFL041W	0.80617
1038	YHR020W	0.80613
1039	YIL066C	0.80607
1040	YDR328C	0.80605
1041	YFL017C	0.80598
1042	YGR264C	0.80588
1043	YKL184W	0.80576
1044	YNL323W	0.80573
1045	YAR007C	0.80546
1046	YOR396W	0.80541
1047	YLR467W	0.80541
1048	YDR545W	0.80541
1049	YML094W	0.80534
1050	YKL157W	0.80533
1051	YBR021W	0.80529
1052	YGL106W	0.80527
1053	YGL245W	0.80517
1054	YGR094W	0.80512
1055	YPL258C	0.80488
1056	YPL221W	0.80475
1057	YAL044W-A	0.80472
1058	YJL116C	0.80453
1059	YCL010C	0.80453
1060	YCR068W	0.80443
1061	YIR034C	0.80431
1062	YIL166C	0.80426
1063	YFR030W	0.80425
1064	YNL117W	0.80425
1065	YCR107W	0.80424
1066	YDL174C	0.80421
1067	YBR087W	0.80419
1068	YML092C	0.80416
1069	YDR234W	0.80411
1070	YNL066W	0.80408
1071	YML064C	0.80407
1072	YDL230W	0.80407
1073	YNL281W	0.804
1074	YEL047C	0.80394
1075	YOL039W	0.80394
1076	YBL021C	0.80393
1077	YDR408C	0.80392
1078	YGL123W	0.80387
1079	YMR301C	0.80379
1080	YNL185C	0.80377
1081	YDL201W	0.80372
1082	YBR295W	0.80363
1083	YJR001W	0.80356
1084	YGL224C	0.80323
1085	YMR271C	0.8032
1086	YER136W	0.80263
1087	YHL003C	0.80251
1088	YIL051C	0.80231
1089	YOR241W	0.80229
1090	YFR010W	0.80226
1091	YMR278W	0.80222
1092	YDL046W	0.80221
1093	YBL029C-A	0.80205
1094	YGR287C	0.80197
1095	YOR374W	0.80195
1096	YHL033C	0.80193
1097	YDR258C	0.80187
1098	YBR043C	0.80186
1099	YGL047W	0.80184
1100	YOL103W	0.80184
1101	YHL036W	0.80171
1102	YLR129W	0.80142
1103	YDL124W	0.80135
1104	YLR291C	0.80117
1105	YNR032W	0.80105
1106	YIL118W	0.80103
1107	YNL037C	0.80103
1108	YJL171C	0.80102
1109	YLR152C	0.80102
1110	YOL157C	0.80088
1111	YDR093W	0.8008
1112	YDR135C	0.80071
1113	YMR084W	0.80069
1114	YOL075C	0.80061
1115	YPL283C	0.80058
1116	YGR296W	0.80057
1117	YNL339C	0.80049
1118	YMR297W	0.80046
1119	YOR236W	0.80042
1120	YML067C	0.80038
1121	YNL093W	0.8003
1122	Q0045	0.80025
1123	YGR027C	0.80012
1124	YGL063W	0.80001
1125	YMR276W	0.79998
1126	YMR215W	0.79995
1127	YNL220W	0.79988
1128	YMR210W	0.79988
1129	YBR243C	0.79966
1130	YOR084W	0.79952
1131	YLR377C	0.79949
1132	YBL091C-A	0.79946
1133	YPL280W	0.79928
1134	YLR326W	0.79926
1135	YJL060W	0.79915
1136	YBR011C	0.79914
1137	YPL050C	0.79905
1138	YLR146C	0.79903
1139	YOR357C	0.799
1140	YEL041W	0.799
1141	YBR244W	0.79898
1142	YOR243C	0.79887
1143	YGR220C	0.79885
1144	YJL196C	0.79884
1145	YDL081C	0.79869
1146	YKL053C-A	0.79853
1147	YHR135C	0.79848
1148	YDR214W	0.79843
1149	YMR238W	0.79836
1150	YCR027C	0.79835
1151	YMR092C	0.79833
1152	YDR397C	0.79816
1153	YJR072C	0.79811
1154	YGL043W	0.7981
1155	YIL172C	0.7981
1156	YJL221C	0.7981
1157	YBL113C	0.79807
1158	YLR333C	0.79797
1159	YIL109C	0.7978
1160	YBR287W	0.79777
1161	YPL143W	0.79777
1162	YOR339C	0.79769
1163	YOR222W	0.79769
1164	YGL012W	0.79761
1165	YPR160W	0.79752
1166	YLL018C-A	0.79751
1167	YKL085W	0.7975
1168	YGL130W	0.79745
1169	YNL141W	0.79743
1170	YDL080C	0.7973
1171	YLL008W	0.79729
1172	YDR483W	0.79721
1173	YIL165C	0.79721
1174	YLR055C	0.79701
1175	YLR243W	0.797
1176	YGR200C	0.79698
1177	YPL067C	0.79696
1178	YJR014W	0.79682
1179	YDL103C	0.79682
1180	YJR074W	0.7967
1181	YKR066C	0.79664
1182	YBL002W	0.79663
1183	YMR080C	0.79663
1184	YKL128C	0.79658
1185	YPL134C	0.79655
1186	YOR356W	0.79653
1187	YJR016C	0.79651
1188	YGL207W	0.79637
1189	YDR224C	0.79635
1190	YDL049C	0.79633
1191	YGL017W	0.7962
1192	YKR009C	0.79618
1193	YFL034C-A	0.79615
1194	YGL186C	0.79615
1195	YKL080W	0.79613
1196	YOR065W	0.7959
1197	YDR382W	0.79585
1198	YER006W	0.79581
1199	YDL130W	0.79575
1200	YKL114C	0.79563
1201	YOR163W	0.79561
1202	YGR224W	0.7956
1203	YHR190W	0.79556
1204	YHL015W	0.79553
1205	YJR015W	0.79549
1206	YBL001C	0.79545
1207	YGR197C	0.79538
1208	YBR242W	0.79533
1209	YNL232W	0.7953
1210	YOL110W	0.79527
1211	YPR156C	0.79523
1212	YML021C	0.79521
1213	YDR456W	0.79519
1214	YJR103W	0.79517
1215	YDR074W	0.79516
1216	YMR054W	0.79515
1217	YOR217W	0.79513
1218	YHR144C	0.79512
1219	YLR179C	0.7951
1220	YMR322C	0.79506
1221	YPR127W	0.79498
1222	YPL010W	0.79495
1223	YBR037C	0.79488
1224	YPL262W	0.79485
1225	YKR018C	0.79483
1226	YNR074C	0.79477
1227	YML125C	0.79474
1228	YHR089C	0.79473
1229	YNR020C	0.7947
1230	YOL165C	0.79464
1231	YDL087C	0.79464
1232	YER152C	0.79458
1233	YDR402C	0.79458
1234	YOL163W	0.79454
1235	YMR194C-B	0.79451
1236	YGR131W	0.7945
1237	YCR011C	0.79449
1238	YJL208C	0.79445
1239	YKR043C	0.79442
1240	YLR038C	0.79438
1241	YCR017C	0.79437
1242	YOR087W	0.7943
1243	YNL111C	0.79424
1244	YHR047C	0.79423
1245	YLR220W	0.79411
1246	YLR061W	0.79407
1247	YPR081C	0.794
1248	YGR007W	0.79398
1249	YGR260W	0.7939
1250	YLR126C	0.79388
1251	YLR004C	0.79382
1252	YPL127C	0.79369
1253	YBR153W	0.79362
1254	YPL211W	0.79361
1255	YOR234C	0.79356
1256	YOL142W	0.79354
1257	YOL137W	0.79334
1258	YGR037C	0.79325
1259	YDL004W	0.79321
1260	YMR178W	0.79315
1261	YEL060C	0.79301
1262	YLR429W	0.793
1263	YHR026W	0.79299
1264	YIL123W	0.79299
1265	YFL022C	0.79297
1266	YFR018C	0.79295
1267	YML075C	0.79288
1268	YHL001W	0.79281
1269	YDL238C	0.79279
1270	YFL030W	0.79277
1271	YJL128C	0.79268
1272	YEL020C	0.79267
1273	YMR285C	0.79267
1274	YDR291W	0.79263
1275	YHR005C	0.79258
1276	YBR208C	0.79258
1277	YPL204W	0.79254
1278	YBR155W	0.79241
1279	YDR465C	0.79219
1280	YLR074C	0.79218
1281	YGL201C	0.79208
1282	YHR025W	0.79208
1283	YDR177W	0.79203
1284	YHR032W	0.792
1285	YER143W	0.79192
1286	YCR008W	0.7919
1287	YIR009W	0.79189
1288	YJL172W	0.79181
1289	YBR115C	0.79179
1290	YBL015W	0.79163
1291	YPR088C	0.79157
1292	YGR010W	0.79153
1293	YGR021W	0.79115
1294	YLR109W	0.79112
1295	YER004W	0.79109
1296	YKR102W	0.79108
1297	YKR056W	0.79089
1298	YFR050C	0.79081
1299	YKL107W	0.79068
1300	YMR244W	0.79065
1301	YNL075W	0.79056
1302	YGL163C	0.79054
1303	YOL124C	0.79049
1304	YML026C	0.79043
1305	YDR450W	0.79043
1306	YJR112W-A	0.79043
1307	YBR264C	0.79036
1308	YDR378C	0.79029
1309	YNR013C	0.79027
1310	YMR022W	0.79026
1311	YDR502C	0.79026
1312	YLR382C	0.79016
1313	YDR098C	0.79015
1314	YBR052C	0.79013
1315	YDR539W	0.78998
1316	YNL148C	0.78989
1317	YOL147C	0.78985
1318	YNL329C	0.78985
1319	YOR273C	0.78982
1320	YDR415C	0.78971
1321	YDR055W	0.78967
1322	YIL088C	0.78965
1323	YKL009W	0.78959
1324	YDL178W	0.78958
1325	YHR027C	0.7895
1326	YOR006C	0.78948
1327	YNL275W	0.78942
1328	YER120W	0.78941
1329	YKL144C	0.78938
1330	YOR209C	0.78933
1331	YDR270W	0.78933
1332	YOL153C	0.78931
1333	YDR007W	0.7893
1334	YOR384W	0.78929
1335	YLR409C	0.78917
1336	YIR012W	0.78909
1337	YLR378C	0.78893
1338	YHR039C-A	0.78891
1339	YCR031C	0.78881
1340	YML070W	0.78876
1341	YDR064W	0.78873
1342	YKL006W	0.7887
1343	YIL103W	0.78862
1344	YDR481C	0.78857
1345	YJL145W	0.78856
1346	YIR029W	0.78854
1347	YPL046C	0.78853
1348	YGL171W	0.7885
1349	YGR247W	0.78832
1350	YNL099C	0.78823
1351	YPL213W	0.78821
1352	YAL067C	0.78809
1353	YCR037C	0.78808
1354	YJL191W	0.78805
1355	YBR025C	0.78805
1356	YFR031C	0.78804
1357	YMR145C	0.78803
1358	YER175C	0.78801
1359	YKR105C	0.788
1360	YOL090W	0.78798
1361	YHR012W	0.7879
1362	YLR448W	0.7879
1363	YNR071C	0.78789
1364	YLR351C	0.78784
1365	YOL080C	0.78759
1366	YGR204W	0.7875
1367	YOL077C	0.78741
1368	YOL132W	0.7871
1369	YIL145C	0.78704
1370	YJR151C	0.78686
1371	YLR180W	0.78684
1372	YOR316C	0.78675
1373	YPL095C	0.7867
1374	YGR048W	0.78667
1375	YLL058W	0.78664
1376	YHR111W	0.78646
1377	YDR429C	0.78642
1378	YGL139W	0.78636
1379	YDR534C	0.78634
1380	YEL001C	0.78632
1381	YML101C	0.7863
1382	YNL087W	0.7863
1383	YMR308C	0.78617
1384	YHR039C	0.78614
1385	YPL187W	0.78607
1386	YJR116W	0.786
1387	YGL202W	0.78599
1388	YBR162C	0.78596
1389	YLR120C	0.78588
1390	YFL002C	0.78587
1391	YOR074C	0.78573
1392	YJL174W	0.78571
1393	YBL057C	0.78569
1394	YOL112W	0.78568
1395	YOR101W	0.78563
1396	YOR011W	0.78558
1397	YOR007C	0.78556
1398	YHR147C	0.78553
1399	YJL002C	0.78545
1400	YPR167C	0.78535
1401	YGL122C	0.78534
1402	YMR096W	0.78532
1403	YMR095C	0.78521
1404	YLR411W	0.78505
1405	YPR121W	0.785
1406	YMR138W	0.78497
1407	YGL190C	0.78494
1408	YKL021C	0.78494
1409	YAR035W	0.78492
1410	YOR151C	0.78489
1411	YLR231C	0.78485
1412	YNL154C	0.78468
1413	YNR048W	0.78457
1414	YDR280W	0.7845
1415	YOL016C	0.78448
1416	YKL151C	0.78435
1417	YDR019C	0.78435
1418	YDR127W	0.78434
1419	YLR398C	0.78422
1420	YNL021W	0.78422
1421	YPL208W	0.7842
1422	YDL212W	0.78414
1423	YLR029C	0.78414
1424	YOL154W	0.78403
1425	YJL087C	0.78399
1426	YMR319C	0.78398
1427	YIL114C	0.78393
1428	YPL206C	0.7839
1429	YHR129C	0.78387
1430	YBL102W	0.78382
1431	YKR053C	0.78378
1432	YGR012W	0.78365
1433	YMR288W	0.78362
1434	YML073C	0.78355
1435	YOR150W	0.78355
1436	YPL012W	0.78346
1437	YML014W	0.78338
1438	Q0250	0.78334
1439	YDR063W	0.7832
1440	YCR102C	0.78318
1441	YKL059C	0.7831
1442	YMR027W	0.78309
1443	YKL081W	0.78299
1444	YHR037W	0.78297
1445	YKL027W	0.78277
1446	YOL129W	0.78275
1447	YMR006C	0.78253
1448	YBR111C	0.78244
1449	YOL140W	0.78243
1450	YKL004W	0.78236
1451	YHR013C	0.78234
1452	YDR167W	0.7822
1453	YDR121W	0.78203
1454	YMR121C	0.7819
1455	YDL185W	0.7818
1456	YPL006W	0.7818
1457	YDR398W	0.78179
1458	YOL002C	0.78178
1459	YNR065C	0.78171
1460	YCR051W	0.78168
1461	YDL007W	0.78167
1462	YFL060C	0.78161
1463	YCL026C-B	0.78158
1464	YGR229C	0.78155
1465	YGR063C	0.78153
1466	YHR046C	0.78151
1467	YDR381W	0.78147
1468	YGL076C	0.78145
1469	YBR137W	0.78143
1470	YKL207W	0.78142
1471	YGL009C	0.78135
1472	YNL061W	0.78133
1473	YDL051W	0.78131
1474	YGR028W	0.78119
1475	YMR099C	0.78115
1476	YOL012C	0.78114
1477	YPR003C	0.78114
1478	YKL160W	0.78111
1479	YMR009W	0.78094
1480	YPR028W	0.7809
1481	YBR228W	0.78087
1482	YEL020W-A	0.78086
1483	YOR394W	0.78077
1484	YPL282C	0.78077
1485	YLR325C	0.78068
1486	YIL062C	0.78068
1487	YPL059W	0.78052
1488	YIL075C	0.78046
1489	YOL092W	0.78043
1490	YBR210W	0.78041
1491	YGR031W	0.7804
1492	YJL179W	0.78035
1493	YOR306C	0.78035
1494	YML086C	0.78034
1495	YEL024W	0.78025
1496	YDL155W	0.78023
1497	YGL006W	0.7802
1498	YLR344W	0.78014
1499	YNL072W	0.78002
1500	YBL032W	0.78001
1501	YOL059W	0.77993
1502	YBL023C	0.77992
1503	YGR034W	0.77982
1504	YOR040W	0.77982
1505	YPL198W	0.77979
1506	YNL334C	0.7797
1507	YKL191W	0.77966
1508	YMR062C	0.77966
1509	YLR214W	0.77951
1510	YOR119C	0.77943
1511	YML126C	0.77938
1512	YJR121W	0.77925
1513	YPR082C	0.77916
1514	YDR009W	0.77914
1515	YNL287W	0.77912
1516	YNL130C	0.77905
1517	YHR132C	0.77894
1518	YJL158C	0.77888
1519	YDL036C	0.77886
1520	YHR063C	0.77877
1521	YKL029C	0.77876
1522	YJL153C	0.77849
1523	YKL039W	0.77839
1524	YIL155C	0.77839
1525	YLR137W	0.77833
1526	YCR005C	0.77818
1527	YHR210C	0.77811
1528	YPL183C	0.77806
1529	YOL119C	0.77801
1530	YDR084C	0.77801
1531	YDR140W	0.77799
1532	YCL036W	0.77795
1533	YHR021C	0.77791
1534	YKL182W	0.77778
1535	YBR029C	0.77771
1536	YJL024C	0.77769
1537	YDR041W	0.77767
1538	YIR002C	0.77764
1539	YPR128C	0.77763
1540	YKL161C	0.77758
1541	YBR245C	0.77747
1542	YPR025C	0.77726
1543	YER142C	0.77714
1544	YLR324W	0.77702
1545	YJL134W	0.77684
1546	YFR006W	0.77679
1547	YHR123W	0.77678
1548	YHR104W	0.77668
1549	YCL069W	0.77651
1550	YJL155C	0.77643
1551	YHR143W-A	0.77641
1552	YJL068C	0.77634
1553	YLR286C	0.77634
1554	YGR189C	0.77616
1555	YNR046W	0.77594
1556	YMR262W	0.77592
1557	YNL175C	0.77591
1558	YGR285C	0.77588
1559	YLR285W	0.77581
1560	YDR298C	0.77566
1561	YMR113W	0.77565
1562	YMR093W	0.77562
1563	YOR145C	0.77561
1564	YPL151C	0.77559
1565	YLR222C	0.77557
1566	YML054C	0.77549
1567	YDR264C	0.77546
1568	YPR056W	0.77546
1569	YMR272C	0.77545
1570	YKL181W	0.77544
1571	YPL042C	0.77543
1572	YOL125W	0.77539
1573	YOR358W	0.77538
1574	YOR036W	0.77533
1575	YPR054W	0.77523
1576	YLR369W	0.77523
1577	Q0085	0.77519
1578	YMR220W	0.77506
1579	YGR082W	0.77497
1580	YOR265W	0.77494
1581	YLR056W	0.77482
1582	YAL029C	0.77478
1583	YDL205C	0.77478
1584	YOR310C	0.77469
1585	YMR197C	0.77465
1586	YJR144W	0.77457
1587	YCL026C-A	0.77453
1588	YGR159C	0.77452
1589	YKL003C	0.77429
1590	YDL075W	0.77427
1591	YKL156W	0.77426
1592	YDR392W	0.77422
1593	YNR027W	0.77421
1594	YLR460C	0.77416
1595	YFR028C	0.77415
1596	YDR100W	0.77413
1597	YHR189W	0.77408
1598	YDL057W	0.77407
1599	YKL193C	0.77399
1600	YBR202W	0.77396
1601	YNL194C	0.77389
1602	YPR019W	0.77387
1603	YLR189C	0.77384
1604	YOR003W	0.77381
1605	YJL200C	0.77378
1606	YLR251W	0.77366
1607	YPR011C	0.77348
1608	YNR015W	0.77337
1609	YKR050W	0.77333
1610	YLR406C	0.77321
1611	YLL029W	0.77309
1612	YMR250W	0.77305
1613	YGL206C	0.77302
1614	YDR105C	0.773
1615	YBR069C	0.77282
1616	YBR092C	0.7728
1617	YOL093W	0.77268
1618	YLR138W	0.7726
1619	YHR051W	0.7725
1620	YNR057C	0.77249
1621	YLR447C	0.77244
1622	YNL024C	0.77242
1623	YEL036C	0.77241
1624	YGL068W	0.77239
1625	YAL053W	0.7721
1626	YGL189C	0.77201
1627	YDR287W	0.77192
1628	YGR292W	0.77191
1629	YLR241W	0.77179
1630	YPL092W	0.77177
1631	YIR026C	0.77169
1632	YFR051C	0.77162
1633	YBR220C	0.77157
1634	YBR267W	0.77141
1635	YBR177C	0.77137
1636	YJL080C	0.77136
1637	YAL007C	0.77125
1638	YER134C	0.77118
1639	YER131W	0.77113
1640	YPR107C	0.77105
1641	YPR058W	0.77079
1642	YLR338W	0.77072
1643	YOR103C	0.77065
1644	YPL048W	0.77064
1645	YPL214C	0.77053
1646	YIL069C	0.7705
1647	YER074W	0.7705
1648	YBL089W	0.77045
1649	YMR085W	0.77041
1650	YCR028C-A	0.7703
1651	YML035C	0.77018
1652	YDR438W	0.77015
1653	YLL009C	0.77013
1654	YPR024W	0.7701
1655	YLL025W	0.7701
1656	YLR253W	0.76998
1657	YPR180W	0.76994
1658	YLR218C	0.76992
1659	YHR100C	0.76985
1660	YBR299W	0.76983
1661	YGR199W	0.76983
1662	YLR100W	0.76976
1663	YEL003W	0.76974
1664	YEL004W	0.76972
1665	YJL088W	0.76964
1666	YBR058C	0.76961
1667	YIL008W	0.76956
1668	YMR224C	0.76953
1669	YOR155C	0.76948
1670	YNL023C	0.76945
1671	YHL018W	0.76937
1672	YBR039W	0.76936
1673	YCL074W	0.7692
1674	YPR002W	0.76918
1675	YLR401C	0.76917
1676	YKR081C	0.76913
1677	YCR061W	0.76905
1678	YLR197W	0.76904
1679	YPL236C	0.76893
1680	YDR487C	0.76882
1681	YOR013W	0.76882
1682	YEL056W	0.76878
1683	YPL184C	0.76874
1684	YLR037C	0.76872
1685	YNL007C	0.7686
1686	YBR251W	0.76853
1687	YJL130C	0.76845
1688	YBR149W	0.76818
1689	YJL124C	0.76817
1690	YLR188W	0.76815
1691	YNL069C	0.76812
1692	YLR375W	0.76808
1693	YNL237W	0.76806
1694	YBR003W	0.76798
1695	YEL032W	0.76798
1696	YNL240C	0.76795
1697	YJL160C	0.76794
1698	YPL004C	0.76792
1699	YDL092W	0.76792
1700	YIR008C	0.76775
1701	YNL081C	0.7677
1702	YMR214W	0.76769
1703	YBR183W	0.76767
1704	YMR296C	0.76759
1705	YNR001C	0.76742
1706	YLR066W	0.76737
1707	YOR285W	0.76734
1708	YML010W	0.7673
1709	YGL114W	0.76729
1710	YOL011W	0.7672
1711	YBL011W	0.76706
1712	YDL093W	0.76696
1713	YMR132C	0.76691
1714	YFL001W	0.76662
1715	YLR364W	0.76641
1716	YMR173W-A	0.76641
1717	YHR175W	0.7664
1718	YBL040C	0.7664
1719	YER156C	0.76621
1720	YOR136W	0.76603
1721	YEL050C	0.766
1722	YDR380W	0.76599
1723	YDR513W	0.76594
1724	YGL055W	0.76594
1725	YNL207W	0.76574
1726	YPR153W	0.76563
1727	YBR073W	0.76557
1728	YGL037C	0.76549
1729	YBL092W	0.76544
1730	YGL101W	0.76541
1731	YHR024C	0.76541
1732	YGR203W	0.76536
1733	YER183C	0.76528
1734	YIL133C	0.76495
1735	YGR125W	0.76494
1736	YOR367W	0.76482
1737	YOR262W	0.76481
1738	YBR166C	0.76475
1739	YOR303W	0.76474
1740	YDR083W	0.76463
1741	YLL023C	0.76457
1742	YLR307W	0.76409
1743	YKL028W	0.76398
1744	YBL064C	0.76396
1745	YOL064C	0.76394
1746	YBR041W	0.76389
1747	YOL155C	0.76386
1748	YDL138W	0.76386
1749	YOR246C	0.76384
1750	YKL212W	0.76377
1751	YAL016W	0.76366
1752	YPL170W	0.76362
1753	YOR048C	0.76358
1754	YCL059C	0.76358
1755	YGL205W	0.76337
1756	YFL052W	0.76328
1757	YEL052W	0.76327
1758	YHR048W	0.76321
1759	YPL113C	0.76317
1760	YOL020W	0.76316
1761	YLR078C	0.76305
1762	YGL232W	0.76303
1763	YJR131W	0.76302
1764	YOL121C	0.76274
1765	YGR004W	0.76258
1766	YML087C	0.76255
1767	YMR167W	0.76249
1768	YCR048W	0.76248
1769	YNL302C	0.76246
1770	YER002W	0.76243
1771	YGR245C	0.76239
1772	YNR019W	0.76233
1773	YOR109W	0.76226
1774	YGR095C	0.76215
1775	YHL034C	0.76214
1776	YNR034W-A	0.76207
1777	YER017C	0.76202
1778	YPR137W	0.762
1779	YHR031C	0.76194
1780	YOR116C	0.76186
1781	YLR262C	0.76177
1782	YNL312W	0.76174
1783	YGR029W	0.76174
1784	YBR002C	0.76172
1785	YIL099W	0.76159
1786	YDL085W	0.76156
1787	YIL108W	0.76154
1788	YBR198C	0.76148
1789	YDL018C	0.76141
1790	YPR073C	0.76141
1791	YKR024C	0.76125
1792	YOR250C	0.76123
1793	YOR110W	0.76118
1794	YGL040C	0.76116
1795	YNL301C	0.76115
1796	YOL120C	0.76115
1797	YHL017W	0.76109
1798	YCR034W	0.76104
1799	YKL135C	0.76102
1800	YMR325W	0.76102
1801	YMR304W	0.76101
1802	YAL039C	0.76097
1803	YBR214W	0.76096
1804	YOR239W	0.76083
1805	YMR251W	0.76077
1806	YJR085C	0.7607
1807	YOL065C	0.76063
1808	YCR002C	0.76057
1809	YML055W	0.76046
1810	YHR088W	0.76043
1811	YKL091C	0.76032
1812	YBL105C	0.76027
1813	YDL141W	0.76013
1814	YOR232W	0.76001
1815	YLR343W	0.75998
1816	YGL196W	0.75981
1817	YDR056C	0.75978
1818	YBR014C	0.75976
1819	YHR168W	0.75963
1820	YOR271C	0.75948
1821	YDL132W	0.75947
1822	YLR181C	0.75928
1823	YAL035W	0.75915
1824	YOL062C	0.759
1825	YCR023C	0.75892
1826	YOR206W	0.75889
1827	YJR032W	0.75886
1828	YBL106C	0.7588
1829	YOR341W	0.75874
1830	YDL145C	0.75869
1831	YBR146W	0.75868
1832	YGR195W	0.75865
1833	YJL125C	0.75861
1834	YDR188W	0.75856
1835	YML072C	0.75848
1836	YNL065W	0.75829
1837	YHR191C	0.75825
1838	YPR118W	0.75819
1839	YNL082W	0.758
1840	YOR351C	0.75791
1841	YIR041W	0.7579
1842	YPL122C	0.75788
1843	YFL020C	0.7578
1844	YKL224C	0.75772
1845	YDL072C	0.7577
1846	YLL057C	0.75769
1847	YBR079C	0.75768
1848	YKR104W	0.75765
1849	YJL081C	0.75762
1850	YGL238W	0.7576
1851	YDR411C	0.75756
1852	YBR139W	0.75756
1853	YCR069W	0.75751
1854	YML068W	0.7575
1855	YGL031C	0.75749
1856	YJL041W	0.75729
1857	YLL041C	0.75726
1858	YKR076W	0.75724
1859	YIL168W	0.75717
1860	YOR304W	0.75713
1861	YMR253C	0.75711
1862	YOL068C	0.75704
1863	YCR020C	0.75702
1864	YOR207C	0.75701
1865	YGR243W	0.75691
1866	YOR009W	0.75689
1867	YML038C	0.75684
1868	YER168C	0.75683
1869	YBL068W-A	0.75682
1870	YDR013W	0.75663
1871	YKL197C	0.75655
1872	YOR370C	0.75655
1873	YKL170W	0.75646
1874	YMR225C	0.75637
1875	YLR009W	0.75622
1876	YLR451W	0.75618
1877	YDL213C	0.75607
1878	YLR174W	0.75598
1879	YPR112C	0.75596
1880	YOL034W	0.75595
1881	YGL050W	0.75565
1882	YKL084W	0.75564
1883	YGR271W	0.75545
1884	YKR070W	0.75543
1885	YOR286W	0.75532
1886	YPL227C	0.75528
1887	YML004C	0.75527
1888	YOR091W	0.75525
1889	YIL125W	0.75524
1890	YOR311C	0.75523
1891	YNL280C	0.75521
1892	YDR490C	0.75516
1893	YCR104W	0.75513
1894	YDR313C	0.75505
1895	YGL156W	0.75479
1896	YKL221W	0.75477
1897	YBR053C	0.75464
1898	YFR025C	0.75464
1899	YOL041C	0.75452
1900	YFR021W	0.75448
1901	YML063W	0.75439
1902	YGR148C	0.75418
1903	YDR134C	0.75415
1904	YLR441C	0.75412
1905	YGR172C	0.75402
1906	YPL153C	0.75402
1907	YJR064W	0.75384
1908	YFL048C	0.75372
1909	YLR399C	0.75362
1910	YIL014W	0.75345
1911	YDR237W	0.75343
1912	YJR010C-A	0.75323
1913	YDR324C	0.75322
1914	YNL121C	0.75289
1915	YDR331W	0.75288
1916	YAL044C	0.75281
1917	YER162C	0.75277
1918	YOL114C	0.75271
1919	YJL104W	0.75267
1920	YKR095W-A	0.75261
1921	YBL017C	0.75256
1922	YHR219W	0.75247
1923	YIR038C	0.75246
1924	YLR110C	0.75242
1925	YLR276C	0.75236
1926	YDL194W	0.75234
1927	YNR041C	0.75234
1928	YCL054W	0.75229
1929	YER082C	0.7521
1930	YNR016C	0.75209
1931	YEL002C	0.75205
1932	YKR067W	0.75205
1933	YNL001W	0.75195
1934	YJR132W	0.7519
1935	YBL056W	0.75185
1936	YIL013C	0.75185
1937	YLL011W	0.75181
1938	YBL018C	0.7518
1939	YLR178C	0.75178
1940	YLR410W	0.75175
1941	YHL046C	0.75164
1942	YLL027W	0.75153
1943	YKR012C	0.75151
1944	YJL222W	0.75143
1945	YOR034C	0.7514
1946	YKL126W	0.75137
1947	YLR412W	0.75134
1948	YLR203C	0.75134
1949	YDR144C	0.75131
1950	YPR100W	0.75112
1951	YBL007C	0.75103
1952	YLR008C	0.75093
1953	YBL038W	0.75092
1954	YNL153C	0.75082
1955	YER013W	0.75078
1956	YBR093C	0.75071
1957	YOR024W	0.7507
1958	YGR187C	0.75054
1959	YLR212C	0.75046
1960	YLR117C	0.75046
1961	YNR017W	0.75045
1962	YPR163C	0.75044
1963	YMR089C	0.75043
1964	YMR268C	0.75038
1965	YHR108W	0.75037
1966	YIL173W	0.75036
1967	YBR236C	0.75034
1968	YLR118C	0.75029
1969	YHR215W	0.75016
1970	YBR023C	0.75009
1971	YHR113W	0.75007
1972	YLR461W	0.75001
1973	YLR046C	0.74998
1974	YGL261C	0.74996
1975	YBL108C-A	0.74996
1976	YAL068C	0.74996
1977	YJR117W	0.74978
1978	YMR239C	0.74976
1979	YCR060W	0.74976
1980	YIL018W	0.74975
1981	YFR031C-A	0.74975
1982	YDR542W	0.74971
1983	YNR011C	0.7497
1984	YPL002C	0.74968
1985	YDL090C	0.74965
1986	YDR191W	0.74962
1987	YDR051C	0.74961
1988	YML025C	0.7496
1989	YBR254C	0.74952
1990	YPR094W	0.74947
1991	YPR032W	0.74935
1992	YCR087C-A	0.74928
1993	YFR005C	0.74925
1994	YGR083C	0.74916
1995	YPL081W	0.74903
1996	YAR071W	0.74897
1997	YGR181W	0.74892
1998	YML052W	0.74889
1999	YLL064C	0.74879
2000	YNR076W	0.74879
2001	YNL160W	0.74874
2002	YIL063C	0.74872
2003	YNL313C	0.74868
2004	YGR294W	0.74867
2005	YLR014C	0.74867
2006	YBR189W	0.74859
2007	YPR010C	0.74853
2008	YPR006C	0.7485
2009	YDL190C	0.74849
2010	YMR038C	0.74841
2011	YGR262C	0.7484
2012	YLR342W	0.74837
2013	YBL082C	0.74824
2014	YCR075W-A	0.74821
2015	YDR211W	0.74815
2016	YGL020C	0.74807
2017	YKL008C	0.74804
2018	YHR181W	0.74803
2019	YDL217C	0.748
2020	YOR049C	0.74795
2021	YNL003C	0.7479
2022	YHR008C	0.7478
2023	YMR229C	0.74778
2024	YJR107W	0.74775
2025	YHR142W	0.74774
2026	YPL088W	0.74773
2027	YMR286W	0.74764
2028	YBL098W	0.74747
2029	YKR062W	0.74746
2030	YOR172W	0.74744
2031	YDL078C	0.74736
2032	YKR014C	0.74736
2033	YFL028C	0.74735
2034	YKR051W	0.74729
2035	YHR066W	0.74723
2036	YDR399W	0.74711
2037	YDL123W	0.74709
2038	YDR025W	0.74705
2039	YBR048W	0.74705
2040	YPR188C	0.74702
2041	YOR010C	0.74691
2042	YDR441C	0.74689
2043	YKR001C	0.74683
2044	YNL223W	0.74682
2045	YLR426W	0.7468
2046	YBR192W	0.74676
2047	YDR337W	0.74674
2048	YGR288W	0.74651
2049	YGR032W	0.7464
2050	YDR492W	0.74637
2051	YGL143C	0.74634
2052	YNR036C	0.74627
2053	YFL008W	0.74615
2054	YBR301W	0.74603
2055	YNL229C	0.74601
2056	YNL178W	0.74597
2057	YLR196W	0.74596
2058	YDR468C	0.7459
2059	YGL208W	0.74586
2060	YPR140W	0.74561
2061	YNL181W	0.74546
2062	YKR079C	0.74531
2063	YMR152W	0.74528
2064	YEL029C	0.74528
2065	YAL022C	0.74526
2066	YGR024C	0.74519
2067	YGR277C	0.74515
2068	YMR049C	0.74512
2069	YMR069W	0.7451
2070	YDR400W	0.74496
2071	YDR077W	0.74488
2072	YER172C	0.74483
2073	YFR024C-A	0.74481
2074	YLR275W	0.74478
2075	YBR283C	0.74441
2076	YDR236C	0.74435
2077	YNL022C	0.74433
2078	YAL009W	0.74433
2079	YIL033C	0.74429
2080	YCR075C	0.74425
2081	YHR069C	0.74413
2082	YLR099C	0.74412
2083	YBR101C	0.74407
2084	YHR002W	0.74399
2085	YAR066W	0.74391
2086	YHR214W	0.74391
2087	YJR141W	0.74384
2088	YMR196W	0.74381
2089	YDR452W	0.74379
2090	YEL049W	0.74378
2091	YML077W	0.7437
2092	YGL095C	0.7437
2093	YHR201C	0.74363
2094	YGR001C	0.74361
2095	YDR109C	0.74361
2096	YPL207W	0.74353
2097	YDR525W-A	0.74319
2098	YNL088W	0.74317
2099	YPR201W	0.74312
2100	YJR130C	0.74312
2101	YER170W	0.74312
2102	YOL009C	0.74311
2103	YCL011C	0.74307
2104	YHL042W	0.74301
2105	YBR096W	0.743
2106	YLR210W	0.74298
2107	YLR389C	0.74297
2108	YHR033W	0.74297
2109	YCR046C	0.74285
2110	YGL028C	0.74283
2111	YJL223C	0.74275
2112	YIL176C	0.74275
2113	YLR405W	0.74261
2114	YJR013W	0.7424
2115	YMR123W	0.74236
2116	YMR101C	0.74234
2117	YOR162C	0.74231
2118	YOL073C	0.74225
2119	YBR010W	0.74218
2120	YNL292W	0.74215
2121	YNL246W	0.74207
2122	YNL106C	0.74199
2123	YPL239W	0.7419
2124	YML121W	0.7418
2125	YDL110C	0.7418
2126	YDR193W	0.74168
2127	YJR113C	0.74159
2128	YHR028C	0.74153
2129	YCR094W	0.74153
2130	YML110C	0.74139
2131	YPR159W	0.74135
2132	YGR092W	0.7413
2133	YDR522C	0.74129
2134	YPR147C	0.74128
2135	YPR034W	0.74125
2136	YDR243C	0.74124
2137	YAL021C	0.74115
2138	YOL130W	0.74105
2139	YLR418C	0.74093
2140	YLR372W	0.7409
2141	YMR244C-A	0.74087
2142	YLR284C	0.74084
2143	YPR178W	0.74065
2144	YHR040W	0.74063
2145	YNL129W	0.74061
2146	YBR227C	0.7406
2147	YOR307C	0.74057
2148	YHR072W	0.74053
2149	YER010C	0.74053
2150	YLL014W	0.74046
2151	YGR276C	0.7404
2152	YDR182W-A	0.74032
2153	YBR180W	0.74031
2154	YNL056W	0.74028
2155	YOR165W	0.7402
2156	YER042W	0.74001
2157	YPR120C	0.73995
2158	Q0050	0.73986
2159	YDL037C	0.73982
2160	YLR089C	0.73981
2161	YDR336W	0.73979
2162	YBR103W	0.73969
2163	YOR125C	0.73968
2164	YER126C	0.73968
2165	YBR091C	0.73966
2166	YKL154W	0.73956
2167	YDR305C	0.73942
2168	YNL040W	0.73934
2169	YNL101W	0.73931
2170	YLR449W	0.73925
2171	YGL044C	0.73918
2172	YER164W	0.73916
2173	YAR042W	0.73912
2174	YKL103C	0.73909
2175	YJR129C	0.73908
2176	YJR040W	0.73906
2177	YGR103W	0.73905
2178	YLR345W	0.73904
2179	YJL074C	0.73903
2180	YPL117C	0.73898
2181	YMR041C	0.73885
2182	YDR362C	0.73859
2183	YNL059C	0.73855
2184	YOL161C	0.73852
2185	YDL042C	0.73848
2186	YNL243W	0.73841
2187	YJR137C	0.7384
2188	YNL016W	0.73836
2189	YGR232W	0.73836
2190	YBR237W	0.73833
2191	YER176W	0.73825
2192	YNL045W	0.73819
2193	YER011W	0.73815
2194	YJR020W	0.73813
2195	YKL202W	0.73805
2196	YMR001C	0.73802
2197	YBR167C	0.738
2198	YNL020C	0.73792
2199	YHR187W	0.73787
2200	YDR164C	0.73767
2201	YLR083C	0.73759
2202	YOR175C	0.73752
2203	YFL044C	0.7375
2204	YDR352W	0.73748
2205	YOL060C	0.73746
2206	YOL096C	0.73739
2207	YMR310C	0.73733
2208	YFL042C	0.73727
2209	YHL026C	0.73726
2210	YHR162W	0.73722
2211	YBR067C	0.73719
2212	YBR199W	0.73716
2213	YHL039W	0.73702
2214	YNL248C	0.73701
2215	YDL120W	0.73694
2216	YNR008W	0.73693
2217	YDR170C	0.7369
2218	YDL104C	0.73686
2219	YBR104W	0.73671
2220	YLR192C	0.7367
2221	YOR176W	0.73669
2222	YJR154W	0.73661
2223	YHR121W	0.73645
2224	YCR036W	0.73637
2225	YPR172W	0.73637
2226	YHR176W	0.73628
2227	YDL202W	0.73625
2228	YHR194W	0.73619
2229	YKL041W	0.73617
2230	YML005W	0.7361
2231	YJR057W	0.73604
2232	YML098W	0.73598
2233	YOR261C	0.73585
2234	YGL212W	0.73574
2235	YBR009C	0.73572
2236	YIL016W	0.73571
2237	YDR263C	0.73564
2238	YDL193W	0.73563
2239	YLL034C	0.73561
2240	YFR048W	0.73557
2241	YCL048W-A	0.73556
2242	YBR018C	0.73548
2243	YNL192W	0.73542
2244	YJR123W	0.73541
2245	YER063W	0.7354
2246	YDR514C	0.73533
2247	YPL173W	0.73533
2248	YFR032C	0.73532
2249	YMR194W	0.73531
2250	YKR088C	0.7353
2251	YKR052C	0.7352
2252	YML074C	0.73518
2253	YOL127W	0.73514
2254	YJL078C	0.73502
2255	YDR060W	0.73482
2256	YLR022C	0.73473
2257	YDL136W	0.73464
2258	YDL191W	0.73464
2259	YHR003C	0.73462
2260	YOR291W	0.73454
2261	YNL137C	0.73453
2262	YKL073W	0.73453
2263	YDR322C-A	0.73436
2264	YGL126W	0.73433
2265	YDR524C-B	0.73432
2266	YDR312W	0.73427
2267	YKL051W	0.73424
2268	YMR200W	0.73423
2269	YHR202W	0.7342
2270	YFL050C	0.7342
2271	YLL036C	0.73419
2272	YLR300W	0.73408
2273	YGL004C	0.73402
2274	YPR197C	0.734
2275	YJL210W	0.73389
2276	YER039C-A	0.73383
2277	YGR145W	0.7337
2278	YKR074W	0.73366
2279	YKL086W	0.73362
2280	YDR256C	0.73344
2281	YPR190C	0.73343
2282	YOR039W	0.73337
2283	YCR045C	0.7333
2284	YJL005W	0.73329
2285	YIL022W	0.73306
2286	YGL033W	0.73298
2287	YPR098C	0.7329
2288	YDR117C	0.7329
2289	YER016W	0.73285
2290	YOL010W	0.73284
2291	YPR111W	0.73281
2292	YKL022C	0.7328
2293	YIL083C	0.73272
2294	YNR012W	0.73263
2295	YGR144W	0.73262
2296	YMR208W	0.73259
2297	YFR038W	0.73256
2298	YNL322C	0.73244
2299	YMR131C	0.73223
2300	YGR078C	0.73221
2301	YOR164C	0.73215
2302	YOR251C	0.73211
2303	YLR108C	0.73195
2304	YNL247W	0.73182
2305	YLR361C	0.73176
2306	YLR446W	0.73158
2307	YHR049W	0.73154
2308	YPL217C	0.73154
2309	YBR094W	0.73146
2310	YOR021C	0.73126
2311	YPL008W	0.73115
2312	YOR001W	0.73109
2313	YLR065C	0.73108
2314	YDL039C	0.73107
2315	YPL249C-A	0.73097
2316	YDR165W	0.73095
2317	YOL115W	0.73092
2318	YLR435W	0.73087
2319	YPL097W	0.73081
2320	YMR149W	0.73078
2321	YDL227C	0.73071
2322	YOR181W	0.73067
2323	YML065W	0.73053
2324	YOL098C	0.73046
2325	YPR144C	0.73045
2326	YOR382W	0.73043
2327	YOR056C	0.73042
2328	YNL049C	0.73039
2329	YJR125C	0.73038
2330	YDL031W	0.73038
2331	YMR302C	0.73034
2332	YER014W	0.73011
2333	YLL015W	0.73009
2334	YJR150C	0.73005
2335	YOL023W	0.72998
2336	YLR383W	0.72995
2337	YDR364C	0.72991
2338	YAR018C	0.72987
2339	YIL004C	0.72985
2340	YHR034C	0.72975
2341	YGL154C	0.72969
2342	YHR041C	0.72968
2343	YIL039W	0.72966
2344	YPR133C	0.72965
2345	YOR173W	0.72962
2346	YJR149W	0.72936
2347	YER100W	0.72934
2348	YKL119C	0.72927
2349	YPR186C	0.72923
2350	YOR274W	0.72922
2351	YBR200W	0.72917
2352	YLL048C	0.7291
2353	YDR112W	0.72883
2354	YGR047C	0.7288
2355	YDL040C	0.72868
2356	YNL163C	0.72866
2357	YIL068C	0.72866
2358	YLR421C	0.7286
2359	YHR001W	0.72856
2360	YML030W	0.72853
2361	YMR139W	0.72852
2362	YOR272W	0.72851
2363	YER049W	0.72838
2364	YDL109C	0.72835
2365	YDL143W	0.72826
2366	YPL224C	0.72825
2367	YDR257C	0.72823
2368	YDR530C	0.72813
2369	YCL064C	0.72808
2370	YLR086W	0.72805
2371	YGR005C	0.72804
2372	Q0105	0.728
2373	YHR091C	0.72786
2374	YPL157W	0.7278
2375	YGL010W	0.72776
2376	YLR003C	0.72772
2377	YDR518W	0.7277
2378	YPL001W	0.72768
2379	YNR051C	0.72767
2380	YLR072W	0.72767
2381	YCR106W	0.72767
2382	YBR151W	0.72765
2383	YML082W	0.7275
2384	YLR215C	0.72745
2385	YBR112C	0.72741
2386	YFL004W	0.72721
2387	YNR067C	0.7272
2388	YBR176W	0.72711
2389	YOR294W	0.7271
2390	YOR280C	0.727
2391	YIL100C-A	0.72691
2392	YKR084C	0.72685
2393	YDL085C-A	0.72674
2394	YLR163C	0.72674
2395	YAL019W	0.72672
2396	YER066W	0.7267
2397	YEL059C-A	0.72669
2398	YKL150W	0.72668
2399	YOL006C	0.72665
2400	YDR142C	0.72663
2401	YGL240W	0.72659
2402	YML120C	0.72659
2403	YGR093W	0.72657
2404	YHL004W	0.72649
2405	YHR076W	0.72645
2406	YGR086C	0.7264
2407	YGR242W	0.7263
2408	YJL063C	0.72628
2409	YNL293W	0.72625
2410	YDR346C	0.72616
2411	YMR317W	0.72614
2412	YBR207W	0.72607
2413	YIL091C	0.72587
2414	YPR047W	0.72583
2415	YLR272C	0.72576
2416	YGL241W	0.72574
2417	YOR383C	0.72573
2418	YDL079C	0.72542
2419	YML115C	0.72525
2420	YBR205W	0.72525
2421	YJL093C	0.72518
2422	YOR079C	0.72508
2423	YGL194C	0.72507
2424	YIL011W	0.72494
2425	YIL153W	0.72492
2426	YPR157W	0.72488
2427	YBR024W	0.72486
2428	YHR062C	0.72485
2429	YER027C	0.72482
2430	YNL306W	0.72477
2431	YHR117W	0.72475
2432	YGL236C	0.72471
2433	YDR358W	0.72471
2434	YDR161W	0.72469
2435	YPR060C	0.72426
2436	YCR084C	0.72424
2437	YPL110C	0.72419
2438	YIR039C	0.72412
2439	YCL045C	0.7241
2440	YNR029C	0.7241
2441	YGL184C	0.72403
2442	YDR107C	0.72394
2443	YJL117W	0.72392
2444	YLR281C	0.72383
2445	YJL082W	0.72381
2446	YNR052C	0.72379
2447	YGL155W	0.72366
2448	YNL107W	0.72364
2449	YCL038C	0.72363
2450	YCR101C	0.72354
2451	YGR141W	0.7235
2452	YOR016C	0.72349
2453	YOL049W	0.72342
2454	YFL016C	0.72338
2455	YKL096W	0.72335
2456	YDR031W	0.72334
2457	YHR137W	0.72333
2458	YOR063W	0.72333
2459	YBR297W	0.72326
2460	YKL026C	0.72321
2461	YNL256W	0.72317
2462	YFL034C-B	0.72311
2463	YOR201C	0.72309
2464	YCR013C	0.72302
2465	YDL019C	0.723
2466	YJR084W	0.72272
2467	YNR058W	0.7227
2468	YDR284C	0.72269
2469	YJL186W	0.72257
2470	YOR077W	0.72256
2471	YJL178C	0.72255
2472	YIL015W	0.72252
2473	YFR041C	0.72249
2474	YDL218W	0.72245
2475	YDR058C	0.72241
2476	YLR390W	0.72239
2477	YKR055W	0.72235
2478	YIL126W	0.72232
2479	YBR110W	0.72227
2480	YJR008W	0.72225
2481	YER150W	0.72218
2482	YOL052C	0.7221
2483	YNL190W	0.72199
2484	YDR338C	0.72199
2485	YMR180C	0.72198
2486	YGR111W	0.72194
2487	YJR133W	0.72181
2488	YHL032C	0.72174
2489	YIR032C	0.72168
2490	YPL087W	0.7215
2491	YDR145W	0.72149
2492	YOR100C	0.72139
2493	YDR459C	0.72137
2494	YER029C	0.72137
2495	YNL063W	0.72136
2496	YKL172W	0.72108
2497	YOR215C	0.72106
2498	YJR099W	0.72099
2499	YKL194C	0.72099
2500	YER001W	0.72094
2501	YDL171C	0.72093
2502	YGL187C	0.72093
2503	YKL192C	0.72086
2504	YPL152W	0.7208
2505	YEL044W	0.72078
2506	YGR061C	0.72075
2507	YKL096W-A	0.72071
2508	Q0065	0.72061
2509	YHR161C	0.72061
2510	YGR255C	0.72061
2511	YER005W	0.72047
2512	YBR223C	0.72037
2513	YGL144C	0.72032
2514	YFL034W	0.72027
2515	YJR078W	0.72019
2516	YGR266W	0.72018
2517	YGL198W	0.72017
2518	YOL067C	0.72012
2519	YJL065C	0.72012
2520	YDR477W	0.72011
2521	YAL046C	0.72011
2522	YMR150C	0.72009
2523	YBR070C	0.72009
2524	YJL177W	0.72003
2525	YDR097C	0.72003
2526	YNL212W	0.71998
2527	YCL050C	0.71979
2528	YDR178W	0.71968
2529	YKL215C	0.71968
2530	YLL052C	0.71957
2531	YMR063W	0.7195
2532	YDR332W	0.71948
2533	YLR145W	0.71948
2534	YIR015W	0.71941
2535	YMR306W	0.71934
2536	YJL097W	0.71927
2537	YCR044C	0.71925
2538	YDL033C	0.71924
2539	YMR088C	0.71919
2540	YLR026C	0.71901
2541	YOL008W	0.7188
2542	YMR228W	0.71879
2543	YBR017C	0.71871
2544	YKL007W	0.71859
2545	YPL273W	0.71856
2546	YMR162C	0.7185
2547	YDR067C	0.71849
2548	YFL054C	0.71847
2549	YDL200C	0.71842
2550	YLR264W	0.71837
2551	YMR277W	0.71834
2552	YKL017C	0.71831
2553	YLR413W	0.71828
2554	YOR252W	0.71809
2555	YNL326C	0.71804
2556	YBR056W	0.71803
2557	YDL023C	0.71778
2558	YDL060W	0.71774
2559	YLR020C	0.71773
2560	YGL111W	0.71773
2561	YHR052W	0.71761
2562	YKL087C	0.71756
2563	YCL075W	0.71754
2564	YKL180W	0.71746
2565	YBR162W-A	0.71734
2566	YGR054W	0.71727
2567	YBR293W	0.71727
2568	YHR164C	0.71726
2569	YDR493W	0.71718
2570	YFR027W	0.71713
2571	YOR167C	0.71709
2572	YLR144C	0.71704
2573	YIL007C	0.71698
2574	YOR223W	0.71696
2575	YPR119W	0.71686
2576	YKL065C	0.7168
2577	YJR010W	0.71678
2578	YNL316C	0.71676
2579	YNL284C	0.71674
2580	YGL242C	0.71666
2581	YDR268W	0.71655
2582	YDL177C	0.71649
2583	YNL110C	0.71648
2584	YJL163C	0.71626
2585	YER141W	0.7162
2586	YLR270W	0.71611
2587	YGR283C	0.71599
2588	YIL067C	0.71597
2589	YLL001W	0.71597
2590	YAR023C	0.71596
2591	YOR295W	0.71591
2592	YOR161W-B	0.71564
2593	YDR248C	0.71556
2594	YDR433W	0.71556
2595	YOR118W	0.71554
2596	YMR316C-B	0.71552
2597	Q0120	0.7155
2598	YMR321C	0.71521
2599	YLR386W	0.71513
2600	YPR161C	0.71513
2601	YGR194C	0.71511
2602	YLR335W	0.71511
2603	YAR003W	0.71504
2604	YBL055C	0.7149
2605	YBR084W	0.71488
2606	YNL025C	0.71483
2607	YKR040C	0.7148
2608	YHR178W	0.71468
2609	YGL246C	0.71466
2610	YPR037C	0.71442
2611	YNL177C	0.71435
2612	YGR133W	0.71428
2613	YDR061W	0.71426
2614	YMR193W	0.71423
2615	YPL147W	0.71421
2616	YLR085C	0.71418
2617	YGR162W	0.71416
2618	YLR450W	0.71411
2619	YLR250W	0.7141
2620	YPL133C	0.71405
2621	YMR155W	0.714
2622	YGL140C	0.71399
2623	YPR066W	0.71393
2624	YIL157C	0.71389
2625	YDL017W	0.71376
2626	YOR253W	0.71371
2627	YEL006W	0.7137
2628	YGL003C	0.71367
2629	YGL251C	0.71363
2630	YJR067C	0.71359
2631	YOR055W	0.71352
2632	YCL042W	0.7135
2633	YGR080W	0.7135
2634	YNR062C	0.7135
2635	YNL238W	0.71332
2636	YLR308W	0.7133
2637	YKL098W	0.71325
2638	YGL112C	0.71316
2639	YPL082C	0.71309
2640	YIL046W	0.71307
2641	YOL018C	0.71306
2642	YNL155W	0.71303
2643	YNL321W	0.71301
2644	YOR258W	0.71301
2645	YBR062C	0.71296
2646	YOR254C	0.7129
2647	YPR191W	0.71288
2648	YKR025W	0.71276
2649	YJL059W	0.71276
2650	YPR196W	0.71266
2651	YCR076C	0.71259
2652	YOR052C	0.71248
2653	YDR173C	0.71242
2654	YPR198W	0.71231
2655	YMR189W	0.71226
2656	YPL222W	0.71226
2657	YNL169C	0.71224
2658	YIL041W	0.71221
2659	YGL181W	0.71216
2660	YNR056C	0.71205
2661	YMR218C	0.71194
2662	YMR201C	0.71188
2663	YNL317W	0.71184
2664	YJL010C	0.7118
2665	YDR286C	0.71179
2666	YHR165W-A	0.71171
2667	YLR357W	0.71159
2668	YKL165C	0.71157
2669	YPL215W	0.71153
2670	YMR264W	0.71144
2671	YDR182W	0.71143
2672	YDR306C	0.71134
2673	YBR061C	0.7113
2674	YER147C	0.71122
2675	YDR531W	0.71116
2676	YDR189W	0.71111
2677	YNL079C	0.71095
2678	YJR146W	0.71095
2679	YOL056W	0.71087
2680	YHL031C	0.71085
2681	YAL048C	0.71077
2682	YOR390W	0.71068
2683	YPL140C	0.71063
2684	YCL047C	0.71062
2685	YJL168C	0.71054
2686	YLR316C	0.71053
2687	YHR139C	0.71052
2688	YJL096W	0.71051
2689	YNL239W	0.71035
2690	YKR017C	0.71034
2691	YPL176C	0.71031
2692	YPL060W	0.71029
2693	YOR130C	0.71019
2694	YIL110W	0.71018
2695	YPR184W	0.71016
2696	YDR194C	0.71011
2697	YDR419W	0.7101
2698	YDL045W-A	0.71009
2699	YMR263W	0.71006
2700	YGL173C	0.71004
2701	YDR444W	0.70998
2702	YOL126C	0.70982
2703	YLL012W	0.70982
2704	YDL215C	0.70981
2705	YNL147W	0.70973
2706	YIL113W	0.70972
2707	YGL262W	0.70967
2708	YNL260C	0.70966
2709	YIL034C	0.70942
2710	YGL027C	0.7094
2711	YKL070W	0.70925
2712	YNL305C	0.70924
2713	YKR003W	0.70915
2714	YGL084C	0.70913
2715	YML105C	0.70901
2716	YCR100C	0.7089
2717	YMR242C	0.7089
2718	YOR312C	0.7089
2719	YKL056C	0.70887
2720	YNL282W	0.70864
2721	YDL184C	0.70862
2722	YDL133C-A	0.70862
2723	YPL179W	0.70861
2724	YHL006C	0.7086
2725	YAL015C	0.70859
2726	YHR205W	0.70855
2727	YMR234W	0.70841
2728	YMR261C	0.70839
2729	YLR380W	0.70839
2730	YDL111C	0.70837
2731	YBR042C	0.70837
2732	YIL128W	0.70836
2733	YFR033C	0.70835
2734	YKL071W	0.70833
2735	YPL164C	0.7083
2736	YPR200C	0.70821
2737	YER163C	0.70815
2738	YKL189W	0.70815
2739	YDR292C	0.70813
2740	YBL058W	0.70811
2741	YLR274W	0.70811
2742	YNL149C	0.70808
2743	YLR105C	0.70808
2744	YMR166C	0.708
2745	YGR284C	0.70796
2746	YHR204W	0.70787
2747	YLR002C	0.70787
2748	YHR098C	0.70771
2749	YBR175W	0.70754
2750	YPL104W	0.70739
2751	YJL042W	0.70731
2752	YJR034W	0.70729
2753	YGR193C	0.70729
2754	YNL168C	0.70727
2755	YGL069C	0.7072
2756	YOR292C	0.70717
2757	YNL057W	0.70711
2758	YDR523C	0.70707
2759	YNR054C	0.70702
2760	YGL029W	0.70698
2761	YNL252C	0.70698
2762	YPL279C	0.70697
2763	YNL102W	0.70682
2764	YOL043C	0.70673
2765	YGR169C	0.7066
2766	YBR229C	0.7066
2767	YGL089C	0.70659
2768	YOR330C	0.70655
2769	YBR125C	0.70643
2770	YKL019W	0.70642
2771	YOR057W	0.70637
2772	YHL008C	0.70635
2773	YIR023W	0.70625
2774	YIL047C	0.70624
2775	YHR209W	0.70613
2776	YIL002C	0.70599
2777	YMR128W	0.70594
2778	YKR035W-A	0.70588
2779	YNL206C	0.70586
2780	YGL164C	0.70586
2781	YJL183W	0.70579
2782	YMR104C	0.70569
2783	YCL048W	0.70564
2784	YGR201C	0.70562
2785	YDR432W	0.70558
2786	YOR213C	0.70556
2787	YMR020W	0.70555
2788	YJR005W	0.70551
2789	YJL151C	0.70546
2790	YIL167W	0.70546
2791	YLR339C	0.70545
2792	YKL095W	0.70531
2793	YPL030W	0.70525
2794	YLR306W	0.7052
2795	YMR269W	0.70512
2796	YOR387C	0.7051
2797	YPL024W	0.70509
2798	YER080W	0.70501
2799	YKR048C	0.70497
2800	YKL174C	0.70485
2801	YIL106W	0.70478
2802	YDL101C	0.70477
2803	YKL167C	0.70469
2804	YJL011C	0.70464
2805	YAL001C	0.70464
2806	YFL009W	0.70455
2807	YGL104C	0.70454
2808	YOL061W	0.70452
2809	YGR263C	0.7044
2810	YER051W	0.70439
2811	YER059W	0.70431
2812	YGL049C	0.70423
2813	YGR036C	0.70422
2814	YPL249C	0.70421
2815	YBR181C	0.70413
2816	YPL090C	0.70413
2817	YGR074W	0.70405
2818	YOL113W	0.70404
2819	YOR340C	0.70402
2820	YBL061C	0.70398
2821	YDL011C	0.70398
2822	YKL030W	0.70394
2823	YOR212W	0.70391
2824	YCL001W-B	0.70388
2825	YPL196W	0.70385
2826	YNL048W	0.70383
2827	YHR171W	0.7038
2828	YLL006W	0.70376
2829	YKL018W	0.70375
2830	YLR047C	0.70373
2831	YGR268C	0.70339
2832	YMR078C	0.70333
2833	YNL015W	0.70331
2834	YBL019W	0.70324
2835	YJL036W	0.70316
2836	YGL243W	0.70307
2837	YDR325W	0.70306
2838	YER157W	0.70301
2839	YNL328C	0.70297
2840	YGL064C	0.70295
2841	YKR060W	0.70294
2842	YPR064W	0.70292
2843	YJL133W	0.70289
2844	YLR255C	0.70287
2845	YOL145C	0.70266
2846	YGR026W	0.70261
2847	YPL116W	0.70259
2848	YMR177W	0.70238
2849	YHR085W	0.70234
2850	YDL150W	0.7023
2851	YKR069W	0.70224
2852	YPL194W	0.70221
2853	YGL248W	0.70218
2854	YMR040W	0.70217
2855	YEL019C	0.70205
2856	YMR309C	0.70202
2857	YJR075W	0.70195
2858	YNL162W-A	0.70187
2859	YDR498C	0.70185
2860	YDL207W	0.70173
2861	YBR204C	0.70171
2862	YNL036W	0.70157
2863	YJL003W	0.70151
2864	YHR114W	0.70143
2865	YGL166W	0.70142
2866	YGR143W	0.70141
2867	YAL018C	0.7014
2868	YHR207C	0.7013
2869	YNL299W	0.7011
2870	YDL063C	0.70102
2871	YNL161W	0.70094
2872	YPR168W	0.7009
2873	YPR166C	0.70084
2874	YLR419W	0.70082
2875	YCR092C	0.70077
2876	YPR170W-B	0.70076
2877	YDR293C	0.70074
2878	YML051W	0.70072
2879	YDR435C	0.70071
2880	YJL139C	0.70069
2881	YDR405W	0.70062
2882	YKL040C	0.70062
2883	YOR018W	0.70049
2884	YGL082W	0.70038
2885	YHR016C	0.70026
2886	YFR022W	0.70006
2887	YLL062C	0.70004
2888	YPL145C	0.69974
2889	YOR054C	0.69973
2890	YBR201W	0.69965
2891	YHR151C	0.69962
2892	YOR132W	0.69958
2893	YBR268W	0.69943
2894	YBR107C	0.69934
2895	YLR143W	0.69931
2896	YLR246W	0.69927
2897	YER061C	0.69923
2898	YBR072W	0.69914
2899	YDR183W	0.69907
2900	YDR282C	0.69905
2901	YGR217W	0.69902
2902	YLR287C	0.6988
2903	YDL119C	0.69876
2904	YMR265C	0.6986
2905	YOR377W	0.69859
2906	YIR004W	0.69857
2907	YOR275C	0.69855
2908	YPL103C	0.69849
2909	YNR033W	0.69846
2910	YOR059C	0.69843
2911	YGR261C	0.69839
2912	YCL041C	0.69825
2913	YLR318W	0.69814
2914	YDR175C	0.69812
2915	YLR239C	0.69807
2916	YAL033W	0.69798
2917	YPR104C	0.69797
2918	YBR055C	0.69795
2919	YCR067C	0.69795
2920	YLR088W	0.69794
2921	YGR177C	0.69787
2922	YJL062W	0.69783
2923	YOR268C	0.69777
2924	YOR141C	0.69776
2925	YER030W	0.69772
2926	YCR030C	0.69766
2927	YOR296W	0.69765
2928	YLR452C	0.69742
2929	YJR035W	0.6973
2930	YLR390W-A	0.69711
2931	YIL147C	0.69708
2932	YDL154W	0.69703
2933	YNL062C	0.69703
2934	YBL069W	0.69696
2935	YOL111C	0.69695
2936	YLR019W	0.69694
2937	YFL003C	0.69693
2938	YOR233W	0.69688
2939	YOL057W	0.69681
2940	YLR133W	0.69679
2941	YER182W	0.69663
2942	YGL191W	0.69641
2943	YPL100W	0.69634
2944	YJL197W	0.69633
2945	YPR160W-A	0.69626
2946	YPL053C	0.69623
2947	YDL226C	0.69622
2948	YGL141W	0.69622
2949	YIL111W	0.69611
2950	YGL080W	0.69608
2951	YOR154W	0.69598
2952	YOL072W	0.69598
2953	YDR430C	0.69581
2954	YGR257C	0.6956
2955	YLL043W	0.6956
2956	YNL318C	0.69558
2957	YKR086W	0.69546
2958	YAL004W	0.69537
2959	YDR330W	0.69515
2960	YHR075C	0.69513
2961	YPR129W	0.69502
2962	YMR057C	0.69501
2963	YDR395W	0.695
2964	YPR017C	0.69495
2965	YOL152W	0.69491
2966	YJL115W	0.69489
2967	YMR127C	0.69477
2968	YMR188C	0.69466
2969	YOR389W	0.69465
2970	YGL258W	0.69461
2971	YFL047W	0.69456
2972	YBL013W	0.69453
2973	YEL055C	0.69451
2974	YJR052W	0.69451
2975	YDR479C	0.69449
2976	YDL167C	0.69446
2977	YGR271C-A	0.6944
2978	YJR042W	0.69435
2979	YBL027W	0.69433
2980	YBR084C-A	0.69433
2981	YOR005C	0.69423
2982	YPL195W	0.69423
2983	YDR379C-A	0.69423
2984	YNL203C	0.69422
2985	YGL183C	0.69417
2986	YPL009C	0.69411
2987	YLR149C-A	0.69389
2988	YOR035C	0.69379
2989	YOL135C	0.69377
2990	YBR274W	0.69365
2991	YGR088W	0.69362
2992	YDR390C	0.69355
2993	YPR038W	0.69328
2994	YDR421W	0.69326
2995	YHL002W	0.69322
2996	YLR164W	0.69322
2997	YFL036W	0.69313
2998	YPL132W	0.69306
2999	YHR115C	0.69298
3000	YKL222C	0.69279
3001	YKL031W	0.69271
3002	YDR436W	0.69266
3003	YPL210C	0.69263
3004	YDR365C	0.6926
3005	YJL126W	0.69252
3006	YBL101C	0.69252
3007	YDR427W	0.69247
3008	YPL138C	0.69246
3009	YPL063W	0.69245
3010	YGL065C	0.6924
3011	YBR288C	0.69238
3012	YPR125W	0.69234
3013	YOR090C	0.69231
3014	YIL030C	0.6922
3015	YJL031C	0.69202
3016	YOR335W-A	0.692
3017	YDL010W	0.69197
3018	YLR427W	0.69197
3019	YBR213W	0.69191
3020	YJR006W	0.69183
3021	YPR124W	0.69181
3022	YMR012W	0.69179
3023	YNL327W	0.69178
3024	YGL045W	0.69172
3025	YNL219C	0.6916
3026	YOL141W	0.69158
3027	YGR009C	0.69157
3028	YDL148C	0.69144
3029	YLR007W	0.69137
3030	YOR219C	0.69137
3031	YLR107W	0.6913
3032	YNR030W	0.69116
3033	YIL050W	0.69114
3034	YML081C-A	0.69113
3035	YJL085W	0.69113
3036	YDR265W	0.69107
3037	YBR141C	0.69105
3038	YPR023C	0.69097
3039	YPL029W	0.69092
3040	YBR185C	0.69088
3041	YDR349C	0.69086
3042	YGR241C	0.69085
3043	YHR166C	0.69083
3044	YIL082W-A	0.6908
3045	YLR025W	0.6908
3046	YPR189W	0.69078
3047	YJR061W	0.69074
3048	YJR088C	0.69071
3049	YIL107C	0.69068
3050	YHL014C	0.69061
3051	YHR124W	0.69041
3052	YDR538W	0.69039
3053	YOR244W	0.69038
3054	YNL119W	0.69036
3055	YPR114W	0.69029
3056	YDL156W	0.69027
3057	YCR071C	0.69027
3058	YCR079W	0.69007
3059	YDR506C	0.69005
3060	YLR455W	0.69004
3061	YHL012W	0.69003
3062	YGL250W	0.69003
3063	YBR026C	0.69
3064	YDL240W	0.68998
3065	YPR123C	0.68995
3066	YGR186W	0.68994
3067	YFL046W	0.68992
3068	YIR013C	0.68991
3069	YML118W	0.68983
3070	YHR116W	0.6898
3071	YDR387C	0.68977
3072	YDR512C	0.68959
3073	YOR082C	0.68957
3074	YLR115W	0.68952
3075	YCR042C	0.68951
3076	YML097C	0.68945
3077	YIL100W	0.68945
3078	YDR386W	0.68941
3079	YBR223W-A	0.68936
3080	YMR158W	0.68925
3081	YJL192C	0.68924
3082	YDR204W	0.6892
3083	YEL045C	0.68918
3084	YMR161W	0.6891
3085	YHR011W	0.68905
3086	YPL190C	0.68898
3087	YPL096W	0.68896
3088	YJR135W-A	0.68892
3089	YAL058W	0.68889
3090	YLR114C	0.6887
3091	YHR120W	0.68869
3092	YDL159W	0.68866
3093	YMR097C	0.68865
3094	YJR118C	0.68862
3095	YGR154C	0.68861
3096	YOR111W	0.68847
3097	YML127W	0.68842
3098	YBR221W-A	0.68838
3099	YML042W	0.68824
3100	YMR074C	0.68819
3101	YGR183C	0.68811
3102	YHR038W	0.68799
3103	YNL052W	0.68787
3104	YGR136W	0.68769
3105	YDR269C	0.68766
3106	YML009C	0.68765
3107	YDL195W	0.68765
3108	YGR073C	0.6876
3109	YGL024W	0.68756
3110	YNL131W	0.68753
3111	YGR117C	0.68751
3112	YBL096C	0.68743
3113	YHL013C	0.68738
3114	YGL019W	0.68737
3115	YOR022C	0.68732
3116	YMR114C	0.6873
3117	YPL172C	0.68727
3118	YGL018C	0.68717
3119	YBL067C	0.6871
3120	YHR086W	0.68704
3121	YLR205C	0.68702
3122	YJR142W	0.68701
3123	YLR443W	0.68697
3124	YCR096C	0.68694
3125	YLR319C	0.68689
3126	YBR273C	0.68683
3127	YNL251C	0.68679
3128	YLR414C	0.68678
3129	YDL198C	0.68673
3130	YDL233W	0.68672
3131	YLR150W	0.68668
3132	YDR308C	0.68664
3133	YNL004W	0.68663
3134	YJR055W	0.68659
3135	YML084W	0.68652
3136	YER123W	0.68648
3137	YPR087W	0.68643
3138	YOR031W	0.68636
3139	YHR134W	0.68633
3140	YKL187C	0.68633
3141	YOR231W	0.6862
3142	YOL086W-A	0.68615
3143	YMR076C	0.68614
3144	YML090W	0.68613
3145	YGL169W	0.68602
3146	YOR290C	0.68602
3147	YML019W	0.686
3148	YPL022W	0.68598
3149	YOR025W	0.68594
3150	YDR488C	0.68594
3151	YLR393W	0.68591
3152	YNL173C	0.68567
3153	YKL066W	0.68561
3154	YLR141W	0.68559
3155	YPL019C	0.68559
3156	YAR075W	0.68557
3157	YNR021W	0.68545
3158	YGL179C	0.68539
3159	YCR088W	0.68537
3160	YOL001W	0.68536
3161	YDR209C	0.6853
3162	YOL042W	0.68526
3163	YKL209C	0.68524
3164	YGL129C	0.68524
3165	YDR434W	0.68521
3166	YDR496C	0.68519
3167	YGL083W	0.68514
3168	YOR161W-A	0.6851
3169	YCR090C	0.68508
3170	YCL037C	0.68502
3171	YDR301W	0.68498
3172	YKL186C	0.68492
3173	YOL027C	0.68489
3174	YDR391C	0.68485
3175	YMR033W	0.68482
3176	YFR007W	0.68477
3177	YMR002W	0.68471
3178	YMR213W	0.68471
3179	YPL098C	0.68463
3180	YDL165W	0.68462
3181	YKL179C	0.68458
3182	YGL094C	0.68452
3183	YJR076C	0.6845
3184	YOR139C	0.68445
3185	YMR102C	0.68438
3186	YOR278W	0.68433
3187	YOR216C	0.68433
3188	YFL015C	0.68431
3189	YOL052C-A	0.68422
3190	YDR393W	0.68417
3191	YGR295C	0.68399
3192	YNL218W	0.68395
3193	YNL263C	0.68393
3194	YKL064W	0.68392
3195	YER116C	0.68387
3196	YIL142C-A	0.68373
3197	YMR251W-A	0.68365
3198	YDL068W	0.68358
3199	YER078C	0.68351
3200	YPL109C	0.68348
3201	YPL125W	0.68343
3202	YJL129C	0.68322
3203	YKL100C	0.6832
3204	YHR173C	0.68315
3205	YMR272W-B	0.68306
3206	YGL213C	0.68283
3207	YFR035C	0.68281
3208	YKL037W	0.68271
3209	YJR098C	0.68269
3210	YNR018W	0.68268
3211	YHR199C	0.6826
3212	YKL006C-A	0.68259
3213	YJR100C	0.68258
3214	YDR476C	0.68243
3215	YJR031C	0.6824
3216	YGR109W-B	0.68232
3217	YHR009C	0.68229
3218	YLR430W	0.68225
3219	YPL101W	0.68218
3220	YJL006C	0.68213
3221	YER187W	0.68209
3222	YGL185C	0.68201
3223	YJL072C	0.68199
3224	YPL277C	0.68188
3225	YDL118W	0.6818
3226	YDR036C	0.68176
3227	YOR102W	0.6817
3228	YJL077W-A	0.68167
3229	YMR035W	0.68156
3230	YKR103W	0.68155
3231	YML096W	0.68155
3232	YOL123W	0.68142
3233	YIR007W	0.68133
3234	YER048W-A	0.68128
3235	YBR074W	0.68117
3236	YJL091C	0.68114
3237	YBR271W	0.68111
3238	YPL209C	0.681
3239	YER098W	0.68095
3240	YFR002W	0.68082
3241	YMR227C	0.68076
3242	YNR069C	0.68069
3243	YBR281C	0.68064
3244	YDR132C	0.68063
3245	YDR334W	0.68057
3246	YPL045W	0.68055
3247	YCL049C	0.68049
3248	YDL066W	0.68047
3249	YER101C	0.68045
3250	YPL270W	0.68044
3251	YPL083C	0.68044
3252	YMR182W-A	0.68026
3253	YMR110C	0.68023
3254	YBR282W	0.68019
3255	YDR094W	0.68019
3256	YMR004W	0.68018
3257	YNL320W	0.68011
3258	YCR038W-A	0.67996
3259	Q0055	0.67996
3260	YMR086C-A	0.67987
3261	YKL173W	0.67985
3262	YGL053W	0.67985
3263	YJL166W	0.67982
3264	YBL045C	0.67967
3265	YLR116W	0.67964
3266	YML060W	0.67957
3267	YLR388W	0.6795
3268	YDR210W	0.67945
3269	YHR196W	0.67937
3270	YNL032W	0.67933
3271	YPR091C	0.67932
3272	YCR073C	0.67924
3273	YGL178W	0.67917
3274	YDL015C	0.67914
3275	YOR198C	0.67909
3276	YDL161W	0.67908
3277	YBR030W	0.67904
3278	YNL094W	0.67902
3279	YNL298W	0.67901
3280	YBR060C	0.67896
3281	YBL037W	0.67895
3282	YML057C-A	0.67884
3283	YJL154C	0.67882
3284	YER048C	0.67882
3285	YKR087C	0.67877
3286	YLR292C	0.67875
3287	YIR023C-A	0.67872
3288	YOR200W	0.67865
3289	YLR122C	0.67863
3290	YNL124W	0.67853
3291	YCR035C	0.67845
3292	YNL092W	0.67845
3293	YJR051W	0.67841
3294	YKR085C	0.67839
3295	YOR353C	0.67836
3296	YOR002W	0.67833
3297	YEL012W	0.6783
3298	YNL286W	0.67828
3299	YDL241W	0.67827
3300	YPR162C	0.67823
3301	YBL100C	0.67821
3302	YMR055C	0.67818
3303	YNL336W	0.67814
3304	YIL171W	0.67802
3305	YDR174W	0.67802
3306	YBR147W	0.67801
3307	YDR320W-B	0.67799
3308	YER188W	0.67799
3309	YPL007C	0.67789
3310	YBR280C	0.67788
3311	YMR312W	0.67787
3312	YPR135W	0.67778
3313	YAL056C-A	0.67772
3314	YML132W	0.67759
3315	YBR302C	0.67759
3316	YLR050C	0.67753
3317	YER058W	0.67747
3318	YNL043C	0.67743
3319	YGR121W-A	0.67743
3320	YBL072C	0.67739
3321	YER102W	0.67739
3322	YHR140W	0.67732
3323	YLR301W	0.67725
3324	YIR006C	0.6772
3325	YFL025C	0.67715
3326	YLR286W-A	0.67711
3327	YPL023C	0.6771
3328	YDL159C-B	0.67695
3329	YCL023C	0.67689
3330	YAL034W-A	0.67689
3331	YDL160C-A	0.67679
3332	YGR157W	0.67675
3333	YPL263C	0.67674
3334	YKL132C	0.67673
3335	YLR387C	0.67662
3336	YNR038W	0.6766
3337	YDL008W	0.67659
3338	YLR279W	0.67642
3339	YIL076W	0.6763
3340	YGL195W	0.67626
3341	YEL034C-A	0.67613
3342	YLR240W	0.6761
3343	YLR226W	0.67607
3344	YDR288W	0.67606
3345	YEL033W	0.67587
3346	YMR306C-A	0.67579
3347	YNL116W	0.67573
3348	YAL037C-B	0.67558
3349	YJL053W	0.67552
3350	YDL096C	0.67548
3351	YJL052C-A	0.67546
3352	YGL231C	0.67542
3353	YJR019C	0.67539
3354	YIL134W	0.67535
3355	YHR090C	0.67521
3356	YJL175W	0.67519
3357	YGR102C	0.67513
3358	YLR077W	0.67512
3359	YDR428C	0.67504
3360	YEL059W	0.675
3361	YGL067W	0.67488
3362	YDR004W	0.67475
3363	YBR141W-A	0.67468
3364	YKL178C	0.67467
3365	YHR081W	0.67461
3366	YPR059C	0.67451
3367	YIL156W-B	0.6745
3368	YGL161C	0.6745
3369	YIL095W	0.67449
3370	YHR206W	0.67415
3371	YIL150C	0.67413
3372	YIL054W	0.67411
3373	YDR363W-A	0.67409
3374	YIR040C	0.67408
3375	YHR192W	0.67405
3376	YFL031W	0.67398
3377	YOL077W-A	0.67395
3378	YOR067C	0.67385
3379	YML061C	0.67384
3380	YML066C	0.67382
3381	YEL048C	0.6738
3382	YPL078C	0.67373
3383	YPL072W	0.67373
3384	YIL023C	0.67364
3385	YER037W	0.67363
3386	YCR007C	0.6736
3387	YCL032W	0.6736
3388	YKL201C	0.6736
3389	YBR190W	0.67358
3390	Q0142	0.67355
3391	YOR160W	0.67346
3392	YDR517W	0.67346
3393	YPR092W	0.67341
3394	YJR071W	0.67337
3395	YDR162C	0.67329
3396	YAR028W	0.67325
3397	YEL073C	0.67321
3398	YCR006C	0.67317
3399	YKR071C	0.67316
3400	YCL057C-A	0.67307
3401	YLR080W	0.67304
3402	YNL310C	0.67301
3403	YOR008C	0.67299
3404	YOR034C-A	0.67299
3405	YKR072C	0.67298
3406	YAL016C-A	0.67294
3407	YPL247C	0.6729
3408	YDR537C	0.6727
3409	YKR061W	0.67269
3410	YDL061C	0.67265
3411	YGR119C	0.6725
3412	YBL095W	0.67247
3413	YIL059C	0.67247
3414	YDR503C	0.67244
3415	YNL291C	0.6723
3416	YDR372C	0.67228
3417	YJR161C	0.67226
3418	YLR016C	0.67224
3419	YER154W	0.67208
3420	YOR171C	0.67204
3421	YER076C	0.67197
3422	YDL054C	0.67196
3423	YGL259W	0.67196
3424	YDR311W	0.67196
3425	YDR233C	0.67195
3426	YDL021W	0.67186
3427	YDR205W	0.67183
3428	YLR194C	0.6718
3429	YMR324C	0.67172
3430	YGR107W	0.67165
3431	YDL248W	0.67165
3432	YPR143W	0.67163
3433	YCL016C	0.67158
3434	YBL108W	0.67149
3435	YHL010C	0.67149
3436	YPL084W	0.67148
3437	YNL002C	0.67144
3438	YAL051W	0.67139
3439	YHR077C	0.67136
3440	YEL053W-A	0.67136
3441	YOR281C	0.67126
3442	YMR024W	0.67117
3443	YOR134W	0.67113
3444	YPL119C-A	0.67112
3445	YML100W	0.67109
3446	YDR242W	0.67097
3447	YDL105W	0.67092
3448	YLR399W-A	0.67084
3449	YHL019C	0.67082
3450	YGR022C	0.67077
3451	YDL041W	0.67076
3452	YHR087W	0.67074
3453	YLR379W-A	0.67074
3454	YGL074C	0.67068
3455	YHL034W-A	0.67067
3456	YLR090W	0.67066
3457	YPR169W	0.67066
3458	YOR301W	0.67063
3459	YKL125W	0.67053
3460	YJL027C	0.6705
3461	YJR046W	0.67047
3462	YOR038C	0.67042
3463	YKL077W	0.67036
3464	YPL003W	0.67031
3465	YNL083W	0.67028
3466	YPL188W	0.67019
3467	YOR045W	0.67009
3468	YBL008W	0.67006
3469	YOR205C	0.67003
3470	YHR182C-A	0.66994
3471	YOR334W	0.66992
3472	YGR058W	0.66991
3473	YGL098W	0.66978
3474	YLR323C	0.66974
3475	YHR188C	0.66966
3476	YDL024C	0.66964
3477	YHL007C	0.66958
3478	YMR272W-A	0.66957
3479	YKL139W	0.6695
3480	YKL090W	0.66941
3481	YGR110W	0.66941
3482	YOL146W	0.6693
3483	YKL223W	0.6693
3484	YDR370C	0.66925
3485	YOL128C	0.66918
3486	YFR037C	0.66912
3487	YLR371W	0.6691
3488	YIL140W	0.66908
3489	YDR403W	0.66905
3490	YJR033C	0.66903
3491	YNL325C	0.66903
3492	YML031W	0.669
3493	YHR073C-B	0.66889
3494	YOR180C	0.6688
3495	YDR440W	0.66875
3496	YLR266C	0.66872
3497	YJL193W	0.66868
3498	YIL102C	0.66859
3499	YJL102W	0.66846
3500	YKL142W	0.66832
3501	YIL073C	0.66829
3502	YDR478W	0.6682
3503	YKR049C	0.66811
3504	YDR114C	0.6681
3505	YMR125W	0.66807
3506	YIL085C	0.66804
3507	YGL260W	0.66802
3508	YMR230W-A	0.668
3509	YBR116C	0.668
3510	YPL167C	0.66793
3511	YIR021W	0.66788
3512	YIL038C	0.66771
3513	YJL064W	0.66767
3514	YLR349W	0.66761
3515	YGR236C	0.6676
3516	YDL231C	0.66759
3517	YAR019W-A	0.66753
3518	YMR005W	0.66751
3519	YGL153W	0.66746
3520	YER021W	0.66739
3521	YDL209C	0.66736
3522	YDR510C-A	0.66732
3523	YBR233W	0.6673
3524	YIL058W	0.6673
3525	YOR363C	0.66718
3526	YNL308C	0.66714
3527	YBL047C	0.66704
3528	YHR045W	0.667
3529	YKR047W	0.66692
3530	YDL058W	0.6669
3531	YGR066C	0.6669
3532	YER165C-A	0.6668
3533	YHL048W	0.66677
3534	YGL051W	0.66669
3535	YNL028W	0.66667
3536	YDR160W	0.66659
3537	YBR231C	0.66647
3538	YCL008C	0.66646
3539	YLR021W	0.66637
3540	YEL008W	0.66636
3541	YBR119W	0.66634
3542	YER151C	0.66629
3543	YGL165C	0.66628
3544	YLL054C	0.66628
3545	YDR054C	0.66626
3546	YNL273W	0.66624
3547	YJR050W	0.6662
3548	YAR033W	0.66611
3549	YGL032C	0.6661
3550	YHR032C-A	0.66598
3551	YIR043C	0.66595
3552	YGR178C	0.66585
3553	YJR004C	0.66574
3554	YDL187C	0.66573
3555	YNR040W	0.66567
3556	YOR318C	0.66564
3557	YPR105C	0.66559
3558	YIL151C	0.66557
3559	YLR225C	0.66554
3560	YCR024C-B	0.66547
3561	YJL203W	0.66541
3562	YNL182C	0.66538
3563	YIL046W-A	0.66537
3564	YJR022W	0.66537
3565	YIL161W	0.66528
3566	YPR029C	0.66525
3567	YGL125W	0.6652
3568	YDL153C	0.66513
3569	YNL217W	0.66512
3570	YNL180C	0.66506
3571	YKL140W	0.66502
3572	YMR290W-A	0.66499
3573	YGR216C	0.66493
3574	YBL035C	0.6649
3575	YIL070C	0.66489
3576	YDL030W	0.66486
3577	YHR028W-A	0.66485
3578	YOR026W	0.6648
3579	YBR113W	0.66477
3580	YKL198C	0.66464
3581	YHR180W-A	0.66461
3582	YOL150C	0.66451
3583	YKR092C	0.66446
3584	YFL062W	0.66442
3585	YGR099W	0.6644
3586	YFL040W	0.66434
3587	YFR016C	0.66432
3588	YKL137W	0.66425
3589	YNL216W	0.66424
3590	YNL267W	0.66419
3591	YBR086C	0.66414
3592	YGR101W	0.66407
3593	YER127W	0.66403
3594	YDR128W	0.66401
3595	YPL142C	0.664
3596	YMR223W	0.66399
3597	YGL244W	0.66393
3598	YPL064C	0.66382
3599	YMR042W	0.66381
3600	YKL010C	0.66374
3601	YBL104C	0.66371
3602	YOR331C	0.66369
3603	YBR105C	0.66368
3604	YLR337C	0.66368
3605	Q0160	0.66366
3606	YPR001W	0.66365
3607	YPR048W	0.66361
3608	YMR231W	0.66356
3609	YNL067W-B	0.66353
3610	YBR174C	0.66342
3611	YGR090W	0.66341
3612	YDR274C	0.66339
3613	YOR309C	0.66338
3614	YHR213W-B	0.66325
3615	YLR362W	0.6631
3616	YER180C-A	0.66298
3617	YLR064W	0.66285
3618	YDR347W	0.66284
3619	Q0060	0.66282
3620	YPL112C	0.66282
3621	YER147C-A	0.6628
3622	YFR034W-A	0.66279
3623	YHR118C	0.66276
3624	YBL080C	0.66268
3625	YML100W-A	0.66256
3626	YOR051C	0.66247
3627	YPL148C	0.66245
3628	YNL221C	0.6624
3629	YOL046C	0.66238
3630	YGR062C	0.66236
3631	YMR259C	0.66222
3632	YNL184C	0.66218
3633	YDR266C	0.66217
3634	YGL257C	0.66215
3635	YPL225W	0.66211
3636	YCR086W	0.66209
3637	YDR289C	0.66209
3638	YPL191C	0.66205
3639	YER119C-A	0.66202
3640	YJL119C	0.66197
3641	YLR051C	0.66188
3642	YDR410C	0.66187
3643	YNL250W	0.66187
3644	YIL105C	0.66183
3645	YMR216C	0.66169
3646	YKL099C	0.66168
3647	YNL289W	0.66164
3648	YDR044W	0.6614
3649	YLR045C	0.66138
3650	YHL049C	0.66134
3651	YGL110C	0.66133
3652	YJR039W	0.66125
3653	YAR031W	0.66114
3654	YPL238C	0.66112
3655	YFL021C-A	0.66106
3656	YBR158W	0.66102
3657	YBR134W	0.661
3658	YLR023C	0.66096
3659	YHR080C	0.66091
3660	YIL006W	0.66081
3661	YER088C-A	0.66079
3662	YOR070C	0.66069
3663	YOL047C	0.66068
3664	YNL272C	0.66063
3665	YNR075W	0.66059
3666	YDR154C	0.66056
3667	YKR021W	0.66045
3668	YBR090C	0.66042
3669	YEL053C	0.6603
3670	YCR024C-A	0.66023
3671	YPR175W	0.66019
3672	YDL157C	0.66015
3673	YDR168W	0.6601
3674	YCR026C	0.66005
3675	YOR345C	0.65998
3676	YNL085W	0.65997
3677	YDR171W	0.65991
3678	YDL034W	0.65986
3679	YGL056C	0.65984
3680	YDL059C	0.65974
3681	YJL142C	0.65964
3682	YNL261W	0.65959
3683	YPL137C	0.65954
3684	YBL059C-A	0.65946
3685	YHR095W	0.65946
3686	YOR014W	0.65943
3687	YBR005W	0.65938
3688	YHR122W	0.65937
3689	YDR417C	0.65936
3690	YFR020W	0.65935
3691	YDR302W	0.65935
3692	YHR180W	0.65931
3693	YKR064W	0.65925
3694	YJL137C	0.65923
3695	YPL065W	0.65915
3696	YEL015W	0.65909
3697	YLR140W	0.65908
3698	YLR124W	0.65907
3699	YPR018W	0.65897
3700	YDR122W	0.65896
3701	YPL268W	0.65894
3702	YEL035C	0.65894
3703	YJL222W-B	0.6589
3704	YIL175W	0.6589
3705	YDL122W	0.65889
3706	YLR041W	0.65888
3707	YOR029W	0.65888
3708	YGR128C	0.65884
3709	YLR103C	0.65884
3710	YHR150W	0.65881
3711	YDR407C	0.6588
3712	YOR256C	0.65877
3713	YJL148W	0.65875
3714	YJL194W	0.65874
3715	YOR277C	0.65865
3716	YBR246W	0.65865
3717	YER105C	0.65864
3718	YIL057C	0.65854
3719	YDR152W	0.65853
3720	YKL033W	0.65839
3721	YOL076W	0.65824
3722	YDR354W	0.65821
3723	YJL165C	0.65817
3724	YMR047C	0.65812
3725	YBL049W	0.65812
3726	YOL071W	0.65809
3727	YPR170C	0.65803
3728	YOR322C	0.65801
3729	YMR242W-A	0.65798
3730	YHR071C-A	0.65785
3731	YPR154W	0.65784
3732	YKR032W	0.6578
3733	YDR244W	0.6578
3734	YMR245W	0.65778
3735	YCR050C	0.65771
3736	YOR288C	0.6577
3737	YPL252C	0.65745
3738	YDR527W	0.6574
3739	YLR290C	0.65739
3740	YIL079C	0.65737
3741	YBR226C	0.65727
3742	YLR305C	0.65719
3743	YOR020W-A	0.65716
3744	YKL156C-A	0.65715
3745	YMR289W	0.65706
3746	YLR248W	0.65705
3747	YML130C	0.65702
3748	YBR109W-A	0.65694
3749	YOL102C	0.65681
3750	YCR041W	0.65673
3751	YDL086C-A	0.65666
3752	YNL242W	0.65666
3753	YGR003W	0.65662
3754	YGR270C-A	0.65656
3755	YPL222C-A	0.65653
3756	YLR032W	0.65644
3757	YIL028W	0.65636
3758	YPL162C	0.65634
3759	YDR472W	0.65621
3760	YDR316W	0.65619
3761	YGL180W	0.65616
3762	YNL130C-A	0.65615
3763	YLR207W	0.6559
3764	YBR059C	0.65588
3765	YGL235W	0.65587
3766	YOL108C	0.65584
3767	YFL051C	0.65579
3768	YIL154C	0.65575
3769	YNL144W-A	0.6557
3770	YGR176W	0.65566
3771	YNL186W	0.65564
3772	YHR180C-B	0.65564
3773	YPL251W	0.6556
3774	YJR036C	0.65557
3775	YDR467C	0.65552
3776	YDR187C	0.65547
3777	YJL152W	0.65545
3778	YOR386W	0.65538
3779	YDL022C-A	0.65531
3780	YOL148C	0.6553
3781	YIL131C	0.65525
3782	YJL025W	0.65516
3783	YOR237W	0.65507
3784	YOR245C	0.65505
3785	YNL283C	0.65505
3786	YDL225W	0.65504
3787	YCL002C	0.65498
3788	YOL116W	0.65498
3789	YHR059W	0.65487
3790	YIL115C	0.65485
3791	YGL034C	0.65482
3792	YAR064W	0.65481
3793	YPR116W	0.65481
3794	YKR058W	0.65479
3795	YJR054W	0.65474
3796	YDR218C	0.65474
3797	YLL010C	0.65473
3798	YCR097W-A	0.65471
3799	YGR167W	0.6547
3800	YDR482C	0.65456
3801	YLR093C	0.65453
3802	YAL042C-A	0.65446
3803	YPR093C	0.65435
3804	YKL016C	0.65434
3805	YOL149W	0.65428
3806	YKL206C	0.65414
3807	YKL097C	0.65412
3808	YGR116W	0.65404
3809	YBR022W	0.65403
3810	YMR233W	0.65403
3811	YBL006W-A	0.65395
3812	YNL009W	0.65387
3813	YDR018C	0.65381
3814	YDL175C	0.65379
3815	YNL258C	0.65373
3816	YDR137W	0.65366
3817	YHL030W	0.65366
3818	YLR412C-A	0.65362
3819	YDL035C	0.65359
3820	YIR017C	0.65355
3821	YDR106W	0.65348
3822	YKR065C	0.65338
3823	YKL147C	0.65331
3824	YDR461W	0.65328
3825	YOR069W	0.65325
3826	YCR019W	0.65321
3827	YKR063C	0.65319
3828	YLR456W	0.65308
3829	YDR198C	0.65302
3830	YEL016C	0.65301
3831	YER140W	0.65295
3832	YHR022C-A	0.65294
3833	YNL324W	0.65286
3834	YJR094W-A	0.65283
3835	YPR043W	0.65283
3836	YDR049W	0.65282
3837	YKL012W	0.65281
3838	YLR296W	0.6528
3839	YOR075W	0.65274
3840	Q0070	0.65264
3841	YOR203W	0.65263
3842	YHR146W	0.65262
3843	YLR206W	0.65247
3844	YPR010C-A	0.6524
3845	YNL300W	0.65228
3846	YNR023W	0.65225
3847	YDR080W	0.65214
3848	YLR347W-A	0.65204
3849	YPR179C	0.65203
3850	YGR238C	0.65199
3851	YOL050C	0.65196
3852	YOL144W	0.65196
3853	YKL043W	0.65195
3854	YBR193C	0.65193
3855	YJL195C	0.65191
3856	YGR165W	0.65179
3857	YFR052C-A	0.65174
3858	YGL216W	0.65169
3859	YLR097C	0.6516
3860	YLR262C-A	0.6516
3861	YOR365C	0.65155
3862	YAR008W	0.65149
3863	YKL082C	0.65149
3864	YMR067C	0.65147
3865	YLL059C	0.65145
3866	YPR053C	0.65145
3867	YNR044W	0.65142
3868	YAR053W	0.6514
3869	YLR299W	0.65137
3870	YBR142W	0.65131
3871	YER007W	0.6513
3872	YML122C	0.65127
3873	YNL279W	0.65122
3874	YAR035C-A	0.65113
3875	YPL037C	0.65107
3876	YAL014C	0.65101
3877	YJR126C	0.65091
3878	YJL136W-A	0.65085
3879	YLR157W-E	0.6508
3880	YJR002W	0.65077
3881	YIL061C	0.65065
3882	YFR001W	0.65065
3883	YPL181W	0.65062
3884	YIR030W-A	0.6506
3885	YGR223C	0.65059
3886	YEL030C-A	0.65052
3887	YBR111W-A	0.65052
3888	YJL071W	0.65046
3889	YBR085C-A	0.65038
3890	YLR183C	0.65027
3891	YNL118C	0.65026
3892	YOR360C	0.65023
3893	YOL033W	0.65016
3894	YKL175W	0.6501
3895	YOR138C	0.65008
3896	YDR464C-A	0.65006
3897	YLR314C	0.65
3898	YFL010C	0.64997
3899	YCR014C	0.64992
3900	YPR085C	0.64992
3901	YGR139W	0.64992
3902	YMR275C	0.64992
3903	YIL138C	0.64992
3904	YOL022C	0.64985
3905	YBR200W-A	0.64985
3906	YGR170W	0.64982
3907	YDR026C	0.64981
3908	YIL171W-A	0.64974
3909	YJL220W	0.64974
3910	YGR033C	0.64973
3911	YMR165C	0.64963
3912	YBR253W	0.64954
3913	YJL046W	0.6495
3914	YML013W	0.64947
3915	YHL035C	0.64945
3916	YGR166W	0.64944
3917	YIL017C	0.64939
3918	YDR504C	0.64931
3919	YDR420W	0.64927
3920	YDL133W	0.64918
3921	YCL005W-A	0.64915
3922	YIL130W	0.649
3923	YGR014W	0.64898
3924	YGR149W	0.64896
3925	YDR323C	0.64895
3926	YHR131W-A	0.64885
3927	YJR112W	0.64879
3928	YHR197W	0.64876
3929	YBL004W	0.64873
3930	YGR158C	0.64868
3931	YGL172W	0.64855
3932	YAL067W-A	0.64854
3933	YER083C	0.64849
3934	YMR154C	0.64831
3935	YML049C	0.6483
3936	YOR124C	0.64828
3937	YNL271C	0.64827
3938	YMR267W	0.64826
3939	YJL141C	0.64824
3940	YNL236W	0.64818
3941	YCR045W-A	0.64818
3942	YHR067W	0.64818
3943	YNL103W-A	0.64808
3944	YGL016W	0.64806
3945	YBR260C	0.64805
3946	YDR087C	0.64805
3947	YGL088W	0.64801
3948	YER144C	0.64783
3949	YPL183W-A	0.6478
3950	YJL123C	0.64779
3951	YPL032C	0.64776
3952	YMR295C	0.64774
3953	YGR146C-A	0.6476
3954	YIL021C-A	0.64757
3955	YLR425W	0.64743
3956	YMR105W-A	0.64743
3957	YCR077C	0.64739
3958	YJL047C	0.6473
3959	YFR045W	0.6473
3960	YJR128W	0.64721
3961	YBR028C	0.64719
3962	YGR006W	0.64717
3963	YCR093W	0.64717
3964	YER087C-B	0.64714
3965	YJR018W	0.64714
3966	YHR198C	0.64711
3967	YOR050C	0.64708
3968	YOL040C	0.64708
3969	YOL019W-A	0.64701
3970	YFL029C	0.64701
3971	YHR126C	0.64695
3972	YML094C-A	0.6469
3973	YPL062W	0.64678
3974	YCR089W	0.64675
3975	YOR299W	0.64665
3976	YER128W	0.64664
3977	YNL089C	0.64663
3978	YMR126C	0.64662
3979	YOR210W	0.64661
3980	YOR267C	0.64657
3981	YLR157C-C	0.64656
3982	YLR156C-A	0.64656
3983	YLR154C-H	0.64656
3984	YLR159C-A	0.64656
3985	YAL002W	0.64655
3986	YLR317W	0.64654
3987	YOR073W-A	0.64644
3988	YCR081C-A	0.64637
3989	YML111W	0.64634
3990	YGL218W	0.64631
3991	YMR028W	0.64629
3992	YBR247C	0.64623
3993	YIL096C	0.64618
3994	YFL013W-A	0.64611
3995	YMR173W	0.64595
3996	YLR013W	0.64593
3997	YMR247C	0.64592
3998	YBR121C-A	0.64591
3999	YDL234C	0.64587
4000	YJL109C	0.6458
4001	YOR156C	0.64577
4002	YJL009W	0.64553
4003	YLR068W	0.64549
4004	YOR376W-A	0.64543
4005	YGL228W	0.64539
4006	YER087W	0.64531
4007	YIL087C	0.64528
4008	YKL102C	0.64526
4009	YPR108W-A	0.64504
4010	YGR050C	0.64502
4011	YML032C	0.64499
4012	YHR133C	0.64494
4013	YOR325W	0.64494
4014	YMR039C	0.64492
4015	YFL015W-A	0.64485
4016	YOR183W	0.64484
4017	YMR209C	0.64483
4018	YKL055C	0.64481
4019	YJR079W	0.64467
4020	YNL035C	0.64465
4021	YPR057W	0.64464
4022	YJL197C-A	0.64451
4023	YBL062W	0.64445
4024	YNL269W	0.64444
4025	YAL025C	0.64443
4026	YDR208W	0.64428
4027	YKL219W	0.64413
4028	YLR312W-A	0.64412
4029	YDR320C-A	0.64409
4030	YOR314W-A	0.64406
4031	YGR188C	0.64406
4032	YJL039C	0.64404
4033	YDL221W	0.64404
4034	YIR018C-A	0.64397
4035	YCL052C	0.64379
4036	YDR412W	0.64371
4037	YHL030W-A	0.64369
4038	YJL004C	0.64368
4039	YPR036W	0.64355
4040	YDR460W	0.64354
4041	YJL043W	0.64345
4042	YBR144C	0.64342
4043	YDR355C	0.6433
4044	YDR206W	0.6433
4045	YDR079W	0.64329
4046	YOL105C	0.64326
4047	YGR056W	0.64314
4048	YGR059W	0.64309
4049	YGL258W-A	0.64308
4050	YHR158C	0.64306
4051	YOL045W	0.64303
4052	YFL023W	0.64293
4053	YMR212C	0.64276
4054	YJR151W-A	0.64271
4055	YGR046W	0.64269
4056	YHR186C	0.64264
4057	YEL009C	0.64251
4058	YDL025C	0.64241
4059	YPR077C	0.64241
4060	YEL022W	0.6424
4061	YOR072W-A	0.64234
4062	YMR129W	0.64224
4063	YLR035C	0.64218
4064	YKL076C	0.64202
4065	YLR368W	0.642
4066	YML089C	0.64188
4067	YDR491C	0.64184
4068	YDL026W	0.64182
4069	YLR156W	0.6417
4070	YLR159W	0.6417
4071	YLR161W	0.6417
4072	YLR015W	0.64164
4073	YLR379W	0.64156
4074	YHR073W	0.64139
4075	YDR230W	0.64136
4076	YJL131C	0.64132
4077	YML048W	0.64132
4078	YPR139C	0.64125
4079	YGR127W	0.64125
4080	YOR179C	0.64117
4081	YHL015W-A	0.64117
4082	YNL193W	0.64115
4083	YGR112W	0.64114
4084	YLR063W	0.6411
4085	YAL045C	0.6411
4086	YOR269W	0.64103
4087	YLR280C	0.64098
4088	YOR072W	0.64098
4089	YCR054C	0.64097
4090	YIL082W	0.64083
4091	YOL155W-A	0.64077
4092	YDR150W	0.64074
4093	YBR122C	0.64072
4094	YIR036W-A	0.64071
4095	YMR254C	0.64066
4096	YMR031W-A	0.64063
4097	YEL017C-A	0.64061
4098	YOL088C	0.64056
4099	YKL005C	0.64053
4100	YKL188C	0.64052
4101	YKL047W	0.64052
4102	YPR014C	0.64051
4103	YGL263W	0.6405
4104	YPL025C	0.6405
4105	YFL064C	0.64038
4106	YPR195C	0.64034
4107	YHL005C	0.64025
4108	YGR212W	0.64016
4109	YDR473C	0.64016
4110	YNL249C	0.64009
4111	YOR305W	0.64004
4112	YLR162W	0.63999
4113	YHL045W	0.63998
4114	YHL048C-A	0.63993
4115	YGR109W-A	0.63992
4116	YDR020C	0.63991
4117	YNL122C	0.63988
4118	YPR130C	0.6398
4119	YOL048C	0.63978
4120	YGR109C	0.63971
4121	YLL031C	0.63971
4122	YMR013W-A	0.63952
4123	YBR064W	0.63949
4124	YGR235C	0.63948
4125	YMR157C	0.63945
4126	YEL018C-A	0.63937
4127	YKL214C	0.63926
4128	YPL205C	0.63922
4129	YJR044C	0.63919
4130	YOR068C	0.63911
4131	YPL243W	0.63909
4132	YML011C	0.63905
4133	YPL189W	0.63904
4134	YGR091W	0.63887
4135	YPL165C	0.63884
4136	YJR122W	0.63879
4137	YLR311C	0.63877
4138	YGL109W	0.63876
4139	YPR097W	0.6387
4140	YNL084C	0.63866
4141	R0020C	0.63865
4142	YJR111C	0.63862
4143	YLL051C	0.63856
4144	YJL127W-A	0.6385
4145	YGR182C	0.63836
4146	YOR033C	0.63834
4147	YJL028W	0.63833
4148	YMR156C	0.63829
4149	YDL196W	0.63829
4150	YOR174W	0.63827
4151	YGL149W	0.63818
4152	YMR087W	0.63802
4153	YGR205W	0.63801
4154	YLR185W	0.63801
4155	YJR140C	0.63795
4156	YJL206C	0.63792
4157	YPR016W-A	0.63792
4158	YPL074W	0.63791
4159	YDR442W	0.63788
4160	YKR023W	0.63788
4161	YNL017C	0.63785
4162	YCR085W	0.63768
4163	YDR180W	0.63759
4164	YPL069C	0.63755
4165	YMR291W	0.63742
4166	YOL099C	0.63737
4167	YJR097W	0.6373
4168	YMR010W	0.63729
4169	YNL146C-A	0.63712
4170	YJL062W-A	0.6371
4171	YGR051C	0.6371
4172	YML031C-A	0.63709
4173	YKL124W	0.63691
4174	YJL156C	0.6367
4175	YBL044W	0.63667
4176	YMR112C	0.63664
4177	YMR313C	0.63664
4178	YLR417W	0.63661
4179	YIL047C-A	0.63654
4180	YJL106W	0.63653
4181	YGL203C	0.63648
4182	YGL072C	0.63647
4183	YGR204C-A	0.63635
4184	YJL173C	0.63632
4185	YML009W-B	0.63624
4186	YDR110W	0.63623
4187	YKL153W	0.63619
4188	YML071C	0.63612
4189	YDL112W	0.6361
4190	YBL020W	0.63603
4191	YGR070W	0.636
4192	YPL163C	0.636
4193	YMR119W-A	0.636
4194	YPR155C	0.63599
4195	YEL076C	0.63596
4196	YKR028W	0.63589
4197	YLL046C	0.63584
4198	YOL087C	0.63583
4199	YOR302W	0.6358
4200	YIL104C	0.63578
4201	YLR464W	0.63577
4202	YEL076C-A	0.63577
4203	YHL022C	0.63573
4204	YLR261C	0.63565
4205	YPR141C	0.63564
4206	YDR366C	0.63561
4207	YHR214C-D	0.63558
4208	YAR069C	0.63558
4209	YOR379C	0.63556
4210	YCL046W	0.63537
4211	YLR269C	0.63533
4212	YMR316C-A	0.63533
4213	YDR003W	0.6352
4214	YOL051W	0.63519
4215	YLR084C	0.6351
4216	YGR002C	0.635
4217	YBL039C-A	0.6349
4218	YJL100W	0.63485
4219	YCL057W	0.63485
4220	YGR042W	0.63482
4221	YOL013C	0.6348
4222	YEL075C	0.63476
4223	YPR076W	0.63468
4224	YER014C-A	0.63464
4225	YKL034W	0.63462
4226	YPR148C	0.63456
4227	YGL158W	0.6345
4228	YDL146W	0.63433
4229	YGR068C	0.63432
4230	YBR232C	0.63431
4231	YDL116W	0.63428
4232	YHL002C-A	0.63427
4233	YDR376W	0.63426
4234	YOL014W	0.63422
4235	YBR186W	0.63419
4236	YAL059W	0.63417
4237	YOL083C-A	0.6341
4238	YGR097W	0.63402
4239	YLL006W-A	0.63402
4240	YBR065C	0.63401
4241	YPL114W	0.63401
4242	YPL228W	0.634
4243	YPL260W	0.63395
4244	YJL120W	0.63393
4245	YOL166W-A	0.63384
4246	YDR247W	0.63384
4247	YKL203C	0.6338
4248	YFL065C	0.63366
4249	YLR154C	0.6336
4250	YDR221W	0.63352
4251	YDR192C	0.63352
4252	YJL101C	0.63349
4253	YMR168C	0.63347
4254	YOR017W	0.6334
4255	YKL155C	0.63324
4256	YDL099W	0.63323
4257	YKL058W	0.63301
4258	YJL098W	0.633
4259	YJL054W	0.63287
4260	YMR091C	0.63267
4261	YPR045C	0.63266
4262	YDR053W	0.63265
4263	YDR283C	0.63259
4264	YMR287C	0.63257
4265	YER189W	0.6325
4266	YDR118W-A	0.63248
4267	YBR126W-B	0.63248
4268	YIL005W	0.63247
4269	YNL276C	0.63246
4270	YGL085W	0.63244
4271	YHR141C	0.63244
4272	YNL162W	0.63244
4273	YPR055W	0.63244
4274	YFR052W	0.63242
4275	YCL034W	0.63241
4276	YKL057C	0.63235
4277	YLR236C	0.63233
4278	YDR250C	0.63233
4279	YNR061C	0.63219
4280	YGL014W	0.63214
4281	YCL004W	0.6321
4282	YPL080C	0.63209
4283	YMR240C	0.63207
4284	YLL037W	0.63205
4285	YJR090C	0.63191
4286	YKR073C	0.63189
4287	YNL114C	0.63185
4288	YDR052C	0.63181
4289	YBL033C	0.63175
4290	YHR084W	0.63174
4291	YNL047C	0.63174
4292	YDL232W	0.63164
4293	YKL044W	0.63163
4294	YCR083W	0.63161
4295	YER024W	0.63156
4296	YDR314C	0.63156
4297	YDR326C	0.63154
4298	YDR253C	0.63151
4299	YML095C	0.63148
4300	YOR191W	0.63133
4301	YCR064C	0.63131
4302	YJR120W	0.63125
4303	YEL020C-B	0.631
4304	YLR166C	0.63098
4305	YGL118C	0.63096
4306	YMR130W	0.63096
4307	YHR052W-A	0.63093
4308	YHR054W-A	0.63093
4309	YGR044C	0.63089
4310	YOR190W	0.63088
4311	YHR213W-A	0.63085
4312	YKL168C	0.63077
4313	YHR172W	0.63076
4314	YCL055W	0.63074
4315	YBR179C	0.63066
4316	YDL091C	0.63064
4317	YPR203W	0.63055
4318	YBR255C-A	0.63055
4319	YGR069W	0.63054
4320	YER107W-A	0.63047
4321	YIL026C	0.63044
4322	YLL004W	0.63038
4323	YLR123C	0.63035
4324	YLR071C	0.63034
4325	YMR122W-A	0.63033
4326	YLR154C-G	0.63028
4327	YKL131W	0.63024
4328	YDR344C	0.63022
4329	YHR086W-A	0.6302
4330	YGL233W	0.63016
4331	YNL208W	0.63015
4332	YOR135C	0.63015
4333	YOR229W	0.63012
4334	YCL058C	0.63011
4335	YER148W-A	0.63009
4336	YCR047W-A	0.63008
4337	YAR027W	0.63007
4338	YBR278W	0.63002
4339	YOL037C	0.62996
4340	YPL056C	0.62995
4341	YGR190C	0.62993
4342	YMR247W-A	0.62987
4343	YLL019W-A	0.62977
4344	YLR437C-A	0.62977
4345	YDL237W	0.62974
4346	YAL055W	0.62972
4347	YGR265W	0.62953
4348	YOR247W	0.62951
4349	YHL019W-A	0.62948
4350	YGL199C	0.62948
4351	YJL067W	0.62947
4352	YMR026C	0.62946
4353	YDR079C-A	0.62946
4354	YDR261C	0.62946
4355	YPL152W-A	0.62945
4356	YPR187W	0.62943
4357	YCL058W-A	0.62941
4358	YBR284W	0.62931
4359	YBR123C	0.62929
4360	YJL061W	0.62926
4361	YLR204W	0.62923
4362	YDL163W	0.62922
4363	YGL063C-A	0.62922
4364	YGR068W-A	0.62921
4365	YMR115W	0.62919
4366	YGR269W	0.62912
4367	YFL013C	0.62905
4368	YMR008C-A	0.62902
4369	YDR501W	0.629
4370	YNL158W	0.62898
4371	YKL106W	0.62896
4372	YGL217C	0.62891
4373	YGL092W	0.62891
4374	YNL315C	0.62885
4375	YDR169C-A	0.62883
4376	YNR007C	0.6288
4377	YHL028W	0.62876
4378	YLR331C	0.62872
4379	YNL128W	0.62867
4380	YNL278W	0.62866
4381	YOR218C	0.62858
4382	YML088W	0.62853
4383	YAL013W	0.62845
4384	YHR072W-A	0.62839
4385	YDR262W	0.62839
4386	YCR039C	0.62838
4387	YCL067C	0.62838
4388	YBR076C-A	0.62838
4389	YNL039W	0.62823
4390	YHR070C-A	0.62823
4391	YNL073W	0.62823
4392	YPL135C-A	0.62821
4393	YFR013W	0.62818
4394	YOR008C-A	0.62815
4395	YNL277W-A	0.62807
4396	YBR102C	0.62799
4397	YIL072W	0.62795
4398	YDR101C	0.62792
4399	YER145C-A	0.62791
4400	YAR019C	0.62789
4401	YKR096W	0.62786
4402	YOR344C	0.62785
4403	YGR064W	0.62785
4404	YOR149C	0.62784
4405	YHR022C	0.62775
4406	YNL187W	0.62769
4407	YGL133W	0.62766
4408	YHR060W	0.62765
4409	YLR302C	0.62763
4410	YMR281W	0.62762
4411	YLL022C	0.62756
4412	YER018C	0.62747
4413	YDL162C	0.62737
4414	YBL097W	0.62735
4415	YML046W	0.6273
4416	YIL137C	0.62728
4417	YGR259C	0.62722
4418	YPL107W	0.62722
4419	YOR112W	0.62711
4420	YDR409W	0.6271
4421	YNL051W	0.62708
4422	YDR319C	0.62707
4423	R0010W	0.62705
4424	YOR368W	0.62705
4425	YDL028C	0.62696
4426	YGR258C	0.62695
4427	YBL028C	0.62695
4428	YGR038W	0.62693
4429	YOR227W	0.62688
4430	YER068W	0.62686
4431	YOL054W	0.62681
4432	YDL071C	0.62667
4433	YHR079C	0.62655
4434	YPL271W	0.62654
4435	YLR336C	0.62653
4436	YNL077W	0.62651
4437	YOR146W	0.62643
4438	YPL182C	0.62642
4439	YDL114W-A	0.62628
4440	YGL254W	0.62626
4441	YMR043W	0.62618
4442	YPL186C	0.62615
4443	YPR133W-A	0.62607
4444	YDL213W-A	0.62605
4445	YGR278W	0.62601
4446	YLL038C	0.62597
4447	YIL068W-A	0.62588
4448	YLR233C	0.62568
4449	YDR027C	0.62566
4450	YDL172C	0.62564
4451	YIR020C	0.62553
4452	YKL045W	0.62535
4453	YKR075W-A	0.62535
4454	YOR166C	0.62534
4455	YDL203C	0.62529
4456	YOR188W	0.62528
4457	YBR279W	0.62527
4458	YPR159C-A	0.62525
4459	YDR213W	0.62516
4460	YOR316C-A	0.62506
4461	YPR152C	0.62493
4462	YLR264C-A	0.62488
4463	YKL036C	0.62484
4464	YJL029C	0.62461
4465	YER152W-A	0.62456
4466	YGL226W	0.62451
4467	YHR139C-A	0.62451
4468	YOR093C	0.62446
4469	YKL134C	0.62444
4470	YMR013C	0.62443
4471	YGR096W	0.62438
4472	YML050W	0.62436
4473	YPL128C	0.62434
4474	YDR220C	0.62426
4475	YIR020W-A	0.62425
4476	YDR359C	0.62413
4477	YHR001W-A	0.62413
4478	YLR374C	0.6241
4479	YPR031W	0.62407
4480	YPL044C	0.62406
4481	YDR251W	0.624
4482	YHR021W-A	0.62399
4483	YBR036C	0.62394
4484	YDR500C	0.62386
4485	YNL151C	0.62356
4486	YLR416C	0.62348
4487	YKR082W	0.62345
4488	YCL066W	0.62337
4489	YCR040W	0.62337
4490	YBR027C	0.62335
4491	YGL177W	0.62332
4492	YBR044C	0.62328
4493	YER067W	0.62323
4494	YBR097W	0.62315
4495	YBR089W	0.6231
4496	YOR123C	0.6231
4497	YJL069C	0.62306
4498	YLR096W	0.62305
4499	YBR191W-A	0.62303
4500	YNR075C-A	0.6229
4501	YIL009C-A	0.62279
4502	YLR415C	0.62278
4503	YLR363C	0.62271
4504	YIL027C	0.62269
4505	YML104C	0.62269
4506	YBL070C	0.62267
4507	YBR269C	0.62252
4508	YBR178W	0.62247
4509	YPL108W	0.62246
4510	YDL003W	0.62244
4511	YIR044C	0.62241
4512	YDL067C	0.6224
4513	YGR031C-A	0.62239
4514	YIL012W	0.62235
4515	YPL136W	0.62227
4516	YOL013W-A	0.62226
4517	YDR006C	0.62218
4518	YLR322W	0.62207
4519	YGL123C-A	0.62201
4520	YOR230W	0.62192
4521	YDL009C	0.62188
4522	YPL233W	0.62188
4523	YMR207C	0.62183
4524	YKR007W	0.62182
4525	YDR157W	0.62179
4526	YLR199C	0.62176
4527	YIR001C	0.62176
4528	YLR104W	0.6217
4529	YHL021C	0.62167
4530	YBL086C	0.62165
4531	YLR062C	0.6216
4532	YPL038W	0.62158
4533	YBL083C	0.62157
4534	YPR115W	0.62148
4535	YFL027C	0.62139
4536	YGR076C	0.62105
4537	YPL149W	0.62103
4538	YJL184W	0.62103
4539	YBL065W	0.62095
4540	YDR511W	0.62094
4541	YER008C	0.62088
4542	YMR175W-A	0.62085
4543	YDL142C	0.62081
4544	YAL026C-A	0.62071
4545	YHR214W-A	0.62071
4546	YKL075C	0.62069
4547	YBR099C	0.62068
4548	YBL079W	0.62065
4549	YBR216C	0.62062
4550	YMR044W	0.62044
4551	YJL188C	0.62043
4552	YGR226C	0.62041
4553	YOR194C	0.62039
4554	YPR072W	0.62034
4555	YHR055C	0.62029
4556	YHR053C	0.62029
4557	YAL047W-A	0.62026
4558	YKL116C	0.62026
4559	YHR083W	0.62026
4560	YLR235C	0.62006
4561	YCL076W	0.61989
4562	YAR068W	0.61987
4563	YNL038W	0.61983
4564	YKL110C	0.61978
4565	YGR280C	0.61975
4566	YDR371C-A	0.61975
4567	YKL123W	0.61971
4568	YDR278C	0.6197
4569	YNL294C	0.6197
4570	YJR038C	0.61969
4571	YJL057C	0.61967
4572	YMR192W	0.61967
4573	YCL031C	0.61964
4574	YBL074C	0.61955
4575	YDR449C	0.61951
4576	YJL127C	0.61951
4577	YPR050C	0.61948
4578	YGR290W	0.61947
4579	YLR439W	0.61943
4580	YLR260W	0.61941
4581	YGR169C-A	0.6194
4582	YJL222W-A	0.61938
4583	YIL174W	0.61938
4584	YDR163W	0.61935
4585	YLR039C	0.61933
4586	YKL089W	0.61929
4587	YNL097C	0.61928
4588	YMR211W	0.61921
4589	YER113C	0.61912
4590	YGR174C	0.61906
4591	YBR258C	0.61905
4592	YNR005C	0.61904
4593	YAR029W	0.61903
4594	YMR077C	0.61901
4595	YKR089C	0.61893
4596	YBR196C-B	0.61879
4597	YPR063C	0.61879
4598	YKR006C	0.61877
4599	YJR110W	0.61877
4600	YJR136C	0.61875
4601	YML020W	0.61872
4602	YJL140W	0.61863
4603	YER139C	0.61861
4604	YFR056C	0.61857
4605	YEL050W-A	0.61856
4606	YEL067C	0.61847
4607	YGL152C	0.61846
4608	YOR199W	0.61844
4609	YLR462W	0.61844
4610	YMR307C-A	0.61841
4611	YPL248C	0.61817
4612	YML117W	0.61815
4613	YHL043W	0.61807
4614	YLR309C	0.61799
4615	YIL115W-A	0.61797
4616	YGR072W	0.61797
4617	YIL029W-A	0.61791
4618	YIR005W	0.61788
4619	YLR076C	0.61787
4620	YCR063W	0.61763
4621	YPL126W	0.61762
4622	YHR214C-E	0.61755
4623	YDL025W-A	0.61755
4624	YNL029C	0.61741
4625	YKL088W	0.61739
4626	YPR026W	0.61738
4627	YJL007C	0.61733
4628	YDL179W	0.61731
4629	YDR374W-A	0.61731
4630	YGL041C-B	0.61726
4631	YOR105W	0.61719
4632	YOL085C	0.61712
4633	YNR066C	0.61711
4634	YDL053C	0.61707
4635	YFL010W-A	0.61707
4636	YMR061W	0.61697
4637	YOL097W-A	0.61692
4638	YNR059W	0.61692
4639	YAL056W	0.6169
4640	YER023C-A	0.61689
4641	YGR202C	0.61688
4642	YPL185W	0.61683
4643	YJR102C	0.61662
4644	YDR126W	0.61658
4645	YHR127W	0.61657
4646	YGR228W	0.61648
4647	YNR068C	0.61648
4648	YKL115C	0.61623
4649	YGL131C	0.61622
4650	YOR319W	0.61621
4651	YCL065W	0.61617
4652	YNL179C	0.61609
4653	YLR101C	0.61605
4654	YHR007C-A	0.61595
4655	YDR290W	0.61593
4656	YNL227C	0.61591
4657	YBR206W	0.61587
4658	YLR125W	0.61577
4659	YGL127C	0.61574
4660	YML129C	0.6157
4661	YDR389W	0.61568
4662	YGR171C	0.61529
4663	YBR276C	0.61514
4664	YKL122C	0.61512
4665	YDL228C	0.61509
4666	YLR396C	0.61509
4667	YBR230W-A	0.61507
4668	YOR238W	0.61505
4669	YLR128W	0.61497
4670	YPR030W	0.61492
4671	YPL005W	0.61487
4672	YML007C-A	0.61481
4673	YPR160C-A	0.61481
4674	YMR283C	0.61477
4675	YNL303W	0.61474
4676	YNL126W	0.61469
4677	YGR045C	0.61468
4678	YPL123C	0.61464
4679	YER077C	0.61458
4680	YEL075W-A	0.61456
4681	YLR247C	0.61451
4682	YJL169W	0.61451
4683	YNL080C	0.61446
4684	YGL150C	0.61443
4685	YBR012C	0.61441
4686	YLR001C	0.61437
4687	YLL007C	0.61435
4688	YJR082C	0.61434
4689	YKL083W	0.61427
4690	YCR052W	0.61424
4691	YLL020C	0.61414
4692	YJL199C	0.61414
4693	YMR001C-A	0.61413
4694	YDL032W	0.61404
4695	YOL026C	0.61399
4696	YDR108W	0.61397
4697	YBR040W	0.61396
4698	YMR122C	0.61386
4699	YBR103C-A	0.61384
4700	YNL097W-A	0.61379
4701	YIL032C	0.61368
4702	YBR032W	0.61365
4703	YER161C	0.61361
4704	YMR185W	0.6136
4705	YGL116W	0.61359
4706	YIR020C-B	0.61355
4707	YMR106C	0.61345
4708	YPL141C	0.61339
4709	YGL145W	0.61332
4710	YKL032C	0.61329
4711	YLR406C-A	0.61316
4712	YHL037C	0.61315
4713	YIL156W-A	0.61314
4714	YDL113C	0.61306
4715	YOR211C	0.61305
4716	YLR463C	0.61298
4717	YAR020C	0.61295
4718	YDL214C	0.6129
4719	YFR032C-A	0.61272
4720	YCR087W	0.61271
4721	YDR102C	0.61271
4722	YPL020C	0.6126
4723	YOR098C	0.61252
4724	YDR354C-A	0.6124
4725	YNL253W	0.61239
4726	YGL160W	0.61235
4727	YMR007W	0.61234
4728	YJL022W	0.61231
4729	YJR023C	0.61229
4730	YAR070C	0.61228
4731	YNR022C	0.61228
4732	YOR346W	0.61225
4733	YAL065C	0.61224
4734	YJL135W	0.6122
4735	YPL041C	0.61204
4736	YKL054C	0.61204
4737	YDL043C	0.61201
4738	YKL143W	0.612
4739	YFR012W-A	0.61197
4740	YFR010W-A	0.61189
4741	YDR335W	0.61186
4742	YDR071C	0.61181
4743	YJL156W-A	0.6118
4744	YMR137C	0.61174
4745	YOR106W	0.61173
4746	YOL063C	0.61169
4747	YJR066W	0.61166
4748	YOL166C	0.61165
4749	YDR279W	0.61163
4750	YPL155C	0.61158
4751	YKL195W	0.61149
4752	YMR029C	0.61141
4753	YJR119C	0.61139
4754	YOR042W	0.61126
4755	YGL192W	0.61126
4756	YDR015C	0.61124
4757	YER053C-A	0.61117
4758	YKL015W	0.61113
4759	YKL177W	0.61102
4760	YNL097C-B	0.61101
4761	YGR293C	0.61097
4762	YER078W-A	0.61092
4763	YNL262W	0.61091
4764	YPR177C	0.61087
4765	YDL065C	0.61084
4766	YHR125W	0.61081
4767	YLR402W	0.61076
4768	YLL016W	0.61075
4769	YMR060C	0.61074
4770	YPL057C	0.61061
4771	YKL149C	0.61059
4772	YMR158W-B	0.61057
4773	YHL006W-A	0.61057
4774	YJL020C	0.61051
4775	YGL227W	0.61051
4776	YPR067W	0.61046
4777	YGR122W	0.6104
4778	YLR428C	0.6103
4779	YJL215C	0.61021
4780	YMR316W	0.61016
4781	YPL241C	0.61011
4782	YJL015C	0.61009
4783	YDR245W	0.60986
4784	YAL059C-A	0.60974
4785	YNL150W	0.60969
4786	YBR161W	0.60969
4787	YDR271C	0.60965
4788	YGR184C	0.60965
4789	YLL030C	0.60964
4790	YOR182C	0.60962
4791	YLR287C-A	0.60962
4792	YDR401W	0.60961
4793	YNL012W	0.60952
4794	YDR010C	0.6095
4795	YBR212W	0.60945
4796	YKL183C-A	0.60941
4797	YOL019W	0.60941
4798	YDR179W-A	0.60936
4799	YEL062W	0.60916
4800	YDL183C	0.60912
4801	YLR142W	0.60909
4802	YHR063W-A	0.60906
4803	YGR274C	0.60905
4804	YHR015W	0.60901
4805	YLR191W	0.60895
4806	YAR009C	0.60887
4807	YEL023C	0.6088
4808	YGR215W	0.60879
4809	YNL140C	0.60875
4810	YCL012C	0.60859
4811	YBL066C	0.60851
4812	YPL038W-A	0.60851
4813	YJL077C	0.60849
4814	YBL090W	0.60848
4815	YLR392C	0.60844
4816	YOR108C-A	0.60843
4817	YGL060W	0.60842
4818	YDR525W	0.6084
4819	YNR001W-A	0.60839
4820	YER046W-A	0.60834
4821	YHL024W	0.6083
4822	YCR024C	0.60827
4823	YOL095C	0.60822
4824	YMR293C	0.60816
4825	YAL034C-B	0.60811
4826	YOR081C	0.6081
4827	YLR132C	0.60808
4828	YJL075C	0.60805
4829	YOR064C	0.60803
4830	YLR177W	0.60797
4831	YMR013C-A	0.60789
4832	YDR524W-C	0.60788
4833	YIL020C-A	0.60781
4834	YOR225W	0.60776
4835	YDR199W	0.60775
4836	YPL040C	0.60773
4837	YLR112W	0.60769
4838	YCR001W	0.60763
4839	YLR459W	0.60761
4840	Q0080	0.60758
4841	YCR003W	0.60756
4842	YCR095C	0.60755
4843	YLR288C	0.6075
4844	YOR320C	0.60748
4845	YKL169C	0.60737
4846	YFR049W	0.60737
4847	YGL146C	0.60736
4848	YJR115W	0.60725
4849	YER172C-A	0.60723
4850	YDR215C	0.60723
4851	YJL112W	0.60722
4852	YLR054C	0.60714
4853	YOR248W	0.60713
4854	YDL045C	0.60704
4855	YMR068W	0.60703
4856	YCR049C	0.60702
4857	YBL077W	0.6069
4858	YMR135W-A	0.60689
4859	YKL100W-A	0.6068
4860	YIL093C	0.60677
4861	YPR079W	0.60675
4862	YLR087C	0.60673
4863	YHR138C	0.60673
4864	YDR535C	0.60654
4865	YDR360W	0.60642
4866	YER019C-A	0.60636
4867	YOR338W	0.60632
4868	YML034C-A	0.60629
4869	YER034W	0.60615
4870	YPL115C	0.60596
4871	YAL043C	0.60594
4872	YAL017W	0.6059
4873	YDR520C	0.60588
4874	YNL170W	0.60587
4875	YBR129C	0.60583
4876	YLR365W	0.60578
4877	YKL136W	0.60576
4878	YCR025C	0.60576
4879	YDR363W	0.60573
4880	YOL038C-A	0.60562
4881	YLR342W-A	0.60558
4882	YDL127W	0.60544
4883	YOL028C	0.60531
4884	YOR060C	0.60527
4885	YHR217C	0.60522
4886	YNR028W	0.60517
4887	YJL202C	0.60516
4888	YKL104W-A	0.60511
4889	YNR006W	0.60506
4890	YDR470C	0.60506
4891	YGR108W	0.60485
4892	YOR008W-B	0.60477
4893	YKL049C	0.60474
4894	YDR141C	0.60472
4895	YDL074C	0.60471
4896	YLR370C	0.60466
4897	YNR037C	0.60458
4898	YPL105C	0.60447
4899	YER079C-A	0.60446
4900	YPL047W	0.60442
4901	YCL054W-A	0.60435
4902	YOR041C	0.60434
4903	YOR282W	0.60426
4904	YNL257C	0.60417
4905	Q0017	0.6041
4906	YKL121W	0.60407
4907	YFR034C	0.60388
4908	YGL204C	0.60385
4909	YLL035W	0.60384
4910	YMR053C	0.60383
4911	YNL026W	0.60376
4912	YER090C-A	0.60375
4913	YGR270W	0.60373
4914	YMR298W	0.60367
4915	YNL011C	0.60366
4916	YDR296W	0.60362
4917	YOR293C-A	0.60358
4918	YDR485C	0.60356
4919	YOR249C	0.60354
4920	YNR031C	0.60353
4921	YGR057C	0.60351
4922	YPR099C	0.60339
4923	YIL042C	0.60328
4924	YPL073C	0.60325
4925	YBL010C	0.60319
4926	YLR171W	0.60316
4927	YDR136C	0.60311
4928	YBR150C	0.60308
4929	YIL060W	0.603
4930	YDR147W	0.60299
4931	YDR095C	0.60298
4932	YDR489W	0.60296
4933	YOL079W	0.60289
4934	YJR062C	0.60283
4935	YDR222W	0.60276
4936	YDR416W	0.60272
4937	YNL143C	0.60271
4938	YOL160W	0.60264
4939	YPL242C	0.60261
4940	YDR072C	0.60257
4941	YMR142C	0.60247
4942	YLL017W	0.60245
4943	YDL114W	0.60238
4944	YPR150W	0.60236
4945	YNL139C	0.60236
4946	YKL068W	0.60234
4947	YFL007W	0.60232
4948	YER084W	0.60232
4949	YOR300W	0.60224
4950	YMR171C	0.60219
4951	YOL164W-A	0.60218
4952	YJR091C	0.60217
4953	YHR078W	0.60216
4954	YDR463W	0.60205
4955	YKR033C	0.60194
4956	YER096W	0.60186
4957	YER068C-A	0.60185
4958	YOR080W	0.60169
4959	YEL074W	0.60165
4960	YLR444C	0.60164
4961	YDR526C	0.6016
4962	YNL296W	0.60154
4963	YDL013W	0.60148
4964	YOR143C	0.60146
4965	YDL219W	0.60145
4966	YER093C	0.60145
4967	YDR246W-A	0.60133
4968	YIL029C	0.60131
4969	YKR044W	0.6013
4970	YER114C	0.60128
4971	YGL108C	0.60116
4972	YIL014C-A	0.60116
4973	YJL037W	0.60114
4974	YIL090W	0.60114
4975	YOR263C	0.60109
4976	YLR285C-A	0.60106
4977	YOL035C	0.60101
4978	YKL011C	0.60098
4979	YPR089W	0.60096
4980	YMR172C-A	0.60095
4981	YJL132W	0.60094
4982	YBL071C-B	0.60091
4983	YDR462W	0.60078
4984	YGR008C	0.60073
4985	YEL008C-A	0.60073
4986	YDL082W	0.60071
4987	YDR367W	0.60065
4988	YGR156W	0.60057
4989	YGL142C	0.60054
4990	YPR126C	0.60052
4991	YMR030W-A	0.60051
4992	YLR120W-A	0.6004
4993	YGR219W	0.60028
4994	YMR141C	0.60024
4995	YNR003W-A	0.60019
4996	YPR040W	0.60015
4997	YMR194C-A	0.6001
4998	YLR154W-B	0.60008
4999	YLL002W	0.60006
5000	YDL002C	0.60001
5001	YCR091W	0.59997
5002	YBL060W	0.59996
5003	YHR073W-A	0.59983
5004	YDR273W	0.59971
5005	YLR111W	0.59971
5006	YGL239C	0.59958
5007	YMR294W-A	0.59956
5008	YPL250W-A	0.59955
5009	YAL011W	0.5995
5010	YCR016W	0.59934
5011	YML093W	0.59934
5012	YLR187W	0.5993
5013	YAR030C	0.59924
5014	YGL052W	0.59924
5015	YNL174W	0.59922
5016	YMR023C	0.59919
5017	YKL014C	0.5991
5018	YIL134C-A	0.5991
5019	YFR009W-A	0.59908
5020	YOR371C	0.59907
5021	YBR272C	0.59904
5022	YDR246W	0.59902
5023	YHR049C-A	0.59894
5024	YFR026C	0.59886
5025	YJL182C	0.59879
5026	YHR101C	0.59877
5027	YNL127W	0.59872
5028	YLR148W	0.59864
5029	YDL247W-A	0.59859
5030	YFR043C	0.59854
5031	YDR377W	0.59854
5032	YDL117W	0.59811
5033	YER115C	0.59803
5034	YDR423C	0.59785
5035	YIL084C	0.59769
5036	YAL069W	0.5976
5037	YBL107W-A	0.59755
5038	YPR039W	0.59748
5039	YJL023C	0.59744
5040	YPR202W	0.59741
5041	YLL032C	0.59729
5042	YPL254W	0.59725
5043	YGR025W	0.5972
5044	YLR202C	0.59719
5045	YGR237C	0.59715
5046	YGR017W	0.59714
5047	YJR114W	0.597
5048	YDR231C	0.597
5049	YDR327W	0.59698
5050	YGR206W	0.59692
5051	YPR022C	0.5969
5052	YHR155W	0.59687
5053	YIL156W	0.59681
5054	YEL061C	0.59679
5055	YDR426C	0.59673
5056	YNL166C	0.59672
5057	YBR195C	0.59672
5058	YGL136C	0.59667
5059	YGL188C	0.59666
5060	YGR114C	0.59657
5061	YMR014W	0.59646
5062	YGR225W	0.59634
5063	YOR314W	0.59632
5064	YOR287C	0.59624
5065	YOL078W	0.5962
5066	YBR296C-A	0.59619
5067	YDL181W	0.59617
5068	R0040C	0.59616
5069	YDR133C	0.59615
5070	YBR290W	0.59611
5071	YOR037W	0.59597
5072	YER071C	0.59583
5073	YNL120C	0.59583
5074	YKL053W	0.59575
5075	YMR065W	0.59574
5076	YER067C-A	0.59572
5077	YMR182C	0.59571
5078	YGL025C	0.59569
5079	YLR364C-A	0.59562
5080	YLR006C	0.59561
5081	YMR070W	0.59558
5082	YGR104C	0.59542
5083	YOR115C	0.59535
5084	YMR274C	0.59534
5085	YNL215W	0.5953
5086	YER064C	0.59529
5087	YNL138W-A	0.59526
5088	YNR035C	0.59513
5089	YKL205W	0.59509
5090	YMR190C	0.595
5091	YLL013C	0.59498
5092	YBR016W	0.59498
5093	YKR036C	0.59482
5094	YNL224C	0.59477
5095	YBR120C	0.59474
5096	YBR266C	0.59468
5097	YLR356W	0.59462
5098	YKR004C	0.59458
5099	YMR237W	0.59454
5100	YMR103C	0.59453
5101	YOR127W	0.59447
5102	YPL144W	0.59441
5103	YHR052C-B	0.5944
5104	YHR054C-B	0.5944
5105	YJR060W	0.59436
5106	YDR315C	0.59433
5107	YDR318W	0.59427
5108	YOR364W	0.59421
5109	YAL019W-A	0.59414
5110	YLR106C	0.59411
5111	YML002W	0.59407
5112	YDR119W-A	0.59403
5113	YDR365W-B	0.59401
5114	YGL038C	0.59399
5115	YCL021W	0.59395
5116	YJL084C	0.59385
5117	YGR018C	0.5938
5118	YDR081C	0.59379
5119	YPR042C	0.59377
5120	YGL134W	0.59362
5121	YNL086W	0.59361
5122	YMR140W	0.5936
5123	YKR041W	0.59359
5124	YDR068W	0.59345
5125	YGR052W	0.59345
5126	YNL338W	0.59344
5127	YGR227W	0.59342
5128	YHR109W	0.5933
5129	YDR507C	0.59323
5130	YDR255C	0.59321
5131	YIL025C	0.59316
5132	YIL077C	0.59314
5133	YDR003W-A	0.59285
5134	YHR214C-B	0.59284
5135	YHL044W	0.59278
5136	YLR346C	0.59269
5137	YKL079W	0.59264
5138	YAL064W	0.59254
5139	YLR095C	0.59253
5140	YNL228W	0.59251
5141	YMR320W	0.59236
5142	YEL025C	0.59236
5143	YER050C	0.59231
5144	YGL102C	0.59231
5145	YML116W-A	0.5923
5146	YDR521W	0.59228
5147	YJL204C	0.5922
5148	YKR098C	0.59216
5149	YPL150W	0.59216
5150	YHR154W	0.59215
5151	YDL098C	0.59211
5152	YLR149C	0.59211
5153	YOL004W	0.59209
5154	YBR289W	0.59206
5155	YPL139C	0.59204
5156	YOR366W	0.59196
5157	YBR133C	0.5919
5158	YNR042W	0.59184
5159	YPR071W	0.5918
5160	YKL141W	0.59171
5161	YGR198W	0.59163
5162	YLR422W	0.59154
5163	YLR256W-B/YLR256W-C	0.5915
5164	YLL040C	0.59146
5165	YPR020W	0.59142
5166	YAR002W	0.59138
5167	YJL211C	0.59137
5168	YER138C	0.59128
5169	YML099C	0.59122
5170	YLR067C	0.59113
5171	YLR010C	0.59111
5172	YOL103W-B	0.59107
5173	YOR343C	0.59098
5174	YDR340W	0.59096
5175	YLR163W-A	0.59093
5176	YPL257W-B	0.59084
5177	YNL042W-B	0.59081
5178	YDR484W	0.59066
5179	YML045W	0.59051
5180	YOR043W	0.5905
5181	YIL132C	0.5904
5182	YGR038C-B	0.59033
5183	YLR162W-A	0.59031
5184	YFL012W-A	0.5903
5185	YNL201C	0.59026
5186	YHR132W-A	0.59018
5187	Q0075	0.59017
5188	YLR157C-B	0.5901
5189	YER047C	0.59004
5190	YMR082C	0.59004
5191	YBR163W	0.59001
5192	YNL050C	0.58989
5193	YDR098C-B	0.58988
5194	YIL089W	0.58986
5195	YBR292C	0.58981
5196	YJR027W	0.58971
5197	YKR008W	0.58961
5198	YDL149W	0.58953
5199	YIR011C	0.5894
5200	YCL056C	0.58928
5201	YIL105W-A	0.58927
5202	YPL278C	0.5891
5203	YPR137C-B	0.58902
5204	YHR143W	0.589
5205	YNL019C	0.58883
5206	YOR336W	0.58876
5207	YLR395C	0.5885
5208	YML039W	0.5885
5209	YML047W-A	0.58846
5210	YKL208W	0.58843
5211	YBL025W	0.58831
5212	YFR011C	0.58828
5213	YHR212C	0.58808
5214	YAR060C	0.58808
5215	YGR161C-D	0.58798
5216	YMR048W	0.58795
5217	YDR299W	0.5879
5218	YJR029W	0.58773
5219	YPR158C-D	0.58764
5220	YOR242C	0.58763
5221	YMR050C	0.58761
5222	YDR149C	0.58753
5223	YDR316W-B	0.58746
5224	YOR142W-B	0.58739
5225	YDR524C-A	0.58737
5226	YNL297C	0.58734
5227	YGL174W	0.58726
5228	YJL077W-B	0.58725
5229	YOR260W	0.58724
5230	YGR106C	0.58704
5231	YOR228C	0.58698
5232	YLR169W	0.58695
5233	YER135C	0.58689
5234	YML108W	0.58689
5235	YBL014C	0.58681
5236	YLR227W-B	0.5867
5237	YIR017W-A	0.58666
5238	YNL109W	0.58654
5239	YFL014W	0.58642
5240	YDR210C-D	0.58642
5241	YNL033W	0.58642
5242	YJL157C	0.58639
5243	YDR445C	0.58638
5244	YGR027W-B	0.58637
5245	YLR400W	0.58634
5246	YDR197W	0.58632
5247	YAL037C-A	0.58627
5248	YHR071W	0.58618
5249	YBR012W-B	0.58617
5250	YGL007C-A	0.58604
5251	YDR229W	0.58603
5252	YDR320C	0.58596
5253	YNL304W	0.58591
5254	YJL092W	0.58589
5255	YJL201W	0.58582
5256	YKL025C	0.58578
5257	YJR043C	0.58571
5258	YDL077C	0.5857
5259	YIL056W	0.5857
5260	YJL070C	0.58564
5261	YBR298C-A	0.58562
5262	YPR158W-B	0.58558
5263	YLL066W-B	0.58553
5264	YKR035C	0.58546
5265	YGL013C	0.58546
5266	YHR102W	0.58545
5267	YBR131C-A	0.58542
5268	YHR023W	0.58537
5269	YOR078W	0.58527
5270	YIR030C	0.58524
5271	YDR008C	0.58508
5272	YBR277C	0.58505
5273	YER138W-A	0.58502
5274	YJL086C	0.58501
5275	YPR109W	0.58501
5276	YER160C	0.5847
5277	YOL101C	0.58466
5278	YPR136C	0.58466
5279	YLL019C	0.58456
5280	YBR098W	0.58455
5281	YML107C	0.58454
5282	YAL008W	0.58452
5283	YDR486C	0.58443
5284	YGL247W	0.58441
5285	YOR012W	0.58439
5286	YHR214C-C	0.58421
5287	YER092W	0.58414
5288	YPL026C	0.58411
5289	YLR035C-A	0.58405
5290	YLR012C	0.58403
5291	YNL054W-B	0.58403
5292	YDR073W	0.58402
5293	YML016C	0.58389
5294	YDR125C	0.58383
5295	YBR262C	0.58382
5296	YMR256C	0.58378
5297	YDR544C	0.58376
5298	YOL109W	0.58372
5299	YJR059W	0.58363
5300	YGL124C	0.58362
5301	YCR102W-A	0.58356
5302	YGL041C	0.58353
5303	YDR333C	0.58337
5304	YPR146C	0.58337
5305	YHR056W-A	0.58311
5306	YLR361C-A	0.58308
5307	YJR041C	0.58303
5308	YMR118C	0.58296
5309	YKR090W	0.58295
5310	YDR437W	0.58289
5311	YER041W	0.58285
5312	YOR015W	0.58273
5313	YDL012C	0.58246
5314	YDR261C-D	0.58243
5315	YBR300C	0.5824
5316	YDR241W	0.58234
5317	YCR032W	0.58222
5318	YBL008W-A	0.58221
5319	YOR289W	0.58217
5320	YGR122C-A	0.58212
5321	YBR259W	0.58211
5322	YHR035W	0.58203
5323	YNL145W	0.58163
5324	YLR453C	0.58155
5325	YCR095W-A	0.58154
5326	YKR030W	0.58153
5327	YIL044C	0.58152
5328	YJR080C	0.58148
5329	YDR228C	0.58138
5330	YNL205C	0.58136
5331	YEL007W	0.5813
5332	YBL005W-B	0.58111
5333	YOL085W-A	0.5811
5334	YMR184W	0.58105
5335	YLL044W	0.58101
5336	YER091C-A	0.58092
5337	YPL146C	0.58092
5338	YML058W-A	0.58087
5339	YNL265C	0.5808
5340	YML036W	0.58074
5341	YDR254W	0.58073
5342	YIL024C	0.58073
5343	YMR045C	0.58072
5344	YOL053W	0.58066
5345	YNL284C-B	0.58065
5346	YLR329W	0.58061
5347	YEL028W	0.58058
5348	YLR127C	0.58057
5349	YAR061W	0.58048
5350	YHR212W-A	0.58048
5351	YNR039C	0.58041
5352	YJL127C-B	0.58041
5353	YBL085W	0.58036
5354	YJL107C	0.58036
5355	YDR115W	0.58026
5356	YBL012C	0.58024
5357	YNL226W	0.57993
5358	YGR147C	0.5799
5359	YER169W	0.57983
5360	YDR183C-A	0.57976
5361	YDR509W	0.57974
5362	YGR129W	0.57962
5363	YGL159W	0.57951
5364	YPL076W	0.57946
5365	YCL028W	0.57944
5366	YDR200C	0.57936
5367	YDR159W	0.57935
5368	YMR304C-A	0.5791
5369	YMR021C	0.57905
5370	YBL094C	0.57902
5371	YGL132W	0.579
5372	YPL192C	0.57898
5373	YBR217W	0.57879
5374	YDR119W	0.5787
5375	YBR081C	0.5787
5376	YGL188C-A	0.57864
5377	YLR238W	0.57858
5378	YOR337W	0.57855
5379	YLR154W-C	0.57828
5380	YKR029C	0.57828
5381	YGR233C	0.57823
5382	YNL213C	0.57818
5383	YDR295C	0.57816
5384	YGR035W-A	0.57815
5385	YLR366W	0.57807
5386	YER085C	0.57802
5387	YDR495C	0.57802
5388	YJL038C	0.57798
5389	YKL183W	0.57786
5390	YEL072W	0.57781
5391	YJL122W	0.57768
5392	YKR027W	0.57752
5393	YOR072W-B	0.57744
5394	YER137C	0.57735
5395	YDL107W	0.57729
5396	YLL049W	0.5771
5397	YMR159C	0.57708
5398	YDR057W	0.57704
5399	YOR392W	0.57691
5400	YHR032W-A	0.57688
5401	YKL072W	0.57687
5402	YDR048C	0.57681
5403	YBR056W-A	0.57679
5404	YOL159C	0.57676
5405	YLR165C	0.57672
5406	YCR038C	0.5767
5407	YOR394C-A	0.57641
5408	YLR332W	0.57624
5409	YER137W-A	0.5762
5410	YDL044C	0.57618
5411	YDL216C	0.57617
5412	YPR169W-A	0.57607
5413	YKR101W	0.57606
5414	YGL168W	0.57605
5415	YML029W	0.57595
5416	YLR176C	0.57593
5417	YDR034W-B	0.57586
5418	YLR228C	0.5757
5419	YNL337W	0.57566
5420	YKL038W	0.57564
5421	YER186C	0.5756
5422	YCL007C	0.57532
5423	YOR329C	0.5752
5424	YOL136C	0.5751
5425	YMR315W-A	0.57494
5426	YER184C	0.57474
5427	YOR231C-A	0.57465
5428	YIL177W-A	0.57464
5429	YJL225W-A	0.57464
5430	YGR160W	0.57459
5431	YGR081C	0.57458
5432	YKR099W	0.57456
5433	YLR442C	0.57455
5434	YNL041C	0.57443
5435	YMR031C	0.57434
5436	YKR016W	0.57429
5437	YGR011W	0.57429
5438	YEL032C-A	0.57426
5439	YMR176W	0.57413
5440	YKR083C	0.57412
5441	YGR013W	0.57399
5442	YJL016W	0.57393
5443	YML076C	0.57387
5444	YLR440C	0.57383
5445	YKL133C	0.57382
5446	YDR413C	0.57378
5447	YCR022C	0.57374
5448	YDR475C	0.57374
5449	Q0297	0.57373
5450	YFL031C-A	0.57369
5451	YIL019W	0.57366
5452	YNL285W	0.57361
5453	YCL068C	0.5735
5454	YGL193C	0.57326
5455	Q0110	0.57321
5456	YBR172C	0.57317
5457	YDR138W	0.57308
5458	YLR350W	0.57303
5459	YHL020C	0.57302
5460	YMR133W	0.57286
5461	YDR431W	0.57284
5462	YGR164W	0.57284
5463	YOR308C	0.57281
5464	YGR049W	0.57278
5465	YGR084C	0.57272
5466	YMR019W	0.57266
5467	YBR128C	0.57264
5468	YBR196C-A	0.57244
5469	YHR069C-A	0.57234
5470	YMR111C	0.57233
5471	YHR105W	0.57215
5472	YPR096C	0.57208
5473	YGR030C	0.572
5474	YKL165C-A	0.5719
5475	YAR047C	0.57174
5476	YNL230C	0.57163
5477	YCR015C	0.57155
5478	YGR053C	0.57154
5479	YLR136C	0.5715
5480	YLR466C-B	0.57144
5481	YLR407W	0.57139
5482	YMR117C	0.57134
5483	YPL034W	0.57123
5484	YBR209W	0.57117
5485	YGR137W	0.57113
5486	YJR138W	0.57109
5487	YGL007W	0.57087
5488	YPL178W	0.57081
5489	YBL084C	0.57079
5490	YDL070W	0.57069
5491	YPR075C	0.57052
5492	YGR130C	0.57043
5493	YOL107W	0.5704
5494	YLR157W-D	0.57034
5495	YNL234W	0.57024
5496	YJR087W	0.57013
5497	YJL187C	0.57007
5498	YEL010W	0.56996
5499	YNL136W	0.56996
5500	YDR089W	0.56975
5501	YLR232W	0.56973
5502	YIR024C	0.56972
5503	YLR403W	0.56969
5504	YPL161C	0.56953
5505	YOR376W	0.56943
5506	YMR258C	0.56928
5507	YJL205C	0.56928
5508	YKL145W-A	0.56923
5509	YJL047C-A	0.56911
5510	YGL014C-A	0.56901
5511	YDL106C	0.569
5512	YOR373W	0.56893
5513	YOR032W-A	0.56884
5514	YOR085W	0.56877
5515	YCL014W	0.56876
5516	YCL024W	0.56854
5517	YIL049W	0.56826
5518	YER006C-A	0.56806
5519	YEL017W	0.56803
5520	YLR381W	0.56803
5521	YCL029C	0.568
5522	YLR278C	0.56791
5523	YPR199C	0.56789
5524	YDR194W-A	0.56781
5525	YHR097C	0.56773
5526	YNL295W	0.56773
5527	YMR075C-A	0.56767
5528	YLR154W-A	0.56766
5529	YHL038C	0.56755
5530	YFL068W	0.56752
5531	YLL067W-A	0.56752
5532	YLL066W-A	0.56752
5533	YFR029W	0.56751
5534	YLR024C	0.56729
5535	YDR034C-A	0.56728
5536	YOR161C-C	0.5671
5537	YOR354C	0.56707
5538	YLR321C	0.56689
5539	YBL051C	0.56685
5540	YOR011W-A	0.56681
5541	YIL002W-A	0.5668
5542	YML047C	0.56676
5543	YML023C	0.56658
5544	YLR033W	0.56654
5545	YDL062W	0.5665
5546	YML133W-B	0.56633
5547	YNL339W-B	0.56633
5548	YHR219C-A	0.56633
5549	YIR021W-A	0.5663
5550	YOL017W	0.56624
5551	YJL044C	0.56615
5552	YMR294W	0.56607
5553	YHR006W	0.56605
5554	YCR066W	0.56587
5555	YDR118W	0.56585
5556	YMR098C	0.56583
5557	YPL102C	0.56581
5558	YDR455C	0.56557
5559	YDL094C	0.56553
5560	YPR117W	0.56549
5561	YDR357C	0.56545
5562	YGR291C	0.5654
5563	YLR466C-A	0.56521
5564	YOR396C-A	0.56521
5565	YLR467C-A	0.56521
5566	YHR050W-A	0.56497
5567	YCL039W	0.56493
5568	YBL071C	0.56492
5569	YHL050W-A	0.56487
5570	YAL037W	0.56483
5571	YGL041W-A	0.56474
5572	YOR083W	0.56445
5573	YOR193W	0.56423
5574	YDR303C	0.56422
5575	YDR322W	0.56416
5576	YJR134C	0.56416
5577	YDR464W	0.56407
5578	YHR058C	0.56398
5579	YLR310C	0.56395
5580	YKR046C	0.5639
5581	YAL068W-A	0.56384
5582	YGL121C	0.56359
5583	YDL204W	0.56351
5584	YDR545C-A	0.56346
5585	YKL118W	0.56345
5586	YML114C	0.56329
5587	YPL283W-B	0.56326
5588	YER190C-B	0.56326
5589	YEL077W-A	0.56326
5590	YGR296C-B	0.56326
5591	YPR204C-A	0.56326
5592	YJL013C	0.56325
5593	YER046W	0.56323
5594	YDR458C	0.56322
5595	YAL041W	0.56321
5596	YCL019W	0.5632
5597	YPL035C	0.56307
5598	YER173W	0.56301
5599	YGL113W	0.56299
5600	YMR134W	0.56294
5601	YJL049W	0.56292
5602	YNL245C	0.56289
5603	YEL068C	0.56284
5604	YLR151C	0.56271
5605	YOR276W	0.56248
5606	YGR151C	0.56243
5607	YML012C-A	0.56222
5608	YIL040W	0.56219
5609	YER133W-A	0.56192
5610	YDL185C-A	0.56191
5611	YBR257W	0.5619
5612	YHL046W-A	0.56189
5613	YKR031C	0.56188
5614	YER076W-A	0.56188
5615	YIL139C	0.56187
5616	YLR423C	0.56184
5617	Q0115	0.56172
5618	YCR099C	0.56172
5619	YLR434C	0.56164
5620	YPL197C	0.56158
5621	YMR198W	0.56155
5622	YJR101W	0.5615
5623	YLR217W	0.56144
5624	YKL018C-A	0.56143
5625	YBR240C	0.56136
5626	YKL074C	0.56127
5627	YOL100W	0.56123
5628	YAL066W	0.56114
5629	YHR004C	0.56113
5630	YGR161W-B	0.56103
5631	YFL002W-A	0.56103
5632	YDR131C	0.56086
5633	YDL048C	0.56082
5634	YLR198C	0.56071
5635	YGR227C-A	0.56064
5636	YHR153C	0.56063
5637	YPR027C	0.56056
5638	YBR058C-A	0.5605
5639	YBR215W	0.56046
5640	YKR005C	0.56042
5641	YIL030W-A	0.56041
5642	YDR261W-B	0.56022
5643	YDR281C	0.56017
5644	YOL003C	0.56015
5645	YKR020W	0.56008
5646	YDR383C	0.55985
5647	YDR176W	0.55979
5648	YDR414C	0.55976
5649	YDR381C-A	0.55966
5650	YNL005C	0.55964
5651	YOR189W	0.55963
5652	YGR222W	0.55962
5653	YLR358C	0.55958
5654	YGR038C-D/YGR038C-C	0.55945
5655	YOR192C-B	0.55944
5656	YMR032W	0.55939
5657	YER087C-A	0.55932
5658	YNL319W	0.55917
5659	YHL041W	0.55912
5660	YLR184W	0.55905
5661	YFR023W	0.55893
5662	YIL112W	0.5589
5663	YPR074W-A	0.5589
5664	YPL257W	0.5587
5665	YDR034C-D	0.55869
5666	YFL024C	0.55864
5667	YOL032W	0.55855
5668	YER118C	0.55852
5669	YHL009W-A	0.55839
5670	YHR165C	0.5582
5671	YLR295C	0.55815
5672	YGL215W	0.55814
5673	YBL006C	0.55809
5674	YGL090W	0.55806
5675	YKL111C	0.55783
5676	YJL099W	0.55777
5677	YNL183C	0.55775
5678	YPL016W	0.55771
5679	YBR219C	0.55769
5680	YER188C-A	0.55767
5681	YOR144C	0.55739
5682	YMR141W-A	0.55738
5683	YGL059W	0.55733
5684	YLR154W-E	0.55733
5685	YOL083W	0.5572
5686	YIL141W	0.5571
5687	YAL031W-A	0.5571
5688	YCL001W-A	0.55705
5689	YGL249W	0.55701
5690	YBR233W-A	0.557
5691	YLL021W	0.55694
5692	YER112W	0.55678
5693	YLR385C	0.55675
5694	YIL129C	0.55663
5695	YHR119W	0.55662
5696	YNL172W	0.55655
5697	YJR140W-A	0.55654
5698	YGR174W-A	0.55645
5699	YGL226C-A	0.55645
5700	YPR122W	0.55644
5701	YPL261C	0.55643
5702	YBL073W	0.55637
5703	YDR210W-B	0.55636
5704	YDL158C	0.55633
5705	YOR058C	0.55624
5706	YLR410W-B	0.55623
5707	YGL093W	0.55622
5708	YMR073C	0.55617
5709	YOR221C	0.55615
5710	YGL107C	0.55614
5711	YPR061C	0.55598
5712	YOL069W	0.55584
5713	YIL066W-A	0.55574
5714	YLR458W	0.55569
5715	YLR256W	0.55565
5716	YDR153C	0.55552
5717	YDR124W	0.55536
5718	YJR135C	0.55526
5719	YHL009W-B	0.55523
5720	YBR004C	0.55511
5721	YER066C-A	0.55511
5722	YPL216W	0.55509
5723	YBL100W-B	0.55508
5724	YJL026C-A	0.55504
5725	YPR012W	0.55504
5726	YBL029W	0.55502
5727	YPL156C	0.55502
5728	YJL114W	0.555
5729	YDR078C	0.55494
5730	YLR057W	0.5549
5731	YBL113W-A	0.55481
5732	YJL113W	0.55468
5733	YMR153C-A	0.55445
5734	YBR239C	0.55443
5735	YJR147W	0.55434
5736	YER109C	0.55431
5737	YER153C	0.55421
5738	YMR072W	0.55414
5739	YJL105W	0.55403
5740	YDR317W	0.55386
5741	YKR015C	0.55381
5742	YHL027W	0.55381
5743	YNR047W	0.55361
5744	YJL019W	0.55358
5745	YFL032W	0.55342
5746	YHL009C	0.55335
5747	YIL149C	0.55328
5748	YCL022C	0.55328
5749	YNL068C	0.55318
5750	YDL173W	0.55305
5751	YNL204C	0.55283
5752	YBR171W	0.55274
5753	YOR297C	0.5526
5754	YNL058C	0.55259
5755	YDR396W	0.55249
5756	YOR343W-B	0.55247
5757	YNL008C	0.55221
5758	YGR077C	0.55204
5759	YFR039C	0.55203
5760	YDL005C	0.55202
5761	YDL151C	0.55202
5762	YML083C	0.5519
5763	YOR140W	0.55184
5764	YPR106W	0.55178
5765	YNL165W	0.55169
5766	YFR036W-A	0.55169
5767	YER088W-B	0.55166
5768	YDL130W-A	0.55164
5769	YJL073W	0.5514
5770	YML099W-A	0.55135
5771	YPR049C	0.55132
5772	YBR051W	0.55117
5773	YOL089C	0.55113
5774	YOR152C	0.55101
5775	YDR543C	0.55101
5776	YNL067W-A	0.55087
5777	YFR042W	0.55073
5778	YBR077C	0.55073
5779	YML103C	0.55071
5780	YER054C	0.55064
5781	YDL240C-A	0.55049
5782	YNL070W	0.55037
5783	YER022W	0.55034
5784	YDR261C-C	0.55031
5785	YDR104C	0.5503
5786	YPR158C-C	0.55024
5787	YPR009W	0.55019
5788	YJR093C	0.55019
5789	YDR076W	0.55013
5790	YNL235C	0.55013
5791	YHR137C-A	0.55009
5792	YIL071W-A	0.54996
5793	YML034W	0.54985
5794	YDL220C	0.54979
5795	YOR019W	0.54963
5796	YKL130C	0.54961
5797	YJR127C	0.54959
5798	YKL096C-B	0.54946
5799	YLR154W-F	0.54941
5800	YOL103W-A	0.54934
5801	YDR156W	0.54906
5802	YJL180C	0.54897
5803	YBL005W	0.54862
5804	YDR365W-A	0.54838
5805	YER137C-A	0.54838
5806	YPL257W-A	0.54838
5807	YLR157C-A	0.54838
5808	YOR220W	0.54837
5809	YBR135W	0.54834
5810	YIL159W	0.54821
5811	YMR052C-A	0.54814
5812	YMR017W	0.54811
5813	YDR499W	0.5481
5814	YJL032W	0.54807
5815	YNL024C-A	0.54798
5816	YDR285W	0.54789
5817	YOR355W	0.54785
5818	YJL133C-A	0.54783
5819	YMR064W	0.54779
5820	YGL197W	0.54777
5821	YLR294C	0.54774
5822	YEL018W	0.54766
5823	YNL171C	0.5475
5824	YML128C	0.54742
5825	YJL209W	0.5474
5826	YLR073C	0.54732
5827	YPL021W	0.54731
5828	YNR004W	0.5473
5829	YMR284W	0.54718
5830	YIR003W	0.54716
5831	YER035W	0.54707
5832	YLR036C	0.547
5833	YDR329C	0.54691
5834	YIL163C	0.54689
5835	YDR005C	0.54684
5836	YLR211C	0.54681
5837	YJL176C	0.54678
5838	YDR466W	0.54677
5839	YDR307W	0.54674
5840	YPR068C	0.54665
5841	YOL138C	0.54663
5842	YER097W	0.54637
5843	YLR256W-A	0.54634
5844	YMR100W	0.5463
5845	YBR108W	0.54625
5846	YPL120W	0.54605
5847	Q0182	0.54603
5848	YIL031W	0.54598
5849	YNR063W	0.54585
5850	YPL060C-A	0.54577
5851	YHL025W	0.54572
5852	YIL098C	0.54558
5853	YMR311C	0.54557
5854	YGL237C	0.54547
5855	YBR270C	0.54544
5856	YDR203W	0.5454
5857	YJL048C	0.54532
5858	YDR143C	0.54504
5859	YLR173W	0.54499
5860	YLR227W-A	0.54498
5861	YML040W	0.54498
5862	YJR026W	0.54498
5863	YHR130C	0.54491
5864	YDL121C	0.54445
5865	YHR199C-A	0.54445
5866	YER038W-A	0.5444
5867	YLR454W	0.54431
5868	YOR186C-A	0.54425
5869	YPL256C	0.54413
5870	YPR015C	0.54413
5871	YOL104C	0.54396
5872	YLR265C	0.54393
5873	YMR119W	0.54364
5874	YLR098C	0.54357
5875	YPL272C	0.54356
5876	YBR224W	0.54348
5877	YMR280C	0.54346
5878	YCR108C	0.54341
5879	YAR010C	0.54332
5880	YPR137C-A	0.54332
5881	YPL189C-A	0.54327
5882	YML045W-A	0.54316
5883	YFL063W	0.54283
5884	YKR095W	0.5427
5885	YNL211C	0.54252
5886	YDR024W	0.54249
5887	YPR070W	0.54226
5888	YBR012W-A	0.54197
5889	YDR098C-A	0.54196
5890	YNL254C	0.54157
5891	YMR326C	0.54154
5892	YGR016W	0.54137
5893	YGR075C	0.54122
5894	YBR033W	0.54117
5895	YMR051C	0.54079
5896	YER159C-A	0.54079
5897	YLR035C-B	0.54079
5898	YDR316W-A	0.54079
5899	YGR161C-C	0.54079
5900	YHR149C	0.54073
5901	YDR252W	0.54058
5902	YPR021C	0.54044
5903	YOL134C	0.5404
5904	YML054C-A	0.54035
5905	YKL092C	0.54023
5906	YDR017C	0.54012
5907	YOL024W	0.54
5908	YHR056C	0.53958
5909	YJR028W	0.53956
5910	YOL117W	0.53954
5911	YBR168W	0.53954
5912	YCR082W	0.53947
5913	YMR153W	0.53943
5914	YDR371W	0.53937
5915	YDR179C	0.53934
5916	YBR188C	0.53931
5917	YDR529C	0.5393
5918	YML059C	0.53929
5919	YKL061W	0.53918
5920	YER158W-A	0.53889
5921	YHR093W	0.53886
5922	YNR025C	0.53884
5923	YDR451C	0.53882
5924	YHR175W-A	0.5388
5925	YGR038C-A	0.5388
5926	YKR054C	0.53879
5927	YNL198C	0.53878
5928	YLR082C	0.53868
5929	YMR018W	0.53866
5930	YMR193C-A	0.53862
5931	YHR082C	0.53859
5932	YDL242W	0.53855
5933	YDR406W-A	0.53836
5934	YKR019C	0.5383
5935	YJL150W	0.53829
5936	YJL020W-A	0.53823
5937	YOL159C-A	0.53807
5938	YGR150C	0.53789
5939	YOR142W-A	0.53766
5940	YPR158W-A	0.53766
5941	YHR017W	0.53756
5942	YDR369C	0.53736
5943	YGR027W-A	0.53727
5944	YFR012W	0.53701
5945	YKL063C	0.53692
5946	YKR011C	0.5368
5947	YER122C	0.53677
5948	YOL044W	0.5367
5949	YOR266W	0.5366
5950	YJL083W	0.5364
5951	YPL085W	0.53629
5952	YOR333C	0.53628
5953	YMR025W	0.53622
5954	YML017W	0.5362
5955	YDR350C	0.53618
5956	YNL164C	0.53612
5957	YDR170W-A	0.53604
5958	YDL170W	0.53588
5959	YBR238C	0.53578
5960	YIL071C	0.53577
5961	YGR015C	0.53577
5962	YGL042C	0.53575
5963	YDR210C-C	0.53571
5964	YIR014W	0.53562
5965	YNL133C	0.53548
5966	YMR046W-A	0.53538
5967	YBR250W	0.53532
5968	YLR119W	0.53528
5969	YHR145C	0.53503
5970	YHR136C	0.53502
5971	YLR242C	0.53488
5972	YPL202C	0.53479
5973	YDR469W	0.53477
5974	YJR037W	0.53474
5975	YLR313C	0.53463
5976	YLR424W	0.53458
5977	YGL006W-A	0.53451
5978	YLR320W	0.53443
5979	YCR020W-B	0.53441
5980	YGL182C	0.5344
5981	YGL209W	0.53432
5982	YDL129W	0.53425
5983	YBL048W	0.53416
5984	YJL146W	0.53415
5985	YMR257C	0.53415
5986	YHR099W	0.53411
5987	YLR224W	0.53402
5988	YIR018W	0.53399
5989	YLL005C	0.53398
5990	YFR040W	0.5337
5991	YNL284C-A	0.53351
5992	YMR172W	0.53345
5993	YDR379W	0.53339
5994	YAL032C	0.53297
5995	YDR042C	0.53288
5996	YGR098C	0.53285
5997	YDL115C	0.53281
5998	YFR032C-B	0.5328
5999	YKL106C-A	0.53273
6000	YMR066W	0.53267
6001	YDR348C	0.5326
6002	YMR107W	0.53255
6003	YIL136W	0.53243
6004	YBL100W-C	0.53216
6005	YLR424C-A	0.532
6006	YNL314W	0.53196
6007	YCR018C	0.53186
6008	YBR049C	0.53177
6009	YOR028C	0.53148
6010	YFL049W	0.53138
6011	YPL177C	0.53127
6012	YPR174C	0.53119
6013	YJR108W	0.53118
6014	YJL189W	0.53117
6015	YNL156C	0.5311
6016	YLR201C	0.53086
6017	YBR131W	0.53078
6018	YOR129C	0.53053
6019	YPL011C	0.53034
6020	YLR408C	0.53024
6021	YKL048C	0.53023
6022	YNR024W	0.53014
6023	YPR007C	0.53014
6024	YLR360W	0.53012
6025	YKL101W	0.53008
6026	YBR182C-A	0.52993
6027	YDL197C	0.52979
6028	YDL016C	0.52964
6029	YDR202C	0.52931
6030	YKL176C	0.52928
6031	YLR222C-A	0.52923
6032	YNL157W	0.52917
6033	YLR327C	0.52888
6034	YLR182W	0.52885
6035	YLR363W-A	0.52878
6036	YLR297W	0.52875
6037	YGR115C	0.52872
6038	YOR385W	0.52867
6039	YIR033W	0.52863
6040	YPL096C-A	0.52842
6041	YMR016C	0.52838
6042	YDL235C	0.5283
6043	YER093C-A	0.52825
6044	YDR066C	0.52811
6045	YPL075W	0.52778
6046	YJL207C	0.52772
6047	YLR404W	0.52761
6048	YOR097C	0.52753
6049	YAL034C	0.52746
6050	YOL013W-B	0.52735
6051	YIL086C	0.52733
6052	YGL151W	0.52731
6053	YBL107C	0.52722
6054	YOR298W	0.52696
6055	YLR437C	0.52688
6056	YJR005C-A	0.52683
6057	YBR126W-A	0.52681
6058	YIL158W	0.52673
6059	YGL073W	0.52669
6060	YDR235W	0.52668
6061	YFL041W-A	0.52656
6062	YGL086W	0.52654
6063	YCR018C-A	0.52649
6064	YGL214W	0.52642
6065	YDR169C	0.52642
6066	YCL061C	0.5264
6067	YGL230C	0.52615
6068	YOR148C	0.52614
6069	YMR046C	0.52592
6070	YDL139C	0.52558
6071	YMR147W	0.52557
6072	YOR170W	0.5255
6073	YER129W	0.52532
6074	YLR040C	0.52531
6075	YLR271W	0.52529
6076	YBL005W-A	0.52523
6077	YLR376C	0.52519
6078	YLR299C-A	0.52492
6079	YLR091W	0.52488
6080	YHR193C-A	0.52469
6081	YBR230C	0.52458
6082	YMR191W	0.5245
6083	YGR039W	0.52423
6084	YML041C	0.52406
6085	YGR089W	0.52396
6086	YLR135W	0.52378
6087	YJR053W	0.52377
6088	YMR158C-A	0.52372
6089	YJL076W	0.52362
6090	YGR250C	0.52361
6091	YKL159C	0.52356
6092	YEL009C-A	0.52333
6093	YJR012C	0.52318
6094	YPL018W	0.52315
6095	YOR208W	0.52299
6096	YHR159W	0.52272
6097	YBL093C	0.52254
6098	YLL042C	0.52243
6099	YGL066W	0.52219
6100	YOL118C	0.52219
6101	YOR169C	0.52214
6102	YFR003C	0.52208
6103	YDR505C	0.52187
6104	YGR251W	0.52186
6105	YNL054W-A	0.52176
6106	YIL102C-A	0.52175
6107	YNR077C	0.52162
6108	YPL174C	0.52159
6109	YLR146W-A	0.52125
6110	YAL063C-A	0.52123
6111	YBR066C	0.52113
6112	YMR164C	0.52105
6113	YGL162W	0.52077
6114	YGL229C	0.52073
6115	YJR106W	0.52064
6116	YDL073W	0.52064
6117	YHR167W	0.52058
6118	YBL103C	0.52056
6119	YKL138C	0.52043
6120	YCR033W	0.52041
6121	YPL039W	0.52029
6122	YBR083W	0.52018
6123	YPL219W	0.52016
6124	YJR086W	0.51958
6125	YDR016C	0.5195
6126	YDR034C	0.51933
6127	YOR304C-A	0.51921
6128	YKL020C	0.51906
6129	YBR197C	0.51902
6130	YPL193W	0.51896
6131	YNL013C	0.51876
6132	YHR182W	0.51871
6133	YPL166W	0.51849
6134	YIL117C	0.51843
6135	YDR532C	0.51834
6136	YJR157W	0.51828
6137	YPR095C	0.51821
6138	YDR082W	0.51803
6139	YIL144W	0.51795
6140	YKL050C	0.51786
6141	YMR282C	0.51764
6142	YGL176C	0.5169
6143	YIL097W	0.51682
6144	YOR235W	0.5168
6145	YHR131C	0.51677
6146	YBL059W	0.51668
6147	YLR263W	0.51667
6148	YMR059W	0.51648
6149	YBR136W	0.51645
6150	YHR156C	0.51644
6151	YDL056W	0.51633
6152	YMR094W	0.516
6153	YPR151C	0.51594
6154	YJR003C	0.51591
6155	YPL168W	0.5154
6156	YLR052W	0.51539
6157	YMR148W	0.51533
6158	YBL052C	0.51527
6159	YDR034C-C	0.51522
6160	YOR381W-A	0.51508
6161	YMR052W	0.51501
6162	YCR097W	0.51457
6163	YNL053W	0.51454
6164	YDR065W	0.51438
6165	YER075C	0.51437
6166	YLR227C	0.51427
6167	Q0092	0.51424
6168	YBL063W	0.51421
6169	YKL108W	0.5141
6170	YDR166C	0.51408
6171	YOR107W	0.514
6172	YDR043C	0.51386
6173	YPR142C	0.51385
6174	Q0143	0.51382
6175	YPR170W-A	0.51355
6176	YJR107C-A	0.51348
6177	YDR146C	0.51338
6178	YKL162C	0.51333
6179	YCL001W	0.51318
6180	YIL055C	0.5127
6181	YFL019C	0.51253
6182	YDL152W	0.51248
6183	YOR137C	0.51244
6184	YML007W	0.51231
6185	YJR092W	0.5123
6186	YOR329W-A	0.51212
6187	YDR494W	0.51203
6188	YAL027W	0.51195
6189	YBR124W	0.51192
6190	YDR014W-A	0.5118
6191	YMR199W	0.51148
6192	YOL082W	0.51125
6193	YNL054W	0.51124
6194	YBL039W-B	0.51122
6195	YCL020W	0.51117
6196	YDR261W-A	0.51105
6197	YBR057C	0.5109
6198	YOR192C-A	0.5109
6199	YLR139C	0.51073
6200	YOL131W	0.51072
6201	YBL109W	0.51067
6202	YOL015W	0.51063
6203	YGL096W	0.51052
6204	YHL023C	0.51001
6205	YML101C-A	0.50998
6206	YBL043W	0.50975
6207	YAR014C	0.50973
6208	YML081W	0.50901
6209	YNL266W	0.50894
6210	YDL206W	0.50894
6211	YJL066C	0.5089
6212	YGR249W	0.5089
6213	YPL099C	0.50885
6214	YNL115C	0.50864
6215	YGR230W	0.50857
6216	YDR201W	0.50846
6217	YGR134W	0.50825
6218	YGR196C	0.50803
6219	YDR240C	0.5075
6220	YGL005C	0.50749
6221	YAL010C	0.50743
6222	YIL092W	0.50731
6223	YBR072C-A	0.5073
6224	YOL070C	0.50696
6225	YOR104W	0.50693
6226	YGL061C	0.5069
6227	YNL159C	0.50638
6228	YOR350C	0.50632
6229	YPR185W	0.50627
6230	YJR021C	0.50625
6231	YPR134W	0.50608
6232	YML113W	0.50602
6233	YMR151W	0.50602
6234	YDL199C	0.50588
6235	YDL211C	0.50569
6236	YIL127C	0.50553
6237	YGL117W	0.50551
6238	YDL088C	0.50543
6239	YKL138C-A	0.5054
6240	YGR161W-A	0.50524
6241	YFL002W-B	0.50524
6242	YNL144C	0.50519
6243	YJL095W	0.50504
6244	YDR069C	0.50471
6245	Q0010	0.50458
6246	YLR410W-A	0.50439
6247	YGL071W	0.50439
6248	YGR038C-E	0.5043
6249	YDR217C	0.50405
6250	YMR187C	0.50367
6251	YLR079W	0.50364
6252	YOR121C	0.50364
6253	YJL103C	0.5036
6254	YAL016C-B	0.50355
6255	YKL171W	0.50347
6256	YLR298C	0.50334
6257	YNL210W	0.50333
6258	YBR225W	0.50287
6259	YOR313C	0.50281
6260	YDL050C	0.50278
6261	YJL058C	0.50266
6262	YPL118W	0.50258
6263	YJL170C	0.5024
6264	YDR088C	0.50203
6265	YBR182C	0.50181
6266	YBL100W-A	0.50157
6267	YJR089W	0.50089
6268	YBR152W	0.50076
6269	YNL196C	0.50071
6270	YPR164W	0.50066
6271	YPL253C	0.50062
6272	YCR081W	0.50052
6273	YLR219W	0.50051
6274	YMR299C	0.50012
6275	YBL053W	0.49997
6276	YAL040C	0.49991
6277	YDR361C	0.49989
6278	YPR084W	0.49963
6279	YKR034W	0.49951
6280	YML027W	0.49947
6281	YDL020C	0.49935
6282	YPL033C	0.49934
6283	YLR042C	0.49913
6284	YOL031C	0.49909
6285	YIR016W	0.49878
6286	YGR275W	0.49875
6287	YFR057W	0.49826
6288	YCR043C	0.49785
6289	YER028C	0.49765
6290	YGL081W	0.49755
6291	YCL021W-A	0.49712
6292	YDL159W-A	0.49692
6293	YNL167C	0.4969
6294	YNR045W	0.49683
6295	YLL003W	0.49673
6296	YGL219C	0.49661
6297	YGL075C	0.49611
6298	YDR524C	0.49587
6299	YBL088C	0.49586
6300	YMR030W	0.49584
6301	YOR113W	0.49556
6302	YER175W-A	0.4953
6303	YNL100W	0.49514
6304	YPL130W	0.49505
6305	YLR465C	0.49502
6306	YLR431C	0.49494
6307	YNL309W	0.4946
6308	YDR210W-A	0.4945
6309	YDR103W	0.49446
6310	YGR140W	0.49413
6311	YDR422C	0.49395
6312	YKL023W	0.49389
6313	YLR424C-B	0.49382
6314	YHR079C-A	0.49379
6315	YDR123C	0.49375
6316	YDL189W	0.49372
6317	YFR054C	0.49362
6318	YGR067C	0.49324
6319	YHR103W	0.49313
6320	YDL176W	0.4922
6321	YOR343W-A	0.49211
6322	YML043C	0.4921
6323	YPR013C	0.49202
6324	YEL014C	0.49186
6325	YOR030W	0.4917
6326	YMR163C	0.49163
6327	YNL105W	0.49116
6328	YHR036W	0.49095
6329	YGR168C	0.4907
6330	YJL056C	0.49037
6331	YBL054W	0.49034
6332	YOR053W	0.49015
6333	YPL027W	0.4901
6334	YPL070W	0.49001
6335	YOR349W	0.48998
6336	YOR186W	0.48995
6337	YBR194W	0.48985
6338	YBR184W	0.48983
6339	YBR275C	0.48932
6340	YLR094C	0.48925
6341	YPR002C-A	0.48899
6342	YIL036W	0.48875
6343	YML062C	0.48848
6344	YMR232W	0.48845
6345	YKL052C	0.4883
6346	YFR019W	0.4883
6347	YIL037C	0.48823
6348	YER084W-A	0.48808
6349	YOR177C	0.48797
6350	YOL007C	0.48782
6351	YFL033C	0.48761
6352	YDR461C-A	0.4876
6353	YHR184W	0.4874
6354	YLL033W	0.48723
6355	YMR174C	0.48722
6356	YDR195W	0.48685
6357	YER045C	0.48629
6358	YNL199C	0.48614
6359	YDR310C	0.48577
6360	YGR142W	0.48547
6361	YLR267W	0.4854
6362	YML037C	0.4848
6363	YOR147W	0.48442
6364	YNL152W	0.48434
6365	YPL200W	0.48424
6366	YER088C	0.48423
6367	YOR158W	0.4841
6368	YOR047C	0.48399
6369	YDR457W	0.48359
6370	YOR032C	0.48354
6371	YKR091W	0.48353
6372	YGR240C-A	0.48339
6373	YER149C	0.48282
6374	YPL052W	0.48251
6375	YGR161W-C	0.48247
6376	YJR030C	0.48237
6377	YER121W	0.48199
6378	YBR140C	0.48176
6379	YGR079W	0.48162
6380	YDR443C	0.4816
6381	YBR173C	0.48154
6382	YIL101C	0.48099
6383	YBL009W	0.48062
6384	YOR076C	0.48034
6385	YDR260C	0.48014
6386	YDR374C	0.47989
6387	YAL028W	0.47974
6388	YHL029C	0.47967
6389	YLR353W	0.47967
6390	YEL043W	0.47949
6391	YNL091W	0.47862
6392	YOR284W	0.47852
6393	YLR221C	0.47826
6394	YER132C	0.47783
6395	YLR252W	0.47746
6396	YEL005C	0.47733
6397	YNR049C	0.47681
6398	YKR045C	0.47649
6399	YPL049C	0.47634
6400	YDR070C	0.47631
6401	YGR161C	0.47572
6402	YGR041W	0.47555
6403	YJR162C	0.47551
6404	YIR010W	0.47521
6405	YDL027C	0.47496
6406	YLR307C-A	0.47483
6407	YCL005W	0.47475
6408	YFR008W	0.47415
6409	YPR171W	0.4737
6410	YDL224C	0.4736
6411	YHR177W	0.47292
6412	YJL118W	0.47226
6413	YNR009W	0.47169
6414	YGL079W	0.47166
6415	YGR023W	0.47123
6416	YLR373C	0.47072
6417	YOR192C-C	0.47025
6418	YGR179C	0.47023
6419	YKL204W	0.47021
6420	YKR100C	0.46993
6421	YPR036W-A	0.46991
6422	YBR148W	0.46978
6423	YOR114W	0.46975
6424	YNL197C	0.4696
6425	YNL225C	0.46944
6426	YLR436C	0.46929
6427	YKL225W	0.46915
6428	YPR101W	0.46903
6429	YBR201C-A	0.46881
6430	YBR056C-B	0.46877
6431	YOL081W	0.46868
6432	YDR030C	0.46848
6433	YLL047W	0.46836
6434	YLR254C	0.46832
6435	YML015C	0.46829
6436	YLR131C	0.46819
6437	YIL045W	0.46808
6438	YDR096W	0.46759
6439	R0030W	0.46758
6440	YOR195W	0.467
6441	YDL069C	0.46649
6442	YPL054W	0.46633
6443	YDR515W	0.46623
6444	YOR342C	0.46614
6445	Q0255	0.46606
6446	YJL149W	0.46599
6447	YDL169C	0.46547
6448	YOR264W	0.46517
6449	YKR078W	0.46509
6450	YLR099W-A	0.46503
6451	YPR044C	0.46499
6452	YER038C	0.46495
6453	YOR073W	0.46482
6454	YNL046W	0.46454
6455	YKR037C	0.46304
6456	YDR151C	0.46265
6457	YJL090C	0.46255
6458	YNL042W	0.46254
6459	YPL158C	0.46202
6460	YLR352W	0.46174
6461	YLR282C	0.4616
6462	YDL239C	0.4615
6463	YKR010C	0.4609
6464	YLR190W	0.46026
6465	YBL046W	0.46024
6466	YDL223C	0.46018
6467	YMR124W	0.46016
6468	YLR031W	0.45983
6469	YPL269W	0.45922
6470	YDR216W	0.45922
6471	YPL201C	0.45919
6472	YGR071C	0.45918
6473	YMR086W	0.45899
6474	YNL195C	0.45849
6475	YDR181C	0.45838
6476	YER181C	0.45827
6477	YMR270C	0.4582
6478	YJL110C	0.45819
6479	YNR014W	0.45801
6480	YDR239C	0.45781
6481	YGL138C	0.45761
6482	YAL024C	0.4576
6483	YMR219W	0.45714
6484	YLR018C	0.45698
6485	YCL051W	0.45649
6486	YMR204C	0.45638
6487	YMR179W	0.45622
6488	YDR014W	0.45615
6489	YGL194C-A	0.45597
6490	YJL181W	0.45586
6491	YMR135C	0.45564
6492	YKL062W	0.45535
6493	YGL223C	0.45486
6494	YOL091W	0.45485
6495	YBR007C	0.45481
6496	Q0144	0.45473
6497	YDL089W	0.45441
6498	YMR075W	0.45439
6499	YJR056C	0.45429
6500	YDR446W	0.45389
6501	YBL034C	0.45388
6502	YGR113W	0.45375
6503	YBR047W	0.45374
6504	YLR312C	0.45351
6505	YDR425W	0.45348
6506	YOR255W	0.45268
6507	YKL162C-A	0.45267
6508	YPR005C	0.45259
6509	YLR283W	0.45206
6510	YOR178C	0.45185
6511	YAL031C	0.4508
6512	YOR214C	0.4508
6513	YER111C	0.45077
6514	YDR227W	0.45048
6515	YER040W	0.45034
6516	YFR017C	0.44962
6517	YER044C-A	0.44957
6518	YBR013C	0.44945
6519	YER155C	0.449
6520	YBR203W	0.4489
6521	YNL176C	0.44857
6522	YJR011C	0.44816
6523	YNL103W	0.44798
6524	YCL027W	0.44786
6525	YDR277C	0.4478
6526	YOL025W	0.44729
6527	YBR255W	0.44697
6528	YHR160C	0.44636
6529	YLL065W	0.44601
6530	YDR356W	0.4458
6531	YGL035C	0.44568
6532	YBR130C	0.44531
6533	YLR230W	0.44523
6534	YLR315W	0.44505
6535	YLR273C	0.44491
6536	YFL021W	0.44443
6537	YOL029C	0.44417
6538	YMR160W	0.44403
6539	YOR359W	0.444
6540	YGL175C	0.44373
6541	YKL185W	0.4437
6542	YHR195W	0.44323
6543	YPL230W	0.44235
6544	YNL027W	0.44213
6545	YLR341W	0.44175
6546	YCL044C	0.44136
6547	YDR259C	0.44132
6548	YGR153W	0.44111
6549	YMR003W	0.44032
6550	YHR152W	0.44015
6551	YBR076W	0.4398
6552	YMR195W	0.43805
6553	YCR065W	0.43744
6554	YIL119C	0.43687
6555	YKL065W-A	0.4364
6556	YDR029W	0.43614
6557	YBR063C	0.43592
6558	YGL023C	0.4359
6559	YML091C	0.43519
6560	YEL057C	0.43484
6561	YPL250C	0.4343
6562	YDR207C	0.43376
6563	YKL068W-A	0.43363
6564	YML058W	0.43323
6565	YNL018C	0.43283
6566	YDR113C	0.43278
6567	YJR083C	0.43265
6568	YLR334C	0.43245
6569	YOR066W	0.43243
6570	YBR050C	0.43233
6571	YGL057C	0.4322
6572	YLR394W	0.43216
6573	YOR352W	0.43117
6574	YKL112W	0.43108
6575	YDR439W	0.43102
6576	YER158C	0.43076
6577	YNL034W	0.43053
6578	YGR126W	0.42898
6579	YBR095C	0.42889
6580	YDR351W	0.42863
6581	YDR219C	0.42746
6582	YOR324C	0.4271
6583	YOR062C	0.42653
6584	YNL311C	0.42646
6585	YOR023C	0.42557
6586	YIL122W	0.42495
6587	YDL076C	0.42469
6588	YLR030W	0.42461
6589	YGR120C	0.42453
6590	YDR028C	0.42433
6591	YAL047C	0.42398
6592	YGR273C	0.42386
6593	YPL077C	0.42332
6594	YJL051W	0.42275
6595	YHR054C	0.42139
6596	YML009C-A	0.42139
6597	YNL233W	0.42136
6598	YKL093W	0.42107
6599	YGL021W	0.42086
6600	YLR223C	0.42039
6601	YBR156C	0.42027
6602	YJL185C	0.4197
6603	YKR022C	0.41947
6604	YPR078C	0.41943
6605	YFR046C	0.41935
6606	YPL014W	0.418
6607	YPL055C	0.41689
6608	YJL144W	0.41679
6609	YML109W	0.41667
6610	YMR255W	0.41652
6611	YDR223W	0.41641
6612	YMR273C	0.41449
6613	YPL068C	0.41403
6614	YER130C	0.41293
6615	YJL162C	0.41254
6616	YKL042W	0.41187
6617	YDL186W	0.41187
6618	YPL066W	0.4114
6619	YNL076W	0.41044
6620	YER104W	0.41029
6621	YOL036W	0.41007
6622	YPL223C	0.41003
6623	YPR158W	0.40988
6624	YDR130C	0.40973
6625	YGL128C	0.40961
6626	YHR014W	0.40948
6627	YMR036C	0.40821
6628	YER167W	0.40787
6629	YJL147C	0.40775
6630	YKL105C	0.4077
6631	YCL063W	0.40754
6632	YGR239C	0.40735
6633	YDR275W	0.40626
6634	YMR144W	0.40623
6635	YNL214W	0.4059
6636	YPL089C	0.40523
6637	YPL159C	0.40271
6638	YMR175W	0.40189
6639	YDR249C	0.40187
6640	YDR022C	0.40186
6641	YLR102C	0.4018
6642	YGR035C	0.40163
6643	YOR372C	0.40109
6644	YER124C	0.4005
6645	YLR257W	0.40011
6646	YIL146C	0.39968
6647	YLR445W	0.39937
6648	YBR045C	0.39881
6649	YGL222C	0.39828
6650	YBR165W	0.39799
6651	YJL161W	0.39737
6652	YGR221C	0.39678
6653	YPL180W	0.39584
6654	YNL074C	0.39526
6655	YJL089W	0.39524
6656	YPR065W	0.39488
6657	YDR186C	0.39393
6658	YPL255W	0.39392
6659	YPL071C	0.39363
6660	YPR008W	0.39344
6661	YLR053C	0.39222
6662	YDR528W	0.39048
6663	YIR025W	0.39043
6664	YER106W	0.39033
6665	YDR184C	0.39019
6666	YPR046W	0.39003
6667	YPR145C-A	0.38993
6668	YFL012W	0.38949
6669	YBL031W	0.3893
6670	YLR049C	0.38869
6671	YML053C	0.38775
6672	YKL023C-A	0.38649
6673	YIL135C	0.38643
6674	YHR157W	0.38445
6675	YPL267W	0.38421
6676	YKR077W	0.38413
6677	YDL180W	0.38387
6678	YMR037C	0.38284
6679	YNL188W	0.37943
6680	YDR085C	0.37905
6681	YPL121C	0.37903
6682	YOR279C	0.37714
6683	YOR044W	0.37508
6684	YBR211C	0.37305
6685	YML119W	0.37283
6686	YHR061C	0.37182
6687	YER033C	0.37173
6688	YNL078W	0.37082
6689	YBR071W	0.36851
6690	YDR309C	0.36703
6691	YGL015C	0.36599
6692	YPL124W	0.36418
6693	YML006C	0.36194
6694	YOR315W	0.35955
6695	YDR480W	0.35801
6696	YML112W	0.35735
6697	YOL106W	0.3571
6698	YBR285W	0.35632
6699	YLR457C	0.35442
6700	YMR206W	0.35066
6701	YMR136W	0.34872
6702	YER032W	0.34719
6703	Q0140	0.34718
6704	YKL109W	0.3433
6705	YPR083W	0.34159
6706	YER180C	0.3415
6707	YGL036W	0.34033
6708	YNL146W	0.33895
6709	YPL229W	0.33708
6710	YNR010W	0.33585
6711	YBL081W	0.33578
6712	YML003W	0.33328
6713	YHR185C	0.32577
6714	YGL170C	0.32493
6715	YMR181C	0.32329
6716	YFR036W	0.31818
6717	YER079W	0.31789
6718	YBR157C	0.31694
6719	YBR138C	0.31037
6720	Q0032	0.3096
6721	YMR252C	0.30894
6722	YNL040C-A	0.30633
6723	YDL204W-A	0.30633
6724	YGR016C-A	0.30633
6725	YNL155C-A	0.30633
6726	YMR106W-A	0.30633
6727	YFR035W-A	0.30633
6728	YIL152W	0.30503
6729	YMR081C	0.29304
6730	YKR075C	0.28535
6731	YGR146C	0.26959
6732	YDL007C-A	0.26314
6733	YJR094C	0.24897
