rank	yeast_gene	cosine
1	YLR229C	0.94827
2	YDL192W	0.94668
3	YDL137W	0.94548
4	YPR165W	0.94524
5	YFL039C	0.94428
6	YKR059W	0.94283
7	YDR345C	0.93922
8	YOR378W	0.9383
9	YHR092C	0.93792
10	YBR164C	0.93735
11	YDR343C	0.9367
12	YDR342C	0.93636
13	YHR094C	0.93456
14	YMR011W	0.93351
15	YHR096C	0.93188
16	YLR081W	0.93125
17	YGL225W	0.93025
18	YJL214W	0.93019
19	YFL011W	0.92944
20	YBR241C	0.92912
21	YDL006W	0.92901
22	YIL170W	0.92833
23	YDL047W	0.92775
24	YDL245C	0.92718
25	YJR158W	0.92641
26	YNL090W	0.92598
27	YOL156W	0.92598
28	YER072W	0.92577
29	YER009W	0.92563
30	YGL256W	0.92469
31	YJL108C	0.92422
32	YNR072W	0.92422
33	YGL255W	0.92409
34	YEL069C	0.92404
35	YJL219W	0.92357
36	YPL203W	0.92341
37	YOR094W	0.92312
38	YKL190W	0.92306
39	YPL218W	0.92244
40	YKL024C	0.92172
41	YPL036W	0.92147
42	YJR065C	0.92142
43	YER039C	0.92121
44	YGL008C	0.92118
45	YKR039W	0.92096
46	YNL189W	0.9208
47	YLR113W	0.92072
48	YJL164C	0.91975
49	YEL027W	0.91925
50	YPL266W	0.91877
51	YPR183W	0.91876
52	YDR021W	0.9184
53	YFL038C	0.91816
54	YHL047C	0.91808
55	YOR257W	0.91791
56	YBR160W	0.91769
57	YHR128W	0.91718
58	YDR075W	0.91683
59	YBL016W	0.91672
60	YOL094C	0.91669
61	YPR182W	0.91648
62	YKL218C	0.9162
63	YNL290W	0.91598
64	YFL055W	0.91405
65	YML018C	0.91269
66	YHL040C	0.91219
67	YMR109W	0.91208
68	YNL006W	0.91189
69	YDR536W	0.91165
70	YLL050C	0.91153
71	YMR079W	0.91125
72	YJL167W	0.91105
73	YER177W	0.91091
74	YDL126C	0.91066
75	YGL210W	0.91058
76	YNL209W	0.91042
77	YER031C	0.91039
78	YER060W-A	0.91037
79	YDR373W	0.9103
80	YAL005C	0.91014
81	YER133W	0.9101
82	YMR290C	0.90991
83	YGR252W	0.90987
84	YDL229W	0.90985
85	YLL024C	0.90955
86	YBL026W	0.90949
87	YMR246W	0.90934
88	YMR034C	0.90919
89	YBL075C	0.90918
90	YNL268W	0.909
91	YHL016C	0.90894
92	YNL112W	0.90855
93	YMR015C	0.90853
94	YOR046C	0.90843
95	YEL063C	0.90807
96	YDR155C	0.90806
97	YDL134C	0.90801
98	YDL168W	0.90791
99	YKL196C	0.90774
100	YDL166C	0.90689
101	YOR153W	0.90651
102	YDR353W	0.90629
103	YER103W	0.90621
104	YDR129C	0.90618
105	YBL030C	0.90607
106	YBR082C	0.90602
107	YCR098C	0.90594
108	YGL001C	0.90589
109	YML001W	0.90566
110	YOR061W	0.90547
111	YFL066C	0.90533
112	YER081W	0.9053
113	YER056C	0.90499
114	YDR059C	0.90486
115	YCR010C	0.90485
116	YPL234C	0.90471
117	YNL135C	0.90453
118	YER060W	0.9045
119	YHR106W	0.90411
120	YDR099W	0.90411
121	YBR109C	0.9039
122	YDR091C	0.90379
123	YOR089C	0.90356
124	YPL058C	0.90339
125	YPR138C	0.90333
126	YJL050W	0.90328
127	YNL270C	0.90325
128	YOR204W	0.90266
129	YJL001W	0.90263
130	YKL129C	0.90255
131	YFL045C	0.90248
132	YJL213W	0.90221
133	YDR341C	0.90218
134	YBR187W	0.90195
135	YKL033W-A	0.90171
136	YML012W	0.90163
137	YBR085W	0.90162
138	YHR007C	0.9014
139	YDL055C	0.90139
140	YDR406W	0.90137
141	YFL005W	0.90133
142	YNL142W	0.90114
143	YGR123C	0.90097
144	YAL038W	0.90088
145	YJL034W	0.90086
146	YGR040W	0.90079
147	YPR173C	0.90042
148	YBL112C	0.90039
149	YHR218W-A	0.90039
150	YPR192W	0.90024
151	YMR279C	0.89991
152	YOL086C	0.89971
153	YER094C	0.89963
154	YGL091C	0.89927
155	YJL026W	0.89924
156	YDL108W	0.89921
157	YDR454C	0.89916
158	YNL010W	0.89898
159	YLR438C-A	0.89882
160	YLR303W	0.89879
161	YNR032C-A	0.89855
162	YPL051W	0.89851
163	YPL061W	0.89836
164	YHR018C	0.89801
165	YJR148W	0.89797
166	YJR159W	0.89794
167	YPL031C	0.8979
168	YMR303C	0.89781
169	YOL151W	0.89763
170	YML123C	0.89747
171	YDR196C	0.89741
172	YDR040C	0.89705
173	YBR145W	0.89703
174	YGR121C	0.89691
175	YKL166C	0.8968
176	YIL074C	0.89676
177	YOL038W	0.89673
178	YDL246C	0.89662
179	YGR282C	0.8966
180	YEL013W	0.89633
181	YER057C	0.89626
182	YLR347C	0.89626
183	YJL014W	0.89626
184	YFL058W	0.89612
185	YER119C	0.89595
186	YJR105W	0.89591
187	YDR039C	0.89588
188	YBR261C	0.89586
189	YGL253W	0.89561
190	YGR191W	0.89545
191	YDL084W	0.89543
192	YHR030C	0.89542
193	YPL119C	0.89538
194	YOR348C	0.89533
195	YNL332W	0.8953
196	YNR002C	0.89526
197	YLR130C	0.89515
198	YOR317W	0.8949
199	YNL098C	0.89488
200	YDL244W	0.89486
201	YMR108W	0.89477
202	YJR156C	0.89471
203	YCL025C	0.8947
204	YEL066W	0.89463
205	YLR234W	0.89459
206	YER025W	0.89435
207	YDR011W	0.89433
208	YDR046C	0.89415
209	YHR057C	0.8941
210	YKL146W	0.89408
211	YGL167C	0.89408
212	YER020W	0.89408
213	YDR519W	0.8937
214	YEL046C	0.89365
215	YGR218W	0.8935
216	YER148W	0.89347
217	YDR038C	0.89344
218	YDR404C	0.89335
219	YFL017W-A	0.89323
220	YGR231C	0.89319
221	YER125W	0.89311
222	YGL011C	0.8931
223	YJR068W	0.89307
224	YER052C	0.89307
225	YJR045C	0.89305
226	YOR157C	0.89287
227	YFR053C	0.89286
228	YER178W	0.89284
229	YDL128W	0.89282
230	YPL086C	0.89277
231	YNL274C	0.89266
232	YAL026C	0.89263
233	YPR204W	0.89243
234	YOR347C	0.89242
235	YPL264C	0.89214
236	YOR197W	0.89208
237	YDR226W	0.89203
238	YOR185C	0.89193
239	YFL026W	0.89189
240	YMR056C	0.8918
241	YLR293C	0.89169
242	YKR002W	0.89157
243	YOR122C	0.89151
244	YBR298C	0.89119
245	YOR388C	0.89115
246	YOL158C	0.89108
247	YEL031W	0.89106
248	YIL009W	0.89102
249	YDL188C	0.89093
250	YCL017C	0.89093
251	YPL106C	0.89085
252	YPR113W	0.89077
253	YPL028W	0.89055
254	YAL064C-A	0.89048
255	YGR132C	0.89037
256	YAL061W	0.89023
257	YPR069C	0.89023
258	YEL026W	0.89023
259	YGR055W	0.89019
260	YBR296C	0.89015
261	YMR146C	0.89002
262	YMR300C	0.88993
263	YIL148W	0.88975
264	YKR094C	0.88975
265	YEL065W	0.88948
266	YLR147C	0.88943
267	YBR222C	0.88942
268	YPR016C	0.88932
269	YLL028W	0.8892
270	YBR126C	0.88899
271	YAL060W	0.88854
272	YGR152C	0.88833
273	YGL087C	0.8883
274	YDL125C	0.88824
275	YIL121W	0.88786
276	YHR208W	0.88776
277	YIL143C	0.88762
278	YOR270C	0.88756
279	YIR036C	0.88751
280	YKR080W	0.88742
281	YLR438W	0.8873
282	YLR208W	0.8872
283	YDR497C	0.88716
284	YDL022W	0.88709
285	YBR080C	0.88704
286	YER171W	0.88702
287	YLR134W	0.887
288	YLR359W	0.88689
289	YAL020C	0.88672
290	YGR210C	0.88659
291	YOR161C	0.8864
292	YDL097C	0.88635
293	YIL116W	0.88623
294	YGR105W	0.88619
295	YGR281W	0.88614
296	YJR153W	0.88595
297	YHR110W	0.88595
298	YDR540C	0.88594
299	YBR169C	0.88587
300	YMR226C	0.88581
301	YPR052C	0.88579
302	YEL030W	0.88547
303	YJL121C	0.8854
304	YFL056C	0.88539
305	YMR318C	0.88522
306	YLR466W	0.88514
307	YNL014W	0.88514
308	YDL210W	0.8851
309	YMR243C	0.88499
310	YGR060W	0.88492
311	YGL157W	0.88489
312	YLR034C	0.88488
313	YIL078W	0.88459
314	YNL202W	0.88456
315	YEL021W	0.88455
316	YLR044C	0.88451
317	YLR092W	0.88437
318	YOR328W	0.88423
319	YLR397C	0.88417
320	YGR208W	0.88417
321	YPL276W	0.88414
322	YPL246C	0.88413
323	YJR095W	0.88397
324	YNR070W	0.88392
325	YGL039W	0.8839
326	YOL162W	0.8839
327	YEL064C	0.88381
328	YOL021C	0.88375
329	YNR053C	0.88375
330	YBL071W-A	0.88373
331	YLR058C	0.88373
332	YJR077C	0.88372
333	YNL330C	0.88364
334	YEL077C	0.88342
335	YER062C	0.8833
336	YLL056C	0.88313
337	Q0130	0.88311
338	YIR035C	0.883
339	YBR019C	0.88284
340	YHR070W	0.88281
341	YLR249W	0.88281
342	YER073W	0.88261
343	YER107C	0.8824
344	YDL100C	0.88227
345	YAR002C-A	0.88227
346	YIL003W	0.88223
347	YPR051W	0.88201
348	YDL001W	0.88188
349	YER012W	0.88185
350	YDR185C	0.8818
351	YPL154C	0.88178
352	YBR008C	0.88164
353	YER026C	0.88137
354	YER185W	0.88131
355	YCR073W-A	0.88129
356	YBR252W	0.88119
357	YNL241C	0.88115
358	YBR249C	0.88115
359	YGL120C	0.88114
360	YOL143C	0.88114
361	YHR200W	0.88106
362	YLR170C	0.88096
363	YOL133W	0.88091
364	YPR033C	0.88081
365	YGR138C	0.88078
366	YKL104C	0.88074
367	YHR163W	0.88071
368	YIR042C	0.8807
369	YJL055W	0.88058
370	YKL152C	0.88057
371	YDL029W	0.8805
372	YDR508C	0.8804
373	YAL023C	0.88039
374	YDR092W	0.88038
375	YDR139C	0.88027
376	YLR193C	0.88021
377	YPL244C	0.8802
378	YIL053W	0.88012
379	YML116W	0.88002
380	YDR050C	0.87992
381	YPR062W	0.8799
382	YER055C	0.87983
383	YML102W	0.87975
384	YGL097W	0.87968
385	YLR153C	0.87967
386	YKL216W	0.87963
387	YOR159C	0.87961
388	YBL041W	0.8795
389	YGR211W	0.8794
390	YNL104C	0.8794
391	YMR292W	0.87936
392	YER099C	0.87935
393	YDR510W	0.87927
394	YFR044C	0.87918
395	YPL265W	0.87899
396	YML008C	0.87892
397	YJR007W	0.87887
398	YIL043C	0.87887
399	YIL020C	0.8788
400	YLL018C	0.87879
401	YDL164C	0.87868
402	YBR294W	0.87855
403	YLR160C	0.87852
404	YLR158C	0.87852
405	YLR157C	0.87852
406	YLR155C	0.87852
407	YER023W	0.87833
408	YLR237W	0.87832
409	YKR093W	0.87831
410	YOR323C	0.87825
411	YCR047C	0.87823
412	YBR089C-A	0.87816
413	YGR043C	0.87816
414	YCR009C	0.87812
415	YJR049C	0.878
416	YLR200W	0.878
417	YDR002W	0.87795
418	YDL182W	0.87791
419	YNL244C	0.87788
420	YPL274W	0.87787
421	YBR154C	0.8778
422	YMR222C	0.87753
423	YDR541C	0.87747
424	YER089C	0.87744
425	YOR380W	0.87735
426	YNR055C	0.8773
427	YOR381W	0.87717
428	YOL122C	0.87708
429	YJR152W	0.87698
430	YJR104C	0.87697
431	YEL058W	0.87687
432	YGL062W	0.87685
433	YPR035W	0.8768
434	YAL012W	0.8767
435	YER069W	0.87664
436	YER166W	0.8766
437	YLR348C	0.87652
438	YOR131C	0.87651
439	YNR050C	0.87643
440	YML069W	0.87641
441	YJR124C	0.87638
442	YLL060C	0.8763
443	YGR175C	0.87613
444	YGR248W	0.87597
445	YDR424C	0.87597
446	YLL053C	0.87597
447	YBR114W	0.87588
448	YJR025C	0.87587
449	YBR068C	0.87583
450	YDR232W	0.8758
451	YHL011C	0.87569
452	YGL221C	0.8756
453	YNL093W	0.8756
454	YDR294C	0.87545
455	YHR183W	0.87538
456	YPL111W	0.87529
457	YNL191W	0.87522
458	YOL075C	0.87497
459	YGL200C	0.8748
460	YPR145W	0.87464
461	YGL058W	0.87463
462	YLR433C	0.87459
463	YJR073C	0.87456
464	YOR327C	0.87449
465	YBL036C	0.8743
466	YKL217W	0.87404
467	YER036C	0.87393
468	YDL064W	0.87391
469	YGR253C	0.87387
470	YOR283W	0.87386
471	YEL042W	0.87376
472	YOR108W	0.87367
473	YML078W	0.87364
474	YGR213C	0.87359
475	YBR106W	0.87345
476	YJR160C	0.87331
477	YKL148C	0.87327
478	YIL120W	0.87326
479	YDR304C	0.87308
480	YPL175W	0.87298
481	YER179W	0.87283
482	YJL143W	0.87278
483	YOL103W	0.87277
484	YGR289C	0.87273
485	YGL070C	0.8727
486	YDR090C	0.87258
487	YOL030W	0.87255
488	YGL077C	0.8724
489	YDR001C	0.87233
490	YER110C	0.87232
491	YBR218C	0.8723
492	YOR362C	0.8723
493	YDL131W	0.87229
494	YBR143C	0.87224
495	YER190W	0.87209
496	YER086W	0.87206
497	YBR020W	0.87194
498	YIL118W	0.87185
499	YLL063C	0.87176
500	YHR050W	0.87173
501	YHR218W	0.87166
502	YGR256W	0.87141
503	YCL073C	0.87139
504	YER019W	0.87137
505	YGL026C	0.87136
506	YLR011W	0.87131
507	YDR135C	0.87129
508	YKL220C	0.87118
509	YLR245C	0.87107
510	YPL275W	0.87104
511	YDL086W	0.87103
512	YJL218W	0.87099
513	YDL160C	0.87099
514	YEL051W	0.87095
515	YGR185C	0.87095
516	YDL243C	0.87093
517	YPR103W	0.87088
518	YML057W	0.87075
519	YLR244C	0.87065
520	YCR012W	0.87065
521	YKL094W	0.87064
522	YDR238C	0.87062
523	YOR187W	0.87039
524	YER165W	0.87026
525	YNL331C	0.87026
526	YKL046C	0.87022
527	YKR106W	0.8702
528	YJL094C	0.87015
529	YLL067C	0.87011
530	YLL061W	0.87009
531	YAL049C	0.87005
532	YJL045W	0.86996
533	YHR044C	0.86977
534	YNL264C	0.86965
535	YJR143C	0.8695
536	YNL288W	0.86948
537	YLR354C	0.86942
538	YOR326W	0.86931
539	YGR224W	0.86929
540	YOL066C	0.86917
541	YDL095W	0.86915
542	YBR034C	0.86912
543	YDR339C	0.86901
544	YPR176C	0.86893
545	YDR375C	0.86892
546	YDR272W	0.86892
547	YDL102W	0.86887
548	YMR307W	0.86874
549	YNR034W	0.86868
550	YGR087C	0.86865
551	YCR057C	0.86865
552	YNR060W	0.86865
553	YJL012C	0.86858
554	YKL127W	0.86851
555	YNL277W	0.86839
556	YCL040W	0.86838
557	YDR456W	0.86837
558	YEL034W	0.86837
559	YML124C	0.86833
560	YOL084W	0.86829
561	YBL024W	0.86828
562	YGL048C	0.86826
563	YER007C-A	0.86809
564	YBL078C	0.86808
565	YGR286C	0.86799
566	YOR321W	0.86798
567	YLR216C	0.86796
568	YMR105C	0.86795
569	YHR042W	0.86791
570	YMR315W	0.8679
571	YMR205C	0.86789
572	YDR328C	0.86778
573	YNL259C	0.86778
574	YDR267C	0.86776
575	YBR221C	0.86774
576	YMR071C	0.86768
577	YBL091C	0.86767
578	YPR156C	0.86765
579	YMR083W	0.86762
580	YDL222C	0.86759
581	YBR046C	0.86747
582	YAL054C	0.86733
583	YHR043C	0.867
584	YDR384C	0.867
585	YOL055C	0.86698
586	YNL231C	0.86698
587	YDL236W	0.86694
588	YDL144C	0.86692
589	YNR003C	0.86687
590	YBR088C	0.8668
591	YDL230W	0.86678
592	YBR043C	0.86677
593	YIL160C	0.86663
594	YAR073W	0.86659
595	YLR069C	0.86649
596	YER003C	0.8664
597	YMR058W	0.86628
598	YNR032W	0.86622
599	YNL108C	0.8662
600	YJL035C	0.86619
601	YFR009W	0.86618
602	YML022W	0.86616
603	YOR027W	0.8661
604	YGL078C	0.8659
605	YNL255C	0.86588
606	YPR193C	0.86583
607	YJR058C	0.86575
608	YEL011W	0.86569
609	YHR065C	0.86541
610	YMR116C	0.8654
611	YJL198W	0.86535
612	YIL048W	0.86529
613	YKL210W	0.86526
614	YKR105C	0.86525
615	YGL002W	0.86523
616	YDR062W	0.86522
617	YCL035C	0.8652
618	YDR368W	0.86518
619	YLR268W	0.86515
620	YER145C	0.86513
621	YIR028W	0.86508
622	YBR256C	0.86508
623	YER053C	0.86507
624	YDR047W	0.86504
625	YER159C	0.86501
626	YGR124W	0.86492
627	YBR196C	0.86488
628	YMR169C	0.86486
629	YNL123W	0.86483
630	YER090W	0.8648
631	YHL050C	0.86477
632	YPL199C	0.8647
633	YDR394W	0.86464
634	YER095W	0.8646
635	YIL162W	0.86459
636	YPL259C	0.86457
637	YIL142W	0.86457
638	YJL030W	0.86455
639	YHR019C	0.86455
640	YOR273C	0.86454
641	YMR241W	0.86449
642	YBR132C	0.86447
643	YGL234W	0.86445
644	YDR297W	0.86444
645	YFL018C	0.86442
646	YNL125C	0.8644
647	YBL068W	0.86435
648	YER015W	0.86428
649	YGR279C	0.86426
650	YDR533C	0.86425
651	YNL044W	0.8642
652	YIL064W	0.86414
653	YNL113W	0.86414
654	YOR192C	0.86408
655	YCL009C	0.86405
656	YML085C	0.86394
657	YCL018W	0.86391
658	YMR266W	0.86391
659	YMR278W	0.86389
660	YGL115W	0.86386
661	YHR074W	0.86363
662	YIR037W	0.86361
663	YCR105W	0.86353
664	YHR032W	0.86349
665	YKL211C	0.86341
666	YBR263W	0.86335
667	YMR305C	0.86331
668	YJR139C	0.86319
669	YBR006W	0.86307
670	YOR095C	0.86307
671	YLR027C	0.86294
672	YNR073C	0.86291
673	YEL070W	0.86291
674	YMR202W	0.86279
675	YMR221C	0.86278
676	YLR213C	0.86278
677	YOR092W	0.86276
678	YBL022C	0.86254
679	YBR038W	0.86253
680	YLR028C	0.8624
681	YDR270W	0.86227
682	YLL066C	0.86225
683	YLR070C	0.8621
684	YOR224C	0.86206
685	YPL129W	0.86203
686	YFR014C	0.86202
687	YOR071C	0.862
688	YCR059C	0.86191
689	YBR121C	0.86186
690	YLR060W	0.86181
691	YKR026C	0.86175
692	YBR159W	0.86174
693	YHL003C	0.86173
694	YCR028C	0.86173
695	YPR086W	0.86172
696	YBL042C	0.8617
697	YIL177C	0.86163
698	YPL169C	0.86155
699	YNR026C	0.86154
700	YBR286W	0.8614
701	YFL053W	0.86131
702	YOR126C	0.86125
703	YLR168C	0.86123
704	YNL335W	0.861
705	YFL061W	0.861
706	YJL225C	0.861
707	YJR096W	0.86095
708	YML080W	0.86094
709	YDL052C	0.86092
710	YBL111C	0.86091
711	YBR295W	0.86089
712	YDR516C	0.86076
713	YGL054C	0.86074
714	YIL124W	0.86071
715	YOR117W	0.86069
716	YDL247W	0.86068
717	YLR420W	0.86061
718	YNL095C	0.86061
719	YLR175W	0.86059
720	YLR277C	0.86058
721	YFL017C	0.86056
722	YOR236W	0.86055
723	YML133C	0.86041
724	YOR128C	0.86018
725	YGR065C	0.86016
726	YJR017C	0.86014
727	YGL047W	0.86014
728	YJR001W	0.86004
729	YFR004W	0.85999
730	YDR388W	0.85993
731	YER174C	0.85991
732	YJL212C	0.85988
733	YLR355C	0.85983
734	YGL119W	0.85978
735	YLR289W	0.85977
736	YLR059C	0.85967
737	YKL157W	0.85965
738	YMR138W	0.85964
739	YAL030W	0.85953
740	YBR287W	0.85952
741	YKL145W	0.85951
742	YGR260W	0.85947
743	YDR037W	0.85918
744	YFR047C	0.85917
745	YKL184W	0.85916
746	YPL091W	0.85907
747	YBL050W	0.85905
748	YKL001C	0.85902
749	YLR167W	0.85896
750	YMR235C	0.85888
751	YHR005C	0.85887
752	YHR064C	0.85881
753	YLR005W	0.85877
754	YGL135W	0.85877
755	YPL220W	0.85877
756	YCR011C	0.85869
757	YMR236W	0.85862
758	YOR101W	0.85856
759	YKL069W	0.85856
760	YIR022W	0.85841
761	YOL097C	0.85838
762	YLR172C	0.85834
763	YDR023W	0.85833
764	YMR080C	0.85831
765	YIL010W	0.85821
766	YBR264C	0.85812
767	YPR194C	0.85807
768	YNL064C	0.85806
769	YBR243C	0.85802
770	YEL038W	0.85797
771	YOL139C	0.85795
772	YNL134C	0.85785
773	YNL307C	0.85784
774	YDR033W	0.85783
775	YHL036W	0.85779
776	YLR121C	0.85767
777	YDR111C	0.85759
778	YMR297W	0.85752
779	YLR467W	0.85741
780	YDR545W	0.85741
781	YOR396W	0.85741
782	YMR301C	0.85741
783	YOR202W	0.85734
784	YGR267C	0.85727
785	YBR235W	0.85723
786	YMR260C	0.85721
787	YJL216C	0.85708
788	YJL196C	0.85702
789	YMR203W	0.85702
790	YFL041W	0.85696
791	YIL088C	0.85693
792	YAR007C	0.85691
793	YOR099W	0.85685
794	YMR183C	0.85682
795	YIL094C	0.85654
796	YBL076C	0.85653
797	YIL035C	0.85649
798	YDR120C	0.85638
799	YBR035C	0.85637
800	YNL071W	0.85634
801	YKL078W	0.85622
802	Q0275	0.85618
803	YEL041W	0.85604
804	YNR064C	0.85599
805	YOR259C	0.85597
806	YGL100W	0.85592
807	YPL258C	0.85586
808	YCR027C	0.85583
809	YIL001W	0.85573
810	YLR126C	0.85559
811	YHR135C	0.85554
812	YOL137W	0.85534
813	YHR026W	0.85532
814	YJL008C	0.8553
815	YDR158W	0.85525
816	YMR170C	0.85524
817	YGR163W	0.85523
818	YOR375C	0.85515
819	YOR393W	0.85514
820	YPL281C	0.85514
821	YMR238W	0.85512
822	YLR258W	0.85505
823	YKL213C	0.855
824	YOR339C	0.85497
825	YCL069W	0.85491
826	YPL232W	0.85489
827	YGL137W	0.85488
828	YAL062W	0.85482
829	YJR047C	0.85479
830	YDR045C	0.85477
831	YGR135W	0.85475
832	YGR100W	0.85454
833	YGL106W	0.85438
834	YOR120W	0.85424
835	YGL012W	0.85417
836	YLR220W	0.85408
837	YMR323W	0.85402
838	YLL055W	0.854
839	YCR053W	0.85399
840	YML079W	0.85399
841	YBR078W	0.85397
842	YDR177W	0.85396
843	YKR038C	0.85393
844	YPL283C	0.85389
845	YCR021C	0.85389
846	YGR296W	0.85387
847	YNL339C	0.85386
848	YLL026W	0.85377
849	YHR169W	0.85376
850	YKL120W	0.85373
851	YGR155W	0.85372
852	YPL245W	0.85355
853	YPL046C	0.85337
854	YCR020C-A	0.85337
855	YNL281W	0.85335
856	YGR234W	0.85334
857	YBR021W	0.85333
858	YPR131C	0.85327
859	YDL174C	0.85317
860	YNL200C	0.85316
861	YLR017W	0.85313
862	YLL039C	0.85311
863	YDR074W	0.85311
864	YLR432W	0.85308
865	YDR093W	0.85303
866	YJR015W	0.85301
867	YLR146C	0.85292
868	YPR041W	0.85282
869	YGR207C	0.8527
870	YPL235W	0.85263
871	YIL065C	0.85261
872	YGR180C	0.85258
873	YBR054W	0.85258
874	YPR110C	0.85254
875	YMR120C	0.85251
876	YHR047C	0.85247
877	YDL103C	0.85236
878	YLR195C	0.85224
879	YMR084W	0.85213
880	YDR321W	0.85203
881	YMR008C	0.852
882	YGL220W	0.85196
883	YJL111W	0.8519
884	YFR015C	0.85189
885	YNR043W	0.85187
886	YBR265W	0.85183
887	YER143W	0.85182
888	YAR015W	0.85177
889	YOL090W	0.85175
890	YPR108W	0.85169
891	YFR055W	0.85163
892	YIL109C	0.85163
893	YEL071W	0.85161
894	YGL252C	0.8516
895	YJL060W	0.85148
896	YDR148C	0.85147
897	YGL017W	0.8514
898	YPL226W	0.8514
899	YOR142W	0.85131
900	YBR291C	0.8513
901	YJR112W-A	0.85128
902	YDL124W	0.85127
903	YLR209C	0.85122
904	YOL092W	0.85116
905	YMR210W	0.8511
906	YGL022W	0.85101
907	YEL040W	0.85098
908	YML094W	0.85086
909	YLR152C	0.85076
910	YOL002C	0.85067
911	YJL217W	0.85063
912	YDR098C	0.85059
913	YOL163W	0.85056
914	YHR112C	0.85051
915	YOR374W	0.8505
916	YDR086C	0.85049
917	YFL037W	0.85042
918	YEL037C	0.85039
919	YBR015C	0.85037
920	YBR153W	0.8503
921	YOR306C	0.85022
922	YDR214W	0.8502
923	YAL042W	0.85017
924	YMR215W	0.85014
925	YGR244C	0.85005
926	YBR117C	0.85002
927	YOR316C	0.85
928	YPL017C	0.84997
929	YHR025W	0.84993
930	YHR107C	0.84982
931	YKR053C	0.84981
932	YOL132W	0.84981
933	YMR308C	0.8498
934	YIR027C	0.84977
935	YMR314W	0.84975
936	YDR258C	0.84974
937	YLR259C	0.84972
938	YOR084W	0.84968
939	YGR240C	0.84963
940	YDR402C	0.84957
941	YHR029C	0.84952
942	YPL093W	0.84949
943	YMR271C	0.84948
944	YML056C	0.84947
945	YML021C	0.84946
946	YNL222W	0.84941
947	YDL201W	0.84941
948	YPL204W	0.84941
949	YGL006W	0.84933
950	YDL046W	0.84929
951	YGL186C	0.84919
952	YGL224C	0.84918
953	YPR149W	0.84917
954	YPL015C	0.84915
955	YLR004C	0.8491
956	YCL010C	0.8491
957	YLR330W	0.84901
958	YMR022W	0.84896
959	YJR155W	0.84895
960	YNL138W	0.84883
961	YMR090W	0.84878
962	YBL039C	0.84872
963	YJR074W	0.84864
964	YOR087W	0.84862
965	YMR178W	0.84861
966	YGR019W	0.8485
967	YGR197C	0.84846
968	YPL094C	0.84831
969	YPL221W	0.84828
970	YDR300C	0.84827
971	YJR024C	0.84826
972	YNL111C	0.84824
973	YLR328W	0.84814
974	YML028W	0.84805
975	YEL047C	0.84797
976	YOR222W	0.84795
977	YML125C	0.84795
978	YDR397C	0.84793
979	YDR453C	0.84792
980	YDR408C	0.84785
981	YJL033W	0.84781
982	YHR132C	0.84778
983	YBL021C	0.84775
984	YCL043C	0.84773
985	YMR217W	0.84767
986	YML106W	0.84764
987	YBR001C	0.84763
988	YGR254W	0.84763
989	YNL021W	0.84761
990	YOL164W	0.84757
991	YPL160W	0.84753
992	YPR080W	0.84748
993	YKL067W	0.84744
994	YNL130C	0.84744
995	YPR181C	0.84741
996	YAR050W	0.84736
997	YDL208W	0.84735
998	YGL099W	0.84735
999	YPR074C	0.84712
1000	YLR186W	0.84711
1001	YCR072C	0.84707
1002	YFR031C	0.84692
1003	YLR304C	0.84692
1004	YHR174W	0.84689
1005	YJR069C	0.84688
1006	YER175C	0.84687
1007	YOR133W	0.84684
1008	YOR241W	0.84676
1009	YLR251W	0.84675
1010	YBL091C-A	0.84674
1011	YLR384C	0.8466
1012	YBR242W	0.84654
1013	YDL238C	0.84641
1014	YEL060C	0.84637
1015	YJL145W	0.84625
1016	YHR144C	0.84622
1017	YLR340W	0.84619
1018	YHR068W	0.84615
1019	YBR234C	0.84609
1020	YDR291W	0.84604
1021	YGR287C	0.84603
1022	YHR129C	0.84603
1023	YOR293W	0.84602
1024	YJL134W	0.84598
1025	YJR070C	0.8459
1026	YER136W	0.84587
1027	YBR115C	0.84587
1028	YOR040W	0.84583
1029	YIL166C	0.84581
1030	YLR351C	0.84579
1031	YAL044W-A	0.84578
1032	YOR011W	0.84565
1033	YMR285C	0.84562
1034	YOR086C	0.8456
1035	YKR043C	0.84534
1036	YHR190W	0.84531
1037	YNL055C	0.84528
1038	YKL114C	0.84524
1039	YFR010W	0.84522
1040	YBL113C	0.84518
1041	YNR071C	0.84513
1042	YDR276C	0.84509
1043	YNL329C	0.84504
1044	YNL275W	0.84501
1045	YOL119C	0.84499
1046	YCR068W	0.84495
1047	YHR013C	0.84495
1048	YOL157C	0.84489
1049	YER152C	0.84479
1050	YNL323W	0.84476
1051	YBR170C	0.84475
1052	YML092C	0.84472
1053	YHR123W	0.84451
1054	YMR230W	0.84449
1055	YGR028W	0.84447
1056	YNR013C	0.84445
1057	YPR004C	0.84443
1058	YGR007W	0.84442
1059	YJR063W	0.84438
1060	YOR332W	0.84427
1061	YIL051C	0.84419
1062	YBR069C	0.84417
1063	YNL154C	0.84417
1064	YHR216W	0.8441
1065	YCL030C	0.84392
1066	YOR357C	0.84386
1067	YLR243W	0.84386
1068	YPR121W	0.84383
1069	YGL211W	0.84383
1070	YDR084C	0.84377
1071	YJL208C	0.84369
1072	YER043C	0.84368
1073	YFR018C	0.84361
1074	YPL006W	0.84361
1075	YHR111W	0.84359
1076	YKL128C	0.84358
1077	YDR032C	0.84353
1078	YPL135W	0.84351
1079	YCR017C	0.84351
1080	YHR048W	0.84336
1081	YGR020C	0.84327
1082	YPL237W	0.84322
1083	YML133W-A	0.84312
1084	YER190C-A	0.84312
1085	YGR296C-A	0.84312
1086	YNL339W-A	0.84312
1087	YPL283W-A	0.84312
1088	YFL057C	0.84309
1089	YJR116W	0.84299
1090	YNL024C	0.84287
1091	YDR280W	0.8428
1092	YEL039C	0.84279
1093	YJL221C	0.84274
1094	YIL172C	0.84274
1095	YPR011C	0.84274
1096	YHR046C	0.84267
1097	YKL113C	0.84254
1098	YGL130W	0.84252
1099	YDL135C	0.84252
1100	YBL089W	0.84249
1101	YBR248C	0.84247
1102	YNL132W	0.84241
1103	YDR035W	0.84237
1104	YJL171C	0.84232
1105	YPL171C	0.84232
1106	YML064C	0.84227
1107	YDR465C	0.84223
1108	YOR163W	0.84221
1109	YBR244W	0.8422
1110	YMR276W	0.84218
1111	YER004W	0.84214
1112	YPR003C	0.84213
1113	YMR027W	0.84207
1114	YDL147W	0.84205
1115	YKL151C	0.84205
1116	YMR054W	0.84202
1117	YPL212C	0.84201
1118	YHR179W	0.84196
1119	YDR448W	0.84195
1120	YGR200C	0.84194
1121	YPL010W	0.84193
1122	YIL155C	0.84189
1123	YLL018C-A	0.84187
1124	YGL063W	0.84182
1125	YKR009C	0.8418
1126	YKL164C	0.84177
1127	YLR262C	0.84173
1128	YGR031W	0.84172
1129	YGL163C	0.84166
1130	YOR168W	0.84166
1131	YOR335C	0.84164
1132	YPL231W	0.84155
1133	YPL092W	0.84142
1134	YAL063C	0.84125
1135	YHR211W	0.84124
1136	YOR384W	0.84107
1137	YLL029W	0.84096
1138	YCL074W	0.84094
1139	YOL112W	0.8409
1140	YML131W	0.84084
1141	YAL067C	0.84082
1142	YIR012W	0.84082
1143	YGR010W	0.84079
1144	YGR094W	0.84069
1145	YJL079C	0.84057
1146	YPL134C	0.84056
1147	YPR028W	0.84047
1148	YHR063C	0.84041
1149	YGL201C	0.8404
1150	YBR087W	0.84034
1151	YLR137W	0.84034
1152	YHR005C-A	0.84024
1153	YER146W	0.84017
1154	YHR175W	0.84013
1155	YKL107W	0.84008
1156	YDR063W	0.84002
1157	YDR007W	0.83995
1158	YAR035W	0.83984
1159	YDR438W	0.83981
1160	YLR326W	0.83973
1161	YBL102W	0.83971
1162	YGR246C	0.83969
1163	Q0085	0.83967
1164	YOR243C	0.83966
1165	YLR411W	0.83959
1166	YKR018C	0.83953
1167	YBR037C	0.83947
1168	YCR051W	0.83946
1169	YOR184W	0.83944
1170	YCR107W	0.83927
1171	YNL099C	0.8392
1172	YCL033C	0.83916
1173	YOL140W	0.83912
1174	YPL208W	0.83903
1175	YDR287W	0.83887
1176	YKR068C	0.83886
1177	YBR127C	0.83875
1178	YJL024C	0.83866
1179	YNR020C	0.83853
1180	YCR004C	0.83852
1181	YIL164C	0.83844
1182	YPL050C	0.83841
1183	YBL029C-A	0.83839
1184	YDL007W	0.83829
1185	YPL206C	0.83827
1186	YML067C	0.83824
1187	YDR019C	0.83809
1188	YJL128C	0.83805
1189	YHR210C	0.83797
1190	YDL155W	0.83794
1191	YKR013W	0.83783
1192	YJR072C	0.83776
1193	YML038C	0.83767
1194	YJL155C	0.83766
1195	YPR127W	0.83765
1196	YJR048W	0.83762
1197	YKL060C	0.83761
1198	YDR009W	0.83758
1199	YOL016C	0.83755
1200	YOL058W	0.83754
1201	YDR378C	0.83751
1202	YCR037C	0.83751
1203	YJL190C	0.83738
1204	YKL053C-A	0.83725
1205	YKL035W	0.8372
1206	YLR369W	0.8372
1207	YOR013W	0.83707
1208	YDR140W	0.83696
1209	YDL212W	0.83695
1210	YNL237W	0.83692
1211	YAL029C	0.8369
1212	YML014W	0.8369
1213	YDR212W	0.83683
1214	YMR145C	0.83681
1215	YOR004W	0.83677
1216	YGL202W	0.83665
1217	YOL020W	0.83649
1218	YDR481C	0.83648
1219	YBR029C	0.83644
1220	YPL095C	0.83634
1221	YFR006W	0.83632
1222	YOL124C	0.83626
1223	YPR081C	0.83616
1224	YGR264C	0.83614
1225	YAR062W	0.83601
1226	YHR213W	0.83601
1227	YAL016W	0.83595
1228	YLR188W	0.83586
1229	YDL140C	0.83582
1230	YGL105W	0.8357
1231	YLR367W	0.83569
1232	YKR066C	0.83566
1233	YBL057C	0.83564
1234	YMR253C	0.83562
1235	YHR012W	0.83554
1236	YDR172W	0.83553
1237	YDL057W	0.83551
1238	YER044C	0.83548
1239	YOR246C	0.8354
1240	YPL240C	0.83525
1241	YMR186W	0.8352
1242	YBR137W	0.8352
1243	YIR026C	0.83518
1244	YDR116C	0.83511
1245	YIL021W	0.8351
1246	YLR398C	0.8351
1247	YKR014C	0.83505
1248	YOL080C	0.83502
1249	YGL043W	0.83497
1250	YNL072W	0.83495
1251	YOR226C	0.83495
1252	YGL139W	0.83493
1253	YHR039C	0.83487
1254	YDL138W	0.83485
1255	YIL169C	0.83484
1256	YBR155W	0.83478
1257	YLR179C	0.83471
1258	YKR056W	0.83465
1259	YIL165C	0.83457
1260	YDR483W	0.83448
1261	YNL141W	0.83444
1262	YGR131W	0.83443
1263	YLR377C	0.83435
1264	YMR099C	0.83432
1265	YML086C	0.83419
1266	YMR113W	0.83417
1267	YJL068C	0.83416
1268	YOR006C	0.83407
1269	YLR291C	0.83403
1270	YLR214W	0.83403
1271	YGR209C	0.83401
1272	YMR288W	0.83388
1273	YBR003W	0.8338
1274	YKL039W	0.83376
1275	YFL060C	0.83367
1276	YCR008W	0.83365
1277	YLR055C	0.83358
1278	YGL207W	0.83357
1279	YNL065W	0.83356
1280	YOL065C	0.8335
1281	YPR128C	0.83346
1282	YOR391C	0.83345
1283	YMR319C	0.83344
1284	YJR131W	0.83341
1285	YPR160W	0.83338
1286	YPR082C	0.83336
1287	YOR196C	0.83334
1288	YOR003W	0.83334
1289	YNL334C	0.83332
1290	YOL125W	0.83332
1291	YHR020W	0.83328
1292	YKL021C	0.83326
1293	YKR104W	0.83319
1294	YOR358W	0.8331
1295	YBR220C	0.83309
1296	YNL037C	0.83296
1297	YOL153C	0.83291
1298	YCR023C	0.83279
1299	YFL067W	0.83278
1300	YMR095C	0.83276
1301	YDR127W	0.8326
1302	YML070W	0.83259
1303	YPL213W	0.83249
1304	YKL004W	0.83249
1305	YFL030W	0.83244
1306	YOR217W	0.83239
1307	YPR088C	0.83235
1308	YGR203W	0.83229
1309	YKR097W	0.83228
1310	YNR015W	0.83221
1311	YOL005C	0.83209
1312	YKL117W	0.83206
1313	YIL114C	0.83206
1314	YOL147C	0.83204
1315	YLR241W	0.83201
1316	YJL172W	0.83194
1317	YKL002W	0.83192
1318	YDR264C	0.8318
1319	YER074W-A	0.83174
1320	YIL145C	0.83172
1321	YDR190C	0.83166
1322	YOR361C	0.83154
1323	YLL008W	0.83152
1324	YBR111C	0.8315
1325	YNR048W	0.83147
1326	YOR020C	0.83141
1327	YIR002C	0.83133
1328	YJL002C	0.83108
1329	YMR272C	0.831
1330	YDL087C	0.83093
1331	YNR057C	0.8309
1332	YPR180W	0.8309
1333	YIR034C	0.83086
1334	YDR100W	0.83084
1335	YGL171W	0.83084
1336	YPL043W	0.83081
1337	YMR220W	0.83068
1338	YOL059W	0.83067
1339	YOL165C	0.83061
1340	YLR129W	0.83049
1341	YDR513W	0.83047
1342	YDR055W	0.83047
1343	YCR061W	0.83038
1344	Q0250	0.83037
1345	YMR197C	0.83007
1346	YMR006C	0.83003
1347	YIR019C	0.82999
1348	YDL080C	0.82998
1349	YCR102C	0.82995
1350	YAL007C	0.82987
1351	YNR046W	0.82986
1352	YGR229C	0.82984
1353	YGR247W	0.82984
1354	YGR048W	0.82983
1355	YPL067C	0.82981
1356	YBL099W	0.8298
1357	YLR253W	0.82979
1358	YBR011C	0.82975
1359	YDR234W	0.82974
1360	YOR007C	0.82968
1361	YML075C	0.82964
1362	YPL187W	0.82963
1363	YBR183W	0.82962
1364	YKL091C	0.82953
1365	YEL020W-A	0.82948
1366	YBR139W	0.82942
1367	YFR028C	0.82927
1368	YBR058C	0.82918
1369	YBR053C	0.82907
1370	YIL103W	0.82903
1371	YBR245C	0.82897
1372	YNR027W	0.82894
1373	YPR024W	0.82893
1374	YLR120C	0.82887
1375	YER065C	0.82884
1376	YMR194C-B	0.82883
1377	YDR415C	0.82881
1378	YOR356W	0.82881
1379	YER183C	0.8287
1380	YMR009W	0.82869
1381	YPR167C	0.82867
1382	YPR054W	0.82853
1383	YER006W	0.82852
1384	YER070W	0.8285
1385	YML101C	0.82847
1386	YPL113C	0.82846
1387	YDL049C	0.82845
1388	YJR109C	0.82844
1389	YDR411C	0.82841
1390	YKL191W	0.82839
1391	YJR103W	0.82837
1392	YHR104W	0.82834
1393	YCR048W	0.8283
1394	YPL280W	0.82823
1395	YPL214C	0.8282
1396	YDL014W	0.82819
1397	YLR382C	0.82818
1398	YLR285W	0.82817
1399	YKR050W	0.82813
1400	YJL087C	0.82807
1401	YDL018C	0.828
1402	YMR224C	0.82797
1403	YIR009W	0.82794
1404	YBR228W	0.82789
1405	YJR009C	0.82776
1406	YMR092C	0.82771
1407	YLR307W	0.82765
1408	YKL027W	0.82761
1409	YNL087W	0.82761
1410	YGR199W	0.82754
1411	Q0045	0.82739
1412	YBR177C	0.82735
1413	YLR046C	0.82731
1414	YIR031C	0.82728
1415	YLR189C	0.82726
1416	YPL059W	0.82722
1417	YGR021W	0.82706
1418	YEL052W	0.82701
1419	YDL205C	0.827
1420	YER017C	0.82695
1421	YBR210W	0.82691
1422	YNL312W	0.82673
1423	YLR429W	0.82668
1424	YBR202W	0.82666
1425	YBL032W	0.8265
1426	YMR250W	0.8265
1427	YKL161C	0.82646
1428	YGR172C	0.82632
1429	YGR012W	0.82629
1430	YEL001C	0.82627
1431	YNR019W	0.82617
1432	YKR042W	0.82616
1433	YPL042C	0.82616
1434	YGL101W	0.8261
1435	YNL117W	0.82605
1436	YOL034W	0.82603
1437	YJL052W	0.82602
1438	YLL023C	0.82599
1439	YOR298C-A	0.82599
1440	YNR074C	0.82591
1441	YDL194W	0.82586
1442	YGL148W	0.82583
1443	YHR170W	0.82583
1444	YKL080W	0.82583
1445	YJL159W	0.82574
1446	YML087C	0.8257
1447	YJL179W	0.82568
1448	YLR118C	0.82561
1449	YFR030W	0.82556
1450	YHR193C	0.82556
1451	YER134C	0.82554
1452	YOL129W	0.82553
1453	YGL190C	0.82553
1454	YGL206C	0.82544
1455	YBL105C	0.82539
1456	YOR036W	0.82536
1457	YGL122C	0.8252
1458	YLR231C	0.8252
1459	YBR180W	0.82516
1460	YOR155C	0.82516
1461	YHR031C	0.82511
1462	YKR102W	0.8251
1463	YKL144C	0.82507
1464	YEL020C	0.82506
1465	YPR019W	0.82497
1466	YBR073W	0.82489
1467	YPL236C	0.82481
1468	YMR322C	0.82478
1469	YOL110W	0.82471
1470	YGR292W	0.82465
1471	YLR460C	0.82462
1472	YBL023C	0.82462
1473	YPL170W	0.82446
1474	YPL012W	0.82444
1475	YCR034W	0.8244
1476	YLL058W	0.82436
1477	YBL011W	0.82423
1478	YMR296C	0.82422
1479	YNL194C	0.82413
1480	YCL036W	0.82413
1481	YGL114W	0.82412
1482	YHR027C	0.82408
1483	YJR132W	0.82403
1484	YGR192C	0.82396
1485	YJR032W	0.82389
1486	YOL064C	0.82385
1487	YKL085W	0.82376
1488	YLR364W	0.82373
1489	YFL059W	0.82361
1490	YFR051C	0.82351
1491	YBR092C	0.8235
1492	YIL066C	0.82347
1493	YHR037W	0.82343
1494	YBR208C	0.82342
1495	YHR100C	0.82335
1496	YBR002C	0.82335
1497	YER120W	0.82331
1498	YPL151C	0.82326
1499	YPR073C	0.82323
1500	YKL207W	0.82317
1501	YAL022C	0.82317
1502	YOL142W	0.8231
1503	YBR041W	0.82307
1504	YOR285W	0.82302
1505	YAL053W	0.823
1506	YNL333W	0.82297
1507	YFR050C	0.82292
1508	YKL163W	0.82286
1509	YML068W	0.82286
1510	YBR299W	0.82279
1511	YKL059C	0.82278
1512	YHR148W	0.82273
1513	YKL181W	0.82268
1514	YDR492W	0.82268
1515	YJL116C	0.82265
1516	YPL183C	0.82264
1517	YDL178W	0.82256
1518	YLR286C	0.82255
1519	YDL132W	0.82253
1520	YLL009C	0.8225
1521	YPR058W	0.82246
1522	YLR100W	0.82239
1523	YKL126W	0.82236
1524	YER142C	0.82235
1525	YIL013C	0.8223
1526	YMR262W	0.82223
1527	YOR265W	0.82212
1528	YCR020C	0.82204
1529	YJR117W	0.82199
1530	YKL197C	0.82199
1531	YJL174W	0.82184
1532	YLR378C	0.82184
1533	YOR103C	0.82183
1534	YGR125W	0.82179
1535	YBL056W	0.82173
1536	YMR085W	0.82168
1537	YGL156W	0.82162
1538	YNL287W	0.82152
1539	YPL227C	0.82146
1540	YLR324W	0.82145
1541	YOL011W	0.82141
1542	YER168C	0.82133
1543	YGL055W	0.82132
1544	YJR016C	0.82127
1545	YGR095C	0.82125
1546	YGL205W	0.82119
1547	YIR029W	0.82116
1548	YNL280C	0.82113
1549	YER091C	0.82111
1550	YOR351C	0.82111
1551	YDR398W	0.82105
1552	YGR277C	0.821
1553	YMR167W	0.821
1554	YGL037C	0.82097
1555	YLR222C	0.82094
1556	YOR048C	0.82089
1557	YNL066W	0.82084
1558	YDR105C	0.82083
1559	YDL093W	0.82073
1560	YKL135C	0.82072
1561	YNR065C	0.82071
1562	YPL153C	0.82068
1563	YBR052C	0.82059
1564	YMR062C	0.82056
1565	YNL061W	0.82054
1566	YNL232W	0.82053
1567	YDL036C	0.82049
1568	YDL083C	0.82047
1569	YMR143W	0.82047
1570	YHL017W	0.82045
1571	YDR167W	0.82039
1572	YLR056W	0.8203
1573	YBR149W	0.82024
1574	YAL003W	0.82022
1575	YLR138W	0.82018
1576	YDL051W	0.82017
1577	YDL085W	0.82014
1578	YIL099W	0.82009
1579	YOL093W	0.82009
1580	YEL004W	0.82001
1581	YFL052W	0.81998
1582	YDL141W	0.81992
1583	YCR075C	0.81991
1584	YFL002C	0.81977
1585	YBL001C	0.81971
1586	YOR250C	0.81966
1587	YNR041C	0.81953
1588	YMR244W	0.81947
1589	YPR188C	0.81942
1590	YML054C	0.81933
1591	YOR311C	0.81909
1592	YOR065W	0.81904
1593	YJR129C	0.81903
1594	YHR024C	0.81902
1595	YNL220W	0.81883
1596	YEL036C	0.81876
1597	YPR025C	0.81873
1598	YKL008C	0.81858
1599	YBR254C	0.8184
1600	YLR043C	0.81838
1601	YLR038C	0.81831
1602	YGR189C	0.81829
1603	YOR209C	0.81825
1604	YBR014C	0.81822
1605	YJL136C	0.81815
1606	YPL013C	0.81813
1607	YBL015W	0.81811
1608	YGL245W	0.81808
1609	YIL108W	0.81798
1610	YKL221W	0.81793
1611	YPL184C	0.81783
1612	YKR051W	0.81767
1613	YLR343W	0.81735
1614	YNR011C	0.81735
1615	YBL082C	0.81722
1616	YOL154W	0.8172
1617	YLR401C	0.81715
1618	YMR089C	0.81707
1619	YOR049C	0.81706
1620	YDR331W	0.81705
1621	YNL148C	0.81703
1622	YPL122C	0.81702
1623	YBL003C	0.81702
1624	YDR225W	0.81693
1625	YOR119C	0.81682
1626	YBR101C	0.81678
1627	YNL240C	0.81678
1628	YIL075C	0.81673
1629	YCR036W	0.81667
1630	YEL032W	0.81661
1631	YLR409C	0.81658
1632	YEL056W	0.81657
1633	YCR069W	0.81646
1634	YGR029W	0.81643
1635	YHR089C	0.81635
1636	YNL082W	0.81623
1637	YDR313C	0.81623
1638	YKL029C	0.81604
1639	YJR014W	0.81601
1640	YLR447C	0.81597
1641	YEL003W	0.8159
1642	YOR304W	0.81584
1643	YJL125C	0.81578
1644	YOR232W	0.81557
1645	YLR181C	0.8155
1646	YKR001C	0.81549
1647	YOR262W	0.81549
1648	YIL033C	0.81522
1649	YLR218C	0.81515
1650	YPR107C	0.81491
1651	YBL040C	0.8149
1652	YGR037C	0.81478
1653	YIR008C	0.81478
1654	YEL024W	0.81471
1655	YDR352W	0.81468
1656	YGR204W	0.81461
1657	YOL062C	0.81459
1658	YKR057W	0.81453
1659	YNL229C	0.81444
1660	YJR151C	0.81439
1661	YOR110W	0.81439
1662	YML126C	0.81438
1663	YER013W	0.81424
1664	YGR195W	0.81415
1665	YNL007C	0.81411
1666	YLR078C	0.8141
1667	YFR025C	0.81405
1668	YJL088W	0.814
1669	YOR303W	0.8137
1670	YJR013W	0.81369
1671	YGL238W	0.81369
1672	YGR085C	0.81366
1673	YNL121C	0.8135
1674	YGR271W	0.81347
1675	YBR162C	0.81344
1676	YDL217C	0.81336
1677	YMR093W	0.81319
1678	YML035C	0.81318
1679	YDR211W	0.81317
1680	YER156C	0.81309
1681	YGR173W	0.81307
1682	YOR109W	0.81306
1683	YJR040W	0.81298
1684	YBL064C	0.81294
1685	YLR008C	0.81292
1686	YDR490C	0.81284
1687	YOR239W	0.81278
1688	YCR060W	0.81277
1689	YLR109W	0.81273
1690	YOR034C	0.81268
1691	YJL124C	0.81267
1692	YKL013C	0.8126
1693	YPR118W	0.81259
1694	YHL018W	0.81259
1695	YOL073C	0.81255
1696	YGR159C	0.81244
1697	YMR304W	0.8123
1698	YDR392W	0.81224
1699	YKR070W	0.81223
1700	YJL080C	0.81221
1701	YAL044C	0.8122
1702	YDR468C	0.81218
1703	YKL182W	0.81215
1704	YDR083W	0.81204
1705	YPR056W	0.812
1706	YLR372W	0.81197
1707	YMR101C	0.8119
1708	YKL193C	0.81187
1709	YGL196W	0.81186
1710	YPL262W	0.81186
1711	YOR074C	0.81179
1712	YKR024C	0.81179
1713	YGL009C	0.81173
1714	YFL022C	0.81173
1715	YNL175C	0.81169
1716	YJR010C-A	0.81167
1717	YNL223W	0.81164
1718	YOL068C	0.81159
1719	YMR214W	0.81145
1720	YGR004W	0.81144
1721	YDL123W	0.81142
1722	YDR051C	0.8114
1723	YPR102C	0.81129
1724	YLL034C	0.81126
1725	YDR121W	0.81126
1726	YKL028W	0.81121
1727	YHR108W	0.81119
1728	YIL062C	0.81119
1729	YPR034W	0.81118
1730	YOR367W	0.81114
1731	YML010W	0.81105
1732	YGR082W	0.81102
1733	YOR172W	0.81097
1734	YGL068W	0.81097
1735	YCR002C	0.81096
1736	YLR210W	0.81094
1737	YNL096C	0.81081
1738	YPR002W	0.81073
1739	YNL153C	0.81073
1740	YBR192W	0.81059
1741	YLR399C	0.81052
1742	YGR092W	0.81048
1743	YML077W	0.81042
1744	YFL028C	0.8104
1745	YJR107W	0.81034
1746	YLL015W	0.81019
1747	YBR166C	0.81019
1748	YBR214W	0.81013
1749	YFL001W	0.81011
1750	YGR262C	0.8101
1751	YJL081C	0.81008
1752	YDL090C	0.81003
1753	YGL020C	0.81001
1754	YBR236C	0.80992
1755	YBR198C	0.80988
1756	YDL072C	0.80987
1757	YNL003C	0.80983
1758	YLR412W	0.80979
1759	YDR525W-A	0.80972
1760	YNL207W	0.80968
1761	YLR426W	0.80964
1762	YOL009C	0.80962
1763	YDR144C	0.8096
1764	YKL081W	0.80957
1765	YHR191C	0.80955
1766	YLR375W	0.80938
1767	YMR208W	0.80937
1768	YDR380W	0.80932
1769	YLR451W	0.80928
1770	YDR441C	0.80928
1771	YDL004W	0.80913
1772	YOR370C	0.8091
1773	YFL048C	0.8091
1774	YHR142W	0.80909
1775	YDR305C	0.80903
1776	YMR251W	0.80899
1777	YGR288W	0.80898
1778	YML004C	0.80888
1779	YHR219W	0.80887
1780	YDR539W	0.80887
1781	YAL039C	0.80884
1782	YLR389C	0.80882
1783	YJL074C	0.80879
1784	YPR120C	0.80878
1785	YBR023C	0.80877
1786	YLR014C	0.80876
1787	YLR383W	0.80867
1788	YER170W	0.80861
1789	YOR369C	0.80859
1790	YKR095W-A	0.80854
1791	YNL016W	0.8085
1792	YFR021W	0.80848
1793	YLR300W	0.80843
1794	YOL096C	0.80825
1795	YNL067W	0.80823
1796	YLL052C	0.80819
1797	YCR005C	0.80816
1798	YHR039C-A	0.80811
1799	YBL007C	0.808
1800	YFL042C	0.80788
1801	YHL026C	0.80779
1802	YAL064W-B	0.80778
1803	YDR243C	0.80774
1804	YHR002W	0.80764
1805	YNL056W	0.80761
1806	YPR201W	0.80755
1807	YHR201C	0.80753
1808	YMR038C	0.80748
1809	YIL063C	0.80745
1810	YDR522C	0.80729
1811	YDR534C	0.80702
1812	YPL211W	0.80697
1813	YAL036C	0.80696
1814	YHR215W	0.80683
1815	YDR400W	0.80677
1816	YAL021C	0.80676
1817	YKR076W	0.80674
1818	YML072C	0.80673
1819	YCL011C	0.8067
1820	YJL200C	0.80668
1821	YLR410W	0.80664
1822	YBR093C	0.80661
1823	YOR079C	0.80657
1824	YPL239W	0.80648
1825	YOR175C	0.80641
1826	YLR203C	0.80634
1827	YIL014W	0.80619
1828	YJR085C	0.80617
1829	YDL190C	0.80616
1830	YKL212W	0.80615
1831	YDR530C	0.80583
1832	YGR276C	0.80582
1833	YGL232W	0.80572
1834	YFL008W	0.80571
1835	YAR042W	0.80571
1836	YLR178C	0.80568
1837	YBL106C	0.80566
1838	YNL023C	0.80565
1839	YDR236C	0.80563
1840	YKR088C	0.80563
1841	YAR071W	0.80553
1842	YHR168W	0.80553
1843	YHR181W	0.80551
1844	YJR144W	0.8055
1845	YCR045C	0.80547
1846	YDL110C	0.80547
1847	YKR067W	0.80546
1848	YLR342W	0.80545
1849	YGR032W	0.80542
1850	YLL048C	0.80531
1851	YBL098W	0.80525
1852	YBR267W	0.80511
1853	YML110C	0.80498
1854	YGL095C	0.80495
1855	YMR132C	0.80494
1856	YLR405W	0.80489
1857	YPR153W	0.80485
1858	YOR145C	0.80478
1859	YBR096W	0.80477
1860	YIL123W	0.80476
1861	YMR152W	0.80469
1862	YDR257C	0.80469
1863	YHR176W	0.80464
1864	YDR013W	0.80462
1865	YNL101W	0.80456
1866	YOR162C	0.80454
1867	YGR214W	0.80452
1868	YGL208W	0.80446
1869	YPL048W	0.80442
1870	YGL028C	0.80441
1871	YKL051W	0.80437
1872	YNL040W	0.80429
1873	YDR056C	0.8042
1874	YBR025C	0.80414
1875	YOR165W	0.80412
1876	YGL147C	0.80397
1877	YBR017C	0.80391
1878	YGL044C	0.80384
1879	YHR189W	0.80384
1880	YDR284C	0.80378
1881	YNL313C	0.80374
1882	YNL181W	0.80367
1883	YOL077C	0.80367
1884	YLR117C	0.80359
1885	YBR283C	0.80349
1886	YDR263C	0.80349
1887	YJR020W	0.80324
1888	YGL241W	0.80318
1889	YDR429C	0.80305
1890	YHL034C	0.80298
1891	YML052W	0.80293
1892	YDR399W	0.80292
1893	YBL017C	0.80291
1894	YPL004C	0.80289
1895	YER176W	0.80288
1896	YDR487C	0.80286
1897	YHL015W	0.8028
1898	YKR079C	0.80276
1899	YIR038C	0.80257
1900	YKL160W	0.80256
1901	YGR187C	0.80252
1902	YOR136W	0.80246
1903	YCR028C-A	0.80233
1904	YHR028C	0.80228
1905	YLR212C	0.80224
1906	YLR276C	0.80218
1907	YNR017W	0.80217
1908	YMR088C	0.80216
1909	YLR074C	0.80211
1910	YJL153C	0.80211
1911	YER010C	0.80207
1912	YPR198W	0.80197
1913	YLR089C	0.80197
1914	YJR057W	0.80191
1915	YGL050W	0.80188
1916	YGL154C	0.80188
1917	YJL041W	0.80187
1918	YPL131W	0.80182
1919	YNL022C	0.80178
1920	YMR268C	0.80173
1921	YBR039W	0.80171
1922	YOR096W	0.80164
1923	YHR049W	0.80163
1924	YBL068W-A	0.80152
1925	YLR446W	0.80141
1926	YLR099C	0.8014
1927	YLR338W	0.80122
1928	YPR172W	0.80116
1929	YER039C-A	0.80112
1930	YDR502C	0.8011
1931	YGL104C	0.80104
1932	YNL045W	0.80102
1933	YMR239C	0.80101
1934	YFR024C-A	0.80098
1935	YOR286W	0.80085
1936	YHR051W	0.80083
1937	YNR052C	0.80078
1938	YDR191W	0.80073
1939	YAR018C	0.80065
1940	YLL014W	0.80065
1941	YGL030W	0.80058
1942	YML121W	0.80056
1943	YNL185C	0.80042
1944	YPR147C	0.80033
1945	YDR324C	0.80032
1946	YPR111W	0.80032
1947	YKR055W	0.80028
1948	YOR280C	0.80023
1949	YOL008W	0.80009
1950	YOL130W	0.80005
1951	YOR271C	0.80003
1952	YOR151C	0.79988
1953	YIL039W	0.79983
1954	YGR181W	0.79975
1955	YDL120W	0.79972
1956	YOR307C	0.79962
1957	YNL192W	0.79961
1958	YHR147C	0.79953
1959	YEL029C	0.79953
1960	YOR292C	0.79949
1961	YEL054C	0.79948
1962	YDR418W	0.79948
1963	YOR274W	0.79948
1964	YKL003C	0.79941
1965	YDR170C	0.7994
1966	YMR123W	0.79937
1967	YFR005C	0.79931
1968	YJR125C	0.79928
1969	YDR518W	0.79926
1970	YLR345W	0.79925
1971	YBR104W	0.79918
1972	YML055W	0.79913
1973	YLL041C	0.79903
1974	YPL088W	0.79901
1975	YLR086W	0.79891
1976	YPL127C	0.79887
1977	YLR066W	0.79887
1978	YER016W	0.79883
1979	YCR106W	0.79877
1980	YML005W	0.79876
1981	YPL087W	0.79876
1982	YOR394W	0.79873
1983	YPL282C	0.79873
1984	YNR001C	0.79873
1985	YPR159W	0.79867
1986	YGL143C	0.79857
1987	YMR225C	0.79855
1988	YMR139W	0.79851
1989	YJL222W	0.79849
1990	YDL081C	0.79845
1991	YKL009W	0.79842
1992	YGR001C	0.79836
1993	YBL002W	0.79816
1994	YOR016C	0.79811
1995	YIL008W	0.7981
1996	YDR338C	0.79804
1997	YJR064W	0.79797
1998	YLL057C	0.79796
1999	YDR161W	0.79795
2000	YOR291W	0.79793
2001	YGL242C	0.79786
2002	YOR206W	0.79783
2003	YDR452W	0.79776
2004	YKL154W	0.79772
2005	YIL173W	0.79769
2006	YPR140W	0.79767
2007	YJL160C	0.79763
2008	YER164W	0.79759
2009	YPR032W	0.79756
2010	YFR038W	0.79755
2011	YNL049C	0.79749
2012	YPR186C	0.79747
2013	YIL068C	0.79742
2014	YHL042W	0.79733
2015	YGL010W	0.79722
2016	YIL083C	0.797
2017	YDL145C	0.79699
2018	YDR109C	0.79693
2019	YFL044C	0.79688
2020	YER172C	0.79686
2021	YMR001C	0.79686
2022	YIL016W	0.79683
2023	YBR103W	0.79675
2024	YJL104W	0.7967
2025	YIL168W	0.79667
2026	YJR130C	0.79663
2027	YNL243W	0.79659
2028	YNL129W	0.79654
2029	YJR141W	0.79654
2030	YNL075W	0.79653
2031	YJR149W	0.79652
2032	YCL038C	0.79646
2033	YHL039W	0.79644
2034	YDR041W	0.79641
2035	YOR261C	0.79639
2036	YDR224C	0.79639
2037	YDL078C	0.79632
2038	YOL060C	0.79621
2039	YPR137W	0.79618
2040	YFR048W	0.79617
2041	YJL158C	0.79611
2042	YNL292W	0.79602
2043	YOL098C	0.796
2044	YPR112C	0.79594
2045	YGL212W	0.79592
2046	YLR108C	0.79591
2047	YER014W	0.79589
2048	YNR012W	0.79584
2049	YLR048W	0.79577
2050	YPR178W	0.79576
2051	YCR094W	0.79569
2052	YNR016C	0.79566
2053	YKL022C	0.79564
2054	YKL084W	0.79563
2055	YJR121W	0.79558
2056	YGR285C	0.79556
2057	YJL093C	0.79555
2058	YDR447C	0.79554
2059	YCL050C	0.79554
2060	YGR083C	0.79553
2061	YER100W	0.79551
2062	YDR188W	0.7955
2063	YGL198W	0.79545
2064	YPR163C	0.79525
2065	YBR091C	0.79522
2066	YDR477W	0.79522
2067	YLR072W	0.79513
2068	YGL033W	0.79503
2069	YLR180W	0.79497
2070	YNR034W-A	0.79482
2071	YGR133W	0.79482
2072	YBR237W	0.79481
2073	YIL153W	0.79469
2074	YDL185W	0.7946
2075	YLR361C	0.79458
2076	YGR243W	0.79451
2077	YHR040W	0.79443
2078	YFL050C	0.7944
2079	YBL018C	0.79439
2080	YML024W	0.79438
2081	YHR202W	0.79437
2082	YOR164C	0.79431
2083	YCR101C	0.79425
2084	YBR112C	0.79414
2085	YGL155W	0.79413
2086	YGR242W	0.79412
2087	YKL017C	0.79403
2088	YJL082W	0.79381
2089	YGR232W	0.79379
2090	Q0050	0.79377
2091	YGR220C	0.79376
2092	YPL097W	0.79375
2093	YNL106C	0.79356
2094	YBR227C	0.79355
2095	YHR117W	0.79346
2096	YBR110W	0.79346
2097	YML065W	0.7934
2098	YNR008W	0.79334
2099	YPL002C	0.79333
2100	YHR137W	0.79329
2101	YCL026C-B	0.79327
2102	YIR039C	0.79321
2103	YOR223W	0.79319
2104	YKL026C	0.79316
2105	YNL316C	0.79311
2106	YDL104C	0.79308
2107	YHR187W	0.79306
2108	YLR435W	0.79283
2109	YHR033W	0.79283
2110	YDL042C	0.7928
2111	YEL002C	0.79279
2112	YHR205W	0.79272
2113	YLR449W	0.7927
2114	YBR293W	0.79267
2115	YGR284C	0.79263
2116	YMR069W	0.79259
2117	YBR024W	0.79255
2118	YOR176W	0.79247
2119	YGL126W	0.79246
2120	YLR196W	0.79243
2121	YLL001W	0.79239
2122	YLL036C	0.79235
2123	YCL026C-A	0.79234
2124	YHR072W	0.79232
2125	YLR421C	0.79231
2126	YOR341W	0.79226
2127	YDR182W-A	0.79222
2128	YJL163C	0.79215
2129	YAL009W	0.79214
2130	YLR272C	0.79213
2131	YOR024W	0.79211
2132	YBR062C	0.79198
2133	YPL117C	0.79196
2134	YAL046C	0.79192
2135	YNL001W	0.79188
2136	YDR164C	0.79174
2137	YGR266W	0.79169
2138	YJL130C	0.79168
2139	YHR178W	0.79168
2140	YJL178C	0.79163
2141	YNL305C	0.79161
2142	YOR173W	0.79157
2143	YPR190C	0.79153
2144	YOL155C	0.79152
2145	YJL186W	0.79151
2146	YER162C	0.79146
2147	YMR041C	0.79145
2148	YLR390W	0.79144
2149	YBR199W	0.79144
2150	YDR336W	0.79143
2151	YDL202W	0.79143
2152	YPL224C	0.79139
2153	YMR020W	0.79136
2154	YGR024C	0.79131
2155	YDR381W	0.7913
2156	YDR358W	0.79129
2157	YCL075W	0.79102
2158	YMR096W	0.79098
2159	YDR514C	0.79096
2160	YLR083C	0.79095
2161	YGR093W	0.79064
2162	YBR094W	0.7906
2163	YMR162C	0.79058
2164	YMR196W	0.79057
2165	YBR151W	0.7905
2166	YCR044C	0.7905
2167	YAL035W	0.79043
2168	YLL027W	0.79041
2169	YBR018C	0.79041
2170	YOL115W	0.7904
2171	YJR145C	0.79037
2172	YHR203C	0.79037
2173	YHR194W	0.79033
2174	YMR277W	0.79031
2175	YKR052C	0.79026
2176	YFR032C	0.79017
2177	YIL007C	0.79013
2178	YLR284C	0.79012
2179	YHR076W	0.79011
2180	YDL193W	0.7901
2181	YKL073W	0.78994
2182	YNL293W	0.78989
2183	YHR069C	0.78986
2184	YJL059W	0.78986
2185	YNL020C	0.78983
2186	YGR255C	0.78978
2187	YLR197W	0.78974
2188	YAL019W	0.78963
2189	YPL008W	0.78958
2190	YDR097C	0.78956
2191	YER066W	0.78953
2192	YGR111W	0.78948
2193	YCR084C	0.78946
2194	YDL079C	0.78945
2195	YLR174W	0.78942
2196	YER027C	0.78941
2197	YPR047W	0.78939
2198	YBR297W	0.78936
2199	YEL006W	0.78926
2200	YOL114C	0.78923
2201	YGR036C	0.78919
2202	YER049W	0.78919
2203	YDR165W	0.78918
2204	YML120C	0.78917
2205	YOR125C	0.78916
2206	YFL054C	0.78913
2207	YBR056W	0.78911
2208	YNL059C	0.78902
2209	YHR003C	0.78884
2210	YOL067C	0.78879
2211	YJR084W	0.78878
2212	YGR078C	0.78867
2213	YPR157W	0.78861
2214	YHL032C	0.78859
2215	YNR051C	0.78846
2216	YLL011W	0.78844
2217	YDR298C	0.7883
2218	YNL246W	0.7883
2219	YOR001W	0.78824
2220	YNL088W	0.78822
2221	YGL004C	0.78814
2222	YHR091C	0.78813
2223	YGR245C	0.78812
2224	YOL039W	0.78805
2225	YBR125C	0.788
2226	YMR200W	0.78796
2227	YJL005W	0.78794
2228	YPL001W	0.78791
2229	Q0120	0.78787
2230	YNL256W	0.78786
2231	YAR023C	0.78779
2232	YNL247W	0.78772
2233	YBR223C	0.7877
2234	YML074C	0.78769
2235	YMR306W	0.78766
2236	YHR001W	0.78759
2237	YLR418C	0.78757
2238	YPR066W	0.78739
2239	YHR161C	0.78732
2240	YJR078W	0.78731
2241	YPL207W	0.78722
2242	YGL140C	0.78717
2243	YIL015W	0.78708
2244	YDR142C	0.78705
2245	YGL184C	0.78701
2246	YML082W	0.78692
2247	YGL240W	0.78692
2248	YJL210W	0.78691
2249	YOR207C	0.78688
2250	YDL130W	0.78684
2251	YJR133W	0.78682
2252	YOR390W	0.78663
2253	YLR065C	0.78663
2254	YBL055C	0.78662
2255	YBR070C	0.78657
2256	YDR248C	0.7865
2257	YMR244C-A	0.78645
2258	YNL321W	0.78617
2259	YDL019C	0.78611
2260	YOL012C	0.78607
2261	YGR263C	0.78606
2262	YOR251C	0.78606
2263	YNL326C	0.78604
2264	YKR084C	0.78597
2265	YCR075W-A	0.78597
2266	YJL117W	0.78591
2267	YDL109C	0.78587
2268	YNR062C	0.78582
2269	YHR113W	0.78579
2270	YJR067C	0.78577
2271	YNL260C	0.78577
2272	YDR031W	0.78575
2273	YOL052C	0.78566
2274	YHR041C	0.78564
2275	YDR459C	0.78563
2276	YJL065C	0.78557
2277	YPL152W	0.78547
2278	YKL065C	0.78546
2279	YHR088W	0.78544
2280	YKL165C	0.78544
2281	YJL097W	0.78544
2282	YPR144C	0.78535
2283	YMR155W	0.78529
2284	YCL045C	0.78529
2285	YFL016C	0.78517
2286	YOR310C	0.78516
2287	YPL110C	0.78512
2288	YKR081C	0.78506
2289	YOR021C	0.78484
2290	YOR100C	0.78483
2291	YOR181W	0.78477
2292	YMR150C	0.78475
2293	YJR008W	0.78473
2294	YER063W	0.78467
2295	YBR079C	0.78462
2296	YDR346C	0.78459
2297	YBR200W	0.78458
2298	YDL092W	0.78449
2299	YKL194C	0.78449
2300	YDR182W	0.78448
2301	YIL126W	0.78434
2302	YJR154W	0.78433
2303	YPR010C	0.78429
2304	YNR029C	0.78429
2305	YNL318C	0.78426
2306	YHR162W	0.78426
2307	YLR026C	0.78424
2308	YLR144C	0.78423
2309	YLR308W	0.7842
2310	YCL064C	0.78419
2311	YGR063C	0.78412
2312	YPL082C	0.78405
2313	YPR119W	0.78404
2314	YNR058W	0.78389
2315	YDR332W	0.78385
2316	YCL054W	0.78371
2317	Q0065	0.78366
2318	YNR033W	0.78366
2319	YOR118W	0.78363
2320	YJR099W	0.7836
2321	YPL279C	0.78358
2322	YGR141W	0.78358
2323	YDR362C	0.78344
2324	YLR022C	0.78342
2325	YNL161W	0.78339
2326	YKL189W	0.78338
2327	YNL107W	0.78336
2328	YMR104C	0.78332
2329	YHR209W	0.78319
2330	YBR207W	0.7831
2331	YOL049W	0.78304
2332	YGR144W	0.78301
2333	YGL262W	0.783
2334	YOL056W	0.78299
2335	YDL213C	0.78292
2336	YNR067C	0.78292
2337	YPR200C	0.78292
2338	YPR098C	0.78291
2339	YPR196W	0.78289
2340	YHR204W	0.78277
2341	YNR056C	0.78276
2342	YDL101C	0.78269
2343	YFL034C-B	0.78267
2344	YJL062W	0.78263
2345	YDL040C	0.78259
2346	YIL125W	0.78257
2347	YOL041C	0.78257
2348	YIL046W	0.78254
2349	YBR204C	0.78252
2350	YDR292C	0.78252
2351	YKR062W	0.78236
2352	YLR270W	0.78235
2353	YLR020C	0.78227
2354	YDR058C	0.78226
2355	YGL040C	0.78225
2356	YBR229C	0.78216
2357	YPL273W	0.78212
2358	YMR228W	0.78212
2359	YCL047C	0.78211
2360	Q0105	0.78204
2361	YDR117C	0.782
2362	YMR131C	0.78194
2363	YLR275W	0.78187
2364	YMR218C	0.78182
2365	YHR034C	0.78164
2366	YPL222W	0.78154
2367	YLR380W	0.7815
2368	YFL004W	0.7815
2369	YGL194C	0.78146
2370	YFL034W	0.78145
2371	YMR321C	0.78142
2372	YKL192C	0.78139
2373	YPL140C	0.78137
2374	YOL006C	0.78132
2375	YPL157W	0.78131
2376	YGR080W	0.78128
2377	YPR161C	0.78128
2378	YHR121W	0.78126
2379	YDR523C	0.78125
2380	YPL164C	0.78119
2381	YHR098C	0.78115
2382	YBR251W	0.78114
2383	YDL177C	0.78112
2384	YDL037C	0.7811
2385	YBR175W	0.78103
2386	YKR074W	0.78101
2387	YFL034C-A	0.78096
2388	YLR386W	0.78091
2389	YKL150W	0.7809
2390	YDR145W	0.78086
2391	YIL047C	0.78077
2392	YIL113W	0.78069
2393	YMR063W	0.78054
2394	YER059W	0.78053
2395	YDR173C	0.78052
2396	YOL113W	0.78049
2397	YBR146W	0.78048
2398	YER001W	0.78043
2399	YOL023W	0.7804
2400	YOR056C	0.7804
2401	YJR137C	0.78037
2402	YPL133C	0.7803
2403	YLR413W	0.78029
2404	YBR061C	0.78026
2405	YMR149W	0.78026
2406	YHR008C	0.78024
2407	YDL017W	0.78024
2408	YPL060W	0.78019
2409	YKL119C	0.78019
2410	YMR302C	0.78017
2411	YDR395W	0.78011
2412	YOR116C	0.78009
2413	YLR215C	0.78007
2414	YLR163C	0.78006
2415	YFR041C	0.78002
2416	YGL144C	0.77997
2417	YOR272W	0.77996
2418	YBR042C	0.77993
2419	YLR019W	0.77993
2420	YIL022W	0.7799
2421	YML098W	0.77989
2422	YML115C	0.77987
2423	YBR205W	0.77977
2424	YKL019W	0.77969
2425	YMR229C	0.77969
2426	YDR060W	0.77963
2427	YNL248C	0.77962
2428	YNL168C	0.77961
2429	YIL110W	0.77954
2430	YAL048C	0.77951
2431	YER042W	0.77946
2432	YPR133C	0.77944
2433	YDR531W	0.77942
2434	YKL174C	0.77941
2435	YLR287C	0.77941
2436	YLR037C	0.77929
2437	YDL218W	0.77927
2438	YDR107C	0.77917
2439	YOL126C	0.77916
2440	YER051W	0.77914
2441	YNL169C	0.77904
2442	YKL070W	0.77902
2443	YGR086C	0.77899
2444	YDR364C	0.77897
2445	YIL067C	0.77894
2446	YHR164C	0.77889
2447	YEL019C	0.7788
2448	YER005W	0.77876
2449	YHR114W	0.7787
2450	YDL063C	0.77863
2451	YKR017C	0.77863
2452	YMR180C	0.77849
2453	YJL151C	0.77847
2454	YER061C	0.77846
2455	YLR085C	0.77843
2456	YLR003C	0.77842
2457	YKL156W	0.77834
2458	YOL018C	0.77833
2459	YLR306W	0.77831
2460	YKR012C	0.77825
2461	YDR387C	0.77821
2462	YIL004C	0.7781
2463	YLR335W	0.77793
2464	YGR026W	0.77789
2465	YFR027W	0.77781
2466	YNL238W	0.77781
2467	YER163C	0.7778
2468	YDR067C	0.77773
2469	YGR047C	0.77767
2470	YGL084C	0.77762
2471	YJL078C	0.7776
2472	YFL003C	0.77759
2473	YCR100C	0.77757
2474	YHR066W	0.77754
2475	YBR031W	0.77754
2476	YLL025W	0.77745
2477	YPL179W	0.77743
2478	YPL147W	0.7774
2479	YDR268W	0.77739
2480	YOR377W	0.77721
2481	YKL209C	0.7772
2482	YOL061W	0.77718
2483	YGL251C	0.77704
2484	YHR151C	0.77695
2485	YOR215C	0.77692
2486	YBR176W	0.77689
2487	YNL102W	0.77685
2488	YPR006C	0.77684
2489	YKL103C	0.77683
2490	YCL048W	0.77677
2491	YNL163C	0.77674
2492	YNL063W	0.77668
2493	YJL010C	0.77667
2494	YDR012W	0.77652
2495	YNL025C	0.7765
2496	YOR039W	0.7765
2497	YMR049C	0.77628
2498	YEL059C-A	0.77624
2499	YLL006W	0.77623
2500	YGL082W	0.77623
2501	YER117W	0.77623
2502	YBL087C	0.77623
2503	YMR264W	0.77622
2504	YPR184W	0.77609
2505	YOR201C	0.77607
2506	YLL045C	0.77607
2507	YLL012W	0.77595
2508	YMR040W	0.77592
2509	YOR254C	0.7759
2510	YDR286C	0.77567
2511	YGR162W	0.77565
2512	YDR061W	0.77561
2513	YBR201W	0.77555
2514	YER082C	0.77554
2515	YKR003W	0.77546
2516	YPR100W	0.77544
2517	YOR258W	0.77542
2518	YNL155W	0.77536
2519	YHR021C	0.77533
2520	YLR239C	0.77519
2521	YLR143W	0.77516
2522	YDR189W	0.77509
2523	YER080W	0.77505
2524	YDL033C	0.77503
2525	YDR435C	0.77499
2526	YLR316C	0.77499
2527	YNL015W	0.77488
2528	YLR274W	0.77482
2529	YDR194C	0.77477
2530	YNL190W	0.77476
2531	YNL079C	0.7747
2532	YLR450W	0.77467
2533	YPR037C	0.77467
2534	YER141W	0.77466
2535	YGR194C	0.77463
2536	YDR077W	0.77461
2537	YAR003W	0.77458
2538	YCR087C-A	0.77454
2539	YPL030W	0.77441
2540	YIL034C	0.77437
2541	YDR325W	0.77436
2542	YAL018C	0.77435
2543	YGL027C	0.77431
2544	YGL065C	0.77427
2545	YPL103C	0.77423
2546	YNL048W	0.7742
2547	YMR325W	0.77419
2548	YKL041W	0.77418
2549	YGR177C	0.77414
2550	YBR274W	0.77413
2551	YGL103W	0.77412
2552	YDL031W	0.77411
2553	YNL160W	0.7741
2554	YHR165W-A	0.77405
2555	YJL036W	0.77403
2556	YGR061C	0.77401
2557	YPL194W	0.774
2558	YPL176C	0.77398
2559	YIL091C	0.77396
2560	YHR214W	0.77394
2561	YAR066W	0.77394
2562	YBL013W	0.77392
2563	YLL043W	0.77391
2564	YGL123W	0.77382
2565	YPR060C	0.77375
2566	YPL249C	0.77368
2567	YMR166C	0.77367
2568	YOR253W	0.77359
2569	YKL071W	0.77351
2570	YDR506C	0.77345
2571	YHL031C	0.77343
2572	YHR062C	0.77343
2573	YER147C	0.77342
2574	YIL128W	0.77341
2575	YDR256C	0.77339
2576	YIR032C	0.77338
2577	YNL036W	0.7733
2578	YJL168C	0.77329
2579	YOR057W	0.77327
2580	YML025C	0.77323
2581	YJR146W	0.77308
2582	YGL181W	0.77306
2583	YDR237W	0.77301
2584	YDR306C	0.77291
2585	YCL059C	0.77289
2586	YDR112W	0.77286
2587	YOL010W	0.77282
2588	YAL015C	0.7728
2589	YGL173C	0.77267
2590	YNL206C	0.77265
2591	YGR103W	0.77264
2592	YLR205C	0.77256
2593	YDL154W	0.77251
2594	YDL143W	0.7725
2595	YCR092C	0.77239
2596	YLR357W	0.77237
2597	YGL112C	0.77232
2598	YHR171W	0.77205
2599	YGR201C	0.77202
2600	YHL004W	0.77195
2601	YOR091W	0.77194
2602	YGL049C	0.77179
2603	YJL183W	0.77173
2604	YDL039C	0.77163
2605	YLR075W	0.77157
2606	YOR130C	0.77156
2607	YDR312W	0.77147
2608	YCR076C	0.77146
2609	YKL087C	0.77132
2610	YIR041W	0.77132
2611	YBR167C	0.77123
2612	YOR295W	0.7712
2613	YKL202W	0.77119
2614	YOR213C	0.77114
2615	YCR104W	0.77113
2616	YDR265W	0.77109
2617	YGL236C	0.77107
2618	YLR145W	0.77098
2619	YOR059C	0.77092
2620	YGR145W	0.77087
2621	YBL019W	0.77064
2622	YOR154W	0.77062
2623	YHR207C	0.7706
2624	YKR086W	0.77058
2625	YPL172C	0.77045
2626	YIR023W	0.77041
2627	YDR432W	0.77037
2628	YDR282C	0.77036
2629	YIL157C	0.77029
2630	YER002W	0.77025
2631	YBL058W	0.77017
2632	YGL164C	0.77014
2633	YIL030C	0.77005
2634	YPR114W	0.76998
2635	YNL328C	0.76998
2636	YNL219C	0.76993
2637	YKL224C	0.76993
2638	YGL243W	0.76983
2639	YDL200C	0.76983
2640	YKL222C	0.76982
2641	YDR382W	0.76982
2642	YKL007W	0.76982
2643	YDR390C	0.76977
2644	YBL061C	0.76971
2645	YOR275C	0.76971
2646	YMR261C	0.76961
2647	YIL147C	0.76961
2648	YPL196W	0.7696
2649	YGR257C	0.76958
2650	YMR177W	0.76956
2651	YPL024W	0.76946
2652	YJR075W	0.76946
2653	YGL141W	0.76944
2654	YKR040C	0.76942
2655	YOL072W	0.76939
2656	YPL104W	0.76922
2657	YKL186C	0.76912
2658	YJL031C	0.7691
2659	YDR330W	0.76909
2660	YHL046C	0.76908
2661	YHL033C	0.76907
2662	YLR246W	0.76902
2663	YKL098W	0.76899
2664	YMR310C	0.76882
2665	YOL145C	0.76881
2666	YNL317W	0.76866
2667	YLR133W	0.76866
2668	YJR010W	0.76864
2669	YLR088W	0.76857
2670	YMR161W	0.76856
2671	YHL008C	0.76846
2672	YMR234W	0.76842
2673	YHL013C	0.7683
2674	YGR169C	0.76827
2675	YCL001W-B	0.76826
2676	YOL042W	0.76822
2677	YML051W	0.76822
2678	YGR143W	0.76821
2679	YNL299W	0.7681
2680	YHR016C	0.76805
2681	YLR047C	0.76799
2682	YLR105C	0.76797
2683	YMR263W	0.76796
2684	YNL322C	0.76796
2685	YBL108C-A	0.76792
2686	YAL068C	0.76792
2687	YGL261C	0.76792
2688	YNR076W	0.76786
2689	YLL064C	0.76786
2690	YGL246C	0.76782
2691	YDR542W	0.76781
2692	YPL096W	0.76781
2693	YER157W	0.76773
2694	YDR293C	0.76773
2695	YJL085W	0.76765
2696	YOR009W	0.76761
2697	YMR114C	0.76758
2698	YIL167W	0.76756
2699	YOL152W	0.76756
2700	YIL041W	0.76756
2701	YDL167C	0.76746
2702	YML030W	0.76742
2703	YDR419W	0.76738
2704	YGR294W	0.76734
2705	YDR436W	0.76732
2706	YMR078C	0.76729
2707	YML090W	0.76729
2708	YLR461W	0.76727
2709	YGL185C	0.76727
2710	YCR079W	0.76724
2711	YFL020C	0.76722
2712	YHR120W	0.76715
2713	YGL166W	0.76709
2714	YOL043C	0.76706
2715	YDR391C	0.76704
2716	YNL212W	0.76703
2717	YCR030C	0.767
2718	YJL126W	0.76695
2719	YER123W	0.76688
2720	YOR018W	0.76676
2721	YML118W	0.76669
2722	YDR183W	0.76669
2723	YPR017C	0.76659
2724	YBR084W	0.76657
2725	YKR069W	0.76656
2726	YJL197W	0.76655
2727	YPL215W	0.76652
2728	YPL270W	0.76647
2729	YBR055C	0.76647
2730	YHR166C	0.76643
2731	YFR022W	0.76642
2732	YHL002W	0.7664
2733	YDR498C	0.76632
2734	YDR322C-A	0.7663
2735	YGL003C	0.76628
2736	YLR452C	0.76627
2737	YDL111C	0.76626
2738	YGL248W	0.76617
2739	YJR035W	0.76614
2740	YNR030W	0.76613
2741	YBR147W	0.76602
2742	YFL047W	0.76592
2743	YGR241C	0.76591
2744	YGL018C	0.76589
2745	YDL207W	0.76588
2746	YDL010W	0.76587
2747	YLR061W	0.76572
2748	YPR168W	0.76568
2749	YJR118C	0.76566
2750	YGR217W	0.76562
2751	YDR476C	0.76557
2752	YDR349C	0.76549
2753	YGR193C	0.76542
2754	YLR318W	0.76535
2755	YNL147W	0.76533
2756	YBR301W	0.76532
2757	YJR042W	0.76531
2758	YML019W	0.76523
2759	YOR278W	0.76521
2760	YIL082W-A	0.76516
2761	YMR201C	0.76509
2762	YNL239W	0.76507
2763	YPR124W	0.76506
2764	YJL133W	0.76505
2765	YFR007W	0.76503
2766	YKL018W	0.76498
2767	YOR382W	0.76491
2768	YDR430C	0.76488
2769	YKL215C	0.76485
2770	YLR250W	0.76484
2771	YML097C	0.76482
2772	YDL215C	0.7647
2773	YDR178W	0.7647
2774	YKR103W	0.76467
2775	YNL306W	0.76464
2776	YPL116W	0.7645
2777	YOR219C	0.7645
2778	YOR212W	0.76438
2779	YEL049W	0.76437
2780	YKL096W	0.76433
2781	YIL002C	0.76417
2782	YJL139C	0.76416
2783	YGL183C	0.76416
2784	YOL141W	0.76405
2785	YIL176C	0.76403
2786	YJL223C	0.76403
2787	YGL089C	0.76403
2788	YPL209C	0.76396
2789	YIL171W	0.76368
2790	YDL226C	0.76362
2791	YIL106W	0.76355
2792	YML026C	0.76333
2793	YDR450W	0.76333
2794	YJR005W	0.76327
2795	YGL064C	0.76317
2796	YMR128W	0.76316
2797	YOR035C	0.76316
2798	YHR086W	0.76315
2799	YDR386W	0.76313
2800	YOR052C	0.76312
2801	YGR268C	0.76312
2802	YHR115C	0.76309
2803	YKR048C	0.76309
2804	YPL109C	0.76305
2805	YER029C	0.763
2806	YOR090C	0.76298
2807	YOR160W	0.76289
2808	YOR022C	0.76282
2809	YOL123W	0.76282
2810	YOR005C	0.76277
2811	YJL042W	0.76272
2812	YHR139C	0.7627
2813	YPR197C	0.76261
2814	YJR006W	0.76259
2815	YJL011C	0.76241
2816	YHR173C	0.76234
2817	YGL045W	0.76231
2818	YEL055C	0.76223
2819	YEL050C	0.76208
2820	YGR118W	0.76207
2821	YPR132W	0.76207
2822	YDR444W	0.76204
2823	YPL125W	0.76196
2824	YFL046W	0.76196
2825	YOL161C	0.76193
2826	YBL069W	0.7619
2827	YOR296W	0.76188
2828	YER116C	0.76187
2829	YHR140W	0.76183
2830	YDR427W	0.76178
2831	YDR428C	0.76177
2832	YIR004W	0.76176
2833	YBR072W	0.76175
2834	YJL091C	0.76157
2835	YOR054C	0.76157
2836	YDR479C	0.76156
2837	YDL159W	0.76154
2838	YLR050C	0.76152
2839	YGR054W	0.76147
2840	YBR213W	0.76142
2841	YIL050W	0.76138
2842	YGL259W	0.76136
2843	YOR231W	0.76133
2844	YIL107C	0.76129
2845	YKR087C	0.76116
2846	YJR088C	0.76109
2847	YLR419W	0.76105
2848	YJR055W	0.76103
2849	YIL023C	0.76099
2850	YDR393W	0.76086
2851	YBR273C	0.76084
2852	YJR052W	0.76083
2853	YDR471W	0.76082
2854	YOR132W	0.76078
2855	YHR075C	0.76074
2856	YLR002C	0.76071
2857	YOR233W	0.76063
2858	YGR261C	0.76058
2859	YGR136W	0.76048
2860	YPL190C	0.76046
2861	YDR421W	0.76045
2862	YOR111W	0.7603
2863	YOR077W	0.7603
2864	YER182W	0.76024
2865	YDR134C	0.76021
2866	YBR271W	0.76019
2867	YLR414C	0.76013
2868	YGL111W	0.76012
2869	YPL138C	0.75995
2870	YPR094W	0.75994
2871	YLR007W	0.75994
2872	YLR114C	0.75989
2873	YOR010C	0.75985
2874	YKL040C	0.75976
2875	YHR143W-A	0.75974
2876	YPL063W	0.75972
2877	YPL029W	0.75972
2878	YAL004W	0.75964
2879	YPR189W	0.75962
2880	YML042W	0.75961
2881	YML060W	0.75958
2882	YDR337W	0.75958
2883	YDL241W	0.75957
2884	YMR189W	0.75955
2885	YLR192C	0.7595
2886	YGL179C	0.7594
2887	YGL083W	0.75939
2888	YHR085W	0.75937
2889	YBR288C	0.75935
2890	YPL143W	0.75926
2891	YOR216C	0.75916
2892	YGR074W	0.75916
2893	YHR010W	0.75898
2894	YDL008W	0.75891
2895	YER011W	0.75874
2896	YCL042W	0.75872
2897	YFL009W	0.75872
2898	YLR443W	0.7586
2899	YHL006C	0.75857
2900	YIL073C	0.75855
2901	YDL060W	0.75853
2902	YGR005C	0.75852
2903	YHR134W	0.75851
2904	YPL217C	0.75848
2905	YJR113C	0.75841
2906	YAL058W	0.75833
2907	YDL119C	0.75827
2908	YHR116W	0.75827
2909	YOR301W	0.75825
2910	YGL053W	0.75825
2911	YNL092W	0.75824
2912	YBL038W	0.7582
2913	YIL052C	0.75818
2914	YNL083W	0.75808
2915	YOR002W	0.75808
2916	YDR434W	0.75807
2917	YDL160C-A	0.75807
2918	YEL044W	0.75806
2919	YOR150W	0.75802
2920	YGR109W-B	0.75794
2921	YOR141C	0.75788
2922	YHR052W	0.75785
2923	YPL053C	0.75784
2924	YPL100W	0.75781
2925	YKL187C	0.7578
2926	YOL111C	0.75771
2927	YKL086W	0.7577
2928	YOR290C	0.75765
2929	YCL048W-A	0.75748
2930	YBR162W-A	0.75748
2931	YGR027C	0.75747
2932	YMR035W	0.7574
2933	YJL192C	0.7574
2934	YIL134W	0.75737
2935	YDR036C	0.75736
2936	YER056C-A	0.75735
2937	YPR162C	0.75732
2938	YPR023C	0.75731
2939	YIL100C-A	0.75724
2940	YEL012W	0.75716
2941	YDL171C	0.75715
2942	YNL062C	0.75713
2943	YNL004W	0.7571
2944	YNL263C	0.75709
2945	YLL062C	0.75702
2946	YFL040W	0.75697
2947	YPR104C	0.75691
2948	YPL101W	0.75691
2949	YLR025W	0.75691
2950	YGR283C	0.75689
2951	YLR430W	0.75688
2952	YDL161W	0.75685
2953	YOL057W	0.75682
2954	YDR512C	0.75679
2955	YMR110C	0.75674
2956	YOL135C	0.75672
2957	YJL154C	0.7566
2958	YOR330C	0.75651
2959	YJL072C	0.7565
2960	YKR025W	0.75649
2961	YKL167C	0.75648
2962	YDR493W	0.75644
2963	YCL032W	0.75635
2964	YNL218W	0.75633
2965	YER098W	0.75629
2966	YGL187C	0.75627
2967	YPL145C	0.75624
2968	YOR340C	0.75623
2969	YGL250W	0.75623
2970	YDR503C	0.75623
2971	YNL094W	0.756
2972	YPL195W	0.75591
2973	YMR309C	0.7558
2974	YBR185C	0.75563
2975	YBR141C	0.75562
2976	YJR034W	0.75559
2977	YBL037W	0.75556
2978	YMR097C	0.7555
2979	YKR060W	0.75548
2980	YOR234C	0.75544
2981	YPR129W	0.75543
2982	YDR488C	0.75538
2983	YNL081C	0.75537
2984	YOR389W	0.75534
2985	YNL137C	0.75528
2986	YBR030W	0.75525
2987	YDR132C	0.75524
2988	YNL180C	0.75519
2989	YOR387C	0.75519
2990	YNL320W	0.75511
2991	YDL023C	0.75497
2992	YAL001C	0.75493
2993	YOR244W	0.75488
2994	YML127W	0.75473
2995	YHR206W	0.75471
2996	YBL101C	0.75471
2997	YAL033W	0.75467
2998	YKR035W-A	0.75467
2999	YDL233W	0.75464
3000	YFR033C	0.75462
3001	YOL001W	0.75461
3002	YLR455W	0.75443
3003	YJR135W-A	0.75439
3004	YDL015C	0.75435
3005	YER037W	0.75434
3006	YNL251C	0.75428
3007	YDR517W	0.75428
3008	YJL063C	0.75418
3009	YJR076C	0.75418
3010	YDL240W	0.75418
3011	YDR162C	0.75414
3012	YDL011C	0.7541
3013	YHR011W	0.75402
3014	YKL095W	0.75393
3015	YDL021W	0.75381
3016	YLR107W	0.75366
3017	YGL161C	0.75364
3018	YDR372C	0.75358
3019	YGR117C	0.75356
3020	YLR333C	0.75355
3021	YPR038W	0.75354
3022	YCR096C	0.7535
3023	YDL227C	0.75344
3024	YMR127C	0.75325
3025	YGL169W	0.75321
3026	YLR064W	0.75318
3027	YGR154C	0.75314
3028	YML066C	0.75311
3029	YMR312W	0.75308
3030	YDL165W	0.753
3031	YML096W	0.75299
3032	YNL119W	0.75299
3033	YJL129C	0.75295
3034	YJR142W	0.75286
3035	YEL048C	0.75283
3036	YOR025W	0.75282
3037	YPL210C	0.75278
3038	YKL178C	0.75268
3039	YHR124W	0.75267
3040	YNL116W	0.75265
3041	YCR013C	0.75262
3042	YHR199C	0.75251
3043	YER188W	0.75238
3044	YIR015W	0.75236
3045	YOR161W-B	0.75232
3046	YBL067C	0.7523
3047	YNL298W	0.7523
3048	YFL036W	0.75223
3049	YPL022W	0.7522
3050	YFL031W	0.75206
3051	YDL195W	0.75205
3052	YER078C	0.75203
3053	YPL045W	0.75201
3054	YFR002W	0.75193
3055	YNR038W	0.75191
3056	YJL115W	0.75188
3057	YNL032W	0.75186
3058	YAR075W	0.75183
3059	YHR009C	0.75182
3060	YJL137C	0.75178
3061	YHL014C	0.75176
3062	YCR042C	0.75169
3063	YNL252C	0.75167
3064	YKL132C	0.75161
3065	YDR205W	0.75156
3066	YGL258W	0.75153
3067	YNL110C	0.7515
3068	YMR033W	0.75146
3069	YMR173W-A	0.75143
3070	YNR021W	0.75142
3071	YDL198C	0.75139
3072	YBR074W	0.75133
3073	YKL100C	0.75131
3074	YHR192W	0.75116
3075	YPL188W	0.75113
3076	YJR019C	0.75111
3077	YNL124W	0.75101
3078	YGL069C	0.75095
3079	YKL179C	0.7509
3080	YIL076W	0.75086
3081	YMR317W	0.75085
3082	YCR007C	0.75082
3083	YPL019C	0.75076
3084	YLR319C	0.75075
3085	YLR115W	0.75063
3086	YNL131W	0.75062
3087	YPR125W	0.75061
3088	YNR036C	0.75059
3089	YML031W	0.75054
3090	YMR223W	0.75049
3091	YER150W	0.75046
3092	YNL327W	0.75045
3093	YGR157W	0.75043
3094	YML061C	0.75039
3095	YNL286W	0.75031
3096	YHL010C	0.7503
3097	YMR265C	0.75027
3098	YLR427W	0.75021
3099	YDR004W	0.75021
3100	YLR077W	0.7502
3101	YKL006C-A	0.75018
3102	YLR080W	0.75012
3103	YAR028W	0.75006
3104	YNL291C	0.75004
3105	YBR280C	0.74993
3106	YOR055W	0.74992
3107	YPL079W	0.74985
3108	YML132W	0.74983
3109	YBR302C	0.74983
3110	YMR102C	0.74982
3111	YMR269W	0.74979
3112	YNL282W	0.74976
3113	YPL003W	0.74962
3114	YDR204W	0.74961
3115	YMR004W	0.74949
3116	YJR051W	0.74943
3117	YNL250W	0.74942
3118	YLR292C	0.74942
3119	YCR046C	0.74941
3120	YER076C	0.74937
3121	YJR046W	0.74928
3122	YOR134W	0.74926
3123	YLR448W	0.7492
3124	YBR281C	0.74919
3125	YCR073C	0.74915
3126	YGL231C	0.74914
3127	YPL198W	0.74912
3128	YMR055C	0.7491
3129	YCR067C	0.74902
3130	YDL054C	0.74896
3131	YIR007W	0.74891
3132	YDL156W	0.74891
3133	YGL213C	0.74883
3134	YJR100C	0.74882
3135	YNL149C	0.74879
3136	YKL064W	0.74875
3137	YJR098C	0.74869
3138	YGR073C	0.74854
3139	YPR091C	0.74851
3140	YGR295C	0.74848
3141	YOR067C	0.74844
3142	YCL008C	0.74838
3143	YNL336W	0.74834
3144	YDR064W	0.74824
3145	YGL094C	0.74816
3146	YPL009C	0.74815
3147	YDR054C	0.74813
3148	YHL012W	0.74811
3149	YJR161C	0.74805
3150	YAL051W	0.74803
3151	YDL248W	0.74801
3152	YOR353C	0.748
3153	YDR524C-B	0.74799
3154	YLR266C	0.7479
3155	YIL011W	0.74788
3156	YGR009C	0.7477
3157	YKL139W	0.7477
3158	YLR116W	0.74755
3159	YBR191W	0.74752
3160	YMR076C	0.74746
3161	YJL006C	0.74743
3162	YER101C	0.74733
3163	YGL080W	0.74727
3164	YPL098C	0.74718
3165	YPL084W	0.74717
3166	YOR363C	0.74716
3167	YPL277C	0.74716
3168	YBR067C	0.74711
3169	YGR088W	0.74706
3170	YDR289C	0.74705
3171	YJR150C	0.74702
3172	YNR069C	0.74701
3173	YML105C	0.74699
3174	YLR362W	0.74698
3175	YMR289W	0.74693
3176	YDR334W	0.7469
3177	YLR240W	0.74686
3178	YHR196W	0.74681
3179	YDR308C	0.7468
3180	YJR061W	0.74674
3181	YKL030W	0.74672
3182	YLR339C	0.74671
3183	YOR383C	0.74665
3184	YCR071C	0.74662
3185	YFL025C	0.74661
3186	Q0142	0.74657
3187	YER154W	0.74652
3188	YCL057C-A	0.74651
3189	YDR496C	0.7465
3190	YNR054C	0.74646
3191	YLR393W	0.74642
3192	YGL076C	0.74642
3193	YJR031C	0.74641
3194	YBR060C	0.74639
3195	YCR090C	0.74637
3196	YLR164W	0.74618
3197	YGL178W	0.74606
3198	YPR135W	0.74603
3199	YBR107C	0.74585
3200	YGR062C	0.74579
3201	YMR188C	0.7456
3202	YDL058W	0.7456
3203	YML073C	0.74559
3204	YLR110C	0.74558
3205	YDR302W	0.74556
3206	YBL095W	0.74549
3207	YJL193W	0.74543
3208	YLR090W	0.74538
3209	YKR061W	0.74531
3210	YOR171C	0.74529
3211	YPL119C-A	0.74528
3212	YOR051C	0.7452
3213	YJL102W	0.7451
3214	YPL162C	0.74498
3215	YIL006W	0.74498
3216	YGR216C	0.74487
3217	YJR071W	0.74487
3218	YGL016W	0.74486
3219	YPL072W	0.74485
3220	YPL263C	0.74484
3221	YMR074C	0.74482
3222	YLR093C	0.74481
3223	YIL151C	0.74477
3224	YKL066W	0.74477
3225	YEL034C-A	0.74473
3226	YGL067W	0.74459
3227	YGR101W	0.74445
3228	YDR538W	0.74442
3229	YPR123C	0.74427
3230	YDR410C	0.74416
3231	YOR252W	0.74409
3232	Q0055	0.74409
3233	YPR048W	0.74407
3234	YLR009W	0.74404
3235	YHL019C	0.74396
3236	YDR174W	0.74395
3237	YDL231C	0.74386
3238	YHR038W	0.74382
3239	YNL057W	0.74377
3240	YLR149C-A	0.74375
3241	YJL096W	0.74363
3242	YMR125W	0.74352
3243	YHL001W	0.74349
3244	YJL053W	0.74344
3245	YDR288W	0.74341
3246	YPL247C	0.7434
3247	YOR281C	0.7434
3248	Q0060	0.74326
3249	YHL007C	0.74326
3250	YGR003W	0.74321
3251	YBL047C	0.74319
3252	YBR233W	0.74301
3253	YLR325C	0.74301
3254	YDR311W	0.743
3255	YKL010C	0.743
3256	YGR066C	0.74285
3257	YHR077C	0.74284
3258	YNL258C	0.74279
3259	YIR006C	0.74272
3260	YGR058W	0.74271
3261	YMR216C	0.74267
3262	YPL132W	0.74267
3263	YIL140W	0.74262
3264	YML100W	0.74261
3265	YLR045C	0.74261
3266	YDR365C	0.74259
3267	YPL173W	0.74257
3268	YJL077W-A	0.74238
3269	YIL095W	0.74233
3270	YPR170W-B	0.7423
3271	YLR286W-A	0.74213
3272	YDL066W	0.74208
3273	YJL003W	0.74202
3274	YOR294W	0.74197
3275	YPL023C	0.74194
3276	YLR371W	0.74193
3277	YOR008C	0.74192
3278	YKL096W-A	0.7419
3279	YJL191W	0.74189
3280	YPL112C	0.74189
3281	YBR026C	0.7418
3282	YDR370C	0.74178
3283	YLR399W-A	0.74177
3284	YGR110W	0.74172
3285	YLR301W	0.74171
3286	YMR259C	0.74164
3287	YCR088W	0.74164
3288	YDL045W-A	0.74158
3289	YLR207W	0.74148
3290	YCL002C	0.74134
3291	YKL201C	0.74132
3292	YKL090W	0.74119
3293	YNL279W	0.7411
3294	YFR020W	0.74107
3295	YDR018C	0.74107
3296	YER144C	0.74106
3297	YKL170W	0.74103
3298	YOR031W	0.74101
3299	YOR334W	0.74096
3300	YDR160W	0.74093
3301	YAR033W	0.74091
3302	YLL054C	0.74087
3303	YPR092W	0.74078
3304	YDL105W	0.74075
3305	YCR031C	0.74075
3306	YHR090C	0.74071
3307	YNL217W	0.74069
3308	YNL173C	0.74068
3309	YCR086W	0.74066
3310	YDR301W	0.74065
3311	YPR154W	0.74064
3312	YER187W	0.7406
3313	YCR035C	0.74058
3314	YBR246W	0.74058
3315	YNR018W	0.74052
3316	YCL049C	0.74038
3317	YKL173W	0.74031
3318	YGL051W	0.74026
3319	YPR105C	0.74026
3320	YCL016C	0.74026
3321	YIL085C	0.74021
3322	YOL128C	0.7402
3323	YER151C	0.74012
3324	YLR032W	0.74012
3325	YGL153W	0.7401
3326	YDL024C	0.7401
3327	YOR318C	0.74005
3328	YPR191W	0.73989
3329	YKL125W	0.73975
3330	YLR021W	0.73974
3331	YDR210W	0.73964
3332	YDR242W	0.73962
3333	YML081C-A	0.7396
3334	YDR152W	0.73957
3335	YJR036C	0.73955
3336	YKR058W	0.73954
3337	YNL182C	0.73953
3338	YOR139C	0.73951
3339	YPL083C	0.73947
3340	YOL149W	0.73943
3341	YHR182C-A	0.7394
3342	YGR186W	0.73934
3343	YJL194W	0.73932
3344	YLL010C	0.73932
3345	YPL007C	0.73931
3346	YOR070C	0.73927
3347	YBR105C	0.73926
3348	YKL006W	0.73924
3349	YDR440W	0.73921
3350	YLR016C	0.7391
3351	YIL111W	0.7391
3352	YOR386W	0.73907
3353	YDR171W	0.73903
3354	YOR038C	0.73903
3355	YGR099W	0.73899
3356	YOR200W	0.73894
3357	YMR002W	0.73894
3358	YKR072C	0.73893
3359	YIL142C-A	0.73892
3360	YDL150W	0.73888
3361	YGL216W	0.73886
3362	YAL034W-A	0.73886
3363	YBL096C	0.73885
3364	YOL086W-A	0.73884
3365	YER021W	0.73879
3366	YKR064W	0.73878
3367	YAL056C-A	0.73874
3368	YER030W	0.73868
3369	YDR269C	0.73863
3370	YMR012W	0.73861
3371	YHR028W-A	0.7386
3372	YKR071C	0.73858
3373	YHL035C	0.73851
3374	YCR026C	0.73842
3375	YJR033C	0.7384
3376	YDR244W	0.73835
3377	YNL216W	0.73831
3378	YDR403W	0.73814
3379	YBL008W	0.73809
3380	YGR119C	0.73809
3381	YML084W	0.73793
3382	YLR023C	0.73789
3383	YOL047C	0.73783
3384	YKL033W	0.73779
3385	YIR013C	0.73772
3386	YHR188C	0.7377
3387	YGR183C	0.73766
3388	YDR209C	0.73764
3389	YLR226W	0.73757
3390	YIL131C	0.73748
3391	YLR299W	0.73745
3392	YHL048W	0.73741
3393	YIL102C	0.73735
3394	YLR248W	0.73731
3395	YNL289W	0.73726
3396	YNR075W	0.73725
3397	YHR080C	0.73724
3398	YPL191C	0.73714
3399	YPL148C	0.73707
3400	YFL062W	0.73707
3401	YFL029C	0.73706
3402	YOL027C	0.73696
3403	YAR031W	0.73684
3404	YGR121W-A	0.73676
3405	YKL206C	0.73674
3406	YPL142C	0.73661
3407	YPL268W	0.73661
3408	YMR213W	0.7366
3409	YOR245C	0.73658
3410	YMR231W	0.73656
3411	YLR225C	0.73654
3412	YBR119W	0.7365
3413	YGL024W	0.73644
3414	YKR049C	0.73618
3415	YNL242W	0.73613
3416	YKL140W	0.73613
3417	YOL116W	0.73612
3418	YDL118W	0.73612
3419	YBL035C	0.7361
3420	YGR128C	0.73603
3421	YEL016C	0.73597
3422	YBR028C	0.73588
3423	YGR271C-A	0.73587
3424	YAL037C-B	0.73587
3425	YER140W	0.73585
3426	YKL077W	0.73582
3427	YPL167C	0.73575
3428	YDR193W	0.73573
3429	YDL122W	0.7357
3430	YIL130W	0.73568
3431	YLR387C	0.73562
3432	YNL273W	0.73561
3433	YOR014W	0.73556
3434	YIR040C	0.73545
3435	YKR063C	0.73532
3436	YGL125W	0.73528
3437	YDR122W	0.73523
3438	YGL257C	0.73516
3439	YDL068W	0.73516
3440	YNL310C	0.7351
3441	YMR182W-A	0.73508
3442	YMR024W	0.73488
3443	YBR086C	0.73475
3444	YDR407C	0.73474
3445	YDR094W	0.73468
3446	YOL076W	0.73467
3447	YDL096C	0.73466
3448	YIL038C	0.73463
3449	YIR043C	0.73461
3450	YGL098W	0.7346
3451	YHR118C	0.73456
3452	YMR272W-B	0.73453
3453	YNL177C	0.73448
3454	YMR227C	0.73447
3455	YLR255C	0.73443
3456	YKL172W	0.73442
3457	YOR026W	0.73442
3458	YDL209C	0.73434
3459	YOL121C	0.73428
3460	YDR316W	0.73427
3461	YPR029C	0.73426
3462	YBL049W	0.73423
3463	YDL157C	0.73415
3464	YIL059C	0.73413
3465	YBR260C	0.73406
3466	YOR138C	0.734
3467	YBL108W	0.73386
3468	YBR221W-A	0.73386
3469	YOR299W	0.7338
3470	YLR103C	0.73371
3471	YNL325C	0.73371
3472	YCL037C	0.7337
3473	YEL053C	0.73368
3474	YIL017C	0.73366
3475	YKL142W	0.73362
3476	YKL055C	0.73349
3477	YER048C	0.73343
3478	YGL110C	0.73342
3479	YDL159C-B	0.73342
3480	YNL203C	0.73334
3481	YNL284C	0.73322
3482	YNL272C	0.73315
3483	YPL252C	0.73315
3484	YFL015C	0.73312
3485	YNL186W	0.73307
3486	YMR316C-B	0.73305
3487	YNL193W	0.73299
3488	YOR360C	0.73297
3489	YOL146W	0.73294
3490	YNL261W	0.73292
3491	YGL019W	0.73292
3492	YLR290C	0.73282
3493	YDL234C	0.73279
3494	YDR266C	0.73276
3495	YBL080C	0.73274
3496	YER058W	0.73264
3497	YIL171W-A	0.73261
3498	YJL220W	0.73261
3499	YJR004C	0.73261
3500	YEL015W	0.73258
3501	YPL065W	0.73257
3502	YHR180W	0.73255
3503	YPR141C	0.73255
3504	YOR198C	0.73254
3505	Q0160	0.73253
3506	YMR324C	0.73252
3507	YIL054W	0.73249
3508	YGR212W	0.73246
3509	YPR169W	0.73237
3510	YBR116C	0.73234
3511	YNL162W-A	0.73233
3512	YHR198C	0.73231
3513	YBR226C	0.73228
3514	YGL129C	0.73228
3515	YKL198C	0.73228
3516	YPL064C	0.73227
3517	YNL302C	0.73226
3518	YKL056C	0.73223
3519	YDR175C	0.73223
3520	YDR363W-A	0.73218
3521	YGR102C	0.73215
3522	YOR335W-A	0.73214
3523	YLR281C	0.73209
3524	YJL047C	0.73206
3525	YDR379C-A	0.73203
3526	YHR081W	0.73195
3527	YOL046C	0.73188
3528	YOL013C	0.73182
3529	YDR354W	0.73181
3530	YNR040W	0.7318
3531	YBL045C	0.73175
3532	YMR286W	0.73173
3533	YFR016C	0.73168
3534	YKL175W	0.73166
3535	YCR014C	0.73165
3536	YJL141C	0.73153
3537	YFR037C	0.73148
3538	YOL022C	0.73147
3539	YJL206C	0.73143
3540	YMR057C	0.73139
3541	YNL267W	0.73138
3542	YMR047C	0.7313
3543	YPR175W	0.73129
3544	YDR405W	0.73127
3545	YHR133C	0.73123
3546	YPR093C	0.7312
3547	YDL035C	0.7312
3548	YKR021W	0.73115
3549	YBR158W	0.73109
3550	YML013W	0.73107
3551	YDR080W	0.73099
3552	YDR020C	0.73098
3553	YDR347W	0.73098
3554	YDR168W	0.73097
3555	YKL037W	0.73094
3556	YDR510C-A	0.73093
3557	YDL148C	0.7309
3558	YOR156C	0.73088
3559	YBL104C	0.73085
3560	YOR082C	0.73075
3561	YDL030W	0.73061
3562	YLR122C	0.73055
3563	YDR472W	0.73053
3564	YOR256C	0.73051
3565	YGL260W	0.7305
3566	YDR233C	0.73047
3567	YER165C-A	0.73045
3568	YMR306C-A	0.73044
3569	YGL180W	0.73037
3570	YML057C-A	0.73032
3571	YGR158C	0.73017
3572	YPL069C	0.73016
3573	YJL046W	0.73014
3574	YOR180C	0.73012
3575	YOL108C	0.73011
3576	YNL085W	0.73007
3577	YDL022C-A	0.73002
3578	YAL016C-A	0.72998
3579	YMR254C	0.72995
3580	YNL035C	0.72992
3581	YBR141W-A	0.72988
3582	YOL052C-A	0.72974
3583	YJR022W	0.72974
3584	YLR390W-A	0.72969
3585	YGL165C	0.72966
3586	YBL020W	0.72964
3587	YEL073C	0.72961
3588	YNL043C	0.72958
3589	YML130C	0.72945
3590	YHR045W	0.72942
3591	YOR322C	0.72932
3592	YJL025W	0.72931
3593	YPL181W	0.7292
3594	YMR233W	0.7292
3595	YNL052W	0.72917
3596	YCR038W-A	0.72911
3597	YKL012W	0.72911
3598	YDR106W	0.72908
3599	YGR223C	0.7288
3600	YGR205W	0.72879
3601	YMR087W	0.72877
3602	YNL184C	0.72877
3603	YOR237W	0.72874
3604	YIL156W-B	0.72873
3605	YIL150C	0.72872
3606	YDR114C	0.72868
3607	YPR018W	0.72866
3608	YOL077W-A	0.72865
3609	YDR198C	0.72864
3610	YGR149W	0.72863
3611	YBR009C	0.72858
3612	YIR021W	0.72855
3613	YGL074C	0.72855
3614	YPR064W	0.72845
3615	YGL056C	0.72842
3616	YCR054C	0.7284
3617	YBR005W	0.72839
3618	YHR122W	0.72838
3619	YNL221C	0.72833
3620	YKL047W	0.72826
3621	YHR131W-A	0.72823
3622	YMR251W-A	0.72818
3623	YOR075W	0.72808
3624	YDL041W	0.72807
3625	YFR035C	0.72806
3626	YDR218C	0.72797
3627	YJR044C	0.72794
3628	YIL028W	0.72787
3629	YNL236W	0.72782
3630	YHR073C-B	0.72776
3631	YMR272W-A	0.72769
3632	YGR033C	0.72751
3633	YIL079C	0.7275
3634	YLL031C	0.72749
3635	YER105C	0.72748
3636	YBR174C	0.72743
3637	YMR156C	0.72742
3638	YNL283C	0.72732
3639	YBR059C	0.72728
3640	YJR112W	0.72723
3641	YAR019W-A	0.72722
3642	YLR124W	0.72717
3643	YIL138C	0.72716
3644	YJL195C	0.72714
3645	YOR269W	0.72705
3646	YOR124C	0.72705
3647	YBR109W-A	0.72704
3648	YGR166W	0.72699
3649	YFR045W	0.72697
3650	YLR141W	0.72697
3651	YGL191W	0.72693
3652	YHL030W	0.72689
3653	YDL075W	0.72685
3654	YKL223W	0.72685
3655	YJL004C	0.72683
3656	YBR190W	0.72675
3657	YMR042W	0.72664
3658	YDL059C	0.72659
3659	YOR267C	0.72658
3660	YGR090W	0.72658
3661	YCR024C-A	0.72657
3662	YLR041W	0.72653
3663	YOR205C	0.72646
3664	YHR067W	0.72645
3665	YHR150W	0.72645
3666	YJR097W	0.72638
3667	YIL058W	0.72637
3668	YJL165C	0.72635
3669	YEL053W-A	0.72624
3670	YLR206W	0.72619
3671	YIL070C	0.72618
3672	YDR150W	0.72617
3673	YAL014C	0.72616
3674	YLR368W	0.72615
3675	YKL031W	0.72614
3676	YGR109W-A	0.72614
3677	YDL085C-A	0.72609
3678	YOR020W-A	0.72609
3679	YGL195W	0.72608
3680	YJL009W	0.72605
3681	YJL064W	0.72602
3682	YLR314C	0.72601
3683	YOR365C	0.726
3684	YIL105C	0.72596
3685	YOR288C	0.72592
3686	YIL082W	0.72592
3687	YAL002W	0.72588
3688	YDR319C	0.72584
3689	YDR527W	0.72584
3690	YJL203W	0.72584
3691	YOL150C	0.7258
3692	YGR270C-A	0.7258
3693	YEL008W	0.72579
3694	YDR128W	0.72553
3695	YOR376W-A	0.72548
3696	YIL115C	0.72547
3697	YOR033C	0.72542
3698	YMR291W	0.72541
3699	YGR238C	0.72535
3700	YDR537C	0.72534
3701	YBR022W	0.72534
3702	YMR028W	0.72531
3703	YOL050C	0.72529
3704	YOR102W	0.72527
3705	YHL022C	0.72522
3706	YKL219W	0.72518
3707	YER083C	0.72517
3708	YDR206W	0.72499
3709	YKR032W	0.72492
3710	YNL009W	0.72491
3711	YDL225W	0.72487
3712	YPR036W	0.72484
3713	YPR160W-A	0.72477
3714	YML111W	0.72468
3715	YCR019W	0.72463
3716	YPR108W-A	0.72459
3717	YLR406C	0.72454
3718	YAL042C-A	0.72451
3719	YOR331C	0.72449
3720	YAR053W	0.7244
3721	YOR029W	0.72437
3722	YPR001W	0.72436
3723	YOL071W	0.72432
3724	YLR323C	0.72431
3725	YLR097C	0.72427
3726	YCR093W	0.72421
3727	YMR242W-A	0.72417
3728	YER119C-A	0.72413
3729	YMR290W-A	0.72411
3730	YER007W	0.72409
3731	YDR137W	0.72408
3732	YER180C-A	0.72406
3733	YIL021C-A	0.72401
3734	YKL137W	0.72388
3735	YPR179C	0.72387
3736	YJL123C	0.72386
3737	YFL051C	0.7238
3738	YNL067W-B	0.72378
3739	YOR069W	0.72377
3740	YGL172W	0.72377
3741	YJR111C	0.72376
3742	YOL048C	0.72371
3743	YJR079W	0.72363
3744	YFL010C	0.7236
3745	YOR034C-A	0.7236
3746	YJL156C	0.72358
3747	YMR168C	0.72353
3748	YGL032C	0.72351
3749	YMR086C-A	0.72348
3750	YLR194C	0.72348
3751	YDR087C	0.72346
3752	YNL069C	0.72342
3753	YHR197W	0.72341
3754	YGR127W	0.72337
3755	YNR023W	0.72333
3756	YGR116W	0.72329
3757	YGR112W	0.72328
3758	YDL175C	0.72328
3759	YLR456W	0.72323
3760	YGR188C	0.72319
3761	YIR017C	0.72317
3762	YCR083W	0.723
3763	YCL057W	0.72296
3764	YPL137C	0.72294
3765	YDL034W	0.72283
3766	YBR036C	0.72278
3767	YNL118C	0.72277
3768	YJL043W	0.72274
3769	YLR349W	0.72263
3770	YOR161W-A	0.72255
3771	YMR010W	0.72249
3772	YGR006W	0.72244
3773	YER014C-A	0.72244
3774	YLR140W	0.72231
3775	YDL091C	0.7223
3776	YOL088C	0.72228
3777	YGR178C	0.72224
3778	YGL228W	0.72215
3779	YPR057W	0.72211
3780	YER087W	0.7221
3781	YIR023C-A	0.72204
3782	YDR323C	0.72197
3783	YBR142W	0.72196
3784	YJR039W	0.72189
3785	YJR090C	0.72187
3786	YOR305W	0.72186
3787	YCR081C-A	0.72185
3788	YKL043W	0.72185
3789	YMR275C	0.72183
3790	YIL096C	0.72175
3791	YOR268C	0.72172
3792	YBR010W	0.72166
3793	YCL041C	0.72166
3794	YPL165C	0.72164
3795	YPL189W	0.72159
3796	YMR013C	0.72158
3797	YOL102C	0.72155
3798	YJR054W	0.72153
3799	YDR208W	0.72152
3800	YGL244W	0.72147
3801	YLR379W	0.72132
3802	YNL084C	0.72129
3803	YML049C	0.72128
3804	YBR268W	0.72124
3805	YBR231C	0.72121
3806	YML094C-A	0.72116
3807	YHL034W-A	0.72114
3808	YHR186C	0.72114
3809	YLR425W	0.72113
3810	YMR154C	0.72111
3811	YDL026W	0.7211
3812	YOL105C	0.72102
3813	YOL014W	0.72101
3814	YCR006C	0.72098
3815	YLR305C	0.72098
3816	YAR008W	0.72096
3817	YML063W	0.72096
3818	YPR085C	0.7209
3819	YDL187C	0.72085
3820	YGR170W	0.72084
3821	YOR190W	0.72082
3822	YOR345C	0.72074
3823	YMR005W	0.72063
3824	YMR230W-A	0.72054
3825	YPL222C-A	0.72043
3826	YGL218W	0.72034
3827	YLL051C	0.72031
3828	YDR026C	0.72027
3829	YLL059C	0.7202
3830	YLR063W	0.72016
3831	YMR067C	0.71986
3832	YMR158W	0.71985
3833	YMR193W	0.71984
3834	YHR180W-A	0.71972
3835	YIL161W	0.71965
3836	YLR183C	0.7196
3837	YCR041W	0.71953
3838	YGL158W	0.71952
3839	YOR167C	0.71948
3840	YJL106W	0.71946
3841	Q0070	0.71942
3842	YHL049C	0.7194
3843	YCR077C	0.71938
3844	YDL133W	0.71937
3845	YKL057C	0.71933
3846	YGR109C	0.71929
3847	YCR097W-A	0.71925
3848	YLR441C	0.71924
3849	YBR144C	0.71922
3850	YML100W-A	0.71921
3851	YHR158C	0.71917
3852	YKL034W	0.71909
3853	YGR059W	0.71907
3854	YDR003W	0.71904
3855	YGR014W	0.71903
3856	YBR111W-A	0.71902
3857	YBR186W	0.71899
3858	YMR157C	0.71897
3859	YML088W	0.71896
3860	YLR264W	0.71895
3861	YMR126C	0.71895
3862	YOL033W	0.71894
3863	YDL116W	0.71892
3864	YKL188C	0.71891
3865	YGR167W	0.71885
3866	YDR320W-B	0.7188
3867	YMR105W-A	0.71876
3868	YMR245W	0.71869
3869	YCL023C	0.71864
3870	YGL203C	0.71863
3871	YBL033C	0.71862
3872	YJL071W	0.71856
3873	YDR180W	0.71853
3874	YPR155C	0.7185
3875	YER048W-A	0.71838
3876	YBL100C	0.71834
3877	YPL032C	0.7183
3878	YDR049W	0.71829
3879	YIL061C	0.71828
3880	YPR045C	0.71822
3881	YOR325W	0.71821
3882	YKL106W	0.71817
3883	YDL025C	0.71817
3884	YIL137C	0.71815
3885	YKR028W	0.71815
3886	YAL067W-A	0.71815
3887	YIL087C	0.71814
3888	YNL271C	0.71811
3889	YFL013W-A	0.71809
3890	YEL045C	0.71808
3891	YML095C	0.71801
3892	YDR261C	0.71794
3893	YGR107W	0.7178
3894	YJR126C	0.71773
3895	YLR035C	0.71767
3896	YML011C	0.71763
3897	YCL052C	0.71762
3898	YKL203C	0.71757
3899	YNL249C	0.71757
3900	YPR170C	0.71748
3901	YDL146W	0.71748
3902	YMR039C	0.71738
3903	YDR478W	0.71732
3904	YHR213W-B	0.71729
3905	YMR209C	0.7172
3906	YMR281W	0.71713
3907	YPL243W	0.71711
3908	YHR172W	0.7171
3909	YER127W	0.71702
3910	YIL175W	0.71702
3911	YJL222W-B	0.71702
3912	YDL232W	0.717
3913	YHR073W	0.71698
3914	YDR274C	0.71689
3915	YLR344W	0.71673
3916	YNL028W	0.71659
3917	YGR068C	0.71658
3918	YPL225W	0.71656
3919	YML032C	0.71655
3920	YOL148C	0.71647
3921	YPL248C	0.71646
3922	YEL035C	0.71645
3923	YJL098W	0.71644
3924	YLL038C	0.71635
3925	YOR179C	0.71634
3926	YPL238C	0.71633
3927	YGR056W	0.71628
3928	YLL037W	0.71621
3929	YGL263W	0.71616
3930	YJL173C	0.71615
3931	YEL017C-A	0.71613
3932	YMR212C	0.71611
3933	YOR191W	0.71607
3934	YFR056C	0.7159
3935	YBR200W-A	0.71583
3936	YHR022C	0.71582
3937	YIL104C	0.71581
3938	YHR032C-A	0.71579
3939	YKL005C	0.71575
3940	YHR071C-A	0.71574
3941	YJR140C	0.71558
3942	YPR139C	0.71546
3943	YMR267W	0.71542
3944	YDR253C	0.71537
3945	YER128W	0.71537
3946	YNL103W-A	0.7153
3947	YFL021C-A	0.71529
3948	YOL045W	0.71528
3949	YGL254W	0.71525
3950	YKL147C	0.71516
3951	YCL055W	0.71513
3952	YGR070W	0.7151
3953	YJR122W	0.7151
3954	YPR016W-A	0.71509
3955	YKL156C-A	0.71508
3956	YEL059W	0.71508
3957	YLR157W-E	0.71503
3958	YML071C	0.71499
3959	YGR034W	0.71497
3960	YIL154C	0.71492
3961	YAL045C	0.7148
3962	YPL074W	0.71471
3963	YBR253W	0.71466
3964	YLR015W	0.71463
3965	YNL130C-A	0.71459
3966	YGR050C	0.71457
3967	YKL153W	0.71449
3968	YMR130W	0.71447
3969	YIL069C	0.71447
3970	YER074W	0.71447
3971	YMR112C	0.71446
3972	YBL059C-A	0.71441
3973	YDR417C	0.71441
3974	YLR128W	0.71437
3975	YMR165C	0.71434
3976	YAR019C	0.71432
3977	YML089C	0.71429
3978	YHR095W	0.71425
3979	YCL005W-A	0.71423
3980	YHR054W-A	0.7142
3981	YHR052W-A	0.7142
3982	YDR420W	0.71416
3983	YJL052C-A	0.71416
3984	YNL324W	0.71416
3985	YGR038W	0.71415
3986	YNL144W-A	0.71415
3987	YLR166C	0.71412
3988	YAR064W	0.71408
3989	YDL237W	0.71392
3990	YJL197C-A	0.71389
3991	YDL003W	0.71382
3992	YJR050W	0.71379
3993	YOR277C	0.71379
3994	YDR187C	0.71376
3995	YLL022C	0.71368
3996	YJR136C	0.71357
3997	YMR247C	0.71356
3998	YDR355C	0.71356
3999	YOL051W	0.71353
4000	YCR024C-B	0.7135
4001	YLR071C	0.71348
4002	YEL022W	0.71345
4003	YJL027C	0.71344
4004	YNL158W	0.7134
4005	YHL048C-A	0.71337
4006	YPR077C	0.71336
4007	YER147C-A	0.71336
4008	YJR128W	0.71335
4009	YIL026C	0.71335
4010	YDR464C-A	0.71327
4011	YMR173W	0.71325
4012	YGL014W	0.71321
4013	YOR045W	0.71317
4014	YLR159W	0.71317
4015	YLR161W	0.71317
4016	YLR156W	0.71317
4017	YEL009C	0.71313
4018	YBR193C	0.71312
4019	YLR464W	0.71311
4020	YEL076C-A	0.71311
4021	YMR313C	0.71301
4022	YKL124W	0.71297
4023	YEL076C	0.71289
4024	YLR337C	0.71289
4025	YLR312W-A	0.71276
4026	YLR269C	0.71275
4027	YDL142C	0.71273
4028	YHR126C	0.7127
4029	YOL083C-A	0.7127
4030	YDL112W	0.71268
4031	YMR013W-A	0.71268
4032	YKL134C	0.71261
4033	YAR027W	0.71259
4034	YOR149C	0.71248
4035	YHR146W	0.71246
4036	YKR047W	0.71245
4037	YFL023W	0.71243
4038	YJL166W	0.71231
4039	YPR010C-A	0.71225
4040	YOR166C	0.71223
4041	YOL054W	0.71214
4042	YLR379W-A	0.71211
4043	YDR192C	0.71209
4044	YMR115W	0.71204
4045	YKL102C	0.712
4046	YGR096W	0.712
4047	YJL100W	0.71196
4048	YJL029C	0.71194
4049	YBL062W	0.71193
4050	YBR179C	0.71192
4051	YDL203C	0.71191
4052	YCR085W	0.71188
4053	YGL085W	0.71186
4054	YFR052W	0.71174
4055	YOL155W-A	0.71174
4056	YLR317W	0.71173
4057	YIL133C	0.71172
4058	YDR409W	0.71171
4059	YPL186C	0.7117
4060	YML031C-A	0.7117
4061	YBL097W	0.7117
4062	YER024W	0.71168
4063	YDR504C	0.71166
4064	YER087C-B	0.71148
4065	YPL078C	0.71138
4066	YGR044C	0.71135
4067	YPR087W	0.71131
4068	YMR026C	0.71128
4069	YPR053C	0.71123
4070	YDR467C	0.71123
4071	YKR092C	0.7112
4072	YPL260W	0.71116
4073	YNL308C	0.71116
4074	YGL118C	0.71114
4075	YJL175W	0.71106
4076	YHR060W	0.71106
4077	YJL152W	0.71104
4078	YGL088W	0.71099
4079	YFL027C	0.71085
4080	YLR417W	0.71084
4081	YDR460W	0.71078
4082	YBL039C-A	0.71072
4083	YBR134W	0.71063
4084	YAR069C	0.71061
4085	YHR214C-D	0.71061
4086	YHL030W-A	0.71056
4087	YLR084C	0.71054
4088	YGR190C	0.71054
4089	YJL039C	0.71051
4090	YOR344C	0.71046
4091	YGR146C-A	0.71039
4092	YGL233W	0.71039
4093	YLR104W	0.71037
4094	YGL235W	0.71033
4095	YBL070C	0.71031
4096	YCL034W	0.71028
4097	YDR461W	0.71027
4098	YPR059C	0.71012
4099	YPR166C	0.71008
4100	YIR036W-A	0.71007
4101	YBR247C	0.71004
4102	YPL025C	0.71003
4103	YGL031C	0.70998
4104	YDL099W	0.70994
4105	YLR309C	0.70991
4106	YOR050C	0.70984
4107	YDR326C	0.70984
4108	YPL228W	0.70978
4109	YJL109C	0.70978
4110	YLR199C	0.70968
4111	YPR148C	0.70956
4112	YPL128C	0.7095
4113	YKR096W	0.70945
4114	YJL120W	0.70943
4115	YCL004W	0.7094
4116	YJL142C	0.70937
4117	YDR221W	0.70927
4118	YGR182C	0.70923
4119	YDR247W	0.70922
4120	YML122C	0.70921
4121	YNR061C	0.70918
4122	YOR368W	0.70911
4123	YNL073W	0.7091
4124	YNL303W	0.7091
4125	YPR097W	0.70909
4126	YFL065C	0.70909
4127	YHL002C-A	0.70903
4128	YNL051W	0.70898
4129	YGL109W	0.70894
4130	YDL153C	0.70891
4131	YBL074C	0.70886
4132	YOR218C	0.70884
4133	YOR135C	0.70884
4134	YKR065C	0.70882
4135	YNL089C	0.70882
4136	YEL020C-B	0.70874
4137	YBL004W	0.7087
4138	YDR213W	0.70869
4139	YKR085C	0.70865
4140	YPL081W	0.70864
4141	YDL086C-A	0.70861
4142	YML048W	0.70857
4143	YPL251W	0.70856
4144	YER107W-A	0.70853
4145	YDR044W	0.70846
4146	YNL077W	0.70844
4147	YDR101C	0.70834
4148	YKL115C	0.70834
4149	YLL004W	0.70834
4150	YOL144W	0.70833
4151	YHR083W	0.7083
4152	YHL045W	0.70828
4153	YGR046W	0.70828
4154	YBR027C	0.70825
4155	YJL101C	0.70824
4156	YPR116W	0.70823
4157	YJL136W-A	0.70818
4158	YPR072W	0.70808
4159	YDR079W	0.70804
4160	YDR230W	0.70804
4161	YJR123W	0.70797
4162	YDR126W	0.70796
4163	YNL178W	0.70788
4164	YJL119C	0.70785
4165	YBR121C-A	0.70772
4166	YCL067C	0.7077
4167	YCR039C	0.7077
4168	YER126C	0.70767
4169	YGL258W-A	0.70758
4170	YPR014C	0.70755
4171	YAL013W	0.70751
4172	YDL228C	0.7075
4173	YMR287C	0.70749
4174	YOR008C-A	0.70745
4175	YOR112W	0.70738
4176	YOR106W	0.70735
4177	YKL116C	0.70735
4178	YGR278W	0.70732
4179	YGR091W	0.70732
4180	YKL076C	0.70727
4181	YJL148W	0.70725
4182	YPR195C	0.70724
4183	YGL092W	0.70722
4184	YBR223W-A	0.70721
4185	YCR089W	0.70721
4186	YKL045W	0.70719
4187	YDR027C	0.70718
4188	YHR059W	0.70718
4189	YDR283C	0.70716
4190	YDR290W	0.70716
4191	YFR034W-A	0.70711
4192	YDR320C-A	0.707
4193	YHR079C	0.70699
4194	YHR022C-A	0.70696
4195	YDR025W	0.70696
4196	YBR048W	0.70696
4197	YOR314W-A	0.70692
4198	YGR176W	0.70686
4199	YJR018W	0.70685
4200	YPR203W	0.70674
4201	YGR235C	0.70674
4202	YNL146C-A	0.70672
4203	YOL099C	0.70672
4204	YOL166W-A	0.70667
4205	YGL127C	0.70667
4206	YBR284W	0.70656
4207	YBR282W	0.70652
4208	YHL019W-A	0.70649
4209	YGL145W	0.7063
4210	YOR174W	0.70628
4211	YPL114W	0.70628
4212	YBR064W	0.70627
4213	YFR013W	0.70626
4214	YER068W	0.70625
4215	YKL168C	0.70621
4216	YPR152C	0.70614
4217	YEL018C-A	0.70606
4218	YMR129W	0.706
4219	YGR022C	0.70598
4220	YPR055W	0.70596
4221	YCR064C	0.70593
4222	YGR236C	0.70592
4223	YML046W	0.7059
4224	YDL162C	0.7059
4225	YLR233C	0.7059
4226	YKL131W	0.70587
4227	YBR189W	0.70584
4228	YKR082W	0.70583
4229	YPR143W	0.70581
4230	YDR442W	0.70566
4231	YML050W	0.70562
4232	YDR491C	0.70562
4233	YOR302W	0.70562
4234	YIL005W	0.7056
4235	YKL214C	0.70559
4236	YGR069W	0.70554
4237	YNL128W	0.70546
4238	YGL199C	0.70545
4239	YBR102C	0.70543
4240	YNR007C	0.70542
4241	YIL068W-A	0.70541
4242	YIR018C-A	0.70537
4243	YJL131C	0.70536
4244	YOL087C	0.70532
4245	YLR029C	0.70519
4246	YBR255C-A	0.70517
4247	YKR023W	0.70517
4248	YDR154C	0.70511
4249	YGR204C-A	0.7051
4250	YLR096W	0.70505
4251	YKL036C	0.70505
4252	YGR042W	0.70502
4253	YEL030C-A	0.705
4254	YBR278W	0.705
4255	YHR138C	0.70495
4256	YOL019W-A	0.7049
4257	YJL061W	0.7049
4258	YAR029W	0.70483
4259	YKR073C	0.70482
4260	YHR084W	0.70478
4261	YPL038W	0.70477
4262	YOR203W	0.70477
4263	YDR335W	0.70474
4264	YHR125W	0.70472
4265	YNL276C	0.70464
4266	YDR262W	0.70464
4267	YIL072W	0.70462
4268	YFL064C	0.70456
4269	YJR151W-A	0.70455
4270	YOL095C	0.7045
4271	YPL062W	0.70449
4272	YMR119W-A	0.70447
4273	YIL009C-A	0.70445
4274	YDR250C	0.70441
4275	YBR258C	0.7044
4276	YCL058C	0.70439
4277	YHL005C	0.70436
4278	YAL047W-A	0.70435
4279	YJL067W	0.70429
4280	YNR044W	0.70413
4281	YGR122W	0.70407
4282	YLR013W	0.70402
4283	YMR316C-A	0.70401
4284	YPR076W	0.70401
4285	YNL294C	0.70399
4286	YKL015W	0.70399
4287	YLL006W-A	0.70392
4288	YLR076C	0.70391
4289	YGL034C	0.70388
4290	YCR050C	0.70387
4291	YDR449C	0.7037
4292	R0020C	0.70369
4293	YDR006C	0.70341
4294	YNL017C	0.7034
4295	YOR183W	0.7034
4296	YJL127W-A	0.70336
4297	YIL027C	0.70336
4298	YMR106C	0.70319
4299	YML104C	0.70319
4300	YGL072C	0.70318
4301	YMR031W-A	0.70316
4302	YIR005W	0.70316
4303	YJL054W	0.70298
4304	YCL076W	0.70294
4305	YJL127C	0.70289
4306	YHR214C-E	0.70282
4307	YHL021C	0.70276
4308	YIL018W	0.70272
4309	YFR031C-A	0.70272
4310	YER088C-A	0.70269
4311	YER113C	0.70268
4312	YGR171C	0.70267
4313	YMR121C	0.70266
4314	YPL155C	0.70262
4315	YDL028C	0.7026
4316	YLR039C	0.70258
4317	YHR180C-B	0.70257
4318	YGR148C	0.70257
4319	YJL007C	0.70256
4320	YCL046W	0.70253
4321	YGL133W	0.70252
4322	YGR068W-A	0.70251
4323	YDR473C	0.70238
4324	YMR242C	0.70234
4325	YOR312C	0.70234
4326	YLR123C	0.70233
4327	YEL033W	0.70228
4328	YDR366C	0.70225
4329	YPL185W	0.70221
4330	YMR211W	0.70217
4331	YHL043W	0.70212
4332	YLR062C	0.70207
4333	YOR229W	0.70196
4334	YJR110W	0.70193
4335	YCL065W	0.70192
4336	YBR099C	0.70191
4337	YFR052C-A	0.70189
4338	YDR501W	0.70189
4339	YKR075W-A	0.70188
4340	YOR072W	0.70185
4341	YBR090C	0.70184
4342	YBR076C-A	0.7018
4343	YDL163W	0.70176
4344	YIR001C	0.70173
4345	YLR311C	0.7017
4346	YNL029C	0.70153
4347	YMR295C	0.70153
4348	YLR296W	0.70153
4349	YMR043W	0.70148
4350	YBR032W	0.70142
4351	YBR040W	0.70141
4352	YKL058W	0.7014
4353	YLR363C	0.7014
4354	YGL192W	0.70132
4355	YDR110W	0.7013
4356	YBR216C	0.70126
4357	YBR089W	0.70117
4358	YJL057C	0.70113
4359	YGR226C	0.70105
4360	YDR179W-A	0.70104
4361	YEL023C	0.70103
4362	YGR097W	0.70091
4363	YLR302C	0.70085
4364	YGL189C	0.70085
4365	YDL221W	0.70085
4366	YDR220C	0.70085
4367	YMR185W	0.70085
4368	YIL115W-A	0.70084
4369	YPL135C-A	0.70064
4370	YPL041C	0.70064
4371	YDL065C	0.70058
4372	YMR175W-A	0.70054
4373	YDR053W	0.70053
4374	YKL016C	0.70051
4375	YNR005C	0.70046
4376	YAL055W	0.70044
4377	YNL269W	0.70043
4378	YDL191W	0.70043
4379	YDL136W	0.70043
4380	YDR052C	0.70039
4381	YHL028W	0.70038
4382	YCR047W-A	0.70038
4383	YDR344C	0.70036
4384	YHR070C-A	0.70033
4385	YER008C	0.70025
4386	YMR247W-A	0.70024
4387	YNL080C	0.70022
4388	YNR066C	0.70021
4389	YKR007W	0.70017
4390	YER131W	0.70017
4391	YBR232C	0.70014
4392	YNL187W	0.7001
4393	YLR396C	0.70009
4394	YDL114W-A	0.70008
4395	YBL086C	0.70005
4396	YDR482C	0.70004
4397	YMR137C	0.69999
4398	YKL155C	0.69997
4399	YIR030W-A	0.69995
4400	YDR251W	0.69988
4401	YPR050C	0.69982
4402	YMR061W	0.69976
4403	YOR319W	0.69976
4404	YPL080C	0.69975
4405	YGR258C	0.69971
4406	YLR260W	0.69962
4407	YOR073W-A	0.6996
4408	YMR192W	0.69957
4409	YGL217C	0.69957
4410	YAR070C	0.69954
4411	YDR389W	0.69953
4412	YGR259C	0.69952
4413	YGR165W	0.69948
4414	YGR051C	0.69947
4415	YFR010W-A	0.69932
4416	YOR093C	0.69931
4417	Q0080	0.69927
4418	YLR150W	0.69922
4419	YIL047C-A	0.69921
4420	YKL195W	0.69914
4421	YNL038W	0.69909
4422	YBR161W	0.69908
4423	YJR038C	0.69905
4424	YNL114C	0.69903
4425	YKL205W	0.69897
4426	YDL025W-A	0.69896
4427	R0010W	0.69895
4428	YOR227W	0.69892
4429	YOL097W-A	0.69891
4430	YOR068C	0.69889
4431	YKL088W	0.69888
4432	YDL196W	0.69885
4433	YKL089W	0.69878
4434	YJR066W	0.69866
4435	YDR376W	0.69864
4436	YBL044W	0.69863
4437	YGR269W	0.69857
4438	YDR371C-A	0.69857
4439	YOR379C	0.69857
4440	YDR102C	0.69856
4441	YNL047C	0.69855
4442	YKL097C	0.69844
4443	YBL079W	0.69843
4444	YDR374W-A	0.69842
4445	YNL126W	0.69835
4446	YJL062W-A	0.69834
4447	YML129C	0.69834
4448	YEL061C	0.69826
4449	YPL241C	0.69823
4450	YMR013C-A	0.69821
4451	YBR065C	0.69819
4452	YPR063C	0.69817
4453	YDR245W	0.6981
4454	YNL278W	0.69801
4455	YER018C	0.69798
4456	YLR336C	0.69791
4457	YOL037C	0.69786
4458	YOR017W	0.69779
4459	YPR026W	0.69778
4460	YLR247C	0.69771
4461	YPL020C	0.69769
4462	YNR068C	0.69766
4463	YOR194C	0.69766
4464	YGR064W	0.69765
4465	YML020W	0.69765
4466	YPL107W	0.69764
4467	YOR211C	0.69762
4468	YFL010W-A	0.69762
4469	YMR008C-A	0.69759
4470	YOR238W	0.69753
4471	YNL208W	0.69751
4472	YGR002C	0.69739
4473	YJR002W	0.69738
4474	YJL069C	0.6973
4475	YER148W-A	0.69727
4476	YOR346W	0.69726
4477	YKR089C	0.69718
4478	YIR020C	0.69716
4479	YJL169W	0.69712
4480	YBR044C	0.69708
4481	YPR031W	0.69705
4482	YEL067C	0.69695
4483	YGL123C-A	0.69685
4484	YNL315C	0.69683
4485	YGR202C	0.69681
4486	YPL163C	0.69676
4487	YLR264C-A	0.69669
4488	YJL015C	0.69663
4489	YGL152C	0.69661
4490	YPL123C	0.69655
4491	YGL150C	0.69651
4492	YCL012C	0.6965
4493	YLL016W	0.6965
4494	YAR035C-A	0.69647
4495	YLR191W	0.69644
4496	YDR314C	0.69642
4497	YGL060W	0.69639
4498	YPL182C	0.69637
4499	YHR139C-A	0.69636
4500	YHR078W	0.6963
4501	YER053C-A	0.6963
4502	YER145C-A	0.69627
4503	YJR082C	0.69625
4504	YPL057C	0.69624
4505	YBR212W	0.69617
4506	YLL020C	0.69616
4507	YMR077C	0.69613
4508	YPL205C	0.69612
4509	YIL012W	0.6961
4510	YDR169C-A	0.69605
4511	YOL026C	0.69596
4512	YIL090W	0.69596
4513	YNL097C	0.69594
4514	YOR199W	0.69591
4515	YDL179W	0.69581
4516	YLL017W	0.69576
4517	YMR044W	0.6957
4518	YBR178W	0.69569
4519	YNR006W	0.69559
4520	YIL029W-A	0.69559
4521	YOL013W-A	0.6955
4522	YPL250W-A	0.69547
4523	YDL009C	0.69545
4524	YIR044C	0.69543
4525	YOR108C-A	0.69533
4526	YJR119C	0.69523
4527	YDR108W	0.69512
4528	YBR085C-A	0.69511
4529	YGL029W	0.6951
4530	YPR030W	0.69506
4531	YGL063C-A	0.69503
4532	YLR374C	0.69502
4533	YPL233W	0.69498
4534	YDR271C	0.69496
4535	YBR129C	0.69494
4536	YJR120W	0.69494
4537	YBR097W	0.6949
4538	YLR162W	0.69487
4539	YJR102C	0.69483
4540	YBL092W	0.6948
4541	YDR072C	0.69472
4542	YNR059W	0.69469
4543	YOR064C	0.69469
4544	YGL160W	0.69462
4545	YLR132C	0.6946
4546	YFR026C	0.69458
4547	YGR045C	0.69451
4548	YDR071C	0.69447
4549	YGL041C-B	0.6944
4550	YDR426C	0.69433
4551	YHR086W-A	0.69429
4552	YLR001C	0.69427
4553	YNR028W	0.69425
4554	YDL172C	0.69423
4555	YDR278C	0.69411
4556	YLR416C	0.69405
4557	YLR392C	0.69404
4558	YDR147W	0.69397
4559	YKL082C	0.69382
4560	YIR020C-B	0.69376
4561	YHR021W-A	0.69362
4562	YJL077C	0.69361
4563	YNL012W	0.69356
4564	YHR053C	0.69355
4565	YHR055C	0.69355
4566	YKL032C	0.69338
4567	YLR142W	0.69337
4568	YOL120C	0.69336
4569	YNL301C	0.69336
4570	YHR213W-A	0.69335
4571	YOR080W	0.69331
4572	YMR029C	0.6933
4573	YLR154C	0.69328
4574	YCR052W	0.69322
4575	YGL146C	0.69322
4576	YER172C-A	0.69309
4577	YBL077W	0.69308
4578	YBL065W	0.69308
4579	YBR123C	0.69304
4580	YDL214C	0.69302
4581	YDR246W	0.69301
4582	YGR290W	0.69298
4583	YPL044C	0.69298
4584	YKL169C	0.69296
4585	YML117W	0.69292
4586	YDR367W	0.69284
4587	YLR125W	0.69283
4588	YOR230W	0.69275
4589	YPR159C-A	0.69269
4590	YNL026W	0.69266
4591	YFR043C	0.69253
4592	YMR307C-A	0.69252
4593	YLR279W	0.69249
4594	YBR279W	0.69249
4595	YJL022W	0.69246
4596	YGR031C-A	0.69244
4597	YIL029C	0.69241
4598	YOR060C	0.69239
4599	YDR279W	0.69234
4600	YMR065W	0.69231
4601	YKL044W	0.69226
4602	YPL152W-A	0.69223
4603	YBR206W	0.69215
4604	YBR276C	0.69214
4605	YER068C-A	0.69213
4606	YKL104W-A	0.69212
4607	YOL127W	0.69211
4608	YHL024W	0.69208
4609	YBL066C	0.69203
4610	YLR156C-A	0.69202
4611	YLR154C-H	0.69202
4612	YLR157C-C	0.69202
4613	YLR159C-A	0.69202
4614	YLR051C	0.69202
4615	YPL126W	0.69201
4616	YMR274C	0.69197
4617	YDL043C	0.69195
4618	YDR520C	0.69194
4619	YGL116W	0.69194
4620	YMR194W	0.69192
4621	YCR091W	0.69189
4622	YBL006W-A	0.69179
4623	YER139C	0.69176
4624	YLR288C	0.69175
4625	YKL075C	0.69174
4626	YAL056W	0.69172
4627	YAL026C-A	0.69168
4628	YBL083C	0.69166
4629	YPR130C	0.69165
4630	YLR459W	0.69164
4631	YDR511W	0.6916
4632	YMR060C	0.69159
4633	YKL149C	0.69156
4634	YJR115W	0.69152
4635	YIL100W	0.69148
4636	YIL057C	0.69144
4637	YIL042C	0.69141
4638	YAR009C	0.69138
4639	YFL015W-A	0.69137
4640	YMR207C	0.69137
4641	YGR052W	0.69134
4642	YDR359C	0.69127
4643	YMR091C	0.69124
4644	YLR322W	0.69123
4645	YMR316W	0.69122
4646	YHL015W-A	0.69121
4647	YPR089W	0.69119
4648	YGR139W	0.69118
4649	YMR283C	0.69115
4650	YGR174C	0.69106
4651	YBR150C	0.691
4652	YJR062C	0.691
4653	YNL300W	0.69098
4654	YLR054C	0.69093
4655	YKL110C	0.69079
4656	YAL034C-B	0.69069
4657	YOL166C	0.69063
4658	YDL183C	0.69062
4659	YDL074C	0.69053
4660	YOR123C	0.69053
4661	YGR270W	0.6905
4662	YPR067W	0.6905
4663	YPR160C-A	0.69044
4664	YPL149W	0.6904
4665	YLR415C	0.69033
4666	YOR146W	0.69025
4667	YGL227W	0.69023
4668	YLL046C	0.69023
4669	YER023C-A	0.69022
4670	YGL142C	0.6902
4671	YGR108W	0.69019
4672	YBR290W	0.69013
4673	YOL028C	0.69013
4674	YOR188W	0.69011
4675	YGR057C	0.69011
4676	YOR081C	0.69011
4677	YPL141C	0.6901
4678	YHR087W	0.69008
4679	YPR079W	0.69008
4680	YBR191W-A	0.69008
4681	YMR001C-A	0.69007
4682	YPL040C	0.68999
4683	YBR103C-A	0.68995
4684	YNL039W	0.68989
4685	YBR269C	0.68984
4686	YNL262W	0.68976
4687	YNL097C-B	0.68968
4688	YGL226W	0.68966
4689	YEL050W-A	0.68966
4690	YKL183C-A	0.68965
4691	YNL227C	0.68962
4692	YOR042W	0.68961
4693	YIL174W	0.6896
4694	YJL222W-A	0.6896
4695	YDR423C	0.68955
4696	YAL043C	0.68951
4697	YGL177W	0.6895
4698	YNL277W-A	0.68945
4699	YPL038W-A	0.68943
4700	YOR225W	0.68931
4701	YLL007C	0.68926
4702	YIL105W-A	0.68912
4703	YLR177W	0.68898
4704	YFL013C	0.68898
4705	YDR315C	0.68889
4706	YKL177W	0.6888
4707	YPR150W	0.68877
4708	YJL132W	0.68877
4709	YER152W-A	0.68872
4710	YCL031C	0.68864
4711	YML034C-A	0.68863
4712	YMR171C	0.68834
4713	YJL184W	0.68814
4714	YLR202C	0.68814
4715	YLL019W-A	0.68812
4716	YDR470C	0.68805
4717	YPR133W-A	0.68804
4718	YLR087C	0.68801
4719	YDR157W	0.68795
4720	YLR342W-A	0.68794
4721	YDR118W-A	0.68794
4722	YGR184C	0.68789
4723	YIL156W	0.68789
4724	YNL253W	0.68787
4725	YCR045W-A	0.68786
4726	YOR098C	0.68782
4727	YGL149W	0.68781
4728	YBR012C	0.68778
4729	YOR072W-A	0.68773
4730	YJL188C	0.68769
4731	YLR171W	0.68765
4732	YGR219W	0.68765
4733	YBL010C	0.68763
4734	YPL144W	0.68762
4735	YDL032W	0.6875
4736	YOR143C	0.68745
4737	YCR024C	0.68741
4738	YHL037C	0.68741
4739	YLR101C	0.68739
4740	YDR535C	0.68732
4741	YNL002C	0.68728
4742	YOR249C	0.68728
4743	YMR158W-B	0.68728
4744	YOR293C-A	0.68726
4745	YOR282W	0.68725
4746	YER078W-A	0.68722
4747	YOR316C-A	0.68721
4748	YJL140W	0.68708
4749	YNL151C	0.68705
4750	YML007C-A	0.68703
4751	YJR023C	0.68703
4752	YJL135W	0.68701
4753	YJL156W-A	0.68694
4754	YLR406C-A	0.6868
4755	YPR177C	0.6868
4756	YDL071C	0.68678
4757	YIL156W-A	0.68676
4758	YKR044W	0.68675
4759	YJL202C	0.68674
4760	YLL030C	0.68666
4761	YDL045C	0.68662
4762	YPR099C	0.68656
4763	YGR265W	0.68652
4764	YNL150W	0.68647
4765	YDL113C	0.68639
4766	YNL139C	0.68635
4767	YKL011C	0.68621
4768	YPL249C-A	0.6862
4769	YJL112W	0.68617
4770	YLR444C	0.68613
4771	YOL101C	0.68609
4772	YDR360W	0.68605
4773	YER046W-A	0.68603
4774	YOR247W	0.68594
4775	YLR347W-A	0.68591
4776	YLR331C	0.68582
4777	YFR009W-A	0.68581
4778	YLL035W	0.68561
4779	YDL013W	0.68556
4780	YOR320C	0.68554
4781	YJL204C	0.68541
4782	YDR141C	0.68541
4783	YDR412W	0.68539
4784	YNR075C-A	0.68539
4785	YPL115C	0.68537
4786	YOL160W	0.68537
4787	YHR101C	0.68535
4788	YDR354C-A	0.68529
4789	YDR416W	0.68525
4790	YGR293C	0.68521
4791	YPL183W-A	0.68511
4792	YIL132C	0.68507
4793	YMR190C	0.68502
4794	YLL032C	0.685
4795	YMR068W	0.68499
4796	YDR222W	0.68485
4797	YKL079W	0.68485
4798	YFR034C	0.68483
4799	YDL002C	0.68482
4800	YOR115C	0.68478
4801	YNL201C	0.68468
4802	YPL047W	0.68463
4803	YOR263C	0.68451
4804	YIR011C	0.68447
4805	YHR109W	0.68446
4806	YGL131C	0.68431
4807	YLR439W	0.68427
4808	YOR041C	0.68421
4809	YMR293C	0.6842
4810	YPR115W	0.68419
4811	YER189W	0.68417
4812	YGL134W	0.68416
4813	YCR095C	0.68411
4814	YJR091C	0.6841
4815	YLR010C	0.68408
4816	Q0017	0.68407
4817	YOR309C	0.68402
4818	YPR022C	0.68394
4819	YER077C	0.68393
4820	YNR031C	0.68391
4821	YNL296W	0.68379
4822	YHR015W	0.68378
4823	YGR227W	0.68374
4824	YKL083W	0.68373
4825	YMR194C-A	0.68363
4826	YGL188C	0.68355
4827	YAL025C	0.68353
4828	YMR053C	0.6835
4829	YBR122C	0.68348
4830	YOR364W	0.68347
4831	YDR231C	0.68346
4832	YAL017W	0.68333
4833	YDR079C-A	0.68332
4834	YMR237W	0.68319
4835	YNL120C	0.68317
4836	YGR017W	0.68311
4837	YNL304W	0.68298
4838	YHR063W-A	0.68295
4839	YLR402W	0.68283
4840	YPR187W	0.68276
4841	YDR437W	0.68273
4842	YBR196C-B	0.68272
4843	YNL179C	0.68266
4844	YDR524W-C	0.68264
4845	YGL247W	0.68263
4846	YGR104C	0.68257
4847	YJL075C	0.68257
4848	YGR156W	0.68255
4849	YDR363W	0.68251
4850	YLR162W-A	0.68241
4851	YLR236C	0.68232
4852	YKL054C	0.68231
4853	YCL066W	0.6823
4854	YCR040W	0.6823
4855	YKL068W	0.68227
4856	YIL060W	0.68227
4857	YEL062W	0.68223
4858	YDR489W	0.68222
4859	YMR122W-A	0.68221
4860	YJL215C	0.68217
4861	YKR004C	0.68217
4862	YEL075C	0.68215
4863	YMR240C	0.68213
4864	YFR001W	0.68211
4865	YER067C-A	0.68208
4866	YJL028W	0.68207
4867	YMR122C	0.68204
4868	YDR015C	0.68199
4869	YER019C-A	0.68191
4870	YAL065C	0.68191
4871	YOL019W	0.68188
4872	YMR182C	0.68186
4873	YGL204C	0.68185
4874	YOL063C	0.68178
4875	YHR214C-B	0.68177
4876	YMR023C	0.68177
4877	YNL170W	0.68176
4878	YKL136W	0.68172
4879	YDR463W	0.68161
4880	YGL136C	0.68161
4881	YNR001W-A	0.68156
4882	YKR006C	0.68154
4883	YDR365W-B	0.68152
4884	YOR338W	0.68147
4885	YDR246W-A	0.68147
4886	YLR285C-A	0.68147
4887	YNL143C	0.68147
4888	YJL020C	0.68141
4889	YCR001W	0.6814
4890	YPL136W	0.68132
4891	YGL102C	0.68128
4892	YOR043W	0.68122
4893	YDR327W	0.6812
4894	YLR120W-A	0.68112
4895	YOR210W	0.68109
4896	YIL077C	0.68105
4897	YLR068W	0.68101
4898	YDR081C	0.681
4899	YLR148W	0.68078
4900	YOL164W-A	0.68077
4901	YKL123W	0.68076
4902	YKL121W	0.68073
4903	YAR030C	0.68064
4904	YPL108W	0.68057
4905	YIL020C-A	0.68055
4906	YHL006W-A	0.68052
4907	YER114C	0.68042
4908	YOL035C	0.68041
4909	YDL114W	0.68041
4910	Q0075	0.6804
4911	YDR484W	0.68039
4912	YLR204W	0.68033
4913	YCR049C	0.6803
4914	YNL122C	0.68011
4915	YHL044W	0.6801
4916	YOL079W	0.68005
4917	YHR023W	0.68004
4918	YER135C	0.68004
4919	YDR521W	0.67998
4920	YGR198W	0.67995
4921	YIL084C	0.67991
4922	YMR141C	0.6799
4923	YNL257C	0.67987
4924	YDR073W	0.67985
4925	YDL053C	0.67974
4926	YDR136C	0.67973
4927	YBL107W-A	0.67966
4928	YLR370C	0.67964
4929	YNL019C	0.6796
4930	YOR260W	0.6796
4931	YPR071W	0.67958
4932	YDL067C	0.67955
4933	YLR428C	0.67949
4934	YNR003W-A	0.67942
4935	YHR217C	0.67938
4936	YAL059C-A	0.6793
4937	YLR256W-B/YLR256W-C	0.6792
4938	YDR068W	0.67916
4939	YGL052W	0.67914
4940	YOR314W	0.67909
4941	YEL075W-A	0.67905
4942	YIR020W-A	0.67903
4943	YHR001W-A	0.67903
4944	YDR433W	0.67897
4945	YER138C	0.67897
4946	YML016C	0.67891
4947	YDL213W-A	0.67888
4948	YOL103W-B	0.67887
4949	YIL089W	0.67885
4950	YER093C	0.67882
4951	YGR280C	0.67879
4952	YBL071C-B	0.67871
4953	YML045W	0.67862
4954	YKL183W	0.67852
4955	YER096W	0.6785
4956	YHR154W	0.67846
4957	YLL013C	0.6784
4958	YJR060W	0.67839
4959	YNL033W	0.67836
4960	YPL257W-B	0.67836
4961	YPL056C	0.67835
4962	YMR070W	0.67832
4963	YCR038C	0.67829
4964	YDL247W-A	0.67827
4965	YKR098C	0.67823
4966	YLR463C	0.67821
4967	YDR215C	0.67821
4968	YHR214C-C	0.67814
4969	YIL040W	0.67811
4970	YLR235C	0.67808
4971	YGR038C-B	0.67802
4972	YML002W	0.678
4973	YDR255C	0.67796
4974	YJL092W	0.67793
4975	YOR371C	0.6779
4976	YDR401W	0.6779
4977	YDR485C	0.67785
4978	YJR027W	0.6778
4979	YOR337W	0.67779
4980	YDR098C-B	0.67779
4981	YPL005W	0.67777
4982	YLL040C	0.67774
4983	YDR340W	0.67766
4984	YHR155W	0.67761
4985	YLR127C	0.67761
4986	YLR157C-B	0.67757
4987	YLR329W	0.67753
4988	YGL239C	0.67751
4989	YBR133C	0.67751
4990	YPL105C	0.6775
4991	YGL025C	0.67748
4992	YJL084C	0.67736
4993	YGR228W	0.67729
4994	YIL056W	0.67721
4995	YGL038C	0.67718
4996	YLR006C	0.67718
4997	YDR526C	0.67714
4998	YDR199W	0.67694
4999	YER041W	0.67687
5000	YIL024C	0.67687
5001	YML039W	0.67665
5002	YDR010C	0.6766
5003	YDR273W	0.67659
5004	YER071C	0.67659
5005	YKR008W	0.67659
5006	YGR114C	0.67659
5007	YCL056C	0.67658
5008	YPR137C-B	0.67658
5009	YNL011C	0.67658
5010	YGR161C-D	0.67657
5011	YDL127W	0.67657
5012	YDL077C	0.6764
5013	YCR087W	0.67636
5014	YPR158C-D	0.67634
5015	YNL174W	0.67625
5016	YML099C	0.67621
5017	YDR197W	0.6762
5018	YPL026C	0.67613
5019	YAL037C-A	0.67613
5020	YPL037C	0.6761
5021	YJR029W	0.67602
5022	YKR033C	0.67602
5023	YBR195C	0.67602
5024	YMR050C	0.67601
5025	YGR106C	0.67592
5026	YBL060W	0.67583
5027	YHR127W	0.67572
5028	YDR318W	0.67566
5029	YDR316W-B	0.67563
5030	YCL021W	0.6756
5031	YNL228W	0.67557
5032	YPR202W	0.67552
5033	YNR042W	0.6755
5034	YOR142W-B	0.67545
5035	YBR272C	0.67543
5036	YLR227W-B	0.67534
5037	YJL182C	0.67528
5038	YPR040W	0.67527
5039	YLR365W	0.67524
5040	YPL073C	0.67523
5041	YPR109W	0.67523
5042	YDR210C-D	0.67521
5043	YMR135W-A	0.67519
5044	YHR049C-A	0.67518
5045	YBR266C	0.67516
5046	YKL143W	0.67515
5047	YBR012W-B	0.67512
5048	YHR073W-A	0.6751
5049	YML116W-A	0.67502
5050	YGR072W	0.67502
5051	YHR069C-A	0.67494
5052	YGR027W-B	0.67494
5053	YML047W-A	0.6749
5054	YKL014C	0.67489
5055	YDR241W	0.67488
5056	YLR350W	0.67487
5057	YLR095C	0.67482
5058	YBR016W	0.67465
5059	YHR007C-A	0.67461
5060	YLR261C	0.67459
5061	YIL014C-A	0.6745
5062	YLR280C	0.67444
5063	YIR030C	0.6744
5064	YLR356W	0.6744
5065	YMR172C-A	0.67425
5066	YDR003W-A	0.67414
5067	YMR007W	0.67414
5068	YAL059W	0.67406
5069	YPR042C	0.67402
5070	YDL117W	0.67388
5071	YOL004W	0.67386
5072	YMR019W	0.67385
5073	YHR071W	0.67384
5074	YER160C	0.67384
5075	YDR524C-A	0.67382
5076	YOL053W	0.6738
5077	YLL019C	0.67376
5078	YOR228C	0.67375
5079	YNR035C	0.67365
5080	YOR037W	0.67365
5081	YCL054W-A	0.67365
5082	YKR036C	0.67356
5083	YGL124C	0.67355
5084	YPR146C	0.67354
5085	YJL037W	0.67352
5086	YJL211C	0.67345
5087	YER047C	0.67343
5088	YPR158W-B	0.67343
5089	YIL134C-A	0.6733
5090	YER064C	0.67326
5091	YKR041W	0.67317
5092	YEL074W	0.67317
5093	YLR035C-A	0.67315
5094	YGR274C	0.67308
5095	YER090C-A	0.67306
5096	YMR320W	0.67304
5097	YMR298W	0.67296
5098	YDR119W	0.67292
5099	YDR333C	0.67291
5100	YCR025C	0.67288
5101	YPL242C	0.67287
5102	YBR296C-A	0.67279
5103	YNL166C	0.6727
5104	YNL127W	0.6727
5105	YBR113W	0.67261
5106	YER115C	0.67261
5107	YCR016W	0.67257
5108	YNL042W-B	0.67257
5109	YIR017W-A	0.67251
5110	YJL157C	0.67241
5111	YAL064W	0.67238
5112	YNL054W-B	0.67232
5113	YMR048W	0.6723
5114	YDR228C	0.67229
5115	YLR154C-G	0.67228
5116	YNR022C	0.67226
5117	YOR012W	0.67217
5118	YOR063W	0.6721
5119	YLR187W	0.67208
5120	YLR400W	0.67205
5121	YJL201W	0.67202
5122	YCL029C	0.67199
5123	YGR025W	0.67192
5124	YGL013C	0.6719
5125	YDR125C	0.67176
5126	YOL038C-A	0.67174
5127	YDR261C-D	0.67173
5128	YBL014C	0.67171
5129	YLR412C-A	0.67168
5130	YBR098W	0.67162
5131	YLR111W	0.67162
5132	YJR114W	0.67162
5133	YPL278C	0.67149
5134	YGR206W	0.67148
5135	YMR140W	0.67145
5136	YDR149C	0.67141
5137	YNL297C	0.67121
5138	YDR320C	0.67119
5139	YOR127W	0.67116
5140	YLR388W	0.67116
5141	YDR163W	0.67113
5142	YIL049W	0.67111
5143	YPL271W	0.67103
5144	YNL224C	0.67097
5145	YBL005W-B	0.67095
5146	YJR041C	0.6709
5147	YLR149C	0.6709
5148	YOR366W	0.67089
5149	YDL149W	0.67085
5150	YDR507C	0.67083
5151	YOR300W	0.67083
5152	YAL069W	0.67072
5153	YNL338W	0.67064
5154	YJR043C	0.67059
5155	YMR045C	0.67055
5156	YPR039W	0.67053
5157	YER138W-A	0.67052
5158	YNL284C-B	0.67049
5159	YMR030W-A	0.67041
5160	YLR364C-A	0.67035
5161	YER137W-A	0.67034
5162	YER034W	0.67031
5163	YBR289W	0.67028
5164	YEL007W	0.67027
5165	YFL007W	0.6702
5166	YKR030W	0.67015
5167	YPL161C	0.67009
5168	YBR298C-A	0.67003
5169	YGL041C	0.67002
5170	YPL090C	0.66985
5171	YBR181C	0.66985
5172	YMR159C	0.66976
5173	YLR163W-A	0.66956
5174	YLR228C	0.66951
5175	YML029W	0.66942
5176	YKL122C	0.66941
5177	YDR445C	0.66938
5178	YBR259W	0.66937
5179	YPR126C	0.66933
5180	YCR102W-A	0.66931
5181	YHR035W	0.66923
5182	YFL012W-A	0.6692
5183	YIL025C	0.66918
5184	YOR336W	0.66911
5185	YNL138W-A	0.6691
5186	YBR163W	0.66904
5187	YDR200C	0.66902
5188	YKL100W-A	0.66894
5189	YGR011W	0.66893
5190	YDR095C	0.66892
5191	YNL215W	0.66892
5192	YLR346C	0.66892
5193	YJL044C	0.66882
5194	R0040C	0.66876
5195	YBR056W-A	0.66874
5196	YBL094C	0.66869
5197	YOR015W	0.66861
5198	YGL159W	0.66859
5199	YJL199C	0.66857
5200	YKL025C	0.66847
5201	YLR154W-B	0.66847
5202	YKL099C	0.66833
5203	YPL150W	0.66832
5204	YGL007C-A	0.6683
5205	YEL008C-A	0.66823
5206	YGR225W	0.66803
5207	YHR212W-A	0.66803
5208	YAR061W	0.66803
5209	YAL008W	0.66803
5210	YER161C	0.66789
5211	YDL107W	0.66788
5212	YNL109W	0.66786
5213	YBR292C	0.66785
5214	YJL086C	0.66781
5215	YMR103C	0.66772
5216	YER091C-A	0.66771
5217	YER184C	0.66769
5218	YGR122C-A	0.66759
5219	YDL216C	0.66755
5220	YPL254W	0.66754
5221	YMR133W	0.66751
5222	YLR067C	0.66749
5223	YGR147C	0.66748
5224	YOL159C	0.66741
5225	YOR242C	0.66734
5226	YKL049C	0.66733
5227	YBL008W-A	0.66732
5228	YOL136C	0.66729
5229	YCL058W-A	0.66721
5230	YOL107W	0.66721
5231	YEL017W	0.6672
5232	YML107C	0.66716
5233	YOL078W	0.66707
5234	YHR102W	0.66707
5235	YML076C	0.66705
5236	YLL002W	0.6669
5237	YPL197C	0.6669
5238	YGR233C	0.66689
5239	YCR015C	0.66683
5240	YDR495C	0.66672
5241	YDR008C	0.66662
5242	YJL070C	0.6666
5243	YFR049W	0.66658
5244	YNL226W	0.66634
5245	YGR018C	0.66634
5246	YDR296W	0.66613
5247	YDR194W-A	0.66611
5248	YGL132W	0.66607
5249	YDR229W	0.66603
5250	YLR440C	0.66598
5251	YER067W	0.66597
5252	YLL049W	0.6659
5253	YJR059W	0.66588
5254	YBL084C	0.66586
5255	YAL019W-A	0.66585
5256	YLR462W	0.66571
5257	YDR486C	0.66558
5258	YDL219W	0.66555
5259	YBR217W	0.66543
5260	YFR029W	0.66533
5261	YDR295C	0.66533
5262	Q0110	0.66526
5263	YGR053C	0.66521
5264	YGR035W-A	0.66517
5265	YLR422W	0.66517
5266	YGL168W	0.66505
5267	YJL127C-B	0.66501
5268	YEL072W	0.66493
5269	YPL139C	0.66482
5270	YML058W-A	0.66478
5271	YKR027W	0.6647
5272	YNR039C	0.66457
5273	YKL133C	0.66457
5274	YLR238W	0.66454
5275	YNL145W	0.66445
5276	YCL068C	0.66441
5277	YMR184W	0.66437
5278	YLR112W	0.66437
5279	YKL208W	0.66436
5280	YDR544C	0.66425
5281	YAL011W	0.66415
5282	YKR090W	0.66413
5283	YBR131C-A	0.66408
5284	YER169W	0.66399
5285	YGR049W	0.66391
5286	YOL085C	0.66387
5287	YNL041C	0.66381
5288	YNL265C	0.66379
5289	YJL038C	0.66377
5290	YDR159W	0.66376
5291	YPR136C	0.66373
5292	YER084W	0.66364
5293	YLR169W	0.66359
5294	YKL141W	0.6635
5295	YKL038W	0.66349
5296	YBR196C-A	0.66342
5297	YKR035C	0.66337
5298	YPL076W	0.66332
5299	YJR080C	0.66329
5300	YER118C	0.66324
5301	YIL044C	0.66322
5302	YNL205C	0.66319
5303	YAL037W	0.66318
5304	YDL106C	0.66312
5305	YDR414C	0.66307
5306	YIL046W-A	0.66302
5307	YBR126W-B	0.66292
5308	YNL285W	0.66286
5309	YLR278C	0.66284
5310	YPR199C	0.66283
5311	YDR057W	0.66277
5312	YLR232W	0.66274
5313	YOR008W-B	0.66267
5314	YOR289W	0.66264
5315	YOR329C	0.6626
5316	YPR169W-A	0.66255
5317	YGL188C-A	0.66255
5318	YLR176C	0.66251
5319	YLR154W-C	0.66248
5320	YLR106C	0.66241
5321	YCR003W	0.66237
5322	YBR277C	0.66233
5323	YMR118C	0.66227
5324	YPR020W	0.66217
5325	YBR262C	0.66208
5326	YCR095W-A	0.66206
5327	YHR105W	0.662
5328	YJL177W	0.66192
5329	YHL020C	0.66191
5330	YHR132W-A	0.6619
5331	YMR111C	0.66185
5332	YOR392W	0.66184
5333	YHR058C	0.66178
5334	YLL066W-B	0.66175
5335	YMR021C	0.66174
5336	YDR048C	0.66174
5337	YOR394C-A	0.66166
5338	YBR240C	0.66156
5339	YPL178W	0.66137
5340	YER092W	0.66133
5341	YGR237C	0.66111
5342	YIL032C	0.66107
5343	Q0115	0.66099
5344	YLR262C-A	0.66094
5345	YBL085W	0.66091
5346	YMR014W	0.66089
5347	YMR294W-A	0.66086
5348	YFR011C	0.66064
5349	YDL012C	0.66064
5350	YJL016W	0.66063
5351	YNL086W	0.66059
5352	YCL039W	0.66054
5353	YLL044W	0.66053
5354	YAL041W	0.66046
5355	YBR300C	0.66038
5356	YDL094C	0.66035
5357	YOR072W-B	0.66029
5358	YIL177W-A	0.66028
5359	YJL225W-A	0.66028
5360	YJR134C	0.66027
5361	YDL070W	0.66021
5362	YKR029C	0.66014
5363	YKR083C	0.65995
5364	YNL337W	0.65995
5365	YGL193C	0.6599
5366	YGL108C	0.65989
5367	YDR431W	0.65984
5368	YKL165C-A	0.65973
5369	YGR164W	0.65958
5370	YDR034W-B	0.65951
5371	YJL077W-B	0.65939
5372	YIL002W-A	0.65937
5373	YBL028C	0.65934
5374	YEL010W	0.65931
5375	YNL097W-A	0.65926
5376	YHR072W-A	0.65915
5377	YDR089W	0.65915
5378	YBL025W	0.6591
5379	YOR032W-A	0.65903
5380	YML023C	0.65901
5381	YDR183C-A	0.65891
5382	YBL012C	0.65889
5383	YDR299W	0.65888
5384	YBR058C-A	0.65886
5385	YKL118W	0.65881
5386	YDL061C	0.65878
5387	YGR013W	0.65859
5388	YDR525W	0.65857
5389	YOL085W-A	0.65857
5390	YKL072W	0.65855
5391	YBR128C	0.65855
5392	YJL107C	0.65854
5393	YDL062W	0.65852
5394	YML036W	0.65851
5395	YBL090W	0.65851
5396	YDR281C	0.65849
5397	YCR063W	0.65844
5398	YKL180W	0.65843
5399	YMR258C	0.65839
5400	YGL041W-A	0.65835
5401	YDR153C	0.65832
5402	YCL028W	0.65823
5403	YBR120C	0.6582
5404	YBL073W	0.65817
5405	YDR455C	0.65812
5406	YPL035C	0.65811
5407	YGR076C	0.65803
5408	YDR138W	0.65802
5409	YLR366W	0.65797
5410	YJL187C	0.6577
5411	YBR172C	0.65766
5412	YKL074C	0.65763
5413	YJR147W	0.65757
5414	YER079C-A	0.65757
5415	YDR509W	0.65742
5416	YCR032W	0.65732
5417	YMR304C-A	0.65731
5418	YLR136C	0.65726
5419	YKR099W	0.65723
5420	YCL019W	0.65721
5421	YOL003C	0.65719
5422	YNL234W	0.65705
5423	YLR361C-A	0.65703
5424	YOR221C	0.65697
5425	YBR219C	0.65693
5426	YMR075C-A	0.65691
5427	YER076W-A	0.65685
5428	YEL025C	0.65685
5429	YLR165C	0.6568
5430	YPL257W	0.65676
5431	YOR105W	0.65666
5432	YLR423C	0.65655
5433	YKR016W	0.65652
5434	YLR403W	0.65647
5435	YAR002W	0.65647
5436	YBR081C	0.6564
5437	YJL049W	0.65633
5438	YER133W-A	0.65632
5439	YMR117C	0.65624
5440	YLR381W	0.65621
5441	YLL066W-A	0.65616
5442	YFL068W	0.65616
5443	YLL067W-A	0.65616
5444	YEL028W	0.65612
5445	YAR047C	0.65609
5446	YMR082C	0.65605
5447	YOR011W-A	0.65605
5448	YFR012W-A	0.65595
5449	YJL047C-A	0.65593
5450	YKR046C	0.6559
5451	YMR176W	0.6559
5452	YBL071C	0.65586
5453	YIL093C	0.65577
5454	YAR020C	0.65548
5455	YER112W	0.65537
5456	YKL053W	0.65534
5457	YLR407W	0.65534
5458	YLR173W	0.65533
5459	YDR303C	0.65532
5460	YMR032W	0.6553
5461	YMR294W	0.65529
5462	YDR254W	0.65525
5463	YJL205C	0.65522
5464	YGR161W-B	0.65509
5465	YFL002W-A	0.65509
5466	YOL069W	0.65508
5467	YOL017W	0.65495
5468	YOR373W	0.65489
5469	YDR413C	0.65486
5470	YDL044C	0.65484
5471	YPR075C	0.65482
5472	YCR066W	0.65481
5473	YLR467C-A	0.6548
5474	YLR466C-A	0.6548
5475	YOR396C-A	0.6548
5476	YCL024W	0.65475
5477	YDR034C-A	0.65473
5478	YNL339W-B	0.65471
5479	YHR219C-A	0.65471
5480	YML133W-B	0.65471
5481	YLR466C-B	0.6547
5482	YLR442C	0.65467
5483	YGL174W	0.65464
5484	YLR321C	0.6546
5485	YMR198W	0.6546
5486	YGR030C	0.65457
5487	YLR157W-D	0.65456
5488	YER137C	0.65453
5489	YDR261W-B	0.65449
5490	YPR027C	0.65444
5491	YLR385C	0.65438
5492	YNR037C	0.65435
5493	YOR231C-A	0.65435
5494	YGL113W	0.65434
5495	YNL050C	0.65433
5496	YBL072C	0.65432
5497	YER102W	0.65432
5498	YHR050W-A	0.6543
5499	YPL102C	0.65419
5500	YHL009C	0.65419
5501	YDL098C	0.65416
5502	YDR119W-A	0.65413
5503	YGL090W	0.65408
5504	YGR291C	0.65405
5505	YOR192C-B	0.65404
5506	YML093W	0.65397
5507	YHL038C	0.65397
5508	YGR008C	0.65395
5509	YML108W	0.65389
5510	YPR096C	0.65381
5511	YOR085W	0.65354
5512	YER173W	0.65351
5513	YJL013C	0.6535
5514	YGR038C-D/YGR038C-C	0.65345
5515	YDR118W	0.65337
5516	YNL136W	0.65333
5517	YLR154W-A	0.65332
5518	YHL050W-A	0.65325
5519	YAR060C	0.65321
5520	YHR212C	0.65321
5521	YLR024C	0.65321
5522	YDR357C	0.65311
5523	YOR161C-C	0.65309
5524	YJR087W	0.65307
5525	YKR101W	0.65302
5526	YDR034C-D	0.65301
5527	YER190C-B	0.65297
5528	YPL283W-B	0.65297
5529	YEL077W-A	0.65297
5530	YPR204C-A	0.65297
5531	YGR296C-B	0.65297
5532	YER006C-A	0.6529
5533	YDL005C	0.65266
5534	YCL007C	0.65263
5535	YLR395C	0.65256
5536	YMR073C	0.65253
5537	YGR130C	0.65241
5538	YDL158C	0.6524
5539	YEL068C	0.65238
5540	YBL051C	0.65219
5541	YBR004C	0.65213
5542	YDR545C-A	0.6521
5543	YKR020W	0.65208
5544	YHL046W-A	0.65204
5545	YHR056W-A	0.65201
5546	YDR131C	0.65196
5547	YLR434C	0.65194
5548	YCR022C	0.65173
5549	YHL041W	0.65172
5550	YMR141W-A	0.65164
5551	YAL066W	0.65162
5552	YMR153C-A	0.65155
5553	YML047C	0.6513
5554	YOR376W	0.65125
5555	YAL031W-A	0.65125
5556	YOL032W	0.65124
5557	YGR084C	0.65116
5558	YAL068W-A	0.65106
5559	YLR151C	0.651
5560	YNL319W	0.65098
5561	YLR453C	0.65089
5562	YLR410W-B	0.65089
5563	YDR210W-B	0.65088
5564	YOR152C	0.65087
5565	YJL099W	0.65084
5566	YHR032W-A	0.65071
5567	YNL204C	0.65066
5568	YNR047W	0.65059
5569	YBR077C	0.65052
5570	YER087C-A	0.65051
5571	YBL100W-B	0.65045
5572	YFL032W	0.65039
5573	YDR285W	0.65037
5574	YOR193W	0.65034
5575	YPL192C	0.65027
5576	YMR098C	0.65021
5577	YIL149C	0.65015
5578	YIL066W-A	0.65012
5579	YOR287C	0.65012
5580	YHR004C	0.65012
5581	YGR137W	0.65007
5582	YIR021W-A	0.64998
5583	YDL185C-A	0.64981
5584	YER046W	0.64977
5585	YDR377W	0.6497
5586	YJR138W	0.64968
5587	YDR329C	0.64965
5588	YGL215W	0.64959
5589	YJL019W	0.64956
5590	YHL009W-A	0.64944
5591	YOL104C	0.64943
5592	YKR031C	0.64939
5593	YFR039C	0.64934
5594	YIL030W-A	0.64931
5595	YGL007W	0.64902
5596	YPL272C	0.649
5597	YLR211C	0.64884
5598	YNL230C	0.64884
5599	YLR332W	0.64884
5600	YLR217W	0.64876
5601	YOR058C	0.64874
5602	YNL165W	0.64864
5603	YNL024C-A	0.64863
5604	YLR256W	0.64856
5605	YIL139C	0.64853
5606	YER066C-A	0.64853
5607	YER085C	0.6483
5608	YDR124W	0.64828
5609	YLR310C	0.64828
5610	YDL204W	0.64827
5611	YLR033W	0.64811
5612	YPR122W	0.64788
5613	YPR012W	0.64779
5614	YLR358C	0.64776
5615	YDR458C	0.64775
5616	YOR343W-B	0.64769
5617	YER186C	0.64764
5618	YDR462W	0.64761
5619	YLR012C	0.64759
5620	YHR097C	0.64755
5621	YML012C-A	0.64754
5622	YOL100W	0.64744
5623	YLR437C-A	0.64743
5624	YJR140W-A	0.64736
5625	YDR396W	0.64735
5626	YOR308C	0.64732
5627	YLR098C	0.64725
5628	YNR063W	0.64725
5629	YFR042W	0.64724
5630	YIR024C	0.64707
5631	YGR077C	0.64705
5632	YOL089C	0.64705
5633	YGL226C-A	0.6469
5634	YHL027W	0.64678
5635	YBL113W-A	0.64677
5636	YMR315W-A	0.64675
5637	YPL016W	0.64664
5638	YPR106W	0.64657
5639	YHR143W	0.64652
5640	YJL032W	0.64649
5641	YDR143C	0.64649
5642	YOR354C	0.64648
5643	YOR083W	0.64646
5644	YCL001W-A	0.64641
5645	YBR239C	0.6464
5646	YJR127C	0.64636
5647	YDR381C-A	0.64624
5648	YNL213C	0.64604
5649	YIR014W	0.646
5650	YNL235C	0.64598
5651	YIL112W	0.64585
5652	YMR052C-A	0.64585
5653	YHR006W	0.64573
5654	YCR099C	0.64572
5655	YJL114W	0.64571
5656	YLR036C	0.6457
5657	YER188C-A	0.6457
5658	YJL023C	0.64567
5659	YGR215W	0.64564
5660	YGL121C	0.6456
5661	YHR153C	0.64556
5662	YDR499W	0.64554
5663	YPL034W	0.64551
5664	YOR343C	0.64545
5665	YMR134W	0.64541
5666	YGL059W	0.64535
5667	YNL068C	0.64534
5668	YML009C	0.64526
5669	YJR135C	0.64515
5670	YGL014C-A	0.64503
5671	YDL181W	0.64487
5672	YLR057W	0.64486
5673	YBR209W	0.6448
5674	YPR068C	0.64476
5675	YIL141W	0.64471
5676	YOR144C	0.64468
5677	YDR176W	0.64459
5678	YPR049C	0.64448
5679	YBR257W	0.64443
5680	YDR203W	0.6444
5681	YPR061C	0.64439
5682	YNL171C	0.64422
5683	YKL130C	0.64414
5684	YPR117W	0.64411
5685	YOR248W	0.64404
5686	YJL048C	0.64404
5687	YGL093W	0.64401
5688	YPL261C	0.64398
5689	YDL048C	0.6439
5690	YLR265C	0.64363
5691	YKL018C-A	0.6436
5692	YMR100W	0.6435
5693	YGR160W	0.64349
5694	YML099W-A	0.64337
5695	YDR261C-C	0.64327
5696	YOL083W	0.64324
5697	YGR016W	0.6432
5698	YBL005W	0.64317
5699	YLR073C	0.64306
5700	YML114C	0.64298
5701	YNL008C	0.64296
5702	YDR076W	0.64294
5703	YPR158C-C	0.64293
5704	YDR383C	0.64286
5705	YDR466W	0.64279
5706	YBR051W	0.64278
5707	YLR154W-E	0.64269
5708	YJR093C	0.64261
5709	YBR135W	0.64257
5710	YOL103W-A	0.64257
5711	YGR174W-A	0.64252
5712	YBR233W-A	0.6425
5713	YDL240C-A	0.6424
5714	YKR005C	0.64227
5715	YKR095W	0.64224
5716	YNL140C	0.64224
5717	YBL029W	0.64214
5718	YPL120W	0.64193
5719	YBR171W	0.64188
5720	YCL014W	0.64187
5721	YDL173W	0.64184
5722	YJL073W	0.6417
5723	YMR031C	0.64163
5724	YDR322W	0.64159
5725	YDR475C	0.64148
5726	YHL009W-B	0.64143
5727	YLL021W	0.64141
5728	YPL257W-A	0.64137
5729	YDR365W-A	0.64137
5730	YER137C-A	0.64137
5731	YLR157C-A	0.64137
5732	YGL107C	0.64137
5733	YGR227C-A	0.6413
5734	YOR220W	0.64129
5735	YOR078W	0.64122
5736	YJL105W	0.6412
5737	YBR084C-A	0.64119
5738	YBL027W	0.64119
5739	YPR015C	0.64114
5740	YJL113W	0.6411
5741	YDL220C	0.64108
5742	YGR075C	0.64107
5743	YDR317W	0.64106
5744	YBR270C	0.64088
5745	YMR284W	0.64087
5746	YJL146W	0.64084
5747	YMR256C	0.6408
5748	YHR119W	0.64079
5749	YDR371W	0.64076
5750	YGR129W	0.64072
5751	YFR036W-A	0.64063
5752	YCL022C	0.6406
5753	YNL183C	0.64047
5754	YDR179C	0.64039
5755	YHR137C-A	0.64016
5756	YOR189W	0.6401
5757	YDR307W	0.64007
5758	YER050C	0.64002
5759	YLR242C	0.63985
5760	YLR256W-A	0.63982
5761	YPR074W-A	0.63981
5762	YDL235C	0.63981
5763	YKL096C-B	0.63969
5764	YML103C	0.63968
5765	YPR021C	0.63967
5766	YEL018W	0.63966
5767	YDL170W	0.63963
5768	YPR070W	0.6394
5769	YML034W	0.63939
5770	YPL156C	0.63939
5771	YER054C	0.63932
5772	YBL048W	0.63918
5773	YOL040C	0.63898
5774	YDR156W	0.63892
5775	YOL117W	0.63889
5776	YNL070W	0.63887
5777	YDR543C	0.63886
5778	YGL249W	0.63884
5779	YJL150W	0.63883
5780	YBR230W-A	0.63876
5781	YGR222W	0.63871
5782	YJR101W	0.6387
5783	YNL067W-A	0.63868
5784	YIL129C	0.63855
5785	YNL172W	0.63855
5786	YOR186C-A	0.63851
5787	YBR033W	0.63843
5788	YIL019W	0.6384
5789	YML040W	0.63832
5790	YJR026W	0.63832
5791	YLR227W-A	0.63832
5792	YMR280C	0.6383
5793	YMR025W	0.63826
5794	YIL031W	0.63825
5795	YDR202C	0.63804
5796	YLR154W-F	0.63776
5797	YHR175W-A	0.63774
5798	YPL256C	0.63772
5799	YOL134C	0.63771
5800	YFL031C-A	0.63761
5801	YDR078C	0.63761
5802	YOL044W	0.63757
5803	YIL071W-A	0.63757
5804	YFR023W	0.63756
5805	YMR072W	0.63752
5806	YLR458W	0.63743
5807	YOR297C	0.63737
5808	YPR137C-A	0.63727
5809	YAR010C	0.63727
5810	YLR295C	0.63726
5811	YML045W-A	0.63721
5812	YHR130C	0.63712
5813	YPR009W	0.63712
5814	YMR326C	0.63679
5815	YMR119W	0.63655
5816	YJL176C	0.63651
5817	YMR017W	0.63644
5818	YDR024W	0.63644
5819	YGL042C	0.63641
5820	YJR037W	0.63638
5821	YDL242W	0.636
5822	YGR015C	0.63594
5823	YER109C	0.6359
5824	YFR040W	0.63584
5825	YDR098C-A	0.63578
5826	YML128C	0.63575
5827	YBR012W-A	0.63564
5828	YMR193C-A	0.63535
5829	YOR333C	0.63522
5830	YIL159W	0.63513
5831	YER159C-A	0.63498
5832	YDR316W-A	0.63498
5833	YMR051C	0.63498
5834	YGR161C-C	0.63498
5835	YLR035C-B	0.63498
5836	YNL156C	0.63496
5837	YPL216W	0.63487
5838	YDR469W	0.63479
5839	YLR198C	0.63458
5840	YBR215W	0.63454
5841	YER022W	0.63431
5842	YIR003W	0.63422
5843	YDR170W-A	0.63418
5844	YFL014W	0.63417
5845	YPL060C-A	0.6341
5846	YIL071C	0.634
5847	YNL295W	0.63396
5848	YJR028W	0.63393
5849	YIL163C	0.63391
5850	YDR005C	0.63387
5851	YLR119W	0.6338
5852	YDR464W	0.63379
5853	YML083C	0.63378
5854	YGR081C	0.63369
5855	YLR424W	0.63355
5856	YBR168W	0.63349
5857	YER038W-A	0.63346
5858	YCR018C-A	0.63337
5859	YLR182W	0.63329
5860	YGL230C	0.6332
5861	YNL058C	0.63282
5862	YGR038C-A	0.63269
5863	YJL122W	0.63263
5864	YGL086W	0.63261
5865	YFL024C	0.63261
5866	YIR018W	0.6326
5867	YKL111C	0.63221
5868	YKR015C	0.63219
5869	YOR385W	0.63208
5870	YHL025W	0.63204
5871	YOR276W	0.63192
5872	YLR294C	0.63189
5873	YOR142W-A	0.63189
5874	YPR158W-A	0.63189
5875	YJR108W	0.63189
5876	YOR129C	0.63181
5877	YOR140W	0.63176
5878	YGR027W-A	0.63169
5879	YHR145C	0.63169
5880	YHR082C	0.63165
5881	YJL209W	0.63159
5882	YDR133C	0.63149
5883	YHR056C	0.63148
5884	YLR454W	0.63145
5885	YBL107C	0.63145
5886	YML054C-A	0.63129
5887	YOL013W-B	0.63128
5888	YBR238C	0.63123
5889	YNL284C-A	0.6312
5890	YBR224W	0.63119
5891	YJR106W	0.63112
5892	YOR355W	0.631
5893	YDR042C	0.63069
5894	YDR210C-C	0.63067
5895	YHR017W	0.63047
5896	YLR297W	0.63041
5897	YGL197W	0.6304
5898	YDR104C	0.63033
5899	YMR018W	0.63026
5900	YGR169C-A	0.63023
5901	YLR184W	0.62997
5902	YOL024W	0.62982
5903	YPL189C-A	0.62975
5904	YBR131W	0.62962
5905	YMR046W-A	0.62961
5906	YBR049C	0.62957
5907	YJR012C	0.62942
5908	YPR007C	0.62941
5909	YMR064W	0.62939
5910	YLR424C-A	0.62922
5911	YCR108C	0.62915
5912	YJL180C	0.62906
5913	YNL254C	0.62898
5914	YOL138C	0.6289
5915	YMR311C	0.62881
5916	YBR108W	0.62877
5917	YIL098C	0.62875
5918	YDR115W	0.62873
5919	YFR032C-B	0.62872
5920	YLR222C-A	0.62859
5921	YER122C	0.62856
5922	YDL151C	0.62856
5923	YLL042C	0.62855
5924	YLR224W	0.62849
5925	YDR369C	0.62848
5926	YER097W	0.62847
5927	YML059C	0.62833
5928	YLR404W	0.6283
5929	YDR017C	0.62796
5930	YPL021W	0.62785
5931	YKL061W	0.62754
5932	YFR012W	0.62746
5933	YBL006C	0.62742
5934	YLR408C	0.62716
5935	YCR082W	0.62715
5936	YKL176C	0.62715
5937	YIR033W	0.62715
5938	YMR158C-A	0.62709
5939	YDR252W	0.62689
5940	YKL092C	0.6268
5941	YKR011C	0.62679
5942	YMR172W	0.6267
5943	YBR188C	0.62669
5944	YGL237C	0.62668
5945	YNL198C	0.62667
5946	YGL151W	0.6266
5947	YKL159C	0.62653
5948	YOR169C	0.62602
5949	YOL159C-A	0.62598
5950	YBL063W	0.62598
5951	YML017W	0.62593
5952	YDR379W	0.6259
5953	YLR376C	0.62579
5954	YMR046C	0.62577
5955	YOR170W	0.62569
5956	YNL245C	0.62563
5957	YGR098C	0.62556
5958	YLR082C	0.62552
5959	YAL063C-A	0.6255
5960	YHR165C	0.62546
5961	YMR147W	0.62541
5962	YFL063W	0.62539
5963	YIL102C-A	0.62537
5964	YNL314W	0.62528
5965	YGL229C	0.62516
5966	YPL096C-A	0.62512
5967	YLL005C	0.62507
5968	YHR199C-A	0.62506
5969	YHR149C	0.62503
5970	YLR360W	0.62501
5971	YBL059W	0.62493
5972	YKR054C	0.62488
5973	YOL109W	0.62481
5974	YBL005W-A	0.62468
5975	YOR266W	0.62468
5976	YPL018W	0.62463
5977	YHR136C	0.62454
5978	YPL177C	0.62447
5979	YMR153W	0.62441
5980	YKL048C	0.6244
5981	YCR020W-B	0.62415
5982	YLR313C	0.624
5983	YPL146C	0.62394
5984	YBL100W-C	0.62393
5985	YCL001W	0.6238
5986	YKL106C-A	0.62371
5987	YKR019C	0.62358
5988	YDR350C	0.62351
5989	YPL174C	0.62316
5990	YJL026C-A	0.62306
5991	YBR182C-A	0.62296
5992	YGL006W-A	0.62292
5993	YOR298W	0.62269
5994	YOR028C	0.62249
5995	YDR406W-A	0.62238
5996	YKL145W-A	0.62235
5997	YNR025C	0.62234
5998	YMR257C	0.62227
5999	YOR097C	0.62214
6000	YJL083W	0.62206
6001	YGL182C	0.62202
6002	YBR250W	0.62187
6003	YHR099W	0.62159
6004	YGR039W	0.62149
6005	YBL093C	0.62149
6006	YER093C-A	0.62147
6007	YGL073W	0.62111
6008	YGR089W	0.62106
6009	YBL103C	0.62098
6010	YLR227C	0.62097
6011	YDR451C	0.62091
6012	YNL211C	0.62088
6013	YGL209W	0.6208
6014	YGL214W	0.62079
6015	YNL164C	0.62075
6016	YOR208W	0.62049
6017	YGR150C	0.62048
6018	YGR250C	0.62029
6019	YLR320W	0.62027
6020	YMR059W	0.62023
6021	YOR329W-A	0.62016
6022	YDL206W	0.62003
6023	YDR235W	0.61988
6024	YNR004W	0.61986
6025	YBR230C	0.6198
6026	Q0182	0.61972
6027	YPL085W	0.61972
6028	YMR151W	0.61968
6029	YPL219W	0.61964
6030	YER088W-B	0.61944
6031	YKL020C	0.6194
6032	YHR093W	0.61935
6033	YOR019W	0.61926
6034	YLR201C	0.61908
6035	YMR164C	0.61895
6036	YDL115C	0.61888
6037	YOR304C-A	0.61881
6038	YDR034C	0.61879
6039	YDR505C	0.61878
6040	YBR126W-A	0.61854
6041	YNL054W-A	0.61845
6042	YLR146W-A	0.6183
6043	YHR182W	0.61818
6044	YLR040C	0.61815
6045	YNL005C	0.61809
6046	YIL158W	0.61789
6047	YDL130W-A	0.61779
6048	YCR097W	0.61776
6049	YPL075W	0.61775
6050	YDR348C	0.61771
6051	YLR299C-A	0.61752
6052	YMR016C	0.6175
6053	YLR437C	0.61743
6054	Q0143	0.61736
6055	YHR054C-B	0.61734
6056	YHR052C-B	0.61734
6057	YDL016C	0.61721
6058	YKL101W	0.61716
6059	YMR191W	0.61712
6060	YPR170W-A	0.61708
6061	YHR193C-A	0.61676
6062	YKL063C	0.6167
6063	YNL115C	0.61653
6064	YDR066C	0.61646
6065	YNL013C	0.61633
6066	YIL136W	0.61628
6067	YJR086W	0.61608
6068	Q0297	0.61608
6069	YBL039W-B	0.61599
6070	YOR107W	0.61595
6071	YNL159C	0.61594
6072	YDR529C	0.61592
6073	YDL184C	0.61586
6074	YDL133C-A	0.61586
6075	YMR107W	0.61585
6076	YPL202C	0.61574
6077	YIL144W	0.61572
6078	YKL162C	0.61572
6079	YLR135W	0.61569
6080	YOL082W	0.61561
6081	YDL121C	0.61555
6082	YFR003C	0.61545
6083	YPL011C	0.61531
6084	YEL032C-A	0.61526
6085	YDL056W	0.61525
6086	YHR167W	0.61517
6087	YEL009C-A	0.61491
6088	YOR235W	0.61487
6089	YHR159W	0.61472
6090	YFL019C	0.61463
6091	YML007W	0.61462
6092	YBR057C	0.61462
6093	YDR082W	0.61433
6094	YLR271W	0.61408
6095	YER075C	0.614
6096	YNL157W	0.61392
6097	YIL097W	0.61359
6098	YFL041W-A	0.61328
6099	YJR157W	0.61323
6100	YMR066W	0.61319
6101	YCR018C	0.61305
6102	YPR174C	0.61287
6103	YBR066C	0.6128
6104	YPL166W	0.61252
6105	YMR148W	0.61244
6106	YLR263W	0.61232
6107	YDR034C-C	0.61224
6108	YER153C	0.61221
6109	YER129W	0.612
6110	YGL176C	0.612
6111	YDR532C	0.61192
6112	YOL118C	0.6117
6113	YAL034C	0.61167
6114	YGR115C	0.61137
6115	YNR077C	0.61136
6116	YJL066C	0.61113
6117	YFL049W	0.61108
6118	YGL005C	0.61108
6119	YLR185W	0.61106
6120	YDR169C	0.61102
6121	YJL076W	0.61095
6122	YHR131C	0.61087
6123	YDR166C	0.61087
6124	YDR069C	0.61065
6125	YGL117W	0.61056
6126	YBR197C	0.61027
6127	YPL039W	0.61023
6128	YGL162W	0.6101
6129	YDL073W	0.61003
6130	YDR016C	0.60999
6131	YJL207C	0.60995
6132	YCL061C	0.6096
6133	YMR199W	0.6095
6134	YDR043C	0.6094
6135	YBR124W	0.60923
6136	YIL086C	0.60915
6137	YJR053W	0.60911
6138	YPL253C	0.60898
6139	YOR121C	0.60892
6140	YDR261W-A	0.60881
6141	YDL197C	0.6088
6142	YCL020W	0.60874
6143	YDL129W	0.60868
6144	YOR192C-A	0.60866
6145	YJL020W-A	0.60844
6146	YBR136W	0.60841
6147	YMR052W	0.60839
6148	YDL152W	0.60824
6149	YOR381W-A	0.60813
6150	YPR142C	0.60788
6151	YNL053W	0.60778
6152	YLR091W	0.60772
6153	YMR187C	0.60771
6154	YDR146C	0.6076
6155	YPL193W	0.60758
6156	YER158W-A	0.60756
6157	YGR249W	0.60751
6158	YDL199C	0.60743
6159	YCR081W	0.6073
6160	YNL210W	0.60712
6161	YMR299C	0.60685
6162	YPR134W	0.60671
6163	YAL016C-B	0.60662
6164	YHR214W-A	0.6065
6165	YML081W	0.60617
6166	YBR083W	0.60597
6167	YIL055C	0.6058
6168	YDR240C	0.60577
6169	YDR201W	0.60564
6170	YML101C-A	0.60553
6171	YNL105W	0.6055
6172	YAR014C	0.60547
6173	YCR033W	0.60544
6174	YNL133C	0.60542
6175	YMR282C	0.60535
6176	YPL099C	0.60506
6177	YPR043W	0.60496
6178	YJR094W-A	0.60496
6179	YJL133C-A	0.6049
6180	YJL170C	0.6047
6181	YDR500C	0.60468
6182	YOR104W	0.60453
6183	YNL266W	0.60423
6184	YJR021C	0.6042
6185	YPL168W	0.60407
6186	YGL096W	0.60401
6187	YJL058C	0.60398
6188	YAL010C	0.60396
6189	YOR137C	0.60389
6190	YKL108W	0.60388
6191	YPR095C	0.60386
6192	YLR327C	0.60385
6193	YOL131W	0.60368
6194	YGR134W	0.60363
6195	YAL032C	0.60349
6196	YBL052C	0.60335
6197	YFL002W-B	0.60333
6198	YGR161W-A	0.60333
6199	YML009W-B	0.60328
6200	YGR038C-E	0.60319
6201	YER175W-A	0.60317
6202	YLR410W-A	0.60314
6203	YAR068W	0.60306
6204	YDL088C	0.60306
6205	YIL037C	0.60295
6206	YLR052W	0.60258
6207	YGL066W	0.60243
6208	YNL162W	0.6024
6209	YHR141C	0.6024
6210	YDL159W-A	0.60236
6211	YJR092W	0.60234
6212	YGL075C	0.6023
6213	YBL109W	0.6021
6214	YHL023C	0.60195
6215	YJR107C-A	0.60181
6216	YJL103C	0.60174
6217	YBL043W	0.60173
6218	YFR057W	0.60164
6219	YLR139C	0.60135
6220	YOR186W	0.60123
6221	YBL100W-A	0.60112
6222	YDL139C	0.60095
6223	YDL050C	0.6007
6224	YOR313C	0.60069
6225	YNL054W	0.60067
6226	YKL171W	0.60046
6227	YKL138C-A	0.59982
6228	YAL027W	0.59978
6229	YML113W	0.59972
6230	YER035W	0.5996
6231	YOL031C	0.59958
6232	YPR002C-A	0.59926
6233	YGR230W	0.59905
6234	Q0010	0.599
6235	YLR465C	0.59883
6236	YGR140W	0.59881
6237	YCR043C	0.59873
6238	YHR156C	0.59871
6239	YEL014C	0.59864
6240	YNR045W	0.59862
6241	YIL117C	0.59842
6242	YNL100W	0.59833
6243	YNR024W	0.59812
6244	YGR196C	0.59794
6245	YDR217C	0.59793
6246	YKL050C	0.59753
6247	YPR185W	0.59742
6248	YPR084W	0.59717
6249	YBR225W	0.59709
6250	YNL196C	0.59699
6251	YKR034W	0.59697
6252	YMR094W	0.59694
6253	YGL061C	0.59691
6254	YDR123C	0.59683
6255	YDL211C	0.59682
6256	YGR275W	0.59677
6257	YGL219C	0.59661
6258	YBR072C-A	0.59642
6259	YNL144C	0.59642
6260	YGR151C	0.59631
6261	YLR079W	0.59623
6262	YGR067C	0.59621
6263	YGL081W	0.59621
6264	YHR079C-A	0.59611
6265	YOL070C	0.59605
6266	YOR113W	0.5957
6267	Q0092	0.59567
6268	YJR089W	0.5955
6269	YJL056C	0.59535
6270	YPL200W	0.59534
6271	YOR350C	0.59527
6272	YOR148C	0.59522
6273	YLR042C	0.5952
6274	YBR182C	0.59519
6275	YDL189W	0.5949
6276	YOR177C	0.59477
6277	YER084W-A	0.59457
6278	YJR003C	0.59452
6279	YGL071W	0.59425
6280	YOR030W	0.59421
6281	YCL021W-A	0.59386
6282	YDR210W-A	0.59372
6283	YPR164W	0.59371
6284	YLR424C-B	0.59362
6285	YOR349W	0.59358
6286	YDL020C	0.59344
6287	YML043C	0.59319
6288	YMR030W	0.59314
6289	YIL092W	0.59298
6290	YNL309W	0.5927
6291	YDR361C	0.59245
6292	YOR343W-A	0.59241
6293	YFL033C	0.59235
6294	YML041C	0.59232
6295	YNL167C	0.59204
6296	YPL033C	0.59189
6297	YOL015W	0.59161
6298	YDR524C	0.59152
6299	YGR240C-A	0.59145
6300	YDR103W	0.59142
6301	YPR013C	0.59131
6302	YKL052C	0.59123
6303	YPR151C	0.59122
6304	YBR173C	0.59119
6305	YHR036W	0.59109
6306	YDR422C	0.59109
6307	YLR431C	0.59093
6308	YNL199C	0.59061
6309	YAL040C	0.59051
6310	YDR014W-A	0.59027
6311	YCL005W	0.58998
6312	YJL095W	0.58998
6313	YER028C	0.58995
6314	YGR161W-C	0.58974
6315	YLR252W	0.58969
6316	YGR168C	0.58965
6317	YLR267W	0.58963
6318	YBR152W	0.58941
6319	YGR251W	0.58934
6320	YFR032C-A	0.58895
6321	YPL070W	0.58872
6322	YPL052W	0.58773
6323	YLR287C-A	0.5877
6324	YOR182C	0.5877
6325	YPL130W	0.58762
6326	YKL023W	0.5876
6327	YML027W	0.58737
6328	YER045C	0.58732
6329	YLL003W	0.5873
6330	YER149C	0.58678
6331	YMR232W	0.58672
6332	YDR065W	0.58653
6333	YBR184W	0.58613
6334	YNL152W	0.58608
6335	YOR284W	0.58605
6336	YDL176W	0.586
6337	YLR099W-A	0.58588
6338	YDR443C	0.58577
6339	YOR147W	0.58576
6340	YBR275C	0.58554
6341	YKL138C	0.58547
6342	YDR494W	0.58516
6343	YLR219W	0.58471
6344	YIL036W	0.58459
6345	YHR184W	0.58438
6346	YHR103W	0.58437
6347	YOR032C	0.58432
6348	YMR163C	0.58402
6349	YIR016W	0.58379
6350	YFR054C	0.58375
6351	YLR254C	0.58354
6352	YDR260C	0.58337
6353	YIL127C	0.58325
6354	YOR195W	0.58285
6355	YML062C	0.58281
6356	YFR008W	0.58242
6357	YHL029C	0.58208
6358	YDR088C	0.58186
6359	YBL054W	0.58112
6360	YBL053W	0.58104
6361	YBL088C	0.58076
6362	YDR461C-A	0.58053
6363	YDR310C	0.57996
6364	YEL043W	0.57961
6365	YNL091W	0.57888
6366	YML037C	0.5788
6367	YHR177W	0.57862
6368	YDL082W	0.5786
6369	YBL009W	0.57839
6370	YOR192C-C	0.57826
6371	YDR374C	0.57819
6372	YIL101C	0.57811
6373	YOR047C	0.57772
6374	YMR142C	0.57743
6375	YFR019W	0.57738
6376	YGR079W	0.57727
6377	YPR044C	0.57704
6378	YOL007C	0.57702
6379	YER088C	0.57659
6380	YPL027W	0.57655
6381	YLR298C	0.57632
6382	YJL149W	0.5758
6383	YMR174C	0.57574
6384	YDR457W	0.57569
6385	YPR101W	0.57542
6386	YJR030C	0.57531
6387	YDR195W	0.57474
6388	YKR091W	0.57473
6389	YER121W	0.5746
6390	YGL079W	0.57455
6391	YNL225C	0.57439
6392	YLR373C	0.57436
6393	YDL224C	0.57407
6394	YEL005C	0.57356
6395	YGR161C	0.57338
6396	Q0255	0.57278
6397	YNR049C	0.57277
6398	YDR096W	0.57252
6399	YOR076C	0.57243
6400	R0030W	0.57153
6401	YOR342C	0.57149
6402	YLL033W	0.57144
6403	YLR131C	0.57141
6404	YLR094C	0.5714
6405	YBL046W	0.57124
6406	YLR282C	0.57114
6407	YJR162C	0.57098
6408	YNL197C	0.57098
6409	YPL118W	0.57067
6410	YDL027C	0.57059
6411	YLL047W	0.57031
6412	YKR045C	0.57025
6413	YGL223C	0.57015
6414	YLR353W	0.56991
6415	YKR100C	0.56991
6416	YML015C	0.56923
6417	YBR140C	0.56908
6418	YAL028W	0.56902
6419	YPL049C	0.56892
6420	YER181C	0.56856
6421	YMR135C	0.56852
6422	YGR041W	0.5685
6423	YBR148W	0.56849
6424	YPL201C	0.56835
6425	YLR436C	0.56813
6426	YDR030C	0.56799
6427	YIL045W	0.56733
6428	YLR352W	0.56724
6429	YIR010W	0.56703
6430	YGR142W	0.56675
6431	YJR011C	0.56668
6432	YPL054W	0.56656
6433	YER132C	0.56653
6434	YGR179C	0.56649
6435	YNL046W	0.56649
6436	YOL081W	0.56599
6437	YGL194C-A	0.56594
6438	YLR307C-A	0.56593
6439	YKR037C	0.56538
6440	YBR194W	0.56537
6441	YDL069C	0.56527
6442	YKL204W	0.56521
6443	YLR221C	0.5651
6444	YJL090C	0.56466
6445	YKL225W	0.5643
6446	YJL118W	0.56404
6447	YKL162C-A	0.56402
6448	YKR078W	0.56384
6449	YDR151C	0.56363
6450	YLR283W	0.56332
6451	YOR073W	0.56307
6452	YOR158W	0.56294
6453	YMR204C	0.56284
6454	YLR018C	0.56283
6455	YOR114W	0.56268
6456	YDL239C	0.56255
6457	YLR315W	0.56223
6458	YBR013C	0.5618
6459	YKL062W	0.56178
6460	YDR014W	0.56171
6461	YBL034C	0.56165
6462	YNL195C	0.56127
6463	YDR216W	0.56124
6464	YOL025W	0.56112
6465	YDR070C	0.56104
6466	YPL269W	0.56077
6467	YER038C	0.56076
6468	YGL138C	0.56018
6469	YLR230W	0.56015
6470	YNL042W	0.5594
6471	YLR363W-A	0.55913
6472	YBR201C-A	0.5591
6473	YJR056C	0.55897
6474	YNR009W	0.55878
6475	YPR036W-A	0.55864
6476	YJL110C	0.55852
6477	YDR356W	0.55841
6478	YCL051W	0.55841
6479	YDR515W	0.55789
6480	YDL089W	0.55778
6481	YJL181W	0.55771
6482	YPR171W	0.55728
6483	YOL091W	0.55713
6484	YMR124W	0.55712
6485	YOR264W	0.55706
6486	YDL169C	0.55642
6487	YLR190W	0.55634
6488	YMR179W	0.55594
6489	YJR005C-A	0.55589
6490	YLR031W	0.5558
6491	YOR214C	0.55579
6492	YKR010C	0.55573
6493	YNL103W	0.55563
6494	YGR023W	0.55539
6495	YGR071C	0.55523
6496	YHR195W	0.55463
6497	YLR341W	0.55458
6498	YBR056C-B	0.55443
6499	YMR219W	0.55436
6500	Q0144	0.55398
6501	YLR312C	0.55378
6502	YDR259C	0.55351
6503	YER111C	0.5529
6504	YNR014W	0.55249
6505	YMR195W	0.55245
6506	YBR047W	0.55241
6507	YBR007C	0.55215
6508	YLR334C	0.55197
6509	YAL024C	0.55186
6510	YDR277C	0.55149
6511	YCL027W	0.55146
6512	YDL223C	0.55144
6513	YAL031C	0.55127
6514	YOR178C	0.55087
6515	YMR160W	0.55051
6516	YDR446W	0.5505
6517	YMR270C	0.55049
6518	YFR017C	0.5501
6519	YBR130C	0.55009
6520	YJL189W	0.55004
6521	YGL035C	0.54983
6522	YNL027W	0.54978
6523	YDR425W	0.54945
6524	YER040W	0.54928
6525	YMR086W	0.54809
6526	YBR255W	0.54789
6527	YPL158C	0.54777
6528	YOR352W	0.54776
6529	YOL029C	0.5475
6530	YFL021W	0.54714
6531	YIL119C	0.54675
6532	YCL044C	0.54628
6533	YDR239C	0.5461
6534	YDR029W	0.54606
6535	YHR160C	0.54596
6536	YGR113W	0.54583
6537	YER155C	0.54541
6538	YMR003W	0.54523
6539	YGL175C	0.54518
6540	YPL250C	0.54502
6541	YDR181C	0.5449
6542	YCR065W	0.54455
6543	YGR120C	0.54365
6544	YMR075W	0.54348
6545	YOR359W	0.54345
6546	YER044C-A	0.54259
6547	YLR273C	0.5424
6548	YKL065W-A	0.54235
6549	YPL230W	0.54186
6550	YEL057C	0.54171
6551	YNL176C	0.54169
6552	YBR203W	0.54151
6553	YBR063C	0.54098
6554	YKL112W	0.54052
6555	YPR005C	0.5403
6556	YLL065W	0.54003
6557	YJR083C	0.53993
6558	YDR227W	0.53963
6559	YAL047C	0.53962
6560	YDR439W	0.53951
6561	YGL057C	0.53948
6562	YDR113C	0.53948
6563	YML058W	0.5393
6564	YKL068W-A	0.53865
6565	YOR053W	0.53854
6566	YPL077C	0.53849
6567	YGR153W	0.53794
6568	YNL018C	0.5377
6569	YHR152W	0.5375
6570	YKL185W	0.53729
6571	YBR076W	0.5372
6572	YDR207C	0.53638
6573	YNL034W	0.53601
6574	YIL122W	0.53527
6575	YOR255W	0.53508
6576	YGL023C	0.53477
6577	YML091C	0.53392
6578	YNL311C	0.53392
6579	YHR054C	0.53374
6580	YDL076C	0.53337
6581	YDR351W	0.53261
6582	YOR066W	0.53248
6583	YJL144W	0.53243
6584	YLR394W	0.531
6585	YER158C	0.53089
6586	YOR062C	0.53074
6587	YDR219C	0.52947
6588	YLR030W	0.52937
6589	YGL128C	0.52885
6590	YML009C-A	0.5288
6591	YOR023C	0.52818
6592	YGL021W	0.52798
6593	YJL051W	0.52795
6594	YOR324C	0.52752
6595	YPL055C	0.52742
6596	YKL093W	0.52721
6597	YMR144W	0.52676
6598	YBR050C	0.52641
6599	YFR046C	0.52636
6600	YLR445W	0.52578
6601	YDR028C	0.52556
6602	YPR078C	0.52537
6603	YNL214W	0.52511
6604	YGR126W	0.52495
6605	YBR095C	0.52451
6606	YPL014W	0.52424
6607	YLR223C	0.52424
6608	YGR273C	0.52358
6609	YKL042W	0.52194
6610	YJL162C	0.52155
6611	YJL185C	0.52118
6612	YPR158W	0.52102
6613	YMR036C	0.52099
6614	YER104W	0.52038
6615	YGR239C	0.5197
6616	YDL186W	0.5193
6617	YKR022C	0.51886
6618	YNL233W	0.51882
6619	YER130C	0.51862
6620	YDR130C	0.5186
6621	YMR273C	0.51789
6622	YDR275W	0.5178
6623	YDR223W	0.51701
6624	YML109W	0.51689
6625	YCL063W	0.51688
6626	YPL223C	0.5158
6627	YPL066W	0.51493
6628	YBR165W	0.51403
6629	YLR102C	0.51356
6630	YNL076W	0.51351
6631	YDR022C	0.51318
6632	YOL036W	0.51313
6633	YIL146C	0.51307
6634	YBR156C	0.51241
6635	YMR255W	0.51195
6636	YJL147C	0.51184
6637	YPL068C	0.51159
6638	YPR046W	0.51106
6639	YPL071C	0.51092
6640	YER167W	0.51085
6641	YPL255W	0.51005
6642	YPL089C	0.51002
6643	YLR053C	0.50806
6644	YDR249C	0.50748
6645	YKL105C	0.50726
6646	YOR372C	0.50658
6647	YML053C	0.50591
6648	YER124C	0.50563
6649	YDL180W	0.50509
6650	YGR035C	0.50499
6651	YHR014W	0.50483
6652	YJL161W	0.50481
6653	YJL089W	0.50385
6654	YDR184C	0.50152
6655	YPR065W	0.50123
6656	YGR221C	0.50121
6657	YDR186C	0.50121
6658	YPR008W	0.50039
6659	YNL074C	0.50004
6660	YHR157W	0.49985
6661	YFL012W	0.4986
6662	YBR045C	0.49831
6663	YLR257W	0.49819
6664	YKL023C-A	0.49723
6665	YBL031W	0.49722
6666	YIL135C	0.49699
6667	YLR049C	0.49684
6668	YIR025W	0.49659
6669	YGL222C	0.4963
6670	YMR037C	0.49564
6671	YPL180W	0.49537
6672	YDR528W	0.49413
6673	YOR044W	0.49381
6674	YPL159C	0.49339
6675	YMR175W	0.49323
6676	YPL121C	0.49253
6677	YER106W	0.49148
6678	YKR077W	0.49113
6679	YNL188W	0.49061
6680	YBR211C	0.48562
6681	YPL267W	0.48495
6682	YPR145C-A	0.48485
6683	YOL106W	0.48468
6684	YDR085C	0.4831
6685	YHR061C	0.48272
6686	YML112W	0.48233
6687	YOR279C	0.4792
6688	YER033C	0.47907
6689	YML119W	0.47867
6690	YBR071W	0.47843
6691	YGL015C	0.47778
6692	YNL078W	0.47489
6693	YML006C	0.47417
6694	YPL124W	0.47342
6695	YDR480W	0.46968
6696	YDR309C	0.46894
6697	YBR285W	0.46475
6698	YOR315W	0.46437
6699	YMR206W	0.46431
6700	YNL146W	0.4621
6701	YMR136W	0.46151
6702	YGL036W	0.46052
6703	YPR083W	0.45917
6704	YNR010W	0.45876
6705	YKL109W	0.45854
6706	YML003W	0.45728
6707	YLR457C	0.45556
6708	YPL229W	0.45474
6709	Q0140	0.45419
6710	YER032W	0.45396
6711	YER180C	0.45102
6712	YBL081W	0.44999
6713	YFR036W	0.44434
6714	YHR185C	0.444
6715	YMR181C	0.44193
6716	YGL170C	0.44135
6717	YMR252C	0.43511
6718	YER079W	0.43099
6719	Q0032	0.42992
6720	YIL152W	0.42768
6721	YBR157C	0.42521
6722	YBR138C	0.4201
6723	YKR075C	0.40771
6724	YMR081C	0.40658
6725	YDL007C-A	0.39164
6726	YGR146C	0.3829
6727	YJR094C	0.37046
6728	YFR035W-A	0.31463
6729	YNL155C-A	0.31463
6730	YMR106W-A	0.31463
6731	YDL204W-A	0.31463
6732	YNL040C-A	0.31463
6733	YGR016C-A	0.31463
