ADGRV1 (gpcr, n/a): top5=['YGL072C', 'YLR106C', 'YKR033C', 'YPL251W', 'YLR462W'] sce04011 median rank=4027 (random~3367)
RYR1 (ion_channel, n/a): top5=['YLR235C', 'YFL021C-A', 'YOL085C', 'YKL097C', 'YHR213W-A'] sce04011 median rank=4349 (random~3367)
RYR2 (ion_channel, n/a): top5=['YLR106C', 'R0020C', 'YBL006C', 'YIR044C', 'YKR101W'] sce04011 median rank=4167 (random~3367)
RYR3 (ion_channel, n/a): top5=['YOR366W', 'YIR044C', 'YCL046W', 'YBL012C', 'YGR269W'] sce04011 median rank=4084 (random~3367)
CELSR3 (gpcr, n/a): top5=['YMR069W', 'YDR488C', 'YLR141W', 'YJR084W', 'YIL106W'] sce04011 median rank=3462 (random~3367)
ADGRG4 (gpcr, n/a): top5=['YKR005C', 'YLR087C', 'YMR021C', 'YDR420W', 'YDL211C'] sce04011 median rank=2356 (random~3367)
CELSR1 (gpcr, n/a): top5=['YLL067C', 'YER190W', 'YLL066C', 'YJL225C', 'YIL177C'] sce04011 median rank=3382 (random~3367)
CELSR2 (gpcr, n/a): top5=['YJL225C', 'YER190W', 'YIL177C', 'YLL067C', 'YLR466W'] sce04011 median rank=3130 (random~3367)
PKD1L1 (ion_channel, n/a): top5=['YHL050C', 'YML133C', 'YLL066C', 'YLL067C', 'YJL225C'] sce04011 median rank=3471 (random~3367)
ITPR1 (ion_channel, n/a): top5=['YLL066C', 'YGL208W', 'YML133C', 'YPL094C', 'YLL067C'] sce04011 median rank=3626 (random~3367)
PIEZO2 (ion_channel, n/a): top5=['YMR306W', 'YIL047C', 'YDR372C', 'YNR075W', 'YNL294C'] sce04011 median rank=2840 (random~3367)
ITPR2 (ion_channel, n/a): top5=['YLL066C', 'YML133C', 'YLL067C', 'YPL094C', 'YHR218W'] sce04011 median rank=3512 (random~3367)
ITPR3 (ion_channel, n/a): top5=['YDL140C', 'YOR341W', 'YPL245W', 'YPL094C', 'YNR003C'] sce04011 median rank=3644 (random~3367)
PIEZO1 (ion_channel, n/a): top5=['YGL126W', 'YDR488C', 'YLR342W', 'YOL086W-A', 'YGR032W'] sce04011 median rank=4074 (random~3367)
CACNA1A (ion_channel, n/a): top5=['YMR180C', 'YJR084W', 'YLR342W', 'YGR032W', 'YIL106W'] sce04011 median rank=3796 (random~3367)
PKD1L2 (ion_channel, n/a): top5=['YEL077C', 'YPR204W', 'YHL050C', 'YLR466W', 'YER190W'] sce04011 median rank=3100 (random~3367)
CACNA1G (ion_channel, n/a): top5=['YGR092W', 'YPR111W', 'YLR019W', 'YNL326C', 'YMR069W'] sce04011 median rank=3702 (random~3367)
GPR179 (gpcr, n/a): top5=['YKL086W', 'YBR010W', 'YHL050C', 'YBL113C', 'YHR219W'] sce04011 median rank=4344 (random~3367)
CACNA1H (ion_channel, n/a): top5=['YDR488C', 'YMR069W', 'YGL126W', 'YCL036W', 'YNL307C'] sce04011 median rank=4281 (random~3367)
CACNA1B (ion_channel, n/a): top5=['YNL307C', 'YKL145W', 'YCL036W', 'YDR313C', 'YMR180C'] sce04011 median rank=3864 (random~3367)
CACNA1E (ion_channel, n/a): top5=['YDR313C', 'YGR092W', 'YJR084W', 'YML068W', 'YDR093W'] sce04011 median rank=3912 (random~3367)
CACNA1I (ion_channel, n/a): top5=['YNL307C', 'YMR069W', 'YGR092W', 'YNL339C', 'YPL283C'] sce04011 median rank=3699 (random~3367)
CACNA1C (ion_channel, n/a): top5=['YDR093W', 'YNL307C', 'YDR313C', 'YER166W', 'YML068W'] sce04011 median rank=4162 (random~3367)
CACNA1D (ion_channel, n/a): top5=['YGR092W', 'YDR093W', 'YOL075C', 'YPR111W', 'YBR023C'] sce04011 median rank=3509 (random~3367)
TRPM6 (ion_channel, n/a): top5=['YGL208W', 'YMR080C', 'YBR235W', 'YBL105C', 'YOL068C'] sce04011 median rank=2882 (random~3367)
SCN5A (ion_channel, n/a): top5=['YER166W', 'YGR281W', 'YAL026C', 'YHR030C', 'YDR093W'] sce04011 median rank=3332 (random~3367)
SCN1A (ion_channel, n/a): top5=['YCR011C', 'YOR087W', 'YAL026C', 'YDR093W', 'YGR281W'] sce04011 median rank=3368 (random~3367)
SCN2A (ion_channel, n/a): top5=['YCR011C', 'YOR087W', 'YGL006W', 'YAL026C', 'YJR001W'] sce04011 median rank=3184 (random~3367)
SCN3A (ion_channel, n/a): top5=['YCR011C', 'YOR087W', 'YAL026C', 'YDR093W', 'YGR281W'] sce04011 median rank=3280 (random~3367)
SCN9A (ion_channel, n/a): top5=['YCR011C', 'YOR087W', 'YGL006W', 'YJR001W', 'YDR093W'] sce04011 median rank=3208 (random~3367)
SCN8A (ion_channel, n/a): top5=['YCR011C', 'YOR087W', 'YAL026C', 'YDR093W', 'YER166W'] sce04011 median rank=3367 (random~3367)
CACNA1F (ion_channel, n/a): top5=['YER166W', 'YNL307C', 'YKL145W', 'YDR093W', 'YGR281W'] sce04011 median rank=3883 (random~3367)
SCN10A (ion_channel, n/a): top5=['YGR281W', 'YOR087W', 'YDR093W', 'YER166W', 'YOL075C'] sce04011 median rank=3344 (random~3367)
CACNA1S (ion_channel, n/a): top5=['YER166W', 'YGR281W', 'YDR093W', 'YNL307C', 'YOL075C'] sce04011 median rank=3736 (random~3367)
TRPM7 (ion_channel, n/a): top5=['YBR114W', 'YPL050C', 'YEL077C', 'YIL143C', 'YLR466W'] sce04011 median rank=3018 (random~3367)
SCN4A (ion_channel, n/a): top5=['YGR281W', 'YER166W', 'YAL026C', 'YDR039C', 'YDR040C'] sce04011 median rank=3408 (random~3367)
SCN11A (ion_channel, n/a): top5=['YOL075C', 'YDR135C', 'YOR087W', 'YCR011C', 'YGL006W'] sce04011 median rank=3202 (random~3367)
NALCN (ion_channel, n/a): top5=['YOR087W', 'YBL111C', 'YHR218W', 'YNL095C', 'YJR001W'] sce04011 median rank=3284 (random~3367)
PKD1L3 (ion_channel, n/a): top5=['YHR218W', 'YEL077C', 'YLR466W', 'YBL111C', 'YLL067C'] sce04011 median rank=2492 (random~3367)
TRPM3 (ion_channel, n/a): top5=['YBL105C', 'YPR019W', 'YNR011C', 'YFR028C', 'YER013W'] sce04011 median rank=2952 (random~3367)
TRPM1 (ion_channel, n/a): top5=['YGL163C', 'YDL007W', 'YBR202W', 'YPR019W', 'YNR011C'] sce04011 median rank=3397 (random~3367)
ADGRB2 (gpcr, n/a): top5=['YIL143C', 'YER148W', 'YPR204W', 'YMR109W', 'YCR047C'] sce04011 median rank=3332 (random~3367)
ADGRB1 (gpcr, n/a): top5=['YER025W', 'YFL066C', 'YER148W', 'YIL143C', 'YDR091C'] sce04011 median rank=3298 (random~3367)
ADGRB3 (gpcr, n/a): top5=['YEL013W', 'YER069W', 'YPR016C', 'YNL191W', 'YLR375W'] sce04011 median rank=2964 (random~3367)
TRPM2 (ion_channel, n/a): top5=['YFL066C', 'YER072W', 'YER025W', 'YER148W', 'YLR229C'] sce04011 median rank=3380 (random~3367)
GRIN2B (ion_channel, n/a): top5=['YCR008W', 'YJL128C', 'YBR235W', 'YLR328W', 'YDL001W'] sce04011 median rank=2704 (random~3367)
CFTR (ion_channel, n/a): top5=['YDR135C', 'YLL015W', 'YKL209C', 'YLL048C', 'YJR040W'] sce04011 median rank=2968 (random~3367)
ADGRL1 (gpcr, n/a): top5=['YKL145W', 'YLR258W', 'YOR117W', 'YER166W', 'YDR394W'] sce04011 median rank=3984 (random~3367)
GRIN2A (ion_channel, n/a): top5=['YPR019W', 'YFR048W', 'YKR050W', 'YCR008W', 'YBR235W'] sce04011 median rank=2716 (random~3367)
ADGRL2 (gpcr, n/a): top5=['YBR023C', 'YIR026C', 'YNR011C', 'YGR092W', 'YKL135C'] sce04011 median rank=3023 (random~3367)
ADGRL3 (gpcr, n/a): top5=['YIR026C', 'YNR011C', 'YGR092W', 'YBR023C', 'YDR093W'] sce04011 median rank=2980 (random~3367)
ADGRF5 (gpcr, n/a): top5=['YBR295W', 'YCR011C', 'YDR135C', 'YGR197C', 'YNL095C'] sce04011 median rank=3148 (random~3367)
ADGRA2 (gpcr, n/a): top5=['YPR204W', 'YEL077C', 'YLR466W', 'YPL245W', 'YLL067C'] sce04011 median rank=3423 (random~3367)
GRIN2D (ion_channel, n/a): top5=['YER148W', 'YGL008C', 'YNR053C', 'YER025W', 'YIL143C'] sce04011 median rank=3409 (random~3367)
ADGRA3 (gpcr, n/a): top5=['YEL013W', 'YIL143C', 'YFL066C', 'YCR047C', 'YLR113W'] sce04011 median rank=3258 (random~3367)
CNGB1 (ion_channel, n/a): top5=['YER159C', 'YBL021C', 'YFR014C', 'YLL008W', 'YNL148C'] sce04011 median rank=4230 (random~3367)
KCNMA1 (ion_channel, n/a): top5=['YFL026W', 'YIL143C', 'YEL013W', 'YIL048W', 'YER171W'] sce04011 median rank=3250 (random~3367)
GRIN2C (ion_channel, n/a): top5=['YFL066C', 'YER025W', 'YER072W', 'YER148W', 'YDR091C'] sce04011 median rank=3364 (random~3367)
KCNT1 (ion_channel, n/a): top5=['YER025W', 'YEL027W', 'YDR091C', 'YPL086C', 'YFL066C'] sce04011 median rank=3322 (random~3367)
ADGRG6 (gpcr, n/a): top5=['YEL013W', 'YFL066C', 'YFL026W', 'YOR061W', 'YOR378W'] sce04011 median rank=3160 (random~3367)
GPR158 (gpcr, n/a): top5=['YPR204W', 'YFL066C', 'YEL077C', 'YIL143C', 'YER148W'] sce04011 median rank=3184 (random~3367)
TRPM4 (ion_channel, n/a): top5=['YER072W', 'YGL008C', 'YER148W', 'YMR109W', 'YPL036W'] sce04011 median rank=3356 (random~3367)
GRM5 (gpcr, n/a): top5=['YAL026C', 'YKL129C', 'YGL120C', 'YKL104C', 'YBR080C'] sce04011 median rank=3340 (random~3367)
HCN4 (ion_channel, n/a): top5=['YHR030C', 'YHR135C', 'YGR152C', 'YKL129C', 'YEL077C'] sce04011 median rank=2966 (random~3367)
KCNH7 (ion_channel, n/a): top5=['YOL113W', 'YLR362W', 'YDR477W', 'YNL161W', 'YBR274W'] sce04011 median rank=2302 (random~3367)
GRM1 (gpcr, n/a): top5=['YHR030C', 'YKL104C', 'YAL026C', 'YGR152C', 'YGL120C'] sce04011 median rank=3332 (random~3367)
TRPM5 (ion_channel, n/a): top5=['YER072W', 'YGL008C', 'YER148W', 'YPL036W', 'YLR229C'] sce04011 median rank=3476 (random~3367)
KCNH2 (ion_channel, n/a): top5=['YJL225C', 'YIL177C', 'YHR030C', 'YER190W', 'YGL163C'] sce04011 median rank=3387 (random~3367)
CACNA2D2 (ion_channel, n/a): top5=['YER025W', 'YDR091C', 'YFL066C', 'YNR053C', 'YPR016C'] sce04011 median rank=3380 (random~3367)
KCNU1 (ion_channel, n/a): top5=['YJL093C', 'YLR241W', 'YOR291W', 'YBR235W', 'YNL321W'] sce04011 median rank=2568 (random~3367)
CACNA2D4 (ion_channel, n/a): top5=['YGL120C', 'YLR234W', 'YJL030W', 'YDL140C', 'YGL063W'] sce04011 median rank=3853 (random~3367)
KCNT2 (ion_channel, n/a): top5=['YER025W', 'YDR091C', 'YPL086C', 'YEL027W', 'YPR016C'] sce04011 median rank=3360 (random~3367)
TRPA1 (ion_channel, n/a): top5=['YBR235W', 'YMR080C', 'YGL006W', 'YNL021W', 'YDR264C'] sce04011 median rank=2953 (random~3367)
GRIN3A (ion_channel, n/a): top5=['YFL066C', 'YPR016C', 'YEL013W', 'YER025W', 'YDR091C'] sce04011 median rank=3214 (random~3367)
KCNH8 (ion_channel, n/a): top5=['YOL113W', 'YDR477W', 'YDR292C', 'YBR274W', 'YLR362W'] sce04011 median rank=2417 (random~3367)
TRPM8 (ion_channel, n/a): top5=['YEL013W', 'YIL143C', 'YHR128W', 'YDR021W', 'YGR252W'] sce04011 median rank=3282 (random~3367)
CACNA2D1 (ion_channel, n/a): top5=['YDR091C', 'YER025W', 'YPR016C', 'YHR128W', 'YER069W'] sce04011 median rank=3396 (random~3367)
CACNA2D3 (ion_channel, n/a): top5=['YGL120C', 'YKR002W', 'YDL140C', 'YJL030W', 'YOR270C'] sce04011 median rank=3714 (random~3367)
KCNH3 (ion_channel, n/a): top5=['YER190W', 'YJL225C', 'YIL177C', 'YLL067C', 'YLR466W'] sce04011 median rank=3392 (random~3367)
ADGRF3 (gpcr, n/a): top5=['YHR189W', 'YGL126W', 'YER190W', 'YNR057C', 'YJL225C'] sce04011 median rank=3648 (random~3367)
CASR (gpcr, n/a): top5=['YBR235W', 'YDR375C', 'YAL026C', 'YKL104C', 'YPL175W'] sce04011 median rank=2960 (random~3367)
GRIN3B (ion_channel, n/a): top5=['YEL026W', 'YER148W', 'YNR053C', 'YER025W', 'YLR367W'] sce04011 median rank=3386 (random~3367)
ADGRG2 (gpcr, n/a): top5=['YPR204W', 'YEL077C', 'YLR113W', 'YEL013W', 'YLR466W'] sce04011 median rank=3176 (random~3367)
KCNH4 (ion_channel, n/a): top5=['YJL225C', 'YIL177C', 'YBL105C', 'YER190W', 'YHR135C'] sce04011 median rank=2930 (random~3367)
GRID1 (ion_channel, n/a): top5=['YOL075C', 'YDR093W', 'YIR026C', 'YBR023C', 'YNR011C'] sce04011 median rank=3204 (random~3367)
GRID2 (ion_channel, n/a): top5=['YOL075C', 'YDR093W', 'YBR023C', 'YIL047C', 'YDR135C'] sce04011 median rank=3227 (random~3367)
ANO2 (ion_channel, n/a): top5=['YER166W', 'YGL120C', 'YBR038W', 'YHR107C', 'YDR093W'] sce04011 median rank=3620 (random~3367)
KCNH1 (ion_channel, n/a): top5=['YPL119C', 'YBR080C', 'YMR109W', 'YKL129C', 'YLR113W'] sce04011 median rank=3400 (random~3367)
CLCN1 (ion_channel, n/a): top5=['YHR030C', 'YPL203W', 'YMR109W', 'YGL120C', 'YJL164C'] sce04011 median rank=3447 (random~3367)
KCNH5 (ion_channel, n/a): top5=['YMR080C', 'YGR152C', 'YOR326W', 'YDL001W', 'YBL105C'] sce04011 median rank=3320 (random~3367)
ANO1 (ion_channel, n/a): top5=['YGL163C', 'YBR202W', 'YBR236C', 'YGL130W', 'YGL120C'] sce04011 median rank=3756 (random~3367)
GRIK5 (ion_channel, n/a): top5=['YGL120C', 'YHR030C', 'YPL203W', 'YER166W', 'YGR218W'] sce04011 median rank=3504 (random~3367)
TRPC4 (ion_channel, n/a): top5=['YDR093W', 'YOR087W', 'YGL163C', 'YGL201C', 'YIR026C'] sce04011 median rank=3462 (random~3367)
TRPC5 (ion_channel, n/a): top5=['YIR026C', 'YOR087W', 'YDR093W', 'YGL163C', 'YNL095C'] sce04011 median rank=3244 (random~3367)
PKD2 (ion_channel, n/a): top5=['YER072W', 'YFL066C', 'YLR229C', 'YPR165W', 'YER025W'] sce04011 median rank=3480 (random~3367)
LGR6 (gpcr, n/a): top5=['YPR204W', 'YEL077C', 'YLR466W', 'YGL008C', 'YBL112C'] sce04011 median rank=3261 (random~3367)
ADGRD2 (gpcr, n/a): top5=['YHR189W', 'YHR169W', 'YKL086W', 'YPL067C', 'YPL218W'] sce04011 median rank=4402 (random~3367)
GABBR1 (gpcr, n/a): top5=['YER025W', 'YEL027W', 'YAL064C-A', 'YFL066C', 'YPL086C'] sce04011 median rank=3232 (random~3367)
KCNH6 (ion_channel, n/a): top5=['YHR030C', 'YHR005C', 'YGR152C', 'YDL057W', 'YER190W'] sce04011 median rank=3010 (random~3367)
GRIK4 (ion_channel, n/a): top5=['YGL120C', 'YHR030C', 'YER166W', 'YPL203W', 'YAL026C'] sce04011 median rank=3508 (random~3367)
LGR4 (gpcr, n/a): top5=['YEL077C', 'YLR466W', 'YEL013W', 'YHR218W', 'YFL066C'] sce04011 median rank=3050 (random~3367)
GABBR2 (gpcr, n/a): top5=['YDR135C', 'YBR235W', 'YDR375C', 'YNL095C', 'YHL003C'] sce04011 median rank=3145 (random~3367)
GRIN1 (ion_channel, n/a): top5=['YFL066C', 'YER025W', 'YAL064C-A', 'YPL086C', 'YPR016C'] sce04011 median rank=3296 (random~3367)
KCNQ5 (ion_channel, n/a): top5=['YML133C', 'YJL225C', 'YLL066C', 'YIL177C', 'YLL067C'] sce04011 median rank=2972 (random~3367)
TRPC6 (ion_channel, n/a): top5=['YFL066C', 'YEL013W', 'YER025W', 'YJR065C', 'YPL086C'] sce04011 median rank=3294 (random~3367)
GPRC6A (gpcr, n/a): top5=['YDR331W', 'YIL048W', 'YIL088C', 'YBR235W', 'YHR132C'] sce04011 median rank=2787 (random~3367)
TRPC3 (ion_channel, n/a): top5=['YFL066C', 'YER025W', 'YPL086C', 'YAL064C-A', 'YDR091C'] sce04011 median rank=3362 (random~3367)
GRIK3 (ion_channel, n/a): top5=['YPL203W', 'YBR160W', 'YLR113W', 'YJL164C', 'YHR030C'] sce04011 median rank=3564 (random~3367)
GRIK1 (ion_channel, n/a): top5=['YAL026C', 'YKL146W', 'YGR040W', 'YKL166C', 'YER171W'] sce04011 median rank=3262 (random~3367)
GRM7 (gpcr, n/a): top5=['YER025W', 'YLR229C', 'YDR091C', 'YPL086C', 'YEL027W'] sce04011 median rank=3381 (random~3367)
GRM4 (gpcr, n/a): top5=['YLR229C', 'YDR091C', 'YPR165W', 'YER025W', 'YHR128W'] sce04011 median rank=3412 (random~3367)
KCNB2 (ion_channel, n/a): top5=['YBL105C', 'YGL208W', 'YHR135C', 'YPL204W', 'YGR152C'] sce04011 median rank=2872 (random~3367)
ADGRF1 (gpcr, n/a): top5=['YDR135C', 'YJR001W', 'YHR132C', 'YNL095C', 'YGR197C'] sce04011 median rank=3110 (random~3367)
ANO6 (ion_channel, n/a): top5=['YBR038W', 'YHL003C', 'YNR048W', 'YBR236C', 'YAL026C'] sce04011 median rank=3474 (random~3367)
GRM8 (gpcr, n/a): top5=['YDR091C', 'YPL086C', 'YPR016C', 'YER025W', 'YHR128W'] sce04011 median rank=3243 (random~3367)
GRIK2 (ion_channel, n/a): top5=['YBL016W', 'YBR160W', 'YLR113W', 'YJL164C', 'YAL026C'] sce04011 median rank=3416 (random~3367)
LGR5 (gpcr, n/a): top5=['YMR080C', 'YHR218W', 'YLR466W', 'YEL077C', 'YER190W'] sce04011 median rank=2960 (random~3367)
GRIA1 (ion_channel, n/a): top5=['YKR059W', 'YJL050W', 'YLR113W', 'YJR065C', 'YPR173C'] sce04011 median rank=3672 (random~3367)
TMC2 (ion_channel, n/a): top5=['YER148W', 'YIL143C', 'YMR109W', 'YKL129C', 'YEL051W'] sce04011 median rank=3368 (random~3367)
GRIA4 (ion_channel, n/a): top5=['YKR059W', 'YJL050W', 'YLR113W', 'YBL016W', 'YJR065C'] sce04011 median rank=3561 (random~3367)
CLCN2 (ion_channel, n/a): top5=['YLR229C', 'YER148W', 'YMR109W', 'YPR182W', 'YPL266W'] sce04011 median rank=3412 (random~3367)
GRIA3 (ion_channel, n/a): top5=['YKR059W', 'YJR065C', 'YJL050W', 'YLR113W', 'YNL290W'] sce04011 median rank=3584 (random~3367)
HCN1 (ion_channel, n/a): top5=['YKL129C', 'YLR113W', 'YMR109W', 'YHR030C', 'YDL001W'] sce04011 median rank=3374 (random~3367)
HCN2 (ion_channel, n/a): top5=['YMR109W', 'YKL129C', 'YLR113W', 'YER148W', 'YOR204W'] sce04011 median rank=3478 (random~3367)
ADGRE1 (gpcr, n/a): top5=['YFL066C', 'YEL013W', 'YLR229C', 'YPR165W', 'YKR059W'] sce04011 median rank=3389 (random~3367)
GRIA2 (ion_channel, n/a): top5=['YJR065C', 'YBL016W', 'YLR113W', 'YJL050W', 'YAL026C'] sce04011 median rank=3420 (random~3367)
GRM3 (gpcr, n/a): top5=['YBL016W', 'YER171W', 'YAL026C', 'YDR196C', 'YBR160W'] sce04011 median rank=3296 (random~3367)
GRM6 (gpcr, n/a): top5=['YLR229C', 'YER025W', 'YEL027W', 'YEL026W', 'YPR165W'] sce04011 median rank=3412 (random~3367)
ADGRD1 (gpcr, n/a): top5=['YFL066C', 'YEL013W', 'YFL026W', 'YER039C', 'YER072W'] sce04011 median rank=3016 (random~3367)
GRM2 (gpcr, n/a): top5=['YLR234W', 'YGL008C', 'YKR059W', 'YDL229W', 'YJL014W'] sce04011 median rank=3726 (random~3367)
KCNQ3 (ion_channel, n/a): top5=['YLL066C', 'YML133C', 'YLL067C', 'YJL225C', 'YIL177C'] sce04011 median rank=3194 (random~3367)
KCNQ2 (ion_channel, n/a): top5=['YLL067C', 'YEL077C', 'YLL066C', 'YML133C', 'YIL177C'] sce04011 median rank=3039 (random~3367)
TRPV4 (ion_channel, n/a): top5=['YGR296W', 'YPL283C', 'YNL339C', 'YDR545W', 'YLR467W'] sce04011 median rank=3562 (random~3367)
TRPC7 (ion_channel, n/a): top5=['YFL066C', 'YER025W', 'YPL086C', 'YDR091C', 'YAL064C-A'] sce04011 median rank=3343 (random~3367)
KCNB1 (ion_channel, n/a): top5=['YPL204W', 'YHR135C', 'YGR152C', 'YNL154C', 'YBL105C'] sce04011 median rank=2908 (random~3367)
LRRC8D (ion_channel, n/a): top5=['YFL066C', 'YEL013W', 'YIL143C', 'YER148W', 'YNL006W'] sce04011 median rank=3474 (random~3367)
TAS1R3 (gpcr, n/a): top5=['YPL218W', 'YLR234W', 'YGR105W', 'YGL008C', 'YPR204W'] sce04011 median rank=3658 (random~3367)
TAS1R1 (gpcr, n/a): top5=['YLR466W', 'YEL077C', 'YPR204W', 'YJL108C', 'YHR218W-A'] sce04011 median rank=3255 (random~3367)
TAS1R2 (gpcr, n/a): top5=['YDR135C', 'YBR243C', 'YMR034C', 'YLR466W', 'YJR124C'] sce04011 median rank=3122 (random~3367)
TRPV1 (ion_channel, n/a): top5=['YLR467W', 'YOR396W', 'YDR545W', 'YNL339C', 'YGR296W'] sce04011 median rank=3400 (random~3367)
ADGRE5 (gpcr, n/a): top5=['YER125W', 'YLR466W', 'YER190W', 'YPL203W', 'YPR204W'] sce04011 median rank=3382 (random~3367)
TMEM63B (ion_channel, n/a): top5=['YOR270C', 'YLR466W', 'YEL077C', 'YFL026W', 'YBR080C'] sce04011 median rank=3400 (random~3367)
ADGRE2 (gpcr, n/a): top5=['YPL203W', 'YLR229C', 'YKR059W', 'YPR182W', 'YKL190W'] sce04011 median rank=3498 (random~3367)
TPCN1 (ion_channel, n/a): top5=['YFL066C', 'YER072W', 'YLR229C', 'YKR059W', 'YNL006W'] sce04011 median rank=3416 (random~3367)
GPR156 (gpcr, n/a): top5=['YEL077C', 'YLR466W', 'YPR204W', 'YLL067C', 'YHR218W'] sce04011 median rank=2392 (random~3367)
LRRC8A (ion_channel, n/a): top5=['YFL066C', 'YER148W', 'YER072W', 'YIL143C', 'YNL006W'] sce04011 median rank=3502 (random~3367)
CNGB3 (ion_channel, n/a): top5=['YHR030C', 'YBL105C', 'YDL160C', 'YHR135C', 'YHR005C'] sce04011 median rank=3418 (random~3367)
TMEM63A (ion_channel, n/a): top5=['YMR034C', 'YPL221W', 'YLR466W', 'YOR270C', 'YEL077C'] sce04011 median rank=3296 (random~3367)
TMEM63C (ion_channel, n/a): top5=['YPL221W', 'YMR034C', 'YBR235W', 'YNL095C', 'YOL122C'] sce04011 median rank=3300 (random~3367)
PKD2L1 (ion_channel, n/a): top5=['YER072W', 'YFL066C', 'YLR229C', 'YPR165W', 'YGL008C'] sce04011 median rank=3508 (random~3367)
LRRC8B (ion_channel, n/a): top5=['YIL143C', 'YEL013W', 'YOR061W', 'YKL129C', 'YER148W'] sce04011 median rank=3350 (random~3367)
LRRC8C (ion_channel, n/a): top5=['YIL143C', 'YER148W', 'YDR129C', 'YJL050W', 'YKL190W'] sce04011 median rank=3506 (random~3367)
SCNN1D (ion_channel, n/a): top5=['YPR204W', 'YFL066C', 'YEL077C', 'YBL112C', 'YHR218W-A'] sce04011 median rank=3610 (random~3367)
ADGRG7 (gpcr, n/a): top5=['YFL026W', 'YEL013W', 'YER039C', 'YOR061W', 'YKL146W'] sce04011 median rank=3048 (random~3367)
LRRC8E (ion_channel, n/a): top5=['YMR230W', 'YOR293W', 'YOR224C', 'YJR047C', 'YEL034W'] sce04011 median rank=4086 (random~3367)
TRPC1 (ion_channel, n/a): top5=['YOR087W', 'YOL075C', 'YDR135C', 'YDR093W', 'YOR034C'] sce04011 median rank=3442 (random~3367)
TRPV3 (ion_channel, n/a): top5=['YOR087W', 'YGR092W', 'YMR288W', 'YCR048W', 'YIR026C'] sce04011 median rank=3388 (random~3367)
SMO (gpcr, n/a): top5=['YER025W', 'YFL066C', 'YER148W', 'YDR091C', 'YPR016C'] sce04011 median rank=3384 (random~3367)
CATSPER1 (ion_channel, n/a): top5=['YGL208W', 'YCR008W', 'YML133C', 'YIL177C', 'YJL225C'] sce04011 median rank=1801 (random~3367)
HCN3 (ion_channel, n/a): top5=['YMR109W', 'YPL203W', 'YLR113W', 'YER148W', 'YKL129C'] sce04011 median rank=3596 (random~3367)
NOX5 (ion_channel, n/a): top5=['YER072W', 'YER148W', 'YGL008C', 'YLR229C', 'YPL266W'] sce04011 median rank=3390 (random~3367)
TRPV6 (ion_channel, n/a): top5=['YER190W', 'YLR467W', 'YOR396W', 'YDR545W', 'YNL339C'] sce04011 median rank=3420 (random~3367)
TSHR (gpcr, n/a): top5=['YDR021W', 'YOR257W', 'YLR113W', 'YHR218W', 'YEL013W'] sce04011 median rank=3279 (random~3367)
TRPV2 (ion_channel, n/a): top5=['YER190W', 'YLR467W', 'YDR545W', 'YOR396W', 'YLR466W'] sce04011 median rank=3032 (random~3367)
TMC1 (ion_channel, n/a): top5=['YPL036W', 'YER072W', 'YGL008C', 'YER148W', 'YDR129C'] sce04011 median rank=3655 (random~3367)
SLC26A6 (ion_channel, n/a): top5=['YER072W', 'YPR165W', 'YKR059W', 'YLR229C', 'YPL218W'] sce04011 median rank=3629 (random~3367)
RXFP1 (gpcr, n/a): top5=['YIL048W', 'YBR287W', 'YPL050C', 'YER039C', 'YML018C'] sce04011 median rank=2748 (random~3367)
KCNC3 (ion_channel, n/a): top5=['YOR204W', 'YOR185C', 'YPR204W', 'YDL126C', 'YGL058W'] sce04011 median rank=3640 (random~3367)
RXFP2 (gpcr, n/a): top5=['YIL048W', 'YBR235W', 'YBR287W', 'YBR043C', 'YML018C'] sce04011 median rank=2738 (random~3367)
TPCN2 (ion_channel, n/a): top5=['YFL066C', 'YER072W', 'YLR229C', 'YGL008C', 'YHR218W-A'] sce04011 median rank=3342 (random~3367)
GPR149 (gpcr, n/a): top5=['YGL053W', 'YBR240C', 'YGL146C', 'YAR031W', 'YOR299W'] sce04011 median rank=2058 (random~3367)
KCNN3 (ion_channel, n/a): top5=['YHR135C', 'YNL154C', 'YBL105C', 'YPL204W', 'YBR235W'] sce04011 median rank=2910 (random~3367)
TRPV5 (ion_channel, n/a): top5=['YHL003C', 'YER190W', 'YCR048W', 'YDR545W', 'YLR467W'] sce04011 median rank=3450 (random~3367)
TMC4 (ion_channel, n/a): top5=['YER072W', 'YGL008C', 'YHR218W-A', 'YBL112C', 'YPR204W'] sce04011 median rank=3340 (random~3367)
ADGRF2P (gpcr, n/a): top5=['YDR135C', 'YDL057W', 'YIR026C', 'YOL075C', 'YKL161C'] sce04011 median rank=3437 (random~3367)
FZD6 (gpcr, n/a): top5=['YIR026C', 'YBR023C', 'YNR011C', 'YKL135C', 'YHL017W'] sce04011 median rank=3319 (random~3367)
CLIC6 (ion_channel, n/a): top5=['YHR169W', 'YGR214W', 'YLR048W', 'YJR047C', 'YLR293C'] sce04011 median rank=4649 (random~3367)
SLC26A1 (ion_channel, n/a): top5=['YER072W', 'YPL218W', 'YGL008C', 'YLR234W', 'YLR147C'] sce04011 median rank=3750 (random~3367)
LHCGR (gpcr, n/a): top5=['YLR113W', 'YDR021W', 'YER039C', 'YOR257W', 'YDL006W'] sce04011 median rank=3278 (random~3367)
FSHR (gpcr, n/a): top5=['YEL013W', 'YFL066C', 'YOR378W', 'YFL026W', 'YLR229C'] sce04011 median rank=3278 (random~3367)
ADGRF4 (gpcr, n/a): top5=['YDR135C', 'YPL006W', 'YBR220C', 'YHR132C', 'YKR053C'] sce04011 median rank=3046 (random~3367)
KCNQ4 (ion_channel, n/a): top5=['YEL077C', 'YPR204W', 'YLR466W', 'YER190W', 'YLL067C'] sce04011 median rank=3377 (random~3367)
FZD8 (gpcr, n/a): top5=['YER072W', 'YGL008C', 'YPL266W', 'YLL024C', 'YPL036W'] sce04011 median rank=3568 (random~3367)
CNGA3 (ion_channel, n/a): top5=['YHR030C', 'YDL001W', 'YLR113W', 'YGR152C', 'YJL164C'] sce04011 median rank=3413 (random~3367)
ADGRG1 (gpcr, n/a): top5=['YLR466W', 'YEL077C', 'YPR204W', 'YCR047C', 'YER190W'] sce04011 median rank=2966 (random~3367)
ADGRL4 (gpcr, n/a): top5=['YDR135C', 'YEL064C', 'YOL075C', 'YJR001W', 'YCR011C'] sce04011 median rank=3130 (random~3367)
CLCNKA (ion_channel, n/a): top5=['YJL108C', 'YER039C', 'YMR109W', 'YLR229C', 'YLR113W'] sce04011 median rank=3267 (random~3367)
CLCNKB (ion_channel, n/a): top5=['YJL108C', 'YER039C', 'YLR229C', 'YLR113W', 'YMR109W'] sce04011 median rank=3376 (random~3367)
CNGA1 (ion_channel, n/a): top5=['YOR326W', 'YIL048W', 'YDL001W', 'YBR043C', 'YPL204W'] sce04011 median rank=3140 (random~3367)
PANX2 (ion_channel, n/a): top5=['YNL148C', 'YDL145C', 'YIR004W', 'YAL025C', 'YDL031W'] sce04011 median rank=4446 (random~3367)
KCNQ1 (ion_channel, n/a): top5=['YER190W', 'YLL067C', 'YLL066C', 'YML133C', 'YJL225C'] sce04011 median rank=3391 (random~3367)
SCNN1A (ion_channel, n/a): top5=['YFL066C', 'YEL013W', 'YER025W', 'YPR016C', 'YDR091C'] sce04011 median rank=3166 (random~3367)
BEST3 (ion_channel, n/a): top5=['YOR039W', 'YBR236C', 'YIL106W', 'YNR048W', 'YGL163C'] sce04011 median rank=3388 (random~3367)
FZD3 (gpcr, n/a): top5=['YIL047C', 'YKL008C', 'YKR051W', 'YJR040W', 'YHL003C'] sce04011 median rank=3094 (random~3367)
CNGA2 (ion_channel, n/a): top5=['YLR113W', 'YOR257W', 'YMR109W', 'YNL290W', 'YJL164C'] sce04011 median rank=3466 (random~3367)
CACNB2 (ion_channel, n/a): top5=['YER025W', 'YLR175W', 'YDR091C', 'YNR053C', 'YJR007W'] sce04011 median rank=3364 (random~3367)
KCND3 (ion_channel, n/a): top5=['YPL204W', 'YBR043C', 'YGR152C', 'YKL146W', 'YHR135C'] sce04011 median rank=2808 (random~3367)
KCNA4 (ion_channel, n/a): top5=['YER125W', 'YHR030C', 'YER020W', 'YNL288W', 'YER166W'] sce04011 median rank=3279 (random~3367)
ADGRE3 (gpcr, n/a): top5=['YLR229C', 'YKR059W', 'YPR165W', 'YLR113W', 'YDR021W'] sce04011 median rank=3560 (random~3367)
SCNN1G (ion_channel, n/a): top5=['YIL143C', 'YHR218W', 'YLR466W', 'YDL001W', 'YEL077C'] sce04011 median rank=3188 (random~3367)
FZD1 (gpcr, n/a): top5=['YMR109W', 'YJL014W', 'YBL075C', 'YDR129C', 'YPL266W'] sce04011 median rank=3634 (random~3367)
KCND1 (ion_channel, n/a): top5=['YPL203W', 'YHR030C', 'YMR109W', 'YLR113W', 'YJL164C'] sce04011 median rank=3398 (random~3367)
SCNN1B (ion_channel, n/a): top5=['YIL143C', 'YDL001W', 'YOR061W', 'YER171W', 'YKL146W'] sce04011 median rank=3317 (random~3367)
KCNC2 (ion_channel, n/a): top5=['YHR030C', 'YER125W', 'YPL203W', 'YER020W', 'YGR152C'] sce04011 median rank=3216 (random~3367)
KCNC4 (ion_channel, n/a): top5=['YPL203W', 'YOR204W', 'YLR234W', 'YHR030C', 'YDL126C'] sce04011 median rank=3701 (random~3367)
GABRQ (ion_channel, n/a): top5=['YER125W', 'YDL188C', 'YDR040C', 'YDR039C', 'YDR038C'] sce04011 median rank=3142 (random~3367)
KCND2 (ion_channel, n/a): top5=['YLR113W', 'YMR109W', 'YOR257W', 'YHR030C', 'YPL203W'] sce04011 median rank=3198 (random~3367)
CHRNA4 (ion_channel, n/a): top5=['YPL203W', 'YMR109W', 'YKL129C', 'YHR030C', 'YGL120C'] sce04011 median rank=3533 (random~3367)
PKD2L2 (ion_channel, n/a): top5=['YER039C', 'YEL013W', 'YOR061W', 'YHR128W', 'YBR114W'] sce04011 median rank=2970 (random~3367)
GPR50 (gpcr, n/a): top5=['YHR219W', 'YKL145W', 'YHL050C', 'YLL067C', 'YOL084W'] sce04011 median rank=4075 (random~3367)
GPR37 (gpcr, n/a): top5=['YHL042W', 'YML133C', 'YLL066C', 'YLL067C', 'YHL050C'] sce04011 median rank=4000 (random~3367)
KCNA5 (ion_channel, n/a): top5=['YPL203W', 'YLR234W', 'YHR030C', 'YER125W', 'YPL218W'] sce04011 median rank=3381 (random~3367)
OTOP1 (ion_channel, n/a): top5=['YOL110W', 'YLR258W', 'YGL054C', 'YLR342W', 'YOR103C'] sce04011 median rank=4608 (random~3367)
GPR153 (gpcr, n/a): top5=['YPR204W', 'YFL066C', 'YEL077C', 'YLR466W', 'YHR218W'] sce04011 median rank=3134 (random~3367)
CACNB1 (ion_channel, n/a): top5=['YER025W', 'YNR053C', 'YPL266W', 'YDR091C', 'YLR175W'] sce04011 median rank=3394 (random~3367)
OTOP3 (ion_channel, n/a): top5=['YER072W', 'YFL066C', 'YOR293W', 'YMR230W', 'YGL008C'] sce04011 median rank=3861 (random~3367)
P2RX7 (ion_channel, n/a): top5=['YNL323W', 'YLR466W', 'YNR048W', 'YER190W', 'YGL130W'] sce04011 median rank=3298 (random~3367)
PTH1R (gpcr, n/a): top5=['YLR258W', 'YHR030C', 'YKL145W', 'YGL120C', 'YER166W'] sce04011 median rank=4030 (random~3367)
FZD9 (gpcr, n/a): top5=['YER072W', 'YNR053C', 'YPL266W', 'YJL014W', 'YPR182W'] sce04011 median rank=3609 (random~3367)
CHRM3 (gpcr, n/a): top5=['YBR043C', 'YNL095C', 'YBR235W', 'YPL204W', 'YML018C'] sce04011 median rank=2954 (random~3367)
SLC17A8 (ion_channel, n/a): top5=['YDR536W', 'YBR241C', 'YJL214W', 'YJL219W', 'YLR081W'] sce04011 median rank=3266 (random~3367)
GPR162 (gpcr, n/a): top5=['YFL066C', 'YEL077C', 'YPR204W', 'YEL013W', 'YHR218W'] sce04011 median rank=2829 (random~3367)
FZD5 (gpcr, n/a): top5=['YLR229C', 'YPL266W', 'YMR109W', 'YPR165W', 'YDR091C'] sce04011 median rank=3378 (random~3367)
BEST1 (ion_channel, n/a): top5=['YGL163C', 'YOR039W', 'YOL006C', 'YCR048W', 'YGL130W'] sce04011 median rank=3676 (random~3367)
SLC17A6 (ion_channel, n/a): top5=['YLR081W', 'YJL214W', 'YHR094C', 'YOL156W', 'YJL219W'] sce04011 median rank=3416 (random~3367)
FZD10 (gpcr, n/a): top5=['YMR109W', 'YIL143C', 'YLR113W', 'YPL266W', 'YNL290W'] sce04011 median rank=3448 (random~3367)
MCOLN1 (ion_channel, n/a): top5=['YFL066C', 'YER072W', 'YLR229C', 'YGL008C', 'YEL027W'] sce04011 median rank=3312 (random~3367)
KCNN2 (ion_channel, n/a): top5=['YKL146W', 'YOR270C', 'YER171W', 'YMR109W', 'YLR113W'] sce04011 median rank=3302 (random~3367)
KCNA3 (ion_channel, n/a): top5=['YER125W', 'YHR030C', 'YER020W', 'YNL288W', 'YPL203W'] sce04011 median rank=3139 (random~3367)
CNGA4 (ion_channel, n/a): top5=['YMR109W', 'YLR113W', 'YOR257W', 'YPL203W', 'YJL164C'] sce04011 median rank=3285 (random~3367)
FZD7 (gpcr, n/a): top5=['YJL014W', 'YPL266W', 'YMR109W', 'YPR182W', 'YER072W'] sce04011 median rank=3586 (random~3367)
ADRA1D (gpcr, n/a): top5=['YLR293C', 'YOR185C', 'YDL084W', 'YPL218W', 'YHR169W'] sce04011 median rank=4386 (random~3367)
CYBB (ion_channel, n/a): top5=['YLR229C', 'YDR091C', 'YPL086C', 'YPL266W', 'YJR065C'] sce04011 median rank=3508 (random~3367)
MCOLN2 (ion_channel, n/a): top5=['YIL143C', 'YER171W', 'YKL146W', 'YOR257W', 'YAL026C'] sce04011 median rank=3188 (random~3367)
FZD2 (gpcr, n/a): top5=['YMR109W', 'YJL108C', 'YJL014W', 'YGR252W', 'YPL266W'] sce04011 median rank=3341 (random~3367)
OTOP2 (ion_channel, n/a): top5=['YER072W', 'YPR204W', 'YGL008C', 'YPL036W', 'YFL066C'] sce04011 median rank=3670 (random~3367)
ADGRA1 (gpcr, n/a): top5=['YPR204W', 'YEL077C', 'YLR466W', 'YFL066C', 'YBL112C'] sce04011 median rank=3173 (random~3367)
SLC17A7 (ion_channel, n/a): top5=['YBR241C', 'YHR094C', 'YDR345C', 'YLR081W', 'YHR092C'] sce04011 median rank=3519 (random~3367)
TMEM87A (ion_channel, n/a): top5=['YIL143C', 'YEL077C', 'YPR204W', 'YLR466W', 'YCR047C'] sce04011 median rank=3275 (random~3367)
GABRA4 (ion_channel, n/a): top5=['YER025W', 'YJR065C', 'YPL086C', 'YFL039C', 'YNR032C-A'] sce04011 median rank=3513 (random~3367)
GLP2R (gpcr, n/a): top5=['YHL003C', 'YCR048W', 'YDL057W', 'YJR084W', 'YIR026C'] sce04011 median rank=3372 (random~3367)
MCOLN3 (ion_channel, n/a): top5=['YFL066C', 'YER072W', 'YDR091C', 'YLR229C', 'YER025W'] sce04011 median rank=3327 (random~3367)
CLCC1 (ion_channel, n/a): top5=['YAL009W', 'YAL039C', 'YLR326W', 'YML101C', 'YGR029W'] sce04011 median rank=3574 (random~3367)
PTH2R (gpcr, n/a): top5=['YHL003C', 'YNL288W', 'YHR030C', 'YGR281W', 'YOL075C'] sce04011 median rank=3416 (random~3367)
ADGRG3 (gpcr, n/a): top5=['YER072W', 'YPL218W', 'YBL112C', 'YHR218W-A', 'YGL008C'] sce04011 median rank=3376 (random~3367)
KCNV2 (ion_channel, n/a): top5=['YPL203W', 'YHR030C', 'YPL218W', 'YKL190W', 'YER125W'] sce04011 median rank=3470 (random~3367)
KCNN1 (ion_channel, n/a): top5=['YER072W', 'YER148W', 'YGL008C', 'YMR109W', 'YEL051W'] sce04011 median rank=3604 (random~3367)
GPR75 (gpcr, n/a): top5=['YKL219W', 'YGL053W', 'YDL248W', 'YJR161C', 'YGL146C'] sce04011 median rank=2269 (random~3367)
ASIC4 (ion_channel, n/a): top5=['YFL066C', 'YER025W', 'YPR016C', 'YDR091C', 'YLR229C'] sce04011 median rank=3271 (random~3367)
KCNK10 (ion_channel, n/a): top5=['YER125W', 'YDL160C', 'YPR024W', 'YPL221W', 'YDL007W'] sce04011 median rank=3352 (random~3367)
FZD4 (gpcr, n/a): top5=['YER025W', 'YDR091C', 'YPL086C', 'YPR016C', 'YEL027W'] sce04011 median rank=3418 (random~3367)
TTYH2 (ion_channel, n/a): top5=['YPR204W', 'YLR466W', 'YEL077C', 'YGR105W', 'YER072W'] sce04011 median rank=3232 (random~3367)
CHRM5 (gpcr, n/a): top5=['YLR113W', 'YHR030C', 'YEL077C', 'YDR021W', 'YHR218W'] sce04011 median rank=3338 (random~3367)
ASIC3 (ion_channel, n/a): top5=['YPL203W', 'YMR109W', 'YHR030C', 'YOL021C', 'YLR113W'] sce04011 median rank=3096 (random~3367)
CATSPER2 (ion_channel, n/a): top5=['YOR292C', 'YOR301W', 'YNL339C', 'YDR545W', 'YLR467W'] sce04011 median rank=2600 (random~3367)
GPR161 (gpcr, n/a): top5=['YER190W', 'YLR466W', 'YEL077C', 'YHR218W', 'YLR467W'] sce04011 median rank=3194 (random~3367)
KCNA6 (ion_channel, n/a): top5=['YPL203W', 'YER125W', 'YHR030C', 'YJL164C', 'YER020W'] sce04011 median rank=3478 (random~3367)
CHRNA2 (ion_channel, n/a): top5=['YNL090W', 'YDL047W', 'YPL203W', 'YLR113W', 'YJL164C'] sce04011 median rank=3449 (random~3367)
ADGRG5 (gpcr, n/a): top5=['YFL066C', 'YCR047C', 'YLR229C', 'YOR257W', 'YER072W'] sce04011 median rank=3244 (random~3367)
ASIC1 (ion_channel, n/a): top5=['YDR091C', 'YLR229C', 'YKR059W', 'YIL143C', 'YHR128W'] sce04011 median rank=3420 (random~3367)
KCNS1 (ion_channel, n/a): top5=['YHR169W', 'YLR234W', 'YPL218W', 'YGL058W', 'YDL084W'] sce04011 median rank=4075 (random~3367)
TTYH3 (ion_channel, n/a): top5=['YER072W', 'YGL008C', 'YPR204W', 'YPL218W', 'YPL036W'] sce04011 median rank=3572 (random~3367)
NPFFR2 (gpcr, n/a): top5=['YDL006W', 'YEL069C', 'YLR081W', 'YNR072W', 'YJL214W'] sce04011 median rank=3352 (random~3367)
ADRA1B (gpcr, n/a): top5=['YHR030C', 'YBR241C', 'YNL307C', 'YJL225C', 'YIL177C'] sce04011 median rank=3244 (random~3367)
CACNB4 (ion_channel, n/a): top5=['YER025W', 'YPL086C', 'YDR091C', 'YLR175W', 'YEL027W'] sce04011 median rank=3466 (random~3367)
KCNG4 (ion_channel, n/a): top5=['YPL203W', 'YKL190W', 'YER072W', 'YMR109W', 'YOR257W'] sce04011 median rank=3404 (random~3367)
MFSD8 (ion_channel, n/a): top5=['YFL066C', 'YER072W', 'YOR378W', 'YLR229C', 'YEL013W'] sce04011 median rank=3414 (random~3367)
CHRNG (ion_channel, n/a): top5=['YLR229C', 'YER072W', 'YGL008C', 'YKR059W', 'YPR165W'] sce04011 median rank=3352 (random~3367)
CHRND (ion_channel, n/a): top5=['YLR229C', 'YKR059W', 'YPR165W', 'YJR065C', 'YER072W'] sce04011 median rank=3467 (random~3367)
GPR176 (gpcr, n/a): top5=['YHL042W', 'YNR062C', 'YDR313C', 'YNL326C', 'YAR028W'] sce04011 median rank=3980 (random~3367)
KCNG1 (ion_channel, n/a): top5=['YPL203W', 'YER072W', 'YMR109W', 'YOR257W', 'YLR113W'] sce04011 median rank=3272 (random~3367)
GABRB2 (ion_channel, n/a): top5=['YER025W', 'YPL086C', 'YDR091C', 'YFL066C', 'YEL027W'] sce04011 median rank=3352 (random~3367)
ASIC2 (ion_channel, n/a): top5=['YDR091C', 'YHR128W', 'YLR229C', 'YPR016C', 'YER025W'] sce04011 median rank=3384 (random~3367)
KCNC1 (ion_channel, n/a): top5=['YPL203W', 'YJL164C', 'YMR109W', 'YLR113W', 'YLR234W'] sce04011 median rank=3579 (random~3367)
KCNA10 (ion_channel, n/a): top5=['YAL026C', 'YDR039C', 'YER026C', 'YDR038C', 'YDR040C'] sce04011 median rank=3366 (random~3367)
BEST2 (ion_channel, n/a): top5=['YOR224C', 'YLR258W', 'YOL005C', 'YER095W', 'YOR133W'] sce04011 median rank=4048 (random~3367)
GPR101 (gpcr, n/a): top5=['YHL042W', 'YDR313C', 'YKL145W', 'YNL307C', 'YHR219W'] sce04011 median rank=3795 (random~3367)
GABRE (ion_channel, n/a): top5=['YOR061W', 'YKR059W', 'YDR021W', 'YJR065C', 'YIL143C'] sce04011 median rank=3334 (random~3367)
CHRNA3 (ion_channel, n/a): top5=['YDL047W', 'YNL090W', 'YBR164C', 'YAL026C', 'YDR075W'] sce04011 median rank=3320 (random~3367)
ASIC5 (ion_channel, n/a): top5=['YPL006W', 'YDR135C', 'YOL075C', 'YCR011C', 'YMR162C'] sce04011 median rank=3118 (random~3367)
TMEM175 (ion_channel, n/a): top5=['YFL066C', 'YER072W', 'YAL064C-A', 'YEL027W', 'YGL008C'] sce04011 median rank=3209 (random~3367)
CHRNB2 (ion_channel, n/a): top5=['YKR059W', 'YKL190W', 'YLR229C', 'YPR165W', 'YLR113W'] sce04011 median rank=3581 (random~3367)
CHRNA7 (ion_channel, n/a): top5=['YPR165W', 'YLR229C', 'YFL039C', 'YKR059W', 'YER072W'] sce04011 median rank=3634 (random~3367)
CHRNB1 (ion_channel, n/a): top5=['YLR229C', 'YPR165W', 'YHR128W', 'YFL066C', 'YKR059W'] sce04011 median rank=3318 (random~3367)
KCNJ3 (ion_channel, n/a): top5=['YMR109W', 'YLR113W', 'YKL129C', 'YIL143C', 'YOR257W'] sce04011 median rank=3378 (random~3367)
KCNV1 (ion_channel, n/a): top5=['YOR257W', 'YPL203W', 'YHR030C', 'YLR466W', 'YJL164C'] sce04011 median rank=3148 (random~3367)
KCNK5 (ion_channel, n/a): top5=['YEL077C', 'YLR466W', 'YER190W', 'YLL067C', 'YIL177C'] sce04011 median rank=3168 (random~3367)
KCNA2 (ion_channel, n/a): top5=['YHR030C', 'YER125W', 'YBR241C', 'YER020W', 'YJL164C'] sce04011 median rank=3409 (random~3367)
CHRNB4 (ion_channel, n/a): top5=['YKR059W', 'YDL047W', 'YLR113W', 'YNL090W', 'YBR164C'] sce04011 median rank=3538 (random~3367)
GLRB (ion_channel, n/a): top5=['YPR173C', 'YKL190W', 'YOR204W', 'YPL119C', 'YBR164C'] sce04011 median rank=3630 (random~3367)
KCNA1 (ion_channel, n/a): top5=['YER125W', 'YHR030C', 'YAL026C', 'YER020W', 'YBR241C'] sce04011 median rank=3431 (random~3367)
GPR135 (gpcr, n/a): top5=['YPL218W', 'YGL126W', 'YPR204W', 'YHL050C', 'YLR258W'] sce04011 median rank=4073 (random~3367)
CHRNA6 (ion_channel, n/a): top5=['YDL047W', 'YDR373W', 'YNL090W', 'YBR164C', 'YOR094W'] sce04011 median rank=3480 (random~3367)
KCNF1 (ion_channel, n/a): top5=['YER125W', 'YHR030C', 'YPL203W', 'YKL190W', 'YDR373W'] sce04011 median rank=3550 (random~3367)
CHRNE (ion_channel, n/a): top5=['YER072W', 'YFL066C', 'YLR229C', 'YGL008C', 'YPR165W'] sce04011 median rank=3472 (random~3367)
GABRA3 (ion_channel, n/a): top5=['YPL086C', 'YER025W', 'YDR091C', 'YNR032C-A', 'YJR065C'] sce04011 median rank=3470 (random~3367)
KCNS3 (ion_channel, n/a): top5=['YKL166C', 'YKL146W', 'YBR043C', 'YML018C', 'YAL026C'] sce04011 median rank=3132 (random~3367)
PTGER4 (gpcr, n/a): top5=['YFL026W', 'YEL077C', 'YHR218W', 'YLR466W', 'YPR204W'] sce04011 median rank=3174 (random~3367)
HRH1 (gpcr, n/a): top5=['YDR135C', 'YOL075C', 'YBR043C', 'YHL003C', 'YHR032W'] sce04011 median rank=3226 (random~3367)
CACNB3 (ion_channel, n/a): top5=['YNR053C', 'YPL266W', 'YER025W', 'YGR252W', 'YDR091C'] sce04011 median rank=3447 (random~3367)
C3AR1 (gpcr, n/a): top5=['YBR180W', 'YGL104C', 'YHR032W', 'YHR205W', 'YOR292C'] sce04011 median rank=2256 (random~3367)
GPR37L1 (gpcr, n/a): top5=['YOR292C', 'YNL339C', 'YPL283C', 'YGR296W', 'YOR396W'] sce04011 median rank=3297 (random~3367)
HTR2B (gpcr, n/a): top5=['YBR043C', 'YDL194W', 'YHR032W', 'YIL088C', 'YKL126W'] sce04011 median rank=2672 (random~3367)
CHRM4 (gpcr, n/a): top5=['YER072W', 'YGL008C', 'YPL036W', 'YKR059W', 'YFL066C'] sce04011 median rank=3556 (random~3367)
HTR7 (gpcr, n/a): top5=['YEL013W', 'YFL066C', 'YER039C', 'YPR165W', 'YFL026W'] sce04011 median rank=3272 (random~3367)
GABRR1 (ion_channel, n/a): top5=['YFL066C', 'YHR128W', 'YEL013W', 'YLR229C', 'YPR165W'] sce04011 median rank=3156 (random~3367)
CHRNA9 (ion_channel, n/a): top5=['YJR065C', 'YLR229C', 'YFL039C', 'YKR059W', 'YPR165W'] sce04011 median rank=3340 (random~3367)
OPN4 (gpcr, n/a): top5=['YBR241C', 'YPL203W', 'YHR030C', 'YHL003C', 'YGR138C'] sce04011 median rank=3420 (random~3367)
HTR3A (ion_channel, n/a): top5=['YFL066C', 'YLR229C', 'YHR128W', 'YPR016C', 'YOR378W'] sce04011 median rank=3132 (random~3367)
ADRB1 (gpcr, n/a): top5=['YHR169W', 'YPL218W', 'YDL084W', 'YLR293C', 'YOR185C'] sce04011 median rank=4463 (random~3367)
DRD5 (gpcr, n/a): top5=['YBR241C', 'YHR030C', 'YPL203W', 'YER125W', 'YOL075C'] sce04011 median rank=3841 (random~3367)
GCGR (gpcr, n/a): top5=['YHL003C', 'YNL288W', 'YHR030C', 'YFR018C', 'YLR168C'] sce04011 median rank=3512 (random~3367)
KCNS2 (ion_channel, n/a): top5=['YER125W', 'YHR030C', 'YPL203W', 'YER020W', 'YBR241C'] sce04011 median rank=3496 (random~3367)
GABRG2 (ion_channel, n/a): top5=['YPL086C', 'YER025W', 'YDR091C', 'YFL066C', 'YAL064C-A'] sce04011 median rank=3362 (random~3367)
CALCR (gpcr, n/a): top5=['YMR034C', 'YGR281W', 'YHL003C', 'YER125W', 'YBR241C'] sce04011 median rank=3566 (random~3367)
GABRB1 (ion_channel, n/a): top5=['YER025W', 'YPL086C', 'YAL064C-A', 'YEL027W', 'YFL066C'] sce04011 median rank=3404 (random~3367)
GABRB3 (ion_channel, n/a): top5=['YER025W', 'YPL086C', 'YEL027W', 'YFL066C', 'YAL064C-A'] sce04011 median rank=3416 (random~3367)
BEST4 (ion_channel, n/a): top5=['YOR224C', 'YER095W', 'YOL005C', 'YOR133W', 'YLR258W'] sce04011 median rank=4042 (random~3367)
CNR1 (gpcr, n/a): top5=['YEL013W', 'YFL026W', 'YHR218W', 'YBL111C', 'YFL066C'] sce04011 median rank=3113 (random~3367)
CATSPER4 (ion_channel, n/a): top5=['YOR292C', 'YLR019W', 'YOL013C', 'YOR301W', 'YGL053W'] sce04011 median rank=3372 (random~3367)
HTR2A (gpcr, n/a): top5=['YBR043C', 'YML018C', 'YIL088C', 'YJR001W', 'YHR032W'] sce04011 median rank=2566 (random~3367)
P2RX2 (ion_channel, n/a): top5=['YER148W', 'YFL066C', 'YER072W', 'YIL143C', 'YDR339C'] sce04011 median rank=3386 (random~3367)
GPR152 (gpcr, n/a): top5=['YBL113C', 'YGL126W', 'YHR219W', 'YPR204W', 'YFL067W'] sce04011 median rank=3966 (random~3367)
RXFP3 (gpcr, n/a): top5=['YLR466W', 'YEL077C', 'YLR113W', 'YPR204W', 'YHR030C'] sce04011 median rank=3088 (random~3367)
ADCYAP1R1 (gpcr, n/a): top5=['YML018C', 'YMR034C', 'YKL146W', 'YOL122C', 'YAL026C'] sce04011 median rank=3478 (random~3367)
CHRNA5 (ion_channel, n/a): top5=['YDL047W', 'YDR373W', 'YOR094W', 'YNL090W', 'YBR164C'] sce04011 median rank=3432 (random~3367)
GABRR3 (ion_channel, n/a): top5=['YHR128W', 'YER039C', 'YEL013W', 'YOR378W', 'YFL026W'] sce04011 median rank=2960 (random~3367)
GABRG3 (ion_channel, n/a): top5=['YAL064C-A', 'YER025W', 'YFL066C', 'YPL086C', 'YEL027W'] sce04011 median rank=3240 (random~3367)
CHRM2 (gpcr, n/a): top5=['YEL013W', 'YFL066C', 'YNL006W', 'YOR378W', 'YLR229C'] sce04011 median rank=3208 (random~3367)
ADRA1A (gpcr, n/a): top5=['YBR241C', 'YGR152C', 'YBR043C', 'YMR080C', 'YML018C'] sce04011 median rank=3285 (random~3367)
GIPR (gpcr, n/a): top5=['YHL003C', 'YBL082C', 'YFR018C', 'YNR057C', 'YCR048W'] sce04011 median rank=3370 (random~3367)
KCNG2 (ion_channel, n/a): top5=['YER072W', 'YGL008C', 'YLR147C', 'YPL036W', 'YER148W'] sce04011 median rank=3752 (random~3367)
ADRA2A (gpcr, n/a): top5=['YPL218W', 'YPL203W', 'YDL084W', 'YOR185C', 'YHR169W'] sce04011 median rank=4206 (random~3367)
TACR3 (gpcr, n/a): top5=['YLR229C', 'YOR378W', 'YPR165W', 'YJR065C', 'YNL006W'] sce04011 median rank=3282 (random~3367)
GABRR2 (ion_channel, n/a): top5=['YHR128W', 'YEL013W', 'YFL066C', 'YOR378W', 'YLR229C'] sce04011 median rank=3172 (random~3367)
GABRG1 (ion_channel, n/a): top5=['YPL086C', 'YER025W', 'YDR091C', 'YPR016C', 'YEL027W'] sce04011 median rank=3342 (random~3367)
GLRA3 (ion_channel, n/a): top5=['YKR059W', 'YMR109W', 'YOR257W', 'YNL290W', 'YPR165W'] sce04011 median rank=3473 (random~3367)
GLP1R (gpcr, n/a): top5=['YHL003C', 'YBR243C', 'YCR048W', 'YNL275W', 'YBL082C'] sce04011 median rank=3073 (random~3367)
ADRA2C (gpcr, n/a): top5=['YDL084W', 'YHR169W', 'YPL218W', 'YLR293C', 'YOR185C'] sce04011 median rank=4438 (random~3367)
GPR142 (gpcr, n/a): top5=['YFL066C', 'YPR204W', 'YER072W', 'YGL008C', 'YEL077C'] sce04011 median rank=3884 (random~3367)
GABRA5 (ion_channel, n/a): top5=['YPL086C', 'YER025W', 'YAL064C-A', 'YNR032C-A', 'YEL027W'] sce04011 median rank=3430 (random~3367)
CALCRL (gpcr, n/a): top5=['YDR135C', 'YIL120W', 'YOL075C', 'YKR053C', 'YHR032W'] sce04011 median rank=3300 (random~3367)
CHRM1 (gpcr, n/a): top5=['YLR113W', 'YPL203W', 'YMR109W', 'YJL164C', 'YHR030C'] sce04011 median rank=3306 (random~3367)
HTR2C (gpcr, n/a): top5=['YML018C', 'YBR043C', 'YDL001W', 'YAL026C', 'YKL146W'] sce04011 median rank=3190 (random~3367)
CHRNB3 (ion_channel, n/a): top5=['YDL047W', 'YAL026C', 'YDR075W', 'YDL134C', 'YNL090W'] sce04011 median rank=3336 (random~3367)
VIPR1 (gpcr, n/a): top5=['YHR030C', 'YMR034C', 'YHL003C', 'YHL047C', 'YNL288W'] sce04011 median rank=3408 (random~3367)
ADGRE4P (gpcr, n/a): top5=['YLR229C', 'YPR165W', 'YKR059W', 'YNL006W', 'YOR378W'] sce04011 median rank=3462 (random~3367)
CHRNA1 (ion_channel, n/a): top5=['YDL047W', 'YBR164C', 'YNL090W', 'YOR094W', 'YDR373W'] sce04011 median rank=3524 (random~3367)
GLRA1 (ion_channel, n/a): top5=['YOR257W', 'YMR109W', 'YNL290W', 'YDL006W', 'YJL164C'] sce04011 median rank=3441 (random~3367)
HTR3E (ion_channel, n/a): top5=['YFL066C', 'YLR229C', 'YAL064C-A', 'YEL013W', 'YBL026W'] sce04011 median rank=3246 (random~3367)
GABRA1 (ion_channel, n/a): top5=['YER025W', 'YEL027W', 'YEL026W', 'YPL086C', 'YNR032C-A'] sce04011 median rank=3677 (random~3367)
KCNA7 (ion_channel, n/a): top5=['YPL218W', 'YLR234W', 'YLR147C', 'YDL084W', 'YER072W'] sce04011 median rank=3872 (random~3367)
GPHRA (ion_channel, n/a): top5=['YFL026W', 'YER039C', 'YGL225W', 'YKL146W', 'YEL013W'] sce04011 median rank=3231 (random~3367)
GPHRB (ion_channel, n/a): top5=['YFL026W', 'YER039C', 'YGL225W', 'YKL146W', 'YEL013W'] sce04011 median rank=3231 (random~3367)
HTR3D (ion_channel, n/a): top5=['YPR204W', 'YEL077C', 'YHL050C', 'YLL067C', 'YLR466W'] sce04011 median rank=3819 (random~3367)
GPR39 (gpcr, n/a): top5=['YHR218W', 'YLR466W', 'YFL026W', 'YBR043C', 'YEL077C'] sce04011 median rank=3166 (random~3367)
GABRA6 (ion_channel, n/a): top5=['YER025W', 'YNR032C-A', 'YPL086C', 'YLR229C', 'YEL027W'] sce04011 median rank=3497 (random~3367)
GABRD (ion_channel, n/a): top5=['YKR059W', 'YDL192W', 'YER072W', 'YPL036W', 'YGL008C'] sce04011 median rank=3678 (random~3367)
GLRA2 (ion_channel, n/a): top5=['YDL006W', 'YMR109W', 'YPR165W', 'YOR257W', 'YHR128W'] sce04011 median rank=3434 (random~3367)
GPR61 (gpcr, n/a): top5=['YFL066C', 'YEL013W', 'YER072W', 'YPR204W', 'YEL077C'] sce04011 median rank=3238 (random~3367)
GABRA2 (ion_channel, n/a): top5=['YER025W', 'YPL086C', 'YEL027W', 'YAL064C-A', 'YNR032C-A'] sce04011 median rank=3524 (random~3367)
ADRA2B (gpcr, n/a): top5=['YPL203W', 'YPL218W', 'YHR030C', 'YNL307C', 'YBR241C'] sce04011 median rank=4241 (random~3367)
CHRNA10 (ion_channel, n/a): top5=['YLR229C', 'YER072W', 'YPR165W', 'YGL008C', 'YEL026W'] sce04011 median rank=3317 (random~3367)
TTYH1 (ion_channel, n/a): top5=['YGR105W', 'YGL126W', 'YHR189W', 'YBL102W', 'YGL054C'] sce04011 median rank=3788 (random~3367)
CCKBR (gpcr, n/a): top5=['YLR229C', 'YPR165W', 'YER072W', 'YFL066C', 'YLR113W'] sce04011 median rank=3358 (random~3367)
HTR3C (ion_channel, n/a): top5=['YFL066C', 'YLR229C', 'YAL064C-A', 'YER072W', 'YBL026W'] sce04011 median rank=3304 (random~3367)
DRD1 (gpcr, n/a): top5=['YOL075C', 'YOL103W', 'YDR135C', 'YBR241C', 'YDR038C'] sce04011 median rank=3255 (random~3367)
NPY5R (gpcr, n/a): top5=['YJL093C', 'YML038C', 'YGL140C', 'YCR023C', 'YPR003C'] sce04011 median rank=2132 (random~3367)
HRH3 (gpcr, n/a): top5=['YFL066C', 'YER072W', 'YLR229C', 'YER025W', 'YGL008C'] sce04011 median rank=3253 (random~3367)
KCNJ4 (ion_channel, n/a): top5=['YKR059W', 'YDL126C', 'YJL050W', 'YER072W', 'YMR109W'] sce04011 median rank=3636 (random~3367)
HCRTR2 (gpcr, n/a): top5=['YDL006W', 'YML018C', 'YFL011W', 'YLR081W', 'YHR096C'] sce04011 median rank=3236 (random~3367)
P2RX5 (ion_channel, n/a): top5=['YDL140C', 'YJL030W', 'YLR186W', 'YNL323W', 'YGL120C'] sce04011 median rank=3686 (random~3367)
DRD2 (gpcr, n/a): top5=['YOL103W', 'YOL075C', 'YIL120W', 'YBR043C', 'YOR273C'] sce04011 median rank=3187 (random~3367)
EDNRB (gpcr, n/a): top5=['YOR378W', 'YEL013W', 'YFL066C', 'YFL026W', 'YER039C'] sce04011 median rank=3088 (random~3367)
GPRC5C (gpcr, n/a): top5=['YFL066C', 'YAL064C-A', 'YEL027W', 'YLR167W', 'YJL190C'] sce04011 median rank=3477 (random~3367)
P2RX6 (ion_channel, n/a): top5=['YHR189W', 'YGR063C', 'YPL067C', 'YKL086W', 'YOR224C'] sce04011 median rank=4450 (random~3367)
HTR3B (ion_channel, n/a): top5=['YOR061W', 'YFL066C', 'YER039C', 'YLR229C', 'YLR113W'] sce04011 median rank=3284 (random~3367)
SCTR (gpcr, n/a): top5=['YHR030C', 'YHL003C', 'YDR196C', 'YNL288W', 'YBR243C'] sce04011 median rank=3320 (random~3367)
HTR6 (gpcr, n/a): top5=['YPL203W', 'YPL218W', 'YHR030C', 'YBR241C', 'YPR204W'] sce04011 median rank=3484 (random~3367)
GABRP (ion_channel, n/a): top5=['YAL026C', 'YML018C', 'YDR039C', 'YDR038C', 'YDR040C'] sce04011 median rank=3309 (random~3367)
VIPR2 (gpcr, n/a): top5=['YIL121W', 'YER119C', 'YKL146W', 'YBR235W', 'YJR124C'] sce04011 median rank=3188 (random~3367)
KCNG3 (ion_channel, n/a): top5=['YPL203W', 'YKL190W', 'YHR030C', 'YPL218W', 'YER125W'] sce04011 median rank=3585 (random~3367)
KCNJ14 (ion_channel, n/a): top5=['YHR169W', 'YLR147C', 'YLR234W', 'YGL008C', 'YOR224C'] sce04011 median rank=4008 (random~3367)
GPR150 (gpcr, n/a): top5=['YGL126W', 'YKL086W', 'YHR189W', 'YDR488C', 'YHR169W'] sce04011 median rank=4174 (random~3367)
GPR22 (gpcr, n/a): top5=['YBR287W', 'YBR043C', 'YIL088C', 'YHR218W', 'YOL068C'] sce04011 median rank=2353 (random~3367)
KCNJ18 (ion_channel, n/a): top5=['YDL126C', 'YKR059W', 'YJL050W', 'YER072W', 'YLR113W'] sce04011 median rank=3626 (random~3367)
KCNJ12 (ion_channel, n/a): top5=['YKR059W', 'YDL126C', 'YJL050W', 'YER072W', 'YLR113W'] sce04011 median rank=3581 (random~3367)
QRFPR (gpcr, n/a): top5=['YFL066C', 'YNL006W', 'YLR229C', 'YER025W', 'YEL013W'] sce04011 median rank=3346 (random~3367)
NPFFR1 (gpcr, n/a): top5=['YER072W', 'YPR165W', 'YLR229C', 'YGL008C', 'YKR059W'] sce04011 median rank=3491 (random~3367)
KCNK12 (ion_channel, n/a): top5=['YER072W', 'YFL066C', 'YGL008C', 'YER148W', 'YPL036W'] sce04011 median rank=3392 (random~3367)
CCKAR (gpcr, n/a): top5=['YER039C', 'YLR113W', 'YBL016W', 'YNL290W', 'YOR378W'] sce04011 median rank=3154 (random~3367)
EDNRA (gpcr, n/a): top5=['YER039C', 'YOR378W', 'YFL026W', 'YEL013W', 'YGL225W'] sce04011 median rank=2724 (random~3367)
KCNN4 (ion_channel, n/a): top5=['YER072W', 'YGL008C', 'YPL218W', 'YMR230W', 'YPL036W'] sce04011 median rank=3656 (random~3367)
KCNJ2 (ion_channel, n/a): top5=['YJL050W', 'YLR113W', 'YBL016W', 'YIL143C', 'YNL290W'] sce04011 median rank=3526 (random~3367)
NMUR1 (gpcr, n/a): top5=['YPL203W', 'YHR030C', 'YBR241C', 'YHL047C', 'YBR160W'] sce04011 median rank=3419 (random~3367)
KCNK2 (ion_channel, n/a): top5=['YBR235W', 'YPL221W', 'YNL095C', 'YER145C', 'YDR038C'] sce04011 median rank=3022 (random~3367)
PANX1 (ion_channel, n/a): top5=['YFL066C', 'YFL026W', 'YEL013W', 'YER069W', 'YPR016C'] sce04011 median rank=2996 (random~3367)
HCRTR1 (gpcr, n/a): top5=['YPL203W', 'YPR165W', 'YER072W', 'YKR059W', 'YLR113W'] sce04011 median rank=3423 (random~3367)
F2R (gpcr, n/a): top5=['YER039C', 'YML018C', 'YFL026W', 'YKL146W', 'YDR536W'] sce04011 median rank=3100 (random~3367)
CACNG8 (ion_channel, n/a): top5=['YER025W', 'YFL066C', 'YPR016C', 'YLR175W', 'YDR091C'] sce04011 median rank=3264 (random~3367)
AVPR1B (gpcr, n/a): top5=['YPL203W', 'YHR030C', 'YLR113W', 'YHR135C', 'YBR160W'] sce04011 median rank=3097 (random~3367)
KCNJ8 (ion_channel, n/a): top5=['YAL026C', 'YGL120C', 'YHR030C', 'YER125W', 'YER166W'] sce04011 median rank=3497 (random~3367)
GHRHR (gpcr, n/a): top5=['YHL003C', 'YJR124C', 'YBR243C', 'YNL288W', 'YFR018C'] sce04011 median rank=3198 (random~3367)
GPR83 (gpcr, n/a): top5=['YER039C', 'YEL013W', 'YGL225W', 'YFL026W', 'YOR378W'] sce04011 median rank=3255 (random~3367)
KCNJ6 (ion_channel, n/a): top5=['YLR113W', 'YJR065C', 'YBL016W', 'YNL290W', 'YGR252W'] sce04011 median rank=3384 (random~3367)
HTR1A (gpcr, n/a): top5=['YPL218W', 'YBR241C', 'YPL203W', 'YDL126C', 'YDL084W'] sce04011 median rank=3950 (random~3367)
DRD4 (gpcr, n/a): top5=['YPL218W', 'YHR169W', 'YGL008C', 'YDL084W', 'YLR147C'] sce04011 median rank=4207 (random~3367)
GPR151 (gpcr, n/a): top5=['YHL042W', 'YAR023C', 'YNL307C', 'YNL339C', 'YPL283C'] sce04011 median rank=3844 (random~3367)
GPR63 (gpcr, n/a): top5=['YEL013W', 'YFL026W', 'YER039C', 'YHR218W', 'YFL066C'] sce04011 median rank=2820 (random~3367)
KCNJ5 (ion_channel, n/a): top5=['YKR059W', 'YER072W', 'YFL039C', 'YLR229C', 'YPR165W'] sce04011 median rank=3606 (random~3367)
NTSR1 (gpcr, n/a): top5=['YPL218W', 'YBR241C', 'YHR030C', 'YHL047C', 'YPL203W'] sce04011 median rank=3787 (random~3367)
SSTR3 (gpcr, n/a): top5=['YER072W', 'YGL008C', 'YPR165W', 'YLR229C', 'YPL218W'] sce04011 median rank=3836 (random~3367)
AVPR1A (gpcr, n/a): top5=['YER072W', 'YLR229C', 'YKR059W', 'YPR165W', 'YLR113W'] sce04011 median rank=3520 (random~3367)
KCNJ16 (ion_channel, n/a): top5=['YAL026C', 'YHR030C', 'YKL104C', 'YBR080C', 'YGL120C'] sce04011 median rank=3406 (random~3367)
CRHR1 (gpcr, n/a): top5=['YAL064C-A', 'YEL027W', 'YER025W', 'YFL066C', 'YNR032C-A'] sce04011 median rank=3421 (random~3367)
NMUR2 (gpcr, n/a): top5=['YIL121W', 'YIL120W', 'YBR043C', 'YOL103W', 'YHR032W'] sce04011 median rank=3201 (random~3367)
GPR19 (gpcr, n/a): top5=['YJR001W', 'YEL064C', 'YOL137W', 'YLR241W', 'YIL088C'] sce04011 median rank=2734 (random~3367)
ADRB2 (gpcr, n/a): top5=['YBR241C', 'YOL075C', 'YDR040C', 'YDR039C', 'YER125W'] sce04011 median rank=3863 (random~3367)
MLNR (gpcr, n/a): top5=['YLR229C', 'YER072W', 'YGL008C', 'YLR113W', 'YPL036W'] sce04011 median rank=3294 (random~3367)
ADORA2A (gpcr, n/a): top5=['YER072W', 'YKR059W', 'YKL190W', 'YPR204W', 'YPL218W'] sce04011 median rank=3580 (random~3367)
ZACN (ion_channel, n/a): top5=['YER190W', 'YCR048W', 'YHL003C', 'YJL225C', 'YLR467W'] sce04011 median rank=3174 (random~3367)
CRHR2 (gpcr, n/a): top5=['YEL027W', 'YER025W', 'YLR229C', 'YFL066C', 'YPL086C'] sce04011 median rank=3500 (random~3367)
CCDC51 (ion_channel, n/a): top5=['YKL002W', 'YML101C', 'YAR002C-A', 'YER159C', 'YDR388W'] sce04011 median rank=3832 (random~3367)
NTSR2 (gpcr, n/a): top5=['YHR030C', 'YPL203W', 'YPL017C', 'YNL307C', 'YGL126W'] sce04011 median rank=3763 (random~3367)
CLIC5 (ion_channel, n/a): top5=['YDR313C', 'YOR295W', 'YIL106W', 'YGR029W', 'YOL016C'] sce04011 median rank=3600 (random~3367)
ADRB3 (gpcr, n/a): top5=['YHR169W', 'YPL218W', 'YDL084W', 'YGL126W', 'YLR293C'] sce04011 median rank=4491 (random~3367)
KCNK13 (ion_channel, n/a): top5=['YER072W', 'YFL066C', 'YGL008C', 'YPL036W', 'YIL143C'] sce04011 median rank=3202 (random~3367)
TACR1 (gpcr, n/a): top5=['YLR229C', 'YPR165W', 'YNL006W', 'YOR378W', 'YJR065C'] sce04011 median rank=3412 (random~3367)
GPR143 (gpcr, n/a): top5=['YHR218W', 'YEL077C', 'YFL066C', 'YLR466W', 'YFL026W'] sce04011 median rank=2818 (random~3367)
KCNAB3 (ion_channel, n/a): top5=['YER025W', 'YPL266W', 'YPL086C', 'YDR091C', 'YLR229C'] sce04011 median rank=3612 (random~3367)
GPRC5B (gpcr, n/a): top5=['YGR105W', 'YPL218W', 'YER072W', 'YGL008C', 'YOR224C'] sce04011 median rank=3564 (random~3367)
PTGER1 (gpcr, n/a): top5=['YER072W', 'YGL008C', 'YFL066C', 'YPL036W', 'YOR293W'] sce04011 median rank=3707 (random~3367)
OPN3 (gpcr, n/a): top5=['YEL013W', 'YER039C', 'YLR113W', 'YDR021W', 'YFL026W'] sce04011 median rank=3258 (random~3367)
OPRM1 (gpcr, n/a): top5=['YOR378W', 'YER039C', 'YFL011W', 'YMR011W', 'YGL225W'] sce04011 median rank=2952 (random~3367)
DRD3 (gpcr, n/a): top5=['YBR241C', 'YPL203W', 'YHR030C', 'YER125W', 'YPL031C'] sce04011 median rank=3662 (random~3367)
BRS3 (gpcr, n/a): top5=['YBR043C', 'YML018C', 'YEL064C', 'YIL120W', 'YIL121W'] sce04011 median rank=2778 (random~3367)
P2RX1 (ion_channel, n/a): top5=['YER148W', 'YJL014W', 'YDR339C', 'YBR154C', 'YEL051W'] sce04011 median rank=3636 (random~3367)
TACR2 (gpcr, n/a): top5=['YLR229C', 'YPR165W', 'YKR059W', 'YLR113W', 'YPL203W'] sce04011 median rank=3563 (random~3367)
TRHR (gpcr, n/a): top5=['YER039C', 'YML018C', 'YBR043C', 'YIL048W', 'YKL146W'] sce04011 median rank=2936 (random~3367)
KISS1R (gpcr, n/a): top5=['YHR169W', 'YGL126W', 'YPL218W', 'YHR189W', 'YLR234W'] sce04011 median rank=4450 (random~3367)
S1PR5 (gpcr, n/a): top5=['YGL008C', 'YER072W', 'YPL036W', 'YFL066C', 'YER148W'] sce04011 median rank=3645 (random~3367)
CATSPER3 (ion_channel, n/a): top5=['YOR292C', 'YKL209C', 'YJR040W', 'YIL047C', 'YGL140C'] sce04011 median rank=2533 (random~3367)
F2RL1 (gpcr, n/a): top5=['YER039C', 'YFL026W', 'YGL225W', 'YOR378W', 'YLR113W'] sce04011 median rank=3244 (random~3367)
P2RX3 (ion_channel, n/a): top5=['YNL323W', 'YAL042W', 'YBR038W', 'YML067C', 'YGL130W'] sce04011 median rank=3666 (random~3367)
GPR84 (gpcr, n/a): top5=['YGL126W', 'YJL196C', 'YNL307C', 'YOL147C', 'YPR192W'] sce04011 median rank=4408 (random~3367)
PTGDR2 (gpcr, n/a): top5=['YPL218W', 'YHR189W', 'YPL203W', 'YGL126W', 'YGR105W'] sce04011 median rank=3388 (random~3367)
VN1R2 (gpcr, n/a): top5=['YNR032C-A', 'YDL192W', 'YIL148W', 'YKR094C', 'YAL064C-A'] sce04011 median rank=4272 (random~3367)
KCNK3 (ion_channel, n/a): top5=['YHL003C', 'YGL126W', 'YJR084W', 'YCR048W', 'YER125W'] sce04011 median rank=3265 (random~3367)
PROKR1 (gpcr, n/a): top5=['YML018C', 'YBR043C', 'YER039C', 'YBR241C', 'YPL264C'] sce04011 median rank=3223 (random~3367)
KCNJ9 (ion_channel, n/a): top5=['YER072W', 'YDL229W', 'YGL008C', 'YNL209W', 'YKR059W'] sce04011 median rank=3772 (random~3367)
KCNK4 (ion_channel, n/a): top5=['YFL066C', 'YER072W', 'YGL008C', 'YPL036W', 'YER148W'] sce04011 median rank=3333 (random~3367)
PANX3 (ion_channel, n/a): top5=['YPL221W', 'YGL139W', 'YDR375C', 'YBR235W', 'YPL050C'] sce04011 median rank=2606 (random~3367)
BDKRB2 (gpcr, n/a): top5=['YPL264C', 'YBR043C', 'YER119C', 'YHR032W', 'YOL103W'] sce04011 median rank=2874 (random~3367)
SSTR1 (gpcr, n/a): top5=['YPR165W', 'YLR229C', 'YER072W', 'YKR059W', 'YDR345C'] sce04011 median rank=3456 (random~3367)
KCNJ1 (ion_channel, n/a): top5=['YEL013W', 'YKR059W', 'YHR128W', 'YDR021W', 'YNL006W'] sce04011 median rank=3347 (random~3367)
HTR1B (gpcr, n/a): top5=['YBR241C', 'YPL203W', 'YHR030C', 'YJL214W', 'YBR164C'] sce04011 median rank=3614 (random~3367)
NMBR (gpcr, n/a): top5=['YOR378W', 'YER039C', 'YEL013W', 'YGL225W', 'YPR165W'] sce04011 median rank=3194 (random~3367)
PTGER3 (gpcr, n/a): top5=['YLR466W', 'YEL077C', 'YPR204W', 'YHR218W', 'YFL026W'] sce04011 median rank=3378 (random~3367)
HRH4 (gpcr, n/a): top5=['YML018C', 'YJR001W', 'YBR043C', 'YIL120W', 'YIL088C'] sce04011 median rank=2734 (random~3367)
KCNJ11 (ion_channel, n/a): top5=['YGL120C', 'YPL203W', 'YLR234W', 'YHR030C', 'YMR109W'] sce04011 median rank=3688 (random~3367)
OXTR (gpcr, n/a): top5=['YER072W', 'YGL008C', 'YLR229C', 'YPL036W', 'YKR059W'] sce04011 median rank=3477 (random~3367)
UTS2R (gpcr, n/a): top5=['YPL203W', 'YGL008C', 'YPL218W', 'YLR113W', 'YER072W'] sce04011 median rank=3262 (random~3367)
SSTR4 (gpcr, n/a): top5=['YER072W', 'YGL008C', 'YPL218W', 'YLR229C', 'YPR165W'] sce04011 median rank=3938 (random~3367)
HTR4 (gpcr, n/a): top5=['YBR241C', 'YOL075C', 'YDR456W', 'YDR040C', 'YDR039C'] sce04011 median rank=3620 (random~3367)
P2RX4 (ion_channel, n/a): top5=['YJL014W', 'YER148W', 'YOR224C', 'YER072W', 'YGL008C'] sce04011 median rank=3688 (random~3367)
GALR2 (gpcr, n/a): top5=['YPL218W', 'YPL203W', 'YGL126W', 'YHR169W', 'YLR234W'] sce04011 median rank=3994 (random~3367)
HCAR3 (gpcr, n/a): top5=['YER119C', 'YBR043C', 'YHR032W', 'YIL120W', 'YOL103W'] sce04011 median rank=3011 (random~3367)
PTGIR (gpcr, n/a): top5=['YGL008C', 'YER072W', 'YPL036W', 'YPL218W', 'YMR230W'] sce04011 median rank=3988 (random~3367)
F2RL3 (gpcr, n/a): top5=['YHR189W', 'YGR105W', 'YPL203W', 'YPL218W', 'YLR234W'] sce04011 median rank=3666 (random~3367)
ACKR2 (gpcr, n/a): top5=['YBR241C', 'YPL218W', 'YPL203W', 'YOR257W', 'YHR030C'] sce04011 median rank=3074 (random~3367)
S1PR4 (gpcr, n/a): top5=['YER072W', 'YGL008C', 'YPR204W', 'YPL036W', 'YPL218W'] sce04011 median rank=3540 (random~3367)
NPY1R (gpcr, n/a): top5=['YBR043C', 'YML018C', 'YIL048W', 'YER039C', 'YIL088C'] sce04011 median rank=2686 (random~3367)
GRPR (gpcr, n/a): top5=['YER039C', 'YOR378W', 'YIL048W', 'YBR043C', 'YFL026W'] sce04011 median rank=2876 (random~3367)
PROKR2 (gpcr, n/a): top5=['YML018C', 'YBR043C', 'YER039C', 'YBR241C', 'YFL011W'] sce04011 median rank=3248 (random~3367)
OXER1 (gpcr, n/a): top5=['YBR241C', 'YHR030C', 'YLR466W', 'YHL003C', 'YIL121W'] sce04011 median rank=3037 (random~3367)
GPR88 (gpcr, n/a): top5=['YGL126W', 'YHL006C', 'YHR169W', 'YKL086W', 'YPL017C'] sce04011 median rank=4748 (random~3367)
KCNK18 (ion_channel, n/a): top5=['YFL066C', 'YER072W', 'YEL013W', 'YPR204W', 'YGL008C'] sce04011 median rank=3152 (random~3367)
S1PR1 (gpcr, n/a): top5=['YFL026W', 'YEL013W', 'YER039C', 'YFL066C', 'YGL225W'] sce04011 median rank=2936 (random~3367)
NPY2R (gpcr, n/a): top5=['YER039C', 'YML018C', 'YBR043C', 'YDR536W', 'YJL219W'] sce04011 median rank=3106 (random~3367)
GPR34 (gpcr, n/a): top5=['YIL088C', 'YBR043C', 'YIL120W', 'YBL089W', 'YPR003C'] sce04011 median rank=2894 (random~3367)
APLNR (gpcr, n/a): top5=['YBR241C', 'YPL203W', 'YIL121W', 'YDL128W', 'YHR030C'] sce04011 median rank=3286 (random~3367)
OPRK1 (gpcr, n/a): top5=['YOR378W', 'YER039C', 'YLR229C', 'YPR165W', 'YMR011W'] sce04011 median rank=3165 (random~3367)
GPR132 (gpcr, n/a): top5=['YBR241C', 'YMR015C', 'YER119C', 'YLR466W', 'YMR034C'] sce04011 median rank=3329 (random~3367)
KCNJ10 (ion_channel, n/a): top5=['YER072W', 'YKR059W', 'YLR229C', 'YNL290W', 'YPR165W'] sce04011 median rank=3490 (random~3367)
STING1 (ion_channel, n/a): top5=['YLR385C', 'YMR148W', 'YGL121C', 'YBR126W-A', 'YNL024C-A'] sce04011 median rank=3875 (random~3367)
CCR7 (gpcr, n/a): top5=['YBR241C', 'YER119C', 'YPL264C', 'YOL103W', 'YIL121W'] sce04011 median rank=3258 (random~3367)
S1PR3 (gpcr, n/a): top5=['YFL066C', 'YEL013W', 'YFL026W', 'YAL064C-A', 'YOR378W'] sce04011 median rank=3174 (random~3367)
MAS1L (gpcr, n/a): top5=['YHL050C', 'YLL067C', 'YPR204W', 'YLL066C', 'YPL218W'] sce04011 median rank=4378 (random~3367)
HTR1D (gpcr, n/a): top5=['YIL120W', 'YOL103W', 'YIL121W', 'YHR032W', 'YBR043C'] sce04011 median rank=2944 (random~3367)
P2RY2 (gpcr, n/a): top5=['YER072W', 'YGL008C', 'YLR229C', 'YKR059W', 'YPR165W'] sce04011 median rank=3621 (random~3367)
NPY4R (gpcr, n/a): top5=['YER039C', 'YML018C', 'YBR043C', 'YPL264C', 'YFL026W'] sce04011 median rank=2876 (random~3367)
GPER1 (gpcr, n/a): top5=['YFL066C', 'YER039C', 'YLR466W', 'YEL077C', 'YOR257W'] sce04011 median rank=3070 (random~3367)
NPY4R2 (gpcr, n/a): top5=['YER039C', 'YML018C', 'YBR043C', 'YFL026W', 'YPL264C'] sce04011 median rank=2884 (random~3367)
GPR27 (gpcr, n/a): top5=['YER072W', 'YGL008C', 'YOR293W', 'YPL036W', 'YMR230W'] sce04011 median rank=3950 (random~3367)
KCNJ15 (ion_channel, n/a): top5=['YNL290W', 'YOR257W', 'YDR021W', 'YLR113W', 'YIL143C'] sce04011 median rank=3308 (random~3367)
F2RL2 (gpcr, n/a): top5=['YER119C', 'YER039C', 'YDR536W', 'YIL121W', 'YNR055C'] sce04011 median rank=3188 (random~3367)
CCR2 (gpcr, n/a): top5=['YOL103W', 'YBR241C', 'YER119C', 'YKR105C', 'YOR273C'] sce04011 median rank=3118 (random~3367)
CCR6 (gpcr, n/a): top5=['YOL103W', 'YBR241C', 'YIL121W', 'YER119C', 'YIL120W'] sce04011 median rank=3232 (random~3367)
P2RY11 (gpcr, n/a): top5=['YGL126W', 'YPL218W', 'YHR189W', 'YGR105W', 'YPL067C'] sce04011 median rank=4284 (random~3367)
RXFP4 (gpcr, n/a): top5=['YPL218W', 'YGL126W', 'YHR189W', 'YGR105W', 'YPL203W'] sce04011 median rank=3890 (random~3367)
KCNK9 (ion_channel, n/a): top5=['YHR175W', 'YOR292C', 'YCR048W', 'YIL047C', 'YLL043W'] sce04011 median rank=3024 (random~3367)
P2RY1 (gpcr, n/a): top5=['YBR241C', 'YDR345C', 'YHR094C', 'YHR092C', 'YLR081W'] sce04011 median rank=3566 (random~3367)
CMKLR1 (gpcr, n/a): top5=['YPL264C', 'YDL128W', 'YBR008C', 'YER119C', 'YIL121W'] sce04011 median rank=3006 (random~3367)
GPR173 (gpcr, n/a): top5=['YFL066C', 'YER072W', 'YGL008C', 'YPL036W', 'YKR059W'] sce04011 median rank=3694 (random~3367)
CXCR5 (gpcr, n/a): top5=['YBR241C', 'YDL128W', 'YOL075C', 'YGR138C', 'YHL003C'] sce04011 median rank=3006 (random~3367)
OPRD1 (gpcr, n/a): top5=['YLR229C', 'YPR165W', 'YER072W', 'YKR059W', 'YGL008C'] sce04011 median rank=3600 (random~3367)
LPAR5 (gpcr, n/a): top5=['YGL126W', 'YHR189W', 'YPL218W', 'YGR105W', 'YLR234W'] sce04011 median rank=4053 (random~3367)
AVPR2 (gpcr, n/a): top5=['YGL008C', 'YER072W', 'YLR229C', 'YPL036W', 'YPL203W'] sce04011 median rank=3426 (random~3367)
NPSR1 (gpcr, n/a): top5=['YFL026W', 'YER039C', 'YML018C', 'YKL146W', 'YEL065W'] sce04011 median rank=2741 (random~3367)
OPRL1 (gpcr, n/a): top5=['YLR229C', 'YPR165W', 'YOR378W', 'YER072W', 'YDR343C'] sce04011 median rank=3476 (random~3367)
PRLHR (gpcr, n/a): top5=['YPL218W', 'YDL084W', 'YAL020C', 'YDL126C', 'YLR293C'] sce04011 median rank=4400 (random~3367)
LPAR4 (gpcr, n/a): top5=['YER039C', 'YDR536W', 'YML018C', 'YPL264C', 'YBR043C'] sce04011 median rank=3100 (random~3367)
GPR85 (gpcr, n/a): top5=['YFL066C', 'YEL013W', 'YFL026W', 'YER039C', 'YOR378W'] sce04011 median rank=3212 (random~3367)
SSTR2 (gpcr, n/a): top5=['YPR165W', 'YOR378W', 'YLR229C', 'YHR092C', 'YDR342C'] sce04011 median rank=3387 (random~3367)
CCR9 (gpcr, n/a): top5=['YPL264C', 'YER039C', 'YER119C', 'YBR241C', 'YDL128W'] sce04011 median rank=2995 (random~3367)
OR2T1 (gpcr, n/a): top5=['YDL192W', 'YDL137W', 'YPL218W', 'YKR059W', 'YLR229C'] sce04011 median rank=4358 (random~3367)
GALR3 (gpcr, n/a): top5=['YPL218W', 'YHR169W', 'YGL008C', 'YER072W', 'YDL084W'] sce04011 median rank=4292 (random~3367)
CXCR3 (gpcr, n/a): top5=['YER072W', 'YGL008C', 'YPL218W', 'YPR165W', 'YLR229C'] sce04011 median rank=3322 (random~3367)
GPR62 (gpcr, n/a): top5=['YKL086W', 'YHR169W', 'YHR189W', 'YGL126W', 'YBR010W'] sce04011 median rank=4800 (random~3367)
GPR17 (gpcr, n/a): top5=['YBR241C', 'YPL218W', 'YPL203W', 'YHR030C', 'YJL164C'] sce04011 median rank=3544 (random~3367)
HTR1F (gpcr, n/a): top5=['YIL120W', 'YOL103W', 'YEL064C', 'YIL121W', 'YDR135C'] sce04011 median rank=3142 (random~3367)
GHSR (gpcr, n/a): top5=['YOR378W', 'YLR229C', 'YER039C', 'YGL225W', 'YLR113W'] sce04011 median rank=3488 (random~3367)
HTR1E (gpcr, n/a): top5=['YIL120W', 'YBR180W', 'YHR032W', 'YOL103W', 'YKR105C'] sce04011 median rank=2716 (random~3367)
P2RY4 (gpcr, n/a): top5=['YPL203W', 'YLR229C', 'YPL218W', 'YGL008C', 'YJL108C'] sce04011 median rank=3466 (random~3367)
GPR68 (gpcr, n/a): top5=['YBR241C', 'YMR015C', 'YOR257W', 'YLR466W', 'YER039C'] sce04011 median rank=3296 (random~3367)
OPN1LW (gpcr, n/a): top5=['YER025W', 'YPL086C', 'YEL027W', 'YNL006W', 'YOR378W'] sce04011 median rank=3510 (random~3367)
OPN1MW (gpcr, n/a): top5=['YER025W', 'YNL006W', 'YOR378W', 'YPL086C', 'YEL027W'] sce04011 median rank=3497 (random~3367)
SSTR5 (gpcr, n/a): top5=['YER072W', 'YGL008C', 'YLR229C', 'YPR165W', 'YPL036W'] sce04011 median rank=4016 (random~3367)
LPAR1 (gpcr, n/a): top5=['YKL190W', 'YHL047C', 'YDL192W', 'YER072W', 'YDL137W'] sce04011 median rank=3705 (random~3367)
OPN1MW2 (gpcr, n/a): top5=['YER025W', 'YNL006W', 'YOR378W', 'YPL086C', 'YEL027W'] sce04011 median rank=3497 (random~3367)
OPN1MW3 (gpcr, n/a): top5=['YER025W', 'YNL006W', 'YOR378W', 'YPL086C', 'YEL027W'] sce04011 median rank=3497 (random~3367)
AGTR2 (gpcr, n/a): top5=['YER119C', 'YOL103W', 'YHR032W', 'YKR105C', 'YPL264C'] sce04011 median rank=2994 (random~3367)
HCAR2 (gpcr, n/a): top5=['YER119C', 'YPL264C', 'YBR043C', 'YIL121W', 'YHR032W'] sce04011 median rank=3120 (random~3367)
GPR78 (gpcr, n/a): top5=['YPL218W', 'YGL008C', 'YER072W', 'YPR204W', 'YHR169W'] sce04011 median rank=4118 (random~3367)
ACKR3 (gpcr, n/a): top5=['YPL264C', 'YHR032W', 'YBR043C', 'YOL103W', 'YER119C'] sce04011 median rank=2820 (random~3367)
CCR10 (gpcr, n/a): top5=['YHR189W', 'YPL218W', 'YPL203W', 'YLR234W', 'YGR105W'] sce04011 median rank=3632 (random~3367)
GPR4 (gpcr, n/a): top5=['YBR241C', 'YOR257W', 'YMR015C', 'YPL218W', 'YLR466W'] sce04011 median rank=3328 (random~3367)
GPR6 (gpcr, n/a): top5=['YFL066C', 'YER072W', 'YGL008C', 'YAL064C-A', 'YPL036W'] sce04011 median rank=3722 (random~3367)
MTNR1B (gpcr, n/a): top5=['YBR241C', 'YJL196C', 'YPR192W', 'YNL307C', 'YPL017C'] sce04011 median rank=4147 (random~3367)
OR5AU1 (gpcr, n/a): top5=['YBR241C', 'YPL218W', 'YDL137W', 'YDL192W', 'YBR164C'] sce04011 median rank=4110 (random~3367)
GPR25 (gpcr, n/a): top5=['YHR189W', 'YPL218W', 'YGL126W', 'YPL203W', 'YGR105W'] sce04011 median rank=3461 (random~3367)
GPR183 (gpcr, n/a): top5=['YPL264C', 'YHR032W', 'YIL120W', 'YBR043C', 'YER119C'] sce04011 median rank=2878 (random~3367)
FFAR4 (gpcr, n/a): top5=['YLR466W', 'YER190W', 'YEL077C', 'YHR218W', 'YLR467W'] sce04011 median rank=3179 (random~3367)
GPR52 (gpcr, n/a): top5=['YJR001W', 'YOL137W', 'YPL092W', 'YIL088C', 'YAL022C'] sce04011 median rank=2899 (random~3367)
CXCR2 (gpcr, n/a): top5=['YDL128W', 'YPL264C', 'YOL103W', 'YER119C', 'YIL121W'] sce04011 median rank=2946 (random~3367)
CNR2 (gpcr, n/a): top5=['YFL066C', 'YER072W', 'YPR204W', 'YGL008C', 'YKL190W'] sce04011 median rank=3569 (random~3367)
GPR15 (gpcr, n/a): top5=['YHR032W', 'YOL103W', 'YIL120W', 'YER119C', 'YKR105C'] sce04011 median rank=3096 (random~3367)
CCR4 (gpcr, n/a): top5=['YPL264C', 'YBR241C', 'YER119C', 'YOL103W', 'YIL121W'] sce04011 median rank=3190 (random~3367)
OR1L1 (gpcr, n/a): top5=['YBR241C', 'YDL137W', 'YBR164C', 'YHR094C', 'YDR345C'] sce04011 median rank=3956 (random~3367)
KCNJ13 (ion_channel, n/a): top5=['YHL003C', 'YOL075C', 'YDR135C', 'YCR048W', 'YDL057W'] sce04011 median rank=3317 (random~3367)
HRH2 (gpcr, n/a): top5=['YBR241C', 'YPL203W', 'YMR034C', 'YPL218W', 'YHR094C'] sce04011 median rank=3676 (random~3367)
AGTR1 (gpcr, n/a): top5=['YBR180W', 'YGL104C', 'YPL264C', 'YHR032W', 'YIL088C'] sce04011 median rank=2343 (random~3367)
PTGFR (gpcr, n/a): top5=['YFL026W', 'YER039C', 'YEL013W', 'YML018C', 'YOR378W'] sce04011 median rank=3039 (random~3367)
PTGDR (gpcr, n/a): top5=['YER072W', 'YFL066C', 'YGL008C', 'YPL036W', 'YKR059W'] sce04011 median rank=3424 (random~3367)
P2RY8 (gpcr, n/a): top5=['YPL203W', 'YLR113W', 'YPL218W', 'YJL164C', 'YBR241C'] sce04011 median rank=3484 (random~3367)
OR5T2 (gpcr, n/a): top5=['YDL137W', 'YBR241C', 'YDL192W', 'YBR164C', 'YDL047W'] sce04011 median rank=3972 (random~3367)
OR8S1 (gpcr, n/a): top5=['YPL218W', 'YPL203W', 'YBR241C', 'YBR164C', 'YJL164C'] sce04011 median rank=4024 (random~3367)
GPR20 (gpcr, n/a): top5=['YPL218W', 'YGL008C', 'YER072W', 'YPR204W', 'YPL036W'] sce04011 median rank=3481 (random~3367)
LTB4R2 (gpcr, n/a): top5=['YPL218W', 'YGL008C', 'YPL203W', 'YER072W', 'YHR189W'] sce04011 median rank=3474 (random~3367)
PTGER2 (gpcr, n/a): top5=['YER072W', 'YGL008C', 'YPL036W', 'YFL066C', 'YKR059W'] sce04011 median rank=3587 (random~3367)
GPR87 (gpcr, n/a): top5=['YML018C', 'YER039C', 'YER119C', 'YEL064C', 'YIL121W'] sce04011 median rank=3011 (random~3367)
HTR5A (gpcr, n/a): top5=['YBR241C', 'YPL203W', 'YHR030C', 'YPL218W', 'YER125W'] sce04011 median rank=3644 (random~3367)
GPRC5A (gpcr, n/a): top5=['YDL222C', 'YLR466W', 'YEL077C', 'YMR034C', 'YPR204W'] sce04011 median rank=3354 (random~3367)
VN1R5 (gpcr, n/a): top5=['YJR020W', 'YHL050C', 'YML133C', 'YLL067C', 'YLL066C'] sce04011 median rank=3539 (random~3367)
OR2B2 (gpcr, n/a): top5=['YBR241C', 'YDL137W', 'YDL192W', 'YBR164C', 'YPL218W'] sce04011 median rank=4044 (random~3367)
GPR32 (gpcr, n/a): top5=['YBR241C', 'YPL031C', 'YJL196C', 'YHL003C', 'YPL203W'] sce04011 median rank=3331 (random~3367)
CCR1 (gpcr, n/a): top5=['YOL103W', 'YIL121W', 'YER119C', 'YBR241C', 'YDL128W'] sce04011 median rank=3162 (random~3367)
CMKLR2 (gpcr, n/a): top5=['YBR180W', 'YGL104C', 'YNL065W', 'YHR048W', 'YHR032W'] sce04011 median rank=2410 (random~3367)
CX3CR1 (gpcr, n/a): top5=['YOL103W', 'YBR241C', 'YER119C', 'YNR055C', 'YIL121W'] sce04011 median rank=3210 (random~3367)
CCR3 (gpcr, n/a): top5=['YIL121W', 'YOL103W', 'YER119C', 'YIL120W', 'YBR241C'] sce04011 median rank=3145 (random~3367)
CCR8 (gpcr, n/a): top5=['YPL264C', 'YER119C', 'YOL103W', 'YHR032W', 'YBR043C'] sce04011 median rank=2826 (random~3367)
OR1I1 (gpcr, n/a): top5=['YPL218W', 'YBR241C', 'YDL192W', 'YDL137W', 'YPL203W'] sce04011 median rank=4016 (random~3367)
OPN5 (gpcr, n/a): top5=['YHR092C', 'YLR081W', 'YHR096C', 'YDR342C', 'YFL011W'] sce04011 median rank=3411 (random~3367)
P2RY13 (gpcr, n/a): top5=['YFL066C', 'YOR378W', 'YGL225W', 'YER039C', 'YLR229C'] sce04011 median rank=3486 (random~3367)
S1PR2 (gpcr, n/a): top5=['YER072W', 'YFL066C', 'YGL008C', 'YPL036W', 'YKR059W'] sce04011 median rank=3538 (random~3367)
FPR3 (gpcr, n/a): top5=['YDL128W', 'YER119C', 'YIL121W', 'YOR273C', 'YIL120W'] sce04011 median rank=2976 (random~3367)
BDKRB1 (gpcr, n/a): top5=['YER039C', 'YOR257W', 'YOR378W', 'YFL011W', 'YIL170W'] sce04011 median rank=3181 (random~3367)
MCHR1 (gpcr, n/a): top5=['YBR241C', 'YHR094C', 'YLR081W', 'YMR034C', 'YDR345C'] sce04011 median rank=3382 (random~3367)
LPAR3 (gpcr, n/a): top5=['YHR218W', 'YML018C', 'YFL026W', 'YHL047C', 'YEL013W'] sce04011 median rank=3456 (random~3367)
GPR139 (gpcr, n/a): top5=['YIL088C', 'YBR287W', 'YBR043C', 'YMR221C', 'YJR001W'] sce04011 median rank=2444 (random~3367)
VN1R1 (gpcr, n/a): top5=['YBR164C', 'YDL137W', 'YDL192W', 'YOR094W', 'YKL190W'] sce04011 median rank=3954 (random~3367)
CCR5 (gpcr, n/a): top5=['YPL264C', 'YOL103W', 'YER119C', 'YKR105C', 'YIL121W'] sce04011 median rank=2981 (random~3367)
CXCR4 (gpcr, n/a): top5=['YBR180W', 'YOL103W', 'YPL264C', 'YKR105C', 'YNL065W'] sce04011 median rank=2876 (random~3367)
LTB4R (gpcr, n/a): top5=['YPL218W', 'YER072W', 'YGL008C', 'YPL203W', 'YLR229C'] sce04011 median rank=3305 (random~3367)
FPR2 (gpcr, n/a): top5=['YBR241C', 'YDL128W', 'YPL031C', 'YER119C', 'YLL028W'] sce04011 median rank=3271 (random~3367)
TAAR2 (gpcr, n/a): top5=['YML018C', 'YER039C', 'YDR536W', 'YJL214W', 'YIL170W'] sce04011 median rank=3272 (random~3367)
MCU (ion_channel, n/a): top5=['YER025W', 'YPL086C', 'YPR016C', 'YFL066C', 'YDR091C'] sce04011 median rank=3488 (random~3367)
FPR1 (gpcr, n/a): top5=['YBR241C', 'YPL203W', 'YPL031C', 'YPL218W', 'YPR183W'] sce04011 median rank=3157 (random~3367)
C5AR1 (gpcr, n/a): top5=['YDL128W', 'YER119C', 'YIL121W', 'YBR241C', 'YPL031C'] sce04011 median rank=3114 (random~3367)
CXCR1 (gpcr, n/a): top5=['YBR241C', 'YDL128W', 'YER119C', 'YIL121W', 'YOL103W'] sce04011 median rank=3208 (random~3367)
MTNR1A (gpcr, n/a): top5=['YBR241C', 'YPR192W', 'YJL196C', 'YNL307C', 'YJR112W-A'] sce04011 median rank=4010 (random~3367)
ACKR4 (gpcr, n/a): top5=['YOL103W', 'YER119C', 'YIL121W', 'YIL120W', 'YEL064C'] sce04011 median rank=3130 (random~3367)
OR52I2 (gpcr, n/a): top5=['YHL047C', 'YKR059W', 'YBR164C', 'YHL040C', 'YBR241C'] sce04011 median rank=3778 (random~3367)
PACC1 (ion_channel, n/a): top5=['YGR032W', 'YLR342W', 'YMR306W', 'YGR295C', 'YHL042W'] sce04011 median rank=3690 (random~3367)
GALR1 (gpcr, n/a): top5=['YFL066C', 'YLR229C', 'YPR165W', 'YOR378W', 'YNL006W'] sce04011 median rank=3465 (random~3367)
GPR21 (gpcr, n/a): top5=['YML018C', 'YJR001W', 'YIL088C', 'YKR105C', 'YER119C'] sce04011 median rank=2906 (random~3367)
RHO (gpcr, n/a): top5=['YER025W', 'YEL027W', 'YPL086C', 'YLR229C', 'YDR091C'] sce04011 median rank=3548 (random~3367)
TAAR9 (gpcr, n/a): top5=['YOR378W', 'YGL225W', 'YJR065C', 'YEL013W', 'YHR096C'] sce04011 median rank=3400 (random~3367)
LPAR2 (gpcr, n/a): top5=['YPL218W', 'YKL190W', 'YER072W', 'YLR293C', 'YGL008C'] sce04011 median rank=4328 (random~3367)
OR3A4P (gpcr, n/a): top5=['YPL218W', 'YDL192W', 'YGL008C', 'YKR059W', 'YDL137W'] sce04011 median rank=4348 (random~3367)
OR2T4 (gpcr, n/a): top5=['YPL218W', 'YDL192W', 'YDL137W', 'YPR165W', 'YLR229C'] sce04011 median rank=3443 (random~3367)
OR1L6 (gpcr, n/a): top5=['YBR241C', 'YDL192W', 'YDL137W', 'YPL218W', 'YBR164C'] sce04011 median rank=4148 (random~3367)
GPR148 (gpcr, n/a): top5=['YER190W', 'YLR466W', 'YHL050C', 'YEL077C', 'YLL067C'] sce04011 median rank=3828 (random~3367)
OR6J1 (gpcr, n/a): top5=['YDL192W', 'YDL137W', 'YPL218W', 'YBR241C', 'YBR164C'] sce04011 median rank=3958 (random~3367)
OR13C3 (gpcr, n/a): top5=['YBR241C', 'YDL137W', 'YBR164C', 'YHR094C', 'YDR345C'] sce04011 median rank=3691 (random~3367)
OR2M2 (gpcr, n/a): top5=['YBR241C', 'YPL264C', 'YER119C', 'YDL128W', 'YML018C'] sce04011 median rank=3224 (random~3367)
FFAR3 (gpcr, n/a): top5=['YBR241C', 'YPL203W', 'YPL218W', 'YHR030C', 'YHL047C'] sce04011 median rank=3349 (random~3367)
GPR42 (gpcr, n/a): top5=['YBR241C', 'YPL203W', 'YPL218W', 'YHR030C', 'YHL047C'] sce04011 median rank=3339 (random~3367)
HCAR1 (gpcr, n/a): top5=['YBR241C', 'YMR015C', 'YER119C', 'YMR034C', 'YPL246C'] sce04011 median rank=3278 (random~3367)
CYSLTR2 (gpcr, n/a): top5=['YIL120W', 'YIL121W', 'YER119C', 'YEL064C', 'YOL103W'] sce04011 median rank=3139 (random~3367)
OR8G5 (gpcr, n/a): top5=['YBR241C', 'YBR164C', 'YDL137W', 'YHR094C', 'YJL214W'] sce04011 median rank=3556 (random~3367)
OR13D1 (gpcr, n/a): top5=['YDL137W', 'YBR241C', 'YBR164C', 'YHR094C', 'YDL192W'] sce04011 median rank=3501 (random~3367)
CALHM1 (ion_channel, n/a): top5=['YFL066C', 'YOR293W', 'YER072W', 'YMR230W', 'YJL190C'] sce04011 median rank=3445 (random~3367)
OPN1SW (gpcr, n/a): top5=['YOR378W', 'YGL225W', 'YJR065C', 'YDR343C', 'YDR342C'] sce04011 median rank=3514 (random~3367)
TAAR6 (gpcr, n/a): top5=['YOR378W', 'YGL225W', 'YHR096C', 'YER039C', 'YMR011W'] sce04011 median rank=3368 (random~3367)
GPRC5D (gpcr, n/a): top5=['YER190W', 'YLR466W', 'YEL077C', 'YIL177C', 'YJL225C'] sce04011 median rank=2666 (random~3367)
OR11G2 (gpcr, n/a): top5=['YPL218W', 'YBR241C', 'YDL192W', 'YDL137W', 'YPL203W'] sce04011 median rank=4091 (random~3367)
CCRL2 (gpcr, n/a): top5=['YOL075C', 'YBR241C', 'YJL196C', 'YJR124C', 'YCR048W'] sce04011 median rank=2940 (random~3367)
LPAR6 (gpcr, n/a): top5=['YER039C', 'YPL264C', 'YBR043C', 'YML018C', 'YIL088C'] sce04011 median rank=2931 (random~3367)
OR4A15 (gpcr, n/a): top5=['YLR229C', 'YDL192W', 'YFL039C', 'YPR165W', 'YKR059W'] sce04011 median rank=4130 (random~3367)
CALHM3 (ion_channel, n/a): top5=['YMR230W', 'YPR204W', 'YKL013C', 'YOR293W', 'YOR224C'] sce04011 median rank=3524 (random~3367)
TBXA2R (gpcr, n/a): top5=['YER072W', 'YGL008C', 'YFL066C', 'YPL036W', 'YHR218W-A'] sce04011 median rank=3552 (random~3367)
OR6K6 (gpcr, n/a): top5=['YBR241C', 'YDL137W', 'YHR094C', 'YBR164C', 'YPR183W'] sce04011 median rank=3702 (random~3367)
OR1E3 (gpcr, n/a): top5=['YPL218W', 'YBR241C', 'YDL192W', 'YDL137W', 'YPL203W'] sce04011 median rank=4089 (random~3367)
MRGPRF (gpcr, n/a): top5=['YPL218W', 'YHL050C', 'YJL196C', 'YPR192W', 'YGL054C'] sce04011 median rank=4154 (random~3367)
TAAR3P (gpcr, n/a): top5=['YML018C', 'YDR536W', 'YER039C', 'YJL214W', 'YEL069C'] sce04011 median rank=3169 (random~3367)
CXCR6 (gpcr, n/a): top5=['YOL103W', 'YHR032W', 'YIL120W', 'YER119C', 'YKR105C'] sce04011 median rank=3185 (random~3367)
PTAFR (gpcr, n/a): top5=['YER119C', 'YBR241C', 'YPL264C', 'YPL246C', 'YBR043C'] sce04011 median rank=3156 (random~3367)
TAAR8 (gpcr, n/a): top5=['YOR378W', 'YGL225W', 'YER039C', 'YFL026W', 'YEL013W'] sce04011 median rank=3244 (random~3367)
P2RY12 (gpcr, n/a): top5=['YER039C', 'YGL225W', 'YFL026W', 'YOR378W', 'YMR015C'] sce04011 median rank=3304 (random~3367)
OR51F2 (gpcr, n/a): top5=['YOR378W', 'YGL225W', 'YER039C', 'YOR061W', 'YHL016C'] sce04011 median rank=3294 (random~3367)
MCHR2 (gpcr, n/a): top5=['YPL264C', 'YBR241C', 'YER119C', 'YIL121W', 'YHR032W'] sce04011 median rank=3206 (random~3367)
OR5T3 (gpcr, n/a): top5=['YBR241C', 'YDL137W', 'YBR164C', 'YHR094C', 'YJL214W'] sce04011 median rank=3625 (random~3367)
TAAR1 (gpcr, n/a): top5=['YML018C', 'YER039C', 'YML116W', 'YEL064C', 'YGL077C'] sce04011 median rank=3019 (random~3367)
P2RY10 (gpcr, n/a): top5=['YPL264C', 'YER119C', 'YBR043C', 'YHR032W', 'YBR287W'] sce04011 median rank=2876 (random~3367)
OR7E24 (gpcr, n/a): top5=['YBR241C', 'YPL203W', 'YBR164C', 'YDL137W', 'YMR034C'] sce04011 median rank=3726 (random~3367)
TAS2R39 (gpcr, n/a): top5=['YJR124C', 'YPL246C', 'YIL088C', 'YNL275W', 'YER119C'] sce04011 median rank=2952 (random~3367)
P2RY14 (gpcr, n/a): top5=['YER039C', 'YML018C', 'YFL026W', 'YGL225W', 'YEL065W'] sce04011 median rank=3094 (random~3367)
GPR160 (gpcr, n/a): top5=['YMR013C', 'YDR119W', 'YIL090W', 'YBR040W', 'YDL199C'] sce04011 median rank=1704 (random~3367)
TAAR5 (gpcr, n/a): top5=['YOR378W', 'YGL225W', 'YJL214W', 'YDR345C', 'YHR092C'] sce04011 median rank=3523 (random~3367)
GPR65 (gpcr, n/a): top5=['YHR032W', 'YIL120W', 'YPL264C', 'YIL121W', 'YER119C'] sce04011 median rank=3078 (random~3367)
OXGR1 (gpcr, n/a): top5=['YER119C', 'YIL121W', 'YBR241C', 'YPL264C', 'YNR055C'] sce04011 median rank=3203 (random~3367)
C5AR2 (gpcr, n/a): top5=['YPL218W', 'YPL203W', 'YHR189W', 'YBR241C', 'YGR105W'] sce04011 median rank=3250 (random~3367)
CYSLTR1 (gpcr, n/a): top5=['YER119C', 'YBR241C', 'YPL264C', 'YML018C', 'YIL121W'] sce04011 median rank=3316 (random~3367)
GPR26 (gpcr, n/a): top5=['YFL066C', 'YER072W', 'YGL008C', 'YLR229C', 'YEL013W'] sce04011 median rank=3450 (random~3367)
RRH (gpcr, n/a): top5=['YEL064C', 'YBR241C', 'YGR191W', 'YDR508C', 'YDR046C'] sce04011 median rank=3247 (random~3367)
OR1F12P (gpcr, n/a): top5=['YPL218W', 'YBR241C', 'YDL192W', 'YPL203W', 'YDL137W'] sce04011 median rank=3920 (random~3367)
ACKR1 (gpcr, n/a): top5=['YNL305C', 'YDR476C', 'YOR292C', 'YGL126W', 'YLR104W'] sce04011 median rank=3857 (random~3367)
GPR82 (gpcr, n/a): top5=['YGR036C', 'YIL088C', 'YBL089W', 'YPR198W', 'YPR201W'] sce04011 median rank=2270 (random~3367)
KCNK1 (ion_channel, n/a): top5=['YER190W', 'YHL003C', 'YLR466W', 'YER125W', 'YLR467W'] sce04011 median rank=3098 (random~3367)
GPR119 (gpcr, n/a): top5=['YFL066C', 'YHR218W', 'YER072W', 'YEL013W', 'YEL077C'] sce04011 median rank=3490 (random~3367)
GPR157 (gpcr, n/a): top5=['YPL218W', 'YGR105W', 'YGL126W', 'YPL067C', 'YGL054C'] sce04011 median rank=4017 (random~3367)
OR2AK2 (gpcr, n/a): top5=['YBR241C', 'YPL218W', 'YPL203W', 'YDL137W', 'YBR164C'] sce04011 median rank=3802 (random~3367)
OR9K2 (gpcr, n/a): top5=['YBR241C', 'YDL137W', 'YDL192W', 'YBR164C', 'YDR345C'] sce04011 median rank=3744 (random~3367)
OR52B6 (gpcr, n/a): top5=['YOR378W', 'YER039C', 'YGL225W', 'YHL016C', 'YIL170W'] sce04011 median rank=3311 (random~3367)
OR10R2 (gpcr, n/a): top5=['YLR229C', 'YDL192W', 'YDL137W', 'YKR059W', 'YPR165W'] sce04011 median rank=4138 (random~3367)
GPR12 (gpcr, n/a): top5=['YAL064C-A', 'YFL066C', 'YEL013W', 'YNR032C-A', 'YFL026W'] sce04011 median rank=3172 (random~3367)
SUCNR1 (gpcr, n/a): top5=['YOL075C', 'YJR124C', 'YIL121W', 'YBR241C', 'YKR105C'] sce04011 median rank=3377 (random~3367)
LRRC26 (ion_channel, n/a): top5=['YHR189W', 'YHR169W', 'YKL086W', 'YBR010W', 'YOR224C'] sce04011 median rank=4434 (random~3367)
XCR1 (gpcr, n/a): top5=['YER119C', 'YPL264C', 'YOL103W', 'YHR032W', 'YBR241C'] sce04011 median rank=3008 (random~3367)
NPBWR2 (gpcr, n/a): top5=['YPL218W', 'YER072W', 'YGL008C', 'YLR229C', 'YPR165W'] sce04011 median rank=3912 (random~3367)
GPR174 (gpcr, n/a): top5=['YER119C', 'YIL120W', 'YHR032W', 'YPL264C', 'YIL121W'] sce04011 median rank=3010 (random~3367)
TAS2R38 (gpcr, n/a): top5=['YPL246C', 'YJR124C', 'YMR034C', 'YER119C', 'YNL275W'] sce04011 median rank=3180 (random~3367)
GPR33 (gpcr, n/a): top5=['YBR180W', 'YGL104C', 'YPL264C', 'YHR032W', 'YHR048W'] sce04011 median rank=2674 (random~3367)
GPR146 (gpcr, n/a): top5=['YGL126W', 'YHL006C', 'YHL042W', 'YKR040C', 'YER147C'] sce04011 median rank=4479 (random~3367)
ADORA2B (gpcr, n/a): top5=['YER072W', 'YGL008C', 'YDL192W', 'YPL036W', 'YKR059W'] sce04011 median rank=3759 (random~3367)
MC4R (gpcr, n/a): top5=['YML018C', 'YIL088C', 'YPL246C', 'YJR001W', 'YBR295W'] sce04011 median rank=2748 (random~3367)
OR10G6 (gpcr, n/a): top5=['YLR229C', 'YPL218W', 'YPR165W', 'YGL256W', 'YPL203W'] sce04011 median rank=3832 (random~3367)
KCNK17 (ion_channel, n/a): top5=['YLR466W', 'YEL077C', 'YPR204W', 'YER190W', 'YBL112C'] sce04011 median rank=3086 (random~3367)
GPR18 (gpcr, n/a): top5=['YNL065W', 'YCL069W', 'YOR049C', 'YKR105C', 'YGL104C'] sce04011 median rank=2742 (random~3367)
OR6K3 (gpcr, n/a): top5=['YBR241C', 'YPL264C', 'YIL170W', 'YHR094C', 'YFL055W'] sce04011 median rank=3304 (random~3367)
OR10S1 (gpcr, n/a): top5=['YPL218W', 'YDL192W', 'YPL203W', 'YGL256W', 'YDL137W'] sce04011 median rank=4108 (random~3367)
OR6B3 (gpcr, n/a): top5=['YPL218W', 'YBR241C', 'YPL203W', 'YDL137W', 'YDL192W'] sce04011 median rank=3882 (random~3367)
OR6S1 (gpcr, n/a): top5=['YPL218W', 'YDL192W', 'YER072W', 'YGL008C', 'YKR059W'] sce04011 median rank=4191 (random~3367)
FFAR2 (gpcr, n/a): top5=['YER039C', 'YBR241C', 'YOR257W', 'YER119C', 'YHL040C'] sce04011 median rank=3318 (random~3367)
GPR3 (gpcr, n/a): top5=['YFL066C', 'YAL064C-A', 'YER072W', 'YNR032C-A', 'YGL008C'] sce04011 median rank=3761 (random~3367)
GPBAR1 (gpcr, n/a): top5=['YGL126W', 'YPL218W', 'YHR189W', 'YGR105W', 'YKL086W'] sce04011 median rank=3932 (random~3367)
MRGPRX2 (gpcr, n/a): top5=['YFL066C', 'YLR229C', 'YOR378W', 'YGL008C', 'YER072W'] sce04011 median rank=3193 (random~3367)
OR11H6 (gpcr, n/a): top5=['YBR241C', 'YDL137W', 'YBR164C', 'YDL192W', 'YHR094C'] sce04011 median rank=3693 (random~3367)
OR2D3 (gpcr, n/a): top5=['YDL137W', 'YBR241C', 'YDL192W', 'YDR345C', 'YBR164C'] sce04011 median rank=3728 (random~3367)
OR1P1 (gpcr, n/a): top5=['YPL218W', 'YBR241C', 'YDL192W', 'YDL137W', 'YPL203W'] sce04011 median rank=3886 (random~3367)
KCNK15 (ion_channel, n/a): top5=['YGL126W', 'YHR189W', 'YKL086W', 'YHR169W', 'YPL218W'] sce04011 median rank=4724 (random~3367)
OR52L1 (gpcr, n/a): top5=['YLR229C', 'YKR059W', 'YER072W', 'YGL008C', 'YJL108C'] sce04011 median rank=3870 (random~3367)
OR5AL1 (gpcr, n/a): top5=['YDL137W', 'YBR241C', 'YBR164C', 'YDL192W', 'YDR345C'] sce04011 median rank=3892 (random~3367)
OR10J3 (gpcr, n/a): top5=['YBR241C', 'YDL137W', 'YDL192W', 'YLR229C', 'YKR059W'] sce04011 median rank=4170 (random~3367)
GNRHR (gpcr, n/a): top5=['YER039C', 'YEL065W', 'YIL121W', 'YCR028C', 'YMR221C'] sce04011 median rank=3038 (random~3367)
NPBWR1 (gpcr, n/a): top5=['YPL218W', 'YGL008C', 'YER072W', 'YPL203W', 'YLR229C'] sce04011 median rank=3661 (random~3367)
P2RY6 (gpcr, n/a): top5=['YPL218W', 'YPL203W', 'YGL008C', 'YER072W', 'YLR229C'] sce04011 median rank=3548 (random~3367)
OR5D16 (gpcr, n/a): top5=['YDL137W', 'YDL192W', 'YBR241C', 'YBR164C', 'YPL218W'] sce04011 median rank=4050 (random~3367)
OR13A1 (gpcr, n/a): top5=['YPL218W', 'YDL192W', 'YDL137W', 'YBR241C', 'YBR164C'] sce04011 median rank=3976 (random~3367)
OR2AJ1 (gpcr, n/a): top5=['YBR241C', 'YDL137W', 'YPL218W', 'YBR164C', 'YDL192W'] sce04011 median rank=3566 (random~3367)
OR4A16 (gpcr, n/a): top5=['YDL192W', 'YDL137W', 'YLR229C', 'YKR059W', 'YFL039C'] sce04011 median rank=4065 (random~3367)
OR6A2 (gpcr, n/a): top5=['YPL218W', 'YDL192W', 'YPL203W', 'YDL137W', 'YGL256W'] sce04011 median rank=3910 (random~3367)
OR9G4 (gpcr, n/a): top5=['YDL137W', 'YDL192W', 'YBR164C', 'YBR241C', 'YPL218W'] sce04011 median rank=3755 (random~3367)
OR51T1 (gpcr, n/a): top5=['YOR378W', 'YLR229C', 'YGL225W', 'YHL047C', 'YKR059W'] sce04011 median rank=3572 (random~3367)
OR52E5 (gpcr, n/a): top5=['YOR378W', 'YLR229C', 'YKR059W', 'YGL225W', 'YHL047C'] sce04011 median rank=3714 (random~3367)
CACNG4 (ion_channel, n/a): top5=['YPR016C', 'YIL143C', 'YGR252W', 'YER081W', 'YNL191W'] sce04011 median rank=3209 (random~3367)
ADORA1 (gpcr, n/a): top5=['YFL066C', 'YEL013W', 'YLR229C', 'YER072W', 'YOR378W'] sce04011 median rank=3418 (random~3367)
OR10X1 (gpcr, n/a): top5=['YBR241C', 'YHR094C', 'YDR345C', 'YDL137W', 'YLR229C'] sce04011 median rank=3592 (random~3367)
OR51M1 (gpcr, n/a): top5=['YOR378W', 'YGL225W', 'YHL047C', 'YER039C', 'YHL040C'] sce04011 median rank=3482 (random~3367)
OR11H12 (gpcr, n/a): top5=['YBR241C', 'YDL137W', 'YPL218W', 'YDL192W', 'YBR164C'] sce04011 median rank=4017 (random~3367)
OR5T1 (gpcr, n/a): top5=['YDL137W', 'YDL192W', 'YBR241C', 'YBR164C', 'YDR345C'] sce04011 median rank=3666 (random~3367)
OR11H1 (gpcr, n/a): top5=['YBR241C', 'YDL137W', 'YPL218W', 'YDL192W', 'YBR164C'] sce04011 median rank=3960 (random~3367)
OR4C5 (gpcr, n/a): top5=['YLR229C', 'YDL192W', 'YFL039C', 'YKR059W', 'YPR165W'] sce04011 median rank=4354 (random~3367)
OR8A1 (gpcr, n/a): top5=['YDL137W', 'YBR241C', 'YDL192W', 'YBR164C', 'YLR229C'] sce04011 median rank=3634 (random~3367)
OR11H2 (gpcr, n/a): top5=['YBR241C', 'YDL137W', 'YPL218W', 'YDL192W', 'YBR164C'] sce04011 median rank=4008 (random~3367)
MAS1 (gpcr, n/a): top5=['YPL246C', 'YML018C', 'YEL064C', 'YMR034C', 'YJR124C'] sce04011 median rank=3113 (random~3367)
MC5R (gpcr, n/a): top5=['YHR218W', 'YML018C', 'YBR241C', 'YPL246C', 'YBL111C'] sce04011 median rank=3226 (random~3367)
OR5H6 (gpcr, n/a): top5=['YBR241C', 'YBR164C', 'YER119C', 'YMR034C', 'YML018C'] sce04011 median rank=3404 (random~3367)
OR1S1 (gpcr, n/a): top5=['YBR241C', 'YPL264C', 'YER119C', 'YIL170W', 'YHR094C'] sce04011 median rank=3267 (random~3367)
OR52E2 (gpcr, n/a): top5=['YOR378W', 'YLR229C', 'YKR059W', 'YGL225W', 'YFL039C'] sce04011 median rank=3622 (random~3367)
OR1S2 (gpcr, n/a): top5=['YBR241C', 'YDL137W', 'YBR164C', 'YDL192W', 'YHR094C'] sce04011 median rank=3688 (random~3367)
OR6Y1 (gpcr, n/a): top5=['YPL218W', 'YDL192W', 'YDL137W', 'YBR241C', 'YBR164C'] sce04011 median rank=3945 (random~3367)
OR10AC1 (gpcr, n/a): top5=['YPL218W', 'YHR189W', 'YLR234W', 'YLR147C', 'YGR105W'] sce04011 median rank=4114 (random~3367)
OR14L1 (gpcr, n/a): top5=['YBR241C', 'YDL137W', 'YBR164C', 'YDL192W', 'YDL047W'] sce04011 median rank=3870 (random~3367)
OR8U3 (gpcr, n/a): top5=['YDL137W', 'YDL192W', 'YBR164C', 'YLR229C', 'YBR241C'] sce04011 median rank=4038 (random~3367)
OR2T2 (gpcr, n/a): top5=['YDL192W', 'YLR229C', 'YDL137W', 'YPL218W', 'YPR165W'] sce04011 median rank=3864 (random~3367)
OR5AS1 (gpcr, n/a): top5=['YBR241C', 'YDL137W', 'YBR164C', 'YDL192W', 'YDR345C'] sce04011 median rank=3588 (random~3367)
OR7G2 (gpcr, n/a): top5=['YBR241C', 'YPL203W', 'YPL218W', 'YDL137W', 'YBR164C'] sce04011 median rank=3625 (random~3367)
OR11H4 (gpcr, n/a): top5=['YBR241C', 'YPL203W', 'YDL137W', 'YPL218W', 'YPR183W'] sce04011 median rank=3581 (random~3367)
OR51D1 (gpcr, n/a): top5=['YLR229C', 'YOR378W', 'YKR059W', 'YBL026W', 'YER072W'] sce04011 median rank=3720 (random~3367)
OR56B1 (gpcr, n/a): top5=['YER039C', 'YGL225W', 'YBR241C', 'YOL162W', 'YER119C'] sce04011 median rank=3342 (random~3367)
OR5A2 (gpcr, n/a): top5=['YDL192W', 'YDL137W', 'YPL218W', 'YBR164C', 'YKR059W'] sce04011 median rank=4129 (random~3367)
OR52I1 (gpcr, n/a): top5=['YHL047C', 'YJL108C', 'YKR059W', 'YHL040C', 'YBR164C'] sce04011 median rank=3874 (random~3367)
OR6K2 (gpcr, n/a): top5=['YBR241C', 'YPR183W', 'YDL137W', 'YBR164C', 'YMR034C'] sce04011 median rank=3668 (random~3367)
OR4K15 (gpcr, n/a): top5=['YDL192W', 'YDL137W', 'YKR059W', 'YLR229C', 'YFL039C'] sce04011 median rank=4184 (random~3367)
OR52N5 (gpcr, n/a): top5=['YOR378W', 'YGL225W', 'YLR229C', 'YHL016C', 'YGL255W'] sce04011 median rank=3458 (random~3367)
OR1L3 (gpcr, n/a): top5=['YBR241C', 'YDL137W', 'YDL192W', 'YBR164C', 'YDR345C'] sce04011 median rank=3694 (random~3367)
MC3R (gpcr, n/a): top5=['YBR241C', 'YHR218W', 'YMR034C', 'YML018C', 'YLR466W'] sce04011 median rank=3738 (random~3367)
OR1E2 (gpcr, n/a): top5=['YPL218W', 'YBR241C', 'YDL192W', 'YDL137W', 'YPL203W'] sce04011 median rank=3813 (random~3367)
TAS2R40 (gpcr, n/a): top5=['YPL246C', 'YJR124C', 'YEL064C', 'YER119C', 'YNR055C'] sce04011 median rank=2918 (random~3367)
OR5D3 (gpcr, n/a): top5=['YDL137W', 'YDL192W', 'YBR241C', 'YBR164C', 'YKR059W'] sce04011 median rank=3850 (random~3367)
OR4K5 (gpcr, n/a): top5=['YDL192W', 'YDL137W', 'YBR164C', 'YFL039C', 'YKR059W'] sce04011 median rank=3888 (random~3367)
OR51S1 (gpcr, n/a): top5=['YJL108C', 'YHL047C', 'YOL162W', 'YHL040C', 'YPR183W'] sce04011 median rank=3416 (random~3367)
OR6T1 (gpcr, n/a): top5=['YPL218W', 'YDL192W', 'YPL203W', 'YLR229C', 'YKR059W'] sce04011 median rank=3954 (random~3367)
OR2T35 (gpcr, n/a): top5=['YDL192W', 'YLR229C', 'YDL137W', 'YPL218W', 'YPR165W'] sce04011 median rank=3901 (random~3367)
OR2AE1 (gpcr, n/a): top5=['YBR241C', 'YPL203W', 'YDL137W', 'YPL218W', 'YBR164C'] sce04011 median rank=3608 (random~3367)
OR52B2 (gpcr, n/a): top5=['YLR229C', 'YER072W', 'YKR059W', 'YPR165W', 'YOR378W'] sce04011 median rank=3954 (random~3367)
CALHM2 (ion_channel, n/a): top5=['YFL066C', 'YER072W', 'YOR293W', 'YMR230W', 'YPR204W'] sce04011 median rank=3663 (random~3367)
CACNG2 (ion_channel, n/a): top5=['YKL146W', 'YPL221W', 'YFL026W', 'YBR235W', 'YER171W'] sce04011 median rank=2930 (random~3367)
MRGPRX4 (gpcr, n/a): top5=['YGL008C', 'YER072W', 'YLR229C', 'YPL036W', 'YKR059W'] sce04011 median rank=3386 (random~3367)
MRGPRX1 (gpcr, n/a): top5=['YLR229C', 'YFL066C', 'YGL008C', 'YER072W', 'YOR378W'] sce04011 median rank=3192 (random~3367)
MRGPRX3 (gpcr, n/a): top5=['YFL066C', 'YGL008C', 'YER072W', 'YLR229C', 'YPL036W'] sce04011 median rank=3370 (random~3367)
OR1J1 (gpcr, n/a): top5=['YBR241C', 'YPL218W', 'YPL203W', 'YJL108C', 'YDL137W'] sce04011 median rank=3526 (random~3367)
OR11L1 (gpcr, n/a): top5=['YBR241C', 'YDL137W', 'YDL192W', 'YPL218W', 'YPL203W'] sce04011 median rank=3488 (random~3367)
OR5P2 (gpcr, n/a): top5=['YBR241C', 'YDL137W', 'YBR164C', 'YDL192W', 'YDR345C'] sce04011 median rank=3812 (random~3367)
MRGPRD (gpcr, n/a): top5=['YHL047C', 'YHL040C', 'YPL218W', 'YBR241C', 'YMR034C'] sce04011 median rank=3188 (random~3367)
OR3A3 (gpcr, n/a): top5=['YPL218W', 'YDL192W', 'YLR147C', 'YER072W', 'YGL008C'] sce04011 median rank=4250 (random~3367)
OR3A2 (gpcr, n/a): top5=['YPL218W', 'YDL192W', 'YGL008C', 'YLR147C', 'YDL137W'] sce04011 median rank=4157 (random~3367)
OR52N4 (gpcr, n/a): top5=['YOR378W', 'YLR229C', 'YGL225W', 'YKR059W', 'YFL039C'] sce04011 median rank=3602 (random~3367)
OR51V1 (gpcr, n/a): top5=['YOR378W', 'YER039C', 'YGL225W', 'YEL065W', 'YIL170W'] sce04011 median rank=3028 (random~3367)
OR5K3 (gpcr, n/a): top5=['YBR241C', 'YDL137W', 'YBR164C', 'YMR034C', 'YHR094C'] sce04011 median rank=3572 (random~3367)
OR5K4 (gpcr, n/a): top5=['YBR241C', 'YMR034C', 'YDL137W', 'YBR164C', 'YDL128W'] sce04011 median rank=3530 (random~3367)
OR52N2 (gpcr, n/a): top5=['YLR229C', 'YOR378W', 'YKR059W', 'YFL039C', 'YER072W'] sce04011 median rank=3797 (random~3367)
OR51G1 (gpcr, n/a): top5=['YOR378W', 'YLR229C', 'YGL225W', 'YKR059W', 'YPR165W'] sce04011 median rank=3484 (random~3367)
OR52P1 (gpcr, n/a): top5=['YLR229C', 'YER072W', 'YGL008C', 'YKR059W', 'YPL036W'] sce04011 median rank=3990 (random~3367)
OR14J1 (gpcr, n/a): top5=['YBR241C', 'YBR164C', 'YDL137W', 'YPL203W', 'YMR034C'] sce04011 median rank=3710 (random~3367)
OR5V1 (gpcr, n/a): top5=['YDL137W', 'YDL192W', 'YLR229C', 'YDR345C', 'YFL039C'] sce04011 median rank=3697 (random~3367)
OR51E2 (gpcr, n/a): top5=['YLR229C', 'YER072W', 'YKR059W', 'YFL039C', 'YDL192W'] sce04011 median rank=3978 (random~3367)
OR2AT4 (gpcr, n/a): top5=['YBR241C', 'YPL218W', 'YPL203W', 'YBR164C', 'YDL137W'] sce04011 median rank=3723 (random~3367)
OR7C1 (gpcr, n/a): top5=['YBR241C', 'YDL137W', 'YPL218W', 'YBR164C', 'YDL192W'] sce04011 median rank=3608 (random~3367)
OR10J1 (gpcr, n/a): top5=['YDL192W', 'YDL137W', 'YLR229C', 'YPR165W', 'YKR059W'] sce04011 median rank=3870 (random~3367)
OR2C3 (gpcr, n/a): top5=['YPL218W', 'YDL192W', 'YGL256W', 'YDL137W', 'YLR229C'] sce04011 median rank=3899 (random~3367)
OR2W5P (gpcr, n/a): top5=['YPL218W', 'YHL050C', 'YPR204W', 'YPL203W', 'YOR185C'] sce04011 median rank=4606 (random~3367)
OR12D1 (gpcr, n/a): top5=['YLR229C', 'YPR165W', 'YDL137W', 'YBR241C', 'YDR345C'] sce04011 median rank=3434 (random~3367)
OR52W1 (gpcr, n/a): top5=['YGL008C', 'YLR147C', 'YGL256W', 'YPL218W', 'YER072W'] sce04011 median rank=4073 (random~3367)
OR2T33 (gpcr, n/a): top5=['YPL218W', 'YPL203W', 'YDL192W', 'YGL256W', 'YER072W'] sce04011 median rank=3749 (random~3367)
OR2T12 (gpcr, n/a): top5=['YPL218W', 'YPL203W', 'YDL192W', 'YGL256W', 'YBR241C'] sce04011 median rank=3842 (random~3367)
OR5C1 (gpcr, n/a): top5=['YPL218W', 'YGL008C', 'YJL108C', 'YER072W', 'YGL256W'] sce04011 median rank=3884 (random~3367)
OR13C8 (gpcr, n/a): top5=['YDL192W', 'YDL137W', 'YBR164C', 'YKR059W', 'YFL039C'] sce04011 median rank=3862 (random~3367)
OR52N1 (gpcr, n/a): top5=['YOR378W', 'YLR229C', 'YGL225W', 'YKR059W', 'YFL039C'] sce04011 median rank=3638 (random~3367)
OR2W1 (gpcr, n/a): top5=['YBR241C', 'YDL128W', 'YPL264C', 'YER119C', 'YIL121W'] sce04011 median rank=3228 (random~3367)
GPR31 (gpcr, n/a): top5=['YPL218W', 'YGL126W', 'YGR105W', 'YHR169W', 'YHR189W'] sce04011 median rank=4058 (random~3367)
GPR171 (gpcr, n/a): top5=['YER039C', 'YPL264C', 'YER119C', 'YBR287W', 'YBR043C'] sce04011 median rank=3058 (random~3367)
GPR55 (gpcr, n/a): top5=['YER119C', 'YPL264C', 'YPL246C', 'YER039C', 'YIL121W'] sce04011 median rank=3150 (random~3367)
OR51F1 (gpcr, n/a): top5=['YOR378W', 'YGL225W', 'YLR229C', 'YER039C', 'YOR061W'] sce04011 median rank=3336 (random~3367)
OR7C2 (gpcr, n/a): top5=['YBR241C', 'YDL137W', 'YPL218W', 'YBR164C', 'YDL192W'] sce04011 median rank=3464 (random~3367)
OR2S2 (gpcr, n/a): top5=['YDL192W', 'YDL137W', 'YPL218W', 'YKR059W', 'YBR164C'] sce04011 median rank=4032 (random~3367)
OR8U8 (gpcr, n/a): top5=['YDL137W', 'YDL192W', 'YBR164C', 'YBR241C', 'YFL039C'] sce04011 median rank=3777 (random~3367)
TAS2R30 (gpcr, n/a): top5=['YNR032C-A', 'YAL064C-A', 'YFL066C', 'YER072W', 'YIL148W'] sce04011 median rank=4075 (random~3367)
OR7A5 (gpcr, n/a): top5=['YBR241C', 'YPL218W', 'YPL203W', 'YDL137W', 'YBR164C'] sce04011 median rank=3448 (random~3367)
OR8K1 (gpcr, n/a): top5=['YBR241C', 'YML018C', 'YIL170W', 'YJL214W', 'YPL264C'] sce04011 median rank=3228 (random~3367)
OR52L2P (gpcr, n/a): top5=['YLR229C', 'YKR059W', 'YJL108C', 'YOR378W', 'YER072W'] sce04011 median rank=3886 (random~3367)
OR10Q1 (gpcr, n/a): top5=['YPL218W', 'YLR229C', 'YPR165W', 'YDL192W', 'YKR059W'] sce04011 median rank=3679 (random~3367)
OR13F1 (gpcr, n/a): top5=['YDL137W', 'YBR241C', 'YDL192W', 'YBR164C', 'YPL218W'] sce04011 median rank=3748 (random~3367)
OR56B4 (gpcr, n/a): top5=['YBR241C', 'YER039C', 'YMR034C', 'YHL047C', 'YHL040C'] sce04011 median rank=3496 (random~3367)
ADORA3 (gpcr, n/a): top5=['YER039C', 'YML018C', 'YEL013W', 'YOR378W', 'YFL026W'] sce04011 median rank=2932 (random~3367)
OR13C5 (gpcr, n/a): top5=['YDL137W', 'YBR241C', 'YDL192W', 'YBR164C', 'YHR094C'] sce04011 median rank=3649 (random~3367)
OR51E1 (gpcr, n/a): top5=['YLR229C', 'YOR378W', 'YKR059W', 'YPR165W', 'YER072W'] sce04011 median rank=3760 (random~3367)
TAS2R7 (gpcr, n/a): top5=['YGL225W', 'YOR378W', 'YFL066C', 'YHL016C', 'YFL026W'] sce04011 median rank=3500 (random~3367)
TAS2R60 (gpcr, n/a): top5=['YPL246C', 'YMR034C', 'YHL047C', 'YBR241C', 'YJR124C'] sce04011 median rank=3366 (random~3367)
OR2A2 (gpcr, n/a): top5=['YPL218W', 'YBR241C', 'YDL192W', 'YDL137W', 'YPL203W'] sce04011 median rank=3849 (random~3367)
OR56A1 (gpcr, n/a): top5=['YER039C', 'YGL225W', 'YOR378W', 'YFL055W', 'YBR241C'] sce04011 median rank=3406 (random~3367)
OR4D5 (gpcr, n/a): top5=['YLR229C', 'YDL192W', 'YPR165W', 'YFL039C', 'YKR059W'] sce04011 median rank=3994 (random~3367)
OR13C4 (gpcr, n/a): top5=['YBR241C', 'YDL137W', 'YHR094C', 'YBR164C', 'YMR011W'] sce04011 median rank=3444 (random~3367)
OR13C2 (gpcr, n/a): top5=['YDL137W', 'YBR241C', 'YDL192W', 'YBR164C', 'YDR345C'] sce04011 median rank=3627 (random~3367)
OR13C9 (gpcr, n/a): top5=['YDL137W', 'YBR241C', 'YDL192W', 'YBR164C', 'YDR345C'] sce04011 median rank=3698 (random~3367)
OR2T34 (gpcr, n/a): top5=['YBR241C', 'YPL203W', 'YPL218W', 'YDL128W', 'YJL108C'] sce04011 median rank=3384 (random~3367)
OR2T3 (gpcr, n/a): top5=['YBR241C', 'YPL203W', 'YPL218W', 'YDL128W', 'YJL108C'] sce04011 median rank=3384 (random~3367)
OR2W6P (gpcr, n/a): top5=['YPL218W', 'YDL192W', 'YDL137W', 'YKR059W', 'YLR229C'] sce04011 median rank=3998 (random~3367)
OR52D1 (gpcr, n/a): top5=['YLR229C', 'YOR378W', 'YKR059W', 'YJL108C', 'YPR165W'] sce04011 median rank=3706 (random~3367)
OR10H1 (gpcr, n/a): top5=['YPL218W', 'YLR229C', 'YDL192W', 'YKR059W', 'YPL203W'] sce04011 median rank=3844 (random~3367)
MC1R (gpcr, n/a): top5=['YPL218W', 'YER072W', 'YGL008C', 'YPR204W', 'YKL190W'] sce04011 median rank=4254 (random~3367)
TAS2R14 (gpcr, n/a): top5=['YAL064C-A', 'YNR032C-A', 'YGL225W', 'YFL066C', 'YFL026W'] sce04011 median rank=3562 (random~3367)
OR2F1 (gpcr, n/a): top5=['YPL218W', 'YDL192W', 'YLR229C', 'YDL137W', 'YKR059W'] sce04011 median rank=4044 (random~3367)
OR1B1 (gpcr, n/a): top5=['YPL218W', 'YGR105W', 'YBR241C', 'YLL053C', 'YLR234W'] sce04011 median rank=4210 (random~3367)
OR51Q1 (gpcr, n/a): top5=['YOR378W', 'YLR229C', 'YGL225W', 'YKR059W', 'YBL026W'] sce04011 median rank=3531 (random~3367)
OR10A5 (gpcr, n/a): top5=['YDL192W', 'YDL137W', 'YBR241C', 'YBR164C', 'YPL218W'] sce04011 median rank=3679 (random~3367)
OR2F2 (gpcr, n/a): top5=['YPL218W', 'YDL192W', 'YDL137W', 'YLR229C', 'YBR241C'] sce04011 median rank=3782 (random~3367)
OR2B11 (gpcr, n/a): top5=['YPL218W', 'YDL192W', 'YGL008C', 'YLR147C', 'YGL256W'] sce04011 median rank=4150 (random~3367)
OR10AD1 (gpcr, n/a): top5=['YBR241C', 'YDL137W', 'YDL192W', 'YPL218W', 'YBR164C'] sce04011 median rank=3579 (random~3367)
OR52M1 (gpcr, n/a): top5=['YLR229C', 'YKR059W', 'YER072W', 'YGL008C', 'YPR165W'] sce04011 median rank=4095 (random~3367)
OR6Q1 (gpcr, n/a): top5=['YPL218W', 'YDL192W', 'YDL137W', 'YKR059W', 'YLR229C'] sce04011 median rank=4013 (random~3367)
OR6P1 (gpcr, n/a): top5=['YPL218W', 'YPL203W', 'YBR241C', 'YJL108C', 'YDL192W'] sce04011 median rank=3843 (random~3367)
OR6N2 (gpcr, n/a): top5=['YBR241C', 'YDL137W', 'YBR164C', 'YDR345C', 'YHR094C'] sce04011 median rank=3726 (random~3367)
OR2G2 (gpcr, n/a): top5=['YPL218W', 'YDL192W', 'YDL137W', 'YBR241C', 'YKR059W'] sce04011 median rank=3978 (random~3367)
OR2T27 (gpcr, n/a): top5=['YDL192W', 'YPL218W', 'YDL137W', 'YLR229C', 'YKR059W'] sce04011 median rank=3826 (random~3367)
OR2H1 (gpcr, n/a): top5=['YPL218W', 'YPL203W', 'YBR241C', 'YJL108C', 'YGL256W'] sce04011 median rank=3786 (random~3367)
OR2AG1 (gpcr, n/a): top5=['YPL218W', 'YPL203W', 'YBR241C', 'YJL108C', 'YDL128W'] sce04011 median rank=3622 (random~3367)
OR51J1 (gpcr, n/a): top5=['YKR059W', 'YLR229C', 'YHL047C', 'YPR204W', 'YBR164C'] sce04011 median rank=4164 (random~3367)
TAS2R3 (gpcr, n/a): top5=['YHL047C', 'YHL016C', 'YGL225W', 'YFL026W', 'YHL040C'] sce04011 median rank=3286 (random~3367)
OR2AG2 (gpcr, n/a): top5=['YBR241C', 'YPL203W', 'YPL218W', 'YJL108C', 'YDL137W'] sce04011 median rank=3512 (random~3367)
OR10H3 (gpcr, n/a): top5=['YBR241C', 'YPL218W', 'YDL137W', 'YDL192W', 'YPL203W'] sce04011 median rank=3621 (random~3367)
OR2G6 (gpcr, n/a): top5=['YPL218W', 'YDL192W', 'YGL256W', 'YDL137W', 'YPL203W'] sce04011 median rank=3891 (random~3367)
OR4N4 (gpcr, n/a): top5=['YLR229C', 'YDL192W', 'YPR165W', 'YKR059W', 'YFL039C'] sce04011 median rank=4112 (random~3367)
OR10H4 (gpcr, n/a): top5=['YBR241C', 'YDL137W', 'YPL218W', 'YPL203W', 'YBR164C'] sce04011 median rank=3568 (random~3367)
OR10A7 (gpcr, n/a): top5=['YDL192W', 'YDL137W', 'YLR229C', 'YPL218W', 'YKR059W'] sce04011 median rank=3986 (random~3367)
OR5AP2 (gpcr, n/a): top5=['YDL192W', 'YDL137W', 'YLR229C', 'YKR059W', 'YFL039C'] sce04011 median rank=3909 (random~3367)
OR56B2 (gpcr, n/a): top5=['YER039C', 'YER119C', 'YBR241C', 'YFL055W', 'YML018C'] sce04011 median rank=3265 (random~3367)
OR4C15 (gpcr, n/a): top5=['YLR229C', 'YFL039C', 'YPR165W', 'YDL192W', 'YKR059W'] sce04011 median rank=3962 (random~3367)
OR8J1 (gpcr, n/a): top5=['YDL137W', 'YDL192W', 'YBR241C', 'YBR164C', 'YPL218W'] sce04011 median rank=3758 (random~3367)
OR1K1 (gpcr, n/a): top5=['YPL218W', 'YLR147C', 'YGR105W', 'YGL008C', 'YLR234W'] sce04011 median rank=4326 (random~3367)
OR1N2 (gpcr, n/a): top5=['YPL218W', 'YPL203W', 'YBR241C', 'YDL192W', 'YJL108C'] sce04011 median rank=3808 (random~3367)
OR2K2 (gpcr, n/a): top5=['YBR241C', 'YDL137W', 'YBR164C', 'YDL192W', 'YHR094C'] sce04011 median rank=3444 (random~3367)
OR2T11 (gpcr, n/a): top5=['YDL192W', 'YDL137W', 'YLR229C', 'YKR059W', 'YPL218W'] sce04011 median rank=3874 (random~3367)
OR5K2 (gpcr, n/a): top5=['YBR241C', 'YDL137W', 'YBR164C', 'YHR094C', 'YDL192W'] sce04011 median rank=3647 (random~3367)
OR52A5 (gpcr, n/a): top5=['YOR378W', 'YGL225W', 'YER039C', 'YHL016C', 'YEL065W'] sce04011 median rank=3340 (random~3367)
OR12D3 (gpcr, n/a): top5=['YDL137W', 'YDL192W', 'YBR241C', 'YLR229C', 'YPR165W'] sce04011 median rank=3502 (random~3367)
OR4N4C (gpcr, n/a): top5=['YLR229C', 'YDL192W', 'YKR059W', 'YPR165W', 'YFL039C'] sce04011 median rank=4117 (random~3367)
OR4E1 (gpcr, n/a): top5=['YLR229C', 'YDL192W', 'YDL137W', 'YPR165W', 'YFL039C'] sce04011 median rank=3810 (random~3367)
OR10A4 (gpcr, n/a): top5=['YPL218W', 'YDL192W', 'YDL137W', 'YLR229C', 'YKR059W'] sce04011 median rank=3781 (random~3367)
OR10H2 (gpcr, n/a): top5=['YPL218W', 'YBR241C', 'YPL203W', 'YLR229C', 'YJL108C'] sce04011 median rank=3660 (random~3367)
OR4A8 (gpcr, n/a): top5=['YDL192W', 'YLR229C', 'YDL137W', 'YFL039C', 'YKR059W'] sce04011 median rank=4110 (random~3367)
OR3A1 (gpcr, n/a): top5=['YPL218W', 'YDL192W', 'YDL137W', 'YGL256W', 'YGL008C'] sce04011 median rank=4016 (random~3367)
OR5M10 (gpcr, n/a): top5=['YDL137W', 'YDL192W', 'YBR241C', 'YBR164C', 'YDR345C'] sce04011 median rank=3704 (random~3367)
OR2T5 (gpcr, n/a): top5=['YBR241C', 'YDL137W', 'YDL192W', 'YPL218W', 'YLR229C'] sce04011 median rank=3583 (random~3367)
OR10H5 (gpcr, n/a): top5=['YPL218W', 'YDL192W', 'YLR229C', 'YPL203W', 'YBR241C'] sce04011 median rank=3840 (random~3367)
OR52R1 (gpcr, n/a): top5=['YLR229C', 'YOR378W', 'YKR059W', 'YJL108C', 'YPR165W'] sce04011 median rank=3700 (random~3367)
OR8J3 (gpcr, n/a): top5=['YDL137W', 'YDL192W', 'YBR164C', 'YBR241C', 'YKR059W'] sce04011 median rank=3812 (random~3367)
OR8J2 (gpcr, n/a): top5=['YDL192W', 'YDL137W', 'YPL218W', 'YBR164C', 'YBR241C'] sce04011 median rank=4044 (random~3367)
OR5A1 (gpcr, n/a): top5=['YLR229C', 'YDL192W', 'YPL218W', 'YPR165W', 'YKR059W'] sce04011 median rank=3816 (random~3367)
OR51L1 (gpcr, n/a): top5=['YLR229C', 'YOR378W', 'YKR059W', 'YBL026W', 'YPR165W'] sce04011 median rank=3638 (random~3367)
OR5M1 (gpcr, n/a): top5=['YDL137W', 'YDL192W', 'YBR241C', 'YBR164C', 'YDR345C'] sce04011 median rank=3680 (random~3367)
OR2I1 (gpcr, n/a): top5=['YPL218W', 'YLR147C', 'YHR169W', 'YLR234W', 'YGL008C'] sce04011 median rank=4306 (random~3367)
OR2T29 (gpcr, n/a): top5=['YBR241C', 'YDL137W', 'YPL218W', 'YDL192W', 'YLR229C'] sce04011 median rank=3575 (random~3367)
OR56A3 (gpcr, n/a): top5=['YER039C', 'YGL225W', 'YOR378W', 'YBL112C', 'YHR218W-A'] sce04011 median rank=3463 (random~3367)
OR4A5 (gpcr, n/a): top5=['YDL192W', 'YLR229C', 'YFL039C', 'YKR059W', 'YPR165W'] sce04011 median rank=4212 (random~3367)
OR2V1 (gpcr, n/a): top5=['YPL218W', 'YDL192W', 'YER072W', 'YDL137W', 'YPL203W'] sce04011 median rank=3878 (random~3367)
OR2V2 (gpcr, n/a): top5=['YPL218W', 'YDL192W', 'YBR241C', 'YDL137W', 'YPL203W'] sce04011 median rank=3868 (random~3367)
OR4K3 (gpcr, n/a): top5=['YDL192W', 'YDL137W', 'YFL039C', 'YLR229C', 'YKR059W'] sce04011 median rank=3884 (random~3367)
OR11A1 (gpcr, n/a): top5=['YPL218W', 'YDL192W', 'YDL137W', 'YBR241C', 'YER072W'] sce04011 median rank=4096 (random~3367)
CACNG3 (ion_channel, n/a): top5=['YPL221W', 'YKL146W', 'YGL139W', 'YBR235W', 'YDR375C'] sce04011 median rank=2807 (random~3367)
CALHM6 (ion_channel, n/a): top5=['YPR204W', 'YEL077C', 'YMR230W', 'YOR224C', 'YOR293W'] sce04011 median rank=3542 (random~3367)
OR1E1 (gpcr, n/a): top5=['YPL218W', 'YBR241C', 'YDL192W', 'YDL137W', 'YPL203W'] sce04011 median rank=3714 (random~3367)
OR5I1 (gpcr, n/a): top5=['YBR241C', 'YPL264C', 'YML018C', 'YIL170W', 'YHR094C'] sce04011 median rank=3209 (random~3367)
OR1Q1 (gpcr, n/a): top5=['YBR241C', 'YDL137W', 'YPR183W', 'YPL203W', 'YBR164C'] sce04011 median rank=3698 (random~3367)
TAS2R42 (gpcr, n/a): top5=['YFL026W', 'YML018C', 'YER039C', 'YOL162W', 'YEL064C'] sce04011 median rank=2998 (random~3367)
OR2W3 (gpcr, n/a): top5=['YPL218W', 'YPL203W', 'YDL192W', 'YBR241C', 'YDL137W'] sce04011 median rank=3820 (random~3367)
OR11H7 (gpcr, n/a): top5=['YBR241C', 'YDL137W', 'YBR164C', 'YDL192W', 'YPL203W'] sce04011 median rank=3667 (random~3367)
OR52B4 (gpcr, n/a): top5=['YOR378W', 'YER039C', 'YGL225W', 'YLR229C', 'YIL170W'] sce04011 median rank=3200 (random~3367)
OR8D4 (gpcr, n/a): top5=['YBR241C', 'YJL108C', 'YDL137W', 'YHR094C', 'YBR164C'] sce04011 median rank=3370 (random~3367)
OR10T2 (gpcr, n/a): top5=['YDL192W', 'YDL137W', 'YLR229C', 'YPL218W', 'YKR059W'] sce04011 median rank=4025 (random~3367)
OR5B3 (gpcr, n/a): top5=['YDL137W', 'YDL192W', 'YBR164C', 'YBR241C', 'YDR345C'] sce04011 median rank=3762 (random~3367)
OR1R1 (gpcr, n/a): top5=['YHR169W', 'YPL218W', 'YLL053C', 'YHR189W', 'YGR105W'] sce04011 median rank=4544 (random~3367)
OR6C6 (gpcr, n/a): top5=['YBR241C', 'YDL137W', 'YBR164C', 'YHR094C', 'YJL214W'] sce04011 median rank=3488 (random~3367)
OR5F1 (gpcr, n/a): top5=['YBR241C', 'YDL137W', 'YBR164C', 'YDR345C', 'YJL108C'] sce04011 median rank=3448 (random~3367)
OR4Q2 (gpcr, n/a): top5=['YDL192W', 'YLR229C', 'YFL039C', 'YPR165W', 'YKR059W'] sce04011 median rank=4130 (random~3367)
OR5G3 (gpcr, n/a): top5=['YDL137W', 'YDL192W', 'YBR241C', 'YDR345C', 'YLR229C'] sce04011 median rank=3766 (random~3367)
OR10A3 (gpcr, n/a): top5=['YDL192W', 'YDL137W', 'YPL218W', 'YBR164C', 'YKR059W'] sce04011 median rank=4028 (random~3367)
OR1C1 (gpcr, n/a): top5=['YPL218W', 'YDL192W', 'YDL137W', 'YBR241C', 'YPL203W'] sce04011 median rank=3940 (random~3367)
OR2Z1 (gpcr, n/a): top5=['YPL218W', 'YDL192W', 'YER072W', 'YGL008C', 'YLR229C'] sce04011 median rank=3986 (random~3367)
OR4K2 (gpcr, n/a): top5=['YDL192W', 'YDL137W', 'YFL039C', 'YBR164C', 'YKR059W'] sce04011 median rank=3947 (random~3367)
OR4D9 (gpcr, n/a): top5=['YDL192W', 'YDL137W', 'YLR229C', 'YFL039C', 'YBR164C'] sce04011 median rank=3848 (random~3367)
OR9Q2 (gpcr, n/a): top5=['YPL218W', 'YDL192W', 'YDL137W', 'YBR241C', 'YKR059W'] sce04011 median rank=3934 (random~3367)
OR5B17 (gpcr, n/a): top5=['YBR241C', 'YDL137W', 'YBR164C', 'YHR094C', 'YJL214W'] sce04011 median rank=3538 (random~3367)
OR4D6 (gpcr, n/a): top5=['YDL192W', 'YDL137W', 'YPL218W', 'YKR059W', 'YFL039C'] sce04011 median rank=4212 (random~3367)
OR52H1 (gpcr, n/a): top5=['YOR378W', 'YLR229C', 'YGL225W', 'YKR059W', 'YPR165W'] sce04011 median rank=3495 (random~3367)
OR51G2 (gpcr, n/a): top5=['YLR229C', 'YOR378W', 'YEL027W', 'YPR165W', 'YKR059W'] sce04011 median rank=3514 (random~3367)
OR52K2 (gpcr, n/a): top5=['YLR229C', 'YER072W', 'YOR378W', 'YKR059W', 'YPR165W'] sce04011 median rank=3794 (random~3367)
OR52K1 (gpcr, n/a): top5=['YLR229C', 'YER072W', 'YKR059W', 'YGL008C', 'YOR378W'] sce04011 median rank=3932 (random~3367)
OR5D14 (gpcr, n/a): top5=['YDL137W', 'YDL192W', 'YBR241C', 'YBR164C', 'YPL218W'] sce04011 median rank=3900 (random~3367)
OR5D13 (gpcr, n/a): top5=['YBR241C', 'YML018C', 'YER119C', 'YJL214W', 'YIL170W'] sce04011 median rank=3301 (random~3367)
OR9I1 (gpcr, n/a): top5=['YDL192W', 'YPL218W', 'YDL137W', 'YBR164C', 'YBR241C'] sce04011 median rank=3968 (random~3367)
OR9A1P (gpcr, n/a): top5=['YBR241C', 'YDL137W', 'YBR164C', 'YDL192W', 'YMR034C'] sce04011 median rank=3654 (random~3367)
OR9A4 (gpcr, n/a): top5=['YBR241C', 'YDL137W', 'YDL192W', 'YBR164C', 'YDR345C'] sce04011 median rank=3804 (random~3367)
OR14K1 (gpcr, n/a): top5=['YPL218W', 'YDL192W', 'YDL137W', 'YKL190W', 'YBR164C'] sce04011 median rank=4254 (random~3367)
OR10A6 (gpcr, n/a): top5=['YDL192W', 'YDL137W', 'YPL218W', 'YBR241C', 'YBR164C'] sce04011 median rank=3877 (random~3367)
OR5B12 (gpcr, n/a): top5=['YDL192W', 'YDL137W', 'YBR164C', 'YFL039C', 'YLR229C'] sce04011 median rank=3728 (random~3367)
OR14A2 (gpcr, n/a): top5=['YBR241C', 'YBR164C', 'YDL137W', 'YJL214W', 'YHR094C'] sce04011 median rank=3608 (random~3367)
OR51I1 (gpcr, n/a): top5=['YOR378W', 'YLR229C', 'YGL225W', 'YKR059W', 'YBL026W'] sce04011 median rank=3597 (random~3367)
CALHM4 (ion_channel, n/a): top5=['YAL009W', 'YLR342W', 'YGR032W', 'YOL129W', 'YOR103C'] sce04011 median rank=3452 (random~3367)
OR10G3 (gpcr, n/a): top5=['YPL218W', 'YPL203W', 'YDL192W', 'YLR229C', 'YGL256W'] sce04011 median rank=3887 (random~3367)
OR1G1 (gpcr, n/a): top5=['YBR241C', 'YBR164C', 'YJL108C', 'YDL137W', 'YPL203W'] sce04011 median rank=3482 (random~3367)
OR2B6 (gpcr, n/a): top5=['YPL218W', 'YDL192W', 'YBR241C', 'YPL203W', 'YDL137W'] sce04011 median rank=3752 (random~3367)
OR4M1 (gpcr, n/a): top5=['YDL192W', 'YDL137W', 'YFL039C', 'YLR229C', 'YBR164C'] sce04011 median rank=3872 (random~3367)
OR10P1 (gpcr, n/a): top5=['YBR241C', 'YPL203W', 'YJL108C', 'YPL218W', 'YDL128W'] sce04011 median rank=3426 (random~3367)
OR1J2 (gpcr, n/a): top5=['YBR241C', 'YDL137W', 'YPL218W', 'YDL192W', 'YBR164C'] sce04011 median rank=3524 (random~3367)
OR5H15 (gpcr, n/a): top5=['YBR241C', 'YMR034C', 'YER119C', 'YBR164C', 'YHR094C'] sce04011 median rank=3412 (random~3367)
OR5H1 (gpcr, n/a): top5=['YBR241C', 'YBR164C', 'YDL137W', 'YHR094C', 'YJL214W'] sce04011 median rank=3551 (random~3367)
OR2B3 (gpcr, n/a): top5=['YBR241C', 'YDL137W', 'YDL192W', 'YDR345C', 'YBR164C'] sce04011 median rank=3631 (random~3367)
OR56A5 (gpcr, n/a): top5=['YER039C', 'YGL225W', 'YOR378W', 'YML018C', 'YFL055W'] sce04011 median rank=3278 (random~3367)
OR52E8 (gpcr, n/a): top5=['YOR378W', 'YLR229C', 'YPR165W', 'YKR059W', 'YGL225W'] sce04011 median rank=3505 (random~3367)
OR6V1 (gpcr, n/a): top5=['YPL218W', 'YDL192W', 'YDL137W', 'YLR229C', 'YBR241C'] sce04011 median rank=3914 (random~3367)
OR1M1 (gpcr, n/a): top5=['YPL218W', 'YDL192W', 'YDL137W', 'YBR241C', 'YBR164C'] sce04011 median rank=3744 (random~3367)
OR4M2 (gpcr, n/a): top5=['YDL192W', 'YDL137W', 'YFL039C', 'YBR164C', 'YLR229C'] sce04011 median rank=3880 (random~3367)
OR4E2 (gpcr, n/a): top5=['YLR229C', 'YFL039C', 'YDL192W', 'YPR165W', 'YKR059W'] sce04011 median rank=3884 (random~3367)
OR8B3 (gpcr, n/a): top5=['YDL137W', 'YDL192W', 'YBR164C', 'YBR241C', 'YDR345C'] sce04011 median rank=3710 (random~3367)
OR56A4 (gpcr, n/a): top5=['YER039C', 'YGL225W', 'YOR378W', 'YFL055W', 'YJL108C'] sce04011 median rank=3438 (random~3367)
OR51A4 (gpcr, n/a): top5=['YOR378W', 'YGL225W', 'YLR229C', 'YER039C', 'YOR061W'] sce04011 median rank=3346 (random~3367)
OR51A2 (gpcr, n/a): top5=['YOR378W', 'YGL225W', 'YLR229C', 'YER039C', 'YOR061W'] sce04011 median rank=3347 (random~3367)
OR5D18 (gpcr, n/a): top5=['YDL192W', 'YDL137W', 'YBR164C', 'YBR241C', 'YKR059W'] sce04011 median rank=3992 (random~3367)
OR6M1 (gpcr, n/a): top5=['YLR229C', 'YDL192W', 'YPR165W', 'YDL137W', 'YKR059W'] sce04011 median rank=3672 (random~3367)
OR1J4 (gpcr, n/a): top5=['YBR241C', 'YJL108C', 'YPL203W', 'YDL128W', 'YBR164C'] sce04011 median rank=3346 (random~3367)
OR10K1 (gpcr, n/a): top5=['YLR229C', 'YPR165W', 'YDL137W', 'YBR241C', 'YDL192W'] sce04011 median rank=3536 (random~3367)
OR10Z1 (gpcr, n/a): top5=['YJL108C', 'YPL218W', 'YBR241C', 'YLR229C', 'YGL256W'] sce04011 median rank=3498 (random~3367)
OR4Q3 (gpcr, n/a): top5=['YLR229C', 'YPR165W', 'YDL192W', 'YFL039C', 'YKR059W'] sce04011 median rank=3942 (random~3367)
OR8B2 (gpcr, n/a): top5=['YDL137W', 'YDL192W', 'YBR241C', 'YBR164C', 'YDR345C'] sce04011 median rank=3707 (random~3367)
OR52E6 (gpcr, n/a): top5=['YOR378W', 'YLR229C', 'YGL225W', 'YER039C', 'YKR059W'] sce04011 median rank=3407 (random~3367)
OR4M2B (gpcr, n/a): top5=['YDL192W', 'YDL137W', 'YFL039C', 'YBR164C', 'YLR229C'] sce04011 median rank=3874 (random~3367)
LRRC52 (ion_channel, n/a): top5=['YEL077C', 'YPR204W', 'YLR466W', 'YHR218W', 'YFL066C'] sce04011 median rank=3329 (random~3367)
KCNK6 (ion_channel, n/a): top5=['YHR189W', 'YGL126W', 'YGR105W', 'YPL218W', 'YHR169W'] sce04011 median rank=4476 (random~3367)
OR1F1 (gpcr, n/a): top5=['YPL218W', 'YDL192W', 'YDL137W', 'YLR229C', 'YKR059W'] sce04011 median rank=3998 (random~3367)
OR1D2 (gpcr, n/a): top5=['YBR241C', 'YDL137W', 'YDL192W', 'YPL218W', 'YBR164C'] sce04011 median rank=3836 (random~3367)
MRGPRE (gpcr, n/a): top5=['YPL218W', 'YGL008C', 'YHR169W', 'YPL036W', 'YOR224C'] sce04011 median rank=4362 (random~3367)
OR7D4 (gpcr, n/a): top5=['YPL218W', 'YDL192W', 'YDL137W', 'YBR164C', 'YBR241C'] sce04011 median rank=3948 (random~3367)
OR10C1 (gpcr, n/a): top5=['YPL218W', 'YGL256W', 'YPL203W', 'YLR229C', 'YJL108C'] sce04011 median rank=3768 (random~3367)
OR2T8 (gpcr, n/a): top5=['YPL218W', 'YDL192W', 'YGL256W', 'YER072W', 'YPL203W'] sce04011 median rank=3764 (random~3367)
OR2J2 (gpcr, n/a): top5=['YPL218W', 'YDL192W', 'YDL137W', 'YLR229C', 'YKR059W'] sce04011 median rank=3988 (random~3367)
OR2C1 (gpcr, n/a): top5=['YPL218W', 'YBR241C', 'YPL203W', 'YDL192W', 'YDL137W'] sce04011 median rank=3792 (random~3367)
OR2H2 (gpcr, n/a): top5=['YPL218W', 'YDL192W', 'YLR229C', 'YPL203W', 'YGL256W'] sce04011 median rank=3852 (random~3367)
OR4L1 (gpcr, n/a): top5=['YBR241C', 'YDL137W', 'YHR094C', 'YBR164C', 'YDR345C'] sce04011 median rank=3551 (random~3367)
OR7D2 (gpcr, n/a): top5=['YBR241C', 'YDL137W', 'YBR164C', 'YPL203W', 'YDL192W'] sce04011 median rank=3528 (random~3367)
OR2J1 (gpcr, n/a): top5=['YPL218W', 'YBR241C', 'YDL192W', 'YPL203W', 'YDL137W'] sce04011 median rank=3834 (random~3367)
OR51B5 (gpcr, n/a): top5=['YOR378W', 'YLR229C', 'YGL225W', 'YKR059W', 'YBL026W'] sce04011 median rank=3567 (random~3367)
OR51B6 (gpcr, n/a): top5=['YOR378W', 'YLR229C', 'YKR059W', 'YGL225W', 'YBL026W'] sce04011 median rank=3688 (random~3367)
TAS2R9 (gpcr, n/a): top5=['YFL026W', 'YML018C', 'YER039C', 'YGL225W', 'YHL016C'] sce04011 median rank=3200 (random~3367)
OR52A1 (gpcr, n/a): top5=['YOR378W', 'YGL225W', 'YHL016C', 'YER039C', 'YLR229C'] sce04011 median rank=3462 (random~3367)
OR51B2 (gpcr, n/a): top5=['YOR378W', 'YGL225W', 'YER039C', 'YHL016C', 'YOR061W'] sce04011 median rank=3444 (random~3367)
OR51C1 (gpcr, n/a): top5=['YOR378W', 'YGL225W', 'YHL016C', 'YLR229C', 'YJL108C'] sce04011 median rank=3444 (random~3367)
OR2M5 (gpcr, n/a): top5=['YBR241C', 'YDL128W', 'YPL264C', 'YHR094C', 'YIL170W'] sce04011 median rank=3354 (random~3367)
OR6C74 (gpcr, n/a): top5=['YDL137W', 'YDL192W', 'YBR241C', 'YBR164C', 'YDR345C'] sce04011 median rank=3652 (random~3367)
OR6C68 (gpcr, n/a): top5=['YBR241C', 'YBR164C', 'YDL137W', 'YJL214W', 'YHR094C'] sce04011 median rank=3380 (random~3367)
OR6C70 (gpcr, n/a): top5=['YBR241C', 'YML018C', 'YIL170W', 'YPL264C', 'YER039C'] sce04011 median rank=3220 (random~3367)
OR6C65 (gpcr, n/a): top5=['YBR241C', 'YDL137W', 'YBR164C', 'YDL192W', 'YDR345C'] sce04011 median rank=3572 (random~3367)
OR6C75 (gpcr, n/a): top5=['YDL137W', 'YBR241C', 'YDL192W', 'YBR164C', 'YDR345C'] sce04011 median rank=3606 (random~3367)
OR6C76 (gpcr, n/a): top5=['YBR241C', 'YBR164C', 'YHR094C', 'YDL137W', 'YIL170W'] sce04011 median rank=3332 (random~3367)
OR4F21 (gpcr, n/a): top5=['YBR241C', 'YDL137W', 'YDL192W', 'YBR164C', 'YPL218W'] sce04011 median rank=4050 (random~3367)
OR1D5 (gpcr, n/a): top5=['YPL218W', 'YBR241C', 'YDL192W', 'YDL137W', 'YPL203W'] sce04011 median rank=3935 (random~3367)
OR2B8 (gpcr, n/a): top5=['YDL192W', 'YPL218W', 'YDL137W', 'YLR229C', 'YKR059W'] sce04011 median rank=4008 (random~3367)
OR10K2 (gpcr, n/a): top5=['YBR241C', 'YOR378W', 'YLR229C', 'YHR094C', 'YIL170W'] sce04011 median rank=3372 (random~3367)
OR6B2 (gpcr, n/a): top5=['YPL218W', 'YBR241C', 'YPL203W', 'YDL137W', 'YDL192W'] sce04011 median rank=3669 (random~3367)
OR8H3 (gpcr, n/a): top5=['YBR241C', 'YDL137W', 'YBR164C', 'YDL192W', 'YJL108C'] sce04011 median rank=3540 (random~3367)
OR8H2 (gpcr, n/a): top5=['YBR241C', 'YDL137W', 'YBR164C', 'YDL192W', 'YHR094C'] sce04011 median rank=3558 (random~3367)
OR2L13 (gpcr, n/a): top5=['YBR241C', 'YDL128W', 'YPL264C', 'YER119C', 'YPR183W'] sce04011 median rank=3324 (random~3367)
OR2L5 (gpcr, n/a): top5=['YBR241C', 'YDL128W', 'YPL264C', 'YER119C', 'YHR094C'] sce04011 median rank=3328 (random~3367)
OR2M7 (gpcr, n/a): top5=['YBR241C', 'YPL264C', 'YDL128W', 'YHR094C', 'YIL170W'] sce04011 median rank=3273 (random~3367)
OR2M3 (gpcr, n/a): top5=['YBR241C', 'YDL128W', 'YPL264C', 'YER119C', 'YHR094C'] sce04011 median rank=3304 (random~3367)
OR2L3 (gpcr, n/a): top5=['YBR241C', 'YDL128W', 'YPL264C', 'YER119C', 'YPR183W'] sce04011 median rank=3373 (random~3367)
OR7G3 (gpcr, n/a): top5=['YBR241C', 'YDL137W', 'YPL218W', 'YBR164C', 'YPL203W'] sce04011 median rank=3678 (random~3367)
OR4F15 (gpcr, n/a): top5=['YBR241C', 'YDL137W', 'YDL192W', 'YBR164C', 'YDR345C'] sce04011 median rank=3924 (random~3367)
OR4F6 (gpcr, n/a): top5=['YBR241C', 'YDL137W', 'YBR164C', 'YDL192W', 'YDL047W'] sce04011 median rank=3798 (random~3367)
OR4K17 (gpcr, n/a): top5=['YDL137W', 'YBR164C', 'YBR241C', 'YDR345C', 'YDL192W'] sce04011 median rank=3644 (random~3367)
OR52E4 (gpcr, n/a): top5=['YOR378W', 'YLR229C', 'YGL225W', 'YKR059W', 'YPR165W'] sce04011 median rank=3560 (random~3367)
OR4P4 (gpcr, n/a): top5=['YOR378W', 'YLR229C', 'YFL039C', 'YDR345C', 'YDL137W'] sce04011 median rank=3539 (random~3367)
OR13J1 (gpcr, n/a): top5=['YPL218W', 'YDL192W', 'YGL008C', 'YGL256W', 'YPL203W'] sce04011 median rank=4067 (random~3367)
OR6N1 (gpcr, n/a): top5=['YBR241C', 'YPL218W', 'YPL203W', 'YDL137W', 'YJL108C'] sce04011 median rank=3469 (random~3367)
OR2L8 (gpcr, n/a): top5=['YBR241C', 'YDL128W', 'YPL264C', 'YER119C', 'YLL028W'] sce04011 median rank=3358 (random~3367)
OR2T10 (gpcr, n/a): top5=['YBR241C', 'YDL128W', 'YPL203W', 'YHR094C', 'YPR183W'] sce04011 median rank=3352 (random~3367)
OR2L2 (gpcr, n/a): top5=['YBR241C', 'YDL128W', 'YPL264C', 'YER119C', 'YHR094C'] sce04011 median rank=3310 (random~3367)
OR5J2 (gpcr, n/a): top5=['YDL192W', 'YDL137W', 'YPL218W', 'YLR229C', 'YKR059W'] sce04011 median rank=4119 (random~3367)
OR8K3 (gpcr, n/a): top5=['YDL137W', 'YDL192W', 'YBR164C', 'YBR241C', 'YKR059W'] sce04011 median rank=3908 (random~3367)
OR51A7 (gpcr, n/a): top5=['YOR378W', 'YGL225W', 'YER039C', 'YLR229C', 'YOR061W'] sce04011 median rank=3421 (random~3367)
OR6X1 (gpcr, n/a): top5=['YBR241C', 'YDL137W', 'YLR229C', 'YDL192W', 'YBR164C'] sce04011 median rank=3627 (random~3367)
OR10D3 (gpcr, n/a): top5=['YBR241C', 'YPL218W', 'YDL137W', 'YDL192W', 'YPL203W'] sce04011 median rank=3743 (random~3367)
OR14C36 (gpcr, n/a): top5=['YBR241C', 'YDL137W', 'YBR164C', 'YDL192W', 'YDL047W'] sce04011 median rank=3732 (random~3367)
OR1F2P (gpcr, n/a): top5=['YPL218W', 'YDL192W', 'YDL137W', 'YKR059W', 'YBR164C'] sce04011 median rank=4134 (random~3367)
OR6C1 (gpcr, n/a): top5=['YBR241C', 'YIL170W', 'YML018C', 'YHR094C', 'YMR011W'] sce04011 median rank=3248 (random~3367)
OR51I2 (gpcr, n/a): top5=['YLR229C', 'YEL027W', 'YOR378W', 'YKR059W', 'YER072W'] sce04011 median rank=3872 (random~3367)
OR6C2 (gpcr, n/a): top5=['YBR241C', 'YDL137W', 'YBR164C', 'YDL192W', 'YHR094C'] sce04011 median rank=3543 (random~3367)
OR4F3 (gpcr, n/a): top5=['YDL192W', 'YBR241C', 'YDL137W', 'YBR164C', 'YPL218W'] sce04011 median rank=4144 (random~3367)
OR8G1 (gpcr, n/a): top5=['YBR241C', 'YDL137W', 'YBR164C', 'YDR345C', 'YDL192W'] sce04011 median rank=3435 (random~3367)
OR5AN1 (gpcr, n/a): top5=['YBR241C', 'YDL137W', 'YBR164C', 'YHR094C', 'YML018C'] sce04011 median rank=3396 (random~3367)
OR14I1 (gpcr, n/a): top5=['YDL192W', 'YPL218W', 'YDL137W', 'YBR241C', 'YBR164C'] sce04011 median rank=4224 (random~3367)
OR2J3 (gpcr, n/a): top5=['YPL218W', 'YDL192W', 'YDL137W', 'YBR241C', 'YPL203W'] sce04011 median rank=3913 (random~3367)
OR6B1 (gpcr, n/a): top5=['YBR241C', 'YDL137W', 'YDL192W', 'YPL218W', 'YPL203W'] sce04011 median rank=3574 (random~3367)
OR8B8 (gpcr, n/a): top5=['YDL192W', 'YDL137W', 'YPL218W', 'YKR059W', 'YLR229C'] sce04011 median rank=4020 (random~3367)
OR7G1 (gpcr, n/a): top5=['YBR241C', 'YDL137W', 'YPL218W', 'YDL192W', 'YBR164C'] sce04011 median rank=3948 (random~3367)
OR10G4 (gpcr, n/a): top5=['YDL192W', 'YPL218W', 'YLR229C', 'YDL137W', 'YPR165W'] sce04011 median rank=3988 (random~3367)
OR5P3 (gpcr, n/a): top5=['YDL137W', 'YDL192W', 'YBR241C', 'YBR164C', 'YDR345C'] sce04011 median rank=3678 (random~3367)
OR2A5 (gpcr, n/a): top5=['YPL218W', 'YDL192W', 'YDL137W', 'YLR229C', 'YPL203W'] sce04011 median rank=3956 (random~3367)
VN1R3 (gpcr, n/a): top5=['YDL192W', 'YGL008C', 'YKL190W', 'YPL036W', 'YAL064C-A'] sce04011 median rank=3817 (random~3367)
OR8D2 (gpcr, n/a): top5=['YBR241C', 'YDL137W', 'YBR164C', 'YJL108C', 'YDL192W'] sce04011 median rank=3488 (random~3367)
OR5BS1 (gpcr, n/a): top5=['YPL218W', 'YDL192W', 'YBR241C', 'YDL137W', 'YPL203W'] sce04011 median rank=3934 (random~3367)
OR10J4 (gpcr, n/a): top5=['YDL137W', 'YDL192W', 'YBR241C', 'YLR229C', 'YPR165W'] sce04011 median rank=3680 (random~3367)
OR1D4 (gpcr, n/a): top5=['YPL218W', 'YBR241C', 'YDL192W', 'YDL137W', 'YPL203W'] sce04011 median rank=3864 (random~3367)
OR4K1 (gpcr, n/a): top5=['YDL137W', 'YDL192W', 'YFL039C', 'YBR164C', 'YKR059W'] sce04011 median rank=3742 (random~3367)
OR8H1 (gpcr, n/a): top5=['YBR241C', 'YDL137W', 'YBR164C', 'YDL192W', 'YHR094C'] sce04011 median rank=3540 (random~3367)
OR4D11 (gpcr, n/a): top5=['YDL192W', 'YLR229C', 'YDL137W', 'YKR059W', 'YFL039C'] sce04011 median rank=3924 (random~3367)
OR4D10 (gpcr, n/a): top5=['YDL192W', 'YLR229C', 'YDL137W', 'YKR059W', 'YFL039C'] sce04011 median rank=4147 (random~3367)
OR5L2 (gpcr, n/a): top5=['YDL192W', 'YDL137W', 'YPL218W', 'YBR241C', 'YBR164C'] sce04011 median rank=3934 (random~3367)
OR5L1 (gpcr, n/a): top5=['YDL192W', 'YDL137W', 'YPL218W', 'YLR229C', 'YKR059W'] sce04011 median rank=3957 (random~3367)
OR10G9 (gpcr, n/a): top5=['YDL192W', 'YLR229C', 'YPL218W', 'YDL137W', 'YPR165W'] sce04011 median rank=3860 (random~3367)
OR10G8 (gpcr, n/a): top5=['YDL192W', 'YPL218W', 'YLR229C', 'YDL137W', 'YKR059W'] sce04011 median rank=4085 (random~3367)
OR10G7 (gpcr, n/a): top5=['YDL192W', 'YPL218W', 'YLR229C', 'YDL137W', 'YPR165W'] sce04011 median rank=3897 (random~3367)
OR5M8 (gpcr, n/a): top5=['YDL192W', 'YDL137W', 'YBR241C', 'YBR164C', 'YDR345C'] sce04011 median rank=3988 (random~3367)
OR1L4 (gpcr, n/a): top5=['YDL137W', 'YDL192W', 'YBR241C', 'YBR164C', 'YDR345C'] sce04011 median rank=3675 (random~3367)
OR1N1 (gpcr, n/a): top5=['YPL218W', 'YDL192W', 'YBR241C', 'YDL137W', 'YBR164C'] sce04011 median rank=3672 (random~3367)
OR2Y1 (gpcr, n/a): top5=['YPL218W', 'YDL192W', 'YDL137W', 'YGL256W', 'YPL203W'] sce04011 median rank=4098 (random~3367)
OR52J3 (gpcr, n/a): top5=['YOR378W', 'YLR229C', 'YKR059W', 'YGL225W', 'YJL108C'] sce04011 median rank=3660 (random~3367)
OR4S2 (gpcr, n/a): top5=['YLR229C', 'YFL039C', 'YPR165W', 'YDL192W', 'YKR059W'] sce04011 median rank=3900 (random~3367)
OR2M4 (gpcr, n/a): top5=['YBR241C', 'YDL128W', 'YPL264C', 'YER119C', 'YPR183W'] sce04011 median rank=3302 (random~3367)
OR6C3 (gpcr, n/a): top5=['YBR241C', 'YDL137W', 'YDR345C', 'YDL192W', 'YBR164C'] sce04011 median rank=3514 (random~3367)
OR2A4 (gpcr, n/a): top5=['YPL218W', 'YBR241C', 'YPL203W', 'YDL192W', 'YDL137W'] sce04011 median rank=3866 (random~3367)
OR2A25 (gpcr, n/a): top5=['YPL218W', 'YBR241C', 'YPL203W', 'YDL137W', 'YDL192W'] sce04011 median rank=3720 (random~3367)
OR5W2 (gpcr, n/a): top5=['YBR241C', 'YDL137W', 'YBR164C', 'YDL192W', 'YDR345C'] sce04011 median rank=3658 (random~3367)
OR5H14 (gpcr, n/a): top5=['YBR241C', 'YBR164C', 'YDL137W', 'YMR034C', 'YHR094C'] sce04011 median rank=3552 (random~3367)
OR8G3 (gpcr, n/a): top5=['YDL137W', 'YDL192W', 'YLR229C', 'YBR241C', 'YBR164C'] sce04011 median rank=3508 (random~3367)
OR4D1 (gpcr, n/a): top5=['YLR229C', 'YDL192W', 'YPR165W', 'YFL039C', 'YKR059W'] sce04011 median rank=4105 (random~3367)
OR4C11 (gpcr, n/a): top5=['YLR229C', 'YOR378W', 'YFL039C', 'YPR165W', 'YDL192W'] sce04011 median rank=3564 (random~3367)
OR8I2 (gpcr, n/a): top5=['YDL192W', 'YDL137W', 'YPL218W', 'YBR164C', 'YBR241C'] sce04011 median rank=3872 (random~3367)
OR7A2P (gpcr, n/a): top5=['YPL218W', 'YDL192W', 'YBR241C', 'YDL137W', 'YBR164C'] sce04011 median rank=3842 (random~3367)
OR10G2 (gpcr, n/a): top5=['YPL218W', 'YDL192W', 'YLR229C', 'YKR059W', 'YPR165W'] sce04011 median rank=4025 (random~3367)
OR4K14 (gpcr, n/a): top5=['YDL192W', 'YDL137W', 'YLR229C', 'YKR059W', 'YFL039C'] sce04011 median rank=3956 (random~3367)
OR8B12 (gpcr, n/a): top5=['YDL192W', 'YDL137W', 'YLR229C', 'YBR241C', 'YPR165W'] sce04011 median rank=3642 (random~3367)
OR4C16 (gpcr, n/a): top5=['YDL192W', 'YDL137W', 'YLR229C', 'YFL039C', 'YKR059W'] sce04011 median rank=4066 (random~3367)
OR5M9 (gpcr, n/a): top5=['YDL192W', 'YDL137W', 'YPL218W', 'YBR164C', 'YFL039C'] sce04011 median rank=4208 (random~3367)
OR5AR1 (gpcr, n/a): top5=['YDL137W', 'YDL192W', 'YBR164C', 'YDR345C', 'YBR241C'] sce04011 median rank=3664 (random~3367)
OR9Q1 (gpcr, n/a): top5=['YPL218W', 'YBR241C', 'YPL203W', 'YDL192W', 'YDL137W'] sce04011 median rank=3823 (random~3367)
OR9A2 (gpcr, n/a): top5=['YBR241C', 'YDL137W', 'YHR094C', 'YBR164C', 'YDL192W'] sce04011 median rank=3584 (random~3367)
OR2A12 (gpcr, n/a): top5=['YPL218W', 'YBR241C', 'YDL192W', 'YPL203W', 'YDL137W'] sce04011 median rank=3874 (random~3367)
OR2A7 (gpcr, n/a): top5=['YPL218W', 'YDL192W', 'YBR241C', 'YPL203W', 'YDL137W'] sce04011 median rank=3898 (random~3367)
OR2A14 (gpcr, n/a): top5=['YPL218W', 'YDL192W', 'YDL137W', 'YLR229C', 'YKR059W'] sce04011 median rank=4028 (random~3367)
OR51B4 (gpcr, n/a): top5=['YOR378W', 'YER039C', 'YGL225W', 'YHL047C', 'YHL016C'] sce04011 median rank=3278 (random~3367)
OR2A1 (gpcr, n/a): top5=['YPL218W', 'YLR229C', 'YDL192W', 'YGL256W', 'YPL203W'] sce04011 median rank=3776 (random~3367)
OR10J5 (gpcr, n/a): top5=['YDL192W', 'YDL137W', 'YLR229C', 'YPR165W', 'YKR059W'] sce04011 median rank=3806 (random~3367)
GPR35 (gpcr, n/a): top5=['YPL218W', 'YER072W', 'YGL008C', 'YPL036W', 'YLR229C'] sce04011 median rank=3464 (random~3367)
TAS2R43 (gpcr, n/a): top5=['YAL064C-A', 'YNR032C-A', 'YFL066C', 'YER072W', 'YPL036W'] sce04011 median rank=3962 (random~3367)
TAS2R31 (gpcr, n/a): top5=['YNR032C-A', 'YAL064C-A', 'YLR167W', 'YFL066C', 'YER072W'] sce04011 median rank=4171 (random~3367)
TAS2R46 (gpcr, n/a): top5=['YAL064C-A', 'YNR032C-A', 'YFL066C', 'YER072W', 'YLR167W'] sce04011 median rank=3933 (random~3367)
TAS2R20 (gpcr, n/a): top5=['YAL064C-A', 'YNR032C-A', 'YFL066C', 'YER072W', 'YIL148W'] sce04011 median rank=3884 (random~3367)
TAS2R8 (gpcr, n/a): top5=['YFL026W', 'YML018C', 'YGL225W', 'YPR138C', 'YHL016C'] sce04011 median rank=3220 (random~3367)
OR1A2 (gpcr, n/a): top5=['YBR241C', 'YDL137W', 'YBR164C', 'YDL192W', 'YPL218W'] sce04011 median rank=3674 (random~3367)
OR4C46 (gpcr, n/a): top5=['YDL192W', 'YLR229C', 'YFL039C', 'YPR165W', 'YKR059W'] sce04011 median rank=4246 (random~3367)
OR5B21 (gpcr, n/a): top5=['YDL192W', 'YPL218W', 'YDL137W', 'YBR164C', 'YLR229C'] sce04011 median rank=3747 (random~3367)
OR7A17 (gpcr, n/a): top5=['YBR241C', 'YPL218W', 'YJL108C', 'YDL137W', 'YPL203W'] sce04011 median rank=3410 (random~3367)
OR7A10 (gpcr, n/a): top5=['YDL192W', 'YDL137W', 'YPL218W', 'YBR241C', 'YBR164C'] sce04011 median rank=3852 (random~3367)
OR4A47 (gpcr, n/a): top5=['YLR229C', 'YFL039C', 'YDL192W', 'YPR165W', 'YKR059W'] sce04011 median rank=3960 (random~3367)
OR4S1 (gpcr, n/a): top5=['YDL192W', 'YFL039C', 'YLR229C', 'YPR165W', 'YDL137W'] sce04011 median rank=3936 (random~3367)
OR6C4 (gpcr, n/a): top5=['YBR241C', 'YDL137W', 'YBR164C', 'YHR094C', 'YDR345C'] sce04011 median rank=3424 (random~3367)
OR2AP1 (gpcr, n/a): top5=['YBR241C', 'YBR164C', 'YDL137W', 'YHR094C', 'YJL214W'] sce04011 median rank=3376 (random~3367)
OR4B1 (gpcr, n/a): top5=['YLR229C', 'YDL192W', 'YFL039C', 'YDL137W', 'YPR165W'] sce04011 median rank=3926 (random~3367)
OR10V1 (gpcr, n/a): top5=['YBR241C', 'YLR229C', 'YDL137W', 'YDL192W', 'YPL218W'] sce04011 median rank=3670 (random~3367)
OR4C13 (gpcr, n/a): top5=['YLR229C', 'YFL039C', 'YDL192W', 'YPR165W', 'YKR059W'] sce04011 median rank=4096 (random~3367)
OR1L8 (gpcr, n/a): top5=['YBR241C', 'YDL137W', 'YBR164C', 'YDL192W', 'YDR345C'] sce04011 median rank=3583 (random~3367)
OR5H2 (gpcr, n/a): top5=['YBR241C', 'YDL137W', 'YBR164C', 'YHR094C', 'YDL047W'] sce04011 median rank=3514 (random~3367)
OR2G3 (gpcr, n/a): top5=['YBR241C', 'YPL203W', 'YPL218W', 'YJL108C', 'YBR164C'] sce04011 median rank=3498 (random~3367)
OR8U1 (gpcr, n/a): top5=['YDL137W', 'YDL192W', 'YBR164C', 'YLR229C', 'YBR241C'] sce04011 median rank=3746 (random~3367)
OR4C6 (gpcr, n/a): top5=['YLR229C', 'YDL192W', 'YFL039C', 'YPR165W', 'YKR059W'] sce04011 median rank=3971 (random~3367)
OR5AK2 (gpcr, n/a): top5=['YBR241C', 'YDL137W', 'YBR164C', 'YHR094C', 'YDR345C'] sce04011 median rank=3568 (random~3367)
OR14A16 (gpcr, n/a): top5=['YBR241C', 'YER119C', 'YMR034C', 'YML018C', 'YBR164C'] sce04011 median rank=3396 (random~3367)
OR5B2 (gpcr, n/a): top5=['YDL192W', 'YDL137W', 'YPL218W', 'YBR241C', 'YBR164C'] sce04011 median rank=3865 (random~3367)
OR4C12 (gpcr, n/a): top5=['YFL039C', 'YLR229C', 'YDL192W', 'YPR165W', 'YKR059W'] sce04011 median rank=4028 (random~3367)
OR8B4 (gpcr, n/a): top5=['YDL192W', 'YDL137W', 'YBR164C', 'YPL218W', 'YBR241C'] sce04011 median rank=3916 (random~3367)
OR5AC2 (gpcr, n/a): top5=['YBR241C', 'YDL137W', 'YBR164C', 'YDL192W', 'YHR094C'] sce04011 median rank=3656 (random~3367)
OR1A1 (gpcr, n/a): top5=['YBR241C', 'YDL137W', 'YBR164C', 'YDL192W', 'YJL108C'] sce04011 median rank=3696 (random~3367)
OR8U9 (gpcr, n/a): top5=['YDL137W', 'YDL192W', 'YBR164C', 'YLR229C', 'YFL039C'] sce04011 median rank=3759 (random~3367)
TAS2R33 (gpcr, n/a): top5=['YAL064C-A', 'YNR032C-A', 'YFL066C', 'YER072W', 'YLR167W'] sce04011 median rank=3944 (random~3367)
TAS2R36 (gpcr, n/a): top5=['YAL064C-A', 'YNR032C-A', 'YFL066C', 'YER072W', 'YPL036W'] sce04011 median rank=3910 (random~3367)
CALHM5 (ion_channel, n/a): top5=['YPL094C', 'YLR466W', 'YEL077C', 'YPR204W', 'YCR009C'] sce04011 median rank=3626 (random~3367)
KCNK16 (ion_channel, n/a): top5=['YPL218W', 'YGR105W', 'YPR204W', 'YLR466W', 'YLR234W'] sce04011 median rank=3585 (random~3367)
OR2T6 (gpcr, n/a): top5=['YDL192W', 'YDL137W', 'YBR241C', 'YPL218W', 'YBR164C'] sce04011 median rank=3962 (random~3367)
OR8D1 (gpcr, n/a): top5=['YBR241C', 'YDL192W', 'YDL137W', 'YPL218W', 'YBR164C'] sce04011 median rank=3742 (random~3367)
OR2D2 (gpcr, n/a): top5=['YDL192W', 'YLR229C', 'YPL218W', 'YDL137W', 'YPR165W'] sce04011 median rank=3890 (random~3367)
OR2T7 (gpcr, n/a): top5=['YDL192W', 'YPL218W', 'YDL137W', 'YLR229C', 'YKR059W'] sce04011 median rank=4036 (random~3367)
OR5H8 (gpcr, n/a): top5=['YBR241C', 'YER119C', 'YPL264C', 'YDL128W', 'YIL170W'] sce04011 median rank=3255 (random~3367)
OR9H1 (gpcr, n/a): top5=['YDL192W', 'YPL218W', 'YDL137W', 'YLR229C', 'YPR165W'] sce04011 median rank=3741 (random~3367)
OR4N5 (gpcr, n/a): top5=['YLR229C', 'YPR165W', 'YDL192W', 'YKR059W', 'YFL039C'] sce04011 median rank=3826 (random~3367)
OR13H1 (gpcr, n/a): top5=['YBR241C', 'YDL137W', 'YJL108C', 'YBR164C', 'YPL203W'] sce04011 median rank=3537 (random~3367)
OR52E1 (gpcr, n/a): top5=['YOR378W', 'YLR229C', 'YKR059W', 'YGL225W', 'YPR165W'] sce04011 median rank=3591 (random~3367)
OR6F1 (gpcr, n/a): top5=['YPL218W', 'YLR229C', 'YDL192W', 'YPR165W', 'YBR241C'] sce04011 median rank=3602 (random~3367)
OR5K1 (gpcr, n/a): top5=['YBR241C', 'YDL137W', 'YDL192W', 'YBR164C', 'YHR094C'] sce04011 median rank=3693 (random~3367)
TAS2R10 (gpcr, n/a): top5=['YFL026W', 'YER039C', 'YGL225W', 'YOR378W', 'YCR098C'] sce04011 median rank=3166 (random~3367)
OR12D2 (gpcr, n/a): top5=['YLR229C', 'YDL137W', 'YDL192W', 'YPR165W', 'YBR241C'] sce04011 median rank=3534 (random~3367)
OR5AC1 (gpcr, n/a): top5=['YBR241C', 'YHR094C', 'YDL137W', 'YIL170W', 'YBR164C'] sce04011 median rank=3493 (random~3367)
OR4D2 (gpcr, n/a): top5=['YDL192W', 'YLR229C', 'YPR165W', 'YER072W', 'YKR059W'] sce04011 median rank=4106 (random~3367)
TAS2R41 (gpcr, n/a): top5=['YPL246C', 'YMR034C', 'YJR124C', 'YBR241C', 'YER119C'] sce04011 median rank=3106 (random~3367)
OR4N2 (gpcr, n/a): top5=['YLR229C', 'YDL192W', 'YFL039C', 'YPR165W', 'YKR059W'] sce04011 median rank=4048 (random~3367)
OR5M3 (gpcr, n/a): top5=['YDL137W', 'YDL192W', 'YBR241C', 'YBR164C', 'YDR345C'] sce04011 median rank=3852 (random~3367)
OR13G1 (gpcr, n/a): top5=['YDL192W', 'YDL137W', 'YBR164C', 'YPL218W', 'YBR241C'] sce04011 median rank=4214 (random~3367)
OR8K5 (gpcr, n/a): top5=['YDL137W', 'YDL192W', 'YBR164C', 'YBR241C', 'YPL218W'] sce04011 median rank=4112 (random~3367)
UCP1 (ion_channel, n/a): top5=['YLR348C', 'YKL120W', 'YMR056C', 'YER053C', 'YBR291C'] sce04011 median rank=3386 (random~3367)
KCNK7 (ion_channel, n/a): top5=['YHR189W', 'YGL126W', 'YGR105W', 'YPL218W', 'YKL086W'] sce04011 median rank=4225 (random~3367)
OR4C45 (gpcr, n/a): top5=['YLR229C', 'YOR378W', 'YDL137W', 'YDL192W', 'YFL039C'] sce04011 median rank=3694 (random~3367)
GPR141 (gpcr, n/a): top5=['YFL026W', 'YPL246C', 'YER039C', 'YHR218W', 'YMR015C'] sce04011 median rank=3261 (random~3367)
OR9G1 (gpcr, n/a): top5=['YBR241C', 'YDL137W', 'YBR164C', 'YDL192W', 'YPL218W'] sce04011 median rank=3681 (random~3367)
OR4F17 (gpcr, n/a): top5=['YDL192W', 'YDL137W', 'YBR164C', 'YLR229C', 'YKR059W'] sce04011 median rank=4143 (random~3367)
OR10W1 (gpcr, n/a): top5=['YPL218W', 'YDL192W', 'YLR229C', 'YDL137W', 'YBR241C'] sce04011 median rank=3892 (random~3367)
OR4X1 (gpcr, n/a): top5=['YDL192W', 'YDL137W', 'YLR229C', 'YFL039C', 'YKR059W'] sce04011 median rank=4160 (random~3367)
OR4F4 (gpcr, n/a): top5=['YDL192W', 'YDL137W', 'YBR164C', 'YLR229C', 'YKR059W'] sce04011 median rank=4092 (random~3367)
OR5M11 (gpcr, n/a): top5=['YDL192W', 'YDL137W', 'YPL218W', 'YLR229C', 'YKR059W'] sce04011 median rank=4070 (random~3367)
OR9G9 (gpcr, n/a): top5=['YBR241C', 'YDL137W', 'YBR164C', 'YDL192W', 'YJL108C'] sce04011 median rank=3622 (random~3367)
OR4F5 (gpcr, n/a): top5=['YDL192W', 'YDL137W', 'YBR164C', 'YLR229C', 'YKR059W'] sce04011 median rank=4100 (random~3367)
OR52A4P (gpcr, n/a): top5=['YEL065W', 'YEL064C', 'YER119C', 'YML116W', 'YBR132C'] sce04011 median rank=3178 (random~3367)
OR8G2P (gpcr, n/a): top5=['YDL137W', 'YDL192W', 'YBR241C', 'YBR164C', 'YLR229C'] sce04011 median rank=3700 (random~3367)
OR4K13 (gpcr, n/a): top5=['YDL192W', 'YDL137W', 'YLR229C', 'YFL039C', 'YKR059W'] sce04011 median rank=4038 (random~3367)
TAS2R2 (gpcr, n/a): top5=['YPL246C', 'YJR124C', 'YEL064C', 'YKR106W', 'YCL073C'] sce04011 median rank=3066 (random~3367)
OR10A2 (gpcr, n/a): top5=['YDL192W', 'YDL137W', 'YPL218W', 'YLR229C', 'YBR241C'] sce04011 median rank=3994 (random~3367)
TAS2R13 (gpcr, n/a): top5=['YFL026W', 'YGL225W', 'YHL016C', 'YOR378W', 'YER039C'] sce04011 median rank=3296 (random~3367)
OR4X2 (gpcr, n/a): top5=['YDL192W', 'YLR229C', 'YFL039C', 'YKR059W', 'YPR165W'] sce04011 median rank=4262 (random~3367)
OR4C3 (gpcr, n/a): top5=['YLR229C', 'YDL192W', 'YFL039C', 'YPR165W', 'YER072W'] sce04011 median rank=4154 (random~3367)
OR51H1 (gpcr, n/a): top5=['YLR229C', 'YOR378W', 'YKR059W', 'YBL026W', 'YPR165W'] sce04011 median rank=3780 (random~3367)
VN1R4 (gpcr, n/a): top5=['YNR032C-A', 'YAL064C-A', 'YER072W', 'YIL148W', 'YKR094C'] sce04011 median rank=4128 (random~3367)
OR10AG1 (gpcr, n/a): top5=['YBR241C', 'YDL128W', 'YPL264C', 'YIL170W', 'YER119C'] sce04011 median rank=3265 (random~3367)
ORAI1 (ion_channel, n/a): top5=['YFL066C', 'YEL013W', 'YER072W', 'YIL143C', 'YPR016C'] sce04011 median rank=3193 (random~3367)
FFAR1 (gpcr, n/a): top5=['YPL218W', 'YBR241C', 'YGR105W', 'YPR113W', 'YHL047C'] sce04011 median rank=3558 (random~3367)
TAS2R19 (gpcr, n/a): top5=['YNR032C-A', 'YAL064C-A', 'YFL066C', 'YER072W', 'YPL036W'] sce04011 median rank=3982 (random~3367)
TAS2R5 (gpcr, n/a): top5=['YJR124C', 'YPL246C', 'YNL275W', 'YMR034C', 'YER119C'] sce04011 median rank=3090 (random~3367)
TAS2R4 (gpcr, n/a): top5=['YPL246C', 'YJR124C', 'YEL064C', 'YKR106W', 'YCL073C'] sce04011 median rank=2926 (random~3367)
TAS2R1 (gpcr, n/a): top5=['YPL246C', 'YEL064C', 'YER119C', 'YJR124C', 'YMR034C'] sce04011 median rank=2804 (random~3367)
TAS2R45 (gpcr, n/a): top5=['YAL064C-A', 'YNR032C-A', 'YFL066C', 'YER072W', 'YLR167W'] sce04011 median rank=4027 (random~3367)
TAS2R50 (gpcr, n/a): top5=['YNR032C-A', 'YAL064C-A', 'YFL066C', 'YER072W', 'YPL036W'] sce04011 median rank=3948 (random~3367)
OR4A4P (gpcr, n/a): top5=['YLR229C', 'YDL192W', 'YFL039C', 'YPR165W', 'YKR059W'] sce04011 median rank=4060 (random~3367)
TMEM38A (ion_channel, n/a): top5=['YFL066C', 'YER069W', 'YER072W', 'YFL026W', 'YNL006W'] sce04011 median rank=3348 (random~3367)
OR52Z1P (gpcr, n/a): top5=['YOR378W', 'YLR229C', 'YGL225W', 'YKR059W', 'YFL039C'] sce04011 median rank=3464 (random~3367)
OR10D4P (gpcr, n/a): top5=['YBR241C', 'YDL137W', 'YDL192W', 'YLR229C', 'YDR345C'] sce04011 median rank=3529 (random~3367)
OR5AK3P (gpcr, n/a): top5=['YBR241C', 'YDL137W', 'YHR094C', 'YIL170W', 'YBR164C'] sce04011 median rank=3458 (random~3367)
LRRC55 (ion_channel, n/a): top5=['YPR204W', 'YHR218W-A', 'YBL112C', 'YGL008C', 'YER072W'] sce04011 median rank=3954 (random~3367)
MC2R (gpcr, n/a): top5=['YML018C', 'YPL246C', 'YEL064C', 'YBR241C', 'YER119C'] sce04011 median rank=3264 (random~3367)
ORAI3 (ion_channel, n/a): top5=['YER072W', 'YFL066C', 'YGL008C', 'YER148W', 'YPL036W'] sce04011 median rank=3404 (random~3367)
LRRC38 (ion_channel, n/a): top5=['YFL066C', 'YER072W', 'YGL008C', 'YPL036W', 'YHR218W-A'] sce04011 median rank=3432 (random~3367)
GNRHR2 (gpcr, n/a): top5=['YPL203W', 'YHR030C', 'YBR160W', 'YBL016W', 'YLR113W'] sce04011 median rank=3233 (random~3367)
RGR (gpcr, n/a): top5=['YER039C', 'YBR241C', 'YIL170W', 'YFL011W', 'YER119C'] sce04011 median rank=3236 (random~3367)
TAS2R16 (gpcr, n/a): top5=['YJR124C', 'YPL246C', 'YNL275W', 'YEL064C', 'YPR201W'] sce04011 median rank=3152 (random~3367)
TMEM38B (ion_channel, n/a): top5=['YFL026W', 'YHL016C', 'YER069W', 'YIL074C', 'YER081W'] sce04011 median rank=3404 (random~3367)
NPY6RP (gpcr, n/a): top5=['YER039C', 'YIL088C', 'YBR043C', 'YBR287W', 'YIL048W'] sce04011 median rank=2394 (random~3367)
MRGPRG (gpcr, n/a): top5=['YGL008C', 'YER072W', 'YPL036W', 'YIL148W', 'YKR094C'] sce04011 median rank=4260 (random~3367)
KCNMB3 (ion_channel, n/a): top5=['YFL066C', 'YEL013W', 'YAL064C-A', 'YPR204W', 'YEL077C'] sce04011 median rank=2822 (random~3367)
OR10J6P (gpcr, n/a): top5=['YDL137W', 'YBR241C', 'YDL192W', 'YBR164C', 'YDL006W'] sce04011 median rank=3774 (random~3367)
CACNG7 (ion_channel, n/a): top5=['YFL066C', 'YAL064C-A', 'YER025W', 'YPR016C', 'YEL027W'] sce04011 median rank=3243 (random~3367)
HVCN1 (ion_channel, n/a): top5=['YER072W', 'YFL066C', 'YGL008C', 'YPL036W', 'YOR293W'] sce04011 median rank=3748 (random~3367)
GPR32P1 (gpcr, n/a): top5=['YPL218W', 'YBR241C', 'YPL203W', 'YGL126W', 'YLL060C'] sce04011 median rank=3973 (random~3367)
KCNIP2 (ion_channel, n/a): top5=['YKL190W', 'YKR059W', 'YPL266W', 'YPR182W', 'YER072W'] sce04011 median rank=3540 (random~3367)
CACNG6 (ion_channel, n/a): top5=['YFL066C', 'YER072W', 'YGL008C', 'YBL112C', 'YHR218W-A'] sce04011 median rank=3428 (random~3367)
KCNIP3 (ion_channel, n/a): top5=['YLR229C', 'YER072W', 'YKR059W', 'YPL266W', 'YPR165W'] sce04011 median rank=3751 (random~3367)
ORAI2 (ion_channel, n/a): top5=['YER072W', 'YIL143C', 'YFL066C', 'YGL008C', 'YPL036W'] sce04011 median rank=3391 (random~3367)
CLIC4 (ion_channel, n/a): top5=['YPL226W', 'YLR216C', 'YLR195C', 'YOR163W', 'YGR007W'] sce04011 median rank=3782 (random~3367)
KCNIP4 (ion_channel, n/a): top5=['YKR059W', 'YPL266W', 'YGR252W', 'YLR229C', 'YER177W'] sce04011 median rank=3584 (random~3367)
CLIC2 (ion_channel, n/a): top5=['YBR169C', 'YLR216C', 'YFR053C', 'YGL078C', 'YPR108W'] sce04011 median rank=3986 (random~3367)
TMEM109 (ion_channel, n/a): top5=['YBL102W', 'YGL126W', 'YBR162W-A', 'YER087C-B', 'YJL210W'] sce04011 median rank=3728 (random~3367)
CLIC1 (ion_channel, n/a): top5=['YLR249W', 'YDL084W', 'YNL014W', 'YPL106C', 'YEL066W'] sce04011 median rank=4132 (random~3367)
TMCO1 (ion_channel, n/a): top5=['YFL066C', 'YLR167W', 'YAL064C-A', 'YER072W', 'YER025W'] sce04011 median rank=3609 (random~3367)
CLIC3 (ion_channel, n/a): top5=['YHR169W', 'YPL067C', 'YER095W', 'YPL017C', 'YNL148C'] sce04011 median rank=4718 (random~3367)
KCNMB2 (ion_channel, n/a): top5=['YFL026W', 'YHR213W', 'YAR062W', 'YEL013W', 'YLR375W'] sce04011 median rank=2592 (random~3367)
KCNIP1 (ion_channel, n/a): top5=['YKL190W', 'YKR059W', 'YPL266W', 'YBL026W', 'YPR182W'] sce04011 median rank=3679 (random~3367)
CLDN17 (ion_channel, n/a): top5=['YGR105W', 'YPL218W', 'YLR234W', 'YDL222C', 'YBR241C'] sce04011 median rank=3428 (random~3367)
CACNG1 (ion_channel, n/a): top5=['YFL066C', 'YEL013W', 'YFL026W', 'YER039C', 'YHR128W'] sce04011 median rank=2910 (random~3367)
KCNE4 (ion_channel, n/a): top5=['YGL166W', 'YIL106W', 'YJL225C', 'YGL208W', 'YIL177C'] sce04011 median rank=3007 (random~3367)
SCN3B (ion_channel, n/a): top5=['YFL066C', 'YAL064C-A', 'YEL027W', 'YLR167W', 'YEL026W'] sce04011 median rank=3578 (random~3367)
KCNMB4 (ion_channel, n/a): top5=['YFL066C', 'YPR016C', 'YEL013W', 'YHR128W', 'YFL026W'] sce04011 median rank=3099 (random~3367)
CLDN4 (ion_channel, n/a): top5=['YER072W', 'YLL024C', 'YGL008C', 'YOR122C', 'YDL229W'] sce04011 median rank=3878 (random~3367)
VN1R17P (gpcr, n/a): top5=['YFL026W', 'YLL063C', 'YEL064C', 'YML018C', 'YER039C'] sce04011 median rank=2638 (random~3367)
KCNMB1 (ion_channel, n/a): top5=['YOL129W', 'YHL050C', 'YOL110W', 'YEL077C', 'YLL067C'] sce04011 median rank=3376 (random~3367)
TMEM37 (ion_channel, n/a): top5=['YJR112W-A', 'YDL123W', 'YHL042W', 'YHR142W', 'YPL092W'] sce04011 median rank=3612 (random~3367)
OR13C6P (gpcr, n/a): top5=['YDL192W', 'YDL137W', 'YPL218W', 'YBR241C', 'YBR164C'] sce04011 median rank=3856 (random~3367)
KCNE1 (ion_channel, n/a): top5=['YOR293W', 'YMR230W', 'YBR106W', 'YJL136C', 'YER074W-A'] sce04011 median rank=3762 (random~3367)
KCNE2 (ion_channel, n/a): top5=['YPL094C', 'YBR106W', 'YHR110W', 'YOR270C', 'YAL039C'] sce04011 median rank=3688 (random~3367)
FXYD6P3 (ion_channel, n/a): top5=['YER074W-A', 'YBR162W-A', 'YML101C', 'YDR086C', 'YGR063C'] sce04011 median rank=4538 (random~3367)
[done] 1177 targets -> /public/home/mengxl/dzy/yeastbridge_re/product/transfer_route_b/results_universe
