ligands ready: 465, pocket jobs: 2920, pair-pockets: 19684
WARNING: Search space volume is greater than 27000 Angstrom^3 (See FAQ)
Computing Vina grid ... Computing Vina grid ... Computing Vina grid ... Computing Vina grid ... Computing Vina grid ... Computing Vina grid ... Computing Vina grid ... Computing Vina grid ... Computing Vina grid ... Computing Vina grid ... Computing Vina grid ... Computing Vina grid ... Computing Vina grid ... Computing Vina grid ... Computing Vina grid ... Computing Vina grid ... Computing Vina grid ... Computing Vina grid ... Computing Vina grid ... Computing Vina grid ... Computing Vina grid ... Computing Vina grid ... Computing Vina grid ... Computing Vina grid ... Computing Vina grid ... Computing Vina grid ... Computing Vina grid ... Computing Vina grid ... Computing Vina grid ... Computing Vina grid ... Computing Vina grid ... Computing Vina grid ... Computing Vina grid ... Computing Vina grid ... Computing Vina grid ... Computing Vina grid ... Computing Vina grid ... Computing Vina grid ... Computing Vina grid ... Computing Vina grid ... Computing Vina grid ... Computing Vina grid ... Computing Vina grid ... Computing Vina grid ... done.
done.
done.
done.
Performing docking (random seed: 770494302) ... 
0%   10   20   30   40   50   60   70   80   90   100%
|----|----|----|----|----|----|----|----|----|----|
*done.
done.
Performing docking (random seed: 1269733240) ... 
0%   10   20   30   40   50   60   70   80   90   100%
|----|----|----|----|----|----|----|----|----|----|
*Performing docking (random seed: 178962306) ... *
0%   10   20   30   40   50   60   70   80   90   100%
|----|----|----|----|----|----|----|----|----|----|
*Performing docking (random seed: 55804073) ... 
0%   10   20   30   40   50   60   70   80   90   100%
|----|----|----|----|----|----|----|----|----|----|
**Performing docking (random seed: -1673218955) ... 
0%   10   20   30   40   50   60   70   80   90   100%
|----|----|----|----|----|----|----|----|----|----|
*done.
done.
done.
Performing docking (random seed: -512942900) ... 
0%   10   20   30   40   50   60   70   80   90   100%
|----|----|----|----|----|----|----|----|----|----|
*done.
done.
done.
done.
**done.
done.
done.
done.
done.
*done.
done.
done.
done.
done.
done.
done.
Performing docking (random seed: 2074692977) ... 
0%   10   20   30   40   50   60   70   80   90   100%
|----|----|----|----|----|----|----|----|----|----|
*done.
done.
Performing docking (random seed: -409640779) ... 
0%   10   20   30   40   50   60   70   80   90   100%
|----|----|----|----|----|----|----|----|----|----|
*done.
Performing docking (random seed: 921983583) ... *
0%   10   20   30   40   50   60   70   80   90   100%
|----|----|----|----|----|----|----|----|----|----|
*done.
*Performing docking (random seed: 1227709433) ... 
0%   10   20   30   40   50   60   70   80   90   100%
|----|----|----|----|----|----|----|----|----|----|
*done.
Performing docking (random seed: -255461453) ... 
0%   10   20   30   40   50   60   70   80   90   100%
|----|----|----|----|----|----|----|----|----|----|
*done.
done.
done.
done.
done.
Performing docking (random seed: -1670997518) ... 
0%   10   20   30   40   50   60   70   80   90   100%
|----|----|----|----|----|----|----|----|----|----|
*Performing docking (random seed: 2111130167) ... Performing docking (random seed: -1402575187) ... 
0%   10   20   30   40   50   60   70   80   90   100%
|----|----|----|----|----|----|----|----|----|----|
*
0%   10   20   30   40   50   60   70   80   90   100%
|----|----|----|----|----|----|----|----|----|----|
**Performing docking (random seed: 413008209) ... 
0%   10   20   30   40   50   60   70   80   90   100%
|----|----|----|----|----|----|----|----|----|----|
*done.
Performing docking (random seed: -675521268) ... 
0%   10   20   30   40   50   60   70   80   90   100%
|----|----|----|----|----|----|----|----|----|----|
*done.
Performing docking (random seed: 1075883377) ... Performing docking (random seed: 593428401) ... 
0%   10   20   30   40   50   60   70   80   90   100%
|----|----|----|----|----|----|----|----|----|----|
*
0%   10   20   30   40   50   60   70   80   90   100%
|----|----|----|----|----|----|----|----|----|----|
*Performing docking (random seed: -1857518631) ... 
0%   10   20   30   40   50   60   70   80   90   100%
|----|----|----|----|----|----|----|----|----|----|
*Performing docking (random seed: -1480261995) ... 
0%   10   20   30   40   50   60   70   80   90   100%
|----|----|----|----|----|----|----|----|----|----|
*Performing docking (random seed: 120788704) ... 
0%   10   20   30   40   50   60   70   80   90   100%
|----|----|----|----|----|----|----|----|----|----|
**Performing docking (random seed: -78164116) ... 
0%   10   20   30   40   50   60   70   80   90   100%
|----|----|----|----|----|----|----|----|----|----|
**Performing docking (random seed: 798308424) ... 
0%   10   20   30   40   50   60   70   80   90   100%
|----|----|----|----|----|----|----|----|----|----|
***Performing docking (random seed: -1309681367) ... *
0%   10   20   30   40   50   60   70   80   90   100%
|----|----|----|----|----|----|----|----|----|----|
**Performing docking (random seed: 1962667579) ... 
0%   10   20   30   40   50   60   70   80   90   100%
|----|----|----|----|----|----|----|----|----|----|
*Performing docking (random seed: 1371720972) ... 
0%   10   20   30   40   50   60   70   80   90   100%
|----|----|----|----|----|----|----|----|----|----|
*Performing docking (random seed: 250187046) ... 
0%   10   20   30   40   50   60   70   80   90   100%
|----|----|----|----|----|----|----|----|----|----|
*Performing docking (random seed: 994981459) ... 
0%   10   20   30   40   50   60   70   80   90   100%
|----|----|----|----|----|----|----|----|----|----|
*Performing docking (random seed: -1525093136) ... Performing docking (random seed: -513171905) ... 
0%   10   20   30   40   50   60   70   80   90   100%
|----|----|----|----|----|----|----|----|----|----|
*
0%   10   20   30   40   50   60   70   80   90   100%
|----|----|----|----|----|----|----|----|----|----|
***Performing docking (random seed: 816863229) ... 
0%   10   20   30   40   50   60   70   80   90   100%
|----|----|----|----|----|----|----|----|----|----|
*Performing docking (random seed: 751942322) ... 
0%   10   20   30   40   50   60   70   80   90   100%
|----|----|----|----|----|----|----|----|----|----|
*Performing docking (random seed: 721076527) ... 
0%   10   20   30   40   50   60   70   80   90   100%
|----|----|----|----|----|----|----|----|----|----|
*******Performing docking (random seed: -1862571798) ... Performing docking (random seed: 1107307670) ... 
0%   10   20   30   40   50   60   70   80   90   100%
|----|----|----|----|----|----|----|----|----|----|

0%   10   20   30   40   50   60   70   80   90   100%
|----|----|----|----|----|----|----|----|----|----|
***done.
**Performing docking (random seed: -127488126) ... 
0%   10   20   30   40   50   60   70   80   90   100%
|----|----|----|----|----|----|----|----|----|----|
**done.
Performing docking (random seed: 422864932) ... 
0%   10   20   30   40   50   60   70   80   90   100%
|----|----|----|----|----|----|----|----|----|----|
***********done.
Performing docking (random seed: -1892656599) ... 
0%   10   20   30   40   50   60   70   80   90   100%
|----|----|----|----|----|----|----|----|----|----|
********Performing docking (random seed: 712137368) ... 
0%   10   20   30   40   50   60   70   80   90   100%
|----|----|----|----|----|----|----|----|----|----|
*************done.
*Performing docking (random seed: 835696399) ... 
0%   10   20   30   40   50   60   70   80   90   100%
|----|----|----|----|----|----|----|----|----|----|
*********Performing docking (random seed: -103348312) ... *
0%   10   20   30   40   50   60   70   80   90   100%
|----|----|----|----|----|----|----|----|----|----|
************done.
************done.
*****************************done.
*****Performing docking (random seed: 1051732523) ... 
0%   10   20   30   40   50   60   70   80   90   100%
|----|----|----|----|----|----|----|----|----|----|
*************Performing docking (random seed: -2041437612) ... 
0%   10   20   30   40   50   60   70   80   90   100%
|----|----|----|----|----|----|----|----|----|----|
***************************Performing docking (random seed: 1085599915) ... 
0%   10   20   30   40   50   60   70   80   90   100%
|----|----|----|----|----|----|----|----|----|----|
*************************************************************************************************************************************************************************************************************************************************************************************************************
******************************
mode |   affinity | dist from best mode
     | (kcal/mol) | rmsd l.b.| rmsd u.b.
-----+------------+----------+----------
   1       -4.674          0          0
   2       -4.371      13.85      14.58
   3       -4.233      2.086      3.759
   4       -4.202      13.64      14.11
   5       -4.059      8.928      10.11
   6       -4.046      2.122       3.56
   7       -4.015       14.1      15.11
   8       -4.005      13.51      14.82
   9       -3.968      14.46       15.4
Performing docking (random seed: 770494302) ... 
0%   10   20   30   40   50   60   70   80   90   100%
|----|----|----|----|----|----|----|----|----|----|
***************************************************
*************************
mode |   affinity | dist from best mode
     | (kcal/mol) | rmsd l.b.| rmsd u.b.
-----+------------+----------+----------
   1       -6.571          0          0
   2       -6.467      2.363      4.055
   3       -6.366      1.578      3.036
   4       -6.273      3.319       5.05
   5       -6.267      2.034      3.772
   6       -6.155      2.849       5.08
   7       -6.093       2.47      3.931
   8       -6.086      3.755      4.946
   9       -6.071      2.045      3.026
Performing docking (random seed: -103348312) ... 
0%   10   20   30   40   50   60   70   80   90   100%
|----|----|----|----|----|----|----|----|----|----|
************************************************************************************************************************************************************************************************************************************************************************************************************************************************************************************************************************************************************************************************************************************************************************
******************************
mode |   affinity | dist from best mode
     | (kcal/mol) | rmsd l.b.| rmsd u.b.
-----+------------+----------+----------
   1       -6.247          0          0
   2       -5.816       13.4      14.04
   3       -5.552      1.517      2.372
   4       -5.346      13.68      15.15
   5        -5.33      15.39      16.31
   6       -5.316      15.36      16.28
   7       -5.224      15.44       16.5
   8       -5.016      15.46      16.52
   9        176.4      5.902      7.893
Performing docking (random seed: 1269733240) ... 
0%   10   20   30   40   50   60   70   80   90   100%
|----|----|----|----|----|----|----|----|----|----|
********************************************
***
***************
*************
mode |   affinity | dist from best mode
     | (kcal/mol) | rmsd l.b.| rmsd u.b.
-----+------------+----------+----------
   1       -7.142          0          0
   2        -7.12      2.887      8.104
   3       -7.117      1.878      7.665
   4       -7.022      5.732       8.74
   5       -7.016      4.263      6.167
   6       -7.009      1.732      7.686
   7       -7.007      2.262      2.993
   8       -6.907      1.929      7.641
   9       -6.758      2.928      4.061
Performing docking (random seed: -675521268) ... 
0%   10   20   30   40   50   60   70   80   90   100%
|----|----|----|----|----|----|----|----|----|----|
***
mode |   affinity | dist from best mode
     | (kcal/mol) | rmsd l.b.| rmsd u.b.
-----+------------+----------+----------
   1       -7.193          0          0
   2       -7.101     0.2564       1.61
   3       -6.784      1.488      7.496
   4       -6.296      6.146       8.58
   5        -6.24      1.229      1.416
   6       -5.425      1.995       7.74
   7       -5.089      1.995      2.126
   8       -5.057      5.283      6.471
   9       -5.014      2.624      7.695
Performing docking (random seed: -513171905) ... 
0%   10   20   30   40   50   60   70   80   90   100%
|----|----|----|----|----|----|----|----|----|----|
*******
mode |   affinity | dist from best mode
     | (kcal/mol) | rmsd l.b.| rmsd u.b.
-----+------------+----------+----------
   1       -5.559          0          0
   2       -5.295      8.368      10.71
   3        -5.25      2.007      7.565
   4       -5.114      14.69      15.36
   5       -5.004      15.15      17.09
   6       -4.984      8.271      9.688
   7       -4.942      15.12      15.83
   8       -4.925       7.06      10.96
   9       -4.829      15.08       15.7
Performing docking (random seed: 921983583) ... 
0%   10   20   30   40   50   60   70   80   90   100%
|----|----|----|----|----|----|----|----|----|----|
*************************
***********
mode |   affinity | dist from best mode
     | (kcal/mol) | rmsd l.b.| rmsd u.b.
-----+------------+----------+----------
   1       -6.392          0          0
   2       -6.074      11.91      13.41
   3        -6.06      12.09      13.63
   4       -6.055      12.16      14.43
   5       -5.905       3.71      6.612
   6       -5.862      11.91       14.3
   7       -5.798      11.79      13.64
   8       -5.794       12.9      14.27
   9       -5.611      12.76      14.93
Performing docking (random seed: 2074692977) ... 
0%   10   20   30   40   50   60   70   80   90   100%
|----|----|----|----|----|----|----|----|----|----|
****************************************************************************************************
*****************************
mode |   affinity | dist from best mode
     | (kcal/mol) | rmsd l.b.| rmsd u.b.
-----+------------+----------+----------
   1       -6.987          0          0
   2       -6.921      1.372       2.38
   3       -6.696      1.733        7.6
   4       -6.457      2.111       7.59
   5       -6.284      1.486      7.411
   6       -6.165      10.09      11.18
   7       -6.074       10.2      12.17
   8       -5.733      12.25      13.36
   9       -5.622      2.087      7.397
Performing docking (random seed: 712137368) ... 
0%   10   20   30   40   50   60   70   80   90   100%
|----|----|----|----|----|----|----|----|----|----|
************************************
******************************
mode |   affinity | dist from best mode
     | (kcal/mol) | rmsd l.b.| rmsd u.b.
-----+------------+----------+----------
   1       -7.491          0          0
   2       -7.487      4.314      6.276
   3       -7.481       1.81      7.424
   4       -7.395      3.643      7.122
   5        -7.19      1.678      7.571
   6        -6.87      4.458      6.757
   7       -6.632      4.017      5.445
   8       -6.604      4.365      6.079
   9       -6.589      4.573      5.962
Performing docking (random seed: -1670997518) ... 
0%   10   20   30   40   50   60   70   80   90   100%
|----|----|----|----|----|----|----|----|----|----|
************************************************************************
****************
******************
mode |   affinity | dist from best mode
     | (kcal/mol) | rmsd l.b.| rmsd u.b.
-----+------------+----------+----------
   1       -6.099          0          0
   2       -5.806      3.271      4.224
   3        -5.79      3.208      6.603
   4       -5.691      3.475      6.987
   5       -5.606      4.254      6.642
   6        -5.58      2.606      3.227
   7       -5.332      17.79         20
   8       -5.232      5.145      7.272
   9       -5.132      5.439      6.265
Performing docking (random seed: -1309681367) ... 
0%   10   20   30   40   50   60   70   80   90   100%
|----|----|----|----|----|----|----|----|----|----|
****
mode |   affinity | dist from best mode
     | (kcal/mol) | rmsd l.b.| rmsd u.b.
-----+------------+----------+----------
   1       -7.027          0          0
   2       -6.406      3.291      7.565
   3       -6.238      3.322      3.783
   4       -5.695      6.986      8.473
   5       -5.325      6.919       8.85
   6       -5.155      11.18       14.5
   7       -5.155      11.23      13.12
   8        9.779       11.2      14.83
   9        15.52      7.125      8.754
Performing docking (random seed: 413008209) ... 
0%   10   20   30   40   50   60   70   80   90   100%
|----|----|----|----|----|----|----|----|----|----|
************************************************************************************************************************************************************************************************************************************************
*************
*********
mode |   affinity | dist from best mode
     | (kcal/mol) | rmsd l.b.| rmsd u.b.
-----+------------+----------+----------
   1       -7.674          0          0
   2       -7.605      2.922      5.983
   3       -7.549      2.611      6.062
   4       -7.461      4.281      6.487
   5       -7.438        4.1      6.542
   6       -7.346      4.075      5.236
   7       -7.011      2.898      5.696
   8       -6.886      3.824      5.652
   9       -6.879      4.145      5.889
Performing docking (random seed: 835696399) ... *
0%   10   20   30   40   50   60   70   80   90   100%
|----|----|----|----|----|----|----|----|----|----|
********************
mode |   affinity | dist from best mode
     | (kcal/mol) | rmsd l.b.| rmsd u.b.
-----+------------+----------+----------
   1        -5.66          0          0
   2       -5.646      2.654      6.267
   3       -5.582       2.47      4.172
   4        -5.53      2.344      5.049
   5       -5.496        1.6      2.121
   6       -5.329      1.976      3.042
   7        -5.28      2.082      5.986
   8       -5.165      1.851      2.423
   9       -5.137       2.28      6.041
Performing docking (random seed: 55804073) ... 
0%   10   20   30   40   50   60   70   80   90   100%
|----|----|----|----|----|----|----|----|----|----|
*********************************************************************************************************
************************
mode |   affinity | dist from best mode
     | (kcal/mol) | rmsd l.b.| rmsd u.b.
-----+------------+----------+----------
   1       -7.891          0          0
   2       -6.941      3.178       5.98
   3       -6.792      4.339      9.644
   4       -6.755      3.364      6.567
   5       -6.552      4.073      8.508
   6       -6.516      3.043       5.93
   7       -6.468      3.066      6.258
   8        -6.45      3.378      6.739
   9       -6.417      4.097      8.643
Performing docking (random seed: -1892656599) ... 
0%   10   20   30   40   50   60   70   80   90   100%
|----|----|----|----|----|----|----|----|----|----|
********************
***********
mode |   affinity | dist from best mode
     | (kcal/mol) | rmsd l.b.| rmsd u.b.
-----+------------+----------+----------
   1        -6.58          0          0
   2       -6.393      2.342       3.28
   3        -6.26       1.11      2.109
   4       -6.159      7.029      8.734
   5       -6.038      6.654      7.867
   6       -5.995      6.374       8.93
   7       -5.982      2.341      8.645
   8       -5.979      6.529      8.735
   9       -5.771      6.748      10.46
Performing docking (random seed: 120788704) ... 
0%   10   20   30   40   50   60   70   80   90   100%
|----|----|----|----|----|----|----|----|----|----|
***************************
*********
**********
********
mode |   affinity | dist from best mode
     | (kcal/mol) | rmsd l.b.| rmsd u.b.
-----+------------+----------+----------
   1       -6.909          0          0
   2       -6.771      1.555      2.058
   3        -6.72      1.408      1.947
   4       -6.644      5.014      7.541
   5       -6.554       3.51        7.3
   6        -6.54     0.8009      2.036
   7       -6.459      4.239      6.519
   8       -6.413      1.878      3.236
   9       -6.212      4.316      6.526
Performing docking (random seed: 1371720972) ... 
0%   10   20   30   40   50   60   70   80   90   100%
|----|----|----|----|----|----|----|----|----|----|
****
mode |   affinity | dist from best mode
     | (kcal/mol) | rmsd l.b.| rmsd u.b.
-----+------------+----------+----------
   1       -5.984          0          0
   2       -5.647      2.776      4.751
   3       -5.645      2.479      4.506
   4       -5.579      2.269      8.825
   5       -5.573      2.135      8.334
   6       -5.513      1.915      2.515
   7       -5.458      2.429      8.793
   8        -5.24      2.074      8.524
   9       -5.163      1.864       2.97
Performing docking (random seed: -409640779) ... 
0%   10   20   30   40   50   60   70   80   90   100%
|----|----|----|----|----|----|----|----|----|----|
************
*******
mode |   affinity | dist from best mode
     | (kcal/mol) | rmsd l.b.| rmsd u.b.
-----+------------+----------+----------
   1       -7.266          0          0
   2       -7.196      3.592      6.577
   3       -7.152       1.47      3.769
   4        -7.03      1.986      3.045
   5       -6.927       1.67      2.332
   6       -6.812      3.661      6.226
   7       -6.753      3.194      6.338
   8       -6.692      3.458      5.392
   9       -6.658      3.186      6.439
Performing docking (random seed: -512942900) ... *
0%   10   20   30   40   50   60   70   80   90   100%
|----|----|----|----|----|----|----|----|----|----|
**
mode |   affinity | dist from best mode
     | (kcal/mol) | rmsd l.b.| rmsd u.b.
-----+------------+----------+----------
   1       -5.701          0          0
   2       -5.563      1.747      8.338
   3       -5.447      2.001      8.304
   4       -5.282       5.11      7.774
   5       -5.252      5.958      8.642
   6       -5.122      6.164      8.674
   7       -4.881      5.775      8.914
   8       -4.786       1.68      2.029
   9       -4.718      5.331      10.59
Performing docking (random seed: 1227709433) ... 
0%   10   20   30   40   50   60   70   80   90   100%
|----|----|----|----|----|----|----|----|----|----|
****************************************************************************************************************
******************
**
mode |   affinity | dist from best mode
     | (kcal/mol) | rmsd l.b.| rmsd u.b.
-----+------------+----------+----------
   1       -8.403          0          0
   2       -8.282      2.432      4.635
   3         -7.8      2.515      4.292
   4       -7.628      2.264        4.2
   5       -6.697      3.246      7.011
   6        -6.45       2.46      6.502
   7       -6.357       13.9      16.65
   8       -6.098      12.73      15.71
   9       -5.898      13.84      16.85
Performing docking (random seed: -103348312) ... 
0%   10   20   30   40   50   60   70   80   90   100%
|----|----|----|----|----|----|----|----|----|----|
***************
****
mode |   affinity | dist from best mode
     | (kcal/mol) | rmsd l.b.| rmsd u.b.
-----+------------+----------+----------
   1       -5.533          0          0
   2       -5.529      1.729      8.688
   3       -5.315      1.562      2.267
   4       -5.162      1.961      8.508
   5       -5.051      3.669      5.705
   6        -4.86      2.314      3.608
   7       -4.849      4.521      9.704
   8       -4.731      3.106      9.109
   9       -4.616       3.08       8.73
Performing docking (random seed: -255461453) ... 
0%   10   20   30   40   50   60   70   80   90   100%
|----|----|----|----|----|----|----|----|----|----|
**********************
mode |   affinity | dist from best mode
     | (kcal/mol) | rmsd l.b.| rmsd u.b.
-----+------------+----------+----------
   1        -4.95          0          0
   2       -4.933      2.463      6.421
   3       -4.862      1.909      3.152
   4       -4.839      5.179      6.717
   5       -4.756      7.584      10.16
   6       -4.722      6.263      10.34
   7       -4.686      6.132      8.562
   8       -4.569      4.029      7.359
   9       -4.562      5.073      6.819
Performing docking (random seed: 770494302) ... 
0%   10   20   30   40   50   60   70   80   90   100%
|----|----|----|----|----|----|----|----|----|----|
***************
**********************
mode |   affinity | dist from best mode
     | (kcal/mol) | rmsd l.b.| rmsd u.b.
-----+------------+----------+----------
   1       -5.528          0          0
   2        -5.48     0.6974      1.924
   3       -5.456       1.46      2.545
   4       -5.097      1.803      2.244
   5       -4.987      10.54      13.31
   6        -4.89      1.744      2.214
   7       -4.871      1.597      8.319
   8       -4.815      11.43      12.68
   9       -4.764      2.137      8.606
Performing docking (random seed: -1857518631) ... 
0%   10   20   30   40   50   60   70   80   90   100%
|----|----|----|----|----|----|----|----|----|----|
******************************************************************************************************************************************************
*********
mode |   affinity | dist from best mode
     | (kcal/mol) | rmsd l.b.| rmsd u.b.
-----+------------+----------+----------
   1       -6.019          0          0
   2       -5.754      1.562      8.754
   3       -5.472      1.625      2.181
   4       -5.401      1.621      8.807
   5       -4.903      6.848      9.545
   6       -4.851       9.81      12.21
   7       -4.794      1.786      8.784
   8       -4.624      2.336      8.931
   9       -4.078      7.894      11.65
Performing docking (random seed: 250187046) ... 
0%   10   20   30   40   50   60   70   80   90   100%
|----|----|----|----|----|----|----|----|----|----|
*****************************
*********************************************

mode |   affinity | dist from best mode
     | (kcal/mol) | rmsd l.b.| rmsd u.b.
-----+------------+----------+----------
   1       -6.634          0          0
   2       -6.374      5.454      7.872
   3       -5.911      3.038      4.216
   4       -5.877      2.251      4.482
   5       -5.874      2.329      2.695
   6       -5.833      1.683      2.156
   7       -5.744      2.869      6.403
   8       -5.729      13.54      15.51
   9        -5.57      3.881      6.366
Performing docking (random seed: 178962306) ... 
0%   10   20   30   40   50   60   70   80   90   100%
|----|----|----|----|----|----|----|----|----|----|
************************
*********
mode |   affinity | dist from best mode
     | (kcal/mol) | rmsd l.b.| rmsd u.b.
-----+------------+----------+----------
   1       -6.053          0          0
   2       -5.559       2.32      3.312
   3       -5.554      2.299      3.781
   4       -5.457      2.376      3.035
   5       -5.376      1.676      2.847
   6       -5.314      2.567      4.668
   7       -5.234      2.635      4.343
   8       -5.109      3.256      4.349
   9       -4.957      3.181      5.425
Performing docking (random seed: 120788704) ... 
0%   10   20   30   40   50   60   70   80   90   100%
|----|----|----|----|----|----|----|----|----|----|
********
mode |   affinity | dist from best mode
     | (kcal/mol) | rmsd l.b.| rmsd u.b.
-----+------------+----------+----------
   1        -5.89          0          0
   2       -5.745      1.671      2.362
   3       -5.531      1.703      3.879
   4       -5.226      12.05      14.58
   5       -5.077      1.852      5.519
   6       -4.839       11.4      14.28
   7       -4.794      2.459      6.187
   8       -4.787      12.68      14.74
   9       -4.689      2.565      6.187
Performing docking (random seed: 1269733240) ... 
0%   10   20   30   40   50   60   70   80   90   100%
|----|----|----|----|----|----|----|----|----|----|
********
*********
*********
***************
mode |   affinity | dist from best mode
     | (kcal/mol) | rmsd l.b.| rmsd u.b.
-----+------------+----------+----------
   1       -7.495          0          0
   2       -7.429      2.201      3.017
   3        -7.37      1.512      2.577
   4       -6.978      4.203      7.494
   5       -6.949      3.299      6.711
   6       -6.899      3.012      5.851
   7       -6.809      3.609      6.767
   8       -6.637      3.137      6.531
   9       -6.513      2.915      3.775
Performing docking (random seed: 994981459) ... 
0%   10   20   30   40   50   60   70   80   90   100%
|----|----|----|----|----|----|----|----|----|----|
****
mode |   affinity | dist from best mode
     | (kcal/mol) | rmsd l.b.| rmsd u.b.
-----+------------+----------+----------
   1       -6.481          0          0
   2        -6.21      2.727      5.965
   3       -5.977      2.936      7.426
   4       -5.685      1.971       6.23
   5       -5.655      1.537      1.709
   6       -5.642       1.98      6.049
   7       -5.432      2.794      5.807
   8       -5.333      4.218      6.764
   9       -5.329       3.14      5.638
Performing docking (random seed: -1480261995) ... 
0%   10   20   30   40   50   60   70   80   90   100%
|----|----|----|----|----|----|----|----|----|----|
**********************
***
********
mode |   affinity | dist from best mode
     | (kcal/mol) | rmsd l.b.| rmsd u.b.
-----+------------+----------+----------
   1       -5.856          0          0
   2        -5.77      3.423      6.788
   3       -5.718       7.93      11.01
   4       -5.668      2.809      7.457
   5       -5.587      2.776      6.784
   6       -5.419      2.746      5.384
   7       -5.274      6.886      9.602
   8       -5.126       2.54      5.356
   9       -5.066      2.988       6.36
Computing Vina grid ... ***
*********

mode |   affinity | dist from best mode
     | (kcal/mol) | rmsd l.b.| rmsd u.b.
-----+------------+----------+----------
   1       -6.571          0          0
   2       -6.143      2.161      4.995
   3       -6.071      1.773      4.898
   4       -6.048      2.651       4.76
   5       -5.981      2.481      5.396
   6       -5.612      2.118      5.833
   7       -5.485      1.883      2.249
   8       -5.432      4.292      7.454
   9       -5.333       2.23      3.242
Performing docking (random seed: -675521268) ... 
0%   10   20   30   40   50   60   70   80   90   100%
|----|----|----|----|----|----|----|----|----|----|
************
mode |   affinity | dist from best mode
     | (kcal/mol) | rmsd l.b.| rmsd u.b.
-----+------------+----------+----------
   1       -4.864          0          0
   2       -4.755      2.446      5.143
   3       -4.704      2.745      6.748
   4       -4.529      1.361      1.742
   5       -4.344      1.896      4.515
   6       -4.263      2.564       5.65
   7       -3.782      2.887      6.529
   8       -3.756      3.296      5.792
   9       -3.669      4.885       7.81
Performing docking (random seed: 2111130167) ... 
0%   10   20   30   40   50   60   70   80   90   100%
|----|----|----|----|----|----|----|----|----|----|
*******
mode |   affinity | dist from best mode
     | (kcal/mol) | rmsd l.b.| rmsd u.b.
-----+------------+----------+----------
   1       -5.587          0          0
   2       -5.494      6.089      10.39
   3        -5.46      2.292      4.383
   4        -5.34      5.647      7.452
   5       -5.257      2.664      4.453
   6       -5.241      3.662      5.305
   7       -5.211      3.109      4.219
   8       -5.153      2.647      6.853
   9       -5.116      4.781      9.255
Performing docking (random seed: -1525093136) ... 
0%   10   20   30   40   50   60   70   80   90   100%
|----|----|----|----|----|----|----|----|----|----|
**
***********
****
mode |   affinity | dist from best mode
     | (kcal/mol) | rmsd l.b.| rmsd u.b.
-----+------------+----------+----------
   1       -9.706          0          0
   2       -8.933      3.499      6.819
   3       -8.027      3.039      7.467
   4       -7.941      2.823      6.536
   5       -7.737      1.478      2.695
   6       -7.645      3.055      7.033
   7       -6.645      2.835      4.704
   8       -6.414      2.565       5.82
   9       -5.743      3.366      5.628
Performing docking (random seed: 1962667579) ... 
0%   10   20   30   40   50   60   70   80   90   100%
|----|----|----|----|----|----|----|----|----|----|
*****************
mode |   affinity | dist from best mode
     | (kcal/mol) | rmsd l.b.| rmsd u.b.
-----+------------+----------+----------
   1       -5.057          0          0
   2       -4.807      2.621      3.646
   3       -4.666      2.544      3.565
   4       -4.588      2.234      2.989
   5        -4.46      2.784      5.007
   6       -4.215      2.277      3.482
   7       -4.187      2.298      4.953
   8        -4.05      1.946      2.654
   9       -3.973       2.51       3.92
Performing docking (random seed: 1227709433) ... 
0%   10   20   30   40   50   60   70   80   90   100%
|----|----|----|----|----|----|----|----|----|----|
**
******
mode |   affinity | dist from best mode
     | (kcal/mol) | rmsd l.b.| rmsd u.b.
-----+------------+----------+----------
   1        -4.64          0          0
   2       -4.528      12.53       13.8
   3       -4.406      1.529      2.212
   4       -4.397       2.88      6.855
   5       -4.242      13.71      15.21
   6       -4.171      1.826      5.156
   7       -4.044      2.393      6.406
   8       -4.031      14.54      15.97
   9       -3.988      2.877      6.762
Performing docking (random seed: 798308424) ... 
0%   10   20   30   40   50   60   70   80   90   100%
|----|----|----|----|----|----|----|----|----|----|
**************
mode |   affinity | dist from best mode
     | (kcal/mol) | rmsd l.b.| rmsd u.b.
-----+------------+----------+----------
   1       -6.459          0          0
   2       -6.365      4.151        6.6
   3       -6.338       1.85      2.267
   4       -6.287      2.319      4.518
   5       -5.977      3.198      5.331
   6       -5.844      2.737      5.801
   7       -5.697      5.776       9.46
   8        -5.58      1.988      6.251
   9       -5.405      4.061      6.342
Performing docking (random seed: 1107307670) ... 
0%   10   20   30   40   50   60   70   80   90   100%
|----|----|----|----|----|----|----|----|----|----|
*************************************done.
**
****************************Performing docking (random seed: 616621711) ... 
0%   10   20   30   40   50   60   70   80   90   100%
|----|----|----|----|----|----|----|----|----|----|
***************
mode |   affinity | dist from best mode
     | (kcal/mol) | rmsd l.b.| rmsd u.b.
-----+------------+----------+----------
   1       -6.156          0          0
   2       -6.154        2.8      5.969
   3       -5.834      3.214      5.356
   4       -5.595      2.118      6.011
   5       -5.433      2.707      5.518
   6       -5.336      2.856      6.468
   7        -5.22      2.723      6.006
   8       -5.124      2.519      7.504
   9       -5.109      1.692       4.25
Performing docking (random seed: -1673218955) ... *
0%   10   20   30   40   50   60   70   80   90   100%
|----|----|----|----|----|----|----|----|----|----|
*********
************************************
mode |   affinity | dist from best mode
     | (kcal/mol) | rmsd l.b.| rmsd u.b.
-----+------------+----------+----------
   1       -6.839          0          0
   2       -6.765      4.339      7.318
   3       -6.268       1.76      2.026
   4       -6.199       3.06      6.777
   5       -6.129      3.913      7.098
   6       -6.067      3.089      6.891
   7       -6.036      3.616      6.641
   8       -5.922      3.183      6.158
   9       -5.377      3.994      6.191
Computing Vina grid ... **************************************************************************
**********************
mode |   affinity | dist from best mode
     | (kcal/mol) | rmsd l.b.| rmsd u.b.
-----+------------+----------+----------
   1       -7.171          0          0
   2       -6.388      3.478      5.291
   3       -6.125      2.921      6.658
   4       -5.979      1.894      2.122
   5       -5.939      2.573      6.544
   6       -5.768      2.738      7.346
   7       -4.787      3.243      5.016
   8       -4.555      2.111      2.591
   9       -3.928      3.394      5.935
Performing docking (random seed: -1862571798) ... 
0%   10   20   30   40   50   60   70   80   90   100%
|----|----|----|----|----|----|----|----|----|----|
******
*****************
mode |   affinity | dist from best mode
     | (kcal/mol) | rmsd l.b.| rmsd u.b.
-----+------------+----------+----------
   1       -5.412          0          0
   2       -5.356      5.519      9.675
   3       -4.848      3.855      7.926
   4       -4.822      4.875      7.401
   5       -4.763      5.506       9.37
   6       -4.653       3.13      5.032
   7       -4.501      7.033      9.974
   8       -4.381      2.388      6.761
   9        -4.31      2.153      3.303
Performing docking (random seed: -409640779) ... 
0%   10   20   30   40   50   60   70   80   90   100%
|----|----|----|----|----|----|----|----|----|----|
********************done.
******************
*************Performing docking (random seed: 87025394) ... 
0%   10   20   30   40   50   60   70   80   90   100%
|----|----|----|----|----|----|----|----|----|----|
**********
mode |   affinity | dist from best mode
     | (kcal/mol) | rmsd l.b.| rmsd u.b.
-----+------------+----------+----------
   1       -4.778          0          0
   2       -4.674       2.46      4.217
   3       -4.669      2.258      4.243
   4       -4.625       1.18      3.497
   5       -4.602      2.427      4.959
   6       -4.588      12.37      14.57
   7       -4.342      1.966      4.472
   8       -4.336      3.783      5.415
   9       -4.334      2.379      4.542
Performing docking (random seed: 2074692977) ... 
0%   10   20   30   40   50   60   70   80   90   100%
|----|----|----|----|----|----|----|----|----|----|
*********************************
*************************
mode |   affinity | dist from best mode
     | (kcal/mol) | rmsd l.b.| rmsd u.b.
-----+------------+----------+----------
   1       -5.793          0          0
   2       -5.682       2.51      7.345
   3       -5.593      1.773      6.223
   4       -5.489      2.438      6.781
   5       -5.375      2.874      4.881
   6        -5.32      1.717      2.521
   7       -5.291      2.709      5.044
   8       -5.172      2.309      4.922
   9       -5.093      1.988      6.208
Performing docking (random seed: -78164116) ... *
0%   10   20   30   40   50   60   70   80   90   100%
|----|----|----|----|----|----|----|----|----|----|
*******
*************************************
mode |   affinity | dist from best mode
     | (kcal/mol) | rmsd l.b.| rmsd u.b.
-----+------------+----------+----------
   1       -4.236          0          0
   2       -4.047       2.26      4.585
   3       -3.816      1.918      6.093
   4       -3.795      2.416      4.431
   5        -3.54      4.026      7.292
   6       -3.537      2.559      6.833
   7       -3.498      2.737      5.828
   8       -3.357      3.134      5.921
   9       -3.341       2.42      7.414
Performing docking (random seed: 1075883377) ... 
0%   10   20   30   40   50   60   70   80   90   100%
|----|----|----|----|----|----|----|----|----|----|
*******
*********************
***
mode |   affinity | dist from best mode
     | (kcal/mol) | rmsd l.b.| rmsd u.b.
-----+------------+----------+----------
   1       -4.928          0          0
   2       -4.779      1.711       6.51
   3       -4.646      2.054      2.861
   4       -4.473      4.005      6.739
   5       -4.398      9.923      11.77
   6       -4.383      2.708      3.304
   7       -4.186      2.394      6.232
   8       -4.131      3.514      4.754
   9       -4.094      9.923      11.03
Performing docking (random seed: -255461453) ... 
0%   10   20   30   40   50   60   70   80   90   100%
|----|----|----|----|----|----|----|----|----|----|
***
************
mode |   affinity | dist from best mode
     | (kcal/mol) | rmsd l.b.| rmsd u.b.
-----+------------+----------+----------
   1       -4.286          0          0
   2       -4.115      4.418      7.507
   3       -4.107       16.5      19.16
   4         -4.1      6.063       8.85
   5       -4.059      8.353      12.36
   6       -3.983      8.738      12.56
   7       -3.949      2.703      5.797
   8       -3.931       5.99      8.929
   9       -3.744      7.371      11.11
Performing docking (random seed: 751942322) ... 
0%   10   20   30   40   50   60   70   80   90   100%
|----|----|----|----|----|----|----|----|----|----|
***********
****
mode |   affinity | dist from best mode
     | (kcal/mol) | rmsd l.b.| rmsd u.b.
-----+------------+----------+----------
   1       -6.389          0          0
   2       -6.307      2.676      4.956
   3        -6.27      1.974      2.994
   4       -5.938      2.356      3.717
   5       -5.784      1.928      4.331
   6       -5.717      2.277      3.693
   7       -5.699      2.916      3.797
   8       -5.119      2.688      4.076
   9       -4.738      11.76      12.31
Performing docking (random seed: 250187046) ... 
0%   10   20   30   40   50   60   70   80   90   100%
|----|----|----|----|----|----|----|----|----|----|
******************
mode |   affinity | dist from best mode
     | (kcal/mol) | rmsd l.b.| rmsd u.b.
-----+------------+----------+----------
   1       -4.604          0          0
   2       -4.491      1.888      6.459
   3       -4.381      10.52      12.04
   4       -4.316      1.992      6.475
   5       -4.158      1.844      2.168
   6       -4.099      15.33      17.27
   7       -4.098      7.725      9.229
   8       -3.948      2.795      6.913
   9       -3.899      15.72      16.13
Performing docking (random seed: -1857518631) ... 
0%   10   20   30   40   50   60   70   80   90   100%
|----|----|----|----|----|----|----|----|----|----|
********************************************************************
**
*******************
mode |   affinity | dist from best mode
     | (kcal/mol) | rmsd l.b.| rmsd u.b.
-----+------------+----------+----------
   1       -6.928          0          0
   2       -6.849      3.942      8.159
   3       -6.801      7.904      10.31
   4        -6.62      6.835      11.01
   5       -6.618      6.683      10.06
   6       -6.441      3.193      6.426
   7       -6.392      1.575      2.093
   8       -6.341      5.111      8.073
   9       -6.102      5.675      9.041
Performing docking (random seed: -513171905) ... 
0%   10   20   30   40   50   60   70   80   90   100%
|----|----|----|----|----|----|----|----|----|----|
***********************
mode |   affinity | dist from best mode
     | (kcal/mol) | rmsd l.b.| rmsd u.b.
-----+------------+----------+----------
   1       -4.907          0          0
   2       -4.556      2.729      6.669
   3       -4.544       10.8       14.2
   4       -4.381      1.775      6.172
   5       -4.372      10.45      13.38
   6       -4.274      1.594      2.143
   7       -4.247      10.67      13.39
   8       -4.236      10.04      12.12
   9       -3.977      13.48      15.57
Computing Vina grid ... ******************************************************************************************done.
**************************Performing docking (random seed: 957015976) ... 
0%   10   20   30   40   50   60   70   80   90   100%
|----|----|----|----|----|----|----|----|----|----|
*********************
*********
mode |   affinity | dist from best mode
     | (kcal/mol) | rmsd l.b.| rmsd u.b.
-----+------------+----------+----------
   1       -5.856          0          0
   2       -5.541      1.971      4.272
   3       -5.508       16.1      18.74
   4       -5.351      16.91      19.08
   5       -5.345      1.998      2.973
   6       -4.968      1.735      6.235
   7       -4.436      14.28       16.2
   8       -4.424      14.43      16.49
   9       -4.359      16.92      18.92
Performing docking (random seed: -2041437612) ... 
0%   10   20   30   40   50   60   70   80   90   100%
|----|----|----|----|----|----|----|----|----|----|
*****
******************
mode |   affinity | dist from best mode
     | (kcal/mol) | rmsd l.b.| rmsd u.b.
-----+------------+----------+----------
   1       -5.413          0          0
   2       -5.291      2.318      3.675
   3        -4.73      2.808      5.106
   4       -4.642      2.008      6.133
   5        -4.64      17.25      19.79
   6       -4.606      13.34         16
   7       -4.514      3.123      7.591
   8       -4.267      2.359      4.493
   9        8.812      2.956      7.211
Performing docking (random seed: 816863229) ... 
0%   10   20   30   40   50   60   70   80   90   100%
|----|----|----|----|----|----|----|----|----|----|
**********************************************************
****************
mode |   affinity | dist from best mode
     | (kcal/mol) | rmsd l.b.| rmsd u.b.
-----+------------+----------+----------
   1       -7.378          0          0
   2       -7.191      2.549       5.14
   3       -7.109      2.138      2.887
   4       -7.032      2.697      6.244
   5       -6.792      3.933      6.985
   6        -6.72      3.728      6.761
   7       -6.619      3.329       4.51
   8       -6.582      1.571      2.036
   9       -6.564      3.889       5.07
Performing docking (random seed: 835696399) ... *
0%   10   20   30   40   50   60   70   80   90   100%
|----|----|----|----|----|----|----|----|----|----|
*****************************************************************************************************************************
*********************
mode |   affinity | dist from best mode
     | (kcal/mol) | rmsd l.b.| rmsd u.b.
-----+------------+----------+----------
   1       -7.835          0          0
   2       -7.711      1.512      4.985
   3       -7.665      2.356      3.195
   4        -7.66      1.949      2.847
   5       -7.641      2.546       3.94
   6       -7.526      2.419      3.622
   7       -7.391      2.711      5.977
   8       -7.167      3.293      6.063
   9       -7.004      2.749      3.529
Performing docking (random seed: -103348312) ... 
0%   10   20   30   40   50   60   70   80   90   100%
|----|----|----|----|----|----|----|----|----|----|
**********
******************************************
mode |   affinity | dist from best mode
     | (kcal/mol) | rmsd l.b.| rmsd u.b.
-----+------------+----------+----------
   1       -5.935          0          0
   2       -5.751      1.126       2.34
   3       -5.712      1.178       2.03
   4       -5.629      10.55      12.01
   5       -5.543      1.485      1.621
   6       -5.175      4.368       5.91
   7       -5.137      2.994       3.91
   8       -5.055      1.905       2.53
   9       -5.044      3.419      4.459
Computing Vina grid ... *****************************************************************************************done.
***********************Performing docking (random seed: -802991355) ... 
0%   10   20   30   40   50   60   70   80   90   100%
|----|----|----|----|----|----|----|----|----|----|
****************
************************
mode |   affinity | dist from best mode
     | (kcal/mol) | rmsd l.b.| rmsd u.b.
-----+------------+----------+----------
   1       -4.914          0          0
   2       -4.568      2.268      6.243
   3       -4.418      1.843      2.885
   4       -4.334      1.879      4.153
   5       -4.278      2.608      4.865
   6        -4.13       2.62      7.034
   7       -3.191      3.062      7.775
   8       -3.182      2.605      7.157
   9       -3.116      15.88      18.58
Performing docking (random seed: -127488126) ... 
0%   10   20   30   40   50   60   70   80   90   100%
|----|----|----|----|----|----|----|----|----|----|
****************************************************
**************************
mode |   affinity | dist from best mode
     | (kcal/mol) | rmsd l.b.| rmsd u.b.
-----+------------+----------+----------
   1       -6.915          0          0
   2       -6.662      1.497       2.24
   3       -6.636      1.428        2.1
   4       -6.504      3.044       7.15
   5       -6.491      3.109      4.921
   6       -6.467      3.723      7.551
   7       -6.274      3.356      7.539
   8       -6.173      3.043      7.108
   9       -6.022      3.647      5.601
Performing docking (random seed: 55804073) ... 
0%   10   20   30   40   50   60   70   80   90   100%
|----|----|----|----|----|----|----|----|----|----|
********************************************
**
*************************
mode |   affinity | dist from best mode
     | (kcal/mol) | rmsd l.b.| rmsd u.b.
-----+------------+----------+----------
   1       -9.104          0          0
   2       -8.495      2.979      7.848
   3       -8.068      3.781      7.316
   4       -7.509      1.766      3.449
   5       -7.462      2.649      5.171
   6       -7.307      2.454      4.408
   7       -7.233      4.277      8.011
   8       -7.109      4.993      8.562
   9       -7.035       5.76      8.357
Performing docking (random seed: -1892656599) ... 
0%   10   20   30   40   50   60   70   80   90   100%
|----|----|----|----|----|----|----|----|----|----|
******
mode |   affinity | dist from best mode
     | (kcal/mol) | rmsd l.b.| rmsd u.b.
-----+------------+----------+----------
   1       -8.679          0          0
   2       -8.593      1.558      2.119
   3       -7.705      2.518      4.018
   4       -7.428      3.251      7.503
   5       -7.371      10.28      12.65
   6       -6.837      10.68      12.57
   7       -6.715      10.76      12.74
   8       -6.566      10.28      12.66
   9        -6.35      10.58      12.84
Performing docking (random seed: 712137368) ... 
0%   10   20   30   40   50   60   70   80   90   100%
|----|----|----|----|----|----|----|----|----|----|
**************************
****
********************
mode |   affinity | dist from best mode
     | (kcal/mol) | rmsd l.b.| rmsd u.b.
-----+------------+----------+----------
   1       -6.689          0          0
   2       -6.416      6.809      9.562
   3       -6.372      3.978      7.693
   4       -6.331      1.883      2.522
   5        -6.31      1.567      1.912
   6       -6.295      2.585      3.873
   7       -6.251      2.234      3.415
   8       -5.879      3.286      6.831
   9       -5.876       1.75      2.949
Performing docking (random seed: 1371720972) ... 
0%   10   20   30   40   50   60   70   80   90   100%
|----|----|----|----|----|----|----|----|----|----|
**
mode |   affinity | dist from best mode
     | (kcal/mol) | rmsd l.b.| rmsd u.b.
-----+------------+----------+----------
   1       -5.572          0          0
   2        -5.52      3.546      8.568
   3       -5.287      6.743      10.31
   4       -5.231      3.373       6.34
   5       -5.093      2.725       6.94
   6       -5.061      1.961      3.179
   7       -5.057       2.41      6.888
   8       -5.038      1.122      1.773
   9       -4.964       4.77      8.456
Performing docking (random seed: 770494302) ... 
0%   10   20   30   40   50   60   70   80   90   100%
|----|----|----|----|----|----|----|----|----|----|
***
******
***************
mode |   affinity | dist from best mode
     | (kcal/mol) | rmsd l.b.| rmsd u.b.
-----+------------+----------+----------
   1        -5.22          0          0
   2       -5.093      3.229      5.309
   3       -5.015      2.384      4.197
   4       -4.821      3.545      5.472
   5       -4.786       1.95      4.131
   6       -4.693      4.222      6.399
   7       -4.622      3.548       4.98
   8         -4.6      2.657      4.024
   9       -4.543      3.966      6.257
Performing docking (random seed: -409640779) ... 
0%   10   20   30   40   50   60   70   80   90   100%
|----|----|----|----|----|----|----|----|----|----|
*******
mode |   affinity | dist from best mode
     | (kcal/mol) | rmsd l.b.| rmsd u.b.
-----+------------+----------+----------
   1       -5.847          0          0
   2       -5.503      1.607       2.18
   3       -5.304      10.88       12.9
   4        -4.96       11.7      14.08
   5       -4.931      11.92      14.43
   6        -4.93      10.31       12.4
   7       -4.859       12.6      15.43
   8       -4.631      11.36      13.61
   9       -4.599      13.74      15.51
Performing docking (random seed: 1269733240) ... 
0%   10   20   30   40   50   60   70   80   90   100%
|----|----|----|----|----|----|----|----|----|----|
**********
*********************
mode |   affinity | dist from best mode
     | (kcal/mol) | rmsd l.b.| rmsd u.b.
-----+------------+----------+----------
   1       -7.705          0          0
   2       -7.605      2.609      7.435
   3       -6.646      2.607      3.711
   4       -6.623      4.058       8.28
   5       -6.588      2.562      7.464
   6        -6.35      5.481      6.642
   7       -6.265      5.167      7.905
   8        -6.25      5.336      9.782
   9       -6.229      2.233      3.609
Performing docking (random seed: -675521268) ... 
0%   10   20   30   40   50   60   70   80   90   100%
|----|----|----|----|----|----|----|----|----|----|
********************
***************************************************
mode |   affinity | dist from best mode
     | (kcal/mol) | rmsd l.b.| rmsd u.b.
-----+------------+----------+----------
   1       -7.684          0          0
   2       -7.164      1.563      5.707
   3       -6.897      1.907      5.787
   4       -6.708      1.303      2.023
   5       -6.431      2.354      5.888
   6        -6.42      2.141      6.089
   7        -6.33      3.856      7.458
   8       -6.065      6.271       8.09
   9       -5.763      3.858      6.668
Computing Vina grid ... ************************************************************************************************************done.
******
**********
********Performing docking (random seed: -1552402870) ... 
0%   10   20   30   40   50   60   70   80   90   100%
|----|----|----|----|----|----|----|----|----|----|
*******
mode |   affinity | dist from best mode
     | (kcal/mol) | rmsd l.b.| rmsd u.b.
-----+------------+----------+----------
   1       -5.933          0          0
   2       -5.572      1.985      4.127
   3       -5.522      2.365       3.81
   4        -5.07      2.152       4.84
   5       -5.055       1.58      1.968
   6       -5.023      1.882      2.865
   7       -4.983      2.755      4.376
   8       -4.721      1.974      4.246
   9        -4.63      2.864      4.993
Performing docking (random seed: -255461453) ... *
0%   10   20   30   40   50   60   70   80   90   100%
|----|----|----|----|----|----|----|----|----|----|
*********
mode |   affinity | dist from best mode
     | (kcal/mol) | rmsd l.b.| rmsd u.b.
-----+------------+----------+----------
   1       -7.458          0          0
   2       -7.377      2.084       2.63
   3       -7.372      3.043      5.249
   4         -7.2      3.032      4.862
   5        -7.13      2.405      3.218
   6       -6.838      3.191      3.865
   7       -6.576       2.54      5.825
   8       -6.512      2.801      4.132
   9       -6.454      2.864      6.363
Computing Vina grid ... *************************************
*
*******************
mode |   affinity | dist from best mode
     | (kcal/mol) | rmsd l.b.| rmsd u.b.
-----+------------+----------+----------
   1        -5.32          0          0
   2       -5.232      2.855      4.629
   3        -4.98      8.244      9.786
   4       -4.939        7.1      9.283
   5       -4.834      3.154      4.449
   6       -4.661      8.234      10.12
   7       -4.494      7.461      9.919
   8       -4.407      2.672      4.683
   9       -4.312      4.269      6.563
Performing docking (random seed: -1857518631) ... 
0%   10   20   30   40   50   60   70   80   90   100%
|----|----|----|----|----|----|----|----|----|----|
*****
**
************
mode |   affinity | dist from best mode
     | (kcal/mol) | rmsd l.b.| rmsd u.b.
-----+------------+----------+----------
   1         -6.4          0          0
   2       -6.276      7.423      9.636
   3       -6.267      5.181      6.035
   4       -6.193      6.023      7.679
   5       -6.091      4.913      5.635
   6       -6.049      5.985      7.539
   7       -6.023      4.183      6.411
   8       -6.019      8.233      9.775
   9       -5.999      5.436      6.721
Computing Vina grid ... **
mode |   affinity | dist from best mode
     | (kcal/mol) | rmsd l.b.| rmsd u.b.
-----+------------+----------+----------
   1       -6.144          0          0
   2       -5.617      2.908      4.712
   3       -5.507       3.89      6.788
   4       -5.386      1.808      2.457
   5       -5.324      3.156       6.15
   6       -5.281      2.534      5.844
   7       -5.129      2.749      5.946
   8        -5.12      3.313      6.383
   9       -5.117      2.851      4.092
Performing docking (random seed: 2074692977) ... 
0%   10   20   30   40   50   60   70   80   90   100%
|----|----|----|----|----|----|----|----|----|----|
*****done.
*****************
mode |   affinity | dist from best mode
     | (kcal/mol) | rmsd l.b.| rmsd u.b.
-----+------------+----------+----------
   1        -6.88          0          0
   2       -6.498      4.863      5.963
   3       -6.482       5.17      8.362
   4       -6.359      4.155      6.457
   5       -6.341      1.918      2.349
   6       -6.262      4.311      5.839
   7       -6.247       8.29      10.04
   8       -6.241       4.33      5.144
   9       -6.164      7.519      8.764
Computing Vina grid ... *********Performing docking (random seed: -500074244) ... 
0%   10   20   30   40   50   60   70   80   90   100%
|----|----|----|----|----|----|----|----|----|----|
***********************************************************************done.
********************
Performing docking (random seed: -283079679) ... 
0%   10   20   30   40   50   60   70   80   90   100%
|----|----|----|----|----|----|----|----|----|----|
****************************
*
mode |   affinity | dist from best mode
     | (kcal/mol) | rmsd l.b.| rmsd u.b.
-----+------------+----------+----------
   1       -8.316          0          0
   2       -7.905      1.535      5.899
   3       -7.765      3.936      5.753
   4       -7.728      3.544       6.47
   5       -7.651      3.082      5.111
   6       -7.571      3.094      5.681
   7       -7.457      3.425       5.78
   8       -7.347      3.469      6.019
   9       -7.242      3.052      5.167
Performing docking (random seed: 835696399) ... 
0%   10   20   30   40   50   60   70   80   90   100%
|----|----|----|----|----|----|----|----|----|----|
**********************
mode |   affinity | dist from best mode
     | (kcal/mol) | rmsd l.b.| rmsd u.b.
-----+------------+----------+----------
   1       -7.225          0          0
   2       -7.033      16.25      18.37
   3       -6.664      16.06      18.09
   4         -6.5      16.77      18.79
   5       -6.496      2.968      6.392
   6       -6.292      16.18      18.45
   7       -6.111      17.76      19.45
   8        -6.02      18.03      19.66
   9       -5.928      17.32      19.26
Performing docking (random seed: -1309681367) ... 
0%   10   20   30   40   50   60   70   80   90   100%
|----|----|----|----|----|----|----|----|----|----|
*********************************
***********************done.
**************
mode |   affinity | dist from best mode
     | (kcal/mol) | rmsd l.b.| rmsd u.b.
-----+------------+----------+----------
   1        -4.82          0          0
   2       -4.441      2.555      4.399
   3       -4.356      2.939      4.757
   4       -4.342      1.894      2.112
   5       -4.313      3.627      6.716
   6       -4.288      3.472      7.393
   7       -4.265      3.483       6.86
   8       -4.158       2.77       3.98
   9       -4.156      5.458      8.042
Computing Vina grid ... ****************Performing docking (random seed: 292398001) ... 
0%   10   20   30   40   50   60   70   80   90   100%
|----|----|----|----|----|----|----|----|----|----|
************************************************************************
*done.
**************
mode |   affinity | dist from best mode
     | (kcal/mol) | rmsd l.b.| rmsd u.b.
-----+------------+----------+----------
   1       -7.902          0          0
   2       -7.353       3.27      5.633
   3       -7.033      4.513      7.127
   4       -7.014      4.566      6.957
   5       -6.684      10.79      13.51
   6       -6.581      10.34      12.58
   7       -6.521      11.45      13.81
   8       -6.486      11.54      14.47
   9         -6.4      11.47       13.8
Performing docking (random seed: -103348312) ... 
0%   10   20   30   40   50   60   70   80   90   100%
|----|----|----|----|----|----|----|----|----|----|
**********Performing docking (random seed: 191571736) ... 
0%   10   20   30   40   50   60   70   80   90   100%
|----|----|----|----|----|----|----|----|----|----|
**********************************************************************************************************************************************************************************************************
***************************************
mode |   affinity | dist from best mode
     | (kcal/mol) | rmsd l.b.| rmsd u.b.
-----+------------+----------+----------
   1       -4.981          0          0
   2       -4.814      10.94      12.32
   3        -4.81      3.109      4.154
   4       -4.553      3.098      5.493
   5       -4.488      1.646      1.996
   6       -4.473      3.001      4.395
   7        -4.44      2.599      3.158
   8       -4.314      2.952      4.519
   9       -4.301      3.432      4.447
Computing Vina grid ... ***************
**
*******************
mode |   affinity | dist from best mode
     | (kcal/mol) | rmsd l.b.| rmsd u.b.
-----+------------+----------+----------
   1       -5.134          0          0
   2       -4.937      2.339      4.637
   3       -4.783      9.938      11.34
   4       -4.667      8.797      11.17
   5       -4.663      1.844      2.824
   6       -4.609      4.581      6.457
   7       -4.608      2.483      4.808
   8       -4.507       2.91      4.022
   9       -4.501       4.98      7.544
Performing docking (random seed: 55804073) ... 
0%   10   20   30   40   50   60   70   80   90   100%
|----|----|----|----|----|----|----|----|----|----|
******
mode |   affinity | dist from best mode
     | (kcal/mol) | rmsd l.b.| rmsd u.b.
-----+------------+----------+----------
   1       -8.766          0          0
   2       -8.701      3.165      3.794
   3       -8.537      3.485      7.131
   4       -8.483      3.041      3.696
   5       -8.086      5.344       5.85
   6         -7.9      6.498      8.122
   7       -7.858      3.555      7.482
   8       -7.766      3.565      3.942
   9       -7.514      3.544      7.043
Performing docking (random seed: 1051732523) ... *
0%   10   20   30   40   50   60   70   80   90   100%
|----|----|----|----|----|----|----|----|----|----|
*************************************************
***
**done.
*******
********Performing docking (random seed: -1253994198) ... 
0%   10   20   30   40   50   60   70   80   90   100%
|----|----|----|----|----|----|----|----|----|----|
******
mode |   affinity | dist from best mode
     | (kcal/mol) | rmsd l.b.| rmsd u.b.
-----+------------+----------+----------
   1        -5.47          0          0
   2       -5.328      1.654      2.659
   3       -5.256      1.048      1.704
   4       -5.116      13.56      16.29
   5       -4.982      2.062      3.517
   6       -4.928      2.625      6.182
   7       -4.868      2.144      7.299
   8       -4.734      2.406      7.118
   9       -4.723      1.507      2.631
Performing docking (random seed: 921983583) ... 
0%   10   20   30   40   50   60   70   80   90   100%
|----|----|----|----|----|----|----|----|----|----|
**
mode |   affinity | dist from best mode
     | (kcal/mol) | rmsd l.b.| rmsd u.b.
-----+------------+----------+----------
   1       -5.294          0          0
   2       -5.104      2.108      4.636
   3       -5.056      1.855      2.879
   4       -4.917      2.626      4.697
   5       -4.836      2.946      4.077
   6       -4.684      3.035      5.416
   7       -4.487      2.287      3.582
   8       -4.318      2.196       4.38
   9       -4.291      2.887      4.348
Performing docking (random seed: -1892656599) ... 
0%   10   20   30   40   50   60   70   80   90   100%
|----|----|----|----|----|----|----|----|----|----|
****
mode |   affinity | dist from best mode
     | (kcal/mol) | rmsd l.b.| rmsd u.b.
-----+------------+----------+----------
   1       -7.914          0          0
   2       -6.855      5.765      8.866
   3       -6.753      1.727      6.302
   4       -6.667      1.729      6.255
   5       -6.551      5.792      8.147
   6       -6.115      3.432      7.552
   7       -5.729      3.895      5.494
   8        -5.57       7.75      10.66
   9       -5.367      2.667      4.905
Performing docking (random seed: 1371720972) ... 
0%   10   20   30   40   50   60   70   80   90   100%
|----|----|----|----|----|----|----|----|----|----|
***************************************************************
***
************
***
mode |   affinity | dist from best mode
     | (kcal/mol) | rmsd l.b.| rmsd u.b.
-----+------------+----------+----------
   1       -7.397          0          0
   2       -7.138      2.104      2.902
   3       -6.951      2.538      5.133
   4       -6.537      3.804      6.735
   5       -6.485      2.976      6.238
   6       -6.478      3.102      6.149
   7       -6.465      2.382      4.966
   8       -6.447      3.833      6.893
   9       -6.417      3.601      4.662
Performing docking (random seed: 994981459) ... 
0%   10   20   30   40   50   60   70   80   90   100%
|----|----|----|----|----|----|----|----|----|----|
*****
mode |   affinity | dist from best mode
     | (kcal/mol) | rmsd l.b.| rmsd u.b.
-----+------------+----------+----------
   1       -5.673          0          0
   2       -5.537      2.488       4.45
   3       -5.484      3.203      5.843
   4       -5.368      2.259      3.233
   5        -5.32      12.85      15.18
   6       -5.147      2.438      4.365
   7       -5.012      2.104      4.447
   8       -4.695       13.2      15.17
   9       -4.684      3.733      6.191
WARNING: Search space volume is greater than 27000 Angstrom^3 (See FAQ)
*******************
mode |   affinity | dist from best mode
     | (kcal/mol) | rmsd l.b.| rmsd u.b.
-----+------------+----------+----------
   1       -5.904          0          0
   2       -5.727      3.659      9.434
   3       -5.583      4.293      5.095
   4        -5.47      5.596      9.347
   5       -5.444      5.501      8.333
   6       -5.371      6.115      7.323
   7       -5.328      3.109      9.345
   8        -5.12      4.836      9.359
   9       -5.037      5.868       7.11
Computing Vina grid ... *********Computing Vina grid ... ****************************************************************************
****done.
*
********
mode |   affinity | dist from best mode
     | (kcal/mol) | rmsd l.b.| rmsd u.b.
-----+------------+----------+----------
   1       -5.345          0          0
   2       -5.209      3.776      5.526
   3       -5.184      2.585      3.501
   4       -5.069      1.982      3.869
   5        -4.99      2.922      5.688
   6       -4.925      3.204      4.869
   7       -4.799      2.976      3.872
   8       -4.614      10.25      12.01
   9       -4.365      3.084      4.809
Performing docking (random seed: 1269733240) ... 
0%   10   20   30   40   50   60   70   80   90   100%
|----|----|----|----|----|----|----|----|----|----|
**Performing docking (random seed: -1342249411) ... 
0%   10   20   30   40   50   60   70   80   90   100%
|----|----|----|----|----|----|----|----|----|----|
*****
mode |   affinity | dist from best mode
     | (kcal/mol) | rmsd l.b.| rmsd u.b.
-----+------------+----------+----------
   1       -5.816          0          0
   2       -5.603      3.023      4.377
   3       -5.391       11.2      14.58
   4       -5.347      3.894      6.885
   5       -5.233      13.68      15.49
   6       -5.224      11.55      14.64
   7       -5.128      11.55      14.03
   8       -5.014      8.001      10.83
   9       -4.938       11.9       14.4
Performing docking (random seed: 798308424) ... 
0%   10   20   30   40   50   60   70   80   90   100%
|----|----|----|----|----|----|----|----|----|----|
******************************************************************************************************************
*****************
mode |   affinity | dist from best mode
     | (kcal/mol) | rmsd l.b.| rmsd u.b.
-----+------------+----------+----------
   1       -7.003          0          0
   2       -6.716       1.59      5.972
   3       -6.571      1.513      1.797
   4       -6.432       1.64      2.888
   5       -6.325       2.23      6.368
   6       -6.277      4.465      6.954
   7       -6.127      3.661      7.698
   8       -6.054       11.9      14.34
   9       -5.982       2.31      2.797
Performing docking (random seed: 2074692977) ... 
0%   10   20   30   40   50   60   70   80   90   100%
|----|----|----|----|----|----|----|----|----|----|
*****************
*************
mode |   affinity | dist from best mode
     | (kcal/mol) | rmsd l.b.| rmsd u.b.
-----+------------+----------+----------
   1       -5.494          0          0
   2       -5.437      2.994      5.178
   3       -5.397      2.911      5.583
   4       -5.233      3.371      4.907
   5       -5.177      2.818        4.5
   6       -5.116      2.976      5.371
   7       -5.081      4.216      6.057
   8       -4.965      1.441      5.051
   9       -4.952      3.295      5.089
Performing docking (random seed: -675521268) ... 
0%   10   20   30   40   50   60   70   80   90   100%
|----|----|----|----|----|----|----|----|----|----|
**********
***************done.
*****
******
mode |   affinity | dist from best mode
     | (kcal/mol) | rmsd l.b.| rmsd u.b.
-----+------------+----------+----------
   1       -5.436          0          0
   2       -5.315      2.185      3.609
   3        -4.96      2.971      5.933
   4       -4.889      2.615      4.957
   5       -4.884       2.35       6.03
   6       -4.844      2.344      4.033
   7       -4.812        2.7      5.257
   8       -4.423      3.208      7.334
   9       -4.358      2.727      5.493
Performing docking (random seed: 616621711) ... 
0%   10   20   30   40   50   60   70   80   90   100%
|----|----|----|----|----|----|----|----|----|----|
*******Performing docking (random seed: -1928549521) ... 
0%   10   20   30   40   50   60   70   80   90   100%
|----|----|----|----|----|----|----|----|----|----|
***********************************************************
mode |   affinity | dist from best mode
     | (kcal/mol) | rmsd l.b.| rmsd u.b.
-----+------------+----------+----------
   1       -6.097          0          0
   2       -5.935      2.365      5.403
   3       -5.929      3.553      5.489
   4       -5.612      2.368      4.328
   5       -5.553      2.246      4.566
   6       -5.425      4.194      5.595
   7       -5.411      4.749      6.279
   8       -5.357      1.972      2.049
   9       -5.089      3.234      4.839
Performing docking (random seed: -103348312) ... 
0%   10   20   30   40   50   60   70   80   90   100%
|----|----|----|----|----|----|----|----|----|----|
*****************
*******
************************
mode |   affinity | dist from best mode
     | (kcal/mol) | rmsd l.b.| rmsd u.b.
-----+------------+----------+----------
   1       -5.868          0          0
   2        -5.76      2.614      4.703
   3       -5.638       2.93      4.601
   4       -5.433      3.509      6.632
   5        -5.33      2.594      6.023
   6       -5.241      2.645      4.863
   7       -5.174      3.046      7.603
   8       -5.121      2.421      4.577
   9        -5.09      1.933      6.267
Performing docking (random seed: 957015976) ... 
0%   10   20   30   40   50   60   70   80   90   100%
|----|----|----|----|----|----|----|----|----|----|
****
mode |   affinity | dist from best mode
     | (kcal/mol) | rmsd l.b.| rmsd u.b.
-----+------------+----------+----------
   1       -7.062          0          0
   2        -6.89      4.616      8.042
   3       -6.725      6.503      8.765
   4       -6.657      5.582      8.687
   5       -6.606      6.758      8.773
   6       -6.546      4.489      9.292
   7       -6.241      1.746      2.693
   8       -6.164      7.253      10.16
   9        -6.12        6.2      7.919
Performing docking (random seed: 120788704) ... 
0%   10   20   30   40   50   60   70   80   90   100%
|----|----|----|----|----|----|----|----|----|----|
**************************************************************
******************
mode |   affinity | dist from best mode
     | (kcal/mol) | rmsd l.b.| rmsd u.b.
-----+------------+----------+----------
   1       -4.818          0          0
   2       -4.722      2.592      3.816
   3       -4.667      13.58      14.89
   4        -4.27      3.202      4.718
   5       -4.192      2.494      3.271
   6       -4.108      12.93      13.44
   7       -4.072      2.733      3.202
   8       -4.058       13.9      15.16
   9       -4.003      2.409      3.777
Performing docking (random seed: 1269733240) ... 
0%   10   20   30   40   50   60   70   80   90   100%
|----|----|----|----|----|----|----|----|----|----|
****************************************************************************
*****************************************
****
mode |   affinity | dist from best mode
     | (kcal/mol) | rmsd l.b.| rmsd u.b.
-----+------------+----------+----------
   1       -5.998          0          0
   2       -5.734       4.89      9.881
   3       -5.444      5.037      8.267
   4       -5.413       5.03      8.129
   5       -5.326      6.691      8.172
   6       -5.214      4.645      10.21
   7       -5.106      5.928      10.08
   8       -4.852      6.409      7.914
   9       -4.639      4.498      5.424
Computing Vina grid ... **************
mode |   affinity | dist from best mode
     | (kcal/mol) | rmsd l.b.| rmsd u.b.
-----+------------+----------+----------
   1       -5.736          0          0
   2       -5.617      2.824      4.016
   3       -5.497        2.6      4.069
   4       -5.261      3.151      4.765
   5       -5.215      3.154       4.27
   6       -5.183       2.36      3.157
   7       -4.923      2.739      3.852
   8        -4.92      10.52      12.08
   9       -4.907      4.873      6.489
Performing docking (random seed: -675521268) ... 
0%   10   20   30   40   50   60   70   80   90   100%
|----|----|----|----|----|----|----|----|----|----|
*******************************************
*****************
*
mode |   affinity | dist from best mode
     | (kcal/mol) | rmsd l.b.| rmsd u.b.
-----+------------+----------+----------
   1       -6.115          0          0
   2       -6.112       3.34      5.559
   3       -6.009      1.513      2.042
   4       -5.992      2.477      5.501
   5       -5.845      4.818      7.192
   6       -5.773      4.845      6.801
   7       -5.749      4.824      6.942
   8       -5.508      4.234      6.383
   9       -5.466      2.593      5.513
Performing docking (random seed: 1227709433) ... 
0%   10   20   30   40   50   60   70   80   90   100%
|----|----|----|----|----|----|----|----|----|----|
*************************
mode |   affinity | dist from best mode
     | (kcal/mol) | rmsd l.b.| rmsd u.b.
-----+------------+----------+----------
   1       -6.276          0          0
   2       -5.681      2.051      2.167
   3       -5.628       1.74      8.593
   4       -5.286      3.341      5.081
   5       -5.231      3.143      4.667
   6       -5.135      2.542      3.049
   7       -5.111      3.523      8.439
   8       -5.076      2.386      8.291
   9       -5.019      10.67      13.07
Performing docking (random seed: -409640779) ... 
0%   10   20   30   40   50   60   70   80   90   100%
|----|----|----|----|----|----|----|----|----|----|
*****************************************************************done.
****************Performing docking (random seed: -901285743) ... 
0%   10   20   30   40   50   60   70   80   90   100%
|----|----|----|----|----|----|----|----|----|----|
***************************************************************************************************
*************
**********
mode |   affinity | dist from best mode
     | (kcal/mol) | rmsd l.b.| rmsd u.b.
-----+------------+----------+----------
   1       -8.415          0          0
   2        -8.34      2.448      3.854
   3       -8.289      2.756      4.127
   4       -8.207      1.548      2.131
   5       -8.199      2.543      3.442
   6       -8.004      1.578      1.934
   7       -7.924      3.344      6.991
   8       -7.829      1.995      2.414
   9       -7.822      2.931      3.972
Performing docking (random seed: 835696399) ... 
0%   10   20   30   40   50   60   70   80   90   100%
|----|----|----|----|----|----|----|----|----|----|
**************
*****
mode |   affinity | dist from best mode
     | (kcal/mol) | rmsd l.b.| rmsd u.b.
-----+------------+----------+----------
   1        -6.37          0          0
   2       -6.342      4.261      9.041
   3       -6.188      4.615      7.824
   4       -5.932      3.285      6.059
   5       -5.809      11.23      14.02
   6       -5.743      3.151      8.421
   7       -5.635      13.26      15.41
   8        -5.57      1.865      7.546
   9       -5.525      2.112      7.774
Performing docking (random seed: -1253994198) ... 
0%   10   20   30   40   50   60   70   80   90   100%
|----|----|----|----|----|----|----|----|----|----|
*******
*******************
mode |   affinity | dist from best mode
     | (kcal/mol) | rmsd l.b.| rmsd u.b.
-----+------------+----------+----------
   1       -5.975          0          0
   2       -5.264      4.986      7.081
   3       -5.256      6.119      8.291
   4       -5.073      5.727      10.51
   5       -5.066       4.27      8.794
   6       -4.883      4.585      6.021
   7       -4.875      2.518      3.183
   8       -4.873        5.6      9.894
   9        -4.74      5.606        8.7
Performing docking (random seed: -255461453) ... 
0%   10   20   30   40   50   60   70   80   90   100%
|----|----|----|----|----|----|----|----|----|----|
*********************
mode |   affinity | dist from best mode
     | (kcal/mol) | rmsd l.b.| rmsd u.b.
-----+------------+----------+----------
   1       -6.511          0          0
   2       -6.477      2.676      8.187
   3       -6.476      3.561      8.128
   4       -6.393      2.176      7.672
   5       -6.242      2.595      7.265
   6       -6.235      3.653      5.188
   7       -6.191      2.516      8.239
   8       -6.097      3.551      5.044
   9       -6.087      1.406      2.468
Computing Vina grid ... *************************************
********************done.
*************
mode |   affinity | dist from best mode
     | (kcal/mol) | rmsd l.b.| rmsd u.b.
-----+------------+----------+----------
   1       -6.117          0          0
   2       -5.978      1.799      7.581
   3       -5.469      1.953      7.276
   4        -5.42      3.368      4.137
   5       -5.419      1.514      2.068
   6       -5.111      1.595      2.205
   7       -4.985      6.316      9.483
   8       -4.843      1.478      1.943
   9       -4.796      7.212      8.874
Performing docking (random seed: -1857518631) ... 
0%   10   20   30   40   50   60   70   80   90   100%
|----|----|----|----|----|----|----|----|----|----|
*****Performing docking (random seed: -1408186450) ... 
0%   10   20   30   40   50   60   70   80   90   100%
|----|----|----|----|----|----|----|----|----|----|
*******************************
************************************************
mode |   affinity | dist from best mode
     | (kcal/mol) | rmsd l.b.| rmsd u.b.
-----+------------+----------+----------
   1       -6.613          0          0
   2       -6.559      2.425      6.079
   3       -6.492      2.422      4.625
   4       -6.266      2.913      6.172
   5       -6.149      2.502      7.363
   6       -5.977      2.879      5.228
   7       -5.338      2.102      4.397
   8       -5.025      2.727       5.19
   9       -4.952      2.185      6.362
Computing Vina grid ... ****************************************
**************************
***************
mode |   affinity | dist from best mode
     | (kcal/mol) | rmsd l.b.| rmsd u.b.
-----+------------+----------+----------
   1       -7.401          0          0
   2       -7.218      2.945       4.28
   3       -7.113     0.9659      2.163
   4       -7.023      1.694       7.61
   5       -6.927      1.792      7.481
   6        -6.83      2.122      7.705
   7       -6.441      1.561      2.057
   8       -6.397      1.503      2.253
   9       -6.288      2.639      3.755
Performing docking (random seed: -1342249411) ... 
0%   10   20   30   40   50   60   70   80   90   100%
|----|----|----|----|----|----|----|----|----|----|
************done.
****
mode |   affinity | dist from best mode
     | (kcal/mol) | rmsd l.b.| rmsd u.b.
-----+------------+----------+----------
   1       -6.499          0          0
   2       -6.436      4.272      9.691
   3       -6.322      1.305      1.719
   4       -6.189      16.79       18.4
   5       -6.023      4.479      9.883
   6       -5.976      16.23      18.03
   7       -5.785      4.467      9.687
   8       -5.751      15.46      16.64
   9       -5.749      1.623      2.312
Performing docking (random seed: -1402575187) ... 
0%   10   20   30   40   50   60   70   80   90   100%
|----|----|----|----|----|----|----|----|----|----|
************Performing docking (random seed: 1671277475) ... 
0%   10   20   30   40   50   60   70   80   90   100%
|----|----|----|----|----|----|----|----|----|----|
*************
*********************************
mode |   affinity | dist from best mode
     | (kcal/mol) | rmsd l.b.| rmsd u.b.
-----+------------+----------+----------
   1       -6.516          0          0
   2       -6.399      2.264      8.272
   3       -6.227      2.295      8.621
   4       -6.159      1.769      2.723
   5       -6.082      5.483      9.024
   6           -6      5.167       7.49
   7         -5.9      1.991      2.706
   8       -5.888      4.226      5.905
   9       -5.867      5.056      7.154
Performing docking (random seed: -513171905) ... 
0%   10   20   30   40   50   60   70   80   90   100%
|----|----|----|----|----|----|----|----|----|----|
********************************
**************************
***************
****
mode |   affinity | dist from best mode
     | (kcal/mol) | rmsd l.b.| rmsd u.b.
-----+------------+----------+----------
   1       -8.358          0          0
   2       -7.679       2.24      7.693
   3       -7.622       2.77      7.654
   4       -7.593      8.323      10.08
   5       -7.578      12.31      14.98
   6       -7.329      3.271      7.473
   7       -7.311      7.262      11.62
   8       -7.287      16.94      18.93
   9       -7.218      1.926      2.613
Performing docking (random seed: -1928549521) ... 
0%   10   20   30   40   50   60   70   80   90   100%
|----|----|----|----|----|----|----|----|----|----|
******************

mode |   affinity | dist from best mode
     | (kcal/mol) | rmsd l.b.| rmsd u.b.
-----+------------+----------+----------
   1       -7.928          0          0
   2       -7.746      2.858      4.955
   3       -7.652      1.521      5.821
   4       -7.649      3.636       5.94
   5       -7.606      3.664      5.509
   6        -7.58      2.202       5.76
   7       -7.475      3.187      5.207
   8       -7.442      3.032      4.315
   9       -7.352      1.624      3.029
Performing docking (random seed: 994981459) ... 
0%   10   20   30   40   50   60   70   80   90   100%
|----|----|----|----|----|----|----|----|----|----|
**
mode |   affinity | dist from best mode
     | (kcal/mol) | rmsd l.b.| rmsd u.b.
-----+------------+----------+----------
   1        -7.02          0          0
   2       -6.709      2.987      5.658
   3       -6.428      2.124      3.534
   4       -6.398      1.856      3.246
   5       -6.304      18.25      20.52
   6       -6.263      2.191      8.214
   7       -5.915      18.14      20.69
   8       -5.909      18.09      20.57
   9       -5.837      18.29      20.55
Performing docking (random seed: -1670997518) ... 
0%   10   20   30   40   50   60   70   80   90   100%
|----|----|----|----|----|----|----|----|----|----|
*******
********************************
mode |   affinity | dist from best mode
     | (kcal/mol) | rmsd l.b.| rmsd u.b.
-----+------------+----------+----------
   1        -7.33          0          0
   2        -7.26      1.411      2.205
   3        -7.08      1.776      4.198
   4       -7.059        1.5      2.291
   5       -6.971      1.707      2.645
   6       -6.922      1.336      3.905
   7       -6.904      1.741       3.88
   8       -6.617      2.389      4.599
   9       -6.392      1.845      3.081
Performing docking (random seed: 835696399) ... 
0%   10   20   30   40   50   60   70   80   90   100%
|----|----|----|----|----|----|----|----|----|----|
***
mode |   affinity | dist from best mode
     | (kcal/mol) | rmsd l.b.| rmsd u.b.
-----+------------+----------+----------
   1       -6.178          0          0
   2       -5.944      4.041      7.733
   3       -5.599      1.629      2.223
   4       -5.506      4.025      7.953
   5        -5.49      3.538      6.435
   6       -5.309      2.873      4.879
   7       -5.288      3.858      8.807
   8       -5.144      2.488      4.952
   9       -5.053      2.765      3.377
Computing Vina grid ... ****************
***********************
mode |   affinity | dist from best mode
     | (kcal/mol) | rmsd l.b.| rmsd u.b.
-----+------------+----------+----------
   1       -2.944          0          0
   2       0.9426      2.761      6.783
   3        1.463      3.593      7.945
   4        6.934      2.213       6.33
   5        7.185      2.288      3.117
   6        8.537      2.871      5.173
   7         13.9      2.022      2.428
   8        233.4       4.07      7.523
   9        264.4      16.03      19.12
Performing docking (random seed: 87025394) ... 
0%   10   20   30   40   50   60   70   80   90   100%
|----|----|----|----|----|----|----|----|----|----|
************************************************************
*********************done.
***
**
***********Performing docking (random seed: -123649175) ... 
0%   10   20   30   40   50   60   70   80   90   100%
|----|----|----|----|----|----|----|----|----|----|
*****
mode |   affinity | dist from best mode
     | (kcal/mol) | rmsd l.b.| rmsd u.b.
-----+------------+----------+----------
   1       -7.013          0          0
   2       -6.744      3.847      5.801
   3       -6.538      1.215      2.584
   4       -6.361      3.138      5.621
   5       -6.344      1.952       6.48
   6       -6.335      1.825      5.925
   7       -6.067      3.072      5.557
   8       -5.994      3.447      5.601
   9       -5.894      1.823       6.09
Performing docking (random seed: 120788704) ... 
0%   10   20   30   40   50   60   70   80   90   100%
|----|----|----|----|----|----|----|----|----|----|
****
**
mode |   affinity | dist from best mode
     | (kcal/mol) | rmsd l.b.| rmsd u.b.
-----+------------+----------+----------
   1       -5.028          0          0
   2       -4.688       4.35      7.904
   3       -4.622      19.85      21.33
   4       -4.552      2.715      3.819
   5       -4.467      3.008      4.458
   6       -4.383       20.5      21.22
   7       -4.313      20.27      21.64
   8       -4.208      4.143      7.097
   9        12.63      4.024       6.81
Computing Vina grid ... **
mode |   affinity | dist from best mode
     | (kcal/mol) | rmsd l.b.| rmsd u.b.
-----+------------+----------+----------
   1       -5.423          0          0
   2       -5.404      2.326      5.993
   3         -5.2      4.007      5.469
   4       -5.136      4.575       8.23
   5       -5.083      3.231      5.228
   6       -5.043      3.318      6.059
   7       -4.947      2.669      3.726
   8        -4.66      3.305      6.953
   9       -4.548      3.107      4.826
Performing docking (random seed: 721076527) ... 
0%   10   20   30   40   50   60   70   80   90   100%
|----|----|----|----|----|----|----|----|----|----|
***************
mode |   affinity | dist from best mode
     | (kcal/mol) | rmsd l.b.| rmsd u.b.
-----+------------+----------+----------
   1       -7.705          0          0
   2        -7.58      3.155      7.007
   3       -7.457      2.557      3.683
   4       -7.343      2.752      5.229
   5       -7.155      5.356      9.228
   6       -7.013      3.513      7.099
   7       -6.889      3.062      5.386
   8       -6.871      2.825      7.654
   9       -6.681      3.283      4.804
Performing docking (random seed: 292398001) ... 
0%   10   20   30   40   50   60   70   80   90   100%
|----|----|----|----|----|----|----|----|----|----|
****
************
mode |   affinity | dist from best mode
     | (kcal/mol) | rmsd l.b.| rmsd u.b.
-----+------------+----------+----------
   1       -4.727          0          0
   2       -4.722      2.255      4.428
   3       -4.551      1.391       1.98
   4       -4.499      2.392      4.104
   5       -4.457      2.142      2.409
   6       -4.405      2.864      5.247
   7       -4.359      2.433      4.572
   8        -4.17      2.472      4.319
   9       -4.015      1.709      2.365
Performing docking (random seed: 798308424) ... 
0%   10   20   30   40   50   60   70   80   90   100%
|----|----|----|----|----|----|----|----|----|----|
********************************
**************
mode |   affinity | dist from best mode
     | (kcal/mol) | rmsd l.b.| rmsd u.b.
-----+------------+----------+----------
   1       -6.133          0          0
   2       -5.934      11.48      12.48
   3       -5.831      2.636      4.417
   4       -5.378      1.393      5.878
   5       -5.368      11.68      12.68
   6       -5.328      12.15      13.27
   7       -5.139      2.384      6.031
   8       -5.081      9.409      11.82
   9       -4.995      3.424      5.141
Performing docking (random seed: 1269733240) ... 
0%   10   20   30   40   50   60   70   80   90   100%
|----|----|----|----|----|----|----|----|----|----|
**************************************done.
*******
*******
**
mode |   affinity | dist from best mode
     | (kcal/mol) | rmsd l.b.| rmsd u.b.
-----+------------+----------+----------
   1       -6.688          0          0
   2       -6.605      4.199      8.783
   3       -6.475      4.037      8.242
   4       -6.443      1.839      2.267
   5       -6.383      3.795      8.197
   6       -6.169      4.361      8.515
   7       -6.147      2.159      3.029
   8       -6.109      5.774      7.982
   9       -5.958      2.242      2.985
Performing docking (random seed: 2074692977) ... 
0%   10   20   30   40   50   60   70   80   90   100%
|----|----|----|----|----|----|----|----|----|----|
*Performing docking (random seed: 38165548) ... 
0%   10   20   30   40   50   60   70   80   90   100%
|----|----|----|----|----|----|----|----|----|----|
**************
******
mode |   affinity | dist from best mode
     | (kcal/mol) | rmsd l.b.| rmsd u.b.
-----+------------+----------+----------
   1       -4.892          0          0
   2       -4.787      2.893      6.452
   3       -4.772      1.804      6.051
   4        -4.73      2.414      4.483
   5       -4.719      3.674      7.886
   6       -4.573      4.187      6.055
   7       -4.505      3.465      6.049
   8       -4.471      1.908      2.382
   9       -4.444      4.278      6.055
Performing docking (random seed: -283079679) ... 
0%   10   20   30   40   50   60   70   80   90   100%
|----|----|----|----|----|----|----|----|----|----|
**********
*
mode |   affinity | dist from best mode
     | (kcal/mol) | rmsd l.b.| rmsd u.b.
-----+------------+----------+----------
   1       -9.701          0          0
   2       -9.644       3.15      6.697
   3        -9.33      2.987      6.416
   4       -9.224      3.197      6.699
   5       -9.024      1.862      2.736
   6       -8.986      2.446      4.171
   7       -8.953      2.152      3.431
   8       -8.743      2.836      6.506
   9        -8.48      2.544      4.043
Performing docking (random seed: 1051732523) ... *
0%   10   20   30   40   50   60   70   80   90   100%
|----|----|----|----|----|----|----|----|----|----|
*****************
mode |   affinity | dist from best mode
     | (kcal/mol) | rmsd l.b.| rmsd u.b.
-----+------------+----------+----------
   1       -8.064          0          0
   2       -7.546      1.694      6.013
   3       -7.526       1.66      6.014
   4       -7.121      1.551      6.275
   5       -7.081      2.161      3.347
   6       -6.886      1.603       2.97
   7       -6.071      6.839      8.788
   8       -5.819      2.466      4.053
   9       -5.669      3.684      8.158
Performing docking (random seed: -675521268) ... 
0%   10   20   30   40   50   60   70   80   90   100%
|----|----|----|----|----|----|----|----|----|----|
***************************************
*****
*************
mode |   affinity | dist from best mode
     | (kcal/mol) | rmsd l.b.| rmsd u.b.
-----+------------+----------+----------
   1       -6.919          0          0
   2       -6.827      3.689      6.877
   3       -6.745      1.831      2.215
   4        -6.73       2.38      3.657
   5       -6.516      1.835      2.654
   6       -6.411      1.676      2.145
   7       -6.355      4.765      7.213
   8       -6.315      4.962      7.253
   9       -6.201      5.175      6.675
Performing docking (random seed: 1371720972) ... *
0%   10   20   30   40   50   60   70   80   90   100%
|----|----|----|----|----|----|----|----|----|----|
**
*
*****
*****
mode |   affinity | dist from best mode
     | (kcal/mol) | rmsd l.b.| rmsd u.b.
-----+------------+----------+----------
   1        -6.18          0          0
   2       -6.167      3.963      5.856
   3       -6.057      2.052      3.251
   4       -6.026      2.059      2.907
   5       -5.959       1.86      6.292
   6       -5.841      2.083      6.321
   7       -5.749      3.668      5.786
   8       -5.665      2.617      6.857
   9       -5.639      4.251      6.387
Performing docking (random seed: 1227709433) ... 
0%   10   20   30   40   50   60   70   80   90   100%
|----|----|----|----|----|----|----|----|----|----|
************************

mode |   affinity | dist from best mode
     | (kcal/mol) | rmsd l.b.| rmsd u.b.
-----+------------+----------+----------
   1       -6.037          0          0
   2       -6.025      2.717      7.137
   3       -5.353      2.569      8.025
   4       -5.327      4.288       7.34
   5       -5.018      3.019      7.462
   6       -4.928      4.048      8.191
   7       -4.857      8.497      12.73
   8       -4.764      22.21      24.48
   9       -3.006      2.959      7.578
Performing docking (random seed: 413008209) ... 
0%   10   20   30   40   50   60   70   80   90   100%
|----|----|----|----|----|----|----|----|----|----|
****
mode |   affinity | dist from best mode
     | (kcal/mol) | rmsd l.b.| rmsd u.b.
-----+------------+----------+----------
   1       -6.219          0          0
   2       -6.154      1.067      2.166
   3       -6.091      1.984      2.556
   4       -6.018      3.132      6.984
   5       -5.872      2.074      3.143
   6       -5.667       3.66       7.77
   7       -5.585       3.38      7.119
   8       -5.549      2.108      3.019
   9       -5.527      3.277      6.783
Computing Vina grid ... ******
mode |   affinity | dist from best mode
     | (kcal/mol) | rmsd l.b.| rmsd u.b.
-----+------------+----------+----------
   1       -6.456          0          0
   2       -5.276      3.016      9.916
   3       -4.989      2.644      4.291
   4       -4.951      17.95      20.22
   5        -4.81      18.03      22.18
   6       -4.765      18.16      19.67
   7       -4.761      18.48      19.27
   8       -4.761      18.16      19.13
   9       -4.418      18.29      18.92
Computing Vina grid ... ***************
mode |   affinity | dist from best mode
     | (kcal/mol) | rmsd l.b.| rmsd u.b.
-----+------------+----------+----------
   1       -5.881          0          0
   2       -5.518      4.192      7.348
   3       -5.252      3.753      5.269
   4       -5.182      2.804      6.309
   5       -5.145      3.921       6.52
   6       -5.123      2.631      3.385
   7         -5.1      3.974      7.516
   8       -5.097      1.946      6.384
   9       -5.052      1.708      2.822
Performing docking (random seed: 191571736) ... 
0%   10   20   30   40   50   60   70   80   90   100%
|----|----|----|----|----|----|----|----|----|----|
************************************
******************************************
mode |   affinity | dist from best mode
     | (kcal/mol) | rmsd l.b.| rmsd u.b.
-----+------------+----------+----------
   1       -4.536          0          0
   2       -4.512      1.944      6.117
   3       -4.484      2.872      7.642
   4       -4.328      1.919      2.781
   5       -4.226      2.683      4.891
   6       -4.225       2.19      3.448
   7       -4.203      2.308      3.852
   8       -4.199      4.259      6.811
   9       -4.059      10.74      14.51
Computing Vina grid ... *done.
***************************Performing docking (random seed: -377601200) ... 
0%   10   20   30   40   50   60   70   80   90   100%
|----|----|----|----|----|----|----|----|----|----|
**************************************done.
******************Performing docking (random seed: 313720307) ... 
0%   10   20   30   40   50   60   70   80   90   100%
|----|----|----|----|----|----|----|----|----|----|
***
***********************
mode |   affinity | dist from best mode
     | (kcal/mol) | rmsd l.b.| rmsd u.b.
-----+------------+----------+----------
   1        -7.42          0          0
   2       -6.242      2.496      6.378
   3       -6.054      11.09       13.2
   4        -5.99      11.35      13.72
   5       -5.814      13.27      15.14
   6       -5.738      2.722      5.976
   7       -5.691      13.69      15.31
   8        -5.61      4.485      6.301
   9       -5.535      12.87      15.22
Performing docking (random seed: 250187046) ... 
0%   10   20   30   40   50   60   70   80   90   100%
|----|----|----|----|----|----|----|----|----|----|
*****done.
***************Performing docking (random seed: 1210831675) ... 
0%   10   20   30   40   50   60   70   80   90   100%
|----|----|----|----|----|----|----|----|----|----|
*****************************************************************************************
**************************
mode |   affinity | dist from best mode
     | (kcal/mol) | rmsd l.b.| rmsd u.b.
-----+------------+----------+----------
   1       -4.714          0          0
   2       -4.686      2.671      4.929
   3       -4.617      2.435      4.909
   4       -4.593      1.821      2.589
   5       -4.573       1.39      2.112
   6       -4.559      4.341      7.027
   7       -4.557      6.409      8.161
   8       -4.476      2.977      4.483
   9       -4.465      3.406      6.515
Performing docking (random seed: 770494302) ... *
0%   10   20   30   40   50   60   70   80   90   100%
|----|----|----|----|----|----|----|----|----|----|
*****************************************************************************************************************************
*
********
mode |   affinity | dist from best mode
     | (kcal/mol) | rmsd l.b.| rmsd u.b.
-----+------------+----------+----------
   1       -6.085          0          0
   2       -6.068      4.009      7.462
   3       -6.056       10.1       13.9
   4       -5.907      11.76      14.25
   5       -5.694      3.118      4.362
   6        -5.59       4.14      6.577
   7       -5.467      11.33      14.24
   8       -5.408      5.234      9.166
   9       -5.356      5.125      7.986
Performing docking (random seed: 957015976) ... 
0%   10   20   30   40   50   60   70   80   90   100%
|----|----|----|----|----|----|----|----|----|----|
******************************
mode |   affinity | dist from best mode
     | (kcal/mol) | rmsd l.b.| rmsd u.b.
-----+------------+----------+----------
   1       -5.642          0          0
   2       -5.629      4.001      6.418
   3       -5.402      1.998      3.524
   4       -5.354      4.364      6.982
   5       -5.269      8.582      9.962
   6       -5.249      5.025      6.612
   7       -5.153      8.697      10.01
   8       -5.129      7.874      9.747
   9       -4.859      5.112      7.317
Performing docking (random seed: 1371720972) ... *
0%   10   20   30   40   50   60   70   80   90   100%
|----|----|----|----|----|----|----|----|----|----|
*****************************************************************************************************************************
************************
mode |   affinity | dist from best mode
     | (kcal/mol) | rmsd l.b.| rmsd u.b.
-----+------------+----------+----------
   1       -6.525          0          0
   2       -6.518      4.613      7.008
   3       -6.304       2.32      6.386
   4       -6.267      6.023      7.408
   5       -6.128      1.805      6.524
   6       -6.093      3.617      6.995
   7       -5.826      3.539      5.927
   8       -5.526       1.91      2.064
   9       -5.411      2.636      6.823
Performing docking (random seed: 1051732523) ... 
0%   10   20   30   40   50   60   70   80   90   100%
|----|----|----|----|----|----|----|----|----|----|
**************************************************************************************************
******************************
mode |   affinity | dist from best mode
     | (kcal/mol) | rmsd l.b.| rmsd u.b.
-----+------------+----------+----------
   1       -5.185          0          0
   2       -4.989      1.391      6.315
   3       -4.941      3.512      5.567
   4       -4.919      10.13       11.3
   5       -4.909      2.462      4.722
   6       -4.885      1.622      2.159
   7       -4.756      1.518      2.507
   8       -4.588      2.283      6.759
   9       -4.484      11.62      13.27
Performing docking (random seed: 2074692977) ... 
0%   10   20   30   40   50   60   70   80   90   100%
|----|----|----|----|----|----|----|----|----|----|
**********************************************************************
*
***********
mode |   affinity | dist from best mode
     | (kcal/mol) | rmsd l.b.| rmsd u.b.
-----+------------+----------+----------
   1       -7.519          0          0
   2       -7.403      2.656      4.431
   3       -7.207      3.549      6.901
   4        -7.04        2.6      3.772
   5       -7.038      4.123      7.295
   6       -6.901      6.613      8.606
   7       -6.857      3.824       6.62
   8       -6.706      4.658      6.215
   9       -6.444      5.839      7.622
Performing docking (random seed: -901285743) ... 
0%   10   20   30   40   50   60   70   80   90   100%
|----|----|----|----|----|----|----|----|----|----|
***
mode |   affinity | dist from best mode
     | (kcal/mol) | rmsd l.b.| rmsd u.b.
-----+------------+----------+----------
   1       -4.481          0          0
   2       -4.418      1.511      2.033
   3       -4.301      2.575      6.958
   4       -4.203      3.559      5.358
   5       -4.186      1.879      6.141
   6       -4.153      3.555      7.783
   7       -4.123       3.04      6.199
   8       -4.111      3.314      7.227
   9       -4.024      5.941      9.638
Performing docking (random seed: 921983583) ... 
0%   10   20   30   40   50   60   70   80   90   100%
|----|----|----|----|----|----|----|----|----|----|
*********************************************************************************************************************************************************************************************************
*************************
mode |   affinity | dist from best mode
     | (kcal/mol) | rmsd l.b.| rmsd u.b.
-----+------------+----------+----------
   1       -7.107          0          0
   2       -6.828      1.342      3.194
   3       -6.725      5.997      8.955
   4       -6.553      3.775      6.195
   5        -6.55      3.878      6.123
   6       -6.504      6.177      9.548
   7       -6.195       6.72      10.06
   8       -6.097      3.852      6.126
   9       -6.043      7.276      10.91
Performing docking (random seed: -1892656599) ... 
0%   10   20   30   40   50   60   70   80   90   100%
|----|----|----|----|----|----|----|----|----|----|
*****************************
****************
mode |   affinity | dist from best mode
     | (kcal/mol) | rmsd l.b.| rmsd u.b.
-----+------------+----------+----------
   1       -4.874          0          0
   2       -4.731      2.554      4.115
   3       -4.679      14.49      17.06
   4       -4.674      2.248      2.873
   5       -4.431      3.727      7.561
   6       -4.414      4.204      6.874
   7        -4.37      1.408      1.548
   8       -4.057      1.454      2.542
   9       -4.053      5.221      8.684
Performing docking (random seed: 616621711) ... 
0%   10   20   30   40   50   60   70   80   90   100%
|----|----|----|----|----|----|----|----|----|----|
****************
*************************************
mode |   affinity | dist from best mode
     | (kcal/mol) | rmsd l.b.| rmsd u.b.
-----+------------+----------+----------
   1       -7.343          0          0
   2       -6.932      5.888      10.06
   3        -6.78      6.204      9.968
   4       -6.757      3.727      7.984
   5        -6.48      3.958      5.255
   6       -6.331      2.624       2.84
   7       -6.324      5.401      9.501
   8       -6.243      5.287      6.584
   9        -6.12      5.979       9.11
Performing docking (random seed: 120788704) ... 
0%   10   20   30   40   50   60   70   80   90   100%
|----|----|----|----|----|----|----|----|----|----|
******************************************************************************************************************************************************************************************************
***************************
**********
********
